listing_id,listing_type,cim_teljes,varosresz,price_huf,ar_millio_ft,ar_ezer_ft_ho,nm_ar_huf,log_ar,log_nm_ar,is_ar_outlier,alapterulet_nm,korrigalt_alapterulet_nm,szobaszam_osszes,allapot_kod,is_felujitando,is_ujszeru_vagy_uj,is_panel,is_tegla,has_lift,has_klima,has_erkely,is_foldszint,is_zaroszint,epulet_kora_ev,geokodolt_lat,geokodolt_lon,minta_garantalt_pontos,tavolsag_vasut_m,vasut_zona,is_vasut_immisszio_150m,tavolsag_vasut_halozati_m,menetido_vasut_gyalog_perc,vasut_5p_seta,vasut_10p_seta,vasut_15p_seta,url,title,postal_code,varos,utca,hazszam_vegleges,allapot,ingatlan_altipus,epites_eve,epites_eve_kategoria,erkely_nm,szobaszam_egesz,szobaszam_fel,szobaszam_kategoria,atlagos_szobameret_nm,emelet,emelet_szam,epulet_szintjei_szam,is_magas_emelet_lift_nelkul,futes,futes_kategoria,has_tavfutes,has_konvektor,has_megujulo,has_garazs_vagy_beallo,energetikai_tanusitvany,butorozott,koltozheto,min_berleti_ido,kertkapcsolatos,kozos_koltseg_huf,rezsikoltseg_huf,hirdeto_tipus,iroda_neve,leiras_hossz,fenykepek_szama,geokodolas_modszere,geokodolas_pontossag,price_eur,nm_ar_eur,kozos_koltseg_eur,rezsikoltseg_eur,kaucio_eur,tavolsag_metro_halozati_m,metro_5p_seta,metro_10p_seta,metro_15p_seta,tavolsag_villamos_halozati_m,villamos_5p_seta,villamos_10p_seta,villamos_15p_seta,tavolsag_busz_halozati_m,busz_5p_seta,busz_10p_seta,tavolsag_kotottpalya_halozati_m,kotottpalya_5p_seta,kotottpalya_10p_seta,kotottpalya_15p_seta,tavolsag_park_halozati_m,park_5p_seta,park_10p_seta,park_15p_seta,poi_5p_count,poi_10p_count,poi_15p_count,tavolsag_iskola_halozati_m,iskola_5p_seta,iskola_10p_seta,iskola_15p_seta,tavolsag_ovoda_halozati_m,ovoda_5p_seta,ovoda_10p_seta,ovoda_15p_seta,tavolsag_bolt_halozati_m,bolt_5p_seta,bolt_10p_seta,bolt_15p_seta,tavolsag_gyogyszertar_halozati_m,gyogyszertar_5p_seta,gyogyszertar_10p_seta,gyogyszertar_15p_seta,tavolsag_orvos_halozati_m,orvos_5p_seta,orvos_10p_seta,orvos_15p_seta,legkozelebbi_vasut,legkozelebbi_metro,legkozelebbi_villamos,legkozelebbi_busz,legkozelebbi_park,legkozelebbi_kotottpalya_tipus
32387225,elado,"Budapest X. kerület, Szövőszék utca",Újhegy,54900000.0,54.9,54900.0,1098000.0,17.82102390647976,13.909000901051613,0,50.0,51.0,2.0,1,1,0,1,0,1,0,1,0,0,,47.470857,19.1611314,0,980.9,500-1000 m,0,,,0,0,0,https://ingatlan.com/32387225,"Eladó panel lakás - Budapest X. kerület, Szövőszék utca #32387225",1108,Budapest,Szövőszék utca,,felújítandó,Panel lakás,,Ismeretlen,2.0,2.0,0.0,2 szoba,25.0,9,9.0,10.0,0,távfűtés,,1,0,0,0,nincs megadva,,,,nincs megadva,,,Ingatlaniroda,,300.0,4.0,,,,,,,,,0,0,0,,0,0,0,,0,0,,0,0,0,,0,0,0,,,,,0,0,0,,0,0,0,,0,0,0,,0,0,0,,0,0,0,,,,,,
33203915,elado,"Budapest X. kerület, Nyerő utca 7.",Laposdűlő,67900000.0,67.9,67900.0,1060937.5,18.033546592528925,13.874663509169253,0,64.0,64.0,3.0,3,0,0,0,1,0,0,0,0,1,96.0,47.486499,19.12325,1,77.4,<150 m,1,640.0,8.5,0,1,1,https://ingatlan.com/33203915,"Eladó tégla lakás - Budapest X. kerület, Nyerő utca 7. #33203915",1101,Budapest,Nyerő utca,7,jó állapotú,Tégla lakás,1930.0,60+ év (háború előtti),0.0,3.0,0.0,3 szoba,21.333333333333332,2,2.0,2.0,0,gázkazán,,0,1,0,0,nincs megadva,,,,nem,20000.0,17000.0,Ingatlaniroda,,907.0,2.0,,,,,,,,,0,0,0,469.9,0,1,1,218.4,1,1,469.9,0,1,1,356.6,1,1,1,4.0,31.0,92.0,484.5,0,1,1,814.6,0,0,1,104.2,1,1,1,480.9,0,1,1,2014.7,0,0,0,Kőbánya alsó,,Mázsa utca,Kistorony park,Hargitai sétányi park,villamos
33365461,elado,"Budapest X. kerület, Maláta köz",Óhegy,119000000.0,119.0,119000.0,1252631.5789473683,18.594634051075804,14.040757159475262,0,95.0,138.0,4.0,5,0,1,0,1,1,1,1,0,1,21.0,47.4904587,19.139691,0,195.8,150-300 m,0,,,0,0,0,https://ingatlan.com/33365461,"Eladó tégla lakás - Budapest X. kerület, Maláta köz #33365461",1105,Budapest,Maláta köz,,újszerű,Tégla lakás,2005.0,10-30 év (rendszerváltás utáni),86.0,4.0,0.0,4+ szoba,23.75,5,5.0,5.0,0,házközponti egyedi méréssel,,0,0,0,0,nincs megadva,,,,igen,40000.0,,Ingatlaniroda,,1380.0,4.0,,,,,,,,,0,0,0,,0,0,0,,0,0,,0,0,0,,0,0,0,,,,,0,0,0,,0,0,0,,0,0,0,,0,0,0,,0,0,0,,,,,,
33434706,elado,"Budapest X. kerület, Hungária körút",Laposdűlő,89000000.0,89.0,89000.0,1534482.7586206896,18.304146927696415,14.243703917149995,0,58.0,59.0,3.0,4,0,0,0,1,0,1,1,0,1,58.0,47.5120385,19.0980307,0,121.4,<150 m,1,,,0,0,0,https://ingatlan.com/33434706,"Eladó tégla lakás - Budapest X. kerület, Hungária körút #33434706",1101,Budapest,Hungária körút,,felújított,Tégla lakás,1968.0,30-60 év (panel-korszak),2.0,3.0,0.0,3 szoba,19.333333333333332,3,3.0,3.0,0,"gáz (konvektor), hűtő-fűtő klíma",,0,1,0,0,F,,,,nincs megadva,23000.0,15000.0,Ingatlaniroda,,1177.0,4.0,,,,,,,,,0,0,0,,0,0,0,,0,0,,0,0,0,,0,0,0,,,,,0,0,0,,0,0,0,,0,0,0,,0,0,0,,0,0,0,,,,,,
33805283,elado,"Budapest X. kerület, Tárna utca",Gyárdűlő,23790000.0,23.79,23790.0,849642.8571428572,16.98477588227914,13.652571372103937,0,28.0,28.0,1.0,4,0,0,0,1,1,0,0,0,0,96.0,47.4869075,19.1637693,0,12.6,<150 m,1,,,0,0,0,https://ingatlan.com/33805283,"Eladó tégla lakás - Budapest X. kerület, Tárna utca #33805283",1106,Budapest,Tárna utca,,felújított,Tégla lakás,1930.0,60+ év (háború előtti),0.0,1.0,0.0,1 szoba,28.0,1,1.0,4.0,0,elektromos fűtőpanel,,0,0,0,0,nincs megadva,,,,nem,14000.0,,Ingatlaniroda,,1255.0,4.0,,,,,,,,,0,0,0,,0,0,0,,0,0,,0,0,0,,0,0,0,,,,,0,0,0,,0,0,0,,0,0,0,,0,0,0,,0,0,0,,,,,,
33939524,elado,"Budapest X. kerület, Hős utca 15/A.",Laposdűlő,35900000.0,35.9,35900.0,1436000.0,17.396247853458508,14.177372028590307,0,25.0,25.0,1.0,1,1,0,0,1,0,0,0,0,0,,47.496903,19.114106,1,171.5,150-300 m,0,2018.4,26.9,0,0,0,https://ingatlan.com/33939524,"Eladó tégla lakás - Budapest X. kerület, Hős utca 15/A #33939524",1101,Budapest,Hős utca,15/A,felújítandó,Tégla lakás,,Ismeretlen,0.0,1.0,0.0,1 szoba,25.0,nincs megadva,,,0,nincs megadva,,0,0,0,0,nincs megadva,,,,nincs megadva,,,Ingatlaniroda,,1205.0,2.0,,,,,,,,881.1,0,0,1,397.7,0,1,1,255.3,1,1,397.7,0,1,1,1068.1,0,0,1,2.0,12.0,64.0,785.0,0,0,1,897.0,0,0,1,769.9,0,0,1,517.2,0,1,1,880.1,0,0,1,Kőbánya alsó,,Hős utca,Hős utca,Névtelen zöldfelület / park,villamos
34084830,elado,"Budapest X. kerület, Tavas utca 7.",Újhegy,102200000.0,102.2,102200.0,1648387.0967741935,18.44244223573388,14.315307850688786,0,62.0,74.28,3.0,6,0,1,0,1,1,1,1,1,0,0.0,47.4688,19.1654,1,880.7,500-1000 m,0,1695.0,22.6,0,0,0,https://ingatlan.com/34084830,"Eladó tégla lakás - Budapest X. kerület, Tavas utca 7. #34084830",1108,Budapest,Tavas utca,7,új építésű,Tégla lakás,2025.0,Új építésű (2025+),24.56,3.0,0.0,3 szoba,20.666666666666668,földszint,0.0,5.0,0,hőszivattyú,,0,0,1,0,nincs megadva,,,,igen,,,Ingatlaniroda,,925.0,4.0,,,,,,,,1701.0,0,0,0,875.6,0,0,1,62.1,1,1,875.6,0,0,1,272.9,1,1,1,7.0,28.0,48.0,,0,0,0,,0,0,0,323.9,1,1,1,322.1,1,1,1,1472.4,0,0,0,Kőbánya-Kispest,,Sírkert út,Mélytó utca,Újhegy park,villamos
34085875,elado,"Budapest X. kerület, Tavas utca 7.",Újhegy,119900000.0,119.9,119900.0,1598666.6666666667,18.60216861999774,14.284680506461433,0,75.0,98.91,3.0,6,0,1,0,1,1,1,1,0,0,0.0,47.4688,19.1654,1,880.7,500-1000 m,0,1695.0,22.6,0,0,0,https://ingatlan.com/34085875,"Eladó tégla lakás - Budapest X. kerület, Tavas utca 7. #34085875",1108,Budapest,Tavas utca,7,új építésű,Tégla lakás,2025.0,Új építésű (2025+),47.82,3.0,0.0,3 szoba,25.0,4,4.0,5.0,0,hőszivattyú,,0,0,1,0,nincs megadva,,,,nem,,,Ingatlaniroda,,960.0,4.0,,,,,,,,1701.0,0,0,0,875.6,0,0,1,62.1,1,1,875.6,0,0,1,272.9,1,1,1,7.0,28.0,48.0,,0,0,0,,0,0,0,323.9,1,1,1,322.1,1,1,1,1472.4,0,0,0,Kőbánya-Kispest,,Sírkert út,Mélytó utca,Újhegy park,villamos
34103639,elado,"Budapest X. kerület, Kőbánya - Óhegy",Óhegy,118380000.0,118.38,118380.0,1195757.5757575757,18.589410347226853,13.994290497092264,0,99.0,102.0,4.0,3,0,0,0,1,0,0,1,0,0,2.0,47.4820541,19.132346,0,297.2,150-300 m,0,,,0,0,0,https://ingatlan.com/34103639,"Eladó tégla lakás - Budapest X. kerület, Kőbánya - Óhegy #34103639",1103,Budapest,Kőbánya - Óhegy,,nincs megadva,Tégla lakás,2024.0,0-10 év,6.0,4.0,0.0,4+ szoba,24.75,2,2.0,3.0,0,nincs megadva,,0,0,0,0,A+,,,,nincs megadva,,,Ingatlaniroda,,1353.0,4.0,,,,,,,,,0,0,0,,0,0,0,,0,0,,0,0,0,,0,0,0,,,,,0,0,0,,0,0,0,,0,0,0,,0,0,0,,0,0,0,,,,,,
34159451,elado,"Budapest X. kerület, Dömsödi utca",Felsőrákos,62000000.0,62.0,62000.0,1215686.2745098039,17.942644943009366,14.01081931028504,0,51.0,51.0,1.0,3,0,0,0,1,1,0,0,0,0,,47.5015988,19.170004,0,620.2,500-1000 m,0,,,0,0,0,https://ingatlan.com/34159451,"Eladó tégla lakás - Budapest X. kerület, Dömsödi utca #34159451",1106,Budapest,Dömsödi utca,,jó állapotú,Tégla lakás,,Ismeretlen,0.0,1.0,0.0,1 szoba,51.0,1,1.0,0.0,0,gázkazán,,0,1,0,0,G,,,,nincs megadva,,,Ingatlaniroda,,249.0,4.0,,,,,,,,,0,0,0,,0,0,0,,0,0,,0,0,0,,0,0,0,,,,,0,0,0,,0,0,0,,0,0,0,,0,0,0,,0,0,0,,,,,,
34255348,elado,"Budapest X. kerület, Cserkesz utca",Kőbánya-Városközpont,149900000.0,149.9,149900.0,412947.6584022039,18.825478963072825,12.931076128807975,0,363.0,363.0,7.0,3,0,0,0,1,0,0,0,0,0,38.0,47.4804126,19.1314452,0,150.6,150-300 m,0,,,0,0,0,https://ingatlan.com/34255348,"Eladó tégla lakás - Budapest X. kerület, Cserkesz utca #34255348",1105,Budapest,Cserkesz utca,,jó állapotú,Tégla lakás,1988.0,30-60 év (panel-korszak),0.0,7.0,0.0,4+ szoba,51.857142857142854,nincs megadva,,2.0,0,gázkazán,,0,1,0,0,nincs megadva,,,,nincs megadva,,,Ingatlaniroda,,2560.0,4.0,,,,,,,,,0,0,0,,0,0,0,,0,0,,0,0,0,,0,0,0,,,,,0,0,0,,0,0,0,,0,0,0,,0,0,0,,0,0,0,,,,,,
34272895,elado,"Budapest X. kerület, Szállás utca 16.",Gyárdűlő,70000000.0,70.0,70000.0,886075.9493670886,18.064005800013632,13.694557947546611,0,79.0,79.5,2.0,2,1,0,0,1,0,1,1,0,0,58.0,47.474732,19.131536,1,127.6,<150 m,1,1261.9,16.8,0,0,0,https://ingatlan.com/34272895,"Eladó tégla lakás - Budapest X. kerület, Szállás utca 16. #34272895",1107,Budapest,Szállás utca,16,közepes állapotú,Tégla lakás,1968.0,30-60 év (panel-korszak),1.0,2.0,0.0,2 szoba,39.5,félemelet,0.5,2.0,0,"gáz (konvektor), hűtő-fűtő klíma",,0,1,0,0,G,,,,nem,23000.0,,Ingatlaniroda,,646.0,2.0,,,,,,,,1294.3,0,0,0,787.5,0,0,1,346.7,1,1,787.5,0,0,1,785.5,0,0,1,1.0,6.0,42.0,1378.9,0,0,0,1307.4,0,0,0,780.4,0,0,1,816.5,0,0,1,1943.7,0,0,0,Kőbánya alsó,Határ út,Kocsis Sándor Sportközpont,Richter Gedeon utca,Névtelen zöldfelület / park,villamos
34283817,elado,"Budapest X. kerület, Gyógyszergyári utca",Felsőrákos,75900000.0,75.9,75900.0,1581250.0,18.14492724236586,14.273726231457967,0,48.0,54.245,2.0,6,0,1,0,1,1,1,1,0,0,0.0,47.4994212,19.1493566,0,351.7,300-500 m,0,,,0,0,0,https://ingatlan.com/34283817,"Eladó tégla lakás - Budapest X. kerület, Gyógyszergyári utca #34283817",1106,Budapest,Gyógyszergyári utca,,új építésű,Tégla lakás,2027.0,Új építésű (2025+),12.49,2.0,0.0,2 szoba,24.0,6,6.0,9.0,0,távfűtés,,1,0,0,0,A+,,,,nem,,,Ingatlaniroda,,2700.0,4.0,,,,,,,,,0,0,0,,0,0,0,,0,0,,0,0,0,,0,0,0,,,,,0,0,0,,0,0,0,,0,0,0,,0,0,0,,0,0,0,,,,,,
34283864,elado,"Budapest X. kerület, Gyógyszergyári utca",Felsőrákos,69880000.0,69.88,69880.0,1552888.888888889,18.06229004323013,14.25562755345981,0,45.0,50.375,2.0,6,0,1,0,1,1,1,1,0,0,0.0,47.4994212,19.1493566,0,351.7,300-500 m,0,,,0,0,0,https://ingatlan.com/34283864,"Eladó tégla lakás - Budapest X. kerület, Gyógyszergyári utca #34283864",1106,Budapest,Gyógyszergyári utca,,új építésű,Tégla lakás,2027.0,Új építésű (2025+),10.75,2.0,0.0,2 szoba,22.5,5,5.0,9.0,0,távfűtés,,1,0,0,0,A+,,,,nem,,,Ingatlaniroda,,2700.0,4.0,,,,,,,,,0,0,0,,0,0,0,,0,0,,0,0,0,,0,0,0,,,,,0,0,0,,0,0,0,,0,0,0,,0,0,0,,0,0,0,,,,,,
34283870,elado,"Budapest X. kerület, Gyógyszergyári utca",Felsőrákos,65590000.0,65.59,65590.0,1457555.5555555555,17.998933803269917,14.192271313499598,0,45.0,50.375,2.0,6,0,1,0,1,1,1,1,0,0,0.0,47.4994212,19.1493566,0,351.7,300-500 m,0,,,0,0,0,https://ingatlan.com/34283870,"Eladó tégla lakás - Budapest X. kerület, Gyógyszergyári utca #34283870",1106,Budapest,Gyógyszergyári utca,,új építésű,Tégla lakás,2027.0,Új építésű (2025+),10.75,2.0,0.0,2 szoba,22.5,1,1.0,9.0,0,távfűtés,,1,0,0,0,A+,,,,nem,,,Ingatlaniroda,,2700.0,4.0,,,,,,,,,0,0,0,,0,0,0,,0,0,,0,0,0,,0,0,0,,,,,0,0,0,,0,0,0,,0,0,0,,0,0,0,,0,0,0,,,,,,
34283877,elado,"Budapest X. kerület, Gyógyszergyári utca",Felsőrákos,70380000.0,70.38,70380.0,1564000.0,18.069419689857714,14.262757200087393,0,45.0,50.375,2.0,6,0,1,0,1,1,1,1,0,0,0.0,47.4994212,19.1493566,0,351.7,300-500 m,0,,,0,0,0,https://ingatlan.com/34283877,"Eladó tégla lakás - Budapest X. kerület, Gyógyszergyári utca #34283877",1106,Budapest,Gyógyszergyári utca,,új építésű,Tégla lakás,2027.0,Új építésű (2025+),10.75,2.0,0.0,2 szoba,22.5,6,6.0,9.0,0,távfűtés,,1,0,0,0,A+,,,,nem,,,Ingatlaniroda,,2700.0,4.0,,,,,,,,,0,0,0,,0,0,0,,0,0,,0,0,0,,0,0,0,,,,,0,0,0,,0,0,0,,0,0,0,,0,0,0,,0,0,0,,,,,,
34283891,elado,"Budapest X. kerület, Gyógyszergyári utca",Felsőrákos,65590000.0,65.59,65590.0,1457555.5555555555,17.998933803269917,14.192271313499598,0,45.0,50.375,2.0,6,0,1,0,1,1,1,1,0,0,0.0,47.4994212,19.1493566,0,351.7,300-500 m,0,,,0,0,0,https://ingatlan.com/34283891,"Eladó tégla lakás - Budapest X. kerület, Gyógyszergyári utca #34283891",1106,Budapest,Gyógyszergyári utca,,új építésű,Tégla lakás,2027.0,Új építésű (2025+),10.75,2.0,0.0,2 szoba,22.5,1,1.0,9.0,0,távfűtés,,1,0,0,0,A+,,,,nem,,,Ingatlaniroda,,2700.0,4.0,,,,,,,,,0,0,0,,0,0,0,,0,0,,0,0,0,,0,0,0,,,,,0,0,0,,0,0,0,,0,0,0,,0,0,0,,0,0,0,,,,,,
34283898,elado,"Budapest X. kerület, Gyógyszergyári utca",Felsőrákos,70900000.0,70.9,70900.0,1390196.0784313725,18.076780991502357,14.14495535877803,0,51.0,57.24,2.0,6,0,1,0,1,1,1,1,0,0,0.0,47.4994212,19.1493566,0,351.7,300-500 m,0,,,0,0,0,https://ingatlan.com/34283898,"Eladó tégla lakás - Budapest X. kerület, Gyógyszergyári utca #34283898",1106,Budapest,Gyógyszergyári utca,,új építésű,Tégla lakás,2027.0,Új építésű (2025+),12.48,2.0,0.0,2 szoba,25.5,4,4.0,9.0,0,távfűtés,,1,0,0,0,A+,,,,nem,,,Ingatlaniroda,,2700.0,4.0,,,,,,,,,0,0,0,,0,0,0,,0,0,,0,0,0,,0,0,0,,,,,0,0,0,,0,0,0,,0,0,0,,0,0,0,,0,0,0,,,,,,
34284794,elado,"Budapest X. kerület, Gyógyszergyári utca",Felsőrákos,76900000.0,76.9,76900.0,1165151.5151515151,18.158016434475872,13.968361692449447,0,66.0,74.09,3.0,6,0,1,0,1,1,1,1,0,0,0.0,47.4994212,19.1493566,0,351.7,300-500 m,0,,,0,0,0,https://ingatlan.com/34284794,"Eladó tégla lakás - Budapest X. kerület, Gyógyszergyári utca #34284794",1106,Budapest,Gyógyszergyári utca,,új építésű,Tégla lakás,2027.0,Új építésű (2025+),16.18,3.0,0.0,3 szoba,22.0,1,1.0,7.0,0,távfűtés,,1,0,0,0,A+,,,,nem,,,Ingatlaniroda,,3375.0,4.0,,,,,,,,,0,0,0,,0,0,0,,0,0,,0,0,0,,0,0,0,,,,,0,0,0,,0,0,0,,0,0,0,,0,0,0,,0,0,0,,,,,,
34284795,elado,"Budapest X. kerület, Gyógyszergyári utca",Felsőrákos,72900000.0,72.9,72900.0,1518750.0,18.104599196978885,14.233398186070996,0,48.0,54.055,2.0,6,0,1,0,1,1,1,1,0,0,0.0,47.4994212,19.1493566,0,351.7,300-500 m,0,,,0,0,0,https://ingatlan.com/34284795,"Eladó tégla lakás - Budapest X. kerület, Gyógyszergyári utca #34284795",1106,Budapest,Gyógyszergyári utca,,új építésű,Tégla lakás,2027.0,Új építésű (2025+),12.11,2.0,0.0,2 szoba,24.0,1,1.0,7.0,0,távfűtés,,1,0,0,0,A+,,,,nem,,,Ingatlaniroda,,3375.0,4.0,,,,,,,,,0,0,0,,0,0,0,,0,0,,0,0,0,,0,0,0,,,,,0,0,0,,0,0,0,,0,0,0,,0,0,0,,0,0,0,,,,,,
34284799,elado,"Budapest X. kerület, Gyógyszergyári utca",Felsőrákos,67900000.0,67.9,67900.0,1331372.549019608,18.033546592528925,14.101720959804599,0,51.0,57.24,2.0,6,0,1,0,1,1,1,1,0,0,0.0,47.4994212,19.1493566,0,351.7,300-500 m,0,,,0,0,0,https://ingatlan.com/34284799,"Eladó tégla lakás - Budapest X. kerület, Gyógyszergyári utca #34284799",1106,Budapest,Gyógyszergyári utca,,új építésű,Tégla lakás,2027.0,Új építésű (2025+),12.48,2.0,0.0,2 szoba,25.5,1,1.0,7.0,0,távfűtés,,1,0,0,0,A+,,,,nem,,,Ingatlaniroda,,3375.0,4.0,,,,,,,,,0,0,0,,0,0,0,,0,0,,0,0,0,,0,0,0,,,,,0,0,0,,0,0,0,,0,0,0,,0,0,0,,0,0,0,,,,,,
34284807,elado,"Budapest X. kerület, Gyógyszergyári utca",Felsőrákos,74900000.0,74.9,74900.0,1664444.4444444445,18.13166444848745,14.325001958717127,0,45.0,50.315,2.0,6,0,1,0,1,1,1,1,0,0,0.0,47.4994212,19.1493566,0,351.7,300-500 m,0,,,0,0,0,https://ingatlan.com/34284807,"Eladó tégla lakás - Budapest X. kerület, Gyógyszergyári utca #34284807",1106,Budapest,Gyógyszergyári utca,,új építésű,Tégla lakás,2027.0,Új építésű (2025+),10.63,2.0,0.0,2 szoba,22.5,3,3.0,7.0,0,távfűtés,,1,0,0,0,A+,,,,nem,,,Ingatlaniroda,,3375.0,4.0,,,,,,,,,0,0,0,,0,0,0,,0,0,,0,0,0,,0,0,0,,,,,0,0,0,,0,0,0,,0,0,0,,0,0,0,,0,0,0,,,,,,
34500511,elado,"Budapest X. kerület, Cserkesz utca 25b.",Kőbánya-Városközpont,50000000.0,50.0,50000.0,746268.6567164179,17.72753356339242,13.522840944001453,0,67.0,67.0,2.0,2,1,0,0,1,0,0,0,0,0,58.0,47.481559,19.130438,1,145.0,<150 m,1,388.4,5.2,0,1,1,https://ingatlan.com/34500511,"Eladó tégla lakás - Budapest X. kerület, Cserkesz utca 25b #34500511",1105,Budapest,Cserkesz utca,25b,közepes állapotú,Tégla lakás,1968.0,30-60 év (panel-korszak),0.0,2.0,0.0,2 szoba,33.5,1,1.0,2.0,0,gázkazán,,0,1,0,0,E,,,,nem,19310.0,17000.0,Ingatlaniroda,,1654.0,4.0,,,,,,,,2119.9,0,0,0,126.3,1,1,1,126.8,1,1,126.3,1,1,1,199.9,1,1,1,27.0,73.0,120.0,778.1,0,0,1,1017.3,0,0,1,203.6,1,1,1,264.5,1,1,1,,0,0,0,Kőbánya alsó,Határ út,Kápolna utca,Kápolna utca,Liget téri park,villamos
34581941,elado,"Budapest X. kerület, Kőrösi Csoma sétány",Kőbánya-Városközpont,68000000.0,68.0,68000.0,957746.4788732395,18.03501826314038,13.772338386099065,0,71.0,73.0,3.0,2,1,0,0,1,0,1,1,0,0,38.0,47.4850651,19.1310368,0,363.1,300-500 m,0,,,0,0,0,https://ingatlan.com/34581941,"Eladó tégla lakás - Budapest X. kerület, Kőrösi Csoma sétány #34581941",1102,Budapest,Kőrösi Csoma sétány,,közepes állapotú,Tégla lakás,1988.0,30-60 év (panel-korszak),4.0,3.0,0.0,3 szoba,23.666666666666668,2,2.0,4.0,0,házközponti egyedi méréssel,,0,0,0,0,nincs megadva,,,,nincs megadva,,,Ingatlaniroda,,992.0,4.0,,,,,,,,,0,0,0,,0,0,0,,0,0,,0,0,0,,0,0,0,,,,,0,0,0,,0,0,0,,0,0,0,,0,0,0,,0,0,0,,,,,,
34641465,elado,"Budapest X. kerület, Ónodi utca",Ligettelek,89500000.0,89.5,89500.0,962365.5913978495,18.309749183245085,13.777149690091829,0,93.0,94.5,3.0,3,0,0,0,1,0,0,1,0,0,,47.4889502,19.1345557,0,265.4,150-300 m,0,,,0,0,0,https://ingatlan.com/34641465,"Eladó tégla lakás - Budapest X. kerület, Ónodi utca #34641465",1102,Budapest,Ónodi utca,,nincs megadva,Tégla lakás,,Ismeretlen,3.0,3.0,0.0,3 szoba,31.0,nincs megadva,,,0,nincs megadva,,0,0,0,0,nincs megadva,,,,nincs megadva,,,Ingatlaniroda,,915.0,2.0,,,,,,,,,0,0,0,,0,0,0,,0,0,,0,0,0,,0,0,0,,,,,0,0,0,,0,0,0,,0,0,0,,0,0,0,,0,0,0,,,,,,
34681707,elado,"Budapest X. kerület, Ónodi utca",Kőbánya-Városközpont,89500000.0,89.5,89500.0,962365.5913978495,18.309749183245085,13.777149690091829,0,93.0,94.5,3.0,3,0,0,0,1,0,1,1,0,0,58.0,47.4889502,19.1345557,0,265.4,150-300 m,0,,,0,0,0,https://ingatlan.com/34681707,"Eladó tégla lakás - Budapest X. kerület, Ónodi utca #34681707",1102,Budapest,Ónodi utca,,jó állapotú,Tégla lakás,1968.0,30-60 év (panel-korszak),3.0,3.0,0.0,3 szoba,31.0,1,1.0,2.0,0,"cserépkályha, gáz (konvektor)",,0,1,0,0,nincs megadva,,,,nincs megadva,24000.0,,Ingatlaniroda,,1555.0,4.0,,,,,,,,,0,0,0,,0,0,0,,0,0,,0,0,0,,0,0,0,,,,,0,0,0,,0,0,0,,0,0,0,,0,0,0,,0,0,0,,,,,,
34689555,elado,"Budapest X. kerület, Ónodi utca",Kőbánya-Városközpont,89500000.0,89.5,89500.0,972826.0869565217,18.309749183245085,13.787960606196043,0,92.0,93.0,3.0,2,1,0,0,1,0,0,1,0,0,58.0,47.4889502,19.1345557,0,265.4,150-300 m,0,,,0,0,0,https://ingatlan.com/34689555,"Eladó tégla lakás - Budapest X. kerület, Ónodi utca #34689555",1102,Budapest,Ónodi utca,,közepes állapotú,Tégla lakás,1968.0,30-60 év (panel-korszak),2.0,3.0,0.0,3 szoba,30.666666666666668,1,1.0,2.0,0,nincs megadva,,0,0,0,0,nincs megadva,,,,nem,,,Ingatlaniroda,,1365.0,4.0,,,,,,,,,0,0,0,,0,0,0,,0,0,,0,0,0,,0,0,0,,,,,0,0,0,,0,0,0,,0,0,0,,0,0,0,,0,0,0,,,,,,
34694265,elado,"Budapest X. kerület, Állomás utca",Ligettelek,92900000.0,92.9,92900.0,1043820.2247191011,18.347034203784066,13.858397834051926,0,89.0,90.5,3.0,4,0,0,0,1,0,0,1,0,1,58.0,47.5210755,19.1483125,0,126.1,<150 m,1,,,0,0,0,https://ingatlan.com/34694265,"Eladó tégla lakás - Budapest X. kerület, Állomás utca #34694265",1102,Budapest,Állomás utca,,felújított,Tégla lakás,1968.0,30-60 év (panel-korszak),3.0,3.0,0.0,3 szoba,29.666666666666668,3,3.0,3.0,0,gázkazán,,0,1,0,0,nincs megadva,,,,nincs megadva,25000.0,,Ingatlaniroda,,1235.0,4.0,,,,,,,,,0,0,0,,0,0,0,,0,0,,0,0,0,,0,0,0,,,,,0,0,0,,0,0,0,,0,0,0,,0,0,0,,0,0,0,,,,,,
34706185,elado,"Budapest X. kerület, Hang utca 6.",Újhegy,61900000.0,61.9,61900.0,910294.1176470588,17.941030737654824,13.721523032478718,0,68.0,69.0,3.0,3,0,0,1,0,1,0,1,0,0,,47.471423,19.166025,1,1001.3,1000-2000 m,0,1855.8,24.7,0,0,0,https://ingatlan.com/34706185,"Eladó panel lakás - Budapest X. kerület, Hang utca 6. #34706185",1108,Budapest,Hang utca,6,jó állapotú,Panel lakás,,Ismeretlen,2.0,3.0,0.0,3 szoba,22.666666666666668,3,3.0,10.0,0,nincs megadva,,0,0,0,0,nincs megadva,,,,nincs megadva,,,Ingatlaniroda,,898.0,2.0,,,,,,,,1861.7,0,0,0,662.9,0,1,1,93.9,1,1,662.9,0,1,1,685.3,0,1,1,7.0,28.0,55.0,,0,0,0,,0,0,0,228.7,1,1,1,402.2,0,1,1,1111.9,0,0,1,Kőbánya-Kispest,,Sírkert út,Zsombék utca,Újhegy park,villamos
34711189,elado,"Budapest X. kerület, Szárnyas utca",Gyárdűlő,55000000.0,55.0,55000.0,1896551.7241379311,17.822843743196746,14.455547913210271,0,29.0,29.0,2.0,4,0,0,0,1,0,1,0,0,0,,47.4688278,19.1202985,0,762.0,500-1000 m,0,,,0,0,0,https://ingatlan.com/34711189,"Eladó tégla lakás - Budapest X. kerület, Szárnyas utca #34711189",1107,Budapest,Szárnyas utca,,felújított,Tégla lakás,,Ismeretlen,0.0,2.0,0.0,2 szoba,14.5,2,2.0,,0,gáz (konvektor),,0,1,0,0,nincs megadva,,,,nincs megadva,12.0,,Ingatlaniroda,,296.0,2.0,,,,,,,,,0,0,0,,0,0,0,,0,0,,0,0,0,,0,0,0,,,,,0,0,0,,0,0,0,,0,0,0,,0,0,0,,0,0,0,,,,,,
34725015,elado,"Budapest X. kerület, Szent László tér",Ligettelek,48000000.0,48.0,48000.0,1000000.0,17.686711568872166,13.815510557964274,0,48.0,48.0,2.0,4,0,0,0,1,0,0,0,0,0,58.0,47.568134,19.0964234,0,4755.0,>2000 m (referencia),0,,,0,0,0,https://ingatlan.com/34725015,"Eladó tégla lakás - Budapest X. kerület, Szent László tér #34725015",1102,Budapest,Szent László tér,,felújított,Tégla lakás,1968.0,30-60 év (panel-korszak),0.0,2.0,0.0,2 szoba,24.0,szuterén,-1.0,3.0,0,elektromos fűtőpanel,,0,0,0,0,D,,,,nem,12000.0,15000.0,Ingatlaniroda,,2141.0,4.0,,,,,,,,,0,0,0,,0,0,0,,0,0,,0,0,0,,0,0,0,,,,,0,0,0,,0,0,0,,0,0,0,,0,0,0,,0,0,0,,,,,,
34730728,elado,"Budapest X. kerület, Hungária körút 1-3.",Laposdűlő,16500000.0,16.5,16500.0,311320.75471698114,16.61887093887081,12.648579025318687,1,53.0,53.0,4.0,3,0,0,0,1,0,0,0,0,0,,47.489503,19.109289,1,132.8,<150 m,1,1902.5,25.4,0,0,0,https://ingatlan.com/34730728,"Tégla lakás bérleti joga átadó - Budapest X. kerület, Hungária körút 1-3. #34730728",1101,Budapest,Hungária körút,1-3,nincs megadva,Tégla lakás,,Ismeretlen,0.0,4.0,0.0,4+ szoba,13.25,nincs megadva,,,0,nincs megadva,,0,0,0,0,nincs megadva,,,,nincs megadva,,,Ingatlaniroda,,149.0,4.0,,,,,,,,1323.3,0,0,0,134.7,1,1,1,193.3,1,1,134.7,1,1,1,308.9,1,1,1,10.0,34.0,66.0,1223.5,0,0,0,757.5,0,0,1,218.4,1,1,1,483.2,0,1,1,1305.3,0,0,0,Kőbánya alsó,Puskás Ferenc Stadion,Hidegkuti Nándor Stadion,Hidegkuti Nándor Stadion,Tbiliszi tér,villamos
34734042,elado,"Budapest X. kerület, Gyógyszergyári utca",Felsőrákos,83900000.0,83.9,83900.0,1271212.121212121,18.245136171437434,14.055481429411008,0,66.0,74.09,3.0,6,0,1,0,1,1,1,1,0,1,0.0,47.4994212,19.1493566,0,351.7,300-500 m,0,,,0,0,0,https://ingatlan.com/34734042,"Eladó tégla lakás - Budapest X. kerület, Gyógyszergyári utca #34734042",1106,Budapest,Gyógyszergyári utca,,új építésű,Tégla lakás,2027.0,Új építésű (2025+),16.18,3.0,0.0,3 szoba,22.0,8,8.0,8.0,0,távfűtés,,1,0,0,0,A+,,,,nincs megadva,,,Ingatlaniroda,,3375.0,4.0,,,,,,,,,0,0,0,,0,0,0,,0,0,,0,0,0,,0,0,0,,,,,0,0,0,,0,0,0,,0,0,0,,0,0,0,,0,0,0,,,,,,
34737611,elado,"Budapest X. kerület, Kőbánya - Óhegy",Óhegy,106048078.0,106.048078,106048.078,1606789.0606060605,18.479403115284093,14.289748373257668,0,66.0,79.28,4.0,6,0,1,0,1,1,0,1,0,0,0.0,47.4820541,19.132346,0,297.2,150-300 m,0,,,0,0,0,https://ingatlan.com/34737611,"Eladó tégla lakás - Budapest X. kerület, Kőbánya - Óhegy #34737611",1103,Budapest,Kőbánya - Óhegy,,új építésű,Tégla lakás,2025.0,Új építésű (2025+),26.56,4.0,0.0,4+ szoba,16.5,1,1.0,8.0,0,"hőszivattyú, padlófűtés, mennyezeti hűtés-fűtés",,0,0,1,0,nincs megadva,,,,igen,,,Ingatlaniroda,,1022.0,3.0,,,,,,,,,0,0,0,,0,0,0,,0,0,,0,0,0,,0,0,0,,,,,0,0,0,,0,0,0,,0,0,0,,0,0,0,,0,0,0,,,,,,
34737664,elado,"Budapest X. kerület, Kőbánya - Óhegy",Óhegy,90748850.0,90.74885,90748.85,1512480.8333333333,18.323606358852633,14.229261796630531,0,60.0,67.675,3.0,6,0,1,0,1,1,0,1,0,0,0.0,47.4820541,19.132346,0,297.2,150-300 m,0,,,0,0,0,https://ingatlan.com/34737664,"Eladó tégla lakás - Budapest X. kerület, Kőbánya - Óhegy #34737664",1103,Budapest,Kőbánya - Óhegy,,új építésű,Tégla lakás,2025.0,Új építésű (2025+),15.35,3.0,0.0,3 szoba,20.0,1,1.0,8.0,0,"hőszivattyú, padlófűtés, mennyezeti hűtés-fűtés",,0,0,1,0,nincs megadva,,,,nincs megadva,,,Ingatlaniroda,,1022.0,3.0,,,,,,,,,0,0,0,,0,0,0,,0,0,,0,0,0,,0,0,0,,,,,0,0,0,,0,0,0,,0,0,0,,0,0,0,,0,0,0,,,,,,
34737782,elado,"Budapest X. kerület, Kőbánya - Óhegy",Óhegy,56851985.0,56.851985,56851.985,1624342.4285714286,17.855961693998044,14.30061363250863,0,35.0,40.475,1.0,6,0,1,0,1,1,0,1,0,0,0.0,47.4820541,19.132346,0,297.2,150-300 m,0,,,0,0,0,https://ingatlan.com/34737782,"Eladó tégla lakás - Budapest X. kerület, Kőbánya - Óhegy #34737782",1103,Budapest,Kőbánya - Óhegy,,új építésű,Tégla lakás,2025.0,Új építésű (2025+),10.95,1.0,0.0,1 szoba,35.0,2,2.0,8.0,0,"hőszivattyú, padlófűtés, mennyezeti hűtés-fűtés",,0,0,1,0,nincs megadva,,,,nincs megadva,,,Ingatlaniroda,,1022.0,3.0,,,,,,,,,0,0,0,,0,0,0,,0,0,,0,0,0,,0,0,0,,,,,0,0,0,,0,0,0,,0,0,0,,0,0,0,,0,0,0,,,,,,
34737897,elado,"Budapest X. kerület, Kőbánya - Óhegy",Óhegy,68134339.0,68.134339,68134.339,1703358.475,18.036991887790755,14.348112433676818,0,40.0,49.035,2.0,6,0,1,0,1,1,0,1,0,0,0.0,47.4820541,19.132346,0,297.2,150-300 m,0,,,0,0,0,https://ingatlan.com/34737897,"Eladó tégla lakás - Budapest X. kerület, Kőbánya - Óhegy #34737897",1103,Budapest,Kőbánya - Óhegy,,új építésű,Tégla lakás,2025.0,Új építésű (2025+),18.07,2.0,0.0,2 szoba,20.0,3,3.0,8.0,0,"hőszivattyú, padlófűtés, mennyezeti hűtés-fűtés",,0,0,1,0,nincs megadva,,,,nincs megadva,,,Ingatlaniroda,,1022.0,3.0,,,,,,,,,0,0,0,,0,0,0,,0,0,,0,0,0,,0,0,0,,,,,0,0,0,,0,0,0,,0,0,0,,0,0,0,,0,0,0,,,,,,
34757421,elado,"Budapest X. kerület, Állomás utca",Ligettelek,99900000.0,99.9,99900.0,868695.6521739131,18.41968024361878,13.674748115255532,0,115.0,115.0,4.0,3,0,0,0,1,0,1,0,0,0,96.0,47.5210755,19.1483125,0,126.1,<150 m,1,,,0,0,0,https://ingatlan.com/34757421,"Eladó tégla lakás - Budapest X. kerület, Állomás utca #34757421",1102,Budapest,Állomás utca,,jó állapotú,Tégla lakás,1930.0,60+ év (háború előtti),0.0,4.0,0.0,4+ szoba,28.75,2,2.0,3.0,0,gáz (konvektor),,0,1,0,0,nincs megadva,,,,nincs megadva,,,Ingatlaniroda,,1225.0,4.0,,,,,,,,,0,0,0,,0,0,0,,0,0,,0,0,0,,0,0,0,,,,,0,0,0,,0,0,0,,0,0,0,,0,0,0,,0,0,0,,,,,,
34764399,elado,"Budapest X. kerület, Ligettelek",Ligettelek,21600000.0,21.6,21600.0,675000.0,16.888203872654394,13.422467969854667,0,32.0,32.0,1.0,4,0,0,0,1,0,0,0,0,0,58.0,47.493646,19.1300619,0,227.7,150-300 m,0,,,0,0,0,https://ingatlan.com/34764399,"Eladó tégla lakás - Budapest X. kerület, Ligettelek #34764399",1101,Budapest,Ligettelek,,felújított,Tégla lakás,1968.0,30-60 év (panel-korszak),0.0,1.0,0.0,1 szoba,32.0,szuterén,-1.0,2.0,0,elektromos fűtőpanel,,0,0,0,0,nincs megadva,,,,nem,18000.0,10000.0,Ingatlaniroda,,1014.0,4.0,,,,,,,,,0,0,0,,0,0,0,,0,0,,0,0,0,,0,0,0,,,,,0,0,0,,0,0,0,,0,0,0,,0,0,0,,0,0,0,,,,,,
34803922,elado,"Budapest X. kerület, Gyógyszergyári utca",Felsőrákos,71900000.0,71.9,71900.0,1597777.7777777778,18.090786822691275,14.284124332920955,0,45.0,50.495,2.0,6,0,1,0,1,1,1,1,0,0,0.0,47.4994212,19.1493566,0,351.7,300-500 m,0,,,0,0,0,https://ingatlan.com/34803922,"Eladó tégla lakás - Budapest X. kerület, Gyógyszergyári utca #34803922",1106,Budapest,Gyógyszergyári utca,,új építésű,Tégla lakás,2027.0,Új építésű (2025+),10.99,2.0,0.0,2 szoba,22.5,7,7.0,9.0,0,távfűtés,,1,0,0,0,A+,,,,nincs megadva,,,Ingatlaniroda,,2720.0,4.0,,,,,,,,,0,0,0,,0,0,0,,0,0,,0,0,0,,0,0,0,,,,,0,0,0,,0,0,0,,0,0,0,,0,0,0,,0,0,0,,,,,,
34803994,elado,"Budapest X. kerület, Gyógyszergyári utca",Felsőrákos,68900000.0,68.9,68900.0,1350980.3921568627,18.048166735983887,14.116341103259561,0,51.0,57.24,2.0,6,0,1,0,1,1,1,1,0,0,0.0,47.4994212,19.1493566,0,351.7,300-500 m,0,,,0,0,0,https://ingatlan.com/34803994,"Eladó tégla lakás - Budapest X. kerület, Gyógyszergyári utca #34803994",1106,Budapest,Gyógyszergyári utca,,új építésű,Tégla lakás,2027.0,Új építésű (2025+),12.48,2.0,0.0,2 szoba,25.5,2,2.0,9.0,0,távfűtés,,1,0,0,0,A+,,,,nincs megadva,,,Ingatlaniroda,,2700.0,4.0,,,,,,,,,0,0,0,,0,0,0,,0,0,,0,0,0,,0,0,0,,,,,0,0,0,,0,0,0,,0,0,0,,0,0,0,,0,0,0,,,,,,
34816029,elado,"Budapest X. kerület, Gyógyszergyári utca",Felsőrákos,78790000.0,78.79,78790.0,1406964.2857142857,18.18229664322187,14.156944952486722,0,56.0,62.695,2.0,6,0,1,0,1,1,1,1,0,0,0.0,47.4994212,19.1493566,0,351.7,300-500 m,0,,,0,0,0,https://ingatlan.com/34816029,"Eladó tégla lakás - Budapest X. kerület, Gyógyszergyári utca #34816029",1106,Budapest,Gyógyszergyári utca,,új építésű,Tégla lakás,2027.0,Új építésű (2025+),13.39,2.0,0.0,2 szoba,28.0,1,1.0,9.0,0,távfűtés,,1,0,0,0,A+,,,,nincs megadva,,,Ingatlaniroda,,2700.0,4.0,,,,,,,,,0,0,0,,0,0,0,,0,0,,0,0,0,,0,0,0,,,,,0,0,0,,0,0,0,,0,0,0,,0,0,0,,0,0,0,,,,,,
34836306,elado,"Budapest X. kerület, Gyógyszergyári utca",Felsőrákos,77900000.0,77.9,77900.0,1442592.5925925926,18.170936510840978,14.181952464276701,0,54.0,60.955,2.0,6,0,1,0,1,1,1,1,0,0,0.0,47.4994212,19.1493566,0,351.7,300-500 m,0,,,0,0,0,https://ingatlan.com/34836306,"Eladó tégla lakás - Budapest X. kerület, Gyógyszergyári utca #34836306",1106,Budapest,Gyógyszergyári utca,,új építésű,Tégla lakás,2027.0,Új építésű (2025+),13.91,2.0,0.0,2 szoba,27.0,2,2.0,7.0,0,távfűtés,,1,0,0,0,A+,,,,nincs megadva,,,Ingatlaniroda,,3375.0,4.0,,,,,,,,,0,0,0,,0,0,0,,0,0,,0,0,0,,0,0,0,,,,,0,0,0,,0,0,0,,0,0,0,,0,0,0,,0,0,0,,,,,,
34837342,elado,"Budapest X. kerület, Ligettelek",Ligettelek,71900000.0,71.9,71900.0,1057352.9411764706,18.090786822691275,13.871279117515169,0,68.0,70.0,3.0,2,1,0,1,0,1,0,1,0,0,58.0,47.493646,19.1300619,0,227.7,150-300 m,0,,,0,0,0,https://ingatlan.com/34837342,"Eladó panel lakás - Budapest X. kerület, Ligettelek #34837342",1101,Budapest,Ligettelek,,közepes állapotú,Panel lakás,1968.0,30-60 év (panel-korszak),4.0,3.0,0.0,3 szoba,22.666666666666668,1,1.0,10.0,0,távfűtés,,1,0,0,0,nincs megadva,,,,nem,,,Ingatlaniroda,,567.0,4.0,,,,,,,,,0,0,0,,0,0,0,,0,0,,0,0,0,,0,0,0,,,,,0,0,0,,0,0,0,,0,0,0,,0,0,0,,0,0,0,,,,,,
34838697,elado,"Budapest X. kerület, Martinovics tér 9.",Óhegy,81000000.0,81.0,81000.0,1265625.0,18.209959712636714,14.051076629277041,0,64.0,86.0,3.0,3,0,0,0,1,0,0,1,1,0,13.0,47.481085,19.134945,1,417.0,300-500 m,0,720.0,9.6,0,1,1,https://ingatlan.com/34838697,"Eladó tégla lakás - Budapest X. kerület, Martinovics tér 9. #34838697",1105,Budapest,Martinovics tér,9,jó állapotú,Tégla lakás,2013.0,10-30 év (rendszerváltás utáni),44.0,3.0,0.0,3 szoba,21.333333333333332,földszint,0.0,5.0,0,gázkazán,,0,1,0,0,A,,,,nincs megadva,,,Ingatlaniroda,,750.0,4.0,,,,,,,,,0,0,0,430.9,0,1,1,83.9,1,1,430.9,0,1,1,280.6,1,1,1,9.0,67.0,110.0,379.2,0,1,1,1076.9,0,0,1,94.1,1,1,1,556.2,0,1,1,,0,0,0,Kőbánya alsó,,Kápolna utca,Kápolna tér,Csajkovszkij park,villamos
34839670,elado,"Budapest X. kerület, Gyógyszergyári utca",Felsőrákos,49900000.0,49.9,49900.0,1559375.0,17.72553156072175,14.259795657922021,0,32.0,35.79,1.0,6,0,1,0,1,1,1,1,0,0,0.0,47.4994212,19.1493566,0,351.7,300-500 m,0,,,0,0,0,https://ingatlan.com/34839670,"Eladó tégla lakás - Budapest X. kerület, Gyógyszergyári utca #34839670",1106,Budapest,Gyógyszergyári utca,,új építésű,Tégla lakás,2027.0,Új építésű (2025+),7.58,1.0,0.0,1 szoba,32.0,4,4.0,9.0,0,távfűtés,,1,0,0,0,A+,,,,nincs megadva,,,Ingatlaniroda,,2700.0,4.0,,,,,,,,,0,0,0,,0,0,0,,0,0,,0,0,0,,0,0,0,,,,,0,0,0,,0,0,0,,0,0,0,,0,0,0,,0,0,0,,,,,,
34852211,elado,"Budapest X. kerület, Gergely utca 94.",Újhegy,128490000.0,128.49,128490.0,973409.0909090909,18.671361638259665,13.788559715673292,0,132.0,144.5,3.0,3,0,0,0,1,0,1,1,1,0,0.0,47.466464,19.158341,1,452.6,300-500 m,0,1008.7,13.4,0,0,1,https://ingatlan.com/34852211,"Eladó tégla lakás - Budapest X. kerület, Gergely utca 94. #34852211",1103,Budapest,Gergely utca,94,nincs megadva,Tégla lakás,2025.0,Új építésű (2025+),25.0,3.0,0.0,3 szoba,44.0,földszint,0.0,2.0,0,"hőszivattyú, mennyezeti hűtés-fűtés, padlófűtés",,0,0,1,0,A++,,,,nincs megadva,,40000.0,Ingatlaniroda,,3129.0,4.0,,,,,,,,1014.6,0,0,1,1553.5,0,0,0,63.8,1,1,1008.7,0,0,1,306.5,1,1,1,6.0,28.0,71.0,,0,0,0,,0,0,0,451.9,0,1,1,138.4,1,1,1,1779.9,0,0,0,Kőbánya-Kispest,,Sírkert út,Rózsaliget,Gőzmozdony park,vasut
34861613,elado,"Budapest X. kerület, Ligettelek",Ligettelek,67900000.0,67.9,67900.0,1234545.4545454546,18.033546592528925,14.026213407296453,0,55.0,57.5,2.0,4,0,0,0,1,0,0,1,0,0,96.0,47.493646,19.1300619,0,227.7,150-300 m,0,,,0,0,0,https://ingatlan.com/34861613,"Eladó tégla lakás - Budapest X. kerület, Ligettelek #34861613",1101,Budapest,Ligettelek,,felújított,Tégla lakás,1930.0,60+ év (háború előtti),5.0,2.0,0.0,2 szoba,27.5,félemelet,0.5,3.0,0,"gázkazán, padlófűtés",,0,1,0,0,A+,,,,nincs megadva,25000.0,15000.0,Ingatlaniroda,,2371.0,4.0,,,,,,,,,0,0,0,,0,0,0,,0,0,,0,0,0,,0,0,0,,,,,0,0,0,,0,0,0,,0,0,0,,0,0,0,,0,0,0,,,,,,
34866716,elado,"Budapest X. kerület, Füzér utca",Ligettelek,68900000.0,68.9,68900.0,1275925.9259259258,18.048166735983887,14.059182689419613,0,54.0,54.0,2.0,4,0,0,0,1,0,0,0,1,0,,47.4885312,19.1271594,0,184.2,150-300 m,0,,,0,0,0,https://ingatlan.com/34866716,"Eladó tégla lakás - Budapest X. kerület, Füzér utca #34866716",1102,Budapest,Füzér utca,,felújított,Tégla lakás,,Ismeretlen,0.0,2.0,0.0,2 szoba,27.0,földszint,0.0,3.0,0,"gázkazán, padlófűtés",,0,1,0,0,nincs megadva,,,,nincs megadva,25000.0,15000.0,Ingatlaniroda,,773.0,4.0,,,,,,,,,0,0,0,,0,0,0,,0,0,,0,0,0,,0,0,0,,,,,0,0,0,,0,0,0,,0,0,0,,0,0,0,,0,0,0,,,,,,
34868725,elado,"Budapest X. kerület, Gyógyszergyári utca",Felsőrákos,83900000.0,83.9,83900.0,1553703.7037037036,18.245136171437434,14.25615212487316,0,54.0,60.75,2.0,6,0,1,0,1,1,1,1,0,0,0.0,47.4994212,19.1493566,0,351.7,300-500 m,0,,,0,0,0,https://ingatlan.com/34868725,"Eladó tégla lakás - Budapest X. kerület, Gyógyszergyári utca #34868725",1106,Budapest,Gyógyszergyári utca,,új építésű,Tégla lakás,2027.0,Új építésű (2025+),13.5,2.0,0.0,2 szoba,27.0,6,6.0,7.0,0,távfűtés,,1,0,0,0,A+,,,,nincs megadva,,,Ingatlaniroda,,3375.0,4.0,,,,,,,,,0,0,0,,0,0,0,,0,0,,0,0,0,,0,0,0,,,,,0,0,0,,0,0,0,,0,0,0,,0,0,0,,0,0,0,,,,,,
34877843,elado,"Budapest X. kerület, Bánya utca",Ligettelek,109000000.0,109.0,109000.0,981981.981981982,18.50685844019342,13.797328238881084,0,111.0,119.0,4.0,4,0,0,0,1,0,1,1,0,0,96.0,47.4145963,19.0688773,0,2587.9,>2000 m (referencia),0,,,0,0,0,https://ingatlan.com/34877843,"Eladó tégla lakás - Budapest X. kerület, Bánya utca #34877843",1102,Budapest,Bánya utca,,felújított,Tégla lakás,1930.0,60+ év (háború előtti),16.0,4.0,0.0,4+ szoba,27.75,1,1.0,,0,gázkazán,,0,1,0,0,nincs megadva,,,,nem,,,Ingatlaniroda,,2143.0,4.0,,,,,,,,,0,0,0,,0,0,0,,0,0,,0,0,0,,0,0,0,,,,,0,0,0,,0,0,0,,0,0,0,,0,0,0,,0,0,0,,,,,,
34879477,elado,"Budapest X. kerület, Gyógyszergyári utca",Felsőrákos,75900000.0,75.9,75900.0,1581250.0,18.14492724236586,14.273726231457967,0,48.0,54.245,2.0,6,0,1,0,1,1,1,1,0,0,0.0,47.4994212,19.1493566,0,351.7,300-500 m,0,,,0,0,0,https://ingatlan.com/34879477,"Eladó tégla lakás - Budapest X. kerület, Gyógyszergyári utca #34879477",1106,Budapest,Gyógyszergyári utca,,új építésű,Tégla lakás,2027.0,Új építésű (2025+),12.49,2.0,0.0,2 szoba,24.0,6,6.0,7.0,0,távfűtés,,1,0,0,0,A+,,,,nincs megadva,,,Ingatlaniroda,,3375.0,4.0,,,,,,,,,0,0,0,,0,0,0,,0,0,,0,0,0,,0,0,0,,,,,0,0,0,,0,0,0,,0,0,0,,0,0,0,,0,0,0,,,,,,
34883044,elado,"Budapest X. kerület, Kápolna utca 25.",Óhegy,60000000.0,60.0,60000.0,857142.8571428572,17.909855120186375,13.661359878137016,0,70.0,70.0,3.0,4,0,0,0,1,0,0,0,1,0,58.0,,,0,,,0,,,0,0,0,https://ingatlan.com/34883044,"Eladó tégla lakás - Budapest X. kerület, Kápolna utca #34883044",1103,Budapest,Kápolna utca,25,felújított,Tégla lakás,1968.0,30-60 év (panel-korszak),0.0,3.0,0.0,3 szoba,23.333333333333332,földszint,0.0,4.0,0,"elektromos fűtőpanel, hűtő-fűtő klíma",,0,0,0,0,nincs megadva,,,,igen,,,Ingatlaniroda,,2372.0,4.0,,,,,,,,,0,0,0,,0,0,0,,0,0,,0,0,0,,0,0,0,,,,,0,0,0,,0,0,0,,0,0,0,,0,0,0,,0,0,0,,,,,,
34901695,elado,"Budapest X. kerület, Gyömrői út 39.",Újhegy,57900000.0,57.9,57900.0,1378571.4285714286,17.874227942543225,14.136558324259855,0,42.0,44.0,2.0,4,0,0,0,1,0,1,1,0,0,58.0,47.471005,19.142609,1,413.6,300-500 m,0,1436.7,19.2,0,0,0,https://ingatlan.com/34901695,"Eladó tégla lakás - Budapest X. kerület, Gyömrői út 39. #34901695",1103,Budapest,Gyömrői út,39,felújított,Tégla lakás,1968.0,30-60 év (panel-korszak),4.0,2.0,0.0,2 szoba,21.0,nincs megadva,,0.0,0,"hűtő-fűtő klíma, elektromos fűtőpanel",,0,0,0,0,nincs megadva,,,,igen,10000.0,25000.0,Ingatlaniroda,,1521.0,4.0,,,,,,,,1442.7,0,0,0,1725.2,0,0,0,124.4,1,1,1436.7,0,0,0,244.4,1,1,1,8.0,24.0,42.0,1737.3,0,0,0,,0,0,0,473.0,0,1,1,946.9,0,0,1,,0,0,0,Kőbánya-Kispest,,Kocsis Sándor Sportközpont,Gyömrői út,Névtelen zöldfelület / park,vasut
34902531,elado,"Budapest X. kerület, Hortobágyi utca",Felsőrákos,23900000.0,23.9,23900.0,1039130.4347826086,16.98938901690174,13.85389480097259,0,23.0,23.0,1.0,4,0,0,0,1,0,0,0,1,0,58.0,47.5821079,19.05342,0,6817.2,>2000 m (referencia),0,,,0,0,0,https://ingatlan.com/34902531,"Eladó tégla lakás - Budapest X. kerület, Hortobágyi utca #34902531",1106,Budapest,Hortobágyi utca,,felújított,Tégla lakás,1968.0,30-60 év (panel-korszak),0.0,1.0,0.0,1 szoba,23.0,földszint,0.0,2.0,0,"hőszivattyú, padlófűtés",,0,0,1,0,C,,,,nem,,,Ingatlaniroda,,1536.0,4.0,,,,,,,,,0,0,0,,0,0,0,,0,0,,0,0,0,,0,0,0,,,,,0,0,0,,0,0,0,,0,0,0,,0,0,0,,0,0,0,,,,,,
34904184,elado,"Budapest X. kerület, Martinovics tér 120.",Óhegy,68000000.0,68.0,68000.0,566666.6666666666,18.03501826314038,13.247526520358335,0,120.0,120.0,4.0,2,1,0,0,1,0,0,0,1,0,,,,0,,,0,,,0,0,0,https://ingatlan.com/34904184,"Eladó tégla lakás - Budapest X. kerület, Martinovics tér #34904184",1105,Budapest,Martinovics tér,120,közepes állapotú,Tégla lakás,,Ismeretlen,0.0,4.0,0.0,4+ szoba,30.0,földszint,0.0,4.0,0,padlófűtés,,0,0,0,0,nincs megadva,,,,igen,,,Ingatlaniroda,,1090.0,4.0,,,,,,,,,0,0,0,,0,0,0,,0,0,,0,0,0,,0,0,0,,,,,0,0,0,,0,0,0,,0,0,0,,0,0,0,,0,0,0,,,,,,
34909050,elado,"Budapest X. kerület, Harmat utca",Óhegy,71500000.0,71.5,71500.0,1117187.5,18.085208007664235,13.926324924304565,0,64.0,67.0,3.0,2,1,0,0,0,1,0,1,0,0,38.0,47.4702785,19.1650971,0,1026.1,1000-2000 m,0,,,0,0,0,https://ingatlan.com/34909050,"Eladó csúsztatott zsalus - Budapest X. kerület, Harmat utca #34909050",1104,Budapest,Harmat utca,,közepes állapotú,Csúsztatott zsalus lakás,1988.0,30-60 év (panel-korszak),6.0,3.0,0.0,3 szoba,21.333333333333332,6,6.0,10.0,0,távfűtés egyedi méréssel,,1,0,0,0,nincs megadva,,,,nem,17300.0,,Ingatlaniroda,,1791.0,2.0,,,,,,,,,0,0,0,,0,0,0,,0,0,,0,0,0,,0,0,0,,,,,0,0,0,,0,0,0,,0,0,0,,0,0,0,,0,0,0,,,,,,
34917635,elado,"Budapest X. kerület, Tavas utca 4.",Újhegy,62900000.0,62.9,62900.0,925000.0,17.957056721670668,13.737549016494562,0,68.0,69.5,3.0,2,1,0,1,0,1,0,1,0,0,58.0,47.467441,19.161165,1,628.2,500-1000 m,0,1388.7,18.5,0,0,0,https://ingatlan.com/34917635,"Eladó panel lakás - Budapest X. kerület, Tavas utca 4. #34917635",1108,Budapest,Tavas utca,4,közepes állapotú,Panel lakás,1968.0,30-60 év (panel-korszak),3.0,3.0,0.0,3 szoba,22.666666666666668,nincs megadva,,10.0,0,távfűtés,,1,0,0,0,nincs megadva,,,,nincs megadva,20750.0,,Ingatlaniroda,,2756.0,3.0,,,,,,,,1394.6,0,0,0,1276.2,0,0,0,246.3,1,1,1276.2,0,0,0,433.4,0,1,1,5.0,33.0,48.0,,0,0,0,,0,0,0,270.4,1,1,1,454.9,0,1,1,1660.1,0,0,0,Kőbánya-Kispest,,Sírkert út,Mélytó utca,Újhegy park,villamos
34940520,elado,"Budapest X. kerület, Kismartoni út",Óhegy,107900000.0,107.9,107900.0,1478082.191780822,18.496715430228363,14.206255989079972,0,73.0,83.0,2.0,3,0,0,0,1,0,0,1,0,0,,47.4826617,19.1159951,0,203.4,150-300 m,0,,,0,0,0,https://ingatlan.com/34940520,"Eladó tégla lakás - Budapest X. kerület, Kismartoni út #34940520",1101,Budapest,Kismartoni út,,nincs megadva,Tégla lakás,,Ismeretlen,20.0,2.0,0.0,2 szoba,36.5,nincs megadva,,,0,nincs megadva,,0,0,0,0,nincs megadva,,,,nincs megadva,,,Ingatlaniroda,,364.0,2.0,,,,,,,,,0,0,0,,0,0,0,,0,0,,0,0,0,,0,0,0,,,,,0,0,0,,0,0,0,,0,0,0,,0,0,0,,0,0,0,,,,,,
34946499,elado,"Budapest X. kerület, Maglódi út",Gyárdűlő,41900000.0,41.9,41900.0,1197142.857142857,17.550796384892365,13.995448323402952,0,35.0,35.0,1.0,2,1,0,0,1,0,0,0,0,0,,47.4690168,19.1765285,0,1224.6,1000-2000 m,0,,,0,0,0,https://ingatlan.com/34946499,"Eladó tégla lakás - Budapest X. kerület, Maglódi út #34946499",1106,Budapest,Maglódi út,,közepes állapotú,Tégla lakás,,Ismeretlen,0.0,1.0,0.0,1 szoba,35.0,1,1.0,3.0,0,egyéb kazán,,0,0,0,0,nincs megadva,,,,nincs megadva,14000.0,16000.0,Ingatlaniroda,,523.0,4.0,,,,,,,,,0,0,0,,0,0,0,,0,0,,0,0,0,,0,0,0,,,,,0,0,0,,0,0,0,,0,0,0,,0,0,0,,0,0,0,,,,,,
34952643,elado,"Budapest X. kerület, Gyógyszergyári utca",Felsőrákos,75900000.0,75.9,75900.0,1581250.0,18.14492724236586,14.273726231457967,0,48.0,54.055,2.0,6,0,1,0,1,1,1,1,0,0,0.0,47.4994212,19.1493566,0,351.7,300-500 m,0,,,0,0,0,https://ingatlan.com/34952643,"Eladó tégla lakás - Budapest X. kerület, Gyógyszergyári utca #34952643",1106,Budapest,Gyógyszergyári utca,,új építésű,Tégla lakás,2027.0,Új építésű (2025+),12.11,2.0,0.0,2 szoba,24.0,6,6.0,7.0,0,távfűtés,,1,0,0,0,A+,,,,nincs megadva,,,Ingatlaniroda,,3395.0,4.0,,,,,,,,,0,0,0,,0,0,0,,0,0,,0,0,0,,0,0,0,,,,,0,0,0,,0,0,0,,0,0,0,,0,0,0,,0,0,0,,,,,,
34952778,elado,"Budapest X. kerület, Gyógyszergyári utca",Felsőrákos,75900000.0,75.9,75900.0,1581250.0,18.14492724236586,14.273726231457967,0,48.0,54.055,2.0,6,0,1,0,1,1,1,1,0,0,0.0,47.4994212,19.1493566,0,351.7,300-500 m,0,,,0,0,0,https://ingatlan.com/34952778,"Eladó tégla lakás - Budapest X. kerület, Gyógyszergyári utca #34952778",1106,Budapest,Gyógyszergyári utca,,új építésű,Tégla lakás,2027.0,Új építésű (2025+),12.11,2.0,0.0,2 szoba,24.0,5,5.0,9.0,0,távfűtés,,1,0,0,0,A+,,,,nincs megadva,,,Ingatlaniroda,,2700.0,4.0,,,,,,,,,0,0,0,,0,0,0,,0,0,,0,0,0,,0,0,0,,,,,0,0,0,,0,0,0,,0,0,0,,0,0,0,,0,0,0,,,,,,
34955182,elado,"Budapest X. kerület, Gyógyszergyári utca",Felsőrákos,76900000.0,76.9,76900.0,1602083.3333333333,18.158016434475872,14.286815423567981,0,48.0,54.055,2.0,6,0,1,0,1,1,1,1,0,0,0.0,47.4994212,19.1493566,0,351.7,300-500 m,0,,,0,0,0,https://ingatlan.com/34955182,"Eladó tégla lakás - Budapest X. kerület, Gyógyszergyári utca #34955182",1106,Budapest,Gyógyszergyári utca,,új építésű,Tégla lakás,2027.0,Új építésű (2025+),12.11,2.0,0.0,2 szoba,24.0,7,7.0,9.0,0,távfűtés,,1,0,0,0,A+,,,,nincs megadva,,,Ingatlaniroda,,2721.0,4.0,,,,,,,,,0,0,0,,0,0,0,,0,0,,0,0,0,,0,0,0,,,,,0,0,0,,0,0,0,,0,0,0,,0,0,0,,0,0,0,,,,,,
34955206,elado,"Budapest X. kerület, Gyógyszergyári utca",Felsőrákos,74900000.0,74.9,74900.0,1468627.450980392,18.13166444848745,14.199838815763123,0,51.0,57.255,2.0,6,0,1,0,1,1,1,1,0,0,0.0,47.4994212,19.1493566,0,351.7,300-500 m,0,,,0,0,0,https://ingatlan.com/34955206,"Eladó tégla lakás - Budapest X. kerület, Gyógyszergyári utca #34955206",1106,Budapest,Gyógyszergyári utca,,új építésű,Tégla lakás,2027.0,Új építésű (2025+),12.51,2.0,0.0,2 szoba,25.5,1,1.0,9.0,0,távfűtés,,1,0,0,0,A+,,,,nincs megadva,,,Ingatlaniroda,,2700.0,4.0,,,,,,,,,0,0,0,,0,0,0,,0,0,,0,0,0,,0,0,0,,,,,0,0,0,,0,0,0,,0,0,0,,0,0,0,,0,0,0,,,,,,
34963213,elado,"Budapest X. kerület, Füzér utca 17.",Ligettelek,17000000.0,17.0,17000.0,1000000.0,16.64872390202049,13.815510557964274,0,17.0,17.0,1.0,4,0,0,0,1,0,0,0,0,0,,,,0,,,0,,,0,0,0,https://ingatlan.com/34963213,"Eladó tégla lakás - Budapest X. kerület, Füzér utca #34963213",1102,Budapest,Füzér utca,17,felújított,Tégla lakás,,Ismeretlen,0.0,1.0,0.0,1 szoba,17.0,nincs megadva,,,0,nincs megadva,,0,0,0,0,nincs megadva,,,,nem,,,Ingatlaniroda,,1422.0,4.0,,,,,,,,,0,0,0,,0,0,0,,0,0,,0,0,0,,0,0,0,,,,,0,0,0,,0,0,0,,0,0,0,,0,0,0,,0,0,0,,,,,,
34971479,elado,"Budapest X. kerület, Lenfonó utca 2.",Újhegy,70000000.0,70.0,70000.0,1029411.7647058824,18.064005800013632,13.844498094837526,0,68.0,70.0,3.0,3,0,0,1,0,1,1,1,0,1,,,,0,,,0,,,0,0,0,https://ingatlan.com/34971479,"Eladó panel lakás - Budapest X. kerület, Lenfonó utca #34971479",1108,Budapest,Lenfonó utca,2,jó állapotú,Panel lakás,,Ismeretlen,4.0,3.0,0.0,3 szoba,22.666666666666668,10,10.0,10.0,0,távfűtés,,1,0,0,0,C,,,,nincs megadva,15000.0,40000.0,Ingatlaniroda,,1260.0,4.0,,,,,,,,,0,0,0,,0,0,0,,0,0,,0,0,0,,0,0,0,,,,,0,0,0,,0,0,0,,0,0,0,,0,0,0,,0,0,0,,,,,,
34980261,elado,"Budapest X. kerület, Népliget",Kőbánya egyéb,163000000.0,163.0,163000.0,1358333.3333333333,18.909260758771037,14.12176901598899,0,120.0,120.0,2.0,4,0,0,0,1,1,0,0,0,0,21.0,47.4797172,19.1098947,0,515.2,500-1000 m,0,,,0,0,0,https://ingatlan.com/34980261,"Eladó tégla lakás - Budapest X. kerület, Népliget #34980261",1101,Budapest,Népliget,,felújított,Tégla lakás,2005.0,10-30 év (rendszerváltás utáni),0.0,2.0,0.0,2 szoba,60.0,5,5.0,,0,házközponti egyedi méréssel,,0,0,0,0,nincs megadva,,,,nincs megadva,25000.0,,Ingatlaniroda,,1218.0,4.0,,,,,,,,,0,0,0,,0,0,0,,0,0,,0,0,0,,0,0,0,,,,,0,0,0,,0,0,0,,0,0,0,,0,0,0,,0,0,0,,,,,,
34985186,elado,"Budapest X. kerület, Kápolna utca",Kőbánya-Városközpont,70000000.0,70.0,70000.0,1000000.0,18.064005800013632,13.815510557964274,0,70.0,70.0,3.0,4,0,0,0,1,0,0,0,1,0,58.0,47.4823363,19.1289949,0,88.5,<150 m,1,,,0,0,0,https://ingatlan.com/34985186,"Eladó tégla lakás - Budapest X. kerület, Kápolna utca #34985186",1102,Budapest,Kápolna utca,,felújított,Tégla lakás,1968.0,30-60 év (panel-korszak),0.0,3.0,0.0,3 szoba,23.333333333333332,földszint,0.0,0.0,0,nincs megadva,,0,0,0,0,nincs megadva,,,,igen,,,Ingatlaniroda,,19.0,4.0,,,,,,,,,0,0,0,,0,0,0,,0,0,,0,0,0,,0,0,0,,,,,0,0,0,,0,0,0,,0,0,0,,0,0,0,,0,0,0,,,,,,
34988259,elado,"Budapest X. kerület, Vasláb utca 3/19.",Laposdűlő,59000000.0,59.0,59000.0,1134615.3846153845,17.893048001869992,13.941804283288565,0,52.0,52.0,2.0,1,1,0,0,1,0,0,0,0,0,96.0,47.485608,19.124045,1,70.2,<150 m,1,441.1,5.9,0,1,1,https://ingatlan.com/34988259,"Eladó tégla lakás - Budapest X. kerület, Vasláb utca 3/19 #34988259",1101,Budapest,Vasláb utca,3/19,felújítandó,Tégla lakás,1930.0,60+ év (háború előtti),0.0,2.0,0.0,2 szoba,26.0,nincs megadva,,0.0,0,"gáz (konvektor), egyéb",,0,1,0,0,nincs megadva,,,,igen,,,Ingatlaniroda,,428.0,2.0,,,,,,,,,0,0,0,287.8,1,1,1,179.1,1,1,287.8,1,1,1,174.4,1,1,1,11.0,56.0,99.0,422.7,0,1,1,987.5,0,0,1,294.1,1,1,1,282.0,1,1,1,,0,0,0,Kőbánya alsó,,Mázsa utca,Kistorony park,Hargitai sétányi park,villamos
35009760,elado,"Budapest X. kerület, Márga utca",Óhegy,38000000.0,38.0,38000.0,950000.0,17.45309671769066,13.764217263576723,0,40.0,40.0,1.0,1,1,0,0,1,0,0,0,1,0,58.0,47.4776143,19.1414884,0,680.0,500-1000 m,0,,,0,0,0,https://ingatlan.com/35009760,"Eladó tégla lakás - Budapest X. kerület, Márga utca #35009760",1103,Budapest,Márga utca,,felújítandó,Tégla lakás,1968.0,30-60 év (panel-korszak),0.0,1.0,0.0,1 szoba,40.0,földszint,0.0,0.0,0,gáz (konvektor),,0,1,0,0,nincs megadva,,,,igen,,20000.0,Ingatlaniroda,,950.0,4.0,,,,,,,,,0,0,0,,0,0,0,,0,0,,0,0,0,,0,0,0,,,,,0,0,0,,0,0,0,,0,0,0,,0,0,0,,0,0,0,,,,,,
35010892,elado,"Budapest X. kerület, Ligettelek",Ligettelek,137900000.0,137.9,137900.0,992086.3309352518,18.74203934276353,13.807565409632838,0,139.0,139.0,6.0,4,0,0,0,1,0,1,0,0,0,,47.493646,19.1300619,0,227.7,150-300 m,0,,,0,0,0,https://ingatlan.com/35010892,"Eladó tégla lakás - Budapest X. kerület, Ligettelek #35010892",1101,Budapest,Ligettelek,,felújított,Tégla lakás,,Ismeretlen,0.0,6.0,0.0,4+ szoba,23.166666666666668,nincs megadva,,,0,gázkazán,,0,1,0,0,nincs megadva,,,,igen,,,Ingatlaniroda,,1848.0,4.0,,,,,,,,,0,0,0,,0,0,0,,0,0,,0,0,0,,0,0,0,,,,,0,0,0,,0,0,0,,0,0,0,,0,0,0,,0,0,0,,,,,,
35011615,elado,"Budapest X. kerület, Szlávy utca 44.",Óhegy,35800000.0,35.8,35800.0,813636.3636363636,17.39345845137093,13.609268817452667,0,44.0,44.0,2.0,2,1,0,0,1,0,0,0,0,0,96.0,,,0,,,0,,,0,0,0,https://ingatlan.com/35011615,"Eladó tégla lakás - Budapest X. kerület, Szlávy utca #35011615",1103,Budapest,Szlávy utca,44,közepes állapotú,Tégla lakás,1930.0,60+ év (háború előtti),0.0,2.0,0.0,2 szoba,22.0,szuterén,-1.0,2.0,0,elektromos fűtőpanel,,0,0,0,0,G,,,,nincs megadva,11600.0,22000.0,Ingatlaniroda,,1254.0,4.0,,,,,,,,,0,0,0,,0,0,0,,0,0,,0,0,0,,0,0,0,,,,,0,0,0,,0,0,0,,0,0,0,,0,0,0,,0,0,0,,,,,,
35012388,elado,"Budapest X. kerület, Szárnyas utca",Gyárdűlő,53000000.0,53.0,53000.0,1432432.4324324324,17.785802471516394,14.174884558872172,0,37.0,37.0,1.0,4,0,0,1,0,0,0,0,1,0,,47.4688278,19.1202985,0,762.0,500-1000 m,0,,,0,0,0,https://ingatlan.com/35012388,"Eladó panel lakás - Budapest X. kerület, Szárnyas utca #35012388",1107,Budapest,Szárnyas utca,,felújított,Panel lakás,,Ismeretlen,0.0,1.0,0.0,1 szoba,37.0,földszint,0.0,,0,gáz (konvektor),,0,1,0,0,nincs megadva,,,,nincs megadva,,,Ingatlaniroda,,211.0,2.0,,,,,,,,,0,0,0,,0,0,0,,0,0,,0,0,0,,0,0,0,,,,,0,0,0,,0,0,0,,0,0,0,,0,0,0,,0,0,0,,,,,,
35014903,elado,"Budapest X. kerület, Kőbánya - Óhegy",Óhegy,124000000.0,124.0,124000.0,1078260.8695652173,18.63579212356931,13.89085999520606,0,115.0,225.0,3.0,5,0,1,0,1,0,0,1,1,0,2.0,47.4820541,19.132346,0,297.2,150-300 m,0,,,0,0,0,https://ingatlan.com/35014903,"Eladó tégla lakás - Budapest X. kerület, Kőbánya - Óhegy #35014903",1103,Budapest,Kőbánya - Óhegy,,újszerű,Tégla lakás,2024.0,0-10 év,220.0,3.0,0.0,3 szoba,38.333333333333336,földszint,0.0,2.0,0,"hőszivattyú, padlófűtés",,0,0,1,0,nincs megadva,,,,igen,,,Ingatlaniroda,,590.0,4.0,,,,,,,,,0,0,0,,0,0,0,,0,0,,0,0,0,,0,0,0,,,,,0,0,0,,0,0,0,,0,0,0,,0,0,0,,0,0,0,,,,,,
35015025,elado,"Budapest X. kerület, Kőbánya - Óhegy",Óhegy,124000000.0,124.0,124000.0,953846.1538461539,18.63579212356931,13.768257673113729,0,130.0,240.0,3.0,5,0,1,0,1,0,0,1,1,0,2.0,47.4820541,19.132346,0,297.2,150-300 m,0,,,0,0,0,https://ingatlan.com/35015025,"Eladó tégla lakás - Budapest X. kerület, Kőbánya - Óhegy #35015025",1103,Budapest,Kőbánya - Óhegy,,újszerű,Tégla lakás,2024.0,0-10 év,220.0,3.0,0.0,3 szoba,43.333333333333336,földszint,0.0,2.0,0,"hőszivattyú, padlófűtés, mennyezeti hűtés-fűtés",,0,0,1,0,A,,,,igen,,,Ingatlaniroda,,607.0,4.0,,,,,,,,,0,0,0,,0,0,0,,0,0,,0,0,0,,0,0,0,,,,,0,0,0,,0,0,0,,0,0,0,,0,0,0,,0,0,0,,,,,,
35018466,elado,"Budapest X. kerület, Gyógyszergyári utca",Felsőrákos,75900000.0,75.9,75900.0,1548979.5918367347,18.14492724236586,14.253106944255231,0,49.0,55.055,2.0,6,0,1,0,1,1,1,1,0,0,0.0,47.4994212,19.1493566,0,351.7,300-500 m,0,,,0,0,0,https://ingatlan.com/35018466,"Eladó tégla lakás - Budapest X. kerület, Gyógyszergyári utca #35018466",1106,Budapest,Gyógyszergyári utca,,új építésű,Tégla lakás,2027.0,Új építésű (2025+),12.11,2.0,0.0,2 szoba,24.5,6,6.0,7.0,0,távfűtés,,1,0,0,0,A+,,,,nincs megadva,,,Ingatlaniroda,,3375.0,4.0,,,,,,,,,0,0,0,,0,0,0,,0,0,,0,0,0,,0,0,0,,,,,0,0,0,,0,0,0,,0,0,0,,0,0,0,,0,0,0,,,,,,
35021141,elado,"Budapest X. kerület, Ónodi utca",Ligettelek,63000000.0,63.0,63000.0,1125000.0,17.958645284355807,13.933293593620657,0,56.0,58.0,2.0,3,0,0,0,0,1,0,1,0,0,,47.4889502,19.1345557,0,265.4,150-300 m,0,,,0,0,0,https://ingatlan.com/35021141,"Eladó csúsztatott zsalus - Budapest X. kerület, Ónodi utca #35021141",1102,Budapest,Ónodi utca,,jó állapotú,Csúsztatott zsalus lakás,,Ismeretlen,4.0,2.0,0.0,2 szoba,28.0,1,1.0,10.0,0,távfűtés,,1,0,0,0,nincs megadva,,,,nincs megadva,15800.0,,Ingatlaniroda,,1032.0,4.0,,,,,,,,,0,0,0,,0,0,0,,0,0,,0,0,0,,0,0,0,,,,,0,0,0,,0,0,0,,0,0,0,,0,0,0,,0,0,0,,,,,,
35021166,elado,"Budapest X. kerület, Népliget",Kőbánya egyéb,163000000.0,163.0,163000.0,2037500.0,18.909260758771037,14.527234124097156,0,80.0,120.0,2.0,3,0,0,0,1,1,1,1,0,1,21.0,47.4797172,19.1098947,0,515.2,500-1000 m,0,,,0,0,0,https://ingatlan.com/35021166,"Eladó tégla lakás - Budapest X. kerület, Népliget #35021166",1101,Budapest,Népliget,,jó állapotú,Tégla lakás,2005.0,10-30 év (rendszerváltás utáni),80.0,2.0,0.0,2 szoba,40.0,5,5.0,5.0,0,házközponti egyedi méréssel,,0,0,0,0,nincs megadva,,,,nincs megadva,25000.0,,Ingatlaniroda,,1301.0,4.0,,,,,,,,,0,0,0,,0,0,0,,0,0,,0,0,0,,0,0,0,,,,,0,0,0,,0,0,0,,0,0,0,,0,0,0,,0,0,0,,,,,,
35022325,elado,"Budapest X. kerület, Kővágó utca",Újhegy,73000000.0,73.0,73000.0,1073529.4117647058,18.105969999112666,13.886462293936559,0,68.0,69.5,3.0,3,0,0,1,0,1,0,1,0,0,,47.4725225,19.1634642,0,855.4,500-1000 m,0,,,0,0,0,https://ingatlan.com/35022325,"Eladó panel lakás - Budapest X. kerület, Kővágó utca #35022325",1108,Budapest,Kővágó utca,,jó állapotú,Panel lakás,,Ismeretlen,3.0,3.0,0.0,3 szoba,22.666666666666668,1,1.0,10.0,0,távfűtés,,1,0,0,0,nincs megadva,,,,nincs megadva,,,Ingatlaniroda,,89.0,2.0,,,,,,,,,0,0,0,,0,0,0,,0,0,,0,0,0,,0,0,0,,,,,0,0,0,,0,0,0,,0,0,0,,0,0,0,,0,0,0,,,,,,
35029132,elado,"Budapest X. kerület, Hungária körút",Laposdűlő,82900000.0,82.9,82900.0,1151388.888888889,18.233145620105525,13.956479501089468,0,72.0,73.8,3.0,5,0,1,1,0,1,1,1,0,0,38.0,47.5120385,19.0980307,0,121.4,<150 m,1,,,0,0,0,https://ingatlan.com/35029132,"Eladó panel lakás - Budapest X. kerület, Hungária körút #35029132",1101,Budapest,Hungária körút,,újszerű,Panel lakás,1988.0,30-60 év (panel-korszak),3.6,3.0,0.0,3 szoba,24.0,8,8.0,10.0,0,házközponti,,0,0,0,0,nincs megadva,,,,nem,35000.0,,Ingatlaniroda,,461.0,4.0,,,,,,,,,0,0,0,,0,0,0,,0,0,,0,0,0,,0,0,0,,,,,0,0,0,,0,0,0,,0,0,0,,0,0,0,,0,0,0,,,,,,
35033656,elado,"Budapest X. kerület, Szövőszék utca 2.",Újhegy,59900000.0,59.9,59900.0,1198000.0,17.908187063085677,13.996164057657532,0,50.0,53.0,2.0,3,0,0,1,0,0,0,1,0,0,,47.47196,19.160361,1,939.5,500-1000 m,0,1408.9,18.8,0,0,0,https://ingatlan.com/35033656,"Eladó panel lakás - Budapest X. kerület, Szövőszék utca 2. #35033656",1108,Budapest,Szövőszék utca,2,nincs megadva,Panel lakás,,Ismeretlen,6.0,2.0,0.0,2 szoba,25.0,nincs megadva,,,0,nincs megadva,,0,0,0,0,nincs megadva,,,,nincs megadva,,,Ingatlaniroda,,809.0,2.0,,,,,,,,1414.9,0,0,0,849.4,0,0,1,109.3,1,1,849.4,0,0,1,599.8,0,1,1,7.0,28.0,54.0,,0,0,0,,0,0,0,214.0,1,1,1,475.4,0,1,1,1068.3,0,0,1,Kőbánya-Kispest,,Venyige utca,Szövőszék utca,Gőzmozdony park,villamos
35035943,elado,"Budapest X. kerület, Martinovics tér 9.",Óhegy,120000000.0,120.0,120000.0,1121495.3271028036,18.60300230074632,13.930173466284414,0,107.0,124.5,5.0,5,0,1,0,1,0,1,1,0,0,13.0,47.481085,19.134945,1,417.0,300-500 m,0,720.0,9.6,0,1,1,https://ingatlan.com/35035943,"Eladó tégla lakás - Budapest X. kerület, Martinovics tér 9. #35035943",1105,Budapest,Martinovics tér,9,újszerű,Tégla lakás,2013.0,10-30 év (rendszerváltás utáni),35.0,5.0,0.0,4+ szoba,21.4,4,4.0,5.0,0,gázkazán,,0,1,0,0,nincs megadva,,,,nincs megadva,45000.0,,Ingatlaniroda,,602.0,4.0,,,,,,,,,0,0,0,430.9,0,1,1,83.9,1,1,430.9,0,1,1,280.6,1,1,1,9.0,67.0,110.0,379.2,0,1,1,1076.9,0,0,1,94.1,1,1,1,556.2,0,1,1,,0,0,0,Kőbánya alsó,,Kápolna utca,Kápolna tér,Csajkovszkij park,villamos
35035988,elado,"Budapest X. kerület, Martinovics tér 9.",Óhegy,94900000.0,94.9,94900.0,1129761.9047619049,18.368334263580156,13.937517464736842,0,84.0,95.0,3.0,3,0,0,0,1,0,0,1,0,0,13.0,47.481085,19.134945,1,417.0,300-500 m,0,720.0,9.6,0,1,1,https://ingatlan.com/35035988,"Eladó tégla lakás - Budapest X. kerület, Martinovics tér 9. #35035988",1105,Budapest,Martinovics tér,9,jó állapotú,Tégla lakás,2013.0,10-30 év (rendszerváltás utáni),22.0,3.0,0.0,3 szoba,28.0,4,4.0,5.0,0,gázkazán,,0,1,0,0,nincs megadva,,,,nincs megadva,38000.0,,Ingatlaniroda,,467.0,4.0,,,,,,,,,0,0,0,430.9,0,1,1,83.9,1,1,430.9,0,1,1,280.6,1,1,1,9.0,67.0,110.0,379.2,0,1,1,1076.9,0,0,1,94.1,1,1,1,556.2,0,1,1,,0,0,0,Kőbánya alsó,,Kápolna utca,Kápolna tér,Csajkovszkij park,villamos
35037614,elado,"Budapest X. kerület, Kőrösi Csoma sétány",Kőbánya-Városközpont,95500000.0,95.5,95500.0,909523.8095238095,18.374636805450958,13.720676455293436,0,105.0,107.5,5.0,2,1,0,0,0,0,0,1,0,1,38.0,47.4850651,19.1310368,0,363.1,300-500 m,0,,,0,0,0,https://ingatlan.com/35037614,"Eladó csúsztatott zsalus - Budapest X. kerület, Kőrösi Csoma sétány #35037614",1102,Budapest,Kőrösi Csoma sétány,,közepes állapotú,Csúsztatott zsalus lakás,1988.0,30-60 év (panel-korszak),5.0,5.0,0.0,4+ szoba,21.0,4,4.0,4.0,0,távfűtés,,1,0,0,0,nincs megadva,,,,nincs megadva,23000.0,,Ingatlaniroda,,1302.0,4.0,,,,,,,,,0,0,0,,0,0,0,,0,0,,0,0,0,,0,0,0,,,,,0,0,0,,0,0,0,,0,0,0,,0,0,0,,0,0,0,,,,,,
35040008,elado,"Budapest X. kerület, Martinovics tér",Óhegy,83900000.0,83.9,83900.0,687704.9180327869,18.245136171437434,13.441115126704178,0,122.0,122.0,3.0,2,1,0,0,1,1,0,0,0,0,96.0,47.4563935,19.1965795,0,426.1,300-500 m,0,,,0,0,0,https://ingatlan.com/35040008,"Eladó tégla lakás - Budapest X. kerület, Martinovics tér #35040008",1105,Budapest,Martinovics tér,,közepes állapotú,Tégla lakás,1930.0,60+ év (háború előtti),0.0,3.0,0.0,3 szoba,40.666666666666664,3,3.0,6.0,0,gázkazán,,0,1,0,0,nincs megadva,,,,nem,31000.0,,Ingatlaniroda,,1321.0,4.0,,,,,,,,,0,0,0,,0,0,0,,0,0,,0,0,0,,0,0,0,,,,,0,0,0,,0,0,0,,0,0,0,,0,0,0,,0,0,0,,,,,,
35044014,elado,"Budapest X. kerület, Kápolna utca 25-ben.",Kőbánya-Városközpont,44900000.0,44.9,44900.0,1122500.0,17.619948352712484,13.931068898598546,0,40.0,40.0,1.0,3,0,0,0,1,0,1,0,0,0,38.0,,,0,,,0,,,0,0,0,https://ingatlan.com/35044014,"Eladó tégla lakás - Budapest X. kerület, Kápolna utca #35044014",1102,Budapest,Kápolna utca,25-ben,jó állapotú,Tégla lakás,1988.0,30-60 év (panel-korszak),0.0,1.0,0.0,1 szoba,40.0,2,2.0,3.0,0,gázkazán,,0,1,0,0,nincs megadva,,,,nem,,,Ingatlaniroda,,1443.0,2.0,,,,,,,,,0,0,0,,0,0,0,,0,0,,0,0,0,,0,0,0,,,,,0,0,0,,0,0,0,,0,0,0,,0,0,0,,0,0,0,,,,,,
35044912,elado,"Budapest X. kerület, Kőbánya-Városközpont",Kőbánya-Városközpont,72000000.0,72.0,72000.0,1028571.4285714285,18.09217667698033,13.84368143493097,0,70.0,70.0,3.0,3,0,0,1,0,0,0,0,0,0,,47.482503,19.1307351,0,213.3,150-300 m,0,,,0,0,0,https://ingatlan.com/35044912,"Eladó panel lakás - Budapest X. kerület, Kőbánya-Városközpont #35044912",1105,Budapest,Kőbánya-Városközpont,,jó állapotú,Panel lakás,,Ismeretlen,0.0,3.0,0.0,3 szoba,23.333333333333332,1,1.0,,0,nincs megadva,,0,0,0,0,nincs megadva,,,,nincs megadva,,,Ingatlaniroda,,722.0,4.0,,,,,,,,,0,0,0,,0,0,0,,0,0,,0,0,0,,0,0,0,,,,,0,0,0,,0,0,0,,0,0,0,,0,0,0,,0,0,0,,,,,,
35054100,elado,"Budapest X. kerület, Mélytó utca 2.",Újhegy,65000000.0,65.0,65000.0,1326530.612244898,17.98989782785991,14.098077529749284,0,49.0,50.5,2.0,4,0,0,1,0,1,0,1,0,1,38.0,,,0,,,0,,,0,0,0,https://ingatlan.com/35054100,"Eladó panel lakás - Budapest X. kerület, Mélytó utca #35054100",1108,Budapest,Mélytó utca,2,felújított,Panel lakás,1988.0,30-60 év (panel-korszak),3.0,2.0,0.0,2 szoba,24.5,10,10.0,10.0,0,távfűtés,,1,0,0,0,D,,,,nem,14000.0,30000.0,Ingatlaniroda,,190.0,2.0,,,,,,,,,0,0,0,,0,0,0,,0,0,,0,0,0,,0,0,0,,,,,0,0,0,,0,0,0,,0,0,0,,0,0,0,,0,0,0,,,,,,
35054443,elado,"Budapest X. kerület, Gergely utca",Óhegy,54900000.0,54.9,54900.0,980357.1428571428,17.82102390647976,13.79567221574461,0,56.0,56.0,2.0,2,1,0,0,1,0,0,0,0,1,58.0,47.4702816,19.1514579,0,666.5,500-1000 m,0,,,0,0,0,https://ingatlan.com/35054443,"Eladó tégla lakás - Budapest X. kerület, Gergely utca #35054443",1103,Budapest,Gergely utca,,közepes állapotú,Tégla lakás,1968.0,30-60 év (panel-korszak),0.0,2.0,0.0,2 szoba,28.0,2,2.0,2.0,0,gáz (konvektor),,0,1,0,0,nincs megadva,,,,nem,,,Ingatlaniroda,,646.0,2.0,,,,,,,,,0,0,0,,0,0,0,,0,0,,0,0,0,,0,0,0,,,,,0,0,0,,0,0,0,,0,0,0,,0,0,0,,0,0,0,,,,,,
35057314,elado,"Budapest X. kerület, Harmat utca",Óhegy,64500000.0,64.5,64500.0,1216981.1320754718,17.982175781766,14.011883868213879,0,53.0,55.5,2.0,3,0,0,0,0,1,1,1,0,0,,47.4702785,19.1650971,0,1026.1,1000-2000 m,0,,,0,0,0,https://ingatlan.com/35057314,"Eladó csúsztatott zsalus - Budapest X. kerület, Harmat utca #35057314",1104,Budapest,Harmat utca,,jó állapotú,Csúsztatott zsalus lakás,,Ismeretlen,5.0,2.0,0.0,2 szoba,26.5,3,3.0,8.0,0,távfűtés,,1,0,0,0,C,,,,nincs megadva,10600.0,16000.0,Ingatlaniroda,,1652.0,2.0,,,,,,,,,0,0,0,,0,0,0,,0,0,,0,0,0,,0,0,0,,,,,0,0,0,,0,0,0,,0,0,0,,0,0,0,,0,0,0,,,,,,
35067507,elado,"Budapest X. kerület, Kőbánya - Óhegy",Óhegy,119990000.0,119.99,119990.0,759430.3797468354,18.60291896394057,13.540323930913605,0,158.0,166.4,3.0,3,0,0,0,1,0,0,1,1,0,0.0,47.4820541,19.132346,0,297.2,150-300 m,0,,,0,0,0,https://ingatlan.com/35067507,"Eladó tégla lakás - Budapest X. kerület, Kőbánya - Óhegy #35067507",1103,Budapest,Kőbánya - Óhegy,,nincs megadva,Tégla lakás,2025.0,Új építésű (2025+),16.8,3.0,0.0,3 szoba,52.666666666666664,földszint,0.0,0.0,0,"hőszivattyú, mennyezeti hűtés-fűtés, padlófűtés",,0,0,1,0,nincs megadva,,,,igen,,,Ingatlaniroda,,1915.0,4.0,,,,,,,,,0,0,0,,0,0,0,,0,0,,0,0,0,,0,0,0,,,,,0,0,0,,0,0,0,,0,0,0,,0,0,0,,0,0,0,,,,,,
35068026,elado,"Budapest X. kerület, Kolozsvári utca",Ligettelek,45000000.0,45.0,45000.0,562500.0,17.622173047734595,13.240146413060712,0,80.0,82.5,4.0,2,1,0,0,1,0,1,1,0,0,21.0,47.5822011,19.0598533,0,6651.5,>2000 m (referencia),0,,,0,0,0,https://ingatlan.com/35068026,"Eladó tégla lakás - Budapest X. kerület, Kolozsvári utca #35068026",1102,Budapest,Kolozsvári utca,,közepes állapotú,Tégla lakás,2005.0,10-30 év (rendszerváltás utáni),5.0,4.0,0.0,4+ szoba,20.0,1,1.0,2.0,0,"gázkazán, hűtő-fűtő klíma",,0,1,0,0,E,,,,nem,,30000.0,Ingatlaniroda,,1076.0,4.0,,,,,,,,,0,0,0,,0,0,0,,0,0,,0,0,0,,0,0,0,,,,,0,0,0,,0,0,0,,0,0,0,,0,0,0,,0,0,0,,,,,,
35077112,elado,"Budapest X. kerület, Kővágó utca",Újhegy,62900000.0,62.9,62900.0,953030.303030303,17.957056721670668,13.767401979644243,0,66.0,67.5,3.0,3,0,0,1,0,1,0,1,0,0,,47.4725225,19.1634642,0,855.4,500-1000 m,0,,,0,0,0,https://ingatlan.com/35077112,"Eladó panel lakás - Budapest X. kerület, Kővágó utca #35077112",1108,Budapest,Kővágó utca,,jó állapotú,Panel lakás,,Ismeretlen,3.0,3.0,0.0,3 szoba,22.0,6,6.0,,0,távfűtés egyedi méréssel,,1,0,0,0,nincs megadva,,,,nincs megadva,,25000.0,Ingatlaniroda,,286.0,4.0,,,,,,,,,0,0,0,,0,0,0,,0,0,,0,0,0,,0,0,0,,,,,0,0,0,,0,0,0,,0,0,0,,0,0,0,,0,0,0,,,,,,
35078338,elado,"Budapest X. kerület, Kápolna utca 1.",Kőbánya-Városközpont,79990000.0,79.99,79990.0,1269682.5396825396,18.197412184825005,14.054277458433472,0,63.0,63.0,4.0,4,0,0,1,0,1,1,0,0,0,58.0,47.481887,19.129128,1,74.6,<150 m,1,277.6,3.7,1,1,1,https://ingatlan.com/35078338,"Eladó panel lakás - Budapest X. kerület, Kápolna utca 1. #35078338",1102,Budapest,Kápolna utca,1,felújított,Panel lakás,1968.0,30-60 év (panel-korszak),0.0,4.0,0.0,4+ szoba,15.75,4,4.0,10.0,0,"távfűtés, hűtő-fűtő klíma",,1,0,0,0,C,,,,nem,13.0,21000.0,Ingatlaniroda,,1482.0,4.0,,,,,,,,2012.4,0,0,0,130.6,1,1,1,105.5,1,1,130.6,1,1,1,278.4,1,1,1,43.0,80.0,111.0,696.2,0,1,1,1082.2,0,0,1,220.9,1,1,1,308.1,1,1,1,,0,0,0,Kőbánya alsó,,Kőbánya alsó vasútállomás,Kőbánya alsó vasútállomás,Liget téri park,villamos
35079748,elado,"Budapest X. kerület, Kőbánya - Óhegy",Óhegy,99900000.0,99.9,99900.0,1427142.857142857,18.41968024361878,14.171185001569423,0,70.0,70.0,3.0,2,1,0,0,1,0,0,0,0,0,58.0,47.4820541,19.132346,0,297.2,150-300 m,0,,,0,0,0,https://ingatlan.com/35079748,"Eladó tégla lakás - Budapest X. kerület, Kőbánya - Óhegy #35079748",1103,Budapest,Kőbánya - Óhegy,,közepes állapotú,Tégla lakás,1968.0,30-60 év (panel-korszak),0.0,3.0,0.0,3 szoba,23.333333333333332,2,2.0,3.0,0,egyéb,,0,0,0,0,nincs megadva,,,,nincs megadva,,,Ingatlaniroda,,1387.0,4.0,,,,,,,,,0,0,0,,0,0,0,,0,0,,0,0,0,,0,0,0,,,,,0,0,0,,0,0,0,,0,0,0,,0,0,0,,0,0,0,,,,,,
35080516,elado,"Budapest X. kerület, Újhegyi út 18/b.",Újhegy,87000000.0,87.0,87000.0,1380952.380952381,18.28141867661886,14.138283950227326,0,63.0,75.5,3.0,6,0,1,0,1,1,1,1,0,0,0.0,47.468138,19.16875,1,901.5,500-1000 m,0,1890.6,25.2,0,0,0,https://ingatlan.com/35080516,"Eladó tégla lakás - Budapest X. kerület, Újhegyi út 18/b #35080516",1108,Budapest,Újhegyi út,18/b,új építésű,Tégla lakás,2026.0,Új építésű (2025+),25.0,3.0,0.0,3 szoba,21.0,1,1.0,4.0,0,"hőszivattyú, hűtő-fűtő klíma",,0,0,1,0,nincs megadva,,,,nincs megadva,,,Ingatlaniroda,,2535.0,4.0,,,,,,,,1896.5,0,0,0,975.8,0,0,1,13.3,1,1,975.8,0,0,1,401.7,0,1,1,4.0,18.0,57.0,,0,0,0,,0,0,0,580.2,0,1,1,647.1,0,1,1,1648.7,0,0,0,Kőbánya-Kispest,,Új köztemető,"Újhegyi út, Sportliget",Sportliget,villamos
35080604,elado,"Budapest X. kerület, Újhegyi út 18/a.",Újhegy,87000000.0,87.0,87000.0,1426229.5081967213,18.28141867661886,14.170544812445547,0,61.0,70.445,3.0,3,0,0,0,1,1,1,1,1,0,0.0,47.468138,19.16875,1,901.5,500-1000 m,0,1890.6,25.2,0,0,0,https://ingatlan.com/35080604,"Eladó tégla lakás - Budapest X. kerület, Újhegyi út 18/a #35080604",1108,Budapest,Újhegyi út,18/a,nincs megadva,Tégla lakás,2026.0,Új építésű (2025+),18.89,3.0,0.0,3 szoba,20.333333333333332,földszint,0.0,4.0,0,hőszivattyú,,0,0,1,0,nincs megadva,,,,igen,,,Ingatlaniroda,,2231.0,4.0,,,,,,,,1896.5,0,0,0,975.8,0,0,1,13.3,1,1,975.8,0,0,1,401.7,0,1,1,4.0,18.0,57.0,,0,0,0,,0,0,0,580.2,0,1,1,647.1,0,1,1,1648.7,0,0,0,Kőbánya-Kispest,,Új köztemető,"Újhegyi út, Sportliget",Sportliget,villamos
35081028,elado,"Budapest X. kerület, Kőbánya-Városközpont",Kőbánya-Városközpont,57900000.0,57.9,57900.0,1412195.1219512196,17.874227942543225,14.160655875838916,0,41.0,41.0,2.0,3,0,0,1,0,1,1,0,0,0,38.0,47.482503,19.1307351,0,213.3,150-300 m,0,,,0,0,0,https://ingatlan.com/35081028,"Eladó panel lakás - Budapest X. kerület, Kőbánya-Városközpont #35081028",1105,Budapest,Kőbánya-Városközpont,,jó állapotú,Panel lakás,1988.0,30-60 év (panel-korszak),0.0,2.0,0.0,2 szoba,20.5,2,2.0,10.0,0,távfűtés,,1,0,0,0,nincs megadva,,,,nem,14000.0,20000.0,Ingatlaniroda,,1129.0,4.0,,,,,,,,,0,0,0,,0,0,0,,0,0,,0,0,0,,0,0,0,,,,,0,0,0,,0,0,0,,0,0,0,,0,0,0,,0,0,0,,,,,,
35082248,elado,"Budapest X. kerület, Gergely utca 18.",Óhegy,29000000.0,29.0,29000.0,725000.0,17.182806387950748,13.493926933836812,0,40.0,40.0,2.0,3,0,0,0,1,0,0,0,0,0,,47.478997,19.136188,1,390.6,300-500 m,0,993.0,13.2,0,0,1,https://ingatlan.com/35082248,"Eladó tégla lakás - Budapest X. kerület, Gergely utca 18. #35082248",1103,Budapest,Gergely utca,18,nincs megadva,Tégla lakás,,Ismeretlen,0.0,2.0,0.0,2 szoba,20.0,nincs megadva,,,0,nincs megadva,,0,0,0,0,nincs megadva,,,,nincs megadva,,,Ingatlaniroda,,1075.0,2.0,,,,,,,,1885.7,0,0,0,706.5,0,1,1,170.2,1,1,706.5,0,1,1,204.0,1,1,1,5.0,34.0,95.0,557.7,0,1,1,1514.8,0,0,0,331.2,1,1,1,395.7,0,1,1,,0,0,0,Kőbánya alsó,Határ út,Kápolna utca,Ihász utca,Névtelen zöldfelület / park,villamos
35082442,elado,"Budapest X. kerület, Harmat köz 3.",Óhegy,59800000.0,59.8,59800.0,1272340.425531915,17.90651621892086,14.056368617210802,0,47.0,48.0,2.0,4,0,0,0,1,0,1,1,0,1,58.0,47.488836,19.13858,1,349.7,300-500 m,0,803.1,10.7,0,0,1,https://ingatlan.com/35082442,"Eladó tégla lakás - Budapest X. kerület, Harmat köz 3. #35082442",1105,Budapest,Harmat köz,3,felújított,Tégla lakás,1968.0,30-60 év (panel-korszak),2.0,2.0,0.0,2 szoba,23.5,3,3.0,3.0,0,"hűtő-fűtő klíma, elektromos fűtőpanel, infrafűtés",,0,0,0,0,nincs megadva,,,,nem,16500.0,30000.0,Ingatlaniroda,,1697.0,2.0,,,,,,,,2101.8,0,0,0,252.1,1,1,1,68.2,1,1,252.1,1,1,1,509.8,0,1,1,8.0,33.0,72.0,1161.6,0,0,0,302.8,1,1,1,713.3,0,1,1,212.9,1,1,1,,0,0,0,Kőbánya felső,,Szent László Gimnázium,Szent László Gimnázium,Sajó Sándor tér,villamos
35087320,elado,"Budapest X. kerület, Liget utca",Kőbánya-Városközpont,57900000.0,57.9,57900.0,1113461.5384615385,17.874227942543225,13.922984223961796,0,52.0,52.0,2.0,5,0,1,0,1,1,1,0,0,0,21.0,47.4890878,19.1331022,0,246.8,150-300 m,0,,,0,0,0,https://ingatlan.com/35087320,"Eladó tégla lakás - Budapest X. kerület, Liget utca #35087320",1102,Budapest,Liget utca,,újszerű,Tégla lakás,2005.0,10-30 év (rendszerváltás utáni),0.0,2.0,0.0,2 szoba,26.0,3,3.0,,0,házközponti,,0,0,0,0,nincs megadva,,,,nincs megadva,,45000.0,Ingatlaniroda,,599.0,4.0,,,,,,,,,0,0,0,,0,0,0,,0,0,,0,0,0,,0,0,0,,,,,0,0,0,,0,0,0,,0,0,0,,0,0,0,,0,0,0,,,,,,
35088325,elado,"Budapest X. kerület, Martinovics tér 9.",Óhegy,81900000.0,81.9,81900.0,1137500.0,18.221009548823297,13.944343429807242,0,72.0,78.5,3.0,3,0,0,0,1,0,0,1,0,0,21.0,47.481085,19.134945,1,417.0,300-500 m,0,720.0,9.6,0,1,1,https://ingatlan.com/35088325,"Eladó tégla lakás - Budapest X. kerület, Martinovics tér 9. #35088325",1105,Budapest,Martinovics tér,9,jó állapotú,Tégla lakás,2005.0,10-30 év (rendszerváltás utáni),13.0,3.0,0.0,3 szoba,24.0,1,1.0,4.0,0,gázkazán,,0,1,0,0,nincs megadva,,,,nincs megadva,,,Ingatlaniroda,,753.0,4.0,,,,,,,,,0,0,0,430.9,0,1,1,83.9,1,1,430.9,0,1,1,280.6,1,1,1,9.0,67.0,110.0,379.2,0,1,1,1076.9,0,0,1,94.1,1,1,1,556.2,0,1,1,,0,0,0,Kőbánya alsó,,Kápolna utca,Kápolna tér,Csajkovszkij park,villamos
35089150,elado,"Budapest X. kerület, Újhegyi út 18/b.",Újhegy,89000000.0,89.0,89000.0,1459016.3934426229,18.304146927696415,14.193273063523103,0,61.0,74.35,3.0,3,0,0,0,1,1,1,1,1,0,0.0,47.468381,19.169095,1,936.0,500-1000 m,0,1930.0,25.7,0,0,0,https://ingatlan.com/35089150,"Eladó tégla lakás - Budapest X. kerület, Újhegyi út 18/b #35089150",1108,Budapest,Újhegyi út,18/b,nincs megadva,Tégla lakás,2026.0,Új építésű (2025+),26.7,3.0,0.0,3 szoba,20.333333333333332,földszint,0.0,4.0,0,hőszivattyú,,0,0,1,0,nincs megadva,,,,nem,,,Ingatlaniroda,,2225.0,4.0,,,,,,,,1935.9,0,0,0,956.0,0,0,1,52.7,1,1,956.0,0,0,1,441.1,0,1,1,3.0,18.0,54.0,,0,0,0,,0,0,0,619.7,0,1,1,686.5,0,1,1,1628.9,0,0,0,Kőbánya-Kispest,,Új köztemető,"Újhegyi út, Sportliget",Sportliget,villamos
35093122,elado,"Budapest X. kerület, Román utca 108.",Óhegy,88000000.0,88.0,88000.0,814814.8148148148,18.29284737244248,13.61071614531826,0,108.0,108.0,2.0,2,1,0,0,1,0,0,0,0,0,96.0,,,0,,,0,,,0,0,0,https://ingatlan.com/35093122,"Eladó tégla lakás - Budapest X. kerület, Román utca #35093122",1105,Budapest,Román utca,108,közepes állapotú,Tégla lakás,1930.0,60+ év (háború előtti),0.0,2.0,0.0,2 szoba,54.0,nincs megadva,,0.0,0,gázkazán,,0,1,0,0,nincs megadva,,,,igen,21000.0,,Ingatlaniroda,,1709.0,2.0,,,,,,,,,0,0,0,,0,0,0,,0,0,,0,0,0,,0,0,0,,,,,0,0,0,,0,0,0,,0,0,0,,0,0,0,,0,0,0,,,,,,
35107288,elado,"Budapest X. kerület, Szövőszék utca",Újhegy,69900000.0,69.9,69900.0,1027941.1764705882,18.06257620720404,13.843068502027933,0,68.0,69.5,3.0,4,0,0,1,0,0,1,1,0,0,,47.470857,19.1611314,0,980.9,500-1000 m,0,,,0,0,0,https://ingatlan.com/35107288,"Eladó panel lakás - Budapest X. kerület, Szövőszék utca #35107288",1108,Budapest,Szövőszék utca,,felújított,Panel lakás,,Ismeretlen,3.0,3.0,0.0,3 szoba,22.666666666666668,10,10.0,,0,nincs megadva,,0,0,0,0,nincs megadva,,,,nincs megadva,,,Ingatlaniroda,,503.0,2.0,,,,,,,,,0,0,0,,0,0,0,,0,0,,0,0,0,,0,0,0,,,,,0,0,0,,0,0,0,,0,0,0,,0,0,0,,0,0,0,,,,,,
35108524,elado,"Budapest X. kerület, Gyógyszergyári utca",Felsőrákos,74900000.0,74.9,74900.0,1560416.6666666667,18.13166444848745,14.260463437579556,0,48.0,54.055,1.0,6,0,1,0,1,1,1,1,0,0,0.0,47.4994212,19.1493566,0,351.7,300-500 m,0,,,0,0,0,https://ingatlan.com/35108524,"Eladó tégla lakás - Budapest X. kerület, Gyógyszergyári utca #35108524",1106,Budapest,Gyógyszergyári utca,,új építésű,Tégla lakás,2027.0,Új építésű (2025+),12.11,1.0,0.0,1 szoba,48.0,4,4.0,9.0,0,távfűtés,,1,0,0,0,nincs megadva,,,,nincs megadva,,,Ingatlaniroda,,2700.0,4.0,,,,,,,,,0,0,0,,0,0,0,,0,0,,0,0,0,,0,0,0,,,,,0,0,0,,0,0,0,,0,0,0,,0,0,0,,0,0,0,,,,,,
35112466,elado,"Budapest X. kerület, Martinovics tér 9.",Óhegy,75900000.0,75.9,75900.0,1150000.0,18.14492724236586,13.955272500339433,0,66.0,66.0,3.0,3,0,0,0,1,0,0,0,0,0,14.0,47.481085,19.134945,1,417.0,300-500 m,0,720.0,9.6,0,1,1,https://ingatlan.com/35112466,"Eladó tégla lakás - Budapest X. kerület, Martinovics tér 9. #35112466",1105,Budapest,Martinovics tér,9,jó állapotú,Tégla lakás,2012.0,10-30 év (rendszerváltás utáni),0.0,3.0,0.0,3 szoba,22.0,1,1.0,5.0,0,gázkazán,,0,1,0,0,A,,,,nincs megadva,,,Ingatlaniroda,,706.0,4.0,,,,,,,,,0,0,0,430.9,0,1,1,83.9,1,1,430.9,0,1,1,280.6,1,1,1,9.0,67.0,110.0,379.2,0,1,1,1076.9,0,0,1,94.1,1,1,1,556.2,0,1,1,,0,0,0,Kőbánya alsó,,Kápolna utca,Kápolna tér,Csajkovszkij park,villamos
35121865,elado,"Budapest X. kerület, Szállás utca",Gyárdűlő,35000000.0,35.0,35000.0,777777.7777777778,17.37085861945369,13.564196129683369,0,45.0,45.0,2.0,4,0,0,0,1,0,0,0,0,0,38.0,47.4778475,19.1261483,0,238.5,150-300 m,0,,,0,0,0,https://ingatlan.com/35121865,"Eladó tégla lakás - Budapest X. kerület, Szállás utca #35121865",1107,Budapest,Szállás utca,,felújított,Tégla lakás,1988.0,30-60 év (panel-korszak),0.0,2.0,0.0,2 szoba,22.5,szuterén,-1.0,3.0,0,elektromos fűtőpanel,,0,0,0,0,nincs megadva,,,,nem,,,Ingatlaniroda,,1822.0,4.0,,,,,,,,,0,0,0,,0,0,0,,0,0,,0,0,0,,0,0,0,,,,,0,0,0,,0,0,0,,0,0,0,,0,0,0,,0,0,0,,,,,,
35124751,elado,"Budapest X. kerület, Kőrösi Csoma sétány 14.",Kőbánya-Városközpont,64900000.0,64.9,64900.0,914084.5070422535,17.988358181674318,13.725678304633004,0,71.0,73.0,3.0,3,0,0,0,1,0,1,1,0,0,58.0,47.484893,19.130678,1,330.3,300-500 m,0,443.1,5.9,0,1,1,https://ingatlan.com/35124751,"Eladó tégla lakás - Budapest X. kerület, Kőrösi Csoma sétány 14. #35124751",1102,Budapest,Kőrösi Csoma sétány,14,jó állapotú,Tégla lakás,1968.0,30-60 év (panel-korszak),4.0,3.0,0.0,3 szoba,23.666666666666668,2,2.0,4.0,0,távfűtés,,1,0,0,0,nincs megadva,,,,nincs megadva,,,Ingatlaniroda,,300.0,4.0,,,,,,,,,0,0,0,113.9,1,1,1,116.7,1,1,113.9,1,1,1,300.9,1,1,1,22.0,77.0,129.0,868.0,0,0,1,664.8,0,1,1,79.2,1,1,1,39.2,1,1,1,,0,0,0,Kőbánya alsó,,Szent László tér,Szent László tér,Névtelen zöldfelület / park,villamos
35126731,elado,"Budapest X. kerület, Újhegyi út 18/b.",Újhegy,135000000.0,135.0,135000.0,1646341.463414634,18.720785336402702,14.31406608913845,0,82.0,130.0,4.0,3,0,0,0,1,1,1,1,0,1,0.0,47.468381,19.169095,1,936.0,500-1000 m,0,1930.0,25.7,0,0,0,https://ingatlan.com/35126731,"Eladó tégla lakás - Budapest X. kerület, Újhegyi út 18/b #35126731",1108,Budapest,Újhegyi út,18/b,nincs megadva,Tégla lakás,2025.0,Új építésű (2025+),96.0,4.0,0.0,4+ szoba,20.5,4,4.0,4.0,0,"hűtő-fűtő klíma, hőszivattyú",,0,0,1,0,nincs megadva,,,,nem,,,Ingatlaniroda,,2020.0,4.0,,,,,,,,1935.9,0,0,0,956.0,0,0,1,52.7,1,1,956.0,0,0,1,441.1,0,1,1,3.0,18.0,54.0,,0,0,0,,0,0,0,619.7,0,1,1,686.5,0,1,1,1628.9,0,0,0,Kőbánya-Kispest,,Új köztemető,"Újhegyi út, Sportliget",Sportliget,villamos
35127722,elado,"Budapest X. kerület, Kőbányai út",Laposdűlő,74900000.0,74.9,74900.0,1026027.3972602739,18.13166444848745,13.841205007339056,0,73.0,75.5,3.0,4,0,0,1,0,0,0,1,0,0,38.0,47.4839965,19.1169429,0,148.4,<150 m,1,,,0,0,0,https://ingatlan.com/35127722,"Eladó panel lakás - Budapest X. kerület, Kőbányai út #35127722",1101,Budapest,Kőbányai út,,felújított,Panel lakás,1988.0,30-60 év (panel-korszak),5.0,3.0,0.0,3 szoba,24.333333333333332,4,4.0,5.0,0,házközponti,,0,0,0,0,D,,,,nem,59.0,,Ingatlaniroda,,2069.0,4.0,,,,,,,,,0,0,0,,0,0,0,,0,0,,0,0,0,,0,0,0,,,,,0,0,0,,0,0,0,,0,0,0,,0,0,0,,0,0,0,,,,,,
35133471,elado,"Budapest X. kerület, Füzér utca",Ligettelek,72900000.0,72.9,72900.0,751546.3917525773,18.104599196978885,13.529888218475504,0,97.0,97.0,4.0,4,0,0,0,1,0,0,0,0,0,,47.4885312,19.1271594,0,184.2,150-300 m,0,,,0,0,0,https://ingatlan.com/35133471,"Eladó tégla lakás - Budapest X. kerület, Füzér utca #35133471",1102,Budapest,Füzér utca,,felújított,Tégla lakás,,Ismeretlen,0.0,4.0,0.0,4+ szoba,24.25,2,2.0,,0,gázkazán,,0,1,0,0,nincs megadva,,,,nincs megadva,,,Ingatlaniroda,,1891.0,4.0,,,,,,,,,0,0,0,,0,0,0,,0,0,,0,0,0,,0,0,0,,,,,0,0,0,,0,0,0,,0,0,0,,0,0,0,,0,0,0,,,,,,
35133550,elado,"Budapest X. kerület, Makk utca",Gyárdűlő,125000000.0,125.0,125000.0,2083333.3333333333,18.643824295266576,14.549479733044475,0,60.0,81.5,3.0,5,0,1,0,1,1,1,1,0,1,7.0,47.474174,19.1185644,0,347.2,300-500 m,0,,,0,0,0,https://ingatlan.com/35133550,"Eladó tégla lakás - Budapest X. kerület, Makk utca #35133550",1107,Budapest,Makk utca,,újszerű,Tégla lakás,2019.0,0-10 év,43.0,3.0,0.0,3 szoba,20.0,5,5.0,5.0,0,"házközponti egyedi méréssel, hűtő-fűtő klíma",,0,0,0,0,nincs megadva,,,,nem,,,Ingatlaniroda,,1322.0,2.0,,,,,,,,,0,0,0,,0,0,0,,0,0,,0,0,0,,0,0,0,,,,,0,0,0,,0,0,0,,0,0,0,,0,0,0,,0,0,0,,,,,,
35143535,elado,"Budapest X. kerület, Gyógyszergyári utca",Felsőrákos,75900000.0,75.9,75900.0,1581250.0,18.14492724236586,14.273726231457967,0,48.0,54.245,2.0,6,0,1,0,1,1,1,1,0,0,0.0,47.4994212,19.1493566,0,351.7,300-500 m,0,,,0,0,0,https://ingatlan.com/35143535,"Eladó tégla lakás - Budapest X. kerület, Gyógyszergyári utca #35143535",1106,Budapest,Gyógyszergyári utca,,új építésű,Tégla lakás,2027.0,Új építésű (2025+),12.49,2.0,0.0,2 szoba,24.0,6,6.0,9.0,0,távfűtés,,1,0,0,0,nincs megadva,,,,nincs megadva,,,Ingatlaniroda,,2700.0,4.0,,,,,,,,,0,0,0,,0,0,0,,0,0,,0,0,0,,0,0,0,,,,,0,0,0,,0,0,0,,0,0,0,,0,0,0,,0,0,0,,,,,,
35146153,elado,"Budapest X. kerület, Bolgár utca 18.",Óhegy,80000000.0,80.0,80000.0,1176470.5882352942,18.197537192638155,13.978029487462049,0,68.0,68.0,3.0,3,0,0,0,1,0,0,0,0,0,58.0,47.479487,19.131413,1,98.9,<150 m,1,612.4,8.2,0,1,1,https://ingatlan.com/35146153,"Eladó tégla lakás - Budapest X. kerület, Bolgár utca 18. #35146153",1105,Budapest,Bolgár utca,18,jó állapotú,Tégla lakás,1968.0,30-60 év (panel-korszak),0.0,3.0,0.0,3 szoba,22.666666666666668,3,3.0,4.0,0,gázkazán,,0,1,0,0,D,,,,nem,22000.0,40000.0,Ingatlaniroda,,1682.0,4.0,,,,,,,,1851.1,0,0,0,395.9,0,1,1,338.1,1,1,395.9,0,1,1,469.6,0,1,1,4.0,61.0,103.0,715.5,0,1,1,1286.9,0,0,0,85.8,1,1,1,534.1,0,1,1,,0,0,0,Kőbánya alsó,Határ út,Kápolna utca,Kápolna utca,Liget téri park,villamos
35147986,elado,"Budapest X. kerület, Liget utca",Ligettelek,22500000.0,22.5,22500.0,703125.0,16.929025867174648,13.463289964374923,0,32.0,32.0,1.0,3,0,0,0,1,0,0,0,0,0,,47.4890878,19.1331022,0,246.8,150-300 m,0,,,0,0,0,https://ingatlan.com/35147986,"Eladó tégla lakás - Budapest X. kerület, Liget utca #35147986",1102,Budapest,Liget utca,,jó állapotú,Tégla lakás,,Ismeretlen,0.0,1.0,0.0,1 szoba,32.0,szuterén,-1.0,,0,elektromos konvektor,,0,1,0,0,nincs megadva,,,,nincs megadva,,,Ingatlaniroda,,580.0,4.0,,,,,,,,,0,0,0,,0,0,0,,0,0,,0,0,0,,0,0,0,,,,,0,0,0,,0,0,0,,0,0,0,,0,0,0,,0,0,0,,,,,,
35148474,elado,"Budapest X. kerület, Sörgyár utca",Óhegy,59900000.0,59.9,59900.0,1069642.857142857,17.908187063085677,13.88283537235053,0,56.0,56.0,2.0,3,0,0,0,1,0,0,0,0,0,21.0,47.4765022,19.1629614,0,415.1,300-500 m,0,,,0,0,0,https://ingatlan.com/35148474,"Eladó tégla lakás - Budapest X. kerület, Sörgyár utca #35148474",1104,Budapest,Sörgyár utca,,jó állapotú,Tégla lakás,2005.0,10-30 év (rendszerváltás utáni),0.0,2.0,0.0,2 szoba,28.0,3,3.0,,0,gázkazán,,0,1,0,0,D,,,,nem,,,Ingatlaniroda,,2123.0,4.0,,,,,,,,,0,0,0,,0,0,0,,0,0,,0,0,0,,0,0,0,,,,,0,0,0,,0,0,0,,0,0,0,,0,0,0,,0,0,0,,,,,,
35150452,elado,"Budapest X. kerület, Mongol utca",Óhegy,39900000.0,39.9,39900.0,1078378.3783783785,17.50188688186009,13.890968969215868,0,37.0,37.0,1.0,5,0,1,0,1,1,0,0,1,0,21.0,47.4787722,19.1318437,0,89.1,<150 m,1,,,0,0,0,https://ingatlan.com/35150452,"Eladó tégla lakás - Budapest X. kerület, Mongol utca #35150452",1105,Budapest,Mongol utca,,újszerű,Tégla lakás,2005.0,10-30 év (rendszerváltás utáni),0.0,1.0,0.0,1 szoba,37.0,földszint,0.0,6.0,0,gázkazán,,0,1,0,0,nincs megadva,,,,nem,,,Ingatlaniroda,,864.0,4.0,,,,,,,,,0,0,0,,0,0,0,,0,0,,0,0,0,,0,0,0,,,,,0,0,0,,0,0,0,,0,0,0,,0,0,0,,0,0,0,,,,,,
35152949,elado,"Budapest X. kerület, Ligettelek",Ligettelek,63000000.0,63.0,63000.0,1125000.0,17.958645284355807,13.933293593620657,0,56.0,58.0,2.0,3,0,0,0,0,1,0,1,0,0,58.0,47.493646,19.1300619,0,227.7,150-300 m,0,,,0,0,0,https://ingatlan.com/35152949,"Eladó csúsztatott zsalus - Budapest X. kerület, Ligettelek #35152949",1101,Budapest,Ligettelek,,jó állapotú,Csúsztatott zsalus lakás,1968.0,30-60 év (panel-korszak),4.0,2.0,0.0,2 szoba,28.0,1,1.0,10.0,0,távfűtés,,1,0,0,0,nincs megadva,,,,nincs megadva,15820.0,,Ingatlaniroda,,1151.0,4.0,,,,,,,,,0,0,0,,0,0,0,,0,0,,0,0,0,,0,0,0,,,,,0,0,0,,0,0,0,,0,0,0,,0,0,0,,0,0,0,,,,,,
35156232,elado,"Budapest X. kerület, Bányató utca",Újhegy,68000000.0,68.0,68000.0,1000000.0,18.03501826314038,13.815510557964274,0,68.0,68.0,3.0,3,0,0,1,0,1,0,0,0,0,,47.4645943,19.1669132,0,486.4,300-500 m,0,,,0,0,0,https://ingatlan.com/35156232,"Eladó panel lakás - Budapest X. kerület, Bányató utca #35156232",1108,Budapest,Bányató utca,,nincs megadva,Panel lakás,,Ismeretlen,0.0,3.0,0.0,3 szoba,22.666666666666668,2,2.0,10.0,0,távfűtés,,1,0,0,0,nincs megadva,,,,nincs megadva,,,Magánszemély,,955.0,2.0,,,,,,,,,0,0,0,,0,0,0,,0,0,,0,0,0,,0,0,0,,,,,0,0,0,,0,0,0,,0,0,0,,0,0,0,,0,0,0,,,,,,
35161373,elado,"Budapest X. kerület, Kőbánya-Városközpont",Kőbánya-Városközpont,54000000.0,54.0,54000.0,1227272.7272727273,17.80449460452855,14.020304970610287,0,44.0,44.0,2.0,3,0,0,0,0,1,0,0,0,0,58.0,47.482503,19.1307351,0,213.3,150-300 m,0,,,0,0,0,https://ingatlan.com/35161373,"Eladó csúsztatott zsalus - Budapest X. kerület, Kőbánya-Városközpont #35161373",1105,Budapest,Kőbánya-Városközpont,,jó állapotú,Csúsztatott zsalus lakás,1968.0,30-60 év (panel-korszak),0.0,2.0,0.0,2 szoba,22.0,félemelet,0.5,10.0,0,távfűtés,,1,0,0,0,E,,,,nincs megadva,14432.0,,Ingatlaniroda,,1577.0,4.0,,,,,,,,,0,0,0,,0,0,0,,0,0,,0,0,0,,0,0,0,,,,,0,0,0,,0,0,0,,0,0,0,,0,0,0,,0,0,0,,,,,,
35163966,elado,"Budapest X. kerület, Harmat köz",Óhegy,46000000.0,46.0,46000.0,1769230.7692307692,17.64415195445337,14.386055416431887,0,26.0,26.0,2.0,4,0,0,0,1,0,0,0,1,0,58.0,47.4891047,19.1387448,0,323.7,300-500 m,0,,,0,0,0,https://ingatlan.com/35163966,"Eladó tégla lakás - Budapest X. kerület, Harmat köz #35163966",1105,Budapest,Harmat köz,,felújított,Tégla lakás,1968.0,30-60 év (panel-korszak),0.0,2.0,0.0,2 szoba,13.0,földszint,0.0,2.0,0,gázkazán,,0,1,0,0,nincs megadva,,,,igen,,,Ingatlaniroda,,89.0,2.0,,,,,,,,,0,0,0,,0,0,0,,0,0,,0,0,0,,0,0,0,,,,,0,0,0,,0,0,0,,0,0,0,,0,0,0,,0,0,0,,,,,,
35164000,elado,"Budapest X. kerület, Harmat köz",Óhegy,60000000.0,60.0,60000.0,1500000.0,17.909855120186375,14.22097566607244,0,40.0,40.0,2.0,4,0,0,0,1,0,0,0,1,0,58.0,47.4891047,19.1387448,0,323.7,300-500 m,0,,,0,0,0,https://ingatlan.com/35164000,"Eladó tégla lakás - Budapest X. kerület, Harmat köz #35164000",1105,Budapest,Harmat köz,,felújított,Tégla lakás,1968.0,30-60 év (panel-korszak),0.0,2.0,0.0,2 szoba,20.0,földszint,0.0,2.0,0,gázkazán,,0,1,0,0,nincs megadva,,,,igen,10000.0,20000.0,Ingatlaniroda,,218.0,2.0,,,,,,,,,0,0,0,,0,0,0,,0,0,,0,0,0,,0,0,0,,,,,0,0,0,,0,0,0,,0,0,0,,0,0,0,,0,0,0,,,,,,
35164762,elado,"Budapest X. kerület, Kápolna utca",Kőbánya-Városközpont,58000000.0,58.0,58000.0,920634.9206349206,17.875953568510692,13.73281884211916,0,63.0,63.0,3.0,1,1,0,1,0,0,0,0,0,0,,47.4823363,19.1289949,0,88.5,<150 m,1,,,0,0,0,https://ingatlan.com/35164762,"Eladó panel lakás - Budapest X. kerület, Kápolna utca #35164762",1102,Budapest,Kápolna utca,,felújítandó,Panel lakás,,Ismeretlen,0.0,3.0,0.0,3 szoba,21.0,nincs megadva,,,0,távfűtés,,1,0,0,0,nincs megadva,,,,nincs megadva,,,Ingatlaniroda,,200.0,2.0,,,,,,,,,0,0,0,,0,0,0,,0,0,,0,0,0,,0,0,0,,,,,0,0,0,,0,0,0,,0,0,0,,0,0,0,,0,0,0,,,,,,
35167587,elado,"Budapest X. kerület, Kőbánya - Óhegy",Óhegy,69900000.0,69.9,69900.0,1248214.2857142857,18.06257620720404,14.03722451646889,0,56.0,59.0,2.0,4,0,0,0,1,0,1,1,0,0,58.0,47.4820541,19.132346,0,297.2,150-300 m,0,,,0,0,0,https://ingatlan.com/35167587,"Eladó tégla lakás - Budapest X. kerület, Kőbánya - Óhegy #35167587",1103,Budapest,Kőbánya - Óhegy,,felújított,Tégla lakás,1968.0,30-60 év (panel-korszak),6.0,2.0,0.0,2 szoba,28.0,1,1.0,2.0,0,"elektromos fűtőpanel, hűtő-fűtő klíma",,0,0,0,0,nincs megadva,,,,nincs megadva,12000.0,15000.0,Ingatlaniroda,,2635.0,4.0,,,,,,,,,0,0,0,,0,0,0,,0,0,,0,0,0,,0,0,0,,,,,0,0,0,,0,0,0,,0,0,0,,0,0,0,,0,0,0,,,,,,
35167594,elado,"Budapest X. kerület, Ligettelek",Ligettelek,63000000.0,63.0,63000.0,1125000.0,17.958645284355807,13.933293593620657,0,56.0,58.0,2.0,4,0,0,0,0,1,0,1,0,0,58.0,47.493646,19.1300619,0,227.7,150-300 m,0,,,0,0,0,https://ingatlan.com/35167594,"Eladó csúsztatott zsalus - Budapest X. kerület, Ligettelek #35167594",1101,Budapest,Ligettelek,,felújított,Csúsztatott zsalus lakás,1968.0,30-60 év (panel-korszak),4.0,2.0,0.0,2 szoba,28.0,1,1.0,,0,távfűtés,,1,0,0,0,D,,,,nincs megadva,,,Ingatlaniroda,,990.0,4.0,,,,,,,,,0,0,0,,0,0,0,,0,0,,0,0,0,,0,0,0,,,,,0,0,0,,0,0,0,,0,0,0,,0,0,0,,0,0,0,,,,,,
35168903,elado,"Budapest X. kerület, Újhegyi út 18/b.",Újhegy,87000000.0,87.0,87000.0,1380952.380952381,18.28141867661886,14.138283950227326,0,63.0,74.83500000000001,3.0,3,0,0,0,1,1,1,1,0,0,0.0,47.468381,19.169095,1,936.0,500-1000 m,0,1930.0,25.7,0,0,0,https://ingatlan.com/35168903,"Eladó tégla lakás - Budapest X. kerület, Újhegyi út 18/b #35168903",1108,Budapest,Újhegyi út,18/b,nincs megadva,Tégla lakás,2025.0,Új építésű (2025+),23.67,3.0,0.0,3 szoba,21.0,1,1.0,4.0,0,hőszivattyú,,0,0,1,0,nincs megadva,,,,nem,,,Ingatlaniroda,,2298.0,4.0,,,,,,,,1935.9,0,0,0,956.0,0,0,1,52.7,1,1,956.0,0,0,1,441.1,0,1,1,3.0,18.0,54.0,,0,0,0,,0,0,0,619.7,0,1,1,686.5,0,1,1,1628.9,0,0,0,Kőbánya-Kispest,,Új köztemető,"Újhegyi út, Sportliget",Sportliget,villamos
35170975,elado,"Budapest X. kerület, Szőlőhegy utca",Óhegy,40500000.0,40.5,40500.0,1500000.0,17.516812532076766,14.22097566607244,0,27.0,27.0,1.0,3,0,0,0,1,0,0,0,0,0,,47.4809129,19.1506159,0,886.1,500-1000 m,0,,,0,0,0,https://ingatlan.com/35170975,"Eladó tégla lakás - Budapest X. kerület, Szőlőhegy utca #35170975",1104,Budapest,Szőlőhegy utca,,nincs megadva,Tégla lakás,,Ismeretlen,0.0,1.0,0.0,1 szoba,27.0,nincs megadva,,,0,nincs megadva,,0,0,0,0,nincs megadva,,,,nincs megadva,,,Ingatlaniroda,,1282.0,4.0,,,,,,,,,0,0,0,,0,0,0,,0,0,,0,0,0,,0,0,0,,,,,0,0,0,,0,0,0,,0,0,0,,0,0,0,,0,0,0,,,,,,
35171896,elado,"Budapest X. kerület, Szállás utca",Gyárdűlő,20000000.0,20.0,20000.0,1000000.0,16.811242831518264,13.815510557964274,0,20.0,20.0,1.0,4,0,0,0,1,0,0,0,0,0,38.0,47.4778475,19.1261483,0,238.5,150-300 m,0,,,0,0,0,https://ingatlan.com/35171896,"Eladó tégla lakás - Budapest X. kerület, Szállás utca #35171896",1107,Budapest,Szállás utca,,felújított,Tégla lakás,1988.0,30-60 év (panel-korszak),0.0,1.0,0.0,1 szoba,20.0,szuterén,-1.0,0.0,0,elektromos fűtőpanel,,0,0,0,0,nincs megadva,,,,nem,6000.0,,Ingatlaniroda,,2508.0,4.0,,,,,,,,,0,0,0,,0,0,0,,0,0,,0,0,0,,0,0,0,,,,,0,0,0,,0,0,0,,0,0,0,,0,0,0,,0,0,0,,,,,,
35172185,elado,"Budapest X. kerület, Kada utca",Óhegy,20000000.0,20.0,20000.0,1000000.0,16.811242831518264,13.815510557964274,0,20.0,20.0,1.0,4,0,0,0,1,0,0,0,0,0,38.0,47.4725364,19.1432199,0,536.5,500-1000 m,0,,,0,0,0,https://ingatlan.com/35172185,"Eladó tégla lakás - Budapest X. kerület, Kada utca #35172185",1106,Budapest,Kada utca,,felújított,Tégla lakás,1988.0,30-60 év (panel-korszak),0.0,1.0,0.0,1 szoba,20.0,szuterén,-1.0,0.0,0,elektromos fűtőpanel,,0,0,0,0,nincs megadva,,,,nem,,,Ingatlaniroda,,2457.0,4.0,,,,,,,,,0,0,0,,0,0,0,,0,0,,0,0,0,,0,0,0,,,,,0,0,0,,0,0,0,,0,0,0,,0,0,0,,0,0,0,,,,,,
35173278,elado,"Budapest X. kerület, Kőbánya - Óhegy",Óhegy,59900000.0,59.9,59900.0,1069642.857142857,17.908187063085677,13.88283537235053,0,56.0,56.0,2.0,3,0,0,0,1,0,0,0,0,0,21.0,47.4820541,19.132346,0,297.2,150-300 m,0,,,0,0,0,https://ingatlan.com/35173278,"Eladó tégla lakás - Budapest X. kerület, Kőbánya - Óhegy #35173278",1103,Budapest,Kőbánya - Óhegy,,jó állapotú,Tégla lakás,2005.0,10-30 év (rendszerváltás utáni),0.0,2.0,0.0,2 szoba,28.0,3,3.0,,0,gázkazán,,0,1,0,0,nincs megadva,,,,nincs megadva,,,Ingatlaniroda,,2257.0,4.0,,,,,,,,,0,0,0,,0,0,0,,0,0,,0,0,0,,0,0,0,,,,,0,0,0,,0,0,0,,0,0,0,,0,0,0,,0,0,0,,,,,,
35175100,elado,"Budapest X. kerület, Szállás utca",Gyárdűlő,40000000.0,40.0,40000.0,666666.6666666666,17.50439001207821,13.41004544985611,0,60.0,60.0,3.0,4,0,0,0,1,0,0,0,0,0,58.0,47.4778475,19.1261483,0,238.5,150-300 m,0,,,0,0,0,https://ingatlan.com/35175100,"Eladó tégla lakás - Budapest X. kerület, Szállás utca #35175100",1107,Budapest,Szállás utca,,felújított,Tégla lakás,1968.0,30-60 év (panel-korszak),0.0,3.0,0.0,3 szoba,20.0,szuterén,-1.0,3.0,0,elektromos fűtőpanel,,0,0,0,0,C,,,,nem,18000.0,20000.0,Ingatlaniroda,,789.0,4.0,,,,,,,,,0,0,0,,0,0,0,,0,0,,0,0,0,,0,0,0,,,,,0,0,0,,0,0,0,,0,0,0,,0,0,0,,0,0,0,,,,,,
35177057,elado,"Budapest X. kerület, Martinovics tér 9.",Ligettelek,65900000.0,65.9,65900.0,1432608.6956521738,18.003648999472734,14.17500760298364,0,46.0,46.0,2.0,3,0,0,0,1,0,0,0,0,0,,47.4811733,19.1332985,1,313.3,300-500 m,0,582.2,7.8,0,1,1,https://ingatlan.com/35177057,Egy pillanat...,1105,Budapest,Martinovics tér,9,,Tégla lakás,,Ismeretlen,0.0,2.0,0.0,2 szoba,23.0,,,,0,,,0,0,0,0,,,,,,,,Ingatlaniroda,,0.0,0.0,,,,,,,,,0,0,0,295.6,1,1,1,245.0,1,1,295.6,1,1,1,240.9,1,1,1,18.0,74.0,115.0,540.3,0,1,1,1103.9,0,0,1,255.2,1,1,1,426.6,0,1,1,,0,0,0,Kőbánya alsó,,Kápolna utca,Kápolna tér,Névtelen zöldfelület / park,villamos
35178102,elado,"Budapest X. kerület, Bolgár utca",Óhegy,22900000.0,22.9,22900.0,1526666.6666666667,16.946647468524468,14.238597267422257,0,15.0,15.0,1.0,4,0,0,0,1,0,0,0,1,0,96.0,47.4802455,19.1328259,0,232.5,150-300 m,0,,,0,0,0,https://ingatlan.com/35178102,"Eladó tégla lakás - Budapest X. kerület, Bolgár utca #35178102",1105,Budapest,Bolgár utca,,felújított,Tégla lakás,1930.0,60+ év (háború előtti),0.0,1.0,0.0,1 szoba,15.0,földszint,0.0,,0,egyéb,,0,0,0,0,nincs megadva,,,,nincs megadva,,,Ingatlaniroda,,2152.0,4.0,,,,,,,,,0,0,0,,0,0,0,,0,0,,0,0,0,,0,0,0,,,,,0,0,0,,0,0,0,,0,0,0,,0,0,0,,0,0,0,,,,,,
35178220,elado,"Budapest X. kerület, Szállás utca",Gyárdűlő,20000000.0,20.0,20000.0,1000000.0,16.811242831518264,13.815510557964274,0,20.0,20.0,1.0,4,0,0,0,1,0,0,0,0,0,58.0,47.4778475,19.1261483,0,238.5,150-300 m,0,,,0,0,0,https://ingatlan.com/35178220,"Eladó tégla lakás - Budapest X. kerület, Szállás utca #35178220",1107,Budapest,Szállás utca,,felújított,Tégla lakás,1968.0,30-60 év (panel-korszak),0.0,1.0,0.0,1 szoba,20.0,szuterén,-1.0,3.0,0,nincs megadva,,0,0,0,0,D,,,,nem,9000.0,20000.0,Ingatlaniroda,,876.0,4.0,,,,,,,,,0,0,0,,0,0,0,,0,0,,0,0,0,,0,0,0,,,,,0,0,0,,0,0,0,,0,0,0,,0,0,0,,0,0,0,,,,,,
35179193,elado,"Budapest X. kerület, Bodza utca",Óhegy,83600000.0,83.6,83600.0,1194285.7142857143,18.24155407805493,13.993058836005572,0,70.0,70.0,3.0,4,0,0,0,1,0,1,0,0,1,,47.4794876,19.1590153,0,316.6,300-500 m,0,,,0,0,0,https://ingatlan.com/35179193,"Eladó tégla lakás - Budapest X. kerület, Bodza utca #35179193",1104,Budapest,Bodza utca,,felújított,Tégla lakás,,Ismeretlen,0.0,3.0,0.0,3 szoba,23.333333333333332,2,2.0,2.0,0,gázkazán,,0,1,0,0,nincs megadva,,,,nincs megadva,,,Ingatlaniroda,,2127.0,2.0,,,,,,,,,0,0,0,,0,0,0,,0,0,,0,0,0,,0,0,0,,,,,0,0,0,,0,0,0,,0,0,0,,0,0,0,,0,0,0,,,,,,
35179665,elado,"Budapest X. kerület, Népliget",Kőbánya egyéb,165000000.0,165.0,165000.0,1513761.4678899082,18.921456031864853,14.230108149635711,0,109.0,193.5,4.0,5,0,1,0,1,1,0,1,0,1,14.0,47.4797172,19.1098947,0,515.2,500-1000 m,0,,,0,0,0,https://ingatlan.com/35179665,"Eladó tégla lakás - Budapest X. kerület, Népliget #35179665",1101,Budapest,Népliget,,újszerű,Tégla lakás,2012.0,10-30 év (rendszerváltás utáni),169.0,4.0,0.0,4+ szoba,27.25,4,4.0,4.0,0,távfűtés egyedi méréssel,,1,0,0,0,A+,,,,igen,,,Ingatlaniroda,,1584.0,4.0,,,,,,,,,0,0,0,,0,0,0,,0,0,,0,0,0,,0,0,0,,,,,0,0,0,,0,0,0,,0,0,0,,0,0,0,,0,0,0,,,,,,
35183731,elado,"Budapest X. kerület, Kada utca 19.",Óhegy,20000000.0,20.0,20000.0,1000000.0,16.811242831518264,13.815510557964274,0,20.0,20.0,1.0,4,0,0,0,1,0,0,0,0,0,58.0,47.471617,19.142146,1,418.4,300-500 m,0,1483.6,19.8,0,0,0,https://ingatlan.com/35183731,"Eladó tégla lakás - Budapest X. kerület, Kada utca 19. #35183731",1106,Budapest,Kada utca,19,felújított,Tégla lakás,1968.0,30-60 év (panel-korszak),0.0,1.0,0.0,1 szoba,20.0,szuterén,-1.0,4.0,0,nincs megadva,,0,0,0,0,D,,,,nem,8.0,15000.0,Ingatlaniroda,,1022.0,4.0,,,,,,,,1489.5,0,0,0,1690.2,0,0,0,63.7,1,1,1483.6,0,0,0,291.3,1,1,1,8.0,28.0,43.0,1680.3,0,0,0,,0,0,0,519.9,0,1,1,890.9,0,0,1,,0,0,0,Kőbánya-Kispest,,Kocsis Sándor Sportközpont,Gyömrői út,Névtelen zöldfelület / park,vasut
35186737,elado,"Budapest X. kerület, Szent László tér",Kőbánya-Városközpont,55000000.0,55.0,55000.0,1718750.0,17.822843743196746,14.357107840397019,0,32.0,32.0,1.0,5,0,1,0,1,1,1,0,0,0,21.0,47.568134,19.0964234,0,4755.0,>2000 m (referencia),0,,,0,0,0,https://ingatlan.com/35186737,"Eladó tégla lakás - Budapest X. kerület, Szent László tér #35186737",1105,Budapest,Szent László tér,,újszerű,Tégla lakás,2005.0,10-30 év (rendszerváltás utáni),0.0,1.0,0.0,1 szoba,32.0,1,1.0,5.0,0,házközponti egyedi méréssel,,0,0,0,0,nincs megadva,,,,nem,30.0,35000.0,Ingatlaniroda,,367.0,4.0,,,,,,,,,0,0,0,,0,0,0,,0,0,,0,0,0,,0,0,0,,,,,0,0,0,,0,0,0,,0,0,0,,0,0,0,,0,0,0,,,,,,
35188492,elado,"Budapest X. kerület, Ónodi utca",Ligettelek,94000000.0,94.0,94000.0,969072.1649484537,18.358805340234277,13.784094361730896,0,97.0,98.0,3.0,3,0,0,0,1,0,1,1,0,0,96.0,47.4889502,19.1345557,0,265.4,150-300 m,0,,,0,0,0,https://ingatlan.com/35188492,"Eladó tégla lakás - Budapest X. kerület, Ónodi utca #35188492",1102,Budapest,Ónodi utca,,jó állapotú,Tégla lakás,1930.0,60+ év (háború előtti),2.0,3.0,0.0,3 szoba,32.333333333333336,1,1.0,2.0,0,"gáz (konvektor), infrafűtés, hűtő-fűtő klíma",,0,1,0,0,I,,,,nem,35000.0,,Ingatlaniroda,,1349.0,4.0,,,,,,,,,0,0,0,,0,0,0,,0,0,,0,0,0,,0,0,0,,,,,0,0,0,,0,0,0,,0,0,0,,0,0,0,,0,0,0,,,,,,
35188977,elado,"Budapest X. kerület, Újhegyi út 18.B.",Újhegy,98860000.0,98.86,98860.0,1267435.8974358975,18.409215265843088,14.052506439153495,0,78.0,82.0,3.0,3,0,0,0,1,1,1,1,0,0,0.0,47.468138,19.16875,1,901.5,500-1000 m,0,1890.6,25.2,0,0,0,https://ingatlan.com/35188977,"Eladó tégla lakás - Budapest X. kerület, Újhegyi út 18.B. #35188977",1108,Budapest,Újhegyi út,18.B,nincs megadva,Tégla lakás,2026.0,Új építésű (2025+),8.0,3.0,0.0,3 szoba,26.0,3,3.0,4.0,0,hőszivattyú,,0,0,1,0,nincs megadva,,,,nincs megadva,,,Ingatlaniroda,,2297.0,4.0,,,,,,,,1896.5,0,0,0,975.8,0,0,1,13.3,1,1,975.8,0,0,1,401.7,0,1,1,4.0,18.0,57.0,,0,0,0,,0,0,0,580.2,0,1,1,647.1,0,1,1,1648.7,0,0,0,Kőbánya-Kispest,,Új köztemető,"Újhegyi út, Sportliget",Sportliget,villamos
35189076,elado,"Budapest X. kerület, Újhegyi út 18.B.",Újhegy,96000000.0,96.0,96000.0,1333333.3333333333,18.37985874943211,14.103192630416055,0,72.0,83.32,3.0,3,0,0,0,1,1,1,1,0,0,0.0,47.46319,19.159763,1,151.5,150-300 m,0,1006.7,13.4,0,0,1,https://ingatlan.com/35189076,"Eladó tégla lakás - Budapest X. kerület, Újhegyi út 18.B. #35189076",1108,Budapest,Újhegyi út,18.B,nincs megadva,Tégla lakás,2026.0,Új építésű (2025+),22.64,3.0,0.0,3 szoba,24.0,1,1.0,4.0,0,hőszivattyú,,0,0,1,0,nincs megadva,,,,nem,,,Ingatlaniroda,,2297.0,4.0,,,,,,,,1012.6,0,0,1,1849.8,0,0,0,328.4,1,1,1006.7,0,0,1,679.2,0,1,1,2.0,10.0,43.0,,0,0,0,,0,0,0,992.6,0,0,1,614.7,0,1,1,,0,0,0,Kőbánya-Kispest,,Kossuth tér,Újhegyi út,Névtelen zöldfelület / park,vasut
35189252,elado,"Budapest X. kerület, Újhegyi út 18.B.",Újhegy,89000000.0,89.0,89000.0,1412698.4126984128,18.304146927696415,14.161012201304882,0,63.0,75.3,3.0,3,0,0,0,1,1,1,1,0,0,0.0,47.46319,19.159763,1,151.5,150-300 m,0,1006.7,13.4,0,0,1,https://ingatlan.com/35189252,"Eladó tégla lakás - Budapest X. kerület, Újhegyi út 18.B. #35189252",1108,Budapest,Újhegyi út,18.B,nincs megadva,Tégla lakás,2026.0,Új építésű (2025+),24.6,3.0,0.0,3 szoba,21.0,2,2.0,4.0,0,hőszivattyú,,0,0,1,0,nincs megadva,,,,nincs megadva,,,Ingatlaniroda,,2229.0,4.0,,,,,,,,1012.6,0,0,1,1849.8,0,0,0,328.4,1,1,1006.7,0,0,1,679.2,0,1,1,2.0,10.0,43.0,,0,0,0,,0,0,0,992.6,0,0,1,614.7,0,1,1,,0,0,0,Kőbánya-Kispest,,Kossuth tér,Újhegyi út,Névtelen zöldfelület / park,vasut
35192811,elado,"Budapest X. kerület, Harmat utca 180.",Újhegy,77000000.0,77.0,77000.0,1132352.9411764706,18.159315979817958,13.939808274641852,0,68.0,69.5,3.0,3,0,0,1,0,0,0,1,0,0,,47.472444,19.162763,1,863.9,500-1000 m,0,1701.4,22.7,0,0,0,https://ingatlan.com/35192811,"Eladó panel lakás - Budapest X. kerület, Harmat utca 180. #35192811",1108,Budapest,Harmat utca,180,nincs megadva,Panel lakás,,Ismeretlen,3.0,3.0,0.0,3 szoba,22.666666666666668,nincs megadva,,,0,nincs megadva,,0,0,0,0,nincs megadva,,,,nincs megadva,,,Ingatlaniroda,,409.0,2.0,,,,,,,,1707.3,0,0,0,759.4,0,0,1,114.6,1,1,759.4,0,0,1,777.5,0,0,1,10.0,29.0,61.0,,0,0,0,,0,0,0,186.9,1,1,1,329.5,1,1,1,978.3,0,0,1,Kőbánya-Kispest,,Venyige utca,Sibrik Miklós út,Újhegy park,villamos
35193897,elado,"Budapest X. kerület, Népliget",Kőbánya egyéb,165000000.0,165.0,165000.0,1513761.4678899082,18.921456031864853,14.230108149635711,0,109.0,193.5,4.0,5,0,1,0,1,1,0,1,0,1,14.0,47.4797172,19.1098947,0,515.2,500-1000 m,0,,,0,0,0,https://ingatlan.com/35193897,"Eladó tégla lakás - Budapest X. kerület, Népliget #35193897",1101,Budapest,Népliget,,újszerű,Tégla lakás,2012.0,10-30 év (rendszerváltás utáni),169.0,4.0,0.0,4+ szoba,27.25,4,4.0,4.0,0,távfűtés egyedi méréssel,,1,0,0,0,A+,,,,igen,,,Ingatlaniroda,,3100.0,4.0,,,,,,,,,0,0,0,,0,0,0,,0,0,,0,0,0,,0,0,0,,,,,0,0,0,,0,0,0,,0,0,0,,0,0,0,,0,0,0,,,,,,
35194314,elado,"Budapest X. kerület, Kőbányai út 45.",Gyárdűlő,165000000.0,165.0,165000.0,1513761.4678899082,18.921456031864853,14.230108149635711,0,109.0,194.0,4.0,5,0,1,0,1,1,1,1,0,1,14.0,47.483681,19.114939,1,295.0,150-300 m,0,1034.6,13.8,0,0,1,https://ingatlan.com/35194314,"Eladó tégla lakás - Budapest X. kerület, Kőbányai út 45. #35194314",1101,Budapest,Kőbányai út,45,újszerű,Tégla lakás,2012.0,10-30 év (rendszerváltás utáni),170.0,4.0,0.0,4+ szoba,27.25,4,4.0,4.0,0,"gázkazán, házközponti, házközponti egyedi méréssel",,0,1,0,0,A,,,,nincs megadva,65000.0,20000.0,Ingatlaniroda,,2492.0,4.0,,,,,,,,1877.6,0,0,0,255.8,1,1,1,279.0,1,1,255.8,1,1,1,521.3,0,1,1,4.0,18.0,52.0,717.4,0,1,1,1532.4,0,0,0,431.2,0,1,1,436.2,0,1,1,,0,0,0,Kőbánya alsó,,Kismartoni út,Kismartoni út,Játszótér,villamos
35194423,elado,"Budapest X. kerület, Kőbányai út 45.",Gyárdűlő,165000000.0,165.0,165000.0,1500000.0,18.921456031864853,14.22097566607244,0,110.0,195.0,4.0,3,0,0,0,1,1,1,1,0,1,14.0,47.483681,19.114939,1,295.0,150-300 m,0,1034.6,13.8,0,0,1,https://ingatlan.com/35194423,"Eladó tégla lakás - Budapest X. kerület, Kőbányai út 45. #35194423",1101,Budapest,Kőbányai út,45,jó állapotú,Tégla lakás,2012.0,10-30 év (rendszerváltás utáni),170.0,4.0,0.0,4+ szoba,27.5,4,4.0,4.0,0,"gázkazán, házközponti egyedi méréssel",,0,1,0,0,A,,,,nincs megadva,65000.0,20000.0,Ingatlaniroda,,1499.0,4.0,,,,,,,,1877.6,0,0,0,255.8,1,1,1,279.0,1,1,255.8,1,1,1,521.3,0,1,1,4.0,18.0,52.0,717.4,0,1,1,1532.4,0,0,0,431.2,0,1,1,436.2,0,1,1,,0,0,0,Kőbánya alsó,,Kismartoni út,Kismartoni út,Játszótér,villamos
35196997,elado,"Budapest X. kerület, Népliget",Kőbánya egyéb,165000000.0,165.0,165000.0,1500000.0,18.921456031864853,14.22097566607244,0,110.0,194.5,4.0,5,0,1,0,1,1,0,1,0,1,14.0,47.4797172,19.1098947,0,515.2,500-1000 m,0,,,0,0,0,https://ingatlan.com/35196997,"Eladó tégla lakás - Budapest X. kerület, Népliget #35196997",1101,Budapest,Népliget,,újszerű,Tégla lakás,2012.0,10-30 év (rendszerváltás utáni),169.0,4.0,0.0,4+ szoba,27.5,4,4.0,4.0,0,távfűtés egyedi méréssel,,1,0,0,0,A+,,,,igen,,,Ingatlaniroda,,767.0,4.0,,,,,,,,,0,0,0,,0,0,0,,0,0,,0,0,0,,0,0,0,,,,,0,0,0,,0,0,0,,0,0,0,,0,0,0,,0,0,0,,,,,,
35196998,elado,"Budapest X. kerület, Népliget",Kőbánya egyéb,165000000.0,165.0,165000.0,1486486.4864864864,18.921456031864853,14.21192583055252,0,111.0,195.5,4.0,3,0,0,0,1,1,0,1,0,1,14.0,47.4797172,19.1098947,0,515.2,500-1000 m,0,,,0,0,0,https://ingatlan.com/35196998,"Eladó tégla lakás - Budapest X. kerület, Népliget #35196998",1101,Budapest,Népliget,,jó állapotú,Tégla lakás,2012.0,10-30 év (rendszerváltás utáni),169.0,4.0,0.0,4+ szoba,27.75,4,4.0,4.0,0,távfűtés egyedi méréssel,,1,0,0,0,A+,,,,igen,,,Ingatlaniroda,,1920.0,4.0,,,,,,,,,0,0,0,,0,0,0,,0,0,,0,0,0,,0,0,0,,,,,0,0,0,,0,0,0,,0,0,0,,0,0,0,,0,0,0,,,,,,
35199047,elado,"Budapest X. kerület, Népliget",Kőbánya egyéb,165000000.0,165.0,165000.0,1513761.4678899082,18.921456031864853,14.230108149635711,0,109.0,193.5,4.0,3,0,0,0,1,1,1,1,0,1,14.0,47.4797172,19.1098947,0,515.2,500-1000 m,0,,,0,0,0,https://ingatlan.com/35199047,"Eladó tégla lakás - Budapest X. kerület, Népliget #35199047",1101,Budapest,Népliget,,jó állapotú,Tégla lakás,2012.0,10-30 év (rendszerváltás utáni),169.0,4.0,0.0,4+ szoba,27.25,4,4.0,4.0,0,"házközponti egyedi méréssel, hűtő-fűtő klíma",,0,0,0,0,nincs megadva,,,,nincs megadva,65000.0,,Ingatlaniroda,,3241.0,4.0,,,,,,,,,0,0,0,,0,0,0,,0,0,,0,0,0,,0,0,0,,,,,0,0,0,,0,0,0,,0,0,0,,0,0,0,,0,0,0,,,,,,
35200725,elado,"Budapest X. kerület, Ihász köz",Óhegy,80000000.0,80.0,80000.0,1269841.2698412698,18.197537192638155,14.054402466246623,0,63.0,66.0,3.0,3,0,0,0,0,0,0,1,0,0,,47.4860782,19.1435952,0,671.5,500-1000 m,0,,,0,0,0,https://ingatlan.com/35200725,"Eladó csúsztatott zsalus - Budapest X. kerület, Ihász köz #35200725",1105,Budapest,Ihász köz,,nincs megadva,Csúsztatott zsalus lakás,,Ismeretlen,6.0,3.0,0.0,3 szoba,21.0,nincs megadva,,,0,nincs megadva,,0,0,0,0,nincs megadva,,,,nincs megadva,,,Ingatlaniroda,,499.0,2.0,,,,,,,,,0,0,0,,0,0,0,,0,0,,0,0,0,,0,0,0,,,,,0,0,0,,0,0,0,,0,0,0,,0,0,0,,0,0,0,,,,,,
35201061,elado,"Budapest X. kerület, Bolgár utca",Óhegy,47900000.0,47.9,47900.0,1496875.0,17.684626062381145,14.218890159581417,0,32.0,32.0,1.0,3,0,0,0,1,0,0,0,1,0,58.0,47.4802455,19.1328259,0,232.5,150-300 m,0,,,0,0,0,https://ingatlan.com/35201061,"Eladó tégla lakás - Budapest X. kerület, Bolgár utca #35201061",1105,Budapest,Bolgár utca,,jó állapotú,Tégla lakás,1968.0,30-60 év (panel-korszak),0.0,1.0,0.0,1 szoba,32.0,földszint,0.0,,0,egyéb,,0,0,0,0,nincs megadva,,,,nincs megadva,,,Ingatlaniroda,,1288.0,4.0,,,,,,,,,0,0,0,,0,0,0,,0,0,,0,0,0,,0,0,0,,,,,0,0,0,,0,0,0,,0,0,0,,0,0,0,,0,0,0,,,,,,
35203765,elado,"Budapest X. kerület, Kőbányai út",Gyárdűlő,164900000.0,164.9,164900.0,1512844.0366972478,18.92084978752983,14.229501905300683,0,109.0,194.0,3.0,3,0,0,0,1,1,0,1,0,1,14.0,47.4839965,19.1169429,0,148.4,<150 m,1,,,0,0,0,https://ingatlan.com/35203765,"Eladó tégla lakás - Budapest X. kerület, Kőbányai út #35203765",1101,Budapest,Kőbányai út,,jó állapotú,Tégla lakás,2012.0,10-30 év (rendszerváltás utáni),170.0,3.0,0.0,3 szoba,36.333333333333336,4,4.0,4.0,0,házközponti egyedi méréssel,,0,0,0,0,nincs megadva,,,,nem,65000.0,15000000.0,Ingatlaniroda,,3889.0,4.0,,,,,,,,,0,0,0,,0,0,0,,0,0,,0,0,0,,0,0,0,,,,,0,0,0,,0,0,0,,0,0,0,,0,0,0,,0,0,0,,,,,,
35203875,elado,"Budapest X. kerület, Újhegyi sétány 50.",Újhegy,67500000.0,67.5,67500.0,1350000.0,18.02763815584276,14.115615150414612,0,50.0,50.0,2.0,4,0,0,1,0,1,1,0,0,0,,,,0,,,0,,,0,0,0,https://ingatlan.com/35203875,"Eladó panel lakás - Budapest X. kerület, Újhegyi sétány #35203875",1108,Budapest,Újhegyi sétány,50,felújított,Panel lakás,,Ismeretlen,0.0,2.0,0.0,2 szoba,25.0,5,5.0,10.0,0,távfűtés,,1,0,0,0,nincs megadva,,,,nem,17000.0,45000.0,Ingatlaniroda,,919.0,2.0,,,,,,,,,0,0,0,,0,0,0,,0,0,,0,0,0,,0,0,0,,,,,0,0,0,,0,0,0,,0,0,0,,0,0,0,,0,0,0,,,,,,
35209421,elado,"Budapest X. kerület, Vörösdinka utca",Óhegy,72500000.0,72.5,72500.0,1294642.857142857,18.099097119824904,14.073745429089755,0,56.0,56.0,3.0,4,0,0,0,0,0,0,0,0,0,58.0,47.481899,19.1494089,0,939.2,500-1000 m,0,,,0,0,0,https://ingatlan.com/35209421,"Eladó csúsztatott zsalus - Budapest X. kerület, Vörösdinka utca #35209421",1104,Budapest,Vörösdinka utca,,felújított,Csúsztatott zsalus lakás,1968.0,30-60 év (panel-korszak),0.0,3.0,0.0,3 szoba,18.666666666666668,2,2.0,4.0,0,távfűtés,,1,0,0,0,C,,,,nincs megadva,16800.0,,Ingatlaniroda,,951.0,2.0,,,,,,,,,0,0,0,,0,0,0,,0,0,,0,0,0,,0,0,0,,,,,0,0,0,,0,0,0,,0,0,0,,0,0,0,,0,0,0,,,,,,
35209528,elado,"Budapest X. kerület, Gyárdűlő",Gyárdűlő,102000000.0,102.0,102000.0,1924528.3018867925,18.440483371248543,14.470191457696423,0,53.0,58.0,3.0,5,0,1,0,1,1,1,1,0,0,2.0,47.4754656,19.1221648,0,155.8,150-300 m,0,,,0,0,0,https://ingatlan.com/35209528,"Eladó tégla lakás - Budapest X. kerület, Gyárdűlő #35209528",1107,Budapest,Gyárdűlő,,újszerű,Tégla lakás,2024.0,0-10 év,10.0,3.0,0.0,3 szoba,17.666666666666668,2,2.0,6.0,0,házközponti egyedi méréssel,,0,0,0,0,nincs megadva,,,,nincs megadva,,,Ingatlaniroda,,2240.0,4.0,,,,,,,,,0,0,0,,0,0,0,,0,0,,0,0,0,,0,0,0,,,,,0,0,0,,0,0,0,,0,0,0,,0,0,0,,0,0,0,,,,,,
35214396,elado,"Budapest X. kerület, Tavas utca",Újhegy,69900000.0,69.9,69900.0,1588636.3636363635,18.06257620720404,14.278386573285777,0,44.0,46.5,1.0,3,0,0,0,1,1,1,1,1,0,0.0,47.4699607,19.1670969,0,1045.3,1000-2000 m,0,,,0,0,0,https://ingatlan.com/35214396,"Eladó tégla lakás - Budapest X. kerület, Tavas utca #35214396",1108,Budapest,Tavas utca,,nincs megadva,Tégla lakás,2026.0,Új építésű (2025+),5.0,1.0,0.0,1 szoba,44.0,földszint,0.0,4.0,0,"hőszivattyú, fan-coil",,0,0,1,0,A+,,,,nincs megadva,,,Ingatlaniroda,,1895.0,4.0,,,,,,,,,0,0,0,,0,0,0,,0,0,,0,0,0,,0,0,0,,,,,0,0,0,,0,0,0,,0,0,0,,0,0,0,,0,0,0,,,,,,
35214435,elado,"Budapest X. kerület, Tavas utca",Újhegy,62900000.0,62.9,62900.0,1429545.4545454546,17.957056721670668,14.172867087752408,0,44.0,46.5,1.0,6,0,1,0,1,1,1,1,0,0,0.0,47.4699607,19.1670969,0,1045.3,1000-2000 m,0,,,0,0,0,https://ingatlan.com/35214435,"Eladó tégla lakás - Budapest X. kerület, Tavas utca #35214435",1108,Budapest,Tavas utca,,új építésű,Tégla lakás,2026.0,Új építésű (2025+),5.0,1.0,0.0,1 szoba,44.0,1,1.0,4.0,0,"hőszivattyú, fan-coil",,0,0,1,0,A+,,,,nincs megadva,,,Ingatlaniroda,,1879.0,4.0,,,,,,,,,0,0,0,,0,0,0,,0,0,,0,0,0,,0,0,0,,,,,0,0,0,,0,0,0,,0,0,0,,0,0,0,,0,0,0,,,,,,
35214477,elado,"Budapest X. kerület, Tavas utca",Újhegy,99900000.0,99.9,99900.0,1427142.857142857,18.41968024361878,14.171185001569423,0,70.0,74.5,3.0,6,0,1,0,1,1,1,1,1,0,0.0,47.4699607,19.1670969,0,1045.3,1000-2000 m,0,,,0,0,0,https://ingatlan.com/35214477,"Eladó tégla lakás - Budapest X. kerület, Tavas utca #35214477",1108,Budapest,Tavas utca,,új építésű,Tégla lakás,2026.0,Új építésű (2025+),9.0,3.0,0.0,3 szoba,23.333333333333332,földszint,0.0,4.0,0,"hőszivattyú, fan-coil",,0,0,1,0,A+,,,,igen,,,Ingatlaniroda,,1905.0,4.0,,,,,,,,,0,0,0,,0,0,0,,0,0,,0,0,0,,0,0,0,,,,,0,0,0,,0,0,0,,0,0,0,,0,0,0,,0,0,0,,,,,,
35214947,elado,"Budapest X. kerület, Endre utca",Ligettelek,68500000.0,68.5,68500.0,978571.4285714285,18.042344303232454,13.793849061183094,0,70.0,70.0,3.0,3,0,0,0,1,0,0,0,0,1,58.0,47.4888107,19.1264458,0,134.2,<150 m,1,,,0,0,0,https://ingatlan.com/35214947,"Eladó tégla lakás - Budapest X. kerület, Endre utca #35214947",1102,Budapest,Endre utca,,jó állapotú,Tégla lakás,1968.0,30-60 év (panel-korszak),0.0,3.0,0.0,3 szoba,23.333333333333332,3,3.0,3.0,0,gáz (konvektor),,0,1,0,0,nincs megadva,,,,nincs megadva,21117.0,,Ingatlaniroda,,1386.0,2.0,,,,,,,,,0,0,0,,0,0,0,,0,0,,0,0,0,,0,0,0,,,,,0,0,0,,0,0,0,,0,0,0,,0,0,0,,0,0,0,,,,,,
35216766,elado,"Budapest X. kerület, Hatház utca 5.",Felsőrákos,72900000.0,72.9,72900.0,1301785.7142857143,18.104599196978885,14.079247506243737,0,56.0,56.0,4.0,4,0,0,0,1,0,1,0,0,1,96.0,47.502772,19.149202,1,223.1,150-300 m,0,463.7,6.2,0,1,1,https://ingatlan.com/35216766,"Eladó tégla lakás - Budapest X. kerület, Hatház utca 5. #35216766",1106,Budapest,Hatház utca,5,felújított,Tégla lakás,1930.0,60+ év (háború előtti),0.0,4.0,0.0,4+ szoba,14.0,4,4.0,4.0,0,"gázkazán, hűtő-fűtő klíma",,0,1,0,0,D,,,,nem,24500.0,17000.0,Magánszemély,,702.0,4.0,,,,,,,,1248.8,0,0,0,1168.1,0,0,0,234.3,1,1,463.7,0,1,1,221.2,1,1,1,6.0,38.0,72.0,403.5,0,1,1,672.9,0,1,1,300.2,1,1,1,533.1,0,1,1,462.3,0,1,1,Rákosfalva,,Örs vezér tere M+H,Gépmadár utca,Kiserdő,vasut
35218789,elado,"Budapest X. kerület, Téglagyárdűlő",Gyárdűlő,39900000.0,39.9,39900.0,814285.7142857143,17.50188688186009,13.610066583749465,0,49.0,49.0,2.0,3,0,0,0,1,0,1,0,0,1,58.0,47.4834581,19.1688594,0,131.9,<150 m,1,,,0,0,0,https://ingatlan.com/35218789,"Eladó tégla lakás - Budapest X. kerület, Téglagyárdűlő #35218789",1106,Budapest,Téglagyárdűlő,,jó állapotú,Tégla lakás,1968.0,30-60 év (panel-korszak),0.0,2.0,0.0,2 szoba,24.5,4,4.0,4.0,0,elektromos fűtőpanel,,0,0,0,0,nincs megadva,,,,nincs megadva,,,Ingatlaniroda,,1051.0,4.0,,,,,,,,,0,0,0,,0,0,0,,0,0,,0,0,0,,0,0,0,,,,,0,0,0,,0,0,0,,0,0,0,,0,0,0,,0,0,0,,,,,,
35221075,elado,"Budapest X. kerület, Kőrösi Csoma sétány",Kőbánya-Városközpont,64900000.0,64.9,64900.0,914084.5070422535,17.988358181674318,13.725678304633004,0,71.0,74.5,3.0,4,0,0,1,0,0,1,1,0,0,38.0,47.4850651,19.1310368,0,363.1,300-500 m,0,,,0,0,0,https://ingatlan.com/35221075,"Eladó panel lakás - Budapest X. kerület, Kőrösi Csoma sétány #35221075",1102,Budapest,Kőrösi Csoma sétány,,felújított,Panel lakás,1988.0,30-60 év (panel-korszak),7.0,3.0,0.0,3 szoba,23.666666666666668,2,2.0,4.0,0,házközponti,,0,0,0,0,nincs megadva,,,,nem,27000.0,40000.0,Ingatlaniroda,,628.0,4.0,,,,,,,,,0,0,0,,0,0,0,,0,0,,0,0,0,,0,0,0,,,,,0,0,0,,0,0,0,,0,0,0,,0,0,0,,0,0,0,,,,,,
35221098,elado,"Budapest X. kerület, Makk utca 7./35.",Gyárdűlő,134990000.0,134.99,134990.0,1569651.1627906978,18.72071125958501,14.266363963331502,0,86.0,90.5,4.0,5,0,1,0,1,1,1,1,0,0,7.0,47.474314,19.118907,1,358.0,300-500 m,0,1355.8,18.1,0,0,0,https://ingatlan.com/35221098,"Eladó tégla lakás - Budapest X. kerület, Makk utca 7./35. #35221098",1107,Budapest,Makk utca,7./35,újszerű,Tégla lakás,2019.0,0-10 év,9.0,4.0,0.0,4+ szoba,21.5,4,4.0,5.0,0,"házközponti egyedi méréssel, gázkazán",,0,1,0,0,nincs megadva,,,,nincs megadva,30000.0,,Ingatlaniroda,,1346.0,2.0,,,,,,,,748.5,0,1,1,264.2,1,1,1,317.0,1,1,264.2,1,1,1,507.1,0,1,1,6.0,20.0,65.0,1370.0,0,0,0,906.5,0,0,1,486.8,0,1,1,357.9,1,1,1,1129.9,0,0,0,Kőbánya alsó,,Fertő utca / Bihari utca,Fertő utca / Bihari utca,Kékvirág park,villamos
35222361,elado,"Budapest X. kerület, Laposdűlő - Pongrácz úti lakótelep",Laposdűlő,46900000.0,46.9,46900.0,1302777.7777777778,17.663528233416507,14.080009294960398,0,36.0,36.0,2.0,1,1,0,0,1,0,0,0,0,0,,47.4899521,19.1197096,0,97.4,<150 m,1,,,0,0,0,https://ingatlan.com/35222361,"Eladó tégla lakás - Budapest X. kerület, Laposdűlő - Pongrácz úti lakótelep #35222361",1101,Budapest,Laposdűlő - Pongrácz úti lakótelep,,felújítandó,Tégla lakás,,Ismeretlen,0.0,2.0,0.0,2 szoba,18.0,nincs megadva,,4.0,0,gáz (konvektor),,0,1,0,0,nincs megadva,,,,nincs megadva,,,Ingatlaniroda,,1306.0,4.0,,,,,,,,,0,0,0,,0,0,0,,0,0,,0,0,0,,0,0,0,,,,,0,0,0,,0,0,0,,0,0,0,,0,0,0,,0,0,0,,,,,,
35222373,elado,"Budapest X. kerület, Laposdűlő - Pongrácz úti lakótelep",Laposdűlő,33900000.0,33.9,33900.0,941666.6666666666,17.33892557235068,13.75540663389457,0,36.0,36.0,2.0,3,0,0,0,1,0,0,0,0,0,,47.4899521,19.1197096,0,97.4,<150 m,1,,,0,0,0,https://ingatlan.com/35222373,"Eladó tégla lakás - Budapest X. kerület, Laposdűlő - Pongrácz úti lakótelep #35222373",1101,Budapest,Laposdűlő - Pongrácz úti lakótelep,,nincs megadva,Tégla lakás,,Ismeretlen,0.0,2.0,0.0,2 szoba,18.0,nincs megadva,,,0,gáz (konvektor),,0,1,0,0,nincs megadva,,,,nincs megadva,,,Ingatlaniroda,,648.0,2.0,,,,,,,,,0,0,0,,0,0,0,,0,0,,0,0,0,,0,0,0,,,,,0,0,0,,0,0,0,,0,0,0,,0,0,0,,0,0,0,,,,,,
35222533,elado,"Budapest X. kerület, Kőbánya-Városközpont",Kőbánya-Városközpont,66000000.0,66.0,66000.0,929577.4647887324,18.0051652999907,13.742485422949384,0,71.0,74.5,3.0,2,1,0,0,0,0,0,1,0,0,58.0,47.482503,19.1307351,0,213.3,150-300 m,0,,,0,0,0,https://ingatlan.com/35222533,"Eladó csúsztatott zsalus - Budapest X. kerület, Kőbánya-Városközpont #35222533",1105,Budapest,Kőbánya-Városközpont,,közepes állapotú,Csúsztatott zsalus lakás,1968.0,30-60 év (panel-korszak),7.0,3.0,0.0,3 szoba,23.666666666666668,2,2.0,4.0,0,távfűtés egyedi méréssel,,1,0,0,0,nincs megadva,,,,nincs megadva,27000.0,,Ingatlaniroda,,943.0,4.0,,,,,,,,,0,0,0,,0,0,0,,0,0,,0,0,0,,0,0,0,,,,,0,0,0,,0,0,0,,0,0,0,,0,0,0,,0,0,0,,,,,,
35223222,elado,"Budapest X. kerület, Kővágó utca",Újhegy,68000000.0,68.0,68000.0,1000000.0,18.03501826314038,13.815510557964274,0,68.0,69.0,3.0,2,1,0,1,0,1,1,1,0,0,,47.4725225,19.1634642,0,855.4,500-1000 m,0,,,0,0,0,https://ingatlan.com/35223222,"Eladó panel lakás - Budapest X. kerület, Kővágó utca #35223222",1108,Budapest,Kővágó utca,,közepes állapotú,Panel lakás,,Ismeretlen,2.0,3.0,0.0,3 szoba,22.666666666666668,6,6.0,10.0,0,távfűtés,,1,0,0,0,nincs megadva,,,,nem,,,Ingatlaniroda,,927.0,2.0,,,,,,,,,0,0,0,,0,0,0,,0,0,,0,0,0,,0,0,0,,,,,0,0,0,,0,0,0,,0,0,0,,0,0,0,,0,0,0,,,,,,
35223334,elado,"Budapest X. kerület, Gyárdűlő",Gyárdűlő,102000000.0,102.0,102000.0,1924528.3018867925,18.440483371248543,14.470191457696423,0,53.0,58.0,3.0,5,0,1,0,1,1,0,1,0,0,2.0,47.4754656,19.1221648,0,155.8,150-300 m,0,,,0,0,0,https://ingatlan.com/35223334,"Eladó tégla lakás - Budapest X. kerület, Gyárdűlő #35223334",1107,Budapest,Gyárdűlő,,újszerű,Tégla lakás,2024.0,0-10 év,10.0,3.0,0.0,3 szoba,17.666666666666668,2,2.0,6.0,0,házközponti egyedi méréssel,,0,0,0,0,nincs megadva,,,,nincs megadva,,,Ingatlaniroda,,2271.0,4.0,,,,,,,,,0,0,0,,0,0,0,,0,0,,0,0,0,,0,0,0,,,,,0,0,0,,0,0,0,,0,0,0,,0,0,0,,0,0,0,,,,,,
35224306,elado,"Budapest X. kerület, Kőbánya - Óhegy",Óhegy,169000000.0,169.0,169000.0,2139240.506329114,18.945409272887346,14.575961420420326,0,79.0,129.0,3.0,4,0,0,0,1,1,1,1,0,1,96.0,47.4820541,19.132346,0,297.2,150-300 m,0,,,0,0,0,https://ingatlan.com/35224306,"Eladó tégla lakás - Budapest X. kerület, Kőbánya - Óhegy #35224306",1103,Budapest,Kőbánya - Óhegy,,felújított,Tégla lakás,1930.0,60+ év (háború előtti),100.0,3.0,0.0,3 szoba,26.333333333333332,5,5.0,5.0,0,gázkazán,,0,1,0,0,nincs megadva,,,,nem,28600.0,,Ingatlaniroda,,4018.0,4.0,,,,,,,,,0,0,0,,0,0,0,,0,0,,0,0,0,,0,0,0,,,,,0,0,0,,0,0,0,,0,0,0,,0,0,0,,0,0,0,,,,,,
35225224,elado,"Budapest X. kerület, Gyakorló utca",Felsőrákos,62900000.0,62.9,62900.0,1186792.4528301887,17.957056721670668,13.986764808118547,0,53.0,53.0,2.0,2,1,0,1,0,1,0,0,1,0,58.0,47.5018325,19.1436801,0,258.3,150-300 m,0,,,0,0,0,https://ingatlan.com/35225224,"Eladó panel lakás - Budapest X. kerület, Gyakorló utca #35225224",1106,Budapest,Gyakorló utca,,közepes állapotú,Panel lakás,1968.0,30-60 év (panel-korszak),0.0,2.0,0.0,2 szoba,26.5,földszint,0.0,10.0,0,távfűtés,,1,0,0,0,nincs megadva,,,,nincs megadva,,,Ingatlaniroda,,1851.0,4.0,,,,,,,,,0,0,0,,0,0,0,,0,0,,0,0,0,,0,0,0,,,,,0,0,0,,0,0,0,,0,0,0,,0,0,0,,0,0,0,,,,,,
35226091,elado,"Budapest X. kerület, Tavas utca",Újhegy,129900000.0,129.9,129900.0,1273529.4117647058,18.68227548164083,14.057302668356558,0,102.0,106.5,4.0,6,0,1,0,1,1,1,1,0,0,0.0,47.4699607,19.1670969,0,1045.3,1000-2000 m,0,,,0,0,0,https://ingatlan.com/35226091,"Eladó tégla lakás - Budapest X. kerület, Tavas utca #35226091",1108,Budapest,Tavas utca,,új építésű,Tégla lakás,2026.0,Új építésű (2025+),9.0,4.0,0.0,4+ szoba,25.5,1,1.0,4.0,0,"hőszivattyú, fan-coil",,0,0,1,0,A+,,,,nem,,,Ingatlaniroda,,1643.0,4.0,,,,,,,,,0,0,0,,0,0,0,,0,0,,0,0,0,,0,0,0,,,,,0,0,0,,0,0,0,,0,0,0,,0,0,0,,0,0,0,,,,,,
35226487,elado,"Budapest X. kerület, Gyógyszergyári utca",Felsőrákos,83900000.0,83.9,83900.0,1553703.7037037036,18.245136171437434,14.25615212487316,0,54.0,60.980000000000004,3.0,6,0,1,0,1,1,0,1,0,0,0.0,47.4994212,19.1493566,0,351.7,300-500 m,0,,,0,0,0,https://ingatlan.com/35226487,"Eladó tégla lakás - Budapest X. kerület, Gyógyszergyári utca #35226487",1106,Budapest,Gyógyszergyári utca,,új építésű,Tégla lakás,2027.0,Új építésű (2025+),13.96,3.0,0.0,3 szoba,18.0,6,6.0,7.0,0,távfűtés,,1,0,0,0,A+,,,,nincs megadva,,,Ingatlaniroda,,3375.0,4.0,,,,,,,,,0,0,0,,0,0,0,,0,0,,0,0,0,,0,0,0,,,,,0,0,0,,0,0,0,,0,0,0,,0,0,0,,0,0,0,,,,,,
35227234,elado,"Budapest X. kerület, Bihari utca 3.",Gyárdűlő,72450000.0,72.45,72450.0,1168548.3870967743,18.098407226730966,13.971272841685874,0,62.0,62.0,3.0,4,0,0,1,0,1,0,0,0,0,58.0,47.472832,19.114859,1,260.3,150-300 m,0,1669.8,22.3,0,0,0,https://ingatlan.com/35227234,"Eladó panel lakás - Budapest X. kerület, Bihari utca 3. #35227234",1107,Budapest,Bihari utca,3,felújított,Panel lakás,1968.0,30-60 év (panel-korszak),0.0,3.0,0.0,3 szoba,20.666666666666668,félemelet,0.5,10.0,0,házközponti,,0,0,0,0,C,,,,igen,14500.0,22450.0,Ingatlaniroda,,1974.0,2.0,,,,,,,,427.3,0,1,1,239.8,1,1,1,453.2,0,1,239.8,1,1,1,123.7,1,1,1,4.0,48.0,87.0,1000.9,0,0,1,706.3,0,1,1,306.7,1,1,1,377.8,0,1,1,924.6,0,0,1,Kőbánya alsó,,Balkán utca,Ecseri út M,Kékvirág park,villamos
35228838,elado,"Budapest X. kerület, Csilla utca",Laposdűlő,40990000.0,40.99,40990.0,1639600.0,17.52883869248052,14.30996286761232,0,25.0,25.0,1.0,3,0,0,0,1,0,0,0,0,0,,47.4898279,19.1195837,0,86.4,<150 m,1,,,0,0,0,https://ingatlan.com/35228838,"Eladó tégla lakás - Budapest X. kerület, Csilla utca #35228838",1101,Budapest,Csilla utca,,nincs megadva,Tégla lakás,,Ismeretlen,0.0,1.0,0.0,1 szoba,25.0,nincs megadva,,,0,nincs megadva,,0,0,0,0,nincs megadva,,,,nincs megadva,,,Ingatlaniroda,,1076.0,2.0,,,,,,,,,0,0,0,,0,0,0,,0,0,,0,0,0,,0,0,0,,,,,0,0,0,,0,0,0,,0,0,0,,0,0,0,,0,0,0,,,,,,
35231121,elado,"Budapest X. kerület, Kőbánya - Újhegyi lakótelep",Újhegy,17300000.0,17.3,17300.0,353061.2244897959,16.666217059468007,12.77439676135738,0,49.0,49.0,2.0,3,0,0,1,0,0,0,0,0,0,,,,0,,,0,,,0,0,0,https://ingatlan.com/35231121,"Eladó panel lakás - Budapest X. kerület, Kőbánya - Újhegyi lakótelep #35231121",1108,Budapest,Kőbánya - Újhegyi lakótelep,,nincs megadva,Panel lakás,,Ismeretlen,0.0,2.0,0.0,2 szoba,24.5,nincs megadva,,,0,nincs megadva,,0,0,0,0,I,,,,nincs megadva,,,Ingatlaniroda,,1007.0,3.0,,,,,,,,,0,0,0,,0,0,0,,0,0,,0,0,0,,0,0,0,,,,,0,0,0,,0,0,0,,0,0,0,,0,0,0,,0,0,0,,,,,,
35231168,elado,"Budapest X. kerület, Szállás utca 60.",Gyárdűlő,40000000.0,40.0,40000.0,666666.6666666666,17.50439001207821,13.41004544985611,0,60.0,60.0,1.0,4,0,0,0,1,0,0,0,0,0,58.0,,,0,,,0,,,0,0,0,https://ingatlan.com/35231168,"Eladó tégla lakás - Budapest X. kerület, Szállás utca #35231168",1107,Budapest,Szállás utca,60,felújított,Tégla lakás,1968.0,30-60 év (panel-korszak),0.0,1.0,0.0,1 szoba,60.0,szuterén,-1.0,3.0,0,elektromos fűtőpanel,,0,0,0,0,nincs megadva,,,,nem,,,Ingatlaniroda,,1237.0,4.0,,,,,,,,,0,0,0,,0,0,0,,0,0,,0,0,0,,0,0,0,,,,,0,0,0,,0,0,0,,0,0,0,,0,0,0,,0,0,0,,,,,,
35233389,elado,"Budapest X. kerület, Szent László tér 22.",Ligettelek,48000000.0,48.0,48000.0,1000000.0,17.686711568872166,13.815510557964274,0,48.0,48.0,1.0,4,0,0,0,1,0,0,0,0,0,58.0,47.487887,19.131851,1,371.0,300-500 m,0,710.5,9.5,0,1,1,https://ingatlan.com/35233389,"Eladó tégla lakás - Budapest X. kerület, Szent László tér 22. #35233389",1102,Budapest,Szent László tér,22,felújított,Tégla lakás,1968.0,30-60 év (panel-korszak),0.0,1.0,0.0,1 szoba,48.0,szuterén,-1.0,4.0,0,elektromos fűtőpanel,,0,0,0,0,nincs megadva,,,,nem,8000.0,12000.0,Ingatlaniroda,,1545.0,4.0,,,,,,,,,0,0,0,363.1,1,1,1,320.7,1,1,363.1,1,1,1,162.4,1,1,1,7.0,56.0,106.0,1171.6,0,0,0,529.3,0,1,1,407.2,0,1,1,478.0,0,1,1,,0,0,0,Kőbánya felső,,Szent László tér,Szent László tér,Névtelen zöldfelület / park,villamos
35233571,elado,"Budapest X. kerület, Kápolna utca",Kőbánya-Városközpont,60000000.0,60.0,60000.0,857142.8571428572,17.909855120186375,13.661359878137016,0,70.0,70.0,2.0,4,0,0,0,1,1,1,0,1,0,58.0,47.4823363,19.1289949,0,88.5,<150 m,1,,,0,0,0,https://ingatlan.com/35233571,"Eladó tégla lakás - Budapest X. kerület, Kápolna utca #35233571",1102,Budapest,Kápolna utca,,felújított,Tégla lakás,1968.0,30-60 év (panel-korszak),0.0,2.0,0.0,2 szoba,35.0,földszint,0.0,2.0,0,"padlófűtés, hűtő-fűtő klíma",,0,0,0,0,nincs megadva,,,,igen,,,Ingatlaniroda,,1541.0,4.0,,,,,,,,,0,0,0,,0,0,0,,0,0,,0,0,0,,0,0,0,,,,,0,0,0,,0,0,0,,0,0,0,,0,0,0,,0,0,0,,,,,,
35235787,elado,"Budapest X. kerület, Gyógyszergyári utca",Felsőrákos,76900000.0,76.9,76900.0,1602083.3333333333,18.158016434475872,14.286815423567981,0,48.0,54.055,2.0,6,0,1,0,1,1,1,1,0,1,0.0,47.4994212,19.1493566,0,351.7,300-500 m,0,,,0,0,0,https://ingatlan.com/35235787,"Eladó tégla lakás - Budapest X. kerület, Gyógyszergyári utca #35235787",1106,Budapest,Gyógyszergyári utca,,új építésű,Tégla lakás,2027.0,Új építésű (2025+),12.11,2.0,0.0,2 szoba,24.0,8,8.0,8.0,0,távfűtés,,1,0,0,0,nincs megadva,,,,nincs megadva,,,Ingatlaniroda,,3375.0,4.0,,,,,,,,,0,0,0,,0,0,0,,0,0,,0,0,0,,0,0,0,,,,,0,0,0,,0,0,0,,0,0,0,,0,0,0,,0,0,0,,,,,,
35235794,elado,"Budapest X. kerület, Gyógyszergyári utca",Felsőrákos,76900000.0,76.9,76900.0,1602083.3333333333,18.158016434475872,14.286815423567981,0,48.0,54.055,2.0,6,0,1,0,1,1,1,1,0,0,0.0,47.4994212,19.1493566,0,351.7,300-500 m,0,,,0,0,0,https://ingatlan.com/35235794,"Eladó tégla lakás - Budapest X. kerület, Gyógyszergyári utca #35235794",1106,Budapest,Gyógyszergyári utca,,új építésű,Tégla lakás,2027.0,Új építésű (2025+),12.11,2.0,0.0,2 szoba,24.0,nincs megadva,,7.0,0,távfűtés,,1,0,0,0,nincs megadva,,,,nincs megadva,,,Ingatlaniroda,,3375.0,4.0,,,,,,,,,0,0,0,,0,0,0,,0,0,,0,0,0,,0,0,0,,,,,0,0,0,,0,0,0,,0,0,0,,0,0,0,,0,0,0,,,,,,
35235805,elado,"Budapest X. kerület, Gyógyszergyári utca",Felsőrákos,77900000.0,77.9,77900.0,1622916.6666666667,18.170936510840978,14.299735499933085,0,48.0,54.05,2.0,6,0,1,0,1,1,1,1,0,0,0.0,47.4994212,19.1493566,0,351.7,300-500 m,0,,,0,0,0,https://ingatlan.com/35235805,"Eladó tégla lakás - Budapest X. kerület, Gyógyszergyári utca #35235805",1106,Budapest,Gyógyszergyári utca,,új építésű,Tégla lakás,2027.0,Új építésű (2025+),12.1,2.0,0.0,2 szoba,24.0,6,6.0,7.0,0,távfűtés,,1,0,0,0,nincs megadva,,,,nincs megadva,,,Ingatlaniroda,,3375.0,4.0,,,,,,,,,0,0,0,,0,0,0,,0,0,,0,0,0,,0,0,0,,,,,0,0,0,,0,0,0,,0,0,0,,0,0,0,,0,0,0,,,,,,
35236250,elado,"Budapest X. kerület, Doba utca",Laposdűlő,41900000.0,41.9,41900.0,1163888.888888889,17.550796384892365,13.967277446436256,0,36.0,37.5,1.0,2,1,0,0,1,0,1,1,0,0,96.0,47.4869721,19.1223924,0,110.8,<150 m,1,,,0,0,0,https://ingatlan.com/35236250,"Eladó tégla lakás - Budapest X. kerület, Doba utca #35236250",1101,Budapest,Doba utca,,közepes állapotú,Tégla lakás,1930.0,60+ év (háború előtti),3.0,1.0,0.0,1 szoba,36.0,1,1.0,4.0,0,gáz (konvektor),,0,1,0,0,nincs megadva,,,,nincs megadva,,,Ingatlaniroda,,1342.0,4.0,,,,,,,,,0,0,0,,0,0,0,,0,0,,0,0,0,,0,0,0,,,,,0,0,0,,0,0,0,,0,0,0,,0,0,0,,0,0,0,,,,,,
35236353,elado,"Budapest X. kerület, Kozma utca",Keresztúridűlő,59900000.0,59.9,59900.0,1274468.085106383,17.908187063085677,14.05803946137562,0,47.0,49.0,2.0,4,0,0,0,1,0,1,1,0,0,58.0,47.4684859,19.1785879,0,1235.0,1000-2000 m,0,,,0,0,0,https://ingatlan.com/35236353,"Eladó tégla lakás - Budapest X. kerület, Kozma utca #35236353",1108,Budapest,Kozma utca,,felújított,Tégla lakás,1968.0,30-60 év (panel-korszak),4.0,2.0,0.0,2 szoba,23.5,2,2.0,3.0,0,"gáz (konvektor), hűtő-fűtő klíma",,0,1,0,0,nincs megadva,,,,nem,17270.0,30000.0,Ingatlaniroda,,1277.0,2.0,,,,,,,,,0,0,0,,0,0,0,,0,0,,0,0,0,,0,0,0,,,,,0,0,0,,0,0,0,,0,0,0,,0,0,0,,0,0,0,,,,,,
35242237,elado,"Budapest X. kerület, Tavas utca 11.",Újhegy,109900000.0,109.9,109900.0,1340243.9024390243,18.51508141937385,14.108362172109597,0,82.0,87.0,3.0,6,0,1,0,1,1,1,1,0,0,0.0,47.469764,19.166789,1,1016.9,1000-2000 m,0,1833.7,24.4,0,0,0,https://ingatlan.com/35242237,"Eladó tégla lakás - Budapest X. kerület, Tavas utca 11. #35242237",1108,Budapest,Tavas utca,11,új építésű,Tégla lakás,2026.0,Új építésű (2025+),10.0,3.0,0.0,3 szoba,27.333333333333332,2,2.0,5.0,0,"hőszivattyú, padlófűtés, fan-coil",,0,0,1,0,A+,,,,nem,,,Ingatlaniroda,,2487.0,4.0,,,,,,,,1839.6,0,0,0,728.5,0,1,1,155.3,1,1,728.5,0,1,1,411.5,0,1,1,9.0,29.0,51.0,,0,0,0,,0,0,0,353.1,1,1,1,430.3,0,1,1,1378.0,0,0,0,Kőbánya-Kispest,,Sírkert út,Tavas utca,Újhegy park,villamos
35242248,elado,"Budapest X. kerület, Tavas utca 11.",Újhegy,79900000.0,79.9,79900.0,1536538.4615384615,18.1962864107365,14.245042692155076,0,52.0,57.0,2.0,6,0,1,0,1,1,1,1,1,0,0.0,47.469764,19.166789,1,1016.9,1000-2000 m,0,1833.7,24.4,0,0,0,https://ingatlan.com/35242248,"Eladó tégla lakás - Budapest X. kerület, Tavas utca 11. #35242248",1108,Budapest,Tavas utca,11,új építésű,Tégla lakás,2026.0,Új építésű (2025+),10.0,2.0,0.0,2 szoba,26.0,földszint,0.0,5.0,0,"hőszivattyú, padlófűtés, fan-coil",,0,0,1,0,A+,,,,igen,,,Ingatlaniroda,,2494.0,4.0,,,,,,,,1839.6,0,0,0,728.5,0,1,1,155.3,1,1,728.5,0,1,1,411.5,0,1,1,9.0,29.0,51.0,,0,0,0,,0,0,0,353.1,1,1,1,430.3,0,1,1,1378.0,0,0,0,Kőbánya-Kispest,,Sírkert út,Tavas utca,Újhegy park,villamos
35243189,elado,"Budapest X. kerület, Budapest XIX. kerület, Teleki utca 53.",Kőbánya egyéb,67400000.0,67.4,67400.0,1531818.1818181819,18.026155575882534,14.241965941964274,0,44.0,46.5,2.0,6,0,1,0,1,1,1,1,0,0,0.0,47.459343,19.14849,1,456.3,300-500 m,0,760.3,10.1,0,0,1,https://ingatlan.com/35243189,"Eladó tégla lakás - Budapest XIX. kerület, Teleki utca 53. #35243189",1191,Budapest,"Budapest XIX. kerület, Teleki utca",53,új építésű,Tégla lakás,2027.0,Új építésű (2025+),5.0,2.0,0.0,2 szoba,22.0,1,1.0,4.0,0,hőszivattyú,,0,0,1,0,A+,,,,nincs megadva,,,Ingatlaniroda,,1280.0,4.0,,,,,,,,703.5,0,1,1,441.8,0,1,1,58.2,1,1,441.8,0,1,1,430.7,0,1,1,2.0,55.0,103.0,1109.4,0,0,1,,0,0,0,209.8,1,1,1,547.5,0,1,1,1080.5,0,0,1,Kőbánya-Kispest,,Fő utca,Sós utca,Névtelen zöldfelület / park,villamos
35250603,elado,"Budapest X. kerület, Állomás utca",Ligettelek,105000000.0,105.0,105000.0,1019417.4757281553,18.469470908121796,13.834741919892162,0,103.0,106.75,5.0,4,0,0,0,0,0,1,1,0,1,38.0,47.5210755,19.1483125,0,126.1,<150 m,1,,,0,0,0,https://ingatlan.com/35250603,"Eladó csúsztatott zsalus - Budapest X. kerület, Állomás utca #35250603",1102,Budapest,Állomás utca,,felújított,Csúsztatott zsalus lakás,1988.0,30-60 év (panel-korszak),7.5,5.0,0.0,4+ szoba,20.6,4,4.0,4.0,0,távfűtés egyedi méréssel,,1,0,0,0,nincs megadva,,,,nem,38000.0,,Ingatlaniroda,,1396.0,4.0,,,,,,,,,0,0,0,,0,0,0,,0,0,,0,0,0,,0,0,0,,,,,0,0,0,,0,0,0,,0,0,0,,0,0,0,,0,0,0,,,,,,
35251451,elado,"Budapest X. kerület, Cserkesz utca",Óhegy,47900000.0,47.9,47900.0,903773.5849056604,17.684626062381145,13.714334148829021,0,53.0,53.0,3.0,5,0,1,0,1,0,1,0,0,0,,47.4804126,19.1314452,0,150.6,150-300 m,0,,,0,0,0,https://ingatlan.com/35251451,"Eladó tégla lakás - Budapest X. kerület, Cserkesz utca #35251451",1105,Budapest,Cserkesz utca,,újszerű,Tégla lakás,,Ismeretlen,0.0,3.0,0.0,3 szoba,17.666666666666668,nincs megadva,,3.0,0,hűtő-fűtő klíma,,0,0,0,0,nincs megadva,,,,nem,15000.0,,Ingatlaniroda,,1254.0,2.0,,,,,,,,,0,0,0,,0,0,0,,0,0,,0,0,0,,0,0,0,,,,,0,0,0,,0,0,0,,0,0,0,,0,0,0,,0,0,0,,,,,,
35251920,elado,"Budapest X. kerület, Újhegyi út",Újhegy,87000000.0,87.0,87000.0,1380952.380952381,18.28141867661886,14.138283950227326,0,63.0,75.0,3.0,6,0,1,0,1,1,1,1,0,0,0.0,47.4683201,19.1692118,0,933.0,500-1000 m,0,,,0,0,0,https://ingatlan.com/35251920,"Eladó tégla lakás - Budapest X. kerület, Újhegyi út #35251920",1108,Budapest,Újhegyi út,,új építésű,Tégla lakás,2026.0,Új építésű (2025+),24.0,3.0,0.0,3 szoba,21.0,1,1.0,5.0,0,"hőszivattyú, mennyezeti hűtés-fűtés",,0,0,1,0,nincs megadva,,,,nincs megadva,,,Ingatlaniroda,,1847.0,4.0,,,,,,,,,0,0,0,,0,0,0,,0,0,,0,0,0,,0,0,0,,,,,0,0,0,,0,0,0,,0,0,0,,0,0,0,,0,0,0,,,,,,
35252413,elado,"Budapest X. kerület, Népliget",Kőbánya-Kertváros,165000000.0,165.0,165000.0,1513761.4678899082,18.921456031864853,14.230108149635711,0,109.0,194.0,4.0,5,0,1,0,1,0,0,1,0,1,14.0,47.4797172,19.1098947,0,515.2,500-1000 m,0,,,0,0,0,https://ingatlan.com/35252413,"Eladó tégla lakás - Budapest X. kerület, Népliget #35252413",1101,Budapest,Népliget,,újszerű,Tégla lakás,2012.0,10-30 év (rendszerváltás utáni),170.0,4.0,0.0,4+ szoba,27.25,4,4.0,4.0,0,házközponti egyedi méréssel,,0,0,0,0,nincs megadva,,,,nincs megadva,,,Ingatlaniroda,,1295.0,4.0,,,,,,,,,0,0,0,,0,0,0,,0,0,,0,0,0,,0,0,0,,,,,0,0,0,,0,0,0,,0,0,0,,0,0,0,,0,0,0,,,,,,
35253467,elado,"Budapest X. kerület, Gőzmozdony utca",Újhegy,75490000.0,75.49,75490.0,1110147.0588235294,18.139510755115808,13.920003049939702,0,68.0,69.5,3.0,3,0,0,1,0,1,1,1,0,0,58.0,47.4693516,19.1581878,0,747.5,500-1000 m,0,,,0,0,0,https://ingatlan.com/35253467,"Eladó panel lakás - Budapest X. kerület, Gőzmozdony utca #35253467",1108,Budapest,Gőzmozdony utca,,jó állapotú,Panel lakás,1968.0,30-60 év (panel-korszak),3.0,3.0,0.0,3 szoba,22.666666666666668,5,5.0,10.0,0,távfűtés,,1,0,0,0,nincs megadva,,,,nincs megadva,22500.0,,Ingatlaniroda,,1397.0,4.0,,,,,,,,,0,0,0,,0,0,0,,0,0,,0,0,0,,0,0,0,,,,,0,0,0,,0,0,0,,0,0,0,,0,0,0,,0,0,0,,,,,,
35253728,elado,"Budapest X. kerület, Újhegyi út 4/B/A.",Újhegy,68900000.0,68.9,68900.0,1602325.5813953488,18.048166735983887,14.286966620290325,0,43.0,43.0,2.0,5,0,1,0,1,1,1,0,1,0,21.0,47.46517,19.162065,1,417.4,300-500 m,0,1344.4,17.9,0,0,0,https://ingatlan.com/35253728,"Eladó tégla lakás - Budapest X. kerület, Újhegyi út 4/B/A #35253728",1108,Budapest,Újhegyi út,4/B/A,újszerű,Tégla lakás,2005.0,10-30 év (rendszerváltás utáni),0.0,2.0,0.0,2 szoba,21.5,földszint,0.0,4.0,0,"házközponti egyedi méréssel, hűtő-fűtő klíma",,0,0,0,0,nincs megadva,,,,nem,13000.0,40000.0,Ingatlaniroda,,2614.0,2.0,,,,,,,,1350.3,0,0,0,1494.4,0,0,0,124.6,1,1,1344.4,0,0,0,506.9,0,1,1,5.0,21.0,47.0,,0,0,0,,0,0,0,639.3,0,1,1,554.7,0,1,1,2029.0,0,0,0,Kőbánya-Kispest,,Sírkert út,Bányató utca,Újhegy park,vasut
35254656,elado,"Budapest X. kerület, Monori utca",Laposdűlő,85000000.0,85.0,85000.0,965909.0909090909,18.258161814454592,13.780824999976383,0,88.0,88.0,4.0,1,1,0,1,0,0,0,0,1,0,38.0,47.4814962,19.1220383,0,251.3,150-300 m,0,,,0,0,0,https://ingatlan.com/35254656,"Eladó panel lakás - Budapest X. kerület, Monori utca #35254656",1101,Budapest,Monori utca,,felújítandó,Panel lakás,1988.0,30-60 év (panel-korszak),0.0,4.0,0.0,4+ szoba,22.0,földszint,0.0,4.0,0,házközponti,,0,0,0,0,nincs megadva,,,,nem,,,Magánszemély,,1413.0,4.0,,,,,,,,,0,0,0,,0,0,0,,0,0,,0,0,0,,0,0,0,,,,,0,0,0,,0,0,0,,0,0,0,,0,0,0,,0,0,0,,,,,,
35254841,elado,"Budapest X. kerület, Gyakorló köz",Felsőrákos,72900000.0,72.9,72900.0,1026760.5633802817,18.104599196978885,13.84191931993757,0,71.0,73.0,3.0,4,0,0,1,0,1,1,1,0,0,38.0,47.5024404,19.1420305,0,171.6,150-300 m,0,,,0,0,0,https://ingatlan.com/35254841,"Eladó panel lakás - Budapest X. kerület, Gyakorló köz #35254841",1106,Budapest,Gyakorló köz,,felújított,Panel lakás,1988.0,30-60 év (panel-korszak),4.0,3.0,0.0,3 szoba,23.666666666666668,2,2.0,10.0,0,"távfűtés egyedi méréssel, hűtő-fűtő klíma",,1,0,0,0,nincs megadva,,,,nem,16000.0,30000.0,Ingatlaniroda,,1007.0,4.0,,,,,,,,,0,0,0,,0,0,0,,0,0,,0,0,0,,0,0,0,,,,,0,0,0,,0,0,0,,0,0,0,,0,0,0,,0,0,0,,,,,,
35257704,elado,"Budapest X. kerület, Gém utca 2/B.",Gyárdűlő,139900000.0,139.9,139900.0,1727160.4938271604,18.75643843963571,14.36198928496327,0,81.0,85.5,4.0,5,0,1,0,1,1,1,1,1,0,7.0,47.47209,19.122273,1,406.2,300-500 m,0,1752.9,23.4,0,0,0,https://ingatlan.com/35257704,"Eladó tégla lakás - Budapest X. kerület, Gém utca 2/B #35257704",1107,Budapest,Gém utca,2/B,újszerű,Tégla lakás,2019.0,0-10 év,9.0,4.0,0.0,4+ szoba,20.25,földszint,0.0,7.0,0,"házközponti egyedi méréssel, hűtő-fűtő klíma",,0,0,0,0,A,,,,igen,41000.0,,Ingatlaniroda,,2667.0,4.0,,,,,,,,671.7,0,1,1,647.8,0,1,1,250.7,1,1,647.8,0,1,1,328.0,1,1,1,3.0,24.0,69.0,1456.4,0,0,0,421.8,0,1,1,570.4,0,1,1,447.7,0,1,1,1058.0,0,0,1,Kőbánya alsó,,Balkán utca,Hizlaló tér,Névtelen zöldfelület / park,villamos
35258428,elado,"Budapest X. kerület, Tavas utca 11.",Újhegy,104900000.0,104.9,104900.0,1691935.4838709678,18.468518073366525,14.341383688321434,0,62.0,99.5,3.0,6,0,1,0,1,1,1,1,0,0,0.0,47.469764,19.166789,1,1016.9,1000-2000 m,0,1833.7,24.4,0,0,0,https://ingatlan.com/35258428,"Eladó tégla lakás - Budapest X. kerület, Tavas utca 11. #35258428",1108,Budapest,Tavas utca,11,új építésű,Tégla lakás,2026.0,Új építésű (2025+),75.0,3.0,0.0,3 szoba,20.666666666666668,4,4.0,5.0,0,"hőszivattyú, padlófűtés, fan-coil",,0,0,1,0,A+,,,,nem,,,Ingatlaniroda,,2449.0,4.0,,,,,,,,1839.6,0,0,0,728.5,0,1,1,155.3,1,1,728.5,0,1,1,411.5,0,1,1,9.0,29.0,51.0,,0,0,0,,0,0,0,353.1,1,1,1,430.3,0,1,1,1378.0,0,0,0,Kőbánya-Kispest,,Sírkert út,Tavas utca,Újhegy park,villamos
35259299,elado,"Budapest X. kerület, Kápolna utca 21.",Kőbánya-Városközpont,62000000.0,62.0,62000.0,911764.7058823529,17.942644943009366,13.723137237833258,0,68.0,68.0,3.0,2,1,0,1,0,1,0,0,0,0,38.0,47.481444,19.13165,1,218.9,150-300 m,0,479.4,6.4,0,1,1,https://ingatlan.com/35259299,"Eladó panel lakás - Budapest X. kerület, Kápolna utca 21. #35259299",1102,Budapest,Kápolna utca,21,közepes állapotú,Panel lakás,1988.0,30-60 év (panel-korszak),0.0,3.0,0.0,3 szoba,22.666666666666668,6,6.0,10.0,0,távfűtés,,1,0,0,0,nincs megadva,,,,nincs megadva,18000.0,,Ingatlaniroda,,486.0,4.0,,,,,,,,2110.4,0,0,0,191.0,1,1,1,147.0,1,1,191.0,1,1,1,249.4,1,1,1,20.0,71.0,111.0,653.0,0,1,1,1107.2,0,0,1,86.0,1,1,1,354.4,1,1,1,,0,0,0,Kőbánya alsó,Határ út,Kőbánya alsó vasútállomás (Kápolna utca),Kápolna utca,Névtelen zöldfelület / park,villamos
35262701,elado,"Budapest X. kerület, Harmat utca",Kőbánya-Városközpont,75900000.0,75.9,75900.0,1380000.0,18.14492724236586,14.137594057133388,0,55.0,57.0,2.0,3,0,0,0,0,0,1,1,0,1,58.0,47.4702785,19.1650971,0,1026.1,1000-2000 m,0,,,0,0,0,https://ingatlan.com/35262701,"Eladó csúsztatott zsalus - Budapest X. kerület, Harmat utca #35262701",1102,Budapest,Harmat utca,,jó állapotú,Csúsztatott zsalus lakás,1968.0,30-60 év (panel-korszak),4.0,2.0,0.0,2 szoba,27.5,4,4.0,4.0,0,távfűtés,,1,0,0,0,nincs megadva,,,,igen,15000.0,20000.0,Ingatlaniroda,,1268.0,2.0,,,,,,,,,0,0,0,,0,0,0,,0,0,,0,0,0,,0,0,0,,,,,0,0,0,,0,0,0,,0,0,0,,0,0,0,,0,0,0,,,,,,
35262704,elado,"Budapest X. kerület, Kőbánya-Kertváros",Kőbánya-Kertváros,42900000.0,42.9,42900.0,1225714.2857142857,17.574382383898246,14.019034322408832,0,35.0,36.5,1.0,1,1,0,0,1,0,0,1,0,0,58.0,47.4826961,19.2002952,0,91.9,<150 m,1,,,0,0,0,https://ingatlan.com/35262704,"Eladó tégla lakás - Budapest X. kerület, Kőbánya-Kertváros #35262704",1106,Budapest,Kőbánya-Kertváros,,felújítandó,Tégla lakás,1968.0,30-60 év (panel-korszak),3.0,1.0,0.0,1 szoba,35.0,1,1.0,2.0,0,gáz (konvektor),,0,1,0,0,nincs megadva,,,,nincs megadva,12800.0,,Ingatlaniroda,,1643.0,4.0,,,,,,,,,0,0,0,,0,0,0,,0,0,,0,0,0,,0,0,0,,,,,0,0,0,,0,0,0,,0,0,0,,0,0,0,,0,0,0,,,,,,
35264019,elado,"Budapest X. kerület, Cserkesz utca",Óhegy,89900000.0,89.9,89900.0,1404687.5,18.31420849944185,14.155325416082176,0,64.0,67.0,3.0,5,0,1,0,1,0,1,1,0,1,21.0,47.4804126,19.1314452,0,150.6,150-300 m,0,,,0,0,0,https://ingatlan.com/35264019,"Eladó tégla lakás - Budapest X. kerület, Cserkesz utca #35264019",1105,Budapest,Cserkesz utca,,újszerű,Tégla lakás,2005.0,10-30 év (rendszerváltás utáni),6.0,3.0,0.0,3 szoba,21.333333333333332,4,4.0,4.0,0,házközponti,,0,0,0,0,nincs megadva,,,,nincs megadva,17815.0,,Ingatlaniroda,,1572.0,4.0,,,,,,,,,0,0,0,,0,0,0,,0,0,,0,0,0,,0,0,0,,,,,0,0,0,,0,0,0,,0,0,0,,0,0,0,,0,0,0,,,,,,
35265789,elado,"Budapest X. kerület, Kőbánya - Óhegy",Óhegy,39990000.0,39.99,39990.0,1142571.4285714286,17.504139980823002,13.948791919333587,0,35.0,35.0,1.0,3,0,0,0,1,0,0,0,0,0,38.0,47.4820541,19.132346,0,297.2,150-300 m,0,,,0,0,0,https://ingatlan.com/35265789,"Eladó tégla lakás - Budapest X. kerület, Kőbánya - Óhegy #35265789",1103,Budapest,Kőbánya - Óhegy,,jó állapotú,Tégla lakás,1988.0,30-60 év (panel-korszak),0.0,1.0,0.0,1 szoba,35.0,1,1.0,,0,gáz (konvektor),,0,1,0,0,nincs megadva,,,,igen,,,Ingatlaniroda,,987.0,4.0,,,,,,,,,0,0,0,,0,0,0,,0,0,,0,0,0,,0,0,0,,,,,0,0,0,,0,0,0,,0,0,0,,0,0,0,,0,0,0,,,,,,
35266428,elado,"Budapest X. kerület, Pára utca",Újhegy,64900000.0,64.9,64900.0,1324489.7959183673,17.988358181674318,14.096537883563691,0,49.0,50.5,3.0,4,0,0,1,0,1,1,1,0,0,38.0,47.4686432,19.1625073,0,788.3,500-1000 m,0,,,0,0,0,https://ingatlan.com/35266428,"Eladó panel lakás - Budapest X. kerület, Pára utca #35266428",1108,Budapest,Pára utca,,felújított,Panel lakás,1988.0,30-60 év (panel-korszak),3.0,3.0,0.0,3 szoba,16.333333333333332,7,7.0,10.0,0,távfűtés,,1,0,0,0,nincs megadva,,,,nem,15.0,12000.0,Ingatlaniroda,,2505.0,4.0,,,,,,,,,0,0,0,,0,0,0,,0,0,,0,0,0,,0,0,0,,,,,0,0,0,,0,0,0,,0,0,0,,0,0,0,,0,0,0,,,,,,
35266770,elado,"Budapest X. kerület, Hungária körút 5-7.",Laposdűlő,73000000.0,73.0,73000.0,1013888.8888888889,18.105969999112666,13.82930388009661,0,72.0,74.0,3.0,3,0,0,1,0,1,1,1,0,0,38.0,47.491796,19.109243,1,369.0,300-500 m,0,,,0,0,0,https://ingatlan.com/35266770,"Eladó panel lakás - Budapest X. kerület, Hungária körút 5-7. #35266770",1101,Budapest,Hungária körút,5-7,jó állapotú,Panel lakás,1988.0,30-60 év (panel-korszak),4.0,3.0,0.0,3 szoba,24.0,7,7.0,10.0,0,távfűtés,,1,0,0,0,nincs megadva,,,,nincs megadva,20000.0,,Ingatlaniroda,,656.0,4.0,,,,,,,,1037.0,0,0,1,119.5,1,1,1,120.8,1,1,119.5,1,1,1,434.0,0,1,1,11.0,30.0,68.0,940.9,0,0,1,978.5,0,0,1,145.2,1,1,1,209.2,1,1,1,1055.5,0,0,1,,,Hidegkuti Nándor Stadion,Hidegkuti Nándor Stadion,Tbiliszi tér,villamos
35267117,elado,"Budapest X. kerület, Kőrösi Csoma Sándor út 3.",Kőbánya-Városközpont,59900000.0,59.9,59900.0,880882.3529411765,17.908187063085677,13.688679357909571,0,68.0,68.0,3.0,4,0,0,1,0,1,0,0,0,0,,,,0,,,0,,,0,0,0,https://ingatlan.com/35267117,"Eladó panel lakás - Budapest X. kerület, Kőrösi Csoma Sándor út #35267117",1102,Budapest,Kőrösi Csoma Sándor út,3,felújított,Panel lakás,,Ismeretlen,0.0,3.0,0.0,3 szoba,22.666666666666668,3,3.0,,0,távfűtés,,1,0,0,0,nincs megadva,,,,nincs megadva,,,Ingatlaniroda,,525.0,4.0,,,,,,,,,0,0,0,,0,0,0,,0,0,,0,0,0,,0,0,0,,,,,0,0,0,,0,0,0,,0,0,0,,0,0,0,,0,0,0,,,,,,
35268473,elado,"Budapest X. kerület, Gergely utca",Óhegy,84900000.0,84.9,84900.0,1230434.7826086956,18.256984651281577,14.022878146684317,0,69.0,71.0,3.0,3,0,0,0,1,1,1,1,0,0,38.0,47.4702816,19.1514579,0,666.5,500-1000 m,0,,,0,0,0,https://ingatlan.com/35268473,"Eladó tégla lakás - Budapest X. kerület, Gergely utca #35268473",1103,Budapest,Gergely utca,,jó állapotú,Tégla lakás,1988.0,30-60 év (panel-korszak),4.0,3.0,0.0,3 szoba,23.0,1,1.0,4.0,0,"gázkazán, hűtő-fűtő klíma",,0,1,0,0,D,,,,nem,15000.0,,Ingatlaniroda,,921.0,4.0,,,,,,,,,0,0,0,,0,0,0,,0,0,,0,0,0,,0,0,0,,,,,0,0,0,,0,0,0,,0,0,0,,0,0,0,,0,0,0,,,,,,
35268616,elado,"Budapest X. kerület, Kőbánya - Óhegy",Óhegy,84990000.0,84.99,84990.0,1180416.6666666667,18.25804416047481,13.981378041458754,0,72.0,78.0,3.0,4,0,0,0,1,0,0,1,0,0,38.0,47.4820541,19.132346,0,297.2,150-300 m,0,,,0,0,0,https://ingatlan.com/35268616,"Eladó tégla lakás - Budapest X. kerület, Kőbánya - Óhegy #35268616",1103,Budapest,Kőbánya - Óhegy,,felújított,Tégla lakás,1988.0,30-60 év (panel-korszak),12.0,3.0,0.0,3 szoba,24.0,2,2.0,3.0,0,gázkazán,,0,1,0,0,nincs megadva,,,,nincs megadva,18732.0,40000.0,Ingatlaniroda,,2647.0,4.0,,,,,,,,,0,0,0,,0,0,0,,0,0,,0,0,0,,0,0,0,,,,,0,0,0,,0,0,0,,0,0,0,,0,0,0,,0,0,0,,,,,,
35270375,elado,"Budapest X. kerület, Hatház utca",Felsőrákos,81900000.0,81.9,81900.0,1137500.0,18.221009548823297,13.944343429807242,0,72.0,74.0,3.0,3,0,0,1,0,0,1,1,0,0,58.0,47.5026989,19.1483151,0,220.5,150-300 m,0,,,0,0,0,https://ingatlan.com/35270375,"Eladó panel lakás - Budapest X. kerület, Hatház utca #35270375",1106,Budapest,Hatház utca,,jó állapotú,Panel lakás,1968.0,30-60 év (panel-korszak),4.0,3.0,0.0,3 szoba,24.0,1,1.0,4.0,0,házközponti,,0,0,0,0,nincs megadva,,,,nem,18000.0,,Ingatlaniroda,,1385.0,4.0,,,,,,,,,0,0,0,,0,0,0,,0,0,,0,0,0,,0,0,0,,,,,0,0,0,,0,0,0,,0,0,0,,0,0,0,,0,0,0,,,,,,
35273157,elado,"Budapest X. kerület, Cserkesz utca",Óhegy,84990000.0,84.99,84990.0,1287727.2727272727,18.25804416047481,14.068389418448383,0,66.0,72.0,3.0,4,0,0,0,1,0,0,1,0,0,38.0,47.4804126,19.1314452,0,150.6,150-300 m,0,,,0,0,0,https://ingatlan.com/35273157,"Eladó tégla lakás - Budapest X. kerület, Cserkesz utca #35273157",1105,Budapest,Cserkesz utca,,felújított,Tégla lakás,1988.0,30-60 év (panel-korszak),12.0,3.0,0.0,3 szoba,22.0,2,2.0,3.0,0,gázkazán,,0,1,0,0,nincs megadva,,,,nem,18733.0,26579.0,Ingatlaniroda,,2418.0,2.0,,,,,,,,,0,0,0,,0,0,0,,0,0,,0,0,0,,0,0,0,,,,,0,0,0,,0,0,0,,0,0,0,,0,0,0,,0,0,0,,,,,,
35273643,elado,"Budapest X. kerület, Előd utca 4.",Kőbánya-Városközpont,76000000.0,76.0,76000.0,1357142.857142857,18.146243898250606,14.120892207515455,0,56.0,58.0,2.0,4,0,0,0,0,1,1,1,0,0,,47.487561,19.135446,1,429.9,300-500 m,0,692.9,9.2,0,1,1,https://ingatlan.com/35273643,"Eladó csúsztatott zsalus - Budapest X. kerület, Előd utca 4. #35273643",1105,Budapest,Előd utca,4,felújított,Csúsztatott zsalus lakás,,Ismeretlen,4.0,2.0,0.0,2 szoba,28.0,4,4.0,,0,távfűtés,,1,0,0,0,nincs megadva,,,,nincs megadva,,,Ingatlaniroda,,1456.0,4.0,,,,,,,,,0,0,0,202.4,1,1,1,191.9,1,1,202.4,1,1,1,191.3,1,1,1,10.0,47.0,112.0,1099.4,0,0,1,219.2,1,1,1,517.7,0,1,1,328.0,1,1,1,,0,0,0,Kőbánya felső,,Szent László Gimnázium,Szent László Gimnázium,Rottenbiller park,villamos
35274150,elado,"Budapest X. kerület, Felsőrákos",Felsőrákos,62900000.0,62.9,62900.0,1186792.4528301887,17.957056721670668,13.986764808118547,0,53.0,53.0,2.0,1,1,0,1,0,1,0,0,1,0,58.0,47.4953772,19.1746318,0,636.9,500-1000 m,0,,,0,0,0,https://ingatlan.com/35274150,"Eladó panel lakás - Budapest X. kerület, Felsőrákos #35274150",1106,Budapest,Felsőrákos,,felújítandó,Panel lakás,1968.0,30-60 év (panel-korszak),0.0,2.0,0.0,2 szoba,26.5,földszint,0.0,,0,távfűtés,,1,0,0,0,C,,,,nincs megadva,,,Ingatlaniroda,,1890.0,4.0,,,,,,,,,0,0,0,,0,0,0,,0,0,,0,0,0,,0,0,0,,,,,0,0,0,,0,0,0,,0,0,0,,0,0,0,,0,0,0,,,,,,
35278332,elado,"Budapest X. kerület, Kőrösi Csoma sétány",Kőbánya-Városközpont,69900000.0,69.9,69900.0,1092187.5,18.06257620720404,13.903693123844366,0,64.0,64.0,3.0,2,1,0,0,0,0,1,0,0,0,58.0,47.4850651,19.1310368,0,363.1,300-500 m,0,,,0,0,0,https://ingatlan.com/35278332,"Eladó csúsztatott zsalus - Budapest X. kerület, Kőrösi Csoma sétány #35278332",1102,Budapest,Kőrösi Csoma sétány,,közepes állapotú,Csúsztatott zsalus lakás,1968.0,30-60 év (panel-korszak),0.0,3.0,0.0,3 szoba,21.333333333333332,1,1.0,10.0,0,távfűtés,,1,0,0,0,nincs megadva,,,,nem,11000.0,30000.0,Ingatlaniroda,,1316.0,4.0,,,,,,,,,0,0,0,,0,0,0,,0,0,,0,0,0,,0,0,0,,,,,0,0,0,,0,0,0,,0,0,0,,0,0,0,,0,0,0,,,,,,
35278813,elado,"Budapest X. kerület, Üllői út 130.",Gyárdűlő,39000000.0,39.0,39000.0,1392857.142857143,17.47907220409392,14.146867693918717,0,28.0,28.0,1.0,3,0,0,0,1,1,0,0,0,0,58.0,47.4684445,19.1189019,1,830.5,500-1000 m,0,,,0,0,0,https://ingatlan.com/35278813,"Eladó tégla lakás - Budapest X. kerület, Üllői út #35278813",1101,Budapest,Üllői út,130,jó állapotú,Tégla lakás,1968.0,30-60 év (panel-korszak),0.0,1.0,0.0,1 szoba,28.0,4,4.0,5.0,0,távfűtés,,1,0,0,0,B,,,,nem,12000.0,6000.0,Ingatlaniroda,,792.0,3.0,,,,,,,,144.1,1,1,1,472.6,0,1,1,142.2,1,1,144.1,1,1,1,66.8,1,1,1,18.0,59.0,102.0,954.7,0,0,1,191.3,1,1,1,337.2,1,1,1,669.1,0,1,1,530.1,0,1,1,,,Száva kocsiszín,Pöttyös utca M,Névtelen zöldfelület / park,metro
35279092,elado,"Budapest X. kerület, Bányató utca 26.",Újhegy,53900000.0,53.9,53900.0,1078000.0,17.802641035879226,13.89061803045108,0,50.0,52.0,2.0,2,1,0,1,0,1,0,1,0,0,,47.467978,19.162495,1,719.2,500-1000 m,0,1492.7,19.9,0,0,0,https://ingatlan.com/35279092,"Eladó panel lakás - Budapest X. kerület, Bányató utca 26. #35279092",1108,Budapest,Bányató utca,26,közepes állapotú,Panel lakás,,Ismeretlen,4.0,2.0,0.0,2 szoba,25.0,1,1.0,,0,távfűtés,,1,0,0,0,nincs megadva,,,,nincs megadva,,,Ingatlaniroda,,617.0,2.0,,,,,,,,1498.6,0,0,0,1176.3,0,0,0,146.4,1,1,1176.3,0,0,0,333.5,1,1,1,8.0,34.0,48.0,,0,0,0,,0,0,0,257.3,1,1,1,441.8,0,1,1,1646.9,0,0,0,Kőbánya-Kispest,,Sírkert út,Mélytó utca,Újhegy park,villamos
35281917,elado,"Budapest X. kerület, Kőér utca",Óhegy,49900000.0,49.9,49900.0,959615.3846153846,17.72553156072175,13.77428784214032,0,52.0,52.0,2.0,1,1,0,0,1,0,0,0,1,0,,47.4831913,19.1454093,0,983.1,500-1000 m,0,,,0,0,0,https://ingatlan.com/35281917,"Eladó tégla lakás - Budapest X. kerület, Kőér utca #35281917",1103,Budapest,Kőér utca,,felújítandó,Tégla lakás,,Ismeretlen,0.0,2.0,0.0,2 szoba,26.0,földszint,0.0,0.0,0,gáz (konvektor),,0,1,0,0,nincs megadva,,,,nincs megadva,,,Ingatlaniroda,,132.0,2.0,,,,,,,,,0,0,0,,0,0,0,,0,0,,0,0,0,,0,0,0,,,,,0,0,0,,0,0,0,,0,0,0,,0,0,0,,0,0,0,,,,,,
35283513,elado,"Budapest X. kerület, Kőrösi Csoma Sándor út 1.",Kőbánya-Városközpont,67900000.0,67.9,67900.0,1060937.5,18.033546592528925,13.874663509169253,0,64.0,64.0,3.0,2,1,0,1,0,1,0,0,0,0,,47.482322,19.131666,1,266.3,150-300 m,0,422.2,5.6,0,1,1,https://ingatlan.com/35283513,"Eladó panel lakás - Budapest X. kerület, Kőrösi Csoma Sándor út 1. #35283513",1102,Budapest,Kőrösi Csoma Sándor út,1,közepes állapotú,Panel lakás,,Ismeretlen,0.0,3.0,0.0,3 szoba,21.333333333333332,2,2.0,10.0,0,távfűtés,,1,0,0,0,C,,,,nincs megadva,,,Ingatlaniroda,,651.0,4.0,,,,,,,,,0,0,0,147.0,1,1,1,151.8,1,1,147.0,1,1,1,45.9,1,1,1,21.0,73.0,115.0,661.8,0,1,1,934.5,0,0,1,161.4,1,1,1,247.1,1,1,1,,0,0,0,Kőbánya alsó,,Kápolna utca,Liget tér,Névtelen zöldfelület / park,villamos
35284187,elado,"Budapest X. kerület, Bányató utca",Újhegy,55900000.0,55.9,55900.0,1118000.0,17.83907493812533,13.927051932697182,0,50.0,51.5,2.0,2,1,0,1,0,1,0,1,0,0,38.0,47.4645943,19.1669132,0,486.4,300-500 m,0,,,0,0,0,https://ingatlan.com/35284187,"Eladó panel lakás - Budapest X. kerület, Bányató utca #35284187",1108,Budapest,Bányató utca,,közepes állapotú,Panel lakás,1988.0,30-60 év (panel-korszak),3.0,2.0,0.0,2 szoba,25.0,1,1.0,10.0,0,távfűtés,,1,0,0,0,nincs megadva,,,,nincs megadva,14000.0,,Ingatlaniroda,,1747.0,4.0,,,,,,,,,0,0,0,,0,0,0,,0,0,,0,0,0,,0,0,0,,,,,0,0,0,,0,0,0,,0,0,0,,0,0,0,,0,0,0,,,,,,
35285747,elado,"Budapest X. kerület, Hungária körút",Laposdűlő,71000000.0,71.0,71000.0,986111.1111111111,18.078190435005588,13.801524315989534,0,72.0,72.0,3.0,4,0,0,1,0,1,0,0,1,0,,47.5120385,19.0980307,0,121.4,<150 m,1,,,0,0,0,https://ingatlan.com/35285747,"Eladó panel lakás - Budapest X. kerület, Hungária körút #35285747",1101,Budapest,Hungária körút,,felújított,Panel lakás,,Ismeretlen,0.0,3.0,0.0,3 szoba,24.0,földszint,0.0,10.0,0,házközponti,,0,0,0,0,nincs megadva,,,,nem,,,Ingatlaniroda,,808.0,4.0,,,,,,,,,0,0,0,,0,0,0,,0,0,,0,0,0,,0,0,0,,,,,0,0,0,,0,0,0,,0,0,0,,0,0,0,,0,0,0,,,,,,
35286080,elado,"Budapest X. kerület, Kismartoni út 4.",Óhegy,78600000.0,78.6,78600.0,1541176.4705882352,18.179882257399434,14.24805662467511,0,51.0,59.5,2.0,3,0,0,0,1,1,1,1,1,0,13.0,47.482537,19.115588,1,232.3,150-300 m,0,1005.4,13.4,0,0,1,https://ingatlan.com/35286080,"Eladó tégla lakás - Budapest X. kerület, Kismartoni út 4. #35286080",1101,Budapest,Kismartoni út,4,jó állapotú,Tégla lakás,2013.0,10-30 év (rendszerváltás utáni),17.0,2.0,0.0,2 szoba,25.5,földszint,0.0,4.0,0,házközponti egyedi méréssel,,0,0,0,0,A,,,,nem,,,Ingatlaniroda,,574.0,2.0,,,,,,,,1656.1,0,0,0,226.7,1,1,1,268.3,1,1,226.7,1,1,1,514.3,0,1,1,5.0,20.0,64.0,688.2,0,1,1,1310.9,0,0,0,408.4,0,1,1,413.4,0,1,1,,0,0,0,Kőbánya alsó,,Kismartoni út,Kismartoni út,Játszótér,villamos
35286526,elado,"Budapest X. kerület, Kőbánya - Újhegyi lakótelep",Újhegy,67600000.0,67.6,67600.0,994117.6470588235,18.029118541013194,13.809610835837086,0,68.0,69.5,3.0,3,0,0,1,0,1,0,1,0,0,38.0,,,0,,,0,,,0,0,0,https://ingatlan.com/35286526,"Eladó panel lakás - Budapest X. kerület, Kőbánya - Újhegyi lakótelep #35286526",1108,Budapest,Kőbánya - Újhegyi lakótelep,,jó állapotú,Panel lakás,1988.0,30-60 év (panel-korszak),3.0,3.0,0.0,3 szoba,22.666666666666668,9,9.0,10.0,0,távfűtés,,1,0,0,0,nincs megadva,,,,nem,18000.0,,Ingatlaniroda,,3566.0,4.0,,,,,,,,,0,0,0,,0,0,0,,0,0,,0,0,0,,0,0,0,,,,,0,0,0,,0,0,0,,0,0,0,,0,0,0,,0,0,0,,,,,,
35287169,elado,"Budapest X. kerület, Ónodi utca",Ligettelek,63000000.0,63.0,63000.0,1125000.0,17.958645284355807,13.933293593620657,0,56.0,58.0,2.0,3,0,0,0,0,1,0,1,0,0,58.0,47.4889502,19.1345557,0,265.4,150-300 m,0,,,0,0,0,https://ingatlan.com/35287169,"Eladó csúsztatott zsalus - Budapest X. kerület, Ónodi utca #35287169",1102,Budapest,Ónodi utca,,jó állapotú,Csúsztatott zsalus lakás,1968.0,30-60 év (panel-korszak),4.0,2.0,0.0,2 szoba,28.0,1,1.0,,0,távfűtés,,1,0,0,0,nincs megadva,,,,nincs megadva,15820.0,,Ingatlaniroda,,990.0,4.0,,,,,,,,,0,0,0,,0,0,0,,0,0,,0,0,0,,0,0,0,,,,,0,0,0,,0,0,0,,0,0,0,,0,0,0,,0,0,0,,,,,,
35287553,elado,"Budapest X. kerület, Cserkesz utca",Kőbánya-Városközpont,68000000.0,68.0,68000.0,1096774.1935483871,18.03501826314038,13.907883878095289,0,62.0,62.0,3.0,2,1,0,0,1,0,0,0,0,0,58.0,47.4804126,19.1314452,0,150.6,150-300 m,0,,,0,0,0,https://ingatlan.com/35287553,"Eladó tégla lakás - Budapest X. kerület, Cserkesz utca #35287553",1105,Budapest,Cserkesz utca,,közepes állapotú,Tégla lakás,1968.0,30-60 év (panel-korszak),0.0,3.0,0.0,3 szoba,20.666666666666668,félemelet,0.5,0.0,0,gázkazán,,0,1,0,0,H,,,,nem,31000.0,20000.0,Ingatlaniroda,,1328.0,2.0,,,,,,,,,0,0,0,,0,0,0,,0,0,,0,0,0,,0,0,0,,,,,0,0,0,,0,0,0,,0,0,0,,0,0,0,,0,0,0,,,,,,
35287574,elado,"Budapest X. kerület, Csilla utca",Laposdűlő,43000000.0,43.0,43000.0,1075000.0,17.576710673657836,13.8878312195439,0,40.0,40.0,2.0,2,1,0,0,1,0,1,0,0,0,,47.4898279,19.1195837,0,86.4,<150 m,1,,,0,0,0,https://ingatlan.com/35287574,"Eladó tégla lakás - Budapest X. kerület, Csilla utca #35287574",1101,Budapest,Csilla utca,,közepes állapotú,Tégla lakás,,Ismeretlen,0.0,2.0,0.0,2 szoba,20.0,4,4.0,5.0,0,"gáz (konvektor), hűtő-fűtő klíma",,0,1,0,0,nincs megadva,,,,nincs megadva,12800.0,,Ingatlaniroda,,401.0,2.0,,,,,,,,,0,0,0,,0,0,0,,0,0,,0,0,0,,0,0,0,,,,,0,0,0,,0,0,0,,0,0,0,,0,0,0,,0,0,0,,,,,,
35288697,elado,"Budapest X. kerület, Újhegyi út 18/B.",Újhegy,97000000.0,97.0,97000.0,1243589.7435897435,18.390221536467656,14.033512709778066,0,78.0,82.0,3.0,3,0,0,0,1,1,1,1,0,0,0.0,47.468138,19.16875,1,901.5,500-1000 m,0,1890.6,25.2,0,0,0,https://ingatlan.com/35288697,"Eladó tégla lakás - Budapest X. kerület, Újhegyi út 18/B #35288697",1108,Budapest,Újhegyi út,18/B,nincs megadva,Tégla lakás,2026.0,Új építésű (2025+),8.0,3.0,0.0,3 szoba,26.0,2,2.0,4.0,0,hőszivattyú,,0,0,1,0,nincs megadva,,,,nem,,,Ingatlaniroda,,2286.0,4.0,,,,,,,,1896.5,0,0,0,975.8,0,0,1,13.3,1,1,975.8,0,0,1,401.7,0,1,1,4.0,18.0,57.0,,0,0,0,,0,0,0,580.2,0,1,1,647.1,0,1,1,1648.7,0,0,0,Kőbánya-Kispest,,Új köztemető,"Újhegyi út, Sportliget",Sportliget,villamos
35288876,elado,"Budapest X. kerület, Kőbánya - Óhegy",Óhegy,58990000.0,58.99,58990.0,1203877.551020408,17.892878495979257,14.001058197868632,0,49.0,49.0,2.0,4,0,0,0,0,0,0,0,0,0,58.0,47.4820541,19.132346,0,297.2,150-300 m,0,,,0,0,0,https://ingatlan.com/35288876,"Eladó csúsztatott zsalus - Budapest X. kerület, Kőbánya - Óhegy #35288876",1103,Budapest,Kőbánya - Óhegy,,felújított,Csúsztatott zsalus lakás,1968.0,30-60 év (panel-korszak),0.0,2.0,0.0,2 szoba,24.5,4,4.0,,0,távfűtés,,1,0,0,0,F,,,,nincs megadva,12000.0,,Ingatlaniroda,,1545.0,4.0,,,,,,,,,0,0,0,,0,0,0,,0,0,,0,0,0,,0,0,0,,,,,0,0,0,,0,0,0,,0,0,0,,0,0,0,,0,0,0,,,,,,
35291579,elado,"Budapest X. kerület, Állomás utca 6.",Ligettelek,132900000.0,132.9,132900.0,970072.99270073,18.705107523683473,13.78512659785535,0,137.0,137.0,4.0,4,0,0,0,1,0,1,0,0,0,,47.484886,19.127626,1,128.7,<150 m,1,302.7,4.0,1,1,1,https://ingatlan.com/35291579,"Eladó tégla lakás - Budapest X. kerület, Állomás utca 6. #35291579",1102,Budapest,Állomás utca,6,felújított,Tégla lakás,,Ismeretlen,0.0,4.0,0.0,4+ szoba,34.25,1,1.0,,0,nincs megadva,,0,0,0,0,nincs megadva,,,,nincs megadva,38865.0,,Ingatlaniroda,,1405.0,4.0,,,,,,,,,0,0,0,334.3,1,1,1,131.8,1,1,302.7,1,1,1,439.9,0,1,1,27.0,70.0,117.0,791.1,0,0,1,861.6,0,0,1,36.5,1,1,1,414.5,0,1,1,,0,0,0,Kőbánya alsó,,Kőbánya alsó vasútállomás,Kőbánya alsó vasútállomás,Névtelen zöldfelület / park,vasut
35292388,elado,"Budapest X. kerület, Kada utca",Óhegy,20000000.0,20.0,20000.0,1000000.0,16.811242831518264,13.815510557964274,0,20.0,20.0,1.0,4,0,0,0,1,0,0,0,0,0,58.0,47.4725364,19.1432199,0,536.5,500-1000 m,0,,,0,0,0,https://ingatlan.com/35292388,"Eladó tégla lakás - Budapest X. kerület, Kada utca #35292388",1106,Budapest,Kada utca,,felújított,Tégla lakás,1968.0,30-60 év (panel-korszak),0.0,1.0,0.0,1 szoba,20.0,szuterén,-1.0,0.0,0,elektromos fűtőpanel,,0,0,0,0,C,,,,nem,11000.0,,Ingatlaniroda,,1585.0,4.0,,,,,,,,,0,0,0,,0,0,0,,0,0,,0,0,0,,0,0,0,,,,,0,0,0,,0,0,0,,0,0,0,,0,0,0,,0,0,0,,,,,,
35292404,elado,"Budapest X. kerület, Újhegyi út",Újhegy,76000000.0,76.0,76000.0,1333333.3333333333,18.146243898250606,14.103192630416055,0,57.0,57.5,2.0,5,0,1,0,1,1,0,1,0,0,21.0,47.4683201,19.1692118,0,933.0,500-1000 m,0,,,0,0,0,https://ingatlan.com/35292404,"Eladó tégla lakás - Budapest X. kerület, Újhegyi út #35292404",1108,Budapest,Újhegyi út,,újszerű,Tégla lakás,2005.0,10-30 év (rendszerváltás utáni),1.0,2.0,0.0,2 szoba,28.5,1,1.0,,0,házközponti egyedi méréssel,,0,0,0,0,nincs megadva,,,,nem,,,Ingatlaniroda,,1536.0,2.0,,,,,,,,,0,0,0,,0,0,0,,0,0,,0,0,0,,0,0,0,,,,,0,0,0,,0,0,0,,0,0,0,,0,0,0,,0,0,0,,,,,,
35293832,elado,"Budapest X. kerület, Harmat utca 53.",Óhegy,67000000.0,67.0,67000.0,1264150.9433962265,18.02020317735524,14.049911263803118,0,53.0,53.0,2.0,3,0,0,0,1,0,1,0,0,1,58.0,,,0,,,0,,,0,0,0,https://ingatlan.com/35293832,"Eladó tégla lakás - Budapest X. kerület, Harmat utca #35293832",1104,Budapest,Harmat utca,53,jó állapotú,Tégla lakás,1968.0,30-60 év (panel-korszak),0.0,2.0,0.0,2 szoba,26.5,3,3.0,3.0,0,távfűtés,,1,0,0,0,nincs megadva,,,,nem,12000.0,25000.0,Ingatlaniroda,,884.0,4.0,,,,,,,,,0,0,0,,0,0,0,,0,0,,0,0,0,,0,0,0,,,,,0,0,0,,0,0,0,,0,0,0,,0,0,0,,0,0,0,,,,,,
35294199,elado,"Budapest X. kerület, Kőrösi Csoma sétány 14.",Kőbánya-Városközpont,56900000.0,56.9,56900.0,1053703.7037037036,17.85680589909656,13.867821852532284,0,54.0,56.0,2.0,3,0,0,0,1,0,0,1,0,0,38.0,47.484893,19.130678,1,330.3,300-500 m,0,443.1,5.9,0,1,1,https://ingatlan.com/35294199,"Eladó tégla lakás - Budapest X. kerület, Kőrösi Csoma sétány 14. #35294199",1102,Budapest,Kőrösi Csoma sétány,14,jó állapotú,Tégla lakás,1988.0,30-60 év (panel-korszak),4.0,2.0,0.0,2 szoba,27.0,3,3.0,4.0,0,távfűtés egyedi méréssel,,1,0,0,0,B,,,,nincs megadva,19180.0,20000.0,Ingatlaniroda,,774.0,2.0,,,,,,,,,0,0,0,113.9,1,1,1,116.7,1,1,113.9,1,1,1,300.9,1,1,1,22.0,77.0,129.0,868.0,0,0,1,664.8,0,1,1,79.2,1,1,1,39.2,1,1,1,,0,0,0,Kőbánya alsó,,Szent László tér,Szent László tér,Névtelen zöldfelület / park,villamos
35294342,elado,"Budapest X. kerület, Vaskő utca 53.",Laposdűlő,68000000.0,68.0,68000.0,1283018.8679245282,18.03501826314038,14.064726349588259,0,53.0,53.0,3.0,5,0,1,0,1,0,1,0,0,0,96.0,,,0,,,0,,,0,0,0,https://ingatlan.com/35294342,"Eladó tégla lakás - Budapest X. kerület, Vaskő utca #35294342",1101,Budapest,Vaskő utca,53,újszerű,Tégla lakás,1930.0,60+ év (háború előtti),0.0,3.0,0.0,3 szoba,17.666666666666668,2,2.0,3.0,0,"gázkazán, hűtő-fűtő klíma",,0,1,0,0,nincs megadva,,,,nem,14560.0,,Ingatlaniroda,,3995.0,2.0,,,,,,,,,0,0,0,,0,0,0,,0,0,,0,0,0,,0,0,0,,,,,0,0,0,,0,0,0,,0,0,0,,0,0,0,,0,0,0,,,,,,
35298664,elado,"Budapest X. kerület, Kőrösi Csoma sétány",Kőbánya-Városközpont,114000000.0,114.0,114000.0,1106796.1165048543,18.55170900635877,13.916980018129134,0,103.0,103.0,5.0,3,0,0,0,0,0,0,0,0,1,58.0,47.4850651,19.1310368,0,363.1,300-500 m,0,,,0,0,0,https://ingatlan.com/35298664,"Eladó csúsztatott zsalus - Budapest X. kerület, Kőrösi Csoma sétány #35298664",1102,Budapest,Kőrösi Csoma sétány,,jó állapotú,Csúsztatott zsalus lakás,1968.0,30-60 év (panel-korszak),0.0,5.0,0.0,4+ szoba,20.6,4,4.0,4.0,0,távfűtés,,1,0,0,0,nincs megadva,,,,nem,,,Ingatlaniroda,,446.0,4.0,,,,,,,,,0,0,0,,0,0,0,,0,0,,0,0,0,,0,0,0,,,,,0,0,0,,0,0,0,,0,0,0,,0,0,0,,0,0,0,,,,,,
35299166,elado,"Budapest X. kerület, Kőrösi Csoma sétány 16.",Kőbánya-Városközpont,68000000.0,68.0,68000.0,957746.4788732395,18.03501826314038,13.772338386099065,0,71.0,71.0,3.0,3,0,0,0,1,0,0,0,0,0,,47.485091,19.130878,1,354.0,300-500 m,0,490.1,6.5,0,1,1,https://ingatlan.com/35299166,"Eladó tégla lakás - Budapest X. kerület, Kőrösi Csoma sétány 16. #35299166",1102,Budapest,Kőrösi Csoma sétány,16,nincs megadva,Tégla lakás,,Ismeretlen,0.0,3.0,0.0,3 szoba,23.666666666666668,2,2.0,,0,nincs megadva,,0,0,0,0,nincs megadva,,,,nincs megadva,,,Ingatlaniroda,,1509.0,4.0,,,,,,,,,0,0,0,61.3,1,1,1,64.1,1,1,61.3,1,1,1,266.1,1,1,1,19.0,79.0,130.0,909.3,0,0,1,630.0,0,1,1,26.6,1,1,1,115.2,1,1,1,,0,0,0,Kőbánya alsó,,Szent László tér,Szent László tér,Névtelen zöldfelület / park,villamos
35299589,elado,"Budapest X. kerület, Gyógyszergyári utca",Felsőrákos,75900000.0,75.9,75900.0,1548979.5918367347,18.14492724236586,14.253106944255231,0,49.0,55.055,2.0,6,0,1,0,1,1,1,1,0,0,0.0,47.4994212,19.1493566,0,351.7,300-500 m,0,,,0,0,0,https://ingatlan.com/35299589,"Eladó tégla lakás - Budapest X. kerület, Gyógyszergyári utca #35299589",1106,Budapest,Gyógyszergyári utca,,új építésű,Tégla lakás,2027.0,Új építésű (2025+),12.11,2.0,0.0,2 szoba,24.5,6,6.0,9.0,0,távfűtés,,1,0,0,0,nincs megadva,,,,nincs megadva,,,Ingatlaniroda,,2700.0,4.0,,,,,,,,,0,0,0,,0,0,0,,0,0,,0,0,0,,0,0,0,,,,,0,0,0,,0,0,0,,0,0,0,,0,0,0,,0,0,0,,,,,,
35299601,elado,"Budapest X. kerület, Gyógyszergyári utca",Felsőrákos,76900000.0,76.9,76900.0,1569387.7551020407,18.158016434475872,14.266196136365245,0,49.0,55.245,2.0,6,0,1,0,1,1,1,1,0,1,0.0,47.4994212,19.1493566,0,351.7,300-500 m,0,,,0,0,0,https://ingatlan.com/35299601,"Eladó tégla lakás - Budapest X. kerület, Gyógyszergyári utca #35299601",1106,Budapest,Gyógyszergyári utca,,új építésű,Tégla lakás,2027.0,Új építésű (2025+),12.49,2.0,0.0,2 szoba,24.5,7,7.0,7.0,0,távfűtés,,1,0,0,0,nincs megadva,,,,nincs megadva,,,Ingatlaniroda,,3375.0,4.0,,,,,,,,,0,0,0,,0,0,0,,0,0,,0,0,0,,0,0,0,,,,,0,0,0,,0,0,0,,0,0,0,,0,0,0,,0,0,0,,,,,,
35300552,elado,"Budapest X. kerület, Harmat utca",Óhegy,72900000.0,72.9,72900.0,1301785.7142857143,18.104599196978885,14.079247506243737,0,56.0,56.0,3.0,4,0,0,1,0,1,1,0,1,0,38.0,47.4702785,19.1650971,0,1026.1,1000-2000 m,0,,,0,0,0,https://ingatlan.com/35300552,"Eladó panel lakás - Budapest X. kerület, Harmat utca #35300552",1104,Budapest,Harmat utca,,felújított,Panel lakás,1988.0,30-60 év (panel-korszak),0.0,3.0,0.0,3 szoba,18.666666666666668,földszint,0.0,10.0,0,"távfűtés egyedi méréssel, hűtő-fűtő klíma",,1,0,0,0,nincs megadva,,,,nincs megadva,,,Ingatlaniroda,,3564.0,4.0,,,,,,,,,0,0,0,,0,0,0,,0,0,,0,0,0,,0,0,0,,,,,0,0,0,,0,0,0,,0,0,0,,0,0,0,,0,0,0,,,,,,
35301116,elado,"Budapest X. kerület, Bányató utca",Újhegy,51000000.0,51.0,51000.0,1040816.3265306122,17.7473361906886,13.855515892577973,0,49.0,50.5,2.0,1,1,0,1,0,1,0,1,0,0,,47.4645943,19.1669132,0,486.4,300-500 m,0,,,0,0,0,https://ingatlan.com/35301116,"Eladó panel lakás - Budapest X. kerület, Bányató utca #35301116",1108,Budapest,Bányató utca,,felújítandó,Panel lakás,,Ismeretlen,3.0,2.0,0.0,2 szoba,24.5,8,8.0,10.0,0,távfűtés,,1,0,0,0,nincs megadva,,,,nincs megadva,15500.0,,Ingatlaniroda,,423.0,2.0,,,,,,,,,0,0,0,,0,0,0,,0,0,,0,0,0,,0,0,0,,,,,0,0,0,,0,0,0,,0,0,0,,0,0,0,,0,0,0,,,,,,
35302457,elado,"Budapest X. kerület, Kővágó utca",Újhegy,65000000.0,65.0,65000.0,955882.3529411765,17.98989782785991,13.770390122683805,0,68.0,69.0,3.0,1,1,0,1,0,1,1,1,0,0,58.0,47.4725225,19.1634642,0,855.4,500-1000 m,0,,,0,0,0,https://ingatlan.com/35302457,"Eladó panel lakás - Budapest X. kerület, Kővágó utca #35302457",1108,Budapest,Kővágó utca,,felújítandó,Panel lakás,1968.0,30-60 év (panel-korszak),2.0,3.0,0.0,3 szoba,22.666666666666668,6,6.0,10.0,0,"távfűtés, hűtő-fűtő klíma",,1,0,0,0,nincs megadva,,,,nem,21460.0,,Ingatlaniroda,,942.0,4.0,,,,,,,,,0,0,0,,0,0,0,,0,0,,0,0,0,,0,0,0,,,,,0,0,0,,0,0,0,,0,0,0,,0,0,0,,0,0,0,,,,,,
35304468,elado,"Budapest X. kerület, Hungária körút 5-7.",Laposdűlő,79000000.0,79.0,79000.0,1097222.2222222222,18.184958410431296,13.90829229141524,0,72.0,74.5,3.0,3,0,0,0,1,0,0,1,0,0,,47.491796,19.109243,1,369.0,300-500 m,0,,,0,0,0,https://ingatlan.com/35304468,"Eladó tégla lakás - Budapest X. kerület, Hungária körút 5-7. #35304468",1101,Budapest,Hungária körút,5-7,nincs megadva,Tégla lakás,,Ismeretlen,5.0,3.0,0.0,3 szoba,24.0,nincs megadva,,,0,nincs megadva,,0,0,0,0,nincs megadva,,,,nincs megadva,,,Ingatlaniroda,,1521.0,2.0,,,,,,,,1037.0,0,0,1,119.5,1,1,1,120.8,1,1,119.5,1,1,1,434.0,0,1,1,11.0,30.0,68.0,940.9,0,0,1,978.5,0,0,1,145.2,1,1,1,209.2,1,1,1,1055.5,0,0,1,,,Hidegkuti Nándor Stadion,Hidegkuti Nándor Stadion,Tbiliszi tér,villamos
35306089,elado,"Budapest X. kerület, Szőlővirág utca",Újhegy,64000000.0,64.0,64000.0,941176.4705882353,17.974393641323946,13.75488593614784,0,68.0,69.0,3.0,3,0,0,1,0,1,0,1,0,0,58.0,47.4698302,19.1644925,0,963.9,500-1000 m,0,,,0,0,0,https://ingatlan.com/35306089,"Eladó panel lakás - Budapest X. kerület, Szőlővirág utca #35306089",1108,Budapest,Szőlővirág utca,,jó állapotú,Panel lakás,1968.0,30-60 év (panel-korszak),2.0,3.0,0.0,3 szoba,22.666666666666668,9,9.0,10.0,0,házközponti,,0,0,0,0,nincs megadva,,,,nem,,,Ingatlaniroda,,637.0,4.0,,,,,,,,,0,0,0,,0,0,0,,0,0,,0,0,0,,0,0,0,,,,,0,0,0,,0,0,0,,0,0,0,,0,0,0,,0,0,0,,,,,,
35306165,elado,"Budapest X. kerület, Mádi utca",Óhegy,42900000.0,42.9,42900.0,1588888.888888889,17.574382383898246,14.278545517893916,0,27.0,30.0,1.0,4,0,0,0,1,0,1,1,1,0,58.0,47.4822198,19.1509243,0,820.1,500-1000 m,0,,,0,0,0,https://ingatlan.com/35306165,"Eladó tégla lakás - Budapest X. kerület, Mádi utca #35306165",1105,Budapest,Mádi utca,,felújított,Tégla lakás,1968.0,30-60 év (panel-korszak),6.0,1.0,0.0,1 szoba,27.0,földszint,0.0,0.0,0,hűtő-fűtő klíma,,0,0,0,0,nincs megadva,,,,igen,10000.0,,Ingatlaniroda,,650.0,4.0,,,,,,,,,0,0,0,,0,0,0,,0,0,,0,0,0,,0,0,0,,,,,0,0,0,,0,0,0,,0,0,0,,0,0,0,,0,0,0,,,,,,
35306893,elado,"Budapest X. kerület, Hungária körút",Laposdűlő,71000000.0,71.0,71000.0,986111.1111111111,18.078190435005588,13.801524315989534,0,72.0,72.0,3.0,3,0,0,1,0,1,0,0,0,0,38.0,47.5120385,19.0980307,0,121.4,<150 m,1,,,0,0,0,https://ingatlan.com/35306893,"Eladó panel lakás - Budapest X. kerület, Hungária körút #35306893",1101,Budapest,Hungária körút,,jó állapotú,Panel lakás,1988.0,30-60 év (panel-korszak),0.0,3.0,0.0,3 szoba,24.0,6,6.0,10.0,0,házközponti,,0,0,0,0,nincs megadva,,,,nem,,,Ingatlaniroda,,706.0,4.0,,,,,,,,,0,0,0,,0,0,0,,0,0,,0,0,0,,0,0,0,,,,,0,0,0,,0,0,0,,0,0,0,,0,0,0,,0,0,0,,,,,,
35307559,elado,"Budapest X. kerület, Kerámia utca",Óhegy,115000000.0,115.0,115000.0,1127450.9803921569,18.560442686327523,13.935469873043253,0,102.0,102.0,4.0,3,0,0,0,1,0,1,0,0,0,58.0,47.4749558,19.14531,0,805.2,500-1000 m,0,,,0,0,0,https://ingatlan.com/35307559,"Eladó tégla lakás - Budapest X. kerület, Kerámia utca #35307559",1103,Budapest,Kerámia utca,,jó állapotú,Tégla lakás,1968.0,30-60 év (panel-korszak),0.0,4.0,0.0,4+ szoba,25.5,1,1.0,2.0,0,"gázkazán, gáz (konvektor)",,0,1,0,0,nincs megadva,,,,igen,10500.0,,Magánszemély,,1468.0,4.0,,,,,,,,,0,0,0,,0,0,0,,0,0,,0,0,0,,0,0,0,,,,,0,0,0,,0,0,0,,0,0,0,,0,0,0,,0,0,0,,,,,,
35308037,elado,"Budapest X. kerület, Állomás utca",Kőbánya-Városközpont,45900000.0,45.9,45900.0,1119512.1951219512,17.641975675030775,13.928403608326466,0,41.0,41.0,2.0,3,0,0,1,0,1,1,0,0,1,58.0,47.5210755,19.1483125,0,126.1,<150 m,1,,,0,0,0,https://ingatlan.com/35308037,"Eladó panel lakás - Budapest X. kerület, Állomás utca #35308037",1102,Budapest,Állomás utca,,jó állapotú,Panel lakás,1968.0,30-60 év (panel-korszak),0.0,2.0,0.0,2 szoba,20.5,10,10.0,10.0,0,távfűtés,,1,0,0,0,nincs megadva,,,,nincs megadva,,,Ingatlaniroda,,1044.0,4.0,,,,,,,,,0,0,0,,0,0,0,,0,0,,0,0,0,,0,0,0,,,,,0,0,0,,0,0,0,,0,0,0,,0,0,0,,0,0,0,,,,,,
35308160,elado,"Budapest X. kerület, Gyakorló utca 9.",Felsőrákos,69990000.0,69.99,69990.0,1320566.0377358492,18.06386293266572,14.0935710191136,0,53.0,53.0,3.0,3,0,0,1,0,0,0,0,0,0,,,,0,,,0,,,0,0,0,https://ingatlan.com/35308160,"Eladó panel lakás - Budapest X. kerület, Gyakorló utca #35308160",1106,Budapest,Gyakorló utca,9,nincs megadva,Panel lakás,,Ismeretlen,0.0,3.0,0.0,3 szoba,17.666666666666668,nincs megadva,,,0,nincs megadva,,0,0,0,0,nincs megadva,,,,nincs megadva,,,Ingatlaniroda,,597.0,2.0,,,,,,,,,0,0,0,,0,0,0,,0,0,,0,0,0,,0,0,0,,,,,0,0,0,,0,0,0,,0,0,0,,0,0,0,,0,0,0,,,,,,
35309369,elado,"Budapest X. kerület, Újhegy - Rózsaliget-lakópark",Újhegy,76000000.0,76.0,76000.0,1333333.3333333333,18.146243898250606,14.103192630416055,0,57.0,57.5,2.0,3,0,0,0,1,1,0,1,0,0,21.0,47.4659601,19.1619225,0,495.4,300-500 m,0,,,0,0,0,https://ingatlan.com/35309369,"Eladó tégla lakás - Budapest X. kerület, Újhegy - Rózsaliget-lakópark #35309369",1108,Budapest,Újhegy - Rózsaliget-lakópark,,jó állapotú,Tégla lakás,2005.0,10-30 év (rendszerváltás utáni),1.0,2.0,0.0,2 szoba,28.5,1,1.0,3.0,0,házközponti egyedi méréssel,,0,0,0,0,nincs megadva,,,,nem,18000.0,25000.0,Ingatlaniroda,,1430.0,4.0,,,,,,,,,0,0,0,,0,0,0,,0,0,,0,0,0,,0,0,0,,,,,0,0,0,,0,0,0,,0,0,0,,0,0,0,,0,0,0,,,,,,
35309847,elado,"Budapest X. kerület, Vörösdinka utca",Óhegy,61800000.0,61.8,61800.0,1144444.4444444445,17.93941392242792,13.950429875863644,0,54.0,56.0,2.0,4,0,0,0,1,0,1,1,0,0,58.0,47.481899,19.1494089,0,939.2,500-1000 m,0,,,0,0,0,https://ingatlan.com/35309847,"Eladó tégla lakás - Budapest X. kerület, Vörösdinka utca #35309847",1104,Budapest,Vörösdinka utca,,felújított,Tégla lakás,1968.0,30-60 év (panel-korszak),4.0,2.0,0.0,2 szoba,27.0,1,1.0,4.0,0,"távfűtés egyedi méréssel, hűtő-fűtő klíma",,1,0,0,0,C,,,,nincs megadva,17400.0,,Ingatlaniroda,,2228.0,4.0,,,,,,,,,0,0,0,,0,0,0,,0,0,,0,0,0,,0,0,0,,,,,0,0,0,,0,0,0,,0,0,0,,0,0,0,,0,0,0,,,,,,
35312769,elado,"Budapest X. kerület, Balkán utca 12.",Gyárdűlő,72900000.0,72.9,72900.0,985135.1351351351,18.104599196978885,13.800534103774718,0,74.0,74.0,4.0,2,1,0,1,0,1,0,0,0,0,,47.473004,19.116533,1,327.2,300-500 m,0,1592.9,21.2,0,0,0,https://ingatlan.com/35312769,"Eladó panel lakás - Budapest X. kerület, Balkán utca 12. #35312769",1107,Budapest,Balkán utca,12,közepes állapotú,Panel lakás,,Ismeretlen,0.0,4.0,0.0,4+ szoba,18.5,8,8.0,10.0,0,távfűtés egyedi méréssel,,1,0,0,0,nincs megadva,,,,nincs megadva,,,Ingatlaniroda,,1063.0,2.0,,,,,,,,513.4,0,1,1,162.9,1,1,1,539.3,0,1,162.9,1,1,1,121.2,1,1,1,5.0,46.0,89.0,1087.0,0,0,1,725.8,0,1,1,326.2,1,1,1,261.1,1,1,1,944.0,0,0,1,Kőbánya alsó,,Balkán utca,Ecseri út M,Kékvirág park,villamos
35314337,elado,"Budapest X. kerület, Gergely utca 42.",Újhegy,62990000.0,62.99,62990.0,1499761.9047619049,17.958486541598113,14.220816923314743,0,42.0,42.0,2.0,4,0,0,0,1,0,1,0,0,1,38.0,,,0,,,0,,,0,0,0,https://ingatlan.com/35314337,"Eladó tégla lakás - Budapest X. kerület, Gergely utca #35314337",1103,Budapest,Gergely utca,42,felújított,Tégla lakás,1988.0,30-60 év (panel-korszak),0.0,2.0,0.0,2 szoba,21.0,2,2.0,2.0,0,hűtő-fűtő klíma,,0,0,0,0,nincs megadva,,,,igen,12000.0,,Ingatlaniroda,,1605.0,4.0,,,,,,,,,0,0,0,,0,0,0,,0,0,,0,0,0,,0,0,0,,,,,0,0,0,,0,0,0,,0,0,0,,0,0,0,,0,0,0,,,,,,
35314526,elado,"Budapest X. kerület, Bánya utca",Ligettelek,130000000.0,130.0,130000.0,1460674.1573033708,18.683045008419857,14.194408638687717,0,89.0,89.0,4.0,5,0,1,0,1,0,0,0,1,0,8.0,47.4145963,19.0688773,0,2587.9,>2000 m (referencia),0,,,0,0,0,https://ingatlan.com/35314526,"Eladó tégla lakás - Budapest X. kerület, Bánya utca #35314526",1102,Budapest,Bánya utca,,újszerű,Tégla lakás,2018.0,0-10 év,0.0,4.0,0.0,4+ szoba,22.25,földszint,0.0,,0,nincs megadva,,0,0,0,0,nincs megadva,,,,igen,33600.0,,Ingatlaniroda,,1078.0,4.0,,,,,,,,,0,0,0,,0,0,0,,0,0,,0,0,0,,0,0,0,,,,,0,0,0,,0,0,0,,0,0,0,,0,0,0,,0,0,0,,,,,,
35315594,elado,"Budapest X. kerület, Gyárdűlői lakótelep",Gyárdűlő,45500000.0,45.5,45500.0,1378787.878787879,17.633222883921178,14.136715322454698,0,33.0,33.0,1.0,1,1,0,0,1,0,0,0,0,0,58.0,,,0,,,0,,,0,0,0,https://ingatlan.com/35315594,"Eladó tégla lakás - Budapest X. kerület, Gyárdűlői lakótelep #35315594",1107,Budapest,Gyárdűlői lakótelep,,felújítandó,Tégla lakás,1968.0,30-60 év (panel-korszak),0.0,1.0,0.0,1 szoba,33.0,1,1.0,,0,gáz (konvektor),,0,1,0,0,nincs megadva,,,,nincs megadva,12135.0,,Ingatlaniroda,,1288.0,4.0,,,,,,,,,0,0,0,,0,0,0,,0,0,,0,0,0,,0,0,0,,,,,0,0,0,,0,0,0,,0,0,0,,0,0,0,,0,0,0,,,,,,
35316224,elado,"Budapest X. kerület, Martinovics tér 4a.",Óhegy,88700000.0,88.7,88700.0,727049.1803278689,18.30077044727981,13.496749402546552,0,122.0,126.0,3.0,1,1,0,0,1,1,0,1,0,0,96.0,47.480762,19.133538,1,307.0,300-500 m,0,629.7,8.4,0,1,1,https://ingatlan.com/35316224,"Eladó tégla lakás - Budapest X. kerület, Martinovics tér 4a #35316224",1105,Budapest,Martinovics tér,4a,felújítandó,Tégla lakás,1930.0,60+ év (háború előtti),8.0,3.0,0.0,3 szoba,40.666666666666664,3,3.0,6.0,0,gázkazán,,0,1,0,0,nincs megadva,,,,nem,20000.0,,Ingatlaniroda,,1088.0,4.0,,,,,,,,2080.9,0,0,0,343.2,1,1,1,190.9,1,1,343.2,1,1,1,288.5,1,1,1,14.0,73.0,115.0,497.7,0,1,1,1151.5,0,0,0,204.4,1,1,1,474.1,0,1,1,,0,0,0,Kőbánya alsó,Határ út,Kápolna utca,Ihász utca,Névtelen zöldfelület / park,villamos
35317267,elado,"Budapest X. kerület, Ihász utca",Óhegy,89900000.0,89.9,89900.0,1198666.6666666667,18.31420849944185,13.996720385905538,0,75.0,75.0,3.0,5,0,1,0,1,0,1,0,1,0,96.0,47.4830386,19.1405533,0,890.7,500-1000 m,0,,,0,0,0,https://ingatlan.com/35317267,"Eladó tégla lakás - Budapest X. kerület, Ihász utca #35317267",1103,Budapest,Ihász utca,,újszerű,Tégla lakás,1930.0,60+ év (háború előtti),0.0,3.0,0.0,3 szoba,25.0,földszint,0.0,0.0,0,"gázkazán, egyéb",,0,1,0,0,E,,,,igen,25000.0,,Ingatlaniroda,,1796.0,4.0,,,,,,,,,0,0,0,,0,0,0,,0,0,,0,0,0,,0,0,0,,,,,0,0,0,,0,0,0,,0,0,0,,0,0,0,,0,0,0,,,,,,
35318417,elado,"Budapest X. kerület, Maláta utca 47.",Óhegy,49900000.0,49.9,49900.0,1061702.1276595744,17.72553156072175,13.875383959011689,0,47.0,47.0,2.0,2,1,0,0,1,0,1,0,0,0,,,,0,,,0,,,0,0,0,https://ingatlan.com/35318417,"Eladó tégla lakás - Budapest X. kerület, Maláta utca #35318417",1105,Budapest,Maláta utca,47,közepes állapotú,Tégla lakás,,Ismeretlen,0.0,2.0,0.0,2 szoba,23.5,nincs megadva,,0.0,0,gáz (konvektor),,0,1,0,0,nincs megadva,,,,igen,17000.0,,Ingatlaniroda,,343.0,2.0,,,,,,,,,0,0,0,,0,0,0,,0,0,,0,0,0,,0,0,0,,,,,0,0,0,,0,0,0,,0,0,0,,0,0,0,,0,0,0,,,,,,
35318573,elado,"Budapest X. kerület, Cserkesz utca",Óhegy,37000000.0,37.0,37000.0,1947368.4210526317,17.4264284706085,14.481989491442057,0,19.0,19.0,1.0,4,0,0,0,1,0,0,0,1,0,38.0,47.4804126,19.1314452,0,150.6,150-300 m,0,,,0,0,0,https://ingatlan.com/35318573,"Eladó tégla lakás - Budapest X. kerület, Cserkesz utca #35318573",1105,Budapest,Cserkesz utca,,felújított,Tégla lakás,1988.0,30-60 év (panel-korszak),0.0,1.0,0.0,1 szoba,19.0,földszint,0.0,3.0,0,elektromos fűtőpanel,,0,0,0,0,A+,,,,igen,10000.0,50000.0,Ingatlaniroda,,261.0,2.0,,,,,,,,,0,0,0,,0,0,0,,0,0,,0,0,0,,0,0,0,,,,,0,0,0,,0,0,0,,0,0,0,,0,0,0,,0,0,0,,,,,,
35320433,elado,"Budapest X. kerület, Újhegyi út 18/B.",Újhegy,48000000.0,48.0,48000.0,1777777.7777777778,17.686711568872166,14.390874702867835,0,27.0,31.585,1.0,6,0,1,0,1,1,1,1,1,0,0.0,47.468138,19.16875,1,901.5,500-1000 m,0,1890.6,25.2,0,0,0,https://ingatlan.com/35320433,"Eladó tégla lakás - Budapest X. kerület, Újhegyi út 18/B #35320433",1108,Budapest,Újhegyi út,18/B,új építésű,Tégla lakás,2026.0,Új építésű (2025+),9.17,1.0,0.0,1 szoba,27.0,földszint,0.0,4.0,0,hőszivattyú,,0,0,1,0,nincs megadva,,,,nincs megadva,,,Ingatlaniroda,,2210.0,4.0,,,,,,,,1896.5,0,0,0,975.8,0,0,1,13.3,1,1,975.8,0,0,1,401.7,0,1,1,4.0,18.0,57.0,,0,0,0,,0,0,0,580.2,0,1,1,647.1,0,1,1,1648.7,0,0,0,Kőbánya-Kispest,,Új köztemető,"Újhegyi út, Sportliget",Sportliget,villamos
35320992,elado,"Budapest X. kerület, Martinovics tér",Óhegy,83900000.0,83.9,83900.0,687704.9180327869,18.245136171437434,13.441115126704178,0,122.0,126.5,4.0,1,1,0,0,1,0,0,1,0,0,96.0,47.4563935,19.1965795,0,426.1,300-500 m,0,,,0,0,0,https://ingatlan.com/35320992,"Eladó tégla lakás - Budapest X. kerület, Martinovics tér #35320992",1105,Budapest,Martinovics tér,,felújítandó,Tégla lakás,1930.0,60+ év (háború előtti),9.0,4.0,0.0,4+ szoba,30.5,3,3.0,4.0,0,házközponti egyedi méréssel,,0,0,0,0,nincs megadva,,,,nem,,,Ingatlaniroda,,713.0,4.0,,,,,,,,,0,0,0,,0,0,0,,0,0,,0,0,0,,0,0,0,,,,,0,0,0,,0,0,0,,0,0,0,,0,0,0,,0,0,0,,,,,,
35323211,elado,"Budapest X. kerület, Mádi utca",Óhegy,56800000.0,56.8,56800.0,1071698.1132075472,17.85504688369138,13.884754970139259,0,53.0,55.0,2.0,3,0,0,1,0,1,1,1,0,0,,47.4822198,19.1509243,0,820.1,500-1000 m,0,,,0,0,0,https://ingatlan.com/35323211,"Eladó panel lakás - Budapest X. kerület, Mádi utca #35323211",1104,Budapest,Mádi utca,,jó állapotú,Panel lakás,,Ismeretlen,4.0,2.0,0.0,2 szoba,26.5,5,5.0,10.0,0,távfűtés,,1,0,0,0,nincs megadva,,,,nincs megadva,17000.0,,Ingatlaniroda,,1099.0,4.0,,,,,,,,,0,0,0,,0,0,0,,0,0,,0,0,0,,0,0,0,,,,,0,0,0,,0,0,0,,0,0,0,,0,0,0,,0,0,0,,,,,,
35325361,elado,"Budapest X. kerület, Kőbánya - Óhegy",Óhegy,189900000.0,189.9,189900.0,1665789.4736842106,19.062008175782513,14.32580972738802,0,114.0,140.0,5.0,5,0,1,0,1,0,1,1,0,1,21.0,47.4820541,19.132346,0,297.2,150-300 m,0,,,0,0,0,https://ingatlan.com/35325361,"Eladó tégla lakás - Budapest X. kerület, Kőbánya - Óhegy #35325361",1103,Budapest,Kőbánya - Óhegy,,újszerű,Tégla lakás,2005.0,10-30 év (rendszerváltás utáni),52.0,5.0,0.0,4+ szoba,22.8,2,2.0,2.0,0,"házközponti, hűtő-fűtő klíma",,0,0,0,0,nincs megadva,,,,nincs megadva,,,Ingatlaniroda,,1742.0,4.0,,,,,,,,,0,0,0,,0,0,0,,0,0,,0,0,0,,0,0,0,,,,,0,0,0,,0,0,0,,0,0,0,,0,0,0,,0,0,0,,,,,,
35325577,elado,"Budapest X. kerület, Maláta utca",Óhegy,41900000.0,41.9,41900.0,891489.3617021276,17.550796384892365,13.700648783182308,0,47.0,47.0,1.0,1,1,0,0,1,0,0,0,0,0,58.0,47.4907693,19.1406919,0,178.4,150-300 m,0,,,0,0,0,https://ingatlan.com/35325577,"Eladó tégla lakás - Budapest X. kerület, Maláta utca #35325577",1105,Budapest,Maláta utca,,felújítandó,Tégla lakás,1968.0,30-60 év (panel-korszak),0.0,1.0,0.0,1 szoba,47.0,nincs megadva,,,0,gáz (konvektor),,0,1,0,0,nincs megadva,,,,nincs megadva,16999.0,,Ingatlaniroda,,371.0,4.0,,,,,,,,,0,0,0,,0,0,0,,0,0,,0,0,0,,0,0,0,,,,,0,0,0,,0,0,0,,0,0,0,,0,0,0,,0,0,0,,,,,,
35325742,elado,"Budapest X. kerület, Kőbánya - Óhegy",Óhegy,55000000.0,55.0,55000.0,1000000.0,17.822843743196746,13.815510557964274,0,55.0,57.0,2.0,1,1,0,0,1,0,0,1,0,0,58.0,47.4820541,19.132346,0,297.2,150-300 m,0,,,0,0,0,https://ingatlan.com/35325742,"Eladó tégla lakás - Budapest X. kerület, Kőbánya - Óhegy #35325742",1103,Budapest,Kőbánya - Óhegy,,felújítandó,Tégla lakás,1968.0,30-60 év (panel-korszak),4.0,2.0,0.0,2 szoba,27.5,félemelet,0.5,,0,távfűtés,,1,0,0,0,nincs megadva,,,,nincs megadva,16998.0,,Ingatlaniroda,,658.0,4.0,,,,,,,,,0,0,0,,0,0,0,,0,0,,0,0,0,,0,0,0,,,,,0,0,0,,0,0,0,,0,0,0,,0,0,0,,0,0,0,,,,,,
35327642,elado,"Budapest X. kerület, Kőbánya - Óhegy",Óhegy,83900000.0,83.9,83900.0,699166.6666666666,18.245136171437434,13.457644428655389,0,120.0,120.0,4.0,2,1,0,0,1,1,0,0,0,0,58.0,47.4820541,19.132346,0,297.2,150-300 m,0,,,0,0,0,https://ingatlan.com/35327642,"Eladó tégla lakás - Budapest X. kerület, Kőbánya - Óhegy #35327642",1103,Budapest,Kőbánya - Óhegy,,közepes állapotú,Tégla lakás,1968.0,30-60 év (panel-korszak),0.0,4.0,0.0,4+ szoba,30.0,3,3.0,,0,gázkazán,,0,1,0,0,nincs megadva,,,,nincs megadva,31000.0,,Ingatlaniroda,,2287.0,4.0,,,,,,,,,0,0,0,,0,0,0,,0,0,,0,0,0,,0,0,0,,,,,0,0,0,,0,0,0,,0,0,0,,0,0,0,,0,0,0,,,,,,
35327726,elado,"Budapest X. kerület, Mádi utca",Óhegy,44900000.0,44.9,44900.0,1282857.142857143,17.619948352712484,14.06460029122307,0,35.0,36.5,2.0,1,1,0,1,0,1,0,1,0,0,58.0,47.4822198,19.1509243,0,820.1,500-1000 m,0,,,0,0,0,https://ingatlan.com/35327726,"Eladó panel lakás - Budapest X. kerület, Mádi utca #35327726",1105,Budapest,Mádi utca,,felújítandó,Panel lakás,1968.0,30-60 év (panel-korszak),3.0,2.0,0.0,2 szoba,17.5,4,4.0,10.0,0,távfűtés egyedi méréssel,,1,0,0,0,nincs megadva,,,,nincs megadva,,,Ingatlaniroda,,825.0,2.0,,,,,,,,,0,0,0,,0,0,0,,0,0,,0,0,0,,0,0,0,,,,,0,0,0,,0,0,0,,0,0,0,,0,0,0,,0,0,0,,,,,,
35328006,elado,"Budapest X. kerület, Üllői út",Gyárdűlő,45500000.0,45.5,45500.0,1378787.878787879,17.633222883921178,14.136715322454698,0,33.0,33.0,1.0,1,1,0,0,1,0,0,0,0,0,58.0,47.4789502,19.0894289,0,1067.5,1000-2000 m,0,,,0,0,0,https://ingatlan.com/35328006,"Eladó tégla lakás - Budapest X. kerület, Üllői út #35328006",1101,Budapest,Üllői út,,felújítandó,Tégla lakás,1968.0,30-60 év (panel-korszak),0.0,1.0,0.0,1 szoba,33.0,1,1.0,,0,gáz (konvektor),,0,1,0,0,nincs megadva,,,,nincs megadva,12135.0,,Ingatlaniroda,,1263.0,4.0,,,,,,,,,0,0,0,,0,0,0,,0,0,,0,0,0,,0,0,0,,,,,0,0,0,,0,0,0,,0,0,0,,0,0,0,,0,0,0,,,,,,
35328650,elado,"Budapest X. kerület, Kővágó utca",Újhegy,68000000.0,68.0,68000.0,1000000.0,18.03501826314038,13.815510557964274,0,68.0,69.5,3.0,3,0,0,1,0,1,1,1,0,0,,47.4725225,19.1634642,0,855.4,500-1000 m,0,,,0,0,0,https://ingatlan.com/35328650,"Eladó panel lakás - Budapest X. kerület, Kővágó utca #35328650",1108,Budapest,Kővágó utca,,jó állapotú,Panel lakás,,Ismeretlen,3.0,3.0,0.0,3 szoba,22.666666666666668,5,5.0,10.0,0,"távfűtés, hűtő-fűtő klíma",,1,0,0,0,nincs megadva,,,,nem,20780.0,,Ingatlaniroda,,1428.0,4.0,,,,,,,,,0,0,0,,0,0,0,,0,0,,0,0,0,,0,0,0,,,,,0,0,0,,0,0,0,,0,0,0,,0,0,0,,0,0,0,,,,,,
35329343,elado,"Budapest X. kerület, Szőlővirág utca",Újhegy,64000000.0,64.0,64000.0,941176.4705882353,17.974393641323946,13.75488593614784,0,68.0,69.0,3.0,3,0,0,1,0,1,0,1,0,0,58.0,47.4698302,19.1644925,0,963.9,500-1000 m,0,,,0,0,0,https://ingatlan.com/35329343,"Eladó panel lakás - Budapest X. kerület, Szőlővirág utca #35329343",1108,Budapest,Szőlővirág utca,,jó állapotú,Panel lakás,1968.0,30-60 év (panel-korszak),2.0,3.0,0.0,3 szoba,22.666666666666668,9,9.0,10.0,0,távfűtés,,1,0,0,0,nincs megadva,,,,nincs megadva,,,Ingatlaniroda,,1656.0,4.0,,,,,,,,,0,0,0,,0,0,0,,0,0,,0,0,0,,0,0,0,,,,,0,0,0,,0,0,0,,0,0,0,,0,0,0,,0,0,0,,,,,,
35330949,elado,"Budapest X. kerület, Kőrösi Csoma sétány",Kőbánya-Városközpont,114000000.0,114.0,114000.0,1106796.1165048543,18.55170900635877,13.916980018129134,0,103.0,103.0,5.0,3,0,0,0,0,0,0,0,0,1,58.0,47.4850651,19.1310368,0,363.1,300-500 m,0,,,0,0,0,https://ingatlan.com/35330949,"Eladó csúsztatott zsalus - Budapest X. kerület, Kőrösi Csoma sétány #35330949",1102,Budapest,Kőrösi Csoma sétány,,jó állapotú,Csúsztatott zsalus lakás,1968.0,30-60 év (panel-korszak),0.0,5.0,0.0,4+ szoba,20.6,4,4.0,4.0,0,távfűtés,,1,0,0,0,nincs megadva,,,,nem,,,Ingatlaniroda,,446.0,4.0,,,,,,,,,0,0,0,,0,0,0,,0,0,,0,0,0,,0,0,0,,,,,0,0,0,,0,0,0,,0,0,0,,0,0,0,,0,0,0,,,,,,
35331010,elado,"Budapest X. kerület, Ligettelek",Ligettelek,71900000.0,71.9,71900.0,1057352.9411764706,18.090786822691275,13.871279117515169,0,68.0,70.0,3.0,2,1,0,1,0,1,0,1,0,0,58.0,47.493646,19.1300619,0,227.7,150-300 m,0,,,0,0,0,https://ingatlan.com/35331010,"Eladó panel lakás - Budapest X. kerület, Ligettelek #35331010",1101,Budapest,Ligettelek,,közepes állapotú,Panel lakás,1968.0,30-60 év (panel-korszak),4.0,3.0,0.0,3 szoba,22.666666666666668,1,1.0,10.0,0,távfűtés,,1,0,0,0,nincs megadva,,,,nem,,,Ingatlaniroda,,567.0,4.0,,,,,,,,,0,0,0,,0,0,0,,0,0,,0,0,0,,0,0,0,,,,,0,0,0,,0,0,0,,0,0,0,,0,0,0,,0,0,0,,,,,,
35334244,elado,"Budapest X. kerület, Bánya utca",Óhegy,49000000.0,49.0,49000.0,1441176.4705882352,17.7073308560749,14.18097033145874,0,34.0,34.0,4.0,2,1,0,0,1,0,0,0,1,0,96.0,47.4145963,19.0688773,0,2587.9,>2000 m (referencia),0,,,0,0,0,https://ingatlan.com/35334244,"Eladó tégla lakás - Budapest X. kerület, Bánya utca #35334244",1105,Budapest,Bánya utca,,közepes állapotú,Tégla lakás,1930.0,60+ év (háború előtti),0.0,4.0,0.0,4+ szoba,8.5,földszint,0.0,,0,gáz (konvektor),,0,1,0,0,nincs megadva,,,,igen,13500.0,,Ingatlaniroda,,868.0,4.0,,,,,,,,,0,0,0,,0,0,0,,0,0,,0,0,0,,0,0,0,,,,,0,0,0,,0,0,0,,0,0,0,,0,0,0,,0,0,0,,,,,,
35334300,elado,"Budapest X. kerület, Tavas utca",Újhegy,88888888.0,88.888888,88888.888,1814058.9387755103,18.302897698295983,14.411077400185356,0,49.0,62.5,2.0,5,0,1,0,1,1,0,1,0,0,15.0,47.4699607,19.1670969,0,1045.3,1000-2000 m,0,,,0,0,0,https://ingatlan.com/35334300,"Eladó tégla lakás - Budapest X. kerület, Tavas utca #35334300",1108,Budapest,Tavas utca,,újszerű,Tégla lakás,2011.0,10-30 év (rendszerváltás utáni),27.0,2.0,0.0,2 szoba,24.5,1,1.0,4.0,0,házközponti egyedi méréssel,,0,0,0,0,nincs megadva,,,,igen,13500.0,15000.0,Ingatlaniroda,,706.0,2.0,,,,,,,,,0,0,0,,0,0,0,,0,0,,0,0,0,,0,0,0,,,,,0,0,0,,0,0,0,,0,0,0,,0,0,0,,0,0,0,,,,,,
35337511,elado,"Budapest X. kerület, Ihász utca",Óhegy,27000000.0,27.0,27000.0,818181.8181818182,17.111347423968603,13.614839862502123,0,33.0,33.0,2.0,4,0,0,0,1,0,0,0,0,0,38.0,47.4830386,19.1405533,0,890.7,500-1000 m,0,,,0,0,0,https://ingatlan.com/35337511,"Eladó tégla lakás - Budapest X. kerület, Ihász utca #35337511",1103,Budapest,Ihász utca,,felújított,Tégla lakás,1988.0,30-60 év (panel-korszak),0.0,2.0,0.0,2 szoba,16.5,szuterén,-1.0,0.0,0,elektromos fűtőpanel,,0,0,0,0,D,,,,nem,12000.0,20000.0,Ingatlaniroda,,1181.0,2.0,,,,,,,,,0,0,0,,0,0,0,,0,0,,0,0,0,,0,0,0,,,,,0,0,0,,0,0,0,,0,0,0,,0,0,0,,0,0,0,,,,,,
35338128,elado,"Budapest X. kerület, Kővágó utca",Újhegy,75990000.0,75.99,75990.0,1117500.0,18.146112310645968,13.92660460546986,0,68.0,70.0,3.0,3,0,0,1,0,1,1,1,0,0,,47.4725225,19.1634642,0,855.4,500-1000 m,0,,,0,0,0,https://ingatlan.com/35338128,"Eladó panel lakás - Budapest X. kerület, Kővágó utca #35338128",1108,Budapest,Kővágó utca,,nincs megadva,Panel lakás,,Ismeretlen,4.0,3.0,0.0,3 szoba,22.666666666666668,nincs megadva,,,0,nincs megadva,,0,0,0,0,nincs megadva,,,,nem,,,Ingatlaniroda,,1597.0,4.0,,,,,,,,,0,0,0,,0,0,0,,0,0,,0,0,0,,0,0,0,,,,,0,0,0,,0,0,0,,0,0,0,,0,0,0,,0,0,0,,,,,,
35338226,elado,"Budapest X. kerület, Szegély utca",Újhegy,83900000.0,83.9,83900.0,1165277.7777777778,18.245136171437434,13.96847005242138,0,72.0,72.0,3.0,4,0,0,0,1,0,0,0,1,0,58.0,47.4762827,19.1656468,0,480.0,300-500 m,0,,,0,0,0,https://ingatlan.com/35338226,"Eladó tégla lakás - Budapest X. kerület, Szegély utca #35338226",1108,Budapest,Szegély utca,,felújított,Tégla lakás,1968.0,30-60 év (panel-korszak),0.0,3.0,0.0,3 szoba,24.0,földszint,0.0,,0,gáz (konvektor),,0,1,0,0,nincs megadva,,,,igen,15000.0,,Ingatlaniroda,,1533.0,4.0,,,,,,,,,0,0,0,,0,0,0,,0,0,,0,0,0,,0,0,0,,,,,0,0,0,,0,0,0,,0,0,0,,0,0,0,,0,0,0,,,,,,
35338701,elado,"Budapest X. kerület, Gyakorló utca",Felsőrákos,69500000.0,69.5,69500.0,1311320.7547169812,18.05683731053502,14.086545396982899,0,53.0,53.0,2.0,3,0,0,1,0,1,0,0,1,0,,47.5018325,19.1436801,0,258.3,150-300 m,0,,,0,0,0,https://ingatlan.com/35338701,"Eladó panel lakás - Budapest X. kerület, Gyakorló utca #35338701",1106,Budapest,Gyakorló utca,,jó állapotú,Panel lakás,,Ismeretlen,0.0,2.0,0.0,2 szoba,26.5,földszint,0.0,10.0,0,távfűtés egyedi méréssel,,1,0,0,0,nincs megadva,,,,nincs megadva,,,Ingatlaniroda,,1046.0,4.0,,,,,,,,,0,0,0,,0,0,0,,0,0,,0,0,0,,0,0,0,,,,,0,0,0,,0,0,0,,0,0,0,,0,0,0,,0,0,0,,,,,,
35338895,elado,"Budapest X. kerület, Halom utca",Ligettelek,48000000.0,48.0,48000.0,1142857.142857143,17.686711568872166,13.949041950588796,0,42.0,42.0,2.0,1,1,0,0,1,0,0,0,0,0,38.0,47.425947,19.0337255,0,3276.8,>2000 m (referencia),0,,,0,0,0,https://ingatlan.com/35338895,"Eladó tégla lakás - Budapest X. kerület, Halom utca #35338895",1102,Budapest,Halom utca,,felújítandó,Tégla lakás,1988.0,30-60 év (panel-korszak),0.0,2.0,0.0,2 szoba,21.0,1,1.0,5.0,0,távfűtés,,1,0,0,0,nincs megadva,,,,nincs megadva,,,Ingatlaniroda,,851.0,2.0,,,,,,,,,0,0,0,,0,0,0,,0,0,,0,0,0,,0,0,0,,,,,0,0,0,,0,0,0,,0,0,0,,0,0,0,,0,0,0,,,,,,
35339850,elado,"Budapest X. kerület, Gém utca",Gyárdűlő,159990000.0,159.99,159990.0,1720322.5806451612,18.890621871244896,14.358022378091638,0,93.0,98.0,5.0,5,0,1,0,1,1,1,1,0,0,8.0,47.4709565,19.1216348,0,527.2,500-1000 m,0,,,0,0,0,https://ingatlan.com/35339850,"Eladó tégla lakás - Budapest X. kerület, Gém utca #35339850",1107,Budapest,Gém utca,,újszerű,Tégla lakás,2018.0,0-10 év,10.0,5.0,0.0,4+ szoba,18.6,2,2.0,7.0,0,házközponti egyedi méréssel,,0,0,0,0,nincs megadva,,,,nem,45000.0,30000.0,Ingatlaniroda,,3460.0,4.0,,,,,,,,,0,0,0,,0,0,0,,0,0,,0,0,0,,0,0,0,,,,,0,0,0,,0,0,0,,0,0,0,,0,0,0,,0,0,0,,,,,,
35340006,elado,"Budapest X. kerület, Kápolna utca 50.",Kőbánya-Városközpont,58000000.0,58.0,58000.0,1160000.0,17.875953568510692,13.963930563082547,0,50.0,50.0,2.0,4,0,0,1,0,1,0,0,0,0,38.0,,,0,,,0,,,0,0,0,https://ingatlan.com/35340006,"Eladó panel lakás - Budapest X. kerület, Kápolna utca #35340006",1102,Budapest,Kápolna utca,50,felújított,Panel lakás,1988.0,30-60 év (panel-korszak),0.0,2.0,0.0,2 szoba,25.0,3,3.0,10.0,0,távfűtés,,1,0,0,0,nincs megadva,,,,nem,17950.0,,Ingatlaniroda,,720.0,4.0,,,,,,,,,0,0,0,,0,0,0,,0,0,,0,0,0,,0,0,0,,,,,0,0,0,,0,0,0,,0,0,0,,0,0,0,,0,0,0,,,,,,
35341343,elado,"Budapest X. kerület, Ihász utca",Óhegy,27000000.0,27.0,27000.0,818181.8181818182,17.111347423968603,13.614839862502123,0,33.0,33.0,1.0,4,0,0,0,1,0,0,0,0,0,38.0,47.4830386,19.1405533,0,890.7,500-1000 m,0,,,0,0,0,https://ingatlan.com/35341343,"Eladó tégla lakás - Budapest X. kerület, Ihász utca #35341343",1103,Budapest,Ihász utca,,felújított,Tégla lakás,1988.0,30-60 év (panel-korszak),0.0,1.0,0.0,1 szoba,33.0,szuterén,-1.0,0.0,0,elektromos fűtőpanel,,0,0,0,0,nincs megadva,,,,igen,,10000.0,Ingatlaniroda,,1526.0,4.0,,,,,,,,,0,0,0,,0,0,0,,0,0,,0,0,0,,0,0,0,,,,,0,0,0,,0,0,0,,0,0,0,,0,0,0,,0,0,0,,,,,,
35342225,elado,"Budapest X. kerület, Tavas utca 11.",Újhegy,104900000.0,104.9,104900.0,1498571.4285714286,18.468518073366525,14.220022831317166,0,70.0,76.75,3.0,6,0,1,0,1,1,1,1,1,0,0.0,47.469764,19.166789,1,1016.9,1000-2000 m,0,1833.7,24.4,0,0,0,https://ingatlan.com/35342225,"Eladó tégla lakás - Budapest X. kerület, Tavas utca 11. #35342225",1108,Budapest,Tavas utca,11,új építésű,Tégla lakás,2025.0,Új építésű (2025+),13.5,3.0,0.0,3 szoba,23.333333333333332,földszint,0.0,5.0,0,"hőszivattyú, padlófűtés, fan-coil",,0,0,1,0,A+,,,,igen,,,Ingatlaniroda,,2523.0,4.0,,,,,,,,1839.6,0,0,0,728.5,0,1,1,155.3,1,1,728.5,0,1,1,411.5,0,1,1,9.0,29.0,51.0,,0,0,0,,0,0,0,353.1,1,1,1,430.3,0,1,1,1378.0,0,0,0,Kőbánya-Kispest,,Sírkert út,Tavas utca,Újhegy park,villamos
35342285,elado,"Budapest X. kerület, Tavas utca 11.",Újhegy,96900000.0,96.9,96900.0,1468181.8181818181,18.389190076860995,14.19953533483457,0,66.0,68.25,3.0,6,0,1,0,1,1,1,1,0,0,0.0,47.469764,19.166789,1,1016.9,1000-2000 m,0,1833.7,24.4,0,0,0,https://ingatlan.com/35342285,"Eladó tégla lakás - Budapest X. kerület, Tavas utca 11. #35342285",1108,Budapest,Tavas utca,11,új építésű,Tégla lakás,2025.0,Új építésű (2025+),4.5,3.0,0.0,3 szoba,22.0,2,2.0,5.0,0,"hőszivattyú, padlófűtés, fan-coil",,0,0,1,0,A+,,,,nem,,,Ingatlaniroda,,2469.0,4.0,,,,,,,,1839.6,0,0,0,728.5,0,1,1,155.3,1,1,728.5,0,1,1,411.5,0,1,1,9.0,29.0,51.0,,0,0,0,,0,0,0,353.1,1,1,1,430.3,0,1,1,1378.0,0,0,0,Kőbánya-Kispest,,Sírkert út,Tavas utca,Újhegy park,villamos
35344167,elado,"Budapest X. kerület, Gyakorló utca",Felsőrákos,69900000.0,69.9,69900.0,1318867.924528302,18.06257620720404,14.092284293651916,0,53.0,53.0,3.0,2,1,0,1,0,1,0,0,1,0,,47.5018325,19.1436801,0,258.3,150-300 m,0,,,0,0,0,https://ingatlan.com/35344167,"Eladó panel lakás - Budapest X. kerület, Gyakorló utca #35344167",1106,Budapest,Gyakorló utca,,közepes állapotú,Panel lakás,,Ismeretlen,0.0,3.0,0.0,3 szoba,17.666666666666668,földszint,0.0,10.0,0,távfűtés,,1,0,0,0,nincs megadva,,,,nincs megadva,,,Ingatlaniroda,,712.0,4.0,,,,,,,,,0,0,0,,0,0,0,,0,0,,0,0,0,,0,0,0,,,,,0,0,0,,0,0,0,,0,0,0,,0,0,0,,0,0,0,,,,,,
35344676,elado,"Budapest X. kerület, Gyakorló köz",Felsőrákos,82900000.0,82.9,82900.0,1167605.633802817,18.233145620105525,13.970465743064208,0,71.0,73.0,3.0,3,0,0,1,0,1,0,1,0,0,38.0,47.5024404,19.1420305,0,171.6,150-300 m,0,,,0,0,0,https://ingatlan.com/35344676,"Eladó panel lakás - Budapest X. kerület, Gyakorló köz #35344676",1106,Budapest,Gyakorló köz,,jó állapotú,Panel lakás,1988.0,30-60 év (panel-korszak),4.0,3.0,0.0,3 szoba,23.666666666666668,6,6.0,,0,távfűtés egyedi méréssel,,1,0,0,0,nincs megadva,,,,nincs megadva,,,Ingatlaniroda,,870.0,4.0,,,,,,,,,0,0,0,,0,0,0,,0,0,,0,0,0,,0,0,0,,,,,0,0,0,,0,0,0,,0,0,0,,0,0,0,,0,0,0,,,,,,
35344793,elado,"Budapest X. kerület, Csombor utca",Óhegy,65500000.0,65.5,65500.0,1056451.6129032257,17.99756070060548,13.870426315560389,0,62.0,62.25,3.0,2,1,0,1,0,0,1,1,0,0,38.0,47.477123,19.1518234,0,914.6,500-1000 m,0,,,0,0,0,https://ingatlan.com/35344793,"Eladó panel lakás - Budapest X. kerület, Csombor utca #35344793",1103,Budapest,Csombor utca,,közepes állapotú,Panel lakás,1988.0,30-60 év (panel-korszak),0.5,3.0,0.0,3 szoba,20.666666666666668,2,2.0,4.0,0,távfűtés egyedi méréssel,,1,0,0,0,nincs megadva,,,,nem,16000.0,20000.0,Ingatlaniroda,,2993.0,4.0,,,,,,,,,0,0,0,,0,0,0,,0,0,,0,0,0,,0,0,0,,,,,0,0,0,,0,0,0,,0,0,0,,0,0,0,,0,0,0,,,,,,
35345028,elado,"Budapest X. kerület, Pára utca 4.",Újhegy,59000000.0,59.0,59000.0,867647.0588235294,17.893048001869992,13.673540296693886,0,68.0,69.5,3.0,1,1,0,1,0,1,0,1,0,0,58.0,47.468513,19.162901,1,785.4,500-1000 m,0,1660.2,22.1,0,0,0,https://ingatlan.com/35345028,"Eladó panel lakás - Budapest X. kerület, Pára utca 4. #35345028",1108,Budapest,Pára utca,4,felújítandó,Panel lakás,1968.0,30-60 év (panel-korszak),3.0,3.0,0.0,3 szoba,22.666666666666668,2,2.0,10.0,0,távfűtés,,1,0,0,0,nincs megadva,,,,nincs megadva,,,Magánszemély,,590.0,2.0,,,,,,,,1666.1,0,0,0,1133.6,0,0,0,161.8,1,1,1133.6,0,0,0,290.8,1,1,1,3.0,23.0,43.0,,0,0,0,,0,0,0,488.7,0,1,1,477.4,0,1,1,1717.9,0,0,0,Kőbánya-Kispest,,Sírkert út,Mélytó utca,Újhegy park,villamos
35347125,elado,"Budapest X. kerület, Kőbánya-Városközpont",Kőbánya-Városközpont,125000000.0,125.0,125000.0,862068.9655172414,18.643824295266576,13.667090552846,0,145.0,145.0,4.0,4,0,0,0,1,0,1,0,0,0,96.0,47.482503,19.1307351,0,213.3,150-300 m,0,,,0,0,0,https://ingatlan.com/35347125,"Eladó tégla lakás - Budapest X. kerület, Kőbánya-Városközpont #35347125",1105,Budapest,Kőbánya-Városközpont,,felújított,Tégla lakás,1930.0,60+ év (háború előtti),0.0,4.0,0.0,4+ szoba,36.25,1,1.0,,0,nincs megadva,,0,0,0,0,nincs megadva,,,,nincs megadva,38865.0,,Ingatlaniroda,,3044.0,4.0,,,,,,,,,0,0,0,,0,0,0,,0,0,,0,0,0,,0,0,0,,,,,0,0,0,,0,0,0,,0,0,0,,0,0,0,,0,0,0,,,,,,
35348328,elado,"Budapest X. kerület, Kőbánya - Óhegy",Óhegy,83900000.0,83.9,83900.0,699166.6666666666,18.245136171437434,13.457644428655389,0,120.0,120.0,4.0,2,1,0,0,1,1,0,0,0,0,58.0,47.4820541,19.132346,0,297.2,150-300 m,0,,,0,0,0,https://ingatlan.com/35348328,"Eladó tégla lakás - Budapest X. kerület, Kőbánya - Óhegy #35348328",1103,Budapest,Kőbánya - Óhegy,,közepes állapotú,Tégla lakás,1968.0,30-60 év (panel-korszak),0.0,4.0,0.0,4+ szoba,30.0,3,3.0,,0,gázkazán,,0,1,0,0,D,,,,nincs megadva,31000.0,,Ingatlaniroda,,2168.0,4.0,,,,,,,,,0,0,0,,0,0,0,,0,0,,0,0,0,,0,0,0,,,,,0,0,0,,0,0,0,,0,0,0,,0,0,0,,0,0,0,,,,,,
35349639,elado,"Budapest X. kerület, Állomás utca 6.",Ligettelek,95900000.0,95.9,95900.0,1077528.0898876404,18.378816539853666,13.890180170121527,0,89.0,91.5,3.0,4,0,0,0,1,0,1,1,0,1,,47.484886,19.127626,1,128.7,<150 m,1,302.7,4.0,1,1,1,https://ingatlan.com/35349639,"Eladó tégla lakás - Budapest X. kerület, Állomás utca 6. #35349639",1102,Budapest,Állomás utca,6,felújított,Tégla lakás,,Ismeretlen,5.0,3.0,0.0,3 szoba,29.666666666666668,3,3.0,3.0,0,gázkazán,,0,1,0,0,nincs megadva,,,,nincs megadva,,,Ingatlaniroda,,1081.0,2.0,,,,,,,,,0,0,0,334.3,1,1,1,131.8,1,1,302.7,1,1,1,439.9,0,1,1,27.0,70.0,117.0,791.1,0,0,1,861.6,0,0,1,36.5,1,1,1,414.5,0,1,1,,0,0,0,Kőbánya alsó,,Kőbánya alsó vasútállomás,Kőbánya alsó vasútállomás,Névtelen zöldfelület / park,vasut
35350274,elado,"Budapest X. kerület, Népliget",Kőbánya egyéb,128900000.0,128.9,128900.0,1841428.5714285714,18.674547467909417,14.426052225860056,0,70.0,82.5,3.0,4,0,0,0,1,1,1,1,0,0,21.0,47.4797172,19.1098947,0,515.2,500-1000 m,0,,,0,0,0,https://ingatlan.com/35350274,"Eladó tégla lakás - Budapest X. kerület, Népliget #35350274",1101,Budapest,Népliget,,felújított,Tégla lakás,2005.0,10-30 év (rendszerváltás utáni),25.0,3.0,0.0,3 szoba,23.333333333333332,4,4.0,,0,gázkazán,,0,1,0,0,nincs megadva,,,,nincs megadva,,,Ingatlaniroda,,1208.0,4.0,,,,,,,,,0,0,0,,0,0,0,,0,0,,0,0,0,,0,0,0,,,,,0,0,0,,0,0,0,,0,0,0,,0,0,0,,0,0,0,,,,,,
35350721,elado,"Budapest X. kerület, Kápolna utca",Kőbánya-Városközpont,58000000.0,58.0,58000.0,1160000.0,17.875953568510692,13.963930563082547,0,50.0,50.0,2.0,3,0,0,1,0,1,1,0,0,0,38.0,47.4823363,19.1289949,0,88.5,<150 m,1,,,0,0,0,https://ingatlan.com/35350721,"Eladó panel lakás - Budapest X. kerület, Kápolna utca #35350721",1102,Budapest,Kápolna utca,,jó állapotú,Panel lakás,1988.0,30-60 év (panel-korszak),0.0,2.0,0.0,2 szoba,25.0,3,3.0,10.0,0,távfűtés,,1,0,0,0,nincs megadva,,,,nem,,,Ingatlaniroda,,1464.0,4.0,,,,,,,,,0,0,0,,0,0,0,,0,0,,0,0,0,,0,0,0,,,,,0,0,0,,0,0,0,,0,0,0,,0,0,0,,0,0,0,,,,,,
35350775,elado,"Budapest X. kerület, Lámpagyár utca",Óhegy,64900000.0,64.9,64900.0,1158928.5714285714,17.988358181674318,13.963006490939168,0,56.0,57.8,2.0,4,0,0,0,1,0,1,1,0,0,58.0,47.4762871,19.1344371,0,140.6,<150 m,1,,,0,0,0,https://ingatlan.com/35350775,"Eladó tégla lakás - Budapest X. kerület, Lámpagyár utca #35350775",1105,Budapest,Lámpagyár utca,,felújított,Tégla lakás,1968.0,30-60 év (panel-korszak),3.6,2.0,0.0,2 szoba,28.0,2,2.0,3.0,0,gázkazán,,0,1,0,0,D,,,,nincs megadva,18500.0,,Ingatlaniroda,,1031.0,4.0,,,,,,,,,0,0,0,,0,0,0,,0,0,,0,0,0,,0,0,0,,,,,0,0,0,,0,0,0,,0,0,0,,0,0,0,,0,0,0,,,,,,
35352511,elado,"Budapest X. kerület, Makk utca 1.",Gyárdűlő,56900000.0,56.9,56900.0,1778125.0,17.85680589909656,14.391069996296833,0,32.0,34.0,1.0,3,0,0,0,1,1,1,1,0,0,21.0,47.473262,19.117354,1,347.8,300-500 m,0,1509.6,20.1,0,0,0,https://ingatlan.com/35352511,"Eladó tégla lakás - Budapest X. kerület, Makk utca 1. #35352511",1107,Budapest,Makk utca,1,jó állapotú,Tégla lakás,2005.0,10-30 év (rendszerváltás utáni),4.0,1.0,0.0,1 szoba,32.0,3,3.0,6.0,0,házközponti egyedi méréssel,,0,0,0,0,nincs megadva,,,,nincs megadva,,,Ingatlaniroda,,1420.0,3.0,,,,,,,,589.1,0,1,1,163.0,1,1,1,470.4,0,1,163.0,1,1,1,347.7,1,1,1,4.0,38.0,84.0,1210.7,0,0,0,747.2,0,1,1,327.4,1,1,1,198.6,1,1,1,970.6,0,0,1,Kőbánya alsó,,Balkán utca,Fertő utca / Bihari utca,Kékvirág park,villamos
35354273,elado,"Budapest X. kerület, Somfa köz 59.",Gyárdűlő,67900000.0,67.9,67900.0,1150847.4576271186,18.033546592528925,13.956009148623204,0,59.0,61.0,3.0,2,1,0,1,0,1,1,1,0,1,58.0,,,0,,,0,,,0,0,0,https://ingatlan.com/35354273,"Eladó panel lakás - Budapest X. kerület, Somfa köz #35354273",1107,Budapest,Somfa köz,59,közepes állapotú,Panel lakás,1968.0,30-60 év (panel-korszak),4.0,3.0,0.0,3 szoba,19.666666666666668,10,10.0,10.0,0,távfűtés,,1,0,0,0,nincs megadva,,,,nincs megadva,,,Ingatlaniroda,,2737.0,4.0,,,,,,,,,0,0,0,,0,0,0,,0,0,,0,0,0,,0,0,0,,,,,0,0,0,,0,0,0,,0,0,0,,0,0,0,,0,0,0,,,,,,
35354675,elado,"Budapest X. kerület, Keresztúridűlő",Keresztúridűlő,59900000.0,59.9,59900.0,1274468.085106383,17.908187063085677,14.05803946137562,0,47.0,49.0,2.0,4,0,0,0,1,0,1,1,0,0,96.0,47.4740896,19.1863957,0,1385.1,1000-2000 m,0,,,0,0,0,https://ingatlan.com/35354675,"Eladó tégla lakás - Budapest X. kerület, Keresztúridűlő #35354675",1108,Budapest,Keresztúridűlő,,felújított,Tégla lakás,1930.0,60+ év (háború előtti),4.0,2.0,0.0,2 szoba,23.5,2,2.0,,0,gáz (konvektor),,0,1,0,0,B,,,,nincs megadva,,,Ingatlaniroda,,1177.0,4.0,,,,,,,,,0,0,0,,0,0,0,,0,0,,0,0,0,,0,0,0,,,,,0,0,0,,0,0,0,,0,0,0,,0,0,0,,0,0,0,,,,,,
35355282,elado,"Budapest X. kerület, Laposdűlő - Honvédségi lakótelep",Laposdűlő,94000000.0,94.0,94000.0,1305555.5555555555,18.358805340234277,14.082139221218222,0,72.0,74.0,3.0,3,0,0,1,0,1,0,1,0,0,,47.4918945,19.1104662,0,393.7,300-500 m,0,,,0,0,0,https://ingatlan.com/35355282,"Eladó panel lakás - Budapest X. kerület, Laposdűlő - Honvédségi lakótelep #35355282",1101,Budapest,Laposdűlő - Honvédségi lakótelep,,nincs megadva,Panel lakás,,Ismeretlen,4.0,3.0,0.0,3 szoba,24.0,nincs megadva,,5.0,0,házközponti,,0,0,0,0,nincs megadva,,,,nincs megadva,,,Ingatlaniroda,,1431.0,4.0,,,,,,,,,0,0,0,,0,0,0,,0,0,,0,0,0,,0,0,0,,,,,0,0,0,,0,0,0,,0,0,0,,0,0,0,,0,0,0,,,,,,
35355423,elado,"Budapest X. kerület, Szárnyas utca",Gyárdűlő,52000000.0,52.0,52000.0,1368421.0526315789,17.7667542765457,14.129168116819315,0,38.0,39.0,1.0,4,0,0,0,1,0,0,1,0,0,58.0,47.4688278,19.1202985,0,762.0,500-1000 m,0,,,0,0,0,https://ingatlan.com/35355423,"Eladó tégla lakás - Budapest X. kerület, Szárnyas utca #35355423",1107,Budapest,Szárnyas utca,,felújított,Tégla lakás,1968.0,30-60 év (panel-korszak),2.0,1.0,0.0,1 szoba,38.0,2,2.0,3.0,0,gáz (konvektor),,0,1,0,0,nincs megadva,,,,nincs megadva,,,Ingatlaniroda,,963.0,4.0,,,,,,,,,0,0,0,,0,0,0,,0,0,,0,0,0,,0,0,0,,,,,0,0,0,,0,0,0,,0,0,0,,0,0,0,,0,0,0,,,,,,
35355635,elado,"Budapest X. kerület, Harmat utca 10-12.",Ligettelek,84900000.0,84.9,84900.0,1286363.6363636365,18.256984651281577,14.06732990925515,0,66.0,66.0,3.0,4,0,0,0,1,0,1,0,0,0,96.0,47.489815,19.136316,1,203.4,150-300 m,0,605.0,8.1,0,1,1,https://ingatlan.com/35355635,"Eladó tégla lakás - Budapest X. kerület, Harmat utca 10-12. #35355635",1102,Budapest,Harmat utca,10-12,felújított,Tégla lakás,1930.0,60+ év (háború előtti),0.0,3.0,0.0,3 szoba,22.0,1,1.0,5.0,0,gázkazán,,0,1,0,0,nincs megadva,,,,nem,16400.0,,Ingatlaniroda,,672.0,2.0,,,,,,,,1869.7,0,0,0,85.5,1,1,1,138.3,1,1,85.5,1,1,1,311.7,1,1,1,18.0,48.0,97.0,1314.9,0,0,0,316.8,1,1,1,684.8,0,1,1,81.2,1,1,1,1924.6,0,0,0,Kőbánya felső,,Szent László Gimnázium,Szent László Gimnázium,Sajó Sándor tér,villamos
35355985,elado,"Budapest X. kerület, Dombtető utca",Újhegy,68000000.0,68.0,68000.0,1360000.0,18.03501826314038,14.122995257712235,0,50.0,50.0,2.0,5,0,1,1,0,1,0,0,0,0,,47.4730923,19.1639779,0,794.8,500-1000 m,0,,,0,0,0,https://ingatlan.com/35355985,"Eladó panel lakás - Budapest X. kerület, Dombtető utca #35355985",1108,Budapest,Dombtető utca,,újszerű,Panel lakás,,Ismeretlen,0.0,2.0,0.0,2 szoba,25.0,3,3.0,10.0,0,távfűtés,,1,0,0,0,nincs megadva,,,,nem,,,Ingatlaniroda,,1972.0,2.0,,,,,,,,,0,0,0,,0,0,0,,0,0,,0,0,0,,0,0,0,,,,,0,0,0,,0,0,0,,0,0,0,,0,0,0,,0,0,0,,,,,,
35359856,elado,"Budapest X. kerület, Vörösdinka utca",Óhegy,70000000.0,70.0,70000.0,1296296.2962962964,18.064005800013632,14.07502175344936,0,54.0,57.0,2.0,3,0,0,0,0,0,0,1,0,0,,47.481899,19.1494089,0,939.2,500-1000 m,0,,,0,0,0,https://ingatlan.com/35359856,"Eladó csúsztatott zsalus - Budapest X. kerület, Vörösdinka utca #35359856",1104,Budapest,Vörösdinka utca,,nincs megadva,Csúsztatott zsalus lakás,,Ismeretlen,6.0,2.0,0.0,2 szoba,27.0,nincs megadva,,,0,nincs megadva,,0,0,0,0,nincs megadva,,,,nincs megadva,,,Ingatlaniroda,,740.0,2.0,,,,,,,,,0,0,0,,0,0,0,,0,0,,0,0,0,,0,0,0,,,,,0,0,0,,0,0,0,,0,0,0,,0,0,0,,0,0,0,,,,,,
35360486,elado,"Budapest X. kerület, Állomás utca",Kőbánya-Városközpont,55900000.0,55.9,55900.0,1118000.0,17.83907493812533,13.927051932697182,0,50.0,50.0,2.0,4,0,0,1,0,1,0,0,0,0,58.0,47.5210755,19.1483125,0,126.1,<150 m,1,,,0,0,0,https://ingatlan.com/35360486,"Eladó panel lakás - Budapest X. kerület, Állomás utca #35360486",1102,Budapest,Állomás utca,,felújított,Panel lakás,1968.0,30-60 év (panel-korszak),0.0,2.0,0.0,2 szoba,25.0,2,2.0,,0,távfűtés,,1,0,0,0,nincs megadva,,,,nincs megadva,,,Ingatlaniroda,,929.0,4.0,,,,,,,,,0,0,0,,0,0,0,,0,0,,0,0,0,,0,0,0,,,,,0,0,0,,0,0,0,,0,0,0,,0,0,0,,0,0,0,,,,,,
35360873,elado,"Budapest X. kerület, Kőbánya - Óhegyi lakótelep",Óhegy,56750000.0,56.75,56750.0,1070754.716981132,17.854166214325787,13.883874300773664,0,53.0,53.0,2.0,3,0,0,1,0,1,1,0,1,0,58.0,47.4752666,19.1504781,0,1096.5,1000-2000 m,0,,,0,0,0,https://ingatlan.com/35360873,"Eladó panel lakás - Budapest X. kerület, Kőbánya - Óhegyi lakótelep #35360873",1103,Budapest,Kőbánya - Óhegyi lakótelep,,jó állapotú,Panel lakás,1968.0,30-60 év (panel-korszak),0.0,2.0,0.0,2 szoba,26.5,földszint,0.0,10.0,0,távfűtés,,1,0,0,0,E,,,,nem,17340.0,,Ingatlaniroda,,1431.0,4.0,,,,,,,,,0,0,0,,0,0,0,,0,0,,0,0,0,,0,0,0,,,,,0,0,0,,0,0,0,,0,0,0,,0,0,0,,0,0,0,,,,,,
35361462,elado,"Budapest X. kerület, Ihász utca 3.",Óhegy,85000000.0,85.0,85000.0,1133333.3333333333,18.258161814454592,13.94067370091828,0,75.0,77.5,3.0,3,0,0,0,1,0,0,1,0,0,21.0,47.478073,19.132804,1,117.0,<150 m,1,808.9,10.8,0,0,1,https://ingatlan.com/35361462,"Eladó tégla lakás - Budapest X. kerület, Ihász utca 3. #35361462",1103,Budapest,Ihász utca,3,jó állapotú,Tégla lakás,2005.0,10-30 év (rendszerváltás utáni),5.0,3.0,0.0,3 szoba,25.0,3,3.0,4.0,0,nincs megadva,,0,0,0,0,nincs megadva,,,,nincs megadva,,,Ingatlaniroda,,738.0,2.0,,,,,,,,1663.0,0,0,0,592.5,0,1,1,173.9,1,1,592.5,0,1,1,405.6,0,1,1,5.0,36.0,94.0,700.8,0,1,1,1483.5,0,0,0,282.3,1,1,1,721.2,0,1,1,,0,0,0,Kőbánya alsó,Határ út,Kápolna utca,Kelemen utca,Névtelen zöldfelület / park,villamos
35362092,elado,"Budapest X. kerület, Kápolna utca 21.",Kőbánya-Városközpont,82500000.0,82.5,82500.0,1309523.8095238095,18.22830885130491,14.085174124913376,0,63.0,63.0,3.0,4,0,0,0,0,1,0,0,0,0,,47.481444,19.13165,1,218.9,150-300 m,0,479.4,6.4,0,1,1,https://ingatlan.com/35362092,"Eladó csúsztatott zsalus - Budapest X. kerület, Kápolna utca 21. #35362092",1102,Budapest,Kápolna utca,21,felújított,Csúsztatott zsalus lakás,,Ismeretlen,0.0,3.0,0.0,3 szoba,21.0,2,2.0,7.0,0,távfűtés,,1,0,0,0,nincs megadva,,,,nincs megadva,,,Ingatlaniroda,,1156.0,2.0,,,,,,,,2110.4,0,0,0,191.0,1,1,1,147.0,1,1,191.0,1,1,1,249.4,1,1,1,20.0,71.0,111.0,653.0,0,1,1,1107.2,0,0,1,86.0,1,1,1,354.4,1,1,1,,0,0,0,Kőbánya alsó,Határ út,Kőbánya alsó vasútállomás (Kápolna utca),Kápolna utca,Névtelen zöldfelület / park,villamos
35362975,elado,"Budapest X. kerület, Kőrösi Csoma Sándor út 41.",Kőbánya-Városközpont,59900000.0,59.9,59900.0,1089090.9090909092,17.908187063085677,13.900853877853207,0,55.0,57.0,2.0,3,0,0,0,0,1,0,1,0,0,58.0,47.489046,19.136408,1,287.6,150-300 m,0,673.1,9.0,0,1,1,https://ingatlan.com/35362975,"Eladó csúsztatott zsalus - Budapest X. kerület, Kőrösi Csoma Sándor út 41. #35362975",1102,Budapest,Kőrösi Csoma Sándor út,41,jó állapotú,Csúsztatott zsalus lakás,1968.0,30-60 év (panel-korszak),4.0,2.0,0.0,2 szoba,27.5,7,7.0,9.0,0,házközponti,,0,0,0,0,E,,,,nem,12000.0,8000.0,Ingatlaniroda,,925.0,2.0,,,,,,,,2012.4,0,0,0,120.5,1,1,1,136.5,1,1,120.5,1,1,1,395.5,0,1,1,9.0,44.0,105.0,1310.9,0,0,0,252.1,1,1,1,639.5,0,1,1,138.8,1,1,1,2067.3,0,0,0,Kőbánya felső,,Szent László Gimnázium,Szent László Gimnázium,Rottenbiller park,villamos
35364744,elado,"Budapest X. kerület, Népliget",Kőbánya egyéb,128900000.0,128.9,128900.0,1356842.105263158,18.674547467909417,14.120670576308875,0,95.0,108.5,3.0,4,0,0,0,1,1,0,1,0,0,21.0,47.4797172,19.1098947,0,515.2,500-1000 m,0,,,0,0,0,https://ingatlan.com/35364744,"Eladó tégla lakás - Budapest X. kerület, Népliget #35364744",1101,Budapest,Népliget,,felújított,Tégla lakás,2005.0,10-30 év (rendszerváltás utáni),27.0,3.0,0.0,3 szoba,31.666666666666668,4,4.0,,0,gázkazán,,0,1,0,0,C,,,,nincs megadva,,,Ingatlaniroda,,1280.0,4.0,,,,,,,,,0,0,0,,0,0,0,,0,0,,0,0,0,,0,0,0,,,,,0,0,0,,0,0,0,,0,0,0,,0,0,0,,0,0,0,,,,,,
35365071,elado,"Budapest X. kerület, Hungária körút",Laposdűlő,75000000.0,75.0,75000.0,1041666.6666666666,18.132998671500584,13.85633255248453,0,72.0,73.5,3.0,1,1,0,1,0,1,0,1,0,0,,47.5120385,19.0980307,0,121.4,<150 m,1,,,0,0,0,https://ingatlan.com/35365071,"Eladó panel lakás - Budapest X. kerület, Hungária körút #35365071",1101,Budapest,Hungária körút,,felújítandó,Panel lakás,,Ismeretlen,3.0,3.0,0.0,3 szoba,24.0,félemelet,0.5,,0,távfűtés,,1,0,0,0,nincs megadva,,,,nincs megadva,,,Ingatlaniroda,,1367.0,4.0,,,,,,,,,0,0,0,,0,0,0,,0,0,,0,0,0,,0,0,0,,,,,0,0,0,,0,0,0,,0,0,0,,0,0,0,,0,0,0,,,,,,
35365821,elado,"Budapest X. kerület, Hang utca 38.",Újhegy,45990000.0,45.99,45990.0,1210263.1578947369,17.643934539516106,14.00634837978972,0,38.0,38.0,1.0,3,0,0,1,0,0,0,0,0,0,,,,0,,,0,,,0,0,0,https://ingatlan.com/35365821,"Eladó panel lakás - Budapest X. kerület, Hang utca #35365821",1108,Budapest,Hang utca,38,nincs megadva,Panel lakás,,Ismeretlen,0.0,1.0,0.0,1 szoba,38.0,nincs megadva,,,0,nincs megadva,,0,0,0,0,nincs megadva,,,,nincs megadva,,,Ingatlaniroda,,214.0,2.0,,,,,,,,,0,0,0,,0,0,0,,0,0,,0,0,0,,0,0,0,,,,,0,0,0,,0,0,0,,0,0,0,,0,0,0,,0,0,0,,,,,,
35367619,elado,"Budapest X. kerület, Hungária körút 5-7.",Laposdűlő,82990000.0,82.99,82990.0,1152638.888888889,18.23423067657463,13.957564557558575,0,72.0,72.0,3.0,3,0,0,1,0,1,1,0,0,0,38.0,47.491796,19.109243,1,369.0,300-500 m,0,,,0,0,0,https://ingatlan.com/35367619,"Eladó panel lakás - Budapest X. kerület, Hungária körút 5-7. #35367619",1101,Budapest,Hungária körút,5-7,jó állapotú,Panel lakás,1988.0,30-60 év (panel-korszak),0.0,3.0,0.0,3 szoba,24.0,8,8.0,10.0,0,házközponti egyedi méréssel,,0,0,0,0,nincs megadva,,,,nem,35000.0,,Ingatlaniroda,,533.0,4.0,,,,,,,,1037.0,0,0,1,119.5,1,1,1,120.8,1,1,119.5,1,1,1,434.0,0,1,1,11.0,30.0,68.0,940.9,0,0,1,978.5,0,0,1,145.2,1,1,1,209.2,1,1,1,1055.5,0,0,1,,,Hidegkuti Nándor Stadion,Hidegkuti Nándor Stadion,Tbiliszi tér,villamos
35367984,elado,"Budapest X. kerület, Kőrösi Csoma Sándor út",Kőbánya-Városközpont,68900000.0,68.9,68900.0,1076562.5,18.048166735983887,13.889283652624215,0,64.0,64.0,3.0,3,0,0,1,0,1,0,0,0,1,,47.4865004,19.1327222,0,533.8,500-1000 m,0,,,0,0,0,https://ingatlan.com/35367984,"Eladó panel lakás - Budapest X. kerület, Kőrösi Csoma Sándor út #35367984",1102,Budapest,Kőrösi Csoma Sándor út,,jó állapotú,Panel lakás,,Ismeretlen,0.0,3.0,0.0,3 szoba,21.333333333333332,10,10.0,10.0,0,távfűtés,,1,0,0,0,nincs megadva,,,,nincs megadva,12000.0,,Ingatlaniroda,,795.0,4.0,,,,,,,,,0,0,0,,0,0,0,,0,0,,0,0,0,,0,0,0,,,,,0,0,0,,0,0,0,,0,0,0,,0,0,0,,0,0,0,,,,,,
35368055,elado,"Budapest X. kerület, Kőbánya - Óhegy",Óhegy,66900000.0,66.9,66900.0,1423404.255319149,18.01870952509846,14.168561923388399,0,47.0,48.0,2.0,4,0,0,0,1,0,0,1,0,1,58.0,47.4820541,19.132346,0,297.2,150-300 m,0,,,0,0,0,https://ingatlan.com/35368055,"Eladó tégla lakás - Budapest X. kerület, Kőbánya - Óhegy #35368055",1103,Budapest,Kőbánya - Óhegy,,felújított,Tégla lakás,1968.0,30-60 év (panel-korszak),2.0,2.0,0.0,2 szoba,23.5,4,4.0,4.0,0,elektromos fűtőpanel,,0,0,0,0,nincs megadva,,,,nincs megadva,,,Ingatlaniroda,,561.0,4.0,,,,,,,,,0,0,0,,0,0,0,,0,0,,0,0,0,,0,0,0,,,,,0,0,0,,0,0,0,,0,0,0,,0,0,0,,0,0,0,,,,,,
35368887,elado,"Budapest X. kerület, Laposdűlő - Pongrácz úti lakótelep",Laposdűlő,30900000.0,30.9,30900.0,858333.3333333334,17.246266741867974,13.662747803411865,0,36.0,36.0,2.0,1,1,0,0,1,0,0,0,0,0,96.0,47.4899521,19.1197096,0,97.4,<150 m,1,,,0,0,0,https://ingatlan.com/35368887,"Eladó tégla lakás - Budapest X. kerület, Laposdűlő - Pongrácz úti lakótelep #35368887",1101,Budapest,Laposdűlő - Pongrácz úti lakótelep,,felújítandó,Tégla lakás,1930.0,60+ év (háború előtti),0.0,2.0,0.0,2 szoba,18.0,4,4.0,,0,egyéb,,0,0,0,0,nincs megadva,,,,nincs megadva,,,Ingatlaniroda,,1350.0,4.0,,,,,,,,,0,0,0,,0,0,0,,0,0,,0,0,0,,0,0,0,,,,,0,0,0,,0,0,0,,0,0,0,,0,0,0,,0,0,0,,,,,,
35369143,elado,"Budapest X. kerület, Bányató utca",Újhegy,72900000.0,72.9,72900.0,1072058.8235294118,18.104599196978885,13.88509149180278,0,68.0,69.5,3.0,4,0,0,1,0,1,1,1,1,0,,47.4645943,19.1669132,0,486.4,300-500 m,0,,,0,0,0,https://ingatlan.com/35369143,"Eladó panel lakás - Budapest X. kerület, Bányató utca #35369143",1108,Budapest,Bányató utca,,felújított,Panel lakás,,Ismeretlen,3.0,3.0,0.0,3 szoba,22.666666666666668,földszint,0.0,10.0,0,távfűtés,,1,0,0,0,nincs megadva,,,,nincs megadva,25000.0,,Ingatlaniroda,,963.0,4.0,,,,,,,,,0,0,0,,0,0,0,,0,0,,0,0,0,,0,0,0,,,,,0,0,0,,0,0,0,,0,0,0,,0,0,0,,0,0,0,,,,,,
35371603,elado,"Budapest X. kerület, Kőbánya - Újhegy",Újhegy,107000000.0,107.0,107000.0,1528571.4285714286,18.48833939242618,14.239844150376822,0,70.0,77.0,4.0,4,0,0,0,0,1,1,1,0,0,5.0,47.4691191,19.1617088,0,816.1,500-1000 m,0,,,0,0,0,https://ingatlan.com/35371603,"Eladó csúsztatott zsalus - Budapest X. kerület, Kőbánya - Újhegy #35371603",1108,Budapest,Kőbánya - Újhegy,,felújított,Csúsztatott zsalus lakás,2021.0,0-10 év,14.0,4.0,0.0,4+ szoba,17.5,1,1.0,5.0,0,házközponti egyedi méréssel,,0,0,0,0,nincs megadva,,,,nincs megadva,23000.0,23000.0,Ingatlaniroda,,2298.0,4.0,,,,,,,,,0,0,0,,0,0,0,,0,0,,0,0,0,,0,0,0,,,,,0,0,0,,0,0,0,,0,0,0,,0,0,0,,0,0,0,,,,,,
35372117,elado,"Budapest X. kerület, Újhegyi út",Újhegy,69000000.0,69.0,69000.0,1380000.0,18.049617062561534,14.137594057133388,0,50.0,51.0,2.0,4,0,0,0,1,0,1,1,0,0,58.0,47.4683201,19.1692118,0,933.0,500-1000 m,0,,,0,0,0,https://ingatlan.com/35372117,"Eladó tégla lakás - Budapest X. kerület, Újhegyi út #35372117",1108,Budapest,Újhegyi út,,felújított,Tégla lakás,1968.0,30-60 év (panel-korszak),2.0,2.0,0.0,2 szoba,25.0,2,2.0,4.0,0,gázkazán,,0,1,0,0,E,,,,nincs megadva,,,Ingatlaniroda,,2392.0,4.0,,,,,,,,,0,0,0,,0,0,0,,0,0,,0,0,0,,0,0,0,,,,,0,0,0,,0,0,0,,0,0,0,,0,0,0,,0,0,0,,,,,,
35372871,elado,"Budapest X. kerület, Szállás utca",Gyárdűlő,35000000.0,35.0,35000.0,777777.7777777778,17.37085861945369,13.564196129683369,0,45.0,45.0,3.0,4,0,0,0,1,0,0,0,0,0,58.0,47.4778475,19.1261483,0,238.5,150-300 m,0,,,0,0,0,https://ingatlan.com/35372871,"Eladó tégla lakás - Budapest X. kerület, Szállás utca #35372871",1107,Budapest,Szállás utca,,felújított,Tégla lakás,1968.0,30-60 év (panel-korszak),0.0,3.0,0.0,3 szoba,15.0,szuterén,-1.0,4.0,0,elektromos fűtőpanel,,0,0,0,0,C,,,,nem,12000.0,20000.0,Ingatlaniroda,,1480.0,4.0,,,,,,,,,0,0,0,,0,0,0,,0,0,,0,0,0,,0,0,0,,,,,0,0,0,,0,0,0,,0,0,0,,0,0,0,,0,0,0,,,,,,
35372892,elado,"Budapest X. kerület, Szállás utca",Gyárdűlő,20000000.0,20.0,20000.0,1000000.0,16.811242831518264,13.815510557964274,0,20.0,20.0,1.0,4,0,0,0,1,0,0,0,0,0,58.0,47.4778475,19.1261483,0,238.5,150-300 m,0,,,0,0,0,https://ingatlan.com/35372892,"Eladó tégla lakás - Budapest X. kerület, Szállás utca #35372892",1107,Budapest,Szállás utca,,felújított,Tégla lakás,1968.0,30-60 év (panel-korszak),0.0,1.0,0.0,1 szoba,20.0,szuterén,-1.0,4.0,0,elektromos fűtőpanel,,0,0,0,0,C,,,,nem,11000.0,10000.0,Ingatlaniroda,,1479.0,4.0,,,,,,,,,0,0,0,,0,0,0,,0,0,,0,0,0,,0,0,0,,,,,0,0,0,,0,0,0,,0,0,0,,0,0,0,,0,0,0,,,,,,
35372930,elado,"Budapest X. kerület, Martinovics tér 4.",Óhegy,83900000.0,83.9,83900.0,687704.9180327869,18.245136171437434,13.441115126704178,0,122.0,126.0,3.0,1,1,0,0,1,1,0,1,0,0,96.0,47.480762,19.133538,1,307.0,300-500 m,0,629.7,8.4,0,1,1,https://ingatlan.com/35372930,"Eladó tégla lakás - Budapest X. kerület, Martinovics tér 4. #35372930",1105,Budapest,Martinovics tér,4,felújítandó,Tégla lakás,1930.0,60+ év (háború előtti),8.0,3.0,0.0,3 szoba,40.666666666666664,3,3.0,5.0,0,gázkazán,,0,1,0,0,I,,,,nincs megadva,,,Ingatlaniroda,,1045.0,4.0,,,,,,,,2080.9,0,0,0,343.2,1,1,1,190.9,1,1,343.2,1,1,1,288.5,1,1,1,14.0,73.0,115.0,497.7,0,1,1,1151.5,0,0,0,204.4,1,1,1,474.1,0,1,1,,0,0,0,Kőbánya alsó,Határ út,Kápolna utca,Ihász utca,Névtelen zöldfelület / park,villamos
35373169,elado,"Budapest X. kerület, Kőbányai út",Kőbánya-Kertváros,165000000.0,165.0,165000.0,1513761.4678899082,18.921456031864853,14.230108149635711,0,109.0,109.0,4.0,3,0,0,0,1,1,0,0,0,1,14.0,47.4839965,19.1169429,0,148.4,<150 m,1,,,0,0,0,https://ingatlan.com/35373169,"Eladó tégla lakás - Budapest X. kerület, Kőbányai út #35373169",1101,Budapest,Kőbányai út,,jó állapotú,Tégla lakás,2012.0,10-30 év (rendszerváltás utáni),0.0,4.0,0.0,4+ szoba,27.25,4,4.0,4.0,0,házközponti egyedi méréssel,,0,0,0,0,nincs megadva,,,,nincs megadva,65000.0,,Ingatlaniroda,,4560.0,4.0,,,,,,,,,0,0,0,,0,0,0,,0,0,,0,0,0,,0,0,0,,,,,0,0,0,,0,0,0,,0,0,0,,0,0,0,,0,0,0,,,,,,
35374023,elado,"Budapest X. kerület, Veszprémi utca",Óhegy,53500000.0,53.5,53500.0,1337500.0,17.795192211866237,14.106312757752299,0,40.0,41.0,2.0,3,0,0,0,1,0,1,1,0,0,,47.4830337,19.1328273,0,380.0,300-500 m,0,,,0,0,0,https://ingatlan.com/35374023,"Eladó tégla lakás - Budapest X. kerület, Veszprémi utca #35374023",1105,Budapest,Veszprémi utca,,jó állapotú,Tégla lakás,,Ismeretlen,2.0,2.0,0.0,2 szoba,20.0,1,1.0,2.0,0,"gáz (konvektor), hűtő-fűtő klíma",,0,1,0,0,B,,,,nem,14000.0,16000.0,Ingatlaniroda,,612.0,2.0,,,,,,,,,0,0,0,,0,0,0,,0,0,,0,0,0,,0,0,0,,,,,0,0,0,,0,0,0,,0,0,0,,0,0,0,,0,0,0,,,,,,
35374077,elado,"Budapest X. kerület, Gyárdűlő",Gyárdűlő,29990000.0,29.99,29990.0,833055.5555555555,17.21637455072519,13.632855612269081,0,36.0,46.0,1.0,1,1,0,0,1,0,0,1,1,0,58.0,47.4754656,19.1221648,0,155.8,150-300 m,0,,,0,0,0,https://ingatlan.com/35374077,"Eladó tégla lakás - Budapest X. kerület, Gyárdűlő #35374077",1107,Budapest,Gyárdűlő,,felújítandó,Tégla lakás,1968.0,30-60 év (panel-korszak),20.0,1.0,0.0,1 szoba,36.0,földszint,0.0,2.0,0,"elektromos fűtőpanel, gáz (konvektor)",,0,1,0,0,nincs megadva,,,,igen,,,Ingatlaniroda,,940.0,4.0,,,,,,,,,0,0,0,,0,0,0,,0,0,,0,0,0,,0,0,0,,,,,0,0,0,,0,0,0,,0,0,0,,0,0,0,,0,0,0,,,,,,
35374278,elado,"Budapest X. kerület, Zágrábi utca",Gyárdűlő,44000000.0,44.0,44000.0,1128205.1282051282,17.599700191882537,13.93613854575289,0,39.0,39.0,2.0,1,1,0,0,1,0,0,0,1,0,58.0,47.4705069,19.1166904,0,548.2,500-1000 m,0,,,0,0,0,https://ingatlan.com/35374278,"Eladó tégla lakás - Budapest X. kerület, Zágrábi utca #35374278",1107,Budapest,Zágrábi utca,,felújítandó,Tégla lakás,1968.0,30-60 év (panel-korszak),0.0,2.0,0.0,2 szoba,19.5,földszint,0.0,,0,gáz (konvektor),,0,1,0,0,nincs megadva,,,,nincs megadva,,,Ingatlaniroda,,1020.0,4.0,,,,,,,,,0,0,0,,0,0,0,,0,0,,0,0,0,,0,0,0,,,,,0,0,0,,0,0,0,,0,0,0,,0,0,0,,0,0,0,,,,,,
35375210,elado,"Budapest X. kerület, Gyakorló köz",Felsőrákos,82900000.0,82.9,82900.0,1167605.633802817,18.233145620105525,13.970465743064208,0,71.0,73.0,3.0,3,0,0,1,0,1,0,1,0,0,38.0,47.5024404,19.1420305,0,171.6,150-300 m,0,,,0,0,0,https://ingatlan.com/35375210,"Eladó panel lakás - Budapest X. kerület, Gyakorló köz #35375210",1106,Budapest,Gyakorló köz,,jó állapotú,Panel lakás,1988.0,30-60 év (panel-korszak),4.0,3.0,0.0,3 szoba,23.666666666666668,6,6.0,,0,távfűtés egyedi méréssel,,1,0,0,0,C,,,,nincs megadva,,,Ingatlaniroda,,922.0,4.0,,,,,,,,,0,0,0,,0,0,0,,0,0,,0,0,0,,0,0,0,,,,,0,0,0,,0,0,0,,0,0,0,,0,0,0,,0,0,0,,,,,,
35375264,elado,"Budapest X. kerület, Kőbánya - Újhegyi lakótelep",Újhegy,45900000.0,45.9,45900.0,1207894.7368421052,17.641975675030775,14.004389515304387,0,38.0,38.0,1.0,3,0,0,1,0,1,0,0,0,1,,,,0,,,0,,,0,0,0,https://ingatlan.com/35375264,"Eladó panel lakás - Budapest X. kerület, Kőbánya - Újhegyi lakótelep #35375264",1108,Budapest,Kőbánya - Újhegyi lakótelep,,jó állapotú,Panel lakás,,Ismeretlen,0.0,1.0,0.0,1 szoba,38.0,10,10.0,10.0,0,távfűtés,,1,0,0,0,nincs megadva,,,,nincs megadva,12000.0,,Ingatlaniroda,,1149.0,4.0,,,,,,,,,0,0,0,,0,0,0,,0,0,,0,0,0,,0,0,0,,,,,0,0,0,,0,0,0,,0,0,0,,0,0,0,,0,0,0,,,,,,
35375292,elado,"Budapest X. kerület, Kozma utca",Kőbánya-Kertváros,59900000.0,59.9,59900.0,1274468.085106383,17.908187063085677,14.05803946137562,0,47.0,49.0,2.0,4,0,0,0,1,0,0,1,0,0,96.0,47.4684859,19.1785879,0,1235.0,1000-2000 m,0,,,0,0,0,https://ingatlan.com/35375292,"Eladó tégla lakás - Budapest X. kerület, Kozma utca #35375292",1108,Budapest,Kozma utca,,felújított,Tégla lakás,1930.0,60+ év (háború előtti),4.0,2.0,0.0,2 szoba,23.5,2,2.0,,0,gáz (konvektor),,0,1,0,0,nincs megadva,,,,nincs megadva,,,Ingatlaniroda,,1753.0,4.0,,,,,,,,,0,0,0,,0,0,0,,0,0,,0,0,0,,0,0,0,,,,,0,0,0,,0,0,0,,0,0,0,,0,0,0,,0,0,0,,,,,,
35376864,elado,"Budapest X. kerület, Kőrösi Csoma sétány",Kőbánya-Városközpont,86995000.0,86.995,86995.0,1023470.5882352941,18.281361203702954,13.838709947212637,0,85.0,85.0,3.0,4,0,0,0,1,0,0,0,0,0,,47.4850651,19.1310368,0,363.1,300-500 m,0,,,0,0,0,https://ingatlan.com/35376864,"Eladó tégla lakás - Budapest X. kerület, Kőrösi Csoma sétány #35376864",1102,Budapest,Kőrösi Csoma sétány,,felújított,Tégla lakás,,Ismeretlen,0.0,3.0,0.0,3 szoba,28.333333333333332,2,2.0,4.0,0,távfűtés,,1,0,0,0,nincs megadva,,,,nem,,,Ingatlaniroda,,513.0,2.0,,,,,,,,,0,0,0,,0,0,0,,0,0,,0,0,0,,0,0,0,,,,,0,0,0,,0,0,0,,0,0,0,,0,0,0,,0,0,0,,,,,,
35377251,elado,"Budapest X. kerület, Cserkesz utca 31.",Óhegy,59900000.0,59.9,59900.0,1497500.0,17.908187063085677,14.219307608971741,0,40.0,41.0,2.0,3,0,0,0,1,0,0,1,0,0,21.0,47.478118,19.133892,1,192.7,150-300 m,0,863.7,11.5,0,0,1,https://ingatlan.com/35377251,"Eladó tégla lakás - Budapest X. kerület, Cserkesz utca 31. #35377251",1105,Budapest,Cserkesz utca,31,jó állapotú,Tégla lakás,2005.0,10-30 év (rendszerváltás utáni),2.0,2.0,0.0,2 szoba,20.0,2,2.0,4.0,0,házközponti egyedi méréssel,,0,0,0,0,B,,,,nincs megadva,8449.0,,Ingatlaniroda,,2045.0,4.0,,,,,,,,1715.7,0,0,0,601.6,0,1,1,284.7,1,1,601.6,0,1,1,392.6,0,1,1,5.0,39.0,93.0,687.8,0,1,1,1492.6,0,0,0,286.4,1,1,1,570.4,0,1,1,,0,0,0,Kőbánya alsó,Határ út,Kápolna utca,Ihász utca,Névtelen zöldfelület / park,villamos
35377466,elado,"Budapest X. kerület, Üllői út",Gyárdűlő,81990000.0,81.99,81990.0,999878.0487804879,18.22210784657236,13.815388599308108,0,82.0,82.0,3.0,3,0,0,0,1,0,0,0,0,0,,47.4789502,19.0894289,0,1067.5,1000-2000 m,0,,,0,0,0,https://ingatlan.com/35377466,"Eladó tégla lakás - Budapest X. kerület, Üllői út #35377466",1101,Budapest,Üllői út,,jó állapotú,Tégla lakás,,Ismeretlen,0.0,3.0,0.0,3 szoba,27.333333333333332,1,1.0,3.0,0,gáz (konvektor),,0,1,0,0,nincs megadva,,,,nincs megadva,23000.0,,Ingatlaniroda,,1759.0,4.0,,,,,,,,,0,0,0,,0,0,0,,0,0,,0,0,0,,0,0,0,,,,,0,0,0,,0,0,0,,0,0,0,,0,0,0,,0,0,0,,,,,,
35378785,elado,"Budapest X. kerület, Kőrösi Csoma Sándor út 6.",Kőbánya-Városközpont,76900000.0,76.9,76900.0,1450943.3962264152,18.158016434475872,14.187724520923751,0,53.0,54.0,2.0,3,0,0,0,1,1,1,1,0,0,21.0,47.482987,19.129957,1,185.8,150-300 m,0,314.3,4.2,1,1,1,https://ingatlan.com/35378785,"Eladó tégla lakás - Budapest X. kerület, Kőrösi Csoma Sándor út 6. #35378785",1102,Budapest,Kőrösi Csoma Sándor út,6,jó állapotú,Tégla lakás,2005.0,10-30 év (rendszerváltás utáni),2.0,2.0,0.0,2 szoba,26.5,8,8.0,9.0,0,"gázkazán, hűtő-fűtő klíma",,0,1,0,0,B,,,,nem,18000.0,,Ingatlaniroda,,1095.0,4.0,,,,,,,,2117.1,0,0,0,121.3,1,1,1,35.9,1,1,121.3,1,1,1,156.9,1,1,1,42.0,76.0,121.0,739.2,0,1,1,941.5,0,0,1,166.7,1,1,1,49.2,1,1,1,,0,0,0,Kőbánya alsó,,Kápolna utca,Liget tér,Liget téri park,villamos
35379452,elado,"Budapest X. kerület, Liget utca",Ligettelek,68400000.0,68.4,68400.0,1159322.0338983051,18.040883382592778,13.963345938687059,0,59.0,59.0,2.0,3,0,0,0,1,0,0,0,1,0,58.0,47.4890878,19.1331022,0,246.8,150-300 m,0,,,0,0,0,https://ingatlan.com/35379452,"Eladó tégla lakás - Budapest X. kerület, Liget utca #35379452",1102,Budapest,Liget utca,,jó állapotú,Tégla lakás,1968.0,30-60 év (panel-korszak),0.0,2.0,0.0,2 szoba,29.5,földszint,0.0,,0,gázkazán,,0,1,0,0,E,,,,nincs megadva,21000.0,,Ingatlaniroda,,840.0,4.0,,,,,,,,,0,0,0,,0,0,0,,0,0,,0,0,0,,0,0,0,,,,,0,0,0,,0,0,0,,0,0,0,,0,0,0,,0,0,0,,,,,,
35381597,elado,"Budapest X. kerület, Bánya utca",Kőbánya-Városközpont,129900000.0,129.9,129900.0,1110256.4102564103,18.68227548164083,13.920101546843071,0,117.0,134.5,5.0,5,0,1,0,1,1,1,1,1,0,8.0,47.4145963,19.0688773,0,2587.9,>2000 m (referencia),0,,,0,0,0,https://ingatlan.com/35381597,"Eladó tégla lakás - Budapest X. kerület, Bánya utca #35381597",1102,Budapest,Bánya utca,,újszerű,Tégla lakás,2018.0,0-10 év,35.0,5.0,0.0,4+ szoba,23.4,földszint,0.0,6.0,0,házközponti,,0,0,0,0,nincs megadva,,,,igen,,,Ingatlaniroda,,2363.0,4.0,,,,,,,,,0,0,0,,0,0,0,,0,0,,0,0,0,,0,0,0,,,,,0,0,0,,0,0,0,,0,0,0,,0,0,0,,0,0,0,,,,,,
35382764,elado,"Budapest X. kerület, Gyárdűlő",Gyárdűlő,53900000.0,53.9,53900.0,1858620.6896551724,17.802641035879226,14.435345205892752,0,29.0,29.0,2.0,3,0,0,0,1,0,1,0,0,0,58.0,47.4754656,19.1221648,0,155.8,150-300 m,0,,,0,0,0,https://ingatlan.com/35382764,"Eladó tégla lakás - Budapest X. kerület, Gyárdűlő #35382764",1107,Budapest,Gyárdűlő,,jó állapotú,Tégla lakás,1968.0,30-60 év (panel-korszak),0.0,2.0,0.0,2 szoba,14.5,2,2.0,,0,gáz (konvektor),,0,1,0,0,nincs megadva,,,,nincs megadva,,,Ingatlaniroda,,1322.0,4.0,,,,,,,,,0,0,0,,0,0,0,,0,0,,0,0,0,,0,0,0,,,,,0,0,0,,0,0,0,,0,0,0,,0,0,0,,0,0,0,,,,,,
35383788,elado,"Budapest X. kerület, Cserkesz utca",Óhegy,65990000.0,65.99,65990.0,1047460.3174603175,18.005013773359604,13.861879046968072,0,63.0,67.0,3.0,4,0,0,0,0,1,1,1,0,0,,47.4804126,19.1314452,0,150.6,150-300 m,0,,,0,0,0,https://ingatlan.com/35383788,"Eladó csúsztatott zsalus - Budapest X. kerület, Cserkesz utca #35383788",1105,Budapest,Cserkesz utca,,felújított,Csúsztatott zsalus lakás,,Ismeretlen,8.0,3.0,0.0,3 szoba,21.0,félemelet,0.5,8.0,0,távfűtés,,1,0,0,0,nincs megadva,,,,nincs megadva,22600.0,,Ingatlaniroda,,1696.0,4.0,,,,,,,,,0,0,0,,0,0,0,,0,0,,0,0,0,,0,0,0,,,,,0,0,0,,0,0,0,,0,0,0,,0,0,0,,0,0,0,,,,,,
35384023,elado,"Budapest X. kerület, Kőbánya - Újhegyi lakótelep",Újhegy,55900000.0,55.9,55900.0,1118000.0,17.83907493812533,13.927051932697182,0,50.0,51.5,2.0,2,1,0,1,0,1,0,1,0,0,38.0,,,0,,,0,,,0,0,0,https://ingatlan.com/35384023,"Eladó panel lakás - Budapest X. kerület, Kőbánya - Újhegyi lakótelep #35384023",1108,Budapest,Kőbánya - Újhegyi lakótelep,,közepes állapotú,Panel lakás,1988.0,30-60 év (panel-korszak),3.0,2.0,0.0,2 szoba,25.0,1,1.0,10.0,0,távfűtés,,1,0,0,0,nincs megadva,,,,nincs megadva,14000.0,,Ingatlaniroda,,1951.0,4.0,,,,,,,,,0,0,0,,0,0,0,,0,0,,0,0,0,,0,0,0,,,,,0,0,0,,0,0,0,,0,0,0,,0,0,0,,0,0,0,,,,,,
35384085,elado,"Budapest X. kerület, Balkán utca 14.",Gyárdűlő,59900000.0,59.9,59900.0,966129.0322580645,17.908187063085677,13.781052678040586,0,62.0,62.0,3.0,1,1,0,1,0,1,1,0,1,0,38.0,47.472851,19.116779,1,352.1,300-500 m,0,1570.4,20.9,0,0,0,https://ingatlan.com/35384085,"Eladó panel lakás - Budapest X. kerület, Balkán utca 14. #35384085",1107,Budapest,Balkán utca,14,felújítandó,Panel lakás,1988.0,30-60 év (panel-korszak),0.0,3.0,0.0,3 szoba,20.666666666666668,földszint,0.0,10.0,0,távfűtés egyedi méréssel,,1,0,0,0,D,,,,nincs megadva,16135.0,25000.0,Ingatlaniroda,,1633.0,4.0,,,,,,,,591.3,0,1,1,163.5,1,1,1,522.9,0,1,163.5,1,1,1,349.9,1,1,1,4.0,37.0,84.0,1211.2,0,0,0,749.3,0,1,1,329.6,1,1,1,200.7,1,1,1,972.7,0,0,1,Kőbánya alsó,,Balkán utca,Fertő utca / Bihari utca,Kékvirág park,villamos
35384893,elado,"Budapest X. kerület, Gyárdűlő",Gyárdűlő,134990000.0,134.99,134990.0,1569651.1627906978,18.72071125958501,14.266363963331502,0,86.0,90.5,4.0,5,0,1,0,1,1,1,1,0,0,7.0,47.4754656,19.1221648,0,155.8,150-300 m,0,,,0,0,0,https://ingatlan.com/35384893,"Eladó tégla lakás - Budapest X. kerület, Gyárdűlő #35384893",1107,Budapest,Gyárdűlő,,újszerű,Tégla lakás,2019.0,0-10 év,9.0,4.0,0.0,4+ szoba,21.5,4,4.0,,0,házközponti egyedi méréssel,,0,0,0,0,A,,,,nincs megadva,33000.0,,Ingatlaniroda,,2727.0,4.0,,,,,,,,,0,0,0,,0,0,0,,0,0,,0,0,0,,0,0,0,,,,,0,0,0,,0,0,0,,0,0,0,,0,0,0,,0,0,0,,,,,,
35384910,elado,"Budapest X. kerület, Csilla utca",Laposdűlő,53500000.0,53.5,53500.0,1486111.111111111,17.795192211866237,14.211673273410124,0,36.0,36.0,1.0,4,0,0,0,1,0,0,0,0,1,,47.4898279,19.1195837,0,86.4,<150 m,1,,,0,0,0,https://ingatlan.com/35384910,"Eladó tégla lakás - Budapest X. kerület, Csilla utca #35384910",1101,Budapest,Csilla utca,,felújított,Tégla lakás,,Ismeretlen,0.0,1.0,0.0,1 szoba,36.0,4,4.0,4.0,0,gáz (konvektor),,0,1,0,0,nincs megadva,,,,nem,,,Magánszemély,,1219.0,4.0,,,,,,,,,0,0,0,,0,0,0,,0,0,,0,0,0,,0,0,0,,,,,0,0,0,,0,0,0,,0,0,0,,0,0,0,,0,0,0,,,,,,
35385744,elado,"Budapest X. kerület, Maláta köz",Óhegy,125000000.0,125.0,125000.0,1506024.096385542,18.643824295266576,14.224983687469978,0,83.0,119.0,4.0,3,0,0,0,1,1,1,1,0,0,21.0,47.4904587,19.139691,0,195.8,150-300 m,0,,,0,0,0,https://ingatlan.com/35385744,"Eladó tégla lakás - Budapest X. kerület, Maláta köz #35385744",1105,Budapest,Maláta köz,,jó állapotú,Tégla lakás,2005.0,10-30 év (rendszerváltás utáni),72.0,4.0,0.0,4+ szoba,20.75,5,5.0,6.0,0,"házközponti egyedi méréssel, hűtő-fűtő klíma",,0,0,0,0,C,,,,nincs megadva,,,Ingatlaniroda,,1849.0,4.0,,,,,,,,,0,0,0,,0,0,0,,0,0,,0,0,0,,0,0,0,,,,,0,0,0,,0,0,0,,0,0,0,,0,0,0,,0,0,0,,,,,,
35386321,elado,"Budapest X. kerület, Gergely utca 72.",Óhegy,63000000.0,63.0,63000.0,875000.0,17.958645284355807,13.681979165339751,0,72.0,72.0,3.0,3,0,0,0,1,0,0,0,0,0,58.0,,,0,,,0,,,0,0,0,https://ingatlan.com/35386321,"Eladó tégla lakás - Budapest X. kerület, Gergely utca #35386321",1103,Budapest,Gergely utca,72,jó állapotú,Tégla lakás,1968.0,30-60 év (panel-korszak),0.0,3.0,0.0,3 szoba,24.0,3,3.0,4.0,0,"kályha, elektromos fűtőpanel",,0,0,0,0,nincs megadva,,,,igen,18600.0,25000.0,Ingatlaniroda,,877.0,4.0,,,,,,,,,0,0,0,,0,0,0,,0,0,,0,0,0,,0,0,0,,,,,0,0,0,,0,0,0,,0,0,0,,0,0,0,,0,0,0,,,,,,
35386592,elado,"Budapest X. kerület, Kőbánya-Városközpont",Kőbánya-Városközpont,74000000.0,74.0,74000.0,1174603.1746031747,18.119575651168443,13.976440924776911,0,63.0,65.5,2.0,3,0,0,0,1,1,1,1,0,0,21.0,47.482503,19.1307351,0,213.3,150-300 m,0,,,0,0,0,https://ingatlan.com/35386592,"Eladó tégla lakás - Budapest X. kerület, Kőbánya-Városközpont #35386592",1105,Budapest,Kőbánya-Városközpont,,jó állapotú,Tégla lakás,2005.0,10-30 év (rendszerváltás utáni),5.0,2.0,0.0,2 szoba,31.5,3,3.0,7.0,0,"gázkazán, hűtő-fűtő klíma",,0,1,0,0,nincs megadva,,,,nincs megadva,,,Ingatlaniroda,,1172.0,4.0,,,,,,,,,0,0,0,,0,0,0,,0,0,,0,0,0,,0,0,0,,,,,0,0,0,,0,0,0,,0,0,0,,0,0,0,,0,0,0,,,,,,
35386611,elado,"Budapest X. kerület, Állomás utca",Kőbánya-Városközpont,92900000.0,92.9,92900.0,1043820.2247191011,18.347034203784066,13.858397834051926,0,89.0,91.5,3.0,5,0,1,0,1,0,1,1,0,1,96.0,47.5210755,19.1483125,0,126.1,<150 m,1,,,0,0,0,https://ingatlan.com/35386611,"Eladó tégla lakás - Budapest X. kerület, Állomás utca #35386611",1102,Budapest,Állomás utca,,újszerű,Tégla lakás,1930.0,60+ év (háború előtti),5.0,3.0,0.0,3 szoba,29.666666666666668,3,3.0,3.0,0,"gázkazán, hűtő-fűtő klíma",,0,1,0,0,nincs megadva,,,,nem,,,Ingatlaniroda,,2251.0,4.0,,,,,,,,,0,0,0,,0,0,0,,0,0,,0,0,0,,0,0,0,,,,,0,0,0,,0,0,0,,0,0,0,,0,0,0,,0,0,0,,,,,,
35386899,elado,"Budapest X. kerület, Kőbánya - Újhegyi lakótelep",Újhegy,75900000.0,75.9,75900.0,1116176.4705882352,18.14492724236586,13.925419537189752,0,68.0,69.5,3.0,4,0,0,1,0,1,1,1,1,0,58.0,,,0,,,0,,,0,0,0,https://ingatlan.com/35386899,"Eladó panel lakás - Budapest X. kerület, Kőbánya - Újhegyi lakótelep #35386899",1108,Budapest,Kőbánya - Újhegyi lakótelep,,felújított,Panel lakás,1968.0,30-60 év (panel-korszak),3.0,3.0,0.0,3 szoba,22.666666666666668,földszint,0.0,10.0,0,távfűtés,,1,0,0,0,E,,,,nem,18000.0,60000.0,Ingatlaniroda,,1976.0,4.0,,,,,,,,,0,0,0,,0,0,0,,0,0,,0,0,0,,0,0,0,,,,,0,0,0,,0,0,0,,0,0,0,,0,0,0,,0,0,0,,,,,,
35387061,elado,"Budapest X. kerület, Gőzmozdony utca 10.",Újhegy,67900000.0,67.9,67900.0,998529.4117647059,18.033546592528925,13.814038887352817,0,68.0,68.0,3.0,3,0,0,1,0,1,1,0,0,1,38.0,,,0,,,0,,,0,0,0,https://ingatlan.com/35387061,"Eladó panel lakás - Budapest X. kerület, Gőzmozdony utca #35387061",1108,Budapest,Gőzmozdony utca,10,jó állapotú,Panel lakás,1988.0,30-60 év (panel-korszak),0.0,3.0,0.0,3 szoba,22.666666666666668,10,10.0,10.0,0,távfűtés,,1,0,0,0,E,,,,nem,23.0,30000.0,Ingatlaniroda,,886.0,4.0,,,,,,,,,0,0,0,,0,0,0,,0,0,,0,0,0,,0,0,0,,,,,0,0,0,,0,0,0,,0,0,0,,0,0,0,,0,0,0,,,,,,
35387846,elado,"Budapest X. kerület, Harmat utca 73.",Óhegy,65000000.0,65.0,65000.0,1140350.8771929825,17.98989782785991,13.946846560025362,0,57.0,59.0,2.0,2,1,0,0,0,0,1,1,0,0,58.0,47.479751,19.149869,1,972.7,500-1000 m,0,2059.4,27.5,0,0,0,https://ingatlan.com/35387846,"Eladó csúsztatott zsalus - Budapest X. kerület, Harmat utca 73. #35387846",1104,Budapest,Harmat utca,73,közepes állapotú,Csúsztatott zsalus lakás,1968.0,30-60 év (panel-korszak),4.0,2.0,0.0,2 szoba,28.5,1,1.0,4.0,0,"egyéb, gáz (konvektor), elektromos fűtőpanel",,0,1,0,0,nincs megadva,,,,nem,17.0,,Ingatlaniroda,,465.0,2.0,,,,,,,,,0,0,0,858.1,0,0,1,192.3,1,1,858.1,0,0,1,393.1,0,1,1,3.0,18.0,47.0,1352.2,0,0,0,1604.5,0,0,0,327.3,1,1,1,463.2,0,1,1,1228.6,0,0,0,Kőbánya alsó,,Kocka utca,Vörösdinka utca,Szabadidőpark,villamos
35388156,elado,"Budapest X. kerület, Székfűvirág utca",Óhegy,76000000.0,76.0,76000.0,1206349.2063492064,18.146243898250606,14.003109171859073,0,63.0,63.0,3.0,3,0,0,1,0,0,0,0,0,0,,47.4742722,19.1498024,0,1007.4,1000-2000 m,0,,,0,0,0,https://ingatlan.com/35388156,"Eladó panel lakás - Budapest X. kerület, Székfűvirág utca #35388156",1103,Budapest,Székfűvirág utca,,nincs megadva,Panel lakás,,Ismeretlen,0.0,3.0,0.0,3 szoba,21.0,nincs megadva,,,0,nincs megadva,,0,0,0,0,nincs megadva,,,,nincs megadva,,,Ingatlaniroda,,880.0,2.0,,,,,,,,,0,0,0,,0,0,0,,0,0,,0,0,0,,0,0,0,,,,,0,0,0,,0,0,0,,0,0,0,,0,0,0,,0,0,0,,,,,,
35388964,elado,"Budapest X. kerület, Kada utca",Óhegy,64900000.0,64.9,64900.0,1158928.5714285714,17.988358181674318,13.963006490939168,0,56.0,60.0,3.0,3,0,0,0,1,0,1,1,0,1,38.0,47.4725364,19.1432199,0,536.5,500-1000 m,0,,,0,0,0,https://ingatlan.com/35388964,"Eladó tégla lakás - Budapest X. kerület, Kada utca #35388964",1106,Budapest,Kada utca,,jó állapotú,Tégla lakás,1988.0,30-60 év (panel-korszak),8.0,3.0,0.0,3 szoba,18.666666666666668,2,2.0,2.0,0,"gázkazán, hűtő-fűtő klíma",,0,1,0,0,E,,,,nem,31000.0,18000.0,Ingatlaniroda,,2397.0,4.0,,,,,,,,,0,0,0,,0,0,0,,0,0,,0,0,0,,0,0,0,,,,,0,0,0,,0,0,0,,0,0,0,,0,0,0,,0,0,0,,,,,,
35392199,elado,"Budapest X. kerület, Gyógyszergyári utca",Felsőrákos,135000000.0,135.0,135000.0,1607142.857142857,18.720785336402702,14.289968537559389,0,84.0,95.0,4.0,3,0,0,0,0,1,1,1,0,1,0.0,47.4994212,19.1493566,0,351.7,300-500 m,0,,,0,0,0,https://ingatlan.com/35392199,"Eladó csúsztatott zsalus - Budapest X. kerület, Gyógyszergyári utca #35392199",1106,Budapest,Gyógyszergyári utca,,nincs megadva,Csúsztatott zsalus lakás,2026.0,Új építésű (2025+),22.0,4.0,0.0,4+ szoba,21.0,5,5.0,5.0,0,"hűtő-fűtő klíma, távfűtés egyedi méréssel",,1,0,0,0,A++,,,,nem,,,Ingatlaniroda,,958.0,4.0,,,,,,,,,0,0,0,,0,0,0,,0,0,,0,0,0,,0,0,0,,,,,0,0,0,,0,0,0,,0,0,0,,0,0,0,,0,0,0,,,,,,
35392531,elado,"Budapest X. kerület, Dombtető utca",Óhegy,63900000.0,63.9,63900.0,939705.8823529412,17.972829919347763,13.753322214171657,0,68.0,68.0,3.0,3,0,0,0,1,0,0,0,0,0,,47.4730923,19.1639779,0,794.8,500-1000 m,0,,,0,0,0,https://ingatlan.com/35392531,Egy pillanat...,1104,Budapest,Dombtető utca,,,Tégla lakás,,Ismeretlen,0.0,3.0,0.0,3 szoba,22.666666666666668,,,,0,,,0,0,0,0,,,,,,,,Ingatlaniroda,,0.0,0.0,,,,,,,,,0,0,0,,0,0,0,,0,0,,0,0,0,,0,0,0,,,,,0,0,0,,0,0,0,,0,0,0,,0,0,0,,0,0,0,,,,,,
35393410,elado,"Budapest X. kerület, Oltó utca",Újhegy,56900000.0,56.9,56900.0,1138000.0,17.85680589909656,13.944782893668414,0,50.0,52.0,2.0,1,1,0,1,0,1,1,1,0,1,,47.4691634,19.1592716,0,756.6,500-1000 m,0,,,0,0,0,https://ingatlan.com/35393410,"Eladó panel lakás - Budapest X. kerület, Oltó utca #35393410",1108,Budapest,Oltó utca,,felújítandó,Panel lakás,,Ismeretlen,4.0,2.0,0.0,2 szoba,25.0,10,10.0,10.0,0,távfűtés,,1,0,0,0,F,,,,nincs megadva,17000.0,30000.0,Ingatlaniroda,,405.0,2.0,,,,,,,,,0,0,0,,0,0,0,,0,0,,0,0,0,,0,0,0,,,,,0,0,0,,0,0,0,,0,0,0,,0,0,0,,0,0,0,,,,,,
35393664,elado,"Budapest X. kerület, Cserkesz utca 19.",Kőbánya-Városközpont,118000000.0,118.0,118000.0,1191919.191919192,18.58619518242994,13.991075332295349,0,99.0,102.0,4.0,6,0,1,0,1,0,1,1,0,0,0.0,47.481559,19.130438,1,145.0,<150 m,1,388.4,5.2,0,1,1,https://ingatlan.com/35393664,"Eladó tégla lakás - Budapest X. kerület, Cserkesz utca 19. #35393664",1105,Budapest,Cserkesz utca,19,új építésű,Tégla lakás,2025.0,Új építésű (2025+),6.0,4.0,0.0,4+ szoba,24.75,2,2.0,3.0,0,"hőszivattyú, mennyezeti hűtés-fűtés",,0,0,1,0,A+,,,,igen,,40000.0,Ingatlaniroda,,1382.0,4.0,,,,,,,,2119.9,0,0,0,126.3,1,1,1,126.8,1,1,126.3,1,1,1,199.9,1,1,1,27.0,73.0,120.0,778.1,0,0,1,1017.3,0,0,1,203.6,1,1,1,264.5,1,1,1,,0,0,0,Kőbánya alsó,Határ út,Kápolna utca,Kápolna utca,Liget téri park,villamos
35393891,elado,"Budapest X. kerület, Kápolna utca 3.",Kőbánya-Városközpont,59000000.0,59.0,59000.0,936507.9365079365,17.893048001869992,13.74991327547846,0,63.0,63.0,3.0,3,0,0,1,0,1,1,0,0,0,38.0,47.481995,19.129461,1,102.3,<150 m,1,273.1,3.6,1,1,1,https://ingatlan.com/35393891,"Eladó panel lakás - Budapest X. kerület, Kápolna utca 3. #35393891",1102,Budapest,Kápolna utca,3,jó állapotú,Panel lakás,1988.0,30-60 év (panel-korszak),0.0,3.0,0.0,3 szoba,21.0,5,5.0,9.0,0,távfűtés,,1,0,0,0,nincs megadva,,,,nincs megadva,,,Ingatlaniroda,,95.0,4.0,,,,,,,,2007.9,0,0,0,126.1,1,1,1,52.4,1,1,126.1,1,1,1,234.1,1,1,1,44.0,83.0,115.0,691.7,0,1,1,1041.0,0,0,1,210.5,1,1,1,273.2,1,1,1,,0,0,0,Kőbánya alsó,,Kőbánya alsó vasútállomás,Kőbánya alsó vasútállomás,Liget téri park,villamos
35394021,elado,"Budapest X. kerület, Hölgy utca",Ligettelek,95900000.0,95.9,95900.0,1077528.0898876404,18.378816539853666,13.890180170121527,0,89.0,91.0,3.0,3,0,0,0,1,0,1,1,0,0,58.0,47.4880751,19.1253724,0,122.1,<150 m,1,,,0,0,0,https://ingatlan.com/35394021,"Eladó tégla lakás - Budapest X. kerület, Hölgy utca #35394021",1102,Budapest,Hölgy utca,,jó állapotú,Tégla lakás,1968.0,30-60 év (panel-korszak),4.0,3.0,0.0,3 szoba,29.666666666666668,3,3.0,,0,gázkazán,,0,1,0,0,nincs megadva,,,,nincs megadva,,,Ingatlaniroda,,1215.0,4.0,,,,,,,,,0,0,0,,0,0,0,,0,0,,0,0,0,,0,0,0,,,,,0,0,0,,0,0,0,,0,0,0,,0,0,0,,0,0,0,,,,,,
35394550,elado,"Budapest X. kerület, Állomás utca 25.",Kőbánya-Városközpont,50000000.0,50.0,50000.0,1219512.1951219512,17.72753356339242,14.013961496688113,0,41.0,42.0,2.0,3,0,0,1,0,1,1,1,0,0,38.0,47.48541,19.13018,1,325.0,300-500 m,0,517.9,6.9,0,1,1,https://ingatlan.com/35394550,"Eladó panel lakás - Budapest X. kerület, Állomás utca 25. #35394550",1102,Budapest,Állomás utca,25,jó állapotú,Panel lakás,1988.0,30-60 év (panel-korszak),2.0,2.0,0.0,2 szoba,20.5,6,6.0,10.0,0,"távfűtés, hűtő-fűtő klíma",,1,0,0,0,nincs megadva,,,,nincs megadva,16000.0,21000.0,Ingatlaniroda,,907.0,2.0,,,,,,,,,0,0,0,249.7,1,1,1,106.5,1,1,249.7,1,1,1,282.1,1,1,1,15.0,66.0,118.0,1006.2,0,0,1,703.7,0,1,1,24.2,1,1,1,281.6,1,1,1,,0,0,0,Kőbánya alsó,,Szent László tér,Szent László tér,Névtelen zöldfelület / park,villamos
35396328,elado,"Budapest X. kerület, Kőrösi Csoma Sándor út",Kőbánya-Városközpont,69900000.0,69.9,69900.0,1092187.5,18.06257620720404,13.903693123844366,0,64.0,64.0,3.0,2,1,0,1,0,1,1,0,0,0,58.0,47.4865004,19.1327222,0,533.8,500-1000 m,0,,,0,0,0,https://ingatlan.com/35396328,"Eladó panel lakás - Budapest X. kerület, Kőrösi Csoma Sándor út #35396328",1102,Budapest,Kőrösi Csoma Sándor út,,közepes állapotú,Panel lakás,1968.0,30-60 év (panel-korszak),0.0,3.0,0.0,3 szoba,21.333333333333332,4,4.0,,0,távfűtés,,1,0,0,0,nincs megadva,,,,nem,,,Ingatlaniroda,,1305.0,4.0,,,,,,,,,0,0,0,,0,0,0,,0,0,,0,0,0,,0,0,0,,,,,0,0,0,,0,0,0,,0,0,0,,0,0,0,,0,0,0,,,,,,
35397323,elado,"Budapest X. kerület, Jegenye utca 50.",Gyárdűlő,55900000.0,55.9,55900.0,1075000.0,17.83907493812533,13.8878312195439,0,52.0,52.0,2.0,2,1,0,0,1,0,0,0,1,0,38.0,,,0,,,0,,,0,0,0,https://ingatlan.com/35397323,"Eladó tégla lakás - Budapest X. kerület, Jegenye utca #35397323",1107,Budapest,Jegenye utca,50,közepes állapotú,Tégla lakás,1988.0,30-60 év (panel-korszak),0.0,2.0,0.0,2 szoba,26.0,földszint,0.0,0.0,0,"gáz (konvektor), cserépkályha",,0,1,0,0,nincs megadva,,,,igen,,30000.0,Ingatlaniroda,,1169.0,2.0,,,,,,,,,0,0,0,,0,0,0,,0,0,,0,0,0,,0,0,0,,,,,0,0,0,,0,0,0,,0,0,0,,0,0,0,,0,0,0,,,,,,
35397882,elado,"Budapest X. kerület, Kőbánya - Újhegyi lakótelep",Újhegy,45890000.0,45.89,45890.0,1207631.5789473683,17.641757786371016,14.00417162664463,0,38.0,38.0,1.0,2,1,0,1,0,1,0,0,0,1,38.0,,,0,,,0,,,0,0,0,https://ingatlan.com/35397882,"Eladó panel lakás - Budapest X. kerület, Kőbánya - Újhegyi lakótelep #35397882",1108,Budapest,Kőbánya - Újhegyi lakótelep,,közepes állapotú,Panel lakás,1988.0,30-60 év (panel-korszak),0.0,1.0,0.0,1 szoba,38.0,10,10.0,10.0,0,távfűtés,,1,0,0,0,nincs megadva,,,,nem,12.0,25000.0,Ingatlaniroda,,1223.0,4.0,,,,,,,,,0,0,0,,0,0,0,,0,0,,0,0,0,,0,0,0,,,,,0,0,0,,0,0,0,,0,0,0,,0,0,0,,0,0,0,,,,,,
35398262,elado,"Budapest X. kerület, Gergely utca",Újhegy,49000000.0,49.0,49000.0,1689655.1724137932,17.7073308560749,14.340035026088426,0,29.0,29.0,1.0,3,0,0,1,0,0,0,0,0,0,,47.4702816,19.1514579,0,666.5,500-1000 m,0,,,0,0,0,https://ingatlan.com/35398262,"Eladó panel lakás - Budapest X. kerület, Gergely utca #35398262",1108,Budapest,Gergely utca,,nincs megadva,Panel lakás,,Ismeretlen,0.0,1.0,0.0,1 szoba,29.0,nincs megadva,,,0,nincs megadva,,0,0,0,0,nincs megadva,,,,nincs megadva,,,Ingatlaniroda,,292.0,2.0,,,,,,,,,0,0,0,,0,0,0,,0,0,,0,0,0,,0,0,0,,,,,0,0,0,,0,0,0,,0,0,0,,0,0,0,,0,0,0,,,,,,
35398749,elado,"Budapest X. kerület, Kőbánya-Városközpont",Kőbánya-Városközpont,58000000.0,58.0,58000.0,1160000.0,17.875953568510692,13.963930563082547,0,50.0,50.0,2.0,4,0,0,1,0,0,0,0,0,0,,47.482503,19.1307351,0,213.3,150-300 m,0,,,0,0,0,https://ingatlan.com/35398749,"Eladó panel lakás - Budapest X. kerület, Kőbánya-Városközpont #35398749",1105,Budapest,Kőbánya-Városközpont,,felújított,Panel lakás,,Ismeretlen,0.0,2.0,0.0,2 szoba,25.0,3,3.0,,0,házközponti,,0,0,0,0,nincs megadva,,,,nincs megadva,,,Ingatlaniroda,,1764.0,4.0,,,,,,,,,0,0,0,,0,0,0,,0,0,,0,0,0,,0,0,0,,,,,0,0,0,,0,0,0,,0,0,0,,0,0,0,,0,0,0,,,,,,
35399453,elado,"Budapest X. kerület, Liget utca",Kőbánya-Városközpont,63000000.0,63.0,63000.0,1500000.0,17.958645284355807,14.22097566607244,0,42.0,42.0,2.0,5,0,1,0,1,1,0,0,0,0,21.0,47.4890878,19.1331022,0,246.8,150-300 m,0,,,0,0,0,https://ingatlan.com/35399453,"Eladó tégla lakás - Budapest X. kerület, Liget utca #35399453",1102,Budapest,Liget utca,,újszerű,Tégla lakás,2005.0,10-30 év (rendszerváltás utáni),0.0,2.0,0.0,2 szoba,21.0,2,2.0,4.0,0,házközponti egyedi méréssel,,0,0,0,0,nincs megadva,,,,nem,13000.0,,Ingatlaniroda,,814.0,4.0,,,,,,,,,0,0,0,,0,0,0,,0,0,,0,0,0,,0,0,0,,,,,0,0,0,,0,0,0,,0,0,0,,0,0,0,,0,0,0,,,,,,
35399556,elado,"Budapest X. kerület, Újhegyi út 18/B.",Újhegy,95000000.0,95.0,95000.0,1217948.717948718,18.369387449564815,14.012678622875223,0,78.0,78.0,3.0,3,0,0,0,1,0,0,0,0,0,,,,0,,,0,,,0,0,0,https://ingatlan.com/35399556,Egy pillanat...,1108,Budapest,Újhegyi út,18/B,,Tégla lakás,,Ismeretlen,0.0,3.0,0.0,3 szoba,26.0,,,,0,,,0,0,0,0,,,,,,,,Ingatlaniroda,,0.0,0.0,,,,,,,,,0,0,0,,0,0,0,,0,0,,0,0,0,,0,0,0,,,,,0,0,0,,0,0,0,,0,0,0,,0,0,0,,0,0,0,,,,,,
35400062,elado,"Budapest X. kerület, Gergely utca",Újhegy,105000000.0,105.0,105000.0,1750000.0,18.469470908121796,14.375126345899696,0,60.0,63.0,3.0,5,0,1,0,1,1,0,1,1,0,7.0,47.4702816,19.1514579,0,666.5,500-1000 m,0,,,0,0,0,https://ingatlan.com/35400062,"Eladó tégla lakás - Budapest X. kerület, Gergely utca #35400062",1103,Budapest,Gergely utca,,újszerű,Tégla lakás,2019.0,0-10 év,6.0,3.0,0.0,3 szoba,20.0,földszint,0.0,2.0,0,mennyezeti hűtés-fűtés,,0,0,0,0,A+,,,,igen,,40000.0,Ingatlaniroda,,2444.0,4.0,,,,,,,,,0,0,0,,0,0,0,,0,0,,0,0,0,,0,0,0,,,,,0,0,0,,0,0,0,,0,0,0,,0,0,0,,0,0,0,,,,,,
35402723,elado,"Budapest X. kerület, Kápolna tér 64.",Óhegy,78500000.0,78.5,78500.0,1226562.5,18.178609182752638,14.019726099392965,0,64.0,71.5,3.0,3,0,0,0,1,0,1,1,0,0,58.0,,,0,,,0,,,0,0,0,https://ingatlan.com/35402723,"Eladó tégla lakás - Budapest X. kerület, Kápolna tér #35402723",1103,Budapest,Kápolna tér,64,jó állapotú,Tégla lakás,1968.0,30-60 év (panel-korszak),15.0,3.0,0.0,3 szoba,21.333333333333332,1,1.0,,0,"gáz (konvektor), hűtő-fűtő klíma",,0,1,0,0,D,,,,igen,20000.0,22000.0,Ingatlaniroda,,1256.0,2.0,,,,,,,,,0,0,0,,0,0,0,,0,0,,0,0,0,,0,0,0,,,,,0,0,0,,0,0,0,,0,0,0,,0,0,0,,0,0,0,,,,,,
35403223,elado,"Budapest X. kerület, Maláta utca",Óhegy,59900000.0,59.9,59900.0,1198000.0,17.908187063085677,13.996164057657532,0,50.0,70.0,3.0,2,1,0,0,1,0,1,1,1,0,96.0,47.4907693,19.1406919,0,178.4,150-300 m,0,,,0,0,0,https://ingatlan.com/35403223,"Eladó tégla lakás - Budapest X. kerület, Maláta utca #35403223",1105,Budapest,Maláta utca,,közepes állapotú,Tégla lakás,1930.0,60+ év (háború előtti),40.0,3.0,0.0,3 szoba,16.666666666666668,földszint,0.0,0.0,0,"gázkazán, hűtő-fűtő klíma",,0,1,0,0,nincs megadva,,,,igen,,,Ingatlaniroda,,2707.0,2.0,,,,,,,,,0,0,0,,0,0,0,,0,0,,0,0,0,,0,0,0,,,,,0,0,0,,0,0,0,,0,0,0,,0,0,0,,0,0,0,,,,,,
35404367,elado,"Budapest X. kerület, Kőbánya-Városközpont",Kőbánya-Városközpont,67900000.0,67.9,67900.0,917567.5675675676,18.033546592528925,13.729481499324756,0,74.0,74.0,3.0,1,1,0,0,0,1,0,0,0,0,38.0,47.482503,19.1307351,0,213.3,150-300 m,0,,,0,0,0,https://ingatlan.com/35404367,"Eladó csúsztatott zsalus - Budapest X. kerület, Kőbánya-Városközpont #35404367",1105,Budapest,Kőbánya-Városközpont,,felújítandó,Csúsztatott zsalus lakás,1988.0,30-60 év (panel-korszak),0.0,3.0,0.0,3 szoba,24.666666666666668,1,1.0,6.0,0,távfűtés egyedi méréssel,,1,0,0,0,nincs megadva,,,,nincs megadva,23247.0,,Ingatlaniroda,,680.0,4.0,,,,,,,,,0,0,0,,0,0,0,,0,0,,0,0,0,,0,0,0,,,,,0,0,0,,0,0,0,,0,0,0,,0,0,0,,0,0,0,,,,,,
35406037,elado,"Budapest X. kerület, Lenfonó utca 2.",Újhegy,54900000.0,54.9,54900.0,1120408.163265306,17.82102390647976,13.929203608369132,0,49.0,50.5,2.0,2,1,0,1,0,1,1,1,0,0,58.0,,,0,,,0,,,0,0,0,https://ingatlan.com/35406037,"Eladó panel lakás - Budapest X. kerület, Lenfonó utca #35406037",1108,Budapest,Lenfonó utca,2,közepes állapotú,Panel lakás,1968.0,30-60 év (panel-korszak),3.0,2.0,0.0,2 szoba,24.5,7,7.0,10.0,0,távfűtés,,1,0,0,0,B,,,,nem,13360.0,,Ingatlaniroda,,970.0,3.0,,,,,,,,,0,0,0,,0,0,0,,0,0,,0,0,0,,0,0,0,,,,,0,0,0,,0,0,0,,0,0,0,,0,0,0,,0,0,0,,,,,,
35406803,elado,"Budapest X. kerület, Gyógyszergyári utca",Felsőrákos,80000000.0,80.0,80000.0,1481481.4814814816,18.197537192638155,14.208553146073882,0,54.0,60.5,2.0,5,0,1,0,1,1,1,1,0,0,0.0,47.4994212,19.1493566,0,351.7,300-500 m,0,,,0,0,0,https://ingatlan.com/35406803,"Eladó tégla lakás - Budapest X. kerület, Gyógyszergyári utca #35406803",1106,Budapest,Gyógyszergyári utca,,újszerű,Tégla lakás,2026.0,Új építésű (2025+),13.0,2.0,0.0,2 szoba,27.0,2,2.0,7.0,0,"távfűtés egyedi méréssel, padlófűtés, hűtő-fűtő klíma",,1,0,0,0,nincs megadva,,,,nem,,,Ingatlaniroda,,1355.0,4.0,,,,,,,,,0,0,0,,0,0,0,,0,0,,0,0,0,,0,0,0,,,,,0,0,0,,0,0,0,,0,0,0,,0,0,0,,0,0,0,,,,,,
35406829,elado,"Budapest X. kerület, Ligettelek",Ligettelek,95900000.0,95.9,95900.0,1077528.0898876404,18.378816539853666,13.890180170121527,0,89.0,91.0,3.0,4,0,0,0,1,0,1,1,0,1,96.0,47.493646,19.1300619,0,227.7,150-300 m,0,,,0,0,0,https://ingatlan.com/35406829,"Eladó tégla lakás - Budapest X. kerület, Ligettelek #35406829",1101,Budapest,Ligettelek,,felújított,Tégla lakás,1930.0,60+ év (háború előtti),4.0,3.0,0.0,3 szoba,29.666666666666668,3,3.0,3.0,0,gázkazán,,0,1,0,0,nincs megadva,,,,nincs megadva,25000.0,,Ingatlaniroda,,1967.0,4.0,,,,,,,,,0,0,0,,0,0,0,,0,0,,0,0,0,,0,0,0,,,,,0,0,0,,0,0,0,,0,0,0,,0,0,0,,0,0,0,,,,,,
35406868,elado,"Budapest X. kerület, Ligettelek",Ligettelek,95900000.0,95.9,95900.0,1077528.0898876404,18.378816539853666,13.890180170121527,0,89.0,89.0,3.0,4,0,0,0,1,0,0,0,0,1,58.0,47.493646,19.1300619,0,227.7,150-300 m,0,,,0,0,0,https://ingatlan.com/35406868,"Eladó tégla lakás - Budapest X. kerület, Ligettelek #35406868",1101,Budapest,Ligettelek,,felújított,Tégla lakás,1968.0,30-60 év (panel-korszak),0.0,3.0,0.0,3 szoba,29.666666666666668,3,3.0,3.0,0,gázkazán,,0,1,0,0,nincs megadva,,,,nincs megadva,,,Ingatlaniroda,,2311.0,4.0,,,,,,,,,0,0,0,,0,0,0,,0,0,,0,0,0,,0,0,0,,,,,0,0,0,,0,0,0,,0,0,0,,0,0,0,,0,0,0,,,,,,
35407012,elado,"Budapest X. kerület, Hatház utca 33.",Felsőrákos,51500000.0,51.5,51500.0,1560606.0606060605,17.757092365633966,14.260584804167484,0,33.0,33.0,1.0,4,0,0,0,1,0,1,0,0,0,,,,0,,,0,,,0,0,0,https://ingatlan.com/35407012,"Eladó tégla lakás - Budapest X. kerület, Hatház utca #35407012",1106,Budapest,Hatház utca,33,felújított,Tégla lakás,,Ismeretlen,0.0,1.0,0.0,1 szoba,33.0,3,3.0,4.0,0,gáz (konvektor),,0,1,0,0,nincs megadva,,,,nem,12500.0,,Ingatlaniroda,,1649.0,2.0,,,,,,,,,0,0,0,,0,0,0,,0,0,,0,0,0,,0,0,0,,,,,0,0,0,,0,0,0,,0,0,0,,0,0,0,,0,0,0,,,,,,
35407293,elado,"Budapest X. kerület, Salgótarjáni utca",Laposdűlő,66000000.0,66.0,66000.0,1346938.775510204,18.0051652999907,14.113345001880074,0,49.0,50.5,2.0,4,0,0,0,1,0,1,1,1,0,,47.4904869,19.1193942,0,143.3,<150 m,1,,,0,0,0,https://ingatlan.com/35407293,"Eladó tégla lakás - Budapest X. kerület, Salgótarjáni utca #35407293",1101,Budapest,Salgótarjáni utca,,felújított,Tégla lakás,,Ismeretlen,3.0,2.0,0.0,2 szoba,24.5,földszint,0.0,5.0,0,"gáz (konvektor), hűtő-fűtő klíma",,0,1,0,0,nincs megadva,,,,nincs megadva,20136.0,,Ingatlaniroda,,2949.0,2.0,,,,,,,,,0,0,0,,0,0,0,,0,0,,0,0,0,,0,0,0,,,,,0,0,0,,0,0,0,,0,0,0,,0,0,0,,0,0,0,,,,,,
35407413,elado,"Budapest X. kerület, Kőrösi Csoma Sándor út 57.",Óhegy,65000000.0,65.0,65000.0,1140350.8771929825,17.98989782785991,13.946846560025362,0,57.0,58.0,2.0,3,0,0,0,1,1,1,1,0,1,58.0,,,0,,,0,,,0,0,0,https://ingatlan.com/35407413,"Eladó tégla lakás - Budapest X. kerület, Kőrösi Csoma Sándor út #35407413",1105,Budapest,Kőrösi Csoma Sándor út,57,jó állapotú,Tégla lakás,1968.0,30-60 év (panel-korszak),2.0,2.0,0.0,2 szoba,28.5,5,5.0,5.0,0,távfűtés,,1,0,0,0,G,,,,nem,21000.0,25000.0,Ingatlaniroda,,756.0,2.0,,,,,,,,,0,0,0,,0,0,0,,0,0,,0,0,0,,0,0,0,,,,,0,0,0,,0,0,0,,0,0,0,,0,0,0,,0,0,0,,,,,,
35407756,elado,"Budapest X. kerület, Állomás utca 11.",Kőbánya-Városközpont,55000000.0,55.0,55000.0,1100000.0,17.822843743196746,13.9108207377686,0,50.0,50.0,2.0,3,0,0,1,0,0,0,0,0,0,,47.484823,19.128699,1,196.1,150-300 m,0,443.5,5.9,0,1,1,https://ingatlan.com/35407756,"Eladó panel lakás - Budapest X. kerület, Állomás utca 11. #35407756",1102,Budapest,Állomás utca,11,nincs megadva,Panel lakás,,Ismeretlen,0.0,2.0,0.0,2 szoba,25.0,nincs megadva,,,0,nincs megadva,,0,0,0,0,nincs megadva,,,,nincs megadva,,,Ingatlaniroda,,64.0,2.0,,,,,,,,,0,0,0,299.4,1,1,1,168.0,1,1,299.4,1,1,1,433.3,0,1,1,26.0,65.0,115.0,886.6,0,0,1,850.3,0,0,1,128.2,1,1,1,243.8,1,1,1,,0,0,0,Kőbánya alsó,,Szent László tér,Kőbánya alsó vasútállomás,Névtelen zöldfelület / park,villamos
35408685,elado,"Budapest X. kerület, Doba utca",Laposdűlő,51500000.0,51.5,51500.0,1051020.4081632653,17.757092365633966,13.865272067523337,0,49.0,49.0,2.0,2,1,0,0,1,0,0,0,0,1,96.0,47.4869721,19.1223924,0,110.8,<150 m,1,,,0,0,0,https://ingatlan.com/35408685,"Eladó tégla lakás - Budapest X. kerület, Doba utca #35408685",1101,Budapest,Doba utca,,közepes állapotú,Tégla lakás,1930.0,60+ év (háború előtti),0.0,2.0,0.0,2 szoba,24.5,3,3.0,3.0,0,gáz (konvektor),,0,1,0,0,nincs megadva,,,,nem,,,Ingatlaniroda,,504.0,4.0,,,,,,,,,0,0,0,,0,0,0,,0,0,,0,0,0,,0,0,0,,,,,0,0,0,,0,0,0,,0,0,0,,0,0,0,,0,0,0,,,,,,
35408689,elado,"Budapest X. kerület, Doba utca",Laposdűlő,51500000.0,51.5,51500.0,1051020.4081632653,17.757092365633966,13.865272067523337,0,49.0,49.0,2.0,2,1,0,0,1,0,0,0,0,1,96.0,47.4869721,19.1223924,0,110.8,<150 m,1,,,0,0,0,https://ingatlan.com/35408689,"Eladó tégla lakás - Budapest X. kerület, Doba utca #35408689",1101,Budapest,Doba utca,,közepes állapotú,Tégla lakás,1930.0,60+ év (háború előtti),0.0,2.0,0.0,2 szoba,24.5,3,3.0,3.0,0,gáz (konvektor),,0,1,0,0,nincs megadva,,,,nem,,,Ingatlaniroda,,504.0,4.0,,,,,,,,,0,0,0,,0,0,0,,0,0,,0,0,0,,0,0,0,,,,,0,0,0,,0,0,0,,0,0,0,,0,0,0,,0,0,0,,,,,,
35409477,elado,"Budapest X. kerület, Gergely utca",Óhegy,99000000.0,99.0,99000.0,1000000.0,18.410630408098864,13.815510557964274,0,99.0,119.0,4.0,3,0,0,0,1,0,1,1,0,0,58.0,47.4702816,19.1514579,0,666.5,500-1000 m,0,,,0,0,0,https://ingatlan.com/35409477,"Eladó tégla lakás - Budapest X. kerület, Gergely utca #35409477",1103,Budapest,Gergely utca,,jó állapotú,Tégla lakás,1968.0,30-60 év (panel-korszak),40.0,4.0,0.0,4+ szoba,24.75,1,1.0,3.0,0,hűtő-fűtő klíma,,0,0,0,0,nincs megadva,,,,igen,,,Ingatlaniroda,,1509.0,4.0,,,,,,,,,0,0,0,,0,0,0,,0,0,,0,0,0,,0,0,0,,,,,0,0,0,,0,0,0,,0,0,0,,0,0,0,,0,0,0,,,,,,
35410373,elado,"Budapest X. kerület, Kőrösi Csoma Sándor út",Kőbánya-Városközpont,67900000.0,67.9,67900.0,917567.5675675676,18.033546592528925,13.729481499324756,0,74.0,74.0,3.0,1,1,0,0,0,1,0,0,0,0,38.0,47.4865004,19.1327222,0,533.8,500-1000 m,0,,,0,0,0,https://ingatlan.com/35410373,"Eladó csúsztatott zsalus - Budapest X. kerület, Kőrösi Csoma Sándor út #35410373",1102,Budapest,Kőrösi Csoma Sándor út,,felújítandó,Csúsztatott zsalus lakás,1988.0,30-60 év (panel-korszak),0.0,3.0,0.0,3 szoba,24.666666666666668,1,1.0,6.0,0,távfűtés,,1,0,0,0,nincs megadva,,,,nincs megadva,23247.0,,Ingatlaniroda,,2719.0,4.0,,,,,,,,,0,0,0,,0,0,0,,0,0,,0,0,0,,0,0,0,,,,,0,0,0,,0,0,0,,0,0,0,,0,0,0,,0,0,0,,,,,,
35412249,elado,"Budapest X. kerület, Harmat utca",Óhegy,84900000.0,84.9,84900.0,1286363.6363636365,18.256984651281577,14.06732990925515,0,66.0,66.0,3.0,4,0,0,0,1,0,1,0,0,0,,47.4702785,19.1650971,0,1026.1,1000-2000 m,0,,,0,0,0,https://ingatlan.com/35412249,"Eladó tégla lakás - Budapest X. kerület, Harmat utca #35412249",1104,Budapest,Harmat utca,,felújított,Tégla lakás,,Ismeretlen,0.0,3.0,0.0,3 szoba,22.0,1,1.0,4.0,0,gázkazán,,0,1,0,0,nincs megadva,,,,nincs megadva,,,Ingatlaniroda,,957.0,4.0,,,,,,,,,0,0,0,,0,0,0,,0,0,,0,0,0,,0,0,0,,,,,0,0,0,,0,0,0,,0,0,0,,0,0,0,,0,0,0,,,,,,
35413651,elado,"Budapest X. kerület, Laposdűlő - Pongrácz úti lakótelep",Laposdűlő,61900000.0,61.9,61900.0,1125454.5454545454,17.941030737654824,13.933697552422354,0,55.0,55.0,2.0,3,0,0,0,1,0,1,0,0,0,,47.4899521,19.1197096,0,97.4,<150 m,1,,,0,0,0,https://ingatlan.com/35413651,"Eladó tégla lakás - Budapest X. kerület, Laposdűlő - Pongrácz úti lakótelep #35413651",1101,Budapest,Laposdűlő - Pongrácz úti lakótelep,,jó állapotú,Tégla lakás,,Ismeretlen,0.0,2.0,0.0,2 szoba,27.5,2,2.0,4.0,0,"gáz (konvektor), infrafűtés",,0,1,0,0,D,,,,nem,12500.0,30000000.0,Ingatlaniroda,,1759.0,4.0,,,,,,,,,0,0,0,,0,0,0,,0,0,,0,0,0,,0,0,0,,,,,0,0,0,,0,0,0,,0,0,0,,0,0,0,,0,0,0,,,,,,
35414017,elado,"Budapest X. kerület, Szőlővirág utca",Újhegy,69900000.0,69.9,69900.0,1043283.5820895522,18.06257620720404,13.857883587813072,0,67.0,68.5,3.0,3,0,0,1,0,1,1,1,0,0,,47.4698302,19.1644925,0,963.9,500-1000 m,0,,,0,0,0,https://ingatlan.com/35414017,"Eladó panel lakás - Budapest X. kerület, Szőlővirág utca #35414017",1108,Budapest,Szőlővirág utca,,jó állapotú,Panel lakás,,Ismeretlen,3.0,3.0,0.0,3 szoba,22.333333333333332,4,4.0,10.0,0,házközponti,,0,0,0,0,nincs megadva,,,,nincs megadva,24000.0,19000.0,Ingatlaniroda,,1278.0,4.0,,,,,,,,,0,0,0,,0,0,0,,0,0,,0,0,0,,0,0,0,,,,,0,0,0,,0,0,0,,0,0,0,,0,0,0,,0,0,0,,,,,,
35414253,elado,"Budapest X. kerület, Ligettelek",Ligettelek,95900000.0,95.9,95900.0,1077528.0898876404,18.378816539853666,13.890180170121527,0,89.0,89.0,3.0,3,0,0,0,1,0,0,0,0,1,58.0,47.493646,19.1300619,0,227.7,150-300 m,0,,,0,0,0,https://ingatlan.com/35414253,"Eladó tégla lakás - Budapest X. kerület, Ligettelek #35414253",1101,Budapest,Ligettelek,,jó állapotú,Tégla lakás,1968.0,30-60 év (panel-korszak),0.0,3.0,0.0,3 szoba,29.666666666666668,3,3.0,3.0,0,gázkazán,,0,1,0,0,nincs megadva,,,,nem,25000.0,,Ingatlaniroda,,2101.0,4.0,,,,,,,,,0,0,0,,0,0,0,,0,0,,0,0,0,,0,0,0,,,,,0,0,0,,0,0,0,,0,0,0,,0,0,0,,0,0,0,,,,,,
35414320,elado,"Budapest X. kerület, Doba utca",Laposdűlő,51500000.0,51.5,51500.0,1051020.4081632653,17.757092365633966,13.865272067523337,0,49.0,49.0,2.0,3,0,0,0,1,0,0,0,0,0,58.0,47.4869721,19.1223924,0,110.8,<150 m,1,,,0,0,0,https://ingatlan.com/35414320,"Eladó tégla lakás - Budapest X. kerület, Doba utca #35414320",1101,Budapest,Doba utca,,jó állapotú,Tégla lakás,1968.0,30-60 év (panel-korszak),0.0,2.0,0.0,2 szoba,24.5,3,3.0,,0,gáz (konvektor),,0,1,0,0,nincs megadva,,,,nincs megadva,17000.0,,Ingatlaniroda,,1059.0,4.0,,,,,,,,,0,0,0,,0,0,0,,0,0,,0,0,0,,0,0,0,,,,,0,0,0,,0,0,0,,0,0,0,,0,0,0,,0,0,0,,,,,,
35415439,elado,"Budapest X. kerület, Kőbánya-Városközpont",Kőbánya-Városközpont,21600000.0,21.6,21600.0,675000.0,16.888203872654394,13.422467969854667,0,32.0,32.0,1.0,2,1,0,0,1,0,0,0,0,0,58.0,47.482503,19.1307351,0,213.3,150-300 m,0,,,0,0,0,https://ingatlan.com/35415439,"Eladó tégla lakás - Budapest X. kerület, Kőbánya-Városközpont #35415439",1105,Budapest,Kőbánya-Városközpont,,közepes állapotú,Tégla lakás,1968.0,30-60 év (panel-korszak),0.0,1.0,0.0,1 szoba,32.0,szuterén,-1.0,,0,elektromos fűtőpanel,,0,0,0,0,G,,,,nem,19081.0,,Ingatlaniroda,,1015.0,4.0,,,,,,,,,0,0,0,,0,0,0,,0,0,,0,0,0,,0,0,0,,,,,0,0,0,,0,0,0,,0,0,0,,0,0,0,,0,0,0,,,,,,
35415462,elado,"Budapest X. kerület, Kőbánya-Városközpont",Kőbánya-Városközpont,84900000.0,84.9,84900.0,1286363.6363636365,18.256984651281577,14.06732990925515,0,66.0,66.0,3.0,4,0,0,0,1,0,1,0,0,0,96.0,47.482503,19.1307351,0,213.3,150-300 m,0,,,0,0,0,https://ingatlan.com/35415462,"Eladó tégla lakás - Budapest X. kerület, Kőbánya-Városközpont #35415462",1105,Budapest,Kőbánya-Városközpont,,felújított,Tégla lakás,1930.0,60+ év (háború előtti),0.0,3.0,0.0,3 szoba,22.0,1,1.0,5.0,0,"gázkazán, hűtő-fűtő klíma",,0,1,0,0,nincs megadva,,,,nincs megadva,,,Ingatlaniroda,,1141.0,4.0,,,,,,,,,0,0,0,,0,0,0,,0,0,,0,0,0,,0,0,0,,,,,0,0,0,,0,0,0,,0,0,0,,0,0,0,,0,0,0,,,,,,
35416041,elado,"Budapest X. kerület, Kőbánya - Újhegy",Újhegy,108800000.0,108.8,108800.0,1554285.7142857143,18.505021892386118,14.256526650336758,0,70.0,77.0,4.0,5,0,1,0,0,1,0,1,0,0,5.0,47.4691191,19.1617088,0,816.1,500-1000 m,0,,,0,0,0,https://ingatlan.com/35416041,"Eladó csúsztatott zsalus - Budapest X. kerület, Kőbánya - Újhegy #35416041",1108,Budapest,Kőbánya - Újhegy,,újszerű,Csúsztatott zsalus lakás,2021.0,0-10 év,14.0,4.0,0.0,4+ szoba,17.5,1,1.0,,0,házközponti egyedi méréssel,,0,0,0,0,nincs megadva,,,,nincs megadva,,,Ingatlaniroda,,1290.0,4.0,,,,,,,,,0,0,0,,0,0,0,,0,0,,0,0,0,,0,0,0,,,,,0,0,0,,0,0,0,,0,0,0,,0,0,0,,0,0,0,,,,,,
35416047,elado,"Budapest X. kerület, Ligettelek",Ligettelek,95900000.0,95.9,95900.0,1077528.0898876404,18.378816539853666,13.890180170121527,0,89.0,89.0,3.0,3,0,0,0,1,0,0,0,0,0,58.0,47.493646,19.1300619,0,227.7,150-300 m,0,,,0,0,0,https://ingatlan.com/35416047,"Eladó tégla lakás - Budapest X. kerület, Ligettelek #35416047",1101,Budapest,Ligettelek,,jó állapotú,Tégla lakás,1968.0,30-60 év (panel-korszak),0.0,3.0,0.0,3 szoba,29.666666666666668,3,3.0,,0,gázkazán,,0,1,0,0,nincs megadva,,,,nincs megadva,,,Ingatlaniroda,,1880.0,4.0,,,,,,,,,0,0,0,,0,0,0,,0,0,,0,0,0,,0,0,0,,,,,0,0,0,,0,0,0,,0,0,0,,0,0,0,,0,0,0,,,,,,
35416494,elado,"Budapest X. kerület, Kőbánya - Óhegy",Óhegy,69900000.0,69.9,69900.0,1487234.0425531915,18.06257620720404,14.21242860549398,0,47.0,48.0,2.0,3,0,0,0,1,0,1,1,0,1,58.0,47.4820541,19.132346,0,297.2,150-300 m,0,,,0,0,0,https://ingatlan.com/35416494,"Eladó tégla lakás - Budapest X. kerület, Kőbánya - Óhegy #35416494",1103,Budapest,Kőbánya - Óhegy,,jó állapotú,Tégla lakás,1968.0,30-60 év (panel-korszak),2.0,2.0,0.0,2 szoba,23.5,4,4.0,4.0,0,infrafűtés,,0,0,0,0,nincs megadva,,,,nincs megadva,,,Ingatlaniroda,,561.0,4.0,,,,,,,,,0,0,0,,0,0,0,,0,0,,0,0,0,,0,0,0,,,,,0,0,0,,0,0,0,,0,0,0,,0,0,0,,0,0,0,,,,,,
35416585,elado,"Budapest X. kerület, Gyárdűlő",Gyárdűlő,49900000.0,49.9,49900.0,924074.074074074,17.72553156072175,13.736547514157472,0,54.0,54.0,2.0,2,1,0,0,1,0,0,0,0,0,58.0,47.4754656,19.1221648,0,155.8,150-300 m,0,,,0,0,0,https://ingatlan.com/35416585,"Eladó tégla lakás - Budapest X. kerület, Gyárdűlő #35416585",1107,Budapest,Gyárdűlő,,közepes állapotú,Tégla lakás,1968.0,30-60 év (panel-korszak),0.0,2.0,0.0,2 szoba,27.0,2,2.0,,0,gáz (konvektor),,0,1,0,0,nincs megadva,,,,nincs megadva,,,Ingatlaniroda,,1333.0,4.0,,,,,,,,,0,0,0,,0,0,0,,0,0,,0,0,0,,0,0,0,,,,,0,0,0,,0,0,0,,0,0,0,,0,0,0,,0,0,0,,,,,,
35417785,elado,"Budapest X. kerület, Sörgyár utca 84.",Óhegy,59900000.0,59.9,59900.0,1174509.8039215687,17.908187063085677,13.976361430361353,0,51.0,51.0,3.0,3,0,0,0,0,0,1,0,0,1,58.0,47.476437,19.163647,1,424.4,300-500 m,0,1923.6,25.6,0,0,0,https://ingatlan.com/35417785,"Eladó csúsztatott zsalus - Budapest X. kerület, Sörgyár utca 84. #35417785",1104,Budapest,Sörgyár utca,84,jó állapotú,Csúsztatott zsalus lakás,1968.0,30-60 év (panel-korszak),0.0,3.0,0.0,3 szoba,17.0,3,3.0,3.0,0,gáz (konvektor),,0,1,0,0,nincs megadva,,,,nem,,,Ingatlaniroda,,1306.0,2.0,,,,,,,,1929.5,0,0,0,310.1,1,1,1,279.6,1,1,310.1,1,1,1,543.7,0,1,1,6.0,26.0,54.0,,0,0,0,,0,0,0,212.6,1,1,1,436.3,0,1,1,465.5,0,1,1,Kőbánya-Kispest,,Venyige utca,Mádi utca,Névtelen zöldfelület / park,villamos
35420783,elado,"Budapest X. kerület, Kőrösi Csoma Sándor út 57.",Óhegy,61900000.0,61.9,61900.0,1085964.9122807018,17.941030737654824,13.897979469820275,0,57.0,58.0,2.0,3,0,0,0,1,1,1,1,0,0,58.0,,,0,,,0,,,0,0,0,https://ingatlan.com/35420783,"Eladó tégla lakás - Budapest X. kerület, Kőrösi Csoma Sándor út #35420783",1105,Budapest,Kőrösi Csoma Sándor út,57,jó állapotú,Tégla lakás,1968.0,30-60 év (panel-korszak),2.0,2.0,0.0,2 szoba,28.5,5,5.0,6.0,0,távfűtés,,1,0,0,0,nincs megadva,,,,nem,21000.0,40000.0,Ingatlaniroda,,2355.0,4.0,,,,,,,,,0,0,0,,0,0,0,,0,0,,0,0,0,,0,0,0,,,,,0,0,0,,0,0,0,,0,0,0,,0,0,0,,0,0,0,,,,,,
35421304,elado,"Budapest X. kerület, Kőbánya-Városközpont",Kőbánya-Városközpont,99900000.0,99.9,99900.0,969902.9126213592,18.41968024361878,13.784951255389146,0,103.0,103.0,5.0,2,1,0,0,0,0,0,0,1,0,38.0,47.482503,19.1307351,0,213.3,150-300 m,0,,,0,0,0,https://ingatlan.com/35421304,"Eladó csúsztatott zsalus - Budapest X. kerület, Kőbánya-Városközpont #35421304",1105,Budapest,Kőbánya-Városközpont,,közepes állapotú,Csúsztatott zsalus lakás,1988.0,30-60 év (panel-korszak),0.0,5.0,0.0,4+ szoba,20.6,földszint,0.0,,0,távfűtés egyedi méréssel,,1,0,0,0,nincs megadva,,,,nincs megadva,16000.0,,Ingatlaniroda,,2039.0,4.0,,,,,,,,,0,0,0,,0,0,0,,0,0,,0,0,0,,0,0,0,,,,,0,0,0,,0,0,0,,0,0,0,,0,0,0,,0,0,0,,,,,,
35421707,elado,"Budapest X. kerület, Zágrábi utca 8.",Gyárdűlő,82000000.0,82.0,82000.0,1863636.3636363635,18.222229805228526,14.438040171310266,0,44.0,46.5,2.0,5,0,1,0,1,1,1,1,0,0,3.0,47.470303,19.117403,1,598.5,500-1000 m,0,1954.4,26.1,0,0,0,https://ingatlan.com/35421707,"Eladó tégla lakás - Budapest X. kerület, Zágrábi utca 8. #35421707",1107,Budapest,Zágrábi utca,8,újszerű,Tégla lakás,2023.0,0-10 év,5.0,2.0,0.0,2 szoba,22.0,2,2.0,7.0,0,távfűtés egyedi méréssel,,1,0,0,0,nincs megadva,,,,nem,18000.0,4000.0,Ingatlaniroda,,321.0,4.0,,,,,,,,175.8,1,1,1,542.8,0,1,1,204.7,1,1,175.8,1,1,1,125.0,1,1,1,19.0,50.0,106.0,957.9,0,0,1,313.3,1,1,1,172.1,1,1,1,380.3,0,1,1,562.1,0,1,1,Kőbánya alsó,,Balkán utca,Pöttyös utca M,Névtelen zöldfelület / park,metro
35422199,elado,"Budapest X. kerület, Állomás utca",Ligettelek,95900000.0,95.9,95900.0,1077528.0898876404,18.378816539853666,13.890180170121527,0,89.0,91.0,3.0,3,0,0,0,1,0,0,1,0,1,58.0,47.5210755,19.1483125,0,126.1,<150 m,1,,,0,0,0,https://ingatlan.com/35422199,"Eladó tégla lakás - Budapest X. kerület, Állomás utca #35422199",1102,Budapest,Állomás utca,,jó állapotú,Tégla lakás,1968.0,30-60 év (panel-korszak),4.0,3.0,0.0,3 szoba,29.666666666666668,3,3.0,3.0,0,gázkazán,,0,1,0,0,nincs megadva,,,,nincs megadva,25000.0,,Ingatlaniroda,,1957.0,4.0,,,,,,,,,0,0,0,,0,0,0,,0,0,,0,0,0,,0,0,0,,,,,0,0,0,,0,0,0,,0,0,0,,0,0,0,,0,0,0,,,,,,
35422673,elado,"Budapest X. kerület, Gergely utca",Óhegy,35000000.0,35.0,35000.0,1060606.0606060605,17.37085861945369,13.874351057987207,0,33.0,33.0,1.0,3,0,0,0,1,0,0,0,0,0,,47.4702816,19.1514579,0,666.5,500-1000 m,0,,,0,0,0,https://ingatlan.com/35422673,"Eladó tégla lakás - Budapest X. kerület, Gergely utca #35422673",1103,Budapest,Gergely utca,,nincs megadva,Tégla lakás,,Ismeretlen,0.0,1.0,0.0,1 szoba,33.0,nincs megadva,,,0,gáz (konvektor),,0,1,0,0,nincs megadva,,,,nincs megadva,,,Ingatlaniroda,,921.0,2.0,,,,,,,,,0,0,0,,0,0,0,,0,0,,0,0,0,,0,0,0,,,,,0,0,0,,0,0,0,,0,0,0,,0,0,0,,0,0,0,,,,,,
35422976,elado,"Budapest X. kerület, Kővágó utca 18.",Újhegy,57000000.0,57.0,57000.0,1163265.306122449,17.858561825798823,13.966741527688198,0,49.0,50.0,2.0,3,0,0,1,0,1,1,1,0,0,,47.472039,19.164662,1,916.2,500-1000 m,0,1756.6,23.4,0,0,0,https://ingatlan.com/35422976,"Eladó panel lakás - Budapest X. kerület, Kővágó utca 18. #35422976",1108,Budapest,Kővágó utca,18,jó állapotú,Panel lakás,,Ismeretlen,2.0,2.0,0.0,2 szoba,24.5,3,3.0,10.0,0,távfűtés,,1,0,0,0,nincs megadva,,,,nincs megadva,15460.0,30000.0,Ingatlaniroda,,1219.0,2.0,,,,,,,,1762.5,0,0,0,899.1,0,0,1,187.9,1,1,899.1,0,0,1,735.8,0,1,1,7.0,27.0,53.0,,0,0,0,,0,0,0,132.8,1,1,1,303.0,1,1,1,1117.9,0,0,1,Kőbánya-Kispest,,Venyige utca,Újhegyi sétány,Újhegy park,villamos
35423010,elado,"Budapest X. kerület, Ligettelek",Ligettelek,95900000.0,95.9,95900.0,1077528.0898876404,18.378816539853666,13.890180170121527,0,89.0,91.0,3.0,3,0,0,0,1,0,1,1,0,1,58.0,47.493646,19.1300619,0,227.7,150-300 m,0,,,0,0,0,https://ingatlan.com/35423010,"Eladó tégla lakás - Budapest X. kerület, Ligettelek #35423010",1101,Budapest,Ligettelek,,jó állapotú,Tégla lakás,1968.0,30-60 év (panel-korszak),4.0,3.0,0.0,3 szoba,29.666666666666668,3,3.0,3.0,0,gázkazán,,0,1,0,0,nincs megadva,,,,nincs megadva,25000.0,,Ingatlaniroda,,1581.0,4.0,,,,,,,,,0,0,0,,0,0,0,,0,0,,0,0,0,,0,0,0,,,,,0,0,0,,0,0,0,,0,0,0,,0,0,0,,0,0,0,,,,,,
35423313,elado,"Budapest X. kerület, Kőrösi Csoma Sándor út 27.",Kőbánya-Városközpont,68000000.0,68.0,68000.0,1062500.0,18.03501826314038,13.876135179780709,0,64.0,69.0,2.0,3,0,0,1,0,1,1,1,0,0,,47.484739,19.131978,1,409.3,300-500 m,0,577.0,7.7,0,1,1,https://ingatlan.com/35423313,"Eladó panel lakás - Budapest X. kerület, Kőrösi Csoma Sándor út 27. #35423313",1102,Budapest,Kőrösi Csoma Sándor út,27,jó állapotú,Panel lakás,,Ismeretlen,10.0,2.0,0.0,2 szoba,32.0,10,10.0,,0,nincs megadva,,0,0,0,0,nincs megadva,,,,nincs megadva,,,Ingatlaniroda,,829.0,4.0,,,,,,,,,0,0,0,75.1,1,1,1,48.6,1,1,75.1,1,1,1,263.9,1,1,1,20.0,77.0,134.0,808.2,0,0,1,627.9,0,1,1,116.9,1,1,1,205.5,1,1,1,,0,0,0,Kőbánya alsó,,Szent László tér,Szent László tér,Névtelen zöldfelület / park,villamos
35423844,elado,"Budapest X. kerület, Gergely utca",Újhegy,73900000.0,73.9,73900.0,1296491.2280701755,18.11822338591843,14.07517211808388,0,57.0,57.0,3.0,3,0,0,0,1,0,1,0,0,0,21.0,47.4702816,19.1514579,0,666.5,500-1000 m,0,,,0,0,0,https://ingatlan.com/35423844,"Eladó tégla lakás - Budapest X. kerület, Gergely utca #35423844",1103,Budapest,Gergely utca,,jó állapotú,Tégla lakás,2005.0,10-30 év (rendszerváltás utáni),0.0,3.0,0.0,3 szoba,19.0,1,1.0,2.0,0,"hűtő-fűtő klíma, házközponti egyedi méréssel",,0,0,0,0,D,,,,nem,,,Ingatlaniroda,,1189.0,2.0,,,,,,,,,0,0,0,,0,0,0,,0,0,,0,0,0,,0,0,0,,,,,0,0,0,,0,0,0,,0,0,0,,0,0,0,,0,0,0,,,,,,
35424269,elado,"Budapest X. kerület, Noszlopy utca 59.",Óhegy,69900000.0,69.9,69900.0,1184745.7627118644,18.06257620720404,13.98503876329832,0,59.0,59.0,3.0,3,0,0,1,0,0,0,0,0,0,,,,0,,,0,,,0,0,0,https://ingatlan.com/35424269,"Eladó panel lakás - Budapest X. kerület, Noszlopy utca #35424269",1103,Budapest,Noszlopy utca,59,nincs megadva,Panel lakás,,Ismeretlen,0.0,3.0,0.0,3 szoba,19.666666666666668,nincs megadva,,,0,nincs megadva,,0,0,0,0,nincs megadva,,,,nincs megadva,,,Ingatlaniroda,,964.0,2.0,,,,,,,,,0,0,0,,0,0,0,,0,0,,0,0,0,,0,0,0,,,,,0,0,0,,0,0,0,,0,0,0,,0,0,0,,0,0,0,,,,,,
35424607,elado,"Budapest X. kerület, Kápolna utca",Kőbánya-Városközpont,64500000.0,64.5,64500.0,1023809.5238095238,17.982175781766,13.839041055374468,0,63.0,63.0,3.0,3,0,0,1,0,1,1,0,0,0,38.0,47.4823363,19.1289949,0,88.5,<150 m,1,,,0,0,0,https://ingatlan.com/35424607,"Eladó panel lakás - Budapest X. kerület, Kápolna utca #35424607",1102,Budapest,Kápolna utca,,jó állapotú,Panel lakás,1988.0,30-60 év (panel-korszak),0.0,3.0,0.0,3 szoba,21.0,4,4.0,7.0,0,távfűtés,,1,0,0,0,A+,,,,nem,22617.0,37500.0,Ingatlaniroda,,1541.0,4.0,,,,,,,,,0,0,0,,0,0,0,,0,0,,0,0,0,,0,0,0,,,,,0,0,0,,0,0,0,,0,0,0,,0,0,0,,0,0,0,,,,,,
35424615,elado,"Budapest X. kerület, Szárnyas utca",Gyárdűlő,67800000.0,67.8,67800.0,1832432.4324324324,18.032072752910626,14.4211548402664,0,37.0,38.0,2.0,4,0,0,0,1,0,1,1,0,0,,47.4688278,19.1202985,0,762.0,500-1000 m,0,,,0,0,0,https://ingatlan.com/35424615,"Eladó tégla lakás - Budapest X. kerület, Szárnyas utca #35424615",1107,Budapest,Szárnyas utca,,felújított,Tégla lakás,,Ismeretlen,2.0,2.0,0.0,2 szoba,18.5,1,1.0,3.0,0,gáz (konvektor),,0,1,0,0,E,,,,nem,,,Ingatlaniroda,,1849.0,2.0,,,,,,,,,0,0,0,,0,0,0,,0,0,,0,0,0,,0,0,0,,,,,0,0,0,,0,0,0,,0,0,0,,0,0,0,,0,0,0,,,,,,
35424750,elado,"Budapest X. kerület, Kőrösi Csoma Sándor út",Kőbánya-Városközpont,79500000.0,79.5,79500.0,1046052.6315789474,18.19126757962456,13.860534239338229,0,76.0,76.0,4.0,2,1,0,0,0,1,0,0,0,0,38.0,47.4865004,19.1327222,0,533.8,500-1000 m,0,,,0,0,0,https://ingatlan.com/35424750,"Eladó csúsztatott zsalus - Budapest X. kerület, Kőrösi Csoma Sándor út #35424750",1102,Budapest,Kőrösi Csoma Sándor út,,közepes állapotú,Csúsztatott zsalus lakás,1988.0,30-60 év (panel-korszak),0.0,4.0,0.0,4+ szoba,19.0,5,5.0,10.0,0,távfűtés,,1,0,0,0,nincs megadva,,,,nem,18000.0,50000.0,Ingatlaniroda,,1555.0,3.0,,,,,,,,,0,0,0,,0,0,0,,0,0,,0,0,0,,0,0,0,,,,,0,0,0,,0,0,0,,0,0,0,,0,0,0,,0,0,0,,,,,,
35425382,elado,"Budapest X. kerület, Kőrösi Csoma Sándor út",Kőbánya-Városközpont,59900000.0,59.9,59900.0,1050877.1929824562,17.908187063085677,13.865135795251128,0,57.0,58.5,2.0,3,0,0,0,1,1,1,1,0,1,58.0,47.4865004,19.1327222,0,533.8,500-1000 m,0,,,0,0,0,https://ingatlan.com/35425382,"Eladó tégla lakás - Budapest X. kerület, Kőrösi Csoma Sándor út #35425382",1102,Budapest,Kőrösi Csoma Sándor út,,jó állapotú,Tégla lakás,1968.0,30-60 év (panel-korszak),3.0,2.0,0.0,2 szoba,28.5,5,5.0,5.0,0,távfűtés,,1,0,0,0,nincs megadva,,,,nem,21700.0,30000.0,Ingatlaniroda,,1589.0,4.0,,,,,,,,,0,0,0,,0,0,0,,0,0,,0,0,0,,0,0,0,,,,,0,0,0,,0,0,0,,0,0,0,,0,0,0,,0,0,0,,,,,,
35425699,elado,"Budapest X. kerület, Kőbányai út 43.B.",Gyárdűlő,75000000.0,75.0,75000.0,2343750.0,18.132998671500584,14.667262768700859,0,32.0,47.5,1.0,3,0,0,0,1,1,0,1,0,0,,47.484724,19.113348,1,373.3,300-500 m,0,1115.3,14.9,0,0,1,https://ingatlan.com/35425699,"Eladó tégla lakás - Budapest X. kerület, Kőbányai út 43.B. #35425699",1101,Budapest,Kőbányai út,43.B,jó állapotú,Tégla lakás,,Ismeretlen,31.0,1.0,0.0,1 szoba,32.0,4,4.0,5.0,0,házközponti egyedi méréssel,,0,0,0,0,nincs megadva,,,,nincs megadva,,,Ingatlaniroda,,261.0,2.0,,,,,,,,1751.9,0,0,0,59.2,1,1,1,63.8,1,1,59.2,1,1,1,229.3,1,1,1,11.0,20.0,59.0,797.0,0,0,1,1332.9,0,0,0,26.7,1,1,1,31.7,1,1,1,2091.2,0,0,0,Kőbánya alsó,,Eiffel Műhelyház,Eiffel Műhelyház,Kodály Zoltán park,villamos
35426131,elado,"Budapest X. kerület, Hang utca 38.",Újhegy,44900000.0,44.9,44900.0,1181578.9473684211,17.619948352712484,13.982362192986097,0,38.0,38.0,1.0,2,1,0,1,0,1,0,0,0,1,58.0,,,0,,,0,,,0,0,0,https://ingatlan.com/35426131,"Eladó panel lakás - Budapest X. kerület, Hang utca #35426131",1108,Budapest,Hang utca,38,közepes állapotú,Panel lakás,1968.0,30-60 év (panel-korszak),0.0,1.0,0.0,1 szoba,38.0,10,10.0,10.0,0,távfűtés,,1,0,0,0,nincs megadva,,,,nem,12000.0,,Ingatlaniroda,,1150.0,4.0,,,,,,,,,0,0,0,,0,0,0,,0,0,,0,0,0,,0,0,0,,,,,0,0,0,,0,0,0,,0,0,0,,0,0,0,,0,0,0,,,,,,
35426805,elado,"Budapest X. kerület, Bányató utca 4.",Újhegy,65000000.0,65.0,65000.0,1300000.0,17.98989782785991,14.077874822431765,0,50.0,50.0,2.0,3,0,0,1,0,0,0,0,0,0,,47.470574,19.159191,1,900.5,500-1000 m,0,1492.9,19.9,0,0,0,https://ingatlan.com/35426805,"Eladó panel lakás - Budapest X. kerület, Bányató utca 4. #35426805",1108,Budapest,Bányató utca,4,nincs megadva,Panel lakás,,Ismeretlen,0.0,2.0,0.0,2 szoba,25.0,nincs megadva,,,0,nincs megadva,,0,0,0,0,nincs megadva,,,,nincs megadva,,,Ingatlaniroda,,1656.0,2.0,,,,,,,,1498.8,0,0,0,991.7,0,0,1,247.6,1,1,991.7,0,0,1,637.9,0,1,1,7.0,26.0,49.0,,0,0,0,,0,0,0,300.1,1,1,1,426.9,0,1,1,1210.5,0,0,0,Kőbánya-Kispest,,Venyige utca,Szövőszék utca,Gőzmozdony park,villamos
35426893,elado,"Budapest X. kerület, Gyárdűlői lakótelep",Gyárdűlő,44750000.0,44.75,44750.0,1491666.6666666667,17.616602002685138,14.215404621022984,0,30.0,31.0,1.0,3,0,0,0,1,0,0,1,0,0,58.0,,,0,,,0,,,0,0,0,https://ingatlan.com/35426893,"Eladó tégla lakás - Budapest X. kerület, Gyárdűlői lakótelep #35426893",1107,Budapest,Gyárdűlői lakótelep,,jó állapotú,Tégla lakás,1968.0,30-60 év (panel-korszak),2.0,1.0,0.0,1 szoba,30.0,1,1.0,3.0,0,gázkazán,,0,1,0,0,C,,,,nem,18400.0,11000.0,Ingatlaniroda,,1059.0,4.0,,,,,,,,,0,0,0,,0,0,0,,0,0,,0,0,0,,0,0,0,,,,,0,0,0,,0,0,0,,0,0,0,,0,0,0,,0,0,0,,,,,,
35427278,elado,"Budapest X. kerület, Kőbánya - Óhegyi lakótelep",Óhegy,42900000.0,42.9,42900.0,1716000.0,17.574382383898246,14.355506559030045,0,25.0,25.0,1.0,4,0,0,0,1,0,0,0,1,0,96.0,47.4752666,19.1504781,0,1096.5,1000-2000 m,0,,,0,0,0,https://ingatlan.com/35427278,"Eladó tégla lakás - Budapest X. kerület, Kőbánya - Óhegyi lakótelep #35427278",1103,Budapest,Kőbánya - Óhegyi lakótelep,,felújított,Tégla lakás,1930.0,60+ év (háború előtti),0.0,1.0,0.0,1 szoba,25.0,földszint,0.0,,0,hőszivattyú,,0,0,1,0,nincs megadva,,,,nincs megadva,,,Ingatlaniroda,,2717.0,4.0,,,,,,,,,0,0,0,,0,0,0,,0,0,,0,0,0,,0,0,0,,,,,0,0,0,,0,0,0,,0,0,0,,0,0,0,,0,0,0,,,,,,
35427680,elado,"Budapest X. kerület, Kőbánya - Óhegy",Óhegy,45900000.0,45.9,45900.0,997826.0869565217,17.641975675030775,13.813334278541678,0,46.0,46.0,2.0,2,1,0,0,1,0,0,0,1,0,58.0,47.4820541,19.132346,0,297.2,150-300 m,0,,,0,0,0,https://ingatlan.com/35427680,"Eladó tégla lakás - Budapest X. kerület, Kőbánya - Óhegy #35427680",1103,Budapest,Kőbánya - Óhegy,,közepes állapotú,Tégla lakás,1968.0,30-60 év (panel-korszak),0.0,2.0,0.0,2 szoba,23.0,földszint,0.0,0.0,0,gáz (konvektor),,0,1,0,0,F,,,,nem,10.0,5.0,Ingatlaniroda,,2044.0,4.0,,,,,,,,,0,0,0,,0,0,0,,0,0,,0,0,0,,0,0,0,,,,,0,0,0,,0,0,0,,0,0,0,,0,0,0,,0,0,0,,,,,,
35427748,elado,"Budapest X. kerület, Mádi utca",Óhegy,43400000.0,43.4,43400.0,1736000.0,17.585969999070635,14.367094174202432,0,25.0,25.0,1.0,4,0,0,0,1,0,1,0,1,0,96.0,47.4822198,19.1509243,0,820.1,500-1000 m,0,,,0,0,0,https://ingatlan.com/35427748,"Eladó tégla lakás - Budapest X. kerület, Mádi utca #35427748",1104,Budapest,Mádi utca,,felújított,Tégla lakás,1930.0,60+ év (háború előtti),0.0,1.0,0.0,1 szoba,25.0,földszint,0.0,0.0,0,hőszivattyú,,0,0,1,0,nincs megadva,,,,igen,,,Ingatlaniroda,,2747.0,4.0,,,,,,,,,0,0,0,,0,0,0,,0,0,,0,0,0,,0,0,0,,,,,0,0,0,,0,0,0,,0,0,0,,0,0,0,,0,0,0,,,,,,
35428030,elado,"Budapest X. kerület, Gergely utca",Újhegy,69900000.0,69.9,69900.0,1318867.924528302,18.06257620720404,14.092284293651916,0,53.0,56.15,2.0,5,0,1,0,1,0,1,1,0,0,21.0,47.4702816,19.1514579,0,666.5,500-1000 m,0,,,0,0,0,https://ingatlan.com/35428030,"Eladó tégla lakás - Budapest X. kerület, Gergely utca #35428030",1103,Budapest,Gergely utca,,újszerű,Tégla lakás,2005.0,10-30 év (rendszerváltás utáni),6.3,2.0,0.0,2 szoba,26.5,félemelet,0.5,4.0,0,házközponti egyedi méréssel,,0,0,0,0,nincs megadva,,,,nem,25650.0,,Ingatlaniroda,,1662.0,4.0,,,,,,,,,0,0,0,,0,0,0,,0,0,,0,0,0,,0,0,0,,,,,0,0,0,,0,0,0,,0,0,0,,0,0,0,,0,0,0,,,,,,
35428234,elado,"Budapest X. kerület, Kőbánya - Óhegyi lakótelep",Óhegy,42900000.0,42.9,42900.0,1716000.0,17.574382383898246,14.355506559030045,0,25.0,25.0,1.0,4,0,0,0,1,0,0,0,1,0,96.0,47.4752666,19.1504781,0,1096.5,1000-2000 m,0,,,0,0,0,https://ingatlan.com/35428234,"Eladó tégla lakás - Budapest X. kerület, Kőbánya - Óhegyi lakótelep #35428234",1103,Budapest,Kőbánya - Óhegyi lakótelep,,felújított,Tégla lakás,1930.0,60+ év (háború előtti),0.0,1.0,0.0,1 szoba,25.0,földszint,0.0,,0,hőszivattyú,,0,0,1,0,nincs megadva,,,,nincs megadva,,,Ingatlaniroda,,2692.0,4.0,,,,,,,,,0,0,0,,0,0,0,,0,0,,0,0,0,,0,0,0,,,,,0,0,0,,0,0,0,,0,0,0,,0,0,0,,0,0,0,,,,,,
35428856,elado,"Budapest X. kerület, Gergely utca",Óhegy,37000000.0,37.0,37000.0,1233333.3333333333,17.4264284706085,14.025231088946343,0,30.0,30.0,1.0,3,0,0,0,1,0,0,0,1,0,58.0,47.4702816,19.1514579,0,666.5,500-1000 m,0,,,0,0,0,https://ingatlan.com/35428856,"Eladó tégla lakás - Budapest X. kerület, Gergely utca #35428856",1103,Budapest,Gergely utca,,jó állapotú,Tégla lakás,1968.0,30-60 év (panel-korszak),0.0,1.0,0.0,1 szoba,30.0,földszint,0.0,,0,gáz (konvektor),,0,1,0,0,nincs megadva,,,,nincs megadva,12000.0,,Ingatlaniroda,,788.0,4.0,,,,,,,,,0,0,0,,0,0,0,,0,0,,0,0,0,,0,0,0,,,,,0,0,0,,0,0,0,,0,0,0,,0,0,0,,0,0,0,,,,,,
35428908,elado,"Budapest X. kerület, Mádi utca",Óhegy,42900000.0,42.9,42900.0,1716000.0,17.574382383898246,14.355506559030045,0,25.0,25.0,1.0,4,0,0,0,1,0,0,0,1,0,96.0,47.4822198,19.1509243,0,820.1,500-1000 m,0,,,0,0,0,https://ingatlan.com/35428908,"Eladó tégla lakás - Budapest X. kerület, Mádi utca #35428908",1104,Budapest,Mádi utca,,felújított,Tégla lakás,1930.0,60+ év (háború előtti),0.0,1.0,0.0,1 szoba,25.0,földszint,0.0,,0,hőszivattyú,,0,0,1,0,nincs megadva,,,,nincs megadva,,,Ingatlaniroda,,2692.0,4.0,,,,,,,,,0,0,0,,0,0,0,,0,0,,0,0,0,,0,0,0,,,,,0,0,0,,0,0,0,,0,0,0,,0,0,0,,0,0,0,,,,,,
35429608,elado,"Budapest X. kerület, Gergely utca",Óhegy,37000000.0,37.0,37000.0,1233333.3333333333,17.4264284706085,14.025231088946343,0,30.0,30.0,1.0,3,0,0,0,1,0,0,0,1,0,58.0,47.4702816,19.1514579,0,666.5,500-1000 m,0,,,0,0,0,https://ingatlan.com/35429608,"Eladó tégla lakás - Budapest X. kerület, Gergely utca #35429608",1103,Budapest,Gergely utca,,jó állapotú,Tégla lakás,1968.0,30-60 év (panel-korszak),0.0,1.0,0.0,1 szoba,30.0,földszint,0.0,,0,gáz (konvektor),,0,1,0,0,nincs megadva,,,,nincs megadva,12000.0,,Ingatlaniroda,,669.0,4.0,,,,,,,,,0,0,0,,0,0,0,,0,0,,0,0,0,,0,0,0,,,,,0,0,0,,0,0,0,,0,0,0,,0,0,0,,0,0,0,,,,,,
35429610,elado,"Budapest X. kerület, Mádi utca",Óhegy,42900000.0,42.9,42900.0,1716000.0,17.574382383898246,14.355506559030045,0,25.0,25.0,1.0,4,0,0,0,1,0,1,0,1,0,96.0,47.4822198,19.1509243,0,820.1,500-1000 m,0,,,0,0,0,https://ingatlan.com/35429610,"Eladó tégla lakás - Budapest X. kerület, Mádi utca #35429610",1104,Budapest,Mádi utca,,felújított,Tégla lakás,1930.0,60+ év (háború előtti),0.0,1.0,0.0,1 szoba,25.0,földszint,0.0,,0,hőszivattyú,,0,0,1,0,nincs megadva,,,,nincs megadva,,,Ingatlaniroda,,2573.0,4.0,,,,,,,,,0,0,0,,0,0,0,,0,0,,0,0,0,,0,0,0,,,,,0,0,0,,0,0,0,,0,0,0,,0,0,0,,0,0,0,,,,,,
35429714,elado,"Budapest X. kerület, Gyárdűlő",Gyárdűlő,141900000.0,141.9,141900.0,1998591.5492957747,18.770633142130272,14.507953265088956,0,71.0,76.595,3.0,3,0,0,0,1,1,1,1,0,0,3.0,47.4754656,19.1221648,0,155.8,150-300 m,0,,,0,0,0,https://ingatlan.com/35429714,"Eladó tégla lakás - Budapest X. kerület, Gyárdűlő #35429714",1107,Budapest,Gyárdűlő,,nincs megadva,Tégla lakás,2023.0,0-10 év,11.19,3.0,0.0,3 szoba,23.666666666666668,7,7.0,,0,házközponti egyedi méréssel,,0,0,0,0,nincs megadva,,,,nincs megadva,,,Ingatlaniroda,,1113.0,4.0,,,,,,,,,0,0,0,,0,0,0,,0,0,,0,0,0,,0,0,0,,,,,0,0,0,,0,0,0,,0,0,0,,0,0,0,,0,0,0,,,,,,
35430437,elado,"Budapest X. kerület, Kőbánya - Újhegyi lakótelep",Újhegy,59900000.0,59.9,59900.0,1109259.2592592593,17.908187063085677,13.919203016521404,0,54.0,55.5,2.0,4,0,0,1,0,1,1,1,0,0,58.0,,,0,,,0,,,0,0,0,https://ingatlan.com/35430437,"Eladó panel lakás - Budapest X. kerület, Kőbánya - Újhegyi lakótelep #35430437",1108,Budapest,Kőbánya - Újhegyi lakótelep,,felújított,Panel lakás,1968.0,30-60 év (panel-korszak),3.0,2.0,0.0,2 szoba,27.0,2,2.0,10.0,0,távfűtés,,1,0,0,0,nincs megadva,,,,nincs megadva,,,Ingatlaniroda,,1631.0,4.0,,,,,,,,,0,0,0,,0,0,0,,0,0,,0,0,0,,0,0,0,,,,,0,0,0,,0,0,0,,0,0,0,,0,0,0,,0,0,0,,,,,,
35430619,elado,"Budapest X. kerület, Szárnyas utca",Gyárdűlő,35000000.0,35.0,35000.0,583333.3333333334,17.37085861945369,13.276514057231587,0,60.0,60.0,2.0,4,0,0,0,1,0,1,0,0,0,38.0,47.4688278,19.1202985,0,762.0,500-1000 m,0,,,0,0,0,https://ingatlan.com/35430619,"Eladó tégla lakás - Budapest X. kerület, Szárnyas utca #35430619",1107,Budapest,Szárnyas utca,,felújított,Tégla lakás,1988.0,30-60 év (panel-korszak),0.0,2.0,0.0,2 szoba,30.0,szuterén,-1.0,,0,"elektromos fűtőpanel, hűtő-fűtő klíma",,0,0,0,0,nincs megadva,,,,nem,12000.0,25000.0,Ingatlaniroda,,1850.0,4.0,,,,,,,,,0,0,0,,0,0,0,,0,0,,0,0,0,,0,0,0,,,,,0,0,0,,0,0,0,,0,0,0,,0,0,0,,0,0,0,,,,,,
35431286,elado,"Budapest X. kerület, Harmat utca 24.",Ligettelek,60000000.0,60.0,60000.0,1000000.0,17.909855120186375,13.815510557964274,0,60.0,60.0,3.0,3,0,0,0,0,0,0,0,0,0,,47.490407,19.135653,1,128.0,<150 m,1,492.0,6.6,0,1,1,https://ingatlan.com/35431286,"Eladó csúsztatott zsalus - Budapest X. kerület, Harmat utca 24. #35431286",1102,Budapest,Harmat utca,24,nincs megadva,Csúsztatott zsalus lakás,,Ismeretlen,0.0,3.0,0.0,3 szoba,20.0,10,10.0,,0,nincs megadva,,0,0,0,0,nincs megadva,,,,nincs megadva,,,Ingatlaniroda,,6.0,2.0,,,,,,,,1981.8,0,0,0,153.6,1,1,1,206.4,1,1,153.6,1,1,1,198.7,1,1,1,17.0,45.0,87.0,1383.1,0,0,0,385.0,0,1,1,752.9,0,0,1,149.3,1,1,1,2036.7,0,0,0,Kőbánya felső,,Szent László Gimnázium,Szent László Gimnázium,Sajó Sándor tér,villamos
35431815,elado,"Budapest X. kerület, Budapest XIX. kerület, Iparos utca 2.",Kőbánya egyéb,63980000.0,63.98,63980.0,1207169.8113207547,17.974081092485648,14.003789178933523,0,53.0,64.19,3.0,6,0,1,0,1,1,1,1,0,0,0.0,47.4427,19.1518,1,129.1,<150 m,1,982.4,13.1,0,0,1,https://ingatlan.com/35431815,"Eladó tégla lakás - Budapest XIX. kerület, Iparos utca 2. #35431815",1194,Budapest,"Budapest XIX. kerület, Iparos utca",2,új építésű,Tégla lakás,2028.0,Új építésű (2025+),22.38,3.0,0.0,3 szoba,17.666666666666668,1,1.0,7.0,0,"padlófűtés, hőszivattyú",,0,0,1,0,A,,,,nem,,,Ingatlaniroda,,2653.0,4.0,,,,,,,,,0,0,0,477.9,0,1,1,243.0,1,1,477.9,0,1,1,457.4,0,1,1,3.0,14.0,43.0,1707.0,0,0,0,,0,0,0,265.8,1,1,1,1413.9,0,0,0,1536.0,0,0,0,Kispest,,"Kispest, Tulipán utca",Áchim András utca / Hofherr Albert utca,Névtelen zöldfelület / park,villamos
35432393,elado,"Budapest X. kerület, Állomás utca",Kőbánya-Városközpont,110900000.0,110.9,110900.0,754421.768707483,18.524139452320597,13.533706865541859,0,147.0,147.0,4.0,4,0,0,0,1,0,1,0,0,0,58.0,47.5210755,19.1483125,0,126.1,<150 m,1,,,0,0,0,https://ingatlan.com/35432393,"Eladó tégla lakás - Budapest X. kerület, Állomás utca #35432393",1102,Budapest,Állomás utca,,felújított,Tégla lakás,1968.0,30-60 év (panel-korszak),0.0,4.0,0.0,4+ szoba,36.75,1,1.0,,0,gázkazán,,0,1,0,0,nincs megadva,,,,nincs megadva,38865.0,,Ingatlaniroda,,1122.0,4.0,,,,,,,,,0,0,0,,0,0,0,,0,0,,0,0,0,,0,0,0,,,,,0,0,0,,0,0,0,,0,0,0,,0,0,0,,0,0,0,,,,,,
35432720,elado,"Budapest X. kerület, Székfűvirág utca 59.",Óhegy,61000000.0,61.0,61000.0,1033898.3050847457,17.926384422137584,13.848846978231865,0,59.0,59.0,3.0,4,0,0,1,0,0,1,0,0,1,58.0,,,0,,,0,,,0,0,0,https://ingatlan.com/35432720,"Eladó panel lakás - Budapest X. kerület, Székfűvirág utca #35432720",1103,Budapest,Székfűvirág utca,59,felújított,Panel lakás,1968.0,30-60 év (panel-korszak),0.0,3.0,0.0,3 szoba,19.666666666666668,4,4.0,4.0,0,távfűtés,,1,0,0,0,nincs megadva,,,,nem,17000.0,26000.0,Ingatlaniroda,,1088.0,4.0,,,,,,,,,0,0,0,,0,0,0,,0,0,,0,0,0,,0,0,0,,,,,0,0,0,,0,0,0,,0,0,0,,0,0,0,,0,0,0,,,,,,
35432805,elado,"Budapest X. kerület, Állomás utca",Ligettelek,23900000.0,23.9,23900.0,853571.4285714285,16.98938901690174,13.657184506726535,0,28.0,28.0,1.0,5,0,1,0,1,0,0,0,0,0,0.0,47.5210755,19.1483125,0,126.1,<150 m,1,,,0,0,0,https://ingatlan.com/35432805,"Eladó tégla lakás - Budapest X. kerület, Állomás utca #35432805",1102,Budapest,Állomás utca,,újszerű,Tégla lakás,2025.0,Új építésű (2025+),0.0,1.0,0.0,1 szoba,28.0,szuterén,-1.0,2.0,0,elektromos fűtőpanel,,0,0,0,0,nincs megadva,,,,nincs megadva,,,Ingatlaniroda,,921.0,4.0,,,,,,,,,0,0,0,,0,0,0,,0,0,,0,0,0,,0,0,0,,,,,0,0,0,,0,0,0,,0,0,0,,0,0,0,,0,0,0,,,,,,
35433568,elado,"Budapest X. kerület, Budapest XIX. kerület, Kazinczy utca 3.",Kőbánya egyéb,63990000.0,63.99,63990.0,1032096.7741935484,17.974237379115642,13.847102994070552,0,62.0,64.5,3.0,3,0,0,1,0,1,0,1,0,0,38.0,47.459301,19.138194,1,773.3,500-1000 m,0,1257.9,16.8,0,0,0,https://ingatlan.com/35433568,"Eladó panel lakás - Budapest XIX. kerület, Kazinczy utca 3. #35433568",1191,Budapest,"Budapest XIX. kerület, Kazinczy utca",3,jó állapotú,Panel lakás,1988.0,30-60 év (panel-korszak),5.0,3.0,0.0,3 szoba,20.666666666666668,1,1.0,10.0,0,házközponti,,0,0,0,0,E,,,,nem,45000.0,7000.0,Ingatlaniroda,,354.0,4.0,,,,,,,,1082.0,0,0,1,225.5,1,1,1,225.7,1,1,225.5,1,1,1,285.4,1,1,1,8.0,42.0,90.0,1235.2,0,0,0,1904.1,0,0,0,260.3,1,1,1,421.9,0,1,1,346.6,1,1,1,Kőbánya-Kispest,,Lehel utca,Lehel utca,Névtelen zöldfelület / park,villamos
35434617,elado,"Budapest X. kerület, Újhegyi út",Újhegy,108800000.0,108.8,108800.0,1554285.7142857143,18.505021892386118,14.256526650336758,0,70.0,77.0,4.0,5,0,1,0,0,1,1,1,0,0,5.0,47.4683201,19.1692118,0,933.0,500-1000 m,0,,,0,0,0,https://ingatlan.com/35434617,"Eladó csúsztatott zsalus - Budapest X. kerület, Újhegyi út #35434617",1108,Budapest,Újhegyi út,,újszerű,Csúsztatott zsalus lakás,2021.0,0-10 év,14.0,4.0,0.0,4+ szoba,17.5,1,1.0,5.0,0,házközponti egyedi méréssel,,0,0,0,0,nincs megadva,,,,nincs megadva,,,Ingatlaniroda,,699.0,4.0,,,,,,,,,0,0,0,,0,0,0,,0,0,,0,0,0,,0,0,0,,,,,0,0,0,,0,0,0,,0,0,0,,0,0,0,,0,0,0,,,,,,
35434777,elado,"Budapest X. kerület, Gergely utca",Óhegy,37000000.0,37.0,37000.0,1233333.3333333333,17.4264284706085,14.025231088946343,0,30.0,30.0,1.0,3,0,0,0,1,0,0,0,1,0,58.0,47.4702816,19.1514579,0,666.5,500-1000 m,0,,,0,0,0,https://ingatlan.com/35434777,"Eladó tégla lakás - Budapest X. kerület, Gergely utca #35434777",1103,Budapest,Gergely utca,,jó állapotú,Tégla lakás,1968.0,30-60 év (panel-korszak),0.0,1.0,0.0,1 szoba,30.0,földszint,0.0,,0,gáz (konvektor),,0,1,0,0,nincs megadva,,,,nincs megadva,,,Ingatlaniroda,,825.0,4.0,,,,,,,,,0,0,0,,0,0,0,,0,0,,0,0,0,,0,0,0,,,,,0,0,0,,0,0,0,,0,0,0,,0,0,0,,0,0,0,,,,,,
35435398,elado,"Budapest X. kerület, Sörgyár utca",Óhegy,59900000.0,59.9,59900.0,1069642.857142857,17.908187063085677,13.88283537235053,0,56.0,56.0,2.0,3,0,0,0,1,0,0,0,0,0,21.0,47.4765022,19.1629614,0,415.1,300-500 m,0,,,0,0,0,https://ingatlan.com/35435398,"Eladó tégla lakás - Budapest X. kerület, Sörgyár utca #35435398",1104,Budapest,Sörgyár utca,,jó állapotú,Tégla lakás,2005.0,10-30 év (rendszerváltás utáni),0.0,2.0,0.0,2 szoba,28.0,3,3.0,,0,gázkazán,,0,1,0,0,nincs megadva,,,,nincs megadva,,,Ingatlaniroda,,2257.0,4.0,,,,,,,,,0,0,0,,0,0,0,,0,0,,0,0,0,,0,0,0,,,,,0,0,0,,0,0,0,,0,0,0,,0,0,0,,0,0,0,,,,,,
35436126,elado,"Budapest X. kerület, Alkér utca",Óhegy,29800000.0,29.8,29800.0,931250.0,17.210018951475632,13.744283048675907,0,32.0,32.0,1.0,1,1,0,0,1,0,0,0,1,0,58.0,47.4771294,19.1467211,0,1008.6,1000-2000 m,0,,,0,0,0,https://ingatlan.com/35436126,"Eladó tégla lakás - Budapest X. kerület, Alkér utca #35436126",1104,Budapest,Alkér utca,,felújítandó,Tégla lakás,1968.0,30-60 év (panel-korszak),0.0,1.0,0.0,1 szoba,32.0,földszint,0.0,0.0,0,gáz (konvektor),,0,1,0,0,nincs megadva,,,,igen,,,Ingatlaniroda,,1774.0,4.0,,,,,,,,,0,0,0,,0,0,0,,0,0,,0,0,0,,0,0,0,,,,,0,0,0,,0,0,0,,0,0,0,,0,0,0,,0,0,0,,,,,,
35436571,elado,"Budapest X. kerület, Állomás utca",Ligettelek,21500000.0,21.5,21500.0,767857.1428571428,16.883563493097892,13.551358982922688,0,28.0,28.0,1.0,4,0,0,0,1,0,0,0,0,0,96.0,47.5210755,19.1483125,0,126.1,<150 m,1,,,0,0,0,https://ingatlan.com/35436571,"Eladó tégla lakás - Budapest X. kerület, Állomás utca #35436571",1102,Budapest,Állomás utca,,felújított,Tégla lakás,1930.0,60+ év (háború előtti),0.0,1.0,0.0,1 szoba,28.0,szuterén,-1.0,2.0,0,elektromos fűtőpanel,,0,0,0,0,nincs megadva,,,,igen,7500.0,10000.0,Ingatlaniroda,,319.0,4.0,,,,,,,,,0,0,0,,0,0,0,,0,0,,0,0,0,,0,0,0,,,,,0,0,0,,0,0,0,,0,0,0,,0,0,0,,0,0,0,,,,,,
35436979,elado,"Budapest X. kerület, Csombor utca",Óhegy,79000000.0,79.0,79000.0,1067567.5675675676,18.184958410431296,13.880893317227127,0,74.0,74.5,3.0,3,0,0,1,0,0,1,1,0,0,38.0,47.477123,19.1518234,0,914.6,500-1000 m,0,,,0,0,0,https://ingatlan.com/35436979,"Eladó panel lakás - Budapest X. kerület, Csombor utca #35436979",1103,Budapest,Csombor utca,,jó állapotú,Panel lakás,1988.0,30-60 év (panel-korszak),1.0,3.0,0.0,3 szoba,24.666666666666668,félemelet,0.5,4.0,0,"távfűtés, hűtő-fűtő klíma",,1,0,0,0,nincs megadva,,,,igen,20700.0,,Ingatlaniroda,,1343.0,2.0,,,,,,,,,0,0,0,,0,0,0,,0,0,,0,0,0,,0,0,0,,,,,0,0,0,,0,0,0,,0,0,0,,0,0,0,,0,0,0,,,,,,
35437869,elado,"Budapest X. kerület, Gőzmozdony utca",Újhegy,70500000.0,70.5,70500.0,1036764.7058823529,18.071123267782497,13.85161556260639,0,68.0,69.0,3.0,3,0,0,1,0,1,1,1,0,0,,47.4693516,19.1581878,0,747.5,500-1000 m,0,,,0,0,0,https://ingatlan.com/35437869,"Eladó panel lakás - Budapest X. kerület, Gőzmozdony utca #35437869",1108,Budapest,Gőzmozdony utca,,jó állapotú,Panel lakás,,Ismeretlen,2.0,3.0,0.0,3 szoba,22.666666666666668,9,9.0,10.0,0,távfűtés,,1,0,0,0,nincs megadva,,,,nincs megadva,19000.0,18000.0,Ingatlaniroda,,849.0,2.0,,,,,,,,,0,0,0,,0,0,0,,0,0,,0,0,0,,0,0,0,,,,,0,0,0,,0,0,0,,0,0,0,,0,0,0,,0,0,0,,,,,,
35438238,elado,"Budapest X. kerület, Oltó utca",Újhegy,59500000.0,59.5,59500.0,1190000.0,17.901486870515857,13.989463865087712,0,50.0,52.0,2.0,4,0,0,1,0,1,1,1,0,0,38.0,47.4691634,19.1592716,0,756.6,500-1000 m,0,,,0,0,0,https://ingatlan.com/35438238,"Eladó panel lakás - Budapest X. kerület, Oltó utca #35438238",1108,Budapest,Oltó utca,,felújított,Panel lakás,1988.0,30-60 év (panel-korszak),4.0,2.0,0.0,2 szoba,25.0,9,9.0,10.0,0,"távfűtés, hűtő-fűtő klíma",,1,0,0,0,nincs megadva,,,,nem,15000.0,,Ingatlaniroda,,691.0,4.0,,,,,,,,,0,0,0,,0,0,0,,0,0,,0,0,0,,0,0,0,,,,,0,0,0,,0,0,0,,0,0,0,,0,0,0,,0,0,0,,,,,,
35438312,elado,"Budapest X. kerület, Kőbánya - Óhegy",Óhegy,67900000.0,67.9,67900.0,917567.5675675676,18.033546592528925,13.729481499324756,0,74.0,74.0,3.0,1,1,0,0,0,1,0,0,0,0,38.0,47.4820541,19.132346,0,297.2,150-300 m,0,,,0,0,0,https://ingatlan.com/35438312,"Eladó csúsztatott zsalus - Budapest X. kerület, Kőbánya - Óhegy #35438312",1103,Budapest,Kőbánya - Óhegy,,felújítandó,Csúsztatott zsalus lakás,1988.0,30-60 év (panel-korszak),0.0,3.0,0.0,3 szoba,24.666666666666668,1,1.0,6.0,0,távfűtés egyedi méréssel,,1,0,0,0,nincs megadva,,,,nincs megadva,23247.0,,Ingatlaniroda,,584.0,4.0,,,,,,,,,0,0,0,,0,0,0,,0,0,,0,0,0,,0,0,0,,,,,0,0,0,,0,0,0,,0,0,0,,0,0,0,,0,0,0,,,,,,
35439448,elado,"Budapest X. kerület, Kőbánya - Óhegy",Óhegy,58800000.0,58.8,58800.0,1050000.0,17.889652412868855,13.864300722133706,0,56.0,56.0,2.0,2,1,0,0,1,0,1,0,1,0,38.0,47.4820541,19.132346,0,297.2,150-300 m,0,,,0,0,0,https://ingatlan.com/35439448,"Eladó tégla lakás - Budapest X. kerület, Kőbánya - Óhegy #35439448",1103,Budapest,Kőbánya - Óhegy,,közepes állapotú,Tégla lakás,1988.0,30-60 év (panel-korszak),0.0,2.0,0.0,2 szoba,28.0,földszint,0.0,4.0,0,gáz (konvektor),,0,1,0,0,H,,,,igen,14725.0,20000.0,Ingatlaniroda,,2997.0,4.0,,,,,,,,,0,0,0,,0,0,0,,0,0,,0,0,0,,0,0,0,,,,,0,0,0,,0,0,0,,0,0,0,,0,0,0,,0,0,0,,,,,,
35441762,elado,"Budapest X. kerület, Kőbánya-Városközpont",Kőbánya-Városközpont,22700000.0,22.7,22700.0,908000.0,16.93787548245163,13.71899965758343,0,25.0,25.0,1.0,4,0,0,0,1,0,0,0,0,0,,47.482503,19.1307351,0,213.3,150-300 m,0,,,0,0,0,https://ingatlan.com/35441762,"Eladó tégla lakás - Budapest X. kerület, Kőbánya-Városközpont #35441762",1105,Budapest,Kőbánya-Városközpont,,felújított,Tégla lakás,,Ismeretlen,0.0,1.0,0.0,1 szoba,25.0,szuterén,-1.0,,0,elektromos fűtőpanel,,0,0,0,0,nincs megadva,,,,nincs megadva,,,Ingatlaniroda,,1931.0,4.0,,,,,,,,,0,0,0,,0,0,0,,0,0,,0,0,0,,0,0,0,,,,,0,0,0,,0,0,0,,0,0,0,,0,0,0,,0,0,0,,,,,,
35442232,elado,"Budapest X. kerület, Cserkesz utca",Óhegy,47000000.0,47.0,47000.0,1305555.5555555555,17.665658159674333,14.082139221218222,0,36.0,36.0,1.0,3,0,0,0,1,0,0,0,0,0,,47.4804126,19.1314452,0,150.6,150-300 m,0,,,0,0,0,https://ingatlan.com/35442232,"Eladó tégla lakás - Budapest X. kerület, Cserkesz utca #35442232",1105,Budapest,Cserkesz utca,,nincs megadva,Tégla lakás,,Ismeretlen,0.0,1.0,0.0,1 szoba,36.0,nincs megadva,,,0,nincs megadva,,0,0,0,0,nincs megadva,,,,nincs megadva,,,Ingatlaniroda,,1074.0,4.0,,,,,,,,,0,0,0,,0,0,0,,0,0,,0,0,0,,0,0,0,,,,,0,0,0,,0,0,0,,0,0,0,,0,0,0,,0,0,0,,,,,,
35443735,elado,"Budapest X. kerület, Kőrösi Csoma Sándor út",Kőbánya-Városközpont,69990000.0,69.99,69990.0,1093593.75,18.06386293266572,13.90497984930605,0,64.0,64.0,3.0,3,0,0,1,0,1,1,0,0,1,,47.4865004,19.1327222,0,533.8,500-1000 m,0,,,0,0,0,https://ingatlan.com/35443735,"Eladó panel lakás - Budapest X. kerület, Kőrösi Csoma Sándor út #35443735",1102,Budapest,Kőrösi Csoma Sándor út,,jó állapotú,Panel lakás,,Ismeretlen,0.0,3.0,0.0,3 szoba,21.333333333333332,10,10.0,10.0,0,nincs megadva,,0,0,0,0,nincs megadva,,,,nincs megadva,,,Ingatlaniroda,,632.0,4.0,,,,,,,,,0,0,0,,0,0,0,,0,0,,0,0,0,,0,0,0,,,,,0,0,0,,0,0,0,,0,0,0,,0,0,0,,0,0,0,,,,,,
35443744,elado,"Budapest X. kerület, Kőbánya - Óhegy",Óhegy,77700000.0,77.7,77700.0,1050000.0,18.168365815337875,13.864300722133706,0,74.0,74.5,3.0,3,0,0,1,0,0,1,1,0,0,58.0,47.4820541,19.132346,0,297.2,150-300 m,0,,,0,0,0,https://ingatlan.com/35443744,"Eladó panel lakás - Budapest X. kerület, Kőbánya - Óhegy #35443744",1103,Budapest,Kőbánya - Óhegy,,jó állapotú,Panel lakás,1968.0,30-60 év (panel-korszak),1.0,3.0,0.0,3 szoba,24.666666666666668,félemelet,0.5,4.0,0,távfűtés,,1,0,0,0,nincs megadva,,,,nem,20000.0,,Ingatlaniroda,,1837.0,4.0,,,,,,,,,0,0,0,,0,0,0,,0,0,,0,0,0,,0,0,0,,,,,0,0,0,,0,0,0,,0,0,0,,0,0,0,,0,0,0,,,,,,
35443797,elado,"Budapest X. kerület, Bányató utca",Újhegy,59900000.0,59.9,59900.0,1222448.9795918367,17.908187063085677,14.016366764975052,0,49.0,50.5,2.0,3,0,0,1,0,0,0,1,0,0,,47.4645943,19.1669132,0,486.4,300-500 m,0,,,0,0,0,https://ingatlan.com/35443797,"Eladó panel lakás - Budapest X. kerület, Bányató utca #35443797",1108,Budapest,Bányató utca,,nincs megadva,Panel lakás,,Ismeretlen,3.0,2.0,0.0,2 szoba,24.5,nincs megadva,,,0,nincs megadva,,0,0,0,0,nincs megadva,,,,nincs megadva,,,Ingatlaniroda,,1253.0,2.0,,,,,,,,,0,0,0,,0,0,0,,0,0,,0,0,0,,0,0,0,,,,,0,0,0,,0,0,0,,0,0,0,,0,0,0,,0,0,0,,,,,,
35443897,elado,"Budapest X. kerület, Kőbánya - Óhegy",Óhegy,77770000.0,77.77,77770.0,1036933.3333333334,18.169266310671127,13.851778197134816,0,75.0,75.5,3.0,3,0,0,1,0,0,0,1,1,0,58.0,47.4820541,19.132346,0,297.2,150-300 m,0,,,0,0,0,https://ingatlan.com/35443897,"Eladó csúsztatott zsalus - Budapest X. kerület, Kőbánya - Óhegy #35443897",1103,Budapest,Kőbánya - Óhegy,,jó állapotú,Panel lakás,1968.0,30-60 év (panel-korszak),1.0,3.0,0.0,3 szoba,25.0,földszint,0.0,4.0,0,távfűtés,,1,0,0,0,nincs megadva,,,,nem,,,Ingatlaniroda,,1631.0,4.0,,,,,,,,,0,0,0,,0,0,0,,0,0,,0,0,0,,0,0,0,,,,,0,0,0,,0,0,0,,0,0,0,,0,0,0,,0,0,0,,,,,,
35444444,elado,"Budapest X. kerület, Gyárdűlő",Gyárdűlő,76990000.0,76.99,76990.0,1283166.6666666667,18.15918610125423,14.064841539032132,0,60.0,61.995,2.0,3,0,0,1,0,1,1,1,0,0,58.0,47.4754656,19.1221648,0,155.8,150-300 m,0,,,0,0,0,https://ingatlan.com/35444444,"Eladó panel lakás - Budapest X. kerület, Gyárdűlő #35444444",1107,Budapest,Gyárdűlő,,jó állapotú,Panel lakás,1968.0,30-60 év (panel-korszak),3.99,2.0,0.0,2 szoba,30.0,9,9.0,10.0,0,távfűtés egyedi méréssel,,1,0,0,0,nincs megadva,,,,nem,,,Ingatlaniroda,,2477.0,4.0,,,,,,,,,0,0,0,,0,0,0,,0,0,,0,0,0,,0,0,0,,,,,0,0,0,,0,0,0,,0,0,0,,0,0,0,,0,0,0,,,,,,
35444474,elado,"Budapest X. kerület, Kőbánya - Újhegyi lakótelep",Újhegy,73990000.0,73.99,73990.0,1072318.8405797102,18.119440506901732,13.885334002304475,0,69.0,70.995,3.0,2,1,0,1,0,1,0,1,0,0,58.0,,,0,,,0,,,0,0,0,https://ingatlan.com/35444474,"Eladó panel lakás - Budapest X. kerület, Kőbánya - Újhegyi lakótelep #35444474",1108,Budapest,Kőbánya - Újhegyi lakótelep,,közepes állapotú,Panel lakás,1968.0,30-60 év (panel-korszak),3.99,3.0,0.0,3 szoba,23.0,4,4.0,10.0,0,nincs megadva,,0,0,0,0,nincs megadva,,,,nem,,,Ingatlaniroda,,1757.0,4.0,,,,,,,,,0,0,0,,0,0,0,,0,0,,0,0,0,,0,0,0,,,,,0,0,0,,0,0,0,,0,0,0,,0,0,0,,0,0,0,,,,,,
35445212,elado,"Budapest X. kerület, Kőbánya - Óhegy",Óhegy,77700000.0,77.7,77700.0,1050000.0,18.168365815337875,13.864300722133706,0,74.0,74.0,3.0,3,0,0,1,0,0,1,0,0,0,58.0,47.4820541,19.132346,0,297.2,150-300 m,0,,,0,0,0,https://ingatlan.com/35445212,"Eladó panel lakás - Budapest X. kerület, Kőbánya - Óhegy #35445212",1103,Budapest,Kőbánya - Óhegy,,jó állapotú,Panel lakás,1968.0,30-60 év (panel-korszak),0.0,3.0,0.0,3 szoba,24.666666666666668,félemelet,0.5,5.0,0,"távfűtés, hűtő-fűtő klíma",,1,0,0,0,nincs megadva,,,,nem,,,Ingatlaniroda,,1452.0,4.0,,,,,,,,,0,0,0,,0,0,0,,0,0,,0,0,0,,0,0,0,,,,,0,0,0,,0,0,0,,0,0,0,,0,0,0,,0,0,0,,,,,,
35445666,elado,"Budapest X. kerület, Gyógyszergyári utca",Felsőrákos,109900000.0,109.9,109900.0,1248863.6363636365,18.51508141937385,14.037744604895643,0,88.0,98.0,4.0,3,0,0,0,1,1,1,1,0,0,0.0,47.4994212,19.1493566,0,351.7,300-500 m,0,,,0,0,0,https://ingatlan.com/35445666,"Eladó tégla lakás - Budapest X. kerület, Gyógyszergyári utca #35445666",1106,Budapest,Gyógyszergyári utca,,nincs megadva,Tégla lakás,2026.0,Új építésű (2025+),20.0,4.0,0.0,4+ szoba,22.0,6,6.0,7.0,0,házközponti egyedi méréssel,,0,0,0,0,nincs megadva,,,,nincs megadva,,,Ingatlaniroda,,1852.0,4.0,,,,,,,,,0,0,0,,0,0,0,,0,0,,0,0,0,,0,0,0,,,,,0,0,0,,0,0,0,,0,0,0,,0,0,0,,0,0,0,,,,,,
35445965,elado,"Budapest X. kerület, Kápolna utca",Kőbánya-Városközpont,66000000.0,66.0,66000.0,1047619.0476190476,18.0051652999907,13.862030573599167,0,63.0,63.0,3.0,2,1,0,1,0,1,0,0,0,0,,47.4823363,19.1289949,0,88.5,<150 m,1,,,0,0,0,https://ingatlan.com/35445965,"Eladó panel lakás - Budapest X. kerület, Kápolna utca #35445965",1102,Budapest,Kápolna utca,,közepes állapotú,Panel lakás,,Ismeretlen,0.0,3.0,0.0,3 szoba,21.0,4,4.0,7.0,0,nincs megadva,,0,0,0,0,nincs megadva,,,,nincs megadva,,,Ingatlaniroda,,642.0,2.0,,,,,,,,,0,0,0,,0,0,0,,0,0,,0,0,0,,0,0,0,,,,,0,0,0,,0,0,0,,0,0,0,,0,0,0,,0,0,0,,,,,,
35446406,elado,"Budapest X. kerület, Szent László tér",Ligettelek,83700000.0,83.7,83700.0,930000.0,18.242749535459705,13.742939865129438,0,90.0,90.0,4.0,3,0,0,0,1,0,0,0,0,0,96.0,47.568134,19.0964234,0,4755.0,>2000 m (referencia),0,,,0,0,0,https://ingatlan.com/35446406,"Eladó tégla lakás - Budapest X. kerület, Szent László tér #35446406",1102,Budapest,Szent László tér,,jó állapotú,Tégla lakás,1930.0,60+ év (háború előtti),0.0,4.0,0.0,4+ szoba,22.5,nincs megadva,,0.0,0,gáz (konvektor),,0,1,0,0,I,,,,igen,,35000.0,Ingatlaniroda,,2278.0,4.0,,,,,,,,,0,0,0,,0,0,0,,0,0,,0,0,0,,0,0,0,,,,,0,0,0,,0,0,0,,0,0,0,,0,0,0,,0,0,0,,,,,,
35446632,elado,"Budapest X. kerület, Laposdűlő",Laposdűlő,74900000.0,74.9,74900.0,1026027.3972602739,18.13166444848745,13.841205007339056,0,73.0,75.25,3.0,3,0,0,1,0,0,1,1,0,1,38.0,47.4927492,19.1144828,0,359.2,300-500 m,0,,,0,0,0,https://ingatlan.com/35446632,"Eladó panel lakás - Budapest X. kerület, Laposdűlő #35446632",1101,Budapest,Laposdűlő,,jó állapotú,Panel lakás,1988.0,30-60 év (panel-korszak),4.5,3.0,0.0,3 szoba,24.333333333333332,4,4.0,4.0,0,házközponti,,0,0,0,0,nincs megadva,,,,igen,,,Ingatlaniroda,,1892.0,4.0,,,,,,,,,0,0,0,,0,0,0,,0,0,,0,0,0,,0,0,0,,,,,0,0,0,,0,0,0,,0,0,0,,0,0,0,,0,0,0,,,,,,
35447348,elado,"Budapest X. kerület, Cserkesz utca",Óhegy,78900000.0,78.9,78900.0,950602.4096385542,18.1836917858161,13.764851178019505,0,83.0,83.0,2.0,3,0,0,0,1,0,0,0,0,0,96.0,47.4804126,19.1314452,0,150.6,150-300 m,0,,,0,0,0,https://ingatlan.com/35447348,"Eladó tégla lakás - Budapest X. kerület, Cserkesz utca #35447348",1105,Budapest,Cserkesz utca,,jó állapotú,Tégla lakás,1930.0,60+ év (háború előtti),0.0,2.0,0.0,2 szoba,41.5,2,2.0,4.0,0,"gázkazán, cserépkályha",,0,1,0,0,nincs megadva,,,,nem,23000.0,,Ingatlaniroda,,1213.0,4.0,,,,,,,,,0,0,0,,0,0,0,,0,0,,0,0,0,,0,0,0,,,,,0,0,0,,0,0,0,,0,0,0,,0,0,0,,0,0,0,,,,,,
35448080,elado,"Budapest X. kerület, Zöldpálya utca",Kőbánya-Kertváros,108000000.0,108.0,108000.0,1090909.0909090908,18.497641785088494,13.902521934953905,0,99.0,110.0,5.0,3,0,0,0,1,0,0,1,0,0,,47.482523,19.2060728,0,92.3,<150 m,1,,,0,0,0,https://ingatlan.com/35448080,"Eladó tégla lakás - Budapest X. kerület, Zöldpálya utca #35448080",1106,Budapest,Zöldpálya utca,,nincs megadva,Tégla lakás,,Ismeretlen,22.0,5.0,0.0,4+ szoba,19.8,nincs megadva,,,0,nincs megadva,,0,0,0,0,nincs megadva,,,,nincs megadva,,,Ingatlaniroda,,501.0,2.0,,,,,,,,,0,0,0,,0,0,0,,0,0,,0,0,0,,0,0,0,,,,,0,0,0,,0,0,0,,0,0,0,,0,0,0,,0,0,0,,,,,,
35448921,elado,"Budapest X. kerület, Kada utca",Óhegy,47500000.0,47.5,47500.0,1319444.4444444445,17.676240269004868,14.092721330548759,0,36.0,36.0,1.0,4,0,0,0,1,0,0,0,1,0,58.0,47.4725364,19.1432199,0,536.5,500-1000 m,0,,,0,0,0,https://ingatlan.com/35448921,"Eladó tégla lakás - Budapest X. kerület, Kada utca #35448921",1106,Budapest,Kada utca,,felújított,Tégla lakás,1968.0,30-60 év (panel-korszak),0.0,1.0,0.0,1 szoba,36.0,földszint,0.0,4.0,0,gáz (konvektor),,0,1,0,0,nincs megadva,,,,nincs megadva,,,Ingatlaniroda,,1354.0,4.0,,,,,,,,,0,0,0,,0,0,0,,0,0,,0,0,0,,0,0,0,,,,,0,0,0,,0,0,0,,0,0,0,,0,0,0,,0,0,0,,,,,,
35448929,elado,"Budapest X. kerület, Salgótarjáni utca 38.",Laposdűlő,51000000.0,51.0,51000.0,1342105.2631578948,17.7473361906886,14.109750030962214,0,38.0,38.0,2.0,4,0,0,0,1,0,0,0,0,0,96.0,,,0,,,0,,,0,0,0,https://ingatlan.com/35448929,"Eladó tégla lakás - Budapest X. kerület, Salgótarjáni utca #35448929",1101,Budapest,Salgótarjáni utca,38,felújított,Tégla lakás,1930.0,60+ év (háború előtti),0.0,2.0,0.0,2 szoba,19.0,3,3.0,4.0,0,"gáz (konvektor), elektromos fűtőpanel",,0,1,0,0,nincs megadva,,,,nem,14100.0,,Ingatlaniroda,,537.0,2.0,,,,,,,,,0,0,0,,0,0,0,,0,0,,0,0,0,,0,0,0,,,,,0,0,0,,0,0,0,,0,0,0,,0,0,0,,0,0,0,,,,,,
35449823,elado,"Budapest X. kerület, Gyöngyike utca",Laposdűlő,43800000.0,43.8,43800.0,1183783.7837837837,17.595144375346674,13.98422646270245,0,37.0,37.0,2.0,3,0,0,0,1,0,1,0,1,0,96.0,47.4898628,19.1169958,0,135.2,<150 m,1,,,0,0,0,https://ingatlan.com/35449823,"Eladó tégla lakás - Budapest X. kerület, Gyöngyike utca #35449823",1101,Budapest,Gyöngyike utca,,jó állapotú,Tégla lakás,1930.0,60+ év (háború előtti),0.0,2.0,0.0,2 szoba,18.5,földszint,0.0,4.0,0,"hűtő-fűtő klíma, gáz (konvektor)",,0,1,0,0,G,,,,nem,12900.0,28000.0,Ingatlaniroda,,1711.0,4.0,,,,,,,,,0,0,0,,0,0,0,,0,0,,0,0,0,,0,0,0,,,,,0,0,0,,0,0,0,,0,0,0,,0,0,0,,0,0,0,,,,,,
35450191,elado,"Budapest X. kerület, Ligettelek",Ligettelek,63000000.0,63.0,63000.0,1125000.0,17.958645284355807,13.933293593620657,0,56.0,58.0,2.0,3,0,0,0,0,1,0,1,0,0,58.0,47.493646,19.1300619,0,227.7,150-300 m,0,,,0,0,0,https://ingatlan.com/35450191,"Eladó csúsztatott zsalus - Budapest X. kerület, Ligettelek #35450191",1101,Budapest,Ligettelek,,jó állapotú,Csúsztatott zsalus lakás,1968.0,30-60 év (panel-korszak),4.0,2.0,0.0,2 szoba,28.0,1,1.0,9.0,0,távfűtés,,1,0,0,0,nincs megadva,,,,nem,15820.0,,Ingatlaniroda,,1032.0,4.0,,,,,,,,,0,0,0,,0,0,0,,0,0,,0,0,0,,0,0,0,,,,,0,0,0,,0,0,0,,0,0,0,,0,0,0,,0,0,0,,,,,,
35450500,elado,"Budapest X. kerület, Kőbánya - Óhegyi lakótelep",Óhegy,77770000.0,77.77,77770.0,1050945.945945946,18.169266310671127,13.865201217466957,0,74.0,74.0,3.0,3,0,0,1,0,0,1,0,1,0,58.0,47.4752666,19.1504781,0,1096.5,1000-2000 m,0,,,0,0,0,https://ingatlan.com/35450500,"Eladó panel lakás - Budapest X. kerület, Kőbánya - Óhegyi lakótelep #35450500",1103,Budapest,Kőbánya - Óhegyi lakótelep,,jó állapotú,Panel lakás,1968.0,30-60 év (panel-korszak),0.0,3.0,0.0,3 szoba,24.666666666666668,földszint,0.0,4.0,0,házközponti,,0,0,0,0,nincs megadva,,,,nincs megadva,21000.0,,Ingatlaniroda,,1630.0,4.0,,,,,,,,,0,0,0,,0,0,0,,0,0,,0,0,0,,0,0,0,,,,,0,0,0,,0,0,0,,0,0,0,,0,0,0,,0,0,0,,,,,,
35452425,elado,"Budapest X. kerület, Kőrösi Csoma Sándor út",Kőbánya-Városközpont,68000000.0,68.0,68000.0,1619047.619047619,18.03501826314038,14.297348644857012,0,42.0,42.0,2.0,3,0,0,0,0,1,1,0,0,1,,47.4865004,19.1327222,0,533.8,500-1000 m,0,,,0,0,0,https://ingatlan.com/35452425,"Eladó csúsztatott zsalus - Budapest X. kerület, Kőrösi Csoma Sándor út #35452425",1102,Budapest,Kőrösi Csoma Sándor út,,jó állapotú,Csúsztatott zsalus lakás,,Ismeretlen,0.0,2.0,0.0,2 szoba,21.0,7,7.0,7.0,0,távfűtés,,1,0,0,0,F,,,,nincs megadva,15000.0,10000.0,Ingatlaniroda,,1730.0,2.0,,,,,,,,,0,0,0,,0,0,0,,0,0,,0,0,0,,0,0,0,,,,,0,0,0,,0,0,0,,0,0,0,,0,0,0,,0,0,0,,,,,,
35452491,elado,"Budapest X. kerület, Kistorony park",Laposdűlő,95000000.0,95.0,95000.0,1055555.5555555555,18.369387449564815,13.86957777923455,0,90.0,90.0,4.0,5,0,1,0,1,0,1,0,0,0,58.0,47.4858244,19.1243024,0,42.5,<150 m,1,,,0,0,0,https://ingatlan.com/35452491,"Eladó tégla lakás - Budapest X. kerület, Kistorony park #35452491",1101,Budapest,Kistorony park,,újszerű,Tégla lakás,1968.0,30-60 év (panel-korszak),0.0,4.0,0.0,4+ szoba,22.5,1,1.0,2.0,0,gázkazán,,0,1,0,0,nincs megadva,,,,nem,,,Ingatlaniroda,,1657.0,4.0,,,,,,,,,0,0,0,,0,0,0,,0,0,,0,0,0,,0,0,0,,,,,0,0,0,,0,0,0,,0,0,0,,0,0,0,,0,0,0,,,,,,
35452531,elado,"Budapest X. kerület, Agyagfejtő utca 2.",Újhegy,51000000.0,51.0,51000.0,1040816.3265306122,17.7473361906886,13.855515892577973,0,49.0,50.5,2.0,2,1,0,1,0,1,1,1,1,0,58.0,47.472616,19.160972,1,859.3,500-1000 m,0,1708.0,22.8,0,0,0,https://ingatlan.com/35452531,"Eladó panel lakás - Budapest X. kerület, Agyagfejtő utca 2. #35452531",1108,Budapest,Agyagfejtő utca,2,közepes állapotú,Panel lakás,1968.0,30-60 év (panel-korszak),3.0,2.0,0.0,2 szoba,24.5,földszint,0.0,10.0,0,távfűtés,,1,0,0,0,nincs megadva,,,,nincs megadva,15300.0,,Ingatlaniroda,,1780.0,4.0,,,,,,,,1714.0,0,0,0,803.1,0,0,1,214.1,1,1,803.1,0,0,1,895.9,0,0,1,4.0,24.0,51.0,,0,0,0,,0,0,0,360.5,1,1,1,447.8,0,1,1,1022.0,0,0,1,Kőbánya-Kispest,,Venyige utca,Sibrik Miklós út,Újhegy park,villamos
35453879,elado,"Budapest X. kerület, Liget utca",Ligettelek,67000000.0,67.0,67000.0,943661.9718309859,18.02020317735524,13.757523300313924,0,71.0,71.0,2.0,3,0,0,0,1,0,0,0,0,0,96.0,47.4890878,19.1331022,0,246.8,150-300 m,0,,,0,0,0,https://ingatlan.com/35453879,"Eladó tégla lakás - Budapest X. kerület, Liget utca #35453879",1102,Budapest,Liget utca,,jó állapotú,Tégla lakás,1930.0,60+ év (háború előtti),0.0,2.0,0.0,2 szoba,35.5,1,1.0,,0,gázkazán,,0,1,0,0,nincs megadva,,,,nincs megadva,20000.0,,Ingatlaniroda,,656.0,4.0,,,,,,,,,0,0,0,,0,0,0,,0,0,,0,0,0,,0,0,0,,,,,0,0,0,,0,0,0,,0,0,0,,0,0,0,,0,0,0,,,,,,
35454228,elado,"Budapest X. kerület, Kőbánya - Óhegy",Óhegy,57200000.0,57.2,57200.0,1003508.7719298246,17.862064456350026,13.819013188515477,0,57.0,57.0,3.0,2,1,0,1,0,0,0,0,0,0,,47.4820541,19.132346,0,297.2,150-300 m,0,,,0,0,0,https://ingatlan.com/35454228,"Eladó panel lakás - Budapest X. kerület, Kőbánya - Óhegy #35454228",1103,Budapest,Kőbánya - Óhegy,,közepes állapotú,Panel lakás,,Ismeretlen,0.0,3.0,0.0,3 szoba,19.0,félemelet,0.5,4.0,0,távfűtés egyedi méréssel,,1,0,0,0,B,,,,nincs megadva,14999.0,,Ingatlaniroda,,2101.0,4.0,,,,,,,,,0,0,0,,0,0,0,,0,0,,0,0,0,,0,0,0,,,,,0,0,0,,0,0,0,,0,0,0,,0,0,0,,0,0,0,,,,,,
35454532,elado,"Budapest X. kerület, Kőbánya - Óhegyi lakótelep",Óhegy,47500000.0,47.5,47500.0,1319444.4444444445,17.676240269004868,14.092721330548759,0,36.0,36.0,1.0,4,0,0,0,1,0,0,0,1,0,58.0,47.4752666,19.1504781,0,1096.5,1000-2000 m,0,,,0,0,0,https://ingatlan.com/35454532,"Eladó tégla lakás - Budapest X. kerület, Kőbánya - Óhegyi lakótelep #35454532",1103,Budapest,Kőbánya - Óhegyi lakótelep,,felújított,Tégla lakás,1968.0,30-60 év (panel-korszak),0.0,1.0,0.0,1 szoba,36.0,földszint,0.0,,0,gáz (konvektor),,0,1,0,0,nincs megadva,,,,nincs megadva,,,Ingatlaniroda,,1633.0,4.0,,,,,,,,,0,0,0,,0,0,0,,0,0,,0,0,0,,0,0,0,,,,,0,0,0,,0,0,0,,0,0,0,,0,0,0,,0,0,0,,,,,,
35454994,elado,"Budapest X. kerület, Hungária körút 5-7.",Laposdűlő,49900000.0,49.9,49900.0,1425714.2857142857,17.72553156072175,14.170183499232333,0,35.0,35.0,2.0,4,0,0,1,0,1,0,0,0,0,38.0,47.491796,19.109243,1,369.0,300-500 m,0,,,0,0,0,https://ingatlan.com/35454994,"Eladó panel lakás - Budapest X. kerület, Hungária körút 5-7. #35454994",1101,Budapest,Hungária körút,5-7,felújított,Panel lakás,1988.0,30-60 év (panel-korszak),0.0,2.0,0.0,2 szoba,17.5,6,6.0,10.0,0,távfűtés,,1,0,0,0,nincs megadva,,,,nem,17150.0,25000.0,Ingatlaniroda,,1025.0,2.0,,,,,,,,1037.0,0,0,1,119.5,1,1,1,120.8,1,1,119.5,1,1,1,434.0,0,1,1,11.0,30.0,68.0,940.9,0,0,1,978.5,0,0,1,145.2,1,1,1,209.2,1,1,1,1055.5,0,0,1,,,Hidegkuti Nándor Stadion,Hidegkuti Nándor Stadion,Tbiliszi tér,villamos
35455148,elado,"Budapest X. kerület, Csombor utca",Óhegy,77777700.0,77.7777,77777.7,1051050.0,18.16936531567096,13.86530022246679,0,74.0,74.0,3.0,3,0,0,1,0,0,1,0,0,0,58.0,47.477123,19.1518234,0,914.6,500-1000 m,0,,,0,0,0,https://ingatlan.com/35455148,"Eladó panel lakás - Budapest X. kerület, Csombor utca #35455148",1103,Budapest,Csombor utca,,jó állapotú,Panel lakás,1968.0,30-60 év (panel-korszak),0.0,3.0,0.0,3 szoba,24.666666666666668,félemelet,0.5,4.0,0,házközponti,,0,0,0,0,nincs megadva,,,,nincs megadva,21000.0,,Ingatlaniroda,,2712.0,4.0,,,,,,,,,0,0,0,,0,0,0,,0,0,,0,0,0,,0,0,0,,,,,0,0,0,,0,0,0,,0,0,0,,0,0,0,,0,0,0,,,,,,
35455965,elado,"Budapest X. kerület, Kőbánya - Újhegyi lakótelep",Újhegy,44500000.0,44.5,44500.0,1534482.7586206896,17.610999747136468,14.243703917149995,0,29.0,29.0,1.0,4,0,0,1,0,0,1,0,0,0,,,,0,,,0,,,0,0,0,https://ingatlan.com/35455965,"Eladó panel lakás - Budapest X. kerület, Kőbánya - Újhegyi lakótelep #35455965",1108,Budapest,Kőbánya - Újhegyi lakótelep,,felújított,Panel lakás,,Ismeretlen,0.0,1.0,0.0,1 szoba,29.0,1,1.0,4.0,0,távfűtés egyedi méréssel,,1,0,0,0,nincs megadva,,,,nincs megadva,11000.0,,Ingatlaniroda,,1242.0,4.0,,,,,,,,,0,0,0,,0,0,0,,0,0,,0,0,0,,0,0,0,,,,,0,0,0,,0,0,0,,0,0,0,,0,0,0,,0,0,0,,,,,,
35456739,elado,"Budapest X. kerület, Bányató utca",Újhegy,59990000.0,59.99,59990.0,1199800.0,17.909688439629274,13.99766543420113,0,50.0,52.0,2.0,3,0,0,1,0,1,1,1,1,0,,47.4645943,19.1669132,0,486.4,300-500 m,0,,,0,0,0,https://ingatlan.com/35456739,"Eladó panel lakás - Budapest X. kerület, Bányató utca #35456739",1108,Budapest,Bányató utca,,jó állapotú,Panel lakás,,Ismeretlen,4.0,2.0,0.0,2 szoba,25.0,földszint,0.0,10.0,0,távfűtés egyedi méréssel,,1,0,0,0,C,,,,nincs megadva,13500.0,,Ingatlaniroda,,673.0,4.0,,,,,,,,,0,0,0,,0,0,0,,0,0,,0,0,0,,0,0,0,,,,,0,0,0,,0,0,0,,0,0,0,,0,0,0,,0,0,0,,,,,,
35457292,elado,"Budapest X. kerület, Kőrösi Csoma Sándor út 9.",Kőbánya-Városközpont,88500000.0,88.5,88500.0,1264285.7142857143,18.298513109978156,14.0500178679288,0,70.0,70.0,3.0,4,0,0,0,0,1,1,0,0,0,38.0,47.483214,19.131628,1,309.0,300-500 m,0,441.1,5.9,0,1,1,https://ingatlan.com/35457292,"Eladó csúsztatott zsalus - Budapest X. kerület, Kőrösi Csoma Sándor út 9. #35457292",1102,Budapest,Kőrösi Csoma Sándor út,9,felújított,Csúsztatott zsalus lakás,1988.0,30-60 év (panel-korszak),0.0,3.0,0.0,3 szoba,23.333333333333332,8,8.0,10.0,0,"távfűtés, hűtő-fűtő klíma",,1,0,0,0,nincs megadva,,,,nincs megadva,12000.0,20000.0,Ingatlaniroda,,4564.0,2.0,,,,,,,,,0,0,0,167.1,1,1,1,46.6,1,1,167.1,1,1,1,121.3,1,1,1,22.0,78.0,125.0,717.3,0,1,1,818.3,0,0,1,10.5,1,1,1,265.2,1,1,1,,0,0,0,Kőbánya alsó,,Kápolna utca,Liget tér,Liget téri park,villamos
35457329,elado,"Budapest X. kerület, Gyógyszergyári utca 10.",Felsőrákos,73500000.0,73.5,73500.0,1750000.0,18.112795964183064,14.375126345899696,0,42.0,47.0,2.0,3,0,0,0,1,1,1,1,0,0,0.0,47.497327,19.139864,1,432.7,300-500 m,0,914.9,12.2,0,0,1,https://ingatlan.com/35457329,"Eladó tégla lakás - Budapest X. kerület, Gyógyszergyári utca 10. #35457329",1106,Budapest,Gyógyszergyári utca,10,nincs megadva,Tégla lakás,2026.0,Új építésű (2025+),10.0,2.0,0.0,2 szoba,21.0,6,6.0,,0,nincs megadva,,0,0,0,0,A+,,,,nincs megadva,,,Ingatlaniroda,,1447.0,2.0,,,,,,,,817.0,0,0,1,146.6,1,1,1,445.1,0,1,146.6,1,1,1,429.1,0,1,1,2.0,30.0,99.0,1443.2,0,0,0,1468.0,0,0,0,765.2,0,0,1,557.9,0,1,1,818.9,0,0,1,Örs vezér tere,,Kincsem lakópark,Fehér úti ipari park,Névtelen zöldfelület / park,villamos
35457380,elado,"Budapest X. kerület, Ligettelek",Ligettelek,21900000.0,21.9,21900.0,730000.0,16.90199719478673,13.500799813124575,0,30.0,30.0,2.0,3,0,0,0,1,0,0,0,0,0,58.0,47.493646,19.1300619,0,227.7,150-300 m,0,,,0,0,0,https://ingatlan.com/35457380,"Eladó tégla lakás - Budapest X. kerület, Ligettelek #35457380",1101,Budapest,Ligettelek,,jó állapotú,Tégla lakás,1968.0,30-60 év (panel-korszak),0.0,2.0,0.0,2 szoba,15.0,szuterén,-1.0,,0,nincs megadva,,0,0,0,0,nincs megadva,,,,nincs megadva,,,Ingatlaniroda,,2008.0,4.0,,,,,,,,,0,0,0,,0,0,0,,0,0,,0,0,0,,0,0,0,,,,,0,0,0,,0,0,0,,0,0,0,,0,0,0,,0,0,0,,,,,,
35457769,elado,"Budapest X. kerület, Sörgyár utca",Óhegy,42900000.0,42.9,42900.0,1021428.5714285715,17.574382383898246,13.836712765614877,0,42.0,42.5,2.0,1,1,0,0,0,0,1,1,0,0,38.0,47.4765022,19.1629614,0,415.1,300-500 m,0,,,0,0,0,https://ingatlan.com/35457769,"Eladó csúsztatott zsalus - Budapest X. kerület, Sörgyár utca #35457769",1104,Budapest,Sörgyár utca,,felújítandó,Csúsztatott zsalus lakás,1988.0,30-60 év (panel-korszak),1.0,2.0,0.0,2 szoba,21.0,2,2.0,3.0,0,cserépkályha,,0,0,0,0,nincs megadva,,,,nem,11600.0,25000.0,Ingatlaniroda,,1109.0,4.0,,,,,,,,,0,0,0,,0,0,0,,0,0,,0,0,0,,0,0,0,,,,,0,0,0,,0,0,0,,0,0,0,,0,0,0,,0,0,0,,,,,,
35457908,elado,"Budapest X. kerület, Kőbánya - Óhegyi lakótelep",Óhegy,47500000.0,47.5,47500.0,1319444.4444444445,17.676240269004868,14.092721330548759,0,36.0,36.0,1.0,4,0,0,0,1,0,0,0,1,0,58.0,47.4752666,19.1504781,0,1096.5,1000-2000 m,0,,,0,0,0,https://ingatlan.com/35457908,"Eladó tégla lakás - Budapest X. kerület, Kőbánya - Óhegyi lakótelep #35457908",1103,Budapest,Kőbánya - Óhegyi lakótelep,,felújított,Tégla lakás,1968.0,30-60 év (panel-korszak),0.0,1.0,0.0,1 szoba,36.0,földszint,0.0,,0,gáz (konvektor),,0,1,0,0,nincs megadva,,,,nincs megadva,,,Ingatlaniroda,,1628.0,4.0,,,,,,,,,0,0,0,,0,0,0,,0,0,,0,0,0,,0,0,0,,,,,0,0,0,,0,0,0,,0,0,0,,0,0,0,,0,0,0,,,,,,
35458106,elado,"Budapest X. kerület, Tárna utca",Gyárdűlő,38900000.0,38.9,38900.0,778000.0,17.476504808588675,13.564481803160529,0,50.0,50.0,2.0,3,0,0,0,1,1,0,0,0,1,,47.4869075,19.1637693,0,12.6,<150 m,1,,,0,0,0,https://ingatlan.com/35458106,"Eladó tégla lakás - Budapest X. kerület, Tárna utca #35458106",1106,Budapest,Tárna utca,,jó állapotú,Tégla lakás,,Ismeretlen,0.0,2.0,0.0,2 szoba,25.0,4,4.0,4.0,0,házközponti egyedi méréssel,,0,0,0,0,nincs megadva,,,,igen,,,Ingatlaniroda,,881.0,4.0,,,,,,,,,0,0,0,,0,0,0,,0,0,,0,0,0,,0,0,0,,,,,0,0,0,,0,0,0,,0,0,0,,0,0,0,,0,0,0,,,,,,
35458388,elado,"Budapest X. kerület, Kőrösi Csoma Sándor út 27.",Kőbánya-Városközpont,66990000.0,66.99,66990.0,1046718.75,18.02005391248445,13.861170829124779,0,64.0,64.0,3.0,4,0,0,0,0,1,1,0,0,0,58.0,47.484739,19.131978,1,409.3,300-500 m,0,577.0,7.7,0,1,1,https://ingatlan.com/35458388,"Eladó csúsztatott zsalus - Budapest X. kerület, Kőrösi Csoma Sándor út 27. #35458388",1102,Budapest,Kőrösi Csoma Sándor út,27,felújított,Csúsztatott zsalus lakás,1968.0,30-60 év (panel-korszak),0.0,3.0,0.0,3 szoba,21.333333333333332,1,1.0,10.0,0,távfűtés,,1,0,0,0,C,,,,nem,15680.0,18000.0,Ingatlaniroda,,2379.0,2.0,,,,,,,,,0,0,0,75.1,1,1,1,48.6,1,1,75.1,1,1,1,263.9,1,1,1,20.0,77.0,134.0,808.2,0,0,1,627.9,0,1,1,116.9,1,1,1,205.5,1,1,1,,0,0,0,Kőbánya alsó,,Szent László tér,Szent László tér,Névtelen zöldfelület / park,villamos
35458722,elado,"Budapest X. kerület, Gyárdűlő",Gyárdűlő,159990000.0,159.99,159990.0,1720322.5806451612,18.890621871244896,14.358022378091638,0,93.0,98.0,5.0,5,0,1,0,1,1,1,1,0,0,7.0,47.4754656,19.1221648,0,155.8,150-300 m,0,,,0,0,0,https://ingatlan.com/35458722,"Eladó tégla lakás - Budapest X. kerület, Gyárdűlő #35458722",1107,Budapest,Gyárdűlő,,újszerű,Tégla lakás,2019.0,0-10 év,10.0,5.0,0.0,4+ szoba,18.6,2,2.0,,0,házközponti egyedi méréssel,,0,0,0,0,A+,,,,nincs megadva,,,Ingatlaniroda,,3180.0,4.0,,,,,,,,,0,0,0,,0,0,0,,0,0,,0,0,0,,0,0,0,,,,,0,0,0,,0,0,0,,0,0,0,,0,0,0,,0,0,0,,,,,,
35458844,elado,"Budapest X. kerület, Kőrösi Csoma Sándor út 35-37.",Kőbánya-Városközpont,67900000.0,67.9,67900.0,1281132.075471698,18.033546592528925,14.063254678976802,0,53.0,56.5,2.0,4,0,0,0,1,1,1,1,0,0,58.0,47.488395,19.135402,1,339.6,300-500 m,0,580.0,7.7,0,1,1,https://ingatlan.com/35458844,"Eladó tégla lakás - Budapest X. kerület, Kőrösi Csoma Sándor út 35-37. #35458844",1102,Budapest,Kőrösi Csoma Sándor út,35-37,felújított,Tégla lakás,1968.0,30-60 év (panel-korszak),7.0,2.0,0.0,2 szoba,26.5,7,7.0,10.0,0,"házközponti egyedi méréssel, hűtő-fűtő klíma",,0,0,0,0,nincs megadva,,,,nincs megadva,9000.0,,Ingatlaniroda,,2779.0,2.0,,,,,,,,2043.1,0,0,0,46.4,1,1,1,43.4,1,1,46.4,1,1,1,291.7,1,1,1,11.0,51.0,116.0,1240.0,0,0,0,270.3,1,1,1,541.6,0,1,1,170.2,1,1,1,2098.0,0,0,0,Kőbánya felső,,Szent László Gimnázium,Szent László Gimnázium,Rottenbiller park,villamos
35459277,elado,"Budapest X. kerület, Gőzmozdony utca 18.",Újhegy,59900000.0,59.9,59900.0,1151923.076923077,17.908187063085677,13.95694334450425,0,52.0,54.0,2.0,3,0,0,1,0,1,1,1,0,0,58.0,47.467576,19.158214,1,564.3,500-1000 m,0,1071.1,14.3,0,0,1,https://ingatlan.com/35459277,"Eladó panel lakás - Budapest X. kerület, Gőzmozdony utca 18. #35459277",1108,Budapest,Gőzmozdony utca,18,jó állapotú,Panel lakás,1968.0,30-60 év (panel-korszak),4.0,2.0,0.0,2 szoba,26.0,5,5.0,10.0,0,távfűtés,,1,0,0,0,C,,,,nem,18250.0,,Ingatlaniroda,,2725.0,4.0,,,,,,,,1077.0,0,0,1,1418.0,0,0,0,166.4,1,1,1071.1,0,0,1,169.2,1,1,1,9.0,27.0,62.0,,0,0,0,,0,0,0,346.4,1,1,1,261.9,1,1,1,1636.9,0,0,0,Kőbánya-Kispest,,Venyige utca,Rózsaliget,Gőzmozdony park,vasut
35459616,elado,"Budapest X. kerület, Harmat utca 53.",Óhegy,66900000.0,66.9,66900.0,1262264.1509433961,18.01870952509846,14.048417611546334,0,53.0,55.0,2.0,4,0,0,1,0,1,1,1,0,1,,,,0,,,0,,,0,0,0,https://ingatlan.com/35459616,"Eladó panel lakás - Budapest X. kerület, Harmat utca #35459616",1104,Budapest,Harmat utca,53,felújított,Panel lakás,,Ismeretlen,4.0,2.0,0.0,2 szoba,26.5,10,10.0,10.0,0,nincs megadva,,0,0,0,0,nincs megadva,,,,nincs megadva,,,Ingatlaniroda,,1226.0,4.0,,,,,,,,,0,0,0,,0,0,0,,0,0,,0,0,0,,0,0,0,,,,,0,0,0,,0,0,0,,0,0,0,,0,0,0,,0,0,0,,,,,,
35459679,elado,"Budapest X. kerület, Szövőszék utca",Újhegy,85000000.0,85.0,85000.0,1214285.7142857143,18.258161814454592,14.009666572405232,0,70.0,71.5,3.0,4,0,0,1,0,1,0,1,0,0,58.0,47.470857,19.1611314,0,980.9,500-1000 m,0,,,0,0,0,https://ingatlan.com/35459679,"Eladó panel lakás - Budapest X. kerület, Szövőszék utca #35459679",1108,Budapest,Szövőszék utca,,felújított,Panel lakás,1968.0,30-60 év (panel-korszak),3.0,3.0,0.0,3 szoba,23.333333333333332,4,4.0,10.0,0,távfűtés,,1,0,0,0,A+++,,,,nem,35000.0,35000.0,Ingatlaniroda,,1076.0,2.0,,,,,,,,,0,0,0,,0,0,0,,0,0,,0,0,0,,0,0,0,,,,,0,0,0,,0,0,0,,0,0,0,,0,0,0,,0,0,0,,,,,,
35460292,elado,"Budapest X. kerület, Cserkesz utca",Kőbánya-Városközpont,67490000.0,67.49,67490.0,1054531.25,18.027489996719588,13.868606913359917,0,64.0,64.0,3.0,2,1,0,1,0,1,0,0,0,0,58.0,47.4804126,19.1314452,0,150.6,150-300 m,0,,,0,0,0,https://ingatlan.com/35460292,"Eladó panel lakás - Budapest X. kerület, Cserkesz utca #35460292",1105,Budapest,Cserkesz utca,,közepes állapotú,Panel lakás,1968.0,30-60 év (panel-korszak),0.0,3.0,0.0,3 szoba,21.333333333333332,3,3.0,,0,házközponti,,0,0,0,0,nincs megadva,,,,nincs megadva,15000.0,,Ingatlaniroda,,1207.0,4.0,,,,,,,,,0,0,0,,0,0,0,,0,0,,0,0,0,,0,0,0,,,,,0,0,0,,0,0,0,,0,0,0,,0,0,0,,0,0,0,,,,,,
35460591,elado,"Budapest X. kerület, Harmat utca 22.",Óhegy,77940000.0,77.94,77940.0,1590612.2448979593,18.171449857874837,14.27962955976421,0,49.0,52.0,2.0,6,0,1,0,1,1,1,1,1,0,0.0,47.4872,19.1401,1,552.6,500-1000 m,0,968.0,12.9,0,0,1,https://ingatlan.com/35460591,"Eladó tégla lakás - Budapest X. kerület, Harmat utca 22. #35460591",1104,Budapest,Harmat utca,22,új építésű,Tégla lakás,2028.0,Új építésű (2025+),6.0,2.0,0.0,2 szoba,24.5,földszint,0.0,5.0,0,"mennyezeti hűtés-fűtés, hőszivattyú",,0,0,1,0,A,,,,igen,,,Ingatlaniroda,,701.0,4.0,,,,,,,,,0,0,0,417.0,0,1,1,233.1,1,1,417.0,0,1,1,543.6,0,1,1,3.0,23.0,66.0,946.7,0,0,1,425.7,0,1,1,509.2,0,1,1,377.8,0,1,1,,0,0,0,Kőbánya felső,,Szent László Gimnázium,Szent László Gimnázium,Rottenbiller park,villamos
35460594,elado,"Budapest X. kerület, Harmat utca 22.",Óhegy,51280000.0,51.28,51280.0,1508235.294117647,17.752811370576687,14.226450845960528,0,34.0,36.7,1.0,6,0,1,0,1,1,1,1,0,0,0.0,47.4872,19.1401,1,552.6,500-1000 m,0,968.0,12.9,0,0,1,https://ingatlan.com/35460594,"Eladó tégla lakás - Budapest X. kerület, Harmat utca 22. #35460594",1104,Budapest,Harmat utca,22,új építésű,Tégla lakás,2028.0,Új építésű (2025+),5.4,1.0,0.0,1 szoba,34.0,2,2.0,5.0,0,"mennyezeti hűtés-fűtés, hőszivattyú",,0,0,1,0,A,,,,nem,,,Ingatlaniroda,,701.0,4.0,,,,,,,,,0,0,0,417.0,0,1,1,233.1,1,1,417.0,0,1,1,543.6,0,1,1,3.0,23.0,66.0,946.7,0,0,1,425.7,0,1,1,509.2,0,1,1,377.8,0,1,1,,0,0,0,Kőbánya felső,,Szent László Gimnázium,Szent László Gimnázium,Rottenbiller park,villamos
35460596,elado,"Budapest X. kerület, Harmat utca 22.",Óhegy,108590000.0,108.59,108590.0,1428815.7894736843,18.503089880193084,14.172356539906753,0,76.0,87.43,4.0,6,0,1,0,1,1,1,1,0,0,0.0,47.4872,19.1401,1,552.6,500-1000 m,0,968.0,12.9,0,0,1,https://ingatlan.com/35460596,"Eladó tégla lakás - Budapest X. kerület, Harmat utca 22. #35460596",1104,Budapest,Harmat utca,22,új építésű,Tégla lakás,2028.0,Új építésű (2025+),22.86,4.0,0.0,4+ szoba,19.0,2,2.0,5.0,0,"mennyezeti hűtés-fűtés, hőszivattyú",,0,0,1,0,A,,,,nem,,,Ingatlaniroda,,701.0,4.0,,,,,,,,,0,0,0,417.0,0,1,1,233.1,1,1,417.0,0,1,1,543.6,0,1,1,3.0,23.0,66.0,946.7,0,0,1,425.7,0,1,1,509.2,0,1,1,377.8,0,1,1,,0,0,0,Kőbánya felső,,Szent László Gimnázium,Szent László Gimnázium,Rottenbiller park,villamos
35460601,elado,"Budapest X. kerület, Harmat utca 22.",Óhegy,98180000.0,98.18,98180.0,1722456.1403508773,18.40231308659418,14.35926181875963,0,57.0,77.26,3.0,6,0,1,0,1,1,1,1,0,0,0.0,47.4872,19.1401,1,552.6,500-1000 m,0,968.0,12.9,0,0,1,https://ingatlan.com/35460601,"Eladó tégla lakás - Budapest X. kerület, Harmat utca 22. #35460601",1104,Budapest,Harmat utca,22,új építésű,Tégla lakás,2028.0,Új építésű (2025+),40.52,3.0,0.0,3 szoba,19.0,3,3.0,5.0,0,"mennyezeti hűtés-fűtés, hőszivattyú",,0,0,1,0,A,,,,nem,,,Ingatlaniroda,,701.0,4.0,,,,,,,,,0,0,0,417.0,0,1,1,233.1,1,1,417.0,0,1,1,543.6,0,1,1,3.0,23.0,66.0,946.7,0,0,1,425.7,0,1,1,509.2,0,1,1,377.8,0,1,1,,0,0,0,Kőbánya felső,,Szent László Gimnázium,Szent László Gimnázium,Rottenbiller park,villamos
35460605,elado,"Budapest X. kerület, Harmat utca 22.",Óhegy,61260000.0,61.26,61260.0,1458571.4285714286,17.9306376593689,14.192968041085535,0,42.0,47.975,2.0,6,0,1,0,1,1,1,1,0,0,0.0,47.4872,19.1401,1,552.6,500-1000 m,0,968.0,12.9,0,0,1,https://ingatlan.com/35460605,"Eladó tégla lakás - Budapest X. kerület, Harmat utca 22. #35460605",1104,Budapest,Harmat utca,22,új építésű,Tégla lakás,2028.0,Új építésű (2025+),11.95,2.0,0.0,2 szoba,21.0,4,4.0,5.0,0,"mennyezeti hűtés-fűtés, hőszivattyú",,0,0,1,0,A,,,,nem,,,Ingatlaniroda,,701.0,4.0,,,,,,,,,0,0,0,417.0,0,1,1,233.1,1,1,417.0,0,1,1,543.6,0,1,1,3.0,23.0,66.0,946.7,0,0,1,425.7,0,1,1,509.2,0,1,1,377.8,0,1,1,,0,0,0,Kőbánya felső,,Szent László Gimnázium,Szent László Gimnázium,Rottenbiller park,villamos
35460613,elado,"Budapest X. kerület, Harmat utca 22.",Óhegy,72140000.0,72.14,72140.0,1472244.8979591837,18.094119233439667,14.20229893532904,0,49.0,56.905,2.0,6,0,1,0,1,1,1,1,0,0,0.0,47.4872,19.1401,1,552.6,500-1000 m,0,968.0,12.9,0,0,1,https://ingatlan.com/35460613,"Eladó tégla lakás - Budapest X. kerület, Harmat utca 22. #35460613",1104,Budapest,Harmat utca,22,új építésű,Tégla lakás,2028.0,Új építésű (2025+),15.81,2.0,0.0,2 szoba,24.5,2,2.0,5.0,0,"mennyezeti hűtés-fűtés, hőszivattyú",,0,0,1,0,A,,,,nem,,,Ingatlaniroda,,701.0,4.0,,,,,,,,,0,0,0,417.0,0,1,1,233.1,1,1,417.0,0,1,1,543.6,0,1,1,3.0,23.0,66.0,946.7,0,0,1,425.7,0,1,1,509.2,0,1,1,377.8,0,1,1,,0,0,0,Kőbánya felső,,Szent László Gimnázium,Szent László Gimnázium,Rottenbiller park,villamos
35460616,elado,"Budapest X. kerület, Harmat utca 22.",Óhegy,49260000.0,49.26,49260.0,1448823.5294117648,17.712622950656666,14.186262426040505,0,34.0,35.755,1.0,6,0,1,0,1,1,1,1,0,0,0.0,47.4872,19.1401,1,552.6,500-1000 m,0,968.0,12.9,0,0,1,https://ingatlan.com/35460616,"Eladó tégla lakás - Budapest X. kerület, Harmat utca 22. #35460616",1104,Budapest,Harmat utca,22,új építésű,Tégla lakás,2028.0,Új építésű (2025+),3.51,1.0,0.0,1 szoba,34.0,1,1.0,5.0,0,"mennyezeti hűtés-fűtés, hőszivattyú",,0,0,1,0,A,,,,nem,,,Ingatlaniroda,,701.0,4.0,,,,,,,,,0,0,0,417.0,0,1,1,233.1,1,1,417.0,0,1,1,543.6,0,1,1,3.0,23.0,66.0,946.7,0,0,1,425.7,0,1,1,509.2,0,1,1,377.8,0,1,1,,0,0,0,Kőbánya felső,,Szent László Gimnázium,Szent László Gimnázium,Rottenbiller park,villamos
35460620,elado,"Budapest X. kerület, Harmat utca 22.",Óhegy,72860000.0,72.86,72860.0,1374716.9811320754,18.104050349544693,14.13375843599257,0,53.0,53.0,2.0,6,0,1,0,1,1,1,0,1,0,0.0,47.4872,19.1401,1,552.6,500-1000 m,0,968.0,12.9,0,0,1,https://ingatlan.com/35460620,"Eladó tégla lakás - Budapest X. kerület, Harmat utca 22. #35460620",1104,Budapest,Harmat utca,22,új építésű,Tégla lakás,2028.0,Új építésű (2025+),0.0,2.0,0.0,2 szoba,26.5,földszint,0.0,5.0,0,"mennyezeti hűtés-fűtés, hőszivattyú",,0,0,1,0,A,,,,igen,,,Ingatlaniroda,,701.0,4.0,,,,,,,,,0,0,0,417.0,0,1,1,233.1,1,1,417.0,0,1,1,543.6,0,1,1,3.0,23.0,66.0,946.7,0,0,1,425.7,0,1,1,509.2,0,1,1,377.8,0,1,1,,0,0,0,Kőbánya felső,,Szent László Gimnázium,Szent László Gimnázium,Rottenbiller park,villamos
35460623,elado,"Budapest X. kerület, Harmat utca 22.",Óhegy,70990000.0,70.99,70990.0,1448775.5102040817,18.07804958001557,14.186229281904943,0,49.0,56.905,2.0,6,0,1,0,1,1,1,1,0,0,0.0,47.4872,19.1401,1,552.6,500-1000 m,0,968.0,12.9,0,0,1,https://ingatlan.com/35460623,"Eladó tégla lakás - Budapest X. kerület, Harmat utca 22. #35460623",1104,Budapest,Harmat utca,22,új építésű,Tégla lakás,2028.0,Új építésű (2025+),15.81,2.0,0.0,2 szoba,24.5,1,1.0,5.0,0,"mennyezeti hűtés-fűtés, hőszivattyú",,0,0,1,0,A,,,,nem,,,Ingatlaniroda,,701.0,4.0,,,,,,,,,0,0,0,417.0,0,1,1,233.1,1,1,417.0,0,1,1,543.6,0,1,1,3.0,23.0,66.0,946.7,0,0,1,425.7,0,1,1,509.2,0,1,1,377.8,0,1,1,,0,0,0,Kőbánya felső,,Szent László Gimnázium,Szent László Gimnázium,Rottenbiller park,villamos
35460644,elado,"Budapest X. kerület, Harmat utca 22.",Óhegy,137420000.0,137.42,137420.0,1431458.3333333333,18.738552487567205,14.174204296099367,0,96.0,111.535,4.0,6,0,1,0,1,1,1,1,0,0,0.0,47.4872,19.1401,1,552.6,500-1000 m,0,968.0,12.9,0,0,1,https://ingatlan.com/35460644,"Eladó tégla lakás - Budapest X. kerület, Harmat utca 22. #35460644",1104,Budapest,Harmat utca,22,új építésű,Tégla lakás,2028.0,Új építésű (2025+),31.07,4.0,0.0,4+ szoba,24.0,3,3.0,5.0,0,"mennyezeti hűtés-fűtés, hőszivattyú",,0,0,1,0,A,,,,nem,,,Ingatlaniroda,,701.0,4.0,,,,,,,,,0,0,0,417.0,0,1,1,233.1,1,1,417.0,0,1,1,543.6,0,1,1,3.0,23.0,66.0,946.7,0,0,1,425.7,0,1,1,509.2,0,1,1,377.8,0,1,1,,0,0,0,Kőbánya felső,,Szent László Gimnázium,Szent László Gimnázium,Rottenbiller park,villamos
35460651,elado,"Budapest X. kerület, Harmat utca 22.",Óhegy,72330000.0,72.33,72330.0,1364716.9811320754,18.096749538825463,14.126457625273341,0,53.0,55.885,2.0,6,0,1,0,1,1,1,1,0,0,0.0,47.4872,19.1401,1,552.6,500-1000 m,0,968.0,12.9,0,0,1,https://ingatlan.com/35460651,"Eladó tégla lakás - Budapest X. kerület, Harmat utca 22. #35460651",1104,Budapest,Harmat utca,22,új építésű,Tégla lakás,2028.0,Új építésű (2025+),5.77,2.0,0.0,2 szoba,26.5,2,2.0,5.0,0,"mennyezeti hűtés-fűtés, hőszivattyú",,0,0,1,0,A,,,,nem,,,Ingatlaniroda,,701.0,4.0,,,,,,,,,0,0,0,417.0,0,1,1,233.1,1,1,417.0,0,1,1,543.6,0,1,1,3.0,23.0,66.0,946.7,0,0,1,425.7,0,1,1,509.2,0,1,1,377.8,0,1,1,,0,0,0,Kőbánya felső,,Szent László Gimnázium,Szent László Gimnázium,Rottenbiller park,villamos
35460653,elado,"Budapest X. kerület, Harmat utca 22.",Óhegy,127430000.0,127.43,127430.0,1370215.0537634408,18.66307775218846,14.130478259035206,0,93.0,106.485,4.0,6,0,1,0,1,1,1,1,0,0,0.0,47.4872,19.1401,1,552.6,500-1000 m,0,968.0,12.9,0,0,1,https://ingatlan.com/35460653,"Eladó tégla lakás - Budapest X. kerület, Harmat utca 22. #35460653",1104,Budapest,Harmat utca,22,új építésű,Tégla lakás,2028.0,Új építésű (2025+),26.97,4.0,0.0,4+ szoba,23.25,2,2.0,5.0,0,"mennyezeti hűtés-fűtés, hőszivattyú",,0,0,1,0,A,,,,nem,,,Ingatlaniroda,,701.0,4.0,,,,,,,,,0,0,0,417.0,0,1,1,233.1,1,1,417.0,0,1,1,543.6,0,1,1,3.0,23.0,66.0,946.7,0,0,1,425.7,0,1,1,509.2,0,1,1,377.8,0,1,1,,0,0,0,Kőbánya felső,,Szent László Gimnázium,Szent László Gimnázium,Rottenbiller park,villamos
35460656,elado,"Budapest X. kerület, Harmat utca 22.",Óhegy,84580000.0,84.58,84580.0,1483859.649122807,18.253208390008616,14.210157122174067,0,57.0,65.59,3.0,6,0,1,0,1,1,1,1,0,0,0.0,47.4872,19.1401,1,552.6,500-1000 m,0,968.0,12.9,0,0,1,https://ingatlan.com/35460656,"Eladó tégla lakás - Budapest X. kerület, Harmat utca 22. #35460656",1104,Budapest,Harmat utca,22,új építésű,Tégla lakás,2028.0,Új építésű (2025+),17.18,3.0,0.0,3 szoba,19.0,2,2.0,5.0,0,"mennyezeti hűtés-fűtés, hőszivattyú",,0,0,1,0,A,,,,nem,,,Ingatlaniroda,,701.0,4.0,,,,,,,,,0,0,0,417.0,0,1,1,233.1,1,1,417.0,0,1,1,543.6,0,1,1,3.0,23.0,66.0,946.7,0,0,1,425.7,0,1,1,509.2,0,1,1,377.8,0,1,1,,0,0,0,Kőbánya felső,,Szent László Gimnázium,Szent László Gimnázium,Rottenbiller park,villamos
35460657,elado,"Budapest X. kerület, Harmat utca 22.",Óhegy,87090000.0,87.09,87090.0,1360781.25,18.282452624668924,14.12356954130925,0,64.0,70.105,3.0,6,0,1,0,1,1,1,1,0,0,0.0,47.4872,19.1401,1,552.6,500-1000 m,0,968.0,12.9,0,0,1,https://ingatlan.com/35460657,"Eladó tégla lakás - Budapest X. kerület, Harmat utca 22. #35460657",1104,Budapest,Harmat utca,22,új építésű,Tégla lakás,2028.0,Új építésű (2025+),12.21,3.0,0.0,3 szoba,21.333333333333332,1,1.0,5.0,0,"mennyezeti hűtés-fűtés, hőszivattyú",,0,0,1,0,A,,,,nem,,,Ingatlaniroda,,701.0,4.0,,,,,,,,,0,0,0,417.0,0,1,1,233.1,1,1,417.0,0,1,1,543.6,0,1,1,3.0,23.0,66.0,946.7,0,0,1,425.7,0,1,1,509.2,0,1,1,377.8,0,1,1,,0,0,0,Kőbánya felső,,Szent László Gimnázium,Szent László Gimnázium,Rottenbiller park,villamos
35460660,elado,"Budapest X. kerület, Harmat utca 22.",Óhegy,125290000.0,125.29,125290.0,1347204.3010752688,18.646141608221736,14.11354211506848,0,93.0,106.475,4.0,6,0,1,0,1,1,1,1,0,0,0.0,47.4872,19.1401,1,552.6,500-1000 m,0,968.0,12.9,0,0,1,https://ingatlan.com/35460660,"Eladó tégla lakás - Budapest X. kerület, Harmat utca 22. #35460660",1104,Budapest,Harmat utca,22,új építésű,Tégla lakás,2028.0,Új építésű (2025+),26.95,4.0,0.0,4+ szoba,23.25,1,1.0,5.0,0,"mennyezeti hűtés-fűtés, hőszivattyú",,0,0,1,0,A,,,,nem,,,Ingatlaniroda,,701.0,4.0,,,,,,,,,0,0,0,417.0,0,1,1,233.1,1,1,417.0,0,1,1,543.6,0,1,1,3.0,23.0,66.0,946.7,0,0,1,425.7,0,1,1,509.2,0,1,1,377.8,0,1,1,,0,0,0,Kőbánya felső,,Szent László Gimnázium,Szent László Gimnázium,Rottenbiller park,villamos
35460664,elado,"Budapest X. kerület, Harmat utca 22.",Óhegy,63810000.0,63.81,63810.0,1450227.2727272727,17.97142047584453,14.187230841926269,0,44.0,49.125,2.0,6,0,1,0,1,1,1,1,0,0,0.0,47.4872,19.1401,1,552.6,500-1000 m,0,968.0,12.9,0,0,1,https://ingatlan.com/35460664,"Eladó tégla lakás - Budapest X. kerület, Harmat utca 22. #35460664",1104,Budapest,Harmat utca,22,új építésű,Tégla lakás,2028.0,Új építésű (2025+),10.25,2.0,0.0,2 szoba,22.0,2,2.0,5.0,0,"mennyezeti hűtés-fűtés, hőszivattyú",,0,0,1,0,A,,,,nem,,,Ingatlaniroda,,701.0,4.0,,,,,,,,,0,0,0,417.0,0,1,1,233.1,1,1,417.0,0,1,1,543.6,0,1,1,3.0,23.0,66.0,946.7,0,0,1,425.7,0,1,1,509.2,0,1,1,377.8,0,1,1,,0,0,0,Kőbánya felső,,Szent László Gimnázium,Szent László Gimnázium,Rottenbiller park,villamos
35460668,elado,"Budapest X. kerület, Harmat utca 22.",Óhegy,83380000.0,83.38,83380.0,1344838.7096774194,18.238919030416923,14.111784645371833,0,62.0,67.45,3.0,6,0,1,0,1,1,1,1,0,0,0.0,47.4872,19.1401,1,552.6,500-1000 m,0,968.0,12.9,0,0,1,https://ingatlan.com/35460668,"Eladó tégla lakás - Budapest X. kerület, Harmat utca 22. #35460668",1104,Budapest,Harmat utca,22,új építésű,Tégla lakás,2028.0,Új építésű (2025+),10.9,3.0,0.0,3 szoba,20.666666666666668,4,4.0,5.0,0,"mennyezeti hűtés-fűtés, hőszivattyú",,0,0,1,0,A,,,,nem,,,Ingatlaniroda,,701.0,4.0,,,,,,,,,0,0,0,417.0,0,1,1,233.1,1,1,417.0,0,1,1,543.6,0,1,1,3.0,23.0,66.0,946.7,0,0,1,425.7,0,1,1,509.2,0,1,1,377.8,0,1,1,,0,0,0,Kőbánya felső,,Szent László Gimnázium,Szent László Gimnázium,Rottenbiller park,villamos
35460673,elado,"Budapest X. kerület, Harmat utca 22.",Óhegy,73810000.0,73.81,73810.0,1366851.851851852,18.117004781746235,14.12802073518196,0,54.0,59.84,2.0,6,0,1,0,1,1,1,1,0,0,0.0,47.4872,19.1401,1,552.6,500-1000 m,0,968.0,12.9,0,0,1,https://ingatlan.com/35460673,"Eladó tégla lakás - Budapest X. kerület, Harmat utca 22. #35460673",1104,Budapest,Harmat utca,22,új építésű,Tégla lakás,2028.0,Új építésű (2025+),11.68,2.0,0.0,2 szoba,27.0,4,4.0,5.0,0,"mennyezeti hűtés-fűtés, hőszivattyú",,0,0,1,0,A,,,,nem,,,Ingatlaniroda,,701.0,4.0,,,,,,,,,0,0,0,417.0,0,1,1,233.1,1,1,417.0,0,1,1,543.6,0,1,1,3.0,23.0,66.0,946.7,0,0,1,425.7,0,1,1,509.2,0,1,1,377.8,0,1,1,,0,0,0,Kőbánya felső,,Szent László Gimnázium,Szent László Gimnázium,Rottenbiller park,villamos
35460678,elado,"Budapest X. kerület, Harmat utca 22.",Óhegy,71210000.0,71.21,71210.0,1343584.9056603773,18.081143815958306,14.110851902406186,0,53.0,55.885,2.0,6,0,1,0,1,1,1,1,0,0,0.0,47.4872,19.1401,1,552.6,500-1000 m,0,968.0,12.9,0,0,1,https://ingatlan.com/35460678,"Eladó tégla lakás - Budapest X. kerület, Harmat utca 22. #35460678",1104,Budapest,Harmat utca,22,új építésű,Tégla lakás,2028.0,Új építésű (2025+),5.77,2.0,0.0,2 szoba,26.5,1,1.0,5.0,0,"mennyezeti hűtés-fűtés, hőszivattyú",,0,0,1,0,A,,,,nem,,,Ingatlaniroda,,701.0,4.0,,,,,,,,,0,0,0,417.0,0,1,1,233.1,1,1,417.0,0,1,1,543.6,0,1,1,3.0,23.0,66.0,946.7,0,0,1,425.7,0,1,1,509.2,0,1,1,377.8,0,1,1,,0,0,0,Kőbánya felső,,Szent László Gimnázium,Szent László Gimnázium,Rottenbiller park,villamos
35460682,elado,"Budapest X. kerület, Harmat utca 22.",Óhegy,102580000.0,102.58,102580.0,1367733.3333333333,18.446153539925398,14.128665426389086,0,75.0,83.03999999999999,4.0,6,0,1,0,1,1,1,1,0,0,0.0,47.4872,19.1401,1,552.6,500-1000 m,0,968.0,12.9,0,0,1,https://ingatlan.com/35460682,"Eladó tégla lakás - Budapest X. kerület, Harmat utca 22. #35460682",1104,Budapest,Harmat utca,22,új építésű,Tégla lakás,2028.0,Új építésű (2025+),16.08,4.0,0.0,4+ szoba,18.75,1,1.0,5.0,0,"mennyezeti hűtés-fűtés, hőszivattyú",,0,0,1,0,A,,,,nem,,,Ingatlaniroda,,701.0,4.0,,,,,,,,,0,0,0,417.0,0,1,1,233.1,1,1,417.0,0,1,1,543.6,0,1,1,3.0,23.0,66.0,946.7,0,0,1,425.7,0,1,1,509.2,0,1,1,377.8,0,1,1,,0,0,0,Kőbánya felső,,Szent László Gimnázium,Szent László Gimnázium,Rottenbiller park,villamos
35461173,elado,"Budapest X. kerület, Füzér utca 38/A.",Ligettelek,21900000.0,21.9,21900.0,782142.8571428572,16.90199719478673,13.569792684611526,0,28.0,28.0,1.0,4,0,0,0,1,0,0,0,0,0,,47.487148,19.128056,1,270.5,150-300 m,0,664.3,8.9,0,1,1,https://ingatlan.com/35461173,"Eladó tégla lakás - Budapest X. kerület, Füzér utca 38/A #35461173",1102,Budapest,Füzér utca,38/A,felújított,Tégla lakás,,Ismeretlen,0.0,1.0,0.0,1 szoba,28.0,szuterén,-1.0,3.0,0,elektromos fűtőpanel,,0,0,0,0,nincs megadva,,,,nincs megadva,12000.0,,Ingatlaniroda,,949.0,4.0,,,,,,,,,0,0,0,456.2,0,1,1,339.3,1,1,456.2,0,1,1,284.5,1,1,1,4.0,52.0,118.0,1152.7,0,0,0,906.5,0,0,1,79.8,1,1,1,514.4,0,1,1,,0,0,0,Kőbánya alsó,,Halom utca,Szent László tér,Liget Grund,villamos
35461271,elado,"Budapest X. kerület, Mádi utca",Óhegy,56900000.0,56.9,56900.0,1185416.6666666667,17.85680589909656,13.985604888188668,0,48.0,48.0,2.0,3,0,0,0,0,0,0,0,0,0,58.0,47.4822198,19.1509243,0,820.1,500-1000 m,0,,,0,0,0,https://ingatlan.com/35461271,"Eladó csúsztatott zsalus - Budapest X. kerület, Mádi utca #35461271",1104,Budapest,Mádi utca,,jó állapotú,Csúsztatott zsalus lakás,1968.0,30-60 év (panel-korszak),0.0,2.0,0.0,2 szoba,24.0,3,3.0,4.0,0,gáz (konvektor),,0,1,0,0,nincs megadva,,,,nincs megadva,15.0,13000.0,Ingatlaniroda,,2291.0,4.0,,,,,,,,,0,0,0,,0,0,0,,0,0,,0,0,0,,0,0,0,,,,,0,0,0,,0,0,0,,0,0,0,,0,0,0,,0,0,0,,,,,,
35462587,elado,"Budapest X. kerület, Harmat utca 22.",Óhegy,63780000.0,63.78,63780.0,1449545.4545454546,17.970950219546186,14.186760585627924,0,44.0,49.11,2.0,6,0,1,0,1,1,1,1,0,0,0.0,47.4872,19.1401,1,552.6,500-1000 m,0,968.0,12.9,0,0,1,https://ingatlan.com/35462587,"Eladó tégla lakás - Budapest X. kerület, Harmat utca 22. #35462587",1104,Budapest,Harmat utca,22,új építésű,Tégla lakás,2028.0,Új építésű (2025+),10.22,2.0,0.0,2 szoba,22.0,1,1.0,5.0,0,"mennyezeti hűtés-fűtés, hőszivattyú",,0,0,1,0,A,,,,nem,,,Ingatlaniroda,,701.0,4.0,,,,,,,,,0,0,0,417.0,0,1,1,233.1,1,1,417.0,0,1,1,543.6,0,1,1,3.0,23.0,66.0,946.7,0,0,1,425.7,0,1,1,509.2,0,1,1,377.8,0,1,1,,0,0,0,Kőbánya felső,,Szent László Gimnázium,Szent László Gimnázium,Rottenbiller park,villamos
35462592,elado,"Budapest X. kerület, Harmat utca 22.",Óhegy,74580000.0,74.58,74580.0,1522040.8163265307,18.127382932714948,14.235562634604323,0,49.0,51.985,2.0,6,0,1,0,1,1,1,1,1,0,0.0,47.4872,19.1401,1,552.6,500-1000 m,0,968.0,12.9,0,0,1,https://ingatlan.com/35462592,"Eladó tégla lakás - Budapest X. kerület, Harmat utca 22. #35462592",1104,Budapest,Harmat utca,22,új építésű,Tégla lakás,2028.0,Új építésű (2025+),5.97,2.0,0.0,2 szoba,24.5,földszint,0.0,5.0,0,"mennyezeti hűtés-fűtés, hőszivattyú",,0,0,1,0,A,,,,igen,,,Ingatlaniroda,,701.0,4.0,,,,,,,,,0,0,0,417.0,0,1,1,233.1,1,1,417.0,0,1,1,543.6,0,1,1,3.0,23.0,66.0,946.7,0,0,1,425.7,0,1,1,509.2,0,1,1,377.8,0,1,1,,0,0,0,Kőbánya felső,,Szent László Gimnázium,Szent László Gimnázium,Rottenbiller park,villamos
35462594,elado,"Budapest X. kerület, Harmat utca 22.",Óhegy,72330000.0,72.33,72330.0,1364716.9811320754,18.096749538825463,14.126457625273341,0,53.0,55.885,2.0,6,0,1,0,1,1,1,1,0,0,0.0,47.4872,19.1401,1,552.6,500-1000 m,0,968.0,12.9,0,0,1,https://ingatlan.com/35462594,"Eladó tégla lakás - Budapest X. kerület, Harmat utca 22. #35462594",1104,Budapest,Harmat utca,22,új építésű,Tégla lakás,2028.0,Új építésű (2025+),5.77,2.0,0.0,2 szoba,26.5,1,1.0,5.0,0,"mennyezeti hűtés-fűtés, hőszivattyú",,0,0,1,0,A,,,,nem,,,Ingatlaniroda,,701.0,4.0,,,,,,,,,0,0,0,417.0,0,1,1,233.1,1,1,417.0,0,1,1,543.6,0,1,1,3.0,23.0,66.0,946.7,0,0,1,425.7,0,1,1,509.2,0,1,1,377.8,0,1,1,,0,0,0,Kőbánya felső,,Szent László Gimnázium,Szent László Gimnázium,Rottenbiller park,villamos
35462595,elado,"Budapest X. kerület, Harmat utca 22.",Óhegy,127430000.0,127.43,127430.0,1370215.0537634408,18.66307775218846,14.130478259035206,0,93.0,106.475,4.0,6,0,1,0,1,1,1,1,0,0,0.0,47.4872,19.1401,1,552.6,500-1000 m,0,968.0,12.9,0,0,1,https://ingatlan.com/35462595,"Eladó tégla lakás - Budapest X. kerület, Harmat utca 22. #35462595",1104,Budapest,Harmat utca,22,új építésű,Tégla lakás,2028.0,Új építésű (2025+),26.95,4.0,0.0,4+ szoba,23.25,1,1.0,5.0,0,"mennyezeti hűtés-fűtés, hőszivattyú",,0,0,1,0,A,,,,nem,,,Ingatlaniroda,,701.0,4.0,,,,,,,,,0,0,0,417.0,0,1,1,233.1,1,1,417.0,0,1,1,543.6,0,1,1,3.0,23.0,66.0,946.7,0,0,1,425.7,0,1,1,509.2,0,1,1,377.8,0,1,1,,0,0,0,Kőbánya felső,,Szent László Gimnázium,Szent László Gimnázium,Rottenbiller park,villamos
35462599,elado,"Budapest X. kerület, Harmat utca 22.",Óhegy,75000000.0,75.0,75000.0,1388888.888888889,18.132998671500584,14.144014624936311,0,54.0,59.84,2.0,6,0,1,0,1,1,1,1,0,0,0.0,47.4872,19.1401,1,552.6,500-1000 m,0,968.0,12.9,0,0,1,https://ingatlan.com/35462599,"Eladó tégla lakás - Budapest X. kerület, Harmat utca 22. #35462599",1104,Budapest,Harmat utca,22,új építésű,Tégla lakás,2028.0,Új építésű (2025+),11.68,2.0,0.0,2 szoba,27.0,4,4.0,5.0,0,"mennyezeti hűtés-fűtés, hőszivattyú",,0,0,1,0,A,,,,nem,,,Ingatlaniroda,,701.0,4.0,,,,,,,,,0,0,0,417.0,0,1,1,233.1,1,1,417.0,0,1,1,543.6,0,1,1,3.0,23.0,66.0,946.7,0,0,1,425.7,0,1,1,509.2,0,1,1,377.8,0,1,1,,0,0,0,Kőbánya felső,,Szent László Gimnázium,Szent László Gimnázium,Rottenbiller park,villamos
35462605,elado,"Budapest X. kerület, Harmat utca 22.",Óhegy,84720000.0,84.72,84720.0,1366451.6129032257,18.254862259257425,14.127727874212333,0,62.0,67.45,3.0,6,0,1,0,1,1,1,1,0,0,0.0,47.4872,19.1401,1,552.6,500-1000 m,0,968.0,12.9,0,0,1,https://ingatlan.com/35462605,"Eladó tégla lakás - Budapest X. kerület, Harmat utca 22. #35462605",1104,Budapest,Harmat utca,22,új építésű,Tégla lakás,2028.0,Új építésű (2025+),10.9,3.0,0.0,3 szoba,20.666666666666668,4,4.0,5.0,0,"mennyezeti hűtés-fűtés, hőszivattyú",,0,0,1,0,A,,,,nem,,,Ingatlaniroda,,701.0,4.0,,,,,,,,,0,0,0,417.0,0,1,1,233.1,1,1,417.0,0,1,1,543.6,0,1,1,3.0,23.0,66.0,946.7,0,0,1,425.7,0,1,1,509.2,0,1,1,377.8,0,1,1,,0,0,0,Kőbánya felső,,Szent László Gimnázium,Szent László Gimnázium,Rottenbiller park,villamos
35462612,elado,"Budapest X. kerület, Harmat utca 22.",Óhegy,71220000.0,71.22,71220.0,1343773.5849056605,18.081284235813907,14.110992322261785,0,53.0,53.0,2.0,6,0,1,0,1,1,1,0,1,0,0.0,47.4872,19.1401,1,552.6,500-1000 m,0,968.0,12.9,0,0,1,https://ingatlan.com/35462612,"Eladó tégla lakás - Budapest X. kerület, Harmat utca 22. #35462612",1104,Budapest,Harmat utca,22,új építésű,Tégla lakás,2028.0,Új építésű (2025+),0.0,2.0,0.0,2 szoba,26.5,földszint,0.0,5.0,0,"mennyezeti hűtés-fűtés, hőszivattyú",,0,0,1,0,A,,,,igen,,,Ingatlaniroda,,701.0,4.0,,,,,,,,,0,0,0,417.0,0,1,1,233.1,1,1,417.0,0,1,1,543.6,0,1,1,3.0,23.0,66.0,946.7,0,0,1,425.7,0,1,1,509.2,0,1,1,377.8,0,1,1,,0,0,0,Kőbánya felső,,Szent László Gimnázium,Szent László Gimnázium,Rottenbiller park,villamos
35462616,elado,"Budapest X. kerület, Harmat utca 22.",Óhegy,132030000.0,132.03,132030.0,1361134.0206185568,18.698539727455383,14.123828748952,0,97.0,100.3,4.0,6,0,1,0,1,1,1,1,1,0,0.0,47.4872,19.1401,1,552.6,500-1000 m,0,968.0,12.9,0,0,1,https://ingatlan.com/35462616,"Eladó tégla lakás - Budapest X. kerület, Harmat utca 22. #35462616",1104,Budapest,Harmat utca,22,új építésű,Tégla lakás,2028.0,Új építésű (2025+),6.6,4.0,0.0,4+ szoba,24.25,földszint,0.0,5.0,0,"mennyezeti hűtés-fűtés, hőszivattyú",,0,0,1,0,A,,,,igen,,,Ingatlaniroda,,701.0,4.0,,,,,,,,,0,0,0,417.0,0,1,1,233.1,1,1,417.0,0,1,1,543.6,0,1,1,3.0,23.0,66.0,946.7,0,0,1,425.7,0,1,1,509.2,0,1,1,377.8,0,1,1,,0,0,0,Kőbánya felső,,Szent László Gimnázium,Szent László Gimnázium,Rottenbiller park,villamos
35462620,elado,"Budapest X. kerület, Harmat utca 22.",Óhegy,99720000.0,99.72,99720.0,1749473.6842105263,18.417876816619632,14.374825548785081,0,57.0,77.26,3.0,6,0,1,0,1,1,1,1,0,0,0.0,47.4872,19.1401,1,552.6,500-1000 m,0,968.0,12.9,0,0,1,https://ingatlan.com/35462620,"Eladó tégla lakás - Budapest X. kerület, Harmat utca 22. #35462620",1104,Budapest,Harmat utca,22,új építésű,Tégla lakás,2028.0,Új építésű (2025+),40.52,3.0,0.0,3 szoba,19.0,3,3.0,5.0,0,"mennyezeti hűtés-fűtés, hőszivattyú",,0,0,1,0,A,,,,nem,,,Ingatlaniroda,,701.0,4.0,,,,,,,,,0,0,0,417.0,0,1,1,233.1,1,1,417.0,0,1,1,543.6,0,1,1,3.0,23.0,66.0,946.7,0,0,1,425.7,0,1,1,509.2,0,1,1,377.8,0,1,1,,0,0,0,Kőbánya felső,,Szent László Gimnázium,Szent László Gimnázium,Rottenbiller park,villamos
35462625,elado,"Budapest X. kerület, Harmat utca 22.",Óhegy,139650000.0,139.65,139650.0,1454687.5,18.75464985035546,14.190301658887623,0,96.0,111.535,4.0,6,0,1,0,1,1,1,1,0,0,0.0,47.4872,19.1401,1,552.6,500-1000 m,0,968.0,12.9,0,0,1,https://ingatlan.com/35462625,"Eladó tégla lakás - Budapest X. kerület, Harmat utca 22. #35462625",1104,Budapest,Harmat utca,22,új építésű,Tégla lakás,2028.0,Új építésű (2025+),31.07,4.0,0.0,4+ szoba,24.0,3,3.0,5.0,0,"mennyezeti hűtés-fűtés, hőszivattyú",,0,0,1,0,A,,,,nem,,,Ingatlaniroda,,701.0,4.0,,,,,,,,,0,0,0,417.0,0,1,1,233.1,1,1,417.0,0,1,1,543.6,0,1,1,3.0,23.0,66.0,946.7,0,0,1,425.7,0,1,1,509.2,0,1,1,377.8,0,1,1,,0,0,0,Kőbánya felső,,Szent László Gimnázium,Szent László Gimnázium,Rottenbiller park,villamos
35462628,elado,"Budapest X. kerület, Harmat utca 22.",Óhegy,112030000.0,112.03,112030.0,1474078.9473684211,18.534277250534906,14.203543910248575,0,76.0,79.555,4.0,6,0,1,0,1,1,1,1,1,0,0.0,47.4872,19.1401,1,552.6,500-1000 m,0,968.0,12.9,0,0,1,https://ingatlan.com/35462628,"Eladó tégla lakás - Budapest X. kerület, Harmat utca 22. #35462628",1104,Budapest,Harmat utca,22,új építésű,Tégla lakás,2028.0,Új építésű (2025+),7.11,4.0,0.0,4+ szoba,19.0,földszint,0.0,5.0,0,"mennyezeti hűtés-fűtés, hőszivattyú",,0,0,1,0,A,,,,igen,,,Ingatlaniroda,,701.0,4.0,,,,,,,,,0,0,0,417.0,0,1,1,233.1,1,1,417.0,0,1,1,543.6,0,1,1,3.0,23.0,66.0,946.7,0,0,1,425.7,0,1,1,509.2,0,1,1,377.8,0,1,1,,0,0,0,Kőbánya felső,,Szent László Gimnázium,Szent László Gimnázium,Rottenbiller park,villamos
35462630,elado,"Budapest X. kerület, Harmat utca 22.",Óhegy,110330000.0,110.33,110330.0,1451710.5263157894,18.51898643273649,14.188253092450157,0,76.0,87.43,4.0,6,0,1,0,1,1,1,1,0,0,0.0,47.4872,19.1401,1,552.6,500-1000 m,0,968.0,12.9,0,0,1,https://ingatlan.com/35462630,"Eladó tégla lakás - Budapest X. kerület, Harmat utca 22. #35462630",1104,Budapest,Harmat utca,22,új építésű,Tégla lakás,2028.0,Új építésű (2025+),22.86,4.0,0.0,4+ szoba,19.0,2,2.0,5.0,0,"mennyezeti hűtés-fűtés, hőszivattyú",,0,0,1,0,A,,,,nem,,,Ingatlaniroda,,701.0,4.0,,,,,,,,,0,0,0,417.0,0,1,1,233.1,1,1,417.0,0,1,1,543.6,0,1,1,3.0,23.0,66.0,946.7,0,0,1,425.7,0,1,1,509.2,0,1,1,377.8,0,1,1,,0,0,0,Kőbánya felső,,Szent László Gimnázium,Szent László Gimnázium,Rottenbiller park,villamos
35462633,elado,"Budapest X. kerület, Harmat utca 22.",Óhegy,89920000.0,89.92,89920.0,1405000.0,18.314430944109656,14.155547860749984,0,64.0,70.105,3.0,6,0,1,0,1,1,1,1,0,0,0.0,47.4872,19.1401,1,552.6,500-1000 m,0,968.0,12.9,0,0,1,https://ingatlan.com/35462633,"Eladó tégla lakás - Budapest X. kerület, Harmat utca 22. #35462633",1104,Budapest,Harmat utca,22,új építésű,Tégla lakás,2028.0,Új építésű (2025+),12.21,3.0,0.0,3 szoba,21.333333333333332,2,2.0,5.0,0,"mennyezeti hűtés-fűtés, hőszivattyú",,0,0,1,0,A,,,,nem,,,Ingatlaniroda,,701.0,4.0,,,,,,,,,0,0,0,417.0,0,1,1,233.1,1,1,417.0,0,1,1,543.6,0,1,1,3.0,23.0,66.0,946.7,0,0,1,425.7,0,1,1,509.2,0,1,1,377.8,0,1,1,,0,0,0,Kőbánya felső,,Szent László Gimnázium,Szent László Gimnázium,Rottenbiller park,villamos
35462635,elado,"Budapest X. kerület, Harmat utca 22.",Óhegy,72140000.0,72.14,72140.0,1472244.8979591837,18.094119233439667,14.20229893532904,0,49.0,56.905,2.0,6,0,1,0,1,1,1,1,0,0,0.0,47.4872,19.1401,1,552.6,500-1000 m,0,968.0,12.9,0,0,1,https://ingatlan.com/35462635,"Eladó tégla lakás - Budapest X. kerület, Harmat utca 22. #35462635",1104,Budapest,Harmat utca,22,új építésű,Tégla lakás,2028.0,Új építésű (2025+),15.81,2.0,0.0,2 szoba,24.5,1,1.0,5.0,0,"mennyezeti hűtés-fűtés, hőszivattyú",,0,0,1,0,A,,,,nem,,,Ingatlaniroda,,701.0,4.0,,,,,,,,,0,0,0,417.0,0,1,1,233.1,1,1,417.0,0,1,1,543.6,0,1,1,3.0,23.0,66.0,946.7,0,0,1,425.7,0,1,1,509.2,0,1,1,377.8,0,1,1,,0,0,0,Kőbánya felső,,Szent László Gimnázium,Szent László Gimnázium,Rottenbiller park,villamos
35462637,elado,"Budapest X. kerület, Harmat utca 22.",Óhegy,129560000.0,129.56,129560.0,1393118.2795698924,18.679654652267402,14.147055159114148,0,93.0,106.485,4.0,6,0,1,0,1,1,1,1,0,0,0.0,47.4872,19.1401,1,552.6,500-1000 m,0,968.0,12.9,0,0,1,https://ingatlan.com/35462637,"Eladó tégla lakás - Budapest X. kerület, Harmat utca 22. #35462637",1104,Budapest,Harmat utca,22,új építésű,Tégla lakás,2028.0,Új építésű (2025+),26.97,4.0,0.0,4+ szoba,23.25,2,2.0,5.0,0,"mennyezeti hűtés-fűtés, hőszivattyú",,0,0,1,0,A,,,,nem,,,Ingatlaniroda,,701.0,4.0,,,,,,,,,0,0,0,417.0,0,1,1,233.1,1,1,417.0,0,1,1,543.6,0,1,1,3.0,23.0,66.0,946.7,0,0,1,425.7,0,1,1,509.2,0,1,1,377.8,0,1,1,,0,0,0,Kőbánya felső,,Szent László Gimnázium,Szent László Gimnázium,Rottenbiller park,villamos
35462642,elado,"Budapest X. kerület, Harmat utca 22.",Óhegy,73440000.0,73.44,73440.0,1385660.3773584906,18.11197930427651,14.141687390724387,0,53.0,55.885,2.0,6,0,1,0,1,1,1,1,0,0,0.0,47.4872,19.1401,1,552.6,500-1000 m,0,968.0,12.9,0,0,1,https://ingatlan.com/35462642,"Eladó tégla lakás - Budapest X. kerület, Harmat utca 22. #35462642",1104,Budapest,Harmat utca,22,új építésű,Tégla lakás,2028.0,Új építésű (2025+),5.77,2.0,0.0,2 szoba,26.5,2,2.0,5.0,0,"mennyezeti hűtés-fűtés, hőszivattyú",,0,0,1,0,A,,,,nem,,,Ingatlaniroda,,701.0,4.0,,,,,,,,,0,0,0,417.0,0,1,1,233.1,1,1,417.0,0,1,1,543.6,0,1,1,3.0,23.0,66.0,946.7,0,0,1,425.7,0,1,1,509.2,0,1,1,377.8,0,1,1,,0,0,0,Kőbánya felső,,Szent László Gimnázium,Szent László Gimnázium,Rottenbiller park,villamos
35462646,elado,"Budapest X. kerület, Harmat utca 22.",Óhegy,64790000.0,64.79,64790.0,1472500.0,17.98666182842614,14.202472194507878,0,44.0,49.125,2.0,6,0,1,0,1,1,1,1,0,0,0.0,47.4872,19.1401,1,552.6,500-1000 m,0,968.0,12.9,0,0,1,https://ingatlan.com/35462646,"Eladó tégla lakás - Budapest X. kerület, Harmat utca 22. #35462646",1104,Budapest,Harmat utca,22,új építésű,Tégla lakás,2028.0,Új építésű (2025+),10.25,2.0,0.0,2 szoba,22.0,2,2.0,5.0,0,"mennyezeti hűtés-fűtés, hőszivattyú",,0,0,1,0,A,,,,nem,,,Ingatlaniroda,,701.0,4.0,,,,,,,,,0,0,0,417.0,0,1,1,233.1,1,1,417.0,0,1,1,543.6,0,1,1,3.0,23.0,66.0,946.7,0,0,1,425.7,0,1,1,509.2,0,1,1,377.8,0,1,1,,0,0,0,Kőbánya felső,,Szent László Gimnázium,Szent László Gimnázium,Rottenbiller park,villamos
35462651,elado,"Budapest X. kerület, Harmat utca 22.",Óhegy,73290000.0,73.29,73290.0,1495714.2857142857,18.109934731902033,14.218114433791406,0,49.0,56.905,2.0,6,0,1,0,1,1,1,1,0,0,0.0,47.4872,19.1401,1,552.6,500-1000 m,0,968.0,12.9,0,0,1,https://ingatlan.com/35462651,"Eladó tégla lakás - Budapest X. kerület, Harmat utca 22. #35462651",1104,Budapest,Harmat utca,22,új építésű,Tégla lakás,2028.0,Új építésű (2025+),15.81,2.0,0.0,2 szoba,24.5,2,2.0,5.0,0,"mennyezeti hűtés-fűtés, hőszivattyú",,0,0,1,0,A,,,,nem,,,Ingatlaniroda,,701.0,4.0,,,,,,,,,0,0,0,417.0,0,1,1,233.1,1,1,417.0,0,1,1,543.6,0,1,1,3.0,23.0,66.0,946.7,0,0,1,425.7,0,1,1,509.2,0,1,1,377.8,0,1,1,,0,0,0,Kőbánya felső,,Szent László Gimnázium,Szent László Gimnázium,Rottenbiller park,villamos
35462653,elado,"Budapest X. kerület, Harmat utca 22.",Óhegy,49610000.0,49.61,49610.0,1459117.6470588236,17.71970298427723,14.19334245966107,0,34.0,35.755,1.0,6,0,1,0,1,1,1,1,0,0,0.0,47.4872,19.1401,1,552.6,500-1000 m,0,968.0,12.9,0,0,1,https://ingatlan.com/35462653,"Eladó tégla lakás - Budapest X. kerület, Harmat utca 22. #35462653",1104,Budapest,Harmat utca,22,új építésű,Tégla lakás,2028.0,Új építésű (2025+),3.51,1.0,0.0,1 szoba,34.0,1,1.0,5.0,0,"mennyezeti hűtés-fűtés, hőszivattyú",,0,0,1,0,A,,,,nem,,,Ingatlaniroda,,701.0,4.0,,,,,,,,,0,0,0,417.0,0,1,1,233.1,1,1,417.0,0,1,1,543.6,0,1,1,3.0,23.0,66.0,946.7,0,0,1,425.7,0,1,1,509.2,0,1,1,377.8,0,1,1,,0,0,0,Kőbánya felső,,Szent László Gimnázium,Szent László Gimnázium,Rottenbiller park,villamos
35462656,elado,"Budapest X. kerület, Harmat utca 22.",Óhegy,51650000.0,51.65,51650.0,1519117.6470588236,17.760000753529923,14.23364022891376,0,34.0,36.7,1.0,6,0,1,0,1,1,1,1,0,0,0.0,47.4872,19.1401,1,552.6,500-1000 m,0,968.0,12.9,0,0,1,https://ingatlan.com/35462656,"Eladó tégla lakás - Budapest X. kerület, Harmat utca 22. #35462656",1104,Budapest,Harmat utca,22,új építésű,Tégla lakás,2028.0,Új építésű (2025+),5.4,1.0,0.0,1 szoba,34.0,2,2.0,5.0,0,"mennyezeti hűtés-fűtés, hőszivattyú",,0,0,1,0,A,,,,nem,,,Ingatlaniroda,,701.0,4.0,,,,,,,,,0,0,0,417.0,0,1,1,233.1,1,1,417.0,0,1,1,543.6,0,1,1,3.0,23.0,66.0,946.7,0,0,1,425.7,0,1,1,509.2,0,1,1,377.8,0,1,1,,0,0,0,Kőbánya felső,,Szent László Gimnázium,Szent László Gimnázium,Rottenbiller park,villamos
35462658,elado,"Budapest X. kerület, Harmat utca 22.",Óhegy,88480000.0,88.48,88480.0,1382500.0,18.2982870957383,14.139404012378627,0,64.0,70.105,3.0,6,0,1,0,1,1,1,1,0,0,0.0,47.4872,19.1401,1,552.6,500-1000 m,0,968.0,12.9,0,0,1,https://ingatlan.com/35462658,"Eladó tégla lakás - Budapest X. kerület, Harmat utca 22. #35462658",1104,Budapest,Harmat utca,22,új építésű,Tégla lakás,2028.0,Új építésű (2025+),12.21,3.0,0.0,3 szoba,21.333333333333332,1,1.0,5.0,0,"mennyezeti hűtés-fűtés, hőszivattyú",,0,0,1,0,A,,,,nem,,,Ingatlaniroda,,701.0,4.0,,,,,,,,,0,0,0,417.0,0,1,1,233.1,1,1,417.0,0,1,1,543.6,0,1,1,3.0,23.0,66.0,946.7,0,0,1,425.7,0,1,1,509.2,0,1,1,377.8,0,1,1,,0,0,0,Kőbánya felső,,Szent László Gimnázium,Szent László Gimnázium,Rottenbiller park,villamos
35462667,elado,"Budapest X. kerület, Harmat utca 22.",Óhegy,104250000.0,104.25,104250.0,1408783.7837837837,18.462302418643183,14.158237325439016,0,74.0,82.03999999999999,4.0,6,0,1,0,1,1,1,1,0,0,0.0,47.4872,19.1401,1,552.6,500-1000 m,0,968.0,12.9,0,0,1,https://ingatlan.com/35462667,"Eladó tégla lakás - Budapest X. kerület, Harmat utca 22. #35462667",1104,Budapest,Harmat utca,22,új építésű,Tégla lakás,2028.0,Új építésű (2025+),16.08,4.0,0.0,4+ szoba,18.5,1,1.0,5.0,0,"mennyezeti hűtés-fűtés, hőszivattyú",,0,0,1,0,A,,,,nem,,,Ingatlaniroda,,701.0,4.0,,,,,,,,,0,0,0,417.0,0,1,1,233.1,1,1,417.0,0,1,1,543.6,0,1,1,3.0,23.0,66.0,946.7,0,0,1,425.7,0,1,1,509.2,0,1,1,377.8,0,1,1,,0,0,0,Kőbánya felső,,Szent László Gimnázium,Szent László Gimnázium,Rottenbiller park,villamos
35462670,elado,"Budapest X. kerület, Harmat utca 22.",Óhegy,63450000.0,63.45,63450.0,1442045.4545454546,17.96576275212467,14.18157311820641,0,44.0,49.99,2.0,6,0,1,0,1,1,1,1,0,0,0.0,47.4872,19.1401,1,552.6,500-1000 m,0,968.0,12.9,0,0,1,https://ingatlan.com/35462670,"Eladó tégla lakás - Budapest X. kerület, Harmat utca 22. #35462670",1104,Budapest,Harmat utca,22,új építésű,Tégla lakás,2028.0,Új építésű (2025+),11.98,2.0,0.0,2 szoba,22.0,4,4.0,5.0,0,"mennyezeti hűtés-fűtés, hőszivattyú",,0,0,1,0,A,,,,nem,,,Ingatlaniroda,,701.0,4.0,,,,,,,,,0,0,0,417.0,0,1,1,233.1,1,1,417.0,0,1,1,543.6,0,1,1,3.0,23.0,66.0,946.7,0,0,1,425.7,0,1,1,509.2,0,1,1,377.8,0,1,1,,0,0,0,Kőbánya felső,,Szent László Gimnázium,Szent László Gimnázium,Rottenbiller park,villamos
35462677,elado,"Budapest X. kerület, Harmat utca 22.",Óhegy,62240000.0,62.24,62240.0,1481904.761904762,17.94650843783441,14.208838819551042,0,42.0,47.975,2.0,6,0,1,0,1,1,1,1,0,0,0.0,47.4872,19.1401,1,552.6,500-1000 m,0,968.0,12.9,0,0,1,https://ingatlan.com/35462677,"Eladó tégla lakás - Budapest X. kerület, Harmat utca 22. #35462677",1104,Budapest,Harmat utca,22,új építésű,Tégla lakás,2028.0,Új építésű (2025+),11.95,2.0,0.0,2 szoba,21.0,4,4.0,5.0,0,"mennyezeti hűtés-fűtés, hőszivattyú",,0,0,1,0,A,,,,nem,,,Ingatlaniroda,,701.0,4.0,,,,,,,,,0,0,0,417.0,0,1,1,233.1,1,1,417.0,0,1,1,543.6,0,1,1,3.0,23.0,66.0,946.7,0,0,1,425.7,0,1,1,509.2,0,1,1,377.8,0,1,1,,0,0,0,Kőbánya felső,,Szent László Gimnázium,Szent László Gimnázium,Rottenbiller park,villamos
35462880,elado,"Budapest X. kerület, Harmat utca 22.",Óhegy,76190000.0,76.19,76190.0,1410925.9259259258,18.14874077844919,14.159756731884919,0,54.0,59.84,2.0,6,0,1,0,1,1,1,1,0,0,0.0,47.4872,19.1401,1,552.6,500-1000 m,0,968.0,12.9,0,0,1,https://ingatlan.com/35462880,"Eladó tégla lakás - Budapest X. kerület, Harmat utca 22. #35462880",1104,Budapest,Harmat utca,22,új építésű,Tégla lakás,2028.0,Új építésű (2025+),11.68,2.0,0.0,2 szoba,27.0,4,4.0,5.0,0,"mennyezeti hűtés-fűtés, hőszivattyú",,0,0,1,0,A,,,,nem,,,Ingatlaniroda,,701.0,4.0,,,,,,,,,0,0,0,417.0,0,1,1,233.1,1,1,417.0,0,1,1,543.6,0,1,1,3.0,23.0,66.0,946.7,0,0,1,425.7,0,1,1,509.2,0,1,1,377.8,0,1,1,,0,0,0,Kőbánya felső,,Szent László Gimnázium,Szent László Gimnázium,Rottenbiller park,villamos
35462887,elado,"Budapest X. kerület, Harmat utca 22.",Óhegy,101260000.0,101.26,101260.0,1776491.2280701755,18.433202024506038,14.390150756671487,0,57.0,77.26,3.0,6,0,1,0,1,1,1,1,0,0,0.0,47.4872,19.1401,1,552.6,500-1000 m,0,968.0,12.9,0,0,1,https://ingatlan.com/35462887,"Eladó tégla lakás - Budapest X. kerület, Harmat utca 22. #35462887",1104,Budapest,Harmat utca,22,új építésű,Tégla lakás,2028.0,Új építésű (2025+),40.52,3.0,0.0,3 szoba,19.0,3,3.0,5.0,0,"mennyezeti hűtés-fűtés, hőszivattyú",,0,0,1,0,A,,,,nem,,,Ingatlaniroda,,701.0,4.0,,,,,,,,,0,0,0,417.0,0,1,1,233.1,1,1,417.0,0,1,1,543.6,0,1,1,3.0,23.0,66.0,946.7,0,0,1,425.7,0,1,1,509.2,0,1,1,377.8,0,1,1,,0,0,0,Kőbánya felső,,Szent László Gimnázium,Szent László Gimnázium,Rottenbiller park,villamos
35462891,elado,"Budapest X. kerület, Harmat utca 22.",Óhegy,141890000.0,141.89,141890.0,1478020.8333333333,18.770562667483496,14.20621447601566,0,96.0,111.535,4.0,6,0,1,0,1,1,1,1,0,0,0.0,47.4872,19.1401,1,552.6,500-1000 m,0,968.0,12.9,0,0,1,https://ingatlan.com/35462891,"Eladó tégla lakás - Budapest X. kerület, Harmat utca 22. #35462891",1104,Budapest,Harmat utca,22,új építésű,Tégla lakás,2028.0,Új építésű (2025+),31.07,4.0,0.0,4+ szoba,24.0,3,3.0,5.0,0,"mennyezeti hűtés-fűtés, hőszivattyú",,0,0,1,0,A,,,,nem,,,Ingatlaniroda,,701.0,4.0,,,,,,,,,0,0,0,417.0,0,1,1,233.1,1,1,417.0,0,1,1,543.6,0,1,1,3.0,23.0,66.0,946.7,0,0,1,425.7,0,1,1,509.2,0,1,1,377.8,0,1,1,,0,0,0,Kőbánya felső,,Szent László Gimnázium,Szent László Gimnázium,Rottenbiller park,villamos
35462901,elado,"Budapest X. kerület, Harmat utca 22.",Óhegy,131690000.0,131.69,131690.0,1416021.505376344,18.695961233686404,14.163361740533148,0,93.0,106.485,4.0,6,0,1,0,1,1,1,1,0,0,0.0,47.4872,19.1401,1,552.6,500-1000 m,0,968.0,12.9,0,0,1,https://ingatlan.com/35462901,"Eladó tégla lakás - Budapest X. kerület, Harmat utca 22. #35462901",1104,Budapest,Harmat utca,22,új építésű,Tégla lakás,2028.0,Új építésű (2025+),26.97,4.0,0.0,4+ szoba,23.25,2,2.0,5.0,0,"mennyezeti hűtés-fűtés, hőszivattyú",,0,0,1,0,A,,,,nem,,,Ingatlaniroda,,701.0,4.0,,,,,,,,,0,0,0,417.0,0,1,1,233.1,1,1,417.0,0,1,1,543.6,0,1,1,3.0,23.0,66.0,946.7,0,0,1,425.7,0,1,1,509.2,0,1,1,377.8,0,1,1,,0,0,0,Kőbánya felső,,Szent László Gimnázium,Szent László Gimnázium,Rottenbiller park,villamos
35462903,elado,"Budapest X. kerület, Harmat utca 22.",Óhegy,73440000.0,73.44,73440.0,1385660.3773584906,18.11197930427651,14.141687390724387,0,53.0,55.885,2.0,6,0,1,0,1,1,1,1,0,0,0.0,47.4872,19.1401,1,552.6,500-1000 m,0,968.0,12.9,0,0,1,https://ingatlan.com/35462903,"Eladó tégla lakás - Budapest X. kerület, Harmat utca 22. #35462903",1104,Budapest,Harmat utca,22,új építésű,Tégla lakás,2028.0,Új építésű (2025+),5.77,2.0,0.0,2 szoba,26.5,1,1.0,5.0,0,"mennyezeti hűtés-fűtés, hőszivattyú",,0,0,1,0,A,,,,nem,,,Ingatlaniroda,,701.0,4.0,,,,,,,,,0,0,0,417.0,0,1,1,233.1,1,1,417.0,0,1,1,543.6,0,1,1,3.0,23.0,66.0,946.7,0,0,1,425.7,0,1,1,509.2,0,1,1,377.8,0,1,1,,0,0,0,Kőbánya felső,,Szent László Gimnázium,Szent László Gimnázium,Rottenbiller park,villamos
35462905,elado,"Budapest X. kerület, Harmat utca 22.",Óhegy,73290000.0,73.29,73290.0,1495714.2857142857,18.109934731902033,14.218114433791406,0,49.0,56.905,2.0,6,0,1,0,1,1,1,1,0,0,0.0,47.4872,19.1401,1,552.6,500-1000 m,0,968.0,12.9,0,0,1,https://ingatlan.com/35462905,"Eladó tégla lakás - Budapest X. kerület, Harmat utca 22. #35462905",1104,Budapest,Harmat utca,22,új építésű,Tégla lakás,2028.0,Új építésű (2025+),15.81,2.0,0.0,2 szoba,24.5,1,1.0,5.0,0,"mennyezeti hűtés-fűtés, hőszivattyú",,0,0,1,0,A,,,,nem,,,Ingatlaniroda,,701.0,4.0,,,,,,,,,0,0,0,417.0,0,1,1,233.1,1,1,417.0,0,1,1,543.6,0,1,1,3.0,23.0,66.0,946.7,0,0,1,425.7,0,1,1,509.2,0,1,1,377.8,0,1,1,,0,0,0,Kőbánya felső,,Szent László Gimnázium,Szent László Gimnázium,Rottenbiller park,villamos
35462908,elado,"Budapest X. kerület, Harmat utca 22.",Óhegy,74560000.0,74.56,74560.0,1406792.4528301887,18.12711472834161,14.156822814789487,0,53.0,55.885,2.0,6,0,1,0,1,1,1,1,0,0,0.0,47.4872,19.1401,1,552.6,500-1000 m,0,968.0,12.9,0,0,1,https://ingatlan.com/35462908,"Eladó tégla lakás - Budapest X. kerület, Harmat utca 22. #35462908",1104,Budapest,Harmat utca,22,új építésű,Tégla lakás,2028.0,Új építésű (2025+),5.77,2.0,0.0,2 szoba,26.5,2,2.0,5.0,0,"mennyezeti hűtés-fűtés, hőszivattyú",,0,0,1,0,A,,,,nem,,,Ingatlaniroda,,701.0,4.0,,,,,,,,,0,0,0,417.0,0,1,1,233.1,1,1,417.0,0,1,1,543.6,0,1,1,3.0,23.0,66.0,946.7,0,0,1,425.7,0,1,1,509.2,0,1,1,377.8,0,1,1,,0,0,0,Kőbánya felső,,Szent László Gimnázium,Szent László Gimnázium,Rottenbiller park,villamos
35462915,elado,"Budapest X. kerület, Harmat utca 22.",Óhegy,65760000.0,65.76,65760.0,1494545.4545454546,18.0015223087122,14.217332674793937,0,44.0,49.125,2.0,6,0,1,0,1,1,1,1,0,0,0.0,47.4872,19.1401,1,552.6,500-1000 m,0,968.0,12.9,0,0,1,https://ingatlan.com/35462915,"Eladó tégla lakás - Budapest X. kerület, Harmat utca 22. #35462915",1104,Budapest,Harmat utca,22,új építésű,Tégla lakás,2028.0,Új építésű (2025+),10.25,2.0,0.0,2 szoba,22.0,2,2.0,5.0,0,"mennyezeti hűtés-fűtés, hőszivattyú",,0,0,1,0,A,,,,nem,,,Ingatlaniroda,,701.0,4.0,,,,,,,,,0,0,0,417.0,0,1,1,233.1,1,1,417.0,0,1,1,543.6,0,1,1,3.0,23.0,66.0,946.7,0,0,1,425.7,0,1,1,509.2,0,1,1,377.8,0,1,1,,0,0,0,Kőbánya felső,,Szent László Gimnázium,Szent László Gimnázium,Rottenbiller park,villamos
35462916,elado,"Budapest X. kerület, Harmat utca 22.",Óhegy,74440000.0,74.44,74440.0,1519183.6734693877,18.125503989738323,14.233683691627698,0,49.0,56.905,2.0,6,0,1,0,1,1,1,1,0,0,0.0,47.4872,19.1401,1,552.6,500-1000 m,0,968.0,12.9,0,0,1,https://ingatlan.com/35462916,"Eladó tégla lakás - Budapest X. kerület, Harmat utca 22. #35462916",1104,Budapest,Harmat utca,22,új építésű,Tégla lakás,2028.0,Új építésű (2025+),15.81,2.0,0.0,2 szoba,24.5,2,2.0,5.0,0,"mennyezeti hűtés-fűtés, hőszivattyú",,0,0,1,0,A,,,,nem,,,Ingatlaniroda,,701.0,4.0,,,,,,,,,0,0,0,417.0,0,1,1,233.1,1,1,417.0,0,1,1,543.6,0,1,1,3.0,23.0,66.0,946.7,0,0,1,425.7,0,1,1,509.2,0,1,1,377.8,0,1,1,,0,0,0,Kőbánya felső,,Szent László Gimnázium,Szent László Gimnázium,Rottenbiller park,villamos
35462921,elado,"Budapest X. kerület, Harmat utca 22.",Óhegy,71040000.0,71.04,71040.0,1614545.4545454546,18.07875365664819,14.294564022729928,0,44.0,47.65,2.0,6,0,1,0,1,1,1,1,1,0,0.0,47.4872,19.1401,1,552.6,500-1000 m,0,968.0,12.9,0,0,1,https://ingatlan.com/35462921,"Eladó tégla lakás - Budapest X. kerület, Harmat utca 22. #35462921",1104,Budapest,Harmat utca,22,új építésű,Tégla lakás,2028.0,Új építésű (2025+),7.3,2.0,0.0,2 szoba,22.0,földszint,0.0,5.0,0,"mennyezeti hűtés-fűtés, hőszivattyú",,0,0,1,0,A,,,,igen,,,Ingatlaniroda,,701.0,4.0,,,,,,,,,0,0,0,417.0,0,1,1,233.1,1,1,417.0,0,1,1,543.6,0,1,1,3.0,23.0,66.0,946.7,0,0,1,425.7,0,1,1,509.2,0,1,1,377.8,0,1,1,,0,0,0,Kőbánya felső,,Szent László Gimnázium,Szent László Gimnázium,Rottenbiller park,villamos
35462926,elado,"Budapest X. kerület, Harmat utca 22.",Óhegy,78620000.0,78.62,78620.0,1604489.7959183673,18.18013667795799,14.288316379847362,0,49.0,52.0,2.0,6,0,1,0,1,1,1,1,1,0,0.0,47.4872,19.1401,1,552.6,500-1000 m,0,968.0,12.9,0,0,1,https://ingatlan.com/35462926,"Eladó tégla lakás - Budapest X. kerület, Harmat utca 22. #35462926",1104,Budapest,Harmat utca,22,új építésű,Tégla lakás,2028.0,Új építésű (2025+),6.0,2.0,0.0,2 szoba,24.5,földszint,0.0,5.0,0,"mennyezeti hűtés-fűtés, hőszivattyú",,0,0,1,0,A,,,,igen,,,Ingatlaniroda,,701.0,4.0,,,,,,,,,0,0,0,417.0,0,1,1,233.1,1,1,417.0,0,1,1,543.6,0,1,1,3.0,23.0,66.0,946.7,0,0,1,425.7,0,1,1,509.2,0,1,1,377.8,0,1,1,,0,0,0,Kőbánya felső,,Szent László Gimnázium,Szent László Gimnázium,Rottenbiller park,villamos
35462941,elado,"Budapest X. kerület, Harmat utca 22.",Óhegy,116090000.0,116.09,116090.0,1527500.0,18.569876310314218,14.239142970027887,0,76.0,79.55,4.0,6,0,1,0,1,1,1,1,1,0,0.0,47.4872,19.1401,1,552.6,500-1000 m,0,968.0,12.9,0,0,1,https://ingatlan.com/35462941,"Eladó tégla lakás - Budapest X. kerület, Harmat utca 22. #35462941",1104,Budapest,Harmat utca,22,új építésű,Tégla lakás,2028.0,Új építésű (2025+),7.1,4.0,0.0,4+ szoba,19.0,földszint,0.0,5.0,0,"mennyezeti hűtés-fűtés, hőszivattyú",,0,0,1,0,A,,,,igen,,,Ingatlaniroda,,701.0,4.0,,,,,,,,,0,0,0,417.0,0,1,1,233.1,1,1,417.0,0,1,1,543.6,0,1,1,3.0,23.0,66.0,946.7,0,0,1,425.7,0,1,1,509.2,0,1,1,377.8,0,1,1,,0,0,0,Kőbánya felső,,Szent László Gimnázium,Szent László Gimnázium,Rottenbiller park,villamos
35462944,elado,"Budapest X. kerület, Harmat utca 22.",Óhegy,105930000.0,105.93,105930.0,1431486.4864864864,18.478289056572677,14.17422396336851,0,74.0,82.03999999999999,4.0,6,0,1,0,1,1,1,1,0,0,0.0,47.4872,19.1401,1,552.6,500-1000 m,0,968.0,12.9,0,0,1,https://ingatlan.com/35462944,"Eladó tégla lakás - Budapest X. kerület, Harmat utca 22. #35462944",1104,Budapest,Harmat utca,22,új építésű,Tégla lakás,2028.0,Új építésű (2025+),16.08,4.0,0.0,4+ szoba,18.5,1,1.0,5.0,0,"mennyezeti hűtés-fűtés, hőszivattyú",,0,0,1,0,A,,,,nem,,,Ingatlaniroda,,701.0,4.0,,,,,,,,,0,0,0,417.0,0,1,1,233.1,1,1,417.0,0,1,1,543.6,0,1,1,3.0,23.0,66.0,946.7,0,0,1,425.7,0,1,1,509.2,0,1,1,377.8,0,1,1,,0,0,0,Kőbánya felső,,Szent László Gimnázium,Szent László Gimnázium,Rottenbiller park,villamos
35462955,elado,"Budapest X. kerület, Harmat utca 22.",Óhegy,64460000.0,64.46,64460.0,1465000.0,17.981555434351566,14.197365800433305,0,44.0,49.99,2.0,6,0,1,0,1,1,1,1,0,0,0.0,47.4872,19.1401,1,552.6,500-1000 m,0,968.0,12.9,0,0,1,https://ingatlan.com/35462955,"Eladó tégla lakás - Budapest X. kerület, Harmat utca 22. #35462955",1104,Budapest,Harmat utca,22,új építésű,Tégla lakás,2028.0,Új építésű (2025+),11.98,2.0,0.0,2 szoba,22.0,4,4.0,5.0,0,"mennyezeti hűtés-fűtés, hőszivattyú",,0,0,1,0,A,,,,nem,,,Ingatlaniroda,,701.0,4.0,,,,,,,,,0,0,0,417.0,0,1,1,233.1,1,1,417.0,0,1,1,543.6,0,1,1,3.0,23.0,66.0,946.7,0,0,1,425.7,0,1,1,509.2,0,1,1,377.8,0,1,1,,0,0,0,Kőbánya felső,,Szent László Gimnázium,Szent László Gimnázium,Rottenbiller park,villamos
35462968,elado,"Budapest X. kerület, Harmat utca 22.",Óhegy,64760000.0,64.76,64760.0,1471818.1818181819,17.986198686773708,14.202009052855447,0,44.0,49.11,2.0,6,0,1,0,1,1,1,1,0,0,0.0,47.4872,19.1401,1,552.6,500-1000 m,0,968.0,12.9,0,0,1,https://ingatlan.com/35462968,"Eladó tégla lakás - Budapest X. kerület, Harmat utca 22. #35462968",1104,Budapest,Harmat utca,22,új építésű,Tégla lakás,2028.0,Új építésű (2025+),10.22,2.0,0.0,2 szoba,22.0,1,1.0,5.0,0,"mennyezeti hűtés-fűtés, hőszivattyú",,0,0,1,0,A,,,,nem,,,Ingatlaniroda,,701.0,4.0,,,,,,,,,0,0,0,417.0,0,1,1,233.1,1,1,417.0,0,1,1,543.6,0,1,1,3.0,23.0,66.0,946.7,0,0,1,425.7,0,1,1,509.2,0,1,1,377.8,0,1,1,,0,0,0,Kőbánya felső,,Szent László Gimnázium,Szent László Gimnázium,Rottenbiller park,villamos
35462970,elado,"Budapest X. kerület, Harmat utca 22.",Óhegy,129560000.0,129.56,129560.0,1393118.2795698924,18.679654652267402,14.147055159114148,0,93.0,106.475,4.0,6,0,1,0,1,1,1,1,0,0,0.0,47.4872,19.1401,1,552.6,500-1000 m,0,968.0,12.9,0,0,1,https://ingatlan.com/35462970,"Eladó tégla lakás - Budapest X. kerület, Harmat utca 22. #35462970",1104,Budapest,Harmat utca,22,új építésű,Tégla lakás,2028.0,Új építésű (2025+),26.95,4.0,0.0,4+ szoba,23.25,1,1.0,5.0,0,"mennyezeti hűtés-fűtés, hőszivattyú",,0,0,1,0,A,,,,nem,,,Ingatlaniroda,,701.0,4.0,,,,,,,,,0,0,0,417.0,0,1,1,233.1,1,1,417.0,0,1,1,543.6,0,1,1,3.0,23.0,66.0,946.7,0,0,1,425.7,0,1,1,509.2,0,1,1,377.8,0,1,1,,0,0,0,Kőbánya felső,,Szent László Gimnázium,Szent László Gimnázium,Rottenbiller park,villamos
35462971,elado,"Budapest X. kerület, Harmat utca 22.",Óhegy,50330000.0,50.33,50330.0,1480294.1176470588,17.734111878752543,14.20775135413638,0,34.0,35.755,1.0,6,0,1,0,1,1,1,1,0,0,0.0,47.4872,19.1401,1,552.6,500-1000 m,0,968.0,12.9,0,0,1,https://ingatlan.com/35462971,"Eladó tégla lakás - Budapest X. kerület, Harmat utca 22. #35462971",1104,Budapest,Harmat utca,22,új építésű,Tégla lakás,2028.0,Új építésű (2025+),3.51,1.0,0.0,1 szoba,34.0,1,1.0,5.0,0,"mennyezeti hűtés-fűtés, hőszivattyú",,0,0,1,0,A,,,,nem,,,Ingatlaniroda,,701.0,4.0,,,,,,,,,0,0,0,417.0,0,1,1,233.1,1,1,417.0,0,1,1,543.6,0,1,1,3.0,23.0,66.0,946.7,0,0,1,425.7,0,1,1,509.2,0,1,1,377.8,0,1,1,,0,0,0,Kőbánya felső,,Szent László Gimnázium,Szent László Gimnázium,Rottenbiller park,villamos
35462976,elado,"Budapest X. kerület, Harmat utca 22.",Óhegy,87200000.0,87.2,87200.0,1529824.5614035088,18.283714888879206,14.240663621044657,0,57.0,65.59,3.0,6,0,1,0,1,1,1,1,0,0,0.0,47.4872,19.1401,1,552.6,500-1000 m,0,968.0,12.9,0,0,1,https://ingatlan.com/35462976,"Eladó tégla lakás - Budapest X. kerület, Harmat utca 22. #35462976",1104,Budapest,Harmat utca,22,új építésű,Tégla lakás,2028.0,Új építésű (2025+),17.18,3.0,0.0,3 szoba,19.0,2,2.0,5.0,0,"mennyezeti hűtés-fűtés, hőszivattyú",,0,0,1,0,A,,,,nem,,,Ingatlaniroda,,701.0,4.0,,,,,,,,,0,0,0,417.0,0,1,1,233.1,1,1,417.0,0,1,1,543.6,0,1,1,3.0,23.0,66.0,946.7,0,0,1,425.7,0,1,1,509.2,0,1,1,377.8,0,1,1,,0,0,0,Kőbánya felső,,Szent László Gimnázium,Szent László Gimnázium,Rottenbiller park,villamos
35462978,elado,"Budapest X. kerület, Harmat utca 22.",Óhegy,63210000.0,63.21,63210.0,1505000.0,17.96197307444848,14.224303456165114,0,42.0,47.975,2.0,6,0,1,0,1,1,1,1,0,0,0.0,47.4872,19.1401,1,552.6,500-1000 m,0,968.0,12.9,0,0,1,https://ingatlan.com/35462978,"Eladó tégla lakás - Budapest X. kerület, Harmat utca 22. #35462978",1104,Budapest,Harmat utca,22,új építésű,Tégla lakás,2028.0,Új építésű (2025+),11.95,2.0,0.0,2 szoba,21.0,4,4.0,5.0,0,"mennyezeti hűtés-fűtés, hőszivattyú",,0,0,1,0,A,,,,nem,,,Ingatlaniroda,,701.0,4.0,,,,,,,,,0,0,0,417.0,0,1,1,233.1,1,1,417.0,0,1,1,543.6,0,1,1,3.0,23.0,66.0,946.7,0,0,1,425.7,0,1,1,509.2,0,1,1,377.8,0,1,1,,0,0,0,Kőbánya felső,,Szent László Gimnázium,Szent László Gimnázium,Rottenbiller park,villamos
35462996,elado,"Budapest X. kerület, Gyakorló utca",Felsőrákos,65900000.0,65.9,65900.0,1243396.2264150945,18.003648999472734,14.033357085920613,0,53.0,53.0,2.0,2,1,0,1,0,1,0,0,0,0,,47.5018325,19.1436801,0,258.3,150-300 m,0,,,0,0,0,https://ingatlan.com/35462996,"Eladó panel lakás - Budapest X. kerület, Gyakorló utca #35462996",1106,Budapest,Gyakorló utca,,közepes állapotú,Panel lakás,,Ismeretlen,0.0,2.0,0.0,2 szoba,26.5,9,9.0,10.0,0,nincs megadva,,0,0,0,0,nincs megadva,,,,nincs megadva,,,Ingatlaniroda,,1198.0,4.0,,,,,,,,,0,0,0,,0,0,0,,0,0,,0,0,0,,0,0,0,,,,,0,0,0,,0,0,0,,0,0,0,,0,0,0,,0,0,0,,,,,,
35463626,elado,"Budapest X. kerület, Kőbánya-Kertváros",Kőbánya-Kertváros,59900000.0,59.9,59900.0,1274468.085106383,17.908187063085677,14.05803946137562,0,47.0,49.0,2.0,4,0,0,0,1,0,0,1,0,0,96.0,47.4826961,19.2002952,0,91.9,<150 m,1,,,0,0,0,https://ingatlan.com/35463626,"Eladó tégla lakás - Budapest X. kerület, Kőbánya-Kertváros #35463626",1106,Budapest,Kőbánya-Kertváros,,felújított,Tégla lakás,1930.0,60+ év (háború előtti),4.0,2.0,0.0,2 szoba,23.5,2,2.0,,0,gáz (konvektor),,0,1,0,0,B,,,,nincs megadva,,,Ingatlaniroda,,1156.0,4.0,,,,,,,,,0,0,0,,0,0,0,,0,0,,0,0,0,,0,0,0,,,,,0,0,0,,0,0,0,,0,0,0,,0,0,0,,0,0,0,,,,,,
35464276,elado,"Budapest X. kerület, Harmat utca 22.",Óhegy,76590000.0,76.59,76590.0,1563061.224489796,18.153977077885777,14.26215677977515,0,49.0,52.0,2.0,6,0,1,0,1,1,1,1,1,0,0.0,47.4872,19.1401,1,552.6,500-1000 m,0,968.0,12.9,0,0,1,https://ingatlan.com/35464276,"Eladó tégla lakás - Budapest X. kerület, Harmat utca 22. #35464276",1104,Budapest,Harmat utca,22,új építésű,Tégla lakás,2028.0,Új építésű (2025+),6.0,2.0,0.0,2 szoba,24.5,földszint,0.0,5.0,0,"mennyezeti hűtés-fűtés, hőszivattyú",,0,0,1,0,A,,,,igen,,,Ingatlaniroda,,701.0,4.0,,,,,,,,,0,0,0,417.0,0,1,1,233.1,1,1,417.0,0,1,1,543.6,0,1,1,3.0,23.0,66.0,946.7,0,0,1,425.7,0,1,1,509.2,0,1,1,377.8,0,1,1,,0,0,0,Kőbánya felső,,Szent László Gimnázium,Szent László Gimnázium,Rottenbiller park,villamos
35464280,elado,"Budapest X. kerület, Harmat utca 22.",Óhegy,73170000.0,73.17,73170.0,1380566.0377358492,18.108296058860212,14.138004145308091,0,53.0,53.0,2.0,6,0,1,0,1,1,1,0,1,0,0.0,47.4872,19.1401,1,552.6,500-1000 m,0,968.0,12.9,0,0,1,https://ingatlan.com/35464280,"Eladó tégla lakás - Budapest X. kerület, Harmat utca 22. #35464280",1104,Budapest,Harmat utca,22,új építésű,Tégla lakás,2028.0,Új építésű (2025+),0.0,2.0,0.0,2 szoba,26.5,földszint,0.0,5.0,0,"mennyezeti hűtés-fűtés, hőszivattyú",,0,0,1,0,A,,,,igen,,,Ingatlaniroda,,701.0,4.0,,,,,,,,,0,0,0,417.0,0,1,1,233.1,1,1,417.0,0,1,1,543.6,0,1,1,3.0,23.0,66.0,946.7,0,0,1,425.7,0,1,1,509.2,0,1,1,377.8,0,1,1,,0,0,0,Kőbánya felső,,Szent László Gimnázium,Szent László Gimnázium,Rottenbiller park,villamos
35464288,elado,"Budapest X. kerület, Harmat utca 22.",Óhegy,117560000.0,117.56,117560.0,1546842.105263158,18.582459399514992,14.251726059228659,0,76.0,79.55,4.0,6,0,1,0,1,1,1,1,1,0,0.0,47.4872,19.1401,1,552.6,500-1000 m,0,968.0,12.9,0,0,1,https://ingatlan.com/35464288,"Eladó tégla lakás - Budapest X. kerület, Harmat utca 22. #35464288",1104,Budapest,Harmat utca,22,új építésű,Tégla lakás,2028.0,Új építésű (2025+),7.1,4.0,0.0,4+ szoba,19.0,földszint,0.0,5.0,0,"mennyezeti hűtés-fűtés, hőszivattyú",,0,0,1,0,A,,,,igen,,,Ingatlaniroda,,701.0,4.0,,,,,,,,,0,0,0,417.0,0,1,1,233.1,1,1,417.0,0,1,1,543.6,0,1,1,3.0,23.0,66.0,946.7,0,0,1,425.7,0,1,1,509.2,0,1,1,377.8,0,1,1,,0,0,0,Kőbánya felső,,Szent László Gimnázium,Szent László Gimnázium,Rottenbiller park,villamos
35464291,elado,"Budapest X. kerület, Harmat utca 22.",Óhegy,74440000.0,74.44,74440.0,1519183.6734693877,18.125503989738323,14.233683691627698,0,49.0,56.905,2.0,6,0,1,0,1,1,1,1,0,0,0.0,47.4872,19.1401,1,552.6,500-1000 m,0,968.0,12.9,0,0,1,https://ingatlan.com/35464291,"Eladó tégla lakás - Budapest X. kerület, Harmat utca 22. #35464291",1104,Budapest,Harmat utca,22,új építésű,Tégla lakás,2028.0,Új építésű (2025+),15.81,2.0,0.0,2 szoba,24.5,1,1.0,5.0,0,"mennyezeti hűtés-fűtés, hőszivattyú",,0,0,1,0,A,,,,nem,,,Ingatlaniroda,,701.0,4.0,,,,,,,,,0,0,0,417.0,0,1,1,233.1,1,1,417.0,0,1,1,543.6,0,1,1,3.0,23.0,66.0,946.7,0,0,1,425.7,0,1,1,509.2,0,1,1,377.8,0,1,1,,0,0,0,Kőbánya felső,,Szent László Gimnázium,Szent László Gimnázium,Rottenbiller park,villamos
35464298,elado,"Budapest X. kerület, Harmat utca 22.",Óhegy,74560000.0,74.56,74560.0,1406792.4528301887,18.12711472834161,14.156822814789487,0,53.0,55.885,2.0,6,0,1,0,1,1,1,1,0,0,0.0,47.4872,19.1401,1,552.6,500-1000 m,0,968.0,12.9,0,0,1,https://ingatlan.com/35464298,"Eladó tégla lakás - Budapest X. kerület, Harmat utca 22. #35464298",1104,Budapest,Harmat utca,22,új építésű,Tégla lakás,2028.0,Új építésű (2025+),5.77,2.0,0.0,2 szoba,26.5,1,1.0,5.0,0,"mennyezeti hűtés-fűtés, hőszivattyú",,0,0,1,0,A,,,,nem,,,Ingatlaniroda,,701.0,4.0,,,,,,,,,0,0,0,417.0,0,1,1,233.1,1,1,417.0,0,1,1,543.6,0,1,1,3.0,23.0,66.0,946.7,0,0,1,425.7,0,1,1,509.2,0,1,1,377.8,0,1,1,,0,0,0,Kőbánya felső,,Szent László Gimnázium,Szent László Gimnázium,Rottenbiller park,villamos
35464301,elado,"Budapest X. kerület, Harmat utca 22.",Óhegy,131690000.0,131.69,131690.0,1416021.505376344,18.695961233686404,14.163361740533148,0,93.0,106.475,4.0,6,0,1,0,1,1,1,1,0,0,0.0,47.4872,19.1401,1,552.6,500-1000 m,0,968.0,12.9,0,0,1,https://ingatlan.com/35464301,"Eladó tégla lakás - Budapest X. kerület, Harmat utca 22. #35464301",1104,Budapest,Harmat utca,22,új építésű,Tégla lakás,2028.0,Új építésű (2025+),26.95,4.0,0.0,4+ szoba,23.25,1,1.0,5.0,0,"mennyezeti hűtés-fűtés, hőszivattyú",,0,0,1,0,A,,,,nem,,,Ingatlaniroda,,701.0,4.0,,,,,,,,,0,0,0,417.0,0,1,1,233.1,1,1,417.0,0,1,1,543.6,0,1,1,3.0,23.0,66.0,946.7,0,0,1,425.7,0,1,1,509.2,0,1,1,377.8,0,1,1,,0,0,0,Kőbánya felső,,Szent László Gimnázium,Szent László Gimnázium,Rottenbiller park,villamos
35464304,elado,"Budapest X. kerület, Harmat utca 22.",Óhegy,51050000.0,51.05,51050.0,1501470.5882352942,17.74831610257495,14.221955577958788,0,34.0,35.755,1.0,6,0,1,0,1,1,1,1,0,0,0.0,47.4872,19.1401,1,552.6,500-1000 m,0,968.0,12.9,0,0,1,https://ingatlan.com/35464304,"Eladó tégla lakás - Budapest X. kerület, Harmat utca 22. #35464304",1104,Budapest,Harmat utca,22,új építésű,Tégla lakás,2028.0,Új építésű (2025+),3.51,1.0,0.0,1 szoba,34.0,1,1.0,5.0,0,"mennyezeti hűtés-fűtés, hőszivattyú",,0,0,1,0,A,,,,nem,,,Ingatlaniroda,,701.0,4.0,,,,,,,,,0,0,0,417.0,0,1,1,233.1,1,1,417.0,0,1,1,543.6,0,1,1,3.0,23.0,66.0,946.7,0,0,1,425.7,0,1,1,509.2,0,1,1,377.8,0,1,1,,0,0,0,Kőbánya felső,,Szent László Gimnázium,Szent László Gimnázium,Rottenbiller park,villamos
35464312,elado,"Budapest X. kerület, Harmat utca 22.",Óhegy,88520000.0,88.52,88520.0,1552982.4561403508,18.29873907314712,14.255687805312572,0,57.0,65.59,3.0,6,0,1,0,1,1,1,1,0,0,0.0,47.4872,19.1401,1,552.6,500-1000 m,0,968.0,12.9,0,0,1,https://ingatlan.com/35464312,"Eladó tégla lakás - Budapest X. kerület, Harmat utca 22. #35464312",1104,Budapest,Harmat utca,22,új építésű,Tégla lakás,2028.0,Új építésű (2025+),17.18,3.0,0.0,3 szoba,19.0,2,2.0,5.0,0,"mennyezeti hűtés-fűtés, hőszivattyú",,0,0,1,0,A,,,,nem,,,Ingatlaniroda,,701.0,4.0,,,,,,,,,0,0,0,417.0,0,1,1,233.1,1,1,417.0,0,1,1,543.6,0,1,1,3.0,23.0,66.0,946.7,0,0,1,425.7,0,1,1,509.2,0,1,1,377.8,0,1,1,,0,0,0,Kőbánya felső,,Szent László Gimnázium,Szent László Gimnázium,Rottenbiller park,villamos
35464316,elado,"Budapest X. kerület, Harmat utca 22.",Óhegy,75580000.0,75.58,75580.0,1542448.9795918367,18.140702255885618,14.24888195777499,0,49.0,56.905,2.0,6,0,1,0,1,1,1,1,0,0,0.0,47.4872,19.1401,1,552.6,500-1000 m,0,968.0,12.9,0,0,1,https://ingatlan.com/35464316,"Eladó tégla lakás - Budapest X. kerület, Harmat utca 22. #35464316",1104,Budapest,Harmat utca,22,új építésű,Tégla lakás,2028.0,Új építésű (2025+),15.81,2.0,0.0,2 szoba,24.5,2,2.0,5.0,0,"mennyezeti hűtés-fűtés, hőszivattyú",,0,0,1,0,A,,,,nem,,,Ingatlaniroda,,701.0,4.0,,,,,,,,,0,0,0,417.0,0,1,1,233.1,1,1,417.0,0,1,1,543.6,0,1,1,3.0,23.0,66.0,946.7,0,0,1,425.7,0,1,1,509.2,0,1,1,377.8,0,1,1,,0,0,0,Kőbánya felső,,Szent László Gimnázium,Szent László Gimnázium,Rottenbiller park,villamos
35464317,elado,"Budapest X. kerület, Újhegyi út 18/B.",Újhegy,95000000.0,95.0,95000.0,1217948.717948718,18.369387449564815,14.012678622875223,0,78.0,82.0,3.0,3,0,0,0,1,1,1,1,0,0,0.0,47.468138,19.16875,1,901.5,500-1000 m,0,1890.6,25.2,0,0,0,https://ingatlan.com/35464317,"Eladó tégla lakás - Budapest X. kerület, Újhegyi út 18/B #35464317",1108,Budapest,Újhegyi út,18/B,nincs megadva,Tégla lakás,2026.0,Új építésű (2025+),8.0,3.0,0.0,3 szoba,26.0,1,1.0,4.0,0,hőszivattyú,,0,0,1,0,nincs megadva,,,,nincs megadva,,,Ingatlaniroda,,2297.0,4.0,,,,,,,,1896.5,0,0,0,975.8,0,0,1,13.3,1,1,975.8,0,0,1,401.7,0,1,1,4.0,18.0,57.0,,0,0,0,,0,0,0,580.2,0,1,1,647.1,0,1,1,1648.7,0,0,0,Kőbánya-Kispest,,Új köztemető,"Újhegyi út, Sportliget",Sportliget,villamos
35464323,elado,"Budapest X. kerület, Harmat utca 22.",Óhegy,75680000.0,75.68,75680.0,1427924.5283018867,18.142024482707896,14.171732569155775,0,53.0,55.885,2.0,6,0,1,0,1,1,1,1,0,0,0.0,47.4872,19.1401,1,552.6,500-1000 m,0,968.0,12.9,0,0,1,https://ingatlan.com/35464323,"Eladó tégla lakás - Budapest X. kerület, Harmat utca 22. #35464323",1104,Budapest,Harmat utca,22,új építésű,Tégla lakás,2028.0,Új építésű (2025+),5.77,2.0,0.0,2 szoba,26.5,2,2.0,5.0,0,"mennyezeti hűtés-fűtés, hőszivattyú",,0,0,1,0,A,,,,nem,,,Ingatlaniroda,,701.0,4.0,,,,,,,,,0,0,0,417.0,0,1,1,233.1,1,1,417.0,0,1,1,543.6,0,1,1,3.0,23.0,66.0,946.7,0,0,1,425.7,0,1,1,509.2,0,1,1,377.8,0,1,1,,0,0,0,Kőbánya felső,,Szent László Gimnázium,Szent László Gimnázium,Rottenbiller park,villamos
35464328,elado,"Budapest X. kerület, Harmat utca 22.",Óhegy,133820000.0,133.82,133820.0,1438924.7311827957,18.712006171318944,14.17940667816569,0,93.0,106.485,4.0,6,0,1,0,1,1,1,1,0,0,0.0,47.4872,19.1401,1,552.6,500-1000 m,0,968.0,12.9,0,0,1,https://ingatlan.com/35464328,"Eladó tégla lakás - Budapest X. kerület, Harmat utca 22. #35464328",1104,Budapest,Harmat utca,22,új építésű,Tégla lakás,2028.0,Új építésű (2025+),26.97,4.0,0.0,4+ szoba,23.25,2,2.0,5.0,0,"mennyezeti hűtés-fűtés, hőszivattyú",,0,0,1,0,A,,,,nem,,,Ingatlaniroda,,701.0,4.0,,,,,,,,,0,0,0,417.0,0,1,1,233.1,1,1,417.0,0,1,1,543.6,0,1,1,3.0,23.0,66.0,946.7,0,0,1,425.7,0,1,1,509.2,0,1,1,377.8,0,1,1,,0,0,0,Kőbánya felső,,Szent László Gimnázium,Szent László Gimnázium,Rottenbiller park,villamos
35464332,elado,"Budapest X. kerület, Harmat utca 22.",Óhegy,53120000.0,53.12,53120.0,1562352.9411764706,17.788064063132452,14.261703538516292,0,34.0,36.7,1.0,6,0,1,0,1,1,1,1,0,0,0.0,47.4872,19.1401,1,552.6,500-1000 m,0,968.0,12.9,0,0,1,https://ingatlan.com/35464332,"Eladó tégla lakás - Budapest X. kerület, Harmat utca 22. #35464332",1104,Budapest,Harmat utca,22,új építésű,Tégla lakás,2028.0,Új építésű (2025+),5.4,1.0,0.0,1 szoba,34.0,2,2.0,5.0,0,"mennyezeti hűtés-fűtés, hőszivattyú",,0,0,1,0,A,,,,nem,,,Ingatlaniroda,,701.0,4.0,,,,,,,,,0,0,0,417.0,0,1,1,233.1,1,1,417.0,0,1,1,543.6,0,1,1,3.0,23.0,66.0,946.7,0,0,1,425.7,0,1,1,509.2,0,1,1,377.8,0,1,1,,0,0,0,Kőbánya felső,,Szent László Gimnázium,Szent László Gimnázium,Rottenbiller park,villamos
35464339,elado,"Budapest X. kerület, Harmat utca 22.",Óhegy,113810000.0,113.81,113810.0,1497500.0,18.550040949258072,14.219307608971741,0,76.0,87.43,4.0,6,0,1,0,1,1,1,1,0,0,0.0,47.4872,19.1401,1,552.6,500-1000 m,0,968.0,12.9,0,0,1,https://ingatlan.com/35464339,"Eladó tégla lakás - Budapest X. kerület, Harmat utca 22. #35464339",1104,Budapest,Harmat utca,22,új építésű,Tégla lakás,2028.0,Új építésű (2025+),22.86,4.0,0.0,4+ szoba,19.0,2,2.0,5.0,0,"mennyezeti hűtés-fűtés, hőszivattyú",,0,0,1,0,A,,,,nem,,,Ingatlaniroda,,701.0,4.0,,,,,,,,,0,0,0,417.0,0,1,1,233.1,1,1,417.0,0,1,1,543.6,0,1,1,3.0,23.0,66.0,946.7,0,0,1,425.7,0,1,1,509.2,0,1,1,377.8,0,1,1,,0,0,0,Kőbánya felső,,Szent László Gimnázium,Szent László Gimnázium,Rottenbiller park,villamos
35464342,elado,"Budapest X. kerület, Harmat utca 22.",Óhegy,144120000.0,144.12,144120.0,1501250.0,18.786156843844168,14.22180865237633,0,96.0,111.535,4.0,6,0,1,0,1,1,1,1,0,0,0.0,47.4872,19.1401,1,552.6,500-1000 m,0,968.0,12.9,0,0,1,https://ingatlan.com/35464342,"Eladó tégla lakás - Budapest X. kerület, Harmat utca 22. #35464342",1104,Budapest,Harmat utca,22,új építésű,Tégla lakás,2028.0,Új építésű (2025+),31.07,4.0,0.0,4+ szoba,24.0,3,3.0,5.0,0,"mennyezeti hűtés-fűtés, hőszivattyú",,0,0,1,0,A,,,,nem,,,Ingatlaniroda,,701.0,4.0,,,,,,,,,0,0,0,417.0,0,1,1,233.1,1,1,417.0,0,1,1,543.6,0,1,1,3.0,23.0,66.0,946.7,0,0,1,425.7,0,1,1,509.2,0,1,1,377.8,0,1,1,,0,0,0,Kőbánya felső,,Szent László Gimnázium,Szent László Gimnázium,Rottenbiller park,villamos
35464349,elado,"Budapest X. kerület, Kőbánya - Újhegyi lakótelep",Újhegy,65000000.0,65.0,65000.0,955882.3529411765,17.98989782785991,13.770390122683805,0,68.0,69.5,3.0,2,1,0,1,0,1,1,1,0,0,58.0,,,0,,,0,,,0,0,0,https://ingatlan.com/35464349,"Eladó panel lakás - Budapest X. kerület, Kőbánya - Újhegyi lakótelep #35464349",1108,Budapest,Kőbánya - Újhegyi lakótelep,,közepes állapotú,Panel lakás,1968.0,30-60 év (panel-korszak),3.0,3.0,0.0,3 szoba,22.666666666666668,6,6.0,10.0,0,távfűtés,,1,0,0,0,C,,,,nem,20780.0,,Ingatlaniroda,,1358.0,4.0,,,,,,,,,0,0,0,,0,0,0,,0,0,,0,0,0,,0,0,0,,,,,0,0,0,,0,0,0,,0,0,0,,0,0,0,,0,0,0,,,,,,
35464356,elado,"Budapest X. kerület, Harmat utca 22.",Óhegy,65460000.0,65.46,65460.0,1487727.2727272727,17.99694982703731,14.212760193119047,0,44.0,49.99,2.0,6,0,1,0,1,1,1,1,0,0,0.0,47.4872,19.1401,1,552.6,500-1000 m,0,968.0,12.9,0,0,1,https://ingatlan.com/35464356,"Eladó tégla lakás - Budapest X. kerület, Harmat utca 22. #35464356",1104,Budapest,Harmat utca,22,új építésű,Tégla lakás,2028.0,Új építésű (2025+),11.98,2.0,0.0,2 szoba,22.0,4,4.0,5.0,0,"mennyezeti hűtés-fűtés, hőszivattyú",,0,0,1,0,A,,,,nem,,,Ingatlaniroda,,701.0,4.0,,,,,,,,,0,0,0,417.0,0,1,1,233.1,1,1,417.0,0,1,1,543.6,0,1,1,3.0,23.0,66.0,946.7,0,0,1,425.7,0,1,1,509.2,0,1,1,377.8,0,1,1,,0,0,0,Kőbánya felső,,Szent László Gimnázium,Szent László Gimnázium,Rottenbiller park,villamos
35464364,elado,"Budapest X. kerület, Harmat utca 22.",Óhegy,77380000.0,77.38,77380.0,1432962.962962963,18.16423890723664,14.175254860672366,0,54.0,59.84,2.0,6,0,1,0,1,1,1,1,0,0,0.0,47.4872,19.1401,1,552.6,500-1000 m,0,968.0,12.9,0,0,1,https://ingatlan.com/35464364,"Eladó tégla lakás - Budapest X. kerület, Harmat utca 22. #35464364",1104,Budapest,Harmat utca,22,új építésű,Tégla lakás,2028.0,Új építésű (2025+),11.68,2.0,0.0,2 szoba,27.0,4,4.0,5.0,0,"mennyezeti hűtés-fűtés, hőszivattyú",,0,0,1,0,A,,,,nem,,,Ingatlaniroda,,701.0,4.0,,,,,,,,,0,0,0,417.0,0,1,1,233.1,1,1,417.0,0,1,1,543.6,0,1,1,3.0,23.0,66.0,946.7,0,0,1,425.7,0,1,1,509.2,0,1,1,377.8,0,1,1,,0,0,0,Kőbánya felső,,Szent László Gimnázium,Szent László Gimnázium,Rottenbiller park,villamos
35464367,elado,"Budapest X. kerület, Harmat utca 22.",Óhegy,64190000.0,64.19,64190.0,1528333.3333333333,17.97735799328796,14.239688375004592,0,42.0,47.975,2.0,6,0,1,0,1,1,1,1,0,0,0.0,47.4872,19.1401,1,552.6,500-1000 m,0,968.0,12.9,0,0,1,https://ingatlan.com/35464367,"Eladó tégla lakás - Budapest X. kerület, Harmat utca 22. #35464367",1104,Budapest,Harmat utca,22,új építésű,Tégla lakás,2028.0,Új építésű (2025+),11.95,2.0,0.0,2 szoba,21.0,4,4.0,5.0,0,"mennyezeti hűtés-fűtés, hőszivattyú",,0,0,1,0,A,,,,nem,,,Ingatlaniroda,,701.0,4.0,,,,,,,,,0,0,0,417.0,0,1,1,233.1,1,1,417.0,0,1,1,543.6,0,1,1,3.0,23.0,66.0,946.7,0,0,1,425.7,0,1,1,509.2,0,1,1,377.8,0,1,1,,0,0,0,Kőbánya felső,,Szent László Gimnázium,Szent László Gimnázium,Rottenbiller park,villamos
35464748,elado,"Budapest X. kerület, Téglavető utca 26.",Óhegy,71900000.0,71.9,71900.0,1331481.4814814816,18.090786822691275,14.101802776127,0,54.0,54.0,2.0,4,0,0,0,1,0,1,0,0,0,38.0,47.483628,19.14981,1,882.8,500-1000 m,0,,,0,0,0,https://ingatlan.com/35464748,"Eladó tégla lakás - Budapest X. kerület, Téglavető utca 26. #35464748",1105,Budapest,Téglavető utca,26,felújított,Tégla lakás,1988.0,30-60 év (panel-korszak),0.0,2.0,0.0,2 szoba,27.0,1,1.0,4.0,0,gáz (konvektor),,0,1,0,0,nincs megadva,,,,nincs megadva,13000.0,,Ingatlaniroda,,1883.0,2.0,,,,,,,,,0,0,0,682.3,0,1,1,316.0,1,1,682.3,0,1,1,658.8,0,1,1,1.0,18.0,46.0,1409.2,0,0,0,1593.3,0,0,0,535.2,0,1,1,764.6,0,0,1,1311.7,0,0,0,,,Gitár utca,Mádi köz,Óhegy park,villamos
35465103,elado,"Budapest X. kerület, Kőbánya - Óhegy",Óhegy,59600000.0,59.6,59600.0,1027586.2068965518,17.90316613203558,13.84272312148916,0,58.0,60.5,2.0,3,0,0,0,1,0,1,1,0,0,,47.4820541,19.132346,0,297.2,150-300 m,0,,,0,0,0,https://ingatlan.com/35465103,"Eladó tégla lakás - Budapest X. kerület, Kőbánya - Óhegy #35465103",1103,Budapest,Kőbánya - Óhegy,,jó állapotú,Tégla lakás,,Ismeretlen,5.0,2.0,0.0,2 szoba,29.0,1,1.0,,0,gáz (konvektor),,0,1,0,0,nincs megadva,,,,igen,12000.0,,Ingatlaniroda,,2052.0,4.0,,,,,,,,,0,0,0,,0,0,0,,0,0,,0,0,0,,0,0,0,,,,,0,0,0,,0,0,0,,0,0,0,,0,0,0,,0,0,0,,,,,,
35465917,elado,"Budapest X. kerület, Újhegyi út 18/B.",Újhegy,116000000.0,116.0,116000.0,1841269.8412698412,18.56910074907064,14.425966022679106,0,63.0,103.5,3.0,6,0,1,0,1,1,1,1,0,1,0.0,47.468138,19.16875,1,901.5,500-1000 m,0,1890.6,25.2,0,0,0,https://ingatlan.com/35465917,"Eladó tégla lakás - Budapest X. kerület, Újhegyi út 18/B #35465917",1108,Budapest,Újhegyi út,18/B,új építésű,Tégla lakás,2026.0,Új építésű (2025+),81.0,3.0,0.0,3 szoba,21.0,4,4.0,4.0,0,hőszivattyú,,0,0,1,0,nincs megadva,,,,nem,,,Ingatlaniroda,,2015.0,4.0,,,,,,,,1896.5,0,0,0,975.8,0,0,1,13.3,1,1,975.8,0,0,1,401.7,0,1,1,4.0,18.0,57.0,,0,0,0,,0,0,0,580.2,0,1,1,647.1,0,1,1,1648.7,0,0,0,Kőbánya-Kispest,,Új köztemető,"Újhegyi út, Sportliget",Sportliget,villamos
35466270,elado,"Budapest X. kerület, Újhegyi út 18.",Újhegy,91870000.0,91.87,91870.0,1458253.9682539683,18.33588509224765,14.192750365856117,0,63.0,74.83500000000001,3.0,3,0,0,0,1,1,1,1,0,0,0.0,,,0,,,0,,,0,0,0,https://ingatlan.com/35466270,"Eladó tégla lakás - Budapest X. kerület, Újhegyi út #35466270",1108,Budapest,Újhegyi út,18,nincs megadva,Tégla lakás,2026.0,Új építésű (2025+),23.67,3.0,0.0,3 szoba,21.0,3,3.0,4.0,0,hőszivattyú,,0,0,1,0,nincs megadva,,,,nem,,,Ingatlaniroda,,2297.0,4.0,,,,,,,,,0,0,0,,0,0,0,,0,0,,0,0,0,,0,0,0,,,,,0,0,0,,0,0,0,,0,0,0,,0,0,0,,0,0,0,,,,,,
35466870,elado,"Budapest X. kerület, Felsőrákos",Felsőrákos,20900000.0,20.9,20900.0,1306250.0,16.855259716935038,14.082670994695258,0,16.0,16.0,1.0,4,0,0,0,1,0,0,0,0,0,58.0,47.4953772,19.1746318,0,636.9,500-1000 m,0,,,0,0,0,https://ingatlan.com/35466870,"Eladó tégla lakás - Budapest X. kerület, Felsőrákos #35466870",1106,Budapest,Felsőrákos,,felújított,Tégla lakás,1968.0,30-60 év (panel-korszak),0.0,1.0,0.0,1 szoba,16.0,1,1.0,2.0,0,hőszivattyú,,0,0,1,0,nincs megadva,,,,nem,,,Ingatlaniroda,,1502.0,4.0,,,,,,,,,0,0,0,,0,0,0,,0,0,,0,0,0,,0,0,0,,,,,0,0,0,,0,0,0,,0,0,0,,0,0,0,,0,0,0,,,,,,
35467095,elado,"Budapest X. kerület, Kőbánya - Újhegyi lakótelep",Újhegy,65000000.0,65.0,65000.0,955882.3529411765,17.98989782785991,13.770390122683805,0,68.0,69.5,3.0,2,1,0,1,0,1,0,1,0,0,58.0,,,0,,,0,,,0,0,0,https://ingatlan.com/35467095,"Eladó panel lakás - Budapest X. kerület, Kőbánya - Újhegyi lakótelep #35467095",1108,Budapest,Kőbánya - Újhegyi lakótelep,,közepes állapotú,Panel lakás,1968.0,30-60 év (panel-korszak),3.0,3.0,0.0,3 szoba,22.666666666666668,6,6.0,,0,távfűtés,,1,0,0,0,nincs megadva,,,,nincs megadva,,,Ingatlaniroda,,1358.0,4.0,,,,,,,,,0,0,0,,0,0,0,,0,0,,0,0,0,,0,0,0,,,,,0,0,0,,0,0,0,,0,0,0,,0,0,0,,0,0,0,,,,,,
35467912,elado,"Budapest X. kerület, Gyárdűlői lakótelep",Gyárdűlő,49900000.0,49.9,49900.0,924074.074074074,17.72553156072175,13.736547514157472,0,54.0,54.0,2.0,2,1,0,0,1,0,0,0,0,0,58.0,,,0,,,0,,,0,0,0,https://ingatlan.com/35467912,"Eladó tégla lakás - Budapest X. kerület, Gyárdűlői lakótelep #35467912",1107,Budapest,Gyárdűlői lakótelep,,közepes állapotú,Tégla lakás,1968.0,30-60 év (panel-korszak),0.0,2.0,0.0,2 szoba,27.0,2,2.0,,0,gáz (konvektor),,0,1,0,0,nincs megadva,,,,nincs megadva,18880.0,,Ingatlaniroda,,2056.0,4.0,,,,,,,,,0,0,0,,0,0,0,,0,0,,0,0,0,,0,0,0,,,,,0,0,0,,0,0,0,,0,0,0,,0,0,0,,0,0,0,,,,,,
35468216,elado,"Budapest X. kerület, Füzér utca",Ligettelek,22800000.0,22.8,22800.0,876923.0769230769,16.94227109392467,13.684174555903187,0,26.0,26.0,2.0,4,0,0,0,1,0,0,0,0,0,,47.4885312,19.1271594,0,184.2,150-300 m,0,,,0,0,0,https://ingatlan.com/35468216,"Eladó tégla lakás - Budapest X. kerület, Füzér utca #35468216",1102,Budapest,Füzér utca,,felújított,Tégla lakás,,Ismeretlen,0.0,2.0,0.0,2 szoba,13.0,szuterén,-1.0,3.0,0,elektromos fűtőpanel,,0,0,0,0,nincs megadva,,,,nincs megadva,,,Ingatlaniroda,,1016.0,4.0,,,,,,,,,0,0,0,,0,0,0,,0,0,,0,0,0,,0,0,0,,,,,0,0,0,,0,0,0,,0,0,0,,0,0,0,,0,0,0,,,,,,
35468567,elado,"Budapest X. kerület, Kőbánya - Újhegy",Újhegy,115500000.0,115.5,115500.0,1650000.0,18.56478108792612,14.316285845876763,0,70.0,77.0,4.0,5,0,1,0,0,0,0,1,0,0,5.0,47.4691191,19.1617088,0,816.1,500-1000 m,0,,,0,0,0,https://ingatlan.com/35468567,"Eladó csúsztatott zsalus - Budapest X. kerület, Kőbánya - Újhegy #35468567",1108,Budapest,Kőbánya - Újhegy,,újszerű,Csúsztatott zsalus lakás,2021.0,0-10 év,14.0,4.0,0.0,4+ szoba,17.5,1,1.0,,0,házközponti egyedi méréssel,,0,0,0,0,nincs megadva,,,,nincs megadva,,,Ingatlaniroda,,1741.0,4.0,,,,,,,,,0,0,0,,0,0,0,,0,0,,0,0,0,,0,0,0,,,,,0,0,0,,0,0,0,,0,0,0,,0,0,0,,0,0,0,,,,,,
35468815,elado,"Budapest X. kerület, Agyagfejtő utca",Újhegy,72900000.0,72.9,72900.0,1072058.8235294118,18.104599196978885,13.88509149180278,0,68.0,70.0,3.0,3,0,0,1,0,1,0,1,0,0,58.0,47.4722405,19.1614454,0,894.5,500-1000 m,0,,,0,0,0,https://ingatlan.com/35468815,"Eladó panel lakás - Budapest X. kerület, Agyagfejtő utca #35468815",1108,Budapest,Agyagfejtő utca,,jó állapotú,Panel lakás,1968.0,30-60 év (panel-korszak),4.0,3.0,0.0,3 szoba,22.666666666666668,6,6.0,10.0,0,távfűtés,,1,0,0,0,D,,,,nincs megadva,20000.0,30000.0,Ingatlaniroda,,1250.0,4.0,,,,,,,,,0,0,0,,0,0,0,,0,0,,0,0,0,,0,0,0,,,,,0,0,0,,0,0,0,,0,0,0,,0,0,0,,0,0,0,,,,,,
35468896,elado,"Budapest X. kerület, Kőbánya - Újhegyi lakótelep",Újhegy,65000000.0,65.0,65000.0,955882.3529411765,17.98989782785991,13.770390122683805,0,68.0,69.5,3.0,2,1,0,1,0,1,0,1,0,0,58.0,,,0,,,0,,,0,0,0,https://ingatlan.com/35468896,"Eladó panel lakás - Budapest X. kerület, Kőbánya - Újhegyi lakótelep #35468896",1108,Budapest,Kőbánya - Újhegyi lakótelep,,közepes állapotú,Panel lakás,1968.0,30-60 év (panel-korszak),3.0,3.0,0.0,3 szoba,22.666666666666668,6,6.0,,0,távfűtés,,1,0,0,0,C,,,,nincs megadva,20780.0,,Ingatlaniroda,,935.0,4.0,,,,,,,,,0,0,0,,0,0,0,,0,0,,0,0,0,,0,0,0,,,,,0,0,0,,0,0,0,,0,0,0,,0,0,0,,0,0,0,,,,,,
35468910,elado,"Budapest X. kerület, Gergely utca",Óhegy,74990000.0,74.99,74990.0,1013378.3783783783,18.13286532927757,13.828800236073402,0,74.0,74.0,3.0,3,0,0,0,1,0,1,0,0,1,21.0,47.4702816,19.1514579,0,666.5,500-1000 m,0,,,0,0,0,https://ingatlan.com/35468910,"Eladó tégla lakás - Budapest X. kerület, Gergely utca #35468910",1103,Budapest,Gergely utca,,jó állapotú,Tégla lakás,2005.0,10-30 év (rendszerváltás utáni),0.0,3.0,0.0,3 szoba,24.666666666666668,3,3.0,3.0,0,gázkazán,,0,1,0,0,nincs megadva,,,,nem,,,Ingatlaniroda,,1876.0,4.0,,,,,,,,,0,0,0,,0,0,0,,0,0,,0,0,0,,0,0,0,,,,,0,0,0,,0,0,0,,0,0,0,,0,0,0,,0,0,0,,,,,,
35469396,elado,"Budapest X. kerület, Kőbánya - Újhegyi lakótelep",Újhegy,65000000.0,65.0,65000.0,955882.3529411765,17.98989782785991,13.770390122683805,0,68.0,69.5,3.0,3,0,0,1,0,0,0,1,0,0,58.0,,,0,,,0,,,0,0,0,https://ingatlan.com/35469396,"Eladó panel lakás - Budapest X. kerület, Kőbánya - Újhegyi lakótelep #35469396",1108,Budapest,Kőbánya - Újhegyi lakótelep,,jó állapotú,Panel lakás,1968.0,30-60 év (panel-korszak),3.0,3.0,0.0,3 szoba,22.666666666666668,6,6.0,10.0,0,távfűtés,,1,0,0,0,C,,,,nem,20780.0,,Ingatlaniroda,,1074.0,4.0,,,,,,,,,0,0,0,,0,0,0,,0,0,,0,0,0,,0,0,0,,,,,0,0,0,,0,0,0,,0,0,0,,0,0,0,,0,0,0,,,,,,
35469786,elado,"Budapest X. kerület, Kőrösi Csoma sétány",Kőbánya-Városközpont,56900000.0,56.9,56900.0,1053703.7037037036,17.85680589909656,13.867821852532284,0,54.0,56.0,2.0,3,0,0,1,0,0,0,1,0,0,96.0,47.4850651,19.1310368,0,363.1,300-500 m,0,,,0,0,0,https://ingatlan.com/35469786,"Eladó panel lakás - Budapest X. kerület, Kőrösi Csoma sétány #35469786",1102,Budapest,Kőrösi Csoma sétány,,jó állapotú,Panel lakás,1930.0,60+ év (háború előtti),4.0,2.0,0.0,2 szoba,27.0,3,3.0,,0,nincs megadva,,0,0,0,0,nincs megadva,,,,nem,20000.0,,Ingatlaniroda,,830.0,4.0,,,,,,,,,0,0,0,,0,0,0,,0,0,,0,0,0,,0,0,0,,,,,0,0,0,,0,0,0,,0,0,0,,0,0,0,,0,0,0,,,,,,
35470152,elado,"Budapest X. kerület, Liget tér",Kőbánya-Városközpont,65000000.0,65.0,65000.0,1065573.7704918033,17.98989782785991,13.8790239636866,0,61.0,61.0,4.0,3,0,0,0,0,1,1,0,0,1,58.0,47.4845329,19.1271531,0,78.7,<150 m,1,,,0,0,0,https://ingatlan.com/35470152,"Eladó csúsztatott zsalus - Budapest X. kerület, Liget tér #35470152",1102,Budapest,Liget tér,,jó állapotú,Csúsztatott zsalus lakás,1968.0,30-60 év (panel-korszak),0.0,4.0,0.0,4+ szoba,15.25,6,6.0,6.0,0,távfűtés,,1,0,0,0,E,,,,nem,,,Ingatlaniroda,,2698.0,4.0,,,,,,,,,0,0,0,,0,0,0,,0,0,,0,0,0,,0,0,0,,,,,0,0,0,,0,0,0,,0,0,0,,0,0,0,,0,0,0,,,,,,
35470287,elado,"Budapest X. kerület, Sibrik Miklós út",Óhegy,59900000.0,59.9,59900.0,1222448.9795918367,17.908187063085677,14.016366764975052,0,49.0,49.0,2.0,3,0,0,0,1,0,1,0,0,0,58.0,47.4660371,19.1531665,0,271.9,150-300 m,0,,,0,0,0,https://ingatlan.com/35470287,"Eladó tégla lakás - Budapest X. kerület, Sibrik Miklós út #35470287",1103,Budapest,Sibrik Miklós út,,jó állapotú,Tégla lakás,1968.0,30-60 év (panel-korszak),0.0,2.0,0.0,2 szoba,24.5,3,3.0,,0,gáz (konvektor),,0,1,0,0,nincs megadva,,,,nincs megadva,20000.0,,Ingatlaniroda,,1094.0,4.0,,,,,,,,,0,0,0,,0,0,0,,0,0,,0,0,0,,0,0,0,,,,,0,0,0,,0,0,0,,0,0,0,,0,0,0,,0,0,0,,,,,,
35470420,elado,"Budapest X. kerület, Sörgyár utca",Óhegy,50000000.0,50.0,50000.0,1162790.6976744186,17.72753356339242,13.966333447698858,0,43.0,43.0,2.0,3,0,0,0,0,0,1,0,0,0,,47.4765022,19.1629614,0,415.1,300-500 m,0,,,0,0,0,https://ingatlan.com/35470420,"Eladó csúsztatott zsalus - Budapest X. kerület, Sörgyár utca #35470420",1104,Budapest,Sörgyár utca,,jó állapotú,Csúsztatott zsalus lakás,,Ismeretlen,0.0,2.0,0.0,2 szoba,21.5,3,3.0,4.0,0,gáz (konvektor),,0,1,0,0,nincs megadva,,,,nincs megadva,13800.0,22000.0,Ingatlaniroda,,1452.0,4.0,,,,,,,,,0,0,0,,0,0,0,,0,0,,0,0,0,,0,0,0,,,,,0,0,0,,0,0,0,,0,0,0,,0,0,0,,0,0,0,,,,,,
35470457,elado,"Budapest X. kerület, Sörgyár utca",Óhegy,60000000.0,60.0,60000.0,1304347.8260869565,17.909855120186375,14.08121372369728,0,46.0,53.5,1.0,3,0,0,0,1,0,0,1,0,0,,47.4765022,19.1629614,0,415.1,300-500 m,0,,,0,0,0,https://ingatlan.com/35470457,"Eladó tégla lakás - Budapest X. kerület, Sörgyár utca #35470457",1104,Budapest,Sörgyár utca,,nincs megadva,Tégla lakás,,Ismeretlen,15.0,1.0,0.0,1 szoba,46.0,nincs megadva,,,0,nincs megadva,,0,0,0,0,nincs megadva,,,,nincs megadva,,,Ingatlaniroda,,881.0,2.0,,,,,,,,,0,0,0,,0,0,0,,0,0,,0,0,0,,0,0,0,,,,,0,0,0,,0,0,0,,0,0,0,,0,0,0,,0,0,0,,,,,,
35470459,elado,"Budapest X. kerület, Szövőszék utca",Újhegy,69900000.0,69.9,69900.0,1270909.0909090908,18.06257620720404,14.055243021971568,0,55.0,56.5,2.0,3,0,0,1,0,1,1,1,0,0,,47.470857,19.1611314,0,980.9,500-1000 m,0,,,0,0,0,https://ingatlan.com/35470459,"Eladó panel lakás - Budapest X. kerület, Szövőszék utca #35470459",1108,Budapest,Szövőszék utca,,jó állapotú,Panel lakás,,Ismeretlen,3.0,2.0,0.0,2 szoba,27.5,3,3.0,10.0,0,"távfűtés, hűtő-fűtő klíma",,1,0,0,0,nincs megadva,,,,nem,21000.0,,Ingatlaniroda,,1216.0,2.0,,,,,,,,,0,0,0,,0,0,0,,0,0,,0,0,0,,0,0,0,,,,,0,0,0,,0,0,0,,0,0,0,,0,0,0,,0,0,0,,,,,,
35470471,elado,"Budapest X. kerület, Gyakorló utca 4/i.",Felsőrákos,65000000.0,65.0,65000.0,1326530.612244898,17.98989782785991,14.098077529749284,0,49.0,49.0,2.0,3,0,0,1,0,1,1,0,0,0,58.0,47.501438,19.138044,1,237.9,150-300 m,0,389.9,5.2,0,1,1,https://ingatlan.com/35470471,"Eladó panel lakás - Budapest X. kerület, Gyakorló utca 4/i #35470471",1106,Budapest,Gyakorló utca,4/i,jó állapotú,Panel lakás,1968.0,30-60 év (panel-korszak),0.0,2.0,0.0,2 szoba,24.5,6,6.0,10.0,0,távfűtés,,1,0,0,0,D,,,,nincs megadva,14700.0,,Ingatlaniroda,,511.0,2.0,,,,,,,,294.3,1,1,1,213.6,1,1,1,158.7,1,1,213.6,1,1,1,247.7,1,1,1,48.0,96.0,139.0,1293.8,0,0,0,943.1,0,0,1,242.4,1,1,1,137.2,1,1,1,294.0,1,1,1,Örs vezér tere,,Örs vezér tere M+H,Örs vezér tere M+H,Névtelen zöldfelület / park,villamos
35470840,elado,"Budapest X. kerület, Füzér utca",Ligettelek,82000000.0,82.0,82000.0,1261538.4615384615,18.222229805228526,14.04784253533289,0,65.0,72.0,3.0,3,0,0,0,1,1,1,1,0,0,21.0,47.4885312,19.1271594,0,184.2,150-300 m,0,,,0,0,0,https://ingatlan.com/35470840,"Eladó tégla lakás - Budapest X. kerület, Füzér utca #35470840",1102,Budapest,Füzér utca,,jó állapotú,Tégla lakás,2005.0,10-30 év (rendszerváltás utáni),14.0,3.0,0.0,3 szoba,21.666666666666668,2,2.0,3.0,0,házközponti egyedi méréssel,,0,0,0,0,nincs megadva,,,,igen,,,Ingatlaniroda,,773.0,4.0,,,,,,,,,0,0,0,,0,0,0,,0,0,,0,0,0,,0,0,0,,,,,0,0,0,,0,0,0,,0,0,0,,0,0,0,,0,0,0,,,,,,
35471003,elado,"Budapest X. kerület, Szövőszék utca",Újhegy,72800000.0,72.8,72800.0,1070588.2352941176,18.103226513166913,13.883718807990808,0,68.0,69.0,3.0,3,0,0,1,0,1,0,1,0,1,58.0,47.470857,19.1611314,0,980.9,500-1000 m,0,,,0,0,0,https://ingatlan.com/35471003,"Eladó panel lakás - Budapest X. kerület, Szövőszék utca #35471003",1108,Budapest,Szövőszék utca,,jó állapotú,Panel lakás,1968.0,30-60 év (panel-korszak),2.0,3.0,0.0,3 szoba,22.666666666666668,10,10.0,10.0,0,távfűtés,,1,0,0,0,nincs megadva,,,,nem,,,Ingatlaniroda,,1363.0,4.0,,,,,,,,,0,0,0,,0,0,0,,0,0,,0,0,0,,0,0,0,,,,,0,0,0,,0,0,0,,0,0,0,,0,0,0,,0,0,0,,,,,,
35471024,elado,"Budapest X. kerület, Kőbánya - Újhegyi lakótelep",Újhegy,65000000.0,65.0,65000.0,955882.3529411765,17.98989782785991,13.770390122683805,0,68.0,69.5,3.0,2,1,0,1,0,1,0,1,0,0,58.0,,,0,,,0,,,0,0,0,https://ingatlan.com/35471024,"Eladó panel lakás - Budapest X. kerület, Kőbánya - Újhegyi lakótelep #35471024",1108,Budapest,Kőbánya - Újhegyi lakótelep,,közepes állapotú,Panel lakás,1968.0,30-60 év (panel-korszak),3.0,3.0,0.0,3 szoba,22.666666666666668,6,6.0,10.0,0,távfűtés,,1,0,0,0,nincs megadva,,,,nincs megadva,20780.0,,Ingatlaniroda,,1940.0,4.0,,,,,,,,,0,0,0,,0,0,0,,0,0,,0,0,0,,0,0,0,,,,,0,0,0,,0,0,0,,0,0,0,,0,0,0,,0,0,0,,,,,,
35471485,elado,"Budapest X. kerület, Kőrösi Csoma sétány",Kőbánya-Városközpont,59900000.0,59.9,59900.0,1109259.2592592593,17.908187063085677,13.919203016521404,0,54.0,57.0,2.0,3,0,0,0,0,0,0,1,0,0,58.0,47.4850651,19.1310368,0,363.1,300-500 m,0,,,0,0,0,https://ingatlan.com/35471485,"Eladó csúsztatott zsalus - Budapest X. kerület, Kőrösi Csoma sétány #35471485",1102,Budapest,Kőrösi Csoma sétány,,jó állapotú,Csúsztatott zsalus lakás,1968.0,30-60 év (panel-korszak),6.0,2.0,0.0,2 szoba,27.0,3,3.0,4.0,0,távfűtés egyedi méréssel,,1,0,0,0,nincs megadva,,,,nem,19180.0,,Ingatlaniroda,,1638.0,4.0,,,,,,,,,0,0,0,,0,0,0,,0,0,,0,0,0,,0,0,0,,,,,0,0,0,,0,0,0,,0,0,0,,0,0,0,,0,0,0,,,,,,
35471719,elado,"Budapest X. kerület, Gyárdűlő",Gyárdűlő,53900000.0,53.9,53900.0,1858620.6896551724,17.802641035879226,14.435345205892752,0,29.0,29.0,2.0,4,0,0,0,1,0,1,0,0,0,58.0,47.4754656,19.1221648,0,155.8,150-300 m,0,,,0,0,0,https://ingatlan.com/35471719,"Eladó tégla lakás - Budapest X. kerület, Gyárdűlő #35471719",1107,Budapest,Gyárdűlő,,felújított,Tégla lakás,1968.0,30-60 év (panel-korszak),0.0,2.0,0.0,2 szoba,14.5,2,2.0,4.0,0,"gázkazán, hűtő-fűtő klíma",,0,1,0,0,nincs megadva,,,,nincs megadva,12000.0,,Ingatlaniroda,,1453.0,4.0,,,,,,,,,0,0,0,,0,0,0,,0,0,,0,0,0,,0,0,0,,,,,0,0,0,,0,0,0,,0,0,0,,0,0,0,,0,0,0,,,,,,
35471874,elado,"Budapest X. kerület, Kőbánya - Újhegyi lakótelep",Újhegy,60400000.0,60.4,60400.0,1208000.0,17.916499662905043,14.004476657476898,0,50.0,51.5,2.0,3,0,0,1,0,1,1,1,0,0,58.0,,,0,,,0,,,0,0,0,https://ingatlan.com/35471874,"Eladó panel lakás - Budapest X. kerület, Kőbánya - Újhegyi lakótelep #35471874",1108,Budapest,Kőbánya - Újhegyi lakótelep,,jó állapotú,Panel lakás,1968.0,30-60 év (panel-korszak),3.0,2.0,0.0,2 szoba,25.0,4,4.0,10.0,0,nincs megadva,,0,0,0,0,D,,,,nincs megadva,11000.0,10000.0,Ingatlaniroda,,1697.0,4.0,,,,,,,,,0,0,0,,0,0,0,,0,0,,0,0,0,,0,0,0,,,,,0,0,0,,0,0,0,,0,0,0,,0,0,0,,0,0,0,,,,,,
35471940,elado,"Budapest X. kerület, Kőbánya - Újhegyi lakótelep",Újhegy,67500000.0,67.5,67500.0,992647.0588235294,18.02763815584276,13.808130450666651,0,68.0,69.5,3.0,3,0,0,1,0,1,0,1,0,0,58.0,,,0,,,0,,,0,0,0,https://ingatlan.com/35471940,"Eladó panel lakás - Budapest X. kerület, Kőbánya - Újhegyi lakótelep #35471940",1108,Budapest,Kőbánya - Újhegyi lakótelep,,jó állapotú,Panel lakás,1968.0,30-60 év (panel-korszak),3.0,3.0,0.0,3 szoba,22.666666666666668,6,6.0,10.0,0,távfűtés,,1,0,0,0,C,,,,nincs megadva,20780.0,,Ingatlaniroda,,1198.0,4.0,,,,,,,,,0,0,0,,0,0,0,,0,0,,0,0,0,,0,0,0,,,,,0,0,0,,0,0,0,,0,0,0,,0,0,0,,0,0,0,,,,,,
35472533,elado,"Budapest X. kerület, Endre utca",Ligettelek,65000000.0,65.0,65000.0,1031746.0317460317,17.98989782785991,13.846763101468378,0,63.0,63.0,3.0,3,0,0,0,1,0,1,0,0,0,96.0,47.4888107,19.1264458,0,134.2,<150 m,1,,,0,0,0,https://ingatlan.com/35472533,"Eladó tégla lakás - Budapest X. kerület, Endre utca #35472533",1102,Budapest,Endre utca,,jó állapotú,Tégla lakás,1930.0,60+ év (háború előtti),0.0,3.0,0.0,3 szoba,21.0,1,1.0,3.0,0,gáz (konvektor),,0,1,0,0,nincs megadva,,,,nem,19750.0,,Ingatlaniroda,,2073.0,2.0,,,,,,,,,0,0,0,,0,0,0,,0,0,,0,0,0,,0,0,0,,,,,0,0,0,,0,0,0,,0,0,0,,0,0,0,,0,0,0,,,,,,
35473673,elado,"Budapest X. kerület, Kőbánya - Óhegy",Óhegy,41900000.0,41.9,41900.0,1396666.6666666667,17.550796384892365,14.149599003230211,0,30.0,30.0,1.0,3,0,0,0,1,0,0,0,1,0,58.0,47.4820541,19.132346,0,297.2,150-300 m,0,,,0,0,0,https://ingatlan.com/35473673,"Eladó tégla lakás - Budapest X. kerület, Kőbánya - Óhegy #35473673",1103,Budapest,Kőbánya - Óhegy,,jó állapotú,Tégla lakás,1968.0,30-60 év (panel-korszak),0.0,1.0,0.0,1 szoba,30.0,földszint,0.0,,0,gáz (konvektor),,0,1,0,0,nincs megadva,,,,igen,15000.0,,Ingatlaniroda,,1870.0,4.0,,,,,,,,,0,0,0,,0,0,0,,0,0,,0,0,0,,0,0,0,,,,,0,0,0,,0,0,0,,0,0,0,,0,0,0,,0,0,0,,,,,,
35473677,elado,"Budapest X. kerület, Kőbánya - Óhegy",Óhegy,49900000.0,49.9,49900.0,1279487.1794871795,17.72553156072175,14.061969914592101,0,39.0,49.5,2.0,4,0,0,0,1,0,0,1,1,0,58.0,47.4820541,19.132346,0,297.2,150-300 m,0,,,0,0,0,https://ingatlan.com/35473677,"Eladó tégla lakás - Budapest X. kerület, Kőbánya - Óhegy #35473677",1103,Budapest,Kőbánya - Óhegy,,felújított,Tégla lakás,1968.0,30-60 év (panel-korszak),21.0,2.0,0.0,2 szoba,19.5,földszint,0.0,,0,elektromos fűtőpanel,,0,0,0,0,nincs megadva,,,,igen,21000.0,,Ingatlaniroda,,1728.0,4.0,,,,,,,,,0,0,0,,0,0,0,,0,0,,0,0,0,,0,0,0,,,,,0,0,0,,0,0,0,,0,0,0,,0,0,0,,0,0,0,,,,,,
35474404,elado,"Budapest X. kerület, Szövőszék utca 12.",Újhegy,72500000.0,72.5,72500.0,1066176.4705882352,18.099097119824904,13.879589414648796,0,68.0,69.5,3.0,3,0,0,1,0,1,1,1,0,0,,47.471329,19.161726,1,992.0,500-1000 m,0,1586.4,21.2,0,0,0,https://ingatlan.com/35474404,"Eladó panel lakás - Budapest X. kerület, Szövőszék utca 12. #35474404",1108,Budapest,Szövőszék utca,12,jó állapotú,Panel lakás,,Ismeretlen,3.0,3.0,0.0,3 szoba,22.666666666666668,9,9.0,10.0,0,távfűtés,,1,0,0,0,nincs megadva,,,,nincs megadva,26600.0,,Ingatlaniroda,,1474.0,4.0,,,,,,,,1592.3,0,0,0,1012.5,0,0,1,264.8,1,1,1012.5,0,0,1,750.8,0,0,1,8.0,25.0,48.0,,0,0,0,,0,0,0,128.7,1,1,1,310.0,1,1,1,1231.4,0,0,0,Kőbánya-Kispest,,Venyige utca,Újhegyi sétány,Gőzmozdony park,villamos
35475074,elado,"Budapest X. kerület, Gyógyszergyári utca",Felsőrákos,120000000.0,120.0,120000.0,1518987.3417721519,18.60300230074632,14.233554448279298,0,79.0,95.5,4.0,3,0,0,0,1,1,1,1,0,0,0.0,47.4994212,19.1493566,0,351.7,300-500 m,0,,,0,0,0,https://ingatlan.com/35475074,"Eladó tégla lakás - Budapest X. kerület, Gyógyszergyári utca #35475074",1106,Budapest,Gyógyszergyári utca,,nincs megadva,Tégla lakás,2026.0,Új építésű (2025+),33.0,4.0,0.0,4+ szoba,19.75,6,6.0,8.0,0,nincs megadva,,0,0,0,0,nincs megadva,,,,nem,,,Ingatlaniroda,,1926.0,4.0,,,,,,,,,0,0,0,,0,0,0,,0,0,,0,0,0,,0,0,0,,,,,0,0,0,,0,0,0,,0,0,0,,0,0,0,,0,0,0,,,,,,
35475416,elado,"Budapest X. kerület, Csombor utca",Óhegy,77700000.0,77.7,77700.0,1050000.0,18.168365815337875,13.864300722133706,0,74.0,74.5,3.0,3,0,0,1,0,0,0,1,0,0,,47.477123,19.1518234,0,914.6,500-1000 m,0,,,0,0,0,https://ingatlan.com/35475416,"Eladó panel lakás - Budapest X. kerület, Csombor utca #35475416",1103,Budapest,Csombor utca,,jó állapotú,Panel lakás,,Ismeretlen,1.0,3.0,0.0,3 szoba,24.666666666666668,félemelet,0.5,4.0,0,házközponti,,0,0,0,0,B,,,,nincs megadva,20700.0,,Ingatlaniroda,,1674.0,4.0,,,,,,,,,0,0,0,,0,0,0,,0,0,,0,0,0,,0,0,0,,,,,0,0,0,,0,0,0,,0,0,0,,0,0,0,,0,0,0,,,,,,
35475707,elado,"Budapest X. kerület, Sibrik Miklós út",Óhegy,71800000.0,71.8,71800.0,1259649.1228070175,18.08939503401845,14.046343766183902,0,57.0,59.5,2.0,3,0,0,0,1,0,0,1,1,0,58.0,47.4660371,19.1531665,0,271.9,150-300 m,0,,,0,0,0,https://ingatlan.com/35475707,"Eladó tégla lakás - Budapest X. kerület, Sibrik Miklós út #35475707",1103,Budapest,Sibrik Miklós út,,jó állapotú,Tégla lakás,1968.0,30-60 év (panel-korszak),5.0,2.0,0.0,2 szoba,28.5,földszint,0.0,,0,gáz (konvektor),,0,1,0,0,nincs megadva,,,,nincs megadva,,18000.0,Ingatlaniroda,,3684.0,4.0,,,,,,,,,0,0,0,,0,0,0,,0,0,,0,0,0,,0,0,0,,,,,0,0,0,,0,0,0,,0,0,0,,0,0,0,,0,0,0,,,,,,
35476213,elado,"Budapest X. kerület, Mádi utca",Óhegy,25990000.0,25.99,25990.0,1082916.6666666667,17.073222406617674,13.895168576269727,0,24.0,24.0,1.0,1,1,0,0,1,0,0,0,1,0,58.0,47.4822198,19.1509243,0,820.1,500-1000 m,0,,,0,0,0,https://ingatlan.com/35476213,"Eladó tégla lakás - Budapest X. kerület, Mádi utca #35476213",1105,Budapest,Mádi utca,,felújítandó,Tégla lakás,1968.0,30-60 év (panel-korszak),0.0,1.0,0.0,1 szoba,24.0,földszint,0.0,2.0,0,gáz (konvektor),,0,1,0,0,nincs megadva,,,,igen,,,Ingatlaniroda,,81.0,4.0,,,,,,,,,0,0,0,,0,0,0,,0,0,,0,0,0,,0,0,0,,,,,0,0,0,,0,0,0,,0,0,0,,0,0,0,,0,0,0,,,,,,
35476511,elado,"Budapest X. kerület, Kőbánya - Óhegy",Óhegy,48900000.0,48.9,48900.0,1018750.0,17.7052879544451,13.83408694353721,0,48.0,48.0,2.0,3,0,0,0,0,0,0,0,0,0,58.0,47.4820541,19.132346,0,297.2,150-300 m,0,,,0,0,0,https://ingatlan.com/35476511,"Eladó csúsztatott zsalus - Budapest X. kerület, Kőbánya - Óhegy #35476511",1103,Budapest,Kőbánya - Óhegy,,jó állapotú,Csúsztatott zsalus lakás,1968.0,30-60 év (panel-korszak),0.0,2.0,0.0,2 szoba,24.0,3,3.0,,0,gáz (konvektor),,0,1,0,0,nincs megadva,,,,nincs megadva,,,Ingatlaniroda,,556.0,4.0,,,,,,,,,0,0,0,,0,0,0,,0,0,,0,0,0,,0,0,0,,,,,0,0,0,,0,0,0,,0,0,0,,0,0,0,,0,0,0,,,,,,
35477183,elado,"Budapest X. kerület, Száva utca",Gyárdűlő,53900000.0,53.9,53900.0,1858620.6896551724,17.802641035879226,14.435345205892752,0,29.0,29.0,2.0,3,0,0,0,1,0,0,0,0,0,,47.4675494,19.1232252,0,709.5,500-1000 m,0,,,0,0,0,https://ingatlan.com/35477183,"Eladó tégla lakás - Budapest X. kerület, Száva utca #35477183",1107,Budapest,Száva utca,,jó állapotú,Tégla lakás,,Ismeretlen,0.0,2.0,0.0,2 szoba,14.5,2,2.0,4.0,0,gázkazán,,0,1,0,0,nincs megadva,,,,nincs megadva,,,Ingatlaniroda,,1453.0,4.0,,,,,,,,,0,0,0,,0,0,0,,0,0,,0,0,0,,0,0,0,,,,,0,0,0,,0,0,0,,0,0,0,,0,0,0,,0,0,0,,,,,,
35478003,elado,"Budapest X. kerület, Állomás utca",Kőbánya-Városközpont,66500000.0,66.5,66500.0,977941.1764705882,18.012712505626084,13.793204800449976,0,68.0,69.0,3.0,2,1,0,1,0,1,1,1,0,0,38.0,47.5210755,19.1483125,0,126.1,<150 m,1,,,0,0,0,https://ingatlan.com/35478003,"Eladó panel lakás - Budapest X. kerület, Állomás utca #35478003",1102,Budapest,Állomás utca,,közepes állapotú,Panel lakás,1988.0,30-60 év (panel-korszak),2.0,3.0,0.0,3 szoba,22.666666666666668,9,9.0,10.0,0,távfűtés,,1,0,0,0,C,,,,nincs megadva,24000.0,,Ingatlaniroda,,1538.0,4.0,,,,,,,,,0,0,0,,0,0,0,,0,0,,0,0,0,,0,0,0,,,,,0,0,0,,0,0,0,,0,0,0,,0,0,0,,0,0,0,,,,,,
35479065,elado,"Budapest X. kerület, Kőbánya - Újhegyi lakótelep",Újhegy,65000000.0,65.0,65000.0,955882.3529411765,17.98989782785991,13.770390122683805,0,68.0,69.5,3.0,2,1,0,1,0,1,0,1,0,0,58.0,,,0,,,0,,,0,0,0,https://ingatlan.com/35479065,"Eladó panel lakás - Budapest X. kerület, Kőbánya - Újhegyi lakótelep #35479065",1108,Budapest,Kőbánya - Újhegyi lakótelep,,közepes állapotú,Panel lakás,1968.0,30-60 év (panel-korszak),3.0,3.0,0.0,3 szoba,22.666666666666668,6,6.0,,0,távfűtés,,1,0,0,0,C,,,,nincs megadva,,,Ingatlaniroda,,1358.0,4.0,,,,,,,,,0,0,0,,0,0,0,,0,0,,0,0,0,,0,0,0,,,,,0,0,0,,0,0,0,,0,0,0,,0,0,0,,0,0,0,,,,,,
35480273,elado,"Budapest X. kerület, Kápolna utca 63.",Kőbánya-Városközpont,59500000.0,59.5,59500.0,944444.4444444445,17.901486870515857,13.758352144124325,0,63.0,63.0,3.0,2,1,0,0,0,1,0,0,0,0,38.0,,,0,,,0,,,0,0,0,https://ingatlan.com/35480273,"Eladó csúsztatott zsalus - Budapest X. kerület, Kápolna utca #35480273",1102,Budapest,Kápolna utca,63,közepes állapotú,Csúsztatott zsalus lakás,1988.0,30-60 év (panel-korszak),0.0,3.0,0.0,3 szoba,21.0,1,1.0,7.0,0,távfűtés,,1,0,0,0,nincs megadva,,,,nem,,,Ingatlaniroda,,1021.0,2.0,,,,,,,,,0,0,0,,0,0,0,,0,0,,0,0,0,,0,0,0,,,,,0,0,0,,0,0,0,,0,0,0,,0,0,0,,0,0,0,,,,,,
35480329,elado,"Budapest X. kerület, Bányató utca",Újhegy,74950000.0,74.95,74950.0,1102205.8823529412,18.132331782512882,13.912824077336774,0,68.0,69.5,3.0,2,1,0,1,0,1,1,1,1,0,58.0,47.4645943,19.1669132,0,486.4,300-500 m,0,,,0,0,0,https://ingatlan.com/35480329,"Eladó panel lakás - Budapest X. kerület, Bányató utca #35480329",1108,Budapest,Bányató utca,,közepes állapotú,Panel lakás,1968.0,30-60 év (panel-korszak),3.0,3.0,0.0,3 szoba,22.666666666666668,földszint,0.0,10.0,0,távfűtés,,1,0,0,0,B,,,,nem,,,Ingatlaniroda,,1724.0,4.0,,,,,,,,,0,0,0,,0,0,0,,0,0,,0,0,0,,0,0,0,,,,,0,0,0,,0,0,0,,0,0,0,,0,0,0,,0,0,0,,,,,,
35480553,elado,"Budapest X. kerület, Kápolna utca",Kőbánya-Városközpont,51900000.0,51.9,51900.0,810937.5,17.764829348136118,13.605946264776446,0,64.0,64.0,3.0,1,1,0,1,0,1,1,0,0,1,58.0,47.4823363,19.1289949,0,88.5,<150 m,1,,,0,0,0,https://ingatlan.com/35480553,"Eladó panel lakás - Budapest X. kerület, Kápolna utca #35480553",1102,Budapest,Kápolna utca,,felújítandó,Panel lakás,1968.0,30-60 év (panel-korszak),0.0,3.0,0.0,3 szoba,21.333333333333332,7,7.0,7.0,0,távfűtés,,1,0,0,0,nincs megadva,,,,nem,12000.0,24000.0,Ingatlaniroda,,430.0,4.0,,,,,,,,,0,0,0,,0,0,0,,0,0,,0,0,0,,0,0,0,,,,,0,0,0,,0,0,0,,0,0,0,,0,0,0,,0,0,0,,,,,,
35482071,elado,"Budapest X. kerület, Kőbánya - Óhegy",Óhegy,49260000.0,49.26,49260.0,1448823.5294117648,17.712622950656666,14.186262426040505,0,34.0,35.755,1.0,3,0,0,0,1,1,1,1,0,0,0.0,47.4820541,19.132346,0,297.2,150-300 m,0,,,0,0,0,https://ingatlan.com/35482071,"Eladó tégla lakás - Budapest X. kerület, Kőbánya - Óhegy #35482071",1103,Budapest,Kőbánya - Óhegy,,nincs megadva,Tégla lakás,2026.0,Új építésű (2025+),3.51,1.0,0.0,1 szoba,34.0,1,1.0,4.0,0,"hőszivattyú, mennyezeti hűtés-fűtés, padlófűtés",,0,0,1,0,A,,,,igen,,,Ingatlaniroda,,2300.0,4.0,,,,,,,,,0,0,0,,0,0,0,,0,0,,0,0,0,,0,0,0,,,,,0,0,0,,0,0,0,,0,0,0,,0,0,0,,0,0,0,,,,,,
35482592,elado,"Budapest X. kerület, Sörgyár utca",Óhegy,42000000.0,42.0,42000.0,1200000.0,17.553180176247643,13.997832114758229,0,35.0,36.0,1.0,1,1,0,0,0,0,0,1,0,0,58.0,47.4765022,19.1629614,0,415.1,300-500 m,0,,,0,0,0,https://ingatlan.com/35482592,"Eladó tégla lakás - Budapest X. kerület, Sörgyár utca #35482592",1104,Budapest,Sörgyár utca,,felújítandó,Csúsztatott zsalus lakás,1968.0,30-60 év (panel-korszak),2.0,1.0,0.0,1 szoba,35.0,félemelet,0.5,2.0,0,gáz (konvektor),,0,1,0,0,nincs megadva,,,,nincs megadva,13430.0,,Ingatlaniroda,,946.0,4.0,,,,,,,,,0,0,0,,0,0,0,,0,0,,0,0,0,,0,0,0,,,,,0,0,0,,0,0,0,,0,0,0,,0,0,0,,0,0,0,,,,,,
35483630,elado,"Budapest X. kerület, Újhegyi út",Újhegy,96000000.0,96.0,96000.0,1333333.3333333333,18.37985874943211,14.103192630416055,0,72.0,83.5,3.0,6,0,1,0,1,1,1,1,0,0,0.0,47.4683201,19.1692118,0,933.0,500-1000 m,0,,,0,0,0,https://ingatlan.com/35483630,"Eladó tégla lakás - Budapest X. kerület, Újhegyi út #35483630",1108,Budapest,Újhegyi út,,új építésű,Tégla lakás,2026.0,Új építésű (2025+),23.0,3.0,0.0,3 szoba,24.0,1,1.0,5.0,0,"hőszivattyú, mennyezeti hűtés-fűtés",,0,0,1,0,nincs megadva,,,,nem,,,Ingatlaniroda,,2517.0,4.0,,,,,,,,,0,0,0,,0,0,0,,0,0,,0,0,0,,0,0,0,,,,,0,0,0,,0,0,0,,0,0,0,,0,0,0,,0,0,0,,,,,,
35483694,elado,"Budapest X. kerület, Laposdűlő - Pongrácz úti lakótelep",Laposdűlő,62900000.0,62.9,62900.0,1143636.3636363635,17.957056721670668,13.949723536438198,0,55.0,55.0,2.0,3,0,0,1,0,0,1,0,0,0,,47.4899521,19.1197096,0,97.4,<150 m,1,,,0,0,0,https://ingatlan.com/35483694,"Eladó panel lakás - Budapest X. kerület, Laposdűlő - Pongrácz úti lakótelep #35483694",1101,Budapest,Laposdűlő - Pongrácz úti lakótelep,,jó állapotú,Panel lakás,,Ismeretlen,0.0,2.0,0.0,2 szoba,27.5,2,2.0,4.0,0,"gáz (konvektor), elektromos fűtőpanel, hűtő-fűtő klíma",,0,1,0,0,nincs megadva,,,,nincs megadva,,,Ingatlaniroda,,768.0,4.0,,,,,,,,,0,0,0,,0,0,0,,0,0,,0,0,0,,0,0,0,,,,,0,0,0,,0,0,0,,0,0,0,,0,0,0,,0,0,0,,,,,,
35483757,elado,"Budapest X. kerület, Szőlővirág utca",Újhegy,69900000.0,69.9,69900.0,1027941.1764705882,18.06257620720404,13.843068502027933,0,68.0,69.5,3.0,3,0,0,1,0,1,0,1,0,0,58.0,47.4698302,19.1644925,0,963.9,500-1000 m,0,,,0,0,0,https://ingatlan.com/35483757,"Eladó panel lakás - Budapest X. kerület, Szőlővirág utca #35483757",1108,Budapest,Szőlővirág utca,,jó állapotú,Panel lakás,1968.0,30-60 év (panel-korszak),3.0,3.0,0.0,3 szoba,22.666666666666668,3,3.0,10.0,0,távfűtés,,1,0,0,0,nincs megadva,,,,nincs megadva,25000.0,,Ingatlaniroda,,687.0,4.0,,,,,,,,,0,0,0,,0,0,0,,0,0,,0,0,0,,0,0,0,,,,,0,0,0,,0,0,0,,0,0,0,,0,0,0,,0,0,0,,,,,,
35483920,elado,"Budapest X. kerület, Felsőrákos",Felsőrákos,64900000.0,64.9,64900.0,1224528.3018867925,17.988358181674318,14.018066268122197,0,53.0,55.0,2.0,3,0,0,1,0,1,0,1,0,0,58.0,47.4953772,19.1746318,0,636.9,500-1000 m,0,,,0,0,0,https://ingatlan.com/35483920,"Eladó panel lakás - Budapest X. kerület, Felsőrákos #35483920",1106,Budapest,Felsőrákos,,jó állapotú,Panel lakás,1968.0,30-60 év (panel-korszak),4.0,2.0,0.0,2 szoba,26.5,9,9.0,,0,távfűtés,,1,0,0,0,nincs megadva,,,,nincs megadva,,,Ingatlaniroda,,2252.0,4.0,,,,,,,,,0,0,0,,0,0,0,,0,0,,0,0,0,,0,0,0,,,,,0,0,0,,0,0,0,,0,0,0,,0,0,0,,0,0,0,,,,,,
35484279,elado,"Budapest X. kerület, Bolgár utca",Óhegy,139900000.0,139.9,139900.0,999285.7142857143,18.75643843963571,13.814796017026405,0,140.0,140.0,6.0,4,0,0,0,1,0,0,0,1,0,58.0,47.4802455,19.1328259,0,232.5,150-300 m,0,,,0,0,0,https://ingatlan.com/35484279,"Eladó tégla lakás - Budapest X. kerület, Bolgár utca #35484279",1105,Budapest,Bolgár utca,,felújított,Tégla lakás,1968.0,30-60 év (panel-korszak),0.0,6.0,0.0,4+ szoba,23.333333333333332,földszint,0.0,,0,gázkazán,,0,1,0,0,nincs megadva,,,,nincs megadva,55000.0,,Ingatlaniroda,,1262.0,4.0,,,,,,,,,0,0,0,,0,0,0,,0,0,,0,0,0,,0,0,0,,,,,0,0,0,,0,0,0,,0,0,0,,0,0,0,,0,0,0,,,,,,
35484332,elado,"Budapest X. kerület, Hatház utca",Felsőrákos,45900000.0,45.9,45900.0,1434375.0,17.641975675030775,14.176239772231048,0,32.0,32.0,1.0,4,0,0,0,1,0,0,0,0,0,96.0,47.5026989,19.1483151,0,220.5,150-300 m,0,,,0,0,0,https://ingatlan.com/35484332,"Eladó tégla lakás - Budapest X. kerület, Hatház utca #35484332",1106,Budapest,Hatház utca,,felújított,Tégla lakás,1930.0,60+ év (háború előtti),0.0,1.0,0.0,1 szoba,32.0,3,3.0,4.0,0,gázkazán,,0,1,0,0,nincs megadva,,,,nincs megadva,13000.0,,Ingatlaniroda,,1444.0,4.0,,,,,,,,,0,0,0,,0,0,0,,0,0,,0,0,0,,0,0,0,,,,,0,0,0,,0,0,0,,0,0,0,,0,0,0,,0,0,0,,,,,,
35484419,elado,"Budapest X. kerület, Mádi utca 200.",Újhegy,67900000.0,67.9,67900.0,1170689.6551724137,18.033546592528925,13.973103581982505,0,58.0,60.0,2.0,4,0,0,1,0,1,0,1,0,0,38.0,47.472184,19.166627,1,931.5,500-1000 m,0,1938.1,25.8,0,0,0,https://ingatlan.com/35484419,"Eladó panel lakás - Budapest X. kerület, Mádi utca 200. #35484419",1108,Budapest,Mádi utca,200,felújított,Panel lakás,1988.0,30-60 év (panel-korszak),4.0,2.0,0.0,2 szoba,29.0,8,8.0,10.0,0,távfűtés,,1,0,0,0,F,,,,nincs megadva,22000.0,,Ingatlaniroda,,944.0,4.0,,,,,,,,1944.0,0,0,0,589.1,0,1,1,133.3,1,1,589.1,0,1,1,778.0,0,0,1,5.0,26.0,58.0,,0,0,0,,0,0,0,310.6,1,1,1,484.5,0,1,1,1128.0,0,0,0,Kőbánya-Kispest,,Sírkert út,Zsombék utca,Újhegy park,villamos
35484528,elado,"Budapest X. kerület, Újhegyi út",Újhegy,89000000.0,89.0,89000.0,1459016.3934426229,18.304146927696415,14.193273063523103,0,61.0,61.0,3.0,3,0,0,0,1,0,0,0,0,0,,47.4683201,19.1692118,0,933.0,500-1000 m,0,,,0,0,0,https://ingatlan.com/35484528,Egy pillanat...,1108,Budapest,Újhegyi út,,,Tégla lakás,,Ismeretlen,0.0,3.0,0.0,3 szoba,20.333333333333332,,,,0,,,0,0,0,0,,,,,,,,Ingatlaniroda,,0.0,0.0,,,,,,,,,0,0,0,,0,0,0,,0,0,,0,0,0,,0,0,0,,,,,0,0,0,,0,0,0,,0,0,0,,0,0,0,,0,0,0,,,,,,
35484531,elado,"Budapest X. kerület, Tóvirág utca",Újhegy,49000000.0,49.0,49000.0,980000.0,17.7073308560749,13.795307850646754,0,50.0,51.5,2.0,1,1,0,1,0,1,0,1,0,0,58.0,47.4691728,19.1643295,0,891.4,500-1000 m,0,,,0,0,0,https://ingatlan.com/35484531,"Eladó panel lakás - Budapest X. kerület, Tóvirág utca #35484531",1108,Budapest,Tóvirág utca,,felújítandó,Panel lakás,1968.0,30-60 év (panel-korszak),3.0,2.0,0.0,2 szoba,25.0,2,2.0,10.0,0,távfűtés,,1,0,0,0,C,,,,nem,,18000.0,Ingatlaniroda,,1379.0,2.0,,,,,,,,,0,0,0,,0,0,0,,0,0,,0,0,0,,0,0,0,,,,,0,0,0,,0,0,0,,0,0,0,,0,0,0,,0,0,0,,,,,,
35484623,elado,"Budapest X. kerület, Kőbánya - Újhegyi lakótelep",Újhegy,47900000.0,47.9,47900.0,958000.0,17.684626062381145,13.772603056952997,0,50.0,51.5,2.0,1,1,0,1,0,1,0,1,0,0,58.0,,,0,,,0,,,0,0,0,https://ingatlan.com/35484623,"Eladó panel lakás - Budapest X. kerület, Kőbánya - Újhegyi lakótelep #35484623",1108,Budapest,Kőbánya - Újhegyi lakótelep,,felújítandó,Panel lakás,1968.0,30-60 év (panel-korszak),3.0,2.0,0.0,2 szoba,25.0,3,3.0,10.0,0,távfűtés egyedi méréssel,,1,0,0,0,nincs megadva,,,,nincs megadva,13000.0,,Ingatlaniroda,,1660.0,4.0,,,,,,,,,0,0,0,,0,0,0,,0,0,,0,0,0,,0,0,0,,,,,0,0,0,,0,0,0,,0,0,0,,0,0,0,,0,0,0,,,,,,
35484657,elado,"Budapest X. kerület, Sörgyár utca",Óhegy,59900000.0,59.9,59900.0,1174509.8039215687,17.908187063085677,13.976361430361353,0,51.0,51.5,3.0,3,0,0,0,0,0,0,1,0,1,58.0,47.4765022,19.1629614,0,415.1,300-500 m,0,,,0,0,0,https://ingatlan.com/35484657,"Eladó csúsztatott zsalus - Budapest X. kerület, Sörgyár utca #35484657",1104,Budapest,Sörgyár utca,,jó állapotú,Csúsztatott zsalus lakás,1968.0,30-60 év (panel-korszak),1.0,3.0,0.0,3 szoba,17.0,3,3.0,3.0,0,gáz (konvektor),,0,1,0,0,nincs megadva,,,,nem,,25000.0,Ingatlaniroda,,1686.0,4.0,,,,,,,,,0,0,0,,0,0,0,,0,0,,0,0,0,,0,0,0,,,,,0,0,0,,0,0,0,,0,0,0,,0,0,0,,0,0,0,,,,,,
35485905,elado,"Budapest X. kerület, Gyakorló utca",Felsőrákos,65900000.0,65.9,65900.0,1243396.2264150945,18.003648999472734,14.033357085920613,0,53.0,55.0,2.0,2,1,0,1,0,1,0,1,0,0,58.0,47.5018325,19.1436801,0,258.3,150-300 m,0,,,0,0,0,https://ingatlan.com/35485905,"Eladó panel lakás - Budapest X. kerület, Gyakorló utca #35485905",1106,Budapest,Gyakorló utca,,közepes állapotú,Panel lakás,1968.0,30-60 év (panel-korszak),4.0,2.0,0.0,2 szoba,26.5,10,10.0,,0,távfűtés egyedi méréssel,,1,0,0,0,nincs megadva,,,,nincs megadva,19500.0,,Ingatlaniroda,,901.0,4.0,,,,,,,,,0,0,0,,0,0,0,,0,0,,0,0,0,,0,0,0,,,,,0,0,0,,0,0,0,,0,0,0,,0,0,0,,0,0,0,,,,,,
35486517,elado,"Budapest X. kerület, Kőbánya-Városközpont",Kőbánya-Városközpont,52900000.0,52.9,52900.0,1202272.7272727273,17.783913896828526,13.999724262910267,0,44.0,44.0,2.0,3,0,0,0,0,1,0,0,0,0,58.0,47.482503,19.1307351,0,213.3,150-300 m,0,,,0,0,0,https://ingatlan.com/35486517,"Eladó csúsztatott zsalus - Budapest X. kerület, Kőbánya-Városközpont #35486517",1105,Budapest,Kőbánya-Városközpont,,jó állapotú,Csúsztatott zsalus lakás,1968.0,30-60 év (panel-korszak),0.0,2.0,0.0,2 szoba,22.0,7,7.0,,0,távfűtés,,1,0,0,0,nincs megadva,,,,nincs megadva,15700.0,,Ingatlaniroda,,1642.0,4.0,,,,,,,,,0,0,0,,0,0,0,,0,0,,0,0,0,,0,0,0,,,,,0,0,0,,0,0,0,,0,0,0,,0,0,0,,0,0,0,,,,,,
35486693,elado,"Budapest X. kerület, Gyakorló utca",Felsőrákos,64900000.0,64.9,64900.0,1224528.3018867925,17.988358181674318,14.018066268122197,0,53.0,55.0,2.0,3,0,0,1,0,1,1,1,0,0,58.0,47.5018325,19.1436801,0,258.3,150-300 m,0,,,0,0,0,https://ingatlan.com/35486693,"Eladó panel lakás - Budapest X. kerület, Gyakorló utca #35486693",1106,Budapest,Gyakorló utca,,jó állapotú,Panel lakás,1968.0,30-60 év (panel-korszak),4.0,2.0,0.0,2 szoba,26.5,9,9.0,10.0,0,távfűtés egyedi méréssel,,1,0,0,0,nincs megadva,,,,nem,19500.0,,Ingatlaniroda,,2106.0,4.0,,,,,,,,,0,0,0,,0,0,0,,0,0,,0,0,0,,0,0,0,,,,,0,0,0,,0,0,0,,0,0,0,,0,0,0,,0,0,0,,,,,,
35486728,elado,"Budapest X. kerület, Harmat utca 69.",Óhegy,74900000.0,74.9,74900.0,1528571.4285714286,18.13166444848745,14.239844150376822,0,49.0,49.0,2.0,4,0,0,0,0,0,1,0,0,1,,47.480514,19.148442,1,1054.4,1000-2000 m,0,1834.7,24.5,0,0,0,https://ingatlan.com/35486728,"Eladó csúsztatott zsalus - Budapest X. kerület, Harmat utca 69. #35486728",1104,Budapest,Harmat utca,69,felújított,Csúsztatott zsalus lakás,,Ismeretlen,0.0,2.0,0.0,2 szoba,24.5,4,4.0,4.0,0,"hűtő-fűtő klíma, gáz (konvektor)",,0,1,0,0,nincs megadva,,,,igen,14000.0,20000.0,Ingatlaniroda,,4272.0,4.0,,,,,,,,,0,0,0,972.7,0,0,1,239.2,1,1,972.7,0,0,1,316.5,1,1,1,3.0,22.0,51.0,1127.5,0,0,0,1477.2,0,0,0,552.1,0,1,1,573.9,0,1,1,1449.1,0,0,0,Kőbánya alsó,,Kocka utca,Vörösdinka utca,Óhegy park,villamos
35486816,elado,"Budapest X. kerület, Lenfonó utca",Újhegy,57900000.0,57.9,57900.0,1158000.0,17.874227942543225,13.962204937115077,0,50.0,52.0,2.0,3,0,0,1,0,1,1,1,0,0,,47.4712382,19.1593693,0,973.9,500-1000 m,0,,,0,0,0,https://ingatlan.com/35486816,"Eladó panel lakás - Budapest X. kerület, Lenfonó utca #35486816",1108,Budapest,Lenfonó utca,,jó állapotú,Panel lakás,,Ismeretlen,4.0,2.0,0.0,2 szoba,25.0,4,4.0,10.0,0,távfűtés,,1,0,0,0,B,,,,nincs megadva,18.0,18000.0,Ingatlaniroda,,1886.0,2.0,,,,,,,,,0,0,0,,0,0,0,,0,0,,0,0,0,,0,0,0,,,,,0,0,0,,0,0,0,,0,0,0,,0,0,0,,0,0,0,,,,,,
35489060,elado,"Budapest X. kerület, Endre utca",Ligettelek,44900000.0,44.9,44900.0,1448387.0967741935,17.619948352712484,14.185961148227337,0,31.0,51.0,1.0,5,0,1,0,1,0,0,1,1,0,58.0,47.4888107,19.1264458,0,134.2,<150 m,1,,,0,0,0,https://ingatlan.com/35489060,"Eladó tégla lakás - Budapest X. kerület, Endre utca #35489060",1102,Budapest,Endre utca,,újszerű,Tégla lakás,1968.0,30-60 év (panel-korszak),40.0,1.0,0.0,1 szoba,31.0,földszint,0.0,0.0,0,házközponti egyedi méréssel,,0,0,0,0,nincs megadva,,,,igen,18000.0,10000.0,Ingatlaniroda,,772.0,4.0,,,,,,,,,0,0,0,,0,0,0,,0,0,,0,0,0,,0,0,0,,,,,0,0,0,,0,0,0,,0,0,0,,0,0,0,,0,0,0,,,,,,
35489122,elado,"Budapest X. kerület, Harmat köz",Óhegy,59800000.0,59.8,59800.0,1128301.8867924528,17.90651621892086,13.936224305368738,0,53.0,53.0,2.0,4,0,0,0,0,0,1,0,0,0,,47.4891047,19.1387448,0,323.7,300-500 m,0,,,0,0,0,https://ingatlan.com/35489122,"Eladó csúsztatott zsalus - Budapest X. kerület, Harmat köz #35489122",1105,Budapest,Harmat köz,,felújított,Csúsztatott zsalus lakás,,Ismeretlen,0.0,2.0,0.0,2 szoba,26.5,nincs megadva,,,0,távfűtés,,1,0,0,0,nincs megadva,,,,nincs megadva,,,Ingatlaniroda,,1262.0,4.0,,,,,,,,,0,0,0,,0,0,0,,0,0,,0,0,0,,0,0,0,,,,,0,0,0,,0,0,0,,0,0,0,,0,0,0,,0,0,0,,,,,,
35489511,elado,"Budapest X. kerület, Gergely utca",Újhegy,59900000.0,59.9,59900.0,1460975.6097560977,17.908187063085677,14.19461499638137,0,41.0,41.0,2.0,3,0,0,0,1,0,1,0,1,0,21.0,47.4702816,19.1514579,0,666.5,500-1000 m,0,,,0,0,0,https://ingatlan.com/35489511,"Eladó tégla lakás - Budapest X. kerület, Gergely utca #35489511",1103,Budapest,Gergely utca,,jó állapotú,Tégla lakás,2005.0,10-30 év (rendszerváltás utáni),0.0,2.0,0.0,2 szoba,20.5,földszint,0.0,,0,házközponti egyedi méréssel,,0,0,0,0,C,,,,nem,,,Ingatlaniroda,,3079.0,4.0,,,,,,,,,0,0,0,,0,0,0,,0,0,,0,0,0,,0,0,0,,,,,0,0,0,,0,0,0,,0,0,0,,0,0,0,,0,0,0,,,,,,
35490240,elado,"Budapest X. kerület, Kőbánya - Óhegy",Óhegy,23900000.0,23.9,23900.0,919230.7692307692,16.98938901690174,13.731292478880258,0,26.0,26.0,1.0,2,1,0,0,1,0,0,0,1,0,96.0,47.4820541,19.132346,0,297.2,150-300 m,0,,,0,0,0,https://ingatlan.com/35490240,"Eladó tégla lakás - Budapest X. kerület, Kőbánya - Óhegy #35490240",1103,Budapest,Kőbánya - Óhegy,,közepes állapotú,Tégla lakás,1930.0,60+ év (háború előtti),0.0,1.0,0.0,1 szoba,26.0,földszint,0.0,,0,gáz (konvektor),,0,1,0,0,nincs megadva,,,,nincs megadva,,,Ingatlaniroda,,1500.0,4.0,,,,,,,,,0,0,0,,0,0,0,,0,0,,0,0,0,,0,0,0,,,,,0,0,0,,0,0,0,,0,0,0,,0,0,0,,0,0,0,,,,,,
35490243,elado,"Budapest X. kerület, Kőbánya-Városközpont",Kőbánya-Városközpont,110900000.0,110.9,110900.0,754421.768707483,18.524139452320597,13.533706865541859,0,147.0,147.0,4.0,4,0,0,0,1,0,0,0,0,0,96.0,47.482503,19.1307351,0,213.3,150-300 m,0,,,0,0,0,https://ingatlan.com/35490243,"Eladó tégla lakás - Budapest X. kerület, Kőbánya-Városközpont #35490243",1105,Budapest,Kőbánya-Városközpont,,felújított,Tégla lakás,1930.0,60+ év (háború előtti),0.0,4.0,0.0,4+ szoba,36.75,1,1.0,,0,gázkazán,,0,1,0,0,nincs megadva,,,,nincs megadva,,,Ingatlaniroda,,2192.0,4.0,,,,,,,,,0,0,0,,0,0,0,,0,0,,0,0,0,,0,0,0,,,,,0,0,0,,0,0,0,,0,0,0,,0,0,0,,0,0,0,,,,,,
35490386,elado,"Budapest X. kerület, Mongol utca",Óhegy,56900000.0,56.9,56900.0,1264444.4444444445,17.85680589909656,14.050143409326239,0,45.0,45.0,2.0,4,0,0,0,1,0,0,0,0,0,38.0,47.4787722,19.1318437,0,89.1,<150 m,1,,,0,0,0,https://ingatlan.com/35490386,"Eladó tégla lakás - Budapest X. kerület, Mongol utca #35490386",1105,Budapest,Mongol utca,,felújított,Tégla lakás,1988.0,30-60 év (panel-korszak),0.0,2.0,0.0,2 szoba,22.5,félemelet,0.5,,0,nincs megadva,,0,0,0,0,nincs megadva,,,,nincs megadva,3000.0,,Ingatlaniroda,,1839.0,4.0,,,,,,,,,0,0,0,,0,0,0,,0,0,,0,0,0,,0,0,0,,,,,0,0,0,,0,0,0,,0,0,0,,0,0,0,,0,0,0,,,,,,
35490392,elado,"Budapest X. kerület, Bihari utca 17.",Gyárdűlő,53900000.0,53.9,53900.0,1540000.0,17.802641035879226,14.247292974389811,0,35.0,35.0,1.0,4,0,0,0,1,0,1,0,0,0,96.0,,,0,,,0,,,0,0,0,https://ingatlan.com/35490392,"Eladó tégla lakás - Budapest X. kerület, Bihari utca #35490392",1107,Budapest,Bihari utca,17,felújított,Tégla lakás,1930.0,60+ év (háború előtti),0.0,1.0,0.0,1 szoba,35.0,3,3.0,4.0,0,"gázkazán, hűtő-fűtő klíma",,0,1,0,0,nincs megadva,,,,nem,13900.0,3500.0,Ingatlaniroda,,963.0,2.0,,,,,,,,,0,0,0,,0,0,0,,0,0,,0,0,0,,0,0,0,,,,,0,0,0,,0,0,0,,0,0,0,,0,0,0,,0,0,0,,,,,,
35490873,elado,"Budapest X. kerület, Oltó utca 69.",Újhegy,66000000.0,66.0,66000.0,956521.7391304348,18.0051652999907,13.77105879539344,0,69.0,70.5,3.0,3,0,0,1,0,1,1,1,0,0,,,,0,,,0,,,0,0,0,https://ingatlan.com/35490873,"Eladó panel lakás - Budapest X. kerület, Oltó utca #35490873",1108,Budapest,Oltó utca,69,jó állapotú,Panel lakás,,Ismeretlen,3.0,3.0,0.0,3 szoba,23.0,8,8.0,10.0,0,távfűtés,,1,0,0,0,nincs megadva,,,,nincs megadva,21000.0,,Ingatlaniroda,,494.0,4.0,,,,,,,,,0,0,0,,0,0,0,,0,0,,0,0,0,,0,0,0,,,,,0,0,0,,0,0,0,,0,0,0,,0,0,0,,0,0,0,,,,,,
35491561,elado,"Budapest X. kerület, Harmat utca",Ligettelek,79900000.0,79.9,79900.0,1065333.3333333333,18.1962864107365,13.878798297200193,0,75.0,75.0,3.0,4,0,0,0,1,0,1,0,0,0,38.0,47.4702785,19.1650971,0,1026.1,1000-2000 m,0,,,0,0,0,https://ingatlan.com/35491561,"Eladó tégla lakás - Budapest X. kerület, Harmat utca #35491561",1102,Budapest,Harmat utca,,felújított,Tégla lakás,1988.0,30-60 év (panel-korszak),0.0,3.0,0.0,3 szoba,25.0,1,1.0,3.0,0,gázkazán,,0,1,0,0,nincs megadva,,,,nincs megadva,19000.0,12500.0,Ingatlaniroda,,640.0,4.0,,,,,,,,,0,0,0,,0,0,0,,0,0,,0,0,0,,0,0,0,,,,,0,0,0,,0,0,0,,0,0,0,,0,0,0,,0,0,0,,,,,,
35491829,elado,"Budapest X. kerület, Újhegyi út",Újhegy,67900000.0,67.9,67900.0,1331372.549019608,18.033546592528925,14.101720959804599,0,51.0,53.5,2.0,3,0,0,0,1,1,1,1,0,0,21.0,47.4683201,19.1692118,0,933.0,500-1000 m,0,,,0,0,0,https://ingatlan.com/35491829,"Eladó tégla lakás - Budapest X. kerület, Újhegyi út #35491829",1108,Budapest,Újhegyi út,,jó állapotú,Tégla lakás,2005.0,10-30 év (rendszerváltás utáni),5.0,2.0,0.0,2 szoba,25.5,2,2.0,5.0,0,házközponti egyedi méréssel,,0,0,0,0,nincs megadva,,,,nincs megadva,18000.0,,Ingatlaniroda,,1173.0,4.0,,,,,,,,,0,0,0,,0,0,0,,0,0,,0,0,0,,0,0,0,,,,,0,0,0,,0,0,0,,0,0,0,,0,0,0,,0,0,0,,,,,,
35492079,elado,"Budapest X. kerület, Szövőszék utca",Újhegy,58000000.0,58.0,58000.0,1160000.0,17.875953568510692,13.963930563082547,0,50.0,51.5,2.0,3,0,0,1,0,1,1,1,0,0,,47.470857,19.1611314,0,980.9,500-1000 m,0,,,0,0,0,https://ingatlan.com/35492079,"Eladó panel lakás - Budapest X. kerület, Szövőszék utca #35492079",1108,Budapest,Szövőszék utca,,jó állapotú,Panel lakás,,Ismeretlen,3.0,2.0,0.0,2 szoba,25.0,8,8.0,10.0,0,nincs megadva,,0,0,0,0,nincs megadva,,,,nincs megadva,,,Ingatlaniroda,,1530.0,2.0,,,,,,,,,0,0,0,,0,0,0,,0,0,,0,0,0,,0,0,0,,,,,0,0,0,,0,0,0,,0,0,0,,0,0,0,,0,0,0,,,,,,
35492412,elado,"Budapest X. kerület, Kőrösi Csoma Sándor út",Kőbánya-Városközpont,56900000.0,56.9,56900.0,1053703.7037037036,17.85680589909656,13.867821852532284,0,54.0,56.0,2.0,3,0,0,0,1,0,0,1,0,0,,47.4865004,19.1327222,0,533.8,500-1000 m,0,,,0,0,0,https://ingatlan.com/35492412,"Eladó tégla lakás - Budapest X. kerület, Kőrösi Csoma Sándor út #35492412",1102,Budapest,Kőrösi Csoma Sándor út,,jó állapotú,Tégla lakás,,Ismeretlen,4.0,2.0,0.0,2 szoba,27.0,3,3.0,4.0,0,nincs megadva,,0,0,0,0,B,,,,nincs megadva,,,Ingatlaniroda,,748.0,4.0,,,,,,,,,0,0,0,,0,0,0,,0,0,,0,0,0,,0,0,0,,,,,0,0,0,,0,0,0,,0,0,0,,0,0,0,,0,0,0,,,,,,
35492786,elado,"Budapest X. kerület, Kőrösi Csoma Sándor út",Kőbánya-Városközpont,53900000.0,53.9,53900.0,1016981.1320754717,17.802641035879226,13.832349122327104,0,53.0,55.0,2.0,3,0,0,0,0,1,1,1,0,0,58.0,47.4865004,19.1327222,0,533.8,500-1000 m,0,,,0,0,0,https://ingatlan.com/35492786,"Eladó csúsztatott zsalus - Budapest X. kerület, Kőrösi Csoma Sándor út #35492786",1102,Budapest,Kőrösi Csoma Sándor út,,jó állapotú,Csúsztatott zsalus lakás,1968.0,30-60 év (panel-korszak),4.0,2.0,0.0,2 szoba,26.5,1,1.0,9.0,0,távfűtés,,1,0,0,0,F,,,,nem,15250.0,,Ingatlaniroda,,1489.0,4.0,,,,,,,,,0,0,0,,0,0,0,,0,0,,0,0,0,,0,0,0,,,,,0,0,0,,0,0,0,,0,0,0,,0,0,0,,0,0,0,,,,,,
35493099,elado,"Budapest X. kerület, Szőlővirág utca 8.",Újhegy,63990000.0,63.99,63990.0,914142.8571428572,17.974237379115642,13.725742137066284,0,70.0,72.0,3.0,3,0,0,1,0,1,0,1,0,0,,47.469968,19.164482,1,977.9,500-1000 m,0,1654.0,22.1,0,0,0,https://ingatlan.com/35493099,"Eladó panel lakás - Budapest X. kerület, Szőlővirág utca 8. #35493099",1108,Budapest,Szőlővirág utca,8,jó állapotú,Panel lakás,,Ismeretlen,4.0,3.0,0.0,3 szoba,23.333333333333332,9,9.0,10.0,0,távfűtés egyedi méréssel,,1,0,0,0,nincs megadva,,,,nincs megadva,,,Ingatlaniroda,,2006.0,4.0,,,,,,,,1659.9,0,0,0,1012.1,0,0,1,233.4,1,1,1012.1,0,0,1,444.1,0,1,1,7.0,28.0,49.0,,0,0,0,,0,0,0,202.6,1,1,1,200.8,1,1,1,1377.6,0,0,0,Kőbánya-Kispest,,Sírkert út,Mélytó utca,Újhegy park,villamos
35493201,elado,"Budapest X. kerület, Szőlővirág utca",Újhegy,64000000.0,64.0,64000.0,941176.4705882353,17.974393641323946,13.75488593614784,0,68.0,68.0,3.0,3,0,0,1,0,1,0,0,0,0,,47.4698302,19.1644925,0,963.9,500-1000 m,0,,,0,0,0,https://ingatlan.com/35493201,"Eladó panel lakás - Budapest X. kerület, Szőlővirág utca #35493201",1108,Budapest,Szőlővirág utca,,jó állapotú,Panel lakás,,Ismeretlen,0.0,3.0,0.0,3 szoba,22.666666666666668,9,9.0,10.0,0,távfűtés,,1,0,0,0,nincs megadva,,,,nincs megadva,,,Ingatlaniroda,,1878.0,4.0,,,,,,,,,0,0,0,,0,0,0,,0,0,,0,0,0,,0,0,0,,,,,0,0,0,,0,0,0,,0,0,0,,0,0,0,,0,0,0,,,,,,
35493951,elado,"Budapest X. kerület, Harmat utca",Ligettelek,59990000.0,59.99,59990.0,1224285.7142857143,17.909688439629274,14.01786814151865,0,49.0,49.0,2.0,3,0,0,0,0,0,0,0,0,0,58.0,47.4702785,19.1650971,0,1026.1,1000-2000 m,0,,,0,0,0,https://ingatlan.com/35493951,"Eladó csúsztatott zsalus - Budapest X. kerület, Harmat utca #35493951",1102,Budapest,Harmat utca,,jó állapotú,Csúsztatott zsalus lakás,1968.0,30-60 év (panel-korszak),0.0,2.0,0.0,2 szoba,24.5,4,4.0,,0,gáz (konvektor),,0,1,0,0,nincs megadva,,,,nincs megadva,,,Ingatlaniroda,,2349.0,4.0,,,,,,,,,0,0,0,,0,0,0,,0,0,,0,0,0,,0,0,0,,,,,0,0,0,,0,0,0,,0,0,0,,0,0,0,,0,0,0,,,,,,
35493996,elado,"Budapest X. kerület, Szárnyas utca",Gyárdűlő,44600000.0,44.6,44600.0,1537931.0344827587,17.61324441699029,14.245948587003818,0,29.0,30.0,1.0,2,1,0,0,1,0,0,1,0,1,58.0,47.4688278,19.1202985,0,762.0,500-1000 m,0,,,0,0,0,https://ingatlan.com/35493996,"Eladó tégla lakás - Budapest X. kerület, Szárnyas utca #35493996",1107,Budapest,Szárnyas utca,,közepes állapotú,Tégla lakás,1968.0,30-60 év (panel-korszak),2.0,1.0,0.0,1 szoba,29.0,3,3.0,3.0,0,gáz (konvektor),,0,1,0,0,I,,,,nem,12000.0,,Ingatlaniroda,,1507.0,4.0,,,,,,,,,0,0,0,,0,0,0,,0,0,,0,0,0,,0,0,0,,,,,0,0,0,,0,0,0,,0,0,0,,0,0,0,,0,0,0,,,,,,
35494000,elado,"Budapest X. kerület, Gergely utca",Újhegy,69900000.0,69.9,69900.0,1226315.7894736843,18.06257620720404,14.01952493936949,0,57.0,57.0,3.0,3,0,0,0,1,0,1,0,0,0,21.0,47.4702816,19.1514579,0,666.5,500-1000 m,0,,,0,0,0,https://ingatlan.com/35494000,"Eladó tégla lakás - Budapest X. kerület, Gergely utca #35494000",1103,Budapest,Gergely utca,,jó állapotú,Tégla lakás,2005.0,10-30 év (rendszerváltás utáni),0.0,3.0,0.0,3 szoba,19.0,1,1.0,3.0,0,"házközponti egyedi méréssel, hűtő-fűtő klíma",,0,0,0,0,D,,,,nem,26500.0,,Ingatlaniroda,,2305.0,4.0,,,,,,,,,0,0,0,,0,0,0,,0,0,,0,0,0,,0,0,0,,,,,0,0,0,,0,0,0,,0,0,0,,0,0,0,,0,0,0,,,,,,
35494911,elado,"Budapest X. kerület, Kőbánya - Újhegyi lakótelep",Újhegy,54500000.0,54.5,54500.0,1112244.8979591837,17.81371125963347,13.921890961522847,0,49.0,50.5,2.0,3,0,0,1,0,1,1,1,0,0,58.0,,,0,,,0,,,0,0,0,https://ingatlan.com/35494911,"Eladó panel lakás - Budapest X. kerület, Kőbánya - Újhegyi lakótelep #35494911",1108,Budapest,Kőbánya - Újhegyi lakótelep,,jó állapotú,Panel lakás,1968.0,30-60 év (panel-korszak),3.0,2.0,0.0,2 szoba,24.5,7,7.0,10.0,0,távfűtés egyedi méréssel,,1,0,0,0,nincs megadva,,,,nem,15460.0,,Ingatlaniroda,,2644.0,4.0,,,,,,,,,0,0,0,,0,0,0,,0,0,,0,0,0,,0,0,0,,,,,0,0,0,,0,0,0,,0,0,0,,0,0,0,,0,0,0,,,,,,
35495031,elado,"Budapest X. kerület, Kőrösi Csoma Sándor út 55.",Kőbánya-Városközpont,54900000.0,54.9,54900.0,998181.8181818182,17.82102390647976,13.813690721247289,0,55.0,57.0,2.0,2,1,0,0,0,1,0,1,0,0,58.0,,,0,,,0,,,0,0,0,https://ingatlan.com/35495031,"Eladó csúsztatott zsalus - Budapest X. kerület, Kőrösi Csoma Sándor út #35495031",1102,Budapest,Kőrösi Csoma Sándor út,55,közepes állapotú,Csúsztatott zsalus lakás,1968.0,30-60 év (panel-korszak),4.0,2.0,0.0,2 szoba,27.5,7,7.0,9.0,0,távfűtés,,1,0,0,0,E,,,,nincs megadva,16000.0,,Ingatlaniroda,,1143.0,4.0,,,,,,,,,0,0,0,,0,0,0,,0,0,,0,0,0,,0,0,0,,,,,0,0,0,,0,0,0,,0,0,0,,0,0,0,,0,0,0,,,,,,
35495329,elado,"Budapest X. kerület, Gyógyszergyári utca 8.",Felsőrákos,77900000.0,77.9,77900.0,1527450.9803921569,18.170936510840978,14.239110878116652,0,51.0,57.5,2.0,3,0,0,0,0,1,1,1,0,0,0.0,47.49801,19.142693,1,553.3,500-1000 m,0,1194.2,15.9,0,0,0,https://ingatlan.com/35495329,"Eladó csúsztatott zsalus - Budapest X. kerület, Gyógyszergyári utca 8. #35495329",1106,Budapest,Gyógyszergyári utca,8,nincs megadva,Csúsztatott zsalus lakás,2026.0,Új építésű (2025+),13.0,2.0,0.0,2 szoba,25.5,1,1.0,5.0,0,távfűtés egyedi méréssel,,1,0,0,0,A+,,,,nem,,,Ingatlaniroda,,1255.0,4.0,,,,,,,,1096.3,0,0,1,463.5,0,1,1,724.5,0,1,463.5,0,1,1,600.2,0,1,1,0.0,7.0,52.0,1212.4,0,0,0,1747.4,0,0,0,1044.5,0,0,1,837.3,0,0,1,1098.3,0,0,1,Örs vezér tere,,Kincsem lakópark,Fehér úti ipari park,Erdélyi emlékkert,villamos
35495373,elado,"Budapest X. kerület, Hungária körút 5-7.",Laposdűlő,68900000.0,68.9,68900.0,956944.4444444445,18.048166735983887,13.771500616967831,0,72.0,72.0,3.0,3,0,0,1,0,1,0,0,0,0,38.0,47.491796,19.109243,1,369.0,300-500 m,0,,,0,0,0,https://ingatlan.com/35495373,"Eladó panel lakás - Budapest X. kerület, Hungária körút 5-7. #35495373",1101,Budapest,Hungária körút,5-7,jó állapotú,Panel lakás,1988.0,30-60 év (panel-korszak),0.0,3.0,0.0,3 szoba,24.0,8,8.0,10.0,0,házközponti,,0,0,0,0,nincs megadva,,,,nem,,,Ingatlaniroda,,429.0,4.0,,,,,,,,1037.0,0,0,1,119.5,1,1,1,120.8,1,1,119.5,1,1,1,434.0,0,1,1,11.0,30.0,68.0,940.9,0,0,1,978.5,0,0,1,145.2,1,1,1,209.2,1,1,1,1055.5,0,0,1,,,Hidegkuti Nándor Stadion,Hidegkuti Nándor Stadion,Tbiliszi tér,villamos
35495505,elado,"Budapest X. kerület, Kőbánya - Óhegy",Óhegy,61258000.0,61.258,61258.0,1276208.3333333333,17.930605011104973,14.05940400019708,0,48.0,54.0,2.0,3,0,0,0,1,1,1,1,0,1,0.0,47.4820541,19.132346,0,297.2,150-300 m,0,,,0,0,0,https://ingatlan.com/35495505,"Eladó tégla lakás - Budapest X. kerület, Kőbánya - Óhegy #35495505",1103,Budapest,Kőbánya - Óhegy,,nincs megadva,Tégla lakás,2026.0,Új építésű (2025+),12.0,2.0,0.0,2 szoba,24.0,4,4.0,4.0,0,"hőszivattyú, mennyezeti hűtés-fűtés, padlófűtés",,0,0,1,0,A,,,,igen,,,Ingatlaniroda,,2539.0,4.0,,,,,,,,,0,0,0,,0,0,0,,0,0,,0,0,0,,0,0,0,,,,,0,0,0,,0,0,0,,0,0,0,,0,0,0,,0,0,0,,,,,,
35496582,elado,"Budapest X. kerület, Kőbányai út",Laposdűlő,75000000.0,75.0,75000.0,1119402.985074627,18.132998671500584,13.928306052109619,0,67.0,69.5,3.0,2,1,0,1,0,0,1,1,0,1,,47.4839965,19.1169429,0,148.4,<150 m,1,,,0,0,0,https://ingatlan.com/35496582,"Eladó panel lakás - Budapest X. kerület, Kőbányai út #35496582",1101,Budapest,Kőbányai út,,közepes állapotú,Panel lakás,,Ismeretlen,5.0,3.0,0.0,3 szoba,22.333333333333332,3,3.0,3.0,0,"házközponti, hűtő-fűtő klíma",,0,0,0,0,nincs megadva,,,,nem,,,Ingatlaniroda,,593.0,2.0,,,,,,,,,0,0,0,,0,0,0,,0,0,,0,0,0,,0,0,0,,,,,0,0,0,,0,0,0,,0,0,0,,0,0,0,,0,0,0,,,,,,
35497350,elado,"Budapest X. kerület, Kőbánya - Óhegy",Óhegy,42900000.0,42.9,42900.0,1716000.0,17.574382383898246,14.355506559030045,0,25.0,30.5,1.0,4,0,0,0,1,0,1,1,1,0,58.0,47.4820541,19.132346,0,297.2,150-300 m,0,,,0,0,0,https://ingatlan.com/35497350,"Eladó tégla lakás - Budapest X. kerület, Kőbánya - Óhegy #35497350",1103,Budapest,Kőbánya - Óhegy,,felújított,Tégla lakás,1968.0,30-60 év (panel-korszak),11.0,1.0,0.0,1 szoba,25.0,földszint,0.0,0.0,0,hűtő-fűtő klíma,,0,0,0,0,nincs megadva,,,,igen,,,Ingatlaniroda,,2564.0,4.0,,,,,,,,,0,0,0,,0,0,0,,0,0,,0,0,0,,0,0,0,,,,,0,0,0,,0,0,0,,0,0,0,,0,0,0,,0,0,0,,,,,,
35497406,elado,"Budapest X. kerület, Ihász köz",Óhegy,80000000.0,80.0,80000.0,1194029.8507462686,18.197537192638155,13.99284457324719,0,67.0,70.0,3.0,3,0,0,0,0,1,0,1,0,0,,47.4860782,19.1435952,0,671.5,500-1000 m,0,,,0,0,0,https://ingatlan.com/35497406,"Eladó csúsztatott zsalus - Budapest X. kerület, Ihász köz #35497406",1105,Budapest,Ihász köz,,jó állapotú,Csúsztatott zsalus lakás,,Ismeretlen,6.0,3.0,0.0,3 szoba,22.333333333333332,2,2.0,,0,nincs megadva,,0,0,0,0,nincs megadva,,,,nincs megadva,,,Ingatlaniroda,,905.0,2.0,,,,,,,,,0,0,0,,0,0,0,,0,0,,0,0,0,,0,0,0,,,,,0,0,0,,0,0,0,,0,0,0,,0,0,0,,0,0,0,,,,,,
35497839,elado,"Budapest X. kerület, Liget utca 2.",Ligettelek,68000000.0,68.0,68000.0,944444.4444444445,18.03501826314038,13.758352144124325,0,72.0,72.0,2.0,3,0,0,0,1,0,0,0,0,0,96.0,,,0,,,0,,,0,0,0,https://ingatlan.com/35497839,"Eladó tégla lakás - Budapest X. kerület, Liget utca #35497839",1102,Budapest,Liget utca,2,jó állapotú,Tégla lakás,1930.0,60+ év (háború előtti),0.0,2.0,0.0,2 szoba,36.0,1,1.0,4.0,0,gáz (konvektor),,0,1,0,0,nincs megadva,,,,nem,,,Magánszemély,,656.0,2.0,,,,,,,,,0,0,0,,0,0,0,,0,0,,0,0,0,,0,0,0,,,,,0,0,0,,0,0,0,,0,0,0,,0,0,0,,0,0,0,,,,,,
35498344,elado,"Budapest X. kerület, Felsőrákos",Felsőrákos,64900000.0,64.9,64900.0,1224528.3018867925,17.988358181674318,14.018066268122197,0,53.0,55.0,2.0,2,1,0,1,0,1,0,1,0,0,58.0,47.4953772,19.1746318,0,636.9,500-1000 m,0,,,0,0,0,https://ingatlan.com/35498344,"Eladó panel lakás - Budapest X. kerület, Felsőrákos #35498344",1106,Budapest,Felsőrákos,,közepes állapotú,Panel lakás,1968.0,30-60 év (panel-korszak),4.0,2.0,0.0,2 szoba,26.5,9,9.0,,0,távfűtés,,1,0,0,0,nincs megadva,,,,nincs megadva,,,Ingatlaniroda,,2383.0,4.0,,,,,,,,,0,0,0,,0,0,0,,0,0,,0,0,0,,0,0,0,,,,,0,0,0,,0,0,0,,0,0,0,,0,0,0,,0,0,0,,,,,,
35498347,elado,"Budapest X. kerület, Kőbánya - Újhegyi lakótelep",Újhegy,65000000.0,65.0,65000.0,955882.3529411765,17.98989782785991,13.770390122683805,0,68.0,69.5,3.0,2,1,0,1,0,1,0,1,0,0,58.0,,,0,,,0,,,0,0,0,https://ingatlan.com/35498347,"Eladó panel lakás - Budapest X. kerület, Kőbánya - Újhegyi lakótelep #35498347",1108,Budapest,Kőbánya - Újhegyi lakótelep,,közepes állapotú,Panel lakás,1968.0,30-60 év (panel-korszak),3.0,3.0,0.0,3 szoba,22.666666666666668,6,6.0,,0,távfűtés,,1,0,0,0,nincs megadva,,,,nincs megadva,,,Ingatlaniroda,,1514.0,4.0,,,,,,,,,0,0,0,,0,0,0,,0,0,,0,0,0,,0,0,0,,,,,0,0,0,,0,0,0,,0,0,0,,0,0,0,,0,0,0,,,,,,
35498698,elado,"Budapest X. kerület, Állomás utca",Kőbánya-Városközpont,53900000.0,53.9,53900.0,1314634.1463414633,17.802641035879226,14.089068969174917,0,41.0,41.0,2.0,4,0,0,1,0,1,1,0,0,0,58.0,47.5210755,19.1483125,0,126.1,<150 m,1,,,0,0,0,https://ingatlan.com/35498698,"Eladó panel lakás - Budapest X. kerület, Állomás utca #35498698",1102,Budapest,Állomás utca,,felújított,Panel lakás,1968.0,30-60 év (panel-korszak),0.0,2.0,0.0,2 szoba,20.5,5,5.0,10.0,0,távfűtés,,1,0,0,0,A+,,,,nem,15000.0,30000.0,Ingatlaniroda,,2306.0,2.0,,,,,,,,,0,0,0,,0,0,0,,0,0,,0,0,0,,0,0,0,,,,,0,0,0,,0,0,0,,0,0,0,,0,0,0,,0,0,0,,,,,,
35499244,elado,"Budapest X. kerület, Gyakorló utca",Felsőrákos,64900000.0,64.9,64900.0,1224528.3018867925,17.988358181674318,14.018066268122197,0,53.0,55.0,2.0,4,0,0,1,0,1,0,1,0,0,58.0,47.5018325,19.1436801,0,258.3,150-300 m,0,,,0,0,0,https://ingatlan.com/35499244,"Eladó panel lakás - Budapest X. kerület, Gyakorló utca #35499244",1106,Budapest,Gyakorló utca,,felújított,Panel lakás,1968.0,30-60 év (panel-korszak),4.0,2.0,0.0,2 szoba,26.5,9,9.0,10.0,0,távfűtés,,1,0,0,0,nincs megadva,,,,nem,19500.0,,Ingatlaniroda,,2225.0,4.0,,,,,,,,,0,0,0,,0,0,0,,0,0,,0,0,0,,0,0,0,,,,,0,0,0,,0,0,0,,0,0,0,,0,0,0,,0,0,0,,,,,,
35499640,elado,"Budapest X. kerület, Hatház utca 68.",Felsőrákos,80000000.0,80.0,80000.0,1176470.5882352942,18.197537192638155,13.978029487462049,0,68.0,68.0,4.0,2,1,0,1,0,0,0,0,0,0,58.0,,,0,,,0,,,0,0,0,https://ingatlan.com/35499640,"Eladó panel lakás - Budapest X. kerület, Hatház utca #35499640",1106,Budapest,Hatház utca,68,közepes állapotú,Panel lakás,1968.0,30-60 év (panel-korszak),0.0,4.0,0.0,4+ szoba,17.0,2,2.0,4.0,0,távfűtés egyedi méréssel,,1,0,0,0,C,,,,nem,,,Ingatlaniroda,,1078.0,4.0,,,,,,,,,0,0,0,,0,0,0,,0,0,,0,0,0,,0,0,0,,,,,0,0,0,,0,0,0,,0,0,0,,0,0,0,,0,0,0,,,,,,
35500506,elado,"Budapest X. kerület, Hatház utca 1.",Felsőrákos,50500000.0,50.5,50500.0,1485294.1176470588,17.73748389424559,14.211123369629426,0,34.0,34.0,1.0,3,0,0,0,1,0,1,0,0,0,,47.502747,19.148526,1,217.8,150-300 m,0,481.1,6.4,0,1,1,https://ingatlan.com/35500506,"Eladó tégla lakás - Budapest X. kerület, Hatház utca 1. #35500506",1106,Budapest,Hatház utca,1,jó állapotú,Tégla lakás,,Ismeretlen,0.0,1.0,0.0,1 szoba,34.0,2,2.0,4.0,0,"gáz (konvektor), hűtő-fűtő klíma",,0,1,0,0,nincs megadva,,,,nem,13000.0,7500.0,Ingatlaniroda,,1660.0,4.0,,,,,,,,1098.3,0,0,1,1017.7,0,0,1,138.8,1,1,481.1,0,1,1,152.3,1,1,1,10.0,41.0,114.0,541.0,0,1,1,690.3,0,1,1,228.4,1,1,1,554.0,0,1,1,275.4,1,1,1,Rákosfalva,,Örs vezér tere M+H,Gépmadár utca,Kiserdő,vasut
35500932,elado,"Budapest X. kerület, Hungária körút 5-7.",Laposdűlő,75000000.0,75.0,75000.0,1041666.6666666666,18.132998671500584,13.85633255248453,0,72.0,72.0,3.0,3,0,0,1,0,1,0,0,0,0,,47.491796,19.109243,1,369.0,300-500 m,0,,,0,0,0,https://ingatlan.com/35500932,"Eladó panel lakás - Budapest X. kerület, Hungária körút 5-7. #35500932",1101,Budapest,Hungária körút,5-7,nincs megadva,Panel lakás,,Ismeretlen,0.0,3.0,0.0,3 szoba,24.0,8,8.0,10.0,0,távfűtés,,1,0,0,0,nincs megadva,,,,nincs megadva,,,Ingatlaniroda,,5.0,4.0,,,,,,,,1037.0,0,0,1,119.5,1,1,1,120.8,1,1,119.5,1,1,1,434.0,0,1,1,11.0,30.0,68.0,940.9,0,0,1,978.5,0,0,1,145.2,1,1,1,209.2,1,1,1,1055.5,0,0,1,,,Hidegkuti Nándor Stadion,Hidegkuti Nándor Stadion,Tbiliszi tér,villamos
35500984,elado,"Budapest X. kerület, Liget tér 3.",Kőbánya-Városközpont,46000000.0,46.0,46000.0,1095238.0952380951,17.64415195445337,13.90648233617,0,42.0,42.0,2.0,2,1,0,0,0,1,0,0,0,0,38.0,47.483121,19.129584,1,167.6,150-300 m,0,277.9,3.7,1,1,1,https://ingatlan.com/35500984,"Eladó csúsztatott zsalus - Budapest X. kerület, Liget tér 3. #35500984",1102,Budapest,Liget tér,3,közepes állapotú,Csúsztatott zsalus lakás,1988.0,30-60 év (panel-korszak),0.0,2.0,0.0,2 szoba,21.0,4,4.0,5.0,0,távfűtés egyedi méréssel,,1,0,0,0,nincs megadva,,,,nem,15600.0,30000.0,Ingatlaniroda,,1334.0,4.0,,,,,,,,2081.4,0,0,0,161.0,1,1,1,75.6,1,1,161.0,1,1,1,196.5,1,1,1,48.0,78.0,125.0,702.8,0,1,1,905.0,0,0,1,175.8,1,1,1,12.8,1,1,1,,0,0,0,Kőbánya alsó,,Kápolna utca,Liget tér,Liget téri park,villamos
35501325,elado,"Budapest X. kerület, Kőbánya - Óhegy",Óhegy,56900000.0,56.9,56900.0,1185416.6666666667,17.85680589909656,13.985604888188668,0,48.0,48.0,2.0,2,1,0,0,0,0,0,0,0,0,58.0,47.4820541,19.132346,0,297.2,150-300 m,0,,,0,0,0,https://ingatlan.com/35501325,"Eladó csúsztatott zsalus - Budapest X. kerület, Kőbánya - Óhegy #35501325",1103,Budapest,Kőbánya - Óhegy,,közepes állapotú,Csúsztatott zsalus lakás,1968.0,30-60 év (panel-korszak),0.0,2.0,0.0,2 szoba,24.0,3,3.0,4.0,0,gáz (konvektor),,0,1,0,0,nincs megadva,,,,nincs megadva,15000.0,,Ingatlaniroda,,2265.0,4.0,,,,,,,,,0,0,0,,0,0,0,,0,0,,0,0,0,,0,0,0,,,,,0,0,0,,0,0,0,,0,0,0,,0,0,0,,0,0,0,,,,,,
35501549,elado,"Budapest X. kerület, Kővágó utca 12.",Újhegy,60900000.0,60.9,60900.0,1242857.142857143,17.924743732680124,14.032923434569499,0,49.0,50.5,2.0,4,0,0,1,0,1,1,1,0,0,58.0,47.47259,19.163965,1,850.1,500-1000 m,0,1813.2,24.2,0,0,0,https://ingatlan.com/35501549,"Eladó panel lakás - Budapest X. kerület, Kővágó utca 12. #35501549",1108,Budapest,Kővágó utca,12,felújított,Panel lakás,1968.0,30-60 év (panel-korszak),3.0,2.0,0.0,2 szoba,24.5,4,4.0,10.0,0,távfűtés,,1,0,0,0,B,,,,nincs megadva,15000.0,15000.0,Ingatlaniroda,,2403.0,4.0,,,,,,,,1819.1,0,0,0,818.8,0,0,1,278.4,1,1,818.8,0,0,1,818.4,0,0,1,5.0,25.0,52.0,,0,0,0,,0,0,0,223.3,1,1,1,385.6,0,1,1,1037.6,0,0,1,Kőbánya-Kispest,,Venyige utca,Újhegyi sétány,Újhegy park,villamos
35501760,elado,"Budapest X. kerület, Oltó utca",Újhegy,53000000.0,53.0,53000.0,1060000.0,17.785802471516394,13.87377946608825,0,50.0,51.0,2.0,3,0,0,1,0,1,1,1,0,0,38.0,47.4691634,19.1592716,0,756.6,500-1000 m,0,,,0,0,0,https://ingatlan.com/35501760,"Eladó panel lakás - Budapest X. kerület, Oltó utca #35501760",1108,Budapest,Oltó utca,,jó állapotú,Panel lakás,1988.0,30-60 év (panel-korszak),2.0,2.0,0.0,2 szoba,25.0,3,3.0,10.0,0,távfűtés,,1,0,0,0,D,,,,nem,,,Ingatlaniroda,,196.0,4.0,,,,,,,,,0,0,0,,0,0,0,,0,0,,0,0,0,,0,0,0,,,,,0,0,0,,0,0,0,,0,0,0,,0,0,0,,0,0,0,,,,,,
35502051,elado,"Budapest X. kerület, Harmat utca",Újhegy,56900000.0,56.9,56900.0,1053703.7037037036,17.85680589909656,13.867821852532284,0,54.0,55.5,2.0,1,1,0,1,0,1,0,1,0,0,58.0,47.4702785,19.1650971,0,1026.1,1000-2000 m,0,,,0,0,0,https://ingatlan.com/35502051,"Eladó panel lakás - Budapest X. kerület, Harmat utca #35502051",1108,Budapest,Harmat utca,,felújítandó,Panel lakás,1968.0,30-60 év (panel-korszak),3.0,2.0,0.0,2 szoba,27.0,5,5.0,10.0,0,távfűtés,,1,0,0,0,nincs megadva,,,,nincs megadva,18000.0,30000.0,Ingatlaniroda,,1479.0,4.0,,,,,,,,,0,0,0,,0,0,0,,0,0,,0,0,0,,0,0,0,,,,,0,0,0,,0,0,0,,0,0,0,,0,0,0,,0,0,0,,,,,,
35502108,elado,"Budapest X. kerület, Gyógyszergyári utca 6.",Felsőrákos,105000000.0,105.0,105000.0,1590909.0909090908,18.469470908121796,14.279816166095372,0,66.0,74.5,3.0,5,0,1,0,1,1,1,1,0,0,0.0,47.497833,19.141041,1,482.9,300-500 m,0,1008.7,13.4,0,0,1,https://ingatlan.com/35502108,"Eladó tégla lakás - Budapest X. kerület, Gyógyszergyári utca 6. #35502108",1106,Budapest,Gyógyszergyári utca,6,újszerű,Tégla lakás,2026.0,Új építésű (2025+),17.0,3.0,0.0,3 szoba,22.0,6,6.0,8.0,0,távfűtés,,1,0,0,0,A+,,,,nincs megadva,,,Ingatlaniroda,,1335.0,4.0,,,,,,,,910.8,0,0,1,278.0,1,1,1,539.0,0,1,278.0,1,1,1,523.0,0,1,1,2.0,14.0,82.0,1354.1,0,0,0,1561.9,0,0,0,859.0,0,0,1,651.7,0,1,1,912.8,0,0,1,Örs vezér tere,,Kincsem lakópark,Fehér úti ipari park,Névtelen zöldfelület / park,villamos
35502271,elado,"Budapest X. kerület, Harmat köz",Óhegy,63900000.0,63.9,63900.0,1359574.4680851065,17.972829919347763,14.122682317637704,0,47.0,48.0,2.0,4,0,0,0,1,0,1,1,0,1,58.0,47.4891047,19.1387448,0,323.7,300-500 m,0,,,0,0,0,https://ingatlan.com/35502271,"Eladó tégla lakás - Budapest X. kerület, Harmat köz #35502271",1105,Budapest,Harmat köz,,felújított,Tégla lakás,1968.0,30-60 év (panel-korszak),2.0,2.0,0.0,2 szoba,23.5,4,4.0,4.0,0,"elektromos fűtőpanel, hőszivattyú, hűtő-fűtő klíma",,0,0,1,0,nincs megadva,,,,nincs megadva,16500.0,,Ingatlaniroda,,575.0,4.0,,,,,,,,,0,0,0,,0,0,0,,0,0,,0,0,0,,0,0,0,,,,,0,0,0,,0,0,0,,0,0,0,,0,0,0,,0,0,0,,,,,,
35502846,elado,"Budapest X. kerület, Kolozsvári utca 39-43.",Ligettelek,39900000.0,39.9,39900.0,1108333.3333333333,17.50188688186009,13.918367943403982,0,36.0,36.0,1.0,3,0,0,0,1,0,1,0,1,0,58.0,47.490862,19.135027,1,67.9,<150 m,1,406.3,5.4,0,1,1,https://ingatlan.com/35502846,"Eladó tégla lakás - Budapest X. kerület, Kolozsvári utca 39-43. #35502846",1102,Budapest,Kolozsvári utca,39-43,jó állapotú,Tégla lakás,1968.0,30-60 év (panel-korszak),0.0,1.0,0.0,1 szoba,36.0,földszint,0.0,4.0,0,"hűtő-fűtő klíma, gáz (konvektor)",,0,1,0,0,H,,,,igen,,,Ingatlaniroda,,1506.0,4.0,,,,,,,,1907.1,0,0,0,203.1,1,1,1,290.8,1,1,203.1,1,1,1,113.0,1,1,1,19.0,41.0,71.0,1486.1,0,0,0,488.1,0,1,1,856.0,0,0,1,252.4,1,1,1,1962.0,0,0,0,Kőbánya felső,,Kőbánya felső vasútállomás,Kőbánya felső,Sajó Sándor tér,villamos
35502951,elado,"Budapest X. kerület, Kőbánya - Újhegyi lakótelep",Újhegy,55900000.0,55.9,55900.0,1140816.3265306123,17.83907493812533,13.947254640014702,0,49.0,51.0,2.0,2,1,0,1,0,1,0,1,0,0,58.0,,,0,,,0,,,0,0,0,https://ingatlan.com/35502951,"Eladó panel lakás - Budapest X. kerület, Kőbánya - Újhegyi lakótelep #35502951",1108,Budapest,Kőbánya - Újhegyi lakótelep,,közepes állapotú,Panel lakás,1968.0,30-60 év (panel-korszak),4.0,2.0,0.0,2 szoba,24.5,1,1.0,10.0,0,távfűtés,,1,0,0,0,nincs megadva,,,,nincs megadva,,,Ingatlaniroda,,1280.0,4.0,,,,,,,,,0,0,0,,0,0,0,,0,0,,0,0,0,,0,0,0,,,,,0,0,0,,0,0,0,,0,0,0,,0,0,0,,0,0,0,,,,,,
35503243,elado,"Budapest X. kerület, Martinovics tér",Óhegy,83900000.0,83.9,83900.0,699166.6666666666,18.245136171437434,13.457644428655389,0,120.0,124.0,4.0,2,1,0,0,1,1,0,1,0,0,58.0,47.4563935,19.1965795,0,426.1,300-500 m,0,,,0,0,0,https://ingatlan.com/35503243,"Eladó tégla lakás - Budapest X. kerület, Martinovics tér #35503243",1105,Budapest,Martinovics tér,,közepes állapotú,Tégla lakás,1968.0,30-60 év (panel-korszak),8.0,4.0,0.0,4+ szoba,30.0,3,3.0,,0,gázkazán,,0,1,0,0,nincs megadva,,,,nincs megadva,31000.0,,Ingatlaniroda,,2262.0,4.0,,,,,,,,,0,0,0,,0,0,0,,0,0,,0,0,0,,0,0,0,,,,,0,0,0,,0,0,0,,0,0,0,,0,0,0,,0,0,0,,,,,,
35503295,elado,"Budapest X. kerület, Salgótarjáni utca",Laposdűlő,49000000.0,49.0,49000.0,1289473.6842105263,17.7073308560749,14.069744696348515,0,38.0,38.0,3.0,4,0,0,0,1,0,1,0,1,0,,47.4904869,19.1193942,0,143.3,<150 m,1,,,0,0,0,https://ingatlan.com/35503295,"Eladó tégla lakás - Budapest X. kerület, Salgótarjáni utca #35503295",1101,Budapest,Salgótarjáni utca,,felújított,Tégla lakás,,Ismeretlen,0.0,3.0,0.0,3 szoba,12.666666666666666,földszint,0.0,4.0,0,"gáz (konvektor), hűtő-fűtő klíma",,0,1,0,0,nincs megadva,,,,nincs megadva,,,Ingatlaniroda,,1522.0,4.0,,,,,,,,,0,0,0,,0,0,0,,0,0,,0,0,0,,0,0,0,,,,,0,0,0,,0,0,0,,0,0,0,,0,0,0,,0,0,0,,,,,,
35503324,elado,"Budapest X. kerület, Kada utca",Óhegy,64900000.0,64.9,64900.0,1158928.5714285714,17.988358181674318,13.963006490939168,0,56.0,60.0,3.0,2,1,0,0,1,0,1,1,0,1,38.0,47.4725364,19.1432199,0,536.5,500-1000 m,0,,,0,0,0,https://ingatlan.com/35503324,"Eladó tégla lakás - Budapest X. kerület, Kada utca #35503324",1106,Budapest,Kada utca,,közepes állapotú,Tégla lakás,1988.0,30-60 év (panel-korszak),8.0,3.0,0.0,3 szoba,18.666666666666668,2,2.0,2.0,0,gázkazán,,0,1,0,0,E,,,,nem,31000.0,18000000.0,Ingatlaniroda,,1214.0,4.0,,,,,,,,,0,0,0,,0,0,0,,0,0,,0,0,0,,0,0,0,,,,,0,0,0,,0,0,0,,0,0,0,,0,0,0,,0,0,0,,,,,,
35504455,elado,"Budapest X. kerület, Felsőrákos",Felsőrákos,64900000.0,64.9,64900.0,1224528.3018867925,17.988358181674318,14.018066268122197,0,53.0,55.0,2.0,3,0,0,1,0,1,0,1,0,0,58.0,47.4953772,19.1746318,0,636.9,500-1000 m,0,,,0,0,0,https://ingatlan.com/35504455,"Eladó panel lakás - Budapest X. kerület, Felsőrákos #35504455",1106,Budapest,Felsőrákos,,jó állapotú,Panel lakás,1968.0,30-60 év (panel-korszak),4.0,2.0,0.0,2 szoba,26.5,9,9.0,,0,távfűtés,,1,0,0,0,nincs megadva,,,,nem,19500.0,,Ingatlaniroda,,2371.0,4.0,,,,,,,,,0,0,0,,0,0,0,,0,0,,0,0,0,,0,0,0,,,,,0,0,0,,0,0,0,,0,0,0,,0,0,0,,0,0,0,,,,,,
35504783,elado,"Budapest X. kerület, Mádi utca",Óhegy,56900000.0,56.9,56900.0,1185416.6666666667,17.85680589909656,13.985604888188668,0,48.0,48.0,2.0,3,0,0,0,0,0,0,0,0,0,58.0,47.4822198,19.1509243,0,820.1,500-1000 m,0,,,0,0,0,https://ingatlan.com/35504783,"Eladó csúsztatott zsalus - Budapest X. kerület, Mádi utca #35504783",1105,Budapest,Mádi utca,,jó állapotú,Csúsztatott zsalus lakás,1968.0,30-60 év (panel-korszak),0.0,2.0,0.0,2 szoba,24.0,3,3.0,4.0,0,gáz (konvektor),,0,1,0,0,nincs megadva,,,,nincs megadva,15000.0,,Ingatlaniroda,,2414.0,4.0,,,,,,,,,0,0,0,,0,0,0,,0,0,,0,0,0,,0,0,0,,,,,0,0,0,,0,0,0,,0,0,0,,0,0,0,,0,0,0,,,,,,
35504844,elado,"Budapest X. kerület, Kőbánya-Városközpont",Kőbánya-Városközpont,62900000.0,62.9,62900.0,1164814.8148148148,17.957056721670668,13.968072675106395,0,54.0,56.0,2.0,4,0,0,0,0,1,0,1,0,0,,47.482503,19.1307351,0,213.3,150-300 m,0,,,0,0,0,https://ingatlan.com/35504844,"Eladó csúsztatott zsalus - Budapest X. kerület, Kőbánya-Városközpont #35504844",1105,Budapest,Kőbánya-Városközpont,,felújított,Csúsztatott zsalus lakás,,Ismeretlen,4.0,2.0,0.0,2 szoba,27.0,2,2.0,,0,távfűtés,,1,0,0,0,nincs megadva,,,,nincs megadva,14800.0,,Ingatlaniroda,,1886.0,4.0,,,,,,,,,0,0,0,,0,0,0,,0,0,,0,0,0,,0,0,0,,,,,0,0,0,,0,0,0,,0,0,0,,0,0,0,,0,0,0,,,,,,
35504946,elado,"Budapest X. kerület, Gyakorló utca",Felsőrákos,64900000.0,64.9,64900.0,1224528.3018867925,17.988358181674318,14.018066268122197,0,53.0,55.0,2.0,3,0,0,1,0,1,0,1,0,0,38.0,47.5018325,19.1436801,0,258.3,150-300 m,0,,,0,0,0,https://ingatlan.com/35504946,"Eladó panel lakás - Budapest X. kerület, Gyakorló utca #35504946",1106,Budapest,Gyakorló utca,,jó állapotú,Panel lakás,1988.0,30-60 év (panel-korszak),4.0,2.0,0.0,2 szoba,26.5,9,9.0,10.0,0,távfűtés,,1,0,0,0,nincs megadva,,,,nincs megadva,19590.0,,Ingatlaniroda,,2156.0,4.0,,,,,,,,,0,0,0,,0,0,0,,0,0,,0,0,0,,0,0,0,,,,,0,0,0,,0,0,0,,0,0,0,,0,0,0,,0,0,0,,,,,,
35504983,elado,"Budapest X. kerület, Kőbánya - Újhegyi lakótelep",Újhegy,69900000.0,69.9,69900.0,1027941.1764705882,18.06257620720404,13.843068502027933,0,68.0,69.5,3.0,3,0,0,1,0,1,0,1,0,0,38.0,,,0,,,0,,,0,0,0,https://ingatlan.com/35504983,"Eladó panel lakás - Budapest X. kerület, Kőbánya - Újhegyi lakótelep #35504983",1108,Budapest,Kőbánya - Újhegyi lakótelep,,jó állapotú,Panel lakás,1988.0,30-60 év (panel-korszak),3.0,3.0,0.0,3 szoba,22.666666666666668,3,3.0,10.0,0,távfűtés,,1,0,0,0,nincs megadva,,,,nem,25000.0,18000.0,Ingatlaniroda,,2293.0,4.0,,,,,,,,,0,0,0,,0,0,0,,0,0,,0,0,0,,0,0,0,,,,,0,0,0,,0,0,0,,0,0,0,,0,0,0,,0,0,0,,,,,,
35505667,elado,"Budapest X. kerület, Üllői út",Gyárdűlő,74999000.0,74.999,74999.0,925913.5802469136,18.132985338078363,13.738536183405923,0,81.0,81.0,3.0,2,1,0,0,1,0,0,0,0,0,58.0,47.4789502,19.0894289,0,1067.5,1000-2000 m,0,,,0,0,0,https://ingatlan.com/35505667,"Eladó tégla lakás - Budapest X. kerület, Üllői út #35505667",1101,Budapest,Üllői út,,közepes állapotú,Tégla lakás,1968.0,30-60 év (panel-korszak),0.0,3.0,0.0,3 szoba,27.0,1,1.0,3.0,0,gáz (konvektor),,0,1,0,0,D,,,,nincs megadva,27500.0,25000.0,Ingatlaniroda,,913.0,4.0,,,,,,,,,0,0,0,,0,0,0,,0,0,,0,0,0,,0,0,0,,,,,0,0,0,,0,0,0,,0,0,0,,0,0,0,,0,0,0,,,,,,
35506808,elado,"Budapest X. kerület, Kőbánya - Újhegyi lakótelep",Újhegy,75500000.0,75.5,75500.0,1110294.1176470588,18.13964321421925,13.920135509043146,0,68.0,69.5,3.0,3,0,0,1,0,1,0,1,0,0,38.0,,,0,,,0,,,0,0,0,https://ingatlan.com/35506808,"Eladó panel lakás - Budapest X. kerület, Kőbánya - Újhegyi lakótelep #35506808",1108,Budapest,Kőbánya - Újhegyi lakótelep,,jó állapotú,Panel lakás,1988.0,30-60 év (panel-korszak),3.0,3.0,0.0,3 szoba,22.666666666666668,3,3.0,,0,távfűtés,,1,0,0,0,D,,,,nincs megadva,,,Ingatlaniroda,,1477.0,4.0,,,,,,,,,0,0,0,,0,0,0,,0,0,,0,0,0,,0,0,0,,,,,0,0,0,,0,0,0,,0,0,0,,0,0,0,,0,0,0,,,,,,
35506813,elado,"Budapest X. kerület, Felsőrákos",Felsőrákos,64900000.0,64.9,64900.0,1224528.3018867925,17.988358181674318,14.018066268122197,0,53.0,55.0,2.0,2,1,0,1,0,1,0,1,0,0,58.0,47.4953772,19.1746318,0,636.9,500-1000 m,0,,,0,0,0,https://ingatlan.com/35506813,"Eladó panel lakás - Budapest X. kerület, Felsőrákos #35506813",1106,Budapest,Felsőrákos,,közepes állapotú,Panel lakás,1968.0,30-60 év (panel-korszak),4.0,2.0,0.0,2 szoba,26.5,9,9.0,,0,távfűtés,,1,0,0,0,D,,,,nincs megadva,,,Ingatlaniroda,,2227.0,4.0,,,,,,,,,0,0,0,,0,0,0,,0,0,,0,0,0,,0,0,0,,,,,0,0,0,,0,0,0,,0,0,0,,0,0,0,,0,0,0,,,,,,
35506816,elado,"Budapest X. kerület, Kőbánya - Újhegy",Újhegy,65000000.0,65.0,65000.0,955882.3529411765,17.98989782785991,13.770390122683805,0,68.0,69.5,3.0,2,1,0,1,0,1,0,1,0,0,58.0,47.4691191,19.1617088,0,816.1,500-1000 m,0,,,0,0,0,https://ingatlan.com/35506816,"Eladó panel lakás - Budapest X. kerület, Kőbánya - Újhegy #35506816",1108,Budapest,Kőbánya - Újhegy,,közepes állapotú,Panel lakás,1968.0,30-60 év (panel-korszak),3.0,3.0,0.0,3 szoba,22.666666666666668,6,6.0,,0,távfűtés,,1,0,0,0,D,,,,nincs megadva,,,Ingatlaniroda,,1358.0,4.0,,,,,,,,,0,0,0,,0,0,0,,0,0,,0,0,0,,0,0,0,,,,,0,0,0,,0,0,0,,0,0,0,,0,0,0,,0,0,0,,,,,,
35507134,elado,"Budapest X. kerület, Hang utca",Újhegy,64500000.0,64.5,64500.0,1151785.7142857143,17.982175781766,13.956824091030851,0,56.0,57.25,2.0,4,0,0,1,0,1,1,1,0,0,58.0,47.4709562,19.1664476,0,1058.9,1000-2000 m,0,,,0,0,0,https://ingatlan.com/35507134,"Eladó panel lakás - Budapest X. kerület, Hang utca #35507134",1108,Budapest,Hang utca,,felújított,Panel lakás,1968.0,30-60 év (panel-korszak),2.5,2.0,0.0,2 szoba,28.0,1,1.0,10.0,0,"távfűtés, hűtő-fűtő klíma",,1,0,0,0,nincs megadva,,,,nincs megadva,17000.0,,Ingatlaniroda,,1458.0,4.0,,,,,,,,,0,0,0,,0,0,0,,0,0,,0,0,0,,0,0,0,,,,,0,0,0,,0,0,0,,0,0,0,,0,0,0,,0,0,0,,,,,,
35508635,elado,"Budapest X. kerület, Harmat utca",Óhegy,59990000.0,59.99,59990.0,1224285.7142857143,17.909688439629274,14.01786814151865,0,49.0,49.0,2.0,4,0,0,0,0,0,0,0,0,1,38.0,47.4702785,19.1650971,0,1026.1,1000-2000 m,0,,,0,0,0,https://ingatlan.com/35508635,"Eladó csúsztatott zsalus - Budapest X. kerület, Harmat utca #35508635",1104,Budapest,Harmat utca,,felújított,Csúsztatott zsalus lakás,1988.0,30-60 év (panel-korszak),0.0,2.0,0.0,2 szoba,24.5,4,4.0,4.0,0,gáz (konvektor),,0,1,0,0,nincs megadva,,,,nem,14100.0,,Ingatlaniroda,,1501.0,4.0,,,,,,,,,0,0,0,,0,0,0,,0,0,,0,0,0,,0,0,0,,,,,0,0,0,,0,0,0,,0,0,0,,0,0,0,,0,0,0,,,,,,
35508926,elado,"Budapest X. kerület, Kőbánya - Újhegyi lakótelep",Újhegy,69900000.0,69.9,69900.0,1027941.1764705882,18.06257620720404,13.843068502027933,0,68.0,69.5,3.0,3,0,0,1,0,1,0,1,0,0,58.0,,,0,,,0,,,0,0,0,https://ingatlan.com/35508926,"Eladó panel lakás - Budapest X. kerület, Kőbánya - Újhegyi lakótelep #35508926",1108,Budapest,Kőbánya - Újhegyi lakótelep,,jó állapotú,Panel lakás,1968.0,30-60 év (panel-korszak),3.0,3.0,0.0,3 szoba,22.666666666666668,3,3.0,,0,távfűtés,,1,0,0,0,D,,,,nincs megadva,25000.0,,Ingatlaniroda,,2338.0,4.0,,,,,,,,,0,0,0,,0,0,0,,0,0,,0,0,0,,0,0,0,,,,,0,0,0,,0,0,0,,0,0,0,,0,0,0,,0,0,0,,,,,,
35509095,elado,"Budapest X. kerület, Salgótarjáni utca",Laposdűlő,49900000.0,49.9,49900.0,1313157.894736842,17.72553156072175,14.08794540099536,0,38.0,38.0,2.0,3,0,0,0,1,0,0,0,0,0,,47.4904869,19.1193942,0,143.3,<150 m,1,,,0,0,0,https://ingatlan.com/35509095,"Eladó tégla lakás - Budapest X. kerület, Salgótarjáni utca #35509095",1101,Budapest,Salgótarjáni utca,,nincs megadva,Tégla lakás,,Ismeretlen,0.0,2.0,0.0,2 szoba,19.0,nincs megadva,,,0,nincs megadva,,0,0,0,0,nincs megadva,,,,nincs megadva,,,Ingatlaniroda,,366.0,2.0,,,,,,,,,0,0,0,,0,0,0,,0,0,,0,0,0,,0,0,0,,,,,0,0,0,,0,0,0,,0,0,0,,0,0,0,,0,0,0,,,,,,
35509150,elado,"Budapest X. kerület, Kőbánya - Újhegyi lakótelep",Újhegy,69900000.0,69.9,69900.0,1027941.1764705882,18.06257620720404,13.843068502027933,0,68.0,69.5,3.0,3,0,0,1,0,0,0,1,0,0,58.0,,,0,,,0,,,0,0,0,https://ingatlan.com/35509150,"Eladó panel lakás - Budapest X. kerület, Kőbánya - Újhegyi lakótelep #35509150",1108,Budapest,Kőbánya - Újhegyi lakótelep,,jó állapotú,Panel lakás,1968.0,30-60 év (panel-korszak),3.0,3.0,0.0,3 szoba,22.666666666666668,3,3.0,10.0,0,távfűtés,,1,0,0,0,nincs megadva,,,,nincs megadva,25000.0,,Ingatlaniroda,,1958.0,4.0,,,,,,,,,0,0,0,,0,0,0,,0,0,,0,0,0,,0,0,0,,,,,0,0,0,,0,0,0,,0,0,0,,0,0,0,,0,0,0,,,,,,
35509556,elado,"Budapest X. kerület, Kőbánya - Óhegy",Óhegy,64900000.0,64.9,64900.0,1158928.5714285714,17.988358181674318,13.963006490939168,0,56.0,60.1,3.0,3,0,0,0,1,0,1,1,0,1,38.0,47.4820541,19.132346,0,297.2,150-300 m,0,,,0,0,0,https://ingatlan.com/35509556,"Eladó tégla lakás - Budapest X. kerület, Kőbánya - Óhegy #35509556",1103,Budapest,Kőbánya - Óhegy,,jó állapotú,Tégla lakás,1988.0,30-60 év (panel-korszak),8.2,3.0,0.0,3 szoba,18.666666666666668,2,2.0,2.0,0,"gázkazán, hűtő-fűtő klíma",,0,1,0,0,E,,,,igen,31000.0,,Ingatlaniroda,,2322.0,4.0,,,,,,,,,0,0,0,,0,0,0,,0,0,,0,0,0,,0,0,0,,,,,0,0,0,,0,0,0,,0,0,0,,0,0,0,,0,0,0,,,,,,
35509925,elado,"Budapest X. kerület, Szőlővirág utca",Újhegy,69900000.0,69.9,69900.0,1027941.1764705882,18.06257620720404,13.843068502027933,0,68.0,68.0,3.0,4,0,0,1,0,1,0,0,0,0,,47.4698302,19.1644925,0,963.9,500-1000 m,0,,,0,0,0,https://ingatlan.com/35509925,"Eladó panel lakás - Budapest X. kerület, Szőlővirág utca #35509925",1108,Budapest,Szőlővirág utca,,felújított,Panel lakás,,Ismeretlen,0.0,3.0,0.0,3 szoba,22.666666666666668,3,3.0,10.0,0,távfűtés,,1,0,0,0,nincs megadva,,,,nincs megadva,,,Ingatlaniroda,,2301.0,4.0,,,,,,,,,0,0,0,,0,0,0,,0,0,,0,0,0,,0,0,0,,,,,0,0,0,,0,0,0,,0,0,0,,0,0,0,,0,0,0,,,,,,
35510012,elado,"Budapest X. kerület, Vaspálya utca",Óhegy,54900000.0,54.9,54900.0,1076470.5882352942,17.82102390647976,13.889198273755433,0,51.0,53.5,2.0,3,0,0,0,1,0,1,1,0,0,58.0,47.4753474,19.1335152,0,31.7,<150 m,1,,,0,0,0,https://ingatlan.com/35510012,"Eladó tégla lakás - Budapest X. kerület, Vaspálya utca #35510012",1103,Budapest,Vaspálya utca,,jó állapotú,Tégla lakás,1968.0,30-60 év (panel-korszak),5.0,2.0,0.0,2 szoba,25.5,3,3.0,4.0,0,"gázkazán, hűtő-fűtő klíma",,0,1,0,0,nincs megadva,,,,nincs megadva,22000.0,,Ingatlaniroda,,3418.0,4.0,,,,,,,,,0,0,0,,0,0,0,,0,0,,0,0,0,,0,0,0,,,,,0,0,0,,0,0,0,,0,0,0,,0,0,0,,0,0,0,,,,,,
35510170,elado,"Budapest X. kerület, Kőrösi Csoma Sándor út",Kőbánya-Városközpont,73900000.0,73.9,73900.0,1154687.5,18.11822338591843,13.959340302558758,0,64.0,64.0,3.0,3,0,0,1,0,1,0,0,0,0,,47.4865004,19.1327222,0,533.8,500-1000 m,0,,,0,0,0,https://ingatlan.com/35510170,"Eladó panel lakás - Budapest X. kerület, Kőrösi Csoma Sándor út #35510170",1102,Budapest,Kőrösi Csoma Sándor út,,jó állapotú,Panel lakás,,Ismeretlen,0.0,3.0,0.0,3 szoba,21.333333333333332,2,2.0,,0,távfűtés,,1,0,0,0,nincs megadva,,,,nincs megadva,15801.0,,Ingatlaniroda,,776.0,4.0,,,,,,,,,0,0,0,,0,0,0,,0,0,,0,0,0,,0,0,0,,,,,0,0,0,,0,0,0,,0,0,0,,0,0,0,,0,0,0,,,,,,
35510503,elado,"Budapest X. kerület, Tóvirág utca",Újhegy,62900000.0,62.9,62900.0,925000.0,17.957056721670668,13.737549016494562,0,68.0,70.0,3.0,1,1,0,1,0,1,0,1,1,0,58.0,47.4691728,19.1643295,0,891.4,500-1000 m,0,,,0,0,0,https://ingatlan.com/35510503,"Eladó panel lakás - Budapest X. kerület, Tóvirág utca #35510503",1108,Budapest,Tóvirág utca,,felújítandó,Panel lakás,1968.0,30-60 év (panel-korszak),4.0,3.0,0.0,3 szoba,22.666666666666668,földszint,0.0,10.0,0,távfűtés egyedi méréssel,,1,0,0,0,C,,,,nincs megadva,,,Ingatlaniroda,,769.0,4.0,,,,,,,,,0,0,0,,0,0,0,,0,0,,0,0,0,,0,0,0,,,,,0,0,0,,0,0,0,,0,0,0,,0,0,0,,0,0,0,,,,,,
35510576,elado,"Budapest X. kerület, Szőlővirág utca",Újhegy,75500000.0,75.5,75500.0,1110294.1176470588,18.13964321421925,13.920135509043146,0,68.0,69.5,3.0,3,0,0,1,0,1,0,1,0,0,38.0,47.4698302,19.1644925,0,963.9,500-1000 m,0,,,0,0,0,https://ingatlan.com/35510576,"Eladó panel lakás - Budapest X. kerület, Szőlővirág utca #35510576",1108,Budapest,Szőlővirág utca,,jó állapotú,Panel lakás,1988.0,30-60 év (panel-korszak),3.0,3.0,0.0,3 szoba,22.666666666666668,3,3.0,,0,távfűtés,,1,0,0,0,nincs megadva,,,,nincs megadva,,,Ingatlaniroda,,1633.0,4.0,,,,,,,,,0,0,0,,0,0,0,,0,0,,0,0,0,,0,0,0,,,,,0,0,0,,0,0,0,,0,0,0,,0,0,0,,0,0,0,,,,,,
35510717,elado,"Budapest X. kerület, Harmat utca",Óhegy,74900000.0,74.9,74900.0,1528571.4285714286,18.13166444848745,14.239844150376822,0,49.0,49.0,2.0,4,0,0,0,0,0,0,0,0,1,,47.4702785,19.1650971,0,1026.1,1000-2000 m,0,,,0,0,0,https://ingatlan.com/35510717,"Eladó csúsztatott zsalus - Budapest X. kerület, Harmat utca #35510717",1104,Budapest,Harmat utca,,felújított,Csúsztatott zsalus lakás,,Ismeretlen,0.0,2.0,0.0,2 szoba,24.5,4,4.0,4.0,0,gáz (konvektor),,0,1,0,0,nincs megadva,,,,nincs megadva,14000.0,,Ingatlaniroda,,2493.0,4.0,,,,,,,,,0,0,0,,0,0,0,,0,0,,0,0,0,,0,0,0,,,,,0,0,0,,0,0,0,,0,0,0,,0,0,0,,0,0,0,,,,,,
35511064,elado,"Budapest X. kerület, Kőbánya - Újhegyi lakótelep",Újhegy,69900000.0,69.9,69900.0,1027941.1764705882,18.06257620720404,13.843068502027933,0,68.0,69.5,3.0,3,0,0,1,0,1,0,1,0,0,58.0,,,0,,,0,,,0,0,0,https://ingatlan.com/35511064,"Eladó panel lakás - Budapest X. kerület, Kőbánya - Újhegyi lakótelep #35511064",1108,Budapest,Kőbánya - Újhegyi lakótelep,,jó állapotú,Panel lakás,1968.0,30-60 év (panel-korszak),3.0,3.0,0.0,3 szoba,22.666666666666668,3,3.0,,0,távfűtés,,1,0,0,0,nincs megadva,,,,nincs megadva,25000.0,,Ingatlaniroda,,2445.0,4.0,,,,,,,,,0,0,0,,0,0,0,,0,0,,0,0,0,,0,0,0,,,,,0,0,0,,0,0,0,,0,0,0,,0,0,0,,0,0,0,,,,,,
35511200,elado,"Budapest X. kerület, Kőbánya - Óhegy",Óhegy,56900000.0,56.9,56900.0,1161224.4897959183,17.85680589909656,13.964985600985933,0,49.0,51.5,2.0,4,0,0,0,1,0,0,1,1,0,58.0,47.4820541,19.132346,0,297.2,150-300 m,0,,,0,0,0,https://ingatlan.com/35511200,"Eladó tégla lakás - Budapest X. kerület, Kőbánya - Óhegy #35511200",1103,Budapest,Kőbánya - Óhegy,,felújított,Tégla lakás,1968.0,30-60 év (panel-korszak),5.0,2.0,0.0,2 szoba,24.5,földszint,0.0,3.0,0,gáz (konvektor),,0,1,0,0,nincs megadva,,,,nem,,,Ingatlaniroda,,3340.0,4.0,,,,,,,,,0,0,0,,0,0,0,,0,0,,0,0,0,,0,0,0,,,,,0,0,0,,0,0,0,,0,0,0,,0,0,0,,0,0,0,,,,,,
35511249,elado,"Budapest X. kerület, Kőbánya - Újhegyi lakótelep",Újhegy,69900000.0,69.9,69900.0,1027941.1764705882,18.06257620720404,13.843068502027933,0,68.0,69.5,3.0,3,0,0,1,0,1,1,1,0,0,38.0,,,0,,,0,,,0,0,0,https://ingatlan.com/35511249,"Eladó panel lakás - Budapest X. kerület, Kőbánya - Újhegyi lakótelep #35511249",1108,Budapest,Kőbánya - Újhegyi lakótelep,,jó állapotú,Panel lakás,1988.0,30-60 év (panel-korszak),3.0,3.0,0.0,3 szoba,22.666666666666668,3,3.0,10.0,0,távfűtés,,1,0,0,0,nincs megadva,,,,nincs megadva,25.0,,Ingatlaniroda,,2301.0,4.0,,,,,,,,,0,0,0,,0,0,0,,0,0,,0,0,0,,0,0,0,,,,,0,0,0,,0,0,0,,0,0,0,,0,0,0,,0,0,0,,,,,,
35511383,elado,"Budapest X. kerület, Óhegy park",Óhegy,59900000.0,59.9,59900.0,1222448.9795918367,17.908187063085677,14.016366764975052,0,49.0,49.0,2.0,2,1,0,0,0,0,0,0,0,0,58.0,,,0,,,0,,,0,0,0,https://ingatlan.com/35511383,"Eladó csúsztatott zsalus - Budapest X. kerület, Óhegy park #35511383",1105,Budapest,Óhegy park,,közepes állapotú,Csúsztatott zsalus lakás,1968.0,30-60 év (panel-korszak),0.0,2.0,0.0,2 szoba,24.5,nincs megadva,,4.0,0,gáz (konvektor),,0,1,0,0,G,,,,nem,14100.0,,Ingatlaniroda,,1440.0,4.0,,,,,,,,,0,0,0,,0,0,0,,0,0,,0,0,0,,0,0,0,,,,,0,0,0,,0,0,0,,0,0,0,,0,0,0,,0,0,0,,,,,,
35511814,elado,"Budapest X. kerület, Salgótarjáni utca",Laposdűlő,52900000.0,52.9,52900.0,1392105.2631578948,17.783913896828526,14.146327737102142,0,38.0,38.0,2.0,4,0,0,0,1,0,1,0,0,1,,47.4904869,19.1193942,0,143.3,<150 m,1,,,0,0,0,https://ingatlan.com/35511814,"Eladó tégla lakás - Budapest X. kerület, Salgótarjáni utca #35511814",1101,Budapest,Salgótarjáni utca,,felújított,Tégla lakás,,Ismeretlen,0.0,2.0,0.0,2 szoba,19.0,4,4.0,4.0,0,elektromos fűtőpanel,,0,0,0,0,nincs megadva,,,,nincs megadva,14.0,,Ingatlaniroda,,1693.0,4.0,,,,,,,,,0,0,0,,0,0,0,,0,0,,0,0,0,,0,0,0,,,,,0,0,0,,0,0,0,,0,0,0,,0,0,0,,0,0,0,,,,,,
35511835,elado,"Budapest X. kerület, Gergely utca",Óhegy,44500000.0,44.5,44500.0,1534482.7586206896,17.610999747136468,14.243703917149995,0,29.0,29.0,1.0,4,0,0,1,0,0,0,0,0,0,,47.4702816,19.1514579,0,666.5,500-1000 m,0,,,0,0,0,https://ingatlan.com/35511835,"Eladó panel lakás - Budapest X. kerület, Gergely utca #35511835",1103,Budapest,Gergely utca,,felújított,Panel lakás,,Ismeretlen,0.0,1.0,0.0,1 szoba,29.0,1,1.0,4.0,0,távfűtés egyedi méréssel,,1,0,0,0,nincs megadva,,,,nincs megadva,10996.0,,Ingatlaniroda,,1895.0,4.0,,,,,,,,,0,0,0,,0,0,0,,0,0,,0,0,0,,0,0,0,,,,,0,0,0,,0,0,0,,0,0,0,,0,0,0,,0,0,0,,,,,,
35512364,elado,"Budapest X. kerület, Kőrösi Csoma Sándor út 28.",Kőbánya-Városközpont,32890000.0,32.89,32890.0,1174642.857142857,17.30867921816524,13.976474707990036,0,28.0,28.0,1.0,3,0,0,1,0,0,0,0,0,0,,,,0,,,0,,,0,0,0,https://ingatlan.com/35512364,"Eladó panel lakás - Budapest X. kerület, Kőrösi Csoma Sándor út #35512364",1102,Budapest,Kőrösi Csoma Sándor út,28,nincs megadva,Panel lakás,,Ismeretlen,0.0,1.0,0.0,1 szoba,28.0,nincs megadva,,,0,nincs megadva,,0,0,0,0,nincs megadva,,,,nincs megadva,,,Ingatlaniroda,,147.0,2.0,,,,,,,,,0,0,0,,0,0,0,,0,0,,0,0,0,,0,0,0,,,,,0,0,0,,0,0,0,,0,0,0,,0,0,0,,0,0,0,,,,,,
35512428,elado,"Budapest X. kerület, Szőlőhegy utca 12.",Óhegy,34900000.0,34.9,34900.0,1292592.5925925926,17.367997387172654,14.072160521168326,0,27.0,27.0,1.0,2,1,0,0,1,0,0,0,0,0,38.0,47.481045,19.150641,1,879.0,500-1000 m,0,2054.8,27.4,0,0,0,https://ingatlan.com/35512428,"Eladó tégla lakás - Budapest X. kerület, Szőlőhegy utca 12. #35512428",1104,Budapest,Szőlőhegy utca,12,közepes állapotú,Tégla lakás,1988.0,30-60 év (panel-korszak),0.0,1.0,0.0,1 szoba,27.0,1,1.0,4.0,0,házközponti,,0,0,0,0,nincs megadva,,,,nem,10.0,15000.0,Ingatlaniroda,,218.0,4.0,,,,,,,,,0,0,0,629.0,0,1,1,124.9,1,1,629.0,0,1,1,435.4,0,1,1,3.0,22.0,52.0,1347.6,0,0,0,1599.0,0,0,0,255.7,1,1,1,485.1,0,1,1,1154.6,0,0,0,Kőbánya alsó,,Kocka utca,Vörösdinka utca,Szabadidőpark,villamos
35512541,elado,"Budapest X. kerület, Kelemen utca",Óhegy,75800000.0,75.8,75800.0,842222.2222222222,18.1436088506126,13.643799180282334,0,90.0,94.0,3.0,1,1,0,0,1,0,0,1,0,1,38.0,47.4771115,19.1336161,0,125.3,<150 m,1,,,0,0,0,https://ingatlan.com/35512541,"Eladó tégla lakás - Budapest X. kerület, Kelemen utca #35512541",1103,Budapest,Kelemen utca,,felújítandó,Tégla lakás,1988.0,30-60 év (panel-korszak),8.0,3.0,0.0,3 szoba,30.0,3,3.0,3.0,0,gázkazán,,0,1,0,0,nincs megadva,,,,nincs megadva,13580.0,50000.0,Ingatlaniroda,,2131.0,4.0,,,,,,,,,0,0,0,,0,0,0,,0,0,,0,0,0,,0,0,0,,,,,0,0,0,,0,0,0,,0,0,0,,0,0,0,,0,0,0,,,,,,
35512653,elado,"Budapest X. kerület, Gyógyszergyári utca",Felsőrákos,77000000.0,77.0,77000.0,1711111.111111111,18.159315979817958,14.352653490047638,0,45.0,50.5,2.0,5,0,1,0,1,1,1,1,0,0,0.0,47.4994212,19.1493566,0,351.7,300-500 m,0,,,0,0,0,https://ingatlan.com/35512653,"Eladó tégla lakás - Budapest X. kerület, Gyógyszergyári utca #35512653",1106,Budapest,Gyógyszergyári utca,,újszerű,Tégla lakás,2026.0,Új építésű (2025+),11.0,2.0,0.0,2 szoba,22.5,nincs megadva,,,0,távfűtés egyedi méréssel,,1,0,0,0,nincs megadva,,,,nem,,,Ingatlaniroda,,1221.0,4.0,,,,,,,,,0,0,0,,0,0,0,,0,0,,0,0,0,,0,0,0,,,,,0,0,0,,0,0,0,,0,0,0,,0,0,0,,0,0,0,,,,,,
35513329,elado,"Budapest X. kerület, Kada utca 24.",Óhegy,33500000.0,33.5,33500.0,858974.358974359,17.327055996795295,13.663494350665648,0,39.0,39.0,2.0,1,1,0,0,1,0,0,0,1,0,96.0,47.472003,19.142399,1,454.7,300-500 m,0,1592.8,21.2,0,0,0,https://ingatlan.com/35513329,"Eladó tégla lakás - Budapest X. kerület, Kada utca 24. #35513329",1106,Budapest,Kada utca,24,felújítandó,Tégla lakás,1930.0,60+ év (háború előtti),0.0,2.0,0.0,2 szoba,19.5,földszint,0.0,0.0,0,gáz (konvektor),,0,1,0,0,I,,,,igen,14.0,,Ingatlaniroda,,853.0,2.0,,,,,,,,1598.7,0,0,0,1567.2,0,0,0,258.7,1,1,1567.2,0,0,0,486.3,0,1,1,6.0,28.0,43.0,1568.1,0,0,0,,0,0,0,629.6,0,1,1,777.8,0,0,1,2017.2,0,0,0,Kőbánya-Kispest,,Kápolna utca,Gyömrői út,Névtelen zöldfelület / park,villamos
35513612,elado,"Budapest X. kerület, Kőbánya - Óhegy",Óhegy,78900000.0,78.9,78900.0,1066216.2162162163,18.1836917858161,13.879626692611932,0,74.0,74.5,3.0,3,0,0,1,0,0,1,1,1,0,38.0,47.4820541,19.132346,0,297.2,150-300 m,0,,,0,0,0,https://ingatlan.com/35513612,"Eladó csúsztatott zsalus - Budapest X. kerület, Kőbánya - Óhegy #35513612",1103,Budapest,Kőbánya - Óhegy,,jó állapotú,Panel lakás,1988.0,30-60 év (panel-korszak),1.0,3.0,0.0,3 szoba,24.666666666666668,földszint,0.0,4.0,0,"távfűtés, hűtő-fűtő klíma",,1,0,0,0,B,,,,nem,20700.0,15000.0,Ingatlaniroda,,1899.0,4.0,,,,,,,,,0,0,0,,0,0,0,,0,0,,0,0,0,,0,0,0,,,,,0,0,0,,0,0,0,,0,0,0,,0,0,0,,0,0,0,,,,,,
35513622,elado,"Budapest X. kerület, Gyógyszergyári utca 8.",Felsőrákos,89900000.0,89.9,89900.0,1362121.2121212122,18.31420849944185,14.124553757415423,0,66.0,74.0,3.0,3,0,0,0,1,1,1,1,0,0,0.0,47.49801,19.142693,1,553.3,500-1000 m,0,1194.2,15.9,0,0,0,https://ingatlan.com/35513622,"Eladó tégla lakás - Budapest X. kerület, Gyógyszergyári utca 8. #35513622",1106,Budapest,Gyógyszergyári utca,8,nincs megadva,Tégla lakás,2026.0,Új építésű (2025+),16.0,3.0,0.0,3 szoba,22.0,1,1.0,5.0,0,"távfűtés egyedi méréssel, padlófűtés",,1,0,0,0,A+,,,,nem,70000.0,3000.0,Ingatlaniroda,,2662.0,4.0,,,,,,,,1096.3,0,0,1,463.5,0,1,1,724.5,0,1,463.5,0,1,1,600.2,0,1,1,0.0,7.0,52.0,1212.4,0,0,0,1747.4,0,0,0,1044.5,0,0,1,837.3,0,0,1,1098.3,0,0,1,Örs vezér tere,,Kincsem lakópark,Fehér úti ipari park,Erdélyi emlékkert,villamos
35513762,elado,"Budapest X. kerület, Harmat utca",Óhegy,74000000.0,74.0,74000.0,1088235.294117647,18.119575651168443,13.900067945992337,0,68.0,69.5,3.0,3,0,0,1,0,0,0,1,0,0,,47.4702785,19.1650971,0,1026.1,1000-2000 m,0,,,0,0,0,https://ingatlan.com/35513762,"Eladó panel lakás - Budapest X. kerület, Harmat utca #35513762",1104,Budapest,Harmat utca,,nincs megadva,Panel lakás,,Ismeretlen,3.0,3.0,0.0,3 szoba,22.666666666666668,nincs megadva,,,0,nincs megadva,,0,0,0,0,nincs megadva,,,,nincs megadva,,,Ingatlaniroda,,1301.0,2.0,,,,,,,,,0,0,0,,0,0,0,,0,0,,0,0,0,,0,0,0,,,,,0,0,0,,0,0,0,,0,0,0,,0,0,0,,0,0,0,,,,,,
35514148,elado,"Budapest X. kerület, Kőbánya-Kertváros",Kőbánya-Kertváros,42900000.0,42.9,42900.0,893750.0,17.574382383898246,13.703181372990354,0,48.0,49.5,2.0,1,1,0,0,1,0,0,1,0,0,58.0,47.4826961,19.2002952,0,91.9,<150 m,1,,,0,0,0,https://ingatlan.com/35514148,"Eladó tégla lakás - Budapest X. kerület, Kőbánya-Kertváros #35514148",1106,Budapest,Kőbánya-Kertváros,,felújítandó,Tégla lakás,1968.0,30-60 év (panel-korszak),3.0,2.0,0.0,2 szoba,24.0,2,2.0,3.0,0,"elektromos fűtőpanel, gáz (konvektor)",,0,1,0,0,nincs megadva,,,,nem,,,Ingatlaniroda,,828.0,4.0,,,,,,,,,0,0,0,,0,0,0,,0,0,,0,0,0,,0,0,0,,,,,0,0,0,,0,0,0,,0,0,0,,0,0,0,,0,0,0,,,,,,
35514171,elado,"Budapest X. kerület, Felsőrákos",Felsőrákos,124900000.0,124.9,124900.0,1212621.359223301,18.643023975095804,14.00829498686617,0,103.0,103.0,4.0,5,0,1,0,1,0,1,0,0,0,6.0,47.4953772,19.1746318,0,636.9,500-1000 m,0,,,0,0,0,https://ingatlan.com/35514171,"Eladó tégla lakás - Budapest X. kerület, Felsőrákos #35514171",1106,Budapest,Felsőrákos,,újszerű,Tégla lakás,2020.0,0-10 év,0.0,4.0,0.0,4+ szoba,25.75,1,1.0,,0,gázkazán,,0,1,0,0,C,,,,igen,,,Ingatlaniroda,,2024.0,4.0,,,,,,,,,0,0,0,,0,0,0,,0,0,,0,0,0,,0,0,0,,,,,0,0,0,,0,0,0,,0,0,0,,0,0,0,,0,0,0,,,,,,
35514380,elado,"Budapest X. kerület, Alkér utca",Óhegy,28900000.0,28.9,28900.0,903125.0,17.17935215308266,13.713616250282934,0,32.0,32.0,1.0,1,1,0,0,1,0,0,0,1,0,,47.4771294,19.1467211,0,1008.6,1000-2000 m,0,,,0,0,0,https://ingatlan.com/35514380,"Eladó tégla lakás - Budapest X. kerület, Alkér utca #35514380",1104,Budapest,Alkér utca,,felújítandó,Tégla lakás,,Ismeretlen,0.0,1.0,0.0,1 szoba,32.0,földszint,0.0,0.0,0,nincs megadva,,0,0,0,0,nincs megadva,,,,igen,17000.0,,Ingatlaniroda,,778.0,4.0,,,,,,,,,0,0,0,,0,0,0,,0,0,,0,0,0,,0,0,0,,,,,0,0,0,,0,0,0,,0,0,0,,0,0,0,,0,0,0,,,,,,
35514420,elado,"Budapest X. kerület, Gőzmozdony utca 12.",Újhegy,65000000.0,65.0,65000.0,1181818.1818181819,17.98989782785991,13.982564642627441,0,55.0,55.0,2.0,2,1,0,1,0,1,0,0,0,0,58.0,47.468282,19.158879,1,655.0,500-1000 m,0,1193.5,15.9,0,0,0,https://ingatlan.com/35514420,"Eladó panel lakás - Budapest X. kerület, Gőzmozdony utca 12. #35514420",1108,Budapest,Gőzmozdony utca,12,közepes állapotú,Panel lakás,1968.0,30-60 év (panel-korszak),0.0,2.0,0.0,2 szoba,27.5,5,5.0,10.0,0,távfűtés egyedi méréssel,,1,0,0,0,E,,,,nem,18700.0,,Ingatlaniroda,,562.0,2.0,,,,,,,,1199.5,0,0,0,1334.4,0,0,0,182.1,1,1,1193.5,0,0,0,243.4,1,1,1,8.0,32.0,57.0,,0,0,0,,0,0,0,193.2,1,1,1,365.5,1,1,1,1553.3,0,0,0,Kőbánya-Kispest,,Venyige utca,Bányató utca,Gőzmozdony park,vasut
35515659,elado,"Budapest X. kerület, Kőbánya - Óhegy",Óhegy,159000000.0,159.0,159000.0,1067114.0939597315,18.884414760184505,13.880468454239047,0,149.0,149.0,4.0,4,0,0,0,1,0,0,0,1,0,96.0,47.4820541,19.132346,0,297.2,150-300 m,0,,,0,0,0,https://ingatlan.com/35515659,"Eladó tégla lakás - Budapest X. kerület, Kőbánya - Óhegy #35515659",1103,Budapest,Kőbánya - Óhegy,,felújított,Tégla lakás,1930.0,60+ év (háború előtti),0.0,4.0,0.0,4+ szoba,37.25,földszint,0.0,,0,gázkazán,,0,1,0,0,nincs megadva,,,,nincs megadva,,,Ingatlaniroda,,2231.0,4.0,,,,,,,,,0,0,0,,0,0,0,,0,0,,0,0,0,,0,0,0,,,,,0,0,0,,0,0,0,,0,0,0,,0,0,0,,0,0,0,,,,,,
35515814,elado,"Budapest X. kerület, Kőbánya - Óhegyi lakótelep",Óhegy,64900000.0,64.9,64900.0,1158928.5714285714,17.988358181674318,13.963006490939168,0,56.0,60.0,3.0,3,0,0,0,1,0,1,1,0,0,38.0,47.4752666,19.1504781,0,1096.5,1000-2000 m,0,,,0,0,0,https://ingatlan.com/35515814,"Eladó tégla lakás - Budapest X. kerület, Kőbánya - Óhegyi lakótelep #35515814",1103,Budapest,Kőbánya - Óhegyi lakótelep,,jó állapotú,Tégla lakás,1988.0,30-60 év (panel-korszak),8.0,3.0,0.0,3 szoba,18.666666666666668,2,2.0,,0,gázkazán,,0,1,0,0,D,,,,nincs megadva,31000.0,,Ingatlaniroda,,2363.0,4.0,,,,,,,,,0,0,0,,0,0,0,,0,0,,0,0,0,,0,0,0,,,,,0,0,0,,0,0,0,,0,0,0,,0,0,0,,0,0,0,,,,,,
35515915,elado,"Budapest X. kerület, Salgótarjáni utca",Laposdűlő,52900000.0,52.9,52900.0,1392105.2631578948,17.783913896828526,14.146327737102142,0,38.0,38.0,2.0,3,0,0,0,1,0,0,0,0,0,96.0,47.4904869,19.1193942,0,143.3,<150 m,1,,,0,0,0,https://ingatlan.com/35515915,"Eladó tégla lakás - Budapest X. kerület, Salgótarjáni utca #35515915",1101,Budapest,Salgótarjáni utca,,jó állapotú,Tégla lakás,1930.0,60+ év (háború előtti),0.0,2.0,0.0,2 szoba,19.0,4,4.0,,0,nincs megadva,,0,0,0,0,nincs megadva,,,,nincs megadva,14000.0,,Ingatlaniroda,,952.0,4.0,,,,,,,,,0,0,0,,0,0,0,,0,0,,0,0,0,,0,0,0,,,,,0,0,0,,0,0,0,,0,0,0,,0,0,0,,0,0,0,,,,,,
35515946,elado,"Budapest X. kerület, Bihari utca 16.",Gyárdűlő,35000000.0,35.0,35000.0,853658.5365853659,17.37085861945369,13.65728655274938,0,41.0,41.0,1.0,4,0,0,0,1,0,0,0,1,0,,47.4794,19.12421,1,255.6,150-300 m,0,594.3,7.9,0,1,1,https://ingatlan.com/35515946,"Eladó tégla lakás - Budapest X. kerület, Bihari utca 16. #35515946",1107,Budapest,Bihari utca,16,felújított,Tégla lakás,,Ismeretlen,0.0,1.0,0.0,1 szoba,41.0,földszint,0.0,2.0,0,nincs megadva,,0,0,0,0,nincs megadva,,,,nincs megadva,,,Ingatlaniroda,,805.0,2.0,,,,,,,,1383.7,0,0,0,73.1,1,1,1,82.1,1,1,73.1,1,1,1,730.3,0,1,1,8.0,53.0,91.0,629.6,0,1,1,1522.7,0,0,0,42.1,1,1,1,736.0,0,1,1,1912.1,0,0,0,Kőbánya alsó,,Kocsis Sándor Sportközpont,,Hargitai sétányi park,villamos
35515957,elado,"Budapest X. kerület, Salgótarjáni utca",Laposdűlő,52900000.0,52.9,52900.0,1392105.2631578948,17.783913896828526,14.146327737102142,0,38.0,38.0,2.0,4,0,0,0,1,0,0,0,0,0,58.0,47.4904869,19.1193942,0,143.3,<150 m,1,,,0,0,0,https://ingatlan.com/35515957,"Eladó tégla lakás - Budapest X. kerület, Salgótarjáni utca #35515957",1101,Budapest,Salgótarjáni utca,,felújított,Tégla lakás,1968.0,30-60 év (panel-korszak),0.0,2.0,0.0,2 szoba,19.0,4,4.0,,0,egyéb,,0,0,0,0,nincs megadva,,,,nincs megadva,,,Ingatlaniroda,,1970.0,4.0,,,,,,,,,0,0,0,,0,0,0,,0,0,,0,0,0,,0,0,0,,,,,0,0,0,,0,0,0,,0,0,0,,0,0,0,,0,0,0,,,,,,
35516208,elado,"Budapest X. kerület, Kőbánya - Óhegy",Óhegy,84900000.0,84.9,84900.0,1286363.6363636365,18.256984651281577,14.06732990925515,0,66.0,66.0,3.0,4,0,0,0,1,0,0,0,0,0,,47.4820541,19.132346,0,297.2,150-300 m,0,,,0,0,0,https://ingatlan.com/35516208,"Eladó tégla lakás - Budapest X. kerület, Kőbánya - Óhegy #35516208",1103,Budapest,Kőbánya - Óhegy,,felújított,Tégla lakás,,Ismeretlen,0.0,3.0,0.0,3 szoba,22.0,1,1.0,4.0,0,gázkazán,,0,1,0,0,nincs megadva,,,,nincs megadva,,,Ingatlaniroda,,956.0,4.0,,,,,,,,,0,0,0,,0,0,0,,0,0,,0,0,0,,0,0,0,,,,,0,0,0,,0,0,0,,0,0,0,,0,0,0,,0,0,0,,,,,,
35516234,elado,"Budapest X. kerület, Fokos utca",Gyárdűlő,31000000.0,31.0,31000.0,861111.1111111111,17.24949776244942,13.66597882399331,0,36.0,36.0,1.0,3,0,0,0,1,0,0,0,0,0,,47.4790133,19.1227516,0,156.4,150-300 m,0,,,0,0,0,https://ingatlan.com/35516234,"Eladó tégla lakás - Budapest X. kerület, Fokos utca #35516234",1107,Budapest,Fokos utca,,nincs megadva,Tégla lakás,,Ismeretlen,0.0,1.0,0.0,1 szoba,36.0,nincs megadva,,,0,nincs megadva,,0,0,0,0,nincs megadva,,,,nincs megadva,,,Ingatlaniroda,,681.0,2.0,,,,,,,,,0,0,0,,0,0,0,,0,0,,0,0,0,,0,0,0,,,,,0,0,0,,0,0,0,,0,0,0,,0,0,0,,0,0,0,,,,,,
35516258,elado,"Budapest X. kerület, Bihari utca 5.",Gyárdűlő,51900000.0,51.9,51900.0,1482857.142857143,17.764829348136118,14.209481286646703,0,35.0,35.0,2.0,4,0,0,1,0,1,1,0,0,0,58.0,47.473273,19.11555,1,256.2,150-300 m,0,1533.0,20.4,0,0,0,https://ingatlan.com/35516258,"Eladó panel lakás - Budapest X. kerület, Bihari utca 5. #35516258",1107,Budapest,Bihari utca,5,felújított,Panel lakás,1968.0,30-60 év (panel-korszak),0.0,2.0,0.0,2 szoba,17.5,3,3.0,10.0,0,távfűtés egyedi méréssel,,1,0,0,0,A,,,,nem,7000.0,,Ingatlaniroda,,1676.0,4.0,,,,,,,,461.5,0,1,1,103.0,1,1,1,485.5,0,1,103.0,1,1,1,186.6,1,1,1,4.0,41.0,85.0,1035.1,0,0,1,791.2,0,0,1,391.6,0,1,1,331.7,1,1,1,1009.4,0,0,1,Kőbánya alsó,,Balkán utca,Fertő utca / Bihari utca,Kékvirág park,villamos
35516282,elado,"Budapest X. kerület, Kéknyelű utca",Óhegy,38000000.0,38.0,38000.0,1407407.4074074074,17.45309671769066,14.15725985168633,0,27.0,27.0,1.0,3,0,0,0,1,0,0,0,0,0,,47.4798921,19.1516081,0,841.9,500-1000 m,0,,,0,0,0,https://ingatlan.com/35516282,"Eladó tégla lakás - Budapest X. kerület, Kéknyelű utca #35516282",1104,Budapest,Kéknyelű utca,,jó állapotú,Tégla lakás,,Ismeretlen,0.0,1.0,0.0,1 szoba,27.0,3,3.0,4.0,0,távfűtés,,1,0,0,0,nincs megadva,,,,nincs megadva,6500.0,,Ingatlaniroda,,1783.0,2.0,,,,,,,,,0,0,0,,0,0,0,,0,0,,0,0,0,,0,0,0,,,,,0,0,0,,0,0,0,,0,0,0,,0,0,0,,0,0,0,,,,,,
35516329,elado,"Budapest X. kerület, Kisbacon utca 3.",Laposdűlő,60900000.0,60.9,60900.0,1127777.7777777778,17.924743732680124,13.935759686115851,0,54.0,55.0,2.0,3,0,0,0,1,0,0,1,1,0,38.0,47.486193,19.123621,1,66.9,<150 m,1,524.9,7.0,0,1,1,https://ingatlan.com/35516329,"Eladó tégla lakás - Budapest X. kerület, Kisbacon utca 3. #35516329",1101,Budapest,Kisbacon utca,3,jó állapotú,Tégla lakás,1988.0,30-60 év (panel-korszak),2.0,2.0,0.0,2 szoba,27.0,földszint,0.0,2.0,0,"gáz (konvektor), elektromos fűtőpanel",,0,1,0,0,B,,,,igen,23000.0,20000.0,Ingatlaniroda,,1435.0,4.0,,,,,,,,,0,0,0,416.7,0,1,1,103.3,1,1,416.7,0,1,1,303.3,1,1,1,5.0,47.0,98.0,431.3,0,1,1,874.8,0,0,1,181.5,1,1,1,365.7,1,1,1,2074.9,0,0,0,Kőbánya alsó,,Mázsa utca,Kistorony park,Hargitai sétányi park,villamos
35516491,elado,"Budapest X. kerület, Doba utca",Laposdűlő,42500000.0,42.5,42500.0,1250000.0,17.565014633894645,14.038654109278484,0,34.0,34.0,2.0,2,1,0,0,1,0,0,0,1,0,58.0,47.4869721,19.1223924,0,110.8,<150 m,1,,,0,0,0,https://ingatlan.com/35516491,"Tégla lakás bérleti joga átadó - Budapest X. kerület, Doba utca #35516491",1101,Budapest,Doba utca,,közepes állapotú,Tégla lakás,1968.0,30-60 év (panel-korszak),0.0,2.0,0.0,2 szoba,17.0,földszint,0.0,2.0,0,gáz (konvektor),,0,1,0,0,nincs megadva,,,,igen,,,Ingatlaniroda,,572.0,2.0,,,,,,,,,0,0,0,,0,0,0,,0,0,,0,0,0,,0,0,0,,,,,0,0,0,,0,0,0,,0,0,0,,0,0,0,,0,0,0,,,,,,
35516821,elado,"Budapest X. kerület, Szárnyas utca",Gyárdűlő,41600000.0,41.6,41600.0,1434482.7586206896,17.543610725231492,14.176314895245017,0,29.0,30.5,1.0,3,0,0,0,1,0,0,1,0,0,96.0,47.4688278,19.1202985,0,762.0,500-1000 m,0,,,0,0,0,https://ingatlan.com/35516821,"Eladó tégla lakás - Budapest X. kerület, Szárnyas utca #35516821",1107,Budapest,Szárnyas utca,,jó állapotú,Tégla lakás,1930.0,60+ év (háború előtti),3.0,1.0,0.0,1 szoba,29.0,2,2.0,,0,gáz (konvektor),,0,1,0,0,nincs megadva,,,,nem,,,Ingatlaniroda,,2823.0,4.0,,,,,,,,,0,0,0,,0,0,0,,0,0,,0,0,0,,0,0,0,,,,,0,0,0,,0,0,0,,0,0,0,,0,0,0,,0,0,0,,,,,,
35517000,elado,"Budapest X. kerület, Kőbánya - Újhegy",Újhegy,119000000.0,119.0,119000.0,1416666.6666666667,18.594634051075804,14.16381725223249,0,84.0,104.25,3.0,4,0,0,0,1,1,0,1,0,0,,47.4691191,19.1617088,0,816.1,500-1000 m,0,,,0,0,0,https://ingatlan.com/35517000,"Eladó tégla lakás - Budapest X. kerület, Kőbánya - Újhegy #35517000",1108,Budapest,Kőbánya - Újhegy,,felújított,Tégla lakás,,Ismeretlen,40.5,3.0,0.0,3 szoba,28.0,7,7.0,8.0,0,házközponti,,0,0,0,0,nincs megadva,,,,nem,,,Ingatlaniroda,,1738.0,4.0,,,,,,,,,0,0,0,,0,0,0,,0,0,,0,0,0,,0,0,0,,,,,0,0,0,,0,0,0,,0,0,0,,0,0,0,,0,0,0,,,,,,
35517095,elado,"Budapest X. kerület, Maglódi út",Gyárdűlő,56900000.0,56.9,56900.0,1580555.5555555555,17.85680589909656,14.27328696064045,0,36.0,36.0,1.0,4,0,0,0,1,0,1,0,0,0,58.0,47.4690168,19.1765285,0,1224.6,1000-2000 m,0,,,0,0,0,https://ingatlan.com/35517095,"Eladó tégla lakás - Budapest X. kerület, Maglódi út #35517095",1106,Budapest,Maglódi út,,felújított,Tégla lakás,1968.0,30-60 év (panel-korszak),0.0,1.0,0.0,1 szoba,36.0,1,1.0,3.0,0,hűtő-fűtő klíma,,0,0,0,0,nincs megadva,,,,nincs megadva,13000.0,,Ingatlaniroda,,1115.0,4.0,,,,,,,,,0,0,0,,0,0,0,,0,0,,0,0,0,,0,0,0,,,,,0,0,0,,0,0,0,,0,0,0,,0,0,0,,0,0,0,,,,,,
35518406,elado,"Budapest X. kerület, Gém utca",Gyárdűlő,140000000.0,140.0,140000.0,1686746.9879518072,18.75715298057358,14.338312372776981,0,83.0,88.0,4.0,5,0,1,0,1,1,1,1,0,0,7.0,47.4709565,19.1216348,0,527.2,500-1000 m,0,,,0,0,0,https://ingatlan.com/35518406,"Eladó tégla lakás - Budapest X. kerület, Gém utca #35518406",1107,Budapest,Gém utca,,újszerű,Tégla lakás,2019.0,0-10 év,10.0,4.0,0.0,4+ szoba,20.75,2,2.0,7.0,0,"házközponti egyedi méréssel, hűtő-fűtő klíma",,0,0,0,0,nincs megadva,,,,nem,,,Ingatlaniroda,,2213.0,2.0,,,,,,,,,0,0,0,,0,0,0,,0,0,,0,0,0,,0,0,0,,,,,0,0,0,,0,0,0,,0,0,0,,0,0,0,,0,0,0,,,,,,
35518869,elado,"Budapest X. kerület, Salgótarjáni utca",Laposdűlő,52900000.0,52.9,52900.0,1392105.2631578948,17.783913896828526,14.146327737102142,0,38.0,38.0,2.0,4,0,0,0,1,0,1,0,0,1,58.0,47.4904869,19.1193942,0,143.3,<150 m,1,,,0,0,0,https://ingatlan.com/35518869,"Eladó tégla lakás - Budapest X. kerület, Salgótarjáni utca #35518869",1101,Budapest,Salgótarjáni utca,,felújított,Tégla lakás,1968.0,30-60 év (panel-korszak),0.0,2.0,0.0,2 szoba,19.0,4,4.0,4.0,0,egyéb,,0,0,0,0,nincs megadva,,,,nincs megadva,,,Ingatlaniroda,,719.0,4.0,,,,,,,,,0,0,0,,0,0,0,,0,0,,0,0,0,,0,0,0,,,,,0,0,0,,0,0,0,,0,0,0,,0,0,0,,0,0,0,,,,,,
35518916,elado,"Budapest X. kerület, Kada utca",Óhegy,33500000.0,33.5,33500.0,858974.358974359,17.327055996795295,13.663494350665648,0,39.0,39.0,2.0,2,1,0,0,1,0,0,0,1,0,96.0,47.4725364,19.1432199,0,536.5,500-1000 m,0,,,0,0,0,https://ingatlan.com/35518916,"Eladó tégla lakás - Budapest X. kerület, Kada utca #35518916",1106,Budapest,Kada utca,,közepes állapotú,Tégla lakás,1930.0,60+ év (háború előtti),0.0,2.0,0.0,2 szoba,19.5,földszint,0.0,0.0,0,gáz (konvektor),,0,1,0,0,nincs megadva,,,,igen,13700.0,,Ingatlaniroda,,1772.0,4.0,,,,,,,,,0,0,0,,0,0,0,,0,0,,0,0,0,,0,0,0,,,,,0,0,0,,0,0,0,,0,0,0,,0,0,0,,0,0,0,,,,,,
35519685,elado,"Budapest X. kerület, Agyagfejtő utca",Újhegy,54800000.0,54.8,54800.0,1118367.3469387756,17.819200751918245,13.927380453807617,0,49.0,50.5,2.0,3,0,0,1,0,1,1,1,0,0,58.0,47.4722405,19.1614454,0,894.5,500-1000 m,0,,,0,0,0,https://ingatlan.com/35519685,"Eladó panel lakás - Budapest X. kerület, Agyagfejtő utca #35519685",1108,Budapest,Agyagfejtő utca,,jó állapotú,Panel lakás,1968.0,30-60 év (panel-korszak),3.0,2.0,0.0,2 szoba,24.5,4,4.0,10.0,0,távfűtés,,1,0,0,0,F,,,,nincs megadva,14000.0,,Ingatlaniroda,,1087.0,4.0,,,,,,,,,0,0,0,,0,0,0,,0,0,,0,0,0,,0,0,0,,,,,0,0,0,,0,0,0,,0,0,0,,0,0,0,,0,0,0,,,,,,
35519817,elado,"Budapest X. kerület, Salgótarjáni utca",Laposdűlő,52900000.0,52.9,52900.0,1392105.2631578948,17.783913896828526,14.146327737102142,0,38.0,38.0,2.0,4,0,0,0,1,0,0,0,0,0,58.0,47.4904869,19.1193942,0,143.3,<150 m,1,,,0,0,0,https://ingatlan.com/35519817,"Eladó tégla lakás - Budapest X. kerület, Salgótarjáni utca #35519817",1101,Budapest,Salgótarjáni utca,,felújított,Tégla lakás,1968.0,30-60 év (panel-korszak),0.0,2.0,0.0,2 szoba,19.0,4,4.0,,0,egyéb,,0,0,0,0,nincs megadva,,,,nincs megadva,,,Ingatlaniroda,,689.0,4.0,,,,,,,,,0,0,0,,0,0,0,,0,0,,0,0,0,,0,0,0,,,,,0,0,0,,0,0,0,,0,0,0,,0,0,0,,0,0,0,,,,,,
35520278,elado,"Budapest X. kerület, Sörgyár utca 22.",Óhegy,66000000.0,66.0,66000.0,1269230.7692307692,18.0051652999907,14.053921581409272,0,52.0,54.0,3.0,2,1,0,0,1,0,1,1,0,0,21.0,47.484355,19.151046,1,790.7,500-1000 m,0,2007.1,26.8,0,0,0,https://ingatlan.com/35520278,"Eladó tégla lakás - Budapest X. kerület, Sörgyár utca 22. #35520278",1104,Budapest,Sörgyár utca,22,közepes állapotú,Tégla lakás,2005.0,10-30 év (rendszerváltás utáni),4.0,3.0,0.0,3 szoba,17.333333333333332,2,2.0,3.0,0,gázkazán,,0,1,0,0,nincs megadva,,,,nincs megadva,,,Ingatlaniroda,,2427.0,4.0,,,,,,,,,0,0,0,494.3,0,1,1,334.3,1,1,494.3,0,1,1,681.2,0,1,1,1.0,17.0,49.0,1416.9,0,0,0,1595.1,0,0,0,557.6,0,1,1,787.0,0,0,1,1123.8,0,0,1,Rákos,,Gitár utca,Mádi köz,Óhegy park,villamos
35520458,elado,"Budapest X. kerület, Liget tér 43.",Kőbánya-Városközpont,37900000.0,37.9,37900.0,881395.3488372093,17.450461670052654,13.689261554359092,0,43.0,43.0,1.0,3,0,0,0,1,0,0,0,1,0,,,,0,,,0,,,0,0,0,https://ingatlan.com/35520458,"Eladó tégla lakás - Budapest X. kerület, Liget tér #35520458",1102,Budapest,Liget tér,43,jó állapotú,Tégla lakás,,Ismeretlen,0.0,1.0,0.0,1 szoba,43.0,földszint,0.0,,0,gáz (konvektor),,0,1,0,0,nincs megadva,,,,nincs megadva,17000.0,,Ingatlaniroda,,1992.0,2.0,,,,,,,,,0,0,0,,0,0,0,,0,0,,0,0,0,,0,0,0,,,,,0,0,0,,0,0,0,,0,0,0,,0,0,0,,0,0,0,,,,,,
35521625,elado,"Budapest X. kerület, Sörgyár utca",Óhegy,47900000.0,47.9,47900.0,1408823.5294117648,17.684626062381145,14.158265537764983,0,34.0,35.5,1.0,3,0,0,0,1,0,0,1,0,0,58.0,47.4765022,19.1629614,0,415.1,300-500 m,0,,,0,0,0,https://ingatlan.com/35521625,"Eladó tégla lakás - Budapest X. kerület, Sörgyár utca #35521625",1104,Budapest,Sörgyár utca,,jó állapotú,Tégla lakás,1968.0,30-60 év (panel-korszak),3.0,1.0,0.0,1 szoba,34.0,1,1.0,2.0,0,gázkazán,,0,1,0,0,nincs megadva,,,,igen,11000.0,,Ingatlaniroda,,1007.0,4.0,,,,,,,,,0,0,0,,0,0,0,,0,0,,0,0,0,,0,0,0,,,,,0,0,0,,0,0,0,,0,0,0,,0,0,0,,0,0,0,,,,,,
35522487,elado,"Budapest X. kerület, Kőbánya - Óhegyi lakótelep",Óhegy,37500000.0,37.5,37500.0,1388888.888888889,17.43985149094064,14.144014624936311,0,27.0,27.0,1.0,2,1,0,0,0,0,0,0,0,0,58.0,47.4752666,19.1504781,0,1096.5,1000-2000 m,0,,,0,0,0,https://ingatlan.com/35522487,"Eladó csúsztatott zsalus - Budapest X. kerület, Kőbánya - Óhegyi lakótelep #35522487",1103,Budapest,Kőbánya - Óhegyi lakótelep,,közepes állapotú,Csúsztatott zsalus lakás,1968.0,30-60 év (panel-korszak),0.0,1.0,0.0,1 szoba,27.0,3,3.0,4.0,0,távfűtés,,1,0,0,0,nincs megadva,,,,nincs megadva,11500.0,,Ingatlaniroda,,815.0,4.0,,,,,,,,,0,0,0,,0,0,0,,0,0,,0,0,0,,0,0,0,,,,,0,0,0,,0,0,0,,0,0,0,,0,0,0,,0,0,0,,,,,,
35522571,elado,"Budapest X. kerület, Kada utca",Óhegy,33500000.0,33.5,33500.0,858974.358974359,17.327055996795295,13.663494350665648,0,39.0,39.0,1.0,1,1,0,0,1,0,0,0,1,0,58.0,47.4725364,19.1432199,0,536.5,500-1000 m,0,,,0,0,0,https://ingatlan.com/35522571,"Eladó tégla lakás - Budapest X. kerület, Kada utca #35522571",1106,Budapest,Kada utca,,felújítandó,Tégla lakás,1968.0,30-60 év (panel-korszak),0.0,1.0,0.0,1 szoba,39.0,földszint,0.0,,0,gáz (konvektor),,0,1,0,0,nincs megadva,,,,nincs megadva,13700.0,,Ingatlaniroda,,432.0,4.0,,,,,,,,,0,0,0,,0,0,0,,0,0,,0,0,0,,0,0,0,,,,,0,0,0,,0,0,0,,0,0,0,,0,0,0,,0,0,0,,,,,,
35522815,elado,"Budapest X. kerület, Szőlőhegy utca",Óhegy,39000000.0,39.0,39000.0,1444444.4444444445,17.47907220409392,14.183235338089592,0,27.0,27.0,1.0,3,0,0,0,0,0,0,0,0,0,,47.4809129,19.1506159,0,886.1,500-1000 m,0,,,0,0,0,https://ingatlan.com/35522815,"Eladó csúsztatott zsalus - Budapest X. kerület, Szőlőhegy utca #35522815",1104,Budapest,Szőlőhegy utca,,jó állapotú,Csúsztatott zsalus lakás,,Ismeretlen,0.0,1.0,0.0,1 szoba,27.0,3,3.0,5.0,0,távfűtés,,1,0,0,0,nincs megadva,,,,nem,,9000.0,Ingatlaniroda,,1205.0,2.0,,,,,,,,,0,0,0,,0,0,0,,0,0,,0,0,0,,0,0,0,,,,,0,0,0,,0,0,0,,0,0,0,,0,0,0,,0,0,0,,,,,,
35522852,elado,"Budapest X. kerület, Kőbánya - Óhegy",Óhegy,70500000.0,70.5,70500.0,1258928.5714285714,18.071123267782497,14.045771577047347,0,56.0,56.0,3.0,4,0,0,1,0,0,0,0,0,0,58.0,47.4820541,19.132346,0,297.2,150-300 m,0,,,0,0,0,https://ingatlan.com/35522852,"Eladó panel lakás - Budapest X. kerület, Kőbánya - Óhegy #35522852",1103,Budapest,Kőbánya - Óhegy,,felújított,Panel lakás,1968.0,30-60 év (panel-korszak),0.0,3.0,0.0,3 szoba,18.666666666666668,2,2.0,4.0,0,távfűtés,,1,0,0,0,nincs megadva,,,,nincs megadva,,,Ingatlaniroda,,1423.0,4.0,,,,,,,,,0,0,0,,0,0,0,,0,0,,0,0,0,,0,0,0,,,,,0,0,0,,0,0,0,,0,0,0,,0,0,0,,0,0,0,,,,,,
35523012,elado,"Budapest X. kerület, Kőbánya - Óhegy",Óhegy,58900000.0,58.9,58900.0,1202040.8163265307,17.891351648621814,13.99953135051119,0,49.0,49.0,2.0,3,0,0,1,0,0,0,0,0,1,58.0,47.4820541,19.132346,0,297.2,150-300 m,0,,,0,0,0,https://ingatlan.com/35523012,"Eladó panel lakás - Budapest X. kerület, Kőbánya - Óhegy #35523012",1103,Budapest,Kőbánya - Óhegy,,jó állapotú,Panel lakás,1968.0,30-60 év (panel-korszak),0.0,2.0,0.0,2 szoba,24.5,4,4.0,4.0,0,távfűtés,,1,0,0,0,nincs megadva,,,,nincs megadva,,,Ingatlaniroda,,1082.0,4.0,,,,,,,,,0,0,0,,0,0,0,,0,0,,0,0,0,,0,0,0,,,,,0,0,0,,0,0,0,,0,0,0,,0,0,0,,0,0,0,,,,,,
35523134,elado,"Budapest X. kerület, Kőbánya - Óhegyi lakótelep",Óhegy,64900000.0,64.9,64900.0,1158928.5714285714,17.988358181674318,13.963006490939168,0,56.0,60.0,3.0,3,0,0,0,1,0,1,1,0,1,38.0,47.4752666,19.1504781,0,1096.5,1000-2000 m,0,,,0,0,0,https://ingatlan.com/35523134,"Eladó tégla lakás - Budapest X. kerület, Kőbánya - Óhegyi lakótelep #35523134",1103,Budapest,Kőbánya - Óhegyi lakótelep,,jó állapotú,Tégla lakás,1988.0,30-60 év (panel-korszak),8.0,3.0,0.0,3 szoba,18.666666666666668,2,2.0,2.0,0,gázkazán,,0,1,0,0,E,,,,igen,31000.0,19000.0,Ingatlaniroda,,3102.0,4.0,,,,,,,,,0,0,0,,0,0,0,,0,0,,0,0,0,,0,0,0,,,,,0,0,0,,0,0,0,,0,0,0,,0,0,0,,0,0,0,,,,,,
35523159,elado,"Budapest X. kerület, Bihari utca",Gyárdűlő,59900000.0,59.9,59900.0,1247916.6666666667,17.908187063085677,14.036986052177786,0,48.0,48.0,2.0,3,0,0,0,1,0,0,0,0,0,58.0,47.4790338,19.1238379,0,206.5,150-300 m,0,,,0,0,0,https://ingatlan.com/35523159,"Eladó tégla lakás - Budapest X. kerület, Bihari utca #35523159",1107,Budapest,Bihari utca,,jó állapotú,Tégla lakás,1968.0,30-60 év (panel-korszak),0.0,2.0,0.0,2 szoba,24.0,1,1.0,2.0,0,gázkazán,,0,1,0,0,nincs megadva,,,,nem,,,Ingatlaniroda,,1026.0,4.0,,,,,,,,,0,0,0,,0,0,0,,0,0,,0,0,0,,0,0,0,,,,,0,0,0,,0,0,0,,0,0,0,,0,0,0,,0,0,0,,,,,,
35523188,elado,"Budapest X. kerület, Kada utca",Óhegy,33500000.0,33.5,33500.0,858974.358974359,17.327055996795295,13.663494350665648,0,39.0,39.0,1.0,1,1,0,0,1,0,0,0,1,0,58.0,47.4725364,19.1432199,0,536.5,500-1000 m,0,,,0,0,0,https://ingatlan.com/35523188,"Eladó tégla lakás - Budapest X. kerület, Kada utca #35523188",1106,Budapest,Kada utca,,felújítandó,Tégla lakás,1968.0,30-60 év (panel-korszak),0.0,1.0,0.0,1 szoba,39.0,földszint,0.0,0.0,0,gáz (konvektor),,0,1,0,0,I,,,,nem,13700.0,15000.0,Ingatlaniroda,,1158.0,4.0,,,,,,,,,0,0,0,,0,0,0,,0,0,,0,0,0,,0,0,0,,,,,0,0,0,,0,0,0,,0,0,0,,0,0,0,,0,0,0,,,,,,
35523212,elado,"Budapest X. kerület, Kőbánya - Újhegyi lakótelep",Újhegy,69900000.0,69.9,69900.0,1027941.1764705882,18.06257620720404,13.843068502027933,0,68.0,69.5,3.0,3,0,0,1,0,1,0,1,0,0,58.0,,,0,,,0,,,0,0,0,https://ingatlan.com/35523212,"Eladó panel lakás - Budapest X. kerület, Kőbánya - Újhegyi lakótelep #35523212",1108,Budapest,Kőbánya - Újhegyi lakótelep,,jó állapotú,Panel lakás,1968.0,30-60 év (panel-korszak),3.0,3.0,0.0,3 szoba,22.666666666666668,3,3.0,,0,távfűtés,,1,0,0,0,nincs megadva,,,,nincs megadva,25000.0,,Ingatlaniroda,,2445.0,4.0,,,,,,,,,0,0,0,,0,0,0,,0,0,,0,0,0,,0,0,0,,,,,0,0,0,,0,0,0,,0,0,0,,0,0,0,,0,0,0,,,,,,
35523258,elado,"Budapest X. kerület, Kápolna utca 50.",Kőbánya-Városközpont,50000000.0,50.0,50000.0,1000000.0,17.72753356339242,13.815510557964274,0,50.0,50.0,2.0,3,0,0,1,0,1,1,0,0,0,58.0,,,0,,,0,,,0,0,0,https://ingatlan.com/35523258,"Eladó panel lakás - Budapest X. kerület, Kápolna utca #35523258",1102,Budapest,Kápolna utca,50,jó állapotú,Panel lakás,1968.0,30-60 év (panel-korszak),0.0,2.0,0.0,2 szoba,25.0,7,7.0,8.0,0,távfűtés,,1,0,0,0,C,,,,nem,17500.0,35000.0,Ingatlaniroda,,2018.0,2.0,,,,,,,,,0,0,0,,0,0,0,,0,0,,0,0,0,,0,0,0,,,,,0,0,0,,0,0,0,,0,0,0,,0,0,0,,0,0,0,,,,,,
35523631,elado,"Budapest X. kerület, Hatház utca",Felsőrákos,45500000.0,45.5,45500.0,1421875.0,17.633222883921178,14.167486981121453,0,32.0,32.0,1.0,2,1,0,0,1,0,0,0,0,0,96.0,47.5026989,19.1483151,0,220.5,150-300 m,0,,,0,0,0,https://ingatlan.com/35523631,"Eladó tégla lakás - Budapest X. kerület, Hatház utca #35523631",1106,Budapest,Hatház utca,,közepes állapotú,Tégla lakás,1930.0,60+ év (háború előtti),0.0,1.0,0.0,1 szoba,32.0,4,4.0,5.0,0,gáz (konvektor),,0,1,0,0,nincs megadva,,,,nincs megadva,12000.0,,Ingatlaniroda,,779.0,4.0,,,,,,,,,0,0,0,,0,0,0,,0,0,,0,0,0,,0,0,0,,,,,0,0,0,,0,0,0,,0,0,0,,0,0,0,,0,0,0,,,,,,
35523741,elado,"Budapest X. kerület, Hang utca",Újhegy,56500000.0,56.5,56500.0,1130000.0,17.84975119611667,13.937728190688523,0,50.0,50.0,2.0,3,0,0,1,0,1,1,0,0,1,38.0,47.4709562,19.1664476,0,1058.9,1000-2000 m,0,,,0,0,0,https://ingatlan.com/35523741,"Eladó panel lakás - Budapest X. kerület, Hang utca #35523741",1108,Budapest,Hang utca,,jó állapotú,Panel lakás,1988.0,30-60 év (panel-korszak),0.0,2.0,0.0,2 szoba,25.0,10,10.0,10.0,0,távfűtés,,1,0,0,0,nincs megadva,,,,nem,15000.0,,Ingatlaniroda,,1458.0,4.0,,,,,,,,,0,0,0,,0,0,0,,0,0,,0,0,0,,0,0,0,,,,,0,0,0,,0,0,0,,0,0,0,,0,0,0,,0,0,0,,,,,,
35524057,elado,"Budapest X. kerület, Füzér utca",Ligettelek,41900000.0,41.9,41900.0,1396666.6666666667,17.550796384892365,14.149599003230211,0,30.0,30.0,1.0,2,1,0,0,1,0,0,0,0,0,96.0,47.4885312,19.1271594,0,184.2,150-300 m,0,,,0,0,0,https://ingatlan.com/35524057,"Eladó tégla lakás - Budapest X. kerület, Füzér utca #35524057",1102,Budapest,Füzér utca,,közepes állapotú,Tégla lakás,1930.0,60+ év (háború előtti),0.0,1.0,0.0,1 szoba,30.0,1,1.0,4.0,0,gáz (konvektor),,0,1,0,0,F,,,,nincs megadva,11000.0,,Ingatlaniroda,,4223.0,4.0,,,,,,,,,0,0,0,,0,0,0,,0,0,,0,0,0,,0,0,0,,,,,0,0,0,,0,0,0,,0,0,0,,0,0,0,,0,0,0,,,,,,
35526201,elado,"Budapest X. kerület, Hatház utca",Felsőrákos,39900000.0,39.9,39900.0,1246875.0,17.50188688186009,14.036150979060364,0,32.0,32.0,1.0,2,1,0,0,1,0,0,0,0,0,96.0,47.5026989,19.1483151,0,220.5,150-300 m,0,,,0,0,0,https://ingatlan.com/35526201,"Eladó tégla lakás - Budapest X. kerület, Hatház utca #35526201",1106,Budapest,Hatház utca,,közepes állapotú,Tégla lakás,1930.0,60+ év (háború előtti),0.0,1.0,0.0,1 szoba,32.0,félemelet,0.5,5.0,0,gáz (konvektor),,0,1,0,0,nincs megadva,,,,nincs megadva,14498.0,,Ingatlaniroda,,1532.0,4.0,,,,,,,,,0,0,0,,0,0,0,,0,0,,0,0,0,,0,0,0,,,,,0,0,0,,0,0,0,,0,0,0,,0,0,0,,0,0,0,,,,,,
35526270,elado,"Budapest X. kerület, Bánya utca",Óhegy,129900000.0,129.9,129900.0,1180909.0909090908,18.68227548164083,13.981795115848412,0,110.0,112.5,4.0,5,0,1,0,1,1,0,1,1,0,7.0,47.4145963,19.0688773,0,2587.9,>2000 m (referencia),0,,,0,0,0,https://ingatlan.com/35526270,"Eladó tégla lakás - Budapest X. kerület, Bánya utca #35526270",1105,Budapest,Bánya utca,,újszerű,Tégla lakás,2019.0,0-10 év,5.0,4.0,0.0,4+ szoba,27.5,földszint,0.0,,0,házközponti egyedi méréssel,,0,0,0,0,nincs megadva,,,,igen,,,Ingatlaniroda,,7084.0,4.0,,,,,,,,,0,0,0,,0,0,0,,0,0,,0,0,0,,0,0,0,,,,,0,0,0,,0,0,0,,0,0,0,,0,0,0,,0,0,0,,,,,,
35526330,elado,"Budapest X. kerület, Laposdűlő",Laposdűlő,42500000.0,42.5,42500.0,1250000.0,17.565014633894645,14.038654109278484,0,34.0,49.0,2.0,2,1,0,0,1,0,0,1,1,0,96.0,47.4927492,19.1144828,0,359.2,300-500 m,0,,,0,0,0,https://ingatlan.com/35526330,"Eladó tégla lakás - Budapest X. kerület, Laposdűlő #35526330",1101,Budapest,Laposdűlő,,közepes állapotú,Tégla lakás,1930.0,60+ év (háború előtti),30.0,2.0,0.0,2 szoba,17.0,földszint,0.0,2.0,0,gáz (konvektor),,0,1,0,0,H,,,,igen,13000.0,,Ingatlaniroda,,1372.0,4.0,,,,,,,,,0,0,0,,0,0,0,,0,0,,0,0,0,,0,0,0,,,,,0,0,0,,0,0,0,,0,0,0,,0,0,0,,0,0,0,,,,,,
35526412,elado,"Budapest X. kerület, Bánya utca",Kőbánya-Városközpont,130000000.0,130.0,130000.0,1150442.4778761063,18.683045008419857,13.955657189707516,0,113.0,113.0,4.0,5,0,1,0,1,0,0,0,1,0,8.0,47.4145963,19.0688773,0,2587.9,>2000 m (referencia),0,,,0,0,0,https://ingatlan.com/35526412,"Eladó tégla lakás - Budapest X. kerület, Bánya utca #35526412",1102,Budapest,Bánya utca,,újszerű,Tégla lakás,2018.0,0-10 év,0.0,4.0,0.0,4+ szoba,28.25,földszint,0.0,,0,nincs megadva,,0,0,0,0,nincs megadva,,,,nincs megadva,,,Ingatlaniroda,,3589.0,4.0,,,,,,,,,0,0,0,,0,0,0,,0,0,,0,0,0,,0,0,0,,,,,0,0,0,,0,0,0,,0,0,0,,0,0,0,,0,0,0,,,,,,
35527025,elado,"Budapest X. kerület, Gém utca",Gyárdűlő,112000000.0,112.0,112000.0,1671641.791044776,18.534009429259367,14.329316809868402,0,67.0,71.0,3.0,3,0,0,0,1,1,1,1,0,0,,47.4709565,19.1216348,0,527.2,500-1000 m,0,,,0,0,0,https://ingatlan.com/35527025,"Eladó tégla lakás - Budapest X. kerület, Gém utca #35527025",1107,Budapest,Gém utca,,jó állapotú,Tégla lakás,,Ismeretlen,8.0,3.0,0.0,3 szoba,22.333333333333332,6,6.0,8.0,0,"házközponti egyedi méréssel, gázkazán",,0,1,0,0,nincs megadva,,,,nem,,,Ingatlaniroda,,750.0,4.0,,,,,,,,,0,0,0,,0,0,0,,0,0,,0,0,0,,0,0,0,,,,,0,0,0,,0,0,0,,0,0,0,,0,0,0,,0,0,0,,,,,,
35527132,elado,"Budapest X. kerület, Mongol utca",Óhegy,60000000.0,60.0,60000.0,1090909.0909090908,17.909855120186375,13.902521934953905,0,55.0,60.0,2.0,2,1,0,0,1,0,1,1,0,0,38.0,47.4787722,19.1318437,0,89.1,<150 m,1,,,0,0,0,https://ingatlan.com/35527132,"Eladó tégla lakás - Budapest X. kerület, Mongol utca #35527132",1105,Budapest,Mongol utca,,közepes állapotú,Tégla lakás,1988.0,30-60 év (panel-korszak),10.0,2.0,0.0,2 szoba,27.5,1,1.0,4.0,0,gázkazán,,0,1,0,0,nincs megadva,,,,nem,24000.0,,Ingatlaniroda,,1622.0,2.0,,,,,,,,,0,0,0,,0,0,0,,0,0,,0,0,0,,0,0,0,,,,,0,0,0,,0,0,0,,0,0,0,,0,0,0,,0,0,0,,,,,,
35527137,elado,"Budapest X. kerület, Gyárdűlői lakótelep",Gyárdűlő,83900000.0,83.9,83900.0,1133783.7837837837,18.245136171437434,13.941071078233264,0,74.0,76.0,4.0,3,0,0,1,0,1,1,1,0,0,58.0,,,0,,,0,,,0,0,0,https://ingatlan.com/35527137,"Eladó panel lakás - Budapest X. kerület, Gyárdűlői lakótelep #35527137",1107,Budapest,Gyárdűlői lakótelep,,jó állapotú,Panel lakás,1968.0,30-60 év (panel-korszak),4.0,4.0,0.0,4+ szoba,18.5,6,6.0,10.0,0,"házközponti egyedi méréssel, hűtő-fűtő klíma",,0,0,0,0,nincs megadva,,,,nem,,,Ingatlaniroda,,724.0,4.0,,,,,,,,,0,0,0,,0,0,0,,0,0,,0,0,0,,0,0,0,,,,,0,0,0,,0,0,0,,0,0,0,,0,0,0,,0,0,0,,,,,,
35527346,elado,"Budapest X. kerület, Szárnyas utca",Gyárdűlő,65000000.0,65.0,65000.0,1756756.7567567567,17.98989782785991,14.378979915215687,0,37.0,38.0,1.0,4,0,0,0,1,0,1,1,0,0,38.0,47.4688278,19.1202985,0,762.0,500-1000 m,0,,,0,0,0,https://ingatlan.com/35527346,"Eladó tégla lakás - Budapest X. kerület, Szárnyas utca #35527346",1107,Budapest,Szárnyas utca,,felújított,Tégla lakás,1988.0,30-60 év (panel-korszak),2.0,1.0,0.0,1 szoba,37.0,3,3.0,4.0,0,hűtő-fűtő klíma,,0,0,0,0,nincs megadva,,,,nincs megadva,,,Ingatlaniroda,,1064.0,2.0,,,,,,,,,0,0,0,,0,0,0,,0,0,,0,0,0,,0,0,0,,,,,0,0,0,,0,0,0,,0,0,0,,0,0,0,,0,0,0,,,,,,
35527650,elado,"Budapest X. kerület, Kőbánya-Városközpont",Kőbánya-Városközpont,52900000.0,52.9,52900.0,1079591.836734694,17.783913896828526,13.892093598717901,0,49.0,50.5,2.0,2,1,0,1,0,1,0,1,0,0,38.0,47.482503,19.1307351,0,213.3,150-300 m,0,,,0,0,0,https://ingatlan.com/35527650,"Eladó panel lakás - Budapest X. kerület, Kőbánya-Városközpont #35527650",1105,Budapest,Kőbánya-Városközpont,,közepes állapotú,Panel lakás,1988.0,30-60 év (panel-korszak),3.0,2.0,0.0,2 szoba,24.5,3,3.0,10.0,0,távfűtés,,1,0,0,0,nincs megadva,,,,nem,17000.0,,Ingatlaniroda,,812.0,4.0,,,,,,,,,0,0,0,,0,0,0,,0,0,,0,0,0,,0,0,0,,,,,0,0,0,,0,0,0,,0,0,0,,0,0,0,,0,0,0,,,,,,
35528092,elado,"Budapest X. kerület, Ligettelek",Ligettelek,67900000.0,67.9,67900.0,1095161.2903225806,18.033546592528925,13.906412207483832,0,62.0,62.0,3.0,2,1,0,0,1,0,0,0,0,0,58.0,47.493646,19.1300619,0,227.7,150-300 m,0,,,0,0,0,https://ingatlan.com/35528092,"Eladó tégla lakás - Budapest X. kerület, Ligettelek #35528092",1101,Budapest,Ligettelek,,közepes állapotú,Tégla lakás,1968.0,30-60 év (panel-korszak),0.0,3.0,0.0,3 szoba,20.666666666666668,2,2.0,,0,gázkazán,,0,1,0,0,D,,,,nincs megadva,,,Ingatlaniroda,,1159.0,4.0,,,,,,,,,0,0,0,,0,0,0,,0,0,,0,0,0,,0,0,0,,,,,0,0,0,,0,0,0,,0,0,0,,0,0,0,,0,0,0,,,,,,
35528422,elado,"Budapest X. kerület, Kőbánya - Óhegy",Óhegy,159000000.0,159.0,159000.0,1067114.0939597315,18.884414760184505,13.880468454239047,0,149.0,149.0,4.0,4,0,0,0,1,0,1,0,0,0,96.0,47.4820541,19.132346,0,297.2,150-300 m,0,,,0,0,0,https://ingatlan.com/35528422,"Eladó tégla lakás - Budapest X. kerület, Kőbánya - Óhegy #35528422",1103,Budapest,Kőbánya - Óhegy,,felújított,Tégla lakás,1930.0,60+ év (háború előtti),0.0,4.0,0.0,4+ szoba,37.25,félemelet,0.5,0.0,0,"gázkazán, hűtő-fűtő klíma, cserépkályha",,0,1,0,0,nincs megadva,,,,igen,,,Ingatlaniroda,,2601.0,4.0,,,,,,,,,0,0,0,,0,0,0,,0,0,,0,0,0,,0,0,0,,,,,0,0,0,,0,0,0,,0,0,0,,0,0,0,,0,0,0,,,,,,
35528502,elado,"Budapest X. kerület, Kőbánya - Óhegy",Óhegy,29900000.0,29.9,29900.0,1300000.0,17.213369038360916,14.077874822431765,0,23.0,23.0,1.0,3,0,0,0,1,0,0,0,0,1,58.0,47.4820541,19.132346,0,297.2,150-300 m,0,,,0,0,0,https://ingatlan.com/35528502,"Eladó tégla lakás - Budapest X. kerület, Kőbánya - Óhegy #35528502",1103,Budapest,Kőbánya - Óhegy,,jó állapotú,Tégla lakás,1968.0,30-60 év (panel-korszak),0.0,1.0,0.0,1 szoba,23.0,2,2.0,2.0,0,gáz (konvektor),,0,1,0,0,nincs megadva,,,,igen,10170.0,,Ingatlaniroda,,1043.0,4.0,,,,,,,,,0,0,0,,0,0,0,,0,0,,0,0,0,,0,0,0,,,,,0,0,0,,0,0,0,,0,0,0,,0,0,0,,0,0,0,,,,,,
35528586,elado,"Budapest X. kerület, Kőbánya - Újhegyi lakótelep",Újhegy,54500000.0,54.5,54500.0,1112244.8979591837,17.81371125963347,13.921890961522847,0,49.0,50.265,2.0,3,0,0,1,0,1,1,1,0,0,58.0,,,0,,,0,,,0,0,0,https://ingatlan.com/35528586,"Eladó panel lakás - Budapest X. kerület, Kőbánya - Újhegyi lakótelep #35528586",1108,Budapest,Kőbánya - Újhegyi lakótelep,,jó állapotú,Panel lakás,1968.0,30-60 év (panel-korszak),2.53,2.0,0.0,2 szoba,24.5,3,3.0,10.0,0,"távfűtés, hűtő-fűtő klíma",,1,0,0,0,nincs megadva,,,,nem,15000.0,15000.0,Ingatlaniroda,,1927.0,4.0,,,,,,,,,0,0,0,,0,0,0,,0,0,,0,0,0,,0,0,0,,,,,0,0,0,,0,0,0,,0,0,0,,0,0,0,,0,0,0,,,,,,
35529108,elado,"Budapest X. kerület, Mádi utca 54.",Óhegy,58000000.0,58.0,58000.0,1074074.0740740742,17.875953568510692,13.886969521946419,0,54.0,56.0,2.0,1,1,0,0,1,0,0,1,0,0,,,,0,,,0,,,0,0,0,https://ingatlan.com/35529108,"Eladó tégla lakás - Budapest X. kerület, Mádi utca #35529108",1105,Budapest,Mádi utca,54,felújítandó,Tégla lakás,,Ismeretlen,4.0,2.0,0.0,2 szoba,27.0,3,3.0,4.0,0,gáz (konvektor),,0,1,0,0,nincs megadva,,,,nincs megadva,42128.0,,Ingatlaniroda,,1481.0,2.0,,,,,,,,,0,0,0,,0,0,0,,0,0,,0,0,0,,0,0,0,,,,,0,0,0,,0,0,0,,0,0,0,,0,0,0,,0,0,0,,,,,,
35529530,elado,"Budapest X. kerület, Gyakorló utcai lakótelep",Felsőrákos,71900000.0,71.9,71900.0,1356603.7735849055,18.090786822691275,14.120494909139154,0,53.0,55.0,2.0,4,0,0,1,0,1,1,1,0,0,58.0,47.5019128,19.142014,0,229.0,150-300 m,0,,,0,0,0,https://ingatlan.com/35529530,"Eladó panel lakás - Budapest X. kerület, Gyakorló utcai lakótelep #35529530",1106,Budapest,Gyakorló utcai lakótelep,,felújított,Panel lakás,1968.0,30-60 év (panel-korszak),4.0,2.0,0.0,2 szoba,26.5,1,1.0,10.0,0,"távfűtés, hűtő-fűtő klíma",,1,0,0,0,nincs megadva,,,,nem,20000.0,17000.0,Ingatlaniroda,,1229.0,4.0,,,,,,,,,0,0,0,,0,0,0,,0,0,,0,0,0,,0,0,0,,,,,0,0,0,,0,0,0,,0,0,0,,0,0,0,,0,0,0,,,,,,
35530257,elado,"Budapest X. kerület, Ligettelek",Ligettelek,64900000.0,64.9,64900.0,1030158.7301587302,17.988358181674318,13.845223455282786,0,63.0,63.0,3.0,3,0,0,0,1,0,1,0,0,0,96.0,47.493646,19.1300619,0,227.7,150-300 m,0,,,0,0,0,https://ingatlan.com/35530257,"Eladó tégla lakás - Budapest X. kerület, Ligettelek #35530257",1101,Budapest,Ligettelek,,jó állapotú,Tégla lakás,1930.0,60+ év (háború előtti),0.0,3.0,0.0,3 szoba,21.0,1,1.0,3.0,0,gáz (konvektor),,0,1,0,0,D,,,,nem,19750.0,20000.0,Ingatlaniroda,,589.0,4.0,,,,,,,,,0,0,0,,0,0,0,,0,0,,0,0,0,,0,0,0,,,,,0,0,0,,0,0,0,,0,0,0,,0,0,0,,0,0,0,,,,,,
35530304,elado,"Budapest X. kerület, Kőbánya - Újhegyi lakótelep",Újhegy,51900000.0,51.9,51900.0,1038000.0,17.764829348136118,13.852806342707972,0,50.0,51.5,2.0,2,1,0,1,0,1,0,1,0,0,38.0,,,0,,,0,,,0,0,0,https://ingatlan.com/35530304,"Eladó panel lakás - Budapest X. kerület, Kőbánya - Újhegyi lakótelep #35530304",1108,Budapest,Kőbánya - Újhegyi lakótelep,,közepes állapotú,Panel lakás,1988.0,30-60 év (panel-korszak),3.0,2.0,0.0,2 szoba,25.0,3,3.0,10.0,0,távfűtés,,1,0,0,0,nincs megadva,,,,nincs megadva,16000.0,,Ingatlaniroda,,1535.0,4.0,,,,,,,,,0,0,0,,0,0,0,,0,0,,0,0,0,,0,0,0,,,,,0,0,0,,0,0,0,,0,0,0,,0,0,0,,0,0,0,,,,,,
35530321,elado,"Budapest X. kerület, Gépmadár utca 5.",Felsőrákos,71900000.0,71.9,71900.0,1331481.4814814816,18.090786822691275,14.101802776127,0,54.0,55.5,3.0,4,0,0,1,0,1,0,1,0,0,58.0,47.502895,19.143097,1,135.4,<150 m,1,561.0,7.5,0,1,1,https://ingatlan.com/35530321,"Eladó panel lakás - Budapest X. kerület, Gépmadár utca 5. #35530321",1106,Budapest,Gépmadár utca,5,felújított,Panel lakás,1968.0,30-60 év (panel-korszak),3.0,3.0,0.0,3 szoba,18.0,3,3.0,10.0,0,távfűtés,,1,0,0,0,nincs megadva,,,,nem,,,Ingatlaniroda,,2312.0,2.0,,,,,,,,757.5,0,0,1,683.5,0,1,1,227.3,1,1,561.0,0,1,1,326.8,1,1,1,6.0,64.0,150.0,1125.0,0,0,1,787.6,0,0,1,243.7,1,1,1,272.9,1,1,1,340.6,1,1,1,Örs vezér tere,,Örs vezér tere M+H,Sarkantyú utca,Névtelen zöldfelület / park,vasut
35531924,elado,"Budapest X. kerület, Újhegyi út",Újhegy,115500000.0,115.5,115500.0,1650000.0,18.56478108792612,14.316285845876763,0,70.0,77.0,3.0,5,0,1,0,0,1,0,1,0,0,5.0,47.4683201,19.1692118,0,933.0,500-1000 m,0,,,0,0,0,https://ingatlan.com/35531924,"Eladó csúsztatott zsalus - Budapest X. kerület, Újhegyi út #35531924",1108,Budapest,Újhegyi út,,újszerű,Csúsztatott zsalus lakás,2021.0,0-10 év,14.0,3.0,0.0,3 szoba,23.333333333333332,1,1.0,5.0,0,házközponti egyedi méréssel,,0,0,0,0,nincs megadva,,,,nem,,,Ingatlaniroda,,403.0,4.0,,,,,,,,,0,0,0,,0,0,0,,0,0,,0,0,0,,0,0,0,,,,,0,0,0,,0,0,0,,0,0,0,,0,0,0,,0,0,0,,,,,,
35532043,elado,"Budapest X. kerület, Mélytó utca 6.",Újhegy,68500000.0,68.5,68500.0,1292452.8301886793,18.042344303232454,14.072052389680332,0,53.0,54.0,2.0,3,0,0,1,0,0,0,1,0,0,,47.468863,19.163883,1,847.7,500-1000 m,0,1601.0,21.3,0,0,0,https://ingatlan.com/35532043,"Eladó panel lakás - Budapest X. kerület, Mélytó utca 6. #35532043",1108,Budapest,Mélytó utca,6,nincs megadva,Panel lakás,,Ismeretlen,2.0,2.0,0.0,2 szoba,26.5,nincs megadva,,,0,nincs megadva,,0,0,0,0,nincs megadva,,,,nincs megadva,,,Ingatlaniroda,,1494.0,2.0,,,,,,,,1606.9,0,0,0,1044.9,0,0,1,168.5,1,1,1044.9,0,0,1,263.0,1,1,1,9.0,30.0,49.0,,0,0,0,,0,0,0,359.2,1,1,1,285.0,1,1,1,1525.5,0,0,0,Kőbánya-Kispest,,Sírkert út,Mélytó utca,Újhegy park,villamos
35532080,elado,"Budapest X. kerület, Vaskő utca 5.",Laposdűlő,51000000.0,51.0,51000.0,1342105.2631578948,17.7473361906886,14.109750030962214,0,38.0,38.0,2.0,3,0,0,0,1,0,0,0,0,0,,47.485106,19.121735,1,180.2,150-300 m,0,621.2,8.3,0,1,1,https://ingatlan.com/35532080,"Eladó tégla lakás - Budapest X. kerület, Vaskő utca 5. #35532080",1101,Budapest,Vaskő utca,5,nincs megadva,Tégla lakás,,Ismeretlen,0.0,2.0,0.0,2 szoba,19.0,nincs megadva,,,0,nincs megadva,,0,0,0,0,nincs megadva,,,,nincs megadva,,,Ingatlaniroda,,270.0,2.0,,,,,,,,,0,0,0,360.0,1,1,1,353.6,1,1,360.0,1,1,1,246.6,1,1,1,10.0,27.0,91.0,326.1,1,1,1,1082.5,0,0,1,293.1,1,1,1,462.1,0,1,1,,0,0,0,Kőbánya alsó,,Mázsa utca,Mázsa utca,Hargitai sétányi park,villamos
35532185,elado,"Budapest X. kerület, Salgótarjáni utca",Laposdűlő,41900000.0,41.9,41900.0,1102631.5789473683,17.550796384892365,13.91321022516598,0,38.0,38.0,2.0,3,0,0,0,1,0,0,0,0,1,58.0,47.4904869,19.1193942,0,143.3,<150 m,1,,,0,0,0,https://ingatlan.com/35532185,"Eladó tégla lakás - Budapest X. kerület, Salgótarjáni utca #35532185",1101,Budapest,Salgótarjáni utca,,jó állapotú,Tégla lakás,1968.0,30-60 év (panel-korszak),0.0,2.0,0.0,2 szoba,19.0,4,4.0,4.0,0,nincs megadva,,0,0,0,0,F,,,,nincs megadva,11790.0,,Ingatlaniroda,,1080.0,4.0,,,,,,,,,0,0,0,,0,0,0,,0,0,,0,0,0,,0,0,0,,,,,0,0,0,,0,0,0,,0,0,0,,0,0,0,,0,0,0,,,,,,
35532370,elado,"Budapest X. kerület, Tavas utca",Újhegy,88888888.0,88.888888,88888.888,1814058.9387755103,18.302897698295983,14.411077400185356,0,49.0,62.5,2.0,3,0,0,0,1,0,0,1,0,0,,47.4699607,19.1670969,0,1045.3,1000-2000 m,0,,,0,0,0,https://ingatlan.com/35532370,"Eladó tégla lakás - Budapest X. kerület, Tavas utca #35532370",1108,Budapest,Tavas utca,,nincs megadva,Tégla lakás,,Ismeretlen,27.0,2.0,0.0,2 szoba,24.5,nincs megadva,,,0,nincs megadva,,0,0,0,0,nincs megadva,,,,nincs megadva,,,Ingatlaniroda,,736.0,2.0,,,,,,,,,0,0,0,,0,0,0,,0,0,,0,0,0,,0,0,0,,,,,0,0,0,,0,0,0,,0,0,0,,0,0,0,,0,0,0,,,,,,
35532675,elado,"Budapest X. kerület, Gyárdűlő",Gyárdűlő,82000000.0,82.0,82000.0,1863636.3636363635,18.222229805228526,14.438040171310266,0,44.0,46.575,2.0,5,0,1,0,1,1,1,1,0,0,3.0,47.4754656,19.1221648,0,155.8,150-300 m,0,,,0,0,0,https://ingatlan.com/35532675,"Eladó tégla lakás - Budapest X. kerület, Gyárdűlő #35532675",1107,Budapest,Gyárdűlő,,újszerű,Tégla lakás,2023.0,0-10 év,5.15,2.0,0.0,2 szoba,22.0,2,2.0,8.0,0,"távfűtés egyedi méréssel, hűtő-fűtő klíma",,1,0,0,0,B,,,,nincs megadva,18000.0,,Ingatlaniroda,,1828.0,4.0,,,,,,,,,0,0,0,,0,0,0,,0,0,,0,0,0,,0,0,0,,,,,0,0,0,,0,0,0,,0,0,0,,0,0,0,,0,0,0,,,,,,
35533186,elado,"Budapest X. kerület, Laposdűlő",Laposdűlő,44900000.0,44.9,44900.0,898000.0,17.619948352712484,13.707925347284336,0,50.0,50.0,2.0,2,1,0,0,1,0,0,0,1,0,58.0,47.4927492,19.1144828,0,359.2,300-500 m,0,,,0,0,0,https://ingatlan.com/35533186,"Eladó tégla lakás - Budapest X. kerület, Laposdűlő #35533186",1101,Budapest,Laposdűlő,,közepes állapotú,Tégla lakás,1968.0,30-60 év (panel-korszak),0.0,2.0,0.0,2 szoba,25.0,földszint,0.0,3.0,0,gáz (konvektor),,0,1,0,0,nincs megadva,,,,nem,13000.0,,Ingatlaniroda,,2008.0,4.0,,,,,,,,,0,0,0,,0,0,0,,0,0,,0,0,0,,0,0,0,,,,,0,0,0,,0,0,0,,0,0,0,,0,0,0,,0,0,0,,,,,,
35533502,elado,"Budapest X. kerület, Lenfonó utca",Újhegy,49900000.0,49.9,49900.0,998000.0,17.72553156072175,13.813508555293602,0,50.0,51.5,2.0,3,0,0,1,0,1,1,1,0,0,,47.4712382,19.1593693,0,973.9,500-1000 m,0,,,0,0,0,https://ingatlan.com/35533502,"Eladó panel lakás - Budapest X. kerület, Lenfonó utca #35533502",1108,Budapest,Lenfonó utca,,jó állapotú,Panel lakás,,Ismeretlen,3.0,2.0,0.0,2 szoba,25.0,6,6.0,10.0,0,távfűtés,,1,0,0,0,nincs megadva,,,,nem,17000.0,30000.0,Ingatlaniroda,,579.0,4.0,,,,,,,,,0,0,0,,0,0,0,,0,0,,0,0,0,,0,0,0,,,,,0,0,0,,0,0,0,,0,0,0,,0,0,0,,0,0,0,,,,,,
35533593,elado,"Budapest X. kerület, Liget tér",Kőbánya-Városközpont,39999999.0,39.999999,39999.999,930232.5348837209,17.50438998707821,13.743189871384647,0,43.0,43.0,1.0,3,0,0,0,1,0,0,0,1,0,58.0,47.4845329,19.1271531,0,78.7,<150 m,1,,,0,0,0,https://ingatlan.com/35533593,"Eladó tégla lakás - Budapest X. kerület, Liget tér #35533593",1102,Budapest,Liget tér,,jó állapotú,Tégla lakás,1968.0,30-60 év (panel-korszak),0.0,1.0,0.0,1 szoba,43.0,földszint,0.0,4.0,0,gáz (konvektor),,0,1,0,0,nincs megadva,,,,nincs megadva,17000.0,,Ingatlaniroda,,1204.0,4.0,,,,,,,,,0,0,0,,0,0,0,,0,0,,0,0,0,,0,0,0,,,,,0,0,0,,0,0,0,,0,0,0,,0,0,0,,0,0,0,,,,,,
35533817,elado,"Budapest X. kerület, Gyárdűlő",Gyárdűlő,82000000.0,82.0,82000.0,1863636.3636363635,18.222229805228526,14.438040171310266,0,44.0,46.5,2.0,5,0,1,0,1,1,1,1,0,0,3.0,47.4754656,19.1221648,0,155.8,150-300 m,0,,,0,0,0,https://ingatlan.com/35533817,"Eladó tégla lakás - Budapest X. kerület, Gyárdűlő #35533817",1107,Budapest,Gyárdűlő,,újszerű,Tégla lakás,2023.0,0-10 év,5.0,2.0,0.0,2 szoba,22.0,2,2.0,7.0,0,házközponti egyedi méréssel,,0,0,0,0,B,,,,nem,18084.0,,Ingatlaniroda,,2891.0,4.0,,,,,,,,,0,0,0,,0,0,0,,0,0,,0,0,0,,0,0,0,,,,,0,0,0,,0,0,0,,0,0,0,,0,0,0,,0,0,0,,,,,,
35534075,elado,"Budapest X. kerület, Füzér utca",Ligettelek,109900000.0,109.9,109900.0,1308333.3333333333,18.51508141937385,14.084264620530536,0,84.0,84.0,3.0,4,0,0,0,1,0,0,0,0,0,96.0,47.4885312,19.1271594,0,184.2,150-300 m,0,,,0,0,0,https://ingatlan.com/35534075,"Eladó tégla lakás - Budapest X. kerület, Füzér utca #35534075",1102,Budapest,Füzér utca,,felújított,Tégla lakás,1930.0,60+ év (háború előtti),0.0,3.0,0.0,3 szoba,28.0,1,1.0,3.0,0,gázkazán,,0,1,0,0,nincs megadva,,,,nem,23777.0,20000.0,Ingatlaniroda,,2311.0,4.0,,,,,,,,,0,0,0,,0,0,0,,0,0,,0,0,0,,0,0,0,,,,,0,0,0,,0,0,0,,0,0,0,,0,0,0,,0,0,0,,,,,,
35535237,elado,"Budapest X. kerület, Kőbánya - Óhegyi lakótelep",Óhegy,49900000.0,49.9,49900.0,1217073.1707317072,17.72553156072175,14.01195949401744,0,41.0,41.0,2.0,3,0,0,0,1,0,0,0,1,0,58.0,47.4752666,19.1504781,0,1096.5,1000-2000 m,0,,,0,0,0,https://ingatlan.com/35535237,"Eladó tégla lakás - Budapest X. kerület, Kőbánya - Óhegyi lakótelep #35535237",1103,Budapest,Kőbánya - Óhegyi lakótelep,,jó állapotú,Tégla lakás,1968.0,30-60 év (panel-korszak),0.0,2.0,0.0,2 szoba,20.5,földszint,0.0,,0,gáz (konvektor),,0,1,0,0,nincs megadva,,,,nincs megadva,,,Ingatlaniroda,,2633.0,4.0,,,,,,,,,0,0,0,,0,0,0,,0,0,,0,0,0,,0,0,0,,,,,0,0,0,,0,0,0,,0,0,0,,0,0,0,,0,0,0,,,,,,
35535733,elado,"Budapest X. kerület, Üllői út",Gyárdűlő,45500000.0,45.5,45500.0,1378787.878787879,17.633222883921178,14.136715322454698,0,33.0,33.0,1.0,1,1,0,0,1,0,0,0,0,0,58.0,47.4789502,19.0894289,0,1067.5,1000-2000 m,0,,,0,0,0,https://ingatlan.com/35535733,"Eladó tégla lakás - Budapest X. kerület, Üllői út #35535733",1101,Budapest,Üllői út,,felújítandó,Tégla lakás,1968.0,30-60 év (panel-korszak),0.0,1.0,0.0,1 szoba,33.0,1,1.0,,0,gáz (konvektor),,0,1,0,0,nincs megadva,,,,nincs megadva,12135.0,,Ingatlaniroda,,1107.0,4.0,,,,,,,,,0,0,0,,0,0,0,,0,0,,0,0,0,,0,0,0,,,,,0,0,0,,0,0,0,,0,0,0,,0,0,0,,0,0,0,,,,,,
35536430,elado,"Budapest X. kerület, Dombtető utca",Újhegy,64900000.0,64.9,64900.0,954411.7647058824,17.988358181674318,13.768850476498212,0,68.0,69.5,3.0,1,1,0,1,0,1,0,1,0,0,38.0,47.4730923,19.1639779,0,794.8,500-1000 m,0,,,0,0,0,https://ingatlan.com/35536430,"Eladó panel lakás - Budapest X. kerület, Dombtető utca #35536430",1108,Budapest,Dombtető utca,,felújítandó,Panel lakás,1988.0,30-60 év (panel-korszak),3.0,3.0,0.0,3 szoba,22.666666666666668,9,9.0,10.0,0,távfűtés,,1,0,0,0,C,,,,nem,,,Ingatlaniroda,,1651.0,2.0,,,,,,,,,0,0,0,,0,0,0,,0,0,,0,0,0,,0,0,0,,,,,0,0,0,,0,0,0,,0,0,0,,0,0,0,,0,0,0,,,,,,
35536755,elado,"Budapest X. kerület, Salgótarjáni utca",Laposdűlő,45900000.0,45.9,45900.0,936734.693877551,17.641975675030775,13.750155376920146,0,49.0,51.5,2.0,1,1,0,0,1,0,0,1,0,0,96.0,47.4904869,19.1193942,0,143.3,<150 m,1,,,0,0,0,https://ingatlan.com/35536755,"Eladó tégla lakás - Budapest X. kerület, Salgótarjáni utca #35536755",1101,Budapest,Salgótarjáni utca,,felújítandó,Tégla lakás,1930.0,60+ év (háború előtti),5.0,2.0,0.0,2 szoba,24.5,2,2.0,5.0,0,gáz (konvektor),,0,1,0,0,nincs megadva,,,,nem,28000.0,25000.0,Ingatlaniroda,,1540.0,4.0,,,,,,,,,0,0,0,,0,0,0,,0,0,,0,0,0,,0,0,0,,,,,0,0,0,,0,0,0,,0,0,0,,0,0,0,,0,0,0,,,,,,
35537521,elado,"Budapest X. kerület, Harmat utca",Újhegy,56900000.0,56.9,56900.0,1161224.4897959183,17.85680589909656,13.964985600985933,0,49.0,50.5,2.0,3,0,0,1,0,1,0,1,0,0,58.0,47.4702785,19.1650971,0,1026.1,1000-2000 m,0,,,0,0,0,https://ingatlan.com/35537521,"Eladó panel lakás - Budapest X. kerület, Harmat utca #35537521",1108,Budapest,Harmat utca,,jó állapotú,Panel lakás,1968.0,30-60 év (panel-korszak),3.0,2.0,0.0,2 szoba,24.5,7,7.0,10.0,0,távfűtés,,1,0,0,0,nincs megadva,,,,nincs megadva,16800.0,17000.0,Magánszemély,,1194.0,4.0,,,,,,,,,0,0,0,,0,0,0,,0,0,,0,0,0,,0,0,0,,,,,0,0,0,,0,0,0,,0,0,0,,0,0,0,,0,0,0,,,,,,
35537643,elado,"Budapest X. kerület, Dombtető utca",Újhegy,64900000.0,64.9,64900.0,954411.7647058824,17.988358181674318,13.768850476498212,0,68.0,71.0,3.0,1,1,0,1,0,1,0,1,0,0,38.0,47.4730923,19.1639779,0,794.8,500-1000 m,0,,,0,0,0,https://ingatlan.com/35537643,"Eladó panel lakás - Budapest X. kerület, Dombtető utca #35537643",1108,Budapest,Dombtető utca,,felújítandó,Panel lakás,1988.0,30-60 év (panel-korszak),6.0,3.0,0.0,3 szoba,22.666666666666668,9,9.0,10.0,0,távfűtés,,1,0,0,0,nincs megadva,,,,nem,,,Ingatlaniroda,,269.0,2.0,,,,,,,,,0,0,0,,0,0,0,,0,0,,0,0,0,,0,0,0,,,,,0,0,0,,0,0,0,,0,0,0,,0,0,0,,0,0,0,,,,,,
35538467,elado,"Budapest X. kerület, Gőzmozdony utca",Újhegy,52450000.0,52.45,52450.0,1049000.0,17.77537089280658,13.863347887378435,0,50.0,51.0,2.0,1,1,0,1,0,1,1,1,0,0,58.0,47.4693516,19.1581878,0,747.5,500-1000 m,0,,,0,0,0,https://ingatlan.com/35538467,"Eladó panel lakás - Budapest X. kerület, Gőzmozdony utca #35538467",1108,Budapest,Gőzmozdony utca,,felújítandó,Panel lakás,1968.0,30-60 év (panel-korszak),2.0,2.0,0.0,2 szoba,25.0,9,9.0,10.0,0,távfűtés,,1,0,0,0,nincs megadva,,,,nincs megadva,,,Ingatlaniroda,,823.0,4.0,,,,,,,,,0,0,0,,0,0,0,,0,0,,0,0,0,,0,0,0,,,,,0,0,0,,0,0,0,,0,0,0,,0,0,0,,0,0,0,,,,,,
35539014,elado,"Budapest X. kerület, Kőrösi Csoma Sándor út",Kőbánya-Városközpont,86900000.0,86.9,86900.0,1010465.1162790698,18.28026859023562,13.825921293982113,0,86.0,86.0,2.0,3,0,0,0,1,1,1,0,0,0,21.0,47.4865004,19.1327222,0,533.8,500-1000 m,0,,,0,0,0,https://ingatlan.com/35539014,"Eladó tégla lakás - Budapest X. kerület, Kőrösi Csoma Sándor út #35539014",1102,Budapest,Kőrösi Csoma Sándor út,,jó állapotú,Tégla lakás,2005.0,10-30 év (rendszerváltás utáni),0.0,2.0,0.0,2 szoba,43.0,7,7.0,8.0,0,nincs megadva,,0,0,0,0,nincs megadva,,,,nem,,,Ingatlaniroda,,859.0,4.0,,,,,,,,,0,0,0,,0,0,0,,0,0,,0,0,0,,0,0,0,,,,,0,0,0,,0,0,0,,0,0,0,,0,0,0,,0,0,0,,,,,,
35539524,elado,"Budapest X. kerület, Gyárdűlő",Gyárdűlő,39900000.0,39.9,39900.0,1023076.9230769231,17.50188688186009,13.838325235730446,0,39.0,39.0,1.0,2,1,0,0,1,0,0,0,0,0,96.0,47.4754656,19.1221648,0,155.8,150-300 m,0,,,0,0,0,https://ingatlan.com/35539524,"Eladó tégla lakás - Budapest X. kerület, Gyárdűlő #35539524",1107,Budapest,Gyárdűlő,,közepes állapotú,Tégla lakás,1930.0,60+ év (háború előtti),0.0,1.0,0.0,1 szoba,39.0,2,2.0,4.0,0,gázkazán,,0,1,0,0,D,,,,nincs megadva,13260.0,,Ingatlaniroda,,2132.0,4.0,,,,,,,,,0,0,0,,0,0,0,,0,0,,0,0,0,,0,0,0,,,,,0,0,0,,0,0,0,,0,0,0,,0,0,0,,0,0,0,,,,,,
35539775,elado,"Budapest X. kerület, Maláta utca 25.",Óhegy,29900000.0,29.9,29900.0,1196000.0,17.213369038360916,13.994493213492714,0,25.0,32.5,1.0,1,1,0,0,1,0,1,1,1,0,,,,0,,,0,,,0,0,0,https://ingatlan.com/35539775,"Eladó tégla lakás - Budapest X. kerület, Maláta utca #35539775",1105,Budapest,Maláta utca,25,felújítandó,Tégla lakás,,Ismeretlen,15.0,1.0,0.0,1 szoba,25.0,földszint,0.0,0.0,0,"gáz (konvektor), hűtő-fűtő klíma",,0,1,0,0,nincs megadva,,,,nincs megadva,,25000.0,Ingatlaniroda,,1003.0,4.0,,,,,,,,,0,0,0,,0,0,0,,0,0,,0,0,0,,0,0,0,,,,,0,0,0,,0,0,0,,0,0,0,,0,0,0,,0,0,0,,,,,,
35539825,elado,"Budapest X. kerület, Tavas utca",Újhegy,92000000.0,92.0,92000.0,1393939.393939394,18.337299135013314,14.147644392986889,0,66.0,69.75,3.0,3,0,0,0,1,1,1,1,0,0,21.0,47.4699607,19.1670969,0,1045.3,1000-2000 m,0,,,0,0,0,https://ingatlan.com/35539825,"Eladó tégla lakás - Budapest X. kerület, Tavas utca #35539825",1108,Budapest,Tavas utca,,jó állapotú,Tégla lakás,2005.0,10-30 év (rendszerváltás utáni),7.5,3.0,0.0,3 szoba,22.0,2,2.0,8.0,0,házközponti egyedi méréssel,,0,0,0,0,B,,,,nem,18500.0,23000.0,Ingatlaniroda,,4233.0,4.0,,,,,,,,,0,0,0,,0,0,0,,0,0,,0,0,0,,0,0,0,,,,,0,0,0,,0,0,0,,0,0,0,,0,0,0,,0,0,0,,,,,,
35540220,elado,"Budapest X. kerület, Harmat utca",Óhegy,39900000.0,39.9,39900.0,997500.0,17.50188688186009,13.813007427746156,0,40.0,40.0,1.0,1,1,0,0,1,0,0,0,1,0,,47.4702785,19.1650971,0,1026.1,1000-2000 m,0,,,0,0,0,https://ingatlan.com/35540220,"Eladó tégla lakás - Budapest X. kerület, Harmat utca #35540220",1104,Budapest,Harmat utca,,felújítandó,Tégla lakás,,Ismeretlen,0.0,1.0,0.0,1 szoba,40.0,földszint,0.0,,0,gáz (konvektor),,0,1,0,0,G,,,,igen,,,Ingatlaniroda,,1476.0,2.0,,,,,,,,,0,0,0,,0,0,0,,0,0,,0,0,0,,0,0,0,,,,,0,0,0,,0,0,0,,0,0,0,,0,0,0,,0,0,0,,,,,,
35541332,elado,"Budapest X. kerület, Kápolna köz",Kőbánya-Városközpont,75900000.0,75.9,75900.0,1204761.9047619049,18.14492724236586,14.001792515974326,0,63.0,63.0,3.0,3,0,0,1,0,1,0,0,0,0,58.0,47.4479033,19.0103164,0,4863.9,>2000 m (referencia),0,,,0,0,0,https://ingatlan.com/35541332,"Eladó panel lakás - Budapest X. kerület, Kápolna köz #35541332",1105,Budapest,Kápolna köz,,jó állapotú,Panel lakás,1968.0,30-60 év (panel-korszak),0.0,3.0,0.0,3 szoba,21.0,2,2.0,7.0,0,távfűtés,,1,0,0,0,nincs megadva,,,,nincs megadva,16000.0,,Ingatlaniroda,,2575.0,4.0,,,,,,,,,0,0,0,,0,0,0,,0,0,,0,0,0,,0,0,0,,,,,0,0,0,,0,0,0,,0,0,0,,0,0,0,,0,0,0,,,,,,
35541351,elado,"Budapest X. kerület, Laposdűlő",Laposdűlő,46000000.0,46.0,46000.0,1314285.7142857143,17.64415195445337,14.088803892963956,0,35.0,35.0,2.0,4,0,0,1,0,1,0,0,0,1,58.0,47.4927492,19.1144828,0,359.2,300-500 m,0,,,0,0,0,https://ingatlan.com/35541351,"Eladó panel lakás - Budapest X. kerület, Laposdűlő #35541351",1101,Budapest,Laposdűlő,,felújított,Panel lakás,1968.0,30-60 év (panel-korszak),0.0,2.0,0.0,2 szoba,17.5,10,10.0,10.0,0,házközponti,,0,0,0,0,nincs megadva,,,,nem,,,Ingatlaniroda,,2242.0,4.0,,,,,,,,,0,0,0,,0,0,0,,0,0,,0,0,0,,0,0,0,,,,,0,0,0,,0,0,0,,0,0,0,,0,0,0,,0,0,0,,,,,,
35541370,elado,"Budapest X. kerület, Liget utca",Kőbánya-Városközpont,69000000.0,69.0,69000.0,1468085.1063829786,18.049617062561534,14.199469460851475,0,47.0,49.5,2.0,5,0,1,0,1,1,1,1,0,0,21.0,47.4890878,19.1331022,0,246.8,150-300 m,0,,,0,0,0,https://ingatlan.com/35541370,"Eladó tégla lakás - Budapest X. kerület, Liget utca #35541370",1102,Budapest,Liget utca,,újszerű,Tégla lakás,2005.0,10-30 év (rendszerváltás utáni),5.0,2.0,0.0,2 szoba,23.5,1,1.0,,0,házközponti egyedi méréssel,,0,0,0,0,C,,,,nincs megadva,21000.0,,Ingatlaniroda,,521.0,2.0,,,,,,,,,0,0,0,,0,0,0,,0,0,,0,0,0,,0,0,0,,,,,0,0,0,,0,0,0,,0,0,0,,0,0,0,,0,0,0,,,,,,
35542200,elado,"Budapest X. kerület, Kőbánya - Újhegyi lakótelep",Újhegy,53000000.0,53.0,53000.0,1081632.6530612244,17.785802471516394,13.89398217340577,0,49.0,50.5,2.0,3,0,0,1,0,1,1,1,1,0,58.0,,,0,,,0,,,0,0,0,https://ingatlan.com/35542200,"Eladó panel lakás - Budapest X. kerület, Kőbánya - Újhegyi lakótelep #35542200",1108,Budapest,Kőbánya - Újhegyi lakótelep,,jó állapotú,Panel lakás,1968.0,30-60 év (panel-korszak),3.0,2.0,0.0,2 szoba,24.5,földszint,0.0,10.0,0,távfűtés,,1,0,0,0,nincs megadva,,,,nincs megadva,15000.0,,Ingatlaniroda,,1949.0,4.0,,,,,,,,,0,0,0,,0,0,0,,0,0,,0,0,0,,0,0,0,,,,,0,0,0,,0,0,0,,0,0,0,,0,0,0,,0,0,0,,,,,,
35542312,elado,"Budapest X. kerület, Szárnyas utca 12.",Gyárdűlő,44200000.0,44.2,44200.0,1524137.9310344828,17.604235347047926,14.236939517061453,0,29.0,29.0,2.0,3,0,0,0,1,0,0,0,0,0,,47.468863,19.119046,1,800.1,500-1000 m,0,,,0,0,0,https://ingatlan.com/35542312,"Eladó tégla lakás - Budapest X. kerület, Szárnyas utca 12. #35542312",1107,Budapest,Szárnyas utca,12,nincs megadva,Tégla lakás,,Ismeretlen,0.0,2.0,0.0,2 szoba,14.5,nincs megadva,,,0,nincs megadva,,0,0,0,0,nincs megadva,,,,nincs megadva,,,Ingatlaniroda,,556.0,2.0,,,,,,,,207.6,1,1,1,482.2,0,1,1,212.4,1,1,207.6,1,1,1,69.9,1,1,1,15.0,47.0,103.0,992.4,0,0,1,144.7,1,1,1,371.2,1,1,1,619.1,0,1,1,594.0,0,1,1,,,Száva kocsiszín,Pöttyös utca M,Névtelen zöldfelület / park,metro
35542316,elado,"Budapest X. kerület, Szárnyas utca 12.",Gyárdűlő,44200000.0,44.2,44200.0,1524137.9310344828,17.604235347047926,14.236939517061453,0,29.0,29.0,2.0,3,0,0,0,1,0,0,0,0,1,,47.468863,19.119046,1,800.1,500-1000 m,0,,,0,0,0,https://ingatlan.com/35542316,"Eladó tégla lakás - Budapest X. kerület, Szárnyas utca 12. #35542316",1107,Budapest,Szárnyas utca,12,jó állapotú,Tégla lakás,,Ismeretlen,0.0,2.0,0.0,2 szoba,14.5,3,3.0,3.0,0,gázkazán,,0,1,0,0,nincs megadva,,,,nincs megadva,,,Ingatlaniroda,,581.0,2.0,,,,,,,,207.6,1,1,1,482.2,0,1,1,212.4,1,1,207.6,1,1,1,69.9,1,1,1,15.0,47.0,103.0,992.4,0,0,1,144.7,1,1,1,371.2,1,1,1,619.1,0,1,1,594.0,0,1,1,,,Száva kocsiszín,Pöttyös utca M,Névtelen zöldfelület / park,metro
35542493,elado,"Budapest X. kerület, Hatház utca",Felsőrákos,43900000.0,43.9,43900.0,1371875.0,17.5974248780454,14.131688975245673,0,32.0,32.0,1.0,1,1,0,0,1,0,0,0,0,0,96.0,47.5026989,19.1483151,0,220.5,150-300 m,0,,,0,0,0,https://ingatlan.com/35542493,"Eladó tégla lakás - Budapest X. kerület, Hatház utca #35542493",1106,Budapest,Hatház utca,,felújítandó,Tégla lakás,1930.0,60+ év (háború előtti),0.0,1.0,0.0,1 szoba,32.0,1,1.0,5.0,0,gáz (konvektor),,0,1,0,0,nincs megadva,,,,nem,,,Ingatlaniroda,,2341.0,2.0,,,,,,,,,0,0,0,,0,0,0,,0,0,,0,0,0,,0,0,0,,,,,0,0,0,,0,0,0,,0,0,0,,0,0,0,,0,0,0,,,,,,
35543325,elado,"Budapest X. kerület, Bánya utca",Ligettelek,52000000.0,52.0,52000.0,1529411.7647058824,17.7667542765457,14.24039375192954,0,34.0,34.0,2.0,3,0,0,0,1,0,1,0,0,0,,47.4145963,19.0688773,0,2587.9,>2000 m (referencia),0,,,0,0,0,https://ingatlan.com/35543325,"Eladó tégla lakás - Budapest X. kerület, Bánya utca #35543325",1102,Budapest,Bánya utca,,nincs megadva,Tégla lakás,,Ismeretlen,0.0,2.0,0.0,2 szoba,17.0,nincs megadva,,0.0,0,gáz (konvektor),,0,1,0,0,nincs megadva,,,,nincs megadva,14000.0,,Ingatlaniroda,,194.0,2.0,,,,,,,,,0,0,0,,0,0,0,,0,0,,0,0,0,,0,0,0,,,,,0,0,0,,0,0,0,,0,0,0,,0,0,0,,0,0,0,,,,,,
35543339,elado,"Budapest X. kerület, Kőrösi Csoma sétány",Kőbánya-Városközpont,56900000.0,56.9,56900.0,1053703.7037037036,17.85680589909656,13.867821852532284,0,54.0,56.5,2.0,1,1,0,0,1,0,0,1,0,1,58.0,47.4850651,19.1310368,0,363.1,300-500 m,0,,,0,0,0,https://ingatlan.com/35543339,"Eladó tégla lakás - Budapest X. kerület, Kőrösi Csoma sétány #35543339",1102,Budapest,Kőrösi Csoma sétány,,felújítandó,Tégla lakás,1968.0,30-60 év (panel-korszak),5.0,2.0,0.0,2 szoba,27.0,3,3.0,3.0,0,távfűtés,,1,0,0,0,B,,,,nincs megadva,19180.0,,Ingatlaniroda,,2775.0,4.0,,,,,,,,,0,0,0,,0,0,0,,0,0,,0,0,0,,0,0,0,,,,,0,0,0,,0,0,0,,0,0,0,,0,0,0,,0,0,0,,,,,,
35543501,elado,"Budapest X. kerület, Petrőczy utca",Óhegy,89900000.0,89.9,89900.0,1167532.4675324676,18.31420849944185,13.970403077588164,0,77.0,81.0,4.0,3,0,0,0,1,0,1,1,1,0,58.0,47.4775107,19.1425461,0,745.7,500-1000 m,0,,,0,0,0,https://ingatlan.com/35543501,"Eladó tégla lakás - Budapest X. kerület, Petrőczy utca #35543501",1103,Budapest,Petrőczy utca,,jó állapotú,Tégla lakás,1968.0,30-60 év (panel-korszak),8.0,4.0,0.0,4+ szoba,19.25,földszint,0.0,2.0,0,"gázkazán, padlófűtés, hűtő-fűtő klíma",,0,1,0,0,nincs megadva,,,,igen,,45000.0,Ingatlaniroda,,2898.0,4.0,,,,,,,,,0,0,0,,0,0,0,,0,0,,0,0,0,,0,0,0,,,,,0,0,0,,0,0,0,,0,0,0,,0,0,0,,0,0,0,,,,,,
35543739,elado,"Budapest X. kerület, Ihász utca",Óhegy,68500000.0,68.5,68500.0,1317307.6923076923,18.042344303232454,14.091100584651027,0,52.0,54.0,1.0,3,0,0,0,1,0,1,1,0,0,,47.4830386,19.1405533,0,890.7,500-1000 m,0,,,0,0,0,https://ingatlan.com/35543739,"Eladó tégla lakás - Budapest X. kerület, Ihász utca #35543739",1103,Budapest,Ihász utca,,jó állapotú,Tégla lakás,,Ismeretlen,4.0,1.0,0.0,1 szoba,52.0,1,1.0,3.0,0,nincs megadva,,0,0,0,0,nincs megadva,,,,nincs megadva,,35000.0,Ingatlaniroda,,1344.0,4.0,,,,,,,,,0,0,0,,0,0,0,,0,0,,0,0,0,,0,0,0,,,,,0,0,0,,0,0,0,,0,0,0,,0,0,0,,0,0,0,,,,,,
35543823,elado,"Budapest X. kerület, Kőbánya - Óhegy",Óhegy,59900000.0,59.9,59900.0,1069642.857142857,17.908187063085677,13.88283537235053,0,56.0,56.0,2.0,3,0,0,0,1,0,0,0,0,0,21.0,47.4820541,19.132346,0,297.2,150-300 m,0,,,0,0,0,https://ingatlan.com/35543823,"Eladó tégla lakás - Budapest X. kerület, Kőbánya - Óhegy #35543823",1103,Budapest,Kőbánya - Óhegy,,jó állapotú,Tégla lakás,2005.0,10-30 év (rendszerváltás utáni),0.0,2.0,0.0,2 szoba,28.0,3,3.0,,0,gázkazán,,0,1,0,0,C,,,,nem,16000.0,,Ingatlaniroda,,3122.0,4.0,,,,,,,,,0,0,0,,0,0,0,,0,0,,0,0,0,,0,0,0,,,,,0,0,0,,0,0,0,,0,0,0,,0,0,0,,0,0,0,,,,,,
35544047,elado,"Budapest X. kerület, Kőbánya - Újhegyi lakótelep",Újhegy,53000000.0,53.0,53000.0,1081632.6530612244,17.785802471516394,13.89398217340577,0,49.0,50.5,2.0,2,1,0,1,0,1,0,1,1,0,58.0,,,0,,,0,,,0,0,0,https://ingatlan.com/35544047,"Eladó panel lakás - Budapest X. kerület, Kőbánya - Újhegyi lakótelep #35544047",1108,Budapest,Kőbánya - Újhegyi lakótelep,,közepes állapotú,Panel lakás,1968.0,30-60 év (panel-korszak),3.0,2.0,0.0,2 szoba,24.5,földszint,0.0,10.0,0,távfűtés,,1,0,0,0,nincs megadva,,,,nem,15300.0,14000.0,Ingatlaniroda,,2517.0,4.0,,,,,,,,,0,0,0,,0,0,0,,0,0,,0,0,0,,0,0,0,,,,,0,0,0,,0,0,0,,0,0,0,,0,0,0,,0,0,0,,,,,,
35544439,elado,"Budapest X. kerület, Lenfonó utca",Újhegy,49900000.0,49.9,49900.0,998000.0,17.72553156072175,13.813508555293602,0,50.0,51.5,2.0,2,1,0,1,0,1,1,1,0,0,58.0,47.4712382,19.1593693,0,973.9,500-1000 m,0,,,0,0,0,https://ingatlan.com/35544439,"Eladó panel lakás - Budapest X. kerület, Lenfonó utca #35544439",1108,Budapest,Lenfonó utca,,közepes állapotú,Panel lakás,1968.0,30-60 év (panel-korszak),3.0,2.0,0.0,2 szoba,25.0,6,6.0,10.0,0,távfűtés,,1,0,0,0,nincs megadva,,,,nem,13500.0,,Ingatlaniroda,,1470.0,4.0,,,,,,,,,0,0,0,,0,0,0,,0,0,,0,0,0,,0,0,0,,,,,0,0,0,,0,0,0,,0,0,0,,0,0,0,,0,0,0,,,,,,
35544676,elado,"Budapest X. kerület, Noszlopy utca 4.",Óhegy,69900000.0,69.9,69900.0,1184745.7627118644,18.06257620720404,13.98503876329832,0,59.0,59.0,4.0,3,0,0,1,0,0,1,0,0,1,38.0,,,0,,,0,,,0,0,0,https://ingatlan.com/35544676,"Eladó panel lakás - Budapest X. kerület, Noszlopy utca #35544676",1103,Budapest,Noszlopy utca,4,jó állapotú,Panel lakás,1988.0,30-60 év (panel-korszak),0.0,4.0,0.0,4+ szoba,14.75,4,4.0,4.0,0,"távfűtés egyedi méréssel, hűtő-fűtő klíma",,1,0,0,0,nincs megadva,,,,nem,17110.0,,Ingatlaniroda,,2010.0,4.0,,,,,,,,,0,0,0,,0,0,0,,0,0,,0,0,0,,0,0,0,,,,,0,0,0,,0,0,0,,0,0,0,,0,0,0,,0,0,0,,,,,,
35545314,elado,"Budapest X. kerület, Maglódi út",Óhegy,59900000.0,59.9,59900.0,1151923.076923077,17.908187063085677,13.95694334450425,0,52.0,52.0,2.0,3,0,0,0,1,0,0,0,1,0,,47.4690168,19.1765285,0,1224.6,1000-2000 m,0,,,0,0,0,https://ingatlan.com/35545314,"Eladó tégla lakás - Budapest X. kerület, Maglódi út #35545314",1106,Budapest,Maglódi út,,nincs megadva,Tégla lakás,,Ismeretlen,0.0,2.0,0.0,2 szoba,26.0,földszint,0.0,0.0,0,gázkazán,,0,1,0,0,nincs megadva,,,,igen,,,Ingatlaniroda,,895.0,2.0,,,,,,,,,0,0,0,,0,0,0,,0,0,,0,0,0,,0,0,0,,,,,0,0,0,,0,0,0,,0,0,0,,0,0,0,,0,0,0,,,,,,
35545689,elado,"Budapest X. kerület, Kőbánya-Városközpont",Kőbánya-Városközpont,99990000.0,99.99,99990.0,1315657.894736842,18.420580738952033,14.0898473986657,0,76.0,77.5,4.0,4,0,0,0,1,0,1,1,0,0,96.0,47.482503,19.1307351,0,213.3,150-300 m,0,,,0,0,0,https://ingatlan.com/35545689,"Eladó tégla lakás - Budapest X. kerület, Kőbánya-Városközpont #35545689",1105,Budapest,Kőbánya-Városközpont,,felújított,Tégla lakás,1930.0,60+ év (háború előtti),3.0,4.0,0.0,4+ szoba,19.0,3,3.0,4.0,0,"hűtő-fűtő klíma, padlófűtés, elektromos kazán",,0,0,0,0,nincs megadva,,,,nem,21000.0,,Ingatlaniroda,,2757.0,4.0,,,,,,,,,0,0,0,,0,0,0,,0,0,,0,0,0,,0,0,0,,,,,0,0,0,,0,0,0,,0,0,0,,0,0,0,,0,0,0,,,,,,
35545756,elado,"Budapest X. kerület, Kőbánya - Óhegy",Óhegy,62900000.0,62.9,62900.0,1283673.469387755,17.957056721670668,14.065236423560043,0,49.0,49.0,2.0,4,0,0,0,1,0,1,0,0,0,96.0,47.4820541,19.132346,0,297.2,150-300 m,0,,,0,0,0,https://ingatlan.com/35545756,"Eladó tégla lakás - Budapest X. kerület, Kőbánya - Óhegy #35545756",1103,Budapest,Kőbánya - Óhegy,,felújított,Tégla lakás,1930.0,60+ év (háború előtti),0.0,2.0,0.0,2 szoba,24.5,félemelet,0.5,3.0,0,gázkazán,,0,1,0,0,F,,,,nem,15000.0,,Ingatlaniroda,,2785.0,4.0,,,,,,,,,0,0,0,,0,0,0,,0,0,,0,0,0,,0,0,0,,,,,0,0,0,,0,0,0,,0,0,0,,0,0,0,,0,0,0,,,,,,
35545800,elado,"Budapest X. kerület, Kelemen utca 26.",Óhegy,45900000.0,45.9,45900.0,1207894.7368421052,17.641975675030775,14.004389515304387,0,38.0,42.25,1.0,3,0,0,0,1,0,1,1,1,0,58.0,47.479572,19.137317,1,494.8,300-500 m,0,1100.6,14.7,0,0,1,https://ingatlan.com/35545800,"Eladó tégla lakás - Budapest X. kerület, Kelemen utca 26. #35545800",1103,Budapest,Kelemen utca,26,jó állapotú,Tégla lakás,1968.0,30-60 év (panel-korszak),8.5,1.0,0.0,1 szoba,38.0,földszint,0.0,0.0,0,"gáz (konvektor), hűtő-fűtő klíma",,0,1,0,0,E,,,,igen,,25000.0,Ingatlaniroda,,1685.0,4.0,,,,,,,,1993.3,0,0,0,814.1,0,0,1,277.8,1,1,814.1,0,0,1,311.6,1,1,1,6.0,26.0,85.0,431.5,0,1,1,1477.0,0,0,0,438.8,0,1,1,503.3,0,1,1,,0,0,0,Kőbánya alsó,Határ út,Kápolna utca,Ihász utca,Névtelen zöldfelület / park,villamos
35545908,elado,"Budapest X. kerület, Kőbánya - Újhegyi lakótelep",Újhegy,53000000.0,53.0,53000.0,1081632.6530612244,17.785802471516394,13.89398217340577,0,49.0,49.0,2.0,3,0,0,1,0,1,0,0,1,0,58.0,,,0,,,0,,,0,0,0,https://ingatlan.com/35545908,"Eladó panel lakás - Budapest X. kerület, Kőbánya - Újhegyi lakótelep #35545908",1108,Budapest,Kőbánya - Újhegyi lakótelep,,jó állapotú,Panel lakás,1968.0,30-60 év (panel-korszak),0.0,2.0,0.0,2 szoba,24.5,földszint,0.0,,0,távfűtés,,1,0,0,0,nincs megadva,,,,nincs megadva,15000.0,,Ingatlaniroda,,2093.0,4.0,,,,,,,,,0,0,0,,0,0,0,,0,0,,0,0,0,,0,0,0,,,,,0,0,0,,0,0,0,,0,0,0,,0,0,0,,0,0,0,,,,,,
35545922,elado,"Budapest X. kerület, Gyakorló köz",Felsőrákos,72000000.0,72.0,72000.0,1200000.0,18.09217667698033,13.997832114758229,0,60.0,62.0,3.0,3,0,0,1,0,0,0,1,0,0,,47.5024404,19.1420305,0,171.6,150-300 m,0,,,0,0,0,https://ingatlan.com/35545922,"Eladó panel lakás - Budapest X. kerület, Gyakorló köz #35545922",1106,Budapest,Gyakorló köz,,nincs megadva,Panel lakás,,Ismeretlen,4.0,3.0,0.0,3 szoba,20.0,nincs megadva,,,0,nincs megadva,,0,0,0,0,nincs megadva,,,,nincs megadva,,,Ingatlaniroda,,248.0,2.0,,,,,,,,,0,0,0,,0,0,0,,0,0,,0,0,0,,0,0,0,,,,,0,0,0,,0,0,0,,0,0,0,,0,0,0,,0,0,0,,,,,,
35545976,elado,"Budapest X. kerület, Mádi utca 10.",Óhegy,56798000.0,56.798,56798.0,1071660.3773584906,17.855011671803844,13.884719758251721,0,53.0,54.5,2.0,3,0,0,1,0,1,1,1,0,0,58.0,,,0,,,0,,,0,0,0,https://ingatlan.com/35545976,"Eladó panel lakás - Budapest X. kerület, Mádi utca #35545976",1105,Budapest,Mádi utca,10,jó állapotú,Panel lakás,1968.0,30-60 év (panel-korszak),3.0,2.0,0.0,2 szoba,26.5,5,5.0,10.0,0,távfűtés,,1,0,0,0,nincs megadva,,,,nem,17500.0,18000.0,Ingatlaniroda,,1153.0,4.0,,,,,,,,,0,0,0,,0,0,0,,0,0,,0,0,0,,0,0,0,,,,,0,0,0,,0,0,0,,0,0,0,,0,0,0,,0,0,0,,,,,,
35546104,elado,"Budapest X. kerület, Ónodi utca 13.",Kőbánya-Városközpont,66990000.0,66.99,66990.0,1196250.0,18.02005391248445,13.994702221749302,0,56.0,58.0,2.0,3,0,0,1,0,1,1,1,0,0,,47.48883,19.134493,1,277.7,150-300 m,0,484.3,6.5,0,1,1,https://ingatlan.com/35546104,"Eladó panel lakás - Budapest X. kerület, Ónodi utca 13. #35546104",1102,Budapest,Ónodi utca,13,jó állapotú,Panel lakás,,Ismeretlen,4.0,2.0,0.0,2 szoba,28.0,7,7.0,9.0,0,nincs megadva,,0,0,0,0,nincs megadva,,,,nincs megadva,,,Ingatlaniroda,,4358.0,4.0,,,,,,,,2043.2,0,0,0,92.5,1,1,1,89.5,1,1,92.5,1,1,1,296.6,1,1,1,19.0,51.0,117.0,1288.6,0,0,0,318.8,1,1,1,550.2,0,1,1,253.0,1,1,1,2098.1,0,0,0,Kőbánya felső,,Szent László Gimnázium,Szent László Gimnázium,Sajó Sándor tér,villamos
35546177,elado,"Budapest X. kerület, Kőbánya - Óhegy",Óhegy,47900000.0,47.9,47900.0,1496875.0,17.684626062381145,14.218890159581417,0,32.0,32.0,1.0,3,0,0,0,1,0,0,0,1,0,58.0,47.4820541,19.132346,0,297.2,150-300 m,0,,,0,0,0,https://ingatlan.com/35546177,"Eladó tégla lakás - Budapest X. kerület, Kőbánya - Óhegy #35546177",1103,Budapest,Kőbánya - Óhegy,,jó állapotú,Tégla lakás,1968.0,30-60 év (panel-korszak),0.0,1.0,0.0,1 szoba,32.0,földszint,0.0,,0,egyéb,,0,0,0,0,nincs megadva,,,,nincs megadva,,,Ingatlaniroda,,807.0,4.0,,,,,,,,,0,0,0,,0,0,0,,0,0,,0,0,0,,0,0,0,,,,,0,0,0,,0,0,0,,0,0,0,,0,0,0,,0,0,0,,,,,,
35546378,elado,"Budapest X. kerület, Kápolna utca 9.",Kőbánya-Városközpont,46500000.0,46.5,46500.0,1223684.2105263157,17.654962870557586,14.017376710831199,0,38.0,38.0,1.0,3,0,0,0,0,1,1,0,0,1,58.0,47.481698,19.130126,1,131.7,<150 m,1,346.6,4.6,1,1,1,https://ingatlan.com/35546378,"Eladó csúsztatott zsalus - Budapest X. kerület, Kápolna utca 9. #35546378",1102,Budapest,Kápolna utca,9,jó állapotú,Csúsztatott zsalus lakás,1968.0,30-60 év (panel-korszak),0.0,1.0,0.0,1 szoba,38.0,7,7.0,7.0,0,távfűtés,,1,0,0,0,E,,,,nem,13642.0,25000.0,Ingatlaniroda,,1643.0,2.0,,,,,,,,2081.4,0,0,0,141.7,1,1,1,126.0,1,1,141.7,1,1,1,233.2,1,1,1,36.0,77.0,120.0,765.2,0,0,1,1040.2,0,0,1,209.7,1,1,1,272.4,1,1,1,,0,0,0,Kőbánya alsó,,Kőbánya alsó vasútállomás,Kőbánya alsó vasútállomás,Liget téri park,villamos
35546440,elado,"Budapest X. kerület, Dombtető utca",Újhegy,68000000.0,68.0,68000.0,1046153.8461538461,18.03501826314038,13.860630993244744,0,65.0,67.0,3.0,2,1,0,1,0,1,0,1,0,1,,47.4730923,19.1639779,0,794.8,500-1000 m,0,,,0,0,0,https://ingatlan.com/35546440,"Eladó panel lakás - Budapest X. kerület, Dombtető utca #35546440",1108,Budapest,Dombtető utca,,közepes állapotú,Panel lakás,,Ismeretlen,4.0,3.0,0.0,3 szoba,21.666666666666668,10,10.0,10.0,0,távfűtés,,1,0,0,0,nincs megadva,,,,nincs megadva,,,Ingatlaniroda,,2279.0,4.0,,,,,,,,,0,0,0,,0,0,0,,0,0,,0,0,0,,0,0,0,,,,,0,0,0,,0,0,0,,0,0,0,,0,0,0,,0,0,0,,,,,,
35547066,elado,"Budapest X. kerület, Gyömrői út 42.",Óhegy,55000000.0,55.0,55000.0,1309523.8095238095,17.822843743196746,14.085174124913376,0,42.0,44.0,2.0,4,0,0,0,1,0,1,1,1,0,58.0,,,0,,,0,,,0,0,0,https://ingatlan.com/35547066,"Eladó tégla lakás - Budapest X. kerület, Gyömrői út #35547066",1103,Budapest,Gyömrői út,42,felújított,Tégla lakás,1968.0,30-60 év (panel-korszak),4.0,2.0,0.0,2 szoba,21.0,földszint,0.0,0.0,0,hűtő-fűtő klíma,,0,0,0,0,nincs megadva,,,,nem,8000.0,,Ingatlaniroda,,991.0,2.0,,,,,,,,,0,0,0,,0,0,0,,0,0,,0,0,0,,0,0,0,,,,,0,0,0,,0,0,0,,0,0,0,,0,0,0,,0,0,0,,,,,,
35547086,elado,"Budapest X. kerület, Kőbánya - Óhegy",Óhegy,59900000.0,59.9,59900.0,1222448.9795918367,17.908187063085677,14.016366764975052,0,49.0,49.0,2.0,3,0,0,0,1,0,1,0,0,1,58.0,47.4820541,19.132346,0,297.2,150-300 m,0,,,0,0,0,https://ingatlan.com/35547086,"Eladó tégla lakás - Budapest X. kerület, Kőbánya - Óhegy #35547086",1103,Budapest,Kőbánya - Óhegy,,jó állapotú,Tégla lakás,1968.0,30-60 év (panel-korszak),0.0,2.0,0.0,2 szoba,24.5,3,3.0,3.0,0,gáz (konvektor),,0,1,0,0,nincs megadva,,,,nincs megadva,20000.0,,Ingatlaniroda,,1009.0,4.0,,,,,,,,,0,0,0,,0,0,0,,0,0,,0,0,0,,0,0,0,,,,,0,0,0,,0,0,0,,0,0,0,,0,0,0,,0,0,0,,,,,,
35547469,elado,"Budapest X. kerület, Kőbánya - Óhegy",Óhegy,59990000.0,59.99,59990.0,1276382.9787234042,17.909688439629274,14.059540837919217,0,47.0,47.85,2.0,3,0,0,0,1,0,1,1,0,0,,47.4820541,19.132346,0,297.2,150-300 m,0,,,0,0,0,https://ingatlan.com/35547469,"Eladó tégla lakás - Budapest X. kerület, Kőbánya - Óhegy #35547469",1103,Budapest,Kőbánya - Óhegy,,jó állapotú,Tégla lakás,,Ismeretlen,1.7,2.0,0.0,2 szoba,23.5,3,3.0,,0,gázkazán,,0,1,0,0,nincs megadva,,,,nincs megadva,,,Ingatlaniroda,,3120.0,4.0,,,,,,,,,0,0,0,,0,0,0,,0,0,,0,0,0,,0,0,0,,,,,0,0,0,,0,0,0,,0,0,0,,0,0,0,,0,0,0,,,,,,
35547717,elado,"Budapest X. kerület, Gőzmozdony utca",Újhegy,69900000.0,69.9,69900.0,1370588.2352941176,18.06257620720404,14.130750574479713,0,51.0,52.0,2.0,4,0,0,1,0,1,1,1,0,0,,47.4693516,19.1581878,0,747.5,500-1000 m,0,,,0,0,0,https://ingatlan.com/35547717,"Eladó panel lakás - Budapest X. kerület, Gőzmozdony utca #35547717",1108,Budapest,Gőzmozdony utca,,felújított,Panel lakás,,Ismeretlen,2.0,2.0,0.0,2 szoba,25.5,7,7.0,10.0,0,távfűtés,,1,0,0,0,nincs megadva,,,,nincs megadva,19000.0,15000.0,Ingatlaniroda,,1530.0,4.0,,,,,,,,,0,0,0,,0,0,0,,0,0,,0,0,0,,0,0,0,,,,,0,0,0,,0,0,0,,0,0,0,,0,0,0,,0,0,0,,,,,,
35547815,elado,"Budapest X. kerület, Kőbánya - Újhegyi lakótelep",Újhegy,65000000.0,65.0,65000.0,955882.3529411765,17.98989782785991,13.770390122683805,0,68.0,69.5,3.0,2,1,0,1,0,0,0,1,0,0,58.0,,,0,,,0,,,0,0,0,https://ingatlan.com/35547815,"Eladó panel lakás - Budapest X. kerület, Kőbánya - Újhegyi lakótelep #35547815",1108,Budapest,Kőbánya - Újhegyi lakótelep,,közepes állapotú,Panel lakás,1968.0,30-60 év (panel-korszak),3.0,3.0,0.0,3 szoba,22.666666666666668,6,6.0,,0,távfűtés,,1,0,0,0,nincs megadva,,,,nincs megadva,,,Ingatlaniroda,,1669.0,4.0,,,,,,,,,0,0,0,,0,0,0,,0,0,,0,0,0,,0,0,0,,,,,0,0,0,,0,0,0,,0,0,0,,0,0,0,,0,0,0,,,,,,
35547833,elado,"Budapest X. kerület, Gyárdűlő",Gyárdűlő,141900000.0,141.9,141900.0,1998591.5492957747,18.770633142130272,14.507953265088956,0,71.0,76.595,3.0,5,0,1,0,1,0,0,1,0,0,3.0,47.4754656,19.1221648,0,155.8,150-300 m,0,,,0,0,0,https://ingatlan.com/35547833,"Eladó tégla lakás - Budapest X. kerület, Gyárdűlő #35547833",1107,Budapest,Gyárdűlő,,újszerű,Tégla lakás,2023.0,0-10 év,11.19,3.0,0.0,3 szoba,23.666666666666668,7,7.0,,0,házközponti egyedi méréssel,,0,0,0,0,nincs megadva,,,,nincs megadva,,,Ingatlaniroda,,1934.0,4.0,,,,,,,,,0,0,0,,0,0,0,,0,0,,0,0,0,,0,0,0,,,,,0,0,0,,0,0,0,,0,0,0,,0,0,0,,0,0,0,,,,,,
35548375,elado,"Budapest X. kerület, Ceglédi út 11.",Gyárdűlő,95010000.0,95.01,95010.0,1557540.9836065574,18.369492707182932,14.258618843009621,0,61.0,67.18,3.0,6,0,1,0,1,1,0,1,1,0,0.0,47.4728,19.1211,1,416.4,300-500 m,0,1670.1,22.3,0,0,0,https://ingatlan.com/35548375,"Eladó tégla lakás - Budapest X. kerület, Ceglédi út 11. #35548375",1107,Budapest,Ceglédi út,11,új építésű,Tégla lakás,2028.0,Új építésű (2025+),12.36,3.0,0.0,3 szoba,20.333333333333332,földszint,0.0,7.0,0,hőszivattyú,,0,0,1,0,A+,,,,nem,,,Ingatlaniroda,,716.0,4.0,,,,,,,,743.5,0,1,1,540.2,0,1,1,214.3,1,1,540.2,0,1,1,536.9,0,1,1,3.0,19.0,64.0,1418.5,0,0,0,686.9,0,1,1,482.4,0,1,1,335.7,1,1,1,1125.5,0,0,0,Kőbánya alsó,,Balkán utca,Hizlaló tér,Kékvirág park,villamos
35548388,elado,"Budapest X. kerület, Ceglédi út 11.",Gyárdűlő,97630000.0,97.63,97630.0,1502000.0,18.396695381201855,14.222308111306218,0,65.0,69.51,3.0,6,0,1,0,1,1,0,1,0,0,0.0,47.4728,19.1211,1,416.4,300-500 m,0,1670.1,22.3,0,0,0,https://ingatlan.com/35548388,"Eladó tégla lakás - Budapest X. kerület, Ceglédi út 11. #35548388",1107,Budapest,Ceglédi út,11,új építésű,Tégla lakás,2028.0,Új építésű (2025+),9.02,3.0,0.0,3 szoba,21.666666666666668,2,2.0,7.0,0,hőszivattyú,,0,0,1,0,A+,,,,nem,,,Ingatlaniroda,,716.0,4.0,,,,,,,,743.5,0,1,1,540.2,0,1,1,214.3,1,1,540.2,0,1,1,536.9,0,1,1,3.0,19.0,64.0,1418.5,0,0,0,686.9,0,1,1,482.4,0,1,1,335.7,1,1,1,1125.5,0,0,0,Kőbánya alsó,,Balkán utca,Hizlaló tér,Kékvirág park,villamos
35548389,elado,"Budapest X. kerület, Ceglédi út 11.",Gyárdűlő,97630000.0,97.63,97630.0,1502000.0,18.396695381201855,14.222308111306218,0,65.0,69.51,3.0,6,0,1,0,1,1,0,1,0,0,0.0,47.4728,19.1211,1,416.4,300-500 m,0,1670.1,22.3,0,0,0,https://ingatlan.com/35548389,"Eladó tégla lakás - Budapest X. kerület, Ceglédi út 11. #35548389",1107,Budapest,Ceglédi út,11,új építésű,Tégla lakás,2028.0,Új építésű (2025+),9.02,3.0,0.0,3 szoba,21.666666666666668,3,3.0,7.0,0,hőszivattyú,,0,0,1,0,A+,,,,nem,,,Ingatlaniroda,,716.0,4.0,,,,,,,,743.5,0,1,1,540.2,0,1,1,214.3,1,1,540.2,0,1,1,536.9,0,1,1,3.0,19.0,64.0,1418.5,0,0,0,686.9,0,1,1,482.4,0,1,1,335.7,1,1,1,1125.5,0,0,0,Kőbánya alsó,,Balkán utca,Hizlaló tér,Kékvirág park,villamos
35548391,elado,"Budapest X. kerület, Ceglédi út 11.",Gyárdűlő,97630000.0,97.63,97630.0,1502000.0,18.396695381201855,14.222308111306218,0,65.0,69.51,3.0,6,0,1,0,1,1,0,1,0,0,0.0,47.4728,19.1211,1,416.4,300-500 m,0,1670.1,22.3,0,0,0,https://ingatlan.com/35548391,"Eladó tégla lakás - Budapest X. kerület, Ceglédi út 11. #35548391",1107,Budapest,Ceglédi út,11,új építésű,Tégla lakás,2028.0,Új építésű (2025+),9.02,3.0,0.0,3 szoba,21.666666666666668,4,4.0,7.0,0,hőszivattyú,,0,0,1,0,A+,,,,nem,,,Ingatlaniroda,,716.0,4.0,,,,,,,,743.5,0,1,1,540.2,0,1,1,214.3,1,1,540.2,0,1,1,536.9,0,1,1,3.0,19.0,64.0,1418.5,0,0,0,686.9,0,1,1,482.4,0,1,1,335.7,1,1,1,1125.5,0,0,0,Kőbánya alsó,,Balkán utca,Hizlaló tér,Kékvirág park,villamos
35548392,elado,"Budapest X. kerület, Ceglédi út 11.",Gyárdűlő,97630000.0,97.63,97630.0,1502000.0,18.396695381201855,14.222308111306218,0,65.0,69.51,3.0,6,0,1,0,1,1,0,1,0,0,0.0,47.4728,19.1211,1,416.4,300-500 m,0,1670.1,22.3,0,0,0,https://ingatlan.com/35548392,"Eladó tégla lakás - Budapest X. kerület, Ceglédi út 11. #35548392",1107,Budapest,Ceglédi út,11,új építésű,Tégla lakás,2028.0,Új építésű (2025+),9.02,3.0,0.0,3 szoba,21.666666666666668,5,5.0,7.0,0,hőszivattyú,,0,0,1,0,A+,,,,nem,,,Ingatlaniroda,,716.0,4.0,,,,,,,,743.5,0,1,1,540.2,0,1,1,214.3,1,1,540.2,0,1,1,536.9,0,1,1,3.0,19.0,64.0,1418.5,0,0,0,686.9,0,1,1,482.4,0,1,1,335.7,1,1,1,1125.5,0,0,0,Kőbánya alsó,,Balkán utca,Hizlaló tér,Kékvirág park,villamos
35548394,elado,"Budapest X. kerület, Ceglédi út 11.",Gyárdűlő,97630000.0,97.63,97630.0,1502000.0,18.396695381201855,14.222308111306218,0,65.0,69.51,3.0,6,0,1,0,1,1,0,1,0,0,0.0,47.4728,19.1211,1,416.4,300-500 m,0,1670.1,22.3,0,0,0,https://ingatlan.com/35548394,"Eladó tégla lakás - Budapest X. kerület, Ceglédi út 11. #35548394",1107,Budapest,Ceglédi út,11,új építésű,Tégla lakás,2028.0,Új építésű (2025+),9.02,3.0,0.0,3 szoba,21.666666666666668,6,6.0,7.0,0,hőszivattyú,,0,0,1,0,A+,,,,nem,,,Ingatlaniroda,,716.0,4.0,,,,,,,,743.5,0,1,1,540.2,0,1,1,214.3,1,1,540.2,0,1,1,536.9,0,1,1,3.0,19.0,64.0,1418.5,0,0,0,686.9,0,1,1,482.4,0,1,1,335.7,1,1,1,1125.5,0,0,0,Kőbánya alsó,,Balkán utca,Hizlaló tér,Kékvirág park,villamos
35548605,elado,"Budapest X. kerület, Kőbánya - Újhegyi lakótelep",Újhegy,56000000.0,56.0,56000.0,1142857.142857143,17.840862248699423,13.949041950588796,0,49.0,50.5,2.0,1,1,0,1,0,1,0,1,0,0,38.0,,,0,,,0,,,0,0,0,https://ingatlan.com/35548605,"Eladó panel lakás - Budapest X. kerület, Kőbánya - Újhegyi lakótelep #35548605",1108,Budapest,Kőbánya - Újhegyi lakótelep,,felújítandó,Panel lakás,1988.0,30-60 év (panel-korszak),3.0,2.0,0.0,2 szoba,24.5,9,9.0,,0,távfűtés,,1,0,0,0,nincs megadva,,,,nincs megadva,,,Ingatlaniroda,,4567.0,4.0,,,,,,,,,0,0,0,,0,0,0,,0,0,,0,0,0,,0,0,0,,,,,0,0,0,,0,0,0,,0,0,0,,0,0,0,,0,0,0,,,,,,
35549392,elado,"Budapest X. kerület, Kőbánya-Városközpont",Kőbánya-Városközpont,45900000.0,45.9,45900.0,1207894.7368421052,17.641975675030775,14.004389515304387,0,38.0,38.0,1.0,2,1,0,1,0,1,0,0,0,0,,47.482503,19.1307351,0,213.3,150-300 m,0,,,0,0,0,https://ingatlan.com/35549392,"Eladó panel lakás - Budapest X. kerület, Kőbánya-Városközpont #35549392",1105,Budapest,Kőbánya-Városközpont,,közepes állapotú,Panel lakás,,Ismeretlen,0.0,1.0,0.0,1 szoba,38.0,4,4.0,10.0,0,távfűtés,,1,0,0,0,nincs megadva,,,,nincs megadva,,,Ingatlaniroda,,202.0,4.0,,,,,,,,,0,0,0,,0,0,0,,0,0,,0,0,0,,0,0,0,,,,,0,0,0,,0,0,0,,0,0,0,,0,0,0,,0,0,0,,,,,,
35549624,elado,"Budapest X. kerület, Gergely utca 102.",Újhegy,132500000.0,132.5,132500.0,1790540.5405405406,18.70209320339055,14.398028110186381,0,74.0,84.0,4.0,3,0,0,0,1,1,1,1,0,0,0.0,47.466464,19.158341,1,452.6,300-500 m,0,1008.7,13.4,0,0,1,https://ingatlan.com/35549624,"Eladó tégla lakás - Budapest X. kerület, Gergely utca 102. #35549624",1103,Budapest,Gergely utca,102,nincs megadva,Tégla lakás,2025.0,Új építésű (2025+),20.0,4.0,0.0,4+ szoba,18.5,1,1.0,,0,házközponti,,0,0,0,0,A++,,,,nincs megadva,,,Ingatlaniroda,,637.0,4.0,,,,,,,,1014.6,0,0,1,1553.5,0,0,0,63.8,1,1,1008.7,0,0,1,306.5,1,1,1,6.0,28.0,71.0,,0,0,0,,0,0,0,451.9,0,1,1,138.4,1,1,1,1779.9,0,0,0,Kőbánya-Kispest,,Sírkert út,Rózsaliget,Gőzmozdony park,vasut
35549705,elado,"Budapest X. kerület, Halom köz",Kőbánya-Városközpont,60000000.0,60.0,60000.0,1395348.8372093022,17.909855120186375,14.148655004492813,0,43.0,43.5,2.0,3,0,0,0,1,0,0,1,0,0,58.0,47.4856069,19.1340573,0,592.3,500-1000 m,0,,,0,0,0,https://ingatlan.com/35549705,"Eladó tégla lakás - Budapest X. kerület, Halom köz #35549705",1105,Budapest,Halom köz,,jó állapotú,Tégla lakás,1968.0,30-60 év (panel-korszak),1.0,2.0,0.0,2 szoba,21.5,2,2.0,4.0,0,házközponti,,0,0,0,0,nincs megadva,,,,nincs megadva,11000.0,25000.0,Ingatlaniroda,,1759.0,4.0,,,,,,,,,0,0,0,,0,0,0,,0,0,,0,0,0,,0,0,0,,,,,0,0,0,,0,0,0,,0,0,0,,0,0,0,,0,0,0,,,,,,
35550253,elado,"Budapest X. kerület, Kőrösi Csoma Sándor út",Óhegy,59990000.0,59.99,59990.0,937343.75,17.909688439629274,13.750805356269604,0,64.0,64.0,3.0,1,1,0,1,0,1,0,0,0,0,58.0,47.4865004,19.1327222,0,533.8,500-1000 m,0,,,0,0,0,https://ingatlan.com/35550253,"Eladó panel lakás - Budapest X. kerület, Kőrösi Csoma Sándor út #35550253",1105,Budapest,Kőrösi Csoma Sándor út,,felújítandó,Panel lakás,1968.0,30-60 év (panel-korszak),0.0,3.0,0.0,3 szoba,21.333333333333332,7,7.0,10.0,0,távfűtés,,1,0,0,0,nincs megadva,,,,nem,,,Ingatlaniroda,,1430.0,4.0,,,,,,,,,0,0,0,,0,0,0,,0,0,,0,0,0,,0,0,0,,,,,0,0,0,,0,0,0,,0,0,0,,0,0,0,,0,0,0,,,,,,
35550395,elado,"Budapest X. kerület, Salgótarjáni utca",Laposdűlő,49900000.0,49.9,49900.0,1313157.894736842,17.72553156072175,14.08794540099536,0,38.0,38.0,2.0,4,0,0,0,1,0,1,0,0,0,58.0,47.4904869,19.1193942,0,143.3,<150 m,1,,,0,0,0,https://ingatlan.com/35550395,"Eladó tégla lakás - Budapest X. kerület, Salgótarjáni utca #35550395",1101,Budapest,Salgótarjáni utca,,felújított,Tégla lakás,1968.0,30-60 év (panel-korszak),0.0,2.0,0.0,2 szoba,19.0,4,4.0,5.0,0,elektromos fűtőpanel,,0,0,0,0,nincs megadva,,,,nem,14000.0,20000.0,Ingatlaniroda,,1596.0,4.0,,,,,,,,,0,0,0,,0,0,0,,0,0,,0,0,0,,0,0,0,,,,,0,0,0,,0,0,0,,0,0,0,,0,0,0,,0,0,0,,,,,,
35550764,elado,"Budapest X. kerület, Kúttó",Kőbánya egyéb,29900000.0,29.9,29900.0,1150000.0,17.213369038360916,13.955272500339433,0,26.0,26.0,1.0,3,0,0,0,1,0,0,0,0,0,58.0,47.4691645,19.1325826,0,134.8,<150 m,1,,,0,0,0,https://ingatlan.com/35550764,"Eladó tégla lakás - Budapest X. kerület, Kúttó #35550764",1103,Budapest,Kúttó,,jó állapotú,Tégla lakás,1968.0,30-60 év (panel-korszak),0.0,1.0,0.0,1 szoba,26.0,2,2.0,,0,házközponti,,0,0,0,0,nincs megadva,,,,nincs megadva,13000.0,,Ingatlaniroda,,1034.0,4.0,,,,,,,,,0,0,0,,0,0,0,,0,0,,0,0,0,,0,0,0,,,,,0,0,0,,0,0,0,,0,0,0,,0,0,0,,0,0,0,,,,,,
35550867,elado,"Budapest X. kerület, Halom köz",Kőbánya-Városközpont,49900000.0,49.9,49900.0,1160465.1162790698,17.72553156072175,13.964331445028185,0,43.0,43.0,2.0,2,1,0,0,1,0,0,0,0,0,58.0,47.4856069,19.1340573,0,592.3,500-1000 m,0,,,0,0,0,https://ingatlan.com/35550867,"Eladó tégla lakás - Budapest X. kerület, Halom köz #35550867",1105,Budapest,Halom köz,,közepes állapotú,Tégla lakás,1968.0,30-60 év (panel-korszak),0.0,2.0,0.0,2 szoba,21.5,1,1.0,4.0,0,gáz (konvektor),,0,1,0,0,nincs megadva,,,,nem,11000.0,15000.0,Ingatlaniroda,,1643.0,4.0,,,,,,,,,0,0,0,,0,0,0,,0,0,,0,0,0,,0,0,0,,,,,0,0,0,,0,0,0,,0,0,0,,0,0,0,,0,0,0,,,,,,
35551161,elado,"Budapest X. kerület, Kőbánya-Városközpont",Kőbánya-Városközpont,53900000.0,53.9,53900.0,1078000.0,17.802641035879226,13.89061803045108,0,50.0,50.0,2.0,3,0,0,0,0,1,0,0,0,0,58.0,47.482503,19.1307351,0,213.3,150-300 m,0,,,0,0,0,https://ingatlan.com/35551161,"Eladó csúsztatott zsalus - Budapest X. kerület, Kőbánya-Városközpont #35551161",1105,Budapest,Kőbánya-Városközpont,,nincs megadva,Csúsztatott zsalus lakás,1968.0,30-60 év (panel-korszak),0.0,2.0,0.0,2 szoba,25.0,6,6.0,,0,házközponti,,0,0,0,0,nincs megadva,,,,nincs megadva,18000.0,,Ingatlaniroda,,1108.0,4.0,,,,,,,,,0,0,0,,0,0,0,,0,0,,0,0,0,,0,0,0,,,,,0,0,0,,0,0,0,,0,0,0,,0,0,0,,0,0,0,,,,,,
35551476,elado,"Budapest X. kerület, Laposdűlő",Laposdűlő,45000000.0,45.0,45000.0,1285714.2857142857,17.622173047734595,14.06682498624518,0,35.0,35.0,2.0,3,0,0,0,1,0,0,0,0,1,96.0,47.4927492,19.1144828,0,359.2,300-500 m,0,,,0,0,0,https://ingatlan.com/35551476,"Eladó tégla lakás - Budapest X. kerület, Laposdűlő #35551476",1101,Budapest,Laposdűlő,,jó állapotú,Tégla lakás,1930.0,60+ év (háború előtti),0.0,2.0,0.0,2 szoba,17.5,3,3.0,3.0,0,gáz (konvektor),,0,1,0,0,I,,,,nincs megadva,,,Ingatlaniroda,,1175.0,4.0,,,,,,,,,0,0,0,,0,0,0,,0,0,,0,0,0,,0,0,0,,,,,0,0,0,,0,0,0,,0,0,0,,0,0,0,,0,0,0,,,,,,
35551999,elado,"Budapest X. kerület, Kőrösi Csoma sétány",Kőbánya-Városközpont,67000000.0,67.0,67000.0,943661.9718309859,18.02020317735524,13.757523300313924,0,71.0,71.0,3.0,3,0,0,1,0,0,0,0,0,0,,47.4850651,19.1310368,0,363.1,300-500 m,0,,,0,0,0,https://ingatlan.com/35551999,"Eladó panel lakás - Budapest X. kerület, Kőrösi Csoma sétány #35551999",1102,Budapest,Kőrösi Csoma sétány,,jó állapotú,Panel lakás,,Ismeretlen,0.0,3.0,0.0,3 szoba,23.666666666666668,2,2.0,4.0,0,távfűtés,,1,0,0,0,nincs megadva,,,,nincs megadva,,,Ingatlaniroda,,926.0,4.0,,,,,,,,,0,0,0,,0,0,0,,0,0,,0,0,0,,0,0,0,,,,,0,0,0,,0,0,0,,0,0,0,,0,0,0,,0,0,0,,,,,,
35552614,elado,"Budapest X. kerület, Dömsödi utca",Felsőrákos,124900000.0,124.9,124900.0,1212621.359223301,18.643023975095804,14.00829498686617,0,103.0,103.0,4.0,4,0,0,0,1,0,1,0,0,1,5.0,47.5015988,19.170004,0,620.2,500-1000 m,0,,,0,0,0,https://ingatlan.com/35552614,"Eladó tégla lakás - Budapest X. kerület, Dömsödi utca #35552614",1106,Budapest,Dömsödi utca,,felújított,Tégla lakás,2021.0,0-10 év,0.0,4.0,0.0,4+ szoba,25.75,2,2.0,2.0,0,gázkazán,,0,1,0,0,C,,,,nincs megadva,,,Ingatlaniroda,,1589.0,4.0,,,,,,,,,0,0,0,,0,0,0,,0,0,,0,0,0,,0,0,0,,,,,0,0,0,,0,0,0,,0,0,0,,0,0,0,,0,0,0,,,,,,
35553132,elado,"Budapest X. kerület, Vörösdinka utca",Óhegy,55900000.0,55.9,55900.0,1035185.1851851852,17.83907493812533,13.850090891561052,0,54.0,56.0,2.0,3,0,0,0,0,0,1,1,0,0,58.0,47.481899,19.1494089,0,939.2,500-1000 m,0,,,0,0,0,https://ingatlan.com/35553132,"Eladó csúsztatott zsalus - Budapest X. kerület, Vörösdinka utca #35553132",1104,Budapest,Vörösdinka utca,,nincs megadva,Csúsztatott zsalus lakás,1968.0,30-60 év (panel-korszak),4.0,2.0,0.0,2 szoba,27.0,2,2.0,4.0,0,távfűtés egyedi méréssel,,1,0,0,0,nincs megadva,,,,nincs megadva,15.0,25000.0,Ingatlaniroda,,1202.0,4.0,,,,,,,,,0,0,0,,0,0,0,,0,0,,0,0,0,,0,0,0,,,,,0,0,0,,0,0,0,,0,0,0,,0,0,0,,0,0,0,,,,,,
35553326,elado,"Budapest X. kerület, Laposdűlő",Laposdűlő,52900000.0,52.9,52900.0,1392105.2631578948,17.783913896828526,14.146327737102142,0,38.0,38.0,2.0,3,0,0,0,1,0,0,0,0,1,58.0,47.4927492,19.1144828,0,359.2,300-500 m,0,,,0,0,0,https://ingatlan.com/35553326,"Eladó tégla lakás - Budapest X. kerület, Laposdűlő #35553326",1101,Budapest,Laposdűlő,,jó állapotú,Tégla lakás,1968.0,30-60 év (panel-korszak),0.0,2.0,0.0,2 szoba,19.0,4,4.0,4.0,0,fan-coil,,0,0,0,0,nincs megadva,,,,nincs megadva,,,Ingatlaniroda,,1814.0,4.0,,,,,,,,,0,0,0,,0,0,0,,0,0,,0,0,0,,0,0,0,,,,,0,0,0,,0,0,0,,0,0,0,,0,0,0,,0,0,0,,,,,,
35553333,elado,"Budapest X. kerület, Kőbánya - Újhegyi lakótelep",Újhegy,75500000.0,75.5,75500.0,1110294.1176470588,18.13964321421925,13.920135509043146,0,68.0,69.5,3.0,3,0,0,1,0,1,0,1,0,0,38.0,,,0,,,0,,,0,0,0,https://ingatlan.com/35553333,"Eladó panel lakás - Budapest X. kerület, Kőbánya - Újhegyi lakótelep #35553333",1108,Budapest,Kőbánya - Újhegyi lakótelep,,jó állapotú,Panel lakás,1988.0,30-60 év (panel-korszak),3.0,3.0,0.0,3 szoba,22.666666666666668,3,3.0,10.0,0,távfűtés,,1,0,0,0,nincs megadva,,,,nincs megadva,,,Ingatlaniroda,,1537.0,4.0,,,,,,,,,0,0,0,,0,0,0,,0,0,,0,0,0,,0,0,0,,,,,0,0,0,,0,0,0,,0,0,0,,0,0,0,,0,0,0,,,,,,
35553338,elado,"Budapest X. kerület, Kőbánya - Óhegy",Óhegy,70500000.0,70.5,70500.0,1258928.5714285714,18.071123267782497,14.045771577047347,0,56.0,56.0,3.0,3,0,0,1,0,0,0,0,0,0,58.0,47.4820541,19.132346,0,297.2,150-300 m,0,,,0,0,0,https://ingatlan.com/35553338,"Eladó panel lakás - Budapest X. kerület, Kőbánya - Óhegy #35553338",1103,Budapest,Kőbánya - Óhegy,,jó állapotú,Panel lakás,1968.0,30-60 év (panel-korszak),0.0,3.0,0.0,3 szoba,18.666666666666668,2,2.0,4.0,0,távfűtés,,1,0,0,0,nincs megadva,,,,nincs megadva,,,Ingatlaniroda,,1479.0,4.0,,,,,,,,,0,0,0,,0,0,0,,0,0,,0,0,0,,0,0,0,,,,,0,0,0,,0,0,0,,0,0,0,,0,0,0,,0,0,0,,,,,,
35553425,elado,"Budapest X. kerület, Gyógyszergyári utca 10.",Felsőrákos,64900000.0,64.9,64900.0,1802777.7777777778,17.988358181674318,14.404839243218209,0,36.0,41.5,1.0,5,0,1,0,1,1,1,1,0,0,0.0,47.497327,19.139864,1,432.7,300-500 m,0,914.9,12.2,0,0,1,https://ingatlan.com/35553425,"Eladó tégla lakás - Budapest X. kerület, Gyógyszergyári utca 10. #35553425",1106,Budapest,Gyógyszergyári utca,10,újszerű,Tégla lakás,2026.0,Új építésű (2025+),11.0,1.0,0.0,1 szoba,36.0,5,5.0,8.0,0,"távfűtés egyedi méréssel, padlófűtés, hűtő-fűtő klíma",,1,0,0,0,A+,,,,nem,,,Ingatlaniroda,,2115.0,4.0,,,,,,,,817.0,0,0,1,146.6,1,1,1,445.1,0,1,146.6,1,1,1,429.1,0,1,1,2.0,30.0,99.0,1443.2,0,0,0,1468.0,0,0,0,765.2,0,0,1,557.9,0,1,1,818.9,0,0,1,Örs vezér tere,,Kincsem lakópark,Fehér úti ipari park,Névtelen zöldfelület / park,villamos
35553584,elado,"Budapest X. kerület, Kőbánya - Óhegy",Óhegy,45900000.0,45.9,45900.0,1207894.7368421052,17.641975675030775,14.004389515304387,0,38.0,38.0,1.0,2,1,0,1,0,1,0,0,0,0,,47.4820541,19.132346,0,297.2,150-300 m,0,,,0,0,0,https://ingatlan.com/35553584,"Eladó panel lakás - Budapest X. kerület, Kőbánya - Óhegy #35553584",1103,Budapest,Kőbánya - Óhegy,,közepes állapotú,Panel lakás,,Ismeretlen,0.0,1.0,0.0,1 szoba,38.0,4,4.0,10.0,0,távfűtés,,1,0,0,0,nincs megadva,,,,nincs megadva,,,Ingatlaniroda,,202.0,4.0,,,,,,,,,0,0,0,,0,0,0,,0,0,,0,0,0,,0,0,0,,,,,0,0,0,,0,0,0,,0,0,0,,0,0,0,,0,0,0,,,,,,
35554008,elado,"Budapest X. kerület, Gyakorló utcai lakótelep",Felsőrákos,64900000.0,64.9,64900.0,1224528.3018867925,17.988358181674318,14.018066268122197,0,53.0,55.0,2.0,2,1,0,1,0,1,0,1,0,0,38.0,47.5019128,19.142014,0,229.0,150-300 m,0,,,0,0,0,https://ingatlan.com/35554008,"Eladó panel lakás - Budapest X. kerület, Gyakorló utcai lakótelep #35554008",1106,Budapest,Gyakorló utcai lakótelep,,közepes állapotú,Panel lakás,1988.0,30-60 év (panel-korszak),4.0,2.0,0.0,2 szoba,26.5,9,9.0,10.0,0,távfűtés,,1,0,0,0,nincs megadva,,,,nincs megadva,,,Ingatlaniroda,,2225.0,4.0,,,,,,,,,0,0,0,,0,0,0,,0,0,,0,0,0,,0,0,0,,,,,0,0,0,,0,0,0,,0,0,0,,0,0,0,,0,0,0,,,,,,
35554066,elado,"Budapest X. kerület, Kőbánya - Újhegyi lakótelep",Újhegy,77500000.0,77.5,77500.0,1139705.8823529412,18.165788494323575,13.946280789147469,0,68.0,69.315,3.0,3,0,0,1,0,1,0,1,0,0,38.0,,,0,,,0,,,0,0,0,https://ingatlan.com/35554066,"Eladó panel lakás - Budapest X. kerület, Kőbánya - Újhegyi lakótelep #35554066",1108,Budapest,Kőbánya - Újhegyi lakótelep,,jó állapotú,Panel lakás,1988.0,30-60 év (panel-korszak),2.63,3.0,0.0,3 szoba,22.666666666666668,9,9.0,10.0,0,távfűtés egyedi méréssel,,1,0,0,0,nincs megadva,,,,nincs megadva,,,Ingatlaniroda,,970.0,4.0,,,,,,,,,0,0,0,,0,0,0,,0,0,,0,0,0,,0,0,0,,,,,0,0,0,,0,0,0,,0,0,0,,0,0,0,,0,0,0,,,,,,
35554447,elado,"Budapest X. kerület, Kőbánya - Óhegy",Óhegy,34900000.0,34.9,34900.0,872500.0,17.367997387172654,13.67911793305872,0,40.0,40.0,2.0,1,1,0,0,1,0,0,0,1,0,96.0,47.4820541,19.132346,0,297.2,150-300 m,0,,,0,0,0,https://ingatlan.com/35554447,"Eladó tégla lakás - Budapest X. kerület, Kőbánya - Óhegy #35554447",1103,Budapest,Kőbánya - Óhegy,,felújítandó,Tégla lakás,1930.0,60+ év (háború előtti),0.0,2.0,0.0,2 szoba,20.0,földszint,0.0,2.0,0,gáz (konvektor),,0,1,0,0,nincs megadva,,,,igen,,,Ingatlaniroda,,1176.0,4.0,,,,,,,,,0,0,0,,0,0,0,,0,0,,0,0,0,,0,0,0,,,,,0,0,0,,0,0,0,,0,0,0,,0,0,0,,0,0,0,,,,,,
35554569,elado,"Budapest X. kerület, Fokos utca",Gyárdűlő,53900000.0,53.9,53900.0,1100000.0,17.802641035879226,13.9108207377686,0,49.0,49.0,1.0,1,1,0,0,1,0,0,0,0,0,,47.4790133,19.1227516,0,156.4,150-300 m,0,,,0,0,0,https://ingatlan.com/35554569,"Eladó tégla lakás - Budapest X. kerület, Fokos utca #35554569",1107,Budapest,Fokos utca,,felújítandó,Tégla lakás,,Ismeretlen,0.0,1.0,0.0,1 szoba,49.0,2,2.0,3.0,0,gáz (konvektor),,0,1,0,0,nincs megadva,,,,nincs megadva,16500.0,,Ingatlaniroda,,1545.0,4.0,,,,,,,,,0,0,0,,0,0,0,,0,0,,0,0,0,,0,0,0,,,,,0,0,0,,0,0,0,,0,0,0,,0,0,0,,0,0,0,,,,,,
35555160,elado,"Budapest X. kerület, Martinovics tér 9.",Óhegy,65000000.0,65.0,65000.0,1477272.7272727273,17.98989782785991,14.20570819394165,0,44.0,44.0,2.0,3,0,0,0,1,0,0,0,0,0,21.0,47.481085,19.134945,1,417.0,300-500 m,0,720.0,9.6,0,1,1,https://ingatlan.com/35555160,"Eladó tégla lakás - Budapest X. kerület, Martinovics tér 9. #35555160",1105,Budapest,Martinovics tér,9,jó állapotú,Tégla lakás,2005.0,10-30 év (rendszerváltás utáni),0.0,2.0,0.0,2 szoba,22.0,2,2.0,4.0,0,gázkazán,,0,1,0,0,nincs megadva,,,,nem,,,Ingatlaniroda,,541.0,2.0,,,,,,,,,0,0,0,430.9,0,1,1,83.9,1,1,430.9,0,1,1,280.6,1,1,1,9.0,67.0,110.0,379.2,0,1,1,1076.9,0,0,1,94.1,1,1,1,556.2,0,1,1,,0,0,0,Kőbánya alsó,,Kápolna utca,Kápolna tér,Csajkovszkij park,villamos
35555176,elado,"Budapest X. kerület, Liget utca",Ligettelek,28000000.0,28.0,28000.0,875000.0,17.14771506813948,13.681979165339751,0,32.0,32.0,1.0,3,0,0,0,1,0,0,0,0,0,,47.4890878,19.1331022,0,246.8,150-300 m,0,,,0,0,0,https://ingatlan.com/35555176,Egy pillanat...,1102,Budapest,Liget utca,,,Tégla lakás,,Ismeretlen,0.0,1.0,0.0,1 szoba,32.0,,,,0,,,0,0,0,0,,,,,,,,Ingatlaniroda,,0.0,0.0,,,,,,,,,0,0,0,,0,0,0,,0,0,,0,0,0,,0,0,0,,,,,0,0,0,,0,0,0,,0,0,0,,0,0,0,,0,0,0,,,,,,
35555232,elado,"Budapest X. kerület, Pára utca",Újhegy,74900000.0,74.9,74900.0,1101470.5882352942,18.13166444848745,13.912156743311341,0,68.0,68.0,3.0,3,0,0,1,0,1,1,0,0,0,,47.4686432,19.1625073,0,788.3,500-1000 m,0,,,0,0,0,https://ingatlan.com/35555232,"Eladó panel lakás - Budapest X. kerület, Pára utca #35555232",1108,Budapest,Pára utca,,jó állapotú,Panel lakás,,Ismeretlen,0.0,3.0,0.0,3 szoba,22.666666666666668,4,4.0,10.0,0,távfűtés,,1,0,0,0,nincs megadva,,,,nincs megadva,,,Ingatlaniroda,,1364.0,4.0,,,,,,,,,0,0,0,,0,0,0,,0,0,,0,0,0,,0,0,0,,,,,0,0,0,,0,0,0,,0,0,0,,0,0,0,,0,0,0,,,,,,
35555475,elado,"Budapest X. kerület, Gyakorló utcai lakótelep",Felsőrákos,64900000.0,64.9,64900.0,1224528.3018867925,17.988358181674318,14.018066268122197,0,53.0,55.0,2.0,3,0,0,1,0,1,0,1,0,0,58.0,47.5019128,19.142014,0,229.0,150-300 m,0,,,0,0,0,https://ingatlan.com/35555475,"Eladó panel lakás - Budapest X. kerület, Gyakorló utcai lakótelep #35555475",1106,Budapest,Gyakorló utcai lakótelep,,jó állapotú,Panel lakás,1968.0,30-60 év (panel-korszak),4.0,2.0,0.0,2 szoba,26.5,9,9.0,10.0,0,távfűtés,,1,0,0,0,nincs megadva,,,,nincs megadva,19500.0,,Ingatlaniroda,,1297.0,4.0,,,,,,,,,0,0,0,,0,0,0,,0,0,,0,0,0,,0,0,0,,,,,0,0,0,,0,0,0,,0,0,0,,0,0,0,,0,0,0,,,,,,
35555508,elado,"Budapest X. kerület, Kozma utca 15.",Keresztúridűlő,44900000.0,44.9,44900.0,1247222.2222222222,17.619948352712484,14.036429414256373,0,36.0,37.5,1.0,3,0,0,0,1,0,1,1,0,1,58.0,47.468711,19.178341,1,1250.1,1000-2000 m,0,,,0,0,0,https://ingatlan.com/35555508,"Eladó tégla lakás - Budapest X. kerület, Kozma utca 15. #35555508",1108,Budapest,Kozma utca,15,jó állapotú,Tégla lakás,1968.0,30-60 év (panel-korszak),3.0,1.0,0.0,1 szoba,36.0,2,2.0,2.0,0,"hűtő-fűtő klíma, elektromos fűtőpanel",,0,0,0,0,nincs megadva,,,,nem,13244.0,,Ingatlaniroda,,2319.0,4.0,,,,,,,,,0,0,0,927.4,0,0,1,673.3,0,1,927.4,0,0,1,1283.8,0,0,0,0.0,1.0,14.0,,0,0,0,,0,0,0,1684.2,0,0,0,1803.3,0,0,0,2021.1,0,0,0,,,Új köztemető,Maglódi út,1848-49-es honvédsírok,villamos
35555844,elado,"Budapest X. kerület, Gyakorló utca",Felsőrákos,69900000.0,69.9,69900.0,1165000.0,18.06257620720404,13.968231644981937,0,60.0,62.0,3.0,2,1,0,1,0,1,0,1,0,0,,47.5018325,19.1436801,0,258.3,150-300 m,0,,,0,0,0,https://ingatlan.com/35555844,"Eladó panel lakás - Budapest X. kerület, Gyakorló utca #35555844",1106,Budapest,Gyakorló utca,,közepes állapotú,Panel lakás,,Ismeretlen,4.0,3.0,0.0,3 szoba,20.0,1,1.0,10.0,0,távfűtés,,1,0,0,0,nincs megadva,,,,nincs megadva,,,Ingatlaniroda,,805.0,4.0,,,,,,,,,0,0,0,,0,0,0,,0,0,,0,0,0,,0,0,0,,,,,0,0,0,,0,0,0,,0,0,0,,0,0,0,,0,0,0,,,,,,
35556139,elado,"Budapest X. kerület, Kőbánya-Városközpont",Kőbánya-Városközpont,75900000.0,75.9,75900.0,1204761.9047619049,18.14492724236586,14.001792515974326,0,63.0,63.0,3.0,3,0,0,1,0,1,0,0,0,0,58.0,47.482503,19.1307351,0,213.3,150-300 m,0,,,0,0,0,https://ingatlan.com/35556139,"Eladó panel lakás - Budapest X. kerület, Kőbánya-Városközpont #35556139",1105,Budapest,Kőbánya-Városközpont,,jó állapotú,Panel lakás,1968.0,30-60 év (panel-korszak),0.0,3.0,0.0,3 szoba,21.0,2,2.0,7.0,0,távfűtés,,1,0,0,0,nincs megadva,,,,nem,16000.0,,Ingatlaniroda,,2644.0,4.0,,,,,,,,,0,0,0,,0,0,0,,0,0,,0,0,0,,0,0,0,,,,,0,0,0,,0,0,0,,0,0,0,,0,0,0,,0,0,0,,,,,,
35556435,elado,"Budapest X. kerület, Ligettelek",Ligettelek,63500000.0,63.5,63500.0,992187.5,17.96655046386292,13.807667380503249,0,64.0,64.0,3.0,3,0,0,1,0,1,1,0,0,0,58.0,47.493646,19.1300619,0,227.7,150-300 m,0,,,0,0,0,https://ingatlan.com/35556435,"Eladó panel lakás - Budapest X. kerület, Ligettelek #35556435",1101,Budapest,Ligettelek,,jó állapotú,Panel lakás,1968.0,30-60 év (panel-korszak),0.0,3.0,0.0,3 szoba,21.333333333333332,6,6.0,10.0,0,távfűtés,,1,0,0,0,nincs megadva,,,,nincs megadva,15000.0,40000.0,Ingatlaniroda,,1310.0,4.0,,,,,,,,,0,0,0,,0,0,0,,0,0,,0,0,0,,0,0,0,,,,,0,0,0,,0,0,0,,0,0,0,,0,0,0,,0,0,0,,,,,,
35556438,elado,"Budapest X. kerület, Kőbánya - Újhegyi lakótelep",Újhegy,66500000.0,66.5,66500.0,977941.1764705882,18.012712505626084,13.793204800449976,0,68.0,69.5,3.0,2,1,0,0,1,1,0,1,0,0,58.0,,,0,,,0,,,0,0,0,https://ingatlan.com/35556438,"Eladó tégla lakás - Budapest X. kerület, Kőbánya - Újhegyi lakótelep #35556438",1108,Budapest,Kőbánya - Újhegyi lakótelep,,közepes állapotú,Tégla lakás,1968.0,30-60 év (panel-korszak),3.0,3.0,0.0,3 szoba,22.666666666666668,félemelet,0.5,10.0,0,távfűtés,,1,0,0,0,nincs megadva,,,,nem,21000.0,17000.0,Ingatlaniroda,,2689.0,4.0,,,,,,,,,0,0,0,,0,0,0,,0,0,,0,0,0,,0,0,0,,,,,0,0,0,,0,0,0,,0,0,0,,0,0,0,,0,0,0,,,,,,
35556560,elado,"Budapest X. kerület, Szövőszék utca",Újhegy,57900000.0,57.9,57900.0,1052727.2727272727,17.874227942543225,13.866894757310753,0,55.0,56.5,2.0,1,1,0,1,0,1,1,1,0,0,58.0,47.470857,19.1611314,0,980.9,500-1000 m,0,,,0,0,0,https://ingatlan.com/35556560,"Eladó panel lakás - Budapest X. kerület, Szövőszék utca #35556560",1108,Budapest,Szövőszék utca,,felújítandó,Panel lakás,1968.0,30-60 év (panel-korszak),3.0,2.0,0.0,2 szoba,27.5,2,2.0,10.0,0,távfűtés,,1,0,0,0,nincs megadva,,,,nincs megadva,21700.0,35000.0,Ingatlaniroda,,358.0,2.0,,,,,,,,,0,0,0,,0,0,0,,0,0,,0,0,0,,0,0,0,,,,,0,0,0,,0,0,0,,0,0,0,,0,0,0,,0,0,0,,,,,,
35556566,elado,"Budapest X. kerület, Kőbányai út 45.",Gyárdűlő,165000000.0,165.0,165000.0,1513761.4678899082,18.921456031864853,14.230108149635711,0,109.0,193.5,4.0,4,0,0,0,1,1,1,1,0,1,14.0,47.483681,19.114939,1,295.0,150-300 m,0,1034.6,13.8,0,0,1,https://ingatlan.com/35556566,"Eladó tégla lakás - Budapest X. kerület, Kőbányai út 45. #35556566",1101,Budapest,Kőbányai út,45,felújított,Tégla lakás,2012.0,10-30 év (rendszerváltás utáni),169.0,4.0,0.0,4+ szoba,27.25,4,4.0,4.0,0,távfűtés egyedi méréssel,,1,0,0,0,A+,,,,nincs megadva,85000.0,,Ingatlaniroda,,8066.0,4.0,,,,,,,,1877.6,0,0,0,255.8,1,1,1,279.0,1,1,255.8,1,1,1,521.3,0,1,1,4.0,18.0,52.0,717.4,0,1,1,1532.4,0,0,0,431.2,0,1,1,436.2,0,1,1,,0,0,0,Kőbánya alsó,,Kismartoni út,Kismartoni út,Játszótér,villamos
35556605,elado,"Budapest X. kerület, Vörösdinka utca",Óhegy,70500000.0,70.5,70500.0,1258928.5714285714,18.071123267782497,14.045771577047347,0,56.0,56.0,3.0,4,0,0,1,0,0,0,0,0,0,58.0,47.481899,19.1494089,0,939.2,500-1000 m,0,,,0,0,0,https://ingatlan.com/35556605,"Eladó panel lakás - Budapest X. kerület, Vörösdinka utca #35556605",1104,Budapest,Vörösdinka utca,,felújított,Panel lakás,1968.0,30-60 év (panel-korszak),0.0,3.0,0.0,3 szoba,18.666666666666668,2,2.0,,0,távfűtés,,1,0,0,0,nincs megadva,,,,nincs megadva,,,Ingatlaniroda,,1580.0,4.0,,,,,,,,,0,0,0,,0,0,0,,0,0,,0,0,0,,0,0,0,,,,,0,0,0,,0,0,0,,0,0,0,,0,0,0,,0,0,0,,,,,,
35556819,elado,"Budapest X. kerület, Kápolna utca",Kőbánya-Városközpont,64500000.0,64.5,64500.0,1023809.5238095238,17.982175781766,13.839041055374468,0,63.0,63.0,3.0,3,0,0,1,0,1,1,0,0,0,38.0,47.4823363,19.1289949,0,88.5,<150 m,1,,,0,0,0,https://ingatlan.com/35556819,"Eladó panel lakás - Budapest X. kerület, Kápolna utca #35556819",1102,Budapest,Kápolna utca,,jó állapotú,Panel lakás,1988.0,30-60 év (panel-korszak),0.0,3.0,0.0,3 szoba,21.0,4,4.0,7.0,0,távfűtés,,1,0,0,0,nincs megadva,,,,nincs megadva,,,Ingatlaniroda,,1096.0,4.0,,,,,,,,,0,0,0,,0,0,0,,0,0,,0,0,0,,0,0,0,,,,,0,0,0,,0,0,0,,0,0,0,,0,0,0,,0,0,0,,,,,,
35557120,elado,"Budapest X. kerület, Gyárdűlő",Gyárdűlő,45500000.0,45.5,45500.0,1378787.878787879,17.633222883921178,14.136715322454698,0,33.0,33.0,1.0,1,1,0,0,1,0,0,0,0,0,58.0,47.4754656,19.1221648,0,155.8,150-300 m,0,,,0,0,0,https://ingatlan.com/35557120,"Eladó tégla lakás - Budapest X. kerület, Gyárdűlő #35557120",1107,Budapest,Gyárdűlő,,felújítandó,Tégla lakás,1968.0,30-60 év (panel-korszak),0.0,1.0,0.0,1 szoba,33.0,1,1.0,,0,gáz (konvektor),,0,1,0,0,nincs megadva,,,,nincs megadva,12135.0,,Ingatlaniroda,,1169.0,4.0,,,,,,,,,0,0,0,,0,0,0,,0,0,,0,0,0,,0,0,0,,,,,0,0,0,,0,0,0,,0,0,0,,0,0,0,,0,0,0,,,,,,
35557146,elado,"Budapest X. kerület, Kőbánya - Újhegyi lakótelep",Újhegy,66500000.0,66.5,66500.0,977941.1764705882,18.012712505626084,13.793204800449976,0,68.0,69.5,3.0,3,0,0,1,0,1,0,1,1,0,58.0,,,0,,,0,,,0,0,0,https://ingatlan.com/35557146,"Eladó panel lakás - Budapest X. kerület, Kőbánya - Újhegyi lakótelep #35557146",1108,Budapest,Kőbánya - Újhegyi lakótelep,,jó állapotú,Panel lakás,1968.0,30-60 év (panel-korszak),3.0,3.0,0.0,3 szoba,22.666666666666668,földszint,0.0,10.0,0,távfűtés,,1,0,0,0,nincs megadva,,,,nincs megadva,21000.0,,Ingatlaniroda,,2689.0,4.0,,,,,,,,,0,0,0,,0,0,0,,0,0,,0,0,0,,0,0,0,,,,,0,0,0,,0,0,0,,0,0,0,,0,0,0,,0,0,0,,,,,,
35557562,elado,"Budapest X. kerület, Kőbánya - Óhegy",Óhegy,59900000.0,59.9,59900.0,1151923.076923077,17.908187063085677,13.95694334450425,0,52.0,52.0,2.0,2,1,0,0,1,0,0,0,1,0,96.0,47.4820541,19.132346,0,297.2,150-300 m,0,,,0,0,0,https://ingatlan.com/35557562,"Eladó tégla lakás - Budapest X. kerület, Kőbánya - Óhegy #35557562",1103,Budapest,Kőbánya - Óhegy,,közepes állapotú,Tégla lakás,1930.0,60+ év (háború előtti),0.0,2.0,0.0,2 szoba,26.0,földszint,0.0,,0,gázkazán,,0,1,0,0,nincs megadva,,,,igen,2.0,,Ingatlaniroda,,701.0,4.0,,,,,,,,,0,0,0,,0,0,0,,0,0,,0,0,0,,0,0,0,,,,,0,0,0,,0,0,0,,0,0,0,,0,0,0,,0,0,0,,,,,,
35558349,elado,"Budapest X. kerület, Kőbánya - Újhegyi lakótelep",Újhegy,78000000.0,78.0,78000.0,1147058.8235294118,18.172219384653864,13.952711679477758,0,68.0,70.0,3.0,4,0,0,1,0,1,1,1,0,0,38.0,,,0,,,0,,,0,0,0,https://ingatlan.com/35558349,"Eladó panel lakás - Budapest X. kerület, Kőbánya - Újhegyi lakótelep #35558349",1108,Budapest,Kőbánya - Újhegyi lakótelep,,felújított,Panel lakás,1988.0,30-60 év (panel-korszak),4.0,3.0,0.0,3 szoba,22.666666666666668,4,4.0,10.0,0,távfűtés,,1,0,0,0,nincs megadva,,,,nem,,,Ingatlaniroda,,1815.0,4.0,,,,,,,,,0,0,0,,0,0,0,,0,0,,0,0,0,,0,0,0,,,,,0,0,0,,0,0,0,,0,0,0,,0,0,0,,0,0,0,,,,,,
35558810,elado,"Budapest X. kerület, Kőbánya - Újhegyi lakótelep",Újhegy,75500000.0,75.5,75500.0,1110294.1176470588,18.13964321421925,13.920135509043146,0,68.0,69.5,3.0,3,0,0,1,0,1,0,1,0,0,38.0,,,0,,,0,,,0,0,0,https://ingatlan.com/35558810,"Eladó panel lakás - Budapest X. kerület, Kőbánya - Újhegyi lakótelep #35558810",1108,Budapest,Kőbánya - Újhegyi lakótelep,,jó állapotú,Panel lakás,1988.0,30-60 év (panel-korszak),3.0,3.0,0.0,3 szoba,22.666666666666668,3,3.0,,0,távfűtés,,1,0,0,0,nincs megadva,,,,nincs megadva,,,Ingatlaniroda,,1633.0,4.0,,,,,,,,,0,0,0,,0,0,0,,0,0,,0,0,0,,0,0,0,,,,,0,0,0,,0,0,0,,0,0,0,,0,0,0,,0,0,0,,,,,,
35559349,elado,"Budapest X. kerület, Szállás utca",Gyárdűlő,29900000.0,29.9,29900.0,1150000.0,17.213369038360916,13.955272500339433,0,26.0,26.0,1.0,3,0,0,0,1,0,0,0,0,0,58.0,47.4778475,19.1261483,0,238.5,150-300 m,0,,,0,0,0,https://ingatlan.com/35559349,"Eladó tégla lakás - Budapest X. kerület, Szállás utca #35559349",1107,Budapest,Szállás utca,,jó állapotú,Tégla lakás,1968.0,30-60 év (panel-korszak),0.0,1.0,0.0,1 szoba,26.0,2,2.0,,0,egyéb,,0,0,0,0,nincs megadva,,,,nincs megadva,,,Ingatlaniroda,,1372.0,4.0,,,,,,,,,0,0,0,,0,0,0,,0,0,,0,0,0,,0,0,0,,,,,0,0,0,,0,0,0,,0,0,0,,0,0,0,,0,0,0,,,,,,
35559807,elado,"Budapest X. kerület, Mádi utca 198.",Újhegy,68900000.0,68.9,68900.0,1208771.9298245613,18.048166735983887,14.005115468149336,0,57.0,58.5,3.0,3,0,0,1,0,1,0,1,0,0,38.0,47.472445,19.165982,1,890.7,500-1000 m,0,1867.9,24.9,0,0,0,https://ingatlan.com/35559807,"Eladó panel lakás - Budapest X. kerület, Mádi utca 198. #35559807",1108,Budapest,Mádi utca,198,jó állapotú,Panel lakás,1988.0,30-60 év (panel-korszak),3.0,3.0,0.0,3 szoba,19.0,7,7.0,10.0,0,távfűtés egyedi méréssel,,1,0,0,0,nincs megadva,,,,nem,16400.0,,Ingatlaniroda,,2054.0,4.0,,,,,,,,1873.8,0,0,0,680.6,0,1,1,193.1,1,1,680.6,0,1,1,837.8,0,0,1,6.0,29.0,57.0,,0,0,0,,0,0,0,173.3,1,1,1,414.3,0,1,1,1004.1,0,0,1,Kőbánya-Kispest,,Sírkert út,Zsombék utca,Újhegy park,villamos
35560389,elado,"Budapest X. kerület, Harmat utca",Óhegy,62800000.0,62.8,62800.0,1207692.3076923077,17.955465631438425,14.004221912857,0,52.0,54.0,2.0,3,0,0,0,1,0,1,1,0,1,,47.4702785,19.1650971,0,1026.1,1000-2000 m,0,,,0,0,0,https://ingatlan.com/35560389,"Eladó tégla lakás - Budapest X. kerület, Harmat utca #35560389",1104,Budapest,Harmat utca,,jó állapotú,Tégla lakás,,Ismeretlen,4.0,2.0,0.0,2 szoba,26.0,4,4.0,4.0,0,gázkazán,,0,1,0,0,nincs megadva,,,,nem,16000.0,,Ingatlaniroda,,720.0,4.0,,,,,,,,,0,0,0,,0,0,0,,0,0,,0,0,0,,0,0,0,,,,,0,0,0,,0,0,0,,0,0,0,,0,0,0,,0,0,0,,,,,,
35560393,elado,"Budapest X. kerület, Kőbánya - Újhegyi lakótelep",Újhegy,54900000.0,54.9,54900.0,1098000.0,17.82102390647976,13.909000901051613,0,50.0,51.5,2.0,3,0,0,1,0,1,1,1,0,0,,,,0,,,0,,,0,0,0,https://ingatlan.com/35560393,"Eladó panel lakás - Budapest X. kerület, Kőbánya - Újhegyi lakótelep #35560393",1108,Budapest,Kőbánya - Újhegyi lakótelep,,jó állapotú,Panel lakás,,Ismeretlen,3.0,2.0,0.0,2 szoba,25.0,7,7.0,10.0,0,távfűtés,,1,0,0,0,B,,,,nincs megadva,13300.0,,Ingatlaniroda,,991.0,4.0,,,,,,,,,0,0,0,,0,0,0,,0,0,,0,0,0,,0,0,0,,,,,0,0,0,,0,0,0,,0,0,0,,0,0,0,,0,0,0,,,,,,
35560856,elado,"Budapest X. kerület, Kőrösi Csoma Sándor út 35.",Kőbánya-Városközpont,62800000.0,62.8,62800.0,1184905.6603773586,17.955465631438425,13.985173717886305,0,53.0,57.0,2.0,4,0,0,0,0,1,1,1,0,0,,47.488395,19.135402,1,339.6,300-500 m,0,580.0,7.7,0,1,1,https://ingatlan.com/35560856,"Eladó csúsztatott zsalus - Budapest X. kerület, Kőrösi Csoma Sándor út 35. #35560856",1102,Budapest,Kőrösi Csoma Sándor út,35,felújított,Csúsztatott zsalus lakás,,Ismeretlen,8.0,2.0,0.0,2 szoba,26.5,6,6.0,9.0,0,távfűtés egyedi méréssel,,1,0,0,0,nincs megadva,,,,nincs megadva,9000.0,25000.0,Ingatlaniroda,,754.0,4.0,,,,,,,,2043.1,0,0,0,46.4,1,1,1,43.4,1,1,46.4,1,1,1,291.7,1,1,1,11.0,51.0,116.0,1240.0,0,0,0,270.3,1,1,1,541.6,0,1,1,170.2,1,1,1,2098.0,0,0,0,Kőbánya felső,,Szent László Gimnázium,Szent László Gimnázium,Rottenbiller park,villamos
35561006,elado,"Budapest X. kerület, Gyárdűlő",Gyárdűlő,29500000.0,29.5,29500.0,819444.4444444445,17.19990082131005,13.616381882853938,0,36.0,36.0,1.0,1,1,0,0,1,0,0,0,0,0,96.0,47.4754656,19.1221648,0,155.8,150-300 m,0,,,0,0,0,https://ingatlan.com/35561006,"Eladó tégla lakás - Budapest X. kerület, Gyárdűlő #35561006",1107,Budapest,Gyárdűlő,,felújítandó,Tégla lakás,1930.0,60+ év (háború előtti),0.0,1.0,0.0,1 szoba,36.0,félemelet,0.5,2.0,0,elektromos fűtőpanel,,0,0,0,0,nincs megadva,,,,nincs megadva,,,Ingatlaniroda,,893.0,4.0,,,,,,,,,0,0,0,,0,0,0,,0,0,,0,0,0,,0,0,0,,,,,0,0,0,,0,0,0,,0,0,0,,0,0,0,,0,0,0,,,,,,
35561192,elado,"Budapest X. kerület, Oltó utca",Újhegy,49990000.0,49.99,49990.0,1020204.081632653,17.727333543389754,13.835513245279126,0,49.0,51.0,2.0,2,1,0,1,0,1,1,1,0,1,,47.4691634,19.1592716,0,756.6,500-1000 m,0,,,0,0,0,https://ingatlan.com/35561192,"Eladó panel lakás - Budapest X. kerület, Oltó utca #35561192",1108,Budapest,Oltó utca,,közepes állapotú,Panel lakás,,Ismeretlen,4.0,2.0,0.0,2 szoba,24.5,10,10.0,10.0,0,távfűtés,,1,0,0,0,F,,,,nincs megadva,15000.0,25000.0,Ingatlaniroda,,441.0,4.0,,,,,,,,,0,0,0,,0,0,0,,0,0,,0,0,0,,0,0,0,,,,,0,0,0,,0,0,0,,0,0,0,,0,0,0,,0,0,0,,,,,,
35561489,elado,"Budapest X. kerület, Keresztúridűlő",Keresztúridűlő,45000000.0,45.0,45000.0,1250000.0,17.622173047734595,14.038654109278484,0,36.0,36.0,1.0,3,0,0,0,1,0,0,0,1,0,58.0,47.4740896,19.1863957,0,1385.1,1000-2000 m,0,,,0,0,0,https://ingatlan.com/35561489,"Eladó tégla lakás - Budapest X. kerület, Keresztúridűlő #35561489",1108,Budapest,Keresztúridűlő,,jó állapotú,Tégla lakás,1968.0,30-60 év (panel-korszak),0.0,1.0,0.0,1 szoba,36.0,földszint,0.0,,0,gáz (konvektor),,0,1,0,0,nincs megadva,,,,nincs megadva,,,Ingatlaniroda,,1180.0,4.0,,,,,,,,,0,0,0,,0,0,0,,0,0,,0,0,0,,0,0,0,,,,,0,0,0,,0,0,0,,0,0,0,,0,0,0,,0,0,0,,,,,,
35561491,elado,"Budapest X. kerület, Somfa köz 58.",Gyárdűlő,66000000.0,66.0,66000.0,1137931.0344827587,18.0051652999907,13.94472228944428,0,58.0,60.0,3.0,3,0,0,1,0,1,1,1,0,1,38.0,,,0,,,0,,,0,0,0,https://ingatlan.com/35561491,"Eladó panel lakás - Budapest X. kerület, Somfa köz #35561491",1107,Budapest,Somfa köz,58,jó állapotú,Panel lakás,1988.0,30-60 év (panel-korszak),4.0,3.0,0.0,3 szoba,19.333333333333332,10,10.0,10.0,0,távfűtés,,1,0,0,0,nincs megadva,,,,nincs megadva,15800.0,,Ingatlaniroda,,2069.0,4.0,,,,,,,,,0,0,0,,0,0,0,,0,0,,0,0,0,,0,0,0,,,,,0,0,0,,0,0,0,,0,0,0,,0,0,0,,0,0,0,,,,,,
35561533,elado,"Budapest X. kerület, Állomás utca",Ligettelek,45900000.0,45.9,45900.0,1119512.1951219512,17.641975675030775,13.928403608326466,0,41.0,41.0,2.0,2,1,0,1,0,1,0,0,0,0,,47.5210755,19.1483125,0,126.1,<150 m,1,,,0,0,0,https://ingatlan.com/35561533,"Eladó panel lakás - Budapest X. kerület, Állomás utca #35561533",1102,Budapest,Állomás utca,,közepes állapotú,Panel lakás,,Ismeretlen,0.0,2.0,0.0,2 szoba,20.5,2,2.0,10.0,0,távfűtés,,1,0,0,0,nincs megadva,,,,nincs megadva,16750.0,,Ingatlaniroda,,911.0,4.0,,,,,,,,,0,0,0,,0,0,0,,0,0,,0,0,0,,0,0,0,,,,,0,0,0,,0,0,0,,0,0,0,,0,0,0,,0,0,0,,,,,,
35561955,elado,"Budapest X. kerület, Kőrösi Csoma Sándor út",Kőbánya-Városközpont,35990000.0,35.99,35990.0,1160967.7419354839,17.398751680055213,13.964764475570068,0,31.0,32.5,1.0,1,1,0,1,0,1,0,1,0,0,58.0,47.4865004,19.1327222,0,533.8,500-1000 m,0,,,0,0,0,https://ingatlan.com/35561955,"Eladó panel lakás - Budapest X. kerület, Kőrösi Csoma Sándor út #35561955",1102,Budapest,Kőrösi Csoma Sándor út,,felújítandó,Panel lakás,1968.0,30-60 év (panel-korszak),3.0,1.0,0.0,1 szoba,31.0,8,8.0,10.0,0,távfűtés,,1,0,0,0,F,,,,nem,7595.0,,Ingatlaniroda,,1601.0,4.0,,,,,,,,,0,0,0,,0,0,0,,0,0,,0,0,0,,0,0,0,,,,,0,0,0,,0,0,0,,0,0,0,,0,0,0,,0,0,0,,,,,,
35562156,elado,"Budapest X. kerület, Kozma utca",Kőbánya-Kertváros,45000000.0,45.0,45000.0,1250000.0,17.622173047734595,14.038654109278484,0,36.0,36.0,1.0,3,0,0,1,0,0,0,0,1,0,,47.4684859,19.1785879,0,1235.0,1000-2000 m,0,,,0,0,0,https://ingatlan.com/35562156,"Eladó panel lakás - Budapest X. kerület, Kozma utca #35562156",1108,Budapest,Kozma utca,,jó állapotú,Panel lakás,,Ismeretlen,0.0,1.0,0.0,1 szoba,36.0,földszint,0.0,,0,gáz (konvektor),,0,1,0,0,nincs megadva,,,,nincs megadva,,,Ingatlaniroda,,773.0,4.0,,,,,,,,,0,0,0,,0,0,0,,0,0,,0,0,0,,0,0,0,,,,,0,0,0,,0,0,0,,0,0,0,,0,0,0,,0,0,0,,,,,,
35562297,elado,"Budapest X. kerület, Üllői út",Gyárdűlő,59900000.0,59.9,59900.0,1109259.2592592593,17.908187063085677,13.919203016521404,0,54.0,56.0,2.0,3,0,0,0,1,1,1,1,0,0,58.0,47.4789502,19.0894289,0,1067.5,1000-2000 m,0,,,0,0,0,https://ingatlan.com/35562297,"Eladó tégla lakás - Budapest X. kerület, Üllői út #35562297",1101,Budapest,Üllői út,,jó állapotú,Tégla lakás,1968.0,30-60 év (panel-korszak),4.0,2.0,0.0,2 szoba,27.0,3,3.0,5.0,0,távfűtés,,1,0,0,0,nincs megadva,,,,nem,22000.0,,Ingatlaniroda,,2037.0,4.0,,,,,,,,,0,0,0,,0,0,0,,0,0,,0,0,0,,0,0,0,,,,,0,0,0,,0,0,0,,0,0,0,,0,0,0,,0,0,0,,,,,,
35562713,elado,"Budapest X. kerület, Harmat utca",Óhegy,43000000.0,43.0,43000.0,1194444.4444444445,17.576710673657836,13.993191735201727,0,36.0,36.0,1.0,4,0,0,1,0,1,1,0,0,1,,47.4702785,19.1650971,0,1026.1,1000-2000 m,0,,,0,0,0,https://ingatlan.com/35562713,"Eladó panel lakás - Budapest X. kerület, Harmat utca #35562713",1104,Budapest,Harmat utca,,felújított,Panel lakás,,Ismeretlen,0.0,1.0,0.0,1 szoba,36.0,10,10.0,10.0,0,távfűtés egyedi méréssel,,1,0,0,0,nincs megadva,,,,nem,,,Ingatlaniroda,,1407.0,2.0,,,,,,,,,0,0,0,,0,0,0,,0,0,,0,0,0,,0,0,0,,,,,0,0,0,,0,0,0,,0,0,0,,0,0,0,,0,0,0,,,,,,
35562739,elado,"Budapest X. kerület, Gőzmozdony utca",Újhegy,62000000.0,62.0,62000.0,1240000.0,17.942644943009366,14.03062193758122,0,50.0,52.0,2.0,4,0,0,1,0,1,1,1,0,0,,47.4693516,19.1581878,0,747.5,500-1000 m,0,,,0,0,0,https://ingatlan.com/35562739,"Eladó panel lakás - Budapest X. kerület, Gőzmozdony utca #35562739",1108,Budapest,Gőzmozdony utca,,felújított,Panel lakás,,Ismeretlen,4.0,2.0,0.0,2 szoba,25.0,7,7.0,10.0,0,távfűtés,,1,0,0,0,C,,,,nem,18000.0,,Ingatlaniroda,,364.0,4.0,,,,,,,,,0,0,0,,0,0,0,,0,0,,0,0,0,,0,0,0,,,,,0,0,0,,0,0,0,,0,0,0,,0,0,0,,0,0,0,,,,,,
35562756,elado,"Budapest X. kerület, Üllői út",Gyárdűlő,59000000.0,59.0,59000.0,1255319.1489361702,17.893048001869992,14.042900400159935,0,47.0,47.0,2.0,3,0,0,0,1,0,1,0,0,0,,47.4789502,19.0894289,0,1067.5,1000-2000 m,0,,,0,0,0,https://ingatlan.com/35562756,"Eladó tégla lakás - Budapest X. kerület, Üllői út #35562756",1101,Budapest,Üllői út,,jó állapotú,Tégla lakás,,Ismeretlen,0.0,2.0,0.0,2 szoba,23.5,nincs megadva,,,0,gáz (konvektor),,0,1,0,0,nincs megadva,,,,igen,,,Ingatlaniroda,,1976.0,4.0,,,,,,,,,0,0,0,,0,0,0,,0,0,,0,0,0,,0,0,0,,,,,0,0,0,,0,0,0,,0,0,0,,0,0,0,,0,0,0,,,,,,
35563180,elado,"Budapest X. kerület, Tóvirág utca",Újhegy,66500000.0,66.5,66500.0,977941.1764705882,18.012712505626084,13.793204800449976,0,68.0,68.0,3.0,2,1,0,1,0,1,0,0,1,0,,47.4691728,19.1643295,0,891.4,500-1000 m,0,,,0,0,0,https://ingatlan.com/35563180,"Eladó panel lakás - Budapest X. kerület, Tóvirág utca #35563180",1108,Budapest,Tóvirág utca,,közepes állapotú,Panel lakás,,Ismeretlen,0.0,3.0,0.0,3 szoba,22.666666666666668,földszint,0.0,10.0,0,távfűtés,,1,0,0,0,nincs megadva,,,,nincs megadva,,,Ingatlaniroda,,2689.0,4.0,,,,,,,,,0,0,0,,0,0,0,,0,0,,0,0,0,,0,0,0,,,,,0,0,0,,0,0,0,,0,0,0,,0,0,0,,0,0,0,,,,,,
35563198,elado,"Budapest X. kerület, Kőrösi Csoma Sándor út",Kőbánya-Városközpont,44900000.0,44.9,44900.0,1181578.9473684211,17.619948352712484,13.982362192986097,0,38.0,38.0,1.0,3,0,0,1,0,1,1,0,0,0,,47.4865004,19.1327222,0,533.8,500-1000 m,0,,,0,0,0,https://ingatlan.com/35563198,"Eladó panel lakás - Budapest X. kerület, Kőrösi Csoma Sándor út #35563198",1102,Budapest,Kőrösi Csoma Sándor út,,jó állapotú,Panel lakás,,Ismeretlen,0.0,1.0,0.0,1 szoba,38.0,9,9.0,,0,távfűtés,,1,0,0,0,nincs megadva,,,,nincs megadva,12000.0,15000.0,Ingatlaniroda,,1448.0,4.0,,,,,,,,,0,0,0,,0,0,0,,0,0,,0,0,0,,0,0,0,,,,,0,0,0,,0,0,0,,0,0,0,,0,0,0,,0,0,0,,,,,,
35563203,elado,"Budapest X. kerület, Harmat utca",Kőbánya-Városközpont,60000000.0,60.0,60000.0,1276595.744680851,17.909855120186375,14.059707518476316,0,47.0,47.0,2.0,3,0,0,1,0,0,0,0,0,0,38.0,47.4702785,19.1650971,0,1026.1,1000-2000 m,0,,,0,0,0,https://ingatlan.com/35563203,"Eladó panel lakás - Budapest X. kerület, Harmat utca #35563203",1102,Budapest,Harmat utca,,jó állapotú,Panel lakás,1988.0,30-60 év (panel-korszak),0.0,2.0,0.0,2 szoba,23.5,1,1.0,4.0,0,távfűtés,,1,0,0,0,A,,,,igen,15040.0,50000.0,Ingatlaniroda,,603.0,2.0,,,,,,,,,0,0,0,,0,0,0,,0,0,,0,0,0,,0,0,0,,,,,0,0,0,,0,0,0,,0,0,0,,0,0,0,,0,0,0,,,,,,
35563226,elado,"Budapest X. kerület, Kápolna utca",Kőbánya-Városközpont,75900000.0,75.9,75900.0,1204761.9047619049,18.14492724236586,14.001792515974326,0,63.0,63.0,3.0,3,0,0,1,0,1,0,0,0,0,,47.4823363,19.1289949,0,88.5,<150 m,1,,,0,0,0,https://ingatlan.com/35563226,"Eladó panel lakás - Budapest X. kerület, Kápolna utca #35563226",1102,Budapest,Kápolna utca,,jó állapotú,Panel lakás,,Ismeretlen,0.0,3.0,0.0,3 szoba,21.0,2,2.0,7.0,0,távfűtés,,1,0,0,0,nincs megadva,,,,nincs megadva,,,Ingatlaniroda,,1125.0,4.0,,,,,,,,,0,0,0,,0,0,0,,0,0,,0,0,0,,0,0,0,,,,,0,0,0,,0,0,0,,0,0,0,,0,0,0,,0,0,0,,,,,,
35563283,elado,"Budapest X. kerület, Mádi utca",Óhegy,53900000.0,53.9,53900.0,998148.1481481482,17.802641035879226,13.813656989314952,0,54.0,56.0,2.0,1,1,0,0,1,0,0,1,0,0,58.0,47.4822198,19.1509243,0,820.1,500-1000 m,0,,,0,0,0,https://ingatlan.com/35563283,"Eladó tégla lakás - Budapest X. kerület, Mádi utca #35563283",1105,Budapest,Mádi utca,,felújítandó,Tégla lakás,1968.0,30-60 év (panel-korszak),4.0,2.0,0.0,2 szoba,27.0,3,3.0,4.0,0,gáz (konvektor),,0,1,0,0,nincs megadva,,,,nincs megadva,42000.0,,Ingatlaniroda,,701.0,4.0,,,,,,,,,0,0,0,,0,0,0,,0,0,,0,0,0,,0,0,0,,,,,0,0,0,,0,0,0,,0,0,0,,0,0,0,,0,0,0,,,,,,
35563312,elado,"Budapest X. kerület, Halom utca",Ligettelek,109890000.0,109.89,109890.0,1221000.0,18.514990423423107,14.015180753092842,0,90.0,96.0,4.0,5,0,1,0,1,1,0,1,0,0,12.0,47.425947,19.0337255,0,3276.8,>2000 m (referencia),0,,,0,0,0,https://ingatlan.com/35563312,"Eladó tégla lakás - Budapest X. kerület, Halom utca #35563312",1102,Budapest,Halom utca,,újszerű,Tégla lakás,2014.0,10-30 év (rendszerváltás utáni),12.0,4.0,0.0,4+ szoba,22.5,4,4.0,,0,házközponti egyedi méréssel,,0,0,0,0,nincs megadva,,,,nincs megadva,,,Ingatlaniroda,,8899.0,4.0,,,,,,,,,0,0,0,,0,0,0,,0,0,,0,0,0,,0,0,0,,,,,0,0,0,,0,0,0,,0,0,0,,0,0,0,,0,0,0,,,,,,
35563379,elado,"Budapest X. kerület, Agyagfejtő utca",Újhegy,52900000.0,52.9,52900.0,1079591.836734694,17.783913896828526,13.892093598717901,0,49.0,50.5,2.0,2,1,0,1,0,1,1,1,1,0,58.0,47.4722405,19.1614454,0,894.5,500-1000 m,0,,,0,0,0,https://ingatlan.com/35563379,"Eladó panel lakás - Budapest X. kerület, Agyagfejtő utca #35563379",1108,Budapest,Agyagfejtő utca,,közepes állapotú,Panel lakás,1968.0,30-60 év (panel-korszak),3.0,2.0,0.0,2 szoba,24.5,földszint,0.0,10.0,0,távfűtés,,1,0,0,0,G,,,,nem,15.0,,Ingatlaniroda,,2341.0,4.0,,,,,,,,,0,0,0,,0,0,0,,0,0,,0,0,0,,0,0,0,,,,,0,0,0,,0,0,0,,0,0,0,,0,0,0,,0,0,0,,,,,,
35563635,elado,"Budapest X. kerület, Halom utca",Kőbánya-Városközpont,110000000.0,110.0,110000.0,1222222.2222222222,18.51599092375669,14.016181253426426,0,90.0,96.0,4.0,5,0,1,0,1,1,0,1,0,0,13.0,47.425947,19.0337255,0,3276.8,>2000 m (referencia),0,,,0,0,0,https://ingatlan.com/35563635,"Eladó tégla lakás - Budapest X. kerület, Halom utca #35563635",1102,Budapest,Halom utca,,újszerű,Tégla lakás,2013.0,10-30 év (rendszerváltás utáni),12.0,4.0,0.0,4+ szoba,22.5,4,4.0,,0,nincs megadva,,0,0,0,0,nincs megadva,,,,nincs megadva,,,Ingatlaniroda,,4392.0,4.0,,,,,,,,,0,0,0,,0,0,0,,0,0,,0,0,0,,0,0,0,,,,,0,0,0,,0,0,0,,0,0,0,,0,0,0,,0,0,0,,,,,,
35563811,elado,"Budapest X. kerület, Felsőrákos",Felsőrákos,64900000.0,64.9,64900.0,1224528.3018867925,17.988358181674318,14.018066268122197,0,53.0,55.0,2.0,2,1,0,1,0,1,0,1,0,0,58.0,47.4953772,19.1746318,0,636.9,500-1000 m,0,,,0,0,0,https://ingatlan.com/35563811,"Eladó panel lakás - Budapest X. kerület, Felsőrákos #35563811",1106,Budapest,Felsőrákos,,közepes állapotú,Panel lakás,1968.0,30-60 év (panel-korszak),4.0,2.0,0.0,2 szoba,26.5,9,9.0,,0,távfűtés,,1,0,0,0,nincs megadva,,,,nincs megadva,,,Ingatlaniroda,,2381.0,4.0,,,,,,,,,0,0,0,,0,0,0,,0,0,,0,0,0,,0,0,0,,,,,0,0,0,,0,0,0,,0,0,0,,0,0,0,,0,0,0,,,,,,
35564188,elado,"Budapest X. kerület, Kőbánya - Óhegy",Óhegy,58900000.0,58.9,58900.0,1202040.8163265307,17.891351648621814,13.99953135051119,0,49.0,49.0,2.0,3,0,0,1,0,0,0,0,0,1,58.0,47.4820541,19.132346,0,297.2,150-300 m,0,,,0,0,0,https://ingatlan.com/35564188,"Eladó panel lakás - Budapest X. kerület, Kőbánya - Óhegy #35564188",1103,Budapest,Kőbánya - Óhegy,,jó állapotú,Panel lakás,1968.0,30-60 év (panel-korszak),0.0,2.0,0.0,2 szoba,24.5,4,4.0,4.0,0,távfűtés,,1,0,0,0,nincs megadva,,,,nincs megadva,13000.0,,Ingatlaniroda,,1082.0,4.0,,,,,,,,,0,0,0,,0,0,0,,0,0,,0,0,0,,0,0,0,,,,,0,0,0,,0,0,0,,0,0,0,,0,0,0,,0,0,0,,,,,,
35564196,elado,"Budapest X. kerület, Sörgyár utca 1.",Óhegy,52000000.0,52.0,52000.0,1209302.3255813953,17.7667542765457,14.005554160852139,0,43.0,43.0,2.0,3,0,0,0,1,0,0,0,0,1,,,,0,,,0,,,0,0,0,https://ingatlan.com/35564196,"Eladó tégla lakás - Budapest X. kerület, Sörgyár utca #35564196",1104,Budapest,Sörgyár utca,1,jó állapotú,Tégla lakás,,Ismeretlen,0.0,2.0,0.0,2 szoba,21.5,3,3.0,3.0,0,gáz (konvektor),,0,1,0,0,nincs megadva,,,,nincs megadva,12500.0,,Ingatlaniroda,,394.0,2.0,,,,,,,,,0,0,0,,0,0,0,,0,0,,0,0,0,,0,0,0,,,,,0,0,0,,0,0,0,,0,0,0,,0,0,0,,0,0,0,,,,,,
35564239,elado,"Budapest X. kerület, Kőbánya - Újhegyi lakótelep",Újhegy,65000000.0,65.0,65000.0,955882.3529411765,17.98989782785991,13.770390122683805,0,68.0,69.5,3.0,2,1,0,1,0,1,0,1,0,0,58.0,,,0,,,0,,,0,0,0,https://ingatlan.com/35564239,"Eladó panel lakás - Budapest X. kerület, Kőbánya - Újhegyi lakótelep #35564239",1108,Budapest,Kőbánya - Újhegyi lakótelep,,közepes állapotú,Panel lakás,1968.0,30-60 év (panel-korszak),3.0,3.0,0.0,3 szoba,22.666666666666668,6,6.0,10.0,0,távfűtés,,1,0,0,0,nincs megadva,,,,nincs megadva,20780.0,,Ingatlaniroda,,1358.0,4.0,,,,,,,,,0,0,0,,0,0,0,,0,0,,0,0,0,,0,0,0,,,,,0,0,0,,0,0,0,,0,0,0,,0,0,0,,0,0,0,,,,,,
35564284,elado,"Budapest X. kerület, Gyárdűlő",Gyárdűlő,79990000.0,79.99,79990.0,987530.8641975309,18.197412184825005,13.802963030152567,0,81.0,81.0,3.0,1,1,0,0,1,0,0,0,0,0,58.0,47.4754656,19.1221648,0,155.8,150-300 m,0,,,0,0,0,https://ingatlan.com/35564284,"Eladó tégla lakás - Budapest X. kerület, Gyárdűlő #35564284",1107,Budapest,Gyárdűlő,,felújítandó,Tégla lakás,1968.0,30-60 év (panel-korszak),0.0,3.0,0.0,3 szoba,27.0,1,1.0,3.0,0,nincs megadva,,0,0,0,0,nincs megadva,,,,nincs megadva,,,Ingatlaniroda,,802.0,4.0,,,,,,,,,0,0,0,,0,0,0,,0,0,,0,0,0,,0,0,0,,,,,0,0,0,,0,0,0,,0,0,0,,0,0,0,,0,0,0,,,,,,
35564478,elado,"Budapest X. kerület, Csilla utca 36.",Laposdűlő,48900000.0,48.9,48900.0,1358333.3333333333,17.7052879544451,14.12176901598899,0,36.0,36.0,2.0,3,0,0,0,1,0,0,0,1,0,96.0,,,0,,,0,,,0,0,0,https://ingatlan.com/35564478,"Eladó tégla lakás - Budapest X. kerület, Csilla utca #35564478",1101,Budapest,Csilla utca,36,jó állapotú,Tégla lakás,1930.0,60+ év (háború előtti),0.0,2.0,0.0,2 szoba,18.0,földszint,0.0,4.0,0,gáz (konvektor),,0,1,0,0,G,,,,nem,12265.0,,Ingatlaniroda,,825.0,4.0,,,,,,,,,0,0,0,,0,0,0,,0,0,,0,0,0,,0,0,0,,,,,0,0,0,,0,0,0,,0,0,0,,0,0,0,,0,0,0,,,,,,
35564686,elado,"Budapest X. kerület, Kőbánya - Óhegy",Óhegy,70500000.0,70.5,70500.0,1258928.5714285714,18.071123267782497,14.045771577047347,0,56.0,56.0,3.0,4,0,0,1,0,0,0,0,0,0,58.0,47.4820541,19.132346,0,297.2,150-300 m,0,,,0,0,0,https://ingatlan.com/35564686,"Eladó panel lakás - Budapest X. kerület, Kőbánya - Óhegy #35564686",1103,Budapest,Kőbánya - Óhegy,,felújított,Panel lakás,1968.0,30-60 év (panel-korszak),0.0,3.0,0.0,3 szoba,18.666666666666668,2,2.0,,0,távfűtés,,1,0,0,0,nincs megadva,,,,nincs megadva,,,Ingatlaniroda,,1424.0,4.0,,,,,,,,,0,0,0,,0,0,0,,0,0,,0,0,0,,0,0,0,,,,,0,0,0,,0,0,0,,0,0,0,,0,0,0,,0,0,0,,,,,,
35564747,elado,"Budapest X. kerület, Kőbánya - Óhegy",Óhegy,94900000.0,94.9,94900.0,1009574.4680851063,18.368334263580156,13.825039481310153,0,94.0,94.0,4.0,4,0,0,0,1,0,1,0,0,0,58.0,47.4820541,19.132346,0,297.2,150-300 m,0,,,0,0,0,https://ingatlan.com/35564747,"Eladó tégla lakás - Budapest X. kerület, Kőbánya - Óhegy #35564747",1103,Budapest,Kőbánya - Óhegy,,felújított,Tégla lakás,1968.0,30-60 év (panel-korszak),0.0,4.0,0.0,4+ szoba,23.5,félemelet,0.5,,0,"elektromos fűtőpanel, hűtő-fűtő klíma",,0,0,0,0,nincs megadva,,,,nincs megadva,,,Ingatlaniroda,,3204.0,4.0,,,,,,,,,0,0,0,,0,0,0,,0,0,,0,0,0,,0,0,0,,,,,0,0,0,,0,0,0,,0,0,0,,0,0,0,,0,0,0,,,,,,
35565161,elado,"Budapest X. kerület, Kőbánya - Újhegyi lakótelep",Újhegy,44900000.0,44.9,44900.0,1247222.2222222222,17.619948352712484,14.036429414256373,0,36.0,36.0,1.0,2,1,0,1,0,1,0,0,0,0,58.0,,,0,,,0,,,0,0,0,https://ingatlan.com/35565161,"Eladó panel lakás - Budapest X. kerület, Kőbánya - Újhegyi lakótelep #35565161",1108,Budapest,Kőbánya - Újhegyi lakótelep,,közepes állapotú,Panel lakás,1968.0,30-60 év (panel-korszak),0.0,1.0,0.0,1 szoba,36.0,2,2.0,10.0,0,távfűtés egyedi méréssel,,1,0,0,0,E,,,,nincs megadva,,,Ingatlaniroda,,1411.0,4.0,,,,,,,,,0,0,0,,0,0,0,,0,0,,0,0,0,,0,0,0,,,,,0,0,0,,0,0,0,,0,0,0,,0,0,0,,0,0,0,,,,,,
35565376,elado,"Budapest X. kerület, Kőbánya - Újhegyi lakótelep",Újhegy,55900000.0,55.9,55900.0,1140816.3265306123,17.83907493812533,13.947254640014702,0,49.0,49.0,2.0,1,1,0,1,0,1,1,0,0,0,,,,0,,,0,,,0,0,0,https://ingatlan.com/35565376,"Eladó panel lakás - Budapest X. kerület, Kőbánya - Újhegyi lakótelep #35565376",1108,Budapest,Kőbánya - Újhegyi lakótelep,,felújítandó,Panel lakás,,Ismeretlen,0.0,2.0,0.0,2 szoba,24.5,7,7.0,10.0,0,"távfűtés, hűtő-fűtő klíma",,1,0,0,0,nincs megadva,,,,nincs megadva,13500.0,,Ingatlaniroda,,1191.0,4.0,,,,,,,,,0,0,0,,0,0,0,,0,0,,0,0,0,,0,0,0,,,,,0,0,0,,0,0,0,,0,0,0,,0,0,0,,0,0,0,,,,,,
35565455,elado,"Budapest X. kerület, Kápolna utca 63.",Kőbánya-Városközpont,68000000.0,68.0,68000.0,1079365.0793650793,18.03501826314038,13.891883536748848,0,63.0,63.0,3.0,4,0,0,1,0,1,1,0,0,0,58.0,,,0,,,0,,,0,0,0,https://ingatlan.com/35565455,"Eladó panel lakás - Budapest X. kerület, Kápolna utca #35565455",1102,Budapest,Kápolna utca,63,felújított,Panel lakás,1968.0,30-60 év (panel-korszak),0.0,3.0,0.0,3 szoba,21.0,3,3.0,7.0,0,távfűtés,,1,0,0,0,nincs megadva,,,,nincs megadva,15000.0,,Ingatlaniroda,,1560.0,4.0,,,,,,,,,0,0,0,,0,0,0,,0,0,,0,0,0,,0,0,0,,,,,0,0,0,,0,0,0,,0,0,0,,0,0,0,,0,0,0,,,,,,
35565483,elado,"Budapest X. kerület, Csombor utca",Óhegy,61900000.0,61.9,61900.0,982539.6825396825,17.941030737654824,13.797896011263292,0,63.0,63.0,3.0,3,0,0,1,0,0,1,0,0,1,38.0,47.477123,19.1518234,0,914.6,500-1000 m,0,,,0,0,0,https://ingatlan.com/35565483,"Eladó panel lakás - Budapest X. kerület, Csombor utca #35565483",1103,Budapest,Csombor utca,,jó állapotú,Panel lakás,1988.0,30-60 év (panel-korszak),0.0,3.0,0.0,3 szoba,21.0,4,4.0,4.0,0,távfűtés,,1,0,0,0,nincs megadva,,,,nem,18500.0,,Ingatlaniroda,,2020.0,4.0,,,,,,,,,0,0,0,,0,0,0,,0,0,,0,0,0,,0,0,0,,,,,0,0,0,,0,0,0,,0,0,0,,0,0,0,,0,0,0,,,,,,
35565580,elado,"Budapest X. kerület, Kőbánya - Óhegy",Óhegy,33499000.0,33.499,33499.0,858948.717948718,17.327026145603483,13.663464499473838,0,39.0,39.0,2.0,1,1,0,0,1,0,0,0,1,0,96.0,47.4820541,19.132346,0,297.2,150-300 m,0,,,0,0,0,https://ingatlan.com/35565580,"Eladó tégla lakás - Budapest X. kerület, Kőbánya - Óhegy #35565580",1103,Budapest,Kőbánya - Óhegy,,felújítandó,Tégla lakás,1930.0,60+ év (háború előtti),0.0,2.0,0.0,2 szoba,19.5,földszint,0.0,0.0,0,nincs megadva,,0,0,0,0,I,,,,igen,13700.0,,Ingatlaniroda,,1368.0,4.0,,,,,,,,,0,0,0,,0,0,0,,0,0,,0,0,0,,0,0,0,,,,,0,0,0,,0,0,0,,0,0,0,,0,0,0,,0,0,0,,,,,,
35565650,elado,"Budapest X. kerület, Gyógyszergyári utca 6.",Felsőrákos,108500000.0,108.5,108500.0,1643939.393939394,18.502260730944787,14.312605988918364,0,66.0,74.5,3.0,3,0,0,0,1,1,1,1,0,0,0.0,47.497833,19.141041,1,482.9,300-500 m,0,1008.7,13.4,0,0,1,https://ingatlan.com/35565650,"Eladó tégla lakás - Budapest X. kerület, Gyógyszergyári utca 6. #35565650",1106,Budapest,Gyógyszergyári utca,6,nincs megadva,Tégla lakás,2026.0,Új építésű (2025+),17.0,3.0,0.0,3 szoba,22.0,1,1.0,7.0,0,házközponti,,0,0,0,0,nincs megadva,,,,nem,,,Ingatlaniroda,,2917.0,2.0,,,,,,,,910.8,0,0,1,278.0,1,1,1,539.0,0,1,278.0,1,1,1,523.0,0,1,1,2.0,14.0,82.0,1354.1,0,0,0,1561.9,0,0,0,859.0,0,0,1,651.7,0,1,1,912.8,0,0,1,Örs vezér tere,,Kincsem lakópark,Fehér úti ipari park,Névtelen zöldfelület / park,villamos
35565715,elado,"Budapest X. kerület, Harmat utca 4.",Óhegy,63500000.0,63.5,63500.0,1154545.4545454546,17.96655046386292,13.95921727863045,0,55.0,55.0,2.0,4,0,0,0,1,0,1,0,0,0,38.0,,,0,,,0,,,0,0,0,https://ingatlan.com/35565715,"Eladó tégla lakás - Budapest X. kerület, Harmat utca #35565715",1104,Budapest,Harmat utca,4,felújított,Tégla lakás,1988.0,30-60 év (panel-korszak),0.0,2.0,0.0,2 szoba,27.5,3,3.0,4.0,0,távfűtés,,1,0,0,0,nincs megadva,,,,nincs megadva,15.0,33000.0,Ingatlaniroda,,941.0,4.0,,,,,,,,,0,0,0,,0,0,0,,0,0,,0,0,0,,0,0,0,,,,,0,0,0,,0,0,0,,0,0,0,,0,0,0,,0,0,0,,,,,,
35565817,elado,"Budapest X. kerület, Kőbánya - Óhegy",Óhegy,64900000.0,64.9,64900.0,1158928.5714285714,17.988358181674318,13.963006490939168,0,56.0,60.1,3.0,3,0,0,0,1,0,1,1,0,1,38.0,47.4820541,19.132346,0,297.2,150-300 m,0,,,0,0,0,https://ingatlan.com/35565817,"Eladó tégla lakás - Budapest X. kerület, Kőbánya - Óhegy #35565817",1103,Budapest,Kőbánya - Óhegy,,jó állapotú,Tégla lakás,1988.0,30-60 év (panel-korszak),8.2,3.0,0.0,3 szoba,18.666666666666668,2,2.0,2.0,0,gázkazán,,0,1,0,0,E,,,,nincs megadva,31000.0,,Ingatlaniroda,,1981.0,4.0,,,,,,,,,0,0,0,,0,0,0,,0,0,,0,0,0,,0,0,0,,,,,0,0,0,,0,0,0,,0,0,0,,0,0,0,,0,0,0,,,,,,
35566450,elado,"Budapest X. kerület, Hungária körút 2.",Laposdűlő,85000000.0,85.0,85000.0,1180555.5555555555,18.258161814454592,13.981495695438536,0,72.0,73.0,3.0,3,0,0,1,0,0,0,1,0,0,,47.487957,19.10838,1,19.1,<150 m,1,1744.2,23.3,0,0,0,https://ingatlan.com/35566450,"Eladó panel lakás - Budapest X. kerület, Hungária körút 2. #35566450",1101,Budapest,Hungária körút,2,nincs megadva,Panel lakás,,Ismeretlen,2.0,3.0,0.0,3 szoba,24.0,nincs megadva,,,0,nincs megadva,,0,0,0,0,nincs megadva,,,,nincs megadva,,,Ingatlaniroda,,386.0,4.0,,,,,,,,1452.0,0,0,0,201.3,1,1,1,227.5,1,1,201.3,1,1,1,336.9,1,1,1,12.0,39.0,63.0,1313.7,0,0,0,1064.7,0,0,1,399.8,0,1,1,627.9,0,1,1,1434.0,0,0,0,Kőbánya alsó,Puskás Ferenc Stadion,Kőbányai út / Könyves Kálmán körút,Kőbányai út / Könyves Kálmán körút,Tbiliszi tér,villamos
35566498,elado,"Budapest X. kerület, Gyakorló utcai lakótelep 34.",Felsőrákos,48900000.0,48.9,48900.0,1438235.294117647,17.7052879544451,14.178927429828939,0,34.0,34.0,1.0,3,0,0,0,1,0,1,0,0,0,96.0,,,0,,,0,,,0,0,0,https://ingatlan.com/35566498,"Eladó tégla lakás - Budapest X. kerület, Gyakorló utcai lakótelep #35566498",1106,Budapest,Gyakorló utcai lakótelep,34,jó állapotú,Tégla lakás,1930.0,60+ év (háború előtti),0.0,1.0,0.0,1 szoba,34.0,2,2.0,5.0,0,gáz (konvektor),,0,1,0,0,nincs megadva,,,,nincs megadva,13000.0,,Ingatlaniroda,,1454.0,4.0,,,,,,,,,0,0,0,,0,0,0,,0,0,,0,0,0,,0,0,0,,,,,0,0,0,,0,0,0,,0,0,0,,0,0,0,,0,0,0,,,,,,
35566913,elado,"Budapest X. kerület, Kápolna utca 4.",Kőbánya-Városközpont,65000000.0,65.0,65000.0,1031746.0317460317,17.98989782785991,13.846763101468378,0,63.0,63.0,3.0,3,0,0,1,0,1,0,0,0,0,38.0,,,0,,,0,,,0,0,0,https://ingatlan.com/35566913,"Eladó panel lakás - Budapest X. kerület, Kápolna utca #35566913",1102,Budapest,Kápolna utca,4,jó állapotú,Panel lakás,1988.0,30-60 év (panel-korszak),0.0,3.0,0.0,3 szoba,21.0,4,4.0,7.0,0,távfűtés,,1,0,0,0,A+,,,,nem,22617.0,37000.0,Ingatlaniroda,,1326.0,2.0,,,,,,,,,0,0,0,,0,0,0,,0,0,,0,0,0,,0,0,0,,,,,0,0,0,,0,0,0,,0,0,0,,0,0,0,,0,0,0,,,,,,
35566983,elado,"Budapest X. kerület, Liget utca",Kőbánya-Városközpont,69900000.0,69.9,69900.0,1370588.2352941176,18.06257620720404,14.130750574479713,0,51.0,51.0,2.0,5,0,1,0,1,1,0,0,0,0,21.0,47.4890878,19.1331022,0,246.8,150-300 m,0,,,0,0,0,https://ingatlan.com/35566983,"Eladó tégla lakás - Budapest X. kerület, Liget utca #35566983",1102,Budapest,Liget utca,,újszerű,Tégla lakás,2005.0,10-30 év (rendszerváltás utáni),0.0,2.0,0.0,2 szoba,25.5,3,3.0,4.0,0,házközponti egyedi méréssel,,0,0,0,0,nincs megadva,,,,nem,23000.0,31000.0,Ingatlaniroda,,1842.0,4.0,,,,,,,,,0,0,0,,0,0,0,,0,0,,0,0,0,,0,0,0,,,,,0,0,0,,0,0,0,,0,0,0,,0,0,0,,0,0,0,,,,,,
35567047,elado,"Budapest X. kerület, Tavas utca",Újhegy,89900000.0,89.9,89900.0,1473770.4918032787,18.31420849944185,14.203334635268538,0,61.0,69.0,3.0,5,0,1,0,1,1,1,1,1,0,21.0,47.4699607,19.1670969,0,1045.3,1000-2000 m,0,,,0,0,0,https://ingatlan.com/35567047,"Eladó tégla lakás - Budapest X. kerület, Tavas utca #35567047",1108,Budapest,Tavas utca,,újszerű,Tégla lakás,2005.0,10-30 év (rendszerváltás utáni),16.0,3.0,0.0,3 szoba,20.333333333333332,földszint,0.0,6.0,0,"hűtő-fűtő klíma, házközponti egyedi méréssel",,0,0,0,0,D,,,,igen,20000.0,20000.0,Ingatlaniroda,,1420.0,2.0,,,,,,,,,0,0,0,,0,0,0,,0,0,,0,0,0,,0,0,0,,,,,0,0,0,,0,0,0,,0,0,0,,0,0,0,,0,0,0,,,,,,
35567317,elado,"Budapest X. kerület, Kőbánya - Óhegy",Óhegy,83900000.0,83.9,83900.0,693388.4297520661,18.245136171437434,13.449345625840694,0,121.0,121.0,3.0,1,1,0,0,1,0,0,0,0,0,,47.4820541,19.132346,0,297.2,150-300 m,0,,,0,0,0,https://ingatlan.com/35567317,"Eladó tégla lakás - Budapest X. kerület, Kőbánya - Óhegy #35567317",1103,Budapest,Kőbánya - Óhegy,,felújítandó,Tégla lakás,,Ismeretlen,0.0,3.0,0.0,3 szoba,40.333333333333336,3,3.0,6.0,0,házközponti egyedi méréssel,,0,0,0,0,nincs megadva,,,,nincs megadva,,,Ingatlaniroda,,674.0,4.0,,,,,,,,,0,0,0,,0,0,0,,0,0,,0,0,0,,0,0,0,,,,,0,0,0,,0,0,0,,0,0,0,,0,0,0,,0,0,0,,,,,,
35567347,elado,"Budapest X. kerület, Kőbánya - Óhegy",Óhegy,67000000.0,67.0,67000.0,1063492.0634920634,18.02020317735524,13.877068450963707,0,63.0,63.0,3.0,4,0,0,0,0,1,0,0,0,0,58.0,47.4820541,19.132346,0,297.2,150-300 m,0,,,0,0,0,https://ingatlan.com/35567347,"Eladó csúsztatott zsalus - Budapest X. kerület, Kőbánya - Óhegy #35567347",1103,Budapest,Kőbánya - Óhegy,,felújított,Csúsztatott zsalus lakás,1968.0,30-60 év (panel-korszak),0.0,3.0,0.0,3 szoba,21.0,6,6.0,,0,távfűtés,,1,0,0,0,nincs megadva,,,,nincs megadva,,,Ingatlaniroda,,1093.0,4.0,,,,,,,,,0,0,0,,0,0,0,,0,0,,0,0,0,,0,0,0,,,,,0,0,0,,0,0,0,,0,0,0,,0,0,0,,0,0,0,,,,,,
35567355,elado,"Budapest X. kerület, Állomás utca 9.",Kőbánya-Városközpont,57900000.0,57.9,57900.0,1113461.5384615385,17.874227942543225,13.922984223961796,0,52.0,53.0,2.0,3,0,0,1,0,0,0,1,0,0,,,,0,,,0,,,0,0,0,https://ingatlan.com/35567355,"Eladó panel lakás - Budapest X. kerület, Állomás utca #35567355",1102,Budapest,Állomás utca,9,nincs megadva,Panel lakás,,Ismeretlen,2.0,2.0,0.0,2 szoba,26.0,nincs megadva,,,0,nincs megadva,,0,0,0,0,nincs megadva,,,,nincs megadva,,,Ingatlaniroda,,1240.0,3.0,,,,,,,,,0,0,0,,0,0,0,,0,0,,0,0,0,,0,0,0,,,,,0,0,0,,0,0,0,,0,0,0,,0,0,0,,0,0,0,,,,,,
35567444,elado,"Budapest X. kerület, Népliget",Kőbánya egyéb,159000000.0,159.0,159000.0,1987500.0,18.884414760184505,14.502388125510624,0,80.0,120.0,3.0,5,0,1,0,1,1,1,1,0,1,21.0,47.4797172,19.1098947,0,515.2,500-1000 m,0,,,0,0,0,https://ingatlan.com/35567444,"Eladó tégla lakás - Budapest X. kerület, Népliget #35567444",1101,Budapest,Népliget,,újszerű,Tégla lakás,2005.0,10-30 év (rendszerváltás utáni),80.0,3.0,0.0,3 szoba,26.666666666666668,5,5.0,5.0,0,házközponti egyedi méréssel,,0,0,0,0,D,,,,nincs megadva,,,Ingatlaniroda,,1100.0,4.0,,,,,,,,,0,0,0,,0,0,0,,0,0,,0,0,0,,0,0,0,,,,,0,0,0,,0,0,0,,0,0,0,,0,0,0,,0,0,0,,,,,,
35567706,elado,"Budapest X. kerület, Kőbánya-Városközpont",Kőbánya-Városközpont,70000000.0,70.0,70000.0,1320754.716981132,18.064005800013632,14.093713886461511,0,53.0,56.5,2.0,2,1,0,1,0,1,1,1,0,0,38.0,47.482503,19.1307351,0,213.3,150-300 m,0,,,0,0,0,https://ingatlan.com/35567706,"Eladó panel lakás - Budapest X. kerület, Kőbánya-Városközpont #35567706",1105,Budapest,Kőbánya-Városközpont,,közepes állapotú,Panel lakás,1988.0,30-60 év (panel-korszak),7.0,2.0,0.0,2 szoba,26.5,3,3.0,9.0,0,távfűtés egyedi méréssel,,1,0,0,0,nincs megadva,,,,nincs megadva,,,Ingatlaniroda,,2368.0,4.0,,,,,,,,,0,0,0,,0,0,0,,0,0,,0,0,0,,0,0,0,,,,,0,0,0,,0,0,0,,0,0,0,,0,0,0,,0,0,0,,,,,,
35568079,elado,"Budapest X. kerület, Agyagfejtő utca",Újhegy,53000000.0,53.0,53000.0,1081632.6530612244,17.785802471516394,13.89398217340577,0,49.0,49.0,2.0,3,0,0,1,0,1,0,0,1,0,58.0,47.4722405,19.1614454,0,894.5,500-1000 m,0,,,0,0,0,https://ingatlan.com/35568079,"Eladó panel lakás - Budapest X. kerület, Agyagfejtő utca #35568079",1108,Budapest,Agyagfejtő utca,,jó állapotú,Panel lakás,1968.0,30-60 év (panel-korszak),0.0,2.0,0.0,2 szoba,24.5,földszint,0.0,,0,távfűtés,,1,0,0,0,nincs megadva,,,,nincs megadva,15000.0,,Ingatlaniroda,,2068.0,4.0,,,,,,,,,0,0,0,,0,0,0,,0,0,,0,0,0,,0,0,0,,,,,0,0,0,,0,0,0,,0,0,0,,0,0,0,,0,0,0,,,,,,
35568279,elado,"Budapest X. kerület, Kővágó utca",Újhegy,54900000.0,54.9,54900.0,1120408.163265306,17.82102390647976,13.929203608369132,0,49.0,49.0,2.0,4,0,0,1,0,1,1,0,0,0,,47.4725225,19.1634642,0,855.4,500-1000 m,0,,,0,0,0,https://ingatlan.com/35568279,"Eladó panel lakás - Budapest X. kerület, Kővágó utca #35568279",1108,Budapest,Kővágó utca,,felújított,Panel lakás,,Ismeretlen,0.0,2.0,0.0,2 szoba,24.5,nincs megadva,,,0,"távfűtés, hűtő-fűtő klíma",,1,0,0,0,nincs megadva,,,,nincs megadva,,,Magánszemély,,1879.0,4.0,,,,,,,,,0,0,0,,0,0,0,,0,0,,0,0,0,,0,0,0,,,,,0,0,0,,0,0,0,,0,0,0,,0,0,0,,0,0,0,,,,,,
35568566,elado,"Budapest X. kerület, Tóvirág utca 68.",Újhegy,63900000.0,63.9,63900.0,939705.8823529412,17.972829919347763,13.753322214171657,0,68.0,70.0,3.0,1,1,0,1,0,1,0,1,1,0,58.0,,,0,,,0,,,0,0,0,https://ingatlan.com/35568566,"Eladó panel lakás - Budapest X. kerület, Tóvirág utca #35568566",1108,Budapest,Tóvirág utca,68,felújítandó,Panel lakás,1968.0,30-60 év (panel-korszak),4.0,3.0,0.0,3 szoba,22.666666666666668,földszint,0.0,10.0,0,távfűtés,,1,0,0,0,C,,,,nem,,,Ingatlaniroda,,765.0,4.0,,,,,,,,,0,0,0,,0,0,0,,0,0,,0,0,0,,0,0,0,,,,,0,0,0,,0,0,0,,0,0,0,,0,0,0,,0,0,0,,,,,,
35568698,elado,"Budapest X. kerület, Kővágó utca",Újhegy,55900000.0,55.9,55900.0,1140816.3265306123,17.83907493812533,13.947254640014702,0,49.0,50.5,2.0,3,0,0,1,0,1,0,1,0,0,,47.4725225,19.1634642,0,855.4,500-1000 m,0,,,0,0,0,https://ingatlan.com/35568698,"Eladó panel lakás - Budapest X. kerület, Kővágó utca #35568698",1108,Budapest,Kővágó utca,,jó állapotú,Panel lakás,,Ismeretlen,3.0,2.0,0.0,2 szoba,24.5,10,10.0,,0,távfűtés,,1,0,0,0,nincs megadva,,,,nincs megadva,,,Ingatlaniroda,,749.0,2.0,,,,,,,,,0,0,0,,0,0,0,,0,0,,0,0,0,,0,0,0,,,,,0,0,0,,0,0,0,,0,0,0,,0,0,0,,0,0,0,,,,,,
35568764,elado,"Budapest X. kerület, Kőbánya - Óhegyi lakótelep",Óhegy,33500000.0,33.5,33500.0,858974.358974359,17.327055996795295,13.663494350665648,0,39.0,39.0,2.0,1,1,0,0,1,0,0,0,1,0,96.0,47.4752666,19.1504781,0,1096.5,1000-2000 m,0,,,0,0,0,https://ingatlan.com/35568764,"Eladó tégla lakás - Budapest X. kerület, Kőbánya - Óhegyi lakótelep #35568764",1103,Budapest,Kőbánya - Óhegyi lakótelep,,felújítandó,Tégla lakás,1930.0,60+ év (háború előtti),0.0,2.0,0.0,2 szoba,19.5,földszint,0.0,0.0,0,gáz (konvektor),,0,1,0,0,nincs megadva,,,,igen,12000.0,17000.0,Ingatlaniroda,,1956.0,4.0,,,,,,,,,0,0,0,,0,0,0,,0,0,,0,0,0,,0,0,0,,,,,0,0,0,,0,0,0,,0,0,0,,0,0,0,,0,0,0,,,,,,
35568910,elado,"Budapest X. kerület, Kőbánya - Óhegy",Óhegy,65000000.0,65.0,65000.0,1625000.0,17.98989782785991,14.301018373745976,0,40.0,41.25,2.0,4,0,0,0,1,0,0,1,0,0,21.0,47.4820541,19.132346,0,297.2,150-300 m,0,,,0,0,0,https://ingatlan.com/35568910,"Eladó tégla lakás - Budapest X. kerület, Kőbánya - Óhegy #35568910",1103,Budapest,Kőbánya - Óhegy,,felújított,Tégla lakás,2005.0,10-30 év (rendszerváltás utáni),2.5,2.0,0.0,2 szoba,20.0,nincs megadva,,4.0,0,házközponti egyedi méréssel,,0,0,0,0,nincs megadva,,,,igen,8449.0,17000.0,Ingatlaniroda,,2378.0,4.0,,,,,,,,,0,0,0,,0,0,0,,0,0,,0,0,0,,0,0,0,,,,,0,0,0,,0,0,0,,0,0,0,,0,0,0,,0,0,0,,,,,,
35569106,elado,"Budapest X. kerület, Cserkesz utca",Kőbánya-Városközpont,65000000.0,65.0,65000.0,1625000.0,17.98989782785991,14.301018373745976,0,40.0,41.2,2.0,3,0,0,0,1,0,0,1,0,0,21.0,47.4804126,19.1314452,0,150.6,150-300 m,0,,,0,0,0,https://ingatlan.com/35569106,"Eladó tégla lakás - Budapest X. kerület, Cserkesz utca #35569106",1105,Budapest,Cserkesz utca,,jó állapotú,Tégla lakás,2005.0,10-30 év (rendszerváltás utáni),2.4,2.0,0.0,2 szoba,20.0,2,2.0,4.0,0,házközponti egyedi méréssel,,0,0,0,0,nincs megadva,,,,nem,8450.0,,Ingatlaniroda,,2377.0,4.0,,,,,,,,,0,0,0,,0,0,0,,0,0,,0,0,0,,0,0,0,,,,,0,0,0,,0,0,0,,0,0,0,,0,0,0,,0,0,0,,,,,,
35569365,elado,"Budapest X. kerület, Hatház utca 7.",Felsőrákos,49990000.0,49.99,49990.0,1514848.4848484849,17.727333543389754,14.230825981923273,0,33.0,33.0,1.0,2,1,0,0,1,0,1,0,0,0,96.0,47.503149,19.149417,1,184.5,150-300 m,0,470.4,6.3,0,1,1,https://ingatlan.com/35569365,"Eladó tégla lakás - Budapest X. kerület, Hatház utca 7. #35569365",1106,Budapest,Hatház utca,7,közepes állapotú,Tégla lakás,1930.0,60+ év (háború előtti),0.0,1.0,0.0,1 szoba,33.0,1,1.0,4.0,0,"gáz (konvektor), hűtő-fűtő klíma",,0,1,0,0,H,,,,nincs megadva,,,Ingatlaniroda,,3349.0,4.0,,,,,,,,1181.7,0,0,0,1101.0,0,0,1,223.0,1,1,470.4,0,1,1,236.5,1,1,1,7.0,39.0,89.0,625.1,0,1,1,679.6,0,1,1,312.6,1,1,1,543.3,0,1,1,317.8,1,1,1,Rákosfalva,,Örs vezér tere M+H,Gépmadár utca,Kiserdő,vasut
35569398,elado,"Budapest X. kerület, Kőbánya - Óhegy",Óhegy,65000000.0,65.0,65000.0,1625000.0,17.98989782785991,14.301018373745976,0,40.0,41.2,2.0,4,0,0,0,1,0,0,1,0,0,21.0,47.4820541,19.132346,0,297.2,150-300 m,0,,,0,0,0,https://ingatlan.com/35569398,"Eladó tégla lakás - Budapest X. kerület, Kőbánya - Óhegy #35569398",1103,Budapest,Kőbánya - Óhegy,,felújított,Tégla lakás,2005.0,10-30 év (rendszerváltás utáni),2.4,2.0,0.0,2 szoba,20.0,2,2.0,4.0,0,házközponti egyedi méréssel,,0,0,0,0,nincs megadva,,,,nincs megadva,8449.0,,Ingatlaniroda,,2377.0,4.0,,,,,,,,,0,0,0,,0,0,0,,0,0,,0,0,0,,0,0,0,,,,,0,0,0,,0,0,0,,0,0,0,,0,0,0,,0,0,0,,,,,,
35569585,elado,"Budapest X. kerület, Cserkesz utca",Óhegy,78900000.0,78.9,78900.0,950602.4096385542,18.1836917858161,13.764851178019505,0,83.0,83.0,3.0,3,0,0,0,1,0,0,0,0,0,96.0,47.4804126,19.1314452,0,150.6,150-300 m,0,,,0,0,0,https://ingatlan.com/35569585,"Eladó tégla lakás - Budapest X. kerület, Cserkesz utca #35569585",1105,Budapest,Cserkesz utca,,jó állapotú,Tégla lakás,1930.0,60+ év (háború előtti),0.0,3.0,0.0,3 szoba,27.666666666666668,2,2.0,,0,gázkazán,,0,1,0,0,nincs megadva,,,,nincs megadva,23000.0,,Ingatlaniroda,,1104.0,4.0,,,,,,,,,0,0,0,,0,0,0,,0,0,,0,0,0,,0,0,0,,,,,0,0,0,,0,0,0,,0,0,0,,0,0,0,,0,0,0,,,,,,
35569641,elado,"Budapest X. kerület, Szent László tér",Kőbánya-Városközpont,119990000.0,119.99,119990.0,967661.2903225806,18.60291896394057,13.782637398335535,0,124.0,128.0,4.0,3,0,0,0,1,0,1,1,0,0,96.0,47.568134,19.0964234,0,4755.0,>2000 m (referencia),0,,,0,0,0,https://ingatlan.com/35569641,"Eladó tégla lakás - Budapest X. kerület, Szent László tér #35569641",1105,Budapest,Szent László tér,,jó állapotú,Tégla lakás,1930.0,60+ év (háború előtti),8.0,4.0,0.0,4+ szoba,31.0,1,1.0,3.0,0,"gázkazán, hűtő-fűtő klíma",,0,1,0,0,nincs megadva,,,,nincs megadva,,,Ingatlaniroda,,1932.0,4.0,,,,,,,,,0,0,0,,0,0,0,,0,0,,0,0,0,,0,0,0,,,,,0,0,0,,0,0,0,,0,0,0,,0,0,0,,0,0,0,,,,,,
35569761,elado,"Budapest X. kerület, Gergely utca",Óhegy,51900000.0,51.9,51900.0,961111.1111111111,17.764829348136118,13.775845301571843,0,54.0,54.75,2.0,1,1,0,0,1,0,0,1,0,0,58.0,47.4702816,19.1514579,0,666.5,500-1000 m,0,,,0,0,0,https://ingatlan.com/35569761,"Eladó tégla lakás - Budapest X. kerület, Gergely utca #35569761",1103,Budapest,Gergely utca,,felújítandó,Tégla lakás,1968.0,30-60 év (panel-korszak),1.5,2.0,0.0,2 szoba,27.0,1,1.0,3.0,0,"gáz (konvektor), cserépkályha",,0,1,0,0,nincs megadva,,,,nincs megadva,22889.0,,Ingatlaniroda,,956.0,4.0,,,,,,,,,0,0,0,,0,0,0,,0,0,,0,0,0,,0,0,0,,,,,0,0,0,,0,0,0,,0,0,0,,0,0,0,,0,0,0,,,,,,
35569786,elado,"Budapest X. kerület, Szent László tér",Kőbánya-Városközpont,62400000.0,62.4,62400.0,1177358.4905660378,17.949075833339656,13.978783919787535,0,53.0,54.0,2.0,4,0,0,1,0,1,0,1,0,0,,47.568134,19.0964234,0,4755.0,>2000 m (referencia),0,,,0,0,0,https://ingatlan.com/35569786,"Eladó panel lakás - Budapest X. kerület, Szent László tér #35569786",1105,Budapest,Szent László tér,,felújított,Panel lakás,,Ismeretlen,2.0,2.0,0.0,2 szoba,26.5,3,3.0,10.0,0,távfűtés,,1,0,0,0,nincs megadva,,,,nem,,,Magánszemély,,1423.0,4.0,,,,,,,,,0,0,0,,0,0,0,,0,0,,0,0,0,,0,0,0,,,,,0,0,0,,0,0,0,,0,0,0,,0,0,0,,0,0,0,,,,,,
35569841,elado,"Budapest X. kerület, Salgótarjáni utca",Laposdűlő,46900000.0,46.9,46900.0,1234210.5263157894,17.663528233416507,14.025942073690121,0,38.0,38.0,2.0,4,0,0,0,1,0,1,0,0,0,58.0,47.4904869,19.1193942,0,143.3,<150 m,1,,,0,0,0,https://ingatlan.com/35569841,"Eladó tégla lakás - Budapest X. kerület, Salgótarjáni utca #35569841",1101,Budapest,Salgótarjáni utca,,felújított,Tégla lakás,1968.0,30-60 év (panel-korszak),0.0,2.0,0.0,2 szoba,19.0,félemelet,0.5,4.0,0,"gáz (konvektor), hűtő-fűtő klíma",,0,1,0,0,G,,,,nem,19640.0,,Ingatlaniroda,,960.0,4.0,,,,,,,,,0,0,0,,0,0,0,,0,0,,0,0,0,,0,0,0,,,,,0,0,0,,0,0,0,,0,0,0,,0,0,0,,0,0,0,,,,,,
35569935,elado,"Budapest X. kerület, Kőbánya - Óhegy",Óhegy,48900000.0,48.9,48900.0,1018750.0,17.7052879544451,13.83408694353721,0,48.0,48.0,2.0,3,0,0,0,1,0,1,0,0,0,38.0,47.4820541,19.132346,0,297.2,150-300 m,0,,,0,0,0,https://ingatlan.com/35569935,"Eladó tégla lakás - Budapest X. kerület, Kőbánya - Óhegy #35569935",1103,Budapest,Kőbánya - Óhegy,,jó állapotú,Tégla lakás,1988.0,30-60 év (panel-korszak),0.0,2.0,0.0,2 szoba,24.0,nincs megadva,,3.0,0,"gázkazán, hűtő-fűtő klíma",,0,1,0,0,nincs megadva,,,,nem,,,Ingatlaniroda,,549.0,4.0,,,,,,,,,0,0,0,,0,0,0,,0,0,,0,0,0,,0,0,0,,,,,0,0,0,,0,0,0,,0,0,0,,0,0,0,,0,0,0,,,,,,
35569938,elado,"Budapest X. kerület, Szövőszék utca 50.",Újhegy,55000000.0,55.0,55000.0,1100000.0,17.822843743196746,13.9108207377686,0,50.0,51.5,2.0,4,0,0,1,0,1,1,1,0,0,58.0,,,0,,,0,,,0,0,0,https://ingatlan.com/35569938,"Eladó panel lakás - Budapest X. kerület, Szövőszék utca #35569938",1108,Budapest,Szövőszék utca,50,felújított,Panel lakás,1968.0,30-60 év (panel-korszak),3.0,2.0,0.0,2 szoba,25.0,8,8.0,10.0,0,távfűtés,,1,0,0,0,nincs megadva,,,,nem,16545.0,,Ingatlaniroda,,3241.0,4.0,,,,,,,,,0,0,0,,0,0,0,,0,0,,0,0,0,,0,0,0,,,,,0,0,0,,0,0,0,,0,0,0,,0,0,0,,0,0,0,,,,,,
35569944,elado,"Budapest X. kerület, Szárnyas utca 29.",Gyárdűlő,42500000.0,42.5,42500.0,1465517.2413793104,17.565014633894645,14.197718803908172,0,29.0,29.5,1.0,3,0,0,0,1,0,1,1,0,1,58.0,,,0,,,0,,,0,0,0,https://ingatlan.com/35569944,"Eladó tégla lakás - Budapest X. kerület, Szárnyas utca #35569944",1107,Budapest,Szárnyas utca,29,jó állapotú,Tégla lakás,1968.0,30-60 év (panel-korszak),1.0,1.0,0.0,1 szoba,29.0,3,3.0,3.0,0,gáz (konvektor),,0,1,0,0,nincs megadva,,,,nincs megadva,11646.0,,Ingatlaniroda,,1212.0,4.0,,,,,,,,,0,0,0,,0,0,0,,0,0,,0,0,0,,0,0,0,,,,,0,0,0,,0,0,0,,0,0,0,,0,0,0,,0,0,0,,,,,,
35570386,elado,"Budapest X. kerület, Hortobágyi utca",Felsőrákos,29900000.0,29.9,29900.0,996666.6666666666,17.213369038360916,13.812171656698759,0,30.0,30.0,2.0,4,0,0,0,1,0,0,0,1,0,58.0,47.5821079,19.05342,0,6817.2,>2000 m (referencia),0,,,0,0,0,https://ingatlan.com/35570386,"Eladó tégla lakás - Budapest X. kerület, Hortobágyi utca #35570386",1106,Budapest,Hortobágyi utca,,felújított,Tégla lakás,1968.0,30-60 év (panel-korszak),0.0,2.0,0.0,2 szoba,15.0,földszint,0.0,2.0,0,"hőszivattyú, padlófűtés",,0,0,1,0,C,,,,nincs megadva,,,Ingatlaniroda,,1646.0,4.0,,,,,,,,,0,0,0,,0,0,0,,0,0,,0,0,0,,0,0,0,,,,,0,0,0,,0,0,0,,0,0,0,,0,0,0,,0,0,0,,,,,,
35570434,elado,"Budapest X. kerület, Hortobágyi utca",Felsőrákos,35900000.0,35.9,35900.0,970270.2702702703,17.396247853458508,13.785329940814282,0,37.0,37.0,2.0,4,0,0,0,1,0,0,0,1,0,58.0,47.5821079,19.05342,0,6817.2,>2000 m (referencia),0,,,0,0,0,https://ingatlan.com/35570434,"Eladó tégla lakás - Budapest X. kerület, Hortobágyi utca #35570434",1106,Budapest,Hortobágyi utca,,felújított,Tégla lakás,1968.0,30-60 év (panel-korszak),0.0,2.0,0.0,2 szoba,18.5,földszint,0.0,2.0,0,"hőszivattyú, padlófűtés",,0,0,1,0,nincs megadva,,,,nincs megadva,,,Ingatlaniroda,,1646.0,4.0,,,,,,,,,0,0,0,,0,0,0,,0,0,,0,0,0,,0,0,0,,,,,0,0,0,,0,0,0,,0,0,0,,0,0,0,,0,0,0,,,,,,
35570520,elado,"Budapest X. kerület, Kápolna utca",Óhegy,67000000.0,67.0,67000.0,1063492.0634920634,18.02020317735524,13.877068450963707,0,63.0,63.0,3.0,4,0,0,0,0,1,0,0,0,0,58.0,47.4823363,19.1289949,0,88.5,<150 m,1,,,0,0,0,https://ingatlan.com/35570520,"Eladó csúsztatott zsalus - Budapest X. kerület, Kápolna utca #35570520",1103,Budapest,Kápolna utca,,felújított,Csúsztatott zsalus lakás,1968.0,30-60 év (panel-korszak),0.0,3.0,0.0,3 szoba,21.0,6,6.0,,0,távfűtés,,1,0,0,0,nincs megadva,,,,nincs megadva,,,Ingatlaniroda,,1105.0,4.0,,,,,,,,,0,0,0,,0,0,0,,0,0,,0,0,0,,0,0,0,,,,,0,0,0,,0,0,0,,0,0,0,,0,0,0,,0,0,0,,,,,,
35570765,elado,"Budapest X. kerület, Ligettelek",Ligettelek,58770000.0,58.77,58770.0,1175400.0,17.889142078588833,13.977119073160686,0,50.0,50.0,2.0,3,0,0,0,1,0,0,0,0,0,96.0,47.493646,19.1300619,0,227.7,150-300 m,0,,,0,0,0,https://ingatlan.com/35570765,"Eladó tégla lakás - Budapest X. kerület, Ligettelek #35570765",1101,Budapest,Ligettelek,,jó állapotú,Tégla lakás,1930.0,60+ év (háború előtti),0.0,2.0,0.0,2 szoba,25.0,1,1.0,,0,gáz (konvektor),,0,1,0,0,nincs megadva,,,,nincs megadva,,,Ingatlaniroda,,1266.0,4.0,,,,,,,,,0,0,0,,0,0,0,,0,0,,0,0,0,,0,0,0,,,,,0,0,0,,0,0,0,,0,0,0,,0,0,0,,0,0,0,,,,,,
35570806,elado,"Budapest X. kerület, Szőlőhegy utca",Óhegy,39900000.0,39.9,39900.0,1375862.0689655172,17.50188688186009,14.134591051873619,0,29.0,29.0,1.0,2,1,0,0,0,0,0,0,0,1,58.0,47.4809129,19.1506159,0,886.1,500-1000 m,0,,,0,0,0,https://ingatlan.com/35570806,"Eladó csúsztatott zsalus - Budapest X. kerület, Szőlőhegy utca #35570806",1104,Budapest,Szőlőhegy utca,,közepes állapotú,Csúsztatott zsalus lakás,1968.0,30-60 év (panel-korszak),0.0,1.0,0.0,1 szoba,29.0,4,4.0,4.0,0,házközponti egyedi méréssel,,0,0,0,0,C,,,,nem,15000.0,12000.0,Ingatlaniroda,,452.0,4.0,,,,,,,,,0,0,0,,0,0,0,,0,0,,0,0,0,,0,0,0,,,,,0,0,0,,0,0,0,,0,0,0,,0,0,0,,0,0,0,,,,,,
35571058,elado,"Budapest X. kerület, Kada utca 1.",Óhegy,33500000.0,33.5,33500.0,858974.358974359,17.327055996795295,13.663494350665648,0,39.0,39.0,2.0,1,1,0,0,1,0,0,0,1,0,,,,0,,,0,,,0,0,0,https://ingatlan.com/35571058,"Eladó tégla lakás - Budapest X. kerület, Kada utca #35571058",1106,Budapest,Kada utca,1,felújítandó,Tégla lakás,,Ismeretlen,0.0,2.0,0.0,2 szoba,19.5,földszint,0.0,0.0,0,gáz (konvektor),,0,1,0,0,nincs megadva,,,,nincs megadva,,,Ingatlaniroda,,2402.0,4.0,,,,,,,,,0,0,0,,0,0,0,,0,0,,0,0,0,,0,0,0,,,,,0,0,0,,0,0,0,,0,0,0,,0,0,0,,0,0,0,,,,,,
35571138,elado,"Budapest X. kerület, Harmat utca",Ligettelek,66000000.0,66.0,66000.0,1047619.0476190476,18.0051652999907,13.862030573599167,0,63.0,63.0,2.0,3,0,0,0,1,0,1,0,0,0,96.0,47.4702785,19.1650971,0,1026.1,1000-2000 m,0,,,0,0,0,https://ingatlan.com/35571138,"Eladó tégla lakás - Budapest X. kerület, Harmat utca #35571138",1102,Budapest,Harmat utca,,jó állapotú,Tégla lakás,1930.0,60+ év (háború előtti),0.0,2.0,0.0,2 szoba,31.5,félemelet,0.5,3.0,0,"gázkazán, hűtő-fűtő klíma",,0,1,0,0,nincs megadva,,,,nem,16000.0,,Ingatlaniroda,,2056.0,4.0,,,,,,,,,0,0,0,,0,0,0,,0,0,,0,0,0,,0,0,0,,,,,0,0,0,,0,0,0,,0,0,0,,0,0,0,,0,0,0,,,,,,
35571383,elado,"Budapest X. kerület, Állomás utca",Kőbánya-Városközpont,51900000.0,51.9,51900.0,1265853.6585365853,17.764829348136118,14.051257281431809,0,41.0,41.0,2.0,4,0,0,1,0,1,1,0,0,0,58.0,47.5210755,19.1483125,0,126.1,<150 m,1,,,0,0,0,https://ingatlan.com/35571383,"Eladó panel lakás - Budapest X. kerület, Állomás utca #35571383",1102,Budapest,Állomás utca,,felújított,Panel lakás,1968.0,30-60 év (panel-korszak),0.0,2.0,0.0,2 szoba,20.5,1,1.0,10.0,0,távfűtés,,1,0,0,0,E,,,,nem,16750.0,30000.0,Ingatlaniroda,,970.0,4.0,,,,,,,,,0,0,0,,0,0,0,,0,0,,0,0,0,,0,0,0,,,,,0,0,0,,0,0,0,,0,0,0,,0,0,0,,0,0,0,,,,,,
35571494,elado,"Budapest X. kerület, Kőbánya - Óhegy",Óhegy,83900000.0,83.9,83900.0,699166.6666666666,18.245136171437434,13.457644428655389,0,120.0,120.0,4.0,2,1,0,0,1,1,0,0,0,0,58.0,47.4820541,19.132346,0,297.2,150-300 m,0,,,0,0,0,https://ingatlan.com/35571494,"Eladó tégla lakás - Budapest X. kerület, Kőbánya - Óhegy #35571494",1103,Budapest,Kőbánya - Óhegy,,közepes állapotú,Tégla lakás,1968.0,30-60 év (panel-korszak),0.0,4.0,0.0,4+ szoba,30.0,3,3.0,,0,gázkazán,,0,1,0,0,D,,,,nincs megadva,31000.0,,Ingatlaniroda,,2180.0,4.0,,,,,,,,,0,0,0,,0,0,0,,0,0,,0,0,0,,0,0,0,,,,,0,0,0,,0,0,0,,0,0,0,,0,0,0,,0,0,0,,,,,,
35571539,elado,"Budapest X. kerület, Állomás utca 11.",Kőbánya-Városközpont,66500000.0,66.5,66500.0,977941.1764705882,18.012712505626084,13.793204800449976,0,68.0,68.0,3.0,3,0,0,1,0,1,1,0,0,0,58.0,47.484823,19.128699,1,196.1,150-300 m,0,443.5,5.9,0,1,1,https://ingatlan.com/35571539,"Eladó panel lakás - Budapest X. kerület, Állomás utca 11. #35571539",1102,Budapest,Állomás utca,11,jó állapotú,Panel lakás,1968.0,30-60 év (panel-korszak),0.0,3.0,0.0,3 szoba,22.666666666666668,9,9.0,10.0,0,"házközponti, hűtő-fűtő klíma",,0,0,0,0,C,,,,nincs megadva,24000.0,,Ingatlaniroda,,2920.0,4.0,,,,,,,,,0,0,0,299.4,1,1,1,168.0,1,1,299.4,1,1,1,433.3,0,1,1,26.0,65.0,115.0,886.6,0,0,1,850.3,0,0,1,128.2,1,1,1,243.8,1,1,1,,0,0,0,Kőbánya alsó,,Szent László tér,Kőbánya alsó vasútállomás,Névtelen zöldfelület / park,villamos
35571729,elado,"Budapest X. kerület, Gyömrői út 45.",Óhegy,34900000.0,34.9,34900.0,894871.7948717949,17.367997387172654,13.704435741043008,0,39.0,39.0,1.0,3,0,0,0,1,0,0,0,1,0,,47.470861,19.143087,1,433.0,300-500 m,0,1307.4,17.4,0,0,0,https://ingatlan.com/35571729,"Eladó tégla lakás - Budapest X. kerület, Gyömrői út 45. #35571729",1103,Budapest,Gyömrői út,45,jó állapotú,Tégla lakás,,Ismeretlen,0.0,1.0,0.0,1 szoba,39.0,földszint,0.0,0.0,0,gáz (konvektor),,0,1,0,0,nincs megadva,,,,nincs megadva,13000.0,,Ingatlaniroda,,507.0,4.0,,,,,,,,1313.3,0,0,0,1805.3,0,0,0,63.3,1,1,1307.4,0,0,0,324.6,1,1,1,8.0,19.0,41.0,1795.7,0,0,0,,0,0,0,343.7,1,1,1,1006.3,0,0,1,,0,0,0,Kőbánya-Kispest,,Kocsis Sándor Sportközpont,Diósgyőri utca,Névtelen zöldfelület / park,vasut
35571746,elado,"Budapest X. kerület, Állomás utca",Kőbánya-Városközpont,51500000.0,51.5,51500.0,1256097.5609756098,17.757092365633966,14.043520298929657,0,41.0,41.0,2.0,4,0,0,1,0,1,1,0,0,0,38.0,47.5210755,19.1483125,0,126.1,<150 m,1,,,0,0,0,https://ingatlan.com/35571746,"Eladó panel lakás - Budapest X. kerület, Állomás utca #35571746",1102,Budapest,Állomás utca,,felújított,Panel lakás,1988.0,30-60 év (panel-korszak),0.0,2.0,0.0,2 szoba,20.5,3,3.0,10.0,0,távfűtés,,1,0,0,0,nincs megadva,,,,nem,15000.0,,Ingatlaniroda,,260.0,2.0,,,,,,,,,0,0,0,,0,0,0,,0,0,,0,0,0,,0,0,0,,,,,0,0,0,,0,0,0,,0,0,0,,0,0,0,,0,0,0,,,,,,
35572000,elado,"Budapest X. kerület, Gyógyszergyári utca",Felsőrákos,54500000.0,54.5,54500.0,1816666.6666666667,17.81371125963347,14.412513877971318,0,30.0,33.0,1.0,3,0,0,0,1,0,0,1,0,0,,47.4994212,19.1493566,0,351.7,300-500 m,0,,,0,0,0,https://ingatlan.com/35572000,"Eladó tégla lakás - Budapest X. kerület, Gyógyszergyári utca #35572000",1106,Budapest,Gyógyszergyári utca,,nincs megadva,Tégla lakás,,Ismeretlen,6.0,1.0,0.0,1 szoba,30.0,nincs megadva,,,0,nincs megadva,,0,0,0,0,nincs megadva,,,,nincs megadva,,,Ingatlaniroda,,1809.0,2.0,,,,,,,,,0,0,0,,0,0,0,,0,0,,0,0,0,,0,0,0,,,,,0,0,0,,0,0,0,,0,0,0,,0,0,0,,0,0,0,,,,,,
35572010,elado,"Budapest X. kerület, Gyakorló köz",Felsőrákos,82900000.0,82.9,82900.0,1167605.633802817,18.233145620105525,13.970465743064208,0,71.0,72.5,3.0,3,0,0,1,0,1,1,1,0,0,38.0,47.5024404,19.1420305,0,171.6,150-300 m,0,,,0,0,0,https://ingatlan.com/35572010,"Eladó panel lakás - Budapest X. kerület, Gyakorló köz #35572010",1106,Budapest,Gyakorló köz,,jó állapotú,Panel lakás,1988.0,30-60 év (panel-korszak),3.0,3.0,0.0,3 szoba,23.666666666666668,6,6.0,10.0,0,távfűtés egyedi méréssel,,1,0,0,0,nincs megadva,,,,nincs megadva,,,Ingatlaniroda,,1625.0,4.0,,,,,,,,,0,0,0,,0,0,0,,0,0,,0,0,0,,0,0,0,,,,,0,0,0,,0,0,0,,0,0,0,,0,0,0,,0,0,0,,,,,,
35572204,elado,"Budapest X. kerület, Kőbánya - Óhegy",Óhegy,65000000.0,65.0,65000.0,1625000.0,17.98989782785991,14.301018373745976,0,40.0,41.0,2.0,4,0,0,0,1,0,0,1,0,0,21.0,47.4820541,19.132346,0,297.2,150-300 m,0,,,0,0,0,https://ingatlan.com/35572204,"Eladó tégla lakás - Budapest X. kerület, Kőbánya - Óhegy #35572204",1103,Budapest,Kőbánya - Óhegy,,felújított,Tégla lakás,2005.0,10-30 év (rendszerváltás utáni),2.0,2.0,0.0,2 szoba,20.0,2,2.0,4.0,0,házközponti egyedi méréssel,,0,0,0,0,nincs megadva,,,,nem,8449.0,,Ingatlaniroda,,2801.0,4.0,,,,,,,,,0,0,0,,0,0,0,,0,0,,0,0,0,,0,0,0,,,,,0,0,0,,0,0,0,,0,0,0,,0,0,0,,0,0,0,,,,,,
35572696,elado,"Budapest X. kerület, Gyárdűlő",Gyárdűlő,29500000.0,29.5,29500.0,819444.4444444445,17.19990082131005,13.616381882853938,0,36.0,36.0,1.0,1,1,0,0,1,0,0,0,1,0,58.0,47.4754656,19.1221648,0,155.8,150-300 m,0,,,0,0,0,https://ingatlan.com/35572696,"Eladó tégla lakás - Budapest X. kerület, Gyárdűlő #35572696",1107,Budapest,Gyárdűlő,,felújítandó,Tégla lakás,1968.0,30-60 év (panel-korszak),0.0,1.0,0.0,1 szoba,36.0,földszint,0.0,2.0,0,elektromos fűtőpanel,,0,0,0,0,nincs megadva,,,,nincs megadva,,,Ingatlaniroda,,893.0,4.0,,,,,,,,,0,0,0,,0,0,0,,0,0,,0,0,0,,0,0,0,,,,,0,0,0,,0,0,0,,0,0,0,,0,0,0,,0,0,0,,,,,,
35572977,elado,"Budapest X. kerület, Kőbánya-Városközpont",Kőbánya-Városközpont,67000000.0,67.0,67000.0,1063492.0634920634,18.02020317735524,13.877068450963707,0,63.0,63.0,3.0,3,0,0,0,0,0,0,0,0,0,,47.482503,19.1307351,0,213.3,150-300 m,0,,,0,0,0,https://ingatlan.com/35572977,"Eladó csúsztatott zsalus - Budapest X. kerület, Kőbánya-Városközpont #35572977",1105,Budapest,Kőbánya-Városközpont,,jó állapotú,Csúsztatott zsalus lakás,,Ismeretlen,0.0,3.0,0.0,3 szoba,21.0,6,6.0,,0,távfűtés,,1,0,0,0,nincs megadva,,,,nincs megadva,,,Ingatlaniroda,,1656.0,4.0,,,,,,,,,0,0,0,,0,0,0,,0,0,,0,0,0,,0,0,0,,,,,0,0,0,,0,0,0,,0,0,0,,0,0,0,,0,0,0,,,,,,
35573047,elado,"Budapest X. kerület, Fehér út",Felsőrákos,72490000.0,72.49,72490.0,1685813.953488372,18.09895917927706,14.337759063583498,0,43.0,48.5,2.0,3,0,0,0,1,0,0,1,0,0,,47.502803,19.1350725,0,17.6,<150 m,1,,,0,0,0,https://ingatlan.com/35573047,"Eladó tégla lakás - Budapest X. kerület, Fehér út #35573047",1106,Budapest,Fehér út,,nincs megadva,Tégla lakás,,Ismeretlen,11.0,2.0,0.0,2 szoba,21.5,nincs megadva,,,0,nincs megadva,,0,0,0,0,nincs megadva,,,,nincs megadva,,,Ingatlaniroda,,1257.0,2.0,,,,,,,,,0,0,0,,0,0,0,,0,0,,0,0,0,,0,0,0,,,,,0,0,0,,0,0,0,,0,0,0,,0,0,0,,0,0,0,,,,,,
35573124,elado,"Budapest X. kerület, Kőbánya - Újhegyi lakótelep",Újhegy,52900000.0,52.9,52900.0,1079591.836734694,17.783913896828526,13.892093598717901,0,49.0,50.5,2.0,3,0,0,1,0,0,0,1,0,0,58.0,,,0,,,0,,,0,0,0,https://ingatlan.com/35573124,"Eladó panel lakás - Budapest X. kerület, Kőbánya - Újhegyi lakótelep #35573124",1108,Budapest,Kőbánya - Újhegyi lakótelep,,jó állapotú,Panel lakás,1968.0,30-60 év (panel-korszak),3.0,2.0,0.0,2 szoba,24.5,8,8.0,10.0,0,távfűtés,,1,0,0,0,nincs megadva,,,,nincs megadva,,,Ingatlaniroda,,769.0,4.0,,,,,,,,,0,0,0,,0,0,0,,0,0,,0,0,0,,0,0,0,,,,,0,0,0,,0,0,0,,0,0,0,,0,0,0,,0,0,0,,,,,,
35573411,elado,"Budapest X. kerület, Kőbánya-Kertváros",Kőbánya-Kertváros,59900000.0,59.9,59900.0,1274468.085106383,17.908187063085677,14.05803946137562,0,47.0,47.0,2.0,3,0,0,0,1,0,0,0,0,0,58.0,47.4826961,19.2002952,0,91.9,<150 m,1,,,0,0,0,https://ingatlan.com/35573411,"Eladó tégla lakás - Budapest X. kerület, Kőbánya-Kertváros #35573411",1106,Budapest,Kőbánya-Kertváros,,jó állapotú,Tégla lakás,1968.0,30-60 év (panel-korszak),0.0,2.0,0.0,2 szoba,23.5,2,2.0,3.0,0,gáz (konvektor),,0,1,0,0,nincs megadva,,,,nincs megadva,,,Ingatlaniroda,,1648.0,4.0,,,,,,,,,0,0,0,,0,0,0,,0,0,,0,0,0,,0,0,0,,,,,0,0,0,,0,0,0,,0,0,0,,0,0,0,,0,0,0,,,,,,
35573447,elado,"Budapest X. kerület, Kozma utca",Kőbánya-Kertváros,45000000.0,45.0,45000.0,1250000.0,17.622173047734595,14.038654109278484,0,36.0,36.0,1.0,3,0,0,0,1,0,0,0,1,0,58.0,47.4684859,19.1785879,0,1235.0,1000-2000 m,0,,,0,0,0,https://ingatlan.com/35573447,"Eladó tégla lakás - Budapest X. kerület, Kozma utca #35573447",1108,Budapest,Kozma utca,,jó állapotú,Tégla lakás,1968.0,30-60 év (panel-korszak),0.0,1.0,0.0,1 szoba,36.0,földszint,0.0,,0,gáz (konvektor),,0,1,0,0,nincs megadva,,,,nincs megadva,,,Ingatlaniroda,,1393.0,4.0,,,,,,,,,0,0,0,,0,0,0,,0,0,,0,0,0,,0,0,0,,,,,0,0,0,,0,0,0,,0,0,0,,0,0,0,,0,0,0,,,,,,
35573621,elado,"Budapest X. kerület, Gépmadár utca",Felsőrákos,62900000.0,62.9,62900.0,1186792.4528301887,17.957056721670668,13.986764808118547,0,53.0,53.0,2.0,3,0,0,1,0,0,1,0,0,0,,47.5028746,19.1467979,0,182.6,150-300 m,0,,,0,0,0,https://ingatlan.com/35573621,"Eladó panel lakás - Budapest X. kerület, Gépmadár utca #35573621",1106,Budapest,Gépmadár utca,,jó állapotú,Panel lakás,,Ismeretlen,0.0,2.0,0.0,2 szoba,26.5,félemelet,0.5,10.0,0,távfűtés egyedi méréssel,,1,0,0,0,D,,,,nincs megadva,,,Ingatlaniroda,,1046.0,4.0,,,,,,,,,0,0,0,,0,0,0,,0,0,,0,0,0,,0,0,0,,,,,0,0,0,,0,0,0,,0,0,0,,0,0,0,,0,0,0,,,,,,
35573895,elado,"Budapest X. kerület, Füzér utca 34/A.",Ligettelek,65500000.0,65.5,65500.0,1364583.3333333333,17.99756070060548,14.126359689697589,0,48.0,48.0,2.0,4,0,0,0,1,0,1,0,1,0,,47.486627,19.128599,1,282.7,150-300 m,0,576.0,7.7,0,1,1,https://ingatlan.com/35573895,"Eladó tégla lakás - Budapest X. kerület, Füzér utca 34/A #35573895",1102,Budapest,Füzér utca,34/A,felújított,Tégla lakás,,Ismeretlen,0.0,2.0,0.0,2 szoba,24.0,földszint,0.0,2.0,0,gázkazán,,0,1,0,0,nincs megadva,,,,nincs megadva,,,Ingatlaniroda,,2023.0,4.0,,,,,,,,,0,0,0,394.2,0,1,1,251.0,1,1,394.2,0,1,1,396.8,0,1,1,6.0,61.0,112.0,1064.4,0,0,1,848.2,0,0,1,192.0,1,1,1,426.1,0,1,1,,0,0,0,Kőbánya alsó,,Szent László tér,Szent László tér,Liget Grund,villamos
35574035,elado,"Budapest X. kerület, Kúttó",Kőbánya egyéb,37900000.0,37.9,37900.0,1403703.7037037036,17.450461670052654,14.154624804048325,0,27.0,27.0,1.0,4,0,0,0,1,0,1,0,0,1,,47.4691645,19.1325826,0,134.8,<150 m,1,,,0,0,0,https://ingatlan.com/35574035,"Eladó tégla lakás - Budapest X. kerület, Kúttó #35574035",1103,Budapest,Kúttó,,felújított,Tégla lakás,,Ismeretlen,0.0,1.0,0.0,1 szoba,27.0,3,3.0,3.0,0,hűtő-fűtő klíma,,0,0,0,0,nincs megadva,,,,nem,,,Ingatlaniroda,,1183.0,4.0,,,,,,,,,0,0,0,,0,0,0,,0,0,,0,0,0,,0,0,0,,,,,0,0,0,,0,0,0,,0,0,0,,0,0,0,,0,0,0,,,,,,
35574106,elado,"Budapest X. kerület, Szent László tér",Kőbánya-Városközpont,47000000.0,47.0,47000.0,1516129.0322580645,17.665658159674333,14.231670955189186,0,31.0,31.0,1.0,4,0,0,0,1,0,0,0,1,0,,47.568134,19.0964234,0,4755.0,>2000 m (referencia),0,,,0,0,0,https://ingatlan.com/35574106,"Eladó tégla lakás - Budapest X. kerület, Szent László tér #35574106",1105,Budapest,Szent László tér,,felújított,Tégla lakás,,Ismeretlen,0.0,1.0,0.0,1 szoba,31.0,földszint,0.0,2.0,0,gázkazán,,0,1,0,0,nincs megadva,,,,nincs megadva,7608.0,,Ingatlaniroda,,1688.0,2.0,,,,,,,,,0,0,0,,0,0,0,,0,0,,0,0,0,,0,0,0,,,,,0,0,0,,0,0,0,,0,0,0,,0,0,0,,0,0,0,,,,,,
35574601,elado,"Budapest X. kerület, Gyömrői út",Óhegy,53900000.0,53.9,53900.0,1585294.1176470588,17.802641035879226,14.276280511263064,0,34.0,34.0,2.0,4,0,0,0,1,0,0,0,1,0,58.0,47.4738824,19.1348774,0,51.2,<150 m,1,,,0,0,0,https://ingatlan.com/35574601,"Eladó tégla lakás - Budapest X. kerület, Gyömrői út #35574601",1103,Budapest,Gyömrői út,,felújított,Tégla lakás,1968.0,30-60 év (panel-korszak),0.0,2.0,0.0,2 szoba,17.0,földszint,0.0,,0,nincs megadva,,0,0,0,0,nincs megadva,,,,igen,,,Ingatlaniroda,,548.0,4.0,,,,,,,,,0,0,0,,0,0,0,,0,0,,0,0,0,,0,0,0,,,,,0,0,0,,0,0,0,,0,0,0,,0,0,0,,0,0,0,,,,,,
35574602,elado,"Budapest X. kerület, Gyömrői út",Óhegy,53900000.0,53.9,53900.0,1585294.1176470588,17.802641035879226,14.276280511263064,0,34.0,34.0,2.0,4,0,0,0,1,0,0,0,1,0,58.0,47.4738824,19.1348774,0,51.2,<150 m,1,,,0,0,0,https://ingatlan.com/35574602,"Eladó tégla lakás - Budapest X. kerület, Gyömrői út #35574602",1103,Budapest,Gyömrői út,,felújított,Tégla lakás,1968.0,30-60 év (panel-korszak),0.0,2.0,0.0,2 szoba,17.0,földszint,0.0,,0,nincs megadva,,0,0,0,0,nincs megadva,,,,igen,,,Ingatlaniroda,,548.0,4.0,,,,,,,,,0,0,0,,0,0,0,,0,0,,0,0,0,,0,0,0,,,,,0,0,0,,0,0,0,,0,0,0,,0,0,0,,0,0,0,,,,,,
35575042,elado,"Budapest X. kerület, Gépmadár utca 5.",Felsőrákos,69900000.0,69.9,69900.0,984507.0422535212,18.06257620720404,13.799896330162722,0,71.0,73.0,3.0,3,0,0,1,0,1,0,1,0,0,38.0,47.502895,19.143097,1,135.4,<150 m,1,561.0,7.5,0,1,1,https://ingatlan.com/35575042,"Eladó panel lakás - Budapest X. kerület, Gépmadár utca 5. #35575042",1106,Budapest,Gépmadár utca,5,jó állapotú,Panel lakás,1988.0,30-60 év (panel-korszak),4.0,3.0,0.0,3 szoba,23.666666666666668,4,4.0,10.0,0,távfűtés egyedi méréssel,,1,0,0,0,nincs megadva,,,,nincs megadva,,,Ingatlaniroda,,152.0,2.0,,,,,,,,757.5,0,0,1,683.5,0,1,1,227.3,1,1,561.0,0,1,1,326.8,1,1,1,6.0,64.0,150.0,1125.0,0,0,1,787.6,0,0,1,243.7,1,1,1,272.9,1,1,1,340.6,1,1,1,Örs vezér tere,,Örs vezér tere M+H,Sarkantyú utca,Névtelen zöldfelület / park,vasut
35575121,elado,"Budapest X. kerület, Kőbánya - Óhegy",Óhegy,67000000.0,67.0,67000.0,1063492.0634920634,18.02020317735524,13.877068450963707,0,63.0,63.0,3.0,4,0,0,0,0,1,0,0,0,0,58.0,47.4820541,19.132346,0,297.2,150-300 m,0,,,0,0,0,https://ingatlan.com/35575121,"Eladó csúsztatott zsalus - Budapest X. kerület, Kőbánya - Óhegy #35575121",1103,Budapest,Kőbánya - Óhegy,,felújított,Csúsztatott zsalus lakás,1968.0,30-60 év (panel-korszak),0.0,3.0,0.0,3 szoba,21.0,6,6.0,,0,távfűtés,,1,0,0,0,nincs megadva,,,,nincs megadva,,,Ingatlaniroda,,1093.0,4.0,,,,,,,,,0,0,0,,0,0,0,,0,0,,0,0,0,,0,0,0,,,,,0,0,0,,0,0,0,,0,0,0,,0,0,0,,0,0,0,,,,,,
35575124,elado,"Budapest X. kerület, Laposdűlő",Laposdűlő,37900000.0,37.9,37900.0,823913.0434782609,17.450461670052654,13.621820273563559,0,46.0,46.0,2.0,1,1,0,0,1,0,0,0,0,0,96.0,47.4927492,19.1144828,0,359.2,300-500 m,0,,,0,0,0,https://ingatlan.com/35575124,"Eladó tégla lakás - Budapest X. kerület, Laposdűlő #35575124",1101,Budapest,Laposdűlő,,felújítandó,Tégla lakás,1930.0,60+ év (háború előtti),0.0,2.0,0.0,2 szoba,23.0,2,2.0,,0,gáz (konvektor),,0,1,0,0,nincs megadva,,,,nincs megadva,21000.0,,Ingatlaniroda,,964.0,4.0,,,,,,,,,0,0,0,,0,0,0,,0,0,,0,0,0,,0,0,0,,,,,0,0,0,,0,0,0,,0,0,0,,0,0,0,,0,0,0,,,,,,
35575362,elado,"Budapest X. kerület, Sörgyár utca",Óhegy,59900000.0,59.9,59900.0,1069642.857142857,17.908187063085677,13.88283537235053,0,56.0,56.0,2.0,3,0,0,0,1,0,0,0,0,1,21.0,47.4765022,19.1629614,0,415.1,300-500 m,0,,,0,0,0,https://ingatlan.com/35575362,"Eladó tégla lakás - Budapest X. kerület, Sörgyár utca #35575362",1104,Budapest,Sörgyár utca,,jó állapotú,Tégla lakás,2005.0,10-30 év (rendszerváltás utáni),0.0,2.0,0.0,2 szoba,28.0,3,3.0,3.0,0,gázkazán,,0,1,0,0,nincs megadva,,,,nincs megadva,,,Ingatlaniroda,,2898.0,4.0,,,,,,,,,0,0,0,,0,0,0,,0,0,,0,0,0,,0,0,0,,,,,0,0,0,,0,0,0,,0,0,0,,0,0,0,,0,0,0,,,,,,
35575475,elado,"Budapest X. kerület, Ónodi utca",Kőbánya-Városközpont,65000000.0,65.0,65000.0,1203703.7037037036,17.98989782785991,14.000913781295637,0,54.0,56.0,2.0,3,0,0,0,0,0,0,1,0,0,,47.4889502,19.1345557,0,265.4,150-300 m,0,,,0,0,0,https://ingatlan.com/35575475,"Eladó csúsztatott zsalus - Budapest X. kerület, Ónodi utca #35575475",1102,Budapest,Ónodi utca,,jó állapotú,Csúsztatott zsalus lakás,,Ismeretlen,4.0,2.0,0.0,2 szoba,27.0,nincs megadva,,,0,nincs megadva,,0,0,0,0,nincs megadva,,,,nincs megadva,,,Ingatlaniroda,,1705.0,2.0,,,,,,,,,0,0,0,,0,0,0,,0,0,,0,0,0,,0,0,0,,,,,0,0,0,,0,0,0,,0,0,0,,0,0,0,,0,0,0,,,,,,
35575499,elado,"Budapest X. kerület, Sörgyár utca 43.",Óhegy,54900000.0,54.9,54900.0,1276744.1860465116,17.82102390647976,14.059823790786197,0,43.0,43.5,2.0,2,1,0,0,1,0,0,1,0,0,58.0,,,0,,,0,,,0,0,0,https://ingatlan.com/35575499,"Eladó tégla lakás - Budapest X. kerület, Sörgyár utca #35575499",1104,Budapest,Sörgyár utca,43,közepes állapotú,Tégla lakás,1968.0,30-60 év (panel-korszak),1.0,2.0,0.0,2 szoba,21.5,3,3.0,4.0,0,gáz (konvektor),,0,1,0,0,nincs megadva,,,,nincs megadva,14298.0,,Ingatlaniroda,,1003.0,4.0,,,,,,,,,0,0,0,,0,0,0,,0,0,,0,0,0,,0,0,0,,,,,0,0,0,,0,0,0,,0,0,0,,0,0,0,,0,0,0,,,,,,
35575542,elado,"Budapest X. kerület, Kőbánya - Óhegy",Óhegy,37900000.0,37.9,37900.0,1579166.6666666667,17.450461670052654,14.272407839704709,0,24.0,24.0,1.0,3,0,0,0,1,1,1,0,0,0,96.0,47.4820541,19.132346,0,297.2,150-300 m,0,,,0,0,0,https://ingatlan.com/35575542,"Eladó tégla lakás - Budapest X. kerület, Kőbánya - Óhegy #35575542",1103,Budapest,Kőbánya - Óhegy,,jó állapotú,Tégla lakás,1930.0,60+ év (háború előtti),0.0,1.0,0.0,1 szoba,24.0,félemelet,0.5,5.0,0,gáz (konvektor),,0,1,0,0,H,,,,nem,7000.0,,Ingatlaniroda,,2231.0,4.0,,,,,,,,,0,0,0,,0,0,0,,0,0,,0,0,0,,0,0,0,,,,,0,0,0,,0,0,0,,0,0,0,,0,0,0,,0,0,0,,,,,,
35575626,elado,"Budapest X. kerület, Kőbánya - Óhegy",Óhegy,72900000.0,72.9,72900.0,1175806.4516129033,18.104599196978885,13.977464811933794,0,62.0,87.0,2.0,3,0,0,0,1,0,0,1,1,0,58.0,47.4820541,19.132346,0,297.2,150-300 m,0,,,0,0,0,https://ingatlan.com/35575626,"Eladó tégla lakás - Budapest X. kerület, Kőbánya - Óhegy #35575626",1103,Budapest,Kőbánya - Óhegy,,jó állapotú,Tégla lakás,1968.0,30-60 év (panel-korszak),50.0,2.0,0.0,2 szoba,31.0,földszint,0.0,,0,gázkazán,,0,1,0,0,nincs megadva,,,,igen,,,Ingatlaniroda,,1013.0,4.0,,,,,,,,,0,0,0,,0,0,0,,0,0,,0,0,0,,0,0,0,,,,,0,0,0,,0,0,0,,0,0,0,,0,0,0,,0,0,0,,,,,,
35576069,elado,"Budapest X. kerület, Kőbánya-Városközpont",Kőbánya-Városközpont,56900000.0,56.9,56900.0,1053703.7037037036,17.85680589909656,13.867821852532284,0,54.0,56.0,2.0,3,0,0,0,1,0,0,1,0,0,,47.482503,19.1307351,0,213.3,150-300 m,0,,,0,0,0,https://ingatlan.com/35576069,"Eladó tégla lakás - Budapest X. kerület, Kőbánya-Városközpont #35576069",1105,Budapest,Kőbánya-Városközpont,,nincs megadva,Tégla lakás,,Ismeretlen,4.0,2.0,0.0,2 szoba,27.0,nincs megadva,,,0,távfűtés,,1,0,0,0,B,,,,nincs megadva,19000.0,,Ingatlaniroda,,844.0,4.0,,,,,,,,,0,0,0,,0,0,0,,0,0,,0,0,0,,0,0,0,,,,,0,0,0,,0,0,0,,0,0,0,,0,0,0,,0,0,0,,,,,,
35576266,elado,"Budapest X. kerület, Állomás utca",Kőbánya-Városközpont,53500000.0,53.5,53500.0,1304878.0487804879,17.795192211866237,14.081620145161928,0,41.0,41.0,2.0,3,0,0,1,0,1,0,0,0,0,58.0,47.5210755,19.1483125,0,126.1,<150 m,1,,,0,0,0,https://ingatlan.com/35576266,"Eladó panel lakás - Budapest X. kerület, Állomás utca #35576266",1102,Budapest,Állomás utca,,jó állapotú,Panel lakás,1968.0,30-60 év (panel-korszak),0.0,2.0,0.0,2 szoba,20.5,3,3.0,,0,távfűtés,,1,0,0,0,nincs megadva,,,,nincs megadva,,,Ingatlaniroda,,1718.0,4.0,,,,,,,,,0,0,0,,0,0,0,,0,0,,0,0,0,,0,0,0,,,,,0,0,0,,0,0,0,,0,0,0,,0,0,0,,0,0,0,,,,,,
35576355,elado,"Budapest X. kerület, Kőbánya - Óhegy",Óhegy,67000000.0,67.0,67000.0,1063492.0634920634,18.02020317735524,13.877068450963707,0,63.0,63.0,3.0,4,0,0,0,0,0,1,0,0,0,58.0,47.4820541,19.132346,0,297.2,150-300 m,0,,,0,0,0,https://ingatlan.com/35576355,"Eladó csúsztatott zsalus - Budapest X. kerület, Kőbánya - Óhegy #35576355",1103,Budapest,Kőbánya - Óhegy,,felújított,Csúsztatott zsalus lakás,1968.0,30-60 év (panel-korszak),0.0,3.0,0.0,3 szoba,21.0,6,6.0,7.0,0,távfűtés,,1,0,0,0,nincs megadva,,,,nincs megadva,18000.0,,Ingatlaniroda,,2050.0,4.0,,,,,,,,,0,0,0,,0,0,0,,0,0,,0,0,0,,0,0,0,,,,,0,0,0,,0,0,0,,0,0,0,,0,0,0,,0,0,0,,,,,,
35576699,elado,"Budapest X. kerület, Állomás utca",Kőbánya-Városközpont,52900000.0,52.9,52900.0,1290243.9024390243,17.783913896828526,14.07034183012422,0,41.0,41.0,2.0,4,0,0,1,0,1,1,0,0,0,38.0,47.5210755,19.1483125,0,126.1,<150 m,1,,,0,0,0,https://ingatlan.com/35576699,"Eladó panel lakás - Budapest X. kerület, Állomás utca #35576699",1102,Budapest,Állomás utca,,felújított,Panel lakás,1988.0,30-60 év (panel-korszak),0.0,2.0,0.0,2 szoba,20.5,3,3.0,10.0,0,"távfűtés, hűtő-fűtő klíma",,1,0,0,0,G,,,,nem,15000.0,,Ingatlaniroda,,1775.0,4.0,,,,,,,,,0,0,0,,0,0,0,,0,0,,0,0,0,,0,0,0,,,,,0,0,0,,0,0,0,,0,0,0,,0,0,0,,0,0,0,,,,,,
35576810,elado,"Budapest X. kerület, Kőbánya-Városközpont",Kőbánya-Városközpont,51990000.0,51.99,51990.0,1268048.780487805,17.766561950359897,14.052989883655592,0,41.0,41.0,2.0,4,0,0,1,0,1,1,0,0,0,,47.482503,19.1307351,0,213.3,150-300 m,0,,,0,0,0,https://ingatlan.com/35576810,"Eladó panel lakás - Budapest X. kerület, Kőbánya-Városközpont #35576810",1105,Budapest,Kőbánya-Városközpont,,felújított,Panel lakás,,Ismeretlen,0.0,2.0,0.0,2 szoba,20.5,3,3.0,10.0,0,távfűtés,,1,0,0,0,nincs megadva,,,,nincs megadva,15000.0,,Ingatlaniroda,,1456.0,4.0,,,,,,,,,0,0,0,,0,0,0,,0,0,,0,0,0,,0,0,0,,,,,0,0,0,,0,0,0,,0,0,0,,0,0,0,,0,0,0,,,,,,
35577273,elado,"Budapest X. kerület, Harmat utca",Óhegy,52900000.0,52.9,52900.0,1290243.9024390243,17.783913896828526,14.07034183012422,0,41.0,41.0,2.0,3,0,0,0,1,0,0,0,1,0,,47.4702785,19.1650971,0,1026.1,1000-2000 m,0,,,0,0,0,https://ingatlan.com/35577273,"Eladó tégla lakás - Budapest X. kerület, Harmat utca #35577273",1104,Budapest,Harmat utca,,nincs megadva,Tégla lakás,,Ismeretlen,0.0,2.0,0.0,2 szoba,20.5,földszint,0.0,,0,gáz (konvektor),,0,1,0,0,nincs megadva,,,,nincs megadva,,,Ingatlaniroda,,737.0,4.0,,,,,,,,,0,0,0,,0,0,0,,0,0,,0,0,0,,0,0,0,,,,,0,0,0,,0,0,0,,0,0,0,,0,0,0,,0,0,0,,,,,,
35577371,elado,"Budapest X. kerület, Kőbánya - Óhegy",Óhegy,67000000.0,67.0,67000.0,1063492.0634920634,18.02020317735524,13.877068450963707,0,63.0,63.0,3.0,4,0,0,0,0,1,0,0,0,0,58.0,47.4820541,19.132346,0,297.2,150-300 m,0,,,0,0,0,https://ingatlan.com/35577371,"Eladó csúsztatott zsalus - Budapest X. kerület, Kőbánya - Óhegy #35577371",1103,Budapest,Kőbánya - Óhegy,,felújított,Csúsztatott zsalus lakás,1968.0,30-60 év (panel-korszak),0.0,3.0,0.0,3 szoba,21.0,6,6.0,,0,távfűtés,,1,0,0,0,nincs megadva,,,,nincs megadva,,,Ingatlaniroda,,1068.0,4.0,,,,,,,,,0,0,0,,0,0,0,,0,0,,0,0,0,,0,0,0,,,,,0,0,0,,0,0,0,,0,0,0,,0,0,0,,0,0,0,,,,,,
35577752,elado,"Budapest X. kerület, Kápolna utca",Óhegy,67000000.0,67.0,67000.0,1063492.0634920634,18.02020317735524,13.877068450963707,0,63.0,63.0,3.0,4,0,0,0,0,1,0,0,0,0,58.0,47.4823363,19.1289949,0,88.5,<150 m,1,,,0,0,0,https://ingatlan.com/35577752,"Eladó csúsztatott zsalus - Budapest X. kerület, Kápolna utca #35577752",1103,Budapest,Kápolna utca,,felújított,Csúsztatott zsalus lakás,1968.0,30-60 év (panel-korszak),0.0,3.0,0.0,3 szoba,21.0,6,6.0,,0,távfűtés,,1,0,0,0,nincs megadva,,,,nincs megadva,,,Ingatlaniroda,,1105.0,4.0,,,,,,,,,0,0,0,,0,0,0,,0,0,,0,0,0,,0,0,0,,,,,0,0,0,,0,0,0,,0,0,0,,0,0,0,,0,0,0,,,,,,
35577784,elado,"Budapest X. kerület, Makk utca",Gyárdűlő,56900000.0,56.9,56900.0,1778125.0,17.85680589909656,14.391069996296833,0,32.0,34.0,1.0,5,0,1,0,1,1,1,1,0,0,21.0,47.474174,19.1185644,0,347.2,300-500 m,0,,,0,0,0,https://ingatlan.com/35577784,"Eladó tégla lakás - Budapest X. kerület, Makk utca #35577784",1107,Budapest,Makk utca,,újszerű,Tégla lakás,2005.0,10-30 év (rendszerváltás utáni),4.0,1.0,0.0,1 szoba,32.0,3,3.0,6.0,0,házközponti egyedi méréssel,,0,0,0,0,nincs megadva,,,,nem,15000.0,5000.0,Ingatlaniroda,,2158.0,4.0,,,,,,,,,0,0,0,,0,0,0,,0,0,,0,0,0,,0,0,0,,,,,0,0,0,,0,0,0,,0,0,0,,0,0,0,,0,0,0,,,,,,
35577835,elado,"Budapest X. kerület, Üllői út 120-122.",Gyárdűlő,46900000.0,46.9,46900.0,1340000.0,17.663528233416507,14.108180171927094,0,35.0,35.0,1.0,3,0,0,0,1,0,0,0,0,0,,47.470034,19.114395,1,498.5,300-500 m,0,2060.9,27.5,0,0,0,https://ingatlan.com/35577835,"Eladó tégla lakás - Budapest X. kerület, Üllői út 120-122. #35577835",1101,Budapest,Üllői út,120-122,jó állapotú,Tégla lakás,,Ismeretlen,0.0,1.0,0.0,1 szoba,35.0,nincs megadva,,,0,nincs megadva,,0,0,0,0,nincs megadva,,,,nincs megadva,,,Ingatlaniroda,,1672.0,4.0,,,,,,,,246.1,1,1,1,456.3,0,1,1,264.2,1,1,246.1,1,1,1,116.6,1,1,1,26.0,66.0,98.0,645.0,0,1,1,565.7,0,1,1,119.4,1,1,1,549.0,0,1,1,584.4,0,1,1,Kőbánya alsó,,Ecseri út M,Pöttyös utca M,Névtelen zöldfelület / park,metro
35578152,elado,"Budapest X. kerület, Szárnyas utca",Gyárdűlő,44000000.0,44.0,44000.0,1189189.189189189,17.599700191882537,13.988782279238311,0,37.0,38.0,1.0,2,1,0,0,1,0,0,1,0,0,,47.4688278,19.1202985,0,762.0,500-1000 m,0,,,0,0,0,https://ingatlan.com/35578152,"Eladó tégla lakás - Budapest X. kerület, Szárnyas utca #35578152",1107,Budapest,Szárnyas utca,,közepes állapotú,Tégla lakás,,Ismeretlen,2.0,1.0,0.0,1 szoba,37.0,nincs megadva,,,0,nincs megadva,,0,0,0,0,nincs megadva,,,,nincs megadva,,,Ingatlaniroda,,197.0,2.0,,,,,,,,,0,0,0,,0,0,0,,0,0,,0,0,0,,0,0,0,,,,,0,0,0,,0,0,0,,0,0,0,,0,0,0,,0,0,0,,,,,,
35578399,elado,"Budapest X. kerület, Mélytó utca",Újhegy,62400000.0,62.4,62400.0,917647.0588235294,17.949075833339656,13.72956812816355,0,68.0,70.5,3.0,3,0,0,1,0,0,0,1,0,0,,47.4687042,19.1639349,0,832.6,500-1000 m,0,,,0,0,0,https://ingatlan.com/35578399,"Eladó panel lakás - Budapest X. kerület, Mélytó utca #35578399",1108,Budapest,Mélytó utca,,nincs megadva,Panel lakás,,Ismeretlen,5.0,3.0,0.0,3 szoba,22.666666666666668,nincs megadva,,,0,nincs megadva,,0,0,0,0,nincs megadva,,,,nincs megadva,,,Magánszemély,,908.0,2.0,,,,,,,,,0,0,0,,0,0,0,,0,0,,0,0,0,,0,0,0,,,,,0,0,0,,0,0,0,,0,0,0,,0,0,0,,0,0,0,,,,,,
35578506,elado,"Budapest X. kerület, Kőrösi Csoma sétány",Kőbánya-Városközpont,72900000.0,72.9,72900.0,998630.1369863014,18.104599196978885,13.814139755830496,0,73.0,75.5,3.0,2,1,0,0,1,0,1,1,0,0,38.0,47.4850651,19.1310368,0,363.1,300-500 m,0,,,0,0,0,https://ingatlan.com/35578506,"Eladó tégla lakás - Budapest X. kerület, Kőrösi Csoma sétány #35578506",1102,Budapest,Kőrösi Csoma sétány,,közepes állapotú,Tégla lakás,1988.0,30-60 év (panel-korszak),5.0,3.0,0.0,3 szoba,24.333333333333332,1,1.0,4.0,0,távfűtés egyedi méréssel,,1,0,0,0,nincs megadva,,,,nem,26000.0,15000.0,Ingatlaniroda,,2372.0,4.0,,,,,,,,,0,0,0,,0,0,0,,0,0,,0,0,0,,0,0,0,,,,,0,0,0,,0,0,0,,0,0,0,,0,0,0,,0,0,0,,,,,,
35578559,elado,"Budapest X. kerület, Noszlopy utca",Óhegy,64900000.0,64.9,64900.0,1100000.0,17.988358181674318,13.9108207377686,0,59.0,59.0,3.0,2,1,0,1,0,0,0,0,0,0,58.0,47.4735008,19.1502693,0,958.8,500-1000 m,0,,,0,0,0,https://ingatlan.com/35578559,"Eladó panel lakás - Budapest X. kerület, Noszlopy utca #35578559",1103,Budapest,Noszlopy utca,,közepes állapotú,Panel lakás,1968.0,30-60 év (panel-korszak),0.0,3.0,0.0,3 szoba,19.666666666666668,3,3.0,4.0,0,távfűtés,,1,0,0,0,nincs megadva,,,,nincs megadva,18700.0,,Ingatlaniroda,,2329.0,4.0,,,,,,,,,0,0,0,,0,0,0,,0,0,,0,0,0,,0,0,0,,,,,0,0,0,,0,0,0,,0,0,0,,0,0,0,,0,0,0,,,,,,
35578610,elado,"Budapest X. kerület, Kőrösi Csoma sétány 54.",Kőbánya-Városközpont,56900000.0,56.9,56900.0,1053703.7037037036,17.85680589909656,13.867821852532284,0,54.0,56.0,2.0,3,0,0,0,1,0,0,1,0,0,38.0,,,0,,,0,,,0,0,0,https://ingatlan.com/35578610,"Eladó tégla lakás - Budapest X. kerület, Kőrösi Csoma sétány #35578610",1102,Budapest,Kőrösi Csoma sétány,54,nincs megadva,Tégla lakás,1988.0,30-60 év (panel-korszak),4.0,2.0,0.0,2 szoba,27.0,3,3.0,,0,távfűtés egyedi méréssel,,1,0,0,0,nincs megadva,,,,nincs megadva,,,Ingatlaniroda,,678.0,4.0,,,,,,,,,0,0,0,,0,0,0,,0,0,,0,0,0,,0,0,0,,,,,0,0,0,,0,0,0,,0,0,0,,0,0,0,,0,0,0,,,,,,
35578798,elado,"Budapest X. kerület, Kőbánya-Városközpont",Kőbánya-Városközpont,53500000.0,53.5,53500.0,1304878.0487804879,17.795192211866237,14.081620145161928,0,41.0,41.0,2.0,3,0,0,1,0,1,0,0,0,0,58.0,47.482503,19.1307351,0,213.3,150-300 m,0,,,0,0,0,https://ingatlan.com/35578798,"Eladó panel lakás - Budapest X. kerület, Kőbánya-Városközpont #35578798",1105,Budapest,Kőbánya-Városközpont,,jó állapotú,Panel lakás,1968.0,30-60 év (panel-korszak),0.0,2.0,0.0,2 szoba,20.5,3,3.0,,0,távfűtés,,1,0,0,0,nincs megadva,,,,nincs megadva,,,Ingatlaniroda,,1718.0,4.0,,,,,,,,,0,0,0,,0,0,0,,0,0,,0,0,0,,0,0,0,,,,,0,0,0,,0,0,0,,0,0,0,,0,0,0,,0,0,0,,,,,,
35578852,elado,"Budapest X. kerület, Ihász köz",Óhegy,69000000.0,69.0,69000.0,1408163.2653061224,18.049617062561534,14.157796764450907,0,49.0,52.5,2.0,4,0,0,1,0,1,1,1,0,0,38.0,47.4860782,19.1435952,0,671.5,500-1000 m,0,,,0,0,0,https://ingatlan.com/35578852,"Eladó panel lakás - Budapest X. kerület, Ihász köz #35578852",1105,Budapest,Ihász köz,,felújított,Panel lakás,1988.0,30-60 év (panel-korszak),7.0,2.0,0.0,2 szoba,24.5,3,3.0,10.0,0,"távfűtés egyedi méréssel, hűtő-fűtő klíma",,1,0,0,0,C,,,,nem,11000.0,27000.0,Ingatlaniroda,,1547.0,4.0,,,,,,,,,0,0,0,,0,0,0,,0,0,,0,0,0,,0,0,0,,,,,0,0,0,,0,0,0,,0,0,0,,0,0,0,,0,0,0,,,,,,
35578951,elado,"Budapest X. kerület, Füzér utca",Ligettelek,99000000.0,99.0,99000.0,773437.5,18.410630408098864,13.558600144179247,0,128.0,128.0,5.0,3,0,0,0,1,0,0,0,0,0,58.0,47.4885312,19.1271594,0,184.2,150-300 m,0,,,0,0,0,https://ingatlan.com/35578951,"Eladó tégla lakás - Budapest X. kerület, Füzér utca #35578951",1102,Budapest,Füzér utca,,jó állapotú,Tégla lakás,1968.0,30-60 év (panel-korszak),0.0,5.0,0.0,4+ szoba,25.6,2,2.0,,0,házközponti,,0,0,0,0,nincs megadva,,,,nem,48800.0,70000.0,Ingatlaniroda,,342.0,4.0,,,,,,,,,0,0,0,,0,0,0,,0,0,,0,0,0,,0,0,0,,,,,0,0,0,,0,0,0,,0,0,0,,0,0,0,,0,0,0,,,,,,
35578965,elado,"Budapest X. kerület, Tóvirág utca",Újhegy,66500000.0,66.5,66500.0,977941.1764705882,18.012712505626084,13.793204800449976,0,68.0,68.0,3.0,2,1,0,1,0,1,0,0,1,0,58.0,47.4691728,19.1643295,0,891.4,500-1000 m,0,,,0,0,0,https://ingatlan.com/35578965,"Eladó panel lakás - Budapest X. kerület, Tóvirág utca #35578965",1108,Budapest,Tóvirág utca,,közepes állapotú,Panel lakás,1968.0,30-60 év (panel-korszak),0.0,3.0,0.0,3 szoba,22.666666666666668,földszint,0.0,,0,távfűtés,,1,0,0,0,nincs megadva,,,,nincs megadva,21000.0,,Ingatlaniroda,,2808.0,4.0,,,,,,,,,0,0,0,,0,0,0,,0,0,,0,0,0,,0,0,0,,,,,0,0,0,,0,0,0,,0,0,0,,0,0,0,,0,0,0,,,,,,
35579132,elado,"Budapest X. kerület, Kőbánya - Óhegy",Óhegy,70500000.0,70.5,70500.0,1258928.5714285714,18.071123267782497,14.045771577047347,0,56.0,56.0,3.0,4,0,0,1,0,0,0,0,0,0,58.0,47.4820541,19.132346,0,297.2,150-300 m,0,,,0,0,0,https://ingatlan.com/35579132,"Eladó panel lakás - Budapest X. kerület, Kőbánya - Óhegy #35579132",1103,Budapest,Kőbánya - Óhegy,,felújított,Panel lakás,1968.0,30-60 év (panel-korszak),0.0,3.0,0.0,3 szoba,18.666666666666668,2,2.0,4.0,0,távfűtés,,1,0,0,0,nincs megadva,,,,nem,,,Ingatlaniroda,,949.0,4.0,,,,,,,,,0,0,0,,0,0,0,,0,0,,0,0,0,,0,0,0,,,,,0,0,0,,0,0,0,,0,0,0,,0,0,0,,0,0,0,,,,,,
35579284,elado,"Budapest X. kerület, Gyömrői út 130.",Újhegy,49900000.0,49.9,49900.0,998000.0,17.72553156072175,13.813508555293602,0,50.0,50.0,2.0,3,0,0,0,1,0,0,0,0,0,,47.464284,19.160154,1,275.0,150-300 m,0,1138.6,15.2,0,0,0,https://ingatlan.com/35579284,"Eladó tégla lakás - Budapest X. kerület, Gyömrői út 130. #35579284",1103,Budapest,Gyömrői út,130,jó állapotú,Tégla lakás,,Ismeretlen,0.0,2.0,0.0,2 szoba,25.0,félemelet,0.5,3.0,0,gázkazán,,0,1,0,0,nincs megadva,,,,nincs megadva,,,Ingatlaniroda,,744.0,4.0,,,,,,,,1144.5,0,0,0,1699.4,0,0,0,98.3,1,1,1138.6,0,0,0,684.7,0,1,1,5.0,17.0,45.0,,0,0,0,,0,0,0,830.1,0,0,1,384.6,0,1,1,,0,0,0,Kőbánya-Kispest,,Sírkert út,Újhegyi út,Gőzmozdony park,vasut
35579338,elado,"Budapest X. kerület, Kőbánya-Városközpont",Kőbánya-Városközpont,53500000.0,53.5,53500.0,1304878.0487804879,17.795192211866237,14.081620145161928,0,41.0,41.0,2.0,3,0,0,1,0,1,0,0,0,0,58.0,47.482503,19.1307351,0,213.3,150-300 m,0,,,0,0,0,https://ingatlan.com/35579338,"Eladó panel lakás - Budapest X. kerület, Kőbánya-Városközpont #35579338",1105,Budapest,Kőbánya-Városközpont,,jó állapotú,Panel lakás,1968.0,30-60 év (panel-korszak),0.0,2.0,0.0,2 szoba,20.5,3,3.0,,0,távfűtés,,1,0,0,0,nincs megadva,,,,nincs megadva,,,Ingatlaniroda,,1706.0,4.0,,,,,,,,,0,0,0,,0,0,0,,0,0,,0,0,0,,0,0,0,,,,,0,0,0,,0,0,0,,0,0,0,,0,0,0,,0,0,0,,,,,,
35579637,elado,"Budapest X. kerület, Zágrábi utca 8.",Gyárdűlő,74900000.0,74.9,74900.0,1872500.0,18.13166444848745,14.442784994373511,0,40.0,44.5,2.0,5,0,1,0,1,1,1,1,0,0,2.0,47.470303,19.117403,1,598.5,500-1000 m,0,1954.4,26.1,0,0,0,https://ingatlan.com/35579637,"Eladó tégla lakás - Budapest X. kerület, Zágrábi utca 8. #35579637",1107,Budapest,Zágrábi utca,8,újszerű,Tégla lakás,2024.0,0-10 év,9.0,2.0,0.0,2 szoba,20.0,6,6.0,7.0,0,házközponti egyedi méréssel,,0,0,0,0,nincs megadva,,,,nem,17600.0,13000.0,Ingatlaniroda,,1231.0,4.0,,,,,,,,175.8,1,1,1,542.8,0,1,1,204.7,1,1,175.8,1,1,1,125.0,1,1,1,19.0,50.0,106.0,957.9,0,0,1,313.3,1,1,1,172.1,1,1,1,380.3,0,1,1,562.1,0,1,1,Kőbánya alsó,,Balkán utca,Pöttyös utca M,Névtelen zöldfelület / park,metro
35579740,elado,"Budapest X. kerület, Gergely utca 114.",Újhegy,44500000.0,44.5,44500.0,1534482.7586206896,17.610999747136468,14.243703917149995,0,29.0,29.0,1.0,4,0,0,1,0,0,0,0,0,0,,47.468268,19.156605,1,593.5,500-1000 m,0,906.9,12.1,0,0,1,https://ingatlan.com/35579740,"Eladó panel lakás - Budapest X. kerület, Gergely utca 114. #35579740",1108,Budapest,Gergely utca,114,felújított,Panel lakás,,Ismeretlen,0.0,1.0,0.0,1 szoba,29.0,nincs megadva,,,0,nincs megadva,,0,0,0,0,nincs megadva,,,,nincs megadva,,,Ingatlaniroda,,467.0,2.0,,,,,,,,912.9,0,0,1,1318.4,0,0,0,99.4,1,1,906.9,0,0,1,149.8,1,1,1,7.0,25.0,84.0,,0,0,0,,0,0,0,404.6,0,1,1,380.5,0,1,1,1537.3,0,0,0,Kőbánya-Kispest,,Venyige utca,Gergely utca (Sibrik Miklós út),Gőzmozdony park,vasut
35579782,elado,"Budapest X. kerület, Budapest XIX. kerület, Dobó Katica utca",Kőbánya egyéb,69900000.0,69.9,69900.0,1487234.0425531915,18.06257620720404,14.21242860549398,0,47.0,50.0,2.0,4,0,0,0,0,0,1,1,0,0,58.0,,,0,,,0,,,0,0,0,https://ingatlan.com/35579782,"Eladó csúsztatott zsalus - Budapest XIX. kerület, Dobó Katica utca #35579782",1191,Budapest,"Budapest XIX. kerület, Dobó Katica utca",,felújított,Csúsztatott zsalus lakás,1968.0,30-60 év (panel-korszak),6.0,2.0,0.0,2 szoba,23.5,4,4.0,5.0,0,"házközponti egyedi méréssel, hűtő-fűtő klíma",,0,0,0,0,nincs megadva,,,,nincs megadva,,,Ingatlaniroda,,2182.0,4.0,,,,,,,,,0,0,0,,0,0,0,,0,0,,0,0,0,,0,0,0,,,,,0,0,0,,0,0,0,,0,0,0,,0,0,0,,0,0,0,,,,,,
35579832,elado,"Budapest X. kerület, Állomás utca 11.",Kőbánya-Városközpont,49000000.0,49.0,49000.0,980000.0,17.7073308560749,13.795307850646754,0,50.0,51.0,2.0,2,1,0,0,1,0,0,1,0,0,,47.484823,19.128699,1,196.1,150-300 m,0,443.5,5.9,0,1,1,https://ingatlan.com/35579832,"Eladó tégla lakás - Budapest X. kerület, Állomás utca 11. #35579832",1102,Budapest,Állomás utca,11,közepes állapotú,Tégla lakás,,Ismeretlen,2.0,2.0,0.0,2 szoba,25.0,nincs megadva,,,0,nincs megadva,,0,0,0,0,nincs megadva,,,,nincs megadva,,,Ingatlaniroda,,141.0,2.0,,,,,,,,,0,0,0,299.4,1,1,1,168.0,1,1,299.4,1,1,1,433.3,0,1,1,26.0,65.0,115.0,886.6,0,0,1,850.3,0,0,1,128.2,1,1,1,243.8,1,1,1,,0,0,0,Kőbánya alsó,,Szent László tér,Kőbánya alsó vasútállomás,Névtelen zöldfelület / park,villamos
35579875,elado,"Budapest X. kerület, Kápolna utca",Óhegy,67000000.0,67.0,67000.0,1063492.0634920634,18.02020317735524,13.877068450963707,0,63.0,63.0,3.0,4,0,0,0,0,1,1,0,0,0,58.0,47.4823363,19.1289949,0,88.5,<150 m,1,,,0,0,0,https://ingatlan.com/35579875,"Eladó csúsztatott zsalus - Budapest X. kerület, Kápolna utca #35579875",1103,Budapest,Kápolna utca,,felújított,Csúsztatott zsalus lakás,1968.0,30-60 év (panel-korszak),0.0,3.0,0.0,3 szoba,21.0,6,6.0,,0,távfűtés,,1,0,0,0,nincs megadva,,,,nincs megadva,18000.0,,Ingatlaniroda,,949.0,4.0,,,,,,,,,0,0,0,,0,0,0,,0,0,,0,0,0,,0,0,0,,,,,0,0,0,,0,0,0,,0,0,0,,0,0,0,,0,0,0,,,,,,
35579994,elado,"Budapest X. kerület, Harmat utca",Óhegy,58900000.0,58.9,58900.0,1202040.8163265307,17.891351648621814,13.99953135051119,0,49.0,49.0,2.0,3,0,0,1,0,0,0,0,0,0,58.0,47.4702785,19.1650971,0,1026.1,1000-2000 m,0,,,0,0,0,https://ingatlan.com/35579994,"Eladó panel lakás - Budapest X. kerület, Harmat utca #35579994",1104,Budapest,Harmat utca,,jó állapotú,Panel lakás,1968.0,30-60 év (panel-korszak),0.0,2.0,0.0,2 szoba,24.5,4,4.0,,0,távfűtés,,1,0,0,0,nincs megadva,,,,nincs megadva,13000.0,,Ingatlaniroda,,1022.0,4.0,,,,,,,,,0,0,0,,0,0,0,,0,0,,0,0,0,,0,0,0,,,,,0,0,0,,0,0,0,,0,0,0,,0,0,0,,0,0,0,,,,,,
35579997,elado,"Budapest X. kerület, Kővágó utca",Újhegy,65000000.0,65.0,65000.0,955882.3529411765,17.98989782785991,13.770390122683805,0,68.0,69.5,3.0,2,1,0,1,0,1,1,1,0,0,58.0,47.4725225,19.1634642,0,855.4,500-1000 m,0,,,0,0,0,https://ingatlan.com/35579997,"Eladó panel lakás - Budapest X. kerület, Kővágó utca #35579997",1108,Budapest,Kővágó utca,,közepes állapotú,Panel lakás,1968.0,30-60 év (panel-korszak),3.0,3.0,0.0,3 szoba,22.666666666666668,6,6.0,,0,távfűtés,,1,0,0,0,C,,,,nincs megadva,20780.0,,Ingatlaniroda,,1237.0,4.0,,,,,,,,,0,0,0,,0,0,0,,0,0,,0,0,0,,0,0,0,,,,,0,0,0,,0,0,0,,0,0,0,,0,0,0,,0,0,0,,,,,,
35580077,elado,"Budapest X. kerület, Lavotta utca",Óhegy,54900000.0,54.9,54900.0,1568571.4285714286,17.82102390647976,14.265675844990346,0,35.0,37.0,2.0,4,0,0,1,0,1,0,1,0,0,,47.479094,19.1612765,0,186.6,150-300 m,0,,,0,0,0,https://ingatlan.com/35580077,"Eladó panel lakás - Budapest X. kerület, Lavotta utca #35580077",1104,Budapest,Lavotta utca,,felújított,Panel lakás,,Ismeretlen,4.0,2.0,0.0,2 szoba,17.5,4,4.0,10.0,0,távfűtés egyedi méréssel,,1,0,0,0,nincs megadva,,,,nincs megadva,,,Ingatlaniroda,,1345.0,4.0,,,,,,,,,0,0,0,,0,0,0,,0,0,,0,0,0,,0,0,0,,,,,0,0,0,,0,0,0,,0,0,0,,0,0,0,,0,0,0,,,,,,
35580576,elado,"Budapest X. kerület, Maláta köz",Óhegy,81000000.0,81.0,81000.0,1306451.6129032257,18.209959712636714,14.082825327591621,0,62.0,66.5,3.0,3,0,0,0,1,1,1,1,0,0,21.0,47.4904587,19.139691,0,195.8,150-300 m,0,,,0,0,0,https://ingatlan.com/35580576,"Eladó tégla lakás - Budapest X. kerület, Maláta köz #35580576",1105,Budapest,Maláta köz,,jó állapotú,Tégla lakás,2005.0,10-30 év (rendszerváltás utáni),9.0,3.0,0.0,3 szoba,20.666666666666668,4,4.0,7.0,0,"házközponti egyedi méréssel, hűtő-fűtő klíma",,0,0,0,0,nincs megadva,,,,nem,30000.0,15000.0,Ingatlaniroda,,4465.0,4.0,,,,,,,,,0,0,0,,0,0,0,,0,0,,0,0,0,,0,0,0,,,,,0,0,0,,0,0,0,,0,0,0,,0,0,0,,0,0,0,,,,,,
35581444,elado,"Budapest X. kerület, Harmat utca",Újhegy,69900000.0,69.9,69900.0,1043283.5820895522,18.06257620720404,13.857883587813072,0,67.0,68.0,3.0,1,1,0,1,0,1,0,1,0,0,58.0,47.4702785,19.1650971,0,1026.1,1000-2000 m,0,,,0,0,0,https://ingatlan.com/35581444,"Eladó panel lakás - Budapest X. kerület, Harmat utca #35581444",1108,Budapest,Harmat utca,,felújítandó,Panel lakás,1968.0,30-60 év (panel-korszak),2.0,3.0,0.0,3 szoba,22.333333333333332,5,5.0,,0,házközponti,,0,0,0,0,C,,,,nincs megadva,,,Ingatlaniroda,,1558.0,4.0,,,,,,,,,0,0,0,,0,0,0,,0,0,,0,0,0,,0,0,0,,,,,0,0,0,,0,0,0,,0,0,0,,0,0,0,,0,0,0,,,,,,
35581687,elado,"Budapest X. kerület, Gyakorló utca",Felsőrákos,65000000.0,65.0,65000.0,1326530.612244898,17.98989782785991,14.098077529749284,0,49.0,51.0,2.0,3,0,0,1,0,1,1,1,0,0,38.0,47.5018325,19.1436801,0,258.3,150-300 m,0,,,0,0,0,https://ingatlan.com/35581687,"Eladó panel lakás - Budapest X. kerület, Gyakorló utca #35581687",1106,Budapest,Gyakorló utca,,jó állapotú,Panel lakás,1988.0,30-60 év (panel-korszak),4.0,2.0,0.0,2 szoba,24.5,1,1.0,10.0,0,távfűtés,,1,0,0,0,nincs megadva,,,,nem,,30000.0,Ingatlaniroda,,2711.0,4.0,,,,,,,,,0,0,0,,0,0,0,,0,0,,0,0,0,,0,0,0,,,,,0,0,0,,0,0,0,,0,0,0,,0,0,0,,0,0,0,,,,,,
35582234,elado,"Budapest X. kerület, Felsőrákos",Felsőrákos,53500000.0,53.5,53500.0,1783333.3333333333,17.795192211866237,14.393994830204079,0,30.0,33.0,1.0,6,0,1,0,1,1,0,1,0,0,0.0,47.4953772,19.1746318,0,636.9,500-1000 m,0,,,0,0,0,https://ingatlan.com/35582234,"Eladó tégla lakás - Budapest X. kerület, Felsőrákos #35582234",1106,Budapest,Felsőrákos,,új építésű,Tégla lakás,2026.0,Új építésű (2025+),6.0,1.0,0.0,1 szoba,30.0,6,6.0,8.0,0,házközponti egyedi méréssel,,0,0,0,0,A+,,,,nem,,,Ingatlaniroda,,1746.0,4.0,,,,,,,,,0,0,0,,0,0,0,,0,0,,0,0,0,,0,0,0,,,,,0,0,0,,0,0,0,,0,0,0,,0,0,0,,0,0,0,,,,,,
35582405,elado,"Budapest X. kerület, Ligettelek",Ligettelek,49900000.0,49.9,49900.0,1217073.1707317072,17.72553156072175,14.01195949401744,0,41.0,41.0,2.0,3,0,0,0,1,0,0,0,1,0,58.0,47.493646,19.1300619,0,227.7,150-300 m,0,,,0,0,0,https://ingatlan.com/35582405,"Eladó tégla lakás - Budapest X. kerület, Ligettelek #35582405",1101,Budapest,Ligettelek,,jó állapotú,Tégla lakás,1968.0,30-60 év (panel-korszak),0.0,2.0,0.0,2 szoba,20.5,földszint,0.0,,0,gáz (konvektor),,0,1,0,0,nincs megadva,,,,nincs megadva,,,Ingatlaniroda,,2581.0,4.0,,,,,,,,,0,0,0,,0,0,0,,0,0,,0,0,0,,0,0,0,,,,,0,0,0,,0,0,0,,0,0,0,,0,0,0,,0,0,0,,,,,,
35582453,elado,"Budapest X. kerület, Kőrösi Csoma sétány",Kőbánya-Városközpont,56900000.0,56.9,56900.0,1053703.7037037036,17.85680589909656,13.867821852532284,0,54.0,56.0,2.0,2,1,0,0,1,0,0,1,0,0,,47.4850651,19.1310368,0,363.1,300-500 m,0,,,0,0,0,https://ingatlan.com/35582453,"Eladó tégla lakás - Budapest X. kerület, Kőrösi Csoma sétány #35582453",1102,Budapest,Kőrösi Csoma sétány,,közepes állapotú,Tégla lakás,,Ismeretlen,4.0,2.0,0.0,2 szoba,27.0,3,3.0,,0,nincs megadva,,0,0,0,0,nincs megadva,,,,nincs megadva,,,Ingatlaniroda,,2105.0,4.0,,,,,,,,,0,0,0,,0,0,0,,0,0,,0,0,0,,0,0,0,,,,,0,0,0,,0,0,0,,0,0,0,,0,0,0,,0,0,0,,,,,,
35582653,elado,"Budapest X. kerület, Kőbányai út",Laposdűlő,68500000.0,68.5,68500.0,1022388.0597014925,18.042344303232454,13.837651683841488,0,67.0,69.0,3.0,3,0,0,1,0,0,0,1,0,1,38.0,47.4839965,19.1169429,0,148.4,<150 m,1,,,0,0,0,https://ingatlan.com/35582653,"Eladó panel lakás - Budapest X. kerület, Kőbányai út #35582653",1101,Budapest,Kőbányai út,,jó állapotú,Panel lakás,1988.0,30-60 év (panel-korszak),4.0,3.0,0.0,3 szoba,22.333333333333332,3,3.0,3.0,0,házközponti,,0,0,0,0,nincs megadva,,,,nincs megadva,,,Ingatlaniroda,,926.0,4.0,,,,,,,,,0,0,0,,0,0,0,,0,0,,0,0,0,,0,0,0,,,,,0,0,0,,0,0,0,,0,0,0,,0,0,0,,0,0,0,,,,,,
35582779,elado,"Budapest X. kerület, Kőbánya-Városközpont",Kőbánya-Városközpont,43000000.0,43.0,43000.0,1131578.9473684211,17.576710673657836,13.939124513931452,0,38.0,38.0,1.0,3,0,0,0,0,1,0,0,0,0,58.0,47.482503,19.1307351,0,213.3,150-300 m,0,,,0,0,0,https://ingatlan.com/35582779,"Eladó csúsztatott zsalus - Budapest X. kerület, Kőbánya-Városközpont #35582779",1105,Budapest,Kőbánya-Városközpont,,jó állapotú,Csúsztatott zsalus lakás,1968.0,30-60 év (panel-korszak),0.0,1.0,0.0,1 szoba,38.0,2,2.0,7.0,0,távfűtés,,1,0,0,0,C,,,,nincs megadva,13600.0,,Ingatlaniroda,,856.0,4.0,,,,,,,,,0,0,0,,0,0,0,,0,0,,0,0,0,,0,0,0,,,,,0,0,0,,0,0,0,,0,0,0,,0,0,0,,0,0,0,,,,,,
35583492,elado,"Budapest X. kerület, Ónodi köz 57.",Kőbánya-Városközpont,53000000.0,53.0,53000.0,929824.5614035088,17.785802471516394,13.742751203681847,0,57.0,57.0,3.0,1,1,0,0,1,0,0,0,0,0,58.0,,,0,,,0,,,0,0,0,https://ingatlan.com/35583492,"Eladó tégla lakás - Budapest X. kerület, Ónodi köz #35583492",1105,Budapest,Ónodi köz,57,felújítandó,Tégla lakás,1968.0,30-60 év (panel-korszak),0.0,3.0,0.0,3 szoba,19.0,1,1.0,4.0,0,távfűtés,,1,0,0,0,F,,,,nincs megadva,,,Ingatlaniroda,,4067.0,4.0,,,,,,,,,0,0,0,,0,0,0,,0,0,,0,0,0,,0,0,0,,,,,0,0,0,,0,0,0,,0,0,0,,0,0,0,,0,0,0,,,,,,
35583640,elado,"Budapest X. kerület, Harmat utca",Óhegy,75000000.0,75.0,75000.0,1415094.3396226414,18.132998671500584,14.162706757948463,0,53.0,55.0,2.0,4,0,0,0,1,0,1,1,0,0,,47.4702785,19.1650971,0,1026.1,1000-2000 m,0,,,0,0,0,https://ingatlan.com/35583640,"Eladó tégla lakás - Budapest X. kerület, Harmat utca #35583640",1104,Budapest,Harmat utca,,felújított,Tégla lakás,,Ismeretlen,4.0,2.0,0.0,2 szoba,26.5,2,2.0,4.0,0,távfűtés,,1,0,0,0,nincs megadva,,,,nincs megadva,,,Ingatlaniroda,,1114.0,4.0,,,,,,,,,0,0,0,,0,0,0,,0,0,,0,0,0,,0,0,0,,,,,0,0,0,,0,0,0,,0,0,0,,0,0,0,,0,0,0,,,,,,
35583766,elado,"Budapest X. kerület, Oltó utca 10.",Újhegy,64900000.0,64.9,64900.0,954411.7647058824,17.988358181674318,13.768850476498212,0,68.0,69.5,3.0,3,0,0,1,0,1,1,1,0,0,58.0,47.469465,19.159126,1,783.9,500-1000 m,0,1160.5,15.5,0,0,0,https://ingatlan.com/35583766,"Eladó panel lakás - Budapest X. kerület, Oltó utca 10. #35583766",1108,Budapest,Oltó utca,10,jó állapotú,Panel lakás,1968.0,30-60 év (panel-korszak),3.0,3.0,0.0,3 szoba,22.666666666666668,6,6.0,10.0,0,távfűtés,,1,0,0,0,D,,,,nem,21000.0,,Ingatlaniroda,,3126.0,4.0,,,,,,,,1166.4,0,0,0,1182.4,0,0,0,247.0,1,1,1160.5,0,0,0,210.4,1,1,1,7.0,32.0,56.0,,0,0,0,,0,0,0,258.1,1,1,1,442.6,0,1,1,1401.3,0,0,0,Kőbánya-Kispest,,Venyige utca,Bányató utca,Gőzmozdony park,vasut
35583875,elado,"Budapest X. kerület, Füzér utca 17.",Ligettelek,17000000.0,17.0,17000.0,1000000.0,16.64872390202049,13.815510557964274,0,17.0,17.0,1.0,5,0,1,0,1,0,0,0,0,0,58.0,,,0,,,0,,,0,0,0,https://ingatlan.com/35583875,"Eladó tégla lakás - Budapest X. kerület, Füzér utca #35583875",1102,Budapest,Füzér utca,17,újszerű,Tégla lakás,1968.0,30-60 év (panel-korszak),0.0,1.0,0.0,1 szoba,17.0,szuterén,-1.0,4.0,0,elektromos fűtőpanel,,0,0,0,0,B,,,,nincs megadva,5000.0,10000.0,Ingatlaniroda,,914.0,4.0,,,,,,,,,0,0,0,,0,0,0,,0,0,,0,0,0,,0,0,0,,,,,0,0,0,,0,0,0,,0,0,0,,0,0,0,,0,0,0,,,,,,
35584000,elado,"Budapest X. kerület, Kőbánya-Városközpont",Kőbánya-Városközpont,64900000.0,64.9,64900.0,1014062.5,17.988358181674318,13.829475098314646,0,64.0,64.0,3.0,2,1,0,0,0,1,1,0,0,0,58.0,47.482503,19.1307351,0,213.3,150-300 m,0,,,0,0,0,https://ingatlan.com/35584000,"Eladó csúsztatott zsalus - Budapest X. kerület, Kőbánya-Városközpont #35584000",1105,Budapest,Kőbánya-Városközpont,,közepes állapotú,Csúsztatott zsalus lakás,1968.0,30-60 év (panel-korszak),0.0,3.0,0.0,3 szoba,21.333333333333332,3,3.0,,0,távfűtés,,1,0,0,0,nincs megadva,,,,nincs megadva,15680.0,,Ingatlaniroda,,883.0,4.0,,,,,,,,,0,0,0,,0,0,0,,0,0,,0,0,0,,0,0,0,,,,,0,0,0,,0,0,0,,0,0,0,,0,0,0,,0,0,0,,,,,,
35584302,elado,"Budapest X. kerület, Gém utca 4.",Gyárdűlő,133000000.0,133.0,133000.0,1727272.7272727273,18.705859686186027,14.362054264332343,0,77.0,80.5,4.0,5,0,1,0,1,1,1,1,0,0,7.0,47.470795,19.121189,1,563.8,500-1000 m,0,1878.2,25.0,0,0,0,https://ingatlan.com/35584302,"Eladó tégla lakás - Budapest X. kerület, Gém utca 4. #35584302",1107,Budapest,Gém utca,4,újszerű,Tégla lakás,2019.0,0-10 év,7.0,4.0,0.0,4+ szoba,19.25,6,6.0,7.0,0,házközponti egyedi méréssel,,0,0,0,0,C,,,,nem,50000.0,30000.0,Ingatlaniroda,,2859.0,4.0,,,,,,,,507.1,0,1,1,624.4,0,1,1,376.0,0,1,507.1,0,1,1,176.1,1,1,1,3.0,31.0,88.0,1291.9,0,0,0,269.7,1,1,1,547.0,0,1,1,424.4,0,1,1,893.5,0,0,1,Kőbánya alsó,,Balkán utca,Hizlaló tér,Névtelen zöldfelület / park,metro
35584610,elado,"Budapest X. kerület, Gergely utca",Újhegy,55000000.0,55.0,55000.0,1279069.7674418604,17.822843743196746,14.061643627503182,0,43.0,43.5,1.0,4,0,0,0,1,0,1,1,0,0,96.0,47.4702816,19.1514579,0,666.5,500-1000 m,0,,,0,0,0,https://ingatlan.com/35584610,"Eladó tégla lakás - Budapest X. kerület, Gergely utca #35584610",1103,Budapest,Gergely utca,,felújított,Tégla lakás,1930.0,60+ év (háború előtti),1.0,1.0,0.0,1 szoba,43.0,2,2.0,3.0,0,"hűtő-fűtő klíma, egyéb",,0,0,0,0,nincs megadva,,,,nem,,31000.0,Ingatlaniroda,,1673.0,4.0,,,,,,,,,0,0,0,,0,0,0,,0,0,,0,0,0,,0,0,0,,,,,0,0,0,,0,0,0,,0,0,0,,0,0,0,,0,0,0,,,,,,
35584673,elado,"Budapest X. kerület, Kőrösi Csoma Sándor út",Kőbánya-Városközpont,64900000.0,64.9,64900.0,1014062.5,17.988358181674318,13.829475098314646,0,64.0,64.0,3.0,2,1,0,0,0,1,1,0,0,0,58.0,47.4865004,19.1327222,0,533.8,500-1000 m,0,,,0,0,0,https://ingatlan.com/35584673,"Eladó csúsztatott zsalus - Budapest X. kerület, Kőrösi Csoma Sándor út #35584673",1102,Budapest,Kőrösi Csoma Sándor út,,közepes állapotú,Csúsztatott zsalus lakás,1968.0,30-60 év (panel-korszak),0.0,3.0,0.0,3 szoba,21.333333333333332,3,3.0,,0,távfűtés,,1,0,0,0,nincs megadva,,,,nem,15680.0,,Ingatlaniroda,,1543.0,4.0,,,,,,,,,0,0,0,,0,0,0,,0,0,,0,0,0,,0,0,0,,,,,0,0,0,,0,0,0,,0,0,0,,0,0,0,,0,0,0,,,,,,
35584770,elado,"Budapest X. kerület, Laposdűlő",Laposdűlő,51600000.0,51.6,51600.0,1357894.7368421052,17.75903223045179,14.121446070725405,0,38.0,38.0,2.0,4,0,0,0,1,0,0,0,0,0,,47.4927492,19.1144828,0,359.2,300-500 m,0,,,0,0,0,https://ingatlan.com/35584770,"Eladó tégla lakás - Budapest X. kerület, Laposdűlő #35584770",1101,Budapest,Laposdűlő,,felújított,Tégla lakás,,Ismeretlen,0.0,2.0,0.0,2 szoba,19.0,nincs megadva,,,0,nincs megadva,,0,0,0,0,nincs megadva,,,,nincs megadva,14400.0,,Ingatlaniroda,,746.0,4.0,,,,,,,,,0,0,0,,0,0,0,,0,0,,0,0,0,,0,0,0,,,,,0,0,0,,0,0,0,,0,0,0,,0,0,0,,0,0,0,,,,,,
35584783,elado,"Budapest X. kerület, Csilla utca 3/A.",Laposdűlő,55400000.0,55.4,55400.0,1497297.2972972973,17.830090151717513,14.219172239073288,0,37.0,37.0,3.0,4,0,0,0,1,0,0,0,0,0,,47.489048,19.117972,1,32.0,<150 m,1,1165.0,15.5,0,0,0,https://ingatlan.com/35584783,"Eladó tégla lakás - Budapest X. kerület, Csilla utca 3/A #35584783",1101,Budapest,Csilla utca,3/A,felújított,Tégla lakás,,Ismeretlen,0.0,3.0,0.0,3 szoba,12.333333333333334,nincs megadva,,,0,nincs megadva,,0,0,0,0,nincs megadva,,,,nincs megadva,,,Ingatlaniroda,,1672.0,2.0,,,,,,,,1980.7,0,0,0,436.5,0,1,1,368.7,1,1,436.5,0,1,1,330.9,1,1,1,5.0,18.0,37.0,1130.2,0,0,0,144.1,1,1,1,330.7,1,1,1,1005.9,0,0,1,1830.4,0,0,0,Kőbánya alsó,,Pongrácz úti lakótelep,Pongrácz úti lakótelep,Névtelen zöldfelület / park,villamos
35584924,elado,"Budapest X. kerület, Harmat utca 60.",Óhegy,78900000.0,78.9,78900.0,1315000.0,18.1836917858161,14.089347223594002,0,60.0,62.0,3.0,4,0,0,1,0,1,1,1,0,0,38.0,,,0,,,0,,,0,0,0,https://ingatlan.com/35584924,"Eladó panel lakás - Budapest X. kerület, Harmat utca #35584924",1104,Budapest,Harmat utca,60,felújított,Panel lakás,1988.0,30-60 év (panel-korszak),4.0,3.0,0.0,3 szoba,20.0,4,4.0,10.0,0,távfűtés egyedi méréssel,,1,0,0,0,nincs megadva,,,,nem,26000.0,,Ingatlaniroda,,1927.0,2.0,,,,,,,,,0,0,0,,0,0,0,,0,0,,0,0,0,,0,0,0,,,,,0,0,0,,0,0,0,,0,0,0,,0,0,0,,0,0,0,,,,,,
35585119,elado,"Budapest X. kerület, Kőbánya - Óhegy",Óhegy,59900000.0,59.9,59900.0,1069642.857142857,17.908187063085677,13.88283537235053,0,56.0,56.0,2.0,5,0,1,0,1,0,0,0,0,1,21.0,47.4820541,19.132346,0,297.2,150-300 m,0,,,0,0,0,https://ingatlan.com/35585119,"Eladó tégla lakás - Budapest X. kerület, Kőbánya - Óhegy #35585119",1103,Budapest,Kőbánya - Óhegy,,újszerű,Tégla lakás,2005.0,10-30 év (rendszerváltás utáni),0.0,2.0,0.0,2 szoba,28.0,3,3.0,3.0,0,gázkazán,,0,1,0,0,B,,,,nincs megadva,,,Ingatlaniroda,,2150.0,4.0,,,,,,,,,0,0,0,,0,0,0,,0,0,,0,0,0,,0,0,0,,,,,0,0,0,,0,0,0,,0,0,0,,0,0,0,,0,0,0,,,,,,
35585223,elado,"Budapest X. kerület, Kőbánya - Óhegy",Óhegy,67000000.0,67.0,67000.0,1063492.0634920634,18.02020317735524,13.877068450963707,0,63.0,63.0,3.0,4,0,0,0,0,1,1,0,0,0,58.0,47.4820541,19.132346,0,297.2,150-300 m,0,,,0,0,0,https://ingatlan.com/35585223,"Eladó csúsztatott zsalus - Budapest X. kerület, Kőbánya - Óhegy #35585223",1103,Budapest,Kőbánya - Óhegy,,felújított,Csúsztatott zsalus lakás,1968.0,30-60 év (panel-korszak),0.0,3.0,0.0,3 szoba,21.0,6,6.0,,0,távfűtés,,1,0,0,0,nincs megadva,,,,nem,,,Ingatlaniroda,,2362.0,4.0,,,,,,,,,0,0,0,,0,0,0,,0,0,,0,0,0,,0,0,0,,,,,0,0,0,,0,0,0,,0,0,0,,0,0,0,,0,0,0,,,,,,
35585304,elado,"Budapest X. kerület, Hungária körút",Laposdűlő,74900000.0,74.9,74900.0,1040277.7777777778,18.13166444848745,13.854998329471393,0,72.0,72.0,3.0,4,0,0,1,0,1,0,0,0,0,38.0,47.5120385,19.0980307,0,121.4,<150 m,1,,,0,0,0,https://ingatlan.com/35585304,"Eladó panel lakás - Budapest X. kerület, Hungária körút #35585304",1101,Budapest,Hungária körút,,felújított,Panel lakás,1988.0,30-60 év (panel-korszak),0.0,3.0,0.0,3 szoba,24.0,8,8.0,10.0,0,házközponti,,0,0,0,0,nincs megadva,,,,nem,,,Ingatlaniroda,,833.0,4.0,,,,,,,,,0,0,0,,0,0,0,,0,0,,0,0,0,,0,0,0,,,,,0,0,0,,0,0,0,,0,0,0,,0,0,0,,0,0,0,,,,,,
35585337,elado,"Budapest X. kerület, Liget utca 40.",Ligettelek,45000000.0,45.0,45000.0,1184210.5263157894,17.622173047734595,13.984586888008208,0,38.0,38.0,2.0,4,0,0,0,1,0,0,0,0,1,,47.489487,19.133937,1,199.9,150-300 m,0,414.5,5.5,0,1,1,https://ingatlan.com/35585337,"Eladó tégla lakás - Budapest X. kerület, Liget utca 40. #35585337",1102,Budapest,Liget utca,40,felújított,Tégla lakás,,Ismeretlen,0.0,2.0,0.0,2 szoba,19.0,4,4.0,4.0,0,nincs megadva,,0,0,0,0,nincs megadva,,,,nincs megadva,,,Ingatlaniroda,,849.0,2.0,,,,,,,,1973.4,0,0,0,181.5,1,1,1,178.5,1,1,181.5,1,1,1,226.8,1,1,1,17.0,50.0,106.0,1377.6,0,0,0,407.8,0,1,1,602.0,0,1,1,273.2,1,1,1,2028.3,0,0,0,Kőbánya felső,,Szent László Gimnázium,Szent László Gimnázium,Sajó Sándor tér,villamos
35585478,elado,"Budapest X. kerület, Újhegy - Rózsaliget-lakópark",Újhegy,89900000.0,89.9,89900.0,1473770.4918032787,18.31420849944185,14.203334635268538,0,61.0,69.0,3.0,4,0,0,0,1,1,1,1,1,0,21.0,47.4659601,19.1619225,0,495.4,300-500 m,0,,,0,0,0,https://ingatlan.com/35585478,"Eladó tégla lakás - Budapest X. kerület, Újhegy - Rózsaliget-lakópark #35585478",1108,Budapest,Újhegy - Rózsaliget-lakópark,,felújított,Tégla lakás,2005.0,10-30 év (rendszerváltás utáni),16.0,3.0,0.0,3 szoba,20.333333333333332,földszint,0.0,6.0,0,"házközponti egyedi méréssel, hűtő-fűtő klíma",,0,0,0,0,D,,,,igen,30000.0,,Ingatlaniroda,,1984.0,4.0,,,,,,,,,0,0,0,,0,0,0,,0,0,,0,0,0,,0,0,0,,,,,0,0,0,,0,0,0,,0,0,0,,0,0,0,,0,0,0,,,,,,
35585662,elado,"Budapest X. kerület, Gergely utca 102.",Óhegy,85000000.0,85.0,85000.0,1931818.1818181819,18.258161814454592,14.473972180536329,0,44.0,49.0,2.0,5,0,1,0,1,1,1,1,0,0,7.0,47.471899,19.148581,1,741.2,500-1000 m,0,1326.3,17.7,0,0,0,https://ingatlan.com/35585662,"Eladó tégla lakás - Budapest X. kerület, Gergely utca 102. #35585662",1103,Budapest,Gergely utca,102,újszerű,Tégla lakás,2019.0,0-10 év,10.0,2.0,0.0,2 szoba,22.0,1,1.0,3.0,0,"mennyezeti hűtés-fűtés, hőszivattyú",,0,0,1,0,A+,,,,nem,,,Ingatlaniroda,,1678.0,2.0,,,,,,,,1332.2,0,0,0,1677.4,0,0,0,52.5,1,1,1326.3,0,0,0,846.5,0,0,1,2.0,17.0,48.0,1630.6,0,0,0,,0,0,0,477.9,0,1,1,911.0,0,0,1,1788.8,0,0,0,Kőbánya-Kispest,,Kada utca / Maglódi út,Noszlopy utca,Névtelen zöldfelület / park,vasut
35585953,elado,"Budapest X. kerület, Harmat utca",Óhegy,53900000.0,53.9,53900.0,1016981.1320754717,17.802641035879226,13.832349122327104,0,53.0,53.0,2.0,1,1,0,1,0,1,0,0,1,0,58.0,47.4702785,19.1650971,0,1026.1,1000-2000 m,0,,,0,0,0,https://ingatlan.com/35585953,"Eladó panel lakás - Budapest X. kerület, Harmat utca #35585953",1104,Budapest,Harmat utca,,felújítandó,Panel lakás,1968.0,30-60 év (panel-korszak),0.0,2.0,0.0,2 szoba,26.5,földszint,0.0,10.0,0,távfűtés,,1,0,0,0,G,,,,nincs megadva,24309.0,15000.0,Ingatlaniroda,,2016.0,4.0,,,,,,,,,0,0,0,,0,0,0,,0,0,,0,0,0,,0,0,0,,,,,0,0,0,,0,0,0,,0,0,0,,0,0,0,,0,0,0,,,,,,
35586450,elado,"Budapest X. kerület, Tóvirág utca",Újhegy,77500000.0,77.5,77500.0,1139705.8823529412,18.165788494323575,13.946280789147469,0,68.0,69.5,3.0,3,0,0,1,0,1,1,1,0,0,38.0,47.4691728,19.1643295,0,891.4,500-1000 m,0,,,0,0,0,https://ingatlan.com/35586450,"Eladó panel lakás - Budapest X. kerület, Tóvirág utca #35586450",1108,Budapest,Tóvirág utca,,jó állapotú,Panel lakás,1988.0,30-60 év (panel-korszak),3.0,3.0,0.0,3 szoba,22.666666666666668,9,9.0,10.0,0,távfűtés,,1,0,0,0,nincs megadva,,,,nem,,,Ingatlaniroda,,1050.0,4.0,,,,,,,,,0,0,0,,0,0,0,,0,0,,0,0,0,,0,0,0,,,,,0,0,0,,0,0,0,,0,0,0,,0,0,0,,0,0,0,,,,,,
35586644,elado,"Budapest X. kerület, Kada utca",Óhegy,34900000.0,34.9,34900.0,894871.7948717949,17.367997387172654,13.704435741043008,0,39.0,39.0,2.0,1,1,0,0,1,0,0,0,1,0,,47.4725364,19.1432199,0,536.5,500-1000 m,0,,,0,0,0,https://ingatlan.com/35586644,"Eladó tégla lakás - Budapest X. kerület, Kada utca #35586644",1106,Budapest,Kada utca,,felújítandó,Tégla lakás,,Ismeretlen,0.0,2.0,0.0,2 szoba,19.5,földszint,0.0,0.0,0,gáz (konvektor),,0,1,0,0,nincs megadva,,,,nincs megadva,,,Ingatlaniroda,,1955.0,4.0,,,,,,,,,0,0,0,,0,0,0,,0,0,,0,0,0,,0,0,0,,,,,0,0,0,,0,0,0,,0,0,0,,0,0,0,,0,0,0,,,,,,
35586929,elado,"Budapest X. kerület, Hatház utca",Felsőrákos,53000000.0,53.0,53000.0,1606060.606060606,17.785802471516394,14.289294910049916,0,33.0,33.0,1.0,4,0,0,0,1,0,1,0,0,0,,47.5026989,19.1483151,0,220.5,150-300 m,0,,,0,0,0,https://ingatlan.com/35586929,"Eladó tégla lakás - Budapest X. kerület, Hatház utca #35586929",1106,Budapest,Hatház utca,,felújított,Tégla lakás,,Ismeretlen,0.0,1.0,0.0,1 szoba,33.0,2,2.0,4.0,0,gáz (konvektor),,0,1,0,0,nincs megadva,,,,nem,,,Ingatlaniroda,,1195.0,4.0,,,,,,,,,0,0,0,,0,0,0,,0,0,,0,0,0,,0,0,0,,,,,0,0,0,,0,0,0,,0,0,0,,0,0,0,,0,0,0,,,,,,
35586964,elado,"Budapest X. kerület, Kőbánya-Városközpont",Kőbánya-Városközpont,64900000.0,64.9,64900.0,1014062.5,17.988358181674318,13.829475098314646,0,64.0,64.0,3.0,2,1,0,0,0,1,1,0,0,0,58.0,47.482503,19.1307351,0,213.3,150-300 m,0,,,0,0,0,https://ingatlan.com/35586964,"Eladó csúsztatott zsalus - Budapest X. kerület, Kőbánya-Városközpont #35586964",1105,Budapest,Kőbánya-Városközpont,,közepes állapotú,Csúsztatott zsalus lakás,1968.0,30-60 év (panel-korszak),0.0,3.0,0.0,3 szoba,21.333333333333332,3,3.0,,0,távfűtés,,1,0,0,0,nincs megadva,,,,nincs megadva,15680.0,,Ingatlaniroda,,883.0,4.0,,,,,,,,,0,0,0,,0,0,0,,0,0,,0,0,0,,0,0,0,,,,,0,0,0,,0,0,0,,0,0,0,,0,0,0,,0,0,0,,,,,,
35587128,elado,"Budapest X. kerület, Gergely utca",Óhegy,37000000.0,37.0,37000.0,1233333.3333333333,17.4264284706085,14.025231088946343,0,30.0,30.0,1.0,3,0,0,0,1,0,0,0,1,0,58.0,47.4702816,19.1514579,0,666.5,500-1000 m,0,,,0,0,0,https://ingatlan.com/35587128,"Eladó tégla lakás - Budapest X. kerület, Gergely utca #35587128",1103,Budapest,Gergely utca,,jó állapotú,Tégla lakás,1968.0,30-60 év (panel-korszak),0.0,1.0,0.0,1 szoba,30.0,földszint,0.0,,0,gáz (konvektor),,0,1,0,0,nincs megadva,,,,nincs megadva,,,Ingatlaniroda,,727.0,4.0,,,,,,,,,0,0,0,,0,0,0,,0,0,,0,0,0,,0,0,0,,,,,0,0,0,,0,0,0,,0,0,0,,0,0,0,,0,0,0,,,,,,
35587131,elado,"Budapest X. kerület, Mádi utca",Óhegy,42900000.0,42.9,42900.0,1716000.0,17.574382383898246,14.355506559030045,0,25.0,25.0,1.0,4,0,0,0,1,0,0,0,1,0,96.0,47.4822198,19.1509243,0,820.1,500-1000 m,0,,,0,0,0,https://ingatlan.com/35587131,"Eladó tégla lakás - Budapest X. kerület, Mádi utca #35587131",1104,Budapest,Mádi utca,,felújított,Tégla lakás,1930.0,60+ év (háború előtti),0.0,1.0,0.0,1 szoba,25.0,földszint,0.0,,0,hőszivattyú,,0,0,1,0,nincs megadva,,,,nincs megadva,,,Ingatlaniroda,,1135.0,4.0,,,,,,,,,0,0,0,,0,0,0,,0,0,,0,0,0,,0,0,0,,,,,0,0,0,,0,0,0,,0,0,0,,0,0,0,,0,0,0,,,,,,
35587152,elado,"Budapest X. kerület, Takarék utca",Újhegy,65000000.0,65.0,65000.0,955882.3529411765,17.98989782785991,13.770390122683805,0,68.0,69.5,3.0,2,1,0,1,0,1,0,1,0,0,58.0,47.4743974,19.1655913,0,674.8,500-1000 m,0,,,0,0,0,https://ingatlan.com/35587152,"Eladó panel lakás - Budapest X. kerület, Takarék utca #35587152",1108,Budapest,Takarék utca,,közepes állapotú,Panel lakás,1968.0,30-60 év (panel-korszak),3.0,3.0,0.0,3 szoba,22.666666666666668,6,6.0,,0,távfűtés,,1,0,0,0,C,,,,nincs megadva,,,Ingatlaniroda,,559.0,4.0,,,,,,,,,0,0,0,,0,0,0,,0,0,,0,0,0,,0,0,0,,,,,0,0,0,,0,0,0,,0,0,0,,0,0,0,,0,0,0,,,,,,
35587156,elado,"Budapest X. kerület, Kőbánya - Óhegy",Óhegy,67000000.0,67.0,67000.0,1063492.0634920634,18.02020317735524,13.877068450963707,0,63.0,63.0,3.0,4,0,0,0,0,1,0,0,0,0,58.0,47.4820541,19.132346,0,297.2,150-300 m,0,,,0,0,0,https://ingatlan.com/35587156,"Eladó csúsztatott zsalus - Budapest X. kerület, Kőbánya - Óhegy #35587156",1103,Budapest,Kőbánya - Óhegy,,felújított,Csúsztatott zsalus lakás,1968.0,30-60 év (panel-korszak),0.0,3.0,0.0,3 szoba,21.0,6,6.0,,0,távfűtés,,1,0,0,0,nincs megadva,,,,nincs megadva,,,Ingatlaniroda,,949.0,4.0,,,,,,,,,0,0,0,,0,0,0,,0,0,,0,0,0,,0,0,0,,,,,0,0,0,,0,0,0,,0,0,0,,0,0,0,,0,0,0,,,,,,
35587178,elado,"Budapest X. kerület, Kőrösi Csoma Sándor út",Ligettelek,95900000.0,95.9,95900.0,1077528.0898876404,18.378816539853666,13.890180170121527,0,89.0,89.0,3.0,3,0,0,0,1,0,0,0,0,0,58.0,47.4865004,19.1327222,0,533.8,500-1000 m,0,,,0,0,0,https://ingatlan.com/35587178,"Eladó tégla lakás - Budapest X. kerület, Kőrösi Csoma Sándor út #35587178",1102,Budapest,Kőrösi Csoma Sándor út,,jó állapotú,Tégla lakás,1968.0,30-60 év (panel-korszak),0.0,3.0,0.0,3 szoba,29.666666666666668,3,3.0,,0,gázkazán,,0,1,0,0,nincs megadva,,,,nincs megadva,,,Ingatlaniroda,,1352.0,4.0,,,,,,,,,0,0,0,,0,0,0,,0,0,,0,0,0,,0,0,0,,,,,0,0,0,,0,0,0,,0,0,0,,0,0,0,,0,0,0,,,,,,
35587180,elado,"Budapest X. kerület, Kőrösi Csoma Sándor út",Kőbánya-Városközpont,99900000.0,99.9,99900.0,969902.9126213592,18.41968024361878,13.784951255389146,0,103.0,105.0,5.0,1,1,0,0,0,0,0,1,0,0,38.0,47.4865004,19.1327222,0,533.8,500-1000 m,0,,,0,0,0,https://ingatlan.com/35587180,"Eladó csúsztatott zsalus - Budapest X. kerület, Kőrösi Csoma Sándor út #35587180",1102,Budapest,Kőrösi Csoma Sándor út,,felújítandó,Csúsztatott zsalus lakás,1988.0,30-60 év (panel-korszak),4.0,5.0,0.0,4+ szoba,20.6,4,4.0,,0,távfűtés egyedi méréssel,,1,0,0,0,nincs megadva,,,,nincs megadva,,,Ingatlaniroda,,846.0,4.0,,,,,,,,,0,0,0,,0,0,0,,0,0,,0,0,0,,0,0,0,,,,,0,0,0,,0,0,0,,0,0,0,,0,0,0,,0,0,0,,,,,,
35587237,elado,"Budapest X. kerület, Gőzmozdony utca",Újhegy,55000000.0,55.0,55000.0,1000000.0,17.822843743196746,13.815510557964274,0,55.0,56.0,2.0,1,1,0,1,0,1,0,1,0,0,,47.4693516,19.1581878,0,747.5,500-1000 m,0,,,0,0,0,https://ingatlan.com/35587237,"Eladó panel lakás - Budapest X. kerület, Gőzmozdony utca #35587237",1108,Budapest,Gőzmozdony utca,,felújítandó,Panel lakás,,Ismeretlen,2.0,2.0,0.0,2 szoba,27.5,6,6.0,10.0,0,távfűtés,,1,0,0,0,nincs megadva,,,,nincs megadva,,,Ingatlaniroda,,594.0,2.0,,,,,,,,,0,0,0,,0,0,0,,0,0,,0,0,0,,0,0,0,,,,,0,0,0,,0,0,0,,0,0,0,,0,0,0,,0,0,0,,,,,,
35587357,elado,"Budapest X. kerület, Kőbánya - Újhegyi lakótelep",Újhegy,75500000.0,75.5,75500.0,1110294.1176470588,18.13964321421925,13.920135509043146,0,68.0,69.5,3.0,4,0,0,1,0,1,0,1,0,0,38.0,,,0,,,0,,,0,0,0,https://ingatlan.com/35587357,"Eladó panel lakás - Budapest X. kerület, Kőbánya - Újhegyi lakótelep #35587357",1108,Budapest,Kőbánya - Újhegyi lakótelep,,felújított,Panel lakás,1988.0,30-60 év (panel-korszak),3.0,3.0,0.0,3 szoba,22.666666666666668,3,3.0,10.0,0,távfűtés egyedi méréssel,,1,0,0,0,nincs megadva,,,,nincs megadva,25000.0,,Ingatlaniroda,,511.0,4.0,,,,,,,,,0,0,0,,0,0,0,,0,0,,0,0,0,,0,0,0,,,,,0,0,0,,0,0,0,,0,0,0,,0,0,0,,0,0,0,,,,,,
35587793,elado,"Budapest X. kerület, Kőbánya-Városközpont",Kőbánya-Városközpont,67000000.0,67.0,67000.0,1000000.0,18.02020317735524,13.815510557964274,0,67.0,67.0,3.0,4,0,0,0,0,1,1,0,0,0,38.0,47.482503,19.1307351,0,213.3,150-300 m,0,,,0,0,0,https://ingatlan.com/35587793,"Eladó csúsztatott zsalus - Budapest X. kerület, Kőbánya-Városközpont #35587793",1105,Budapest,Kőbánya-Városközpont,,felújított,Csúsztatott zsalus lakás,1988.0,30-60 év (panel-korszak),0.0,3.0,0.0,3 szoba,22.333333333333332,6,6.0,7.0,0,távfűtés,,1,0,0,0,nincs megadva,,,,nincs megadva,18000.0,30000.0,Ingatlaniroda,,871.0,4.0,,,,,,,,,0,0,0,,0,0,0,,0,0,,0,0,0,,0,0,0,,,,,0,0,0,,0,0,0,,0,0,0,,0,0,0,,0,0,0,,,,,,
35587795,elado,"Budapest X. kerület, Maláta köz",Óhegy,103900000.0,103.9,103900.0,1675806.4516129033,18.458939456069455,14.331805071024364,0,62.0,66.5,3.0,3,0,0,0,1,1,1,1,0,0,21.0,47.4904587,19.139691,0,195.8,150-300 m,0,,,0,0,0,https://ingatlan.com/35587795,"Eladó tégla lakás - Budapest X. kerület, Maláta köz #35587795",1105,Budapest,Maláta köz,,jó állapotú,Tégla lakás,2005.0,10-30 év (rendszerváltás utáni),9.0,3.0,0.0,3 szoba,20.666666666666668,4,4.0,5.0,0,házközponti egyedi méréssel,,0,0,0,0,nincs megadva,,,,nem,40500.0,,Ingatlaniroda,,3615.0,4.0,,,,,,,,,0,0,0,,0,0,0,,0,0,,0,0,0,,0,0,0,,,,,0,0,0,,0,0,0,,0,0,0,,0,0,0,,0,0,0,,,,,,
35588074,elado,"Budapest X. kerület, Állomás utca",Kőbánya-Városközpont,52000000.0,52.0,52000.0,1040000.0,17.7667542765457,13.854731271117556,0,50.0,51.5,2.0,1,1,0,1,0,1,0,1,0,1,58.0,47.5210755,19.1483125,0,126.1,<150 m,1,,,0,0,0,https://ingatlan.com/35588074,"Eladó panel lakás - Budapest X. kerület, Állomás utca #35588074",1102,Budapest,Állomás utca,,felújítandó,Panel lakás,1968.0,30-60 év (panel-korszak),3.0,2.0,0.0,2 szoba,25.0,5,5.0,5.0,0,nincs megadva,,0,0,0,0,nincs megadva,,,,nincs megadva,12000.0,,Ingatlaniroda,,1390.0,4.0,,,,,,,,,0,0,0,,0,0,0,,0,0,,0,0,0,,0,0,0,,,,,0,0,0,,0,0,0,,0,0,0,,0,0,0,,0,0,0,,,,,,
35588078,elado,"Budapest X. kerület, Laposdűlő",Laposdűlő,51900000.0,51.9,51900.0,1365789.4736842106,17.764829348136118,14.12724318840973,0,38.0,38.0,2.0,3,0,0,0,1,0,1,0,0,1,58.0,47.4927492,19.1144828,0,359.2,300-500 m,0,,,0,0,0,https://ingatlan.com/35588078,"Eladó tégla lakás - Budapest X. kerület, Laposdűlő #35588078",1101,Budapest,Laposdűlő,,jó állapotú,Tégla lakás,1968.0,30-60 év (panel-korszak),0.0,2.0,0.0,2 szoba,19.0,4,4.0,4.0,0,nincs megadva,,0,0,0,0,nincs megadva,,,,nincs megadva,14000.0,,Ingatlaniroda,,822.0,4.0,,,,,,,,,0,0,0,,0,0,0,,0,0,,0,0,0,,0,0,0,,,,,0,0,0,,0,0,0,,0,0,0,,0,0,0,,0,0,0,,,,,,
35588380,elado,"Budapest X. kerület, Liget utca",Ligettelek,23000000.0,23.0,23000.0,821428.5714285715,16.951004773893423,13.618800263718219,0,28.0,28.0,1.0,3,0,0,0,1,0,0,0,0,0,58.0,47.4890878,19.1331022,0,246.8,150-300 m,0,,,0,0,0,https://ingatlan.com/35588380,"Eladó tégla lakás - Budapest X. kerület, Liget utca #35588380",1102,Budapest,Liget utca,,jó állapotú,Tégla lakás,1968.0,30-60 év (panel-korszak),0.0,1.0,0.0,1 szoba,28.0,szuterén,-1.0,,0,egyéb,,0,0,0,0,nincs megadva,,,,nincs megadva,,,Ingatlaniroda,,2305.0,4.0,,,,,,,,,0,0,0,,0,0,0,,0,0,,0,0,0,,0,0,0,,,,,0,0,0,,0,0,0,,0,0,0,,0,0,0,,0,0,0,,,,,,
35588430,elado,"Budapest X. kerület, Maglódi út",Óhegy,59900000.0,59.9,59900.0,1151923.076923077,17.908187063085677,13.95694334450425,0,52.0,53.5,2.0,1,1,0,0,1,0,0,1,1,0,96.0,47.4690168,19.1765285,0,1224.6,1000-2000 m,0,,,0,0,0,https://ingatlan.com/35588430,"Eladó tégla lakás - Budapest X. kerület, Maglódi út #35588430",1106,Budapest,Maglódi út,,felújítandó,Tégla lakás,1930.0,60+ év (háború előtti),3.0,2.0,0.0,2 szoba,26.0,földszint,0.0,0.0,0,gázkazán,,0,1,0,0,nincs megadva,,,,igen,,,Ingatlaniroda,,1449.0,4.0,,,,,,,,,0,0,0,,0,0,0,,0,0,,0,0,0,,0,0,0,,,,,0,0,0,,0,0,0,,0,0,0,,0,0,0,,0,0,0,,,,,,
35588740,elado,"Budapest X. kerület, Noszlopy utca",Óhegy,62000000.0,62.0,62000.0,1050847.4576271186,17.942644943009366,13.865107499103646,0,59.0,59.0,3.0,3,0,0,1,0,0,1,0,0,0,38.0,47.4735008,19.1502693,0,958.8,500-1000 m,0,,,0,0,0,https://ingatlan.com/35588740,"Eladó panel lakás - Budapest X. kerület, Noszlopy utca #35588740",1103,Budapest,Noszlopy utca,,jó állapotú,Panel lakás,1988.0,30-60 év (panel-korszak),0.0,3.0,0.0,3 szoba,19.666666666666668,3,3.0,4.0,0,"távfűtés egyedi méréssel, hűtő-fűtő klíma",,1,0,0,0,nincs megadva,,,,nincs megadva,,,Ingatlaniroda,,3699.0,2.0,,,,,,,,,0,0,0,,0,0,0,,0,0,,0,0,0,,0,0,0,,,,,0,0,0,,0,0,0,,0,0,0,,0,0,0,,0,0,0,,,,,,
35588982,elado,"Budapest X. kerület, Gyakorló utca",Felsőrákos,57000000.0,57.0,57000.0,1075471.6981132075,17.858561825798823,13.888269912246702,0,53.0,55.0,2.0,1,1,0,1,0,1,0,1,0,0,38.0,47.5018325,19.1436801,0,258.3,150-300 m,0,,,0,0,0,https://ingatlan.com/35588982,"Eladó panel lakás - Budapest X. kerület, Gyakorló utca #35588982",1106,Budapest,Gyakorló utca,,felújítandó,Panel lakás,1988.0,30-60 év (panel-korszak),4.0,2.0,0.0,2 szoba,26.5,6,6.0,10.0,0,távfűtés egyedi méréssel,,1,0,0,0,D,,,,nincs megadva,,,Ingatlaniroda,,254.0,4.0,,,,,,,,,0,0,0,,0,0,0,,0,0,,0,0,0,,0,0,0,,,,,0,0,0,,0,0,0,,0,0,0,,0,0,0,,0,0,0,,,,,,
35588988,elado,"Budapest X. kerület, Korponai utca 4.",Ligettelek,48900000.0,48.9,48900.0,1438235.294117647,17.7052879544451,14.178927429828939,0,34.0,34.0,1.0,5,0,1,0,1,0,1,0,0,0,2.0,47.487839,19.124194,1,29.8,<150 m,1,650.9,8.7,0,1,1,https://ingatlan.com/35588988,"Eladó tégla lakás - Budapest X. kerület, Korponai utca 4. #35588988",1101,Budapest,Korponai utca,4,újszerű,Tégla lakás,2024.0,0-10 év,0.0,1.0,0.0,1 szoba,34.0,1,1.0,2.0,0,"házközponti, hűtő-fűtő klíma",,0,0,0,0,D,,,,nincs megadva,13000.0,13000.0,Ingatlaniroda,,1194.0,2.0,,,,,,,,,0,0,0,255.9,1,1,1,251.4,1,1,255.9,1,1,1,482.8,0,1,1,3.0,38.0,102.0,1038.2,0,0,1,770.6,0,0,1,492.8,0,1,1,844.6,0,0,1,1970.8,0,0,0,Kőbánya alsó,,Őrház,Őrház,Névtelen zöldfelület / park,villamos
35589092,elado,"Budapest X. kerület, Mélytó utca",Újhegy,76900000.0,76.9,76900.0,1130882.3529411764,18.158016434475872,13.938508729299766,0,68.0,69.0,3.0,2,1,0,1,0,1,0,1,0,0,58.0,47.4687042,19.1639349,0,832.6,500-1000 m,0,,,0,0,0,https://ingatlan.com/35589092,"Eladó panel lakás - Budapest X. kerület, Mélytó utca #35589092",1108,Budapest,Mélytó utca,,közepes állapotú,Panel lakás,1968.0,30-60 év (panel-korszak),2.0,3.0,0.0,3 szoba,22.666666666666668,9,9.0,10.0,0,távfűtés,,1,0,0,0,nincs megadva,,,,nincs megadva,21460.0,,Ingatlaniroda,,2541.0,2.0,,,,,,,,,0,0,0,,0,0,0,,0,0,,0,0,0,,0,0,0,,,,,0,0,0,,0,0,0,,0,0,0,,0,0,0,,0,0,0,,,,,,
35589141,elado,"Budapest X. kerület, Harmat utca",Ligettelek,108800000.0,108.8,108800.0,1554285.7142857143,18.505021892386118,14.256526650336758,0,70.0,77.0,4.0,5,0,1,0,0,1,0,1,0,0,5.0,47.4702785,19.1650971,0,1026.1,1000-2000 m,0,,,0,0,0,https://ingatlan.com/35589141,"Eladó csúsztatott zsalus - Budapest X. kerület, Harmat utca #35589141",1102,Budapest,Harmat utca,,újszerű,Csúsztatott zsalus lakás,2021.0,0-10 év,14.0,4.0,0.0,4+ szoba,17.5,1,1.0,,0,házközponti egyedi méréssel,,0,0,0,0,nincs megadva,,,,nincs megadva,,,Ingatlaniroda,,517.0,4.0,,,,,,,,,0,0,0,,0,0,0,,0,0,,0,0,0,,0,0,0,,,,,0,0,0,,0,0,0,,0,0,0,,0,0,0,,0,0,0,,,,,,
35589144,elado,"Budapest X. kerület, Gergely utca",Óhegy,159000000.0,159.0,159000.0,1067114.0939597315,18.884414760184505,13.880468454239047,0,149.0,149.0,4.0,4,0,0,0,1,0,0,0,1,0,96.0,47.4702816,19.1514579,0,666.5,500-1000 m,0,,,0,0,0,https://ingatlan.com/35589144,"Eladó tégla lakás - Budapest X. kerület, Gergely utca #35589144",1103,Budapest,Gergely utca,,felújított,Tégla lakás,1930.0,60+ év (háború előtti),0.0,4.0,0.0,4+ szoba,37.25,földszint,0.0,,0,gázkazán,,0,1,0,0,nincs megadva,,,,nincs megadva,,,Ingatlaniroda,,2052.0,4.0,,,,,,,,,0,0,0,,0,0,0,,0,0,,0,0,0,,0,0,0,,,,,0,0,0,,0,0,0,,0,0,0,,0,0,0,,0,0,0,,,,,,
35589153,elado,"Budapest X. kerület, Tárna utca 4.",Gyárdűlő,39900000.0,39.9,39900.0,814285.7142857143,17.50188688186009,13.610066583749465,0,49.0,49.0,2.0,3,0,0,0,1,1,0,0,0,0,,47.487806,19.164057,1,20.1,<150 m,1,916.6,12.2,0,0,1,https://ingatlan.com/35589153,"Eladó tégla lakás - Budapest X. kerület, Tárna utca 4. #35589153",1106,Budapest,Tárna utca,4,jó állapotú,Tégla lakás,,Ismeretlen,0.0,2.0,0.0,2 szoba,24.5,4,4.0,,0,elektromos konvektor,,0,1,0,0,nincs megadva,,,,nincs megadva,,,Ingatlaniroda,,497.0,4.0,,,,,,,,,0,0,0,1024.0,0,0,1,224.9,1,1,916.6,0,0,1,974.3,0,0,1,2.0,4.0,29.0,,0,0,0,1843.6,0,0,0,1477.6,0,0,0,1508.5,0,0,0,1390.7,0,0,0,Rákos,,Kocka utca,Tárna utca,Névtelen zöldfelület / park,vasut
35589213,elado,"Budapest X. kerület, Kelemen utca",Óhegy,36900000.0,36.9,36900.0,1272413.7931034483,17.423722109010754,14.056426279024281,0,29.0,29.0,1.0,1,1,0,0,1,0,0,0,0,0,,47.4771115,19.1336161,0,125.3,<150 m,1,,,0,0,0,https://ingatlan.com/35589213,"Eladó tégla lakás - Budapest X. kerület, Kelemen utca #35589213",1103,Budapest,Kelemen utca,,felújítandó,Tégla lakás,,Ismeretlen,0.0,1.0,0.0,1 szoba,29.0,1,1.0,,0,gázkazán,,0,1,0,0,I,,,,nincs megadva,10100.0,,Ingatlaniroda,,1395.0,4.0,,,,,,,,,0,0,0,,0,0,0,,0,0,,0,0,0,,0,0,0,,,,,0,0,0,,0,0,0,,0,0,0,,0,0,0,,0,0,0,,,,,,
35589328,elado,"Budapest X. kerület, Hungária körút 5.",Laposdűlő,74900000.0,74.9,74900.0,1040277.7777777778,18.13166444848745,13.854998329471393,0,72.0,74.0,3.0,4,0,0,1,0,1,1,1,0,0,38.0,47.490717,19.109228,1,261.1,150-300 m,0,1964.9,26.2,0,0,0,https://ingatlan.com/35589328,"Eladó panel lakás - Budapest X. kerület, Hungária körút 5. #35589328",1101,Budapest,Hungária körút,5,felújított,Panel lakás,1988.0,30-60 év (panel-korszak),4.0,3.0,0.0,3 szoba,24.0,8,8.0,10.0,0,távfűtés,,1,0,0,0,nincs megadva,,,,nincs megadva,,,Ingatlaniroda,,525.0,4.0,,,,,,,,1202.2,0,0,0,67.7,1,1,1,90.6,1,1,67.7,1,1,1,292.1,1,1,1,12.0,32.0,58.0,1106.1,0,0,1,819.7,0,0,1,85.8,1,1,1,367.9,1,1,1,1190.0,0,0,0,Kőbánya alsó,,Hidegkuti Nándor Stadion,Hidegkuti Nándor Stadion,Tbiliszi tér,villamos
35589342,elado,"Budapest X. kerület, Liget utca 35/B.",Kőbánya-Városközpont,49900000.0,49.9,49900.0,891071.4285714285,17.72553156072175,13.700179869986599,0,56.0,58.4,2.0,1,1,0,0,0,1,0,1,0,0,58.0,47.489056,19.133352,1,247.7,150-300 m,0,501.0,6.7,0,1,1,https://ingatlan.com/35589342,"Eladó csúsztatott zsalus - Budapest X. kerület, Liget utca 35/B #35589342",1102,Budapest,Liget utca,35/B,felújítandó,Csúsztatott zsalus lakás,1968.0,30-60 év (panel-korszak),4.8,2.0,0.0,2 szoba,28.0,8,8.0,9.0,0,távfűtés,,1,0,0,0,D,,,,nincs megadva,14110.0,11800.0,Ingatlaniroda,,3438.0,4.0,,,,,,,,2060.0,0,0,0,261.8,1,1,1,258.8,1,1,261.8,1,1,1,313.3,1,1,1,11.0,50.0,107.0,1330.4,0,0,0,488.1,0,1,1,529.0,0,1,1,359.8,1,1,1,2114.8,0,0,0,Kőbánya felső,,Szent László Gimnázium,Szent László Gimnázium,Sajó Sándor tér,villamos
35590002,elado,"Budapest X. kerület, Bihari utca",Gyárdűlő,50990000.0,50.99,50990.0,1416388.888888889,17.747140093031337,14.163621154575228,0,36.0,36.0,1.0,4,0,0,0,1,0,0,0,0,0,,47.4790338,19.1238379,0,206.5,150-300 m,0,,,0,0,0,https://ingatlan.com/35590002,"Eladó tégla lakás - Budapest X. kerület, Bihari utca #35590002",1107,Budapest,Bihari utca,,felújított,Tégla lakás,,Ismeretlen,0.0,1.0,0.0,1 szoba,36.0,nincs megadva,,,0,nincs megadva,,0,0,0,0,nincs megadva,,,,nincs megadva,,,Ingatlaniroda,,1018.0,4.0,,,,,,,,,0,0,0,,0,0,0,,0,0,,0,0,0,,0,0,0,,,,,0,0,0,,0,0,0,,0,0,0,,0,0,0,,0,0,0,,,,,,
35590193,elado,"Budapest X. kerület, Harmat utca 10.",Újhegy,67500000.0,67.5,67500.0,992647.0588235294,18.02763815584276,13.808130450666651,0,68.0,69.5,3.0,3,0,0,1,0,1,1,1,0,1,,,,0,,,0,,,0,0,0,https://ingatlan.com/35590193,"Eladó panel lakás - Budapest X. kerület, Harmat utca #35590193",1108,Budapest,Harmat utca,10,jó állapotú,Panel lakás,,Ismeretlen,3.0,3.0,0.0,3 szoba,22.666666666666668,10,10.0,10.0,0,házközponti,,0,0,0,0,nincs megadva,,,,nincs megadva,,,Ingatlaniroda,,2132.0,4.0,,,,,,,,,0,0,0,,0,0,0,,0,0,,0,0,0,,0,0,0,,,,,0,0,0,,0,0,0,,0,0,0,,0,0,0,,0,0,0,,,,,,
35590255,elado,"Budapest X. kerület, Kőbánya - Újhegyi lakótelep",Újhegy,77500000.0,77.5,77500.0,1139705.8823529412,18.165788494323575,13.946280789147469,0,68.0,69.5,3.0,5,0,1,1,0,1,0,1,0,1,58.0,,,0,,,0,,,0,0,0,https://ingatlan.com/35590255,"Eladó panel lakás - Budapest X. kerület, Kőbánya - Újhegyi lakótelep #35590255",1108,Budapest,Kőbánya - Újhegyi lakótelep,,újszerű,Panel lakás,1968.0,30-60 év (panel-korszak),3.0,3.0,0.0,3 szoba,22.666666666666668,10,10.0,10.0,0,távfűtés egyedi méréssel,,1,0,0,0,A,,,,nem,,,Ingatlaniroda,,2569.0,4.0,,,,,,,,,0,0,0,,0,0,0,,0,0,,0,0,0,,0,0,0,,,,,0,0,0,,0,0,0,,0,0,0,,0,0,0,,0,0,0,,,,,,
35590594,elado,"Budapest X. kerület, Kőbánya - Óhegyi lakótelep",Óhegy,69900000.0,69.9,69900.0,537692.3076923077,18.06257620720404,13.195041756748456,0,130.0,140.0,5.0,4,0,0,0,1,0,1,1,1,0,58.0,47.4752666,19.1504781,0,1096.5,1000-2000 m,0,,,0,0,0,https://ingatlan.com/35590594,"Eladó tégla lakás - Budapest X. kerület, Kőbánya - Óhegyi lakótelep #35590594",1103,Budapest,Kőbánya - Óhegyi lakótelep,,felújított,Tégla lakás,1968.0,30-60 év (panel-korszak),20.0,5.0,0.0,4+ szoba,26.0,földszint,0.0,2.0,0,"gázkazán, hűtő-fűtő klíma",,0,1,0,0,nincs megadva,,,,igen,25000.0,,Ingatlaniroda,,3324.0,4.0,,,,,,,,,0,0,0,,0,0,0,,0,0,,0,0,0,,0,0,0,,,,,0,0,0,,0,0,0,,0,0,0,,0,0,0,,0,0,0,,,,,,
35590621,elado,"Budapest X. kerület, Gém utca",Gyárdűlő,112000000.0,112.0,112000.0,1671641.791044776,18.534009429259367,14.329316809868402,0,67.0,71.0,3.0,3,0,0,0,1,1,1,1,0,0,21.0,47.4709565,19.1216348,0,527.2,500-1000 m,0,,,0,0,0,https://ingatlan.com/35590621,"Eladó tégla lakás - Budapest X. kerület, Gém utca #35590621",1107,Budapest,Gém utca,,nincs megadva,Tégla lakás,2005.0,10-30 év (rendszerváltás utáni),8.0,3.0,0.0,3 szoba,22.333333333333332,6,6.0,8.0,0,"házközponti egyedi méréssel, gázkazán",,0,1,0,0,C,,,,nincs megadva,,,Ingatlaniroda,,2077.0,4.0,,,,,,,,,0,0,0,,0,0,0,,0,0,,0,0,0,,0,0,0,,,,,0,0,0,,0,0,0,,0,0,0,,0,0,0,,0,0,0,,,,,,
35590695,elado,"Budapest X. kerület, Kőbánya-Városközpont",Kőbánya-Városközpont,64900000.0,64.9,64900.0,1014062.5,17.988358181674318,13.829475098314646,0,64.0,64.0,3.0,2,1,0,0,0,1,1,0,0,0,58.0,47.482503,19.1307351,0,213.3,150-300 m,0,,,0,0,0,https://ingatlan.com/35590695,"Eladó csúsztatott zsalus - Budapest X. kerület, Kőbánya-Városközpont #35590695",1105,Budapest,Kőbánya-Városközpont,,közepes állapotú,Csúsztatott zsalus lakás,1968.0,30-60 év (panel-korszak),0.0,3.0,0.0,3 szoba,21.333333333333332,3,3.0,,0,távfűtés,,1,0,0,0,nincs megadva,,,,nem,15680.0,,Ingatlaniroda,,2140.0,4.0,,,,,,,,,0,0,0,,0,0,0,,0,0,,0,0,0,,0,0,0,,,,,0,0,0,,0,0,0,,0,0,0,,0,0,0,,0,0,0,,,,,,
35590853,elado,"Budapest X. kerület, Harmat utca 55.",Ligettelek,49900000.0,49.9,49900.0,907272.7272727273,17.72553156072175,13.718198375489276,0,55.0,55.0,3.0,1,1,0,0,0,0,0,0,1,0,,,,0,,,0,,,0,0,0,https://ingatlan.com/35590853,"Eladó csúsztatott zsalus - Budapest X. kerület, Harmat utca #35590853",1102,Budapest,Harmat utca,55,felújítandó,Csúsztatott zsalus lakás,,Ismeretlen,0.0,3.0,0.0,3 szoba,18.333333333333332,földszint,0.0,4.0,0,távfűtés,,1,0,0,0,nincs megadva,,,,nincs megadva,15000.0,20000.0,Ingatlaniroda,,226.0,4.0,,,,,,,,,0,0,0,,0,0,0,,0,0,,0,0,0,,0,0,0,,,,,0,0,0,,0,0,0,,0,0,0,,0,0,0,,0,0,0,,,,,,
35591341,elado,"Budapest X. kerület, Gyárdűlői lakótelep",Gyárdűlő,64900000.0,64.9,64900.0,1100000.0,17.988358181674318,13.9108207377686,0,59.0,61.0,3.0,3,0,0,1,0,1,0,1,0,0,38.0,,,0,,,0,,,0,0,0,https://ingatlan.com/35591341,"Eladó panel lakás - Budapest X. kerület, Gyárdűlői lakótelep #35591341",1107,Budapest,Gyárdűlői lakótelep,,jó állapotú,Panel lakás,1988.0,30-60 év (panel-korszak),4.0,3.0,0.0,3 szoba,19.666666666666668,1,1.0,10.0,0,távfűtés,,1,0,0,0,nincs megadva,,,,nem,,,Ingatlaniroda,,1610.0,4.0,,,,,,,,,0,0,0,,0,0,0,,0,0,,0,0,0,,0,0,0,,,,,0,0,0,,0,0,0,,0,0,0,,0,0,0,,0,0,0,,,,,,
35591837,elado,"Budapest X. kerület, Alkér utca",Óhegy,34900000.0,34.9,34900.0,1454166.6666666667,17.367997387172654,14.18994355682471,0,24.0,24.0,1.0,4,0,0,0,1,0,1,0,1,0,96.0,47.4771294,19.1467211,0,1008.6,1000-2000 m,0,,,0,0,0,https://ingatlan.com/35591837,"Eladó tégla lakás - Budapest X. kerület, Alkér utca #35591837",1104,Budapest,Alkér utca,,felújított,Tégla lakás,1930.0,60+ év (háború előtti),0.0,1.0,0.0,1 szoba,24.0,földszint,0.0,0.0,0,gáz (konvektor),,0,1,0,0,nincs megadva,,,,igen,8662.0,,Ingatlaniroda,,628.0,4.0,,,,,,,,,0,0,0,,0,0,0,,0,0,,0,0,0,,0,0,0,,,,,0,0,0,,0,0,0,,0,0,0,,0,0,0,,0,0,0,,,,,,
35591913,elado,"Budapest X. kerület, Váltó utca 10/A.",Felsőrákos,117000000.0,117.0,117000.0,1481012.6582278481,18.57768449276203,14.20823664029501,0,79.0,83.0,3.0,5,0,1,0,1,0,0,1,0,0,21.0,47.496997,19.163803,1,246.6,150-300 m,0,1467.5,19.6,0,0,0,https://ingatlan.com/35591913,"Eladó tégla lakás - Budapest X. kerület, Váltó utca 10/A #35591913",1106,Budapest,Váltó utca,10/A,újszerű,Tégla lakás,2005.0,10-30 év (rendszerváltás utáni),8.0,3.0,0.0,3 szoba,26.333333333333332,1,1.0,2.0,0,gázkazán,,0,1,0,0,nincs megadva,,,,nem,25000.0,,Ingatlaniroda,,8580.0,4.0,,,,,,,,,0,0,0,1953.5,0,0,0,399.2,0,1,1467.5,0,0,0,1551.0,0,0,0,0.0,4.0,13.0,1428.5,0,0,0,789.7,0,0,1,1326.3,0,0,0,1524.9,0,0,0,1850.4,0,0,0,Nagyicce,,Kocka utca,Kabai utca,Ehmann Viktor tér,vasut
35591966,elado,"Budapest X. kerület, Kőbánya - Óhegy",Óhegy,34900000.0,34.9,34900.0,1454166.6666666667,17.367997387172654,14.18994355682471,0,24.0,24.0,1.0,4,0,0,0,1,0,1,0,1,0,96.0,47.4820541,19.132346,0,297.2,150-300 m,0,,,0,0,0,https://ingatlan.com/35591966,"Eladó tégla lakás - Budapest X. kerület, Kőbánya - Óhegy #35591966",1103,Budapest,Kőbánya - Óhegy,,felújított,Tégla lakás,1930.0,60+ év (háború előtti),0.0,1.0,0.0,1 szoba,24.0,földszint,0.0,,0,gáz (konvektor),,0,1,0,0,nincs megadva,,,,nincs megadva,8662.0,,Ingatlaniroda,,1045.0,4.0,,,,,,,,,0,0,0,,0,0,0,,0,0,,0,0,0,,0,0,0,,,,,0,0,0,,0,0,0,,0,0,0,,0,0,0,,0,0,0,,,,,,
35592007,elado,"Budapest X. kerület, Kőbánya - Újhegyi lakótelep",Újhegy,54900000.0,54.9,54900.0,1098000.0,17.82102390647976,13.909000901051613,0,50.0,52.0,2.0,2,1,0,1,0,1,0,1,0,0,58.0,,,0,,,0,,,0,0,0,https://ingatlan.com/35592007,"Eladó panel lakás - Budapest X. kerület, Kőbánya - Újhegyi lakótelep #35592007",1108,Budapest,Kőbánya - Újhegyi lakótelep,,közepes állapotú,Panel lakás,1968.0,30-60 év (panel-korszak),4.0,2.0,0.0,2 szoba,25.0,7,7.0,10.0,0,távfűtés,,1,0,0,0,nincs megadva,,,,nem,,,Ingatlaniroda,,471.0,4.0,,,,,,,,,0,0,0,,0,0,0,,0,0,,0,0,0,,0,0,0,,,,,0,0,0,,0,0,0,,0,0,0,,0,0,0,,0,0,0,,,,,,
35592010,elado,"Budapest X. kerület, Kőbánya - Újhegyi lakótelep",Újhegy,54900000.0,54.9,54900.0,1098000.0,17.82102390647976,13.909000901051613,0,50.0,52.0,2.0,2,1,0,1,0,1,0,1,0,0,58.0,,,0,,,0,,,0,0,0,https://ingatlan.com/35592010,"Eladó panel lakás - Budapest X. kerület, Kőbánya - Újhegyi lakótelep #35592010",1108,Budapest,Kőbánya - Újhegyi lakótelep,,közepes állapotú,Panel lakás,1968.0,30-60 év (panel-korszak),4.0,2.0,0.0,2 szoba,25.0,7,7.0,10.0,0,távfűtés,,1,0,0,0,nincs megadva,,,,nem,,,Ingatlaniroda,,471.0,4.0,,,,,,,,,0,0,0,,0,0,0,,0,0,,0,0,0,,0,0,0,,,,,0,0,0,,0,0,0,,0,0,0,,0,0,0,,0,0,0,,,,,,
35592226,elado,"Budapest X. kerület, Kőbánya - Óhegyi lakótelep",Óhegy,34900000.0,34.9,34900.0,1454166.6666666667,17.367997387172654,14.18994355682471,0,24.0,24.0,1.0,4,0,0,0,1,0,1,0,1,0,96.0,47.4752666,19.1504781,0,1096.5,1000-2000 m,0,,,0,0,0,https://ingatlan.com/35592226,"Eladó tégla lakás - Budapest X. kerület, Kőbánya - Óhegyi lakótelep #35592226",1103,Budapest,Kőbánya - Óhegyi lakótelep,,felújított,Tégla lakás,1930.0,60+ év (háború előtti),0.0,1.0,0.0,1 szoba,24.0,földszint,0.0,,0,gáz (konvektor),,0,1,0,0,nincs megadva,,,,nincs megadva,8662.0,,Ingatlaniroda,,604.0,4.0,,,,,,,,,0,0,0,,0,0,0,,0,0,,0,0,0,,0,0,0,,,,,0,0,0,,0,0,0,,0,0,0,,0,0,0,,0,0,0,,,,,,
35592784,elado,"Budapest X. kerület, Újhegyi út",Újhegy,108800000.0,108.8,108800.0,1554285.7142857143,18.505021892386118,14.256526650336758,0,70.0,77.0,4.0,5,0,1,0,0,1,0,1,0,0,5.0,47.4683201,19.1692118,0,933.0,500-1000 m,0,,,0,0,0,https://ingatlan.com/35592784,"Eladó csúsztatott zsalus - Budapest X. kerület, Újhegyi út #35592784",1108,Budapest,Újhegyi út,,újszerű,Csúsztatott zsalus lakás,2021.0,0-10 év,14.0,4.0,0.0,4+ szoba,17.5,1,1.0,5.0,0,házközponti egyedi méréssel,,0,0,0,0,nincs megadva,,,,nincs megadva,,,Ingatlaniroda,,736.0,4.0,,,,,,,,,0,0,0,,0,0,0,,0,0,,0,0,0,,0,0,0,,,,,0,0,0,,0,0,0,,0,0,0,,0,0,0,,0,0,0,,,,,,
35592917,elado,"Budapest X. kerület, Hungária körút 5-7.",Laposdűlő,74500000.0,74.5,74500.0,1034722.2222222222,18.12630968334979,13.849643564333732,0,72.0,74.0,3.0,3,0,0,1,0,1,0,1,0,0,38.0,47.491796,19.109243,1,369.0,300-500 m,0,,,0,0,0,https://ingatlan.com/35592917,"Eladó panel lakás - Budapest X. kerület, Hungária körút 5-7. #35592917",1101,Budapest,Hungária körút,5-7,jó állapotú,Panel lakás,1988.0,30-60 év (panel-korszak),4.0,3.0,0.0,3 szoba,24.0,4,4.0,9.0,0,házközponti,,0,0,0,0,nincs megadva,,,,nincs megadva,,,Ingatlaniroda,,399.0,4.0,,,,,,,,1037.0,0,0,1,119.5,1,1,1,120.8,1,1,119.5,1,1,1,434.0,0,1,1,11.0,30.0,68.0,940.9,0,0,1,978.5,0,0,1,145.2,1,1,1,209.2,1,1,1,1055.5,0,0,1,,,Hidegkuti Nándor Stadion,Hidegkuti Nándor Stadion,Tbiliszi tér,villamos
35593147,elado,"Budapest X. kerület, Kőbánya - Újhegyi lakótelep",Újhegy,69900000.0,69.9,69900.0,1027941.1764705882,18.06257620720404,13.843068502027933,0,68.0,69.5,3.0,3,0,0,1,0,1,0,1,0,0,,,,0,,,0,,,0,0,0,https://ingatlan.com/35593147,"Eladó panel lakás - Budapest X. kerület, Kőbánya - Újhegyi lakótelep #35593147",1108,Budapest,Kőbánya - Újhegyi lakótelep,,jó állapotú,Panel lakás,,Ismeretlen,3.0,3.0,0.0,3 szoba,22.666666666666668,3,3.0,,0,távfűtés,,1,0,0,0,nincs megadva,,,,nem,,,Ingatlaniroda,,1922.0,4.0,,,,,,,,,0,0,0,,0,0,0,,0,0,,0,0,0,,0,0,0,,,,,0,0,0,,0,0,0,,0,0,0,,0,0,0,,0,0,0,,,,,,
35593351,elado,"Budapest X. kerület, Harmat utca 54.",Óhegy,56500000.0,56.5,56500.0,1046296.2962962963,17.84975119611667,13.860767149552395,0,54.0,56.0,2.0,3,0,0,0,0,0,1,1,0,1,58.0,,,0,,,0,,,0,0,0,https://ingatlan.com/35593351,"Eladó csúsztatott zsalus - Budapest X. kerület, Harmat utca #35593351",1104,Budapest,Harmat utca,54,jó állapotú,Csúsztatott zsalus lakás,1968.0,30-60 év (panel-korszak),4.0,2.0,0.0,2 szoba,27.0,4,4.0,4.0,0,távfűtés,,1,0,0,0,nincs megadva,,,,nem,16000.0,21000.0,Ingatlaniroda,,2507.0,4.0,,,,,,,,,0,0,0,,0,0,0,,0,0,,0,0,0,,0,0,0,,,,,0,0,0,,0,0,0,,0,0,0,,0,0,0,,0,0,0,,,,,,
35593639,elado,"Budapest X. kerület, Liget tér",Kőbánya-Városközpont,39900000.0,39.9,39900.0,927906.976744186,17.50188688186009,13.74068676616653,0,43.0,43.0,1.0,3,0,0,0,1,0,0,0,1,0,96.0,47.4845329,19.1271531,0,78.7,<150 m,1,,,0,0,0,https://ingatlan.com/35593639,"Eladó tégla lakás - Budapest X. kerület, Liget tér #35593639",1102,Budapest,Liget tér,,jó állapotú,Tégla lakás,1930.0,60+ év (háború előtti),0.0,1.0,0.0,1 szoba,43.0,földszint,0.0,4.0,0,nincs megadva,,0,0,0,0,nincs megadva,,,,nincs megadva,17000.0,,Ingatlaniroda,,1765.0,4.0,,,,,,,,,0,0,0,,0,0,0,,0,0,,0,0,0,,0,0,0,,,,,0,0,0,,0,0,0,,0,0,0,,0,0,0,,0,0,0,,,,,,
35593721,elado,"Budapest X. kerület, Szentimrey utca",Óhegy,47900000.0,47.9,47900.0,997916.6666666666,17.684626062381145,13.813425051473253,0,48.0,48.0,2.0,2,1,0,0,0,0,1,0,0,0,,47.4778435,19.1630873,0,266.7,150-300 m,0,,,0,0,0,https://ingatlan.com/35593721,"Eladó csúsztatott zsalus - Budapest X. kerület, Szentimrey utca #35593721",1104,Budapest,Szentimrey utca,,közepes állapotú,Csúsztatott zsalus lakás,,Ismeretlen,0.0,2.0,0.0,2 szoba,24.0,3,3.0,4.0,0,gázkazán,,0,1,0,0,nincs megadva,,,,nincs megadva,12500.0,,Ingatlaniroda,,880.0,4.0,,,,,,,,,0,0,0,,0,0,0,,0,0,,0,0,0,,0,0,0,,,,,0,0,0,,0,0,0,,0,0,0,,0,0,0,,0,0,0,,,,,,
35593849,elado,"Budapest X. kerület, Csilla utca",Laposdűlő,42000000.0,42.0,42000.0,1135135.1351351351,17.553180176247643,13.942262263603418,0,37.0,37.0,2.0,2,1,0,0,1,0,0,0,1,0,96.0,47.4898279,19.1195837,0,86.4,<150 m,1,,,0,0,0,https://ingatlan.com/35593849,"Eladó tégla lakás - Budapest X. kerület, Csilla utca #35593849",1101,Budapest,Csilla utca,,közepes állapotú,Tégla lakás,1930.0,60+ év (háború előtti),0.0,2.0,0.0,2 szoba,18.5,földszint,0.0,4.0,0,gáz (konvektor),,0,1,0,0,nincs megadva,,,,nem,,,Ingatlaniroda,,2732.0,4.0,,,,,,,,,0,0,0,,0,0,0,,0,0,,0,0,0,,0,0,0,,,,,0,0,0,,0,0,0,,0,0,0,,0,0,0,,0,0,0,,,,,,
35594056,elado,"Budapest X. kerület, Hang utca",Újhegy,46900000.0,46.9,46900.0,1302777.7777777778,17.663528233416507,14.080009294960398,0,36.0,36.0,1.0,3,0,0,1,0,1,0,0,0,0,58.0,47.4709562,19.1664476,0,1058.9,1000-2000 m,0,,,0,0,0,https://ingatlan.com/35594056,"Eladó panel lakás - Budapest X. kerület, Hang utca #35594056",1108,Budapest,Hang utca,,jó állapotú,Panel lakás,1968.0,30-60 év (panel-korszak),0.0,1.0,0.0,1 szoba,36.0,8,8.0,10.0,0,távfűtés,,1,0,0,0,nincs megadva,,,,nem,11300.0,,Ingatlaniroda,,1462.0,4.0,,,,,,,,,0,0,0,,0,0,0,,0,0,,0,0,0,,0,0,0,,,,,0,0,0,,0,0,0,,0,0,0,,0,0,0,,0,0,0,,,,,,
35594065,elado,"Budapest X. kerület, Mádi utca",Óhegy,55000000.0,55.0,55000.0,1122448.9795918367,17.822843743196746,13.931023445086119,0,49.0,49.0,2.0,3,0,0,0,0,0,0,0,1,0,,47.4822198,19.1509243,0,820.1,500-1000 m,0,,,0,0,0,https://ingatlan.com/35594065,"Eladó csúsztatott zsalus - Budapest X. kerület, Mádi utca #35594065",1104,Budapest,Mádi utca,,jó állapotú,Csúsztatott zsalus lakás,,Ismeretlen,0.0,2.0,0.0,2 szoba,24.5,földszint,0.0,4.0,0,gáz (konvektor),,0,1,0,0,nincs megadva,,,,nincs megadva,12000.0,,Ingatlaniroda,,748.0,2.0,,,,,,,,,0,0,0,,0,0,0,,0,0,,0,0,0,,0,0,0,,,,,0,0,0,,0,0,0,,0,0,0,,0,0,0,,0,0,0,,,,,,
35594273,elado,"Budapest X. kerület, Salgótarjáni utca",Laposdűlő,68000000.0,68.0,68000.0,944444.4444444445,18.03501826314038,13.758352144124325,0,72.0,74.0,3.0,3,0,0,1,0,0,1,1,0,0,38.0,47.4904869,19.1193942,0,143.3,<150 m,1,,,0,0,0,https://ingatlan.com/35594273,"Eladó panel lakás - Budapest X. kerület, Salgótarjáni utca #35594273",1101,Budapest,Salgótarjáni utca,,jó állapotú,Panel lakás,1988.0,30-60 év (panel-korszak),4.0,3.0,0.0,3 szoba,24.0,4,4.0,10.0,0,távfűtés,,1,0,0,0,nincs megadva,,,,nincs megadva,35.0,55000.0,Ingatlaniroda,,1795.0,4.0,,,,,,,,,0,0,0,,0,0,0,,0,0,,0,0,0,,0,0,0,,,,,0,0,0,,0,0,0,,0,0,0,,0,0,0,,0,0,0,,,,,,
35594468,elado,"Budapest X. kerület, Kőbánya - Újhegyi lakótelep",Újhegy,77500000.0,77.5,77500.0,1139705.8823529412,18.165788494323575,13.946280789147469,0,68.0,69.5,3.0,5,0,1,1,0,1,0,1,0,1,58.0,,,0,,,0,,,0,0,0,https://ingatlan.com/35594468,"Eladó panel lakás - Budapest X. kerület, Kőbánya - Újhegyi lakótelep #35594468",1108,Budapest,Kőbánya - Újhegyi lakótelep,,újszerű,Panel lakás,1968.0,30-60 év (panel-korszak),3.0,3.0,0.0,3 szoba,22.666666666666668,10,10.0,10.0,0,távfűtés egyedi méréssel,,1,0,0,0,A,,,,nem,,,Ingatlaniroda,,2569.0,4.0,,,,,,,,,0,0,0,,0,0,0,,0,0,,0,0,0,,0,0,0,,,,,0,0,0,,0,0,0,,0,0,0,,0,0,0,,0,0,0,,,,,,
35594779,elado,"Budapest X. kerület, Maglódi út 10.",Gyárdűlő,40000000.0,40.0,40000.0,1081081.0810810812,17.50439001207821,13.893472099433986,0,37.0,37.0,1.0,1,1,0,0,1,0,0,0,0,0,,47.485033,19.15662,1,390.0,300-500 m,0,1541.8,20.6,0,0,0,https://ingatlan.com/35594779,"Eladó tégla lakás - Budapest X. kerület, Maglódi út 10. #35594779",1106,Budapest,Maglódi út,10,felújítandó,Tégla lakás,,Ismeretlen,0.0,1.0,0.0,1 szoba,37.0,nincs megadva,,,0,nincs megadva,,0,0,0,0,nincs megadva,,,,nincs megadva,,,Ingatlaniroda,,323.0,2.0,,,,,,,,,0,0,0,164.1,1,1,1,175.8,1,1,164.1,1,1,1,266.4,1,1,1,10.0,17.0,46.0,2007.0,0,0,0,,0,0,0,819.9,0,0,1,926.2,0,0,1,978.9,0,0,1,Rákos,,Kocka utca,Kocka utca,Névtelen zöldfelület / park,villamos
35595033,elado,"Budapest X. kerület, Balkán utca",Gyárdűlő,72000000.0,72.0,72000.0,1161290.322580645,18.09217667698033,13.965042291935237,0,62.0,62.0,3.0,3,0,0,1,0,0,0,0,0,0,,47.4741158,19.1119455,0,17.8,<150 m,1,,,0,0,0,https://ingatlan.com/35595033,"Eladó panel lakás - Budapest X. kerület, Balkán utca #35595033",1107,Budapest,Balkán utca,,jó állapotú,Panel lakás,,Ismeretlen,0.0,3.0,0.0,3 szoba,20.666666666666668,nincs megadva,,,0,nincs megadva,,0,0,0,0,nincs megadva,,,,nincs megadva,,,Ingatlaniroda,,870.0,2.0,,,,,,,,,0,0,0,,0,0,0,,0,0,,0,0,0,,0,0,0,,,,,0,0,0,,0,0,0,,0,0,0,,0,0,0,,0,0,0,,,,,,
35595359,elado,"Budapest X. kerület, Mádi utca",Óhegy,55000000.0,55.0,55000.0,1122448.9795918367,17.822843743196746,13.931023445086119,0,49.0,49.0,2.0,2,1,0,0,0,0,0,0,1,0,58.0,47.4822198,19.1509243,0,820.1,500-1000 m,0,,,0,0,0,https://ingatlan.com/35595359,"Eladó csúsztatott zsalus - Budapest X. kerület, Mádi utca #35595359",1104,Budapest,Mádi utca,,közepes állapotú,Csúsztatott zsalus lakás,1968.0,30-60 év (panel-korszak),0.0,2.0,0.0,2 szoba,24.5,földszint,0.0,,0,gáz (konvektor),,0,1,0,0,nincs megadva,,,,nincs megadva,12000.0,,Ingatlaniroda,,867.0,4.0,,,,,,,,,0,0,0,,0,0,0,,0,0,,0,0,0,,0,0,0,,,,,0,0,0,,0,0,0,,0,0,0,,0,0,0,,0,0,0,,,,,,
35595537,elado,"Budapest X. kerület, Kőbánya - Óhegy",Óhegy,42500000.0,42.5,42500.0,1214285.7142857143,17.565014633894645,14.009666572405232,0,35.0,35.0,1.0,4,0,0,0,1,0,0,0,0,0,96.0,47.4820541,19.132346,0,297.2,150-300 m,0,,,0,0,0,https://ingatlan.com/35595537,"Eladó tégla lakás - Budapest X. kerület, Kőbánya - Óhegy #35595537",1103,Budapest,Kőbánya - Óhegy,,felújított,Tégla lakás,1930.0,60+ év (háború előtti),0.0,1.0,0.0,1 szoba,35.0,1,1.0,4.0,0,gáz (konvektor),,0,1,0,0,nincs megadva,,,,nincs megadva,11000.0,,Ingatlaniroda,,1524.0,4.0,,,,,,,,,0,0,0,,0,0,0,,0,0,,0,0,0,,0,0,0,,,,,0,0,0,,0,0,0,,0,0,0,,0,0,0,,0,0,0,,,,,,
35595598,elado,"Budapest X. kerület, Kőbánya - Óhegyi lakótelep",Óhegy,55000000.0,55.0,55000.0,1122448.9795918367,17.822843743196746,13.931023445086119,0,49.0,49.0,2.0,2,1,0,0,0,0,0,0,1,0,58.0,47.4752666,19.1504781,0,1096.5,1000-2000 m,0,,,0,0,0,https://ingatlan.com/35595598,"Eladó csúsztatott zsalus - Budapest X. kerület, Kőbánya - Óhegyi lakótelep #35595598",1103,Budapest,Kőbánya - Óhegyi lakótelep,,közepes állapotú,Csúsztatott zsalus lakás,1968.0,30-60 év (panel-korszak),0.0,2.0,0.0,2 szoba,24.5,földszint,0.0,,0,gáz (konvektor),,0,1,0,0,nincs megadva,,,,nincs megadva,12000.0,,Ingatlaniroda,,892.0,4.0,,,,,,,,,0,0,0,,0,0,0,,0,0,,0,0,0,,0,0,0,,,,,0,0,0,,0,0,0,,0,0,0,,0,0,0,,0,0,0,,,,,,
35595793,elado,"Budapest X. kerület, Gyakorló utca",Felsőrákos,49900000.0,49.9,49900.0,1663333.3333333333,17.72553156072175,14.324334179059592,0,30.0,31.0,1.0,2,1,0,1,0,1,0,1,0,0,58.0,47.5018325,19.1436801,0,258.3,150-300 m,0,,,0,0,0,https://ingatlan.com/35595793,"Eladó panel lakás - Budapest X. kerület, Gyakorló utca #35595793",1106,Budapest,Gyakorló utca,,közepes állapotú,Panel lakás,1968.0,30-60 év (panel-korszak),2.0,1.0,0.0,1 szoba,30.0,6,6.0,10.0,0,távfűtés,,1,0,0,0,nincs megadva,,,,nincs megadva,9000.0,,Ingatlaniroda,,1786.0,4.0,,,,,,,,,0,0,0,,0,0,0,,0,0,,0,0,0,,0,0,0,,,,,0,0,0,,0,0,0,,0,0,0,,0,0,0,,0,0,0,,,,,,
35595952,elado,"Budapest X. kerület, Kőbánya - Óhegyi lakótelep",Óhegy,55000000.0,55.0,55000.0,1122448.9795918367,17.822843743196746,13.931023445086119,0,49.0,49.0,2.0,2,1,0,0,0,0,0,0,1,0,58.0,47.4752666,19.1504781,0,1096.5,1000-2000 m,0,,,0,0,0,https://ingatlan.com/35595952,"Eladó csúsztatott zsalus - Budapest X. kerület, Kőbánya - Óhegyi lakótelep #35595952",1103,Budapest,Kőbánya - Óhegyi lakótelep,,közepes állapotú,Csúsztatott zsalus lakás,1968.0,30-60 év (panel-korszak),0.0,2.0,0.0,2 szoba,24.5,földszint,0.0,4.0,0,gáz (konvektor),,0,1,0,0,E,,,,nem,12000.0,,Ingatlaniroda,,2208.0,4.0,,,,,,,,,0,0,0,,0,0,0,,0,0,,0,0,0,,0,0,0,,,,,0,0,0,,0,0,0,,0,0,0,,0,0,0,,0,0,0,,,,,,
35596126,elado,"Budapest X. kerület, Dombtető utca",Újhegy,61000000.0,61.0,61000.0,1220000.0,17.926384422137584,14.01436141670944,0,50.0,51.5,2.0,3,0,0,1,0,1,1,1,1,0,58.0,47.4730923,19.1639779,0,794.8,500-1000 m,0,,,0,0,0,https://ingatlan.com/35596126,"Eladó panel lakás - Budapest X. kerület, Dombtető utca #35596126",1108,Budapest,Dombtető utca,,jó állapotú,Panel lakás,1968.0,30-60 év (panel-korszak),3.0,2.0,0.0,2 szoba,25.0,földszint,0.0,10.0,0,"távfűtés, hűtő-fűtő klíma",,1,0,0,0,nincs megadva,,,,nem,20000.0,20000.0,Ingatlaniroda,,1407.0,2.0,,,,,,,,,0,0,0,,0,0,0,,0,0,,0,0,0,,0,0,0,,,,,0,0,0,,0,0,0,,0,0,0,,0,0,0,,0,0,0,,,,,,
35596192,elado,"Budapest X. kerület, Hölgy utca",Ligettelek,69900000.0,69.9,69900.0,957534.2465753425,18.06257620720404,13.772116766055648,0,73.0,73.0,2.0,4,0,0,0,1,0,0,0,1,0,58.0,47.4880751,19.1253724,0,122.1,<150 m,1,,,0,0,0,https://ingatlan.com/35596192,"Eladó tégla lakás - Budapest X. kerület, Hölgy utca #35596192",1102,Budapest,Hölgy utca,,felújított,Tégla lakás,1968.0,30-60 év (panel-korszak),0.0,2.0,0.0,2 szoba,36.5,földszint,0.0,0.0,0,gáz (konvektor),,0,1,0,0,nincs megadva,,,,igen,,30000.0,Ingatlaniroda,,826.0,4.0,,,,,,,,,0,0,0,,0,0,0,,0,0,,0,0,0,,0,0,0,,,,,0,0,0,,0,0,0,,0,0,0,,0,0,0,,0,0,0,,,,,,
35596261,elado,"Budapest X. kerület, Bányató utca",Újhegy,62500000.0,62.5,62500.0,1250000.0,17.95067711470663,14.038654109278484,0,50.0,51.0,2.0,4,0,0,1,0,1,1,1,0,0,38.0,47.4645943,19.1669132,0,486.4,300-500 m,0,,,0,0,0,https://ingatlan.com/35596261,"Eladó panel lakás - Budapest X. kerület, Bányató utca #35596261",1108,Budapest,Bányató utca,,felújított,Panel lakás,1988.0,30-60 év (panel-korszak),2.0,2.0,0.0,2 szoba,25.0,1,1.0,10.0,0,nincs megadva,,0,0,0,0,nincs megadva,,,,nincs megadva,,,Ingatlaniroda,,1990.0,4.0,,,,,,,,,0,0,0,,0,0,0,,0,0,,0,0,0,,0,0,0,,,,,0,0,0,,0,0,0,,0,0,0,,0,0,0,,0,0,0,,,,,,
35596322,elado,"Budapest X. kerület, Kőbánya-Városközpont",Kőbánya-Városközpont,45900000.0,45.9,45900.0,1067441.8604651163,17.641975675030775,13.880775559337211,0,43.0,43.0,1.0,2,1,0,0,1,0,0,0,0,0,58.0,47.482503,19.1307351,0,213.3,150-300 m,0,,,0,0,0,https://ingatlan.com/35596322,"Eladó tégla lakás - Budapest X. kerület, Kőbánya-Városközpont #35596322",1105,Budapest,Kőbánya-Városközpont,,közepes állapotú,Tégla lakás,1968.0,30-60 év (panel-korszak),0.0,1.0,0.0,1 szoba,43.0,1,1.0,2.0,0,cserépkályha,,0,0,0,0,nincs megadva,,,,nem,10990.0,,Ingatlaniroda,,2279.0,4.0,,,,,,,,,0,0,0,,0,0,0,,0,0,,0,0,0,,0,0,0,,,,,0,0,0,,0,0,0,,0,0,0,,0,0,0,,0,0,0,,,,,,
35596353,elado,"Budapest X. kerület, Gépmadár utca 11.",Felsőrákos,59900000.0,59.9,59900.0,1130188.6792452831,17.908187063085677,13.937895149533556,0,53.0,55.0,2.0,3,0,0,1,0,1,0,1,0,0,58.0,47.502982,19.144042,1,137.1,<150 m,1,616.3,8.2,0,1,1,https://ingatlan.com/35596353,"Eladó panel lakás - Budapest X. kerület, Gépmadár utca 11. #35596353",1106,Budapest,Gépmadár utca,11,jó állapotú,Panel lakás,1968.0,30-60 év (panel-korszak),4.0,2.0,0.0,2 szoba,26.5,5,5.0,10.0,0,távfűtés egyedi méréssel,,1,0,0,0,C,,,,nem,12000.0,15000.0,Ingatlaniroda,,1486.0,4.0,,,,,,,,812.8,0,0,1,738.8,0,1,1,275.7,1,1,616.3,0,1,1,375.1,0,1,1,6.0,53.0,144.0,1054.5,0,0,1,835.9,0,0,1,292.0,1,1,1,342.2,1,1,1,348.0,1,1,1,Örs vezér tere,,Örs vezér tere M+H,Sarkantyú utca,Névtelen zöldfelület / park,vasut
35596419,elado,"Budapest X. kerület, Liget utca",Kőbánya-Városközpont,32900000.0,32.9,32900.0,996969.696969697,17.3089832157356,13.81247565426912,0,33.0,33.0,1.0,3,0,0,0,1,0,0,0,1,0,96.0,47.4890878,19.1331022,0,246.8,150-300 m,0,,,0,0,0,https://ingatlan.com/35596419,"Eladó tégla lakás - Budapest X. kerület, Liget utca #35596419",1102,Budapest,Liget utca,,jó állapotú,Tégla lakás,1930.0,60+ év (háború előtti),0.0,1.0,0.0,1 szoba,33.0,földszint,0.0,0.0,0,gáz (konvektor),,0,1,0,0,nincs megadva,,,,igen,,,Ingatlaniroda,,1829.0,4.0,,,,,,,,,0,0,0,,0,0,0,,0,0,,0,0,0,,0,0,0,,,,,0,0,0,,0,0,0,,0,0,0,,0,0,0,,0,0,0,,,,,,
35596587,elado,"Budapest X. kerület, Hölgy utca",Ligettelek,58500000.0,58.5,58500.0,1500000.0,17.884537312202085,14.22097566607244,0,39.0,42.0,2.0,4,0,0,0,1,0,0,1,1,0,58.0,47.4880751,19.1253724,0,122.1,<150 m,1,,,0,0,0,https://ingatlan.com/35596587,"Eladó tégla lakás - Budapest X. kerület, Hölgy utca #35596587",1102,Budapest,Hölgy utca,,felújított,Tégla lakás,1968.0,30-60 év (panel-korszak),6.0,2.0,0.0,2 szoba,19.5,földszint,0.0,0.0,0,padlófűtés,,0,0,0,0,nincs megadva,,,,igen,13500.0,30000.0,Ingatlaniroda,,1523.0,4.0,,,,,,,,,0,0,0,,0,0,0,,0,0,,0,0,0,,0,0,0,,,,,0,0,0,,0,0,0,,0,0,0,,0,0,0,,0,0,0,,,,,,
35596769,elado,"Budapest X. kerület, Gyógyszergyári utca",Felsőrákos,78900000.0,78.9,78900.0,1834883.7209302327,18.1836917858161,14.42249167012254,0,43.0,48.5,2.0,5,0,1,0,1,1,1,1,0,0,0.0,47.4994212,19.1493566,0,351.7,300-500 m,0,,,0,0,0,https://ingatlan.com/35596769,"Eladó tégla lakás - Budapest X. kerület, Gyógyszergyári utca #35596769",1106,Budapest,Gyógyszergyári utca,,újszerű,Tégla lakás,2026.0,Új építésű (2025+),11.0,2.0,0.0,2 szoba,21.5,5,5.0,7.0,0,távfűtés,,1,0,0,0,nincs megadva,,,,nincs megadva,,,Ingatlaniroda,,1426.0,3.0,,,,,,,,,0,0,0,,0,0,0,,0,0,,0,0,0,,0,0,0,,,,,0,0,0,,0,0,0,,0,0,0,,0,0,0,,0,0,0,,,,,,
35596796,elado,"Budapest X. kerület, Harmat utca",Ligettelek,56900000.0,56.9,56900.0,998245.6140350878,17.85680589909656,13.81375463126201,0,57.0,59.0,2.0,2,1,0,0,1,0,1,1,0,0,58.0,47.4702785,19.1650971,0,1026.1,1000-2000 m,0,,,0,0,0,https://ingatlan.com/35596796,"Eladó tégla lakás - Budapest X. kerület, Harmat utca #35596796",1102,Budapest,Harmat utca,,közepes állapotú,Tégla lakás,1968.0,30-60 év (panel-korszak),4.0,2.0,0.0,2 szoba,28.5,1,1.0,3.0,0,"gáz (konvektor), hűtő-fűtő klíma",,0,1,0,0,nincs megadva,,,,nem,17400.0,15000.0,Ingatlaniroda,,1699.0,4.0,,,,,,,,,0,0,0,,0,0,0,,0,0,,0,0,0,,0,0,0,,,,,0,0,0,,0,0,0,,0,0,0,,0,0,0,,0,0,0,,,,,,
35596801,elado,"Budapest X. kerület, Kápolna utca",Óhegy,76900000.0,76.9,76900.0,1671739.1304347827,18.158016434475872,14.329375037986777,0,46.0,53.0,2.0,4,0,0,0,1,0,1,1,1,0,21.0,47.4823363,19.1289949,0,88.5,<150 m,1,,,0,0,0,https://ingatlan.com/35596801,"Eladó tégla lakás - Budapest X. kerület, Kápolna utca #35596801",1103,Budapest,Kápolna utca,,felújított,Tégla lakás,2005.0,10-30 év (rendszerváltás utáni),14.0,2.0,0.0,2 szoba,23.0,földszint,0.0,3.0,0,házközponti egyedi méréssel,,0,0,0,0,C,,,,nincs megadva,,,Ingatlaniroda,,2927.0,4.0,,,,,,,,,0,0,0,,0,0,0,,0,0,,0,0,0,,0,0,0,,,,,0,0,0,,0,0,0,,0,0,0,,0,0,0,,0,0,0,,,,,,
35596919,elado,"Budapest X. kerület, Kőbánya - Újhegyi lakótelep",Újhegy,54900000.0,54.9,54900.0,1098000.0,17.82102390647976,13.909000901051613,0,50.0,52.0,2.0,2,1,0,1,0,1,1,1,0,0,58.0,,,0,,,0,,,0,0,0,https://ingatlan.com/35596919,"Eladó panel lakás - Budapest X. kerület, Kőbánya - Újhegyi lakótelep #35596919",1108,Budapest,Kőbánya - Újhegyi lakótelep,,közepes állapotú,Panel lakás,1968.0,30-60 év (panel-korszak),4.0,2.0,0.0,2 szoba,25.0,7,7.0,10.0,0,távfűtés,,1,0,0,0,B,,,,nem,14000.0,20000.0,Ingatlaniroda,,1019.0,4.0,,,,,,,,,0,0,0,,0,0,0,,0,0,,0,0,0,,0,0,0,,,,,0,0,0,,0,0,0,,0,0,0,,0,0,0,,0,0,0,,,,,,
35597103,elado,"Budapest X. kerület, Hungária körút",Laposdűlő,72000000.0,72.0,72000.0,1000000.0,18.09217667698033,13.815510557964274,0,72.0,73.5,3.0,2,1,0,1,0,1,1,1,0,0,58.0,47.5120385,19.0980307,0,121.4,<150 m,1,,,0,0,0,https://ingatlan.com/35597103,"Eladó panel lakás - Budapest X. kerület, Hungária körút #35597103",1101,Budapest,Hungária körút,,közepes állapotú,Panel lakás,1968.0,30-60 év (panel-korszak),3.0,3.0,0.0,3 szoba,24.0,4,4.0,10.0,0,házközponti,,0,0,0,0,nincs megadva,,,,nincs megadva,,,Ingatlaniroda,,1834.0,4.0,,,,,,,,,0,0,0,,0,0,0,,0,0,,0,0,0,,0,0,0,,,,,0,0,0,,0,0,0,,0,0,0,,0,0,0,,0,0,0,,,,,,
35597144,elado,"Budapest X. kerület, Gőzmozdony utca 68.",Újhegy,65000000.0,65.0,65000.0,955882.3529411765,17.98989782785991,13.770390122683805,0,68.0,69.5,3.0,3,0,0,1,0,1,0,1,0,0,,,,0,,,0,,,0,0,0,https://ingatlan.com/35597144,"Eladó panel lakás - Budapest X. kerület, Gőzmozdony utca #35597144",1108,Budapest,Gőzmozdony utca,68,nincs megadva,Panel lakás,,Ismeretlen,3.0,3.0,0.0,3 szoba,22.666666666666668,6,6.0,10.0,0,házközponti,,0,0,0,0,nincs megadva,,,,nincs megadva,,,Ingatlaniroda,,1137.0,4.0,,,,,,,,,0,0,0,,0,0,0,,0,0,,0,0,0,,0,0,0,,,,,0,0,0,,0,0,0,,0,0,0,,0,0,0,,0,0,0,,,,,,
35597162,elado,"Budapest X. kerület, Állomás utca",Kőbánya-Városközpont,68900000.0,68.9,68900.0,1013235.2941176471,18.048166735983887,13.82865903080778,0,68.0,69.5,3.0,3,0,0,1,0,1,1,1,0,1,58.0,47.5210755,19.1483125,0,126.1,<150 m,1,,,0,0,0,https://ingatlan.com/35597162,"Eladó panel lakás - Budapest X. kerület, Állomás utca #35597162",1102,Budapest,Állomás utca,,jó állapotú,Panel lakás,1968.0,30-60 év (panel-korszak),3.0,3.0,0.0,3 szoba,22.666666666666668,10,10.0,10.0,0,"távfűtés, hűtő-fűtő klíma",,1,0,0,0,C,,,,nincs megadva,17600.0,,Ingatlaniroda,,1553.0,4.0,,,,,,,,,0,0,0,,0,0,0,,0,0,,0,0,0,,0,0,0,,,,,0,0,0,,0,0,0,,0,0,0,,0,0,0,,0,0,0,,,,,,
35597194,elado,"Budapest X. kerület, Állomás utca",Kőbánya-Városközpont,53900000.0,53.9,53900.0,1078000.0,17.802641035879226,13.89061803045108,0,50.0,51.0,2.0,2,1,0,1,0,1,0,1,0,0,,47.5210755,19.1483125,0,126.1,<150 m,1,,,0,0,0,https://ingatlan.com/35597194,"Eladó panel lakás - Budapest X. kerület, Állomás utca #35597194",1102,Budapest,Állomás utca,,közepes állapotú,Panel lakás,,Ismeretlen,2.0,2.0,0.0,2 szoba,25.0,4,4.0,10.0,0,távfűtés,,1,0,0,0,nincs megadva,,,,nincs megadva,,25000.0,Ingatlaniroda,,463.0,2.0,,,,,,,,,0,0,0,,0,0,0,,0,0,,0,0,0,,0,0,0,,,,,0,0,0,,0,0,0,,0,0,0,,0,0,0,,0,0,0,,,,,,
35597292,elado,"Budapest X. kerület, Agyagfejtő utca 18.",Újhegy,72900000.0,72.9,72900.0,1072058.8235294118,18.104599196978885,13.88509149180278,0,68.0,68.0,3.0,3,0,0,1,0,1,0,0,0,0,,47.470712,19.162066,1,990.5,500-1000 m,0,1560.1,20.8,0,0,0,https://ingatlan.com/35597292,"Eladó panel lakás - Budapest X. kerület, Agyagfejtő utca 18. #35597292",1108,Budapest,Agyagfejtő utca,18,jó állapotú,Panel lakás,,Ismeretlen,0.0,3.0,0.0,3 szoba,22.666666666666668,2,2.0,10.0,0,nincs megadva,,0,0,0,0,A+,,,,nincs megadva,,,Ingatlaniroda,,2635.0,4.0,,,,,,,,1566.0,0,0,0,983.9,0,0,1,236.2,1,1,983.9,0,0,1,554.5,0,1,1,13.0,30.0,52.0,,0,0,0,,0,0,0,188.7,1,1,1,106.5,1,1,1,1202.7,0,0,0,Kőbánya-Kispest,,Venyige utca,Újhegyi sétány,Újhegy park,villamos
35597444,elado,"Budapest X. kerület, Liget tér",Kőbánya-Városközpont,63000000.0,63.0,63000.0,1105263.1578947369,17.958645284355807,13.915594016521256,0,57.0,57.0,2.0,3,0,0,1,0,1,0,0,0,1,,47.4845329,19.1271531,0,78.7,<150 m,1,,,0,0,0,https://ingatlan.com/35597444,"Eladó panel lakás - Budapest X. kerület, Liget tér #35597444",1102,Budapest,Liget tér,,jó állapotú,Panel lakás,,Ismeretlen,0.0,2.0,0.0,2 szoba,28.5,5,5.0,5.0,0,gáz (konvektor),,0,1,0,0,nincs megadva,,,,nincs megadva,,,Ingatlaniroda,,529.0,2.0,,,,,,,,,0,0,0,,0,0,0,,0,0,,0,0,0,,0,0,0,,,,,0,0,0,,0,0,0,,0,0,0,,0,0,0,,0,0,0,,,,,,
35597497,elado,"Budapest X. kerület, Szövőszék utca 10.",Újhegy,54900000.0,54.9,54900.0,1098000.0,17.82102390647976,13.909000901051613,0,50.0,52.0,2.0,2,1,0,1,0,1,0,1,0,0,58.0,47.471483,19.161514,1,976.9,500-1000 m,0,1522.8,20.3,0,0,0,https://ingatlan.com/35597497,"Eladó panel lakás - Budapest X. kerület, Szövőszék utca 10. #35597497",1108,Budapest,Szövőszék utca,10,közepes állapotú,Panel lakás,1968.0,30-60 év (panel-korszak),4.0,2.0,0.0,2 szoba,25.0,9,9.0,10.0,0,távfűtés egyedi méréssel,,1,0,0,0,H,,,,nincs megadva,,,Ingatlaniroda,,825.0,4.0,,,,,,,,1528.7,0,0,0,963.3,0,0,1,223.1,1,1,963.3,0,0,1,687.2,0,1,1,8.0,27.0,48.0,,0,0,0,,0,0,0,149.1,1,1,1,352.6,1,1,1,1182.2,0,0,0,Kőbánya-Kispest,,Venyige utca,Szövőszék utca,Gőzmozdony park,villamos
35597541,elado,"Budapest X. kerület, Kőbánya - Óhegyi lakótelep",Óhegy,55000000.0,55.0,55000.0,1122448.9795918367,17.822843743196746,13.931023445086119,0,49.0,49.0,2.0,2,1,0,0,0,1,0,0,1,0,58.0,47.4752666,19.1504781,0,1096.5,1000-2000 m,0,,,0,0,0,https://ingatlan.com/35597541,"Eladó csúsztatott zsalus - Budapest X. kerület, Kőbánya - Óhegyi lakótelep #35597541",1103,Budapest,Kőbánya - Óhegyi lakótelep,,közepes állapotú,Csúsztatott zsalus lakás,1968.0,30-60 év (panel-korszak),0.0,2.0,0.0,2 szoba,24.5,földszint,0.0,10.0,0,gáz (konvektor),,0,1,0,0,E,,,,nem,12000.0,18000.0,Ingatlaniroda,,1674.0,4.0,,,,,,,,,0,0,0,,0,0,0,,0,0,,0,0,0,,0,0,0,,,,,0,0,0,,0,0,0,,0,0,0,,0,0,0,,0,0,0,,,,,,
35597566,elado,"Budapest X. kerület, Lenfonó utca",Újhegy,54900000.0,54.9,54900.0,1098000.0,17.82102390647976,13.909000901051613,0,50.0,51.5,2.0,1,1,0,1,0,1,1,1,0,0,58.0,47.4712382,19.1593693,0,973.9,500-1000 m,0,,,0,0,0,https://ingatlan.com/35597566,"Eladó panel lakás - Budapest X. kerület, Lenfonó utca #35597566",1108,Budapest,Lenfonó utca,,felújítandó,Panel lakás,1968.0,30-60 év (panel-korszak),3.0,2.0,0.0,2 szoba,25.0,7,7.0,10.0,0,távfűtés,,1,0,0,0,B,,,,nem,16360.0,,Ingatlaniroda,,1573.0,4.0,,,,,,,,,0,0,0,,0,0,0,,0,0,,0,0,0,,0,0,0,,,,,0,0,0,,0,0,0,,0,0,0,,0,0,0,,0,0,0,,,,,,
35597622,elado,"Budapest X. kerület, Szövőszék utca 10.",Újhegy,54900000.0,54.9,54900.0,1098000.0,17.82102390647976,13.909000901051613,0,50.0,51.5,2.0,1,1,0,1,0,1,0,1,0,0,58.0,47.471483,19.161514,1,976.9,500-1000 m,0,1522.8,20.3,0,0,0,https://ingatlan.com/35597622,"Eladó panel lakás - Budapest X. kerület, Szövőszék utca 10. #35597622",1108,Budapest,Szövőszék utca,10,felújítandó,Panel lakás,1968.0,30-60 év (panel-korszak),3.0,2.0,0.0,2 szoba,25.0,9,9.0,10.0,0,távfűtés,,1,0,0,0,D,,,,nem,,,Ingatlaniroda,,414.0,4.0,,,,,,,,1528.7,0,0,0,963.3,0,0,1,223.1,1,1,963.3,0,0,1,687.2,0,1,1,8.0,27.0,48.0,,0,0,0,,0,0,0,149.1,1,1,1,352.6,1,1,1,1182.2,0,0,0,Kőbánya-Kispest,,Venyige utca,Szövőszék utca,Gőzmozdony park,villamos
35597650,elado,"Budapest X. kerület, Gyömrői út",Óhegy,34900000.0,34.9,34900.0,894871.7948717949,17.367997387172654,13.704435741043008,0,39.0,39.0,1.0,3,0,0,0,1,0,0,0,1,0,,47.4738824,19.1348774,0,51.2,<150 m,1,,,0,0,0,https://ingatlan.com/35597650,"Eladó tégla lakás - Budapest X. kerület, Gyömrői út #35597650",1103,Budapest,Gyömrői út,,nincs megadva,Tégla lakás,,Ismeretlen,0.0,1.0,0.0,1 szoba,39.0,földszint,0.0,0.0,0,gáz (konvektor),,0,1,0,0,nincs megadva,,,,igen,,,Ingatlaniroda,,749.0,4.0,,,,,,,,,0,0,0,,0,0,0,,0,0,,0,0,0,,0,0,0,,,,,0,0,0,,0,0,0,,0,0,0,,0,0,0,,0,0,0,,,,,,
35597696,elado,"Budapest X. kerület, Kőbánya - Óhegy",Óhegy,57900000.0,57.9,57900.0,1092452.8301886793,17.874227942543225,13.903936028991103,0,53.0,54.5,2.0,2,1,0,0,1,0,0,1,0,0,58.0,47.4820541,19.132346,0,297.2,150-300 m,0,,,0,0,0,https://ingatlan.com/35597696,"Eladó tégla lakás - Budapest X. kerület, Kőbánya - Óhegy #35597696",1103,Budapest,Kőbánya - Óhegy,,közepes állapotú,Tégla lakás,1968.0,30-60 év (panel-korszak),3.0,2.0,0.0,2 szoba,26.5,2,2.0,4.0,0,gáz (konvektor),,0,1,0,0,nincs megadva,,,,nincs megadva,24997.0,,Ingatlaniroda,,935.0,4.0,,,,,,,,,0,0,0,,0,0,0,,0,0,,0,0,0,,0,0,0,,,,,0,0,0,,0,0,0,,0,0,0,,0,0,0,,0,0,0,,,,,,
35597978,elado,"Budapest X. kerület, Szövőszék utca 10.",Újhegy,54900000.0,54.9,54900.0,1098000.0,17.82102390647976,13.909000901051613,0,50.0,52.0,2.0,1,1,0,1,0,1,0,1,0,0,58.0,47.471483,19.161514,1,976.9,500-1000 m,0,1522.8,20.3,0,0,0,https://ingatlan.com/35597978,"Eladó panel lakás - Budapest X. kerület, Szövőszék utca 10. #35597978",1108,Budapest,Szövőszék utca,10,felújítandó,Panel lakás,1968.0,30-60 év (panel-korszak),4.0,2.0,0.0,2 szoba,25.0,9,9.0,10.0,0,távfűtés,,1,0,0,0,C,,,,nem,,,Ingatlaniroda,,709.0,4.0,,,,,,,,1528.7,0,0,0,963.3,0,0,1,223.1,1,1,963.3,0,0,1,687.2,0,1,1,8.0,27.0,48.0,,0,0,0,,0,0,0,149.1,1,1,1,352.6,1,1,1,1182.2,0,0,0,Kőbánya-Kispest,,Venyige utca,Szövőszék utca,Gőzmozdony park,villamos
35598197,elado,"Budapest X. kerület, Kőbánya - Újhegyi lakótelep",Újhegy,75500000.0,75.5,75500.0,1110294.1176470588,18.13964321421925,13.920135509043146,0,68.0,69.5,3.0,3,0,0,1,0,1,0,1,0,0,38.0,,,0,,,0,,,0,0,0,https://ingatlan.com/35598197,"Eladó panel lakás - Budapest X. kerület, Kőbánya - Újhegyi lakótelep #35598197",1108,Budapest,Kőbánya - Újhegyi lakótelep,,jó állapotú,Panel lakás,1988.0,30-60 év (panel-korszak),3.0,3.0,0.0,3 szoba,22.666666666666668,3,3.0,,0,távfűtés,,1,0,0,0,nincs megadva,,,,nincs megadva,,,Ingatlaniroda,,1477.0,4.0,,,,,,,,,0,0,0,,0,0,0,,0,0,,0,0,0,,0,0,0,,,,,0,0,0,,0,0,0,,0,0,0,,0,0,0,,0,0,0,,,,,,
35598207,elado,"Budapest X. kerület, Kőbánya - Újhegyi lakótelep",Újhegy,54900000.0,54.9,54900.0,1098000.0,17.82102390647976,13.909000901051613,0,50.0,51.5,2.0,1,1,0,1,0,1,1,1,0,0,58.0,,,0,,,0,,,0,0,0,https://ingatlan.com/35598207,"Eladó panel lakás - Budapest X. kerület, Kőbánya - Újhegyi lakótelep #35598207",1108,Budapest,Kőbánya - Újhegyi lakótelep,,felújítandó,Panel lakás,1968.0,30-60 év (panel-korszak),3.0,2.0,0.0,2 szoba,25.0,7,7.0,10.0,0,távfűtés egyedi méréssel,,1,0,0,0,nincs megadva,,,,nem,,,Ingatlaniroda,,1713.0,4.0,,,,,,,,,0,0,0,,0,0,0,,0,0,,0,0,0,,0,0,0,,,,,0,0,0,,0,0,0,,0,0,0,,0,0,0,,0,0,0,,,,,,
35598232,elado,"Budapest X. kerület, Kőér utca 1.",Óhegy,10000000.0,10.0,10000.0,400000.0,16.11809565095832,12.89921982609012,0,25.0,25.0,1.0,2,1,0,0,1,0,0,0,0,0,,,,0,,,0,,,0,0,0,https://ingatlan.com/35598232,"Eladó tégla lakás - Budapest X. kerület, Kőér utca #35598232",1103,Budapest,Kőér utca,1,közepes állapotú,Tégla lakás,,Ismeretlen,0.0,1.0,0.0,1 szoba,25.0,nincs megadva,,,0,nincs megadva,,0,0,0,0,nincs megadva,,,,nincs megadva,,,Ingatlaniroda,,164.0,2.0,,,,,,,,,0,0,0,,0,0,0,,0,0,,0,0,0,,0,0,0,,,,,0,0,0,,0,0,0,,0,0,0,,0,0,0,,0,0,0,,,,,,
35598301,elado,"Budapest X. kerület, Kőbánya - Óhegy",Óhegy,70500000.0,70.5,70500.0,1258928.5714285714,18.071123267782497,14.045771577047347,0,56.0,56.0,3.0,4,0,0,1,0,0,0,0,0,0,58.0,47.4820541,19.132346,0,297.2,150-300 m,0,,,0,0,0,https://ingatlan.com/35598301,"Eladó panel lakás - Budapest X. kerület, Kőbánya - Óhegy #35598301",1103,Budapest,Kőbánya - Óhegy,,felújított,Panel lakás,1968.0,30-60 év (panel-korszak),0.0,3.0,0.0,3 szoba,18.666666666666668,2,2.0,5.0,0,távfűtés,,1,0,0,0,nincs megadva,,,,nem,,,Ingatlaniroda,,2271.0,4.0,,,,,,,,,0,0,0,,0,0,0,,0,0,,0,0,0,,0,0,0,,,,,0,0,0,,0,0,0,,0,0,0,,0,0,0,,0,0,0,,,,,,
35598319,elado,"Budapest X. kerület, Felsőrákos",Felsőrákos,64900000.0,64.9,64900.0,1224528.3018867925,17.988358181674318,14.018066268122197,0,53.0,55.0,2.0,2,1,0,1,0,1,0,1,0,0,58.0,47.4953772,19.1746318,0,636.9,500-1000 m,0,,,0,0,0,https://ingatlan.com/35598319,"Eladó panel lakás - Budapest X. kerület, Felsőrákos #35598319",1106,Budapest,Felsőrákos,,közepes állapotú,Panel lakás,1968.0,30-60 év (panel-korszak),4.0,2.0,0.0,2 szoba,26.5,9,9.0,,0,távfűtés,,1,0,0,0,nincs megadva,,,,nincs megadva,,,Ingatlaniroda,,2723.0,4.0,,,,,,,,,0,0,0,,0,0,0,,0,0,,0,0,0,,0,0,0,,,,,0,0,0,,0,0,0,,0,0,0,,0,0,0,,0,0,0,,,,,,
35598467,elado,"Budapest X. kerület, Kőbánya - Újhegyi lakótelep",Újhegy,54900000.0,54.9,54900.0,1098000.0,17.82102390647976,13.909000901051613,0,50.0,51.5,2.0,1,1,0,1,0,1,0,1,0,0,58.0,,,0,,,0,,,0,0,0,https://ingatlan.com/35598467,"Eladó panel lakás - Budapest X. kerület, Kőbánya - Újhegyi lakótelep #35598467",1108,Budapest,Kőbánya - Újhegyi lakótelep,,felújítandó,Panel lakás,1968.0,30-60 év (panel-korszak),3.0,2.0,0.0,2 szoba,25.0,7,7.0,,0,távfűtés egyedi méréssel,,1,0,0,0,B,,,,nincs megadva,,,Ingatlaniroda,,1588.0,4.0,,,,,,,,,0,0,0,,0,0,0,,0,0,,0,0,0,,0,0,0,,,,,0,0,0,,0,0,0,,0,0,0,,0,0,0,,0,0,0,,,,,,
35598823,elado,"Budapest X. kerület, Noszlopy utca",Óhegy,39900000.0,39.9,39900.0,1596000.0,17.50188688186009,14.28301105699189,0,25.0,37.5,1.0,4,0,0,0,1,0,1,1,0,0,,47.4735008,19.1502693,0,958.8,500-1000 m,0,,,0,0,0,https://ingatlan.com/35598823,"Eladó tégla lakás - Budapest X. kerület, Noszlopy utca #35598823",1103,Budapest,Noszlopy utca,,felújított,Tégla lakás,,Ismeretlen,25.0,1.0,0.0,1 szoba,25.0,nincs megadva,,0.0,0,gáz (konvektor),,0,1,0,0,nincs megadva,,,,igen,7538.0,,Ingatlaniroda,,2247.0,4.0,,,,,,,,,0,0,0,,0,0,0,,0,0,,0,0,0,,0,0,0,,,,,0,0,0,,0,0,0,,0,0,0,,0,0,0,,0,0,0,,,,,,
35599034,elado,"Budapest X. kerület, Kőbánya - Újhegyi lakótelep",Újhegy,54900000.0,54.9,54900.0,1098000.0,17.82102390647976,13.909000901051613,0,50.0,51.5,2.0,1,1,0,1,0,1,0,1,0,0,58.0,,,0,,,0,,,0,0,0,https://ingatlan.com/35599034,"Eladó panel lakás - Budapest X. kerület, Kőbánya - Újhegyi lakótelep #35599034",1108,Budapest,Kőbánya - Újhegyi lakótelep,,felújítandó,Panel lakás,1968.0,30-60 év (panel-korszak),3.0,2.0,0.0,2 szoba,25.0,7,7.0,,0,távfűtés egyedi méréssel,,1,0,0,0,B,,,,nincs megadva,,,Ingatlaniroda,,1551.0,4.0,,,,,,,,,0,0,0,,0,0,0,,0,0,,0,0,0,,0,0,0,,,,,0,0,0,,0,0,0,,0,0,0,,0,0,0,,0,0,0,,,,,,
35599106,elado,"Budapest X. kerület, Kőbánya-Városközpont",Kőbánya-Városközpont,62900000.0,62.9,62900.0,1103508.7719298245,17.957056721670668,13.914005453836118,0,57.0,58.5,2.0,3,0,0,0,1,1,0,1,0,0,58.0,47.482503,19.1307351,0,213.3,150-300 m,0,,,0,0,0,https://ingatlan.com/35599106,"Eladó tégla lakás - Budapest X. kerület, Kőbánya-Városközpont #35599106",1105,Budapest,Kőbánya-Városközpont,,jó állapotú,Tégla lakás,1968.0,30-60 év (panel-korszak),3.0,2.0,0.0,2 szoba,28.5,5,5.0,6.0,0,házközponti egyedi méréssel,,0,0,0,0,nincs megadva,,,,nincs megadva,21700.0,,Ingatlaniroda,,1002.0,4.0,,,,,,,,,0,0,0,,0,0,0,,0,0,,0,0,0,,0,0,0,,,,,0,0,0,,0,0,0,,0,0,0,,0,0,0,,0,0,0,,,,,,
35599178,elado,"Budapest X. kerület, Kőbánya - Újhegyi lakótelep",Újhegy,54900000.0,54.9,54900.0,1098000.0,17.82102390647976,13.909000901051613,0,50.0,51.5,2.0,2,1,0,1,0,1,0,1,0,0,58.0,,,0,,,0,,,0,0,0,https://ingatlan.com/35599178,"Eladó panel lakás - Budapest X. kerület, Kőbánya - Újhegyi lakótelep #35599178",1108,Budapest,Kőbánya - Újhegyi lakótelep,,közepes állapotú,Panel lakás,1968.0,30-60 év (panel-korszak),3.0,2.0,0.0,2 szoba,25.0,7,7.0,10.0,0,távfűtés egyedi méréssel,,1,0,0,0,nincs megadva,,,,nincs megadva,16360.0,,Ingatlaniroda,,1416.0,4.0,,,,,,,,,0,0,0,,0,0,0,,0,0,,0,0,0,,0,0,0,,,,,0,0,0,,0,0,0,,0,0,0,,0,0,0,,0,0,0,,,,,,
35599200,elado,"Budapest X. kerület, Ligettelek",Ligettelek,64900000.0,64.9,64900.0,1442222.2222222222,17.988358181674318,14.181695691903998,0,45.0,45.0,1.0,5,0,1,0,1,0,1,0,0,0,5.0,47.493646,19.1300619,0,227.7,150-300 m,0,,,0,0,0,https://ingatlan.com/35599200,"Eladó tégla lakás - Budapest X. kerület, Ligettelek #35599200",1101,Budapest,Ligettelek,,újszerű,Tégla lakás,2021.0,0-10 év,0.0,1.0,0.0,1 szoba,45.0,1,1.0,,0,hőszivattyú,,0,0,1,0,nincs megadva,,,,nincs megadva,8970.0,,Ingatlaniroda,,1058.0,4.0,,,,,,,,,0,0,0,,0,0,0,,0,0,,0,0,0,,0,0,0,,,,,0,0,0,,0,0,0,,0,0,0,,0,0,0,,0,0,0,,,,,,
35599332,elado,"Budapest X. kerület, Kőbánya - Újhegyi lakótelep",Újhegy,54900000.0,54.9,54900.0,1098000.0,17.82102390647976,13.909000901051613,0,50.0,51.5,2.0,2,1,0,1,0,1,1,1,0,0,58.0,,,0,,,0,,,0,0,0,https://ingatlan.com/35599332,"Eladó panel lakás - Budapest X. kerület, Kőbánya - Újhegyi lakótelep #35599332",1108,Budapest,Kőbánya - Újhegyi lakótelep,,közepes állapotú,Panel lakás,1968.0,30-60 év (panel-korszak),3.0,2.0,0.0,2 szoba,25.0,7,7.0,10.0,0,nincs megadva,,0,0,0,0,B,,,,nincs megadva,16360.0,,Ingatlaniroda,,2487.0,4.0,,,,,,,,,0,0,0,,0,0,0,,0,0,,0,0,0,,0,0,0,,,,,0,0,0,,0,0,0,,0,0,0,,0,0,0,,0,0,0,,,,,,
35599510,elado,"Budapest X. kerület, Kőbánya - Óhegy",Óhegy,48800000.0,48.8,48800.0,1318918.9189189188,17.703240870823375,14.092322958179151,0,37.0,38.0,2.0,4,0,0,0,1,0,0,1,1,0,58.0,47.4820541,19.132346,0,297.2,150-300 m,0,,,0,0,0,https://ingatlan.com/35599510,"Eladó tégla lakás - Budapest X. kerület, Kőbánya - Óhegy #35599510",1103,Budapest,Kőbánya - Óhegy,,felújított,Tégla lakás,1968.0,30-60 év (panel-korszak),2.0,2.0,0.0,2 szoba,18.5,földszint,0.0,2.0,0,"gáz (konvektor), elektromos fűtőpanel",,0,1,0,0,F,,,,nem,20110.0,15000.0,Ingatlaniroda,,1375.0,4.0,,,,,,,,,0,0,0,,0,0,0,,0,0,,0,0,0,,0,0,0,,,,,0,0,0,,0,0,0,,0,0,0,,0,0,0,,0,0,0,,,,,,
35599546,elado,"Budapest X. kerület, Harmat utca",Újhegy,68900000.0,68.9,68900.0,1275925.9259259258,18.048166735983887,14.059182689419613,0,54.0,56.0,2.0,4,0,0,1,0,1,1,1,0,0,38.0,47.4702785,19.1650971,0,1026.1,1000-2000 m,0,,,0,0,0,https://ingatlan.com/35599546,"Eladó panel lakás - Budapest X. kerület, Harmat utca #35599546",1108,Budapest,Harmat utca,,felújított,Panel lakás,1988.0,30-60 év (panel-korszak),4.0,2.0,0.0,2 szoba,27.0,7,7.0,10.0,0,"távfűtés, hűtő-fűtő klíma",,1,0,0,0,nincs megadva,,,,nem,13300.0,20000.0,Ingatlaniroda,,1666.0,4.0,,,,,,,,,0,0,0,,0,0,0,,0,0,,0,0,0,,0,0,0,,,,,0,0,0,,0,0,0,,0,0,0,,0,0,0,,0,0,0,,,,,,
35599659,elado,"Budapest X. kerület, Kőbánya - Óhegy",Óhegy,62500000.0,62.5,62500.0,1008064.5161290322,17.95067711470663,13.823542729661538,0,62.0,62.5,3.0,2,1,0,1,0,0,0,1,0,0,38.0,47.4820541,19.132346,0,297.2,150-300 m,0,,,0,0,0,https://ingatlan.com/35599659,"Eladó panel lakás - Budapest X. kerület, Kőbánya - Óhegy #35599659",1103,Budapest,Kőbánya - Óhegy,,közepes állapotú,Panel lakás,1988.0,30-60 év (panel-korszak),1.0,3.0,0.0,3 szoba,20.666666666666668,3,3.0,4.0,0,távfűtés egyedi méréssel,,1,0,0,0,E,,,,nem,,20000.0,Ingatlaniroda,,3647.0,4.0,,,,,,,,,0,0,0,,0,0,0,,0,0,,0,0,0,,0,0,0,,,,,0,0,0,,0,0,0,,0,0,0,,0,0,0,,0,0,0,,,,,,
35599662,elado,"Budapest X. kerület, Kőbánya - Óhegy",Óhegy,62500000.0,62.5,62500.0,1008064.5161290322,17.95067711470663,13.823542729661538,0,62.0,62.5,3.0,2,1,0,1,0,0,0,1,0,0,38.0,47.4820541,19.132346,0,297.2,150-300 m,0,,,0,0,0,https://ingatlan.com/35599662,"Eladó panel lakás - Budapest X. kerület, Kőbánya - Óhegy #35599662",1103,Budapest,Kőbánya - Óhegy,,közepes állapotú,Panel lakás,1988.0,30-60 év (panel-korszak),1.0,3.0,0.0,3 szoba,20.666666666666668,3,3.0,4.0,0,távfűtés egyedi méréssel,,1,0,0,0,E,,,,nem,,20000.0,Ingatlaniroda,,3647.0,4.0,,,,,,,,,0,0,0,,0,0,0,,0,0,,0,0,0,,0,0,0,,,,,0,0,0,,0,0,0,,0,0,0,,0,0,0,,0,0,0,,,,,,
35599802,elado,"Budapest X. kerület, Kőbánya - Újhegyi lakótelep",Újhegy,74390000.0,74.39,74390.0,1093970.5882352942,18.124832082167526,13.905324376991418,0,68.0,69.5,3.0,3,0,0,1,0,0,0,1,0,0,58.0,,,0,,,0,,,0,0,0,https://ingatlan.com/35599802,"Eladó panel lakás - Budapest X. kerület, Kőbánya - Újhegyi lakótelep #35599802",1108,Budapest,Kőbánya - Újhegyi lakótelep,,jó állapotú,Panel lakás,1968.0,30-60 év (panel-korszak),3.0,3.0,0.0,3 szoba,22.666666666666668,2,2.0,10.0,0,távfűtés,,1,0,0,0,A+,,,,nem,,,Ingatlaniroda,,1830.0,4.0,,,,,,,,,0,0,0,,0,0,0,,0,0,,0,0,0,,0,0,0,,,,,0,0,0,,0,0,0,,0,0,0,,0,0,0,,0,0,0,,,,,,
35599855,elado,"Budapest X. kerület, Mádi utca",Óhegy,61900000.0,61.9,61900.0,1375555.5555555555,17.941030737654824,14.134368247884504,0,45.0,46.5,2.0,3,0,0,0,1,1,0,1,0,0,21.0,47.4822198,19.1509243,0,820.1,500-1000 m,0,,,0,0,0,https://ingatlan.com/35599855,"Eladó tégla lakás - Budapest X. kerület, Mádi utca #35599855",1105,Budapest,Mádi utca,,jó állapotú,Tégla lakás,2005.0,10-30 év (rendszerváltás utáni),3.0,2.0,0.0,2 szoba,22.5,4,4.0,5.0,0,házközponti,,0,0,0,0,nincs megadva,,,,nincs megadva,32000.0,,Ingatlaniroda,,2079.0,4.0,,,,,,,,,0,0,0,,0,0,0,,0,0,,0,0,0,,0,0,0,,,,,0,0,0,,0,0,0,,0,0,0,,0,0,0,,0,0,0,,,,,,
35599868,elado,"Budapest X. kerület, Gyárdűlő",Gyárdűlő,141900000.0,141.9,141900.0,1998591.5492957747,18.770633142130272,14.507953265088956,0,71.0,76.595,3.0,5,0,1,0,1,1,1,1,0,1,3.0,47.4754656,19.1221648,0,155.8,150-300 m,0,,,0,0,0,https://ingatlan.com/35599868,"Eladó tégla lakás - Budapest X. kerület, Gyárdűlő #35599868",1107,Budapest,Gyárdűlő,,újszerű,Tégla lakás,2023.0,0-10 év,11.19,3.0,0.0,3 szoba,23.666666666666668,7,7.0,7.0,0,házközponti egyedi méréssel,,0,0,0,0,nincs megadva,,,,nincs megadva,,,Ingatlaniroda,,1092.0,4.0,,,,,,,,,0,0,0,,0,0,0,,0,0,,0,0,0,,0,0,0,,,,,0,0,0,,0,0,0,,0,0,0,,0,0,0,,0,0,0,,,,,,
35599899,elado,"Budapest X. kerület, Sörgyár utca",Óhegy,48900000.0,48.9,48900.0,1481818.1818181819,17.7052879544451,14.20878039297862,0,33.0,34.0,1.0,3,0,0,0,1,0,1,1,1,0,,47.4765022,19.1629614,0,415.1,300-500 m,0,,,0,0,0,https://ingatlan.com/35599899,"Eladó tégla lakás - Budapest X. kerület, Sörgyár utca #35599899",1104,Budapest,Sörgyár utca,,jó állapotú,Tégla lakás,,Ismeretlen,2.0,1.0,0.0,1 szoba,33.0,földszint,0.0,3.0,0,gázkazán,,0,1,0,0,nincs megadva,,,,nincs megadva,11800.0,,Ingatlaniroda,,1771.0,4.0,,,,,,,,,0,0,0,,0,0,0,,0,0,,0,0,0,,0,0,0,,,,,0,0,0,,0,0,0,,0,0,0,,0,0,0,,0,0,0,,,,,,
35600225,elado,"Budapest X. kerület, Rottenbiller park",Kőbánya-Városközpont,69900000.0,69.9,69900.0,1226315.7894736843,18.06257620720404,14.01952493936949,0,57.0,59.0,3.0,4,0,0,0,1,1,1,1,0,0,38.0,,,0,,,0,,,0,0,0,https://ingatlan.com/35600225,"Eladó tégla lakás - Budapest X. kerület, Rottenbiller park #35600225",1105,Budapest,Rottenbiller park,,felújított,Tégla lakás,1988.0,30-60 év (panel-korszak),4.0,3.0,0.0,3 szoba,19.0,7,7.0,8.0,0,távfűtés egyedi méréssel,,1,0,0,0,E,,,,nincs megadva,15000.0,,Ingatlaniroda,,2499.0,4.0,,,,,,,,,0,0,0,,0,0,0,,0,0,,0,0,0,,0,0,0,,,,,0,0,0,,0,0,0,,0,0,0,,0,0,0,,0,0,0,,,,,,
35600325,elado,"Budapest X. kerület, Dombtető utca 9.",Újhegy,62900000.0,62.9,62900.0,925000.0,17.957056721670668,13.737549016494562,0,68.0,70.0,3.0,1,1,0,1,0,1,1,1,0,0,58.0,,,0,,,0,,,0,0,0,https://ingatlan.com/35600325,"Eladó panel lakás - Budapest X. kerület, Dombtető utca #35600325",1108,Budapest,Dombtető utca,9,felújítandó,Panel lakás,1968.0,30-60 év (panel-korszak),4.0,3.0,0.0,3 szoba,22.666666666666668,9,9.0,10.0,0,"távfűtés, hűtő-fűtő klíma",,1,0,0,0,B,,,,nem,18700.0,,Ingatlaniroda,,3610.0,4.0,,,,,,,,,0,0,0,,0,0,0,,0,0,,0,0,0,,0,0,0,,,,,0,0,0,,0,0,0,,0,0,0,,0,0,0,,0,0,0,,,,,,
35600549,elado,"Budapest X. kerület, Ihász köz",Óhegy,69200000.0,69.2,69200.0,1412244.8979591837,18.052511420587898,14.160691122477271,0,49.0,49.0,2.0,4,0,0,1,0,1,0,0,0,0,38.0,47.4860782,19.1435952,0,671.5,500-1000 m,0,,,0,0,0,https://ingatlan.com/35600549,"Eladó panel lakás - Budapest X. kerület, Ihász köz #35600549",1105,Budapest,Ihász köz,,felújított,Panel lakás,1988.0,30-60 év (panel-korszak),0.0,2.0,0.0,2 szoba,24.5,3,3.0,10.0,0,távfűtés egyedi méréssel,,1,0,0,0,C,,,,nem,,,Ingatlaniroda,,1841.0,4.0,,,,,,,,,0,0,0,,0,0,0,,0,0,,0,0,0,,0,0,0,,,,,0,0,0,,0,0,0,,0,0,0,,0,0,0,,0,0,0,,,,,,
35600692,elado,"Budapest X. kerület, Endre utca",Ligettelek,65000000.0,65.0,65000.0,1031746.0317460317,17.98989782785991,13.846763101468378,0,63.0,63.0,3.0,3,0,0,0,1,0,1,0,0,0,96.0,47.4888107,19.1264458,0,134.2,<150 m,1,,,0,0,0,https://ingatlan.com/35600692,"Eladó tégla lakás - Budapest X. kerület, Endre utca #35600692",1102,Budapest,Endre utca,,jó állapotú,Tégla lakás,1930.0,60+ év (háború előtti),0.0,3.0,0.0,3 szoba,21.0,1,1.0,4.0,0,nincs megadva,,0,0,0,0,nincs megadva,,,,nincs megadva,19790.0,,Ingatlaniroda,,1943.0,4.0,,,,,,,,,0,0,0,,0,0,0,,0,0,,0,0,0,,0,0,0,,,,,0,0,0,,0,0,0,,0,0,0,,0,0,0,,0,0,0,,,,,,
35600789,elado,"Budapest X. kerület, Kőbánya - Újhegyi lakótelep",Újhegy,54900000.0,54.9,54900.0,1098000.0,17.82102390647976,13.909000901051613,0,50.0,51.5,2.0,1,1,0,1,0,1,0,1,0,0,58.0,,,0,,,0,,,0,0,0,https://ingatlan.com/35600789,"Eladó panel lakás - Budapest X. kerület, Kőbánya - Újhegyi lakótelep #35600789",1108,Budapest,Kőbánya - Újhegyi lakótelep,,felújítandó,Panel lakás,1968.0,30-60 év (panel-korszak),3.0,2.0,0.0,2 szoba,25.0,7,7.0,10.0,0,távfűtés egyedi méréssel,,1,0,0,0,nincs megadva,,,,nincs megadva,,,Ingatlaniroda,,1573.0,4.0,,,,,,,,,0,0,0,,0,0,0,,0,0,,0,0,0,,0,0,0,,,,,0,0,0,,0,0,0,,0,0,0,,0,0,0,,0,0,0,,,,,,
35600810,elado,"Budapest X. kerület, Ihász köz",Óhegy,69200000.0,69.2,69200.0,1412244.8979591837,18.052511420587898,14.160691122477271,0,49.0,52.0,2.0,4,0,0,1,0,1,1,1,0,0,38.0,47.4860782,19.1435952,0,671.5,500-1000 m,0,,,0,0,0,https://ingatlan.com/35600810,"Eladó panel lakás - Budapest X. kerület, Ihász köz #35600810",1105,Budapest,Ihász köz,,felújított,Panel lakás,1988.0,30-60 év (panel-korszak),6.0,2.0,0.0,2 szoba,24.5,2,2.0,10.0,0,"távfűtés egyedi méréssel, hűtő-fűtő klíma",,1,0,0,0,C,,,,nem,11000.0,27000.0,Ingatlaniroda,,1550.0,4.0,,,,,,,,,0,0,0,,0,0,0,,0,0,,0,0,0,,0,0,0,,,,,0,0,0,,0,0,0,,0,0,0,,0,0,0,,0,0,0,,,,,,
35600905,elado,"Budapest X. kerület, Kőbánya-Városközpont",Kőbánya-Városközpont,99900000.0,99.9,99900.0,1097802.197802198,18.41968024361878,13.908820737101932,0,91.0,104.0,3.0,4,0,0,0,1,0,1,1,0,1,58.0,47.482503,19.1307351,0,213.3,150-300 m,0,,,0,0,0,https://ingatlan.com/35600905,"Eladó tégla lakás - Budapest X. kerület, Kőbánya-Városközpont #35600905",1105,Budapest,Kőbánya-Városközpont,,felújított,Tégla lakás,1968.0,30-60 év (panel-korszak),26.0,3.0,0.0,3 szoba,30.333333333333332,4,4.0,4.0,0,gázkazán,,0,1,0,0,nincs megadva,,,,nincs megadva,,32000.0,Ingatlaniroda,,1187.0,4.0,,,,,,,,,0,0,0,,0,0,0,,0,0,,0,0,0,,0,0,0,,,,,0,0,0,,0,0,0,,0,0,0,,0,0,0,,0,0,0,,,,,,
35601091,elado,"Budapest X. kerület, Kőbánya - Újhegyi lakótelep",Újhegy,54900000.0,54.9,54900.0,1098000.0,17.82102390647976,13.909000901051613,0,50.0,51.5,2.0,1,1,0,1,0,1,0,1,0,0,58.0,,,0,,,0,,,0,0,0,https://ingatlan.com/35601091,"Eladó panel lakás - Budapest X. kerület, Kőbánya - Újhegyi lakótelep #35601091",1108,Budapest,Kőbánya - Újhegyi lakótelep,,felújítandó,Panel lakás,1968.0,30-60 év (panel-korszak),3.0,2.0,0.0,2 szoba,25.0,7,7.0,,0,távfűtés egyedi méréssel,,1,0,0,0,nincs megadva,,,,nincs megadva,,,Ingatlaniroda,,1670.0,4.0,,,,,,,,,0,0,0,,0,0,0,,0,0,,0,0,0,,0,0,0,,,,,0,0,0,,0,0,0,,0,0,0,,0,0,0,,0,0,0,,,,,,
35601160,elado,"Budapest X. kerület, Laposdűlő",Laposdűlő,64900000.0,64.9,64900.0,1324489.7959183673,17.988358181674318,14.096537883563691,0,49.0,49.0,2.0,1,1,0,0,1,0,0,0,0,0,58.0,47.4927492,19.1144828,0,359.2,300-500 m,0,,,0,0,0,https://ingatlan.com/35601160,"Eladó tégla lakás - Budapest X. kerület, Laposdűlő #35601160",1101,Budapest,Laposdűlő,,felújítandó,Tégla lakás,1968.0,30-60 év (panel-korszak),0.0,2.0,0.0,2 szoba,24.5,félemelet,0.5,4.0,0,cserépkályha,,0,0,0,0,nincs megadva,,,,igen,,,Ingatlaniroda,,1303.0,4.0,,,,,,,,,0,0,0,,0,0,0,,0,0,,0,0,0,,0,0,0,,,,,0,0,0,,0,0,0,,0,0,0,,0,0,0,,0,0,0,,,,,,
35601223,elado,"Budapest X. kerület, Gépmadár utca",Felsőrákos,65900000.0,65.9,65900.0,1243396.2264150945,18.003648999472734,14.033357085920613,0,53.0,53.0,2.0,3,0,0,1,0,1,1,0,1,0,38.0,47.5028746,19.1467979,0,182.6,150-300 m,0,,,0,0,0,https://ingatlan.com/35601223,"Eladó panel lakás - Budapest X. kerület, Gépmadár utca #35601223",1106,Budapest,Gépmadár utca,,jó állapotú,Panel lakás,1988.0,30-60 év (panel-korszak),0.0,2.0,0.0,2 szoba,26.5,földszint,0.0,,0,házközponti egyedi méréssel,,0,0,0,0,nincs megadva,,,,nincs megadva,15000.0,,Ingatlaniroda,,2083.0,4.0,,,,,,,,,0,0,0,,0,0,0,,0,0,,0,0,0,,0,0,0,,,,,0,0,0,,0,0,0,,0,0,0,,0,0,0,,0,0,0,,,,,,
35601496,elado,"Budapest X. kerület, Szállás utca 48.",Gyárdűlő,48490000.0,48.49,48490.0,1077555.5555555555,17.696868149081535,13.890205659311215,0,45.0,45.0,2.0,2,1,0,0,1,0,0,0,0,0,,,,0,,,0,,,0,0,0,https://ingatlan.com/35601496,"Eladó tégla lakás - Budapest X. kerület, Szállás utca #35601496",1107,Budapest,Szállás utca,48,közepes állapotú,Tégla lakás,,Ismeretlen,0.0,2.0,0.0,2 szoba,22.5,2,2.0,3.0,0,gáz (konvektor),,0,1,0,0,nincs megadva,,,,nincs megadva,,,Ingatlaniroda,,580.0,4.0,,,,,,,,,0,0,0,,0,0,0,,0,0,,0,0,0,,0,0,0,,,,,0,0,0,,0,0,0,,0,0,0,,0,0,0,,0,0,0,,,,,,
35601601,elado,"Budapest X. kerület, Ligettelek",Ligettelek,64900000.0,64.9,64900.0,1442222.2222222222,17.988358181674318,14.181695691903998,0,45.0,45.0,1.0,5,0,1,0,1,0,1,0,0,0,5.0,47.493646,19.1300619,0,227.7,150-300 m,0,,,0,0,0,https://ingatlan.com/35601601,"Eladó tégla lakás - Budapest X. kerület, Ligettelek #35601601",1101,Budapest,Ligettelek,,újszerű,Tégla lakás,2021.0,0-10 év,0.0,1.0,0.0,1 szoba,45.0,1,1.0,,0,hőszivattyú,,0,0,1,0,nincs megadva,,,,nincs megadva,8970.0,,Ingatlaniroda,,1161.0,4.0,,,,,,,,,0,0,0,,0,0,0,,0,0,,0,0,0,,0,0,0,,,,,0,0,0,,0,0,0,,0,0,0,,0,0,0,,0,0,0,,,,,,
35601635,elado,"Budapest X. kerület, Ligettelek",Ligettelek,56900000.0,56.9,56900.0,1053703.7037037036,17.85680589909656,13.867821852532284,0,54.0,54.0,2.0,2,1,0,0,1,0,0,0,0,0,58.0,47.493646,19.1300619,0,227.7,150-300 m,0,,,0,0,0,https://ingatlan.com/35601635,"Eladó tégla lakás - Budapest X. kerület, Ligettelek #35601635",1101,Budapest,Ligettelek,,közepes állapotú,Tégla lakás,1968.0,30-60 év (panel-korszak),0.0,2.0,0.0,2 szoba,27.0,3,3.0,,0,távfűtés,,1,0,0,0,nincs megadva,,,,nincs megadva,19180.0,,Ingatlaniroda,,2931.0,4.0,,,,,,,,,0,0,0,,0,0,0,,0,0,,0,0,0,,0,0,0,,,,,0,0,0,,0,0,0,,0,0,0,,0,0,0,,0,0,0,,,,,,
35601642,elado,"Budapest X. kerület, Tavas utca 11.",Újhegy,69900000.0,69.9,69900.0,1588636.3636363635,18.06257620720404,14.278386573285777,0,44.0,51.5,2.0,3,0,0,0,1,1,1,1,1,0,0.0,47.469764,19.166789,1,1016.9,1000-2000 m,0,1833.7,24.4,0,0,0,https://ingatlan.com/35601642,"Eladó tégla lakás - Budapest X. kerület, Tavas utca 11. #35601642",1108,Budapest,Tavas utca,11,nincs megadva,Tégla lakás,2026.0,Új építésű (2025+),15.0,2.0,0.0,2 szoba,22.0,földszint,0.0,5.0,0,"hőszivattyú, padlófűtés, fan-coil",,0,0,1,0,A+,,,,igen,,,Ingatlaniroda,,2489.0,4.0,,,,,,,,1839.6,0,0,0,728.5,0,1,1,155.3,1,1,728.5,0,1,1,411.5,0,1,1,9.0,29.0,51.0,,0,0,0,,0,0,0,353.1,1,1,1,430.3,0,1,1,1378.0,0,0,0,Kőbánya-Kispest,,Sírkert út,Tavas utca,Újhegy park,villamos
35601832,elado,"Budapest X. kerület, Harmat utca",Óhegy,49000000.0,49.0,49000.0,1195121.9512195121,17.7073308560749,13.993758789370593,0,41.0,41.0,1.0,4,0,0,0,1,0,0,0,1,0,58.0,47.4702785,19.1650971,0,1026.1,1000-2000 m,0,,,0,0,0,https://ingatlan.com/35601832,"Eladó tégla lakás - Budapest X. kerület, Harmat utca #35601832",1104,Budapest,Harmat utca,,felújított,Tégla lakás,1968.0,30-60 év (panel-korszak),0.0,1.0,0.0,1 szoba,41.0,földszint,0.0,4.0,0,gáz (konvektor),,0,1,0,0,nincs megadva,,,,nincs megadva,12500.0,,Ingatlaniroda,,124.0,2.0,,,,,,,,,0,0,0,,0,0,0,,0,0,,0,0,0,,0,0,0,,,,,0,0,0,,0,0,0,,0,0,0,,0,0,0,,0,0,0,,,,,,
35601902,elado,"Budapest X. kerület, Gőzmozdony utca",Újhegy,55490000.0,55.49,55490.0,1008909.0909090909,17.831713382302084,13.824380197069614,0,55.0,56.5,2.0,1,1,0,1,0,1,0,1,0,0,,47.4693516,19.1581878,0,747.5,500-1000 m,0,,,0,0,0,https://ingatlan.com/35601902,"Eladó panel lakás - Budapest X. kerület, Gőzmozdony utca #35601902",1108,Budapest,Gőzmozdony utca,,felújítandó,Panel lakás,,Ismeretlen,3.0,2.0,0.0,2 szoba,27.5,6,6.0,10.0,0,távfűtés,,1,0,0,0,nincs megadva,,,,nincs megadva,,,Ingatlaniroda,,989.0,4.0,,,,,,,,,0,0,0,,0,0,0,,0,0,,0,0,0,,0,0,0,,,,,0,0,0,,0,0,0,,0,0,0,,0,0,0,,0,0,0,,,,,,
35601992,elado,"Budapest X. kerület, Lenfonó utca",Újhegy,54900000.0,54.9,54900.0,1098000.0,17.82102390647976,13.909000901051613,0,50.0,51.5,2.0,2,1,0,1,0,1,1,1,0,0,58.0,47.4712382,19.1593693,0,973.9,500-1000 m,0,,,0,0,0,https://ingatlan.com/35601992,"Eladó panel lakás - Budapest X. kerület, Lenfonó utca #35601992",1108,Budapest,Lenfonó utca,,közepes állapotú,Panel lakás,1968.0,30-60 év (panel-korszak),3.0,2.0,0.0,2 szoba,25.0,7,7.0,10.0,0,távfűtés,,1,0,0,0,B,,,,nem,16660.0,30000.0,Ingatlaniroda,,1393.0,4.0,,,,,,,,,0,0,0,,0,0,0,,0,0,,0,0,0,,0,0,0,,,,,0,0,0,,0,0,0,,0,0,0,,0,0,0,,0,0,0,,,,,,
35602142,elado,"Budapest X. kerület, Harmat utca 176.",Újhegy,68900000.0,68.9,68900.0,1275925.9259259258,18.048166735983887,14.059182689419613,0,54.0,56.0,2.0,4,0,0,1,0,1,1,1,0,0,38.0,47.472795,19.1623,1,826.8,500-1000 m,0,1617.3,21.6,0,0,0,https://ingatlan.com/35602142,"Eladó panel lakás - Budapest X. kerület, Harmat utca 176. #35602142",1108,Budapest,Harmat utca,176,felújított,Panel lakás,1988.0,30-60 év (panel-korszak),4.0,2.0,0.0,2 szoba,27.0,7,7.0,10.0,0,"távfűtés, hűtő-fűtő klíma",,1,0,0,0,nincs megadva,,,,nem,13300.0,20000.0,Ingatlaniroda,,1254.0,4.0,,,,,,,,1623.2,0,0,0,704.5,0,1,1,30.6,1,1,704.5,0,1,1,808.1,0,0,1,9.0,29.0,62.0,,0,0,0,,0,0,0,284.9,1,1,1,401.0,0,1,1,923.3,0,0,1,Kőbánya-Kispest,,Venyige utca,Sibrik Miklós út,Gőzmozdony park,villamos
