listing_id,listing_type,cim_teljes,varosresz,price_huf,ar_millio_ft,ar_ezer_ft_ho,nm_ar_huf,log_ar,log_nm_ar,is_ar_outlier,alapterulet_nm,korrigalt_alapterulet_nm,szobaszam_osszes,allapot_kod,is_felujitando,is_ujszeru_vagy_uj,is_panel,is_tegla,has_lift,has_klima,has_erkely,is_foldszint,is_zaroszint,epulet_kora_ev,geokodolt_lat,geokodolt_lon,minta_garantalt_pontos,tavolsag_vasut_m,vasut_zona,is_vasut_immisszio_150m,tavolsag_vasut_halozati_m,menetido_vasut_gyalog_perc,vasut_5p_seta,vasut_10p_seta,vasut_15p_seta,url,title,postal_code,varos,utca,hazszam_vegleges,allapot,ingatlan_altipus,epites_eve,epites_eve_kategoria,erkely_nm,szobaszam_egesz,szobaszam_fel,szobaszam_kategoria,atlagos_szobameret_nm,emelet,emelet_szam,epulet_szintjei_szam,is_magas_emelet_lift_nelkul,futes,futes_kategoria,has_tavfutes,has_konvektor,has_megujulo,has_garazs_vagy_beallo,energetikai_tanusitvany,butorozott,koltozheto,min_berleti_ido,kertkapcsolatos,kozos_koltseg_huf,rezsikoltseg_huf,hirdeto_tipus,iroda_neve,leiras_hossz,fenykepek_szama,geokodolas_modszere,geokodolas_pontossag,price_eur,nm_ar_eur,kozos_koltseg_eur,rezsikoltseg_eur,kaucio_eur,tavolsag_metro_halozati_m,metro_5p_seta,metro_10p_seta,metro_15p_seta,tavolsag_villamos_halozati_m,villamos_5p_seta,villamos_10p_seta,villamos_15p_seta,tavolsag_busz_halozati_m,busz_5p_seta,busz_10p_seta,tavolsag_kotottpalya_halozati_m,kotottpalya_5p_seta,kotottpalya_10p_seta,kotottpalya_15p_seta,tavolsag_park_halozati_m,park_5p_seta,park_10p_seta,park_15p_seta,poi_5p_count,poi_10p_count,poi_15p_count,tavolsag_iskola_halozati_m,iskola_5p_seta,iskola_10p_seta,iskola_15p_seta,tavolsag_ovoda_halozati_m,ovoda_5p_seta,ovoda_10p_seta,ovoda_15p_seta,tavolsag_bolt_halozati_m,bolt_5p_seta,bolt_10p_seta,bolt_15p_seta,tavolsag_gyogyszertar_halozati_m,gyogyszertar_5p_seta,gyogyszertar_10p_seta,gyogyszertar_15p_seta,tavolsag_orvos_halozati_m,orvos_5p_seta,orvos_10p_seta,orvos_15p_seta,legkozelebbi_vasut,legkozelebbi_metro,legkozelebbi_villamos,legkozelebbi_busz,legkozelebbi_park,legkozelebbi_kotottpalya_tipus
20402022,kiado,"Budapest X. kerület, Kőrösi Csoma sétány",Kőbánya-Városközpont,210000.0,0.21,210.0,5526.315789473684,12.254862809699606,8.61727664997322,0,38.0,39.5,1.0,3,0,0,0,1,0,0,1,0,0,,47.4850651,19.1310368,0,363.1,300-500 m,0,,,0,0,0,https://ingatlan.com/20402022,"Kiadó tégla lakás - Budapest X. kerület, Kőrösi Csoma sétány #20402022",1102,Budapest,Kőrösi Csoma sétány,,jó állapotú,Tégla lakás,,Ismeretlen,3.0,1.0,0.0,1 szoba,38.0,3,3.0,4.0,0,távfűtés,,1,0,0,0,nincs megadva,nincs megadva,azonnal,nincs megadva,nincs megadva,,,Ingatlaniroda,,1323.0,2.0,,,,,,,,,0,0,0,,0,0,0,,0,0,,0,0,0,,0,0,0,,,,,0,0,0,,0,0,0,,0,0,0,,0,0,0,,0,0,0,,,,,,
26173335,kiado,"Budapest X. kerület, Kelemen utca",Óhegy,290000.0,0.29,290.0,4531.25,12.577636201962656,8.418753118602984,0,64.0,66.0,3.0,4,0,0,0,1,0,1,1,0,0,21.0,47.4771115,19.1336161,0,125.3,<150 m,1,,,0,0,0,https://ingatlan.com/26173335,"Kiadó tégla lakás - Budapest X. kerület, Kelemen utca #26173335",1103,Budapest,Kelemen utca,,felújított,Tégla lakás,2005.0,10-30 év (rendszerváltás utáni),4.0,3.0,0.0,3 szoba,21.333333333333332,3,3.0,4.0,0,házközponti egyedi méréssel,,0,0,0,0,nincs megadva,igen,azonnal,12 hónap,nem,,25000.0,Ingatlaniroda,,1676.0,4.0,,,,,,,,,0,0,0,,0,0,0,,0,0,,0,0,0,,0,0,0,,,,,0,0,0,,0,0,0,,0,0,0,,0,0,0,,0,0,0,,,,,,
26294350,kiado,"Budapest X. kerület, Maláta köz",Óhegy,310000.0,0.31,310.0,4626.865671641791,12.644327576461329,8.439634957070362,0,67.0,71.5,3.0,3,0,0,0,1,1,1,1,0,0,21.0,47.4904587,19.139691,0,195.8,150-300 m,0,,,0,0,0,https://ingatlan.com/26294350,"Kiadó tégla lakás - Budapest X. kerület, Maláta köz #26294350",1105,Budapest,Maláta köz,,jó állapotú,Tégla lakás,2005.0,10-30 év (rendszerváltás utáni),9.0,3.0,0.0,3 szoba,22.333333333333332,4,4.0,5.0,0,házközponti egyedi méréssel,,0,0,0,0,nincs megadva,igen,2026. november,12 hónap,nem,40973.0,10000.0,Ingatlaniroda,,5069.0,4.0,,,,,,,,,0,0,0,,0,0,0,,0,0,,0,0,0,,0,0,0,,,,,0,0,0,,0,0,0,,0,0,0,,0,0,0,,0,0,0,,,,,,
31708398,kiado,"Budapest X. kerület, Kőbányai út 45/A.",Gyárdűlő,250000.0,0.25,250.0,4464.285714285715,12.429216196844383,8.403864506109235,0,56.0,60.0,2.0,3,0,0,0,1,1,1,1,1,0,21.0,47.483681,19.114939,1,295.0,150-300 m,0,1034.6,13.8,0,0,1,https://ingatlan.com/31708398,"Kiadó tégla lakás - Budapest X. kerület, Kőbányai út 45/A. #31708398",1101,Budapest,Kőbányai út,45/A,jó állapotú,Tégla lakás,2005.0,10-30 év (rendszerváltás utáni),8.0,2.0,0.0,2 szoba,28.0,földszint,0.0,4.0,0,házközponti egyedi méréssel,,0,0,0,0,nincs megadva,részben,azonnal,12 hónap,nem,27.0,,Ingatlaniroda,,829.0,2.0,,,,,,,,1877.6,0,0,0,255.8,1,1,1,279.0,1,1,255.8,1,1,1,521.3,0,1,1,4.0,18.0,52.0,717.4,0,1,1,1532.4,0,0,0,431.2,0,1,1,436.2,0,1,1,,0,0,0,Kőbánya alsó,,Kismartoni út,Kismartoni út,Játszótér,villamos
32116968,kiado,"Budapest X. kerület, Üllői út",Gyárdűlő,170000.0,0.17,170.0,6296.2962962962965,12.043553716032399,8.74771685002807,0,27.0,27.0,1.0,3,0,0,0,1,1,1,0,0,0,58.0,47.4789502,19.0894289,0,1067.5,1000-2000 m,0,,,0,0,0,https://ingatlan.com/32116968,"Kiadó tégla lakás - Budapest X. kerület, Üllői út #32116968",1101,Budapest,Üllői út,,jó állapotú,Tégla lakás,1968.0,30-60 év (panel-korszak),0.0,1.0,0.0,1 szoba,27.0,5,5.0,6.0,0,távfűtés,,1,0,0,0,B,igen,azonnal,12 hónap,nem,12000.0,8000.0,Ingatlaniroda,,1086.0,2.0,,,,,,,,,0,0,0,,0,0,0,,0,0,,0,0,0,,0,0,0,,,,,0,0,0,,0,0,0,,0,0,0,,0,0,0,,0,0,0,,,,,,
32378333,kiado,"Budapest X. kerület, Kismartoni út",Óhegy,320000.0,0.32,320.0,4848.484848484848,12.676076274775909,8.486421532749484,0,66.0,76.5,3.0,5,0,1,0,1,1,1,1,0,0,15.0,47.4826617,19.1159951,0,203.4,150-300 m,0,,,0,0,0,https://ingatlan.com/32378333,"Kiadó tégla lakás - Budapest X. kerület, Kismartoni út #32378333",1101,Budapest,Kismartoni út,,újszerű,Tégla lakás,2011.0,10-30 év (rendszerváltás utáni),21.0,3.0,0.0,3 szoba,22.0,3,3.0,,0,házközponti egyedi méréssel,,0,0,0,0,nincs megadva,részben,azonnal,12 hónap,nincs megadva,,,Ingatlaniroda,,686.0,4.0,,,,,,,,,0,0,0,,0,0,0,,0,0,,0,0,0,,0,0,0,,,,,0,0,0,,0,0,0,,0,0,0,,0,0,0,,0,0,0,,,,,,
32424376,kiado,"Budapest X. kerület, Liget utca",Ligettelek,250000.0,0.25,250.0,5952.380952380952,12.429216196844383,8.691546578561015,0,42.0,46.5,2.0,5,0,1,0,1,1,0,1,1,0,13.0,47.4890878,19.1331022,0,246.8,150-300 m,0,,,0,0,0,https://ingatlan.com/32424376,"Kiadó tégla lakás - Budapest X. kerület, Liget utca #32424376",1102,Budapest,Liget utca,,újszerű,Tégla lakás,2013.0,10-30 év (rendszerváltás utáni),9.0,2.0,0.0,2 szoba,21.0,földszint,0.0,3.0,0,"házközponti egyedi méréssel, házközponti",,0,0,0,0,nincs megadva,részben,azonnal,12 hónap,igen,15000.0,20000.0,Ingatlaniroda,,476.0,2.0,,,,,,,,,0,0,0,,0,0,0,,0,0,,0,0,0,,0,0,0,,,,,0,0,0,,0,0,0,,0,0,0,,0,0,0,,0,0,0,,,,,,
32987997,kiado,"Budapest X. kerület, Sörgyár utca 62.",Óhegy,260000.0,0.26,260.0,4193.548387096775,12.468436909997665,8.341302524952573,0,62.0,63.5,3.0,4,0,0,0,1,1,1,1,0,0,58.0,,,0,,,0,,,0,0,0,https://ingatlan.com/32987997,"Kiadó tégla lakás - Budapest X. kerület, Sörgyár utca #32987997",1104,Budapest,Sörgyár utca,62,felújított,Tégla lakás,1968.0,30-60 év (panel-korszak),3.0,3.0,0.0,3 szoba,20.666666666666668,6,6.0,8.0,0,gáz (konvektor),,0,1,0,0,nincs megadva,részben,azonnal,12 hónap,nem,11600.0,15000.0,Ingatlaniroda,,470.0,4.0,,,,,,,,,0,0,0,,0,0,0,,0,0,,0,0,0,,0,0,0,,,,,0,0,0,,0,0,0,,0,0,0,,0,0,0,,0,0,0,,,,,,
33215232,kiado,"Budapest X. kerület, Üllői köz 120-122.",Gyárdűlő,190000.0,0.19,190.0,4750.0,12.154779351142624,8.465899897028686,0,40.0,40.0,2.0,3,0,0,0,1,0,1,0,0,1,38.0,47.470125,19.114193,1,482.0,300-500 m,0,2053.4,27.4,0,0,0,https://ingatlan.com/33215232,"Kiadó tégla lakás - Budapest X. kerület, Üllői köz 120-122. #33215232",1101,Budapest,Üllői köz,120-122,jó állapotú,Tégla lakás,1988.0,30-60 év (panel-korszak),0.0,2.0,0.0,2 szoba,20.0,3,3.0,3.0,0,"gázkazán, hűtő-fűtő klíma",,0,1,0,0,nincs megadva,igen,azonnal,12 hónap,nem,12510.0,14000.0,Ingatlaniroda,,1689.0,4.0,,,,,,,,221.6,1,1,1,431.8,0,1,1,247.6,1,1,221.6,1,1,1,167.2,1,1,1,23.0,62.0,90.0,697.1,0,1,1,617.8,0,1,1,171.4,1,1,1,599.7,0,1,1,636.4,0,1,1,Kőbánya alsó,,Ecseri út M,Ecseri út M,Névtelen zöldfelület / park,metro
33328482,kiado,"Budapest X. kerület, Kőbányai út",Gyárdűlő,400000.0,0.4,400.0,5000.0,12.89921982609012,8.517193191416238,0,80.0,120.0,3.0,5,0,1,0,1,1,1,1,0,1,21.0,47.4839965,19.1169429,0,148.4,<150 m,1,,,0,0,0,https://ingatlan.com/33328482,"Kiadó tégla lakás - Budapest X. kerület, Kőbányai út #33328482",1101,Budapest,Kőbányai út,,újszerű,Tégla lakás,2005.0,10-30 év (rendszerváltás utáni),80.0,3.0,0.0,3 szoba,26.666666666666668,5,5.0,5.0,0,házközponti egyedi méréssel,,0,0,0,0,A+,nem,azonnal,12 hónap,nincs megadva,23000.0,20000.0,Ingatlaniroda,,1791.0,4.0,,,,,,,,,0,0,0,,0,0,0,,0,0,,0,0,0,,0,0,0,,,,,0,0,0,,0,0,0,,0,0,0,,0,0,0,,0,0,0,,,,,,
33612266,kiado,"Budapest X. kerület, Hungária körút",Laposdűlő,280000.0,0.28,280.0,4666.666666666667,12.542544882151386,8.448200319929287,0,60.0,61.0,3.0,4,0,0,0,1,0,1,1,0,1,58.0,47.5120385,19.0980307,0,121.4,<150 m,1,,,0,0,0,https://ingatlan.com/33612266,"Kiadó tégla lakás - Budapest X. kerület, Hungária körút #33612266",1101,Budapest,Hungária körút,,felújított,Tégla lakás,1968.0,30-60 év (panel-korszak),2.0,3.0,0.0,3 szoba,20.0,3,3.0,3.0,0,"gáz (konvektor), hűtő-fűtő klíma",,0,1,0,0,E,nem,azonnal,12 hónap,nem,22000.0,15000.0,Ingatlaniroda,,1130.0,4.0,,,,,,,,,0,0,0,,0,0,0,,0,0,,0,0,0,,0,0,0,,,,,0,0,0,,0,0,0,,0,0,0,,0,0,0,,0,0,0,,,,,,
33639033,kiado,"Budapest X. kerület, Kőrösi Csoma sétány",Kőbánya-Városközpont,180000.0,0.18,180.0,4736.8421052631575,12.100712129872347,8.463125970145962,0,38.0,39.5,1.0,3,0,0,0,1,0,0,1,0,0,,47.4850651,19.1310368,0,363.1,300-500 m,0,,,0,0,0,https://ingatlan.com/33639033,"Kiadó tégla lakás - Budapest X. kerület, Kőrösi Csoma sétány #33639033",1102,Budapest,Kőrösi Csoma sétány,,jó állapotú,Tégla lakás,,Ismeretlen,3.0,1.0,0.0,1 szoba,38.0,3,3.0,4.0,0,távfűtés,,1,0,0,0,nincs megadva,nincs megadva,azonnal,12 hónap,nincs megadva,5.0,,Ingatlaniroda,,1168.0,4.0,,,,,,,,,0,0,0,,0,0,0,,0,0,,0,0,0,,0,0,0,,,,,0,0,0,,0,0,0,,0,0,0,,0,0,0,,0,0,0,,,,,,
33658076,kiado,"Budapest X. kerület, Hatház utca 10.",Felsőrákos,298000.0,0.298,298.0,4257.142857142857,12.604848765487542,8.356353523438182,0,70.0,70.0,4.0,5,0,1,1,0,0,1,0,0,1,38.0,47.503329,19.150507,1,177.8,150-300 m,0,283.0,3.8,1,1,1,https://ingatlan.com/33658076,"Kiadó panel lakás - Budapest X. kerület, Hatház utca 10. #33658076",1106,Budapest,Hatház utca,10,újszerű,Panel lakás,1988.0,30-60 év (panel-korszak),0.0,4.0,0.0,4+ szoba,17.5,4,4.0,4.0,0,távfűtés,,1,0,0,0,nincs megadva,részben,azonnal,12 hónap,nincs megadva,,70000.0,Ingatlaniroda,,596.0,2.0,,,,,,,,1324.2,0,0,0,1249.5,0,0,0,195.8,1,1,283.0,1,1,1,306.4,1,1,1,13.0,37.0,69.0,435.8,0,1,1,492.3,0,1,1,89.3,1,1,1,139.2,1,1,1,501.7,0,1,1,Rákosfalva,,Örs vezér tere M+H,Rákosfalva H,Névtelen zöldfelület / park,vasut
33755796,kiado,"Budapest X. kerület, Tárna utca 4.",Gyárdűlő,80000.0,0.08,80.0,2758.6206896551726,11.289781913656018,7.922486083669544,0,29.0,29.0,1.0,3,0,0,0,1,0,0,0,0,0,,47.487806,19.164057,1,20.1,<150 m,1,916.6,12.2,0,0,1,https://ingatlan.com/33755796,"Kiadó tégla lakás - Budapest X. kerület, Tárna utca 4. #33755796",1106,Budapest,Tárna utca,4,nincs megadva,Tégla lakás,,Ismeretlen,0.0,1.0,0.0,1 szoba,29.0,nincs megadva,,,0,nincs megadva,,0,0,0,0,nincs megadva,nincs megadva,nincs megadva,nincs megadva,nincs megadva,,,Ingatlaniroda,,1353.0,2.0,,,,,,,,,0,0,0,1024.0,0,0,1,224.9,1,1,916.6,0,0,1,974.3,0,0,1,2.0,4.0,29.0,,0,0,0,1843.6,0,0,0,1477.6,0,0,0,1508.5,0,0,0,1390.7,0,0,0,Rákos,,Kocka utca,Tárna utca,Névtelen zöldfelület / park,vasut
33976406,kiado,"Budapest X. kerület, Kőrösi Csoma Sándor út",Kőbánya-Városközpont,220000.0,0.22,220.0,4150.943396226415,12.301382825334498,8.331090911782377,0,53.0,56.5,2.0,3,0,0,0,1,1,0,1,0,0,38.0,47.4865004,19.1327222,0,533.8,500-1000 m,0,,,0,0,0,https://ingatlan.com/33976406,"Kiadó tégla lakás - Budapest X. kerület, Kőrösi Csoma Sándor út #33976406",1102,Budapest,Kőrösi Csoma Sándor út,,jó állapotú,Tégla lakás,1988.0,30-60 év (panel-korszak),7.0,2.0,0.0,2 szoba,26.5,5,5.0,9.0,0,távfűtés,,1,0,0,0,nincs megadva,részben,azonnal,12 hónap,nincs megadva,9000.0,30000.0,Ingatlaniroda,,1438.0,4.0,,,,,,,,,0,0,0,,0,0,0,,0,0,,0,0,0,,0,0,0,,,,,0,0,0,,0,0,0,,0,0,0,,0,0,0,,0,0,0,,,,,,
34220549,kiado,"Budapest X. kerület, Somfa utca 5/A.",Gyárdűlő,260000.0,0.26,260.0,5531.914893617021,12.468436909997665,8.618289308287606,0,47.0,49.5,2.0,6,0,1,0,1,1,1,1,0,0,2.0,47.474205,19.120818,1,325.1,300-500 m,0,1353.2,18.0,0,0,0,https://ingatlan.com/34220549,"Kiadó tégla lakás - Budapest X. kerület, Somfa utca 5/A #34220549",1107,Budapest,Somfa utca,5/A,új építésű,Tégla lakás,2024.0,0-10 év,5.0,2.0,0.0,2 szoba,23.5,1,1.0,5.0,0,házközponti egyedi méréssel,,0,0,0,0,nincs megadva,nem,azonnal,12 hónap,igen,22000.0,,Magánszemély,,1321.0,2.0,,,,,,,,777.1,0,0,1,278.4,1,1,1,325.0,1,1,278.4,1,1,1,560.3,0,1,1,6.0,22.0,61.0,1398.0,0,0,0,797.6,0,0,1,515.4,0,1,1,293.6,1,1,1,1158.6,0,0,0,Kőbánya alsó,,Fertő utca / Bihari utca,Hizlaló tér,Kékvirág park,villamos
34220562,kiado,"Budapest X. kerület, Üllői út 130.",Gyárdűlő,215000.0,0.215,215.0,5119.047619047619,12.2783933071098,8.540723688826432,0,42.0,42.0,2.0,3,0,0,0,1,1,1,0,0,1,58.0,47.468585,19.118237,1,788.7,500-1000 m,0,,,0,0,0,https://ingatlan.com/34220562,"Kiadó tégla lakás - Budapest X. kerület, Üllői út 130. #34220562",1101,Budapest,Üllői út,130,jó állapotú,Tégla lakás,1968.0,30-60 év (panel-korszak),0.0,2.0,0.0,2 szoba,21.0,5,5.0,5.0,0,távfűtés,,1,0,0,0,nincs megadva,igen,azonnal,12 hónap,nem,21187.0,7000.0,Ingatlaniroda,,1370.0,4.0,,,,,,,,69.8,1,1,1,554.6,0,1,1,67.8,1,1,69.8,1,1,1,148.9,1,1,1,19.0,59.0,111.0,880.3,0,0,1,273.3,1,1,1,262.8,1,1,1,594.7,0,1,1,455.7,0,1,1,,,Száva kocsiszín,Pöttyös utca M,Névtelen zöldfelület / park,metro
34245668,kiado,"Budapest X. kerület, Kismartoni út",Óhegy,380000.0,0.38,380.0,5757.575757575758,12.84792653170257,8.658271789676142,0,66.0,76.5,3.0,5,0,1,0,1,1,1,1,0,0,,47.4826617,19.1159951,0,203.4,150-300 m,0,,,0,0,0,https://ingatlan.com/34245668,"Kiadó tégla lakás - Budapest X. kerület, Kismartoni út #34245668",1101,Budapest,Kismartoni út,,újszerű,Tégla lakás,,Ismeretlen,21.0,3.0,0.0,3 szoba,22.0,2,2.0,,0,nincs megadva,,0,0,0,0,nincs megadva,igen,nincs megadva,12 hónap,nincs megadva,,,Ingatlaniroda,,691.0,2.0,,,,,,,,,0,0,0,,0,0,0,,0,0,,0,0,0,,0,0,0,,,,,0,0,0,,0,0,0,,0,0,0,,0,0,0,,0,0,0,,,,,,
34251774,kiado,"Budapest X. kerület, Endre utca",Ligettelek,160000.0,0.16,160.0,6400.0,11.982929094215963,8.764053269347762,0,25.0,28.0,1.0,5,0,1,0,1,0,0,1,1,0,,47.4888107,19.1264458,0,134.2,<150 m,1,,,0,0,0,https://ingatlan.com/34251774,"Kiadó tégla lakás - Budapest X. kerület, Endre utca #34251774",1102,Budapest,Endre utca,,újszerű,Tégla lakás,,Ismeretlen,6.0,1.0,0.0,1 szoba,25.0,földszint,0.0,2.0,0,házközponti egyedi méréssel,,0,0,0,0,nincs megadva,nem,azonnal,12 hónap,igen,10.0,16000.0,Ingatlaniroda,,612.0,4.0,,,,,,,,,0,0,0,,0,0,0,,0,0,,0,0,0,,0,0,0,,,,,0,0,0,,0,0,0,,0,0,0,,0,0,0,,0,0,0,,,,,,
34358156,kiado,"Budapest X. kerület, Gergely utca 118.",Újhegy,165000.0,0.165,165.0,5689.6551724137935,12.013700752882718,8.646404922896243,0,29.0,29.0,1.0,3,0,0,1,0,0,1,0,0,0,,47.467579,19.157291,1,540.3,500-1000 m,0,1001.3,13.4,0,0,1,https://ingatlan.com/34358156,"Kiadó panel lakás - Budapest X. kerület, Gergely utca 118. #34358156",1108,Budapest,Gergely utca,118,jó állapotú,Panel lakás,,Ismeretlen,0.0,1.0,0.0,1 szoba,29.0,3,3.0,4.0,0,távfűtés,,1,0,0,0,nincs megadva,igen,nincs megadva,12 hónap,nincs megadva,,,Ingatlaniroda,,794.0,2.0,,,,,,,,1007.3,0,0,1,1412.8,0,0,0,193.8,1,1,1001.3,0,0,1,244.2,1,1,1,4.0,20.0,66.0,,0,0,0,,0,0,0,499.0,0,1,1,474.9,0,1,1,1631.7,0,0,0,Kőbánya-Kispest,,Venyige utca,Gergely utca (Sibrik Miklós út),Gőzmozdony park,vasut
34453676,kiado,"Budapest X. kerület, Budapest XIX. kerület, Pannónia út",Kőbánya egyéb,250000.0,0.25,250.0,5319.148936170212,12.429216196844383,8.579068595134325,0,47.0,47.0,2.0,4,0,0,0,1,0,1,0,1,0,96.0,,,0,,,0,,,0,0,0,https://ingatlan.com/34453676,"Kiadó tégla lakás - Budapest XIX. kerület, Pannónia út #34453676",1192,Budapest,"Budapest XIX. kerület, Pannónia út",,felújított,Tégla lakás,1930.0,60+ év (háború előtti),0.0,2.0,0.0,2 szoba,23.5,földszint,0.0,2.0,0,"gáz (konvektor), hűtő-fűtő klíma",,0,1,0,0,nincs megadva,igen,azonnal,12 hónap,igen,23000.0,35000.0,Ingatlaniroda,,1395.0,4.0,,,,,,,,,0,0,0,,0,0,0,,0,0,,0,0,0,,0,0,0,,,,,0,0,0,,0,0,0,,0,0,0,,0,0,0,,0,0,0,,,,,,
34549565,kiado,"Budapest X. kerület, Ónodi utca",Kőbánya-Városközpont,190000.0,0.19,190.0,5000.0,12.154779351142624,8.517193191416238,0,38.0,38.0,1.0,4,0,0,0,1,0,0,0,1,0,,47.4889502,19.1345557,0,265.4,150-300 m,0,,,0,0,0,https://ingatlan.com/34549565,"Kiadó tégla lakás - Budapest X. kerület, Ónodi utca #34549565",1102,Budapest,Ónodi utca,,felújított,Tégla lakás,,Ismeretlen,0.0,1.0,0.0,1 szoba,38.0,földszint,0.0,0.0,0,"gáz (konvektor), infrafűtés",,0,1,0,0,nincs megadva,igen,azonnal,12 hónap,igen,16000.0,,Ingatlaniroda,,853.0,2.0,,,,,,,,,0,0,0,,0,0,0,,0,0,,0,0,0,,0,0,0,,,,,0,0,0,,0,0,0,,0,0,0,,0,0,0,,0,0,0,,,,,,
34610719,kiado,"Budapest X. kerület, Budapest XIX. kerület, Vak Bottyán utca",Kőbánya egyéb,225000.0,0.225,225.0,6818.181818181818,12.323855681186558,8.827348119720076,0,33.0,35.5,1.0,6,0,1,0,1,1,1,1,0,0,2.0,,,0,,,0,,,0,0,0,https://ingatlan.com/34610719,"Kiadó tégla lakás - Budapest XIX. kerület, Vak Bottyán utca #34610719",1191,Budapest,"Budapest XIX. kerület, Vak Bottyán utca",,új építésű,Tégla lakás,2024.0,0-10 év,5.0,1.0,0.0,1 szoba,33.0,6,6.0,8.0,0,hőszivattyú,,0,0,1,0,nincs megadva,igen,azonnal,12 hónap,nincs megadva,14520.0,,Ingatlaniroda,,2009.0,4.0,,,,,,,,,0,0,0,,0,0,0,,0,0,,0,0,0,,0,0,0,,,,,0,0,0,,0,0,0,,0,0,0,,0,0,0,,0,0,0,,,,,,
34673080,kiado,"Budapest X. kerület, Gyakorló utca",Felsőrákos,180000.0,0.18,180.0,5142.857142857143,12.100712129872347,8.545364068382934,0,35.0,35.0,2.0,3,0,0,1,0,1,1,0,0,0,38.0,47.5018325,19.1436801,0,258.3,150-300 m,0,,,0,0,0,https://ingatlan.com/34673080,"Kiadó panel lakás - Budapest X. kerület, Gyakorló utca #34673080",1106,Budapest,Gyakorló utca,,jó állapotú,Panel lakás,1988.0,30-60 év (panel-korszak),0.0,2.0,0.0,2 szoba,17.5,3,3.0,10.0,0,távfűtés,,1,0,0,0,C,részben,2026. november,12 hónap,nem,,35000.0,Ingatlaniroda,,385.0,4.0,,,,,,,,,0,0,0,,0,0,0,,0,0,,0,0,0,,0,0,0,,,,,0,0,0,,0,0,0,,0,0,0,,0,0,0,,0,0,0,,,,,,
34812133,kiado,"Budapest X. kerület, Monori utca",Gyárdűlő,250000.0,0.25,250.0,5102.040816326531,12.429216196844383,8.537395898733758,0,49.0,49.0,2.0,4,0,0,0,1,0,0,0,1,0,,47.4814962,19.1220383,0,251.3,150-300 m,0,,,0,0,0,https://ingatlan.com/34812133,"Kiadó tégla lakás - Budapest X. kerület, Monori utca #34812133",1101,Budapest,Monori utca,,felújított,Tégla lakás,,Ismeretlen,0.0,2.0,0.0,2 szoba,24.5,földszint,0.0,0.0,0,házközponti egyedi méréssel,,0,0,0,0,nincs megadva,részben,nincs megadva,12 hónap,nincs megadva,,30000.0,Ingatlaniroda,,860.0,4.0,,,,,,,,,0,0,0,,0,0,0,,0,0,,0,0,0,,0,0,0,,,,,0,0,0,,0,0,0,,0,0,0,,0,0,0,,0,0,0,,,,,,
34860837,kiado,"Budapest X. kerület, Jászberényi út",Kőbánya-Kertváros,130000.0,0.13,130.0,8666.666666666666,11.77528972943772,9.06723952833551,0,15.0,15.0,1.0,3,0,0,0,1,0,1,0,0,1,38.0,47.4854297,19.1993632,0,118.8,<150 m,1,,,0,0,0,https://ingatlan.com/34860837,"Kiadó tégla lakás - Budapest X. kerület, Jászberényi út #34860837",1106,Budapest,Jászberényi út,,jó állapotú,Tégla lakás,1988.0,30-60 év (panel-korszak),0.0,1.0,0.0,1 szoba,15.0,2,2.0,2.0,0,"padlófűtés, hűtő-fűtő klíma",,0,0,0,0,nincs megadva,igen,azonnal,3 hónap,nem,5000.0,30000.0,Ingatlaniroda,,935.0,2.0,,,,,,,,,0,0,0,,0,0,0,,0,0,,0,0,0,,0,0,0,,,,,0,0,0,,0,0,0,,0,0,0,,0,0,0,,0,0,0,,,,,,
34910713,kiado,"Budapest X. kerület, Kőrösi Csoma Sándor út 9.",Kőbánya-Városközpont,89000.0,0.089,89.0,7416.666666666667,11.396391648714276,8.911484998926277,0,12.0,12.0,4.0,3,0,0,0,1,1,0,0,0,0,58.0,47.483214,19.131628,1,309.0,300-500 m,0,441.1,5.9,0,1,1,https://ingatlan.com/34910713,"Kiadó szoba - Budapest X. kerület, Kőrösi Csoma Sándor út 9. #34910713",1102,Budapest,Kőrösi Csoma Sándor út,9,jó állapotú,Tégla lakás,1968.0,30-60 év (panel-korszak),0.0,4.0,0.0,4+ szoba,3.0,,,,0,gázkazán,,0,1,0,0,D,igen,azonnal,10 hónap,nincs megadva,6000.0,12000.0,Ingatlaniroda,,4846.0,4.0,,,,,,,,,0,0,0,167.1,1,1,1,46.6,1,1,167.1,1,1,1,121.3,1,1,1,22.0,78.0,125.0,717.3,0,1,1,818.3,0,0,1,10.5,1,1,1,265.2,1,1,1,,0,0,0,Kőbánya alsó,,Kápolna utca,Liget tér,Liget téri park,villamos
34939961,kiado,"Budapest X. kerület, Tárna utca",Gyárdűlő,199000.0,0.199,199.0,6633.333333333333,12.201060103706629,8.799862722044473,0,30.0,30.0,1.0,3,0,0,0,1,0,0,0,0,0,,47.4869075,19.1637693,0,12.6,<150 m,1,,,0,0,0,https://ingatlan.com/34939961,"Kiadó tégla lakás - Budapest X. kerület, Tárna utca #34939961",1106,Budapest,Tárna utca,,nincs megadva,Tégla lakás,,Ismeretlen,0.0,1.0,0.0,1 szoba,30.0,nincs megadva,,,0,nincs megadva,,0,0,0,0,nincs megadva,nincs megadva,nincs megadva,nincs megadva,nincs megadva,,,Ingatlaniroda,,5610.0,2.0,,,,,,,,,0,0,0,,0,0,0,,0,0,,0,0,0,,0,0,0,,,,,0,0,0,,0,0,0,,0,0,0,,0,0,0,,0,0,0,,,,,,
34955999,kiado,"Budapest X. kerület, Ihász köz",Óhegy,300000.0,0.3,300.0,4477.611940298508,12.611537753638338,8.406845134247373,0,67.0,70.0,3.0,4,0,0,1,0,0,1,1,0,0,,47.4860782,19.1435952,0,671.5,500-1000 m,0,,,0,0,0,https://ingatlan.com/34955999,"Kiadó panel lakás - Budapest X. kerület, Ihász köz #34955999",1105,Budapest,Ihász köz,,felújított,Panel lakás,,Ismeretlen,6.0,3.0,0.0,3 szoba,22.333333333333332,3,3.0,10.0,0,távfűtés egyedi méréssel,,1,0,0,0,nincs megadva,igen,azonnal,12 hónap,nincs megadva,19500.0,,Ingatlaniroda,,1131.0,4.0,,,,,,,,,0,0,0,,0,0,0,,0,0,,0,0,0,,0,0,0,,,,,0,0,0,,0,0,0,,0,0,0,,0,0,0,,0,0,0,,,,,,
34982570,kiado,"Budapest X. kerület, Mongol utca",Óhegy,230000.0,0.23,230.0,4339.622641509434,12.345834587905333,8.37554267435321,0,53.0,55.0,2.0,4,0,0,0,1,0,1,1,0,1,58.0,47.4787722,19.1318437,0,89.1,<150 m,1,,,0,0,0,https://ingatlan.com/34982570,"Kiadó tégla lakás - Budapest X. kerület, Mongol utca #34982570",1105,Budapest,Mongol utca,,felújított,Tégla lakás,1968.0,30-60 év (panel-korszak),4.0,2.0,0.0,2 szoba,26.5,2,2.0,2.0,0,"gázkazán, hűtő-fűtő klíma",,0,1,0,0,nincs megadva,igen,azonnal,12 hónap,nem,15000.0,15000.0,Ingatlaniroda,,611.0,4.0,,,,,,,,,0,0,0,,0,0,0,,0,0,,0,0,0,,0,0,0,,,,,0,0,0,,0,0,0,,0,0,0,,0,0,0,,0,0,0,,,,,,
34996960,kiado,"Budapest X. kerület, Makk utca 1.",Gyárdűlő,245000.0,0.245,245.0,5000.0,12.409013489526863,8.517193191416238,0,49.0,52.0,2.0,4,0,0,0,1,1,1,1,0,0,21.0,47.473262,19.117354,1,347.8,300-500 m,0,1509.6,20.1,0,0,0,https://ingatlan.com/34996960,"Kiadó tégla lakás - Budapest X. kerület, Makk utca 1. #34996960",1107,Budapest,Makk utca,1,felújított,Tégla lakás,2005.0,10-30 év (rendszerváltás utáni),6.0,2.0,0.0,2 szoba,24.5,1,1.0,4.0,0,házközponti egyedi méréssel,,0,0,0,0,A++,megegyezés szerint,2026. október,12 hónap,nem,27300.0,10000.0,Ingatlaniroda,,1650.0,2.0,,,,,,,,589.1,0,1,1,163.0,1,1,1,470.4,0,1,163.0,1,1,1,347.7,1,1,1,4.0,38.0,84.0,1210.7,0,0,0,747.2,0,1,1,327.4,1,1,1,198.6,1,1,1,970.6,0,0,1,Kőbánya alsó,,Balkán utca,Fertő utca / Bihari utca,Kékvirág park,villamos
35055026,kiado,"Budapest X. kerület, Gergely utca",Óhegy,185000.0,0.185,185.0,6607.142857142857,12.128111104060462,8.795906593885258,0,28.0,28.0,1.0,3,0,0,0,1,0,0,0,0,0,,47.4702816,19.1514579,0,666.5,500-1000 m,0,,,0,0,0,https://ingatlan.com/35055026,"Kiadó tégla lakás - Budapest X. kerület, Gergely utca #35055026",1103,Budapest,Gergely utca,,nincs megadva,Tégla lakás,,Ismeretlen,0.0,1.0,0.0,1 szoba,28.0,nincs megadva,,,0,nincs megadva,,0,0,0,0,nincs megadva,nincs megadva,nincs megadva,nincs megadva,nincs megadva,,,Ingatlaniroda,,1459.0,2.0,,,,,,,,,0,0,0,,0,0,0,,0,0,,0,0,0,,0,0,0,,,,,0,0,0,,0,0,0,,0,0,0,,0,0,0,,0,0,0,,,,,,
35113160,kiado,"Budapest X. kerület, Gyógyszergyári utca 5.",Felsőrákos,270000.0,0.27,270.0,6000.0,12.506177237980511,8.699514748210191,0,45.0,50.5,2.0,6,0,1,0,0,1,1,1,0,0,0.0,47.497327,19.139864,1,432.7,300-500 m,0,914.9,12.2,0,0,1,https://ingatlan.com/35113160,"Kiadó csúsztatott zsalus - Budapest X. kerület, Gyógyszergyári utca 5. #35113160",1106,Budapest,Gyógyszergyári utca,5,új építésű,Csúsztatott zsalus lakás,2026.0,Új építésű (2025+),11.0,2.0,0.0,2 szoba,22.5,2,2.0,8.0,0,"távfűtés, hűtő-fűtő klíma",,1,0,0,0,A+,igen,azonnal,12 hónap,nem,23000.0,20000.0,Ingatlaniroda,,1421.0,3.0,,,,,,,,817.0,0,0,1,146.6,1,1,1,445.1,0,1,146.6,1,1,1,429.1,0,1,1,2.0,30.0,99.0,1443.2,0,0,0,1468.0,0,0,0,765.2,0,0,1,557.9,0,1,1,818.9,0,0,1,Örs vezér tere,,Kincsem lakópark,Fehér úti ipari park,Névtelen zöldfelület / park,villamos
35169465,kiado,"Budapest X. kerület, Szárnyas utca",Gyárdűlő,195000.0,0.195,195.0,6500.0,12.180754837545884,8.779557455883728,0,30.0,30.0,1.0,4,0,0,0,1,0,1,0,0,1,,47.4688278,19.1202985,0,762.0,500-1000 m,0,,,0,0,0,https://ingatlan.com/35169465,"Kiadó tégla lakás - Budapest X. kerület, Szárnyas utca #35169465",1107,Budapest,Szárnyas utca,,felújított,Tégla lakás,,Ismeretlen,0.0,1.0,0.0,1 szoba,30.0,3,3.0,3.0,0,gáz (konvektor),,0,1,0,0,nincs megadva,nem,azonnal,12 hónap,nincs megadva,10000.0,,Ingatlaniroda,,856.0,4.0,,,,,,,,,0,0,0,,0,0,0,,0,0,,0,0,0,,0,0,0,,,,,0,0,0,,0,0,0,,0,0,0,,0,0,0,,0,0,0,,,,,,
35173777,kiado,"Budapest X. kerület, Keresztúri út 26.",Felsőrákos,200000.0,0.2,200.0,5405.405405405405,12.206072645530174,8.595154732885948,0,37.0,43.0,1.0,4,0,0,0,1,0,0,1,0,0,58.0,47.500714,19.153745,1,131.2,<150 m,1,588.6,7.8,0,1,1,https://ingatlan.com/35173777,"Kiadó tégla lakás - Budapest X. kerület, Keresztúri út 26. #35173777",1106,Budapest,Keresztúri út,26,felújított,Tégla lakás,1968.0,30-60 év (panel-korszak),12.0,1.0,0.0,1 szoba,37.0,félemelet,0.5,2.0,0,gázkazán,,0,1,0,0,nincs megadva,részben,azonnal,12 hónap,igen,11100.0,20000.0,Ingatlaniroda,,1598.0,2.0,,,,,,,,1688.7,0,0,0,1446.1,0,0,0,110.8,1,1,588.6,0,1,1,633.9,0,1,1,5.0,21.0,49.0,324.3,1,1,1,917.0,0,0,1,440.9,0,1,1,496.5,0,1,1,902.3,0,0,1,Rákosfalva,,Kincsem lakópark,EGIS Gyógyszergyár,Névtelen zöldfelület / park,vasut
35174514,kiado,"Budapest X. kerület, Petrőczy utca 14/B.",Óhegy,205000.0,0.205,205.0,3660.714285714286,12.230765258120545,8.205413567385396,0,56.0,56.0,2.0,3,0,0,0,1,0,0,0,1,0,58.0,47.478931,19.140554,1,682.7,500-1000 m,0,1229.3,16.4,0,0,0,https://ingatlan.com/35174514,"Kiadó tégla lakás - Budapest X. kerület, Petrőczy utca 14/B #35174514",1103,Budapest,Petrőczy utca,14/B,jó állapotú,Tégla lakás,1968.0,30-60 év (panel-korszak),0.0,2.0,0.0,2 szoba,28.0,földszint,0.0,2.0,0,gáz (konvektor),,0,1,0,0,nincs megadva,részben,azonnal,12 hónap,igen,22000.0,19000.0,Ingatlaniroda,,1344.0,4.0,,,,,,,,1863.9,0,0,0,939.3,0,0,1,188.3,1,1,939.3,0,0,1,340.4,1,1,1,7.0,27.0,69.0,522.1,0,1,1,1567.5,0,0,0,294.9,1,1,1,359.4,1,1,1,2103.5,0,0,0,Kőbánya alsó,Határ út,Kápolna utca,Óhegy park,Dausz Gyula park,villamos
35346473,kiado,"Budapest X. kerület, Gyógyszergyári utca",Felsőrákos,300000.0,0.3,300.0,4838.709677419355,12.611537753638338,8.484403368593247,0,62.0,70.0,3.0,6,0,1,0,1,1,1,1,0,1,0.0,47.4994212,19.1493566,0,351.7,300-500 m,0,,,0,0,0,https://ingatlan.com/35346473,"Kiadó tégla lakás - Budapest X. kerület, Gyógyszergyári utca #35346473",1106,Budapest,Gyógyszergyári utca,,új építésű,Tégla lakás,2026.0,Új építésű (2025+),16.0,3.0,0.0,3 szoba,20.666666666666668,5,5.0,5.0,0,távfűtés,,1,0,0,0,nincs megadva,megegyezés szerint,azonnal,12 hónap,nem,,,Ingatlaniroda,,1514.0,2.0,,,,,,,,,0,0,0,,0,0,0,,0,0,,0,0,0,,0,0,0,,,,,0,0,0,,0,0,0,,0,0,0,,0,0,0,,0,0,0,,,,,,
35392258,kiado,"Budapest X. kerület, Gyógyszergyári utca",Felsőrákos,420000.0,0.42,420.0,4666.666666666667,12.948009990259552,8.448200319929287,0,90.0,101.0,4.0,6,0,1,0,0,1,1,1,0,1,0.0,47.4994212,19.1493566,0,351.7,300-500 m,0,,,0,0,0,https://ingatlan.com/35392258,"Kiadó csúsztatott zsalus - Budapest X. kerület, Gyógyszergyári utca #35392258",1106,Budapest,Gyógyszergyári utca,,új építésű,Csúsztatott zsalus lakás,2026.0,Új építésű (2025+),22.0,4.0,0.0,4+ szoba,22.5,5,5.0,5.0,0,"távfűtés egyedi méréssel, hűtő-fűtő klíma, elektromos fűtőpanel",,1,0,0,0,A++,részben,azonnal,6 hónap,nem,85000.0,,Ingatlaniroda,,1301.0,2.0,,,,,,,,,0,0,0,,0,0,0,,0,0,,0,0,0,,0,0,0,,,,,0,0,0,,0,0,0,,0,0,0,,0,0,0,,0,0,0,,,,,,
35400187,kiado,"Budapest X. kerület, Gyakorló köz",Felsőrákos,220000.0,0.22,220.0,6285.714285714285,12.301382825334498,8.746034763845085,0,35.0,35.0,2.0,3,0,0,1,0,0,0,0,0,0,,47.5024404,19.1420305,0,171.6,150-300 m,0,,,0,0,0,https://ingatlan.com/35400187,"Kiadó panel lakás - Budapest X. kerület, Gyakorló köz #35400187",1106,Budapest,Gyakorló köz,,nincs megadva,Panel lakás,,Ismeretlen,0.0,2.0,0.0,2 szoba,17.5,nincs megadva,,,0,nincs megadva,,0,0,0,0,nincs megadva,nincs megadva,nincs megadva,nincs megadva,nincs megadva,,,Ingatlaniroda,,758.0,2.0,,,,,,,,,0,0,0,,0,0,0,,0,0,,0,0,0,,0,0,0,,,,,0,0,0,,0,0,0,,0,0,0,,0,0,0,,0,0,0,,,,,,
35411241,kiado,"Budapest X. kerület, Mélytó utca 4.",Újhegy,500000.0,0.5,500.0,9615.384615384615,13.122363377404328,9.171119658822901,0,52.0,54.0,2.0,3,0,0,1,0,0,0,1,0,0,,47.468935,19.163326,1,840.3,500-1000 m,0,1552.1,20.7,0,0,0,https://ingatlan.com/35411241,"Kiadó panel lakás - Budapest X. kerület, Mélytó utca 4. #35411241",1108,Budapest,Mélytó utca,4,nincs megadva,Panel lakás,,Ismeretlen,4.0,2.0,0.0,2 szoba,26.0,nincs megadva,,,0,nincs megadva,,0,0,0,0,nincs megadva,nincs megadva,nincs megadva,nincs megadva,nincs megadva,,,Ingatlaniroda,,57.0,2.0,,,,,,,,1558.1,0,0,0,1081.1,0,0,1,170.6,1,1,1081.1,0,0,1,257.8,1,1,1,9.0,32.0,50.0,,0,0,0,,0,0,0,310.4,1,1,1,236.2,1,1,1,1476.6,0,0,0,Kőbánya-Kispest,,Sírkert út,Mélytó utca,Újhegy park,villamos
35424213,kiado,"Budapest X. kerület, Vaspálya utca",Óhegy,100000.0,0.1,100.0,8333.333333333334,11.512925464970229,9.028018815182229,0,12.0,12.0,4.0,3,0,0,0,1,0,0,0,0,0,,47.4753474,19.1335152,0,31.7,<150 m,1,,,0,0,0,https://ingatlan.com/35424213,"Kiadó szoba - Budapest X. kerület, Vaspálya utca #35424213",1103,Budapest,Vaspálya utca,,nincs megadva,Tégla lakás,,Ismeretlen,0.0,4.0,0.0,4+ szoba,3.0,,,,0,nincs megadva,,0,0,0,0,nincs megadva,nincs megadva,nincs megadva,nincs megadva,nincs megadva,,,Ingatlaniroda,,495.0,2.0,,,,,,,,,0,0,0,,0,0,0,,0,0,,0,0,0,,0,0,0,,,,,0,0,0,,0,0,0,,0,0,0,,0,0,0,,0,0,0,,,,,,
35435897,kiado,"Budapest X. kerület, Mádi utca",Óhegy,285000.0,0.285,285.0,5277.777777777777,12.560244459250788,8.571260412686513,0,54.0,56.5,2.0,3,0,0,0,1,0,0,1,0,0,38.0,47.4822198,19.1509243,0,820.1,500-1000 m,0,,,0,0,0,https://ingatlan.com/35435897,"Kiadó tégla lakás - Budapest X. kerület, Mádi utca #35435897",1105,Budapest,Mádi utca,,jó állapotú,Tégla lakás,1988.0,30-60 év (panel-korszak),5.0,2.0,0.0,2 szoba,27.0,2,2.0,4.0,0,gázkazán,,0,1,0,0,C,megegyezés szerint,azonnal,12 hónap,nem,17000.0,15000.0,Ingatlaniroda,,1771.0,2.0,,,,,,,,,0,0,0,,0,0,0,,0,0,,0,0,0,,0,0,0,,,,,0,0,0,,0,0,0,,0,0,0,,0,0,0,,0,0,0,,,,,,
35444106,kiado,"Budapest X. kerület, Mádi utca",Óhegy,270000.0,0.27,270.0,5000.0,12.506177237980511,8.517193191416238,0,54.0,56.5,2.0,4,0,0,0,1,0,0,1,0,0,,47.4822198,19.1509243,0,820.1,500-1000 m,0,,,0,0,0,https://ingatlan.com/35444106,"Kiadó tégla lakás - Budapest X. kerület, Mádi utca #35444106",1105,Budapest,Mádi utca,,felújított,Tégla lakás,,Ismeretlen,5.0,2.0,0.0,2 szoba,27.0,2,2.0,,0,gázkazán,,0,1,0,0,nincs megadva,megegyezés szerint,azonnal,12 hónap,nincs megadva,30000.0,25000.0,Ingatlaniroda,,1865.0,4.0,,,,,,,,,0,0,0,,0,0,0,,0,0,,0,0,0,,0,0,0,,,,,0,0,0,,0,0,0,,0,0,0,,0,0,0,,0,0,0,,,,,,
35444239,kiado,"Budapest X. kerület, Juhász utca",Felsőrákos,600000.0,0.6,600.0,3636.3636363636365,13.304684934198283,8.198739460297704,0,165.0,173.0,5.0,4,0,0,0,1,0,1,1,0,0,38.0,47.5040012,19.1629657,0,238.4,150-300 m,0,,,0,0,0,https://ingatlan.com/35444239,"Kiadó tégla lakás - Budapest X. kerület, Juhász utca #35444239",1106,Budapest,Juhász utca,,felújított,Tégla lakás,1988.0,30-60 év (panel-korszak),16.0,5.0,0.0,4+ szoba,33.0,2,2.0,3.0,0,gázkazán,,0,1,0,0,nincs megadva,igen,azonnal,12 hónap,igen,,600000.0,Ingatlaniroda,,687.0,2.0,,,,,,,,,0,0,0,,0,0,0,,0,0,,0,0,0,,0,0,0,,,,,0,0,0,,0,0,0,,0,0,0,,0,0,0,,0,0,0,,,,,,
35445253,kiado,"Budapest X. kerület, Mádi utca 54.",Óhegy,270000.0,0.27,270.0,5000.0,12.506177237980511,8.517193191416238,0,54.0,54.0,2.0,5,0,1,1,0,0,0,0,0,0,,,,0,,,0,,,0,0,0,https://ingatlan.com/35445253,"Kiadó panel lakás - Budapest X. kerület, Mádi utca #35445253",1105,Budapest,Mádi utca,54,újszerű,Panel lakás,,Ismeretlen,0.0,2.0,0.0,2 szoba,27.0,2,2.0,,0,gázkazán,,0,1,0,0,nincs megadva,megegyezés szerint,azonnal,12 hónap,nem,11000.0,30000.0,Ingatlaniroda,,864.0,4.0,,,,,,,,,0,0,0,,0,0,0,,0,0,,0,0,0,,0,0,0,,,,,0,0,0,,0,0,0,,0,0,0,,0,0,0,,0,0,0,,,,,,
35447947,kiado,"Budapest X. kerület, Tavas utca 7.",Újhegy,250000.0,0.25,250.0,7575.757575757576,12.429216196844383,8.932708635377903,0,33.0,33.0,1.0,6,0,1,0,1,1,1,0,0,0,3.0,47.468845,19.165367,1,884.5,500-1000 m,0,1689.9,22.5,0,0,0,https://ingatlan.com/35447947,"Kiadó tégla lakás - Budapest X. kerület, Tavas utca 7. #35447947",1108,Budapest,Tavas utca,7,új építésű,Tégla lakás,2023.0,0-10 év,0.0,1.0,0.0,1 szoba,33.0,2,2.0,,0,"hőszivattyú, padlófűtés",,0,0,1,0,nincs megadva,igen,nincs megadva,nincs megadva,nincs megadva,,,Ingatlaniroda,,750.0,2.0,,,,,,,,1695.8,0,0,0,870.5,0,0,1,57.0,1,1,870.5,0,0,1,267.7,1,1,1,8.0,28.0,48.0,,0,0,0,,0,0,0,318.8,1,1,1,317.0,1,1,1,1467.3,0,0,0,Kőbánya-Kispest,,Sírkert út,Mélytó utca,Újhegy park,villamos
35451170,kiado,"Budapest X. kerület, Noszlopy utca",Óhegy,900000.0,0.9,900.0,2000.0,13.710150042306449,7.600902459542082,0,450.0,450.0,1.0,3,0,0,0,1,0,1,0,0,0,,47.4735008,19.1502693,0,958.8,500-1000 m,0,,,0,0,0,https://ingatlan.com/35451170,"Kiadó tégla lakás - Budapest X. kerület, Noszlopy utca #35451170",1103,Budapest,Noszlopy utca,,nincs megadva,Tégla lakás,,Ismeretlen,0.0,1.0,0.0,1 szoba,450.0,nincs megadva,,,0,nincs megadva,,0,0,0,0,nincs megadva,nincs megadva,azonnal,12 hónap,nincs megadva,,,Ingatlaniroda,,1490.0,4.0,,,,,,,,,0,0,0,,0,0,0,,0,0,,0,0,0,,0,0,0,,,,,0,0,0,,0,0,0,,0,0,0,,0,0,0,,0,0,0,,,,,,
35451950,kiado,"Budapest X. kerület, Kőbánya - Óhegy",Óhegy,270000.0,0.27,270.0,5000.0,12.506177237980511,8.517193191416238,0,54.0,56.5,2.0,4,0,0,1,0,0,0,1,0,0,,47.4820541,19.132346,0,297.2,150-300 m,0,,,0,0,0,https://ingatlan.com/35451950,"Kiadó panel lakás - Budapest X. kerület, Kőbánya - Óhegy #35451950",1103,Budapest,Kőbánya - Óhegy,,felújított,Panel lakás,,Ismeretlen,5.0,2.0,0.0,2 szoba,27.0,2,2.0,4.0,0,gázkazán,,0,1,0,0,nincs megadva,megegyezés szerint,azonnal,12 hónap,nem,22000.0,30000.0,Ingatlaniroda,,567.0,4.0,,,,,,,,,0,0,0,,0,0,0,,0,0,,0,0,0,,0,0,0,,,,,0,0,0,,0,0,0,,0,0,0,,0,0,0,,0,0,0,,,,,,
35453043,kiado,"Budapest X. kerület, Oltó utca",Újhegy,270000.0,0.27,270.0,3970.5882352941176,12.506177237980511,8.286669532804405,0,68.0,68.0,3.0,4,0,0,1,0,1,0,0,0,0,,47.4691634,19.1592716,0,756.6,500-1000 m,0,,,0,0,0,https://ingatlan.com/35453043,"Kiadó panel lakás - Budapest X. kerület, Oltó utca #35453043",1108,Budapest,Oltó utca,,felújított,Panel lakás,,Ismeretlen,0.0,3.0,0.0,3 szoba,22.666666666666668,1,1.0,10.0,0,távfűtés,,1,0,0,0,nincs megadva,nem,azonnal,12 hónap,nem,,,Ingatlaniroda,,514.0,2.0,,,,,,,,,0,0,0,,0,0,0,,0,0,,0,0,0,,0,0,0,,,,,0,0,0,,0,0,0,,0,0,0,,0,0,0,,0,0,0,,,,,,
35453823,kiado,"Budapest X. kerület, Mádi utca 54.",Óhegy,270000.0,0.27,270.0,5000.0,12.506177237980511,8.517193191416238,0,54.0,57.0,2.0,3,0,0,1,0,0,0,1,0,0,58.0,,,0,,,0,,,0,0,0,https://ingatlan.com/35453823,"Kiadó panel lakás - Budapest X. kerület, Mádi utca #35453823",1104,Budapest,Mádi utca,54,nincs megadva,Panel lakás,1968.0,30-60 év (panel-korszak),6.0,2.0,0.0,2 szoba,27.0,2,2.0,4.0,0,gázkazán,,0,1,0,0,nincs megadva,megegyezés szerint,azonnal,12 hónap,nem,11000.0,30000.0,Ingatlaniroda,,684.0,4.0,,,,,,,,,0,0,0,,0,0,0,,0,0,,0,0,0,,0,0,0,,,,,0,0,0,,0,0,0,,0,0,0,,0,0,0,,0,0,0,,,,,,
35459153,kiado,"Budapest X. kerület, Gyógyszergyári utca",Felsőrákos,250000.0,0.25,250.0,6944.444444444444,12.429216196844383,8.845697258388274,0,36.0,41.5,1.0,6,0,1,0,0,1,1,1,0,0,0.0,47.4994212,19.1493566,0,351.7,300-500 m,0,,,0,0,0,https://ingatlan.com/35459153,"Kiadó csúsztatott zsalus - Budapest X. kerület, Gyógyszergyári utca #35459153",1106,Budapest,Gyógyszergyári utca,,új építésű,Csúsztatott zsalus lakás,2026.0,Új építésű (2025+),11.0,1.0,0.0,1 szoba,36.0,6,6.0,7.0,0,házközponti egyedi méréssel,,0,0,0,0,nincs megadva,részben,azonnal,nincs megadva,nincs megadva,,,Ingatlaniroda,,1185.0,4.0,,,,,,,,,0,0,0,,0,0,0,,0,0,,0,0,0,,0,0,0,,,,,0,0,0,,0,0,0,,0,0,0,,0,0,0,,0,0,0,,,,,,
35461494,kiado,"Budapest X. kerület, Monori utca",Laposdűlő,260000.0,0.26,260.0,3880.597014925373,12.468436909997665,8.263744290606699,0,67.0,68.5,4.0,3,0,0,0,1,0,1,1,0,0,38.0,47.4814962,19.1220383,0,251.3,150-300 m,0,,,0,0,0,https://ingatlan.com/35461494,"Kiadó tégla lakás - Budapest X. kerület, Monori utca #35461494",1101,Budapest,Monori utca,,jó állapotú,Tégla lakás,1988.0,30-60 év (panel-korszak),3.0,4.0,0.0,4+ szoba,16.75,1,1.0,4.0,0,távfűtés,,1,0,0,0,nincs megadva,igen,azonnal,12 hónap,igen,,46900.0,Ingatlaniroda,,242.0,2.0,,,,,,,,,0,0,0,,0,0,0,,0,0,,0,0,0,,0,0,0,,,,,0,0,0,,0,0,0,,0,0,0,,0,0,0,,0,0,0,,,,,,
35465102,kiado,"Budapest X. kerület, Halom utca",Óhegy,270000.0,0.27,270.0,5000.0,12.506177237980511,8.517193191416238,0,54.0,55.5,2.0,3,0,0,0,0,0,0,1,0,0,,47.425947,19.0337255,0,3276.8,>2000 m (referencia),0,,,0,0,0,https://ingatlan.com/35465102,"Kiadó csúsztatott zsalus - Budapest X. kerület, Halom utca #35465102",1105,Budapest,Halom utca,,nincs megadva,Csúsztatott zsalus lakás,,Ismeretlen,3.0,2.0,0.0,2 szoba,27.0,nincs megadva,,,0,nincs megadva,,0,0,0,0,nincs megadva,nincs megadva,nincs megadva,nincs megadva,nincs megadva,,,Ingatlaniroda,,1466.0,2.0,,,,,,,,,0,0,0,,0,0,0,,0,0,,0,0,0,,0,0,0,,,,,0,0,0,,0,0,0,,0,0,0,,0,0,0,,0,0,0,,,,,,
35466768,kiado,"Budapest X. kerület, Váltó utca",Felsőrákos,190000.0,0.19,190.0,3454.5454545454545,12.154779351142624,8.147446165910152,0,55.0,56.5,2.0,3,0,0,0,1,0,0,1,0,0,,47.5007387,19.1671959,0,661.6,500-1000 m,0,,,0,0,0,https://ingatlan.com/35466768,"Kiadó tégla lakás - Budapest X. kerület, Váltó utca #35466768",1106,Budapest,Váltó utca,,jó állapotú,Tégla lakás,,Ismeretlen,3.0,2.0,0.0,2 szoba,27.5,szuterén,-1.0,2.0,0,gázkazán,,0,1,0,0,nincs megadva,részben,azonnal,12 hónap,nem,,,Ingatlaniroda,,342.0,4.0,,,,,,,,,0,0,0,,0,0,0,,0,0,,0,0,0,,0,0,0,,,,,0,0,0,,0,0,0,,0,0,0,,0,0,0,,0,0,0,,,,,,
35470729,kiado,"Budapest X. kerület, Gyógyszergyári utca 6.",Felsőrákos,280000.0,0.28,280.0,6511.627906976744,12.542544882151386,8.781344766457824,0,43.0,48.5,2.0,6,0,1,0,0,1,1,1,0,0,0.0,47.497833,19.141041,1,482.9,300-500 m,0,1008.7,13.4,0,0,1,https://ingatlan.com/35470729,"Kiadó csúsztatott zsalus - Budapest X. kerület, Gyógyszergyári utca 6. #35470729",1106,Budapest,Gyógyszergyári utca,6,új építésű,Csúsztatott zsalus lakás,2026.0,Új építésű (2025+),11.0,2.0,0.0,2 szoba,21.5,4,4.0,8.0,0,"távfűtés, hűtő-fűtő klíma",,1,0,0,0,A+,igen,azonnal,12 hónap,nem,,,Ingatlaniroda,,1722.0,2.0,,,,,,,,910.8,0,0,1,278.0,1,1,1,539.0,0,1,278.0,1,1,1,523.0,0,1,1,2.0,14.0,82.0,1354.1,0,0,0,1561.9,0,0,0,859.0,0,0,1,651.7,0,1,1,912.8,0,0,1,Örs vezér tere,,Kincsem lakópark,Fehér úti ipari park,Névtelen zöldfelület / park,villamos
35472664,kiado,"Budapest X. kerület, Tavas utca",Újhegy,200000.0,0.2,200.0,6666.666666666667,12.206072645530174,8.804875263868018,0,30.0,33.0,1.0,6,0,1,0,1,1,1,1,0,0,3.0,47.4699607,19.1670969,0,1045.3,1000-2000 m,0,,,0,0,0,https://ingatlan.com/35472664,"Kiadó tégla lakás - Budapest X. kerület, Tavas utca #35472664",1108,Budapest,Tavas utca,,új építésű,Tégla lakás,2023.0,0-10 év,6.0,1.0,0.0,1 szoba,30.0,2,2.0,4.0,0,"fan-coil, hőszivattyú",,0,0,1,0,A++,igen,azonnal,12 hónap,nincs megadva,15000.0,10000.0,Ingatlaniroda,,2123.0,4.0,,,,,,,,,0,0,0,,0,0,0,,0,0,,0,0,0,,0,0,0,,,,,0,0,0,,0,0,0,,0,0,0,,0,0,0,,0,0,0,,,,,,
35476226,kiado,"Budapest X. kerület, Szárnyas utca",Gyárdűlő,160000.0,0.16,160.0,5714.285714285715,11.982929094215963,8.650724584040761,0,28.0,28.0,1.0,3,0,0,0,1,0,0,0,1,0,,47.4688278,19.1202985,0,762.0,500-1000 m,0,,,0,0,0,https://ingatlan.com/35476226,"Kiadó tégla lakás - Budapest X. kerület, Szárnyas utca #35476226",1107,Budapest,Szárnyas utca,,jó állapotú,Tégla lakás,,Ismeretlen,0.0,1.0,0.0,1 szoba,28.0,földszint,0.0,3.0,0,gáz (konvektor),,0,1,0,0,nincs megadva,igen,azonnal,12 hónap,nem,8000.0,,Ingatlaniroda,,1939.0,4.0,,,,,,,,,0,0,0,,0,0,0,,0,0,,0,0,0,,0,0,0,,,,,0,0,0,,0,0,0,,0,0,0,,0,0,0,,0,0,0,,,,,,
35483655,kiado,"Budapest X. kerület, Bihari utca",Gyárdűlő,245000.0,0.245,245.0,3951.6129032258063,12.409013489526863,8.281879104481773,0,62.0,63.5,3.0,4,0,0,1,0,1,1,1,0,1,,47.4790338,19.1238379,0,206.5,150-300 m,0,,,0,0,0,https://ingatlan.com/35483655,"Kiadó panel lakás - Budapest X. kerület, Bihari utca #35483655",1107,Budapest,Bihari utca,,felújított,Panel lakás,,Ismeretlen,3.0,3.0,0.0,3 szoba,20.666666666666668,10,10.0,10.0,0,távfűtés egyedi méréssel,,1,0,0,0,nincs megadva,igen,azonnal,12 hónap,nincs megadva,20000.0,,Ingatlaniroda,,248.0,4.0,,,,,,,,,0,0,0,,0,0,0,,0,0,,0,0,0,,0,0,0,,,,,0,0,0,,0,0,0,,0,0,0,,0,0,0,,0,0,0,,,,,,
35483737,kiado,"Budapest X. kerület, Bihari utca",Gyárdűlő,245000.0,0.245,245.0,3951.6129032258063,12.409013489526863,8.281879104481773,0,62.0,63.5,3.0,4,0,0,1,0,1,1,1,0,1,38.0,47.4790338,19.1238379,0,206.5,150-300 m,0,,,0,0,0,https://ingatlan.com/35483737,"Kiadó panel lakás - Budapest X. kerület, Bihari utca #35483737",1107,Budapest,Bihari utca,,felújított,Panel lakás,1988.0,30-60 év (panel-korszak),3.0,3.0,0.0,3 szoba,20.666666666666668,10,10.0,10.0,0,távfűtés egyedi méréssel,,1,0,0,0,nincs megadva,részben,azonnal,12 hónap,nem,20000.0,11000.0,Ingatlaniroda,,793.0,4.0,,,,,,,,,0,0,0,,0,0,0,,0,0,,0,0,0,,0,0,0,,,,,0,0,0,,0,0,0,,0,0,0,,0,0,0,,0,0,0,,,,,,
35484217,kiado,"Budapest X. kerület, Gyakorló utca 4.",Felsőrákos,290000.0,0.29,290.0,4264.705882352941,12.577636201962656,8.35812849678655,0,68.0,69.5,3.0,4,0,0,1,0,1,1,1,0,0,,47.501438,19.138044,1,237.9,150-300 m,0,389.9,5.2,0,1,1,https://ingatlan.com/35484217,"Kiadó panel lakás - Budapest X. kerület, Gyakorló utca 4. #35484217",1106,Budapest,Gyakorló utca,4,felújított,Panel lakás,,Ismeretlen,3.0,3.0,0.0,3 szoba,22.666666666666668,4,4.0,10.0,0,"távfűtés, hűtő-fűtő klíma",,1,0,0,0,nincs megadva,igen,azonnal,12 hónap,nem,22400.0,,Ingatlaniroda,,906.0,2.0,,,,,,,,294.3,1,1,1,213.6,1,1,1,158.7,1,1,213.6,1,1,1,247.7,1,1,1,48.0,96.0,139.0,1293.8,0,0,0,943.1,0,0,1,242.4,1,1,1,137.2,1,1,1,294.0,1,1,1,Örs vezér tere,,Örs vezér tere M+H,Örs vezér tere M+H,Névtelen zöldfelület / park,villamos
35484319,kiado,"Budapest X. kerület, Bihari utca 2.",Gyárdűlő,245000.0,0.245,245.0,3951.6129032258063,12.409013489526863,8.281879104481773,0,62.0,63.5,3.0,4,0,0,1,0,1,1,1,0,1,58.0,,,0,,,0,,,0,0,0,https://ingatlan.com/35484319,"Kiadó panel lakás - Budapest X. kerület, Bihari utca #35484319",1107,Budapest,Bihari utca,2,felújított,Panel lakás,1968.0,30-60 év (panel-korszak),3.0,3.0,0.0,3 szoba,20.666666666666668,10,10.0,10.0,0,távfűtés egyedi méréssel,,1,0,0,0,nincs megadva,részben,azonnal,12 hónap,nem,11000.0,,Ingatlaniroda,,784.0,4.0,,,,,,,,,0,0,0,,0,0,0,,0,0,,0,0,0,,0,0,0,,,,,0,0,0,,0,0,0,,0,0,0,,0,0,0,,0,0,0,,,,,,
35486417,kiado,"Budapest X. kerület, Üllői köz",Gyárdűlő,170000.0,0.17,170.0,4594.594594594595,12.043553716032399,8.432635803388175,0,37.0,37.0,1.0,3,0,0,0,1,0,0,0,0,0,,47.4706653,19.1143223,0,435.9,300-500 m,0,,,0,0,0,https://ingatlan.com/35486417,"Kiadó tégla lakás - Budapest X. kerület, Üllői köz #35486417",1101,Budapest,Üllői köz,,nincs megadva,Tégla lakás,,Ismeretlen,0.0,1.0,0.0,1 szoba,37.0,nincs megadva,,,0,nincs megadva,,0,0,0,0,nincs megadva,nincs megadva,nincs megadva,nincs megadva,nincs megadva,,,Ingatlaniroda,,361.0,2.0,,,,,,,,,0,0,0,,0,0,0,,0,0,,0,0,0,,0,0,0,,,,,0,0,0,,0,0,0,,0,0,0,,0,0,0,,0,0,0,,,,,,
35486489,kiado,"Budapest X. kerület, Bihari utca 10.",Gyárdűlő,245000.0,0.245,245.0,3769.230769230769,12.409013489526863,8.234626219631227,0,65.0,66.5,3.0,4,0,0,1,0,1,0,1,0,1,,,,0,,,0,,,0,0,0,https://ingatlan.com/35486489,"Kiadó panel lakás - Budapest X. kerület, Bihari utca #35486489",1107,Budapest,Bihari utca,10,felújított,Panel lakás,,Ismeretlen,3.0,3.0,0.0,3 szoba,21.666666666666668,10,10.0,10.0,0,távfűtés egyedi méréssel,,1,0,0,0,nincs megadva,részben,azonnal,12 hónap,nincs megadva,20000.0,11000.0,Ingatlaniroda,,387.0,4.0,,,,,,,,,0,0,0,,0,0,0,,0,0,,0,0,0,,0,0,0,,,,,0,0,0,,0,0,0,,0,0,0,,0,0,0,,0,0,0,,,,,,
35486558,kiado,"Budapest X. kerület, Gyógyszergyári utca",Felsőrákos,300000.0,0.3,300.0,5357.142857142857,12.611537753638338,8.586186062903188,0,56.0,61.0,2.0,3,0,0,0,1,0,0,1,0,0,,47.4994212,19.1493566,0,351.7,300-500 m,0,,,0,0,0,https://ingatlan.com/35486558,"Kiadó tégla lakás - Budapest X. kerület, Gyógyszergyári utca #35486558",1106,Budapest,Gyógyszergyári utca,,nincs megadva,Tégla lakás,,Ismeretlen,10.0,2.0,0.0,2 szoba,28.0,nincs megadva,,,0,nincs megadva,,0,0,0,0,nincs megadva,nincs megadva,nincs megadva,nincs megadva,nincs megadva,,,Ingatlaniroda,,228.0,2.0,,,,,,,,,0,0,0,,0,0,0,,0,0,,0,0,0,,0,0,0,,,,,0,0,0,,0,0,0,,0,0,0,,0,0,0,,0,0,0,,,,,,
35490999,kiado,"Budapest X. kerület, Gyógyszergyári utca",Felsőrákos,285000.0,0.285,285.0,8142.857142857143,12.560244459250788,9.004896397761375,0,35.0,38.0,1.0,3,0,0,0,0,0,0,1,0,0,,47.4994212,19.1493566,0,351.7,300-500 m,0,,,0,0,0,https://ingatlan.com/35490999,"Kiadó csúsztatott zsalus - Budapest X. kerület, Gyógyszergyári utca #35490999",1106,Budapest,Gyógyszergyári utca,,nincs megadva,Csúsztatott zsalus lakás,,Ismeretlen,6.0,1.0,0.0,1 szoba,35.0,nincs megadva,,,0,nincs megadva,,0,0,0,0,nincs megadva,nincs megadva,nincs megadva,nincs megadva,nincs megadva,,,Ingatlaniroda,,365.0,2.0,,,,,,,,,0,0,0,,0,0,0,,0,0,,0,0,0,,0,0,0,,,,,0,0,0,,0,0,0,,0,0,0,,0,0,0,,0,0,0,,,,,,
35491005,kiado,"Budapest X. kerület, Gyógyszergyári utca",Felsőrákos,330000.0,0.33,330.0,7333.333333333333,12.706847933442663,8.900185443672344,0,45.0,47.5,2.0,3,0,0,0,0,0,0,1,0,0,,47.4994212,19.1493566,0,351.7,300-500 m,0,,,0,0,0,https://ingatlan.com/35491005,"Kiadó csúsztatott zsalus - Budapest X. kerület, Gyógyszergyári utca #35491005",1106,Budapest,Gyógyszergyári utca,,nincs megadva,Csúsztatott zsalus lakás,,Ismeretlen,5.0,2.0,0.0,2 szoba,22.5,nincs megadva,,,0,nincs megadva,,0,0,0,0,nincs megadva,nincs megadva,nincs megadva,nincs megadva,nincs megadva,,,Ingatlaniroda,,358.0,2.0,,,,,,,,,0,0,0,,0,0,0,,0,0,,0,0,0,,0,0,0,,,,,0,0,0,,0,0,0,,0,0,0,,0,0,0,,0,0,0,,,,,,
35491242,kiado,"Budapest X. kerület, Gyógyszergyári utca 12.",Felsőrákos,235000.0,0.235,235.0,6714.285714285715,12.367340793126296,8.811992731636883,0,35.0,40.5,1.0,6,0,1,0,0,1,1,1,0,0,0.0,47.497773,19.144117,1,519.5,500-1000 m,0,1233.6,16.4,0,0,0,https://ingatlan.com/35491242,"Kiadó csúsztatott zsalus - Budapest X. kerület, Gyógyszergyári utca 12. #35491242",1106,Budapest,Gyógyszergyári utca,12,új építésű,Csúsztatott zsalus lakás,2026.0,Új építésű (2025+),11.0,1.0,0.0,1 szoba,35.0,6,6.0,8.0,0,távfűtés,,1,0,0,0,A+,igen,2026. október,12 hónap,nem,35000.0,5000.0,Ingatlaniroda,,3039.0,2.0,,,,,,,,1135.7,0,0,0,502.9,0,1,1,763.9,0,0,502.9,0,1,1,530.6,0,1,1,0.0,4.0,45.0,1142.5,0,0,0,1786.8,0,0,0,1083.9,0,0,1,876.7,0,0,1,1137.7,0,0,0,Örs vezér tere,,Kincsem lakópark,Fehér úti ipari park,Erdélyi emlékkert,villamos
35493182,kiado,"Budapest X. kerület, Gyógyszergyári utca 8.",Felsőrákos,265000.0,0.265,265.0,5888.888888888889,12.487485104968359,8.68082261519804,0,45.0,50.5,2.0,5,0,1,0,0,1,1,1,0,0,0.0,47.49801,19.142693,1,553.3,500-1000 m,0,1194.2,15.9,0,0,0,https://ingatlan.com/35493182,"Kiadó csúsztatott zsalus - Budapest X. kerület, Gyógyszergyári utca 8. #35493182",1106,Budapest,Gyógyszergyári utca,8,újszerű,Csúsztatott zsalus lakás,2026.0,Új építésű (2025+),11.0,2.0,0.0,2 szoba,22.5,5,5.0,8.0,0,távfűtés,,1,0,0,0,A+,megegyezés szerint,azonnal,12 hónap,nincs megadva,25000.0,,Ingatlaniroda,,1773.0,4.0,,,,,,,,1096.3,0,0,1,463.5,0,1,1,724.5,0,1,463.5,0,1,1,600.2,0,1,1,0.0,7.0,52.0,1212.4,0,0,0,1747.4,0,0,0,1044.5,0,0,1,837.3,0,0,1,1098.3,0,0,1,Örs vezér tere,,Kincsem lakópark,Fehér úti ipari park,Erdélyi emlékkert,villamos
35493734,kiado,"Budapest X. kerület, Szárnyas utca",Gyárdűlő,150000.0,0.15,150.0,5172.413793103448,11.918390573078392,8.55109474309192,0,29.0,29.0,1.0,2,1,0,0,1,0,0,0,0,0,,47.4688278,19.1202985,0,762.0,500-1000 m,0,,,0,0,0,https://ingatlan.com/35493734,"Kiadó tégla lakás - Budapest X. kerület, Szárnyas utca #35493734",1107,Budapest,Szárnyas utca,,közepes állapotú,Tégla lakás,,Ismeretlen,0.0,1.0,0.0,1 szoba,29.0,3,3.0,4.0,0,gáz (konvektor),,0,1,0,0,nincs megadva,nincs megadva,2026. november,12 hónap,nincs megadva,12000.0,,Ingatlaniroda,,480.0,2.0,,,,,,,,,0,0,0,,0,0,0,,0,0,,0,0,0,,0,0,0,,,,,0,0,0,,0,0,0,,0,0,0,,0,0,0,,0,0,0,,,,,,
35496353,kiado,"Budapest X. kerület, Lenfonó utca",Újhegy,240000.0,0.24,240.0,4800.0,12.388394202324129,8.476371196895983,0,50.0,52.0,2.0,3,0,0,1,0,0,0,1,0,0,,47.4712382,19.1593693,0,973.9,500-1000 m,0,,,0,0,0,https://ingatlan.com/35496353,"Kiadó panel lakás - Budapest X. kerület, Lenfonó utca #35496353",1108,Budapest,Lenfonó utca,,nincs megadva,Panel lakás,,Ismeretlen,4.0,2.0,0.0,2 szoba,25.0,nincs megadva,,,0,nincs megadva,,0,0,0,0,nincs megadva,nincs megadva,nincs megadva,nincs megadva,nincs megadva,,,Ingatlaniroda,,1426.0,2.0,,,,,,,,,0,0,0,,0,0,0,,0,0,,0,0,0,,0,0,0,,,,,0,0,0,,0,0,0,,0,0,0,,0,0,0,,0,0,0,,,,,,
35496799,kiado,"Budapest X. kerület, Tavas utca",Újhegy,220000.0,0.22,220.0,6666.666666666667,12.301382825334498,8.804875263868018,0,33.0,33.0,1.0,6,0,1,0,1,1,1,0,0,0,2.0,47.4699607,19.1670969,0,1045.3,1000-2000 m,0,,,0,0,0,https://ingatlan.com/35496799,"Kiadó tégla lakás - Budapest X. kerület, Tavas utca #35496799",1108,Budapest,Tavas utca,,új építésű,Tégla lakás,2024.0,0-10 év,0.0,1.0,0.0,1 szoba,33.0,2,2.0,6.0,0,hőszivattyú,,0,0,1,0,nincs megadva,igen,azonnal,12 hónap,nincs megadva,14000.0,15000.0,Ingatlaniroda,,1092.0,4.0,,,,,,,,,0,0,0,,0,0,0,,0,0,,0,0,0,,0,0,0,,,,,0,0,0,,0,0,0,,0,0,0,,0,0,0,,0,0,0,,,,,,
35500271,kiado,"Budapest X. kerület, Bihari utca",Gyárdűlő,245000.0,0.245,245.0,3951.6129032258063,12.409013489526863,8.281879104481773,0,62.0,63.5,3.0,3,0,0,1,0,1,1,1,0,1,38.0,47.4790338,19.1238379,0,206.5,150-300 m,0,,,0,0,0,https://ingatlan.com/35500271,"Kiadó panel lakás - Budapest X. kerület, Bihari utca #35500271",1107,Budapest,Bihari utca,,jó állapotú,Panel lakás,1988.0,30-60 év (panel-korszak),3.0,3.0,0.0,3 szoba,20.666666666666668,10,10.0,10.0,0,távfűtés egyedi méréssel,,1,0,0,0,B,részben,azonnal,12 hónap,nincs megadva,23000.0,11000.0,Ingatlaniroda,,683.0,2.0,,,,,,,,,0,0,0,,0,0,0,,0,0,,0,0,0,,0,0,0,,,,,0,0,0,,0,0,0,,0,0,0,,0,0,0,,0,0,0,,,,,,
35500957,kiado,"Budapest X. kerület, Gyógyszergyári utca",Felsőrákos,290000.0,0.29,290.0,5576.923076923077,12.577636201962656,8.62639248338123,0,52.0,58.5,2.0,6,0,1,0,0,1,1,1,0,0,0.0,47.4994212,19.1493566,0,351.7,300-500 m,0,,,0,0,0,https://ingatlan.com/35500957,"Kiadó csúsztatott zsalus - Budapest X. kerület, Gyógyszergyári utca #35500957",1106,Budapest,Gyógyszergyári utca,,új építésű,Csúsztatott zsalus lakás,2026.0,Új építésű (2025+),13.0,2.0,0.0,2 szoba,26.0,2,2.0,6.0,0,"távfűtés, padlófűtés, hűtő-fűtő klíma",,1,0,0,0,nincs megadva,részben,nincs megadva,12 hónap,nem,,,Ingatlaniroda,,1219.0,2.0,,,,,,,,,0,0,0,,0,0,0,,0,0,,0,0,0,,0,0,0,,,,,0,0,0,,0,0,0,,0,0,0,,0,0,0,,0,0,0,,,,,,
35503977,kiado,"Budapest X. kerület, Gyógyszergyári utca",Felsőrákos,350000.0,0.35,350.0,5384.615384615385,12.765688433465597,8.591301163569959,0,65.0,73.0,3.0,3,0,0,0,1,0,0,1,0,0,,47.4994212,19.1493566,0,351.7,300-500 m,0,,,0,0,0,https://ingatlan.com/35503977,"Kiadó tégla lakás - Budapest X. kerület, Gyógyszergyári utca #35503977",1106,Budapest,Gyógyszergyári utca,,nincs megadva,Tégla lakás,,Ismeretlen,16.0,3.0,0.0,3 szoba,21.666666666666668,nincs megadva,,,0,nincs megadva,,0,0,0,0,nincs megadva,nincs megadva,nincs megadva,nincs megadva,nincs megadva,,,Ingatlaniroda,,952.0,2.0,,,,,,,,,0,0,0,,0,0,0,,0,0,,0,0,0,,0,0,0,,,,,0,0,0,,0,0,0,,0,0,0,,0,0,0,,0,0,0,,,,,,
35505628,kiado,"Budapest X. kerület, Bihari utca 62.",Gyárdűlő,245000.0,0.245,245.0,3951.6129032258063,12.409013489526863,8.281879104481773,0,62.0,63.5,3.0,3,0,0,1,0,1,1,1,0,1,38.0,,,0,,,0,,,0,0,0,https://ingatlan.com/35505628,"Kiadó panel lakás - Budapest X. kerület, Bihari utca #35505628",1107,Budapest,Bihari utca,62,jó állapotú,Panel lakás,1988.0,30-60 év (panel-korszak),3.0,3.0,0.0,3 szoba,20.666666666666668,10,10.0,10.0,0,távfűtés egyedi méréssel,,1,0,0,0,nincs megadva,részben,azonnal,12 hónap,nem,20500.0,,Ingatlaniroda,,503.0,4.0,,,,,,,,,0,0,0,,0,0,0,,0,0,,0,0,0,,0,0,0,,,,,0,0,0,,0,0,0,,0,0,0,,0,0,0,,0,0,0,,,,,,
35505839,kiado,"Budapest X. kerület, Gyógyszergyári utca 10.",Felsőrákos,340000.0,0.34,340.0,5483.870967741936,12.736700896592344,8.609566511547252,0,62.0,70.0,3.0,6,0,1,0,1,1,1,1,0,0,0.0,47.497327,19.139864,1,432.7,300-500 m,0,914.9,12.2,0,0,1,https://ingatlan.com/35505839,"Kiadó tégla lakás - Budapest X. kerület, Gyógyszergyári utca 10. #35505839",1106,Budapest,Gyógyszergyári utca,10,új építésű,Tégla lakás,2026.0,Új építésű (2025+),16.0,3.0,0.0,3 szoba,20.666666666666668,6,6.0,8.0,0,távfűtés,,1,0,0,0,nincs megadva,megegyezés szerint,azonnal,nincs megadva,nem,,,Ingatlaniroda,,1765.0,2.0,,,,,,,,817.0,0,0,1,146.6,1,1,1,445.1,0,1,146.6,1,1,1,429.1,0,1,1,2.0,30.0,99.0,1443.2,0,0,0,1468.0,0,0,0,765.2,0,0,1,557.9,0,1,1,818.9,0,0,1,Örs vezér tere,,Kincsem lakópark,Fehér úti ipari park,Névtelen zöldfelület / park,villamos
35506370,kiado,"Budapest X. kerület, Nyitra utca 3.",Óhegy,185000.0,0.185,185.0,5285.714285714285,12.128111104060462,8.572763042571047,0,35.0,35.0,1.0,3,0,0,0,1,0,0,0,0,0,,47.488088,19.139641,1,449.0,300-500 m,0,904.2,12.1,0,0,1,https://ingatlan.com/35506370,"Kiadó tégla lakás - Budapest X. kerület, Nyitra utca 3. #35506370",1105,Budapest,Nyitra utca,3,nincs megadva,Tégla lakás,,Ismeretlen,0.0,1.0,0.0,1 szoba,35.0,nincs megadva,,,0,nincs megadva,,0,0,0,0,nincs megadva,nincs megadva,nincs megadva,nincs megadva,nincs megadva,,,Ingatlaniroda,,282.0,2.0,,,,,,,,,0,0,0,353.3,1,1,1,169.4,1,1,353.3,1,1,1,498.1,0,1,1,5.0,30.0,72.0,1056.2,0,0,1,380.2,0,1,1,607.8,0,1,1,314.1,1,1,1,,0,0,0,Kőbánya felső,,Szent László Gimnázium,Szent László Gimnázium,Rottenbiller park,villamos
35507913,kiado,"Budapest X. kerület, Lavotta utca 13.",Óhegy,250000.0,0.25,250.0,4716.981132075472,12.429216196844383,8.458924283292262,0,53.0,55.0,2.0,4,0,0,1,0,1,1,1,0,1,58.0,47.476608,19.158719,1,519.7,500-1000 m,0,2024.7,27.0,0,0,0,https://ingatlan.com/35507913,"Kiadó panel lakás - Budapest X. kerület, Lavotta utca 13. #35507913",1104,Budapest,Lavotta utca,13,felújított,Panel lakás,1968.0,30-60 év (panel-korszak),4.0,2.0,0.0,2 szoba,26.5,10,10.0,10.0,0,távfűtés egyedi méréssel,,1,0,0,0,nincs megadva,nem,azonnal,18 hónap,nincs megadva,23300.0,,Ingatlaniroda,,1344.0,2.0,,,,,,,,2030.6,0,0,0,542.6,0,1,1,84.1,1,1,542.6,0,1,1,481.2,0,1,1,2.0,25.0,53.0,,0,0,0,,0,0,0,614.9,0,1,1,562.4,0,1,1,444.5,0,1,1,Kőbánya-Kispest,,Bajcsy-Zsilinszky Kórház,Lavotta utca,Névtelen zöldfelület / park,villamos
35509044,kiado,"Budapest X. kerület, Kőér utca",Óhegy,190000.0,0.19,190.0,5937.5,12.154779351142624,8.689043448342897,0,32.0,32.0,1.0,3,0,0,0,1,0,0,0,0,0,,47.4831913,19.1454093,0,983.1,500-1000 m,0,,,0,0,0,https://ingatlan.com/35509044,"Kiadó tégla lakás - Budapest X. kerület, Kőér utca #35509044",1103,Budapest,Kőér utca,,nincs megadva,Tégla lakás,,Ismeretlen,0.0,1.0,0.0,1 szoba,32.0,nincs megadva,,,0,nincs megadva,,0,0,0,0,nincs megadva,nincs megadva,nincs megadva,nincs megadva,nincs megadva,,,Ingatlaniroda,,623.0,2.0,,,,,,,,,0,0,0,,0,0,0,,0,0,,0,0,0,,0,0,0,,,,,0,0,0,,0,0,0,,0,0,0,,0,0,0,,0,0,0,,,,,,
35510019,kiado,"Budapest X. kerület, Gyógyszergyári utca",Felsőrákos,190000.0,0.19,190.0,6551.724137931034,12.154779351142624,8.78748352115615,0,29.0,32.5,1.0,6,0,1,0,1,1,1,1,0,0,0.0,47.4994212,19.1493566,0,351.7,300-500 m,0,,,0,0,0,https://ingatlan.com/35510019,"Kiadó tégla lakás - Budapest X. kerület, Gyógyszergyári utca #35510019",1106,Budapest,Gyógyszergyári utca,,új építésű,Tégla lakás,2026.0,Új építésű (2025+),7.0,1.0,0.0,1 szoba,29.0,3,3.0,7.0,0,házközponti,,0,0,0,0,nincs megadva,részben,azonnal,24 hónap,nem,20000.0,20000.0,Ingatlaniroda,,1722.0,4.0,,,,,,,,,0,0,0,,0,0,0,,0,0,,0,0,0,,0,0,0,,,,,0,0,0,,0,0,0,,0,0,0,,0,0,0,,0,0,0,,,,,,
35511177,kiado,"Budapest X. kerület, Mongol utca",Óhegy,165000.0,0.165,165.0,7173.913043478261,12.013700752882718,8.878206536953568,0,23.0,23.0,1.0,3,0,0,0,1,0,1,0,0,1,38.0,47.4787722,19.1318437,0,89.1,<150 m,1,,,0,0,0,https://ingatlan.com/35511177,"Kiadó tégla lakás - Budapest X. kerület, Mongol utca #35511177",1105,Budapest,Mongol utca,,jó állapotú,Tégla lakás,1988.0,30-60 év (panel-korszak),0.0,1.0,0.0,1 szoba,23.0,3,3.0,3.0,0,hűtő-fűtő klíma,,0,0,0,0,nincs megadva,igen,azonnal,nincs megadva,igen,15000.0,,Ingatlaniroda,,986.0,2.0,,,,,,,,,0,0,0,,0,0,0,,0,0,,0,0,0,,0,0,0,,,,,0,0,0,,0,0,0,,0,0,0,,0,0,0,,0,0,0,,,,,,
35515917,kiado,"Budapest X. kerület, Noszlopy utca 59.",Óhegy,240000.0,0.24,240.0,4067.7966101694915,12.388394202324129,8.310856758418408,0,59.0,59.0,3.0,3,0,0,1,0,0,0,0,0,0,38.0,,,0,,,0,,,0,0,0,https://ingatlan.com/35515917,"Kiadó panel lakás - Budapest X. kerület, Noszlopy utca #35515917",1103,Budapest,Noszlopy utca,59,jó állapotú,Panel lakás,1988.0,30-60 év (panel-korszak),0.0,3.0,0.0,3 szoba,19.666666666666668,1,1.0,4.0,0,távfűtés egyedi méréssel,,1,0,0,0,nincs megadva,részben,nincs megadva,12 hónap,nincs megadva,,,Ingatlaniroda,,1905.0,2.0,,,,,,,,,0,0,0,,0,0,0,,0,0,,0,0,0,,0,0,0,,,,,0,0,0,,0,0,0,,0,0,0,,0,0,0,,0,0,0,,,,,,
35520137,kiado,"Budapest X. kerület, Kőbányai út 43/B.",Gyárdűlő,400000.0,0.4,400.0,5000.0,12.89921982609012,8.517193191416238,0,80.0,120.0,3.0,5,0,1,0,1,1,0,1,0,1,21.0,47.484724,19.113348,1,373.3,300-500 m,0,1115.3,14.9,0,0,1,https://ingatlan.com/35520137,"Kiadó tégla lakás - Budapest X. kerület, Kőbányai út 43/B #35520137",1101,Budapest,Kőbányai út,43/B,újszerű,Tégla lakás,2005.0,10-30 év (rendszerváltás utáni),80.0,3.0,0.0,3 szoba,26.666666666666668,5,5.0,5.0,0,házközponti egyedi méréssel,,0,0,0,0,nincs megadva,részben,azonnal,12 hónap,nincs megadva,37000.0,20000.0,Ingatlaniroda,,525.0,2.0,,,,,,,,1751.9,0,0,0,59.2,1,1,1,63.8,1,1,59.2,1,1,1,229.3,1,1,1,11.0,20.0,59.0,797.0,0,0,1,1332.9,0,0,0,26.7,1,1,1,31.7,1,1,1,2091.2,0,0,0,Kőbánya alsó,,Eiffel Műhelyház,Eiffel Műhelyház,Kodály Zoltán park,villamos
35522250,kiado,"Budapest X. kerület, Tóvirág utca",Újhegy,220000.0,0.22,220.0,4400.0,12.301382825334498,8.389359819906353,0,50.0,50.0,2.0,3,0,0,1,0,0,0,0,0,0,,47.4691728,19.1643295,0,891.4,500-1000 m,0,,,0,0,0,https://ingatlan.com/35522250,"Kiadó panel lakás - Budapest X. kerület, Tóvirág utca #35522250",1108,Budapest,Tóvirág utca,,nincs megadva,Panel lakás,,Ismeretlen,0.0,2.0,0.0,2 szoba,25.0,nincs megadva,,,0,nincs megadva,,0,0,0,0,nincs megadva,nincs megadva,nincs megadva,nincs megadva,nincs megadva,,,Ingatlaniroda,,683.0,2.0,,,,,,,,,0,0,0,,0,0,0,,0,0,,0,0,0,,0,0,0,,,,,0,0,0,,0,0,0,,0,0,0,,0,0,0,,0,0,0,,,,,,
35522867,kiado,"Budapest X. kerület, Szentimrey utca",Óhegy,285000.0,0.285,285.0,5277.777777777777,12.560244459250788,8.571260412686513,0,54.0,54.0,2.0,4,0,0,0,0,0,1,0,0,1,,47.4778435,19.1630873,0,266.7,150-300 m,0,,,0,0,0,https://ingatlan.com/35522867,"Kiadó csúsztatott zsalus - Budapest X. kerület, Szentimrey utca #35522867",1104,Budapest,Szentimrey utca,,felújított,Csúsztatott zsalus lakás,,Ismeretlen,0.0,2.0,0.0,2 szoba,27.0,3,3.0,3.0,0,nincs megadva,,0,0,0,0,nincs megadva,igen,azonnal,6 hónap,nincs megadva,,,Ingatlaniroda,,1301.0,2.0,,,,,,,,,0,0,0,,0,0,0,,0,0,,0,0,0,,0,0,0,,,,,0,0,0,,0,0,0,,0,0,0,,0,0,0,,0,0,0,,,,,,
35530582,kiado,"Budapest X. kerület, Gyógyszergyári utca",Felsőrákos,280000.0,0.28,280.0,6222.222222222223,12.542544882151386,8.735882392381066,0,45.0,50.0,2.0,3,0,0,0,1,0,0,1,0,0,,47.4994212,19.1493566,0,351.7,300-500 m,0,,,0,0,0,https://ingatlan.com/35530582,"Kiadó tégla lakás - Budapest X. kerület, Gyógyszergyári utca #35530582",1106,Budapest,Gyógyszergyári utca,,nincs megadva,Tégla lakás,,Ismeretlen,10.0,2.0,0.0,2 szoba,22.5,nincs megadva,,,0,nincs megadva,,0,0,0,0,nincs megadva,nincs megadva,nincs megadva,nincs megadva,nincs megadva,,,Ingatlaniroda,,728.0,2.0,,,,,,,,,0,0,0,,0,0,0,,0,0,,0,0,0,,0,0,0,,,,,0,0,0,,0,0,0,,0,0,0,,0,0,0,,0,0,0,,,,,,
35531848,kiado,"Budapest X. kerület, Kőbánya - Óhegy",Óhegy,200000.0,0.2,200.0,3846.153846153846,12.206072645530174,8.254828926948747,0,52.0,54.0,2.0,3,0,0,0,1,0,0,1,0,0,,47.4820541,19.132346,0,297.2,150-300 m,0,,,0,0,0,https://ingatlan.com/35531848,"Kiadó tégla lakás - Budapest X. kerület, Kőbánya - Óhegy #35531848",1103,Budapest,Kőbánya - Óhegy,,jó állapotú,Tégla lakás,,Ismeretlen,4.0,2.0,0.0,2 szoba,26.0,félemelet,0.5,4.0,0,gázkazán,,0,1,0,0,nincs megadva,részben,azonnal,12 hónap,igen,6000.0,,Ingatlaniroda,,542.0,4.0,,,,,,,,,0,0,0,,0,0,0,,0,0,,0,0,0,,0,0,0,,,,,0,0,0,,0,0,0,,0,0,0,,0,0,0,,0,0,0,,,,,,
35534558,kiado,"Budapest X. kerület, Népliget",Kőbánya egyéb,300000.0,0.3,300.0,4166.666666666667,12.611537753638338,8.334871634622283,0,72.0,80.0,3.0,3,0,0,0,1,1,1,1,0,0,15.0,47.4797172,19.1098947,0,515.2,500-1000 m,0,,,0,0,0,https://ingatlan.com/35534558,"Kiadó tégla lakás - Budapest X. kerület, Népliget #35534558",1101,Budapest,Népliget,,jó állapotú,Tégla lakás,2011.0,10-30 év (rendszerváltás utáni),16.0,3.0,0.0,3 szoba,24.0,3,3.0,,0,házközponti egyedi méréssel,,0,0,0,0,nincs megadva,nincs megadva,azonnal,14 hónap,nincs megadva,,,Ingatlaniroda,,773.0,4.0,,,,,,,,,0,0,0,,0,0,0,,0,0,,0,0,0,,0,0,0,,,,,0,0,0,,0,0,0,,0,0,0,,0,0,0,,0,0,0,,,,,,
35534971,kiado,"Budapest X. kerület, Gyakorló utca 18.",Felsőrákos,220000.0,0.22,220.0,6285.714285714285,12.301382825334498,8.746034763845085,0,35.0,37.0,2.0,4,0,0,1,0,1,0,1,0,0,58.0,47.502165,19.144154,1,227.6,150-300 m,0,670.0,8.9,0,1,1,https://ingatlan.com/35534971,"Kiadó panel lakás - Budapest X. kerület, Gyakorló utca 18. #35534971",1106,Budapest,Gyakorló utca,18,felújított,Panel lakás,1968.0,30-60 év (panel-korszak),4.0,2.0,0.0,2 szoba,17.5,5,5.0,10.0,0,távfűtés,,1,0,0,0,D,részben,azonnal,12 hónap,nem,12950.0,,Ingatlaniroda,,1691.0,2.0,,,,,,,,760.8,0,0,1,680.1,0,1,1,242.1,1,1,670.0,0,1,1,92.5,1,1,1,10.0,61.0,140.0,856.8,0,0,1,1006.8,0,0,1,288.6,1,1,1,381.8,0,1,1,257.0,1,1,1,Örs vezér tere,,Örs vezér tere M+H,Gyakorló köz,Névtelen zöldfelület / park,vasut
35534992,kiado,"Budapest X. kerület, Szárnyas utca",Gyárdűlő,280000.0,0.28,280.0,9333.333333333334,12.542544882151386,9.141347500489232,0,30.0,31.0,1.0,4,0,0,0,1,0,1,1,0,0,,47.4688278,19.1202985,0,762.0,500-1000 m,0,,,0,0,0,https://ingatlan.com/35534992,"Kiadó tégla lakás - Budapest X. kerület, Szárnyas utca #35534992",1107,Budapest,Szárnyas utca,,felújított,Tégla lakás,,Ismeretlen,2.0,1.0,0.0,1 szoba,30.0,2,2.0,,0,hűtő-fűtő klíma,,0,0,0,0,nincs megadva,igen,azonnal,12 hónap,nincs megadva,10200.0,,Ingatlaniroda,,1234.0,2.0,,,,,,,,,0,0,0,,0,0,0,,0,0,,0,0,0,,0,0,0,,,,,0,0,0,,0,0,0,,0,0,0,,0,0,0,,0,0,0,,,,,,
35535378,kiado,"Budapest X. kerület, Gyógyszergyári utca",Felsőrákos,260000.0,0.26,260.0,6046.511627906977,12.468436909997665,8.707236794304102,0,43.0,48.5,2.0,6,0,1,0,1,1,1,1,0,0,0.0,47.4994212,19.1493566,0,351.7,300-500 m,0,,,0,0,0,https://ingatlan.com/35535378,"Kiadó tégla lakás - Budapest X. kerület, Gyógyszergyári utca #35535378",1106,Budapest,Gyógyszergyári utca,,új építésű,Tégla lakás,2026.0,Új építésű (2025+),11.0,2.0,0.0,2 szoba,21.5,6,6.0,8.0,0,távfűtés,,1,0,0,0,nincs megadva,nem,azonnal,12 hónap,nem,20000.0,20000.0,Ingatlaniroda,,1451.0,2.0,,,,,,,,,0,0,0,,0,0,0,,0,0,,0,0,0,,0,0,0,,,,,0,0,0,,0,0,0,,0,0,0,,0,0,0,,0,0,0,,,,,,
35536077,kiado,"Budapest X. kerület, Üllői út",Gyárdűlő,278000.0,0.278,278.0,3808.219178082192,12.535376392672774,8.244916951524383,0,73.0,73.0,3.0,4,0,0,0,1,0,0,0,1,0,58.0,47.4789502,19.0894289,0,1067.5,1000-2000 m,0,,,0,0,0,https://ingatlan.com/35536077,"Kiadó tégla lakás - Budapest X. kerület, Üllői út #35536077",1101,Budapest,Üllői út,,felújított,Tégla lakás,1968.0,30-60 év (panel-korszak),0.0,3.0,0.0,3 szoba,24.333333333333332,földszint,0.0,5.0,0,távfűtés,,1,0,0,0,nincs megadva,megegyezés szerint,azonnal,12 hónap,nem,23000.0,,Ingatlaniroda,,2030.0,2.0,,,,,,,,,0,0,0,,0,0,0,,0,0,,0,0,0,,0,0,0,,,,,0,0,0,,0,0,0,,0,0,0,,0,0,0,,0,0,0,,,,,,
35536112,kiado,"Budapest X. kerület, Üllői út",Gyárdűlő,278000.0,0.278,278.0,3808.219178082192,12.535376392672774,8.244916951524383,0,73.0,73.0,3.0,4,0,0,0,1,0,0,0,1,0,58.0,47.4789502,19.0894289,0,1067.5,1000-2000 m,0,,,0,0,0,https://ingatlan.com/35536112,"Kiadó tégla lakás - Budapest X. kerület, Üllői út #35536112",1101,Budapest,Üllői út,,felújított,Tégla lakás,1968.0,30-60 év (panel-korszak),0.0,3.0,0.0,3 szoba,24.333333333333332,földszint,0.0,,0,távfűtés,,1,0,0,0,nincs megadva,nincs megadva,azonnal,12 hónap,nincs megadva,23000.0,,Ingatlaniroda,,2179.0,2.0,,,,,,,,,0,0,0,,0,0,0,,0,0,,0,0,0,,0,0,0,,,,,0,0,0,,0,0,0,,0,0,0,,0,0,0,,0,0,0,,,,,,
35537776,kiado,"Budapest X. kerület, Gyógyszergyári utca",Felsőrákos,190000.0,0.19,190.0,6333.333333333333,12.154779351142624,8.753581969480468,0,30.0,33.0,1.0,3,0,0,0,1,0,0,1,0,0,,47.4994212,19.1493566,0,351.7,300-500 m,0,,,0,0,0,https://ingatlan.com/35537776,"Kiadó tégla lakás - Budapest X. kerület, Gyógyszergyári utca #35537776",1106,Budapest,Gyógyszergyári utca,,nincs megadva,Tégla lakás,,Ismeretlen,6.0,1.0,0.0,1 szoba,30.0,nincs megadva,,,0,nincs megadva,,0,0,0,0,nincs megadva,nincs megadva,nincs megadva,nincs megadva,nincs megadva,,,Ingatlaniroda,,525.0,2.0,,,,,,,,,0,0,0,,0,0,0,,0,0,,0,0,0,,0,0,0,,,,,0,0,0,,0,0,0,,0,0,0,,0,0,0,,0,0,0,,,,,,
35538249,kiado,"Budapest X. kerület, Gyógyszergyári utca 6.",Felsőrákos,260000.0,0.26,260.0,6046.511627906977,12.468436909997665,8.707236794304102,0,43.0,48.5,2.0,6,0,1,0,1,1,1,1,0,0,0.0,47.497833,19.141041,1,482.9,300-500 m,0,1008.7,13.4,0,0,1,https://ingatlan.com/35538249,"Kiadó tégla lakás - Budapest X. kerület, Gyógyszergyári utca 6. #35538249",1106,Budapest,Gyógyszergyári utca,6,új építésű,Tégla lakás,2026.0,Új építésű (2025+),11.0,2.0,0.0,2 szoba,21.5,6,6.0,8.0,0,távfűtés,,1,0,0,0,nincs megadva,részben,azonnal,12 hónap,nincs megadva,,,Ingatlaniroda,,1128.0,2.0,,,,,,,,910.8,0,0,1,278.0,1,1,1,539.0,0,1,278.0,1,1,1,523.0,0,1,1,2.0,14.0,82.0,1354.1,0,0,0,1561.9,0,0,0,859.0,0,0,1,651.7,0,1,1,912.8,0,0,1,Örs vezér tere,,Kincsem lakópark,Fehér úti ipari park,Névtelen zöldfelület / park,villamos
35539920,kiado,"Budapest X. kerület, Somfa utca 4-6.",Gyárdűlő,390000.0,0.39,390.0,5342.465753424657,12.873902018105829,8.583442576957438,0,73.0,77.5,3.0,5,0,1,0,1,1,1,1,0,0,21.0,47.473288,19.119065,1,438.2,300-500 m,0,1523.5,20.3,0,0,0,https://ingatlan.com/35539920,"Kiadó tégla lakás - Budapest X. kerület, Somfa utca 4-6. #35539920",1107,Budapest,Somfa utca,4-6,újszerű,Tégla lakás,2005.0,10-30 év (rendszerváltás utáni),9.0,3.0,0.0,3 szoba,24.333333333333332,4,4.0,5.0,0,házközponti egyedi méréssel,,0,0,0,0,nincs megadva,igen,azonnal,12 hónap,nincs megadva,31480.0,,Ingatlaniroda,,686.0,4.0,,,,,,,,619.0,0,1,1,405.5,0,1,1,495.3,0,1,405.5,0,1,1,402.2,0,1,1,2.0,24.0,76.0,1293.5,0,0,0,754.0,0,0,1,357.4,1,1,1,135.5,1,1,1,1000.5,0,0,1,Kőbánya alsó,,Balkán utca,Hizlaló tér,Kékvirág park,villamos
35540548,kiado,"Budapest X. kerület, Csilla utca",Laposdűlő,250000.0,0.25,250.0,6578.9473684210525,12.429216196844383,8.791630037117997,0,38.0,38.0,1.0,4,0,0,0,1,0,0,0,0,0,,47.4898279,19.1195837,0,86.4,<150 m,1,,,0,0,0,https://ingatlan.com/35540548,"Kiadó tégla lakás - Budapest X. kerület, Csilla utca #35540548",1101,Budapest,Csilla utca,,felújított,Tégla lakás,,Ismeretlen,0.0,1.0,0.0,1 szoba,38.0,2,2.0,4.0,0,gáz (konvektor),,0,1,0,0,nincs megadva,megegyezés szerint,2026. november,12 hónap,nem,,,Ingatlaniroda,,1428.0,2.0,,,,,,,,,0,0,0,,0,0,0,,0,0,,0,0,0,,0,0,0,,,,,0,0,0,,0,0,0,,0,0,0,,0,0,0,,0,0,0,,,,,,
35541519,kiado,"Budapest X. kerület, Nyitra utca",Óhegy,220000.0,0.22,220.0,5500.0,12.301382825334498,8.612503371220562,0,40.0,40.0,2.0,4,0,0,0,1,0,0,0,0,0,,47.5315048,19.1605359,0,1503.6,1000-2000 m,0,,,0,0,0,https://ingatlan.com/35541519,"Kiadó tégla lakás - Budapest X. kerület, Nyitra utca #35541519",1105,Budapest,Nyitra utca,,felújított,Tégla lakás,,Ismeretlen,0.0,2.0,0.0,2 szoba,20.0,1,1.0,2.0,0,gáz (konvektor),,0,1,0,0,nincs megadva,igen,azonnal,12 hónap,igen,,,Ingatlaniroda,,1443.0,4.0,,,,,,,,,0,0,0,,0,0,0,,0,0,,0,0,0,,0,0,0,,,,,0,0,0,,0,0,0,,0,0,0,,0,0,0,,0,0,0,,,,,,
35543085,kiado,"Budapest X. kerület, Gyakorló utca",Felsőrákos,200000.0,0.2,200.0,5714.285714285715,12.206072645530174,8.650724584040761,0,35.0,37.0,2.0,4,0,0,1,0,1,0,1,0,0,,47.5018325,19.1436801,0,258.3,150-300 m,0,,,0,0,0,https://ingatlan.com/35543085,"Kiadó panel lakás - Budapest X. kerület, Gyakorló utca #35543085",1106,Budapest,Gyakorló utca,,felújított,Panel lakás,,Ismeretlen,4.0,2.0,0.0,2 szoba,17.5,9,9.0,10.0,0,távfűtés,,1,0,0,0,nincs megadva,részben,azonnal,nincs megadva,nem,12950.0,,Ingatlaniroda,,1479.0,3.0,,,,,,,,,0,0,0,,0,0,0,,0,0,,0,0,0,,0,0,0,,,,,0,0,0,,0,0,0,,0,0,0,,0,0,0,,0,0,0,,,,,,
35543267,kiado,"Budapest X. kerület, Gyógyszergyári utca 8.",Felsőrákos,230000.0,0.23,230.0,5348.837209302325,12.345834587905333,8.58463447221177,0,43.0,48.5,2.0,6,0,1,0,1,1,1,1,0,0,2.0,47.49801,19.142693,1,553.3,500-1000 m,0,1194.2,15.9,0,0,0,https://ingatlan.com/35543267,"Kiadó tégla lakás - Budapest X. kerület, Gyógyszergyári utca 8. #35543267",1106,Budapest,Gyógyszergyári utca,8,új építésű,Tégla lakás,2024.0,0-10 év,11.0,2.0,0.0,2 szoba,21.5,5,5.0,7.0,0,távfűtés egyedi méréssel,,1,0,0,0,A+,megegyezés szerint,azonnal,12 hónap,nem,,,Ingatlaniroda,,2498.0,2.0,,,,,,,,1096.3,0,0,1,463.5,0,1,1,724.5,0,1,463.5,0,1,1,600.2,0,1,1,0.0,7.0,52.0,1212.4,0,0,0,1747.4,0,0,0,1044.5,0,0,1,837.3,0,0,1,1098.3,0,0,1,Örs vezér tere,,Kincsem lakópark,Fehér úti ipari park,Erdélyi emlékkert,villamos
35543977,kiado,"Budapest X. kerület, Kőbányai út 54.",Laposdűlő,250000.0,0.25,250.0,5000.0,12.429216196844383,8.517193191416238,0,50.0,52.0,2.0,4,0,0,1,0,0,1,1,0,0,38.0,47.48338,19.124302,1,161.3,150-300 m,0,428.1,5.7,0,1,1,https://ingatlan.com/35543977,"Kiadó panel lakás - Budapest X. kerület, Kőbányai út 54. #35543977",1101,Budapest,Kőbányai út,54,felújított,Panel lakás,1988.0,30-60 év (panel-korszak),4.0,2.0,0.0,2 szoba,25.0,3,3.0,4.0,0,házközponti,,0,0,0,0,nincs megadva,nem,azonnal,12 hónap,nincs megadva,,,Ingatlaniroda,,1063.0,2.0,,,,,,,,2060.3,0,0,0,111.6,1,1,1,164.0,1,1,111.6,1,1,1,207.9,1,1,1,9.0,57.0,99.0,254.5,1,1,1,1215.5,0,0,0,221.5,1,1,1,398.0,0,1,1,,0,0,0,Kőbánya alsó,,Mázsa utca,Mázsa utca,Hargitai sétányi park,villamos
35544934,kiado,"Budapest X. kerület, Liget utca",Ligettelek,190000.0,0.19,190.0,5428.571428571428,12.154779351142624,8.599431289653209,0,35.0,35.0,1.0,3,0,0,0,1,0,0,0,0,0,,47.4890878,19.1331022,0,246.8,150-300 m,0,,,0,0,0,https://ingatlan.com/35544934,"Kiadó tégla lakás - Budapest X. kerület, Liget utca #35544934",1102,Budapest,Liget utca,,nincs megadva,Tégla lakás,,Ismeretlen,0.0,1.0,0.0,1 szoba,35.0,nincs megadva,,,0,nincs megadva,,0,0,0,0,nincs megadva,nincs megadva,nincs megadva,nincs megadva,nincs megadva,,,Ingatlaniroda,,1307.0,2.0,,,,,,,,,0,0,0,,0,0,0,,0,0,,0,0,0,,0,0,0,,,,,0,0,0,,0,0,0,,0,0,0,,0,0,0,,0,0,0,,,,,,
35547637,kiado,"Budapest X. kerület, Gyógyszergyári utca 10.",Felsőrákos,230000.0,0.23,230.0,8518.518518518518,12.345834587905333,9.049997721901004,0,27.0,30.0,1.0,6,0,1,0,1,1,1,1,0,0,0.0,47.497327,19.139864,1,432.7,300-500 m,0,914.9,12.2,0,0,1,https://ingatlan.com/35547637,"Kiadó tégla lakás - Budapest X. kerület, Gyógyszergyári utca 10. #35547637",1106,Budapest,Gyógyszergyári utca,10,új építésű,Tégla lakás,2026.0,Új építésű (2025+),6.0,1.0,0.0,1 szoba,27.0,7,7.0,8.0,0,távfűtés egyedi méréssel,,1,0,0,0,nincs megadva,nem,azonnal,12 hónap,nem,,,Ingatlaniroda,,403.0,2.0,,,,,,,,817.0,0,0,1,146.6,1,1,1,445.1,0,1,146.6,1,1,1,429.1,0,1,1,2.0,30.0,99.0,1443.2,0,0,0,1468.0,0,0,0,765.2,0,0,1,557.9,0,1,1,818.9,0,0,1,Örs vezér tere,,Kincsem lakópark,Fehér úti ipari park,Névtelen zöldfelület / park,villamos
35548944,kiado,"Budapest X. kerület, Gyógyszergyári utca 6.",Felsőrákos,280000.0,0.28,280.0,6511.627906976744,12.542544882151386,8.781344766457824,0,43.0,48.0,2.0,6,0,1,0,1,1,1,1,0,0,0.0,47.497833,19.141041,1,482.9,300-500 m,0,1008.7,13.4,0,0,1,https://ingatlan.com/35548944,"Kiadó tégla lakás - Budapest X. kerület, Gyógyszergyári utca 6. #35548944",1106,Budapest,Gyógyszergyári utca,6,új építésű,Tégla lakás,2026.0,Új építésű (2025+),10.0,2.0,0.0,2 szoba,21.5,3,3.0,8.0,0,"házközponti egyedi méréssel, hűtő-fűtő klíma",,0,0,0,0,A+,igen,azonnal,12 hónap,nem,59000.0,4000.0,Ingatlaniroda,,910.0,4.0,,,,,,,,910.8,0,0,1,278.0,1,1,1,539.0,0,1,278.0,1,1,1,523.0,0,1,1,2.0,14.0,82.0,1354.1,0,0,0,1561.9,0,0,0,859.0,0,0,1,651.7,0,1,1,912.8,0,0,1,Örs vezér tere,,Kincsem lakópark,Fehér úti ipari park,Névtelen zöldfelület / park,villamos
35549280,kiado,"Budapest X. kerület, Üllői út 138.",Gyárdűlő,220000.0,0.22,220.0,3928.5714285714284,12.301382825334498,8.27603113459935,0,56.0,57.5,2.0,3,0,0,0,1,1,1,1,0,0,58.0,47.467062,19.122559,1,783.1,500-1000 m,0,,,0,0,0,https://ingatlan.com/35549280,"Kiadó tégla lakás - Budapest X. kerület, Üllői út 138. #35549280",1101,Budapest,Üllői út,138,jó állapotú,Tégla lakás,1968.0,30-60 év (panel-korszak),3.0,2.0,0.0,2 szoba,28.0,4,4.0,5.0,0,távfűtés,,1,0,0,0,nincs megadva,igen,nincs megadva,nincs megadva,nem,18000.0,35000.0,Ingatlaniroda,,1545.0,2.0,,,,,,,,330.6,1,1,1,176.0,1,1,1,77.4,1,1,176.0,1,1,1,228.8,1,1,1,12.0,52.0,98.0,1250.8,0,0,0,354.6,1,1,1,630.5,0,1,1,965.3,0,0,1,826.3,0,0,1,,Határ út,Száva kocsiszín,Száva kocsiszín,Névtelen zöldfelület / park,villamos
35552038,kiado,"Budapest X. kerület, Somfa utca 45.",Gyárdűlő,240000.0,0.24,240.0,5333.333333333333,12.388394202324129,8.58173171255381,0,45.0,48.0,2.0,5,0,1,0,1,1,1,1,0,1,21.0,,,0,,,0,,,0,0,0,https://ingatlan.com/35552038,"Kiadó tégla lakás - Budapest X. kerület, Somfa utca #35552038",1107,Budapest,Somfa utca,45,újszerű,Tégla lakás,2005.0,10-30 év (rendszerváltás utáni),6.0,2.0,0.0,2 szoba,22.5,5,5.0,5.0,0,házközponti egyedi méréssel,,0,0,0,0,nincs megadva,igen,azonnal,12 hónap,nincs megadva,,,Ingatlaniroda,,569.0,4.0,,,,,,,,,0,0,0,,0,0,0,,0,0,,0,0,0,,0,0,0,,,,,0,0,0,,0,0,0,,0,0,0,,0,0,0,,0,0,0,,,,,,
35552096,kiado,"Budapest X. kerület, Gyógyszergyári utca 62.",Felsőrákos,340000.0,0.34,340.0,5483.870967741936,12.736700896592344,8.609566511547252,0,62.0,70.0,3.0,6,0,1,0,1,1,1,1,0,0,0.0,,,0,,,0,,,0,0,0,https://ingatlan.com/35552096,"Kiadó tégla lakás - Budapest X. kerület, Gyógyszergyári utca #35552096",1106,Budapest,Gyógyszergyári utca,62,új építésű,Tégla lakás,2026.0,Új építésű (2025+),16.0,3.0,0.0,3 szoba,20.666666666666668,1,1.0,7.0,0,"távfűtés egyedi méréssel, padlófűtés",,1,0,0,0,nincs megadva,igen,nincs megadva,12 hónap,nem,,60000.0,Ingatlaniroda,,1278.0,4.0,,,,,,,,,0,0,0,,0,0,0,,0,0,,0,0,0,,0,0,0,,,,,0,0,0,,0,0,0,,0,0,0,,0,0,0,,0,0,0,,,,,,
35552271,kiado,"Budapest X. kerület, Kőbányai út",Gyárdűlő,400000.0,0.4,400.0,5000.0,12.89921982609012,8.517193191416238,0,80.0,120.0,3.0,5,0,1,0,1,1,1,1,0,0,21.0,47.4839965,19.1169429,0,148.4,<150 m,1,,,0,0,0,https://ingatlan.com/35552271,"Kiadó tégla lakás - Budapest X. kerület, Kőbányai út #35552271",1101,Budapest,Kőbányai út,,újszerű,Tégla lakás,2005.0,10-30 év (rendszerváltás utáni),80.0,3.0,0.0,3 szoba,26.666666666666668,5,5.0,6.0,0,házközponti egyedi méréssel,,0,0,0,0,nincs megadva,nincs megadva,azonnal,12 hónap,nincs megadva,37.0,20000.0,Ingatlaniroda,,474.0,4.0,,,,,,,,,0,0,0,,0,0,0,,0,0,,0,0,0,,0,0,0,,,,,0,0,0,,0,0,0,,0,0,0,,0,0,0,,0,0,0,,,,,,
35555285,kiado,"Budapest X. kerület, Gyógyszergyári utca 8.",Felsőrákos,260000.0,0.26,260.0,6046.511627906977,12.468436909997665,8.707236794304102,0,43.0,48.5,2.0,6,0,1,1,0,1,0,1,0,0,0.0,47.49801,19.142693,1,553.3,500-1000 m,0,1194.2,15.9,0,0,0,https://ingatlan.com/35555285,"Kiadó panel lakás - Budapest X. kerület, Gyógyszergyári utca 8. #35555285",1106,Budapest,Gyógyszergyári utca,8,új építésű,Panel lakás,2026.0,Új építésű (2025+),11.0,2.0,0.0,2 szoba,21.5,nincs megadva,,,0,"házközponti egyedi méréssel, padlófűtés",,0,0,0,0,nincs megadva,részben,nincs megadva,nincs megadva,nincs megadva,,,Ingatlaniroda,,369.0,4.0,,,,,,,,1096.3,0,0,1,463.5,0,1,1,724.5,0,1,463.5,0,1,1,600.2,0,1,1,0.0,7.0,52.0,1212.4,0,0,0,1747.4,0,0,0,1044.5,0,0,1,837.3,0,0,1,1098.3,0,0,1,Örs vezér tere,,Kincsem lakópark,Fehér úti ipari park,Erdélyi emlékkert,villamos
35555608,kiado,"Budapest X. kerület, Kada utca",Óhegy,225000.0,0.225,225.0,4500.0,12.323855681186558,8.411832675758411,0,50.0,50.0,2.0,3,0,0,0,1,0,0,0,0,0,,47.4725364,19.1432199,0,536.5,500-1000 m,0,,,0,0,0,https://ingatlan.com/35555608,"Kiadó tégla lakás - Budapest X. kerület, Kada utca #35555608",1106,Budapest,Kada utca,,nincs megadva,Tégla lakás,,Ismeretlen,0.0,2.0,0.0,2 szoba,25.0,nincs megadva,,,0,nincs megadva,,0,0,0,0,nincs megadva,nincs megadva,nincs megadva,nincs megadva,nincs megadva,,,Ingatlaniroda,,990.0,2.0,,,,,,,,,0,0,0,,0,0,0,,0,0,,0,0,0,,0,0,0,,,,,0,0,0,,0,0,0,,0,0,0,,0,0,0,,0,0,0,,,,,,
35556202,kiado,"Budapest X. kerület, Mélytó utca",Újhegy,340000.0,0.34,340.0,5000.0,12.736700896592344,8.517193191416238,0,68.0,70.0,3.0,3,0,0,1,0,0,0,1,0,0,,47.4687042,19.1639349,0,832.6,500-1000 m,0,,,0,0,0,https://ingatlan.com/35556202,"Kiadó panel lakás - Budapest X. kerület, Mélytó utca #35556202",1108,Budapest,Mélytó utca,,nincs megadva,Panel lakás,,Ismeretlen,4.0,3.0,0.0,3 szoba,22.666666666666668,nincs megadva,,,0,nincs megadva,,0,0,0,0,nincs megadva,nincs megadva,nincs megadva,nincs megadva,nincs megadva,,,Ingatlaniroda,,1315.0,4.0,,,,,,,,,0,0,0,,0,0,0,,0,0,,0,0,0,,0,0,0,,,,,0,0,0,,0,0,0,,0,0,0,,0,0,0,,0,0,0,,,,,,
35556406,kiado,"Budapest X. kerület, Újhegyi út",Újhegy,245000.0,0.245,245.0,5444.444444444444,12.409013489526863,8.602350999756544,0,45.0,45.0,2.0,5,0,1,0,1,1,1,0,0,0,21.0,47.4683201,19.1692118,0,933.0,500-1000 m,0,,,0,0,0,https://ingatlan.com/35556406,"Kiadó tégla lakás - Budapest X. kerület, Újhegyi út #35556406",1108,Budapest,Újhegyi út,,újszerű,Tégla lakás,2005.0,10-30 év (rendszerváltás utáni),0.0,2.0,0.0,2 szoba,22.5,3,3.0,5.0,0,házközponti egyedi méréssel,,0,0,0,0,nincs megadva,igen,azonnal,12 hónap,nem,,,Ingatlaniroda,,2140.0,2.0,,,,,,,,,0,0,0,,0,0,0,,0,0,,0,0,0,,0,0,0,,,,,0,0,0,,0,0,0,,0,0,0,,0,0,0,,0,0,0,,,,,,
35558197,kiado,"Budapest X. kerület, Kőrösi Csoma Sándor út",Kőbánya-Városközpont,250000.0,0.25,250.0,4807.692307692308,12.429216196844383,8.477972478262956,0,52.0,55.0,3.0,3,0,0,0,0,1,1,1,0,0,,47.4865004,19.1327222,0,533.8,500-1000 m,0,,,0,0,0,https://ingatlan.com/35558197,"Kiadó csúsztatott zsalus - Budapest X. kerület, Kőrösi Csoma Sándor út #35558197",1102,Budapest,Kőrösi Csoma Sándor út,,jó állapotú,Csúsztatott zsalus lakás,,Ismeretlen,6.0,3.0,0.0,3 szoba,17.333333333333332,4,4.0,10.0,0,távfűtés egyedi méréssel,,1,0,0,0,nincs megadva,igen,azonnal,12 hónap,nincs megadva,9000.0,15000.0,Ingatlaniroda,,2689.0,2.0,,,,,,,,,0,0,0,,0,0,0,,0,0,,0,0,0,,0,0,0,,,,,0,0,0,,0,0,0,,0,0,0,,0,0,0,,0,0,0,,,,,,
35558628,kiado,"Budapest X. kerület, Gém utca",Gyárdűlő,269000.0,0.269,269.0,6560.975609756098,12.502466658583977,8.788894591879668,0,41.0,44.5,2.0,5,0,1,0,1,1,0,1,0,0,6.0,47.4709565,19.1216348,0,527.2,500-1000 m,0,,,0,0,0,https://ingatlan.com/35558628,"Kiadó tégla lakás - Budapest X. kerület, Gém utca #35558628",1107,Budapest,Gém utca,,újszerű,Tégla lakás,2020.0,0-10 év,7.0,2.0,0.0,2 szoba,20.5,4,4.0,,0,házközponti,,0,0,0,0,nincs megadva,igen,azonnal,12 hónap,nincs megadva,22494.0,13000.0,Ingatlaniroda,,1885.0,2.0,,,,,,,,,0,0,0,,0,0,0,,0,0,,0,0,0,,0,0,0,,,,,0,0,0,,0,0,0,,0,0,0,,0,0,0,,0,0,0,,,,,,
35558980,kiado,"Budapest X. kerület, Gyógyszergyári utca",Felsőrákos,270000.0,0.27,270.0,5000.0,12.506177237980511,8.517193191416238,0,54.0,60.5,2.0,6,0,1,0,1,1,1,1,0,0,0.0,47.4994212,19.1493566,0,351.7,300-500 m,0,,,0,0,0,https://ingatlan.com/35558980,"Kiadó tégla lakás - Budapest X. kerület, Gyógyszergyári utca #35558980",1106,Budapest,Gyógyszergyári utca,,új építésű,Tégla lakás,2026.0,Új építésű (2025+),13.0,2.0,0.0,2 szoba,27.0,3,3.0,7.0,0,"távfűtés, hűtő-fűtő klíma",,1,0,0,0,A+,megegyezés szerint,2026. október,12 hónap,nem,,,Ingatlaniroda,,937.0,4.0,,,,,,,,,0,0,0,,0,0,0,,0,0,,0,0,0,,0,0,0,,,,,0,0,0,,0,0,0,,0,0,0,,0,0,0,,0,0,0,,,,,,
35559253,kiado,"Budapest X. kerület, Cserkesz utca",Kőbánya-Városközpont,200000.0,0.2,200.0,5714.285714285715,12.206072645530174,8.650724584040761,0,35.0,38.0,1.0,5,0,1,0,1,1,1,1,0,0,4.0,47.4804126,19.1314452,0,150.6,150-300 m,0,,,0,0,0,https://ingatlan.com/35559253,"Kiadó tégla lakás - Budapest X. kerület, Cserkesz utca #35559253",1105,Budapest,Cserkesz utca,,újszerű,Tégla lakás,2022.0,0-10 év,6.0,1.0,0.0,1 szoba,35.0,3,3.0,4.0,0,"távfűtés egyedi méréssel, padlófűtés",,1,0,0,0,nincs megadva,igen,nincs megadva,nincs megadva,nem,10720.0,,Ingatlaniroda,,132.0,4.0,,,,,,,,,0,0,0,,0,0,0,,0,0,,0,0,0,,0,0,0,,,,,0,0,0,,0,0,0,,0,0,0,,0,0,0,,0,0,0,,,,,,
35559275,kiado,"Budapest X. kerület, Kőrösi Csoma sétány 38.",Kőbánya-Városközpont,180000.0,0.18,180.0,4736.8421052631575,12.100712129872347,8.463125970145962,0,38.0,39.5,1.0,3,0,0,0,1,1,0,1,0,0,,,,0,,,0,,,0,0,0,https://ingatlan.com/35559275,"Kiadó tégla lakás - Budapest X. kerület, Kőrösi Csoma sétány #35559275",1102,Budapest,Kőrösi Csoma sétány,38,jó állapotú,Tégla lakás,,Ismeretlen,3.0,1.0,0.0,1 szoba,38.0,3,3.0,4.0,0,távfűtés,,1,0,0,0,nincs megadva,igen,azonnal,12 hónap,nem,5000.0,,Ingatlaniroda,,440.0,4.0,,,,,,,,,0,0,0,,0,0,0,,0,0,,0,0,0,,0,0,0,,,,,0,0,0,,0,0,0,,0,0,0,,0,0,0,,0,0,0,,,,,,
35561253,kiado,"Budapest X. kerület, Budapest XIX. kerület, Lehel utca",Kőbánya egyéb,250000.0,0.25,250.0,4237.28813559322,12.429216196844383,8.351678752938664,0,59.0,59.0,3.0,3,0,0,1,0,1,0,0,0,0,,,,0,,,0,,,0,0,0,https://ingatlan.com/35561253,"Kiadó panel lakás - Budapest XIX. kerület, Lehel utca #35561253",1191,Budapest,"Budapest XIX. kerület, Lehel utca",,jó állapotú,Panel lakás,,Ismeretlen,0.0,3.0,0.0,3 szoba,19.666666666666668,6,6.0,10.0,0,házközponti,,0,0,0,0,nincs megadva,nem,azonnal,nincs megadva,nem,,,Ingatlaniroda,,1708.0,4.0,,,,,,,,,0,0,0,,0,0,0,,0,0,,0,0,0,,0,0,0,,,,,0,0,0,,0,0,0,,0,0,0,,0,0,0,,0,0,0,,,,,,
35561748,kiado,"Budapest X. kerület, Gyógyszergyári utca 3.",Felsőrákos,350000.0,0.35,350.0,5384.615384615385,12.765688433465597,8.591301163569959,0,65.0,73.0,3.0,6,0,1,0,1,1,1,1,0,0,0.0,,,0,,,0,,,0,0,0,https://ingatlan.com/35561748,"Kiadó tégla lakás - Budapest X. kerület, Gyógyszergyári utca #35561748",1106,Budapest,Gyógyszergyári utca,3,új építésű,Tégla lakás,2026.0,Új építésű (2025+),16.0,3.0,0.0,3 szoba,21.666666666666668,6,6.0,7.0,0,"házközponti egyedi méréssel, padlófűtés",,0,0,0,0,nincs megadva,nem,azonnal,12 hónap,nem,31000.0,10000.0,Ingatlaniroda,,1014.0,4.0,,,,,,,,,0,0,0,,0,0,0,,0,0,,0,0,0,,0,0,0,,,,,0,0,0,,0,0,0,,0,0,0,,0,0,0,,0,0,0,,,,,,
35561976,kiado,"Budapest X. kerület, Gyakorló utca",Felsőrákos,240000.0,0.24,240.0,8888.888888888889,12.388394202324129,9.0925573363198,0,27.0,28.5,1.0,4,0,0,1,0,1,1,1,0,0,,47.5018325,19.1436801,0,258.3,150-300 m,0,,,0,0,0,https://ingatlan.com/35561976,"Kiadó panel lakás - Budapest X. kerület, Gyakorló utca #35561976",1106,Budapest,Gyakorló utca,,felújított,Panel lakás,,Ismeretlen,3.0,1.0,0.0,1 szoba,27.0,2,2.0,10.0,0,távfűtés,,1,0,0,0,nincs megadva,igen,azonnal,12 hónap,nincs megadva,,25000.0,Ingatlaniroda,,728.0,2.0,,,,,,,,,0,0,0,,0,0,0,,0,0,,0,0,0,,0,0,0,,,,,0,0,0,,0,0,0,,0,0,0,,0,0,0,,0,0,0,,,,,,
35562340,kiado,"Budapest X. kerület, Harmat utca",Újhegy,220000.0,0.22,220.0,4400.0,12.301382825334498,8.389359819906353,0,50.0,52.0,2.0,4,0,0,1,0,1,0,1,0,0,,47.4702785,19.1650971,0,1026.1,1000-2000 m,0,,,0,0,0,https://ingatlan.com/35562340,"Kiadó panel lakás - Budapest X. kerület, Harmat utca #35562340",1108,Budapest,Harmat utca,,felújított,Panel lakás,,Ismeretlen,4.0,2.0,0.0,2 szoba,25.0,1,1.0,,0,távfűtés,,1,0,0,0,D,nincs megadva,nincs megadva,12 hónap,nem,12000.0,,Ingatlaniroda,,162.0,2.0,,,,,,,,,0,0,0,,0,0,0,,0,0,,0,0,0,,0,0,0,,,,,0,0,0,,0,0,0,,0,0,0,,0,0,0,,0,0,0,,,,,,
35562646,kiado,"Budapest X. kerület, Gyakorló utca",Felsőrákos,180000.0,0.18,180.0,5142.857142857143,12.100712129872347,8.545364068382934,0,35.0,35.0,2.0,5,0,1,1,0,1,0,0,0,0,,47.5018325,19.1436801,0,258.3,150-300 m,0,,,0,0,0,https://ingatlan.com/35562646,"Kiadó panel lakás - Budapest X. kerület, Gyakorló utca #35562646",1106,Budapest,Gyakorló utca,,újszerű,Panel lakás,,Ismeretlen,0.0,2.0,0.0,2 szoba,17.5,3,3.0,10.0,0,távfűtés,,1,0,0,0,nincs megadva,részben,azonnal,nincs megadva,nem,12000.0,25000.0,Ingatlaniroda,,1313.0,2.0,,,,,,,,,0,0,0,,0,0,0,,0,0,,0,0,0,,0,0,0,,,,,0,0,0,,0,0,0,,0,0,0,,0,0,0,,0,0,0,,,,,,
35565867,kiado,"Budapest X. kerület, Gyógyszergyári utca",Felsőrákos,290000.0,0.29,290.0,5471.698113207547,12.577636201962656,8.607344288410536,0,53.0,60.0,2.0,6,0,1,0,1,1,1,1,0,1,0.0,47.4994212,19.1493566,0,351.7,300-500 m,0,,,0,0,0,https://ingatlan.com/35565867,"Kiadó tégla lakás - Budapest X. kerület, Gyógyszergyári utca #35565867",1106,Budapest,Gyógyszergyári utca,,új építésű,Tégla lakás,2026.0,Új építésű (2025+),14.0,2.0,0.0,2 szoba,26.5,5,5.0,5.0,0,hőszivattyú,,0,0,1,0,A+++,igen,azonnal,12 hónap,nincs megadva,,,Ingatlaniroda,,884.0,2.0,,,,,,,,,0,0,0,,0,0,0,,0,0,,0,0,0,,0,0,0,,,,,0,0,0,,0,0,0,,0,0,0,,0,0,0,,0,0,0,,,,,,
35566125,kiado,"Budapest X. kerület, Gyógyszergyári utca 12.",Felsőrákos,340000.0,0.34,340.0,5483.870967741936,12.736700896592344,8.609566511547252,0,62.0,70.0,3.0,6,0,1,0,1,1,1,1,0,0,0.0,47.497773,19.144117,1,519.5,500-1000 m,0,1233.6,16.4,0,0,0,https://ingatlan.com/35566125,"Kiadó tégla lakás - Budapest X. kerület, Gyógyszergyári utca 12. #35566125",1106,Budapest,Gyógyszergyári utca,12,új építésű,Tégla lakás,2026.0,Új építésű (2025+),16.0,3.0,0.0,3 szoba,20.666666666666668,2,2.0,5.0,0,"távfűtés egyedi méréssel, hűtő-fűtő klíma, padlófűtés",,1,0,0,0,A+,igen,2026. október,12 hónap,nem,40000.0,,Ingatlaniroda,,2257.0,2.0,,,,,,,,1135.7,0,0,0,502.9,0,1,1,763.9,0,0,502.9,0,1,1,530.6,0,1,1,0.0,4.0,45.0,1142.5,0,0,0,1786.8,0,0,0,1083.9,0,0,1,876.7,0,0,1,1137.7,0,0,0,Örs vezér tere,,Kincsem lakópark,Fehér úti ipari park,Erdélyi emlékkert,villamos
35566892,kiado,"Budapest X. kerület, Üllői út 126.",Kőbánya egyéb,250000.0,0.25,250.0,4237.28813559322,12.429216196844383,8.351678752938664,0,59.0,61.5,2.0,3,0,0,0,1,0,0,1,0,0,,47.474448,19.102576,1,289.7,150-300 m,0,1509.8,20.1,0,0,0,https://ingatlan.com/35566892,"Kiadó tégla lakás - Budapest X. kerület, Üllői út 126. #35566892",1101,Budapest,Üllői út,126,nincs megadva,Tégla lakás,,Ismeretlen,5.0,2.0,0.0,2 szoba,29.5,nincs megadva,,,0,nincs megadva,,0,0,0,0,nincs megadva,nincs megadva,nincs megadva,nincs megadva,nincs megadva,,,Ingatlaniroda,,1818.0,2.0,,,,,,,,275.9,1,1,1,412.2,0,1,1,164.0,1,1,275.9,1,1,1,936.9,0,0,1,14.0,41.0,87.0,1208.4,0,0,0,1071.8,0,0,1,368.8,1,1,1,1151.2,0,0,0,1629.0,0,0,0,Ferencváros,Népliget,Népliget M,Népliget M,Magyarok Nagyasszonya tér,metro
35568086,kiado,"Budapest X. kerület, Gyakorló utca",Felsőrákos,280000.0,0.28,280.0,4827.586206896552,12.542544882151386,8.482101871604968,0,58.0,58.0,3.0,4,0,0,1,0,1,1,0,1,0,,47.5018325,19.1436801,0,258.3,150-300 m,0,,,0,0,0,https://ingatlan.com/35568086,"Kiadó panel lakás - Budapest X. kerület, Gyakorló utca #35568086",1106,Budapest,Gyakorló utca,,felújított,Panel lakás,,Ismeretlen,0.0,3.0,0.0,3 szoba,19.333333333333332,földszint,0.0,10.0,0,távfűtés,,1,0,0,0,nincs megadva,megegyezés szerint,azonnal,12 hónap,nincs megadva,24360.0,,Ingatlaniroda,,1994.0,4.0,,,,,,,,,0,0,0,,0,0,0,,0,0,,0,0,0,,0,0,0,,,,,0,0,0,,0,0,0,,0,0,0,,0,0,0,,0,0,0,,,,,,
35573553,kiado,"Budapest X. kerület, Gém utca 4.",Gyárdűlő,280000.0,0.28,280.0,6363.636363636364,12.542544882151386,8.758355248233126,0,44.0,46.5,2.0,5,0,1,0,1,1,1,1,0,0,7.0,47.470795,19.121189,1,563.8,500-1000 m,0,1878.2,25.0,0,0,0,https://ingatlan.com/35573553,"Kiadó tégla lakás - Budapest X. kerület, Gém utca 4. #35573553",1107,Budapest,Gém utca,4,újszerű,Tégla lakás,2019.0,0-10 év,5.0,2.0,0.0,2 szoba,22.0,2,2.0,7.0,0,házközponti egyedi méréssel,,0,0,0,0,nincs megadva,igen,azonnal,12 hónap,nem,257000.0,,Magánszemély,,1534.0,2.0,,,,,,,,507.1,0,1,1,624.4,0,1,1,376.0,0,1,507.1,0,1,1,176.1,1,1,1,3.0,31.0,88.0,1291.9,0,0,0,269.7,1,1,1,547.0,0,1,1,424.4,0,1,1,893.5,0,0,1,Kőbánya alsó,,Balkán utca,Hizlaló tér,Névtelen zöldfelület / park,metro
35575433,kiado,"Budapest X. kerület, Zsombék utca 57.",Újhegy,290000.0,0.29,290.0,5087.7192982456145,12.577636201962656,8.534584934128107,0,57.0,58.5,3.0,3,0,0,1,0,1,1,1,0,0,38.0,,,0,,,0,,,0,0,0,https://ingatlan.com/35575433,"Kiadó panel lakás - Budapest X. kerület, Zsombék utca #35575433",1108,Budapest,Zsombék utca,57,jó állapotú,Panel lakás,1988.0,30-60 év (panel-korszak),3.0,3.0,0.0,3 szoba,19.0,9,9.0,10.0,0,távfűtés egyedi méréssel,,1,0,0,0,nincs megadva,nem,azonnal,12 hónap,nem,20000.0,15000.0,Ingatlaniroda,,778.0,2.0,,,,,,,,,0,0,0,,0,0,0,,0,0,,0,0,0,,0,0,0,,,,,0,0,0,,0,0,0,,0,0,0,,0,0,0,,0,0,0,,,,,,
35575455,kiado,"Budapest X. kerület, Maglódi út 75.",Óhegy,250000.0,0.25,250.0,4237.28813559322,12.429216196844383,8.351678752938664,0,59.0,60.0,2.0,4,0,0,0,1,0,1,1,0,0,,47.48039,19.161282,1,126.5,<150 m,1,,,0,0,0,https://ingatlan.com/35575455,"Kiadó tégla lakás - Budapest X. kerület, Maglódi út 75. #35575455",1106,Budapest,Maglódi út,75,felújított,Tégla lakás,,Ismeretlen,2.0,2.0,0.0,2 szoba,29.5,3,3.0,,0,nincs megadva,,0,0,0,0,nincs megadva,nincs megadva,nincs megadva,12 hónap,nincs megadva,,,Ingatlaniroda,,933.0,2.0,,,,,,,,,0,0,0,617.9,0,1,1,574.4,0,1,617.9,0,1,1,556.4,0,1,1,0.0,10.0,33.0,,0,0,0,,0,0,0,845.9,0,0,1,637.6,0,1,1,519.8,0,1,1,,,Bajcsy-Zsilinszky Kórház,Lavotta utca,Névtelen zöldfelület / park,villamos
35575489,kiado,"Budapest X. kerület, Gyógyszergyári utca 7.",Felsőrákos,300000.0,0.3,300.0,4615.384615384615,12.611537753638338,8.437150483742702,0,65.0,73.0,3.0,6,0,1,0,1,1,1,1,0,0,0.0,,,0,,,0,,,0,0,0,https://ingatlan.com/35575489,"Kiadó tégla lakás - Budapest X. kerület, Gyógyszergyári utca #35575489",1106,Budapest,Gyógyszergyári utca,7,új építésű,Tégla lakás,2026.0,Új építésű (2025+),16.0,3.0,0.0,3 szoba,21.666666666666668,4,4.0,7.0,0,"távfűtés egyedi méréssel, hűtő-fűtő klíma",,1,0,0,0,nincs megadva,nem,2026. október,12 hónap,nincs megadva,,,Ingatlaniroda,,2223.0,4.0,,,,,,,,,0,0,0,,0,0,0,,0,0,,0,0,0,,0,0,0,,,,,0,0,0,,0,0,0,,0,0,0,,0,0,0,,0,0,0,,,,,,
35575634,kiado,"Budapest X. kerület, Kőbányai út",Gyárdűlő,400000.0,0.4,400.0,5000.0,12.89921982609012,8.517193191416238,0,80.0,120.0,3.0,5,0,1,0,1,1,1,1,0,1,21.0,47.4839965,19.1169429,0,148.4,<150 m,1,,,0,0,0,https://ingatlan.com/35575634,"Kiadó tégla lakás - Budapest X. kerület, Kőbányai út #35575634",1101,Budapest,Kőbányai út,,újszerű,Tégla lakás,2005.0,10-30 év (rendszerváltás utáni),80.0,3.0,0.0,3 szoba,26.666666666666668,5,5.0,5.0,0,házközponti egyedi méréssel,,0,0,0,0,D,nem,azonnal,12 hónap,nincs megadva,,,Ingatlaniroda,,1157.0,4.0,,,,,,,,,0,0,0,,0,0,0,,0,0,,0,0,0,,0,0,0,,,,,0,0,0,,0,0,0,,0,0,0,,0,0,0,,0,0,0,,,,,,
35575651,kiado,"Budapest X. kerület, Gyakorló köz 5.",Felsőrákos,240000.0,0.24,240.0,4528.301886792453,12.388394202324129,8.418102288772007,0,53.0,54.5,2.0,3,0,0,1,0,0,0,1,0,0,,47.50283,19.142164,1,130.8,<150 m,1,462.9,6.2,0,1,1,https://ingatlan.com/35575651,"Kiadó panel lakás - Budapest X. kerület, Gyakorló köz 5. #35575651",1106,Budapest,Gyakorló köz,5,nincs megadva,Panel lakás,,Ismeretlen,3.0,2.0,0.0,2 szoba,26.5,nincs megadva,,,0,nincs megadva,,0,0,0,0,nincs megadva,nincs megadva,nincs megadva,nincs megadva,nincs megadva,,,Ingatlaniroda,,1295.0,2.0,,,,,,,,659.4,0,1,1,585.4,0,1,1,197.3,1,1,462.9,0,1,1,296.7,1,1,1,9.0,93.0,159.0,1095.0,0,0,1,757.5,0,0,1,213.6,1,1,1,174.7,1,1,1,242.5,1,1,1,Örs vezér tere,,Örs vezér tere M+H,Sarkantyú utca,Névtelen zöldfelület / park,vasut
35576386,kiado,"Budapest X. kerület, Lavotta utca",Óhegy,250000.0,0.25,250.0,4716.981132075472,12.429216196844383,8.458924283292262,0,53.0,55.0,2.0,4,0,0,1,0,1,1,1,0,1,58.0,47.479094,19.1612765,0,186.6,150-300 m,0,,,0,0,0,https://ingatlan.com/35576386,"Kiadó panel lakás - Budapest X. kerület, Lavotta utca #35576386",1104,Budapest,Lavotta utca,,felújított,Panel lakás,1968.0,30-60 év (panel-korszak),4.0,2.0,0.0,2 szoba,26.5,10,10.0,10.0,0,távfűtés egyedi méréssel,,1,0,0,0,nincs megadva,nem,azonnal,12 hónap,nem,23300.0,15000.0,Ingatlaniroda,,1084.0,4.0,,,,,,,,,0,0,0,,0,0,0,,0,0,,0,0,0,,0,0,0,,,,,0,0,0,,0,0,0,,0,0,0,,0,0,0,,0,0,0,,,,,,
35577629,kiado,"Budapest X. kerület, Üllői köz",Gyárdűlő,190000.0,0.19,190.0,5428.571428571428,12.154779351142624,8.599431289653209,0,35.0,35.0,1.0,4,0,0,0,1,0,1,0,0,1,96.0,47.4706653,19.1143223,0,435.9,300-500 m,0,,,0,0,0,https://ingatlan.com/35577629,"Kiadó tégla lakás - Budapest X. kerület, Üllői köz #35577629",1101,Budapest,Üllői köz,,felújított,Tégla lakás,1930.0,60+ év (háború előtti),0.0,1.0,0.0,1 szoba,35.0,3,3.0,3.0,0,gázkazán,,0,1,0,0,nincs megadva,igen,2026. október,12 hónap,nem,12850.0,12000.0,Ingatlaniroda,,1151.0,2.0,,,,,,,,,0,0,0,,0,0,0,,0,0,,0,0,0,,0,0,0,,,,,0,0,0,,0,0,0,,0,0,0,,0,0,0,,0,0,0,,,,,,
35578446,kiado,"Budapest X. kerület, Gyógyszergyári utca 10.",Felsőrákos,250000.0,0.25,250.0,6944.444444444444,12.429216196844383,8.845697258388274,0,36.0,41.5,1.0,6,0,1,0,1,1,1,1,0,0,0.0,47.497327,19.139864,1,432.7,300-500 m,0,914.9,12.2,0,0,1,https://ingatlan.com/35578446,"Kiadó tégla lakás - Budapest X. kerület, Gyógyszergyári utca 10. #35578446",1106,Budapest,Gyógyszergyári utca,10,új építésű,Tégla lakás,2026.0,Új építésű (2025+),11.0,1.0,0.0,1 szoba,36.0,1,1.0,8.0,0,távfűtés,,1,0,0,0,nincs megadva,igen,azonnal,12 hónap,nincs megadva,40000.0,5000.0,Ingatlaniroda,,1969.0,4.0,,,,,,,,817.0,0,0,1,146.6,1,1,1,445.1,0,1,146.6,1,1,1,429.1,0,1,1,2.0,30.0,99.0,1443.2,0,0,0,1468.0,0,0,0,765.2,0,0,1,557.9,0,1,1,818.9,0,0,1,Örs vezér tere,,Kincsem lakópark,Fehér úti ipari park,Névtelen zöldfelület / park,villamos
35578521,kiado,"Budapest X. kerület, Szárnyas utca",Gyárdűlő,165000.0,0.165,165.0,5689.6551724137935,12.013700752882718,8.646404922896243,0,29.0,30.0,1.0,4,0,0,0,1,0,1,1,0,1,58.0,47.4688278,19.1202985,0,762.0,500-1000 m,0,,,0,0,0,https://ingatlan.com/35578521,"Kiadó tégla lakás - Budapest X. kerület, Szárnyas utca #35578521",1107,Budapest,Szárnyas utca,,felújított,Tégla lakás,1968.0,30-60 év (panel-korszak),2.0,1.0,0.0,1 szoba,29.0,3,3.0,3.0,0,"gáz (konvektor), hűtő-fűtő klíma",,0,1,0,0,nincs megadva,nem,azonnal,12 hónap,nem,10000.0,10000.0,Ingatlaniroda,,506.0,2.0,,,,,,,,,0,0,0,,0,0,0,,0,0,,0,0,0,,0,0,0,,,,,0,0,0,,0,0,0,,0,0,0,,0,0,0,,0,0,0,,,,,,
35578555,kiado,"Budapest X. kerület, Kada köz",Óhegy,160000.0,0.16,160.0,4324.324324324324,11.982929094215963,8.37201118157174,0,37.0,37.0,1.0,3,0,0,0,1,0,1,0,0,0,,47.4778553,19.1538553,0,742.7,500-1000 m,0,,,0,0,0,https://ingatlan.com/35578555,"Kiadó tégla lakás - Budapest X. kerület, Kada köz #35578555",1104,Budapest,Kada köz,,jó állapotú,Tégla lakás,,Ismeretlen,0.0,1.0,0.0,1 szoba,37.0,3,3.0,5.0,0,gáz (konvektor),,0,1,0,0,nincs megadva,igen,2026. október,nincs megadva,nincs megadva,14500.0,,Ingatlaniroda,,522.0,4.0,,,,,,,,,0,0,0,,0,0,0,,0,0,,0,0,0,,0,0,0,,,,,0,0,0,,0,0,0,,0,0,0,,0,0,0,,0,0,0,,,,,,
35578804,kiado,"Budapest X. kerület, Gyógyszergyári utca",Felsőrákos,250000.0,0.25,250.0,5813.953488372093,12.429216196844383,8.668016081150821,0,43.0,48.0,2.0,6,0,1,0,0,1,1,1,0,0,0.0,47.4994212,19.1493566,0,351.7,300-500 m,0,,,0,0,0,https://ingatlan.com/35578804,"Kiadó csúsztatott zsalus - Budapest X. kerület, Gyógyszergyári utca #35578804",1106,Budapest,Gyógyszergyári utca,,új építésű,Csúsztatott zsalus lakás,2026.0,Új építésű (2025+),10.0,2.0,0.0,2 szoba,21.5,nincs megadva,,,0,távfűtés,,1,0,0,0,nincs megadva,részben,2026. október,12 hónap,nincs megadva,,20000.0,Ingatlaniroda,,2955.0,3.0,,,,,,,,,0,0,0,,0,0,0,,0,0,,0,0,0,,0,0,0,,,,,0,0,0,,0,0,0,,0,0,0,,0,0,0,,0,0,0,,,,,,
35578873,kiado,"Budapest X. kerület, Gyógyszergyári utca",Felsőrákos,273315.0,0.273315,273.315,5061.388888888889,12.518380255152088,8.529396208587814,0,54.0,60.5,2.0,3,0,0,0,1,1,1,1,0,0,0.0,47.4994212,19.1493566,0,351.7,300-500 m,0,,,0,0,0,https://ingatlan.com/35578873,"Kiadó tégla lakás - Budapest X. kerület, Gyógyszergyári utca #35578873",1106,Budapest,Gyógyszergyári utca,,nincs megadva,Tégla lakás,2026.0,Új építésű (2025+),13.0,2.0,0.0,2 szoba,27.0,3,3.0,8.0,0,nincs megadva,,0,0,0,0,nincs megadva,igen,2026. október,12 hónap,nem,,,Ingatlaniroda,,735.0,4.0,,,,,,,,,0,0,0,,0,0,0,,0,0,,0,0,0,,0,0,0,,,,,0,0,0,,0,0,0,,0,0,0,,0,0,0,,0,0,0,,,,,,
35580165,kiado,"Budapest X. kerület, Gyógyszergyári utca",Felsőrákos,350000.0,0.35,350.0,5384.615384615385,12.765688433465597,8.591301163569959,0,65.0,73.0,3.0,6,0,1,0,1,1,1,1,0,1,2.0,47.4994212,19.1493566,0,351.7,300-500 m,0,,,0,0,0,https://ingatlan.com/35580165,"Kiadó tégla lakás - Budapest X. kerület, Gyógyszergyári utca #35580165",1106,Budapest,Gyógyszergyári utca,,új építésű,Tégla lakás,2024.0,0-10 év,16.0,3.0,0.0,3 szoba,21.666666666666668,8,8.0,8.0,0,távfűtés egyedi méréssel,,1,0,0,0,A,nem,nincs megadva,12 hónap,nem,35000.0,30000.0,Ingatlaniroda,,630.0,4.0,,,,,,,,,0,0,0,,0,0,0,,0,0,,0,0,0,,0,0,0,,,,,0,0,0,,0,0,0,,0,0,0,,0,0,0,,0,0,0,,,,,,
35580349,kiado,"Budapest X. kerület, Gyógyszergyári utca 6.",Felsőrákos,650000.0,0.65,650.0,6372.549019607844,13.38472764187182,8.759754828587548,0,102.0,147.0,5.0,6,0,1,0,1,1,1,1,0,1,0.0,47.4981391,19.1407571,1,450.4,300-500 m,0,1056.9,14.1,0,0,1,https://ingatlan.com/35580349,"Kiadó tégla lakás - Budapest X. kerület, Gyógyszergyári utca #35580349",1106,Budapest,Gyógyszergyári utca,6,új építésű,Tégla lakás,2026.0,Új építésű (2025+),90.0,5.0,0.0,4+ szoba,20.4,6,6.0,6.0,0,nincs megadva,,0,0,0,0,A++,nem,azonnal,nincs megadva,nincs megadva,,,Ingatlaniroda,,1546.0,2.0,,,,,,,,959.0,0,0,1,326.1,1,1,1,587.1,0,1,326.1,1,1,1,571.1,0,1,1,2.0,9.0,79.0,1402.3,0,0,0,1610.0,0,0,0,907.2,0,0,1,699.9,0,1,1,961.0,0,0,1,Örs vezér tere,,Kincsem lakópark,Fehér úti ipari park,Névtelen zöldfelület / park,villamos
35580692,kiado,"Budapest X. kerület, Gém utca",Gyárdűlő,230000.0,0.23,230.0,7419.354838709677,12.345834587905333,8.911847383420186,0,31.0,33.5,1.0,5,0,1,0,1,1,1,1,0,0,6.0,47.4709565,19.1216348,0,527.2,500-1000 m,0,,,0,0,0,https://ingatlan.com/35580692,"Kiadó tégla lakás - Budapest X. kerület, Gém utca #35580692",1107,Budapest,Gém utca,,újszerű,Tégla lakás,2020.0,0-10 év,5.0,1.0,0.0,1 szoba,31.0,5,5.0,7.0,0,házközponti egyedi méréssel,,0,0,0,0,nincs megadva,igen,2026. október,12 hónap,nem,16.0,15000.0,Ingatlaniroda,,1652.0,4.0,,,,,,,,,0,0,0,,0,0,0,,0,0,,0,0,0,,0,0,0,,,,,0,0,0,,0,0,0,,0,0,0,,0,0,0,,0,0,0,,,,,,
35581803,kiado,"Budapest X. kerület, Hang utca 52.",Újhegy,220000.0,0.22,220.0,4230.7692307692305,12.301382825334498,8.35013910675307,0,52.0,54.0,2.0,4,0,0,1,0,1,1,1,0,0,58.0,,,0,,,0,,,0,0,0,https://ingatlan.com/35581803,"Kiadó panel lakás - Budapest X. kerület, Hang utca #35581803",1108,Budapest,Hang utca,52,felújított,Panel lakás,1968.0,30-60 év (panel-korszak),4.0,2.0,0.0,2 szoba,26.0,5,5.0,9.0,0,távfűtés,,1,0,0,0,nincs megadva,igen,azonnal,12 hónap,nem,16.0,20000.0,Ingatlaniroda,,368.0,4.0,,,,,,,,,0,0,0,,0,0,0,,0,0,,0,0,0,,0,0,0,,,,,0,0,0,,0,0,0,,0,0,0,,0,0,0,,0,0,0,,,,,,
35582261,kiado,"Budapest X. kerület, Kőbányai út 80.",Gyárdűlő,400000.0,0.4,400.0,5000.0,12.89921982609012,8.517193191416238,0,80.0,120.0,3.0,5,0,1,0,1,1,1,1,0,1,21.0,,,0,,,0,,,0,0,0,https://ingatlan.com/35582261,"Kiadó tégla lakás - Budapest X. kerület, Kőbányai út #35582261",1101,Budapest,Kőbányai út,80,újszerű,Tégla lakás,2005.0,10-30 év (rendszerváltás utáni),80.0,3.0,0.0,3 szoba,26.666666666666668,5,5.0,5.0,0,"házközponti egyedi méréssel, hűtő-fűtő klíma",,0,0,0,0,nincs megadva,nem,azonnal,12 hónap,nem,37000.0,,Ingatlaniroda,,653.0,4.0,,,,,,,,,0,0,0,,0,0,0,,0,0,,0,0,0,,0,0,0,,,,,0,0,0,,0,0,0,,0,0,0,,0,0,0,,0,0,0,,,,,,
35582296,kiado,"Budapest X. kerület, Somfa köz",Gyárdűlő,230000.0,0.23,230.0,3709.6774193548385,12.345834587905333,8.21870020286024,0,62.0,62.0,3.0,3,0,0,1,0,1,0,0,0,0,58.0,47.4719006,19.1180487,0,494.1,300-500 m,0,,,0,0,0,https://ingatlan.com/35582296,"Kiadó panel lakás - Budapest X. kerület, Somfa köz #35582296",1107,Budapest,Somfa köz,,nincs megadva,Panel lakás,1968.0,30-60 év (panel-korszak),0.0,3.0,0.0,3 szoba,20.666666666666668,félemelet,0.5,10.0,0,távfűtés egyedi méréssel,,1,0,0,0,C,részben,azonnal,12 hónap,nem,18200.0,18000.0,Ingatlaniroda,,746.0,4.0,,,,,,,,,0,0,0,,0,0,0,,0,0,,0,0,0,,0,0,0,,,,,0,0,0,,0,0,0,,0,0,0,,0,0,0,,0,0,0,,,,,,
35583352,kiado,"Budapest X. kerület, Újhegyi út 42.",Újhegy,250000.0,0.25,250.0,5952.380952380952,12.429216196844383,8.691546578561015,0,42.0,44.0,1.0,6,0,1,0,1,1,1,1,0,0,2.0,,,0,,,0,,,0,0,0,https://ingatlan.com/35583352,"Kiadó tégla lakás - Budapest X. kerület, Újhegyi út #35583352",1108,Budapest,Újhegyi út,42,új építésű,Tégla lakás,2024.0,0-10 év,4.0,1.0,0.0,1 szoba,42.0,1,1.0,,0,nincs megadva,,0,0,0,0,nincs megadva,nem,2026. október,12 hónap,nincs megadva,,,Ingatlaniroda,,903.0,4.0,,,,,,,,,0,0,0,,0,0,0,,0,0,,0,0,0,,0,0,0,,,,,0,0,0,,0,0,0,,0,0,0,,0,0,0,,0,0,0,,,,,,
35584689,kiado,"Budapest X. kerület, Gergely utca",Újhegy,180000.0,0.18,180.0,6206.896551724138,12.100712129872347,8.733416299885873,0,29.0,29.0,1.0,4,0,0,1,0,0,1,0,0,0,,47.4702816,19.1514579,0,666.5,500-1000 m,0,,,0,0,0,https://ingatlan.com/35584689,"Kiadó panel lakás - Budapest X. kerület, Gergely utca #35584689",1108,Budapest,Gergely utca,,felújított,Panel lakás,,Ismeretlen,0.0,1.0,0.0,1 szoba,29.0,3,3.0,4.0,0,távfűtés egyedi méréssel,,1,0,0,0,nincs megadva,igen,azonnal,12 hónap,nincs megadva,10500.0,15000.0,Ingatlaniroda,,668.0,4.0,,,,,,,,,0,0,0,,0,0,0,,0,0,,0,0,0,,0,0,0,,,,,0,0,0,,0,0,0,,0,0,0,,0,0,0,,0,0,0,,,,,,
35584741,kiado,"Budapest X. kerület, Gém utca",Gyárdűlő,280000.0,0.28,280.0,5185.185185185185,12.542544882151386,8.553560835587112,0,54.0,62.5,2.0,5,0,1,0,1,1,1,1,0,0,21.0,47.4709565,19.1216348,0,527.2,500-1000 m,0,,,0,0,0,https://ingatlan.com/35584741,"Kiadó tégla lakás - Budapest X. kerület, Gém utca #35584741",1107,Budapest,Gém utca,,újszerű,Tégla lakás,2005.0,10-30 év (rendszerváltás utáni),17.0,2.0,0.0,2 szoba,27.0,3,3.0,,0,nincs megadva,,0,0,0,0,nincs megadva,megegyezés szerint,2026. október,12 hónap,nem,26000.0,13000.0,Magánszemély,,1010.0,2.0,,,,,,,,,0,0,0,,0,0,0,,0,0,,0,0,0,,0,0,0,,,,,0,0,0,,0,0,0,,0,0,0,,0,0,0,,0,0,0,,,,,,
35586055,kiado,"Budapest X. kerület, Gyárdűlői lakótelep",Gyárdűlő,199000.0,0.199,199.0,4975.0,12.201060103706629,8.512180649592693,0,40.0,40.0,2.0,4,0,0,0,1,0,0,0,0,0,38.0,,,0,,,0,,,0,0,0,https://ingatlan.com/35586055,"Kiadó tégla lakás - Budapest X. kerület, Gyárdűlői lakótelep #35586055",1107,Budapest,Gyárdűlői lakótelep,,felújított,Tégla lakás,1988.0,30-60 év (panel-korszak),0.0,2.0,0.0,2 szoba,20.0,1,1.0,4.0,0,gáz (konvektor),,0,1,0,0,nincs megadva,igen,nincs megadva,12 hónap,nincs megadva,15000.0,,Ingatlaniroda,,123.0,2.0,,,,,,,,,0,0,0,,0,0,0,,0,0,,0,0,0,,0,0,0,,,,,0,0,0,,0,0,0,,0,0,0,,0,0,0,,0,0,0,,,,,,
35586438,kiado,"Budapest X. kerület, Liget utca",Ligettelek,250000.0,0.25,250.0,5555.555555555556,12.429216196844383,8.622553707074063,0,45.0,50.0,2.0,3,0,0,0,1,1,0,1,1,0,13.0,47.4890878,19.1331022,0,246.8,150-300 m,0,,,0,0,0,https://ingatlan.com/35586438,"Kiadó tégla lakás - Budapest X. kerület, Liget utca #35586438",1102,Budapest,Liget utca,,nincs megadva,Tégla lakás,2013.0,10-30 év (rendszerváltás utáni),10.0,2.0,0.0,2 szoba,22.5,földszint,0.0,3.0,0,házközponti egyedi méréssel,,0,0,0,0,nincs megadva,részben,2026. október,12 hónap,nincs megadva,15000.0,20000.0,Ingatlaniroda,,569.0,4.0,,,,,,,,,0,0,0,,0,0,0,,0,0,,0,0,0,,0,0,0,,,,,0,0,0,,0,0,0,,0,0,0,,0,0,0,,0,0,0,,,,,,
35588898,kiado,"Budapest X. kerület, Gyógyszergyári utca 2.",Felsőrákos,260000.0,0.26,260.0,6046.511627906977,12.468436909997665,8.707236794304102,0,43.0,48.5,2.0,6,0,1,0,1,1,1,1,0,0,0.0,,,0,,,0,,,0,0,0,https://ingatlan.com/35588898,"Kiadó tégla lakás - Budapest X. kerület, Gyógyszergyári utca #35588898",1106,Budapest,Gyógyszergyári utca,2,új építésű,Tégla lakás,2026.0,Új építésű (2025+),11.0,2.0,0.0,2 szoba,21.5,6,6.0,8.0,0,"házközponti egyedi méréssel, hűtő-fűtő klíma",,0,0,0,0,nincs megadva,nem,azonnal,24 hónap,nem,20000.0,15000.0,Ingatlaniroda,,700.0,4.0,,,,,,,,,0,0,0,,0,0,0,,0,0,,0,0,0,,0,0,0,,,,,0,0,0,,0,0,0,,0,0,0,,0,0,0,,0,0,0,,,,,,
35589507,kiado,"Budapest X. kerület, Felsőrákos",Felsőrákos,390000.0,0.39,390.0,6964.285714285715,12.873902018105829,8.84855032737068,0,56.0,59.0,3.0,5,0,1,0,1,0,1,1,0,1,21.0,47.4953772,19.1746318,0,636.9,500-1000 m,0,,,0,0,0,https://ingatlan.com/35589507,"Kiadó tégla lakás - Budapest X. kerület, Felsőrákos #35589507",1106,Budapest,Felsőrákos,,újszerű,Tégla lakás,2005.0,10-30 év (rendszerváltás utáni),6.0,3.0,0.0,3 szoba,18.666666666666668,2,2.0,2.0,0,"távfűtés egyedi méréssel, hűtő-fűtő klíma",,1,0,0,0,nincs megadva,igen,azonnal,nincs megadva,nincs megadva,,30000.0,Ingatlaniroda,,2285.0,4.0,,,,,,,,,0,0,0,,0,0,0,,0,0,,0,0,0,,0,0,0,,,,,0,0,0,,0,0,0,,0,0,0,,0,0,0,,0,0,0,,,,,,
35590108,kiado,"Budapest X. kerület, Hungária körút",Laposdűlő,290000.0,0.29,290.0,4027.777777777778,12.577636201962656,8.300970082946602,0,72.0,72.0,3.0,3,0,0,1,0,1,0,0,0,0,,47.5120385,19.0980307,0,121.4,<150 m,1,,,0,0,0,https://ingatlan.com/35590108,"Kiadó panel lakás - Budapest X. kerület, Hungária körút #35590108",1101,Budapest,Hungária körút,,jó állapotú,Panel lakás,,Ismeretlen,0.0,3.0,0.0,3 szoba,24.0,5,5.0,10.0,0,nincs megadva,,0,0,0,0,nincs megadva,igen,nincs megadva,12 hónap,nincs megadva,,,Ingatlaniroda,,610.0,4.0,,,,,,,,,0,0,0,,0,0,0,,0,0,,0,0,0,,0,0,0,,,,,0,0,0,,0,0,0,,0,0,0,,0,0,0,,0,0,0,,,,,,
35590368,kiado,"Budapest X. kerület, Gyakorló utca",Felsőrákos,190000.0,0.19,190.0,5277.777777777777,12.154779351142624,8.571260412686513,0,36.0,37.5,2.0,3,0,0,1,0,0,0,1,0,0,,47.5018325,19.1436801,0,258.3,150-300 m,0,,,0,0,0,https://ingatlan.com/35590368,"Kiadó panel lakás - Budapest X. kerület, Gyakorló utca #35590368",1106,Budapest,Gyakorló utca,,nincs megadva,Panel lakás,,Ismeretlen,3.0,2.0,0.0,2 szoba,18.0,nincs megadva,,,0,nincs megadva,,0,0,0,0,nincs megadva,nincs megadva,nincs megadva,nincs megadva,nincs megadva,,,Ingatlaniroda,,183.0,2.0,,,,,,,,,0,0,0,,0,0,0,,0,0,,0,0,0,,0,0,0,,,,,0,0,0,,0,0,0,,0,0,0,,0,0,0,,0,0,0,,,,,,
35590549,kiado,"Budapest X. kerület, Gyógyszergyári utca",Felsőrákos,360000.0,0.36,360.0,5538.461538461538,12.793859310432293,8.619472040536655,0,65.0,73.0,3.0,6,0,1,0,1,1,1,1,0,0,0.0,47.4994212,19.1493566,0,351.7,300-500 m,0,,,0,0,0,https://ingatlan.com/35590549,"Kiadó tégla lakás - Budapest X. kerület, Gyógyszergyári utca #35590549",1106,Budapest,Gyógyszergyári utca,,új építésű,Tégla lakás,2026.0,Új építésű (2025+),16.0,3.0,0.0,3 szoba,21.666666666666668,1,1.0,6.0,0,távfűtés egyedi méréssel,,1,0,0,0,A+,megegyezés szerint,azonnal,12 hónap,nincs megadva,33000.0,15000.0,Ingatlaniroda,,1816.0,4.0,,,,,,,,,0,0,0,,0,0,0,,0,0,,0,0,0,,0,0,0,,,,,0,0,0,,0,0,0,,0,0,0,,0,0,0,,0,0,0,,,,,,
35590825,kiado,"Budapest X. kerület, Gém utca",Gyárdűlő,280000.0,0.28,280.0,5185.185185185185,12.542544882151386,8.553560835587112,0,54.0,62.5,2.0,5,0,1,0,1,1,1,1,0,0,,47.4709565,19.1216348,0,527.2,500-1000 m,0,,,0,0,0,https://ingatlan.com/35590825,"Kiadó tégla lakás - Budapest X. kerület, Gém utca #35590825",1107,Budapest,Gém utca,,újszerű,Tégla lakás,,Ismeretlen,17.0,2.0,0.0,2 szoba,27.0,3,3.0,,0,házközponti egyedi méréssel,,0,0,0,0,nincs megadva,igen,nincs megadva,12 hónap,nincs megadva,26000.0,13000.0,Ingatlaniroda,,420.0,4.0,,,,,,,,,0,0,0,,0,0,0,,0,0,,0,0,0,,0,0,0,,,,,0,0,0,,0,0,0,,0,0,0,,0,0,0,,0,0,0,,,,,,
35590837,kiado,"Budapest X. kerület, Gyógyszergyári utca",Felsőrákos,240000.0,0.24,240.0,8000.0,12.388394202324129,8.987196820661973,0,30.0,32.0,1.0,6,0,1,0,1,1,1,1,0,0,0.0,47.4994212,19.1493566,0,351.7,300-500 m,0,,,0,0,0,https://ingatlan.com/35590837,"Kiadó tégla lakás - Budapest X. kerület, Gyógyszergyári utca #35590837",1106,Budapest,Gyógyszergyári utca,,új építésű,Tégla lakás,2026.0,Új építésű (2025+),4.0,1.0,0.0,1 szoba,30.0,1,1.0,7.0,0,házközponti egyedi méréssel,,0,0,0,0,nincs megadva,megegyezés szerint,2026. október,12 hónap,nincs megadva,20000.0,15000.0,Ingatlaniroda,,2109.0,4.0,,,,,,,,,0,0,0,,0,0,0,,0,0,,0,0,0,,0,0,0,,,,,0,0,0,,0,0,0,,0,0,0,,0,0,0,,0,0,0,,,,,,
35591870,kiado,"Budapest X. kerület, Gyógyszergyári utca 6.",Felsőrákos,280000.0,0.28,280.0,6363.636363636364,12.542544882151386,8.758355248233126,0,44.0,49.5,2.0,6,0,1,0,0,1,1,1,0,0,0.0,47.497833,19.141041,1,482.9,300-500 m,0,1008.7,13.4,0,0,1,https://ingatlan.com/35591870,"Kiadó csúsztatott zsalus - Budapest X. kerület, Gyógyszergyári utca 6. #35591870",1106,Budapest,Gyógyszergyári utca,6,új építésű,Csúsztatott zsalus lakás,2026.0,Új építésű (2025+),11.0,2.0,0.0,2 szoba,22.0,5,5.0,7.0,0,távfűtés egyedi méréssel,,1,0,0,0,A+,igen,nincs megadva,nincs megadva,nem,,,Ingatlaniroda,,484.0,2.0,,,,,,,,910.8,0,0,1,278.0,1,1,1,539.0,0,1,278.0,1,1,1,523.0,0,1,1,2.0,14.0,82.0,1354.1,0,0,0,1561.9,0,0,0,859.0,0,0,1,651.7,0,1,1,912.8,0,0,1,Örs vezér tere,,Kincsem lakópark,Fehér úti ipari park,Névtelen zöldfelület / park,villamos
35592074,kiado,"Budapest X. kerület, Gyógyszergyári utca 8.",Felsőrákos,295000.0,0.295,295.0,5462.962962962963,12.594730635321957,8.605746588757683,0,54.0,59.0,2.0,3,0,0,0,1,1,1,1,0,0,0.0,47.49801,19.142693,1,553.3,500-1000 m,0,1194.2,15.9,0,0,0,https://ingatlan.com/35592074,"Kiadó tégla lakás - Budapest X. kerület, Gyógyszergyári utca 8. #35592074",1106,Budapest,Gyógyszergyári utca,8,nincs megadva,Tégla lakás,2026.0,Új építésű (2025+),10.0,2.0,0.0,2 szoba,27.0,4,4.0,6.0,0,távfűtés egyedi méréssel,,1,0,0,0,A+,nem,nincs megadva,nincs megadva,nincs megadva,,,Ingatlaniroda,,643.0,2.0,,,,,,,,1096.3,0,0,1,463.5,0,1,1,724.5,0,1,463.5,0,1,1,600.2,0,1,1,0.0,7.0,52.0,1212.4,0,0,0,1747.4,0,0,0,1044.5,0,0,1,837.3,0,0,1,1098.3,0,0,1,Örs vezér tere,,Kincsem lakópark,Fehér úti ipari park,Erdélyi emlékkert,villamos
35592796,kiado,"Budapest X. kerület, Kőbányai út 5.",Laposdűlő,370000.0,0.37,370.0,4625.0,12.821258284620408,8.439231649946526,0,80.0,120.0,3.0,5,0,1,0,1,1,1,1,0,1,,,,0,,,0,,,0,0,0,https://ingatlan.com/35592796,"Kiadó tégla lakás - Budapest X. kerület, Kőbányai út #35592796",1101,Budapest,Kőbányai út,5,újszerű,Tégla lakás,,Ismeretlen,80.0,3.0,0.0,3 szoba,26.666666666666668,5,5.0,5.0,0,gázkazán,,0,1,0,0,nincs megadva,részben,azonnal,12 hónap,nincs megadva,35000.0,20000.0,Ingatlaniroda,,353.0,4.0,,,,,,,,,0,0,0,,0,0,0,,0,0,,0,0,0,,0,0,0,,,,,0,0,0,,0,0,0,,0,0,0,,0,0,0,,0,0,0,,,,,,
35593842,kiado,"Budapest X. kerület, Gém utca",Gyárdűlő,280000.0,0.28,280.0,5185.185185185185,12.542544882151386,8.553560835587112,0,54.0,62.5,2.0,5,0,1,0,1,1,1,1,0,0,,47.4709565,19.1216348,0,527.2,500-1000 m,0,,,0,0,0,https://ingatlan.com/35593842,"Kiadó tégla lakás - Budapest X. kerület, Gém utca #35593842",1107,Budapest,Gém utca,,újszerű,Tégla lakás,,Ismeretlen,17.0,2.0,0.0,2 szoba,27.0,3,3.0,7.0,0,házközponti egyedi méréssel,,0,0,0,0,F,megegyezés szerint,nincs megadva,12 hónap,nincs megadva,26000.0,13000.0,Ingatlaniroda,,808.0,4.0,,,,,,,,,0,0,0,,0,0,0,,0,0,,0,0,0,,0,0,0,,,,,0,0,0,,0,0,0,,0,0,0,,0,0,0,,0,0,0,,,,,,
35593869,kiado,"Budapest X. kerület, Alkér utca",Óhegy,260000.0,0.26,260.0,3250.0,12.468436909997665,8.086410275323782,0,80.0,82.0,2.0,4,0,0,0,1,0,0,1,0,0,,47.4771294,19.1467211,0,1008.6,1000-2000 m,0,,,0,0,0,https://ingatlan.com/35593869,"Kiadó tégla lakás - Budapest X. kerület, Alkér utca #35593869",1104,Budapest,Alkér utca,,felújított,Tégla lakás,,Ismeretlen,4.0,2.0,0.0,2 szoba,40.0,nincs megadva,,,0,gázkazán,,0,1,0,0,nincs megadva,megegyezés szerint,azonnal,nincs megadva,nincs megadva,12000.0,18000.0,Ingatlaniroda,,1807.0,2.0,,,,,,,,,0,0,0,,0,0,0,,0,0,,0,0,0,,0,0,0,,,,,0,0,0,,0,0,0,,0,0,0,,0,0,0,,0,0,0,,,,,,
35594157,kiado,"Budapest X. kerület, Agyagfejtő utca",Újhegy,195000.0,0.195,195.0,3900.0,12.180754837545884,8.268731832117737,0,50.0,52.0,2.0,4,0,0,1,0,1,1,1,0,0,38.0,47.4722405,19.1614454,0,894.5,500-1000 m,0,,,0,0,0,https://ingatlan.com/35594157,"Kiadó panel lakás - Budapest X. kerület, Agyagfejtő utca #35594157",1108,Budapest,Agyagfejtő utca,,felújított,Panel lakás,1988.0,30-60 év (panel-korszak),4.0,2.0,0.0,2 szoba,25.0,9,9.0,10.0,0,távfűtés egyedi méréssel,,1,0,0,0,nincs megadva,részben,2026. október,12 hónap,nincs megadva,15000.0,20000.0,Ingatlaniroda,,1386.0,4.0,,,,,,,,,0,0,0,,0,0,0,,0,0,,0,0,0,,0,0,0,,,,,0,0,0,,0,0,0,,0,0,0,,0,0,0,,0,0,0,,,,,,
35594880,kiado,"Budapest X. kerület, Bányató utca",Újhegy,240000.0,0.24,240.0,4800.0,12.388394202324129,8.476371196895983,0,50.0,52.0,2.0,3,0,0,1,0,1,1,1,0,0,,47.4645943,19.1669132,0,486.4,300-500 m,0,,,0,0,0,https://ingatlan.com/35594880,"Kiadó panel lakás - Budapest X. kerület, Bányató utca #35594880",1108,Budapest,Bányató utca,,jó állapotú,Panel lakás,,Ismeretlen,4.0,2.0,0.0,2 szoba,25.0,4,4.0,10.0,0,"távfűtés, hűtő-fűtő klíma",,1,0,0,0,nincs megadva,megegyezés szerint,2026. október,12 hónap,nincs megadva,14000.0,25000.0,Ingatlaniroda,,1361.0,4.0,,,,,,,,,0,0,0,,0,0,0,,0,0,,0,0,0,,0,0,0,,,,,0,0,0,,0,0,0,,0,0,0,,0,0,0,,0,0,0,,,,,,
35594983,kiado,"Budapest X. kerület, Hungária körút",Laposdűlő,280000.0,0.28,280.0,3888.8888888888887,12.542544882151386,8.265878763135332,0,72.0,72.0,3.0,4,0,0,1,0,1,0,0,0,0,,47.5120385,19.0980307,0,121.4,<150 m,1,,,0,0,0,https://ingatlan.com/35594983,"Kiadó panel lakás - Budapest X. kerület, Hungária körút #35594983",1101,Budapest,Hungária körút,,felújított,Panel lakás,,Ismeretlen,0.0,3.0,0.0,3 szoba,24.0,8,8.0,10.0,0,nincs megadva,,0,0,0,0,nincs megadva,igen,nincs megadva,12 hónap,nincs megadva,,,Ingatlaniroda,,706.0,4.0,,,,,,,,,0,0,0,,0,0,0,,0,0,,0,0,0,,0,0,0,,,,,0,0,0,,0,0,0,,0,0,0,,0,0,0,,0,0,0,,,,,,
35595997,kiado,"Budapest X. kerület, Vaskő utca",Laposdűlő,160000.0,0.16,160.0,4705.882352941177,11.982929094215963,8.456568569599803,0,34.0,34.0,1.0,3,0,0,0,1,0,0,0,0,0,58.0,47.485,19.1218803,0,191.7,150-300 m,0,,,0,0,0,https://ingatlan.com/35595997,"Kiadó tégla lakás - Budapest X. kerület, Vaskő utca #35595997",1101,Budapest,Vaskő utca,,jó állapotú,Tégla lakás,1968.0,30-60 év (panel-korszak),0.0,1.0,0.0,1 szoba,34.0,3,3.0,4.0,0,gáz (konvektor),,0,1,0,0,nincs megadva,igen,azonnal,12 hónap,nem,15000.0,15000.0,Ingatlaniroda,,468.0,4.0,,,,,,,,,0,0,0,,0,0,0,,0,0,,0,0,0,,0,0,0,,,,,0,0,0,,0,0,0,,0,0,0,,0,0,0,,0,0,0,,,,,,
35596595,kiado,"Budapest X. kerület, Harmat utca 160.",Óhegy,249000.0,0.249,249.0,3830.769230769231,12.425208175446844,8.250820905551208,0,65.0,70.0,2.0,5,0,1,0,0,1,1,1,0,0,38.0,47.474578,19.159915,1,671.2,500-1000 m,0,1702.9,22.7,0,0,0,https://ingatlan.com/35596595,"Kiadó csúsztatott zsalus - Budapest X. kerület, Harmat utca 160. #35596595",1104,Budapest,Harmat utca,160,újszerű,Csúsztatott zsalus lakás,1988.0,30-60 év (panel-korszak),10.0,2.0,0.0,2 szoba,32.5,5,5.0,10.0,0,távfűtés,,1,0,0,0,nincs megadva,részben,azonnal,12 hónap,nincs megadva,18000.0,25000.0,Ingatlaniroda,,2654.0,2.0,,,,,,,,1708.8,0,0,0,687.5,0,1,1,265.3,1,1,687.5,0,1,1,760.1,0,0,1,4.0,26.0,59.0,,0,0,0,,0,0,0,562.0,0,1,1,652.7,0,1,1,681.9,0,1,1,Kőbánya-Kispest,,Venyige utca,Sibrik Miklós út,Névtelen zöldfelület / park,villamos
35597092,kiado,"Budapest X. kerület, Kőrösi Csoma Sándor út",Kőbánya-Városközpont,250000.0,0.25,250.0,3289.4736842105262,12.429216196844383,8.098482856558052,0,76.0,76.0,4.0,3,0,0,1,0,1,1,0,0,0,58.0,47.4865004,19.1327222,0,533.8,500-1000 m,0,,,0,0,0,https://ingatlan.com/35597092,"Kiadó panel lakás - Budapest X. kerület, Kőrösi Csoma Sándor út #35597092",1102,Budapest,Kőrösi Csoma Sándor út,,jó állapotú,Panel lakás,1968.0,30-60 év (panel-korszak),0.0,4.0,0.0,4+ szoba,19.0,1,1.0,10.0,0,házközponti,,0,0,0,0,nincs megadva,részben,azonnal,12 hónap,nem,23107.0,,Ingatlaniroda,,1176.0,2.0,,,,,,,,,0,0,0,,0,0,0,,0,0,,0,0,0,,0,0,0,,,,,0,0,0,,0,0,0,,0,0,0,,0,0,0,,0,0,0,,,,,,
35597252,kiado,"Budapest X. kerület, Újhegyi út",Újhegy,160000.0,0.16,160.0,5925.925925925926,11.982929094215963,8.687092228211634,0,27.0,27.0,1.0,3,0,0,0,1,0,0,0,0,0,,47.4683201,19.1692118,0,933.0,500-1000 m,0,,,0,0,0,https://ingatlan.com/35597252,"Kiadó tégla lakás - Budapest X. kerület, Újhegyi út #35597252",1108,Budapest,Újhegyi út,,nincs megadva,Tégla lakás,,Ismeretlen,0.0,1.0,0.0,1 szoba,27.0,nincs megadva,,,0,nincs megadva,,0,0,0,0,nincs megadva,nincs megadva,nincs megadva,nincs megadva,nincs megadva,,,Ingatlaniroda,,1207.0,2.0,,,,,,,,,0,0,0,,0,0,0,,0,0,,0,0,0,,0,0,0,,,,,0,0,0,,0,0,0,,0,0,0,,0,0,0,,0,0,0,,,,,,
35597425,kiado,"Budapest X. kerület, Kápolna utca",Kőbánya-Városközpont,250000.0,0.25,250.0,3846.153846153846,12.429216196844383,8.254828926948747,0,65.0,66.0,3.0,3,0,0,1,0,1,0,1,0,0,58.0,47.4823363,19.1289949,0,88.5,<150 m,1,,,0,0,0,https://ingatlan.com/35597425,"Kiadó panel lakás - Budapest X. kerület, Kápolna utca #35597425",1102,Budapest,Kápolna utca,,jó állapotú,Panel lakás,1968.0,30-60 év (panel-korszak),2.0,3.0,0.0,3 szoba,21.666666666666668,3,3.0,10.0,0,távfűtés,,1,0,0,0,nincs megadva,igen,azonnal,12 hónap,nincs megadva,18000.0,,Ingatlaniroda,,1519.0,4.0,,,,,,,,,0,0,0,,0,0,0,,0,0,,0,0,0,,0,0,0,,,,,0,0,0,,0,0,0,,0,0,0,,0,0,0,,0,0,0,,,,,,
35598079,kiado,"Budapest X. kerület, Makk utca",Gyárdűlő,280000.0,0.28,280.0,5283.018867924528,12.542544882151386,8.572252968599265,0,53.0,60.5,2.0,3,0,0,0,1,0,0,1,0,0,,47.474174,19.1185644,0,347.2,300-500 m,0,,,0,0,0,https://ingatlan.com/35598079,"Kiadó tégla lakás - Budapest X. kerület, Makk utca #35598079",1107,Budapest,Makk utca,,nincs megadva,Tégla lakás,,Ismeretlen,15.0,2.0,0.0,2 szoba,26.5,nincs megadva,,,0,nincs megadva,,0,0,0,0,nincs megadva,nincs megadva,nincs megadva,nincs megadva,nincs megadva,,,Ingatlaniroda,,876.0,2.0,,,,,,,,,0,0,0,,0,0,0,,0,0,,0,0,0,,0,0,0,,,,,0,0,0,,0,0,0,,0,0,0,,0,0,0,,0,0,0,,,,,,
35598424,kiado,"Budapest X. kerület, Gyógyszergyári utca",Felsőrákos,280000.0,0.28,280.0,6363.636363636364,12.542544882151386,8.758355248233126,0,44.0,49.5,2.0,6,0,1,0,1,1,1,1,0,0,0.0,47.4994212,19.1493566,0,351.7,300-500 m,0,,,0,0,0,https://ingatlan.com/35598424,"Kiadó tégla lakás - Budapest X. kerület, Gyógyszergyári utca #35598424",1106,Budapest,Gyógyszergyári utca,,új építésű,Tégla lakás,2026.0,Új építésű (2025+),11.0,2.0,0.0,2 szoba,22.0,5,5.0,7.0,0,házközponti egyedi méréssel,,0,0,0,0,nincs megadva,igen,2026. október,12 hónap,nem,,,Ingatlaniroda,,529.0,4.0,,,,,,,,,0,0,0,,0,0,0,,0,0,,0,0,0,,0,0,0,,,,,0,0,0,,0,0,0,,0,0,0,,0,0,0,,0,0,0,,,,,,
35598441,kiado,"Budapest X. kerület, Gyógyszergyári utca",Felsőrákos,280000.0,0.28,280.0,6363.636363636364,12.542544882151386,8.758355248233126,0,44.0,49.5,2.0,5,0,1,0,1,1,1,1,0,0,0.0,47.4994212,19.1493566,0,351.7,300-500 m,0,,,0,0,0,https://ingatlan.com/35598441,"Kiadó tégla lakás - Budapest X. kerület, Gyógyszergyári utca #35598441",1106,Budapest,Gyógyszergyári utca,,újszerű,Tégla lakás,2025.0,Új építésű (2025+),11.0,2.0,0.0,2 szoba,22.0,5,5.0,7.0,0,távfűtés egyedi méréssel,,1,0,0,0,nincs megadva,igen,azonnal,12 hónap,nincs megadva,20000.0,,Ingatlaniroda,,353.0,4.0,,,,,,,,,0,0,0,,0,0,0,,0,0,,0,0,0,,0,0,0,,,,,0,0,0,,0,0,0,,0,0,0,,0,0,0,,0,0,0,,,,,,
35599213,kiado,"Budapest X. kerület, Gyógyszergyári utca",Felsőrákos,279900.0,0.2799,279.9,6361.363636363636,12.542187675503545,8.757998041585283,0,44.0,49.5,2.0,6,0,1,0,1,1,1,1,0,0,0.0,47.4994212,19.1493566,0,351.7,300-500 m,0,,,0,0,0,https://ingatlan.com/35599213,"Kiadó tégla lakás - Budapest X. kerület, Gyógyszergyári utca #35599213",1106,Budapest,Gyógyszergyári utca,,új építésű,Tégla lakás,2026.0,Új építésű (2025+),11.0,2.0,0.0,2 szoba,22.0,5,5.0,7.0,0,távfűtés egyedi méréssel,,1,0,0,0,A+,igen,azonnal,12 hónap,nem,,15000.0,Ingatlaniroda,,767.0,4.0,,,,,,,,,0,0,0,,0,0,0,,0,0,,0,0,0,,0,0,0,,,,,0,0,0,,0,0,0,,0,0,0,,0,0,0,,0,0,0,,,,,,
35599337,kiado,"Budapest X. kerület, Gém utca 7.",Gyárdűlő,280000.0,0.28,280.0,6222.222222222223,12.542544882151386,8.735882392381066,0,45.0,47.5,2.0,6,0,1,0,1,1,1,1,0,0,2.0,,,0,,,0,,,0,0,0,https://ingatlan.com/35599337,"Kiadó tégla lakás - Budapest X. kerület, Gém utca #35599337",1107,Budapest,Gém utca,7,új építésű,Tégla lakás,2024.0,0-10 év,5.0,2.0,0.0,2 szoba,22.5,2,2.0,7.0,0,"házközponti egyedi méréssel, hűtő-fűtő klíma",,0,0,0,0,nincs megadva,igen,azonnal,12 hónap,nem,25700.0,12000.0,Ingatlaniroda,,824.0,4.0,,,,,,,,,0,0,0,,0,0,0,,0,0,,0,0,0,,0,0,0,,,,,0,0,0,,0,0,0,,0,0,0,,0,0,0,,0,0,0,,,,,,
35599991,kiado,"Budapest X. kerület, Gyógyszergyári utca 14.",Felsőrákos,250000.0,0.25,250.0,5555.555555555556,12.429216196844383,8.622553707074063,0,45.0,50.5,2.0,6,0,1,0,1,1,1,1,0,0,0.0,47.497773,19.144117,1,519.5,500-1000 m,0,1233.6,16.4,0,0,0,https://ingatlan.com/35599991,"Kiadó tégla lakás - Budapest X. kerület, Gyógyszergyári utca 14. #35599991",1106,Budapest,Gyógyszergyári utca,14,új építésű,Tégla lakás,2026.0,Új építésű (2025+),11.0,2.0,0.0,2 szoba,22.5,1,1.0,,0,házközponti egyedi méréssel,,0,0,0,0,nincs megadva,nem,azonnal,12 hónap,nincs megadva,25000.0,,Ingatlaniroda,,1455.0,4.0,,,,,,,,1135.7,0,0,0,502.9,0,1,1,763.9,0,0,502.9,0,1,1,530.6,0,1,1,0.0,4.0,45.0,1142.5,0,0,0,1786.8,0,0,0,1083.9,0,0,1,876.7,0,0,1,1137.7,0,0,0,Örs vezér tere,,Kincsem lakópark,Fehér úti ipari park,Erdélyi emlékkert,villamos
35600402,kiado,"Budapest X. kerület, Lavotta utca 53.",Óhegy,250000.0,0.25,250.0,4716.981132075472,12.429216196844383,8.458924283292262,0,53.0,55.0,2.0,4,0,0,1,0,1,1,1,0,1,58.0,,,0,,,0,,,0,0,0,https://ingatlan.com/35600402,"Kiadó panel lakás - Budapest X. kerület, Lavotta utca #35600402",1104,Budapest,Lavotta utca,53,felújított,Panel lakás,1968.0,30-60 év (panel-korszak),4.0,2.0,0.0,2 szoba,26.5,10,10.0,10.0,0,távfűtés egyedi méréssel,,1,0,0,0,nincs megadva,nem,azonnal,12 hónap,nem,23000.0,,Ingatlaniroda,,446.0,4.0,,,,,,,,,0,0,0,,0,0,0,,0,0,,0,0,0,,0,0,0,,,,,0,0,0,,0,0,0,,0,0,0,,0,0,0,,0,0,0,,,,,,
35601950,kiado,"Budapest X. kerület, Gyógyszergyári utca",Felsőrákos,270000.0,0.27,270.0,6279.069767441861,12.506177237980511,8.744977122286949,0,43.0,48.5,2.0,3,0,0,0,0,0,0,1,0,0,,47.4994212,19.1493566,0,351.7,300-500 m,0,,,0,0,0,https://ingatlan.com/35601950,"Kiadó csúsztatott zsalus - Budapest X. kerület, Gyógyszergyári utca #35601950",1106,Budapest,Gyógyszergyári utca,,nincs megadva,Csúsztatott zsalus lakás,,Ismeretlen,11.0,2.0,0.0,2 szoba,21.5,nincs megadva,,,0,nincs megadva,,0,0,0,0,nincs megadva,nincs megadva,nincs megadva,nincs megadva,nincs megadva,,,Ingatlaniroda,,503.0,2.0,,,,,,,,,0,0,0,,0,0,0,,0,0,,0,0,0,,0,0,0,,,,,0,0,0,,0,0,0,,0,0,0,,0,0,0,,0,0,0,,,,,,
35601962,kiado,"Budapest X. kerület, Alkér utca",Óhegy,260000.0,0.26,260.0,3250.0,12.468436909997665,8.086410275323782,0,80.0,82.0,2.0,3,0,0,0,1,0,0,1,0,0,,47.4771294,19.1467211,0,1008.6,1000-2000 m,0,,,0,0,0,https://ingatlan.com/35601962,"Kiadó tégla lakás - Budapest X. kerület, Alkér utca #35601962",1104,Budapest,Alkér utca,,nincs megadva,Tégla lakás,,Ismeretlen,4.0,2.0,0.0,2 szoba,40.0,nincs megadva,,,0,nincs megadva,,0,0,0,0,nincs megadva,nincs megadva,nincs megadva,nincs megadva,nincs megadva,,,Ingatlaniroda,,1807.0,2.0,,,,,,,,,0,0,0,,0,0,0,,0,0,,0,0,0,,0,0,0,,,,,0,0,0,,0,0,0,,0,0,0,,0,0,0,,0,0,0,,,,,,
35601995,kiado,"Budapest X. kerület, Gyógyszergyári utca",Felsőrákos,280000.0,0.28,280.0,6363.636363636364,12.542544882151386,8.758355248233126,0,44.0,49.5,2.0,6,0,1,0,1,1,1,1,0,0,2.0,47.4994212,19.1493566,0,351.7,300-500 m,0,,,0,0,0,https://ingatlan.com/35601995,"Kiadó tégla lakás - Budapest X. kerület, Gyógyszergyári utca #35601995",1106,Budapest,Gyógyszergyári utca,,új építésű,Tégla lakás,2024.0,0-10 év,11.0,2.0,0.0,2 szoba,22.0,5,5.0,7.0,0,távfűtés egyedi méréssel,,1,0,0,0,A+,igen,nincs megadva,12 hónap,nem,25000.0,25000.0,Ingatlaniroda,,696.0,4.0,,,,,,,,,0,0,0,,0,0,0,,0,0,,0,0,0,,0,0,0,,,,,0,0,0,,0,0,0,,0,0,0,,0,0,0,,0,0,0,,,,,,
