{
"type": "FeatureCollection",
"name": "kobanya_elado_pontos",
"crs": { "type": "name", "properties": { "name": "urn:ogc:def:crs:OGC:1.3:CRS84" } },
"features": [
{ "type": "Feature", "properties": { "listing_id": "33203915", "listing_type": "elado", "cim_teljes": "Budapest X. kerület, Nyerő utca 7.", "varosresz": "Laposdűlő", "price_huf": 67900000.0, "ar_millio_ft": 67.9, "ar_ezer_ft_ho": 67900.0, "nm_ar_huf": 1060937.5, "log_ar": 18.033546592528925, "log_nm_ar": 13.874663509169253, "is_ar_outlier": 0, "alapterulet_nm": 64.0, "korrigalt_alapterulet_nm": 64.0, "szobaszam_osszes": 3.0, "allapot_kod": 3, "is_felujitando": 0, "is_ujszeru_vagy_uj": 0, "is_panel": 0, "is_tegla": 1, "has_lift": 0, "has_klima": 0, "has_erkely": 0, "is_foldszint": 0, "is_zaroszint": 1, "epulet_kora_ev": 96.0, "geokodolt_lat": 47.486499, "geokodolt_lon": 19.12325, "minta_garantalt_pontos": 1, "tavolsag_vasut_m": 77.4, "vasut_zona": "<150 m", "is_vasut_immisszio_150m": 1, "tavolsag_vasut_halozati_m": 640.0, "menetido_vasut_gyalog_perc": 8.5, "vasut_5p_seta": 0, "vasut_10p_seta": 1, "vasut_15p_seta": 1, "url": "https://ingatlan.com/33203915", "title": "Eladó tégla lakás - Budapest X. kerület, Nyerő utca 7. #33203915", "postal_code": "1101", "varos": "Budapest", "utca": "Nyerő utca", "hazszam_vegleges": "7", "allapot": "jó állapotú", "ingatlan_altipus": "Tégla lakás", "epites_eve": 1930.0, "epites_eve_kategoria": "60+ év (háború előtti)", "erkely_nm": 0.0, "szobaszam_egesz": 3.0, "szobaszam_fel": 0.0, "szobaszam_kategoria": "3 szoba", "atlagos_szobameret_nm": 21.333333333333332, "emelet": "2", "emelet_szam": 2.0, "epulet_szintjei_szam": 2.0, "is_magas_emelet_lift_nelkul": 0, "futes": "gázkazán", "futes_kategoria": null, "has_tavfutes": 0, "has_konvektor": 1, "has_megujulo": 0, "has_garazs_vagy_beallo": 0, "energetikai_tanusitvany": "nincs megadva", "butorozott": null, "koltozheto": null, "min_berleti_ido": null, "kertkapcsolatos": "nem", "kozos_koltseg_huf": 20000.0, "rezsikoltseg_huf": 17000.0, "hirdeto_tipus": "Ingatlaniroda", "iroda_neve": null, "leiras_hossz": 907.0, "fenykepek_szama": 2.0, "geokodolas_modszere": null, "geokodolas_pontossag": null, "price_eur": null, "nm_ar_eur": null, "kozos_koltseg_eur": null, "rezsikoltseg_eur": null, "kaucio_eur": null, "tavolsag_metro_halozati_m": null, "metro_5p_seta": 0, "metro_10p_seta": 0, "metro_15p_seta": 0, "tavolsag_villamos_halozati_m": 469.9, "villamos_5p_seta": 0, "villamos_10p_seta": 1, "villamos_15p_seta": 1, "tavolsag_busz_halozati_m": 218.4, "busz_5p_seta": 1, "busz_10p_seta": 1, "tavolsag_kotottpalya_halozati_m": 469.9, "kotottpalya_5p_seta": 0, "kotottpalya_10p_seta": 1, "kotottpalya_15p_seta": 1, "tavolsag_park_halozati_m": 356.6, "park_5p_seta": 1, "park_10p_seta": 1, "park_15p_seta": 1, "poi_5p_count": 4.0, "poi_10p_count": 31.0, "poi_15p_count": 92.0, "tavolsag_iskola_halozati_m": 484.5, "iskola_5p_seta": 0, "iskola_10p_seta": 1, "iskola_15p_seta": 1, "tavolsag_ovoda_halozati_m": 814.6, "ovoda_5p_seta": 0, "ovoda_10p_seta": 0, "ovoda_15p_seta": 1, "tavolsag_bolt_halozati_m": 104.2, "bolt_5p_seta": 1, "bolt_10p_seta": 1, "bolt_15p_seta": 1, "tavolsag_gyogyszertar_halozati_m": 480.9, "gyogyszertar_5p_seta": 0, "gyogyszertar_10p_seta": 1, "gyogyszertar_15p_seta": 1, "tavolsag_orvos_halozati_m": 2014.7, "orvos_5p_seta": 0, "orvos_10p_seta": 0, "orvos_15p_seta": 0, "legkozelebbi_vasut": "Kőbánya alsó", "legkozelebbi_metro": "", "legkozelebbi_villamos": "Mázsa utca", "legkozelebbi_busz": "Kistorony park", "legkozelebbi_park": "Hargitai sétányi park", "legkozelebbi_kotottpalya_tipus": "villamos" }, "geometry": { "type": "Point", "coordinates": [ 19.12325, 47.486499 ] } },
{ "type": "Feature", "properties": { "listing_id": "33939524", "listing_type": "elado", "cim_teljes": "Budapest X. kerület, Hős utca 15/A.", "varosresz": "Laposdűlő", "price_huf": 35900000.0, "ar_millio_ft": 35.9, "ar_ezer_ft_ho": 35900.0, "nm_ar_huf": 1436000.0, "log_ar": 17.396247853458508, "log_nm_ar": 14.177372028590307, "is_ar_outlier": 0, "alapterulet_nm": 25.0, "korrigalt_alapterulet_nm": 25.0, "szobaszam_osszes": 1.0, "allapot_kod": 1, "is_felujitando": 1, "is_ujszeru_vagy_uj": 0, "is_panel": 0, "is_tegla": 1, "has_lift": 0, "has_klima": 0, "has_erkely": 0, "is_foldszint": 0, "is_zaroszint": 0, "epulet_kora_ev": null, "geokodolt_lat": 47.496903, "geokodolt_lon": 19.114106, "minta_garantalt_pontos": 1, "tavolsag_vasut_m": 171.5, "vasut_zona": "150-300 m", "is_vasut_immisszio_150m": 0, "tavolsag_vasut_halozati_m": 2018.4, "menetido_vasut_gyalog_perc": 26.9, "vasut_5p_seta": 0, "vasut_10p_seta": 0, "vasut_15p_seta": 0, "url": "https://ingatlan.com/33939524", "title": "Eladó tégla lakás - Budapest X. kerület, Hős utca 15/A #33939524", "postal_code": "1101", "varos": "Budapest", "utca": "Hős utca", "hazszam_vegleges": "15/A", "allapot": "felújítandó", "ingatlan_altipus": "Tégla lakás", "epites_eve": null, "epites_eve_kategoria": "Ismeretlen", "erkely_nm": 0.0, "szobaszam_egesz": 1.0, "szobaszam_fel": 0.0, "szobaszam_kategoria": "1 szoba", "atlagos_szobameret_nm": 25.0, "emelet": "nincs megadva", "emelet_szam": null, "epulet_szintjei_szam": null, "is_magas_emelet_lift_nelkul": 0, "futes": "nincs megadva", "futes_kategoria": null, "has_tavfutes": 0, "has_konvektor": 0, "has_megujulo": 0, "has_garazs_vagy_beallo": 0, "energetikai_tanusitvany": "nincs megadva", "butorozott": null, "koltozheto": null, "min_berleti_ido": null, "kertkapcsolatos": "nincs megadva", "kozos_koltseg_huf": null, "rezsikoltseg_huf": null, "hirdeto_tipus": "Ingatlaniroda", "iroda_neve": null, "leiras_hossz": 1205.0, "fenykepek_szama": 2.0, "geokodolas_modszere": null, "geokodolas_pontossag": null, "price_eur": null, "nm_ar_eur": null, "kozos_koltseg_eur": null, "rezsikoltseg_eur": null, "kaucio_eur": null, "tavolsag_metro_halozati_m": 881.1, "metro_5p_seta": 0, "metro_10p_seta": 0, "metro_15p_seta": 1, "tavolsag_villamos_halozati_m": 397.7, "villamos_5p_seta": 0, "villamos_10p_seta": 1, "villamos_15p_seta": 1, "tavolsag_busz_halozati_m": 255.3, "busz_5p_seta": 1, "busz_10p_seta": 1, "tavolsag_kotottpalya_halozati_m": 397.7, "kotottpalya_5p_seta": 0, "kotottpalya_10p_seta": 1, "kotottpalya_15p_seta": 1, "tavolsag_park_halozati_m": 1068.1, "park_5p_seta": 0, "park_10p_seta": 0, "park_15p_seta": 1, "poi_5p_count": 2.0, "poi_10p_count": 12.0, "poi_15p_count": 64.0, "tavolsag_iskola_halozati_m": 785.0, "iskola_5p_seta": 0, "iskola_10p_seta": 0, "iskola_15p_seta": 1, "tavolsag_ovoda_halozati_m": 897.0, "ovoda_5p_seta": 0, "ovoda_10p_seta": 0, "ovoda_15p_seta": 1, "tavolsag_bolt_halozati_m": 769.9, "bolt_5p_seta": 0, "bolt_10p_seta": 0, "bolt_15p_seta": 1, "tavolsag_gyogyszertar_halozati_m": 517.2, "gyogyszertar_5p_seta": 0, "gyogyszertar_10p_seta": 1, "gyogyszertar_15p_seta": 1, "tavolsag_orvos_halozati_m": 880.1, "orvos_5p_seta": 0, "orvos_10p_seta": 0, "orvos_15p_seta": 1, "legkozelebbi_vasut": "Kőbánya alsó", "legkozelebbi_metro": "", "legkozelebbi_villamos": "Hős utca", "legkozelebbi_busz": "Hős utca", "legkozelebbi_park": "Névtelen zöldfelület / park", "legkozelebbi_kotottpalya_tipus": "villamos" }, "geometry": { "type": "Point", "coordinates": [ 19.114106, 47.496903 ] } },
{ "type": "Feature", "properties": { "listing_id": "34084830", "listing_type": "elado", "cim_teljes": "Budapest X. kerület, Tavas utca 7.", "varosresz": "Újhegy", "price_huf": 102200000.0, "ar_millio_ft": 102.2, "ar_ezer_ft_ho": 102200.0, "nm_ar_huf": 1648387.0967741935, "log_ar": 18.442442235733878, "log_nm_ar": 14.315307850688786, "is_ar_outlier": 0, "alapterulet_nm": 62.0, "korrigalt_alapterulet_nm": 74.28, "szobaszam_osszes": 3.0, "allapot_kod": 6, "is_felujitando": 0, "is_ujszeru_vagy_uj": 1, "is_panel": 0, "is_tegla": 1, "has_lift": 1, "has_klima": 1, "has_erkely": 1, "is_foldszint": 1, "is_zaroszint": 0, "epulet_kora_ev": 0.0, "geokodolt_lat": 47.4688, "geokodolt_lon": 19.1654, "minta_garantalt_pontos": 1, "tavolsag_vasut_m": 880.7, "vasut_zona": "500-1000 m", "is_vasut_immisszio_150m": 0, "tavolsag_vasut_halozati_m": 1695.0, "menetido_vasut_gyalog_perc": 22.6, "vasut_5p_seta": 0, "vasut_10p_seta": 0, "vasut_15p_seta": 0, "url": "https://ingatlan.com/34084830", "title": "Eladó tégla lakás - Budapest X. kerület, Tavas utca 7. #34084830", "postal_code": "1108", "varos": "Budapest", "utca": "Tavas utca", "hazszam_vegleges": "7", "allapot": "új építésű", "ingatlan_altipus": "Tégla lakás", "epites_eve": 2025.0, "epites_eve_kategoria": "Új építésű (2025+)", "erkely_nm": 24.56, "szobaszam_egesz": 3.0, "szobaszam_fel": 0.0, "szobaszam_kategoria": "3 szoba", "atlagos_szobameret_nm": 20.666666666666668, "emelet": "földszint", "emelet_szam": 0.0, "epulet_szintjei_szam": 5.0, "is_magas_emelet_lift_nelkul": 0, "futes": "hőszivattyú", "futes_kategoria": null, "has_tavfutes": 0, "has_konvektor": 0, "has_megujulo": 1, "has_garazs_vagy_beallo": 0, "energetikai_tanusitvany": "nincs megadva", "butorozott": null, "koltozheto": null, "min_berleti_ido": null, "kertkapcsolatos": "igen", "kozos_koltseg_huf": null, "rezsikoltseg_huf": null, "hirdeto_tipus": "Ingatlaniroda", "iroda_neve": null, "leiras_hossz": 925.0, "fenykepek_szama": 4.0, "geokodolas_modszere": null, "geokodolas_pontossag": null, "price_eur": null, "nm_ar_eur": null, "kozos_koltseg_eur": null, "rezsikoltseg_eur": null, "kaucio_eur": null, "tavolsag_metro_halozati_m": 1701.0, "metro_5p_seta": 0, "metro_10p_seta": 0, "metro_15p_seta": 0, "tavolsag_villamos_halozati_m": 875.6, "villamos_5p_seta": 0, "villamos_10p_seta": 0, "villamos_15p_seta": 1, "tavolsag_busz_halozati_m": 62.1, "busz_5p_seta": 1, "busz_10p_seta": 1, "tavolsag_kotottpalya_halozati_m": 875.6, "kotottpalya_5p_seta": 0, "kotottpalya_10p_seta": 0, "kotottpalya_15p_seta": 1, "tavolsag_park_halozati_m": 272.9, "park_5p_seta": 1, "park_10p_seta": 1, "park_15p_seta": 1, "poi_5p_count": 7.0, "poi_10p_count": 28.0, "poi_15p_count": 48.0, "tavolsag_iskola_halozati_m": null, "iskola_5p_seta": 0, "iskola_10p_seta": 0, "iskola_15p_seta": 0, "tavolsag_ovoda_halozati_m": null, "ovoda_5p_seta": 0, "ovoda_10p_seta": 0, "ovoda_15p_seta": 0, "tavolsag_bolt_halozati_m": 323.9, "bolt_5p_seta": 1, "bolt_10p_seta": 1, "bolt_15p_seta": 1, "tavolsag_gyogyszertar_halozati_m": 322.1, "gyogyszertar_5p_seta": 1, "gyogyszertar_10p_seta": 1, "gyogyszertar_15p_seta": 1, "tavolsag_orvos_halozati_m": 1472.4, "orvos_5p_seta": 0, "orvos_10p_seta": 0, "orvos_15p_seta": 0, "legkozelebbi_vasut": "Kőbánya-Kispest", "legkozelebbi_metro": "", "legkozelebbi_villamos": "Sírkert út", "legkozelebbi_busz": "Mélytó utca", "legkozelebbi_park": "Újhegy park", "legkozelebbi_kotottpalya_tipus": "villamos" }, "geometry": { "type": "Point", "coordinates": [ 19.1654, 47.4688 ] } },
{ "type": "Feature", "properties": { "listing_id": "34085875", "listing_type": "elado", "cim_teljes": "Budapest X. kerület, Tavas utca 7.", "varosresz": "Újhegy", "price_huf": 119900000.0, "ar_millio_ft": 119.9, "ar_ezer_ft_ho": 119900.0, "nm_ar_huf": 1598666.6666666667, "log_ar": 18.602168619997741, "log_nm_ar": 14.284680506461433, "is_ar_outlier": 0, "alapterulet_nm": 75.0, "korrigalt_alapterulet_nm": 98.91, "szobaszam_osszes": 3.0, "allapot_kod": 6, "is_felujitando": 0, "is_ujszeru_vagy_uj": 1, "is_panel": 0, "is_tegla": 1, "has_lift": 1, "has_klima": 1, "has_erkely": 1, "is_foldszint": 0, "is_zaroszint": 0, "epulet_kora_ev": 0.0, "geokodolt_lat": 47.4688, "geokodolt_lon": 19.1654, "minta_garantalt_pontos": 1, "tavolsag_vasut_m": 880.7, "vasut_zona": "500-1000 m", "is_vasut_immisszio_150m": 0, "tavolsag_vasut_halozati_m": 1695.0, "menetido_vasut_gyalog_perc": 22.6, "vasut_5p_seta": 0, "vasut_10p_seta": 0, "vasut_15p_seta": 0, "url": "https://ingatlan.com/34085875", "title": "Eladó tégla lakás - Budapest X. kerület, Tavas utca 7. #34085875", "postal_code": "1108", "varos": "Budapest", "utca": "Tavas utca", "hazszam_vegleges": "7", "allapot": "új építésű", "ingatlan_altipus": "Tégla lakás", "epites_eve": 2025.0, "epites_eve_kategoria": "Új építésű (2025+)", "erkely_nm": 47.82, "szobaszam_egesz": 3.0, "szobaszam_fel": 0.0, "szobaszam_kategoria": "3 szoba", "atlagos_szobameret_nm": 25.0, "emelet": "4", "emelet_szam": 4.0, "epulet_szintjei_szam": 5.0, "is_magas_emelet_lift_nelkul": 0, "futes": "hőszivattyú", "futes_kategoria": null, "has_tavfutes": 0, "has_konvektor": 0, "has_megujulo": 1, "has_garazs_vagy_beallo": 0, "energetikai_tanusitvany": "nincs megadva", "butorozott": null, "koltozheto": null, "min_berleti_ido": null, "kertkapcsolatos": "nem", "kozos_koltseg_huf": null, "rezsikoltseg_huf": null, "hirdeto_tipus": "Ingatlaniroda", "iroda_neve": null, "leiras_hossz": 960.0, "fenykepek_szama": 4.0, "geokodolas_modszere": null, "geokodolas_pontossag": null, "price_eur": null, "nm_ar_eur": null, "kozos_koltseg_eur": null, "rezsikoltseg_eur": null, "kaucio_eur": null, "tavolsag_metro_halozati_m": 1701.0, "metro_5p_seta": 0, "metro_10p_seta": 0, "metro_15p_seta": 0, "tavolsag_villamos_halozati_m": 875.6, "villamos_5p_seta": 0, "villamos_10p_seta": 0, "villamos_15p_seta": 1, "tavolsag_busz_halozati_m": 62.1, "busz_5p_seta": 1, "busz_10p_seta": 1, "tavolsag_kotottpalya_halozati_m": 875.6, "kotottpalya_5p_seta": 0, "kotottpalya_10p_seta": 0, "kotottpalya_15p_seta": 1, "tavolsag_park_halozati_m": 272.9, "park_5p_seta": 1, "park_10p_seta": 1, "park_15p_seta": 1, "poi_5p_count": 7.0, "poi_10p_count": 28.0, "poi_15p_count": 48.0, "tavolsag_iskola_halozati_m": null, "iskola_5p_seta": 0, "iskola_10p_seta": 0, "iskola_15p_seta": 0, "tavolsag_ovoda_halozati_m": null, "ovoda_5p_seta": 0, "ovoda_10p_seta": 0, "ovoda_15p_seta": 0, "tavolsag_bolt_halozati_m": 323.9, "bolt_5p_seta": 1, "bolt_10p_seta": 1, "bolt_15p_seta": 1, "tavolsag_gyogyszertar_halozati_m": 322.1, "gyogyszertar_5p_seta": 1, "gyogyszertar_10p_seta": 1, "gyogyszertar_15p_seta": 1, "tavolsag_orvos_halozati_m": 1472.4, "orvos_5p_seta": 0, "orvos_10p_seta": 0, "orvos_15p_seta": 0, "legkozelebbi_vasut": "Kőbánya-Kispest", "legkozelebbi_metro": "", "legkozelebbi_villamos": "Sírkert út", "legkozelebbi_busz": "Mélytó utca", "legkozelebbi_park": "Újhegy park", "legkozelebbi_kotottpalya_tipus": "villamos" }, "geometry": { "type": "Point", "coordinates": [ 19.1654, 47.4688 ] } },
{ "type": "Feature", "properties": { "listing_id": "34272895", "listing_type": "elado", "cim_teljes": "Budapest X. kerület, Szállás utca 16.", "varosresz": "Gyárdűlő", "price_huf": 70000000.0, "ar_millio_ft": 70.0, "ar_ezer_ft_ho": 70000.0, "nm_ar_huf": 886075.94936708861, "log_ar": 18.064005800013632, "log_nm_ar": 13.694557947546611, "is_ar_outlier": 0, "alapterulet_nm": 79.0, "korrigalt_alapterulet_nm": 79.5, "szobaszam_osszes": 2.0, "allapot_kod": 2, "is_felujitando": 1, "is_ujszeru_vagy_uj": 0, "is_panel": 0, "is_tegla": 1, "has_lift": 0, "has_klima": 1, "has_erkely": 1, "is_foldszint": 0, "is_zaroszint": 0, "epulet_kora_ev": 58.0, "geokodolt_lat": 47.474732, "geokodolt_lon": 19.131536, "minta_garantalt_pontos": 1, "tavolsag_vasut_m": 127.6, "vasut_zona": "<150 m", "is_vasut_immisszio_150m": 1, "tavolsag_vasut_halozati_m": 1261.9, "menetido_vasut_gyalog_perc": 16.8, "vasut_5p_seta": 0, "vasut_10p_seta": 0, "vasut_15p_seta": 0, "url": "https://ingatlan.com/34272895", "title": "Eladó tégla lakás - Budapest X. kerület, Szállás utca 16. #34272895", "postal_code": "1107", "varos": "Budapest", "utca": "Szállás utca", "hazszam_vegleges": "16", "allapot": "közepes állapotú", "ingatlan_altipus": "Tégla lakás", "epites_eve": 1968.0, "epites_eve_kategoria": "30-60 év (panel-korszak)", "erkely_nm": 1.0, "szobaszam_egesz": 2.0, "szobaszam_fel": 0.0, "szobaszam_kategoria": "2 szoba", "atlagos_szobameret_nm": 39.5, "emelet": "félemelet", "emelet_szam": 0.5, "epulet_szintjei_szam": 2.0, "is_magas_emelet_lift_nelkul": 0, "futes": "gáz (konvektor), hűtő-fűtő klíma", "futes_kategoria": null, "has_tavfutes": 0, "has_konvektor": 1, "has_megujulo": 0, "has_garazs_vagy_beallo": 0, "energetikai_tanusitvany": "G", "butorozott": null, "koltozheto": null, "min_berleti_ido": null, "kertkapcsolatos": "nem", "kozos_koltseg_huf": 23000.0, "rezsikoltseg_huf": null, "hirdeto_tipus": "Ingatlaniroda", "iroda_neve": null, "leiras_hossz": 646.0, "fenykepek_szama": 2.0, "geokodolas_modszere": null, "geokodolas_pontossag": null, "price_eur": null, "nm_ar_eur": null, "kozos_koltseg_eur": null, "rezsikoltseg_eur": null, "kaucio_eur": null, "tavolsag_metro_halozati_m": 1294.3, "metro_5p_seta": 0, "metro_10p_seta": 0, "metro_15p_seta": 0, "tavolsag_villamos_halozati_m": 787.5, "villamos_5p_seta": 0, "villamos_10p_seta": 0, "villamos_15p_seta": 1, "tavolsag_busz_halozati_m": 346.7, "busz_5p_seta": 1, "busz_10p_seta": 1, "tavolsag_kotottpalya_halozati_m": 787.5, "kotottpalya_5p_seta": 0, "kotottpalya_10p_seta": 0, "kotottpalya_15p_seta": 1, "tavolsag_park_halozati_m": 785.5, "park_5p_seta": 0, "park_10p_seta": 0, "park_15p_seta": 1, "poi_5p_count": 1.0, "poi_10p_count": 6.0, "poi_15p_count": 42.0, "tavolsag_iskola_halozati_m": 1378.9, "iskola_5p_seta": 0, "iskola_10p_seta": 0, "iskola_15p_seta": 0, "tavolsag_ovoda_halozati_m": 1307.4, "ovoda_5p_seta": 0, "ovoda_10p_seta": 0, "ovoda_15p_seta": 0, "tavolsag_bolt_halozati_m": 780.4, "bolt_5p_seta": 0, "bolt_10p_seta": 0, "bolt_15p_seta": 1, "tavolsag_gyogyszertar_halozati_m": 816.5, "gyogyszertar_5p_seta": 0, "gyogyszertar_10p_seta": 0, "gyogyszertar_15p_seta": 1, "tavolsag_orvos_halozati_m": 1943.7, "orvos_5p_seta": 0, "orvos_10p_seta": 0, "orvos_15p_seta": 0, "legkozelebbi_vasut": "Kőbánya alsó", "legkozelebbi_metro": "Határ út", "legkozelebbi_villamos": "Kocsis Sándor Sportközpont", "legkozelebbi_busz": "Richter Gedeon utca", "legkozelebbi_park": "Névtelen zöldfelület / park", "legkozelebbi_kotottpalya_tipus": "villamos" }, "geometry": { "type": "Point", "coordinates": [ 19.131536, 47.474732 ] } },
{ "type": "Feature", "properties": { "listing_id": "34500511", "listing_type": "elado", "cim_teljes": "Budapest X. kerület, Cserkesz utca 25b.", "varosresz": "Kőbánya-Városközpont", "price_huf": 50000000.0, "ar_millio_ft": 50.0, "ar_ezer_ft_ho": 50000.0, "nm_ar_huf": 746268.65671641787, "log_ar": 17.72753356339242, "log_nm_ar": 13.522840944001453, "is_ar_outlier": 0, "alapterulet_nm": 67.0, "korrigalt_alapterulet_nm": 67.0, "szobaszam_osszes": 2.0, "allapot_kod": 2, "is_felujitando": 1, "is_ujszeru_vagy_uj": 0, "is_panel": 0, "is_tegla": 1, "has_lift": 0, "has_klima": 0, "has_erkely": 0, "is_foldszint": 0, "is_zaroszint": 0, "epulet_kora_ev": 58.0, "geokodolt_lat": 47.481559, "geokodolt_lon": 19.130438, "minta_garantalt_pontos": 1, "tavolsag_vasut_m": 145.0, "vasut_zona": "<150 m", "is_vasut_immisszio_150m": 1, "tavolsag_vasut_halozati_m": 388.4, "menetido_vasut_gyalog_perc": 5.2, "vasut_5p_seta": 0, "vasut_10p_seta": 1, "vasut_15p_seta": 1, "url": "https://ingatlan.com/34500511", "title": "Eladó tégla lakás - Budapest X. kerület, Cserkesz utca 25b #34500511", "postal_code": "1105", "varos": "Budapest", "utca": "Cserkesz utca", "hazszam_vegleges": "25b", "allapot": "közepes állapotú", "ingatlan_altipus": "Tégla lakás", "epites_eve": 1968.0, "epites_eve_kategoria": "30-60 év (panel-korszak)", "erkely_nm": 0.0, "szobaszam_egesz": 2.0, "szobaszam_fel": 0.0, "szobaszam_kategoria": "2 szoba", "atlagos_szobameret_nm": 33.5, "emelet": "1", "emelet_szam": 1.0, "epulet_szintjei_szam": 2.0, "is_magas_emelet_lift_nelkul": 0, "futes": "gázkazán", "futes_kategoria": null, "has_tavfutes": 0, "has_konvektor": 1, "has_megujulo": 0, "has_garazs_vagy_beallo": 0, "energetikai_tanusitvany": "E", "butorozott": null, "koltozheto": null, "min_berleti_ido": null, "kertkapcsolatos": "nem", "kozos_koltseg_huf": 19310.0, "rezsikoltseg_huf": 17000.0, "hirdeto_tipus": "Ingatlaniroda", "iroda_neve": null, "leiras_hossz": 1654.0, "fenykepek_szama": 4.0, "geokodolas_modszere": null, "geokodolas_pontossag": null, "price_eur": null, "nm_ar_eur": null, "kozos_koltseg_eur": null, "rezsikoltseg_eur": null, "kaucio_eur": null, "tavolsag_metro_halozati_m": 2119.9, "metro_5p_seta": 0, "metro_10p_seta": 0, "metro_15p_seta": 0, "tavolsag_villamos_halozati_m": 126.3, "villamos_5p_seta": 1, "villamos_10p_seta": 1, "villamos_15p_seta": 1, "tavolsag_busz_halozati_m": 126.8, "busz_5p_seta": 1, "busz_10p_seta": 1, "tavolsag_kotottpalya_halozati_m": 126.3, "kotottpalya_5p_seta": 1, "kotottpalya_10p_seta": 1, "kotottpalya_15p_seta": 1, "tavolsag_park_halozati_m": 199.9, "park_5p_seta": 1, "park_10p_seta": 1, "park_15p_seta": 1, "poi_5p_count": 27.0, "poi_10p_count": 73.0, "poi_15p_count": 120.0, "tavolsag_iskola_halozati_m": 778.1, "iskola_5p_seta": 0, "iskola_10p_seta": 0, "iskola_15p_seta": 1, "tavolsag_ovoda_halozati_m": 1017.3, "ovoda_5p_seta": 0, "ovoda_10p_seta": 0, "ovoda_15p_seta": 1, "tavolsag_bolt_halozati_m": 203.6, "bolt_5p_seta": 1, "bolt_10p_seta": 1, "bolt_15p_seta": 1, "tavolsag_gyogyszertar_halozati_m": 264.5, "gyogyszertar_5p_seta": 1, "gyogyszertar_10p_seta": 1, "gyogyszertar_15p_seta": 1, "tavolsag_orvos_halozati_m": null, "orvos_5p_seta": 0, "orvos_10p_seta": 0, "orvos_15p_seta": 0, "legkozelebbi_vasut": "Kőbánya alsó", "legkozelebbi_metro": "Határ út", "legkozelebbi_villamos": "Kápolna utca", "legkozelebbi_busz": "Kápolna utca", "legkozelebbi_park": "Liget téri park", "legkozelebbi_kotottpalya_tipus": "villamos" }, "geometry": { "type": "Point", "coordinates": [ 19.130438, 47.481559 ] } },
{ "type": "Feature", "properties": { "listing_id": "34706185", "listing_type": "elado", "cim_teljes": "Budapest X. kerület, Hang utca 6.", "varosresz": "Újhegy", "price_huf": 61900000.0, "ar_millio_ft": 61.9, "ar_ezer_ft_ho": 61900.0, "nm_ar_huf": 910294.1176470588, "log_ar": 17.941030737654824, "log_nm_ar": 13.721523032478718, "is_ar_outlier": 0, "alapterulet_nm": 68.0, "korrigalt_alapterulet_nm": 69.0, "szobaszam_osszes": 3.0, "allapot_kod": 3, "is_felujitando": 0, "is_ujszeru_vagy_uj": 0, "is_panel": 1, "is_tegla": 0, "has_lift": 1, "has_klima": 0, "has_erkely": 1, "is_foldszint": 0, "is_zaroszint": 0, "epulet_kora_ev": null, "geokodolt_lat": 47.471423, "geokodolt_lon": 19.166025, "minta_garantalt_pontos": 1, "tavolsag_vasut_m": 1001.3, "vasut_zona": "1000-2000 m", "is_vasut_immisszio_150m": 0, "tavolsag_vasut_halozati_m": 1855.8, "menetido_vasut_gyalog_perc": 24.7, "vasut_5p_seta": 0, "vasut_10p_seta": 0, "vasut_15p_seta": 0, "url": "https://ingatlan.com/34706185", "title": "Eladó panel lakás - Budapest X. kerület, Hang utca 6. #34706185", "postal_code": "1108", "varos": "Budapest", "utca": "Hang utca", "hazszam_vegleges": "6", "allapot": "jó állapotú", "ingatlan_altipus": "Panel lakás", "epites_eve": null, "epites_eve_kategoria": "Ismeretlen", "erkely_nm": 2.0, "szobaszam_egesz": 3.0, "szobaszam_fel": 0.0, "szobaszam_kategoria": "3 szoba", "atlagos_szobameret_nm": 22.666666666666668, "emelet": "3", "emelet_szam": 3.0, "epulet_szintjei_szam": 10.0, "is_magas_emelet_lift_nelkul": 0, "futes": "nincs megadva", "futes_kategoria": null, "has_tavfutes": 0, "has_konvektor": 0, "has_megujulo": 0, "has_garazs_vagy_beallo": 0, "energetikai_tanusitvany": "nincs megadva", "butorozott": null, "koltozheto": null, "min_berleti_ido": null, "kertkapcsolatos": "nincs megadva", "kozos_koltseg_huf": null, "rezsikoltseg_huf": null, "hirdeto_tipus": "Ingatlaniroda", "iroda_neve": null, "leiras_hossz": 898.0, "fenykepek_szama": 2.0, "geokodolas_modszere": null, "geokodolas_pontossag": null, "price_eur": null, "nm_ar_eur": null, "kozos_koltseg_eur": null, "rezsikoltseg_eur": null, "kaucio_eur": null, "tavolsag_metro_halozati_m": 1861.7, "metro_5p_seta": 0, "metro_10p_seta": 0, "metro_15p_seta": 0, "tavolsag_villamos_halozati_m": 662.9, "villamos_5p_seta": 0, "villamos_10p_seta": 1, "villamos_15p_seta": 1, "tavolsag_busz_halozati_m": 93.9, "busz_5p_seta": 1, "busz_10p_seta": 1, "tavolsag_kotottpalya_halozati_m": 662.9, "kotottpalya_5p_seta": 0, "kotottpalya_10p_seta": 1, "kotottpalya_15p_seta": 1, "tavolsag_park_halozati_m": 685.3, "park_5p_seta": 0, "park_10p_seta": 1, "park_15p_seta": 1, "poi_5p_count": 7.0, "poi_10p_count": 28.0, "poi_15p_count": 55.0, "tavolsag_iskola_halozati_m": null, "iskola_5p_seta": 0, "iskola_10p_seta": 0, "iskola_15p_seta": 0, "tavolsag_ovoda_halozati_m": null, "ovoda_5p_seta": 0, "ovoda_10p_seta": 0, "ovoda_15p_seta": 0, "tavolsag_bolt_halozati_m": 228.7, "bolt_5p_seta": 1, "bolt_10p_seta": 1, "bolt_15p_seta": 1, "tavolsag_gyogyszertar_halozati_m": 402.2, "gyogyszertar_5p_seta": 0, "gyogyszertar_10p_seta": 1, "gyogyszertar_15p_seta": 1, "tavolsag_orvos_halozati_m": 1111.9, "orvos_5p_seta": 0, "orvos_10p_seta": 0, "orvos_15p_seta": 1, "legkozelebbi_vasut": "Kőbánya-Kispest", "legkozelebbi_metro": "", "legkozelebbi_villamos": "Sírkert út", "legkozelebbi_busz": "Zsombék utca", "legkozelebbi_park": "Újhegy park", "legkozelebbi_kotottpalya_tipus": "villamos" }, "geometry": { "type": "Point", "coordinates": [ 19.166025, 47.471423 ] } },
{ "type": "Feature", "properties": { "listing_id": "34730728", "listing_type": "elado", "cim_teljes": "Budapest X. kerület, Hungária körút 1-3.", "varosresz": "Laposdűlő", "price_huf": 16500000.0, "ar_millio_ft": 16.5, "ar_ezer_ft_ho": 16500.0, "nm_ar_huf": 311320.75471698114, "log_ar": 16.61887093887081, "log_nm_ar": 12.648579025318687, "is_ar_outlier": 1, "alapterulet_nm": 53.0, "korrigalt_alapterulet_nm": 53.0, "szobaszam_osszes": 4.0, "allapot_kod": 3, "is_felujitando": 0, "is_ujszeru_vagy_uj": 0, "is_panel": 0, "is_tegla": 1, "has_lift": 0, "has_klima": 0, "has_erkely": 0, "is_foldszint": 0, "is_zaroszint": 0, "epulet_kora_ev": null, "geokodolt_lat": 47.489503, "geokodolt_lon": 19.109289, "minta_garantalt_pontos": 1, "tavolsag_vasut_m": 132.8, "vasut_zona": "<150 m", "is_vasut_immisszio_150m": 1, "tavolsag_vasut_halozati_m": 1902.5, "menetido_vasut_gyalog_perc": 25.4, "vasut_5p_seta": 0, "vasut_10p_seta": 0, "vasut_15p_seta": 0, "url": "https://ingatlan.com/34730728", "title": "Tégla lakás bérleti joga átadó - Budapest X. kerület, Hungária körút 1-3. #34730728", "postal_code": "1101", "varos": "Budapest", "utca": "Hungária körút", "hazszam_vegleges": "1-3", "allapot": "nincs megadva", "ingatlan_altipus": "Tégla lakás", "epites_eve": null, "epites_eve_kategoria": "Ismeretlen", "erkely_nm": 0.0, "szobaszam_egesz": 4.0, "szobaszam_fel": 0.0, "szobaszam_kategoria": "4+ szoba", "atlagos_szobameret_nm": 13.25, "emelet": "nincs megadva", "emelet_szam": null, "epulet_szintjei_szam": null, "is_magas_emelet_lift_nelkul": 0, "futes": "nincs megadva", "futes_kategoria": null, "has_tavfutes": 0, "has_konvektor": 0, "has_megujulo": 0, "has_garazs_vagy_beallo": 0, "energetikai_tanusitvany": "nincs megadva", "butorozott": null, "koltozheto": null, "min_berleti_ido": null, "kertkapcsolatos": "nincs megadva", "kozos_koltseg_huf": null, "rezsikoltseg_huf": null, "hirdeto_tipus": "Ingatlaniroda", "iroda_neve": null, "leiras_hossz": 149.0, "fenykepek_szama": 4.0, "geokodolas_modszere": null, "geokodolas_pontossag": null, "price_eur": null, "nm_ar_eur": null, "kozos_koltseg_eur": null, "rezsikoltseg_eur": null, "kaucio_eur": null, "tavolsag_metro_halozati_m": 1323.3, "metro_5p_seta": 0, "metro_10p_seta": 0, "metro_15p_seta": 0, "tavolsag_villamos_halozati_m": 134.7, "villamos_5p_seta": 1, "villamos_10p_seta": 1, "villamos_15p_seta": 1, "tavolsag_busz_halozati_m": 193.3, "busz_5p_seta": 1, "busz_10p_seta": 1, "tavolsag_kotottpalya_halozati_m": 134.7, "kotottpalya_5p_seta": 1, "kotottpalya_10p_seta": 1, "kotottpalya_15p_seta": 1, "tavolsag_park_halozati_m": 308.9, "park_5p_seta": 1, "park_10p_seta": 1, "park_15p_seta": 1, "poi_5p_count": 10.0, "poi_10p_count": 34.0, "poi_15p_count": 66.0, "tavolsag_iskola_halozati_m": 1223.5, "iskola_5p_seta": 0, "iskola_10p_seta": 0, "iskola_15p_seta": 0, "tavolsag_ovoda_halozati_m": 757.5, "ovoda_5p_seta": 0, "ovoda_10p_seta": 0, "ovoda_15p_seta": 1, "tavolsag_bolt_halozati_m": 218.4, "bolt_5p_seta": 1, "bolt_10p_seta": 1, "bolt_15p_seta": 1, "tavolsag_gyogyszertar_halozati_m": 483.2, "gyogyszertar_5p_seta": 0, "gyogyszertar_10p_seta": 1, "gyogyszertar_15p_seta": 1, "tavolsag_orvos_halozati_m": 1305.3, "orvos_5p_seta": 0, "orvos_10p_seta": 0, "orvos_15p_seta": 0, "legkozelebbi_vasut": "Kőbánya alsó", "legkozelebbi_metro": "Puskás Ferenc Stadion", "legkozelebbi_villamos": "Hidegkuti Nándor Stadion", "legkozelebbi_busz": "Hidegkuti Nándor Stadion", "legkozelebbi_park": "Tbiliszi tér", "legkozelebbi_kotottpalya_tipus": "villamos" }, "geometry": { "type": "Point", "coordinates": [ 19.109289, 47.489503 ] } },
{ "type": "Feature", "properties": { "listing_id": "34838697", "listing_type": "elado", "cim_teljes": "Budapest X. kerület, Martinovics tér 9.", "varosresz": "Óhegy", "price_huf": 81000000.0, "ar_millio_ft": 81.0, "ar_ezer_ft_ho": 81000.0, "nm_ar_huf": 1265625.0, "log_ar": 18.209959712636714, "log_nm_ar": 14.051076629277041, "is_ar_outlier": 0, "alapterulet_nm": 64.0, "korrigalt_alapterulet_nm": 86.0, "szobaszam_osszes": 3.0, "allapot_kod": 3, "is_felujitando": 0, "is_ujszeru_vagy_uj": 0, "is_panel": 0, "is_tegla": 1, "has_lift": 0, "has_klima": 0, "has_erkely": 1, "is_foldszint": 1, "is_zaroszint": 0, "epulet_kora_ev": 13.0, "geokodolt_lat": 47.481085, "geokodolt_lon": 19.134945, "minta_garantalt_pontos": 1, "tavolsag_vasut_m": 417.0, "vasut_zona": "300-500 m", "is_vasut_immisszio_150m": 0, "tavolsag_vasut_halozati_m": 720.0, "menetido_vasut_gyalog_perc": 9.6, "vasut_5p_seta": 0, "vasut_10p_seta": 1, "vasut_15p_seta": 1, "url": "https://ingatlan.com/34838697", "title": "Eladó tégla lakás - Budapest X. kerület, Martinovics tér 9. #34838697", "postal_code": "1105", "varos": "Budapest", "utca": "Martinovics tér", "hazszam_vegleges": "9", "allapot": "jó állapotú", "ingatlan_altipus": "Tégla lakás", "epites_eve": 2013.0, "epites_eve_kategoria": "10-30 év (rendszerváltás utáni)", "erkely_nm": 44.0, "szobaszam_egesz": 3.0, "szobaszam_fel": 0.0, "szobaszam_kategoria": "3 szoba", "atlagos_szobameret_nm": 21.333333333333332, "emelet": "földszint", "emelet_szam": 0.0, "epulet_szintjei_szam": 5.0, "is_magas_emelet_lift_nelkul": 0, "futes": "gázkazán", "futes_kategoria": null, "has_tavfutes": 0, "has_konvektor": 1, "has_megujulo": 0, "has_garazs_vagy_beallo": 0, "energetikai_tanusitvany": "A", "butorozott": null, "koltozheto": null, "min_berleti_ido": null, "kertkapcsolatos": "nincs megadva", "kozos_koltseg_huf": null, "rezsikoltseg_huf": null, "hirdeto_tipus": "Ingatlaniroda", "iroda_neve": null, "leiras_hossz": 750.0, "fenykepek_szama": 4.0, "geokodolas_modszere": null, "geokodolas_pontossag": null, "price_eur": null, "nm_ar_eur": null, "kozos_koltseg_eur": null, "rezsikoltseg_eur": null, "kaucio_eur": null, "tavolsag_metro_halozati_m": null, "metro_5p_seta": 0, "metro_10p_seta": 0, "metro_15p_seta": 0, "tavolsag_villamos_halozati_m": 430.9, "villamos_5p_seta": 0, "villamos_10p_seta": 1, "villamos_15p_seta": 1, "tavolsag_busz_halozati_m": 83.9, "busz_5p_seta": 1, "busz_10p_seta": 1, "tavolsag_kotottpalya_halozati_m": 430.9, "kotottpalya_5p_seta": 0, "kotottpalya_10p_seta": 1, "kotottpalya_15p_seta": 1, "tavolsag_park_halozati_m": 280.6, "park_5p_seta": 1, "park_10p_seta": 1, "park_15p_seta": 1, "poi_5p_count": 9.0, "poi_10p_count": 67.0, "poi_15p_count": 110.0, "tavolsag_iskola_halozati_m": 379.2, "iskola_5p_seta": 0, "iskola_10p_seta": 1, "iskola_15p_seta": 1, "tavolsag_ovoda_halozati_m": 1076.9, "ovoda_5p_seta": 0, "ovoda_10p_seta": 0, "ovoda_15p_seta": 1, "tavolsag_bolt_halozati_m": 94.1, "bolt_5p_seta": 1, "bolt_10p_seta": 1, "bolt_15p_seta": 1, "tavolsag_gyogyszertar_halozati_m": 556.2, "gyogyszertar_5p_seta": 0, "gyogyszertar_10p_seta": 1, "gyogyszertar_15p_seta": 1, "tavolsag_orvos_halozati_m": null, "orvos_5p_seta": 0, "orvos_10p_seta": 0, "orvos_15p_seta": 0, "legkozelebbi_vasut": "Kőbánya alsó", "legkozelebbi_metro": "", "legkozelebbi_villamos": "Kápolna utca", "legkozelebbi_busz": "Kápolna tér", "legkozelebbi_park": "Csajkovszkij park", "legkozelebbi_kotottpalya_tipus": "villamos" }, "geometry": { "type": "Point", "coordinates": [ 19.134945, 47.481085 ] } },
{ "type": "Feature", "properties": { "listing_id": "34852211", "listing_type": "elado", "cim_teljes": "Budapest X. kerület, Gergely utca 94.", "varosresz": "Újhegy", "price_huf": 128490000.0, "ar_millio_ft": 128.49, "ar_ezer_ft_ho": 128490.0, "nm_ar_huf": 973409.09090909094, "log_ar": 18.671361638259665, "log_nm_ar": 13.788559715673292, "is_ar_outlier": 0, "alapterulet_nm": 132.0, "korrigalt_alapterulet_nm": 144.5, "szobaszam_osszes": 3.0, "allapot_kod": 3, "is_felujitando": 0, "is_ujszeru_vagy_uj": 0, "is_panel": 0, "is_tegla": 1, "has_lift": 0, "has_klima": 1, "has_erkely": 1, "is_foldszint": 1, "is_zaroszint": 0, "epulet_kora_ev": 0.0, "geokodolt_lat": 47.466464, "geokodolt_lon": 19.158341, "minta_garantalt_pontos": 1, "tavolsag_vasut_m": 452.6, "vasut_zona": "300-500 m", "is_vasut_immisszio_150m": 0, "tavolsag_vasut_halozati_m": 1008.7, "menetido_vasut_gyalog_perc": 13.4, "vasut_5p_seta": 0, "vasut_10p_seta": 0, "vasut_15p_seta": 1, "url": "https://ingatlan.com/34852211", "title": "Eladó tégla lakás - Budapest X. kerület, Gergely utca 94. #34852211", "postal_code": "1103", "varos": "Budapest", "utca": "Gergely utca", "hazszam_vegleges": "94", "allapot": "nincs megadva", "ingatlan_altipus": "Tégla lakás", "epites_eve": 2025.0, "epites_eve_kategoria": "Új építésű (2025+)", "erkely_nm": 25.0, "szobaszam_egesz": 3.0, "szobaszam_fel": 0.0, "szobaszam_kategoria": "3 szoba", "atlagos_szobameret_nm": 44.0, "emelet": "földszint", "emelet_szam": 0.0, "epulet_szintjei_szam": 2.0, "is_magas_emelet_lift_nelkul": 0, "futes": "hőszivattyú, mennyezeti hűtés-fűtés, padlófűtés", "futes_kategoria": null, "has_tavfutes": 0, "has_konvektor": 0, "has_megujulo": 1, "has_garazs_vagy_beallo": 0, "energetikai_tanusitvany": "A++", "butorozott": null, "koltozheto": null, "min_berleti_ido": null, "kertkapcsolatos": "nincs megadva", "kozos_koltseg_huf": null, "rezsikoltseg_huf": 40000.0, "hirdeto_tipus": "Ingatlaniroda", "iroda_neve": null, "leiras_hossz": 3129.0, "fenykepek_szama": 4.0, "geokodolas_modszere": null, "geokodolas_pontossag": null, "price_eur": null, "nm_ar_eur": null, "kozos_koltseg_eur": null, "rezsikoltseg_eur": null, "kaucio_eur": null, "tavolsag_metro_halozati_m": 1014.6, "metro_5p_seta": 0, "metro_10p_seta": 0, "metro_15p_seta": 1, "tavolsag_villamos_halozati_m": 1553.5, "villamos_5p_seta": 0, "villamos_10p_seta": 0, "villamos_15p_seta": 0, "tavolsag_busz_halozati_m": 63.8, "busz_5p_seta": 1, "busz_10p_seta": 1, "tavolsag_kotottpalya_halozati_m": 1008.7, "kotottpalya_5p_seta": 0, "kotottpalya_10p_seta": 0, "kotottpalya_15p_seta": 1, "tavolsag_park_halozati_m": 306.5, "park_5p_seta": 1, "park_10p_seta": 1, "park_15p_seta": 1, "poi_5p_count": 6.0, "poi_10p_count": 28.0, "poi_15p_count": 71.0, "tavolsag_iskola_halozati_m": null, "iskola_5p_seta": 0, "iskola_10p_seta": 0, "iskola_15p_seta": 0, "tavolsag_ovoda_halozati_m": null, "ovoda_5p_seta": 0, "ovoda_10p_seta": 0, "ovoda_15p_seta": 0, "tavolsag_bolt_halozati_m": 451.9, "bolt_5p_seta": 0, "bolt_10p_seta": 1, "bolt_15p_seta": 1, "tavolsag_gyogyszertar_halozati_m": 138.4, "gyogyszertar_5p_seta": 1, "gyogyszertar_10p_seta": 1, "gyogyszertar_15p_seta": 1, "tavolsag_orvos_halozati_m": 1779.9, "orvos_5p_seta": 0, "orvos_10p_seta": 0, "orvos_15p_seta": 0, "legkozelebbi_vasut": "Kőbánya-Kispest", "legkozelebbi_metro": "", "legkozelebbi_villamos": "Sírkert út", "legkozelebbi_busz": "Rózsaliget", "legkozelebbi_park": "Gőzmozdony park", "legkozelebbi_kotottpalya_tipus": "vasut" }, "geometry": { "type": "Point", "coordinates": [ 19.158341, 47.466464 ] } },
{ "type": "Feature", "properties": { "listing_id": "34901695", "listing_type": "elado", "cim_teljes": "Budapest X. kerület, Gyömrői út 39.", "varosresz": "Újhegy", "price_huf": 57900000.0, "ar_millio_ft": 57.9, "ar_ezer_ft_ho": 57900.0, "nm_ar_huf": 1378571.4285714286, "log_ar": 17.874227942543225, "log_nm_ar": 14.136558324259855, "is_ar_outlier": 0, "alapterulet_nm": 42.0, "korrigalt_alapterulet_nm": 44.0, "szobaszam_osszes": 2.0, "allapot_kod": 4, "is_felujitando": 0, "is_ujszeru_vagy_uj": 0, "is_panel": 0, "is_tegla": 1, "has_lift": 0, "has_klima": 1, "has_erkely": 1, "is_foldszint": 0, "is_zaroszint": 0, "epulet_kora_ev": 58.0, "geokodolt_lat": 47.471005, "geokodolt_lon": 19.142609, "minta_garantalt_pontos": 1, "tavolsag_vasut_m": 413.6, "vasut_zona": "300-500 m", "is_vasut_immisszio_150m": 0, "tavolsag_vasut_halozati_m": 1436.7, "menetido_vasut_gyalog_perc": 19.2, "vasut_5p_seta": 0, "vasut_10p_seta": 0, "vasut_15p_seta": 0, "url": "https://ingatlan.com/34901695", "title": "Eladó tégla lakás - Budapest X. kerület, Gyömrői út 39. #34901695", "postal_code": "1103", "varos": "Budapest", "utca": "Gyömrői út", "hazszam_vegleges": "39", "allapot": "felújított", "ingatlan_altipus": "Tégla lakás", "epites_eve": 1968.0, "epites_eve_kategoria": "30-60 év (panel-korszak)", "erkely_nm": 4.0, "szobaszam_egesz": 2.0, "szobaszam_fel": 0.0, "szobaszam_kategoria": "2 szoba", "atlagos_szobameret_nm": 21.0, "emelet": "nincs megadva", "emelet_szam": null, "epulet_szintjei_szam": 0.0, "is_magas_emelet_lift_nelkul": 0, "futes": "hűtő-fűtő klíma, elektromos fűtőpanel", "futes_kategoria": null, "has_tavfutes": 0, "has_konvektor": 0, "has_megujulo": 0, "has_garazs_vagy_beallo": 0, "energetikai_tanusitvany": "nincs megadva", "butorozott": null, "koltozheto": null, "min_berleti_ido": null, "kertkapcsolatos": "igen", "kozos_koltseg_huf": 10000.0, "rezsikoltseg_huf": 25000.0, "hirdeto_tipus": "Ingatlaniroda", "iroda_neve": null, "leiras_hossz": 1521.0, "fenykepek_szama": 4.0, "geokodolas_modszere": null, "geokodolas_pontossag": null, "price_eur": null, "nm_ar_eur": null, "kozos_koltseg_eur": null, "rezsikoltseg_eur": null, "kaucio_eur": null, "tavolsag_metro_halozati_m": 1442.7, "metro_5p_seta": 0, "metro_10p_seta": 0, "metro_15p_seta": 0, "tavolsag_villamos_halozati_m": 1725.2, "villamos_5p_seta": 0, "villamos_10p_seta": 0, "villamos_15p_seta": 0, "tavolsag_busz_halozati_m": 124.4, "busz_5p_seta": 1, "busz_10p_seta": 1, "tavolsag_kotottpalya_halozati_m": 1436.7, "kotottpalya_5p_seta": 0, "kotottpalya_10p_seta": 0, "kotottpalya_15p_seta": 0, "tavolsag_park_halozati_m": 244.4, "park_5p_seta": 1, "park_10p_seta": 1, "park_15p_seta": 1, "poi_5p_count": 8.0, "poi_10p_count": 24.0, "poi_15p_count": 42.0, "tavolsag_iskola_halozati_m": 1737.3, "iskola_5p_seta": 0, "iskola_10p_seta": 0, "iskola_15p_seta": 0, "tavolsag_ovoda_halozati_m": null, "ovoda_5p_seta": 0, "ovoda_10p_seta": 0, "ovoda_15p_seta": 0, "tavolsag_bolt_halozati_m": 473.0, "bolt_5p_seta": 0, "bolt_10p_seta": 1, "bolt_15p_seta": 1, "tavolsag_gyogyszertar_halozati_m": 946.9, "gyogyszertar_5p_seta": 0, "gyogyszertar_10p_seta": 0, "gyogyszertar_15p_seta": 1, "tavolsag_orvos_halozati_m": null, "orvos_5p_seta": 0, "orvos_10p_seta": 0, "orvos_15p_seta": 0, "legkozelebbi_vasut": "Kőbánya-Kispest", "legkozelebbi_metro": "", "legkozelebbi_villamos": "Kocsis Sándor Sportközpont", "legkozelebbi_busz": "Gyömrői út", "legkozelebbi_park": "Névtelen zöldfelület / park", "legkozelebbi_kotottpalya_tipus": "vasut" }, "geometry": { "type": "Point", "coordinates": [ 19.142609, 47.471005 ] } },
{ "type": "Feature", "properties": { "listing_id": "34917635", "listing_type": "elado", "cim_teljes": "Budapest X. kerület, Tavas utca 4.", "varosresz": "Újhegy", "price_huf": 62900000.0, "ar_millio_ft": 62.9, "ar_ezer_ft_ho": 62900.0, "nm_ar_huf": 925000.0, "log_ar": 17.957056721670668, "log_nm_ar": 13.737549016494562, "is_ar_outlier": 0, "alapterulet_nm": 68.0, "korrigalt_alapterulet_nm": 69.5, "szobaszam_osszes": 3.0, "allapot_kod": 2, "is_felujitando": 1, "is_ujszeru_vagy_uj": 0, "is_panel": 1, "is_tegla": 0, "has_lift": 1, "has_klima": 0, "has_erkely": 1, "is_foldszint": 0, "is_zaroszint": 0, "epulet_kora_ev": 58.0, "geokodolt_lat": 47.467441, "geokodolt_lon": 19.161165, "minta_garantalt_pontos": 1, "tavolsag_vasut_m": 628.2, "vasut_zona": "500-1000 m", "is_vasut_immisszio_150m": 0, "tavolsag_vasut_halozati_m": 1388.7, "menetido_vasut_gyalog_perc": 18.5, "vasut_5p_seta": 0, "vasut_10p_seta": 0, "vasut_15p_seta": 0, "url": "https://ingatlan.com/34917635", "title": "Eladó panel lakás - Budapest X. kerület, Tavas utca 4. #34917635", "postal_code": "1108", "varos": "Budapest", "utca": "Tavas utca", "hazszam_vegleges": "4", "allapot": "közepes állapotú", "ingatlan_altipus": "Panel lakás", "epites_eve": 1968.0, "epites_eve_kategoria": "30-60 év (panel-korszak)", "erkely_nm": 3.0, "szobaszam_egesz": 3.0, "szobaszam_fel": 0.0, "szobaszam_kategoria": "3 szoba", "atlagos_szobameret_nm": 22.666666666666668, "emelet": "nincs megadva", "emelet_szam": null, "epulet_szintjei_szam": 10.0, "is_magas_emelet_lift_nelkul": 0, "futes": "távfűtés", "futes_kategoria": null, "has_tavfutes": 1, "has_konvektor": 0, "has_megujulo": 0, "has_garazs_vagy_beallo": 0, "energetikai_tanusitvany": "nincs megadva", "butorozott": null, "koltozheto": null, "min_berleti_ido": null, "kertkapcsolatos": "nincs megadva", "kozos_koltseg_huf": 20750.0, "rezsikoltseg_huf": null, "hirdeto_tipus": "Ingatlaniroda", "iroda_neve": null, "leiras_hossz": 2756.0, "fenykepek_szama": 3.0, "geokodolas_modszere": null, "geokodolas_pontossag": null, "price_eur": null, "nm_ar_eur": null, "kozos_koltseg_eur": null, "rezsikoltseg_eur": null, "kaucio_eur": null, "tavolsag_metro_halozati_m": 1394.6, "metro_5p_seta": 0, "metro_10p_seta": 0, "metro_15p_seta": 0, "tavolsag_villamos_halozati_m": 1276.2, "villamos_5p_seta": 0, "villamos_10p_seta": 0, "villamos_15p_seta": 0, "tavolsag_busz_halozati_m": 246.3, "busz_5p_seta": 1, "busz_10p_seta": 1, "tavolsag_kotottpalya_halozati_m": 1276.2, "kotottpalya_5p_seta": 0, "kotottpalya_10p_seta": 0, "kotottpalya_15p_seta": 0, "tavolsag_park_halozati_m": 433.4, "park_5p_seta": 0, "park_10p_seta": 1, "park_15p_seta": 1, "poi_5p_count": 5.0, "poi_10p_count": 33.0, "poi_15p_count": 48.0, "tavolsag_iskola_halozati_m": null, "iskola_5p_seta": 0, "iskola_10p_seta": 0, "iskola_15p_seta": 0, "tavolsag_ovoda_halozati_m": null, "ovoda_5p_seta": 0, "ovoda_10p_seta": 0, "ovoda_15p_seta": 0, "tavolsag_bolt_halozati_m": 270.4, "bolt_5p_seta": 1, "bolt_10p_seta": 1, "bolt_15p_seta": 1, "tavolsag_gyogyszertar_halozati_m": 454.9, "gyogyszertar_5p_seta": 0, "gyogyszertar_10p_seta": 1, "gyogyszertar_15p_seta": 1, "tavolsag_orvos_halozati_m": 1660.1, "orvos_5p_seta": 0, "orvos_10p_seta": 0, "orvos_15p_seta": 0, "legkozelebbi_vasut": "Kőbánya-Kispest", "legkozelebbi_metro": "", "legkozelebbi_villamos": "Sírkert út", "legkozelebbi_busz": "Mélytó utca", "legkozelebbi_park": "Újhegy park", "legkozelebbi_kotottpalya_tipus": "villamos" }, "geometry": { "type": "Point", "coordinates": [ 19.161165, 47.467441 ] } },
{ "type": "Feature", "properties": { "listing_id": "34988259", "listing_type": "elado", "cim_teljes": "Budapest X. kerület, Vasláb utca 3/19.", "varosresz": "Laposdűlő", "price_huf": 59000000.0, "ar_millio_ft": 59.0, "ar_ezer_ft_ho": 59000.0, "nm_ar_huf": 1134615.3846153845, "log_ar": 17.893048001869992, "log_nm_ar": 13.941804283288565, "is_ar_outlier": 0, "alapterulet_nm": 52.0, "korrigalt_alapterulet_nm": 52.0, "szobaszam_osszes": 2.0, "allapot_kod": 1, "is_felujitando": 1, "is_ujszeru_vagy_uj": 0, "is_panel": 0, "is_tegla": 1, "has_lift": 0, "has_klima": 0, "has_erkely": 0, "is_foldszint": 0, "is_zaroszint": 0, "epulet_kora_ev": 96.0, "geokodolt_lat": 47.485608, "geokodolt_lon": 19.124045, "minta_garantalt_pontos": 1, "tavolsag_vasut_m": 70.2, "vasut_zona": "<150 m", "is_vasut_immisszio_150m": 1, "tavolsag_vasut_halozati_m": 441.1, "menetido_vasut_gyalog_perc": 5.9, "vasut_5p_seta": 0, "vasut_10p_seta": 1, "vasut_15p_seta": 1, "url": "https://ingatlan.com/34988259", "title": "Eladó tégla lakás - Budapest X. kerület, Vasláb utca 3/19 #34988259", "postal_code": "1101", "varos": "Budapest", "utca": "Vasláb utca", "hazszam_vegleges": "3/19", "allapot": "felújítandó", "ingatlan_altipus": "Tégla lakás", "epites_eve": 1930.0, "epites_eve_kategoria": "60+ év (háború előtti)", "erkely_nm": 0.0, "szobaszam_egesz": 2.0, "szobaszam_fel": 0.0, "szobaszam_kategoria": "2 szoba", "atlagos_szobameret_nm": 26.0, "emelet": "nincs megadva", "emelet_szam": null, "epulet_szintjei_szam": 0.0, "is_magas_emelet_lift_nelkul": 0, "futes": "gáz (konvektor), egyéb", "futes_kategoria": null, "has_tavfutes": 0, "has_konvektor": 1, "has_megujulo": 0, "has_garazs_vagy_beallo": 0, "energetikai_tanusitvany": "nincs megadva", "butorozott": null, "koltozheto": null, "min_berleti_ido": null, "kertkapcsolatos": "igen", "kozos_koltseg_huf": null, "rezsikoltseg_huf": null, "hirdeto_tipus": "Ingatlaniroda", "iroda_neve": null, "leiras_hossz": 428.0, "fenykepek_szama": 2.0, "geokodolas_modszere": null, "geokodolas_pontossag": null, "price_eur": null, "nm_ar_eur": null, "kozos_koltseg_eur": null, "rezsikoltseg_eur": null, "kaucio_eur": null, "tavolsag_metro_halozati_m": null, "metro_5p_seta": 0, "metro_10p_seta": 0, "metro_15p_seta": 0, "tavolsag_villamos_halozati_m": 287.8, "villamos_5p_seta": 1, "villamos_10p_seta": 1, "villamos_15p_seta": 1, "tavolsag_busz_halozati_m": 179.1, "busz_5p_seta": 1, "busz_10p_seta": 1, "tavolsag_kotottpalya_halozati_m": 287.8, "kotottpalya_5p_seta": 1, "kotottpalya_10p_seta": 1, "kotottpalya_15p_seta": 1, "tavolsag_park_halozati_m": 174.4, "park_5p_seta": 1, "park_10p_seta": 1, "park_15p_seta": 1, "poi_5p_count": 11.0, "poi_10p_count": 56.0, "poi_15p_count": 99.0, "tavolsag_iskola_halozati_m": 422.7, "iskola_5p_seta": 0, "iskola_10p_seta": 1, "iskola_15p_seta": 1, "tavolsag_ovoda_halozati_m": 987.5, "ovoda_5p_seta": 0, "ovoda_10p_seta": 0, "ovoda_15p_seta": 1, "tavolsag_bolt_halozati_m": 294.1, "bolt_5p_seta": 1, "bolt_10p_seta": 1, "bolt_15p_seta": 1, "tavolsag_gyogyszertar_halozati_m": 282.0, "gyogyszertar_5p_seta": 1, "gyogyszertar_10p_seta": 1, "gyogyszertar_15p_seta": 1, "tavolsag_orvos_halozati_m": null, "orvos_5p_seta": 0, "orvos_10p_seta": 0, "orvos_15p_seta": 0, "legkozelebbi_vasut": "Kőbánya alsó", "legkozelebbi_metro": "", "legkozelebbi_villamos": "Mázsa utca", "legkozelebbi_busz": "Kistorony park", "legkozelebbi_park": "Hargitai sétányi park", "legkozelebbi_kotottpalya_tipus": "villamos" }, "geometry": { "type": "Point", "coordinates": [ 19.124045, 47.485608 ] } },
{ "type": "Feature", "properties": { "listing_id": "35033656", "listing_type": "elado", "cim_teljes": "Budapest X. kerület, Szövőszék utca 2.", "varosresz": "Újhegy", "price_huf": 59900000.0, "ar_millio_ft": 59.9, "ar_ezer_ft_ho": 59900.0, "nm_ar_huf": 1198000.0, "log_ar": 17.908187063085677, "log_nm_ar": 13.996164057657532, "is_ar_outlier": 0, "alapterulet_nm": 50.0, "korrigalt_alapterulet_nm": 53.0, "szobaszam_osszes": 2.0, "allapot_kod": 3, "is_felujitando": 0, "is_ujszeru_vagy_uj": 0, "is_panel": 1, "is_tegla": 0, "has_lift": 0, "has_klima": 0, "has_erkely": 1, "is_foldszint": 0, "is_zaroszint": 0, "epulet_kora_ev": null, "geokodolt_lat": 47.47196, "geokodolt_lon": 19.160361, "minta_garantalt_pontos": 1, "tavolsag_vasut_m": 939.5, "vasut_zona": "500-1000 m", "is_vasut_immisszio_150m": 0, "tavolsag_vasut_halozati_m": 1408.9, "menetido_vasut_gyalog_perc": 18.8, "vasut_5p_seta": 0, "vasut_10p_seta": 0, "vasut_15p_seta": 0, "url": "https://ingatlan.com/35033656", "title": "Eladó panel lakás - Budapest X. kerület, Szövőszék utca 2. #35033656", "postal_code": "1108", "varos": "Budapest", "utca": "Szövőszék utca", "hazszam_vegleges": "2", "allapot": "nincs megadva", "ingatlan_altipus": "Panel lakás", "epites_eve": null, "epites_eve_kategoria": "Ismeretlen", "erkely_nm": 6.0, "szobaszam_egesz": 2.0, "szobaszam_fel": 0.0, "szobaszam_kategoria": "2 szoba", "atlagos_szobameret_nm": 25.0, "emelet": "nincs megadva", "emelet_szam": null, "epulet_szintjei_szam": null, "is_magas_emelet_lift_nelkul": 0, "futes": "nincs megadva", "futes_kategoria": null, "has_tavfutes": 0, "has_konvektor": 0, "has_megujulo": 0, "has_garazs_vagy_beallo": 0, "energetikai_tanusitvany": "nincs megadva", "butorozott": null, "koltozheto": null, "min_berleti_ido": null, "kertkapcsolatos": "nincs megadva", "kozos_koltseg_huf": null, "rezsikoltseg_huf": null, "hirdeto_tipus": "Ingatlaniroda", "iroda_neve": null, "leiras_hossz": 809.0, "fenykepek_szama": 2.0, "geokodolas_modszere": null, "geokodolas_pontossag": null, "price_eur": null, "nm_ar_eur": null, "kozos_koltseg_eur": null, "rezsikoltseg_eur": null, "kaucio_eur": null, "tavolsag_metro_halozati_m": 1414.9, "metro_5p_seta": 0, "metro_10p_seta": 0, "metro_15p_seta": 0, "tavolsag_villamos_halozati_m": 849.4, "villamos_5p_seta": 0, "villamos_10p_seta": 0, "villamos_15p_seta": 1, "tavolsag_busz_halozati_m": 109.3, "busz_5p_seta": 1, "busz_10p_seta": 1, "tavolsag_kotottpalya_halozati_m": 849.4, "kotottpalya_5p_seta": 0, "kotottpalya_10p_seta": 0, "kotottpalya_15p_seta": 1, "tavolsag_park_halozati_m": 599.8, "park_5p_seta": 0, "park_10p_seta": 1, "park_15p_seta": 1, "poi_5p_count": 7.0, "poi_10p_count": 28.0, "poi_15p_count": 54.0, "tavolsag_iskola_halozati_m": null, "iskola_5p_seta": 0, "iskola_10p_seta": 0, "iskola_15p_seta": 0, "tavolsag_ovoda_halozati_m": null, "ovoda_5p_seta": 0, "ovoda_10p_seta": 0, "ovoda_15p_seta": 0, "tavolsag_bolt_halozati_m": 214.0, "bolt_5p_seta": 1, "bolt_10p_seta": 1, "bolt_15p_seta": 1, "tavolsag_gyogyszertar_halozati_m": 475.4, "gyogyszertar_5p_seta": 0, "gyogyszertar_10p_seta": 1, "gyogyszertar_15p_seta": 1, "tavolsag_orvos_halozati_m": 1068.3, "orvos_5p_seta": 0, "orvos_10p_seta": 0, "orvos_15p_seta": 1, "legkozelebbi_vasut": "Kőbánya-Kispest", "legkozelebbi_metro": "", "legkozelebbi_villamos": "Venyige utca", "legkozelebbi_busz": "Szövőszék utca", "legkozelebbi_park": "Gőzmozdony park", "legkozelebbi_kotottpalya_tipus": "villamos" }, "geometry": { "type": "Point", "coordinates": [ 19.160361, 47.47196 ] } },
{ "type": "Feature", "properties": { "listing_id": "35035943", "listing_type": "elado", "cim_teljes": "Budapest X. kerület, Martinovics tér 9.", "varosresz": "Óhegy", "price_huf": 120000000.0, "ar_millio_ft": 120.0, "ar_ezer_ft_ho": 120000.0, "nm_ar_huf": 1121495.3271028036, "log_ar": 18.603002300746319, "log_nm_ar": 13.930173466284414, "is_ar_outlier": 0, "alapterulet_nm": 107.0, "korrigalt_alapterulet_nm": 124.5, "szobaszam_osszes": 5.0, "allapot_kod": 5, "is_felujitando": 0, "is_ujszeru_vagy_uj": 1, "is_panel": 0, "is_tegla": 1, "has_lift": 0, "has_klima": 1, "has_erkely": 1, "is_foldszint": 0, "is_zaroszint": 0, "epulet_kora_ev": 13.0, "geokodolt_lat": 47.481085, "geokodolt_lon": 19.134945, "minta_garantalt_pontos": 1, "tavolsag_vasut_m": 417.0, "vasut_zona": "300-500 m", "is_vasut_immisszio_150m": 0, "tavolsag_vasut_halozati_m": 720.0, "menetido_vasut_gyalog_perc": 9.6, "vasut_5p_seta": 0, "vasut_10p_seta": 1, "vasut_15p_seta": 1, "url": "https://ingatlan.com/35035943", "title": "Eladó tégla lakás - Budapest X. kerület, Martinovics tér 9. #35035943", "postal_code": "1105", "varos": "Budapest", "utca": "Martinovics tér", "hazszam_vegleges": "9", "allapot": "újszerű", "ingatlan_altipus": "Tégla lakás", "epites_eve": 2013.0, "epites_eve_kategoria": "10-30 év (rendszerváltás utáni)", "erkely_nm": 35.0, "szobaszam_egesz": 5.0, "szobaszam_fel": 0.0, "szobaszam_kategoria": "4+ szoba", "atlagos_szobameret_nm": 21.4, "emelet": "4", "emelet_szam": 4.0, "epulet_szintjei_szam": 5.0, "is_magas_emelet_lift_nelkul": 0, "futes": "gázkazán", "futes_kategoria": null, "has_tavfutes": 0, "has_konvektor": 1, "has_megujulo": 0, "has_garazs_vagy_beallo": 0, "energetikai_tanusitvany": "nincs megadva", "butorozott": null, "koltozheto": null, "min_berleti_ido": null, "kertkapcsolatos": "nincs megadva", "kozos_koltseg_huf": 45000.0, "rezsikoltseg_huf": null, "hirdeto_tipus": "Ingatlaniroda", "iroda_neve": null, "leiras_hossz": 602.0, "fenykepek_szama": 4.0, "geokodolas_modszere": null, "geokodolas_pontossag": null, "price_eur": null, "nm_ar_eur": null, "kozos_koltseg_eur": null, "rezsikoltseg_eur": null, "kaucio_eur": null, "tavolsag_metro_halozati_m": null, "metro_5p_seta": 0, "metro_10p_seta": 0, "metro_15p_seta": 0, "tavolsag_villamos_halozati_m": 430.9, "villamos_5p_seta": 0, "villamos_10p_seta": 1, "villamos_15p_seta": 1, "tavolsag_busz_halozati_m": 83.9, "busz_5p_seta": 1, "busz_10p_seta": 1, "tavolsag_kotottpalya_halozati_m": 430.9, "kotottpalya_5p_seta": 0, "kotottpalya_10p_seta": 1, "kotottpalya_15p_seta": 1, "tavolsag_park_halozati_m": 280.6, "park_5p_seta": 1, "park_10p_seta": 1, "park_15p_seta": 1, "poi_5p_count": 9.0, "poi_10p_count": 67.0, "poi_15p_count": 110.0, "tavolsag_iskola_halozati_m": 379.2, "iskola_5p_seta": 0, "iskola_10p_seta": 1, "iskola_15p_seta": 1, "tavolsag_ovoda_halozati_m": 1076.9, "ovoda_5p_seta": 0, "ovoda_10p_seta": 0, "ovoda_15p_seta": 1, "tavolsag_bolt_halozati_m": 94.1, "bolt_5p_seta": 1, "bolt_10p_seta": 1, "bolt_15p_seta": 1, "tavolsag_gyogyszertar_halozati_m": 556.2, "gyogyszertar_5p_seta": 0, "gyogyszertar_10p_seta": 1, "gyogyszertar_15p_seta": 1, "tavolsag_orvos_halozati_m": null, "orvos_5p_seta": 0, "orvos_10p_seta": 0, "orvos_15p_seta": 0, "legkozelebbi_vasut": "Kőbánya alsó", "legkozelebbi_metro": "", "legkozelebbi_villamos": "Kápolna utca", "legkozelebbi_busz": "Kápolna tér", "legkozelebbi_park": "Csajkovszkij park", "legkozelebbi_kotottpalya_tipus": "villamos" }, "geometry": { "type": "Point", "coordinates": [ 19.134945, 47.481085 ] } },
{ "type": "Feature", "properties": { "listing_id": "35035988", "listing_type": "elado", "cim_teljes": "Budapest X. kerület, Martinovics tér 9.", "varosresz": "Óhegy", "price_huf": 94900000.0, "ar_millio_ft": 94.9, "ar_ezer_ft_ho": 94900.0, "nm_ar_huf": 1129761.9047619049, "log_ar": 18.368334263580156, "log_nm_ar": 13.937517464736842, "is_ar_outlier": 0, "alapterulet_nm": 84.0, "korrigalt_alapterulet_nm": 95.0, "szobaszam_osszes": 3.0, "allapot_kod": 3, "is_felujitando": 0, "is_ujszeru_vagy_uj": 0, "is_panel": 0, "is_tegla": 1, "has_lift": 0, "has_klima": 0, "has_erkely": 1, "is_foldszint": 0, "is_zaroszint": 0, "epulet_kora_ev": 13.0, "geokodolt_lat": 47.481085, "geokodolt_lon": 19.134945, "minta_garantalt_pontos": 1, "tavolsag_vasut_m": 417.0, "vasut_zona": "300-500 m", "is_vasut_immisszio_150m": 0, "tavolsag_vasut_halozati_m": 720.0, "menetido_vasut_gyalog_perc": 9.6, "vasut_5p_seta": 0, "vasut_10p_seta": 1, "vasut_15p_seta": 1, "url": "https://ingatlan.com/35035988", "title": "Eladó tégla lakás - Budapest X. kerület, Martinovics tér 9. #35035988", "postal_code": "1105", "varos": "Budapest", "utca": "Martinovics tér", "hazszam_vegleges": "9", "allapot": "jó állapotú", "ingatlan_altipus": "Tégla lakás", "epites_eve": 2013.0, "epites_eve_kategoria": "10-30 év (rendszerváltás utáni)", "erkely_nm": 22.0, "szobaszam_egesz": 3.0, "szobaszam_fel": 0.0, "szobaszam_kategoria": "3 szoba", "atlagos_szobameret_nm": 28.0, "emelet": "4", "emelet_szam": 4.0, "epulet_szintjei_szam": 5.0, "is_magas_emelet_lift_nelkul": 0, "futes": "gázkazán", "futes_kategoria": null, "has_tavfutes": 0, "has_konvektor": 1, "has_megujulo": 0, "has_garazs_vagy_beallo": 0, "energetikai_tanusitvany": "nincs megadva", "butorozott": null, "koltozheto": null, "min_berleti_ido": null, "kertkapcsolatos": "nincs megadva", "kozos_koltseg_huf": 38000.0, "rezsikoltseg_huf": null, "hirdeto_tipus": "Ingatlaniroda", "iroda_neve": null, "leiras_hossz": 467.0, "fenykepek_szama": 4.0, "geokodolas_modszere": null, "geokodolas_pontossag": null, "price_eur": null, "nm_ar_eur": null, "kozos_koltseg_eur": null, "rezsikoltseg_eur": null, "kaucio_eur": null, "tavolsag_metro_halozati_m": null, "metro_5p_seta": 0, "metro_10p_seta": 0, "metro_15p_seta": 0, "tavolsag_villamos_halozati_m": 430.9, "villamos_5p_seta": 0, "villamos_10p_seta": 1, "villamos_15p_seta": 1, "tavolsag_busz_halozati_m": 83.9, "busz_5p_seta": 1, "busz_10p_seta": 1, "tavolsag_kotottpalya_halozati_m": 430.9, "kotottpalya_5p_seta": 0, "kotottpalya_10p_seta": 1, "kotottpalya_15p_seta": 1, "tavolsag_park_halozati_m": 280.6, "park_5p_seta": 1, "park_10p_seta": 1, "park_15p_seta": 1, "poi_5p_count": 9.0, "poi_10p_count": 67.0, "poi_15p_count": 110.0, "tavolsag_iskola_halozati_m": 379.2, "iskola_5p_seta": 0, "iskola_10p_seta": 1, "iskola_15p_seta": 1, "tavolsag_ovoda_halozati_m": 1076.9, "ovoda_5p_seta": 0, "ovoda_10p_seta": 0, "ovoda_15p_seta": 1, "tavolsag_bolt_halozati_m": 94.1, "bolt_5p_seta": 1, "bolt_10p_seta": 1, "bolt_15p_seta": 1, "tavolsag_gyogyszertar_halozati_m": 556.2, "gyogyszertar_5p_seta": 0, "gyogyszertar_10p_seta": 1, "gyogyszertar_15p_seta": 1, "tavolsag_orvos_halozati_m": null, "orvos_5p_seta": 0, "orvos_10p_seta": 0, "orvos_15p_seta": 0, "legkozelebbi_vasut": "Kőbánya alsó", "legkozelebbi_metro": "", "legkozelebbi_villamos": "Kápolna utca", "legkozelebbi_busz": "Kápolna tér", "legkozelebbi_park": "Csajkovszkij park", "legkozelebbi_kotottpalya_tipus": "villamos" }, "geometry": { "type": "Point", "coordinates": [ 19.134945, 47.481085 ] } },
{ "type": "Feature", "properties": { "listing_id": "35078338", "listing_type": "elado", "cim_teljes": "Budapest X. kerület, Kápolna utca 1.", "varosresz": "Kőbánya-Városközpont", "price_huf": 79990000.0, "ar_millio_ft": 79.99, "ar_ezer_ft_ho": 79990.0, "nm_ar_huf": 1269682.5396825396, "log_ar": 18.197412184825005, "log_nm_ar": 14.054277458433472, "is_ar_outlier": 0, "alapterulet_nm": 63.0, "korrigalt_alapterulet_nm": 63.0, "szobaszam_osszes": 4.0, "allapot_kod": 4, "is_felujitando": 0, "is_ujszeru_vagy_uj": 0, "is_panel": 1, "is_tegla": 0, "has_lift": 1, "has_klima": 1, "has_erkely": 0, "is_foldszint": 0, "is_zaroszint": 0, "epulet_kora_ev": 58.0, "geokodolt_lat": 47.481887, "geokodolt_lon": 19.129128, "minta_garantalt_pontos": 1, "tavolsag_vasut_m": 74.6, "vasut_zona": "<150 m", "is_vasut_immisszio_150m": 1, "tavolsag_vasut_halozati_m": 277.6, "menetido_vasut_gyalog_perc": 3.7, "vasut_5p_seta": 1, "vasut_10p_seta": 1, "vasut_15p_seta": 1, "url": "https://ingatlan.com/35078338", "title": "Eladó panel lakás - Budapest X. kerület, Kápolna utca 1. #35078338", "postal_code": "1102", "varos": "Budapest", "utca": "Kápolna utca", "hazszam_vegleges": "1", "allapot": "felújított", "ingatlan_altipus": "Panel lakás", "epites_eve": 1968.0, "epites_eve_kategoria": "30-60 év (panel-korszak)", "erkely_nm": 0.0, "szobaszam_egesz": 4.0, "szobaszam_fel": 0.0, "szobaszam_kategoria": "4+ szoba", "atlagos_szobameret_nm": 15.75, "emelet": "4", "emelet_szam": 4.0, "epulet_szintjei_szam": 10.0, "is_magas_emelet_lift_nelkul": 0, "futes": "távfűtés, hűtő-fűtő klíma", "futes_kategoria": null, "has_tavfutes": 1, "has_konvektor": 0, "has_megujulo": 0, "has_garazs_vagy_beallo": 0, "energetikai_tanusitvany": "C", "butorozott": null, "koltozheto": null, "min_berleti_ido": null, "kertkapcsolatos": "nem", "kozos_koltseg_huf": 13.0, "rezsikoltseg_huf": 21000.0, "hirdeto_tipus": "Ingatlaniroda", "iroda_neve": null, "leiras_hossz": 1482.0, "fenykepek_szama": 4.0, "geokodolas_modszere": null, "geokodolas_pontossag": null, "price_eur": null, "nm_ar_eur": null, "kozos_koltseg_eur": null, "rezsikoltseg_eur": null, "kaucio_eur": null, "tavolsag_metro_halozati_m": 2012.4, "metro_5p_seta": 0, "metro_10p_seta": 0, "metro_15p_seta": 0, "tavolsag_villamos_halozati_m": 130.6, "villamos_5p_seta": 1, "villamos_10p_seta": 1, "villamos_15p_seta": 1, "tavolsag_busz_halozati_m": 105.5, "busz_5p_seta": 1, "busz_10p_seta": 1, "tavolsag_kotottpalya_halozati_m": 130.6, "kotottpalya_5p_seta": 1, "kotottpalya_10p_seta": 1, "kotottpalya_15p_seta": 1, "tavolsag_park_halozati_m": 278.4, "park_5p_seta": 1, "park_10p_seta": 1, "park_15p_seta": 1, "poi_5p_count": 43.0, "poi_10p_count": 80.0, "poi_15p_count": 111.0, "tavolsag_iskola_halozati_m": 696.2, "iskola_5p_seta": 0, "iskola_10p_seta": 1, "iskola_15p_seta": 1, "tavolsag_ovoda_halozati_m": 1082.2, "ovoda_5p_seta": 0, "ovoda_10p_seta": 0, "ovoda_15p_seta": 1, "tavolsag_bolt_halozati_m": 220.9, "bolt_5p_seta": 1, "bolt_10p_seta": 1, "bolt_15p_seta": 1, "tavolsag_gyogyszertar_halozati_m": 308.1, "gyogyszertar_5p_seta": 1, "gyogyszertar_10p_seta": 1, "gyogyszertar_15p_seta": 1, "tavolsag_orvos_halozati_m": null, "orvos_5p_seta": 0, "orvos_10p_seta": 0, "orvos_15p_seta": 0, "legkozelebbi_vasut": "Kőbánya alsó", "legkozelebbi_metro": "", "legkozelebbi_villamos": "Kőbánya alsó vasútállomás", "legkozelebbi_busz": "Kőbánya alsó vasútállomás", "legkozelebbi_park": "Liget téri park", "legkozelebbi_kotottpalya_tipus": "villamos" }, "geometry": { "type": "Point", "coordinates": [ 19.129128, 47.481887 ] } },
{ "type": "Feature", "properties": { "listing_id": "35080516", "listing_type": "elado", "cim_teljes": "Budapest X. kerület, Újhegyi út 18/b.", "varosresz": "Újhegy", "price_huf": 87000000.0, "ar_millio_ft": 87.0, "ar_ezer_ft_ho": 87000.0, "nm_ar_huf": 1380952.3809523811, "log_ar": 18.281418676618859, "log_nm_ar": 14.138283950227326, "is_ar_outlier": 0, "alapterulet_nm": 63.0, "korrigalt_alapterulet_nm": 75.5, "szobaszam_osszes": 3.0, "allapot_kod": 6, "is_felujitando": 0, "is_ujszeru_vagy_uj": 1, "is_panel": 0, "is_tegla": 1, "has_lift": 1, "has_klima": 1, "has_erkely": 1, "is_foldszint": 0, "is_zaroszint": 0, "epulet_kora_ev": 0.0, "geokodolt_lat": 47.468138, "geokodolt_lon": 19.16875, "minta_garantalt_pontos": 1, "tavolsag_vasut_m": 901.5, "vasut_zona": "500-1000 m", "is_vasut_immisszio_150m": 0, "tavolsag_vasut_halozati_m": 1890.6, "menetido_vasut_gyalog_perc": 25.2, "vasut_5p_seta": 0, "vasut_10p_seta": 0, "vasut_15p_seta": 0, "url": "https://ingatlan.com/35080516", "title": "Eladó tégla lakás - Budapest X. kerület, Újhegyi út 18/b #35080516", "postal_code": "1108", "varos": "Budapest", "utca": "Újhegyi út", "hazszam_vegleges": "18/b", "allapot": "új építésű", "ingatlan_altipus": "Tégla lakás", "epites_eve": 2026.0, "epites_eve_kategoria": "Új építésű (2025+)", "erkely_nm": 25.0, "szobaszam_egesz": 3.0, "szobaszam_fel": 0.0, "szobaszam_kategoria": "3 szoba", "atlagos_szobameret_nm": 21.0, "emelet": "1", "emelet_szam": 1.0, "epulet_szintjei_szam": 4.0, "is_magas_emelet_lift_nelkul": 0, "futes": "hőszivattyú, hűtő-fűtő klíma", "futes_kategoria": null, "has_tavfutes": 0, "has_konvektor": 0, "has_megujulo": 1, "has_garazs_vagy_beallo": 0, "energetikai_tanusitvany": "nincs megadva", "butorozott": null, "koltozheto": null, "min_berleti_ido": null, "kertkapcsolatos": "nincs megadva", "kozos_koltseg_huf": null, "rezsikoltseg_huf": null, "hirdeto_tipus": "Ingatlaniroda", "iroda_neve": null, "leiras_hossz": 2535.0, "fenykepek_szama": 4.0, "geokodolas_modszere": null, "geokodolas_pontossag": null, "price_eur": null, "nm_ar_eur": null, "kozos_koltseg_eur": null, "rezsikoltseg_eur": null, "kaucio_eur": null, "tavolsag_metro_halozati_m": 1896.5, "metro_5p_seta": 0, "metro_10p_seta": 0, "metro_15p_seta": 0, "tavolsag_villamos_halozati_m": 975.8, "villamos_5p_seta": 0, "villamos_10p_seta": 0, "villamos_15p_seta": 1, "tavolsag_busz_halozati_m": 13.3, "busz_5p_seta": 1, "busz_10p_seta": 1, "tavolsag_kotottpalya_halozati_m": 975.8, "kotottpalya_5p_seta": 0, "kotottpalya_10p_seta": 0, "kotottpalya_15p_seta": 1, "tavolsag_park_halozati_m": 401.7, "park_5p_seta": 0, "park_10p_seta": 1, "park_15p_seta": 1, "poi_5p_count": 4.0, "poi_10p_count": 18.0, "poi_15p_count": 57.0, "tavolsag_iskola_halozati_m": null, "iskola_5p_seta": 0, "iskola_10p_seta": 0, "iskola_15p_seta": 0, "tavolsag_ovoda_halozati_m": null, "ovoda_5p_seta": 0, "ovoda_10p_seta": 0, "ovoda_15p_seta": 0, "tavolsag_bolt_halozati_m": 580.2, "bolt_5p_seta": 0, "bolt_10p_seta": 1, "bolt_15p_seta": 1, "tavolsag_gyogyszertar_halozati_m": 647.1, "gyogyszertar_5p_seta": 0, "gyogyszertar_10p_seta": 1, "gyogyszertar_15p_seta": 1, "tavolsag_orvos_halozati_m": 1648.7, "orvos_5p_seta": 0, "orvos_10p_seta": 0, "orvos_15p_seta": 0, "legkozelebbi_vasut": "Kőbánya-Kispest", "legkozelebbi_metro": "", "legkozelebbi_villamos": "Új köztemető", "legkozelebbi_busz": "Újhegyi út, Sportliget", "legkozelebbi_park": "Sportliget", "legkozelebbi_kotottpalya_tipus": "villamos" }, "geometry": { "type": "Point", "coordinates": [ 19.16875, 47.468138 ] } },
{ "type": "Feature", "properties": { "listing_id": "35080604", "listing_type": "elado", "cim_teljes": "Budapest X. kerület, Újhegyi út 18/a.", "varosresz": "Újhegy", "price_huf": 87000000.0, "ar_millio_ft": 87.0, "ar_ezer_ft_ho": 87000.0, "nm_ar_huf": 1426229.5081967213, "log_ar": 18.281418676618859, "log_nm_ar": 14.170544812445547, "is_ar_outlier": 0, "alapterulet_nm": 61.0, "korrigalt_alapterulet_nm": 70.445, "szobaszam_osszes": 3.0, "allapot_kod": 3, "is_felujitando": 0, "is_ujszeru_vagy_uj": 0, "is_panel": 0, "is_tegla": 1, "has_lift": 1, "has_klima": 1, "has_erkely": 1, "is_foldszint": 1, "is_zaroszint": 0, "epulet_kora_ev": 0.0, "geokodolt_lat": 47.468138, "geokodolt_lon": 19.16875, "minta_garantalt_pontos": 1, "tavolsag_vasut_m": 901.5, "vasut_zona": "500-1000 m", "is_vasut_immisszio_150m": 0, "tavolsag_vasut_halozati_m": 1890.6, "menetido_vasut_gyalog_perc": 25.2, "vasut_5p_seta": 0, "vasut_10p_seta": 0, "vasut_15p_seta": 0, "url": "https://ingatlan.com/35080604", "title": "Eladó tégla lakás - Budapest X. kerület, Újhegyi út 18/a #35080604", "postal_code": "1108", "varos": "Budapest", "utca": "Újhegyi út", "hazszam_vegleges": "18/a", "allapot": "nincs megadva", "ingatlan_altipus": "Tégla lakás", "epites_eve": 2026.0, "epites_eve_kategoria": "Új építésű (2025+)", "erkely_nm": 18.89, "szobaszam_egesz": 3.0, "szobaszam_fel": 0.0, "szobaszam_kategoria": "3 szoba", "atlagos_szobameret_nm": 20.333333333333332, "emelet": "földszint", "emelet_szam": 0.0, "epulet_szintjei_szam": 4.0, "is_magas_emelet_lift_nelkul": 0, "futes": "hőszivattyú", "futes_kategoria": null, "has_tavfutes": 0, "has_konvektor": 0, "has_megujulo": 1, "has_garazs_vagy_beallo": 0, "energetikai_tanusitvany": "nincs megadva", "butorozott": null, "koltozheto": null, "min_berleti_ido": null, "kertkapcsolatos": "igen", "kozos_koltseg_huf": null, "rezsikoltseg_huf": null, "hirdeto_tipus": "Ingatlaniroda", "iroda_neve": null, "leiras_hossz": 2231.0, "fenykepek_szama": 4.0, "geokodolas_modszere": null, "geokodolas_pontossag": null, "price_eur": null, "nm_ar_eur": null, "kozos_koltseg_eur": null, "rezsikoltseg_eur": null, "kaucio_eur": null, "tavolsag_metro_halozati_m": 1896.5, "metro_5p_seta": 0, "metro_10p_seta": 0, "metro_15p_seta": 0, "tavolsag_villamos_halozati_m": 975.8, "villamos_5p_seta": 0, "villamos_10p_seta": 0, "villamos_15p_seta": 1, "tavolsag_busz_halozati_m": 13.3, "busz_5p_seta": 1, "busz_10p_seta": 1, "tavolsag_kotottpalya_halozati_m": 975.8, "kotottpalya_5p_seta": 0, "kotottpalya_10p_seta": 0, "kotottpalya_15p_seta": 1, "tavolsag_park_halozati_m": 401.7, "park_5p_seta": 0, "park_10p_seta": 1, "park_15p_seta": 1, "poi_5p_count": 4.0, "poi_10p_count": 18.0, "poi_15p_count": 57.0, "tavolsag_iskola_halozati_m": null, "iskola_5p_seta": 0, "iskola_10p_seta": 0, "iskola_15p_seta": 0, "tavolsag_ovoda_halozati_m": null, "ovoda_5p_seta": 0, "ovoda_10p_seta": 0, "ovoda_15p_seta": 0, "tavolsag_bolt_halozati_m": 580.2, "bolt_5p_seta": 0, "bolt_10p_seta": 1, "bolt_15p_seta": 1, "tavolsag_gyogyszertar_halozati_m": 647.1, "gyogyszertar_5p_seta": 0, "gyogyszertar_10p_seta": 1, "gyogyszertar_15p_seta": 1, "tavolsag_orvos_halozati_m": 1648.7, "orvos_5p_seta": 0, "orvos_10p_seta": 0, "orvos_15p_seta": 0, "legkozelebbi_vasut": "Kőbánya-Kispest", "legkozelebbi_metro": "", "legkozelebbi_villamos": "Új köztemető", "legkozelebbi_busz": "Újhegyi út, Sportliget", "legkozelebbi_park": "Sportliget", "legkozelebbi_kotottpalya_tipus": "villamos" }, "geometry": { "type": "Point", "coordinates": [ 19.16875, 47.468138 ] } },
{ "type": "Feature", "properties": { "listing_id": "35082248", "listing_type": "elado", "cim_teljes": "Budapest X. kerület, Gergely utca 18.", "varosresz": "Óhegy", "price_huf": 29000000.0, "ar_millio_ft": 29.0, "ar_ezer_ft_ho": 29000.0, "nm_ar_huf": 725000.0, "log_ar": 17.182806387950748, "log_nm_ar": 13.493926933836812, "is_ar_outlier": 0, "alapterulet_nm": 40.0, "korrigalt_alapterulet_nm": 40.0, "szobaszam_osszes": 2.0, "allapot_kod": 3, "is_felujitando": 0, "is_ujszeru_vagy_uj": 0, "is_panel": 0, "is_tegla": 1, "has_lift": 0, "has_klima": 0, "has_erkely": 0, "is_foldszint": 0, "is_zaroszint": 0, "epulet_kora_ev": null, "geokodolt_lat": 47.478997, "geokodolt_lon": 19.136188, "minta_garantalt_pontos": 1, "tavolsag_vasut_m": 390.6, "vasut_zona": "300-500 m", "is_vasut_immisszio_150m": 0, "tavolsag_vasut_halozati_m": 993.0, "menetido_vasut_gyalog_perc": 13.2, "vasut_5p_seta": 0, "vasut_10p_seta": 0, "vasut_15p_seta": 1, "url": "https://ingatlan.com/35082248", "title": "Eladó tégla lakás - Budapest X. kerület, Gergely utca 18. #35082248", "postal_code": "1103", "varos": "Budapest", "utca": "Gergely utca", "hazszam_vegleges": "18", "allapot": "nincs megadva", "ingatlan_altipus": "Tégla lakás", "epites_eve": null, "epites_eve_kategoria": "Ismeretlen", "erkely_nm": 0.0, "szobaszam_egesz": 2.0, "szobaszam_fel": 0.0, "szobaszam_kategoria": "2 szoba", "atlagos_szobameret_nm": 20.0, "emelet": "nincs megadva", "emelet_szam": null, "epulet_szintjei_szam": null, "is_magas_emelet_lift_nelkul": 0, "futes": "nincs megadva", "futes_kategoria": null, "has_tavfutes": 0, "has_konvektor": 0, "has_megujulo": 0, "has_garazs_vagy_beallo": 0, "energetikai_tanusitvany": "nincs megadva", "butorozott": null, "koltozheto": null, "min_berleti_ido": null, "kertkapcsolatos": "nincs megadva", "kozos_koltseg_huf": null, "rezsikoltseg_huf": null, "hirdeto_tipus": "Ingatlaniroda", "iroda_neve": null, "leiras_hossz": 1075.0, "fenykepek_szama": 2.0, "geokodolas_modszere": null, "geokodolas_pontossag": null, "price_eur": null, "nm_ar_eur": null, "kozos_koltseg_eur": null, "rezsikoltseg_eur": null, "kaucio_eur": null, "tavolsag_metro_halozati_m": 1885.7, "metro_5p_seta": 0, "metro_10p_seta": 0, "metro_15p_seta": 0, "tavolsag_villamos_halozati_m": 706.5, "villamos_5p_seta": 0, "villamos_10p_seta": 1, "villamos_15p_seta": 1, "tavolsag_busz_halozati_m": 170.2, "busz_5p_seta": 1, "busz_10p_seta": 1, "tavolsag_kotottpalya_halozati_m": 706.5, "kotottpalya_5p_seta": 0, "kotottpalya_10p_seta": 1, "kotottpalya_15p_seta": 1, "tavolsag_park_halozati_m": 204.0, "park_5p_seta": 1, "park_10p_seta": 1, "park_15p_seta": 1, "poi_5p_count": 5.0, "poi_10p_count": 34.0, "poi_15p_count": 95.0, "tavolsag_iskola_halozati_m": 557.7, "iskola_5p_seta": 0, "iskola_10p_seta": 1, "iskola_15p_seta": 1, "tavolsag_ovoda_halozati_m": 1514.8, "ovoda_5p_seta": 0, "ovoda_10p_seta": 0, "ovoda_15p_seta": 0, "tavolsag_bolt_halozati_m": 331.2, "bolt_5p_seta": 1, "bolt_10p_seta": 1, "bolt_15p_seta": 1, "tavolsag_gyogyszertar_halozati_m": 395.7, "gyogyszertar_5p_seta": 0, "gyogyszertar_10p_seta": 1, "gyogyszertar_15p_seta": 1, "tavolsag_orvos_halozati_m": null, "orvos_5p_seta": 0, "orvos_10p_seta": 0, "orvos_15p_seta": 0, "legkozelebbi_vasut": "Kőbánya alsó", "legkozelebbi_metro": "Határ út", "legkozelebbi_villamos": "Kápolna utca", "legkozelebbi_busz": "Ihász utca", "legkozelebbi_park": "Névtelen zöldfelület / park", "legkozelebbi_kotottpalya_tipus": "villamos" }, "geometry": { "type": "Point", "coordinates": [ 19.136188, 47.478997 ] } },
{ "type": "Feature", "properties": { "listing_id": "35082442", "listing_type": "elado", "cim_teljes": "Budapest X. kerület, Harmat köz 3.", "varosresz": "Óhegy", "price_huf": 59800000.0, "ar_millio_ft": 59.8, "ar_ezer_ft_ho": 59800.0, "nm_ar_huf": 1272340.4255319149, "log_ar": 17.90651621892086, "log_nm_ar": 14.056368617210802, "is_ar_outlier": 0, "alapterulet_nm": 47.0, "korrigalt_alapterulet_nm": 48.0, "szobaszam_osszes": 2.0, "allapot_kod": 4, "is_felujitando": 0, "is_ujszeru_vagy_uj": 0, "is_panel": 0, "is_tegla": 1, "has_lift": 0, "has_klima": 1, "has_erkely": 1, "is_foldszint": 0, "is_zaroszint": 1, "epulet_kora_ev": 58.0, "geokodolt_lat": 47.488836, "geokodolt_lon": 19.13858, "minta_garantalt_pontos": 1, "tavolsag_vasut_m": 349.7, "vasut_zona": "300-500 m", "is_vasut_immisszio_150m": 0, "tavolsag_vasut_halozati_m": 803.1, "menetido_vasut_gyalog_perc": 10.7, "vasut_5p_seta": 0, "vasut_10p_seta": 0, "vasut_15p_seta": 1, "url": "https://ingatlan.com/35082442", "title": "Eladó tégla lakás - Budapest X. kerület, Harmat köz 3. #35082442", "postal_code": "1105", "varos": "Budapest", "utca": "Harmat köz", "hazszam_vegleges": "3", "allapot": "felújított", "ingatlan_altipus": "Tégla lakás", "epites_eve": 1968.0, "epites_eve_kategoria": "30-60 év (panel-korszak)", "erkely_nm": 2.0, "szobaszam_egesz": 2.0, "szobaszam_fel": 0.0, "szobaszam_kategoria": "2 szoba", "atlagos_szobameret_nm": 23.5, "emelet": "3", "emelet_szam": 3.0, "epulet_szintjei_szam": 3.0, "is_magas_emelet_lift_nelkul": 0, "futes": "hűtő-fűtő klíma, elektromos fűtőpanel, infrafűtés", "futes_kategoria": null, "has_tavfutes": 0, "has_konvektor": 0, "has_megujulo": 0, "has_garazs_vagy_beallo": 0, "energetikai_tanusitvany": "nincs megadva", "butorozott": null, "koltozheto": null, "min_berleti_ido": null, "kertkapcsolatos": "nem", "kozos_koltseg_huf": 16500.0, "rezsikoltseg_huf": 30000.0, "hirdeto_tipus": "Ingatlaniroda", "iroda_neve": null, "leiras_hossz": 1697.0, "fenykepek_szama": 2.0, "geokodolas_modszere": null, "geokodolas_pontossag": null, "price_eur": null, "nm_ar_eur": null, "kozos_koltseg_eur": null, "rezsikoltseg_eur": null, "kaucio_eur": null, "tavolsag_metro_halozati_m": 2101.8, "metro_5p_seta": 0, "metro_10p_seta": 0, "metro_15p_seta": 0, "tavolsag_villamos_halozati_m": 252.1, "villamos_5p_seta": 1, "villamos_10p_seta": 1, "villamos_15p_seta": 1, "tavolsag_busz_halozati_m": 68.2, "busz_5p_seta": 1, "busz_10p_seta": 1, "tavolsag_kotottpalya_halozati_m": 252.1, "kotottpalya_5p_seta": 1, "kotottpalya_10p_seta": 1, "kotottpalya_15p_seta": 1, "tavolsag_park_halozati_m": 509.8, "park_5p_seta": 0, "park_10p_seta": 1, "park_15p_seta": 1, "poi_5p_count": 8.0, "poi_10p_count": 33.0, "poi_15p_count": 72.0, "tavolsag_iskola_halozati_m": 1161.6, "iskola_5p_seta": 0, "iskola_10p_seta": 0, "iskola_15p_seta": 0, "tavolsag_ovoda_halozati_m": 302.8, "ovoda_5p_seta": 1, "ovoda_10p_seta": 1, "ovoda_15p_seta": 1, "tavolsag_bolt_halozati_m": 713.3, "bolt_5p_seta": 0, "bolt_10p_seta": 1, "bolt_15p_seta": 1, "tavolsag_gyogyszertar_halozati_m": 212.9, "gyogyszertar_5p_seta": 1, "gyogyszertar_10p_seta": 1, "gyogyszertar_15p_seta": 1, "tavolsag_orvos_halozati_m": null, "orvos_5p_seta": 0, "orvos_10p_seta": 0, "orvos_15p_seta": 0, "legkozelebbi_vasut": "Kőbánya felső", "legkozelebbi_metro": "", "legkozelebbi_villamos": "Szent László Gimnázium", "legkozelebbi_busz": "Szent László Gimnázium", "legkozelebbi_park": "Sajó Sándor tér", "legkozelebbi_kotottpalya_tipus": "villamos" }, "geometry": { "type": "Point", "coordinates": [ 19.13858, 47.488836 ] } },
{ "type": "Feature", "properties": { "listing_id": "35088325", "listing_type": "elado", "cim_teljes": "Budapest X. kerület, Martinovics tér 9.", "varosresz": "Óhegy", "price_huf": 81900000.0, "ar_millio_ft": 81.9, "ar_ezer_ft_ho": 81900.0, "nm_ar_huf": 1137500.0, "log_ar": 18.221009548823297, "log_nm_ar": 13.944343429807242, "is_ar_outlier": 0, "alapterulet_nm": 72.0, "korrigalt_alapterulet_nm": 78.5, "szobaszam_osszes": 3.0, "allapot_kod": 3, "is_felujitando": 0, "is_ujszeru_vagy_uj": 0, "is_panel": 0, "is_tegla": 1, "has_lift": 0, "has_klima": 0, "has_erkely": 1, "is_foldszint": 0, "is_zaroszint": 0, "epulet_kora_ev": 21.0, "geokodolt_lat": 47.481085, "geokodolt_lon": 19.134945, "minta_garantalt_pontos": 1, "tavolsag_vasut_m": 417.0, "vasut_zona": "300-500 m", "is_vasut_immisszio_150m": 0, "tavolsag_vasut_halozati_m": 720.0, "menetido_vasut_gyalog_perc": 9.6, "vasut_5p_seta": 0, "vasut_10p_seta": 1, "vasut_15p_seta": 1, "url": "https://ingatlan.com/35088325", "title": "Eladó tégla lakás - Budapest X. kerület, Martinovics tér 9. #35088325", "postal_code": "1105", "varos": "Budapest", "utca": "Martinovics tér", "hazszam_vegleges": "9", "allapot": "jó állapotú", "ingatlan_altipus": "Tégla lakás", "epites_eve": 2005.0, "epites_eve_kategoria": "10-30 év (rendszerváltás utáni)", "erkely_nm": 13.0, "szobaszam_egesz": 3.0, "szobaszam_fel": 0.0, "szobaszam_kategoria": "3 szoba", "atlagos_szobameret_nm": 24.0, "emelet": "1", "emelet_szam": 1.0, "epulet_szintjei_szam": 4.0, "is_magas_emelet_lift_nelkul": 0, "futes": "gázkazán", "futes_kategoria": null, "has_tavfutes": 0, "has_konvektor": 1, "has_megujulo": 0, "has_garazs_vagy_beallo": 0, "energetikai_tanusitvany": "nincs megadva", "butorozott": null, "koltozheto": null, "min_berleti_ido": null, "kertkapcsolatos": "nincs megadva", "kozos_koltseg_huf": null, "rezsikoltseg_huf": null, "hirdeto_tipus": "Ingatlaniroda", "iroda_neve": null, "leiras_hossz": 753.0, "fenykepek_szama": 4.0, "geokodolas_modszere": null, "geokodolas_pontossag": null, "price_eur": null, "nm_ar_eur": null, "kozos_koltseg_eur": null, "rezsikoltseg_eur": null, "kaucio_eur": null, "tavolsag_metro_halozati_m": null, "metro_5p_seta": 0, "metro_10p_seta": 0, "metro_15p_seta": 0, "tavolsag_villamos_halozati_m": 430.9, "villamos_5p_seta": 0, "villamos_10p_seta": 1, "villamos_15p_seta": 1, "tavolsag_busz_halozati_m": 83.9, "busz_5p_seta": 1, "busz_10p_seta": 1, "tavolsag_kotottpalya_halozati_m": 430.9, "kotottpalya_5p_seta": 0, "kotottpalya_10p_seta": 1, "kotottpalya_15p_seta": 1, "tavolsag_park_halozati_m": 280.6, "park_5p_seta": 1, "park_10p_seta": 1, "park_15p_seta": 1, "poi_5p_count": 9.0, "poi_10p_count": 67.0, "poi_15p_count": 110.0, "tavolsag_iskola_halozati_m": 379.2, "iskola_5p_seta": 0, "iskola_10p_seta": 1, "iskola_15p_seta": 1, "tavolsag_ovoda_halozati_m": 1076.9, "ovoda_5p_seta": 0, "ovoda_10p_seta": 0, "ovoda_15p_seta": 1, "tavolsag_bolt_halozati_m": 94.1, "bolt_5p_seta": 1, "bolt_10p_seta": 1, "bolt_15p_seta": 1, "tavolsag_gyogyszertar_halozati_m": 556.2, "gyogyszertar_5p_seta": 0, "gyogyszertar_10p_seta": 1, "gyogyszertar_15p_seta": 1, "tavolsag_orvos_halozati_m": null, "orvos_5p_seta": 0, "orvos_10p_seta": 0, "orvos_15p_seta": 0, "legkozelebbi_vasut": "Kőbánya alsó", "legkozelebbi_metro": "", "legkozelebbi_villamos": "Kápolna utca", "legkozelebbi_busz": "Kápolna tér", "legkozelebbi_park": "Csajkovszkij park", "legkozelebbi_kotottpalya_tipus": "villamos" }, "geometry": { "type": "Point", "coordinates": [ 19.134945, 47.481085 ] } },
{ "type": "Feature", "properties": { "listing_id": "35089150", "listing_type": "elado", "cim_teljes": "Budapest X. kerület, Újhegyi út 18/b.", "varosresz": "Újhegy", "price_huf": 89000000.0, "ar_millio_ft": 89.0, "ar_ezer_ft_ho": 89000.0, "nm_ar_huf": 1459016.3934426229, "log_ar": 18.304146927696415, "log_nm_ar": 14.193273063523103, "is_ar_outlier": 0, "alapterulet_nm": 61.0, "korrigalt_alapterulet_nm": 74.35, "szobaszam_osszes": 3.0, "allapot_kod": 3, "is_felujitando": 0, "is_ujszeru_vagy_uj": 0, "is_panel": 0, "is_tegla": 1, "has_lift": 1, "has_klima": 1, "has_erkely": 1, "is_foldszint": 1, "is_zaroszint": 0, "epulet_kora_ev": 0.0, "geokodolt_lat": 47.468381, "geokodolt_lon": 19.169095, "minta_garantalt_pontos": 1, "tavolsag_vasut_m": 936.0, "vasut_zona": "500-1000 m", "is_vasut_immisszio_150m": 0, "tavolsag_vasut_halozati_m": 1930.0, "menetido_vasut_gyalog_perc": 25.7, "vasut_5p_seta": 0, "vasut_10p_seta": 0, "vasut_15p_seta": 0, "url": "https://ingatlan.com/35089150", "title": "Eladó tégla lakás - Budapest X. kerület, Újhegyi út 18/b #35089150", "postal_code": "1108", "varos": "Budapest", "utca": "Újhegyi út", "hazszam_vegleges": "18/b", "allapot": "nincs megadva", "ingatlan_altipus": "Tégla lakás", "epites_eve": 2026.0, "epites_eve_kategoria": "Új építésű (2025+)", "erkely_nm": 26.7, "szobaszam_egesz": 3.0, "szobaszam_fel": 0.0, "szobaszam_kategoria": "3 szoba", "atlagos_szobameret_nm": 20.333333333333332, "emelet": "földszint", "emelet_szam": 0.0, "epulet_szintjei_szam": 4.0, "is_magas_emelet_lift_nelkul": 0, "futes": "hőszivattyú", "futes_kategoria": null, "has_tavfutes": 0, "has_konvektor": 0, "has_megujulo": 1, "has_garazs_vagy_beallo": 0, "energetikai_tanusitvany": "nincs megadva", "butorozott": null, "koltozheto": null, "min_berleti_ido": null, "kertkapcsolatos": "nem", "kozos_koltseg_huf": null, "rezsikoltseg_huf": null, "hirdeto_tipus": "Ingatlaniroda", "iroda_neve": null, "leiras_hossz": 2225.0, "fenykepek_szama": 4.0, "geokodolas_modszere": null, "geokodolas_pontossag": null, "price_eur": null, "nm_ar_eur": null, "kozos_koltseg_eur": null, "rezsikoltseg_eur": null, "kaucio_eur": null, "tavolsag_metro_halozati_m": 1935.9, "metro_5p_seta": 0, "metro_10p_seta": 0, "metro_15p_seta": 0, "tavolsag_villamos_halozati_m": 956.0, "villamos_5p_seta": 0, "villamos_10p_seta": 0, "villamos_15p_seta": 1, "tavolsag_busz_halozati_m": 52.7, "busz_5p_seta": 1, "busz_10p_seta": 1, "tavolsag_kotottpalya_halozati_m": 956.0, "kotottpalya_5p_seta": 0, "kotottpalya_10p_seta": 0, "kotottpalya_15p_seta": 1, "tavolsag_park_halozati_m": 441.1, "park_5p_seta": 0, "park_10p_seta": 1, "park_15p_seta": 1, "poi_5p_count": 3.0, "poi_10p_count": 18.0, "poi_15p_count": 54.0, "tavolsag_iskola_halozati_m": null, "iskola_5p_seta": 0, "iskola_10p_seta": 0, "iskola_15p_seta": 0, "tavolsag_ovoda_halozati_m": null, "ovoda_5p_seta": 0, "ovoda_10p_seta": 0, "ovoda_15p_seta": 0, "tavolsag_bolt_halozati_m": 619.7, "bolt_5p_seta": 0, "bolt_10p_seta": 1, "bolt_15p_seta": 1, "tavolsag_gyogyszertar_halozati_m": 686.5, "gyogyszertar_5p_seta": 0, "gyogyszertar_10p_seta": 1, "gyogyszertar_15p_seta": 1, "tavolsag_orvos_halozati_m": 1628.9, "orvos_5p_seta": 0, "orvos_10p_seta": 0, "orvos_15p_seta": 0, "legkozelebbi_vasut": "Kőbánya-Kispest", "legkozelebbi_metro": "", "legkozelebbi_villamos": "Új köztemető", "legkozelebbi_busz": "Újhegyi út, Sportliget", "legkozelebbi_park": "Sportliget", "legkozelebbi_kotottpalya_tipus": "villamos" }, "geometry": { "type": "Point", "coordinates": [ 19.169095, 47.468381 ] } },
{ "type": "Feature", "properties": { "listing_id": "35112466", "listing_type": "elado", "cim_teljes": "Budapest X. kerület, Martinovics tér 9.", "varosresz": "Óhegy", "price_huf": 75900000.0, "ar_millio_ft": 75.9, "ar_ezer_ft_ho": 75900.0, "nm_ar_huf": 1150000.0, "log_ar": 18.14492724236586, "log_nm_ar": 13.955272500339433, "is_ar_outlier": 0, "alapterulet_nm": 66.0, "korrigalt_alapterulet_nm": 66.0, "szobaszam_osszes": 3.0, "allapot_kod": 3, "is_felujitando": 0, "is_ujszeru_vagy_uj": 0, "is_panel": 0, "is_tegla": 1, "has_lift": 0, "has_klima": 0, "has_erkely": 0, "is_foldszint": 0, "is_zaroszint": 0, "epulet_kora_ev": 14.0, "geokodolt_lat": 47.481085, "geokodolt_lon": 19.134945, "minta_garantalt_pontos": 1, "tavolsag_vasut_m": 417.0, "vasut_zona": "300-500 m", "is_vasut_immisszio_150m": 0, "tavolsag_vasut_halozati_m": 720.0, "menetido_vasut_gyalog_perc": 9.6, "vasut_5p_seta": 0, "vasut_10p_seta": 1, "vasut_15p_seta": 1, "url": "https://ingatlan.com/35112466", "title": "Eladó tégla lakás - Budapest X. kerület, Martinovics tér 9. #35112466", "postal_code": "1105", "varos": "Budapest", "utca": "Martinovics tér", "hazszam_vegleges": "9", "allapot": "jó állapotú", "ingatlan_altipus": "Tégla lakás", "epites_eve": 2012.0, "epites_eve_kategoria": "10-30 év (rendszerváltás utáni)", "erkely_nm": 0.0, "szobaszam_egesz": 3.0, "szobaszam_fel": 0.0, "szobaszam_kategoria": "3 szoba", "atlagos_szobameret_nm": 22.0, "emelet": "1", "emelet_szam": 1.0, "epulet_szintjei_szam": 5.0, "is_magas_emelet_lift_nelkul": 0, "futes": "gázkazán", "futes_kategoria": null, "has_tavfutes": 0, "has_konvektor": 1, "has_megujulo": 0, "has_garazs_vagy_beallo": 0, "energetikai_tanusitvany": "A", "butorozott": null, "koltozheto": null, "min_berleti_ido": null, "kertkapcsolatos": "nincs megadva", "kozos_koltseg_huf": null, "rezsikoltseg_huf": null, "hirdeto_tipus": "Ingatlaniroda", "iroda_neve": null, "leiras_hossz": 706.0, "fenykepek_szama": 4.0, "geokodolas_modszere": null, "geokodolas_pontossag": null, "price_eur": null, "nm_ar_eur": null, "kozos_koltseg_eur": null, "rezsikoltseg_eur": null, "kaucio_eur": null, "tavolsag_metro_halozati_m": null, "metro_5p_seta": 0, "metro_10p_seta": 0, "metro_15p_seta": 0, "tavolsag_villamos_halozati_m": 430.9, "villamos_5p_seta": 0, "villamos_10p_seta": 1, "villamos_15p_seta": 1, "tavolsag_busz_halozati_m": 83.9, "busz_5p_seta": 1, "busz_10p_seta": 1, "tavolsag_kotottpalya_halozati_m": 430.9, "kotottpalya_5p_seta": 0, "kotottpalya_10p_seta": 1, "kotottpalya_15p_seta": 1, "tavolsag_park_halozati_m": 280.6, "park_5p_seta": 1, "park_10p_seta": 1, "park_15p_seta": 1, "poi_5p_count": 9.0, "poi_10p_count": 67.0, "poi_15p_count": 110.0, "tavolsag_iskola_halozati_m": 379.2, "iskola_5p_seta": 0, "iskola_10p_seta": 1, "iskola_15p_seta": 1, "tavolsag_ovoda_halozati_m": 1076.9, "ovoda_5p_seta": 0, "ovoda_10p_seta": 0, "ovoda_15p_seta": 1, "tavolsag_bolt_halozati_m": 94.1, "bolt_5p_seta": 1, "bolt_10p_seta": 1, "bolt_15p_seta": 1, "tavolsag_gyogyszertar_halozati_m": 556.2, "gyogyszertar_5p_seta": 0, "gyogyszertar_10p_seta": 1, "gyogyszertar_15p_seta": 1, "tavolsag_orvos_halozati_m": null, "orvos_5p_seta": 0, "orvos_10p_seta": 0, "orvos_15p_seta": 0, "legkozelebbi_vasut": "Kőbánya alsó", "legkozelebbi_metro": "", "legkozelebbi_villamos": "Kápolna utca", "legkozelebbi_busz": "Kápolna tér", "legkozelebbi_park": "Csajkovszkij park", "legkozelebbi_kotottpalya_tipus": "villamos" }, "geometry": { "type": "Point", "coordinates": [ 19.134945, 47.481085 ] } },
{ "type": "Feature", "properties": { "listing_id": "35124751", "listing_type": "elado", "cim_teljes": "Budapest X. kerület, Kőrösi Csoma sétány 14.", "varosresz": "Kőbánya-Városközpont", "price_huf": 64900000.0, "ar_millio_ft": 64.9, "ar_ezer_ft_ho": 64900.0, "nm_ar_huf": 914084.50704225351, "log_ar": 17.988358181674318, "log_nm_ar": 13.725678304633004, "is_ar_outlier": 0, "alapterulet_nm": 71.0, "korrigalt_alapterulet_nm": 73.0, "szobaszam_osszes": 3.0, "allapot_kod": 3, "is_felujitando": 0, "is_ujszeru_vagy_uj": 0, "is_panel": 0, "is_tegla": 1, "has_lift": 0, "has_klima": 1, "has_erkely": 1, "is_foldszint": 0, "is_zaroszint": 0, "epulet_kora_ev": 58.0, "geokodolt_lat": 47.484893, "geokodolt_lon": 19.130678, "minta_garantalt_pontos": 1, "tavolsag_vasut_m": 330.3, "vasut_zona": "300-500 m", "is_vasut_immisszio_150m": 0, "tavolsag_vasut_halozati_m": 443.1, "menetido_vasut_gyalog_perc": 5.9, "vasut_5p_seta": 0, "vasut_10p_seta": 1, "vasut_15p_seta": 1, "url": "https://ingatlan.com/35124751", "title": "Eladó tégla lakás - Budapest X. kerület, Kőrösi Csoma sétány 14. #35124751", "postal_code": "1102", "varos": "Budapest", "utca": "Kőrösi Csoma sétány", "hazszam_vegleges": "14", "allapot": "jó állapotú", "ingatlan_altipus": "Tégla lakás", "epites_eve": 1968.0, "epites_eve_kategoria": "30-60 év (panel-korszak)", "erkely_nm": 4.0, "szobaszam_egesz": 3.0, "szobaszam_fel": 0.0, "szobaszam_kategoria": "3 szoba", "atlagos_szobameret_nm": 23.666666666666668, "emelet": "2", "emelet_szam": 2.0, "epulet_szintjei_szam": 4.0, "is_magas_emelet_lift_nelkul": 0, "futes": "távfűtés", "futes_kategoria": null, "has_tavfutes": 1, "has_konvektor": 0, "has_megujulo": 0, "has_garazs_vagy_beallo": 0, "energetikai_tanusitvany": "nincs megadva", "butorozott": null, "koltozheto": null, "min_berleti_ido": null, "kertkapcsolatos": "nincs megadva", "kozos_koltseg_huf": null, "rezsikoltseg_huf": null, "hirdeto_tipus": "Ingatlaniroda", "iroda_neve": null, "leiras_hossz": 300.0, "fenykepek_szama": 4.0, "geokodolas_modszere": null, "geokodolas_pontossag": null, "price_eur": null, "nm_ar_eur": null, "kozos_koltseg_eur": null, "rezsikoltseg_eur": null, "kaucio_eur": null, "tavolsag_metro_halozati_m": null, "metro_5p_seta": 0, "metro_10p_seta": 0, "metro_15p_seta": 0, "tavolsag_villamos_halozati_m": 113.9, "villamos_5p_seta": 1, "villamos_10p_seta": 1, "villamos_15p_seta": 1, "tavolsag_busz_halozati_m": 116.7, "busz_5p_seta": 1, "busz_10p_seta": 1, "tavolsag_kotottpalya_halozati_m": 113.9, "kotottpalya_5p_seta": 1, "kotottpalya_10p_seta": 1, "kotottpalya_15p_seta": 1, "tavolsag_park_halozati_m": 300.9, "park_5p_seta": 1, "park_10p_seta": 1, "park_15p_seta": 1, "poi_5p_count": 22.0, "poi_10p_count": 77.0, "poi_15p_count": 129.0, "tavolsag_iskola_halozati_m": 868.0, "iskola_5p_seta": 0, "iskola_10p_seta": 0, "iskola_15p_seta": 1, "tavolsag_ovoda_halozati_m": 664.8, "ovoda_5p_seta": 0, "ovoda_10p_seta": 1, "ovoda_15p_seta": 1, "tavolsag_bolt_halozati_m": 79.2, "bolt_5p_seta": 1, "bolt_10p_seta": 1, "bolt_15p_seta": 1, "tavolsag_gyogyszertar_halozati_m": 39.2, "gyogyszertar_5p_seta": 1, "gyogyszertar_10p_seta": 1, "gyogyszertar_15p_seta": 1, "tavolsag_orvos_halozati_m": null, "orvos_5p_seta": 0, "orvos_10p_seta": 0, "orvos_15p_seta": 0, "legkozelebbi_vasut": "Kőbánya alsó", "legkozelebbi_metro": "", "legkozelebbi_villamos": "Szent László tér", "legkozelebbi_busz": "Szent László tér", "legkozelebbi_park": "Névtelen zöldfelület / park", "legkozelebbi_kotottpalya_tipus": "villamos" }, "geometry": { "type": "Point", "coordinates": [ 19.130678, 47.484893 ] } },
{ "type": "Feature", "properties": { "listing_id": "35126731", "listing_type": "elado", "cim_teljes": "Budapest X. kerület, Újhegyi út 18/b.", "varosresz": "Újhegy", "price_huf": 135000000.0, "ar_millio_ft": 135.0, "ar_ezer_ft_ho": 135000.0, "nm_ar_huf": 1646341.4634146341, "log_ar": 18.720785336402702, "log_nm_ar": 14.31406608913845, "is_ar_outlier": 0, "alapterulet_nm": 82.0, "korrigalt_alapterulet_nm": 130.0, "szobaszam_osszes": 4.0, "allapot_kod": 3, "is_felujitando": 0, "is_ujszeru_vagy_uj": 0, "is_panel": 0, "is_tegla": 1, "has_lift": 1, "has_klima": 1, "has_erkely": 1, "is_foldszint": 0, "is_zaroszint": 1, "epulet_kora_ev": 0.0, "geokodolt_lat": 47.468381, "geokodolt_lon": 19.169095, "minta_garantalt_pontos": 1, "tavolsag_vasut_m": 936.0, "vasut_zona": "500-1000 m", "is_vasut_immisszio_150m": 0, "tavolsag_vasut_halozati_m": 1930.0, "menetido_vasut_gyalog_perc": 25.7, "vasut_5p_seta": 0, "vasut_10p_seta": 0, "vasut_15p_seta": 0, "url": "https://ingatlan.com/35126731", "title": "Eladó tégla lakás - Budapest X. kerület, Újhegyi út 18/b #35126731", "postal_code": "1108", "varos": "Budapest", "utca": "Újhegyi út", "hazszam_vegleges": "18/b", "allapot": "nincs megadva", "ingatlan_altipus": "Tégla lakás", "epites_eve": 2025.0, "epites_eve_kategoria": "Új építésű (2025+)", "erkely_nm": 96.0, "szobaszam_egesz": 4.0, "szobaszam_fel": 0.0, "szobaszam_kategoria": "4+ szoba", "atlagos_szobameret_nm": 20.5, "emelet": "4", "emelet_szam": 4.0, "epulet_szintjei_szam": 4.0, "is_magas_emelet_lift_nelkul": 0, "futes": "hűtő-fűtő klíma, hőszivattyú", "futes_kategoria": null, "has_tavfutes": 0, "has_konvektor": 0, "has_megujulo": 1, "has_garazs_vagy_beallo": 0, "energetikai_tanusitvany": "nincs megadva", "butorozott": null, "koltozheto": null, "min_berleti_ido": null, "kertkapcsolatos": "nem", "kozos_koltseg_huf": null, "rezsikoltseg_huf": null, "hirdeto_tipus": "Ingatlaniroda", "iroda_neve": null, "leiras_hossz": 2020.0, "fenykepek_szama": 4.0, "geokodolas_modszere": null, "geokodolas_pontossag": null, "price_eur": null, "nm_ar_eur": null, "kozos_koltseg_eur": null, "rezsikoltseg_eur": null, "kaucio_eur": null, "tavolsag_metro_halozati_m": 1935.9, "metro_5p_seta": 0, "metro_10p_seta": 0, "metro_15p_seta": 0, "tavolsag_villamos_halozati_m": 956.0, "villamos_5p_seta": 0, "villamos_10p_seta": 0, "villamos_15p_seta": 1, "tavolsag_busz_halozati_m": 52.7, "busz_5p_seta": 1, "busz_10p_seta": 1, "tavolsag_kotottpalya_halozati_m": 956.0, "kotottpalya_5p_seta": 0, "kotottpalya_10p_seta": 0, "kotottpalya_15p_seta": 1, "tavolsag_park_halozati_m": 441.1, "park_5p_seta": 0, "park_10p_seta": 1, "park_15p_seta": 1, "poi_5p_count": 3.0, "poi_10p_count": 18.0, "poi_15p_count": 54.0, "tavolsag_iskola_halozati_m": null, "iskola_5p_seta": 0, "iskola_10p_seta": 0, "iskola_15p_seta": 0, "tavolsag_ovoda_halozati_m": null, "ovoda_5p_seta": 0, "ovoda_10p_seta": 0, "ovoda_15p_seta": 0, "tavolsag_bolt_halozati_m": 619.7, "bolt_5p_seta": 0, "bolt_10p_seta": 1, "bolt_15p_seta": 1, "tavolsag_gyogyszertar_halozati_m": 686.5, "gyogyszertar_5p_seta": 0, "gyogyszertar_10p_seta": 1, "gyogyszertar_15p_seta": 1, "tavolsag_orvos_halozati_m": 1628.9, "orvos_5p_seta": 0, "orvos_10p_seta": 0, "orvos_15p_seta": 0, "legkozelebbi_vasut": "Kőbánya-Kispest", "legkozelebbi_metro": "", "legkozelebbi_villamos": "Új köztemető", "legkozelebbi_busz": "Újhegyi út, Sportliget", "legkozelebbi_park": "Sportliget", "legkozelebbi_kotottpalya_tipus": "villamos" }, "geometry": { "type": "Point", "coordinates": [ 19.169095, 47.468381 ] } },
{ "type": "Feature", "properties": { "listing_id": "35146153", "listing_type": "elado", "cim_teljes": "Budapest X. kerület, Bolgár utca 18.", "varosresz": "Óhegy", "price_huf": 80000000.0, "ar_millio_ft": 80.0, "ar_ezer_ft_ho": 80000.0, "nm_ar_huf": 1176470.5882352942, "log_ar": 18.197537192638155, "log_nm_ar": 13.978029487462049, "is_ar_outlier": 0, "alapterulet_nm": 68.0, "korrigalt_alapterulet_nm": 68.0, "szobaszam_osszes": 3.0, "allapot_kod": 3, "is_felujitando": 0, "is_ujszeru_vagy_uj": 0, "is_panel": 0, "is_tegla": 1, "has_lift": 0, "has_klima": 0, "has_erkely": 0, "is_foldszint": 0, "is_zaroszint": 0, "epulet_kora_ev": 58.0, "geokodolt_lat": 47.479487, "geokodolt_lon": 19.131413, "minta_garantalt_pontos": 1, "tavolsag_vasut_m": 98.9, "vasut_zona": "<150 m", "is_vasut_immisszio_150m": 1, "tavolsag_vasut_halozati_m": 612.4, "menetido_vasut_gyalog_perc": 8.2, "vasut_5p_seta": 0, "vasut_10p_seta": 1, "vasut_15p_seta": 1, "url": "https://ingatlan.com/35146153", "title": "Eladó tégla lakás - Budapest X. kerület, Bolgár utca 18. #35146153", "postal_code": "1105", "varos": "Budapest", "utca": "Bolgár utca", "hazszam_vegleges": "18", "allapot": "jó állapotú", "ingatlan_altipus": "Tégla lakás", "epites_eve": 1968.0, "epites_eve_kategoria": "30-60 év (panel-korszak)", "erkely_nm": 0.0, "szobaszam_egesz": 3.0, "szobaszam_fel": 0.0, "szobaszam_kategoria": "3 szoba", "atlagos_szobameret_nm": 22.666666666666668, "emelet": "3", "emelet_szam": 3.0, "epulet_szintjei_szam": 4.0, "is_magas_emelet_lift_nelkul": 0, "futes": "gázkazán", "futes_kategoria": null, "has_tavfutes": 0, "has_konvektor": 1, "has_megujulo": 0, "has_garazs_vagy_beallo": 0, "energetikai_tanusitvany": "D", "butorozott": null, "koltozheto": null, "min_berleti_ido": null, "kertkapcsolatos": "nem", "kozos_koltseg_huf": 22000.0, "rezsikoltseg_huf": 40000.0, "hirdeto_tipus": "Ingatlaniroda", "iroda_neve": null, "leiras_hossz": 1682.0, "fenykepek_szama": 4.0, "geokodolas_modszere": null, "geokodolas_pontossag": null, "price_eur": null, "nm_ar_eur": null, "kozos_koltseg_eur": null, "rezsikoltseg_eur": null, "kaucio_eur": null, "tavolsag_metro_halozati_m": 1851.1, "metro_5p_seta": 0, "metro_10p_seta": 0, "metro_15p_seta": 0, "tavolsag_villamos_halozati_m": 395.9, "villamos_5p_seta": 0, "villamos_10p_seta": 1, "villamos_15p_seta": 1, "tavolsag_busz_halozati_m": 338.1, "busz_5p_seta": 1, "busz_10p_seta": 1, "tavolsag_kotottpalya_halozati_m": 395.9, "kotottpalya_5p_seta": 0, "kotottpalya_10p_seta": 1, "kotottpalya_15p_seta": 1, "tavolsag_park_halozati_m": 469.6, "park_5p_seta": 0, "park_10p_seta": 1, "park_15p_seta": 1, "poi_5p_count": 4.0, "poi_10p_count": 61.0, "poi_15p_count": 103.0, "tavolsag_iskola_halozati_m": 715.5, "iskola_5p_seta": 0, "iskola_10p_seta": 1, "iskola_15p_seta": 1, "tavolsag_ovoda_halozati_m": 1286.9, "ovoda_5p_seta": 0, "ovoda_10p_seta": 0, "ovoda_15p_seta": 0, "tavolsag_bolt_halozati_m": 85.8, "bolt_5p_seta": 1, "bolt_10p_seta": 1, "bolt_15p_seta": 1, "tavolsag_gyogyszertar_halozati_m": 534.1, "gyogyszertar_5p_seta": 0, "gyogyszertar_10p_seta": 1, "gyogyszertar_15p_seta": 1, "tavolsag_orvos_halozati_m": null, "orvos_5p_seta": 0, "orvos_10p_seta": 0, "orvos_15p_seta": 0, "legkozelebbi_vasut": "Kőbánya alsó", "legkozelebbi_metro": "Határ út", "legkozelebbi_villamos": "Kápolna utca", "legkozelebbi_busz": "Kápolna utca", "legkozelebbi_park": "Liget téri park", "legkozelebbi_kotottpalya_tipus": "villamos" }, "geometry": { "type": "Point", "coordinates": [ 19.131413, 47.479487 ] } },
{ "type": "Feature", "properties": { "listing_id": "35168903", "listing_type": "elado", "cim_teljes": "Budapest X. kerület, Újhegyi út 18/b.", "varosresz": "Újhegy", "price_huf": 87000000.0, "ar_millio_ft": 87.0, "ar_ezer_ft_ho": 87000.0, "nm_ar_huf": 1380952.3809523811, "log_ar": 18.281418676618859, "log_nm_ar": 14.138283950227326, "is_ar_outlier": 0, "alapterulet_nm": 63.0, "korrigalt_alapterulet_nm": 74.835, "szobaszam_osszes": 3.0, "allapot_kod": 3, "is_felujitando": 0, "is_ujszeru_vagy_uj": 0, "is_panel": 0, "is_tegla": 1, "has_lift": 1, "has_klima": 1, "has_erkely": 1, "is_foldszint": 0, "is_zaroszint": 0, "epulet_kora_ev": 0.0, "geokodolt_lat": 47.468381, "geokodolt_lon": 19.169095, "minta_garantalt_pontos": 1, "tavolsag_vasut_m": 936.0, "vasut_zona": "500-1000 m", "is_vasut_immisszio_150m": 0, "tavolsag_vasut_halozati_m": 1930.0, "menetido_vasut_gyalog_perc": 25.7, "vasut_5p_seta": 0, "vasut_10p_seta": 0, "vasut_15p_seta": 0, "url": "https://ingatlan.com/35168903", "title": "Eladó tégla lakás - Budapest X. kerület, Újhegyi út 18/b #35168903", "postal_code": "1108", "varos": "Budapest", "utca": "Újhegyi út", "hazszam_vegleges": "18/b", "allapot": "nincs megadva", "ingatlan_altipus": "Tégla lakás", "epites_eve": 2025.0, "epites_eve_kategoria": "Új építésű (2025+)", "erkely_nm": 23.67, "szobaszam_egesz": 3.0, "szobaszam_fel": 0.0, "szobaszam_kategoria": "3 szoba", "atlagos_szobameret_nm": 21.0, "emelet": "1", "emelet_szam": 1.0, "epulet_szintjei_szam": 4.0, "is_magas_emelet_lift_nelkul": 0, "futes": "hőszivattyú", "futes_kategoria": null, "has_tavfutes": 0, "has_konvektor": 0, "has_megujulo": 1, "has_garazs_vagy_beallo": 0, "energetikai_tanusitvany": "nincs megadva", "butorozott": null, "koltozheto": null, "min_berleti_ido": null, "kertkapcsolatos": "nem", "kozos_koltseg_huf": null, "rezsikoltseg_huf": null, "hirdeto_tipus": "Ingatlaniroda", "iroda_neve": null, "leiras_hossz": 2298.0, "fenykepek_szama": 4.0, "geokodolas_modszere": null, "geokodolas_pontossag": null, "price_eur": null, "nm_ar_eur": null, "kozos_koltseg_eur": null, "rezsikoltseg_eur": null, "kaucio_eur": null, "tavolsag_metro_halozati_m": 1935.9, "metro_5p_seta": 0, "metro_10p_seta": 0, "metro_15p_seta": 0, "tavolsag_villamos_halozati_m": 956.0, "villamos_5p_seta": 0, "villamos_10p_seta": 0, "villamos_15p_seta": 1, "tavolsag_busz_halozati_m": 52.7, "busz_5p_seta": 1, "busz_10p_seta": 1, "tavolsag_kotottpalya_halozati_m": 956.0, "kotottpalya_5p_seta": 0, "kotottpalya_10p_seta": 0, "kotottpalya_15p_seta": 1, "tavolsag_park_halozati_m": 441.1, "park_5p_seta": 0, "park_10p_seta": 1, "park_15p_seta": 1, "poi_5p_count": 3.0, "poi_10p_count": 18.0, "poi_15p_count": 54.0, "tavolsag_iskola_halozati_m": null, "iskola_5p_seta": 0, "iskola_10p_seta": 0, "iskola_15p_seta": 0, "tavolsag_ovoda_halozati_m": null, "ovoda_5p_seta": 0, "ovoda_10p_seta": 0, "ovoda_15p_seta": 0, "tavolsag_bolt_halozati_m": 619.7, "bolt_5p_seta": 0, "bolt_10p_seta": 1, "bolt_15p_seta": 1, "tavolsag_gyogyszertar_halozati_m": 686.5, "gyogyszertar_5p_seta": 0, "gyogyszertar_10p_seta": 1, "gyogyszertar_15p_seta": 1, "tavolsag_orvos_halozati_m": 1628.9, "orvos_5p_seta": 0, "orvos_10p_seta": 0, "orvos_15p_seta": 0, "legkozelebbi_vasut": "Kőbánya-Kispest", "legkozelebbi_metro": "", "legkozelebbi_villamos": "Új köztemető", "legkozelebbi_busz": "Újhegyi út, Sportliget", "legkozelebbi_park": "Sportliget", "legkozelebbi_kotottpalya_tipus": "villamos" }, "geometry": { "type": "Point", "coordinates": [ 19.169095, 47.468381 ] } },
{ "type": "Feature", "properties": { "listing_id": "35177057", "listing_type": "elado", "cim_teljes": "Budapest X. kerület, Martinovics tér 9.", "varosresz": "Ligettelek", "price_huf": 65900000.0, "ar_millio_ft": 65.9, "ar_ezer_ft_ho": 65900.0, "nm_ar_huf": 1432608.6956521738, "log_ar": 18.003648999472734, "log_nm_ar": 14.175007602983641, "is_ar_outlier": 0, "alapterulet_nm": 46.0, "korrigalt_alapterulet_nm": 46.0, "szobaszam_osszes": 2.0, "allapot_kod": 3, "is_felujitando": 0, "is_ujszeru_vagy_uj": 0, "is_panel": 0, "is_tegla": 1, "has_lift": 0, "has_klima": 0, "has_erkely": 0, "is_foldszint": 0, "is_zaroszint": 0, "epulet_kora_ev": null, "geokodolt_lat": 47.4811733, "geokodolt_lon": 19.1332985, "minta_garantalt_pontos": 1, "tavolsag_vasut_m": 313.3, "vasut_zona": "300-500 m", "is_vasut_immisszio_150m": 0, "tavolsag_vasut_halozati_m": 582.2, "menetido_vasut_gyalog_perc": 7.8, "vasut_5p_seta": 0, "vasut_10p_seta": 1, "vasut_15p_seta": 1, "url": "https://ingatlan.com/35177057", "title": "Egy pillanat...", "postal_code": "1105", "varos": "Budapest", "utca": "Martinovics tér", "hazszam_vegleges": "9", "allapot": null, "ingatlan_altipus": "Tégla lakás", "epites_eve": null, "epites_eve_kategoria": "Ismeretlen", "erkely_nm": 0.0, "szobaszam_egesz": 2.0, "szobaszam_fel": 0.0, "szobaszam_kategoria": "2 szoba", "atlagos_szobameret_nm": 23.0, "emelet": null, "emelet_szam": null, "epulet_szintjei_szam": null, "is_magas_emelet_lift_nelkul": 0, "futes": null, "futes_kategoria": null, "has_tavfutes": 0, "has_konvektor": 0, "has_megujulo": 0, "has_garazs_vagy_beallo": 0, "energetikai_tanusitvany": null, "butorozott": null, "koltozheto": null, "min_berleti_ido": null, "kertkapcsolatos": null, "kozos_koltseg_huf": null, "rezsikoltseg_huf": null, "hirdeto_tipus": "Ingatlaniroda", "iroda_neve": null, "leiras_hossz": 0.0, "fenykepek_szama": 0.0, "geokodolas_modszere": null, "geokodolas_pontossag": null, "price_eur": null, "nm_ar_eur": null, "kozos_koltseg_eur": null, "rezsikoltseg_eur": null, "kaucio_eur": null, "tavolsag_metro_halozati_m": null, "metro_5p_seta": 0, "metro_10p_seta": 0, "metro_15p_seta": 0, "tavolsag_villamos_halozati_m": 295.6, "villamos_5p_seta": 1, "villamos_10p_seta": 1, "villamos_15p_seta": 1, "tavolsag_busz_halozati_m": 245.0, "busz_5p_seta": 1, "busz_10p_seta": 1, "tavolsag_kotottpalya_halozati_m": 295.6, "kotottpalya_5p_seta": 1, "kotottpalya_10p_seta": 1, "kotottpalya_15p_seta": 1, "tavolsag_park_halozati_m": 240.9, "park_5p_seta": 1, "park_10p_seta": 1, "park_15p_seta": 1, "poi_5p_count": 18.0, "poi_10p_count": 74.0, "poi_15p_count": 115.0, "tavolsag_iskola_halozati_m": 540.3, "iskola_5p_seta": 0, "iskola_10p_seta": 1, "iskola_15p_seta": 1, "tavolsag_ovoda_halozati_m": 1103.9, "ovoda_5p_seta": 0, "ovoda_10p_seta": 0, "ovoda_15p_seta": 1, "tavolsag_bolt_halozati_m": 255.2, "bolt_5p_seta": 1, "bolt_10p_seta": 1, "bolt_15p_seta": 1, "tavolsag_gyogyszertar_halozati_m": 426.6, "gyogyszertar_5p_seta": 0, "gyogyszertar_10p_seta": 1, "gyogyszertar_15p_seta": 1, "tavolsag_orvos_halozati_m": null, "orvos_5p_seta": 0, "orvos_10p_seta": 0, "orvos_15p_seta": 0, "legkozelebbi_vasut": "Kőbánya alsó", "legkozelebbi_metro": "", "legkozelebbi_villamos": "Kápolna utca", "legkozelebbi_busz": "Kápolna tér", "legkozelebbi_park": "Névtelen zöldfelület / park", "legkozelebbi_kotottpalya_tipus": "villamos" }, "geometry": { "type": "Point", "coordinates": [ 19.1332985, 47.4811733 ] } },
{ "type": "Feature", "properties": { "listing_id": "35183731", "listing_type": "elado", "cim_teljes": "Budapest X. kerület, Kada utca 19.", "varosresz": "Óhegy", "price_huf": 20000000.0, "ar_millio_ft": 20.0, "ar_ezer_ft_ho": 20000.0, "nm_ar_huf": 1000000.0, "log_ar": 16.811242831518264, "log_nm_ar": 13.815510557964274, "is_ar_outlier": 0, "alapterulet_nm": 20.0, "korrigalt_alapterulet_nm": 20.0, "szobaszam_osszes": 1.0, "allapot_kod": 4, "is_felujitando": 0, "is_ujszeru_vagy_uj": 0, "is_panel": 0, "is_tegla": 1, "has_lift": 0, "has_klima": 0, "has_erkely": 0, "is_foldszint": 0, "is_zaroszint": 0, "epulet_kora_ev": 58.0, "geokodolt_lat": 47.471617, "geokodolt_lon": 19.142146, "minta_garantalt_pontos": 1, "tavolsag_vasut_m": 418.4, "vasut_zona": "300-500 m", "is_vasut_immisszio_150m": 0, "tavolsag_vasut_halozati_m": 1483.6, "menetido_vasut_gyalog_perc": 19.8, "vasut_5p_seta": 0, "vasut_10p_seta": 0, "vasut_15p_seta": 0, "url": "https://ingatlan.com/35183731", "title": "Eladó tégla lakás - Budapest X. kerület, Kada utca 19. #35183731", "postal_code": "1106", "varos": "Budapest", "utca": "Kada utca", "hazszam_vegleges": "19", "allapot": "felújított", "ingatlan_altipus": "Tégla lakás", "epites_eve": 1968.0, "epites_eve_kategoria": "30-60 év (panel-korszak)", "erkely_nm": 0.0, "szobaszam_egesz": 1.0, "szobaszam_fel": 0.0, "szobaszam_kategoria": "1 szoba", "atlagos_szobameret_nm": 20.0, "emelet": "szuterén", "emelet_szam": -1.0, "epulet_szintjei_szam": 4.0, "is_magas_emelet_lift_nelkul": 0, "futes": "nincs megadva", "futes_kategoria": null, "has_tavfutes": 0, "has_konvektor": 0, "has_megujulo": 0, "has_garazs_vagy_beallo": 0, "energetikai_tanusitvany": "D", "butorozott": null, "koltozheto": null, "min_berleti_ido": null, "kertkapcsolatos": "nem", "kozos_koltseg_huf": 8.0, "rezsikoltseg_huf": 15000.0, "hirdeto_tipus": "Ingatlaniroda", "iroda_neve": null, "leiras_hossz": 1022.0, "fenykepek_szama": 4.0, "geokodolas_modszere": null, "geokodolas_pontossag": null, "price_eur": null, "nm_ar_eur": null, "kozos_koltseg_eur": null, "rezsikoltseg_eur": null, "kaucio_eur": null, "tavolsag_metro_halozati_m": 1489.5, "metro_5p_seta": 0, "metro_10p_seta": 0, "metro_15p_seta": 0, "tavolsag_villamos_halozati_m": 1690.2, "villamos_5p_seta": 0, "villamos_10p_seta": 0, "villamos_15p_seta": 0, "tavolsag_busz_halozati_m": 63.7, "busz_5p_seta": 1, "busz_10p_seta": 1, "tavolsag_kotottpalya_halozati_m": 1483.6, "kotottpalya_5p_seta": 0, "kotottpalya_10p_seta": 0, "kotottpalya_15p_seta": 0, "tavolsag_park_halozati_m": 291.3, "park_5p_seta": 1, "park_10p_seta": 1, "park_15p_seta": 1, "poi_5p_count": 8.0, "poi_10p_count": 28.0, "poi_15p_count": 43.0, "tavolsag_iskola_halozati_m": 1680.3, "iskola_5p_seta": 0, "iskola_10p_seta": 0, "iskola_15p_seta": 0, "tavolsag_ovoda_halozati_m": null, "ovoda_5p_seta": 0, "ovoda_10p_seta": 0, "ovoda_15p_seta": 0, "tavolsag_bolt_halozati_m": 519.9, "bolt_5p_seta": 0, "bolt_10p_seta": 1, "bolt_15p_seta": 1, "tavolsag_gyogyszertar_halozati_m": 890.9, "gyogyszertar_5p_seta": 0, "gyogyszertar_10p_seta": 0, "gyogyszertar_15p_seta": 1, "tavolsag_orvos_halozati_m": null, "orvos_5p_seta": 0, "orvos_10p_seta": 0, "orvos_15p_seta": 0, "legkozelebbi_vasut": "Kőbánya-Kispest", "legkozelebbi_metro": "", "legkozelebbi_villamos": "Kocsis Sándor Sportközpont", "legkozelebbi_busz": "Gyömrői út", "legkozelebbi_park": "Névtelen zöldfelület / park", "legkozelebbi_kotottpalya_tipus": "vasut" }, "geometry": { "type": "Point", "coordinates": [ 19.142146, 47.471617 ] } },
{ "type": "Feature", "properties": { "listing_id": "35188977", "listing_type": "elado", "cim_teljes": "Budapest X. kerület, Újhegyi út 18.B.", "varosresz": "Újhegy", "price_huf": 98860000.0, "ar_millio_ft": 98.86, "ar_ezer_ft_ho": 98860.0, "nm_ar_huf": 1267435.8974358975, "log_ar": 18.409215265843088, "log_nm_ar": 14.052506439153495, "is_ar_outlier": 0, "alapterulet_nm": 78.0, "korrigalt_alapterulet_nm": 82.0, "szobaszam_osszes": 3.0, "allapot_kod": 3, "is_felujitando": 0, "is_ujszeru_vagy_uj": 0, "is_panel": 0, "is_tegla": 1, "has_lift": 1, "has_klima": 1, "has_erkely": 1, "is_foldszint": 0, "is_zaroszint": 0, "epulet_kora_ev": 0.0, "geokodolt_lat": 47.468138, "geokodolt_lon": 19.16875, "minta_garantalt_pontos": 1, "tavolsag_vasut_m": 901.5, "vasut_zona": "500-1000 m", "is_vasut_immisszio_150m": 0, "tavolsag_vasut_halozati_m": 1890.6, "menetido_vasut_gyalog_perc": 25.2, "vasut_5p_seta": 0, "vasut_10p_seta": 0, "vasut_15p_seta": 0, "url": "https://ingatlan.com/35188977", "title": "Eladó tégla lakás - Budapest X. kerület, Újhegyi út 18.B. #35188977", "postal_code": "1108", "varos": "Budapest", "utca": "Újhegyi út", "hazszam_vegleges": "18.B", "allapot": "nincs megadva", "ingatlan_altipus": "Tégla lakás", "epites_eve": 2026.0, "epites_eve_kategoria": "Új építésű (2025+)", "erkely_nm": 8.0, "szobaszam_egesz": 3.0, "szobaszam_fel": 0.0, "szobaszam_kategoria": "3 szoba", "atlagos_szobameret_nm": 26.0, "emelet": "3", "emelet_szam": 3.0, "epulet_szintjei_szam": 4.0, "is_magas_emelet_lift_nelkul": 0, "futes": "hőszivattyú", "futes_kategoria": null, "has_tavfutes": 0, "has_konvektor": 0, "has_megujulo": 1, "has_garazs_vagy_beallo": 0, "energetikai_tanusitvany": "nincs megadva", "butorozott": null, "koltozheto": null, "min_berleti_ido": null, "kertkapcsolatos": "nincs megadva", "kozos_koltseg_huf": null, "rezsikoltseg_huf": null, "hirdeto_tipus": "Ingatlaniroda", "iroda_neve": null, "leiras_hossz": 2297.0, "fenykepek_szama": 4.0, "geokodolas_modszere": null, "geokodolas_pontossag": null, "price_eur": null, "nm_ar_eur": null, "kozos_koltseg_eur": null, "rezsikoltseg_eur": null, "kaucio_eur": null, "tavolsag_metro_halozati_m": 1896.5, "metro_5p_seta": 0, "metro_10p_seta": 0, "metro_15p_seta": 0, "tavolsag_villamos_halozati_m": 975.8, "villamos_5p_seta": 0, "villamos_10p_seta": 0, "villamos_15p_seta": 1, "tavolsag_busz_halozati_m": 13.3, "busz_5p_seta": 1, "busz_10p_seta": 1, "tavolsag_kotottpalya_halozati_m": 975.8, "kotottpalya_5p_seta": 0, "kotottpalya_10p_seta": 0, "kotottpalya_15p_seta": 1, "tavolsag_park_halozati_m": 401.7, "park_5p_seta": 0, "park_10p_seta": 1, "park_15p_seta": 1, "poi_5p_count": 4.0, "poi_10p_count": 18.0, "poi_15p_count": 57.0, "tavolsag_iskola_halozati_m": null, "iskola_5p_seta": 0, "iskola_10p_seta": 0, "iskola_15p_seta": 0, "tavolsag_ovoda_halozati_m": null, "ovoda_5p_seta": 0, "ovoda_10p_seta": 0, "ovoda_15p_seta": 0, "tavolsag_bolt_halozati_m": 580.2, "bolt_5p_seta": 0, "bolt_10p_seta": 1, "bolt_15p_seta": 1, "tavolsag_gyogyszertar_halozati_m": 647.1, "gyogyszertar_5p_seta": 0, "gyogyszertar_10p_seta": 1, "gyogyszertar_15p_seta": 1, "tavolsag_orvos_halozati_m": 1648.7, "orvos_5p_seta": 0, "orvos_10p_seta": 0, "orvos_15p_seta": 0, "legkozelebbi_vasut": "Kőbánya-Kispest", "legkozelebbi_metro": "", "legkozelebbi_villamos": "Új köztemető", "legkozelebbi_busz": "Újhegyi út, Sportliget", "legkozelebbi_park": "Sportliget", "legkozelebbi_kotottpalya_tipus": "villamos" }, "geometry": { "type": "Point", "coordinates": [ 19.16875, 47.468138 ] } },
{ "type": "Feature", "properties": { "listing_id": "35189076", "listing_type": "elado", "cim_teljes": "Budapest X. kerület, Újhegyi út 18.B.", "varosresz": "Újhegy", "price_huf": 96000000.0, "ar_millio_ft": 96.0, "ar_ezer_ft_ho": 96000.0, "nm_ar_huf": 1333333.3333333333, "log_ar": 18.37985874943211, "log_nm_ar": 14.103192630416055, "is_ar_outlier": 0, "alapterulet_nm": 72.0, "korrigalt_alapterulet_nm": 83.32, "szobaszam_osszes": 3.0, "allapot_kod": 3, "is_felujitando": 0, "is_ujszeru_vagy_uj": 0, "is_panel": 0, "is_tegla": 1, "has_lift": 1, "has_klima": 1, "has_erkely": 1, "is_foldszint": 0, "is_zaroszint": 0, "epulet_kora_ev": 0.0, "geokodolt_lat": 47.46319, "geokodolt_lon": 19.159763, "minta_garantalt_pontos": 1, "tavolsag_vasut_m": 151.5, "vasut_zona": "150-300 m", "is_vasut_immisszio_150m": 0, "tavolsag_vasut_halozati_m": 1006.7, "menetido_vasut_gyalog_perc": 13.4, "vasut_5p_seta": 0, "vasut_10p_seta": 0, "vasut_15p_seta": 1, "url": "https://ingatlan.com/35189076", "title": "Eladó tégla lakás - Budapest X. kerület, Újhegyi út 18.B. #35189076", "postal_code": "1108", "varos": "Budapest", "utca": "Újhegyi út", "hazszam_vegleges": "18.B", "allapot": "nincs megadva", "ingatlan_altipus": "Tégla lakás", "epites_eve": 2026.0, "epites_eve_kategoria": "Új építésű (2025+)", "erkely_nm": 22.64, "szobaszam_egesz": 3.0, "szobaszam_fel": 0.0, "szobaszam_kategoria": "3 szoba", "atlagos_szobameret_nm": 24.0, "emelet": "1", "emelet_szam": 1.0, "epulet_szintjei_szam": 4.0, "is_magas_emelet_lift_nelkul": 0, "futes": "hőszivattyú", "futes_kategoria": null, "has_tavfutes": 0, "has_konvektor": 0, "has_megujulo": 1, "has_garazs_vagy_beallo": 0, "energetikai_tanusitvany": "nincs megadva", "butorozott": null, "koltozheto": null, "min_berleti_ido": null, "kertkapcsolatos": "nem", "kozos_koltseg_huf": null, "rezsikoltseg_huf": null, "hirdeto_tipus": "Ingatlaniroda", "iroda_neve": null, "leiras_hossz": 2297.0, "fenykepek_szama": 4.0, "geokodolas_modszere": null, "geokodolas_pontossag": null, "price_eur": null, "nm_ar_eur": null, "kozos_koltseg_eur": null, "rezsikoltseg_eur": null, "kaucio_eur": null, "tavolsag_metro_halozati_m": 1012.6, "metro_5p_seta": 0, "metro_10p_seta": 0, "metro_15p_seta": 1, "tavolsag_villamos_halozati_m": 1849.8, "villamos_5p_seta": 0, "villamos_10p_seta": 0, "villamos_15p_seta": 0, "tavolsag_busz_halozati_m": 328.4, "busz_5p_seta": 1, "busz_10p_seta": 1, "tavolsag_kotottpalya_halozati_m": 1006.7, "kotottpalya_5p_seta": 0, "kotottpalya_10p_seta": 0, "kotottpalya_15p_seta": 1, "tavolsag_park_halozati_m": 679.2, "park_5p_seta": 0, "park_10p_seta": 1, "park_15p_seta": 1, "poi_5p_count": 2.0, "poi_10p_count": 10.0, "poi_15p_count": 43.0, "tavolsag_iskola_halozati_m": null, "iskola_5p_seta": 0, "iskola_10p_seta": 0, "iskola_15p_seta": 0, "tavolsag_ovoda_halozati_m": null, "ovoda_5p_seta": 0, "ovoda_10p_seta": 0, "ovoda_15p_seta": 0, "tavolsag_bolt_halozati_m": 992.6, "bolt_5p_seta": 0, "bolt_10p_seta": 0, "bolt_15p_seta": 1, "tavolsag_gyogyszertar_halozati_m": 614.7, "gyogyszertar_5p_seta": 0, "gyogyszertar_10p_seta": 1, "gyogyszertar_15p_seta": 1, "tavolsag_orvos_halozati_m": null, "orvos_5p_seta": 0, "orvos_10p_seta": 0, "orvos_15p_seta": 0, "legkozelebbi_vasut": "Kőbánya-Kispest", "legkozelebbi_metro": "", "legkozelebbi_villamos": "Kossuth tér", "legkozelebbi_busz": "Újhegyi út", "legkozelebbi_park": "Névtelen zöldfelület / park", "legkozelebbi_kotottpalya_tipus": "vasut" }, "geometry": { "type": "Point", "coordinates": [ 19.159763, 47.46319 ] } },
{ "type": "Feature", "properties": { "listing_id": "35189252", "listing_type": "elado", "cim_teljes": "Budapest X. kerület, Újhegyi út 18.B.", "varosresz": "Újhegy", "price_huf": 89000000.0, "ar_millio_ft": 89.0, "ar_ezer_ft_ho": 89000.0, "nm_ar_huf": 1412698.4126984128, "log_ar": 18.304146927696415, "log_nm_ar": 14.161012201304882, "is_ar_outlier": 0, "alapterulet_nm": 63.0, "korrigalt_alapterulet_nm": 75.3, "szobaszam_osszes": 3.0, "allapot_kod": 3, "is_felujitando": 0, "is_ujszeru_vagy_uj": 0, "is_panel": 0, "is_tegla": 1, "has_lift": 1, "has_klima": 1, "has_erkely": 1, "is_foldszint": 0, "is_zaroszint": 0, "epulet_kora_ev": 0.0, "geokodolt_lat": 47.46319, "geokodolt_lon": 19.159763, "minta_garantalt_pontos": 1, "tavolsag_vasut_m": 151.5, "vasut_zona": "150-300 m", "is_vasut_immisszio_150m": 0, "tavolsag_vasut_halozati_m": 1006.7, "menetido_vasut_gyalog_perc": 13.4, "vasut_5p_seta": 0, "vasut_10p_seta": 0, "vasut_15p_seta": 1, "url": "https://ingatlan.com/35189252", "title": "Eladó tégla lakás - Budapest X. kerület, Újhegyi út 18.B. #35189252", "postal_code": "1108", "varos": "Budapest", "utca": "Újhegyi út", "hazszam_vegleges": "18.B", "allapot": "nincs megadva", "ingatlan_altipus": "Tégla lakás", "epites_eve": 2026.0, "epites_eve_kategoria": "Új építésű (2025+)", "erkely_nm": 24.6, "szobaszam_egesz": 3.0, "szobaszam_fel": 0.0, "szobaszam_kategoria": "3 szoba", "atlagos_szobameret_nm": 21.0, "emelet": "2", "emelet_szam": 2.0, "epulet_szintjei_szam": 4.0, "is_magas_emelet_lift_nelkul": 0, "futes": "hőszivattyú", "futes_kategoria": null, "has_tavfutes": 0, "has_konvektor": 0, "has_megujulo": 1, "has_garazs_vagy_beallo": 0, "energetikai_tanusitvany": "nincs megadva", "butorozott": null, "koltozheto": null, "min_berleti_ido": null, "kertkapcsolatos": "nincs megadva", "kozos_koltseg_huf": null, "rezsikoltseg_huf": null, "hirdeto_tipus": "Ingatlaniroda", "iroda_neve": null, "leiras_hossz": 2229.0, "fenykepek_szama": 4.0, "geokodolas_modszere": null, "geokodolas_pontossag": null, "price_eur": null, "nm_ar_eur": null, "kozos_koltseg_eur": null, "rezsikoltseg_eur": null, "kaucio_eur": null, "tavolsag_metro_halozati_m": 1012.6, "metro_5p_seta": 0, "metro_10p_seta": 0, "metro_15p_seta": 1, "tavolsag_villamos_halozati_m": 1849.8, "villamos_5p_seta": 0, "villamos_10p_seta": 0, "villamos_15p_seta": 0, "tavolsag_busz_halozati_m": 328.4, "busz_5p_seta": 1, "busz_10p_seta": 1, "tavolsag_kotottpalya_halozati_m": 1006.7, "kotottpalya_5p_seta": 0, "kotottpalya_10p_seta": 0, "kotottpalya_15p_seta": 1, "tavolsag_park_halozati_m": 679.2, "park_5p_seta": 0, "park_10p_seta": 1, "park_15p_seta": 1, "poi_5p_count": 2.0, "poi_10p_count": 10.0, "poi_15p_count": 43.0, "tavolsag_iskola_halozati_m": null, "iskola_5p_seta": 0, "iskola_10p_seta": 0, "iskola_15p_seta": 0, "tavolsag_ovoda_halozati_m": null, "ovoda_5p_seta": 0, "ovoda_10p_seta": 0, "ovoda_15p_seta": 0, "tavolsag_bolt_halozati_m": 992.6, "bolt_5p_seta": 0, "bolt_10p_seta": 0, "bolt_15p_seta": 1, "tavolsag_gyogyszertar_halozati_m": 614.7, "gyogyszertar_5p_seta": 0, "gyogyszertar_10p_seta": 1, "gyogyszertar_15p_seta": 1, "tavolsag_orvos_halozati_m": null, "orvos_5p_seta": 0, "orvos_10p_seta": 0, "orvos_15p_seta": 0, "legkozelebbi_vasut": "Kőbánya-Kispest", "legkozelebbi_metro": "", "legkozelebbi_villamos": "Kossuth tér", "legkozelebbi_busz": "Újhegyi út", "legkozelebbi_park": "Névtelen zöldfelület / park", "legkozelebbi_kotottpalya_tipus": "vasut" }, "geometry": { "type": "Point", "coordinates": [ 19.159763, 47.46319 ] } },
{ "type": "Feature", "properties": { "listing_id": "35192811", "listing_type": "elado", "cim_teljes": "Budapest X. kerület, Harmat utca 180.", "varosresz": "Újhegy", "price_huf": 77000000.0, "ar_millio_ft": 77.0, "ar_ezer_ft_ho": 77000.0, "nm_ar_huf": 1132352.9411764706, "log_ar": 18.159315979817958, "log_nm_ar": 13.939808274641852, "is_ar_outlier": 0, "alapterulet_nm": 68.0, "korrigalt_alapterulet_nm": 69.5, "szobaszam_osszes": 3.0, "allapot_kod": 3, "is_felujitando": 0, "is_ujszeru_vagy_uj": 0, "is_panel": 1, "is_tegla": 0, "has_lift": 0, "has_klima": 0, "has_erkely": 1, "is_foldszint": 0, "is_zaroszint": 0, "epulet_kora_ev": null, "geokodolt_lat": 47.472444, "geokodolt_lon": 19.162763, "minta_garantalt_pontos": 1, "tavolsag_vasut_m": 863.9, "vasut_zona": "500-1000 m", "is_vasut_immisszio_150m": 0, "tavolsag_vasut_halozati_m": 1701.4, "menetido_vasut_gyalog_perc": 22.7, "vasut_5p_seta": 0, "vasut_10p_seta": 0, "vasut_15p_seta": 0, "url": "https://ingatlan.com/35192811", "title": "Eladó panel lakás - Budapest X. kerület, Harmat utca 180. #35192811", "postal_code": "1108", "varos": "Budapest", "utca": "Harmat utca", "hazszam_vegleges": "180", "allapot": "nincs megadva", "ingatlan_altipus": "Panel lakás", "epites_eve": null, "epites_eve_kategoria": "Ismeretlen", "erkely_nm": 3.0, "szobaszam_egesz": 3.0, "szobaszam_fel": 0.0, "szobaszam_kategoria": "3 szoba", "atlagos_szobameret_nm": 22.666666666666668, "emelet": "nincs megadva", "emelet_szam": null, "epulet_szintjei_szam": null, "is_magas_emelet_lift_nelkul": 0, "futes": "nincs megadva", "futes_kategoria": null, "has_tavfutes": 0, "has_konvektor": 0, "has_megujulo": 0, "has_garazs_vagy_beallo": 0, "energetikai_tanusitvany": "nincs megadva", "butorozott": null, "koltozheto": null, "min_berleti_ido": null, "kertkapcsolatos": "nincs megadva", "kozos_koltseg_huf": null, "rezsikoltseg_huf": null, "hirdeto_tipus": "Ingatlaniroda", "iroda_neve": null, "leiras_hossz": 409.0, "fenykepek_szama": 2.0, "geokodolas_modszere": null, "geokodolas_pontossag": null, "price_eur": null, "nm_ar_eur": null, "kozos_koltseg_eur": null, "rezsikoltseg_eur": null, "kaucio_eur": null, "tavolsag_metro_halozati_m": 1707.3, "metro_5p_seta": 0, "metro_10p_seta": 0, "metro_15p_seta": 0, "tavolsag_villamos_halozati_m": 759.4, "villamos_5p_seta": 0, "villamos_10p_seta": 0, "villamos_15p_seta": 1, "tavolsag_busz_halozati_m": 114.6, "busz_5p_seta": 1, "busz_10p_seta": 1, "tavolsag_kotottpalya_halozati_m": 759.4, "kotottpalya_5p_seta": 0, "kotottpalya_10p_seta": 0, "kotottpalya_15p_seta": 1, "tavolsag_park_halozati_m": 777.5, "park_5p_seta": 0, "park_10p_seta": 0, "park_15p_seta": 1, "poi_5p_count": 10.0, "poi_10p_count": 29.0, "poi_15p_count": 61.0, "tavolsag_iskola_halozati_m": null, "iskola_5p_seta": 0, "iskola_10p_seta": 0, "iskola_15p_seta": 0, "tavolsag_ovoda_halozati_m": null, "ovoda_5p_seta": 0, "ovoda_10p_seta": 0, "ovoda_15p_seta": 0, "tavolsag_bolt_halozati_m": 186.9, "bolt_5p_seta": 1, "bolt_10p_seta": 1, "bolt_15p_seta": 1, "tavolsag_gyogyszertar_halozati_m": 329.5, "gyogyszertar_5p_seta": 1, "gyogyszertar_10p_seta": 1, "gyogyszertar_15p_seta": 1, "tavolsag_orvos_halozati_m": 978.3, "orvos_5p_seta": 0, "orvos_10p_seta": 0, "orvos_15p_seta": 1, "legkozelebbi_vasut": "Kőbánya-Kispest", "legkozelebbi_metro": "", "legkozelebbi_villamos": "Venyige utca", "legkozelebbi_busz": "Sibrik Miklós út", "legkozelebbi_park": "Újhegy park", "legkozelebbi_kotottpalya_tipus": "villamos" }, "geometry": { "type": "Point", "coordinates": [ 19.162763, 47.472444 ] } },
{ "type": "Feature", "properties": { "listing_id": "35194314", "listing_type": "elado", "cim_teljes": "Budapest X. kerület, Kőbányai út 45.", "varosresz": "Gyárdűlő", "price_huf": 165000000.0, "ar_millio_ft": 165.0, "ar_ezer_ft_ho": 165000.0, "nm_ar_huf": 1513761.4678899082, "log_ar": 18.921456031864853, "log_nm_ar": 14.230108149635711, "is_ar_outlier": 0, "alapterulet_nm": 109.0, "korrigalt_alapterulet_nm": 194.0, "szobaszam_osszes": 4.0, "allapot_kod": 5, "is_felujitando": 0, "is_ujszeru_vagy_uj": 1, "is_panel": 0, "is_tegla": 1, "has_lift": 1, "has_klima": 1, "has_erkely": 1, "is_foldszint": 0, "is_zaroszint": 1, "epulet_kora_ev": 14.0, "geokodolt_lat": 47.483681, "geokodolt_lon": 19.114939, "minta_garantalt_pontos": 1, "tavolsag_vasut_m": 295.0, "vasut_zona": "150-300 m", "is_vasut_immisszio_150m": 0, "tavolsag_vasut_halozati_m": 1034.6, "menetido_vasut_gyalog_perc": 13.8, "vasut_5p_seta": 0, "vasut_10p_seta": 0, "vasut_15p_seta": 1, "url": "https://ingatlan.com/35194314", "title": "Eladó tégla lakás - Budapest X. kerület, Kőbányai út 45. #35194314", "postal_code": "1101", "varos": "Budapest", "utca": "Kőbányai út", "hazszam_vegleges": "45", "allapot": "újszerű", "ingatlan_altipus": "Tégla lakás", "epites_eve": 2012.0, "epites_eve_kategoria": "10-30 év (rendszerváltás utáni)", "erkely_nm": 170.0, "szobaszam_egesz": 4.0, "szobaszam_fel": 0.0, "szobaszam_kategoria": "4+ szoba", "atlagos_szobameret_nm": 27.25, "emelet": "4", "emelet_szam": 4.0, "epulet_szintjei_szam": 4.0, "is_magas_emelet_lift_nelkul": 0, "futes": "gázkazán, házközponti, házközponti egyedi méréssel", "futes_kategoria": null, "has_tavfutes": 0, "has_konvektor": 1, "has_megujulo": 0, "has_garazs_vagy_beallo": 0, "energetikai_tanusitvany": "A", "butorozott": null, "koltozheto": null, "min_berleti_ido": null, "kertkapcsolatos": "nincs megadva", "kozos_koltseg_huf": 65000.0, "rezsikoltseg_huf": 20000.0, "hirdeto_tipus": "Ingatlaniroda", "iroda_neve": null, "leiras_hossz": 2492.0, "fenykepek_szama": 4.0, "geokodolas_modszere": null, "geokodolas_pontossag": null, "price_eur": null, "nm_ar_eur": null, "kozos_koltseg_eur": null, "rezsikoltseg_eur": null, "kaucio_eur": null, "tavolsag_metro_halozati_m": 1877.6, "metro_5p_seta": 0, "metro_10p_seta": 0, "metro_15p_seta": 0, "tavolsag_villamos_halozati_m": 255.8, "villamos_5p_seta": 1, "villamos_10p_seta": 1, "villamos_15p_seta": 1, "tavolsag_busz_halozati_m": 279.0, "busz_5p_seta": 1, "busz_10p_seta": 1, "tavolsag_kotottpalya_halozati_m": 255.8, "kotottpalya_5p_seta": 1, "kotottpalya_10p_seta": 1, "kotottpalya_15p_seta": 1, "tavolsag_park_halozati_m": 521.3, "park_5p_seta": 0, "park_10p_seta": 1, "park_15p_seta": 1, "poi_5p_count": 4.0, "poi_10p_count": 18.0, "poi_15p_count": 52.0, "tavolsag_iskola_halozati_m": 717.4, "iskola_5p_seta": 0, "iskola_10p_seta": 1, "iskola_15p_seta": 1, "tavolsag_ovoda_halozati_m": 1532.4, "ovoda_5p_seta": 0, "ovoda_10p_seta": 0, "ovoda_15p_seta": 0, "tavolsag_bolt_halozati_m": 431.2, "bolt_5p_seta": 0, "bolt_10p_seta": 1, "bolt_15p_seta": 1, "tavolsag_gyogyszertar_halozati_m": 436.2, "gyogyszertar_5p_seta": 0, "gyogyszertar_10p_seta": 1, "gyogyszertar_15p_seta": 1, "tavolsag_orvos_halozati_m": null, "orvos_5p_seta": 0, "orvos_10p_seta": 0, "orvos_15p_seta": 0, "legkozelebbi_vasut": "Kőbánya alsó", "legkozelebbi_metro": "", "legkozelebbi_villamos": "Kismartoni út", "legkozelebbi_busz": "Kismartoni út", "legkozelebbi_park": "Játszótér", "legkozelebbi_kotottpalya_tipus": "villamos" }, "geometry": { "type": "Point", "coordinates": [ 19.114939, 47.483681 ] } },
{ "type": "Feature", "properties": { "listing_id": "35194423", "listing_type": "elado", "cim_teljes": "Budapest X. kerület, Kőbányai út 45.", "varosresz": "Gyárdűlő", "price_huf": 165000000.0, "ar_millio_ft": 165.0, "ar_ezer_ft_ho": 165000.0, "nm_ar_huf": 1500000.0, "log_ar": 18.921456031864853, "log_nm_ar": 14.220975666072439, "is_ar_outlier": 0, "alapterulet_nm": 110.0, "korrigalt_alapterulet_nm": 195.0, "szobaszam_osszes": 4.0, "allapot_kod": 3, "is_felujitando": 0, "is_ujszeru_vagy_uj": 0, "is_panel": 0, "is_tegla": 1, "has_lift": 1, "has_klima": 1, "has_erkely": 1, "is_foldszint": 0, "is_zaroszint": 1, "epulet_kora_ev": 14.0, "geokodolt_lat": 47.483681, "geokodolt_lon": 19.114939, "minta_garantalt_pontos": 1, "tavolsag_vasut_m": 295.0, "vasut_zona": "150-300 m", "is_vasut_immisszio_150m": 0, "tavolsag_vasut_halozati_m": 1034.6, "menetido_vasut_gyalog_perc": 13.8, "vasut_5p_seta": 0, "vasut_10p_seta": 0, "vasut_15p_seta": 1, "url": "https://ingatlan.com/35194423", "title": "Eladó tégla lakás - Budapest X. kerület, Kőbányai út 45. #35194423", "postal_code": "1101", "varos": "Budapest", "utca": "Kőbányai út", "hazszam_vegleges": "45", "allapot": "jó állapotú", "ingatlan_altipus": "Tégla lakás", "epites_eve": 2012.0, "epites_eve_kategoria": "10-30 év (rendszerváltás utáni)", "erkely_nm": 170.0, "szobaszam_egesz": 4.0, "szobaszam_fel": 0.0, "szobaszam_kategoria": "4+ szoba", "atlagos_szobameret_nm": 27.5, "emelet": "4", "emelet_szam": 4.0, "epulet_szintjei_szam": 4.0, "is_magas_emelet_lift_nelkul": 0, "futes": "gázkazán, házközponti egyedi méréssel", "futes_kategoria": null, "has_tavfutes": 0, "has_konvektor": 1, "has_megujulo": 0, "has_garazs_vagy_beallo": 0, "energetikai_tanusitvany": "A", "butorozott": null, "koltozheto": null, "min_berleti_ido": null, "kertkapcsolatos": "nincs megadva", "kozos_koltseg_huf": 65000.0, "rezsikoltseg_huf": 20000.0, "hirdeto_tipus": "Ingatlaniroda", "iroda_neve": null, "leiras_hossz": 1499.0, "fenykepek_szama": 4.0, "geokodolas_modszere": null, "geokodolas_pontossag": null, "price_eur": null, "nm_ar_eur": null, "kozos_koltseg_eur": null, "rezsikoltseg_eur": null, "kaucio_eur": null, "tavolsag_metro_halozati_m": 1877.6, "metro_5p_seta": 0, "metro_10p_seta": 0, "metro_15p_seta": 0, "tavolsag_villamos_halozati_m": 255.8, "villamos_5p_seta": 1, "villamos_10p_seta": 1, "villamos_15p_seta": 1, "tavolsag_busz_halozati_m": 279.0, "busz_5p_seta": 1, "busz_10p_seta": 1, "tavolsag_kotottpalya_halozati_m": 255.8, "kotottpalya_5p_seta": 1, "kotottpalya_10p_seta": 1, "kotottpalya_15p_seta": 1, "tavolsag_park_halozati_m": 521.3, "park_5p_seta": 0, "park_10p_seta": 1, "park_15p_seta": 1, "poi_5p_count": 4.0, "poi_10p_count": 18.0, "poi_15p_count": 52.0, "tavolsag_iskola_halozati_m": 717.4, "iskola_5p_seta": 0, "iskola_10p_seta": 1, "iskola_15p_seta": 1, "tavolsag_ovoda_halozati_m": 1532.4, "ovoda_5p_seta": 0, "ovoda_10p_seta": 0, "ovoda_15p_seta": 0, "tavolsag_bolt_halozati_m": 431.2, "bolt_5p_seta": 0, "bolt_10p_seta": 1, "bolt_15p_seta": 1, "tavolsag_gyogyszertar_halozati_m": 436.2, "gyogyszertar_5p_seta": 0, "gyogyszertar_10p_seta": 1, "gyogyszertar_15p_seta": 1, "tavolsag_orvos_halozati_m": null, "orvos_5p_seta": 0, "orvos_10p_seta": 0, "orvos_15p_seta": 0, "legkozelebbi_vasut": "Kőbánya alsó", "legkozelebbi_metro": "", "legkozelebbi_villamos": "Kismartoni út", "legkozelebbi_busz": "Kismartoni út", "legkozelebbi_park": "Játszótér", "legkozelebbi_kotottpalya_tipus": "villamos" }, "geometry": { "type": "Point", "coordinates": [ 19.114939, 47.483681 ] } },
{ "type": "Feature", "properties": { "listing_id": "35216766", "listing_type": "elado", "cim_teljes": "Budapest X. kerület, Hatház utca 5.", "varosresz": "Felsőrákos", "price_huf": 72900000.0, "ar_millio_ft": 72.9, "ar_ezer_ft_ho": 72900.0, "nm_ar_huf": 1301785.7142857143, "log_ar": 18.104599196978885, "log_nm_ar": 14.079247506243737, "is_ar_outlier": 0, "alapterulet_nm": 56.0, "korrigalt_alapterulet_nm": 56.0, "szobaszam_osszes": 4.0, "allapot_kod": 4, "is_felujitando": 0, "is_ujszeru_vagy_uj": 0, "is_panel": 0, "is_tegla": 1, "has_lift": 0, "has_klima": 1, "has_erkely": 0, "is_foldszint": 0, "is_zaroszint": 1, "epulet_kora_ev": 96.0, "geokodolt_lat": 47.502772, "geokodolt_lon": 19.149202, "minta_garantalt_pontos": 1, "tavolsag_vasut_m": 223.1, "vasut_zona": "150-300 m", "is_vasut_immisszio_150m": 0, "tavolsag_vasut_halozati_m": 463.7, "menetido_vasut_gyalog_perc": 6.2, "vasut_5p_seta": 0, "vasut_10p_seta": 1, "vasut_15p_seta": 1, "url": "https://ingatlan.com/35216766", "title": "Eladó tégla lakás - Budapest X. kerület, Hatház utca 5. #35216766", "postal_code": "1106", "varos": "Budapest", "utca": "Hatház utca", "hazszam_vegleges": "5", "allapot": "felújított", "ingatlan_altipus": "Tégla lakás", "epites_eve": 1930.0, "epites_eve_kategoria": "60+ év (háború előtti)", "erkely_nm": 0.0, "szobaszam_egesz": 4.0, "szobaszam_fel": 0.0, "szobaszam_kategoria": "4+ szoba", "atlagos_szobameret_nm": 14.0, "emelet": "4", "emelet_szam": 4.0, "epulet_szintjei_szam": 4.0, "is_magas_emelet_lift_nelkul": 0, "futes": "gázkazán, hűtő-fűtő klíma", "futes_kategoria": null, "has_tavfutes": 0, "has_konvektor": 1, "has_megujulo": 0, "has_garazs_vagy_beallo": 0, "energetikai_tanusitvany": "D", "butorozott": null, "koltozheto": null, "min_berleti_ido": null, "kertkapcsolatos": "nem", "kozos_koltseg_huf": 24500.0, "rezsikoltseg_huf": 17000.0, "hirdeto_tipus": "Magánszemély", "iroda_neve": null, "leiras_hossz": 702.0, "fenykepek_szama": 4.0, "geokodolas_modszere": null, "geokodolas_pontossag": null, "price_eur": null, "nm_ar_eur": null, "kozos_koltseg_eur": null, "rezsikoltseg_eur": null, "kaucio_eur": null, "tavolsag_metro_halozati_m": 1248.8, "metro_5p_seta": 0, "metro_10p_seta": 0, "metro_15p_seta": 0, "tavolsag_villamos_halozati_m": 1168.1, "villamos_5p_seta": 0, "villamos_10p_seta": 0, "villamos_15p_seta": 0, "tavolsag_busz_halozati_m": 234.3, "busz_5p_seta": 1, "busz_10p_seta": 1, "tavolsag_kotottpalya_halozati_m": 463.7, "kotottpalya_5p_seta": 0, "kotottpalya_10p_seta": 1, "kotottpalya_15p_seta": 1, "tavolsag_park_halozati_m": 221.2, "park_5p_seta": 1, "park_10p_seta": 1, "park_15p_seta": 1, "poi_5p_count": 6.0, "poi_10p_count": 38.0, "poi_15p_count": 72.0, "tavolsag_iskola_halozati_m": 403.5, "iskola_5p_seta": 0, "iskola_10p_seta": 1, "iskola_15p_seta": 1, "tavolsag_ovoda_halozati_m": 672.9, "ovoda_5p_seta": 0, "ovoda_10p_seta": 1, "ovoda_15p_seta": 1, "tavolsag_bolt_halozati_m": 300.2, "bolt_5p_seta": 1, "bolt_10p_seta": 1, "bolt_15p_seta": 1, "tavolsag_gyogyszertar_halozati_m": 533.1, "gyogyszertar_5p_seta": 0, "gyogyszertar_10p_seta": 1, "gyogyszertar_15p_seta": 1, "tavolsag_orvos_halozati_m": 462.3, "orvos_5p_seta": 0, "orvos_10p_seta": 1, "orvos_15p_seta": 1, "legkozelebbi_vasut": "Rákosfalva", "legkozelebbi_metro": "", "legkozelebbi_villamos": "Örs vezér tere M+H", "legkozelebbi_busz": "Gépmadár utca", "legkozelebbi_park": "Kiserdő", "legkozelebbi_kotottpalya_tipus": "vasut" }, "geometry": { "type": "Point", "coordinates": [ 19.149202, 47.502772 ] } },
{ "type": "Feature", "properties": { "listing_id": "35221098", "listing_type": "elado", "cim_teljes": "Budapest X. kerület, Makk utca 7./35.", "varosresz": "Gyárdűlő", "price_huf": 134990000.0, "ar_millio_ft": 134.99, "ar_ezer_ft_ho": 134990.0, "nm_ar_huf": 1569651.1627906978, "log_ar": 18.720711259585009, "log_nm_ar": 14.266363963331502, "is_ar_outlier": 0, "alapterulet_nm": 86.0, "korrigalt_alapterulet_nm": 90.5, "szobaszam_osszes": 4.0, "allapot_kod": 5, "is_felujitando": 0, "is_ujszeru_vagy_uj": 1, "is_panel": 0, "is_tegla": 1, "has_lift": 1, "has_klima": 1, "has_erkely": 1, "is_foldszint": 0, "is_zaroszint": 0, "epulet_kora_ev": 7.0, "geokodolt_lat": 47.474314, "geokodolt_lon": 19.118907, "minta_garantalt_pontos": 1, "tavolsag_vasut_m": 358.0, "vasut_zona": "300-500 m", "is_vasut_immisszio_150m": 0, "tavolsag_vasut_halozati_m": 1355.8, "menetido_vasut_gyalog_perc": 18.1, "vasut_5p_seta": 0, "vasut_10p_seta": 0, "vasut_15p_seta": 0, "url": "https://ingatlan.com/35221098", "title": "Eladó tégla lakás - Budapest X. kerület, Makk utca 7./35. #35221098", "postal_code": "1107", "varos": "Budapest", "utca": "Makk utca", "hazszam_vegleges": "7./35", "allapot": "újszerű", "ingatlan_altipus": "Tégla lakás", "epites_eve": 2019.0, "epites_eve_kategoria": "0-10 év", "erkely_nm": 9.0, "szobaszam_egesz": 4.0, "szobaszam_fel": 0.0, "szobaszam_kategoria": "4+ szoba", "atlagos_szobameret_nm": 21.5, "emelet": "4", "emelet_szam": 4.0, "epulet_szintjei_szam": 5.0, "is_magas_emelet_lift_nelkul": 0, "futes": "házközponti egyedi méréssel, gázkazán", "futes_kategoria": null, "has_tavfutes": 0, "has_konvektor": 1, "has_megujulo": 0, "has_garazs_vagy_beallo": 0, "energetikai_tanusitvany": "nincs megadva", "butorozott": null, "koltozheto": null, "min_berleti_ido": null, "kertkapcsolatos": "nincs megadva", "kozos_koltseg_huf": 30000.0, "rezsikoltseg_huf": null, "hirdeto_tipus": "Ingatlaniroda", "iroda_neve": null, "leiras_hossz": 1346.0, "fenykepek_szama": 2.0, "geokodolas_modszere": null, "geokodolas_pontossag": null, "price_eur": null, "nm_ar_eur": null, "kozos_koltseg_eur": null, "rezsikoltseg_eur": null, "kaucio_eur": null, "tavolsag_metro_halozati_m": 748.5, "metro_5p_seta": 0, "metro_10p_seta": 1, "metro_15p_seta": 1, "tavolsag_villamos_halozati_m": 264.2, "villamos_5p_seta": 1, "villamos_10p_seta": 1, "villamos_15p_seta": 1, "tavolsag_busz_halozati_m": 317.0, "busz_5p_seta": 1, "busz_10p_seta": 1, "tavolsag_kotottpalya_halozati_m": 264.2, "kotottpalya_5p_seta": 1, "kotottpalya_10p_seta": 1, "kotottpalya_15p_seta": 1, "tavolsag_park_halozati_m": 507.1, "park_5p_seta": 0, "park_10p_seta": 1, "park_15p_seta": 1, "poi_5p_count": 6.0, "poi_10p_count": 20.0, "poi_15p_count": 65.0, "tavolsag_iskola_halozati_m": 1370.0, "iskola_5p_seta": 0, "iskola_10p_seta": 0, "iskola_15p_seta": 0, "tavolsag_ovoda_halozati_m": 906.5, "ovoda_5p_seta": 0, "ovoda_10p_seta": 0, "ovoda_15p_seta": 1, "tavolsag_bolt_halozati_m": 486.8, "bolt_5p_seta": 0, "bolt_10p_seta": 1, "bolt_15p_seta": 1, "tavolsag_gyogyszertar_halozati_m": 357.9, "gyogyszertar_5p_seta": 1, "gyogyszertar_10p_seta": 1, "gyogyszertar_15p_seta": 1, "tavolsag_orvos_halozati_m": 1129.9, "orvos_5p_seta": 0, "orvos_10p_seta": 0, "orvos_15p_seta": 0, "legkozelebbi_vasut": "Kőbánya alsó", "legkozelebbi_metro": "", "legkozelebbi_villamos": "Fertő utca / Bihari utca", "legkozelebbi_busz": "Fertő utca / Bihari utca", "legkozelebbi_park": "Kékvirág park", "legkozelebbi_kotottpalya_tipus": "villamos" }, "geometry": { "type": "Point", "coordinates": [ 19.118907, 47.474314 ] } },
{ "type": "Feature", "properties": { "listing_id": "35227234", "listing_type": "elado", "cim_teljes": "Budapest X. kerület, Bihari utca 3.", "varosresz": "Gyárdűlő", "price_huf": 72450000.0, "ar_millio_ft": 72.45, "ar_ezer_ft_ho": 72450.0, "nm_ar_huf": 1168548.3870967743, "log_ar": 18.098407226730966, "log_nm_ar": 13.971272841685874, "is_ar_outlier": 0, "alapterulet_nm": 62.0, "korrigalt_alapterulet_nm": 62.0, "szobaszam_osszes": 3.0, "allapot_kod": 4, "is_felujitando": 0, "is_ujszeru_vagy_uj": 0, "is_panel": 1, "is_tegla": 0, "has_lift": 1, "has_klima": 0, "has_erkely": 0, "is_foldszint": 0, "is_zaroszint": 0, "epulet_kora_ev": 58.0, "geokodolt_lat": 47.472832, "geokodolt_lon": 19.114859, "minta_garantalt_pontos": 1, "tavolsag_vasut_m": 260.3, "vasut_zona": "150-300 m", "is_vasut_immisszio_150m": 0, "tavolsag_vasut_halozati_m": 1669.8, "menetido_vasut_gyalog_perc": 22.3, "vasut_5p_seta": 0, "vasut_10p_seta": 0, "vasut_15p_seta": 0, "url": "https://ingatlan.com/35227234", "title": "Eladó panel lakás - Budapest X. kerület, Bihari utca 3. #35227234", "postal_code": "1107", "varos": "Budapest", "utca": "Bihari utca", "hazszam_vegleges": "3", "allapot": "felújított", "ingatlan_altipus": "Panel lakás", "epites_eve": 1968.0, "epites_eve_kategoria": "30-60 év (panel-korszak)", "erkely_nm": 0.0, "szobaszam_egesz": 3.0, "szobaszam_fel": 0.0, "szobaszam_kategoria": "3 szoba", "atlagos_szobameret_nm": 20.666666666666668, "emelet": "félemelet", "emelet_szam": 0.5, "epulet_szintjei_szam": 10.0, "is_magas_emelet_lift_nelkul": 0, "futes": "házközponti", "futes_kategoria": null, "has_tavfutes": 0, "has_konvektor": 0, "has_megujulo": 0, "has_garazs_vagy_beallo": 0, "energetikai_tanusitvany": "C", "butorozott": null, "koltozheto": null, "min_berleti_ido": null, "kertkapcsolatos": "igen", "kozos_koltseg_huf": 14500.0, "rezsikoltseg_huf": 22450.0, "hirdeto_tipus": "Ingatlaniroda", "iroda_neve": null, "leiras_hossz": 1974.0, "fenykepek_szama": 2.0, "geokodolas_modszere": null, "geokodolas_pontossag": null, "price_eur": null, "nm_ar_eur": null, "kozos_koltseg_eur": null, "rezsikoltseg_eur": null, "kaucio_eur": null, "tavolsag_metro_halozati_m": 427.3, "metro_5p_seta": 0, "metro_10p_seta": 1, "metro_15p_seta": 1, "tavolsag_villamos_halozati_m": 239.8, "villamos_5p_seta": 1, "villamos_10p_seta": 1, "villamos_15p_seta": 1, "tavolsag_busz_halozati_m": 453.2, "busz_5p_seta": 0, "busz_10p_seta": 1, "tavolsag_kotottpalya_halozati_m": 239.8, "kotottpalya_5p_seta": 1, "kotottpalya_10p_seta": 1, "kotottpalya_15p_seta": 1, "tavolsag_park_halozati_m": 123.7, "park_5p_seta": 1, "park_10p_seta": 1, "park_15p_seta": 1, "poi_5p_count": 4.0, "poi_10p_count": 48.0, "poi_15p_count": 87.0, "tavolsag_iskola_halozati_m": 1000.9, "iskola_5p_seta": 0, "iskola_10p_seta": 0, "iskola_15p_seta": 1, "tavolsag_ovoda_halozati_m": 706.3, "ovoda_5p_seta": 0, "ovoda_10p_seta": 1, "ovoda_15p_seta": 1, "tavolsag_bolt_halozati_m": 306.7, "bolt_5p_seta": 1, "bolt_10p_seta": 1, "bolt_15p_seta": 1, "tavolsag_gyogyszertar_halozati_m": 377.8, "gyogyszertar_5p_seta": 0, "gyogyszertar_10p_seta": 1, "gyogyszertar_15p_seta": 1, "tavolsag_orvos_halozati_m": 924.6, "orvos_5p_seta": 0, "orvos_10p_seta": 0, "orvos_15p_seta": 1, "legkozelebbi_vasut": "Kőbánya alsó", "legkozelebbi_metro": "", "legkozelebbi_villamos": "Balkán utca", "legkozelebbi_busz": "Ecseri út M", "legkozelebbi_park": "Kékvirág park", "legkozelebbi_kotottpalya_tipus": "villamos" }, "geometry": { "type": "Point", "coordinates": [ 19.114859, 47.472832 ] } },
{ "type": "Feature", "properties": { "listing_id": "35233389", "listing_type": "elado", "cim_teljes": "Budapest X. kerület, Szent László tér 22.", "varosresz": "Ligettelek", "price_huf": 48000000.0, "ar_millio_ft": 48.0, "ar_ezer_ft_ho": 48000.0, "nm_ar_huf": 1000000.0, "log_ar": 17.686711568872166, "log_nm_ar": 13.815510557964274, "is_ar_outlier": 0, "alapterulet_nm": 48.0, "korrigalt_alapterulet_nm": 48.0, "szobaszam_osszes": 1.0, "allapot_kod": 4, "is_felujitando": 0, "is_ujszeru_vagy_uj": 0, "is_panel": 0, "is_tegla": 1, "has_lift": 0, "has_klima": 0, "has_erkely": 0, "is_foldszint": 0, "is_zaroszint": 0, "epulet_kora_ev": 58.0, "geokodolt_lat": 47.487887, "geokodolt_lon": 19.131851, "minta_garantalt_pontos": 1, "tavolsag_vasut_m": 371.0, "vasut_zona": "300-500 m", "is_vasut_immisszio_150m": 0, "tavolsag_vasut_halozati_m": 710.5, "menetido_vasut_gyalog_perc": 9.5, "vasut_5p_seta": 0, "vasut_10p_seta": 1, "vasut_15p_seta": 1, "url": "https://ingatlan.com/35233389", "title": "Eladó tégla lakás - Budapest X. kerület, Szent László tér 22. #35233389", "postal_code": "1102", "varos": "Budapest", "utca": "Szent László tér", "hazszam_vegleges": "22", "allapot": "felújított", "ingatlan_altipus": "Tégla lakás", "epites_eve": 1968.0, "epites_eve_kategoria": "30-60 év (panel-korszak)", "erkely_nm": 0.0, "szobaszam_egesz": 1.0, "szobaszam_fel": 0.0, "szobaszam_kategoria": "1 szoba", "atlagos_szobameret_nm": 48.0, "emelet": "szuterén", "emelet_szam": -1.0, "epulet_szintjei_szam": 4.0, "is_magas_emelet_lift_nelkul": 0, "futes": "elektromos fűtőpanel", "futes_kategoria": null, "has_tavfutes": 0, "has_konvektor": 0, "has_megujulo": 0, "has_garazs_vagy_beallo": 0, "energetikai_tanusitvany": "nincs megadva", "butorozott": null, "koltozheto": null, "min_berleti_ido": null, "kertkapcsolatos": "nem", "kozos_koltseg_huf": 8000.0, "rezsikoltseg_huf": 12000.0, "hirdeto_tipus": "Ingatlaniroda", "iroda_neve": null, "leiras_hossz": 1545.0, "fenykepek_szama": 4.0, "geokodolas_modszere": null, "geokodolas_pontossag": null, "price_eur": null, "nm_ar_eur": null, "kozos_koltseg_eur": null, "rezsikoltseg_eur": null, "kaucio_eur": null, "tavolsag_metro_halozati_m": null, "metro_5p_seta": 0, "metro_10p_seta": 0, "metro_15p_seta": 0, "tavolsag_villamos_halozati_m": 363.1, "villamos_5p_seta": 1, "villamos_10p_seta": 1, "villamos_15p_seta": 1, "tavolsag_busz_halozati_m": 320.7, "busz_5p_seta": 1, "busz_10p_seta": 1, "tavolsag_kotottpalya_halozati_m": 363.1, "kotottpalya_5p_seta": 1, "kotottpalya_10p_seta": 1, "kotottpalya_15p_seta": 1, "tavolsag_park_halozati_m": 162.4, "park_5p_seta": 1, "park_10p_seta": 1, "park_15p_seta": 1, "poi_5p_count": 7.0, "poi_10p_count": 56.0, "poi_15p_count": 106.0, "tavolsag_iskola_halozati_m": 1171.6, "iskola_5p_seta": 0, "iskola_10p_seta": 0, "iskola_15p_seta": 0, "tavolsag_ovoda_halozati_m": 529.3, "ovoda_5p_seta": 0, "ovoda_10p_seta": 1, "ovoda_15p_seta": 1, "tavolsag_bolt_halozati_m": 407.2, "bolt_5p_seta": 0, "bolt_10p_seta": 1, "bolt_15p_seta": 1, "tavolsag_gyogyszertar_halozati_m": 478.0, "gyogyszertar_5p_seta": 0, "gyogyszertar_10p_seta": 1, "gyogyszertar_15p_seta": 1, "tavolsag_orvos_halozati_m": null, "orvos_5p_seta": 0, "orvos_10p_seta": 0, "orvos_15p_seta": 0, "legkozelebbi_vasut": "Kőbánya felső", "legkozelebbi_metro": "", "legkozelebbi_villamos": "Szent László tér", "legkozelebbi_busz": "Szent László tér", "legkozelebbi_park": "Névtelen zöldfelület / park", "legkozelebbi_kotottpalya_tipus": "villamos" }, "geometry": { "type": "Point", "coordinates": [ 19.131851, 47.487887 ] } },
{ "type": "Feature", "properties": { "listing_id": "35242237", "listing_type": "elado", "cim_teljes": "Budapest X. kerület, Tavas utca 11.", "varosresz": "Újhegy", "price_huf": 109900000.0, "ar_millio_ft": 109.9, "ar_ezer_ft_ho": 109900.0, "nm_ar_huf": 1340243.9024390243, "log_ar": 18.51508141937385, "log_nm_ar": 14.108362172109597, "is_ar_outlier": 0, "alapterulet_nm": 82.0, "korrigalt_alapterulet_nm": 87.0, "szobaszam_osszes": 3.0, "allapot_kod": 6, "is_felujitando": 0, "is_ujszeru_vagy_uj": 1, "is_panel": 0, "is_tegla": 1, "has_lift": 1, "has_klima": 1, "has_erkely": 1, "is_foldszint": 0, "is_zaroszint": 0, "epulet_kora_ev": 0.0, "geokodolt_lat": 47.469764, "geokodolt_lon": 19.166789, "minta_garantalt_pontos": 1, "tavolsag_vasut_m": 1016.9, "vasut_zona": "1000-2000 m", "is_vasut_immisszio_150m": 0, "tavolsag_vasut_halozati_m": 1833.7, "menetido_vasut_gyalog_perc": 24.4, "vasut_5p_seta": 0, "vasut_10p_seta": 0, "vasut_15p_seta": 0, "url": "https://ingatlan.com/35242237", "title": "Eladó tégla lakás - Budapest X. kerület, Tavas utca 11. #35242237", "postal_code": "1108", "varos": "Budapest", "utca": "Tavas utca", "hazszam_vegleges": "11", "allapot": "új építésű", "ingatlan_altipus": "Tégla lakás", "epites_eve": 2026.0, "epites_eve_kategoria": "Új építésű (2025+)", "erkely_nm": 10.0, "szobaszam_egesz": 3.0, "szobaszam_fel": 0.0, "szobaszam_kategoria": "3 szoba", "atlagos_szobameret_nm": 27.333333333333332, "emelet": "2", "emelet_szam": 2.0, "epulet_szintjei_szam": 5.0, "is_magas_emelet_lift_nelkul": 0, "futes": "hőszivattyú, padlófűtés, fan-coil", "futes_kategoria": null, "has_tavfutes": 0, "has_konvektor": 0, "has_megujulo": 1, "has_garazs_vagy_beallo": 0, "energetikai_tanusitvany": "A+", "butorozott": null, "koltozheto": null, "min_berleti_ido": null, "kertkapcsolatos": "nem", "kozos_koltseg_huf": null, "rezsikoltseg_huf": null, "hirdeto_tipus": "Ingatlaniroda", "iroda_neve": null, "leiras_hossz": 2487.0, "fenykepek_szama": 4.0, "geokodolas_modszere": null, "geokodolas_pontossag": null, "price_eur": null, "nm_ar_eur": null, "kozos_koltseg_eur": null, "rezsikoltseg_eur": null, "kaucio_eur": null, "tavolsag_metro_halozati_m": 1839.6, "metro_5p_seta": 0, "metro_10p_seta": 0, "metro_15p_seta": 0, "tavolsag_villamos_halozati_m": 728.5, "villamos_5p_seta": 0, "villamos_10p_seta": 1, "villamos_15p_seta": 1, "tavolsag_busz_halozati_m": 155.3, "busz_5p_seta": 1, "busz_10p_seta": 1, "tavolsag_kotottpalya_halozati_m": 728.5, "kotottpalya_5p_seta": 0, "kotottpalya_10p_seta": 1, "kotottpalya_15p_seta": 1, "tavolsag_park_halozati_m": 411.5, "park_5p_seta": 0, "park_10p_seta": 1, "park_15p_seta": 1, "poi_5p_count": 9.0, "poi_10p_count": 29.0, "poi_15p_count": 51.0, "tavolsag_iskola_halozati_m": null, "iskola_5p_seta": 0, "iskola_10p_seta": 0, "iskola_15p_seta": 0, "tavolsag_ovoda_halozati_m": null, "ovoda_5p_seta": 0, "ovoda_10p_seta": 0, "ovoda_15p_seta": 0, "tavolsag_bolt_halozati_m": 353.1, "bolt_5p_seta": 1, "bolt_10p_seta": 1, "bolt_15p_seta": 1, "tavolsag_gyogyszertar_halozati_m": 430.3, "gyogyszertar_5p_seta": 0, "gyogyszertar_10p_seta": 1, "gyogyszertar_15p_seta": 1, "tavolsag_orvos_halozati_m": 1378.0, "orvos_5p_seta": 0, "orvos_10p_seta": 0, "orvos_15p_seta": 0, "legkozelebbi_vasut": "Kőbánya-Kispest", "legkozelebbi_metro": "", "legkozelebbi_villamos": "Sírkert út", "legkozelebbi_busz": "Tavas utca", "legkozelebbi_park": "Újhegy park", "legkozelebbi_kotottpalya_tipus": "villamos" }, "geometry": { "type": "Point", "coordinates": [ 19.166789, 47.469764 ] } },
{ "type": "Feature", "properties": { "listing_id": "35242248", "listing_type": "elado", "cim_teljes": "Budapest X. kerület, Tavas utca 11.", "varosresz": "Újhegy", "price_huf": 79900000.0, "ar_millio_ft": 79.9, "ar_ezer_ft_ho": 79900.0, "nm_ar_huf": 1536538.4615384615, "log_ar": 18.196286410736501, "log_nm_ar": 14.245042692155076, "is_ar_outlier": 0, "alapterulet_nm": 52.0, "korrigalt_alapterulet_nm": 57.0, "szobaszam_osszes": 2.0, "allapot_kod": 6, "is_felujitando": 0, "is_ujszeru_vagy_uj": 1, "is_panel": 0, "is_tegla": 1, "has_lift": 1, "has_klima": 1, "has_erkely": 1, "is_foldszint": 1, "is_zaroszint": 0, "epulet_kora_ev": 0.0, "geokodolt_lat": 47.469764, "geokodolt_lon": 19.166789, "minta_garantalt_pontos": 1, "tavolsag_vasut_m": 1016.9, "vasut_zona": "1000-2000 m", "is_vasut_immisszio_150m": 0, "tavolsag_vasut_halozati_m": 1833.7, "menetido_vasut_gyalog_perc": 24.4, "vasut_5p_seta": 0, "vasut_10p_seta": 0, "vasut_15p_seta": 0, "url": "https://ingatlan.com/35242248", "title": "Eladó tégla lakás - Budapest X. kerület, Tavas utca 11. #35242248", "postal_code": "1108", "varos": "Budapest", "utca": "Tavas utca", "hazszam_vegleges": "11", "allapot": "új építésű", "ingatlan_altipus": "Tégla lakás", "epites_eve": 2026.0, "epites_eve_kategoria": "Új építésű (2025+)", "erkely_nm": 10.0, "szobaszam_egesz": 2.0, "szobaszam_fel": 0.0, "szobaszam_kategoria": "2 szoba", "atlagos_szobameret_nm": 26.0, "emelet": "földszint", "emelet_szam": 0.0, "epulet_szintjei_szam": 5.0, "is_magas_emelet_lift_nelkul": 0, "futes": "hőszivattyú, padlófűtés, fan-coil", "futes_kategoria": null, "has_tavfutes": 0, "has_konvektor": 0, "has_megujulo": 1, "has_garazs_vagy_beallo": 0, "energetikai_tanusitvany": "A+", "butorozott": null, "koltozheto": null, "min_berleti_ido": null, "kertkapcsolatos": "igen", "kozos_koltseg_huf": null, "rezsikoltseg_huf": null, "hirdeto_tipus": "Ingatlaniroda", "iroda_neve": null, "leiras_hossz": 2494.0, "fenykepek_szama": 4.0, "geokodolas_modszere": null, "geokodolas_pontossag": null, "price_eur": null, "nm_ar_eur": null, "kozos_koltseg_eur": null, "rezsikoltseg_eur": null, "kaucio_eur": null, "tavolsag_metro_halozati_m": 1839.6, "metro_5p_seta": 0, "metro_10p_seta": 0, "metro_15p_seta": 0, "tavolsag_villamos_halozati_m": 728.5, "villamos_5p_seta": 0, "villamos_10p_seta": 1, "villamos_15p_seta": 1, "tavolsag_busz_halozati_m": 155.3, "busz_5p_seta": 1, "busz_10p_seta": 1, "tavolsag_kotottpalya_halozati_m": 728.5, "kotottpalya_5p_seta": 0, "kotottpalya_10p_seta": 1, "kotottpalya_15p_seta": 1, "tavolsag_park_halozati_m": 411.5, "park_5p_seta": 0, "park_10p_seta": 1, "park_15p_seta": 1, "poi_5p_count": 9.0, "poi_10p_count": 29.0, "poi_15p_count": 51.0, "tavolsag_iskola_halozati_m": null, "iskola_5p_seta": 0, "iskola_10p_seta": 0, "iskola_15p_seta": 0, "tavolsag_ovoda_halozati_m": null, "ovoda_5p_seta": 0, "ovoda_10p_seta": 0, "ovoda_15p_seta": 0, "tavolsag_bolt_halozati_m": 353.1, "bolt_5p_seta": 1, "bolt_10p_seta": 1, "bolt_15p_seta": 1, "tavolsag_gyogyszertar_halozati_m": 430.3, "gyogyszertar_5p_seta": 0, "gyogyszertar_10p_seta": 1, "gyogyszertar_15p_seta": 1, "tavolsag_orvos_halozati_m": 1378.0, "orvos_5p_seta": 0, "orvos_10p_seta": 0, "orvos_15p_seta": 0, "legkozelebbi_vasut": "Kőbánya-Kispest", "legkozelebbi_metro": "", "legkozelebbi_villamos": "Sírkert út", "legkozelebbi_busz": "Tavas utca", "legkozelebbi_park": "Újhegy park", "legkozelebbi_kotottpalya_tipus": "villamos" }, "geometry": { "type": "Point", "coordinates": [ 19.166789, 47.469764 ] } },
{ "type": "Feature", "properties": { "listing_id": "35243189", "listing_type": "elado", "cim_teljes": "Budapest X. kerület, Budapest XIX. kerület, Teleki utca 53.", "varosresz": "Kőbánya egyéb", "price_huf": 67400000.0, "ar_millio_ft": 67.4, "ar_ezer_ft_ho": 67400.0, "nm_ar_huf": 1531818.1818181819, "log_ar": 18.026155575882534, "log_nm_ar": 14.241965941964274, "is_ar_outlier": 0, "alapterulet_nm": 44.0, "korrigalt_alapterulet_nm": 46.5, "szobaszam_osszes": 2.0, "allapot_kod": 6, "is_felujitando": 0, "is_ujszeru_vagy_uj": 1, "is_panel": 0, "is_tegla": 1, "has_lift": 1, "has_klima": 1, "has_erkely": 1, "is_foldszint": 0, "is_zaroszint": 0, "epulet_kora_ev": 0.0, "geokodolt_lat": 47.459343, "geokodolt_lon": 19.14849, "minta_garantalt_pontos": 1, "tavolsag_vasut_m": 456.3, "vasut_zona": "300-500 m", "is_vasut_immisszio_150m": 0, "tavolsag_vasut_halozati_m": 760.3, "menetido_vasut_gyalog_perc": 10.1, "vasut_5p_seta": 0, "vasut_10p_seta": 0, "vasut_15p_seta": 1, "url": "https://ingatlan.com/35243189", "title": "Eladó tégla lakás - Budapest XIX. kerület, Teleki utca 53. #35243189", "postal_code": "1191", "varos": "Budapest", "utca": "Budapest XIX. kerület, Teleki utca", "hazszam_vegleges": "53", "allapot": "új építésű", "ingatlan_altipus": "Tégla lakás", "epites_eve": 2027.0, "epites_eve_kategoria": "Új építésű (2025+)", "erkely_nm": 5.0, "szobaszam_egesz": 2.0, "szobaszam_fel": 0.0, "szobaszam_kategoria": "2 szoba", "atlagos_szobameret_nm": 22.0, "emelet": "1", "emelet_szam": 1.0, "epulet_szintjei_szam": 4.0, "is_magas_emelet_lift_nelkul": 0, "futes": "hőszivattyú", "futes_kategoria": null, "has_tavfutes": 0, "has_konvektor": 0, "has_megujulo": 1, "has_garazs_vagy_beallo": 0, "energetikai_tanusitvany": "A+", "butorozott": null, "koltozheto": null, "min_berleti_ido": null, "kertkapcsolatos": "nincs megadva", "kozos_koltseg_huf": null, "rezsikoltseg_huf": null, "hirdeto_tipus": "Ingatlaniroda", "iroda_neve": null, "leiras_hossz": 1280.0, "fenykepek_szama": 4.0, "geokodolas_modszere": null, "geokodolas_pontossag": null, "price_eur": null, "nm_ar_eur": null, "kozos_koltseg_eur": null, "rezsikoltseg_eur": null, "kaucio_eur": null, "tavolsag_metro_halozati_m": 703.5, "metro_5p_seta": 0, "metro_10p_seta": 1, "metro_15p_seta": 1, "tavolsag_villamos_halozati_m": 441.8, "villamos_5p_seta": 0, "villamos_10p_seta": 1, "villamos_15p_seta": 1, "tavolsag_busz_halozati_m": 58.2, "busz_5p_seta": 1, "busz_10p_seta": 1, "tavolsag_kotottpalya_halozati_m": 441.8, "kotottpalya_5p_seta": 0, "kotottpalya_10p_seta": 1, "kotottpalya_15p_seta": 1, "tavolsag_park_halozati_m": 430.7, "park_5p_seta": 0, "park_10p_seta": 1, "park_15p_seta": 1, "poi_5p_count": 2.0, "poi_10p_count": 55.0, "poi_15p_count": 103.0, "tavolsag_iskola_halozati_m": 1109.4, "iskola_5p_seta": 0, "iskola_10p_seta": 0, "iskola_15p_seta": 1, "tavolsag_ovoda_halozati_m": null, "ovoda_5p_seta": 0, "ovoda_10p_seta": 0, "ovoda_15p_seta": 0, "tavolsag_bolt_halozati_m": 209.8, "bolt_5p_seta": 1, "bolt_10p_seta": 1, "bolt_15p_seta": 1, "tavolsag_gyogyszertar_halozati_m": 547.5, "gyogyszertar_5p_seta": 0, "gyogyszertar_10p_seta": 1, "gyogyszertar_15p_seta": 1, "tavolsag_orvos_halozati_m": 1080.5, "orvos_5p_seta": 0, "orvos_10p_seta": 0, "orvos_15p_seta": 1, "legkozelebbi_vasut": "Kőbánya-Kispest", "legkozelebbi_metro": "", "legkozelebbi_villamos": "Fő utca", "legkozelebbi_busz": "Sós utca", "legkozelebbi_park": "Névtelen zöldfelület / park", "legkozelebbi_kotottpalya_tipus": "villamos" }, "geometry": { "type": "Point", "coordinates": [ 19.14849, 47.459343 ] } },
{ "type": "Feature", "properties": { "listing_id": "35253728", "listing_type": "elado", "cim_teljes": "Budapest X. kerület, Újhegyi út 4/B/A.", "varosresz": "Újhegy", "price_huf": 68900000.0, "ar_millio_ft": 68.9, "ar_ezer_ft_ho": 68900.0, "nm_ar_huf": 1602325.5813953488, "log_ar": 18.048166735983887, "log_nm_ar": 14.286966620290325, "is_ar_outlier": 0, "alapterulet_nm": 43.0, "korrigalt_alapterulet_nm": 43.0, "szobaszam_osszes": 2.0, "allapot_kod": 5, "is_felujitando": 0, "is_ujszeru_vagy_uj": 1, "is_panel": 0, "is_tegla": 1, "has_lift": 1, "has_klima": 1, "has_erkely": 0, "is_foldszint": 1, "is_zaroszint": 0, "epulet_kora_ev": 21.0, "geokodolt_lat": 47.46517, "geokodolt_lon": 19.162065, "minta_garantalt_pontos": 1, "tavolsag_vasut_m": 417.4, "vasut_zona": "300-500 m", "is_vasut_immisszio_150m": 0, "tavolsag_vasut_halozati_m": 1344.4, "menetido_vasut_gyalog_perc": 17.9, "vasut_5p_seta": 0, "vasut_10p_seta": 0, "vasut_15p_seta": 0, "url": "https://ingatlan.com/35253728", "title": "Eladó tégla lakás - Budapest X. kerület, Újhegyi út 4/B/A #35253728", "postal_code": "1108", "varos": "Budapest", "utca": "Újhegyi út", "hazszam_vegleges": "4/B/A", "allapot": "újszerű", "ingatlan_altipus": "Tégla lakás", "epites_eve": 2005.0, "epites_eve_kategoria": "10-30 év (rendszerváltás utáni)", "erkely_nm": 0.0, "szobaszam_egesz": 2.0, "szobaszam_fel": 0.0, "szobaszam_kategoria": "2 szoba", "atlagos_szobameret_nm": 21.5, "emelet": "földszint", "emelet_szam": 0.0, "epulet_szintjei_szam": 4.0, "is_magas_emelet_lift_nelkul": 0, "futes": "házközponti egyedi méréssel, hűtő-fűtő klíma", "futes_kategoria": null, "has_tavfutes": 0, "has_konvektor": 0, "has_megujulo": 0, "has_garazs_vagy_beallo": 0, "energetikai_tanusitvany": "nincs megadva", "butorozott": null, "koltozheto": null, "min_berleti_ido": null, "kertkapcsolatos": "nem", "kozos_koltseg_huf": 13000.0, "rezsikoltseg_huf": 40000.0, "hirdeto_tipus": "Ingatlaniroda", "iroda_neve": null, "leiras_hossz": 2614.0, "fenykepek_szama": 2.0, "geokodolas_modszere": null, "geokodolas_pontossag": null, "price_eur": null, "nm_ar_eur": null, "kozos_koltseg_eur": null, "rezsikoltseg_eur": null, "kaucio_eur": null, "tavolsag_metro_halozati_m": 1350.3, "metro_5p_seta": 0, "metro_10p_seta": 0, "metro_15p_seta": 0, "tavolsag_villamos_halozati_m": 1494.4, "villamos_5p_seta": 0, "villamos_10p_seta": 0, "villamos_15p_seta": 0, "tavolsag_busz_halozati_m": 124.6, "busz_5p_seta": 1, "busz_10p_seta": 1, "tavolsag_kotottpalya_halozati_m": 1344.4, "kotottpalya_5p_seta": 0, "kotottpalya_10p_seta": 0, "kotottpalya_15p_seta": 0, "tavolsag_park_halozati_m": 506.9, "park_5p_seta": 0, "park_10p_seta": 1, "park_15p_seta": 1, "poi_5p_count": 5.0, "poi_10p_count": 21.0, "poi_15p_count": 47.0, "tavolsag_iskola_halozati_m": null, "iskola_5p_seta": 0, "iskola_10p_seta": 0, "iskola_15p_seta": 0, "tavolsag_ovoda_halozati_m": null, "ovoda_5p_seta": 0, "ovoda_10p_seta": 0, "ovoda_15p_seta": 0, "tavolsag_bolt_halozati_m": 639.3, "bolt_5p_seta": 0, "bolt_10p_seta": 1, "bolt_15p_seta": 1, "tavolsag_gyogyszertar_halozati_m": 554.7, "gyogyszertar_5p_seta": 0, "gyogyszertar_10p_seta": 1, "gyogyszertar_15p_seta": 1, "tavolsag_orvos_halozati_m": 2029.0, "orvos_5p_seta": 0, "orvos_10p_seta": 0, "orvos_15p_seta": 0, "legkozelebbi_vasut": "Kőbánya-Kispest", "legkozelebbi_metro": "", "legkozelebbi_villamos": "Sírkert út", "legkozelebbi_busz": "Bányató utca", "legkozelebbi_park": "Újhegy park", "legkozelebbi_kotottpalya_tipus": "vasut" }, "geometry": { "type": "Point", "coordinates": [ 19.162065, 47.46517 ] } },
{ "type": "Feature", "properties": { "listing_id": "35257704", "listing_type": "elado", "cim_teljes": "Budapest X. kerület, Gém utca 2/B.", "varosresz": "Gyárdűlő", "price_huf": 139900000.0, "ar_millio_ft": 139.9, "ar_ezer_ft_ho": 139900.0, "nm_ar_huf": 1727160.4938271604, "log_ar": 18.756438439635708, "log_nm_ar": 14.36198928496327, "is_ar_outlier": 0, "alapterulet_nm": 81.0, "korrigalt_alapterulet_nm": 85.5, "szobaszam_osszes": 4.0, "allapot_kod": 5, "is_felujitando": 0, "is_ujszeru_vagy_uj": 1, "is_panel": 0, "is_tegla": 1, "has_lift": 1, "has_klima": 1, "has_erkely": 1, "is_foldszint": 1, "is_zaroszint": 0, "epulet_kora_ev": 7.0, "geokodolt_lat": 47.47209, "geokodolt_lon": 19.122273, "minta_garantalt_pontos": 1, "tavolsag_vasut_m": 406.2, "vasut_zona": "300-500 m", "is_vasut_immisszio_150m": 0, "tavolsag_vasut_halozati_m": 1752.9, "menetido_vasut_gyalog_perc": 23.4, "vasut_5p_seta": 0, "vasut_10p_seta": 0, "vasut_15p_seta": 0, "url": "https://ingatlan.com/35257704", "title": "Eladó tégla lakás - Budapest X. kerület, Gém utca 2/B #35257704", "postal_code": "1107", "varos": "Budapest", "utca": "Gém utca", "hazszam_vegleges": "2/B", "allapot": "újszerű", "ingatlan_altipus": "Tégla lakás", "epites_eve": 2019.0, "epites_eve_kategoria": "0-10 év", "erkely_nm": 9.0, "szobaszam_egesz": 4.0, "szobaszam_fel": 0.0, "szobaszam_kategoria": "4+ szoba", "atlagos_szobameret_nm": 20.25, "emelet": "földszint", "emelet_szam": 0.0, "epulet_szintjei_szam": 7.0, "is_magas_emelet_lift_nelkul": 0, "futes": "házközponti egyedi méréssel, hűtő-fűtő klíma", "futes_kategoria": null, "has_tavfutes": 0, "has_konvektor": 0, "has_megujulo": 0, "has_garazs_vagy_beallo": 0, "energetikai_tanusitvany": "A", "butorozott": null, "koltozheto": null, "min_berleti_ido": null, "kertkapcsolatos": "igen", "kozos_koltseg_huf": 41000.0, "rezsikoltseg_huf": null, "hirdeto_tipus": "Ingatlaniroda", "iroda_neve": null, "leiras_hossz": 2667.0, "fenykepek_szama": 4.0, "geokodolas_modszere": null, "geokodolas_pontossag": null, "price_eur": null, "nm_ar_eur": null, "kozos_koltseg_eur": null, "rezsikoltseg_eur": null, "kaucio_eur": null, "tavolsag_metro_halozati_m": 671.7, "metro_5p_seta": 0, "metro_10p_seta": 1, "metro_15p_seta": 1, "tavolsag_villamos_halozati_m": 647.8, "villamos_5p_seta": 0, "villamos_10p_seta": 1, "villamos_15p_seta": 1, "tavolsag_busz_halozati_m": 250.7, "busz_5p_seta": 1, "busz_10p_seta": 1, "tavolsag_kotottpalya_halozati_m": 647.8, "kotottpalya_5p_seta": 0, "kotottpalya_10p_seta": 1, "kotottpalya_15p_seta": 1, "tavolsag_park_halozati_m": 328.0, "park_5p_seta": 1, "park_10p_seta": 1, "park_15p_seta": 1, "poi_5p_count": 3.0, "poi_10p_count": 24.0, "poi_15p_count": 69.0, "tavolsag_iskola_halozati_m": 1456.4, "iskola_5p_seta": 0, "iskola_10p_seta": 0, "iskola_15p_seta": 0, "tavolsag_ovoda_halozati_m": 421.8, "ovoda_5p_seta": 0, "ovoda_10p_seta": 1, "ovoda_15p_seta": 1, "tavolsag_bolt_halozati_m": 570.4, "bolt_5p_seta": 0, "bolt_10p_seta": 1, "bolt_15p_seta": 1, "tavolsag_gyogyszertar_halozati_m": 447.7, "gyogyszertar_5p_seta": 0, "gyogyszertar_10p_seta": 1, "gyogyszertar_15p_seta": 1, "tavolsag_orvos_halozati_m": 1058.0, "orvos_5p_seta": 0, "orvos_10p_seta": 0, "orvos_15p_seta": 1, "legkozelebbi_vasut": "Kőbánya alsó", "legkozelebbi_metro": "", "legkozelebbi_villamos": "Balkán utca", "legkozelebbi_busz": "Hizlaló tér", "legkozelebbi_park": "Névtelen zöldfelület / park", "legkozelebbi_kotottpalya_tipus": "villamos" }, "geometry": { "type": "Point", "coordinates": [ 19.122273, 47.47209 ] } },
{ "type": "Feature", "properties": { "listing_id": "35258428", "listing_type": "elado", "cim_teljes": "Budapest X. kerület, Tavas utca 11.", "varosresz": "Újhegy", "price_huf": 104900000.0, "ar_millio_ft": 104.9, "ar_ezer_ft_ho": 104900.0, "nm_ar_huf": 1691935.4838709678, "log_ar": 18.468518073366525, "log_nm_ar": 14.341383688321434, "is_ar_outlier": 0, "alapterulet_nm": 62.0, "korrigalt_alapterulet_nm": 99.5, "szobaszam_osszes": 3.0, "allapot_kod": 6, "is_felujitando": 0, "is_ujszeru_vagy_uj": 1, "is_panel": 0, "is_tegla": 1, "has_lift": 1, "has_klima": 1, "has_erkely": 1, "is_foldszint": 0, "is_zaroszint": 0, "epulet_kora_ev": 0.0, "geokodolt_lat": 47.469764, "geokodolt_lon": 19.166789, "minta_garantalt_pontos": 1, "tavolsag_vasut_m": 1016.9, "vasut_zona": "1000-2000 m", "is_vasut_immisszio_150m": 0, "tavolsag_vasut_halozati_m": 1833.7, "menetido_vasut_gyalog_perc": 24.4, "vasut_5p_seta": 0, "vasut_10p_seta": 0, "vasut_15p_seta": 0, "url": "https://ingatlan.com/35258428", "title": "Eladó tégla lakás - Budapest X. kerület, Tavas utca 11. #35258428", "postal_code": "1108", "varos": "Budapest", "utca": "Tavas utca", "hazszam_vegleges": "11", "allapot": "új építésű", "ingatlan_altipus": "Tégla lakás", "epites_eve": 2026.0, "epites_eve_kategoria": "Új építésű (2025+)", "erkely_nm": 75.0, "szobaszam_egesz": 3.0, "szobaszam_fel": 0.0, "szobaszam_kategoria": "3 szoba", "atlagos_szobameret_nm": 20.666666666666668, "emelet": "4", "emelet_szam": 4.0, "epulet_szintjei_szam": 5.0, "is_magas_emelet_lift_nelkul": 0, "futes": "hőszivattyú, padlófűtés, fan-coil", "futes_kategoria": null, "has_tavfutes": 0, "has_konvektor": 0, "has_megujulo": 1, "has_garazs_vagy_beallo": 0, "energetikai_tanusitvany": "A+", "butorozott": null, "koltozheto": null, "min_berleti_ido": null, "kertkapcsolatos": "nem", "kozos_koltseg_huf": null, "rezsikoltseg_huf": null, "hirdeto_tipus": "Ingatlaniroda", "iroda_neve": null, "leiras_hossz": 2449.0, "fenykepek_szama": 4.0, "geokodolas_modszere": null, "geokodolas_pontossag": null, "price_eur": null, "nm_ar_eur": null, "kozos_koltseg_eur": null, "rezsikoltseg_eur": null, "kaucio_eur": null, "tavolsag_metro_halozati_m": 1839.6, "metro_5p_seta": 0, "metro_10p_seta": 0, "metro_15p_seta": 0, "tavolsag_villamos_halozati_m": 728.5, "villamos_5p_seta": 0, "villamos_10p_seta": 1, "villamos_15p_seta": 1, "tavolsag_busz_halozati_m": 155.3, "busz_5p_seta": 1, "busz_10p_seta": 1, "tavolsag_kotottpalya_halozati_m": 728.5, "kotottpalya_5p_seta": 0, "kotottpalya_10p_seta": 1, "kotottpalya_15p_seta": 1, "tavolsag_park_halozati_m": 411.5, "park_5p_seta": 0, "park_10p_seta": 1, "park_15p_seta": 1, "poi_5p_count": 9.0, "poi_10p_count": 29.0, "poi_15p_count": 51.0, "tavolsag_iskola_halozati_m": null, "iskola_5p_seta": 0, "iskola_10p_seta": 0, "iskola_15p_seta": 0, "tavolsag_ovoda_halozati_m": null, "ovoda_5p_seta": 0, "ovoda_10p_seta": 0, "ovoda_15p_seta": 0, "tavolsag_bolt_halozati_m": 353.1, "bolt_5p_seta": 1, "bolt_10p_seta": 1, "bolt_15p_seta": 1, "tavolsag_gyogyszertar_halozati_m": 430.3, "gyogyszertar_5p_seta": 0, "gyogyszertar_10p_seta": 1, "gyogyszertar_15p_seta": 1, "tavolsag_orvos_halozati_m": 1378.0, "orvos_5p_seta": 0, "orvos_10p_seta": 0, "orvos_15p_seta": 0, "legkozelebbi_vasut": "Kőbánya-Kispest", "legkozelebbi_metro": "", "legkozelebbi_villamos": "Sírkert út", "legkozelebbi_busz": "Tavas utca", "legkozelebbi_park": "Újhegy park", "legkozelebbi_kotottpalya_tipus": "villamos" }, "geometry": { "type": "Point", "coordinates": [ 19.166789, 47.469764 ] } },
{ "type": "Feature", "properties": { "listing_id": "35259299", "listing_type": "elado", "cim_teljes": "Budapest X. kerület, Kápolna utca 21.", "varosresz": "Kőbánya-Városközpont", "price_huf": 62000000.0, "ar_millio_ft": 62.0, "ar_ezer_ft_ho": 62000.0, "nm_ar_huf": 911764.70588235289, "log_ar": 17.942644943009366, "log_nm_ar": 13.723137237833258, "is_ar_outlier": 0, "alapterulet_nm": 68.0, "korrigalt_alapterulet_nm": 68.0, "szobaszam_osszes": 3.0, "allapot_kod": 2, "is_felujitando": 1, "is_ujszeru_vagy_uj": 0, "is_panel": 1, "is_tegla": 0, "has_lift": 1, "has_klima": 0, "has_erkely": 0, "is_foldszint": 0, "is_zaroszint": 0, "epulet_kora_ev": 38.0, "geokodolt_lat": 47.481444, "geokodolt_lon": 19.13165, "minta_garantalt_pontos": 1, "tavolsag_vasut_m": 218.9, "vasut_zona": "150-300 m", "is_vasut_immisszio_150m": 0, "tavolsag_vasut_halozati_m": 479.4, "menetido_vasut_gyalog_perc": 6.4, "vasut_5p_seta": 0, "vasut_10p_seta": 1, "vasut_15p_seta": 1, "url": "https://ingatlan.com/35259299", "title": "Eladó panel lakás - Budapest X. kerület, Kápolna utca 21. #35259299", "postal_code": "1102", "varos": "Budapest", "utca": "Kápolna utca", "hazszam_vegleges": "21", "allapot": "közepes állapotú", "ingatlan_altipus": "Panel lakás", "epites_eve": 1988.0, "epites_eve_kategoria": "30-60 év (panel-korszak)", "erkely_nm": 0.0, "szobaszam_egesz": 3.0, "szobaszam_fel": 0.0, "szobaszam_kategoria": "3 szoba", "atlagos_szobameret_nm": 22.666666666666668, "emelet": "6", "emelet_szam": 6.0, "epulet_szintjei_szam": 10.0, "is_magas_emelet_lift_nelkul": 0, "futes": "távfűtés", "futes_kategoria": null, "has_tavfutes": 1, "has_konvektor": 0, "has_megujulo": 0, "has_garazs_vagy_beallo": 0, "energetikai_tanusitvany": "nincs megadva", "butorozott": null, "koltozheto": null, "min_berleti_ido": null, "kertkapcsolatos": "nincs megadva", "kozos_koltseg_huf": 18000.0, "rezsikoltseg_huf": null, "hirdeto_tipus": "Ingatlaniroda", "iroda_neve": null, "leiras_hossz": 486.0, "fenykepek_szama": 4.0, "geokodolas_modszere": null, "geokodolas_pontossag": null, "price_eur": null, "nm_ar_eur": null, "kozos_koltseg_eur": null, "rezsikoltseg_eur": null, "kaucio_eur": null, "tavolsag_metro_halozati_m": 2110.4, "metro_5p_seta": 0, "metro_10p_seta": 0, "metro_15p_seta": 0, "tavolsag_villamos_halozati_m": 191.0, "villamos_5p_seta": 1, "villamos_10p_seta": 1, "villamos_15p_seta": 1, "tavolsag_busz_halozati_m": 147.0, "busz_5p_seta": 1, "busz_10p_seta": 1, "tavolsag_kotottpalya_halozati_m": 191.0, "kotottpalya_5p_seta": 1, "kotottpalya_10p_seta": 1, "kotottpalya_15p_seta": 1, "tavolsag_park_halozati_m": 249.4, "park_5p_seta": 1, "park_10p_seta": 1, "park_15p_seta": 1, "poi_5p_count": 20.0, "poi_10p_count": 71.0, "poi_15p_count": 111.0, "tavolsag_iskola_halozati_m": 653.0, "iskola_5p_seta": 0, "iskola_10p_seta": 1, "iskola_15p_seta": 1, "tavolsag_ovoda_halozati_m": 1107.2, "ovoda_5p_seta": 0, "ovoda_10p_seta": 0, "ovoda_15p_seta": 1, "tavolsag_bolt_halozati_m": 86.0, "bolt_5p_seta": 1, "bolt_10p_seta": 1, "bolt_15p_seta": 1, "tavolsag_gyogyszertar_halozati_m": 354.4, "gyogyszertar_5p_seta": 1, "gyogyszertar_10p_seta": 1, "gyogyszertar_15p_seta": 1, "tavolsag_orvos_halozati_m": null, "orvos_5p_seta": 0, "orvos_10p_seta": 0, "orvos_15p_seta": 0, "legkozelebbi_vasut": "Kőbánya alsó", "legkozelebbi_metro": "Határ út", "legkozelebbi_villamos": "Kőbánya alsó vasútállomás (Kápolna utca)", "legkozelebbi_busz": "Kápolna utca", "legkozelebbi_park": "Névtelen zöldfelület / park", "legkozelebbi_kotottpalya_tipus": "villamos" }, "geometry": { "type": "Point", "coordinates": [ 19.13165, 47.481444 ] } },
{ "type": "Feature", "properties": { "listing_id": "35266770", "listing_type": "elado", "cim_teljes": "Budapest X. kerület, Hungária körút 5-7.", "varosresz": "Laposdűlő", "price_huf": 73000000.0, "ar_millio_ft": 73.0, "ar_ezer_ft_ho": 73000.0, "nm_ar_huf": 1013888.8888888889, "log_ar": 18.105969999112666, "log_nm_ar": 13.82930388009661, "is_ar_outlier": 0, "alapterulet_nm": 72.0, "korrigalt_alapterulet_nm": 74.0, "szobaszam_osszes": 3.0, "allapot_kod": 3, "is_felujitando": 0, "is_ujszeru_vagy_uj": 0, "is_panel": 1, "is_tegla": 0, "has_lift": 1, "has_klima": 1, "has_erkely": 1, "is_foldszint": 0, "is_zaroszint": 0, "epulet_kora_ev": 38.0, "geokodolt_lat": 47.491796, "geokodolt_lon": 19.109243, "minta_garantalt_pontos": 1, "tavolsag_vasut_m": 369.0, "vasut_zona": "300-500 m", "is_vasut_immisszio_150m": 0, "tavolsag_vasut_halozati_m": null, "menetido_vasut_gyalog_perc": null, "vasut_5p_seta": 0, "vasut_10p_seta": 0, "vasut_15p_seta": 0, "url": "https://ingatlan.com/35266770", "title": "Eladó panel lakás - Budapest X. kerület, Hungária körút 5-7. #35266770", "postal_code": "1101", "varos": "Budapest", "utca": "Hungária körút", "hazszam_vegleges": "5-7", "allapot": "jó állapotú", "ingatlan_altipus": "Panel lakás", "epites_eve": 1988.0, "epites_eve_kategoria": "30-60 év (panel-korszak)", "erkely_nm": 4.0, "szobaszam_egesz": 3.0, "szobaszam_fel": 0.0, "szobaszam_kategoria": "3 szoba", "atlagos_szobameret_nm": 24.0, "emelet": "7", "emelet_szam": 7.0, "epulet_szintjei_szam": 10.0, "is_magas_emelet_lift_nelkul": 0, "futes": "távfűtés", "futes_kategoria": null, "has_tavfutes": 1, "has_konvektor": 0, "has_megujulo": 0, "has_garazs_vagy_beallo": 0, "energetikai_tanusitvany": "nincs megadva", "butorozott": null, "koltozheto": null, "min_berleti_ido": null, "kertkapcsolatos": "nincs megadva", "kozos_koltseg_huf": 20000.0, "rezsikoltseg_huf": null, "hirdeto_tipus": "Ingatlaniroda", "iroda_neve": null, "leiras_hossz": 656.0, "fenykepek_szama": 4.0, "geokodolas_modszere": null, "geokodolas_pontossag": null, "price_eur": null, "nm_ar_eur": null, "kozos_koltseg_eur": null, "rezsikoltseg_eur": null, "kaucio_eur": null, "tavolsag_metro_halozati_m": 1037.0, "metro_5p_seta": 0, "metro_10p_seta": 0, "metro_15p_seta": 1, "tavolsag_villamos_halozati_m": 119.5, "villamos_5p_seta": 1, "villamos_10p_seta": 1, "villamos_15p_seta": 1, "tavolsag_busz_halozati_m": 120.8, "busz_5p_seta": 1, "busz_10p_seta": 1, "tavolsag_kotottpalya_halozati_m": 119.5, "kotottpalya_5p_seta": 1, "kotottpalya_10p_seta": 1, "kotottpalya_15p_seta": 1, "tavolsag_park_halozati_m": 434.0, "park_5p_seta": 0, "park_10p_seta": 1, "park_15p_seta": 1, "poi_5p_count": 11.0, "poi_10p_count": 30.0, "poi_15p_count": 68.0, "tavolsag_iskola_halozati_m": 940.9, "iskola_5p_seta": 0, "iskola_10p_seta": 0, "iskola_15p_seta": 1, "tavolsag_ovoda_halozati_m": 978.5, "ovoda_5p_seta": 0, "ovoda_10p_seta": 0, "ovoda_15p_seta": 1, "tavolsag_bolt_halozati_m": 145.2, "bolt_5p_seta": 1, "bolt_10p_seta": 1, "bolt_15p_seta": 1, "tavolsag_gyogyszertar_halozati_m": 209.2, "gyogyszertar_5p_seta": 1, "gyogyszertar_10p_seta": 1, "gyogyszertar_15p_seta": 1, "tavolsag_orvos_halozati_m": 1055.5, "orvos_5p_seta": 0, "orvos_10p_seta": 0, "orvos_15p_seta": 1, "legkozelebbi_vasut": "", "legkozelebbi_metro": "", "legkozelebbi_villamos": "Hidegkuti Nándor Stadion", "legkozelebbi_busz": "Hidegkuti Nándor Stadion", "legkozelebbi_park": "Tbiliszi tér", "legkozelebbi_kotottpalya_tipus": "villamos" }, "geometry": { "type": "Point", "coordinates": [ 19.109243, 47.491796 ] } },
{ "type": "Feature", "properties": { "listing_id": "35273643", "listing_type": "elado", "cim_teljes": "Budapest X. kerület, Előd utca 4.", "varosresz": "Kőbánya-Városközpont", "price_huf": 76000000.0, "ar_millio_ft": 76.0, "ar_ezer_ft_ho": 76000.0, "nm_ar_huf": 1357142.857142857, "log_ar": 18.146243898250606, "log_nm_ar": 14.120892207515455, "is_ar_outlier": 0, "alapterulet_nm": 56.0, "korrigalt_alapterulet_nm": 58.0, "szobaszam_osszes": 2.0, "allapot_kod": 4, "is_felujitando": 0, "is_ujszeru_vagy_uj": 0, "is_panel": 0, "is_tegla": 0, "has_lift": 1, "has_klima": 1, "has_erkely": 1, "is_foldszint": 0, "is_zaroszint": 0, "epulet_kora_ev": null, "geokodolt_lat": 47.487561, "geokodolt_lon": 19.135446, "minta_garantalt_pontos": 1, "tavolsag_vasut_m": 429.9, "vasut_zona": "300-500 m", "is_vasut_immisszio_150m": 0, "tavolsag_vasut_halozati_m": 692.9, "menetido_vasut_gyalog_perc": 9.2, "vasut_5p_seta": 0, "vasut_10p_seta": 1, "vasut_15p_seta": 1, "url": "https://ingatlan.com/35273643", "title": "Eladó csúsztatott zsalus - Budapest X. kerület, Előd utca 4. #35273643", "postal_code": "1105", "varos": "Budapest", "utca": "Előd utca", "hazszam_vegleges": "4", "allapot": "felújított", "ingatlan_altipus": "Csúsztatott zsalus lakás", "epites_eve": null, "epites_eve_kategoria": "Ismeretlen", "erkely_nm": 4.0, "szobaszam_egesz": 2.0, "szobaszam_fel": 0.0, "szobaszam_kategoria": "2 szoba", "atlagos_szobameret_nm": 28.0, "emelet": "4", "emelet_szam": 4.0, "epulet_szintjei_szam": null, "is_magas_emelet_lift_nelkul": 0, "futes": "távfűtés", "futes_kategoria": null, "has_tavfutes": 1, "has_konvektor": 0, "has_megujulo": 0, "has_garazs_vagy_beallo": 0, "energetikai_tanusitvany": "nincs megadva", "butorozott": null, "koltozheto": null, "min_berleti_ido": null, "kertkapcsolatos": "nincs megadva", "kozos_koltseg_huf": null, "rezsikoltseg_huf": null, "hirdeto_tipus": "Ingatlaniroda", "iroda_neve": null, "leiras_hossz": 1456.0, "fenykepek_szama": 4.0, "geokodolas_modszere": null, "geokodolas_pontossag": null, "price_eur": null, "nm_ar_eur": null, "kozos_koltseg_eur": null, "rezsikoltseg_eur": null, "kaucio_eur": null, "tavolsag_metro_halozati_m": null, "metro_5p_seta": 0, "metro_10p_seta": 0, "metro_15p_seta": 0, "tavolsag_villamos_halozati_m": 202.4, "villamos_5p_seta": 1, "villamos_10p_seta": 1, "villamos_15p_seta": 1, "tavolsag_busz_halozati_m": 191.9, "busz_5p_seta": 1, "busz_10p_seta": 1, "tavolsag_kotottpalya_halozati_m": 202.4, "kotottpalya_5p_seta": 1, "kotottpalya_10p_seta": 1, "kotottpalya_15p_seta": 1, "tavolsag_park_halozati_m": 191.3, "park_5p_seta": 1, "park_10p_seta": 1, "park_15p_seta": 1, "poi_5p_count": 10.0, "poi_10p_count": 47.0, "poi_15p_count": 112.0, "tavolsag_iskola_halozati_m": 1099.4, "iskola_5p_seta": 0, "iskola_10p_seta": 0, "iskola_15p_seta": 1, "tavolsag_ovoda_halozati_m": 219.2, "ovoda_5p_seta": 1, "ovoda_10p_seta": 1, "ovoda_15p_seta": 1, "tavolsag_bolt_halozati_m": 517.7, "bolt_5p_seta": 0, "bolt_10p_seta": 1, "bolt_15p_seta": 1, "tavolsag_gyogyszertar_halozati_m": 328.0, "gyogyszertar_5p_seta": 1, "gyogyszertar_10p_seta": 1, "gyogyszertar_15p_seta": 1, "tavolsag_orvos_halozati_m": null, "orvos_5p_seta": 0, "orvos_10p_seta": 0, "orvos_15p_seta": 0, "legkozelebbi_vasut": "Kőbánya felső", "legkozelebbi_metro": "", "legkozelebbi_villamos": "Szent László Gimnázium", "legkozelebbi_busz": "Szent László Gimnázium", "legkozelebbi_park": "Rottenbiller park", "legkozelebbi_kotottpalya_tipus": "villamos" }, "geometry": { "type": "Point", "coordinates": [ 19.135446, 47.487561 ] } },
{ "type": "Feature", "properties": { "listing_id": "35278813", "listing_type": "elado", "cim_teljes": "Budapest X. kerület, Üllői út 130.", "varosresz": "Gyárdűlő", "price_huf": 39000000.0, "ar_millio_ft": 39.0, "ar_ezer_ft_ho": 39000.0, "nm_ar_huf": 1392857.142857143, "log_ar": 17.479072204093921, "log_nm_ar": 14.146867693918717, "is_ar_outlier": 0, "alapterulet_nm": 28.0, "korrigalt_alapterulet_nm": 28.0, "szobaszam_osszes": 1.0, "allapot_kod": 3, "is_felujitando": 0, "is_ujszeru_vagy_uj": 0, "is_panel": 0, "is_tegla": 1, "has_lift": 1, "has_klima": 0, "has_erkely": 0, "is_foldszint": 0, "is_zaroszint": 0, "epulet_kora_ev": 58.0, "geokodolt_lat": 47.4684445, "geokodolt_lon": 19.1189019, "minta_garantalt_pontos": 1, "tavolsag_vasut_m": 830.5, "vasut_zona": "500-1000 m", "is_vasut_immisszio_150m": 0, "tavolsag_vasut_halozati_m": null, "menetido_vasut_gyalog_perc": null, "vasut_5p_seta": 0, "vasut_10p_seta": 0, "vasut_15p_seta": 0, "url": "https://ingatlan.com/35278813", "title": "Eladó tégla lakás - Budapest X. kerület, Üllői út #35278813", "postal_code": "1101", "varos": "Budapest", "utca": "Üllői út", "hazszam_vegleges": "130", "allapot": "jó állapotú", "ingatlan_altipus": "Tégla lakás", "epites_eve": 1968.0, "epites_eve_kategoria": "30-60 év (panel-korszak)", "erkely_nm": 0.0, "szobaszam_egesz": 1.0, "szobaszam_fel": 0.0, "szobaszam_kategoria": "1 szoba", "atlagos_szobameret_nm": 28.0, "emelet": "4", "emelet_szam": 4.0, "epulet_szintjei_szam": 5.0, "is_magas_emelet_lift_nelkul": 0, "futes": "távfűtés", "futes_kategoria": null, "has_tavfutes": 1, "has_konvektor": 0, "has_megujulo": 0, "has_garazs_vagy_beallo": 0, "energetikai_tanusitvany": "B", "butorozott": null, "koltozheto": null, "min_berleti_ido": null, "kertkapcsolatos": "nem", "kozos_koltseg_huf": 12000.0, "rezsikoltseg_huf": 6000.0, "hirdeto_tipus": "Ingatlaniroda", "iroda_neve": null, "leiras_hossz": 792.0, "fenykepek_szama": 3.0, "geokodolas_modszere": null, "geokodolas_pontossag": null, "price_eur": null, "nm_ar_eur": null, "kozos_koltseg_eur": null, "rezsikoltseg_eur": null, "kaucio_eur": null, "tavolsag_metro_halozati_m": 144.1, "metro_5p_seta": 1, "metro_10p_seta": 1, "metro_15p_seta": 1, "tavolsag_villamos_halozati_m": 472.6, "villamos_5p_seta": 0, "villamos_10p_seta": 1, "villamos_15p_seta": 1, "tavolsag_busz_halozati_m": 142.2, "busz_5p_seta": 1, "busz_10p_seta": 1, "tavolsag_kotottpalya_halozati_m": 144.1, "kotottpalya_5p_seta": 1, "kotottpalya_10p_seta": 1, "kotottpalya_15p_seta": 1, "tavolsag_park_halozati_m": 66.8, "park_5p_seta": 1, "park_10p_seta": 1, "park_15p_seta": 1, "poi_5p_count": 18.0, "poi_10p_count": 59.0, "poi_15p_count": 102.0, "tavolsag_iskola_halozati_m": 954.7, "iskola_5p_seta": 0, "iskola_10p_seta": 0, "iskola_15p_seta": 1, "tavolsag_ovoda_halozati_m": 191.3, "ovoda_5p_seta": 1, "ovoda_10p_seta": 1, "ovoda_15p_seta": 1, "tavolsag_bolt_halozati_m": 337.2, "bolt_5p_seta": 1, "bolt_10p_seta": 1, "bolt_15p_seta": 1, "tavolsag_gyogyszertar_halozati_m": 669.1, "gyogyszertar_5p_seta": 0, "gyogyszertar_10p_seta": 1, "gyogyszertar_15p_seta": 1, "tavolsag_orvos_halozati_m": 530.1, "orvos_5p_seta": 0, "orvos_10p_seta": 1, "orvos_15p_seta": 1, "legkozelebbi_vasut": "", "legkozelebbi_metro": "", "legkozelebbi_villamos": "Száva kocsiszín", "legkozelebbi_busz": "Pöttyös utca M", "legkozelebbi_park": "Névtelen zöldfelület / park", "legkozelebbi_kotottpalya_tipus": "metro" }, "geometry": { "type": "Point", "coordinates": [ 19.1189019, 47.4684445 ] } },
{ "type": "Feature", "properties": { "listing_id": "35279092", "listing_type": "elado", "cim_teljes": "Budapest X. kerület, Bányató utca 26.", "varosresz": "Újhegy", "price_huf": 53900000.0, "ar_millio_ft": 53.9, "ar_ezer_ft_ho": 53900.0, "nm_ar_huf": 1078000.0, "log_ar": 17.802641035879226, "log_nm_ar": 13.89061803045108, "is_ar_outlier": 0, "alapterulet_nm": 50.0, "korrigalt_alapterulet_nm": 52.0, "szobaszam_osszes": 2.0, "allapot_kod": 2, "is_felujitando": 1, "is_ujszeru_vagy_uj": 0, "is_panel": 1, "is_tegla": 0, "has_lift": 1, "has_klima": 0, "has_erkely": 1, "is_foldszint": 0, "is_zaroszint": 0, "epulet_kora_ev": null, "geokodolt_lat": 47.467978, "geokodolt_lon": 19.162495, "minta_garantalt_pontos": 1, "tavolsag_vasut_m": 719.2, "vasut_zona": "500-1000 m", "is_vasut_immisszio_150m": 0, "tavolsag_vasut_halozati_m": 1492.7, "menetido_vasut_gyalog_perc": 19.9, "vasut_5p_seta": 0, "vasut_10p_seta": 0, "vasut_15p_seta": 0, "url": "https://ingatlan.com/35279092", "title": "Eladó panel lakás - Budapest X. kerület, Bányató utca 26. #35279092", "postal_code": "1108", "varos": "Budapest", "utca": "Bányató utca", "hazszam_vegleges": "26", "allapot": "közepes állapotú", "ingatlan_altipus": "Panel lakás", "epites_eve": null, "epites_eve_kategoria": "Ismeretlen", "erkely_nm": 4.0, "szobaszam_egesz": 2.0, "szobaszam_fel": 0.0, "szobaszam_kategoria": "2 szoba", "atlagos_szobameret_nm": 25.0, "emelet": "1", "emelet_szam": 1.0, "epulet_szintjei_szam": null, "is_magas_emelet_lift_nelkul": 0, "futes": "távfűtés", "futes_kategoria": null, "has_tavfutes": 1, "has_konvektor": 0, "has_megujulo": 0, "has_garazs_vagy_beallo": 0, "energetikai_tanusitvany": "nincs megadva", "butorozott": null, "koltozheto": null, "min_berleti_ido": null, "kertkapcsolatos": "nincs megadva", "kozos_koltseg_huf": null, "rezsikoltseg_huf": null, "hirdeto_tipus": "Ingatlaniroda", "iroda_neve": null, "leiras_hossz": 617.0, "fenykepek_szama": 2.0, "geokodolas_modszere": null, "geokodolas_pontossag": null, "price_eur": null, "nm_ar_eur": null, "kozos_koltseg_eur": null, "rezsikoltseg_eur": null, "kaucio_eur": null, "tavolsag_metro_halozati_m": 1498.6, "metro_5p_seta": 0, "metro_10p_seta": 0, "metro_15p_seta": 0, "tavolsag_villamos_halozati_m": 1176.3, "villamos_5p_seta": 0, "villamos_10p_seta": 0, "villamos_15p_seta": 0, "tavolsag_busz_halozati_m": 146.4, "busz_5p_seta": 1, "busz_10p_seta": 1, "tavolsag_kotottpalya_halozati_m": 1176.3, "kotottpalya_5p_seta": 0, "kotottpalya_10p_seta": 0, "kotottpalya_15p_seta": 0, "tavolsag_park_halozati_m": 333.5, "park_5p_seta": 1, "park_10p_seta": 1, "park_15p_seta": 1, "poi_5p_count": 8.0, "poi_10p_count": 34.0, "poi_15p_count": 48.0, "tavolsag_iskola_halozati_m": null, "iskola_5p_seta": 0, "iskola_10p_seta": 0, "iskola_15p_seta": 0, "tavolsag_ovoda_halozati_m": null, "ovoda_5p_seta": 0, "ovoda_10p_seta": 0, "ovoda_15p_seta": 0, "tavolsag_bolt_halozati_m": 257.3, "bolt_5p_seta": 1, "bolt_10p_seta": 1, "bolt_15p_seta": 1, "tavolsag_gyogyszertar_halozati_m": 441.8, "gyogyszertar_5p_seta": 0, "gyogyszertar_10p_seta": 1, "gyogyszertar_15p_seta": 1, "tavolsag_orvos_halozati_m": 1646.9, "orvos_5p_seta": 0, "orvos_10p_seta": 0, "orvos_15p_seta": 0, "legkozelebbi_vasut": "Kőbánya-Kispest", "legkozelebbi_metro": "", "legkozelebbi_villamos": "Sírkert út", "legkozelebbi_busz": "Mélytó utca", "legkozelebbi_park": "Újhegy park", "legkozelebbi_kotottpalya_tipus": "villamos" }, "geometry": { "type": "Point", "coordinates": [ 19.162495, 47.467978 ] } },
{ "type": "Feature", "properties": { "listing_id": "35283513", "listing_type": "elado", "cim_teljes": "Budapest X. kerület, Kőrösi Csoma Sándor út 1.", "varosresz": "Kőbánya-Városközpont", "price_huf": 67900000.0, "ar_millio_ft": 67.9, "ar_ezer_ft_ho": 67900.0, "nm_ar_huf": 1060937.5, "log_ar": 18.033546592528925, "log_nm_ar": 13.874663509169253, "is_ar_outlier": 0, "alapterulet_nm": 64.0, "korrigalt_alapterulet_nm": 64.0, "szobaszam_osszes": 3.0, "allapot_kod": 2, "is_felujitando": 1, "is_ujszeru_vagy_uj": 0, "is_panel": 1, "is_tegla": 0, "has_lift": 1, "has_klima": 0, "has_erkely": 0, "is_foldszint": 0, "is_zaroszint": 0, "epulet_kora_ev": null, "geokodolt_lat": 47.482322, "geokodolt_lon": 19.131666, "minta_garantalt_pontos": 1, "tavolsag_vasut_m": 266.3, "vasut_zona": "150-300 m", "is_vasut_immisszio_150m": 0, "tavolsag_vasut_halozati_m": 422.2, "menetido_vasut_gyalog_perc": 5.6, "vasut_5p_seta": 0, "vasut_10p_seta": 1, "vasut_15p_seta": 1, "url": "https://ingatlan.com/35283513", "title": "Eladó panel lakás - Budapest X. kerület, Kőrösi Csoma Sándor út 1. #35283513", "postal_code": "1102", "varos": "Budapest", "utca": "Kőrösi Csoma Sándor út", "hazszam_vegleges": "1", "allapot": "közepes állapotú", "ingatlan_altipus": "Panel lakás", "epites_eve": null, "epites_eve_kategoria": "Ismeretlen", "erkely_nm": 0.0, "szobaszam_egesz": 3.0, "szobaszam_fel": 0.0, "szobaszam_kategoria": "3 szoba", "atlagos_szobameret_nm": 21.333333333333332, "emelet": "2", "emelet_szam": 2.0, "epulet_szintjei_szam": 10.0, "is_magas_emelet_lift_nelkul": 0, "futes": "távfűtés", "futes_kategoria": null, "has_tavfutes": 1, "has_konvektor": 0, "has_megujulo": 0, "has_garazs_vagy_beallo": 0, "energetikai_tanusitvany": "C", "butorozott": null, "koltozheto": null, "min_berleti_ido": null, "kertkapcsolatos": "nincs megadva", "kozos_koltseg_huf": null, "rezsikoltseg_huf": null, "hirdeto_tipus": "Ingatlaniroda", "iroda_neve": null, "leiras_hossz": 651.0, "fenykepek_szama": 4.0, "geokodolas_modszere": null, "geokodolas_pontossag": null, "price_eur": null, "nm_ar_eur": null, "kozos_koltseg_eur": null, "rezsikoltseg_eur": null, "kaucio_eur": null, "tavolsag_metro_halozati_m": null, "metro_5p_seta": 0, "metro_10p_seta": 0, "metro_15p_seta": 0, "tavolsag_villamos_halozati_m": 147.0, "villamos_5p_seta": 1, "villamos_10p_seta": 1, "villamos_15p_seta": 1, "tavolsag_busz_halozati_m": 151.8, "busz_5p_seta": 1, "busz_10p_seta": 1, "tavolsag_kotottpalya_halozati_m": 147.0, "kotottpalya_5p_seta": 1, "kotottpalya_10p_seta": 1, "kotottpalya_15p_seta": 1, "tavolsag_park_halozati_m": 45.9, "park_5p_seta": 1, "park_10p_seta": 1, "park_15p_seta": 1, "poi_5p_count": 21.0, "poi_10p_count": 73.0, "poi_15p_count": 115.0, "tavolsag_iskola_halozati_m": 661.8, "iskola_5p_seta": 0, "iskola_10p_seta": 1, "iskola_15p_seta": 1, "tavolsag_ovoda_halozati_m": 934.5, "ovoda_5p_seta": 0, "ovoda_10p_seta": 0, "ovoda_15p_seta": 1, "tavolsag_bolt_halozati_m": 161.4, "bolt_5p_seta": 1, "bolt_10p_seta": 1, "bolt_15p_seta": 1, "tavolsag_gyogyszertar_halozati_m": 247.1, "gyogyszertar_5p_seta": 1, "gyogyszertar_10p_seta": 1, "gyogyszertar_15p_seta": 1, "tavolsag_orvos_halozati_m": null, "orvos_5p_seta": 0, "orvos_10p_seta": 0, "orvos_15p_seta": 0, "legkozelebbi_vasut": "Kőbánya alsó", "legkozelebbi_metro": "", "legkozelebbi_villamos": "Kápolna utca", "legkozelebbi_busz": "Liget tér", "legkozelebbi_park": "Névtelen zöldfelület / park", "legkozelebbi_kotottpalya_tipus": "villamos" }, "geometry": { "type": "Point", "coordinates": [ 19.131666, 47.482322 ] } },
{ "type": "Feature", "properties": { "listing_id": "35286080", "listing_type": "elado", "cim_teljes": "Budapest X. kerület, Kismartoni út 4.", "varosresz": "Óhegy", "price_huf": 78600000.0, "ar_millio_ft": 78.6, "ar_ezer_ft_ho": 78600.0, "nm_ar_huf": 1541176.4705882352, "log_ar": 18.179882257399434, "log_nm_ar": 14.24805662467511, "is_ar_outlier": 0, "alapterulet_nm": 51.0, "korrigalt_alapterulet_nm": 59.5, "szobaszam_osszes": 2.0, "allapot_kod": 3, "is_felujitando": 0, "is_ujszeru_vagy_uj": 0, "is_panel": 0, "is_tegla": 1, "has_lift": 1, "has_klima": 1, "has_erkely": 1, "is_foldszint": 1, "is_zaroszint": 0, "epulet_kora_ev": 13.0, "geokodolt_lat": 47.482537, "geokodolt_lon": 19.115588, "minta_garantalt_pontos": 1, "tavolsag_vasut_m": 232.3, "vasut_zona": "150-300 m", "is_vasut_immisszio_150m": 0, "tavolsag_vasut_halozati_m": 1005.4, "menetido_vasut_gyalog_perc": 13.4, "vasut_5p_seta": 0, "vasut_10p_seta": 0, "vasut_15p_seta": 1, "url": "https://ingatlan.com/35286080", "title": "Eladó tégla lakás - Budapest X. kerület, Kismartoni út 4. #35286080", "postal_code": "1101", "varos": "Budapest", "utca": "Kismartoni út", "hazszam_vegleges": "4", "allapot": "jó állapotú", "ingatlan_altipus": "Tégla lakás", "epites_eve": 2013.0, "epites_eve_kategoria": "10-30 év (rendszerváltás utáni)", "erkely_nm": 17.0, "szobaszam_egesz": 2.0, "szobaszam_fel": 0.0, "szobaszam_kategoria": "2 szoba", "atlagos_szobameret_nm": 25.5, "emelet": "földszint", "emelet_szam": 0.0, "epulet_szintjei_szam": 4.0, "is_magas_emelet_lift_nelkul": 0, "futes": "házközponti egyedi méréssel", "futes_kategoria": null, "has_tavfutes": 0, "has_konvektor": 0, "has_megujulo": 0, "has_garazs_vagy_beallo": 0, "energetikai_tanusitvany": "A", "butorozott": null, "koltozheto": null, "min_berleti_ido": null, "kertkapcsolatos": "nem", "kozos_koltseg_huf": null, "rezsikoltseg_huf": null, "hirdeto_tipus": "Ingatlaniroda", "iroda_neve": null, "leiras_hossz": 574.0, "fenykepek_szama": 2.0, "geokodolas_modszere": null, "geokodolas_pontossag": null, "price_eur": null, "nm_ar_eur": null, "kozos_koltseg_eur": null, "rezsikoltseg_eur": null, "kaucio_eur": null, "tavolsag_metro_halozati_m": 1656.1, "metro_5p_seta": 0, "metro_10p_seta": 0, "metro_15p_seta": 0, "tavolsag_villamos_halozati_m": 226.7, "villamos_5p_seta": 1, "villamos_10p_seta": 1, "villamos_15p_seta": 1, "tavolsag_busz_halozati_m": 268.3, "busz_5p_seta": 1, "busz_10p_seta": 1, "tavolsag_kotottpalya_halozati_m": 226.7, "kotottpalya_5p_seta": 1, "kotottpalya_10p_seta": 1, "kotottpalya_15p_seta": 1, "tavolsag_park_halozati_m": 514.3, "park_5p_seta": 0, "park_10p_seta": 1, "park_15p_seta": 1, "poi_5p_count": 5.0, "poi_10p_count": 20.0, "poi_15p_count": 64.0, "tavolsag_iskola_halozati_m": 688.2, "iskola_5p_seta": 0, "iskola_10p_seta": 1, "iskola_15p_seta": 1, "tavolsag_ovoda_halozati_m": 1310.9, "ovoda_5p_seta": 0, "ovoda_10p_seta": 0, "ovoda_15p_seta": 0, "tavolsag_bolt_halozati_m": 408.4, "bolt_5p_seta": 0, "bolt_10p_seta": 1, "bolt_15p_seta": 1, "tavolsag_gyogyszertar_halozati_m": 413.4, "gyogyszertar_5p_seta": 0, "gyogyszertar_10p_seta": 1, "gyogyszertar_15p_seta": 1, "tavolsag_orvos_halozati_m": null, "orvos_5p_seta": 0, "orvos_10p_seta": 0, "orvos_15p_seta": 0, "legkozelebbi_vasut": "Kőbánya alsó", "legkozelebbi_metro": "", "legkozelebbi_villamos": "Kismartoni út", "legkozelebbi_busz": "Kismartoni út", "legkozelebbi_park": "Játszótér", "legkozelebbi_kotottpalya_tipus": "villamos" }, "geometry": { "type": "Point", "coordinates": [ 19.115588, 47.482537 ] } },
{ "type": "Feature", "properties": { "listing_id": "35288697", "listing_type": "elado", "cim_teljes": "Budapest X. kerület, Újhegyi út 18/B.", "varosresz": "Újhegy", "price_huf": 97000000.0, "ar_millio_ft": 97.0, "ar_ezer_ft_ho": 97000.0, "nm_ar_huf": 1243589.7435897435, "log_ar": 18.390221536467656, "log_nm_ar": 14.033512709778066, "is_ar_outlier": 0, "alapterulet_nm": 78.0, "korrigalt_alapterulet_nm": 82.0, "szobaszam_osszes": 3.0, "allapot_kod": 3, "is_felujitando": 0, "is_ujszeru_vagy_uj": 0, "is_panel": 0, "is_tegla": 1, "has_lift": 1, "has_klima": 1, "has_erkely": 1, "is_foldszint": 0, "is_zaroszint": 0, "epulet_kora_ev": 0.0, "geokodolt_lat": 47.468138, "geokodolt_lon": 19.16875, "minta_garantalt_pontos": 1, "tavolsag_vasut_m": 901.5, "vasut_zona": "500-1000 m", "is_vasut_immisszio_150m": 0, "tavolsag_vasut_halozati_m": 1890.6, "menetido_vasut_gyalog_perc": 25.2, "vasut_5p_seta": 0, "vasut_10p_seta": 0, "vasut_15p_seta": 0, "url": "https://ingatlan.com/35288697", "title": "Eladó tégla lakás - Budapest X. kerület, Újhegyi út 18/B #35288697", "postal_code": "1108", "varos": "Budapest", "utca": "Újhegyi út", "hazszam_vegleges": "18/B", "allapot": "nincs megadva", "ingatlan_altipus": "Tégla lakás", "epites_eve": 2026.0, "epites_eve_kategoria": "Új építésű (2025+)", "erkely_nm": 8.0, "szobaszam_egesz": 3.0, "szobaszam_fel": 0.0, "szobaszam_kategoria": "3 szoba", "atlagos_szobameret_nm": 26.0, "emelet": "2", "emelet_szam": 2.0, "epulet_szintjei_szam": 4.0, "is_magas_emelet_lift_nelkul": 0, "futes": "hőszivattyú", "futes_kategoria": null, "has_tavfutes": 0, "has_konvektor": 0, "has_megujulo": 1, "has_garazs_vagy_beallo": 0, "energetikai_tanusitvany": "nincs megadva", "butorozott": null, "koltozheto": null, "min_berleti_ido": null, "kertkapcsolatos": "nem", "kozos_koltseg_huf": null, "rezsikoltseg_huf": null, "hirdeto_tipus": "Ingatlaniroda", "iroda_neve": null, "leiras_hossz": 2286.0, "fenykepek_szama": 4.0, "geokodolas_modszere": null, "geokodolas_pontossag": null, "price_eur": null, "nm_ar_eur": null, "kozos_koltseg_eur": null, "rezsikoltseg_eur": null, "kaucio_eur": null, "tavolsag_metro_halozati_m": 1896.5, "metro_5p_seta": 0, "metro_10p_seta": 0, "metro_15p_seta": 0, "tavolsag_villamos_halozati_m": 975.8, "villamos_5p_seta": 0, "villamos_10p_seta": 0, "villamos_15p_seta": 1, "tavolsag_busz_halozati_m": 13.3, "busz_5p_seta": 1, "busz_10p_seta": 1, "tavolsag_kotottpalya_halozati_m": 975.8, "kotottpalya_5p_seta": 0, "kotottpalya_10p_seta": 0, "kotottpalya_15p_seta": 1, "tavolsag_park_halozati_m": 401.7, "park_5p_seta": 0, "park_10p_seta": 1, "park_15p_seta": 1, "poi_5p_count": 4.0, "poi_10p_count": 18.0, "poi_15p_count": 57.0, "tavolsag_iskola_halozati_m": null, "iskola_5p_seta": 0, "iskola_10p_seta": 0, "iskola_15p_seta": 0, "tavolsag_ovoda_halozati_m": null, "ovoda_5p_seta": 0, "ovoda_10p_seta": 0, "ovoda_15p_seta": 0, "tavolsag_bolt_halozati_m": 580.2, "bolt_5p_seta": 0, "bolt_10p_seta": 1, "bolt_15p_seta": 1, "tavolsag_gyogyszertar_halozati_m": 647.1, "gyogyszertar_5p_seta": 0, "gyogyszertar_10p_seta": 1, "gyogyszertar_15p_seta": 1, "tavolsag_orvos_halozati_m": 1648.7, "orvos_5p_seta": 0, "orvos_10p_seta": 0, "orvos_15p_seta": 0, "legkozelebbi_vasut": "Kőbánya-Kispest", "legkozelebbi_metro": "", "legkozelebbi_villamos": "Új köztemető", "legkozelebbi_busz": "Újhegyi út, Sportliget", "legkozelebbi_park": "Sportliget", "legkozelebbi_kotottpalya_tipus": "villamos" }, "geometry": { "type": "Point", "coordinates": [ 19.16875, 47.468138 ] } },
{ "type": "Feature", "properties": { "listing_id": "35291579", "listing_type": "elado", "cim_teljes": "Budapest X. kerület, Állomás utca 6.", "varosresz": "Ligettelek", "price_huf": 132900000.0, "ar_millio_ft": 132.9, "ar_ezer_ft_ho": 132900.0, "nm_ar_huf": 970072.99270072998, "log_ar": 18.705107523683473, "log_nm_ar": 13.785126597855349, "is_ar_outlier": 0, "alapterulet_nm": 137.0, "korrigalt_alapterulet_nm": 137.0, "szobaszam_osszes": 4.0, "allapot_kod": 4, "is_felujitando": 0, "is_ujszeru_vagy_uj": 0, "is_panel": 0, "is_tegla": 1, "has_lift": 0, "has_klima": 1, "has_erkely": 0, "is_foldszint": 0, "is_zaroszint": 0, "epulet_kora_ev": null, "geokodolt_lat": 47.484886, "geokodolt_lon": 19.127626, "minta_garantalt_pontos": 1, "tavolsag_vasut_m": 128.7, "vasut_zona": "<150 m", "is_vasut_immisszio_150m": 1, "tavolsag_vasut_halozati_m": 302.7, "menetido_vasut_gyalog_perc": 4.0, "vasut_5p_seta": 1, "vasut_10p_seta": 1, "vasut_15p_seta": 1, "url": "https://ingatlan.com/35291579", "title": "Eladó tégla lakás - Budapest X. kerület, Állomás utca 6. #35291579", "postal_code": "1102", "varos": "Budapest", "utca": "Állomás utca", "hazszam_vegleges": "6", "allapot": "felújított", "ingatlan_altipus": "Tégla lakás", "epites_eve": null, "epites_eve_kategoria": "Ismeretlen", "erkely_nm": 0.0, "szobaszam_egesz": 4.0, "szobaszam_fel": 0.0, "szobaszam_kategoria": "4+ szoba", "atlagos_szobameret_nm": 34.25, "emelet": "1", "emelet_szam": 1.0, "epulet_szintjei_szam": null, "is_magas_emelet_lift_nelkul": 0, "futes": "nincs megadva", "futes_kategoria": null, "has_tavfutes": 0, "has_konvektor": 0, "has_megujulo": 0, "has_garazs_vagy_beallo": 0, "energetikai_tanusitvany": "nincs megadva", "butorozott": null, "koltozheto": null, "min_berleti_ido": null, "kertkapcsolatos": "nincs megadva", "kozos_koltseg_huf": 38865.0, "rezsikoltseg_huf": null, "hirdeto_tipus": "Ingatlaniroda", "iroda_neve": null, "leiras_hossz": 1405.0, "fenykepek_szama": 4.0, "geokodolas_modszere": null, "geokodolas_pontossag": null, "price_eur": null, "nm_ar_eur": null, "kozos_koltseg_eur": null, "rezsikoltseg_eur": null, "kaucio_eur": null, "tavolsag_metro_halozati_m": null, "metro_5p_seta": 0, "metro_10p_seta": 0, "metro_15p_seta": 0, "tavolsag_villamos_halozati_m": 334.3, "villamos_5p_seta": 1, "villamos_10p_seta": 1, "villamos_15p_seta": 1, "tavolsag_busz_halozati_m": 131.8, "busz_5p_seta": 1, "busz_10p_seta": 1, "tavolsag_kotottpalya_halozati_m": 302.7, "kotottpalya_5p_seta": 1, "kotottpalya_10p_seta": 1, "kotottpalya_15p_seta": 1, "tavolsag_park_halozati_m": 439.9, "park_5p_seta": 0, "park_10p_seta": 1, "park_15p_seta": 1, "poi_5p_count": 27.0, "poi_10p_count": 70.0, "poi_15p_count": 117.0, "tavolsag_iskola_halozati_m": 791.1, "iskola_5p_seta": 0, "iskola_10p_seta": 0, "iskola_15p_seta": 1, "tavolsag_ovoda_halozati_m": 861.6, "ovoda_5p_seta": 0, "ovoda_10p_seta": 0, "ovoda_15p_seta": 1, "tavolsag_bolt_halozati_m": 36.5, "bolt_5p_seta": 1, "bolt_10p_seta": 1, "bolt_15p_seta": 1, "tavolsag_gyogyszertar_halozati_m": 414.5, "gyogyszertar_5p_seta": 0, "gyogyszertar_10p_seta": 1, "gyogyszertar_15p_seta": 1, "tavolsag_orvos_halozati_m": null, "orvos_5p_seta": 0, "orvos_10p_seta": 0, "orvos_15p_seta": 0, "legkozelebbi_vasut": "Kőbánya alsó", "legkozelebbi_metro": "", "legkozelebbi_villamos": "Kőbánya alsó vasútállomás", "legkozelebbi_busz": "Kőbánya alsó vasútállomás", "legkozelebbi_park": "Névtelen zöldfelület / park", "legkozelebbi_kotottpalya_tipus": "vasut" }, "geometry": { "type": "Point", "coordinates": [ 19.127626, 47.484886 ] } },
{ "type": "Feature", "properties": { "listing_id": "35294199", "listing_type": "elado", "cim_teljes": "Budapest X. kerület, Kőrösi Csoma sétány 14.", "varosresz": "Kőbánya-Városközpont", "price_huf": 56900000.0, "ar_millio_ft": 56.9, "ar_ezer_ft_ho": 56900.0, "nm_ar_huf": 1053703.7037037036, "log_ar": 17.85680589909656, "log_nm_ar": 13.867821852532284, "is_ar_outlier": 0, "alapterulet_nm": 54.0, "korrigalt_alapterulet_nm": 56.0, "szobaszam_osszes": 2.0, "allapot_kod": 3, "is_felujitando": 0, "is_ujszeru_vagy_uj": 0, "is_panel": 0, "is_tegla": 1, "has_lift": 0, "has_klima": 0, "has_erkely": 1, "is_foldszint": 0, "is_zaroszint": 0, "epulet_kora_ev": 38.0, "geokodolt_lat": 47.484893, "geokodolt_lon": 19.130678, "minta_garantalt_pontos": 1, "tavolsag_vasut_m": 330.3, "vasut_zona": "300-500 m", "is_vasut_immisszio_150m": 0, "tavolsag_vasut_halozati_m": 443.1, "menetido_vasut_gyalog_perc": 5.9, "vasut_5p_seta": 0, "vasut_10p_seta": 1, "vasut_15p_seta": 1, "url": "https://ingatlan.com/35294199", "title": "Eladó tégla lakás - Budapest X. kerület, Kőrösi Csoma sétány 14. #35294199", "postal_code": "1102", "varos": "Budapest", "utca": "Kőrösi Csoma sétány", "hazszam_vegleges": "14", "allapot": "jó állapotú", "ingatlan_altipus": "Tégla lakás", "epites_eve": 1988.0, "epites_eve_kategoria": "30-60 év (panel-korszak)", "erkely_nm": 4.0, "szobaszam_egesz": 2.0, "szobaszam_fel": 0.0, "szobaszam_kategoria": "2 szoba", "atlagos_szobameret_nm": 27.0, "emelet": "3", "emelet_szam": 3.0, "epulet_szintjei_szam": 4.0, "is_magas_emelet_lift_nelkul": 0, "futes": "távfűtés egyedi méréssel", "futes_kategoria": null, "has_tavfutes": 1, "has_konvektor": 0, "has_megujulo": 0, "has_garazs_vagy_beallo": 0, "energetikai_tanusitvany": "B", "butorozott": null, "koltozheto": null, "min_berleti_ido": null, "kertkapcsolatos": "nincs megadva", "kozos_koltseg_huf": 19180.0, "rezsikoltseg_huf": 20000.0, "hirdeto_tipus": "Ingatlaniroda", "iroda_neve": null, "leiras_hossz": 774.0, "fenykepek_szama": 2.0, "geokodolas_modszere": null, "geokodolas_pontossag": null, "price_eur": null, "nm_ar_eur": null, "kozos_koltseg_eur": null, "rezsikoltseg_eur": null, "kaucio_eur": null, "tavolsag_metro_halozati_m": null, "metro_5p_seta": 0, "metro_10p_seta": 0, "metro_15p_seta": 0, "tavolsag_villamos_halozati_m": 113.9, "villamos_5p_seta": 1, "villamos_10p_seta": 1, "villamos_15p_seta": 1, "tavolsag_busz_halozati_m": 116.7, "busz_5p_seta": 1, "busz_10p_seta": 1, "tavolsag_kotottpalya_halozati_m": 113.9, "kotottpalya_5p_seta": 1, "kotottpalya_10p_seta": 1, "kotottpalya_15p_seta": 1, "tavolsag_park_halozati_m": 300.9, "park_5p_seta": 1, "park_10p_seta": 1, "park_15p_seta": 1, "poi_5p_count": 22.0, "poi_10p_count": 77.0, "poi_15p_count": 129.0, "tavolsag_iskola_halozati_m": 868.0, "iskola_5p_seta": 0, "iskola_10p_seta": 0, "iskola_15p_seta": 1, "tavolsag_ovoda_halozati_m": 664.8, "ovoda_5p_seta": 0, "ovoda_10p_seta": 1, "ovoda_15p_seta": 1, "tavolsag_bolt_halozati_m": 79.2, "bolt_5p_seta": 1, "bolt_10p_seta": 1, "bolt_15p_seta": 1, "tavolsag_gyogyszertar_halozati_m": 39.2, "gyogyszertar_5p_seta": 1, "gyogyszertar_10p_seta": 1, "gyogyszertar_15p_seta": 1, "tavolsag_orvos_halozati_m": null, "orvos_5p_seta": 0, "orvos_10p_seta": 0, "orvos_15p_seta": 0, "legkozelebbi_vasut": "Kőbánya alsó", "legkozelebbi_metro": "", "legkozelebbi_villamos": "Szent László tér", "legkozelebbi_busz": "Szent László tér", "legkozelebbi_park": "Névtelen zöldfelület / park", "legkozelebbi_kotottpalya_tipus": "villamos" }, "geometry": { "type": "Point", "coordinates": [ 19.130678, 47.484893 ] } },
{ "type": "Feature", "properties": { "listing_id": "35299166", "listing_type": "elado", "cim_teljes": "Budapest X. kerület, Kőrösi Csoma sétány 16.", "varosresz": "Kőbánya-Városközpont", "price_huf": 68000000.0, "ar_millio_ft": 68.0, "ar_ezer_ft_ho": 68000.0, "nm_ar_huf": 957746.47887323948, "log_ar": 18.03501826314038, "log_nm_ar": 13.772338386099065, "is_ar_outlier": 0, "alapterulet_nm": 71.0, "korrigalt_alapterulet_nm": 71.0, "szobaszam_osszes": 3.0, "allapot_kod": 3, "is_felujitando": 0, "is_ujszeru_vagy_uj": 0, "is_panel": 0, "is_tegla": 1, "has_lift": 0, "has_klima": 0, "has_erkely": 0, "is_foldszint": 0, "is_zaroszint": 0, "epulet_kora_ev": null, "geokodolt_lat": 47.485091, "geokodolt_lon": 19.130878, "minta_garantalt_pontos": 1, "tavolsag_vasut_m": 354.0, "vasut_zona": "300-500 m", "is_vasut_immisszio_150m": 0, "tavolsag_vasut_halozati_m": 490.1, "menetido_vasut_gyalog_perc": 6.5, "vasut_5p_seta": 0, "vasut_10p_seta": 1, "vasut_15p_seta": 1, "url": "https://ingatlan.com/35299166", "title": "Eladó tégla lakás - Budapest X. kerület, Kőrösi Csoma sétány 16. #35299166", "postal_code": "1102", "varos": "Budapest", "utca": "Kőrösi Csoma sétány", "hazszam_vegleges": "16", "allapot": "nincs megadva", "ingatlan_altipus": "Tégla lakás", "epites_eve": null, "epites_eve_kategoria": "Ismeretlen", "erkely_nm": 0.0, "szobaszam_egesz": 3.0, "szobaszam_fel": 0.0, "szobaszam_kategoria": "3 szoba", "atlagos_szobameret_nm": 23.666666666666668, "emelet": "2", "emelet_szam": 2.0, "epulet_szintjei_szam": null, "is_magas_emelet_lift_nelkul": 0, "futes": "nincs megadva", "futes_kategoria": null, "has_tavfutes": 0, "has_konvektor": 0, "has_megujulo": 0, "has_garazs_vagy_beallo": 0, "energetikai_tanusitvany": "nincs megadva", "butorozott": null, "koltozheto": null, "min_berleti_ido": null, "kertkapcsolatos": "nincs megadva", "kozos_koltseg_huf": null, "rezsikoltseg_huf": null, "hirdeto_tipus": "Ingatlaniroda", "iroda_neve": null, "leiras_hossz": 1509.0, "fenykepek_szama": 4.0, "geokodolas_modszere": null, "geokodolas_pontossag": null, "price_eur": null, "nm_ar_eur": null, "kozos_koltseg_eur": null, "rezsikoltseg_eur": null, "kaucio_eur": null, "tavolsag_metro_halozati_m": null, "metro_5p_seta": 0, "metro_10p_seta": 0, "metro_15p_seta": 0, "tavolsag_villamos_halozati_m": 61.3, "villamos_5p_seta": 1, "villamos_10p_seta": 1, "villamos_15p_seta": 1, "tavolsag_busz_halozati_m": 64.1, "busz_5p_seta": 1, "busz_10p_seta": 1, "tavolsag_kotottpalya_halozati_m": 61.3, "kotottpalya_5p_seta": 1, "kotottpalya_10p_seta": 1, "kotottpalya_15p_seta": 1, "tavolsag_park_halozati_m": 266.1, "park_5p_seta": 1, "park_10p_seta": 1, "park_15p_seta": 1, "poi_5p_count": 19.0, "poi_10p_count": 79.0, "poi_15p_count": 130.0, "tavolsag_iskola_halozati_m": 909.3, "iskola_5p_seta": 0, "iskola_10p_seta": 0, "iskola_15p_seta": 1, "tavolsag_ovoda_halozati_m": 630.0, "ovoda_5p_seta": 0, "ovoda_10p_seta": 1, "ovoda_15p_seta": 1, "tavolsag_bolt_halozati_m": 26.6, "bolt_5p_seta": 1, "bolt_10p_seta": 1, "bolt_15p_seta": 1, "tavolsag_gyogyszertar_halozati_m": 115.2, "gyogyszertar_5p_seta": 1, "gyogyszertar_10p_seta": 1, "gyogyszertar_15p_seta": 1, "tavolsag_orvos_halozati_m": null, "orvos_5p_seta": 0, "orvos_10p_seta": 0, "orvos_15p_seta": 0, "legkozelebbi_vasut": "Kőbánya alsó", "legkozelebbi_metro": "", "legkozelebbi_villamos": "Szent László tér", "legkozelebbi_busz": "Szent László tér", "legkozelebbi_park": "Névtelen zöldfelület / park", "legkozelebbi_kotottpalya_tipus": "villamos" }, "geometry": { "type": "Point", "coordinates": [ 19.130878, 47.485091 ] } },
{ "type": "Feature", "properties": { "listing_id": "35304468", "listing_type": "elado", "cim_teljes": "Budapest X. kerület, Hungária körút 5-7.", "varosresz": "Laposdűlő", "price_huf": 79000000.0, "ar_millio_ft": 79.0, "ar_ezer_ft_ho": 79000.0, "nm_ar_huf": 1097222.2222222222, "log_ar": 18.184958410431296, "log_nm_ar": 13.90829229141524, "is_ar_outlier": 0, "alapterulet_nm": 72.0, "korrigalt_alapterulet_nm": 74.5, "szobaszam_osszes": 3.0, "allapot_kod": 3, "is_felujitando": 0, "is_ujszeru_vagy_uj": 0, "is_panel": 0, "is_tegla": 1, "has_lift": 0, "has_klima": 0, "has_erkely": 1, "is_foldszint": 0, "is_zaroszint": 0, "epulet_kora_ev": null, "geokodolt_lat": 47.491796, "geokodolt_lon": 19.109243, "minta_garantalt_pontos": 1, "tavolsag_vasut_m": 369.0, "vasut_zona": "300-500 m", "is_vasut_immisszio_150m": 0, "tavolsag_vasut_halozati_m": null, "menetido_vasut_gyalog_perc": null, "vasut_5p_seta": 0, "vasut_10p_seta": 0, "vasut_15p_seta": 0, "url": "https://ingatlan.com/35304468", "title": "Eladó tégla lakás - Budapest X. kerület, Hungária körút 5-7. #35304468", "postal_code": "1101", "varos": "Budapest", "utca": "Hungária körút", "hazszam_vegleges": "5-7", "allapot": "nincs megadva", "ingatlan_altipus": "Tégla lakás", "epites_eve": null, "epites_eve_kategoria": "Ismeretlen", "erkely_nm": 5.0, "szobaszam_egesz": 3.0, "szobaszam_fel": 0.0, "szobaszam_kategoria": "3 szoba", "atlagos_szobameret_nm": 24.0, "emelet": "nincs megadva", "emelet_szam": null, "epulet_szintjei_szam": null, "is_magas_emelet_lift_nelkul": 0, "futes": "nincs megadva", "futes_kategoria": null, "has_tavfutes": 0, "has_konvektor": 0, "has_megujulo": 0, "has_garazs_vagy_beallo": 0, "energetikai_tanusitvany": "nincs megadva", "butorozott": null, "koltozheto": null, "min_berleti_ido": null, "kertkapcsolatos": "nincs megadva", "kozos_koltseg_huf": null, "rezsikoltseg_huf": null, "hirdeto_tipus": "Ingatlaniroda", "iroda_neve": null, "leiras_hossz": 1521.0, "fenykepek_szama": 2.0, "geokodolas_modszere": null, "geokodolas_pontossag": null, "price_eur": null, "nm_ar_eur": null, "kozos_koltseg_eur": null, "rezsikoltseg_eur": null, "kaucio_eur": null, "tavolsag_metro_halozati_m": 1037.0, "metro_5p_seta": 0, "metro_10p_seta": 0, "metro_15p_seta": 1, "tavolsag_villamos_halozati_m": 119.5, "villamos_5p_seta": 1, "villamos_10p_seta": 1, "villamos_15p_seta": 1, "tavolsag_busz_halozati_m": 120.8, "busz_5p_seta": 1, "busz_10p_seta": 1, "tavolsag_kotottpalya_halozati_m": 119.5, "kotottpalya_5p_seta": 1, "kotottpalya_10p_seta": 1, "kotottpalya_15p_seta": 1, "tavolsag_park_halozati_m": 434.0, "park_5p_seta": 0, "park_10p_seta": 1, "park_15p_seta": 1, "poi_5p_count": 11.0, "poi_10p_count": 30.0, "poi_15p_count": 68.0, "tavolsag_iskola_halozati_m": 940.9, "iskola_5p_seta": 0, "iskola_10p_seta": 0, "iskola_15p_seta": 1, "tavolsag_ovoda_halozati_m": 978.5, "ovoda_5p_seta": 0, "ovoda_10p_seta": 0, "ovoda_15p_seta": 1, "tavolsag_bolt_halozati_m": 145.2, "bolt_5p_seta": 1, "bolt_10p_seta": 1, "bolt_15p_seta": 1, "tavolsag_gyogyszertar_halozati_m": 209.2, "gyogyszertar_5p_seta": 1, "gyogyszertar_10p_seta": 1, "gyogyszertar_15p_seta": 1, "tavolsag_orvos_halozati_m": 1055.5, "orvos_5p_seta": 0, "orvos_10p_seta": 0, "orvos_15p_seta": 1, "legkozelebbi_vasut": "", "legkozelebbi_metro": "", "legkozelebbi_villamos": "Hidegkuti Nándor Stadion", "legkozelebbi_busz": "Hidegkuti Nándor Stadion", "legkozelebbi_park": "Tbiliszi tér", "legkozelebbi_kotottpalya_tipus": "villamos" }, "geometry": { "type": "Point", "coordinates": [ 19.109243, 47.491796 ] } },
{ "type": "Feature", "properties": { "listing_id": "35312769", "listing_type": "elado", "cim_teljes": "Budapest X. kerület, Balkán utca 12.", "varosresz": "Gyárdűlő", "price_huf": 72900000.0, "ar_millio_ft": 72.9, "ar_ezer_ft_ho": 72900.0, "nm_ar_huf": 985135.13513513515, "log_ar": 18.104599196978885, "log_nm_ar": 13.800534103774718, "is_ar_outlier": 0, "alapterulet_nm": 74.0, "korrigalt_alapterulet_nm": 74.0, "szobaszam_osszes": 4.0, "allapot_kod": 2, "is_felujitando": 1, "is_ujszeru_vagy_uj": 0, "is_panel": 1, "is_tegla": 0, "has_lift": 1, "has_klima": 0, "has_erkely": 0, "is_foldszint": 0, "is_zaroszint": 0, "epulet_kora_ev": null, "geokodolt_lat": 47.473004, "geokodolt_lon": 19.116533, "minta_garantalt_pontos": 1, "tavolsag_vasut_m": 327.2, "vasut_zona": "300-500 m", "is_vasut_immisszio_150m": 0, "tavolsag_vasut_halozati_m": 1592.9, "menetido_vasut_gyalog_perc": 21.2, "vasut_5p_seta": 0, "vasut_10p_seta": 0, "vasut_15p_seta": 0, "url": "https://ingatlan.com/35312769", "title": "Eladó panel lakás - Budapest X. kerület, Balkán utca 12. #35312769", "postal_code": "1107", "varos": "Budapest", "utca": "Balkán utca", "hazszam_vegleges": "12", "allapot": "közepes állapotú", "ingatlan_altipus": "Panel lakás", "epites_eve": null, "epites_eve_kategoria": "Ismeretlen", "erkely_nm": 0.0, "szobaszam_egesz": 4.0, "szobaszam_fel": 0.0, "szobaszam_kategoria": "4+ szoba", "atlagos_szobameret_nm": 18.5, "emelet": "8", "emelet_szam": 8.0, "epulet_szintjei_szam": 10.0, "is_magas_emelet_lift_nelkul": 0, "futes": "távfűtés egyedi méréssel", "futes_kategoria": null, "has_tavfutes": 1, "has_konvektor": 0, "has_megujulo": 0, "has_garazs_vagy_beallo": 0, "energetikai_tanusitvany": "nincs megadva", "butorozott": null, "koltozheto": null, "min_berleti_ido": null, "kertkapcsolatos": "nincs megadva", "kozos_koltseg_huf": null, "rezsikoltseg_huf": null, "hirdeto_tipus": "Ingatlaniroda", "iroda_neve": null, "leiras_hossz": 1063.0, "fenykepek_szama": 2.0, "geokodolas_modszere": null, "geokodolas_pontossag": null, "price_eur": null, "nm_ar_eur": null, "kozos_koltseg_eur": null, "rezsikoltseg_eur": null, "kaucio_eur": null, "tavolsag_metro_halozati_m": 513.4, "metro_5p_seta": 0, "metro_10p_seta": 1, "metro_15p_seta": 1, "tavolsag_villamos_halozati_m": 162.9, "villamos_5p_seta": 1, "villamos_10p_seta": 1, "villamos_15p_seta": 1, "tavolsag_busz_halozati_m": 539.3, "busz_5p_seta": 0, "busz_10p_seta": 1, "tavolsag_kotottpalya_halozati_m": 162.9, "kotottpalya_5p_seta": 1, "kotottpalya_10p_seta": 1, "kotottpalya_15p_seta": 1, "tavolsag_park_halozati_m": 121.2, "park_5p_seta": 1, "park_10p_seta": 1, "park_15p_seta": 1, "poi_5p_count": 5.0, "poi_10p_count": 46.0, "poi_15p_count": 89.0, "tavolsag_iskola_halozati_m": 1087.0, "iskola_5p_seta": 0, "iskola_10p_seta": 0, "iskola_15p_seta": 1, "tavolsag_ovoda_halozati_m": 725.8, "ovoda_5p_seta": 0, "ovoda_10p_seta": 1, "ovoda_15p_seta": 1, "tavolsag_bolt_halozati_m": 326.2, "bolt_5p_seta": 1, "bolt_10p_seta": 1, "bolt_15p_seta": 1, "tavolsag_gyogyszertar_halozati_m": 261.1, "gyogyszertar_5p_seta": 1, "gyogyszertar_10p_seta": 1, "gyogyszertar_15p_seta": 1, "tavolsag_orvos_halozati_m": 944.0, "orvos_5p_seta": 0, "orvos_10p_seta": 0, "orvos_15p_seta": 1, "legkozelebbi_vasut": "Kőbánya alsó", "legkozelebbi_metro": "", "legkozelebbi_villamos": "Balkán utca", "legkozelebbi_busz": "Ecseri út M", "legkozelebbi_park": "Kékvirág park", "legkozelebbi_kotottpalya_tipus": "villamos" }, "geometry": { "type": "Point", "coordinates": [ 19.116533, 47.473004 ] } },
{ "type": "Feature", "properties": { "listing_id": "35316224", "listing_type": "elado", "cim_teljes": "Budapest X. kerület, Martinovics tér 4a.", "varosresz": "Óhegy", "price_huf": 88700000.0, "ar_millio_ft": 88.7, "ar_ezer_ft_ho": 88700.0, "nm_ar_huf": 727049.1803278689, "log_ar": 18.30077044727981, "log_nm_ar": 13.496749402546552, "is_ar_outlier": 0, "alapterulet_nm": 122.0, "korrigalt_alapterulet_nm": 126.0, "szobaszam_osszes": 3.0, "allapot_kod": 1, "is_felujitando": 1, "is_ujszeru_vagy_uj": 0, "is_panel": 0, "is_tegla": 1, "has_lift": 1, "has_klima": 0, "has_erkely": 1, "is_foldszint": 0, "is_zaroszint": 0, "epulet_kora_ev": 96.0, "geokodolt_lat": 47.480762, "geokodolt_lon": 19.133538, "minta_garantalt_pontos": 1, "tavolsag_vasut_m": 307.0, "vasut_zona": "300-500 m", "is_vasut_immisszio_150m": 0, "tavolsag_vasut_halozati_m": 629.7, "menetido_vasut_gyalog_perc": 8.4, "vasut_5p_seta": 0, "vasut_10p_seta": 1, "vasut_15p_seta": 1, "url": "https://ingatlan.com/35316224", "title": "Eladó tégla lakás - Budapest X. kerület, Martinovics tér 4a #35316224", "postal_code": "1105", "varos": "Budapest", "utca": "Martinovics tér", "hazszam_vegleges": "4a", "allapot": "felújítandó", "ingatlan_altipus": "Tégla lakás", "epites_eve": 1930.0, "epites_eve_kategoria": "60+ év (háború előtti)", "erkely_nm": 8.0, "szobaszam_egesz": 3.0, "szobaszam_fel": 0.0, "szobaszam_kategoria": "3 szoba", "atlagos_szobameret_nm": 40.666666666666664, "emelet": "3", "emelet_szam": 3.0, "epulet_szintjei_szam": 6.0, "is_magas_emelet_lift_nelkul": 0, "futes": "gázkazán", "futes_kategoria": null, "has_tavfutes": 0, "has_konvektor": 1, "has_megujulo": 0, "has_garazs_vagy_beallo": 0, "energetikai_tanusitvany": "nincs megadva", "butorozott": null, "koltozheto": null, "min_berleti_ido": null, "kertkapcsolatos": "nem", "kozos_koltseg_huf": 20000.0, "rezsikoltseg_huf": null, "hirdeto_tipus": "Ingatlaniroda", "iroda_neve": null, "leiras_hossz": 1088.0, "fenykepek_szama": 4.0, "geokodolas_modszere": null, "geokodolas_pontossag": null, "price_eur": null, "nm_ar_eur": null, "kozos_koltseg_eur": null, "rezsikoltseg_eur": null, "kaucio_eur": null, "tavolsag_metro_halozati_m": 2080.9, "metro_5p_seta": 0, "metro_10p_seta": 0, "metro_15p_seta": 0, "tavolsag_villamos_halozati_m": 343.2, "villamos_5p_seta": 1, "villamos_10p_seta": 1, "villamos_15p_seta": 1, "tavolsag_busz_halozati_m": 190.9, "busz_5p_seta": 1, "busz_10p_seta": 1, "tavolsag_kotottpalya_halozati_m": 343.2, "kotottpalya_5p_seta": 1, "kotottpalya_10p_seta": 1, "kotottpalya_15p_seta": 1, "tavolsag_park_halozati_m": 288.5, "park_5p_seta": 1, "park_10p_seta": 1, "park_15p_seta": 1, "poi_5p_count": 14.0, "poi_10p_count": 73.0, "poi_15p_count": 115.0, "tavolsag_iskola_halozati_m": 497.7, "iskola_5p_seta": 0, "iskola_10p_seta": 1, "iskola_15p_seta": 1, "tavolsag_ovoda_halozati_m": 1151.5, "ovoda_5p_seta": 0, "ovoda_10p_seta": 0, "ovoda_15p_seta": 0, "tavolsag_bolt_halozati_m": 204.4, "bolt_5p_seta": 1, "bolt_10p_seta": 1, "bolt_15p_seta": 1, "tavolsag_gyogyszertar_halozati_m": 474.1, "gyogyszertar_5p_seta": 0, "gyogyszertar_10p_seta": 1, "gyogyszertar_15p_seta": 1, "tavolsag_orvos_halozati_m": null, "orvos_5p_seta": 0, "orvos_10p_seta": 0, "orvos_15p_seta": 0, "legkozelebbi_vasut": "Kőbánya alsó", "legkozelebbi_metro": "Határ út", "legkozelebbi_villamos": "Kápolna utca", "legkozelebbi_busz": "Ihász utca", "legkozelebbi_park": "Névtelen zöldfelület / park", "legkozelebbi_kotottpalya_tipus": "villamos" }, "geometry": { "type": "Point", "coordinates": [ 19.133538, 47.480762 ] } },
{ "type": "Feature", "properties": { "listing_id": "35320433", "listing_type": "elado", "cim_teljes": "Budapest X. kerület, Újhegyi út 18/B.", "varosresz": "Újhegy", "price_huf": 48000000.0, "ar_millio_ft": 48.0, "ar_ezer_ft_ho": 48000.0, "nm_ar_huf": 1777777.7777777778, "log_ar": 17.686711568872166, "log_nm_ar": 14.390874702867835, "is_ar_outlier": 0, "alapterulet_nm": 27.0, "korrigalt_alapterulet_nm": 31.585, "szobaszam_osszes": 1.0, "allapot_kod": 6, "is_felujitando": 0, "is_ujszeru_vagy_uj": 1, "is_panel": 0, "is_tegla": 1, "has_lift": 1, "has_klima": 1, "has_erkely": 1, "is_foldszint": 1, "is_zaroszint": 0, "epulet_kora_ev": 0.0, "geokodolt_lat": 47.468138, "geokodolt_lon": 19.16875, "minta_garantalt_pontos": 1, "tavolsag_vasut_m": 901.5, "vasut_zona": "500-1000 m", "is_vasut_immisszio_150m": 0, "tavolsag_vasut_halozati_m": 1890.6, "menetido_vasut_gyalog_perc": 25.2, "vasut_5p_seta": 0, "vasut_10p_seta": 0, "vasut_15p_seta": 0, "url": "https://ingatlan.com/35320433", "title": "Eladó tégla lakás - Budapest X. kerület, Újhegyi út 18/B #35320433", "postal_code": "1108", "varos": "Budapest", "utca": "Újhegyi út", "hazszam_vegleges": "18/B", "allapot": "új építésű", "ingatlan_altipus": "Tégla lakás", "epites_eve": 2026.0, "epites_eve_kategoria": "Új építésű (2025+)", "erkely_nm": 9.17, "szobaszam_egesz": 1.0, "szobaszam_fel": 0.0, "szobaszam_kategoria": "1 szoba", "atlagos_szobameret_nm": 27.0, "emelet": "földszint", "emelet_szam": 0.0, "epulet_szintjei_szam": 4.0, "is_magas_emelet_lift_nelkul": 0, "futes": "hőszivattyú", "futes_kategoria": null, "has_tavfutes": 0, "has_konvektor": 0, "has_megujulo": 1, "has_garazs_vagy_beallo": 0, "energetikai_tanusitvany": "nincs megadva", "butorozott": null, "koltozheto": null, "min_berleti_ido": null, "kertkapcsolatos": "nincs megadva", "kozos_koltseg_huf": null, "rezsikoltseg_huf": null, "hirdeto_tipus": "Ingatlaniroda", "iroda_neve": null, "leiras_hossz": 2210.0, "fenykepek_szama": 4.0, "geokodolas_modszere": null, "geokodolas_pontossag": null, "price_eur": null, "nm_ar_eur": null, "kozos_koltseg_eur": null, "rezsikoltseg_eur": null, "kaucio_eur": null, "tavolsag_metro_halozati_m": 1896.5, "metro_5p_seta": 0, "metro_10p_seta": 0, "metro_15p_seta": 0, "tavolsag_villamos_halozati_m": 975.8, "villamos_5p_seta": 0, "villamos_10p_seta": 0, "villamos_15p_seta": 1, "tavolsag_busz_halozati_m": 13.3, "busz_5p_seta": 1, "busz_10p_seta": 1, "tavolsag_kotottpalya_halozati_m": 975.8, "kotottpalya_5p_seta": 0, "kotottpalya_10p_seta": 0, "kotottpalya_15p_seta": 1, "tavolsag_park_halozati_m": 401.7, "park_5p_seta": 0, "park_10p_seta": 1, "park_15p_seta": 1, "poi_5p_count": 4.0, "poi_10p_count": 18.0, "poi_15p_count": 57.0, "tavolsag_iskola_halozati_m": null, "iskola_5p_seta": 0, "iskola_10p_seta": 0, "iskola_15p_seta": 0, "tavolsag_ovoda_halozati_m": null, "ovoda_5p_seta": 0, "ovoda_10p_seta": 0, "ovoda_15p_seta": 0, "tavolsag_bolt_halozati_m": 580.2, "bolt_5p_seta": 0, "bolt_10p_seta": 1, "bolt_15p_seta": 1, "tavolsag_gyogyszertar_halozati_m": 647.1, "gyogyszertar_5p_seta": 0, "gyogyszertar_10p_seta": 1, "gyogyszertar_15p_seta": 1, "tavolsag_orvos_halozati_m": 1648.7, "orvos_5p_seta": 0, "orvos_10p_seta": 0, "orvos_15p_seta": 0, "legkozelebbi_vasut": "Kőbánya-Kispest", "legkozelebbi_metro": "", "legkozelebbi_villamos": "Új köztemető", "legkozelebbi_busz": "Újhegyi út, Sportliget", "legkozelebbi_park": "Sportliget", "legkozelebbi_kotottpalya_tipus": "villamos" }, "geometry": { "type": "Point", "coordinates": [ 19.16875, 47.468138 ] } },
{ "type": "Feature", "properties": { "listing_id": "35342225", "listing_type": "elado", "cim_teljes": "Budapest X. kerület, Tavas utca 11.", "varosresz": "Újhegy", "price_huf": 104900000.0, "ar_millio_ft": 104.9, "ar_ezer_ft_ho": 104900.0, "nm_ar_huf": 1498571.4285714286, "log_ar": 18.468518073366525, "log_nm_ar": 14.220022831317166, "is_ar_outlier": 0, "alapterulet_nm": 70.0, "korrigalt_alapterulet_nm": 76.75, "szobaszam_osszes": 3.0, "allapot_kod": 6, "is_felujitando": 0, "is_ujszeru_vagy_uj": 1, "is_panel": 0, "is_tegla": 1, "has_lift": 1, "has_klima": 1, "has_erkely": 1, "is_foldszint": 1, "is_zaroszint": 0, "epulet_kora_ev": 0.0, "geokodolt_lat": 47.469764, "geokodolt_lon": 19.166789, "minta_garantalt_pontos": 1, "tavolsag_vasut_m": 1016.9, "vasut_zona": "1000-2000 m", "is_vasut_immisszio_150m": 0, "tavolsag_vasut_halozati_m": 1833.7, "menetido_vasut_gyalog_perc": 24.4, "vasut_5p_seta": 0, "vasut_10p_seta": 0, "vasut_15p_seta": 0, "url": "https://ingatlan.com/35342225", "title": "Eladó tégla lakás - Budapest X. kerület, Tavas utca 11. #35342225", "postal_code": "1108", "varos": "Budapest", "utca": "Tavas utca", "hazszam_vegleges": "11", "allapot": "új építésű", "ingatlan_altipus": "Tégla lakás", "epites_eve": 2025.0, "epites_eve_kategoria": "Új építésű (2025+)", "erkely_nm": 13.5, "szobaszam_egesz": 3.0, "szobaszam_fel": 0.0, "szobaszam_kategoria": "3 szoba", "atlagos_szobameret_nm": 23.333333333333332, "emelet": "földszint", "emelet_szam": 0.0, "epulet_szintjei_szam": 5.0, "is_magas_emelet_lift_nelkul": 0, "futes": "hőszivattyú, padlófűtés, fan-coil", "futes_kategoria": null, "has_tavfutes": 0, "has_konvektor": 0, "has_megujulo": 1, "has_garazs_vagy_beallo": 0, "energetikai_tanusitvany": "A+", "butorozott": null, "koltozheto": null, "min_berleti_ido": null, "kertkapcsolatos": "igen", "kozos_koltseg_huf": null, "rezsikoltseg_huf": null, "hirdeto_tipus": "Ingatlaniroda", "iroda_neve": null, "leiras_hossz": 2523.0, "fenykepek_szama": 4.0, "geokodolas_modszere": null, "geokodolas_pontossag": null, "price_eur": null, "nm_ar_eur": null, "kozos_koltseg_eur": null, "rezsikoltseg_eur": null, "kaucio_eur": null, "tavolsag_metro_halozati_m": 1839.6, "metro_5p_seta": 0, "metro_10p_seta": 0, "metro_15p_seta": 0, "tavolsag_villamos_halozati_m": 728.5, "villamos_5p_seta": 0, "villamos_10p_seta": 1, "villamos_15p_seta": 1, "tavolsag_busz_halozati_m": 155.3, "busz_5p_seta": 1, "busz_10p_seta": 1, "tavolsag_kotottpalya_halozati_m": 728.5, "kotottpalya_5p_seta": 0, "kotottpalya_10p_seta": 1, "kotottpalya_15p_seta": 1, "tavolsag_park_halozati_m": 411.5, "park_5p_seta": 0, "park_10p_seta": 1, "park_15p_seta": 1, "poi_5p_count": 9.0, "poi_10p_count": 29.0, "poi_15p_count": 51.0, "tavolsag_iskola_halozati_m": null, "iskola_5p_seta": 0, "iskola_10p_seta": 0, "iskola_15p_seta": 0, "tavolsag_ovoda_halozati_m": null, "ovoda_5p_seta": 0, "ovoda_10p_seta": 0, "ovoda_15p_seta": 0, "tavolsag_bolt_halozati_m": 353.1, "bolt_5p_seta": 1, "bolt_10p_seta": 1, "bolt_15p_seta": 1, "tavolsag_gyogyszertar_halozati_m": 430.3, "gyogyszertar_5p_seta": 0, "gyogyszertar_10p_seta": 1, "gyogyszertar_15p_seta": 1, "tavolsag_orvos_halozati_m": 1378.0, "orvos_5p_seta": 0, "orvos_10p_seta": 0, "orvos_15p_seta": 0, "legkozelebbi_vasut": "Kőbánya-Kispest", "legkozelebbi_metro": "", "legkozelebbi_villamos": "Sírkert út", "legkozelebbi_busz": "Tavas utca", "legkozelebbi_park": "Újhegy park", "legkozelebbi_kotottpalya_tipus": "villamos" }, "geometry": { "type": "Point", "coordinates": [ 19.166789, 47.469764 ] } },
{ "type": "Feature", "properties": { "listing_id": "35342285", "listing_type": "elado", "cim_teljes": "Budapest X. kerület, Tavas utca 11.", "varosresz": "Újhegy", "price_huf": 96900000.0, "ar_millio_ft": 96.9, "ar_ezer_ft_ho": 96900.0, "nm_ar_huf": 1468181.8181818181, "log_ar": 18.389190076860995, "log_nm_ar": 14.19953533483457, "is_ar_outlier": 0, "alapterulet_nm": 66.0, "korrigalt_alapterulet_nm": 68.25, "szobaszam_osszes": 3.0, "allapot_kod": 6, "is_felujitando": 0, "is_ujszeru_vagy_uj": 1, "is_panel": 0, "is_tegla": 1, "has_lift": 1, "has_klima": 1, "has_erkely": 1, "is_foldszint": 0, "is_zaroszint": 0, "epulet_kora_ev": 0.0, "geokodolt_lat": 47.469764, "geokodolt_lon": 19.166789, "minta_garantalt_pontos": 1, "tavolsag_vasut_m": 1016.9, "vasut_zona": "1000-2000 m", "is_vasut_immisszio_150m": 0, "tavolsag_vasut_halozati_m": 1833.7, "menetido_vasut_gyalog_perc": 24.4, "vasut_5p_seta": 0, "vasut_10p_seta": 0, "vasut_15p_seta": 0, "url": "https://ingatlan.com/35342285", "title": "Eladó tégla lakás - Budapest X. kerület, Tavas utca 11. #35342285", "postal_code": "1108", "varos": "Budapest", "utca": "Tavas utca", "hazszam_vegleges": "11", "allapot": "új építésű", "ingatlan_altipus": "Tégla lakás", "epites_eve": 2025.0, "epites_eve_kategoria": "Új építésű (2025+)", "erkely_nm": 4.5, "szobaszam_egesz": 3.0, "szobaszam_fel": 0.0, "szobaszam_kategoria": "3 szoba", "atlagos_szobameret_nm": 22.0, "emelet": "2", "emelet_szam": 2.0, "epulet_szintjei_szam": 5.0, "is_magas_emelet_lift_nelkul": 0, "futes": "hőszivattyú, padlófűtés, fan-coil", "futes_kategoria": null, "has_tavfutes": 0, "has_konvektor": 0, "has_megujulo": 1, "has_garazs_vagy_beallo": 0, "energetikai_tanusitvany": "A+", "butorozott": null, "koltozheto": null, "min_berleti_ido": null, "kertkapcsolatos": "nem", "kozos_koltseg_huf": null, "rezsikoltseg_huf": null, "hirdeto_tipus": "Ingatlaniroda", "iroda_neve": null, "leiras_hossz": 2469.0, "fenykepek_szama": 4.0, "geokodolas_modszere": null, "geokodolas_pontossag": null, "price_eur": null, "nm_ar_eur": null, "kozos_koltseg_eur": null, "rezsikoltseg_eur": null, "kaucio_eur": null, "tavolsag_metro_halozati_m": 1839.6, "metro_5p_seta": 0, "metro_10p_seta": 0, "metro_15p_seta": 0, "tavolsag_villamos_halozati_m": 728.5, "villamos_5p_seta": 0, "villamos_10p_seta": 1, "villamos_15p_seta": 1, "tavolsag_busz_halozati_m": 155.3, "busz_5p_seta": 1, "busz_10p_seta": 1, "tavolsag_kotottpalya_halozati_m": 728.5, "kotottpalya_5p_seta": 0, "kotottpalya_10p_seta": 1, "kotottpalya_15p_seta": 1, "tavolsag_park_halozati_m": 411.5, "park_5p_seta": 0, "park_10p_seta": 1, "park_15p_seta": 1, "poi_5p_count": 9.0, "poi_10p_count": 29.0, "poi_15p_count": 51.0, "tavolsag_iskola_halozati_m": null, "iskola_5p_seta": 0, "iskola_10p_seta": 0, "iskola_15p_seta": 0, "tavolsag_ovoda_halozati_m": null, "ovoda_5p_seta": 0, "ovoda_10p_seta": 0, "ovoda_15p_seta": 0, "tavolsag_bolt_halozati_m": 353.1, "bolt_5p_seta": 1, "bolt_10p_seta": 1, "bolt_15p_seta": 1, "tavolsag_gyogyszertar_halozati_m": 430.3, "gyogyszertar_5p_seta": 0, "gyogyszertar_10p_seta": 1, "gyogyszertar_15p_seta": 1, "tavolsag_orvos_halozati_m": 1378.0, "orvos_5p_seta": 0, "orvos_10p_seta": 0, "orvos_15p_seta": 0, "legkozelebbi_vasut": "Kőbánya-Kispest", "legkozelebbi_metro": "", "legkozelebbi_villamos": "Sírkert út", "legkozelebbi_busz": "Tavas utca", "legkozelebbi_park": "Újhegy park", "legkozelebbi_kotottpalya_tipus": "villamos" }, "geometry": { "type": "Point", "coordinates": [ 19.166789, 47.469764 ] } },
{ "type": "Feature", "properties": { "listing_id": "35345028", "listing_type": "elado", "cim_teljes": "Budapest X. kerület, Pára utca 4.", "varosresz": "Újhegy", "price_huf": 59000000.0, "ar_millio_ft": 59.0, "ar_ezer_ft_ho": 59000.0, "nm_ar_huf": 867647.0588235294, "log_ar": 17.893048001869992, "log_nm_ar": 13.673540296693886, "is_ar_outlier": 0, "alapterulet_nm": 68.0, "korrigalt_alapterulet_nm": 69.5, "szobaszam_osszes": 3.0, "allapot_kod": 1, "is_felujitando": 1, "is_ujszeru_vagy_uj": 0, "is_panel": 1, "is_tegla": 0, "has_lift": 1, "has_klima": 0, "has_erkely": 1, "is_foldszint": 0, "is_zaroszint": 0, "epulet_kora_ev": 58.0, "geokodolt_lat": 47.468513, "geokodolt_lon": 19.162901, "minta_garantalt_pontos": 1, "tavolsag_vasut_m": 785.4, "vasut_zona": "500-1000 m", "is_vasut_immisszio_150m": 0, "tavolsag_vasut_halozati_m": 1660.2, "menetido_vasut_gyalog_perc": 22.1, "vasut_5p_seta": 0, "vasut_10p_seta": 0, "vasut_15p_seta": 0, "url": "https://ingatlan.com/35345028", "title": "Eladó panel lakás - Budapest X. kerület, Pára utca 4. #35345028", "postal_code": "1108", "varos": "Budapest", "utca": "Pára utca", "hazszam_vegleges": "4", "allapot": "felújítandó", "ingatlan_altipus": "Panel lakás", "epites_eve": 1968.0, "epites_eve_kategoria": "30-60 év (panel-korszak)", "erkely_nm": 3.0, "szobaszam_egesz": 3.0, "szobaszam_fel": 0.0, "szobaszam_kategoria": "3 szoba", "atlagos_szobameret_nm": 22.666666666666668, "emelet": "2", "emelet_szam": 2.0, "epulet_szintjei_szam": 10.0, "is_magas_emelet_lift_nelkul": 0, "futes": "távfűtés", "futes_kategoria": null, "has_tavfutes": 1, "has_konvektor": 0, "has_megujulo": 0, "has_garazs_vagy_beallo": 0, "energetikai_tanusitvany": "nincs megadva", "butorozott": null, "koltozheto": null, "min_berleti_ido": null, "kertkapcsolatos": "nincs megadva", "kozos_koltseg_huf": null, "rezsikoltseg_huf": null, "hirdeto_tipus": "Magánszemély", "iroda_neve": null, "leiras_hossz": 590.0, "fenykepek_szama": 2.0, "geokodolas_modszere": null, "geokodolas_pontossag": null, "price_eur": null, "nm_ar_eur": null, "kozos_koltseg_eur": null, "rezsikoltseg_eur": null, "kaucio_eur": null, "tavolsag_metro_halozati_m": 1666.1, "metro_5p_seta": 0, "metro_10p_seta": 0, "metro_15p_seta": 0, "tavolsag_villamos_halozati_m": 1133.6, "villamos_5p_seta": 0, "villamos_10p_seta": 0, "villamos_15p_seta": 0, "tavolsag_busz_halozati_m": 161.8, "busz_5p_seta": 1, "busz_10p_seta": 1, "tavolsag_kotottpalya_halozati_m": 1133.6, "kotottpalya_5p_seta": 0, "kotottpalya_10p_seta": 0, "kotottpalya_15p_seta": 0, "tavolsag_park_halozati_m": 290.8, "park_5p_seta": 1, "park_10p_seta": 1, "park_15p_seta": 1, "poi_5p_count": 3.0, "poi_10p_count": 23.0, "poi_15p_count": 43.0, "tavolsag_iskola_halozati_m": null, "iskola_5p_seta": 0, "iskola_10p_seta": 0, "iskola_15p_seta": 0, "tavolsag_ovoda_halozati_m": null, "ovoda_5p_seta": 0, "ovoda_10p_seta": 0, "ovoda_15p_seta": 0, "tavolsag_bolt_halozati_m": 488.7, "bolt_5p_seta": 0, "bolt_10p_seta": 1, "bolt_15p_seta": 1, "tavolsag_gyogyszertar_halozati_m": 477.4, "gyogyszertar_5p_seta": 0, "gyogyszertar_10p_seta": 1, "gyogyszertar_15p_seta": 1, "tavolsag_orvos_halozati_m": 1717.9, "orvos_5p_seta": 0, "orvos_10p_seta": 0, "orvos_15p_seta": 0, "legkozelebbi_vasut": "Kőbánya-Kispest", "legkozelebbi_metro": "", "legkozelebbi_villamos": "Sírkert út", "legkozelebbi_busz": "Mélytó utca", "legkozelebbi_park": "Újhegy park", "legkozelebbi_kotottpalya_tipus": "villamos" }, "geometry": { "type": "Point", "coordinates": [ 19.162901, 47.468513 ] } },
{ "type": "Feature", "properties": { "listing_id": "35349639", "listing_type": "elado", "cim_teljes": "Budapest X. kerület, Állomás utca 6.", "varosresz": "Ligettelek", "price_huf": 95900000.0, "ar_millio_ft": 95.9, "ar_ezer_ft_ho": 95900.0, "nm_ar_huf": 1077528.0898876404, "log_ar": 18.378816539853666, "log_nm_ar": 13.890180170121527, "is_ar_outlier": 0, "alapterulet_nm": 89.0, "korrigalt_alapterulet_nm": 91.5, "szobaszam_osszes": 3.0, "allapot_kod": 4, "is_felujitando": 0, "is_ujszeru_vagy_uj": 0, "is_panel": 0, "is_tegla": 1, "has_lift": 0, "has_klima": 1, "has_erkely": 1, "is_foldszint": 0, "is_zaroszint": 1, "epulet_kora_ev": null, "geokodolt_lat": 47.484886, "geokodolt_lon": 19.127626, "minta_garantalt_pontos": 1, "tavolsag_vasut_m": 128.7, "vasut_zona": "<150 m", "is_vasut_immisszio_150m": 1, "tavolsag_vasut_halozati_m": 302.7, "menetido_vasut_gyalog_perc": 4.0, "vasut_5p_seta": 1, "vasut_10p_seta": 1, "vasut_15p_seta": 1, "url": "https://ingatlan.com/35349639", "title": "Eladó tégla lakás - Budapest X. kerület, Állomás utca 6. #35349639", "postal_code": "1102", "varos": "Budapest", "utca": "Állomás utca", "hazszam_vegleges": "6", "allapot": "felújított", "ingatlan_altipus": "Tégla lakás", "epites_eve": null, "epites_eve_kategoria": "Ismeretlen", "erkely_nm": 5.0, "szobaszam_egesz": 3.0, "szobaszam_fel": 0.0, "szobaszam_kategoria": "3 szoba", "atlagos_szobameret_nm": 29.666666666666668, "emelet": "3", "emelet_szam": 3.0, "epulet_szintjei_szam": 3.0, "is_magas_emelet_lift_nelkul": 0, "futes": "gázkazán", "futes_kategoria": null, "has_tavfutes": 0, "has_konvektor": 1, "has_megujulo": 0, "has_garazs_vagy_beallo": 0, "energetikai_tanusitvany": "nincs megadva", "butorozott": null, "koltozheto": null, "min_berleti_ido": null, "kertkapcsolatos": "nincs megadva", "kozos_koltseg_huf": null, "rezsikoltseg_huf": null, "hirdeto_tipus": "Ingatlaniroda", "iroda_neve": null, "leiras_hossz": 1081.0, "fenykepek_szama": 2.0, "geokodolas_modszere": null, "geokodolas_pontossag": null, "price_eur": null, "nm_ar_eur": null, "kozos_koltseg_eur": null, "rezsikoltseg_eur": null, "kaucio_eur": null, "tavolsag_metro_halozati_m": null, "metro_5p_seta": 0, "metro_10p_seta": 0, "metro_15p_seta": 0, "tavolsag_villamos_halozati_m": 334.3, "villamos_5p_seta": 1, "villamos_10p_seta": 1, "villamos_15p_seta": 1, "tavolsag_busz_halozati_m": 131.8, "busz_5p_seta": 1, "busz_10p_seta": 1, "tavolsag_kotottpalya_halozati_m": 302.7, "kotottpalya_5p_seta": 1, "kotottpalya_10p_seta": 1, "kotottpalya_15p_seta": 1, "tavolsag_park_halozati_m": 439.9, "park_5p_seta": 0, "park_10p_seta": 1, "park_15p_seta": 1, "poi_5p_count": 27.0, "poi_10p_count": 70.0, "poi_15p_count": 117.0, "tavolsag_iskola_halozati_m": 791.1, "iskola_5p_seta": 0, "iskola_10p_seta": 0, "iskola_15p_seta": 1, "tavolsag_ovoda_halozati_m": 861.6, "ovoda_5p_seta": 0, "ovoda_10p_seta": 0, "ovoda_15p_seta": 1, "tavolsag_bolt_halozati_m": 36.5, "bolt_5p_seta": 1, "bolt_10p_seta": 1, "bolt_15p_seta": 1, "tavolsag_gyogyszertar_halozati_m": 414.5, "gyogyszertar_5p_seta": 0, "gyogyszertar_10p_seta": 1, "gyogyszertar_15p_seta": 1, "tavolsag_orvos_halozati_m": null, "orvos_5p_seta": 0, "orvos_10p_seta": 0, "orvos_15p_seta": 0, "legkozelebbi_vasut": "Kőbánya alsó", "legkozelebbi_metro": "", "legkozelebbi_villamos": "Kőbánya alsó vasútállomás", "legkozelebbi_busz": "Kőbánya alsó vasútállomás", "legkozelebbi_park": "Névtelen zöldfelület / park", "legkozelebbi_kotottpalya_tipus": "vasut" }, "geometry": { "type": "Point", "coordinates": [ 19.127626, 47.484886 ] } },
{ "type": "Feature", "properties": { "listing_id": "35352511", "listing_type": "elado", "cim_teljes": "Budapest X. kerület, Makk utca 1.", "varosresz": "Gyárdűlő", "price_huf": 56900000.0, "ar_millio_ft": 56.9, "ar_ezer_ft_ho": 56900.0, "nm_ar_huf": 1778125.0, "log_ar": 17.85680589909656, "log_nm_ar": 14.391069996296833, "is_ar_outlier": 0, "alapterulet_nm": 32.0, "korrigalt_alapterulet_nm": 34.0, "szobaszam_osszes": 1.0, "allapot_kod": 3, "is_felujitando": 0, "is_ujszeru_vagy_uj": 0, "is_panel": 0, "is_tegla": 1, "has_lift": 1, "has_klima": 1, "has_erkely": 1, "is_foldszint": 0, "is_zaroszint": 0, "epulet_kora_ev": 21.0, "geokodolt_lat": 47.473262, "geokodolt_lon": 19.117354, "minta_garantalt_pontos": 1, "tavolsag_vasut_m": 347.8, "vasut_zona": "300-500 m", "is_vasut_immisszio_150m": 0, "tavolsag_vasut_halozati_m": 1509.6, "menetido_vasut_gyalog_perc": 20.1, "vasut_5p_seta": 0, "vasut_10p_seta": 0, "vasut_15p_seta": 0, "url": "https://ingatlan.com/35352511", "title": "Eladó tégla lakás - Budapest X. kerület, Makk utca 1. #35352511", "postal_code": "1107", "varos": "Budapest", "utca": "Makk utca", "hazszam_vegleges": "1", "allapot": "jó állapotú", "ingatlan_altipus": "Tégla lakás", "epites_eve": 2005.0, "epites_eve_kategoria": "10-30 év (rendszerváltás utáni)", "erkely_nm": 4.0, "szobaszam_egesz": 1.0, "szobaszam_fel": 0.0, "szobaszam_kategoria": "1 szoba", "atlagos_szobameret_nm": 32.0, "emelet": "3", "emelet_szam": 3.0, "epulet_szintjei_szam": 6.0, "is_magas_emelet_lift_nelkul": 0, "futes": "házközponti egyedi méréssel", "futes_kategoria": null, "has_tavfutes": 0, "has_konvektor": 0, "has_megujulo": 0, "has_garazs_vagy_beallo": 0, "energetikai_tanusitvany": "nincs megadva", "butorozott": null, "koltozheto": null, "min_berleti_ido": null, "kertkapcsolatos": "nincs megadva", "kozos_koltseg_huf": null, "rezsikoltseg_huf": null, "hirdeto_tipus": "Ingatlaniroda", "iroda_neve": null, "leiras_hossz": 1420.0, "fenykepek_szama": 3.0, "geokodolas_modszere": null, "geokodolas_pontossag": null, "price_eur": null, "nm_ar_eur": null, "kozos_koltseg_eur": null, "rezsikoltseg_eur": null, "kaucio_eur": null, "tavolsag_metro_halozati_m": 589.1, "metro_5p_seta": 0, "metro_10p_seta": 1, "metro_15p_seta": 1, "tavolsag_villamos_halozati_m": 163.0, "villamos_5p_seta": 1, "villamos_10p_seta": 1, "villamos_15p_seta": 1, "tavolsag_busz_halozati_m": 470.4, "busz_5p_seta": 0, "busz_10p_seta": 1, "tavolsag_kotottpalya_halozati_m": 163.0, "kotottpalya_5p_seta": 1, "kotottpalya_10p_seta": 1, "kotottpalya_15p_seta": 1, "tavolsag_park_halozati_m": 347.7, "park_5p_seta": 1, "park_10p_seta": 1, "park_15p_seta": 1, "poi_5p_count": 4.0, "poi_10p_count": 38.0, "poi_15p_count": 84.0, "tavolsag_iskola_halozati_m": 1210.7, "iskola_5p_seta": 0, "iskola_10p_seta": 0, "iskola_15p_seta": 0, "tavolsag_ovoda_halozati_m": 747.2, "ovoda_5p_seta": 0, "ovoda_10p_seta": 1, "ovoda_15p_seta": 1, "tavolsag_bolt_halozati_m": 327.4, "bolt_5p_seta": 1, "bolt_10p_seta": 1, "bolt_15p_seta": 1, "tavolsag_gyogyszertar_halozati_m": 198.6, "gyogyszertar_5p_seta": 1, "gyogyszertar_10p_seta": 1, "gyogyszertar_15p_seta": 1, "tavolsag_orvos_halozati_m": 970.6, "orvos_5p_seta": 0, "orvos_10p_seta": 0, "orvos_15p_seta": 1, "legkozelebbi_vasut": "Kőbánya alsó", "legkozelebbi_metro": "", "legkozelebbi_villamos": "Balkán utca", "legkozelebbi_busz": "Fertő utca / Bihari utca", "legkozelebbi_park": "Kékvirág park", "legkozelebbi_kotottpalya_tipus": "villamos" }, "geometry": { "type": "Point", "coordinates": [ 19.117354, 47.473262 ] } },
{ "type": "Feature", "properties": { "listing_id": "35355635", "listing_type": "elado", "cim_teljes": "Budapest X. kerület, Harmat utca 10-12.", "varosresz": "Ligettelek", "price_huf": 84900000.0, "ar_millio_ft": 84.9, "ar_ezer_ft_ho": 84900.0, "nm_ar_huf": 1286363.6363636365, "log_ar": 18.256984651281577, "log_nm_ar": 14.06732990925515, "is_ar_outlier": 0, "alapterulet_nm": 66.0, "korrigalt_alapterulet_nm": 66.0, "szobaszam_osszes": 3.0, "allapot_kod": 4, "is_felujitando": 0, "is_ujszeru_vagy_uj": 0, "is_panel": 0, "is_tegla": 1, "has_lift": 0, "has_klima": 1, "has_erkely": 0, "is_foldszint": 0, "is_zaroszint": 0, "epulet_kora_ev": 96.0, "geokodolt_lat": 47.489815, "geokodolt_lon": 19.136316, "minta_garantalt_pontos": 1, "tavolsag_vasut_m": 203.4, "vasut_zona": "150-300 m", "is_vasut_immisszio_150m": 0, "tavolsag_vasut_halozati_m": 605.0, "menetido_vasut_gyalog_perc": 8.1, "vasut_5p_seta": 0, "vasut_10p_seta": 1, "vasut_15p_seta": 1, "url": "https://ingatlan.com/35355635", "title": "Eladó tégla lakás - Budapest X. kerület, Harmat utca 10-12. #35355635", "postal_code": "1102", "varos": "Budapest", "utca": "Harmat utca", "hazszam_vegleges": "10-12", "allapot": "felújított", "ingatlan_altipus": "Tégla lakás", "epites_eve": 1930.0, "epites_eve_kategoria": "60+ év (háború előtti)", "erkely_nm": 0.0, "szobaszam_egesz": 3.0, "szobaszam_fel": 0.0, "szobaszam_kategoria": "3 szoba", "atlagos_szobameret_nm": 22.0, "emelet": "1", "emelet_szam": 1.0, "epulet_szintjei_szam": 5.0, "is_magas_emelet_lift_nelkul": 0, "futes": "gázkazán", "futes_kategoria": null, "has_tavfutes": 0, "has_konvektor": 1, "has_megujulo": 0, "has_garazs_vagy_beallo": 0, "energetikai_tanusitvany": "nincs megadva", "butorozott": null, "koltozheto": null, "min_berleti_ido": null, "kertkapcsolatos": "nem", "kozos_koltseg_huf": 16400.0, "rezsikoltseg_huf": null, "hirdeto_tipus": "Ingatlaniroda", "iroda_neve": null, "leiras_hossz": 672.0, "fenykepek_szama": 2.0, "geokodolas_modszere": null, "geokodolas_pontossag": null, "price_eur": null, "nm_ar_eur": null, "kozos_koltseg_eur": null, "rezsikoltseg_eur": null, "kaucio_eur": null, "tavolsag_metro_halozati_m": 1869.7, "metro_5p_seta": 0, "metro_10p_seta": 0, "metro_15p_seta": 0, "tavolsag_villamos_halozati_m": 85.5, "villamos_5p_seta": 1, "villamos_10p_seta": 1, "villamos_15p_seta": 1, "tavolsag_busz_halozati_m": 138.3, "busz_5p_seta": 1, "busz_10p_seta": 1, "tavolsag_kotottpalya_halozati_m": 85.5, "kotottpalya_5p_seta": 1, "kotottpalya_10p_seta": 1, "kotottpalya_15p_seta": 1, "tavolsag_park_halozati_m": 311.7, "park_5p_seta": 1, "park_10p_seta": 1, "park_15p_seta": 1, "poi_5p_count": 18.0, "poi_10p_count": 48.0, "poi_15p_count": 97.0, "tavolsag_iskola_halozati_m": 1314.9, "iskola_5p_seta": 0, "iskola_10p_seta": 0, "iskola_15p_seta": 0, "tavolsag_ovoda_halozati_m": 316.8, "ovoda_5p_seta": 1, "ovoda_10p_seta": 1, "ovoda_15p_seta": 1, "tavolsag_bolt_halozati_m": 684.8, "bolt_5p_seta": 0, "bolt_10p_seta": 1, "bolt_15p_seta": 1, "tavolsag_gyogyszertar_halozati_m": 81.2, "gyogyszertar_5p_seta": 1, "gyogyszertar_10p_seta": 1, "gyogyszertar_15p_seta": 1, "tavolsag_orvos_halozati_m": 1924.6, "orvos_5p_seta": 0, "orvos_10p_seta": 0, "orvos_15p_seta": 0, "legkozelebbi_vasut": "Kőbánya felső", "legkozelebbi_metro": "", "legkozelebbi_villamos": "Szent László Gimnázium", "legkozelebbi_busz": "Szent László Gimnázium", "legkozelebbi_park": "Sajó Sándor tér", "legkozelebbi_kotottpalya_tipus": "villamos" }, "geometry": { "type": "Point", "coordinates": [ 19.136316, 47.489815 ] } },
{ "type": "Feature", "properties": { "listing_id": "35361462", "listing_type": "elado", "cim_teljes": "Budapest X. kerület, Ihász utca 3.", "varosresz": "Óhegy", "price_huf": 85000000.0, "ar_millio_ft": 85.0, "ar_ezer_ft_ho": 85000.0, "nm_ar_huf": 1133333.3333333333, "log_ar": 18.258161814454592, "log_nm_ar": 13.94067370091828, "is_ar_outlier": 0, "alapterulet_nm": 75.0, "korrigalt_alapterulet_nm": 77.5, "szobaszam_osszes": 3.0, "allapot_kod": 3, "is_felujitando": 0, "is_ujszeru_vagy_uj": 0, "is_panel": 0, "is_tegla": 1, "has_lift": 0, "has_klima": 0, "has_erkely": 1, "is_foldszint": 0, "is_zaroszint": 0, "epulet_kora_ev": 21.0, "geokodolt_lat": 47.478073, "geokodolt_lon": 19.132804, "minta_garantalt_pontos": 1, "tavolsag_vasut_m": 117.0, "vasut_zona": "<150 m", "is_vasut_immisszio_150m": 1, "tavolsag_vasut_halozati_m": 808.9, "menetido_vasut_gyalog_perc": 10.8, "vasut_5p_seta": 0, "vasut_10p_seta": 0, "vasut_15p_seta": 1, "url": "https://ingatlan.com/35361462", "title": "Eladó tégla lakás - Budapest X. kerület, Ihász utca 3. #35361462", "postal_code": "1103", "varos": "Budapest", "utca": "Ihász utca", "hazszam_vegleges": "3", "allapot": "jó állapotú", "ingatlan_altipus": "Tégla lakás", "epites_eve": 2005.0, "epites_eve_kategoria": "10-30 év (rendszerváltás utáni)", "erkely_nm": 5.0, "szobaszam_egesz": 3.0, "szobaszam_fel": 0.0, "szobaszam_kategoria": "3 szoba", "atlagos_szobameret_nm": 25.0, "emelet": "3", "emelet_szam": 3.0, "epulet_szintjei_szam": 4.0, "is_magas_emelet_lift_nelkul": 0, "futes": "nincs megadva", "futes_kategoria": null, "has_tavfutes": 0, "has_konvektor": 0, "has_megujulo": 0, "has_garazs_vagy_beallo": 0, "energetikai_tanusitvany": "nincs megadva", "butorozott": null, "koltozheto": null, "min_berleti_ido": null, "kertkapcsolatos": "nincs megadva", "kozos_koltseg_huf": null, "rezsikoltseg_huf": null, "hirdeto_tipus": "Ingatlaniroda", "iroda_neve": null, "leiras_hossz": 738.0, "fenykepek_szama": 2.0, "geokodolas_modszere": null, "geokodolas_pontossag": null, "price_eur": null, "nm_ar_eur": null, "kozos_koltseg_eur": null, "rezsikoltseg_eur": null, "kaucio_eur": null, "tavolsag_metro_halozati_m": 1663.0, "metro_5p_seta": 0, "metro_10p_seta": 0, "metro_15p_seta": 0, "tavolsag_villamos_halozati_m": 592.5, "villamos_5p_seta": 0, "villamos_10p_seta": 1, "villamos_15p_seta": 1, "tavolsag_busz_halozati_m": 173.9, "busz_5p_seta": 1, "busz_10p_seta": 1, "tavolsag_kotottpalya_halozati_m": 592.5, "kotottpalya_5p_seta": 0, "kotottpalya_10p_seta": 1, "kotottpalya_15p_seta": 1, "tavolsag_park_halozati_m": 405.6, "park_5p_seta": 0, "park_10p_seta": 1, "park_15p_seta": 1, "poi_5p_count": 5.0, "poi_10p_count": 36.0, "poi_15p_count": 94.0, "tavolsag_iskola_halozati_m": 700.8, "iskola_5p_seta": 0, "iskola_10p_seta": 1, "iskola_15p_seta": 1, "tavolsag_ovoda_halozati_m": 1483.5, "ovoda_5p_seta": 0, "ovoda_10p_seta": 0, "ovoda_15p_seta": 0, "tavolsag_bolt_halozati_m": 282.3, "bolt_5p_seta": 1, "bolt_10p_seta": 1, "bolt_15p_seta": 1, "tavolsag_gyogyszertar_halozati_m": 721.2, "gyogyszertar_5p_seta": 0, "gyogyszertar_10p_seta": 1, "gyogyszertar_15p_seta": 1, "tavolsag_orvos_halozati_m": null, "orvos_5p_seta": 0, "orvos_10p_seta": 0, "orvos_15p_seta": 0, "legkozelebbi_vasut": "Kőbánya alsó", "legkozelebbi_metro": "Határ út", "legkozelebbi_villamos": "Kápolna utca", "legkozelebbi_busz": "Kelemen utca", "legkozelebbi_park": "Névtelen zöldfelület / park", "legkozelebbi_kotottpalya_tipus": "villamos" }, "geometry": { "type": "Point", "coordinates": [ 19.132804, 47.478073 ] } },
{ "type": "Feature", "properties": { "listing_id": "35362092", "listing_type": "elado", "cim_teljes": "Budapest X. kerület, Kápolna utca 21.", "varosresz": "Kőbánya-Városközpont", "price_huf": 82500000.0, "ar_millio_ft": 82.5, "ar_ezer_ft_ho": 82500.0, "nm_ar_huf": 1309523.8095238095, "log_ar": 18.228308851304909, "log_nm_ar": 14.085174124913376, "is_ar_outlier": 0, "alapterulet_nm": 63.0, "korrigalt_alapterulet_nm": 63.0, "szobaszam_osszes": 3.0, "allapot_kod": 4, "is_felujitando": 0, "is_ujszeru_vagy_uj": 0, "is_panel": 0, "is_tegla": 0, "has_lift": 1, "has_klima": 0, "has_erkely": 0, "is_foldszint": 0, "is_zaroszint": 0, "epulet_kora_ev": null, "geokodolt_lat": 47.481444, "geokodolt_lon": 19.13165, "minta_garantalt_pontos": 1, "tavolsag_vasut_m": 218.9, "vasut_zona": "150-300 m", "is_vasut_immisszio_150m": 0, "tavolsag_vasut_halozati_m": 479.4, "menetido_vasut_gyalog_perc": 6.4, "vasut_5p_seta": 0, "vasut_10p_seta": 1, "vasut_15p_seta": 1, "url": "https://ingatlan.com/35362092", "title": "Eladó csúsztatott zsalus - Budapest X. kerület, Kápolna utca 21. #35362092", "postal_code": "1102", "varos": "Budapest", "utca": "Kápolna utca", "hazszam_vegleges": "21", "allapot": "felújított", "ingatlan_altipus": "Csúsztatott zsalus lakás", "epites_eve": null, "epites_eve_kategoria": "Ismeretlen", "erkely_nm": 0.0, "szobaszam_egesz": 3.0, "szobaszam_fel": 0.0, "szobaszam_kategoria": "3 szoba", "atlagos_szobameret_nm": 21.0, "emelet": "2", "emelet_szam": 2.0, "epulet_szintjei_szam": 7.0, "is_magas_emelet_lift_nelkul": 0, "futes": "távfűtés", "futes_kategoria": null, "has_tavfutes": 1, "has_konvektor": 0, "has_megujulo": 0, "has_garazs_vagy_beallo": 0, "energetikai_tanusitvany": "nincs megadva", "butorozott": null, "koltozheto": null, "min_berleti_ido": null, "kertkapcsolatos": "nincs megadva", "kozos_koltseg_huf": null, "rezsikoltseg_huf": null, "hirdeto_tipus": "Ingatlaniroda", "iroda_neve": null, "leiras_hossz": 1156.0, "fenykepek_szama": 2.0, "geokodolas_modszere": null, "geokodolas_pontossag": null, "price_eur": null, "nm_ar_eur": null, "kozos_koltseg_eur": null, "rezsikoltseg_eur": null, "kaucio_eur": null, "tavolsag_metro_halozati_m": 2110.4, "metro_5p_seta": 0, "metro_10p_seta": 0, "metro_15p_seta": 0, "tavolsag_villamos_halozati_m": 191.0, "villamos_5p_seta": 1, "villamos_10p_seta": 1, "villamos_15p_seta": 1, "tavolsag_busz_halozati_m": 147.0, "busz_5p_seta": 1, "busz_10p_seta": 1, "tavolsag_kotottpalya_halozati_m": 191.0, "kotottpalya_5p_seta": 1, "kotottpalya_10p_seta": 1, "kotottpalya_15p_seta": 1, "tavolsag_park_halozati_m": 249.4, "park_5p_seta": 1, "park_10p_seta": 1, "park_15p_seta": 1, "poi_5p_count": 20.0, "poi_10p_count": 71.0, "poi_15p_count": 111.0, "tavolsag_iskola_halozati_m": 653.0, "iskola_5p_seta": 0, "iskola_10p_seta": 1, "iskola_15p_seta": 1, "tavolsag_ovoda_halozati_m": 1107.2, "ovoda_5p_seta": 0, "ovoda_10p_seta": 0, "ovoda_15p_seta": 1, "tavolsag_bolt_halozati_m": 86.0, "bolt_5p_seta": 1, "bolt_10p_seta": 1, "bolt_15p_seta": 1, "tavolsag_gyogyszertar_halozati_m": 354.4, "gyogyszertar_5p_seta": 1, "gyogyszertar_10p_seta": 1, "gyogyszertar_15p_seta": 1, "tavolsag_orvos_halozati_m": null, "orvos_5p_seta": 0, "orvos_10p_seta": 0, "orvos_15p_seta": 0, "legkozelebbi_vasut": "Kőbánya alsó", "legkozelebbi_metro": "Határ út", "legkozelebbi_villamos": "Kőbánya alsó vasútállomás (Kápolna utca)", "legkozelebbi_busz": "Kápolna utca", "legkozelebbi_park": "Névtelen zöldfelület / park", "legkozelebbi_kotottpalya_tipus": "villamos" }, "geometry": { "type": "Point", "coordinates": [ 19.13165, 47.481444 ] } },
{ "type": "Feature", "properties": { "listing_id": "35362975", "listing_type": "elado", "cim_teljes": "Budapest X. kerület, Kőrösi Csoma Sándor út 41.", "varosresz": "Kőbánya-Városközpont", "price_huf": 59900000.0, "ar_millio_ft": 59.9, "ar_ezer_ft_ho": 59900.0, "nm_ar_huf": 1089090.9090909092, "log_ar": 17.908187063085677, "log_nm_ar": 13.900853877853207, "is_ar_outlier": 0, "alapterulet_nm": 55.0, "korrigalt_alapterulet_nm": 57.0, "szobaszam_osszes": 2.0, "allapot_kod": 3, "is_felujitando": 0, "is_ujszeru_vagy_uj": 0, "is_panel": 0, "is_tegla": 0, "has_lift": 1, "has_klima": 0, "has_erkely": 1, "is_foldszint": 0, "is_zaroszint": 0, "epulet_kora_ev": 58.0, "geokodolt_lat": 47.489046, "geokodolt_lon": 19.136408, "minta_garantalt_pontos": 1, "tavolsag_vasut_m": 287.6, "vasut_zona": "150-300 m", "is_vasut_immisszio_150m": 0, "tavolsag_vasut_halozati_m": 673.1, "menetido_vasut_gyalog_perc": 9.0, "vasut_5p_seta": 0, "vasut_10p_seta": 1, "vasut_15p_seta": 1, "url": "https://ingatlan.com/35362975", "title": "Eladó csúsztatott zsalus - Budapest X. kerület, Kőrösi Csoma Sándor út 41. #35362975", "postal_code": "1102", "varos": "Budapest", "utca": "Kőrösi Csoma Sándor út", "hazszam_vegleges": "41", "allapot": "jó állapotú", "ingatlan_altipus": "Csúsztatott zsalus lakás", "epites_eve": 1968.0, "epites_eve_kategoria": "30-60 év (panel-korszak)", "erkely_nm": 4.0, "szobaszam_egesz": 2.0, "szobaszam_fel": 0.0, "szobaszam_kategoria": "2 szoba", "atlagos_szobameret_nm": 27.5, "emelet": "7", "emelet_szam": 7.0, "epulet_szintjei_szam": 9.0, "is_magas_emelet_lift_nelkul": 0, "futes": "házközponti", "futes_kategoria": null, "has_tavfutes": 0, "has_konvektor": 0, "has_megujulo": 0, "has_garazs_vagy_beallo": 0, "energetikai_tanusitvany": "E", "butorozott": null, "koltozheto": null, "min_berleti_ido": null, "kertkapcsolatos": "nem", "kozos_koltseg_huf": 12000.0, "rezsikoltseg_huf": 8000.0, "hirdeto_tipus": "Ingatlaniroda", "iroda_neve": null, "leiras_hossz": 925.0, "fenykepek_szama": 2.0, "geokodolas_modszere": null, "geokodolas_pontossag": null, "price_eur": null, "nm_ar_eur": null, "kozos_koltseg_eur": null, "rezsikoltseg_eur": null, "kaucio_eur": null, "tavolsag_metro_halozati_m": 2012.4, "metro_5p_seta": 0, "metro_10p_seta": 0, "metro_15p_seta": 0, "tavolsag_villamos_halozati_m": 120.5, "villamos_5p_seta": 1, "villamos_10p_seta": 1, "villamos_15p_seta": 1, "tavolsag_busz_halozati_m": 136.5, "busz_5p_seta": 1, "busz_10p_seta": 1, "tavolsag_kotottpalya_halozati_m": 120.5, "kotottpalya_5p_seta": 1, "kotottpalya_10p_seta": 1, "kotottpalya_15p_seta": 1, "tavolsag_park_halozati_m": 395.5, "park_5p_seta": 0, "park_10p_seta": 1, "park_15p_seta": 1, "poi_5p_count": 9.0, "poi_10p_count": 44.0, "poi_15p_count": 105.0, "tavolsag_iskola_halozati_m": 1310.9, "iskola_5p_seta": 0, "iskola_10p_seta": 0, "iskola_15p_seta": 0, "tavolsag_ovoda_halozati_m": 252.1, "ovoda_5p_seta": 1, "ovoda_10p_seta": 1, "ovoda_15p_seta": 1, "tavolsag_bolt_halozati_m": 639.5, "bolt_5p_seta": 0, "bolt_10p_seta": 1, "bolt_15p_seta": 1, "tavolsag_gyogyszertar_halozati_m": 138.8, "gyogyszertar_5p_seta": 1, "gyogyszertar_10p_seta": 1, "gyogyszertar_15p_seta": 1, "tavolsag_orvos_halozati_m": 2067.3, "orvos_5p_seta": 0, "orvos_10p_seta": 0, "orvos_15p_seta": 0, "legkozelebbi_vasut": "Kőbánya felső", "legkozelebbi_metro": "", "legkozelebbi_villamos": "Szent László Gimnázium", "legkozelebbi_busz": "Szent László Gimnázium", "legkozelebbi_park": "Rottenbiller park", "legkozelebbi_kotottpalya_tipus": "villamos" }, "geometry": { "type": "Point", "coordinates": [ 19.136408, 47.489046 ] } },
{ "type": "Feature", "properties": { "listing_id": "35367619", "listing_type": "elado", "cim_teljes": "Budapest X. kerület, Hungária körút 5-7.", "varosresz": "Laposdűlő", "price_huf": 82990000.0, "ar_millio_ft": 82.99, "ar_ezer_ft_ho": 82990.0, "nm_ar_huf": 1152638.888888889, "log_ar": 18.234230676574629, "log_nm_ar": 13.957564557558575, "is_ar_outlier": 0, "alapterulet_nm": 72.0, "korrigalt_alapterulet_nm": 72.0, "szobaszam_osszes": 3.0, "allapot_kod": 3, "is_felujitando": 0, "is_ujszeru_vagy_uj": 0, "is_panel": 1, "is_tegla": 0, "has_lift": 1, "has_klima": 1, "has_erkely": 0, "is_foldszint": 0, "is_zaroszint": 0, "epulet_kora_ev": 38.0, "geokodolt_lat": 47.491796, "geokodolt_lon": 19.109243, "minta_garantalt_pontos": 1, "tavolsag_vasut_m": 369.0, "vasut_zona": "300-500 m", "is_vasut_immisszio_150m": 0, "tavolsag_vasut_halozati_m": null, "menetido_vasut_gyalog_perc": null, "vasut_5p_seta": 0, "vasut_10p_seta": 0, "vasut_15p_seta": 0, "url": "https://ingatlan.com/35367619", "title": "Eladó panel lakás - Budapest X. kerület, Hungária körút 5-7. #35367619", "postal_code": "1101", "varos": "Budapest", "utca": "Hungária körút", "hazszam_vegleges": "5-7", "allapot": "jó állapotú", "ingatlan_altipus": "Panel lakás", "epites_eve": 1988.0, "epites_eve_kategoria": "30-60 év (panel-korszak)", "erkely_nm": 0.0, "szobaszam_egesz": 3.0, "szobaszam_fel": 0.0, "szobaszam_kategoria": "3 szoba", "atlagos_szobameret_nm": 24.0, "emelet": "8", "emelet_szam": 8.0, "epulet_szintjei_szam": 10.0, "is_magas_emelet_lift_nelkul": 0, "futes": "házközponti egyedi méréssel", "futes_kategoria": null, "has_tavfutes": 0, "has_konvektor": 0, "has_megujulo": 0, "has_garazs_vagy_beallo": 0, "energetikai_tanusitvany": "nincs megadva", "butorozott": null, "koltozheto": null, "min_berleti_ido": null, "kertkapcsolatos": "nem", "kozos_koltseg_huf": 35000.0, "rezsikoltseg_huf": null, "hirdeto_tipus": "Ingatlaniroda", "iroda_neve": null, "leiras_hossz": 533.0, "fenykepek_szama": 4.0, "geokodolas_modszere": null, "geokodolas_pontossag": null, "price_eur": null, "nm_ar_eur": null, "kozos_koltseg_eur": null, "rezsikoltseg_eur": null, "kaucio_eur": null, "tavolsag_metro_halozati_m": 1037.0, "metro_5p_seta": 0, "metro_10p_seta": 0, "metro_15p_seta": 1, "tavolsag_villamos_halozati_m": 119.5, "villamos_5p_seta": 1, "villamos_10p_seta": 1, "villamos_15p_seta": 1, "tavolsag_busz_halozati_m": 120.8, "busz_5p_seta": 1, "busz_10p_seta": 1, "tavolsag_kotottpalya_halozati_m": 119.5, "kotottpalya_5p_seta": 1, "kotottpalya_10p_seta": 1, "kotottpalya_15p_seta": 1, "tavolsag_park_halozati_m": 434.0, "park_5p_seta": 0, "park_10p_seta": 1, "park_15p_seta": 1, "poi_5p_count": 11.0, "poi_10p_count": 30.0, "poi_15p_count": 68.0, "tavolsag_iskola_halozati_m": 940.9, "iskola_5p_seta": 0, "iskola_10p_seta": 0, "iskola_15p_seta": 1, "tavolsag_ovoda_halozati_m": 978.5, "ovoda_5p_seta": 0, "ovoda_10p_seta": 0, "ovoda_15p_seta": 1, "tavolsag_bolt_halozati_m": 145.2, "bolt_5p_seta": 1, "bolt_10p_seta": 1, "bolt_15p_seta": 1, "tavolsag_gyogyszertar_halozati_m": 209.2, "gyogyszertar_5p_seta": 1, "gyogyszertar_10p_seta": 1, "gyogyszertar_15p_seta": 1, "tavolsag_orvos_halozati_m": 1055.5, "orvos_5p_seta": 0, "orvos_10p_seta": 0, "orvos_15p_seta": 1, "legkozelebbi_vasut": "", "legkozelebbi_metro": "", "legkozelebbi_villamos": "Hidegkuti Nándor Stadion", "legkozelebbi_busz": "Hidegkuti Nándor Stadion", "legkozelebbi_park": "Tbiliszi tér", "legkozelebbi_kotottpalya_tipus": "villamos" }, "geometry": { "type": "Point", "coordinates": [ 19.109243, 47.491796 ] } },
{ "type": "Feature", "properties": { "listing_id": "35372930", "listing_type": "elado", "cim_teljes": "Budapest X. kerület, Martinovics tér 4.", "varosresz": "Óhegy", "price_huf": 83900000.0, "ar_millio_ft": 83.9, "ar_ezer_ft_ho": 83900.0, "nm_ar_huf": 687704.91803278693, "log_ar": 18.245136171437434, "log_nm_ar": 13.441115126704178, "is_ar_outlier": 0, "alapterulet_nm": 122.0, "korrigalt_alapterulet_nm": 126.0, "szobaszam_osszes": 3.0, "allapot_kod": 1, "is_felujitando": 1, "is_ujszeru_vagy_uj": 0, "is_panel": 0, "is_tegla": 1, "has_lift": 1, "has_klima": 0, "has_erkely": 1, "is_foldszint": 0, "is_zaroszint": 0, "epulet_kora_ev": 96.0, "geokodolt_lat": 47.480762, "geokodolt_lon": 19.133538, "minta_garantalt_pontos": 1, "tavolsag_vasut_m": 307.0, "vasut_zona": "300-500 m", "is_vasut_immisszio_150m": 0, "tavolsag_vasut_halozati_m": 629.7, "menetido_vasut_gyalog_perc": 8.4, "vasut_5p_seta": 0, "vasut_10p_seta": 1, "vasut_15p_seta": 1, "url": "https://ingatlan.com/35372930", "title": "Eladó tégla lakás - Budapest X. kerület, Martinovics tér 4. #35372930", "postal_code": "1105", "varos": "Budapest", "utca": "Martinovics tér", "hazszam_vegleges": "4", "allapot": "felújítandó", "ingatlan_altipus": "Tégla lakás", "epites_eve": 1930.0, "epites_eve_kategoria": "60+ év (háború előtti)", "erkely_nm": 8.0, "szobaszam_egesz": 3.0, "szobaszam_fel": 0.0, "szobaszam_kategoria": "3 szoba", "atlagos_szobameret_nm": 40.666666666666664, "emelet": "3", "emelet_szam": 3.0, "epulet_szintjei_szam": 5.0, "is_magas_emelet_lift_nelkul": 0, "futes": "gázkazán", "futes_kategoria": null, "has_tavfutes": 0, "has_konvektor": 1, "has_megujulo": 0, "has_garazs_vagy_beallo": 0, "energetikai_tanusitvany": "I", "butorozott": null, "koltozheto": null, "min_berleti_ido": null, "kertkapcsolatos": "nincs megadva", "kozos_koltseg_huf": null, "rezsikoltseg_huf": null, "hirdeto_tipus": "Ingatlaniroda", "iroda_neve": null, "leiras_hossz": 1045.0, "fenykepek_szama": 4.0, "geokodolas_modszere": null, "geokodolas_pontossag": null, "price_eur": null, "nm_ar_eur": null, "kozos_koltseg_eur": null, "rezsikoltseg_eur": null, "kaucio_eur": null, "tavolsag_metro_halozati_m": 2080.9, "metro_5p_seta": 0, "metro_10p_seta": 0, "metro_15p_seta": 0, "tavolsag_villamos_halozati_m": 343.2, "villamos_5p_seta": 1, "villamos_10p_seta": 1, "villamos_15p_seta": 1, "tavolsag_busz_halozati_m": 190.9, "busz_5p_seta": 1, "busz_10p_seta": 1, "tavolsag_kotottpalya_halozati_m": 343.2, "kotottpalya_5p_seta": 1, "kotottpalya_10p_seta": 1, "kotottpalya_15p_seta": 1, "tavolsag_park_halozati_m": 288.5, "park_5p_seta": 1, "park_10p_seta": 1, "park_15p_seta": 1, "poi_5p_count": 14.0, "poi_10p_count": 73.0, "poi_15p_count": 115.0, "tavolsag_iskola_halozati_m": 497.7, "iskola_5p_seta": 0, "iskola_10p_seta": 1, "iskola_15p_seta": 1, "tavolsag_ovoda_halozati_m": 1151.5, "ovoda_5p_seta": 0, "ovoda_10p_seta": 0, "ovoda_15p_seta": 0, "tavolsag_bolt_halozati_m": 204.4, "bolt_5p_seta": 1, "bolt_10p_seta": 1, "bolt_15p_seta": 1, "tavolsag_gyogyszertar_halozati_m": 474.1, "gyogyszertar_5p_seta": 0, "gyogyszertar_10p_seta": 1, "gyogyszertar_15p_seta": 1, "tavolsag_orvos_halozati_m": null, "orvos_5p_seta": 0, "orvos_10p_seta": 0, "orvos_15p_seta": 0, "legkozelebbi_vasut": "Kőbánya alsó", "legkozelebbi_metro": "Határ út", "legkozelebbi_villamos": "Kápolna utca", "legkozelebbi_busz": "Ihász utca", "legkozelebbi_park": "Névtelen zöldfelület / park", "legkozelebbi_kotottpalya_tipus": "villamos" }, "geometry": { "type": "Point", "coordinates": [ 19.133538, 47.480762 ] } },
{ "type": "Feature", "properties": { "listing_id": "35377251", "listing_type": "elado", "cim_teljes": "Budapest X. kerület, Cserkesz utca 31.", "varosresz": "Óhegy", "price_huf": 59900000.0, "ar_millio_ft": 59.9, "ar_ezer_ft_ho": 59900.0, "nm_ar_huf": 1497500.0, "log_ar": 17.908187063085677, "log_nm_ar": 14.219307608971741, "is_ar_outlier": 0, "alapterulet_nm": 40.0, "korrigalt_alapterulet_nm": 41.0, "szobaszam_osszes": 2.0, "allapot_kod": 3, "is_felujitando": 0, "is_ujszeru_vagy_uj": 0, "is_panel": 0, "is_tegla": 1, "has_lift": 0, "has_klima": 0, "has_erkely": 1, "is_foldszint": 0, "is_zaroszint": 0, "epulet_kora_ev": 21.0, "geokodolt_lat": 47.478118, "geokodolt_lon": 19.133892, "minta_garantalt_pontos": 1, "tavolsag_vasut_m": 192.7, "vasut_zona": "150-300 m", "is_vasut_immisszio_150m": 0, "tavolsag_vasut_halozati_m": 863.7, "menetido_vasut_gyalog_perc": 11.5, "vasut_5p_seta": 0, "vasut_10p_seta": 0, "vasut_15p_seta": 1, "url": "https://ingatlan.com/35377251", "title": "Eladó tégla lakás - Budapest X. kerület, Cserkesz utca 31. #35377251", "postal_code": "1105", "varos": "Budapest", "utca": "Cserkesz utca", "hazszam_vegleges": "31", "allapot": "jó állapotú", "ingatlan_altipus": "Tégla lakás", "epites_eve": 2005.0, "epites_eve_kategoria": "10-30 év (rendszerváltás utáni)", "erkely_nm": 2.0, "szobaszam_egesz": 2.0, "szobaszam_fel": 0.0, "szobaszam_kategoria": "2 szoba", "atlagos_szobameret_nm": 20.0, "emelet": "2", "emelet_szam": 2.0, "epulet_szintjei_szam": 4.0, "is_magas_emelet_lift_nelkul": 0, "futes": "házközponti egyedi méréssel", "futes_kategoria": null, "has_tavfutes": 0, "has_konvektor": 0, "has_megujulo": 0, "has_garazs_vagy_beallo": 0, "energetikai_tanusitvany": "B", "butorozott": null, "koltozheto": null, "min_berleti_ido": null, "kertkapcsolatos": "nincs megadva", "kozos_koltseg_huf": 8449.0, "rezsikoltseg_huf": null, "hirdeto_tipus": "Ingatlaniroda", "iroda_neve": null, "leiras_hossz": 2045.0, "fenykepek_szama": 4.0, "geokodolas_modszere": null, "geokodolas_pontossag": null, "price_eur": null, "nm_ar_eur": null, "kozos_koltseg_eur": null, "rezsikoltseg_eur": null, "kaucio_eur": null, "tavolsag_metro_halozati_m": 1715.7, "metro_5p_seta": 0, "metro_10p_seta": 0, "metro_15p_seta": 0, "tavolsag_villamos_halozati_m": 601.6, "villamos_5p_seta": 0, "villamos_10p_seta": 1, "villamos_15p_seta": 1, "tavolsag_busz_halozati_m": 284.7, "busz_5p_seta": 1, "busz_10p_seta": 1, "tavolsag_kotottpalya_halozati_m": 601.6, "kotottpalya_5p_seta": 0, "kotottpalya_10p_seta": 1, "kotottpalya_15p_seta": 1, "tavolsag_park_halozati_m": 392.6, "park_5p_seta": 0, "park_10p_seta": 1, "park_15p_seta": 1, "poi_5p_count": 5.0, "poi_10p_count": 39.0, "poi_15p_count": 93.0, "tavolsag_iskola_halozati_m": 687.8, "iskola_5p_seta": 0, "iskola_10p_seta": 1, "iskola_15p_seta": 1, "tavolsag_ovoda_halozati_m": 1492.6, "ovoda_5p_seta": 0, "ovoda_10p_seta": 0, "ovoda_15p_seta": 0, "tavolsag_bolt_halozati_m": 286.4, "bolt_5p_seta": 1, "bolt_10p_seta": 1, "bolt_15p_seta": 1, "tavolsag_gyogyszertar_halozati_m": 570.4, "gyogyszertar_5p_seta": 0, "gyogyszertar_10p_seta": 1, "gyogyszertar_15p_seta": 1, "tavolsag_orvos_halozati_m": null, "orvos_5p_seta": 0, "orvos_10p_seta": 0, "orvos_15p_seta": 0, "legkozelebbi_vasut": "Kőbánya alsó", "legkozelebbi_metro": "Határ út", "legkozelebbi_villamos": "Kápolna utca", "legkozelebbi_busz": "Ihász utca", "legkozelebbi_park": "Névtelen zöldfelület / park", "legkozelebbi_kotottpalya_tipus": "villamos" }, "geometry": { "type": "Point", "coordinates": [ 19.133892, 47.478118 ] } },
{ "type": "Feature", "properties": { "listing_id": "35378785", "listing_type": "elado", "cim_teljes": "Budapest X. kerület, Kőrösi Csoma Sándor út 6.", "varosresz": "Kőbánya-Városközpont", "price_huf": 76900000.0, "ar_millio_ft": 76.9, "ar_ezer_ft_ho": 76900.0, "nm_ar_huf": 1450943.3962264152, "log_ar": 18.158016434475872, "log_nm_ar": 14.187724520923751, "is_ar_outlier": 0, "alapterulet_nm": 53.0, "korrigalt_alapterulet_nm": 54.0, "szobaszam_osszes": 2.0, "allapot_kod": 3, "is_felujitando": 0, "is_ujszeru_vagy_uj": 0, "is_panel": 0, "is_tegla": 1, "has_lift": 1, "has_klima": 1, "has_erkely": 1, "is_foldszint": 0, "is_zaroszint": 0, "epulet_kora_ev": 21.0, "geokodolt_lat": 47.482987, "geokodolt_lon": 19.129957, "minta_garantalt_pontos": 1, "tavolsag_vasut_m": 185.8, "vasut_zona": "150-300 m", "is_vasut_immisszio_150m": 0, "tavolsag_vasut_halozati_m": 314.3, "menetido_vasut_gyalog_perc": 4.2, "vasut_5p_seta": 1, "vasut_10p_seta": 1, "vasut_15p_seta": 1, "url": "https://ingatlan.com/35378785", "title": "Eladó tégla lakás - Budapest X. kerület, Kőrösi Csoma Sándor út 6. #35378785", "postal_code": "1102", "varos": "Budapest", "utca": "Kőrösi Csoma Sándor út", "hazszam_vegleges": "6", "allapot": "jó állapotú", "ingatlan_altipus": "Tégla lakás", "epites_eve": 2005.0, "epites_eve_kategoria": "10-30 év (rendszerváltás utáni)", "erkely_nm": 2.0, "szobaszam_egesz": 2.0, "szobaszam_fel": 0.0, "szobaszam_kategoria": "2 szoba", "atlagos_szobameret_nm": 26.5, "emelet": "8", "emelet_szam": 8.0, "epulet_szintjei_szam": 9.0, "is_magas_emelet_lift_nelkul": 0, "futes": "gázkazán, hűtő-fűtő klíma", "futes_kategoria": null, "has_tavfutes": 0, "has_konvektor": 1, "has_megujulo": 0, "has_garazs_vagy_beallo": 0, "energetikai_tanusitvany": "B", "butorozott": null, "koltozheto": null, "min_berleti_ido": null, "kertkapcsolatos": "nem", "kozos_koltseg_huf": 18000.0, "rezsikoltseg_huf": null, "hirdeto_tipus": "Ingatlaniroda", "iroda_neve": null, "leiras_hossz": 1095.0, "fenykepek_szama": 4.0, "geokodolas_modszere": null, "geokodolas_pontossag": null, "price_eur": null, "nm_ar_eur": null, "kozos_koltseg_eur": null, "rezsikoltseg_eur": null, "kaucio_eur": null, "tavolsag_metro_halozati_m": 2117.1, "metro_5p_seta": 0, "metro_10p_seta": 0, "metro_15p_seta": 0, "tavolsag_villamos_halozati_m": 121.3, "villamos_5p_seta": 1, "villamos_10p_seta": 1, "villamos_15p_seta": 1, "tavolsag_busz_halozati_m": 35.9, "busz_5p_seta": 1, "busz_10p_seta": 1, "tavolsag_kotottpalya_halozati_m": 121.3, "kotottpalya_5p_seta": 1, "kotottpalya_10p_seta": 1, "kotottpalya_15p_seta": 1, "tavolsag_park_halozati_m": 156.9, "park_5p_seta": 1, "park_10p_seta": 1, "park_15p_seta": 1, "poi_5p_count": 42.0, "poi_10p_count": 76.0, "poi_15p_count": 121.0, "tavolsag_iskola_halozati_m": 739.2, "iskola_5p_seta": 0, "iskola_10p_seta": 1, "iskola_15p_seta": 1, "tavolsag_ovoda_halozati_m": 941.5, "ovoda_5p_seta": 0, "ovoda_10p_seta": 0, "ovoda_15p_seta": 1, "tavolsag_bolt_halozati_m": 166.7, "bolt_5p_seta": 1, "bolt_10p_seta": 1, "bolt_15p_seta": 1, "tavolsag_gyogyszertar_halozati_m": 49.2, "gyogyszertar_5p_seta": 1, "gyogyszertar_10p_seta": 1, "gyogyszertar_15p_seta": 1, "tavolsag_orvos_halozati_m": null, "orvos_5p_seta": 0, "orvos_10p_seta": 0, "orvos_15p_seta": 0, "legkozelebbi_vasut": "Kőbánya alsó", "legkozelebbi_metro": "", "legkozelebbi_villamos": "Kápolna utca", "legkozelebbi_busz": "Liget tér", "legkozelebbi_park": "Liget téri park", "legkozelebbi_kotottpalya_tipus": "villamos" }, "geometry": { "type": "Point", "coordinates": [ 19.129957, 47.482987 ] } },
{ "type": "Feature", "properties": { "listing_id": "35384085", "listing_type": "elado", "cim_teljes": "Budapest X. kerület, Balkán utca 14.", "varosresz": "Gyárdűlő", "price_huf": 59900000.0, "ar_millio_ft": 59.9, "ar_ezer_ft_ho": 59900.0, "nm_ar_huf": 966129.03225806449, "log_ar": 17.908187063085677, "log_nm_ar": 13.781052678040586, "is_ar_outlier": 0, "alapterulet_nm": 62.0, "korrigalt_alapterulet_nm": 62.0, "szobaszam_osszes": 3.0, "allapot_kod": 1, "is_felujitando": 1, "is_ujszeru_vagy_uj": 0, "is_panel": 1, "is_tegla": 0, "has_lift": 1, "has_klima": 1, "has_erkely": 0, "is_foldszint": 1, "is_zaroszint": 0, "epulet_kora_ev": 38.0, "geokodolt_lat": 47.472851, "geokodolt_lon": 19.116779, "minta_garantalt_pontos": 1, "tavolsag_vasut_m": 352.1, "vasut_zona": "300-500 m", "is_vasut_immisszio_150m": 0, "tavolsag_vasut_halozati_m": 1570.4, "menetido_vasut_gyalog_perc": 20.9, "vasut_5p_seta": 0, "vasut_10p_seta": 0, "vasut_15p_seta": 0, "url": "https://ingatlan.com/35384085", "title": "Eladó panel lakás - Budapest X. kerület, Balkán utca 14. #35384085", "postal_code": "1107", "varos": "Budapest", "utca": "Balkán utca", "hazszam_vegleges": "14", "allapot": "felújítandó", "ingatlan_altipus": "Panel lakás", "epites_eve": 1988.0, "epites_eve_kategoria": "30-60 év (panel-korszak)", "erkely_nm": 0.0, "szobaszam_egesz": 3.0, "szobaszam_fel": 0.0, "szobaszam_kategoria": "3 szoba", "atlagos_szobameret_nm": 20.666666666666668, "emelet": "földszint", "emelet_szam": 0.0, "epulet_szintjei_szam": 10.0, "is_magas_emelet_lift_nelkul": 0, "futes": "távfűtés egyedi méréssel", "futes_kategoria": null, "has_tavfutes": 1, "has_konvektor": 0, "has_megujulo": 0, "has_garazs_vagy_beallo": 0, "energetikai_tanusitvany": "D", "butorozott": null, "koltozheto": null, "min_berleti_ido": null, "kertkapcsolatos": "nincs megadva", "kozos_koltseg_huf": 16135.0, "rezsikoltseg_huf": 25000.0, "hirdeto_tipus": "Ingatlaniroda", "iroda_neve": null, "leiras_hossz": 1633.0, "fenykepek_szama": 4.0, "geokodolas_modszere": null, "geokodolas_pontossag": null, "price_eur": null, "nm_ar_eur": null, "kozos_koltseg_eur": null, "rezsikoltseg_eur": null, "kaucio_eur": null, "tavolsag_metro_halozati_m": 591.3, "metro_5p_seta": 0, "metro_10p_seta": 1, "metro_15p_seta": 1, "tavolsag_villamos_halozati_m": 163.5, "villamos_5p_seta": 1, "villamos_10p_seta": 1, "villamos_15p_seta": 1, "tavolsag_busz_halozati_m": 522.9, "busz_5p_seta": 0, "busz_10p_seta": 1, "tavolsag_kotottpalya_halozati_m": 163.5, "kotottpalya_5p_seta": 1, "kotottpalya_10p_seta": 1, "kotottpalya_15p_seta": 1, "tavolsag_park_halozati_m": 349.9, "park_5p_seta": 1, "park_10p_seta": 1, "park_15p_seta": 1, "poi_5p_count": 4.0, "poi_10p_count": 37.0, "poi_15p_count": 84.0, "tavolsag_iskola_halozati_m": 1211.2, "iskola_5p_seta": 0, "iskola_10p_seta": 0, "iskola_15p_seta": 0, "tavolsag_ovoda_halozati_m": 749.3, "ovoda_5p_seta": 0, "ovoda_10p_seta": 1, "ovoda_15p_seta": 1, "tavolsag_bolt_halozati_m": 329.6, "bolt_5p_seta": 1, "bolt_10p_seta": 1, "bolt_15p_seta": 1, "tavolsag_gyogyszertar_halozati_m": 200.7, "gyogyszertar_5p_seta": 1, "gyogyszertar_10p_seta": 1, "gyogyszertar_15p_seta": 1, "tavolsag_orvos_halozati_m": 972.7, "orvos_5p_seta": 0, "orvos_10p_seta": 0, "orvos_15p_seta": 1, "legkozelebbi_vasut": "Kőbánya alsó", "legkozelebbi_metro": "", "legkozelebbi_villamos": "Balkán utca", "legkozelebbi_busz": "Fertő utca / Bihari utca", "legkozelebbi_park": "Kékvirág park", "legkozelebbi_kotottpalya_tipus": "villamos" }, "geometry": { "type": "Point", "coordinates": [ 19.116779, 47.472851 ] } },
{ "type": "Feature", "properties": { "listing_id": "35387846", "listing_type": "elado", "cim_teljes": "Budapest X. kerület, Harmat utca 73.", "varosresz": "Óhegy", "price_huf": 65000000.0, "ar_millio_ft": 65.0, "ar_ezer_ft_ho": 65000.0, "nm_ar_huf": 1140350.8771929825, "log_ar": 17.98989782785991, "log_nm_ar": 13.946846560025362, "is_ar_outlier": 0, "alapterulet_nm": 57.0, "korrigalt_alapterulet_nm": 59.0, "szobaszam_osszes": 2.0, "allapot_kod": 2, "is_felujitando": 1, "is_ujszeru_vagy_uj": 0, "is_panel": 0, "is_tegla": 0, "has_lift": 0, "has_klima": 1, "has_erkely": 1, "is_foldszint": 0, "is_zaroszint": 0, "epulet_kora_ev": 58.0, "geokodolt_lat": 47.479751, "geokodolt_lon": 19.149869, "minta_garantalt_pontos": 1, "tavolsag_vasut_m": 972.7, "vasut_zona": "500-1000 m", "is_vasut_immisszio_150m": 0, "tavolsag_vasut_halozati_m": 2059.4, "menetido_vasut_gyalog_perc": 27.5, "vasut_5p_seta": 0, "vasut_10p_seta": 0, "vasut_15p_seta": 0, "url": "https://ingatlan.com/35387846", "title": "Eladó csúsztatott zsalus - Budapest X. kerület, Harmat utca 73. #35387846", "postal_code": "1104", "varos": "Budapest", "utca": "Harmat utca", "hazszam_vegleges": "73", "allapot": "közepes állapotú", "ingatlan_altipus": "Csúsztatott zsalus lakás", "epites_eve": 1968.0, "epites_eve_kategoria": "30-60 év (panel-korszak)", "erkely_nm": 4.0, "szobaszam_egesz": 2.0, "szobaszam_fel": 0.0, "szobaszam_kategoria": "2 szoba", "atlagos_szobameret_nm": 28.5, "emelet": "1", "emelet_szam": 1.0, "epulet_szintjei_szam": 4.0, "is_magas_emelet_lift_nelkul": 0, "futes": "egyéb, gáz (konvektor), elektromos fűtőpanel", "futes_kategoria": null, "has_tavfutes": 0, "has_konvektor": 1, "has_megujulo": 0, "has_garazs_vagy_beallo": 0, "energetikai_tanusitvany": "nincs megadva", "butorozott": null, "koltozheto": null, "min_berleti_ido": null, "kertkapcsolatos": "nem", "kozos_koltseg_huf": 17.0, "rezsikoltseg_huf": null, "hirdeto_tipus": "Ingatlaniroda", "iroda_neve": null, "leiras_hossz": 465.0, "fenykepek_szama": 2.0, "geokodolas_modszere": null, "geokodolas_pontossag": null, "price_eur": null, "nm_ar_eur": null, "kozos_koltseg_eur": null, "rezsikoltseg_eur": null, "kaucio_eur": null, "tavolsag_metro_halozati_m": null, "metro_5p_seta": 0, "metro_10p_seta": 0, "metro_15p_seta": 0, "tavolsag_villamos_halozati_m": 858.1, "villamos_5p_seta": 0, "villamos_10p_seta": 0, "villamos_15p_seta": 1, "tavolsag_busz_halozati_m": 192.3, "busz_5p_seta": 1, "busz_10p_seta": 1, "tavolsag_kotottpalya_halozati_m": 858.1, "kotottpalya_5p_seta": 0, "kotottpalya_10p_seta": 0, "kotottpalya_15p_seta": 1, "tavolsag_park_halozati_m": 393.1, "park_5p_seta": 0, "park_10p_seta": 1, "park_15p_seta": 1, "poi_5p_count": 3.0, "poi_10p_count": 18.0, "poi_15p_count": 47.0, "tavolsag_iskola_halozati_m": 1352.2, "iskola_5p_seta": 0, "iskola_10p_seta": 0, "iskola_15p_seta": 0, "tavolsag_ovoda_halozati_m": 1604.5, "ovoda_5p_seta": 0, "ovoda_10p_seta": 0, "ovoda_15p_seta": 0, "tavolsag_bolt_halozati_m": 327.3, "bolt_5p_seta": 1, "bolt_10p_seta": 1, "bolt_15p_seta": 1, "tavolsag_gyogyszertar_halozati_m": 463.2, "gyogyszertar_5p_seta": 0, "gyogyszertar_10p_seta": 1, "gyogyszertar_15p_seta": 1, "tavolsag_orvos_halozati_m": 1228.6, "orvos_5p_seta": 0, "orvos_10p_seta": 0, "orvos_15p_seta": 0, "legkozelebbi_vasut": "Kőbánya alsó", "legkozelebbi_metro": "", "legkozelebbi_villamos": "Kocka utca", "legkozelebbi_busz": "Vörösdinka utca", "legkozelebbi_park": "Szabadidőpark", "legkozelebbi_kotottpalya_tipus": "villamos" }, "geometry": { "type": "Point", "coordinates": [ 19.149869, 47.479751 ] } },
{ "type": "Feature", "properties": { "listing_id": "35393664", "listing_type": "elado", "cim_teljes": "Budapest X. kerület, Cserkesz utca 19.", "varosresz": "Kőbánya-Városközpont", "price_huf": 118000000.0, "ar_millio_ft": 118.0, "ar_ezer_ft_ho": 118000.0, "nm_ar_huf": 1191919.191919192, "log_ar": 18.58619518242994, "log_nm_ar": 13.991075332295349, "is_ar_outlier": 0, "alapterulet_nm": 99.0, "korrigalt_alapterulet_nm": 102.0, "szobaszam_osszes": 4.0, "allapot_kod": 6, "is_felujitando": 0, "is_ujszeru_vagy_uj": 1, "is_panel": 0, "is_tegla": 1, "has_lift": 0, "has_klima": 1, "has_erkely": 1, "is_foldszint": 0, "is_zaroszint": 0, "epulet_kora_ev": 0.0, "geokodolt_lat": 47.481559, "geokodolt_lon": 19.130438, "minta_garantalt_pontos": 1, "tavolsag_vasut_m": 145.0, "vasut_zona": "<150 m", "is_vasut_immisszio_150m": 1, "tavolsag_vasut_halozati_m": 388.4, "menetido_vasut_gyalog_perc": 5.2, "vasut_5p_seta": 0, "vasut_10p_seta": 1, "vasut_15p_seta": 1, "url": "https://ingatlan.com/35393664", "title": "Eladó tégla lakás - Budapest X. kerület, Cserkesz utca 19. #35393664", "postal_code": "1105", "varos": "Budapest", "utca": "Cserkesz utca", "hazszam_vegleges": "19", "allapot": "új építésű", "ingatlan_altipus": "Tégla lakás", "epites_eve": 2025.0, "epites_eve_kategoria": "Új építésű (2025+)", "erkely_nm": 6.0, "szobaszam_egesz": 4.0, "szobaszam_fel": 0.0, "szobaszam_kategoria": "4+ szoba", "atlagos_szobameret_nm": 24.75, "emelet": "2", "emelet_szam": 2.0, "epulet_szintjei_szam": 3.0, "is_magas_emelet_lift_nelkul": 0, "futes": "hőszivattyú, mennyezeti hűtés-fűtés", "futes_kategoria": null, "has_tavfutes": 0, "has_konvektor": 0, "has_megujulo": 1, "has_garazs_vagy_beallo": 0, "energetikai_tanusitvany": "A+", "butorozott": null, "koltozheto": null, "min_berleti_ido": null, "kertkapcsolatos": "igen", "kozos_koltseg_huf": null, "rezsikoltseg_huf": 40000.0, "hirdeto_tipus": "Ingatlaniroda", "iroda_neve": null, "leiras_hossz": 1382.0, "fenykepek_szama": 4.0, "geokodolas_modszere": null, "geokodolas_pontossag": null, "price_eur": null, "nm_ar_eur": null, "kozos_koltseg_eur": null, "rezsikoltseg_eur": null, "kaucio_eur": null, "tavolsag_metro_halozati_m": 2119.9, "metro_5p_seta": 0, "metro_10p_seta": 0, "metro_15p_seta": 0, "tavolsag_villamos_halozati_m": 126.3, "villamos_5p_seta": 1, "villamos_10p_seta": 1, "villamos_15p_seta": 1, "tavolsag_busz_halozati_m": 126.8, "busz_5p_seta": 1, "busz_10p_seta": 1, "tavolsag_kotottpalya_halozati_m": 126.3, "kotottpalya_5p_seta": 1, "kotottpalya_10p_seta": 1, "kotottpalya_15p_seta": 1, "tavolsag_park_halozati_m": 199.9, "park_5p_seta": 1, "park_10p_seta": 1, "park_15p_seta": 1, "poi_5p_count": 27.0, "poi_10p_count": 73.0, "poi_15p_count": 120.0, "tavolsag_iskola_halozati_m": 778.1, "iskola_5p_seta": 0, "iskola_10p_seta": 0, "iskola_15p_seta": 1, "tavolsag_ovoda_halozati_m": 1017.3, "ovoda_5p_seta": 0, "ovoda_10p_seta": 0, "ovoda_15p_seta": 1, "tavolsag_bolt_halozati_m": 203.6, "bolt_5p_seta": 1, "bolt_10p_seta": 1, "bolt_15p_seta": 1, "tavolsag_gyogyszertar_halozati_m": 264.5, "gyogyszertar_5p_seta": 1, "gyogyszertar_10p_seta": 1, "gyogyszertar_15p_seta": 1, "tavolsag_orvos_halozati_m": null, "orvos_5p_seta": 0, "orvos_10p_seta": 0, "orvos_15p_seta": 0, "legkozelebbi_vasut": "Kőbánya alsó", "legkozelebbi_metro": "Határ út", "legkozelebbi_villamos": "Kápolna utca", "legkozelebbi_busz": "Kápolna utca", "legkozelebbi_park": "Liget téri park", "legkozelebbi_kotottpalya_tipus": "villamos" }, "geometry": { "type": "Point", "coordinates": [ 19.130438, 47.481559 ] } },
{ "type": "Feature", "properties": { "listing_id": "35393891", "listing_type": "elado", "cim_teljes": "Budapest X. kerület, Kápolna utca 3.", "varosresz": "Kőbánya-Városközpont", "price_huf": 59000000.0, "ar_millio_ft": 59.0, "ar_ezer_ft_ho": 59000.0, "nm_ar_huf": 936507.93650793645, "log_ar": 17.893048001869992, "log_nm_ar": 13.749913275478461, "is_ar_outlier": 0, "alapterulet_nm": 63.0, "korrigalt_alapterulet_nm": 63.0, "szobaszam_osszes": 3.0, "allapot_kod": 3, "is_felujitando": 0, "is_ujszeru_vagy_uj": 0, "is_panel": 1, "is_tegla": 0, "has_lift": 1, "has_klima": 1, "has_erkely": 0, "is_foldszint": 0, "is_zaroszint": 0, "epulet_kora_ev": 38.0, "geokodolt_lat": 47.481995, "geokodolt_lon": 19.129461, "minta_garantalt_pontos": 1, "tavolsag_vasut_m": 102.3, "vasut_zona": "<150 m", "is_vasut_immisszio_150m": 1, "tavolsag_vasut_halozati_m": 273.1, "menetido_vasut_gyalog_perc": 3.6, "vasut_5p_seta": 1, "vasut_10p_seta": 1, "vasut_15p_seta": 1, "url": "https://ingatlan.com/35393891", "title": "Eladó panel lakás - Budapest X. kerület, Kápolna utca 3. #35393891", "postal_code": "1102", "varos": "Budapest", "utca": "Kápolna utca", "hazszam_vegleges": "3", "allapot": "jó állapotú", "ingatlan_altipus": "Panel lakás", "epites_eve": 1988.0, "epites_eve_kategoria": "30-60 év (panel-korszak)", "erkely_nm": 0.0, "szobaszam_egesz": 3.0, "szobaszam_fel": 0.0, "szobaszam_kategoria": "3 szoba", "atlagos_szobameret_nm": 21.0, "emelet": "5", "emelet_szam": 5.0, "epulet_szintjei_szam": 9.0, "is_magas_emelet_lift_nelkul": 0, "futes": "távfűtés", "futes_kategoria": null, "has_tavfutes": 1, "has_konvektor": 0, "has_megujulo": 0, "has_garazs_vagy_beallo": 0, "energetikai_tanusitvany": "nincs megadva", "butorozott": null, "koltozheto": null, "min_berleti_ido": null, "kertkapcsolatos": "nincs megadva", "kozos_koltseg_huf": null, "rezsikoltseg_huf": null, "hirdeto_tipus": "Ingatlaniroda", "iroda_neve": null, "leiras_hossz": 95.0, "fenykepek_szama": 4.0, "geokodolas_modszere": null, "geokodolas_pontossag": null, "price_eur": null, "nm_ar_eur": null, "kozos_koltseg_eur": null, "rezsikoltseg_eur": null, "kaucio_eur": null, "tavolsag_metro_halozati_m": 2007.9, "metro_5p_seta": 0, "metro_10p_seta": 0, "metro_15p_seta": 0, "tavolsag_villamos_halozati_m": 126.1, "villamos_5p_seta": 1, "villamos_10p_seta": 1, "villamos_15p_seta": 1, "tavolsag_busz_halozati_m": 52.4, "busz_5p_seta": 1, "busz_10p_seta": 1, "tavolsag_kotottpalya_halozati_m": 126.1, "kotottpalya_5p_seta": 1, "kotottpalya_10p_seta": 1, "kotottpalya_15p_seta": 1, "tavolsag_park_halozati_m": 234.1, "park_5p_seta": 1, "park_10p_seta": 1, "park_15p_seta": 1, "poi_5p_count": 44.0, "poi_10p_count": 83.0, "poi_15p_count": 115.0, "tavolsag_iskola_halozati_m": 691.7, "iskola_5p_seta": 0, "iskola_10p_seta": 1, "iskola_15p_seta": 1, "tavolsag_ovoda_halozati_m": 1041.0, "ovoda_5p_seta": 0, "ovoda_10p_seta": 0, "ovoda_15p_seta": 1, "tavolsag_bolt_halozati_m": 210.5, "bolt_5p_seta": 1, "bolt_10p_seta": 1, "bolt_15p_seta": 1, "tavolsag_gyogyszertar_halozati_m": 273.2, "gyogyszertar_5p_seta": 1, "gyogyszertar_10p_seta": 1, "gyogyszertar_15p_seta": 1, "tavolsag_orvos_halozati_m": null, "orvos_5p_seta": 0, "orvos_10p_seta": 0, "orvos_15p_seta": 0, "legkozelebbi_vasut": "Kőbánya alsó", "legkozelebbi_metro": "", "legkozelebbi_villamos": "Kőbánya alsó vasútállomás", "legkozelebbi_busz": "Kőbánya alsó vasútállomás", "legkozelebbi_park": "Liget téri park", "legkozelebbi_kotottpalya_tipus": "villamos" }, "geometry": { "type": "Point", "coordinates": [ 19.129461, 47.481995 ] } },
{ "type": "Feature", "properties": { "listing_id": "35394550", "listing_type": "elado", "cim_teljes": "Budapest X. kerület, Állomás utca 25.", "varosresz": "Kőbánya-Városközpont", "price_huf": 50000000.0, "ar_millio_ft": 50.0, "ar_ezer_ft_ho": 50000.0, "nm_ar_huf": 1219512.1951219512, "log_ar": 17.72753356339242, "log_nm_ar": 14.013961496688113, "is_ar_outlier": 0, "alapterulet_nm": 41.0, "korrigalt_alapterulet_nm": 42.0, "szobaszam_osszes": 2.0, "allapot_kod": 3, "is_felujitando": 0, "is_ujszeru_vagy_uj": 0, "is_panel": 1, "is_tegla": 0, "has_lift": 1, "has_klima": 1, "has_erkely": 1, "is_foldszint": 0, "is_zaroszint": 0, "epulet_kora_ev": 38.0, "geokodolt_lat": 47.48541, "geokodolt_lon": 19.13018, "minta_garantalt_pontos": 1, "tavolsag_vasut_m": 325.0, "vasut_zona": "300-500 m", "is_vasut_immisszio_150m": 0, "tavolsag_vasut_halozati_m": 517.9, "menetido_vasut_gyalog_perc": 6.9, "vasut_5p_seta": 0, "vasut_10p_seta": 1, "vasut_15p_seta": 1, "url": "https://ingatlan.com/35394550", "title": "Eladó panel lakás - Budapest X. kerület, Állomás utca 25. #35394550", "postal_code": "1102", "varos": "Budapest", "utca": "Állomás utca", "hazszam_vegleges": "25", "allapot": "jó állapotú", "ingatlan_altipus": "Panel lakás", "epites_eve": 1988.0, "epites_eve_kategoria": "30-60 év (panel-korszak)", "erkely_nm": 2.0, "szobaszam_egesz": 2.0, "szobaszam_fel": 0.0, "szobaszam_kategoria": "2 szoba", "atlagos_szobameret_nm": 20.5, "emelet": "6", "emelet_szam": 6.0, "epulet_szintjei_szam": 10.0, "is_magas_emelet_lift_nelkul": 0, "futes": "távfűtés, hűtő-fűtő klíma", "futes_kategoria": null, "has_tavfutes": 1, "has_konvektor": 0, "has_megujulo": 0, "has_garazs_vagy_beallo": 0, "energetikai_tanusitvany": "nincs megadva", "butorozott": null, "koltozheto": null, "min_berleti_ido": null, "kertkapcsolatos": "nincs megadva", "kozos_koltseg_huf": 16000.0, "rezsikoltseg_huf": 21000.0, "hirdeto_tipus": "Ingatlaniroda", "iroda_neve": null, "leiras_hossz": 907.0, "fenykepek_szama": 2.0, "geokodolas_modszere": null, "geokodolas_pontossag": null, "price_eur": null, "nm_ar_eur": null, "kozos_koltseg_eur": null, "rezsikoltseg_eur": null, "kaucio_eur": null, "tavolsag_metro_halozati_m": null, "metro_5p_seta": 0, "metro_10p_seta": 0, "metro_15p_seta": 0, "tavolsag_villamos_halozati_m": 249.7, "villamos_5p_seta": 1, "villamos_10p_seta": 1, "villamos_15p_seta": 1, "tavolsag_busz_halozati_m": 106.5, "busz_5p_seta": 1, "busz_10p_seta": 1, "tavolsag_kotottpalya_halozati_m": 249.7, "kotottpalya_5p_seta": 1, "kotottpalya_10p_seta": 1, "kotottpalya_15p_seta": 1, "tavolsag_park_halozati_m": 282.1, "park_5p_seta": 1, "park_10p_seta": 1, "park_15p_seta": 1, "poi_5p_count": 15.0, "poi_10p_count": 66.0, "poi_15p_count": 118.0, "tavolsag_iskola_halozati_m": 1006.2, "iskola_5p_seta": 0, "iskola_10p_seta": 0, "iskola_15p_seta": 1, "tavolsag_ovoda_halozati_m": 703.7, "ovoda_5p_seta": 0, "ovoda_10p_seta": 1, "ovoda_15p_seta": 1, "tavolsag_bolt_halozati_m": 24.2, "bolt_5p_seta": 1, "bolt_10p_seta": 1, "bolt_15p_seta": 1, "tavolsag_gyogyszertar_halozati_m": 281.6, "gyogyszertar_5p_seta": 1, "gyogyszertar_10p_seta": 1, "gyogyszertar_15p_seta": 1, "tavolsag_orvos_halozati_m": null, "orvos_5p_seta": 0, "orvos_10p_seta": 0, "orvos_15p_seta": 0, "legkozelebbi_vasut": "Kőbánya alsó", "legkozelebbi_metro": "", "legkozelebbi_villamos": "Szent László tér", "legkozelebbi_busz": "Szent László tér", "legkozelebbi_park": "Névtelen zöldfelület / park", "legkozelebbi_kotottpalya_tipus": "villamos" }, "geometry": { "type": "Point", "coordinates": [ 19.13018, 47.48541 ] } },
{ "type": "Feature", "properties": { "listing_id": "35407756", "listing_type": "elado", "cim_teljes": "Budapest X. kerület, Állomás utca 11.", "varosresz": "Kőbánya-Városközpont", "price_huf": 55000000.0, "ar_millio_ft": 55.0, "ar_ezer_ft_ho": 55000.0, "nm_ar_huf": 1100000.0, "log_ar": 17.822843743196746, "log_nm_ar": 13.910820737768599, "is_ar_outlier": 0, "alapterulet_nm": 50.0, "korrigalt_alapterulet_nm": 50.0, "szobaszam_osszes": 2.0, "allapot_kod": 3, "is_felujitando": 0, "is_ujszeru_vagy_uj": 0, "is_panel": 1, "is_tegla": 0, "has_lift": 0, "has_klima": 0, "has_erkely": 0, "is_foldszint": 0, "is_zaroszint": 0, "epulet_kora_ev": null, "geokodolt_lat": 47.484823, "geokodolt_lon": 19.128699, "minta_garantalt_pontos": 1, "tavolsag_vasut_m": 196.1, "vasut_zona": "150-300 m", "is_vasut_immisszio_150m": 0, "tavolsag_vasut_halozati_m": 443.5, "menetido_vasut_gyalog_perc": 5.9, "vasut_5p_seta": 0, "vasut_10p_seta": 1, "vasut_15p_seta": 1, "url": "https://ingatlan.com/35407756", "title": "Eladó panel lakás - Budapest X. kerület, Állomás utca 11. #35407756", "postal_code": "1102", "varos": "Budapest", "utca": "Állomás utca", "hazszam_vegleges": "11", "allapot": "nincs megadva", "ingatlan_altipus": "Panel lakás", "epites_eve": null, "epites_eve_kategoria": "Ismeretlen", "erkely_nm": 0.0, "szobaszam_egesz": 2.0, "szobaszam_fel": 0.0, "szobaszam_kategoria": "2 szoba", "atlagos_szobameret_nm": 25.0, "emelet": "nincs megadva", "emelet_szam": null, "epulet_szintjei_szam": null, "is_magas_emelet_lift_nelkul": 0, "futes": "nincs megadva", "futes_kategoria": null, "has_tavfutes": 0, "has_konvektor": 0, "has_megujulo": 0, "has_garazs_vagy_beallo": 0, "energetikai_tanusitvany": "nincs megadva", "butorozott": null, "koltozheto": null, "min_berleti_ido": null, "kertkapcsolatos": "nincs megadva", "kozos_koltseg_huf": null, "rezsikoltseg_huf": null, "hirdeto_tipus": "Ingatlaniroda", "iroda_neve": null, "leiras_hossz": 64.0, "fenykepek_szama": 2.0, "geokodolas_modszere": null, "geokodolas_pontossag": null, "price_eur": null, "nm_ar_eur": null, "kozos_koltseg_eur": null, "rezsikoltseg_eur": null, "kaucio_eur": null, "tavolsag_metro_halozati_m": null, "metro_5p_seta": 0, "metro_10p_seta": 0, "metro_15p_seta": 0, "tavolsag_villamos_halozati_m": 299.4, "villamos_5p_seta": 1, "villamos_10p_seta": 1, "villamos_15p_seta": 1, "tavolsag_busz_halozati_m": 168.0, "busz_5p_seta": 1, "busz_10p_seta": 1, "tavolsag_kotottpalya_halozati_m": 299.4, "kotottpalya_5p_seta": 1, "kotottpalya_10p_seta": 1, "kotottpalya_15p_seta": 1, "tavolsag_park_halozati_m": 433.3, "park_5p_seta": 0, "park_10p_seta": 1, "park_15p_seta": 1, "poi_5p_count": 26.0, "poi_10p_count": 65.0, "poi_15p_count": 115.0, "tavolsag_iskola_halozati_m": 886.6, "iskola_5p_seta": 0, "iskola_10p_seta": 0, "iskola_15p_seta": 1, "tavolsag_ovoda_halozati_m": 850.3, "ovoda_5p_seta": 0, "ovoda_10p_seta": 0, "ovoda_15p_seta": 1, "tavolsag_bolt_halozati_m": 128.2, "bolt_5p_seta": 1, "bolt_10p_seta": 1, "bolt_15p_seta": 1, "tavolsag_gyogyszertar_halozati_m": 243.8, "gyogyszertar_5p_seta": 1, "gyogyszertar_10p_seta": 1, "gyogyszertar_15p_seta": 1, "tavolsag_orvos_halozati_m": null, "orvos_5p_seta": 0, "orvos_10p_seta": 0, "orvos_15p_seta": 0, "legkozelebbi_vasut": "Kőbánya alsó", "legkozelebbi_metro": "", "legkozelebbi_villamos": "Szent László tér", "legkozelebbi_busz": "Kőbánya alsó vasútállomás", "legkozelebbi_park": "Névtelen zöldfelület / park", "legkozelebbi_kotottpalya_tipus": "villamos" }, "geometry": { "type": "Point", "coordinates": [ 19.128699, 47.484823 ] } },
{ "type": "Feature", "properties": { "listing_id": "35417785", "listing_type": "elado", "cim_teljes": "Budapest X. kerület, Sörgyár utca 84.", "varosresz": "Óhegy", "price_huf": 59900000.0, "ar_millio_ft": 59.9, "ar_ezer_ft_ho": 59900.0, "nm_ar_huf": 1174509.8039215687, "log_ar": 17.908187063085677, "log_nm_ar": 13.976361430361353, "is_ar_outlier": 0, "alapterulet_nm": 51.0, "korrigalt_alapterulet_nm": 51.0, "szobaszam_osszes": 3.0, "allapot_kod": 3, "is_felujitando": 0, "is_ujszeru_vagy_uj": 0, "is_panel": 0, "is_tegla": 0, "has_lift": 0, "has_klima": 1, "has_erkely": 0, "is_foldszint": 0, "is_zaroszint": 1, "epulet_kora_ev": 58.0, "geokodolt_lat": 47.476437, "geokodolt_lon": 19.163647, "minta_garantalt_pontos": 1, "tavolsag_vasut_m": 424.4, "vasut_zona": "300-500 m", "is_vasut_immisszio_150m": 0, "tavolsag_vasut_halozati_m": 1923.6, "menetido_vasut_gyalog_perc": 25.6, "vasut_5p_seta": 0, "vasut_10p_seta": 0, "vasut_15p_seta": 0, "url": "https://ingatlan.com/35417785", "title": "Eladó csúsztatott zsalus - Budapest X. kerület, Sörgyár utca 84. #35417785", "postal_code": "1104", "varos": "Budapest", "utca": "Sörgyár utca", "hazszam_vegleges": "84", "allapot": "jó állapotú", "ingatlan_altipus": "Csúsztatott zsalus lakás", "epites_eve": 1968.0, "epites_eve_kategoria": "30-60 év (panel-korszak)", "erkely_nm": 0.0, "szobaszam_egesz": 3.0, "szobaszam_fel": 0.0, "szobaszam_kategoria": "3 szoba", "atlagos_szobameret_nm": 17.0, "emelet": "3", "emelet_szam": 3.0, "epulet_szintjei_szam": 3.0, "is_magas_emelet_lift_nelkul": 0, "futes": "gáz (konvektor)", "futes_kategoria": null, "has_tavfutes": 0, "has_konvektor": 1, "has_megujulo": 0, "has_garazs_vagy_beallo": 0, "energetikai_tanusitvany": "nincs megadva", "butorozott": null, "koltozheto": null, "min_berleti_ido": null, "kertkapcsolatos": "nem", "kozos_koltseg_huf": null, "rezsikoltseg_huf": null, "hirdeto_tipus": "Ingatlaniroda", "iroda_neve": null, "leiras_hossz": 1306.0, "fenykepek_szama": 2.0, "geokodolas_modszere": null, "geokodolas_pontossag": null, "price_eur": null, "nm_ar_eur": null, "kozos_koltseg_eur": null, "rezsikoltseg_eur": null, "kaucio_eur": null, "tavolsag_metro_halozati_m": 1929.5, "metro_5p_seta": 0, "metro_10p_seta": 0, "metro_15p_seta": 0, "tavolsag_villamos_halozati_m": 310.1, "villamos_5p_seta": 1, "villamos_10p_seta": 1, "villamos_15p_seta": 1, "tavolsag_busz_halozati_m": 279.6, "busz_5p_seta": 1, "busz_10p_seta": 1, "tavolsag_kotottpalya_halozati_m": 310.1, "kotottpalya_5p_seta": 1, "kotottpalya_10p_seta": 1, "kotottpalya_15p_seta": 1, "tavolsag_park_halozati_m": 543.7, "park_5p_seta": 0, "park_10p_seta": 1, "park_15p_seta": 1, "poi_5p_count": 6.0, "poi_10p_count": 26.0, "poi_15p_count": 54.0, "tavolsag_iskola_halozati_m": null, "iskola_5p_seta": 0, "iskola_10p_seta": 0, "iskola_15p_seta": 0, "tavolsag_ovoda_halozati_m": null, "ovoda_5p_seta": 0, "ovoda_10p_seta": 0, "ovoda_15p_seta": 0, "tavolsag_bolt_halozati_m": 212.6, "bolt_5p_seta": 1, "bolt_10p_seta": 1, "bolt_15p_seta": 1, "tavolsag_gyogyszertar_halozati_m": 436.3, "gyogyszertar_5p_seta": 0, "gyogyszertar_10p_seta": 1, "gyogyszertar_15p_seta": 1, "tavolsag_orvos_halozati_m": 465.5, "orvos_5p_seta": 0, "orvos_10p_seta": 1, "orvos_15p_seta": 1, "legkozelebbi_vasut": "Kőbánya-Kispest", "legkozelebbi_metro": "", "legkozelebbi_villamos": "Venyige utca", "legkozelebbi_busz": "Mádi utca", "legkozelebbi_park": "Névtelen zöldfelület / park", "legkozelebbi_kotottpalya_tipus": "villamos" }, "geometry": { "type": "Point", "coordinates": [ 19.163647, 47.476437 ] } },
{ "type": "Feature", "properties": { "listing_id": "35421707", "listing_type": "elado", "cim_teljes": "Budapest X. kerület, Zágrábi utca 8.", "varosresz": "Gyárdűlő", "price_huf": 82000000.0, "ar_millio_ft": 82.0, "ar_ezer_ft_ho": 82000.0, "nm_ar_huf": 1863636.3636363635, "log_ar": 18.222229805228526, "log_nm_ar": 14.438040171310266, "is_ar_outlier": 0, "alapterulet_nm": 44.0, "korrigalt_alapterulet_nm": 46.5, "szobaszam_osszes": 2.0, "allapot_kod": 5, "is_felujitando": 0, "is_ujszeru_vagy_uj": 1, "is_panel": 0, "is_tegla": 1, "has_lift": 1, "has_klima": 1, "has_erkely": 1, "is_foldszint": 0, "is_zaroszint": 0, "epulet_kora_ev": 3.0, "geokodolt_lat": 47.470303, "geokodolt_lon": 19.117403, "minta_garantalt_pontos": 1, "tavolsag_vasut_m": 598.5, "vasut_zona": "500-1000 m", "is_vasut_immisszio_150m": 0, "tavolsag_vasut_halozati_m": 1954.4, "menetido_vasut_gyalog_perc": 26.1, "vasut_5p_seta": 0, "vasut_10p_seta": 0, "vasut_15p_seta": 0, "url": "https://ingatlan.com/35421707", "title": "Eladó tégla lakás - Budapest X. kerület, Zágrábi utca 8. #35421707", "postal_code": "1107", "varos": "Budapest", "utca": "Zágrábi utca", "hazszam_vegleges": "8", "allapot": "újszerű", "ingatlan_altipus": "Tégla lakás", "epites_eve": 2023.0, "epites_eve_kategoria": "0-10 év", "erkely_nm": 5.0, "szobaszam_egesz": 2.0, "szobaszam_fel": 0.0, "szobaszam_kategoria": "2 szoba", "atlagos_szobameret_nm": 22.0, "emelet": "2", "emelet_szam": 2.0, "epulet_szintjei_szam": 7.0, "is_magas_emelet_lift_nelkul": 0, "futes": "távfűtés egyedi méréssel", "futes_kategoria": null, "has_tavfutes": 1, "has_konvektor": 0, "has_megujulo": 0, "has_garazs_vagy_beallo": 0, "energetikai_tanusitvany": "nincs megadva", "butorozott": null, "koltozheto": null, "min_berleti_ido": null, "kertkapcsolatos": "nem", "kozos_koltseg_huf": 18000.0, "rezsikoltseg_huf": 4000.0, "hirdeto_tipus": "Ingatlaniroda", "iroda_neve": null, "leiras_hossz": 321.0, "fenykepek_szama": 4.0, "geokodolas_modszere": null, "geokodolas_pontossag": null, "price_eur": null, "nm_ar_eur": null, "kozos_koltseg_eur": null, "rezsikoltseg_eur": null, "kaucio_eur": null, "tavolsag_metro_halozati_m": 175.8, "metro_5p_seta": 1, "metro_10p_seta": 1, "metro_15p_seta": 1, "tavolsag_villamos_halozati_m": 542.8, "villamos_5p_seta": 0, "villamos_10p_seta": 1, "villamos_15p_seta": 1, "tavolsag_busz_halozati_m": 204.7, "busz_5p_seta": 1, "busz_10p_seta": 1, "tavolsag_kotottpalya_halozati_m": 175.8, "kotottpalya_5p_seta": 1, "kotottpalya_10p_seta": 1, "kotottpalya_15p_seta": 1, "tavolsag_park_halozati_m": 125.0, "park_5p_seta": 1, "park_10p_seta": 1, "park_15p_seta": 1, "poi_5p_count": 19.0, "poi_10p_count": 50.0, "poi_15p_count": 106.0, "tavolsag_iskola_halozati_m": 957.9, "iskola_5p_seta": 0, "iskola_10p_seta": 0, "iskola_15p_seta": 1, "tavolsag_ovoda_halozati_m": 313.3, "ovoda_5p_seta": 1, "ovoda_10p_seta": 1, "ovoda_15p_seta": 1, "tavolsag_bolt_halozati_m": 172.1, "bolt_5p_seta": 1, "bolt_10p_seta": 1, "bolt_15p_seta": 1, "tavolsag_gyogyszertar_halozati_m": 380.3, "gyogyszertar_5p_seta": 0, "gyogyszertar_10p_seta": 1, "gyogyszertar_15p_seta": 1, "tavolsag_orvos_halozati_m": 562.1, "orvos_5p_seta": 0, "orvos_10p_seta": 1, "orvos_15p_seta": 1, "legkozelebbi_vasut": "Kőbánya alsó", "legkozelebbi_metro": "", "legkozelebbi_villamos": "Balkán utca", "legkozelebbi_busz": "Pöttyös utca M", "legkozelebbi_park": "Névtelen zöldfelület / park", "legkozelebbi_kotottpalya_tipus": "metro" }, "geometry": { "type": "Point", "coordinates": [ 19.117403, 47.470303 ] } },
{ "type": "Feature", "properties": { "listing_id": "35422976", "listing_type": "elado", "cim_teljes": "Budapest X. kerület, Kővágó utca 18.", "varosresz": "Újhegy", "price_huf": 57000000.0, "ar_millio_ft": 57.0, "ar_ezer_ft_ho": 57000.0, "nm_ar_huf": 1163265.306122449, "log_ar": 17.858561825798823, "log_nm_ar": 13.966741527688198, "is_ar_outlier": 0, "alapterulet_nm": 49.0, "korrigalt_alapterulet_nm": 50.0, "szobaszam_osszes": 2.0, "allapot_kod": 3, "is_felujitando": 0, "is_ujszeru_vagy_uj": 0, "is_panel": 1, "is_tegla": 0, "has_lift": 1, "has_klima": 1, "has_erkely": 1, "is_foldszint": 0, "is_zaroszint": 0, "epulet_kora_ev": null, "geokodolt_lat": 47.472039, "geokodolt_lon": 19.164662, "minta_garantalt_pontos": 1, "tavolsag_vasut_m": 916.2, "vasut_zona": "500-1000 m", "is_vasut_immisszio_150m": 0, "tavolsag_vasut_halozati_m": 1756.6, "menetido_vasut_gyalog_perc": 23.4, "vasut_5p_seta": 0, "vasut_10p_seta": 0, "vasut_15p_seta": 0, "url": "https://ingatlan.com/35422976", "title": "Eladó panel lakás - Budapest X. kerület, Kővágó utca 18. #35422976", "postal_code": "1108", "varos": "Budapest", "utca": "Kővágó utca", "hazszam_vegleges": "18", "allapot": "jó állapotú", "ingatlan_altipus": "Panel lakás", "epites_eve": null, "epites_eve_kategoria": "Ismeretlen", "erkely_nm": 2.0, "szobaszam_egesz": 2.0, "szobaszam_fel": 0.0, "szobaszam_kategoria": "2 szoba", "atlagos_szobameret_nm": 24.5, "emelet": "3", "emelet_szam": 3.0, "epulet_szintjei_szam": 10.0, "is_magas_emelet_lift_nelkul": 0, "futes": "távfűtés", "futes_kategoria": null, "has_tavfutes": 1, "has_konvektor": 0, "has_megujulo": 0, "has_garazs_vagy_beallo": 0, "energetikai_tanusitvany": "nincs megadva", "butorozott": null, "koltozheto": null, "min_berleti_ido": null, "kertkapcsolatos": "nincs megadva", "kozos_koltseg_huf": 15460.0, "rezsikoltseg_huf": 30000.0, "hirdeto_tipus": "Ingatlaniroda", "iroda_neve": null, "leiras_hossz": 1219.0, "fenykepek_szama": 2.0, "geokodolas_modszere": null, "geokodolas_pontossag": null, "price_eur": null, "nm_ar_eur": null, "kozos_koltseg_eur": null, "rezsikoltseg_eur": null, "kaucio_eur": null, "tavolsag_metro_halozati_m": 1762.5, "metro_5p_seta": 0, "metro_10p_seta": 0, "metro_15p_seta": 0, "tavolsag_villamos_halozati_m": 899.1, "villamos_5p_seta": 0, "villamos_10p_seta": 0, "villamos_15p_seta": 1, "tavolsag_busz_halozati_m": 187.9, "busz_5p_seta": 1, "busz_10p_seta": 1, "tavolsag_kotottpalya_halozati_m": 899.1, "kotottpalya_5p_seta": 0, "kotottpalya_10p_seta": 0, "kotottpalya_15p_seta": 1, "tavolsag_park_halozati_m": 735.8, "park_5p_seta": 0, "park_10p_seta": 1, "park_15p_seta": 1, "poi_5p_count": 7.0, "poi_10p_count": 27.0, "poi_15p_count": 53.0, "tavolsag_iskola_halozati_m": null, "iskola_5p_seta": 0, "iskola_10p_seta": 0, "iskola_15p_seta": 0, "tavolsag_ovoda_halozati_m": null, "ovoda_5p_seta": 0, "ovoda_10p_seta": 0, "ovoda_15p_seta": 0, "tavolsag_bolt_halozati_m": 132.8, "bolt_5p_seta": 1, "bolt_10p_seta": 1, "bolt_15p_seta": 1, "tavolsag_gyogyszertar_halozati_m": 303.0, "gyogyszertar_5p_seta": 1, "gyogyszertar_10p_seta": 1, "gyogyszertar_15p_seta": 1, "tavolsag_orvos_halozati_m": 1117.9, "orvos_5p_seta": 0, "orvos_10p_seta": 0, "orvos_15p_seta": 1, "legkozelebbi_vasut": "Kőbánya-Kispest", "legkozelebbi_metro": "", "legkozelebbi_villamos": "Venyige utca", "legkozelebbi_busz": "Újhegyi sétány", "legkozelebbi_park": "Újhegy park", "legkozelebbi_kotottpalya_tipus": "villamos" }, "geometry": { "type": "Point", "coordinates": [ 19.164662, 47.472039 ] } },
{ "type": "Feature", "properties": { "listing_id": "35423313", "listing_type": "elado", "cim_teljes": "Budapest X. kerület, Kőrösi Csoma Sándor út 27.", "varosresz": "Kőbánya-Városközpont", "price_huf": 68000000.0, "ar_millio_ft": 68.0, "ar_ezer_ft_ho": 68000.0, "nm_ar_huf": 1062500.0, "log_ar": 18.03501826314038, "log_nm_ar": 13.876135179780709, "is_ar_outlier": 0, "alapterulet_nm": 64.0, "korrigalt_alapterulet_nm": 69.0, "szobaszam_osszes": 2.0, "allapot_kod": 3, "is_felujitando": 0, "is_ujszeru_vagy_uj": 0, "is_panel": 1, "is_tegla": 0, "has_lift": 1, "has_klima": 1, "has_erkely": 1, "is_foldszint": 0, "is_zaroszint": 0, "epulet_kora_ev": null, "geokodolt_lat": 47.484739, "geokodolt_lon": 19.131978, "minta_garantalt_pontos": 1, "tavolsag_vasut_m": 409.3, "vasut_zona": "300-500 m", "is_vasut_immisszio_150m": 0, "tavolsag_vasut_halozati_m": 577.0, "menetido_vasut_gyalog_perc": 7.7, "vasut_5p_seta": 0, "vasut_10p_seta": 1, "vasut_15p_seta": 1, "url": "https://ingatlan.com/35423313", "title": "Eladó panel lakás - Budapest X. kerület, Kőrösi Csoma Sándor út 27. #35423313", "postal_code": "1102", "varos": "Budapest", "utca": "Kőrösi Csoma Sándor út", "hazszam_vegleges": "27", "allapot": "jó állapotú", "ingatlan_altipus": "Panel lakás", "epites_eve": null, "epites_eve_kategoria": "Ismeretlen", "erkely_nm": 10.0, "szobaszam_egesz": 2.0, "szobaszam_fel": 0.0, "szobaszam_kategoria": "2 szoba", "atlagos_szobameret_nm": 32.0, "emelet": "10", "emelet_szam": 10.0, "epulet_szintjei_szam": null, "is_magas_emelet_lift_nelkul": 0, "futes": "nincs megadva", "futes_kategoria": null, "has_tavfutes": 0, "has_konvektor": 0, "has_megujulo": 0, "has_garazs_vagy_beallo": 0, "energetikai_tanusitvany": "nincs megadva", "butorozott": null, "koltozheto": null, "min_berleti_ido": null, "kertkapcsolatos": "nincs megadva", "kozos_koltseg_huf": null, "rezsikoltseg_huf": null, "hirdeto_tipus": "Ingatlaniroda", "iroda_neve": null, "leiras_hossz": 829.0, "fenykepek_szama": 4.0, "geokodolas_modszere": null, "geokodolas_pontossag": null, "price_eur": null, "nm_ar_eur": null, "kozos_koltseg_eur": null, "rezsikoltseg_eur": null, "kaucio_eur": null, "tavolsag_metro_halozati_m": null, "metro_5p_seta": 0, "metro_10p_seta": 0, "metro_15p_seta": 0, "tavolsag_villamos_halozati_m": 75.1, "villamos_5p_seta": 1, "villamos_10p_seta": 1, "villamos_15p_seta": 1, "tavolsag_busz_halozati_m": 48.6, "busz_5p_seta": 1, "busz_10p_seta": 1, "tavolsag_kotottpalya_halozati_m": 75.1, "kotottpalya_5p_seta": 1, "kotottpalya_10p_seta": 1, "kotottpalya_15p_seta": 1, "tavolsag_park_halozati_m": 263.9, "park_5p_seta": 1, "park_10p_seta": 1, "park_15p_seta": 1, "poi_5p_count": 20.0, "poi_10p_count": 77.0, "poi_15p_count": 134.0, "tavolsag_iskola_halozati_m": 808.2, "iskola_5p_seta": 0, "iskola_10p_seta": 0, "iskola_15p_seta": 1, "tavolsag_ovoda_halozati_m": 627.9, "ovoda_5p_seta": 0, "ovoda_10p_seta": 1, "ovoda_15p_seta": 1, "tavolsag_bolt_halozati_m": 116.9, "bolt_5p_seta": 1, "bolt_10p_seta": 1, "bolt_15p_seta": 1, "tavolsag_gyogyszertar_halozati_m": 205.5, "gyogyszertar_5p_seta": 1, "gyogyszertar_10p_seta": 1, "gyogyszertar_15p_seta": 1, "tavolsag_orvos_halozati_m": null, "orvos_5p_seta": 0, "orvos_10p_seta": 0, "orvos_15p_seta": 0, "legkozelebbi_vasut": "Kőbánya alsó", "legkozelebbi_metro": "", "legkozelebbi_villamos": "Szent László tér", "legkozelebbi_busz": "Szent László tér", "legkozelebbi_park": "Névtelen zöldfelület / park", "legkozelebbi_kotottpalya_tipus": "villamos" }, "geometry": { "type": "Point", "coordinates": [ 19.131978, 47.484739 ] } },
{ "type": "Feature", "properties": { "listing_id": "35425699", "listing_type": "elado", "cim_teljes": "Budapest X. kerület, Kőbányai út 43.B.", "varosresz": "Gyárdűlő", "price_huf": 75000000.0, "ar_millio_ft": 75.0, "ar_ezer_ft_ho": 75000.0, "nm_ar_huf": 2343750.0, "log_ar": 18.132998671500584, "log_nm_ar": 14.667262768700859, "is_ar_outlier": 0, "alapterulet_nm": 32.0, "korrigalt_alapterulet_nm": 47.5, "szobaszam_osszes": 1.0, "allapot_kod": 3, "is_felujitando": 0, "is_ujszeru_vagy_uj": 0, "is_panel": 0, "is_tegla": 1, "has_lift": 1, "has_klima": 0, "has_erkely": 1, "is_foldszint": 0, "is_zaroszint": 0, "epulet_kora_ev": null, "geokodolt_lat": 47.484724, "geokodolt_lon": 19.113348, "minta_garantalt_pontos": 1, "tavolsag_vasut_m": 373.3, "vasut_zona": "300-500 m", "is_vasut_immisszio_150m": 0, "tavolsag_vasut_halozati_m": 1115.3, "menetido_vasut_gyalog_perc": 14.9, "vasut_5p_seta": 0, "vasut_10p_seta": 0, "vasut_15p_seta": 1, "url": "https://ingatlan.com/35425699", "title": "Eladó tégla lakás - Budapest X. kerület, Kőbányai út 43.B. #35425699", "postal_code": "1101", "varos": "Budapest", "utca": "Kőbányai út", "hazszam_vegleges": "43.B", "allapot": "jó állapotú", "ingatlan_altipus": "Tégla lakás", "epites_eve": null, "epites_eve_kategoria": "Ismeretlen", "erkely_nm": 31.0, "szobaszam_egesz": 1.0, "szobaszam_fel": 0.0, "szobaszam_kategoria": "1 szoba", "atlagos_szobameret_nm": 32.0, "emelet": "4", "emelet_szam": 4.0, "epulet_szintjei_szam": 5.0, "is_magas_emelet_lift_nelkul": 0, "futes": "házközponti egyedi méréssel", "futes_kategoria": null, "has_tavfutes": 0, "has_konvektor": 0, "has_megujulo": 0, "has_garazs_vagy_beallo": 0, "energetikai_tanusitvany": "nincs megadva", "butorozott": null, "koltozheto": null, "min_berleti_ido": null, "kertkapcsolatos": "nincs megadva", "kozos_koltseg_huf": null, "rezsikoltseg_huf": null, "hirdeto_tipus": "Ingatlaniroda", "iroda_neve": null, "leiras_hossz": 261.0, "fenykepek_szama": 2.0, "geokodolas_modszere": null, "geokodolas_pontossag": null, "price_eur": null, "nm_ar_eur": null, "kozos_koltseg_eur": null, "rezsikoltseg_eur": null, "kaucio_eur": null, "tavolsag_metro_halozati_m": 1751.9, "metro_5p_seta": 0, "metro_10p_seta": 0, "metro_15p_seta": 0, "tavolsag_villamos_halozati_m": 59.2, "villamos_5p_seta": 1, "villamos_10p_seta": 1, "villamos_15p_seta": 1, "tavolsag_busz_halozati_m": 63.8, "busz_5p_seta": 1, "busz_10p_seta": 1, "tavolsag_kotottpalya_halozati_m": 59.2, "kotottpalya_5p_seta": 1, "kotottpalya_10p_seta": 1, "kotottpalya_15p_seta": 1, "tavolsag_park_halozati_m": 229.3, "park_5p_seta": 1, "park_10p_seta": 1, "park_15p_seta": 1, "poi_5p_count": 11.0, "poi_10p_count": 20.0, "poi_15p_count": 59.0, "tavolsag_iskola_halozati_m": 797.0, "iskola_5p_seta": 0, "iskola_10p_seta": 0, "iskola_15p_seta": 1, "tavolsag_ovoda_halozati_m": 1332.9, "ovoda_5p_seta": 0, "ovoda_10p_seta": 0, "ovoda_15p_seta": 0, "tavolsag_bolt_halozati_m": 26.7, "bolt_5p_seta": 1, "bolt_10p_seta": 1, "bolt_15p_seta": 1, "tavolsag_gyogyszertar_halozati_m": 31.7, "gyogyszertar_5p_seta": 1, "gyogyszertar_10p_seta": 1, "gyogyszertar_15p_seta": 1, "tavolsag_orvos_halozati_m": 2091.2, "orvos_5p_seta": 0, "orvos_10p_seta": 0, "orvos_15p_seta": 0, "legkozelebbi_vasut": "Kőbánya alsó", "legkozelebbi_metro": "", "legkozelebbi_villamos": "Eiffel Műhelyház", "legkozelebbi_busz": "Eiffel Műhelyház", "legkozelebbi_park": "Kodály Zoltán park", "legkozelebbi_kotottpalya_tipus": "villamos" }, "geometry": { "type": "Point", "coordinates": [ 19.113348, 47.484724 ] } },
{ "type": "Feature", "properties": { "listing_id": "35426805", "listing_type": "elado", "cim_teljes": "Budapest X. kerület, Bányató utca 4.", "varosresz": "Újhegy", "price_huf": 65000000.0, "ar_millio_ft": 65.0, "ar_ezer_ft_ho": 65000.0, "nm_ar_huf": 1300000.0, "log_ar": 17.98989782785991, "log_nm_ar": 14.077874822431765, "is_ar_outlier": 0, "alapterulet_nm": 50.0, "korrigalt_alapterulet_nm": 50.0, "szobaszam_osszes": 2.0, "allapot_kod": 3, "is_felujitando": 0, "is_ujszeru_vagy_uj": 0, "is_panel": 1, "is_tegla": 0, "has_lift": 0, "has_klima": 0, "has_erkely": 0, "is_foldszint": 0, "is_zaroszint": 0, "epulet_kora_ev": null, "geokodolt_lat": 47.470574, "geokodolt_lon": 19.159191, "minta_garantalt_pontos": 1, "tavolsag_vasut_m": 900.5, "vasut_zona": "500-1000 m", "is_vasut_immisszio_150m": 0, "tavolsag_vasut_halozati_m": 1492.9, "menetido_vasut_gyalog_perc": 19.9, "vasut_5p_seta": 0, "vasut_10p_seta": 0, "vasut_15p_seta": 0, "url": "https://ingatlan.com/35426805", "title": "Eladó panel lakás - Budapest X. kerület, Bányató utca 4. #35426805", "postal_code": "1108", "varos": "Budapest", "utca": "Bányató utca", "hazszam_vegleges": "4", "allapot": "nincs megadva", "ingatlan_altipus": "Panel lakás", "epites_eve": null, "epites_eve_kategoria": "Ismeretlen", "erkely_nm": 0.0, "szobaszam_egesz": 2.0, "szobaszam_fel": 0.0, "szobaszam_kategoria": "2 szoba", "atlagos_szobameret_nm": 25.0, "emelet": "nincs megadva", "emelet_szam": null, "epulet_szintjei_szam": null, "is_magas_emelet_lift_nelkul": 0, "futes": "nincs megadva", "futes_kategoria": null, "has_tavfutes": 0, "has_konvektor": 0, "has_megujulo": 0, "has_garazs_vagy_beallo": 0, "energetikai_tanusitvany": "nincs megadva", "butorozott": null, "koltozheto": null, "min_berleti_ido": null, "kertkapcsolatos": "nincs megadva", "kozos_koltseg_huf": null, "rezsikoltseg_huf": null, "hirdeto_tipus": "Ingatlaniroda", "iroda_neve": null, "leiras_hossz": 1656.0, "fenykepek_szama": 2.0, "geokodolas_modszere": null, "geokodolas_pontossag": null, "price_eur": null, "nm_ar_eur": null, "kozos_koltseg_eur": null, "rezsikoltseg_eur": null, "kaucio_eur": null, "tavolsag_metro_halozati_m": 1498.8, "metro_5p_seta": 0, "metro_10p_seta": 0, "metro_15p_seta": 0, "tavolsag_villamos_halozati_m": 991.7, "villamos_5p_seta": 0, "villamos_10p_seta": 0, "villamos_15p_seta": 1, "tavolsag_busz_halozati_m": 247.6, "busz_5p_seta": 1, "busz_10p_seta": 1, "tavolsag_kotottpalya_halozati_m": 991.7, "kotottpalya_5p_seta": 0, "kotottpalya_10p_seta": 0, "kotottpalya_15p_seta": 1, "tavolsag_park_halozati_m": 637.9, "park_5p_seta": 0, "park_10p_seta": 1, "park_15p_seta": 1, "poi_5p_count": 7.0, "poi_10p_count": 26.0, "poi_15p_count": 49.0, "tavolsag_iskola_halozati_m": null, "iskola_5p_seta": 0, "iskola_10p_seta": 0, "iskola_15p_seta": 0, "tavolsag_ovoda_halozati_m": null, "ovoda_5p_seta": 0, "ovoda_10p_seta": 0, "ovoda_15p_seta": 0, "tavolsag_bolt_halozati_m": 300.1, "bolt_5p_seta": 1, "bolt_10p_seta": 1, "bolt_15p_seta": 1, "tavolsag_gyogyszertar_halozati_m": 426.9, "gyogyszertar_5p_seta": 0, "gyogyszertar_10p_seta": 1, "gyogyszertar_15p_seta": 1, "tavolsag_orvos_halozati_m": 1210.5, "orvos_5p_seta": 0, "orvos_10p_seta": 0, "orvos_15p_seta": 0, "legkozelebbi_vasut": "Kőbánya-Kispest", "legkozelebbi_metro": "", "legkozelebbi_villamos": "Venyige utca", "legkozelebbi_busz": "Szövőszék utca", "legkozelebbi_park": "Gőzmozdony park", "legkozelebbi_kotottpalya_tipus": "villamos" }, "geometry": { "type": "Point", "coordinates": [ 19.159191, 47.470574 ] } },
{ "type": "Feature", "properties": { "listing_id": "35431286", "listing_type": "elado", "cim_teljes": "Budapest X. kerület, Harmat utca 24.", "varosresz": "Ligettelek", "price_huf": 60000000.0, "ar_millio_ft": 60.0, "ar_ezer_ft_ho": 60000.0, "nm_ar_huf": 1000000.0, "log_ar": 17.909855120186375, "log_nm_ar": 13.815510557964274, "is_ar_outlier": 0, "alapterulet_nm": 60.0, "korrigalt_alapterulet_nm": 60.0, "szobaszam_osszes": 3.0, "allapot_kod": 3, "is_felujitando": 0, "is_ujszeru_vagy_uj": 0, "is_panel": 0, "is_tegla": 0, "has_lift": 0, "has_klima": 0, "has_erkely": 0, "is_foldszint": 0, "is_zaroszint": 0, "epulet_kora_ev": null, "geokodolt_lat": 47.490407, "geokodolt_lon": 19.135653, "minta_garantalt_pontos": 1, "tavolsag_vasut_m": 128.0, "vasut_zona": "<150 m", "is_vasut_immisszio_150m": 1, "tavolsag_vasut_halozati_m": 492.0, "menetido_vasut_gyalog_perc": 6.6, "vasut_5p_seta": 0, "vasut_10p_seta": 1, "vasut_15p_seta": 1, "url": "https://ingatlan.com/35431286", "title": "Eladó csúsztatott zsalus - Budapest X. kerület, Harmat utca 24. #35431286", "postal_code": "1102", "varos": "Budapest", "utca": "Harmat utca", "hazszam_vegleges": "24", "allapot": "nincs megadva", "ingatlan_altipus": "Csúsztatott zsalus lakás", "epites_eve": null, "epites_eve_kategoria": "Ismeretlen", "erkely_nm": 0.0, "szobaszam_egesz": 3.0, "szobaszam_fel": 0.0, "szobaszam_kategoria": "3 szoba", "atlagos_szobameret_nm": 20.0, "emelet": "10", "emelet_szam": 10.0, "epulet_szintjei_szam": null, "is_magas_emelet_lift_nelkul": 0, "futes": "nincs megadva", "futes_kategoria": null, "has_tavfutes": 0, "has_konvektor": 0, "has_megujulo": 0, "has_garazs_vagy_beallo": 0, "energetikai_tanusitvany": "nincs megadva", "butorozott": null, "koltozheto": null, "min_berleti_ido": null, "kertkapcsolatos": "nincs megadva", "kozos_koltseg_huf": null, "rezsikoltseg_huf": null, "hirdeto_tipus": "Ingatlaniroda", "iroda_neve": null, "leiras_hossz": 6.0, "fenykepek_szama": 2.0, "geokodolas_modszere": null, "geokodolas_pontossag": null, "price_eur": null, "nm_ar_eur": null, "kozos_koltseg_eur": null, "rezsikoltseg_eur": null, "kaucio_eur": null, "tavolsag_metro_halozati_m": 1981.8, "metro_5p_seta": 0, "metro_10p_seta": 0, "metro_15p_seta": 0, "tavolsag_villamos_halozati_m": 153.6, "villamos_5p_seta": 1, "villamos_10p_seta": 1, "villamos_15p_seta": 1, "tavolsag_busz_halozati_m": 206.4, "busz_5p_seta": 1, "busz_10p_seta": 1, "tavolsag_kotottpalya_halozati_m": 153.6, "kotottpalya_5p_seta": 1, "kotottpalya_10p_seta": 1, "kotottpalya_15p_seta": 1, "tavolsag_park_halozati_m": 198.7, "park_5p_seta": 1, "park_10p_seta": 1, "park_15p_seta": 1, "poi_5p_count": 17.0, "poi_10p_count": 45.0, "poi_15p_count": 87.0, "tavolsag_iskola_halozati_m": 1383.1, "iskola_5p_seta": 0, "iskola_10p_seta": 0, "iskola_15p_seta": 0, "tavolsag_ovoda_halozati_m": 385.0, "ovoda_5p_seta": 0, "ovoda_10p_seta": 1, "ovoda_15p_seta": 1, "tavolsag_bolt_halozati_m": 752.9, "bolt_5p_seta": 0, "bolt_10p_seta": 0, "bolt_15p_seta": 1, "tavolsag_gyogyszertar_halozati_m": 149.3, "gyogyszertar_5p_seta": 1, "gyogyszertar_10p_seta": 1, "gyogyszertar_15p_seta": 1, "tavolsag_orvos_halozati_m": 2036.7, "orvos_5p_seta": 0, "orvos_10p_seta": 0, "orvos_15p_seta": 0, "legkozelebbi_vasut": "Kőbánya felső", "legkozelebbi_metro": "", "legkozelebbi_villamos": "Szent László Gimnázium", "legkozelebbi_busz": "Szent László Gimnázium", "legkozelebbi_park": "Sajó Sándor tér", "legkozelebbi_kotottpalya_tipus": "villamos" }, "geometry": { "type": "Point", "coordinates": [ 19.135653, 47.490407 ] } },
{ "type": "Feature", "properties": { "listing_id": "35431815", "listing_type": "elado", "cim_teljes": "Budapest X. kerület, Budapest XIX. kerület, Iparos utca 2.", "varosresz": "Kőbánya egyéb", "price_huf": 63980000.0, "ar_millio_ft": 63.98, "ar_ezer_ft_ho": 63980.0, "nm_ar_huf": 1207169.8113207547, "log_ar": 17.974081092485648, "log_nm_ar": 14.003789178933523, "is_ar_outlier": 0, "alapterulet_nm": 53.0, "korrigalt_alapterulet_nm": 64.19, "szobaszam_osszes": 3.0, "allapot_kod": 6, "is_felujitando": 0, "is_ujszeru_vagy_uj": 1, "is_panel": 0, "is_tegla": 1, "has_lift": 1, "has_klima": 1, "has_erkely": 1, "is_foldszint": 0, "is_zaroszint": 0, "epulet_kora_ev": 0.0, "geokodolt_lat": 47.4427, "geokodolt_lon": 19.1518, "minta_garantalt_pontos": 1, "tavolsag_vasut_m": 129.1, "vasut_zona": "<150 m", "is_vasut_immisszio_150m": 1, "tavolsag_vasut_halozati_m": 982.4, "menetido_vasut_gyalog_perc": 13.1, "vasut_5p_seta": 0, "vasut_10p_seta": 0, "vasut_15p_seta": 1, "url": "https://ingatlan.com/35431815", "title": "Eladó tégla lakás - Budapest XIX. kerület, Iparos utca 2. #35431815", "postal_code": "1194", "varos": "Budapest", "utca": "Budapest XIX. kerület, Iparos utca", "hazszam_vegleges": "2", "allapot": "új építésű", "ingatlan_altipus": "Tégla lakás", "epites_eve": 2028.0, "epites_eve_kategoria": "Új építésű (2025+)", "erkely_nm": 22.38, "szobaszam_egesz": 3.0, "szobaszam_fel": 0.0, "szobaszam_kategoria": "3 szoba", "atlagos_szobameret_nm": 17.666666666666668, "emelet": "1", "emelet_szam": 1.0, "epulet_szintjei_szam": 7.0, "is_magas_emelet_lift_nelkul": 0, "futes": "padlófűtés, hőszivattyú", "futes_kategoria": null, "has_tavfutes": 0, "has_konvektor": 0, "has_megujulo": 1, "has_garazs_vagy_beallo": 0, "energetikai_tanusitvany": "A", "butorozott": null, "koltozheto": null, "min_berleti_ido": null, "kertkapcsolatos": "nem", "kozos_koltseg_huf": null, "rezsikoltseg_huf": null, "hirdeto_tipus": "Ingatlaniroda", "iroda_neve": null, "leiras_hossz": 2653.0, "fenykepek_szama": 4.0, "geokodolas_modszere": null, "geokodolas_pontossag": null, "price_eur": null, "nm_ar_eur": null, "kozos_koltseg_eur": null, "rezsikoltseg_eur": null, "kaucio_eur": null, "tavolsag_metro_halozati_m": null, "metro_5p_seta": 0, "metro_10p_seta": 0, "metro_15p_seta": 0, "tavolsag_villamos_halozati_m": 477.9, "villamos_5p_seta": 0, "villamos_10p_seta": 1, "villamos_15p_seta": 1, "tavolsag_busz_halozati_m": 243.0, "busz_5p_seta": 1, "busz_10p_seta": 1, "tavolsag_kotottpalya_halozati_m": 477.9, "kotottpalya_5p_seta": 0, "kotottpalya_10p_seta": 1, "kotottpalya_15p_seta": 1, "tavolsag_park_halozati_m": 457.4, "park_5p_seta": 0, "park_10p_seta": 1, "park_15p_seta": 1, "poi_5p_count": 3.0, "poi_10p_count": 14.0, "poi_15p_count": 43.0, "tavolsag_iskola_halozati_m": 1707.0, "iskola_5p_seta": 0, "iskola_10p_seta": 0, "iskola_15p_seta": 0, "tavolsag_ovoda_halozati_m": null, "ovoda_5p_seta": 0, "ovoda_10p_seta": 0, "ovoda_15p_seta": 0, "tavolsag_bolt_halozati_m": 265.8, "bolt_5p_seta": 1, "bolt_10p_seta": 1, "bolt_15p_seta": 1, "tavolsag_gyogyszertar_halozati_m": 1413.9, "gyogyszertar_5p_seta": 0, "gyogyszertar_10p_seta": 0, "gyogyszertar_15p_seta": 0, "tavolsag_orvos_halozati_m": 1536.0, "orvos_5p_seta": 0, "orvos_10p_seta": 0, "orvos_15p_seta": 0, "legkozelebbi_vasut": "Kispest", "legkozelebbi_metro": "", "legkozelebbi_villamos": "Kispest, Tulipán utca", "legkozelebbi_busz": "Áchim András utca / Hofherr Albert utca", "legkozelebbi_park": "Névtelen zöldfelület / park", "legkozelebbi_kotottpalya_tipus": "villamos" }, "geometry": { "type": "Point", "coordinates": [ 19.1518, 47.4427 ] } },
{ "type": "Feature", "properties": { "listing_id": "35433568", "listing_type": "elado", "cim_teljes": "Budapest X. kerület, Budapest XIX. kerület, Kazinczy utca 3.", "varosresz": "Kőbánya egyéb", "price_huf": 63990000.0, "ar_millio_ft": 63.99, "ar_ezer_ft_ho": 63990.0, "nm_ar_huf": 1032096.7741935484, "log_ar": 17.974237379115642, "log_nm_ar": 13.847102994070552, "is_ar_outlier": 0, "alapterulet_nm": 62.0, "korrigalt_alapterulet_nm": 64.5, "szobaszam_osszes": 3.0, "allapot_kod": 3, "is_felujitando": 0, "is_ujszeru_vagy_uj": 0, "is_panel": 1, "is_tegla": 0, "has_lift": 1, "has_klima": 0, "has_erkely": 1, "is_foldszint": 0, "is_zaroszint": 0, "epulet_kora_ev": 38.0, "geokodolt_lat": 47.459301, "geokodolt_lon": 19.138194, "minta_garantalt_pontos": 1, "tavolsag_vasut_m": 773.3, "vasut_zona": "500-1000 m", "is_vasut_immisszio_150m": 0, "tavolsag_vasut_halozati_m": 1257.9, "menetido_vasut_gyalog_perc": 16.8, "vasut_5p_seta": 0, "vasut_10p_seta": 0, "vasut_15p_seta": 0, "url": "https://ingatlan.com/35433568", "title": "Eladó panel lakás - Budapest XIX. kerület, Kazinczy utca 3. #35433568", "postal_code": "1191", "varos": "Budapest", "utca": "Budapest XIX. kerület, Kazinczy utca", "hazszam_vegleges": "3", "allapot": "jó állapotú", "ingatlan_altipus": "Panel lakás", "epites_eve": 1988.0, "epites_eve_kategoria": "30-60 év (panel-korszak)", "erkely_nm": 5.0, "szobaszam_egesz": 3.0, "szobaszam_fel": 0.0, "szobaszam_kategoria": "3 szoba", "atlagos_szobameret_nm": 20.666666666666668, "emelet": "1", "emelet_szam": 1.0, "epulet_szintjei_szam": 10.0, "is_magas_emelet_lift_nelkul": 0, "futes": "házközponti", "futes_kategoria": null, "has_tavfutes": 0, "has_konvektor": 0, "has_megujulo": 0, "has_garazs_vagy_beallo": 0, "energetikai_tanusitvany": "E", "butorozott": null, "koltozheto": null, "min_berleti_ido": null, "kertkapcsolatos": "nem", "kozos_koltseg_huf": 45000.0, "rezsikoltseg_huf": 7000.0, "hirdeto_tipus": "Ingatlaniroda", "iroda_neve": null, "leiras_hossz": 354.0, "fenykepek_szama": 4.0, "geokodolas_modszere": null, "geokodolas_pontossag": null, "price_eur": null, "nm_ar_eur": null, "kozos_koltseg_eur": null, "rezsikoltseg_eur": null, "kaucio_eur": null, "tavolsag_metro_halozati_m": 1082.0, "metro_5p_seta": 0, "metro_10p_seta": 0, "metro_15p_seta": 1, "tavolsag_villamos_halozati_m": 225.5, "villamos_5p_seta": 1, "villamos_10p_seta": 1, "villamos_15p_seta": 1, "tavolsag_busz_halozati_m": 225.7, "busz_5p_seta": 1, "busz_10p_seta": 1, "tavolsag_kotottpalya_halozati_m": 225.5, "kotottpalya_5p_seta": 1, "kotottpalya_10p_seta": 1, "kotottpalya_15p_seta": 1, "tavolsag_park_halozati_m": 285.4, "park_5p_seta": 1, "park_10p_seta": 1, "park_15p_seta": 1, "poi_5p_count": 8.0, "poi_10p_count": 42.0, "poi_15p_count": 90.0, "tavolsag_iskola_halozati_m": 1235.2, "iskola_5p_seta": 0, "iskola_10p_seta": 0, "iskola_15p_seta": 0, "tavolsag_ovoda_halozati_m": 1904.1, "ovoda_5p_seta": 0, "ovoda_10p_seta": 0, "ovoda_15p_seta": 0, "tavolsag_bolt_halozati_m": 260.3, "bolt_5p_seta": 1, "bolt_10p_seta": 1, "bolt_15p_seta": 1, "tavolsag_gyogyszertar_halozati_m": 421.9, "gyogyszertar_5p_seta": 0, "gyogyszertar_10p_seta": 1, "gyogyszertar_15p_seta": 1, "tavolsag_orvos_halozati_m": 346.6, "orvos_5p_seta": 1, "orvos_10p_seta": 1, "orvos_15p_seta": 1, "legkozelebbi_vasut": "Kőbánya-Kispest", "legkozelebbi_metro": "", "legkozelebbi_villamos": "Lehel utca", "legkozelebbi_busz": "Lehel utca", "legkozelebbi_park": "Névtelen zöldfelület / park", "legkozelebbi_kotottpalya_tipus": "villamos" }, "geometry": { "type": "Point", "coordinates": [ 19.138194, 47.459301 ] } },
{ "type": "Feature", "properties": { "listing_id": "35452531", "listing_type": "elado", "cim_teljes": "Budapest X. kerület, Agyagfejtő utca 2.", "varosresz": "Újhegy", "price_huf": 51000000.0, "ar_millio_ft": 51.0, "ar_ezer_ft_ho": 51000.0, "nm_ar_huf": 1040816.3265306122, "log_ar": 17.7473361906886, "log_nm_ar": 13.855515892577973, "is_ar_outlier": 0, "alapterulet_nm": 49.0, "korrigalt_alapterulet_nm": 50.5, "szobaszam_osszes": 2.0, "allapot_kod": 2, "is_felujitando": 1, "is_ujszeru_vagy_uj": 0, "is_panel": 1, "is_tegla": 0, "has_lift": 1, "has_klima": 1, "has_erkely": 1, "is_foldszint": 1, "is_zaroszint": 0, "epulet_kora_ev": 58.0, "geokodolt_lat": 47.472616, "geokodolt_lon": 19.160972, "minta_garantalt_pontos": 1, "tavolsag_vasut_m": 859.3, "vasut_zona": "500-1000 m", "is_vasut_immisszio_150m": 0, "tavolsag_vasut_halozati_m": 1708.0, "menetido_vasut_gyalog_perc": 22.8, "vasut_5p_seta": 0, "vasut_10p_seta": 0, "vasut_15p_seta": 0, "url": "https://ingatlan.com/35452531", "title": "Eladó panel lakás - Budapest X. kerület, Agyagfejtő utca 2. #35452531", "postal_code": "1108", "varos": "Budapest", "utca": "Agyagfejtő utca", "hazszam_vegleges": "2", "allapot": "közepes állapotú", "ingatlan_altipus": "Panel lakás", "epites_eve": 1968.0, "epites_eve_kategoria": "30-60 év (panel-korszak)", "erkely_nm": 3.0, "szobaszam_egesz": 2.0, "szobaszam_fel": 0.0, "szobaszam_kategoria": "2 szoba", "atlagos_szobameret_nm": 24.5, "emelet": "földszint", "emelet_szam": 0.0, "epulet_szintjei_szam": 10.0, "is_magas_emelet_lift_nelkul": 0, "futes": "távfűtés", "futes_kategoria": null, "has_tavfutes": 1, "has_konvektor": 0, "has_megujulo": 0, "has_garazs_vagy_beallo": 0, "energetikai_tanusitvany": "nincs megadva", "butorozott": null, "koltozheto": null, "min_berleti_ido": null, "kertkapcsolatos": "nincs megadva", "kozos_koltseg_huf": 15300.0, "rezsikoltseg_huf": null, "hirdeto_tipus": "Ingatlaniroda", "iroda_neve": null, "leiras_hossz": 1780.0, "fenykepek_szama": 4.0, "geokodolas_modszere": null, "geokodolas_pontossag": null, "price_eur": null, "nm_ar_eur": null, "kozos_koltseg_eur": null, "rezsikoltseg_eur": null, "kaucio_eur": null, "tavolsag_metro_halozati_m": 1714.0, "metro_5p_seta": 0, "metro_10p_seta": 0, "metro_15p_seta": 0, "tavolsag_villamos_halozati_m": 803.1, "villamos_5p_seta": 0, "villamos_10p_seta": 0, "villamos_15p_seta": 1, "tavolsag_busz_halozati_m": 214.1, "busz_5p_seta": 1, "busz_10p_seta": 1, "tavolsag_kotottpalya_halozati_m": 803.1, "kotottpalya_5p_seta": 0, "kotottpalya_10p_seta": 0, "kotottpalya_15p_seta": 1, "tavolsag_park_halozati_m": 895.9, "park_5p_seta": 0, "park_10p_seta": 0, "park_15p_seta": 1, "poi_5p_count": 4.0, "poi_10p_count": 24.0, "poi_15p_count": 51.0, "tavolsag_iskola_halozati_m": null, "iskola_5p_seta": 0, "iskola_10p_seta": 0, "iskola_15p_seta": 0, "tavolsag_ovoda_halozati_m": null, "ovoda_5p_seta": 0, "ovoda_10p_seta": 0, "ovoda_15p_seta": 0, "tavolsag_bolt_halozati_m": 360.5, "bolt_5p_seta": 1, "bolt_10p_seta": 1, "bolt_15p_seta": 1, "tavolsag_gyogyszertar_halozati_m": 447.8, "gyogyszertar_5p_seta": 0, "gyogyszertar_10p_seta": 1, "gyogyszertar_15p_seta": 1, "tavolsag_orvos_halozati_m": 1022.0, "orvos_5p_seta": 0, "orvos_10p_seta": 0, "orvos_15p_seta": 1, "legkozelebbi_vasut": "Kőbánya-Kispest", "legkozelebbi_metro": "", "legkozelebbi_villamos": "Venyige utca", "legkozelebbi_busz": "Sibrik Miklós út", "legkozelebbi_park": "Újhegy park", "legkozelebbi_kotottpalya_tipus": "villamos" }, "geometry": { "type": "Point", "coordinates": [ 19.160972, 47.472616 ] } },
{ "type": "Feature", "properties": { "listing_id": "35454994", "listing_type": "elado", "cim_teljes": "Budapest X. kerület, Hungária körút 5-7.", "varosresz": "Laposdűlő", "price_huf": 49900000.0, "ar_millio_ft": 49.9, "ar_ezer_ft_ho": 49900.0, "nm_ar_huf": 1425714.2857142857, "log_ar": 17.725531560721748, "log_nm_ar": 14.170183499232333, "is_ar_outlier": 0, "alapterulet_nm": 35.0, "korrigalt_alapterulet_nm": 35.0, "szobaszam_osszes": 2.0, "allapot_kod": 4, "is_felujitando": 0, "is_ujszeru_vagy_uj": 0, "is_panel": 1, "is_tegla": 0, "has_lift": 1, "has_klima": 0, "has_erkely": 0, "is_foldszint": 0, "is_zaroszint": 0, "epulet_kora_ev": 38.0, "geokodolt_lat": 47.491796, "geokodolt_lon": 19.109243, "minta_garantalt_pontos": 1, "tavolsag_vasut_m": 369.0, "vasut_zona": "300-500 m", "is_vasut_immisszio_150m": 0, "tavolsag_vasut_halozati_m": null, "menetido_vasut_gyalog_perc": null, "vasut_5p_seta": 0, "vasut_10p_seta": 0, "vasut_15p_seta": 0, "url": "https://ingatlan.com/35454994", "title": "Eladó panel lakás - Budapest X. kerület, Hungária körút 5-7. #35454994", "postal_code": "1101", "varos": "Budapest", "utca": "Hungária körút", "hazszam_vegleges": "5-7", "allapot": "felújított", "ingatlan_altipus": "Panel lakás", "epites_eve": 1988.0, "epites_eve_kategoria": "30-60 év (panel-korszak)", "erkely_nm": 0.0, "szobaszam_egesz": 2.0, "szobaszam_fel": 0.0, "szobaszam_kategoria": "2 szoba", "atlagos_szobameret_nm": 17.5, "emelet": "6", "emelet_szam": 6.0, "epulet_szintjei_szam": 10.0, "is_magas_emelet_lift_nelkul": 0, "futes": "távfűtés", "futes_kategoria": null, "has_tavfutes": 1, "has_konvektor": 0, "has_megujulo": 0, "has_garazs_vagy_beallo": 0, "energetikai_tanusitvany": "nincs megadva", "butorozott": null, "koltozheto": null, "min_berleti_ido": null, "kertkapcsolatos": "nem", "kozos_koltseg_huf": 17150.0, "rezsikoltseg_huf": 25000.0, "hirdeto_tipus": "Ingatlaniroda", "iroda_neve": null, "leiras_hossz": 1025.0, "fenykepek_szama": 2.0, "geokodolas_modszere": null, "geokodolas_pontossag": null, "price_eur": null, "nm_ar_eur": null, "kozos_koltseg_eur": null, "rezsikoltseg_eur": null, "kaucio_eur": null, "tavolsag_metro_halozati_m": 1037.0, "metro_5p_seta": 0, "metro_10p_seta": 0, "metro_15p_seta": 1, "tavolsag_villamos_halozati_m": 119.5, "villamos_5p_seta": 1, "villamos_10p_seta": 1, "villamos_15p_seta": 1, "tavolsag_busz_halozati_m": 120.8, "busz_5p_seta": 1, "busz_10p_seta": 1, "tavolsag_kotottpalya_halozati_m": 119.5, "kotottpalya_5p_seta": 1, "kotottpalya_10p_seta": 1, "kotottpalya_15p_seta": 1, "tavolsag_park_halozati_m": 434.0, "park_5p_seta": 0, "park_10p_seta": 1, "park_15p_seta": 1, "poi_5p_count": 11.0, "poi_10p_count": 30.0, "poi_15p_count": 68.0, "tavolsag_iskola_halozati_m": 940.9, "iskola_5p_seta": 0, "iskola_10p_seta": 0, "iskola_15p_seta": 1, "tavolsag_ovoda_halozati_m": 978.5, "ovoda_5p_seta": 0, "ovoda_10p_seta": 0, "ovoda_15p_seta": 1, "tavolsag_bolt_halozati_m": 145.2, "bolt_5p_seta": 1, "bolt_10p_seta": 1, "bolt_15p_seta": 1, "tavolsag_gyogyszertar_halozati_m": 209.2, "gyogyszertar_5p_seta": 1, "gyogyszertar_10p_seta": 1, "gyogyszertar_15p_seta": 1, "tavolsag_orvos_halozati_m": 1055.5, "orvos_5p_seta": 0, "orvos_10p_seta": 0, "orvos_15p_seta": 1, "legkozelebbi_vasut": "", "legkozelebbi_metro": "", "legkozelebbi_villamos": "Hidegkuti Nándor Stadion", "legkozelebbi_busz": "Hidegkuti Nándor Stadion", "legkozelebbi_park": "Tbiliszi tér", "legkozelebbi_kotottpalya_tipus": "villamos" }, "geometry": { "type": "Point", "coordinates": [ 19.109243, 47.491796 ] } },
{ "type": "Feature", "properties": { "listing_id": "35457292", "listing_type": "elado", "cim_teljes": "Budapest X. kerület, Kőrösi Csoma Sándor út 9.", "varosresz": "Kőbánya-Városközpont", "price_huf": 88500000.0, "ar_millio_ft": 88.5, "ar_ezer_ft_ho": 88500.0, "nm_ar_huf": 1264285.7142857143, "log_ar": 18.298513109978156, "log_nm_ar": 14.050017867928799, "is_ar_outlier": 0, "alapterulet_nm": 70.0, "korrigalt_alapterulet_nm": 70.0, "szobaszam_osszes": 3.0, "allapot_kod": 4, "is_felujitando": 0, "is_ujszeru_vagy_uj": 0, "is_panel": 0, "is_tegla": 0, "has_lift": 1, "has_klima": 1, "has_erkely": 0, "is_foldszint": 0, "is_zaroszint": 0, "epulet_kora_ev": 38.0, "geokodolt_lat": 47.483214, "geokodolt_lon": 19.131628, "minta_garantalt_pontos": 1, "tavolsag_vasut_m": 309.0, "vasut_zona": "300-500 m", "is_vasut_immisszio_150m": 0, "tavolsag_vasut_halozati_m": 441.1, "menetido_vasut_gyalog_perc": 5.9, "vasut_5p_seta": 0, "vasut_10p_seta": 1, "vasut_15p_seta": 1, "url": "https://ingatlan.com/35457292", "title": "Eladó csúsztatott zsalus - Budapest X. kerület, Kőrösi Csoma Sándor út 9. #35457292", "postal_code": "1102", "varos": "Budapest", "utca": "Kőrösi Csoma Sándor út", "hazszam_vegleges": "9", "allapot": "felújított", "ingatlan_altipus": "Csúsztatott zsalus lakás", "epites_eve": 1988.0, "epites_eve_kategoria": "30-60 év (panel-korszak)", "erkely_nm": 0.0, "szobaszam_egesz": 3.0, "szobaszam_fel": 0.0, "szobaszam_kategoria": "3 szoba", "atlagos_szobameret_nm": 23.333333333333332, "emelet": "8", "emelet_szam": 8.0, "epulet_szintjei_szam": 10.0, "is_magas_emelet_lift_nelkul": 0, "futes": "távfűtés, hűtő-fűtő klíma", "futes_kategoria": null, "has_tavfutes": 1, "has_konvektor": 0, "has_megujulo": 0, "has_garazs_vagy_beallo": 0, "energetikai_tanusitvany": "nincs megadva", "butorozott": null, "koltozheto": null, "min_berleti_ido": null, "kertkapcsolatos": "nincs megadva", "kozos_koltseg_huf": 12000.0, "rezsikoltseg_huf": 20000.0, "hirdeto_tipus": "Ingatlaniroda", "iroda_neve": null, "leiras_hossz": 4564.0, "fenykepek_szama": 2.0, "geokodolas_modszere": null, "geokodolas_pontossag": null, "price_eur": null, "nm_ar_eur": null, "kozos_koltseg_eur": null, "rezsikoltseg_eur": null, "kaucio_eur": null, "tavolsag_metro_halozati_m": null, "metro_5p_seta": 0, "metro_10p_seta": 0, "metro_15p_seta": 0, "tavolsag_villamos_halozati_m": 167.1, "villamos_5p_seta": 1, "villamos_10p_seta": 1, "villamos_15p_seta": 1, "tavolsag_busz_halozati_m": 46.6, "busz_5p_seta": 1, "busz_10p_seta": 1, "tavolsag_kotottpalya_halozati_m": 167.1, "kotottpalya_5p_seta": 1, "kotottpalya_10p_seta": 1, "kotottpalya_15p_seta": 1, "tavolsag_park_halozati_m": 121.3, "park_5p_seta": 1, "park_10p_seta": 1, "park_15p_seta": 1, "poi_5p_count": 22.0, "poi_10p_count": 78.0, "poi_15p_count": 125.0, "tavolsag_iskola_halozati_m": 717.3, "iskola_5p_seta": 0, "iskola_10p_seta": 1, "iskola_15p_seta": 1, "tavolsag_ovoda_halozati_m": 818.3, "ovoda_5p_seta": 0, "ovoda_10p_seta": 0, "ovoda_15p_seta": 1, "tavolsag_bolt_halozati_m": 10.5, "bolt_5p_seta": 1, "bolt_10p_seta": 1, "bolt_15p_seta": 1, "tavolsag_gyogyszertar_halozati_m": 265.2, "gyogyszertar_5p_seta": 1, "gyogyszertar_10p_seta": 1, "gyogyszertar_15p_seta": 1, "tavolsag_orvos_halozati_m": null, "orvos_5p_seta": 0, "orvos_10p_seta": 0, "orvos_15p_seta": 0, "legkozelebbi_vasut": "Kőbánya alsó", "legkozelebbi_metro": "", "legkozelebbi_villamos": "Kápolna utca", "legkozelebbi_busz": "Liget tér", "legkozelebbi_park": "Liget téri park", "legkozelebbi_kotottpalya_tipus": "villamos" }, "geometry": { "type": "Point", "coordinates": [ 19.131628, 47.483214 ] } },
{ "type": "Feature", "properties": { "listing_id": "35457329", "listing_type": "elado", "cim_teljes": "Budapest X. kerület, Gyógyszergyári utca 10.", "varosresz": "Felsőrákos", "price_huf": 73500000.0, "ar_millio_ft": 73.5, "ar_ezer_ft_ho": 73500.0, "nm_ar_huf": 1750000.0, "log_ar": 18.112795964183064, "log_nm_ar": 14.375126345899696, "is_ar_outlier": 0, "alapterulet_nm": 42.0, "korrigalt_alapterulet_nm": 47.0, "szobaszam_osszes": 2.0, "allapot_kod": 3, "is_felujitando": 0, "is_ujszeru_vagy_uj": 0, "is_panel": 0, "is_tegla": 1, "has_lift": 1, "has_klima": 1, "has_erkely": 1, "is_foldszint": 0, "is_zaroszint": 0, "epulet_kora_ev": 0.0, "geokodolt_lat": 47.497327, "geokodolt_lon": 19.139864, "minta_garantalt_pontos": 1, "tavolsag_vasut_m": 432.7, "vasut_zona": "300-500 m", "is_vasut_immisszio_150m": 0, "tavolsag_vasut_halozati_m": 914.9, "menetido_vasut_gyalog_perc": 12.2, "vasut_5p_seta": 0, "vasut_10p_seta": 0, "vasut_15p_seta": 1, "url": "https://ingatlan.com/35457329", "title": "Eladó tégla lakás - Budapest X. kerület, Gyógyszergyári utca 10. #35457329", "postal_code": "1106", "varos": "Budapest", "utca": "Gyógyszergyári utca", "hazszam_vegleges": "10", "allapot": "nincs megadva", "ingatlan_altipus": "Tégla lakás", "epites_eve": 2026.0, "epites_eve_kategoria": "Új építésű (2025+)", "erkely_nm": 10.0, "szobaszam_egesz": 2.0, "szobaszam_fel": 0.0, "szobaszam_kategoria": "2 szoba", "atlagos_szobameret_nm": 21.0, "emelet": "6", "emelet_szam": 6.0, "epulet_szintjei_szam": null, "is_magas_emelet_lift_nelkul": 0, "futes": "nincs megadva", "futes_kategoria": null, "has_tavfutes": 0, "has_konvektor": 0, "has_megujulo": 0, "has_garazs_vagy_beallo": 0, "energetikai_tanusitvany": "A+", "butorozott": null, "koltozheto": null, "min_berleti_ido": null, "kertkapcsolatos": "nincs megadva", "kozos_koltseg_huf": null, "rezsikoltseg_huf": null, "hirdeto_tipus": "Ingatlaniroda", "iroda_neve": null, "leiras_hossz": 1447.0, "fenykepek_szama": 2.0, "geokodolas_modszere": null, "geokodolas_pontossag": null, "price_eur": null, "nm_ar_eur": null, "kozos_koltseg_eur": null, "rezsikoltseg_eur": null, "kaucio_eur": null, "tavolsag_metro_halozati_m": 817.0, "metro_5p_seta": 0, "metro_10p_seta": 0, "metro_15p_seta": 1, "tavolsag_villamos_halozati_m": 146.6, "villamos_5p_seta": 1, "villamos_10p_seta": 1, "villamos_15p_seta": 1, "tavolsag_busz_halozati_m": 445.1, "busz_5p_seta": 0, "busz_10p_seta": 1, "tavolsag_kotottpalya_halozati_m": 146.6, "kotottpalya_5p_seta": 1, "kotottpalya_10p_seta": 1, "kotottpalya_15p_seta": 1, "tavolsag_park_halozati_m": 429.1, "park_5p_seta": 0, "park_10p_seta": 1, "park_15p_seta": 1, "poi_5p_count": 2.0, "poi_10p_count": 30.0, "poi_15p_count": 99.0, "tavolsag_iskola_halozati_m": 1443.2, "iskola_5p_seta": 0, "iskola_10p_seta": 0, "iskola_15p_seta": 0, "tavolsag_ovoda_halozati_m": 1468.0, "ovoda_5p_seta": 0, "ovoda_10p_seta": 0, "ovoda_15p_seta": 0, "tavolsag_bolt_halozati_m": 765.2, "bolt_5p_seta": 0, "bolt_10p_seta": 0, "bolt_15p_seta": 1, "tavolsag_gyogyszertar_halozati_m": 557.9, "gyogyszertar_5p_seta": 0, "gyogyszertar_10p_seta": 1, "gyogyszertar_15p_seta": 1, "tavolsag_orvos_halozati_m": 818.9, "orvos_5p_seta": 0, "orvos_10p_seta": 0, "orvos_15p_seta": 1, "legkozelebbi_vasut": "Örs vezér tere", "legkozelebbi_metro": "", "legkozelebbi_villamos": "Kincsem lakópark", "legkozelebbi_busz": "Fehér úti ipari park", "legkozelebbi_park": "Névtelen zöldfelület / park", "legkozelebbi_kotottpalya_tipus": "villamos" }, "geometry": { "type": "Point", "coordinates": [ 19.139864, 47.497327 ] } },
{ "type": "Feature", "properties": { "listing_id": "35458388", "listing_type": "elado", "cim_teljes": "Budapest X. kerület, Kőrösi Csoma Sándor út 27.", "varosresz": "Kőbánya-Városközpont", "price_huf": 66990000.0, "ar_millio_ft": 66.99, "ar_ezer_ft_ho": 66990.0, "nm_ar_huf": 1046718.75, "log_ar": 18.02005391248445, "log_nm_ar": 13.861170829124779, "is_ar_outlier": 0, "alapterulet_nm": 64.0, "korrigalt_alapterulet_nm": 64.0, "szobaszam_osszes": 3.0, "allapot_kod": 4, "is_felujitando": 0, "is_ujszeru_vagy_uj": 0, "is_panel": 0, "is_tegla": 0, "has_lift": 1, "has_klima": 1, "has_erkely": 0, "is_foldszint": 0, "is_zaroszint": 0, "epulet_kora_ev": 58.0, "geokodolt_lat": 47.484739, "geokodolt_lon": 19.131978, "minta_garantalt_pontos": 1, "tavolsag_vasut_m": 409.3, "vasut_zona": "300-500 m", "is_vasut_immisszio_150m": 0, "tavolsag_vasut_halozati_m": 577.0, "menetido_vasut_gyalog_perc": 7.7, "vasut_5p_seta": 0, "vasut_10p_seta": 1, "vasut_15p_seta": 1, "url": "https://ingatlan.com/35458388", "title": "Eladó csúsztatott zsalus - Budapest X. kerület, Kőrösi Csoma Sándor út 27. #35458388", "postal_code": "1102", "varos": "Budapest", "utca": "Kőrösi Csoma Sándor út", "hazszam_vegleges": "27", "allapot": "felújított", "ingatlan_altipus": "Csúsztatott zsalus lakás", "epites_eve": 1968.0, "epites_eve_kategoria": "30-60 év (panel-korszak)", "erkely_nm": 0.0, "szobaszam_egesz": 3.0, "szobaszam_fel": 0.0, "szobaszam_kategoria": "3 szoba", "atlagos_szobameret_nm": 21.333333333333332, "emelet": "1", "emelet_szam": 1.0, "epulet_szintjei_szam": 10.0, "is_magas_emelet_lift_nelkul": 0, "futes": "távfűtés", "futes_kategoria": null, "has_tavfutes": 1, "has_konvektor": 0, "has_megujulo": 0, "has_garazs_vagy_beallo": 0, "energetikai_tanusitvany": "C", "butorozott": null, "koltozheto": null, "min_berleti_ido": null, "kertkapcsolatos": "nem", "kozos_koltseg_huf": 15680.0, "rezsikoltseg_huf": 18000.0, "hirdeto_tipus": "Ingatlaniroda", "iroda_neve": null, "leiras_hossz": 2379.0, "fenykepek_szama": 2.0, "geokodolas_modszere": null, "geokodolas_pontossag": null, "price_eur": null, "nm_ar_eur": null, "kozos_koltseg_eur": null, "rezsikoltseg_eur": null, "kaucio_eur": null, "tavolsag_metro_halozati_m": null, "metro_5p_seta": 0, "metro_10p_seta": 0, "metro_15p_seta": 0, "tavolsag_villamos_halozati_m": 75.1, "villamos_5p_seta": 1, "villamos_10p_seta": 1, "villamos_15p_seta": 1, "tavolsag_busz_halozati_m": 48.6, "busz_5p_seta": 1, "busz_10p_seta": 1, "tavolsag_kotottpalya_halozati_m": 75.1, "kotottpalya_5p_seta": 1, "kotottpalya_10p_seta": 1, "kotottpalya_15p_seta": 1, "tavolsag_park_halozati_m": 263.9, "park_5p_seta": 1, "park_10p_seta": 1, "park_15p_seta": 1, "poi_5p_count": 20.0, "poi_10p_count": 77.0, "poi_15p_count": 134.0, "tavolsag_iskola_halozati_m": 808.2, "iskola_5p_seta": 0, "iskola_10p_seta": 0, "iskola_15p_seta": 1, "tavolsag_ovoda_halozati_m": 627.9, "ovoda_5p_seta": 0, "ovoda_10p_seta": 1, "ovoda_15p_seta": 1, "tavolsag_bolt_halozati_m": 116.9, "bolt_5p_seta": 1, "bolt_10p_seta": 1, "bolt_15p_seta": 1, "tavolsag_gyogyszertar_halozati_m": 205.5, "gyogyszertar_5p_seta": 1, "gyogyszertar_10p_seta": 1, "gyogyszertar_15p_seta": 1, "tavolsag_orvos_halozati_m": null, "orvos_5p_seta": 0, "orvos_10p_seta": 0, "orvos_15p_seta": 0, "legkozelebbi_vasut": "Kőbánya alsó", "legkozelebbi_metro": "", "legkozelebbi_villamos": "Szent László tér", "legkozelebbi_busz": "Szent László tér", "legkozelebbi_park": "Névtelen zöldfelület / park", "legkozelebbi_kotottpalya_tipus": "villamos" }, "geometry": { "type": "Point", "coordinates": [ 19.131978, 47.484739 ] } },
{ "type": "Feature", "properties": { "listing_id": "35458844", "listing_type": "elado", "cim_teljes": "Budapest X. kerület, Kőrösi Csoma Sándor út 35-37.", "varosresz": "Kőbánya-Városközpont", "price_huf": 67900000.0, "ar_millio_ft": 67.9, "ar_ezer_ft_ho": 67900.0, "nm_ar_huf": 1281132.0754716981, "log_ar": 18.033546592528925, "log_nm_ar": 14.063254678976802, "is_ar_outlier": 0, "alapterulet_nm": 53.0, "korrigalt_alapterulet_nm": 56.5, "szobaszam_osszes": 2.0, "allapot_kod": 4, "is_felujitando": 0, "is_ujszeru_vagy_uj": 0, "is_panel": 0, "is_tegla": 1, "has_lift": 1, "has_klima": 1, "has_erkely": 1, "is_foldszint": 0, "is_zaroszint": 0, "epulet_kora_ev": 58.0, "geokodolt_lat": 47.488395, "geokodolt_lon": 19.135402, "minta_garantalt_pontos": 1, "tavolsag_vasut_m": 339.6, "vasut_zona": "300-500 m", "is_vasut_immisszio_150m": 0, "tavolsag_vasut_halozati_m": 580.0, "menetido_vasut_gyalog_perc": 7.7, "vasut_5p_seta": 0, "vasut_10p_seta": 1, "vasut_15p_seta": 1, "url": "https://ingatlan.com/35458844", "title": "Eladó tégla lakás - Budapest X. kerület, Kőrösi Csoma Sándor út 35-37. #35458844", "postal_code": "1102", "varos": "Budapest", "utca": "Kőrösi Csoma Sándor út", "hazszam_vegleges": "35-37", "allapot": "felújított", "ingatlan_altipus": "Tégla lakás", "epites_eve": 1968.0, "epites_eve_kategoria": "30-60 év (panel-korszak)", "erkely_nm": 7.0, "szobaszam_egesz": 2.0, "szobaszam_fel": 0.0, "szobaszam_kategoria": "2 szoba", "atlagos_szobameret_nm": 26.5, "emelet": "7", "emelet_szam": 7.0, "epulet_szintjei_szam": 10.0, "is_magas_emelet_lift_nelkul": 0, "futes": "házközponti egyedi méréssel, hűtő-fűtő klíma", "futes_kategoria": null, "has_tavfutes": 0, "has_konvektor": 0, "has_megujulo": 0, "has_garazs_vagy_beallo": 0, "energetikai_tanusitvany": "nincs megadva", "butorozott": null, "koltozheto": null, "min_berleti_ido": null, "kertkapcsolatos": "nincs megadva", "kozos_koltseg_huf": 9000.0, "rezsikoltseg_huf": null, "hirdeto_tipus": "Ingatlaniroda", "iroda_neve": null, "leiras_hossz": 2779.0, "fenykepek_szama": 2.0, "geokodolas_modszere": null, "geokodolas_pontossag": null, "price_eur": null, "nm_ar_eur": null, "kozos_koltseg_eur": null, "rezsikoltseg_eur": null, "kaucio_eur": null, "tavolsag_metro_halozati_m": 2043.1, "metro_5p_seta": 0, "metro_10p_seta": 0, "metro_15p_seta": 0, "tavolsag_villamos_halozati_m": 46.4, "villamos_5p_seta": 1, "villamos_10p_seta": 1, "villamos_15p_seta": 1, "tavolsag_busz_halozati_m": 43.4, "busz_5p_seta": 1, "busz_10p_seta": 1, "tavolsag_kotottpalya_halozati_m": 46.4, "kotottpalya_5p_seta": 1, "kotottpalya_10p_seta": 1, "kotottpalya_15p_seta": 1, "tavolsag_park_halozati_m": 291.7, "park_5p_seta": 1, "park_10p_seta": 1, "park_15p_seta": 1, "poi_5p_count": 11.0, "poi_10p_count": 51.0, "poi_15p_count": 116.0, "tavolsag_iskola_halozati_m": 1240.0, "iskola_5p_seta": 0, "iskola_10p_seta": 0, "iskola_15p_seta": 0, "tavolsag_ovoda_halozati_m": 270.3, "ovoda_5p_seta": 1, "ovoda_10p_seta": 1, "ovoda_15p_seta": 1, "tavolsag_bolt_halozati_m": 541.6, "bolt_5p_seta": 0, "bolt_10p_seta": 1, "bolt_15p_seta": 1, "tavolsag_gyogyszertar_halozati_m": 170.2, "gyogyszertar_5p_seta": 1, "gyogyszertar_10p_seta": 1, "gyogyszertar_15p_seta": 1, "tavolsag_orvos_halozati_m": 2098.0, "orvos_5p_seta": 0, "orvos_10p_seta": 0, "orvos_15p_seta": 0, "legkozelebbi_vasut": "Kőbánya felső", "legkozelebbi_metro": "", "legkozelebbi_villamos": "Szent László Gimnázium", "legkozelebbi_busz": "Szent László Gimnázium", "legkozelebbi_park": "Rottenbiller park", "legkozelebbi_kotottpalya_tipus": "villamos" }, "geometry": { "type": "Point", "coordinates": [ 19.135402, 47.488395 ] } },
{ "type": "Feature", "properties": { "listing_id": "35459277", "listing_type": "elado", "cim_teljes": "Budapest X. kerület, Gőzmozdony utca 18.", "varosresz": "Újhegy", "price_huf": 59900000.0, "ar_millio_ft": 59.9, "ar_ezer_ft_ho": 59900.0, "nm_ar_huf": 1151923.076923077, "log_ar": 17.908187063085677, "log_nm_ar": 13.95694334450425, "is_ar_outlier": 0, "alapterulet_nm": 52.0, "korrigalt_alapterulet_nm": 54.0, "szobaszam_osszes": 2.0, "allapot_kod": 3, "is_felujitando": 0, "is_ujszeru_vagy_uj": 0, "is_panel": 1, "is_tegla": 0, "has_lift": 1, "has_klima": 1, "has_erkely": 1, "is_foldszint": 0, "is_zaroszint": 0, "epulet_kora_ev": 58.0, "geokodolt_lat": 47.467576, "geokodolt_lon": 19.158214, "minta_garantalt_pontos": 1, "tavolsag_vasut_m": 564.3, "vasut_zona": "500-1000 m", "is_vasut_immisszio_150m": 0, "tavolsag_vasut_halozati_m": 1071.1, "menetido_vasut_gyalog_perc": 14.3, "vasut_5p_seta": 0, "vasut_10p_seta": 0, "vasut_15p_seta": 1, "url": "https://ingatlan.com/35459277", "title": "Eladó panel lakás - Budapest X. kerület, Gőzmozdony utca 18. #35459277", "postal_code": "1108", "varos": "Budapest", "utca": "Gőzmozdony utca", "hazszam_vegleges": "18", "allapot": "jó állapotú", "ingatlan_altipus": "Panel lakás", "epites_eve": 1968.0, "epites_eve_kategoria": "30-60 év (panel-korszak)", "erkely_nm": 4.0, "szobaszam_egesz": 2.0, "szobaszam_fel": 0.0, "szobaszam_kategoria": "2 szoba", "atlagos_szobameret_nm": 26.0, "emelet": "5", "emelet_szam": 5.0, "epulet_szintjei_szam": 10.0, "is_magas_emelet_lift_nelkul": 0, "futes": "távfűtés", "futes_kategoria": null, "has_tavfutes": 1, "has_konvektor": 0, "has_megujulo": 0, "has_garazs_vagy_beallo": 0, "energetikai_tanusitvany": "C", "butorozott": null, "koltozheto": null, "min_berleti_ido": null, "kertkapcsolatos": "nem", "kozos_koltseg_huf": 18250.0, "rezsikoltseg_huf": null, "hirdeto_tipus": "Ingatlaniroda", "iroda_neve": null, "leiras_hossz": 2725.0, "fenykepek_szama": 4.0, "geokodolas_modszere": null, "geokodolas_pontossag": null, "price_eur": null, "nm_ar_eur": null, "kozos_koltseg_eur": null, "rezsikoltseg_eur": null, "kaucio_eur": null, "tavolsag_metro_halozati_m": 1077.0, "metro_5p_seta": 0, "metro_10p_seta": 0, "metro_15p_seta": 1, "tavolsag_villamos_halozati_m": 1418.0, "villamos_5p_seta": 0, "villamos_10p_seta": 0, "villamos_15p_seta": 0, "tavolsag_busz_halozati_m": 166.4, "busz_5p_seta": 1, "busz_10p_seta": 1, "tavolsag_kotottpalya_halozati_m": 1071.1, "kotottpalya_5p_seta": 0, "kotottpalya_10p_seta": 0, "kotottpalya_15p_seta": 1, "tavolsag_park_halozati_m": 169.2, "park_5p_seta": 1, "park_10p_seta": 1, "park_15p_seta": 1, "poi_5p_count": 9.0, "poi_10p_count": 27.0, "poi_15p_count": 62.0, "tavolsag_iskola_halozati_m": null, "iskola_5p_seta": 0, "iskola_10p_seta": 0, "iskola_15p_seta": 0, "tavolsag_ovoda_halozati_m": null, "ovoda_5p_seta": 0, "ovoda_10p_seta": 0, "ovoda_15p_seta": 0, "tavolsag_bolt_halozati_m": 346.4, "bolt_5p_seta": 1, "bolt_10p_seta": 1, "bolt_15p_seta": 1, "tavolsag_gyogyszertar_halozati_m": 261.9, "gyogyszertar_5p_seta": 1, "gyogyszertar_10p_seta": 1, "gyogyszertar_15p_seta": 1, "tavolsag_orvos_halozati_m": 1636.9, "orvos_5p_seta": 0, "orvos_10p_seta": 0, "orvos_15p_seta": 0, "legkozelebbi_vasut": "Kőbánya-Kispest", "legkozelebbi_metro": "", "legkozelebbi_villamos": "Venyige utca", "legkozelebbi_busz": "Rózsaliget", "legkozelebbi_park": "Gőzmozdony park", "legkozelebbi_kotottpalya_tipus": "vasut" }, "geometry": { "type": "Point", "coordinates": [ 19.158214, 47.467576 ] } },
{ "type": "Feature", "properties": { "listing_id": "35460591", "listing_type": "elado", "cim_teljes": "Budapest X. kerület, Harmat utca 22.", "varosresz": "Óhegy", "price_huf": 77940000.0, "ar_millio_ft": 77.94, "ar_ezer_ft_ho": 77940.0, "nm_ar_huf": 1590612.2448979593, "log_ar": 18.171449857874837, "log_nm_ar": 14.27962955976421, "is_ar_outlier": 0, "alapterulet_nm": 49.0, "korrigalt_alapterulet_nm": 52.0, "szobaszam_osszes": 2.0, "allapot_kod": 6, "is_felujitando": 0, "is_ujszeru_vagy_uj": 1, "is_panel": 0, "is_tegla": 1, "has_lift": 1, "has_klima": 1, "has_erkely": 1, "is_foldszint": 1, "is_zaroszint": 0, "epulet_kora_ev": 0.0, "geokodolt_lat": 47.4872, "geokodolt_lon": 19.1401, "minta_garantalt_pontos": 1, "tavolsag_vasut_m": 552.6, "vasut_zona": "500-1000 m", "is_vasut_immisszio_150m": 0, "tavolsag_vasut_halozati_m": 968.0, "menetido_vasut_gyalog_perc": 12.9, "vasut_5p_seta": 0, "vasut_10p_seta": 0, "vasut_15p_seta": 1, "url": "https://ingatlan.com/35460591", "title": "Eladó tégla lakás - Budapest X. kerület, Harmat utca 22. #35460591", "postal_code": "1104", "varos": "Budapest", "utca": "Harmat utca", "hazszam_vegleges": "22", "allapot": "új építésű", "ingatlan_altipus": "Tégla lakás", "epites_eve": 2028.0, "epites_eve_kategoria": "Új építésű (2025+)", "erkely_nm": 6.0, "szobaszam_egesz": 2.0, "szobaszam_fel": 0.0, "szobaszam_kategoria": "2 szoba", "atlagos_szobameret_nm": 24.5, "emelet": "földszint", "emelet_szam": 0.0, "epulet_szintjei_szam": 5.0, "is_magas_emelet_lift_nelkul": 0, "futes": "mennyezeti hűtés-fűtés, hőszivattyú", "futes_kategoria": null, "has_tavfutes": 0, "has_konvektor": 0, "has_megujulo": 1, "has_garazs_vagy_beallo": 0, "energetikai_tanusitvany": "A", "butorozott": null, "koltozheto": null, "min_berleti_ido": null, "kertkapcsolatos": "igen", "kozos_koltseg_huf": null, "rezsikoltseg_huf": null, "hirdeto_tipus": "Ingatlaniroda", "iroda_neve": null, "leiras_hossz": 701.0, "fenykepek_szama": 4.0, "geokodolas_modszere": null, "geokodolas_pontossag": null, "price_eur": null, "nm_ar_eur": null, "kozos_koltseg_eur": null, "rezsikoltseg_eur": null, "kaucio_eur": null, "tavolsag_metro_halozati_m": null, "metro_5p_seta": 0, "metro_10p_seta": 0, "metro_15p_seta": 0, "tavolsag_villamos_halozati_m": 417.0, "villamos_5p_seta": 0, "villamos_10p_seta": 1, "villamos_15p_seta": 1, "tavolsag_busz_halozati_m": 233.1, "busz_5p_seta": 1, "busz_10p_seta": 1, "tavolsag_kotottpalya_halozati_m": 417.0, "kotottpalya_5p_seta": 0, "kotottpalya_10p_seta": 1, "kotottpalya_15p_seta": 1, "tavolsag_park_halozati_m": 543.6, "park_5p_seta": 0, "park_10p_seta": 1, "park_15p_seta": 1, "poi_5p_count": 3.0, "poi_10p_count": 23.0, "poi_15p_count": 66.0, "tavolsag_iskola_halozati_m": 946.7, "iskola_5p_seta": 0, "iskola_10p_seta": 0, "iskola_15p_seta": 1, "tavolsag_ovoda_halozati_m": 425.7, "ovoda_5p_seta": 0, "ovoda_10p_seta": 1, "ovoda_15p_seta": 1, "tavolsag_bolt_halozati_m": 509.2, "bolt_5p_seta": 0, "bolt_10p_seta": 1, "bolt_15p_seta": 1, "tavolsag_gyogyszertar_halozati_m": 377.8, "gyogyszertar_5p_seta": 0, "gyogyszertar_10p_seta": 1, "gyogyszertar_15p_seta": 1, "tavolsag_orvos_halozati_m": null, "orvos_5p_seta": 0, "orvos_10p_seta": 0, "orvos_15p_seta": 0, "legkozelebbi_vasut": "Kőbánya felső", "legkozelebbi_metro": "", "legkozelebbi_villamos": "Szent László Gimnázium", "legkozelebbi_busz": "Szent László Gimnázium", "legkozelebbi_park": "Rottenbiller park", "legkozelebbi_kotottpalya_tipus": "villamos" }, "geometry": { "type": "Point", "coordinates": [ 19.1401, 47.4872 ] } },
{ "type": "Feature", "properties": { "listing_id": "35460594", "listing_type": "elado", "cim_teljes": "Budapest X. kerület, Harmat utca 22.", "varosresz": "Óhegy", "price_huf": 51280000.0, "ar_millio_ft": 51.28, "ar_ezer_ft_ho": 51280.0, "nm_ar_huf": 1508235.294117647, "log_ar": 17.752811370576687, "log_nm_ar": 14.226450845960528, "is_ar_outlier": 0, "alapterulet_nm": 34.0, "korrigalt_alapterulet_nm": 36.7, "szobaszam_osszes": 1.0, "allapot_kod": 6, "is_felujitando": 0, "is_ujszeru_vagy_uj": 1, "is_panel": 0, "is_tegla": 1, "has_lift": 1, "has_klima": 1, "has_erkely": 1, "is_foldszint": 0, "is_zaroszint": 0, "epulet_kora_ev": 0.0, "geokodolt_lat": 47.4872, "geokodolt_lon": 19.1401, "minta_garantalt_pontos": 1, "tavolsag_vasut_m": 552.6, "vasut_zona": "500-1000 m", "is_vasut_immisszio_150m": 0, "tavolsag_vasut_halozati_m": 968.0, "menetido_vasut_gyalog_perc": 12.9, "vasut_5p_seta": 0, "vasut_10p_seta": 0, "vasut_15p_seta": 1, "url": "https://ingatlan.com/35460594", "title": "Eladó tégla lakás - Budapest X. kerület, Harmat utca 22. #35460594", "postal_code": "1104", "varos": "Budapest", "utca": "Harmat utca", "hazszam_vegleges": "22", "allapot": "új építésű", "ingatlan_altipus": "Tégla lakás", "epites_eve": 2028.0, "epites_eve_kategoria": "Új építésű (2025+)", "erkely_nm": 5.4, "szobaszam_egesz": 1.0, "szobaszam_fel": 0.0, "szobaszam_kategoria": "1 szoba", "atlagos_szobameret_nm": 34.0, "emelet": "2", "emelet_szam": 2.0, "epulet_szintjei_szam": 5.0, "is_magas_emelet_lift_nelkul": 0, "futes": "mennyezeti hűtés-fűtés, hőszivattyú", "futes_kategoria": null, "has_tavfutes": 0, "has_konvektor": 0, "has_megujulo": 1, "has_garazs_vagy_beallo": 0, "energetikai_tanusitvany": "A", "butorozott": null, "koltozheto": null, "min_berleti_ido": null, "kertkapcsolatos": "nem", "kozos_koltseg_huf": null, "rezsikoltseg_huf": null, "hirdeto_tipus": "Ingatlaniroda", "iroda_neve": null, "leiras_hossz": 701.0, "fenykepek_szama": 4.0, "geokodolas_modszere": null, "geokodolas_pontossag": null, "price_eur": null, "nm_ar_eur": null, "kozos_koltseg_eur": null, "rezsikoltseg_eur": null, "kaucio_eur": null, "tavolsag_metro_halozati_m": null, "metro_5p_seta": 0, "metro_10p_seta": 0, "metro_15p_seta": 0, "tavolsag_villamos_halozati_m": 417.0, "villamos_5p_seta": 0, "villamos_10p_seta": 1, "villamos_15p_seta": 1, "tavolsag_busz_halozati_m": 233.1, "busz_5p_seta": 1, "busz_10p_seta": 1, "tavolsag_kotottpalya_halozati_m": 417.0, "kotottpalya_5p_seta": 0, "kotottpalya_10p_seta": 1, "kotottpalya_15p_seta": 1, "tavolsag_park_halozati_m": 543.6, "park_5p_seta": 0, "park_10p_seta": 1, "park_15p_seta": 1, "poi_5p_count": 3.0, "poi_10p_count": 23.0, "poi_15p_count": 66.0, "tavolsag_iskola_halozati_m": 946.7, "iskola_5p_seta": 0, "iskola_10p_seta": 0, "iskola_15p_seta": 1, "tavolsag_ovoda_halozati_m": 425.7, "ovoda_5p_seta": 0, "ovoda_10p_seta": 1, "ovoda_15p_seta": 1, "tavolsag_bolt_halozati_m": 509.2, "bolt_5p_seta": 0, "bolt_10p_seta": 1, "bolt_15p_seta": 1, "tavolsag_gyogyszertar_halozati_m": 377.8, "gyogyszertar_5p_seta": 0, "gyogyszertar_10p_seta": 1, "gyogyszertar_15p_seta": 1, "tavolsag_orvos_halozati_m": null, "orvos_5p_seta": 0, "orvos_10p_seta": 0, "orvos_15p_seta": 0, "legkozelebbi_vasut": "Kőbánya felső", "legkozelebbi_metro": "", "legkozelebbi_villamos": "Szent László Gimnázium", "legkozelebbi_busz": "Szent László Gimnázium", "legkozelebbi_park": "Rottenbiller park", "legkozelebbi_kotottpalya_tipus": "villamos" }, "geometry": { "type": "Point", "coordinates": [ 19.1401, 47.4872 ] } },
{ "type": "Feature", "properties": { "listing_id": "35460596", "listing_type": "elado", "cim_teljes": "Budapest X. kerület, Harmat utca 22.", "varosresz": "Óhegy", "price_huf": 108590000.0, "ar_millio_ft": 108.59, "ar_ezer_ft_ho": 108590.0, "nm_ar_huf": 1428815.7894736843, "log_ar": 18.503089880193084, "log_nm_ar": 14.172356539906753, "is_ar_outlier": 0, "alapterulet_nm": 76.0, "korrigalt_alapterulet_nm": 87.43, "szobaszam_osszes": 4.0, "allapot_kod": 6, "is_felujitando": 0, "is_ujszeru_vagy_uj": 1, "is_panel": 0, "is_tegla": 1, "has_lift": 1, "has_klima": 1, "has_erkely": 1, "is_foldszint": 0, "is_zaroszint": 0, "epulet_kora_ev": 0.0, "geokodolt_lat": 47.4872, "geokodolt_lon": 19.1401, "minta_garantalt_pontos": 1, "tavolsag_vasut_m": 552.6, "vasut_zona": "500-1000 m", "is_vasut_immisszio_150m": 0, "tavolsag_vasut_halozati_m": 968.0, "menetido_vasut_gyalog_perc": 12.9, "vasut_5p_seta": 0, "vasut_10p_seta": 0, "vasut_15p_seta": 1, "url": "https://ingatlan.com/35460596", "title": "Eladó tégla lakás - Budapest X. kerület, Harmat utca 22. #35460596", "postal_code": "1104", "varos": "Budapest", "utca": "Harmat utca", "hazszam_vegleges": "22", "allapot": "új építésű", "ingatlan_altipus": "Tégla lakás", "epites_eve": 2028.0, "epites_eve_kategoria": "Új építésű (2025+)", "erkely_nm": 22.86, "szobaszam_egesz": 4.0, "szobaszam_fel": 0.0, "szobaszam_kategoria": "4+ szoba", "atlagos_szobameret_nm": 19.0, "emelet": "2", "emelet_szam": 2.0, "epulet_szintjei_szam": 5.0, "is_magas_emelet_lift_nelkul": 0, "futes": "mennyezeti hűtés-fűtés, hőszivattyú", "futes_kategoria": null, "has_tavfutes": 0, "has_konvektor": 0, "has_megujulo": 1, "has_garazs_vagy_beallo": 0, "energetikai_tanusitvany": "A", "butorozott": null, "koltozheto": null, "min_berleti_ido": null, "kertkapcsolatos": "nem", "kozos_koltseg_huf": null, "rezsikoltseg_huf": null, "hirdeto_tipus": "Ingatlaniroda", "iroda_neve": null, "leiras_hossz": 701.0, "fenykepek_szama": 4.0, "geokodolas_modszere": null, "geokodolas_pontossag": null, "price_eur": null, "nm_ar_eur": null, "kozos_koltseg_eur": null, "rezsikoltseg_eur": null, "kaucio_eur": null, "tavolsag_metro_halozati_m": null, "metro_5p_seta": 0, "metro_10p_seta": 0, "metro_15p_seta": 0, "tavolsag_villamos_halozati_m": 417.0, "villamos_5p_seta": 0, "villamos_10p_seta": 1, "villamos_15p_seta": 1, "tavolsag_busz_halozati_m": 233.1, "busz_5p_seta": 1, "busz_10p_seta": 1, "tavolsag_kotottpalya_halozati_m": 417.0, "kotottpalya_5p_seta": 0, "kotottpalya_10p_seta": 1, "kotottpalya_15p_seta": 1, "tavolsag_park_halozati_m": 543.6, "park_5p_seta": 0, "park_10p_seta": 1, "park_15p_seta": 1, "poi_5p_count": 3.0, "poi_10p_count": 23.0, "poi_15p_count": 66.0, "tavolsag_iskola_halozati_m": 946.7, "iskola_5p_seta": 0, "iskola_10p_seta": 0, "iskola_15p_seta": 1, "tavolsag_ovoda_halozati_m": 425.7, "ovoda_5p_seta": 0, "ovoda_10p_seta": 1, "ovoda_15p_seta": 1, "tavolsag_bolt_halozati_m": 509.2, "bolt_5p_seta": 0, "bolt_10p_seta": 1, "bolt_15p_seta": 1, "tavolsag_gyogyszertar_halozati_m": 377.8, "gyogyszertar_5p_seta": 0, "gyogyszertar_10p_seta": 1, "gyogyszertar_15p_seta": 1, "tavolsag_orvos_halozati_m": null, "orvos_5p_seta": 0, "orvos_10p_seta": 0, "orvos_15p_seta": 0, "legkozelebbi_vasut": "Kőbánya felső", "legkozelebbi_metro": "", "legkozelebbi_villamos": "Szent László Gimnázium", "legkozelebbi_busz": "Szent László Gimnázium", "legkozelebbi_park": "Rottenbiller park", "legkozelebbi_kotottpalya_tipus": "villamos" }, "geometry": { "type": "Point", "coordinates": [ 19.1401, 47.4872 ] } },
{ "type": "Feature", "properties": { "listing_id": "35460601", "listing_type": "elado", "cim_teljes": "Budapest X. kerület, Harmat utca 22.", "varosresz": "Óhegy", "price_huf": 98180000.0, "ar_millio_ft": 98.18, "ar_ezer_ft_ho": 98180.0, "nm_ar_huf": 1722456.1403508773, "log_ar": 18.40231308659418, "log_nm_ar": 14.359261818759631, "is_ar_outlier": 0, "alapterulet_nm": 57.0, "korrigalt_alapterulet_nm": 77.26, "szobaszam_osszes": 3.0, "allapot_kod": 6, "is_felujitando": 0, "is_ujszeru_vagy_uj": 1, "is_panel": 0, "is_tegla": 1, "has_lift": 1, "has_klima": 1, "has_erkely": 1, "is_foldszint": 0, "is_zaroszint": 0, "epulet_kora_ev": 0.0, "geokodolt_lat": 47.4872, "geokodolt_lon": 19.1401, "minta_garantalt_pontos": 1, "tavolsag_vasut_m": 552.6, "vasut_zona": "500-1000 m", "is_vasut_immisszio_150m": 0, "tavolsag_vasut_halozati_m": 968.0, "menetido_vasut_gyalog_perc": 12.9, "vasut_5p_seta": 0, "vasut_10p_seta": 0, "vasut_15p_seta": 1, "url": "https://ingatlan.com/35460601", "title": "Eladó tégla lakás - Budapest X. kerület, Harmat utca 22. #35460601", "postal_code": "1104", "varos": "Budapest", "utca": "Harmat utca", "hazszam_vegleges": "22", "allapot": "új építésű", "ingatlan_altipus": "Tégla lakás", "epites_eve": 2028.0, "epites_eve_kategoria": "Új építésű (2025+)", "erkely_nm": 40.52, "szobaszam_egesz": 3.0, "szobaszam_fel": 0.0, "szobaszam_kategoria": "3 szoba", "atlagos_szobameret_nm": 19.0, "emelet": "3", "emelet_szam": 3.0, "epulet_szintjei_szam": 5.0, "is_magas_emelet_lift_nelkul": 0, "futes": "mennyezeti hűtés-fűtés, hőszivattyú", "futes_kategoria": null, "has_tavfutes": 0, "has_konvektor": 0, "has_megujulo": 1, "has_garazs_vagy_beallo": 0, "energetikai_tanusitvany": "A", "butorozott": null, "koltozheto": null, "min_berleti_ido": null, "kertkapcsolatos": "nem", "kozos_koltseg_huf": null, "rezsikoltseg_huf": null, "hirdeto_tipus": "Ingatlaniroda", "iroda_neve": null, "leiras_hossz": 701.0, "fenykepek_szama": 4.0, "geokodolas_modszere": null, "geokodolas_pontossag": null, "price_eur": null, "nm_ar_eur": null, "kozos_koltseg_eur": null, "rezsikoltseg_eur": null, "kaucio_eur": null, "tavolsag_metro_halozati_m": null, "metro_5p_seta": 0, "metro_10p_seta": 0, "metro_15p_seta": 0, "tavolsag_villamos_halozati_m": 417.0, "villamos_5p_seta": 0, "villamos_10p_seta": 1, "villamos_15p_seta": 1, "tavolsag_busz_halozati_m": 233.1, "busz_5p_seta": 1, "busz_10p_seta": 1, "tavolsag_kotottpalya_halozati_m": 417.0, "kotottpalya_5p_seta": 0, "kotottpalya_10p_seta": 1, "kotottpalya_15p_seta": 1, "tavolsag_park_halozati_m": 543.6, "park_5p_seta": 0, "park_10p_seta": 1, "park_15p_seta": 1, "poi_5p_count": 3.0, "poi_10p_count": 23.0, "poi_15p_count": 66.0, "tavolsag_iskola_halozati_m": 946.7, "iskola_5p_seta": 0, "iskola_10p_seta": 0, "iskola_15p_seta": 1, "tavolsag_ovoda_halozati_m": 425.7, "ovoda_5p_seta": 0, "ovoda_10p_seta": 1, "ovoda_15p_seta": 1, "tavolsag_bolt_halozati_m": 509.2, "bolt_5p_seta": 0, "bolt_10p_seta": 1, "bolt_15p_seta": 1, "tavolsag_gyogyszertar_halozati_m": 377.8, "gyogyszertar_5p_seta": 0, "gyogyszertar_10p_seta": 1, "gyogyszertar_15p_seta": 1, "tavolsag_orvos_halozati_m": null, "orvos_5p_seta": 0, "orvos_10p_seta": 0, "orvos_15p_seta": 0, "legkozelebbi_vasut": "Kőbánya felső", "legkozelebbi_metro": "", "legkozelebbi_villamos": "Szent László Gimnázium", "legkozelebbi_busz": "Szent László Gimnázium", "legkozelebbi_park": "Rottenbiller park", "legkozelebbi_kotottpalya_tipus": "villamos" }, "geometry": { "type": "Point", "coordinates": [ 19.1401, 47.4872 ] } },
{ "type": "Feature", "properties": { "listing_id": "35460605", "listing_type": "elado", "cim_teljes": "Budapest X. kerület, Harmat utca 22.", "varosresz": "Óhegy", "price_huf": 61260000.0, "ar_millio_ft": 61.26, "ar_ezer_ft_ho": 61260.0, "nm_ar_huf": 1458571.4285714286, "log_ar": 17.930637659368902, "log_nm_ar": 14.192968041085535, "is_ar_outlier": 0, "alapterulet_nm": 42.0, "korrigalt_alapterulet_nm": 47.975, "szobaszam_osszes": 2.0, "allapot_kod": 6, "is_felujitando": 0, "is_ujszeru_vagy_uj": 1, "is_panel": 0, "is_tegla": 1, "has_lift": 1, "has_klima": 1, "has_erkely": 1, "is_foldszint": 0, "is_zaroszint": 0, "epulet_kora_ev": 0.0, "geokodolt_lat": 47.4872, "geokodolt_lon": 19.1401, "minta_garantalt_pontos": 1, "tavolsag_vasut_m": 552.6, "vasut_zona": "500-1000 m", "is_vasut_immisszio_150m": 0, "tavolsag_vasut_halozati_m": 968.0, "menetido_vasut_gyalog_perc": 12.9, "vasut_5p_seta": 0, "vasut_10p_seta": 0, "vasut_15p_seta": 1, "url": "https://ingatlan.com/35460605", "title": "Eladó tégla lakás - Budapest X. kerület, Harmat utca 22. #35460605", "postal_code": "1104", "varos": "Budapest", "utca": "Harmat utca", "hazszam_vegleges": "22", "allapot": "új építésű", "ingatlan_altipus": "Tégla lakás", "epites_eve": 2028.0, "epites_eve_kategoria": "Új építésű (2025+)", "erkely_nm": 11.95, "szobaszam_egesz": 2.0, "szobaszam_fel": 0.0, "szobaszam_kategoria": "2 szoba", "atlagos_szobameret_nm": 21.0, "emelet": "4", "emelet_szam": 4.0, "epulet_szintjei_szam": 5.0, "is_magas_emelet_lift_nelkul": 0, "futes": "mennyezeti hűtés-fűtés, hőszivattyú", "futes_kategoria": null, "has_tavfutes": 0, "has_konvektor": 0, "has_megujulo": 1, "has_garazs_vagy_beallo": 0, "energetikai_tanusitvany": "A", "butorozott": null, "koltozheto": null, "min_berleti_ido": null, "kertkapcsolatos": "nem", "kozos_koltseg_huf": null, "rezsikoltseg_huf": null, "hirdeto_tipus": "Ingatlaniroda", "iroda_neve": null, "leiras_hossz": 701.0, "fenykepek_szama": 4.0, "geokodolas_modszere": null, "geokodolas_pontossag": null, "price_eur": null, "nm_ar_eur": null, "kozos_koltseg_eur": null, "rezsikoltseg_eur": null, "kaucio_eur": null, "tavolsag_metro_halozati_m": null, "metro_5p_seta": 0, "metro_10p_seta": 0, "metro_15p_seta": 0, "tavolsag_villamos_halozati_m": 417.0, "villamos_5p_seta": 0, "villamos_10p_seta": 1, "villamos_15p_seta": 1, "tavolsag_busz_halozati_m": 233.1, "busz_5p_seta": 1, "busz_10p_seta": 1, "tavolsag_kotottpalya_halozati_m": 417.0, "kotottpalya_5p_seta": 0, "kotottpalya_10p_seta": 1, "kotottpalya_15p_seta": 1, "tavolsag_park_halozati_m": 543.6, "park_5p_seta": 0, "park_10p_seta": 1, "park_15p_seta": 1, "poi_5p_count": 3.0, "poi_10p_count": 23.0, "poi_15p_count": 66.0, "tavolsag_iskola_halozati_m": 946.7, "iskola_5p_seta": 0, "iskola_10p_seta": 0, "iskola_15p_seta": 1, "tavolsag_ovoda_halozati_m": 425.7, "ovoda_5p_seta": 0, "ovoda_10p_seta": 1, "ovoda_15p_seta": 1, "tavolsag_bolt_halozati_m": 509.2, "bolt_5p_seta": 0, "bolt_10p_seta": 1, "bolt_15p_seta": 1, "tavolsag_gyogyszertar_halozati_m": 377.8, "gyogyszertar_5p_seta": 0, "gyogyszertar_10p_seta": 1, "gyogyszertar_15p_seta": 1, "tavolsag_orvos_halozati_m": null, "orvos_5p_seta": 0, "orvos_10p_seta": 0, "orvos_15p_seta": 0, "legkozelebbi_vasut": "Kőbánya felső", "legkozelebbi_metro": "", "legkozelebbi_villamos": "Szent László Gimnázium", "legkozelebbi_busz": "Szent László Gimnázium", "legkozelebbi_park": "Rottenbiller park", "legkozelebbi_kotottpalya_tipus": "villamos" }, "geometry": { "type": "Point", "coordinates": [ 19.1401, 47.4872 ] } },
{ "type": "Feature", "properties": { "listing_id": "35460613", "listing_type": "elado", "cim_teljes": "Budapest X. kerület, Harmat utca 22.", "varosresz": "Óhegy", "price_huf": 72140000.0, "ar_millio_ft": 72.14, "ar_ezer_ft_ho": 72140.0, "nm_ar_huf": 1472244.8979591837, "log_ar": 18.094119233439667, "log_nm_ar": 14.20229893532904, "is_ar_outlier": 0, "alapterulet_nm": 49.0, "korrigalt_alapterulet_nm": 56.905, "szobaszam_osszes": 2.0, "allapot_kod": 6, "is_felujitando": 0, "is_ujszeru_vagy_uj": 1, "is_panel": 0, "is_tegla": 1, "has_lift": 1, "has_klima": 1, "has_erkely": 1, "is_foldszint": 0, "is_zaroszint": 0, "epulet_kora_ev": 0.0, "geokodolt_lat": 47.4872, "geokodolt_lon": 19.1401, "minta_garantalt_pontos": 1, "tavolsag_vasut_m": 552.6, "vasut_zona": "500-1000 m", "is_vasut_immisszio_150m": 0, "tavolsag_vasut_halozati_m": 968.0, "menetido_vasut_gyalog_perc": 12.9, "vasut_5p_seta": 0, "vasut_10p_seta": 0, "vasut_15p_seta": 1, "url": "https://ingatlan.com/35460613", "title": "Eladó tégla lakás - Budapest X. kerület, Harmat utca 22. #35460613", "postal_code": "1104", "varos": "Budapest", "utca": "Harmat utca", "hazszam_vegleges": "22", "allapot": "új építésű", "ingatlan_altipus": "Tégla lakás", "epites_eve": 2028.0, "epites_eve_kategoria": "Új építésű (2025+)", "erkely_nm": 15.81, "szobaszam_egesz": 2.0, "szobaszam_fel": 0.0, "szobaszam_kategoria": "2 szoba", "atlagos_szobameret_nm": 24.5, "emelet": "2", "emelet_szam": 2.0, "epulet_szintjei_szam": 5.0, "is_magas_emelet_lift_nelkul": 0, "futes": "mennyezeti hűtés-fűtés, hőszivattyú", "futes_kategoria": null, "has_tavfutes": 0, "has_konvektor": 0, "has_megujulo": 1, "has_garazs_vagy_beallo": 0, "energetikai_tanusitvany": "A", "butorozott": null, "koltozheto": null, "min_berleti_ido": null, "kertkapcsolatos": "nem", "kozos_koltseg_huf": null, "rezsikoltseg_huf": null, "hirdeto_tipus": "Ingatlaniroda", "iroda_neve": null, "leiras_hossz": 701.0, "fenykepek_szama": 4.0, "geokodolas_modszere": null, "geokodolas_pontossag": null, "price_eur": null, "nm_ar_eur": null, "kozos_koltseg_eur": null, "rezsikoltseg_eur": null, "kaucio_eur": null, "tavolsag_metro_halozati_m": null, "metro_5p_seta": 0, "metro_10p_seta": 0, "metro_15p_seta": 0, "tavolsag_villamos_halozati_m": 417.0, "villamos_5p_seta": 0, "villamos_10p_seta": 1, "villamos_15p_seta": 1, "tavolsag_busz_halozati_m": 233.1, "busz_5p_seta": 1, "busz_10p_seta": 1, "tavolsag_kotottpalya_halozati_m": 417.0, "kotottpalya_5p_seta": 0, "kotottpalya_10p_seta": 1, "kotottpalya_15p_seta": 1, "tavolsag_park_halozati_m": 543.6, "park_5p_seta": 0, "park_10p_seta": 1, "park_15p_seta": 1, "poi_5p_count": 3.0, "poi_10p_count": 23.0, "poi_15p_count": 66.0, "tavolsag_iskola_halozati_m": 946.7, "iskola_5p_seta": 0, "iskola_10p_seta": 0, "iskola_15p_seta": 1, "tavolsag_ovoda_halozati_m": 425.7, "ovoda_5p_seta": 0, "ovoda_10p_seta": 1, "ovoda_15p_seta": 1, "tavolsag_bolt_halozati_m": 509.2, "bolt_5p_seta": 0, "bolt_10p_seta": 1, "bolt_15p_seta": 1, "tavolsag_gyogyszertar_halozati_m": 377.8, "gyogyszertar_5p_seta": 0, "gyogyszertar_10p_seta": 1, "gyogyszertar_15p_seta": 1, "tavolsag_orvos_halozati_m": null, "orvos_5p_seta": 0, "orvos_10p_seta": 0, "orvos_15p_seta": 0, "legkozelebbi_vasut": "Kőbánya felső", "legkozelebbi_metro": "", "legkozelebbi_villamos": "Szent László Gimnázium", "legkozelebbi_busz": "Szent László Gimnázium", "legkozelebbi_park": "Rottenbiller park", "legkozelebbi_kotottpalya_tipus": "villamos" }, "geometry": { "type": "Point", "coordinates": [ 19.1401, 47.4872 ] } },
{ "type": "Feature", "properties": { "listing_id": "35460616", "listing_type": "elado", "cim_teljes": "Budapest X. kerület, Harmat utca 22.", "varosresz": "Óhegy", "price_huf": 49260000.0, "ar_millio_ft": 49.26, "ar_ezer_ft_ho": 49260.0, "nm_ar_huf": 1448823.5294117648, "log_ar": 17.712622950656666, "log_nm_ar": 14.186262426040505, "is_ar_outlier": 0, "alapterulet_nm": 34.0, "korrigalt_alapterulet_nm": 35.755, "szobaszam_osszes": 1.0, "allapot_kod": 6, "is_felujitando": 0, "is_ujszeru_vagy_uj": 1, "is_panel": 0, "is_tegla": 1, "has_lift": 1, "has_klima": 1, "has_erkely": 1, "is_foldszint": 0, "is_zaroszint": 0, "epulet_kora_ev": 0.0, "geokodolt_lat": 47.4872, "geokodolt_lon": 19.1401, "minta_garantalt_pontos": 1, "tavolsag_vasut_m": 552.6, "vasut_zona": "500-1000 m", "is_vasut_immisszio_150m": 0, "tavolsag_vasut_halozati_m": 968.0, "menetido_vasut_gyalog_perc": 12.9, "vasut_5p_seta": 0, "vasut_10p_seta": 0, "vasut_15p_seta": 1, "url": "https://ingatlan.com/35460616", "title": "Eladó tégla lakás - Budapest X. kerület, Harmat utca 22. #35460616", "postal_code": "1104", "varos": "Budapest", "utca": "Harmat utca", "hazszam_vegleges": "22", "allapot": "új építésű", "ingatlan_altipus": "Tégla lakás", "epites_eve": 2028.0, "epites_eve_kategoria": "Új építésű (2025+)", "erkely_nm": 3.51, "szobaszam_egesz": 1.0, "szobaszam_fel": 0.0, "szobaszam_kategoria": "1 szoba", "atlagos_szobameret_nm": 34.0, "emelet": "1", "emelet_szam": 1.0, "epulet_szintjei_szam": 5.0, "is_magas_emelet_lift_nelkul": 0, "futes": "mennyezeti hűtés-fűtés, hőszivattyú", "futes_kategoria": null, "has_tavfutes": 0, "has_konvektor": 0, "has_megujulo": 1, "has_garazs_vagy_beallo": 0, "energetikai_tanusitvany": "A", "butorozott": null, "koltozheto": null, "min_berleti_ido": null, "kertkapcsolatos": "nem", "kozos_koltseg_huf": null, "rezsikoltseg_huf": null, "hirdeto_tipus": "Ingatlaniroda", "iroda_neve": null, "leiras_hossz": 701.0, "fenykepek_szama": 4.0, "geokodolas_modszere": null, "geokodolas_pontossag": null, "price_eur": null, "nm_ar_eur": null, "kozos_koltseg_eur": null, "rezsikoltseg_eur": null, "kaucio_eur": null, "tavolsag_metro_halozati_m": null, "metro_5p_seta": 0, "metro_10p_seta": 0, "metro_15p_seta": 0, "tavolsag_villamos_halozati_m": 417.0, "villamos_5p_seta": 0, "villamos_10p_seta": 1, "villamos_15p_seta": 1, "tavolsag_busz_halozati_m": 233.1, "busz_5p_seta": 1, "busz_10p_seta": 1, "tavolsag_kotottpalya_halozati_m": 417.0, "kotottpalya_5p_seta": 0, "kotottpalya_10p_seta": 1, "kotottpalya_15p_seta": 1, "tavolsag_park_halozati_m": 543.6, "park_5p_seta": 0, "park_10p_seta": 1, "park_15p_seta": 1, "poi_5p_count": 3.0, "poi_10p_count": 23.0, "poi_15p_count": 66.0, "tavolsag_iskola_halozati_m": 946.7, "iskola_5p_seta": 0, "iskola_10p_seta": 0, "iskola_15p_seta": 1, "tavolsag_ovoda_halozati_m": 425.7, "ovoda_5p_seta": 0, "ovoda_10p_seta": 1, "ovoda_15p_seta": 1, "tavolsag_bolt_halozati_m": 509.2, "bolt_5p_seta": 0, "bolt_10p_seta": 1, "bolt_15p_seta": 1, "tavolsag_gyogyszertar_halozati_m": 377.8, "gyogyszertar_5p_seta": 0, "gyogyszertar_10p_seta": 1, "gyogyszertar_15p_seta": 1, "tavolsag_orvos_halozati_m": null, "orvos_5p_seta": 0, "orvos_10p_seta": 0, "orvos_15p_seta": 0, "legkozelebbi_vasut": "Kőbánya felső", "legkozelebbi_metro": "", "legkozelebbi_villamos": "Szent László Gimnázium", "legkozelebbi_busz": "Szent László Gimnázium", "legkozelebbi_park": "Rottenbiller park", "legkozelebbi_kotottpalya_tipus": "villamos" }, "geometry": { "type": "Point", "coordinates": [ 19.1401, 47.4872 ] } },
{ "type": "Feature", "properties": { "listing_id": "35460620", "listing_type": "elado", "cim_teljes": "Budapest X. kerület, Harmat utca 22.", "varosresz": "Óhegy", "price_huf": 72860000.0, "ar_millio_ft": 72.86, "ar_ezer_ft_ho": 72860.0, "nm_ar_huf": 1374716.9811320754, "log_ar": 18.104050349544693, "log_nm_ar": 14.13375843599257, "is_ar_outlier": 0, "alapterulet_nm": 53.0, "korrigalt_alapterulet_nm": 53.0, "szobaszam_osszes": 2.0, "allapot_kod": 6, "is_felujitando": 0, "is_ujszeru_vagy_uj": 1, "is_panel": 0, "is_tegla": 1, "has_lift": 1, "has_klima": 1, "has_erkely": 0, "is_foldszint": 1, "is_zaroszint": 0, "epulet_kora_ev": 0.0, "geokodolt_lat": 47.4872, "geokodolt_lon": 19.1401, "minta_garantalt_pontos": 1, "tavolsag_vasut_m": 552.6, "vasut_zona": "500-1000 m", "is_vasut_immisszio_150m": 0, "tavolsag_vasut_halozati_m": 968.0, "menetido_vasut_gyalog_perc": 12.9, "vasut_5p_seta": 0, "vasut_10p_seta": 0, "vasut_15p_seta": 1, "url": "https://ingatlan.com/35460620", "title": "Eladó tégla lakás - Budapest X. kerület, Harmat utca 22. #35460620", "postal_code": "1104", "varos": "Budapest", "utca": "Harmat utca", "hazszam_vegleges": "22", "allapot": "új építésű", "ingatlan_altipus": "Tégla lakás", "epites_eve": 2028.0, "epites_eve_kategoria": "Új építésű (2025+)", "erkely_nm": 0.0, "szobaszam_egesz": 2.0, "szobaszam_fel": 0.0, "szobaszam_kategoria": "2 szoba", "atlagos_szobameret_nm": 26.5, "emelet": "földszint", "emelet_szam": 0.0, "epulet_szintjei_szam": 5.0, "is_magas_emelet_lift_nelkul": 0, "futes": "mennyezeti hűtés-fűtés, hőszivattyú", "futes_kategoria": null, "has_tavfutes": 0, "has_konvektor": 0, "has_megujulo": 1, "has_garazs_vagy_beallo": 0, "energetikai_tanusitvany": "A", "butorozott": null, "koltozheto": null, "min_berleti_ido": null, "kertkapcsolatos": "igen", "kozos_koltseg_huf": null, "rezsikoltseg_huf": null, "hirdeto_tipus": "Ingatlaniroda", "iroda_neve": null, "leiras_hossz": 701.0, "fenykepek_szama": 4.0, "geokodolas_modszere": null, "geokodolas_pontossag": null, "price_eur": null, "nm_ar_eur": null, "kozos_koltseg_eur": null, "rezsikoltseg_eur": null, "kaucio_eur": null, "tavolsag_metro_halozati_m": null, "metro_5p_seta": 0, "metro_10p_seta": 0, "metro_15p_seta": 0, "tavolsag_villamos_halozati_m": 417.0, "villamos_5p_seta": 0, "villamos_10p_seta": 1, "villamos_15p_seta": 1, "tavolsag_busz_halozati_m": 233.1, "busz_5p_seta": 1, "busz_10p_seta": 1, "tavolsag_kotottpalya_halozati_m": 417.0, "kotottpalya_5p_seta": 0, "kotottpalya_10p_seta": 1, "kotottpalya_15p_seta": 1, "tavolsag_park_halozati_m": 543.6, "park_5p_seta": 0, "park_10p_seta": 1, "park_15p_seta": 1, "poi_5p_count": 3.0, "poi_10p_count": 23.0, "poi_15p_count": 66.0, "tavolsag_iskola_halozati_m": 946.7, "iskola_5p_seta": 0, "iskola_10p_seta": 0, "iskola_15p_seta": 1, "tavolsag_ovoda_halozati_m": 425.7, "ovoda_5p_seta": 0, "ovoda_10p_seta": 1, "ovoda_15p_seta": 1, "tavolsag_bolt_halozati_m": 509.2, "bolt_5p_seta": 0, "bolt_10p_seta": 1, "bolt_15p_seta": 1, "tavolsag_gyogyszertar_halozati_m": 377.8, "gyogyszertar_5p_seta": 0, "gyogyszertar_10p_seta": 1, "gyogyszertar_15p_seta": 1, "tavolsag_orvos_halozati_m": null, "orvos_5p_seta": 0, "orvos_10p_seta": 0, "orvos_15p_seta": 0, "legkozelebbi_vasut": "Kőbánya felső", "legkozelebbi_metro": "", "legkozelebbi_villamos": "Szent László Gimnázium", "legkozelebbi_busz": "Szent László Gimnázium", "legkozelebbi_park": "Rottenbiller park", "legkozelebbi_kotottpalya_tipus": "villamos" }, "geometry": { "type": "Point", "coordinates": [ 19.1401, 47.4872 ] } },
{ "type": "Feature", "properties": { "listing_id": "35460623", "listing_type": "elado", "cim_teljes": "Budapest X. kerület, Harmat utca 22.", "varosresz": "Óhegy", "price_huf": 70990000.0, "ar_millio_ft": 70.99, "ar_ezer_ft_ho": 70990.0, "nm_ar_huf": 1448775.5102040817, "log_ar": 18.07804958001557, "log_nm_ar": 14.186229281904943, "is_ar_outlier": 0, "alapterulet_nm": 49.0, "korrigalt_alapterulet_nm": 56.905, "szobaszam_osszes": 2.0, "allapot_kod": 6, "is_felujitando": 0, "is_ujszeru_vagy_uj": 1, "is_panel": 0, "is_tegla": 1, "has_lift": 1, "has_klima": 1, "has_erkely": 1, "is_foldszint": 0, "is_zaroszint": 0, "epulet_kora_ev": 0.0, "geokodolt_lat": 47.4872, "geokodolt_lon": 19.1401, "minta_garantalt_pontos": 1, "tavolsag_vasut_m": 552.6, "vasut_zona": "500-1000 m", "is_vasut_immisszio_150m": 0, "tavolsag_vasut_halozati_m": 968.0, "menetido_vasut_gyalog_perc": 12.9, "vasut_5p_seta": 0, "vasut_10p_seta": 0, "vasut_15p_seta": 1, "url": "https://ingatlan.com/35460623", "title": "Eladó tégla lakás - Budapest X. kerület, Harmat utca 22. #35460623", "postal_code": "1104", "varos": "Budapest", "utca": "Harmat utca", "hazszam_vegleges": "22", "allapot": "új építésű", "ingatlan_altipus": "Tégla lakás", "epites_eve": 2028.0, "epites_eve_kategoria": "Új építésű (2025+)", "erkely_nm": 15.81, "szobaszam_egesz": 2.0, "szobaszam_fel": 0.0, "szobaszam_kategoria": "2 szoba", "atlagos_szobameret_nm": 24.5, "emelet": "1", "emelet_szam": 1.0, "epulet_szintjei_szam": 5.0, "is_magas_emelet_lift_nelkul": 0, "futes": "mennyezeti hűtés-fűtés, hőszivattyú", "futes_kategoria": null, "has_tavfutes": 0, "has_konvektor": 0, "has_megujulo": 1, "has_garazs_vagy_beallo": 0, "energetikai_tanusitvany": "A", "butorozott": null, "koltozheto": null, "min_berleti_ido": null, "kertkapcsolatos": "nem", "kozos_koltseg_huf": null, "rezsikoltseg_huf": null, "hirdeto_tipus": "Ingatlaniroda", "iroda_neve": null, "leiras_hossz": 701.0, "fenykepek_szama": 4.0, "geokodolas_modszere": null, "geokodolas_pontossag": null, "price_eur": null, "nm_ar_eur": null, "kozos_koltseg_eur": null, "rezsikoltseg_eur": null, "kaucio_eur": null, "tavolsag_metro_halozati_m": null, "metro_5p_seta": 0, "metro_10p_seta": 0, "metro_15p_seta": 0, "tavolsag_villamos_halozati_m": 417.0, "villamos_5p_seta": 0, "villamos_10p_seta": 1, "villamos_15p_seta": 1, "tavolsag_busz_halozati_m": 233.1, "busz_5p_seta": 1, "busz_10p_seta": 1, "tavolsag_kotottpalya_halozati_m": 417.0, "kotottpalya_5p_seta": 0, "kotottpalya_10p_seta": 1, "kotottpalya_15p_seta": 1, "tavolsag_park_halozati_m": 543.6, "park_5p_seta": 0, "park_10p_seta": 1, "park_15p_seta": 1, "poi_5p_count": 3.0, "poi_10p_count": 23.0, "poi_15p_count": 66.0, "tavolsag_iskola_halozati_m": 946.7, "iskola_5p_seta": 0, "iskola_10p_seta": 0, "iskola_15p_seta": 1, "tavolsag_ovoda_halozati_m": 425.7, "ovoda_5p_seta": 0, "ovoda_10p_seta": 1, "ovoda_15p_seta": 1, "tavolsag_bolt_halozati_m": 509.2, "bolt_5p_seta": 0, "bolt_10p_seta": 1, "bolt_15p_seta": 1, "tavolsag_gyogyszertar_halozati_m": 377.8, "gyogyszertar_5p_seta": 0, "gyogyszertar_10p_seta": 1, "gyogyszertar_15p_seta": 1, "tavolsag_orvos_halozati_m": null, "orvos_5p_seta": 0, "orvos_10p_seta": 0, "orvos_15p_seta": 0, "legkozelebbi_vasut": "Kőbánya felső", "legkozelebbi_metro": "", "legkozelebbi_villamos": "Szent László Gimnázium", "legkozelebbi_busz": "Szent László Gimnázium", "legkozelebbi_park": "Rottenbiller park", "legkozelebbi_kotottpalya_tipus": "villamos" }, "geometry": { "type": "Point", "coordinates": [ 19.1401, 47.4872 ] } },
{ "type": "Feature", "properties": { "listing_id": "35460644", "listing_type": "elado", "cim_teljes": "Budapest X. kerület, Harmat utca 22.", "varosresz": "Óhegy", "price_huf": 137420000.0, "ar_millio_ft": 137.42, "ar_ezer_ft_ho": 137420.0, "nm_ar_huf": 1431458.3333333333, "log_ar": 18.738552487567205, "log_nm_ar": 14.174204296099367, "is_ar_outlier": 0, "alapterulet_nm": 96.0, "korrigalt_alapterulet_nm": 111.535, "szobaszam_osszes": 4.0, "allapot_kod": 6, "is_felujitando": 0, "is_ujszeru_vagy_uj": 1, "is_panel": 0, "is_tegla": 1, "has_lift": 1, "has_klima": 1, "has_erkely": 1, "is_foldszint": 0, "is_zaroszint": 0, "epulet_kora_ev": 0.0, "geokodolt_lat": 47.4872, "geokodolt_lon": 19.1401, "minta_garantalt_pontos": 1, "tavolsag_vasut_m": 552.6, "vasut_zona": "500-1000 m", "is_vasut_immisszio_150m": 0, "tavolsag_vasut_halozati_m": 968.0, "menetido_vasut_gyalog_perc": 12.9, "vasut_5p_seta": 0, "vasut_10p_seta": 0, "vasut_15p_seta": 1, "url": "https://ingatlan.com/35460644", "title": "Eladó tégla lakás - Budapest X. kerület, Harmat utca 22. #35460644", "postal_code": "1104", "varos": "Budapest", "utca": "Harmat utca", "hazszam_vegleges": "22", "allapot": "új építésű", "ingatlan_altipus": "Tégla lakás", "epites_eve": 2028.0, "epites_eve_kategoria": "Új építésű (2025+)", "erkely_nm": 31.07, "szobaszam_egesz": 4.0, "szobaszam_fel": 0.0, "szobaszam_kategoria": "4+ szoba", "atlagos_szobameret_nm": 24.0, "emelet": "3", "emelet_szam": 3.0, "epulet_szintjei_szam": 5.0, "is_magas_emelet_lift_nelkul": 0, "futes": "mennyezeti hűtés-fűtés, hőszivattyú", "futes_kategoria": null, "has_tavfutes": 0, "has_konvektor": 0, "has_megujulo": 1, "has_garazs_vagy_beallo": 0, "energetikai_tanusitvany": "A", "butorozott": null, "koltozheto": null, "min_berleti_ido": null, "kertkapcsolatos": "nem", "kozos_koltseg_huf": null, "rezsikoltseg_huf": null, "hirdeto_tipus": "Ingatlaniroda", "iroda_neve": null, "leiras_hossz": 701.0, "fenykepek_szama": 4.0, "geokodolas_modszere": null, "geokodolas_pontossag": null, "price_eur": null, "nm_ar_eur": null, "kozos_koltseg_eur": null, "rezsikoltseg_eur": null, "kaucio_eur": null, "tavolsag_metro_halozati_m": null, "metro_5p_seta": 0, "metro_10p_seta": 0, "metro_15p_seta": 0, "tavolsag_villamos_halozati_m": 417.0, "villamos_5p_seta": 0, "villamos_10p_seta": 1, "villamos_15p_seta": 1, "tavolsag_busz_halozati_m": 233.1, "busz_5p_seta": 1, "busz_10p_seta": 1, "tavolsag_kotottpalya_halozati_m": 417.0, "kotottpalya_5p_seta": 0, "kotottpalya_10p_seta": 1, "kotottpalya_15p_seta": 1, "tavolsag_park_halozati_m": 543.6, "park_5p_seta": 0, "park_10p_seta": 1, "park_15p_seta": 1, "poi_5p_count": 3.0, "poi_10p_count": 23.0, "poi_15p_count": 66.0, "tavolsag_iskola_halozati_m": 946.7, "iskola_5p_seta": 0, "iskola_10p_seta": 0, "iskola_15p_seta": 1, "tavolsag_ovoda_halozati_m": 425.7, "ovoda_5p_seta": 0, "ovoda_10p_seta": 1, "ovoda_15p_seta": 1, "tavolsag_bolt_halozati_m": 509.2, "bolt_5p_seta": 0, "bolt_10p_seta": 1, "bolt_15p_seta": 1, "tavolsag_gyogyszertar_halozati_m": 377.8, "gyogyszertar_5p_seta": 0, "gyogyszertar_10p_seta": 1, "gyogyszertar_15p_seta": 1, "tavolsag_orvos_halozati_m": null, "orvos_5p_seta": 0, "orvos_10p_seta": 0, "orvos_15p_seta": 0, "legkozelebbi_vasut": "Kőbánya felső", "legkozelebbi_metro": "", "legkozelebbi_villamos": "Szent László Gimnázium", "legkozelebbi_busz": "Szent László Gimnázium", "legkozelebbi_park": "Rottenbiller park", "legkozelebbi_kotottpalya_tipus": "villamos" }, "geometry": { "type": "Point", "coordinates": [ 19.1401, 47.4872 ] } },
{ "type": "Feature", "properties": { "listing_id": "35460651", "listing_type": "elado", "cim_teljes": "Budapest X. kerület, Harmat utca 22.", "varosresz": "Óhegy", "price_huf": 72330000.0, "ar_millio_ft": 72.33, "ar_ezer_ft_ho": 72330.0, "nm_ar_huf": 1364716.9811320754, "log_ar": 18.096749538825463, "log_nm_ar": 14.126457625273341, "is_ar_outlier": 0, "alapterulet_nm": 53.0, "korrigalt_alapterulet_nm": 55.885, "szobaszam_osszes": 2.0, "allapot_kod": 6, "is_felujitando": 0, "is_ujszeru_vagy_uj": 1, "is_panel": 0, "is_tegla": 1, "has_lift": 1, "has_klima": 1, "has_erkely": 1, "is_foldszint": 0, "is_zaroszint": 0, "epulet_kora_ev": 0.0, "geokodolt_lat": 47.4872, "geokodolt_lon": 19.1401, "minta_garantalt_pontos": 1, "tavolsag_vasut_m": 552.6, "vasut_zona": "500-1000 m", "is_vasut_immisszio_150m": 0, "tavolsag_vasut_halozati_m": 968.0, "menetido_vasut_gyalog_perc": 12.9, "vasut_5p_seta": 0, "vasut_10p_seta": 0, "vasut_15p_seta": 1, "url": "https://ingatlan.com/35460651", "title": "Eladó tégla lakás - Budapest X. kerület, Harmat utca 22. #35460651", "postal_code": "1104", "varos": "Budapest", "utca": "Harmat utca", "hazszam_vegleges": "22", "allapot": "új építésű", "ingatlan_altipus": "Tégla lakás", "epites_eve": 2028.0, "epites_eve_kategoria": "Új építésű (2025+)", "erkely_nm": 5.77, "szobaszam_egesz": 2.0, "szobaszam_fel": 0.0, "szobaszam_kategoria": "2 szoba", "atlagos_szobameret_nm": 26.5, "emelet": "2", "emelet_szam": 2.0, "epulet_szintjei_szam": 5.0, "is_magas_emelet_lift_nelkul": 0, "futes": "mennyezeti hűtés-fűtés, hőszivattyú", "futes_kategoria": null, "has_tavfutes": 0, "has_konvektor": 0, "has_megujulo": 1, "has_garazs_vagy_beallo": 0, "energetikai_tanusitvany": "A", "butorozott": null, "koltozheto": null, "min_berleti_ido": null, "kertkapcsolatos": "nem", "kozos_koltseg_huf": null, "rezsikoltseg_huf": null, "hirdeto_tipus": "Ingatlaniroda", "iroda_neve": null, "leiras_hossz": 701.0, "fenykepek_szama": 4.0, "geokodolas_modszere": null, "geokodolas_pontossag": null, "price_eur": null, "nm_ar_eur": null, "kozos_koltseg_eur": null, "rezsikoltseg_eur": null, "kaucio_eur": null, "tavolsag_metro_halozati_m": null, "metro_5p_seta": 0, "metro_10p_seta": 0, "metro_15p_seta": 0, "tavolsag_villamos_halozati_m": 417.0, "villamos_5p_seta": 0, "villamos_10p_seta": 1, "villamos_15p_seta": 1, "tavolsag_busz_halozati_m": 233.1, "busz_5p_seta": 1, "busz_10p_seta": 1, "tavolsag_kotottpalya_halozati_m": 417.0, "kotottpalya_5p_seta": 0, "kotottpalya_10p_seta": 1, "kotottpalya_15p_seta": 1, "tavolsag_park_halozati_m": 543.6, "park_5p_seta": 0, "park_10p_seta": 1, "park_15p_seta": 1, "poi_5p_count": 3.0, "poi_10p_count": 23.0, "poi_15p_count": 66.0, "tavolsag_iskola_halozati_m": 946.7, "iskola_5p_seta": 0, "iskola_10p_seta": 0, "iskola_15p_seta": 1, "tavolsag_ovoda_halozati_m": 425.7, "ovoda_5p_seta": 0, "ovoda_10p_seta": 1, "ovoda_15p_seta": 1, "tavolsag_bolt_halozati_m": 509.2, "bolt_5p_seta": 0, "bolt_10p_seta": 1, "bolt_15p_seta": 1, "tavolsag_gyogyszertar_halozati_m": 377.8, "gyogyszertar_5p_seta": 0, "gyogyszertar_10p_seta": 1, "gyogyszertar_15p_seta": 1, "tavolsag_orvos_halozati_m": null, "orvos_5p_seta": 0, "orvos_10p_seta": 0, "orvos_15p_seta": 0, "legkozelebbi_vasut": "Kőbánya felső", "legkozelebbi_metro": "", "legkozelebbi_villamos": "Szent László Gimnázium", "legkozelebbi_busz": "Szent László Gimnázium", "legkozelebbi_park": "Rottenbiller park", "legkozelebbi_kotottpalya_tipus": "villamos" }, "geometry": { "type": "Point", "coordinates": [ 19.1401, 47.4872 ] } },
{ "type": "Feature", "properties": { "listing_id": "35460653", "listing_type": "elado", "cim_teljes": "Budapest X. kerület, Harmat utca 22.", "varosresz": "Óhegy", "price_huf": 127430000.0, "ar_millio_ft": 127.43, "ar_ezer_ft_ho": 127430.0, "nm_ar_huf": 1370215.0537634408, "log_ar": 18.66307775218846, "log_nm_ar": 14.130478259035206, "is_ar_outlier": 0, "alapterulet_nm": 93.0, "korrigalt_alapterulet_nm": 106.485, "szobaszam_osszes": 4.0, "allapot_kod": 6, "is_felujitando": 0, "is_ujszeru_vagy_uj": 1, "is_panel": 0, "is_tegla": 1, "has_lift": 1, "has_klima": 1, "has_erkely": 1, "is_foldszint": 0, "is_zaroszint": 0, "epulet_kora_ev": 0.0, "geokodolt_lat": 47.4872, "geokodolt_lon": 19.1401, "minta_garantalt_pontos": 1, "tavolsag_vasut_m": 552.6, "vasut_zona": "500-1000 m", "is_vasut_immisszio_150m": 0, "tavolsag_vasut_halozati_m": 968.0, "menetido_vasut_gyalog_perc": 12.9, "vasut_5p_seta": 0, "vasut_10p_seta": 0, "vasut_15p_seta": 1, "url": "https://ingatlan.com/35460653", "title": "Eladó tégla lakás - Budapest X. kerület, Harmat utca 22. #35460653", "postal_code": "1104", "varos": "Budapest", "utca": "Harmat utca", "hazszam_vegleges": "22", "allapot": "új építésű", "ingatlan_altipus": "Tégla lakás", "epites_eve": 2028.0, "epites_eve_kategoria": "Új építésű (2025+)", "erkely_nm": 26.97, "szobaszam_egesz": 4.0, "szobaszam_fel": 0.0, "szobaszam_kategoria": "4+ szoba", "atlagos_szobameret_nm": 23.25, "emelet": "2", "emelet_szam": 2.0, "epulet_szintjei_szam": 5.0, "is_magas_emelet_lift_nelkul": 0, "futes": "mennyezeti hűtés-fűtés, hőszivattyú", "futes_kategoria": null, "has_tavfutes": 0, "has_konvektor": 0, "has_megujulo": 1, "has_garazs_vagy_beallo": 0, "energetikai_tanusitvany": "A", "butorozott": null, "koltozheto": null, "min_berleti_ido": null, "kertkapcsolatos": "nem", "kozos_koltseg_huf": null, "rezsikoltseg_huf": null, "hirdeto_tipus": "Ingatlaniroda", "iroda_neve": null, "leiras_hossz": 701.0, "fenykepek_szama": 4.0, "geokodolas_modszere": null, "geokodolas_pontossag": null, "price_eur": null, "nm_ar_eur": null, "kozos_koltseg_eur": null, "rezsikoltseg_eur": null, "kaucio_eur": null, "tavolsag_metro_halozati_m": null, "metro_5p_seta": 0, "metro_10p_seta": 0, "metro_15p_seta": 0, "tavolsag_villamos_halozati_m": 417.0, "villamos_5p_seta": 0, "villamos_10p_seta": 1, "villamos_15p_seta": 1, "tavolsag_busz_halozati_m": 233.1, "busz_5p_seta": 1, "busz_10p_seta": 1, "tavolsag_kotottpalya_halozati_m": 417.0, "kotottpalya_5p_seta": 0, "kotottpalya_10p_seta": 1, "kotottpalya_15p_seta": 1, "tavolsag_park_halozati_m": 543.6, "park_5p_seta": 0, "park_10p_seta": 1, "park_15p_seta": 1, "poi_5p_count": 3.0, "poi_10p_count": 23.0, "poi_15p_count": 66.0, "tavolsag_iskola_halozati_m": 946.7, "iskola_5p_seta": 0, "iskola_10p_seta": 0, "iskola_15p_seta": 1, "tavolsag_ovoda_halozati_m": 425.7, "ovoda_5p_seta": 0, "ovoda_10p_seta": 1, "ovoda_15p_seta": 1, "tavolsag_bolt_halozati_m": 509.2, "bolt_5p_seta": 0, "bolt_10p_seta": 1, "bolt_15p_seta": 1, "tavolsag_gyogyszertar_halozati_m": 377.8, "gyogyszertar_5p_seta": 0, "gyogyszertar_10p_seta": 1, "gyogyszertar_15p_seta": 1, "tavolsag_orvos_halozati_m": null, "orvos_5p_seta": 0, "orvos_10p_seta": 0, "orvos_15p_seta": 0, "legkozelebbi_vasut": "Kőbánya felső", "legkozelebbi_metro": "", "legkozelebbi_villamos": "Szent László Gimnázium", "legkozelebbi_busz": "Szent László Gimnázium", "legkozelebbi_park": "Rottenbiller park", "legkozelebbi_kotottpalya_tipus": "villamos" }, "geometry": { "type": "Point", "coordinates": [ 19.1401, 47.4872 ] } },
{ "type": "Feature", "properties": { "listing_id": "35460656", "listing_type": "elado", "cim_teljes": "Budapest X. kerület, Harmat utca 22.", "varosresz": "Óhegy", "price_huf": 84580000.0, "ar_millio_ft": 84.58, "ar_ezer_ft_ho": 84580.0, "nm_ar_huf": 1483859.649122807, "log_ar": 18.253208390008616, "log_nm_ar": 14.210157122174067, "is_ar_outlier": 0, "alapterulet_nm": 57.0, "korrigalt_alapterulet_nm": 65.59, "szobaszam_osszes": 3.0, "allapot_kod": 6, "is_felujitando": 0, "is_ujszeru_vagy_uj": 1, "is_panel": 0, "is_tegla": 1, "has_lift": 1, "has_klima": 1, "has_erkely": 1, "is_foldszint": 0, "is_zaroszint": 0, "epulet_kora_ev": 0.0, "geokodolt_lat": 47.4872, "geokodolt_lon": 19.1401, "minta_garantalt_pontos": 1, "tavolsag_vasut_m": 552.6, "vasut_zona": "500-1000 m", "is_vasut_immisszio_150m": 0, "tavolsag_vasut_halozati_m": 968.0, "menetido_vasut_gyalog_perc": 12.9, "vasut_5p_seta": 0, "vasut_10p_seta": 0, "vasut_15p_seta": 1, "url": "https://ingatlan.com/35460656", "title": "Eladó tégla lakás - Budapest X. kerület, Harmat utca 22. #35460656", "postal_code": "1104", "varos": "Budapest", "utca": "Harmat utca", "hazszam_vegleges": "22", "allapot": "új építésű", "ingatlan_altipus": "Tégla lakás", "epites_eve": 2028.0, "epites_eve_kategoria": "Új építésű (2025+)", "erkely_nm": 17.18, "szobaszam_egesz": 3.0, "szobaszam_fel": 0.0, "szobaszam_kategoria": "3 szoba", "atlagos_szobameret_nm": 19.0, "emelet": "2", "emelet_szam": 2.0, "epulet_szintjei_szam": 5.0, "is_magas_emelet_lift_nelkul": 0, "futes": "mennyezeti hűtés-fűtés, hőszivattyú", "futes_kategoria": null, "has_tavfutes": 0, "has_konvektor": 0, "has_megujulo": 1, "has_garazs_vagy_beallo": 0, "energetikai_tanusitvany": "A", "butorozott": null, "koltozheto": null, "min_berleti_ido": null, "kertkapcsolatos": "nem", "kozos_koltseg_huf": null, "rezsikoltseg_huf": null, "hirdeto_tipus": "Ingatlaniroda", "iroda_neve": null, "leiras_hossz": 701.0, "fenykepek_szama": 4.0, "geokodolas_modszere": null, "geokodolas_pontossag": null, "price_eur": null, "nm_ar_eur": null, "kozos_koltseg_eur": null, "rezsikoltseg_eur": null, "kaucio_eur": null, "tavolsag_metro_halozati_m": null, "metro_5p_seta": 0, "metro_10p_seta": 0, "metro_15p_seta": 0, "tavolsag_villamos_halozati_m": 417.0, "villamos_5p_seta": 0, "villamos_10p_seta": 1, "villamos_15p_seta": 1, "tavolsag_busz_halozati_m": 233.1, "busz_5p_seta": 1, "busz_10p_seta": 1, "tavolsag_kotottpalya_halozati_m": 417.0, "kotottpalya_5p_seta": 0, "kotottpalya_10p_seta": 1, "kotottpalya_15p_seta": 1, "tavolsag_park_halozati_m": 543.6, "park_5p_seta": 0, "park_10p_seta": 1, "park_15p_seta": 1, "poi_5p_count": 3.0, "poi_10p_count": 23.0, "poi_15p_count": 66.0, "tavolsag_iskola_halozati_m": 946.7, "iskola_5p_seta": 0, "iskola_10p_seta": 0, "iskola_15p_seta": 1, "tavolsag_ovoda_halozati_m": 425.7, "ovoda_5p_seta": 0, "ovoda_10p_seta": 1, "ovoda_15p_seta": 1, "tavolsag_bolt_halozati_m": 509.2, "bolt_5p_seta": 0, "bolt_10p_seta": 1, "bolt_15p_seta": 1, "tavolsag_gyogyszertar_halozati_m": 377.8, "gyogyszertar_5p_seta": 0, "gyogyszertar_10p_seta": 1, "gyogyszertar_15p_seta": 1, "tavolsag_orvos_halozati_m": null, "orvos_5p_seta": 0, "orvos_10p_seta": 0, "orvos_15p_seta": 0, "legkozelebbi_vasut": "Kőbánya felső", "legkozelebbi_metro": "", "legkozelebbi_villamos": "Szent László Gimnázium", "legkozelebbi_busz": "Szent László Gimnázium", "legkozelebbi_park": "Rottenbiller park", "legkozelebbi_kotottpalya_tipus": "villamos" }, "geometry": { "type": "Point", "coordinates": [ 19.1401, 47.4872 ] } },
{ "type": "Feature", "properties": { "listing_id": "35460657", "listing_type": "elado", "cim_teljes": "Budapest X. kerület, Harmat utca 22.", "varosresz": "Óhegy", "price_huf": 87090000.0, "ar_millio_ft": 87.09, "ar_ezer_ft_ho": 87090.0, "nm_ar_huf": 1360781.25, "log_ar": 18.282452624668924, "log_nm_ar": 14.12356954130925, "is_ar_outlier": 0, "alapterulet_nm": 64.0, "korrigalt_alapterulet_nm": 70.105, "szobaszam_osszes": 3.0, "allapot_kod": 6, "is_felujitando": 0, "is_ujszeru_vagy_uj": 1, "is_panel": 0, "is_tegla": 1, "has_lift": 1, "has_klima": 1, "has_erkely": 1, "is_foldszint": 0, "is_zaroszint": 0, "epulet_kora_ev": 0.0, "geokodolt_lat": 47.4872, "geokodolt_lon": 19.1401, "minta_garantalt_pontos": 1, "tavolsag_vasut_m": 552.6, "vasut_zona": "500-1000 m", "is_vasut_immisszio_150m": 0, "tavolsag_vasut_halozati_m": 968.0, "menetido_vasut_gyalog_perc": 12.9, "vasut_5p_seta": 0, "vasut_10p_seta": 0, "vasut_15p_seta": 1, "url": "https://ingatlan.com/35460657", "title": "Eladó tégla lakás - Budapest X. kerület, Harmat utca 22. #35460657", "postal_code": "1104", "varos": "Budapest", "utca": "Harmat utca", "hazszam_vegleges": "22", "allapot": "új építésű", "ingatlan_altipus": "Tégla lakás", "epites_eve": 2028.0, "epites_eve_kategoria": "Új építésű (2025+)", "erkely_nm": 12.21, "szobaszam_egesz": 3.0, "szobaszam_fel": 0.0, "szobaszam_kategoria": "3 szoba", "atlagos_szobameret_nm": 21.333333333333332, "emelet": "1", "emelet_szam": 1.0, "epulet_szintjei_szam": 5.0, "is_magas_emelet_lift_nelkul": 0, "futes": "mennyezeti hűtés-fűtés, hőszivattyú", "futes_kategoria": null, "has_tavfutes": 0, "has_konvektor": 0, "has_megujulo": 1, "has_garazs_vagy_beallo": 0, "energetikai_tanusitvany": "A", "butorozott": null, "koltozheto": null, "min_berleti_ido": null, "kertkapcsolatos": "nem", "kozos_koltseg_huf": null, "rezsikoltseg_huf": null, "hirdeto_tipus": "Ingatlaniroda", "iroda_neve": null, "leiras_hossz": 701.0, "fenykepek_szama": 4.0, "geokodolas_modszere": null, "geokodolas_pontossag": null, "price_eur": null, "nm_ar_eur": null, "kozos_koltseg_eur": null, "rezsikoltseg_eur": null, "kaucio_eur": null, "tavolsag_metro_halozati_m": null, "metro_5p_seta": 0, "metro_10p_seta": 0, "metro_15p_seta": 0, "tavolsag_villamos_halozati_m": 417.0, "villamos_5p_seta": 0, "villamos_10p_seta": 1, "villamos_15p_seta": 1, "tavolsag_busz_halozati_m": 233.1, "busz_5p_seta": 1, "busz_10p_seta": 1, "tavolsag_kotottpalya_halozati_m": 417.0, "kotottpalya_5p_seta": 0, "kotottpalya_10p_seta": 1, "kotottpalya_15p_seta": 1, "tavolsag_park_halozati_m": 543.6, "park_5p_seta": 0, "park_10p_seta": 1, "park_15p_seta": 1, "poi_5p_count": 3.0, "poi_10p_count": 23.0, "poi_15p_count": 66.0, "tavolsag_iskola_halozati_m": 946.7, "iskola_5p_seta": 0, "iskola_10p_seta": 0, "iskola_15p_seta": 1, "tavolsag_ovoda_halozati_m": 425.7, "ovoda_5p_seta": 0, "ovoda_10p_seta": 1, "ovoda_15p_seta": 1, "tavolsag_bolt_halozati_m": 509.2, "bolt_5p_seta": 0, "bolt_10p_seta": 1, "bolt_15p_seta": 1, "tavolsag_gyogyszertar_halozati_m": 377.8, "gyogyszertar_5p_seta": 0, "gyogyszertar_10p_seta": 1, "gyogyszertar_15p_seta": 1, "tavolsag_orvos_halozati_m": null, "orvos_5p_seta": 0, "orvos_10p_seta": 0, "orvos_15p_seta": 0, "legkozelebbi_vasut": "Kőbánya felső", "legkozelebbi_metro": "", "legkozelebbi_villamos": "Szent László Gimnázium", "legkozelebbi_busz": "Szent László Gimnázium", "legkozelebbi_park": "Rottenbiller park", "legkozelebbi_kotottpalya_tipus": "villamos" }, "geometry": { "type": "Point", "coordinates": [ 19.1401, 47.4872 ] } },
{ "type": "Feature", "properties": { "listing_id": "35460660", "listing_type": "elado", "cim_teljes": "Budapest X. kerület, Harmat utca 22.", "varosresz": "Óhegy", "price_huf": 125290000.0, "ar_millio_ft": 125.29, "ar_ezer_ft_ho": 125290.0, "nm_ar_huf": 1347204.3010752688, "log_ar": 18.646141608221736, "log_nm_ar": 14.11354211506848, "is_ar_outlier": 0, "alapterulet_nm": 93.0, "korrigalt_alapterulet_nm": 106.475, "szobaszam_osszes": 4.0, "allapot_kod": 6, "is_felujitando": 0, "is_ujszeru_vagy_uj": 1, "is_panel": 0, "is_tegla": 1, "has_lift": 1, "has_klima": 1, "has_erkely": 1, "is_foldszint": 0, "is_zaroszint": 0, "epulet_kora_ev": 0.0, "geokodolt_lat": 47.4872, "geokodolt_lon": 19.1401, "minta_garantalt_pontos": 1, "tavolsag_vasut_m": 552.6, "vasut_zona": "500-1000 m", "is_vasut_immisszio_150m": 0, "tavolsag_vasut_halozati_m": 968.0, "menetido_vasut_gyalog_perc": 12.9, "vasut_5p_seta": 0, "vasut_10p_seta": 0, "vasut_15p_seta": 1, "url": "https://ingatlan.com/35460660", "title": "Eladó tégla lakás - Budapest X. kerület, Harmat utca 22. #35460660", "postal_code": "1104", "varos": "Budapest", "utca": "Harmat utca", "hazszam_vegleges": "22", "allapot": "új építésű", "ingatlan_altipus": "Tégla lakás", "epites_eve": 2028.0, "epites_eve_kategoria": "Új építésű (2025+)", "erkely_nm": 26.95, "szobaszam_egesz": 4.0, "szobaszam_fel": 0.0, "szobaszam_kategoria": "4+ szoba", "atlagos_szobameret_nm": 23.25, "emelet": "1", "emelet_szam": 1.0, "epulet_szintjei_szam": 5.0, "is_magas_emelet_lift_nelkul": 0, "futes": "mennyezeti hűtés-fűtés, hőszivattyú", "futes_kategoria": null, "has_tavfutes": 0, "has_konvektor": 0, "has_megujulo": 1, "has_garazs_vagy_beallo": 0, "energetikai_tanusitvany": "A", "butorozott": null, "koltozheto": null, "min_berleti_ido": null, "kertkapcsolatos": "nem", "kozos_koltseg_huf": null, "rezsikoltseg_huf": null, "hirdeto_tipus": "Ingatlaniroda", "iroda_neve": null, "leiras_hossz": 701.0, "fenykepek_szama": 4.0, "geokodolas_modszere": null, "geokodolas_pontossag": null, "price_eur": null, "nm_ar_eur": null, "kozos_koltseg_eur": null, "rezsikoltseg_eur": null, "kaucio_eur": null, "tavolsag_metro_halozati_m": null, "metro_5p_seta": 0, "metro_10p_seta": 0, "metro_15p_seta": 0, "tavolsag_villamos_halozati_m": 417.0, "villamos_5p_seta": 0, "villamos_10p_seta": 1, "villamos_15p_seta": 1, "tavolsag_busz_halozati_m": 233.1, "busz_5p_seta": 1, "busz_10p_seta": 1, "tavolsag_kotottpalya_halozati_m": 417.0, "kotottpalya_5p_seta": 0, "kotottpalya_10p_seta": 1, "kotottpalya_15p_seta": 1, "tavolsag_park_halozati_m": 543.6, "park_5p_seta": 0, "park_10p_seta": 1, "park_15p_seta": 1, "poi_5p_count": 3.0, "poi_10p_count": 23.0, "poi_15p_count": 66.0, "tavolsag_iskola_halozati_m": 946.7, "iskola_5p_seta": 0, "iskola_10p_seta": 0, "iskola_15p_seta": 1, "tavolsag_ovoda_halozati_m": 425.7, "ovoda_5p_seta": 0, "ovoda_10p_seta": 1, "ovoda_15p_seta": 1, "tavolsag_bolt_halozati_m": 509.2, "bolt_5p_seta": 0, "bolt_10p_seta": 1, "bolt_15p_seta": 1, "tavolsag_gyogyszertar_halozati_m": 377.8, "gyogyszertar_5p_seta": 0, "gyogyszertar_10p_seta": 1, "gyogyszertar_15p_seta": 1, "tavolsag_orvos_halozati_m": null, "orvos_5p_seta": 0, "orvos_10p_seta": 0, "orvos_15p_seta": 0, "legkozelebbi_vasut": "Kőbánya felső", "legkozelebbi_metro": "", "legkozelebbi_villamos": "Szent László Gimnázium", "legkozelebbi_busz": "Szent László Gimnázium", "legkozelebbi_park": "Rottenbiller park", "legkozelebbi_kotottpalya_tipus": "villamos" }, "geometry": { "type": "Point", "coordinates": [ 19.1401, 47.4872 ] } },
{ "type": "Feature", "properties": { "listing_id": "35460664", "listing_type": "elado", "cim_teljes": "Budapest X. kerület, Harmat utca 22.", "varosresz": "Óhegy", "price_huf": 63810000.0, "ar_millio_ft": 63.81, "ar_ezer_ft_ho": 63810.0, "nm_ar_huf": 1450227.2727272727, "log_ar": 17.971420475844528, "log_nm_ar": 14.187230841926269, "is_ar_outlier": 0, "alapterulet_nm": 44.0, "korrigalt_alapterulet_nm": 49.125, "szobaszam_osszes": 2.0, "allapot_kod": 6, "is_felujitando": 0, "is_ujszeru_vagy_uj": 1, "is_panel": 0, "is_tegla": 1, "has_lift": 1, "has_klima": 1, "has_erkely": 1, "is_foldszint": 0, "is_zaroszint": 0, "epulet_kora_ev": 0.0, "geokodolt_lat": 47.4872, "geokodolt_lon": 19.1401, "minta_garantalt_pontos": 1, "tavolsag_vasut_m": 552.6, "vasut_zona": "500-1000 m", "is_vasut_immisszio_150m": 0, "tavolsag_vasut_halozati_m": 968.0, "menetido_vasut_gyalog_perc": 12.9, "vasut_5p_seta": 0, "vasut_10p_seta": 0, "vasut_15p_seta": 1, "url": "https://ingatlan.com/35460664", "title": "Eladó tégla lakás - Budapest X. kerület, Harmat utca 22. #35460664", "postal_code": "1104", "varos": "Budapest", "utca": "Harmat utca", "hazszam_vegleges": "22", "allapot": "új építésű", "ingatlan_altipus": "Tégla lakás", "epites_eve": 2028.0, "epites_eve_kategoria": "Új építésű (2025+)", "erkely_nm": 10.25, "szobaszam_egesz": 2.0, "szobaszam_fel": 0.0, "szobaszam_kategoria": "2 szoba", "atlagos_szobameret_nm": 22.0, "emelet": "2", "emelet_szam": 2.0, "epulet_szintjei_szam": 5.0, "is_magas_emelet_lift_nelkul": 0, "futes": "mennyezeti hűtés-fűtés, hőszivattyú", "futes_kategoria": null, "has_tavfutes": 0, "has_konvektor": 0, "has_megujulo": 1, "has_garazs_vagy_beallo": 0, "energetikai_tanusitvany": "A", "butorozott": null, "koltozheto": null, "min_berleti_ido": null, "kertkapcsolatos": "nem", "kozos_koltseg_huf": null, "rezsikoltseg_huf": null, "hirdeto_tipus": "Ingatlaniroda", "iroda_neve": null, "leiras_hossz": 701.0, "fenykepek_szama": 4.0, "geokodolas_modszere": null, "geokodolas_pontossag": null, "price_eur": null, "nm_ar_eur": null, "kozos_koltseg_eur": null, "rezsikoltseg_eur": null, "kaucio_eur": null, "tavolsag_metro_halozati_m": null, "metro_5p_seta": 0, "metro_10p_seta": 0, "metro_15p_seta": 0, "tavolsag_villamos_halozati_m": 417.0, "villamos_5p_seta": 0, "villamos_10p_seta": 1, "villamos_15p_seta": 1, "tavolsag_busz_halozati_m": 233.1, "busz_5p_seta": 1, "busz_10p_seta": 1, "tavolsag_kotottpalya_halozati_m": 417.0, "kotottpalya_5p_seta": 0, "kotottpalya_10p_seta": 1, "kotottpalya_15p_seta": 1, "tavolsag_park_halozati_m": 543.6, "park_5p_seta": 0, "park_10p_seta": 1, "park_15p_seta": 1, "poi_5p_count": 3.0, "poi_10p_count": 23.0, "poi_15p_count": 66.0, "tavolsag_iskola_halozati_m": 946.7, "iskola_5p_seta": 0, "iskola_10p_seta": 0, "iskola_15p_seta": 1, "tavolsag_ovoda_halozati_m": 425.7, "ovoda_5p_seta": 0, "ovoda_10p_seta": 1, "ovoda_15p_seta": 1, "tavolsag_bolt_halozati_m": 509.2, "bolt_5p_seta": 0, "bolt_10p_seta": 1, "bolt_15p_seta": 1, "tavolsag_gyogyszertar_halozati_m": 377.8, "gyogyszertar_5p_seta": 0, "gyogyszertar_10p_seta": 1, "gyogyszertar_15p_seta": 1, "tavolsag_orvos_halozati_m": null, "orvos_5p_seta": 0, "orvos_10p_seta": 0, "orvos_15p_seta": 0, "legkozelebbi_vasut": "Kőbánya felső", "legkozelebbi_metro": "", "legkozelebbi_villamos": "Szent László Gimnázium", "legkozelebbi_busz": "Szent László Gimnázium", "legkozelebbi_park": "Rottenbiller park", "legkozelebbi_kotottpalya_tipus": "villamos" }, "geometry": { "type": "Point", "coordinates": [ 19.1401, 47.4872 ] } },
{ "type": "Feature", "properties": { "listing_id": "35460668", "listing_type": "elado", "cim_teljes": "Budapest X. kerület, Harmat utca 22.", "varosresz": "Óhegy", "price_huf": 83380000.0, "ar_millio_ft": 83.38, "ar_ezer_ft_ho": 83380.0, "nm_ar_huf": 1344838.7096774194, "log_ar": 18.238919030416923, "log_nm_ar": 14.111784645371833, "is_ar_outlier": 0, "alapterulet_nm": 62.0, "korrigalt_alapterulet_nm": 67.45, "szobaszam_osszes": 3.0, "allapot_kod": 6, "is_felujitando": 0, "is_ujszeru_vagy_uj": 1, "is_panel": 0, "is_tegla": 1, "has_lift": 1, "has_klima": 1, "has_erkely": 1, "is_foldszint": 0, "is_zaroszint": 0, "epulet_kora_ev": 0.0, "geokodolt_lat": 47.4872, "geokodolt_lon": 19.1401, "minta_garantalt_pontos": 1, "tavolsag_vasut_m": 552.6, "vasut_zona": "500-1000 m", "is_vasut_immisszio_150m": 0, "tavolsag_vasut_halozati_m": 968.0, "menetido_vasut_gyalog_perc": 12.9, "vasut_5p_seta": 0, "vasut_10p_seta": 0, "vasut_15p_seta": 1, "url": "https://ingatlan.com/35460668", "title": "Eladó tégla lakás - Budapest X. kerület, Harmat utca 22. #35460668", "postal_code": "1104", "varos": "Budapest", "utca": "Harmat utca", "hazszam_vegleges": "22", "allapot": "új építésű", "ingatlan_altipus": "Tégla lakás", "epites_eve": 2028.0, "epites_eve_kategoria": "Új építésű (2025+)", "erkely_nm": 10.9, "szobaszam_egesz": 3.0, "szobaszam_fel": 0.0, "szobaszam_kategoria": "3 szoba", "atlagos_szobameret_nm": 20.666666666666668, "emelet": "4", "emelet_szam": 4.0, "epulet_szintjei_szam": 5.0, "is_magas_emelet_lift_nelkul": 0, "futes": "mennyezeti hűtés-fűtés, hőszivattyú", "futes_kategoria": null, "has_tavfutes": 0, "has_konvektor": 0, "has_megujulo": 1, "has_garazs_vagy_beallo": 0, "energetikai_tanusitvany": "A", "butorozott": null, "koltozheto": null, "min_berleti_ido": null, "kertkapcsolatos": "nem", "kozos_koltseg_huf": null, "rezsikoltseg_huf": null, "hirdeto_tipus": "Ingatlaniroda", "iroda_neve": null, "leiras_hossz": 701.0, "fenykepek_szama": 4.0, "geokodolas_modszere": null, "geokodolas_pontossag": null, "price_eur": null, "nm_ar_eur": null, "kozos_koltseg_eur": null, "rezsikoltseg_eur": null, "kaucio_eur": null, "tavolsag_metro_halozati_m": null, "metro_5p_seta": 0, "metro_10p_seta": 0, "metro_15p_seta": 0, "tavolsag_villamos_halozati_m": 417.0, "villamos_5p_seta": 0, "villamos_10p_seta": 1, "villamos_15p_seta": 1, "tavolsag_busz_halozati_m": 233.1, "busz_5p_seta": 1, "busz_10p_seta": 1, "tavolsag_kotottpalya_halozati_m": 417.0, "kotottpalya_5p_seta": 0, "kotottpalya_10p_seta": 1, "kotottpalya_15p_seta": 1, "tavolsag_park_halozati_m": 543.6, "park_5p_seta": 0, "park_10p_seta": 1, "park_15p_seta": 1, "poi_5p_count": 3.0, "poi_10p_count": 23.0, "poi_15p_count": 66.0, "tavolsag_iskola_halozati_m": 946.7, "iskola_5p_seta": 0, "iskola_10p_seta": 0, "iskola_15p_seta": 1, "tavolsag_ovoda_halozati_m": 425.7, "ovoda_5p_seta": 0, "ovoda_10p_seta": 1, "ovoda_15p_seta": 1, "tavolsag_bolt_halozati_m": 509.2, "bolt_5p_seta": 0, "bolt_10p_seta": 1, "bolt_15p_seta": 1, "tavolsag_gyogyszertar_halozati_m": 377.8, "gyogyszertar_5p_seta": 0, "gyogyszertar_10p_seta": 1, "gyogyszertar_15p_seta": 1, "tavolsag_orvos_halozati_m": null, "orvos_5p_seta": 0, "orvos_10p_seta": 0, "orvos_15p_seta": 0, "legkozelebbi_vasut": "Kőbánya felső", "legkozelebbi_metro": "", "legkozelebbi_villamos": "Szent László Gimnázium", "legkozelebbi_busz": "Szent László Gimnázium", "legkozelebbi_park": "Rottenbiller park", "legkozelebbi_kotottpalya_tipus": "villamos" }, "geometry": { "type": "Point", "coordinates": [ 19.1401, 47.4872 ] } },
{ "type": "Feature", "properties": { "listing_id": "35460673", "listing_type": "elado", "cim_teljes": "Budapest X. kerület, Harmat utca 22.", "varosresz": "Óhegy", "price_huf": 73810000.0, "ar_millio_ft": 73.81, "ar_ezer_ft_ho": 73810.0, "nm_ar_huf": 1366851.8518518519, "log_ar": 18.117004781746235, "log_nm_ar": 14.128020735181961, "is_ar_outlier": 0, "alapterulet_nm": 54.0, "korrigalt_alapterulet_nm": 59.84, "szobaszam_osszes": 2.0, "allapot_kod": 6, "is_felujitando": 0, "is_ujszeru_vagy_uj": 1, "is_panel": 0, "is_tegla": 1, "has_lift": 1, "has_klima": 1, "has_erkely": 1, "is_foldszint": 0, "is_zaroszint": 0, "epulet_kora_ev": 0.0, "geokodolt_lat": 47.4872, "geokodolt_lon": 19.1401, "minta_garantalt_pontos": 1, "tavolsag_vasut_m": 552.6, "vasut_zona": "500-1000 m", "is_vasut_immisszio_150m": 0, "tavolsag_vasut_halozati_m": 968.0, "menetido_vasut_gyalog_perc": 12.9, "vasut_5p_seta": 0, "vasut_10p_seta": 0, "vasut_15p_seta": 1, "url": "https://ingatlan.com/35460673", "title": "Eladó tégla lakás - Budapest X. kerület, Harmat utca 22. #35460673", "postal_code": "1104", "varos": "Budapest", "utca": "Harmat utca", "hazszam_vegleges": "22", "allapot": "új építésű", "ingatlan_altipus": "Tégla lakás", "epites_eve": 2028.0, "epites_eve_kategoria": "Új építésű (2025+)", "erkely_nm": 11.68, "szobaszam_egesz": 2.0, "szobaszam_fel": 0.0, "szobaszam_kategoria": "2 szoba", "atlagos_szobameret_nm": 27.0, "emelet": "4", "emelet_szam": 4.0, "epulet_szintjei_szam": 5.0, "is_magas_emelet_lift_nelkul": 0, "futes": "mennyezeti hűtés-fűtés, hőszivattyú", "futes_kategoria": null, "has_tavfutes": 0, "has_konvektor": 0, "has_megujulo": 1, "has_garazs_vagy_beallo": 0, "energetikai_tanusitvany": "A", "butorozott": null, "koltozheto": null, "min_berleti_ido": null, "kertkapcsolatos": "nem", "kozos_koltseg_huf": null, "rezsikoltseg_huf": null, "hirdeto_tipus": "Ingatlaniroda", "iroda_neve": null, "leiras_hossz": 701.0, "fenykepek_szama": 4.0, "geokodolas_modszere": null, "geokodolas_pontossag": null, "price_eur": null, "nm_ar_eur": null, "kozos_koltseg_eur": null, "rezsikoltseg_eur": null, "kaucio_eur": null, "tavolsag_metro_halozati_m": null, "metro_5p_seta": 0, "metro_10p_seta": 0, "metro_15p_seta": 0, "tavolsag_villamos_halozati_m": 417.0, "villamos_5p_seta": 0, "villamos_10p_seta": 1, "villamos_15p_seta": 1, "tavolsag_busz_halozati_m": 233.1, "busz_5p_seta": 1, "busz_10p_seta": 1, "tavolsag_kotottpalya_halozati_m": 417.0, "kotottpalya_5p_seta": 0, "kotottpalya_10p_seta": 1, "kotottpalya_15p_seta": 1, "tavolsag_park_halozati_m": 543.6, "park_5p_seta": 0, "park_10p_seta": 1, "park_15p_seta": 1, "poi_5p_count": 3.0, "poi_10p_count": 23.0, "poi_15p_count": 66.0, "tavolsag_iskola_halozati_m": 946.7, "iskola_5p_seta": 0, "iskola_10p_seta": 0, "iskola_15p_seta": 1, "tavolsag_ovoda_halozati_m": 425.7, "ovoda_5p_seta": 0, "ovoda_10p_seta": 1, "ovoda_15p_seta": 1, "tavolsag_bolt_halozati_m": 509.2, "bolt_5p_seta": 0, "bolt_10p_seta": 1, "bolt_15p_seta": 1, "tavolsag_gyogyszertar_halozati_m": 377.8, "gyogyszertar_5p_seta": 0, "gyogyszertar_10p_seta": 1, "gyogyszertar_15p_seta": 1, "tavolsag_orvos_halozati_m": null, "orvos_5p_seta": 0, "orvos_10p_seta": 0, "orvos_15p_seta": 0, "legkozelebbi_vasut": "Kőbánya felső", "legkozelebbi_metro": "", "legkozelebbi_villamos": "Szent László Gimnázium", "legkozelebbi_busz": "Szent László Gimnázium", "legkozelebbi_park": "Rottenbiller park", "legkozelebbi_kotottpalya_tipus": "villamos" }, "geometry": { "type": "Point", "coordinates": [ 19.1401, 47.4872 ] } },
{ "type": "Feature", "properties": { "listing_id": "35460678", "listing_type": "elado", "cim_teljes": "Budapest X. kerület, Harmat utca 22.", "varosresz": "Óhegy", "price_huf": 71210000.0, "ar_millio_ft": 71.21, "ar_ezer_ft_ho": 71210.0, "nm_ar_huf": 1343584.9056603773, "log_ar": 18.081143815958306, "log_nm_ar": 14.110851902406186, "is_ar_outlier": 0, "alapterulet_nm": 53.0, "korrigalt_alapterulet_nm": 55.885, "szobaszam_osszes": 2.0, "allapot_kod": 6, "is_felujitando": 0, "is_ujszeru_vagy_uj": 1, "is_panel": 0, "is_tegla": 1, "has_lift": 1, "has_klima": 1, "has_erkely": 1, "is_foldszint": 0, "is_zaroszint": 0, "epulet_kora_ev": 0.0, "geokodolt_lat": 47.4872, "geokodolt_lon": 19.1401, "minta_garantalt_pontos": 1, "tavolsag_vasut_m": 552.6, "vasut_zona": "500-1000 m", "is_vasut_immisszio_150m": 0, "tavolsag_vasut_halozati_m": 968.0, "menetido_vasut_gyalog_perc": 12.9, "vasut_5p_seta": 0, "vasut_10p_seta": 0, "vasut_15p_seta": 1, "url": "https://ingatlan.com/35460678", "title": "Eladó tégla lakás - Budapest X. kerület, Harmat utca 22. #35460678", "postal_code": "1104", "varos": "Budapest", "utca": "Harmat utca", "hazszam_vegleges": "22", "allapot": "új építésű", "ingatlan_altipus": "Tégla lakás", "epites_eve": 2028.0, "epites_eve_kategoria": "Új építésű (2025+)", "erkely_nm": 5.77, "szobaszam_egesz": 2.0, "szobaszam_fel": 0.0, "szobaszam_kategoria": "2 szoba", "atlagos_szobameret_nm": 26.5, "emelet": "1", "emelet_szam": 1.0, "epulet_szintjei_szam": 5.0, "is_magas_emelet_lift_nelkul": 0, "futes": "mennyezeti hűtés-fűtés, hőszivattyú", "futes_kategoria": null, "has_tavfutes": 0, "has_konvektor": 0, "has_megujulo": 1, "has_garazs_vagy_beallo": 0, "energetikai_tanusitvany": "A", "butorozott": null, "koltozheto": null, "min_berleti_ido": null, "kertkapcsolatos": "nem", "kozos_koltseg_huf": null, "rezsikoltseg_huf": null, "hirdeto_tipus": "Ingatlaniroda", "iroda_neve": null, "leiras_hossz": 701.0, "fenykepek_szama": 4.0, "geokodolas_modszere": null, "geokodolas_pontossag": null, "price_eur": null, "nm_ar_eur": null, "kozos_koltseg_eur": null, "rezsikoltseg_eur": null, "kaucio_eur": null, "tavolsag_metro_halozati_m": null, "metro_5p_seta": 0, "metro_10p_seta": 0, "metro_15p_seta": 0, "tavolsag_villamos_halozati_m": 417.0, "villamos_5p_seta": 0, "villamos_10p_seta": 1, "villamos_15p_seta": 1, "tavolsag_busz_halozati_m": 233.1, "busz_5p_seta": 1, "busz_10p_seta": 1, "tavolsag_kotottpalya_halozati_m": 417.0, "kotottpalya_5p_seta": 0, "kotottpalya_10p_seta": 1, "kotottpalya_15p_seta": 1, "tavolsag_park_halozati_m": 543.6, "park_5p_seta": 0, "park_10p_seta": 1, "park_15p_seta": 1, "poi_5p_count": 3.0, "poi_10p_count": 23.0, "poi_15p_count": 66.0, "tavolsag_iskola_halozati_m": 946.7, "iskola_5p_seta": 0, "iskola_10p_seta": 0, "iskola_15p_seta": 1, "tavolsag_ovoda_halozati_m": 425.7, "ovoda_5p_seta": 0, "ovoda_10p_seta": 1, "ovoda_15p_seta": 1, "tavolsag_bolt_halozati_m": 509.2, "bolt_5p_seta": 0, "bolt_10p_seta": 1, "bolt_15p_seta": 1, "tavolsag_gyogyszertar_halozati_m": 377.8, "gyogyszertar_5p_seta": 0, "gyogyszertar_10p_seta": 1, "gyogyszertar_15p_seta": 1, "tavolsag_orvos_halozati_m": null, "orvos_5p_seta": 0, "orvos_10p_seta": 0, "orvos_15p_seta": 0, "legkozelebbi_vasut": "Kőbánya felső", "legkozelebbi_metro": "", "legkozelebbi_villamos": "Szent László Gimnázium", "legkozelebbi_busz": "Szent László Gimnázium", "legkozelebbi_park": "Rottenbiller park", "legkozelebbi_kotottpalya_tipus": "villamos" }, "geometry": { "type": "Point", "coordinates": [ 19.1401, 47.4872 ] } },
{ "type": "Feature", "properties": { "listing_id": "35460682", "listing_type": "elado", "cim_teljes": "Budapest X. kerület, Harmat utca 22.", "varosresz": "Óhegy", "price_huf": 102580000.0, "ar_millio_ft": 102.58, "ar_ezer_ft_ho": 102580.0, "nm_ar_huf": 1367733.3333333333, "log_ar": 18.446153539925398, "log_nm_ar": 14.128665426389086, "is_ar_outlier": 0, "alapterulet_nm": 75.0, "korrigalt_alapterulet_nm": 83.04, "szobaszam_osszes": 4.0, "allapot_kod": 6, "is_felujitando": 0, "is_ujszeru_vagy_uj": 1, "is_panel": 0, "is_tegla": 1, "has_lift": 1, "has_klima": 1, "has_erkely": 1, "is_foldszint": 0, "is_zaroszint": 0, "epulet_kora_ev": 0.0, "geokodolt_lat": 47.4872, "geokodolt_lon": 19.1401, "minta_garantalt_pontos": 1, "tavolsag_vasut_m": 552.6, "vasut_zona": "500-1000 m", "is_vasut_immisszio_150m": 0, "tavolsag_vasut_halozati_m": 968.0, "menetido_vasut_gyalog_perc": 12.9, "vasut_5p_seta": 0, "vasut_10p_seta": 0, "vasut_15p_seta": 1, "url": "https://ingatlan.com/35460682", "title": "Eladó tégla lakás - Budapest X. kerület, Harmat utca 22. #35460682", "postal_code": "1104", "varos": "Budapest", "utca": "Harmat utca", "hazszam_vegleges": "22", "allapot": "új építésű", "ingatlan_altipus": "Tégla lakás", "epites_eve": 2028.0, "epites_eve_kategoria": "Új építésű (2025+)", "erkely_nm": 16.08, "szobaszam_egesz": 4.0, "szobaszam_fel": 0.0, "szobaszam_kategoria": "4+ szoba", "atlagos_szobameret_nm": 18.75, "emelet": "1", "emelet_szam": 1.0, "epulet_szintjei_szam": 5.0, "is_magas_emelet_lift_nelkul": 0, "futes": "mennyezeti hűtés-fűtés, hőszivattyú", "futes_kategoria": null, "has_tavfutes": 0, "has_konvektor": 0, "has_megujulo": 1, "has_garazs_vagy_beallo": 0, "energetikai_tanusitvany": "A", "butorozott": null, "koltozheto": null, "min_berleti_ido": null, "kertkapcsolatos": "nem", "kozos_koltseg_huf": null, "rezsikoltseg_huf": null, "hirdeto_tipus": "Ingatlaniroda", "iroda_neve": null, "leiras_hossz": 701.0, "fenykepek_szama": 4.0, "geokodolas_modszere": null, "geokodolas_pontossag": null, "price_eur": null, "nm_ar_eur": null, "kozos_koltseg_eur": null, "rezsikoltseg_eur": null, "kaucio_eur": null, "tavolsag_metro_halozati_m": null, "metro_5p_seta": 0, "metro_10p_seta": 0, "metro_15p_seta": 0, "tavolsag_villamos_halozati_m": 417.0, "villamos_5p_seta": 0, "villamos_10p_seta": 1, "villamos_15p_seta": 1, "tavolsag_busz_halozati_m": 233.1, "busz_5p_seta": 1, "busz_10p_seta": 1, "tavolsag_kotottpalya_halozati_m": 417.0, "kotottpalya_5p_seta": 0, "kotottpalya_10p_seta": 1, "kotottpalya_15p_seta": 1, "tavolsag_park_halozati_m": 543.6, "park_5p_seta": 0, "park_10p_seta": 1, "park_15p_seta": 1, "poi_5p_count": 3.0, "poi_10p_count": 23.0, "poi_15p_count": 66.0, "tavolsag_iskola_halozati_m": 946.7, "iskola_5p_seta": 0, "iskola_10p_seta": 0, "iskola_15p_seta": 1, "tavolsag_ovoda_halozati_m": 425.7, "ovoda_5p_seta": 0, "ovoda_10p_seta": 1, "ovoda_15p_seta": 1, "tavolsag_bolt_halozati_m": 509.2, "bolt_5p_seta": 0, "bolt_10p_seta": 1, "bolt_15p_seta": 1, "tavolsag_gyogyszertar_halozati_m": 377.8, "gyogyszertar_5p_seta": 0, "gyogyszertar_10p_seta": 1, "gyogyszertar_15p_seta": 1, "tavolsag_orvos_halozati_m": null, "orvos_5p_seta": 0, "orvos_10p_seta": 0, "orvos_15p_seta": 0, "legkozelebbi_vasut": "Kőbánya felső", "legkozelebbi_metro": "", "legkozelebbi_villamos": "Szent László Gimnázium", "legkozelebbi_busz": "Szent László Gimnázium", "legkozelebbi_park": "Rottenbiller park", "legkozelebbi_kotottpalya_tipus": "villamos" }, "geometry": { "type": "Point", "coordinates": [ 19.1401, 47.4872 ] } },
{ "type": "Feature", "properties": { "listing_id": "35461173", "listing_type": "elado", "cim_teljes": "Budapest X. kerület, Füzér utca 38/A.", "varosresz": "Ligettelek", "price_huf": 21900000.0, "ar_millio_ft": 21.9, "ar_ezer_ft_ho": 21900.0, "nm_ar_huf": 782142.85714285716, "log_ar": 16.90199719478673, "log_nm_ar": 13.569792684611526, "is_ar_outlier": 0, "alapterulet_nm": 28.0, "korrigalt_alapterulet_nm": 28.0, "szobaszam_osszes": 1.0, "allapot_kod": 4, "is_felujitando": 0, "is_ujszeru_vagy_uj": 0, "is_panel": 0, "is_tegla": 1, "has_lift": 0, "has_klima": 0, "has_erkely": 0, "is_foldszint": 0, "is_zaroszint": 0, "epulet_kora_ev": null, "geokodolt_lat": 47.487148, "geokodolt_lon": 19.128056, "minta_garantalt_pontos": 1, "tavolsag_vasut_m": 270.5, "vasut_zona": "150-300 m", "is_vasut_immisszio_150m": 0, "tavolsag_vasut_halozati_m": 664.3, "menetido_vasut_gyalog_perc": 8.9, "vasut_5p_seta": 0, "vasut_10p_seta": 1, "vasut_15p_seta": 1, "url": "https://ingatlan.com/35461173", "title": "Eladó tégla lakás - Budapest X. kerület, Füzér utca 38/A #35461173", "postal_code": "1102", "varos": "Budapest", "utca": "Füzér utca", "hazszam_vegleges": "38/A", "allapot": "felújított", "ingatlan_altipus": "Tégla lakás", "epites_eve": null, "epites_eve_kategoria": "Ismeretlen", "erkely_nm": 0.0, "szobaszam_egesz": 1.0, "szobaszam_fel": 0.0, "szobaszam_kategoria": "1 szoba", "atlagos_szobameret_nm": 28.0, "emelet": "szuterén", "emelet_szam": -1.0, "epulet_szintjei_szam": 3.0, "is_magas_emelet_lift_nelkul": 0, "futes": "elektromos fűtőpanel", "futes_kategoria": null, "has_tavfutes": 0, "has_konvektor": 0, "has_megujulo": 0, "has_garazs_vagy_beallo": 0, "energetikai_tanusitvany": "nincs megadva", "butorozott": null, "koltozheto": null, "min_berleti_ido": null, "kertkapcsolatos": "nincs megadva", "kozos_koltseg_huf": 12000.0, "rezsikoltseg_huf": null, "hirdeto_tipus": "Ingatlaniroda", "iroda_neve": null, "leiras_hossz": 949.0, "fenykepek_szama": 4.0, "geokodolas_modszere": null, "geokodolas_pontossag": null, "price_eur": null, "nm_ar_eur": null, "kozos_koltseg_eur": null, "rezsikoltseg_eur": null, "kaucio_eur": null, "tavolsag_metro_halozati_m": null, "metro_5p_seta": 0, "metro_10p_seta": 0, "metro_15p_seta": 0, "tavolsag_villamos_halozati_m": 456.2, "villamos_5p_seta": 0, "villamos_10p_seta": 1, "villamos_15p_seta": 1, "tavolsag_busz_halozati_m": 339.3, "busz_5p_seta": 1, "busz_10p_seta": 1, "tavolsag_kotottpalya_halozati_m": 456.2, "kotottpalya_5p_seta": 0, "kotottpalya_10p_seta": 1, "kotottpalya_15p_seta": 1, "tavolsag_park_halozati_m": 284.5, "park_5p_seta": 1, "park_10p_seta": 1, "park_15p_seta": 1, "poi_5p_count": 4.0, "poi_10p_count": 52.0, "poi_15p_count": 118.0, "tavolsag_iskola_halozati_m": 1152.7, "iskola_5p_seta": 0, "iskola_10p_seta": 0, "iskola_15p_seta": 0, "tavolsag_ovoda_halozati_m": 906.5, "ovoda_5p_seta": 0, "ovoda_10p_seta": 0, "ovoda_15p_seta": 1, "tavolsag_bolt_halozati_m": 79.8, "bolt_5p_seta": 1, "bolt_10p_seta": 1, "bolt_15p_seta": 1, "tavolsag_gyogyszertar_halozati_m": 514.4, "gyogyszertar_5p_seta": 0, "gyogyszertar_10p_seta": 1, "gyogyszertar_15p_seta": 1, "tavolsag_orvos_halozati_m": null, "orvos_5p_seta": 0, "orvos_10p_seta": 0, "orvos_15p_seta": 0, "legkozelebbi_vasut": "Kőbánya alsó", "legkozelebbi_metro": "", "legkozelebbi_villamos": "Halom utca", "legkozelebbi_busz": "Szent László tér", "legkozelebbi_park": "Liget Grund", "legkozelebbi_kotottpalya_tipus": "villamos" }, "geometry": { "type": "Point", "coordinates": [ 19.128056, 47.487148 ] } },
{ "type": "Feature", "properties": { "listing_id": "35462587", "listing_type": "elado", "cim_teljes": "Budapest X. kerület, Harmat utca 22.", "varosresz": "Óhegy", "price_huf": 63780000.0, "ar_millio_ft": 63.78, "ar_ezer_ft_ho": 63780.0, "nm_ar_huf": 1449545.4545454546, "log_ar": 17.970950219546186, "log_nm_ar": 14.186760585627924, "is_ar_outlier": 0, "alapterulet_nm": 44.0, "korrigalt_alapterulet_nm": 49.11, "szobaszam_osszes": 2.0, "allapot_kod": 6, "is_felujitando": 0, "is_ujszeru_vagy_uj": 1, "is_panel": 0, "is_tegla": 1, "has_lift": 1, "has_klima": 1, "has_erkely": 1, "is_foldszint": 0, "is_zaroszint": 0, "epulet_kora_ev": 0.0, "geokodolt_lat": 47.4872, "geokodolt_lon": 19.1401, "minta_garantalt_pontos": 1, "tavolsag_vasut_m": 552.6, "vasut_zona": "500-1000 m", "is_vasut_immisszio_150m": 0, "tavolsag_vasut_halozati_m": 968.0, "menetido_vasut_gyalog_perc": 12.9, "vasut_5p_seta": 0, "vasut_10p_seta": 0, "vasut_15p_seta": 1, "url": "https://ingatlan.com/35462587", "title": "Eladó tégla lakás - Budapest X. kerület, Harmat utca 22. #35462587", "postal_code": "1104", "varos": "Budapest", "utca": "Harmat utca", "hazszam_vegleges": "22", "allapot": "új építésű", "ingatlan_altipus": "Tégla lakás", "epites_eve": 2028.0, "epites_eve_kategoria": "Új építésű (2025+)", "erkely_nm": 10.22, "szobaszam_egesz": 2.0, "szobaszam_fel": 0.0, "szobaszam_kategoria": "2 szoba", "atlagos_szobameret_nm": 22.0, "emelet": "1", "emelet_szam": 1.0, "epulet_szintjei_szam": 5.0, "is_magas_emelet_lift_nelkul": 0, "futes": "mennyezeti hűtés-fűtés, hőszivattyú", "futes_kategoria": null, "has_tavfutes": 0, "has_konvektor": 0, "has_megujulo": 1, "has_garazs_vagy_beallo": 0, "energetikai_tanusitvany": "A", "butorozott": null, "koltozheto": null, "min_berleti_ido": null, "kertkapcsolatos": "nem", "kozos_koltseg_huf": null, "rezsikoltseg_huf": null, "hirdeto_tipus": "Ingatlaniroda", "iroda_neve": null, "leiras_hossz": 701.0, "fenykepek_szama": 4.0, "geokodolas_modszere": null, "geokodolas_pontossag": null, "price_eur": null, "nm_ar_eur": null, "kozos_koltseg_eur": null, "rezsikoltseg_eur": null, "kaucio_eur": null, "tavolsag_metro_halozati_m": null, "metro_5p_seta": 0, "metro_10p_seta": 0, "metro_15p_seta": 0, "tavolsag_villamos_halozati_m": 417.0, "villamos_5p_seta": 0, "villamos_10p_seta": 1, "villamos_15p_seta": 1, "tavolsag_busz_halozati_m": 233.1, "busz_5p_seta": 1, "busz_10p_seta": 1, "tavolsag_kotottpalya_halozati_m": 417.0, "kotottpalya_5p_seta": 0, "kotottpalya_10p_seta": 1, "kotottpalya_15p_seta": 1, "tavolsag_park_halozati_m": 543.6, "park_5p_seta": 0, "park_10p_seta": 1, "park_15p_seta": 1, "poi_5p_count": 3.0, "poi_10p_count": 23.0, "poi_15p_count": 66.0, "tavolsag_iskola_halozati_m": 946.7, "iskola_5p_seta": 0, "iskola_10p_seta": 0, "iskola_15p_seta": 1, "tavolsag_ovoda_halozati_m": 425.7, "ovoda_5p_seta": 0, "ovoda_10p_seta": 1, "ovoda_15p_seta": 1, "tavolsag_bolt_halozati_m": 509.2, "bolt_5p_seta": 0, "bolt_10p_seta": 1, "bolt_15p_seta": 1, "tavolsag_gyogyszertar_halozati_m": 377.8, "gyogyszertar_5p_seta": 0, "gyogyszertar_10p_seta": 1, "gyogyszertar_15p_seta": 1, "tavolsag_orvos_halozati_m": null, "orvos_5p_seta": 0, "orvos_10p_seta": 0, "orvos_15p_seta": 0, "legkozelebbi_vasut": "Kőbánya felső", "legkozelebbi_metro": "", "legkozelebbi_villamos": "Szent László Gimnázium", "legkozelebbi_busz": "Szent László Gimnázium", "legkozelebbi_park": "Rottenbiller park", "legkozelebbi_kotottpalya_tipus": "villamos" }, "geometry": { "type": "Point", "coordinates": [ 19.1401, 47.4872 ] } },
{ "type": "Feature", "properties": { "listing_id": "35462592", "listing_type": "elado", "cim_teljes": "Budapest X. kerület, Harmat utca 22.", "varosresz": "Óhegy", "price_huf": 74580000.0, "ar_millio_ft": 74.58, "ar_ezer_ft_ho": 74580.0, "nm_ar_huf": 1522040.8163265307, "log_ar": 18.127382932714948, "log_nm_ar": 14.235562634604323, "is_ar_outlier": 0, "alapterulet_nm": 49.0, "korrigalt_alapterulet_nm": 51.985, "szobaszam_osszes": 2.0, "allapot_kod": 6, "is_felujitando": 0, "is_ujszeru_vagy_uj": 1, "is_panel": 0, "is_tegla": 1, "has_lift": 1, "has_klima": 1, "has_erkely": 1, "is_foldszint": 1, "is_zaroszint": 0, "epulet_kora_ev": 0.0, "geokodolt_lat": 47.4872, "geokodolt_lon": 19.1401, "minta_garantalt_pontos": 1, "tavolsag_vasut_m": 552.6, "vasut_zona": "500-1000 m", "is_vasut_immisszio_150m": 0, "tavolsag_vasut_halozati_m": 968.0, "menetido_vasut_gyalog_perc": 12.9, "vasut_5p_seta": 0, "vasut_10p_seta": 0, "vasut_15p_seta": 1, "url": "https://ingatlan.com/35462592", "title": "Eladó tégla lakás - Budapest X. kerület, Harmat utca 22. #35462592", "postal_code": "1104", "varos": "Budapest", "utca": "Harmat utca", "hazszam_vegleges": "22", "allapot": "új építésű", "ingatlan_altipus": "Tégla lakás", "epites_eve": 2028.0, "epites_eve_kategoria": "Új építésű (2025+)", "erkely_nm": 5.97, "szobaszam_egesz": 2.0, "szobaszam_fel": 0.0, "szobaszam_kategoria": "2 szoba", "atlagos_szobameret_nm": 24.5, "emelet": "földszint", "emelet_szam": 0.0, "epulet_szintjei_szam": 5.0, "is_magas_emelet_lift_nelkul": 0, "futes": "mennyezeti hűtés-fűtés, hőszivattyú", "futes_kategoria": null, "has_tavfutes": 0, "has_konvektor": 0, "has_megujulo": 1, "has_garazs_vagy_beallo": 0, "energetikai_tanusitvany": "A", "butorozott": null, "koltozheto": null, "min_berleti_ido": null, "kertkapcsolatos": "igen", "kozos_koltseg_huf": null, "rezsikoltseg_huf": null, "hirdeto_tipus": "Ingatlaniroda", "iroda_neve": null, "leiras_hossz": 701.0, "fenykepek_szama": 4.0, "geokodolas_modszere": null, "geokodolas_pontossag": null, "price_eur": null, "nm_ar_eur": null, "kozos_koltseg_eur": null, "rezsikoltseg_eur": null, "kaucio_eur": null, "tavolsag_metro_halozati_m": null, "metro_5p_seta": 0, "metro_10p_seta": 0, "metro_15p_seta": 0, "tavolsag_villamos_halozati_m": 417.0, "villamos_5p_seta": 0, "villamos_10p_seta": 1, "villamos_15p_seta": 1, "tavolsag_busz_halozati_m": 233.1, "busz_5p_seta": 1, "busz_10p_seta": 1, "tavolsag_kotottpalya_halozati_m": 417.0, "kotottpalya_5p_seta": 0, "kotottpalya_10p_seta": 1, "kotottpalya_15p_seta": 1, "tavolsag_park_halozati_m": 543.6, "park_5p_seta": 0, "park_10p_seta": 1, "park_15p_seta": 1, "poi_5p_count": 3.0, "poi_10p_count": 23.0, "poi_15p_count": 66.0, "tavolsag_iskola_halozati_m": 946.7, "iskola_5p_seta": 0, "iskola_10p_seta": 0, "iskola_15p_seta": 1, "tavolsag_ovoda_halozati_m": 425.7, "ovoda_5p_seta": 0, "ovoda_10p_seta": 1, "ovoda_15p_seta": 1, "tavolsag_bolt_halozati_m": 509.2, "bolt_5p_seta": 0, "bolt_10p_seta": 1, "bolt_15p_seta": 1, "tavolsag_gyogyszertar_halozati_m": 377.8, "gyogyszertar_5p_seta": 0, "gyogyszertar_10p_seta": 1, "gyogyszertar_15p_seta": 1, "tavolsag_orvos_halozati_m": null, "orvos_5p_seta": 0, "orvos_10p_seta": 0, "orvos_15p_seta": 0, "legkozelebbi_vasut": "Kőbánya felső", "legkozelebbi_metro": "", "legkozelebbi_villamos": "Szent László Gimnázium", "legkozelebbi_busz": "Szent László Gimnázium", "legkozelebbi_park": "Rottenbiller park", "legkozelebbi_kotottpalya_tipus": "villamos" }, "geometry": { "type": "Point", "coordinates": [ 19.1401, 47.4872 ] } },
{ "type": "Feature", "properties": { "listing_id": "35462594", "listing_type": "elado", "cim_teljes": "Budapest X. kerület, Harmat utca 22.", "varosresz": "Óhegy", "price_huf": 72330000.0, "ar_millio_ft": 72.33, "ar_ezer_ft_ho": 72330.0, "nm_ar_huf": 1364716.9811320754, "log_ar": 18.096749538825463, "log_nm_ar": 14.126457625273341, "is_ar_outlier": 0, "alapterulet_nm": 53.0, "korrigalt_alapterulet_nm": 55.885, "szobaszam_osszes": 2.0, "allapot_kod": 6, "is_felujitando": 0, "is_ujszeru_vagy_uj": 1, "is_panel": 0, "is_tegla": 1, "has_lift": 1, "has_klima": 1, "has_erkely": 1, "is_foldszint": 0, "is_zaroszint": 0, "epulet_kora_ev": 0.0, "geokodolt_lat": 47.4872, "geokodolt_lon": 19.1401, "minta_garantalt_pontos": 1, "tavolsag_vasut_m": 552.6, "vasut_zona": "500-1000 m", "is_vasut_immisszio_150m": 0, "tavolsag_vasut_halozati_m": 968.0, "menetido_vasut_gyalog_perc": 12.9, "vasut_5p_seta": 0, "vasut_10p_seta": 0, "vasut_15p_seta": 1, "url": "https://ingatlan.com/35462594", "title": "Eladó tégla lakás - Budapest X. kerület, Harmat utca 22. #35462594", "postal_code": "1104", "varos": "Budapest", "utca": "Harmat utca", "hazszam_vegleges": "22", "allapot": "új építésű", "ingatlan_altipus": "Tégla lakás", "epites_eve": 2028.0, "epites_eve_kategoria": "Új építésű (2025+)", "erkely_nm": 5.77, "szobaszam_egesz": 2.0, "szobaszam_fel": 0.0, "szobaszam_kategoria": "2 szoba", "atlagos_szobameret_nm": 26.5, "emelet": "1", "emelet_szam": 1.0, "epulet_szintjei_szam": 5.0, "is_magas_emelet_lift_nelkul": 0, "futes": "mennyezeti hűtés-fűtés, hőszivattyú", "futes_kategoria": null, "has_tavfutes": 0, "has_konvektor": 0, "has_megujulo": 1, "has_garazs_vagy_beallo": 0, "energetikai_tanusitvany": "A", "butorozott": null, "koltozheto": null, "min_berleti_ido": null, "kertkapcsolatos": "nem", "kozos_koltseg_huf": null, "rezsikoltseg_huf": null, "hirdeto_tipus": "Ingatlaniroda", "iroda_neve": null, "leiras_hossz": 701.0, "fenykepek_szama": 4.0, "geokodolas_modszere": null, "geokodolas_pontossag": null, "price_eur": null, "nm_ar_eur": null, "kozos_koltseg_eur": null, "rezsikoltseg_eur": null, "kaucio_eur": null, "tavolsag_metro_halozati_m": null, "metro_5p_seta": 0, "metro_10p_seta": 0, "metro_15p_seta": 0, "tavolsag_villamos_halozati_m": 417.0, "villamos_5p_seta": 0, "villamos_10p_seta": 1, "villamos_15p_seta": 1, "tavolsag_busz_halozati_m": 233.1, "busz_5p_seta": 1, "busz_10p_seta": 1, "tavolsag_kotottpalya_halozati_m": 417.0, "kotottpalya_5p_seta": 0, "kotottpalya_10p_seta": 1, "kotottpalya_15p_seta": 1, "tavolsag_park_halozati_m": 543.6, "park_5p_seta": 0, "park_10p_seta": 1, "park_15p_seta": 1, "poi_5p_count": 3.0, "poi_10p_count": 23.0, "poi_15p_count": 66.0, "tavolsag_iskola_halozati_m": 946.7, "iskola_5p_seta": 0, "iskola_10p_seta": 0, "iskola_15p_seta": 1, "tavolsag_ovoda_halozati_m": 425.7, "ovoda_5p_seta": 0, "ovoda_10p_seta": 1, "ovoda_15p_seta": 1, "tavolsag_bolt_halozati_m": 509.2, "bolt_5p_seta": 0, "bolt_10p_seta": 1, "bolt_15p_seta": 1, "tavolsag_gyogyszertar_halozati_m": 377.8, "gyogyszertar_5p_seta": 0, "gyogyszertar_10p_seta": 1, "gyogyszertar_15p_seta": 1, "tavolsag_orvos_halozati_m": null, "orvos_5p_seta": 0, "orvos_10p_seta": 0, "orvos_15p_seta": 0, "legkozelebbi_vasut": "Kőbánya felső", "legkozelebbi_metro": "", "legkozelebbi_villamos": "Szent László Gimnázium", "legkozelebbi_busz": "Szent László Gimnázium", "legkozelebbi_park": "Rottenbiller park", "legkozelebbi_kotottpalya_tipus": "villamos" }, "geometry": { "type": "Point", "coordinates": [ 19.1401, 47.4872 ] } },
{ "type": "Feature", "properties": { "listing_id": "35462595", "listing_type": "elado", "cim_teljes": "Budapest X. kerület, Harmat utca 22.", "varosresz": "Óhegy", "price_huf": 127430000.0, "ar_millio_ft": 127.43, "ar_ezer_ft_ho": 127430.0, "nm_ar_huf": 1370215.0537634408, "log_ar": 18.66307775218846, "log_nm_ar": 14.130478259035206, "is_ar_outlier": 0, "alapterulet_nm": 93.0, "korrigalt_alapterulet_nm": 106.475, "szobaszam_osszes": 4.0, "allapot_kod": 6, "is_felujitando": 0, "is_ujszeru_vagy_uj": 1, "is_panel": 0, "is_tegla": 1, "has_lift": 1, "has_klima": 1, "has_erkely": 1, "is_foldszint": 0, "is_zaroszint": 0, "epulet_kora_ev": 0.0, "geokodolt_lat": 47.4872, "geokodolt_lon": 19.1401, "minta_garantalt_pontos": 1, "tavolsag_vasut_m": 552.6, "vasut_zona": "500-1000 m", "is_vasut_immisszio_150m": 0, "tavolsag_vasut_halozati_m": 968.0, "menetido_vasut_gyalog_perc": 12.9, "vasut_5p_seta": 0, "vasut_10p_seta": 0, "vasut_15p_seta": 1, "url": "https://ingatlan.com/35462595", "title": "Eladó tégla lakás - Budapest X. kerület, Harmat utca 22. #35462595", "postal_code": "1104", "varos": "Budapest", "utca": "Harmat utca", "hazszam_vegleges": "22", "allapot": "új építésű", "ingatlan_altipus": "Tégla lakás", "epites_eve": 2028.0, "epites_eve_kategoria": "Új építésű (2025+)", "erkely_nm": 26.95, "szobaszam_egesz": 4.0, "szobaszam_fel": 0.0, "szobaszam_kategoria": "4+ szoba", "atlagos_szobameret_nm": 23.25, "emelet": "1", "emelet_szam": 1.0, "epulet_szintjei_szam": 5.0, "is_magas_emelet_lift_nelkul": 0, "futes": "mennyezeti hűtés-fűtés, hőszivattyú", "futes_kategoria": null, "has_tavfutes": 0, "has_konvektor": 0, "has_megujulo": 1, "has_garazs_vagy_beallo": 0, "energetikai_tanusitvany": "A", "butorozott": null, "koltozheto": null, "min_berleti_ido": null, "kertkapcsolatos": "nem", "kozos_koltseg_huf": null, "rezsikoltseg_huf": null, "hirdeto_tipus": "Ingatlaniroda", "iroda_neve": null, "leiras_hossz": 701.0, "fenykepek_szama": 4.0, "geokodolas_modszere": null, "geokodolas_pontossag": null, "price_eur": null, "nm_ar_eur": null, "kozos_koltseg_eur": null, "rezsikoltseg_eur": null, "kaucio_eur": null, "tavolsag_metro_halozati_m": null, "metro_5p_seta": 0, "metro_10p_seta": 0, "metro_15p_seta": 0, "tavolsag_villamos_halozati_m": 417.0, "villamos_5p_seta": 0, "villamos_10p_seta": 1, "villamos_15p_seta": 1, "tavolsag_busz_halozati_m": 233.1, "busz_5p_seta": 1, "busz_10p_seta": 1, "tavolsag_kotottpalya_halozati_m": 417.0, "kotottpalya_5p_seta": 0, "kotottpalya_10p_seta": 1, "kotottpalya_15p_seta": 1, "tavolsag_park_halozati_m": 543.6, "park_5p_seta": 0, "park_10p_seta": 1, "park_15p_seta": 1, "poi_5p_count": 3.0, "poi_10p_count": 23.0, "poi_15p_count": 66.0, "tavolsag_iskola_halozati_m": 946.7, "iskola_5p_seta": 0, "iskola_10p_seta": 0, "iskola_15p_seta": 1, "tavolsag_ovoda_halozati_m": 425.7, "ovoda_5p_seta": 0, "ovoda_10p_seta": 1, "ovoda_15p_seta": 1, "tavolsag_bolt_halozati_m": 509.2, "bolt_5p_seta": 0, "bolt_10p_seta": 1, "bolt_15p_seta": 1, "tavolsag_gyogyszertar_halozati_m": 377.8, "gyogyszertar_5p_seta": 0, "gyogyszertar_10p_seta": 1, "gyogyszertar_15p_seta": 1, "tavolsag_orvos_halozati_m": null, "orvos_5p_seta": 0, "orvos_10p_seta": 0, "orvos_15p_seta": 0, "legkozelebbi_vasut": "Kőbánya felső", "legkozelebbi_metro": "", "legkozelebbi_villamos": "Szent László Gimnázium", "legkozelebbi_busz": "Szent László Gimnázium", "legkozelebbi_park": "Rottenbiller park", "legkozelebbi_kotottpalya_tipus": "villamos" }, "geometry": { "type": "Point", "coordinates": [ 19.1401, 47.4872 ] } },
{ "type": "Feature", "properties": { "listing_id": "35462599", "listing_type": "elado", "cim_teljes": "Budapest X. kerület, Harmat utca 22.", "varosresz": "Óhegy", "price_huf": 75000000.0, "ar_millio_ft": 75.0, "ar_ezer_ft_ho": 75000.0, "nm_ar_huf": 1388888.888888889, "log_ar": 18.132998671500584, "log_nm_ar": 14.144014624936311, "is_ar_outlier": 0, "alapterulet_nm": 54.0, "korrigalt_alapterulet_nm": 59.84, "szobaszam_osszes": 2.0, "allapot_kod": 6, "is_felujitando": 0, "is_ujszeru_vagy_uj": 1, "is_panel": 0, "is_tegla": 1, "has_lift": 1, "has_klima": 1, "has_erkely": 1, "is_foldszint": 0, "is_zaroszint": 0, "epulet_kora_ev": 0.0, "geokodolt_lat": 47.4872, "geokodolt_lon": 19.1401, "minta_garantalt_pontos": 1, "tavolsag_vasut_m": 552.6, "vasut_zona": "500-1000 m", "is_vasut_immisszio_150m": 0, "tavolsag_vasut_halozati_m": 968.0, "menetido_vasut_gyalog_perc": 12.9, "vasut_5p_seta": 0, "vasut_10p_seta": 0, "vasut_15p_seta": 1, "url": "https://ingatlan.com/35462599", "title": "Eladó tégla lakás - Budapest X. kerület, Harmat utca 22. #35462599", "postal_code": "1104", "varos": "Budapest", "utca": "Harmat utca", "hazszam_vegleges": "22", "allapot": "új építésű", "ingatlan_altipus": "Tégla lakás", "epites_eve": 2028.0, "epites_eve_kategoria": "Új építésű (2025+)", "erkely_nm": 11.68, "szobaszam_egesz": 2.0, "szobaszam_fel": 0.0, "szobaszam_kategoria": "2 szoba", "atlagos_szobameret_nm": 27.0, "emelet": "4", "emelet_szam": 4.0, "epulet_szintjei_szam": 5.0, "is_magas_emelet_lift_nelkul": 0, "futes": "mennyezeti hűtés-fűtés, hőszivattyú", "futes_kategoria": null, "has_tavfutes": 0, "has_konvektor": 0, "has_megujulo": 1, "has_garazs_vagy_beallo": 0, "energetikai_tanusitvany": "A", "butorozott": null, "koltozheto": null, "min_berleti_ido": null, "kertkapcsolatos": "nem", "kozos_koltseg_huf": null, "rezsikoltseg_huf": null, "hirdeto_tipus": "Ingatlaniroda", "iroda_neve": null, "leiras_hossz": 701.0, "fenykepek_szama": 4.0, "geokodolas_modszere": null, "geokodolas_pontossag": null, "price_eur": null, "nm_ar_eur": null, "kozos_koltseg_eur": null, "rezsikoltseg_eur": null, "kaucio_eur": null, "tavolsag_metro_halozati_m": null, "metro_5p_seta": 0, "metro_10p_seta": 0, "metro_15p_seta": 0, "tavolsag_villamos_halozati_m": 417.0, "villamos_5p_seta": 0, "villamos_10p_seta": 1, "villamos_15p_seta": 1, "tavolsag_busz_halozati_m": 233.1, "busz_5p_seta": 1, "busz_10p_seta": 1, "tavolsag_kotottpalya_halozati_m": 417.0, "kotottpalya_5p_seta": 0, "kotottpalya_10p_seta": 1, "kotottpalya_15p_seta": 1, "tavolsag_park_halozati_m": 543.6, "park_5p_seta": 0, "park_10p_seta": 1, "park_15p_seta": 1, "poi_5p_count": 3.0, "poi_10p_count": 23.0, "poi_15p_count": 66.0, "tavolsag_iskola_halozati_m": 946.7, "iskola_5p_seta": 0, "iskola_10p_seta": 0, "iskola_15p_seta": 1, "tavolsag_ovoda_halozati_m": 425.7, "ovoda_5p_seta": 0, "ovoda_10p_seta": 1, "ovoda_15p_seta": 1, "tavolsag_bolt_halozati_m": 509.2, "bolt_5p_seta": 0, "bolt_10p_seta": 1, "bolt_15p_seta": 1, "tavolsag_gyogyszertar_halozati_m": 377.8, "gyogyszertar_5p_seta": 0, "gyogyszertar_10p_seta": 1, "gyogyszertar_15p_seta": 1, "tavolsag_orvos_halozati_m": null, "orvos_5p_seta": 0, "orvos_10p_seta": 0, "orvos_15p_seta": 0, "legkozelebbi_vasut": "Kőbánya felső", "legkozelebbi_metro": "", "legkozelebbi_villamos": "Szent László Gimnázium", "legkozelebbi_busz": "Szent László Gimnázium", "legkozelebbi_park": "Rottenbiller park", "legkozelebbi_kotottpalya_tipus": "villamos" }, "geometry": { "type": "Point", "coordinates": [ 19.1401, 47.4872 ] } },
{ "type": "Feature", "properties": { "listing_id": "35462605", "listing_type": "elado", "cim_teljes": "Budapest X. kerület, Harmat utca 22.", "varosresz": "Óhegy", "price_huf": 84720000.0, "ar_millio_ft": 84.72, "ar_ezer_ft_ho": 84720.0, "nm_ar_huf": 1366451.6129032257, "log_ar": 18.254862259257425, "log_nm_ar": 14.127727874212333, "is_ar_outlier": 0, "alapterulet_nm": 62.0, "korrigalt_alapterulet_nm": 67.45, "szobaszam_osszes": 3.0, "allapot_kod": 6, "is_felujitando": 0, "is_ujszeru_vagy_uj": 1, "is_panel": 0, "is_tegla": 1, "has_lift": 1, "has_klima": 1, "has_erkely": 1, "is_foldszint": 0, "is_zaroszint": 0, "epulet_kora_ev": 0.0, "geokodolt_lat": 47.4872, "geokodolt_lon": 19.1401, "minta_garantalt_pontos": 1, "tavolsag_vasut_m": 552.6, "vasut_zona": "500-1000 m", "is_vasut_immisszio_150m": 0, "tavolsag_vasut_halozati_m": 968.0, "menetido_vasut_gyalog_perc": 12.9, "vasut_5p_seta": 0, "vasut_10p_seta": 0, "vasut_15p_seta": 1, "url": "https://ingatlan.com/35462605", "title": "Eladó tégla lakás - Budapest X. kerület, Harmat utca 22. #35462605", "postal_code": "1104", "varos": "Budapest", "utca": "Harmat utca", "hazszam_vegleges": "22", "allapot": "új építésű", "ingatlan_altipus": "Tégla lakás", "epites_eve": 2028.0, "epites_eve_kategoria": "Új építésű (2025+)", "erkely_nm": 10.9, "szobaszam_egesz": 3.0, "szobaszam_fel": 0.0, "szobaszam_kategoria": "3 szoba", "atlagos_szobameret_nm": 20.666666666666668, "emelet": "4", "emelet_szam": 4.0, "epulet_szintjei_szam": 5.0, "is_magas_emelet_lift_nelkul": 0, "futes": "mennyezeti hűtés-fűtés, hőszivattyú", "futes_kategoria": null, "has_tavfutes": 0, "has_konvektor": 0, "has_megujulo": 1, "has_garazs_vagy_beallo": 0, "energetikai_tanusitvany": "A", "butorozott": null, "koltozheto": null, "min_berleti_ido": null, "kertkapcsolatos": "nem", "kozos_koltseg_huf": null, "rezsikoltseg_huf": null, "hirdeto_tipus": "Ingatlaniroda", "iroda_neve": null, "leiras_hossz": 701.0, "fenykepek_szama": 4.0, "geokodolas_modszere": null, "geokodolas_pontossag": null, "price_eur": null, "nm_ar_eur": null, "kozos_koltseg_eur": null, "rezsikoltseg_eur": null, "kaucio_eur": null, "tavolsag_metro_halozati_m": null, "metro_5p_seta": 0, "metro_10p_seta": 0, "metro_15p_seta": 0, "tavolsag_villamos_halozati_m": 417.0, "villamos_5p_seta": 0, "villamos_10p_seta": 1, "villamos_15p_seta": 1, "tavolsag_busz_halozati_m": 233.1, "busz_5p_seta": 1, "busz_10p_seta": 1, "tavolsag_kotottpalya_halozati_m": 417.0, "kotottpalya_5p_seta": 0, "kotottpalya_10p_seta": 1, "kotottpalya_15p_seta": 1, "tavolsag_park_halozati_m": 543.6, "park_5p_seta": 0, "park_10p_seta": 1, "park_15p_seta": 1, "poi_5p_count": 3.0, "poi_10p_count": 23.0, "poi_15p_count": 66.0, "tavolsag_iskola_halozati_m": 946.7, "iskola_5p_seta": 0, "iskola_10p_seta": 0, "iskola_15p_seta": 1, "tavolsag_ovoda_halozati_m": 425.7, "ovoda_5p_seta": 0, "ovoda_10p_seta": 1, "ovoda_15p_seta": 1, "tavolsag_bolt_halozati_m": 509.2, "bolt_5p_seta": 0, "bolt_10p_seta": 1, "bolt_15p_seta": 1, "tavolsag_gyogyszertar_halozati_m": 377.8, "gyogyszertar_5p_seta": 0, "gyogyszertar_10p_seta": 1, "gyogyszertar_15p_seta": 1, "tavolsag_orvos_halozati_m": null, "orvos_5p_seta": 0, "orvos_10p_seta": 0, "orvos_15p_seta": 0, "legkozelebbi_vasut": "Kőbánya felső", "legkozelebbi_metro": "", "legkozelebbi_villamos": "Szent László Gimnázium", "legkozelebbi_busz": "Szent László Gimnázium", "legkozelebbi_park": "Rottenbiller park", "legkozelebbi_kotottpalya_tipus": "villamos" }, "geometry": { "type": "Point", "coordinates": [ 19.1401, 47.4872 ] } },
{ "type": "Feature", "properties": { "listing_id": "35462612", "listing_type": "elado", "cim_teljes": "Budapest X. kerület, Harmat utca 22.", "varosresz": "Óhegy", "price_huf": 71220000.0, "ar_millio_ft": 71.22, "ar_ezer_ft_ho": 71220.0, "nm_ar_huf": 1343773.5849056605, "log_ar": 18.081284235813907, "log_nm_ar": 14.110992322261785, "is_ar_outlier": 0, "alapterulet_nm": 53.0, "korrigalt_alapterulet_nm": 53.0, "szobaszam_osszes": 2.0, "allapot_kod": 6, "is_felujitando": 0, "is_ujszeru_vagy_uj": 1, "is_panel": 0, "is_tegla": 1, "has_lift": 1, "has_klima": 1, "has_erkely": 0, "is_foldszint": 1, "is_zaroszint": 0, "epulet_kora_ev": 0.0, "geokodolt_lat": 47.4872, "geokodolt_lon": 19.1401, "minta_garantalt_pontos": 1, "tavolsag_vasut_m": 552.6, "vasut_zona": "500-1000 m", "is_vasut_immisszio_150m": 0, "tavolsag_vasut_halozati_m": 968.0, "menetido_vasut_gyalog_perc": 12.9, "vasut_5p_seta": 0, "vasut_10p_seta": 0, "vasut_15p_seta": 1, "url": "https://ingatlan.com/35462612", "title": "Eladó tégla lakás - Budapest X. kerület, Harmat utca 22. #35462612", "postal_code": "1104", "varos": "Budapest", "utca": "Harmat utca", "hazszam_vegleges": "22", "allapot": "új építésű", "ingatlan_altipus": "Tégla lakás", "epites_eve": 2028.0, "epites_eve_kategoria": "Új építésű (2025+)", "erkely_nm": 0.0, "szobaszam_egesz": 2.0, "szobaszam_fel": 0.0, "szobaszam_kategoria": "2 szoba", "atlagos_szobameret_nm": 26.5, "emelet": "földszint", "emelet_szam": 0.0, "epulet_szintjei_szam": 5.0, "is_magas_emelet_lift_nelkul": 0, "futes": "mennyezeti hűtés-fűtés, hőszivattyú", "futes_kategoria": null, "has_tavfutes": 0, "has_konvektor": 0, "has_megujulo": 1, "has_garazs_vagy_beallo": 0, "energetikai_tanusitvany": "A", "butorozott": null, "koltozheto": null, "min_berleti_ido": null, "kertkapcsolatos": "igen", "kozos_koltseg_huf": null, "rezsikoltseg_huf": null, "hirdeto_tipus": "Ingatlaniroda", "iroda_neve": null, "leiras_hossz": 701.0, "fenykepek_szama": 4.0, "geokodolas_modszere": null, "geokodolas_pontossag": null, "price_eur": null, "nm_ar_eur": null, "kozos_koltseg_eur": null, "rezsikoltseg_eur": null, "kaucio_eur": null, "tavolsag_metro_halozati_m": null, "metro_5p_seta": 0, "metro_10p_seta": 0, "metro_15p_seta": 0, "tavolsag_villamos_halozati_m": 417.0, "villamos_5p_seta": 0, "villamos_10p_seta": 1, "villamos_15p_seta": 1, "tavolsag_busz_halozati_m": 233.1, "busz_5p_seta": 1, "busz_10p_seta": 1, "tavolsag_kotottpalya_halozati_m": 417.0, "kotottpalya_5p_seta": 0, "kotottpalya_10p_seta": 1, "kotottpalya_15p_seta": 1, "tavolsag_park_halozati_m": 543.6, "park_5p_seta": 0, "park_10p_seta": 1, "park_15p_seta": 1, "poi_5p_count": 3.0, "poi_10p_count": 23.0, "poi_15p_count": 66.0, "tavolsag_iskola_halozati_m": 946.7, "iskola_5p_seta": 0, "iskola_10p_seta": 0, "iskola_15p_seta": 1, "tavolsag_ovoda_halozati_m": 425.7, "ovoda_5p_seta": 0, "ovoda_10p_seta": 1, "ovoda_15p_seta": 1, "tavolsag_bolt_halozati_m": 509.2, "bolt_5p_seta": 0, "bolt_10p_seta": 1, "bolt_15p_seta": 1, "tavolsag_gyogyszertar_halozati_m": 377.8, "gyogyszertar_5p_seta": 0, "gyogyszertar_10p_seta": 1, "gyogyszertar_15p_seta": 1, "tavolsag_orvos_halozati_m": null, "orvos_5p_seta": 0, "orvos_10p_seta": 0, "orvos_15p_seta": 0, "legkozelebbi_vasut": "Kőbánya felső", "legkozelebbi_metro": "", "legkozelebbi_villamos": "Szent László Gimnázium", "legkozelebbi_busz": "Szent László Gimnázium", "legkozelebbi_park": "Rottenbiller park", "legkozelebbi_kotottpalya_tipus": "villamos" }, "geometry": { "type": "Point", "coordinates": [ 19.1401, 47.4872 ] } },
{ "type": "Feature", "properties": { "listing_id": "35462616", "listing_type": "elado", "cim_teljes": "Budapest X. kerület, Harmat utca 22.", "varosresz": "Óhegy", "price_huf": 132030000.0, "ar_millio_ft": 132.03, "ar_ezer_ft_ho": 132030.0, "nm_ar_huf": 1361134.0206185568, "log_ar": 18.698539727455383, "log_nm_ar": 14.123828748952, "is_ar_outlier": 0, "alapterulet_nm": 97.0, "korrigalt_alapterulet_nm": 100.3, "szobaszam_osszes": 4.0, "allapot_kod": 6, "is_felujitando": 0, "is_ujszeru_vagy_uj": 1, "is_panel": 0, "is_tegla": 1, "has_lift": 1, "has_klima": 1, "has_erkely": 1, "is_foldszint": 1, "is_zaroszint": 0, "epulet_kora_ev": 0.0, "geokodolt_lat": 47.4872, "geokodolt_lon": 19.1401, "minta_garantalt_pontos": 1, "tavolsag_vasut_m": 552.6, "vasut_zona": "500-1000 m", "is_vasut_immisszio_150m": 0, "tavolsag_vasut_halozati_m": 968.0, "menetido_vasut_gyalog_perc": 12.9, "vasut_5p_seta": 0, "vasut_10p_seta": 0, "vasut_15p_seta": 1, "url": "https://ingatlan.com/35462616", "title": "Eladó tégla lakás - Budapest X. kerület, Harmat utca 22. #35462616", "postal_code": "1104", "varos": "Budapest", "utca": "Harmat utca", "hazszam_vegleges": "22", "allapot": "új építésű", "ingatlan_altipus": "Tégla lakás", "epites_eve": 2028.0, "epites_eve_kategoria": "Új építésű (2025+)", "erkely_nm": 6.6, "szobaszam_egesz": 4.0, "szobaszam_fel": 0.0, "szobaszam_kategoria": "4+ szoba", "atlagos_szobameret_nm": 24.25, "emelet": "földszint", "emelet_szam": 0.0, "epulet_szintjei_szam": 5.0, "is_magas_emelet_lift_nelkul": 0, "futes": "mennyezeti hűtés-fűtés, hőszivattyú", "futes_kategoria": null, "has_tavfutes": 0, "has_konvektor": 0, "has_megujulo": 1, "has_garazs_vagy_beallo": 0, "energetikai_tanusitvany": "A", "butorozott": null, "koltozheto": null, "min_berleti_ido": null, "kertkapcsolatos": "igen", "kozos_koltseg_huf": null, "rezsikoltseg_huf": null, "hirdeto_tipus": "Ingatlaniroda", "iroda_neve": null, "leiras_hossz": 701.0, "fenykepek_szama": 4.0, "geokodolas_modszere": null, "geokodolas_pontossag": null, "price_eur": null, "nm_ar_eur": null, "kozos_koltseg_eur": null, "rezsikoltseg_eur": null, "kaucio_eur": null, "tavolsag_metro_halozati_m": null, "metro_5p_seta": 0, "metro_10p_seta": 0, "metro_15p_seta": 0, "tavolsag_villamos_halozati_m": 417.0, "villamos_5p_seta": 0, "villamos_10p_seta": 1, "villamos_15p_seta": 1, "tavolsag_busz_halozati_m": 233.1, "busz_5p_seta": 1, "busz_10p_seta": 1, "tavolsag_kotottpalya_halozati_m": 417.0, "kotottpalya_5p_seta": 0, "kotottpalya_10p_seta": 1, "kotottpalya_15p_seta": 1, "tavolsag_park_halozati_m": 543.6, "park_5p_seta": 0, "park_10p_seta": 1, "park_15p_seta": 1, "poi_5p_count": 3.0, "poi_10p_count": 23.0, "poi_15p_count": 66.0, "tavolsag_iskola_halozati_m": 946.7, "iskola_5p_seta": 0, "iskola_10p_seta": 0, "iskola_15p_seta": 1, "tavolsag_ovoda_halozati_m": 425.7, "ovoda_5p_seta": 0, "ovoda_10p_seta": 1, "ovoda_15p_seta": 1, "tavolsag_bolt_halozati_m": 509.2, "bolt_5p_seta": 0, "bolt_10p_seta": 1, "bolt_15p_seta": 1, "tavolsag_gyogyszertar_halozati_m": 377.8, "gyogyszertar_5p_seta": 0, "gyogyszertar_10p_seta": 1, "gyogyszertar_15p_seta": 1, "tavolsag_orvos_halozati_m": null, "orvos_5p_seta": 0, "orvos_10p_seta": 0, "orvos_15p_seta": 0, "legkozelebbi_vasut": "Kőbánya felső", "legkozelebbi_metro": "", "legkozelebbi_villamos": "Szent László Gimnázium", "legkozelebbi_busz": "Szent László Gimnázium", "legkozelebbi_park": "Rottenbiller park", "legkozelebbi_kotottpalya_tipus": "villamos" }, "geometry": { "type": "Point", "coordinates": [ 19.1401, 47.4872 ] } },
{ "type": "Feature", "properties": { "listing_id": "35462620", "listing_type": "elado", "cim_teljes": "Budapest X. kerület, Harmat utca 22.", "varosresz": "Óhegy", "price_huf": 99720000.0, "ar_millio_ft": 99.72, "ar_ezer_ft_ho": 99720.0, "nm_ar_huf": 1749473.6842105263, "log_ar": 18.417876816619632, "log_nm_ar": 14.374825548785081, "is_ar_outlier": 0, "alapterulet_nm": 57.0, "korrigalt_alapterulet_nm": 77.26, "szobaszam_osszes": 3.0, "allapot_kod": 6, "is_felujitando": 0, "is_ujszeru_vagy_uj": 1, "is_panel": 0, "is_tegla": 1, "has_lift": 1, "has_klima": 1, "has_erkely": 1, "is_foldszint": 0, "is_zaroszint": 0, "epulet_kora_ev": 0.0, "geokodolt_lat": 47.4872, "geokodolt_lon": 19.1401, "minta_garantalt_pontos": 1, "tavolsag_vasut_m": 552.6, "vasut_zona": "500-1000 m", "is_vasut_immisszio_150m": 0, "tavolsag_vasut_halozati_m": 968.0, "menetido_vasut_gyalog_perc": 12.9, "vasut_5p_seta": 0, "vasut_10p_seta": 0, "vasut_15p_seta": 1, "url": "https://ingatlan.com/35462620", "title": "Eladó tégla lakás - Budapest X. kerület, Harmat utca 22. #35462620", "postal_code": "1104", "varos": "Budapest", "utca": "Harmat utca", "hazszam_vegleges": "22", "allapot": "új építésű", "ingatlan_altipus": "Tégla lakás", "epites_eve": 2028.0, "epites_eve_kategoria": "Új építésű (2025+)", "erkely_nm": 40.52, "szobaszam_egesz": 3.0, "szobaszam_fel": 0.0, "szobaszam_kategoria": "3 szoba", "atlagos_szobameret_nm": 19.0, "emelet": "3", "emelet_szam": 3.0, "epulet_szintjei_szam": 5.0, "is_magas_emelet_lift_nelkul": 0, "futes": "mennyezeti hűtés-fűtés, hőszivattyú", "futes_kategoria": null, "has_tavfutes": 0, "has_konvektor": 0, "has_megujulo": 1, "has_garazs_vagy_beallo": 0, "energetikai_tanusitvany": "A", "butorozott": null, "koltozheto": null, "min_berleti_ido": null, "kertkapcsolatos": "nem", "kozos_koltseg_huf": null, "rezsikoltseg_huf": null, "hirdeto_tipus": "Ingatlaniroda", "iroda_neve": null, "leiras_hossz": 701.0, "fenykepek_szama": 4.0, "geokodolas_modszere": null, "geokodolas_pontossag": null, "price_eur": null, "nm_ar_eur": null, "kozos_koltseg_eur": null, "rezsikoltseg_eur": null, "kaucio_eur": null, "tavolsag_metro_halozati_m": null, "metro_5p_seta": 0, "metro_10p_seta": 0, "metro_15p_seta": 0, "tavolsag_villamos_halozati_m": 417.0, "villamos_5p_seta": 0, "villamos_10p_seta": 1, "villamos_15p_seta": 1, "tavolsag_busz_halozati_m": 233.1, "busz_5p_seta": 1, "busz_10p_seta": 1, "tavolsag_kotottpalya_halozati_m": 417.0, "kotottpalya_5p_seta": 0, "kotottpalya_10p_seta": 1, "kotottpalya_15p_seta": 1, "tavolsag_park_halozati_m": 543.6, "park_5p_seta": 0, "park_10p_seta": 1, "park_15p_seta": 1, "poi_5p_count": 3.0, "poi_10p_count": 23.0, "poi_15p_count": 66.0, "tavolsag_iskola_halozati_m": 946.7, "iskola_5p_seta": 0, "iskola_10p_seta": 0, "iskola_15p_seta": 1, "tavolsag_ovoda_halozati_m": 425.7, "ovoda_5p_seta": 0, "ovoda_10p_seta": 1, "ovoda_15p_seta": 1, "tavolsag_bolt_halozati_m": 509.2, "bolt_5p_seta": 0, "bolt_10p_seta": 1, "bolt_15p_seta": 1, "tavolsag_gyogyszertar_halozati_m": 377.8, "gyogyszertar_5p_seta": 0, "gyogyszertar_10p_seta": 1, "gyogyszertar_15p_seta": 1, "tavolsag_orvos_halozati_m": null, "orvos_5p_seta": 0, "orvos_10p_seta": 0, "orvos_15p_seta": 0, "legkozelebbi_vasut": "Kőbánya felső", "legkozelebbi_metro": "", "legkozelebbi_villamos": "Szent László Gimnázium", "legkozelebbi_busz": "Szent László Gimnázium", "legkozelebbi_park": "Rottenbiller park", "legkozelebbi_kotottpalya_tipus": "villamos" }, "geometry": { "type": "Point", "coordinates": [ 19.1401, 47.4872 ] } },
{ "type": "Feature", "properties": { "listing_id": "35462625", "listing_type": "elado", "cim_teljes": "Budapest X. kerület, Harmat utca 22.", "varosresz": "Óhegy", "price_huf": 139650000.0, "ar_millio_ft": 139.65, "ar_ezer_ft_ho": 139650.0, "nm_ar_huf": 1454687.5, "log_ar": 18.75464985035546, "log_nm_ar": 14.190301658887623, "is_ar_outlier": 0, "alapterulet_nm": 96.0, "korrigalt_alapterulet_nm": 111.535, "szobaszam_osszes": 4.0, "allapot_kod": 6, "is_felujitando": 0, "is_ujszeru_vagy_uj": 1, "is_panel": 0, "is_tegla": 1, "has_lift": 1, "has_klima": 1, "has_erkely": 1, "is_foldszint": 0, "is_zaroszint": 0, "epulet_kora_ev": 0.0, "geokodolt_lat": 47.4872, "geokodolt_lon": 19.1401, "minta_garantalt_pontos": 1, "tavolsag_vasut_m": 552.6, "vasut_zona": "500-1000 m", "is_vasut_immisszio_150m": 0, "tavolsag_vasut_halozati_m": 968.0, "menetido_vasut_gyalog_perc": 12.9, "vasut_5p_seta": 0, "vasut_10p_seta": 0, "vasut_15p_seta": 1, "url": "https://ingatlan.com/35462625", "title": "Eladó tégla lakás - Budapest X. kerület, Harmat utca 22. #35462625", "postal_code": "1104", "varos": "Budapest", "utca": "Harmat utca", "hazszam_vegleges": "22", "allapot": "új építésű", "ingatlan_altipus": "Tégla lakás", "epites_eve": 2028.0, "epites_eve_kategoria": "Új építésű (2025+)", "erkely_nm": 31.07, "szobaszam_egesz": 4.0, "szobaszam_fel": 0.0, "szobaszam_kategoria": "4+ szoba", "atlagos_szobameret_nm": 24.0, "emelet": "3", "emelet_szam": 3.0, "epulet_szintjei_szam": 5.0, "is_magas_emelet_lift_nelkul": 0, "futes": "mennyezeti hűtés-fűtés, hőszivattyú", "futes_kategoria": null, "has_tavfutes": 0, "has_konvektor": 0, "has_megujulo": 1, "has_garazs_vagy_beallo": 0, "energetikai_tanusitvany": "A", "butorozott": null, "koltozheto": null, "min_berleti_ido": null, "kertkapcsolatos": "nem", "kozos_koltseg_huf": null, "rezsikoltseg_huf": null, "hirdeto_tipus": "Ingatlaniroda", "iroda_neve": null, "leiras_hossz": 701.0, "fenykepek_szama": 4.0, "geokodolas_modszere": null, "geokodolas_pontossag": null, "price_eur": null, "nm_ar_eur": null, "kozos_koltseg_eur": null, "rezsikoltseg_eur": null, "kaucio_eur": null, "tavolsag_metro_halozati_m": null, "metro_5p_seta": 0, "metro_10p_seta": 0, "metro_15p_seta": 0, "tavolsag_villamos_halozati_m": 417.0, "villamos_5p_seta": 0, "villamos_10p_seta": 1, "villamos_15p_seta": 1, "tavolsag_busz_halozati_m": 233.1, "busz_5p_seta": 1, "busz_10p_seta": 1, "tavolsag_kotottpalya_halozati_m": 417.0, "kotottpalya_5p_seta": 0, "kotottpalya_10p_seta": 1, "kotottpalya_15p_seta": 1, "tavolsag_park_halozati_m": 543.6, "park_5p_seta": 0, "park_10p_seta": 1, "park_15p_seta": 1, "poi_5p_count": 3.0, "poi_10p_count": 23.0, "poi_15p_count": 66.0, "tavolsag_iskola_halozati_m": 946.7, "iskola_5p_seta": 0, "iskola_10p_seta": 0, "iskola_15p_seta": 1, "tavolsag_ovoda_halozati_m": 425.7, "ovoda_5p_seta": 0, "ovoda_10p_seta": 1, "ovoda_15p_seta": 1, "tavolsag_bolt_halozati_m": 509.2, "bolt_5p_seta": 0, "bolt_10p_seta": 1, "bolt_15p_seta": 1, "tavolsag_gyogyszertar_halozati_m": 377.8, "gyogyszertar_5p_seta": 0, "gyogyszertar_10p_seta": 1, "gyogyszertar_15p_seta": 1, "tavolsag_orvos_halozati_m": null, "orvos_5p_seta": 0, "orvos_10p_seta": 0, "orvos_15p_seta": 0, "legkozelebbi_vasut": "Kőbánya felső", "legkozelebbi_metro": "", "legkozelebbi_villamos": "Szent László Gimnázium", "legkozelebbi_busz": "Szent László Gimnázium", "legkozelebbi_park": "Rottenbiller park", "legkozelebbi_kotottpalya_tipus": "villamos" }, "geometry": { "type": "Point", "coordinates": [ 19.1401, 47.4872 ] } },
{ "type": "Feature", "properties": { "listing_id": "35462628", "listing_type": "elado", "cim_teljes": "Budapest X. kerület, Harmat utca 22.", "varosresz": "Óhegy", "price_huf": 112030000.0, "ar_millio_ft": 112.03, "ar_ezer_ft_ho": 112030.0, "nm_ar_huf": 1474078.9473684211, "log_ar": 18.534277250534906, "log_nm_ar": 14.203543910248575, "is_ar_outlier": 0, "alapterulet_nm": 76.0, "korrigalt_alapterulet_nm": 79.555, "szobaszam_osszes": 4.0, "allapot_kod": 6, "is_felujitando": 0, "is_ujszeru_vagy_uj": 1, "is_panel": 0, "is_tegla": 1, "has_lift": 1, "has_klima": 1, "has_erkely": 1, "is_foldszint": 1, "is_zaroszint": 0, "epulet_kora_ev": 0.0, "geokodolt_lat": 47.4872, "geokodolt_lon": 19.1401, "minta_garantalt_pontos": 1, "tavolsag_vasut_m": 552.6, "vasut_zona": "500-1000 m", "is_vasut_immisszio_150m": 0, "tavolsag_vasut_halozati_m": 968.0, "menetido_vasut_gyalog_perc": 12.9, "vasut_5p_seta": 0, "vasut_10p_seta": 0, "vasut_15p_seta": 1, "url": "https://ingatlan.com/35462628", "title": "Eladó tégla lakás - Budapest X. kerület, Harmat utca 22. #35462628", "postal_code": "1104", "varos": "Budapest", "utca": "Harmat utca", "hazszam_vegleges": "22", "allapot": "új építésű", "ingatlan_altipus": "Tégla lakás", "epites_eve": 2028.0, "epites_eve_kategoria": "Új építésű (2025+)", "erkely_nm": 7.11, "szobaszam_egesz": 4.0, "szobaszam_fel": 0.0, "szobaszam_kategoria": "4+ szoba", "atlagos_szobameret_nm": 19.0, "emelet": "földszint", "emelet_szam": 0.0, "epulet_szintjei_szam": 5.0, "is_magas_emelet_lift_nelkul": 0, "futes": "mennyezeti hűtés-fűtés, hőszivattyú", "futes_kategoria": null, "has_tavfutes": 0, "has_konvektor": 0, "has_megujulo": 1, "has_garazs_vagy_beallo": 0, "energetikai_tanusitvany": "A", "butorozott": null, "koltozheto": null, "min_berleti_ido": null, "kertkapcsolatos": "igen", "kozos_koltseg_huf": null, "rezsikoltseg_huf": null, "hirdeto_tipus": "Ingatlaniroda", "iroda_neve": null, "leiras_hossz": 701.0, "fenykepek_szama": 4.0, "geokodolas_modszere": null, "geokodolas_pontossag": null, "price_eur": null, "nm_ar_eur": null, "kozos_koltseg_eur": null, "rezsikoltseg_eur": null, "kaucio_eur": null, "tavolsag_metro_halozati_m": null, "metro_5p_seta": 0, "metro_10p_seta": 0, "metro_15p_seta": 0, "tavolsag_villamos_halozati_m": 417.0, "villamos_5p_seta": 0, "villamos_10p_seta": 1, "villamos_15p_seta": 1, "tavolsag_busz_halozati_m": 233.1, "busz_5p_seta": 1, "busz_10p_seta": 1, "tavolsag_kotottpalya_halozati_m": 417.0, "kotottpalya_5p_seta": 0, "kotottpalya_10p_seta": 1, "kotottpalya_15p_seta": 1, "tavolsag_park_halozati_m": 543.6, "park_5p_seta": 0, "park_10p_seta": 1, "park_15p_seta": 1, "poi_5p_count": 3.0, "poi_10p_count": 23.0, "poi_15p_count": 66.0, "tavolsag_iskola_halozati_m": 946.7, "iskola_5p_seta": 0, "iskola_10p_seta": 0, "iskola_15p_seta": 1, "tavolsag_ovoda_halozati_m": 425.7, "ovoda_5p_seta": 0, "ovoda_10p_seta": 1, "ovoda_15p_seta": 1, "tavolsag_bolt_halozati_m": 509.2, "bolt_5p_seta": 0, "bolt_10p_seta": 1, "bolt_15p_seta": 1, "tavolsag_gyogyszertar_halozati_m": 377.8, "gyogyszertar_5p_seta": 0, "gyogyszertar_10p_seta": 1, "gyogyszertar_15p_seta": 1, "tavolsag_orvos_halozati_m": null, "orvos_5p_seta": 0, "orvos_10p_seta": 0, "orvos_15p_seta": 0, "legkozelebbi_vasut": "Kőbánya felső", "legkozelebbi_metro": "", "legkozelebbi_villamos": "Szent László Gimnázium", "legkozelebbi_busz": "Szent László Gimnázium", "legkozelebbi_park": "Rottenbiller park", "legkozelebbi_kotottpalya_tipus": "villamos" }, "geometry": { "type": "Point", "coordinates": [ 19.1401, 47.4872 ] } },
{ "type": "Feature", "properties": { "listing_id": "35462630", "listing_type": "elado", "cim_teljes": "Budapest X. kerület, Harmat utca 22.", "varosresz": "Óhegy", "price_huf": 110330000.0, "ar_millio_ft": 110.33, "ar_ezer_ft_ho": 110330.0, "nm_ar_huf": 1451710.5263157894, "log_ar": 18.51898643273649, "log_nm_ar": 14.188253092450157, "is_ar_outlier": 0, "alapterulet_nm": 76.0, "korrigalt_alapterulet_nm": 87.43, "szobaszam_osszes": 4.0, "allapot_kod": 6, "is_felujitando": 0, "is_ujszeru_vagy_uj": 1, "is_panel": 0, "is_tegla": 1, "has_lift": 1, "has_klima": 1, "has_erkely": 1, "is_foldszint": 0, "is_zaroszint": 0, "epulet_kora_ev": 0.0, "geokodolt_lat": 47.4872, "geokodolt_lon": 19.1401, "minta_garantalt_pontos": 1, "tavolsag_vasut_m": 552.6, "vasut_zona": "500-1000 m", "is_vasut_immisszio_150m": 0, "tavolsag_vasut_halozati_m": 968.0, "menetido_vasut_gyalog_perc": 12.9, "vasut_5p_seta": 0, "vasut_10p_seta": 0, "vasut_15p_seta": 1, "url": "https://ingatlan.com/35462630", "title": "Eladó tégla lakás - Budapest X. kerület, Harmat utca 22. #35462630", "postal_code": "1104", "varos": "Budapest", "utca": "Harmat utca", "hazszam_vegleges": "22", "allapot": "új építésű", "ingatlan_altipus": "Tégla lakás", "epites_eve": 2028.0, "epites_eve_kategoria": "Új építésű (2025+)", "erkely_nm": 22.86, "szobaszam_egesz": 4.0, "szobaszam_fel": 0.0, "szobaszam_kategoria": "4+ szoba", "atlagos_szobameret_nm": 19.0, "emelet": "2", "emelet_szam": 2.0, "epulet_szintjei_szam": 5.0, "is_magas_emelet_lift_nelkul": 0, "futes": "mennyezeti hűtés-fűtés, hőszivattyú", "futes_kategoria": null, "has_tavfutes": 0, "has_konvektor": 0, "has_megujulo": 1, "has_garazs_vagy_beallo": 0, "energetikai_tanusitvany": "A", "butorozott": null, "koltozheto": null, "min_berleti_ido": null, "kertkapcsolatos": "nem", "kozos_koltseg_huf": null, "rezsikoltseg_huf": null, "hirdeto_tipus": "Ingatlaniroda", "iroda_neve": null, "leiras_hossz": 701.0, "fenykepek_szama": 4.0, "geokodolas_modszere": null, "geokodolas_pontossag": null, "price_eur": null, "nm_ar_eur": null, "kozos_koltseg_eur": null, "rezsikoltseg_eur": null, "kaucio_eur": null, "tavolsag_metro_halozati_m": null, "metro_5p_seta": 0, "metro_10p_seta": 0, "metro_15p_seta": 0, "tavolsag_villamos_halozati_m": 417.0, "villamos_5p_seta": 0, "villamos_10p_seta": 1, "villamos_15p_seta": 1, "tavolsag_busz_halozati_m": 233.1, "busz_5p_seta": 1, "busz_10p_seta": 1, "tavolsag_kotottpalya_halozati_m": 417.0, "kotottpalya_5p_seta": 0, "kotottpalya_10p_seta": 1, "kotottpalya_15p_seta": 1, "tavolsag_park_halozati_m": 543.6, "park_5p_seta": 0, "park_10p_seta": 1, "park_15p_seta": 1, "poi_5p_count": 3.0, "poi_10p_count": 23.0, "poi_15p_count": 66.0, "tavolsag_iskola_halozati_m": 946.7, "iskola_5p_seta": 0, "iskola_10p_seta": 0, "iskola_15p_seta": 1, "tavolsag_ovoda_halozati_m": 425.7, "ovoda_5p_seta": 0, "ovoda_10p_seta": 1, "ovoda_15p_seta": 1, "tavolsag_bolt_halozati_m": 509.2, "bolt_5p_seta": 0, "bolt_10p_seta": 1, "bolt_15p_seta": 1, "tavolsag_gyogyszertar_halozati_m": 377.8, "gyogyszertar_5p_seta": 0, "gyogyszertar_10p_seta": 1, "gyogyszertar_15p_seta": 1, "tavolsag_orvos_halozati_m": null, "orvos_5p_seta": 0, "orvos_10p_seta": 0, "orvos_15p_seta": 0, "legkozelebbi_vasut": "Kőbánya felső", "legkozelebbi_metro": "", "legkozelebbi_villamos": "Szent László Gimnázium", "legkozelebbi_busz": "Szent László Gimnázium", "legkozelebbi_park": "Rottenbiller park", "legkozelebbi_kotottpalya_tipus": "villamos" }, "geometry": { "type": "Point", "coordinates": [ 19.1401, 47.4872 ] } },
{ "type": "Feature", "properties": { "listing_id": "35462633", "listing_type": "elado", "cim_teljes": "Budapest X. kerület, Harmat utca 22.", "varosresz": "Óhegy", "price_huf": 89920000.0, "ar_millio_ft": 89.92, "ar_ezer_ft_ho": 89920.0, "nm_ar_huf": 1405000.0, "log_ar": 18.314430944109656, "log_nm_ar": 14.155547860749984, "is_ar_outlier": 0, "alapterulet_nm": 64.0, "korrigalt_alapterulet_nm": 70.105, "szobaszam_osszes": 3.0, "allapot_kod": 6, "is_felujitando": 0, "is_ujszeru_vagy_uj": 1, "is_panel": 0, "is_tegla": 1, "has_lift": 1, "has_klima": 1, "has_erkely": 1, "is_foldszint": 0, "is_zaroszint": 0, "epulet_kora_ev": 0.0, "geokodolt_lat": 47.4872, "geokodolt_lon": 19.1401, "minta_garantalt_pontos": 1, "tavolsag_vasut_m": 552.6, "vasut_zona": "500-1000 m", "is_vasut_immisszio_150m": 0, "tavolsag_vasut_halozati_m": 968.0, "menetido_vasut_gyalog_perc": 12.9, "vasut_5p_seta": 0, "vasut_10p_seta": 0, "vasut_15p_seta": 1, "url": "https://ingatlan.com/35462633", "title": "Eladó tégla lakás - Budapest X. kerület, Harmat utca 22. #35462633", "postal_code": "1104", "varos": "Budapest", "utca": "Harmat utca", "hazszam_vegleges": "22", "allapot": "új építésű", "ingatlan_altipus": "Tégla lakás", "epites_eve": 2028.0, "epites_eve_kategoria": "Új építésű (2025+)", "erkely_nm": 12.21, "szobaszam_egesz": 3.0, "szobaszam_fel": 0.0, "szobaszam_kategoria": "3 szoba", "atlagos_szobameret_nm": 21.333333333333332, "emelet": "2", "emelet_szam": 2.0, "epulet_szintjei_szam": 5.0, "is_magas_emelet_lift_nelkul": 0, "futes": "mennyezeti hűtés-fűtés, hőszivattyú", "futes_kategoria": null, "has_tavfutes": 0, "has_konvektor": 0, "has_megujulo": 1, "has_garazs_vagy_beallo": 0, "energetikai_tanusitvany": "A", "butorozott": null, "koltozheto": null, "min_berleti_ido": null, "kertkapcsolatos": "nem", "kozos_koltseg_huf": null, "rezsikoltseg_huf": null, "hirdeto_tipus": "Ingatlaniroda", "iroda_neve": null, "leiras_hossz": 701.0, "fenykepek_szama": 4.0, "geokodolas_modszere": null, "geokodolas_pontossag": null, "price_eur": null, "nm_ar_eur": null, "kozos_koltseg_eur": null, "rezsikoltseg_eur": null, "kaucio_eur": null, "tavolsag_metro_halozati_m": null, "metro_5p_seta": 0, "metro_10p_seta": 0, "metro_15p_seta": 0, "tavolsag_villamos_halozati_m": 417.0, "villamos_5p_seta": 0, "villamos_10p_seta": 1, "villamos_15p_seta": 1, "tavolsag_busz_halozati_m": 233.1, "busz_5p_seta": 1, "busz_10p_seta": 1, "tavolsag_kotottpalya_halozati_m": 417.0, "kotottpalya_5p_seta": 0, "kotottpalya_10p_seta": 1, "kotottpalya_15p_seta": 1, "tavolsag_park_halozati_m": 543.6, "park_5p_seta": 0, "park_10p_seta": 1, "park_15p_seta": 1, "poi_5p_count": 3.0, "poi_10p_count": 23.0, "poi_15p_count": 66.0, "tavolsag_iskola_halozati_m": 946.7, "iskola_5p_seta": 0, "iskola_10p_seta": 0, "iskola_15p_seta": 1, "tavolsag_ovoda_halozati_m": 425.7, "ovoda_5p_seta": 0, "ovoda_10p_seta": 1, "ovoda_15p_seta": 1, "tavolsag_bolt_halozati_m": 509.2, "bolt_5p_seta": 0, "bolt_10p_seta": 1, "bolt_15p_seta": 1, "tavolsag_gyogyszertar_halozati_m": 377.8, "gyogyszertar_5p_seta": 0, "gyogyszertar_10p_seta": 1, "gyogyszertar_15p_seta": 1, "tavolsag_orvos_halozati_m": null, "orvos_5p_seta": 0, "orvos_10p_seta": 0, "orvos_15p_seta": 0, "legkozelebbi_vasut": "Kőbánya felső", "legkozelebbi_metro": "", "legkozelebbi_villamos": "Szent László Gimnázium", "legkozelebbi_busz": "Szent László Gimnázium", "legkozelebbi_park": "Rottenbiller park", "legkozelebbi_kotottpalya_tipus": "villamos" }, "geometry": { "type": "Point", "coordinates": [ 19.1401, 47.4872 ] } },
{ "type": "Feature", "properties": { "listing_id": "35462635", "listing_type": "elado", "cim_teljes": "Budapest X. kerület, Harmat utca 22.", "varosresz": "Óhegy", "price_huf": 72140000.0, "ar_millio_ft": 72.14, "ar_ezer_ft_ho": 72140.0, "nm_ar_huf": 1472244.8979591837, "log_ar": 18.094119233439667, "log_nm_ar": 14.20229893532904, "is_ar_outlier": 0, "alapterulet_nm": 49.0, "korrigalt_alapterulet_nm": 56.905, "szobaszam_osszes": 2.0, "allapot_kod": 6, "is_felujitando": 0, "is_ujszeru_vagy_uj": 1, "is_panel": 0, "is_tegla": 1, "has_lift": 1, "has_klima": 1, "has_erkely": 1, "is_foldszint": 0, "is_zaroszint": 0, "epulet_kora_ev": 0.0, "geokodolt_lat": 47.4872, "geokodolt_lon": 19.1401, "minta_garantalt_pontos": 1, "tavolsag_vasut_m": 552.6, "vasut_zona": "500-1000 m", "is_vasut_immisszio_150m": 0, "tavolsag_vasut_halozati_m": 968.0, "menetido_vasut_gyalog_perc": 12.9, "vasut_5p_seta": 0, "vasut_10p_seta": 0, "vasut_15p_seta": 1, "url": "https://ingatlan.com/35462635", "title": "Eladó tégla lakás - Budapest X. kerület, Harmat utca 22. #35462635", "postal_code": "1104", "varos": "Budapest", "utca": "Harmat utca", "hazszam_vegleges": "22", "allapot": "új építésű", "ingatlan_altipus": "Tégla lakás", "epites_eve": 2028.0, "epites_eve_kategoria": "Új építésű (2025+)", "erkely_nm": 15.81, "szobaszam_egesz": 2.0, "szobaszam_fel": 0.0, "szobaszam_kategoria": "2 szoba", "atlagos_szobameret_nm": 24.5, "emelet": "1", "emelet_szam": 1.0, "epulet_szintjei_szam": 5.0, "is_magas_emelet_lift_nelkul": 0, "futes": "mennyezeti hűtés-fűtés, hőszivattyú", "futes_kategoria": null, "has_tavfutes": 0, "has_konvektor": 0, "has_megujulo": 1, "has_garazs_vagy_beallo": 0, "energetikai_tanusitvany": "A", "butorozott": null, "koltozheto": null, "min_berleti_ido": null, "kertkapcsolatos": "nem", "kozos_koltseg_huf": null, "rezsikoltseg_huf": null, "hirdeto_tipus": "Ingatlaniroda", "iroda_neve": null, "leiras_hossz": 701.0, "fenykepek_szama": 4.0, "geokodolas_modszere": null, "geokodolas_pontossag": null, "price_eur": null, "nm_ar_eur": null, "kozos_koltseg_eur": null, "rezsikoltseg_eur": null, "kaucio_eur": null, "tavolsag_metro_halozati_m": null, "metro_5p_seta": 0, "metro_10p_seta": 0, "metro_15p_seta": 0, "tavolsag_villamos_halozati_m": 417.0, "villamos_5p_seta": 0, "villamos_10p_seta": 1, "villamos_15p_seta": 1, "tavolsag_busz_halozati_m": 233.1, "busz_5p_seta": 1, "busz_10p_seta": 1, "tavolsag_kotottpalya_halozati_m": 417.0, "kotottpalya_5p_seta": 0, "kotottpalya_10p_seta": 1, "kotottpalya_15p_seta": 1, "tavolsag_park_halozati_m": 543.6, "park_5p_seta": 0, "park_10p_seta": 1, "park_15p_seta": 1, "poi_5p_count": 3.0, "poi_10p_count": 23.0, "poi_15p_count": 66.0, "tavolsag_iskola_halozati_m": 946.7, "iskola_5p_seta": 0, "iskola_10p_seta": 0, "iskola_15p_seta": 1, "tavolsag_ovoda_halozati_m": 425.7, "ovoda_5p_seta": 0, "ovoda_10p_seta": 1, "ovoda_15p_seta": 1, "tavolsag_bolt_halozati_m": 509.2, "bolt_5p_seta": 0, "bolt_10p_seta": 1, "bolt_15p_seta": 1, "tavolsag_gyogyszertar_halozati_m": 377.8, "gyogyszertar_5p_seta": 0, "gyogyszertar_10p_seta": 1, "gyogyszertar_15p_seta": 1, "tavolsag_orvos_halozati_m": null, "orvos_5p_seta": 0, "orvos_10p_seta": 0, "orvos_15p_seta": 0, "legkozelebbi_vasut": "Kőbánya felső", "legkozelebbi_metro": "", "legkozelebbi_villamos": "Szent László Gimnázium", "legkozelebbi_busz": "Szent László Gimnázium", "legkozelebbi_park": "Rottenbiller park", "legkozelebbi_kotottpalya_tipus": "villamos" }, "geometry": { "type": "Point", "coordinates": [ 19.1401, 47.4872 ] } },
{ "type": "Feature", "properties": { "listing_id": "35462637", "listing_type": "elado", "cim_teljes": "Budapest X. kerület, Harmat utca 22.", "varosresz": "Óhegy", "price_huf": 129560000.0, "ar_millio_ft": 129.56, "ar_ezer_ft_ho": 129560.0, "nm_ar_huf": 1393118.2795698924, "log_ar": 18.679654652267402, "log_nm_ar": 14.147055159114148, "is_ar_outlier": 0, "alapterulet_nm": 93.0, "korrigalt_alapterulet_nm": 106.485, "szobaszam_osszes": 4.0, "allapot_kod": 6, "is_felujitando": 0, "is_ujszeru_vagy_uj": 1, "is_panel": 0, "is_tegla": 1, "has_lift": 1, "has_klima": 1, "has_erkely": 1, "is_foldszint": 0, "is_zaroszint": 0, "epulet_kora_ev": 0.0, "geokodolt_lat": 47.4872, "geokodolt_lon": 19.1401, "minta_garantalt_pontos": 1, "tavolsag_vasut_m": 552.6, "vasut_zona": "500-1000 m", "is_vasut_immisszio_150m": 0, "tavolsag_vasut_halozati_m": 968.0, "menetido_vasut_gyalog_perc": 12.9, "vasut_5p_seta": 0, "vasut_10p_seta": 0, "vasut_15p_seta": 1, "url": "https://ingatlan.com/35462637", "title": "Eladó tégla lakás - Budapest X. kerület, Harmat utca 22. #35462637", "postal_code": "1104", "varos": "Budapest", "utca": "Harmat utca", "hazszam_vegleges": "22", "allapot": "új építésű", "ingatlan_altipus": "Tégla lakás", "epites_eve": 2028.0, "epites_eve_kategoria": "Új építésű (2025+)", "erkely_nm": 26.97, "szobaszam_egesz": 4.0, "szobaszam_fel": 0.0, "szobaszam_kategoria": "4+ szoba", "atlagos_szobameret_nm": 23.25, "emelet": "2", "emelet_szam": 2.0, "epulet_szintjei_szam": 5.0, "is_magas_emelet_lift_nelkul": 0, "futes": "mennyezeti hűtés-fűtés, hőszivattyú", "futes_kategoria": null, "has_tavfutes": 0, "has_konvektor": 0, "has_megujulo": 1, "has_garazs_vagy_beallo": 0, "energetikai_tanusitvany": "A", "butorozott": null, "koltozheto": null, "min_berleti_ido": null, "kertkapcsolatos": "nem", "kozos_koltseg_huf": null, "rezsikoltseg_huf": null, "hirdeto_tipus": "Ingatlaniroda", "iroda_neve": null, "leiras_hossz": 701.0, "fenykepek_szama": 4.0, "geokodolas_modszere": null, "geokodolas_pontossag": null, "price_eur": null, "nm_ar_eur": null, "kozos_koltseg_eur": null, "rezsikoltseg_eur": null, "kaucio_eur": null, "tavolsag_metro_halozati_m": null, "metro_5p_seta": 0, "metro_10p_seta": 0, "metro_15p_seta": 0, "tavolsag_villamos_halozati_m": 417.0, "villamos_5p_seta": 0, "villamos_10p_seta": 1, "villamos_15p_seta": 1, "tavolsag_busz_halozati_m": 233.1, "busz_5p_seta": 1, "busz_10p_seta": 1, "tavolsag_kotottpalya_halozati_m": 417.0, "kotottpalya_5p_seta": 0, "kotottpalya_10p_seta": 1, "kotottpalya_15p_seta": 1, "tavolsag_park_halozati_m": 543.6, "park_5p_seta": 0, "park_10p_seta": 1, "park_15p_seta": 1, "poi_5p_count": 3.0, "poi_10p_count": 23.0, "poi_15p_count": 66.0, "tavolsag_iskola_halozati_m": 946.7, "iskola_5p_seta": 0, "iskola_10p_seta": 0, "iskola_15p_seta": 1, "tavolsag_ovoda_halozati_m": 425.7, "ovoda_5p_seta": 0, "ovoda_10p_seta": 1, "ovoda_15p_seta": 1, "tavolsag_bolt_halozati_m": 509.2, "bolt_5p_seta": 0, "bolt_10p_seta": 1, "bolt_15p_seta": 1, "tavolsag_gyogyszertar_halozati_m": 377.8, "gyogyszertar_5p_seta": 0, "gyogyszertar_10p_seta": 1, "gyogyszertar_15p_seta": 1, "tavolsag_orvos_halozati_m": null, "orvos_5p_seta": 0, "orvos_10p_seta": 0, "orvos_15p_seta": 0, "legkozelebbi_vasut": "Kőbánya felső", "legkozelebbi_metro": "", "legkozelebbi_villamos": "Szent László Gimnázium", "legkozelebbi_busz": "Szent László Gimnázium", "legkozelebbi_park": "Rottenbiller park", "legkozelebbi_kotottpalya_tipus": "villamos" }, "geometry": { "type": "Point", "coordinates": [ 19.1401, 47.4872 ] } },
{ "type": "Feature", "properties": { "listing_id": "35462642", "listing_type": "elado", "cim_teljes": "Budapest X. kerület, Harmat utca 22.", "varosresz": "Óhegy", "price_huf": 73440000.0, "ar_millio_ft": 73.44, "ar_ezer_ft_ho": 73440.0, "nm_ar_huf": 1385660.3773584906, "log_ar": 18.11197930427651, "log_nm_ar": 14.141687390724387, "is_ar_outlier": 0, "alapterulet_nm": 53.0, "korrigalt_alapterulet_nm": 55.885, "szobaszam_osszes": 2.0, "allapot_kod": 6, "is_felujitando": 0, "is_ujszeru_vagy_uj": 1, "is_panel": 0, "is_tegla": 1, "has_lift": 1, "has_klima": 1, "has_erkely": 1, "is_foldszint": 0, "is_zaroszint": 0, "epulet_kora_ev": 0.0, "geokodolt_lat": 47.4872, "geokodolt_lon": 19.1401, "minta_garantalt_pontos": 1, "tavolsag_vasut_m": 552.6, "vasut_zona": "500-1000 m", "is_vasut_immisszio_150m": 0, "tavolsag_vasut_halozati_m": 968.0, "menetido_vasut_gyalog_perc": 12.9, "vasut_5p_seta": 0, "vasut_10p_seta": 0, "vasut_15p_seta": 1, "url": "https://ingatlan.com/35462642", "title": "Eladó tégla lakás - Budapest X. kerület, Harmat utca 22. #35462642", "postal_code": "1104", "varos": "Budapest", "utca": "Harmat utca", "hazszam_vegleges": "22", "allapot": "új építésű", "ingatlan_altipus": "Tégla lakás", "epites_eve": 2028.0, "epites_eve_kategoria": "Új építésű (2025+)", "erkely_nm": 5.77, "szobaszam_egesz": 2.0, "szobaszam_fel": 0.0, "szobaszam_kategoria": "2 szoba", "atlagos_szobameret_nm": 26.5, "emelet": "2", "emelet_szam": 2.0, "epulet_szintjei_szam": 5.0, "is_magas_emelet_lift_nelkul": 0, "futes": "mennyezeti hűtés-fűtés, hőszivattyú", "futes_kategoria": null, "has_tavfutes": 0, "has_konvektor": 0, "has_megujulo": 1, "has_garazs_vagy_beallo": 0, "energetikai_tanusitvany": "A", "butorozott": null, "koltozheto": null, "min_berleti_ido": null, "kertkapcsolatos": "nem", "kozos_koltseg_huf": null, "rezsikoltseg_huf": null, "hirdeto_tipus": "Ingatlaniroda", "iroda_neve": null, "leiras_hossz": 701.0, "fenykepek_szama": 4.0, "geokodolas_modszere": null, "geokodolas_pontossag": null, "price_eur": null, "nm_ar_eur": null, "kozos_koltseg_eur": null, "rezsikoltseg_eur": null, "kaucio_eur": null, "tavolsag_metro_halozati_m": null, "metro_5p_seta": 0, "metro_10p_seta": 0, "metro_15p_seta": 0, "tavolsag_villamos_halozati_m": 417.0, "villamos_5p_seta": 0, "villamos_10p_seta": 1, "villamos_15p_seta": 1, "tavolsag_busz_halozati_m": 233.1, "busz_5p_seta": 1, "busz_10p_seta": 1, "tavolsag_kotottpalya_halozati_m": 417.0, "kotottpalya_5p_seta": 0, "kotottpalya_10p_seta": 1, "kotottpalya_15p_seta": 1, "tavolsag_park_halozati_m": 543.6, "park_5p_seta": 0, "park_10p_seta": 1, "park_15p_seta": 1, "poi_5p_count": 3.0, "poi_10p_count": 23.0, "poi_15p_count": 66.0, "tavolsag_iskola_halozati_m": 946.7, "iskola_5p_seta": 0, "iskola_10p_seta": 0, "iskola_15p_seta": 1, "tavolsag_ovoda_halozati_m": 425.7, "ovoda_5p_seta": 0, "ovoda_10p_seta": 1, "ovoda_15p_seta": 1, "tavolsag_bolt_halozati_m": 509.2, "bolt_5p_seta": 0, "bolt_10p_seta": 1, "bolt_15p_seta": 1, "tavolsag_gyogyszertar_halozati_m": 377.8, "gyogyszertar_5p_seta": 0, "gyogyszertar_10p_seta": 1, "gyogyszertar_15p_seta": 1, "tavolsag_orvos_halozati_m": null, "orvos_5p_seta": 0, "orvos_10p_seta": 0, "orvos_15p_seta": 0, "legkozelebbi_vasut": "Kőbánya felső", "legkozelebbi_metro": "", "legkozelebbi_villamos": "Szent László Gimnázium", "legkozelebbi_busz": "Szent László Gimnázium", "legkozelebbi_park": "Rottenbiller park", "legkozelebbi_kotottpalya_tipus": "villamos" }, "geometry": { "type": "Point", "coordinates": [ 19.1401, 47.4872 ] } },
{ "type": "Feature", "properties": { "listing_id": "35462646", "listing_type": "elado", "cim_teljes": "Budapest X. kerület, Harmat utca 22.", "varosresz": "Óhegy", "price_huf": 64790000.0, "ar_millio_ft": 64.79, "ar_ezer_ft_ho": 64790.0, "nm_ar_huf": 1472500.0, "log_ar": 17.98666182842614, "log_nm_ar": 14.202472194507878, "is_ar_outlier": 0, "alapterulet_nm": 44.0, "korrigalt_alapterulet_nm": 49.125, "szobaszam_osszes": 2.0, "allapot_kod": 6, "is_felujitando": 0, "is_ujszeru_vagy_uj": 1, "is_panel": 0, "is_tegla": 1, "has_lift": 1, "has_klima": 1, "has_erkely": 1, "is_foldszint": 0, "is_zaroszint": 0, "epulet_kora_ev": 0.0, "geokodolt_lat": 47.4872, "geokodolt_lon": 19.1401, "minta_garantalt_pontos": 1, "tavolsag_vasut_m": 552.6, "vasut_zona": "500-1000 m", "is_vasut_immisszio_150m": 0, "tavolsag_vasut_halozati_m": 968.0, "menetido_vasut_gyalog_perc": 12.9, "vasut_5p_seta": 0, "vasut_10p_seta": 0, "vasut_15p_seta": 1, "url": "https://ingatlan.com/35462646", "title": "Eladó tégla lakás - Budapest X. kerület, Harmat utca 22. #35462646", "postal_code": "1104", "varos": "Budapest", "utca": "Harmat utca", "hazszam_vegleges": "22", "allapot": "új építésű", "ingatlan_altipus": "Tégla lakás", "epites_eve": 2028.0, "epites_eve_kategoria": "Új építésű (2025+)", "erkely_nm": 10.25, "szobaszam_egesz": 2.0, "szobaszam_fel": 0.0, "szobaszam_kategoria": "2 szoba", "atlagos_szobameret_nm": 22.0, "emelet": "2", "emelet_szam": 2.0, "epulet_szintjei_szam": 5.0, "is_magas_emelet_lift_nelkul": 0, "futes": "mennyezeti hűtés-fűtés, hőszivattyú", "futes_kategoria": null, "has_tavfutes": 0, "has_konvektor": 0, "has_megujulo": 1, "has_garazs_vagy_beallo": 0, "energetikai_tanusitvany": "A", "butorozott": null, "koltozheto": null, "min_berleti_ido": null, "kertkapcsolatos": "nem", "kozos_koltseg_huf": null, "rezsikoltseg_huf": null, "hirdeto_tipus": "Ingatlaniroda", "iroda_neve": null, "leiras_hossz": 701.0, "fenykepek_szama": 4.0, "geokodolas_modszere": null, "geokodolas_pontossag": null, "price_eur": null, "nm_ar_eur": null, "kozos_koltseg_eur": null, "rezsikoltseg_eur": null, "kaucio_eur": null, "tavolsag_metro_halozati_m": null, "metro_5p_seta": 0, "metro_10p_seta": 0, "metro_15p_seta": 0, "tavolsag_villamos_halozati_m": 417.0, "villamos_5p_seta": 0, "villamos_10p_seta": 1, "villamos_15p_seta": 1, "tavolsag_busz_halozati_m": 233.1, "busz_5p_seta": 1, "busz_10p_seta": 1, "tavolsag_kotottpalya_halozati_m": 417.0, "kotottpalya_5p_seta": 0, "kotottpalya_10p_seta": 1, "kotottpalya_15p_seta": 1, "tavolsag_park_halozati_m": 543.6, "park_5p_seta": 0, "park_10p_seta": 1, "park_15p_seta": 1, "poi_5p_count": 3.0, "poi_10p_count": 23.0, "poi_15p_count": 66.0, "tavolsag_iskola_halozati_m": 946.7, "iskola_5p_seta": 0, "iskola_10p_seta": 0, "iskola_15p_seta": 1, "tavolsag_ovoda_halozati_m": 425.7, "ovoda_5p_seta": 0, "ovoda_10p_seta": 1, "ovoda_15p_seta": 1, "tavolsag_bolt_halozati_m": 509.2, "bolt_5p_seta": 0, "bolt_10p_seta": 1, "bolt_15p_seta": 1, "tavolsag_gyogyszertar_halozati_m": 377.8, "gyogyszertar_5p_seta": 0, "gyogyszertar_10p_seta": 1, "gyogyszertar_15p_seta": 1, "tavolsag_orvos_halozati_m": null, "orvos_5p_seta": 0, "orvos_10p_seta": 0, "orvos_15p_seta": 0, "legkozelebbi_vasut": "Kőbánya felső", "legkozelebbi_metro": "", "legkozelebbi_villamos": "Szent László Gimnázium", "legkozelebbi_busz": "Szent László Gimnázium", "legkozelebbi_park": "Rottenbiller park", "legkozelebbi_kotottpalya_tipus": "villamos" }, "geometry": { "type": "Point", "coordinates": [ 19.1401, 47.4872 ] } },
{ "type": "Feature", "properties": { "listing_id": "35462651", "listing_type": "elado", "cim_teljes": "Budapest X. kerület, Harmat utca 22.", "varosresz": "Óhegy", "price_huf": 73290000.0, "ar_millio_ft": 73.29, "ar_ezer_ft_ho": 73290.0, "nm_ar_huf": 1495714.2857142857, "log_ar": 18.109934731902033, "log_nm_ar": 14.218114433791406, "is_ar_outlier": 0, "alapterulet_nm": 49.0, "korrigalt_alapterulet_nm": 56.905, "szobaszam_osszes": 2.0, "allapot_kod": 6, "is_felujitando": 0, "is_ujszeru_vagy_uj": 1, "is_panel": 0, "is_tegla": 1, "has_lift": 1, "has_klima": 1, "has_erkely": 1, "is_foldszint": 0, "is_zaroszint": 0, "epulet_kora_ev": 0.0, "geokodolt_lat": 47.4872, "geokodolt_lon": 19.1401, "minta_garantalt_pontos": 1, "tavolsag_vasut_m": 552.6, "vasut_zona": "500-1000 m", "is_vasut_immisszio_150m": 0, "tavolsag_vasut_halozati_m": 968.0, "menetido_vasut_gyalog_perc": 12.9, "vasut_5p_seta": 0, "vasut_10p_seta": 0, "vasut_15p_seta": 1, "url": "https://ingatlan.com/35462651", "title": "Eladó tégla lakás - Budapest X. kerület, Harmat utca 22. #35462651", "postal_code": "1104", "varos": "Budapest", "utca": "Harmat utca", "hazszam_vegleges": "22", "allapot": "új építésű", "ingatlan_altipus": "Tégla lakás", "epites_eve": 2028.0, "epites_eve_kategoria": "Új építésű (2025+)", "erkely_nm": 15.81, "szobaszam_egesz": 2.0, "szobaszam_fel": 0.0, "szobaszam_kategoria": "2 szoba", "atlagos_szobameret_nm": 24.5, "emelet": "2", "emelet_szam": 2.0, "epulet_szintjei_szam": 5.0, "is_magas_emelet_lift_nelkul": 0, "futes": "mennyezeti hűtés-fűtés, hőszivattyú", "futes_kategoria": null, "has_tavfutes": 0, "has_konvektor": 0, "has_megujulo": 1, "has_garazs_vagy_beallo": 0, "energetikai_tanusitvany": "A", "butorozott": null, "koltozheto": null, "min_berleti_ido": null, "kertkapcsolatos": "nem", "kozos_koltseg_huf": null, "rezsikoltseg_huf": null, "hirdeto_tipus": "Ingatlaniroda", "iroda_neve": null, "leiras_hossz": 701.0, "fenykepek_szama": 4.0, "geokodolas_modszere": null, "geokodolas_pontossag": null, "price_eur": null, "nm_ar_eur": null, "kozos_koltseg_eur": null, "rezsikoltseg_eur": null, "kaucio_eur": null, "tavolsag_metro_halozati_m": null, "metro_5p_seta": 0, "metro_10p_seta": 0, "metro_15p_seta": 0, "tavolsag_villamos_halozati_m": 417.0, "villamos_5p_seta": 0, "villamos_10p_seta": 1, "villamos_15p_seta": 1, "tavolsag_busz_halozati_m": 233.1, "busz_5p_seta": 1, "busz_10p_seta": 1, "tavolsag_kotottpalya_halozati_m": 417.0, "kotottpalya_5p_seta": 0, "kotottpalya_10p_seta": 1, "kotottpalya_15p_seta": 1, "tavolsag_park_halozati_m": 543.6, "park_5p_seta": 0, "park_10p_seta": 1, "park_15p_seta": 1, "poi_5p_count": 3.0, "poi_10p_count": 23.0, "poi_15p_count": 66.0, "tavolsag_iskola_halozati_m": 946.7, "iskola_5p_seta": 0, "iskola_10p_seta": 0, "iskola_15p_seta": 1, "tavolsag_ovoda_halozati_m": 425.7, "ovoda_5p_seta": 0, "ovoda_10p_seta": 1, "ovoda_15p_seta": 1, "tavolsag_bolt_halozati_m": 509.2, "bolt_5p_seta": 0, "bolt_10p_seta": 1, "bolt_15p_seta": 1, "tavolsag_gyogyszertar_halozati_m": 377.8, "gyogyszertar_5p_seta": 0, "gyogyszertar_10p_seta": 1, "gyogyszertar_15p_seta": 1, "tavolsag_orvos_halozati_m": null, "orvos_5p_seta": 0, "orvos_10p_seta": 0, "orvos_15p_seta": 0, "legkozelebbi_vasut": "Kőbánya felső", "legkozelebbi_metro": "", "legkozelebbi_villamos": "Szent László Gimnázium", "legkozelebbi_busz": "Szent László Gimnázium", "legkozelebbi_park": "Rottenbiller park", "legkozelebbi_kotottpalya_tipus": "villamos" }, "geometry": { "type": "Point", "coordinates": [ 19.1401, 47.4872 ] } },
{ "type": "Feature", "properties": { "listing_id": "35462653", "listing_type": "elado", "cim_teljes": "Budapest X. kerület, Harmat utca 22.", "varosresz": "Óhegy", "price_huf": 49610000.0, "ar_millio_ft": 49.61, "ar_ezer_ft_ho": 49610.0, "nm_ar_huf": 1459117.6470588236, "log_ar": 17.71970298427723, "log_nm_ar": 14.19334245966107, "is_ar_outlier": 0, "alapterulet_nm": 34.0, "korrigalt_alapterulet_nm": 35.755, "szobaszam_osszes": 1.0, "allapot_kod": 6, "is_felujitando": 0, "is_ujszeru_vagy_uj": 1, "is_panel": 0, "is_tegla": 1, "has_lift": 1, "has_klima": 1, "has_erkely": 1, "is_foldszint": 0, "is_zaroszint": 0, "epulet_kora_ev": 0.0, "geokodolt_lat": 47.4872, "geokodolt_lon": 19.1401, "minta_garantalt_pontos": 1, "tavolsag_vasut_m": 552.6, "vasut_zona": "500-1000 m", "is_vasut_immisszio_150m": 0, "tavolsag_vasut_halozati_m": 968.0, "menetido_vasut_gyalog_perc": 12.9, "vasut_5p_seta": 0, "vasut_10p_seta": 0, "vasut_15p_seta": 1, "url": "https://ingatlan.com/35462653", "title": "Eladó tégla lakás - Budapest X. kerület, Harmat utca 22. #35462653", "postal_code": "1104", "varos": "Budapest", "utca": "Harmat utca", "hazszam_vegleges": "22", "allapot": "új építésű", "ingatlan_altipus": "Tégla lakás", "epites_eve": 2028.0, "epites_eve_kategoria": "Új építésű (2025+)", "erkely_nm": 3.51, "szobaszam_egesz": 1.0, "szobaszam_fel": 0.0, "szobaszam_kategoria": "1 szoba", "atlagos_szobameret_nm": 34.0, "emelet": "1", "emelet_szam": 1.0, "epulet_szintjei_szam": 5.0, "is_magas_emelet_lift_nelkul": 0, "futes": "mennyezeti hűtés-fűtés, hőszivattyú", "futes_kategoria": null, "has_tavfutes": 0, "has_konvektor": 0, "has_megujulo": 1, "has_garazs_vagy_beallo": 0, "energetikai_tanusitvany": "A", "butorozott": null, "koltozheto": null, "min_berleti_ido": null, "kertkapcsolatos": "nem", "kozos_koltseg_huf": null, "rezsikoltseg_huf": null, "hirdeto_tipus": "Ingatlaniroda", "iroda_neve": null, "leiras_hossz": 701.0, "fenykepek_szama": 4.0, "geokodolas_modszere": null, "geokodolas_pontossag": null, "price_eur": null, "nm_ar_eur": null, "kozos_koltseg_eur": null, "rezsikoltseg_eur": null, "kaucio_eur": null, "tavolsag_metro_halozati_m": null, "metro_5p_seta": 0, "metro_10p_seta": 0, "metro_15p_seta": 0, "tavolsag_villamos_halozati_m": 417.0, "villamos_5p_seta": 0, "villamos_10p_seta": 1, "villamos_15p_seta": 1, "tavolsag_busz_halozati_m": 233.1, "busz_5p_seta": 1, "busz_10p_seta": 1, "tavolsag_kotottpalya_halozati_m": 417.0, "kotottpalya_5p_seta": 0, "kotottpalya_10p_seta": 1, "kotottpalya_15p_seta": 1, "tavolsag_park_halozati_m": 543.6, "park_5p_seta": 0, "park_10p_seta": 1, "park_15p_seta": 1, "poi_5p_count": 3.0, "poi_10p_count": 23.0, "poi_15p_count": 66.0, "tavolsag_iskola_halozati_m": 946.7, "iskola_5p_seta": 0, "iskola_10p_seta": 0, "iskola_15p_seta": 1, "tavolsag_ovoda_halozati_m": 425.7, "ovoda_5p_seta": 0, "ovoda_10p_seta": 1, "ovoda_15p_seta": 1, "tavolsag_bolt_halozati_m": 509.2, "bolt_5p_seta": 0, "bolt_10p_seta": 1, "bolt_15p_seta": 1, "tavolsag_gyogyszertar_halozati_m": 377.8, "gyogyszertar_5p_seta": 0, "gyogyszertar_10p_seta": 1, "gyogyszertar_15p_seta": 1, "tavolsag_orvos_halozati_m": null, "orvos_5p_seta": 0, "orvos_10p_seta": 0, "orvos_15p_seta": 0, "legkozelebbi_vasut": "Kőbánya felső", "legkozelebbi_metro": "", "legkozelebbi_villamos": "Szent László Gimnázium", "legkozelebbi_busz": "Szent László Gimnázium", "legkozelebbi_park": "Rottenbiller park", "legkozelebbi_kotottpalya_tipus": "villamos" }, "geometry": { "type": "Point", "coordinates": [ 19.1401, 47.4872 ] } },
{ "type": "Feature", "properties": { "listing_id": "35462656", "listing_type": "elado", "cim_teljes": "Budapest X. kerület, Harmat utca 22.", "varosresz": "Óhegy", "price_huf": 51650000.0, "ar_millio_ft": 51.65, "ar_ezer_ft_ho": 51650.0, "nm_ar_huf": 1519117.6470588236, "log_ar": 17.760000753529923, "log_nm_ar": 14.23364022891376, "is_ar_outlier": 0, "alapterulet_nm": 34.0, "korrigalt_alapterulet_nm": 36.7, "szobaszam_osszes": 1.0, "allapot_kod": 6, "is_felujitando": 0, "is_ujszeru_vagy_uj": 1, "is_panel": 0, "is_tegla": 1, "has_lift": 1, "has_klima": 1, "has_erkely": 1, "is_foldszint": 0, "is_zaroszint": 0, "epulet_kora_ev": 0.0, "geokodolt_lat": 47.4872, "geokodolt_lon": 19.1401, "minta_garantalt_pontos": 1, "tavolsag_vasut_m": 552.6, "vasut_zona": "500-1000 m", "is_vasut_immisszio_150m": 0, "tavolsag_vasut_halozati_m": 968.0, "menetido_vasut_gyalog_perc": 12.9, "vasut_5p_seta": 0, "vasut_10p_seta": 0, "vasut_15p_seta": 1, "url": "https://ingatlan.com/35462656", "title": "Eladó tégla lakás - Budapest X. kerület, Harmat utca 22. #35462656", "postal_code": "1104", "varos": "Budapest", "utca": "Harmat utca", "hazszam_vegleges": "22", "allapot": "új építésű", "ingatlan_altipus": "Tégla lakás", "epites_eve": 2028.0, "epites_eve_kategoria": "Új építésű (2025+)", "erkely_nm": 5.4, "szobaszam_egesz": 1.0, "szobaszam_fel": 0.0, "szobaszam_kategoria": "1 szoba", "atlagos_szobameret_nm": 34.0, "emelet": "2", "emelet_szam": 2.0, "epulet_szintjei_szam": 5.0, "is_magas_emelet_lift_nelkul": 0, "futes": "mennyezeti hűtés-fűtés, hőszivattyú", "futes_kategoria": null, "has_tavfutes": 0, "has_konvektor": 0, "has_megujulo": 1, "has_garazs_vagy_beallo": 0, "energetikai_tanusitvany": "A", "butorozott": null, "koltozheto": null, "min_berleti_ido": null, "kertkapcsolatos": "nem", "kozos_koltseg_huf": null, "rezsikoltseg_huf": null, "hirdeto_tipus": "Ingatlaniroda", "iroda_neve": null, "leiras_hossz": 701.0, "fenykepek_szama": 4.0, "geokodolas_modszere": null, "geokodolas_pontossag": null, "price_eur": null, "nm_ar_eur": null, "kozos_koltseg_eur": null, "rezsikoltseg_eur": null, "kaucio_eur": null, "tavolsag_metro_halozati_m": null, "metro_5p_seta": 0, "metro_10p_seta": 0, "metro_15p_seta": 0, "tavolsag_villamos_halozati_m": 417.0, "villamos_5p_seta": 0, "villamos_10p_seta": 1, "villamos_15p_seta": 1, "tavolsag_busz_halozati_m": 233.1, "busz_5p_seta": 1, "busz_10p_seta": 1, "tavolsag_kotottpalya_halozati_m": 417.0, "kotottpalya_5p_seta": 0, "kotottpalya_10p_seta": 1, "kotottpalya_15p_seta": 1, "tavolsag_park_halozati_m": 543.6, "park_5p_seta": 0, "park_10p_seta": 1, "park_15p_seta": 1, "poi_5p_count": 3.0, "poi_10p_count": 23.0, "poi_15p_count": 66.0, "tavolsag_iskola_halozati_m": 946.7, "iskola_5p_seta": 0, "iskola_10p_seta": 0, "iskola_15p_seta": 1, "tavolsag_ovoda_halozati_m": 425.7, "ovoda_5p_seta": 0, "ovoda_10p_seta": 1, "ovoda_15p_seta": 1, "tavolsag_bolt_halozati_m": 509.2, "bolt_5p_seta": 0, "bolt_10p_seta": 1, "bolt_15p_seta": 1, "tavolsag_gyogyszertar_halozati_m": 377.8, "gyogyszertar_5p_seta": 0, "gyogyszertar_10p_seta": 1, "gyogyszertar_15p_seta": 1, "tavolsag_orvos_halozati_m": null, "orvos_5p_seta": 0, "orvos_10p_seta": 0, "orvos_15p_seta": 0, "legkozelebbi_vasut": "Kőbánya felső", "legkozelebbi_metro": "", "legkozelebbi_villamos": "Szent László Gimnázium", "legkozelebbi_busz": "Szent László Gimnázium", "legkozelebbi_park": "Rottenbiller park", "legkozelebbi_kotottpalya_tipus": "villamos" }, "geometry": { "type": "Point", "coordinates": [ 19.1401, 47.4872 ] } },
{ "type": "Feature", "properties": { "listing_id": "35462658", "listing_type": "elado", "cim_teljes": "Budapest X. kerület, Harmat utca 22.", "varosresz": "Óhegy", "price_huf": 88480000.0, "ar_millio_ft": 88.48, "ar_ezer_ft_ho": 88480.0, "nm_ar_huf": 1382500.0, "log_ar": 18.298287095738299, "log_nm_ar": 14.139404012378627, "is_ar_outlier": 0, "alapterulet_nm": 64.0, "korrigalt_alapterulet_nm": 70.105, "szobaszam_osszes": 3.0, "allapot_kod": 6, "is_felujitando": 0, "is_ujszeru_vagy_uj": 1, "is_panel": 0, "is_tegla": 1, "has_lift": 1, "has_klima": 1, "has_erkely": 1, "is_foldszint": 0, "is_zaroszint": 0, "epulet_kora_ev": 0.0, "geokodolt_lat": 47.4872, "geokodolt_lon": 19.1401, "minta_garantalt_pontos": 1, "tavolsag_vasut_m": 552.6, "vasut_zona": "500-1000 m", "is_vasut_immisszio_150m": 0, "tavolsag_vasut_halozati_m": 968.0, "menetido_vasut_gyalog_perc": 12.9, "vasut_5p_seta": 0, "vasut_10p_seta": 0, "vasut_15p_seta": 1, "url": "https://ingatlan.com/35462658", "title": "Eladó tégla lakás - Budapest X. kerület, Harmat utca 22. #35462658", "postal_code": "1104", "varos": "Budapest", "utca": "Harmat utca", "hazszam_vegleges": "22", "allapot": "új építésű", "ingatlan_altipus": "Tégla lakás", "epites_eve": 2028.0, "epites_eve_kategoria": "Új építésű (2025+)", "erkely_nm": 12.21, "szobaszam_egesz": 3.0, "szobaszam_fel": 0.0, "szobaszam_kategoria": "3 szoba", "atlagos_szobameret_nm": 21.333333333333332, "emelet": "1", "emelet_szam": 1.0, "epulet_szintjei_szam": 5.0, "is_magas_emelet_lift_nelkul": 0, "futes": "mennyezeti hűtés-fűtés, hőszivattyú", "futes_kategoria": null, "has_tavfutes": 0, "has_konvektor": 0, "has_megujulo": 1, "has_garazs_vagy_beallo": 0, "energetikai_tanusitvany": "A", "butorozott": null, "koltozheto": null, "min_berleti_ido": null, "kertkapcsolatos": "nem", "kozos_koltseg_huf": null, "rezsikoltseg_huf": null, "hirdeto_tipus": "Ingatlaniroda", "iroda_neve": null, "leiras_hossz": 701.0, "fenykepek_szama": 4.0, "geokodolas_modszere": null, "geokodolas_pontossag": null, "price_eur": null, "nm_ar_eur": null, "kozos_koltseg_eur": null, "rezsikoltseg_eur": null, "kaucio_eur": null, "tavolsag_metro_halozati_m": null, "metro_5p_seta": 0, "metro_10p_seta": 0, "metro_15p_seta": 0, "tavolsag_villamos_halozati_m": 417.0, "villamos_5p_seta": 0, "villamos_10p_seta": 1, "villamos_15p_seta": 1, "tavolsag_busz_halozati_m": 233.1, "busz_5p_seta": 1, "busz_10p_seta": 1, "tavolsag_kotottpalya_halozati_m": 417.0, "kotottpalya_5p_seta": 0, "kotottpalya_10p_seta": 1, "kotottpalya_15p_seta": 1, "tavolsag_park_halozati_m": 543.6, "park_5p_seta": 0, "park_10p_seta": 1, "park_15p_seta": 1, "poi_5p_count": 3.0, "poi_10p_count": 23.0, "poi_15p_count": 66.0, "tavolsag_iskola_halozati_m": 946.7, "iskola_5p_seta": 0, "iskola_10p_seta": 0, "iskola_15p_seta": 1, "tavolsag_ovoda_halozati_m": 425.7, "ovoda_5p_seta": 0, "ovoda_10p_seta": 1, "ovoda_15p_seta": 1, "tavolsag_bolt_halozati_m": 509.2, "bolt_5p_seta": 0, "bolt_10p_seta": 1, "bolt_15p_seta": 1, "tavolsag_gyogyszertar_halozati_m": 377.8, "gyogyszertar_5p_seta": 0, "gyogyszertar_10p_seta": 1, "gyogyszertar_15p_seta": 1, "tavolsag_orvos_halozati_m": null, "orvos_5p_seta": 0, "orvos_10p_seta": 0, "orvos_15p_seta": 0, "legkozelebbi_vasut": "Kőbánya felső", "legkozelebbi_metro": "", "legkozelebbi_villamos": "Szent László Gimnázium", "legkozelebbi_busz": "Szent László Gimnázium", "legkozelebbi_park": "Rottenbiller park", "legkozelebbi_kotottpalya_tipus": "villamos" }, "geometry": { "type": "Point", "coordinates": [ 19.1401, 47.4872 ] } },
{ "type": "Feature", "properties": { "listing_id": "35462667", "listing_type": "elado", "cim_teljes": "Budapest X. kerület, Harmat utca 22.", "varosresz": "Óhegy", "price_huf": 104250000.0, "ar_millio_ft": 104.25, "ar_ezer_ft_ho": 104250.0, "nm_ar_huf": 1408783.7837837837, "log_ar": 18.462302418643183, "log_nm_ar": 14.158237325439016, "is_ar_outlier": 0, "alapterulet_nm": 74.0, "korrigalt_alapterulet_nm": 82.04, "szobaszam_osszes": 4.0, "allapot_kod": 6, "is_felujitando": 0, "is_ujszeru_vagy_uj": 1, "is_panel": 0, "is_tegla": 1, "has_lift": 1, "has_klima": 1, "has_erkely": 1, "is_foldszint": 0, "is_zaroszint": 0, "epulet_kora_ev": 0.0, "geokodolt_lat": 47.4872, "geokodolt_lon": 19.1401, "minta_garantalt_pontos": 1, "tavolsag_vasut_m": 552.6, "vasut_zona": "500-1000 m", "is_vasut_immisszio_150m": 0, "tavolsag_vasut_halozati_m": 968.0, "menetido_vasut_gyalog_perc": 12.9, "vasut_5p_seta": 0, "vasut_10p_seta": 0, "vasut_15p_seta": 1, "url": "https://ingatlan.com/35462667", "title": "Eladó tégla lakás - Budapest X. kerület, Harmat utca 22. #35462667", "postal_code": "1104", "varos": "Budapest", "utca": "Harmat utca", "hazszam_vegleges": "22", "allapot": "új építésű", "ingatlan_altipus": "Tégla lakás", "epites_eve": 2028.0, "epites_eve_kategoria": "Új építésű (2025+)", "erkely_nm": 16.08, "szobaszam_egesz": 4.0, "szobaszam_fel": 0.0, "szobaszam_kategoria": "4+ szoba", "atlagos_szobameret_nm": 18.5, "emelet": "1", "emelet_szam": 1.0, "epulet_szintjei_szam": 5.0, "is_magas_emelet_lift_nelkul": 0, "futes": "mennyezeti hűtés-fűtés, hőszivattyú", "futes_kategoria": null, "has_tavfutes": 0, "has_konvektor": 0, "has_megujulo": 1, "has_garazs_vagy_beallo": 0, "energetikai_tanusitvany": "A", "butorozott": null, "koltozheto": null, "min_berleti_ido": null, "kertkapcsolatos": "nem", "kozos_koltseg_huf": null, "rezsikoltseg_huf": null, "hirdeto_tipus": "Ingatlaniroda", "iroda_neve": null, "leiras_hossz": 701.0, "fenykepek_szama": 4.0, "geokodolas_modszere": null, "geokodolas_pontossag": null, "price_eur": null, "nm_ar_eur": null, "kozos_koltseg_eur": null, "rezsikoltseg_eur": null, "kaucio_eur": null, "tavolsag_metro_halozati_m": null, "metro_5p_seta": 0, "metro_10p_seta": 0, "metro_15p_seta": 0, "tavolsag_villamos_halozati_m": 417.0, "villamos_5p_seta": 0, "villamos_10p_seta": 1, "villamos_15p_seta": 1, "tavolsag_busz_halozati_m": 233.1, "busz_5p_seta": 1, "busz_10p_seta": 1, "tavolsag_kotottpalya_halozati_m": 417.0, "kotottpalya_5p_seta": 0, "kotottpalya_10p_seta": 1, "kotottpalya_15p_seta": 1, "tavolsag_park_halozati_m": 543.6, "park_5p_seta": 0, "park_10p_seta": 1, "park_15p_seta": 1, "poi_5p_count": 3.0, "poi_10p_count": 23.0, "poi_15p_count": 66.0, "tavolsag_iskola_halozati_m": 946.7, "iskola_5p_seta": 0, "iskola_10p_seta": 0, "iskola_15p_seta": 1, "tavolsag_ovoda_halozati_m": 425.7, "ovoda_5p_seta": 0, "ovoda_10p_seta": 1, "ovoda_15p_seta": 1, "tavolsag_bolt_halozati_m": 509.2, "bolt_5p_seta": 0, "bolt_10p_seta": 1, "bolt_15p_seta": 1, "tavolsag_gyogyszertar_halozati_m": 377.8, "gyogyszertar_5p_seta": 0, "gyogyszertar_10p_seta": 1, "gyogyszertar_15p_seta": 1, "tavolsag_orvos_halozati_m": null, "orvos_5p_seta": 0, "orvos_10p_seta": 0, "orvos_15p_seta": 0, "legkozelebbi_vasut": "Kőbánya felső", "legkozelebbi_metro": "", "legkozelebbi_villamos": "Szent László Gimnázium", "legkozelebbi_busz": "Szent László Gimnázium", "legkozelebbi_park": "Rottenbiller park", "legkozelebbi_kotottpalya_tipus": "villamos" }, "geometry": { "type": "Point", "coordinates": [ 19.1401, 47.4872 ] } },
{ "type": "Feature", "properties": { "listing_id": "35462670", "listing_type": "elado", "cim_teljes": "Budapest X. kerület, Harmat utca 22.", "varosresz": "Óhegy", "price_huf": 63450000.0, "ar_millio_ft": 63.45, "ar_ezer_ft_ho": 63450.0, "nm_ar_huf": 1442045.4545454546, "log_ar": 17.965762752124672, "log_nm_ar": 14.18157311820641, "is_ar_outlier": 0, "alapterulet_nm": 44.0, "korrigalt_alapterulet_nm": 49.99, "szobaszam_osszes": 2.0, "allapot_kod": 6, "is_felujitando": 0, "is_ujszeru_vagy_uj": 1, "is_panel": 0, "is_tegla": 1, "has_lift": 1, "has_klima": 1, "has_erkely": 1, "is_foldszint": 0, "is_zaroszint": 0, "epulet_kora_ev": 0.0, "geokodolt_lat": 47.4872, "geokodolt_lon": 19.1401, "minta_garantalt_pontos": 1, "tavolsag_vasut_m": 552.6, "vasut_zona": "500-1000 m", "is_vasut_immisszio_150m": 0, "tavolsag_vasut_halozati_m": 968.0, "menetido_vasut_gyalog_perc": 12.9, "vasut_5p_seta": 0, "vasut_10p_seta": 0, "vasut_15p_seta": 1, "url": "https://ingatlan.com/35462670", "title": "Eladó tégla lakás - Budapest X. kerület, Harmat utca 22. #35462670", "postal_code": "1104", "varos": "Budapest", "utca": "Harmat utca", "hazszam_vegleges": "22", "allapot": "új építésű", "ingatlan_altipus": "Tégla lakás", "epites_eve": 2028.0, "epites_eve_kategoria": "Új építésű (2025+)", "erkely_nm": 11.98, "szobaszam_egesz": 2.0, "szobaszam_fel": 0.0, "szobaszam_kategoria": "2 szoba", "atlagos_szobameret_nm": 22.0, "emelet": "4", "emelet_szam": 4.0, "epulet_szintjei_szam": 5.0, "is_magas_emelet_lift_nelkul": 0, "futes": "mennyezeti hűtés-fűtés, hőszivattyú", "futes_kategoria": null, "has_tavfutes": 0, "has_konvektor": 0, "has_megujulo": 1, "has_garazs_vagy_beallo": 0, "energetikai_tanusitvany": "A", "butorozott": null, "koltozheto": null, "min_berleti_ido": null, "kertkapcsolatos": "nem", "kozos_koltseg_huf": null, "rezsikoltseg_huf": null, "hirdeto_tipus": "Ingatlaniroda", "iroda_neve": null, "leiras_hossz": 701.0, "fenykepek_szama": 4.0, "geokodolas_modszere": null, "geokodolas_pontossag": null, "price_eur": null, "nm_ar_eur": null, "kozos_koltseg_eur": null, "rezsikoltseg_eur": null, "kaucio_eur": null, "tavolsag_metro_halozati_m": null, "metro_5p_seta": 0, "metro_10p_seta": 0, "metro_15p_seta": 0, "tavolsag_villamos_halozati_m": 417.0, "villamos_5p_seta": 0, "villamos_10p_seta": 1, "villamos_15p_seta": 1, "tavolsag_busz_halozati_m": 233.1, "busz_5p_seta": 1, "busz_10p_seta": 1, "tavolsag_kotottpalya_halozati_m": 417.0, "kotottpalya_5p_seta": 0, "kotottpalya_10p_seta": 1, "kotottpalya_15p_seta": 1, "tavolsag_park_halozati_m": 543.6, "park_5p_seta": 0, "park_10p_seta": 1, "park_15p_seta": 1, "poi_5p_count": 3.0, "poi_10p_count": 23.0, "poi_15p_count": 66.0, "tavolsag_iskola_halozati_m": 946.7, "iskola_5p_seta": 0, "iskola_10p_seta": 0, "iskola_15p_seta": 1, "tavolsag_ovoda_halozati_m": 425.7, "ovoda_5p_seta": 0, "ovoda_10p_seta": 1, "ovoda_15p_seta": 1, "tavolsag_bolt_halozati_m": 509.2, "bolt_5p_seta": 0, "bolt_10p_seta": 1, "bolt_15p_seta": 1, "tavolsag_gyogyszertar_halozati_m": 377.8, "gyogyszertar_5p_seta": 0, "gyogyszertar_10p_seta": 1, "gyogyszertar_15p_seta": 1, "tavolsag_orvos_halozati_m": null, "orvos_5p_seta": 0, "orvos_10p_seta": 0, "orvos_15p_seta": 0, "legkozelebbi_vasut": "Kőbánya felső", "legkozelebbi_metro": "", "legkozelebbi_villamos": "Szent László Gimnázium", "legkozelebbi_busz": "Szent László Gimnázium", "legkozelebbi_park": "Rottenbiller park", "legkozelebbi_kotottpalya_tipus": "villamos" }, "geometry": { "type": "Point", "coordinates": [ 19.1401, 47.4872 ] } },
{ "type": "Feature", "properties": { "listing_id": "35462677", "listing_type": "elado", "cim_teljes": "Budapest X. kerület, Harmat utca 22.", "varosresz": "Óhegy", "price_huf": 62240000.0, "ar_millio_ft": 62.24, "ar_ezer_ft_ho": 62240.0, "nm_ar_huf": 1481904.7619047619, "log_ar": 17.94650843783441, "log_nm_ar": 14.208838819551042, "is_ar_outlier": 0, "alapterulet_nm": 42.0, "korrigalt_alapterulet_nm": 47.975, "szobaszam_osszes": 2.0, "allapot_kod": 6, "is_felujitando": 0, "is_ujszeru_vagy_uj": 1, "is_panel": 0, "is_tegla": 1, "has_lift": 1, "has_klima": 1, "has_erkely": 1, "is_foldszint": 0, "is_zaroszint": 0, "epulet_kora_ev": 0.0, "geokodolt_lat": 47.4872, "geokodolt_lon": 19.1401, "minta_garantalt_pontos": 1, "tavolsag_vasut_m": 552.6, "vasut_zona": "500-1000 m", "is_vasut_immisszio_150m": 0, "tavolsag_vasut_halozati_m": 968.0, "menetido_vasut_gyalog_perc": 12.9, "vasut_5p_seta": 0, "vasut_10p_seta": 0, "vasut_15p_seta": 1, "url": "https://ingatlan.com/35462677", "title": "Eladó tégla lakás - Budapest X. kerület, Harmat utca 22. #35462677", "postal_code": "1104", "varos": "Budapest", "utca": "Harmat utca", "hazszam_vegleges": "22", "allapot": "új építésű", "ingatlan_altipus": "Tégla lakás", "epites_eve": 2028.0, "epites_eve_kategoria": "Új építésű (2025+)", "erkely_nm": 11.95, "szobaszam_egesz": 2.0, "szobaszam_fel": 0.0, "szobaszam_kategoria": "2 szoba", "atlagos_szobameret_nm": 21.0, "emelet": "4", "emelet_szam": 4.0, "epulet_szintjei_szam": 5.0, "is_magas_emelet_lift_nelkul": 0, "futes": "mennyezeti hűtés-fűtés, hőszivattyú", "futes_kategoria": null, "has_tavfutes": 0, "has_konvektor": 0, "has_megujulo": 1, "has_garazs_vagy_beallo": 0, "energetikai_tanusitvany": "A", "butorozott": null, "koltozheto": null, "min_berleti_ido": null, "kertkapcsolatos": "nem", "kozos_koltseg_huf": null, "rezsikoltseg_huf": null, "hirdeto_tipus": "Ingatlaniroda", "iroda_neve": null, "leiras_hossz": 701.0, "fenykepek_szama": 4.0, "geokodolas_modszere": null, "geokodolas_pontossag": null, "price_eur": null, "nm_ar_eur": null, "kozos_koltseg_eur": null, "rezsikoltseg_eur": null, "kaucio_eur": null, "tavolsag_metro_halozati_m": null, "metro_5p_seta": 0, "metro_10p_seta": 0, "metro_15p_seta": 0, "tavolsag_villamos_halozati_m": 417.0, "villamos_5p_seta": 0, "villamos_10p_seta": 1, "villamos_15p_seta": 1, "tavolsag_busz_halozati_m": 233.1, "busz_5p_seta": 1, "busz_10p_seta": 1, "tavolsag_kotottpalya_halozati_m": 417.0, "kotottpalya_5p_seta": 0, "kotottpalya_10p_seta": 1, "kotottpalya_15p_seta": 1, "tavolsag_park_halozati_m": 543.6, "park_5p_seta": 0, "park_10p_seta": 1, "park_15p_seta": 1, "poi_5p_count": 3.0, "poi_10p_count": 23.0, "poi_15p_count": 66.0, "tavolsag_iskola_halozati_m": 946.7, "iskola_5p_seta": 0, "iskola_10p_seta": 0, "iskola_15p_seta": 1, "tavolsag_ovoda_halozati_m": 425.7, "ovoda_5p_seta": 0, "ovoda_10p_seta": 1, "ovoda_15p_seta": 1, "tavolsag_bolt_halozati_m": 509.2, "bolt_5p_seta": 0, "bolt_10p_seta": 1, "bolt_15p_seta": 1, "tavolsag_gyogyszertar_halozati_m": 377.8, "gyogyszertar_5p_seta": 0, "gyogyszertar_10p_seta": 1, "gyogyszertar_15p_seta": 1, "tavolsag_orvos_halozati_m": null, "orvos_5p_seta": 0, "orvos_10p_seta": 0, "orvos_15p_seta": 0, "legkozelebbi_vasut": "Kőbánya felső", "legkozelebbi_metro": "", "legkozelebbi_villamos": "Szent László Gimnázium", "legkozelebbi_busz": "Szent László Gimnázium", "legkozelebbi_park": "Rottenbiller park", "legkozelebbi_kotottpalya_tipus": "villamos" }, "geometry": { "type": "Point", "coordinates": [ 19.1401, 47.4872 ] } },
{ "type": "Feature", "properties": { "listing_id": "35462880", "listing_type": "elado", "cim_teljes": "Budapest X. kerület, Harmat utca 22.", "varosresz": "Óhegy", "price_huf": 76190000.0, "ar_millio_ft": 76.19, "ar_ezer_ft_ho": 76190.0, "nm_ar_huf": 1410925.9259259258, "log_ar": 18.148740778449191, "log_nm_ar": 14.159756731884919, "is_ar_outlier": 0, "alapterulet_nm": 54.0, "korrigalt_alapterulet_nm": 59.84, "szobaszam_osszes": 2.0, "allapot_kod": 6, "is_felujitando": 0, "is_ujszeru_vagy_uj": 1, "is_panel": 0, "is_tegla": 1, "has_lift": 1, "has_klima": 1, "has_erkely": 1, "is_foldszint": 0, "is_zaroszint": 0, "epulet_kora_ev": 0.0, "geokodolt_lat": 47.4872, "geokodolt_lon": 19.1401, "minta_garantalt_pontos": 1, "tavolsag_vasut_m": 552.6, "vasut_zona": "500-1000 m", "is_vasut_immisszio_150m": 0, "tavolsag_vasut_halozati_m": 968.0, "menetido_vasut_gyalog_perc": 12.9, "vasut_5p_seta": 0, "vasut_10p_seta": 0, "vasut_15p_seta": 1, "url": "https://ingatlan.com/35462880", "title": "Eladó tégla lakás - Budapest X. kerület, Harmat utca 22. #35462880", "postal_code": "1104", "varos": "Budapest", "utca": "Harmat utca", "hazszam_vegleges": "22", "allapot": "új építésű", "ingatlan_altipus": "Tégla lakás", "epites_eve": 2028.0, "epites_eve_kategoria": "Új építésű (2025+)", "erkely_nm": 11.68, "szobaszam_egesz": 2.0, "szobaszam_fel": 0.0, "szobaszam_kategoria": "2 szoba", "atlagos_szobameret_nm": 27.0, "emelet": "4", "emelet_szam": 4.0, "epulet_szintjei_szam": 5.0, "is_magas_emelet_lift_nelkul": 0, "futes": "mennyezeti hűtés-fűtés, hőszivattyú", "futes_kategoria": null, "has_tavfutes": 0, "has_konvektor": 0, "has_megujulo": 1, "has_garazs_vagy_beallo": 0, "energetikai_tanusitvany": "A", "butorozott": null, "koltozheto": null, "min_berleti_ido": null, "kertkapcsolatos": "nem", "kozos_koltseg_huf": null, "rezsikoltseg_huf": null, "hirdeto_tipus": "Ingatlaniroda", "iroda_neve": null, "leiras_hossz": 701.0, "fenykepek_szama": 4.0, "geokodolas_modszere": null, "geokodolas_pontossag": null, "price_eur": null, "nm_ar_eur": null, "kozos_koltseg_eur": null, "rezsikoltseg_eur": null, "kaucio_eur": null, "tavolsag_metro_halozati_m": null, "metro_5p_seta": 0, "metro_10p_seta": 0, "metro_15p_seta": 0, "tavolsag_villamos_halozati_m": 417.0, "villamos_5p_seta": 0, "villamos_10p_seta": 1, "villamos_15p_seta": 1, "tavolsag_busz_halozati_m": 233.1, "busz_5p_seta": 1, "busz_10p_seta": 1, "tavolsag_kotottpalya_halozati_m": 417.0, "kotottpalya_5p_seta": 0, "kotottpalya_10p_seta": 1, "kotottpalya_15p_seta": 1, "tavolsag_park_halozati_m": 543.6, "park_5p_seta": 0, "park_10p_seta": 1, "park_15p_seta": 1, "poi_5p_count": 3.0, "poi_10p_count": 23.0, "poi_15p_count": 66.0, "tavolsag_iskola_halozati_m": 946.7, "iskola_5p_seta": 0, "iskola_10p_seta": 0, "iskola_15p_seta": 1, "tavolsag_ovoda_halozati_m": 425.7, "ovoda_5p_seta": 0, "ovoda_10p_seta": 1, "ovoda_15p_seta": 1, "tavolsag_bolt_halozati_m": 509.2, "bolt_5p_seta": 0, "bolt_10p_seta": 1, "bolt_15p_seta": 1, "tavolsag_gyogyszertar_halozati_m": 377.8, "gyogyszertar_5p_seta": 0, "gyogyszertar_10p_seta": 1, "gyogyszertar_15p_seta": 1, "tavolsag_orvos_halozati_m": null, "orvos_5p_seta": 0, "orvos_10p_seta": 0, "orvos_15p_seta": 0, "legkozelebbi_vasut": "Kőbánya felső", "legkozelebbi_metro": "", "legkozelebbi_villamos": "Szent László Gimnázium", "legkozelebbi_busz": "Szent László Gimnázium", "legkozelebbi_park": "Rottenbiller park", "legkozelebbi_kotottpalya_tipus": "villamos" }, "geometry": { "type": "Point", "coordinates": [ 19.1401, 47.4872 ] } },
{ "type": "Feature", "properties": { "listing_id": "35462887", "listing_type": "elado", "cim_teljes": "Budapest X. kerület, Harmat utca 22.", "varosresz": "Óhegy", "price_huf": 101260000.0, "ar_millio_ft": 101.26, "ar_ezer_ft_ho": 101260.0, "nm_ar_huf": 1776491.2280701755, "log_ar": 18.433202024506038, "log_nm_ar": 14.390150756671487, "is_ar_outlier": 0, "alapterulet_nm": 57.0, "korrigalt_alapterulet_nm": 77.26, "szobaszam_osszes": 3.0, "allapot_kod": 6, "is_felujitando": 0, "is_ujszeru_vagy_uj": 1, "is_panel": 0, "is_tegla": 1, "has_lift": 1, "has_klima": 1, "has_erkely": 1, "is_foldszint": 0, "is_zaroszint": 0, "epulet_kora_ev": 0.0, "geokodolt_lat": 47.4872, "geokodolt_lon": 19.1401, "minta_garantalt_pontos": 1, "tavolsag_vasut_m": 552.6, "vasut_zona": "500-1000 m", "is_vasut_immisszio_150m": 0, "tavolsag_vasut_halozati_m": 968.0, "menetido_vasut_gyalog_perc": 12.9, "vasut_5p_seta": 0, "vasut_10p_seta": 0, "vasut_15p_seta": 1, "url": "https://ingatlan.com/35462887", "title": "Eladó tégla lakás - Budapest X. kerület, Harmat utca 22. #35462887", "postal_code": "1104", "varos": "Budapest", "utca": "Harmat utca", "hazszam_vegleges": "22", "allapot": "új építésű", "ingatlan_altipus": "Tégla lakás", "epites_eve": 2028.0, "epites_eve_kategoria": "Új építésű (2025+)", "erkely_nm": 40.52, "szobaszam_egesz": 3.0, "szobaszam_fel": 0.0, "szobaszam_kategoria": "3 szoba", "atlagos_szobameret_nm": 19.0, "emelet": "3", "emelet_szam": 3.0, "epulet_szintjei_szam": 5.0, "is_magas_emelet_lift_nelkul": 0, "futes": "mennyezeti hűtés-fűtés, hőszivattyú", "futes_kategoria": null, "has_tavfutes": 0, "has_konvektor": 0, "has_megujulo": 1, "has_garazs_vagy_beallo": 0, "energetikai_tanusitvany": "A", "butorozott": null, "koltozheto": null, "min_berleti_ido": null, "kertkapcsolatos": "nem", "kozos_koltseg_huf": null, "rezsikoltseg_huf": null, "hirdeto_tipus": "Ingatlaniroda", "iroda_neve": null, "leiras_hossz": 701.0, "fenykepek_szama": 4.0, "geokodolas_modszere": null, "geokodolas_pontossag": null, "price_eur": null, "nm_ar_eur": null, "kozos_koltseg_eur": null, "rezsikoltseg_eur": null, "kaucio_eur": null, "tavolsag_metro_halozati_m": null, "metro_5p_seta": 0, "metro_10p_seta": 0, "metro_15p_seta": 0, "tavolsag_villamos_halozati_m": 417.0, "villamos_5p_seta": 0, "villamos_10p_seta": 1, "villamos_15p_seta": 1, "tavolsag_busz_halozati_m": 233.1, "busz_5p_seta": 1, "busz_10p_seta": 1, "tavolsag_kotottpalya_halozati_m": 417.0, "kotottpalya_5p_seta": 0, "kotottpalya_10p_seta": 1, "kotottpalya_15p_seta": 1, "tavolsag_park_halozati_m": 543.6, "park_5p_seta": 0, "park_10p_seta": 1, "park_15p_seta": 1, "poi_5p_count": 3.0, "poi_10p_count": 23.0, "poi_15p_count": 66.0, "tavolsag_iskola_halozati_m": 946.7, "iskola_5p_seta": 0, "iskola_10p_seta": 0, "iskola_15p_seta": 1, "tavolsag_ovoda_halozati_m": 425.7, "ovoda_5p_seta": 0, "ovoda_10p_seta": 1, "ovoda_15p_seta": 1, "tavolsag_bolt_halozati_m": 509.2, "bolt_5p_seta": 0, "bolt_10p_seta": 1, "bolt_15p_seta": 1, "tavolsag_gyogyszertar_halozati_m": 377.8, "gyogyszertar_5p_seta": 0, "gyogyszertar_10p_seta": 1, "gyogyszertar_15p_seta": 1, "tavolsag_orvos_halozati_m": null, "orvos_5p_seta": 0, "orvos_10p_seta": 0, "orvos_15p_seta": 0, "legkozelebbi_vasut": "Kőbánya felső", "legkozelebbi_metro": "", "legkozelebbi_villamos": "Szent László Gimnázium", "legkozelebbi_busz": "Szent László Gimnázium", "legkozelebbi_park": "Rottenbiller park", "legkozelebbi_kotottpalya_tipus": "villamos" }, "geometry": { "type": "Point", "coordinates": [ 19.1401, 47.4872 ] } },
{ "type": "Feature", "properties": { "listing_id": "35462891", "listing_type": "elado", "cim_teljes": "Budapest X. kerület, Harmat utca 22.", "varosresz": "Óhegy", "price_huf": 141890000.0, "ar_millio_ft": 141.89, "ar_ezer_ft_ho": 141890.0, "nm_ar_huf": 1478020.8333333333, "log_ar": 18.770562667483496, "log_nm_ar": 14.20621447601566, "is_ar_outlier": 0, "alapterulet_nm": 96.0, "korrigalt_alapterulet_nm": 111.535, "szobaszam_osszes": 4.0, "allapot_kod": 6, "is_felujitando": 0, "is_ujszeru_vagy_uj": 1, "is_panel": 0, "is_tegla": 1, "has_lift": 1, "has_klima": 1, "has_erkely": 1, "is_foldszint": 0, "is_zaroszint": 0, "epulet_kora_ev": 0.0, "geokodolt_lat": 47.4872, "geokodolt_lon": 19.1401, "minta_garantalt_pontos": 1, "tavolsag_vasut_m": 552.6, "vasut_zona": "500-1000 m", "is_vasut_immisszio_150m": 0, "tavolsag_vasut_halozati_m": 968.0, "menetido_vasut_gyalog_perc": 12.9, "vasut_5p_seta": 0, "vasut_10p_seta": 0, "vasut_15p_seta": 1, "url": "https://ingatlan.com/35462891", "title": "Eladó tégla lakás - Budapest X. kerület, Harmat utca 22. #35462891", "postal_code": "1104", "varos": "Budapest", "utca": "Harmat utca", "hazszam_vegleges": "22", "allapot": "új építésű", "ingatlan_altipus": "Tégla lakás", "epites_eve": 2028.0, "epites_eve_kategoria": "Új építésű (2025+)", "erkely_nm": 31.07, "szobaszam_egesz": 4.0, "szobaszam_fel": 0.0, "szobaszam_kategoria": "4+ szoba", "atlagos_szobameret_nm": 24.0, "emelet": "3", "emelet_szam": 3.0, "epulet_szintjei_szam": 5.0, "is_magas_emelet_lift_nelkul": 0, "futes": "mennyezeti hűtés-fűtés, hőszivattyú", "futes_kategoria": null, "has_tavfutes": 0, "has_konvektor": 0, "has_megujulo": 1, "has_garazs_vagy_beallo": 0, "energetikai_tanusitvany": "A", "butorozott": null, "koltozheto": null, "min_berleti_ido": null, "kertkapcsolatos": "nem", "kozos_koltseg_huf": null, "rezsikoltseg_huf": null, "hirdeto_tipus": "Ingatlaniroda", "iroda_neve": null, "leiras_hossz": 701.0, "fenykepek_szama": 4.0, "geokodolas_modszere": null, "geokodolas_pontossag": null, "price_eur": null, "nm_ar_eur": null, "kozos_koltseg_eur": null, "rezsikoltseg_eur": null, "kaucio_eur": null, "tavolsag_metro_halozati_m": null, "metro_5p_seta": 0, "metro_10p_seta": 0, "metro_15p_seta": 0, "tavolsag_villamos_halozati_m": 417.0, "villamos_5p_seta": 0, "villamos_10p_seta": 1, "villamos_15p_seta": 1, "tavolsag_busz_halozati_m": 233.1, "busz_5p_seta": 1, "busz_10p_seta": 1, "tavolsag_kotottpalya_halozati_m": 417.0, "kotottpalya_5p_seta": 0, "kotottpalya_10p_seta": 1, "kotottpalya_15p_seta": 1, "tavolsag_park_halozati_m": 543.6, "park_5p_seta": 0, "park_10p_seta": 1, "park_15p_seta": 1, "poi_5p_count": 3.0, "poi_10p_count": 23.0, "poi_15p_count": 66.0, "tavolsag_iskola_halozati_m": 946.7, "iskola_5p_seta": 0, "iskola_10p_seta": 0, "iskola_15p_seta": 1, "tavolsag_ovoda_halozati_m": 425.7, "ovoda_5p_seta": 0, "ovoda_10p_seta": 1, "ovoda_15p_seta": 1, "tavolsag_bolt_halozati_m": 509.2, "bolt_5p_seta": 0, "bolt_10p_seta": 1, "bolt_15p_seta": 1, "tavolsag_gyogyszertar_halozati_m": 377.8, "gyogyszertar_5p_seta": 0, "gyogyszertar_10p_seta": 1, "gyogyszertar_15p_seta": 1, "tavolsag_orvos_halozati_m": null, "orvos_5p_seta": 0, "orvos_10p_seta": 0, "orvos_15p_seta": 0, "legkozelebbi_vasut": "Kőbánya felső", "legkozelebbi_metro": "", "legkozelebbi_villamos": "Szent László Gimnázium", "legkozelebbi_busz": "Szent László Gimnázium", "legkozelebbi_park": "Rottenbiller park", "legkozelebbi_kotottpalya_tipus": "villamos" }, "geometry": { "type": "Point", "coordinates": [ 19.1401, 47.4872 ] } },
{ "type": "Feature", "properties": { "listing_id": "35462901", "listing_type": "elado", "cim_teljes": "Budapest X. kerület, Harmat utca 22.", "varosresz": "Óhegy", "price_huf": 131690000.0, "ar_millio_ft": 131.69, "ar_ezer_ft_ho": 131690.0, "nm_ar_huf": 1416021.5053763441, "log_ar": 18.695961233686404, "log_nm_ar": 14.163361740533148, "is_ar_outlier": 0, "alapterulet_nm": 93.0, "korrigalt_alapterulet_nm": 106.485, "szobaszam_osszes": 4.0, "allapot_kod": 6, "is_felujitando": 0, "is_ujszeru_vagy_uj": 1, "is_panel": 0, "is_tegla": 1, "has_lift": 1, "has_klima": 1, "has_erkely": 1, "is_foldszint": 0, "is_zaroszint": 0, "epulet_kora_ev": 0.0, "geokodolt_lat": 47.4872, "geokodolt_lon": 19.1401, "minta_garantalt_pontos": 1, "tavolsag_vasut_m": 552.6, "vasut_zona": "500-1000 m", "is_vasut_immisszio_150m": 0, "tavolsag_vasut_halozati_m": 968.0, "menetido_vasut_gyalog_perc": 12.9, "vasut_5p_seta": 0, "vasut_10p_seta": 0, "vasut_15p_seta": 1, "url": "https://ingatlan.com/35462901", "title": "Eladó tégla lakás - Budapest X. kerület, Harmat utca 22. #35462901", "postal_code": "1104", "varos": "Budapest", "utca": "Harmat utca", "hazszam_vegleges": "22", "allapot": "új építésű", "ingatlan_altipus": "Tégla lakás", "epites_eve": 2028.0, "epites_eve_kategoria": "Új építésű (2025+)", "erkely_nm": 26.97, "szobaszam_egesz": 4.0, "szobaszam_fel": 0.0, "szobaszam_kategoria": "4+ szoba", "atlagos_szobameret_nm": 23.25, "emelet": "2", "emelet_szam": 2.0, "epulet_szintjei_szam": 5.0, "is_magas_emelet_lift_nelkul": 0, "futes": "mennyezeti hűtés-fűtés, hőszivattyú", "futes_kategoria": null, "has_tavfutes": 0, "has_konvektor": 0, "has_megujulo": 1, "has_garazs_vagy_beallo": 0, "energetikai_tanusitvany": "A", "butorozott": null, "koltozheto": null, "min_berleti_ido": null, "kertkapcsolatos": "nem", "kozos_koltseg_huf": null, "rezsikoltseg_huf": null, "hirdeto_tipus": "Ingatlaniroda", "iroda_neve": null, "leiras_hossz": 701.0, "fenykepek_szama": 4.0, "geokodolas_modszere": null, "geokodolas_pontossag": null, "price_eur": null, "nm_ar_eur": null, "kozos_koltseg_eur": null, "rezsikoltseg_eur": null, "kaucio_eur": null, "tavolsag_metro_halozati_m": null, "metro_5p_seta": 0, "metro_10p_seta": 0, "metro_15p_seta": 0, "tavolsag_villamos_halozati_m": 417.0, "villamos_5p_seta": 0, "villamos_10p_seta": 1, "villamos_15p_seta": 1, "tavolsag_busz_halozati_m": 233.1, "busz_5p_seta": 1, "busz_10p_seta": 1, "tavolsag_kotottpalya_halozati_m": 417.0, "kotottpalya_5p_seta": 0, "kotottpalya_10p_seta": 1, "kotottpalya_15p_seta": 1, "tavolsag_park_halozati_m": 543.6, "park_5p_seta": 0, "park_10p_seta": 1, "park_15p_seta": 1, "poi_5p_count": 3.0, "poi_10p_count": 23.0, "poi_15p_count": 66.0, "tavolsag_iskola_halozati_m": 946.7, "iskola_5p_seta": 0, "iskola_10p_seta": 0, "iskola_15p_seta": 1, "tavolsag_ovoda_halozati_m": 425.7, "ovoda_5p_seta": 0, "ovoda_10p_seta": 1, "ovoda_15p_seta": 1, "tavolsag_bolt_halozati_m": 509.2, "bolt_5p_seta": 0, "bolt_10p_seta": 1, "bolt_15p_seta": 1, "tavolsag_gyogyszertar_halozati_m": 377.8, "gyogyszertar_5p_seta": 0, "gyogyszertar_10p_seta": 1, "gyogyszertar_15p_seta": 1, "tavolsag_orvos_halozati_m": null, "orvos_5p_seta": 0, "orvos_10p_seta": 0, "orvos_15p_seta": 0, "legkozelebbi_vasut": "Kőbánya felső", "legkozelebbi_metro": "", "legkozelebbi_villamos": "Szent László Gimnázium", "legkozelebbi_busz": "Szent László Gimnázium", "legkozelebbi_park": "Rottenbiller park", "legkozelebbi_kotottpalya_tipus": "villamos" }, "geometry": { "type": "Point", "coordinates": [ 19.1401, 47.4872 ] } },
{ "type": "Feature", "properties": { "listing_id": "35462903", "listing_type": "elado", "cim_teljes": "Budapest X. kerület, Harmat utca 22.", "varosresz": "Óhegy", "price_huf": 73440000.0, "ar_millio_ft": 73.44, "ar_ezer_ft_ho": 73440.0, "nm_ar_huf": 1385660.3773584906, "log_ar": 18.11197930427651, "log_nm_ar": 14.141687390724387, "is_ar_outlier": 0, "alapterulet_nm": 53.0, "korrigalt_alapterulet_nm": 55.885, "szobaszam_osszes": 2.0, "allapot_kod": 6, "is_felujitando": 0, "is_ujszeru_vagy_uj": 1, "is_panel": 0, "is_tegla": 1, "has_lift": 1, "has_klima": 1, "has_erkely": 1, "is_foldszint": 0, "is_zaroszint": 0, "epulet_kora_ev": 0.0, "geokodolt_lat": 47.4872, "geokodolt_lon": 19.1401, "minta_garantalt_pontos": 1, "tavolsag_vasut_m": 552.6, "vasut_zona": "500-1000 m", "is_vasut_immisszio_150m": 0, "tavolsag_vasut_halozati_m": 968.0, "menetido_vasut_gyalog_perc": 12.9, "vasut_5p_seta": 0, "vasut_10p_seta": 0, "vasut_15p_seta": 1, "url": "https://ingatlan.com/35462903", "title": "Eladó tégla lakás - Budapest X. kerület, Harmat utca 22. #35462903", "postal_code": "1104", "varos": "Budapest", "utca": "Harmat utca", "hazszam_vegleges": "22", "allapot": "új építésű", "ingatlan_altipus": "Tégla lakás", "epites_eve": 2028.0, "epites_eve_kategoria": "Új építésű (2025+)", "erkely_nm": 5.77, "szobaszam_egesz": 2.0, "szobaszam_fel": 0.0, "szobaszam_kategoria": "2 szoba", "atlagos_szobameret_nm": 26.5, "emelet": "1", "emelet_szam": 1.0, "epulet_szintjei_szam": 5.0, "is_magas_emelet_lift_nelkul": 0, "futes": "mennyezeti hűtés-fűtés, hőszivattyú", "futes_kategoria": null, "has_tavfutes": 0, "has_konvektor": 0, "has_megujulo": 1, "has_garazs_vagy_beallo": 0, "energetikai_tanusitvany": "A", "butorozott": null, "koltozheto": null, "min_berleti_ido": null, "kertkapcsolatos": "nem", "kozos_koltseg_huf": null, "rezsikoltseg_huf": null, "hirdeto_tipus": "Ingatlaniroda", "iroda_neve": null, "leiras_hossz": 701.0, "fenykepek_szama": 4.0, "geokodolas_modszere": null, "geokodolas_pontossag": null, "price_eur": null, "nm_ar_eur": null, "kozos_koltseg_eur": null, "rezsikoltseg_eur": null, "kaucio_eur": null, "tavolsag_metro_halozati_m": null, "metro_5p_seta": 0, "metro_10p_seta": 0, "metro_15p_seta": 0, "tavolsag_villamos_halozati_m": 417.0, "villamos_5p_seta": 0, "villamos_10p_seta": 1, "villamos_15p_seta": 1, "tavolsag_busz_halozati_m": 233.1, "busz_5p_seta": 1, "busz_10p_seta": 1, "tavolsag_kotottpalya_halozati_m": 417.0, "kotottpalya_5p_seta": 0, "kotottpalya_10p_seta": 1, "kotottpalya_15p_seta": 1, "tavolsag_park_halozati_m": 543.6, "park_5p_seta": 0, "park_10p_seta": 1, "park_15p_seta": 1, "poi_5p_count": 3.0, "poi_10p_count": 23.0, "poi_15p_count": 66.0, "tavolsag_iskola_halozati_m": 946.7, "iskola_5p_seta": 0, "iskola_10p_seta": 0, "iskola_15p_seta": 1, "tavolsag_ovoda_halozati_m": 425.7, "ovoda_5p_seta": 0, "ovoda_10p_seta": 1, "ovoda_15p_seta": 1, "tavolsag_bolt_halozati_m": 509.2, "bolt_5p_seta": 0, "bolt_10p_seta": 1, "bolt_15p_seta": 1, "tavolsag_gyogyszertar_halozati_m": 377.8, "gyogyszertar_5p_seta": 0, "gyogyszertar_10p_seta": 1, "gyogyszertar_15p_seta": 1, "tavolsag_orvos_halozati_m": null, "orvos_5p_seta": 0, "orvos_10p_seta": 0, "orvos_15p_seta": 0, "legkozelebbi_vasut": "Kőbánya felső", "legkozelebbi_metro": "", "legkozelebbi_villamos": "Szent László Gimnázium", "legkozelebbi_busz": "Szent László Gimnázium", "legkozelebbi_park": "Rottenbiller park", "legkozelebbi_kotottpalya_tipus": "villamos" }, "geometry": { "type": "Point", "coordinates": [ 19.1401, 47.4872 ] } },
{ "type": "Feature", "properties": { "listing_id": "35462905", "listing_type": "elado", "cim_teljes": "Budapest X. kerület, Harmat utca 22.", "varosresz": "Óhegy", "price_huf": 73290000.0, "ar_millio_ft": 73.29, "ar_ezer_ft_ho": 73290.0, "nm_ar_huf": 1495714.2857142857, "log_ar": 18.109934731902033, "log_nm_ar": 14.218114433791406, "is_ar_outlier": 0, "alapterulet_nm": 49.0, "korrigalt_alapterulet_nm": 56.905, "szobaszam_osszes": 2.0, "allapot_kod": 6, "is_felujitando": 0, "is_ujszeru_vagy_uj": 1, "is_panel": 0, "is_tegla": 1, "has_lift": 1, "has_klima": 1, "has_erkely": 1, "is_foldszint": 0, "is_zaroszint": 0, "epulet_kora_ev": 0.0, "geokodolt_lat": 47.4872, "geokodolt_lon": 19.1401, "minta_garantalt_pontos": 1, "tavolsag_vasut_m": 552.6, "vasut_zona": "500-1000 m", "is_vasut_immisszio_150m": 0, "tavolsag_vasut_halozati_m": 968.0, "menetido_vasut_gyalog_perc": 12.9, "vasut_5p_seta": 0, "vasut_10p_seta": 0, "vasut_15p_seta": 1, "url": "https://ingatlan.com/35462905", "title": "Eladó tégla lakás - Budapest X. kerület, Harmat utca 22. #35462905", "postal_code": "1104", "varos": "Budapest", "utca": "Harmat utca", "hazszam_vegleges": "22", "allapot": "új építésű", "ingatlan_altipus": "Tégla lakás", "epites_eve": 2028.0, "epites_eve_kategoria": "Új építésű (2025+)", "erkely_nm": 15.81, "szobaszam_egesz": 2.0, "szobaszam_fel": 0.0, "szobaszam_kategoria": "2 szoba", "atlagos_szobameret_nm": 24.5, "emelet": "1", "emelet_szam": 1.0, "epulet_szintjei_szam": 5.0, "is_magas_emelet_lift_nelkul": 0, "futes": "mennyezeti hűtés-fűtés, hőszivattyú", "futes_kategoria": null, "has_tavfutes": 0, "has_konvektor": 0, "has_megujulo": 1, "has_garazs_vagy_beallo": 0, "energetikai_tanusitvany": "A", "butorozott": null, "koltozheto": null, "min_berleti_ido": null, "kertkapcsolatos": "nem", "kozos_koltseg_huf": null, "rezsikoltseg_huf": null, "hirdeto_tipus": "Ingatlaniroda", "iroda_neve": null, "leiras_hossz": 701.0, "fenykepek_szama": 4.0, "geokodolas_modszere": null, "geokodolas_pontossag": null, "price_eur": null, "nm_ar_eur": null, "kozos_koltseg_eur": null, "rezsikoltseg_eur": null, "kaucio_eur": null, "tavolsag_metro_halozati_m": null, "metro_5p_seta": 0, "metro_10p_seta": 0, "metro_15p_seta": 0, "tavolsag_villamos_halozati_m": 417.0, "villamos_5p_seta": 0, "villamos_10p_seta": 1, "villamos_15p_seta": 1, "tavolsag_busz_halozati_m": 233.1, "busz_5p_seta": 1, "busz_10p_seta": 1, "tavolsag_kotottpalya_halozati_m": 417.0, "kotottpalya_5p_seta": 0, "kotottpalya_10p_seta": 1, "kotottpalya_15p_seta": 1, "tavolsag_park_halozati_m": 543.6, "park_5p_seta": 0, "park_10p_seta": 1, "park_15p_seta": 1, "poi_5p_count": 3.0, "poi_10p_count": 23.0, "poi_15p_count": 66.0, "tavolsag_iskola_halozati_m": 946.7, "iskola_5p_seta": 0, "iskola_10p_seta": 0, "iskola_15p_seta": 1, "tavolsag_ovoda_halozati_m": 425.7, "ovoda_5p_seta": 0, "ovoda_10p_seta": 1, "ovoda_15p_seta": 1, "tavolsag_bolt_halozati_m": 509.2, "bolt_5p_seta": 0, "bolt_10p_seta": 1, "bolt_15p_seta": 1, "tavolsag_gyogyszertar_halozati_m": 377.8, "gyogyszertar_5p_seta": 0, "gyogyszertar_10p_seta": 1, "gyogyszertar_15p_seta": 1, "tavolsag_orvos_halozati_m": null, "orvos_5p_seta": 0, "orvos_10p_seta": 0, "orvos_15p_seta": 0, "legkozelebbi_vasut": "Kőbánya felső", "legkozelebbi_metro": "", "legkozelebbi_villamos": "Szent László Gimnázium", "legkozelebbi_busz": "Szent László Gimnázium", "legkozelebbi_park": "Rottenbiller park", "legkozelebbi_kotottpalya_tipus": "villamos" }, "geometry": { "type": "Point", "coordinates": [ 19.1401, 47.4872 ] } },
{ "type": "Feature", "properties": { "listing_id": "35462908", "listing_type": "elado", "cim_teljes": "Budapest X. kerület, Harmat utca 22.", "varosresz": "Óhegy", "price_huf": 74560000.0, "ar_millio_ft": 74.56, "ar_ezer_ft_ho": 74560.0, "nm_ar_huf": 1406792.4528301887, "log_ar": 18.12711472834161, "log_nm_ar": 14.156822814789487, "is_ar_outlier": 0, "alapterulet_nm": 53.0, "korrigalt_alapterulet_nm": 55.885, "szobaszam_osszes": 2.0, "allapot_kod": 6, "is_felujitando": 0, "is_ujszeru_vagy_uj": 1, "is_panel": 0, "is_tegla": 1, "has_lift": 1, "has_klima": 1, "has_erkely": 1, "is_foldszint": 0, "is_zaroszint": 0, "epulet_kora_ev": 0.0, "geokodolt_lat": 47.4872, "geokodolt_lon": 19.1401, "minta_garantalt_pontos": 1, "tavolsag_vasut_m": 552.6, "vasut_zona": "500-1000 m", "is_vasut_immisszio_150m": 0, "tavolsag_vasut_halozati_m": 968.0, "menetido_vasut_gyalog_perc": 12.9, "vasut_5p_seta": 0, "vasut_10p_seta": 0, "vasut_15p_seta": 1, "url": "https://ingatlan.com/35462908", "title": "Eladó tégla lakás - Budapest X. kerület, Harmat utca 22. #35462908", "postal_code": "1104", "varos": "Budapest", "utca": "Harmat utca", "hazszam_vegleges": "22", "allapot": "új építésű", "ingatlan_altipus": "Tégla lakás", "epites_eve": 2028.0, "epites_eve_kategoria": "Új építésű (2025+)", "erkely_nm": 5.77, "szobaszam_egesz": 2.0, "szobaszam_fel": 0.0, "szobaszam_kategoria": "2 szoba", "atlagos_szobameret_nm": 26.5, "emelet": "2", "emelet_szam": 2.0, "epulet_szintjei_szam": 5.0, "is_magas_emelet_lift_nelkul": 0, "futes": "mennyezeti hűtés-fűtés, hőszivattyú", "futes_kategoria": null, "has_tavfutes": 0, "has_konvektor": 0, "has_megujulo": 1, "has_garazs_vagy_beallo": 0, "energetikai_tanusitvany": "A", "butorozott": null, "koltozheto": null, "min_berleti_ido": null, "kertkapcsolatos": "nem", "kozos_koltseg_huf": null, "rezsikoltseg_huf": null, "hirdeto_tipus": "Ingatlaniroda", "iroda_neve": null, "leiras_hossz": 701.0, "fenykepek_szama": 4.0, "geokodolas_modszere": null, "geokodolas_pontossag": null, "price_eur": null, "nm_ar_eur": null, "kozos_koltseg_eur": null, "rezsikoltseg_eur": null, "kaucio_eur": null, "tavolsag_metro_halozati_m": null, "metro_5p_seta": 0, "metro_10p_seta": 0, "metro_15p_seta": 0, "tavolsag_villamos_halozati_m": 417.0, "villamos_5p_seta": 0, "villamos_10p_seta": 1, "villamos_15p_seta": 1, "tavolsag_busz_halozati_m": 233.1, "busz_5p_seta": 1, "busz_10p_seta": 1, "tavolsag_kotottpalya_halozati_m": 417.0, "kotottpalya_5p_seta": 0, "kotottpalya_10p_seta": 1, "kotottpalya_15p_seta": 1, "tavolsag_park_halozati_m": 543.6, "park_5p_seta": 0, "park_10p_seta": 1, "park_15p_seta": 1, "poi_5p_count": 3.0, "poi_10p_count": 23.0, "poi_15p_count": 66.0, "tavolsag_iskola_halozati_m": 946.7, "iskola_5p_seta": 0, "iskola_10p_seta": 0, "iskola_15p_seta": 1, "tavolsag_ovoda_halozati_m": 425.7, "ovoda_5p_seta": 0, "ovoda_10p_seta": 1, "ovoda_15p_seta": 1, "tavolsag_bolt_halozati_m": 509.2, "bolt_5p_seta": 0, "bolt_10p_seta": 1, "bolt_15p_seta": 1, "tavolsag_gyogyszertar_halozati_m": 377.8, "gyogyszertar_5p_seta": 0, "gyogyszertar_10p_seta": 1, "gyogyszertar_15p_seta": 1, "tavolsag_orvos_halozati_m": null, "orvos_5p_seta": 0, "orvos_10p_seta": 0, "orvos_15p_seta": 0, "legkozelebbi_vasut": "Kőbánya felső", "legkozelebbi_metro": "", "legkozelebbi_villamos": "Szent László Gimnázium", "legkozelebbi_busz": "Szent László Gimnázium", "legkozelebbi_park": "Rottenbiller park", "legkozelebbi_kotottpalya_tipus": "villamos" }, "geometry": { "type": "Point", "coordinates": [ 19.1401, 47.4872 ] } },
{ "type": "Feature", "properties": { "listing_id": "35462915", "listing_type": "elado", "cim_teljes": "Budapest X. kerület, Harmat utca 22.", "varosresz": "Óhegy", "price_huf": 65760000.0, "ar_millio_ft": 65.76, "ar_ezer_ft_ho": 65760.0, "nm_ar_huf": 1494545.4545454546, "log_ar": 18.0015223087122, "log_nm_ar": 14.217332674793937, "is_ar_outlier": 0, "alapterulet_nm": 44.0, "korrigalt_alapterulet_nm": 49.125, "szobaszam_osszes": 2.0, "allapot_kod": 6, "is_felujitando": 0, "is_ujszeru_vagy_uj": 1, "is_panel": 0, "is_tegla": 1, "has_lift": 1, "has_klima": 1, "has_erkely": 1, "is_foldszint": 0, "is_zaroszint": 0, "epulet_kora_ev": 0.0, "geokodolt_lat": 47.4872, "geokodolt_lon": 19.1401, "minta_garantalt_pontos": 1, "tavolsag_vasut_m": 552.6, "vasut_zona": "500-1000 m", "is_vasut_immisszio_150m": 0, "tavolsag_vasut_halozati_m": 968.0, "menetido_vasut_gyalog_perc": 12.9, "vasut_5p_seta": 0, "vasut_10p_seta": 0, "vasut_15p_seta": 1, "url": "https://ingatlan.com/35462915", "title": "Eladó tégla lakás - Budapest X. kerület, Harmat utca 22. #35462915", "postal_code": "1104", "varos": "Budapest", "utca": "Harmat utca", "hazszam_vegleges": "22", "allapot": "új építésű", "ingatlan_altipus": "Tégla lakás", "epites_eve": 2028.0, "epites_eve_kategoria": "Új építésű (2025+)", "erkely_nm": 10.25, "szobaszam_egesz": 2.0, "szobaszam_fel": 0.0, "szobaszam_kategoria": "2 szoba", "atlagos_szobameret_nm": 22.0, "emelet": "2", "emelet_szam": 2.0, "epulet_szintjei_szam": 5.0, "is_magas_emelet_lift_nelkul": 0, "futes": "mennyezeti hűtés-fűtés, hőszivattyú", "futes_kategoria": null, "has_tavfutes": 0, "has_konvektor": 0, "has_megujulo": 1, "has_garazs_vagy_beallo": 0, "energetikai_tanusitvany": "A", "butorozott": null, "koltozheto": null, "min_berleti_ido": null, "kertkapcsolatos": "nem", "kozos_koltseg_huf": null, "rezsikoltseg_huf": null, "hirdeto_tipus": "Ingatlaniroda", "iroda_neve": null, "leiras_hossz": 701.0, "fenykepek_szama": 4.0, "geokodolas_modszere": null, "geokodolas_pontossag": null, "price_eur": null, "nm_ar_eur": null, "kozos_koltseg_eur": null, "rezsikoltseg_eur": null, "kaucio_eur": null, "tavolsag_metro_halozati_m": null, "metro_5p_seta": 0, "metro_10p_seta": 0, "metro_15p_seta": 0, "tavolsag_villamos_halozati_m": 417.0, "villamos_5p_seta": 0, "villamos_10p_seta": 1, "villamos_15p_seta": 1, "tavolsag_busz_halozati_m": 233.1, "busz_5p_seta": 1, "busz_10p_seta": 1, "tavolsag_kotottpalya_halozati_m": 417.0, "kotottpalya_5p_seta": 0, "kotottpalya_10p_seta": 1, "kotottpalya_15p_seta": 1, "tavolsag_park_halozati_m": 543.6, "park_5p_seta": 0, "park_10p_seta": 1, "park_15p_seta": 1, "poi_5p_count": 3.0, "poi_10p_count": 23.0, "poi_15p_count": 66.0, "tavolsag_iskola_halozati_m": 946.7, "iskola_5p_seta": 0, "iskola_10p_seta": 0, "iskola_15p_seta": 1, "tavolsag_ovoda_halozati_m": 425.7, "ovoda_5p_seta": 0, "ovoda_10p_seta": 1, "ovoda_15p_seta": 1, "tavolsag_bolt_halozati_m": 509.2, "bolt_5p_seta": 0, "bolt_10p_seta": 1, "bolt_15p_seta": 1, "tavolsag_gyogyszertar_halozati_m": 377.8, "gyogyszertar_5p_seta": 0, "gyogyszertar_10p_seta": 1, "gyogyszertar_15p_seta": 1, "tavolsag_orvos_halozati_m": null, "orvos_5p_seta": 0, "orvos_10p_seta": 0, "orvos_15p_seta": 0, "legkozelebbi_vasut": "Kőbánya felső", "legkozelebbi_metro": "", "legkozelebbi_villamos": "Szent László Gimnázium", "legkozelebbi_busz": "Szent László Gimnázium", "legkozelebbi_park": "Rottenbiller park", "legkozelebbi_kotottpalya_tipus": "villamos" }, "geometry": { "type": "Point", "coordinates": [ 19.1401, 47.4872 ] } },
{ "type": "Feature", "properties": { "listing_id": "35462916", "listing_type": "elado", "cim_teljes": "Budapest X. kerület, Harmat utca 22.", "varosresz": "Óhegy", "price_huf": 74440000.0, "ar_millio_ft": 74.44, "ar_ezer_ft_ho": 74440.0, "nm_ar_huf": 1519183.6734693877, "log_ar": 18.125503989738323, "log_nm_ar": 14.233683691627698, "is_ar_outlier": 0, "alapterulet_nm": 49.0, "korrigalt_alapterulet_nm": 56.905, "szobaszam_osszes": 2.0, "allapot_kod": 6, "is_felujitando": 0, "is_ujszeru_vagy_uj": 1, "is_panel": 0, "is_tegla": 1, "has_lift": 1, "has_klima": 1, "has_erkely": 1, "is_foldszint": 0, "is_zaroszint": 0, "epulet_kora_ev": 0.0, "geokodolt_lat": 47.4872, "geokodolt_lon": 19.1401, "minta_garantalt_pontos": 1, "tavolsag_vasut_m": 552.6, "vasut_zona": "500-1000 m", "is_vasut_immisszio_150m": 0, "tavolsag_vasut_halozati_m": 968.0, "menetido_vasut_gyalog_perc": 12.9, "vasut_5p_seta": 0, "vasut_10p_seta": 0, "vasut_15p_seta": 1, "url": "https://ingatlan.com/35462916", "title": "Eladó tégla lakás - Budapest X. kerület, Harmat utca 22. #35462916", "postal_code": "1104", "varos": "Budapest", "utca": "Harmat utca", "hazszam_vegleges": "22", "allapot": "új építésű", "ingatlan_altipus": "Tégla lakás", "epites_eve": 2028.0, "epites_eve_kategoria": "Új építésű (2025+)", "erkely_nm": 15.81, "szobaszam_egesz": 2.0, "szobaszam_fel": 0.0, "szobaszam_kategoria": "2 szoba", "atlagos_szobameret_nm": 24.5, "emelet": "2", "emelet_szam": 2.0, "epulet_szintjei_szam": 5.0, "is_magas_emelet_lift_nelkul": 0, "futes": "mennyezeti hűtés-fűtés, hőszivattyú", "futes_kategoria": null, "has_tavfutes": 0, "has_konvektor": 0, "has_megujulo": 1, "has_garazs_vagy_beallo": 0, "energetikai_tanusitvany": "A", "butorozott": null, "koltozheto": null, "min_berleti_ido": null, "kertkapcsolatos": "nem", "kozos_koltseg_huf": null, "rezsikoltseg_huf": null, "hirdeto_tipus": "Ingatlaniroda", "iroda_neve": null, "leiras_hossz": 701.0, "fenykepek_szama": 4.0, "geokodolas_modszere": null, "geokodolas_pontossag": null, "price_eur": null, "nm_ar_eur": null, "kozos_koltseg_eur": null, "rezsikoltseg_eur": null, "kaucio_eur": null, "tavolsag_metro_halozati_m": null, "metro_5p_seta": 0, "metro_10p_seta": 0, "metro_15p_seta": 0, "tavolsag_villamos_halozati_m": 417.0, "villamos_5p_seta": 0, "villamos_10p_seta": 1, "villamos_15p_seta": 1, "tavolsag_busz_halozati_m": 233.1, "busz_5p_seta": 1, "busz_10p_seta": 1, "tavolsag_kotottpalya_halozati_m": 417.0, "kotottpalya_5p_seta": 0, "kotottpalya_10p_seta": 1, "kotottpalya_15p_seta": 1, "tavolsag_park_halozati_m": 543.6, "park_5p_seta": 0, "park_10p_seta": 1, "park_15p_seta": 1, "poi_5p_count": 3.0, "poi_10p_count": 23.0, "poi_15p_count": 66.0, "tavolsag_iskola_halozati_m": 946.7, "iskola_5p_seta": 0, "iskola_10p_seta": 0, "iskola_15p_seta": 1, "tavolsag_ovoda_halozati_m": 425.7, "ovoda_5p_seta": 0, "ovoda_10p_seta": 1, "ovoda_15p_seta": 1, "tavolsag_bolt_halozati_m": 509.2, "bolt_5p_seta": 0, "bolt_10p_seta": 1, "bolt_15p_seta": 1, "tavolsag_gyogyszertar_halozati_m": 377.8, "gyogyszertar_5p_seta": 0, "gyogyszertar_10p_seta": 1, "gyogyszertar_15p_seta": 1, "tavolsag_orvos_halozati_m": null, "orvos_5p_seta": 0, "orvos_10p_seta": 0, "orvos_15p_seta": 0, "legkozelebbi_vasut": "Kőbánya felső", "legkozelebbi_metro": "", "legkozelebbi_villamos": "Szent László Gimnázium", "legkozelebbi_busz": "Szent László Gimnázium", "legkozelebbi_park": "Rottenbiller park", "legkozelebbi_kotottpalya_tipus": "villamos" }, "geometry": { "type": "Point", "coordinates": [ 19.1401, 47.4872 ] } },
{ "type": "Feature", "properties": { "listing_id": "35462921", "listing_type": "elado", "cim_teljes": "Budapest X. kerület, Harmat utca 22.", "varosresz": "Óhegy", "price_huf": 71040000.0, "ar_millio_ft": 71.04, "ar_ezer_ft_ho": 71040.0, "nm_ar_huf": 1614545.4545454546, "log_ar": 18.078753656648189, "log_nm_ar": 14.294564022729928, "is_ar_outlier": 0, "alapterulet_nm": 44.0, "korrigalt_alapterulet_nm": 47.65, "szobaszam_osszes": 2.0, "allapot_kod": 6, "is_felujitando": 0, "is_ujszeru_vagy_uj": 1, "is_panel": 0, "is_tegla": 1, "has_lift": 1, "has_klima": 1, "has_erkely": 1, "is_foldszint": 1, "is_zaroszint": 0, "epulet_kora_ev": 0.0, "geokodolt_lat": 47.4872, "geokodolt_lon": 19.1401, "minta_garantalt_pontos": 1, "tavolsag_vasut_m": 552.6, "vasut_zona": "500-1000 m", "is_vasut_immisszio_150m": 0, "tavolsag_vasut_halozati_m": 968.0, "menetido_vasut_gyalog_perc": 12.9, "vasut_5p_seta": 0, "vasut_10p_seta": 0, "vasut_15p_seta": 1, "url": "https://ingatlan.com/35462921", "title": "Eladó tégla lakás - Budapest X. kerület, Harmat utca 22. #35462921", "postal_code": "1104", "varos": "Budapest", "utca": "Harmat utca", "hazszam_vegleges": "22", "allapot": "új építésű", "ingatlan_altipus": "Tégla lakás", "epites_eve": 2028.0, "epites_eve_kategoria": "Új építésű (2025+)", "erkely_nm": 7.3, "szobaszam_egesz": 2.0, "szobaszam_fel": 0.0, "szobaszam_kategoria": "2 szoba", "atlagos_szobameret_nm": 22.0, "emelet": "földszint", "emelet_szam": 0.0, "epulet_szintjei_szam": 5.0, "is_magas_emelet_lift_nelkul": 0, "futes": "mennyezeti hűtés-fűtés, hőszivattyú", "futes_kategoria": null, "has_tavfutes": 0, "has_konvektor": 0, "has_megujulo": 1, "has_garazs_vagy_beallo": 0, "energetikai_tanusitvany": "A", "butorozott": null, "koltozheto": null, "min_berleti_ido": null, "kertkapcsolatos": "igen", "kozos_koltseg_huf": null, "rezsikoltseg_huf": null, "hirdeto_tipus": "Ingatlaniroda", "iroda_neve": null, "leiras_hossz": 701.0, "fenykepek_szama": 4.0, "geokodolas_modszere": null, "geokodolas_pontossag": null, "price_eur": null, "nm_ar_eur": null, "kozos_koltseg_eur": null, "rezsikoltseg_eur": null, "kaucio_eur": null, "tavolsag_metro_halozati_m": null, "metro_5p_seta": 0, "metro_10p_seta": 0, "metro_15p_seta": 0, "tavolsag_villamos_halozati_m": 417.0, "villamos_5p_seta": 0, "villamos_10p_seta": 1, "villamos_15p_seta": 1, "tavolsag_busz_halozati_m": 233.1, "busz_5p_seta": 1, "busz_10p_seta": 1, "tavolsag_kotottpalya_halozati_m": 417.0, "kotottpalya_5p_seta": 0, "kotottpalya_10p_seta": 1, "kotottpalya_15p_seta": 1, "tavolsag_park_halozati_m": 543.6, "park_5p_seta": 0, "park_10p_seta": 1, "park_15p_seta": 1, "poi_5p_count": 3.0, "poi_10p_count": 23.0, "poi_15p_count": 66.0, "tavolsag_iskola_halozati_m": 946.7, "iskola_5p_seta": 0, "iskola_10p_seta": 0, "iskola_15p_seta": 1, "tavolsag_ovoda_halozati_m": 425.7, "ovoda_5p_seta": 0, "ovoda_10p_seta": 1, "ovoda_15p_seta": 1, "tavolsag_bolt_halozati_m": 509.2, "bolt_5p_seta": 0, "bolt_10p_seta": 1, "bolt_15p_seta": 1, "tavolsag_gyogyszertar_halozati_m": 377.8, "gyogyszertar_5p_seta": 0, "gyogyszertar_10p_seta": 1, "gyogyszertar_15p_seta": 1, "tavolsag_orvos_halozati_m": null, "orvos_5p_seta": 0, "orvos_10p_seta": 0, "orvos_15p_seta": 0, "legkozelebbi_vasut": "Kőbánya felső", "legkozelebbi_metro": "", "legkozelebbi_villamos": "Szent László Gimnázium", "legkozelebbi_busz": "Szent László Gimnázium", "legkozelebbi_park": "Rottenbiller park", "legkozelebbi_kotottpalya_tipus": "villamos" }, "geometry": { "type": "Point", "coordinates": [ 19.1401, 47.4872 ] } },
{ "type": "Feature", "properties": { "listing_id": "35462926", "listing_type": "elado", "cim_teljes": "Budapest X. kerület, Harmat utca 22.", "varosresz": "Óhegy", "price_huf": 78620000.0, "ar_millio_ft": 78.62, "ar_ezer_ft_ho": 78620.0, "nm_ar_huf": 1604489.7959183673, "log_ar": 18.180136677957989, "log_nm_ar": 14.288316379847362, "is_ar_outlier": 0, "alapterulet_nm": 49.0, "korrigalt_alapterulet_nm": 52.0, "szobaszam_osszes": 2.0, "allapot_kod": 6, "is_felujitando": 0, "is_ujszeru_vagy_uj": 1, "is_panel": 0, "is_tegla": 1, "has_lift": 1, "has_klima": 1, "has_erkely": 1, "is_foldszint": 1, "is_zaroszint": 0, "epulet_kora_ev": 0.0, "geokodolt_lat": 47.4872, "geokodolt_lon": 19.1401, "minta_garantalt_pontos": 1, "tavolsag_vasut_m": 552.6, "vasut_zona": "500-1000 m", "is_vasut_immisszio_150m": 0, "tavolsag_vasut_halozati_m": 968.0, "menetido_vasut_gyalog_perc": 12.9, "vasut_5p_seta": 0, "vasut_10p_seta": 0, "vasut_15p_seta": 1, "url": "https://ingatlan.com/35462926", "title": "Eladó tégla lakás - Budapest X. kerület, Harmat utca 22. #35462926", "postal_code": "1104", "varos": "Budapest", "utca": "Harmat utca", "hazszam_vegleges": "22", "allapot": "új építésű", "ingatlan_altipus": "Tégla lakás", "epites_eve": 2028.0, "epites_eve_kategoria": "Új építésű (2025+)", "erkely_nm": 6.0, "szobaszam_egesz": 2.0, "szobaszam_fel": 0.0, "szobaszam_kategoria": "2 szoba", "atlagos_szobameret_nm": 24.5, "emelet": "földszint", "emelet_szam": 0.0, "epulet_szintjei_szam": 5.0, "is_magas_emelet_lift_nelkul": 0, "futes": "mennyezeti hűtés-fűtés, hőszivattyú", "futes_kategoria": null, "has_tavfutes": 0, "has_konvektor": 0, "has_megujulo": 1, "has_garazs_vagy_beallo": 0, "energetikai_tanusitvany": "A", "butorozott": null, "koltozheto": null, "min_berleti_ido": null, "kertkapcsolatos": "igen", "kozos_koltseg_huf": null, "rezsikoltseg_huf": null, "hirdeto_tipus": "Ingatlaniroda", "iroda_neve": null, "leiras_hossz": 701.0, "fenykepek_szama": 4.0, "geokodolas_modszere": null, "geokodolas_pontossag": null, "price_eur": null, "nm_ar_eur": null, "kozos_koltseg_eur": null, "rezsikoltseg_eur": null, "kaucio_eur": null, "tavolsag_metro_halozati_m": null, "metro_5p_seta": 0, "metro_10p_seta": 0, "metro_15p_seta": 0, "tavolsag_villamos_halozati_m": 417.0, "villamos_5p_seta": 0, "villamos_10p_seta": 1, "villamos_15p_seta": 1, "tavolsag_busz_halozati_m": 233.1, "busz_5p_seta": 1, "busz_10p_seta": 1, "tavolsag_kotottpalya_halozati_m": 417.0, "kotottpalya_5p_seta": 0, "kotottpalya_10p_seta": 1, "kotottpalya_15p_seta": 1, "tavolsag_park_halozati_m": 543.6, "park_5p_seta": 0, "park_10p_seta": 1, "park_15p_seta": 1, "poi_5p_count": 3.0, "poi_10p_count": 23.0, "poi_15p_count": 66.0, "tavolsag_iskola_halozati_m": 946.7, "iskola_5p_seta": 0, "iskola_10p_seta": 0, "iskola_15p_seta": 1, "tavolsag_ovoda_halozati_m": 425.7, "ovoda_5p_seta": 0, "ovoda_10p_seta": 1, "ovoda_15p_seta": 1, "tavolsag_bolt_halozati_m": 509.2, "bolt_5p_seta": 0, "bolt_10p_seta": 1, "bolt_15p_seta": 1, "tavolsag_gyogyszertar_halozati_m": 377.8, "gyogyszertar_5p_seta": 0, "gyogyszertar_10p_seta": 1, "gyogyszertar_15p_seta": 1, "tavolsag_orvos_halozati_m": null, "orvos_5p_seta": 0, "orvos_10p_seta": 0, "orvos_15p_seta": 0, "legkozelebbi_vasut": "Kőbánya felső", "legkozelebbi_metro": "", "legkozelebbi_villamos": "Szent László Gimnázium", "legkozelebbi_busz": "Szent László Gimnázium", "legkozelebbi_park": "Rottenbiller park", "legkozelebbi_kotottpalya_tipus": "villamos" }, "geometry": { "type": "Point", "coordinates": [ 19.1401, 47.4872 ] } },
{ "type": "Feature", "properties": { "listing_id": "35462941", "listing_type": "elado", "cim_teljes": "Budapest X. kerület, Harmat utca 22.", "varosresz": "Óhegy", "price_huf": 116090000.0, "ar_millio_ft": 116.09, "ar_ezer_ft_ho": 116090.0, "nm_ar_huf": 1527500.0, "log_ar": 18.569876310314218, "log_nm_ar": 14.239142970027887, "is_ar_outlier": 0, "alapterulet_nm": 76.0, "korrigalt_alapterulet_nm": 79.55, "szobaszam_osszes": 4.0, "allapot_kod": 6, "is_felujitando": 0, "is_ujszeru_vagy_uj": 1, "is_panel": 0, "is_tegla": 1, "has_lift": 1, "has_klima": 1, "has_erkely": 1, "is_foldszint": 1, "is_zaroszint": 0, "epulet_kora_ev": 0.0, "geokodolt_lat": 47.4872, "geokodolt_lon": 19.1401, "minta_garantalt_pontos": 1, "tavolsag_vasut_m": 552.6, "vasut_zona": "500-1000 m", "is_vasut_immisszio_150m": 0, "tavolsag_vasut_halozati_m": 968.0, "menetido_vasut_gyalog_perc": 12.9, "vasut_5p_seta": 0, "vasut_10p_seta": 0, "vasut_15p_seta": 1, "url": "https://ingatlan.com/35462941", "title": "Eladó tégla lakás - Budapest X. kerület, Harmat utca 22. #35462941", "postal_code": "1104", "varos": "Budapest", "utca": "Harmat utca", "hazszam_vegleges": "22", "allapot": "új építésű", "ingatlan_altipus": "Tégla lakás", "epites_eve": 2028.0, "epites_eve_kategoria": "Új építésű (2025+)", "erkely_nm": 7.1, "szobaszam_egesz": 4.0, "szobaszam_fel": 0.0, "szobaszam_kategoria": "4+ szoba", "atlagos_szobameret_nm": 19.0, "emelet": "földszint", "emelet_szam": 0.0, "epulet_szintjei_szam": 5.0, "is_magas_emelet_lift_nelkul": 0, "futes": "mennyezeti hűtés-fűtés, hőszivattyú", "futes_kategoria": null, "has_tavfutes": 0, "has_konvektor": 0, "has_megujulo": 1, "has_garazs_vagy_beallo": 0, "energetikai_tanusitvany": "A", "butorozott": null, "koltozheto": null, "min_berleti_ido": null, "kertkapcsolatos": "igen", "kozos_koltseg_huf": null, "rezsikoltseg_huf": null, "hirdeto_tipus": "Ingatlaniroda", "iroda_neve": null, "leiras_hossz": 701.0, "fenykepek_szama": 4.0, "geokodolas_modszere": null, "geokodolas_pontossag": null, "price_eur": null, "nm_ar_eur": null, "kozos_koltseg_eur": null, "rezsikoltseg_eur": null, "kaucio_eur": null, "tavolsag_metro_halozati_m": null, "metro_5p_seta": 0, "metro_10p_seta": 0, "metro_15p_seta": 0, "tavolsag_villamos_halozati_m": 417.0, "villamos_5p_seta": 0, "villamos_10p_seta": 1, "villamos_15p_seta": 1, "tavolsag_busz_halozati_m": 233.1, "busz_5p_seta": 1, "busz_10p_seta": 1, "tavolsag_kotottpalya_halozati_m": 417.0, "kotottpalya_5p_seta": 0, "kotottpalya_10p_seta": 1, "kotottpalya_15p_seta": 1, "tavolsag_park_halozati_m": 543.6, "park_5p_seta": 0, "park_10p_seta": 1, "park_15p_seta": 1, "poi_5p_count": 3.0, "poi_10p_count": 23.0, "poi_15p_count": 66.0, "tavolsag_iskola_halozati_m": 946.7, "iskola_5p_seta": 0, "iskola_10p_seta": 0, "iskola_15p_seta": 1, "tavolsag_ovoda_halozati_m": 425.7, "ovoda_5p_seta": 0, "ovoda_10p_seta": 1, "ovoda_15p_seta": 1, "tavolsag_bolt_halozati_m": 509.2, "bolt_5p_seta": 0, "bolt_10p_seta": 1, "bolt_15p_seta": 1, "tavolsag_gyogyszertar_halozati_m": 377.8, "gyogyszertar_5p_seta": 0, "gyogyszertar_10p_seta": 1, "gyogyszertar_15p_seta": 1, "tavolsag_orvos_halozati_m": null, "orvos_5p_seta": 0, "orvos_10p_seta": 0, "orvos_15p_seta": 0, "legkozelebbi_vasut": "Kőbánya felső", "legkozelebbi_metro": "", "legkozelebbi_villamos": "Szent László Gimnázium", "legkozelebbi_busz": "Szent László Gimnázium", "legkozelebbi_park": "Rottenbiller park", "legkozelebbi_kotottpalya_tipus": "villamos" }, "geometry": { "type": "Point", "coordinates": [ 19.1401, 47.4872 ] } },
{ "type": "Feature", "properties": { "listing_id": "35462944", "listing_type": "elado", "cim_teljes": "Budapest X. kerület, Harmat utca 22.", "varosresz": "Óhegy", "price_huf": 105930000.0, "ar_millio_ft": 105.93, "ar_ezer_ft_ho": 105930.0, "nm_ar_huf": 1431486.4864864864, "log_ar": 18.478289056572677, "log_nm_ar": 14.17422396336851, "is_ar_outlier": 0, "alapterulet_nm": 74.0, "korrigalt_alapterulet_nm": 82.04, "szobaszam_osszes": 4.0, "allapot_kod": 6, "is_felujitando": 0, "is_ujszeru_vagy_uj": 1, "is_panel": 0, "is_tegla": 1, "has_lift": 1, "has_klima": 1, "has_erkely": 1, "is_foldszint": 0, "is_zaroszint": 0, "epulet_kora_ev": 0.0, "geokodolt_lat": 47.4872, "geokodolt_lon": 19.1401, "minta_garantalt_pontos": 1, "tavolsag_vasut_m": 552.6, "vasut_zona": "500-1000 m", "is_vasut_immisszio_150m": 0, "tavolsag_vasut_halozati_m": 968.0, "menetido_vasut_gyalog_perc": 12.9, "vasut_5p_seta": 0, "vasut_10p_seta": 0, "vasut_15p_seta": 1, "url": "https://ingatlan.com/35462944", "title": "Eladó tégla lakás - Budapest X. kerület, Harmat utca 22. #35462944", "postal_code": "1104", "varos": "Budapest", "utca": "Harmat utca", "hazszam_vegleges": "22", "allapot": "új építésű", "ingatlan_altipus": "Tégla lakás", "epites_eve": 2028.0, "epites_eve_kategoria": "Új építésű (2025+)", "erkely_nm": 16.08, "szobaszam_egesz": 4.0, "szobaszam_fel": 0.0, "szobaszam_kategoria": "4+ szoba", "atlagos_szobameret_nm": 18.5, "emelet": "1", "emelet_szam": 1.0, "epulet_szintjei_szam": 5.0, "is_magas_emelet_lift_nelkul": 0, "futes": "mennyezeti hűtés-fűtés, hőszivattyú", "futes_kategoria": null, "has_tavfutes": 0, "has_konvektor": 0, "has_megujulo": 1, "has_garazs_vagy_beallo": 0, "energetikai_tanusitvany": "A", "butorozott": null, "koltozheto": null, "min_berleti_ido": null, "kertkapcsolatos": "nem", "kozos_koltseg_huf": null, "rezsikoltseg_huf": null, "hirdeto_tipus": "Ingatlaniroda", "iroda_neve": null, "leiras_hossz": 701.0, "fenykepek_szama": 4.0, "geokodolas_modszere": null, "geokodolas_pontossag": null, "price_eur": null, "nm_ar_eur": null, "kozos_koltseg_eur": null, "rezsikoltseg_eur": null, "kaucio_eur": null, "tavolsag_metro_halozati_m": null, "metro_5p_seta": 0, "metro_10p_seta": 0, "metro_15p_seta": 0, "tavolsag_villamos_halozati_m": 417.0, "villamos_5p_seta": 0, "villamos_10p_seta": 1, "villamos_15p_seta": 1, "tavolsag_busz_halozati_m": 233.1, "busz_5p_seta": 1, "busz_10p_seta": 1, "tavolsag_kotottpalya_halozati_m": 417.0, "kotottpalya_5p_seta": 0, "kotottpalya_10p_seta": 1, "kotottpalya_15p_seta": 1, "tavolsag_park_halozati_m": 543.6, "park_5p_seta": 0, "park_10p_seta": 1, "park_15p_seta": 1, "poi_5p_count": 3.0, "poi_10p_count": 23.0, "poi_15p_count": 66.0, "tavolsag_iskola_halozati_m": 946.7, "iskola_5p_seta": 0, "iskola_10p_seta": 0, "iskola_15p_seta": 1, "tavolsag_ovoda_halozati_m": 425.7, "ovoda_5p_seta": 0, "ovoda_10p_seta": 1, "ovoda_15p_seta": 1, "tavolsag_bolt_halozati_m": 509.2, "bolt_5p_seta": 0, "bolt_10p_seta": 1, "bolt_15p_seta": 1, "tavolsag_gyogyszertar_halozati_m": 377.8, "gyogyszertar_5p_seta": 0, "gyogyszertar_10p_seta": 1, "gyogyszertar_15p_seta": 1, "tavolsag_orvos_halozati_m": null, "orvos_5p_seta": 0, "orvos_10p_seta": 0, "orvos_15p_seta": 0, "legkozelebbi_vasut": "Kőbánya felső", "legkozelebbi_metro": "", "legkozelebbi_villamos": "Szent László Gimnázium", "legkozelebbi_busz": "Szent László Gimnázium", "legkozelebbi_park": "Rottenbiller park", "legkozelebbi_kotottpalya_tipus": "villamos" }, "geometry": { "type": "Point", "coordinates": [ 19.1401, 47.4872 ] } },
{ "type": "Feature", "properties": { "listing_id": "35462955", "listing_type": "elado", "cim_teljes": "Budapest X. kerület, Harmat utca 22.", "varosresz": "Óhegy", "price_huf": 64460000.0, "ar_millio_ft": 64.46, "ar_ezer_ft_ho": 64460.0, "nm_ar_huf": 1465000.0, "log_ar": 17.981555434351566, "log_nm_ar": 14.197365800433305, "is_ar_outlier": 0, "alapterulet_nm": 44.0, "korrigalt_alapterulet_nm": 49.99, "szobaszam_osszes": 2.0, "allapot_kod": 6, "is_felujitando": 0, "is_ujszeru_vagy_uj": 1, "is_panel": 0, "is_tegla": 1, "has_lift": 1, "has_klima": 1, "has_erkely": 1, "is_foldszint": 0, "is_zaroszint": 0, "epulet_kora_ev": 0.0, "geokodolt_lat": 47.4872, "geokodolt_lon": 19.1401, "minta_garantalt_pontos": 1, "tavolsag_vasut_m": 552.6, "vasut_zona": "500-1000 m", "is_vasut_immisszio_150m": 0, "tavolsag_vasut_halozati_m": 968.0, "menetido_vasut_gyalog_perc": 12.9, "vasut_5p_seta": 0, "vasut_10p_seta": 0, "vasut_15p_seta": 1, "url": "https://ingatlan.com/35462955", "title": "Eladó tégla lakás - Budapest X. kerület, Harmat utca 22. #35462955", "postal_code": "1104", "varos": "Budapest", "utca": "Harmat utca", "hazszam_vegleges": "22", "allapot": "új építésű", "ingatlan_altipus": "Tégla lakás", "epites_eve": 2028.0, "epites_eve_kategoria": "Új építésű (2025+)", "erkely_nm": 11.98, "szobaszam_egesz": 2.0, "szobaszam_fel": 0.0, "szobaszam_kategoria": "2 szoba", "atlagos_szobameret_nm": 22.0, "emelet": "4", "emelet_szam": 4.0, "epulet_szintjei_szam": 5.0, "is_magas_emelet_lift_nelkul": 0, "futes": "mennyezeti hűtés-fűtés, hőszivattyú", "futes_kategoria": null, "has_tavfutes": 0, "has_konvektor": 0, "has_megujulo": 1, "has_garazs_vagy_beallo": 0, "energetikai_tanusitvany": "A", "butorozott": null, "koltozheto": null, "min_berleti_ido": null, "kertkapcsolatos": "nem", "kozos_koltseg_huf": null, "rezsikoltseg_huf": null, "hirdeto_tipus": "Ingatlaniroda", "iroda_neve": null, "leiras_hossz": 701.0, "fenykepek_szama": 4.0, "geokodolas_modszere": null, "geokodolas_pontossag": null, "price_eur": null, "nm_ar_eur": null, "kozos_koltseg_eur": null, "rezsikoltseg_eur": null, "kaucio_eur": null, "tavolsag_metro_halozati_m": null, "metro_5p_seta": 0, "metro_10p_seta": 0, "metro_15p_seta": 0, "tavolsag_villamos_halozati_m": 417.0, "villamos_5p_seta": 0, "villamos_10p_seta": 1, "villamos_15p_seta": 1, "tavolsag_busz_halozati_m": 233.1, "busz_5p_seta": 1, "busz_10p_seta": 1, "tavolsag_kotottpalya_halozati_m": 417.0, "kotottpalya_5p_seta": 0, "kotottpalya_10p_seta": 1, "kotottpalya_15p_seta": 1, "tavolsag_park_halozati_m": 543.6, "park_5p_seta": 0, "park_10p_seta": 1, "park_15p_seta": 1, "poi_5p_count": 3.0, "poi_10p_count": 23.0, "poi_15p_count": 66.0, "tavolsag_iskola_halozati_m": 946.7, "iskola_5p_seta": 0, "iskola_10p_seta": 0, "iskola_15p_seta": 1, "tavolsag_ovoda_halozati_m": 425.7, "ovoda_5p_seta": 0, "ovoda_10p_seta": 1, "ovoda_15p_seta": 1, "tavolsag_bolt_halozati_m": 509.2, "bolt_5p_seta": 0, "bolt_10p_seta": 1, "bolt_15p_seta": 1, "tavolsag_gyogyszertar_halozati_m": 377.8, "gyogyszertar_5p_seta": 0, "gyogyszertar_10p_seta": 1, "gyogyszertar_15p_seta": 1, "tavolsag_orvos_halozati_m": null, "orvos_5p_seta": 0, "orvos_10p_seta": 0, "orvos_15p_seta": 0, "legkozelebbi_vasut": "Kőbánya felső", "legkozelebbi_metro": "", "legkozelebbi_villamos": "Szent László Gimnázium", "legkozelebbi_busz": "Szent László Gimnázium", "legkozelebbi_park": "Rottenbiller park", "legkozelebbi_kotottpalya_tipus": "villamos" }, "geometry": { "type": "Point", "coordinates": [ 19.1401, 47.4872 ] } },
{ "type": "Feature", "properties": { "listing_id": "35462968", "listing_type": "elado", "cim_teljes": "Budapest X. kerület, Harmat utca 22.", "varosresz": "Óhegy", "price_huf": 64760000.0, "ar_millio_ft": 64.76, "ar_ezer_ft_ho": 64760.0, "nm_ar_huf": 1471818.1818181819, "log_ar": 17.986198686773708, "log_nm_ar": 14.202009052855447, "is_ar_outlier": 0, "alapterulet_nm": 44.0, "korrigalt_alapterulet_nm": 49.11, "szobaszam_osszes": 2.0, "allapot_kod": 6, "is_felujitando": 0, "is_ujszeru_vagy_uj": 1, "is_panel": 0, "is_tegla": 1, "has_lift": 1, "has_klima": 1, "has_erkely": 1, "is_foldszint": 0, "is_zaroszint": 0, "epulet_kora_ev": 0.0, "geokodolt_lat": 47.4872, "geokodolt_lon": 19.1401, "minta_garantalt_pontos": 1, "tavolsag_vasut_m": 552.6, "vasut_zona": "500-1000 m", "is_vasut_immisszio_150m": 0, "tavolsag_vasut_halozati_m": 968.0, "menetido_vasut_gyalog_perc": 12.9, "vasut_5p_seta": 0, "vasut_10p_seta": 0, "vasut_15p_seta": 1, "url": "https://ingatlan.com/35462968", "title": "Eladó tégla lakás - Budapest X. kerület, Harmat utca 22. #35462968", "postal_code": "1104", "varos": "Budapest", "utca": "Harmat utca", "hazszam_vegleges": "22", "allapot": "új építésű", "ingatlan_altipus": "Tégla lakás", "epites_eve": 2028.0, "epites_eve_kategoria": "Új építésű (2025+)", "erkely_nm": 10.22, "szobaszam_egesz": 2.0, "szobaszam_fel": 0.0, "szobaszam_kategoria": "2 szoba", "atlagos_szobameret_nm": 22.0, "emelet": "1", "emelet_szam": 1.0, "epulet_szintjei_szam": 5.0, "is_magas_emelet_lift_nelkul": 0, "futes": "mennyezeti hűtés-fűtés, hőszivattyú", "futes_kategoria": null, "has_tavfutes": 0, "has_konvektor": 0, "has_megujulo": 1, "has_garazs_vagy_beallo": 0, "energetikai_tanusitvany": "A", "butorozott": null, "koltozheto": null, "min_berleti_ido": null, "kertkapcsolatos": "nem", "kozos_koltseg_huf": null, "rezsikoltseg_huf": null, "hirdeto_tipus": "Ingatlaniroda", "iroda_neve": null, "leiras_hossz": 701.0, "fenykepek_szama": 4.0, "geokodolas_modszere": null, "geokodolas_pontossag": null, "price_eur": null, "nm_ar_eur": null, "kozos_koltseg_eur": null, "rezsikoltseg_eur": null, "kaucio_eur": null, "tavolsag_metro_halozati_m": null, "metro_5p_seta": 0, "metro_10p_seta": 0, "metro_15p_seta": 0, "tavolsag_villamos_halozati_m": 417.0, "villamos_5p_seta": 0, "villamos_10p_seta": 1, "villamos_15p_seta": 1, "tavolsag_busz_halozati_m": 233.1, "busz_5p_seta": 1, "busz_10p_seta": 1, "tavolsag_kotottpalya_halozati_m": 417.0, "kotottpalya_5p_seta": 0, "kotottpalya_10p_seta": 1, "kotottpalya_15p_seta": 1, "tavolsag_park_halozati_m": 543.6, "park_5p_seta": 0, "park_10p_seta": 1, "park_15p_seta": 1, "poi_5p_count": 3.0, "poi_10p_count": 23.0, "poi_15p_count": 66.0, "tavolsag_iskola_halozati_m": 946.7, "iskola_5p_seta": 0, "iskola_10p_seta": 0, "iskola_15p_seta": 1, "tavolsag_ovoda_halozati_m": 425.7, "ovoda_5p_seta": 0, "ovoda_10p_seta": 1, "ovoda_15p_seta": 1, "tavolsag_bolt_halozati_m": 509.2, "bolt_5p_seta": 0, "bolt_10p_seta": 1, "bolt_15p_seta": 1, "tavolsag_gyogyszertar_halozati_m": 377.8, "gyogyszertar_5p_seta": 0, "gyogyszertar_10p_seta": 1, "gyogyszertar_15p_seta": 1, "tavolsag_orvos_halozati_m": null, "orvos_5p_seta": 0, "orvos_10p_seta": 0, "orvos_15p_seta": 0, "legkozelebbi_vasut": "Kőbánya felső", "legkozelebbi_metro": "", "legkozelebbi_villamos": "Szent László Gimnázium", "legkozelebbi_busz": "Szent László Gimnázium", "legkozelebbi_park": "Rottenbiller park", "legkozelebbi_kotottpalya_tipus": "villamos" }, "geometry": { "type": "Point", "coordinates": [ 19.1401, 47.4872 ] } },
{ "type": "Feature", "properties": { "listing_id": "35462970", "listing_type": "elado", "cim_teljes": "Budapest X. kerület, Harmat utca 22.", "varosresz": "Óhegy", "price_huf": 129560000.0, "ar_millio_ft": 129.56, "ar_ezer_ft_ho": 129560.0, "nm_ar_huf": 1393118.2795698924, "log_ar": 18.679654652267402, "log_nm_ar": 14.147055159114148, "is_ar_outlier": 0, "alapterulet_nm": 93.0, "korrigalt_alapterulet_nm": 106.475, "szobaszam_osszes": 4.0, "allapot_kod": 6, "is_felujitando": 0, "is_ujszeru_vagy_uj": 1, "is_panel": 0, "is_tegla": 1, "has_lift": 1, "has_klima": 1, "has_erkely": 1, "is_foldszint": 0, "is_zaroszint": 0, "epulet_kora_ev": 0.0, "geokodolt_lat": 47.4872, "geokodolt_lon": 19.1401, "minta_garantalt_pontos": 1, "tavolsag_vasut_m": 552.6, "vasut_zona": "500-1000 m", "is_vasut_immisszio_150m": 0, "tavolsag_vasut_halozati_m": 968.0, "menetido_vasut_gyalog_perc": 12.9, "vasut_5p_seta": 0, "vasut_10p_seta": 0, "vasut_15p_seta": 1, "url": "https://ingatlan.com/35462970", "title": "Eladó tégla lakás - Budapest X. kerület, Harmat utca 22. #35462970", "postal_code": "1104", "varos": "Budapest", "utca": "Harmat utca", "hazszam_vegleges": "22", "allapot": "új építésű", "ingatlan_altipus": "Tégla lakás", "epites_eve": 2028.0, "epites_eve_kategoria": "Új építésű (2025+)", "erkely_nm": 26.95, "szobaszam_egesz": 4.0, "szobaszam_fel": 0.0, "szobaszam_kategoria": "4+ szoba", "atlagos_szobameret_nm": 23.25, "emelet": "1", "emelet_szam": 1.0, "epulet_szintjei_szam": 5.0, "is_magas_emelet_lift_nelkul": 0, "futes": "mennyezeti hűtés-fűtés, hőszivattyú", "futes_kategoria": null, "has_tavfutes": 0, "has_konvektor": 0, "has_megujulo": 1, "has_garazs_vagy_beallo": 0, "energetikai_tanusitvany": "A", "butorozott": null, "koltozheto": null, "min_berleti_ido": null, "kertkapcsolatos": "nem", "kozos_koltseg_huf": null, "rezsikoltseg_huf": null, "hirdeto_tipus": "Ingatlaniroda", "iroda_neve": null, "leiras_hossz": 701.0, "fenykepek_szama": 4.0, "geokodolas_modszere": null, "geokodolas_pontossag": null, "price_eur": null, "nm_ar_eur": null, "kozos_koltseg_eur": null, "rezsikoltseg_eur": null, "kaucio_eur": null, "tavolsag_metro_halozati_m": null, "metro_5p_seta": 0, "metro_10p_seta": 0, "metro_15p_seta": 0, "tavolsag_villamos_halozati_m": 417.0, "villamos_5p_seta": 0, "villamos_10p_seta": 1, "villamos_15p_seta": 1, "tavolsag_busz_halozati_m": 233.1, "busz_5p_seta": 1, "busz_10p_seta": 1, "tavolsag_kotottpalya_halozati_m": 417.0, "kotottpalya_5p_seta": 0, "kotottpalya_10p_seta": 1, "kotottpalya_15p_seta": 1, "tavolsag_park_halozati_m": 543.6, "park_5p_seta": 0, "park_10p_seta": 1, "park_15p_seta": 1, "poi_5p_count": 3.0, "poi_10p_count": 23.0, "poi_15p_count": 66.0, "tavolsag_iskola_halozati_m": 946.7, "iskola_5p_seta": 0, "iskola_10p_seta": 0, "iskola_15p_seta": 1, "tavolsag_ovoda_halozati_m": 425.7, "ovoda_5p_seta": 0, "ovoda_10p_seta": 1, "ovoda_15p_seta": 1, "tavolsag_bolt_halozati_m": 509.2, "bolt_5p_seta": 0, "bolt_10p_seta": 1, "bolt_15p_seta": 1, "tavolsag_gyogyszertar_halozati_m": 377.8, "gyogyszertar_5p_seta": 0, "gyogyszertar_10p_seta": 1, "gyogyszertar_15p_seta": 1, "tavolsag_orvos_halozati_m": null, "orvos_5p_seta": 0, "orvos_10p_seta": 0, "orvos_15p_seta": 0, "legkozelebbi_vasut": "Kőbánya felső", "legkozelebbi_metro": "", "legkozelebbi_villamos": "Szent László Gimnázium", "legkozelebbi_busz": "Szent László Gimnázium", "legkozelebbi_park": "Rottenbiller park", "legkozelebbi_kotottpalya_tipus": "villamos" }, "geometry": { "type": "Point", "coordinates": [ 19.1401, 47.4872 ] } },
{ "type": "Feature", "properties": { "listing_id": "35462971", "listing_type": "elado", "cim_teljes": "Budapest X. kerület, Harmat utca 22.", "varosresz": "Óhegy", "price_huf": 50330000.0, "ar_millio_ft": 50.33, "ar_ezer_ft_ho": 50330.0, "nm_ar_huf": 1480294.1176470588, "log_ar": 17.734111878752543, "log_nm_ar": 14.207751354136381, "is_ar_outlier": 0, "alapterulet_nm": 34.0, "korrigalt_alapterulet_nm": 35.755, "szobaszam_osszes": 1.0, "allapot_kod": 6, "is_felujitando": 0, "is_ujszeru_vagy_uj": 1, "is_panel": 0, "is_tegla": 1, "has_lift": 1, "has_klima": 1, "has_erkely": 1, "is_foldszint": 0, "is_zaroszint": 0, "epulet_kora_ev": 0.0, "geokodolt_lat": 47.4872, "geokodolt_lon": 19.1401, "minta_garantalt_pontos": 1, "tavolsag_vasut_m": 552.6, "vasut_zona": "500-1000 m", "is_vasut_immisszio_150m": 0, "tavolsag_vasut_halozati_m": 968.0, "menetido_vasut_gyalog_perc": 12.9, "vasut_5p_seta": 0, "vasut_10p_seta": 0, "vasut_15p_seta": 1, "url": "https://ingatlan.com/35462971", "title": "Eladó tégla lakás - Budapest X. kerület, Harmat utca 22. #35462971", "postal_code": "1104", "varos": "Budapest", "utca": "Harmat utca", "hazszam_vegleges": "22", "allapot": "új építésű", "ingatlan_altipus": "Tégla lakás", "epites_eve": 2028.0, "epites_eve_kategoria": "Új építésű (2025+)", "erkely_nm": 3.51, "szobaszam_egesz": 1.0, "szobaszam_fel": 0.0, "szobaszam_kategoria": "1 szoba", "atlagos_szobameret_nm": 34.0, "emelet": "1", "emelet_szam": 1.0, "epulet_szintjei_szam": 5.0, "is_magas_emelet_lift_nelkul": 0, "futes": "mennyezeti hűtés-fűtés, hőszivattyú", "futes_kategoria": null, "has_tavfutes": 0, "has_konvektor": 0, "has_megujulo": 1, "has_garazs_vagy_beallo": 0, "energetikai_tanusitvany": "A", "butorozott": null, "koltozheto": null, "min_berleti_ido": null, "kertkapcsolatos": "nem", "kozos_koltseg_huf": null, "rezsikoltseg_huf": null, "hirdeto_tipus": "Ingatlaniroda", "iroda_neve": null, "leiras_hossz": 701.0, "fenykepek_szama": 4.0, "geokodolas_modszere": null, "geokodolas_pontossag": null, "price_eur": null, "nm_ar_eur": null, "kozos_koltseg_eur": null, "rezsikoltseg_eur": null, "kaucio_eur": null, "tavolsag_metro_halozati_m": null, "metro_5p_seta": 0, "metro_10p_seta": 0, "metro_15p_seta": 0, "tavolsag_villamos_halozati_m": 417.0, "villamos_5p_seta": 0, "villamos_10p_seta": 1, "villamos_15p_seta": 1, "tavolsag_busz_halozati_m": 233.1, "busz_5p_seta": 1, "busz_10p_seta": 1, "tavolsag_kotottpalya_halozati_m": 417.0, "kotottpalya_5p_seta": 0, "kotottpalya_10p_seta": 1, "kotottpalya_15p_seta": 1, "tavolsag_park_halozati_m": 543.6, "park_5p_seta": 0, "park_10p_seta": 1, "park_15p_seta": 1, "poi_5p_count": 3.0, "poi_10p_count": 23.0, "poi_15p_count": 66.0, "tavolsag_iskola_halozati_m": 946.7, "iskola_5p_seta": 0, "iskola_10p_seta": 0, "iskola_15p_seta": 1, "tavolsag_ovoda_halozati_m": 425.7, "ovoda_5p_seta": 0, "ovoda_10p_seta": 1, "ovoda_15p_seta": 1, "tavolsag_bolt_halozati_m": 509.2, "bolt_5p_seta": 0, "bolt_10p_seta": 1, "bolt_15p_seta": 1, "tavolsag_gyogyszertar_halozati_m": 377.8, "gyogyszertar_5p_seta": 0, "gyogyszertar_10p_seta": 1, "gyogyszertar_15p_seta": 1, "tavolsag_orvos_halozati_m": null, "orvos_5p_seta": 0, "orvos_10p_seta": 0, "orvos_15p_seta": 0, "legkozelebbi_vasut": "Kőbánya felső", "legkozelebbi_metro": "", "legkozelebbi_villamos": "Szent László Gimnázium", "legkozelebbi_busz": "Szent László Gimnázium", "legkozelebbi_park": "Rottenbiller park", "legkozelebbi_kotottpalya_tipus": "villamos" }, "geometry": { "type": "Point", "coordinates": [ 19.1401, 47.4872 ] } },
{ "type": "Feature", "properties": { "listing_id": "35462976", "listing_type": "elado", "cim_teljes": "Budapest X. kerület, Harmat utca 22.", "varosresz": "Óhegy", "price_huf": 87200000.0, "ar_millio_ft": 87.2, "ar_ezer_ft_ho": 87200.0, "nm_ar_huf": 1529824.5614035088, "log_ar": 18.283714888879206, "log_nm_ar": 14.240663621044657, "is_ar_outlier": 0, "alapterulet_nm": 57.0, "korrigalt_alapterulet_nm": 65.59, "szobaszam_osszes": 3.0, "allapot_kod": 6, "is_felujitando": 0, "is_ujszeru_vagy_uj": 1, "is_panel": 0, "is_tegla": 1, "has_lift": 1, "has_klima": 1, "has_erkely": 1, "is_foldszint": 0, "is_zaroszint": 0, "epulet_kora_ev": 0.0, "geokodolt_lat": 47.4872, "geokodolt_lon": 19.1401, "minta_garantalt_pontos": 1, "tavolsag_vasut_m": 552.6, "vasut_zona": "500-1000 m", "is_vasut_immisszio_150m": 0, "tavolsag_vasut_halozati_m": 968.0, "menetido_vasut_gyalog_perc": 12.9, "vasut_5p_seta": 0, "vasut_10p_seta": 0, "vasut_15p_seta": 1, "url": "https://ingatlan.com/35462976", "title": "Eladó tégla lakás - Budapest X. kerület, Harmat utca 22. #35462976", "postal_code": "1104", "varos": "Budapest", "utca": "Harmat utca", "hazszam_vegleges": "22", "allapot": "új építésű", "ingatlan_altipus": "Tégla lakás", "epites_eve": 2028.0, "epites_eve_kategoria": "Új építésű (2025+)", "erkely_nm": 17.18, "szobaszam_egesz": 3.0, "szobaszam_fel": 0.0, "szobaszam_kategoria": "3 szoba", "atlagos_szobameret_nm": 19.0, "emelet": "2", "emelet_szam": 2.0, "epulet_szintjei_szam": 5.0, "is_magas_emelet_lift_nelkul": 0, "futes": "mennyezeti hűtés-fűtés, hőszivattyú", "futes_kategoria": null, "has_tavfutes": 0, "has_konvektor": 0, "has_megujulo": 1, "has_garazs_vagy_beallo": 0, "energetikai_tanusitvany": "A", "butorozott": null, "koltozheto": null, "min_berleti_ido": null, "kertkapcsolatos": "nem", "kozos_koltseg_huf": null, "rezsikoltseg_huf": null, "hirdeto_tipus": "Ingatlaniroda", "iroda_neve": null, "leiras_hossz": 701.0, "fenykepek_szama": 4.0, "geokodolas_modszere": null, "geokodolas_pontossag": null, "price_eur": null, "nm_ar_eur": null, "kozos_koltseg_eur": null, "rezsikoltseg_eur": null, "kaucio_eur": null, "tavolsag_metro_halozati_m": null, "metro_5p_seta": 0, "metro_10p_seta": 0, "metro_15p_seta": 0, "tavolsag_villamos_halozati_m": 417.0, "villamos_5p_seta": 0, "villamos_10p_seta": 1, "villamos_15p_seta": 1, "tavolsag_busz_halozati_m": 233.1, "busz_5p_seta": 1, "busz_10p_seta": 1, "tavolsag_kotottpalya_halozati_m": 417.0, "kotottpalya_5p_seta": 0, "kotottpalya_10p_seta": 1, "kotottpalya_15p_seta": 1, "tavolsag_park_halozati_m": 543.6, "park_5p_seta": 0, "park_10p_seta": 1, "park_15p_seta": 1, "poi_5p_count": 3.0, "poi_10p_count": 23.0, "poi_15p_count": 66.0, "tavolsag_iskola_halozati_m": 946.7, "iskola_5p_seta": 0, "iskola_10p_seta": 0, "iskola_15p_seta": 1, "tavolsag_ovoda_halozati_m": 425.7, "ovoda_5p_seta": 0, "ovoda_10p_seta": 1, "ovoda_15p_seta": 1, "tavolsag_bolt_halozati_m": 509.2, "bolt_5p_seta": 0, "bolt_10p_seta": 1, "bolt_15p_seta": 1, "tavolsag_gyogyszertar_halozati_m": 377.8, "gyogyszertar_5p_seta": 0, "gyogyszertar_10p_seta": 1, "gyogyszertar_15p_seta": 1, "tavolsag_orvos_halozati_m": null, "orvos_5p_seta": 0, "orvos_10p_seta": 0, "orvos_15p_seta": 0, "legkozelebbi_vasut": "Kőbánya felső", "legkozelebbi_metro": "", "legkozelebbi_villamos": "Szent László Gimnázium", "legkozelebbi_busz": "Szent László Gimnázium", "legkozelebbi_park": "Rottenbiller park", "legkozelebbi_kotottpalya_tipus": "villamos" }, "geometry": { "type": "Point", "coordinates": [ 19.1401, 47.4872 ] } },
{ "type": "Feature", "properties": { "listing_id": "35462978", "listing_type": "elado", "cim_teljes": "Budapest X. kerület, Harmat utca 22.", "varosresz": "Óhegy", "price_huf": 63210000.0, "ar_millio_ft": 63.21, "ar_ezer_ft_ho": 63210.0, "nm_ar_huf": 1505000.0, "log_ar": 17.96197307444848, "log_nm_ar": 14.224303456165114, "is_ar_outlier": 0, "alapterulet_nm": 42.0, "korrigalt_alapterulet_nm": 47.975, "szobaszam_osszes": 2.0, "allapot_kod": 6, "is_felujitando": 0, "is_ujszeru_vagy_uj": 1, "is_panel": 0, "is_tegla": 1, "has_lift": 1, "has_klima": 1, "has_erkely": 1, "is_foldszint": 0, "is_zaroszint": 0, "epulet_kora_ev": 0.0, "geokodolt_lat": 47.4872, "geokodolt_lon": 19.1401, "minta_garantalt_pontos": 1, "tavolsag_vasut_m": 552.6, "vasut_zona": "500-1000 m", "is_vasut_immisszio_150m": 0, "tavolsag_vasut_halozati_m": 968.0, "menetido_vasut_gyalog_perc": 12.9, "vasut_5p_seta": 0, "vasut_10p_seta": 0, "vasut_15p_seta": 1, "url": "https://ingatlan.com/35462978", "title": "Eladó tégla lakás - Budapest X. kerület, Harmat utca 22. #35462978", "postal_code": "1104", "varos": "Budapest", "utca": "Harmat utca", "hazszam_vegleges": "22", "allapot": "új építésű", "ingatlan_altipus": "Tégla lakás", "epites_eve": 2028.0, "epites_eve_kategoria": "Új építésű (2025+)", "erkely_nm": 11.95, "szobaszam_egesz": 2.0, "szobaszam_fel": 0.0, "szobaszam_kategoria": "2 szoba", "atlagos_szobameret_nm": 21.0, "emelet": "4", "emelet_szam": 4.0, "epulet_szintjei_szam": 5.0, "is_magas_emelet_lift_nelkul": 0, "futes": "mennyezeti hűtés-fűtés, hőszivattyú", "futes_kategoria": null, "has_tavfutes": 0, "has_konvektor": 0, "has_megujulo": 1, "has_garazs_vagy_beallo": 0, "energetikai_tanusitvany": "A", "butorozott": null, "koltozheto": null, "min_berleti_ido": null, "kertkapcsolatos": "nem", "kozos_koltseg_huf": null, "rezsikoltseg_huf": null, "hirdeto_tipus": "Ingatlaniroda", "iroda_neve": null, "leiras_hossz": 701.0, "fenykepek_szama": 4.0, "geokodolas_modszere": null, "geokodolas_pontossag": null, "price_eur": null, "nm_ar_eur": null, "kozos_koltseg_eur": null, "rezsikoltseg_eur": null, "kaucio_eur": null, "tavolsag_metro_halozati_m": null, "metro_5p_seta": 0, "metro_10p_seta": 0, "metro_15p_seta": 0, "tavolsag_villamos_halozati_m": 417.0, "villamos_5p_seta": 0, "villamos_10p_seta": 1, "villamos_15p_seta": 1, "tavolsag_busz_halozati_m": 233.1, "busz_5p_seta": 1, "busz_10p_seta": 1, "tavolsag_kotottpalya_halozati_m": 417.0, "kotottpalya_5p_seta": 0, "kotottpalya_10p_seta": 1, "kotottpalya_15p_seta": 1, "tavolsag_park_halozati_m": 543.6, "park_5p_seta": 0, "park_10p_seta": 1, "park_15p_seta": 1, "poi_5p_count": 3.0, "poi_10p_count": 23.0, "poi_15p_count": 66.0, "tavolsag_iskola_halozati_m": 946.7, "iskola_5p_seta": 0, "iskola_10p_seta": 0, "iskola_15p_seta": 1, "tavolsag_ovoda_halozati_m": 425.7, "ovoda_5p_seta": 0, "ovoda_10p_seta": 1, "ovoda_15p_seta": 1, "tavolsag_bolt_halozati_m": 509.2, "bolt_5p_seta": 0, "bolt_10p_seta": 1, "bolt_15p_seta": 1, "tavolsag_gyogyszertar_halozati_m": 377.8, "gyogyszertar_5p_seta": 0, "gyogyszertar_10p_seta": 1, "gyogyszertar_15p_seta": 1, "tavolsag_orvos_halozati_m": null, "orvos_5p_seta": 0, "orvos_10p_seta": 0, "orvos_15p_seta": 0, "legkozelebbi_vasut": "Kőbánya felső", "legkozelebbi_metro": "", "legkozelebbi_villamos": "Szent László Gimnázium", "legkozelebbi_busz": "Szent László Gimnázium", "legkozelebbi_park": "Rottenbiller park", "legkozelebbi_kotottpalya_tipus": "villamos" }, "geometry": { "type": "Point", "coordinates": [ 19.1401, 47.4872 ] } },
{ "type": "Feature", "properties": { "listing_id": "35464276", "listing_type": "elado", "cim_teljes": "Budapest X. kerület, Harmat utca 22.", "varosresz": "Óhegy", "price_huf": 76590000.0, "ar_millio_ft": 76.59, "ar_ezer_ft_ho": 76590.0, "nm_ar_huf": 1563061.224489796, "log_ar": 18.153977077885777, "log_nm_ar": 14.26215677977515, "is_ar_outlier": 0, "alapterulet_nm": 49.0, "korrigalt_alapterulet_nm": 52.0, "szobaszam_osszes": 2.0, "allapot_kod": 6, "is_felujitando": 0, "is_ujszeru_vagy_uj": 1, "is_panel": 0, "is_tegla": 1, "has_lift": 1, "has_klima": 1, "has_erkely": 1, "is_foldszint": 1, "is_zaroszint": 0, "epulet_kora_ev": 0.0, "geokodolt_lat": 47.4872, "geokodolt_lon": 19.1401, "minta_garantalt_pontos": 1, "tavolsag_vasut_m": 552.6, "vasut_zona": "500-1000 m", "is_vasut_immisszio_150m": 0, "tavolsag_vasut_halozati_m": 968.0, "menetido_vasut_gyalog_perc": 12.9, "vasut_5p_seta": 0, "vasut_10p_seta": 0, "vasut_15p_seta": 1, "url": "https://ingatlan.com/35464276", "title": "Eladó tégla lakás - Budapest X. kerület, Harmat utca 22. #35464276", "postal_code": "1104", "varos": "Budapest", "utca": "Harmat utca", "hazszam_vegleges": "22", "allapot": "új építésű", "ingatlan_altipus": "Tégla lakás", "epites_eve": 2028.0, "epites_eve_kategoria": "Új építésű (2025+)", "erkely_nm": 6.0, "szobaszam_egesz": 2.0, "szobaszam_fel": 0.0, "szobaszam_kategoria": "2 szoba", "atlagos_szobameret_nm": 24.5, "emelet": "földszint", "emelet_szam": 0.0, "epulet_szintjei_szam": 5.0, "is_magas_emelet_lift_nelkul": 0, "futes": "mennyezeti hűtés-fűtés, hőszivattyú", "futes_kategoria": null, "has_tavfutes": 0, "has_konvektor": 0, "has_megujulo": 1, "has_garazs_vagy_beallo": 0, "energetikai_tanusitvany": "A", "butorozott": null, "koltozheto": null, "min_berleti_ido": null, "kertkapcsolatos": "igen", "kozos_koltseg_huf": null, "rezsikoltseg_huf": null, "hirdeto_tipus": "Ingatlaniroda", "iroda_neve": null, "leiras_hossz": 701.0, "fenykepek_szama": 4.0, "geokodolas_modszere": null, "geokodolas_pontossag": null, "price_eur": null, "nm_ar_eur": null, "kozos_koltseg_eur": null, "rezsikoltseg_eur": null, "kaucio_eur": null, "tavolsag_metro_halozati_m": null, "metro_5p_seta": 0, "metro_10p_seta": 0, "metro_15p_seta": 0, "tavolsag_villamos_halozati_m": 417.0, "villamos_5p_seta": 0, "villamos_10p_seta": 1, "villamos_15p_seta": 1, "tavolsag_busz_halozati_m": 233.1, "busz_5p_seta": 1, "busz_10p_seta": 1, "tavolsag_kotottpalya_halozati_m": 417.0, "kotottpalya_5p_seta": 0, "kotottpalya_10p_seta": 1, "kotottpalya_15p_seta": 1, "tavolsag_park_halozati_m": 543.6, "park_5p_seta": 0, "park_10p_seta": 1, "park_15p_seta": 1, "poi_5p_count": 3.0, "poi_10p_count": 23.0, "poi_15p_count": 66.0, "tavolsag_iskola_halozati_m": 946.7, "iskola_5p_seta": 0, "iskola_10p_seta": 0, "iskola_15p_seta": 1, "tavolsag_ovoda_halozati_m": 425.7, "ovoda_5p_seta": 0, "ovoda_10p_seta": 1, "ovoda_15p_seta": 1, "tavolsag_bolt_halozati_m": 509.2, "bolt_5p_seta": 0, "bolt_10p_seta": 1, "bolt_15p_seta": 1, "tavolsag_gyogyszertar_halozati_m": 377.8, "gyogyszertar_5p_seta": 0, "gyogyszertar_10p_seta": 1, "gyogyszertar_15p_seta": 1, "tavolsag_orvos_halozati_m": null, "orvos_5p_seta": 0, "orvos_10p_seta": 0, "orvos_15p_seta": 0, "legkozelebbi_vasut": "Kőbánya felső", "legkozelebbi_metro": "", "legkozelebbi_villamos": "Szent László Gimnázium", "legkozelebbi_busz": "Szent László Gimnázium", "legkozelebbi_park": "Rottenbiller park", "legkozelebbi_kotottpalya_tipus": "villamos" }, "geometry": { "type": "Point", "coordinates": [ 19.1401, 47.4872 ] } },
{ "type": "Feature", "properties": { "listing_id": "35464280", "listing_type": "elado", "cim_teljes": "Budapest X. kerület, Harmat utca 22.", "varosresz": "Óhegy", "price_huf": 73170000.0, "ar_millio_ft": 73.17, "ar_ezer_ft_ho": 73170.0, "nm_ar_huf": 1380566.0377358492, "log_ar": 18.108296058860212, "log_nm_ar": 14.138004145308091, "is_ar_outlier": 0, "alapterulet_nm": 53.0, "korrigalt_alapterulet_nm": 53.0, "szobaszam_osszes": 2.0, "allapot_kod": 6, "is_felujitando": 0, "is_ujszeru_vagy_uj": 1, "is_panel": 0, "is_tegla": 1, "has_lift": 1, "has_klima": 1, "has_erkely": 0, "is_foldszint": 1, "is_zaroszint": 0, "epulet_kora_ev": 0.0, "geokodolt_lat": 47.4872, "geokodolt_lon": 19.1401, "minta_garantalt_pontos": 1, "tavolsag_vasut_m": 552.6, "vasut_zona": "500-1000 m", "is_vasut_immisszio_150m": 0, "tavolsag_vasut_halozati_m": 968.0, "menetido_vasut_gyalog_perc": 12.9, "vasut_5p_seta": 0, "vasut_10p_seta": 0, "vasut_15p_seta": 1, "url": "https://ingatlan.com/35464280", "title": "Eladó tégla lakás - Budapest X. kerület, Harmat utca 22. #35464280", "postal_code": "1104", "varos": "Budapest", "utca": "Harmat utca", "hazszam_vegleges": "22", "allapot": "új építésű", "ingatlan_altipus": "Tégla lakás", "epites_eve": 2028.0, "epites_eve_kategoria": "Új építésű (2025+)", "erkely_nm": 0.0, "szobaszam_egesz": 2.0, "szobaszam_fel": 0.0, "szobaszam_kategoria": "2 szoba", "atlagos_szobameret_nm": 26.5, "emelet": "földszint", "emelet_szam": 0.0, "epulet_szintjei_szam": 5.0, "is_magas_emelet_lift_nelkul": 0, "futes": "mennyezeti hűtés-fűtés, hőszivattyú", "futes_kategoria": null, "has_tavfutes": 0, "has_konvektor": 0, "has_megujulo": 1, "has_garazs_vagy_beallo": 0, "energetikai_tanusitvany": "A", "butorozott": null, "koltozheto": null, "min_berleti_ido": null, "kertkapcsolatos": "igen", "kozos_koltseg_huf": null, "rezsikoltseg_huf": null, "hirdeto_tipus": "Ingatlaniroda", "iroda_neve": null, "leiras_hossz": 701.0, "fenykepek_szama": 4.0, "geokodolas_modszere": null, "geokodolas_pontossag": null, "price_eur": null, "nm_ar_eur": null, "kozos_koltseg_eur": null, "rezsikoltseg_eur": null, "kaucio_eur": null, "tavolsag_metro_halozati_m": null, "metro_5p_seta": 0, "metro_10p_seta": 0, "metro_15p_seta": 0, "tavolsag_villamos_halozati_m": 417.0, "villamos_5p_seta": 0, "villamos_10p_seta": 1, "villamos_15p_seta": 1, "tavolsag_busz_halozati_m": 233.1, "busz_5p_seta": 1, "busz_10p_seta": 1, "tavolsag_kotottpalya_halozati_m": 417.0, "kotottpalya_5p_seta": 0, "kotottpalya_10p_seta": 1, "kotottpalya_15p_seta": 1, "tavolsag_park_halozati_m": 543.6, "park_5p_seta": 0, "park_10p_seta": 1, "park_15p_seta": 1, "poi_5p_count": 3.0, "poi_10p_count": 23.0, "poi_15p_count": 66.0, "tavolsag_iskola_halozati_m": 946.7, "iskola_5p_seta": 0, "iskola_10p_seta": 0, "iskola_15p_seta": 1, "tavolsag_ovoda_halozati_m": 425.7, "ovoda_5p_seta": 0, "ovoda_10p_seta": 1, "ovoda_15p_seta": 1, "tavolsag_bolt_halozati_m": 509.2, "bolt_5p_seta": 0, "bolt_10p_seta": 1, "bolt_15p_seta": 1, "tavolsag_gyogyszertar_halozati_m": 377.8, "gyogyszertar_5p_seta": 0, "gyogyszertar_10p_seta": 1, "gyogyszertar_15p_seta": 1, "tavolsag_orvos_halozati_m": null, "orvos_5p_seta": 0, "orvos_10p_seta": 0, "orvos_15p_seta": 0, "legkozelebbi_vasut": "Kőbánya felső", "legkozelebbi_metro": "", "legkozelebbi_villamos": "Szent László Gimnázium", "legkozelebbi_busz": "Szent László Gimnázium", "legkozelebbi_park": "Rottenbiller park", "legkozelebbi_kotottpalya_tipus": "villamos" }, "geometry": { "type": "Point", "coordinates": [ 19.1401, 47.4872 ] } },
{ "type": "Feature", "properties": { "listing_id": "35464288", "listing_type": "elado", "cim_teljes": "Budapest X. kerület, Harmat utca 22.", "varosresz": "Óhegy", "price_huf": 117560000.0, "ar_millio_ft": 117.56, "ar_ezer_ft_ho": 117560.0, "nm_ar_huf": 1546842.105263158, "log_ar": 18.582459399514992, "log_nm_ar": 14.251726059228659, "is_ar_outlier": 0, "alapterulet_nm": 76.0, "korrigalt_alapterulet_nm": 79.55, "szobaszam_osszes": 4.0, "allapot_kod": 6, "is_felujitando": 0, "is_ujszeru_vagy_uj": 1, "is_panel": 0, "is_tegla": 1, "has_lift": 1, "has_klima": 1, "has_erkely": 1, "is_foldszint": 1, "is_zaroszint": 0, "epulet_kora_ev": 0.0, "geokodolt_lat": 47.4872, "geokodolt_lon": 19.1401, "minta_garantalt_pontos": 1, "tavolsag_vasut_m": 552.6, "vasut_zona": "500-1000 m", "is_vasut_immisszio_150m": 0, "tavolsag_vasut_halozati_m": 968.0, "menetido_vasut_gyalog_perc": 12.9, "vasut_5p_seta": 0, "vasut_10p_seta": 0, "vasut_15p_seta": 1, "url": "https://ingatlan.com/35464288", "title": "Eladó tégla lakás - Budapest X. kerület, Harmat utca 22. #35464288", "postal_code": "1104", "varos": "Budapest", "utca": "Harmat utca", "hazszam_vegleges": "22", "allapot": "új építésű", "ingatlan_altipus": "Tégla lakás", "epites_eve": 2028.0, "epites_eve_kategoria": "Új építésű (2025+)", "erkely_nm": 7.1, "szobaszam_egesz": 4.0, "szobaszam_fel": 0.0, "szobaszam_kategoria": "4+ szoba", "atlagos_szobameret_nm": 19.0, "emelet": "földszint", "emelet_szam": 0.0, "epulet_szintjei_szam": 5.0, "is_magas_emelet_lift_nelkul": 0, "futes": "mennyezeti hűtés-fűtés, hőszivattyú", "futes_kategoria": null, "has_tavfutes": 0, "has_konvektor": 0, "has_megujulo": 1, "has_garazs_vagy_beallo": 0, "energetikai_tanusitvany": "A", "butorozott": null, "koltozheto": null, "min_berleti_ido": null, "kertkapcsolatos": "igen", "kozos_koltseg_huf": null, "rezsikoltseg_huf": null, "hirdeto_tipus": "Ingatlaniroda", "iroda_neve": null, "leiras_hossz": 701.0, "fenykepek_szama": 4.0, "geokodolas_modszere": null, "geokodolas_pontossag": null, "price_eur": null, "nm_ar_eur": null, "kozos_koltseg_eur": null, "rezsikoltseg_eur": null, "kaucio_eur": null, "tavolsag_metro_halozati_m": null, "metro_5p_seta": 0, "metro_10p_seta": 0, "metro_15p_seta": 0, "tavolsag_villamos_halozati_m": 417.0, "villamos_5p_seta": 0, "villamos_10p_seta": 1, "villamos_15p_seta": 1, "tavolsag_busz_halozati_m": 233.1, "busz_5p_seta": 1, "busz_10p_seta": 1, "tavolsag_kotottpalya_halozati_m": 417.0, "kotottpalya_5p_seta": 0, "kotottpalya_10p_seta": 1, "kotottpalya_15p_seta": 1, "tavolsag_park_halozati_m": 543.6, "park_5p_seta": 0, "park_10p_seta": 1, "park_15p_seta": 1, "poi_5p_count": 3.0, "poi_10p_count": 23.0, "poi_15p_count": 66.0, "tavolsag_iskola_halozati_m": 946.7, "iskola_5p_seta": 0, "iskola_10p_seta": 0, "iskola_15p_seta": 1, "tavolsag_ovoda_halozati_m": 425.7, "ovoda_5p_seta": 0, "ovoda_10p_seta": 1, "ovoda_15p_seta": 1, "tavolsag_bolt_halozati_m": 509.2, "bolt_5p_seta": 0, "bolt_10p_seta": 1, "bolt_15p_seta": 1, "tavolsag_gyogyszertar_halozati_m": 377.8, "gyogyszertar_5p_seta": 0, "gyogyszertar_10p_seta": 1, "gyogyszertar_15p_seta": 1, "tavolsag_orvos_halozati_m": null, "orvos_5p_seta": 0, "orvos_10p_seta": 0, "orvos_15p_seta": 0, "legkozelebbi_vasut": "Kőbánya felső", "legkozelebbi_metro": "", "legkozelebbi_villamos": "Szent László Gimnázium", "legkozelebbi_busz": "Szent László Gimnázium", "legkozelebbi_park": "Rottenbiller park", "legkozelebbi_kotottpalya_tipus": "villamos" }, "geometry": { "type": "Point", "coordinates": [ 19.1401, 47.4872 ] } },
{ "type": "Feature", "properties": { "listing_id": "35464291", "listing_type": "elado", "cim_teljes": "Budapest X. kerület, Harmat utca 22.", "varosresz": "Óhegy", "price_huf": 74440000.0, "ar_millio_ft": 74.44, "ar_ezer_ft_ho": 74440.0, "nm_ar_huf": 1519183.6734693877, "log_ar": 18.125503989738323, "log_nm_ar": 14.233683691627698, "is_ar_outlier": 0, "alapterulet_nm": 49.0, "korrigalt_alapterulet_nm": 56.905, "szobaszam_osszes": 2.0, "allapot_kod": 6, "is_felujitando": 0, "is_ujszeru_vagy_uj": 1, "is_panel": 0, "is_tegla": 1, "has_lift": 1, "has_klima": 1, "has_erkely": 1, "is_foldszint": 0, "is_zaroszint": 0, "epulet_kora_ev": 0.0, "geokodolt_lat": 47.4872, "geokodolt_lon": 19.1401, "minta_garantalt_pontos": 1, "tavolsag_vasut_m": 552.6, "vasut_zona": "500-1000 m", "is_vasut_immisszio_150m": 0, "tavolsag_vasut_halozati_m": 968.0, "menetido_vasut_gyalog_perc": 12.9, "vasut_5p_seta": 0, "vasut_10p_seta": 0, "vasut_15p_seta": 1, "url": "https://ingatlan.com/35464291", "title": "Eladó tégla lakás - Budapest X. kerület, Harmat utca 22. #35464291", "postal_code": "1104", "varos": "Budapest", "utca": "Harmat utca", "hazszam_vegleges": "22", "allapot": "új építésű", "ingatlan_altipus": "Tégla lakás", "epites_eve": 2028.0, "epites_eve_kategoria": "Új építésű (2025+)", "erkely_nm": 15.81, "szobaszam_egesz": 2.0, "szobaszam_fel": 0.0, "szobaszam_kategoria": "2 szoba", "atlagos_szobameret_nm": 24.5, "emelet": "1", "emelet_szam": 1.0, "epulet_szintjei_szam": 5.0, "is_magas_emelet_lift_nelkul": 0, "futes": "mennyezeti hűtés-fűtés, hőszivattyú", "futes_kategoria": null, "has_tavfutes": 0, "has_konvektor": 0, "has_megujulo": 1, "has_garazs_vagy_beallo": 0, "energetikai_tanusitvany": "A", "butorozott": null, "koltozheto": null, "min_berleti_ido": null, "kertkapcsolatos": "nem", "kozos_koltseg_huf": null, "rezsikoltseg_huf": null, "hirdeto_tipus": "Ingatlaniroda", "iroda_neve": null, "leiras_hossz": 701.0, "fenykepek_szama": 4.0, "geokodolas_modszere": null, "geokodolas_pontossag": null, "price_eur": null, "nm_ar_eur": null, "kozos_koltseg_eur": null, "rezsikoltseg_eur": null, "kaucio_eur": null, "tavolsag_metro_halozati_m": null, "metro_5p_seta": 0, "metro_10p_seta": 0, "metro_15p_seta": 0, "tavolsag_villamos_halozati_m": 417.0, "villamos_5p_seta": 0, "villamos_10p_seta": 1, "villamos_15p_seta": 1, "tavolsag_busz_halozati_m": 233.1, "busz_5p_seta": 1, "busz_10p_seta": 1, "tavolsag_kotottpalya_halozati_m": 417.0, "kotottpalya_5p_seta": 0, "kotottpalya_10p_seta": 1, "kotottpalya_15p_seta": 1, "tavolsag_park_halozati_m": 543.6, "park_5p_seta": 0, "park_10p_seta": 1, "park_15p_seta": 1, "poi_5p_count": 3.0, "poi_10p_count": 23.0, "poi_15p_count": 66.0, "tavolsag_iskola_halozati_m": 946.7, "iskola_5p_seta": 0, "iskola_10p_seta": 0, "iskola_15p_seta": 1, "tavolsag_ovoda_halozati_m": 425.7, "ovoda_5p_seta": 0, "ovoda_10p_seta": 1, "ovoda_15p_seta": 1, "tavolsag_bolt_halozati_m": 509.2, "bolt_5p_seta": 0, "bolt_10p_seta": 1, "bolt_15p_seta": 1, "tavolsag_gyogyszertar_halozati_m": 377.8, "gyogyszertar_5p_seta": 0, "gyogyszertar_10p_seta": 1, "gyogyszertar_15p_seta": 1, "tavolsag_orvos_halozati_m": null, "orvos_5p_seta": 0, "orvos_10p_seta": 0, "orvos_15p_seta": 0, "legkozelebbi_vasut": "Kőbánya felső", "legkozelebbi_metro": "", "legkozelebbi_villamos": "Szent László Gimnázium", "legkozelebbi_busz": "Szent László Gimnázium", "legkozelebbi_park": "Rottenbiller park", "legkozelebbi_kotottpalya_tipus": "villamos" }, "geometry": { "type": "Point", "coordinates": [ 19.1401, 47.4872 ] } },
{ "type": "Feature", "properties": { "listing_id": "35464298", "listing_type": "elado", "cim_teljes": "Budapest X. kerület, Harmat utca 22.", "varosresz": "Óhegy", "price_huf": 74560000.0, "ar_millio_ft": 74.56, "ar_ezer_ft_ho": 74560.0, "nm_ar_huf": 1406792.4528301887, "log_ar": 18.12711472834161, "log_nm_ar": 14.156822814789487, "is_ar_outlier": 0, "alapterulet_nm": 53.0, "korrigalt_alapterulet_nm": 55.885, "szobaszam_osszes": 2.0, "allapot_kod": 6, "is_felujitando": 0, "is_ujszeru_vagy_uj": 1, "is_panel": 0, "is_tegla": 1, "has_lift": 1, "has_klima": 1, "has_erkely": 1, "is_foldszint": 0, "is_zaroszint": 0, "epulet_kora_ev": 0.0, "geokodolt_lat": 47.4872, "geokodolt_lon": 19.1401, "minta_garantalt_pontos": 1, "tavolsag_vasut_m": 552.6, "vasut_zona": "500-1000 m", "is_vasut_immisszio_150m": 0, "tavolsag_vasut_halozati_m": 968.0, "menetido_vasut_gyalog_perc": 12.9, "vasut_5p_seta": 0, "vasut_10p_seta": 0, "vasut_15p_seta": 1, "url": "https://ingatlan.com/35464298", "title": "Eladó tégla lakás - Budapest X. kerület, Harmat utca 22. #35464298", "postal_code": "1104", "varos": "Budapest", "utca": "Harmat utca", "hazszam_vegleges": "22", "allapot": "új építésű", "ingatlan_altipus": "Tégla lakás", "epites_eve": 2028.0, "epites_eve_kategoria": "Új építésű (2025+)", "erkely_nm": 5.77, "szobaszam_egesz": 2.0, "szobaszam_fel": 0.0, "szobaszam_kategoria": "2 szoba", "atlagos_szobameret_nm": 26.5, "emelet": "1", "emelet_szam": 1.0, "epulet_szintjei_szam": 5.0, "is_magas_emelet_lift_nelkul": 0, "futes": "mennyezeti hűtés-fűtés, hőszivattyú", "futes_kategoria": null, "has_tavfutes": 0, "has_konvektor": 0, "has_megujulo": 1, "has_garazs_vagy_beallo": 0, "energetikai_tanusitvany": "A", "butorozott": null, "koltozheto": null, "min_berleti_ido": null, "kertkapcsolatos": "nem", "kozos_koltseg_huf": null, "rezsikoltseg_huf": null, "hirdeto_tipus": "Ingatlaniroda", "iroda_neve": null, "leiras_hossz": 701.0, "fenykepek_szama": 4.0, "geokodolas_modszere": null, "geokodolas_pontossag": null, "price_eur": null, "nm_ar_eur": null, "kozos_koltseg_eur": null, "rezsikoltseg_eur": null, "kaucio_eur": null, "tavolsag_metro_halozati_m": null, "metro_5p_seta": 0, "metro_10p_seta": 0, "metro_15p_seta": 0, "tavolsag_villamos_halozati_m": 417.0, "villamos_5p_seta": 0, "villamos_10p_seta": 1, "villamos_15p_seta": 1, "tavolsag_busz_halozati_m": 233.1, "busz_5p_seta": 1, "busz_10p_seta": 1, "tavolsag_kotottpalya_halozati_m": 417.0, "kotottpalya_5p_seta": 0, "kotottpalya_10p_seta": 1, "kotottpalya_15p_seta": 1, "tavolsag_park_halozati_m": 543.6, "park_5p_seta": 0, "park_10p_seta": 1, "park_15p_seta": 1, "poi_5p_count": 3.0, "poi_10p_count": 23.0, "poi_15p_count": 66.0, "tavolsag_iskola_halozati_m": 946.7, "iskola_5p_seta": 0, "iskola_10p_seta": 0, "iskola_15p_seta": 1, "tavolsag_ovoda_halozati_m": 425.7, "ovoda_5p_seta": 0, "ovoda_10p_seta": 1, "ovoda_15p_seta": 1, "tavolsag_bolt_halozati_m": 509.2, "bolt_5p_seta": 0, "bolt_10p_seta": 1, "bolt_15p_seta": 1, "tavolsag_gyogyszertar_halozati_m": 377.8, "gyogyszertar_5p_seta": 0, "gyogyszertar_10p_seta": 1, "gyogyszertar_15p_seta": 1, "tavolsag_orvos_halozati_m": null, "orvos_5p_seta": 0, "orvos_10p_seta": 0, "orvos_15p_seta": 0, "legkozelebbi_vasut": "Kőbánya felső", "legkozelebbi_metro": "", "legkozelebbi_villamos": "Szent László Gimnázium", "legkozelebbi_busz": "Szent László Gimnázium", "legkozelebbi_park": "Rottenbiller park", "legkozelebbi_kotottpalya_tipus": "villamos" }, "geometry": { "type": "Point", "coordinates": [ 19.1401, 47.4872 ] } },
{ "type": "Feature", "properties": { "listing_id": "35464301", "listing_type": "elado", "cim_teljes": "Budapest X. kerület, Harmat utca 22.", "varosresz": "Óhegy", "price_huf": 131690000.0, "ar_millio_ft": 131.69, "ar_ezer_ft_ho": 131690.0, "nm_ar_huf": 1416021.5053763441, "log_ar": 18.695961233686404, "log_nm_ar": 14.163361740533148, "is_ar_outlier": 0, "alapterulet_nm": 93.0, "korrigalt_alapterulet_nm": 106.475, "szobaszam_osszes": 4.0, "allapot_kod": 6, "is_felujitando": 0, "is_ujszeru_vagy_uj": 1, "is_panel": 0, "is_tegla": 1, "has_lift": 1, "has_klima": 1, "has_erkely": 1, "is_foldszint": 0, "is_zaroszint": 0, "epulet_kora_ev": 0.0, "geokodolt_lat": 47.4872, "geokodolt_lon": 19.1401, "minta_garantalt_pontos": 1, "tavolsag_vasut_m": 552.6, "vasut_zona": "500-1000 m", "is_vasut_immisszio_150m": 0, "tavolsag_vasut_halozati_m": 968.0, "menetido_vasut_gyalog_perc": 12.9, "vasut_5p_seta": 0, "vasut_10p_seta": 0, "vasut_15p_seta": 1, "url": "https://ingatlan.com/35464301", "title": "Eladó tégla lakás - Budapest X. kerület, Harmat utca 22. #35464301", "postal_code": "1104", "varos": "Budapest", "utca": "Harmat utca", "hazszam_vegleges": "22", "allapot": "új építésű", "ingatlan_altipus": "Tégla lakás", "epites_eve": 2028.0, "epites_eve_kategoria": "Új építésű (2025+)", "erkely_nm": 26.95, "szobaszam_egesz": 4.0, "szobaszam_fel": 0.0, "szobaszam_kategoria": "4+ szoba", "atlagos_szobameret_nm": 23.25, "emelet": "1", "emelet_szam": 1.0, "epulet_szintjei_szam": 5.0, "is_magas_emelet_lift_nelkul": 0, "futes": "mennyezeti hűtés-fűtés, hőszivattyú", "futes_kategoria": null, "has_tavfutes": 0, "has_konvektor": 0, "has_megujulo": 1, "has_garazs_vagy_beallo": 0, "energetikai_tanusitvany": "A", "butorozott": null, "koltozheto": null, "min_berleti_ido": null, "kertkapcsolatos": "nem", "kozos_koltseg_huf": null, "rezsikoltseg_huf": null, "hirdeto_tipus": "Ingatlaniroda", "iroda_neve": null, "leiras_hossz": 701.0, "fenykepek_szama": 4.0, "geokodolas_modszere": null, "geokodolas_pontossag": null, "price_eur": null, "nm_ar_eur": null, "kozos_koltseg_eur": null, "rezsikoltseg_eur": null, "kaucio_eur": null, "tavolsag_metro_halozati_m": null, "metro_5p_seta": 0, "metro_10p_seta": 0, "metro_15p_seta": 0, "tavolsag_villamos_halozati_m": 417.0, "villamos_5p_seta": 0, "villamos_10p_seta": 1, "villamos_15p_seta": 1, "tavolsag_busz_halozati_m": 233.1, "busz_5p_seta": 1, "busz_10p_seta": 1, "tavolsag_kotottpalya_halozati_m": 417.0, "kotottpalya_5p_seta": 0, "kotottpalya_10p_seta": 1, "kotottpalya_15p_seta": 1, "tavolsag_park_halozati_m": 543.6, "park_5p_seta": 0, "park_10p_seta": 1, "park_15p_seta": 1, "poi_5p_count": 3.0, "poi_10p_count": 23.0, "poi_15p_count": 66.0, "tavolsag_iskola_halozati_m": 946.7, "iskola_5p_seta": 0, "iskola_10p_seta": 0, "iskola_15p_seta": 1, "tavolsag_ovoda_halozati_m": 425.7, "ovoda_5p_seta": 0, "ovoda_10p_seta": 1, "ovoda_15p_seta": 1, "tavolsag_bolt_halozati_m": 509.2, "bolt_5p_seta": 0, "bolt_10p_seta": 1, "bolt_15p_seta": 1, "tavolsag_gyogyszertar_halozati_m": 377.8, "gyogyszertar_5p_seta": 0, "gyogyszertar_10p_seta": 1, "gyogyszertar_15p_seta": 1, "tavolsag_orvos_halozati_m": null, "orvos_5p_seta": 0, "orvos_10p_seta": 0, "orvos_15p_seta": 0, "legkozelebbi_vasut": "Kőbánya felső", "legkozelebbi_metro": "", "legkozelebbi_villamos": "Szent László Gimnázium", "legkozelebbi_busz": "Szent László Gimnázium", "legkozelebbi_park": "Rottenbiller park", "legkozelebbi_kotottpalya_tipus": "villamos" }, "geometry": { "type": "Point", "coordinates": [ 19.1401, 47.4872 ] } },
{ "type": "Feature", "properties": { "listing_id": "35464304", "listing_type": "elado", "cim_teljes": "Budapest X. kerület, Harmat utca 22.", "varosresz": "Óhegy", "price_huf": 51050000.0, "ar_millio_ft": 51.05, "ar_ezer_ft_ho": 51050.0, "nm_ar_huf": 1501470.5882352942, "log_ar": 17.74831610257495, "log_nm_ar": 14.221955577958788, "is_ar_outlier": 0, "alapterulet_nm": 34.0, "korrigalt_alapterulet_nm": 35.755, "szobaszam_osszes": 1.0, "allapot_kod": 6, "is_felujitando": 0, "is_ujszeru_vagy_uj": 1, "is_panel": 0, "is_tegla": 1, "has_lift": 1, "has_klima": 1, "has_erkely": 1, "is_foldszint": 0, "is_zaroszint": 0, "epulet_kora_ev": 0.0, "geokodolt_lat": 47.4872, "geokodolt_lon": 19.1401, "minta_garantalt_pontos": 1, "tavolsag_vasut_m": 552.6, "vasut_zona": "500-1000 m", "is_vasut_immisszio_150m": 0, "tavolsag_vasut_halozati_m": 968.0, "menetido_vasut_gyalog_perc": 12.9, "vasut_5p_seta": 0, "vasut_10p_seta": 0, "vasut_15p_seta": 1, "url": "https://ingatlan.com/35464304", "title": "Eladó tégla lakás - Budapest X. kerület, Harmat utca 22. #35464304", "postal_code": "1104", "varos": "Budapest", "utca": "Harmat utca", "hazszam_vegleges": "22", "allapot": "új építésű", "ingatlan_altipus": "Tégla lakás", "epites_eve": 2028.0, "epites_eve_kategoria": "Új építésű (2025+)", "erkely_nm": 3.51, "szobaszam_egesz": 1.0, "szobaszam_fel": 0.0, "szobaszam_kategoria": "1 szoba", "atlagos_szobameret_nm": 34.0, "emelet": "1", "emelet_szam": 1.0, "epulet_szintjei_szam": 5.0, "is_magas_emelet_lift_nelkul": 0, "futes": "mennyezeti hűtés-fűtés, hőszivattyú", "futes_kategoria": null, "has_tavfutes": 0, "has_konvektor": 0, "has_megujulo": 1, "has_garazs_vagy_beallo": 0, "energetikai_tanusitvany": "A", "butorozott": null, "koltozheto": null, "min_berleti_ido": null, "kertkapcsolatos": "nem", "kozos_koltseg_huf": null, "rezsikoltseg_huf": null, "hirdeto_tipus": "Ingatlaniroda", "iroda_neve": null, "leiras_hossz": 701.0, "fenykepek_szama": 4.0, "geokodolas_modszere": null, "geokodolas_pontossag": null, "price_eur": null, "nm_ar_eur": null, "kozos_koltseg_eur": null, "rezsikoltseg_eur": null, "kaucio_eur": null, "tavolsag_metro_halozati_m": null, "metro_5p_seta": 0, "metro_10p_seta": 0, "metro_15p_seta": 0, "tavolsag_villamos_halozati_m": 417.0, "villamos_5p_seta": 0, "villamos_10p_seta": 1, "villamos_15p_seta": 1, "tavolsag_busz_halozati_m": 233.1, "busz_5p_seta": 1, "busz_10p_seta": 1, "tavolsag_kotottpalya_halozati_m": 417.0, "kotottpalya_5p_seta": 0, "kotottpalya_10p_seta": 1, "kotottpalya_15p_seta": 1, "tavolsag_park_halozati_m": 543.6, "park_5p_seta": 0, "park_10p_seta": 1, "park_15p_seta": 1, "poi_5p_count": 3.0, "poi_10p_count": 23.0, "poi_15p_count": 66.0, "tavolsag_iskola_halozati_m": 946.7, "iskola_5p_seta": 0, "iskola_10p_seta": 0, "iskola_15p_seta": 1, "tavolsag_ovoda_halozati_m": 425.7, "ovoda_5p_seta": 0, "ovoda_10p_seta": 1, "ovoda_15p_seta": 1, "tavolsag_bolt_halozati_m": 509.2, "bolt_5p_seta": 0, "bolt_10p_seta": 1, "bolt_15p_seta": 1, "tavolsag_gyogyszertar_halozati_m": 377.8, "gyogyszertar_5p_seta": 0, "gyogyszertar_10p_seta": 1, "gyogyszertar_15p_seta": 1, "tavolsag_orvos_halozati_m": null, "orvos_5p_seta": 0, "orvos_10p_seta": 0, "orvos_15p_seta": 0, "legkozelebbi_vasut": "Kőbánya felső", "legkozelebbi_metro": "", "legkozelebbi_villamos": "Szent László Gimnázium", "legkozelebbi_busz": "Szent László Gimnázium", "legkozelebbi_park": "Rottenbiller park", "legkozelebbi_kotottpalya_tipus": "villamos" }, "geometry": { "type": "Point", "coordinates": [ 19.1401, 47.4872 ] } },
{ "type": "Feature", "properties": { "listing_id": "35464312", "listing_type": "elado", "cim_teljes": "Budapest X. kerület, Harmat utca 22.", "varosresz": "Óhegy", "price_huf": 88520000.0, "ar_millio_ft": 88.52, "ar_ezer_ft_ho": 88520.0, "nm_ar_huf": 1552982.4561403508, "log_ar": 18.298739073147122, "log_nm_ar": 14.255687805312572, "is_ar_outlier": 0, "alapterulet_nm": 57.0, "korrigalt_alapterulet_nm": 65.59, "szobaszam_osszes": 3.0, "allapot_kod": 6, "is_felujitando": 0, "is_ujszeru_vagy_uj": 1, "is_panel": 0, "is_tegla": 1, "has_lift": 1, "has_klima": 1, "has_erkely": 1, "is_foldszint": 0, "is_zaroszint": 0, "epulet_kora_ev": 0.0, "geokodolt_lat": 47.4872, "geokodolt_lon": 19.1401, "minta_garantalt_pontos": 1, "tavolsag_vasut_m": 552.6, "vasut_zona": "500-1000 m", "is_vasut_immisszio_150m": 0, "tavolsag_vasut_halozati_m": 968.0, "menetido_vasut_gyalog_perc": 12.9, "vasut_5p_seta": 0, "vasut_10p_seta": 0, "vasut_15p_seta": 1, "url": "https://ingatlan.com/35464312", "title": "Eladó tégla lakás - Budapest X. kerület, Harmat utca 22. #35464312", "postal_code": "1104", "varos": "Budapest", "utca": "Harmat utca", "hazszam_vegleges": "22", "allapot": "új építésű", "ingatlan_altipus": "Tégla lakás", "epites_eve": 2028.0, "epites_eve_kategoria": "Új építésű (2025+)", "erkely_nm": 17.18, "szobaszam_egesz": 3.0, "szobaszam_fel": 0.0, "szobaszam_kategoria": "3 szoba", "atlagos_szobameret_nm": 19.0, "emelet": "2", "emelet_szam": 2.0, "epulet_szintjei_szam": 5.0, "is_magas_emelet_lift_nelkul": 0, "futes": "mennyezeti hűtés-fűtés, hőszivattyú", "futes_kategoria": null, "has_tavfutes": 0, "has_konvektor": 0, "has_megujulo": 1, "has_garazs_vagy_beallo": 0, "energetikai_tanusitvany": "A", "butorozott": null, "koltozheto": null, "min_berleti_ido": null, "kertkapcsolatos": "nem", "kozos_koltseg_huf": null, "rezsikoltseg_huf": null, "hirdeto_tipus": "Ingatlaniroda", "iroda_neve": null, "leiras_hossz": 701.0, "fenykepek_szama": 4.0, "geokodolas_modszere": null, "geokodolas_pontossag": null, "price_eur": null, "nm_ar_eur": null, "kozos_koltseg_eur": null, "rezsikoltseg_eur": null, "kaucio_eur": null, "tavolsag_metro_halozati_m": null, "metro_5p_seta": 0, "metro_10p_seta": 0, "metro_15p_seta": 0, "tavolsag_villamos_halozati_m": 417.0, "villamos_5p_seta": 0, "villamos_10p_seta": 1, "villamos_15p_seta": 1, "tavolsag_busz_halozati_m": 233.1, "busz_5p_seta": 1, "busz_10p_seta": 1, "tavolsag_kotottpalya_halozati_m": 417.0, "kotottpalya_5p_seta": 0, "kotottpalya_10p_seta": 1, "kotottpalya_15p_seta": 1, "tavolsag_park_halozati_m": 543.6, "park_5p_seta": 0, "park_10p_seta": 1, "park_15p_seta": 1, "poi_5p_count": 3.0, "poi_10p_count": 23.0, "poi_15p_count": 66.0, "tavolsag_iskola_halozati_m": 946.7, "iskola_5p_seta": 0, "iskola_10p_seta": 0, "iskola_15p_seta": 1, "tavolsag_ovoda_halozati_m": 425.7, "ovoda_5p_seta": 0, "ovoda_10p_seta": 1, "ovoda_15p_seta": 1, "tavolsag_bolt_halozati_m": 509.2, "bolt_5p_seta": 0, "bolt_10p_seta": 1, "bolt_15p_seta": 1, "tavolsag_gyogyszertar_halozati_m": 377.8, "gyogyszertar_5p_seta": 0, "gyogyszertar_10p_seta": 1, "gyogyszertar_15p_seta": 1, "tavolsag_orvos_halozati_m": null, "orvos_5p_seta": 0, "orvos_10p_seta": 0, "orvos_15p_seta": 0, "legkozelebbi_vasut": "Kőbánya felső", "legkozelebbi_metro": "", "legkozelebbi_villamos": "Szent László Gimnázium", "legkozelebbi_busz": "Szent László Gimnázium", "legkozelebbi_park": "Rottenbiller park", "legkozelebbi_kotottpalya_tipus": "villamos" }, "geometry": { "type": "Point", "coordinates": [ 19.1401, 47.4872 ] } },
{ "type": "Feature", "properties": { "listing_id": "35464316", "listing_type": "elado", "cim_teljes": "Budapest X. kerület, Harmat utca 22.", "varosresz": "Óhegy", "price_huf": 75580000.0, "ar_millio_ft": 75.58, "ar_ezer_ft_ho": 75580.0, "nm_ar_huf": 1542448.9795918367, "log_ar": 18.140702255885618, "log_nm_ar": 14.248881957774991, "is_ar_outlier": 0, "alapterulet_nm": 49.0, "korrigalt_alapterulet_nm": 56.905, "szobaszam_osszes": 2.0, "allapot_kod": 6, "is_felujitando": 0, "is_ujszeru_vagy_uj": 1, "is_panel": 0, "is_tegla": 1, "has_lift": 1, "has_klima": 1, "has_erkely": 1, "is_foldszint": 0, "is_zaroszint": 0, "epulet_kora_ev": 0.0, "geokodolt_lat": 47.4872, "geokodolt_lon": 19.1401, "minta_garantalt_pontos": 1, "tavolsag_vasut_m": 552.6, "vasut_zona": "500-1000 m", "is_vasut_immisszio_150m": 0, "tavolsag_vasut_halozati_m": 968.0, "menetido_vasut_gyalog_perc": 12.9, "vasut_5p_seta": 0, "vasut_10p_seta": 0, "vasut_15p_seta": 1, "url": "https://ingatlan.com/35464316", "title": "Eladó tégla lakás - Budapest X. kerület, Harmat utca 22. #35464316", "postal_code": "1104", "varos": "Budapest", "utca": "Harmat utca", "hazszam_vegleges": "22", "allapot": "új építésű", "ingatlan_altipus": "Tégla lakás", "epites_eve": 2028.0, "epites_eve_kategoria": "Új építésű (2025+)", "erkely_nm": 15.81, "szobaszam_egesz": 2.0, "szobaszam_fel": 0.0, "szobaszam_kategoria": "2 szoba", "atlagos_szobameret_nm": 24.5, "emelet": "2", "emelet_szam": 2.0, "epulet_szintjei_szam": 5.0, "is_magas_emelet_lift_nelkul": 0, "futes": "mennyezeti hűtés-fűtés, hőszivattyú", "futes_kategoria": null, "has_tavfutes": 0, "has_konvektor": 0, "has_megujulo": 1, "has_garazs_vagy_beallo": 0, "energetikai_tanusitvany": "A", "butorozott": null, "koltozheto": null, "min_berleti_ido": null, "kertkapcsolatos": "nem", "kozos_koltseg_huf": null, "rezsikoltseg_huf": null, "hirdeto_tipus": "Ingatlaniroda", "iroda_neve": null, "leiras_hossz": 701.0, "fenykepek_szama": 4.0, "geokodolas_modszere": null, "geokodolas_pontossag": null, "price_eur": null, "nm_ar_eur": null, "kozos_koltseg_eur": null, "rezsikoltseg_eur": null, "kaucio_eur": null, "tavolsag_metro_halozati_m": null, "metro_5p_seta": 0, "metro_10p_seta": 0, "metro_15p_seta": 0, "tavolsag_villamos_halozati_m": 417.0, "villamos_5p_seta": 0, "villamos_10p_seta": 1, "villamos_15p_seta": 1, "tavolsag_busz_halozati_m": 233.1, "busz_5p_seta": 1, "busz_10p_seta": 1, "tavolsag_kotottpalya_halozati_m": 417.0, "kotottpalya_5p_seta": 0, "kotottpalya_10p_seta": 1, "kotottpalya_15p_seta": 1, "tavolsag_park_halozati_m": 543.6, "park_5p_seta": 0, "park_10p_seta": 1, "park_15p_seta": 1, "poi_5p_count": 3.0, "poi_10p_count": 23.0, "poi_15p_count": 66.0, "tavolsag_iskola_halozati_m": 946.7, "iskola_5p_seta": 0, "iskola_10p_seta": 0, "iskola_15p_seta": 1, "tavolsag_ovoda_halozati_m": 425.7, "ovoda_5p_seta": 0, "ovoda_10p_seta": 1, "ovoda_15p_seta": 1, "tavolsag_bolt_halozati_m": 509.2, "bolt_5p_seta": 0, "bolt_10p_seta": 1, "bolt_15p_seta": 1, "tavolsag_gyogyszertar_halozati_m": 377.8, "gyogyszertar_5p_seta": 0, "gyogyszertar_10p_seta": 1, "gyogyszertar_15p_seta": 1, "tavolsag_orvos_halozati_m": null, "orvos_5p_seta": 0, "orvos_10p_seta": 0, "orvos_15p_seta": 0, "legkozelebbi_vasut": "Kőbánya felső", "legkozelebbi_metro": "", "legkozelebbi_villamos": "Szent László Gimnázium", "legkozelebbi_busz": "Szent László Gimnázium", "legkozelebbi_park": "Rottenbiller park", "legkozelebbi_kotottpalya_tipus": "villamos" }, "geometry": { "type": "Point", "coordinates": [ 19.1401, 47.4872 ] } },
{ "type": "Feature", "properties": { "listing_id": "35464317", "listing_type": "elado", "cim_teljes": "Budapest X. kerület, Újhegyi út 18/B.", "varosresz": "Újhegy", "price_huf": 95000000.0, "ar_millio_ft": 95.0, "ar_ezer_ft_ho": 95000.0, "nm_ar_huf": 1217948.717948718, "log_ar": 18.369387449564815, "log_nm_ar": 14.012678622875223, "is_ar_outlier": 0, "alapterulet_nm": 78.0, "korrigalt_alapterulet_nm": 82.0, "szobaszam_osszes": 3.0, "allapot_kod": 3, "is_felujitando": 0, "is_ujszeru_vagy_uj": 0, "is_panel": 0, "is_tegla": 1, "has_lift": 1, "has_klima": 1, "has_erkely": 1, "is_foldszint": 0, "is_zaroszint": 0, "epulet_kora_ev": 0.0, "geokodolt_lat": 47.468138, "geokodolt_lon": 19.16875, "minta_garantalt_pontos": 1, "tavolsag_vasut_m": 901.5, "vasut_zona": "500-1000 m", "is_vasut_immisszio_150m": 0, "tavolsag_vasut_halozati_m": 1890.6, "menetido_vasut_gyalog_perc": 25.2, "vasut_5p_seta": 0, "vasut_10p_seta": 0, "vasut_15p_seta": 0, "url": "https://ingatlan.com/35464317", "title": "Eladó tégla lakás - Budapest X. kerület, Újhegyi út 18/B #35464317", "postal_code": "1108", "varos": "Budapest", "utca": "Újhegyi út", "hazszam_vegleges": "18/B", "allapot": "nincs megadva", "ingatlan_altipus": "Tégla lakás", "epites_eve": 2026.0, "epites_eve_kategoria": "Új építésű (2025+)", "erkely_nm": 8.0, "szobaszam_egesz": 3.0, "szobaszam_fel": 0.0, "szobaszam_kategoria": "3 szoba", "atlagos_szobameret_nm": 26.0, "emelet": "1", "emelet_szam": 1.0, "epulet_szintjei_szam": 4.0, "is_magas_emelet_lift_nelkul": 0, "futes": "hőszivattyú", "futes_kategoria": null, "has_tavfutes": 0, "has_konvektor": 0, "has_megujulo": 1, "has_garazs_vagy_beallo": 0, "energetikai_tanusitvany": "nincs megadva", "butorozott": null, "koltozheto": null, "min_berleti_ido": null, "kertkapcsolatos": "nincs megadva", "kozos_koltseg_huf": null, "rezsikoltseg_huf": null, "hirdeto_tipus": "Ingatlaniroda", "iroda_neve": null, "leiras_hossz": 2297.0, "fenykepek_szama": 4.0, "geokodolas_modszere": null, "geokodolas_pontossag": null, "price_eur": null, "nm_ar_eur": null, "kozos_koltseg_eur": null, "rezsikoltseg_eur": null, "kaucio_eur": null, "tavolsag_metro_halozati_m": 1896.5, "metro_5p_seta": 0, "metro_10p_seta": 0, "metro_15p_seta": 0, "tavolsag_villamos_halozati_m": 975.8, "villamos_5p_seta": 0, "villamos_10p_seta": 0, "villamos_15p_seta": 1, "tavolsag_busz_halozati_m": 13.3, "busz_5p_seta": 1, "busz_10p_seta": 1, "tavolsag_kotottpalya_halozati_m": 975.8, "kotottpalya_5p_seta": 0, "kotottpalya_10p_seta": 0, "kotottpalya_15p_seta": 1, "tavolsag_park_halozati_m": 401.7, "park_5p_seta": 0, "park_10p_seta": 1, "park_15p_seta": 1, "poi_5p_count": 4.0, "poi_10p_count": 18.0, "poi_15p_count": 57.0, "tavolsag_iskola_halozati_m": null, "iskola_5p_seta": 0, "iskola_10p_seta": 0, "iskola_15p_seta": 0, "tavolsag_ovoda_halozati_m": null, "ovoda_5p_seta": 0, "ovoda_10p_seta": 0, "ovoda_15p_seta": 0, "tavolsag_bolt_halozati_m": 580.2, "bolt_5p_seta": 0, "bolt_10p_seta": 1, "bolt_15p_seta": 1, "tavolsag_gyogyszertar_halozati_m": 647.1, "gyogyszertar_5p_seta": 0, "gyogyszertar_10p_seta": 1, "gyogyszertar_15p_seta": 1, "tavolsag_orvos_halozati_m": 1648.7, "orvos_5p_seta": 0, "orvos_10p_seta": 0, "orvos_15p_seta": 0, "legkozelebbi_vasut": "Kőbánya-Kispest", "legkozelebbi_metro": "", "legkozelebbi_villamos": "Új köztemető", "legkozelebbi_busz": "Újhegyi út, Sportliget", "legkozelebbi_park": "Sportliget", "legkozelebbi_kotottpalya_tipus": "villamos" }, "geometry": { "type": "Point", "coordinates": [ 19.16875, 47.468138 ] } },
{ "type": "Feature", "properties": { "listing_id": "35464323", "listing_type": "elado", "cim_teljes": "Budapest X. kerület, Harmat utca 22.", "varosresz": "Óhegy", "price_huf": 75680000.0, "ar_millio_ft": 75.68, "ar_ezer_ft_ho": 75680.0, "nm_ar_huf": 1427924.5283018867, "log_ar": 18.142024482707896, "log_nm_ar": 14.171732569155775, "is_ar_outlier": 0, "alapterulet_nm": 53.0, "korrigalt_alapterulet_nm": 55.885, "szobaszam_osszes": 2.0, "allapot_kod": 6, "is_felujitando": 0, "is_ujszeru_vagy_uj": 1, "is_panel": 0, "is_tegla": 1, "has_lift": 1, "has_klima": 1, "has_erkely": 1, "is_foldszint": 0, "is_zaroszint": 0, "epulet_kora_ev": 0.0, "geokodolt_lat": 47.4872, "geokodolt_lon": 19.1401, "minta_garantalt_pontos": 1, "tavolsag_vasut_m": 552.6, "vasut_zona": "500-1000 m", "is_vasut_immisszio_150m": 0, "tavolsag_vasut_halozati_m": 968.0, "menetido_vasut_gyalog_perc": 12.9, "vasut_5p_seta": 0, "vasut_10p_seta": 0, "vasut_15p_seta": 1, "url": "https://ingatlan.com/35464323", "title": "Eladó tégla lakás - Budapest X. kerület, Harmat utca 22. #35464323", "postal_code": "1104", "varos": "Budapest", "utca": "Harmat utca", "hazszam_vegleges": "22", "allapot": "új építésű", "ingatlan_altipus": "Tégla lakás", "epites_eve": 2028.0, "epites_eve_kategoria": "Új építésű (2025+)", "erkely_nm": 5.77, "szobaszam_egesz": 2.0, "szobaszam_fel": 0.0, "szobaszam_kategoria": "2 szoba", "atlagos_szobameret_nm": 26.5, "emelet": "2", "emelet_szam": 2.0, "epulet_szintjei_szam": 5.0, "is_magas_emelet_lift_nelkul": 0, "futes": "mennyezeti hűtés-fűtés, hőszivattyú", "futes_kategoria": null, "has_tavfutes": 0, "has_konvektor": 0, "has_megujulo": 1, "has_garazs_vagy_beallo": 0, "energetikai_tanusitvany": "A", "butorozott": null, "koltozheto": null, "min_berleti_ido": null, "kertkapcsolatos": "nem", "kozos_koltseg_huf": null, "rezsikoltseg_huf": null, "hirdeto_tipus": "Ingatlaniroda", "iroda_neve": null, "leiras_hossz": 701.0, "fenykepek_szama": 4.0, "geokodolas_modszere": null, "geokodolas_pontossag": null, "price_eur": null, "nm_ar_eur": null, "kozos_koltseg_eur": null, "rezsikoltseg_eur": null, "kaucio_eur": null, "tavolsag_metro_halozati_m": null, "metro_5p_seta": 0, "metro_10p_seta": 0, "metro_15p_seta": 0, "tavolsag_villamos_halozati_m": 417.0, "villamos_5p_seta": 0, "villamos_10p_seta": 1, "villamos_15p_seta": 1, "tavolsag_busz_halozati_m": 233.1, "busz_5p_seta": 1, "busz_10p_seta": 1, "tavolsag_kotottpalya_halozati_m": 417.0, "kotottpalya_5p_seta": 0, "kotottpalya_10p_seta": 1, "kotottpalya_15p_seta": 1, "tavolsag_park_halozati_m": 543.6, "park_5p_seta": 0, "park_10p_seta": 1, "park_15p_seta": 1, "poi_5p_count": 3.0, "poi_10p_count": 23.0, "poi_15p_count": 66.0, "tavolsag_iskola_halozati_m": 946.7, "iskola_5p_seta": 0, "iskola_10p_seta": 0, "iskola_15p_seta": 1, "tavolsag_ovoda_halozati_m": 425.7, "ovoda_5p_seta": 0, "ovoda_10p_seta": 1, "ovoda_15p_seta": 1, "tavolsag_bolt_halozati_m": 509.2, "bolt_5p_seta": 0, "bolt_10p_seta": 1, "bolt_15p_seta": 1, "tavolsag_gyogyszertar_halozati_m": 377.8, "gyogyszertar_5p_seta": 0, "gyogyszertar_10p_seta": 1, "gyogyszertar_15p_seta": 1, "tavolsag_orvos_halozati_m": null, "orvos_5p_seta": 0, "orvos_10p_seta": 0, "orvos_15p_seta": 0, "legkozelebbi_vasut": "Kőbánya felső", "legkozelebbi_metro": "", "legkozelebbi_villamos": "Szent László Gimnázium", "legkozelebbi_busz": "Szent László Gimnázium", "legkozelebbi_park": "Rottenbiller park", "legkozelebbi_kotottpalya_tipus": "villamos" }, "geometry": { "type": "Point", "coordinates": [ 19.1401, 47.4872 ] } },
{ "type": "Feature", "properties": { "listing_id": "35464328", "listing_type": "elado", "cim_teljes": "Budapest X. kerület, Harmat utca 22.", "varosresz": "Óhegy", "price_huf": 133820000.0, "ar_millio_ft": 133.82, "ar_ezer_ft_ho": 133820.0, "nm_ar_huf": 1438924.7311827957, "log_ar": 18.712006171318944, "log_nm_ar": 14.179406678165689, "is_ar_outlier": 0, "alapterulet_nm": 93.0, "korrigalt_alapterulet_nm": 106.485, "szobaszam_osszes": 4.0, "allapot_kod": 6, "is_felujitando": 0, "is_ujszeru_vagy_uj": 1, "is_panel": 0, "is_tegla": 1, "has_lift": 1, "has_klima": 1, "has_erkely": 1, "is_foldszint": 0, "is_zaroszint": 0, "epulet_kora_ev": 0.0, "geokodolt_lat": 47.4872, "geokodolt_lon": 19.1401, "minta_garantalt_pontos": 1, "tavolsag_vasut_m": 552.6, "vasut_zona": "500-1000 m", "is_vasut_immisszio_150m": 0, "tavolsag_vasut_halozati_m": 968.0, "menetido_vasut_gyalog_perc": 12.9, "vasut_5p_seta": 0, "vasut_10p_seta": 0, "vasut_15p_seta": 1, "url": "https://ingatlan.com/35464328", "title": "Eladó tégla lakás - Budapest X. kerület, Harmat utca 22. #35464328", "postal_code": "1104", "varos": "Budapest", "utca": "Harmat utca", "hazszam_vegleges": "22", "allapot": "új építésű", "ingatlan_altipus": "Tégla lakás", "epites_eve": 2028.0, "epites_eve_kategoria": "Új építésű (2025+)", "erkely_nm": 26.97, "szobaszam_egesz": 4.0, "szobaszam_fel": 0.0, "szobaszam_kategoria": "4+ szoba", "atlagos_szobameret_nm": 23.25, "emelet": "2", "emelet_szam": 2.0, "epulet_szintjei_szam": 5.0, "is_magas_emelet_lift_nelkul": 0, "futes": "mennyezeti hűtés-fűtés, hőszivattyú", "futes_kategoria": null, "has_tavfutes": 0, "has_konvektor": 0, "has_megujulo": 1, "has_garazs_vagy_beallo": 0, "energetikai_tanusitvany": "A", "butorozott": null, "koltozheto": null, "min_berleti_ido": null, "kertkapcsolatos": "nem", "kozos_koltseg_huf": null, "rezsikoltseg_huf": null, "hirdeto_tipus": "Ingatlaniroda", "iroda_neve": null, "leiras_hossz": 701.0, "fenykepek_szama": 4.0, "geokodolas_modszere": null, "geokodolas_pontossag": null, "price_eur": null, "nm_ar_eur": null, "kozos_koltseg_eur": null, "rezsikoltseg_eur": null, "kaucio_eur": null, "tavolsag_metro_halozati_m": null, "metro_5p_seta": 0, "metro_10p_seta": 0, "metro_15p_seta": 0, "tavolsag_villamos_halozati_m": 417.0, "villamos_5p_seta": 0, "villamos_10p_seta": 1, "villamos_15p_seta": 1, "tavolsag_busz_halozati_m": 233.1, "busz_5p_seta": 1, "busz_10p_seta": 1, "tavolsag_kotottpalya_halozati_m": 417.0, "kotottpalya_5p_seta": 0, "kotottpalya_10p_seta": 1, "kotottpalya_15p_seta": 1, "tavolsag_park_halozati_m": 543.6, "park_5p_seta": 0, "park_10p_seta": 1, "park_15p_seta": 1, "poi_5p_count": 3.0, "poi_10p_count": 23.0, "poi_15p_count": 66.0, "tavolsag_iskola_halozati_m": 946.7, "iskola_5p_seta": 0, "iskola_10p_seta": 0, "iskola_15p_seta": 1, "tavolsag_ovoda_halozati_m": 425.7, "ovoda_5p_seta": 0, "ovoda_10p_seta": 1, "ovoda_15p_seta": 1, "tavolsag_bolt_halozati_m": 509.2, "bolt_5p_seta": 0, "bolt_10p_seta": 1, "bolt_15p_seta": 1, "tavolsag_gyogyszertar_halozati_m": 377.8, "gyogyszertar_5p_seta": 0, "gyogyszertar_10p_seta": 1, "gyogyszertar_15p_seta": 1, "tavolsag_orvos_halozati_m": null, "orvos_5p_seta": 0, "orvos_10p_seta": 0, "orvos_15p_seta": 0, "legkozelebbi_vasut": "Kőbánya felső", "legkozelebbi_metro": "", "legkozelebbi_villamos": "Szent László Gimnázium", "legkozelebbi_busz": "Szent László Gimnázium", "legkozelebbi_park": "Rottenbiller park", "legkozelebbi_kotottpalya_tipus": "villamos" }, "geometry": { "type": "Point", "coordinates": [ 19.1401, 47.4872 ] } },
{ "type": "Feature", "properties": { "listing_id": "35464332", "listing_type": "elado", "cim_teljes": "Budapest X. kerület, Harmat utca 22.", "varosresz": "Óhegy", "price_huf": 53120000.0, "ar_millio_ft": 53.12, "ar_ezer_ft_ho": 53120.0, "nm_ar_huf": 1562352.9411764706, "log_ar": 17.788064063132452, "log_nm_ar": 14.261703538516292, "is_ar_outlier": 0, "alapterulet_nm": 34.0, "korrigalt_alapterulet_nm": 36.7, "szobaszam_osszes": 1.0, "allapot_kod": 6, "is_felujitando": 0, "is_ujszeru_vagy_uj": 1, "is_panel": 0, "is_tegla": 1, "has_lift": 1, "has_klima": 1, "has_erkely": 1, "is_foldszint": 0, "is_zaroszint": 0, "epulet_kora_ev": 0.0, "geokodolt_lat": 47.4872, "geokodolt_lon": 19.1401, "minta_garantalt_pontos": 1, "tavolsag_vasut_m": 552.6, "vasut_zona": "500-1000 m", "is_vasut_immisszio_150m": 0, "tavolsag_vasut_halozati_m": 968.0, "menetido_vasut_gyalog_perc": 12.9, "vasut_5p_seta": 0, "vasut_10p_seta": 0, "vasut_15p_seta": 1, "url": "https://ingatlan.com/35464332", "title": "Eladó tégla lakás - Budapest X. kerület, Harmat utca 22. #35464332", "postal_code": "1104", "varos": "Budapest", "utca": "Harmat utca", "hazszam_vegleges": "22", "allapot": "új építésű", "ingatlan_altipus": "Tégla lakás", "epites_eve": 2028.0, "epites_eve_kategoria": "Új építésű (2025+)", "erkely_nm": 5.4, "szobaszam_egesz": 1.0, "szobaszam_fel": 0.0, "szobaszam_kategoria": "1 szoba", "atlagos_szobameret_nm": 34.0, "emelet": "2", "emelet_szam": 2.0, "epulet_szintjei_szam": 5.0, "is_magas_emelet_lift_nelkul": 0, "futes": "mennyezeti hűtés-fűtés, hőszivattyú", "futes_kategoria": null, "has_tavfutes": 0, "has_konvektor": 0, "has_megujulo": 1, "has_garazs_vagy_beallo": 0, "energetikai_tanusitvany": "A", "butorozott": null, "koltozheto": null, "min_berleti_ido": null, "kertkapcsolatos": "nem", "kozos_koltseg_huf": null, "rezsikoltseg_huf": null, "hirdeto_tipus": "Ingatlaniroda", "iroda_neve": null, "leiras_hossz": 701.0, "fenykepek_szama": 4.0, "geokodolas_modszere": null, "geokodolas_pontossag": null, "price_eur": null, "nm_ar_eur": null, "kozos_koltseg_eur": null, "rezsikoltseg_eur": null, "kaucio_eur": null, "tavolsag_metro_halozati_m": null, "metro_5p_seta": 0, "metro_10p_seta": 0, "metro_15p_seta": 0, "tavolsag_villamos_halozati_m": 417.0, "villamos_5p_seta": 0, "villamos_10p_seta": 1, "villamos_15p_seta": 1, "tavolsag_busz_halozati_m": 233.1, "busz_5p_seta": 1, "busz_10p_seta": 1, "tavolsag_kotottpalya_halozati_m": 417.0, "kotottpalya_5p_seta": 0, "kotottpalya_10p_seta": 1, "kotottpalya_15p_seta": 1, "tavolsag_park_halozati_m": 543.6, "park_5p_seta": 0, "park_10p_seta": 1, "park_15p_seta": 1, "poi_5p_count": 3.0, "poi_10p_count": 23.0, "poi_15p_count": 66.0, "tavolsag_iskola_halozati_m": 946.7, "iskola_5p_seta": 0, "iskola_10p_seta": 0, "iskola_15p_seta": 1, "tavolsag_ovoda_halozati_m": 425.7, "ovoda_5p_seta": 0, "ovoda_10p_seta": 1, "ovoda_15p_seta": 1, "tavolsag_bolt_halozati_m": 509.2, "bolt_5p_seta": 0, "bolt_10p_seta": 1, "bolt_15p_seta": 1, "tavolsag_gyogyszertar_halozati_m": 377.8, "gyogyszertar_5p_seta": 0, "gyogyszertar_10p_seta": 1, "gyogyszertar_15p_seta": 1, "tavolsag_orvos_halozati_m": null, "orvos_5p_seta": 0, "orvos_10p_seta": 0, "orvos_15p_seta": 0, "legkozelebbi_vasut": "Kőbánya felső", "legkozelebbi_metro": "", "legkozelebbi_villamos": "Szent László Gimnázium", "legkozelebbi_busz": "Szent László Gimnázium", "legkozelebbi_park": "Rottenbiller park", "legkozelebbi_kotottpalya_tipus": "villamos" }, "geometry": { "type": "Point", "coordinates": [ 19.1401, 47.4872 ] } },
{ "type": "Feature", "properties": { "listing_id": "35464339", "listing_type": "elado", "cim_teljes": "Budapest X. kerület, Harmat utca 22.", "varosresz": "Óhegy", "price_huf": 113810000.0, "ar_millio_ft": 113.81, "ar_ezer_ft_ho": 113810.0, "nm_ar_huf": 1497500.0, "log_ar": 18.550040949258072, "log_nm_ar": 14.219307608971741, "is_ar_outlier": 0, "alapterulet_nm": 76.0, "korrigalt_alapterulet_nm": 87.43, "szobaszam_osszes": 4.0, "allapot_kod": 6, "is_felujitando": 0, "is_ujszeru_vagy_uj": 1, "is_panel": 0, "is_tegla": 1, "has_lift": 1, "has_klima": 1, "has_erkely": 1, "is_foldszint": 0, "is_zaroszint": 0, "epulet_kora_ev": 0.0, "geokodolt_lat": 47.4872, "geokodolt_lon": 19.1401, "minta_garantalt_pontos": 1, "tavolsag_vasut_m": 552.6, "vasut_zona": "500-1000 m", "is_vasut_immisszio_150m": 0, "tavolsag_vasut_halozati_m": 968.0, "menetido_vasut_gyalog_perc": 12.9, "vasut_5p_seta": 0, "vasut_10p_seta": 0, "vasut_15p_seta": 1, "url": "https://ingatlan.com/35464339", "title": "Eladó tégla lakás - Budapest X. kerület, Harmat utca 22. #35464339", "postal_code": "1104", "varos": "Budapest", "utca": "Harmat utca", "hazszam_vegleges": "22", "allapot": "új építésű", "ingatlan_altipus": "Tégla lakás", "epites_eve": 2028.0, "epites_eve_kategoria": "Új építésű (2025+)", "erkely_nm": 22.86, "szobaszam_egesz": 4.0, "szobaszam_fel": 0.0, "szobaszam_kategoria": "4+ szoba", "atlagos_szobameret_nm": 19.0, "emelet": "2", "emelet_szam": 2.0, "epulet_szintjei_szam": 5.0, "is_magas_emelet_lift_nelkul": 0, "futes": "mennyezeti hűtés-fűtés, hőszivattyú", "futes_kategoria": null, "has_tavfutes": 0, "has_konvektor": 0, "has_megujulo": 1, "has_garazs_vagy_beallo": 0, "energetikai_tanusitvany": "A", "butorozott": null, "koltozheto": null, "min_berleti_ido": null, "kertkapcsolatos": "nem", "kozos_koltseg_huf": null, "rezsikoltseg_huf": null, "hirdeto_tipus": "Ingatlaniroda", "iroda_neve": null, "leiras_hossz": 701.0, "fenykepek_szama": 4.0, "geokodolas_modszere": null, "geokodolas_pontossag": null, "price_eur": null, "nm_ar_eur": null, "kozos_koltseg_eur": null, "rezsikoltseg_eur": null, "kaucio_eur": null, "tavolsag_metro_halozati_m": null, "metro_5p_seta": 0, "metro_10p_seta": 0, "metro_15p_seta": 0, "tavolsag_villamos_halozati_m": 417.0, "villamos_5p_seta": 0, "villamos_10p_seta": 1, "villamos_15p_seta": 1, "tavolsag_busz_halozati_m": 233.1, "busz_5p_seta": 1, "busz_10p_seta": 1, "tavolsag_kotottpalya_halozati_m": 417.0, "kotottpalya_5p_seta": 0, "kotottpalya_10p_seta": 1, "kotottpalya_15p_seta": 1, "tavolsag_park_halozati_m": 543.6, "park_5p_seta": 0, "park_10p_seta": 1, "park_15p_seta": 1, "poi_5p_count": 3.0, "poi_10p_count": 23.0, "poi_15p_count": 66.0, "tavolsag_iskola_halozati_m": 946.7, "iskola_5p_seta": 0, "iskola_10p_seta": 0, "iskola_15p_seta": 1, "tavolsag_ovoda_halozati_m": 425.7, "ovoda_5p_seta": 0, "ovoda_10p_seta": 1, "ovoda_15p_seta": 1, "tavolsag_bolt_halozati_m": 509.2, "bolt_5p_seta": 0, "bolt_10p_seta": 1, "bolt_15p_seta": 1, "tavolsag_gyogyszertar_halozati_m": 377.8, "gyogyszertar_5p_seta": 0, "gyogyszertar_10p_seta": 1, "gyogyszertar_15p_seta": 1, "tavolsag_orvos_halozati_m": null, "orvos_5p_seta": 0, "orvos_10p_seta": 0, "orvos_15p_seta": 0, "legkozelebbi_vasut": "Kőbánya felső", "legkozelebbi_metro": "", "legkozelebbi_villamos": "Szent László Gimnázium", "legkozelebbi_busz": "Szent László Gimnázium", "legkozelebbi_park": "Rottenbiller park", "legkozelebbi_kotottpalya_tipus": "villamos" }, "geometry": { "type": "Point", "coordinates": [ 19.1401, 47.4872 ] } },
{ "type": "Feature", "properties": { "listing_id": "35464342", "listing_type": "elado", "cim_teljes": "Budapest X. kerület, Harmat utca 22.", "varosresz": "Óhegy", "price_huf": 144120000.0, "ar_millio_ft": 144.12, "ar_ezer_ft_ho": 144120.0, "nm_ar_huf": 1501250.0, "log_ar": 18.786156843844168, "log_nm_ar": 14.22180865237633, "is_ar_outlier": 0, "alapterulet_nm": 96.0, "korrigalt_alapterulet_nm": 111.535, "szobaszam_osszes": 4.0, "allapot_kod": 6, "is_felujitando": 0, "is_ujszeru_vagy_uj": 1, "is_panel": 0, "is_tegla": 1, "has_lift": 1, "has_klima": 1, "has_erkely": 1, "is_foldszint": 0, "is_zaroszint": 0, "epulet_kora_ev": 0.0, "geokodolt_lat": 47.4872, "geokodolt_lon": 19.1401, "minta_garantalt_pontos": 1, "tavolsag_vasut_m": 552.6, "vasut_zona": "500-1000 m", "is_vasut_immisszio_150m": 0, "tavolsag_vasut_halozati_m": 968.0, "menetido_vasut_gyalog_perc": 12.9, "vasut_5p_seta": 0, "vasut_10p_seta": 0, "vasut_15p_seta": 1, "url": "https://ingatlan.com/35464342", "title": "Eladó tégla lakás - Budapest X. kerület, Harmat utca 22. #35464342", "postal_code": "1104", "varos": "Budapest", "utca": "Harmat utca", "hazszam_vegleges": "22", "allapot": "új építésű", "ingatlan_altipus": "Tégla lakás", "epites_eve": 2028.0, "epites_eve_kategoria": "Új építésű (2025+)", "erkely_nm": 31.07, "szobaszam_egesz": 4.0, "szobaszam_fel": 0.0, "szobaszam_kategoria": "4+ szoba", "atlagos_szobameret_nm": 24.0, "emelet": "3", "emelet_szam": 3.0, "epulet_szintjei_szam": 5.0, "is_magas_emelet_lift_nelkul": 0, "futes": "mennyezeti hűtés-fűtés, hőszivattyú", "futes_kategoria": null, "has_tavfutes": 0, "has_konvektor": 0, "has_megujulo": 1, "has_garazs_vagy_beallo": 0, "energetikai_tanusitvany": "A", "butorozott": null, "koltozheto": null, "min_berleti_ido": null, "kertkapcsolatos": "nem", "kozos_koltseg_huf": null, "rezsikoltseg_huf": null, "hirdeto_tipus": "Ingatlaniroda", "iroda_neve": null, "leiras_hossz": 701.0, "fenykepek_szama": 4.0, "geokodolas_modszere": null, "geokodolas_pontossag": null, "price_eur": null, "nm_ar_eur": null, "kozos_koltseg_eur": null, "rezsikoltseg_eur": null, "kaucio_eur": null, "tavolsag_metro_halozati_m": null, "metro_5p_seta": 0, "metro_10p_seta": 0, "metro_15p_seta": 0, "tavolsag_villamos_halozati_m": 417.0, "villamos_5p_seta": 0, "villamos_10p_seta": 1, "villamos_15p_seta": 1, "tavolsag_busz_halozati_m": 233.1, "busz_5p_seta": 1, "busz_10p_seta": 1, "tavolsag_kotottpalya_halozati_m": 417.0, "kotottpalya_5p_seta": 0, "kotottpalya_10p_seta": 1, "kotottpalya_15p_seta": 1, "tavolsag_park_halozati_m": 543.6, "park_5p_seta": 0, "park_10p_seta": 1, "park_15p_seta": 1, "poi_5p_count": 3.0, "poi_10p_count": 23.0, "poi_15p_count": 66.0, "tavolsag_iskola_halozati_m": 946.7, "iskola_5p_seta": 0, "iskola_10p_seta": 0, "iskola_15p_seta": 1, "tavolsag_ovoda_halozati_m": 425.7, "ovoda_5p_seta": 0, "ovoda_10p_seta": 1, "ovoda_15p_seta": 1, "tavolsag_bolt_halozati_m": 509.2, "bolt_5p_seta": 0, "bolt_10p_seta": 1, "bolt_15p_seta": 1, "tavolsag_gyogyszertar_halozati_m": 377.8, "gyogyszertar_5p_seta": 0, "gyogyszertar_10p_seta": 1, "gyogyszertar_15p_seta": 1, "tavolsag_orvos_halozati_m": null, "orvos_5p_seta": 0, "orvos_10p_seta": 0, "orvos_15p_seta": 0, "legkozelebbi_vasut": "Kőbánya felső", "legkozelebbi_metro": "", "legkozelebbi_villamos": "Szent László Gimnázium", "legkozelebbi_busz": "Szent László Gimnázium", "legkozelebbi_park": "Rottenbiller park", "legkozelebbi_kotottpalya_tipus": "villamos" }, "geometry": { "type": "Point", "coordinates": [ 19.1401, 47.4872 ] } },
{ "type": "Feature", "properties": { "listing_id": "35464356", "listing_type": "elado", "cim_teljes": "Budapest X. kerület, Harmat utca 22.", "varosresz": "Óhegy", "price_huf": 65460000.0, "ar_millio_ft": 65.46, "ar_ezer_ft_ho": 65460.0, "nm_ar_huf": 1487727.2727272727, "log_ar": 17.996949827037309, "log_nm_ar": 14.212760193119047, "is_ar_outlier": 0, "alapterulet_nm": 44.0, "korrigalt_alapterulet_nm": 49.99, "szobaszam_osszes": 2.0, "allapot_kod": 6, "is_felujitando": 0, "is_ujszeru_vagy_uj": 1, "is_panel": 0, "is_tegla": 1, "has_lift": 1, "has_klima": 1, "has_erkely": 1, "is_foldszint": 0, "is_zaroszint": 0, "epulet_kora_ev": 0.0, "geokodolt_lat": 47.4872, "geokodolt_lon": 19.1401, "minta_garantalt_pontos": 1, "tavolsag_vasut_m": 552.6, "vasut_zona": "500-1000 m", "is_vasut_immisszio_150m": 0, "tavolsag_vasut_halozati_m": 968.0, "menetido_vasut_gyalog_perc": 12.9, "vasut_5p_seta": 0, "vasut_10p_seta": 0, "vasut_15p_seta": 1, "url": "https://ingatlan.com/35464356", "title": "Eladó tégla lakás - Budapest X. kerület, Harmat utca 22. #35464356", "postal_code": "1104", "varos": "Budapest", "utca": "Harmat utca", "hazszam_vegleges": "22", "allapot": "új építésű", "ingatlan_altipus": "Tégla lakás", "epites_eve": 2028.0, "epites_eve_kategoria": "Új építésű (2025+)", "erkely_nm": 11.98, "szobaszam_egesz": 2.0, "szobaszam_fel": 0.0, "szobaszam_kategoria": "2 szoba", "atlagos_szobameret_nm": 22.0, "emelet": "4", "emelet_szam": 4.0, "epulet_szintjei_szam": 5.0, "is_magas_emelet_lift_nelkul": 0, "futes": "mennyezeti hűtés-fűtés, hőszivattyú", "futes_kategoria": null, "has_tavfutes": 0, "has_konvektor": 0, "has_megujulo": 1, "has_garazs_vagy_beallo": 0, "energetikai_tanusitvany": "A", "butorozott": null, "koltozheto": null, "min_berleti_ido": null, "kertkapcsolatos": "nem", "kozos_koltseg_huf": null, "rezsikoltseg_huf": null, "hirdeto_tipus": "Ingatlaniroda", "iroda_neve": null, "leiras_hossz": 701.0, "fenykepek_szama": 4.0, "geokodolas_modszere": null, "geokodolas_pontossag": null, "price_eur": null, "nm_ar_eur": null, "kozos_koltseg_eur": null, "rezsikoltseg_eur": null, "kaucio_eur": null, "tavolsag_metro_halozati_m": null, "metro_5p_seta": 0, "metro_10p_seta": 0, "metro_15p_seta": 0, "tavolsag_villamos_halozati_m": 417.0, "villamos_5p_seta": 0, "villamos_10p_seta": 1, "villamos_15p_seta": 1, "tavolsag_busz_halozati_m": 233.1, "busz_5p_seta": 1, "busz_10p_seta": 1, "tavolsag_kotottpalya_halozati_m": 417.0, "kotottpalya_5p_seta": 0, "kotottpalya_10p_seta": 1, "kotottpalya_15p_seta": 1, "tavolsag_park_halozati_m": 543.6, "park_5p_seta": 0, "park_10p_seta": 1, "park_15p_seta": 1, "poi_5p_count": 3.0, "poi_10p_count": 23.0, "poi_15p_count": 66.0, "tavolsag_iskola_halozati_m": 946.7, "iskola_5p_seta": 0, "iskola_10p_seta": 0, "iskola_15p_seta": 1, "tavolsag_ovoda_halozati_m": 425.7, "ovoda_5p_seta": 0, "ovoda_10p_seta": 1, "ovoda_15p_seta": 1, "tavolsag_bolt_halozati_m": 509.2, "bolt_5p_seta": 0, "bolt_10p_seta": 1, "bolt_15p_seta": 1, "tavolsag_gyogyszertar_halozati_m": 377.8, "gyogyszertar_5p_seta": 0, "gyogyszertar_10p_seta": 1, "gyogyszertar_15p_seta": 1, "tavolsag_orvos_halozati_m": null, "orvos_5p_seta": 0, "orvos_10p_seta": 0, "orvos_15p_seta": 0, "legkozelebbi_vasut": "Kőbánya felső", "legkozelebbi_metro": "", "legkozelebbi_villamos": "Szent László Gimnázium", "legkozelebbi_busz": "Szent László Gimnázium", "legkozelebbi_park": "Rottenbiller park", "legkozelebbi_kotottpalya_tipus": "villamos" }, "geometry": { "type": "Point", "coordinates": [ 19.1401, 47.4872 ] } },
{ "type": "Feature", "properties": { "listing_id": "35464364", "listing_type": "elado", "cim_teljes": "Budapest X. kerület, Harmat utca 22.", "varosresz": "Óhegy", "price_huf": 77380000.0, "ar_millio_ft": 77.38, "ar_ezer_ft_ho": 77380.0, "nm_ar_huf": 1432962.9629629629, "log_ar": 18.164238907236641, "log_nm_ar": 14.175254860672366, "is_ar_outlier": 0, "alapterulet_nm": 54.0, "korrigalt_alapterulet_nm": 59.84, "szobaszam_osszes": 2.0, "allapot_kod": 6, "is_felujitando": 0, "is_ujszeru_vagy_uj": 1, "is_panel": 0, "is_tegla": 1, "has_lift": 1, "has_klima": 1, "has_erkely": 1, "is_foldszint": 0, "is_zaroszint": 0, "epulet_kora_ev": 0.0, "geokodolt_lat": 47.4872, "geokodolt_lon": 19.1401, "minta_garantalt_pontos": 1, "tavolsag_vasut_m": 552.6, "vasut_zona": "500-1000 m", "is_vasut_immisszio_150m": 0, "tavolsag_vasut_halozati_m": 968.0, "menetido_vasut_gyalog_perc": 12.9, "vasut_5p_seta": 0, "vasut_10p_seta": 0, "vasut_15p_seta": 1, "url": "https://ingatlan.com/35464364", "title": "Eladó tégla lakás - Budapest X. kerület, Harmat utca 22. #35464364", "postal_code": "1104", "varos": "Budapest", "utca": "Harmat utca", "hazszam_vegleges": "22", "allapot": "új építésű", "ingatlan_altipus": "Tégla lakás", "epites_eve": 2028.0, "epites_eve_kategoria": "Új építésű (2025+)", "erkely_nm": 11.68, "szobaszam_egesz": 2.0, "szobaszam_fel": 0.0, "szobaszam_kategoria": "2 szoba", "atlagos_szobameret_nm": 27.0, "emelet": "4", "emelet_szam": 4.0, "epulet_szintjei_szam": 5.0, "is_magas_emelet_lift_nelkul": 0, "futes": "mennyezeti hűtés-fűtés, hőszivattyú", "futes_kategoria": null, "has_tavfutes": 0, "has_konvektor": 0, "has_megujulo": 1, "has_garazs_vagy_beallo": 0, "energetikai_tanusitvany": "A", "butorozott": null, "koltozheto": null, "min_berleti_ido": null, "kertkapcsolatos": "nem", "kozos_koltseg_huf": null, "rezsikoltseg_huf": null, "hirdeto_tipus": "Ingatlaniroda", "iroda_neve": null, "leiras_hossz": 701.0, "fenykepek_szama": 4.0, "geokodolas_modszere": null, "geokodolas_pontossag": null, "price_eur": null, "nm_ar_eur": null, "kozos_koltseg_eur": null, "rezsikoltseg_eur": null, "kaucio_eur": null, "tavolsag_metro_halozati_m": null, "metro_5p_seta": 0, "metro_10p_seta": 0, "metro_15p_seta": 0, "tavolsag_villamos_halozati_m": 417.0, "villamos_5p_seta": 0, "villamos_10p_seta": 1, "villamos_15p_seta": 1, "tavolsag_busz_halozati_m": 233.1, "busz_5p_seta": 1, "busz_10p_seta": 1, "tavolsag_kotottpalya_halozati_m": 417.0, "kotottpalya_5p_seta": 0, "kotottpalya_10p_seta": 1, "kotottpalya_15p_seta": 1, "tavolsag_park_halozati_m": 543.6, "park_5p_seta": 0, "park_10p_seta": 1, "park_15p_seta": 1, "poi_5p_count": 3.0, "poi_10p_count": 23.0, "poi_15p_count": 66.0, "tavolsag_iskola_halozati_m": 946.7, "iskola_5p_seta": 0, "iskola_10p_seta": 0, "iskola_15p_seta": 1, "tavolsag_ovoda_halozati_m": 425.7, "ovoda_5p_seta": 0, "ovoda_10p_seta": 1, "ovoda_15p_seta": 1, "tavolsag_bolt_halozati_m": 509.2, "bolt_5p_seta": 0, "bolt_10p_seta": 1, "bolt_15p_seta": 1, "tavolsag_gyogyszertar_halozati_m": 377.8, "gyogyszertar_5p_seta": 0, "gyogyszertar_10p_seta": 1, "gyogyszertar_15p_seta": 1, "tavolsag_orvos_halozati_m": null, "orvos_5p_seta": 0, "orvos_10p_seta": 0, "orvos_15p_seta": 0, "legkozelebbi_vasut": "Kőbánya felső", "legkozelebbi_metro": "", "legkozelebbi_villamos": "Szent László Gimnázium", "legkozelebbi_busz": "Szent László Gimnázium", "legkozelebbi_park": "Rottenbiller park", "legkozelebbi_kotottpalya_tipus": "villamos" }, "geometry": { "type": "Point", "coordinates": [ 19.1401, 47.4872 ] } },
{ "type": "Feature", "properties": { "listing_id": "35464367", "listing_type": "elado", "cim_teljes": "Budapest X. kerület, Harmat utca 22.", "varosresz": "Óhegy", "price_huf": 64190000.0, "ar_millio_ft": 64.19, "ar_ezer_ft_ho": 64190.0, "nm_ar_huf": 1528333.3333333333, "log_ar": 17.97735799328796, "log_nm_ar": 14.239688375004592, "is_ar_outlier": 0, "alapterulet_nm": 42.0, "korrigalt_alapterulet_nm": 47.975, "szobaszam_osszes": 2.0, "allapot_kod": 6, "is_felujitando": 0, "is_ujszeru_vagy_uj": 1, "is_panel": 0, "is_tegla": 1, "has_lift": 1, "has_klima": 1, "has_erkely": 1, "is_foldszint": 0, "is_zaroszint": 0, "epulet_kora_ev": 0.0, "geokodolt_lat": 47.4872, "geokodolt_lon": 19.1401, "minta_garantalt_pontos": 1, "tavolsag_vasut_m": 552.6, "vasut_zona": "500-1000 m", "is_vasut_immisszio_150m": 0, "tavolsag_vasut_halozati_m": 968.0, "menetido_vasut_gyalog_perc": 12.9, "vasut_5p_seta": 0, "vasut_10p_seta": 0, "vasut_15p_seta": 1, "url": "https://ingatlan.com/35464367", "title": "Eladó tégla lakás - Budapest X. kerület, Harmat utca 22. #35464367", "postal_code": "1104", "varos": "Budapest", "utca": "Harmat utca", "hazszam_vegleges": "22", "allapot": "új építésű", "ingatlan_altipus": "Tégla lakás", "epites_eve": 2028.0, "epites_eve_kategoria": "Új építésű (2025+)", "erkely_nm": 11.95, "szobaszam_egesz": 2.0, "szobaszam_fel": 0.0, "szobaszam_kategoria": "2 szoba", "atlagos_szobameret_nm": 21.0, "emelet": "4", "emelet_szam": 4.0, "epulet_szintjei_szam": 5.0, "is_magas_emelet_lift_nelkul": 0, "futes": "mennyezeti hűtés-fűtés, hőszivattyú", "futes_kategoria": null, "has_tavfutes": 0, "has_konvektor": 0, "has_megujulo": 1, "has_garazs_vagy_beallo": 0, "energetikai_tanusitvany": "A", "butorozott": null, "koltozheto": null, "min_berleti_ido": null, "kertkapcsolatos": "nem", "kozos_koltseg_huf": null, "rezsikoltseg_huf": null, "hirdeto_tipus": "Ingatlaniroda", "iroda_neve": null, "leiras_hossz": 701.0, "fenykepek_szama": 4.0, "geokodolas_modszere": null, "geokodolas_pontossag": null, "price_eur": null, "nm_ar_eur": null, "kozos_koltseg_eur": null, "rezsikoltseg_eur": null, "kaucio_eur": null, "tavolsag_metro_halozati_m": null, "metro_5p_seta": 0, "metro_10p_seta": 0, "metro_15p_seta": 0, "tavolsag_villamos_halozati_m": 417.0, "villamos_5p_seta": 0, "villamos_10p_seta": 1, "villamos_15p_seta": 1, "tavolsag_busz_halozati_m": 233.1, "busz_5p_seta": 1, "busz_10p_seta": 1, "tavolsag_kotottpalya_halozati_m": 417.0, "kotottpalya_5p_seta": 0, "kotottpalya_10p_seta": 1, "kotottpalya_15p_seta": 1, "tavolsag_park_halozati_m": 543.6, "park_5p_seta": 0, "park_10p_seta": 1, "park_15p_seta": 1, "poi_5p_count": 3.0, "poi_10p_count": 23.0, "poi_15p_count": 66.0, "tavolsag_iskola_halozati_m": 946.7, "iskola_5p_seta": 0, "iskola_10p_seta": 0, "iskola_15p_seta": 1, "tavolsag_ovoda_halozati_m": 425.7, "ovoda_5p_seta": 0, "ovoda_10p_seta": 1, "ovoda_15p_seta": 1, "tavolsag_bolt_halozati_m": 509.2, "bolt_5p_seta": 0, "bolt_10p_seta": 1, "bolt_15p_seta": 1, "tavolsag_gyogyszertar_halozati_m": 377.8, "gyogyszertar_5p_seta": 0, "gyogyszertar_10p_seta": 1, "gyogyszertar_15p_seta": 1, "tavolsag_orvos_halozati_m": null, "orvos_5p_seta": 0, "orvos_10p_seta": 0, "orvos_15p_seta": 0, "legkozelebbi_vasut": "Kőbánya felső", "legkozelebbi_metro": "", "legkozelebbi_villamos": "Szent László Gimnázium", "legkozelebbi_busz": "Szent László Gimnázium", "legkozelebbi_park": "Rottenbiller park", "legkozelebbi_kotottpalya_tipus": "villamos" }, "geometry": { "type": "Point", "coordinates": [ 19.1401, 47.4872 ] } },
{ "type": "Feature", "properties": { "listing_id": "35464748", "listing_type": "elado", "cim_teljes": "Budapest X. kerület, Téglavető utca 26.", "varosresz": "Óhegy", "price_huf": 71900000.0, "ar_millio_ft": 71.9, "ar_ezer_ft_ho": 71900.0, "nm_ar_huf": 1331481.4814814816, "log_ar": 18.090786822691275, "log_nm_ar": 14.101802776127, "is_ar_outlier": 0, "alapterulet_nm": 54.0, "korrigalt_alapterulet_nm": 54.0, "szobaszam_osszes": 2.0, "allapot_kod": 4, "is_felujitando": 0, "is_ujszeru_vagy_uj": 0, "is_panel": 0, "is_tegla": 1, "has_lift": 0, "has_klima": 1, "has_erkely": 0, "is_foldszint": 0, "is_zaroszint": 0, "epulet_kora_ev": 38.0, "geokodolt_lat": 47.483628, "geokodolt_lon": 19.14981, "minta_garantalt_pontos": 1, "tavolsag_vasut_m": 882.8, "vasut_zona": "500-1000 m", "is_vasut_immisszio_150m": 0, "tavolsag_vasut_halozati_m": null, "menetido_vasut_gyalog_perc": null, "vasut_5p_seta": 0, "vasut_10p_seta": 0, "vasut_15p_seta": 0, "url": "https://ingatlan.com/35464748", "title": "Eladó tégla lakás - Budapest X. kerület, Téglavető utca 26. #35464748", "postal_code": "1105", "varos": "Budapest", "utca": "Téglavető utca", "hazszam_vegleges": "26", "allapot": "felújított", "ingatlan_altipus": "Tégla lakás", "epites_eve": 1988.0, "epites_eve_kategoria": "30-60 év (panel-korszak)", "erkely_nm": 0.0, "szobaszam_egesz": 2.0, "szobaszam_fel": 0.0, "szobaszam_kategoria": "2 szoba", "atlagos_szobameret_nm": 27.0, "emelet": "1", "emelet_szam": 1.0, "epulet_szintjei_szam": 4.0, "is_magas_emelet_lift_nelkul": 0, "futes": "gáz (konvektor)", "futes_kategoria": null, "has_tavfutes": 0, "has_konvektor": 1, "has_megujulo": 0, "has_garazs_vagy_beallo": 0, "energetikai_tanusitvany": "nincs megadva", "butorozott": null, "koltozheto": null, "min_berleti_ido": null, "kertkapcsolatos": "nincs megadva", "kozos_koltseg_huf": 13000.0, "rezsikoltseg_huf": null, "hirdeto_tipus": "Ingatlaniroda", "iroda_neve": null, "leiras_hossz": 1883.0, "fenykepek_szama": 2.0, "geokodolas_modszere": null, "geokodolas_pontossag": null, "price_eur": null, "nm_ar_eur": null, "kozos_koltseg_eur": null, "rezsikoltseg_eur": null, "kaucio_eur": null, "tavolsag_metro_halozati_m": null, "metro_5p_seta": 0, "metro_10p_seta": 0, "metro_15p_seta": 0, "tavolsag_villamos_halozati_m": 682.3, "villamos_5p_seta": 0, "villamos_10p_seta": 1, "villamos_15p_seta": 1, "tavolsag_busz_halozati_m": 316.0, "busz_5p_seta": 1, "busz_10p_seta": 1, "tavolsag_kotottpalya_halozati_m": 682.3, "kotottpalya_5p_seta": 0, "kotottpalya_10p_seta": 1, "kotottpalya_15p_seta": 1, "tavolsag_park_halozati_m": 658.8, "park_5p_seta": 0, "park_10p_seta": 1, "park_15p_seta": 1, "poi_5p_count": 1.0, "poi_10p_count": 18.0, "poi_15p_count": 46.0, "tavolsag_iskola_halozati_m": 1409.2, "iskola_5p_seta": 0, "iskola_10p_seta": 0, "iskola_15p_seta": 0, "tavolsag_ovoda_halozati_m": 1593.3, "ovoda_5p_seta": 0, "ovoda_10p_seta": 0, "ovoda_15p_seta": 0, "tavolsag_bolt_halozati_m": 535.2, "bolt_5p_seta": 0, "bolt_10p_seta": 1, "bolt_15p_seta": 1, "tavolsag_gyogyszertar_halozati_m": 764.6, "gyogyszertar_5p_seta": 0, "gyogyszertar_10p_seta": 0, "gyogyszertar_15p_seta": 1, "tavolsag_orvos_halozati_m": 1311.7, "orvos_5p_seta": 0, "orvos_10p_seta": 0, "orvos_15p_seta": 0, "legkozelebbi_vasut": "", "legkozelebbi_metro": "", "legkozelebbi_villamos": "Gitár utca", "legkozelebbi_busz": "Mádi köz", "legkozelebbi_park": "Óhegy park", "legkozelebbi_kotottpalya_tipus": "villamos" }, "geometry": { "type": "Point", "coordinates": [ 19.14981, 47.483628 ] } },
{ "type": "Feature", "properties": { "listing_id": "35465917", "listing_type": "elado", "cim_teljes": "Budapest X. kerület, Újhegyi út 18/B.", "varosresz": "Újhegy", "price_huf": 116000000.0, "ar_millio_ft": 116.0, "ar_ezer_ft_ho": 116000.0, "nm_ar_huf": 1841269.8412698412, "log_ar": 18.569100749070639, "log_nm_ar": 14.425966022679106, "is_ar_outlier": 0, "alapterulet_nm": 63.0, "korrigalt_alapterulet_nm": 103.5, "szobaszam_osszes": 3.0, "allapot_kod": 6, "is_felujitando": 0, "is_ujszeru_vagy_uj": 1, "is_panel": 0, "is_tegla": 1, "has_lift": 1, "has_klima": 1, "has_erkely": 1, "is_foldszint": 0, "is_zaroszint": 1, "epulet_kora_ev": 0.0, "geokodolt_lat": 47.468138, "geokodolt_lon": 19.16875, "minta_garantalt_pontos": 1, "tavolsag_vasut_m": 901.5, "vasut_zona": "500-1000 m", "is_vasut_immisszio_150m": 0, "tavolsag_vasut_halozati_m": 1890.6, "menetido_vasut_gyalog_perc": 25.2, "vasut_5p_seta": 0, "vasut_10p_seta": 0, "vasut_15p_seta": 0, "url": "https://ingatlan.com/35465917", "title": "Eladó tégla lakás - Budapest X. kerület, Újhegyi út 18/B #35465917", "postal_code": "1108", "varos": "Budapest", "utca": "Újhegyi út", "hazszam_vegleges": "18/B", "allapot": "új építésű", "ingatlan_altipus": "Tégla lakás", "epites_eve": 2026.0, "epites_eve_kategoria": "Új építésű (2025+)", "erkely_nm": 81.0, "szobaszam_egesz": 3.0, "szobaszam_fel": 0.0, "szobaszam_kategoria": "3 szoba", "atlagos_szobameret_nm": 21.0, "emelet": "4", "emelet_szam": 4.0, "epulet_szintjei_szam": 4.0, "is_magas_emelet_lift_nelkul": 0, "futes": "hőszivattyú", "futes_kategoria": null, "has_tavfutes": 0, "has_konvektor": 0, "has_megujulo": 1, "has_garazs_vagy_beallo": 0, "energetikai_tanusitvany": "nincs megadva", "butorozott": null, "koltozheto": null, "min_berleti_ido": null, "kertkapcsolatos": "nem", "kozos_koltseg_huf": null, "rezsikoltseg_huf": null, "hirdeto_tipus": "Ingatlaniroda", "iroda_neve": null, "leiras_hossz": 2015.0, "fenykepek_szama": 4.0, "geokodolas_modszere": null, "geokodolas_pontossag": null, "price_eur": null, "nm_ar_eur": null, "kozos_koltseg_eur": null, "rezsikoltseg_eur": null, "kaucio_eur": null, "tavolsag_metro_halozati_m": 1896.5, "metro_5p_seta": 0, "metro_10p_seta": 0, "metro_15p_seta": 0, "tavolsag_villamos_halozati_m": 975.8, "villamos_5p_seta": 0, "villamos_10p_seta": 0, "villamos_15p_seta": 1, "tavolsag_busz_halozati_m": 13.3, "busz_5p_seta": 1, "busz_10p_seta": 1, "tavolsag_kotottpalya_halozati_m": 975.8, "kotottpalya_5p_seta": 0, "kotottpalya_10p_seta": 0, "kotottpalya_15p_seta": 1, "tavolsag_park_halozati_m": 401.7, "park_5p_seta": 0, "park_10p_seta": 1, "park_15p_seta": 1, "poi_5p_count": 4.0, "poi_10p_count": 18.0, "poi_15p_count": 57.0, "tavolsag_iskola_halozati_m": null, "iskola_5p_seta": 0, "iskola_10p_seta": 0, "iskola_15p_seta": 0, "tavolsag_ovoda_halozati_m": null, "ovoda_5p_seta": 0, "ovoda_10p_seta": 0, "ovoda_15p_seta": 0, "tavolsag_bolt_halozati_m": 580.2, "bolt_5p_seta": 0, "bolt_10p_seta": 1, "bolt_15p_seta": 1, "tavolsag_gyogyszertar_halozati_m": 647.1, "gyogyszertar_5p_seta": 0, "gyogyszertar_10p_seta": 1, "gyogyszertar_15p_seta": 1, "tavolsag_orvos_halozati_m": 1648.7, "orvos_5p_seta": 0, "orvos_10p_seta": 0, "orvos_15p_seta": 0, "legkozelebbi_vasut": "Kőbánya-Kispest", "legkozelebbi_metro": "", "legkozelebbi_villamos": "Új köztemető", "legkozelebbi_busz": "Újhegyi út, Sportliget", "legkozelebbi_park": "Sportliget", "legkozelebbi_kotottpalya_tipus": "villamos" }, "geometry": { "type": "Point", "coordinates": [ 19.16875, 47.468138 ] } },
{ "type": "Feature", "properties": { "listing_id": "35470471", "listing_type": "elado", "cim_teljes": "Budapest X. kerület, Gyakorló utca 4/i.", "varosresz": "Felsőrákos", "price_huf": 65000000.0, "ar_millio_ft": 65.0, "ar_ezer_ft_ho": 65000.0, "nm_ar_huf": 1326530.612244898, "log_ar": 17.98989782785991, "log_nm_ar": 14.098077529749284, "is_ar_outlier": 0, "alapterulet_nm": 49.0, "korrigalt_alapterulet_nm": 49.0, "szobaszam_osszes": 2.0, "allapot_kod": 3, "is_felujitando": 0, "is_ujszeru_vagy_uj": 0, "is_panel": 1, "is_tegla": 0, "has_lift": 1, "has_klima": 1, "has_erkely": 0, "is_foldszint": 0, "is_zaroszint": 0, "epulet_kora_ev": 58.0, "geokodolt_lat": 47.501438, "geokodolt_lon": 19.138044, "minta_garantalt_pontos": 1, "tavolsag_vasut_m": 237.9, "vasut_zona": "150-300 m", "is_vasut_immisszio_150m": 0, "tavolsag_vasut_halozati_m": 389.9, "menetido_vasut_gyalog_perc": 5.2, "vasut_5p_seta": 0, "vasut_10p_seta": 1, "vasut_15p_seta": 1, "url": "https://ingatlan.com/35470471", "title": "Eladó panel lakás - Budapest X. kerület, Gyakorló utca 4/i #35470471", "postal_code": "1106", "varos": "Budapest", "utca": "Gyakorló utca", "hazszam_vegleges": "4/i", "allapot": "jó állapotú", "ingatlan_altipus": "Panel lakás", "epites_eve": 1968.0, "epites_eve_kategoria": "30-60 év (panel-korszak)", "erkely_nm": 0.0, "szobaszam_egesz": 2.0, "szobaszam_fel": 0.0, "szobaszam_kategoria": "2 szoba", "atlagos_szobameret_nm": 24.5, "emelet": "6", "emelet_szam": 6.0, "epulet_szintjei_szam": 10.0, "is_magas_emelet_lift_nelkul": 0, "futes": "távfűtés", "futes_kategoria": null, "has_tavfutes": 1, "has_konvektor": 0, "has_megujulo": 0, "has_garazs_vagy_beallo": 0, "energetikai_tanusitvany": "D", "butorozott": null, "koltozheto": null, "min_berleti_ido": null, "kertkapcsolatos": "nincs megadva", "kozos_koltseg_huf": 14700.0, "rezsikoltseg_huf": null, "hirdeto_tipus": "Ingatlaniroda", "iroda_neve": null, "leiras_hossz": 511.0, "fenykepek_szama": 2.0, "geokodolas_modszere": null, "geokodolas_pontossag": null, "price_eur": null, "nm_ar_eur": null, "kozos_koltseg_eur": null, "rezsikoltseg_eur": null, "kaucio_eur": null, "tavolsag_metro_halozati_m": 294.3, "metro_5p_seta": 1, "metro_10p_seta": 1, "metro_15p_seta": 1, "tavolsag_villamos_halozati_m": 213.6, "villamos_5p_seta": 1, "villamos_10p_seta": 1, "villamos_15p_seta": 1, "tavolsag_busz_halozati_m": 158.7, "busz_5p_seta": 1, "busz_10p_seta": 1, "tavolsag_kotottpalya_halozati_m": 213.6, "kotottpalya_5p_seta": 1, "kotottpalya_10p_seta": 1, "kotottpalya_15p_seta": 1, "tavolsag_park_halozati_m": 247.7, "park_5p_seta": 1, "park_10p_seta": 1, "park_15p_seta": 1, "poi_5p_count": 48.0, "poi_10p_count": 96.0, "poi_15p_count": 139.0, "tavolsag_iskola_halozati_m": 1293.8, "iskola_5p_seta": 0, "iskola_10p_seta": 0, "iskola_15p_seta": 0, "tavolsag_ovoda_halozati_m": 943.1, "ovoda_5p_seta": 0, "ovoda_10p_seta": 0, "ovoda_15p_seta": 1, "tavolsag_bolt_halozati_m": 242.4, "bolt_5p_seta": 1, "bolt_10p_seta": 1, "bolt_15p_seta": 1, "tavolsag_gyogyszertar_halozati_m": 137.2, "gyogyszertar_5p_seta": 1, "gyogyszertar_10p_seta": 1, "gyogyszertar_15p_seta": 1, "tavolsag_orvos_halozati_m": 294.0, "orvos_5p_seta": 1, "orvos_10p_seta": 1, "orvos_15p_seta": 1, "legkozelebbi_vasut": "Örs vezér tere", "legkozelebbi_metro": "", "legkozelebbi_villamos": "Örs vezér tere M+H", "legkozelebbi_busz": "Örs vezér tere M+H", "legkozelebbi_park": "Névtelen zöldfelület / park", "legkozelebbi_kotottpalya_tipus": "villamos" }, "geometry": { "type": "Point", "coordinates": [ 19.138044, 47.501438 ] } },
{ "type": "Feature", "properties": { "listing_id": "35474404", "listing_type": "elado", "cim_teljes": "Budapest X. kerület, Szövőszék utca 12.", "varosresz": "Újhegy", "price_huf": 72500000.0, "ar_millio_ft": 72.5, "ar_ezer_ft_ho": 72500.0, "nm_ar_huf": 1066176.4705882352, "log_ar": 18.099097119824904, "log_nm_ar": 13.879589414648796, "is_ar_outlier": 0, "alapterulet_nm": 68.0, "korrigalt_alapterulet_nm": 69.5, "szobaszam_osszes": 3.0, "allapot_kod": 3, "is_felujitando": 0, "is_ujszeru_vagy_uj": 0, "is_panel": 1, "is_tegla": 0, "has_lift": 1, "has_klima": 1, "has_erkely": 1, "is_foldszint": 0, "is_zaroszint": 0, "epulet_kora_ev": null, "geokodolt_lat": 47.471329, "geokodolt_lon": 19.161726, "minta_garantalt_pontos": 1, "tavolsag_vasut_m": 992.0, "vasut_zona": "500-1000 m", "is_vasut_immisszio_150m": 0, "tavolsag_vasut_halozati_m": 1586.4, "menetido_vasut_gyalog_perc": 21.2, "vasut_5p_seta": 0, "vasut_10p_seta": 0, "vasut_15p_seta": 0, "url": "https://ingatlan.com/35474404", "title": "Eladó panel lakás - Budapest X. kerület, Szövőszék utca 12. #35474404", "postal_code": "1108", "varos": "Budapest", "utca": "Szövőszék utca", "hazszam_vegleges": "12", "allapot": "jó állapotú", "ingatlan_altipus": "Panel lakás", "epites_eve": null, "epites_eve_kategoria": "Ismeretlen", "erkely_nm": 3.0, "szobaszam_egesz": 3.0, "szobaszam_fel": 0.0, "szobaszam_kategoria": "3 szoba", "atlagos_szobameret_nm": 22.666666666666668, "emelet": "9", "emelet_szam": 9.0, "epulet_szintjei_szam": 10.0, "is_magas_emelet_lift_nelkul": 0, "futes": "távfűtés", "futes_kategoria": null, "has_tavfutes": 1, "has_konvektor": 0, "has_megujulo": 0, "has_garazs_vagy_beallo": 0, "energetikai_tanusitvany": "nincs megadva", "butorozott": null, "koltozheto": null, "min_berleti_ido": null, "kertkapcsolatos": "nincs megadva", "kozos_koltseg_huf": 26600.0, "rezsikoltseg_huf": null, "hirdeto_tipus": "Ingatlaniroda", "iroda_neve": null, "leiras_hossz": 1474.0, "fenykepek_szama": 4.0, "geokodolas_modszere": null, "geokodolas_pontossag": null, "price_eur": null, "nm_ar_eur": null, "kozos_koltseg_eur": null, "rezsikoltseg_eur": null, "kaucio_eur": null, "tavolsag_metro_halozati_m": 1592.3, "metro_5p_seta": 0, "metro_10p_seta": 0, "metro_15p_seta": 0, "tavolsag_villamos_halozati_m": 1012.5, "villamos_5p_seta": 0, "villamos_10p_seta": 0, "villamos_15p_seta": 1, "tavolsag_busz_halozati_m": 264.8, "busz_5p_seta": 1, "busz_10p_seta": 1, "tavolsag_kotottpalya_halozati_m": 1012.5, "kotottpalya_5p_seta": 0, "kotottpalya_10p_seta": 0, "kotottpalya_15p_seta": 1, "tavolsag_park_halozati_m": 750.8, "park_5p_seta": 0, "park_10p_seta": 0, "park_15p_seta": 1, "poi_5p_count": 8.0, "poi_10p_count": 25.0, "poi_15p_count": 48.0, "tavolsag_iskola_halozati_m": null, "iskola_5p_seta": 0, "iskola_10p_seta": 0, "iskola_15p_seta": 0, "tavolsag_ovoda_halozati_m": null, "ovoda_5p_seta": 0, "ovoda_10p_seta": 0, "ovoda_15p_seta": 0, "tavolsag_bolt_halozati_m": 128.7, "bolt_5p_seta": 1, "bolt_10p_seta": 1, "bolt_15p_seta": 1, "tavolsag_gyogyszertar_halozati_m": 310.0, "gyogyszertar_5p_seta": 1, "gyogyszertar_10p_seta": 1, "gyogyszertar_15p_seta": 1, "tavolsag_orvos_halozati_m": 1231.4, "orvos_5p_seta": 0, "orvos_10p_seta": 0, "orvos_15p_seta": 0, "legkozelebbi_vasut": "Kőbánya-Kispest", "legkozelebbi_metro": "", "legkozelebbi_villamos": "Venyige utca", "legkozelebbi_busz": "Újhegyi sétány", "legkozelebbi_park": "Gőzmozdony park", "legkozelebbi_kotottpalya_tipus": "villamos" }, "geometry": { "type": "Point", "coordinates": [ 19.161726, 47.471329 ] } },
{ "type": "Feature", "properties": { "listing_id": "35484419", "listing_type": "elado", "cim_teljes": "Budapest X. kerület, Mádi utca 200.", "varosresz": "Újhegy", "price_huf": 67900000.0, "ar_millio_ft": 67.9, "ar_ezer_ft_ho": 67900.0, "nm_ar_huf": 1170689.6551724137, "log_ar": 18.033546592528925, "log_nm_ar": 13.973103581982505, "is_ar_outlier": 0, "alapterulet_nm": 58.0, "korrigalt_alapterulet_nm": 60.0, "szobaszam_osszes": 2.0, "allapot_kod": 4, "is_felujitando": 0, "is_ujszeru_vagy_uj": 0, "is_panel": 1, "is_tegla": 0, "has_lift": 1, "has_klima": 0, "has_erkely": 1, "is_foldszint": 0, "is_zaroszint": 0, "epulet_kora_ev": 38.0, "geokodolt_lat": 47.472184, "geokodolt_lon": 19.166627, "minta_garantalt_pontos": 1, "tavolsag_vasut_m": 931.5, "vasut_zona": "500-1000 m", "is_vasut_immisszio_150m": 0, "tavolsag_vasut_halozati_m": 1938.1, "menetido_vasut_gyalog_perc": 25.8, "vasut_5p_seta": 0, "vasut_10p_seta": 0, "vasut_15p_seta": 0, "url": "https://ingatlan.com/35484419", "title": "Eladó panel lakás - Budapest X. kerület, Mádi utca 200. #35484419", "postal_code": "1108", "varos": "Budapest", "utca": "Mádi utca", "hazszam_vegleges": "200", "allapot": "felújított", "ingatlan_altipus": "Panel lakás", "epites_eve": 1988.0, "epites_eve_kategoria": "30-60 év (panel-korszak)", "erkely_nm": 4.0, "szobaszam_egesz": 2.0, "szobaszam_fel": 0.0, "szobaszam_kategoria": "2 szoba", "atlagos_szobameret_nm": 29.0, "emelet": "8", "emelet_szam": 8.0, "epulet_szintjei_szam": 10.0, "is_magas_emelet_lift_nelkul": 0, "futes": "távfűtés", "futes_kategoria": null, "has_tavfutes": 1, "has_konvektor": 0, "has_megujulo": 0, "has_garazs_vagy_beallo": 0, "energetikai_tanusitvany": "F", "butorozott": null, "koltozheto": null, "min_berleti_ido": null, "kertkapcsolatos": "nincs megadva", "kozos_koltseg_huf": 22000.0, "rezsikoltseg_huf": null, "hirdeto_tipus": "Ingatlaniroda", "iroda_neve": null, "leiras_hossz": 944.0, "fenykepek_szama": 4.0, "geokodolas_modszere": null, "geokodolas_pontossag": null, "price_eur": null, "nm_ar_eur": null, "kozos_koltseg_eur": null, "rezsikoltseg_eur": null, "kaucio_eur": null, "tavolsag_metro_halozati_m": 1944.0, "metro_5p_seta": 0, "metro_10p_seta": 0, "metro_15p_seta": 0, "tavolsag_villamos_halozati_m": 589.1, "villamos_5p_seta": 0, "villamos_10p_seta": 1, "villamos_15p_seta": 1, "tavolsag_busz_halozati_m": 133.3, "busz_5p_seta": 1, "busz_10p_seta": 1, "tavolsag_kotottpalya_halozati_m": 589.1, "kotottpalya_5p_seta": 0, "kotottpalya_10p_seta": 1, "kotottpalya_15p_seta": 1, "tavolsag_park_halozati_m": 778.0, "park_5p_seta": 0, "park_10p_seta": 0, "park_15p_seta": 1, "poi_5p_count": 5.0, "poi_10p_count": 26.0, "poi_15p_count": 58.0, "tavolsag_iskola_halozati_m": null, "iskola_5p_seta": 0, "iskola_10p_seta": 0, "iskola_15p_seta": 0, "tavolsag_ovoda_halozati_m": null, "ovoda_5p_seta": 0, "ovoda_10p_seta": 0, "ovoda_15p_seta": 0, "tavolsag_bolt_halozati_m": 310.6, "bolt_5p_seta": 1, "bolt_10p_seta": 1, "bolt_15p_seta": 1, "tavolsag_gyogyszertar_halozati_m": 484.5, "gyogyszertar_5p_seta": 0, "gyogyszertar_10p_seta": 1, "gyogyszertar_15p_seta": 1, "tavolsag_orvos_halozati_m": 1128.0, "orvos_5p_seta": 0, "orvos_10p_seta": 0, "orvos_15p_seta": 0, "legkozelebbi_vasut": "Kőbánya-Kispest", "legkozelebbi_metro": "", "legkozelebbi_villamos": "Sírkert út", "legkozelebbi_busz": "Zsombék utca", "legkozelebbi_park": "Újhegy park", "legkozelebbi_kotottpalya_tipus": "villamos" }, "geometry": { "type": "Point", "coordinates": [ 19.166627, 47.472184 ] } },
{ "type": "Feature", "properties": { "listing_id": "35486728", "listing_type": "elado", "cim_teljes": "Budapest X. kerület, Harmat utca 69.", "varosresz": "Óhegy", "price_huf": 74900000.0, "ar_millio_ft": 74.9, "ar_ezer_ft_ho": 74900.0, "nm_ar_huf": 1528571.4285714286, "log_ar": 18.131664448487449, "log_nm_ar": 14.239844150376822, "is_ar_outlier": 0, "alapterulet_nm": 49.0, "korrigalt_alapterulet_nm": 49.0, "szobaszam_osszes": 2.0, "allapot_kod": 4, "is_felujitando": 0, "is_ujszeru_vagy_uj": 0, "is_panel": 0, "is_tegla": 0, "has_lift": 0, "has_klima": 1, "has_erkely": 0, "is_foldszint": 0, "is_zaroszint": 1, "epulet_kora_ev": null, "geokodolt_lat": 47.480514, "geokodolt_lon": 19.148442, "minta_garantalt_pontos": 1, "tavolsag_vasut_m": 1054.4, "vasut_zona": "1000-2000 m", "is_vasut_immisszio_150m": 0, "tavolsag_vasut_halozati_m": 1834.7, "menetido_vasut_gyalog_perc": 24.5, "vasut_5p_seta": 0, "vasut_10p_seta": 0, "vasut_15p_seta": 0, "url": "https://ingatlan.com/35486728", "title": "Eladó csúsztatott zsalus - Budapest X. kerület, Harmat utca 69. #35486728", "postal_code": "1104", "varos": "Budapest", "utca": "Harmat utca", "hazszam_vegleges": "69", "allapot": "felújított", "ingatlan_altipus": "Csúsztatott zsalus lakás", "epites_eve": null, "epites_eve_kategoria": "Ismeretlen", "erkely_nm": 0.0, "szobaszam_egesz": 2.0, "szobaszam_fel": 0.0, "szobaszam_kategoria": "2 szoba", "atlagos_szobameret_nm": 24.5, "emelet": "4", "emelet_szam": 4.0, "epulet_szintjei_szam": 4.0, "is_magas_emelet_lift_nelkul": 0, "futes": "hűtő-fűtő klíma, gáz (konvektor)", "futes_kategoria": null, "has_tavfutes": 0, "has_konvektor": 1, "has_megujulo": 0, "has_garazs_vagy_beallo": 0, "energetikai_tanusitvany": "nincs megadva", "butorozott": null, "koltozheto": null, "min_berleti_ido": null, "kertkapcsolatos": "igen", "kozos_koltseg_huf": 14000.0, "rezsikoltseg_huf": 20000.0, "hirdeto_tipus": "Ingatlaniroda", "iroda_neve": null, "leiras_hossz": 4272.0, "fenykepek_szama": 4.0, "geokodolas_modszere": null, "geokodolas_pontossag": null, "price_eur": null, "nm_ar_eur": null, "kozos_koltseg_eur": null, "rezsikoltseg_eur": null, "kaucio_eur": null, "tavolsag_metro_halozati_m": null, "metro_5p_seta": 0, "metro_10p_seta": 0, "metro_15p_seta": 0, "tavolsag_villamos_halozati_m": 972.7, "villamos_5p_seta": 0, "villamos_10p_seta": 0, "villamos_15p_seta": 1, "tavolsag_busz_halozati_m": 239.2, "busz_5p_seta": 1, "busz_10p_seta": 1, "tavolsag_kotottpalya_halozati_m": 972.7, "kotottpalya_5p_seta": 0, "kotottpalya_10p_seta": 0, "kotottpalya_15p_seta": 1, "tavolsag_park_halozati_m": 316.5, "park_5p_seta": 1, "park_10p_seta": 1, "park_15p_seta": 1, "poi_5p_count": 3.0, "poi_10p_count": 22.0, "poi_15p_count": 51.0, "tavolsag_iskola_halozati_m": 1127.5, "iskola_5p_seta": 0, "iskola_10p_seta": 0, "iskola_15p_seta": 0, "tavolsag_ovoda_halozati_m": 1477.2, "ovoda_5p_seta": 0, "ovoda_10p_seta": 0, "ovoda_15p_seta": 0, "tavolsag_bolt_halozati_m": 552.1, "bolt_5p_seta": 0, "bolt_10p_seta": 1, "bolt_15p_seta": 1, "tavolsag_gyogyszertar_halozati_m": 573.9, "gyogyszertar_5p_seta": 0, "gyogyszertar_10p_seta": 1, "gyogyszertar_15p_seta": 1, "tavolsag_orvos_halozati_m": 1449.1, "orvos_5p_seta": 0, "orvos_10p_seta": 0, "orvos_15p_seta": 0, "legkozelebbi_vasut": "Kőbánya alsó", "legkozelebbi_metro": "", "legkozelebbi_villamos": "Kocka utca", "legkozelebbi_busz": "Vörösdinka utca", "legkozelebbi_park": "Óhegy park", "legkozelebbi_kotottpalya_tipus": "villamos" }, "geometry": { "type": "Point", "coordinates": [ 19.148442, 47.480514 ] } },
{ "type": "Feature", "properties": { "listing_id": "35493099", "listing_type": "elado", "cim_teljes": "Budapest X. kerület, Szőlővirág utca 8.", "varosresz": "Újhegy", "price_huf": 63990000.0, "ar_millio_ft": 63.99, "ar_ezer_ft_ho": 63990.0, "nm_ar_huf": 914142.85714285716, "log_ar": 17.974237379115642, "log_nm_ar": 13.725742137066284, "is_ar_outlier": 0, "alapterulet_nm": 70.0, "korrigalt_alapterulet_nm": 72.0, "szobaszam_osszes": 3.0, "allapot_kod": 3, "is_felujitando": 0, "is_ujszeru_vagy_uj": 0, "is_panel": 1, "is_tegla": 0, "has_lift": 1, "has_klima": 0, "has_erkely": 1, "is_foldszint": 0, "is_zaroszint": 0, "epulet_kora_ev": null, "geokodolt_lat": 47.469968, "geokodolt_lon": 19.164482, "minta_garantalt_pontos": 1, "tavolsag_vasut_m": 977.9, "vasut_zona": "500-1000 m", "is_vasut_immisszio_150m": 0, "tavolsag_vasut_halozati_m": 1654.0, "menetido_vasut_gyalog_perc": 22.1, "vasut_5p_seta": 0, "vasut_10p_seta": 0, "vasut_15p_seta": 0, "url": "https://ingatlan.com/35493099", "title": "Eladó panel lakás - Budapest X. kerület, Szőlővirág utca 8. #35493099", "postal_code": "1108", "varos": "Budapest", "utca": "Szőlővirág utca", "hazszam_vegleges": "8", "allapot": "jó állapotú", "ingatlan_altipus": "Panel lakás", "epites_eve": null, "epites_eve_kategoria": "Ismeretlen", "erkely_nm": 4.0, "szobaszam_egesz": 3.0, "szobaszam_fel": 0.0, "szobaszam_kategoria": "3 szoba", "atlagos_szobameret_nm": 23.333333333333332, "emelet": "9", "emelet_szam": 9.0, "epulet_szintjei_szam": 10.0, "is_magas_emelet_lift_nelkul": 0, "futes": "távfűtés egyedi méréssel", "futes_kategoria": null, "has_tavfutes": 1, "has_konvektor": 0, "has_megujulo": 0, "has_garazs_vagy_beallo": 0, "energetikai_tanusitvany": "nincs megadva", "butorozott": null, "koltozheto": null, "min_berleti_ido": null, "kertkapcsolatos": "nincs megadva", "kozos_koltseg_huf": null, "rezsikoltseg_huf": null, "hirdeto_tipus": "Ingatlaniroda", "iroda_neve": null, "leiras_hossz": 2006.0, "fenykepek_szama": 4.0, "geokodolas_modszere": null, "geokodolas_pontossag": null, "price_eur": null, "nm_ar_eur": null, "kozos_koltseg_eur": null, "rezsikoltseg_eur": null, "kaucio_eur": null, "tavolsag_metro_halozati_m": 1659.9, "metro_5p_seta": 0, "metro_10p_seta": 0, "metro_15p_seta": 0, "tavolsag_villamos_halozati_m": 1012.1, "villamos_5p_seta": 0, "villamos_10p_seta": 0, "villamos_15p_seta": 1, "tavolsag_busz_halozati_m": 233.4, "busz_5p_seta": 1, "busz_10p_seta": 1, "tavolsag_kotottpalya_halozati_m": 1012.1, "kotottpalya_5p_seta": 0, "kotottpalya_10p_seta": 0, "kotottpalya_15p_seta": 1, "tavolsag_park_halozati_m": 444.1, "park_5p_seta": 0, "park_10p_seta": 1, "park_15p_seta": 1, "poi_5p_count": 7.0, "poi_10p_count": 28.0, "poi_15p_count": 49.0, "tavolsag_iskola_halozati_m": null, "iskola_5p_seta": 0, "iskola_10p_seta": 0, "iskola_15p_seta": 0, "tavolsag_ovoda_halozati_m": null, "ovoda_5p_seta": 0, "ovoda_10p_seta": 0, "ovoda_15p_seta": 0, "tavolsag_bolt_halozati_m": 202.6, "bolt_5p_seta": 1, "bolt_10p_seta": 1, "bolt_15p_seta": 1, "tavolsag_gyogyszertar_halozati_m": 200.8, "gyogyszertar_5p_seta": 1, "gyogyszertar_10p_seta": 1, "gyogyszertar_15p_seta": 1, "tavolsag_orvos_halozati_m": 1377.6, "orvos_5p_seta": 0, "orvos_10p_seta": 0, "orvos_15p_seta": 0, "legkozelebbi_vasut": "Kőbánya-Kispest", "legkozelebbi_metro": "", "legkozelebbi_villamos": "Sírkert út", "legkozelebbi_busz": "Mélytó utca", "legkozelebbi_park": "Újhegy park", "legkozelebbi_kotottpalya_tipus": "villamos" }, "geometry": { "type": "Point", "coordinates": [ 19.164482, 47.469968 ] } },
{ "type": "Feature", "properties": { "listing_id": "35495329", "listing_type": "elado", "cim_teljes": "Budapest X. kerület, Gyógyszergyári utca 8.", "varosresz": "Felsőrákos", "price_huf": 77900000.0, "ar_millio_ft": 77.9, "ar_ezer_ft_ho": 77900.0, "nm_ar_huf": 1527450.9803921569, "log_ar": 18.170936510840978, "log_nm_ar": 14.239110878116652, "is_ar_outlier": 0, "alapterulet_nm": 51.0, "korrigalt_alapterulet_nm": 57.5, "szobaszam_osszes": 2.0, "allapot_kod": 3, "is_felujitando": 0, "is_ujszeru_vagy_uj": 0, "is_panel": 0, "is_tegla": 0, "has_lift": 1, "has_klima": 1, "has_erkely": 1, "is_foldszint": 0, "is_zaroszint": 0, "epulet_kora_ev": 0.0, "geokodolt_lat": 47.49801, "geokodolt_lon": 19.142693, "minta_garantalt_pontos": 1, "tavolsag_vasut_m": 553.3, "vasut_zona": "500-1000 m", "is_vasut_immisszio_150m": 0, "tavolsag_vasut_halozati_m": 1194.2, "menetido_vasut_gyalog_perc": 15.9, "vasut_5p_seta": 0, "vasut_10p_seta": 0, "vasut_15p_seta": 0, "url": "https://ingatlan.com/35495329", "title": "Eladó csúsztatott zsalus - Budapest X. kerület, Gyógyszergyári utca 8. #35495329", "postal_code": "1106", "varos": "Budapest", "utca": "Gyógyszergyári utca", "hazszam_vegleges": "8", "allapot": "nincs megadva", "ingatlan_altipus": "Csúsztatott zsalus lakás", "epites_eve": 2026.0, "epites_eve_kategoria": "Új építésű (2025+)", "erkely_nm": 13.0, "szobaszam_egesz": 2.0, "szobaszam_fel": 0.0, "szobaszam_kategoria": "2 szoba", "atlagos_szobameret_nm": 25.5, "emelet": "1", "emelet_szam": 1.0, "epulet_szintjei_szam": 5.0, "is_magas_emelet_lift_nelkul": 0, "futes": "távfűtés egyedi méréssel", "futes_kategoria": null, "has_tavfutes": 1, "has_konvektor": 0, "has_megujulo": 0, "has_garazs_vagy_beallo": 0, "energetikai_tanusitvany": "A+", "butorozott": null, "koltozheto": null, "min_berleti_ido": null, "kertkapcsolatos": "nem", "kozos_koltseg_huf": null, "rezsikoltseg_huf": null, "hirdeto_tipus": "Ingatlaniroda", "iroda_neve": null, "leiras_hossz": 1255.0, "fenykepek_szama": 4.0, "geokodolas_modszere": null, "geokodolas_pontossag": null, "price_eur": null, "nm_ar_eur": null, "kozos_koltseg_eur": null, "rezsikoltseg_eur": null, "kaucio_eur": null, "tavolsag_metro_halozati_m": 1096.3, "metro_5p_seta": 0, "metro_10p_seta": 0, "metro_15p_seta": 1, "tavolsag_villamos_halozati_m": 463.5, "villamos_5p_seta": 0, "villamos_10p_seta": 1, "villamos_15p_seta": 1, "tavolsag_busz_halozati_m": 724.5, "busz_5p_seta": 0, "busz_10p_seta": 1, "tavolsag_kotottpalya_halozati_m": 463.5, "kotottpalya_5p_seta": 0, "kotottpalya_10p_seta": 1, "kotottpalya_15p_seta": 1, "tavolsag_park_halozati_m": 600.2, "park_5p_seta": 0, "park_10p_seta": 1, "park_15p_seta": 1, "poi_5p_count": 0.0, "poi_10p_count": 7.0, "poi_15p_count": 52.0, "tavolsag_iskola_halozati_m": 1212.4, "iskola_5p_seta": 0, "iskola_10p_seta": 0, "iskola_15p_seta": 0, "tavolsag_ovoda_halozati_m": 1747.4, "ovoda_5p_seta": 0, "ovoda_10p_seta": 0, "ovoda_15p_seta": 0, "tavolsag_bolt_halozati_m": 1044.5, "bolt_5p_seta": 0, "bolt_10p_seta": 0, "bolt_15p_seta": 1, "tavolsag_gyogyszertar_halozati_m": 837.3, "gyogyszertar_5p_seta": 0, "gyogyszertar_10p_seta": 0, "gyogyszertar_15p_seta": 1, "tavolsag_orvos_halozati_m": 1098.3, "orvos_5p_seta": 0, "orvos_10p_seta": 0, "orvos_15p_seta": 1, "legkozelebbi_vasut": "Örs vezér tere", "legkozelebbi_metro": "", "legkozelebbi_villamos": "Kincsem lakópark", "legkozelebbi_busz": "Fehér úti ipari park", "legkozelebbi_park": "Erdélyi emlékkert", "legkozelebbi_kotottpalya_tipus": "villamos" }, "geometry": { "type": "Point", "coordinates": [ 19.142693, 47.49801 ] } },
{ "type": "Feature", "properties": { "listing_id": "35495373", "listing_type": "elado", "cim_teljes": "Budapest X. kerület, Hungária körút 5-7.", "varosresz": "Laposdűlő", "price_huf": 68900000.0, "ar_millio_ft": 68.9, "ar_ezer_ft_ho": 68900.0, "nm_ar_huf": 956944.4444444445, "log_ar": 18.048166735983887, "log_nm_ar": 13.771500616967831, "is_ar_outlier": 0, "alapterulet_nm": 72.0, "korrigalt_alapterulet_nm": 72.0, "szobaszam_osszes": 3.0, "allapot_kod": 3, "is_felujitando": 0, "is_ujszeru_vagy_uj": 0, "is_panel": 1, "is_tegla": 0, "has_lift": 1, "has_klima": 0, "has_erkely": 0, "is_foldszint": 0, "is_zaroszint": 0, "epulet_kora_ev": 38.0, "geokodolt_lat": 47.491796, "geokodolt_lon": 19.109243, "minta_garantalt_pontos": 1, "tavolsag_vasut_m": 369.0, "vasut_zona": "300-500 m", "is_vasut_immisszio_150m": 0, "tavolsag_vasut_halozati_m": null, "menetido_vasut_gyalog_perc": null, "vasut_5p_seta": 0, "vasut_10p_seta": 0, "vasut_15p_seta": 0, "url": "https://ingatlan.com/35495373", "title": "Eladó panel lakás - Budapest X. kerület, Hungária körút 5-7. #35495373", "postal_code": "1101", "varos": "Budapest", "utca": "Hungária körút", "hazszam_vegleges": "5-7", "allapot": "jó állapotú", "ingatlan_altipus": "Panel lakás", "epites_eve": 1988.0, "epites_eve_kategoria": "30-60 év (panel-korszak)", "erkely_nm": 0.0, "szobaszam_egesz": 3.0, "szobaszam_fel": 0.0, "szobaszam_kategoria": "3 szoba", "atlagos_szobameret_nm": 24.0, "emelet": "8", "emelet_szam": 8.0, "epulet_szintjei_szam": 10.0, "is_magas_emelet_lift_nelkul": 0, "futes": "házközponti", "futes_kategoria": null, "has_tavfutes": 0, "has_konvektor": 0, "has_megujulo": 0, "has_garazs_vagy_beallo": 0, "energetikai_tanusitvany": "nincs megadva", "butorozott": null, "koltozheto": null, "min_berleti_ido": null, "kertkapcsolatos": "nem", "kozos_koltseg_huf": null, "rezsikoltseg_huf": null, "hirdeto_tipus": "Ingatlaniroda", "iroda_neve": null, "leiras_hossz": 429.0, "fenykepek_szama": 4.0, "geokodolas_modszere": null, "geokodolas_pontossag": null, "price_eur": null, "nm_ar_eur": null, "kozos_koltseg_eur": null, "rezsikoltseg_eur": null, "kaucio_eur": null, "tavolsag_metro_halozati_m": 1037.0, "metro_5p_seta": 0, "metro_10p_seta": 0, "metro_15p_seta": 1, "tavolsag_villamos_halozati_m": 119.5, "villamos_5p_seta": 1, "villamos_10p_seta": 1, "villamos_15p_seta": 1, "tavolsag_busz_halozati_m": 120.8, "busz_5p_seta": 1, "busz_10p_seta": 1, "tavolsag_kotottpalya_halozati_m": 119.5, "kotottpalya_5p_seta": 1, "kotottpalya_10p_seta": 1, "kotottpalya_15p_seta": 1, "tavolsag_park_halozati_m": 434.0, "park_5p_seta": 0, "park_10p_seta": 1, "park_15p_seta": 1, "poi_5p_count": 11.0, "poi_10p_count": 30.0, "poi_15p_count": 68.0, "tavolsag_iskola_halozati_m": 940.9, "iskola_5p_seta": 0, "iskola_10p_seta": 0, "iskola_15p_seta": 1, "tavolsag_ovoda_halozati_m": 978.5, "ovoda_5p_seta": 0, "ovoda_10p_seta": 0, "ovoda_15p_seta": 1, "tavolsag_bolt_halozati_m": 145.2, "bolt_5p_seta": 1, "bolt_10p_seta": 1, "bolt_15p_seta": 1, "tavolsag_gyogyszertar_halozati_m": 209.2, "gyogyszertar_5p_seta": 1, "gyogyszertar_10p_seta": 1, "gyogyszertar_15p_seta": 1, "tavolsag_orvos_halozati_m": 1055.5, "orvos_5p_seta": 0, "orvos_10p_seta": 0, "orvos_15p_seta": 1, "legkozelebbi_vasut": "", "legkozelebbi_metro": "", "legkozelebbi_villamos": "Hidegkuti Nándor Stadion", "legkozelebbi_busz": "Hidegkuti Nándor Stadion", "legkozelebbi_park": "Tbiliszi tér", "legkozelebbi_kotottpalya_tipus": "villamos" }, "geometry": { "type": "Point", "coordinates": [ 19.109243, 47.491796 ] } },
{ "type": "Feature", "properties": { "listing_id": "35500506", "listing_type": "elado", "cim_teljes": "Budapest X. kerület, Hatház utca 1.", "varosresz": "Felsőrákos", "price_huf": 50500000.0, "ar_millio_ft": 50.5, "ar_ezer_ft_ho": 50500.0, "nm_ar_huf": 1485294.1176470588, "log_ar": 17.737483894245589, "log_nm_ar": 14.211123369629426, "is_ar_outlier": 0, "alapterulet_nm": 34.0, "korrigalt_alapterulet_nm": 34.0, "szobaszam_osszes": 1.0, "allapot_kod": 3, "is_felujitando": 0, "is_ujszeru_vagy_uj": 0, "is_panel": 0, "is_tegla": 1, "has_lift": 0, "has_klima": 1, "has_erkely": 0, "is_foldszint": 0, "is_zaroszint": 0, "epulet_kora_ev": null, "geokodolt_lat": 47.502747, "geokodolt_lon": 19.148526, "minta_garantalt_pontos": 1, "tavolsag_vasut_m": 217.8, "vasut_zona": "150-300 m", "is_vasut_immisszio_150m": 0, "tavolsag_vasut_halozati_m": 481.1, "menetido_vasut_gyalog_perc": 6.4, "vasut_5p_seta": 0, "vasut_10p_seta": 1, "vasut_15p_seta": 1, "url": "https://ingatlan.com/35500506", "title": "Eladó tégla lakás - Budapest X. kerület, Hatház utca 1. #35500506", "postal_code": "1106", "varos": "Budapest", "utca": "Hatház utca", "hazszam_vegleges": "1", "allapot": "jó állapotú", "ingatlan_altipus": "Tégla lakás", "epites_eve": null, "epites_eve_kategoria": "Ismeretlen", "erkely_nm": 0.0, "szobaszam_egesz": 1.0, "szobaszam_fel": 0.0, "szobaszam_kategoria": "1 szoba", "atlagos_szobameret_nm": 34.0, "emelet": "2", "emelet_szam": 2.0, "epulet_szintjei_szam": 4.0, "is_magas_emelet_lift_nelkul": 0, "futes": "gáz (konvektor), hűtő-fűtő klíma", "futes_kategoria": null, "has_tavfutes": 0, "has_konvektor": 1, "has_megujulo": 0, "has_garazs_vagy_beallo": 0, "energetikai_tanusitvany": "nincs megadva", "butorozott": null, "koltozheto": null, "min_berleti_ido": null, "kertkapcsolatos": "nem", "kozos_koltseg_huf": 13000.0, "rezsikoltseg_huf": 7500.0, "hirdeto_tipus": "Ingatlaniroda", "iroda_neve": null, "leiras_hossz": 1660.0, "fenykepek_szama": 4.0, "geokodolas_modszere": null, "geokodolas_pontossag": null, "price_eur": null, "nm_ar_eur": null, "kozos_koltseg_eur": null, "rezsikoltseg_eur": null, "kaucio_eur": null, "tavolsag_metro_halozati_m": 1098.3, "metro_5p_seta": 0, "metro_10p_seta": 0, "metro_15p_seta": 1, "tavolsag_villamos_halozati_m": 1017.7, "villamos_5p_seta": 0, "villamos_10p_seta": 0, "villamos_15p_seta": 1, "tavolsag_busz_halozati_m": 138.8, "busz_5p_seta": 1, "busz_10p_seta": 1, "tavolsag_kotottpalya_halozati_m": 481.1, "kotottpalya_5p_seta": 0, "kotottpalya_10p_seta": 1, "kotottpalya_15p_seta": 1, "tavolsag_park_halozati_m": 152.3, "park_5p_seta": 1, "park_10p_seta": 1, "park_15p_seta": 1, "poi_5p_count": 10.0, "poi_10p_count": 41.0, "poi_15p_count": 114.0, "tavolsag_iskola_halozati_m": 541.0, "iskola_5p_seta": 0, "iskola_10p_seta": 1, "iskola_15p_seta": 1, "tavolsag_ovoda_halozati_m": 690.3, "ovoda_5p_seta": 0, "ovoda_10p_seta": 1, "ovoda_15p_seta": 1, "tavolsag_bolt_halozati_m": 228.4, "bolt_5p_seta": 1, "bolt_10p_seta": 1, "bolt_15p_seta": 1, "tavolsag_gyogyszertar_halozati_m": 554.0, "gyogyszertar_5p_seta": 0, "gyogyszertar_10p_seta": 1, "gyogyszertar_15p_seta": 1, "tavolsag_orvos_halozati_m": 275.4, "orvos_5p_seta": 1, "orvos_10p_seta": 1, "orvos_15p_seta": 1, "legkozelebbi_vasut": "Rákosfalva", "legkozelebbi_metro": "", "legkozelebbi_villamos": "Örs vezér tere M+H", "legkozelebbi_busz": "Gépmadár utca", "legkozelebbi_park": "Kiserdő", "legkozelebbi_kotottpalya_tipus": "vasut" }, "geometry": { "type": "Point", "coordinates": [ 19.148526, 47.502747 ] } },
{ "type": "Feature", "properties": { "listing_id": "35500932", "listing_type": "elado", "cim_teljes": "Budapest X. kerület, Hungária körút 5-7.", "varosresz": "Laposdűlő", "price_huf": 75000000.0, "ar_millio_ft": 75.0, "ar_ezer_ft_ho": 75000.0, "nm_ar_huf": 1041666.6666666666, "log_ar": 18.132998671500584, "log_nm_ar": 13.856332552484529, "is_ar_outlier": 0, "alapterulet_nm": 72.0, "korrigalt_alapterulet_nm": 72.0, "szobaszam_osszes": 3.0, "allapot_kod": 3, "is_felujitando": 0, "is_ujszeru_vagy_uj": 0, "is_panel": 1, "is_tegla": 0, "has_lift": 1, "has_klima": 0, "has_erkely": 0, "is_foldszint": 0, "is_zaroszint": 0, "epulet_kora_ev": null, "geokodolt_lat": 47.491796, "geokodolt_lon": 19.109243, "minta_garantalt_pontos": 1, "tavolsag_vasut_m": 369.0, "vasut_zona": "300-500 m", "is_vasut_immisszio_150m": 0, "tavolsag_vasut_halozati_m": null, "menetido_vasut_gyalog_perc": null, "vasut_5p_seta": 0, "vasut_10p_seta": 0, "vasut_15p_seta": 0, "url": "https://ingatlan.com/35500932", "title": "Eladó panel lakás - Budapest X. kerület, Hungária körút 5-7. #35500932", "postal_code": "1101", "varos": "Budapest", "utca": "Hungária körút", "hazszam_vegleges": "5-7", "allapot": "nincs megadva", "ingatlan_altipus": "Panel lakás", "epites_eve": null, "epites_eve_kategoria": "Ismeretlen", "erkely_nm": 0.0, "szobaszam_egesz": 3.0, "szobaszam_fel": 0.0, "szobaszam_kategoria": "3 szoba", "atlagos_szobameret_nm": 24.0, "emelet": "8", "emelet_szam": 8.0, "epulet_szintjei_szam": 10.0, "is_magas_emelet_lift_nelkul": 0, "futes": "távfűtés", "futes_kategoria": null, "has_tavfutes": 1, "has_konvektor": 0, "has_megujulo": 0, "has_garazs_vagy_beallo": 0, "energetikai_tanusitvany": "nincs megadva", "butorozott": null, "koltozheto": null, "min_berleti_ido": null, "kertkapcsolatos": "nincs megadva", "kozos_koltseg_huf": null, "rezsikoltseg_huf": null, "hirdeto_tipus": "Ingatlaniroda", "iroda_neve": null, "leiras_hossz": 5.0, "fenykepek_szama": 4.0, "geokodolas_modszere": null, "geokodolas_pontossag": null, "price_eur": null, "nm_ar_eur": null, "kozos_koltseg_eur": null, "rezsikoltseg_eur": null, "kaucio_eur": null, "tavolsag_metro_halozati_m": 1037.0, "metro_5p_seta": 0, "metro_10p_seta": 0, "metro_15p_seta": 1, "tavolsag_villamos_halozati_m": 119.5, "villamos_5p_seta": 1, "villamos_10p_seta": 1, "villamos_15p_seta": 1, "tavolsag_busz_halozati_m": 120.8, "busz_5p_seta": 1, "busz_10p_seta": 1, "tavolsag_kotottpalya_halozati_m": 119.5, "kotottpalya_5p_seta": 1, "kotottpalya_10p_seta": 1, "kotottpalya_15p_seta": 1, "tavolsag_park_halozati_m": 434.0, "park_5p_seta": 0, "park_10p_seta": 1, "park_15p_seta": 1, "poi_5p_count": 11.0, "poi_10p_count": 30.0, "poi_15p_count": 68.0, "tavolsag_iskola_halozati_m": 940.9, "iskola_5p_seta": 0, "iskola_10p_seta": 0, "iskola_15p_seta": 1, "tavolsag_ovoda_halozati_m": 978.5, "ovoda_5p_seta": 0, "ovoda_10p_seta": 0, "ovoda_15p_seta": 1, "tavolsag_bolt_halozati_m": 145.2, "bolt_5p_seta": 1, "bolt_10p_seta": 1, "bolt_15p_seta": 1, "tavolsag_gyogyszertar_halozati_m": 209.2, "gyogyszertar_5p_seta": 1, "gyogyszertar_10p_seta": 1, "gyogyszertar_15p_seta": 1, "tavolsag_orvos_halozati_m": 1055.5, "orvos_5p_seta": 0, "orvos_10p_seta": 0, "orvos_15p_seta": 1, "legkozelebbi_vasut": "", "legkozelebbi_metro": "", "legkozelebbi_villamos": "Hidegkuti Nándor Stadion", "legkozelebbi_busz": "Hidegkuti Nándor Stadion", "legkozelebbi_park": "Tbiliszi tér", "legkozelebbi_kotottpalya_tipus": "villamos" }, "geometry": { "type": "Point", "coordinates": [ 19.109243, 47.491796 ] } },
{ "type": "Feature", "properties": { "listing_id": "35500984", "listing_type": "elado", "cim_teljes": "Budapest X. kerület, Liget tér 3.", "varosresz": "Kőbánya-Városközpont", "price_huf": 46000000.0, "ar_millio_ft": 46.0, "ar_ezer_ft_ho": 46000.0, "nm_ar_huf": 1095238.0952380951, "log_ar": 17.64415195445337, "log_nm_ar": 13.906482336170001, "is_ar_outlier": 0, "alapterulet_nm": 42.0, "korrigalt_alapterulet_nm": 42.0, "szobaszam_osszes": 2.0, "allapot_kod": 2, "is_felujitando": 1, "is_ujszeru_vagy_uj": 0, "is_panel": 0, "is_tegla": 0, "has_lift": 1, "has_klima": 0, "has_erkely": 0, "is_foldszint": 0, "is_zaroszint": 0, "epulet_kora_ev": 38.0, "geokodolt_lat": 47.483121, "geokodolt_lon": 19.129584, "minta_garantalt_pontos": 1, "tavolsag_vasut_m": 167.6, "vasut_zona": "150-300 m", "is_vasut_immisszio_150m": 0, "tavolsag_vasut_halozati_m": 277.9, "menetido_vasut_gyalog_perc": 3.7, "vasut_5p_seta": 1, "vasut_10p_seta": 1, "vasut_15p_seta": 1, "url": "https://ingatlan.com/35500984", "title": "Eladó csúsztatott zsalus - Budapest X. kerület, Liget tér 3. #35500984", "postal_code": "1102", "varos": "Budapest", "utca": "Liget tér", "hazszam_vegleges": "3", "allapot": "közepes állapotú", "ingatlan_altipus": "Csúsztatott zsalus lakás", "epites_eve": 1988.0, "epites_eve_kategoria": "30-60 év (panel-korszak)", "erkely_nm": 0.0, "szobaszam_egesz": 2.0, "szobaszam_fel": 0.0, "szobaszam_kategoria": "2 szoba", "atlagos_szobameret_nm": 21.0, "emelet": "4", "emelet_szam": 4.0, "epulet_szintjei_szam": 5.0, "is_magas_emelet_lift_nelkul": 0, "futes": "távfűtés egyedi méréssel", "futes_kategoria": null, "has_tavfutes": 1, "has_konvektor": 0, "has_megujulo": 0, "has_garazs_vagy_beallo": 0, "energetikai_tanusitvany": "nincs megadva", "butorozott": null, "koltozheto": null, "min_berleti_ido": null, "kertkapcsolatos": "nem", "kozos_koltseg_huf": 15600.0, "rezsikoltseg_huf": 30000.0, "hirdeto_tipus": "Ingatlaniroda", "iroda_neve": null, "leiras_hossz": 1334.0, "fenykepek_szama": 4.0, "geokodolas_modszere": null, "geokodolas_pontossag": null, "price_eur": null, "nm_ar_eur": null, "kozos_koltseg_eur": null, "rezsikoltseg_eur": null, "kaucio_eur": null, "tavolsag_metro_halozati_m": 2081.4, "metro_5p_seta": 0, "metro_10p_seta": 0, "metro_15p_seta": 0, "tavolsag_villamos_halozati_m": 161.0, "villamos_5p_seta": 1, "villamos_10p_seta": 1, "villamos_15p_seta": 1, "tavolsag_busz_halozati_m": 75.6, "busz_5p_seta": 1, "busz_10p_seta": 1, "tavolsag_kotottpalya_halozati_m": 161.0, "kotottpalya_5p_seta": 1, "kotottpalya_10p_seta": 1, "kotottpalya_15p_seta": 1, "tavolsag_park_halozati_m": 196.5, "park_5p_seta": 1, "park_10p_seta": 1, "park_15p_seta": 1, "poi_5p_count": 48.0, "poi_10p_count": 78.0, "poi_15p_count": 125.0, "tavolsag_iskola_halozati_m": 702.8, "iskola_5p_seta": 0, "iskola_10p_seta": 1, "iskola_15p_seta": 1, "tavolsag_ovoda_halozati_m": 905.0, "ovoda_5p_seta": 0, "ovoda_10p_seta": 0, "ovoda_15p_seta": 1, "tavolsag_bolt_halozati_m": 175.8, "bolt_5p_seta": 1, "bolt_10p_seta": 1, "bolt_15p_seta": 1, "tavolsag_gyogyszertar_halozati_m": 12.8, "gyogyszertar_5p_seta": 1, "gyogyszertar_10p_seta": 1, "gyogyszertar_15p_seta": 1, "tavolsag_orvos_halozati_m": null, "orvos_5p_seta": 0, "orvos_10p_seta": 0, "orvos_15p_seta": 0, "legkozelebbi_vasut": "Kőbánya alsó", "legkozelebbi_metro": "", "legkozelebbi_villamos": "Kápolna utca", "legkozelebbi_busz": "Liget tér", "legkozelebbi_park": "Liget téri park", "legkozelebbi_kotottpalya_tipus": "villamos" }, "geometry": { "type": "Point", "coordinates": [ 19.129584, 47.483121 ] } },
{ "type": "Feature", "properties": { "listing_id": "35501549", "listing_type": "elado", "cim_teljes": "Budapest X. kerület, Kővágó utca 12.", "varosresz": "Újhegy", "price_huf": 60900000.0, "ar_millio_ft": 60.9, "ar_ezer_ft_ho": 60900.0, "nm_ar_huf": 1242857.142857143, "log_ar": 17.924743732680124, "log_nm_ar": 14.032923434569499, "is_ar_outlier": 0, "alapterulet_nm": 49.0, "korrigalt_alapterulet_nm": 50.5, "szobaszam_osszes": 2.0, "allapot_kod": 4, "is_felujitando": 0, "is_ujszeru_vagy_uj": 0, "is_panel": 1, "is_tegla": 0, "has_lift": 1, "has_klima": 1, "has_erkely": 1, "is_foldszint": 0, "is_zaroszint": 0, "epulet_kora_ev": 58.0, "geokodolt_lat": 47.47259, "geokodolt_lon": 19.163965, "minta_garantalt_pontos": 1, "tavolsag_vasut_m": 850.1, "vasut_zona": "500-1000 m", "is_vasut_immisszio_150m": 0, "tavolsag_vasut_halozati_m": 1813.2, "menetido_vasut_gyalog_perc": 24.2, "vasut_5p_seta": 0, "vasut_10p_seta": 0, "vasut_15p_seta": 0, "url": "https://ingatlan.com/35501549", "title": "Eladó panel lakás - Budapest X. kerület, Kővágó utca 12. #35501549", "postal_code": "1108", "varos": "Budapest", "utca": "Kővágó utca", "hazszam_vegleges": "12", "allapot": "felújított", "ingatlan_altipus": "Panel lakás", "epites_eve": 1968.0, "epites_eve_kategoria": "30-60 év (panel-korszak)", "erkely_nm": 3.0, "szobaszam_egesz": 2.0, "szobaszam_fel": 0.0, "szobaszam_kategoria": "2 szoba", "atlagos_szobameret_nm": 24.5, "emelet": "4", "emelet_szam": 4.0, "epulet_szintjei_szam": 10.0, "is_magas_emelet_lift_nelkul": 0, "futes": "távfűtés", "futes_kategoria": null, "has_tavfutes": 1, "has_konvektor": 0, "has_megujulo": 0, "has_garazs_vagy_beallo": 0, "energetikai_tanusitvany": "B", "butorozott": null, "koltozheto": null, "min_berleti_ido": null, "kertkapcsolatos": "nincs megadva", "kozos_koltseg_huf": 15000.0, "rezsikoltseg_huf": 15000.0, "hirdeto_tipus": "Ingatlaniroda", "iroda_neve": null, "leiras_hossz": 2403.0, "fenykepek_szama": 4.0, "geokodolas_modszere": null, "geokodolas_pontossag": null, "price_eur": null, "nm_ar_eur": null, "kozos_koltseg_eur": null, "rezsikoltseg_eur": null, "kaucio_eur": null, "tavolsag_metro_halozati_m": 1819.1, "metro_5p_seta": 0, "metro_10p_seta": 0, "metro_15p_seta": 0, "tavolsag_villamos_halozati_m": 818.8, "villamos_5p_seta": 0, "villamos_10p_seta": 0, "villamos_15p_seta": 1, "tavolsag_busz_halozati_m": 278.4, "busz_5p_seta": 1, "busz_10p_seta": 1, "tavolsag_kotottpalya_halozati_m": 818.8, "kotottpalya_5p_seta": 0, "kotottpalya_10p_seta": 0, "kotottpalya_15p_seta": 1, "tavolsag_park_halozati_m": 818.4, "park_5p_seta": 0, "park_10p_seta": 0, "park_15p_seta": 1, "poi_5p_count": 5.0, "poi_10p_count": 25.0, "poi_15p_count": 52.0, "tavolsag_iskola_halozati_m": null, "iskola_5p_seta": 0, "iskola_10p_seta": 0, "iskola_15p_seta": 0, "tavolsag_ovoda_halozati_m": null, "ovoda_5p_seta": 0, "ovoda_10p_seta": 0, "ovoda_15p_seta": 0, "tavolsag_bolt_halozati_m": 223.3, "bolt_5p_seta": 1, "bolt_10p_seta": 1, "bolt_15p_seta": 1, "tavolsag_gyogyszertar_halozati_m": 385.6, "gyogyszertar_5p_seta": 0, "gyogyszertar_10p_seta": 1, "gyogyszertar_15p_seta": 1, "tavolsag_orvos_halozati_m": 1037.6, "orvos_5p_seta": 0, "orvos_10p_seta": 0, "orvos_15p_seta": 1, "legkozelebbi_vasut": "Kőbánya-Kispest", "legkozelebbi_metro": "", "legkozelebbi_villamos": "Venyige utca", "legkozelebbi_busz": "Újhegyi sétány", "legkozelebbi_park": "Újhegy park", "legkozelebbi_kotottpalya_tipus": "villamos" }, "geometry": { "type": "Point", "coordinates": [ 19.163965, 47.47259 ] } },
{ "type": "Feature", "properties": { "listing_id": "35502108", "listing_type": "elado", "cim_teljes": "Budapest X. kerület, Gyógyszergyári utca 6.", "varosresz": "Felsőrákos", "price_huf": 105000000.0, "ar_millio_ft": 105.0, "ar_ezer_ft_ho": 105000.0, "nm_ar_huf": 1590909.0909090908, "log_ar": 18.469470908121796, "log_nm_ar": 14.279816166095372, "is_ar_outlier": 0, "alapterulet_nm": 66.0, "korrigalt_alapterulet_nm": 74.5, "szobaszam_osszes": 3.0, "allapot_kod": 5, "is_felujitando": 0, "is_ujszeru_vagy_uj": 1, "is_panel": 0, "is_tegla": 1, "has_lift": 1, "has_klima": 1, "has_erkely": 1, "is_foldszint": 0, "is_zaroszint": 0, "epulet_kora_ev": 0.0, "geokodolt_lat": 47.497833, "geokodolt_lon": 19.141041, "minta_garantalt_pontos": 1, "tavolsag_vasut_m": 482.9, "vasut_zona": "300-500 m", "is_vasut_immisszio_150m": 0, "tavolsag_vasut_halozati_m": 1008.7, "menetido_vasut_gyalog_perc": 13.4, "vasut_5p_seta": 0, "vasut_10p_seta": 0, "vasut_15p_seta": 1, "url": "https://ingatlan.com/35502108", "title": "Eladó tégla lakás - Budapest X. kerület, Gyógyszergyári utca 6. #35502108", "postal_code": "1106", "varos": "Budapest", "utca": "Gyógyszergyári utca", "hazszam_vegleges": "6", "allapot": "újszerű", "ingatlan_altipus": "Tégla lakás", "epites_eve": 2026.0, "epites_eve_kategoria": "Új építésű (2025+)", "erkely_nm": 17.0, "szobaszam_egesz": 3.0, "szobaszam_fel": 0.0, "szobaszam_kategoria": "3 szoba", "atlagos_szobameret_nm": 22.0, "emelet": "6", "emelet_szam": 6.0, "epulet_szintjei_szam": 8.0, "is_magas_emelet_lift_nelkul": 0, "futes": "távfűtés", "futes_kategoria": null, "has_tavfutes": 1, "has_konvektor": 0, "has_megujulo": 0, "has_garazs_vagy_beallo": 0, "energetikai_tanusitvany": "A+", "butorozott": null, "koltozheto": null, "min_berleti_ido": null, "kertkapcsolatos": "nincs megadva", "kozos_koltseg_huf": null, "rezsikoltseg_huf": null, "hirdeto_tipus": "Ingatlaniroda", "iroda_neve": null, "leiras_hossz": 1335.0, "fenykepek_szama": 4.0, "geokodolas_modszere": null, "geokodolas_pontossag": null, "price_eur": null, "nm_ar_eur": null, "kozos_koltseg_eur": null, "rezsikoltseg_eur": null, "kaucio_eur": null, "tavolsag_metro_halozati_m": 910.8, "metro_5p_seta": 0, "metro_10p_seta": 0, "metro_15p_seta": 1, "tavolsag_villamos_halozati_m": 278.0, "villamos_5p_seta": 1, "villamos_10p_seta": 1, "villamos_15p_seta": 1, "tavolsag_busz_halozati_m": 539.0, "busz_5p_seta": 0, "busz_10p_seta": 1, "tavolsag_kotottpalya_halozati_m": 278.0, "kotottpalya_5p_seta": 1, "kotottpalya_10p_seta": 1, "kotottpalya_15p_seta": 1, "tavolsag_park_halozati_m": 523.0, "park_5p_seta": 0, "park_10p_seta": 1, "park_15p_seta": 1, "poi_5p_count": 2.0, "poi_10p_count": 14.0, "poi_15p_count": 82.0, "tavolsag_iskola_halozati_m": 1354.1, "iskola_5p_seta": 0, "iskola_10p_seta": 0, "iskola_15p_seta": 0, "tavolsag_ovoda_halozati_m": 1561.9, "ovoda_5p_seta": 0, "ovoda_10p_seta": 0, "ovoda_15p_seta": 0, "tavolsag_bolt_halozati_m": 859.0, "bolt_5p_seta": 0, "bolt_10p_seta": 0, "bolt_15p_seta": 1, "tavolsag_gyogyszertar_halozati_m": 651.7, "gyogyszertar_5p_seta": 0, "gyogyszertar_10p_seta": 1, "gyogyszertar_15p_seta": 1, "tavolsag_orvos_halozati_m": 912.8, "orvos_5p_seta": 0, "orvos_10p_seta": 0, "orvos_15p_seta": 1, "legkozelebbi_vasut": "Örs vezér tere", "legkozelebbi_metro": "", "legkozelebbi_villamos": "Kincsem lakópark", "legkozelebbi_busz": "Fehér úti ipari park", "legkozelebbi_park": "Névtelen zöldfelület / park", "legkozelebbi_kotottpalya_tipus": "villamos" }, "geometry": { "type": "Point", "coordinates": [ 19.141041, 47.497833 ] } },
{ "type": "Feature", "properties": { "listing_id": "35502846", "listing_type": "elado", "cim_teljes": "Budapest X. kerület, Kolozsvári utca 39-43.", "varosresz": "Ligettelek", "price_huf": 39900000.0, "ar_millio_ft": 39.9, "ar_ezer_ft_ho": 39900.0, "nm_ar_huf": 1108333.3333333333, "log_ar": 17.501886881860091, "log_nm_ar": 13.918367943403982, "is_ar_outlier": 0, "alapterulet_nm": 36.0, "korrigalt_alapterulet_nm": 36.0, "szobaszam_osszes": 1.0, "allapot_kod": 3, "is_felujitando": 0, "is_ujszeru_vagy_uj": 0, "is_panel": 0, "is_tegla": 1, "has_lift": 0, "has_klima": 1, "has_erkely": 0, "is_foldszint": 1, "is_zaroszint": 0, "epulet_kora_ev": 58.0, "geokodolt_lat": 47.490862, "geokodolt_lon": 19.135027, "minta_garantalt_pontos": 1, "tavolsag_vasut_m": 67.9, "vasut_zona": "<150 m", "is_vasut_immisszio_150m": 1, "tavolsag_vasut_halozati_m": 406.3, "menetido_vasut_gyalog_perc": 5.4, "vasut_5p_seta": 0, "vasut_10p_seta": 1, "vasut_15p_seta": 1, "url": "https://ingatlan.com/35502846", "title": "Eladó tégla lakás - Budapest X. kerület, Kolozsvári utca 39-43. #35502846", "postal_code": "1102", "varos": "Budapest", "utca": "Kolozsvári utca", "hazszam_vegleges": "39-43", "allapot": "jó állapotú", "ingatlan_altipus": "Tégla lakás", "epites_eve": 1968.0, "epites_eve_kategoria": "30-60 év (panel-korszak)", "erkely_nm": 0.0, "szobaszam_egesz": 1.0, "szobaszam_fel": 0.0, "szobaszam_kategoria": "1 szoba", "atlagos_szobameret_nm": 36.0, "emelet": "földszint", "emelet_szam": 0.0, "epulet_szintjei_szam": 4.0, "is_magas_emelet_lift_nelkul": 0, "futes": "hűtő-fűtő klíma, gáz (konvektor)", "futes_kategoria": null, "has_tavfutes": 0, "has_konvektor": 1, "has_megujulo": 0, "has_garazs_vagy_beallo": 0, "energetikai_tanusitvany": "H", "butorozott": null, "koltozheto": null, "min_berleti_ido": null, "kertkapcsolatos": "igen", "kozos_koltseg_huf": null, "rezsikoltseg_huf": null, "hirdeto_tipus": "Ingatlaniroda", "iroda_neve": null, "leiras_hossz": 1506.0, "fenykepek_szama": 4.0, "geokodolas_modszere": null, "geokodolas_pontossag": null, "price_eur": null, "nm_ar_eur": null, "kozos_koltseg_eur": null, "rezsikoltseg_eur": null, "kaucio_eur": null, "tavolsag_metro_halozati_m": 1907.1, "metro_5p_seta": 0, "metro_10p_seta": 0, "metro_15p_seta": 0, "tavolsag_villamos_halozati_m": 203.1, "villamos_5p_seta": 1, "villamos_10p_seta": 1, "villamos_15p_seta": 1, "tavolsag_busz_halozati_m": 290.8, "busz_5p_seta": 1, "busz_10p_seta": 1, "tavolsag_kotottpalya_halozati_m": 203.1, "kotottpalya_5p_seta": 1, "kotottpalya_10p_seta": 1, "kotottpalya_15p_seta": 1, "tavolsag_park_halozati_m": 113.0, "park_5p_seta": 1, "park_10p_seta": 1, "park_15p_seta": 1, "poi_5p_count": 19.0, "poi_10p_count": 41.0, "poi_15p_count": 71.0, "tavolsag_iskola_halozati_m": 1486.1, "iskola_5p_seta": 0, "iskola_10p_seta": 0, "iskola_15p_seta": 0, "tavolsag_ovoda_halozati_m": 488.1, "ovoda_5p_seta": 0, "ovoda_10p_seta": 1, "ovoda_15p_seta": 1, "tavolsag_bolt_halozati_m": 856.0, "bolt_5p_seta": 0, "bolt_10p_seta": 0, "bolt_15p_seta": 1, "tavolsag_gyogyszertar_halozati_m": 252.4, "gyogyszertar_5p_seta": 1, "gyogyszertar_10p_seta": 1, "gyogyszertar_15p_seta": 1, "tavolsag_orvos_halozati_m": 1962.0, "orvos_5p_seta": 0, "orvos_10p_seta": 0, "orvos_15p_seta": 0, "legkozelebbi_vasut": "Kőbánya felső", "legkozelebbi_metro": "", "legkozelebbi_villamos": "Kőbánya felső vasútállomás", "legkozelebbi_busz": "Kőbánya felső", "legkozelebbi_park": "Sajó Sándor tér", "legkozelebbi_kotottpalya_tipus": "villamos" }, "geometry": { "type": "Point", "coordinates": [ 19.135027, 47.490862 ] } },
{ "type": "Feature", "properties": { "listing_id": "35512428", "listing_type": "elado", "cim_teljes": "Budapest X. kerület, Szőlőhegy utca 12.", "varosresz": "Óhegy", "price_huf": 34900000.0, "ar_millio_ft": 34.9, "ar_ezer_ft_ho": 34900.0, "nm_ar_huf": 1292592.5925925926, "log_ar": 17.367997387172654, "log_nm_ar": 14.072160521168326, "is_ar_outlier": 0, "alapterulet_nm": 27.0, "korrigalt_alapterulet_nm": 27.0, "szobaszam_osszes": 1.0, "allapot_kod": 2, "is_felujitando": 1, "is_ujszeru_vagy_uj": 0, "is_panel": 0, "is_tegla": 1, "has_lift": 0, "has_klima": 0, "has_erkely": 0, "is_foldszint": 0, "is_zaroszint": 0, "epulet_kora_ev": 38.0, "geokodolt_lat": 47.481045, "geokodolt_lon": 19.150641, "minta_garantalt_pontos": 1, "tavolsag_vasut_m": 879.0, "vasut_zona": "500-1000 m", "is_vasut_immisszio_150m": 0, "tavolsag_vasut_halozati_m": 2054.8, "menetido_vasut_gyalog_perc": 27.4, "vasut_5p_seta": 0, "vasut_10p_seta": 0, "vasut_15p_seta": 0, "url": "https://ingatlan.com/35512428", "title": "Eladó tégla lakás - Budapest X. kerület, Szőlőhegy utca 12. #35512428", "postal_code": "1104", "varos": "Budapest", "utca": "Szőlőhegy utca", "hazszam_vegleges": "12", "allapot": "közepes állapotú", "ingatlan_altipus": "Tégla lakás", "epites_eve": 1988.0, "epites_eve_kategoria": "30-60 év (panel-korszak)", "erkely_nm": 0.0, "szobaszam_egesz": 1.0, "szobaszam_fel": 0.0, "szobaszam_kategoria": "1 szoba", "atlagos_szobameret_nm": 27.0, "emelet": "1", "emelet_szam": 1.0, "epulet_szintjei_szam": 4.0, "is_magas_emelet_lift_nelkul": 0, "futes": "házközponti", "futes_kategoria": null, "has_tavfutes": 0, "has_konvektor": 0, "has_megujulo": 0, "has_garazs_vagy_beallo": 0, "energetikai_tanusitvany": "nincs megadva", "butorozott": null, "koltozheto": null, "min_berleti_ido": null, "kertkapcsolatos": "nem", "kozos_koltseg_huf": 10.0, "rezsikoltseg_huf": 15000.0, "hirdeto_tipus": "Ingatlaniroda", "iroda_neve": null, "leiras_hossz": 218.0, "fenykepek_szama": 4.0, "geokodolas_modszere": null, "geokodolas_pontossag": null, "price_eur": null, "nm_ar_eur": null, "kozos_koltseg_eur": null, "rezsikoltseg_eur": null, "kaucio_eur": null, "tavolsag_metro_halozati_m": null, "metro_5p_seta": 0, "metro_10p_seta": 0, "metro_15p_seta": 0, "tavolsag_villamos_halozati_m": 629.0, "villamos_5p_seta": 0, "villamos_10p_seta": 1, "villamos_15p_seta": 1, "tavolsag_busz_halozati_m": 124.9, "busz_5p_seta": 1, "busz_10p_seta": 1, "tavolsag_kotottpalya_halozati_m": 629.0, "kotottpalya_5p_seta": 0, "kotottpalya_10p_seta": 1, "kotottpalya_15p_seta": 1, "tavolsag_park_halozati_m": 435.4, "park_5p_seta": 0, "park_10p_seta": 1, "park_15p_seta": 1, "poi_5p_count": 3.0, "poi_10p_count": 22.0, "poi_15p_count": 52.0, "tavolsag_iskola_halozati_m": 1347.6, "iskola_5p_seta": 0, "iskola_10p_seta": 0, "iskola_15p_seta": 0, "tavolsag_ovoda_halozati_m": 1599.0, "ovoda_5p_seta": 0, "ovoda_10p_seta": 0, "ovoda_15p_seta": 0, "tavolsag_bolt_halozati_m": 255.7, "bolt_5p_seta": 1, "bolt_10p_seta": 1, "bolt_15p_seta": 1, "tavolsag_gyogyszertar_halozati_m": 485.1, "gyogyszertar_5p_seta": 0, "gyogyszertar_10p_seta": 1, "gyogyszertar_15p_seta": 1, "tavolsag_orvos_halozati_m": 1154.6, "orvos_5p_seta": 0, "orvos_10p_seta": 0, "orvos_15p_seta": 0, "legkozelebbi_vasut": "Kőbánya alsó", "legkozelebbi_metro": "", "legkozelebbi_villamos": "Kocka utca", "legkozelebbi_busz": "Vörösdinka utca", "legkozelebbi_park": "Szabadidőpark", "legkozelebbi_kotottpalya_tipus": "villamos" }, "geometry": { "type": "Point", "coordinates": [ 19.150641, 47.481045 ] } },
{ "type": "Feature", "properties": { "listing_id": "35513329", "listing_type": "elado", "cim_teljes": "Budapest X. kerület, Kada utca 24.", "varosresz": "Óhegy", "price_huf": 33500000.0, "ar_millio_ft": 33.5, "ar_ezer_ft_ho": 33500.0, "nm_ar_huf": 858974.358974359, "log_ar": 17.327055996795295, "log_nm_ar": 13.663494350665648, "is_ar_outlier": 0, "alapterulet_nm": 39.0, "korrigalt_alapterulet_nm": 39.0, "szobaszam_osszes": 2.0, "allapot_kod": 1, "is_felujitando": 1, "is_ujszeru_vagy_uj": 0, "is_panel": 0, "is_tegla": 1, "has_lift": 0, "has_klima": 0, "has_erkely": 0, "is_foldszint": 1, "is_zaroszint": 0, "epulet_kora_ev": 96.0, "geokodolt_lat": 47.472003, "geokodolt_lon": 19.142399, "minta_garantalt_pontos": 1, "tavolsag_vasut_m": 454.7, "vasut_zona": "300-500 m", "is_vasut_immisszio_150m": 0, "tavolsag_vasut_halozati_m": 1592.8, "menetido_vasut_gyalog_perc": 21.2, "vasut_5p_seta": 0, "vasut_10p_seta": 0, "vasut_15p_seta": 0, "url": "https://ingatlan.com/35513329", "title": "Eladó tégla lakás - Budapest X. kerület, Kada utca 24. #35513329", "postal_code": "1106", "varos": "Budapest", "utca": "Kada utca", "hazszam_vegleges": "24", "allapot": "felújítandó", "ingatlan_altipus": "Tégla lakás", "epites_eve": 1930.0, "epites_eve_kategoria": "60+ év (háború előtti)", "erkely_nm": 0.0, "szobaszam_egesz": 2.0, "szobaszam_fel": 0.0, "szobaszam_kategoria": "2 szoba", "atlagos_szobameret_nm": 19.5, "emelet": "földszint", "emelet_szam": 0.0, "epulet_szintjei_szam": 0.0, "is_magas_emelet_lift_nelkul": 0, "futes": "gáz (konvektor)", "futes_kategoria": null, "has_tavfutes": 0, "has_konvektor": 1, "has_megujulo": 0, "has_garazs_vagy_beallo": 0, "energetikai_tanusitvany": "I", "butorozott": null, "koltozheto": null, "min_berleti_ido": null, "kertkapcsolatos": "igen", "kozos_koltseg_huf": 14.0, "rezsikoltseg_huf": null, "hirdeto_tipus": "Ingatlaniroda", "iroda_neve": null, "leiras_hossz": 853.0, "fenykepek_szama": 2.0, "geokodolas_modszere": null, "geokodolas_pontossag": null, "price_eur": null, "nm_ar_eur": null, "kozos_koltseg_eur": null, "rezsikoltseg_eur": null, "kaucio_eur": null, "tavolsag_metro_halozati_m": 1598.7, "metro_5p_seta": 0, "metro_10p_seta": 0, "metro_15p_seta": 0, "tavolsag_villamos_halozati_m": 1567.2, "villamos_5p_seta": 0, "villamos_10p_seta": 0, "villamos_15p_seta": 0, "tavolsag_busz_halozati_m": 258.7, "busz_5p_seta": 1, "busz_10p_seta": 1, "tavolsag_kotottpalya_halozati_m": 1567.2, "kotottpalya_5p_seta": 0, "kotottpalya_10p_seta": 0, "kotottpalya_15p_seta": 0, "tavolsag_park_halozati_m": 486.3, "park_5p_seta": 0, "park_10p_seta": 1, "park_15p_seta": 1, "poi_5p_count": 6.0, "poi_10p_count": 28.0, "poi_15p_count": 43.0, "tavolsag_iskola_halozati_m": 1568.1, "iskola_5p_seta": 0, "iskola_10p_seta": 0, "iskola_15p_seta": 0, "tavolsag_ovoda_halozati_m": null, "ovoda_5p_seta": 0, "ovoda_10p_seta": 0, "ovoda_15p_seta": 0, "tavolsag_bolt_halozati_m": 629.6, "bolt_5p_seta": 0, "bolt_10p_seta": 1, "bolt_15p_seta": 1, "tavolsag_gyogyszertar_halozati_m": 777.8, "gyogyszertar_5p_seta": 0, "gyogyszertar_10p_seta": 0, "gyogyszertar_15p_seta": 1, "tavolsag_orvos_halozati_m": 2017.2, "orvos_5p_seta": 0, "orvos_10p_seta": 0, "orvos_15p_seta": 0, "legkozelebbi_vasut": "Kőbánya-Kispest", "legkozelebbi_metro": "", "legkozelebbi_villamos": "Kápolna utca", "legkozelebbi_busz": "Gyömrői út", "legkozelebbi_park": "Névtelen zöldfelület / park", "legkozelebbi_kotottpalya_tipus": "villamos" }, "geometry": { "type": "Point", "coordinates": [ 19.142399, 47.472003 ] } },
{ "type": "Feature", "properties": { "listing_id": "35513622", "listing_type": "elado", "cim_teljes": "Budapest X. kerület, Gyógyszergyári utca 8.", "varosresz": "Felsőrákos", "price_huf": 89900000.0, "ar_millio_ft": 89.9, "ar_ezer_ft_ho": 89900.0, "nm_ar_huf": 1362121.2121212122, "log_ar": 18.31420849944185, "log_nm_ar": 14.124553757415423, "is_ar_outlier": 0, "alapterulet_nm": 66.0, "korrigalt_alapterulet_nm": 74.0, "szobaszam_osszes": 3.0, "allapot_kod": 3, "is_felujitando": 0, "is_ujszeru_vagy_uj": 0, "is_panel": 0, "is_tegla": 1, "has_lift": 1, "has_klima": 1, "has_erkely": 1, "is_foldszint": 0, "is_zaroszint": 0, "epulet_kora_ev": 0.0, "geokodolt_lat": 47.49801, "geokodolt_lon": 19.142693, "minta_garantalt_pontos": 1, "tavolsag_vasut_m": 553.3, "vasut_zona": "500-1000 m", "is_vasut_immisszio_150m": 0, "tavolsag_vasut_halozati_m": 1194.2, "menetido_vasut_gyalog_perc": 15.9, "vasut_5p_seta": 0, "vasut_10p_seta": 0, "vasut_15p_seta": 0, "url": "https://ingatlan.com/35513622", "title": "Eladó tégla lakás - Budapest X. kerület, Gyógyszergyári utca 8. #35513622", "postal_code": "1106", "varos": "Budapest", "utca": "Gyógyszergyári utca", "hazszam_vegleges": "8", "allapot": "nincs megadva", "ingatlan_altipus": "Tégla lakás", "epites_eve": 2026.0, "epites_eve_kategoria": "Új építésű (2025+)", "erkely_nm": 16.0, "szobaszam_egesz": 3.0, "szobaszam_fel": 0.0, "szobaszam_kategoria": "3 szoba", "atlagos_szobameret_nm": 22.0, "emelet": "1", "emelet_szam": 1.0, "epulet_szintjei_szam": 5.0, "is_magas_emelet_lift_nelkul": 0, "futes": "távfűtés egyedi méréssel, padlófűtés", "futes_kategoria": null, "has_tavfutes": 1, "has_konvektor": 0, "has_megujulo": 0, "has_garazs_vagy_beallo": 0, "energetikai_tanusitvany": "A+", "butorozott": null, "koltozheto": null, "min_berleti_ido": null, "kertkapcsolatos": "nem", "kozos_koltseg_huf": 70000.0, "rezsikoltseg_huf": 3000.0, "hirdeto_tipus": "Ingatlaniroda", "iroda_neve": null, "leiras_hossz": 2662.0, "fenykepek_szama": 4.0, "geokodolas_modszere": null, "geokodolas_pontossag": null, "price_eur": null, "nm_ar_eur": null, "kozos_koltseg_eur": null, "rezsikoltseg_eur": null, "kaucio_eur": null, "tavolsag_metro_halozati_m": 1096.3, "metro_5p_seta": 0, "metro_10p_seta": 0, "metro_15p_seta": 1, "tavolsag_villamos_halozati_m": 463.5, "villamos_5p_seta": 0, "villamos_10p_seta": 1, "villamos_15p_seta": 1, "tavolsag_busz_halozati_m": 724.5, "busz_5p_seta": 0, "busz_10p_seta": 1, "tavolsag_kotottpalya_halozati_m": 463.5, "kotottpalya_5p_seta": 0, "kotottpalya_10p_seta": 1, "kotottpalya_15p_seta": 1, "tavolsag_park_halozati_m": 600.2, "park_5p_seta": 0, "park_10p_seta": 1, "park_15p_seta": 1, "poi_5p_count": 0.0, "poi_10p_count": 7.0, "poi_15p_count": 52.0, "tavolsag_iskola_halozati_m": 1212.4, "iskola_5p_seta": 0, "iskola_10p_seta": 0, "iskola_15p_seta": 0, "tavolsag_ovoda_halozati_m": 1747.4, "ovoda_5p_seta": 0, "ovoda_10p_seta": 0, "ovoda_15p_seta": 0, "tavolsag_bolt_halozati_m": 1044.5, "bolt_5p_seta": 0, "bolt_10p_seta": 0, "bolt_15p_seta": 1, "tavolsag_gyogyszertar_halozati_m": 837.3, "gyogyszertar_5p_seta": 0, "gyogyszertar_10p_seta": 0, "gyogyszertar_15p_seta": 1, "tavolsag_orvos_halozati_m": 1098.3, "orvos_5p_seta": 0, "orvos_10p_seta": 0, "orvos_15p_seta": 1, "legkozelebbi_vasut": "Örs vezér tere", "legkozelebbi_metro": "", "legkozelebbi_villamos": "Kincsem lakópark", "legkozelebbi_busz": "Fehér úti ipari park", "legkozelebbi_park": "Erdélyi emlékkert", "legkozelebbi_kotottpalya_tipus": "villamos" }, "geometry": { "type": "Point", "coordinates": [ 19.142693, 47.49801 ] } },
{ "type": "Feature", "properties": { "listing_id": "35514420", "listing_type": "elado", "cim_teljes": "Budapest X. kerület, Gőzmozdony utca 12.", "varosresz": "Újhegy", "price_huf": 65000000.0, "ar_millio_ft": 65.0, "ar_ezer_ft_ho": 65000.0, "nm_ar_huf": 1181818.1818181819, "log_ar": 17.98989782785991, "log_nm_ar": 13.982564642627441, "is_ar_outlier": 0, "alapterulet_nm": 55.0, "korrigalt_alapterulet_nm": 55.0, "szobaszam_osszes": 2.0, "allapot_kod": 2, "is_felujitando": 1, "is_ujszeru_vagy_uj": 0, "is_panel": 1, "is_tegla": 0, "has_lift": 1, "has_klima": 0, "has_erkely": 0, "is_foldszint": 0, "is_zaroszint": 0, "epulet_kora_ev": 58.0, "geokodolt_lat": 47.468282, "geokodolt_lon": 19.158879, "minta_garantalt_pontos": 1, "tavolsag_vasut_m": 655.0, "vasut_zona": "500-1000 m", "is_vasut_immisszio_150m": 0, "tavolsag_vasut_halozati_m": 1193.5, "menetido_vasut_gyalog_perc": 15.9, "vasut_5p_seta": 0, "vasut_10p_seta": 0, "vasut_15p_seta": 0, "url": "https://ingatlan.com/35514420", "title": "Eladó panel lakás - Budapest X. kerület, Gőzmozdony utca 12. #35514420", "postal_code": "1108", "varos": "Budapest", "utca": "Gőzmozdony utca", "hazszam_vegleges": "12", "allapot": "közepes állapotú", "ingatlan_altipus": "Panel lakás", "epites_eve": 1968.0, "epites_eve_kategoria": "30-60 év (panel-korszak)", "erkely_nm": 0.0, "szobaszam_egesz": 2.0, "szobaszam_fel": 0.0, "szobaszam_kategoria": "2 szoba", "atlagos_szobameret_nm": 27.5, "emelet": "5", "emelet_szam": 5.0, "epulet_szintjei_szam": 10.0, "is_magas_emelet_lift_nelkul": 0, "futes": "távfűtés egyedi méréssel", "futes_kategoria": null, "has_tavfutes": 1, "has_konvektor": 0, "has_megujulo": 0, "has_garazs_vagy_beallo": 0, "energetikai_tanusitvany": "E", "butorozott": null, "koltozheto": null, "min_berleti_ido": null, "kertkapcsolatos": "nem", "kozos_koltseg_huf": 18700.0, "rezsikoltseg_huf": null, "hirdeto_tipus": "Ingatlaniroda", "iroda_neve": null, "leiras_hossz": 562.0, "fenykepek_szama": 2.0, "geokodolas_modszere": null, "geokodolas_pontossag": null, "price_eur": null, "nm_ar_eur": null, "kozos_koltseg_eur": null, "rezsikoltseg_eur": null, "kaucio_eur": null, "tavolsag_metro_halozati_m": 1199.5, "metro_5p_seta": 0, "metro_10p_seta": 0, "metro_15p_seta": 0, "tavolsag_villamos_halozati_m": 1334.4, "villamos_5p_seta": 0, "villamos_10p_seta": 0, "villamos_15p_seta": 0, "tavolsag_busz_halozati_m": 182.1, "busz_5p_seta": 1, "busz_10p_seta": 1, "tavolsag_kotottpalya_halozati_m": 1193.5, "kotottpalya_5p_seta": 0, "kotottpalya_10p_seta": 0, "kotottpalya_15p_seta": 0, "tavolsag_park_halozati_m": 243.4, "park_5p_seta": 1, "park_10p_seta": 1, "park_15p_seta": 1, "poi_5p_count": 8.0, "poi_10p_count": 32.0, "poi_15p_count": 57.0, "tavolsag_iskola_halozati_m": null, "iskola_5p_seta": 0, "iskola_10p_seta": 0, "iskola_15p_seta": 0, "tavolsag_ovoda_halozati_m": null, "ovoda_5p_seta": 0, "ovoda_10p_seta": 0, "ovoda_15p_seta": 0, "tavolsag_bolt_halozati_m": 193.2, "bolt_5p_seta": 1, "bolt_10p_seta": 1, "bolt_15p_seta": 1, "tavolsag_gyogyszertar_halozati_m": 365.5, "gyogyszertar_5p_seta": 1, "gyogyszertar_10p_seta": 1, "gyogyszertar_15p_seta": 1, "tavolsag_orvos_halozati_m": 1553.3, "orvos_5p_seta": 0, "orvos_10p_seta": 0, "orvos_15p_seta": 0, "legkozelebbi_vasut": "Kőbánya-Kispest", "legkozelebbi_metro": "", "legkozelebbi_villamos": "Venyige utca", "legkozelebbi_busz": "Bányató utca", "legkozelebbi_park": "Gőzmozdony park", "legkozelebbi_kotottpalya_tipus": "vasut" }, "geometry": { "type": "Point", "coordinates": [ 19.158879, 47.468282 ] } },
{ "type": "Feature", "properties": { "listing_id": "35515946", "listing_type": "elado", "cim_teljes": "Budapest X. kerület, Bihari utca 16.", "varosresz": "Gyárdűlő", "price_huf": 35000000.0, "ar_millio_ft": 35.0, "ar_ezer_ft_ho": 35000.0, "nm_ar_huf": 853658.53658536589, "log_ar": 17.370858619453688, "log_nm_ar": 13.65728655274938, "is_ar_outlier": 0, "alapterulet_nm": 41.0, "korrigalt_alapterulet_nm": 41.0, "szobaszam_osszes": 1.0, "allapot_kod": 4, "is_felujitando": 0, "is_ujszeru_vagy_uj": 0, "is_panel": 0, "is_tegla": 1, "has_lift": 0, "has_klima": 0, "has_erkely": 0, "is_foldszint": 1, "is_zaroszint": 0, "epulet_kora_ev": null, "geokodolt_lat": 47.4794, "geokodolt_lon": 19.12421, "minta_garantalt_pontos": 1, "tavolsag_vasut_m": 255.6, "vasut_zona": "150-300 m", "is_vasut_immisszio_150m": 0, "tavolsag_vasut_halozati_m": 594.3, "menetido_vasut_gyalog_perc": 7.9, "vasut_5p_seta": 0, "vasut_10p_seta": 1, "vasut_15p_seta": 1, "url": "https://ingatlan.com/35515946", "title": "Eladó tégla lakás - Budapest X. kerület, Bihari utca 16. #35515946", "postal_code": "1107", "varos": "Budapest", "utca": "Bihari utca", "hazszam_vegleges": "16", "allapot": "felújított", "ingatlan_altipus": "Tégla lakás", "epites_eve": null, "epites_eve_kategoria": "Ismeretlen", "erkely_nm": 0.0, "szobaszam_egesz": 1.0, "szobaszam_fel": 0.0, "szobaszam_kategoria": "1 szoba", "atlagos_szobameret_nm": 41.0, "emelet": "földszint", "emelet_szam": 0.0, "epulet_szintjei_szam": 2.0, "is_magas_emelet_lift_nelkul": 0, "futes": "nincs megadva", "futes_kategoria": null, "has_tavfutes": 0, "has_konvektor": 0, "has_megujulo": 0, "has_garazs_vagy_beallo": 0, "energetikai_tanusitvany": "nincs megadva", "butorozott": null, "koltozheto": null, "min_berleti_ido": null, "kertkapcsolatos": "nincs megadva", "kozos_koltseg_huf": null, "rezsikoltseg_huf": null, "hirdeto_tipus": "Ingatlaniroda", "iroda_neve": null, "leiras_hossz": 805.0, "fenykepek_szama": 2.0, "geokodolas_modszere": null, "geokodolas_pontossag": null, "price_eur": null, "nm_ar_eur": null, "kozos_koltseg_eur": null, "rezsikoltseg_eur": null, "kaucio_eur": null, "tavolsag_metro_halozati_m": 1383.7, "metro_5p_seta": 0, "metro_10p_seta": 0, "metro_15p_seta": 0, "tavolsag_villamos_halozati_m": 73.1, "villamos_5p_seta": 1, "villamos_10p_seta": 1, "villamos_15p_seta": 1, "tavolsag_busz_halozati_m": 82.1, "busz_5p_seta": 1, "busz_10p_seta": 1, "tavolsag_kotottpalya_halozati_m": 73.1, "kotottpalya_5p_seta": 1, "kotottpalya_10p_seta": 1, "kotottpalya_15p_seta": 1, "tavolsag_park_halozati_m": 730.3, "park_5p_seta": 0, "park_10p_seta": 1, "park_15p_seta": 1, "poi_5p_count": 8.0, "poi_10p_count": 53.0, "poi_15p_count": 91.0, "tavolsag_iskola_halozati_m": 629.6, "iskola_5p_seta": 0, "iskola_10p_seta": 1, "iskola_15p_seta": 1, "tavolsag_ovoda_halozati_m": 1522.7, "ovoda_5p_seta": 0, "ovoda_10p_seta": 0, "ovoda_15p_seta": 0, "tavolsag_bolt_halozati_m": 42.1, "bolt_5p_seta": 1, "bolt_10p_seta": 1, "bolt_15p_seta": 1, "tavolsag_gyogyszertar_halozati_m": 736.0, "gyogyszertar_5p_seta": 0, "gyogyszertar_10p_seta": 1, "gyogyszertar_15p_seta": 1, "tavolsag_orvos_halozati_m": 1912.1, "orvos_5p_seta": 0, "orvos_10p_seta": 0, "orvos_15p_seta": 0, "legkozelebbi_vasut": "Kőbánya alsó", "legkozelebbi_metro": "", "legkozelebbi_villamos": "Kocsis Sándor Sportközpont", "legkozelebbi_busz": "", "legkozelebbi_park": "Hargitai sétányi park", "legkozelebbi_kotottpalya_tipus": "villamos" }, "geometry": { "type": "Point", "coordinates": [ 19.12421, 47.4794 ] } },
{ "type": "Feature", "properties": { "listing_id": "35516258", "listing_type": "elado", "cim_teljes": "Budapest X. kerület, Bihari utca 5.", "varosresz": "Gyárdűlő", "price_huf": 51900000.0, "ar_millio_ft": 51.9, "ar_ezer_ft_ho": 51900.0, "nm_ar_huf": 1482857.142857143, "log_ar": 17.764829348136118, "log_nm_ar": 14.209481286646703, "is_ar_outlier": 0, "alapterulet_nm": 35.0, "korrigalt_alapterulet_nm": 35.0, "szobaszam_osszes": 2.0, "allapot_kod": 4, "is_felujitando": 0, "is_ujszeru_vagy_uj": 0, "is_panel": 1, "is_tegla": 0, "has_lift": 1, "has_klima": 1, "has_erkely": 0, "is_foldszint": 0, "is_zaroszint": 0, "epulet_kora_ev": 58.0, "geokodolt_lat": 47.473273, "geokodolt_lon": 19.11555, "minta_garantalt_pontos": 1, "tavolsag_vasut_m": 256.2, "vasut_zona": "150-300 m", "is_vasut_immisszio_150m": 0, "tavolsag_vasut_halozati_m": 1533.0, "menetido_vasut_gyalog_perc": 20.4, "vasut_5p_seta": 0, "vasut_10p_seta": 0, "vasut_15p_seta": 0, "url": "https://ingatlan.com/35516258", "title": "Eladó panel lakás - Budapest X. kerület, Bihari utca 5. #35516258", "postal_code": "1107", "varos": "Budapest", "utca": "Bihari utca", "hazszam_vegleges": "5", "allapot": "felújított", "ingatlan_altipus": "Panel lakás", "epites_eve": 1968.0, "epites_eve_kategoria": "30-60 év (panel-korszak)", "erkely_nm": 0.0, "szobaszam_egesz": 2.0, "szobaszam_fel": 0.0, "szobaszam_kategoria": "2 szoba", "atlagos_szobameret_nm": 17.5, "emelet": "3", "emelet_szam": 3.0, "epulet_szintjei_szam": 10.0, "is_magas_emelet_lift_nelkul": 0, "futes": "távfűtés egyedi méréssel", "futes_kategoria": null, "has_tavfutes": 1, "has_konvektor": 0, "has_megujulo": 0, "has_garazs_vagy_beallo": 0, "energetikai_tanusitvany": "A", "butorozott": null, "koltozheto": null, "min_berleti_ido": null, "kertkapcsolatos": "nem", "kozos_koltseg_huf": 7000.0, "rezsikoltseg_huf": null, "hirdeto_tipus": "Ingatlaniroda", "iroda_neve": null, "leiras_hossz": 1676.0, "fenykepek_szama": 4.0, "geokodolas_modszere": null, "geokodolas_pontossag": null, "price_eur": null, "nm_ar_eur": null, "kozos_koltseg_eur": null, "rezsikoltseg_eur": null, "kaucio_eur": null, "tavolsag_metro_halozati_m": 461.5, "metro_5p_seta": 0, "metro_10p_seta": 1, "metro_15p_seta": 1, "tavolsag_villamos_halozati_m": 103.0, "villamos_5p_seta": 1, "villamos_10p_seta": 1, "villamos_15p_seta": 1, "tavolsag_busz_halozati_m": 485.5, "busz_5p_seta": 0, "busz_10p_seta": 1, "tavolsag_kotottpalya_halozati_m": 103.0, "kotottpalya_5p_seta": 1, "kotottpalya_10p_seta": 1, "kotottpalya_15p_seta": 1, "tavolsag_park_halozati_m": 186.6, "park_5p_seta": 1, "park_10p_seta": 1, "park_15p_seta": 1, "poi_5p_count": 4.0, "poi_10p_count": 41.0, "poi_15p_count": 85.0, "tavolsag_iskola_halozati_m": 1035.1, "iskola_5p_seta": 0, "iskola_10p_seta": 0, "iskola_15p_seta": 1, "tavolsag_ovoda_halozati_m": 791.2, "ovoda_5p_seta": 0, "ovoda_10p_seta": 0, "ovoda_15p_seta": 1, "tavolsag_bolt_halozati_m": 391.6, "bolt_5p_seta": 0, "bolt_10p_seta": 1, "bolt_15p_seta": 1, "tavolsag_gyogyszertar_halozati_m": 331.7, "gyogyszertar_5p_seta": 1, "gyogyszertar_10p_seta": 1, "gyogyszertar_15p_seta": 1, "tavolsag_orvos_halozati_m": 1009.4, "orvos_5p_seta": 0, "orvos_10p_seta": 0, "orvos_15p_seta": 1, "legkozelebbi_vasut": "Kőbánya alsó", "legkozelebbi_metro": "", "legkozelebbi_villamos": "Balkán utca", "legkozelebbi_busz": "Fertő utca / Bihari utca", "legkozelebbi_park": "Kékvirág park", "legkozelebbi_kotottpalya_tipus": "villamos" }, "geometry": { "type": "Point", "coordinates": [ 19.11555, 47.473273 ] } },
{ "type": "Feature", "properties": { "listing_id": "35516329", "listing_type": "elado", "cim_teljes": "Budapest X. kerület, Kisbacon utca 3.", "varosresz": "Laposdűlő", "price_huf": 60900000.0, "ar_millio_ft": 60.9, "ar_ezer_ft_ho": 60900.0, "nm_ar_huf": 1127777.7777777778, "log_ar": 17.924743732680124, "log_nm_ar": 13.935759686115851, "is_ar_outlier": 0, "alapterulet_nm": 54.0, "korrigalt_alapterulet_nm": 55.0, "szobaszam_osszes": 2.0, "allapot_kod": 3, "is_felujitando": 0, "is_ujszeru_vagy_uj": 0, "is_panel": 0, "is_tegla": 1, "has_lift": 0, "has_klima": 0, "has_erkely": 1, "is_foldszint": 1, "is_zaroszint": 0, "epulet_kora_ev": 38.0, "geokodolt_lat": 47.486193, "geokodolt_lon": 19.123621, "minta_garantalt_pontos": 1, "tavolsag_vasut_m": 66.9, "vasut_zona": "<150 m", "is_vasut_immisszio_150m": 1, "tavolsag_vasut_halozati_m": 524.9, "menetido_vasut_gyalog_perc": 7.0, "vasut_5p_seta": 0, "vasut_10p_seta": 1, "vasut_15p_seta": 1, "url": "https://ingatlan.com/35516329", "title": "Eladó tégla lakás - Budapest X. kerület, Kisbacon utca 3. #35516329", "postal_code": "1101", "varos": "Budapest", "utca": "Kisbacon utca", "hazszam_vegleges": "3", "allapot": "jó állapotú", "ingatlan_altipus": "Tégla lakás", "epites_eve": 1988.0, "epites_eve_kategoria": "30-60 év (panel-korszak)", "erkely_nm": 2.0, "szobaszam_egesz": 2.0, "szobaszam_fel": 0.0, "szobaszam_kategoria": "2 szoba", "atlagos_szobameret_nm": 27.0, "emelet": "földszint", "emelet_szam": 0.0, "epulet_szintjei_szam": 2.0, "is_magas_emelet_lift_nelkul": 0, "futes": "gáz (konvektor), elektromos fűtőpanel", "futes_kategoria": null, "has_tavfutes": 0, "has_konvektor": 1, "has_megujulo": 0, "has_garazs_vagy_beallo": 0, "energetikai_tanusitvany": "B", "butorozott": null, "koltozheto": null, "min_berleti_ido": null, "kertkapcsolatos": "igen", "kozos_koltseg_huf": 23000.0, "rezsikoltseg_huf": 20000.0, "hirdeto_tipus": "Ingatlaniroda", "iroda_neve": null, "leiras_hossz": 1435.0, "fenykepek_szama": 4.0, "geokodolas_modszere": null, "geokodolas_pontossag": null, "price_eur": null, "nm_ar_eur": null, "kozos_koltseg_eur": null, "rezsikoltseg_eur": null, "kaucio_eur": null, "tavolsag_metro_halozati_m": null, "metro_5p_seta": 0, "metro_10p_seta": 0, "metro_15p_seta": 0, "tavolsag_villamos_halozati_m": 416.7, "villamos_5p_seta": 0, "villamos_10p_seta": 1, "villamos_15p_seta": 1, "tavolsag_busz_halozati_m": 103.3, "busz_5p_seta": 1, "busz_10p_seta": 1, "tavolsag_kotottpalya_halozati_m": 416.7, "kotottpalya_5p_seta": 0, "kotottpalya_10p_seta": 1, "kotottpalya_15p_seta": 1, "tavolsag_park_halozati_m": 303.3, "park_5p_seta": 1, "park_10p_seta": 1, "park_15p_seta": 1, "poi_5p_count": 5.0, "poi_10p_count": 47.0, "poi_15p_count": 98.0, "tavolsag_iskola_halozati_m": 431.3, "iskola_5p_seta": 0, "iskola_10p_seta": 1, "iskola_15p_seta": 1, "tavolsag_ovoda_halozati_m": 874.8, "ovoda_5p_seta": 0, "ovoda_10p_seta": 0, "ovoda_15p_seta": 1, "tavolsag_bolt_halozati_m": 181.5, "bolt_5p_seta": 1, "bolt_10p_seta": 1, "bolt_15p_seta": 1, "tavolsag_gyogyszertar_halozati_m": 365.7, "gyogyszertar_5p_seta": 1, "gyogyszertar_10p_seta": 1, "gyogyszertar_15p_seta": 1, "tavolsag_orvos_halozati_m": 2074.9, "orvos_5p_seta": 0, "orvos_10p_seta": 0, "orvos_15p_seta": 0, "legkozelebbi_vasut": "Kőbánya alsó", "legkozelebbi_metro": "", "legkozelebbi_villamos": "Mázsa utca", "legkozelebbi_busz": "Kistorony park", "legkozelebbi_park": "Hargitai sétányi park", "legkozelebbi_kotottpalya_tipus": "villamos" }, "geometry": { "type": "Point", "coordinates": [ 19.123621, 47.486193 ] } },
{ "type": "Feature", "properties": { "listing_id": "35520278", "listing_type": "elado", "cim_teljes": "Budapest X. kerület, Sörgyár utca 22.", "varosresz": "Óhegy", "price_huf": 66000000.0, "ar_millio_ft": 66.0, "ar_ezer_ft_ho": 66000.0, "nm_ar_huf": 1269230.7692307692, "log_ar": 18.005165299990701, "log_nm_ar": 14.053921581409272, "is_ar_outlier": 0, "alapterulet_nm": 52.0, "korrigalt_alapterulet_nm": 54.0, "szobaszam_osszes": 3.0, "allapot_kod": 2, "is_felujitando": 1, "is_ujszeru_vagy_uj": 0, "is_panel": 0, "is_tegla": 1, "has_lift": 0, "has_klima": 1, "has_erkely": 1, "is_foldszint": 0, "is_zaroszint": 0, "epulet_kora_ev": 21.0, "geokodolt_lat": 47.484355, "geokodolt_lon": 19.151046, "minta_garantalt_pontos": 1, "tavolsag_vasut_m": 790.7, "vasut_zona": "500-1000 m", "is_vasut_immisszio_150m": 0, "tavolsag_vasut_halozati_m": 2007.1, "menetido_vasut_gyalog_perc": 26.8, "vasut_5p_seta": 0, "vasut_10p_seta": 0, "vasut_15p_seta": 0, "url": "https://ingatlan.com/35520278", "title": "Eladó tégla lakás - Budapest X. kerület, Sörgyár utca 22. #35520278", "postal_code": "1104", "varos": "Budapest", "utca": "Sörgyár utca", "hazszam_vegleges": "22", "allapot": "közepes állapotú", "ingatlan_altipus": "Tégla lakás", "epites_eve": 2005.0, "epites_eve_kategoria": "10-30 év (rendszerváltás utáni)", "erkely_nm": 4.0, "szobaszam_egesz": 3.0, "szobaszam_fel": 0.0, "szobaszam_kategoria": "3 szoba", "atlagos_szobameret_nm": 17.333333333333332, "emelet": "2", "emelet_szam": 2.0, "epulet_szintjei_szam": 3.0, "is_magas_emelet_lift_nelkul": 0, "futes": "gázkazán", "futes_kategoria": null, "has_tavfutes": 0, "has_konvektor": 1, "has_megujulo": 0, "has_garazs_vagy_beallo": 0, "energetikai_tanusitvany": "nincs megadva", "butorozott": null, "koltozheto": null, "min_berleti_ido": null, "kertkapcsolatos": "nincs megadva", "kozos_koltseg_huf": null, "rezsikoltseg_huf": null, "hirdeto_tipus": "Ingatlaniroda", "iroda_neve": null, "leiras_hossz": 2427.0, "fenykepek_szama": 4.0, "geokodolas_modszere": null, "geokodolas_pontossag": null, "price_eur": null, "nm_ar_eur": null, "kozos_koltseg_eur": null, "rezsikoltseg_eur": null, "kaucio_eur": null, "tavolsag_metro_halozati_m": null, "metro_5p_seta": 0, "metro_10p_seta": 0, "metro_15p_seta": 0, "tavolsag_villamos_halozati_m": 494.3, "villamos_5p_seta": 0, "villamos_10p_seta": 1, "villamos_15p_seta": 1, "tavolsag_busz_halozati_m": 334.3, "busz_5p_seta": 1, "busz_10p_seta": 1, "tavolsag_kotottpalya_halozati_m": 494.3, "kotottpalya_5p_seta": 0, "kotottpalya_10p_seta": 1, "kotottpalya_15p_seta": 1, "tavolsag_park_halozati_m": 681.2, "park_5p_seta": 0, "park_10p_seta": 1, "park_15p_seta": 1, "poi_5p_count": 1.0, "poi_10p_count": 17.0, "poi_15p_count": 49.0, "tavolsag_iskola_halozati_m": 1416.9, "iskola_5p_seta": 0, "iskola_10p_seta": 0, "iskola_15p_seta": 0, "tavolsag_ovoda_halozati_m": 1595.1, "ovoda_5p_seta": 0, "ovoda_10p_seta": 0, "ovoda_15p_seta": 0, "tavolsag_bolt_halozati_m": 557.6, "bolt_5p_seta": 0, "bolt_10p_seta": 1, "bolt_15p_seta": 1, "tavolsag_gyogyszertar_halozati_m": 787.0, "gyogyszertar_5p_seta": 0, "gyogyszertar_10p_seta": 0, "gyogyszertar_15p_seta": 1, "tavolsag_orvos_halozati_m": 1123.8, "orvos_5p_seta": 0, "orvos_10p_seta": 0, "orvos_15p_seta": 1, "legkozelebbi_vasut": "Rákos", "legkozelebbi_metro": "", "legkozelebbi_villamos": "Gitár utca", "legkozelebbi_busz": "Mádi köz", "legkozelebbi_park": "Óhegy park", "legkozelebbi_kotottpalya_tipus": "villamos" }, "geometry": { "type": "Point", "coordinates": [ 19.151046, 47.484355 ] } },
{ "type": "Feature", "properties": { "listing_id": "35530321", "listing_type": "elado", "cim_teljes": "Budapest X. kerület, Gépmadár utca 5.", "varosresz": "Felsőrákos", "price_huf": 71900000.0, "ar_millio_ft": 71.9, "ar_ezer_ft_ho": 71900.0, "nm_ar_huf": 1331481.4814814816, "log_ar": 18.090786822691275, "log_nm_ar": 14.101802776127, "is_ar_outlier": 0, "alapterulet_nm": 54.0, "korrigalt_alapterulet_nm": 55.5, "szobaszam_osszes": 3.0, "allapot_kod": 4, "is_felujitando": 0, "is_ujszeru_vagy_uj": 0, "is_panel": 1, "is_tegla": 0, "has_lift": 1, "has_klima": 0, "has_erkely": 1, "is_foldszint": 0, "is_zaroszint": 0, "epulet_kora_ev": 58.0, "geokodolt_lat": 47.502895, "geokodolt_lon": 19.143097, "minta_garantalt_pontos": 1, "tavolsag_vasut_m": 135.4, "vasut_zona": "<150 m", "is_vasut_immisszio_150m": 1, "tavolsag_vasut_halozati_m": 561.0, "menetido_vasut_gyalog_perc": 7.5, "vasut_5p_seta": 0, "vasut_10p_seta": 1, "vasut_15p_seta": 1, "url": "https://ingatlan.com/35530321", "title": "Eladó panel lakás - Budapest X. kerület, Gépmadár utca 5. #35530321", "postal_code": "1106", "varos": "Budapest", "utca": "Gépmadár utca", "hazszam_vegleges": "5", "allapot": "felújított", "ingatlan_altipus": "Panel lakás", "epites_eve": 1968.0, "epites_eve_kategoria": "30-60 év (panel-korszak)", "erkely_nm": 3.0, "szobaszam_egesz": 3.0, "szobaszam_fel": 0.0, "szobaszam_kategoria": "3 szoba", "atlagos_szobameret_nm": 18.0, "emelet": "3", "emelet_szam": 3.0, "epulet_szintjei_szam": 10.0, "is_magas_emelet_lift_nelkul": 0, "futes": "távfűtés", "futes_kategoria": null, "has_tavfutes": 1, "has_konvektor": 0, "has_megujulo": 0, "has_garazs_vagy_beallo": 0, "energetikai_tanusitvany": "nincs megadva", "butorozott": null, "koltozheto": null, "min_berleti_ido": null, "kertkapcsolatos": "nem", "kozos_koltseg_huf": null, "rezsikoltseg_huf": null, "hirdeto_tipus": "Ingatlaniroda", "iroda_neve": null, "leiras_hossz": 2312.0, "fenykepek_szama": 2.0, "geokodolas_modszere": null, "geokodolas_pontossag": null, "price_eur": null, "nm_ar_eur": null, "kozos_koltseg_eur": null, "rezsikoltseg_eur": null, "kaucio_eur": null, "tavolsag_metro_halozati_m": 757.5, "metro_5p_seta": 0, "metro_10p_seta": 0, "metro_15p_seta": 1, "tavolsag_villamos_halozati_m": 683.5, "villamos_5p_seta": 0, "villamos_10p_seta": 1, "villamos_15p_seta": 1, "tavolsag_busz_halozati_m": 227.3, "busz_5p_seta": 1, "busz_10p_seta": 1, "tavolsag_kotottpalya_halozati_m": 561.0, "kotottpalya_5p_seta": 0, "kotottpalya_10p_seta": 1, "kotottpalya_15p_seta": 1, "tavolsag_park_halozati_m": 326.8, "park_5p_seta": 1, "park_10p_seta": 1, "park_15p_seta": 1, "poi_5p_count": 6.0, "poi_10p_count": 64.0, "poi_15p_count": 150.0, "tavolsag_iskola_halozati_m": 1125.0, "iskola_5p_seta": 0, "iskola_10p_seta": 0, "iskola_15p_seta": 1, "tavolsag_ovoda_halozati_m": 787.6, "ovoda_5p_seta": 0, "ovoda_10p_seta": 0, "ovoda_15p_seta": 1, "tavolsag_bolt_halozati_m": 243.7, "bolt_5p_seta": 1, "bolt_10p_seta": 1, "bolt_15p_seta": 1, "tavolsag_gyogyszertar_halozati_m": 272.9, "gyogyszertar_5p_seta": 1, "gyogyszertar_10p_seta": 1, "gyogyszertar_15p_seta": 1, "tavolsag_orvos_halozati_m": 340.6, "orvos_5p_seta": 1, "orvos_10p_seta": 1, "orvos_15p_seta": 1, "legkozelebbi_vasut": "Örs vezér tere", "legkozelebbi_metro": "", "legkozelebbi_villamos": "Örs vezér tere M+H", "legkozelebbi_busz": "Sarkantyú utca", "legkozelebbi_park": "Névtelen zöldfelület / park", "legkozelebbi_kotottpalya_tipus": "vasut" }, "geometry": { "type": "Point", "coordinates": [ 19.143097, 47.502895 ] } },
{ "type": "Feature", "properties": { "listing_id": "35532043", "listing_type": "elado", "cim_teljes": "Budapest X. kerület, Mélytó utca 6.", "varosresz": "Újhegy", "price_huf": 68500000.0, "ar_millio_ft": 68.5, "ar_ezer_ft_ho": 68500.0, "nm_ar_huf": 1292452.8301886793, "log_ar": 18.042344303232454, "log_nm_ar": 14.072052389680332, "is_ar_outlier": 0, "alapterulet_nm": 53.0, "korrigalt_alapterulet_nm": 54.0, "szobaszam_osszes": 2.0, "allapot_kod": 3, "is_felujitando": 0, "is_ujszeru_vagy_uj": 0, "is_panel": 1, "is_tegla": 0, "has_lift": 0, "has_klima": 0, "has_erkely": 1, "is_foldszint": 0, "is_zaroszint": 0, "epulet_kora_ev": null, "geokodolt_lat": 47.468863, "geokodolt_lon": 19.163883, "minta_garantalt_pontos": 1, "tavolsag_vasut_m": 847.7, "vasut_zona": "500-1000 m", "is_vasut_immisszio_150m": 0, "tavolsag_vasut_halozati_m": 1601.0, "menetido_vasut_gyalog_perc": 21.3, "vasut_5p_seta": 0, "vasut_10p_seta": 0, "vasut_15p_seta": 0, "url": "https://ingatlan.com/35532043", "title": "Eladó panel lakás - Budapest X. kerület, Mélytó utca 6. #35532043", "postal_code": "1108", "varos": "Budapest", "utca": "Mélytó utca", "hazszam_vegleges": "6", "allapot": "nincs megadva", "ingatlan_altipus": "Panel lakás", "epites_eve": null, "epites_eve_kategoria": "Ismeretlen", "erkely_nm": 2.0, "szobaszam_egesz": 2.0, "szobaszam_fel": 0.0, "szobaszam_kategoria": "2 szoba", "atlagos_szobameret_nm": 26.5, "emelet": "nincs megadva", "emelet_szam": null, "epulet_szintjei_szam": null, "is_magas_emelet_lift_nelkul": 0, "futes": "nincs megadva", "futes_kategoria": null, "has_tavfutes": 0, "has_konvektor": 0, "has_megujulo": 0, "has_garazs_vagy_beallo": 0, "energetikai_tanusitvany": "nincs megadva", "butorozott": null, "koltozheto": null, "min_berleti_ido": null, "kertkapcsolatos": "nincs megadva", "kozos_koltseg_huf": null, "rezsikoltseg_huf": null, "hirdeto_tipus": "Ingatlaniroda", "iroda_neve": null, "leiras_hossz": 1494.0, "fenykepek_szama": 2.0, "geokodolas_modszere": null, "geokodolas_pontossag": null, "price_eur": null, "nm_ar_eur": null, "kozos_koltseg_eur": null, "rezsikoltseg_eur": null, "kaucio_eur": null, "tavolsag_metro_halozati_m": 1606.9, "metro_5p_seta": 0, "metro_10p_seta": 0, "metro_15p_seta": 0, "tavolsag_villamos_halozati_m": 1044.9, "villamos_5p_seta": 0, "villamos_10p_seta": 0, "villamos_15p_seta": 1, "tavolsag_busz_halozati_m": 168.5, "busz_5p_seta": 1, "busz_10p_seta": 1, "tavolsag_kotottpalya_halozati_m": 1044.9, "kotottpalya_5p_seta": 0, "kotottpalya_10p_seta": 0, "kotottpalya_15p_seta": 1, "tavolsag_park_halozati_m": 263.0, "park_5p_seta": 1, "park_10p_seta": 1, "park_15p_seta": 1, "poi_5p_count": 9.0, "poi_10p_count": 30.0, "poi_15p_count": 49.0, "tavolsag_iskola_halozati_m": null, "iskola_5p_seta": 0, "iskola_10p_seta": 0, "iskola_15p_seta": 0, "tavolsag_ovoda_halozati_m": null, "ovoda_5p_seta": 0, "ovoda_10p_seta": 0, "ovoda_15p_seta": 0, "tavolsag_bolt_halozati_m": 359.2, "bolt_5p_seta": 1, "bolt_10p_seta": 1, "bolt_15p_seta": 1, "tavolsag_gyogyszertar_halozati_m": 285.0, "gyogyszertar_5p_seta": 1, "gyogyszertar_10p_seta": 1, "gyogyszertar_15p_seta": 1, "tavolsag_orvos_halozati_m": 1525.5, "orvos_5p_seta": 0, "orvos_10p_seta": 0, "orvos_15p_seta": 0, "legkozelebbi_vasut": "Kőbánya-Kispest", "legkozelebbi_metro": "", "legkozelebbi_villamos": "Sírkert út", "legkozelebbi_busz": "Mélytó utca", "legkozelebbi_park": "Újhegy park", "legkozelebbi_kotottpalya_tipus": "villamos" }, "geometry": { "type": "Point", "coordinates": [ 19.163883, 47.468863 ] } },
{ "type": "Feature", "properties": { "listing_id": "35532080", "listing_type": "elado", "cim_teljes": "Budapest X. kerület, Vaskő utca 5.", "varosresz": "Laposdűlő", "price_huf": 51000000.0, "ar_millio_ft": 51.0, "ar_ezer_ft_ho": 51000.0, "nm_ar_huf": 1342105.2631578948, "log_ar": 17.7473361906886, "log_nm_ar": 14.109750030962214, "is_ar_outlier": 0, "alapterulet_nm": 38.0, "korrigalt_alapterulet_nm": 38.0, "szobaszam_osszes": 2.0, "allapot_kod": 3, "is_felujitando": 0, "is_ujszeru_vagy_uj": 0, "is_panel": 0, "is_tegla": 1, "has_lift": 0, "has_klima": 0, "has_erkely": 0, "is_foldszint": 0, "is_zaroszint": 0, "epulet_kora_ev": null, "geokodolt_lat": 47.485106, "geokodolt_lon": 19.121735, "minta_garantalt_pontos": 1, "tavolsag_vasut_m": 180.2, "vasut_zona": "150-300 m", "is_vasut_immisszio_150m": 0, "tavolsag_vasut_halozati_m": 621.2, "menetido_vasut_gyalog_perc": 8.3, "vasut_5p_seta": 0, "vasut_10p_seta": 1, "vasut_15p_seta": 1, "url": "https://ingatlan.com/35532080", "title": "Eladó tégla lakás - Budapest X. kerület, Vaskő utca 5. #35532080", "postal_code": "1101", "varos": "Budapest", "utca": "Vaskő utca", "hazszam_vegleges": "5", "allapot": "nincs megadva", "ingatlan_altipus": "Tégla lakás", "epites_eve": null, "epites_eve_kategoria": "Ismeretlen", "erkely_nm": 0.0, "szobaszam_egesz": 2.0, "szobaszam_fel": 0.0, "szobaszam_kategoria": "2 szoba", "atlagos_szobameret_nm": 19.0, "emelet": "nincs megadva", "emelet_szam": null, "epulet_szintjei_szam": null, "is_magas_emelet_lift_nelkul": 0, "futes": "nincs megadva", "futes_kategoria": null, "has_tavfutes": 0, "has_konvektor": 0, "has_megujulo": 0, "has_garazs_vagy_beallo": 0, "energetikai_tanusitvany": "nincs megadva", "butorozott": null, "koltozheto": null, "min_berleti_ido": null, "kertkapcsolatos": "nincs megadva", "kozos_koltseg_huf": null, "rezsikoltseg_huf": null, "hirdeto_tipus": "Ingatlaniroda", "iroda_neve": null, "leiras_hossz": 270.0, "fenykepek_szama": 2.0, "geokodolas_modszere": null, "geokodolas_pontossag": null, "price_eur": null, "nm_ar_eur": null, "kozos_koltseg_eur": null, "rezsikoltseg_eur": null, "kaucio_eur": null, "tavolsag_metro_halozati_m": null, "metro_5p_seta": 0, "metro_10p_seta": 0, "metro_15p_seta": 0, "tavolsag_villamos_halozati_m": 360.0, "villamos_5p_seta": 1, "villamos_10p_seta": 1, "villamos_15p_seta": 1, "tavolsag_busz_halozati_m": 353.6, "busz_5p_seta": 1, "busz_10p_seta": 1, "tavolsag_kotottpalya_halozati_m": 360.0, "kotottpalya_5p_seta": 1, "kotottpalya_10p_seta": 1, "kotottpalya_15p_seta": 1, "tavolsag_park_halozati_m": 246.6, "park_5p_seta": 1, "park_10p_seta": 1, "park_15p_seta": 1, "poi_5p_count": 10.0, "poi_10p_count": 27.0, "poi_15p_count": 91.0, "tavolsag_iskola_halozati_m": 326.1, "iskola_5p_seta": 1, "iskola_10p_seta": 1, "iskola_15p_seta": 1, "tavolsag_ovoda_halozati_m": 1082.5, "ovoda_5p_seta": 0, "ovoda_10p_seta": 0, "ovoda_15p_seta": 1, "tavolsag_bolt_halozati_m": 293.1, "bolt_5p_seta": 1, "bolt_10p_seta": 1, "bolt_15p_seta": 1, "tavolsag_gyogyszertar_halozati_m": 462.1, "gyogyszertar_5p_seta": 0, "gyogyszertar_10p_seta": 1, "gyogyszertar_15p_seta": 1, "tavolsag_orvos_halozati_m": null, "orvos_5p_seta": 0, "orvos_10p_seta": 0, "orvos_15p_seta": 0, "legkozelebbi_vasut": "Kőbánya alsó", "legkozelebbi_metro": "", "legkozelebbi_villamos": "Mázsa utca", "legkozelebbi_busz": "Mázsa utca", "legkozelebbi_park": "Hargitai sétányi park", "legkozelebbi_kotottpalya_tipus": "villamos" }, "geometry": { "type": "Point", "coordinates": [ 19.121735, 47.485106 ] } },
{ "type": "Feature", "properties": { "listing_id": "35542312", "listing_type": "elado", "cim_teljes": "Budapest X. kerület, Szárnyas utca 12.", "varosresz": "Gyárdűlő", "price_huf": 44200000.0, "ar_millio_ft": 44.2, "ar_ezer_ft_ho": 44200.0, "nm_ar_huf": 1524137.9310344828, "log_ar": 17.604235347047926, "log_nm_ar": 14.236939517061453, "is_ar_outlier": 0, "alapterulet_nm": 29.0, "korrigalt_alapterulet_nm": 29.0, "szobaszam_osszes": 2.0, "allapot_kod": 3, "is_felujitando": 0, "is_ujszeru_vagy_uj": 0, "is_panel": 0, "is_tegla": 1, "has_lift": 0, "has_klima": 0, "has_erkely": 0, "is_foldszint": 0, "is_zaroszint": 0, "epulet_kora_ev": null, "geokodolt_lat": 47.468863, "geokodolt_lon": 19.119046, "minta_garantalt_pontos": 1, "tavolsag_vasut_m": 800.1, "vasut_zona": "500-1000 m", "is_vasut_immisszio_150m": 0, "tavolsag_vasut_halozati_m": null, "menetido_vasut_gyalog_perc": null, "vasut_5p_seta": 0, "vasut_10p_seta": 0, "vasut_15p_seta": 0, "url": "https://ingatlan.com/35542312", "title": "Eladó tégla lakás - Budapest X. kerület, Szárnyas utca 12. #35542312", "postal_code": "1107", "varos": "Budapest", "utca": "Szárnyas utca", "hazszam_vegleges": "12", "allapot": "nincs megadva", "ingatlan_altipus": "Tégla lakás", "epites_eve": null, "epites_eve_kategoria": "Ismeretlen", "erkely_nm": 0.0, "szobaszam_egesz": 2.0, "szobaszam_fel": 0.0, "szobaszam_kategoria": "2 szoba", "atlagos_szobameret_nm": 14.5, "emelet": "nincs megadva", "emelet_szam": null, "epulet_szintjei_szam": null, "is_magas_emelet_lift_nelkul": 0, "futes": "nincs megadva", "futes_kategoria": null, "has_tavfutes": 0, "has_konvektor": 0, "has_megujulo": 0, "has_garazs_vagy_beallo": 0, "energetikai_tanusitvany": "nincs megadva", "butorozott": null, "koltozheto": null, "min_berleti_ido": null, "kertkapcsolatos": "nincs megadva", "kozos_koltseg_huf": null, "rezsikoltseg_huf": null, "hirdeto_tipus": "Ingatlaniroda", "iroda_neve": null, "leiras_hossz": 556.0, "fenykepek_szama": 2.0, "geokodolas_modszere": null, "geokodolas_pontossag": null, "price_eur": null, "nm_ar_eur": null, "kozos_koltseg_eur": null, "rezsikoltseg_eur": null, "kaucio_eur": null, "tavolsag_metro_halozati_m": 207.6, "metro_5p_seta": 1, "metro_10p_seta": 1, "metro_15p_seta": 1, "tavolsag_villamos_halozati_m": 482.2, "villamos_5p_seta": 0, "villamos_10p_seta": 1, "villamos_15p_seta": 1, "tavolsag_busz_halozati_m": 212.4, "busz_5p_seta": 1, "busz_10p_seta": 1, "tavolsag_kotottpalya_halozati_m": 207.6, "kotottpalya_5p_seta": 1, "kotottpalya_10p_seta": 1, "kotottpalya_15p_seta": 1, "tavolsag_park_halozati_m": 69.9, "park_5p_seta": 1, "park_10p_seta": 1, "park_15p_seta": 1, "poi_5p_count": 15.0, "poi_10p_count": 47.0, "poi_15p_count": 103.0, "tavolsag_iskola_halozati_m": 992.4, "iskola_5p_seta": 0, "iskola_10p_seta": 0, "iskola_15p_seta": 1, "tavolsag_ovoda_halozati_m": 144.7, "ovoda_5p_seta": 1, "ovoda_10p_seta": 1, "ovoda_15p_seta": 1, "tavolsag_bolt_halozati_m": 371.2, "bolt_5p_seta": 1, "bolt_10p_seta": 1, "bolt_15p_seta": 1, "tavolsag_gyogyszertar_halozati_m": 619.1, "gyogyszertar_5p_seta": 0, "gyogyszertar_10p_seta": 1, "gyogyszertar_15p_seta": 1, "tavolsag_orvos_halozati_m": 594.0, "orvos_5p_seta": 0, "orvos_10p_seta": 1, "orvos_15p_seta": 1, "legkozelebbi_vasut": "", "legkozelebbi_metro": "", "legkozelebbi_villamos": "Száva kocsiszín", "legkozelebbi_busz": "Pöttyös utca M", "legkozelebbi_park": "Névtelen zöldfelület / park", "legkozelebbi_kotottpalya_tipus": "metro" }, "geometry": { "type": "Point", "coordinates": [ 19.119046, 47.468863 ] } },
{ "type": "Feature", "properties": { "listing_id": "35542316", "listing_type": "elado", "cim_teljes": "Budapest X. kerület, Szárnyas utca 12.", "varosresz": "Gyárdűlő", "price_huf": 44200000.0, "ar_millio_ft": 44.2, "ar_ezer_ft_ho": 44200.0, "nm_ar_huf": 1524137.9310344828, "log_ar": 17.604235347047926, "log_nm_ar": 14.236939517061453, "is_ar_outlier": 0, "alapterulet_nm": 29.0, "korrigalt_alapterulet_nm": 29.0, "szobaszam_osszes": 2.0, "allapot_kod": 3, "is_felujitando": 0, "is_ujszeru_vagy_uj": 0, "is_panel": 0, "is_tegla": 1, "has_lift": 0, "has_klima": 0, "has_erkely": 0, "is_foldszint": 0, "is_zaroszint": 1, "epulet_kora_ev": null, "geokodolt_lat": 47.468863, "geokodolt_lon": 19.119046, "minta_garantalt_pontos": 1, "tavolsag_vasut_m": 800.1, "vasut_zona": "500-1000 m", "is_vasut_immisszio_150m": 0, "tavolsag_vasut_halozati_m": null, "menetido_vasut_gyalog_perc": null, "vasut_5p_seta": 0, "vasut_10p_seta": 0, "vasut_15p_seta": 0, "url": "https://ingatlan.com/35542316", "title": "Eladó tégla lakás - Budapest X. kerület, Szárnyas utca 12. #35542316", "postal_code": "1107", "varos": "Budapest", "utca": "Szárnyas utca", "hazszam_vegleges": "12", "allapot": "jó állapotú", "ingatlan_altipus": "Tégla lakás", "epites_eve": null, "epites_eve_kategoria": "Ismeretlen", "erkely_nm": 0.0, "szobaszam_egesz": 2.0, "szobaszam_fel": 0.0, "szobaszam_kategoria": "2 szoba", "atlagos_szobameret_nm": 14.5, "emelet": "3", "emelet_szam": 3.0, "epulet_szintjei_szam": 3.0, "is_magas_emelet_lift_nelkul": 0, "futes": "gázkazán", "futes_kategoria": null, "has_tavfutes": 0, "has_konvektor": 1, "has_megujulo": 0, "has_garazs_vagy_beallo": 0, "energetikai_tanusitvany": "nincs megadva", "butorozott": null, "koltozheto": null, "min_berleti_ido": null, "kertkapcsolatos": "nincs megadva", "kozos_koltseg_huf": null, "rezsikoltseg_huf": null, "hirdeto_tipus": "Ingatlaniroda", "iroda_neve": null, "leiras_hossz": 581.0, "fenykepek_szama": 2.0, "geokodolas_modszere": null, "geokodolas_pontossag": null, "price_eur": null, "nm_ar_eur": null, "kozos_koltseg_eur": null, "rezsikoltseg_eur": null, "kaucio_eur": null, "tavolsag_metro_halozati_m": 207.6, "metro_5p_seta": 1, "metro_10p_seta": 1, "metro_15p_seta": 1, "tavolsag_villamos_halozati_m": 482.2, "villamos_5p_seta": 0, "villamos_10p_seta": 1, "villamos_15p_seta": 1, "tavolsag_busz_halozati_m": 212.4, "busz_5p_seta": 1, "busz_10p_seta": 1, "tavolsag_kotottpalya_halozati_m": 207.6, "kotottpalya_5p_seta": 1, "kotottpalya_10p_seta": 1, "kotottpalya_15p_seta": 1, "tavolsag_park_halozati_m": 69.9, "park_5p_seta": 1, "park_10p_seta": 1, "park_15p_seta": 1, "poi_5p_count": 15.0, "poi_10p_count": 47.0, "poi_15p_count": 103.0, "tavolsag_iskola_halozati_m": 992.4, "iskola_5p_seta": 0, "iskola_10p_seta": 0, "iskola_15p_seta": 1, "tavolsag_ovoda_halozati_m": 144.7, "ovoda_5p_seta": 1, "ovoda_10p_seta": 1, "ovoda_15p_seta": 1, "tavolsag_bolt_halozati_m": 371.2, "bolt_5p_seta": 1, "bolt_10p_seta": 1, "bolt_15p_seta": 1, "tavolsag_gyogyszertar_halozati_m": 619.1, "gyogyszertar_5p_seta": 0, "gyogyszertar_10p_seta": 1, "gyogyszertar_15p_seta": 1, "tavolsag_orvos_halozati_m": 594.0, "orvos_5p_seta": 0, "orvos_10p_seta": 1, "orvos_15p_seta": 1, "legkozelebbi_vasut": "", "legkozelebbi_metro": "", "legkozelebbi_villamos": "Száva kocsiszín", "legkozelebbi_busz": "Pöttyös utca M", "legkozelebbi_park": "Névtelen zöldfelület / park", "legkozelebbi_kotottpalya_tipus": "metro" }, "geometry": { "type": "Point", "coordinates": [ 19.119046, 47.468863 ] } },
{ "type": "Feature", "properties": { "listing_id": "35545800", "listing_type": "elado", "cim_teljes": "Budapest X. kerület, Kelemen utca 26.", "varosresz": "Óhegy", "price_huf": 45900000.0, "ar_millio_ft": 45.9, "ar_ezer_ft_ho": 45900.0, "nm_ar_huf": 1207894.7368421052, "log_ar": 17.641975675030775, "log_nm_ar": 14.004389515304387, "is_ar_outlier": 0, "alapterulet_nm": 38.0, "korrigalt_alapterulet_nm": 42.25, "szobaszam_osszes": 1.0, "allapot_kod": 3, "is_felujitando": 0, "is_ujszeru_vagy_uj": 0, "is_panel": 0, "is_tegla": 1, "has_lift": 0, "has_klima": 1, "has_erkely": 1, "is_foldszint": 1, "is_zaroszint": 0, "epulet_kora_ev": 58.0, "geokodolt_lat": 47.479572, "geokodolt_lon": 19.137317, "minta_garantalt_pontos": 1, "tavolsag_vasut_m": 494.8, "vasut_zona": "300-500 m", "is_vasut_immisszio_150m": 0, "tavolsag_vasut_halozati_m": 1100.6, "menetido_vasut_gyalog_perc": 14.7, "vasut_5p_seta": 0, "vasut_10p_seta": 0, "vasut_15p_seta": 1, "url": "https://ingatlan.com/35545800", "title": "Eladó tégla lakás - Budapest X. kerület, Kelemen utca 26. #35545800", "postal_code": "1103", "varos": "Budapest", "utca": "Kelemen utca", "hazszam_vegleges": "26", "allapot": "jó állapotú", "ingatlan_altipus": "Tégla lakás", "epites_eve": 1968.0, "epites_eve_kategoria": "30-60 év (panel-korszak)", "erkely_nm": 8.5, "szobaszam_egesz": 1.0, "szobaszam_fel": 0.0, "szobaszam_kategoria": "1 szoba", "atlagos_szobameret_nm": 38.0, "emelet": "földszint", "emelet_szam": 0.0, "epulet_szintjei_szam": 0.0, "is_magas_emelet_lift_nelkul": 0, "futes": "gáz (konvektor), hűtő-fűtő klíma", "futes_kategoria": null, "has_tavfutes": 0, "has_konvektor": 1, "has_megujulo": 0, "has_garazs_vagy_beallo": 0, "energetikai_tanusitvany": "E", "butorozott": null, "koltozheto": null, "min_berleti_ido": null, "kertkapcsolatos": "igen", "kozos_koltseg_huf": null, "rezsikoltseg_huf": 25000.0, "hirdeto_tipus": "Ingatlaniroda", "iroda_neve": null, "leiras_hossz": 1685.0, "fenykepek_szama": 4.0, "geokodolas_modszere": null, "geokodolas_pontossag": null, "price_eur": null, "nm_ar_eur": null, "kozos_koltseg_eur": null, "rezsikoltseg_eur": null, "kaucio_eur": null, "tavolsag_metro_halozati_m": 1993.3, "metro_5p_seta": 0, "metro_10p_seta": 0, "metro_15p_seta": 0, "tavolsag_villamos_halozati_m": 814.1, "villamos_5p_seta": 0, "villamos_10p_seta": 0, "villamos_15p_seta": 1, "tavolsag_busz_halozati_m": 277.8, "busz_5p_seta": 1, "busz_10p_seta": 1, "tavolsag_kotottpalya_halozati_m": 814.1, "kotottpalya_5p_seta": 0, "kotottpalya_10p_seta": 0, "kotottpalya_15p_seta": 1, "tavolsag_park_halozati_m": 311.6, "park_5p_seta": 1, "park_10p_seta": 1, "park_15p_seta": 1, "poi_5p_count": 6.0, "poi_10p_count": 26.0, "poi_15p_count": 85.0, "tavolsag_iskola_halozati_m": 431.5, "iskola_5p_seta": 0, "iskola_10p_seta": 1, "iskola_15p_seta": 1, "tavolsag_ovoda_halozati_m": 1477.0, "ovoda_5p_seta": 0, "ovoda_10p_seta": 0, "ovoda_15p_seta": 0, "tavolsag_bolt_halozati_m": 438.8, "bolt_5p_seta": 0, "bolt_10p_seta": 1, "bolt_15p_seta": 1, "tavolsag_gyogyszertar_halozati_m": 503.3, "gyogyszertar_5p_seta": 0, "gyogyszertar_10p_seta": 1, "gyogyszertar_15p_seta": 1, "tavolsag_orvos_halozati_m": null, "orvos_5p_seta": 0, "orvos_10p_seta": 0, "orvos_15p_seta": 0, "legkozelebbi_vasut": "Kőbánya alsó", "legkozelebbi_metro": "Határ út", "legkozelebbi_villamos": "Kápolna utca", "legkozelebbi_busz": "Ihász utca", "legkozelebbi_park": "Névtelen zöldfelület / park", "legkozelebbi_kotottpalya_tipus": "villamos" }, "geometry": { "type": "Point", "coordinates": [ 19.137317, 47.479572 ] } },
{ "type": "Feature", "properties": { "listing_id": "35546104", "listing_type": "elado", "cim_teljes": "Budapest X. kerület, Ónodi utca 13.", "varosresz": "Kőbánya-Városközpont", "price_huf": 66990000.0, "ar_millio_ft": 66.99, "ar_ezer_ft_ho": 66990.0, "nm_ar_huf": 1196250.0, "log_ar": 18.02005391248445, "log_nm_ar": 13.994702221749302, "is_ar_outlier": 0, "alapterulet_nm": 56.0, "korrigalt_alapterulet_nm": 58.0, "szobaszam_osszes": 2.0, "allapot_kod": 3, "is_felujitando": 0, "is_ujszeru_vagy_uj": 0, "is_panel": 1, "is_tegla": 0, "has_lift": 1, "has_klima": 1, "has_erkely": 1, "is_foldszint": 0, "is_zaroszint": 0, "epulet_kora_ev": null, "geokodolt_lat": 47.48883, "geokodolt_lon": 19.134493, "minta_garantalt_pontos": 1, "tavolsag_vasut_m": 277.7, "vasut_zona": "150-300 m", "is_vasut_immisszio_150m": 0, "tavolsag_vasut_halozati_m": 484.3, "menetido_vasut_gyalog_perc": 6.5, "vasut_5p_seta": 0, "vasut_10p_seta": 1, "vasut_15p_seta": 1, "url": "https://ingatlan.com/35546104", "title": "Eladó panel lakás - Budapest X. kerület, Ónodi utca 13. #35546104", "postal_code": "1102", "varos": "Budapest", "utca": "Ónodi utca", "hazszam_vegleges": "13", "allapot": "jó állapotú", "ingatlan_altipus": "Panel lakás", "epites_eve": null, "epites_eve_kategoria": "Ismeretlen", "erkely_nm": 4.0, "szobaszam_egesz": 2.0, "szobaszam_fel": 0.0, "szobaszam_kategoria": "2 szoba", "atlagos_szobameret_nm": 28.0, "emelet": "7", "emelet_szam": 7.0, "epulet_szintjei_szam": 9.0, "is_magas_emelet_lift_nelkul": 0, "futes": "nincs megadva", "futes_kategoria": null, "has_tavfutes": 0, "has_konvektor": 0, "has_megujulo": 0, "has_garazs_vagy_beallo": 0, "energetikai_tanusitvany": "nincs megadva", "butorozott": null, "koltozheto": null, "min_berleti_ido": null, "kertkapcsolatos": "nincs megadva", "kozos_koltseg_huf": null, "rezsikoltseg_huf": null, "hirdeto_tipus": "Ingatlaniroda", "iroda_neve": null, "leiras_hossz": 4358.0, "fenykepek_szama": 4.0, "geokodolas_modszere": null, "geokodolas_pontossag": null, "price_eur": null, "nm_ar_eur": null, "kozos_koltseg_eur": null, "rezsikoltseg_eur": null, "kaucio_eur": null, "tavolsag_metro_halozati_m": 2043.2, "metro_5p_seta": 0, "metro_10p_seta": 0, "metro_15p_seta": 0, "tavolsag_villamos_halozati_m": 92.5, "villamos_5p_seta": 1, "villamos_10p_seta": 1, "villamos_15p_seta": 1, "tavolsag_busz_halozati_m": 89.5, "busz_5p_seta": 1, "busz_10p_seta": 1, "tavolsag_kotottpalya_halozati_m": 92.5, "kotottpalya_5p_seta": 1, "kotottpalya_10p_seta": 1, "kotottpalya_15p_seta": 1, "tavolsag_park_halozati_m": 296.6, "park_5p_seta": 1, "park_10p_seta": 1, "park_15p_seta": 1, "poi_5p_count": 19.0, "poi_10p_count": 51.0, "poi_15p_count": 117.0, "tavolsag_iskola_halozati_m": 1288.6, "iskola_5p_seta": 0, "iskola_10p_seta": 0, "iskola_15p_seta": 0, "tavolsag_ovoda_halozati_m": 318.8, "ovoda_5p_seta": 1, "ovoda_10p_seta": 1, "ovoda_15p_seta": 1, "tavolsag_bolt_halozati_m": 550.2, "bolt_5p_seta": 0, "bolt_10p_seta": 1, "bolt_15p_seta": 1, "tavolsag_gyogyszertar_halozati_m": 253.0, "gyogyszertar_5p_seta": 1, "gyogyszertar_10p_seta": 1, "gyogyszertar_15p_seta": 1, "tavolsag_orvos_halozati_m": 2098.1, "orvos_5p_seta": 0, "orvos_10p_seta": 0, "orvos_15p_seta": 0, "legkozelebbi_vasut": "Kőbánya felső", "legkozelebbi_metro": "", "legkozelebbi_villamos": "Szent László Gimnázium", "legkozelebbi_busz": "Szent László Gimnázium", "legkozelebbi_park": "Sajó Sándor tér", "legkozelebbi_kotottpalya_tipus": "villamos" }, "geometry": { "type": "Point", "coordinates": [ 19.134493, 47.48883 ] } },
{ "type": "Feature", "properties": { "listing_id": "35546378", "listing_type": "elado", "cim_teljes": "Budapest X. kerület, Kápolna utca 9.", "varosresz": "Kőbánya-Városközpont", "price_huf": 46500000.0, "ar_millio_ft": 46.5, "ar_ezer_ft_ho": 46500.0, "nm_ar_huf": 1223684.2105263157, "log_ar": 17.654962870557586, "log_nm_ar": 14.017376710831199, "is_ar_outlier": 0, "alapterulet_nm": 38.0, "korrigalt_alapterulet_nm": 38.0, "szobaszam_osszes": 1.0, "allapot_kod": 3, "is_felujitando": 0, "is_ujszeru_vagy_uj": 0, "is_panel": 0, "is_tegla": 0, "has_lift": 1, "has_klima": 1, "has_erkely": 0, "is_foldszint": 0, "is_zaroszint": 1, "epulet_kora_ev": 58.0, "geokodolt_lat": 47.481698, "geokodolt_lon": 19.130126, "minta_garantalt_pontos": 1, "tavolsag_vasut_m": 131.7, "vasut_zona": "<150 m", "is_vasut_immisszio_150m": 1, "tavolsag_vasut_halozati_m": 346.6, "menetido_vasut_gyalog_perc": 4.6, "vasut_5p_seta": 1, "vasut_10p_seta": 1, "vasut_15p_seta": 1, "url": "https://ingatlan.com/35546378", "title": "Eladó csúsztatott zsalus - Budapest X. kerület, Kápolna utca 9. #35546378", "postal_code": "1102", "varos": "Budapest", "utca": "Kápolna utca", "hazszam_vegleges": "9", "allapot": "jó állapotú", "ingatlan_altipus": "Csúsztatott zsalus lakás", "epites_eve": 1968.0, "epites_eve_kategoria": "30-60 év (panel-korszak)", "erkely_nm": 0.0, "szobaszam_egesz": 1.0, "szobaszam_fel": 0.0, "szobaszam_kategoria": "1 szoba", "atlagos_szobameret_nm": 38.0, "emelet": "7", "emelet_szam": 7.0, "epulet_szintjei_szam": 7.0, "is_magas_emelet_lift_nelkul": 0, "futes": "távfűtés", "futes_kategoria": null, "has_tavfutes": 1, "has_konvektor": 0, "has_megujulo": 0, "has_garazs_vagy_beallo": 0, "energetikai_tanusitvany": "E", "butorozott": null, "koltozheto": null, "min_berleti_ido": null, "kertkapcsolatos": "nem", "kozos_koltseg_huf": 13642.0, "rezsikoltseg_huf": 25000.0, "hirdeto_tipus": "Ingatlaniroda", "iroda_neve": null, "leiras_hossz": 1643.0, "fenykepek_szama": 2.0, "geokodolas_modszere": null, "geokodolas_pontossag": null, "price_eur": null, "nm_ar_eur": null, "kozos_koltseg_eur": null, "rezsikoltseg_eur": null, "kaucio_eur": null, "tavolsag_metro_halozati_m": 2081.4, "metro_5p_seta": 0, "metro_10p_seta": 0, "metro_15p_seta": 0, "tavolsag_villamos_halozati_m": 141.7, "villamos_5p_seta": 1, "villamos_10p_seta": 1, "villamos_15p_seta": 1, "tavolsag_busz_halozati_m": 126.0, "busz_5p_seta": 1, "busz_10p_seta": 1, "tavolsag_kotottpalya_halozati_m": 141.7, "kotottpalya_5p_seta": 1, "kotottpalya_10p_seta": 1, "kotottpalya_15p_seta": 1, "tavolsag_park_halozati_m": 233.2, "park_5p_seta": 1, "park_10p_seta": 1, "park_15p_seta": 1, "poi_5p_count": 36.0, "poi_10p_count": 77.0, "poi_15p_count": 120.0, "tavolsag_iskola_halozati_m": 765.2, "iskola_5p_seta": 0, "iskola_10p_seta": 0, "iskola_15p_seta": 1, "tavolsag_ovoda_halozati_m": 1040.2, "ovoda_5p_seta": 0, "ovoda_10p_seta": 0, "ovoda_15p_seta": 1, "tavolsag_bolt_halozati_m": 209.7, "bolt_5p_seta": 1, "bolt_10p_seta": 1, "bolt_15p_seta": 1, "tavolsag_gyogyszertar_halozati_m": 272.4, "gyogyszertar_5p_seta": 1, "gyogyszertar_10p_seta": 1, "gyogyszertar_15p_seta": 1, "tavolsag_orvos_halozati_m": null, "orvos_5p_seta": 0, "orvos_10p_seta": 0, "orvos_15p_seta": 0, "legkozelebbi_vasut": "Kőbánya alsó", "legkozelebbi_metro": "", "legkozelebbi_villamos": "Kőbánya alsó vasútállomás", "legkozelebbi_busz": "Kőbánya alsó vasútállomás", "legkozelebbi_park": "Liget téri park", "legkozelebbi_kotottpalya_tipus": "villamos" }, "geometry": { "type": "Point", "coordinates": [ 19.130126, 47.481698 ] } },
{ "type": "Feature", "properties": { "listing_id": "35548375", "listing_type": "elado", "cim_teljes": "Budapest X. kerület, Ceglédi út 11.", "varosresz": "Gyárdűlő", "price_huf": 95010000.0, "ar_millio_ft": 95.01, "ar_ezer_ft_ho": 95010.0, "nm_ar_huf": 1557540.9836065574, "log_ar": 18.369492707182932, "log_nm_ar": 14.258618843009621, "is_ar_outlier": 0, "alapterulet_nm": 61.0, "korrigalt_alapterulet_nm": 67.18, "szobaszam_osszes": 3.0, "allapot_kod": 6, "is_felujitando": 0, "is_ujszeru_vagy_uj": 1, "is_panel": 0, "is_tegla": 1, "has_lift": 1, "has_klima": 0, "has_erkely": 1, "is_foldszint": 1, "is_zaroszint": 0, "epulet_kora_ev": 0.0, "geokodolt_lat": 47.4728, "geokodolt_lon": 19.1211, "minta_garantalt_pontos": 1, "tavolsag_vasut_m": 416.4, "vasut_zona": "300-500 m", "is_vasut_immisszio_150m": 0, "tavolsag_vasut_halozati_m": 1670.1, "menetido_vasut_gyalog_perc": 22.3, "vasut_5p_seta": 0, "vasut_10p_seta": 0, "vasut_15p_seta": 0, "url": "https://ingatlan.com/35548375", "title": "Eladó tégla lakás - Budapest X. kerület, Ceglédi út 11. #35548375", "postal_code": "1107", "varos": "Budapest", "utca": "Ceglédi út", "hazszam_vegleges": "11", "allapot": "új építésű", "ingatlan_altipus": "Tégla lakás", "epites_eve": 2028.0, "epites_eve_kategoria": "Új építésű (2025+)", "erkely_nm": 12.36, "szobaszam_egesz": 3.0, "szobaszam_fel": 0.0, "szobaszam_kategoria": "3 szoba", "atlagos_szobameret_nm": 20.333333333333332, "emelet": "földszint", "emelet_szam": 0.0, "epulet_szintjei_szam": 7.0, "is_magas_emelet_lift_nelkul": 0, "futes": "hőszivattyú", "futes_kategoria": null, "has_tavfutes": 0, "has_konvektor": 0, "has_megujulo": 1, "has_garazs_vagy_beallo": 0, "energetikai_tanusitvany": "A+", "butorozott": null, "koltozheto": null, "min_berleti_ido": null, "kertkapcsolatos": "nem", "kozos_koltseg_huf": null, "rezsikoltseg_huf": null, "hirdeto_tipus": "Ingatlaniroda", "iroda_neve": null, "leiras_hossz": 716.0, "fenykepek_szama": 4.0, "geokodolas_modszere": null, "geokodolas_pontossag": null, "price_eur": null, "nm_ar_eur": null, "kozos_koltseg_eur": null, "rezsikoltseg_eur": null, "kaucio_eur": null, "tavolsag_metro_halozati_m": 743.5, "metro_5p_seta": 0, "metro_10p_seta": 1, "metro_15p_seta": 1, "tavolsag_villamos_halozati_m": 540.2, "villamos_5p_seta": 0, "villamos_10p_seta": 1, "villamos_15p_seta": 1, "tavolsag_busz_halozati_m": 214.3, "busz_5p_seta": 1, "busz_10p_seta": 1, "tavolsag_kotottpalya_halozati_m": 540.2, "kotottpalya_5p_seta": 0, "kotottpalya_10p_seta": 1, "kotottpalya_15p_seta": 1, "tavolsag_park_halozati_m": 536.9, "park_5p_seta": 0, "park_10p_seta": 1, "park_15p_seta": 1, "poi_5p_count": 3.0, "poi_10p_count": 19.0, "poi_15p_count": 64.0, "tavolsag_iskola_halozati_m": 1418.5, "iskola_5p_seta": 0, "iskola_10p_seta": 0, "iskola_15p_seta": 0, "tavolsag_ovoda_halozati_m": 686.9, "ovoda_5p_seta": 0, "ovoda_10p_seta": 1, "ovoda_15p_seta": 1, "tavolsag_bolt_halozati_m": 482.4, "bolt_5p_seta": 0, "bolt_10p_seta": 1, "bolt_15p_seta": 1, "tavolsag_gyogyszertar_halozati_m": 335.7, "gyogyszertar_5p_seta": 1, "gyogyszertar_10p_seta": 1, "gyogyszertar_15p_seta": 1, "tavolsag_orvos_halozati_m": 1125.5, "orvos_5p_seta": 0, "orvos_10p_seta": 0, "orvos_15p_seta": 0, "legkozelebbi_vasut": "Kőbánya alsó", "legkozelebbi_metro": "", "legkozelebbi_villamos": "Balkán utca", "legkozelebbi_busz": "Hizlaló tér", "legkozelebbi_park": "Kékvirág park", "legkozelebbi_kotottpalya_tipus": "villamos" }, "geometry": { "type": "Point", "coordinates": [ 19.1211, 47.4728 ] } },
{ "type": "Feature", "properties": { "listing_id": "35548388", "listing_type": "elado", "cim_teljes": "Budapest X. kerület, Ceglédi út 11.", "varosresz": "Gyárdűlő", "price_huf": 97630000.0, "ar_millio_ft": 97.63, "ar_ezer_ft_ho": 97630.0, "nm_ar_huf": 1502000.0, "log_ar": 18.396695381201855, "log_nm_ar": 14.222308111306218, "is_ar_outlier": 0, "alapterulet_nm": 65.0, "korrigalt_alapterulet_nm": 69.51, "szobaszam_osszes": 3.0, "allapot_kod": 6, "is_felujitando": 0, "is_ujszeru_vagy_uj": 1, "is_panel": 0, "is_tegla": 1, "has_lift": 1, "has_klima": 0, "has_erkely": 1, "is_foldszint": 0, "is_zaroszint": 0, "epulet_kora_ev": 0.0, "geokodolt_lat": 47.4728, "geokodolt_lon": 19.1211, "minta_garantalt_pontos": 1, "tavolsag_vasut_m": 416.4, "vasut_zona": "300-500 m", "is_vasut_immisszio_150m": 0, "tavolsag_vasut_halozati_m": 1670.1, "menetido_vasut_gyalog_perc": 22.3, "vasut_5p_seta": 0, "vasut_10p_seta": 0, "vasut_15p_seta": 0, "url": "https://ingatlan.com/35548388", "title": "Eladó tégla lakás - Budapest X. kerület, Ceglédi út 11. #35548388", "postal_code": "1107", "varos": "Budapest", "utca": "Ceglédi út", "hazszam_vegleges": "11", "allapot": "új építésű", "ingatlan_altipus": "Tégla lakás", "epites_eve": 2028.0, "epites_eve_kategoria": "Új építésű (2025+)", "erkely_nm": 9.02, "szobaszam_egesz": 3.0, "szobaszam_fel": 0.0, "szobaszam_kategoria": "3 szoba", "atlagos_szobameret_nm": 21.666666666666668, "emelet": "2", "emelet_szam": 2.0, "epulet_szintjei_szam": 7.0, "is_magas_emelet_lift_nelkul": 0, "futes": "hőszivattyú", "futes_kategoria": null, "has_tavfutes": 0, "has_konvektor": 0, "has_megujulo": 1, "has_garazs_vagy_beallo": 0, "energetikai_tanusitvany": "A+", "butorozott": null, "koltozheto": null, "min_berleti_ido": null, "kertkapcsolatos": "nem", "kozos_koltseg_huf": null, "rezsikoltseg_huf": null, "hirdeto_tipus": "Ingatlaniroda", "iroda_neve": null, "leiras_hossz": 716.0, "fenykepek_szama": 4.0, "geokodolas_modszere": null, "geokodolas_pontossag": null, "price_eur": null, "nm_ar_eur": null, "kozos_koltseg_eur": null, "rezsikoltseg_eur": null, "kaucio_eur": null, "tavolsag_metro_halozati_m": 743.5, "metro_5p_seta": 0, "metro_10p_seta": 1, "metro_15p_seta": 1, "tavolsag_villamos_halozati_m": 540.2, "villamos_5p_seta": 0, "villamos_10p_seta": 1, "villamos_15p_seta": 1, "tavolsag_busz_halozati_m": 214.3, "busz_5p_seta": 1, "busz_10p_seta": 1, "tavolsag_kotottpalya_halozati_m": 540.2, "kotottpalya_5p_seta": 0, "kotottpalya_10p_seta": 1, "kotottpalya_15p_seta": 1, "tavolsag_park_halozati_m": 536.9, "park_5p_seta": 0, "park_10p_seta": 1, "park_15p_seta": 1, "poi_5p_count": 3.0, "poi_10p_count": 19.0, "poi_15p_count": 64.0, "tavolsag_iskola_halozati_m": 1418.5, "iskola_5p_seta": 0, "iskola_10p_seta": 0, "iskola_15p_seta": 0, "tavolsag_ovoda_halozati_m": 686.9, "ovoda_5p_seta": 0, "ovoda_10p_seta": 1, "ovoda_15p_seta": 1, "tavolsag_bolt_halozati_m": 482.4, "bolt_5p_seta": 0, "bolt_10p_seta": 1, "bolt_15p_seta": 1, "tavolsag_gyogyszertar_halozati_m": 335.7, "gyogyszertar_5p_seta": 1, "gyogyszertar_10p_seta": 1, "gyogyszertar_15p_seta": 1, "tavolsag_orvos_halozati_m": 1125.5, "orvos_5p_seta": 0, "orvos_10p_seta": 0, "orvos_15p_seta": 0, "legkozelebbi_vasut": "Kőbánya alsó", "legkozelebbi_metro": "", "legkozelebbi_villamos": "Balkán utca", "legkozelebbi_busz": "Hizlaló tér", "legkozelebbi_park": "Kékvirág park", "legkozelebbi_kotottpalya_tipus": "villamos" }, "geometry": { "type": "Point", "coordinates": [ 19.1211, 47.4728 ] } },
{ "type": "Feature", "properties": { "listing_id": "35548389", "listing_type": "elado", "cim_teljes": "Budapest X. kerület, Ceglédi út 11.", "varosresz": "Gyárdűlő", "price_huf": 97630000.0, "ar_millio_ft": 97.63, "ar_ezer_ft_ho": 97630.0, "nm_ar_huf": 1502000.0, "log_ar": 18.396695381201855, "log_nm_ar": 14.222308111306218, "is_ar_outlier": 0, "alapterulet_nm": 65.0, "korrigalt_alapterulet_nm": 69.51, "szobaszam_osszes": 3.0, "allapot_kod": 6, "is_felujitando": 0, "is_ujszeru_vagy_uj": 1, "is_panel": 0, "is_tegla": 1, "has_lift": 1, "has_klima": 0, "has_erkely": 1, "is_foldszint": 0, "is_zaroszint": 0, "epulet_kora_ev": 0.0, "geokodolt_lat": 47.4728, "geokodolt_lon": 19.1211, "minta_garantalt_pontos": 1, "tavolsag_vasut_m": 416.4, "vasut_zona": "300-500 m", "is_vasut_immisszio_150m": 0, "tavolsag_vasut_halozati_m": 1670.1, "menetido_vasut_gyalog_perc": 22.3, "vasut_5p_seta": 0, "vasut_10p_seta": 0, "vasut_15p_seta": 0, "url": "https://ingatlan.com/35548389", "title": "Eladó tégla lakás - Budapest X. kerület, Ceglédi út 11. #35548389", "postal_code": "1107", "varos": "Budapest", "utca": "Ceglédi út", "hazszam_vegleges": "11", "allapot": "új építésű", "ingatlan_altipus": "Tégla lakás", "epites_eve": 2028.0, "epites_eve_kategoria": "Új építésű (2025+)", "erkely_nm": 9.02, "szobaszam_egesz": 3.0, "szobaszam_fel": 0.0, "szobaszam_kategoria": "3 szoba", "atlagos_szobameret_nm": 21.666666666666668, "emelet": "3", "emelet_szam": 3.0, "epulet_szintjei_szam": 7.0, "is_magas_emelet_lift_nelkul": 0, "futes": "hőszivattyú", "futes_kategoria": null, "has_tavfutes": 0, "has_konvektor": 0, "has_megujulo": 1, "has_garazs_vagy_beallo": 0, "energetikai_tanusitvany": "A+", "butorozott": null, "koltozheto": null, "min_berleti_ido": null, "kertkapcsolatos": "nem", "kozos_koltseg_huf": null, "rezsikoltseg_huf": null, "hirdeto_tipus": "Ingatlaniroda", "iroda_neve": null, "leiras_hossz": 716.0, "fenykepek_szama": 4.0, "geokodolas_modszere": null, "geokodolas_pontossag": null, "price_eur": null, "nm_ar_eur": null, "kozos_koltseg_eur": null, "rezsikoltseg_eur": null, "kaucio_eur": null, "tavolsag_metro_halozati_m": 743.5, "metro_5p_seta": 0, "metro_10p_seta": 1, "metro_15p_seta": 1, "tavolsag_villamos_halozati_m": 540.2, "villamos_5p_seta": 0, "villamos_10p_seta": 1, "villamos_15p_seta": 1, "tavolsag_busz_halozati_m": 214.3, "busz_5p_seta": 1, "busz_10p_seta": 1, "tavolsag_kotottpalya_halozati_m": 540.2, "kotottpalya_5p_seta": 0, "kotottpalya_10p_seta": 1, "kotottpalya_15p_seta": 1, "tavolsag_park_halozati_m": 536.9, "park_5p_seta": 0, "park_10p_seta": 1, "park_15p_seta": 1, "poi_5p_count": 3.0, "poi_10p_count": 19.0, "poi_15p_count": 64.0, "tavolsag_iskola_halozati_m": 1418.5, "iskola_5p_seta": 0, "iskola_10p_seta": 0, "iskola_15p_seta": 0, "tavolsag_ovoda_halozati_m": 686.9, "ovoda_5p_seta": 0, "ovoda_10p_seta": 1, "ovoda_15p_seta": 1, "tavolsag_bolt_halozati_m": 482.4, "bolt_5p_seta": 0, "bolt_10p_seta": 1, "bolt_15p_seta": 1, "tavolsag_gyogyszertar_halozati_m": 335.7, "gyogyszertar_5p_seta": 1, "gyogyszertar_10p_seta": 1, "gyogyszertar_15p_seta": 1, "tavolsag_orvos_halozati_m": 1125.5, "orvos_5p_seta": 0, "orvos_10p_seta": 0, "orvos_15p_seta": 0, "legkozelebbi_vasut": "Kőbánya alsó", "legkozelebbi_metro": "", "legkozelebbi_villamos": "Balkán utca", "legkozelebbi_busz": "Hizlaló tér", "legkozelebbi_park": "Kékvirág park", "legkozelebbi_kotottpalya_tipus": "villamos" }, "geometry": { "type": "Point", "coordinates": [ 19.1211, 47.4728 ] } },
{ "type": "Feature", "properties": { "listing_id": "35548391", "listing_type": "elado", "cim_teljes": "Budapest X. kerület, Ceglédi út 11.", "varosresz": "Gyárdűlő", "price_huf": 97630000.0, "ar_millio_ft": 97.63, "ar_ezer_ft_ho": 97630.0, "nm_ar_huf": 1502000.0, "log_ar": 18.396695381201855, "log_nm_ar": 14.222308111306218, "is_ar_outlier": 0, "alapterulet_nm": 65.0, "korrigalt_alapterulet_nm": 69.51, "szobaszam_osszes": 3.0, "allapot_kod": 6, "is_felujitando": 0, "is_ujszeru_vagy_uj": 1, "is_panel": 0, "is_tegla": 1, "has_lift": 1, "has_klima": 0, "has_erkely": 1, "is_foldszint": 0, "is_zaroszint": 0, "epulet_kora_ev": 0.0, "geokodolt_lat": 47.4728, "geokodolt_lon": 19.1211, "minta_garantalt_pontos": 1, "tavolsag_vasut_m": 416.4, "vasut_zona": "300-500 m", "is_vasut_immisszio_150m": 0, "tavolsag_vasut_halozati_m": 1670.1, "menetido_vasut_gyalog_perc": 22.3, "vasut_5p_seta": 0, "vasut_10p_seta": 0, "vasut_15p_seta": 0, "url": "https://ingatlan.com/35548391", "title": "Eladó tégla lakás - Budapest X. kerület, Ceglédi út 11. #35548391", "postal_code": "1107", "varos": "Budapest", "utca": "Ceglédi út", "hazszam_vegleges": "11", "allapot": "új építésű", "ingatlan_altipus": "Tégla lakás", "epites_eve": 2028.0, "epites_eve_kategoria": "Új építésű (2025+)", "erkely_nm": 9.02, "szobaszam_egesz": 3.0, "szobaszam_fel": 0.0, "szobaszam_kategoria": "3 szoba", "atlagos_szobameret_nm": 21.666666666666668, "emelet": "4", "emelet_szam": 4.0, "epulet_szintjei_szam": 7.0, "is_magas_emelet_lift_nelkul": 0, "futes": "hőszivattyú", "futes_kategoria": null, "has_tavfutes": 0, "has_konvektor": 0, "has_megujulo": 1, "has_garazs_vagy_beallo": 0, "energetikai_tanusitvany": "A+", "butorozott": null, "koltozheto": null, "min_berleti_ido": null, "kertkapcsolatos": "nem", "kozos_koltseg_huf": null, "rezsikoltseg_huf": null, "hirdeto_tipus": "Ingatlaniroda", "iroda_neve": null, "leiras_hossz": 716.0, "fenykepek_szama": 4.0, "geokodolas_modszere": null, "geokodolas_pontossag": null, "price_eur": null, "nm_ar_eur": null, "kozos_koltseg_eur": null, "rezsikoltseg_eur": null, "kaucio_eur": null, "tavolsag_metro_halozati_m": 743.5, "metro_5p_seta": 0, "metro_10p_seta": 1, "metro_15p_seta": 1, "tavolsag_villamos_halozati_m": 540.2, "villamos_5p_seta": 0, "villamos_10p_seta": 1, "villamos_15p_seta": 1, "tavolsag_busz_halozati_m": 214.3, "busz_5p_seta": 1, "busz_10p_seta": 1, "tavolsag_kotottpalya_halozati_m": 540.2, "kotottpalya_5p_seta": 0, "kotottpalya_10p_seta": 1, "kotottpalya_15p_seta": 1, "tavolsag_park_halozati_m": 536.9, "park_5p_seta": 0, "park_10p_seta": 1, "park_15p_seta": 1, "poi_5p_count": 3.0, "poi_10p_count": 19.0, "poi_15p_count": 64.0, "tavolsag_iskola_halozati_m": 1418.5, "iskola_5p_seta": 0, "iskola_10p_seta": 0, "iskola_15p_seta": 0, "tavolsag_ovoda_halozati_m": 686.9, "ovoda_5p_seta": 0, "ovoda_10p_seta": 1, "ovoda_15p_seta": 1, "tavolsag_bolt_halozati_m": 482.4, "bolt_5p_seta": 0, "bolt_10p_seta": 1, "bolt_15p_seta": 1, "tavolsag_gyogyszertar_halozati_m": 335.7, "gyogyszertar_5p_seta": 1, "gyogyszertar_10p_seta": 1, "gyogyszertar_15p_seta": 1, "tavolsag_orvos_halozati_m": 1125.5, "orvos_5p_seta": 0, "orvos_10p_seta": 0, "orvos_15p_seta": 0, "legkozelebbi_vasut": "Kőbánya alsó", "legkozelebbi_metro": "", "legkozelebbi_villamos": "Balkán utca", "legkozelebbi_busz": "Hizlaló tér", "legkozelebbi_park": "Kékvirág park", "legkozelebbi_kotottpalya_tipus": "villamos" }, "geometry": { "type": "Point", "coordinates": [ 19.1211, 47.4728 ] } },
{ "type": "Feature", "properties": { "listing_id": "35548392", "listing_type": "elado", "cim_teljes": "Budapest X. kerület, Ceglédi út 11.", "varosresz": "Gyárdűlő", "price_huf": 97630000.0, "ar_millio_ft": 97.63, "ar_ezer_ft_ho": 97630.0, "nm_ar_huf": 1502000.0, "log_ar": 18.396695381201855, "log_nm_ar": 14.222308111306218, "is_ar_outlier": 0, "alapterulet_nm": 65.0, "korrigalt_alapterulet_nm": 69.51, "szobaszam_osszes": 3.0, "allapot_kod": 6, "is_felujitando": 0, "is_ujszeru_vagy_uj": 1, "is_panel": 0, "is_tegla": 1, "has_lift": 1, "has_klima": 0, "has_erkely": 1, "is_foldszint": 0, "is_zaroszint": 0, "epulet_kora_ev": 0.0, "geokodolt_lat": 47.4728, "geokodolt_lon": 19.1211, "minta_garantalt_pontos": 1, "tavolsag_vasut_m": 416.4, "vasut_zona": "300-500 m", "is_vasut_immisszio_150m": 0, "tavolsag_vasut_halozati_m": 1670.1, "menetido_vasut_gyalog_perc": 22.3, "vasut_5p_seta": 0, "vasut_10p_seta": 0, "vasut_15p_seta": 0, "url": "https://ingatlan.com/35548392", "title": "Eladó tégla lakás - Budapest X. kerület, Ceglédi út 11. #35548392", "postal_code": "1107", "varos": "Budapest", "utca": "Ceglédi út", "hazszam_vegleges": "11", "allapot": "új építésű", "ingatlan_altipus": "Tégla lakás", "epites_eve": 2028.0, "epites_eve_kategoria": "Új építésű (2025+)", "erkely_nm": 9.02, "szobaszam_egesz": 3.0, "szobaszam_fel": 0.0, "szobaszam_kategoria": "3 szoba", "atlagos_szobameret_nm": 21.666666666666668, "emelet": "5", "emelet_szam": 5.0, "epulet_szintjei_szam": 7.0, "is_magas_emelet_lift_nelkul": 0, "futes": "hőszivattyú", "futes_kategoria": null, "has_tavfutes": 0, "has_konvektor": 0, "has_megujulo": 1, "has_garazs_vagy_beallo": 0, "energetikai_tanusitvany": "A+", "butorozott": null, "koltozheto": null, "min_berleti_ido": null, "kertkapcsolatos": "nem", "kozos_koltseg_huf": null, "rezsikoltseg_huf": null, "hirdeto_tipus": "Ingatlaniroda", "iroda_neve": null, "leiras_hossz": 716.0, "fenykepek_szama": 4.0, "geokodolas_modszere": null, "geokodolas_pontossag": null, "price_eur": null, "nm_ar_eur": null, "kozos_koltseg_eur": null, "rezsikoltseg_eur": null, "kaucio_eur": null, "tavolsag_metro_halozati_m": 743.5, "metro_5p_seta": 0, "metro_10p_seta": 1, "metro_15p_seta": 1, "tavolsag_villamos_halozati_m": 540.2, "villamos_5p_seta": 0, "villamos_10p_seta": 1, "villamos_15p_seta": 1, "tavolsag_busz_halozati_m": 214.3, "busz_5p_seta": 1, "busz_10p_seta": 1, "tavolsag_kotottpalya_halozati_m": 540.2, "kotottpalya_5p_seta": 0, "kotottpalya_10p_seta": 1, "kotottpalya_15p_seta": 1, "tavolsag_park_halozati_m": 536.9, "park_5p_seta": 0, "park_10p_seta": 1, "park_15p_seta": 1, "poi_5p_count": 3.0, "poi_10p_count": 19.0, "poi_15p_count": 64.0, "tavolsag_iskola_halozati_m": 1418.5, "iskola_5p_seta": 0, "iskola_10p_seta": 0, "iskola_15p_seta": 0, "tavolsag_ovoda_halozati_m": 686.9, "ovoda_5p_seta": 0, "ovoda_10p_seta": 1, "ovoda_15p_seta": 1, "tavolsag_bolt_halozati_m": 482.4, "bolt_5p_seta": 0, "bolt_10p_seta": 1, "bolt_15p_seta": 1, "tavolsag_gyogyszertar_halozati_m": 335.7, "gyogyszertar_5p_seta": 1, "gyogyszertar_10p_seta": 1, "gyogyszertar_15p_seta": 1, "tavolsag_orvos_halozati_m": 1125.5, "orvos_5p_seta": 0, "orvos_10p_seta": 0, "orvos_15p_seta": 0, "legkozelebbi_vasut": "Kőbánya alsó", "legkozelebbi_metro": "", "legkozelebbi_villamos": "Balkán utca", "legkozelebbi_busz": "Hizlaló tér", "legkozelebbi_park": "Kékvirág park", "legkozelebbi_kotottpalya_tipus": "villamos" }, "geometry": { "type": "Point", "coordinates": [ 19.1211, 47.4728 ] } },
{ "type": "Feature", "properties": { "listing_id": "35548394", "listing_type": "elado", "cim_teljes": "Budapest X. kerület, Ceglédi út 11.", "varosresz": "Gyárdűlő", "price_huf": 97630000.0, "ar_millio_ft": 97.63, "ar_ezer_ft_ho": 97630.0, "nm_ar_huf": 1502000.0, "log_ar": 18.396695381201855, "log_nm_ar": 14.222308111306218, "is_ar_outlier": 0, "alapterulet_nm": 65.0, "korrigalt_alapterulet_nm": 69.51, "szobaszam_osszes": 3.0, "allapot_kod": 6, "is_felujitando": 0, "is_ujszeru_vagy_uj": 1, "is_panel": 0, "is_tegla": 1, "has_lift": 1, "has_klima": 0, "has_erkely": 1, "is_foldszint": 0, "is_zaroszint": 0, "epulet_kora_ev": 0.0, "geokodolt_lat": 47.4728, "geokodolt_lon": 19.1211, "minta_garantalt_pontos": 1, "tavolsag_vasut_m": 416.4, "vasut_zona": "300-500 m", "is_vasut_immisszio_150m": 0, "tavolsag_vasut_halozati_m": 1670.1, "menetido_vasut_gyalog_perc": 22.3, "vasut_5p_seta": 0, "vasut_10p_seta": 0, "vasut_15p_seta": 0, "url": "https://ingatlan.com/35548394", "title": "Eladó tégla lakás - Budapest X. kerület, Ceglédi út 11. #35548394", "postal_code": "1107", "varos": "Budapest", "utca": "Ceglédi út", "hazszam_vegleges": "11", "allapot": "új építésű", "ingatlan_altipus": "Tégla lakás", "epites_eve": 2028.0, "epites_eve_kategoria": "Új építésű (2025+)", "erkely_nm": 9.02, "szobaszam_egesz": 3.0, "szobaszam_fel": 0.0, "szobaszam_kategoria": "3 szoba", "atlagos_szobameret_nm": 21.666666666666668, "emelet": "6", "emelet_szam": 6.0, "epulet_szintjei_szam": 7.0, "is_magas_emelet_lift_nelkul": 0, "futes": "hőszivattyú", "futes_kategoria": null, "has_tavfutes": 0, "has_konvektor": 0, "has_megujulo": 1, "has_garazs_vagy_beallo": 0, "energetikai_tanusitvany": "A+", "butorozott": null, "koltozheto": null, "min_berleti_ido": null, "kertkapcsolatos": "nem", "kozos_koltseg_huf": null, "rezsikoltseg_huf": null, "hirdeto_tipus": "Ingatlaniroda", "iroda_neve": null, "leiras_hossz": 716.0, "fenykepek_szama": 4.0, "geokodolas_modszere": null, "geokodolas_pontossag": null, "price_eur": null, "nm_ar_eur": null, "kozos_koltseg_eur": null, "rezsikoltseg_eur": null, "kaucio_eur": null, "tavolsag_metro_halozati_m": 743.5, "metro_5p_seta": 0, "metro_10p_seta": 1, "metro_15p_seta": 1, "tavolsag_villamos_halozati_m": 540.2, "villamos_5p_seta": 0, "villamos_10p_seta": 1, "villamos_15p_seta": 1, "tavolsag_busz_halozati_m": 214.3, "busz_5p_seta": 1, "busz_10p_seta": 1, "tavolsag_kotottpalya_halozati_m": 540.2, "kotottpalya_5p_seta": 0, "kotottpalya_10p_seta": 1, "kotottpalya_15p_seta": 1, "tavolsag_park_halozati_m": 536.9, "park_5p_seta": 0, "park_10p_seta": 1, "park_15p_seta": 1, "poi_5p_count": 3.0, "poi_10p_count": 19.0, "poi_15p_count": 64.0, "tavolsag_iskola_halozati_m": 1418.5, "iskola_5p_seta": 0, "iskola_10p_seta": 0, "iskola_15p_seta": 0, "tavolsag_ovoda_halozati_m": 686.9, "ovoda_5p_seta": 0, "ovoda_10p_seta": 1, "ovoda_15p_seta": 1, "tavolsag_bolt_halozati_m": 482.4, "bolt_5p_seta": 0, "bolt_10p_seta": 1, "bolt_15p_seta": 1, "tavolsag_gyogyszertar_halozati_m": 335.7, "gyogyszertar_5p_seta": 1, "gyogyszertar_10p_seta": 1, "gyogyszertar_15p_seta": 1, "tavolsag_orvos_halozati_m": 1125.5, "orvos_5p_seta": 0, "orvos_10p_seta": 0, "orvos_15p_seta": 0, "legkozelebbi_vasut": "Kőbánya alsó", "legkozelebbi_metro": "", "legkozelebbi_villamos": "Balkán utca", "legkozelebbi_busz": "Hizlaló tér", "legkozelebbi_park": "Kékvirág park", "legkozelebbi_kotottpalya_tipus": "villamos" }, "geometry": { "type": "Point", "coordinates": [ 19.1211, 47.4728 ] } },
{ "type": "Feature", "properties": { "listing_id": "35549624", "listing_type": "elado", "cim_teljes": "Budapest X. kerület, Gergely utca 102.", "varosresz": "Újhegy", "price_huf": 132500000.0, "ar_millio_ft": 132.5, "ar_ezer_ft_ho": 132500.0, "nm_ar_huf": 1790540.5405405406, "log_ar": 18.70209320339055, "log_nm_ar": 14.398028110186381, "is_ar_outlier": 0, "alapterulet_nm": 74.0, "korrigalt_alapterulet_nm": 84.0, "szobaszam_osszes": 4.0, "allapot_kod": 3, "is_felujitando": 0, "is_ujszeru_vagy_uj": 0, "is_panel": 0, "is_tegla": 1, "has_lift": 1, "has_klima": 1, "has_erkely": 1, "is_foldszint": 0, "is_zaroszint": 0, "epulet_kora_ev": 0.0, "geokodolt_lat": 47.466464, "geokodolt_lon": 19.158341, "minta_garantalt_pontos": 1, "tavolsag_vasut_m": 452.6, "vasut_zona": "300-500 m", "is_vasut_immisszio_150m": 0, "tavolsag_vasut_halozati_m": 1008.7, "menetido_vasut_gyalog_perc": 13.4, "vasut_5p_seta": 0, "vasut_10p_seta": 0, "vasut_15p_seta": 1, "url": "https://ingatlan.com/35549624", "title": "Eladó tégla lakás - Budapest X. kerület, Gergely utca 102. #35549624", "postal_code": "1103", "varos": "Budapest", "utca": "Gergely utca", "hazszam_vegleges": "102", "allapot": "nincs megadva", "ingatlan_altipus": "Tégla lakás", "epites_eve": 2025.0, "epites_eve_kategoria": "Új építésű (2025+)", "erkely_nm": 20.0, "szobaszam_egesz": 4.0, "szobaszam_fel": 0.0, "szobaszam_kategoria": "4+ szoba", "atlagos_szobameret_nm": 18.5, "emelet": "1", "emelet_szam": 1.0, "epulet_szintjei_szam": null, "is_magas_emelet_lift_nelkul": 0, "futes": "házközponti", "futes_kategoria": null, "has_tavfutes": 0, "has_konvektor": 0, "has_megujulo": 0, "has_garazs_vagy_beallo": 0, "energetikai_tanusitvany": "A++", "butorozott": null, "koltozheto": null, "min_berleti_ido": null, "kertkapcsolatos": "nincs megadva", "kozos_koltseg_huf": null, "rezsikoltseg_huf": null, "hirdeto_tipus": "Ingatlaniroda", "iroda_neve": null, "leiras_hossz": 637.0, "fenykepek_szama": 4.0, "geokodolas_modszere": null, "geokodolas_pontossag": null, "price_eur": null, "nm_ar_eur": null, "kozos_koltseg_eur": null, "rezsikoltseg_eur": null, "kaucio_eur": null, "tavolsag_metro_halozati_m": 1014.6, "metro_5p_seta": 0, "metro_10p_seta": 0, "metro_15p_seta": 1, "tavolsag_villamos_halozati_m": 1553.5, "villamos_5p_seta": 0, "villamos_10p_seta": 0, "villamos_15p_seta": 0, "tavolsag_busz_halozati_m": 63.8, "busz_5p_seta": 1, "busz_10p_seta": 1, "tavolsag_kotottpalya_halozati_m": 1008.7, "kotottpalya_5p_seta": 0, "kotottpalya_10p_seta": 0, "kotottpalya_15p_seta": 1, "tavolsag_park_halozati_m": 306.5, "park_5p_seta": 1, "park_10p_seta": 1, "park_15p_seta": 1, "poi_5p_count": 6.0, "poi_10p_count": 28.0, "poi_15p_count": 71.0, "tavolsag_iskola_halozati_m": null, "iskola_5p_seta": 0, "iskola_10p_seta": 0, "iskola_15p_seta": 0, "tavolsag_ovoda_halozati_m": null, "ovoda_5p_seta": 0, "ovoda_10p_seta": 0, "ovoda_15p_seta": 0, "tavolsag_bolt_halozati_m": 451.9, "bolt_5p_seta": 0, "bolt_10p_seta": 1, "bolt_15p_seta": 1, "tavolsag_gyogyszertar_halozati_m": 138.4, "gyogyszertar_5p_seta": 1, "gyogyszertar_10p_seta": 1, "gyogyszertar_15p_seta": 1, "tavolsag_orvos_halozati_m": 1779.9, "orvos_5p_seta": 0, "orvos_10p_seta": 0, "orvos_15p_seta": 0, "legkozelebbi_vasut": "Kőbánya-Kispest", "legkozelebbi_metro": "", "legkozelebbi_villamos": "Sírkert út", "legkozelebbi_busz": "Rózsaliget", "legkozelebbi_park": "Gőzmozdony park", "legkozelebbi_kotottpalya_tipus": "vasut" }, "geometry": { "type": "Point", "coordinates": [ 19.158341, 47.466464 ] } },
{ "type": "Feature", "properties": { "listing_id": "35553425", "listing_type": "elado", "cim_teljes": "Budapest X. kerület, Gyógyszergyári utca 10.", "varosresz": "Felsőrákos", "price_huf": 64900000.0, "ar_millio_ft": 64.9, "ar_ezer_ft_ho": 64900.0, "nm_ar_huf": 1802777.7777777778, "log_ar": 17.988358181674318, "log_nm_ar": 14.404839243218209, "is_ar_outlier": 0, "alapterulet_nm": 36.0, "korrigalt_alapterulet_nm": 41.5, "szobaszam_osszes": 1.0, "allapot_kod": 5, "is_felujitando": 0, "is_ujszeru_vagy_uj": 1, "is_panel": 0, "is_tegla": 1, "has_lift": 1, "has_klima": 1, "has_erkely": 1, "is_foldszint": 0, "is_zaroszint": 0, "epulet_kora_ev": 0.0, "geokodolt_lat": 47.497327, "geokodolt_lon": 19.139864, "minta_garantalt_pontos": 1, "tavolsag_vasut_m": 432.7, "vasut_zona": "300-500 m", "is_vasut_immisszio_150m": 0, "tavolsag_vasut_halozati_m": 914.9, "menetido_vasut_gyalog_perc": 12.2, "vasut_5p_seta": 0, "vasut_10p_seta": 0, "vasut_15p_seta": 1, "url": "https://ingatlan.com/35553425", "title": "Eladó tégla lakás - Budapest X. kerület, Gyógyszergyári utca 10. #35553425", "postal_code": "1106", "varos": "Budapest", "utca": "Gyógyszergyári utca", "hazszam_vegleges": "10", "allapot": "újszerű", "ingatlan_altipus": "Tégla lakás", "epites_eve": 2026.0, "epites_eve_kategoria": "Új építésű (2025+)", "erkely_nm": 11.0, "szobaszam_egesz": 1.0, "szobaszam_fel": 0.0, "szobaszam_kategoria": "1 szoba", "atlagos_szobameret_nm": 36.0, "emelet": "5", "emelet_szam": 5.0, "epulet_szintjei_szam": 8.0, "is_magas_emelet_lift_nelkul": 0, "futes": "távfűtés egyedi méréssel, padlófűtés, hűtő-fűtő klíma", "futes_kategoria": null, "has_tavfutes": 1, "has_konvektor": 0, "has_megujulo": 0, "has_garazs_vagy_beallo": 0, "energetikai_tanusitvany": "A+", "butorozott": null, "koltozheto": null, "min_berleti_ido": null, "kertkapcsolatos": "nem", "kozos_koltseg_huf": null, "rezsikoltseg_huf": null, "hirdeto_tipus": "Ingatlaniroda", "iroda_neve": null, "leiras_hossz": 2115.0, "fenykepek_szama": 4.0, "geokodolas_modszere": null, "geokodolas_pontossag": null, "price_eur": null, "nm_ar_eur": null, "kozos_koltseg_eur": null, "rezsikoltseg_eur": null, "kaucio_eur": null, "tavolsag_metro_halozati_m": 817.0, "metro_5p_seta": 0, "metro_10p_seta": 0, "metro_15p_seta": 1, "tavolsag_villamos_halozati_m": 146.6, "villamos_5p_seta": 1, "villamos_10p_seta": 1, "villamos_15p_seta": 1, "tavolsag_busz_halozati_m": 445.1, "busz_5p_seta": 0, "busz_10p_seta": 1, "tavolsag_kotottpalya_halozati_m": 146.6, "kotottpalya_5p_seta": 1, "kotottpalya_10p_seta": 1, "kotottpalya_15p_seta": 1, "tavolsag_park_halozati_m": 429.1, "park_5p_seta": 0, "park_10p_seta": 1, "park_15p_seta": 1, "poi_5p_count": 2.0, "poi_10p_count": 30.0, "poi_15p_count": 99.0, "tavolsag_iskola_halozati_m": 1443.2, "iskola_5p_seta": 0, "iskola_10p_seta": 0, "iskola_15p_seta": 0, "tavolsag_ovoda_halozati_m": 1468.0, "ovoda_5p_seta": 0, "ovoda_10p_seta": 0, "ovoda_15p_seta": 0, "tavolsag_bolt_halozati_m": 765.2, "bolt_5p_seta": 0, "bolt_10p_seta": 0, "bolt_15p_seta": 1, "tavolsag_gyogyszertar_halozati_m": 557.9, "gyogyszertar_5p_seta": 0, "gyogyszertar_10p_seta": 1, "gyogyszertar_15p_seta": 1, "tavolsag_orvos_halozati_m": 818.9, "orvos_5p_seta": 0, "orvos_10p_seta": 0, "orvos_15p_seta": 1, "legkozelebbi_vasut": "Örs vezér tere", "legkozelebbi_metro": "", "legkozelebbi_villamos": "Kincsem lakópark", "legkozelebbi_busz": "Fehér úti ipari park", "legkozelebbi_park": "Névtelen zöldfelület / park", "legkozelebbi_kotottpalya_tipus": "villamos" }, "geometry": { "type": "Point", "coordinates": [ 19.139864, 47.497327 ] } },
{ "type": "Feature", "properties": { "listing_id": "35555160", "listing_type": "elado", "cim_teljes": "Budapest X. kerület, Martinovics tér 9.", "varosresz": "Óhegy", "price_huf": 65000000.0, "ar_millio_ft": 65.0, "ar_ezer_ft_ho": 65000.0, "nm_ar_huf": 1477272.7272727273, "log_ar": 17.98989782785991, "log_nm_ar": 14.20570819394165, "is_ar_outlier": 0, "alapterulet_nm": 44.0, "korrigalt_alapterulet_nm": 44.0, "szobaszam_osszes": 2.0, "allapot_kod": 3, "is_felujitando": 0, "is_ujszeru_vagy_uj": 0, "is_panel": 0, "is_tegla": 1, "has_lift": 0, "has_klima": 0, "has_erkely": 0, "is_foldszint": 0, "is_zaroszint": 0, "epulet_kora_ev": 21.0, "geokodolt_lat": 47.481085, "geokodolt_lon": 19.134945, "minta_garantalt_pontos": 1, "tavolsag_vasut_m": 417.0, "vasut_zona": "300-500 m", "is_vasut_immisszio_150m": 0, "tavolsag_vasut_halozati_m": 720.0, "menetido_vasut_gyalog_perc": 9.6, "vasut_5p_seta": 0, "vasut_10p_seta": 1, "vasut_15p_seta": 1, "url": "https://ingatlan.com/35555160", "title": "Eladó tégla lakás - Budapest X. kerület, Martinovics tér 9. #35555160", "postal_code": "1105", "varos": "Budapest", "utca": "Martinovics tér", "hazszam_vegleges": "9", "allapot": "jó állapotú", "ingatlan_altipus": "Tégla lakás", "epites_eve": 2005.0, "epites_eve_kategoria": "10-30 év (rendszerváltás utáni)", "erkely_nm": 0.0, "szobaszam_egesz": 2.0, "szobaszam_fel": 0.0, "szobaszam_kategoria": "2 szoba", "atlagos_szobameret_nm": 22.0, "emelet": "2", "emelet_szam": 2.0, "epulet_szintjei_szam": 4.0, "is_magas_emelet_lift_nelkul": 0, "futes": "gázkazán", "futes_kategoria": null, "has_tavfutes": 0, "has_konvektor": 1, "has_megujulo": 0, "has_garazs_vagy_beallo": 0, "energetikai_tanusitvany": "nincs megadva", "butorozott": null, "koltozheto": null, "min_berleti_ido": null, "kertkapcsolatos": "nem", "kozos_koltseg_huf": null, "rezsikoltseg_huf": null, "hirdeto_tipus": "Ingatlaniroda", "iroda_neve": null, "leiras_hossz": 541.0, "fenykepek_szama": 2.0, "geokodolas_modszere": null, "geokodolas_pontossag": null, "price_eur": null, "nm_ar_eur": null, "kozos_koltseg_eur": null, "rezsikoltseg_eur": null, "kaucio_eur": null, "tavolsag_metro_halozati_m": null, "metro_5p_seta": 0, "metro_10p_seta": 0, "metro_15p_seta": 0, "tavolsag_villamos_halozati_m": 430.9, "villamos_5p_seta": 0, "villamos_10p_seta": 1, "villamos_15p_seta": 1, "tavolsag_busz_halozati_m": 83.9, "busz_5p_seta": 1, "busz_10p_seta": 1, "tavolsag_kotottpalya_halozati_m": 430.9, "kotottpalya_5p_seta": 0, "kotottpalya_10p_seta": 1, "kotottpalya_15p_seta": 1, "tavolsag_park_halozati_m": 280.6, "park_5p_seta": 1, "park_10p_seta": 1, "park_15p_seta": 1, "poi_5p_count": 9.0, "poi_10p_count": 67.0, "poi_15p_count": 110.0, "tavolsag_iskola_halozati_m": 379.2, "iskola_5p_seta": 0, "iskola_10p_seta": 1, "iskola_15p_seta": 1, "tavolsag_ovoda_halozati_m": 1076.9, "ovoda_5p_seta": 0, "ovoda_10p_seta": 0, "ovoda_15p_seta": 1, "tavolsag_bolt_halozati_m": 94.1, "bolt_5p_seta": 1, "bolt_10p_seta": 1, "bolt_15p_seta": 1, "tavolsag_gyogyszertar_halozati_m": 556.2, "gyogyszertar_5p_seta": 0, "gyogyszertar_10p_seta": 1, "gyogyszertar_15p_seta": 1, "tavolsag_orvos_halozati_m": null, "orvos_5p_seta": 0, "orvos_10p_seta": 0, "orvos_15p_seta": 0, "legkozelebbi_vasut": "Kőbánya alsó", "legkozelebbi_metro": "", "legkozelebbi_villamos": "Kápolna utca", "legkozelebbi_busz": "Kápolna tér", "legkozelebbi_park": "Csajkovszkij park", "legkozelebbi_kotottpalya_tipus": "villamos" }, "geometry": { "type": "Point", "coordinates": [ 19.134945, 47.481085 ] } },
{ "type": "Feature", "properties": { "listing_id": "35555508", "listing_type": "elado", "cim_teljes": "Budapest X. kerület, Kozma utca 15.", "varosresz": "Keresztúridűlő", "price_huf": 44900000.0, "ar_millio_ft": 44.9, "ar_ezer_ft_ho": 44900.0, "nm_ar_huf": 1247222.2222222222, "log_ar": 17.619948352712484, "log_nm_ar": 14.036429414256373, "is_ar_outlier": 0, "alapterulet_nm": 36.0, "korrigalt_alapterulet_nm": 37.5, "szobaszam_osszes": 1.0, "allapot_kod": 3, "is_felujitando": 0, "is_ujszeru_vagy_uj": 0, "is_panel": 0, "is_tegla": 1, "has_lift": 0, "has_klima": 1, "has_erkely": 1, "is_foldszint": 0, "is_zaroszint": 1, "epulet_kora_ev": 58.0, "geokodolt_lat": 47.468711, "geokodolt_lon": 19.178341, "minta_garantalt_pontos": 1, "tavolsag_vasut_m": 1250.1, "vasut_zona": "1000-2000 m", "is_vasut_immisszio_150m": 0, "tavolsag_vasut_halozati_m": null, "menetido_vasut_gyalog_perc": null, "vasut_5p_seta": 0, "vasut_10p_seta": 0, "vasut_15p_seta": 0, "url": "https://ingatlan.com/35555508", "title": "Eladó tégla lakás - Budapest X. kerület, Kozma utca 15. #35555508", "postal_code": "1108", "varos": "Budapest", "utca": "Kozma utca", "hazszam_vegleges": "15", "allapot": "jó állapotú", "ingatlan_altipus": "Tégla lakás", "epites_eve": 1968.0, "epites_eve_kategoria": "30-60 év (panel-korszak)", "erkely_nm": 3.0, "szobaszam_egesz": 1.0, "szobaszam_fel": 0.0, "szobaszam_kategoria": "1 szoba", "atlagos_szobameret_nm": 36.0, "emelet": "2", "emelet_szam": 2.0, "epulet_szintjei_szam": 2.0, "is_magas_emelet_lift_nelkul": 0, "futes": "hűtő-fűtő klíma, elektromos fűtőpanel", "futes_kategoria": null, "has_tavfutes": 0, "has_konvektor": 0, "has_megujulo": 0, "has_garazs_vagy_beallo": 0, "energetikai_tanusitvany": "nincs megadva", "butorozott": null, "koltozheto": null, "min_berleti_ido": null, "kertkapcsolatos": "nem", "kozos_koltseg_huf": 13244.0, "rezsikoltseg_huf": null, "hirdeto_tipus": "Ingatlaniroda", "iroda_neve": null, "leiras_hossz": 2319.0, "fenykepek_szama": 4.0, "geokodolas_modszere": null, "geokodolas_pontossag": null, "price_eur": null, "nm_ar_eur": null, "kozos_koltseg_eur": null, "rezsikoltseg_eur": null, "kaucio_eur": null, "tavolsag_metro_halozati_m": null, "metro_5p_seta": 0, "metro_10p_seta": 0, "metro_15p_seta": 0, "tavolsag_villamos_halozati_m": 927.4, "villamos_5p_seta": 0, "villamos_10p_seta": 0, "villamos_15p_seta": 1, "tavolsag_busz_halozati_m": 673.3, "busz_5p_seta": 0, "busz_10p_seta": 1, "tavolsag_kotottpalya_halozati_m": 927.4, "kotottpalya_5p_seta": 0, "kotottpalya_10p_seta": 0, "kotottpalya_15p_seta": 1, "tavolsag_park_halozati_m": 1283.8, "park_5p_seta": 0, "park_10p_seta": 0, "park_15p_seta": 0, "poi_5p_count": 0.0, "poi_10p_count": 1.0, "poi_15p_count": 14.0, "tavolsag_iskola_halozati_m": null, "iskola_5p_seta": 0, "iskola_10p_seta": 0, "iskola_15p_seta": 0, "tavolsag_ovoda_halozati_m": null, "ovoda_5p_seta": 0, "ovoda_10p_seta": 0, "ovoda_15p_seta": 0, "tavolsag_bolt_halozati_m": 1684.2, "bolt_5p_seta": 0, "bolt_10p_seta": 0, "bolt_15p_seta": 0, "tavolsag_gyogyszertar_halozati_m": 1803.3, "gyogyszertar_5p_seta": 0, "gyogyszertar_10p_seta": 0, "gyogyszertar_15p_seta": 0, "tavolsag_orvos_halozati_m": 2021.1, "orvos_5p_seta": 0, "orvos_10p_seta": 0, "orvos_15p_seta": 0, "legkozelebbi_vasut": "", "legkozelebbi_metro": "", "legkozelebbi_villamos": "Új köztemető", "legkozelebbi_busz": "Maglódi út", "legkozelebbi_park": "1848-49-es honvédsírok", "legkozelebbi_kotottpalya_tipus": "villamos" }, "geometry": { "type": "Point", "coordinates": [ 19.178341, 47.468711 ] } },
{ "type": "Feature", "properties": { "listing_id": "35556566", "listing_type": "elado", "cim_teljes": "Budapest X. kerület, Kőbányai út 45.", "varosresz": "Gyárdűlő", "price_huf": 165000000.0, "ar_millio_ft": 165.0, "ar_ezer_ft_ho": 165000.0, "nm_ar_huf": 1513761.4678899082, "log_ar": 18.921456031864853, "log_nm_ar": 14.230108149635711, "is_ar_outlier": 0, "alapterulet_nm": 109.0, "korrigalt_alapterulet_nm": 193.5, "szobaszam_osszes": 4.0, "allapot_kod": 4, "is_felujitando": 0, "is_ujszeru_vagy_uj": 0, "is_panel": 0, "is_tegla": 1, "has_lift": 1, "has_klima": 1, "has_erkely": 1, "is_foldszint": 0, "is_zaroszint": 1, "epulet_kora_ev": 14.0, "geokodolt_lat": 47.483681, "geokodolt_lon": 19.114939, "minta_garantalt_pontos": 1, "tavolsag_vasut_m": 295.0, "vasut_zona": "150-300 m", "is_vasut_immisszio_150m": 0, "tavolsag_vasut_halozati_m": 1034.6, "menetido_vasut_gyalog_perc": 13.8, "vasut_5p_seta": 0, "vasut_10p_seta": 0, "vasut_15p_seta": 1, "url": "https://ingatlan.com/35556566", "title": "Eladó tégla lakás - Budapest X. kerület, Kőbányai út 45. #35556566", "postal_code": "1101", "varos": "Budapest", "utca": "Kőbányai út", "hazszam_vegleges": "45", "allapot": "felújított", "ingatlan_altipus": "Tégla lakás", "epites_eve": 2012.0, "epites_eve_kategoria": "10-30 év (rendszerváltás utáni)", "erkely_nm": 169.0, "szobaszam_egesz": 4.0, "szobaszam_fel": 0.0, "szobaszam_kategoria": "4+ szoba", "atlagos_szobameret_nm": 27.25, "emelet": "4", "emelet_szam": 4.0, "epulet_szintjei_szam": 4.0, "is_magas_emelet_lift_nelkul": 0, "futes": "távfűtés egyedi méréssel", "futes_kategoria": null, "has_tavfutes": 1, "has_konvektor": 0, "has_megujulo": 0, "has_garazs_vagy_beallo": 0, "energetikai_tanusitvany": "A+", "butorozott": null, "koltozheto": null, "min_berleti_ido": null, "kertkapcsolatos": "nincs megadva", "kozos_koltseg_huf": 85000.0, "rezsikoltseg_huf": null, "hirdeto_tipus": "Ingatlaniroda", "iroda_neve": null, "leiras_hossz": 8066.0, "fenykepek_szama": 4.0, "geokodolas_modszere": null, "geokodolas_pontossag": null, "price_eur": null, "nm_ar_eur": null, "kozos_koltseg_eur": null, "rezsikoltseg_eur": null, "kaucio_eur": null, "tavolsag_metro_halozati_m": 1877.6, "metro_5p_seta": 0, "metro_10p_seta": 0, "metro_15p_seta": 0, "tavolsag_villamos_halozati_m": 255.8, "villamos_5p_seta": 1, "villamos_10p_seta": 1, "villamos_15p_seta": 1, "tavolsag_busz_halozati_m": 279.0, "busz_5p_seta": 1, "busz_10p_seta": 1, "tavolsag_kotottpalya_halozati_m": 255.8, "kotottpalya_5p_seta": 1, "kotottpalya_10p_seta": 1, "kotottpalya_15p_seta": 1, "tavolsag_park_halozati_m": 521.3, "park_5p_seta": 0, "park_10p_seta": 1, "park_15p_seta": 1, "poi_5p_count": 4.0, "poi_10p_count": 18.0, "poi_15p_count": 52.0, "tavolsag_iskola_halozati_m": 717.4, "iskola_5p_seta": 0, "iskola_10p_seta": 1, "iskola_15p_seta": 1, "tavolsag_ovoda_halozati_m": 1532.4, "ovoda_5p_seta": 0, "ovoda_10p_seta": 0, "ovoda_15p_seta": 0, "tavolsag_bolt_halozati_m": 431.2, "bolt_5p_seta": 0, "bolt_10p_seta": 1, "bolt_15p_seta": 1, "tavolsag_gyogyszertar_halozati_m": 436.2, "gyogyszertar_5p_seta": 0, "gyogyszertar_10p_seta": 1, "gyogyszertar_15p_seta": 1, "tavolsag_orvos_halozati_m": null, "orvos_5p_seta": 0, "orvos_10p_seta": 0, "orvos_15p_seta": 0, "legkozelebbi_vasut": "Kőbánya alsó", "legkozelebbi_metro": "", "legkozelebbi_villamos": "Kismartoni út", "legkozelebbi_busz": "Kismartoni út", "legkozelebbi_park": "Játszótér", "legkozelebbi_kotottpalya_tipus": "villamos" }, "geometry": { "type": "Point", "coordinates": [ 19.114939, 47.483681 ] } },
{ "type": "Feature", "properties": { "listing_id": "35559807", "listing_type": "elado", "cim_teljes": "Budapest X. kerület, Mádi utca 198.", "varosresz": "Újhegy", "price_huf": 68900000.0, "ar_millio_ft": 68.9, "ar_ezer_ft_ho": 68900.0, "nm_ar_huf": 1208771.9298245613, "log_ar": 18.048166735983887, "log_nm_ar": 14.005115468149336, "is_ar_outlier": 0, "alapterulet_nm": 57.0, "korrigalt_alapterulet_nm": 58.5, "szobaszam_osszes": 3.0, "allapot_kod": 3, "is_felujitando": 0, "is_ujszeru_vagy_uj": 0, "is_panel": 1, "is_tegla": 0, "has_lift": 1, "has_klima": 0, "has_erkely": 1, "is_foldszint": 0, "is_zaroszint": 0, "epulet_kora_ev": 38.0, "geokodolt_lat": 47.472445, "geokodolt_lon": 19.165982, "minta_garantalt_pontos": 1, "tavolsag_vasut_m": 890.7, "vasut_zona": "500-1000 m", "is_vasut_immisszio_150m": 0, "tavolsag_vasut_halozati_m": 1867.9, "menetido_vasut_gyalog_perc": 24.9, "vasut_5p_seta": 0, "vasut_10p_seta": 0, "vasut_15p_seta": 0, "url": "https://ingatlan.com/35559807", "title": "Eladó panel lakás - Budapest X. kerület, Mádi utca 198. #35559807", "postal_code": "1108", "varos": "Budapest", "utca": "Mádi utca", "hazszam_vegleges": "198", "allapot": "jó állapotú", "ingatlan_altipus": "Panel lakás", "epites_eve": 1988.0, "epites_eve_kategoria": "30-60 év (panel-korszak)", "erkely_nm": 3.0, "szobaszam_egesz": 3.0, "szobaszam_fel": 0.0, "szobaszam_kategoria": "3 szoba", "atlagos_szobameret_nm": 19.0, "emelet": "7", "emelet_szam": 7.0, "epulet_szintjei_szam": 10.0, "is_magas_emelet_lift_nelkul": 0, "futes": "távfűtés egyedi méréssel", "futes_kategoria": null, "has_tavfutes": 1, "has_konvektor": 0, "has_megujulo": 0, "has_garazs_vagy_beallo": 0, "energetikai_tanusitvany": "nincs megadva", "butorozott": null, "koltozheto": null, "min_berleti_ido": null, "kertkapcsolatos": "nem", "kozos_koltseg_huf": 16400.0, "rezsikoltseg_huf": null, "hirdeto_tipus": "Ingatlaniroda", "iroda_neve": null, "leiras_hossz": 2054.0, "fenykepek_szama": 4.0, "geokodolas_modszere": null, "geokodolas_pontossag": null, "price_eur": null, "nm_ar_eur": null, "kozos_koltseg_eur": null, "rezsikoltseg_eur": null, "kaucio_eur": null, "tavolsag_metro_halozati_m": 1873.8, "metro_5p_seta": 0, "metro_10p_seta": 0, "metro_15p_seta": 0, "tavolsag_villamos_halozati_m": 680.6, "villamos_5p_seta": 0, "villamos_10p_seta": 1, "villamos_15p_seta": 1, "tavolsag_busz_halozati_m": 193.1, "busz_5p_seta": 1, "busz_10p_seta": 1, "tavolsag_kotottpalya_halozati_m": 680.6, "kotottpalya_5p_seta": 0, "kotottpalya_10p_seta": 1, "kotottpalya_15p_seta": 1, "tavolsag_park_halozati_m": 837.8, "park_5p_seta": 0, "park_10p_seta": 0, "park_15p_seta": 1, "poi_5p_count": 6.0, "poi_10p_count": 29.0, "poi_15p_count": 57.0, "tavolsag_iskola_halozati_m": null, "iskola_5p_seta": 0, "iskola_10p_seta": 0, "iskola_15p_seta": 0, "tavolsag_ovoda_halozati_m": null, "ovoda_5p_seta": 0, "ovoda_10p_seta": 0, "ovoda_15p_seta": 0, "tavolsag_bolt_halozati_m": 173.3, "bolt_5p_seta": 1, "bolt_10p_seta": 1, "bolt_15p_seta": 1, "tavolsag_gyogyszertar_halozati_m": 414.3, "gyogyszertar_5p_seta": 0, "gyogyszertar_10p_seta": 1, "gyogyszertar_15p_seta": 1, "tavolsag_orvos_halozati_m": 1004.1, "orvos_5p_seta": 0, "orvos_10p_seta": 0, "orvos_15p_seta": 1, "legkozelebbi_vasut": "Kőbánya-Kispest", "legkozelebbi_metro": "", "legkozelebbi_villamos": "Sírkert út", "legkozelebbi_busz": "Zsombék utca", "legkozelebbi_park": "Újhegy park", "legkozelebbi_kotottpalya_tipus": "villamos" }, "geometry": { "type": "Point", "coordinates": [ 19.165982, 47.472445 ] } },
{ "type": "Feature", "properties": { "listing_id": "35560856", "listing_type": "elado", "cim_teljes": "Budapest X. kerület, Kőrösi Csoma Sándor út 35.", "varosresz": "Kőbánya-Városközpont", "price_huf": 62800000.0, "ar_millio_ft": 62.8, "ar_ezer_ft_ho": 62800.0, "nm_ar_huf": 1184905.6603773586, "log_ar": 17.955465631438425, "log_nm_ar": 13.985173717886305, "is_ar_outlier": 0, "alapterulet_nm": 53.0, "korrigalt_alapterulet_nm": 57.0, "szobaszam_osszes": 2.0, "allapot_kod": 4, "is_felujitando": 0, "is_ujszeru_vagy_uj": 0, "is_panel": 0, "is_tegla": 0, "has_lift": 1, "has_klima": 1, "has_erkely": 1, "is_foldszint": 0, "is_zaroszint": 0, "epulet_kora_ev": null, "geokodolt_lat": 47.488395, "geokodolt_lon": 19.135402, "minta_garantalt_pontos": 1, "tavolsag_vasut_m": 339.6, "vasut_zona": "300-500 m", "is_vasut_immisszio_150m": 0, "tavolsag_vasut_halozati_m": 580.0, "menetido_vasut_gyalog_perc": 7.7, "vasut_5p_seta": 0, "vasut_10p_seta": 1, "vasut_15p_seta": 1, "url": "https://ingatlan.com/35560856", "title": "Eladó csúsztatott zsalus - Budapest X. kerület, Kőrösi Csoma Sándor út 35. #35560856", "postal_code": "1102", "varos": "Budapest", "utca": "Kőrösi Csoma Sándor út", "hazszam_vegleges": "35", "allapot": "felújított", "ingatlan_altipus": "Csúsztatott zsalus lakás", "epites_eve": null, "epites_eve_kategoria": "Ismeretlen", "erkely_nm": 8.0, "szobaszam_egesz": 2.0, "szobaszam_fel": 0.0, "szobaszam_kategoria": "2 szoba", "atlagos_szobameret_nm": 26.5, "emelet": "6", "emelet_szam": 6.0, "epulet_szintjei_szam": 9.0, "is_magas_emelet_lift_nelkul": 0, "futes": "távfűtés egyedi méréssel", "futes_kategoria": null, "has_tavfutes": 1, "has_konvektor": 0, "has_megujulo": 0, "has_garazs_vagy_beallo": 0, "energetikai_tanusitvany": "nincs megadva", "butorozott": null, "koltozheto": null, "min_berleti_ido": null, "kertkapcsolatos": "nincs megadva", "kozos_koltseg_huf": 9000.0, "rezsikoltseg_huf": 25000.0, "hirdeto_tipus": "Ingatlaniroda", "iroda_neve": null, "leiras_hossz": 754.0, "fenykepek_szama": 4.0, "geokodolas_modszere": null, "geokodolas_pontossag": null, "price_eur": null, "nm_ar_eur": null, "kozos_koltseg_eur": null, "rezsikoltseg_eur": null, "kaucio_eur": null, "tavolsag_metro_halozati_m": 2043.1, "metro_5p_seta": 0, "metro_10p_seta": 0, "metro_15p_seta": 0, "tavolsag_villamos_halozati_m": 46.4, "villamos_5p_seta": 1, "villamos_10p_seta": 1, "villamos_15p_seta": 1, "tavolsag_busz_halozati_m": 43.4, "busz_5p_seta": 1, "busz_10p_seta": 1, "tavolsag_kotottpalya_halozati_m": 46.4, "kotottpalya_5p_seta": 1, "kotottpalya_10p_seta": 1, "kotottpalya_15p_seta": 1, "tavolsag_park_halozati_m": 291.7, "park_5p_seta": 1, "park_10p_seta": 1, "park_15p_seta": 1, "poi_5p_count": 11.0, "poi_10p_count": 51.0, "poi_15p_count": 116.0, "tavolsag_iskola_halozati_m": 1240.0, "iskola_5p_seta": 0, "iskola_10p_seta": 0, "iskola_15p_seta": 0, "tavolsag_ovoda_halozati_m": 270.3, "ovoda_5p_seta": 1, "ovoda_10p_seta": 1, "ovoda_15p_seta": 1, "tavolsag_bolt_halozati_m": 541.6, "bolt_5p_seta": 0, "bolt_10p_seta": 1, "bolt_15p_seta": 1, "tavolsag_gyogyszertar_halozati_m": 170.2, "gyogyszertar_5p_seta": 1, "gyogyszertar_10p_seta": 1, "gyogyszertar_15p_seta": 1, "tavolsag_orvos_halozati_m": 2098.0, "orvos_5p_seta": 0, "orvos_10p_seta": 0, "orvos_15p_seta": 0, "legkozelebbi_vasut": "Kőbánya felső", "legkozelebbi_metro": "", "legkozelebbi_villamos": "Szent László Gimnázium", "legkozelebbi_busz": "Szent László Gimnázium", "legkozelebbi_park": "Rottenbiller park", "legkozelebbi_kotottpalya_tipus": "villamos" }, "geometry": { "type": "Point", "coordinates": [ 19.135402, 47.488395 ] } },
{ "type": "Feature", "properties": { "listing_id": "35565650", "listing_type": "elado", "cim_teljes": "Budapest X. kerület, Gyógyszergyári utca 6.", "varosresz": "Felsőrákos", "price_huf": 108500000.0, "ar_millio_ft": 108.5, "ar_ezer_ft_ho": 108500.0, "nm_ar_huf": 1643939.393939394, "log_ar": 18.502260730944787, "log_nm_ar": 14.312605988918364, "is_ar_outlier": 0, "alapterulet_nm": 66.0, "korrigalt_alapterulet_nm": 74.5, "szobaszam_osszes": 3.0, "allapot_kod": 3, "is_felujitando": 0, "is_ujszeru_vagy_uj": 0, "is_panel": 0, "is_tegla": 1, "has_lift": 1, "has_klima": 1, "has_erkely": 1, "is_foldszint": 0, "is_zaroszint": 0, "epulet_kora_ev": 0.0, "geokodolt_lat": 47.497833, "geokodolt_lon": 19.141041, "minta_garantalt_pontos": 1, "tavolsag_vasut_m": 482.9, "vasut_zona": "300-500 m", "is_vasut_immisszio_150m": 0, "tavolsag_vasut_halozati_m": 1008.7, "menetido_vasut_gyalog_perc": 13.4, "vasut_5p_seta": 0, "vasut_10p_seta": 0, "vasut_15p_seta": 1, "url": "https://ingatlan.com/35565650", "title": "Eladó tégla lakás - Budapest X. kerület, Gyógyszergyári utca 6. #35565650", "postal_code": "1106", "varos": "Budapest", "utca": "Gyógyszergyári utca", "hazszam_vegleges": "6", "allapot": "nincs megadva", "ingatlan_altipus": "Tégla lakás", "epites_eve": 2026.0, "epites_eve_kategoria": "Új építésű (2025+)", "erkely_nm": 17.0, "szobaszam_egesz": 3.0, "szobaszam_fel": 0.0, "szobaszam_kategoria": "3 szoba", "atlagos_szobameret_nm": 22.0, "emelet": "1", "emelet_szam": 1.0, "epulet_szintjei_szam": 7.0, "is_magas_emelet_lift_nelkul": 0, "futes": "házközponti", "futes_kategoria": null, "has_tavfutes": 0, "has_konvektor": 0, "has_megujulo": 0, "has_garazs_vagy_beallo": 0, "energetikai_tanusitvany": "nincs megadva", "butorozott": null, "koltozheto": null, "min_berleti_ido": null, "kertkapcsolatos": "nem", "kozos_koltseg_huf": null, "rezsikoltseg_huf": null, "hirdeto_tipus": "Ingatlaniroda", "iroda_neve": null, "leiras_hossz": 2917.0, "fenykepek_szama": 2.0, "geokodolas_modszere": null, "geokodolas_pontossag": null, "price_eur": null, "nm_ar_eur": null, "kozos_koltseg_eur": null, "rezsikoltseg_eur": null, "kaucio_eur": null, "tavolsag_metro_halozati_m": 910.8, "metro_5p_seta": 0, "metro_10p_seta": 0, "metro_15p_seta": 1, "tavolsag_villamos_halozati_m": 278.0, "villamos_5p_seta": 1, "villamos_10p_seta": 1, "villamos_15p_seta": 1, "tavolsag_busz_halozati_m": 539.0, "busz_5p_seta": 0, "busz_10p_seta": 1, "tavolsag_kotottpalya_halozati_m": 278.0, "kotottpalya_5p_seta": 1, "kotottpalya_10p_seta": 1, "kotottpalya_15p_seta": 1, "tavolsag_park_halozati_m": 523.0, "park_5p_seta": 0, "park_10p_seta": 1, "park_15p_seta": 1, "poi_5p_count": 2.0, "poi_10p_count": 14.0, "poi_15p_count": 82.0, "tavolsag_iskola_halozati_m": 1354.1, "iskola_5p_seta": 0, "iskola_10p_seta": 0, "iskola_15p_seta": 0, "tavolsag_ovoda_halozati_m": 1561.9, "ovoda_5p_seta": 0, "ovoda_10p_seta": 0, "ovoda_15p_seta": 0, "tavolsag_bolt_halozati_m": 859.0, "bolt_5p_seta": 0, "bolt_10p_seta": 0, "bolt_15p_seta": 1, "tavolsag_gyogyszertar_halozati_m": 651.7, "gyogyszertar_5p_seta": 0, "gyogyszertar_10p_seta": 1, "gyogyszertar_15p_seta": 1, "tavolsag_orvos_halozati_m": 912.8, "orvos_5p_seta": 0, "orvos_10p_seta": 0, "orvos_15p_seta": 1, "legkozelebbi_vasut": "Örs vezér tere", "legkozelebbi_metro": "", "legkozelebbi_villamos": "Kincsem lakópark", "legkozelebbi_busz": "Fehér úti ipari park", "legkozelebbi_park": "Névtelen zöldfelület / park", "legkozelebbi_kotottpalya_tipus": "villamos" }, "geometry": { "type": "Point", "coordinates": [ 19.141041, 47.497833 ] } },
{ "type": "Feature", "properties": { "listing_id": "35566450", "listing_type": "elado", "cim_teljes": "Budapest X. kerület, Hungária körút 2.", "varosresz": "Laposdűlő", "price_huf": 85000000.0, "ar_millio_ft": 85.0, "ar_ezer_ft_ho": 85000.0, "nm_ar_huf": 1180555.5555555555, "log_ar": 18.258161814454592, "log_nm_ar": 13.981495695438536, "is_ar_outlier": 0, "alapterulet_nm": 72.0, "korrigalt_alapterulet_nm": 73.0, "szobaszam_osszes": 3.0, "allapot_kod": 3, "is_felujitando": 0, "is_ujszeru_vagy_uj": 0, "is_panel": 1, "is_tegla": 0, "has_lift": 0, "has_klima": 0, "has_erkely": 1, "is_foldszint": 0, "is_zaroszint": 0, "epulet_kora_ev": null, "geokodolt_lat": 47.487957, "geokodolt_lon": 19.10838, "minta_garantalt_pontos": 1, "tavolsag_vasut_m": 19.1, "vasut_zona": "<150 m", "is_vasut_immisszio_150m": 1, "tavolsag_vasut_halozati_m": 1744.2, "menetido_vasut_gyalog_perc": 23.3, "vasut_5p_seta": 0, "vasut_10p_seta": 0, "vasut_15p_seta": 0, "url": "https://ingatlan.com/35566450", "title": "Eladó panel lakás - Budapest X. kerület, Hungária körút 2. #35566450", "postal_code": "1101", "varos": "Budapest", "utca": "Hungária körút", "hazszam_vegleges": "2", "allapot": "nincs megadva", "ingatlan_altipus": "Panel lakás", "epites_eve": null, "epites_eve_kategoria": "Ismeretlen", "erkely_nm": 2.0, "szobaszam_egesz": 3.0, "szobaszam_fel": 0.0, "szobaszam_kategoria": "3 szoba", "atlagos_szobameret_nm": 24.0, "emelet": "nincs megadva", "emelet_szam": null, "epulet_szintjei_szam": null, "is_magas_emelet_lift_nelkul": 0, "futes": "nincs megadva", "futes_kategoria": null, "has_tavfutes": 0, "has_konvektor": 0, "has_megujulo": 0, "has_garazs_vagy_beallo": 0, "energetikai_tanusitvany": "nincs megadva", "butorozott": null, "koltozheto": null, "min_berleti_ido": null, "kertkapcsolatos": "nincs megadva", "kozos_koltseg_huf": null, "rezsikoltseg_huf": null, "hirdeto_tipus": "Ingatlaniroda", "iroda_neve": null, "leiras_hossz": 386.0, "fenykepek_szama": 4.0, "geokodolas_modszere": null, "geokodolas_pontossag": null, "price_eur": null, "nm_ar_eur": null, "kozos_koltseg_eur": null, "rezsikoltseg_eur": null, "kaucio_eur": null, "tavolsag_metro_halozati_m": 1452.0, "metro_5p_seta": 0, "metro_10p_seta": 0, "metro_15p_seta": 0, "tavolsag_villamos_halozati_m": 201.3, "villamos_5p_seta": 1, "villamos_10p_seta": 1, "villamos_15p_seta": 1, "tavolsag_busz_halozati_m": 227.5, "busz_5p_seta": 1, "busz_10p_seta": 1, "tavolsag_kotottpalya_halozati_m": 201.3, "kotottpalya_5p_seta": 1, "kotottpalya_10p_seta": 1, "kotottpalya_15p_seta": 1, "tavolsag_park_halozati_m": 336.9, "park_5p_seta": 1, "park_10p_seta": 1, "park_15p_seta": 1, "poi_5p_count": 12.0, "poi_10p_count": 39.0, "poi_15p_count": 63.0, "tavolsag_iskola_halozati_m": 1313.7, "iskola_5p_seta": 0, "iskola_10p_seta": 0, "iskola_15p_seta": 0, "tavolsag_ovoda_halozati_m": 1064.7, "ovoda_5p_seta": 0, "ovoda_10p_seta": 0, "ovoda_15p_seta": 1, "tavolsag_bolt_halozati_m": 399.8, "bolt_5p_seta": 0, "bolt_10p_seta": 1, "bolt_15p_seta": 1, "tavolsag_gyogyszertar_halozati_m": 627.9, "gyogyszertar_5p_seta": 0, "gyogyszertar_10p_seta": 1, "gyogyszertar_15p_seta": 1, "tavolsag_orvos_halozati_m": 1434.0, "orvos_5p_seta": 0, "orvos_10p_seta": 0, "orvos_15p_seta": 0, "legkozelebbi_vasut": "Kőbánya alsó", "legkozelebbi_metro": "Puskás Ferenc Stadion", "legkozelebbi_villamos": "Kőbányai út / Könyves Kálmán körút", "legkozelebbi_busz": "Kőbányai út / Könyves Kálmán körút", "legkozelebbi_park": "Tbiliszi tér", "legkozelebbi_kotottpalya_tipus": "villamos" }, "geometry": { "type": "Point", "coordinates": [ 19.10838, 47.487957 ] } },
{ "type": "Feature", "properties": { "listing_id": "35569365", "listing_type": "elado", "cim_teljes": "Budapest X. kerület, Hatház utca 7.", "varosresz": "Felsőrákos", "price_huf": 49990000.0, "ar_millio_ft": 49.99, "ar_ezer_ft_ho": 49990.0, "nm_ar_huf": 1514848.4848484849, "log_ar": 17.727333543389754, "log_nm_ar": 14.230825981923273, "is_ar_outlier": 0, "alapterulet_nm": 33.0, "korrigalt_alapterulet_nm": 33.0, "szobaszam_osszes": 1.0, "allapot_kod": 2, "is_felujitando": 1, "is_ujszeru_vagy_uj": 0, "is_panel": 0, "is_tegla": 1, "has_lift": 0, "has_klima": 1, "has_erkely": 0, "is_foldszint": 0, "is_zaroszint": 0, "epulet_kora_ev": 96.0, "geokodolt_lat": 47.503149, "geokodolt_lon": 19.149417, "minta_garantalt_pontos": 1, "tavolsag_vasut_m": 184.5, "vasut_zona": "150-300 m", "is_vasut_immisszio_150m": 0, "tavolsag_vasut_halozati_m": 470.4, "menetido_vasut_gyalog_perc": 6.3, "vasut_5p_seta": 0, "vasut_10p_seta": 1, "vasut_15p_seta": 1, "url": "https://ingatlan.com/35569365", "title": "Eladó tégla lakás - Budapest X. kerület, Hatház utca 7. #35569365", "postal_code": "1106", "varos": "Budapest", "utca": "Hatház utca", "hazszam_vegleges": "7", "allapot": "közepes állapotú", "ingatlan_altipus": "Tégla lakás", "epites_eve": 1930.0, "epites_eve_kategoria": "60+ év (háború előtti)", "erkely_nm": 0.0, "szobaszam_egesz": 1.0, "szobaszam_fel": 0.0, "szobaszam_kategoria": "1 szoba", "atlagos_szobameret_nm": 33.0, "emelet": "1", "emelet_szam": 1.0, "epulet_szintjei_szam": 4.0, "is_magas_emelet_lift_nelkul": 0, "futes": "gáz (konvektor), hűtő-fűtő klíma", "futes_kategoria": null, "has_tavfutes": 0, "has_konvektor": 1, "has_megujulo": 0, "has_garazs_vagy_beallo": 0, "energetikai_tanusitvany": "H", "butorozott": null, "koltozheto": null, "min_berleti_ido": null, "kertkapcsolatos": "nincs megadva", "kozos_koltseg_huf": null, "rezsikoltseg_huf": null, "hirdeto_tipus": "Ingatlaniroda", "iroda_neve": null, "leiras_hossz": 3349.0, "fenykepek_szama": 4.0, "geokodolas_modszere": null, "geokodolas_pontossag": null, "price_eur": null, "nm_ar_eur": null, "kozos_koltseg_eur": null, "rezsikoltseg_eur": null, "kaucio_eur": null, "tavolsag_metro_halozati_m": 1181.7, "metro_5p_seta": 0, "metro_10p_seta": 0, "metro_15p_seta": 0, "tavolsag_villamos_halozati_m": 1101.0, "villamos_5p_seta": 0, "villamos_10p_seta": 0, "villamos_15p_seta": 1, "tavolsag_busz_halozati_m": 223.0, "busz_5p_seta": 1, "busz_10p_seta": 1, "tavolsag_kotottpalya_halozati_m": 470.4, "kotottpalya_5p_seta": 0, "kotottpalya_10p_seta": 1, "kotottpalya_15p_seta": 1, "tavolsag_park_halozati_m": 236.5, "park_5p_seta": 1, "park_10p_seta": 1, "park_15p_seta": 1, "poi_5p_count": 7.0, "poi_10p_count": 39.0, "poi_15p_count": 89.0, "tavolsag_iskola_halozati_m": 625.1, "iskola_5p_seta": 0, "iskola_10p_seta": 1, "iskola_15p_seta": 1, "tavolsag_ovoda_halozati_m": 679.6, "ovoda_5p_seta": 0, "ovoda_10p_seta": 1, "ovoda_15p_seta": 1, "tavolsag_bolt_halozati_m": 312.6, "bolt_5p_seta": 1, "bolt_10p_seta": 1, "bolt_15p_seta": 1, "tavolsag_gyogyszertar_halozati_m": 543.3, "gyogyszertar_5p_seta": 0, "gyogyszertar_10p_seta": 1, "gyogyszertar_15p_seta": 1, "tavolsag_orvos_halozati_m": 317.8, "orvos_5p_seta": 1, "orvos_10p_seta": 1, "orvos_15p_seta": 1, "legkozelebbi_vasut": "Rákosfalva", "legkozelebbi_metro": "", "legkozelebbi_villamos": "Örs vezér tere M+H", "legkozelebbi_busz": "Gépmadár utca", "legkozelebbi_park": "Kiserdő", "legkozelebbi_kotottpalya_tipus": "vasut" }, "geometry": { "type": "Point", "coordinates": [ 19.149417, 47.503149 ] } },
{ "type": "Feature", "properties": { "listing_id": "35571539", "listing_type": "elado", "cim_teljes": "Budapest X. kerület, Állomás utca 11.", "varosresz": "Kőbánya-Városközpont", "price_huf": 66500000.0, "ar_millio_ft": 66.5, "ar_ezer_ft_ho": 66500.0, "nm_ar_huf": 977941.17647058819, "log_ar": 18.012712505626084, "log_nm_ar": 13.793204800449976, "is_ar_outlier": 0, "alapterulet_nm": 68.0, "korrigalt_alapterulet_nm": 68.0, "szobaszam_osszes": 3.0, "allapot_kod": 3, "is_felujitando": 0, "is_ujszeru_vagy_uj": 0, "is_panel": 1, "is_tegla": 0, "has_lift": 1, "has_klima": 1, "has_erkely": 0, "is_foldszint": 0, "is_zaroszint": 0, "epulet_kora_ev": 58.0, "geokodolt_lat": 47.484823, "geokodolt_lon": 19.128699, "minta_garantalt_pontos": 1, "tavolsag_vasut_m": 196.1, "vasut_zona": "150-300 m", "is_vasut_immisszio_150m": 0, "tavolsag_vasut_halozati_m": 443.5, "menetido_vasut_gyalog_perc": 5.9, "vasut_5p_seta": 0, "vasut_10p_seta": 1, "vasut_15p_seta": 1, "url": "https://ingatlan.com/35571539", "title": "Eladó panel lakás - Budapest X. kerület, Állomás utca 11. #35571539", "postal_code": "1102", "varos": "Budapest", "utca": "Állomás utca", "hazszam_vegleges": "11", "allapot": "jó állapotú", "ingatlan_altipus": "Panel lakás", "epites_eve": 1968.0, "epites_eve_kategoria": "30-60 év (panel-korszak)", "erkely_nm": 0.0, "szobaszam_egesz": 3.0, "szobaszam_fel": 0.0, "szobaszam_kategoria": "3 szoba", "atlagos_szobameret_nm": 22.666666666666668, "emelet": "9", "emelet_szam": 9.0, "epulet_szintjei_szam": 10.0, "is_magas_emelet_lift_nelkul": 0, "futes": "házközponti, hűtő-fűtő klíma", "futes_kategoria": null, "has_tavfutes": 0, "has_konvektor": 0, "has_megujulo": 0, "has_garazs_vagy_beallo": 0, "energetikai_tanusitvany": "C", "butorozott": null, "koltozheto": null, "min_berleti_ido": null, "kertkapcsolatos": "nincs megadva", "kozos_koltseg_huf": 24000.0, "rezsikoltseg_huf": null, "hirdeto_tipus": "Ingatlaniroda", "iroda_neve": null, "leiras_hossz": 2920.0, "fenykepek_szama": 4.0, "geokodolas_modszere": null, "geokodolas_pontossag": null, "price_eur": null, "nm_ar_eur": null, "kozos_koltseg_eur": null, "rezsikoltseg_eur": null, "kaucio_eur": null, "tavolsag_metro_halozati_m": null, "metro_5p_seta": 0, "metro_10p_seta": 0, "metro_15p_seta": 0, "tavolsag_villamos_halozati_m": 299.4, "villamos_5p_seta": 1, "villamos_10p_seta": 1, "villamos_15p_seta": 1, "tavolsag_busz_halozati_m": 168.0, "busz_5p_seta": 1, "busz_10p_seta": 1, "tavolsag_kotottpalya_halozati_m": 299.4, "kotottpalya_5p_seta": 1, "kotottpalya_10p_seta": 1, "kotottpalya_15p_seta": 1, "tavolsag_park_halozati_m": 433.3, "park_5p_seta": 0, "park_10p_seta": 1, "park_15p_seta": 1, "poi_5p_count": 26.0, "poi_10p_count": 65.0, "poi_15p_count": 115.0, "tavolsag_iskola_halozati_m": 886.6, "iskola_5p_seta": 0, "iskola_10p_seta": 0, "iskola_15p_seta": 1, "tavolsag_ovoda_halozati_m": 850.3, "ovoda_5p_seta": 0, "ovoda_10p_seta": 0, "ovoda_15p_seta": 1, "tavolsag_bolt_halozati_m": 128.2, "bolt_5p_seta": 1, "bolt_10p_seta": 1, "bolt_15p_seta": 1, "tavolsag_gyogyszertar_halozati_m": 243.8, "gyogyszertar_5p_seta": 1, "gyogyszertar_10p_seta": 1, "gyogyszertar_15p_seta": 1, "tavolsag_orvos_halozati_m": null, "orvos_5p_seta": 0, "orvos_10p_seta": 0, "orvos_15p_seta": 0, "legkozelebbi_vasut": "Kőbánya alsó", "legkozelebbi_metro": "", "legkozelebbi_villamos": "Szent László tér", "legkozelebbi_busz": "Kőbánya alsó vasútállomás", "legkozelebbi_park": "Névtelen zöldfelület / park", "legkozelebbi_kotottpalya_tipus": "villamos" }, "geometry": { "type": "Point", "coordinates": [ 19.128699, 47.484823 ] } },
{ "type": "Feature", "properties": { "listing_id": "35571729", "listing_type": "elado", "cim_teljes": "Budapest X. kerület, Gyömrői út 45.", "varosresz": "Óhegy", "price_huf": 34900000.0, "ar_millio_ft": 34.9, "ar_ezer_ft_ho": 34900.0, "nm_ar_huf": 894871.79487179487, "log_ar": 17.367997387172654, "log_nm_ar": 13.704435741043008, "is_ar_outlier": 0, "alapterulet_nm": 39.0, "korrigalt_alapterulet_nm": 39.0, "szobaszam_osszes": 1.0, "allapot_kod": 3, "is_felujitando": 0, "is_ujszeru_vagy_uj": 0, "is_panel": 0, "is_tegla": 1, "has_lift": 0, "has_klima": 0, "has_erkely": 0, "is_foldszint": 1, "is_zaroszint": 0, "epulet_kora_ev": null, "geokodolt_lat": 47.470861, "geokodolt_lon": 19.143087, "minta_garantalt_pontos": 1, "tavolsag_vasut_m": 433.0, "vasut_zona": "300-500 m", "is_vasut_immisszio_150m": 0, "tavolsag_vasut_halozati_m": 1307.4, "menetido_vasut_gyalog_perc": 17.4, "vasut_5p_seta": 0, "vasut_10p_seta": 0, "vasut_15p_seta": 0, "url": "https://ingatlan.com/35571729", "title": "Eladó tégla lakás - Budapest X. kerület, Gyömrői út 45. #35571729", "postal_code": "1103", "varos": "Budapest", "utca": "Gyömrői út", "hazszam_vegleges": "45", "allapot": "jó állapotú", "ingatlan_altipus": "Tégla lakás", "epites_eve": null, "epites_eve_kategoria": "Ismeretlen", "erkely_nm": 0.0, "szobaszam_egesz": 1.0, "szobaszam_fel": 0.0, "szobaszam_kategoria": "1 szoba", "atlagos_szobameret_nm": 39.0, "emelet": "földszint", "emelet_szam": 0.0, "epulet_szintjei_szam": 0.0, "is_magas_emelet_lift_nelkul": 0, "futes": "gáz (konvektor)", "futes_kategoria": null, "has_tavfutes": 0, "has_konvektor": 1, "has_megujulo": 0, "has_garazs_vagy_beallo": 0, "energetikai_tanusitvany": "nincs megadva", "butorozott": null, "koltozheto": null, "min_berleti_ido": null, "kertkapcsolatos": "nincs megadva", "kozos_koltseg_huf": 13000.0, "rezsikoltseg_huf": null, "hirdeto_tipus": "Ingatlaniroda", "iroda_neve": null, "leiras_hossz": 507.0, "fenykepek_szama": 4.0, "geokodolas_modszere": null, "geokodolas_pontossag": null, "price_eur": null, "nm_ar_eur": null, "kozos_koltseg_eur": null, "rezsikoltseg_eur": null, "kaucio_eur": null, "tavolsag_metro_halozati_m": 1313.3, "metro_5p_seta": 0, "metro_10p_seta": 0, "metro_15p_seta": 0, "tavolsag_villamos_halozati_m": 1805.3, "villamos_5p_seta": 0, "villamos_10p_seta": 0, "villamos_15p_seta": 0, "tavolsag_busz_halozati_m": 63.3, "busz_5p_seta": 1, "busz_10p_seta": 1, "tavolsag_kotottpalya_halozati_m": 1307.4, "kotottpalya_5p_seta": 0, "kotottpalya_10p_seta": 0, "kotottpalya_15p_seta": 0, "tavolsag_park_halozati_m": 324.6, "park_5p_seta": 1, "park_10p_seta": 1, "park_15p_seta": 1, "poi_5p_count": 8.0, "poi_10p_count": 19.0, "poi_15p_count": 41.0, "tavolsag_iskola_halozati_m": 1795.7, "iskola_5p_seta": 0, "iskola_10p_seta": 0, "iskola_15p_seta": 0, "tavolsag_ovoda_halozati_m": null, "ovoda_5p_seta": 0, "ovoda_10p_seta": 0, "ovoda_15p_seta": 0, "tavolsag_bolt_halozati_m": 343.7, "bolt_5p_seta": 1, "bolt_10p_seta": 1, "bolt_15p_seta": 1, "tavolsag_gyogyszertar_halozati_m": 1006.3, "gyogyszertar_5p_seta": 0, "gyogyszertar_10p_seta": 0, "gyogyszertar_15p_seta": 1, "tavolsag_orvos_halozati_m": null, "orvos_5p_seta": 0, "orvos_10p_seta": 0, "orvos_15p_seta": 0, "legkozelebbi_vasut": "Kőbánya-Kispest", "legkozelebbi_metro": "", "legkozelebbi_villamos": "Kocsis Sándor Sportközpont", "legkozelebbi_busz": "Diósgyőri utca", "legkozelebbi_park": "Névtelen zöldfelület / park", "legkozelebbi_kotottpalya_tipus": "vasut" }, "geometry": { "type": "Point", "coordinates": [ 19.143087, 47.470861 ] } },
{ "type": "Feature", "properties": { "listing_id": "35573895", "listing_type": "elado", "cim_teljes": "Budapest X. kerület, Füzér utca 34/A.", "varosresz": "Ligettelek", "price_huf": 65500000.0, "ar_millio_ft": 65.5, "ar_ezer_ft_ho": 65500.0, "nm_ar_huf": 1364583.3333333333, "log_ar": 17.997560700605479, "log_nm_ar": 14.126359689697589, "is_ar_outlier": 0, "alapterulet_nm": 48.0, "korrigalt_alapterulet_nm": 48.0, "szobaszam_osszes": 2.0, "allapot_kod": 4, "is_felujitando": 0, "is_ujszeru_vagy_uj": 0, "is_panel": 0, "is_tegla": 1, "has_lift": 0, "has_klima": 1, "has_erkely": 0, "is_foldszint": 1, "is_zaroszint": 0, "epulet_kora_ev": null, "geokodolt_lat": 47.486627, "geokodolt_lon": 19.128599, "minta_garantalt_pontos": 1, "tavolsag_vasut_m": 282.7, "vasut_zona": "150-300 m", "is_vasut_immisszio_150m": 0, "tavolsag_vasut_halozati_m": 576.0, "menetido_vasut_gyalog_perc": 7.7, "vasut_5p_seta": 0, "vasut_10p_seta": 1, "vasut_15p_seta": 1, "url": "https://ingatlan.com/35573895", "title": "Eladó tégla lakás - Budapest X. kerület, Füzér utca 34/A #35573895", "postal_code": "1102", "varos": "Budapest", "utca": "Füzér utca", "hazszam_vegleges": "34/A", "allapot": "felújított", "ingatlan_altipus": "Tégla lakás", "epites_eve": null, "epites_eve_kategoria": "Ismeretlen", "erkely_nm": 0.0, "szobaszam_egesz": 2.0, "szobaszam_fel": 0.0, "szobaszam_kategoria": "2 szoba", "atlagos_szobameret_nm": 24.0, "emelet": "földszint", "emelet_szam": 0.0, "epulet_szintjei_szam": 2.0, "is_magas_emelet_lift_nelkul": 0, "futes": "gázkazán", "futes_kategoria": null, "has_tavfutes": 0, "has_konvektor": 1, "has_megujulo": 0, "has_garazs_vagy_beallo": 0, "energetikai_tanusitvany": "nincs megadva", "butorozott": null, "koltozheto": null, "min_berleti_ido": null, "kertkapcsolatos": "nincs megadva", "kozos_koltseg_huf": null, "rezsikoltseg_huf": null, "hirdeto_tipus": "Ingatlaniroda", "iroda_neve": null, "leiras_hossz": 2023.0, "fenykepek_szama": 4.0, "geokodolas_modszere": null, "geokodolas_pontossag": null, "price_eur": null, "nm_ar_eur": null, "kozos_koltseg_eur": null, "rezsikoltseg_eur": null, "kaucio_eur": null, "tavolsag_metro_halozati_m": null, "metro_5p_seta": 0, "metro_10p_seta": 0, "metro_15p_seta": 0, "tavolsag_villamos_halozati_m": 394.2, "villamos_5p_seta": 0, "villamos_10p_seta": 1, "villamos_15p_seta": 1, "tavolsag_busz_halozati_m": 251.0, "busz_5p_seta": 1, "busz_10p_seta": 1, "tavolsag_kotottpalya_halozati_m": 394.2, "kotottpalya_5p_seta": 0, "kotottpalya_10p_seta": 1, "kotottpalya_15p_seta": 1, "tavolsag_park_halozati_m": 396.8, "park_5p_seta": 0, "park_10p_seta": 1, "park_15p_seta": 1, "poi_5p_count": 6.0, "poi_10p_count": 61.0, "poi_15p_count": 112.0, "tavolsag_iskola_halozati_m": 1064.4, "iskola_5p_seta": 0, "iskola_10p_seta": 0, "iskola_15p_seta": 1, "tavolsag_ovoda_halozati_m": 848.2, "ovoda_5p_seta": 0, "ovoda_10p_seta": 0, "ovoda_15p_seta": 1, "tavolsag_bolt_halozati_m": 192.0, "bolt_5p_seta": 1, "bolt_10p_seta": 1, "bolt_15p_seta": 1, "tavolsag_gyogyszertar_halozati_m": 426.1, "gyogyszertar_5p_seta": 0, "gyogyszertar_10p_seta": 1, "gyogyszertar_15p_seta": 1, "tavolsag_orvos_halozati_m": null, "orvos_5p_seta": 0, "orvos_10p_seta": 0, "orvos_15p_seta": 0, "legkozelebbi_vasut": "Kőbánya alsó", "legkozelebbi_metro": "", "legkozelebbi_villamos": "Szent László tér", "legkozelebbi_busz": "Szent László tér", "legkozelebbi_park": "Liget Grund", "legkozelebbi_kotottpalya_tipus": "villamos" }, "geometry": { "type": "Point", "coordinates": [ 19.128599, 47.486627 ] } },
{ "type": "Feature", "properties": { "listing_id": "35575042", "listing_type": "elado", "cim_teljes": "Budapest X. kerület, Gépmadár utca 5.", "varosresz": "Felsőrákos", "price_huf": 69900000.0, "ar_millio_ft": 69.9, "ar_ezer_ft_ho": 69900.0, "nm_ar_huf": 984507.04225352115, "log_ar": 18.062576207204039, "log_nm_ar": 13.799896330162722, "is_ar_outlier": 0, "alapterulet_nm": 71.0, "korrigalt_alapterulet_nm": 73.0, "szobaszam_osszes": 3.0, "allapot_kod": 3, "is_felujitando": 0, "is_ujszeru_vagy_uj": 0, "is_panel": 1, "is_tegla": 0, "has_lift": 1, "has_klima": 0, "has_erkely": 1, "is_foldszint": 0, "is_zaroszint": 0, "epulet_kora_ev": 38.0, "geokodolt_lat": 47.502895, "geokodolt_lon": 19.143097, "minta_garantalt_pontos": 1, "tavolsag_vasut_m": 135.4, "vasut_zona": "<150 m", "is_vasut_immisszio_150m": 1, "tavolsag_vasut_halozati_m": 561.0, "menetido_vasut_gyalog_perc": 7.5, "vasut_5p_seta": 0, "vasut_10p_seta": 1, "vasut_15p_seta": 1, "url": "https://ingatlan.com/35575042", "title": "Eladó panel lakás - Budapest X. kerület, Gépmadár utca 5. #35575042", "postal_code": "1106", "varos": "Budapest", "utca": "Gépmadár utca", "hazszam_vegleges": "5", "allapot": "jó állapotú", "ingatlan_altipus": "Panel lakás", "epites_eve": 1988.0, "epites_eve_kategoria": "30-60 év (panel-korszak)", "erkely_nm": 4.0, "szobaszam_egesz": 3.0, "szobaszam_fel": 0.0, "szobaszam_kategoria": "3 szoba", "atlagos_szobameret_nm": 23.666666666666668, "emelet": "4", "emelet_szam": 4.0, "epulet_szintjei_szam": 10.0, "is_magas_emelet_lift_nelkul": 0, "futes": "távfűtés egyedi méréssel", "futes_kategoria": null, "has_tavfutes": 1, "has_konvektor": 0, "has_megujulo": 0, "has_garazs_vagy_beallo": 0, "energetikai_tanusitvany": "nincs megadva", "butorozott": null, "koltozheto": null, "min_berleti_ido": null, "kertkapcsolatos": "nincs megadva", "kozos_koltseg_huf": null, "rezsikoltseg_huf": null, "hirdeto_tipus": "Ingatlaniroda", "iroda_neve": null, "leiras_hossz": 152.0, "fenykepek_szama": 2.0, "geokodolas_modszere": null, "geokodolas_pontossag": null, "price_eur": null, "nm_ar_eur": null, "kozos_koltseg_eur": null, "rezsikoltseg_eur": null, "kaucio_eur": null, "tavolsag_metro_halozati_m": 757.5, "metro_5p_seta": 0, "metro_10p_seta": 0, "metro_15p_seta": 1, "tavolsag_villamos_halozati_m": 683.5, "villamos_5p_seta": 0, "villamos_10p_seta": 1, "villamos_15p_seta": 1, "tavolsag_busz_halozati_m": 227.3, "busz_5p_seta": 1, "busz_10p_seta": 1, "tavolsag_kotottpalya_halozati_m": 561.0, "kotottpalya_5p_seta": 0, "kotottpalya_10p_seta": 1, "kotottpalya_15p_seta": 1, "tavolsag_park_halozati_m": 326.8, "park_5p_seta": 1, "park_10p_seta": 1, "park_15p_seta": 1, "poi_5p_count": 6.0, "poi_10p_count": 64.0, "poi_15p_count": 150.0, "tavolsag_iskola_halozati_m": 1125.0, "iskola_5p_seta": 0, "iskola_10p_seta": 0, "iskola_15p_seta": 1, "tavolsag_ovoda_halozati_m": 787.6, "ovoda_5p_seta": 0, "ovoda_10p_seta": 0, "ovoda_15p_seta": 1, "tavolsag_bolt_halozati_m": 243.7, "bolt_5p_seta": 1, "bolt_10p_seta": 1, "bolt_15p_seta": 1, "tavolsag_gyogyszertar_halozati_m": 272.9, "gyogyszertar_5p_seta": 1, "gyogyszertar_10p_seta": 1, "gyogyszertar_15p_seta": 1, "tavolsag_orvos_halozati_m": 340.6, "orvos_5p_seta": 1, "orvos_10p_seta": 1, "orvos_15p_seta": 1, "legkozelebbi_vasut": "Örs vezér tere", "legkozelebbi_metro": "", "legkozelebbi_villamos": "Örs vezér tere M+H", "legkozelebbi_busz": "Sarkantyú utca", "legkozelebbi_park": "Névtelen zöldfelület / park", "legkozelebbi_kotottpalya_tipus": "vasut" }, "geometry": { "type": "Point", "coordinates": [ 19.143097, 47.502895 ] } },
{ "type": "Feature", "properties": { "listing_id": "35577835", "listing_type": "elado", "cim_teljes": "Budapest X. kerület, Üllői út 120-122.", "varosresz": "Gyárdűlő", "price_huf": 46900000.0, "ar_millio_ft": 46.9, "ar_ezer_ft_ho": 46900.0, "nm_ar_huf": 1340000.0, "log_ar": 17.663528233416507, "log_nm_ar": 14.108180171927094, "is_ar_outlier": 0, "alapterulet_nm": 35.0, "korrigalt_alapterulet_nm": 35.0, "szobaszam_osszes": 1.0, "allapot_kod": 3, "is_felujitando": 0, "is_ujszeru_vagy_uj": 0, "is_panel": 0, "is_tegla": 1, "has_lift": 0, "has_klima": 0, "has_erkely": 0, "is_foldszint": 0, "is_zaroszint": 0, "epulet_kora_ev": null, "geokodolt_lat": 47.470034, "geokodolt_lon": 19.114395, "minta_garantalt_pontos": 1, "tavolsag_vasut_m": 498.5, "vasut_zona": "300-500 m", "is_vasut_immisszio_150m": 0, "tavolsag_vasut_halozati_m": 2060.9, "menetido_vasut_gyalog_perc": 27.5, "vasut_5p_seta": 0, "vasut_10p_seta": 0, "vasut_15p_seta": 0, "url": "https://ingatlan.com/35577835", "title": "Eladó tégla lakás - Budapest X. kerület, Üllői út 120-122. #35577835", "postal_code": "1101", "varos": "Budapest", "utca": "Üllői út", "hazszam_vegleges": "120-122", "allapot": "jó állapotú", "ingatlan_altipus": "Tégla lakás", "epites_eve": null, "epites_eve_kategoria": "Ismeretlen", "erkely_nm": 0.0, "szobaszam_egesz": 1.0, "szobaszam_fel": 0.0, "szobaszam_kategoria": "1 szoba", "atlagos_szobameret_nm": 35.0, "emelet": "nincs megadva", "emelet_szam": null, "epulet_szintjei_szam": null, "is_magas_emelet_lift_nelkul": 0, "futes": "nincs megadva", "futes_kategoria": null, "has_tavfutes": 0, "has_konvektor": 0, "has_megujulo": 0, "has_garazs_vagy_beallo": 0, "energetikai_tanusitvany": "nincs megadva", "butorozott": null, "koltozheto": null, "min_berleti_ido": null, "kertkapcsolatos": "nincs megadva", "kozos_koltseg_huf": null, "rezsikoltseg_huf": null, "hirdeto_tipus": "Ingatlaniroda", "iroda_neve": null, "leiras_hossz": 1672.0, "fenykepek_szama": 4.0, "geokodolas_modszere": null, "geokodolas_pontossag": null, "price_eur": null, "nm_ar_eur": null, "kozos_koltseg_eur": null, "rezsikoltseg_eur": null, "kaucio_eur": null, "tavolsag_metro_halozati_m": 246.1, "metro_5p_seta": 1, "metro_10p_seta": 1, "metro_15p_seta": 1, "tavolsag_villamos_halozati_m": 456.3, "villamos_5p_seta": 0, "villamos_10p_seta": 1, "villamos_15p_seta": 1, "tavolsag_busz_halozati_m": 264.2, "busz_5p_seta": 1, "busz_10p_seta": 1, "tavolsag_kotottpalya_halozati_m": 246.1, "kotottpalya_5p_seta": 1, "kotottpalya_10p_seta": 1, "kotottpalya_15p_seta": 1, "tavolsag_park_halozati_m": 116.6, "park_5p_seta": 1, "park_10p_seta": 1, "park_15p_seta": 1, "poi_5p_count": 26.0, "poi_10p_count": 66.0, "poi_15p_count": 98.0, "tavolsag_iskola_halozati_m": 645.0, "iskola_5p_seta": 0, "iskola_10p_seta": 1, "iskola_15p_seta": 1, "tavolsag_ovoda_halozati_m": 565.7, "ovoda_5p_seta": 0, "ovoda_10p_seta": 1, "ovoda_15p_seta": 1, "tavolsag_bolt_halozati_m": 119.4, "bolt_5p_seta": 1, "bolt_10p_seta": 1, "bolt_15p_seta": 1, "tavolsag_gyogyszertar_halozati_m": 549.0, "gyogyszertar_5p_seta": 0, "gyogyszertar_10p_seta": 1, "gyogyszertar_15p_seta": 1, "tavolsag_orvos_halozati_m": 584.4, "orvos_5p_seta": 0, "orvos_10p_seta": 1, "orvos_15p_seta": 1, "legkozelebbi_vasut": "Kőbánya alsó", "legkozelebbi_metro": "", "legkozelebbi_villamos": "Ecseri út M", "legkozelebbi_busz": "Pöttyös utca M", "legkozelebbi_park": "Névtelen zöldfelület / park", "legkozelebbi_kotottpalya_tipus": "metro" }, "geometry": { "type": "Point", "coordinates": [ 19.114395, 47.470034 ] } },
{ "type": "Feature", "properties": { "listing_id": "35579284", "listing_type": "elado", "cim_teljes": "Budapest X. kerület, Gyömrői út 130.", "varosresz": "Újhegy", "price_huf": 49900000.0, "ar_millio_ft": 49.9, "ar_ezer_ft_ho": 49900.0, "nm_ar_huf": 998000.0, "log_ar": 17.725531560721748, "log_nm_ar": 13.813508555293602, "is_ar_outlier": 0, "alapterulet_nm": 50.0, "korrigalt_alapterulet_nm": 50.0, "szobaszam_osszes": 2.0, "allapot_kod": 3, "is_felujitando": 0, "is_ujszeru_vagy_uj": 0, "is_panel": 0, "is_tegla": 1, "has_lift": 0, "has_klima": 0, "has_erkely": 0, "is_foldszint": 0, "is_zaroszint": 0, "epulet_kora_ev": null, "geokodolt_lat": 47.464284, "geokodolt_lon": 19.160154, "minta_garantalt_pontos": 1, "tavolsag_vasut_m": 275.0, "vasut_zona": "150-300 m", "is_vasut_immisszio_150m": 0, "tavolsag_vasut_halozati_m": 1138.6, "menetido_vasut_gyalog_perc": 15.2, "vasut_5p_seta": 0, "vasut_10p_seta": 0, "vasut_15p_seta": 0, "url": "https://ingatlan.com/35579284", "title": "Eladó tégla lakás - Budapest X. kerület, Gyömrői út 130. #35579284", "postal_code": "1103", "varos": "Budapest", "utca": "Gyömrői út", "hazszam_vegleges": "130", "allapot": "jó állapotú", "ingatlan_altipus": "Tégla lakás", "epites_eve": null, "epites_eve_kategoria": "Ismeretlen", "erkely_nm": 0.0, "szobaszam_egesz": 2.0, "szobaszam_fel": 0.0, "szobaszam_kategoria": "2 szoba", "atlagos_szobameret_nm": 25.0, "emelet": "félemelet", "emelet_szam": 0.5, "epulet_szintjei_szam": 3.0, "is_magas_emelet_lift_nelkul": 0, "futes": "gázkazán", "futes_kategoria": null, "has_tavfutes": 0, "has_konvektor": 1, "has_megujulo": 0, "has_garazs_vagy_beallo": 0, "energetikai_tanusitvany": "nincs megadva", "butorozott": null, "koltozheto": null, "min_berleti_ido": null, "kertkapcsolatos": "nincs megadva", "kozos_koltseg_huf": null, "rezsikoltseg_huf": null, "hirdeto_tipus": "Ingatlaniroda", "iroda_neve": null, "leiras_hossz": 744.0, "fenykepek_szama": 4.0, "geokodolas_modszere": null, "geokodolas_pontossag": null, "price_eur": null, "nm_ar_eur": null, "kozos_koltseg_eur": null, "rezsikoltseg_eur": null, "kaucio_eur": null, "tavolsag_metro_halozati_m": 1144.5, "metro_5p_seta": 0, "metro_10p_seta": 0, "metro_15p_seta": 0, "tavolsag_villamos_halozati_m": 1699.4, "villamos_5p_seta": 0, "villamos_10p_seta": 0, "villamos_15p_seta": 0, "tavolsag_busz_halozati_m": 98.3, "busz_5p_seta": 1, "busz_10p_seta": 1, "tavolsag_kotottpalya_halozati_m": 1138.6, "kotottpalya_5p_seta": 0, "kotottpalya_10p_seta": 0, "kotottpalya_15p_seta": 0, "tavolsag_park_halozati_m": 684.7, "park_5p_seta": 0, "park_10p_seta": 1, "park_15p_seta": 1, "poi_5p_count": 5.0, "poi_10p_count": 17.0, "poi_15p_count": 45.0, "tavolsag_iskola_halozati_m": null, "iskola_5p_seta": 0, "iskola_10p_seta": 0, "iskola_15p_seta": 0, "tavolsag_ovoda_halozati_m": null, "ovoda_5p_seta": 0, "ovoda_10p_seta": 0, "ovoda_15p_seta": 0, "tavolsag_bolt_halozati_m": 830.1, "bolt_5p_seta": 0, "bolt_10p_seta": 0, "bolt_15p_seta": 1, "tavolsag_gyogyszertar_halozati_m": 384.6, "gyogyszertar_5p_seta": 0, "gyogyszertar_10p_seta": 1, "gyogyszertar_15p_seta": 1, "tavolsag_orvos_halozati_m": null, "orvos_5p_seta": 0, "orvos_10p_seta": 0, "orvos_15p_seta": 0, "legkozelebbi_vasut": "Kőbánya-Kispest", "legkozelebbi_metro": "", "legkozelebbi_villamos": "Sírkert út", "legkozelebbi_busz": "Újhegyi út", "legkozelebbi_park": "Gőzmozdony park", "legkozelebbi_kotottpalya_tipus": "vasut" }, "geometry": { "type": "Point", "coordinates": [ 19.160154, 47.464284 ] } },
{ "type": "Feature", "properties": { "listing_id": "35579637", "listing_type": "elado", "cim_teljes": "Budapest X. kerület, Zágrábi utca 8.", "varosresz": "Gyárdűlő", "price_huf": 74900000.0, "ar_millio_ft": 74.9, "ar_ezer_ft_ho": 74900.0, "nm_ar_huf": 1872500.0, "log_ar": 18.131664448487449, "log_nm_ar": 14.442784994373511, "is_ar_outlier": 0, "alapterulet_nm": 40.0, "korrigalt_alapterulet_nm": 44.5, "szobaszam_osszes": 2.0, "allapot_kod": 5, "is_felujitando": 0, "is_ujszeru_vagy_uj": 1, "is_panel": 0, "is_tegla": 1, "has_lift": 1, "has_klima": 1, "has_erkely": 1, "is_foldszint": 0, "is_zaroszint": 0, "epulet_kora_ev": 2.0, "geokodolt_lat": 47.470303, "geokodolt_lon": 19.117403, "minta_garantalt_pontos": 1, "tavolsag_vasut_m": 598.5, "vasut_zona": "500-1000 m", "is_vasut_immisszio_150m": 0, "tavolsag_vasut_halozati_m": 1954.4, "menetido_vasut_gyalog_perc": 26.1, "vasut_5p_seta": 0, "vasut_10p_seta": 0, "vasut_15p_seta": 0, "url": "https://ingatlan.com/35579637", "title": "Eladó tégla lakás - Budapest X. kerület, Zágrábi utca 8. #35579637", "postal_code": "1107", "varos": "Budapest", "utca": "Zágrábi utca", "hazszam_vegleges": "8", "allapot": "újszerű", "ingatlan_altipus": "Tégla lakás", "epites_eve": 2024.0, "epites_eve_kategoria": "0-10 év", "erkely_nm": 9.0, "szobaszam_egesz": 2.0, "szobaszam_fel": 0.0, "szobaszam_kategoria": "2 szoba", "atlagos_szobameret_nm": 20.0, "emelet": "6", "emelet_szam": 6.0, "epulet_szintjei_szam": 7.0, "is_magas_emelet_lift_nelkul": 0, "futes": "házközponti egyedi méréssel", "futes_kategoria": null, "has_tavfutes": 0, "has_konvektor": 0, "has_megujulo": 0, "has_garazs_vagy_beallo": 0, "energetikai_tanusitvany": "nincs megadva", "butorozott": null, "koltozheto": null, "min_berleti_ido": null, "kertkapcsolatos": "nem", "kozos_koltseg_huf": 17600.0, "rezsikoltseg_huf": 13000.0, "hirdeto_tipus": "Ingatlaniroda", "iroda_neve": null, "leiras_hossz": 1231.0, "fenykepek_szama": 4.0, "geokodolas_modszere": null, "geokodolas_pontossag": null, "price_eur": null, "nm_ar_eur": null, "kozos_koltseg_eur": null, "rezsikoltseg_eur": null, "kaucio_eur": null, "tavolsag_metro_halozati_m": 175.8, "metro_5p_seta": 1, "metro_10p_seta": 1, "metro_15p_seta": 1, "tavolsag_villamos_halozati_m": 542.8, "villamos_5p_seta": 0, "villamos_10p_seta": 1, "villamos_15p_seta": 1, "tavolsag_busz_halozati_m": 204.7, "busz_5p_seta": 1, "busz_10p_seta": 1, "tavolsag_kotottpalya_halozati_m": 175.8, "kotottpalya_5p_seta": 1, "kotottpalya_10p_seta": 1, "kotottpalya_15p_seta": 1, "tavolsag_park_halozati_m": 125.0, "park_5p_seta": 1, "park_10p_seta": 1, "park_15p_seta": 1, "poi_5p_count": 19.0, "poi_10p_count": 50.0, "poi_15p_count": 106.0, "tavolsag_iskola_halozati_m": 957.9, "iskola_5p_seta": 0, "iskola_10p_seta": 0, "iskola_15p_seta": 1, "tavolsag_ovoda_halozati_m": 313.3, "ovoda_5p_seta": 1, "ovoda_10p_seta": 1, "ovoda_15p_seta": 1, "tavolsag_bolt_halozati_m": 172.1, "bolt_5p_seta": 1, "bolt_10p_seta": 1, "bolt_15p_seta": 1, "tavolsag_gyogyszertar_halozati_m": 380.3, "gyogyszertar_5p_seta": 0, "gyogyszertar_10p_seta": 1, "gyogyszertar_15p_seta": 1, "tavolsag_orvos_halozati_m": 562.1, "orvos_5p_seta": 0, "orvos_10p_seta": 1, "orvos_15p_seta": 1, "legkozelebbi_vasut": "Kőbánya alsó", "legkozelebbi_metro": "", "legkozelebbi_villamos": "Balkán utca", "legkozelebbi_busz": "Pöttyös utca M", "legkozelebbi_park": "Névtelen zöldfelület / park", "legkozelebbi_kotottpalya_tipus": "metro" }, "geometry": { "type": "Point", "coordinates": [ 19.117403, 47.470303 ] } },
{ "type": "Feature", "properties": { "listing_id": "35579740", "listing_type": "elado", "cim_teljes": "Budapest X. kerület, Gergely utca 114.", "varosresz": "Újhegy", "price_huf": 44500000.0, "ar_millio_ft": 44.5, "ar_ezer_ft_ho": 44500.0, "nm_ar_huf": 1534482.7586206896, "log_ar": 17.610999747136468, "log_nm_ar": 14.243703917149995, "is_ar_outlier": 0, "alapterulet_nm": 29.0, "korrigalt_alapterulet_nm": 29.0, "szobaszam_osszes": 1.0, "allapot_kod": 4, "is_felujitando": 0, "is_ujszeru_vagy_uj": 0, "is_panel": 1, "is_tegla": 0, "has_lift": 0, "has_klima": 0, "has_erkely": 0, "is_foldszint": 0, "is_zaroszint": 0, "epulet_kora_ev": null, "geokodolt_lat": 47.468268, "geokodolt_lon": 19.156605, "minta_garantalt_pontos": 1, "tavolsag_vasut_m": 593.5, "vasut_zona": "500-1000 m", "is_vasut_immisszio_150m": 0, "tavolsag_vasut_halozati_m": 906.9, "menetido_vasut_gyalog_perc": 12.1, "vasut_5p_seta": 0, "vasut_10p_seta": 0, "vasut_15p_seta": 1, "url": "https://ingatlan.com/35579740", "title": "Eladó panel lakás - Budapest X. kerület, Gergely utca 114. #35579740", "postal_code": "1108", "varos": "Budapest", "utca": "Gergely utca", "hazszam_vegleges": "114", "allapot": "felújított", "ingatlan_altipus": "Panel lakás", "epites_eve": null, "epites_eve_kategoria": "Ismeretlen", "erkely_nm": 0.0, "szobaszam_egesz": 1.0, "szobaszam_fel": 0.0, "szobaszam_kategoria": "1 szoba", "atlagos_szobameret_nm": 29.0, "emelet": "nincs megadva", "emelet_szam": null, "epulet_szintjei_szam": null, "is_magas_emelet_lift_nelkul": 0, "futes": "nincs megadva", "futes_kategoria": null, "has_tavfutes": 0, "has_konvektor": 0, "has_megujulo": 0, "has_garazs_vagy_beallo": 0, "energetikai_tanusitvany": "nincs megadva", "butorozott": null, "koltozheto": null, "min_berleti_ido": null, "kertkapcsolatos": "nincs megadva", "kozos_koltseg_huf": null, "rezsikoltseg_huf": null, "hirdeto_tipus": "Ingatlaniroda", "iroda_neve": null, "leiras_hossz": 467.0, "fenykepek_szama": 2.0, "geokodolas_modszere": null, "geokodolas_pontossag": null, "price_eur": null, "nm_ar_eur": null, "kozos_koltseg_eur": null, "rezsikoltseg_eur": null, "kaucio_eur": null, "tavolsag_metro_halozati_m": 912.9, "metro_5p_seta": 0, "metro_10p_seta": 0, "metro_15p_seta": 1, "tavolsag_villamos_halozati_m": 1318.4, "villamos_5p_seta": 0, "villamos_10p_seta": 0, "villamos_15p_seta": 0, "tavolsag_busz_halozati_m": 99.4, "busz_5p_seta": 1, "busz_10p_seta": 1, "tavolsag_kotottpalya_halozati_m": 906.9, "kotottpalya_5p_seta": 0, "kotottpalya_10p_seta": 0, "kotottpalya_15p_seta": 1, "tavolsag_park_halozati_m": 149.8, "park_5p_seta": 1, "park_10p_seta": 1, "park_15p_seta": 1, "poi_5p_count": 7.0, "poi_10p_count": 25.0, "poi_15p_count": 84.0, "tavolsag_iskola_halozati_m": null, "iskola_5p_seta": 0, "iskola_10p_seta": 0, "iskola_15p_seta": 0, "tavolsag_ovoda_halozati_m": null, "ovoda_5p_seta": 0, "ovoda_10p_seta": 0, "ovoda_15p_seta": 0, "tavolsag_bolt_halozati_m": 404.6, "bolt_5p_seta": 0, "bolt_10p_seta": 1, "bolt_15p_seta": 1, "tavolsag_gyogyszertar_halozati_m": 380.5, "gyogyszertar_5p_seta": 0, "gyogyszertar_10p_seta": 1, "gyogyszertar_15p_seta": 1, "tavolsag_orvos_halozati_m": 1537.3, "orvos_5p_seta": 0, "orvos_10p_seta": 0, "orvos_15p_seta": 0, "legkozelebbi_vasut": "Kőbánya-Kispest", "legkozelebbi_metro": "", "legkozelebbi_villamos": "Venyige utca", "legkozelebbi_busz": "Gergely utca (Sibrik Miklós út)", "legkozelebbi_park": "Gőzmozdony park", "legkozelebbi_kotottpalya_tipus": "vasut" }, "geometry": { "type": "Point", "coordinates": [ 19.156605, 47.468268 ] } },
{ "type": "Feature", "properties": { "listing_id": "35579832", "listing_type": "elado", "cim_teljes": "Budapest X. kerület, Állomás utca 11.", "varosresz": "Kőbánya-Városközpont", "price_huf": 49000000.0, "ar_millio_ft": 49.0, "ar_ezer_ft_ho": 49000.0, "nm_ar_huf": 980000.0, "log_ar": 17.707330856074901, "log_nm_ar": 13.795307850646754, "is_ar_outlier": 0, "alapterulet_nm": 50.0, "korrigalt_alapterulet_nm": 51.0, "szobaszam_osszes": 2.0, "allapot_kod": 2, "is_felujitando": 1, "is_ujszeru_vagy_uj": 0, "is_panel": 0, "is_tegla": 1, "has_lift": 0, "has_klima": 0, "has_erkely": 1, "is_foldszint": 0, "is_zaroszint": 0, "epulet_kora_ev": null, "geokodolt_lat": 47.484823, "geokodolt_lon": 19.128699, "minta_garantalt_pontos": 1, "tavolsag_vasut_m": 196.1, "vasut_zona": "150-300 m", "is_vasut_immisszio_150m": 0, "tavolsag_vasut_halozati_m": 443.5, "menetido_vasut_gyalog_perc": 5.9, "vasut_5p_seta": 0, "vasut_10p_seta": 1, "vasut_15p_seta": 1, "url": "https://ingatlan.com/35579832", "title": "Eladó tégla lakás - Budapest X. kerület, Állomás utca 11. #35579832", "postal_code": "1102", "varos": "Budapest", "utca": "Állomás utca", "hazszam_vegleges": "11", "allapot": "közepes állapotú", "ingatlan_altipus": "Tégla lakás", "epites_eve": null, "epites_eve_kategoria": "Ismeretlen", "erkely_nm": 2.0, "szobaszam_egesz": 2.0, "szobaszam_fel": 0.0, "szobaszam_kategoria": "2 szoba", "atlagos_szobameret_nm": 25.0, "emelet": "nincs megadva", "emelet_szam": null, "epulet_szintjei_szam": null, "is_magas_emelet_lift_nelkul": 0, "futes": "nincs megadva", "futes_kategoria": null, "has_tavfutes": 0, "has_konvektor": 0, "has_megujulo": 0, "has_garazs_vagy_beallo": 0, "energetikai_tanusitvany": "nincs megadva", "butorozott": null, "koltozheto": null, "min_berleti_ido": null, "kertkapcsolatos": "nincs megadva", "kozos_koltseg_huf": null, "rezsikoltseg_huf": null, "hirdeto_tipus": "Ingatlaniroda", "iroda_neve": null, "leiras_hossz": 141.0, "fenykepek_szama": 2.0, "geokodolas_modszere": null, "geokodolas_pontossag": null, "price_eur": null, "nm_ar_eur": null, "kozos_koltseg_eur": null, "rezsikoltseg_eur": null, "kaucio_eur": null, "tavolsag_metro_halozati_m": null, "metro_5p_seta": 0, "metro_10p_seta": 0, "metro_15p_seta": 0, "tavolsag_villamos_halozati_m": 299.4, "villamos_5p_seta": 1, "villamos_10p_seta": 1, "villamos_15p_seta": 1, "tavolsag_busz_halozati_m": 168.0, "busz_5p_seta": 1, "busz_10p_seta": 1, "tavolsag_kotottpalya_halozati_m": 299.4, "kotottpalya_5p_seta": 1, "kotottpalya_10p_seta": 1, "kotottpalya_15p_seta": 1, "tavolsag_park_halozati_m": 433.3, "park_5p_seta": 0, "park_10p_seta": 1, "park_15p_seta": 1, "poi_5p_count": 26.0, "poi_10p_count": 65.0, "poi_15p_count": 115.0, "tavolsag_iskola_halozati_m": 886.6, "iskola_5p_seta": 0, "iskola_10p_seta": 0, "iskola_15p_seta": 1, "tavolsag_ovoda_halozati_m": 850.3, "ovoda_5p_seta": 0, "ovoda_10p_seta": 0, "ovoda_15p_seta": 1, "tavolsag_bolt_halozati_m": 128.2, "bolt_5p_seta": 1, "bolt_10p_seta": 1, "bolt_15p_seta": 1, "tavolsag_gyogyszertar_halozati_m": 243.8, "gyogyszertar_5p_seta": 1, "gyogyszertar_10p_seta": 1, "gyogyszertar_15p_seta": 1, "tavolsag_orvos_halozati_m": null, "orvos_5p_seta": 0, "orvos_10p_seta": 0, "orvos_15p_seta": 0, "legkozelebbi_vasut": "Kőbánya alsó", "legkozelebbi_metro": "", "legkozelebbi_villamos": "Szent László tér", "legkozelebbi_busz": "Kőbánya alsó vasútállomás", "legkozelebbi_park": "Névtelen zöldfelület / park", "legkozelebbi_kotottpalya_tipus": "villamos" }, "geometry": { "type": "Point", "coordinates": [ 19.128699, 47.484823 ] } },
{ "type": "Feature", "properties": { "listing_id": "35583766", "listing_type": "elado", "cim_teljes": "Budapest X. kerület, Oltó utca 10.", "varosresz": "Újhegy", "price_huf": 64900000.0, "ar_millio_ft": 64.9, "ar_ezer_ft_ho": 64900.0, "nm_ar_huf": 954411.76470588241, "log_ar": 17.988358181674318, "log_nm_ar": 13.768850476498212, "is_ar_outlier": 0, "alapterulet_nm": 68.0, "korrigalt_alapterulet_nm": 69.5, "szobaszam_osszes": 3.0, "allapot_kod": 3, "is_felujitando": 0, "is_ujszeru_vagy_uj": 0, "is_panel": 1, "is_tegla": 0, "has_lift": 1, "has_klima": 1, "has_erkely": 1, "is_foldszint": 0, "is_zaroszint": 0, "epulet_kora_ev": 58.0, "geokodolt_lat": 47.469465, "geokodolt_lon": 19.159126, "minta_garantalt_pontos": 1, "tavolsag_vasut_m": 783.9, "vasut_zona": "500-1000 m", "is_vasut_immisszio_150m": 0, "tavolsag_vasut_halozati_m": 1160.5, "menetido_vasut_gyalog_perc": 15.5, "vasut_5p_seta": 0, "vasut_10p_seta": 0, "vasut_15p_seta": 0, "url": "https://ingatlan.com/35583766", "title": "Eladó panel lakás - Budapest X. kerület, Oltó utca 10. #35583766", "postal_code": "1108", "varos": "Budapest", "utca": "Oltó utca", "hazszam_vegleges": "10", "allapot": "jó állapotú", "ingatlan_altipus": "Panel lakás", "epites_eve": 1968.0, "epites_eve_kategoria": "30-60 év (panel-korszak)", "erkely_nm": 3.0, "szobaszam_egesz": 3.0, "szobaszam_fel": 0.0, "szobaszam_kategoria": "3 szoba", "atlagos_szobameret_nm": 22.666666666666668, "emelet": "6", "emelet_szam": 6.0, "epulet_szintjei_szam": 10.0, "is_magas_emelet_lift_nelkul": 0, "futes": "távfűtés", "futes_kategoria": null, "has_tavfutes": 1, "has_konvektor": 0, "has_megujulo": 0, "has_garazs_vagy_beallo": 0, "energetikai_tanusitvany": "D", "butorozott": null, "koltozheto": null, "min_berleti_ido": null, "kertkapcsolatos": "nem", "kozos_koltseg_huf": 21000.0, "rezsikoltseg_huf": null, "hirdeto_tipus": "Ingatlaniroda", "iroda_neve": null, "leiras_hossz": 3126.0, "fenykepek_szama": 4.0, "geokodolas_modszere": null, "geokodolas_pontossag": null, "price_eur": null, "nm_ar_eur": null, "kozos_koltseg_eur": null, "rezsikoltseg_eur": null, "kaucio_eur": null, "tavolsag_metro_halozati_m": 1166.4, "metro_5p_seta": 0, "metro_10p_seta": 0, "metro_15p_seta": 0, "tavolsag_villamos_halozati_m": 1182.4, "villamos_5p_seta": 0, "villamos_10p_seta": 0, "villamos_15p_seta": 0, "tavolsag_busz_halozati_m": 247.0, "busz_5p_seta": 1, "busz_10p_seta": 1, "tavolsag_kotottpalya_halozati_m": 1160.5, "kotottpalya_5p_seta": 0, "kotottpalya_10p_seta": 0, "kotottpalya_15p_seta": 0, "tavolsag_park_halozati_m": 210.4, "park_5p_seta": 1, "park_10p_seta": 1, "park_15p_seta": 1, "poi_5p_count": 7.0, "poi_10p_count": 32.0, "poi_15p_count": 56.0, "tavolsag_iskola_halozati_m": null, "iskola_5p_seta": 0, "iskola_10p_seta": 0, "iskola_15p_seta": 0, "tavolsag_ovoda_halozati_m": null, "ovoda_5p_seta": 0, "ovoda_10p_seta": 0, "ovoda_15p_seta": 0, "tavolsag_bolt_halozati_m": 258.1, "bolt_5p_seta": 1, "bolt_10p_seta": 1, "bolt_15p_seta": 1, "tavolsag_gyogyszertar_halozati_m": 442.6, "gyogyszertar_5p_seta": 0, "gyogyszertar_10p_seta": 1, "gyogyszertar_15p_seta": 1, "tavolsag_orvos_halozati_m": 1401.3, "orvos_5p_seta": 0, "orvos_10p_seta": 0, "orvos_15p_seta": 0, "legkozelebbi_vasut": "Kőbánya-Kispest", "legkozelebbi_metro": "", "legkozelebbi_villamos": "Venyige utca", "legkozelebbi_busz": "Bányató utca", "legkozelebbi_park": "Gőzmozdony park", "legkozelebbi_kotottpalya_tipus": "vasut" }, "geometry": { "type": "Point", "coordinates": [ 19.159126, 47.469465 ] } },
{ "type": "Feature", "properties": { "listing_id": "35584302", "listing_type": "elado", "cim_teljes": "Budapest X. kerület, Gém utca 4.", "varosresz": "Gyárdűlő", "price_huf": 133000000.0, "ar_millio_ft": 133.0, "ar_ezer_ft_ho": 133000.0, "nm_ar_huf": 1727272.7272727273, "log_ar": 18.705859686186027, "log_nm_ar": 14.362054264332343, "is_ar_outlier": 0, "alapterulet_nm": 77.0, "korrigalt_alapterulet_nm": 80.5, "szobaszam_osszes": 4.0, "allapot_kod": 5, "is_felujitando": 0, "is_ujszeru_vagy_uj": 1, "is_panel": 0, "is_tegla": 1, "has_lift": 1, "has_klima": 1, "has_erkely": 1, "is_foldszint": 0, "is_zaroszint": 0, "epulet_kora_ev": 7.0, "geokodolt_lat": 47.470795, "geokodolt_lon": 19.121189, "minta_garantalt_pontos": 1, "tavolsag_vasut_m": 563.8, "vasut_zona": "500-1000 m", "is_vasut_immisszio_150m": 0, "tavolsag_vasut_halozati_m": 1878.2, "menetido_vasut_gyalog_perc": 25.0, "vasut_5p_seta": 0, "vasut_10p_seta": 0, "vasut_15p_seta": 0, "url": "https://ingatlan.com/35584302", "title": "Eladó tégla lakás - Budapest X. kerület, Gém utca 4. #35584302", "postal_code": "1107", "varos": "Budapest", "utca": "Gém utca", "hazszam_vegleges": "4", "allapot": "újszerű", "ingatlan_altipus": "Tégla lakás", "epites_eve": 2019.0, "epites_eve_kategoria": "0-10 év", "erkely_nm": 7.0, "szobaszam_egesz": 4.0, "szobaszam_fel": 0.0, "szobaszam_kategoria": "4+ szoba", "atlagos_szobameret_nm": 19.25, "emelet": "6", "emelet_szam": 6.0, "epulet_szintjei_szam": 7.0, "is_magas_emelet_lift_nelkul": 0, "futes": "házközponti egyedi méréssel", "futes_kategoria": null, "has_tavfutes": 0, "has_konvektor": 0, "has_megujulo": 0, "has_garazs_vagy_beallo": 0, "energetikai_tanusitvany": "C", "butorozott": null, "koltozheto": null, "min_berleti_ido": null, "kertkapcsolatos": "nem", "kozos_koltseg_huf": 50000.0, "rezsikoltseg_huf": 30000.0, "hirdeto_tipus": "Ingatlaniroda", "iroda_neve": null, "leiras_hossz": 2859.0, "fenykepek_szama": 4.0, "geokodolas_modszere": null, "geokodolas_pontossag": null, "price_eur": null, "nm_ar_eur": null, "kozos_koltseg_eur": null, "rezsikoltseg_eur": null, "kaucio_eur": null, "tavolsag_metro_halozati_m": 507.1, "metro_5p_seta": 0, "metro_10p_seta": 1, "metro_15p_seta": 1, "tavolsag_villamos_halozati_m": 624.4, "villamos_5p_seta": 0, "villamos_10p_seta": 1, "villamos_15p_seta": 1, "tavolsag_busz_halozati_m": 376.0, "busz_5p_seta": 0, "busz_10p_seta": 1, "tavolsag_kotottpalya_halozati_m": 507.1, "kotottpalya_5p_seta": 0, "kotottpalya_10p_seta": 1, "kotottpalya_15p_seta": 1, "tavolsag_park_halozati_m": 176.1, "park_5p_seta": 1, "park_10p_seta": 1, "park_15p_seta": 1, "poi_5p_count": 3.0, "poi_10p_count": 31.0, "poi_15p_count": 88.0, "tavolsag_iskola_halozati_m": 1291.9, "iskola_5p_seta": 0, "iskola_10p_seta": 0, "iskola_15p_seta": 0, "tavolsag_ovoda_halozati_m": 269.7, "ovoda_5p_seta": 1, "ovoda_10p_seta": 1, "ovoda_15p_seta": 1, "tavolsag_bolt_halozati_m": 547.0, "bolt_5p_seta": 0, "bolt_10p_seta": 1, "bolt_15p_seta": 1, "tavolsag_gyogyszertar_halozati_m": 424.4, "gyogyszertar_5p_seta": 0, "gyogyszertar_10p_seta": 1, "gyogyszertar_15p_seta": 1, "tavolsag_orvos_halozati_m": 893.5, "orvos_5p_seta": 0, "orvos_10p_seta": 0, "orvos_15p_seta": 1, "legkozelebbi_vasut": "Kőbánya alsó", "legkozelebbi_metro": "", "legkozelebbi_villamos": "Balkán utca", "legkozelebbi_busz": "Hizlaló tér", "legkozelebbi_park": "Névtelen zöldfelület / park", "legkozelebbi_kotottpalya_tipus": "metro" }, "geometry": { "type": "Point", "coordinates": [ 19.121189, 47.470795 ] } },
{ "type": "Feature", "properties": { "listing_id": "35584783", "listing_type": "elado", "cim_teljes": "Budapest X. kerület, Csilla utca 3/A.", "varosresz": "Laposdűlő", "price_huf": 55400000.0, "ar_millio_ft": 55.4, "ar_ezer_ft_ho": 55400.0, "nm_ar_huf": 1497297.2972972973, "log_ar": 17.830090151717513, "log_nm_ar": 14.219172239073288, "is_ar_outlier": 0, "alapterulet_nm": 37.0, "korrigalt_alapterulet_nm": 37.0, "szobaszam_osszes": 3.0, "allapot_kod": 4, "is_felujitando": 0, "is_ujszeru_vagy_uj": 0, "is_panel": 0, "is_tegla": 1, "has_lift": 0, "has_klima": 0, "has_erkely": 0, "is_foldszint": 0, "is_zaroszint": 0, "epulet_kora_ev": null, "geokodolt_lat": 47.489048, "geokodolt_lon": 19.117972, "minta_garantalt_pontos": 1, "tavolsag_vasut_m": 32.0, "vasut_zona": "<150 m", "is_vasut_immisszio_150m": 1, "tavolsag_vasut_halozati_m": 1165.0, "menetido_vasut_gyalog_perc": 15.5, "vasut_5p_seta": 0, "vasut_10p_seta": 0, "vasut_15p_seta": 0, "url": "https://ingatlan.com/35584783", "title": "Eladó tégla lakás - Budapest X. kerület, Csilla utca 3/A #35584783", "postal_code": "1101", "varos": "Budapest", "utca": "Csilla utca", "hazszam_vegleges": "3/A", "allapot": "felújított", "ingatlan_altipus": "Tégla lakás", "epites_eve": null, "epites_eve_kategoria": "Ismeretlen", "erkely_nm": 0.0, "szobaszam_egesz": 3.0, "szobaszam_fel": 0.0, "szobaszam_kategoria": "3 szoba", "atlagos_szobameret_nm": 12.333333333333334, "emelet": "nincs megadva", "emelet_szam": null, "epulet_szintjei_szam": null, "is_magas_emelet_lift_nelkul": 0, "futes": "nincs megadva", "futes_kategoria": null, "has_tavfutes": 0, "has_konvektor": 0, "has_megujulo": 0, "has_garazs_vagy_beallo": 0, "energetikai_tanusitvany": "nincs megadva", "butorozott": null, "koltozheto": null, "min_berleti_ido": null, "kertkapcsolatos": "nincs megadva", "kozos_koltseg_huf": null, "rezsikoltseg_huf": null, "hirdeto_tipus": "Ingatlaniroda", "iroda_neve": null, "leiras_hossz": 1672.0, "fenykepek_szama": 2.0, "geokodolas_modszere": null, "geokodolas_pontossag": null, "price_eur": null, "nm_ar_eur": null, "kozos_koltseg_eur": null, "rezsikoltseg_eur": null, "kaucio_eur": null, "tavolsag_metro_halozati_m": 1980.7, "metro_5p_seta": 0, "metro_10p_seta": 0, "metro_15p_seta": 0, "tavolsag_villamos_halozati_m": 436.5, "villamos_5p_seta": 0, "villamos_10p_seta": 1, "villamos_15p_seta": 1, "tavolsag_busz_halozati_m": 368.7, "busz_5p_seta": 1, "busz_10p_seta": 1, "tavolsag_kotottpalya_halozati_m": 436.5, "kotottpalya_5p_seta": 0, "kotottpalya_10p_seta": 1, "kotottpalya_15p_seta": 1, "tavolsag_park_halozati_m": 330.9, "park_5p_seta": 1, "park_10p_seta": 1, "park_15p_seta": 1, "poi_5p_count": 5.0, "poi_10p_count": 18.0, "poi_15p_count": 37.0, "tavolsag_iskola_halozati_m": 1130.2, "iskola_5p_seta": 0, "iskola_10p_seta": 0, "iskola_15p_seta": 0, "tavolsag_ovoda_halozati_m": 144.1, "ovoda_5p_seta": 1, "ovoda_10p_seta": 1, "ovoda_15p_seta": 1, "tavolsag_bolt_halozati_m": 330.7, "bolt_5p_seta": 1, "bolt_10p_seta": 1, "bolt_15p_seta": 1, "tavolsag_gyogyszertar_halozati_m": 1005.9, "gyogyszertar_5p_seta": 0, "gyogyszertar_10p_seta": 0, "gyogyszertar_15p_seta": 1, "tavolsag_orvos_halozati_m": 1830.4, "orvos_5p_seta": 0, "orvos_10p_seta": 0, "orvos_15p_seta": 0, "legkozelebbi_vasut": "Kőbánya alsó", "legkozelebbi_metro": "", "legkozelebbi_villamos": "Pongrácz úti lakótelep", "legkozelebbi_busz": "Pongrácz úti lakótelep", "legkozelebbi_park": "Névtelen zöldfelület / park", "legkozelebbi_kotottpalya_tipus": "villamos" }, "geometry": { "type": "Point", "coordinates": [ 19.117972, 47.489048 ] } },
{ "type": "Feature", "properties": { "listing_id": "35585337", "listing_type": "elado", "cim_teljes": "Budapest X. kerület, Liget utca 40.", "varosresz": "Ligettelek", "price_huf": 45000000.0, "ar_millio_ft": 45.0, "ar_ezer_ft_ho": 45000.0, "nm_ar_huf": 1184210.5263157894, "log_ar": 17.622173047734595, "log_nm_ar": 13.984586888008208, "is_ar_outlier": 0, "alapterulet_nm": 38.0, "korrigalt_alapterulet_nm": 38.0, "szobaszam_osszes": 2.0, "allapot_kod": 4, "is_felujitando": 0, "is_ujszeru_vagy_uj": 0, "is_panel": 0, "is_tegla": 1, "has_lift": 0, "has_klima": 0, "has_erkely": 0, "is_foldszint": 0, "is_zaroszint": 1, "epulet_kora_ev": null, "geokodolt_lat": 47.489487, "geokodolt_lon": 19.133937, "minta_garantalt_pontos": 1, "tavolsag_vasut_m": 199.9, "vasut_zona": "150-300 m", "is_vasut_immisszio_150m": 0, "tavolsag_vasut_halozati_m": 414.5, "menetido_vasut_gyalog_perc": 5.5, "vasut_5p_seta": 0, "vasut_10p_seta": 1, "vasut_15p_seta": 1, "url": "https://ingatlan.com/35585337", "title": "Eladó tégla lakás - Budapest X. kerület, Liget utca 40. #35585337", "postal_code": "1102", "varos": "Budapest", "utca": "Liget utca", "hazszam_vegleges": "40", "allapot": "felújított", "ingatlan_altipus": "Tégla lakás", "epites_eve": null, "epites_eve_kategoria": "Ismeretlen", "erkely_nm": 0.0, "szobaszam_egesz": 2.0, "szobaszam_fel": 0.0, "szobaszam_kategoria": "2 szoba", "atlagos_szobameret_nm": 19.0, "emelet": "4", "emelet_szam": 4.0, "epulet_szintjei_szam": 4.0, "is_magas_emelet_lift_nelkul": 0, "futes": "nincs megadva", "futes_kategoria": null, "has_tavfutes": 0, "has_konvektor": 0, "has_megujulo": 0, "has_garazs_vagy_beallo": 0, "energetikai_tanusitvany": "nincs megadva", "butorozott": null, "koltozheto": null, "min_berleti_ido": null, "kertkapcsolatos": "nincs megadva", "kozos_koltseg_huf": null, "rezsikoltseg_huf": null, "hirdeto_tipus": "Ingatlaniroda", "iroda_neve": null, "leiras_hossz": 849.0, "fenykepek_szama": 2.0, "geokodolas_modszere": null, "geokodolas_pontossag": null, "price_eur": null, "nm_ar_eur": null, "kozos_koltseg_eur": null, "rezsikoltseg_eur": null, "kaucio_eur": null, "tavolsag_metro_halozati_m": 1973.4, "metro_5p_seta": 0, "metro_10p_seta": 0, "metro_15p_seta": 0, "tavolsag_villamos_halozati_m": 181.5, "villamos_5p_seta": 1, "villamos_10p_seta": 1, "villamos_15p_seta": 1, "tavolsag_busz_halozati_m": 178.5, "busz_5p_seta": 1, "busz_10p_seta": 1, "tavolsag_kotottpalya_halozati_m": 181.5, "kotottpalya_5p_seta": 1, "kotottpalya_10p_seta": 1, "kotottpalya_15p_seta": 1, "tavolsag_park_halozati_m": 226.8, "park_5p_seta": 1, "park_10p_seta": 1, "park_15p_seta": 1, "poi_5p_count": 17.0, "poi_10p_count": 50.0, "poi_15p_count": 106.0, "tavolsag_iskola_halozati_m": 1377.6, "iskola_5p_seta": 0, "iskola_10p_seta": 0, "iskola_15p_seta": 0, "tavolsag_ovoda_halozati_m": 407.8, "ovoda_5p_seta": 0, "ovoda_10p_seta": 1, "ovoda_15p_seta": 1, "tavolsag_bolt_halozati_m": 602.0, "bolt_5p_seta": 0, "bolt_10p_seta": 1, "bolt_15p_seta": 1, "tavolsag_gyogyszertar_halozati_m": 273.2, "gyogyszertar_5p_seta": 1, "gyogyszertar_10p_seta": 1, "gyogyszertar_15p_seta": 1, "tavolsag_orvos_halozati_m": 2028.3, "orvos_5p_seta": 0, "orvos_10p_seta": 0, "orvos_15p_seta": 0, "legkozelebbi_vasut": "Kőbánya felső", "legkozelebbi_metro": "", "legkozelebbi_villamos": "Szent László Gimnázium", "legkozelebbi_busz": "Szent László Gimnázium", "legkozelebbi_park": "Sajó Sándor tér", "legkozelebbi_kotottpalya_tipus": "villamos" }, "geometry": { "type": "Point", "coordinates": [ 19.133937, 47.489487 ] } },
{ "type": "Feature", "properties": { "listing_id": "35585662", "listing_type": "elado", "cim_teljes": "Budapest X. kerület, Gergely utca 102.", "varosresz": "Óhegy", "price_huf": 85000000.0, "ar_millio_ft": 85.0, "ar_ezer_ft_ho": 85000.0, "nm_ar_huf": 1931818.1818181819, "log_ar": 18.258161814454592, "log_nm_ar": 14.473972180536329, "is_ar_outlier": 0, "alapterulet_nm": 44.0, "korrigalt_alapterulet_nm": 49.0, "szobaszam_osszes": 2.0, "allapot_kod": 5, "is_felujitando": 0, "is_ujszeru_vagy_uj": 1, "is_panel": 0, "is_tegla": 1, "has_lift": 1, "has_klima": 1, "has_erkely": 1, "is_foldszint": 0, "is_zaroszint": 0, "epulet_kora_ev": 7.0, "geokodolt_lat": 47.471899, "geokodolt_lon": 19.148581, "minta_garantalt_pontos": 1, "tavolsag_vasut_m": 741.2, "vasut_zona": "500-1000 m", "is_vasut_immisszio_150m": 0, "tavolsag_vasut_halozati_m": 1326.3, "menetido_vasut_gyalog_perc": 17.7, "vasut_5p_seta": 0, "vasut_10p_seta": 0, "vasut_15p_seta": 0, "url": "https://ingatlan.com/35585662", "title": "Eladó tégla lakás - Budapest X. kerület, Gergely utca 102. #35585662", "postal_code": "1103", "varos": "Budapest", "utca": "Gergely utca", "hazszam_vegleges": "102", "allapot": "újszerű", "ingatlan_altipus": "Tégla lakás", "epites_eve": 2019.0, "epites_eve_kategoria": "0-10 év", "erkely_nm": 10.0, "szobaszam_egesz": 2.0, "szobaszam_fel": 0.0, "szobaszam_kategoria": "2 szoba", "atlagos_szobameret_nm": 22.0, "emelet": "1", "emelet_szam": 1.0, "epulet_szintjei_szam": 3.0, "is_magas_emelet_lift_nelkul": 0, "futes": "mennyezeti hűtés-fűtés, hőszivattyú", "futes_kategoria": null, "has_tavfutes": 0, "has_konvektor": 0, "has_megujulo": 1, "has_garazs_vagy_beallo": 0, "energetikai_tanusitvany": "A+", "butorozott": null, "koltozheto": null, "min_berleti_ido": null, "kertkapcsolatos": "nem", "kozos_koltseg_huf": null, "rezsikoltseg_huf": null, "hirdeto_tipus": "Ingatlaniroda", "iroda_neve": null, "leiras_hossz": 1678.0, "fenykepek_szama": 2.0, "geokodolas_modszere": null, "geokodolas_pontossag": null, "price_eur": null, "nm_ar_eur": null, "kozos_koltseg_eur": null, "rezsikoltseg_eur": null, "kaucio_eur": null, "tavolsag_metro_halozati_m": 1332.2, "metro_5p_seta": 0, "metro_10p_seta": 0, "metro_15p_seta": 0, "tavolsag_villamos_halozati_m": 1677.4, "villamos_5p_seta": 0, "villamos_10p_seta": 0, "villamos_15p_seta": 0, "tavolsag_busz_halozati_m": 52.5, "busz_5p_seta": 1, "busz_10p_seta": 1, "tavolsag_kotottpalya_halozati_m": 1326.3, "kotottpalya_5p_seta": 0, "kotottpalya_10p_seta": 0, "kotottpalya_15p_seta": 0, "tavolsag_park_halozati_m": 846.5, "park_5p_seta": 0, "park_10p_seta": 0, "park_15p_seta": 1, "poi_5p_count": 2.0, "poi_10p_count": 17.0, "poi_15p_count": 48.0, "tavolsag_iskola_halozati_m": 1630.6, "iskola_5p_seta": 0, "iskola_10p_seta": 0, "iskola_15p_seta": 0, "tavolsag_ovoda_halozati_m": null, "ovoda_5p_seta": 0, "ovoda_10p_seta": 0, "ovoda_15p_seta": 0, "tavolsag_bolt_halozati_m": 477.9, "bolt_5p_seta": 0, "bolt_10p_seta": 1, "bolt_15p_seta": 1, "tavolsag_gyogyszertar_halozati_m": 911.0, "gyogyszertar_5p_seta": 0, "gyogyszertar_10p_seta": 0, "gyogyszertar_15p_seta": 1, "tavolsag_orvos_halozati_m": 1788.8, "orvos_5p_seta": 0, "orvos_10p_seta": 0, "orvos_15p_seta": 0, "legkozelebbi_vasut": "Kőbánya-Kispest", "legkozelebbi_metro": "", "legkozelebbi_villamos": "Kada utca / Maglódi út", "legkozelebbi_busz": "Noszlopy utca", "legkozelebbi_park": "Névtelen zöldfelület / park", "legkozelebbi_kotottpalya_tipus": "vasut" }, "geometry": { "type": "Point", "coordinates": [ 19.148581, 47.471899 ] } },
{ "type": "Feature", "properties": { "listing_id": "35588988", "listing_type": "elado", "cim_teljes": "Budapest X. kerület, Korponai utca 4.", "varosresz": "Ligettelek", "price_huf": 48900000.0, "ar_millio_ft": 48.9, "ar_ezer_ft_ho": 48900.0, "nm_ar_huf": 1438235.294117647, "log_ar": 17.705287954445101, "log_nm_ar": 14.178927429828939, "is_ar_outlier": 0, "alapterulet_nm": 34.0, "korrigalt_alapterulet_nm": 34.0, "szobaszam_osszes": 1.0, "allapot_kod": 5, "is_felujitando": 0, "is_ujszeru_vagy_uj": 1, "is_panel": 0, "is_tegla": 1, "has_lift": 0, "has_klima": 1, "has_erkely": 0, "is_foldszint": 0, "is_zaroszint": 0, "epulet_kora_ev": 2.0, "geokodolt_lat": 47.487839, "geokodolt_lon": 19.124194, "minta_garantalt_pontos": 1, "tavolsag_vasut_m": 29.8, "vasut_zona": "<150 m", "is_vasut_immisszio_150m": 1, "tavolsag_vasut_halozati_m": 650.9, "menetido_vasut_gyalog_perc": 8.7, "vasut_5p_seta": 0, "vasut_10p_seta": 1, "vasut_15p_seta": 1, "url": "https://ingatlan.com/35588988", "title": "Eladó tégla lakás - Budapest X. kerület, Korponai utca 4. #35588988", "postal_code": "1101", "varos": "Budapest", "utca": "Korponai utca", "hazszam_vegleges": "4", "allapot": "újszerű", "ingatlan_altipus": "Tégla lakás", "epites_eve": 2024.0, "epites_eve_kategoria": "0-10 év", "erkely_nm": 0.0, "szobaszam_egesz": 1.0, "szobaszam_fel": 0.0, "szobaszam_kategoria": "1 szoba", "atlagos_szobameret_nm": 34.0, "emelet": "1", "emelet_szam": 1.0, "epulet_szintjei_szam": 2.0, "is_magas_emelet_lift_nelkul": 0, "futes": "házközponti, hűtő-fűtő klíma", "futes_kategoria": null, "has_tavfutes": 0, "has_konvektor": 0, "has_megujulo": 0, "has_garazs_vagy_beallo": 0, "energetikai_tanusitvany": "D", "butorozott": null, "koltozheto": null, "min_berleti_ido": null, "kertkapcsolatos": "nincs megadva", "kozos_koltseg_huf": 13000.0, "rezsikoltseg_huf": 13000.0, "hirdeto_tipus": "Ingatlaniroda", "iroda_neve": null, "leiras_hossz": 1194.0, "fenykepek_szama": 2.0, "geokodolas_modszere": null, "geokodolas_pontossag": null, "price_eur": null, "nm_ar_eur": null, "kozos_koltseg_eur": null, "rezsikoltseg_eur": null, "kaucio_eur": null, "tavolsag_metro_halozati_m": null, "metro_5p_seta": 0, "metro_10p_seta": 0, "metro_15p_seta": 0, "tavolsag_villamos_halozati_m": 255.9, "villamos_5p_seta": 1, "villamos_10p_seta": 1, "villamos_15p_seta": 1, "tavolsag_busz_halozati_m": 251.4, "busz_5p_seta": 1, "busz_10p_seta": 1, "tavolsag_kotottpalya_halozati_m": 255.9, "kotottpalya_5p_seta": 1, "kotottpalya_10p_seta": 1, "kotottpalya_15p_seta": 1, "tavolsag_park_halozati_m": 482.8, "park_5p_seta": 0, "park_10p_seta": 1, "park_15p_seta": 1, "poi_5p_count": 3.0, "poi_10p_count": 38.0, "poi_15p_count": 102.0, "tavolsag_iskola_halozati_m": 1038.2, "iskola_5p_seta": 0, "iskola_10p_seta": 0, "iskola_15p_seta": 1, "tavolsag_ovoda_halozati_m": 770.6, "ovoda_5p_seta": 0, "ovoda_10p_seta": 0, "ovoda_15p_seta": 1, "tavolsag_bolt_halozati_m": 492.8, "bolt_5p_seta": 0, "bolt_10p_seta": 1, "bolt_15p_seta": 1, "tavolsag_gyogyszertar_halozati_m": 844.6, "gyogyszertar_5p_seta": 0, "gyogyszertar_10p_seta": 0, "gyogyszertar_15p_seta": 1, "tavolsag_orvos_halozati_m": 1970.8, "orvos_5p_seta": 0, "orvos_10p_seta": 0, "orvos_15p_seta": 0, "legkozelebbi_vasut": "Kőbánya alsó", "legkozelebbi_metro": "", "legkozelebbi_villamos": "Őrház", "legkozelebbi_busz": "Őrház", "legkozelebbi_park": "Névtelen zöldfelület / park", "legkozelebbi_kotottpalya_tipus": "villamos" }, "geometry": { "type": "Point", "coordinates": [ 19.124194, 47.487839 ] } },
{ "type": "Feature", "properties": { "listing_id": "35589153", "listing_type": "elado", "cim_teljes": "Budapest X. kerület, Tárna utca 4.", "varosresz": "Gyárdűlő", "price_huf": 39900000.0, "ar_millio_ft": 39.9, "ar_ezer_ft_ho": 39900.0, "nm_ar_huf": 814285.71428571432, "log_ar": 17.501886881860091, "log_nm_ar": 13.610066583749465, "is_ar_outlier": 0, "alapterulet_nm": 49.0, "korrigalt_alapterulet_nm": 49.0, "szobaszam_osszes": 2.0, "allapot_kod": 3, "is_felujitando": 0, "is_ujszeru_vagy_uj": 0, "is_panel": 0, "is_tegla": 1, "has_lift": 1, "has_klima": 0, "has_erkely": 0, "is_foldszint": 0, "is_zaroszint": 0, "epulet_kora_ev": null, "geokodolt_lat": 47.487806, "geokodolt_lon": 19.164057, "minta_garantalt_pontos": 1, "tavolsag_vasut_m": 20.1, "vasut_zona": "<150 m", "is_vasut_immisszio_150m": 1, "tavolsag_vasut_halozati_m": 916.6, "menetido_vasut_gyalog_perc": 12.2, "vasut_5p_seta": 0, "vasut_10p_seta": 0, "vasut_15p_seta": 1, "url": "https://ingatlan.com/35589153", "title": "Eladó tégla lakás - Budapest X. kerület, Tárna utca 4. #35589153", "postal_code": "1106", "varos": "Budapest", "utca": "Tárna utca", "hazszam_vegleges": "4", "allapot": "jó állapotú", "ingatlan_altipus": "Tégla lakás", "epites_eve": null, "epites_eve_kategoria": "Ismeretlen", "erkely_nm": 0.0, "szobaszam_egesz": 2.0, "szobaszam_fel": 0.0, "szobaszam_kategoria": "2 szoba", "atlagos_szobameret_nm": 24.5, "emelet": "4", "emelet_szam": 4.0, "epulet_szintjei_szam": null, "is_magas_emelet_lift_nelkul": 0, "futes": "elektromos konvektor", "futes_kategoria": null, "has_tavfutes": 0, "has_konvektor": 1, "has_megujulo": 0, "has_garazs_vagy_beallo": 0, "energetikai_tanusitvany": "nincs megadva", "butorozott": null, "koltozheto": null, "min_berleti_ido": null, "kertkapcsolatos": "nincs megadva", "kozos_koltseg_huf": null, "rezsikoltseg_huf": null, "hirdeto_tipus": "Ingatlaniroda", "iroda_neve": null, "leiras_hossz": 497.0, "fenykepek_szama": 4.0, "geokodolas_modszere": null, "geokodolas_pontossag": null, "price_eur": null, "nm_ar_eur": null, "kozos_koltseg_eur": null, "rezsikoltseg_eur": null, "kaucio_eur": null, "tavolsag_metro_halozati_m": null, "metro_5p_seta": 0, "metro_10p_seta": 0, "metro_15p_seta": 0, "tavolsag_villamos_halozati_m": 1024.0, "villamos_5p_seta": 0, "villamos_10p_seta": 0, "villamos_15p_seta": 1, "tavolsag_busz_halozati_m": 224.9, "busz_5p_seta": 1, "busz_10p_seta": 1, "tavolsag_kotottpalya_halozati_m": 916.6, "kotottpalya_5p_seta": 0, "kotottpalya_10p_seta": 0, "kotottpalya_15p_seta": 1, "tavolsag_park_halozati_m": 974.3, "park_5p_seta": 0, "park_10p_seta": 0, "park_15p_seta": 1, "poi_5p_count": 2.0, "poi_10p_count": 4.0, "poi_15p_count": 29.0, "tavolsag_iskola_halozati_m": null, "iskola_5p_seta": 0, "iskola_10p_seta": 0, "iskola_15p_seta": 0, "tavolsag_ovoda_halozati_m": 1843.6, "ovoda_5p_seta": 0, "ovoda_10p_seta": 0, "ovoda_15p_seta": 0, "tavolsag_bolt_halozati_m": 1477.6, "bolt_5p_seta": 0, "bolt_10p_seta": 0, "bolt_15p_seta": 0, "tavolsag_gyogyszertar_halozati_m": 1508.5, "gyogyszertar_5p_seta": 0, "gyogyszertar_10p_seta": 0, "gyogyszertar_15p_seta": 0, "tavolsag_orvos_halozati_m": 1390.7, "orvos_5p_seta": 0, "orvos_10p_seta": 0, "orvos_15p_seta": 0, "legkozelebbi_vasut": "Rákos", "legkozelebbi_metro": "", "legkozelebbi_villamos": "Kocka utca", "legkozelebbi_busz": "Tárna utca", "legkozelebbi_park": "Névtelen zöldfelület / park", "legkozelebbi_kotottpalya_tipus": "vasut" }, "geometry": { "type": "Point", "coordinates": [ 19.164057, 47.487806 ] } },
{ "type": "Feature", "properties": { "listing_id": "35589328", "listing_type": "elado", "cim_teljes": "Budapest X. kerület, Hungária körút 5.", "varosresz": "Laposdűlő", "price_huf": 74900000.0, "ar_millio_ft": 74.9, "ar_ezer_ft_ho": 74900.0, "nm_ar_huf": 1040277.7777777778, "log_ar": 18.131664448487449, "log_nm_ar": 13.854998329471393, "is_ar_outlier": 0, "alapterulet_nm": 72.0, "korrigalt_alapterulet_nm": 74.0, "szobaszam_osszes": 3.0, "allapot_kod": 4, "is_felujitando": 0, "is_ujszeru_vagy_uj": 0, "is_panel": 1, "is_tegla": 0, "has_lift": 1, "has_klima": 1, "has_erkely": 1, "is_foldszint": 0, "is_zaroszint": 0, "epulet_kora_ev": 38.0, "geokodolt_lat": 47.490717, "geokodolt_lon": 19.109228, "minta_garantalt_pontos": 1, "tavolsag_vasut_m": 261.1, "vasut_zona": "150-300 m", "is_vasut_immisszio_150m": 0, "tavolsag_vasut_halozati_m": 1964.9, "menetido_vasut_gyalog_perc": 26.2, "vasut_5p_seta": 0, "vasut_10p_seta": 0, "vasut_15p_seta": 0, "url": "https://ingatlan.com/35589328", "title": "Eladó panel lakás - Budapest X. kerület, Hungária körút 5. #35589328", "postal_code": "1101", "varos": "Budapest", "utca": "Hungária körút", "hazszam_vegleges": "5", "allapot": "felújított", "ingatlan_altipus": "Panel lakás", "epites_eve": 1988.0, "epites_eve_kategoria": "30-60 év (panel-korszak)", "erkely_nm": 4.0, "szobaszam_egesz": 3.0, "szobaszam_fel": 0.0, "szobaszam_kategoria": "3 szoba", "atlagos_szobameret_nm": 24.0, "emelet": "8", "emelet_szam": 8.0, "epulet_szintjei_szam": 10.0, "is_magas_emelet_lift_nelkul": 0, "futes": "távfűtés", "futes_kategoria": null, "has_tavfutes": 1, "has_konvektor": 0, "has_megujulo": 0, "has_garazs_vagy_beallo": 0, "energetikai_tanusitvany": "nincs megadva", "butorozott": null, "koltozheto": null, "min_berleti_ido": null, "kertkapcsolatos": "nincs megadva", "kozos_koltseg_huf": null, "rezsikoltseg_huf": null, "hirdeto_tipus": "Ingatlaniroda", "iroda_neve": null, "leiras_hossz": 525.0, "fenykepek_szama": 4.0, "geokodolas_modszere": null, "geokodolas_pontossag": null, "price_eur": null, "nm_ar_eur": null, "kozos_koltseg_eur": null, "rezsikoltseg_eur": null, "kaucio_eur": null, "tavolsag_metro_halozati_m": 1202.2, "metro_5p_seta": 0, "metro_10p_seta": 0, "metro_15p_seta": 0, "tavolsag_villamos_halozati_m": 67.7, "villamos_5p_seta": 1, "villamos_10p_seta": 1, "villamos_15p_seta": 1, "tavolsag_busz_halozati_m": 90.6, "busz_5p_seta": 1, "busz_10p_seta": 1, "tavolsag_kotottpalya_halozati_m": 67.7, "kotottpalya_5p_seta": 1, "kotottpalya_10p_seta": 1, "kotottpalya_15p_seta": 1, "tavolsag_park_halozati_m": 292.1, "park_5p_seta": 1, "park_10p_seta": 1, "park_15p_seta": 1, "poi_5p_count": 12.0, "poi_10p_count": 32.0, "poi_15p_count": 58.0, "tavolsag_iskola_halozati_m": 1106.1, "iskola_5p_seta": 0, "iskola_10p_seta": 0, "iskola_15p_seta": 1, "tavolsag_ovoda_halozati_m": 819.7, "ovoda_5p_seta": 0, "ovoda_10p_seta": 0, "ovoda_15p_seta": 1, "tavolsag_bolt_halozati_m": 85.8, "bolt_5p_seta": 1, "bolt_10p_seta": 1, "bolt_15p_seta": 1, "tavolsag_gyogyszertar_halozati_m": 367.9, "gyogyszertar_5p_seta": 1, "gyogyszertar_10p_seta": 1, "gyogyszertar_15p_seta": 1, "tavolsag_orvos_halozati_m": 1190.0, "orvos_5p_seta": 0, "orvos_10p_seta": 0, "orvos_15p_seta": 0, "legkozelebbi_vasut": "Kőbánya alsó", "legkozelebbi_metro": "", "legkozelebbi_villamos": "Hidegkuti Nándor Stadion", "legkozelebbi_busz": "Hidegkuti Nándor Stadion", "legkozelebbi_park": "Tbiliszi tér", "legkozelebbi_kotottpalya_tipus": "villamos" }, "geometry": { "type": "Point", "coordinates": [ 19.109228, 47.490717 ] } },
{ "type": "Feature", "properties": { "listing_id": "35589342", "listing_type": "elado", "cim_teljes": "Budapest X. kerület, Liget utca 35/B.", "varosresz": "Kőbánya-Városközpont", "price_huf": 49900000.0, "ar_millio_ft": 49.9, "ar_ezer_ft_ho": 49900.0, "nm_ar_huf": 891071.42857142852, "log_ar": 17.725531560721748, "log_nm_ar": 13.700179869986599, "is_ar_outlier": 0, "alapterulet_nm": 56.0, "korrigalt_alapterulet_nm": 58.4, "szobaszam_osszes": 2.0, "allapot_kod": 1, "is_felujitando": 1, "is_ujszeru_vagy_uj": 0, "is_panel": 0, "is_tegla": 0, "has_lift": 1, "has_klima": 0, "has_erkely": 1, "is_foldszint": 0, "is_zaroszint": 0, "epulet_kora_ev": 58.0, "geokodolt_lat": 47.489056, "geokodolt_lon": 19.133352, "minta_garantalt_pontos": 1, "tavolsag_vasut_m": 247.7, "vasut_zona": "150-300 m", "is_vasut_immisszio_150m": 0, "tavolsag_vasut_halozati_m": 501.0, "menetido_vasut_gyalog_perc": 6.7, "vasut_5p_seta": 0, "vasut_10p_seta": 1, "vasut_15p_seta": 1, "url": "https://ingatlan.com/35589342", "title": "Eladó csúsztatott zsalus - Budapest X. kerület, Liget utca 35/B #35589342", "postal_code": "1102", "varos": "Budapest", "utca": "Liget utca", "hazszam_vegleges": "35/B", "allapot": "felújítandó", "ingatlan_altipus": "Csúsztatott zsalus lakás", "epites_eve": 1968.0, "epites_eve_kategoria": "30-60 év (panel-korszak)", "erkely_nm": 4.8, "szobaszam_egesz": 2.0, "szobaszam_fel": 0.0, "szobaszam_kategoria": "2 szoba", "atlagos_szobameret_nm": 28.0, "emelet": "8", "emelet_szam": 8.0, "epulet_szintjei_szam": 9.0, "is_magas_emelet_lift_nelkul": 0, "futes": "távfűtés", "futes_kategoria": null, "has_tavfutes": 1, "has_konvektor": 0, "has_megujulo": 0, "has_garazs_vagy_beallo": 0, "energetikai_tanusitvany": "D", "butorozott": null, "koltozheto": null, "min_berleti_ido": null, "kertkapcsolatos": "nincs megadva", "kozos_koltseg_huf": 14110.0, "rezsikoltseg_huf": 11800.0, "hirdeto_tipus": "Ingatlaniroda", "iroda_neve": null, "leiras_hossz": 3438.0, "fenykepek_szama": 4.0, "geokodolas_modszere": null, "geokodolas_pontossag": null, "price_eur": null, "nm_ar_eur": null, "kozos_koltseg_eur": null, "rezsikoltseg_eur": null, "kaucio_eur": null, "tavolsag_metro_halozati_m": 2060.0, "metro_5p_seta": 0, "metro_10p_seta": 0, "metro_15p_seta": 0, "tavolsag_villamos_halozati_m": 261.8, "villamos_5p_seta": 1, "villamos_10p_seta": 1, "villamos_15p_seta": 1, "tavolsag_busz_halozati_m": 258.8, "busz_5p_seta": 1, "busz_10p_seta": 1, "tavolsag_kotottpalya_halozati_m": 261.8, "kotottpalya_5p_seta": 1, "kotottpalya_10p_seta": 1, "kotottpalya_15p_seta": 1, "tavolsag_park_halozati_m": 313.3, "park_5p_seta": 1, "park_10p_seta": 1, "park_15p_seta": 1, "poi_5p_count": 11.0, "poi_10p_count": 50.0, "poi_15p_count": 107.0, "tavolsag_iskola_halozati_m": 1330.4, "iskola_5p_seta": 0, "iskola_10p_seta": 0, "iskola_15p_seta": 0, "tavolsag_ovoda_halozati_m": 488.1, "ovoda_5p_seta": 0, "ovoda_10p_seta": 1, "ovoda_15p_seta": 1, "tavolsag_bolt_halozati_m": 529.0, "bolt_5p_seta": 0, "bolt_10p_seta": 1, "bolt_15p_seta": 1, "tavolsag_gyogyszertar_halozati_m": 359.8, "gyogyszertar_5p_seta": 1, "gyogyszertar_10p_seta": 1, "gyogyszertar_15p_seta": 1, "tavolsag_orvos_halozati_m": 2114.8, "orvos_5p_seta": 0, "orvos_10p_seta": 0, "orvos_15p_seta": 0, "legkozelebbi_vasut": "Kőbánya felső", "legkozelebbi_metro": "", "legkozelebbi_villamos": "Szent László Gimnázium", "legkozelebbi_busz": "Szent László Gimnázium", "legkozelebbi_park": "Sajó Sándor tér", "legkozelebbi_kotottpalya_tipus": "villamos" }, "geometry": { "type": "Point", "coordinates": [ 19.133352, 47.489056 ] } },
{ "type": "Feature", "properties": { "listing_id": "35591913", "listing_type": "elado", "cim_teljes": "Budapest X. kerület, Váltó utca 10/A.", "varosresz": "Felsőrákos", "price_huf": 117000000.0, "ar_millio_ft": 117.0, "ar_ezer_ft_ho": 117000.0, "nm_ar_huf": 1481012.6582278481, "log_ar": 18.577684492762032, "log_nm_ar": 14.208236640295009, "is_ar_outlier": 0, "alapterulet_nm": 79.0, "korrigalt_alapterulet_nm": 83.0, "szobaszam_osszes": 3.0, "allapot_kod": 5, "is_felujitando": 0, "is_ujszeru_vagy_uj": 1, "is_panel": 0, "is_tegla": 1, "has_lift": 0, "has_klima": 0, "has_erkely": 1, "is_foldszint": 0, "is_zaroszint": 0, "epulet_kora_ev": 21.0, "geokodolt_lat": 47.496997, "geokodolt_lon": 19.163803, "minta_garantalt_pontos": 1, "tavolsag_vasut_m": 246.6, "vasut_zona": "150-300 m", "is_vasut_immisszio_150m": 0, "tavolsag_vasut_halozati_m": 1467.5, "menetido_vasut_gyalog_perc": 19.6, "vasut_5p_seta": 0, "vasut_10p_seta": 0, "vasut_15p_seta": 0, "url": "https://ingatlan.com/35591913", "title": "Eladó tégla lakás - Budapest X. kerület, Váltó utca 10/A #35591913", "postal_code": "1106", "varos": "Budapest", "utca": "Váltó utca", "hazszam_vegleges": "10/A", "allapot": "újszerű", "ingatlan_altipus": "Tégla lakás", "epites_eve": 2005.0, "epites_eve_kategoria": "10-30 év (rendszerváltás utáni)", "erkely_nm": 8.0, "szobaszam_egesz": 3.0, "szobaszam_fel": 0.0, "szobaszam_kategoria": "3 szoba", "atlagos_szobameret_nm": 26.333333333333332, "emelet": "1", "emelet_szam": 1.0, "epulet_szintjei_szam": 2.0, "is_magas_emelet_lift_nelkul": 0, "futes": "gázkazán", "futes_kategoria": null, "has_tavfutes": 0, "has_konvektor": 1, "has_megujulo": 0, "has_garazs_vagy_beallo": 0, "energetikai_tanusitvany": "nincs megadva", "butorozott": null, "koltozheto": null, "min_berleti_ido": null, "kertkapcsolatos": "nem", "kozos_koltseg_huf": 25000.0, "rezsikoltseg_huf": null, "hirdeto_tipus": "Ingatlaniroda", "iroda_neve": null, "leiras_hossz": 8580.0, "fenykepek_szama": 4.0, "geokodolas_modszere": null, "geokodolas_pontossag": null, "price_eur": null, "nm_ar_eur": null, "kozos_koltseg_eur": null, "rezsikoltseg_eur": null, "kaucio_eur": null, "tavolsag_metro_halozati_m": null, "metro_5p_seta": 0, "metro_10p_seta": 0, "metro_15p_seta": 0, "tavolsag_villamos_halozati_m": 1953.5, "villamos_5p_seta": 0, "villamos_10p_seta": 0, "villamos_15p_seta": 0, "tavolsag_busz_halozati_m": 399.2, "busz_5p_seta": 0, "busz_10p_seta": 1, "tavolsag_kotottpalya_halozati_m": 1467.5, "kotottpalya_5p_seta": 0, "kotottpalya_10p_seta": 0, "kotottpalya_15p_seta": 0, "tavolsag_park_halozati_m": 1551.0, "park_5p_seta": 0, "park_10p_seta": 0, "park_15p_seta": 0, "poi_5p_count": 0.0, "poi_10p_count": 4.0, "poi_15p_count": 13.0, "tavolsag_iskola_halozati_m": 1428.5, "iskola_5p_seta": 0, "iskola_10p_seta": 0, "iskola_15p_seta": 0, "tavolsag_ovoda_halozati_m": 789.7, "ovoda_5p_seta": 0, "ovoda_10p_seta": 0, "ovoda_15p_seta": 1, "tavolsag_bolt_halozati_m": 1326.3, "bolt_5p_seta": 0, "bolt_10p_seta": 0, "bolt_15p_seta": 0, "tavolsag_gyogyszertar_halozati_m": 1524.9, "gyogyszertar_5p_seta": 0, "gyogyszertar_10p_seta": 0, "gyogyszertar_15p_seta": 0, "tavolsag_orvos_halozati_m": 1850.4, "orvos_5p_seta": 0, "orvos_10p_seta": 0, "orvos_15p_seta": 0, "legkozelebbi_vasut": "Nagyicce", "legkozelebbi_metro": "", "legkozelebbi_villamos": "Kocka utca", "legkozelebbi_busz": "Kabai utca", "legkozelebbi_park": "Ehmann Viktor tér", "legkozelebbi_kotottpalya_tipus": "vasut" }, "geometry": { "type": "Point", "coordinates": [ 19.163803, 47.496997 ] } },
{ "type": "Feature", "properties": { "listing_id": "35592917", "listing_type": "elado", "cim_teljes": "Budapest X. kerület, Hungária körút 5-7.", "varosresz": "Laposdűlő", "price_huf": 74500000.0, "ar_millio_ft": 74.5, "ar_ezer_ft_ho": 74500.0, "nm_ar_huf": 1034722.2222222222, "log_ar": 18.126309683349788, "log_nm_ar": 13.849643564333732, "is_ar_outlier": 0, "alapterulet_nm": 72.0, "korrigalt_alapterulet_nm": 74.0, "szobaszam_osszes": 3.0, "allapot_kod": 3, "is_felujitando": 0, "is_ujszeru_vagy_uj": 0, "is_panel": 1, "is_tegla": 0, "has_lift": 1, "has_klima": 0, "has_erkely": 1, "is_foldszint": 0, "is_zaroszint": 0, "epulet_kora_ev": 38.0, "geokodolt_lat": 47.491796, "geokodolt_lon": 19.109243, "minta_garantalt_pontos": 1, "tavolsag_vasut_m": 369.0, "vasut_zona": "300-500 m", "is_vasut_immisszio_150m": 0, "tavolsag_vasut_halozati_m": null, "menetido_vasut_gyalog_perc": null, "vasut_5p_seta": 0, "vasut_10p_seta": 0, "vasut_15p_seta": 0, "url": "https://ingatlan.com/35592917", "title": "Eladó panel lakás - Budapest X. kerület, Hungária körút 5-7. #35592917", "postal_code": "1101", "varos": "Budapest", "utca": "Hungária körút", "hazszam_vegleges": "5-7", "allapot": "jó állapotú", "ingatlan_altipus": "Panel lakás", "epites_eve": 1988.0, "epites_eve_kategoria": "30-60 év (panel-korszak)", "erkely_nm": 4.0, "szobaszam_egesz": 3.0, "szobaszam_fel": 0.0, "szobaszam_kategoria": "3 szoba", "atlagos_szobameret_nm": 24.0, "emelet": "4", "emelet_szam": 4.0, "epulet_szintjei_szam": 9.0, "is_magas_emelet_lift_nelkul": 0, "futes": "házközponti", "futes_kategoria": null, "has_tavfutes": 0, "has_konvektor": 0, "has_megujulo": 0, "has_garazs_vagy_beallo": 0, "energetikai_tanusitvany": "nincs megadva", "butorozott": null, "koltozheto": null, "min_berleti_ido": null, "kertkapcsolatos": "nincs megadva", "kozos_koltseg_huf": null, "rezsikoltseg_huf": null, "hirdeto_tipus": "Ingatlaniroda", "iroda_neve": null, "leiras_hossz": 399.0, "fenykepek_szama": 4.0, "geokodolas_modszere": null, "geokodolas_pontossag": null, "price_eur": null, "nm_ar_eur": null, "kozos_koltseg_eur": null, "rezsikoltseg_eur": null, "kaucio_eur": null, "tavolsag_metro_halozati_m": 1037.0, "metro_5p_seta": 0, "metro_10p_seta": 0, "metro_15p_seta": 1, "tavolsag_villamos_halozati_m": 119.5, "villamos_5p_seta": 1, "villamos_10p_seta": 1, "villamos_15p_seta": 1, "tavolsag_busz_halozati_m": 120.8, "busz_5p_seta": 1, "busz_10p_seta": 1, "tavolsag_kotottpalya_halozati_m": 119.5, "kotottpalya_5p_seta": 1, "kotottpalya_10p_seta": 1, "kotottpalya_15p_seta": 1, "tavolsag_park_halozati_m": 434.0, "park_5p_seta": 0, "park_10p_seta": 1, "park_15p_seta": 1, "poi_5p_count": 11.0, "poi_10p_count": 30.0, "poi_15p_count": 68.0, "tavolsag_iskola_halozati_m": 940.9, "iskola_5p_seta": 0, "iskola_10p_seta": 0, "iskola_15p_seta": 1, "tavolsag_ovoda_halozati_m": 978.5, "ovoda_5p_seta": 0, "ovoda_10p_seta": 0, "ovoda_15p_seta": 1, "tavolsag_bolt_halozati_m": 145.2, "bolt_5p_seta": 1, "bolt_10p_seta": 1, "bolt_15p_seta": 1, "tavolsag_gyogyszertar_halozati_m": 209.2, "gyogyszertar_5p_seta": 1, "gyogyszertar_10p_seta": 1, "gyogyszertar_15p_seta": 1, "tavolsag_orvos_halozati_m": 1055.5, "orvos_5p_seta": 0, "orvos_10p_seta": 0, "orvos_15p_seta": 1, "legkozelebbi_vasut": "", "legkozelebbi_metro": "", "legkozelebbi_villamos": "Hidegkuti Nándor Stadion", "legkozelebbi_busz": "Hidegkuti Nándor Stadion", "legkozelebbi_park": "Tbiliszi tér", "legkozelebbi_kotottpalya_tipus": "villamos" }, "geometry": { "type": "Point", "coordinates": [ 19.109243, 47.491796 ] } },
{ "type": "Feature", "properties": { "listing_id": "35594779", "listing_type": "elado", "cim_teljes": "Budapest X. kerület, Maglódi út 10.", "varosresz": "Gyárdűlő", "price_huf": 40000000.0, "ar_millio_ft": 40.0, "ar_ezer_ft_ho": 40000.0, "nm_ar_huf": 1081081.0810810812, "log_ar": 17.504390012078211, "log_nm_ar": 13.893472099433986, "is_ar_outlier": 0, "alapterulet_nm": 37.0, "korrigalt_alapterulet_nm": 37.0, "szobaszam_osszes": 1.0, "allapot_kod": 1, "is_felujitando": 1, "is_ujszeru_vagy_uj": 0, "is_panel": 0, "is_tegla": 1, "has_lift": 0, "has_klima": 0, "has_erkely": 0, "is_foldszint": 0, "is_zaroszint": 0, "epulet_kora_ev": null, "geokodolt_lat": 47.485033, "geokodolt_lon": 19.15662, "minta_garantalt_pontos": 1, "tavolsag_vasut_m": 390.0, "vasut_zona": "300-500 m", "is_vasut_immisszio_150m": 0, "tavolsag_vasut_halozati_m": 1541.8, "menetido_vasut_gyalog_perc": 20.6, "vasut_5p_seta": 0, "vasut_10p_seta": 0, "vasut_15p_seta": 0, "url": "https://ingatlan.com/35594779", "title": "Eladó tégla lakás - Budapest X. kerület, Maglódi út 10. #35594779", "postal_code": "1106", "varos": "Budapest", "utca": "Maglódi út", "hazszam_vegleges": "10", "allapot": "felújítandó", "ingatlan_altipus": "Tégla lakás", "epites_eve": null, "epites_eve_kategoria": "Ismeretlen", "erkely_nm": 0.0, "szobaszam_egesz": 1.0, "szobaszam_fel": 0.0, "szobaszam_kategoria": "1 szoba", "atlagos_szobameret_nm": 37.0, "emelet": "nincs megadva", "emelet_szam": null, "epulet_szintjei_szam": null, "is_magas_emelet_lift_nelkul": 0, "futes": "nincs megadva", "futes_kategoria": null, "has_tavfutes": 0, "has_konvektor": 0, "has_megujulo": 0, "has_garazs_vagy_beallo": 0, "energetikai_tanusitvany": "nincs megadva", "butorozott": null, "koltozheto": null, "min_berleti_ido": null, "kertkapcsolatos": "nincs megadva", "kozos_koltseg_huf": null, "rezsikoltseg_huf": null, "hirdeto_tipus": "Ingatlaniroda", "iroda_neve": null, "leiras_hossz": 323.0, "fenykepek_szama": 2.0, "geokodolas_modszere": null, "geokodolas_pontossag": null, "price_eur": null, "nm_ar_eur": null, "kozos_koltseg_eur": null, "rezsikoltseg_eur": null, "kaucio_eur": null, "tavolsag_metro_halozati_m": null, "metro_5p_seta": 0, "metro_10p_seta": 0, "metro_15p_seta": 0, "tavolsag_villamos_halozati_m": 164.1, "villamos_5p_seta": 1, "villamos_10p_seta": 1, "villamos_15p_seta": 1, "tavolsag_busz_halozati_m": 175.8, "busz_5p_seta": 1, "busz_10p_seta": 1, "tavolsag_kotottpalya_halozati_m": 164.1, "kotottpalya_5p_seta": 1, "kotottpalya_10p_seta": 1, "kotottpalya_15p_seta": 1, "tavolsag_park_halozati_m": 266.4, "park_5p_seta": 1, "park_10p_seta": 1, "park_15p_seta": 1, "poi_5p_count": 10.0, "poi_10p_count": 17.0, "poi_15p_count": 46.0, "tavolsag_iskola_halozati_m": 2007.0, "iskola_5p_seta": 0, "iskola_10p_seta": 0, "iskola_15p_seta": 0, "tavolsag_ovoda_halozati_m": null, "ovoda_5p_seta": 0, "ovoda_10p_seta": 0, "ovoda_15p_seta": 0, "tavolsag_bolt_halozati_m": 819.9, "bolt_5p_seta": 0, "bolt_10p_seta": 0, "bolt_15p_seta": 1, "tavolsag_gyogyszertar_halozati_m": 926.2, "gyogyszertar_5p_seta": 0, "gyogyszertar_10p_seta": 0, "gyogyszertar_15p_seta": 1, "tavolsag_orvos_halozati_m": 978.9, "orvos_5p_seta": 0, "orvos_10p_seta": 0, "orvos_15p_seta": 1, "legkozelebbi_vasut": "Rákos", "legkozelebbi_metro": "", "legkozelebbi_villamos": "Kocka utca", "legkozelebbi_busz": "Kocka utca", "legkozelebbi_park": "Névtelen zöldfelület / park", "legkozelebbi_kotottpalya_tipus": "villamos" }, "geometry": { "type": "Point", "coordinates": [ 19.15662, 47.485033 ] } },
{ "type": "Feature", "properties": { "listing_id": "35596353", "listing_type": "elado", "cim_teljes": "Budapest X. kerület, Gépmadár utca 11.", "varosresz": "Felsőrákos", "price_huf": 59900000.0, "ar_millio_ft": 59.9, "ar_ezer_ft_ho": 59900.0, "nm_ar_huf": 1130188.6792452831, "log_ar": 17.908187063085677, "log_nm_ar": 13.937895149533556, "is_ar_outlier": 0, "alapterulet_nm": 53.0, "korrigalt_alapterulet_nm": 55.0, "szobaszam_osszes": 2.0, "allapot_kod": 3, "is_felujitando": 0, "is_ujszeru_vagy_uj": 0, "is_panel": 1, "is_tegla": 0, "has_lift": 1, "has_klima": 0, "has_erkely": 1, "is_foldszint": 0, "is_zaroszint": 0, "epulet_kora_ev": 58.0, "geokodolt_lat": 47.502982, "geokodolt_lon": 19.144042, "minta_garantalt_pontos": 1, "tavolsag_vasut_m": 137.1, "vasut_zona": "<150 m", "is_vasut_immisszio_150m": 1, "tavolsag_vasut_halozati_m": 616.3, "menetido_vasut_gyalog_perc": 8.2, "vasut_5p_seta": 0, "vasut_10p_seta": 1, "vasut_15p_seta": 1, "url": "https://ingatlan.com/35596353", "title": "Eladó panel lakás - Budapest X. kerület, Gépmadár utca 11. #35596353", "postal_code": "1106", "varos": "Budapest", "utca": "Gépmadár utca", "hazszam_vegleges": "11", "allapot": "jó állapotú", "ingatlan_altipus": "Panel lakás", "epites_eve": 1968.0, "epites_eve_kategoria": "30-60 év (panel-korszak)", "erkely_nm": 4.0, "szobaszam_egesz": 2.0, "szobaszam_fel": 0.0, "szobaszam_kategoria": "2 szoba", "atlagos_szobameret_nm": 26.5, "emelet": "5", "emelet_szam": 5.0, "epulet_szintjei_szam": 10.0, "is_magas_emelet_lift_nelkul": 0, "futes": "távfűtés egyedi méréssel", "futes_kategoria": null, "has_tavfutes": 1, "has_konvektor": 0, "has_megujulo": 0, "has_garazs_vagy_beallo": 0, "energetikai_tanusitvany": "C", "butorozott": null, "koltozheto": null, "min_berleti_ido": null, "kertkapcsolatos": "nem", "kozos_koltseg_huf": 12000.0, "rezsikoltseg_huf": 15000.0, "hirdeto_tipus": "Ingatlaniroda", "iroda_neve": null, "leiras_hossz": 1486.0, "fenykepek_szama": 4.0, "geokodolas_modszere": null, "geokodolas_pontossag": null, "price_eur": null, "nm_ar_eur": null, "kozos_koltseg_eur": null, "rezsikoltseg_eur": null, "kaucio_eur": null, "tavolsag_metro_halozati_m": 812.8, "metro_5p_seta": 0, "metro_10p_seta": 0, "metro_15p_seta": 1, "tavolsag_villamos_halozati_m": 738.8, "villamos_5p_seta": 0, "villamos_10p_seta": 1, "villamos_15p_seta": 1, "tavolsag_busz_halozati_m": 275.7, "busz_5p_seta": 1, "busz_10p_seta": 1, "tavolsag_kotottpalya_halozati_m": 616.3, "kotottpalya_5p_seta": 0, "kotottpalya_10p_seta": 1, "kotottpalya_15p_seta": 1, "tavolsag_park_halozati_m": 375.1, "park_5p_seta": 0, "park_10p_seta": 1, "park_15p_seta": 1, "poi_5p_count": 6.0, "poi_10p_count": 53.0, "poi_15p_count": 144.0, "tavolsag_iskola_halozati_m": 1054.5, "iskola_5p_seta": 0, "iskola_10p_seta": 0, "iskola_15p_seta": 1, "tavolsag_ovoda_halozati_m": 835.9, "ovoda_5p_seta": 0, "ovoda_10p_seta": 0, "ovoda_15p_seta": 1, "tavolsag_bolt_halozati_m": 292.0, "bolt_5p_seta": 1, "bolt_10p_seta": 1, "bolt_15p_seta": 1, "tavolsag_gyogyszertar_halozati_m": 342.2, "gyogyszertar_5p_seta": 1, "gyogyszertar_10p_seta": 1, "gyogyszertar_15p_seta": 1, "tavolsag_orvos_halozati_m": 348.0, "orvos_5p_seta": 1, "orvos_10p_seta": 1, "orvos_15p_seta": 1, "legkozelebbi_vasut": "Örs vezér tere", "legkozelebbi_metro": "", "legkozelebbi_villamos": "Örs vezér tere M+H", "legkozelebbi_busz": "Sarkantyú utca", "legkozelebbi_park": "Névtelen zöldfelület / park", "legkozelebbi_kotottpalya_tipus": "vasut" }, "geometry": { "type": "Point", "coordinates": [ 19.144042, 47.502982 ] } },
{ "type": "Feature", "properties": { "listing_id": "35597292", "listing_type": "elado", "cim_teljes": "Budapest X. kerület, Agyagfejtő utca 18.", "varosresz": "Újhegy", "price_huf": 72900000.0, "ar_millio_ft": 72.9, "ar_ezer_ft_ho": 72900.0, "nm_ar_huf": 1072058.8235294118, "log_ar": 18.104599196978885, "log_nm_ar": 13.885091491802781, "is_ar_outlier": 0, "alapterulet_nm": 68.0, "korrigalt_alapterulet_nm": 68.0, "szobaszam_osszes": 3.0, "allapot_kod": 3, "is_felujitando": 0, "is_ujszeru_vagy_uj": 0, "is_panel": 1, "is_tegla": 0, "has_lift": 1, "has_klima": 0, "has_erkely": 0, "is_foldszint": 0, "is_zaroszint": 0, "epulet_kora_ev": null, "geokodolt_lat": 47.470712, "geokodolt_lon": 19.162066, "minta_garantalt_pontos": 1, "tavolsag_vasut_m": 990.5, "vasut_zona": "500-1000 m", "is_vasut_immisszio_150m": 0, "tavolsag_vasut_halozati_m": 1560.1, "menetido_vasut_gyalog_perc": 20.8, "vasut_5p_seta": 0, "vasut_10p_seta": 0, "vasut_15p_seta": 0, "url": "https://ingatlan.com/35597292", "title": "Eladó panel lakás - Budapest X. kerület, Agyagfejtő utca 18. #35597292", "postal_code": "1108", "varos": "Budapest", "utca": "Agyagfejtő utca", "hazszam_vegleges": "18", "allapot": "jó állapotú", "ingatlan_altipus": "Panel lakás", "epites_eve": null, "epites_eve_kategoria": "Ismeretlen", "erkely_nm": 0.0, "szobaszam_egesz": 3.0, "szobaszam_fel": 0.0, "szobaszam_kategoria": "3 szoba", "atlagos_szobameret_nm": 22.666666666666668, "emelet": "2", "emelet_szam": 2.0, "epulet_szintjei_szam": 10.0, "is_magas_emelet_lift_nelkul": 0, "futes": "nincs megadva", "futes_kategoria": null, "has_tavfutes": 0, "has_konvektor": 0, "has_megujulo": 0, "has_garazs_vagy_beallo": 0, "energetikai_tanusitvany": "A+", "butorozott": null, "koltozheto": null, "min_berleti_ido": null, "kertkapcsolatos": "nincs megadva", "kozos_koltseg_huf": null, "rezsikoltseg_huf": null, "hirdeto_tipus": "Ingatlaniroda", "iroda_neve": null, "leiras_hossz": 2635.0, "fenykepek_szama": 4.0, "geokodolas_modszere": null, "geokodolas_pontossag": null, "price_eur": null, "nm_ar_eur": null, "kozos_koltseg_eur": null, "rezsikoltseg_eur": null, "kaucio_eur": null, "tavolsag_metro_halozati_m": 1566.0, "metro_5p_seta": 0, "metro_10p_seta": 0, "metro_15p_seta": 0, "tavolsag_villamos_halozati_m": 983.9, "villamos_5p_seta": 0, "villamos_10p_seta": 0, "villamos_15p_seta": 1, "tavolsag_busz_halozati_m": 236.2, "busz_5p_seta": 1, "busz_10p_seta": 1, "tavolsag_kotottpalya_halozati_m": 983.9, "kotottpalya_5p_seta": 0, "kotottpalya_10p_seta": 0, "kotottpalya_15p_seta": 1, "tavolsag_park_halozati_m": 554.5, "park_5p_seta": 0, "park_10p_seta": 1, "park_15p_seta": 1, "poi_5p_count": 13.0, "poi_10p_count": 30.0, "poi_15p_count": 52.0, "tavolsag_iskola_halozati_m": null, "iskola_5p_seta": 0, "iskola_10p_seta": 0, "iskola_15p_seta": 0, "tavolsag_ovoda_halozati_m": null, "ovoda_5p_seta": 0, "ovoda_10p_seta": 0, "ovoda_15p_seta": 0, "tavolsag_bolt_halozati_m": 188.7, "bolt_5p_seta": 1, "bolt_10p_seta": 1, "bolt_15p_seta": 1, "tavolsag_gyogyszertar_halozati_m": 106.5, "gyogyszertar_5p_seta": 1, "gyogyszertar_10p_seta": 1, "gyogyszertar_15p_seta": 1, "tavolsag_orvos_halozati_m": 1202.7, "orvos_5p_seta": 0, "orvos_10p_seta": 0, "orvos_15p_seta": 0, "legkozelebbi_vasut": "Kőbánya-Kispest", "legkozelebbi_metro": "", "legkozelebbi_villamos": "Venyige utca", "legkozelebbi_busz": "Újhegyi sétány", "legkozelebbi_park": "Újhegy park", "legkozelebbi_kotottpalya_tipus": "villamos" }, "geometry": { "type": "Point", "coordinates": [ 19.162066, 47.470712 ] } },
{ "type": "Feature", "properties": { "listing_id": "35597497", "listing_type": "elado", "cim_teljes": "Budapest X. kerület, Szövőszék utca 10.", "varosresz": "Újhegy", "price_huf": 54900000.0, "ar_millio_ft": 54.9, "ar_ezer_ft_ho": 54900.0, "nm_ar_huf": 1098000.0, "log_ar": 17.821023906479759, "log_nm_ar": 13.909000901051613, "is_ar_outlier": 0, "alapterulet_nm": 50.0, "korrigalt_alapterulet_nm": 52.0, "szobaszam_osszes": 2.0, "allapot_kod": 2, "is_felujitando": 1, "is_ujszeru_vagy_uj": 0, "is_panel": 1, "is_tegla": 0, "has_lift": 1, "has_klima": 0, "has_erkely": 1, "is_foldszint": 0, "is_zaroszint": 0, "epulet_kora_ev": 58.0, "geokodolt_lat": 47.471483, "geokodolt_lon": 19.161514, "minta_garantalt_pontos": 1, "tavolsag_vasut_m": 976.9, "vasut_zona": "500-1000 m", "is_vasut_immisszio_150m": 0, "tavolsag_vasut_halozati_m": 1522.8, "menetido_vasut_gyalog_perc": 20.3, "vasut_5p_seta": 0, "vasut_10p_seta": 0, "vasut_15p_seta": 0, "url": "https://ingatlan.com/35597497", "title": "Eladó panel lakás - Budapest X. kerület, Szövőszék utca 10. #35597497", "postal_code": "1108", "varos": "Budapest", "utca": "Szövőszék utca", "hazszam_vegleges": "10", "allapot": "közepes állapotú", "ingatlan_altipus": "Panel lakás", "epites_eve": 1968.0, "epites_eve_kategoria": "30-60 év (panel-korszak)", "erkely_nm": 4.0, "szobaszam_egesz": 2.0, "szobaszam_fel": 0.0, "szobaszam_kategoria": "2 szoba", "atlagos_szobameret_nm": 25.0, "emelet": "9", "emelet_szam": 9.0, "epulet_szintjei_szam": 10.0, "is_magas_emelet_lift_nelkul": 0, "futes": "távfűtés egyedi méréssel", "futes_kategoria": null, "has_tavfutes": 1, "has_konvektor": 0, "has_megujulo": 0, "has_garazs_vagy_beallo": 0, "energetikai_tanusitvany": "H", "butorozott": null, "koltozheto": null, "min_berleti_ido": null, "kertkapcsolatos": "nincs megadva", "kozos_koltseg_huf": null, "rezsikoltseg_huf": null, "hirdeto_tipus": "Ingatlaniroda", "iroda_neve": null, "leiras_hossz": 825.0, "fenykepek_szama": 4.0, "geokodolas_modszere": null, "geokodolas_pontossag": null, "price_eur": null, "nm_ar_eur": null, "kozos_koltseg_eur": null, "rezsikoltseg_eur": null, "kaucio_eur": null, "tavolsag_metro_halozati_m": 1528.7, "metro_5p_seta": 0, "metro_10p_seta": 0, "metro_15p_seta": 0, "tavolsag_villamos_halozati_m": 963.3, "villamos_5p_seta": 0, "villamos_10p_seta": 0, "villamos_15p_seta": 1, "tavolsag_busz_halozati_m": 223.1, "busz_5p_seta": 1, "busz_10p_seta": 1, "tavolsag_kotottpalya_halozati_m": 963.3, "kotottpalya_5p_seta": 0, "kotottpalya_10p_seta": 0, "kotottpalya_15p_seta": 1, "tavolsag_park_halozati_m": 687.2, "park_5p_seta": 0, "park_10p_seta": 1, "park_15p_seta": 1, "poi_5p_count": 8.0, "poi_10p_count": 27.0, "poi_15p_count": 48.0, "tavolsag_iskola_halozati_m": null, "iskola_5p_seta": 0, "iskola_10p_seta": 0, "iskola_15p_seta": 0, "tavolsag_ovoda_halozati_m": null, "ovoda_5p_seta": 0, "ovoda_10p_seta": 0, "ovoda_15p_seta": 0, "tavolsag_bolt_halozati_m": 149.1, "bolt_5p_seta": 1, "bolt_10p_seta": 1, "bolt_15p_seta": 1, "tavolsag_gyogyszertar_halozati_m": 352.6, "gyogyszertar_5p_seta": 1, "gyogyszertar_10p_seta": 1, "gyogyszertar_15p_seta": 1, "tavolsag_orvos_halozati_m": 1182.2, "orvos_5p_seta": 0, "orvos_10p_seta": 0, "orvos_15p_seta": 0, "legkozelebbi_vasut": "Kőbánya-Kispest", "legkozelebbi_metro": "", "legkozelebbi_villamos": "Venyige utca", "legkozelebbi_busz": "Szövőszék utca", "legkozelebbi_park": "Gőzmozdony park", "legkozelebbi_kotottpalya_tipus": "villamos" }, "geometry": { "type": "Point", "coordinates": [ 19.161514, 47.471483 ] } },
{ "type": "Feature", "properties": { "listing_id": "35597622", "listing_type": "elado", "cim_teljes": "Budapest X. kerület, Szövőszék utca 10.", "varosresz": "Újhegy", "price_huf": 54900000.0, "ar_millio_ft": 54.9, "ar_ezer_ft_ho": 54900.0, "nm_ar_huf": 1098000.0, "log_ar": 17.821023906479759, "log_nm_ar": 13.909000901051613, "is_ar_outlier": 0, "alapterulet_nm": 50.0, "korrigalt_alapterulet_nm": 51.5, "szobaszam_osszes": 2.0, "allapot_kod": 1, "is_felujitando": 1, "is_ujszeru_vagy_uj": 0, "is_panel": 1, "is_tegla": 0, "has_lift": 1, "has_klima": 0, "has_erkely": 1, "is_foldszint": 0, "is_zaroszint": 0, "epulet_kora_ev": 58.0, "geokodolt_lat": 47.471483, "geokodolt_lon": 19.161514, "minta_garantalt_pontos": 1, "tavolsag_vasut_m": 976.9, "vasut_zona": "500-1000 m", "is_vasut_immisszio_150m": 0, "tavolsag_vasut_halozati_m": 1522.8, "menetido_vasut_gyalog_perc": 20.3, "vasut_5p_seta": 0, "vasut_10p_seta": 0, "vasut_15p_seta": 0, "url": "https://ingatlan.com/35597622", "title": "Eladó panel lakás - Budapest X. kerület, Szövőszék utca 10. #35597622", "postal_code": "1108", "varos": "Budapest", "utca": "Szövőszék utca", "hazszam_vegleges": "10", "allapot": "felújítandó", "ingatlan_altipus": "Panel lakás", "epites_eve": 1968.0, "epites_eve_kategoria": "30-60 év (panel-korszak)", "erkely_nm": 3.0, "szobaszam_egesz": 2.0, "szobaszam_fel": 0.0, "szobaszam_kategoria": "2 szoba", "atlagos_szobameret_nm": 25.0, "emelet": "9", "emelet_szam": 9.0, "epulet_szintjei_szam": 10.0, "is_magas_emelet_lift_nelkul": 0, "futes": "távfűtés", "futes_kategoria": null, "has_tavfutes": 1, "has_konvektor": 0, "has_megujulo": 0, "has_garazs_vagy_beallo": 0, "energetikai_tanusitvany": "D", "butorozott": null, "koltozheto": null, "min_berleti_ido": null, "kertkapcsolatos": "nem", "kozos_koltseg_huf": null, "rezsikoltseg_huf": null, "hirdeto_tipus": "Ingatlaniroda", "iroda_neve": null, "leiras_hossz": 414.0, "fenykepek_szama": 4.0, "geokodolas_modszere": null, "geokodolas_pontossag": null, "price_eur": null, "nm_ar_eur": null, "kozos_koltseg_eur": null, "rezsikoltseg_eur": null, "kaucio_eur": null, "tavolsag_metro_halozati_m": 1528.7, "metro_5p_seta": 0, "metro_10p_seta": 0, "metro_15p_seta": 0, "tavolsag_villamos_halozati_m": 963.3, "villamos_5p_seta": 0, "villamos_10p_seta": 0, "villamos_15p_seta": 1, "tavolsag_busz_halozati_m": 223.1, "busz_5p_seta": 1, "busz_10p_seta": 1, "tavolsag_kotottpalya_halozati_m": 963.3, "kotottpalya_5p_seta": 0, "kotottpalya_10p_seta": 0, "kotottpalya_15p_seta": 1, "tavolsag_park_halozati_m": 687.2, "park_5p_seta": 0, "park_10p_seta": 1, "park_15p_seta": 1, "poi_5p_count": 8.0, "poi_10p_count": 27.0, "poi_15p_count": 48.0, "tavolsag_iskola_halozati_m": null, "iskola_5p_seta": 0, "iskola_10p_seta": 0, "iskola_15p_seta": 0, "tavolsag_ovoda_halozati_m": null, "ovoda_5p_seta": 0, "ovoda_10p_seta": 0, "ovoda_15p_seta": 0, "tavolsag_bolt_halozati_m": 149.1, "bolt_5p_seta": 1, "bolt_10p_seta": 1, "bolt_15p_seta": 1, "tavolsag_gyogyszertar_halozati_m": 352.6, "gyogyszertar_5p_seta": 1, "gyogyszertar_10p_seta": 1, "gyogyszertar_15p_seta": 1, "tavolsag_orvos_halozati_m": 1182.2, "orvos_5p_seta": 0, "orvos_10p_seta": 0, "orvos_15p_seta": 0, "legkozelebbi_vasut": "Kőbánya-Kispest", "legkozelebbi_metro": "", "legkozelebbi_villamos": "Venyige utca", "legkozelebbi_busz": "Szövőszék utca", "legkozelebbi_park": "Gőzmozdony park", "legkozelebbi_kotottpalya_tipus": "villamos" }, "geometry": { "type": "Point", "coordinates": [ 19.161514, 47.471483 ] } },
{ "type": "Feature", "properties": { "listing_id": "35597978", "listing_type": "elado", "cim_teljes": "Budapest X. kerület, Szövőszék utca 10.", "varosresz": "Újhegy", "price_huf": 54900000.0, "ar_millio_ft": 54.9, "ar_ezer_ft_ho": 54900.0, "nm_ar_huf": 1098000.0, "log_ar": 17.821023906479759, "log_nm_ar": 13.909000901051613, "is_ar_outlier": 0, "alapterulet_nm": 50.0, "korrigalt_alapterulet_nm": 52.0, "szobaszam_osszes": 2.0, "allapot_kod": 1, "is_felujitando": 1, "is_ujszeru_vagy_uj": 0, "is_panel": 1, "is_tegla": 0, "has_lift": 1, "has_klima": 0, "has_erkely": 1, "is_foldszint": 0, "is_zaroszint": 0, "epulet_kora_ev": 58.0, "geokodolt_lat": 47.471483, "geokodolt_lon": 19.161514, "minta_garantalt_pontos": 1, "tavolsag_vasut_m": 976.9, "vasut_zona": "500-1000 m", "is_vasut_immisszio_150m": 0, "tavolsag_vasut_halozati_m": 1522.8, "menetido_vasut_gyalog_perc": 20.3, "vasut_5p_seta": 0, "vasut_10p_seta": 0, "vasut_15p_seta": 0, "url": "https://ingatlan.com/35597978", "title": "Eladó panel lakás - Budapest X. kerület, Szövőszék utca 10. #35597978", "postal_code": "1108", "varos": "Budapest", "utca": "Szövőszék utca", "hazszam_vegleges": "10", "allapot": "felújítandó", "ingatlan_altipus": "Panel lakás", "epites_eve": 1968.0, "epites_eve_kategoria": "30-60 év (panel-korszak)", "erkely_nm": 4.0, "szobaszam_egesz": 2.0, "szobaszam_fel": 0.0, "szobaszam_kategoria": "2 szoba", "atlagos_szobameret_nm": 25.0, "emelet": "9", "emelet_szam": 9.0, "epulet_szintjei_szam": 10.0, "is_magas_emelet_lift_nelkul": 0, "futes": "távfűtés", "futes_kategoria": null, "has_tavfutes": 1, "has_konvektor": 0, "has_megujulo": 0, "has_garazs_vagy_beallo": 0, "energetikai_tanusitvany": "C", "butorozott": null, "koltozheto": null, "min_berleti_ido": null, "kertkapcsolatos": "nem", "kozos_koltseg_huf": null, "rezsikoltseg_huf": null, "hirdeto_tipus": "Ingatlaniroda", "iroda_neve": null, "leiras_hossz": 709.0, "fenykepek_szama": 4.0, "geokodolas_modszere": null, "geokodolas_pontossag": null, "price_eur": null, "nm_ar_eur": null, "kozos_koltseg_eur": null, "rezsikoltseg_eur": null, "kaucio_eur": null, "tavolsag_metro_halozati_m": 1528.7, "metro_5p_seta": 0, "metro_10p_seta": 0, "metro_15p_seta": 0, "tavolsag_villamos_halozati_m": 963.3, "villamos_5p_seta": 0, "villamos_10p_seta": 0, "villamos_15p_seta": 1, "tavolsag_busz_halozati_m": 223.1, "busz_5p_seta": 1, "busz_10p_seta": 1, "tavolsag_kotottpalya_halozati_m": 963.3, "kotottpalya_5p_seta": 0, "kotottpalya_10p_seta": 0, "kotottpalya_15p_seta": 1, "tavolsag_park_halozati_m": 687.2, "park_5p_seta": 0, "park_10p_seta": 1, "park_15p_seta": 1, "poi_5p_count": 8.0, "poi_10p_count": 27.0, "poi_15p_count": 48.0, "tavolsag_iskola_halozati_m": null, "iskola_5p_seta": 0, "iskola_10p_seta": 0, "iskola_15p_seta": 0, "tavolsag_ovoda_halozati_m": null, "ovoda_5p_seta": 0, "ovoda_10p_seta": 0, "ovoda_15p_seta": 0, "tavolsag_bolt_halozati_m": 149.1, "bolt_5p_seta": 1, "bolt_10p_seta": 1, "bolt_15p_seta": 1, "tavolsag_gyogyszertar_halozati_m": 352.6, "gyogyszertar_5p_seta": 1, "gyogyszertar_10p_seta": 1, "gyogyszertar_15p_seta": 1, "tavolsag_orvos_halozati_m": 1182.2, "orvos_5p_seta": 0, "orvos_10p_seta": 0, "orvos_15p_seta": 0, "legkozelebbi_vasut": "Kőbánya-Kispest", "legkozelebbi_metro": "", "legkozelebbi_villamos": "Venyige utca", "legkozelebbi_busz": "Szövőszék utca", "legkozelebbi_park": "Gőzmozdony park", "legkozelebbi_kotottpalya_tipus": "villamos" }, "geometry": { "type": "Point", "coordinates": [ 19.161514, 47.471483 ] } },
{ "type": "Feature", "properties": { "listing_id": "35601642", "listing_type": "elado", "cim_teljes": "Budapest X. kerület, Tavas utca 11.", "varosresz": "Újhegy", "price_huf": 69900000.0, "ar_millio_ft": 69.9, "ar_ezer_ft_ho": 69900.0, "nm_ar_huf": 1588636.3636363635, "log_ar": 18.062576207204039, "log_nm_ar": 14.278386573285777, "is_ar_outlier": 0, "alapterulet_nm": 44.0, "korrigalt_alapterulet_nm": 51.5, "szobaszam_osszes": 2.0, "allapot_kod": 3, "is_felujitando": 0, "is_ujszeru_vagy_uj": 0, "is_panel": 0, "is_tegla": 1, "has_lift": 1, "has_klima": 1, "has_erkely": 1, "is_foldszint": 1, "is_zaroszint": 0, "epulet_kora_ev": 0.0, "geokodolt_lat": 47.469764, "geokodolt_lon": 19.166789, "minta_garantalt_pontos": 1, "tavolsag_vasut_m": 1016.9, "vasut_zona": "1000-2000 m", "is_vasut_immisszio_150m": 0, "tavolsag_vasut_halozati_m": 1833.7, "menetido_vasut_gyalog_perc": 24.4, "vasut_5p_seta": 0, "vasut_10p_seta": 0, "vasut_15p_seta": 0, "url": "https://ingatlan.com/35601642", "title": "Eladó tégla lakás - Budapest X. kerület, Tavas utca 11. #35601642", "postal_code": "1108", "varos": "Budapest", "utca": "Tavas utca", "hazszam_vegleges": "11", "allapot": "nincs megadva", "ingatlan_altipus": "Tégla lakás", "epites_eve": 2026.0, "epites_eve_kategoria": "Új építésű (2025+)", "erkely_nm": 15.0, "szobaszam_egesz": 2.0, "szobaszam_fel": 0.0, "szobaszam_kategoria": "2 szoba", "atlagos_szobameret_nm": 22.0, "emelet": "földszint", "emelet_szam": 0.0, "epulet_szintjei_szam": 5.0, "is_magas_emelet_lift_nelkul": 0, "futes": "hőszivattyú, padlófűtés, fan-coil", "futes_kategoria": null, "has_tavfutes": 0, "has_konvektor": 0, "has_megujulo": 1, "has_garazs_vagy_beallo": 0, "energetikai_tanusitvany": "A+", "butorozott": null, "koltozheto": null, "min_berleti_ido": null, "kertkapcsolatos": "igen", "kozos_koltseg_huf": null, "rezsikoltseg_huf": null, "hirdeto_tipus": "Ingatlaniroda", "iroda_neve": null, "leiras_hossz": 2489.0, "fenykepek_szama": 4.0, "geokodolas_modszere": null, "geokodolas_pontossag": null, "price_eur": null, "nm_ar_eur": null, "kozos_koltseg_eur": null, "rezsikoltseg_eur": null, "kaucio_eur": null, "tavolsag_metro_halozati_m": 1839.6, "metro_5p_seta": 0, "metro_10p_seta": 0, "metro_15p_seta": 0, "tavolsag_villamos_halozati_m": 728.5, "villamos_5p_seta": 0, "villamos_10p_seta": 1, "villamos_15p_seta": 1, "tavolsag_busz_halozati_m": 155.3, "busz_5p_seta": 1, "busz_10p_seta": 1, "tavolsag_kotottpalya_halozati_m": 728.5, "kotottpalya_5p_seta": 0, "kotottpalya_10p_seta": 1, "kotottpalya_15p_seta": 1, "tavolsag_park_halozati_m": 411.5, "park_5p_seta": 0, "park_10p_seta": 1, "park_15p_seta": 1, "poi_5p_count": 9.0, "poi_10p_count": 29.0, "poi_15p_count": 51.0, "tavolsag_iskola_halozati_m": null, "iskola_5p_seta": 0, "iskola_10p_seta": 0, "iskola_15p_seta": 0, "tavolsag_ovoda_halozati_m": null, "ovoda_5p_seta": 0, "ovoda_10p_seta": 0, "ovoda_15p_seta": 0, "tavolsag_bolt_halozati_m": 353.1, "bolt_5p_seta": 1, "bolt_10p_seta": 1, "bolt_15p_seta": 1, "tavolsag_gyogyszertar_halozati_m": 430.3, "gyogyszertar_5p_seta": 0, "gyogyszertar_10p_seta": 1, "gyogyszertar_15p_seta": 1, "tavolsag_orvos_halozati_m": 1378.0, "orvos_5p_seta": 0, "orvos_10p_seta": 0, "orvos_15p_seta": 0, "legkozelebbi_vasut": "Kőbánya-Kispest", "legkozelebbi_metro": "", "legkozelebbi_villamos": "Sírkert út", "legkozelebbi_busz": "Tavas utca", "legkozelebbi_park": "Újhegy park", "legkozelebbi_kotottpalya_tipus": "villamos" }, "geometry": { "type": "Point", "coordinates": [ 19.166789, 47.469764 ] } },
{ "type": "Feature", "properties": { "listing_id": "35602142", "listing_type": "elado", "cim_teljes": "Budapest X. kerület, Harmat utca 176.", "varosresz": "Újhegy", "price_huf": 68900000.0, "ar_millio_ft": 68.9, "ar_ezer_ft_ho": 68900.0, "nm_ar_huf": 1275925.9259259258, "log_ar": 18.048166735983887, "log_nm_ar": 14.059182689419613, "is_ar_outlier": 0, "alapterulet_nm": 54.0, "korrigalt_alapterulet_nm": 56.0, "szobaszam_osszes": 2.0, "allapot_kod": 4, "is_felujitando": 0, "is_ujszeru_vagy_uj": 0, "is_panel": 1, "is_tegla": 0, "has_lift": 1, "has_klima": 1, "has_erkely": 1, "is_foldszint": 0, "is_zaroszint": 0, "epulet_kora_ev": 38.0, "geokodolt_lat": 47.472795, "geokodolt_lon": 19.1623, "minta_garantalt_pontos": 1, "tavolsag_vasut_m": 826.8, "vasut_zona": "500-1000 m", "is_vasut_immisszio_150m": 0, "tavolsag_vasut_halozati_m": 1617.3, "menetido_vasut_gyalog_perc": 21.6, "vasut_5p_seta": 0, "vasut_10p_seta": 0, "vasut_15p_seta": 0, "url": "https://ingatlan.com/35602142", "title": "Eladó panel lakás - Budapest X. kerület, Harmat utca 176. #35602142", "postal_code": "1108", "varos": "Budapest", "utca": "Harmat utca", "hazszam_vegleges": "176", "allapot": "felújított", "ingatlan_altipus": "Panel lakás", "epites_eve": 1988.0, "epites_eve_kategoria": "30-60 év (panel-korszak)", "erkely_nm": 4.0, "szobaszam_egesz": 2.0, "szobaszam_fel": 0.0, "szobaszam_kategoria": "2 szoba", "atlagos_szobameret_nm": 27.0, "emelet": "7", "emelet_szam": 7.0, "epulet_szintjei_szam": 10.0, "is_magas_emelet_lift_nelkul": 0, "futes": "távfűtés, hűtő-fűtő klíma", "futes_kategoria": null, "has_tavfutes": 1, "has_konvektor": 0, "has_megujulo": 0, "has_garazs_vagy_beallo": 0, "energetikai_tanusitvany": "nincs megadva", "butorozott": null, "koltozheto": null, "min_berleti_ido": null, "kertkapcsolatos": "nem", "kozos_koltseg_huf": 13300.0, "rezsikoltseg_huf": 20000.0, "hirdeto_tipus": "Ingatlaniroda", "iroda_neve": null, "leiras_hossz": 1254.0, "fenykepek_szama": 4.0, "geokodolas_modszere": null, "geokodolas_pontossag": null, "price_eur": null, "nm_ar_eur": null, "kozos_koltseg_eur": null, "rezsikoltseg_eur": null, "kaucio_eur": null, "tavolsag_metro_halozati_m": 1623.2, "metro_5p_seta": 0, "metro_10p_seta": 0, "metro_15p_seta": 0, "tavolsag_villamos_halozati_m": 704.5, "villamos_5p_seta": 0, "villamos_10p_seta": 1, "villamos_15p_seta": 1, "tavolsag_busz_halozati_m": 30.6, "busz_5p_seta": 1, "busz_10p_seta": 1, "tavolsag_kotottpalya_halozati_m": 704.5, "kotottpalya_5p_seta": 0, "kotottpalya_10p_seta": 1, "kotottpalya_15p_seta": 1, "tavolsag_park_halozati_m": 808.1, "park_5p_seta": 0, "park_10p_seta": 0, "park_15p_seta": 1, "poi_5p_count": 9.0, "poi_10p_count": 29.0, "poi_15p_count": 62.0, "tavolsag_iskola_halozati_m": null, "iskola_5p_seta": 0, "iskola_10p_seta": 0, "iskola_15p_seta": 0, "tavolsag_ovoda_halozati_m": null, "ovoda_5p_seta": 0, "ovoda_10p_seta": 0, "ovoda_15p_seta": 0, "tavolsag_bolt_halozati_m": 284.9, "bolt_5p_seta": 1, "bolt_10p_seta": 1, "bolt_15p_seta": 1, "tavolsag_gyogyszertar_halozati_m": 401.0, "gyogyszertar_5p_seta": 0, "gyogyszertar_10p_seta": 1, "gyogyszertar_15p_seta": 1, "tavolsag_orvos_halozati_m": 923.3, "orvos_5p_seta": 0, "orvos_10p_seta": 0, "orvos_15p_seta": 1, "legkozelebbi_vasut": "Kőbánya-Kispest", "legkozelebbi_metro": "", "legkozelebbi_villamos": "Venyige utca", "legkozelebbi_busz": "Sibrik Miklós út", "legkozelebbi_park": "Gőzmozdony park", "legkozelebbi_kotottpalya_tipus": "villamos" }, "geometry": { "type": "Point", "coordinates": [ 19.1623, 47.472795 ] } }
]
}
