{"type": "FeatureCollection", "crs": {"type": "name", "properties": {"name": "urn:ogc:def:crs:OGC:1.3:CRS84"}}, "features": [{"type": "Feature", "geometry": {"type": "Point", "coordinates": [19.114939, 47.483681]}, "properties": {"listing_id": "31708398", "listing_type": "kiado", "url": "https://ingatlan.com/31708398", "title": "Kiadó tégla lakás - Budapest X. kerület, Kőbányai út 45/A. #31708398", "postal_code": "1101", "street_address": "Budapest X. kerület, Kőbányai út 45/A.", "city": "Budapest", "lat_jsonld": 47.483681, "lon_jsonld": 19.114939, "rooms_json": 2, "area_m2_json": 56.0, "year_built_json": 2001, "price_currency": "HUF", "price_huf": 250000, "allapot": "jó állapotú", "epites_eve_raw": "2001 és 2010 között", "komfort": "összkomfortos", "emelet_raw": "földszint", "epulet_szintjei_raw": "4", "lift": "van", "belmagassag_raw": "3 m-nél alacsonyabb", "klima": "van", "akadalymentesitett": "nem", "furdo_wc": "egy helyiségben", "tajolas": "nincs megadva", "kilatas": "udvari", "erkely_raw": "8 m2", "kertkapcsolatos": "nem", "parkolas": "teremgarázs hely - bérelhető", "parkolohely_ara": "25 000 Ft/hó", "rezsikoltseg_raw": "nincs megadva", "kozos_koltseg_raw": "27 Ft/hó", "futes": "házközponti egyedi méréssel", "szigeteles": "nincs megadva", "energetikai_tanusitvany": "nincs megadva", "tetoter": "nem tetőtéri", "panelprogram": "", "butorozott": "részben", "gepesitett": "igen", "kisallat": "hozható", "dohanyzas": "nem megengedett", "min_berleti_ido": "12 hónap", "koltozheto": "azonnal", "kaucio_raw": "", "alapterulet_nm": 56.0, "ar_ezer_ft_ho": 250.0, "ar_millio_ft": null, "nm_ar_huf": 4464, "emelet": "földszint", "emelet_szam": 0.0, "epulet_szintjei_szam": 4.0, "erkely_nm": 8.0, "kozos_koltseg_huf": 27, "rezsikoltseg_huf": null, "epites_eve": 20012010, "epites_eve_kategoria": "2020 után (új építésű)", "leiras_hossz": 829, "utca": "Kőbányai út", "hazszam_eredeti": "45/A", "hazszam_nlp": "", "hazszam_vegleges": "45/A", "cim_teljes": "Budapest X. kerület, Kőbányai út 45/A.", "szobaszam_egesz": 2, "szobaszam_fel": 0, "szobaszam_osszes": 2.0, "varosresz": "Kőbánya egyéb", "ingatlan_altipus": "Tégla lakás", "hirdeto_neve": "Lépj kapcsolatba a hirdetővel", "iroda_neve": "", "hirdeto_tipus": "Ingatlaniroda", "fenykepek_szama": 2, "geokodolt_lat": 47.483681, "geokodolt_lon": 19.114939, "geokodolas_modszere": "jsonld_agency_exact", "geokodolas_pontossag": "A_agency_exact", "eov_y": 655850.64, "eov_x": 243389.45, "tavolsag_mazsa_m": 1134, "tavolsag_mazsa_halozati_m": 1683, "kerulo_faktor_mazsa": 1.48, "menetido_mazsa_gyalog_perc": 22.4, "tavolsag_metro_m": 1266, "legkozelebbi_metro": "M3 Népliget", "tavolsag_metro_halozati_m": 2104, "legkozelebbi_metro_halozati": "M3 Népliget", "menetido_metro_gyalog_perc": 28.1, "tavolsag_vasut_m": 965, "legkozelebbi_vasut": "Kőbánya alsó vasútállomás", "tavolsag_vasut_halozati_m": 1537, "legkozelebbi_vasut_halozati": "Kőbánya alsó vasútállomás", "menetido_vasut_gyalog_perc": 20.5, "tavolsag_park_m": 1266, "legkozelebbi_park": "Népliget", "tavolsag_park_halozati_m": 2104, "legkozelebbi_park_halozati": "Népliget", "menetido_park_gyalog_perc": 28.1, "tavolsag_belvaros_m": 4837, "tavolsag_belvaros_halozati_m": 6222, "kerulo_faktor_belvaros": 1.29, "menetido_belvaros_gyalog_perc": 83.0}}, {"type": "Feature", "geometry": {"type": "Point", "coordinates": [19.114193, 47.470125]}, "properties": {"listing_id": "33215232", "listing_type": "kiado", "url": "https://ingatlan.com/33215232", "title": "Kiadó tégla lakás - Budapest X. kerület, Üllői köz 120-122. #33215232", "postal_code": "1101", "street_address": "Budapest X. kerület, Üllői köz 120-122.", "city": "Budapest", "lat_jsonld": 47.470125, "lon_jsonld": 19.114193, "rooms_json": 2, "area_m2_json": 40.0, "year_built_json": 1981, "price_currency": "HUF", "price_huf": 190000, "allapot": "jó állapotú", "epites_eve_raw": "1981 és 2000 között", "komfort": "összkomfortos", "emelet_raw": "3", "epulet_szintjei_raw": "3", "lift": "nincs", "belmagassag_raw": "3 m-nél alacsonyabb", "klima": "van", "akadalymentesitett": "nem", "furdo_wc": "külön helyiségben", "tajolas": "kelet", "kilatas": "udvari", "erkely_raw": "nincs megadva", "kertkapcsolatos": "nem", "parkolas": "utca, közterület - ingyenes", "parkolohely_ara": "", "rezsikoltseg_raw": "14 000 Ft/hó", "kozos_koltseg_raw": "12 510 Ft/hó", "futes": "gázkazán, hűtő-fűtő klíma", "szigeteles": "nincs", "energetikai_tanusitvany": "nincs megadva", "tetoter": "nem tetőtéri", "panelprogram": "", "butorozott": "igen", "gepesitett": "igen", "kisallat": "nem hozható", "dohanyzas": "nem megengedett", "min_berleti_ido": "12 hónap", "koltozheto": "azonnal", "kaucio_raw": "", "alapterulet_nm": 40.0, "ar_ezer_ft_ho": 190.0, "ar_millio_ft": null, "nm_ar_huf": 4750, "emelet": "3", "emelet_szam": 3.0, "epulet_szintjei_szam": 3.0, "erkely_nm": null, "kozos_koltseg_huf": 12510, "rezsikoltseg_huf": 14000, "epites_eve": 19812000, "epites_eve_kategoria": "2020 után (új építésű)", "leiras_hossz": 1689, "utca": "Üllői köz", "hazszam_eredeti": "120-122", "hazszam_nlp": "", "hazszam_vegleges": "120-122", "cim_teljes": "Budapest X. kerület, Üllői köz 120-122.", "szobaszam_egesz": 2, "szobaszam_fel": 0, "szobaszam_osszes": 2.0, "varosresz": "Gyárdűlő", "ingatlan_altipus": "Tégla lakás", "hirdeto_neve": "Lépj kapcsolatba a hirdetővel", "iroda_neve": "", "hirdeto_tipus": "Ingatlaniroda", "fenykepek_szama": 4, "geokodolt_lat": 47.470125, "geokodolt_lon": 19.114193, "geokodolas_modszere": "jsonld_agency_exact", "geokodolas_pontossag": "A_agency_exact", "eov_y": 655787.96, "eov_x": 241655.62, "tavolsag_mazsa_m": 2159, "tavolsag_mazsa_halozati_m": 2712, "kerulo_faktor_mazsa": 1.26, "menetido_mazsa_gyalog_perc": 36.2, "tavolsag_metro_m": 62, "legkozelebbi_metro": "M3 Ecseri út", "tavolsag_metro_halozati_m": 101, "legkozelebbi_metro_halozati": "M3 Ecseri út", "menetido_metro_gyalog_perc": 1.4, "tavolsag_vasut_m": 1981, "legkozelebbi_vasut": "Kőbánya alsó vasútállomás", "tavolsag_vasut_halozati_m": 2566, "legkozelebbi_vasut_halozati": "Kőbánya alsó vasútállomás", "menetido_vasut_gyalog_perc": 34.2, "tavolsag_park_m": 1095, "legkozelebbi_park": "Népliget", "tavolsag_park_halozati_m": 2679, "legkozelebbi_park_halozati": "Népliget", "menetido_park_gyalog_perc": 35.7, "tavolsag_belvaros_m": 5471, "tavolsag_belvaros_halozati_m": 5682, "kerulo_faktor_belvaros": 1.04, "menetido_belvaros_gyalog_perc": 75.8}}, {"type": "Feature", "geometry": {"type": "Point", "coordinates": [19.150507, 47.503329]}, "properties": {"listing_id": "33658076", "listing_type": "kiado", "url": "https://ingatlan.com/33658076", "title": "Kiadó panel lakás - Budapest X. kerület, Hatház utca 10. #33658076", "postal_code": "1106", "street_address": "Budapest X. kerület, Hatház utca 10.", "city": "Budapest", "lat_jsonld": 47.503329, "lon_jsonld": 19.150507, "rooms_json": 4, "area_m2_json": 70.0, "year_built_json": 1981, "price_currency": "HUF", "price_huf": 298000, "allapot": "újszerű", "epites_eve_raw": "1981 és 2000 között", "komfort": "összkomfortos", "emelet_raw": "4", "epulet_szintjei_raw": "4", "lift": "nincs", "belmagassag_raw": "nincs megadva", "klima": "van", "akadalymentesitett": "nincs megadva", "furdo_wc": "külön helyiségben", "tajolas": "nincs megadva", "kilatas": "kertre néz", "erkely_raw": "nincs megadva", "kertkapcsolatos": "nincs megadva", "parkolas": "utca, közterület", "parkolohely_ara": "", "rezsikoltseg_raw": "70 000 Ft/hó", "kozos_koltseg_raw": "nincs megadva", "futes": "távfűtés", "szigeteles": "nincs", "energetikai_tanusitvany": "nincs megadva", "tetoter": "nincs megadva", "panelprogram": "nincs megadva", "butorozott": "részben", "gepesitett": "igen", "kisallat": "nincs megadva", "dohanyzas": "nincs megadva", "min_berleti_ido": "12 hónap", "koltozheto": "azonnal", "kaucio_raw": "", "alapterulet_nm": 70.0, "ar_ezer_ft_ho": 298.0, "ar_millio_ft": null, "nm_ar_huf": 4257, "emelet": "4", "emelet_szam": 4.0, "epulet_szintjei_szam": 4.0, "erkely_nm": null, "kozos_koltseg_huf": null, "rezsikoltseg_huf": 70000, "epites_eve": 19812000, "epites_eve_kategoria": "2020 után (új építésű)", "leiras_hossz": 596, "utca": "Hatház utca", "hazszam_eredeti": "10", "hazszam_nlp": "", "hazszam_vegleges": "10", "cim_teljes": "Budapest X. kerület, Hatház utca 10.", "szobaszam_egesz": 4, "szobaszam_fel": 0, "szobaszam_osszes": 4.0, "varosresz": "Felsőrákos", "ingatlan_altipus": "Panel lakás", "hirdeto_neve": "Lépj kapcsolatba a hirdetővel", "iroda_neve": "", "hirdeto_tipus": "Ingatlaniroda", "fenykepek_szama": 2, "geokodolt_lat": 47.503329, "geokodolt_lon": 19.150507, "geokodolas_modszere": "jsonld_agency_exact", "geokodolas_pontossag": "A_agency_exact", "eov_y": 658929.79, "eov_x": 245906.6, "tavolsag_mazsa_m": 2444, "tavolsag_mazsa_halozati_m": 3774, "kerulo_faktor_mazsa": 1.54, "menetido_mazsa_gyalog_perc": 50.3, "tavolsag_metro_m": 1053, "legkozelebbi_metro": "M2 Örs vezér tere", "tavolsag_metro_halozati_m": 1218, "legkozelebbi_metro_halozati": "M2 Örs vezér tere", "menetido_metro_gyalog_perc": 16.2, "tavolsag_vasut_m": 1373, "legkozelebbi_vasut": "Rákos vasútállomás", "tavolsag_vasut_halozati_m": 1833, "legkozelebbi_vasut_halozati": "Rákos vasútállomás", "menetido_vasut_gyalog_perc": 24.4, "tavolsag_park_m": 2157, "legkozelebbi_park": "Rottenbiller park", "tavolsag_park_halozati_m": 3228, "legkozelebbi_park_halozati": "Rottenbiller park", "menetido_park_gyalog_perc": 43.0, "tavolsag_belvaros_m": 7267, "tavolsag_belvaros_halozati_m": 7736, "kerulo_faktor_belvaros": 1.06, "menetido_belvaros_gyalog_perc": 103.2}}, {"type": "Feature", "geometry": {"type": "Point", "coordinates": [19.164057, 47.487806]}, "properties": {"listing_id": "33755796", "listing_type": "kiado", "url": "https://ingatlan.com/33755796", "title": "Kiadó tégla lakás - Budapest X. kerület, Tárna utca 4. #33755796", "postal_code": "1106", "street_address": "Budapest X. kerület, Tárna utca 4.", "city": "Budapest", "lat_jsonld": 47.487806, "lon_jsonld": 19.164057, "rooms_json": 1, "area_m2_json": 29.0, "year_built_json": null, "price_currency": "HUF", "price_huf": 80000, "allapot": "nincs megadva", "epites_eve_raw": "nincs megadva", "komfort": "nincs megadva", "emelet_raw": "nincs megadva", "epulet_szintjei_raw": "nincs megadva", "lift": "nincs megadva", "belmagassag_raw": "nincs megadva", "klima": "nincs megadva", "akadalymentesitett": "nincs megadva", "furdo_wc": "nincs megadva", "tajolas": "nincs megadva", "kilatas": "nincs megadva", "erkely_raw": "nincs megadva", "kertkapcsolatos": "nincs megadva", "parkolas": "nincs megadva", "parkolohely_ara": "", "rezsikoltseg_raw": "nincs megadva", "kozos_koltseg_raw": "nincs megadva", "futes": "nincs megadva", "szigeteles": "nincs megadva", "energetikai_tanusitvany": "nincs megadva", "tetoter": "nincs megadva", "panelprogram": "", "butorozott": "nincs megadva", "gepesitett": "nincs megadva", "kisallat": "nincs megadva", "dohanyzas": "nincs megadva", "min_berleti_ido": "nincs megadva", "koltozheto": "nincs megadva", "kaucio_raw": "", "alapterulet_nm": 29.0, "ar_ezer_ft_ho": 80.0, "ar_millio_ft": null, "nm_ar_huf": 2759, "emelet": "nincs megadva", "emelet_szam": null, "epulet_szintjei_szam": null, "erkely_nm": null, "kozos_koltseg_huf": null, "rezsikoltseg_huf": null, "epites_eve": null, "epites_eve_kategoria": "Nem ismert", "leiras_hossz": 1353, "utca": "Tárna utca", "hazszam_eredeti": "4", "hazszam_nlp": "4", "hazszam_vegleges": "4", "cim_teljes": "Budapest X. kerület, Tárna utca 4.", "szobaszam_egesz": 1, "szobaszam_fel": 0, "szobaszam_osszes": 1.0, "varosresz": "Gyárdűlő", "ingatlan_altipus": "Tégla lakás", "hirdeto_neve": "Lépj kapcsolatba a hirdetővel", "iroda_neve": "", "hirdeto_tipus": "Ingatlaniroda", "fenykepek_szama": 2, "geokodolt_lat": 47.487806, "geokodolt_lon": 19.164057, "geokodolas_modszere": "jsonld_agency_exact", "geokodolas_pontossag": "A_agency_exact", "eov_y": 660107.95, "eov_x": 243923.76, "tavolsag_mazsa_m": 2608, "tavolsag_mazsa_halozati_m": 3361, "kerulo_faktor_mazsa": 1.29, "menetido_mazsa_gyalog_perc": 44.8, "tavolsag_metro_m": 2672, "legkozelebbi_metro": "M2 Örs vezér tere", "tavolsag_metro_halozati_m": 3287, "legkozelebbi_metro_halozati": "M2 Örs vezér tere", "menetido_metro_gyalog_perc": 43.8, "tavolsag_vasut_m": 1155, "legkozelebbi_vasut": "Rákos vasútállomás", "tavolsag_vasut_halozati_m": 2858, "legkozelebbi_vasut_halozati": "Kőbánya felső vasútállomás", "menetido_vasut_gyalog_perc": 38.1, "tavolsag_park_m": 1590, "legkozelebbi_park": "Óhegy park", "tavolsag_park_halozati_m": 2100, "legkozelebbi_park_halozati": "Óhegy park", "menetido_park_gyalog_perc": 28.0, "tavolsag_belvaros_m": 8337, "tavolsag_belvaros_halozati_m": 9843, "kerulo_faktor_belvaros": 1.18, "menetido_belvaros_gyalog_perc": 131.2}}, {"type": "Feature", "geometry": {"type": "Point", "coordinates": [19.120818, 47.474205]}, "properties": {"listing_id": "34220549", "listing_type": "kiado", "url": "https://ingatlan.com/34220549", "title": "Kiadó tégla lakás - Budapest X. kerület, Somfa utca 5/A #34220549", "postal_code": "1107", "street_address": "Budapest X. kerület, Somfa utca 5/A", "city": "Budapest", "lat_jsonld": 47.474205, "lon_jsonld": 19.120818, "rooms_json": 2, "area_m2_json": 47.0, "year_built_json": 2024, "price_currency": "HUF", "price_huf": 260000, "allapot": "új építésű", "epites_eve_raw": "2024", "komfort": "összkomfortos", "emelet_raw": "1", "epulet_szintjei_raw": "5", "lift": "van", "belmagassag_raw": "3 m-nél alacsonyabb", "klima": "van", "akadalymentesitett": "nincs megadva", "furdo_wc": "külön helyiségben", "tajolas": "nincs megadva", "kilatas": "utcai", "erkely_raw": "5 m2", "kertkapcsolatos": "igen", "parkolas": "utca, közterület - ingyenes", "parkolohely_ara": "", "rezsikoltseg_raw": "nincs megadva", "kozos_koltseg_raw": "22 000 Ft/hó", "futes": "házközponti egyedi méréssel", "szigeteles": "van - 16 cm", "energetikai_tanusitvany": "nincs megadva", "tetoter": "nem tetőtéri", "panelprogram": "", "butorozott": "nem", "gepesitett": "nincs megadva", "kisallat": "nem hozható", "dohanyzas": "nem megengedett", "min_berleti_ido": "12 hónap", "koltozheto": "azonnal", "kaucio_raw": "", "alapterulet_nm": 47.0, "ar_ezer_ft_ho": 260.0, "ar_millio_ft": null, "nm_ar_huf": 5532, "emelet": "1", "emelet_szam": 1.0, "epulet_szintjei_szam": 5.0, "erkely_nm": 5.0, "kozos_koltseg_huf": 22000, "rezsikoltseg_huf": null, "epites_eve": 2024, "epites_eve_kategoria": "2020 után (új építésű)", "leiras_hossz": 1321, "utca": "Somfa utca", "hazszam_eredeti": "5/A", "hazszam_nlp": "", "hazszam_vegleges": "5/A", "cim_teljes": "Budapest X. kerület, Somfa utca 5/A.", "szobaszam_egesz": 2, "szobaszam_fel": 0, "szobaszam_osszes": 2.0, "varosresz": "Gyárdűlő", "ingatlan_altipus": "Tégla lakás", "hirdeto_neve": "Lépj kapcsolatba a hirdetővel", "iroda_neve": "", "hirdeto_tipus": "Magánszemély", "fenykepek_szama": 2, "geokodolt_lat": 47.474205, "geokodolt_lon": 19.120818, "geokodolas_modszere": "jsonld_agency_exact", "geokodolas_pontossag": "A_agency_exact", "eov_y": 656361.86, "eov_x": 242178.14, "tavolsag_mazsa_m": 1522, "tavolsag_mazsa_halozati_m": 1959, "kerulo_faktor_mazsa": 1.29, "menetido_mazsa_gyalog_perc": 26.1, "tavolsag_metro_m": 640, "legkozelebbi_metro": "M3 Ecseri út", "tavolsag_metro_halozati_m": 1242, "legkozelebbi_metro_halozati": "M3 Ecseri út", "menetido_metro_gyalog_perc": 16.6, "tavolsag_vasut_m": 1353, "legkozelebbi_vasut": "Kőbánya alsó vasútállomás", "tavolsag_vasut_halozati_m": 1812, "legkozelebbi_vasut_halozati": "Kőbánya alsó vasútállomás", "menetido_vasut_gyalog_perc": 24.2, "tavolsag_park_m": 1391, "legkozelebbi_park": "Népliget", "tavolsag_park_halozati_m": 1926, "legkozelebbi_park_halozati": "Népliget", "menetido_park_gyalog_perc": 25.7, "tavolsag_belvaros_m": 5664, "tavolsag_belvaros_halozati_m": 6448, "kerulo_faktor_belvaros": 1.14, "menetido_belvaros_gyalog_perc": 86.0}}, {"type": "Feature", "geometry": {"type": "Point", "coordinates": [19.118237, 47.468585]}, "properties": {"listing_id": "34220562", "listing_type": "kiado", "url": "https://ingatlan.com/34220562", "title": "Kiadó tégla lakás - Budapest X. kerület, Üllői út 130. #34220562", "postal_code": "1101", "street_address": "Budapest X. kerület, Üllői út 130.", "city": "Budapest", "lat_jsonld": 47.468585, "lon_jsonld": 19.118237, "rooms_json": 2, "area_m2_json": 42.0, "year_built_json": 1950, "price_currency": "HUF", "price_huf": 215000, "allapot": "jó állapotú", "epites_eve_raw": "1950 és 1980 között", "komfort": "összkomfortos", "emelet_raw": "5", "epulet_szintjei_raw": "5", "lift": "van", "belmagassag_raw": "3 m-nél alacsonyabb", "klima": "van", "akadalymentesitett": "nem", "furdo_wc": "egy helyiségben", "tajolas": "északnyugat", "kilatas": "utcai", "erkely_raw": "nincs megadva", "kertkapcsolatos": "nem", "parkolas": "utca, közterület - fizetős övezet", "parkolohely_ara": "", "rezsikoltseg_raw": "7 000 Ft/hó", "kozos_koltseg_raw": "21 187 Ft/hó", "futes": "távfűtés", "szigeteles": "van - 5 cm", "energetikai_tanusitvany": "nincs megadva", "tetoter": "nem tetőtéri", "panelprogram": "", "butorozott": "igen", "gepesitett": "igen", "kisallat": "nem hozható", "dohanyzas": "nem megengedett", "min_berleti_ido": "12 hónap", "koltozheto": "azonnal", "kaucio_raw": "", "alapterulet_nm": 42.0, "ar_ezer_ft_ho": 215.0, "ar_millio_ft": null, "nm_ar_huf": 5119, "emelet": "5", "emelet_szam": 5.0, "epulet_szintjei_szam": 5.0, "erkely_nm": null, "kozos_koltseg_huf": 21187, "rezsikoltseg_huf": 7000, "epites_eve": 19501980, "epites_eve_kategoria": "2020 után (új építésű)", "leiras_hossz": 1370, "utca": "Üllői út", "hazszam_eredeti": "130", "hazszam_nlp": "5", "hazszam_vegleges": "130", "cim_teljes": "Budapest X. kerület, Üllői út 130.", "szobaszam_egesz": 2, "szobaszam_fel": 0, "szobaszam_osszes": 2.0, "varosresz": "Gyárdűlő", "ingatlan_altipus": "Tégla lakás", "hirdeto_neve": "Lépj kapcsolatba a hirdetővel", "iroda_neve": "", "hirdeto_tipus": "Ingatlaniroda", "fenykepek_szama": 4, "geokodolt_lat": 47.468585, "geokodolt_lon": 19.118237, "geokodolas_modszere": "jsonld_agency_exact", "geokodolas_pontossag": "A_agency_exact", "eov_y": 656138.92, "eov_x": 241459.07, "tavolsag_mazsa_m": 2172, "tavolsag_mazsa_halozati_m": 2855, "kerulo_faktor_mazsa": 1.31, "menetido_mazsa_gyalog_perc": 38.1, "tavolsag_metro_m": 290, "legkozelebbi_metro": "M3 Ecseri út", "tavolsag_metro_halozati_m": 403, "legkozelebbi_metro_halozati": "M3 Ecseri út", "menetido_metro_gyalog_perc": 5.4, "tavolsag_vasut_m": 2006, "legkozelebbi_vasut": "Kőbánya alsó vasútállomás", "tavolsag_vasut_halozati_m": 2708, "legkozelebbi_vasut_halozati": "Kőbánya alsó vasútállomás", "menetido_vasut_gyalog_perc": 36.1, "tavolsag_park_m": 1442, "legkozelebbi_park": "Népliget", "tavolsag_park_halozati_m": 2822, "legkozelebbi_park_halozati": "Népliget", "menetido_park_gyalog_perc": 37.6, "tavolsag_belvaros_m": 5818, "tavolsag_belvaros_halozati_m": 6032, "kerulo_faktor_belvaros": 1.04, "menetido_belvaros_gyalog_perc": 80.4}}, {"type": "Feature", "geometry": {"type": "Point", "coordinates": [19.157291, 47.467579]}, "properties": {"listing_id": "34358156", "listing_type": "kiado", "url": "https://ingatlan.com/34358156", "title": "Kiadó panel lakás - Budapest X. kerület, Gergely utca 118. #34358156", "postal_code": "1108", "street_address": "Budapest X. kerület, Gergely utca 118.", "city": "Budapest", "lat_jsonld": 47.467579, "lon_jsonld": 19.157291, "rooms_json": 1, "area_m2_json": 29.0, "year_built_json": null, "price_currency": "HUF", "price_huf": 165000, "allapot": "jó állapotú", "epites_eve_raw": "nincs megadva", "komfort": "nincs megadva", "emelet_raw": "3", "epulet_szintjei_raw": "4", "lift": "nincs", "belmagassag_raw": "nincs megadva", "klima": "van", "akadalymentesitett": "nincs megadva", "furdo_wc": "egy helyiségben", "tajolas": "nincs megadva", "kilatas": "udvari", "erkely_raw": "nincs megadva", "kertkapcsolatos": "nincs megadva", "parkolas": "utca, közterület", "parkolohely_ara": "", "rezsikoltseg_raw": "nincs megadva", "kozos_koltseg_raw": "nincs megadva", "futes": "távfűtés", "szigeteles": "nincs megadva", "energetikai_tanusitvany": "nincs megadva", "tetoter": "nincs megadva", "panelprogram": "nincs megadva", "butorozott": "igen", "gepesitett": "nincs megadva", "kisallat": "nincs megadva", "dohanyzas": "nem megengedett", "min_berleti_ido": "12 hónap", "koltozheto": "nincs megadva", "kaucio_raw": "", "alapterulet_nm": 29.0, "ar_ezer_ft_ho": 165.0, "ar_millio_ft": null, "nm_ar_huf": 5690, "emelet": "3", "emelet_szam": 3.0, "epulet_szintjei_szam": 4.0, "erkely_nm": null, "kozos_koltseg_huf": null, "rezsikoltseg_huf": null, "epites_eve": null, "epites_eve_kategoria": "Nem ismert", "leiras_hossz": 794, "utca": "Gergely utca", "hazszam_eredeti": "118", "hazszam_nlp": "118-ban", "hazszam_vegleges": "118", "cim_teljes": "Budapest X. kerület, Gergely utca 118.", "szobaszam_egesz": 1, "szobaszam_fel": 0, "szobaszam_osszes": 1.0, "varosresz": "Újhegy", "ingatlan_altipus": "Panel lakás", "hirdeto_neve": "Lépj kapcsolatba a hirdetővel", "iroda_neve": "", "hirdeto_tipus": "Ingatlaniroda", "fenykepek_szama": 2, "geokodolt_lat": 47.467579, "geokodolt_lon": 19.157291, "geokodolas_modszere": "jsonld_agency_exact", "geokodolas_pontossag": "A_agency_exact", "eov_y": 659526.34, "eov_x": 241335.68, "tavolsag_mazsa_m": 2978, "tavolsag_mazsa_halozati_m": 3408, "kerulo_faktor_mazsa": 1.14, "menetido_mazsa_gyalog_perc": 45.4, "tavolsag_metro_m": 864, "legkozelebbi_metro": "M3 Kőbánya-Kispest", "tavolsag_metro_halozati_m": 3354, "legkozelebbi_metro_halozati": "M3 Pöttyös utca", "menetido_metro_gyalog_perc": 44.7, "tavolsag_vasut_m": 802, "legkozelebbi_vasut": "Kőbánya-Kispest vasútállomás", "tavolsag_vasut_halozati_m": 3274, "legkozelebbi_vasut_halozati": "Kőbánya alsó vasútállomás", "menetido_vasut_gyalog_perc": 43.7, "tavolsag_park_m": 581, "legkozelebbi_park": "Sportliget / Újhegyi tó", "tavolsag_park_halozati_m": 1568, "legkozelebbi_park_halozati": "Sportliget / Újhegyi tó", "menetido_park_gyalog_perc": 20.9, "tavolsag_belvaros_m": 8456, "tavolsag_belvaros_halozati_m": 9681, "kerulo_faktor_belvaros": 1.14, "menetido_belvaros_gyalog_perc": 129.1}}, {"type": "Feature", "geometry": {"type": "Point", "coordinates": [19.131628, 47.483214]}, "properties": {"listing_id": "34910713", "listing_type": "kiado", "url": "https://ingatlan.com/34910713", "title": "Kiadó szoba - Budapest X. kerület, Kőrösi Csoma Sándor út 9. #34910713", "postal_code": "1102", "street_address": "Budapest X. kerület, Kőrösi Csoma Sándor út 9.", "city": "Budapest", "lat_jsonld": 47.483214, "lon_jsonld": 19.131628, "rooms_json": 4, "area_m2_json": 12.0, "year_built_json": 1950, "price_currency": "HUF", "price_huf": 89000, "allapot": "jó állapotú", "epites_eve_raw": "1950 és 1980 között", "komfort": "összkomfortos", "emelet_raw": "", "epulet_szintjei_raw": "", "lift": "van", "belmagassag_raw": "nincs megadva", "klima": "nincs megadva", "akadalymentesitett": "nincs megadva", "furdo_wc": "külön helyiségben", "tajolas": "nincs megadva", "kilatas": "nincs megadva", "erkely_raw": "nincs megadva", "kertkapcsolatos": "nincs megadva", "parkolas": "nincs megadva", "parkolohely_ara": "", "rezsikoltseg_raw": "12 000 Ft/hó", "kozos_koltseg_raw": "6 000 Ft/hó", "futes": "gázkazán", "szigeteles": "nincs megadva", "energetikai_tanusitvany": "D", "tetoter": "nincs megadva", "panelprogram": "", "butorozott": "igen", "gepesitett": "igen", "kisallat": "nem hozható", "dohanyzas": "nincs megadva", "min_berleti_ido": "10 hónap", "koltozheto": "azonnal", "kaucio_raw": "", "alapterulet_nm": 12.0, "ar_ezer_ft_ho": 89.0, "ar_millio_ft": null, "nm_ar_huf": 7417, "emelet": null, "emelet_szam": null, "epulet_szintjei_szam": null, "erkely_nm": null, "kozos_koltseg_huf": 6000, "rezsikoltseg_huf": 12000, "epites_eve": 19501980, "epites_eve_kategoria": "2020 után (új építésű)", "leiras_hossz": 4846, "utca": "Kőrösi Csoma Sándor út", "hazszam_eredeti": "9", "hazszam_nlp": "9", "hazszam_vegleges": "9", "cim_teljes": "Budapest X. kerület, Kőrösi Csoma Sándor út 9.", "szobaszam_egesz": 4, "szobaszam_fel": 0, "szobaszam_osszes": 4.0, "varosresz": "Kőbánya-Városközpont", "ingatlan_altipus": "Tégla lakás", "hirdeto_neve": "Lépj kapcsolatba a hirdetővel", "iroda_neve": "", "hirdeto_tipus": "Ingatlaniroda", "fenykepek_szama": 4, "geokodolt_lat": 47.483214, "geokodolt_lon": 19.131628, "geokodolas_modszere": "jsonld_agency_exact", "geokodolas_pontossag": "A_agency_exact", "eov_y": 657297.61, "eov_x": 243331.61, "tavolsag_mazsa_m": 412, "tavolsag_mazsa_halozati_m": 706, "kerulo_faktor_mazsa": 1.71, "menetido_mazsa_gyalog_perc": 9.4, "tavolsag_metro_m": 1929, "legkozelebbi_metro": "M3 Ecseri út", "tavolsag_metro_halozati_m": 2506, "legkozelebbi_metro_halozati": "M3 Ecseri út", "menetido_metro_gyalog_perc": 33.4, "tavolsag_vasut_m": 401, "legkozelebbi_vasut": "Kőbánya alsó vasútállomás", "tavolsag_vasut_halozati_m": 756, "legkozelebbi_vasut_halozati": "Kőbánya alsó vasútállomás", "menetido_vasut_gyalog_perc": 10.1, "tavolsag_park_m": 491, "legkozelebbi_park": "Rottenbiller park", "tavolsag_park_halozati_m": 740, "legkozelebbi_park_halozati": "Rottenbiller park", "menetido_park_gyalog_perc": 9.9, "tavolsag_belvaros_m": 6050, "tavolsag_belvaros_halozati_m": 7670, "kerulo_faktor_belvaros": 1.27, "menetido_belvaros_gyalog_perc": 102.3}}, {"type": "Feature", "geometry": {"type": "Point", "coordinates": [19.117354, 47.473262]}, "properties": {"listing_id": "34996960", "listing_type": "kiado", "url": "https://ingatlan.com/34996960", "title": "Kiadó tégla lakás - Budapest X. kerület, Makk utca 1. #34996960", "postal_code": "1107", "street_address": "Budapest X. kerület, Makk utca 1.", "city": "Budapest", "lat_jsonld": 47.473262, "lon_jsonld": 19.117354, "rooms_json": 2, "area_m2_json": 49.0, "year_built_json": 2001, "price_currency": "HUF", "price_huf": 245000, "allapot": "felújított", "epites_eve_raw": "2001 és 2010 között", "komfort": "összkomfortos", "emelet_raw": "1", "epulet_szintjei_raw": "4", "lift": "van", "belmagassag_raw": "3 m-nél alacsonyabb", "klima": "van", "akadalymentesitett": "igen", "furdo_wc": "külön helyiségben", "tajolas": "északkelet", "kilatas": "udvari", "erkely_raw": "6 m2", "kertkapcsolatos": "nem", "parkolas": "teremgarázs hely - bérelhető", "parkolohely_ara": "nincs megadva", "rezsikoltseg_raw": "10 000 Ft/hó", "kozos_koltseg_raw": "27 300 Ft/hó", "futes": "házközponti egyedi méréssel", "szigeteles": "van - 10 cm", "energetikai_tanusitvany": "A++", "tetoter": "nem tetőtéri", "panelprogram": "", "butorozott": "megegyezés szerint", "gepesitett": "igen", "kisallat": "nem hozható", "dohanyzas": "nem megengedett", "min_berleti_ido": "12 hónap", "koltozheto": "2026. október", "kaucio_raw": "", "alapterulet_nm": 49.0, "ar_ezer_ft_ho": 245.0, "ar_millio_ft": null, "nm_ar_huf": 5000, "emelet": "1", "emelet_szam": 1.0, "epulet_szintjei_szam": 4.0, "erkely_nm": 6.0, "kozos_koltseg_huf": 27300, "rezsikoltseg_huf": 10000, "epites_eve": 20012010, "epites_eve_kategoria": "2020 után (új építésű)", "leiras_hossz": 1650, "utca": "Makk utca", "hazszam_eredeti": "1", "hazszam_nlp": "", "hazszam_vegleges": "1", "cim_teljes": "Budapest X. kerület, Makk utca 1.", "szobaszam_egesz": 2, "szobaszam_fel": 0, "szobaszam_osszes": 2.0, "varosresz": "Gyárdűlő", "ingatlan_altipus": "Tégla lakás", "hirdeto_neve": "Lépj kapcsolatba a hirdetővel", "iroda_neve": "", "hirdeto_tipus": "Ingatlaniroda", "fenykepek_szama": 2, "geokodolt_lat": 47.473262, "geokodolt_lon": 19.117354, "geokodolas_modszere": "jsonld_agency_exact", "geokodolas_pontossag": "A_agency_exact", "eov_y": 656061.62, "eov_x": 242057.16, "tavolsag_mazsa_m": 1738, "tavolsag_mazsa_halozati_m": 2116, "kerulo_faktor_mazsa": 1.22, "menetido_mazsa_gyalog_perc": 28.2, "tavolsag_metro_m": 404, "legkozelebbi_metro": "M3 Ecseri út", "tavolsag_metro_halozati_m": 813, "legkozelebbi_metro_halozati": "M3 Ecseri út", "menetido_metro_gyalog_perc": 10.8, "tavolsag_vasut_m": 1560, "legkozelebbi_vasut": "Kőbánya alsó vasútállomás", "tavolsag_vasut_halozati_m": 1969, "legkozelebbi_vasut_halozati": "Kőbánya alsó vasútállomás", "menetido_vasut_gyalog_perc": 26.3, "tavolsag_park_m": 1157, "legkozelebbi_park": "Népliget", "tavolsag_park_halozati_m": 2083, "legkozelebbi_park_halozati": "Népliget", "menetido_park_gyalog_perc": 27.8, "tavolsag_belvaros_m": 5486, "tavolsag_belvaros_halozati_m": 6325, "kerulo_faktor_belvaros": 1.15, "menetido_belvaros_gyalog_perc": 84.3}}, {"type": "Feature", "geometry": {"type": "Point", "coordinates": [19.139864, 47.497327]}, "properties": {"listing_id": "35113160", "listing_type": "kiado", "url": "https://ingatlan.com/35113160", "title": "Kiadó csúsztatott zsalus - Budapest X. kerület, Gyógyszergyári utca 5. #35113160", "postal_code": "1106", "street_address": "Budapest X. kerület, Gyógyszergyári utca 5.", "city": "Budapest", "lat_jsonld": 47.497327, "lon_jsonld": 19.139864, "rooms_json": 2, "area_m2_json": 45.0, "year_built_json": 2026, "price_currency": "HUF", "price_huf": 270000, "allapot": "új építésű", "epites_eve_raw": "2026", "komfort": "összkomfortos", "emelet_raw": "2", "epulet_szintjei_raw": "8", "lift": "van", "belmagassag_raw": "3 m-nél alacsonyabb", "klima": "van", "akadalymentesitett": "igen", "furdo_wc": "egy helyiségben", "tajolas": "nyugat", "kilatas": "kertre néz", "erkely_raw": "11 m2", "kertkapcsolatos": "nem", "parkolas": "teremgarázs hely - bérelhető", "parkolohely_ara": "25 000 Ft/hó", "rezsikoltseg_raw": "20 000 Ft/hó", "kozos_koltseg_raw": "23 000 Ft/hó", "futes": "távfűtés, hűtő-fűtő klíma", "szigeteles": "van - 20 cm", "energetikai_tanusitvany": "A+", "tetoter": "", "panelprogram": "", "butorozott": "igen", "gepesitett": "igen", "kisallat": "nem hozható", "dohanyzas": "nem megengedett", "min_berleti_ido": "12 hónap", "koltozheto": "azonnal", "kaucio_raw": "", "alapterulet_nm": 45.0, "ar_ezer_ft_ho": 270.0, "ar_millio_ft": null, "nm_ar_huf": 6000, "emelet": "2", "emelet_szam": 2.0, "epulet_szintjei_szam": 8.0, "erkely_nm": 11.0, "kozos_koltseg_huf": 23000, "rezsikoltseg_huf": 20000, "epites_eve": 2026, "epites_eve_kategoria": "2020 után (új építésű)", "leiras_hossz": 1421, "utca": "Gyógyszergyári utca", "hazszam_eredeti": "5", "hazszam_nlp": "", "hazszam_vegleges": "5", "cim_teljes": "Budapest X. kerület, Gyógyszergyári utca 5.", "szobaszam_egesz": 2, "szobaszam_fel": 0, "szobaszam_osszes": 2.0, "varosresz": "Felsőrákos", "ingatlan_altipus": "Csúsztatott zsalus lakás", "hirdeto_neve": "Lépj kapcsolatba a hirdetővel", "iroda_neve": "", "hirdeto_tipus": "Ingatlaniroda", "fenykepek_szama": 3, "geokodolt_lat": 47.497327, "geokodolt_lon": 19.139864, "geokodolas_modszere": "jsonld_agency_exact", "geokodolas_pontossag": "A_agency_exact", "eov_y": 658008.77, "eov_x": 245137.53, "tavolsag_mazsa_m": 1429, "tavolsag_mazsa_halozati_m": 2261, "kerulo_faktor_mazsa": 1.58, "menetido_mazsa_gyalog_perc": 30.2, "tavolsag_metro_m": 680, "legkozelebbi_metro": "M2 Örs vezér tere", "tavolsag_metro_halozati_m": 839, "legkozelebbi_metro_halozati": "M2 Örs vezér tere", "menetido_metro_gyalog_perc": 11.2, "tavolsag_vasut_m": 736, "legkozelebbi_vasut": "Kőbánya felső vasútállomás", "tavolsag_vasut_halozati_m": 1759, "legkozelebbi_vasut_halozati": "Kőbánya felső vasútállomás", "menetido_vasut_gyalog_perc": 23.4, "tavolsag_park_m": 1205, "legkozelebbi_park": "Rottenbiller park", "tavolsag_park_halozati_m": 1715, "legkozelebbi_park_halozati": "Rottenbiller park", "menetido_park_gyalog_perc": 22.9, "tavolsag_belvaros_m": 6443, "tavolsag_belvaros_halozati_m": 7390, "kerulo_faktor_belvaros": 1.15, "menetido_belvaros_gyalog_perc": 98.5}}, {"type": "Feature", "geometry": {"type": "Point", "coordinates": [19.153745, 47.500714]}, "properties": {"listing_id": "35173777", "listing_type": "kiado", "url": "https://ingatlan.com/35173777", "title": "Kiadó tégla lakás - Budapest X. kerület, Keresztúri út 26. #35173777", "postal_code": "1106", "street_address": "Budapest X. kerület, Keresztúri út 26.", "city": "Budapest", "lat_jsonld": 47.500714, "lon_jsonld": 19.153745, "rooms_json": 1, "area_m2_json": 37.0, "year_built_json": 1950, "price_currency": "HUF", "price_huf": 200000, "allapot": "felújított", "epites_eve_raw": "1950 és 1980 között", "komfort": "összkomfortos", "emelet_raw": "félemelet", "epulet_szintjei_raw": "2", "lift": "nincs", "belmagassag_raw": "3 m-nél alacsonyabb", "klima": "nincs", "akadalymentesitett": "nem", "furdo_wc": "egy helyiségben", "tajolas": "délnyugat", "kilatas": "kertre néz", "erkely_raw": "12 m2", "kertkapcsolatos": "igen", "parkolas": "udvari beálló - benne van az árban", "parkolohely_ara": "", "rezsikoltseg_raw": "20 000 Ft/hó", "kozos_koltseg_raw": "11 100 Ft/hó", "futes": "gázkazán", "szigeteles": "nincs megadva", "energetikai_tanusitvany": "nincs megadva", "tetoter": "nem tetőtéri", "panelprogram": "", "butorozott": "részben", "gepesitett": "nem", "kisallat": "hozható", "dohanyzas": "nem megengedett", "min_berleti_ido": "12 hónap", "koltozheto": "azonnal", "kaucio_raw": "", "alapterulet_nm": 37.0, "ar_ezer_ft_ho": 200.0, "ar_millio_ft": null, "nm_ar_huf": 5405, "emelet": "félemelet", "emelet_szam": 0.5, "epulet_szintjei_szam": 2.0, "erkely_nm": 12.0, "kozos_koltseg_huf": 11100, "rezsikoltseg_huf": 20000, "epites_eve": 19501980, "epites_eve_kategoria": "2020 után (új építésű)", "leiras_hossz": 1598, "utca": "Keresztúri út", "hazszam_eredeti": "26", "hazszam_nlp": "", "hazszam_vegleges": "26", "cim_teljes": "Budapest X. kerület, Keresztúri út 26.", "szobaszam_egesz": 1, "szobaszam_fel": 0, "szobaszam_osszes": 1.0, "varosresz": "Felsőrákos", "ingatlan_altipus": "Tégla lakás", "hirdeto_neve": "Lépj kapcsolatba a hirdetővel", "iroda_neve": "", "hirdeto_tipus": "Ingatlaniroda", "fenykepek_szama": 2, "geokodolt_lat": 47.500714, "geokodolt_lon": 19.153745, "geokodolas_modszere": "jsonld_agency_exact", "geokodolas_pontossag": "A_agency_exact", "eov_y": 659210.99, "eov_x": 245572.72, "tavolsag_mazsa_m": 2410, "tavolsag_mazsa_halozati_m": 3510, "kerulo_faktor_mazsa": 1.46, "menetido_mazsa_gyalog_perc": 46.8, "tavolsag_metro_m": 1320, "legkozelebbi_metro": "M2 Örs vezér tere", "tavolsag_metro_halozati_m": 1788, "legkozelebbi_metro_halozati": "M2 Örs vezér tere", "menetido_metro_gyalog_perc": 23.8, "tavolsag_vasut_m": 1040, "legkozelebbi_vasut": "Rákos vasútállomás", "tavolsag_vasut_halozati_m": 1449, "legkozelebbi_vasut_halozati": "Rákos vasútállomás", "menetido_vasut_gyalog_perc": 19.3, "tavolsag_park_m": 2076, "legkozelebbi_park": "Rottenbiller park", "tavolsag_park_halozati_m": 2964, "legkozelebbi_park_halozati": "Rottenbiller park", "menetido_park_gyalog_perc": 39.5, "tavolsag_belvaros_m": 7492, "tavolsag_belvaros_halozati_m": 8253, "kerulo_faktor_belvaros": 1.1, "menetido_belvaros_gyalog_perc": 110.0}}, {"type": "Feature", "geometry": {"type": "Point", "coordinates": [19.140554, 47.478931]}, "properties": {"listing_id": "35174514", "listing_type": "kiado", "url": "https://ingatlan.com/35174514", "title": "Kiadó tégla lakás - Budapest X. kerület, Petrőczy utca 14/B #35174514", "postal_code": "1103", "street_address": "Budapest X. kerület, Petrőczy utca 14/B", "city": "Budapest", "lat_jsonld": 47.478931, "lon_jsonld": 19.140554, "rooms_json": 2, "area_m2_json": 56.0, "year_built_json": 1950, "price_currency": "HUF", "price_huf": 205000, "allapot": "jó állapotú", "epites_eve_raw": "1950 és 1980 között", "komfort": "összkomfortos", "emelet_raw": "földszint", "epulet_szintjei_raw": "2", "lift": "nincs", "belmagassag_raw": "nincs megadva", "klima": "nincs", "akadalymentesitett": "nem", "furdo_wc": "egy helyiségben", "tajolas": "dél", "kilatas": "kertre néz", "erkely_raw": "nincs megadva", "kertkapcsolatos": "igen", "parkolas": "utca, közterület", "parkolohely_ara": "", "rezsikoltseg_raw": "19 000 Ft/hó", "kozos_koltseg_raw": "22 000 Ft/hó", "futes": "gáz (konvektor)", "szigeteles": "van - 15 cm", "energetikai_tanusitvany": "nincs megadva", "tetoter": "nem tetőtéri", "panelprogram": "", "butorozott": "részben", "gepesitett": "igen", "kisallat": "nem hozható", "dohanyzas": "nem megengedett", "min_berleti_ido": "12 hónap", "koltozheto": "azonnal", "kaucio_raw": "", "alapterulet_nm": 56.0, "ar_ezer_ft_ho": 205.0, "ar_millio_ft": null, "nm_ar_huf": 3661, "emelet": "földszint", "emelet_szam": 0.0, "epulet_szintjei_szam": 2.0, "erkely_nm": null, "kozos_koltseg_huf": 22000, "rezsikoltseg_huf": 19000, "epites_eve": 19501980, "epites_eve_kategoria": "2020 után (új építésű)", "leiras_hossz": 1344, "utca": "Petrőczy utca", "hazszam_eredeti": "14/B", "hazszam_nlp": "", "hazszam_vegleges": "14/B", "cim_teljes": "Budapest X. kerület, Petrőczy utca 14/B.", "szobaszam_egesz": 2, "szobaszam_fel": 0, "szobaszam_osszes": 2.0, "varosresz": "Óhegy", "ingatlan_altipus": "Tégla lakás", "hirdeto_neve": "Lépj kapcsolatba a hirdetővel", "iroda_neve": "", "hirdeto_tipus": "Ingatlaniroda", "fenykepek_szama": 4, "geokodolt_lat": 47.478931, "geokodolt_lon": 19.140554, "geokodolas_modszere": "jsonld_agency_exact", "geokodolas_pontossag": "A_agency_exact", "eov_y": 658072.36, "eov_x": 242785.04, "tavolsag_mazsa_m": 1196, "tavolsag_mazsa_halozati_m": 1487, "kerulo_faktor_mazsa": 1.24, "menetido_mazsa_gyalog_perc": 19.8, "tavolsag_metro_m": 1549, "legkozelebbi_metro": "M3 Határ út", "tavolsag_metro_halozati_m": 2741, "legkozelebbi_metro_halozati": "M3 Ecseri út", "menetido_metro_gyalog_perc": 36.5, "tavolsag_vasut_m": 1223, "legkozelebbi_vasut": "Kőbánya alsó vasútállomás", "tavolsag_vasut_halozati_m": 1540, "legkozelebbi_vasut_halozati": "Kőbánya alsó vasútállomás", "menetido_vasut_gyalog_perc": 20.5, "tavolsag_park_m": 454, "legkozelebbi_park": "Csajkovszkij park", "tavolsag_park_halozati_m": 757, "legkozelebbi_park_halozati": "Csajkovszkij park", "menetido_park_gyalog_perc": 10.1, "tavolsag_belvaros_m": 6830, "tavolsag_belvaros_halozati_m": 8367, "kerulo_faktor_belvaros": 1.23, "menetido_belvaros_gyalog_perc": 111.6}}, {"type": "Feature", "geometry": {"type": "Point", "coordinates": [19.163326, 47.468935]}, "properties": {"listing_id": "35411241", "listing_type": "kiado", "url": "https://ingatlan.com/35411241", "title": "Kiadó panel lakás - Budapest X. kerület, Mélytó utca 4. #35411241", "postal_code": "1108", "street_address": "Budapest X. kerület, Mélytó utca 4.", "city": "Budapest", "lat_jsonld": 47.468935, "lon_jsonld": 19.163326, "rooms_json": 2, "area_m2_json": 52.0, "year_built_json": null, "price_currency": "HUF", "price_huf": 500000, "allapot": "nincs megadva", "epites_eve_raw": "nincs megadva", "komfort": "nincs megadva", "emelet_raw": "nincs megadva", "epulet_szintjei_raw": "nincs megadva", "lift": "nincs megadva", "belmagassag_raw": "nincs megadva", "klima": "nincs megadva", "akadalymentesitett": "nincs megadva", "furdo_wc": "nincs megadva", "tajolas": "nincs megadva", "kilatas": "nincs megadva", "erkely_raw": "4 m2", "kertkapcsolatos": "nincs megadva", "parkolas": "nincs megadva", "parkolohely_ara": "", "rezsikoltseg_raw": "nincs megadva", "kozos_koltseg_raw": "nincs megadva", "futes": "nincs megadva", "szigeteles": "nincs megadva", "energetikai_tanusitvany": "nincs megadva", "tetoter": "nincs megadva", "panelprogram": "nincs megadva", "butorozott": "nincs megadva", "gepesitett": "nincs megadva", "kisallat": "nincs megadva", "dohanyzas": "nincs megadva", "min_berleti_ido": "nincs megadva", "koltozheto": "nincs megadva", "kaucio_raw": "", "alapterulet_nm": 52.0, "ar_ezer_ft_ho": 500.0, "ar_millio_ft": null, "nm_ar_huf": 9615, "emelet": "nincs megadva", "emelet_szam": null, "epulet_szintjei_szam": null, "erkely_nm": 4.0, "kozos_koltseg_huf": null, "rezsikoltseg_huf": null, "epites_eve": null, "epites_eve_kategoria": "Nem ismert", "leiras_hossz": 57, "utca": "Mélytó utca", "hazszam_eredeti": "4", "hazszam_nlp": "", "hazszam_vegleges": "4", "cim_teljes": "Budapest X. kerület, Mélytó utca 4.", "szobaszam_egesz": 2, "szobaszam_fel": 0, "szobaszam_osszes": 2.0, "varosresz": "Újhegy", "ingatlan_altipus": "Panel lakás", "hirdeto_neve": "Lépj kapcsolatba a hirdetővel", "iroda_neve": "", "hirdeto_tipus": "Ingatlaniroda", "fenykepek_szama": 2, "geokodolt_lat": 47.468935, "geokodolt_lon": 19.163326, "geokodolas_modszere": "jsonld_agency_exact", "geokodolas_pontossag": "A_agency_exact", "eov_y": 660049.42, "eov_x": 241510.14, "tavolsag_mazsa_m": 3219, "tavolsag_mazsa_halozati_m": 4296, "kerulo_faktor_mazsa": 1.33, "menetido_mazsa_gyalog_perc": 57.3, "tavolsag_metro_m": 1328, "legkozelebbi_metro": "M3 Kőbánya-Kispest", "tavolsag_metro_halozati_m": 4345, "legkozelebbi_metro_halozati": "M3 Kőbánya-Kispest", "menetido_metro_gyalog_perc": 57.9, "tavolsag_vasut_m": 1268, "legkozelebbi_vasut": "Kőbánya-Kispest vasútállomás", "tavolsag_vasut_halozati_m": 3896, "legkozelebbi_vasut_halozati": "Kőbánya felső vasútállomás", "menetido_vasut_gyalog_perc": 51.9, "tavolsag_park_m": 163, "legkozelebbi_park": "Sportliget / Újhegyi tó", "tavolsag_park_halozati_m": 211, "legkozelebbi_park_halozati": "Sportliget / Újhegyi tó", "menetido_park_gyalog_perc": 2.8, "tavolsag_belvaros_m": 8817, "tavolsag_belvaros_halozati_m": 10683, "kerulo_faktor_belvaros": 1.21, "menetido_belvaros_gyalog_perc": 142.4}}, {"type": "Feature", "geometry": {"type": "Point", "coordinates": [19.165367, 47.468845]}, "properties": {"listing_id": "35447947", "listing_type": "kiado", "url": "https://ingatlan.com/35447947", "title": "Kiadó tégla lakás - Budapest X. kerület, Tavas utca 7. #35447947", "postal_code": "1108", "street_address": "Budapest X. kerület, Tavas utca 7.", "city": "Budapest", "lat_jsonld": 47.468845, "lon_jsonld": 19.165367, "rooms_json": 1, "area_m2_json": 33.0, "year_built_json": 2023, "price_currency": "HUF", "price_huf": 250000, "allapot": "új építésű", "epites_eve_raw": "2023", "komfort": "nincs megadva", "emelet_raw": "2", "epulet_szintjei_raw": "nincs megadva", "lift": "van", "belmagassag_raw": "nincs megadva", "klima": "van", "akadalymentesitett": "nincs megadva", "furdo_wc": "egy helyiségben", "tajolas": "nincs megadva", "kilatas": "nincs megadva", "erkely_raw": "nincs megadva", "kertkapcsolatos": "nincs megadva", "parkolas": "teremgarázs hely - benne van az árban", "parkolohely_ara": "", "rezsikoltseg_raw": "nincs megadva", "kozos_koltseg_raw": "nincs megadva", "futes": "hőszivattyú, padlófűtés", "szigeteles": "nincs megadva", "energetikai_tanusitvany": "nincs megadva", "tetoter": "nincs megadva", "panelprogram": "", "butorozott": "igen", "gepesitett": "igen", "kisallat": "nem hozható", "dohanyzas": "nem megengedett", "min_berleti_ido": "nincs megadva", "koltozheto": "nincs megadva", "kaucio_raw": "", "alapterulet_nm": 33.0, "ar_ezer_ft_ho": 250.0, "ar_millio_ft": null, "nm_ar_huf": 7576, "emelet": "2", "emelet_szam": 2.0, "epulet_szintjei_szam": null, "erkely_nm": null, "kozos_koltseg_huf": null, "rezsikoltseg_huf": null, "epites_eve": 2023, "epites_eve_kategoria": "2020 után (új építésű)", "leiras_hossz": 750, "utca": "Tavas utca", "hazszam_eredeti": "7", "hazszam_nlp": "", "hazszam_vegleges": "7", "cim_teljes": "Budapest X. kerület, Tavas utca 7.", "szobaszam_egesz": 1, "szobaszam_fel": 0, "szobaszam_osszes": 1.0, "varosresz": "Újhegy", "ingatlan_altipus": "Tégla lakás", "hirdeto_neve": "Lépj kapcsolatba a hirdetővel", "iroda_neve": "", "hirdeto_tipus": "Ingatlaniroda", "fenykepek_szama": 2, "geokodolt_lat": 47.468845, "geokodolt_lon": 19.165367, "geokodolas_modszere": "jsonld_agency_exact", "geokodolas_pontossag": "A_agency_exact", "eov_y": 660226.46, "eov_x": 241498.99, "tavolsag_mazsa_m": 3347, "tavolsag_mazsa_halozati_m": 4085, "kerulo_faktor_mazsa": 1.22, "menetido_mazsa_gyalog_perc": 54.5, "tavolsag_metro_m": 1458, "legkozelebbi_metro": "M3 Kőbánya-Kispest", "tavolsag_metro_halozati_m": 4134, "legkozelebbi_metro_halozati": "M3 Kőbánya-Kispest", "menetido_metro_gyalog_perc": 55.1, "tavolsag_vasut_m": 1400, "legkozelebbi_vasut": "Kőbánya-Kispest vasútállomás", "tavolsag_vasut_halozati_m": 3684, "legkozelebbi_vasut_halozati": "Kőbánya felső vasútállomás", "menetido_vasut_gyalog_perc": 49.1, "tavolsag_park_m": 98, "legkozelebbi_park": "Sportliget / Újhegyi tó", "tavolsag_park_halozati_m": 141, "legkozelebbi_park_halozati": "Sportliget / Újhegyi tó", "menetido_park_gyalog_perc": 1.9, "tavolsag_belvaros_m": 8964, "tavolsag_belvaros_halozati_m": 10651, "kerulo_faktor_belvaros": 1.19, "menetido_belvaros_gyalog_perc": 142.0}}, {"type": "Feature", "geometry": {"type": "Point", "coordinates": [19.141041, 47.497833]}, "properties": {"listing_id": "35470729", "listing_type": "kiado", "url": "https://ingatlan.com/35470729", "title": "Kiadó csúsztatott zsalus - Budapest X. kerület, Gyógyszergyári utca 6. #35470729", "postal_code": "1106", "street_address": "Budapest X. kerület, Gyógyszergyári utca 6.", "city": "Budapest", "lat_jsonld": 47.497833, "lon_jsonld": 19.141041, "rooms_json": 2, "area_m2_json": 43.0, "year_built_json": 2026, "price_currency": "HUF", "price_huf": 280000, "allapot": "új építésű", "epites_eve_raw": "2026", "komfort": "összkomfortos", "emelet_raw": "4", "epulet_szintjei_raw": "8", "lift": "van", "belmagassag_raw": "3 m-nél alacsonyabb", "klima": "van", "akadalymentesitett": "igen", "furdo_wc": "egy helyiségben", "tajolas": "kelet", "kilatas": "udvari", "erkely_raw": "11 m2", "kertkapcsolatos": "nem", "parkolas": "teremgarázs hely - bérelhető", "parkolohely_ara": "30 000 Ft/hó", "rezsikoltseg_raw": "nincs megadva", "kozos_koltseg_raw": "nincs megadva", "futes": "távfűtés, hűtő-fűtő klíma", "szigeteles": "van", "energetikai_tanusitvany": "A+", "tetoter": "", "panelprogram": "", "butorozott": "igen", "gepesitett": "igen", "kisallat": "hozható", "dohanyzas": "nem megengedett", "min_berleti_ido": "12 hónap", "koltozheto": "azonnal", "kaucio_raw": "", "alapterulet_nm": 43.0, "ar_ezer_ft_ho": 280.0, "ar_millio_ft": null, "nm_ar_huf": 6512, "emelet": "4", "emelet_szam": 4.0, "epulet_szintjei_szam": 8.0, "erkely_nm": 11.0, "kozos_koltseg_huf": null, "rezsikoltseg_huf": null, "epites_eve": 2026, "epites_eve_kategoria": "2020 után (új építésű)", "leiras_hossz": 1722, "utca": "Gyógyszergyári utca", "hazszam_eredeti": "6", "hazszam_nlp": "", "hazszam_vegleges": "6", "cim_teljes": "Budapest X. kerület, Gyógyszergyári utca 6.", "szobaszam_egesz": 2, "szobaszam_fel": 0, "szobaszam_osszes": 2.0, "varosresz": "Felsőrákos", "ingatlan_altipus": "Csúsztatott zsalus lakás", "hirdeto_neve": "Lépj kapcsolatba a hirdetővel", "iroda_neve": "", "hirdeto_tipus": "Ingatlaniroda", "fenykepek_szama": 2, "geokodolt_lat": 47.497833, "geokodolt_lon": 19.141041, "geokodolas_modszere": "jsonld_agency_exact", "geokodolas_pontossag": "A_agency_exact", "eov_y": 658110.67, "eov_x": 245202.4, "tavolsag_mazsa_m": 1525, "tavolsag_mazsa_halozati_m": 3367, "kerulo_faktor_mazsa": 2.21, "menetido_mazsa_gyalog_perc": 44.9, "tavolsag_metro_m": 668, "legkozelebbi_metro": "M2 Örs vezér tere", "tavolsag_metro_halozati_m": 1945, "legkozelebbi_metro_halozati": "M2 Örs vezér tere", "menetido_metro_gyalog_perc": 25.9, "tavolsag_vasut_m": 818, "legkozelebbi_vasut": "Kőbánya felső vasútállomás", "tavolsag_vasut_halozati_m": 2513, "legkozelebbi_vasut_halozati": "Rákos vasútállomás", "menetido_vasut_gyalog_perc": 33.5, "tavolsag_park_m": 1287, "legkozelebbi_park": "Rottenbiller park", "tavolsag_park_halozati_m": 2821, "legkozelebbi_park_halozati": "Rottenbiller park", "menetido_park_gyalog_perc": 37.6, "tavolsag_belvaros_m": 6531, "tavolsag_belvaros_halozati_m": 7506, "kerulo_faktor_belvaros": 1.15, "menetido_belvaros_gyalog_perc": 100.1}}, {"type": "Feature", "geometry": {"type": "Point", "coordinates": [19.138044, 47.501438]}, "properties": {"listing_id": "35484217", "listing_type": "kiado", "url": "https://ingatlan.com/35484217", "title": "Kiadó panel lakás - Budapest X. kerület, Gyakorló utca 4. #35484217", "postal_code": "1106", "street_address": "Budapest X. kerület, Gyakorló utca 4.", "city": "Budapest", "lat_jsonld": 47.501438, "lon_jsonld": 19.138044, "rooms_json": 3, "area_m2_json": 68.0, "year_built_json": null, "price_currency": "HUF", "price_huf": 290000, "allapot": "felújított", "epites_eve_raw": "nincs megadva", "komfort": "összkomfortos", "emelet_raw": "4", "epulet_szintjei_raw": "10", "lift": "van", "belmagassag_raw": "nincs megadva", "klima": "van", "akadalymentesitett": "nincs megadva", "furdo_wc": "külön helyiségben", "tajolas": "nincs megadva", "kilatas": "nincs megadva", "erkely_raw": "3 m2", "kertkapcsolatos": "nem", "parkolas": "utca, közterület", "parkolohely_ara": "", "rezsikoltseg_raw": "nincs megadva", "kozos_koltseg_raw": "22 400 Ft/hó", "futes": "távfűtés, hűtő-fűtő klíma", "szigeteles": "nincs megadva", "energetikai_tanusitvany": "nincs megadva", "tetoter": "nem tetőtéri", "panelprogram": "nincs megadva", "butorozott": "igen", "gepesitett": "igen", "kisallat": "nem hozható", "dohanyzas": "nem megengedett", "min_berleti_ido": "12 hónap", "koltozheto": "azonnal", "kaucio_raw": "", "alapterulet_nm": 68.0, "ar_ezer_ft_ho": 290.0, "ar_millio_ft": null, "nm_ar_huf": 4265, "emelet": "4", "emelet_szam": 4.0, "epulet_szintjei_szam": 10.0, "erkely_nm": 3.0, "kozos_koltseg_huf": 22400, "rezsikoltseg_huf": null, "epites_eve": null, "epites_eve_kategoria": "Nem ismert", "leiras_hossz": 906, "utca": "Gyakorló utca", "hazszam_eredeti": "4", "hazszam_nlp": "", "hazszam_vegleges": "4", "cim_teljes": "Budapest X. kerület, Gyakorló utca 4.", "szobaszam_egesz": 3, "szobaszam_fel": 0, "szobaszam_osszes": 3.0, "varosresz": "Felsőrákos", "ingatlan_altipus": "Panel lakás", "hirdeto_neve": "Lépj kapcsolatba a hirdetővel", "iroda_neve": "", "hirdeto_tipus": "Ingatlaniroda", "fenykepek_szama": 2, "geokodolt_lat": 47.501438, "geokodolt_lon": 19.138044, "geokodolas_modszere": "jsonld_agency_exact", "geokodolas_pontossag": "A_agency_exact", "eov_y": 657850.21, "eov_x": 245662.98, "tavolsag_mazsa_m": 1773, "tavolsag_mazsa_halozati_m": 2685, "kerulo_faktor_mazsa": 1.51, "menetido_mazsa_gyalog_perc": 35.8, "tavolsag_metro_m": 209, "legkozelebbi_metro": "M2 Örs vezér tere", "tavolsag_metro_halozati_m": 356, "legkozelebbi_metro_halozati": "M2 Örs vezér tere", "menetido_metro_gyalog_perc": 4.8, "tavolsag_vasut_m": 1163, "legkozelebbi_vasut": "Kőbánya felső vasútállomás", "tavolsag_vasut_halozati_m": 2182, "legkozelebbi_vasut_halozati": "Kőbánya felső vasútállomás", "menetido_vasut_gyalog_perc": 29.1, "tavolsag_park_m": 1622, "legkozelebbi_park": "Rottenbiller park", "tavolsag_park_halozati_m": 2139, "legkozelebbi_park_halozati": "Rottenbiller park", "menetido_park_gyalog_perc": 28.5, "tavolsag_belvaros_m": 6318, "tavolsag_belvaros_halozati_m": 6888, "kerulo_faktor_belvaros": 1.09, "menetido_belvaros_gyalog_perc": 91.8}}, {"type": "Feature", "geometry": {"type": "Point", "coordinates": [19.144117, 47.497773]}, "properties": {"listing_id": "35491242", "listing_type": "kiado", "url": "https://ingatlan.com/35491242", "title": "Kiadó csúsztatott zsalus - Budapest X. kerület, Gyógyszergyári utca 12. #35491242", "postal_code": "1106", "street_address": "Budapest X. kerület, Gyógyszergyári utca 12.", "city": "Budapest", "lat_jsonld": 47.497773, "lon_jsonld": 19.144117, "rooms_json": 1, "area_m2_json": 35.0, "year_built_json": 2026, "price_currency": "HUF", "price_huf": 235000, "allapot": "új építésű", "epites_eve_raw": "2026", "komfort": "nincs megadva", "emelet_raw": "6", "epulet_szintjei_raw": "8", "lift": "van", "belmagassag_raw": "3 m-nél alacsonyabb", "klima": "van", "akadalymentesitett": "igen", "furdo_wc": "egy helyiségben", "tajolas": "kelet", "kilatas": "panorámás", "erkely_raw": "11 m2", "kertkapcsolatos": "nem", "parkolas": "teremgarázs hely - bérelhető", "parkolohely_ara": "35 000 Ft/hó", "rezsikoltseg_raw": "5 000 Ft/hó", "kozos_koltseg_raw": "35 000 Ft/hó", "futes": "távfűtés", "szigeteles": "van", "energetikai_tanusitvany": "A+", "tetoter": "", "panelprogram": "", "butorozott": "igen", "gepesitett": "igen", "kisallat": "nem hozható", "dohanyzas": "nem megengedett", "min_berleti_ido": "12 hónap", "koltozheto": "2026. október", "kaucio_raw": "", "alapterulet_nm": 35.0, "ar_ezer_ft_ho": 235.0, "ar_millio_ft": null, "nm_ar_huf": 6714, "emelet": "6", "emelet_szam": 6.0, "epulet_szintjei_szam": 8.0, "erkely_nm": 11.0, "kozos_koltseg_huf": 35000, "rezsikoltseg_huf": 5000, "epites_eve": 2026, "epites_eve_kategoria": "2020 után (új építésű)", "leiras_hossz": 3039, "utca": "Gyógyszergyári utca", "hazszam_eredeti": "12", "hazszam_nlp": "", "hazszam_vegleges": "12", "cim_teljes": "Budapest X. kerület, Gyógyszergyári utca 12.", "szobaszam_egesz": 1, "szobaszam_fel": 0, "szobaszam_osszes": 1.0, "varosresz": "Felsőrákos", "ingatlan_altipus": "Csúsztatott zsalus lakás", "hirdeto_neve": "Lépj kapcsolatba a hirdetővel", "iroda_neve": "", "hirdeto_tipus": "Ingatlaniroda", "fenykepek_szama": 2, "geokodolt_lat": 47.497773, "geokodolt_lon": 19.144117, "geokodolas_modszere": "jsonld_agency_exact", "geokodolas_pontossag": "A_agency_exact", "eov_y": 658377.27, "eov_x": 245195.17, "tavolsag_mazsa_m": 1663, "tavolsag_mazsa_halozati_m": 3141, "kerulo_faktor_mazsa": 1.89, "menetido_mazsa_gyalog_perc": 41.9, "tavolsag_metro_m": 816, "legkozelebbi_metro": "M2 Örs vezér tere", "tavolsag_metro_halozati_m": 1719, "legkozelebbi_metro_halozati": "M2 Örs vezér tere", "menetido_metro_gyalog_perc": 22.9, "tavolsag_vasut_m": 924, "legkozelebbi_vasut": "Kőbánya felső vasútállomás", "tavolsag_vasut_halozati_m": 2286, "legkozelebbi_vasut_halozati": "Rákos vasútállomás", "menetido_vasut_gyalog_perc": 30.5, "tavolsag_park_m": 1380, "legkozelebbi_park": "Rottenbiller park", "tavolsag_park_halozati_m": 2595, "legkozelebbi_park_halozati": "Rottenbiller park", "menetido_park_gyalog_perc": 34.6, "tavolsag_belvaros_m": 6763, "tavolsag_belvaros_halozati_m": 7715, "kerulo_faktor_belvaros": 1.14, "menetido_belvaros_gyalog_perc": 102.9}}, {"type": "Feature", "geometry": {"type": "Point", "coordinates": [19.142693, 47.49801]}, "properties": {"listing_id": "35493182", "listing_type": "kiado", "url": "https://ingatlan.com/35493182", "title": "Kiadó csúsztatott zsalus - Budapest X. kerület, Gyógyszergyári utca 8. #35493182", "postal_code": "1106", "street_address": "Budapest X. kerület, Gyógyszergyári utca 8.", "city": "Budapest", "lat_jsonld": 47.49801, "lon_jsonld": 19.142693, "rooms_json": 2, "area_m2_json": 45.0, "year_built_json": 2026, "price_currency": "HUF", "price_huf": 265000, "allapot": "újszerű", "epites_eve_raw": "2026", "komfort": "összkomfortos", "emelet_raw": "5", "epulet_szintjei_raw": "8", "lift": "van", "belmagassag_raw": "3 m-nél alacsonyabb", "klima": "van", "akadalymentesitett": "igen", "furdo_wc": "egy helyiségben", "tajolas": "kelet", "kilatas": "kertre néz", "erkely_raw": "11 m2", "kertkapcsolatos": "nincs megadva", "parkolas": "teremgarázs hely - bérelhető", "parkolohely_ara": "30 000 Ft/hó", "rezsikoltseg_raw": "nincs megadva", "kozos_koltseg_raw": "25 000 Ft/hó", "futes": "távfűtés", "szigeteles": "van", "energetikai_tanusitvany": "A+", "tetoter": "", "panelprogram": "", "butorozott": "megegyezés szerint", "gepesitett": "igen", "kisallat": "nem hozható", "dohanyzas": "nem megengedett", "min_berleti_ido": "12 hónap", "koltozheto": "azonnal", "kaucio_raw": "", "alapterulet_nm": 45.0, "ar_ezer_ft_ho": 265.0, "ar_millio_ft": null, "nm_ar_huf": 5889, "emelet": "5", "emelet_szam": 5.0, "epulet_szintjei_szam": 8.0, "erkely_nm": 11.0, "kozos_koltseg_huf": 25000, "rezsikoltseg_huf": null, "epites_eve": 2026, "epites_eve_kategoria": "2020 után (új építésű)", "leiras_hossz": 1773, "utca": "Gyógyszergyári utca", "hazszam_eredeti": "8", "hazszam_nlp": "", "hazszam_vegleges": "8", "cim_teljes": "Budapest X. kerület, Gyógyszergyári utca 8.", "szobaszam_egesz": 2, "szobaszam_fel": 0, "szobaszam_osszes": 2.0, "varosresz": "Felsőrákos", "ingatlan_altipus": "Csúsztatott zsalus lakás", "hirdeto_neve": "Lépj kapcsolatba a hirdetővel", "iroda_neve": "", "hirdeto_tipus": "Ingatlaniroda", "fenykepek_szama": 4, "geokodolt_lat": 47.49801, "geokodolt_lon": 19.142693, "geokodolas_modszere": "jsonld_agency_exact", "geokodolas_pontossag": "A_agency_exact", "eov_y": 658253.81, "eov_x": 245225.27, "tavolsag_mazsa_m": 1615, "tavolsag_mazsa_halozati_m": 3243, "kerulo_faktor_mazsa": 2.01, "menetido_mazsa_gyalog_perc": 43.2, "tavolsag_metro_m": 724, "legkozelebbi_metro": "M2 Örs vezér tere", "tavolsag_metro_halozati_m": 1821, "legkozelebbi_metro_halozati": "M2 Örs vezér tere", "menetido_metro_gyalog_perc": 24.3, "tavolsag_vasut_m": 889, "legkozelebbi_vasut": "Kőbánya felső vasútállomás", "tavolsag_vasut_halozati_m": 2388, "legkozelebbi_vasut_halozati": "Rákos vasútállomás", "menetido_vasut_gyalog_perc": 31.8, "tavolsag_park_m": 1354, "legkozelebbi_park": "Rottenbiller park", "tavolsag_park_halozati_m": 2697, "legkozelebbi_park_halozati": "Rottenbiller park", "menetido_park_gyalog_perc": 36.0, "tavolsag_belvaros_m": 6656, "tavolsag_belvaros_halozati_m": 7710, "kerulo_faktor_belvaros": 1.16, "menetido_belvaros_gyalog_perc": 102.8}}, {"type": "Feature", "geometry": {"type": "Point", "coordinates": [19.139864, 47.497327]}, "properties": {"listing_id": "35505839", "listing_type": "kiado", "url": "https://ingatlan.com/35505839", "title": "Kiadó tégla lakás - Budapest X. kerület, Gyógyszergyári utca 10. #35505839", "postal_code": "1106", "street_address": "Budapest X. kerület, Gyógyszergyári utca 10.", "city": "Budapest", "lat_jsonld": 47.497327, "lon_jsonld": 19.139864, "rooms_json": 3, "area_m2_json": 62.0, "year_built_json": 2026, "price_currency": "HUF", "price_huf": 340000, "allapot": "új építésű", "epites_eve_raw": "2026", "komfort": "összkomfortos", "emelet_raw": "6", "epulet_szintjei_raw": "8", "lift": "van", "belmagassag_raw": "3 m-nél alacsonyabb", "klima": "van", "akadalymentesitett": "igen", "furdo_wc": "külön helyiségben", "tajolas": "nincs megadva", "kilatas": "udvari", "erkely_raw": "16 m2", "kertkapcsolatos": "nem", "parkolas": "teremgarázs hely - bérelhető", "parkolohely_ara": "30 000 Ft/hó", "rezsikoltseg_raw": "nincs megadva", "kozos_koltseg_raw": "nincs megadva", "futes": "távfűtés", "szigeteles": "van", "energetikai_tanusitvany": "nincs megadva", "tetoter": "nem tetőtéri", "panelprogram": "", "butorozott": "megegyezés szerint", "gepesitett": "igen", "kisallat": "nem hozható", "dohanyzas": "nem megengedett", "min_berleti_ido": "nincs megadva", "koltozheto": "azonnal", "kaucio_raw": "", "alapterulet_nm": 62.0, "ar_ezer_ft_ho": 340.0, "ar_millio_ft": null, "nm_ar_huf": 5484, "emelet": "6", "emelet_szam": 6.0, "epulet_szintjei_szam": 8.0, "erkely_nm": 16.0, "kozos_koltseg_huf": null, "rezsikoltseg_huf": null, "epites_eve": 2026, "epites_eve_kategoria": "2020 után (új építésű)", "leiras_hossz": 1765, "utca": "Gyógyszergyári utca", "hazszam_eredeti": "10", "hazszam_nlp": "", "hazszam_vegleges": "10", "cim_teljes": "Budapest X. kerület, Gyógyszergyári utca 10.", "szobaszam_egesz": 3, "szobaszam_fel": 0, "szobaszam_osszes": 3.0, "varosresz": "Felsőrákos", "ingatlan_altipus": "Tégla lakás", "hirdeto_neve": "Lépj kapcsolatba a hirdetővel", "iroda_neve": "", "hirdeto_tipus": "Ingatlaniroda", "fenykepek_szama": 2, "geokodolt_lat": 47.497327, "geokodolt_lon": 19.139864, "geokodolas_modszere": "jsonld_agency_exact", "geokodolas_pontossag": "A_agency_exact", "eov_y": 658008.77, "eov_x": 245137.53, "tavolsag_mazsa_m": 1429, "tavolsag_mazsa_halozati_m": 2261, "kerulo_faktor_mazsa": 1.58, "menetido_mazsa_gyalog_perc": 30.2, "tavolsag_metro_m": 680, "legkozelebbi_metro": "M2 Örs vezér tere", "tavolsag_metro_halozati_m": 839, "legkozelebbi_metro_halozati": "M2 Örs vezér tere", "menetido_metro_gyalog_perc": 11.2, "tavolsag_vasut_m": 736, "legkozelebbi_vasut": "Kőbánya felső vasútállomás", "tavolsag_vasut_halozati_m": 1759, "legkozelebbi_vasut_halozati": "Kőbánya felső vasútállomás", "menetido_vasut_gyalog_perc": 23.4, "tavolsag_park_m": 1205, "legkozelebbi_park": "Rottenbiller park", "tavolsag_park_halozati_m": 1715, "legkozelebbi_park_halozati": "Rottenbiller park", "menetido_park_gyalog_perc": 22.9, "tavolsag_belvaros_m": 6443, "tavolsag_belvaros_halozati_m": 7390, "kerulo_faktor_belvaros": 1.15, "menetido_belvaros_gyalog_perc": 98.5}}, {"type": "Feature", "geometry": {"type": "Point", "coordinates": [19.139641, 47.488088]}, "properties": {"listing_id": "35506370", "listing_type": "kiado", "url": "https://ingatlan.com/35506370", "title": "Kiadó tégla lakás - Budapest X. kerület, Nyitra utca 3. #35506370", "postal_code": "1105", "street_address": "Budapest X. kerület, Nyitra utca 3.", "city": "Budapest", "lat_jsonld": 47.488088, "lon_jsonld": 19.139641, "rooms_json": 1, "area_m2_json": 35.0, "year_built_json": null, "price_currency": "HUF", "price_huf": 185000, "allapot": "nincs megadva", "epites_eve_raw": "nincs megadva", "komfort": "nincs megadva", "emelet_raw": "nincs megadva", "epulet_szintjei_raw": "nincs megadva", "lift": "nincs megadva", "belmagassag_raw": "nincs megadva", "klima": "nincs megadva", "akadalymentesitett": "nincs megadva", "furdo_wc": "nincs megadva", "tajolas": "nincs megadva", "kilatas": "nincs megadva", "erkely_raw": "nincs megadva", "kertkapcsolatos": "nincs megadva", "parkolas": "nincs megadva", "parkolohely_ara": "", "rezsikoltseg_raw": "nincs megadva", "kozos_koltseg_raw": "nincs megadva", "futes": "nincs megadva", "szigeteles": "nincs megadva", "energetikai_tanusitvany": "nincs megadva", "tetoter": "nincs megadva", "panelprogram": "", "butorozott": "nincs megadva", "gepesitett": "nincs megadva", "kisallat": "nincs megadva", "dohanyzas": "nincs megadva", "min_berleti_ido": "nincs megadva", "koltozheto": "nincs megadva", "kaucio_raw": "", "alapterulet_nm": 35.0, "ar_ezer_ft_ho": 185.0, "ar_millio_ft": null, "nm_ar_huf": 5286, "emelet": "nincs megadva", "emelet_szam": null, "epulet_szintjei_szam": null, "erkely_nm": null, "kozos_koltseg_huf": null, "rezsikoltseg_huf": null, "epites_eve": null, "epites_eve_kategoria": "Nem ismert", "leiras_hossz": 282, "utca": "Nyitra utca", "hazszam_eredeti": "3", "hazszam_nlp": "", "hazszam_vegleges": "3", "cim_teljes": "Budapest X. kerület, Nyitra utca 3.", "szobaszam_egesz": 1, "szobaszam_fel": 0, "szobaszam_osszes": 1.0, "varosresz": "Óhegy", "ingatlan_altipus": "Tégla lakás", "hirdeto_neve": "Lépj kapcsolatba a hirdetővel", "iroda_neve": "", "hirdeto_tipus": "Ingatlaniroda", "fenykepek_szama": 2, "geokodolt_lat": 47.488088, "geokodolt_lon": 19.139641, "geokodolas_modszere": "jsonld_agency_exact", "geokodolas_pontossag": "A_agency_exact", "eov_y": 657991.33, "eov_x": 243956.0, "tavolsag_mazsa_m": 787, "tavolsag_mazsa_halozati_m": 1294, "kerulo_faktor_mazsa": 1.64, "menetido_mazsa_gyalog_perc": 17.3, "tavolsag_metro_m": 1675, "legkozelebbi_metro": "M2 Örs vezér tere", "tavolsag_metro_halozati_m": 2317, "legkozelebbi_metro_halozati": "M2 Örs vezér tere", "menetido_metro_gyalog_perc": 30.9, "tavolsag_vasut_m": 380, "legkozelebbi_vasut": "Kőbánya felső vasútállomás", "tavolsag_vasut_halozati_m": 812, "legkozelebbi_vasut_halozati": "Kőbánya felső vasútállomás", "menetido_vasut_gyalog_perc": 10.8, "tavolsag_park_m": 369, "legkozelebbi_park": "Rottenbiller park", "tavolsag_park_halozati_m": 615, "legkozelebbi_park_halozati": "Rottenbiller park", "menetido_park_gyalog_perc": 8.2, "tavolsag_belvaros_m": 6519, "tavolsag_belvaros_halozati_m": 9052, "kerulo_faktor_belvaros": 1.39, "menetido_belvaros_gyalog_perc": 120.7}}, {"type": "Feature", "geometry": {"type": "Point", "coordinates": [19.158719, 47.476608]}, "properties": {"listing_id": "35507913", "listing_type": "kiado", "url": "https://ingatlan.com/35507913", "title": "Kiadó panel lakás - Budapest X. kerület, Lavotta utca 13. #35507913", "postal_code": "1104", "street_address": "Budapest X. kerület, Lavotta utca 13.", "city": "Budapest", "lat_jsonld": 47.476608, "lon_jsonld": 19.158719, "rooms_json": 2, "area_m2_json": 53.0, "year_built_json": 1950, "price_currency": "HUF", "price_huf": 250000, "allapot": "felújított", "epites_eve_raw": "1950 és 1980 között", "komfort": "összkomfortos", "emelet_raw": "10", "epulet_szintjei_raw": "10", "lift": "van", "belmagassag_raw": "3 m-nél alacsonyabb", "klima": "van", "akadalymentesitett": "nincs megadva", "furdo_wc": "külön helyiségben", "tajolas": "északkelet", "kilatas": "panorámás", "erkely_raw": "4 m2", "kertkapcsolatos": "nincs megadva", "parkolas": "utca, közterület - ingyenes", "parkolohely_ara": "", "rezsikoltseg_raw": "nincs megadva", "kozos_koltseg_raw": "23 300 Ft/hó", "futes": "távfűtés egyedi méréssel", "szigeteles": "nincs megadva", "energetikai_tanusitvany": "nincs megadva", "tetoter": "legfelső emelet, nem tetőtéri", "panelprogram": "nem vett részt", "butorozott": "nem", "gepesitett": "nincs megadva", "kisallat": "nincs megadva", "dohanyzas": "nincs megadva", "min_berleti_ido": "18 hónap", "koltozheto": "azonnal", "kaucio_raw": "", "alapterulet_nm": 53.0, "ar_ezer_ft_ho": 250.0, "ar_millio_ft": null, "nm_ar_huf": 4717, "emelet": "10", "emelet_szam": 10.0, "epulet_szintjei_szam": 10.0, "erkely_nm": 4.0, "kozos_koltseg_huf": 23300, "rezsikoltseg_huf": null, "epites_eve": 19501980, "epites_eve_kategoria": "2020 után (új építésű)", "leiras_hossz": 1344, "utca": "Lavotta utca", "hazszam_eredeti": "13", "hazszam_nlp": "", "hazszam_vegleges": "13", "cim_teljes": "Budapest X. kerület, Lavotta utca 13.", "szobaszam_egesz": 2, "szobaszam_fel": 0, "szobaszam_osszes": 2.0, "varosresz": "Óhegy", "ingatlan_altipus": "Panel lakás", "hirdeto_neve": "Lépj kapcsolatba a hirdetővel", "iroda_neve": "", "hirdeto_tipus": "Ingatlaniroda", "fenykepek_szama": 2, "geokodolt_lat": 47.476608, "geokodolt_lon": 19.158719, "geokodolas_modszere": "jsonld_agency_exact", "geokodolas_pontossag": "A_agency_exact", "eov_y": 659647.97, "eov_x": 242490.72, "tavolsag_mazsa_m": 2468, "tavolsag_mazsa_halozati_m": 3267, "kerulo_faktor_mazsa": 1.32, "menetido_mazsa_gyalog_perc": 43.6, "tavolsag_metro_m": 1714, "legkozelebbi_metro": "M3 Kőbánya-Kispest", "tavolsag_metro_halozati_m": 3974, "legkozelebbi_metro_halozati": "M2 Örs vezér tere", "menetido_metro_gyalog_perc": 53.0, "tavolsag_vasut_m": 1648, "legkozelebbi_vasut": "Kőbánya-Kispest vasútállomás", "tavolsag_vasut_halozati_m": 2828, "legkozelebbi_vasut_halozati": "Kőbánya felső vasútállomás", "menetido_vasut_gyalog_perc": 37.7, "tavolsag_park_m": 833, "legkozelebbi_park": "Óhegy park", "tavolsag_park_halozati_m": 1134, "legkozelebbi_park_halozati": "Óhegy park", "menetido_park_gyalog_perc": 15.1, "tavolsag_belvaros_m": 8210, "tavolsag_belvaros_halozati_m": 10204, "kerulo_faktor_belvaros": 1.24, "menetido_belvaros_gyalog_perc": 136.1}}, {"type": "Feature", "geometry": {"type": "Point", "coordinates": [19.113348, 47.484724]}, "properties": {"listing_id": "35520137", "listing_type": "kiado", "url": "https://ingatlan.com/35520137", "title": "Kiadó tégla lakás - Budapest X. kerület, Kőbányai út 43/B #35520137", "postal_code": "1101", "street_address": "Budapest X. kerület, Kőbányai út 43/B", "city": "Budapest", "lat_jsonld": 47.484724, "lon_jsonld": 19.113348, "rooms_json": 3, "area_m2_json": 80.0, "year_built_json": 2001, "price_currency": "HUF", "price_huf": 400000, "allapot": "újszerű", "epites_eve_raw": "2001 és 2010 között", "komfort": "nincs megadva", "emelet_raw": "5", "epulet_szintjei_raw": "5", "lift": "van", "belmagassag_raw": "nincs megadva", "klima": "nincs megadva", "akadalymentesitett": "nincs megadva", "furdo_wc": "egy helyiségben", "tajolas": "nincs megadva", "kilatas": "panorámás", "erkely_raw": "80 m2", "kertkapcsolatos": "nincs megadva", "parkolas": "teremgarázs hely", "parkolohely_ara": "", "rezsikoltseg_raw": "20 000 Ft/hó", "kozos_koltseg_raw": "37 000 Ft/hó", "futes": "házközponti egyedi méréssel", "szigeteles": "van - 5 cm", "energetikai_tanusitvany": "nincs megadva", "tetoter": "legfelső emelet, nem tetőtéri", "panelprogram": "", "butorozott": "részben", "gepesitett": "nincs megadva", "kisallat": "nincs megadva", "dohanyzas": "nem megengedett", "min_berleti_ido": "12 hónap", "koltozheto": "azonnal", "kaucio_raw": "", "alapterulet_nm": 80.0, "ar_ezer_ft_ho": 400.0, "ar_millio_ft": null, "nm_ar_huf": 5000, "emelet": "5", "emelet_szam": 5.0, "epulet_szintjei_szam": 5.0, "erkely_nm": 80.0, "kozos_koltseg_huf": 37000, "rezsikoltseg_huf": 20000, "epites_eve": 20012010, "epites_eve_kategoria": "2020 után (új építésű)", "leiras_hossz": 525, "utca": "Kőbányai út", "hazszam_eredeti": "43/B", "hazszam_nlp": "", "hazszam_vegleges": "43/B", "cim_teljes": "Budapest X. kerület, Kőbányai út 43/B.", "szobaszam_egesz": 3, "szobaszam_fel": 0, "szobaszam_osszes": 3.0, "varosresz": "Kőbánya egyéb", "ingatlan_altipus": "Tégla lakás", "hirdeto_neve": "Lépj kapcsolatba a hirdetővel", "iroda_neve": "", "hirdeto_tipus": "Ingatlaniroda", "fenykepek_szama": 2, "geokodolt_lat": 47.484724, "geokodolt_lon": 19.113348, "geokodolas_modszere": "jsonld_agency_exact", "geokodolas_pontossag": "A_agency_exact", "eov_y": 655712.55, "eov_x": 243522.68, "tavolsag_mazsa_m": 1224, "tavolsag_mazsa_halozati_m": 1777, "kerulo_faktor_mazsa": 1.45, "menetido_mazsa_gyalog_perc": 23.7, "tavolsag_metro_m": 1267, "legkozelebbi_metro": "M3 Népliget", "tavolsag_metro_halozati_m": 2198, "legkozelebbi_metro_halozati": "M3 Népliget", "menetido_metro_gyalog_perc": 29.3, "tavolsag_vasut_m": 1067, "legkozelebbi_vasut": "Kőbánya alsó vasútállomás", "tavolsag_vasut_halozati_m": 1631, "legkozelebbi_vasut_halozati": "Kőbánya alsó vasútállomás", "menetido_vasut_gyalog_perc": 21.7, "tavolsag_park_m": 1267, "legkozelebbi_park": "Népliget", "tavolsag_park_halozati_m": 2198, "legkozelebbi_park_halozati": "Népliget", "menetido_park_gyalog_perc": 29.3, "tavolsag_belvaros_m": 4686, "tavolsag_belvaros_halozati_m": 5373, "kerulo_faktor_belvaros": 1.15, "menetido_belvaros_gyalog_perc": 71.6}}, {"type": "Feature", "geometry": {"type": "Point", "coordinates": [19.144154, 47.502165]}, "properties": {"listing_id": "35534971", "listing_type": "kiado", "url": "https://ingatlan.com/35534971", "title": "Kiadó panel lakás - Budapest X. kerület, Gyakorló utca 18. #35534971", "postal_code": "1106", "street_address": "Budapest X. kerület, Gyakorló utca 18.", "city": "Budapest", "lat_jsonld": 47.502165, "lon_jsonld": 19.144154, "rooms_json": 2, "area_m2_json": 35.0, "year_built_json": 1950, "price_currency": "HUF", "price_huf": 220000, "allapot": "felújított", "epites_eve_raw": "1950 és 1980 között", "komfort": "összkomfortos", "emelet_raw": "5", "epulet_szintjei_raw": "10", "lift": "van", "belmagassag_raw": "3 m-nél alacsonyabb", "klima": "nincs", "akadalymentesitett": "nem", "furdo_wc": "egy helyiségben", "tajolas": "délnyugat", "kilatas": "utcai", "erkely_raw": "4 m2", "kertkapcsolatos": "nem", "parkolas": "utca, közterület - fizetős övezet", "parkolohely_ara": "", "rezsikoltseg_raw": "nincs megadva", "kozos_koltseg_raw": "12 950 Ft/hó", "futes": "távfűtés", "szigeteles": "van - 15 cm", "energetikai_tanusitvany": "D", "tetoter": "nem tetőtéri", "panelprogram": "részt vett", "butorozott": "részben", "gepesitett": "igen", "kisallat": "nem hozható", "dohanyzas": "nem megengedett", "min_berleti_ido": "12 hónap", "koltozheto": "azonnal", "kaucio_raw": "", "alapterulet_nm": 35.0, "ar_ezer_ft_ho": 220.0, "ar_millio_ft": null, "nm_ar_huf": 6286, "emelet": "5", "emelet_szam": 5.0, "epulet_szintjei_szam": 10.0, "erkely_nm": 4.0, "kozos_koltseg_huf": 12950, "rezsikoltseg_huf": null, "epites_eve": 19501980, "epites_eve_kategoria": "2020 után (új építésű)", "leiras_hossz": 1691, "utca": "Gyakorló utca", "hazszam_eredeti": "18", "hazszam_nlp": "", "hazszam_vegleges": "18", "cim_teljes": "Budapest X. kerület, Gyakorló utca 18.", "szobaszam_egesz": 2, "szobaszam_fel": 0, "szobaszam_osszes": 2.0, "varosresz": "Felsőrákos", "ingatlan_altipus": "Panel lakás", "hirdeto_neve": "Lépj kapcsolatba a hirdetővel", "iroda_neve": "", "hirdeto_tipus": "Ingatlaniroda", "fenykepek_szama": 2, "geokodolt_lat": 47.502165, "geokodolt_lon": 19.144154, "geokodolas_modszere": "jsonld_agency_exact", "geokodolas_pontossag": "A_agency_exact", "eov_y": 658379.53, "eov_x": 245756.8, "tavolsag_mazsa_m": 2055, "tavolsag_mazsa_halozati_m": 3137, "kerulo_faktor_mazsa": 1.53, "menetido_mazsa_gyalog_perc": 41.8, "tavolsag_metro_m": 582, "legkozelebbi_metro": "M2 Örs vezér tere", "tavolsag_metro_halozati_m": 809, "legkozelebbi_metro_halozati": "M2 Örs vezér tere", "menetido_metro_gyalog_perc": 10.8, "tavolsag_vasut_m": 1353, "legkozelebbi_vasut": "Kőbánya felső vasútállomás", "tavolsag_vasut_halozati_m": 2174, "legkozelebbi_vasut_halozati": "Rákos vasútállomás", "menetido_vasut_gyalog_perc": 29.0, "tavolsag_park_m": 1821, "legkozelebbi_park": "Rottenbiller park", "tavolsag_park_halozati_m": 2591, "legkozelebbi_park_halozati": "Rottenbiller park", "menetido_park_gyalog_perc": 34.5, "tavolsag_belvaros_m": 6782, "tavolsag_belvaros_halozati_m": 7351, "kerulo_faktor_belvaros": 1.08, "menetido_belvaros_gyalog_perc": 98.0}}, {"type": "Feature", "geometry": {"type": "Point", "coordinates": [19.141041, 47.497833]}, "properties": {"listing_id": "35538249", "listing_type": "kiado", "url": "https://ingatlan.com/35538249", "title": "Kiadó tégla lakás - Budapest X. kerület, Gyógyszergyári utca 6. #35538249", "postal_code": "1106", "street_address": "Budapest X. kerület, Gyógyszergyári utca 6.", "city": "Budapest", "lat_jsonld": 47.497833, "lon_jsonld": 19.141041, "rooms_json": 2, "area_m2_json": 43.0, "year_built_json": 2026, "price_currency": "HUF", "price_huf": 260000, "allapot": "új építésű", "epites_eve_raw": "2026", "komfort": "nincs megadva", "emelet_raw": "6", "epulet_szintjei_raw": "8", "lift": "van", "belmagassag_raw": "3 m-nél alacsonyabb", "klima": "van", "akadalymentesitett": "nincs megadva", "furdo_wc": "nincs megadva", "tajolas": "nyugat", "kilatas": "nincs megadva", "erkely_raw": "11 m2", "kertkapcsolatos": "nincs megadva", "parkolas": "teremgarázs hely - bérelhető", "parkolohely_ara": "30 000 Ft/hó", "rezsikoltseg_raw": "nincs megadva", "kozos_koltseg_raw": "nincs megadva", "futes": "távfűtés", "szigeteles": "nincs megadva", "energetikai_tanusitvany": "nincs megadva", "tetoter": "nem tetőtéri", "panelprogram": "", "butorozott": "részben", "gepesitett": "nincs megadva", "kisallat": "nem hozható", "dohanyzas": "nem megengedett", "min_berleti_ido": "12 hónap", "koltozheto": "azonnal", "kaucio_raw": "", "alapterulet_nm": 43.0, "ar_ezer_ft_ho": 260.0, "ar_millio_ft": null, "nm_ar_huf": 6047, "emelet": "6", "emelet_szam": 6.0, "epulet_szintjei_szam": 8.0, "erkely_nm": 11.0, "kozos_koltseg_huf": null, "rezsikoltseg_huf": null, "epites_eve": 2026, "epites_eve_kategoria": "2020 után (új építésű)", "leiras_hossz": 1128, "utca": "Gyógyszergyári utca", "hazszam_eredeti": "6", "hazszam_nlp": "", "hazszam_vegleges": "6", "cim_teljes": "Budapest X. kerület, Gyógyszergyári utca 6.", "szobaszam_egesz": 2, "szobaszam_fel": 0, "szobaszam_osszes": 2.0, "varosresz": "Felsőrákos", "ingatlan_altipus": "Tégla lakás", "hirdeto_neve": "Lépj kapcsolatba a hirdetővel", "iroda_neve": "", "hirdeto_tipus": "Ingatlaniroda", "fenykepek_szama": 2, "geokodolt_lat": 47.497833, "geokodolt_lon": 19.141041, "geokodolas_modszere": "jsonld_agency_exact", "geokodolas_pontossag": "A_agency_exact", "eov_y": 658110.67, "eov_x": 245202.4, "tavolsag_mazsa_m": 1525, "tavolsag_mazsa_halozati_m": 3367, "kerulo_faktor_mazsa": 2.21, "menetido_mazsa_gyalog_perc": 44.9, "tavolsag_metro_m": 668, "legkozelebbi_metro": "M2 Örs vezér tere", "tavolsag_metro_halozati_m": 1945, "legkozelebbi_metro_halozati": "M2 Örs vezér tere", "menetido_metro_gyalog_perc": 25.9, "tavolsag_vasut_m": 818, "legkozelebbi_vasut": "Kőbánya felső vasútállomás", "tavolsag_vasut_halozati_m": 2513, "legkozelebbi_vasut_halozati": "Rákos vasútállomás", "menetido_vasut_gyalog_perc": 33.5, "tavolsag_park_m": 1287, "legkozelebbi_park": "Rottenbiller park", "tavolsag_park_halozati_m": 2821, "legkozelebbi_park_halozati": "Rottenbiller park", "menetido_park_gyalog_perc": 37.6, "tavolsag_belvaros_m": 6531, "tavolsag_belvaros_halozati_m": 7506, "kerulo_faktor_belvaros": 1.15, "menetido_belvaros_gyalog_perc": 100.1}}, {"type": "Feature", "geometry": {"type": "Point", "coordinates": [19.119065, 47.473288]}, "properties": {"listing_id": "35539920", "listing_type": "kiado", "url": "https://ingatlan.com/35539920", "title": "Kiadó tégla lakás - Budapest X. kerület, Somfa utca 4-6. #35539920", "postal_code": "1107", "street_address": "Budapest X. kerület, Somfa utca 4-6.", "city": "Budapest", "lat_jsonld": 47.473288, "lon_jsonld": 19.119065, "rooms_json": 3, "area_m2_json": 73.0, "year_built_json": 2001, "price_currency": "HUF", "price_huf": 390000, "allapot": "újszerű", "epites_eve_raw": "2001 és 2010 között", "komfort": "összkomfortos", "emelet_raw": "4", "epulet_szintjei_raw": "5", "lift": "van", "belmagassag_raw": "3 m-nél alacsonyabb", "klima": "van", "akadalymentesitett": "igen", "furdo_wc": "külön helyiségben", "tajolas": "nincs megadva", "kilatas": "udvari", "erkely_raw": "9 m2", "kertkapcsolatos": "nincs megadva", "parkolas": "teremgarázs hely - bérelhető", "parkolohely_ara": "30 000 Ft/hó", "rezsikoltseg_raw": "nincs megadva", "kozos_koltseg_raw": "31 480 Ft/hó", "futes": "házközponti egyedi méréssel", "szigeteles": "van", "energetikai_tanusitvany": "nincs megadva", "tetoter": "nincs megadva", "panelprogram": "", "butorozott": "igen", "gepesitett": "igen", "kisallat": "nem hozható", "dohanyzas": "nem megengedett", "min_berleti_ido": "12 hónap", "koltozheto": "azonnal", "kaucio_raw": "", "alapterulet_nm": 73.0, "ar_ezer_ft_ho": 390.0, "ar_millio_ft": null, "nm_ar_huf": 5342, "emelet": "4", "emelet_szam": 4.0, "epulet_szintjei_szam": 5.0, "erkely_nm": 9.0, "kozos_koltseg_huf": 31480, "rezsikoltseg_huf": null, "epites_eve": 20012010, "epites_eve_kategoria": "2020 után (új építésű)", "leiras_hossz": 686, "utca": "Somfa utca", "hazszam_eredeti": "4-6", "hazszam_nlp": "4-6", "hazszam_vegleges": "4-6", "cim_teljes": "Budapest X. kerület, Somfa utca 4-6.", "szobaszam_egesz": 3, "szobaszam_fel": 0, "szobaszam_osszes": 3.0, "varosresz": "Gyárdűlő", "ingatlan_altipus": "Tégla lakás", "hirdeto_neve": "Lépj kapcsolatba a hirdetővel", "iroda_neve": "", "hirdeto_tipus": "Ingatlaniroda", "fenykepek_szama": 4, "geokodolt_lat": 47.473288, "geokodolt_lon": 19.119065, "geokodolas_modszere": "jsonld_agency_exact", "geokodolas_pontossag": "A_agency_exact", "eov_y": 656209.99, "eov_x": 242060.67, "tavolsag_mazsa_m": 1672, "tavolsag_mazsa_halozati_m": 2127, "kerulo_faktor_mazsa": 1.27, "menetido_mazsa_gyalog_perc": 28.4, "tavolsag_metro_m": 476, "legkozelebbi_metro": "M3 Ecseri út", "tavolsag_metro_halozati_m": 1410, "legkozelebbi_metro_halozati": "M3 Ecseri út", "menetido_metro_gyalog_perc": 18.8, "tavolsag_vasut_m": 1499, "legkozelebbi_vasut": "Kőbánya alsó vasútállomás", "tavolsag_vasut_halozati_m": 1980, "legkozelebbi_vasut_halozati": "Kőbánya alsó vasútállomás", "menetido_vasut_gyalog_perc": 26.4, "tavolsag_park_m": 1281, "legkozelebbi_park": "Népliget", "tavolsag_park_halozati_m": 2094, "legkozelebbi_park_halozati": "Népliget", "menetido_park_gyalog_perc": 27.9, "tavolsag_belvaros_m": 5596, "tavolsag_belvaros_halozati_m": 6218, "kerulo_faktor_belvaros": 1.11, "menetido_belvaros_gyalog_perc": 82.9}}, {"type": "Feature", "geometry": {"type": "Point", "coordinates": [19.142693, 47.49801]}, "properties": {"listing_id": "35543267", "listing_type": "kiado", "url": "https://ingatlan.com/35543267", "title": "Kiadó tégla lakás - Budapest X. kerület, Gyógyszergyári utca 8. #35543267", "postal_code": "1106", "street_address": "Budapest X. kerület, Gyógyszergyári utca 8.", "city": "Budapest", "lat_jsonld": 47.49801, "lon_jsonld": 19.142693, "rooms_json": 2, "area_m2_json": 43.0, "year_built_json": null, "price_currency": "HUF", "price_huf": 230000, "allapot": "új építésű", "epites_eve_raw": "nincs megadva", "komfort": "nincs megadva", "emelet_raw": "5", "epulet_szintjei_raw": "7", "lift": "van", "belmagassag_raw": "nincs megadva", "klima": "van", "akadalymentesitett": "nincs megadva", "furdo_wc": "egy helyiségben", "tajolas": "nincs megadva", "kilatas": "udvari", "erkely_raw": "11 m2", "kertkapcsolatos": "nem", "parkolas": "teremgarázs hely", "parkolohely_ara": "", "rezsikoltseg_raw": "nincs megadva", "kozos_koltseg_raw": "nincs megadva", "futes": "távfűtés egyedi méréssel", "szigeteles": "nincs megadva", "energetikai_tanusitvany": "A+", "tetoter": "nem tetőtéri", "panelprogram": "", "butorozott": "megegyezés szerint", "gepesitett": "igen", "kisallat": "hozható", "dohanyzas": "nem megengedett", "min_berleti_ido": "12 hónap", "koltozheto": "azonnal", "kaucio_raw": "", "alapterulet_nm": 43.0, "ar_ezer_ft_ho": 230.0, "ar_millio_ft": null, "nm_ar_huf": 5349, "emelet": "5", "emelet_szam": 5.0, "epulet_szintjei_szam": 7.0, "erkely_nm": 11.0, "kozos_koltseg_huf": null, "rezsikoltseg_huf": null, "epites_eve": null, "epites_eve_kategoria": "2020 után (új építésű)", "leiras_hossz": 2498, "utca": "Gyógyszergyári utca", "hazszam_eredeti": "8", "hazszam_nlp": "", "hazszam_vegleges": "8", "cim_teljes": "Budapest X. kerület, Gyógyszergyári utca 8.", "szobaszam_egesz": 2, "szobaszam_fel": 0, "szobaszam_osszes": 2.0, "varosresz": "Felsőrákos", "ingatlan_altipus": "Tégla lakás", "hirdeto_neve": "Lépj kapcsolatba a hirdetővel", "iroda_neve": "", "hirdeto_tipus": "Ingatlaniroda", "fenykepek_szama": 2, "geokodolt_lat": 47.49801, "geokodolt_lon": 19.142693, "geokodolas_modszere": "jsonld_agency_exact", "geokodolas_pontossag": "A_agency_exact", "eov_y": 658253.81, "eov_x": 245225.27, "tavolsag_mazsa_m": 1615, "tavolsag_mazsa_halozati_m": 3243, "kerulo_faktor_mazsa": 2.01, "menetido_mazsa_gyalog_perc": 43.2, "tavolsag_metro_m": 724, "legkozelebbi_metro": "M2 Örs vezér tere", "tavolsag_metro_halozati_m": 1821, "legkozelebbi_metro_halozati": "M2 Örs vezér tere", "menetido_metro_gyalog_perc": 24.3, "tavolsag_vasut_m": 889, "legkozelebbi_vasut": "Kőbánya felső vasútállomás", "tavolsag_vasut_halozati_m": 2388, "legkozelebbi_vasut_halozati": "Rákos vasútállomás", "menetido_vasut_gyalog_perc": 31.8, "tavolsag_park_m": 1354, "legkozelebbi_park": "Rottenbiller park", "tavolsag_park_halozati_m": 2697, "legkozelebbi_park_halozati": "Rottenbiller park", "menetido_park_gyalog_perc": 36.0, "tavolsag_belvaros_m": 6656, "tavolsag_belvaros_halozati_m": 7710, "kerulo_faktor_belvaros": 1.16, "menetido_belvaros_gyalog_perc": 102.8}}, {"type": "Feature", "geometry": {"type": "Point", "coordinates": [19.124302, 47.48338]}, "properties": {"listing_id": "35543977", "listing_type": "kiado", "url": "https://ingatlan.com/35543977", "title": "Kiadó panel lakás - Budapest X. kerület, Kőbányai út 54. #35543977", "postal_code": "1101", "street_address": "Budapest X. kerület, Kőbányai út 54.", "city": "Budapest", "lat_jsonld": 47.48338, "lon_jsonld": 19.124302, "rooms_json": 2, "area_m2_json": 50.0, "year_built_json": 1981, "price_currency": "HUF", "price_huf": 250000, "allapot": "felújított", "epites_eve_raw": "1981 és 2000 között", "komfort": "összkomfortos", "emelet_raw": "3", "epulet_szintjei_raw": "4", "lift": "nincs", "belmagassag_raw": "nincs megadva", "klima": "van", "akadalymentesitett": "nincs megadva", "furdo_wc": "külön helyiségben", "tajolas": "dél", "kilatas": "panorámás", "erkely_raw": "4 m2", "kertkapcsolatos": "nincs megadva", "parkolas": "utca, közterület - ingyenes", "parkolohely_ara": "", "rezsikoltseg_raw": "nincs megadva", "kozos_koltseg_raw": "nincs megadva", "futes": "házközponti", "szigeteles": "nincs megadva", "energetikai_tanusitvany": "nincs megadva", "tetoter": "nem tetőtéri", "panelprogram": "nincs megadva", "butorozott": "nem", "gepesitett": "nincs megadva", "kisallat": "nem hozható", "dohanyzas": "nem megengedett", "min_berleti_ido": "12 hónap", "koltozheto": "azonnal", "kaucio_raw": "", "alapterulet_nm": 50.0, "ar_ezer_ft_ho": 250.0, "ar_millio_ft": null, "nm_ar_huf": 5000, "emelet": "3", "emelet_szam": 3.0, "epulet_szintjei_szam": 4.0, "erkely_nm": 4.0, "kozos_koltseg_huf": null, "rezsikoltseg_huf": null, "epites_eve": 19812000, "epites_eve_kategoria": "2020 után (új építésű)", "leiras_hossz": 1063, "utca": "Kőbányai út", "hazszam_eredeti": "54", "hazszam_nlp": "", "hazszam_vegleges": "54", "cim_teljes": "Budapest X. kerület, Kőbányai út 54.", "szobaszam_egesz": 2, "szobaszam_fel": 0, "szobaszam_osszes": 2.0, "varosresz": "Laposdűlő", "ingatlan_altipus": "Panel lakás", "hirdeto_neve": "Lépj kapcsolatba a hirdetővel", "iroda_neve": "", "hirdeto_tipus": "Ingatlaniroda", "fenykepek_szama": 2, "geokodolt_lat": 47.48338, "geokodolt_lon": 19.124302, "geokodolas_modszere": "jsonld_agency_exact", "geokodolas_pontossag": "A_agency_exact", "eov_y": 656662.43, "eov_x": 243351.96, "tavolsag_mazsa_m": 524, "tavolsag_mazsa_halozati_m": 1249, "kerulo_faktor_mazsa": 2.38, "menetido_mazsa_gyalog_perc": 16.7, "tavolsag_metro_m": 1644, "legkozelebbi_metro": "M3 Ecseri út", "tavolsag_metro_halozati_m": 2249, "legkozelebbi_metro_halozati": "M3 Ecseri út", "menetido_metro_gyalog_perc": 30.0, "tavolsag_vasut_m": 337, "legkozelebbi_vasut": "Kőbánya alsó vasútállomás", "tavolsag_vasut_halozati_m": 1103, "legkozelebbi_vasut_halozati": "Kőbánya alsó vasútállomás", "menetido_vasut_gyalog_perc": 14.7, "tavolsag_park_m": 899, "legkozelebbi_park": "Rottenbiller park", "tavolsag_park_halozati_m": 1721, "legkozelebbi_park_halozati": "Rottenbiller park", "menetido_park_gyalog_perc": 22.9, "tavolsag_belvaros_m": 5516, "tavolsag_belvaros_halozati_m": 6126, "kerulo_faktor_belvaros": 1.11, "menetido_belvaros_gyalog_perc": 81.7}}, {"type": "Feature", "geometry": {"type": "Point", "coordinates": [19.139864, 47.497327]}, "properties": {"listing_id": "35547637", "listing_type": "kiado", "url": "https://ingatlan.com/35547637", "title": "Kiadó tégla lakás - Budapest X. kerület, Gyógyszergyári utca 10. #35547637", "postal_code": "1106", "street_address": "Budapest X. kerület, Gyógyszergyári utca 10.", "city": "Budapest", "lat_jsonld": 47.497327, "lon_jsonld": 19.139864, "rooms_json": 1, "area_m2_json": 27.0, "year_built_json": 2026, "price_currency": "HUF", "price_huf": 230000, "allapot": "új építésű", "epites_eve_raw": "2026", "komfort": "nincs megadva", "emelet_raw": "7", "epulet_szintjei_raw": "8", "lift": "van", "belmagassag_raw": "nincs megadva", "klima": "van", "akadalymentesitett": "nem", "furdo_wc": "egy helyiségben", "tajolas": "nincs megadva", "kilatas": "udvari", "erkely_raw": "6 m2", "kertkapcsolatos": "nem", "parkolas": "nincs megadva", "parkolohely_ara": "", "rezsikoltseg_raw": "nincs megadva", "kozos_koltseg_raw": "nincs megadva", "futes": "távfűtés egyedi méréssel", "szigeteles": "nincs megadva", "energetikai_tanusitvany": "nincs megadva", "tetoter": "nem tetőtéri", "panelprogram": "", "butorozott": "nem", "gepesitett": "nincs megadva", "kisallat": "nem hozható", "dohanyzas": "nem megengedett", "min_berleti_ido": "12 hónap", "koltozheto": "azonnal", "kaucio_raw": "", "alapterulet_nm": 27.0, "ar_ezer_ft_ho": 230.0, "ar_millio_ft": null, "nm_ar_huf": 8519, "emelet": "7", "emelet_szam": 7.0, "epulet_szintjei_szam": 8.0, "erkely_nm": 6.0, "kozos_koltseg_huf": null, "rezsikoltseg_huf": null, "epites_eve": 2026, "epites_eve_kategoria": "2020 után (új építésű)", "leiras_hossz": 403, "utca": "Gyógyszergyári utca", "hazszam_eredeti": "10", "hazszam_nlp": "", "hazszam_vegleges": "10", "cim_teljes": "Budapest X. kerület, Gyógyszergyári utca 10.", "szobaszam_egesz": 1, "szobaszam_fel": 0, "szobaszam_osszes": 1.0, "varosresz": "Felsőrákos", "ingatlan_altipus": "Tégla lakás", "hirdeto_neve": "Lépj kapcsolatba a hirdetővel", "iroda_neve": "", "hirdeto_tipus": "Ingatlaniroda", "fenykepek_szama": 2, "geokodolt_lat": 47.497327, "geokodolt_lon": 19.139864, "geokodolas_modszere": "jsonld_agency_exact", "geokodolas_pontossag": "A_agency_exact", "eov_y": 658008.77, "eov_x": 245137.53, "tavolsag_mazsa_m": 1429, "tavolsag_mazsa_halozati_m": 2261, "kerulo_faktor_mazsa": 1.58, "menetido_mazsa_gyalog_perc": 30.2, "tavolsag_metro_m": 680, "legkozelebbi_metro": "M2 Örs vezér tere", "tavolsag_metro_halozati_m": 839, "legkozelebbi_metro_halozati": "M2 Örs vezér tere", "menetido_metro_gyalog_perc": 11.2, "tavolsag_vasut_m": 736, "legkozelebbi_vasut": "Kőbánya felső vasútállomás", "tavolsag_vasut_halozati_m": 1759, "legkozelebbi_vasut_halozati": "Kőbánya felső vasútállomás", "menetido_vasut_gyalog_perc": 23.4, "tavolsag_park_m": 1205, "legkozelebbi_park": "Rottenbiller park", "tavolsag_park_halozati_m": 1715, "legkozelebbi_park_halozati": "Rottenbiller park", "menetido_park_gyalog_perc": 22.9, "tavolsag_belvaros_m": 6443, "tavolsag_belvaros_halozati_m": 7390, "kerulo_faktor_belvaros": 1.15, "menetido_belvaros_gyalog_perc": 98.5}}, {"type": "Feature", "geometry": {"type": "Point", "coordinates": [19.141041, 47.497833]}, "properties": {"listing_id": "35548944", "listing_type": "kiado", "url": "https://ingatlan.com/35548944", "title": "Kiadó tégla lakás - Budapest X. kerület, Gyógyszergyári utca 6. #35548944", "postal_code": "1106", "street_address": "Budapest X. kerület, Gyógyszergyári utca 6.", "city": "Budapest", "lat_jsonld": 47.497833, "lon_jsonld": 19.141041, "rooms_json": 2, "area_m2_json": 43.0, "year_built_json": 2026, "price_currency": "HUF", "price_huf": 280000, "allapot": "új építésű", "epites_eve_raw": "2026", "komfort": "komfortos", "emelet_raw": "3", "epulet_szintjei_raw": "8", "lift": "van", "belmagassag_raw": "3 m-nél alacsonyabb", "klima": "van", "akadalymentesitett": "igen", "furdo_wc": "egy helyiségben", "tajolas": "nincs megadva", "kilatas": "utcai", "erkely_raw": "10 m2", "kertkapcsolatos": "nem", "parkolas": "teremgarázs hely - benne van az árban", "parkolohely_ara": "", "rezsikoltseg_raw": "4 000 Ft/hó", "kozos_koltseg_raw": "59 000 Ft/hó", "futes": "házközponti egyedi méréssel, hűtő-fűtő klíma", "szigeteles": "van - 15 cm", "energetikai_tanusitvany": "A+", "tetoter": "nem tetőtéri", "panelprogram": "", "butorozott": "igen", "gepesitett": "igen", "kisallat": "nem hozható", "dohanyzas": "nem megengedett", "min_berleti_ido": "12 hónap", "koltozheto": "azonnal", "kaucio_raw": "", "alapterulet_nm": 43.0, "ar_ezer_ft_ho": 280.0, "ar_millio_ft": null, "nm_ar_huf": 6512, "emelet": "3", "emelet_szam": 3.0, "epulet_szintjei_szam": 8.0, "erkely_nm": 10.0, "kozos_koltseg_huf": 59000, "rezsikoltseg_huf": 4000, "epites_eve": 2026, "epites_eve_kategoria": "2020 után (új építésű)", "leiras_hossz": 910, "utca": "Gyógyszergyári utca", "hazszam_eredeti": "6", "hazszam_nlp": "", "hazszam_vegleges": "6", "cim_teljes": "Budapest X. kerület, Gyógyszergyári utca 6.", "szobaszam_egesz": 2, "szobaszam_fel": 0, "szobaszam_osszes": 2.0, "varosresz": "Felsőrákos", "ingatlan_altipus": "Tégla lakás", "hirdeto_neve": "Lépj kapcsolatba a hirdetővel", "iroda_neve": "", "hirdeto_tipus": "Ingatlaniroda", "fenykepek_szama": 4, "geokodolt_lat": 47.497833, "geokodolt_lon": 19.141041, "geokodolas_modszere": "jsonld_agency_exact", "geokodolas_pontossag": "A_agency_exact", "eov_y": 658110.67, "eov_x": 245202.4, "tavolsag_mazsa_m": 1525, "tavolsag_mazsa_halozati_m": 3367, "kerulo_faktor_mazsa": 2.21, "menetido_mazsa_gyalog_perc": 44.9, "tavolsag_metro_m": 668, "legkozelebbi_metro": "M2 Örs vezér tere", "tavolsag_metro_halozati_m": 1945, "legkozelebbi_metro_halozati": "M2 Örs vezér tere", "menetido_metro_gyalog_perc": 25.9, "tavolsag_vasut_m": 818, "legkozelebbi_vasut": "Kőbánya felső vasútállomás", "tavolsag_vasut_halozati_m": 2513, "legkozelebbi_vasut_halozati": "Rákos vasútállomás", "menetido_vasut_gyalog_perc": 33.5, "tavolsag_park_m": 1287, "legkozelebbi_park": "Rottenbiller park", "tavolsag_park_halozati_m": 2821, "legkozelebbi_park_halozati": "Rottenbiller park", "menetido_park_gyalog_perc": 37.6, "tavolsag_belvaros_m": 6531, "tavolsag_belvaros_halozati_m": 7506, "kerulo_faktor_belvaros": 1.15, "menetido_belvaros_gyalog_perc": 100.1}}, {"type": "Feature", "geometry": {"type": "Point", "coordinates": [19.122559, 47.467062]}, "properties": {"listing_id": "35549280", "listing_type": "kiado", "url": "https://ingatlan.com/35549280", "title": "Kiadó tégla lakás - Budapest X. kerület, Üllői út 138. #35549280", "postal_code": "1101", "street_address": "Budapest X. kerület, Üllői út 138.", "city": "Budapest", "lat_jsonld": 47.467062, "lon_jsonld": 19.122559, "rooms_json": 2, "area_m2_json": 56.0, "year_built_json": 1950, "price_currency": "HUF", "price_huf": 220000, "allapot": "jó állapotú", "epites_eve_raw": "1950 és 1980 között", "komfort": "összkomfortos", "emelet_raw": "4", "epulet_szintjei_raw": "5", "lift": "van", "belmagassag_raw": "nincs megadva", "klima": "van", "akadalymentesitett": "nem", "furdo_wc": "külön helyiségben", "tajolas": "nincs megadva", "kilatas": "utcai", "erkely_raw": "3 m2", "kertkapcsolatos": "nem", "parkolas": "utca, közterület - fizetős övezet", "parkolohely_ara": "", "rezsikoltseg_raw": "35 000 Ft/hó", "kozos_koltseg_raw": "18 000 Ft/hó", "futes": "távfűtés", "szigeteles": "nincs megadva", "energetikai_tanusitvany": "nincs megadva", "tetoter": "nem tetőtéri", "panelprogram": "", "butorozott": "igen", "gepesitett": "igen", "kisallat": "nincs megadva", "dohanyzas": "nem megengedett", "min_berleti_ido": "nincs megadva", "koltozheto": "nincs megadva", "kaucio_raw": "", "alapterulet_nm": 56.0, "ar_ezer_ft_ho": 220.0, "ar_millio_ft": null, "nm_ar_huf": 3929, "emelet": "4", "emelet_szam": 4.0, "epulet_szintjei_szam": 5.0, "erkely_nm": 3.0, "kozos_koltseg_huf": 18000, "rezsikoltseg_huf": 35000, "epites_eve": 19501980, "epites_eve_kategoria": "2020 után (új építésű)", "leiras_hossz": 1545, "utca": "Üllői út", "hazszam_eredeti": "138", "hazszam_nlp": "", "hazszam_vegleges": "138", "cim_teljes": "Budapest X. kerület, Üllői út 138.", "szobaszam_egesz": 2, "szobaszam_fel": 0, "szobaszam_osszes": 2.0, "varosresz": "Gyárdűlő", "ingatlan_altipus": "Tégla lakás", "hirdeto_neve": "Lépj kapcsolatba a hirdetővel", "iroda_neve": "", "hirdeto_tipus": "Ingatlaniroda", "fenykepek_szama": 2, "geokodolt_lat": 47.467062, "geokodolt_lon": 19.122559, "geokodolas_modszere": "jsonld_agency_exact", "geokodolas_pontossag": "A_agency_exact", "eov_y": 656514.02, "eov_x": 241264.74, "tavolsag_mazsa_m": 2233, "tavolsag_mazsa_halozati_m": 2836, "kerulo_faktor_mazsa": 1.27, "menetido_mazsa_gyalog_perc": 37.8, "tavolsag_metro_m": 357, "legkozelebbi_metro": "M3 Pöttyös utca", "tavolsag_metro_halozati_m": 791, "legkozelebbi_metro_halozati": "M3 Ecseri út", "menetido_metro_gyalog_perc": 10.5, "tavolsag_vasut_m": 1990, "legkozelebbi_vasut": "Kőbánya-Kispest vasútállomás", "tavolsag_vasut_halozati_m": 2308, "legkozelebbi_vasut_halozati": "Kőbánya-Kispest vasútállomás", "menetido_vasut_gyalog_perc": 30.8, "tavolsag_park_m": 1806, "legkozelebbi_park": "Népliget", "tavolsag_park_halozati_m": 2923, "legkozelebbi_park_halozati": "Népliget", "menetido_park_gyalog_perc": 39.0, "tavolsag_belvaros_m": 6183, "tavolsag_belvaros_halozati_m": 6476, "kerulo_faktor_belvaros": 1.05, "menetido_belvaros_gyalog_perc": 86.3}}, {"type": "Feature", "geometry": {"type": "Point", "coordinates": [19.142693, 47.49801]}, "properties": {"listing_id": "35555285", "listing_type": "kiado", "url": "https://ingatlan.com/35555285", "title": "Kiadó panel lakás - Budapest X. kerület, Gyógyszergyári utca 8. #35555285", "postal_code": "1106", "street_address": "Budapest X. kerület, Gyógyszergyári utca 8.", "city": "Budapest", "lat_jsonld": 47.49801, "lon_jsonld": 19.142693, "rooms_json": 2, "area_m2_json": 43.0, "year_built_json": 2026, "price_currency": "HUF", "price_huf": 260000, "allapot": "új építésű", "epites_eve_raw": "2026", "komfort": "nincs megadva", "emelet_raw": "nincs megadva", "epulet_szintjei_raw": "nincs megadva", "lift": "van", "belmagassag_raw": "nincs megadva", "klima": "nincs megadva", "akadalymentesitett": "nincs megadva", "furdo_wc": "egy helyiségben", "tajolas": "nincs megadva", "kilatas": "panorámás", "erkely_raw": "11 m2", "kertkapcsolatos": "nincs megadva", "parkolas": "teremgarázs hely", "parkolohely_ara": "", "rezsikoltseg_raw": "nincs megadva", "kozos_koltseg_raw": "nincs megadva", "futes": "házközponti egyedi méréssel, padlófűtés", "szigeteles": "van", "energetikai_tanusitvany": "nincs megadva", "tetoter": "nincs megadva", "panelprogram": "nincs megadva", "butorozott": "részben", "gepesitett": "nincs megadva", "kisallat": "nem hozható", "dohanyzas": "nincs megadva", "min_berleti_ido": "nincs megadva", "koltozheto": "nincs megadva", "kaucio_raw": "", "alapterulet_nm": 43.0, "ar_ezer_ft_ho": 260.0, "ar_millio_ft": null, "nm_ar_huf": 6047, "emelet": "nincs megadva", "emelet_szam": null, "epulet_szintjei_szam": null, "erkely_nm": 11.0, "kozos_koltseg_huf": null, "rezsikoltseg_huf": null, "epites_eve": 2026, "epites_eve_kategoria": "2020 után (új építésű)", "leiras_hossz": 369, "utca": "Gyógyszergyári utca", "hazszam_eredeti": "8", "hazszam_nlp": "", "hazszam_vegleges": "8", "cim_teljes": "Budapest X. kerület, Gyógyszergyári utca 8.", "szobaszam_egesz": 2, "szobaszam_fel": 0, "szobaszam_osszes": 2.0, "varosresz": "Felsőrákos", "ingatlan_altipus": "Panel lakás", "hirdeto_neve": "Lépj kapcsolatba a hirdetővel", "iroda_neve": "", "hirdeto_tipus": "Ingatlaniroda", "fenykepek_szama": 4, "geokodolt_lat": 47.49801, "geokodolt_lon": 19.142693, "geokodolas_modszere": "jsonld_agency_exact", "geokodolas_pontossag": "A_agency_exact", "eov_y": 658253.81, "eov_x": 245225.27, "tavolsag_mazsa_m": 1615, "tavolsag_mazsa_halozati_m": 3243, "kerulo_faktor_mazsa": 2.01, "menetido_mazsa_gyalog_perc": 43.2, "tavolsag_metro_m": 724, "legkozelebbi_metro": "M2 Örs vezér tere", "tavolsag_metro_halozati_m": 1821, "legkozelebbi_metro_halozati": "M2 Örs vezér tere", "menetido_metro_gyalog_perc": 24.3, "tavolsag_vasut_m": 889, "legkozelebbi_vasut": "Kőbánya felső vasútállomás", "tavolsag_vasut_halozati_m": 2388, "legkozelebbi_vasut_halozati": "Rákos vasútállomás", "menetido_vasut_gyalog_perc": 31.8, "tavolsag_park_m": 1354, "legkozelebbi_park": "Rottenbiller park", "tavolsag_park_halozati_m": 2697, "legkozelebbi_park_halozati": "Rottenbiller park", "menetido_park_gyalog_perc": 36.0, "tavolsag_belvaros_m": 6656, "tavolsag_belvaros_halozati_m": 7710, "kerulo_faktor_belvaros": 1.16, "menetido_belvaros_gyalog_perc": 102.8}}, {"type": "Feature", "geometry": {"type": "Point", "coordinates": [19.144117, 47.497773]}, "properties": {"listing_id": "35566125", "listing_type": "kiado", "url": "https://ingatlan.com/35566125", "title": "Kiadó tégla lakás - Budapest X. kerület, Gyógyszergyári utca 12. #35566125", "postal_code": "1106", "street_address": "Budapest X. kerület, Gyógyszergyári utca 12.", "city": "Budapest", "lat_jsonld": 47.497773, "lon_jsonld": 19.144117, "rooms_json": 3, "area_m2_json": 62.0, "year_built_json": 2026, "price_currency": "HUF", "price_huf": 340000, "allapot": "új építésű", "epites_eve_raw": "2026", "komfort": "összkomfortos", "emelet_raw": "2", "epulet_szintjei_raw": "5", "lift": "van", "belmagassag_raw": "3 m-nél alacsonyabb", "klima": "van", "akadalymentesitett": "igen", "furdo_wc": "külön helyiségben", "tajolas": "dél", "kilatas": "utcai", "erkely_raw": "16 m2", "kertkapcsolatos": "nem", "parkolas": "utca, közterület - ingyenes", "parkolohely_ara": "", "rezsikoltseg_raw": "nincs megadva", "kozos_koltseg_raw": "40 000 Ft/hó", "futes": "távfűtés egyedi méréssel, hűtő-fűtő klíma, padlófűtés", "szigeteles": "van - 15 cm", "energetikai_tanusitvany": "A+", "tetoter": "nem tetőtéri", "panelprogram": "", "butorozott": "igen", "gepesitett": "igen", "kisallat": "nem hozható", "dohanyzas": "megengedett", "min_berleti_ido": "12 hónap", "koltozheto": "2026. október", "kaucio_raw": "", "alapterulet_nm": 62.0, "ar_ezer_ft_ho": 340.0, "ar_millio_ft": null, "nm_ar_huf": 5484, "emelet": "2", "emelet_szam": 2.0, "epulet_szintjei_szam": 5.0, "erkely_nm": 16.0, "kozos_koltseg_huf": 40000, "rezsikoltseg_huf": null, "epites_eve": 2026, "epites_eve_kategoria": "2020 után (új építésű)", "leiras_hossz": 2257, "utca": "Gyógyszergyári utca", "hazszam_eredeti": "12", "hazszam_nlp": "", "hazszam_vegleges": "12", "cim_teljes": "Budapest X. kerület, Gyógyszergyári utca 12.", "szobaszam_egesz": 3, "szobaszam_fel": 0, "szobaszam_osszes": 3.0, "varosresz": "Felsőrákos", "ingatlan_altipus": "Tégla lakás", "hirdeto_neve": "Lépj kapcsolatba a hirdetővel", "iroda_neve": "", "hirdeto_tipus": "Ingatlaniroda", "fenykepek_szama": 2, "geokodolt_lat": 47.497773, "geokodolt_lon": 19.144117, "geokodolas_modszere": "jsonld_agency_exact", "geokodolas_pontossag": "A_agency_exact", "eov_y": 658377.27, "eov_x": 245195.17, "tavolsag_mazsa_m": 1663, "tavolsag_mazsa_halozati_m": 3141, "kerulo_faktor_mazsa": 1.89, "menetido_mazsa_gyalog_perc": 41.9, "tavolsag_metro_m": 816, "legkozelebbi_metro": "M2 Örs vezér tere", "tavolsag_metro_halozati_m": 1719, "legkozelebbi_metro_halozati": "M2 Örs vezér tere", "menetido_metro_gyalog_perc": 22.9, "tavolsag_vasut_m": 924, "legkozelebbi_vasut": "Kőbánya felső vasútállomás", "tavolsag_vasut_halozati_m": 2286, "legkozelebbi_vasut_halozati": "Rákos vasútállomás", "menetido_vasut_gyalog_perc": 30.5, "tavolsag_park_m": 1380, "legkozelebbi_park": "Rottenbiller park", "tavolsag_park_halozati_m": 2595, "legkozelebbi_park_halozati": "Rottenbiller park", "menetido_park_gyalog_perc": 34.6, "tavolsag_belvaros_m": 6763, "tavolsag_belvaros_halozati_m": 7715, "kerulo_faktor_belvaros": 1.14, "menetido_belvaros_gyalog_perc": 102.9}}, {"type": "Feature", "geometry": {"type": "Point", "coordinates": [19.102576, 47.474448]}, "properties": {"listing_id": "35566892", "listing_type": "kiado", "url": "https://ingatlan.com/35566892", "title": "Kiadó tégla lakás - Budapest X. kerület, Üllői út 126. #35566892", "postal_code": "1101", "street_address": "Budapest X. kerület, Üllői út 126.", "city": "Budapest", "lat_jsonld": 47.474448, "lon_jsonld": 19.102576, "rooms_json": 2, "area_m2_json": 59.0, "year_built_json": null, "price_currency": "HUF", "price_huf": 250000, "allapot": "nincs megadva", "epites_eve_raw": "nincs megadva", "komfort": "nincs megadva", "emelet_raw": "nincs megadva", "epulet_szintjei_raw": "nincs megadva", "lift": "nincs megadva", "belmagassag_raw": "nincs megadva", "klima": "nincs megadva", "akadalymentesitett": "nincs megadva", "furdo_wc": "nincs megadva", "tajolas": "nincs megadva", "kilatas": "nincs megadva", "erkely_raw": "5 m2", "kertkapcsolatos": "nincs megadva", "parkolas": "nincs megadva", "parkolohely_ara": "", "rezsikoltseg_raw": "nincs megadva", "kozos_koltseg_raw": "nincs megadva", "futes": "nincs megadva", "szigeteles": "nincs megadva", "energetikai_tanusitvany": "nincs megadva", "tetoter": "nincs megadva", "panelprogram": "", "butorozott": "nincs megadva", "gepesitett": "nincs megadva", "kisallat": "nincs megadva", "dohanyzas": "nincs megadva", "min_berleti_ido": "nincs megadva", "koltozheto": "nincs megadva", "kaucio_raw": "", "alapterulet_nm": 59.0, "ar_ezer_ft_ho": 250.0, "ar_millio_ft": null, "nm_ar_huf": 4237, "emelet": "nincs megadva", "emelet_szam": null, "epulet_szintjei_szam": null, "erkely_nm": 5.0, "kozos_koltseg_huf": null, "rezsikoltseg_huf": null, "epites_eve": null, "epites_eve_kategoria": "Nem ismert", "leiras_hossz": 1818, "utca": "Üllői út", "hazszam_eredeti": "126", "hazszam_nlp": "", "hazszam_vegleges": "126", "cim_teljes": "Budapest X. kerület, Üllői út 126.", "szobaszam_egesz": 2, "szobaszam_fel": 0, "szobaszam_osszes": 2.0, "varosresz": "Kőbánya egyéb", "ingatlan_altipus": "Tégla lakás", "hirdeto_neve": "Lépj kapcsolatba a hirdetővel", "iroda_neve": "", "hirdeto_tipus": "Ingatlaniroda", "fenykepek_szama": 2, "geokodolt_lat": 47.474448, "geokodolt_lon": 19.102576, "geokodolas_modszere": "jsonld_agency_exact", "geokodolas_pontossag": "A_agency_exact", "eov_y": 654779.92, "eov_x": 242207.47, "tavolsag_mazsa_m": 2427, "tavolsag_mazsa_halozati_m": 3426, "kerulo_faktor_mazsa": 1.41, "menetido_mazsa_gyalog_perc": 45.7, "tavolsag_metro_m": 173, "legkozelebbi_metro": "M3 Népliget", "tavolsag_metro_halozati_m": 627, "legkozelebbi_metro_halozati": "M3 Népliget", "menetido_metro_gyalog_perc": 8.4, "tavolsag_vasut_m": 2240, "legkozelebbi_vasut": "Kőbánya alsó vasútállomás", "tavolsag_vasut_halozati_m": 3279, "legkozelebbi_vasut_halozati": "Kőbánya alsó vasútállomás", "menetido_vasut_gyalog_perc": 43.7, "tavolsag_park_m": 173, "legkozelebbi_park": "Népliget", "tavolsag_park_halozati_m": 627, "legkozelebbi_park_halozati": "Népliget", "menetido_park_gyalog_perc": 8.4, "tavolsag_belvaros_m": 4480, "tavolsag_belvaros_halozati_m": 5202, "kerulo_faktor_belvaros": 1.16, "menetido_belvaros_gyalog_perc": 69.4}}, {"type": "Feature", "geometry": {"type": "Point", "coordinates": [19.121189, 47.470795]}, "properties": {"listing_id": "35573553", "listing_type": "kiado", "url": "https://ingatlan.com/35573553", "title": "Kiadó tégla lakás - Budapest X. kerület, Gém utca 4. #35573553", "postal_code": "1107", "street_address": "Budapest X. kerület, Gém utca 4.", "city": "Budapest", "lat_jsonld": 47.470795, "lon_jsonld": 19.121189, "rooms_json": 2, "area_m2_json": 44.0, "year_built_json": 2019, "price_currency": "HUF", "price_huf": 280000, "allapot": "újszerű", "epites_eve_raw": "2019", "komfort": "duplakomfortos", "emelet_raw": "2", "epulet_szintjei_raw": "7", "lift": "van", "belmagassag_raw": "3 m-nél alacsonyabb", "klima": "van", "akadalymentesitett": "igen", "furdo_wc": "külön helyiségben", "tajolas": "kelet", "kilatas": "utcai", "erkely_raw": "5 m2", "kertkapcsolatos": "nem", "parkolas": "teremgarázs hely - bérelhető", "parkolohely_ara": "30 000 000 Ft/hó", "rezsikoltseg_raw": "nincs megadva", "kozos_koltseg_raw": "257 000 Ft/hó", "futes": "házközponti egyedi méréssel", "szigeteles": "van - 15 cm", "energetikai_tanusitvany": "nincs megadva", "tetoter": "nem tetőtéri", "panelprogram": "", "butorozott": "igen", "gepesitett": "igen", "kisallat": "nem hozható", "dohanyzas": "nem megengedett", "min_berleti_ido": "12 hónap", "koltozheto": "azonnal", "kaucio_raw": "", "alapterulet_nm": 44.0, "ar_ezer_ft_ho": 280.0, "ar_millio_ft": null, "nm_ar_huf": 6364, "emelet": "2", "emelet_szam": 2.0, "epulet_szintjei_szam": 7.0, "erkely_nm": 5.0, "kozos_koltseg_huf": 257000, "rezsikoltseg_huf": null, "epites_eve": 2019, "epites_eve_kategoria": "2000-2019 (újszerű)", "leiras_hossz": 1534, "utca": "Gém utca", "hazszam_eredeti": "4", "hazszam_nlp": "", "hazszam_vegleges": "4", "cim_teljes": "Budapest X. kerület, Gém utca 4.", "szobaszam_egesz": 2, "szobaszam_fel": 0, "szobaszam_osszes": 2.0, "varosresz": "Gyárdűlő", "ingatlan_altipus": "Tégla lakás", "hirdeto_neve": "Lépj kapcsolatba a hirdetővel", "iroda_neve": "", "hirdeto_tipus": "Magánszemély", "fenykepek_szama": 2, "geokodolt_lat": 47.470795, "geokodolt_lon": 19.121189, "geokodolas_modszere": "jsonld_agency_exact", "geokodolas_pontossag": "A_agency_exact", "eov_y": 656394.59, "eov_x": 241742.05, "tavolsag_mazsa_m": 1863, "tavolsag_mazsa_halozati_m": 2475, "kerulo_faktor_mazsa": 1.33, "menetido_mazsa_gyalog_perc": 33.0, "tavolsag_metro_m": 474, "legkozelebbi_metro": "M3 Ecseri út", "tavolsag_metro_halozati_m": 718, "legkozelebbi_metro_halozati": "M3 Ecseri út", "menetido_metro_gyalog_perc": 9.6, "tavolsag_vasut_m": 1703, "legkozelebbi_vasut": "Kőbánya alsó vasútállomás", "tavolsag_vasut_halozati_m": 2329, "legkozelebbi_vasut_halozati": "Kőbánya alsó vasútállomás", "menetido_vasut_gyalog_perc": 31.1, "tavolsag_park_m": 1519, "legkozelebbi_park": "Népliget", "tavolsag_park_halozati_m": 2443, "legkozelebbi_park_halozati": "Népliget", "menetido_park_gyalog_perc": 32.6, "tavolsag_belvaros_m": 5874, "tavolsag_belvaros_halozati_m": 6470, "kerulo_faktor_belvaros": 1.1, "menetido_belvaros_gyalog_perc": 86.3}}, {"type": "Feature", "geometry": {"type": "Point", "coordinates": [19.161282, 47.48039]}, "properties": {"listing_id": "35575455", "listing_type": "kiado", "url": "https://ingatlan.com/35575455", "title": "Kiadó tégla lakás - Budapest X. kerület, Maglódi út 75. #35575455", "postal_code": "1106", "street_address": "Budapest X. kerület, Maglódi út 75.", "city": "Budapest", "lat_jsonld": 47.48039, "lon_jsonld": 19.161282, "rooms_json": 2, "area_m2_json": 59.0, "year_built_json": null, "price_currency": "HUF", "price_huf": 250000, "allapot": "felújított", "epites_eve_raw": "nincs megadva", "komfort": "nincs megadva", "emelet_raw": "3", "epulet_szintjei_raw": "nincs megadva", "lift": "nincs megadva", "belmagassag_raw": "nincs megadva", "klima": "van", "akadalymentesitett": "nincs megadva", "furdo_wc": "nincs megadva", "tajolas": "nincs megadva", "kilatas": "nincs megadva", "erkely_raw": "2 m2", "kertkapcsolatos": "nincs megadva", "parkolas": "önálló garázs - benne van az árban", "parkolohely_ara": "", "rezsikoltseg_raw": "nincs megadva", "kozos_koltseg_raw": "nincs megadva", "futes": "nincs megadva", "szigeteles": "nincs megadva", "energetikai_tanusitvany": "nincs megadva", "tetoter": "nincs megadva", "panelprogram": "", "butorozott": "nincs megadva", "gepesitett": "nincs megadva", "kisallat": "nincs megadva", "dohanyzas": "nincs megadva", "min_berleti_ido": "12 hónap", "koltozheto": "nincs megadva", "kaucio_raw": "", "alapterulet_nm": 59.0, "ar_ezer_ft_ho": 250.0, "ar_millio_ft": null, "nm_ar_huf": 4237, "emelet": "3", "emelet_szam": 3.0, "epulet_szintjei_szam": null, "erkely_nm": 2.0, "kozos_koltseg_huf": null, "rezsikoltseg_huf": null, "epites_eve": null, "epites_eve_kategoria": "Nem ismert", "leiras_hossz": 933, "utca": "Maglódi út", "hazszam_eredeti": "75", "hazszam_nlp": "", "hazszam_vegleges": "75", "cim_teljes": "Budapest X. kerület, Maglódi út 75.", "szobaszam_egesz": 2, "szobaszam_fel": 0, "szobaszam_osszes": 2.0, "varosresz": "Óhegy", "ingatlan_altipus": "Tégla lakás", "hirdeto_neve": "Lépj kapcsolatba a hirdetővel", "iroda_neve": "", "hirdeto_tipus": "Ingatlaniroda", "fenykepek_szama": 2, "geokodolt_lat": 47.48039, "geokodolt_lon": 19.161282, "geokodolas_modszere": "jsonld_agency_exact", "geokodolas_pontossag": "A_agency_exact", "eov_y": 659869.26, "eov_x": 242974.85, "tavolsag_mazsa_m": 2493, "tavolsag_mazsa_halozati_m": 3466, "kerulo_faktor_mazsa": 1.39, "menetido_mazsa_gyalog_perc": 46.2, "tavolsag_metro_m": 2176, "legkozelebbi_metro": "M3 Kőbánya-Kispest", "tavolsag_metro_halozati_m": 3391, "legkozelebbi_metro_halozati": "M2 Örs vezér tere", "menetido_metro_gyalog_perc": 45.2, "tavolsag_vasut_m": 2005, "legkozelebbi_vasut": "Rákos vasútállomás", "tavolsag_vasut_halozati_m": 2963, "legkozelebbi_vasut_halozati": "Kőbánya felső vasútállomás", "menetido_vasut_gyalog_perc": 39.5, "tavolsag_park_m": 1020, "legkozelebbi_park": "Óhegy park", "tavolsag_park_halozati_m": 1395, "legkozelebbi_park_halozati": "Óhegy park", "menetido_park_gyalog_perc": 18.6, "tavolsag_belvaros_m": 8285, "tavolsag_belvaros_halozati_m": 10613, "kerulo_faktor_belvaros": 1.28, "menetido_belvaros_gyalog_perc": 141.5}}, {"type": "Feature", "geometry": {"type": "Point", "coordinates": [19.142164, 47.50283]}, "properties": {"listing_id": "35575651", "listing_type": "kiado", "url": "https://ingatlan.com/35575651", "title": "Kiadó panel lakás - Budapest X. kerület, Gyakorló köz 5. #35575651", "postal_code": "1106", "street_address": "Budapest X. kerület, Gyakorló köz 5.", "city": "Budapest", "lat_jsonld": 47.50283, "lon_jsonld": 19.142164, "rooms_json": 2, "area_m2_json": 53.0, "year_built_json": null, "price_currency": "HUF", "price_huf": 240000, "allapot": "nincs megadva", "epites_eve_raw": "nincs megadva", "komfort": "nincs megadva", "emelet_raw": "nincs megadva", "epulet_szintjei_raw": "nincs megadva", "lift": "nincs megadva", "belmagassag_raw": "nincs megadva", "klima": "nincs megadva", "akadalymentesitett": "nincs megadva", "furdo_wc": "nincs megadva", "tajolas": "nincs megadva", "kilatas": "nincs megadva", "erkely_raw": "3 m2", "kertkapcsolatos": "nincs megadva", "parkolas": "nincs megadva", "parkolohely_ara": "", "rezsikoltseg_raw": "nincs megadva", "kozos_koltseg_raw": "nincs megadva", "futes": "nincs megadva", "szigeteles": "nincs megadva", "energetikai_tanusitvany": "nincs megadva", "tetoter": "nincs megadva", "panelprogram": "nincs megadva", "butorozott": "nincs megadva", "gepesitett": "nincs megadva", "kisallat": "nincs megadva", "dohanyzas": "nincs megadva", "min_berleti_ido": "nincs megadva", "koltozheto": "nincs megadva", "kaucio_raw": "", "alapterulet_nm": 53.0, "ar_ezer_ft_ho": 240.0, "ar_millio_ft": null, "nm_ar_huf": 4528, "emelet": "nincs megadva", "emelet_szam": null, "epulet_szintjei_szam": null, "erkely_nm": 3.0, "kozos_koltseg_huf": null, "rezsikoltseg_huf": null, "epites_eve": null, "epites_eve_kategoria": "Nem ismert", "leiras_hossz": 1295, "utca": "Gyakorló köz", "hazszam_eredeti": "5", "hazszam_nlp": "", "hazszam_vegleges": "5", "cim_teljes": "Budapest X. kerület, Gyakorló köz 5.", "szobaszam_egesz": 2, "szobaszam_fel": 0, "szobaszam_osszes": 2.0, "varosresz": "Felsőrákos", "ingatlan_altipus": "Panel lakás", "hirdeto_neve": "Lépj kapcsolatba a hirdetővel", "iroda_neve": "", "hirdeto_tipus": "Ingatlaniroda", "fenykepek_szama": 2, "geokodolt_lat": 47.50283, "geokodolt_lon": 19.142164, "geokodolas_modszere": "jsonld_agency_exact", "geokodolas_pontossag": "A_agency_exact", "eov_y": 658206.95, "eov_x": 245841.55, "tavolsag_mazsa_m": 2044, "tavolsag_mazsa_halozati_m": 3226, "kerulo_faktor_mazsa": 1.58, "menetido_mazsa_gyalog_perc": 43.0, "tavolsag_metro_m": 426, "legkozelebbi_metro": "M2 Örs vezér tere", "tavolsag_metro_halozati_m": 594, "legkozelebbi_metro_halozati": "M2 Örs vezér tere", "menetido_metro_gyalog_perc": 7.9, "tavolsag_vasut_m": 1371, "legkozelebbi_vasut": "Kőbánya felső vasútállomás", "tavolsag_vasut_halozati_m": 2424, "legkozelebbi_vasut_halozati": "Rákos vasútállomás", "menetido_vasut_gyalog_perc": 32.3, "tavolsag_park_m": 1841, "legkozelebbi_park": "Rottenbiller park", "tavolsag_park_halozati_m": 2680, "legkozelebbi_park_halozati": "Rottenbiller park", "menetido_park_gyalog_perc": 35.7, "tavolsag_belvaros_m": 6638, "tavolsag_belvaros_halozati_m": 7070, "kerulo_faktor_belvaros": 1.07, "menetido_belvaros_gyalog_perc": 94.3}}, {"type": "Feature", "geometry": {"type": "Point", "coordinates": [19.139864, 47.497327]}, "properties": {"listing_id": "35578446", "listing_type": "kiado", "url": "https://ingatlan.com/35578446", "title": "Kiadó tégla lakás - Budapest X. kerület, Gyógyszergyári utca 10. #35578446", "postal_code": "1106", "street_address": "Budapest X. kerület, Gyógyszergyári utca 10.", "city": "Budapest", "lat_jsonld": 47.497327, "lon_jsonld": 19.139864, "rooms_json": 1, "area_m2_json": 36.0, "year_built_json": 2026, "price_currency": "HUF", "price_huf": 250000, "allapot": "új építésű", "epites_eve_raw": "2026", "komfort": "nincs megadva", "emelet_raw": "1", "epulet_szintjei_raw": "8", "lift": "van", "belmagassag_raw": "nincs megadva", "klima": "van", "akadalymentesitett": "nincs megadva", "furdo_wc": "nincs megadva", "tajolas": "nincs megadva", "kilatas": "nincs megadva", "erkely_raw": "11 m2", "kertkapcsolatos": "nincs megadva", "parkolas": "teremgarázs hely - kötelező megvenni", "parkolohely_ara": "nincs megadva", "rezsikoltseg_raw": "5 000 Ft/hó", "kozos_koltseg_raw": "40 000 Ft/hó", "futes": "távfűtés", "szigeteles": "van - 15 cm", "energetikai_tanusitvany": "nincs megadva", "tetoter": "nincs megadva", "panelprogram": "", "butorozott": "igen", "gepesitett": "igen", "kisallat": "nem hozható", "dohanyzas": "nem megengedett", "min_berleti_ido": "12 hónap", "koltozheto": "azonnal", "kaucio_raw": "", "alapterulet_nm": 36.0, "ar_ezer_ft_ho": 250.0, "ar_millio_ft": null, "nm_ar_huf": 6944, "emelet": "1", "emelet_szam": 1.0, "epulet_szintjei_szam": 8.0, "erkely_nm": 11.0, "kozos_koltseg_huf": 40000, "rezsikoltseg_huf": 5000, "epites_eve": 2026, "epites_eve_kategoria": "2020 után (új építésű)", "leiras_hossz": 1969, "utca": "Gyógyszergyári utca", "hazszam_eredeti": "10", "hazszam_nlp": "", "hazszam_vegleges": "10", "cim_teljes": "Budapest X. kerület, Gyógyszergyári utca 10.", "szobaszam_egesz": 1, "szobaszam_fel": 0, "szobaszam_osszes": 1.0, "varosresz": "Felsőrákos", "ingatlan_altipus": "Tégla lakás", "hirdeto_neve": "Lépj kapcsolatba a hirdetővel", "iroda_neve": "", "hirdeto_tipus": "Ingatlaniroda", "fenykepek_szama": 4, "geokodolt_lat": 47.497327, "geokodolt_lon": 19.139864, "geokodolas_modszere": "jsonld_agency_exact", "geokodolas_pontossag": "A_agency_exact", "eov_y": 658008.77, "eov_x": 245137.53, "tavolsag_mazsa_m": 1429, "tavolsag_mazsa_halozati_m": 2261, "kerulo_faktor_mazsa": 1.58, "menetido_mazsa_gyalog_perc": 30.2, "tavolsag_metro_m": 680, "legkozelebbi_metro": "M2 Örs vezér tere", "tavolsag_metro_halozati_m": 839, "legkozelebbi_metro_halozati": "M2 Örs vezér tere", "menetido_metro_gyalog_perc": 11.2, "tavolsag_vasut_m": 736, "legkozelebbi_vasut": "Kőbánya felső vasútállomás", "tavolsag_vasut_halozati_m": 1759, "legkozelebbi_vasut_halozati": "Kőbánya felső vasútállomás", "menetido_vasut_gyalog_perc": 23.4, "tavolsag_park_m": 1205, "legkozelebbi_park": "Rottenbiller park", "tavolsag_park_halozati_m": 1715, "legkozelebbi_park_halozati": "Rottenbiller park", "menetido_park_gyalog_perc": 22.9, "tavolsag_belvaros_m": 6443, "tavolsag_belvaros_halozati_m": 7390, "kerulo_faktor_belvaros": 1.15, "menetido_belvaros_gyalog_perc": 98.5}}, {"type": "Feature", "geometry": {"type": "Point", "coordinates": [19.140757, 47.498139]}, "properties": {"listing_id": "35580349", "listing_type": "kiado", "url": "https://ingatlan.com/35580349", "title": "Kiadó tégla lakás - Budapest X. kerület, Gyógyszergyári utca #35580349", "postal_code": "1106", "street_address": "Budapest X. kerület, Gyógyszergyári utca", "city": "Budapest", "lat_jsonld": null, "lon_jsonld": null, "rooms_json": 5, "area_m2_json": 102.0, "year_built_json": 2026, "price_currency": "HUF", "price_huf": 650000, "allapot": "új építésű", "epites_eve_raw": "2026", "komfort": "összkomfortos", "emelet_raw": "6", "epulet_szintjei_raw": "6", "lift": "van", "belmagassag_raw": "3 m-nél magasabb", "klima": "van", "akadalymentesitett": "nincs megadva", "furdo_wc": "külön helyiségben", "tajolas": "nincs megadva", "kilatas": "panorámás", "erkely_raw": "90 m2", "kertkapcsolatos": "nincs megadva", "parkolas": "teremgarázs hely - bérelhető", "parkolohely_ara": "30 000 Ft/hó", "rezsikoltseg_raw": "nincs megadva", "kozos_koltseg_raw": "nincs megadva", "futes": "nincs megadva", "szigeteles": "nincs megadva", "energetikai_tanusitvany": "A++", "tetoter": "tetőtéri", "panelprogram": "", "butorozott": "nem", "gepesitett": "nincs megadva", "kisallat": "hozható", "dohanyzas": "nem megengedett", "min_berleti_ido": "nincs megadva", "koltozheto": "azonnal", "kaucio_raw": "", "alapterulet_nm": 102.0, "ar_ezer_ft_ho": 650.0, "ar_millio_ft": null, "nm_ar_huf": 6373, "emelet": "6", "emelet_szam": 6.0, "epulet_szintjei_szam": 6.0, "erkely_nm": 90.0, "kozos_koltseg_huf": null, "rezsikoltseg_huf": null, "epites_eve": 2026, "epites_eve_kategoria": "2020 után (új építésű)", "leiras_hossz": 1546, "utca": "Gyógyszergyári utca", "hazszam_eredeti": "", "hazszam_nlp": "6", "hazszam_vegleges": "6", "cim_teljes": "Budapest X. kerület, Gyógyszergyári utca 6.", "szobaszam_egesz": 5, "szobaszam_fel": 0, "szobaszam_osszes": 5.0, "varosresz": "Felsőrákos", "ingatlan_altipus": "Tégla lakás", "hirdeto_neve": "Lépj kapcsolatba a hirdetővel", "iroda_neve": "", "hirdeto_tipus": "Ingatlaniroda", "fenykepek_szama": 2, "geokodolt_lat": 47.498139, "geokodolt_lon": 19.140757, "geokodolas_modszere": "exact_building_rooftop", "geokodolas_pontossag": "A_building_rooftop", "eov_y": 658086.0, "eov_x": 245241.49, "tavolsag_mazsa_m": 1541, "tavolsag_mazsa_halozati_m": 3504, "kerulo_faktor_mazsa": 2.27, "menetido_mazsa_gyalog_perc": 46.7, "tavolsag_metro_m": 628, "legkozelebbi_metro": "M2 Örs vezér tere", "tavolsag_metro_halozati_m": 2082, "legkozelebbi_metro_halozati": "M2 Örs vezér tere", "menetido_metro_gyalog_perc": 27.8, "tavolsag_vasut_m": 843, "legkozelebbi_vasut": "Kőbánya felső vasútállomás", "tavolsag_vasut_halozati_m": 2649, "legkozelebbi_vasut_halozati": "Rákos vasútállomás", "menetido_vasut_gyalog_perc": 35.3, "tavolsag_park_m": 1312, "legkozelebbi_park": "Rottenbiller park", "tavolsag_park_halozati_m": 2958, "legkozelebbi_park_halozati": "Rottenbiller park", "menetido_park_gyalog_perc": 39.4, "tavolsag_belvaros_m": 6510, "tavolsag_belvaros_halozati_m": 7490, "kerulo_faktor_belvaros": 1.15, "menetido_belvaros_gyalog_perc": 99.9}}, {"type": "Feature", "geometry": {"type": "Point", "coordinates": [19.141041, 47.497833]}, "properties": {"listing_id": "35591870", "listing_type": "kiado", "url": "https://ingatlan.com/35591870", "title": "Kiadó csúsztatott zsalus - Budapest X. kerület, Gyógyszergyári utca 6. #35591870", "postal_code": "1106", "street_address": "Budapest X. kerület, Gyógyszergyári utca 6.", "city": "Budapest", "lat_jsonld": 47.497833, "lon_jsonld": 19.141041, "rooms_json": 2, "area_m2_json": 44.0, "year_built_json": 2026, "price_currency": "HUF", "price_huf": 280000, "allapot": "új építésű", "epites_eve_raw": "2026", "komfort": "összkomfortos", "emelet_raw": "5", "epulet_szintjei_raw": "7", "lift": "van", "belmagassag_raw": "3 m-nél alacsonyabb", "klima": "van", "akadalymentesitett": "igen", "furdo_wc": "egy helyiségben", "tajolas": "kelet", "kilatas": "udvari", "erkely_raw": "11 m2", "kertkapcsolatos": "nem", "parkolas": "teremgarázs hely - bérelhető", "parkolohely_ara": "nincs megadva", "rezsikoltseg_raw": "nincs megadva", "kozos_koltseg_raw": "nincs megadva", "futes": "távfűtés egyedi méréssel", "szigeteles": "nincs megadva", "energetikai_tanusitvany": "A+", "tetoter": "", "panelprogram": "", "butorozott": "igen", "gepesitett": "igen", "kisallat": "nem hozható", "dohanyzas": "nem megengedett", "min_berleti_ido": "nincs megadva", "koltozheto": "nincs megadva", "kaucio_raw": "", "alapterulet_nm": 44.0, "ar_ezer_ft_ho": 280.0, "ar_millio_ft": null, "nm_ar_huf": 6364, "emelet": "5", "emelet_szam": 5.0, "epulet_szintjei_szam": 7.0, "erkely_nm": 11.0, "kozos_koltseg_huf": null, "rezsikoltseg_huf": null, "epites_eve": 2026, "epites_eve_kategoria": "2020 után (új építésű)", "leiras_hossz": 484, "utca": "Gyógyszergyári utca", "hazszam_eredeti": "6", "hazszam_nlp": "", "hazszam_vegleges": "6", "cim_teljes": "Budapest X. kerület, Gyógyszergyári utca 6.", "szobaszam_egesz": 2, "szobaszam_fel": 0, "szobaszam_osszes": 2.0, "varosresz": "Felsőrákos", "ingatlan_altipus": "Csúsztatott zsalus lakás", "hirdeto_neve": "Lépj kapcsolatba a hirdetővel", "iroda_neve": "", "hirdeto_tipus": "Ingatlaniroda", "fenykepek_szama": 2, "geokodolt_lat": 47.497833, "geokodolt_lon": 19.141041, "geokodolas_modszere": "jsonld_agency_exact", "geokodolas_pontossag": "A_agency_exact", "eov_y": 658110.67, "eov_x": 245202.4, "tavolsag_mazsa_m": 1525, "tavolsag_mazsa_halozati_m": 3367, "kerulo_faktor_mazsa": 2.21, "menetido_mazsa_gyalog_perc": 44.9, "tavolsag_metro_m": 668, "legkozelebbi_metro": "M2 Örs vezér tere", "tavolsag_metro_halozati_m": 1945, "legkozelebbi_metro_halozati": "M2 Örs vezér tere", "menetido_metro_gyalog_perc": 25.9, "tavolsag_vasut_m": 818, "legkozelebbi_vasut": "Kőbánya felső vasútállomás", "tavolsag_vasut_halozati_m": 2513, "legkozelebbi_vasut_halozati": "Rákos vasútállomás", "menetido_vasut_gyalog_perc": 33.5, "tavolsag_park_m": 1287, "legkozelebbi_park": "Rottenbiller park", "tavolsag_park_halozati_m": 2821, "legkozelebbi_park_halozati": "Rottenbiller park", "menetido_park_gyalog_perc": 37.6, "tavolsag_belvaros_m": 6531, "tavolsag_belvaros_halozati_m": 7506, "kerulo_faktor_belvaros": 1.15, "menetido_belvaros_gyalog_perc": 100.1}}, {"type": "Feature", "geometry": {"type": "Point", "coordinates": [19.142693, 47.49801]}, "properties": {"listing_id": "35592074", "listing_type": "kiado", "url": "https://ingatlan.com/35592074", "title": "Kiadó tégla lakás - Budapest X. kerület, Gyógyszergyári utca 8. #35592074", "postal_code": "1106", "street_address": "Budapest X. kerület, Gyógyszergyári utca 8.", "city": "Budapest", "lat_jsonld": 47.49801, "lon_jsonld": 19.142693, "rooms_json": 2, "area_m2_json": 54.0, "year_built_json": 2026, "price_currency": "HUF", "price_huf": 295000, "allapot": "nincs megadva", "epites_eve_raw": "2026", "komfort": "nincs megadva", "emelet_raw": "4", "epulet_szintjei_raw": "6", "lift": "van", "belmagassag_raw": "nincs megadva", "klima": "van", "akadalymentesitett": "nincs megadva", "furdo_wc": "külön helyiségben", "tajolas": "nincs megadva", "kilatas": "udvari", "erkely_raw": "10 m2", "kertkapcsolatos": "nincs megadva", "parkolas": "teremgarázs hely", "parkolohely_ara": "", "rezsikoltseg_raw": "nincs megadva", "kozos_koltseg_raw": "nincs megadva", "futes": "távfűtés egyedi méréssel", "szigeteles": "nincs megadva", "energetikai_tanusitvany": "A+", "tetoter": "nem tetőtéri", "panelprogram": "", "butorozott": "nem", "gepesitett": "nem", "kisallat": "nincs megadva", "dohanyzas": "nem megengedett", "min_berleti_ido": "nincs megadva", "koltozheto": "nincs megadva", "kaucio_raw": "", "alapterulet_nm": 54.0, "ar_ezer_ft_ho": 295.0, "ar_millio_ft": null, "nm_ar_huf": 5463, "emelet": "4", "emelet_szam": 4.0, "epulet_szintjei_szam": 6.0, "erkely_nm": 10.0, "kozos_koltseg_huf": null, "rezsikoltseg_huf": null, "epites_eve": 2026, "epites_eve_kategoria": "2020 után (új építésű)", "leiras_hossz": 643, "utca": "Gyógyszergyári utca", "hazszam_eredeti": "8", "hazszam_nlp": "", "hazszam_vegleges": "8", "cim_teljes": "Budapest X. kerület, Gyógyszergyári utca 8.", "szobaszam_egesz": 2, "szobaszam_fel": 0, "szobaszam_osszes": 2.0, "varosresz": "Felsőrákos", "ingatlan_altipus": "Tégla lakás", "hirdeto_neve": "Lépj kapcsolatba a hirdetővel", "iroda_neve": "", "hirdeto_tipus": "Ingatlaniroda", "fenykepek_szama": 2, "geokodolt_lat": 47.49801, "geokodolt_lon": 19.142693, "geokodolas_modszere": "jsonld_agency_exact", "geokodolas_pontossag": "A_agency_exact", "eov_y": 658253.81, "eov_x": 245225.27, "tavolsag_mazsa_m": 1615, "tavolsag_mazsa_halozati_m": 3243, "kerulo_faktor_mazsa": 2.01, "menetido_mazsa_gyalog_perc": 43.2, "tavolsag_metro_m": 724, "legkozelebbi_metro": "M2 Örs vezér tere", "tavolsag_metro_halozati_m": 1821, "legkozelebbi_metro_halozati": "M2 Örs vezér tere", "menetido_metro_gyalog_perc": 24.3, "tavolsag_vasut_m": 889, "legkozelebbi_vasut": "Kőbánya felső vasútállomás", "tavolsag_vasut_halozati_m": 2388, "legkozelebbi_vasut_halozati": "Rákos vasútállomás", "menetido_vasut_gyalog_perc": 31.8, "tavolsag_park_m": 1354, "legkozelebbi_park": "Rottenbiller park", "tavolsag_park_halozati_m": 2697, "legkozelebbi_park_halozati": "Rottenbiller park", "menetido_park_gyalog_perc": 36.0, "tavolsag_belvaros_m": 6656, "tavolsag_belvaros_halozati_m": 7710, "kerulo_faktor_belvaros": 1.16, "menetido_belvaros_gyalog_perc": 102.8}}, {"type": "Feature", "geometry": {"type": "Point", "coordinates": [19.159915, 47.474578]}, "properties": {"listing_id": "35596595", "listing_type": "kiado", "url": "https://ingatlan.com/35596595", "title": "Kiadó csúsztatott zsalus - Budapest X. kerület, Harmat utca 160. #35596595", "postal_code": "1104", "street_address": "Budapest X. kerület, Harmat utca 160.", "city": "Budapest", "lat_jsonld": 47.474578, "lon_jsonld": 19.159915, "rooms_json": 2, "area_m2_json": 65.0, "year_built_json": 1981, "price_currency": "HUF", "price_huf": 249000, "allapot": "újszerű", "epites_eve_raw": "1981 és 2000 között", "komfort": "összkomfortos", "emelet_raw": "5", "epulet_szintjei_raw": "10", "lift": "van", "belmagassag_raw": "3 m-nél alacsonyabb", "klima": "van", "akadalymentesitett": "igen", "furdo_wc": "külön helyiségben", "tajolas": "délkelet", "kilatas": "panorámás", "erkely_raw": "10 m2", "kertkapcsolatos": "nincs megadva", "parkolas": "utca, közterület - ingyenes", "parkolohely_ara": "", "rezsikoltseg_raw": "25 000 Ft/hó", "kozos_koltseg_raw": "18 000 Ft/hó", "futes": "távfűtés", "szigeteles": "van", "energetikai_tanusitvany": "nincs megadva", "tetoter": "", "panelprogram": "", "butorozott": "részben", "gepesitett": "igen", "kisallat": "nem hozható", "dohanyzas": "nem megengedett", "min_berleti_ido": "12 hónap", "koltozheto": "azonnal", "kaucio_raw": "", "alapterulet_nm": 65.0, "ar_ezer_ft_ho": 249.0, "ar_millio_ft": null, "nm_ar_huf": 3831, "emelet": "5", "emelet_szam": 5.0, "epulet_szintjei_szam": 10.0, "erkely_nm": 10.0, "kozos_koltseg_huf": 18000, "rezsikoltseg_huf": 25000, "epites_eve": 19812000, "epites_eve_kategoria": "2020 után (új építésű)", "leiras_hossz": 2654, "utca": "Harmat utca", "hazszam_eredeti": "160", "hazszam_nlp": "160", "hazszam_vegleges": "160", "cim_teljes": "Budapest X. kerület, Harmat utca 160.", "szobaszam_egesz": 2, "szobaszam_fel": 0, "szobaszam_osszes": 2.0, "varosresz": "Óhegy", "ingatlan_altipus": "Csúsztatott zsalus lakás", "hirdeto_neve": "Lépj kapcsolatba a hirdetővel", "iroda_neve": "", "hirdeto_tipus": "Ingatlaniroda", "fenykepek_szama": 2, "geokodolt_lat": 47.474578, "geokodolt_lon": 19.159915, "geokodolas_modszere": "jsonld_agency_exact", "geokodolas_pontossag": "A_agency_exact", "eov_y": 659752.18, "eov_x": 242231.29, "tavolsag_mazsa_m": 2654, "tavolsag_mazsa_halozati_m": 3343, "kerulo_faktor_mazsa": 1.26, "menetido_mazsa_gyalog_perc": 44.6, "tavolsag_metro_m": 1568, "legkozelebbi_metro": "M3 Kőbánya-Kispest", "tavolsag_metro_halozati_m": 4058, "legkozelebbi_metro_halozati": "M3 Pöttyös utca", "menetido_metro_gyalog_perc": 54.1, "tavolsag_vasut_m": 1501, "legkozelebbi_vasut": "Kőbánya-Kispest vasútállomás", "tavolsag_vasut_halozati_m": 2943, "legkozelebbi_vasut_halozati": "Kőbánya felső vasútállomás", "menetido_vasut_gyalog_perc": 39.2, "tavolsag_park_m": 825, "legkozelebbi_park": "Sportliget / Újhegyi tó", "tavolsag_park_halozati_m": 990, "legkozelebbi_park_halozati": "Sportliget / Újhegyi tó", "menetido_park_gyalog_perc": 13.2, "tavolsag_belvaros_m": 8363, "tavolsag_belvaros_halozati_m": 10431, "kerulo_faktor_belvaros": 1.25, "menetido_belvaros_gyalog_perc": 139.1}}, {"type": "Feature", "geometry": {"type": "Point", "coordinates": [19.144117, 47.497773]}, "properties": {"listing_id": "35599991", "listing_type": "kiado", "url": "https://ingatlan.com/35599991", "title": "Kiadó tégla lakás - Budapest X. kerület, Gyógyszergyári utca 14. #35599991", "postal_code": "1106", "street_address": "Budapest X. kerület, Gyógyszergyári utca 14.", "city": "Budapest", "lat_jsonld": 47.497773, "lon_jsonld": 19.144117, "rooms_json": 2, "area_m2_json": 45.0, "year_built_json": 2026, "price_currency": "HUF", "price_huf": 250000, "allapot": "új építésű", "epites_eve_raw": "2026", "komfort": "luxus", "emelet_raw": "1", "epulet_szintjei_raw": "nincs megadva", "lift": "van", "belmagassag_raw": "nincs megadva", "klima": "van", "akadalymentesitett": "igen", "furdo_wc": "egy helyiségben", "tajolas": "nyugat", "kilatas": "nincs megadva", "erkely_raw": "11 m2", "kertkapcsolatos": "nincs megadva", "parkolas": "teremgarázs hely - bérelhető", "parkolohely_ara": "nincs megadva", "rezsikoltseg_raw": "nincs megadva", "kozos_koltseg_raw": "25 000 Ft/hó", "futes": "házközponti egyedi méréssel", "szigeteles": "van - 10 cm", "energetikai_tanusitvany": "nincs megadva", "tetoter": "nincs megadva", "panelprogram": "", "butorozott": "nem", "gepesitett": "igen", "kisallat": "hozható", "dohanyzas": "megengedett", "min_berleti_ido": "12 hónap", "koltozheto": "azonnal", "kaucio_raw": "", "alapterulet_nm": 45.0, "ar_ezer_ft_ho": 250.0, "ar_millio_ft": null, "nm_ar_huf": 5556, "emelet": "1", "emelet_szam": 1.0, "epulet_szintjei_szam": null, "erkely_nm": 11.0, "kozos_koltseg_huf": 25000, "rezsikoltseg_huf": null, "epites_eve": 2026, "epites_eve_kategoria": "2020 után (új építésű)", "leiras_hossz": 1455, "utca": "Gyógyszergyári utca", "hazszam_eredeti": "14", "hazszam_nlp": "", "hazszam_vegleges": "14", "cim_teljes": "Budapest X. kerület, Gyógyszergyári utca 14.", "szobaszam_egesz": 2, "szobaszam_fel": 0, "szobaszam_osszes": 2.0, "varosresz": "Felsőrákos", "ingatlan_altipus": "Tégla lakás", "hirdeto_neve": "Lépj kapcsolatba a hirdetővel", "iroda_neve": "", "hirdeto_tipus": "Ingatlaniroda", "fenykepek_szama": 4, "geokodolt_lat": 47.497773, "geokodolt_lon": 19.144117, "geokodolas_modszere": "jsonld_agency_exact", "geokodolas_pontossag": "A_agency_exact", "eov_y": 658377.27, "eov_x": 245195.17, "tavolsag_mazsa_m": 1663, "tavolsag_mazsa_halozati_m": 3141, "kerulo_faktor_mazsa": 1.89, "menetido_mazsa_gyalog_perc": 41.9, "tavolsag_metro_m": 816, "legkozelebbi_metro": "M2 Örs vezér tere", "tavolsag_metro_halozati_m": 1719, "legkozelebbi_metro_halozati": "M2 Örs vezér tere", "menetido_metro_gyalog_perc": 22.9, "tavolsag_vasut_m": 924, "legkozelebbi_vasut": "Kőbánya felső vasútállomás", "tavolsag_vasut_halozati_m": 2286, "legkozelebbi_vasut_halozati": "Rákos vasútállomás", "menetido_vasut_gyalog_perc": 30.5, "tavolsag_park_m": 1380, "legkozelebbi_park": "Rottenbiller park", "tavolsag_park_halozati_m": 2595, "legkozelebbi_park_halozati": "Rottenbiller park", "menetido_park_gyalog_perc": 34.6, "tavolsag_belvaros_m": 6763, "tavolsag_belvaros_halozati_m": 7715, "kerulo_faktor_belvaros": 1.14, "menetido_belvaros_gyalog_perc": 102.9}}]}