{
"type": "FeatureCollection",
"name": "kobanya_szamitott_pontos_kiado",
"crs": { "type": "name", "properties": { "name": "urn:ogc:def:crs:OGC:1.3:CRS84" } },
"features": [
{ "type": "Feature", "properties": { "listing_id": "22441285", "listing_type": "kiado", "ingatlan_tipus": "garazs", "cim_teljes": "Budapest X. kerület, Kőbányai út 43.", "iranyitoszam": "1101", "varos": "Budapest", "utca": "Kőbányai út", "hazszam": "43", "cim_forras": "strukturalt", "url": "https://ingatlan.com/x-ker/kiado+garazs/teremgarazs-hely/22441285", "gyujtes_datuma": "2026-10-08", "price_huf": 17000.0, "ar_millio_ft": 0.017, "ar_ezer_ft_ho": 17.0, "nm_ar_huf": 1307.6923076923076, "log_ar": 9.7409686230383539, "log_nm_ar": 7.1760192655768167, "is_ar_outlier": 1, "alapterulet_nm": 13.0, "korrigalt_alapterulet_nm": 13.0, "szobaszam_osszes": null, "szobaszam_kategoria": null, "allapot_kod": 6, "is_felujitando": 0, "is_ujszeru_vagy_uj": 1, "is_panel": 0, "is_tegla": 0, "has_lift": 1, "has_klima": 1, "has_erkely": 0, "is_foldszint": 0, "is_zaroszint": 0, "is_tetoter": 0, "epulet_kora_ev": 25.0, "geokodolt_lat": 47.4848079, "geokodolt_lon": 19.1128664, "geokodolas_modszere": "cim_nominatim", "geokodolas_pontossag": "hazszam", "minta_garantalt_pontos": 1, "tavolsag_vasut_m": 362.7, "vasut_zona": "300-500 m", "is_vasut_immisszio_150m": 0, "tavolsag_vasut_halozati_m": 1222.2, "menetido_vasut_gyalog_perc": 16.3, "vasut_5p_seta": 0, "vasut_10p_seta": 0, "vasut_15p_seta": 0, "is_duplikalt_gyanus": 0, "varosresz": "Népliget", "title": "Ingatlan kép", "allapot": "új építésű", "ingatlan_altipus": "teremgarazs-hely", "epites_eve": 2001.0, "epites_eve_kategoria": "10-30 év (rendszerváltás utáni)", "epites_eve_szoveg": "2001 és 2010 között", "epites_eve_becsult": null, "erkely_nm": null, "szobaszam_egesz": null, "szobaszam_fel": null, "atlagos_szobameret_nm": null, "emelet": "nan", "emelet_szam": null, "epulet_szintjei_szam": null, "is_magas_emelet_lift_nelkul": 0, "futes": "nan", "futes_kategoria": "egyeb", "has_tavfutes": 0, "has_konvektor": 0, "has_megujulo": 0, "has_garazs_vagy_beallo": 0, "energetikai_tanusitvany": "nan", "butorozott": "nan", "koltozheto": "azonnal", "min_berleti_ido": "3 hónap", "kertkapcsolatos": "nan", "kozos_koltseg_huf": null, "rezsikoltseg_huf": null, "kaucio_huf": null, "hirdeto_tipus": null, "iroda_neve": null, "leiras": "Közel a Belvároshoz (10 perc autóval), nagyon jól megközelíthető helyen, a Kőbányai út elején (az Eiffel Műhelyházzal szemben) teremgarázsban beállók hosszú távra kiadók. Az áruk méretfüggő, 17-25 eFt, plusz közös költség (2800 Ft). Az árak a képeknél fel vannak tüntetve. A nem elérhető helyeket törlöm a képek közül. Ugyanitt motoros hely mindössze 10000 Ft. A teremgarázsba két elektromos kapun keresztül lehet bejutni mobiltelefonos kapunyitással. Nagyon széles és kényelmes behajtási lehetőség, könnyen parkolható. Nincsen távirányító, nincsen kaució!", "oldal_allapot": "hirdetes", "leiras_hossz": 556.0, "fenykepek_szama": 2.0, "lat_portal": 47.484724, "lon_portal": 19.113348, "portal_pozicio_sugar_m": null, "price_eur": null, "nm_ar_eur": null, "kozos_koltseg_eur": null, "rezsikoltseg_eur": null, "kaucio_eur": null, "parkolas": "nan", "parkolohely_ara": null, "parkolohelyek_szama": 4.0, "pince": "nan", "napelem": "nan", "komfort": "nan", "belmagassag_raw": "nan", "akadalymentesitett": "nan", "furdo_wc": "nan", "tajolas": "nan", "kilatas": "nan", "szigeteles": "nan", "tetoter": "nan", "panelprogram": "nan", "gepesitett": "nan", "kisallat": "nan", "dohanyzas": "nan", "atlag_gazfogyasztas": "nan", "atlag_aramfogyasztas": "nan", "tavolsag_metro_halozati_m": 1765.7, "menetido_metro_gyalog_perc": 23.5, "metro_5p_seta": 0, "metro_10p_seta": 0, "metro_15p_seta": 0, "tavolsag_villamos_halozati_m": 166.1, "menetido_villamos_gyalog_perc": 2.2, "villamos_5p_seta": 1, "villamos_10p_seta": 1, "villamos_15p_seta": 1, "tavolsag_busz_halozati_m": 170.6, "menetido_busz_gyalog_perc": 2.3, "busz_5p_seta": 1, "busz_10p_seta": 1, "busz_15p_seta": 1, "tavolsag_kotottpalya_halozati_m": 166.1, "menetido_kotottpalya_gyalog_perc": 2.2, "kotottpalya_5p_seta": 1, "kotottpalya_10p_seta": 1, "kotottpalya_15p_seta": 1, "tavolsag_park_halozati_m": 214.0, "menetido_park_gyalog_perc": 2.9, "park_5p_seta": 1, "park_10p_seta": 1, "park_15p_seta": 1, "poi_5p_count": 8.0, "poi_10p_count": 21.0, "poi_15p_count": 52.0, "tavolsag_iskola_halozati_m": 903.9, "iskola_5p_seta": 0, "iskola_10p_seta": 0, "iskola_15p_seta": 1, "tavolsag_ovoda_halozati_m": 1329.8, "ovoda_5p_seta": 0, "ovoda_10p_seta": 0, "ovoda_15p_seta": 0, "tavolsag_bolt_halozati_m": 133.5, "bolt_5p_seta": 1, "bolt_10p_seta": 1, "bolt_15p_seta": 1, "tavolsag_gyogyszertar_halozati_m": 138.5, "gyogyszertar_5p_seta": 1, "gyogyszertar_10p_seta": 1, "gyogyszertar_15p_seta": 1, "tavolsag_orvos_halozati_m": null, "orvos_5p_seta": 0, "orvos_10p_seta": 0, "orvos_15p_seta": 0, "legkozelebbi_vasut": "Kőbánya alsó", "legkozelebbi_metro": "", "legkozelebbi_villamos": "Eiffel Műhelyház", "legkozelebbi_busz": "Eiffel Műhelyház", "legkozelebbi_park": "", "legkozelebbi_kotottpalya_tipus": "villamos", "varosresz_geokodolt": "Népliget", "geokodolas_szolgaltato": "nominatim/photon", "felhasznalt_hazszam": 43.0, "legkozelebbi_iskola": "Szervátiusz Jenő Általános Iskola", "legkozelebbi_ovoda": "The English Garden - angol óvoda", "legkozelebbi_bolt": "SYZÉ Kft. Élelmiszerbolt, Fornetti", "legkozelebbi_gyogyszertar": "Szent László Patika", "legkozelebbi_orvos": "", "menetido_iskola_gyalog_perc": 12.1, "menetido_ovoda_gyalog_perc": 17.7, "menetido_bolt_gyalog_perc": 1.8, "menetido_gyogyszertar_gyalog_perc": 1.8, "menetido_orvos_gyalog_perc": null }, "geometry": { "type": "Point", "coordinates": [ 19.1128664, 47.4848079 ] } },
{ "type": "Feature", "properties": { "listing_id": "31524341", "listing_type": "kiado", "ingatlan_tipus": "iroda", "cim_teljes": "Budapest X. kerület, Fehér út 10.", "iranyitoszam": "1106", "varos": "Budapest", "utca": "Fehér út", "hazszam": "10", "cim_forras": "strukturalt", "url": "https://ingatlan.com/x-ker/kiado+iroda/irodahelyiseg-irodahazban/31524341", "gyujtes_datuma": "2026-10-08", "price_huf": 4970.0, "ar_millio_ft": 0.00497, "ar_ezer_ft_ho": 4.97, "nm_ar_huf": 2.3576850094876662, "log_ar": 8.5111751190906748, "log_nm_ar": 0.85768020942942158, "is_ar_outlier": 1, "alapterulet_nm": 2108.0, "korrigalt_alapterulet_nm": 2108.0, "szobaszam_osszes": null, "szobaszam_kategoria": null, "allapot_kod": 0, "is_felujitando": 0, "is_ujszeru_vagy_uj": 0, "is_panel": 0, "is_tegla": 0, "has_lift": 1, "has_klima": 1, "has_erkely": 0, "is_foldszint": 0, "is_zaroszint": 0, "is_tetoter": 0, "epulet_kora_ev": null, "geokodolt_lat": 47.5005879, "geokodolt_lon": 19.1382409, "geokodolas_modszere": "cim_nominatim", "geokodolas_pontossag": "hazszam", "minta_garantalt_pontos": 1, "tavolsag_vasut_m": 897.4, "vasut_zona": "500-1000 m", "is_vasut_immisszio_150m": 0, "tavolsag_vasut_halozati_m": null, "menetido_vasut_gyalog_perc": null, "vasut_5p_seta": 0, "vasut_10p_seta": 0, "vasut_15p_seta": 0, "is_duplikalt_gyanus": 0, "varosresz": "Felsőrákos", "title": "Ingatlan kép", "allapot": "nan", "ingatlan_altipus": "irodahelyiseg-irodahazban", "epites_eve": null, "epites_eve_kategoria": "Ismeretlen", "epites_eve_szoveg": "nan", "epites_eve_becsult": null, "erkely_nm": null, "szobaszam_egesz": null, "szobaszam_fel": null, "atlagos_szobameret_nm": null, "emelet": "nincs megadva", "emelet_szam": null, "epulet_szintjei_szam": 3.0, "is_magas_emelet_lift_nelkul": 0, "futes": "nan", "futes_kategoria": "egyeb", "has_tavfutes": 0, "has_konvektor": 0, "has_megujulo": 0, "has_garazs_vagy_beallo": 0, "energetikai_tanusitvany": "nincs megadva", "butorozott": "megegyezés szerint", "koltozheto": "azonnal", "min_berleti_ido": "nincs megadva", "kertkapcsolatos": "nan", "kozos_koltseg_huf": null, "rezsikoltseg_huf": null, "kaucio_huf": null, "hirdeto_tipus": null, "iroda_neve": null, "leiras": "A White Office Irodaház Budapest egyik frekventált részén, az Örs vezér tér mellett található, a kiváló megközelítésű hajdani Finommechanikai Művek ipari parkjában. Az ipari park és az irodaház is nagy méretű parkolóval rendelkezik. A közös parkolót bárki, míg az irodaház parkolóit a bérlők és a bérlők ügyfelei kizárólagosan használhatják. Napjainkban az irodaház környezete felújított-parkosított, madárcsicsergős munkanapokat biztosít a bérlők számára. A bérlői kényelmet tovább fokozza a beléptetőrendszer, Főzelékfaló étterem és kávéterasz is. A White Office elegáns, letisztult modern üzleti környezetet biztosít, saját karbantartó személyzettel, kedvező bérleti díjon. Bérlőink kérésére az irodák még költözés előtt személyre szabhatóak. Irodaházunkat jól működő sikeres vállalkozások: pénzügyi,- informatikai szektorelsők lakják, de számos fiatal startup is megtisztel minket bizalmával. A legkisebb bérelhető helyiség 10 nm. A bérleti díjak nettó 4.750 Ft -tól kezdődnek.", "oldal_allapot": "hirdetes", "leiras_hossz": 981.0, "fenykepek_szama": null, "lat_portal": 47.498956, "lon_portal": 19.140122, "portal_pozicio_sugar_m": null, "price_eur": null, "nm_ar_eur": null, "kozos_koltseg_eur": null, "rezsikoltseg_eur": null, "kaucio_eur": null, "parkolas": "nincs megadva", "parkolohely_ara": null, "parkolohelyek_szama": null, "pince": "nan", "napelem": "nincs megadva", "komfort": "nan", "belmagassag_raw": "nan", "akadalymentesitett": "nan", "furdo_wc": "nan", "tajolas": "nan", "kilatas": "nan", "szigeteles": "nan", "tetoter": "nem tetőtéri", "panelprogram": "nan", "gepesitett": "nan", "kisallat": "nan", "dohanyzas": "nan", "atlag_gazfogyasztas": "nan", "atlag_aramfogyasztas": "nan", "tavolsag_metro_halozati_m": null, "menetido_metro_gyalog_perc": null, "metro_5p_seta": 0, "metro_10p_seta": 0, "metro_15p_seta": 0, "tavolsag_villamos_halozati_m": null, "menetido_villamos_gyalog_perc": null, "villamos_5p_seta": 0, "villamos_10p_seta": 0, "villamos_15p_seta": 0, "tavolsag_busz_halozati_m": null, "menetido_busz_gyalog_perc": null, "busz_5p_seta": 0, "busz_10p_seta": 0, "busz_15p_seta": 0, "tavolsag_kotottpalya_halozati_m": null, "menetido_kotottpalya_gyalog_perc": null, "kotottpalya_5p_seta": 0, "kotottpalya_10p_seta": 0, "kotottpalya_15p_seta": 0, "tavolsag_park_halozati_m": null, "menetido_park_gyalog_perc": null, "park_5p_seta": 0, "park_10p_seta": 0, "park_15p_seta": 0, "poi_5p_count": null, "poi_10p_count": null, "poi_15p_count": null, "tavolsag_iskola_halozati_m": null, "iskola_5p_seta": 0, "iskola_10p_seta": 0, "iskola_15p_seta": 0, "tavolsag_ovoda_halozati_m": null, "ovoda_5p_seta": 0, "ovoda_10p_seta": 0, "ovoda_15p_seta": 0, "tavolsag_bolt_halozati_m": null, "bolt_5p_seta": 0, "bolt_10p_seta": 0, "bolt_15p_seta": 0, "tavolsag_gyogyszertar_halozati_m": null, "gyogyszertar_5p_seta": 0, "gyogyszertar_10p_seta": 0, "gyogyszertar_15p_seta": 0, "tavolsag_orvos_halozati_m": null, "orvos_5p_seta": 0, "orvos_10p_seta": 0, "orvos_15p_seta": 0, "legkozelebbi_vasut": "", "legkozelebbi_metro": "", "legkozelebbi_villamos": "", "legkozelebbi_busz": "", "legkozelebbi_park": "", "legkozelebbi_kotottpalya_tipus": "", "varosresz_geokodolt": "Felsőrákos", "geokodolas_szolgaltato": "nominatim/photon", "felhasznalt_hazszam": 10.0, "legkozelebbi_iskola": "", "legkozelebbi_ovoda": "", "legkozelebbi_bolt": "", "legkozelebbi_gyogyszertar": "", "legkozelebbi_orvos": "", "menetido_iskola_gyalog_perc": null, "menetido_ovoda_gyalog_perc": null, "menetido_bolt_gyalog_perc": null, "menetido_gyogyszertar_gyalog_perc": null, "menetido_orvos_gyalog_perc": null }, "geometry": { "type": "Point", "coordinates": [ 19.1382409, 47.5005879 ] } },
{ "type": "Feature", "properties": { "listing_id": "31527069", "listing_type": "kiado", "ingatlan_tipus": "garazs", "cim_teljes": "Budapest X. kerület, Kőrösi Csoma Sándor út 6.", "iranyitoszam": "1102", "varos": "Budapest", "utca": "Kőrösi Csoma Sándor út", "hazszam": "6", "cim_forras": "strukturalt", "url": "https://ingatlan.com/x-ker/kiado+garazs/teremgarazs-hely/31527069", "gyujtes_datuma": "2026-10-08", "price_huf": 19000.0, "ar_millio_ft": 0.019, "ar_ezer_ft_ho": 19.0, "nm_ar_huf": 1461.5384615384614, "log_ar": 9.8521942581485771, "log_nm_ar": 7.2872449006870408, "is_ar_outlier": 1, "alapterulet_nm": 13.0, "korrigalt_alapterulet_nm": 13.0, "szobaszam_osszes": null, "szobaszam_kategoria": null, "allapot_kod": 5, "is_felujitando": 0, "is_ujszeru_vagy_uj": 1, "is_panel": 0, "is_tegla": 0, "has_lift": 1, "has_klima": 1, "has_erkely": 0, "is_foldszint": 0, "is_zaroszint": 0, "is_tetoter": 0, "epulet_kora_ev": 25.0, "geokodolt_lat": 47.4831286, "geokodolt_lon": 19.1304444, "geokodolas_modszere": "cim_nominatim", "geokodolas_pontossag": "hazszam", "minta_garantalt_pontos": 1, "tavolsag_vasut_m": 225.6, "vasut_zona": "150-300 m", "is_vasut_immisszio_150m": 0, "tavolsag_vasut_halozati_m": 353.6, "menetido_vasut_gyalog_perc": 4.7, "vasut_5p_seta": 1, "vasut_10p_seta": 1, "vasut_15p_seta": 1, "is_duplikalt_gyanus": 0, "varosresz": "Óhegy", "title": "Ingatlan kép", "allapot": "újszerű", "ingatlan_altipus": "teremgarazs-hely", "epites_eve": 2001.0, "epites_eve_kategoria": "10-30 év (rendszerváltás utáni)", "epites_eve_szoveg": "2001 és 2010 között", "epites_eve_becsult": null, "erkely_nm": null, "szobaszam_egesz": null, "szobaszam_fel": null, "atlagos_szobameret_nm": null, "emelet": "nan", "emelet_szam": null, "epulet_szintjei_szam": null, "is_magas_emelet_lift_nelkul": 0, "futes": "nan", "futes_kategoria": "egyeb", "has_tavfutes": 0, "has_konvektor": 0, "has_megujulo": 0, "has_garazs_vagy_beallo": 0, "energetikai_tanusitvany": "nan", "butorozott": "nan", "koltozheto": "azonnal", "min_berleti_ido": "12 hónap", "kertkapcsolatos": "nan", "kozos_koltseg_huf": null, "rezsikoltseg_huf": null, "kaucio_huf": null, "hirdeto_tipus": null, "iroda_neve": null, "leiras": "Kiadó egy teremgarázs hely a Kőrösi Házak Társasház teremgarázsában. A garázs rendszeresen takarított, 12 kamerával megfigyelt kétszintes teremgarázs. A beállóhely a mínusz 2 szinten található. A nagyfokú biztonság érdekében mind a lépcsőházakba, mind a teremgarázsba kizárólag egyedi azonosítási proxy kártyával és garázsnyitóval lehetséges a bejutás, illetve a behajtás. A beállóhely minimális bérleti ideje 12 hónap. Ingatlanközvetítők kérem, ne keressenek.", "oldal_allapot": "hirdetes", "leiras_hossz": 460.0, "fenykepek_szama": 4.0, "lat_portal": 47.482987, "lon_portal": 19.129957, "portal_pozicio_sugar_m": null, "price_eur": null, "nm_ar_eur": null, "kozos_koltseg_eur": null, "rezsikoltseg_eur": null, "kaucio_eur": null, "parkolas": "nan", "parkolohely_ara": null, "parkolohelyek_szama": null, "pince": "nan", "napelem": "nan", "komfort": "nan", "belmagassag_raw": "nan", "akadalymentesitett": "nan", "furdo_wc": "nan", "tajolas": "nan", "kilatas": "nan", "szigeteles": "nan", "tetoter": "nan", "panelprogram": "nan", "gepesitett": "nan", "kisallat": "nan", "dohanyzas": "nan", "atlag_gazfogyasztas": "nan", "atlag_aramfogyasztas": "nan", "tavolsag_metro_halozati_m": 2138.2, "menetido_metro_gyalog_perc": 28.5, "metro_5p_seta": 0, "metro_10p_seta": 0, "metro_15p_seta": 0, "tavolsag_villamos_halozati_m": 139.6, "menetido_villamos_gyalog_perc": 1.9, "villamos_5p_seta": 1, "villamos_10p_seta": 1, "villamos_15p_seta": 1, "tavolsag_busz_halozati_m": 102.9, "menetido_busz_gyalog_perc": 1.4, "busz_5p_seta": 1, "busz_10p_seta": 1, "busz_15p_seta": 1, "tavolsag_kotottpalya_halozati_m": 139.6, "menetido_kotottpalya_gyalog_perc": 1.9, "kotottpalya_5p_seta": 1, "kotottpalya_10p_seta": 1, "kotottpalya_15p_seta": 1, "tavolsag_park_halozati_m": 175.1, "menetido_park_gyalog_perc": 2.3, "park_5p_seta": 1, "park_10p_seta": 1, "park_15p_seta": 1, "poi_5p_count": 41.0, "poi_10p_count": 80.0, "poi_15p_count": 131.0, "tavolsag_iskola_halozati_m": 775.9, "iskola_5p_seta": 0, "iskola_10p_seta": 0, "iskola_15p_seta": 1, "tavolsag_ovoda_halozati_m": 860.7, "ovoda_5p_seta": 0, "ovoda_10p_seta": 0, "ovoda_15p_seta": 1, "tavolsag_bolt_halozati_m": 187.8, "bolt_5p_seta": 1, "bolt_10p_seta": 1, "bolt_15p_seta": 1, "tavolsag_gyogyszertar_halozati_m": 169.1, "gyogyszertar_5p_seta": 1, "gyogyszertar_10p_seta": 1, "gyogyszertar_15p_seta": 1, "tavolsag_orvos_halozati_m": null, "orvos_5p_seta": 0, "orvos_10p_seta": 0, "orvos_15p_seta": 0, "legkozelebbi_vasut": "Kőbánya alsó", "legkozelebbi_metro": "", "legkozelebbi_villamos": "Kápolna utca", "legkozelebbi_busz": "Liget tér", "legkozelebbi_park": "Liget téri park", "legkozelebbi_kotottpalya_tipus": "villamos", "varosresz_geokodolt": "Óhegy", "geokodolas_szolgaltato": "nominatim/photon", "felhasznalt_hazszam": 6.0, "legkozelebbi_iskola": "Szervátiusz Jenő Általános Iskola", "legkozelebbi_ovoda": "Apró csodák Bölcsőde", "legkozelebbi_bolt": "Penny", "legkozelebbi_gyogyszertar": "Liget Gyógyszertár", "legkozelebbi_orvos": "", "menetido_iskola_gyalog_perc": 10.3, "menetido_ovoda_gyalog_perc": 11.5, "menetido_bolt_gyalog_perc": 2.5, "menetido_gyogyszertar_gyalog_perc": 2.3, "menetido_orvos_gyalog_perc": null }, "geometry": { "type": "Point", "coordinates": [ 19.1304444, 47.4831286 ] } },
{ "type": "Feature", "properties": { "listing_id": "32637205", "listing_type": "kiado", "ingatlan_tipus": "haz", "cim_teljes": "Budapest X. kerület, Cserkesz utca 27b", "iranyitoszam": "1105", "varos": "Budapest", "utca": "Cserkesz utca", "hazszam": "27b", "cim_forras": "strukturalt", "url": "https://ingatlan.com/x-ker/kiado+haz/hazresz/32637205", "gyujtes_datuma": "2026-10-08", "price_huf": 200000.0, "ar_millio_ft": 0.2, "ar_ezer_ft_ho": 200.0, "nm_ar_huf": 3389.8305084745762, "log_ar": 12.206072645530174, "log_nm_ar": 8.1285352016244534, "is_ar_outlier": 0, "alapterulet_nm": 59.0, "korrigalt_alapterulet_nm": 59.0, "szobaszam_osszes": 2.0, "szobaszam_kategoria": "2 szoba", "allapot_kod": 4, "is_felujitando": 0, "is_ujszeru_vagy_uj": 0, "is_panel": 0, "is_tegla": 0, "has_lift": 1, "has_klima": 0, "has_erkely": 0, "is_foldszint": 0, "is_zaroszint": 0, "is_tetoter": 0, "epulet_kora_ev": 86.0, "geokodolt_lat": 47.4786931, "geokodolt_lon": 19.133127, "geokodolas_modszere": "cim_nominatim", "geokodolas_pontossag": "hazszam", "minta_garantalt_pontos": 1, "tavolsag_vasut_m": 169.3, "vasut_zona": "150-300 m", "is_vasut_immisszio_150m": 0, "tavolsag_vasut_halozati_m": 800.9, "menetido_vasut_gyalog_perc": 10.7, "vasut_5p_seta": 0, "vasut_10p_seta": 0, "vasut_15p_seta": 1, "is_duplikalt_gyanus": 0, "varosresz": "Óhegy", "title": "Ingatlan kép", "allapot": "felújított", "ingatlan_altipus": "hazresz", "epites_eve": 1940.0, "epites_eve_kategoria": "60+ év (háború előtti)", "epites_eve_szoveg": "1950 előtt", "epites_eve_becsult": null, "erkely_nm": null, "szobaszam_egesz": 2.0, "szobaszam_fel": 0.0, "atlagos_szobameret_nm": 29.5, "emelet": "nan", "emelet_szam": null, "epulet_szintjei_szam": null, "is_magas_emelet_lift_nelkul": 0, "futes": "gáz (konvektor)", "futes_kategoria": "egyeb", "has_tavfutes": 0, "has_konvektor": 1, "has_megujulo": 0, "has_garazs_vagy_beallo": 0, "energetikai_tanusitvany": "nincs megadva", "butorozott": "nem", "koltozheto": "azonnal", "min_berleti_ido": "12 hónap", "kertkapcsolatos": "nan", "kozos_koltseg_huf": null, "rezsikoltseg_huf": 30000000.0, "kaucio_huf": null, "hirdeto_tipus": null, "iroda_neve": null, "leiras": "Jó állapotú, kétszobás házrész kiadó Óhegyen. Az 59 m2-es, kétszobás házrész jó állapota azt jelenti, hogy 2 éve egy generális felújításon esett át. Az elektromos vezetékeket újrahúzták, minden helyiséget új burkolatokkal láttak el, illetve az összes külső nyílászárót korszerű, hő és hangszigetelő típusú, műanyag kivitelűre cserélték. A lakás fűtését két hibátlan állapotú gázkonvektor biztosítja a két szobában. Egy szintén új fekvő villanybojler látja el meleg vízzel a fürdőszobát és a konyhát. A fürdőszobában egy épített, modern zuhany található. A fürdőszobában alakították ki a mosógép csatlakozási pontját is. A konyhában elektromos a sütő és a főzőlap is. A konyhabútor is a modern igényeknek megfelelő. A lakásban ezen kívül nincsenek gépek, azt a bérlőnek kell magának biztosítani. A szobában jelenleg nincsenek bútorok, csupán egy ágykeret, ráccsal. Matrac nincs. Az ingatlan egy háromlakásos ház egyik leválasztott részében található. Ezen a felén két lakás bejárata közelíthető meg a kertkapun keresztül A másik lakásban is bérlők laknak. Az udvar e két lakás közös területe, de ha a jövendő bérlő igényli, kialakíthat magának egy ebből leválasztott részt is. Pince van a ház alatt, de ez jelenleg nem használható. ahogyan a kerti tároló sem. Gépkocsival nem lehet beállni a kapun belülre, de az utcában ingyen lehet parkolni. Az ideális bérlő egyedülálló, pár, vagy kis család. A lakásban kisállat nem tartható, a dohányzás sem megengedett bent. Költségek Közös költség nincs. Mivel a felújítás előttről már nincsenek adatok, a felújítás után még nincsenek, így csak becslésre hagyatkozhatunk a fűtés tekintetében. A szigetelés, az új, hőszigetelő nyílászárók és az új konvektorok alapján legfeljebb havi 10-12.000 Ft lehet a gáz költsége. Az elektromos, gáz, víz és csatornadíjak fogyasztás függőek, mérés alapján fizetendők. A bérlemény két havi kaucióval és az első havi bérleti díjjal lehet igénybe venni. Környezet Csajkovszkij park és az Óhegy park közelében az Ihász utca és a Cserkesz utca sarkán található az ingatlan. Erre a városrészre inkább a családi házak ls a kis lakóközösségű társasházak jellemzők. Az ingatlan két mellékutca találkozásénál található. Közlekedés A 117, 151 és a 217 buszok néhány perc sétára, míg a Liget téri buszvégállomáson rengeteg más járat elérhető, mint például a 9 jelzésű busz vagy a 3 jelzésű villamos. A(z) Balla Ingatlaniroda weboldala", "oldal_allapot": "hirdetes", "leiras_hossz": 2398.0, "fenykepek_szama": 6.0, "lat_portal": 47.478748, "lon_portal": 19.133083, "portal_pozicio_sugar_m": null, "price_eur": null, "nm_ar_eur": null, "kozos_koltseg_eur": null, "rezsikoltseg_eur": null, "kaucio_eur": null, "parkolas": "nincs megadva", "parkolohely_ara": null, "parkolohelyek_szama": null, "pince": "van", "napelem": "nincs megadva", "komfort": "komfortos", "belmagassag_raw": "nan", "akadalymentesitett": "nem", "furdo_wc": "egy helyiségben", "tajolas": "nan", "kilatas": "utcai", "szigeteles": "nincs megadva", "tetoter": "nem beépíthető", "panelprogram": "nan", "gepesitett": "nan", "kisallat": "nem hozható", "dohanyzas": "nem megengedett", "atlag_gazfogyasztas": "nincs megadva", "atlag_aramfogyasztas": "nincs megadva", "tavolsag_metro_halozati_m": 1761.3, "menetido_metro_gyalog_perc": 23.5, "metro_5p_seta": 0, "metro_10p_seta": 0, "metro_15p_seta": 0, "tavolsag_villamos_halozati_m": 538.8, "menetido_villamos_gyalog_perc": 7.2, "villamos_5p_seta": 0, "villamos_10p_seta": 1, "villamos_15p_seta": 1, "tavolsag_busz_halozati_m": 221.8, "menetido_busz_gyalog_perc": 3.0, "busz_5p_seta": 1, "busz_10p_seta": 1, "busz_15p_seta": 1, "tavolsag_kotottpalya_halozati_m": 538.8, "menetido_kotottpalya_gyalog_perc": 7.2, "kotottpalya_5p_seta": 0, "kotottpalya_10p_seta": 1, "kotottpalya_15p_seta": 1, "tavolsag_park_halozati_m": 329.7, "menetido_park_gyalog_perc": 4.4, "park_5p_seta": 1, "park_10p_seta": 1, "park_15p_seta": 1, "poi_5p_count": 6.0, "poi_10p_count": 45.0, "poi_15p_count": 105.0, "tavolsag_iskola_halozati_m": 624.9, "iskola_5p_seta": 0, "iskola_10p_seta": 1, "iskola_15p_seta": 1, "tavolsag_ovoda_halozati_m": 1429.7, "ovoda_5p_seta": 0, "ovoda_10p_seta": 0, "ovoda_15p_seta": 0, "tavolsag_bolt_halozati_m": 223.5, "bolt_5p_seta": 1, "bolt_10p_seta": 1, "bolt_15p_seta": 1, "tavolsag_gyogyszertar_halozati_m": 645.3, "gyogyszertar_5p_seta": 0, "gyogyszertar_10p_seta": 1, "gyogyszertar_15p_seta": 1, "tavolsag_orvos_halozati_m": null, "orvos_5p_seta": 0, "orvos_10p_seta": 0, "orvos_15p_seta": 0, "legkozelebbi_vasut": "Kőbánya alsó", "legkozelebbi_metro": "Határ út", "legkozelebbi_villamos": "Kápolna utca", "legkozelebbi_busz": "Ihász utca", "legkozelebbi_park": "", "legkozelebbi_kotottpalya_tipus": "villamos", "varosresz_geokodolt": "Óhegy", "geokodolas_szolgaltato": "nominatim/photon", "felhasznalt_hazszam": 27.0, "legkozelebbi_iskola": "Janikovszky Éva Általános Iskola", "legkozelebbi_ovoda": "Apró csodák Bölcsőde", "legkozelebbi_bolt": "Kitkat ABC", "legkozelebbi_gyogyszertar": "Szent Katalin Gyógyszertár", "legkozelebbi_orvos": "", "menetido_iskola_gyalog_perc": 8.3, "menetido_ovoda_gyalog_perc": 19.1, "menetido_bolt_gyalog_perc": 3.0, "menetido_gyogyszertar_gyalog_perc": 8.6, "menetido_orvos_gyalog_perc": null }, "geometry": { "type": "Point", "coordinates": [ 19.133127, 47.4786931 ] } },
{ "type": "Feature", "properties": { "listing_id": "32638379", "listing_type": "kiado", "ingatlan_tipus": "garazs", "cim_teljes": "Budapest X. kerület, Kőbányai út 43b", "iranyitoszam": "1101", "varos": "Budapest", "utca": "Kőbányai út", "hazszam": "43b", "cim_forras": "strukturalt", "url": "https://ingatlan.com/x-ker/kiado+garazs/teremgarazs-hely/32638379", "gyujtes_datuma": "2026-10-08", "price_huf": 14500.0, "ar_millio_ft": 0.0145, "ar_ezer_ft_ho": 14.5, "nm_ar_huf": 1115.3846153846155, "log_ar": 9.581903928408666, "log_nm_ar": 7.0169545709471288, "is_ar_outlier": 1, "alapterulet_nm": 13.0, "korrigalt_alapterulet_nm": 13.0, "szobaszam_osszes": null, "szobaszam_kategoria": null, "allapot_kod": 0, "is_felujitando": 0, "is_ujszeru_vagy_uj": 0, "is_panel": 0, "is_tegla": 0, "has_lift": 1, "has_klima": 1, "has_erkely": 0, "is_foldszint": 0, "is_zaroszint": 0, "is_tetoter": 0, "epulet_kora_ev": 15.0, "geokodolt_lat": 47.4847988, "geokodolt_lon": 19.1127776, "geokodolas_modszere": "cim_nominatim", "geokodolas_pontossag": "hazszam", "minta_garantalt_pontos": 1, "tavolsag_vasut_m": 363.5, "vasut_zona": "300-500 m", "is_vasut_immisszio_150m": 0, "tavolsag_vasut_halozati_m": 1227.0, "menetido_vasut_gyalog_perc": 16.4, "vasut_5p_seta": 0, "vasut_10p_seta": 0, "vasut_15p_seta": 0, "is_duplikalt_gyanus": 0, "varosresz": "Népliget", "title": "Nincs kép", "allapot": "nincs megadva", "ingatlan_altipus": "teremgarazs-hely", "epites_eve": 2011.0, "epites_eve_kategoria": "10-30 év (rendszerváltás utáni)", "epites_eve_szoveg": "2011", "epites_eve_becsult": null, "erkely_nm": null, "szobaszam_egesz": null, "szobaszam_fel": null, "atlagos_szobameret_nm": null, "emelet": "nan", "emelet_szam": null, "epulet_szintjei_szam": null, "is_magas_emelet_lift_nelkul": 0, "futes": "nan", "futes_kategoria": "egyeb", "has_tavfutes": 0, "has_konvektor": 0, "has_megujulo": 0, "has_garazs_vagy_beallo": 0, "energetikai_tanusitvany": "nan", "butorozott": "nan", "koltozheto": "azonnal", "min_berleti_ido": "nincs megadva", "kertkapcsolatos": "nan", "kozos_koltseg_huf": null, "rezsikoltseg_huf": null, "kaucio_huf": null, "hirdeto_tipus": null, "iroda_neve": null, "leiras": "Közel a Belvároshoz (10 perc autóval), jól megközelíthető helyen, a Kőbányai út elején (az Eiffel Műhelyházzal szemben) teremgarázsban beálló hosszú távra kiadók.", "oldal_allapot": "hirdetes", "leiras_hossz": 162.0, "fenykepek_szama": null, "lat_portal": 47.484761, "lon_portal": 19.112764, "portal_pozicio_sugar_m": null, "price_eur": null, "nm_ar_eur": null, "kozos_koltseg_eur": null, "rezsikoltseg_eur": null, "kaucio_eur": null, "parkolas": "nan", "parkolohely_ara": null, "parkolohelyek_szama": null, "pince": "nan", "napelem": "nan", "komfort": "nan", "belmagassag_raw": "nan", "akadalymentesitett": "nan", "furdo_wc": "nan", "tajolas": "nan", "kilatas": "nan", "szigeteles": "nan", "tetoter": "nan", "panelprogram": "nan", "gepesitett": "nan", "kisallat": "nan", "dohanyzas": "nan", "atlag_gazfogyasztas": "nan", "atlag_aramfogyasztas": "nan", "tavolsag_metro_halozati_m": 1770.6, "menetido_metro_gyalog_perc": 23.6, "metro_5p_seta": 0, "metro_10p_seta": 0, "metro_15p_seta": 0, "tavolsag_villamos_halozati_m": 171.0, "menetido_villamos_gyalog_perc": 2.3, "villamos_5p_seta": 1, "villamos_10p_seta": 1, "villamos_15p_seta": 1, "tavolsag_busz_halozati_m": 175.5, "menetido_busz_gyalog_perc": 2.3, "busz_5p_seta": 1, "busz_10p_seta": 1, "busz_15p_seta": 1, "tavolsag_kotottpalya_halozati_m": 171.0, "menetido_kotottpalya_gyalog_perc": 2.3, "kotottpalya_5p_seta": 1, "kotottpalya_10p_seta": 1, "kotottpalya_15p_seta": 1, "tavolsag_park_halozati_m": 218.9, "menetido_park_gyalog_perc": 2.9, "park_5p_seta": 1, "park_10p_seta": 1, "park_15p_seta": 1, "poi_5p_count": 8.0, "poi_10p_count": 20.0, "poi_15p_count": 51.0, "tavolsag_iskola_halozati_m": 908.7, "iskola_5p_seta": 0, "iskola_10p_seta": 0, "iskola_15p_seta": 1, "tavolsag_ovoda_halozati_m": 1334.7, "ovoda_5p_seta": 0, "ovoda_10p_seta": 0, "ovoda_15p_seta": 0, "tavolsag_bolt_halozati_m": 138.4, "bolt_5p_seta": 1, "bolt_10p_seta": 1, "bolt_15p_seta": 1, "tavolsag_gyogyszertar_halozati_m": 143.4, "gyogyszertar_5p_seta": 1, "gyogyszertar_10p_seta": 1, "gyogyszertar_15p_seta": 1, "tavolsag_orvos_halozati_m": null, "orvos_5p_seta": 0, "orvos_10p_seta": 0, "orvos_15p_seta": 0, "legkozelebbi_vasut": "Kőbánya alsó", "legkozelebbi_metro": "", "legkozelebbi_villamos": "Eiffel Műhelyház", "legkozelebbi_busz": "Eiffel Műhelyház", "legkozelebbi_park": "", "legkozelebbi_kotottpalya_tipus": "villamos", "varosresz_geokodolt": "Népliget", "geokodolas_szolgaltato": "nominatim/photon", "felhasznalt_hazszam": 43.0, "legkozelebbi_iskola": "Szervátiusz Jenő Általános Iskola", "legkozelebbi_ovoda": "The English Garden - angol óvoda", "legkozelebbi_bolt": "SYZÉ Kft. Élelmiszerbolt, Fornetti", "legkozelebbi_gyogyszertar": "Szent László Patika", "legkozelebbi_orvos": "", "menetido_iskola_gyalog_perc": 12.1, "menetido_ovoda_gyalog_perc": 17.8, "menetido_bolt_gyalog_perc": 1.8, "menetido_gyogyszertar_gyalog_perc": 1.9, "menetido_orvos_gyalog_perc": null }, "geometry": { "type": "Point", "coordinates": [ 19.1127776, 47.4847988 ] } },
{ "type": "Feature", "properties": { "listing_id": "32688706", "listing_type": "kiado", "ingatlan_tipus": "iroda", "cim_teljes": "Budapest X. kerület, Újhegyi út 14.", "iranyitoszam": "1108", "varos": "Budapest", "utca": "Újhegyi út", "hazszam": "14", "cim_forras": "strukturalt", "url": "https://ingatlan.com/x-ker/kiado+iroda/irodahelyiseg-irodahazban/32688706", "gyujtes_datuma": "2026-10-08", "price_huf": 64000.0, "ar_millio_ft": 0.064, "ar_ezer_ft_ho": 64.0, "nm_ar_huf": 2909.090909090909, "log_ar": 11.066638362341809, "log_nm_ar": 7.9755959089834931, "is_ar_outlier": 0, "alapterulet_nm": 22.0, "korrigalt_alapterulet_nm": 22.0, "szobaszam_osszes": null, "szobaszam_kategoria": null, "allapot_kod": 0, "is_felujitando": 0, "is_ujszeru_vagy_uj": 0, "is_panel": 0, "is_tegla": 0, "has_lift": 1, "has_klima": 0, "has_erkely": 0, "is_foldszint": 0, "is_zaroszint": 0, "is_tetoter": 0, "epulet_kora_ev": null, "geokodolt_lat": 47.4675127, "geokodolt_lon": 19.1671859, "geokodolas_modszere": "cim_nominatim", "geokodolas_pontossag": "hazszam", "minta_garantalt_pontos": 1, "tavolsag_vasut_m": 793.8, "vasut_zona": "500-1000 m", "is_vasut_immisszio_150m": 0, "tavolsag_vasut_halozati_m": null, "menetido_vasut_gyalog_perc": null, "vasut_5p_seta": 0, "vasut_10p_seta": 0, "vasut_15p_seta": 0, "is_duplikalt_gyanus": 0, "varosresz": "Újhegy", "title": "Ingatlan kép", "allapot": "nan", "ingatlan_altipus": "irodahelyiseg-irodahazban", "epites_eve": null, "epites_eve_kategoria": "Ismeretlen", "epites_eve_szoveg": "nan", "epites_eve_becsult": null, "erkely_nm": null, "szobaszam_egesz": null, "szobaszam_fel": null, "atlagos_szobameret_nm": null, "emelet": "3", "emelet_szam": 3.0, "epulet_szintjei_szam": 4.0, "is_magas_emelet_lift_nelkul": 0, "futes": "nan", "futes_kategoria": "egyeb", "has_tavfutes": 0, "has_konvektor": 0, "has_megujulo": 0, "has_garazs_vagy_beallo": 1, "energetikai_tanusitvany": "nincs megadva", "butorozott": "nem", "koltozheto": "azonnal", "min_berleti_ido": "nincs megadva", "kertkapcsolatos": "nan", "kozos_koltseg_huf": null, "rezsikoltseg_huf": null, "kaucio_huf": null, "hirdeto_tipus": null, "iroda_neve": null, "leiras": "Kiadó egy X. kerületi irodaházban, egy 22 m2-es irodahelyiség. Kőbánya Kispesthez közel, jól megközelíthető tömegközlekedéssel is. Az irodaházhoz saját kültéri parkoló tartozik. Bővebb információért hívjon minket.", "oldal_allapot": "hirdetes", "leiras_hossz": 213.0, "fenykepek_szama": null, "lat_portal": 47.467672, "lon_portal": 19.167648, "portal_pozicio_sugar_m": null, "price_eur": null, "nm_ar_eur": null, "kozos_koltseg_eur": null, "rezsikoltseg_eur": null, "kaucio_eur": null, "parkolas": "udvari beálló - benne van az árban", "parkolohely_ara": null, "parkolohelyek_szama": null, "pince": "nan", "napelem": "nincs megadva", "komfort": "nan", "belmagassag_raw": "nan", "akadalymentesitett": "nan", "furdo_wc": "nan", "tajolas": "nan", "kilatas": "nan", "szigeteles": "nan", "tetoter": "nincs megadva", "panelprogram": "nan", "gepesitett": "nan", "kisallat": "nan", "dohanyzas": "nan", "atlag_gazfogyasztas": "nan", "atlag_aramfogyasztas": "nan", "tavolsag_metro_halozati_m": null, "menetido_metro_gyalog_perc": null, "metro_5p_seta": 0, "metro_10p_seta": 0, "metro_15p_seta": 0, "tavolsag_villamos_halozati_m": null, "menetido_villamos_gyalog_perc": null, "villamos_5p_seta": 0, "villamos_10p_seta": 0, "villamos_15p_seta": 0, "tavolsag_busz_halozati_m": null, "menetido_busz_gyalog_perc": null, "busz_5p_seta": 0, "busz_10p_seta": 0, "busz_15p_seta": 0, "tavolsag_kotottpalya_halozati_m": null, "menetido_kotottpalya_gyalog_perc": null, "kotottpalya_5p_seta": 0, "kotottpalya_10p_seta": 0, "kotottpalya_15p_seta": 0, "tavolsag_park_halozati_m": null, "menetido_park_gyalog_perc": null, "park_5p_seta": 0, "park_10p_seta": 0, "park_15p_seta": 0, "poi_5p_count": null, "poi_10p_count": null, "poi_15p_count": null, "tavolsag_iskola_halozati_m": null, "iskola_5p_seta": 0, "iskola_10p_seta": 0, "iskola_15p_seta": 0, "tavolsag_ovoda_halozati_m": null, "ovoda_5p_seta": 0, "ovoda_10p_seta": 0, "ovoda_15p_seta": 0, "tavolsag_bolt_halozati_m": null, "bolt_5p_seta": 0, "bolt_10p_seta": 0, "bolt_15p_seta": 0, "tavolsag_gyogyszertar_halozati_m": null, "gyogyszertar_5p_seta": 0, "gyogyszertar_10p_seta": 0, "gyogyszertar_15p_seta": 0, "tavolsag_orvos_halozati_m": null, "orvos_5p_seta": 0, "orvos_10p_seta": 0, "orvos_15p_seta": 0, "legkozelebbi_vasut": "", "legkozelebbi_metro": "", "legkozelebbi_villamos": "", "legkozelebbi_busz": "", "legkozelebbi_park": "", "legkozelebbi_kotottpalya_tipus": "", "varosresz_geokodolt": "Újhegy", "geokodolas_szolgaltato": "nominatim/photon", "felhasznalt_hazszam": 14.0, "legkozelebbi_iskola": "", "legkozelebbi_ovoda": "", "legkozelebbi_bolt": "", "legkozelebbi_gyogyszertar": "", "legkozelebbi_orvos": "", "menetido_iskola_gyalog_perc": null, "menetido_ovoda_gyalog_perc": null, "menetido_bolt_gyalog_perc": null, "menetido_gyogyszertar_gyalog_perc": null, "menetido_orvos_gyalog_perc": null }, "geometry": { "type": "Point", "coordinates": [ 19.1671859, 47.4675127 ] } },
{ "type": "Feature", "properties": { "listing_id": "32815501", "listing_type": "kiado", "ingatlan_tipus": "iroda", "cim_teljes": "Budapest X. kerület, Maglódi út 12.", "iranyitoszam": "1106", "varos": "Budapest", "utca": "Maglódi út", "hazszam": "12", "cim_forras": "strukturalt", "url": "https://ingatlan.com/x-ker/kiado+iroda/irodahelyiseg-irodahazban/32815501", "gyujtes_datuma": "2026-10-08", "price_huf": 196000.0, "ar_millio_ft": 0.196, "ar_ezer_ft_ho": 196.0, "nm_ar_huf": 2000.0, "log_ar": 12.185869938212655, "log_nm_ar": 7.6009024595420822, "is_ar_outlier": 1, "alapterulet_nm": 98.0, "korrigalt_alapterulet_nm": 98.0, "szobaszam_osszes": null, "szobaszam_kategoria": null, "allapot_kod": 0, "is_felujitando": 0, "is_ujszeru_vagy_uj": 0, "is_panel": 0, "is_tegla": 0, "has_lift": 1, "has_klima": 1, "has_erkely": 0, "is_foldszint": 0, "is_zaroszint": 0, "is_tetoter": 0, "epulet_kora_ev": null, "geokodolt_lat": 47.4851951, "geokodolt_lon": 19.1607178, "geokodolas_modszere": "cim_nominatim", "geokodolas_pontossag": "hazszam", "minta_garantalt_pontos": 1, "tavolsag_vasut_m": 878.6, "vasut_zona": "500-1000 m", "is_vasut_immisszio_150m": 0, "tavolsag_vasut_halozati_m": null, "menetido_vasut_gyalog_perc": null, "vasut_5p_seta": 0, "vasut_10p_seta": 0, "vasut_15p_seta": 0, "is_duplikalt_gyanus": 0, "varosresz": "Téglagyárdűlő", "title": "Ingatlan kép", "allapot": "nan", "ingatlan_altipus": "irodahelyiseg-irodahazban", "epites_eve": null, "epites_eve_kategoria": "Ismeretlen", "epites_eve_szoveg": "nan", "epites_eve_becsult": null, "erkely_nm": null, "szobaszam_egesz": null, "szobaszam_fel": null, "atlagos_szobameret_nm": null, "emelet": "1", "emelet_szam": 1.0, "epulet_szintjei_szam": 2.0, "is_magas_emelet_lift_nelkul": 0, "futes": "nan", "futes_kategoria": "egyeb", "has_tavfutes": 0, "has_konvektor": 0, "has_megujulo": 0, "has_garazs_vagy_beallo": 1, "energetikai_tanusitvany": "nincs megadva", "butorozott": "igen", "koltozheto": "azonnal", "min_berleti_ido": "12 hónap", "kertkapcsolatos": "nan", "kozos_koltseg_huf": null, "rezsikoltseg_huf": null, "kaucio_huf": null, "hirdeto_tipus": null, "iroda_neve": null, "leiras": "- Kiadó Iroda az M-12 Ipari Parkban - Kiadó egy szép, parkosított környezetben elhelyezkedő iroda az M-12 Ipari Park területén. Az első emeleti irodaegyüttes 5 különálló helyiségből, egy konyhából és egy előtérből áll. A bérlemény két irodája klímával van felszerelve, így a kényelmes munkavégzés egész évben biztosított. Főbb jellemzők: • Belső tér: 5 irodai helyiség, konyha és előtér • Kiváló elhelyezkedés: Zöldövezeti, parkosított környezetben • Biztonság: Kamerarendszer, portaszolgálat, éjjeli őrzés • Parkolás: Megegyezés szerint az épület előtt Közeli lehetőségek: • Étkezés: A közeli Lechner Rendezvényközpontban található Billog Étteremben • Bevásárlás: LIDL mindössze 5 perc sétára • Közlekedés: 95-ös busz és 28-as villamos megállója pár lépésre Bérleti díj és költségek: • Bérleti díj: 2000 Ft/m²/hó + üzemeltetési díj + rezsi • Kaució / szerződéskötéshez szükséges: 3 havi bérleti díj + 3 havi üzemeltetési díj • Üzemeltetési díj: 0,8 EUR /m²/hó, mely tartalmazza: o Éjszakai őrzés o Közös területek takarítása és világítása o Szemétszállítás • Rezsi: A bérlemény saját mérőórái alapján kerül elszámolásra Kérjen időpontot a megtekintésre még ma!", "oldal_allapot": "hirdetes", "leiras_hossz": 1161.0, "fenykepek_szama": null, "lat_portal": 47.48416, "lon_portal": 19.157627, "portal_pozicio_sugar_m": null, "price_eur": null, "nm_ar_eur": null, "kozos_koltseg_eur": null, "rezsikoltseg_eur": null, "kaucio_eur": null, "parkolas": "udvari beálló", "parkolohely_ara": null, "parkolohelyek_szama": null, "pince": "nan", "napelem": "nincs megadva", "komfort": "nan", "belmagassag_raw": "nan", "akadalymentesitett": "nan", "furdo_wc": "nan", "tajolas": "nan", "kilatas": "nan", "szigeteles": "nan", "tetoter": "nem tetőtéri", "panelprogram": "nan", "gepesitett": "nan", "kisallat": "nan", "dohanyzas": "nan", "atlag_gazfogyasztas": "nan", "atlag_aramfogyasztas": "nan", "tavolsag_metro_halozati_m": null, "menetido_metro_gyalog_perc": null, "metro_5p_seta": 0, "metro_10p_seta": 0, "metro_15p_seta": 0, "tavolsag_villamos_halozati_m": null, "menetido_villamos_gyalog_perc": null, "villamos_5p_seta": 0, "villamos_10p_seta": 0, "villamos_15p_seta": 0, "tavolsag_busz_halozati_m": null, "menetido_busz_gyalog_perc": null, "busz_5p_seta": 0, "busz_10p_seta": 0, "busz_15p_seta": 0, "tavolsag_kotottpalya_halozati_m": null, "menetido_kotottpalya_gyalog_perc": null, "kotottpalya_5p_seta": 0, "kotottpalya_10p_seta": 0, "kotottpalya_15p_seta": 0, "tavolsag_park_halozati_m": null, "menetido_park_gyalog_perc": null, "park_5p_seta": 0, "park_10p_seta": 0, "park_15p_seta": 0, "poi_5p_count": null, "poi_10p_count": null, "poi_15p_count": null, "tavolsag_iskola_halozati_m": null, "iskola_5p_seta": 0, "iskola_10p_seta": 0, "iskola_15p_seta": 0, "tavolsag_ovoda_halozati_m": null, "ovoda_5p_seta": 0, "ovoda_10p_seta": 0, "ovoda_15p_seta": 0, "tavolsag_bolt_halozati_m": null, "bolt_5p_seta": 0, "bolt_10p_seta": 0, "bolt_15p_seta": 0, "tavolsag_gyogyszertar_halozati_m": null, "gyogyszertar_5p_seta": 0, "gyogyszertar_10p_seta": 0, "gyogyszertar_15p_seta": 0, "tavolsag_orvos_halozati_m": null, "orvos_5p_seta": 0, "orvos_10p_seta": 0, "orvos_15p_seta": 0, "legkozelebbi_vasut": "", "legkozelebbi_metro": "", "legkozelebbi_villamos": "", "legkozelebbi_busz": "", "legkozelebbi_park": "", "legkozelebbi_kotottpalya_tipus": "", "varosresz_geokodolt": "Téglagyárdűlő", "geokodolas_szolgaltato": "nominatim/photon", "felhasznalt_hazszam": 12.0, "legkozelebbi_iskola": "", "legkozelebbi_ovoda": "", "legkozelebbi_bolt": "", "legkozelebbi_gyogyszertar": "", "legkozelebbi_orvos": "", "menetido_iskola_gyalog_perc": null, "menetido_ovoda_gyalog_perc": null, "menetido_bolt_gyalog_perc": null, "menetido_gyogyszertar_gyalog_perc": null, "menetido_orvos_gyalog_perc": null }, "geometry": { "type": "Point", "coordinates": [ 19.1607178, 47.4851951 ] } },
{ "type": "Feature", "properties": { "listing_id": "32997069", "listing_type": "kiado", "ingatlan_tipus": "garazs", "cim_teljes": "Budapest X. kerület, Szent László tér 24.", "iranyitoszam": "1105", "varos": "Budapest", "utca": "Szent László tér", "hazszam": "24", "cim_forras": "strukturalt", "url": "https://ingatlan.com/x-ker/kiado+garazs/teremgarazs-hely/32997069", "gyujtes_datuma": "2026-10-08", "price_huf": 12000.0, "ar_millio_ft": 0.012, "ar_ezer_ft_ho": 12.0, "nm_ar_huf": 750.0, "log_ar": 9.3926619287701367, "log_nm_ar": 6.620073206530356, "is_ar_outlier": 1, "alapterulet_nm": 16.0, "korrigalt_alapterulet_nm": 16.0, "szobaszam_osszes": null, "szobaszam_kategoria": null, "allapot_kod": 5, "is_felujitando": 0, "is_ujszeru_vagy_uj": 1, "is_panel": 0, "is_tegla": 0, "has_lift": 1, "has_klima": 1, "has_erkely": 0, "is_foldszint": 0, "is_zaroszint": 0, "is_tetoter": 0, "epulet_kora_ev": null, "geokodolt_lat": 47.4877067, "geokodolt_lon": 19.1313394, "geokodolas_modszere": "cim_nominatim", "geokodolas_pontossag": "hazszam", "minta_garantalt_pontos": 1, "tavolsag_vasut_m": 380.8, "vasut_zona": "300-500 m", "is_vasut_immisszio_150m": 0, "tavolsag_vasut_halozati_m": 753.4, "menetido_vasut_gyalog_perc": 10.0, "vasut_5p_seta": 0, "vasut_10p_seta": 0, "vasut_15p_seta": 1, "is_duplikalt_gyanus": 0, "varosresz": "Ligettelek", "title": "Nincs kép", "allapot": "újszerű", "ingatlan_altipus": "teremgarazs-hely", "epites_eve": null, "epites_eve_kategoria": "Ismeretlen", "epites_eve_szoveg": "nincs megadva", "epites_eve_becsult": null, "erkely_nm": null, "szobaszam_egesz": null, "szobaszam_fel": null, "atlagos_szobameret_nm": null, "emelet": "nan", "emelet_szam": null, "epulet_szintjei_szam": null, "is_magas_emelet_lift_nelkul": 0, "futes": "nan", "futes_kategoria": "egyeb", "has_tavfutes": 0, "has_konvektor": 0, "has_megujulo": 0, "has_garazs_vagy_beallo": 0, "energetikai_tanusitvany": "nan", "butorozott": "nan", "koltozheto": "azonnal", "min_berleti_ido": "nincs megadva", "kertkapcsolatos": "nan", "kozos_koltseg_huf": null, "rezsikoltseg_huf": null, "kaucio_huf": null, "hirdeto_tipus": null, "iroda_neve": null, "leiras": "Motorkerékpár számára parkolóhely kiadó a Szent László tér 24 alatti teremgarázsban.", "oldal_allapot": "hirdetes", "leiras_hossz": 84.0, "fenykepek_szama": 2.0, "lat_portal": 47.487645, "lon_portal": 19.13116, "portal_pozicio_sugar_m": null, "price_eur": null, "nm_ar_eur": null, "kozos_koltseg_eur": null, "rezsikoltseg_eur": null, "kaucio_eur": null, "parkolas": "nan", "parkolohely_ara": null, "parkolohelyek_szama": 1.0, "pince": "nan", "napelem": "nan", "komfort": "nan", "belmagassag_raw": "nan", "akadalymentesitett": "nan", "furdo_wc": "nan", "tajolas": "nan", "kilatas": "nan", "szigeteles": "nan", "tetoter": "nan", "panelprogram": "nan", "gepesitett": "nan", "kisallat": "nan", "dohanyzas": "nan", "atlag_gazfogyasztas": "nan", "atlag_aramfogyasztas": "nan", "tavolsag_metro_halozati_m": null, "menetido_metro_gyalog_perc": null, "metro_5p_seta": 0, "metro_10p_seta": 0, "metro_15p_seta": 0, "tavolsag_villamos_halozati_m": 328.4, "menetido_villamos_gyalog_perc": 4.4, "villamos_5p_seta": 1, "villamos_10p_seta": 1, "villamos_15p_seta": 1, "tavolsag_busz_halozati_m": 283.9, "menetido_busz_gyalog_perc": 3.8, "busz_5p_seta": 1, "busz_10p_seta": 1, "busz_15p_seta": 1, "tavolsag_kotottpalya_halozati_m": 328.4, "menetido_kotottpalya_gyalog_perc": 4.4, "kotottpalya_5p_seta": 1, "kotottpalya_10p_seta": 1, "kotottpalya_15p_seta": 1, "tavolsag_park_halozati_m": 170.5, "menetido_park_gyalog_perc": 2.3, "park_5p_seta": 1, "park_10p_seta": 1, "park_15p_seta": 1, "poi_5p_count": 8.0, "poi_10p_count": 63.0, "poi_15p_count": 110.0, "tavolsag_iskola_halozati_m": 1136.9, "iskola_5p_seta": 0, "iskola_10p_seta": 0, "iskola_15p_seta": 0, "tavolsag_ovoda_halozati_m": 561.3, "ovoda_5p_seta": 0, "ovoda_10p_seta": 1, "ovoda_15p_seta": 1, "tavolsag_bolt_halozati_m": 289.6, "bolt_5p_seta": 1, "bolt_10p_seta": 1, "bolt_15p_seta": 1, "tavolsag_gyogyszertar_halozati_m": 441.2, "gyogyszertar_5p_seta": 0, "gyogyszertar_10p_seta": 1, "gyogyszertar_15p_seta": 1, "tavolsag_orvos_halozati_m": null, "orvos_5p_seta": 0, "orvos_10p_seta": 0, "orvos_15p_seta": 0, "legkozelebbi_vasut": "Kőbánya felső", "legkozelebbi_metro": "", "legkozelebbi_villamos": "Szent László tér", "legkozelebbi_busz": "Szent László tér", "legkozelebbi_park": "", "legkozelebbi_kotottpalya_tipus": "villamos", "varosresz_geokodolt": "Ligettelek", "geokodolas_szolgaltato": "nominatim/photon", "felhasznalt_hazszam": 24.0, "legkozelebbi_iskola": "Janikovszky Éva Általános Iskola", "legkozelebbi_ovoda": "Apró csodák Bölcsőde", "legkozelebbi_bolt": "Pek-snack", "legkozelebbi_gyogyszertar": "Benu", "legkozelebbi_orvos": "", "menetido_iskola_gyalog_perc": 15.2, "menetido_ovoda_gyalog_perc": 7.5, "menetido_bolt_gyalog_perc": 3.9, "menetido_gyogyszertar_gyalog_perc": 5.9, "menetido_orvos_gyalog_perc": null }, "geometry": { "type": "Point", "coordinates": [ 19.1313394, 47.4877067 ] } },
{ "type": "Feature", "properties": { "listing_id": "33215232", "listing_type": "kiado", "ingatlan_tipus": "lakas", "cim_teljes": "Budapest X. kerület, Üllői köz 120-122.", "iranyitoszam": "1101", "varos": "Budapest", "utca": "Üllői köz", "hazszam": "120-122", "cim_forras": "strukturalt", "url": "https://ingatlan.com/x-ker/kiado+lakas/tegla-lakas/33215232", "gyujtes_datuma": "2026-10-08", "price_huf": 190000.0, "ar_millio_ft": 0.19, "ar_ezer_ft_ho": 190.0, "nm_ar_huf": 4750.0, "log_ar": 12.154779351142624, "log_nm_ar": 8.4658998970286863, "is_ar_outlier": 0, "alapterulet_nm": 40.0, "korrigalt_alapterulet_nm": 40.0, "szobaszam_osszes": 2.0, "szobaszam_kategoria": "2 szoba", "allapot_kod": 3, "is_felujitando": 0, "is_ujszeru_vagy_uj": 0, "is_panel": 0, "is_tegla": 1, "has_lift": 0, "has_klima": 1, "has_erkely": 0, "is_foldszint": 0, "is_zaroszint": 1, "is_tetoter": 0, "epulet_kora_ev": 45.0, "geokodolt_lat": 47.470101, "geokodolt_lon": 19.1142969, "geokodolas_modszere": "cim_nominatim", "geokodolas_pontossag": "hazszam", "minta_garantalt_pontos": 1, "tavolsag_vasut_m": 488.3, "vasut_zona": "300-500 m", "is_vasut_immisszio_150m": 0, "tavolsag_vasut_halozati_m": 353.5, "menetido_vasut_gyalog_perc": 4.7, "vasut_5p_seta": 1, "vasut_10p_seta": 1, "vasut_15p_seta": 1, "is_duplikalt_gyanus": 0, "varosresz": "Gyárdűlő", "title": "Ingatlan kép", "allapot": "jó állapotú", "ingatlan_altipus": "tegla-lakas", "epites_eve": 1981.0, "epites_eve_kategoria": "30-60 év (panel-korszak)", "epites_eve_szoveg": "1981 és 2000 között", "epites_eve_becsult": null, "erkely_nm": null, "szobaszam_egesz": 2.0, "szobaszam_fel": 0.0, "atlagos_szobameret_nm": 20.0, "emelet": "3", "emelet_szam": 3.0, "epulet_szintjei_szam": 3.0, "is_magas_emelet_lift_nelkul": 1, "futes": "gázkazán, hűtő-fűtő klíma", "futes_kategoria": "gaz", "has_tavfutes": 0, "has_konvektor": 0, "has_megujulo": 0, "has_garazs_vagy_beallo": 0, "energetikai_tanusitvany": "nincs megadva", "butorozott": "igen", "koltozheto": "azonnal", "min_berleti_ido": "12 hónap", "kertkapcsolatos": "nem", "kozos_koltseg_huf": 12510.0, "rezsikoltseg_huf": 14000.0, "kaucio_huf": null, "hirdeto_tipus": null, "iroda_neve": null, "leiras": "Kiadó a X. kerületben, Üllői út cím alatt egy remek adottságokkal rendelkező, 1 szobás, bútorozott, gépesített ingatlan hosszútávra. Előnyös adottságok: klíma, amerikai konyha, szabályozható fűtés! Mivel több lakást hirdetek egyszerre, ezért kérem, hogy elsősorban SMS formájában keress meg. Küldd el a neved a megtekinteni kívánt ingatlan címével együtt, hogy mihamarabb felvehessem veled a kapcsolatot! :) További részletek: - 3. emelet (lift nincs) - 35 m2 - udvari kilátás - fürdőszoba és wc külön - parkolás: utcán, fizetős Közös költség: 12 510 Ft Rezsiköltség: 14 000 Ft (fogyasztás alapján fizetendő: víz, villany, gáz) Bérléssel kapcsolatos előnyök: - a lakás magyar tulajdonosé - szerződéskötés előtt bemutatásra kerül az ingatlan tulajdoni lapja - a bérleti díjat átutalással lehet megfizetni - a műszaki hibaelhárítás gyors, mivel a tulajdonos lakáskezelő cég segítségét veszi igénybe - tartózkodási hely/ideiglenes lakcímre való bejelentkezés engedélyezett - kiköltözéskor a kaució tisztességesen elszámolásra kerül. Fontos tudnivalók: - háziállattal ebbe az ingatlanba sajnos nem lehet költözni - 1 év határozott időtartamú bérleti szerződést kell aláírni - két havi kaució és első havi bérleti díj megfizetése szükséges - kiköltözésre vonatkozó közjegyzői okirat készül - jövedelem meglétének igazolása előfeltétel. Várom megkeresésed, ha szimpatikusnak találod az általam meghirdetett ingatlant, és bízom benne, hogy hamarosan személyesen is találkozunk! A képek és a leírás szerzői jogvédelem alatt állnak, a hirdetésben megjelenített adatok és információk pedig tájékoztató jellegűek, ezért az esetleges pontatlanságokért felelősséget nem vállalunk. Köszönjük megértésed!", "oldal_allapot": "hirdetes", "leiras_hossz": 1689.0, "fenykepek_szama": 6.0, "lat_portal": 47.470125, "lon_portal": 19.114193, "portal_pozicio_sugar_m": null, "price_eur": null, "nm_ar_eur": null, "kozos_koltseg_eur": null, "rezsikoltseg_eur": null, "kaucio_eur": null, "parkolas": "utca, közterület - ingyenes", "parkolohely_ara": null, "parkolohelyek_szama": null, "pince": "nan", "napelem": "nan", "komfort": "összkomfortos", "belmagassag_raw": "3 m-nél alacsonyabb", "akadalymentesitett": "nem", "furdo_wc": "külön helyiségben", "tajolas": "kelet", "kilatas": "udvari", "szigeteles": "nincs", "tetoter": "nem tetőtéri", "panelprogram": "nan", "gepesitett": "igen", "kisallat": "nem hozható", "dohanyzas": "nem megengedett", "atlag_gazfogyasztas": "nincs megadva", "atlag_aramfogyasztas": "nincs megadva", "tavolsag_metro_halozati_m": 255.5, "menetido_metro_gyalog_perc": 3.4, "metro_5p_seta": 1, "metro_10p_seta": 1, "metro_15p_seta": 1, "tavolsag_villamos_halozati_m": 465.7, "menetido_villamos_gyalog_perc": 6.2, "villamos_5p_seta": 0, "villamos_10p_seta": 1, "villamos_15p_seta": 1, "tavolsag_busz_halozati_m": 273.7, "menetido_busz_gyalog_perc": 3.6, "busz_5p_seta": 1, "busz_10p_seta": 1, "busz_15p_seta": 1, "tavolsag_kotottpalya_halozati_m": 255.5, "menetido_kotottpalya_gyalog_perc": 3.4, "kotottpalya_5p_seta": 1, "kotottpalya_10p_seta": 1, "kotottpalya_15p_seta": 1, "tavolsag_park_halozati_m": 126.0, "menetido_park_gyalog_perc": 1.7, "park_5p_seta": 1, "park_10p_seta": 1, "park_15p_seta": 1, "poi_5p_count": 28.0, "poi_10p_count": 75.0, "poi_15p_count": 114.0, "tavolsag_iskola_halozati_m": 654.5, "iskola_5p_seta": 0, "iskola_10p_seta": 1, "iskola_15p_seta": 1, "tavolsag_ovoda_halozati_m": 575.2, "ovoda_5p_seta": 0, "ovoda_10p_seta": 1, "ovoda_15p_seta": 1, "tavolsag_bolt_halozati_m": 128.8, "bolt_5p_seta": 1, "bolt_10p_seta": 1, "bolt_15p_seta": 1, "tavolsag_gyogyszertar_halozati_m": 558.4, "gyogyszertar_5p_seta": 0, "gyogyszertar_10p_seta": 1, "gyogyszertar_15p_seta": 1, "tavolsag_orvos_halozati_m": 593.8, "orvos_5p_seta": 0, "orvos_10p_seta": 1, "orvos_15p_seta": 1, "legkozelebbi_vasut": "Ecseri út", "legkozelebbi_metro": "", "legkozelebbi_villamos": "Ecseri út M", "legkozelebbi_busz": "Pöttyös utca M", "legkozelebbi_park": "", "legkozelebbi_kotottpalya_tipus": "metro", "varosresz_geokodolt": "Gyárdűlő", "geokodolas_szolgaltato": "nominatim/photon", "felhasznalt_hazszam": 120.0, "legkozelebbi_iskola": "Kosztolányi Dezső Általános Iskola", "legkozelebbi_ovoda": "Kőbányai Gézengúz Óvoda", "legkozelebbi_bolt": "Közért", "legkozelebbi_gyogyszertar": "Somfa patika", "legkozelebbi_orvos": "Rendelőintézet", "menetido_iskola_gyalog_perc": 8.7, "menetido_ovoda_gyalog_perc": 7.7, "menetido_bolt_gyalog_perc": 1.7, "menetido_gyogyszertar_gyalog_perc": 7.4, "menetido_orvos_gyalog_perc": 7.9 }, "geometry": { "type": "Point", "coordinates": [ 19.1142969, 47.470101 ] } },
{ "type": "Feature", "properties": { "listing_id": "33258887", "listing_type": "kiado", "ingatlan_tipus": "raktar", "cim_teljes": "Budapest X. kerület, Maglódi út 47.", "iranyitoszam": "1106", "varos": "Budapest", "utca": "Maglódi út", "hazszam": "47", "cim_forras": "strukturalt", "url": "https://ingatlan.com/x-ker/kiado+raktar/raktarhelyiseg/33258887", "gyujtes_datuma": "2026-10-08", "price_huf": 382940.0, "ar_millio_ft": 0.38294, "ar_ezer_ft_ho": 382.94, "nm_ar_huf": 2293.0538922155688, "log_ar": 12.855633597927197, "log_nm_ar": 7.7376397855104413, "is_ar_outlier": 1, "alapterulet_nm": 167.0, "korrigalt_alapterulet_nm": 167.0, "szobaszam_osszes": null, "szobaszam_kategoria": null, "allapot_kod": 0, "is_felujitando": 0, "is_ujszeru_vagy_uj": 0, "is_panel": 0, "is_tegla": 0, "has_lift": 1, "has_klima": 1, "has_erkely": 0, "is_foldszint": 0, "is_zaroszint": 0, "is_tetoter": 0, "epulet_kora_ev": 86.0, "geokodolt_lat": 47.4828848, "geokodolt_lon": 19.1554709, "geokodolas_modszere": "cim_nominatim", "geokodolas_pontossag": "hazszam", "minta_garantalt_pontos": 1, "tavolsag_vasut_m": 1018.6, "vasut_zona": "1000-2000 m", "is_vasut_immisszio_150m": 0, "tavolsag_vasut_halozati_m": null, "menetido_vasut_gyalog_perc": null, "vasut_5p_seta": 0, "vasut_10p_seta": 0, "vasut_15p_seta": 0, "is_duplikalt_gyanus": 0, "varosresz": "Óhegy", "title": "Ingatlan kép", "allapot": "nan", "ingatlan_altipus": "raktarhelyiseg", "epites_eve": 1940.0, "epites_eve_kategoria": "60+ év (háború előtti)", "epites_eve_szoveg": "nan", "epites_eve_becsult": null, "erkely_nm": null, "szobaszam_egesz": null, "szobaszam_fel": null, "atlagos_szobameret_nm": null, "emelet": "félemelet", "emelet_szam": null, "epulet_szintjei_szam": 5.0, "is_magas_emelet_lift_nelkul": 0, "futes": "nan", "futes_kategoria": "egyeb", "has_tavfutes": 0, "has_konvektor": 0, "has_megujulo": 0, "has_garazs_vagy_beallo": 0, "energetikai_tanusitvany": "nincs megadva", "butorozott": "nan", "koltozheto": "azonnal", "min_berleti_ido": "12 hónap", "kertkapcsolatos": "nan", "kozos_koltseg_huf": null, "rezsikoltseg_huf": null, "kaucio_huf": null, "hirdeto_tipus": null, "iroda_neve": null, "leiras": "167,4 négyzetméteres raktárhelyiséget kínálunk az M47 Vállalkozói Park épületének magas földszintjén. Bérleti díj: 3,5 EUR/m2+ÁFA Fenntartási és üzemeltetési díj: 566 Ft/m2+ÁFA. A hirdetésben szereplő ár a bérleti díjat, a fenntartási és üzemeltetési díjat és az ÁFA-t tartalmazza. M47 Vállalkozói Parkunkról bővebben: Az ingatlan bérletre és egységenként NHP-val eladásra is kínálva. Ez a különleges hangulatú ipari park a 10. kerület rendkívül jól megközelíthető részén, a Maglódi úton helyezkedik el. Számos autóbusz és villamos elérhető az ipari park közvetlen környezetében, a 85E busz megállója a bejárattól néhány méterre található. Az M47 Vállalkozói Park múltidéző építészeti megoldásai különleges környezetet teremtenek, így ideális azok számára, akik nem mindennapi munkahelyre vágynak. Legyen szó akár teherlifttel ellátott hidegraktárról, rámpázott, nagy belmagasságú csarnokról vagy kisméretű irodáról, az ipari park területén biztosan talál elképzeléseinek megfelelő területet. Jó megközelítés, kamionfogadásra alkalmas területek – Rugalmas belső kialakítások, különböző belmagasságú raktárak – Bérleti és lízing konstrukció – Kamera rendszer, éjszakai járőrözés, portaszolgálat – Helyszíni karbantartó – Lakossági szolgáltatások, helyiség pár hónapra is", "oldal_allapot": "hirdetes", "leiras_hossz": 1269.0, "fenykepek_szama": null, "lat_portal": 47.484098, "lon_portal": 19.156539, "portal_pozicio_sugar_m": null, "price_eur": null, "nm_ar_eur": null, "kozos_koltseg_eur": null, "rezsikoltseg_eur": null, "kaucio_eur": null, "parkolas": "nan", "parkolohely_ara": null, "parkolohelyek_szama": null, "pince": "nan", "napelem": "nan", "komfort": "nan", "belmagassag_raw": "nan", "akadalymentesitett": "nan", "furdo_wc": "nan", "tajolas": "nan", "kilatas": "nan", "szigeteles": "nan", "tetoter": "nan", "panelprogram": "nan", "gepesitett": "nan", "kisallat": "nan", "dohanyzas": "nan", "atlag_gazfogyasztas": "nan", "atlag_aramfogyasztas": "nan", "tavolsag_metro_halozati_m": null, "menetido_metro_gyalog_perc": null, "metro_5p_seta": 0, "metro_10p_seta": 0, "metro_15p_seta": 0, "tavolsag_villamos_halozati_m": null, "menetido_villamos_gyalog_perc": null, "villamos_5p_seta": 0, "villamos_10p_seta": 0, "villamos_15p_seta": 0, "tavolsag_busz_halozati_m": null, "menetido_busz_gyalog_perc": null, "busz_5p_seta": 0, "busz_10p_seta": 0, "busz_15p_seta": 0, "tavolsag_kotottpalya_halozati_m": null, "menetido_kotottpalya_gyalog_perc": null, "kotottpalya_5p_seta": 0, "kotottpalya_10p_seta": 0, "kotottpalya_15p_seta": 0, "tavolsag_park_halozati_m": null, "menetido_park_gyalog_perc": null, "park_5p_seta": 0, "park_10p_seta": 0, "park_15p_seta": 0, "poi_5p_count": null, "poi_10p_count": null, "poi_15p_count": null, "tavolsag_iskola_halozati_m": null, "iskola_5p_seta": 0, "iskola_10p_seta": 0, "iskola_15p_seta": 0, "tavolsag_ovoda_halozati_m": null, "ovoda_5p_seta": 0, "ovoda_10p_seta": 0, "ovoda_15p_seta": 0, "tavolsag_bolt_halozati_m": null, "bolt_5p_seta": 0, "bolt_10p_seta": 0, "bolt_15p_seta": 0, "tavolsag_gyogyszertar_halozati_m": null, "gyogyszertar_5p_seta": 0, "gyogyszertar_10p_seta": 0, "gyogyszertar_15p_seta": 0, "tavolsag_orvos_halozati_m": null, "orvos_5p_seta": 0, "orvos_10p_seta": 0, "orvos_15p_seta": 0, "legkozelebbi_vasut": "", "legkozelebbi_metro": "", "legkozelebbi_villamos": "", "legkozelebbi_busz": "", "legkozelebbi_park": "", "legkozelebbi_kotottpalya_tipus": "", "varosresz_geokodolt": "Óhegy", "geokodolas_szolgaltato": "nominatim/photon", "felhasznalt_hazszam": 47.0, "legkozelebbi_iskola": "", "legkozelebbi_ovoda": "", "legkozelebbi_bolt": "", "legkozelebbi_gyogyszertar": "", "legkozelebbi_orvos": "", "menetido_iskola_gyalog_perc": null, "menetido_ovoda_gyalog_perc": null, "menetido_bolt_gyalog_perc": null, "menetido_gyogyszertar_gyalog_perc": null, "menetido_orvos_gyalog_perc": null }, "geometry": { "type": "Point", "coordinates": [ 19.1554709, 47.4828848 ] } },
{ "type": "Feature", "properties": { "listing_id": "33258900", "listing_type": "kiado", "ingatlan_tipus": "raktar", "cim_teljes": "Budapest X. kerület, Maglódi út 47.", "iranyitoszam": "1106", "varos": "Budapest", "utca": "Maglódi út", "hazszam": "47", "cim_forras": "strukturalt", "url": "https://ingatlan.com/x-ker/kiado+raktar/raktarhelyiseg/33258900", "gyujtes_datuma": "2026-10-08", "price_huf": 754887.0, "ar_millio_ft": 0.754887, "ar_ezer_ft_ho": 754.887, "nm_ar_huf": 2287.5363636363636, "log_ar": 13.534323348155485, "log_nm_ar": 7.7352306936949597, "is_ar_outlier": 1, "alapterulet_nm": 330.0, "korrigalt_alapterulet_nm": 330.0, "szobaszam_osszes": null, "szobaszam_kategoria": null, "allapot_kod": 0, "is_felujitando": 0, "is_ujszeru_vagy_uj": 0, "is_panel": 0, "is_tegla": 0, "has_lift": 1, "has_klima": 1, "has_erkely": 0, "is_foldszint": 0, "is_zaroszint": 0, "is_tetoter": 0, "epulet_kora_ev": 86.0, "geokodolt_lat": 47.4828848, "geokodolt_lon": 19.1554709, "geokodolas_modszere": "cim_nominatim", "geokodolas_pontossag": "hazszam", "minta_garantalt_pontos": 1, "tavolsag_vasut_m": 1018.6, "vasut_zona": "1000-2000 m", "is_vasut_immisszio_150m": 0, "tavolsag_vasut_halozati_m": null, "menetido_vasut_gyalog_perc": null, "vasut_5p_seta": 0, "vasut_10p_seta": 0, "vasut_15p_seta": 0, "is_duplikalt_gyanus": 0, "varosresz": "Óhegy", "title": "Ingatlan kép", "allapot": "nan", "ingatlan_altipus": "raktarhelyiseg", "epites_eve": 1940.0, "epites_eve_kategoria": "60+ év (háború előtti)", "epites_eve_szoveg": "nan", "epites_eve_becsult": null, "erkely_nm": null, "szobaszam_egesz": null, "szobaszam_fel": null, "atlagos_szobameret_nm": null, "emelet": "félemelet", "emelet_szam": null, "epulet_szintjei_szam": 5.0, "is_magas_emelet_lift_nelkul": 0, "futes": "nan", "futes_kategoria": "egyeb", "has_tavfutes": 0, "has_konvektor": 0, "has_megujulo": 0, "has_garazs_vagy_beallo": 0, "energetikai_tanusitvany": "nincs megadva", "butorozott": "nan", "koltozheto": "azonnal", "min_berleti_ido": "12 hónap", "kertkapcsolatos": "nan", "kozos_koltseg_huf": null, "rezsikoltseg_huf": null, "kaucio_huf": null, "hirdeto_tipus": null, "iroda_neve": null, "leiras": "Béreljen magas földszintes 330 négyzetméteres raktárhelyiséget kínálunk az M47 Vállalkozói Park területén. Bérleti díj: 3,5 EUR/m2+ÁFA Fenntartási és üzemeltetési díj: 566 Ft/m2+ÁFA. A hirdetésben szereplő ár a bérleti díjat, a fenntartási és üzemeltetési díjat és az ÁFA-t tartalmazza. M47 Vállalkozói Parkunkról bővebben: Az ingatlan bérletre és egységenként NHP-val eladásra is kínálva. Ez a különleges hangulatú ipari park a 10. kerület rendkívül jól megközelíthető részén, a Maglódi úton helyezkedik el. Számos autóbusz és villamos elérhető az ipari park közvetlen környezetében, a 85E busz megállója a bejárattól néhány méterre található. Az M47 Vállalkozói Park múltidéző építészeti megoldásai különleges környezetet teremtenek, így ideális azok számára, akik nem mindennapi munkahelyre vágynak. Legyen szó akár teherlifttel ellátott hidegraktárról, rámpázott, nagy belmagasságú csarnokról vagy kisméretű irodáról, az ipari park területén biztosan talál elképzeléseinek megfelelő területet. Jó megközelítés, kamionfogadásra alkalmas területek – Rugalmas belső kialakítások, különböző belmagasságú raktárak – Bérleti és lízing konstrukció – Kamera rendszer, éjszakai járőrözés, portaszolgálat – Helyszíni karbantartó – Lakossági szolgáltatások, helyiség pár hónapra is", "oldal_allapot": "hirdetes", "leiras_hossz": 1274.0, "fenykepek_szama": null, "lat_portal": 47.484098, "lon_portal": 19.156539, "portal_pozicio_sugar_m": null, "price_eur": null, "nm_ar_eur": null, "kozos_koltseg_eur": null, "rezsikoltseg_eur": null, "kaucio_eur": null, "parkolas": "nan", "parkolohely_ara": null, "parkolohelyek_szama": null, "pince": "nan", "napelem": "nan", "komfort": "nan", "belmagassag_raw": "nan", "akadalymentesitett": "nan", "furdo_wc": "nan", "tajolas": "nan", "kilatas": "nan", "szigeteles": "nan", "tetoter": "nan", "panelprogram": "nan", "gepesitett": "nan", "kisallat": "nan", "dohanyzas": "nan", "atlag_gazfogyasztas": "nan", "atlag_aramfogyasztas": "nan", "tavolsag_metro_halozati_m": null, "menetido_metro_gyalog_perc": null, "metro_5p_seta": 0, "metro_10p_seta": 0, "metro_15p_seta": 0, "tavolsag_villamos_halozati_m": null, "menetido_villamos_gyalog_perc": null, "villamos_5p_seta": 0, "villamos_10p_seta": 0, "villamos_15p_seta": 0, "tavolsag_busz_halozati_m": null, "menetido_busz_gyalog_perc": null, "busz_5p_seta": 0, "busz_10p_seta": 0, "busz_15p_seta": 0, "tavolsag_kotottpalya_halozati_m": null, "menetido_kotottpalya_gyalog_perc": null, "kotottpalya_5p_seta": 0, "kotottpalya_10p_seta": 0, "kotottpalya_15p_seta": 0, "tavolsag_park_halozati_m": null, "menetido_park_gyalog_perc": null, "park_5p_seta": 0, "park_10p_seta": 0, "park_15p_seta": 0, "poi_5p_count": null, "poi_10p_count": null, "poi_15p_count": null, "tavolsag_iskola_halozati_m": null, "iskola_5p_seta": 0, "iskola_10p_seta": 0, "iskola_15p_seta": 0, "tavolsag_ovoda_halozati_m": null, "ovoda_5p_seta": 0, "ovoda_10p_seta": 0, "ovoda_15p_seta": 0, "tavolsag_bolt_halozati_m": null, "bolt_5p_seta": 0, "bolt_10p_seta": 0, "bolt_15p_seta": 0, "tavolsag_gyogyszertar_halozati_m": null, "gyogyszertar_5p_seta": 0, "gyogyszertar_10p_seta": 0, "gyogyszertar_15p_seta": 0, "tavolsag_orvos_halozati_m": null, "orvos_5p_seta": 0, "orvos_10p_seta": 0, "orvos_15p_seta": 0, "legkozelebbi_vasut": "", "legkozelebbi_metro": "", "legkozelebbi_villamos": "", "legkozelebbi_busz": "", "legkozelebbi_park": "", "legkozelebbi_kotottpalya_tipus": "", "varosresz_geokodolt": "Óhegy", "geokodolas_szolgaltato": "nominatim/photon", "felhasznalt_hazszam": 47.0, "legkozelebbi_iskola": "", "legkozelebbi_ovoda": "", "legkozelebbi_bolt": "", "legkozelebbi_gyogyszertar": "", "legkozelebbi_orvos": "", "menetido_iskola_gyalog_perc": null, "menetido_ovoda_gyalog_perc": null, "menetido_bolt_gyalog_perc": null, "menetido_gyogyszertar_gyalog_perc": null, "menetido_orvos_gyalog_perc": null }, "geometry": { "type": "Point", "coordinates": [ 19.1554709, 47.4828848 ] } },
{ "type": "Feature", "properties": { "listing_id": "33258962", "listing_type": "kiado", "ingatlan_tipus": "raktar", "cim_teljes": "Budapest X. kerület, Maglódi út 47.", "iranyitoszam": "1106", "varos": "Budapest", "utca": "Maglódi út", "hazszam": "47", "cim_forras": "strukturalt", "url": "https://ingatlan.com/x-ker/kiado+raktar/raktarhelyiseg/33258962", "gyujtes_datuma": "2026-10-08", "price_huf": 1268914.0, "ar_millio_ft": 1.268914, "ar_ezer_ft_ho": 1268.914, "nm_ar_huf": 2286.3315315315317, "log_ar": 14.053671974502484, "log_nm_ar": 7.7347038607560501, "is_ar_outlier": 1, "alapterulet_nm": 555.0, "korrigalt_alapterulet_nm": 555.0, "szobaszam_osszes": null, "szobaszam_kategoria": null, "allapot_kod": 0, "is_felujitando": 0, "is_ujszeru_vagy_uj": 0, "is_panel": 0, "is_tegla": 0, "has_lift": 1, "has_klima": 1, "has_erkely": 0, "is_foldszint": 1, "is_zaroszint": 0, "is_tetoter": 0, "epulet_kora_ev": 86.0, "geokodolt_lat": 47.4828848, "geokodolt_lon": 19.1554709, "geokodolas_modszere": "cim_nominatim", "geokodolas_pontossag": "hazszam", "minta_garantalt_pontos": 1, "tavolsag_vasut_m": 1018.6, "vasut_zona": "1000-2000 m", "is_vasut_immisszio_150m": 0, "tavolsag_vasut_halozati_m": null, "menetido_vasut_gyalog_perc": null, "vasut_5p_seta": 0, "vasut_10p_seta": 0, "vasut_15p_seta": 0, "is_duplikalt_gyanus": 0, "varosresz": "Óhegy", "title": "Ingatlan kép", "allapot": "nan", "ingatlan_altipus": "raktarhelyiseg", "epites_eve": 1940.0, "epites_eve_kategoria": "60+ év (háború előtti)", "epites_eve_szoveg": "nan", "epites_eve_becsult": null, "erkely_nm": null, "szobaszam_egesz": null, "szobaszam_fel": null, "atlagos_szobameret_nm": null, "emelet": "földszint", "emelet_szam": null, "epulet_szintjei_szam": null, "is_magas_emelet_lift_nelkul": 0, "futes": "nan", "futes_kategoria": "egyeb", "has_tavfutes": 0, "has_konvektor": 0, "has_megujulo": 0, "has_garazs_vagy_beallo": 0, "energetikai_tanusitvany": "nincs megadva", "butorozott": "nan", "koltozheto": "azonnal", "min_berleti_ido": "12 hónap", "kertkapcsolatos": "nan", "kozos_koltseg_huf": null, "rezsikoltseg_huf": null, "kaucio_huf": null, "hirdeto_tipus": null, "iroda_neve": null, "leiras": "554.74 négyzetméteres földszinti raktárhelyiséget kínálunk az M47 Vállalkozói Park területén. Bérleti díj: 3,5 EUR/m2+ÁFA Fenntartási és üzemeltetési díj: 566 Ft/m2+ÁFA A hirdetésben szereplő ár bérleti díjat, fenntartási és üzemeltetési díjat és az ÁFA-t tartalmazza. M47 Vállalkozói Parkunkról bővebben: Az ingatlan bérletre és egységenként NHP-val eladásra is kínálva. Ez a különleges hangulatú ipari park a 10. kerület rendkívül jól megközelíthető részén, a Maglódi úton helyezkedik el. Számos autóbusz és villamos elérhető az ipari park közvetlen környezetében, a 85E busz megállója a bejárattól néhány méterre található. Az M47 Vállalkozói Park múltidéző építészeti megoldásai különleges környezetet teremtenek, így ideális azok számára, akik nem mindennapi munkahelyre vágynak. Legyen szó akár teherlifttel ellátott hidegraktárról, rámpázott, nagy belmagasságú csarnokról vagy kisméretű irodáról, az ipari park területén biztosan talál elképzeléseinek megfelelő területet. Jó megközelítés, kamionfogadásra alkalmas területek – Rugalmas belső kialakítások, különböző belmagasságú raktárak – Bérleti és lízing konstrukció – Kamera rendszer, éjszakai járőrözés, portaszolgálat – Helyszíni karbantartó – Lakossági szolgáltatások, helyiség pár hónapra is", "oldal_allapot": "hirdetes", "leiras_hossz": 1256.0, "fenykepek_szama": null, "lat_portal": 47.484098, "lon_portal": 19.156539, "portal_pozicio_sugar_m": null, "price_eur": null, "nm_ar_eur": null, "kozos_koltseg_eur": null, "rezsikoltseg_eur": null, "kaucio_eur": null, "parkolas": "nan", "parkolohely_ara": null, "parkolohelyek_szama": null, "pince": "nan", "napelem": "nan", "komfort": "nan", "belmagassag_raw": "nan", "akadalymentesitett": "nan", "furdo_wc": "nan", "tajolas": "nan", "kilatas": "nan", "szigeteles": "nan", "tetoter": "nan", "panelprogram": "nan", "gepesitett": "nan", "kisallat": "nan", "dohanyzas": "nan", "atlag_gazfogyasztas": "nan", "atlag_aramfogyasztas": "nan", "tavolsag_metro_halozati_m": null, "menetido_metro_gyalog_perc": null, "metro_5p_seta": 0, "metro_10p_seta": 0, "metro_15p_seta": 0, "tavolsag_villamos_halozati_m": null, "menetido_villamos_gyalog_perc": null, "villamos_5p_seta": 0, "villamos_10p_seta": 0, "villamos_15p_seta": 0, "tavolsag_busz_halozati_m": null, "menetido_busz_gyalog_perc": null, "busz_5p_seta": 0, "busz_10p_seta": 0, "busz_15p_seta": 0, "tavolsag_kotottpalya_halozati_m": null, "menetido_kotottpalya_gyalog_perc": null, "kotottpalya_5p_seta": 0, "kotottpalya_10p_seta": 0, "kotottpalya_15p_seta": 0, "tavolsag_park_halozati_m": null, "menetido_park_gyalog_perc": null, "park_5p_seta": 0, "park_10p_seta": 0, "park_15p_seta": 0, "poi_5p_count": null, "poi_10p_count": null, "poi_15p_count": null, "tavolsag_iskola_halozati_m": null, "iskola_5p_seta": 0, "iskola_10p_seta": 0, "iskola_15p_seta": 0, "tavolsag_ovoda_halozati_m": null, "ovoda_5p_seta": 0, "ovoda_10p_seta": 0, "ovoda_15p_seta": 0, "tavolsag_bolt_halozati_m": null, "bolt_5p_seta": 0, "bolt_10p_seta": 0, "bolt_15p_seta": 0, "tavolsag_gyogyszertar_halozati_m": null, "gyogyszertar_5p_seta": 0, "gyogyszertar_10p_seta": 0, "gyogyszertar_15p_seta": 0, "tavolsag_orvos_halozati_m": null, "orvos_5p_seta": 0, "orvos_10p_seta": 0, "orvos_15p_seta": 0, "legkozelebbi_vasut": "", "legkozelebbi_metro": "", "legkozelebbi_villamos": "", "legkozelebbi_busz": "", "legkozelebbi_park": "", "legkozelebbi_kotottpalya_tipus": "", "varosresz_geokodolt": "Óhegy", "geokodolas_szolgaltato": "nominatim/photon", "felhasznalt_hazszam": 47.0, "legkozelebbi_iskola": "", "legkozelebbi_ovoda": "", "legkozelebbi_bolt": "", "legkozelebbi_gyogyszertar": "", "legkozelebbi_orvos": "", "menetido_iskola_gyalog_perc": null, "menetido_ovoda_gyalog_perc": null, "menetido_bolt_gyalog_perc": null, "menetido_gyogyszertar_gyalog_perc": null, "menetido_orvos_gyalog_perc": null }, "geometry": { "type": "Point", "coordinates": [ 19.1554709, 47.4828848 ] } },
{ "type": "Feature", "properties": { "listing_id": "33258974", "listing_type": "kiado", "ingatlan_tipus": "raktar", "cim_teljes": "Budapest X. kerület, Maglódi út 47.", "iranyitoszam": "1106", "varos": "Budapest", "utca": "Maglódi út", "hazszam": "47", "cim_forras": "strukturalt", "url": "https://ingatlan.com/x-ker/kiado+raktar/raktarhelyiseg/33258974", "gyujtes_datuma": "2026-10-08", "price_huf": 1107298.0, "ar_millio_ft": 1.107298, "ar_ezer_ft_ho": 1107.298, "nm_ar_huf": 2287.8057851239669, "log_ar": 13.917433371489318, "log_nm_ar": 7.7353484647726871, "is_ar_outlier": 1, "alapterulet_nm": 484.0, "korrigalt_alapterulet_nm": 484.0, "szobaszam_osszes": null, "szobaszam_kategoria": null, "allapot_kod": 0, "is_felujitando": 0, "is_ujszeru_vagy_uj": 0, "is_panel": 0, "is_tegla": 0, "has_lift": 1, "has_klima": 1, "has_erkely": 0, "is_foldszint": 1, "is_zaroszint": 0, "is_tetoter": 0, "epulet_kora_ev": 86.0, "geokodolt_lat": 47.4828848, "geokodolt_lon": 19.1554709, "geokodolas_modszere": "cim_nominatim", "geokodolas_pontossag": "hazszam", "minta_garantalt_pontos": 1, "tavolsag_vasut_m": 1018.6, "vasut_zona": "1000-2000 m", "is_vasut_immisszio_150m": 0, "tavolsag_vasut_halozati_m": null, "menetido_vasut_gyalog_perc": null, "vasut_5p_seta": 0, "vasut_10p_seta": 0, "vasut_15p_seta": 0, "is_duplikalt_gyanus": 0, "varosresz": "Óhegy", "title": "Ingatlan kép", "allapot": "nan", "ingatlan_altipus": "raktarhelyiseg", "epites_eve": 1940.0, "epites_eve_kategoria": "60+ év (háború előtti)", "epites_eve_szoveg": "nan", "epites_eve_becsult": null, "erkely_nm": null, "szobaszam_egesz": null, "szobaszam_fel": null, "atlagos_szobameret_nm": null, "emelet": "földszint", "emelet_szam": null, "epulet_szintjei_szam": null, "is_magas_emelet_lift_nelkul": 0, "futes": "nan", "futes_kategoria": "egyeb", "has_tavfutes": 0, "has_konvektor": 0, "has_megujulo": 0, "has_garazs_vagy_beallo": 0, "energetikai_tanusitvany": "nincs megadva", "butorozott": "nan", "koltozheto": "azonnal", "min_berleti_ido": "12 hónap", "kertkapcsolatos": "nan", "kozos_koltseg_huf": null, "rezsikoltseg_huf": null, "kaucio_huf": null, "hirdeto_tipus": null, "iroda_neve": null, "leiras": "484 négyzetméteres raktárhelyiséget kínálunk az M47 Vállalkozói Park épületének földszintjén. Bérleti díj: 3,5 €/m2+ÁFA Fenntartási és üzemeltetési díj: 566 Ft/m2+ÁFA. A hirdetésben feltüntetett ár a bérleti díjat, fenntartási és üzemeltetési díjat és az ÁFA-t tartalmazza. M47 Vállalkozói Parkunkról bővebben: Az ingatlan bérletre és egységenként eladásra is kínálva. Ez a különleges hangulatú ipari park a 10. kerület rendkívül jól megközelíthető részén, a Maglódi úton helyezkedik el. Számos autóbusz és villamos elérhető az ipari park közvetlen környezetében, a 85E busz megállója a bejárattól néhány méterre található. Az M47 Vállalkozói Park múltidéző építészeti megoldásai különleges környezetet teremtenek, így ideális azok számára, akik nem mindennapi munkahelyre vágynak. Legyen szó akár teherlifttel ellátott hidegraktárról, rámpázott, nagy belmagasságú csarnokról vagy kisméretű irodáról, az ipari park területén biztosan talál elképzeléseinek megfelelő területet. Jó megközelítés, kamionfogadásra alkalmas területek – Rugalmas belső kialakítások, különböző belmagasságú raktárak – Bérleti és lízing konstrukció – Kamera rendszer, éjszakai járőrözés, portaszolgálat – Helyszíni karbantartó – Lakossági szolgáltatások, helyiség pár hónapra is Az ingatlan bérletre és egységenként eladásra is kínálva.", "oldal_allapot": "hirdetes", "leiras_hossz": 1311.0, "fenykepek_szama": null, "lat_portal": 47.484098, "lon_portal": 19.156539, "portal_pozicio_sugar_m": null, "price_eur": null, "nm_ar_eur": null, "kozos_koltseg_eur": null, "rezsikoltseg_eur": null, "kaucio_eur": null, "parkolas": "nan", "parkolohely_ara": null, "parkolohelyek_szama": null, "pince": "nan", "napelem": "nan", "komfort": "nan", "belmagassag_raw": "nan", "akadalymentesitett": "nan", "furdo_wc": "nan", "tajolas": "nan", "kilatas": "nan", "szigeteles": "nan", "tetoter": "nan", "panelprogram": "nan", "gepesitett": "nan", "kisallat": "nan", "dohanyzas": "nan", "atlag_gazfogyasztas": "nan", "atlag_aramfogyasztas": "nan", "tavolsag_metro_halozati_m": null, "menetido_metro_gyalog_perc": null, "metro_5p_seta": 0, "metro_10p_seta": 0, "metro_15p_seta": 0, "tavolsag_villamos_halozati_m": null, "menetido_villamos_gyalog_perc": null, "villamos_5p_seta": 0, "villamos_10p_seta": 0, "villamos_15p_seta": 0, "tavolsag_busz_halozati_m": null, "menetido_busz_gyalog_perc": null, "busz_5p_seta": 0, "busz_10p_seta": 0, "busz_15p_seta": 0, "tavolsag_kotottpalya_halozati_m": null, "menetido_kotottpalya_gyalog_perc": null, "kotottpalya_5p_seta": 0, "kotottpalya_10p_seta": 0, "kotottpalya_15p_seta": 0, "tavolsag_park_halozati_m": null, "menetido_park_gyalog_perc": null, "park_5p_seta": 0, "park_10p_seta": 0, "park_15p_seta": 0, "poi_5p_count": null, "poi_10p_count": null, "poi_15p_count": null, "tavolsag_iskola_halozati_m": null, "iskola_5p_seta": 0, "iskola_10p_seta": 0, "iskola_15p_seta": 0, "tavolsag_ovoda_halozati_m": null, "ovoda_5p_seta": 0, "ovoda_10p_seta": 0, "ovoda_15p_seta": 0, "tavolsag_bolt_halozati_m": null, "bolt_5p_seta": 0, "bolt_10p_seta": 0, "bolt_15p_seta": 0, "tavolsag_gyogyszertar_halozati_m": null, "gyogyszertar_5p_seta": 0, "gyogyszertar_10p_seta": 0, "gyogyszertar_15p_seta": 0, "tavolsag_orvos_halozati_m": null, "orvos_5p_seta": 0, "orvos_10p_seta": 0, "orvos_15p_seta": 0, "legkozelebbi_vasut": "", "legkozelebbi_metro": "", "legkozelebbi_villamos": "", "legkozelebbi_busz": "", "legkozelebbi_park": "", "legkozelebbi_kotottpalya_tipus": "", "varosresz_geokodolt": "Óhegy", "geokodolas_szolgaltato": "nominatim/photon", "felhasznalt_hazszam": 47.0, "legkozelebbi_iskola": "", "legkozelebbi_ovoda": "", "legkozelebbi_bolt": "", "legkozelebbi_gyogyszertar": "", "legkozelebbi_orvos": "", "menetido_iskola_gyalog_perc": null, "menetido_ovoda_gyalog_perc": null, "menetido_bolt_gyalog_perc": null, "menetido_gyogyszertar_gyalog_perc": null, "menetido_orvos_gyalog_perc": null }, "geometry": { "type": "Point", "coordinates": [ 19.1554709, 47.4828848 ] } },
{ "type": "Feature", "properties": { "listing_id": "33394541", "listing_type": "kiado", "ingatlan_tipus": "raktar", "cim_teljes": "Budapest X. kerület, Ihász utca 10.", "iranyitoszam": "1103", "varos": "Budapest", "utca": "Ihász utca", "hazszam": "10", "cim_forras": "strukturalt", "url": "https://ingatlan.com/x-ker/kiado+raktar/raktarhelyiseg/33394541", "gyujtes_datuma": "2026-10-08", "price_huf": 1000.0, "ar_millio_ft": 0.001, "ar_ezer_ft_ho": 1.0, "nm_ar_huf": 0.66666666666666663, "log_ar": 6.9077552789821368, "log_nm_ar": -0.40546510810816444, "is_ar_outlier": 1, "alapterulet_nm": 1500.0, "korrigalt_alapterulet_nm": 1500.0, "szobaszam_osszes": null, "szobaszam_kategoria": null, "allapot_kod": 0, "is_felujitando": 0, "is_ujszeru_vagy_uj": 0, "is_panel": 0, "is_tegla": 0, "has_lift": 1, "has_klima": 1, "has_erkely": 0, "is_foldszint": 0, "is_zaroszint": 0, "is_tetoter": 0, "epulet_kora_ev": null, "geokodolt_lat": 47.479483, "geokodolt_lon": 19.1343519, "geokodolas_modszere": "cim_nominatim", "geokodolas_pontossag": "hazszam", "minta_garantalt_pontos": 1, "tavolsag_vasut_m": 292.2, "vasut_zona": "150-300 m", "is_vasut_immisszio_150m": 0, "tavolsag_vasut_halozati_m": 878.4, "menetido_vasut_gyalog_perc": 11.7, "vasut_5p_seta": 0, "vasut_10p_seta": 0, "vasut_15p_seta": 1, "is_duplikalt_gyanus": 0, "varosresz": "Óhegy", "title": "Ingatlan kép", "allapot": "nan", "ingatlan_altipus": "raktarhelyiseg", "epites_eve": null, "epites_eve_kategoria": "Ismeretlen", "epites_eve_szoveg": "nan", "epites_eve_becsult": null, "erkely_nm": null, "szobaszam_egesz": null, "szobaszam_fel": null, "atlagos_szobameret_nm": null, "emelet": "nincs megadva", "emelet_szam": null, "epulet_szintjei_szam": null, "is_magas_emelet_lift_nelkul": 0, "futes": "nan", "futes_kategoria": "egyeb", "has_tavfutes": 0, "has_konvektor": 0, "has_megujulo": 0, "has_garazs_vagy_beallo": 0, "energetikai_tanusitvany": "nincs megadva", "butorozott": "nan", "koltozheto": "nincs megadva", "min_berleti_ido": "nincs megadva", "kertkapcsolatos": "nan", "kozos_koltseg_huf": null, "rezsikoltseg_huf": null, "kaucio_huf": null, "hirdeto_tipus": null, "iroda_neve": null, "leiras": "Kőbánya szívében lévő telephelyünkön tiszta, világos, tágas, felújított irodák és raktárak kiadók. Rendkívül jó megközelíthetőséggel nagy belső parkolókkal, 0-24 portaszolgálattal, két teherbejárattal, bekamerázva. Kétféle fűtési lehetőség. Három irodaszint: irodaszobák összesen 600 m2 . Raktárak összesen 700 m2. Önálló épületben iroda és raktárak összesen 400 m2. Árak felszereltségtől függően megbeszélés szerint!", "oldal_allapot": "hirdetes", "leiras_hossz": 417.0, "fenykepek_szama": null, "lat_portal": 47.478981, "lon_portal": 19.133853, "portal_pozicio_sugar_m": null, "price_eur": null, "nm_ar_eur": null, "kozos_koltseg_eur": null, "rezsikoltseg_eur": null, "kaucio_eur": null, "parkolas": "nan", "parkolohely_ara": null, "parkolohelyek_szama": null, "pince": "nan", "napelem": "nan", "komfort": "nan", "belmagassag_raw": "nan", "akadalymentesitett": "nan", "furdo_wc": "nan", "tajolas": "nan", "kilatas": "nan", "szigeteles": "nan", "tetoter": "nan", "panelprogram": "nan", "gepesitett": "nan", "kisallat": "nan", "dohanyzas": "nan", "atlag_gazfogyasztas": "nan", "atlag_aramfogyasztas": "nan", "tavolsag_metro_halozati_m": 1896.9, "menetido_metro_gyalog_perc": 25.3, "metro_5p_seta": 0, "metro_10p_seta": 0, "metro_15p_seta": 0, "tavolsag_villamos_halozati_m": 591.8, "menetido_villamos_gyalog_perc": 7.9, "villamos_5p_seta": 0, "villamos_10p_seta": 1, "villamos_15p_seta": 1, "tavolsag_busz_halozati_m": 107.4, "menetido_busz_gyalog_perc": 1.4, "busz_5p_seta": 1, "busz_10p_seta": 1, "busz_15p_seta": 1, "tavolsag_kotottpalya_halozati_m": 591.8, "menetido_kotottpalya_gyalog_perc": 7.9, "kotottpalya_5p_seta": 0, "kotottpalya_10p_seta": 1, "kotottpalya_15p_seta": 1, "tavolsag_park_halozati_m": 215.3, "menetido_park_gyalog_perc": 2.9, "park_5p_seta": 1, "park_10p_seta": 1, "park_15p_seta": 1, "poi_5p_count": 6.0, "poi_10p_count": 43.0, "poi_15p_count": 106.0, "tavolsag_iskola_halozati_m": 510.5, "iskola_5p_seta": 0, "iskola_10p_seta": 1, "iskola_15p_seta": 1, "tavolsag_ovoda_halozati_m": 1400.1, "ovoda_5p_seta": 0, "ovoda_10p_seta": 0, "ovoda_15p_seta": 0, "tavolsag_bolt_halozati_m": 359.1, "bolt_5p_seta": 1, "bolt_10p_seta": 1, "bolt_15p_seta": 1, "tavolsag_gyogyszertar_halozati_m": 544.0, "gyogyszertar_5p_seta": 0, "gyogyszertar_10p_seta": 1, "gyogyszertar_15p_seta": 1, "tavolsag_orvos_halozati_m": null, "orvos_5p_seta": 0, "orvos_10p_seta": 0, "orvos_15p_seta": 0, "legkozelebbi_vasut": "Kőbánya alsó", "legkozelebbi_metro": "Határ út", "legkozelebbi_villamos": "Kápolna utca", "legkozelebbi_busz": "Ihász utca", "legkozelebbi_park": "", "legkozelebbi_kotottpalya_tipus": "villamos", "varosresz_geokodolt": "Óhegy", "geokodolas_szolgaltato": "nominatim/photon", "felhasznalt_hazszam": 10.0, "legkozelebbi_iskola": "Janikovszky Éva Általános Iskola", "legkozelebbi_ovoda": "Apró csodák Bölcsőde", "legkozelebbi_bolt": "Kitkat ABC", "legkozelebbi_gyogyszertar": "Szent Katalin Gyógyszertár", "legkozelebbi_orvos": "", "menetido_iskola_gyalog_perc": 6.8, "menetido_ovoda_gyalog_perc": 18.7, "menetido_bolt_gyalog_perc": 4.8, "menetido_gyogyszertar_gyalog_perc": 7.3, "menetido_orvos_gyalog_perc": null }, "geometry": { "type": "Point", "coordinates": [ 19.1343519, 47.479483 ] } },
{ "type": "Feature", "properties": { "listing_id": "33400725", "listing_type": "kiado", "ingatlan_tipus": "iroda", "cim_teljes": "Budapest X. kerület, Maglódi út 25.", "iranyitoszam": "1106", "varos": "Budapest", "utca": "Maglódi út", "hazszam": "25", "cim_forras": "strukturalt", "url": "https://ingatlan.com/x-ker/kiado+iroda/irodahelyiseg-irodahazban/33400725", "gyujtes_datuma": "2026-10-08", "price_huf": 284000.0, "ar_millio_ft": 0.284, "ar_ezer_ft_ho": 284.0, "nm_ar_huf": 1710.8433734939758, "log_ar": 12.556729517143344, "log_nm_ar": 7.4447417287867994, "is_ar_outlier": 1, "alapterulet_nm": 166.0, "korrigalt_alapterulet_nm": 166.0, "szobaszam_osszes": null, "szobaszam_kategoria": null, "allapot_kod": 0, "is_felujitando": 0, "is_ujszeru_vagy_uj": 0, "is_panel": 0, "is_tegla": 0, "has_lift": 1, "has_klima": 0, "has_erkely": 0, "is_foldszint": 0, "is_zaroszint": 0, "is_tetoter": 0, "epulet_kora_ev": null, "geokodolt_lat": 47.4852, "geokodolt_lon": 19.1546, "geokodolas_modszere": "cim_nominatim", "geokodolas_pontossag": "hazszam", "minta_garantalt_pontos": 1, "tavolsag_vasut_m": 757.0, "vasut_zona": "500-1000 m", "is_vasut_immisszio_150m": 0, "tavolsag_vasut_halozati_m": null, "menetido_vasut_gyalog_perc": null, "vasut_5p_seta": 0, "vasut_10p_seta": 0, "vasut_15p_seta": 0, "is_duplikalt_gyanus": 0, "varosresz": "Óhegy", "title": "Nincs kép", "allapot": "nan", "ingatlan_altipus": "irodahelyiseg-irodahazban", "epites_eve": null, "epites_eve_kategoria": "Ismeretlen", "epites_eve_szoveg": "nan", "epites_eve_becsult": null, "erkely_nm": null, "szobaszam_egesz": null, "szobaszam_fel": null, "atlagos_szobameret_nm": null, "emelet": "2", "emelet_szam": 2.0, "epulet_szintjei_szam": 3.0, "is_magas_emelet_lift_nelkul": 0, "futes": "nan", "futes_kategoria": "egyeb", "has_tavfutes": 0, "has_konvektor": 0, "has_megujulo": 0, "has_garazs_vagy_beallo": 0, "energetikai_tanusitvany": "nincs megadva", "butorozott": "nem", "koltozheto": "azonnal", "min_berleti_ido": "12 hónap", "kertkapcsolatos": "nan", "kozos_koltseg_huf": null, "rezsikoltseg_huf": null, "kaucio_huf": null, "hirdeto_tipus": null, "iroda_neve": null, "leiras": "X. kerület, Maglódi út 25. sz. alatti telepen, 166 m2 II. emeleti, több helyiségből álló iroda kiadó. Személylift van. Fűtés: gázfűtés, fali gázkazánnal, egyedi mérővel. Áram: átalánydíj, megállapodás szerint. Kis teakonyha. Parkolás a területen belül, ahol 24 órás portaszolgálat működik. Bérleti díj: 1.300,- Ft / m2 + Áfa Közös költség: 550,- Ft / m2 + Áfa Kaució: 2 havi kaució fizetése szükséges. Az iroda felújítást igényel. A felújítási költség egy része - külön megállapodás alapján - lelakható.", "oldal_allapot": "hirdetes", "leiras_hossz": 503.0, "fenykepek_szama": null, "lat_portal": 47.485282, "lon_portal": 19.154119, "portal_pozicio_sugar_m": null, "price_eur": null, "nm_ar_eur": null, "kozos_koltseg_eur": null, "rezsikoltseg_eur": null, "kaucio_eur": null, "parkolas": "nincs megadva", "parkolohely_ara": null, "parkolohelyek_szama": null, "pince": "nan", "napelem": "nincs megadva", "komfort": "nan", "belmagassag_raw": "nan", "akadalymentesitett": "nan", "furdo_wc": "nan", "tajolas": "nan", "kilatas": "nan", "szigeteles": "nan", "tetoter": "nem tetőtéri", "panelprogram": "nan", "gepesitett": "nan", "kisallat": "nan", "dohanyzas": "nan", "atlag_gazfogyasztas": "nan", "atlag_aramfogyasztas": "nan", "tavolsag_metro_halozati_m": null, "menetido_metro_gyalog_perc": null, "metro_5p_seta": 0, "metro_10p_seta": 0, "metro_15p_seta": 0, "tavolsag_villamos_halozati_m": 1503.3, "menetido_villamos_gyalog_perc": 20.0, "villamos_5p_seta": 0, "villamos_10p_seta": 0, "villamos_15p_seta": 0, "tavolsag_busz_halozati_m": 577.1, "menetido_busz_gyalog_perc": 7.7, "busz_5p_seta": 0, "busz_10p_seta": 1, "busz_15p_seta": 1, "tavolsag_kotottpalya_halozati_m": 1503.3, "menetido_kotottpalya_gyalog_perc": 20.0, "kotottpalya_5p_seta": 0, "kotottpalya_10p_seta": 0, "kotottpalya_15p_seta": 0, "tavolsag_park_halozati_m": 1029.7, "menetido_park_gyalog_perc": 13.7, "park_5p_seta": 0, "park_10p_seta": 0, "park_15p_seta": 1, "poi_5p_count": 0.0, "poi_10p_count": 1.0, "poi_15p_count": 7.0, "tavolsag_iskola_halozati_m": 1659.4, "iskola_5p_seta": 0, "iskola_10p_seta": 0, "iskola_15p_seta": 0, "tavolsag_ovoda_halozati_m": 1837.7, "ovoda_5p_seta": 0, "ovoda_10p_seta": 0, "ovoda_15p_seta": 0, "tavolsag_bolt_halozati_m": 1082.0, "bolt_5p_seta": 0, "bolt_10p_seta": 0, "bolt_15p_seta": 1, "tavolsag_gyogyszertar_halozati_m": 1777.8, "gyogyszertar_5p_seta": 0, "gyogyszertar_10p_seta": 0, "gyogyszertar_15p_seta": 0, "tavolsag_orvos_halozati_m": null, "orvos_5p_seta": 0, "orvos_10p_seta": 0, "orvos_15p_seta": 0, "legkozelebbi_vasut": "", "legkozelebbi_metro": "", "legkozelebbi_villamos": "Jászberényi út / Maglódi út", "legkozelebbi_busz": "Mádi köz", "legkozelebbi_park": "", "legkozelebbi_kotottpalya_tipus": "villamos", "varosresz_geokodolt": "Óhegy", "geokodolas_szolgaltato": "nominatim/photon", "felhasznalt_hazszam": 25.0, "legkozelebbi_iskola": "Janikovszky Éva Általános Iskola", "legkozelebbi_ovoda": "Apró csodák Bölcsőde", "legkozelebbi_bolt": "", "legkozelebbi_gyogyszertar": "Harmat Patika", "legkozelebbi_orvos": "", "menetido_iskola_gyalog_perc": 22.1, "menetido_ovoda_gyalog_perc": 24.5, "menetido_bolt_gyalog_perc": 14.4, "menetido_gyogyszertar_gyalog_perc": 23.7, "menetido_orvos_gyalog_perc": null }, "geometry": { "type": "Point", "coordinates": [ 19.1546, 47.4852 ] } },
{ "type": "Feature", "properties": { "listing_id": "33700270", "listing_type": "kiado", "ingatlan_tipus": "garazs", "cim_teljes": "Budapest X. kerület, Kőrösi Csoma Sándor út 6.", "iranyitoszam": "1102", "varos": "Budapest", "utca": "Kőrösi Csoma Sándor út", "hazszam": "6", "cim_forras": "strukturalt", "url": "https://ingatlan.com/x-ker/kiado+garazs/teremgarazs-hely/33700270", "gyujtes_datuma": "2026-10-08", "price_huf": 29000.0, "ar_millio_ft": 0.029, "ar_ezer_ft_ho": 29.0, "nm_ar_huf": 2416.6666666666665, "log_ar": 10.275051108968611, "log_nm_ar": 7.7901444591806106, "is_ar_outlier": 0, "alapterulet_nm": 12.0, "korrigalt_alapterulet_nm": 12.0, "szobaszam_osszes": null, "szobaszam_kategoria": null, "allapot_kod": 5, "is_felujitando": 0, "is_ujszeru_vagy_uj": 1, "is_panel": 0, "is_tegla": 0, "has_lift": 1, "has_klima": 1, "has_erkely": 0, "is_foldszint": 0, "is_zaroszint": 0, "is_tetoter": 0, "epulet_kora_ev": 25.0, "geokodolt_lat": 47.4831286, "geokodolt_lon": 19.1304444, "geokodolas_modszere": "cim_nominatim", "geokodolas_pontossag": "hazszam", "minta_garantalt_pontos": 1, "tavolsag_vasut_m": 225.6, "vasut_zona": "150-300 m", "is_vasut_immisszio_150m": 0, "tavolsag_vasut_halozati_m": 353.6, "menetido_vasut_gyalog_perc": 4.7, "vasut_5p_seta": 1, "vasut_10p_seta": 1, "vasut_15p_seta": 1, "is_duplikalt_gyanus": 0, "varosresz": "Óhegy", "title": "Ingatlan kép", "allapot": "újszerű", "ingatlan_altipus": "teremgarazs-hely", "epites_eve": 2001.0, "epites_eve_kategoria": "10-30 év (rendszerváltás utáni)", "epites_eve_szoveg": "2001 és 2010 között", "epites_eve_becsult": null, "erkely_nm": null, "szobaszam_egesz": null, "szobaszam_fel": null, "atlagos_szobameret_nm": null, "emelet": "nan", "emelet_szam": null, "epulet_szintjei_szam": null, "is_magas_emelet_lift_nelkul": 0, "futes": "nan", "futes_kategoria": "egyeb", "has_tavfutes": 0, "has_konvektor": 0, "has_megujulo": 0, "has_garazs_vagy_beallo": 0, "energetikai_tanusitvany": "nan", "butorozott": "nan", "koltozheto": "azonnal", "min_berleti_ido": "nincs megadva", "kertkapcsolatos": "nan", "kozos_koltseg_huf": null, "rezsikoltseg_huf": null, "kaucio_huf": null, "hirdeto_tipus": null, "iroda_neve": null, "leiras": "Garázs kiadó! Kőbánya városközpontban, a Kőrösi Csoma Sándor út 6 szám alatti \"kerekház\" mélygarázsában, egy 12 nm-es teremgarázs beálló hosszú távra kiadó. A mélygarázs területére motoros garázskapun keresztül lehet bejutni, innen nyílnak a beállók. A beálló a -1 szinten, bejárathoz közel található. A bérleti díj a közös költséget tartalmazza. Garázs szélessége: 2,40 méter Garázs hosszúsága: 5,2 méter Információk: •Ár: 29.000 Ft/hó, mely tartalmazza a közös költséget •Kaució: 1 havi bérleti díjnak megfelelő összeg.", "oldal_allapot": "hirdetes", "leiras_hossz": 521.0, "fenykepek_szama": 2.0, "lat_portal": 47.482987, "lon_portal": 19.129957, "portal_pozicio_sugar_m": null, "price_eur": null, "nm_ar_eur": null, "kozos_koltseg_eur": null, "rezsikoltseg_eur": null, "kaucio_eur": null, "parkolas": "nan", "parkolohely_ara": null, "parkolohelyek_szama": null, "pince": "nan", "napelem": "nan", "komfort": "nan", "belmagassag_raw": "nan", "akadalymentesitett": "nan", "furdo_wc": "nan", "tajolas": "nan", "kilatas": "nan", "szigeteles": "nan", "tetoter": "nan", "panelprogram": "nan", "gepesitett": "nan", "kisallat": "nan", "dohanyzas": "nan", "atlag_gazfogyasztas": "nan", "atlag_aramfogyasztas": "nan", "tavolsag_metro_halozati_m": 2138.2, "menetido_metro_gyalog_perc": 28.5, "metro_5p_seta": 0, "metro_10p_seta": 0, "metro_15p_seta": 0, "tavolsag_villamos_halozati_m": 139.6, "menetido_villamos_gyalog_perc": 1.9, "villamos_5p_seta": 1, "villamos_10p_seta": 1, "villamos_15p_seta": 1, "tavolsag_busz_halozati_m": 102.9, "menetido_busz_gyalog_perc": 1.4, "busz_5p_seta": 1, "busz_10p_seta": 1, "busz_15p_seta": 1, "tavolsag_kotottpalya_halozati_m": 139.6, "menetido_kotottpalya_gyalog_perc": 1.9, "kotottpalya_5p_seta": 1, "kotottpalya_10p_seta": 1, "kotottpalya_15p_seta": 1, "tavolsag_park_halozati_m": 175.1, "menetido_park_gyalog_perc": 2.3, "park_5p_seta": 1, "park_10p_seta": 1, "park_15p_seta": 1, "poi_5p_count": 41.0, "poi_10p_count": 80.0, "poi_15p_count": 131.0, "tavolsag_iskola_halozati_m": 775.9, "iskola_5p_seta": 0, "iskola_10p_seta": 0, "iskola_15p_seta": 1, "tavolsag_ovoda_halozati_m": 860.7, "ovoda_5p_seta": 0, "ovoda_10p_seta": 0, "ovoda_15p_seta": 1, "tavolsag_bolt_halozati_m": 187.8, "bolt_5p_seta": 1, "bolt_10p_seta": 1, "bolt_15p_seta": 1, "tavolsag_gyogyszertar_halozati_m": 169.1, "gyogyszertar_5p_seta": 1, "gyogyszertar_10p_seta": 1, "gyogyszertar_15p_seta": 1, "tavolsag_orvos_halozati_m": null, "orvos_5p_seta": 0, "orvos_10p_seta": 0, "orvos_15p_seta": 0, "legkozelebbi_vasut": "Kőbánya alsó", "legkozelebbi_metro": "", "legkozelebbi_villamos": "Kápolna utca", "legkozelebbi_busz": "Liget tér", "legkozelebbi_park": "Liget téri park", "legkozelebbi_kotottpalya_tipus": "villamos", "varosresz_geokodolt": "Óhegy", "geokodolas_szolgaltato": "nominatim/photon", "felhasznalt_hazszam": 6.0, "legkozelebbi_iskola": "Szervátiusz Jenő Általános Iskola", "legkozelebbi_ovoda": "Apró csodák Bölcsőde", "legkozelebbi_bolt": "Penny", "legkozelebbi_gyogyszertar": "Liget Gyógyszertár", "legkozelebbi_orvos": "", "menetido_iskola_gyalog_perc": 10.3, "menetido_ovoda_gyalog_perc": 11.5, "menetido_bolt_gyalog_perc": 2.5, "menetido_gyogyszertar_gyalog_perc": 2.3, "menetido_orvos_gyalog_perc": null }, "geometry": { "type": "Point", "coordinates": [ 19.1304444, 47.4831286 ] } },
{ "type": "Feature", "properties": { "listing_id": "33755796", "listing_type": "kiado", "ingatlan_tipus": "lakas", "cim_teljes": "Budapest X. kerület, Tárna utca 4.", "iranyitoszam": "1106", "varos": "Budapest", "utca": "Tárna utca", "hazszam": "4", "cim_forras": "strukturalt", "url": "https://ingatlan.com/x-ker/kiado+lakas/tegla-lakas/33755796", "gyujtes_datuma": "2026-10-08", "price_huf": 80000.0, "ar_millio_ft": 0.08, "ar_ezer_ft_ho": 80.0, "nm_ar_huf": 2758.6206896551726, "log_ar": 11.289781913656018, "log_nm_ar": 7.9224860836695443, "is_ar_outlier": 0, "alapterulet_nm": 29.0, "korrigalt_alapterulet_nm": 29.0, "szobaszam_osszes": 1.0, "szobaszam_kategoria": "1 szoba", "allapot_kod": 0, "is_felujitando": 0, "is_ujszeru_vagy_uj": 0, "is_panel": 0, "is_tegla": 1, "has_lift": 0, "has_klima": 0, "has_erkely": 0, "is_foldszint": 0, "is_zaroszint": 0, "is_tetoter": 0, "epulet_kora_ev": null, "geokodolt_lat": 47.4875935, "geokodolt_lon": 19.1642096, "geokodolas_modszere": "cim_nominatim", "geokodolas_pontossag": "hazszam", "minta_garantalt_pontos": 1, "tavolsag_vasut_m": 840.8, "vasut_zona": "500-1000 m", "is_vasut_immisszio_150m": 0, "tavolsag_vasut_halozati_m": null, "menetido_vasut_gyalog_perc": null, "vasut_5p_seta": 0, "vasut_10p_seta": 0, "vasut_15p_seta": 0, "is_duplikalt_gyanus": 0, "varosresz": "Téglagyárdűlő", "title": "Nincs kép", "allapot": "nincs megadva", "ingatlan_altipus": "tegla-lakas", "epites_eve": null, "epites_eve_kategoria": "Ismeretlen", "epites_eve_szoveg": "nincs megadva", "epites_eve_becsult": null, "erkely_nm": null, "szobaszam_egesz": 1.0, "szobaszam_fel": 0.0, "atlagos_szobameret_nm": 29.0, "emelet": "nincs megadva", "emelet_szam": null, "epulet_szintjei_szam": null, "is_magas_emelet_lift_nelkul": 0, "futes": "nincs megadva", "futes_kategoria": "egyeb", "has_tavfutes": 0, "has_konvektor": 0, "has_megujulo": 0, "has_garazs_vagy_beallo": 0, "energetikai_tanusitvany": "nincs megadva", "butorozott": "nincs megadva", "koltozheto": "nincs megadva", "min_berleti_ido": "nincs megadva", "kertkapcsolatos": "nincs megadva", "kozos_koltseg_huf": null, "rezsikoltseg_huf": null, "kaucio_huf": null, "hirdeto_tipus": null, "iroda_neve": null, "leiras": "Közepes állapotú emeleti garzonlakás kiadó 1-2 fő részére a X. kerület, Tárna utca 4. szám alatti épülettömbben. A 29 m2-es ingatlan nyugati fekvésű, közepes fényviszonyok jellemzik, és előszoba-konyha (10 m2), nagyszoba (16 m2) és fürdőszoba-wc (3 m2) helyiségekből áll. A lakás bútorozott és gépesített (gáztűzhely, hűtő, mikró, mosógép), élő tévéelőfizetés van. A fürdőszoba zuhanyzós, a fűtés gázkonvektorral történik. Minden fogyasztás mérhető, a havi rezsi alacsony: 1 fő esetében kb. 25 ezer Ft. A közös költség kb. 14 ezer Ft havonta. A lakásban dohányozni, illetve kisállatot tartani nem lehet. A környék ipari övezet, sok zölddel. Közlekedés: Örs vezér tere busszal 15-20 perc, Keleti pályaudvar vonattal 25-30 perc, Blaha Lujza tér villamossal 35-40 perc. A Tárna utcai épületkomplexumban számos önkormányzati lakás is található, az épület lakossága vegyes. Emiatt a lépcsőház rendszerint szemetes, nem higiénikus állapotú, a közbiztonság ugyanakkor elfogadható szintű. Bérleti díj: 80 eFt/hó + 40 eFt/hó rezsiátalány. Kaució: megbeszélés szerint. Korrekt tulajdonos keres olyan korrekt bérlőt, aki megérti és elfogadja, hogy ezért az árért normális lakást kap, de nem a világ legközpontibb helyén és legigényesebb épületében. Amennyiben üzenetében megadja telefonszámát, amint alkalmas, visszahívom. Ingatlanközvetítők segítségét nem kérem!", "oldal_allapot": "hirdetes", "leiras_hossz": 1352.0, "fenykepek_szama": 6.0, "lat_portal": 47.487806, "lon_portal": 19.164057, "portal_pozicio_sugar_m": null, "price_eur": null, "nm_ar_eur": null, "kozos_koltseg_eur": null, "rezsikoltseg_eur": null, "kaucio_eur": null, "parkolas": "nincs megadva", "parkolohely_ara": null, "parkolohelyek_szama": null, "pince": "nan", "napelem": "nan", "komfort": "nincs megadva", "belmagassag_raw": "nincs megadva", "akadalymentesitett": "nincs megadva", "furdo_wc": "nincs megadva", "tajolas": "nincs megadva", "kilatas": "nincs megadva", "szigeteles": "nincs megadva", "tetoter": "nincs megadva", "panelprogram": "nan", "gepesitett": "nincs megadva", "kisallat": "nincs megadva", "dohanyzas": "nincs megadva", "atlag_gazfogyasztas": "nincs megadva", "atlag_aramfogyasztas": "nincs megadva", "tavolsag_metro_halozati_m": null, "menetido_metro_gyalog_perc": null, "metro_5p_seta": 0, "metro_10p_seta": 0, "metro_15p_seta": 0, "tavolsag_villamos_halozati_m": null, "menetido_villamos_gyalog_perc": null, "villamos_5p_seta": 0, "villamos_10p_seta": 0, "villamos_15p_seta": 0, "tavolsag_busz_halozati_m": null, "menetido_busz_gyalog_perc": null, "busz_5p_seta": 0, "busz_10p_seta": 0, "busz_15p_seta": 0, "tavolsag_kotottpalya_halozati_m": null, "menetido_kotottpalya_gyalog_perc": null, "kotottpalya_5p_seta": 0, "kotottpalya_10p_seta": 0, "kotottpalya_15p_seta": 0, "tavolsag_park_halozati_m": null, "menetido_park_gyalog_perc": null, "park_5p_seta": 0, "park_10p_seta": 0, "park_15p_seta": 0, "poi_5p_count": null, "poi_10p_count": null, "poi_15p_count": null, "tavolsag_iskola_halozati_m": null, "iskola_5p_seta": 0, "iskola_10p_seta": 0, "iskola_15p_seta": 0, "tavolsag_ovoda_halozati_m": null, "ovoda_5p_seta": 0, "ovoda_10p_seta": 0, "ovoda_15p_seta": 0, "tavolsag_bolt_halozati_m": null, "bolt_5p_seta": 0, "bolt_10p_seta": 0, "bolt_15p_seta": 0, "tavolsag_gyogyszertar_halozati_m": null, "gyogyszertar_5p_seta": 0, "gyogyszertar_10p_seta": 0, "gyogyszertar_15p_seta": 0, "tavolsag_orvos_halozati_m": null, "orvos_5p_seta": 0, "orvos_10p_seta": 0, "orvos_15p_seta": 0, "legkozelebbi_vasut": "", "legkozelebbi_metro": "", "legkozelebbi_villamos": "", "legkozelebbi_busz": "", "legkozelebbi_park": "", "legkozelebbi_kotottpalya_tipus": "", "varosresz_geokodolt": "Téglagyárdűlő", "geokodolas_szolgaltato": "nominatim/photon", "felhasznalt_hazszam": 4.0, "legkozelebbi_iskola": "", "legkozelebbi_ovoda": "", "legkozelebbi_bolt": "", "legkozelebbi_gyogyszertar": "", "legkozelebbi_orvos": "", "menetido_iskola_gyalog_perc": null, "menetido_ovoda_gyalog_perc": null, "menetido_bolt_gyalog_perc": null, "menetido_gyogyszertar_gyalog_perc": null, "menetido_orvos_gyalog_perc": null }, "geometry": { "type": "Point", "coordinates": [ 19.1642096, 47.4875935 ] } },
{ "type": "Feature", "properties": { "listing_id": "33812904", "listing_type": "kiado", "ingatlan_tipus": "iroda", "cim_teljes": "Budapest X. kerület, Fogadó utca 4.", "iranyitoszam": "1107", "varos": "Budapest", "utca": "Fogadó utca", "hazszam": "4", "cim_forras": "strukturalt", "url": "https://ingatlan.com/x-ker/kiado+iroda/irodahelyiseg-irodahazban/33812904", "gyujtes_datuma": "2026-10-08", "price_huf": 300000.0, "ar_millio_ft": 0.3, "ar_ezer_ft_ho": 300.0, "nm_ar_huf": 272.72727272727275, "log_ar": 12.611537753638338, "log_nm_ar": 5.6084722948518761, "is_ar_outlier": 1, "alapterulet_nm": 1100.0, "korrigalt_alapterulet_nm": 1100.0, "szobaszam_osszes": null, "szobaszam_kategoria": null, "allapot_kod": 0, "is_felujitando": 0, "is_ujszeru_vagy_uj": 0, "is_panel": 0, "is_tegla": 0, "has_lift": 1, "has_klima": 1, "has_erkely": 0, "is_foldszint": 0, "is_zaroszint": 0, "is_tetoter": 0, "epulet_kora_ev": 45.0, "geokodolt_lat": 47.4716348, "geokodolt_lon": 19.1239617, "geokodolas_modszere": "cim_nominatim", "geokodolas_pontossag": "hazszam", "minta_garantalt_pontos": 1, "tavolsag_vasut_m": 348.5, "vasut_zona": "300-500 m", "is_vasut_immisszio_150m": 0, "tavolsag_vasut_halozati_m": 884.0, "menetido_vasut_gyalog_perc": 11.8, "vasut_5p_seta": 0, "vasut_10p_seta": 0, "vasut_15p_seta": 1, "is_duplikalt_gyanus": 0, "varosresz": "Gyárdűlő", "title": "Ingatlan kép", "allapot": "nan", "ingatlan_altipus": "irodahelyiseg-irodahazban", "epites_eve": 1981.0, "epites_eve_kategoria": "30-60 év (panel-korszak)", "epites_eve_szoveg": "nan", "epites_eve_becsult": null, "erkely_nm": null, "szobaszam_egesz": null, "szobaszam_fel": null, "atlagos_szobameret_nm": null, "emelet": "4", "emelet_szam": 4.0, "epulet_szintjei_szam": 5.0, "is_magas_emelet_lift_nelkul": 0, "futes": "nan", "futes_kategoria": "egyeb", "has_tavfutes": 0, "has_konvektor": 0, "has_megujulo": 0, "has_garazs_vagy_beallo": 1, "energetikai_tanusitvany": "nincs megadva", "butorozott": "nem", "koltozheto": "azonnal", "min_berleti_ido": "12 hónap", "kertkapcsolatos": "nan", "kozos_koltseg_huf": null, "rezsikoltseg_huf": null, "kaucio_huf": null, "hirdeto_tipus": null, "iroda_neve": null, "leiras": "RTR Park Offices & Logistics Kiadó területek 20m2-től 1,500m2-ig. Általános Bérleti Díj: EUR 8.5/m2 Üzemeltetési Díj: EUR 4.5/m2 Az RTR Park Offices & Logistics Kőbánya Gyárdűlő városrészen a Hatát út közelében helyezkedik el. 4 épületben mintegy 9 904 m2 irodát illetve 3 000 m2 raktárat foglal magában. A telephelyen található „B+” és „B” kategóriás irodaépület is. Az Irodák egy része azonnal költözhető de van lehetőség igény szerinti kialakításra is. Az Irodaház saját étteremmel rendelkezik illetve sorompóval és 0-24 portaszolgálattal védett belső parkolóval áll a Bérlők rendelkezésére. Lehetőség van eseti 50 fős tárgyaló és 200 fős konferencia terem bérlésére is. Parkolóhelyek bérelhetőek teremgarázsban illetve felszíni területen is. Jelenleg több egész emelet is bérbeadó az irodapark területén illetve kisebb területek is elérhetőek.", "oldal_allapot": "hirdetes", "leiras_hossz": 847.0, "fenykepek_szama": null, "lat_portal": 47.470404, "lon_portal": 19.123469, "portal_pozicio_sugar_m": null, "price_eur": null, "nm_ar_eur": null, "kozos_koltseg_eur": null, "rezsikoltseg_eur": null, "kaucio_eur": null, "parkolas": "udvari beálló - bérelhető", "parkolohely_ara": null, "parkolohelyek_szama": null, "pince": "nan", "napelem": "nincs megadva", "komfort": "nan", "belmagassag_raw": "nan", "akadalymentesitett": "nan", "furdo_wc": "nan", "tajolas": "nan", "kilatas": "nan", "szigeteles": "nan", "tetoter": "nem tetőtéri", "panelprogram": "nan", "gepesitett": "nan", "kisallat": "nan", "dohanyzas": "nan", "atlag_gazfogyasztas": "nan", "atlag_aramfogyasztas": "nan", "tavolsag_metro_halozati_m": 884.0, "menetido_metro_gyalog_perc": 11.8, "metro_5p_seta": 0, "metro_10p_seta": 0, "metro_15p_seta": 1, "tavolsag_villamos_halozati_m": 763.7, "menetido_villamos_gyalog_perc": 10.2, "villamos_5p_seta": 0, "villamos_10p_seta": 0, "villamos_15p_seta": 1, "tavolsag_busz_halozati_m": 560.5, "menetido_busz_gyalog_perc": 7.5, "busz_5p_seta": 0, "busz_10p_seta": 1, "busz_15p_seta": 1, "tavolsag_kotottpalya_halozati_m": 763.7, "menetido_kotottpalya_gyalog_perc": 10.2, "kotottpalya_5p_seta": 0, "kotottpalya_10p_seta": 0, "kotottpalya_15p_seta": 1, "tavolsag_park_halozati_m": 466.5, "menetido_park_gyalog_perc": 6.2, "park_5p_seta": 0, "park_10p_seta": 1, "park_15p_seta": 1, "poi_5p_count": 0.0, "poi_10p_count": 14.0, "poi_15p_count": 64.0, "tavolsag_iskola_halozati_m": 1685.0, "iskola_5p_seta": 0, "iskola_10p_seta": 0, "iskola_15p_seta": 0, "tavolsag_ovoda_halozati_m": 650.3, "ovoda_5p_seta": 0, "ovoda_10p_seta": 1, "ovoda_15p_seta": 1, "tavolsag_bolt_halozati_m": 852.3, "bolt_5p_seta": 0, "bolt_10p_seta": 0, "bolt_15p_seta": 1, "tavolsag_gyogyszertar_halozati_m": 729.6, "gyogyszertar_5p_seta": 0, "gyogyszertar_10p_seta": 1, "gyogyszertar_15p_seta": 1, "tavolsag_orvos_halozati_m": 1286.6, "orvos_5p_seta": 0, "orvos_10p_seta": 0, "orvos_15p_seta": 0, "legkozelebbi_vasut": "Határ út", "legkozelebbi_metro": "Határ út", "legkozelebbi_villamos": "Száva kocsiszín", "legkozelebbi_busz": "Basa utca", "legkozelebbi_park": "", "legkozelebbi_kotottpalya_tipus": "villamos", "varosresz_geokodolt": "Gyárdűlő", "geokodolas_szolgaltato": "nominatim/photon", "felhasznalt_hazszam": 4.0, "legkozelebbi_iskola": "Kosztolányi Dezső Általános Iskola", "legkozelebbi_ovoda": "Kőbányai Gézengúz Óvoda", "legkozelebbi_bolt": "Somfa Büfé", "legkozelebbi_gyogyszertar": "Somfa patika", "legkozelebbi_orvos": "Rendelőintézet", "menetido_iskola_gyalog_perc": 22.5, "menetido_ovoda_gyalog_perc": 8.7, "menetido_bolt_gyalog_perc": 11.4, "menetido_gyogyszertar_gyalog_perc": 9.7, "menetido_orvos_gyalog_perc": 17.2 }, "geometry": { "type": "Point", "coordinates": [ 19.1239617, 47.4716348 ] } },
{ "type": "Feature", "properties": { "listing_id": "33885765", "listing_type": "kiado", "ingatlan_tipus": "iroda", "cim_teljes": "Budapest X. kerület, Zágrábi utca 1.", "iranyitoszam": "1107", "varos": "Budapest", "utca": "Zágrábi utca", "hazszam": "1", "cim_forras": "strukturalt", "url": "https://ingatlan.com/x-ker/kiado+iroda/irodahelyiseg-irodahazban/33885765", "gyujtes_datuma": "2026-10-08", "price_huf": 150000.0, "ar_millio_ft": 0.15, "ar_ezer_ft_ho": 150.0, "nm_ar_huf": 7500.0, "log_ar": 11.918390573078392, "log_nm_ar": 8.9226582995244019, "is_ar_outlier": 0, "alapterulet_nm": 20.0, "korrigalt_alapterulet_nm": 20.0, "szobaszam_osszes": null, "szobaszam_kategoria": null, "allapot_kod": 0, "is_felujitando": 0, "is_ujszeru_vagy_uj": 0, "is_panel": 0, "is_tegla": 0, "has_lift": 1, "has_klima": 0, "has_erkely": 0, "is_foldszint": 0, "is_zaroszint": 0, "is_tetoter": 0, "epulet_kora_ev": null, "geokodolt_lat": 47.4715909, "geokodolt_lon": 19.1132465, "geokodolas_modszere": "cim_nominatim", "geokodolas_pontossag": "hazszam", "minta_garantalt_pontos": 1, "tavolsag_vasut_m": 306.5, "vasut_zona": "300-500 m", "is_vasut_immisszio_150m": 0, "tavolsag_vasut_halozati_m": 327.5, "menetido_vasut_gyalog_perc": 4.4, "vasut_5p_seta": 1, "vasut_10p_seta": 1, "vasut_15p_seta": 1, "is_duplikalt_gyanus": 0, "varosresz": "Gyárdűlő", "title": "Ingatlan kép", "allapot": "nan", "ingatlan_altipus": "irodahelyiseg-irodahazban", "epites_eve": null, "epites_eve_kategoria": "Ismeretlen", "epites_eve_szoveg": "nan", "epites_eve_becsult": null, "erkely_nm": null, "szobaszam_egesz": null, "szobaszam_fel": null, "atlagos_szobameret_nm": null, "emelet": "4", "emelet_szam": 4.0, "epulet_szintjei_szam": 6.0, "is_magas_emelet_lift_nelkul": 0, "futes": "nan", "futes_kategoria": "egyeb", "has_tavfutes": 0, "has_konvektor": 0, "has_megujulo": 0, "has_garazs_vagy_beallo": 1, "energetikai_tanusitvany": "nincs megadva", "butorozott": "nem", "koltozheto": "nincs megadva", "min_berleti_ido": "6 hónap", "kertkapcsolatos": "nan", "kozos_koltseg_huf": null, "rezsikoltseg_huf": null, "kaucio_huf": null, "hirdeto_tipus": null, "iroda_neve": null, "leiras": "A Bihari Irodaház Budapest 10. kerületében, az Ecseri úti metró megálló közvetlen közelében kínál “B” kategóriás irodahelyiségeket. Az épület földszint + 6 emeletes, melyben 20 m2-től egészen 1200 m2-ig kínálunk irodaterületeket leendő bérlőinknek. A hagyományos elrendezésü, cellás kialakítású épületben a külön zárható szobák a folyosóról nyílnak. Szintenként női és férfi mosdó, valamint külön konyha található. Az irodaház melletti sorompós parkolóban felszíni autóbeállók bérelhetőek. A feltüntetett díj a 20 m2-es irodára vonatkozik, Áfa nélkül értendő és tartalmazza az üzemeltetési díjat és a közüzemi fogyasztásokat (rezsi) is. SZOLGÁLTATÁSOK: 2 lift / rugalmas bérleti időszak / raktározási lehetőség / folyamatos üzemeltetői jelenlét", "oldal_allapot": "hirdetes", "leiras_hossz": 744.0, "fenykepek_szama": null, "lat_portal": 47.471502, "lon_portal": 19.113756, "portal_pozicio_sugar_m": null, "price_eur": null, "nm_ar_eur": null, "kozos_koltseg_eur": null, "rezsikoltseg_eur": null, "kaucio_eur": null, "parkolas": "udvari beálló - bérelhető", "parkolohely_ara": 29000.0, "parkolohelyek_szama": null, "pince": "nan", "napelem": "nincs megadva", "komfort": "nan", "belmagassag_raw": "nan", "akadalymentesitett": "nan", "furdo_wc": "nan", "tajolas": "nan", "kilatas": "nan", "szigeteles": "nan", "tetoter": "nincs megadva", "panelprogram": "nan", "gepesitett": "nan", "kisallat": "nan", "dohanyzas": "nan", "atlag_gazfogyasztas": "nan", "atlag_aramfogyasztas": "nan", "tavolsag_metro_halozati_m": 224.5, "menetido_metro_gyalog_perc": 3.0, "metro_5p_seta": 1, "metro_10p_seta": 1, "metro_15p_seta": 1, "tavolsag_villamos_halozati_m": 339.5, "menetido_villamos_gyalog_perc": 4.5, "villamos_5p_seta": 1, "villamos_10p_seta": 1, "villamos_15p_seta": 1, "tavolsag_busz_halozati_m": 250.4, "menetido_busz_gyalog_perc": 3.3, "busz_5p_seta": 1, "busz_10p_seta": 1, "busz_15p_seta": 1, "tavolsag_kotottpalya_halozati_m": 224.5, "menetido_kotottpalya_gyalog_perc": 3.0, "kotottpalya_5p_seta": 1, "kotottpalya_10p_seta": 1, "kotottpalya_15p_seta": 1, "tavolsag_park_halozati_m": 146.1, "menetido_park_gyalog_perc": 1.9, "park_5p_seta": 1, "park_10p_seta": 1, "park_15p_seta": 1, "poi_5p_count": 18.0, "poi_10p_count": 62.0, "poi_15p_count": 99.0, "tavolsag_iskola_halozati_m": 798.3, "iskola_5p_seta": 0, "iskola_10p_seta": 0, "iskola_15p_seta": 1, "tavolsag_ovoda_halozati_m": 688.1, "ovoda_5p_seta": 0, "ovoda_10p_seta": 1, "ovoda_15p_seta": 1, "tavolsag_bolt_halozati_m": 410.8, "bolt_5p_seta": 0, "bolt_10p_seta": 1, "bolt_15p_seta": 1, "tavolsag_gyogyszertar_halozati_m": 561.4, "gyogyszertar_5p_seta": 0, "gyogyszertar_10p_seta": 1, "gyogyszertar_15p_seta": 1, "tavolsag_orvos_halozati_m": 901.2, "orvos_5p_seta": 0, "orvos_10p_seta": 0, "orvos_15p_seta": 1, "legkozelebbi_vasut": "Ecseri út", "legkozelebbi_metro": "", "legkozelebbi_villamos": "Ecseri út M", "legkozelebbi_busz": "Ecseri út M", "legkozelebbi_park": "", "legkozelebbi_kotottpalya_tipus": "metro", "varosresz_geokodolt": "Gyárdűlő", "geokodolas_szolgaltato": "nominatim/photon", "felhasznalt_hazszam": 1.0, "legkozelebbi_iskola": "Kosztolányi Dezső Általános Iskola", "legkozelebbi_ovoda": "Kőbányai Gézengúz Óvoda", "legkozelebbi_bolt": "Somfa Büfé", "legkozelebbi_gyogyszertar": "Somfa patika", "legkozelebbi_orvos": "Rendelőintézet", "menetido_iskola_gyalog_perc": 10.6, "menetido_ovoda_gyalog_perc": 9.2, "menetido_bolt_gyalog_perc": 5.5, "menetido_gyogyszertar_gyalog_perc": 7.5, "menetido_orvos_gyalog_perc": 12.0 }, "geometry": { "type": "Point", "coordinates": [ 19.1132465, 47.4715909 ] } },
{ "type": "Feature", "properties": { "listing_id": "33946791", "listing_type": "kiado", "ingatlan_tipus": "iroda", "cim_teljes": "Budapest X. kerület, Újhegyi út 14.", "iranyitoszam": "1108", "varos": "Budapest", "utca": "Újhegyi út", "hazszam": "14", "cim_forras": "strukturalt", "url": "https://ingatlan.com/x-ker/kiado+iroda/irodahelyiseg-irodahazban/33946791", "gyujtes_datuma": "2026-10-08", "price_huf": 550000.0, "ar_millio_ft": 0.55, "ar_ezer_ft_ho": 550.0, "nm_ar_huf": 2956.989247311828, "log_ar": 13.217673557208654, "log_nm_ar": 7.9919268834954522, "is_ar_outlier": 0, "alapterulet_nm": 186.0, "korrigalt_alapterulet_nm": 186.0, "szobaszam_osszes": null, "szobaszam_kategoria": null, "allapot_kod": 0, "is_felujitando": 0, "is_ujszeru_vagy_uj": 0, "is_panel": 0, "is_tegla": 0, "has_lift": 1, "has_klima": 1, "has_erkely": 0, "is_foldszint": 0, "is_zaroszint": 0, "is_tetoter": 1, "epulet_kora_ev": null, "geokodolt_lat": 47.4675127, "geokodolt_lon": 19.1671859, "geokodolas_modszere": "cim_nominatim", "geokodolas_pontossag": "hazszam", "minta_garantalt_pontos": 1, "tavolsag_vasut_m": 793.8, "vasut_zona": "500-1000 m", "is_vasut_immisszio_150m": 0, "tavolsag_vasut_halozati_m": null, "menetido_vasut_gyalog_perc": null, "vasut_5p_seta": 0, "vasut_10p_seta": 0, "vasut_15p_seta": 0, "is_duplikalt_gyanus": 0, "varosresz": "Újhegy", "title": "Ingatlan kép", "allapot": "nan", "ingatlan_altipus": "irodahelyiseg-irodahazban", "epites_eve": null, "epites_eve_kategoria": "Ismeretlen", "epites_eve_szoveg": "nan", "epites_eve_becsult": null, "erkely_nm": null, "szobaszam_egesz": null, "szobaszam_fel": null, "atlagos_szobameret_nm": null, "emelet": "1", "emelet_szam": 1.0, "epulet_szintjei_szam": 3.0, "is_magas_emelet_lift_nelkul": 0, "futes": "nan", "futes_kategoria": "egyeb", "has_tavfutes": 0, "has_konvektor": 0, "has_megujulo": 0, "has_garazs_vagy_beallo": 1, "energetikai_tanusitvany": "nincs megadva", "butorozott": "részben", "koltozheto": "azonnal", "min_berleti_ido": "nincs megadva", "kertkapcsolatos": "nan", "kozos_koltseg_huf": null, "rezsikoltseg_huf": null, "kaucio_huf": null, "hirdeto_tipus": null, "iroda_neve": null, "leiras": "Kiadó egy X. kerületi irodaházban, egy 186 m2-es irodahelyiség. Kőbánya Kispesthez közel, jól megközelíthető tömegközlekedéssel is. Az irodaházhoz saját kültéri parkoló tartozik. Bővebb információért hívjon minket.", "oldal_allapot": "hirdetes", "leiras_hossz": 214.0, "fenykepek_szama": null, "lat_portal": 47.467672, "lon_portal": 19.167648, "portal_pozicio_sugar_m": null, "price_eur": null, "nm_ar_eur": null, "kozos_koltseg_eur": null, "rezsikoltseg_eur": null, "kaucio_eur": null, "parkolas": "udvari beálló - benne van az árban", "parkolohely_ara": null, "parkolohelyek_szama": null, "pince": "nan", "napelem": "nincs megadva", "komfort": "nan", "belmagassag_raw": "nan", "akadalymentesitett": "nan", "furdo_wc": "nan", "tajolas": "nan", "kilatas": "nan", "szigeteles": "nan", "tetoter": "tetőtéri", "panelprogram": "nan", "gepesitett": "nan", "kisallat": "nan", "dohanyzas": "nan", "atlag_gazfogyasztas": "nan", "atlag_aramfogyasztas": "nan", "tavolsag_metro_halozati_m": null, "menetido_metro_gyalog_perc": null, "metro_5p_seta": 0, "metro_10p_seta": 0, "metro_15p_seta": 0, "tavolsag_villamos_halozati_m": null, "menetido_villamos_gyalog_perc": null, "villamos_5p_seta": 0, "villamos_10p_seta": 0, "villamos_15p_seta": 0, "tavolsag_busz_halozati_m": null, "menetido_busz_gyalog_perc": null, "busz_5p_seta": 0, "busz_10p_seta": 0, "busz_15p_seta": 0, "tavolsag_kotottpalya_halozati_m": null, "menetido_kotottpalya_gyalog_perc": null, "kotottpalya_5p_seta": 0, "kotottpalya_10p_seta": 0, "kotottpalya_15p_seta": 0, "tavolsag_park_halozati_m": null, "menetido_park_gyalog_perc": null, "park_5p_seta": 0, "park_10p_seta": 0, "park_15p_seta": 0, "poi_5p_count": null, "poi_10p_count": null, "poi_15p_count": null, "tavolsag_iskola_halozati_m": null, "iskola_5p_seta": 0, "iskola_10p_seta": 0, "iskola_15p_seta": 0, "tavolsag_ovoda_halozati_m": null, "ovoda_5p_seta": 0, "ovoda_10p_seta": 0, "ovoda_15p_seta": 0, "tavolsag_bolt_halozati_m": null, "bolt_5p_seta": 0, "bolt_10p_seta": 0, "bolt_15p_seta": 0, "tavolsag_gyogyszertar_halozati_m": null, "gyogyszertar_5p_seta": 0, "gyogyszertar_10p_seta": 0, "gyogyszertar_15p_seta": 0, "tavolsag_orvos_halozati_m": null, "orvos_5p_seta": 0, "orvos_10p_seta": 0, "orvos_15p_seta": 0, "legkozelebbi_vasut": "", "legkozelebbi_metro": "", "legkozelebbi_villamos": "", "legkozelebbi_busz": "", "legkozelebbi_park": "", "legkozelebbi_kotottpalya_tipus": "", "varosresz_geokodolt": "Újhegy", "geokodolas_szolgaltato": "nominatim/photon", "felhasznalt_hazszam": 14.0, "legkozelebbi_iskola": "", "legkozelebbi_ovoda": "", "legkozelebbi_bolt": "", "legkozelebbi_gyogyszertar": "", "legkozelebbi_orvos": "", "menetido_iskola_gyalog_perc": null, "menetido_ovoda_gyalog_perc": null, "menetido_bolt_gyalog_perc": null, "menetido_gyogyszertar_gyalog_perc": null, "menetido_orvos_gyalog_perc": null }, "geometry": { "type": "Point", "coordinates": [ 19.1671859, 47.4675127 ] } },
{ "type": "Feature", "properties": { "listing_id": "33974499", "listing_type": "kiado", "ingatlan_tipus": "lakas", "cim_teljes": "Budapest X. kerület, Halas utca 6.", "iranyitoszam": "1106", "varos": "Budapest", "utca": "Halas utca", "hazszam": "6", "cim_forras": "strukturalt", "url": "https://ingatlan.com/x-ker/kiado+lakas/tegla-lakas/33974499", "gyujtes_datuma": "2026-10-08", "price_huf": 220000.0, "ar_millio_ft": 0.22, "ar_ezer_ft_ho": 220.0, "nm_ar_huf": 4583.333333333333, "log_ar": 12.301382825334498, "log_nm_ar": 8.4301818144266072, "is_ar_outlier": 0, "alapterulet_nm": 48.0, "korrigalt_alapterulet_nm": 52.0, "szobaszam_osszes": 2.0, "szobaszam_kategoria": "2 szoba", "allapot_kod": 3, "is_felujitando": 0, "is_ujszeru_vagy_uj": 0, "is_panel": 0, "is_tegla": 1, "has_lift": 0, "has_klima": 1, "has_erkely": 1, "is_foldszint": 0, "is_zaroszint": 0, "is_tetoter": 0, "epulet_kora_ev": 25.0, "geokodolt_lat": 47.5035224, "geokodolt_lon": 19.155051, "geokodolas_modszere": "cim_nominatim", "geokodolas_pontossag": "hazszam", "minta_garantalt_pontos": 1, "tavolsag_vasut_m": 1199.6, "vasut_zona": "1000-2000 m", "is_vasut_immisszio_150m": 0, "tavolsag_vasut_halozati_m": null, "menetido_vasut_gyalog_perc": null, "vasut_5p_seta": 0, "vasut_10p_seta": 0, "vasut_15p_seta": 0, "is_duplikalt_gyanus": 0, "varosresz": "Felsőrákos", "title": "Ingatlan kép", "allapot": "jó állapotú", "ingatlan_altipus": "tegla-lakas", "epites_eve": 2001.0, "epites_eve_kategoria": "10-30 év (rendszerváltás utáni)", "epites_eve_szoveg": "2001 és 2010 között", "epites_eve_becsult": null, "erkely_nm": 8.0, "szobaszam_egesz": 2.0, "szobaszam_fel": 0.0, "atlagos_szobameret_nm": 26.0, "emelet": "1", "emelet_szam": 1.0, "epulet_szintjei_szam": 2.0, "is_magas_emelet_lift_nelkul": 0, "futes": "házközponti egyedi méréssel, gáz (konvektor)", "futes_kategoria": "kozponti", "has_tavfutes": 0, "has_konvektor": 1, "has_megujulo": 0, "has_garazs_vagy_beallo": 1, "energetikai_tanusitvany": "nincs megadva", "butorozott": "részben", "koltozheto": "azonnal", "min_berleti_ido": "nincs megadva", "kertkapcsolatos": "nem", "kozos_koltseg_huf": 18000.0, "rezsikoltseg_huf": null, "kaucio_huf": null, "hirdeto_tipus": null, "iroda_neve": null, "leiras": "Örs vezér tértől 10 percnyi távolságban, kertvárosias övezetben, kiváló közlekedéssel lakás kiadó. A mediterrán hangulatú társasház 2006 / 2007-ben épült. A lakás az 1. emeleten van; 2 szobás (szobák mérete: 20 + 16 nm2), duplaerkélyes (az erkélyek méretet 4,5 és 3,5 m2), részben bútorozott. A lakáshoz kocsibeálló tartozik az elkerített udvaron; használata a bérleti díjban benne foglaltatlik. A háznak saját kazánja van; fűtés és víz: egyedi mérőkkel. Bérleti díj: 220.000,- Ft / hó Közös költség: 18 e Ft + villany, víz, fűtés fogyasztás szerint Közjegyzői kiköltözési nyilatkozattal, 2 havi kaucióval azonnal költözhető. Közlekedés: buszmegálló sétával 3 percen belül, Rákosfalva HÉV-megálló 5 percen belül Üzletek: sétával 5 percen belül (Spar, Aldi, Pepco, stb) INGATLANKÖZVETÍTŐ EGYÜTTMŰKÖDÉSÉT NEM KÉREM!", "oldal_allapot": "hirdetes", "leiras_hossz": 813.0, "fenykepek_szama": 6.0, "lat_portal": 47.503267, "lon_portal": 19.155463, "portal_pozicio_sugar_m": null, "price_eur": null, "nm_ar_eur": null, "kozos_koltseg_eur": null, "rezsikoltseg_eur": null, "kaucio_eur": null, "parkolas": "udvari beálló - benne van az árban", "parkolohely_ara": null, "parkolohelyek_szama": null, "pince": "nan", "napelem": "nan", "komfort": "összkomfortos", "belmagassag_raw": "3 m-nél alacsonyabb", "akadalymentesitett": "nem", "furdo_wc": "egy helyiségben", "tajolas": "nincs megadva", "kilatas": "nincs megadva", "szigeteles": "nincs megadva", "tetoter": "nem tetőtéri", "panelprogram": "nan", "gepesitett": "nincs megadva", "kisallat": "nincs megadva", "dohanyzas": "nincs megadva", "atlag_gazfogyasztas": "nincs megadva", "atlag_aramfogyasztas": "nincs megadva", "tavolsag_metro_halozati_m": null, "menetido_metro_gyalog_perc": null, "metro_5p_seta": 0, "metro_10p_seta": 0, "metro_15p_seta": 0, "tavolsag_villamos_halozati_m": null, "menetido_villamos_gyalog_perc": null, "villamos_5p_seta": 0, "villamos_10p_seta": 0, "villamos_15p_seta": 0, "tavolsag_busz_halozati_m": null, "menetido_busz_gyalog_perc": null, "busz_5p_seta": 0, "busz_10p_seta": 0, "busz_15p_seta": 0, "tavolsag_kotottpalya_halozati_m": null, "menetido_kotottpalya_gyalog_perc": null, "kotottpalya_5p_seta": 0, "kotottpalya_10p_seta": 0, "kotottpalya_15p_seta": 0, "tavolsag_park_halozati_m": null, "menetido_park_gyalog_perc": null, "park_5p_seta": 0, "park_10p_seta": 0, "park_15p_seta": 0, "poi_5p_count": null, "poi_10p_count": null, "poi_15p_count": null, "tavolsag_iskola_halozati_m": null, "iskola_5p_seta": 0, "iskola_10p_seta": 0, "iskola_15p_seta": 0, "tavolsag_ovoda_halozati_m": null, "ovoda_5p_seta": 0, "ovoda_10p_seta": 0, "ovoda_15p_seta": 0, "tavolsag_bolt_halozati_m": null, "bolt_5p_seta": 0, "bolt_10p_seta": 0, "bolt_15p_seta": 0, "tavolsag_gyogyszertar_halozati_m": null, "gyogyszertar_5p_seta": 0, "gyogyszertar_10p_seta": 0, "gyogyszertar_15p_seta": 0, "tavolsag_orvos_halozati_m": null, "orvos_5p_seta": 0, "orvos_10p_seta": 0, "orvos_15p_seta": 0, "legkozelebbi_vasut": "", "legkozelebbi_metro": "", "legkozelebbi_villamos": "", "legkozelebbi_busz": "", "legkozelebbi_park": "", "legkozelebbi_kotottpalya_tipus": "", "varosresz_geokodolt": "Felsőrákos", "geokodolas_szolgaltato": "nominatim/photon", "felhasznalt_hazszam": 6.0, "legkozelebbi_iskola": "", "legkozelebbi_ovoda": "", "legkozelebbi_bolt": "", "legkozelebbi_gyogyszertar": "", "legkozelebbi_orvos": "", "menetido_iskola_gyalog_perc": null, "menetido_ovoda_gyalog_perc": null, "menetido_bolt_gyalog_perc": null, "menetido_gyogyszertar_gyalog_perc": null, "menetido_orvos_gyalog_perc": null }, "geometry": { "type": "Point", "coordinates": [ 19.155051, 47.5035224 ] } },
{ "type": "Feature", "properties": { "listing_id": "33985657", "listing_type": "kiado", "ingatlan_tipus": "raktar", "cim_teljes": "Budapest X. kerület, Kápolna tér 5.", "iranyitoszam": "1103", "varos": "Budapest", "utca": "Kápolna tér", "hazszam": "5", "cim_forras": "strukturalt", "url": "https://ingatlan.com/x-ker/kiado+raktar/raktarhelyiseg/33985657", "gyujtes_datuma": "2026-10-08", "price_huf": 7500.0, "ar_millio_ft": 0.0075, "ar_ezer_ft_ho": 7.5, "nm_ar_huf": 3750.0, "log_ar": 8.9226582995244019, "log_nm_ar": 8.2295111189644565, "is_ar_outlier": 0, "alapterulet_nm": 2.0, "korrigalt_alapterulet_nm": 2.0, "szobaszam_osszes": null, "szobaszam_kategoria": null, "allapot_kod": 0, "is_felujitando": 0, "is_ujszeru_vagy_uj": 0, "is_panel": 0, "is_tegla": 0, "has_lift": 1, "has_klima": 1, "has_erkely": 0, "is_foldszint": 0, "is_zaroszint": 0, "is_tetoter": 0, "epulet_kora_ev": null, "geokodolt_lat": 47.4807592, "geokodolt_lon": 19.1374581, "geokodolas_modszere": "cim_nominatim", "geokodolas_pontossag": "hazszam", "minta_garantalt_pontos": 1, "tavolsag_vasut_m": 565.0, "vasut_zona": "500-1000 m", "is_vasut_immisszio_150m": 0, "tavolsag_vasut_halozati_m": 883.7, "menetido_vasut_gyalog_perc": 11.8, "vasut_5p_seta": 0, "vasut_10p_seta": 0, "vasut_15p_seta": 1, "is_duplikalt_gyanus": 0, "varosresz": "Óhegy", "title": "Nincs kép", "allapot": "nan", "ingatlan_altipus": "raktarhelyiseg", "epites_eve": null, "epites_eve_kategoria": "Ismeretlen", "epites_eve_szoveg": "nan", "epites_eve_becsult": null, "erkely_nm": null, "szobaszam_egesz": null, "szobaszam_fel": null, "atlagos_szobameret_nm": null, "emelet": "nincs megadva", "emelet_szam": null, "epulet_szintjei_szam": null, "is_magas_emelet_lift_nelkul": 0, "futes": "nan", "futes_kategoria": "egyeb", "has_tavfutes": 0, "has_konvektor": 0, "has_megujulo": 0, "has_garazs_vagy_beallo": 0, "energetikai_tanusitvany": "nincs megadva", "butorozott": "nan", "koltozheto": "nincs megadva", "min_berleti_ido": "nincs megadva", "kertkapcsolatos": "nan", "kozos_koltseg_huf": null, "rezsikoltseg_huf": null, "kaucio_huf": null, "hirdeto_tipus": null, "iroda_neve": null, "leiras": "Kőbányán, a Kápolna téren újszerű társasház mélygarázsában könnyen megközelíthető önálló kis tároló kiadó. A tároló körbe falazott és fa ajtóval ellátott, mérete kb. 1,5-2nm és több mint 3 méteres belmagasságú. Jól megközelíthető lépcsőn, lifttel, vagy akár gépkocsival is.", "oldal_allapot": "hirdetes", "leiras_hossz": 273.0, "fenykepek_szama": null, "lat_portal": 47.480885, "lon_portal": 19.137319, "portal_pozicio_sugar_m": null, "price_eur": null, "nm_ar_eur": null, "kozos_koltseg_eur": null, "rezsikoltseg_eur": null, "kaucio_eur": null, "parkolas": "nan", "parkolohely_ara": null, "parkolohelyek_szama": null, "pince": "nan", "napelem": "nan", "komfort": "nan", "belmagassag_raw": "nan", "akadalymentesitett": "nan", "furdo_wc": "nan", "tajolas": "nan", "kilatas": "nan", "szigeteles": "nan", "tetoter": "nan", "panelprogram": "nan", "gepesitett": "nan", "kisallat": "nan", "dohanyzas": "nan", "atlag_gazfogyasztas": "nan", "atlag_aramfogyasztas": "nan", "tavolsag_metro_halozati_m": 2160.6, "menetido_metro_gyalog_perc": 28.8, "metro_5p_seta": 0, "metro_10p_seta": 0, "metro_15p_seta": 0, "tavolsag_villamos_halozati_m": 593.8, "menetido_villamos_gyalog_perc": 7.9, "villamos_5p_seta": 0, "villamos_10p_seta": 1, "villamos_15p_seta": 1, "tavolsag_busz_halozati_m": 87.4, "menetido_busz_gyalog_perc": 1.2, "busz_5p_seta": 1, "busz_10p_seta": 1, "busz_15p_seta": 1, "tavolsag_kotottpalya_halozati_m": 593.8, "menetido_kotottpalya_gyalog_perc": 7.9, "kotottpalya_5p_seta": 0, "kotottpalya_10p_seta": 1, "kotottpalya_15p_seta": 1, "tavolsag_park_halozati_m": 181.6, "menetido_park_gyalog_perc": 2.4, "park_5p_seta": 1, "park_10p_seta": 1, "park_15p_seta": 1, "poi_5p_count": 10.0, "poi_10p_count": 47.0, "poi_15p_count": 108.0, "tavolsag_iskola_halozati_m": 217.4, "iskola_5p_seta": 1, "iskola_10p_seta": 1, "iskola_15p_seta": 1, "tavolsag_ovoda_halozati_m": 1222.2, "ovoda_5p_seta": 0, "ovoda_10p_seta": 0, "ovoda_15p_seta": 0, "tavolsag_bolt_halozati_m": 205.2, "bolt_5p_seta": 1, "bolt_10p_seta": 1, "bolt_15p_seta": 1, "tavolsag_gyogyszertar_halozati_m": 697.8, "gyogyszertar_5p_seta": 0, "gyogyszertar_10p_seta": 1, "gyogyszertar_15p_seta": 1, "tavolsag_orvos_halozati_m": null, "orvos_5p_seta": 0, "orvos_10p_seta": 0, "orvos_15p_seta": 0, "legkozelebbi_vasut": "Kőbánya alsó", "legkozelebbi_metro": "Határ út", "legkozelebbi_villamos": "Kápolna utca", "legkozelebbi_busz": "Kápolna tér", "legkozelebbi_park": "", "legkozelebbi_kotottpalya_tipus": "villamos", "varosresz_geokodolt": "Óhegy", "geokodolas_szolgaltato": "nominatim/photon", "felhasznalt_hazszam": 5.0, "legkozelebbi_iskola": "Janikovszky Éva Általános Iskola", "legkozelebbi_ovoda": "Apró csodák Bölcsőde", "legkozelebbi_bolt": "Big Supermarket", "legkozelebbi_gyogyszertar": "Szent Katalin Gyógyszertár", "legkozelebbi_orvos": "", "menetido_iskola_gyalog_perc": 2.9, "menetido_ovoda_gyalog_perc": 16.3, "menetido_bolt_gyalog_perc": 2.7, "menetido_gyogyszertar_gyalog_perc": 9.3, "menetido_orvos_gyalog_perc": null }, "geometry": { "type": "Point", "coordinates": [ 19.1374581, 47.4807592 ] } },
{ "type": "Feature", "properties": { "listing_id": "34047529", "listing_type": "kiado", "ingatlan_tipus": "lakas", "cim_teljes": "Budapest X. kerület, Makk utca 7.", "iranyitoszam": "1107", "varos": "Budapest", "utca": "Makk utca", "hazszam": "7", "cim_forras": "strukturalt", "url": "https://ingatlan.com/x-ker/kiado+lakas/tegla-lakas/34047529", "gyujtes_datuma": "2026-10-08", "price_huf": 480000.0, "ar_millio_ft": 0.48, "ar_ezer_ft_ho": 480.0, "nm_ar_huf": 5581.395348837209, "log_ar": 13.081541382884074, "log_nm_ar": 8.6271940866305652, "is_ar_outlier": 0, "alapterulet_nm": 86.0, "korrigalt_alapterulet_nm": 90.5, "szobaszam_osszes": 4.0, "szobaszam_kategoria": "4+ szoba", "allapot_kod": 6, "is_felujitando": 0, "is_ujszeru_vagy_uj": 1, "is_panel": 0, "is_tegla": 1, "has_lift": 1, "has_klima": 1, "has_erkely": 1, "is_foldszint": 0, "is_zaroszint": 0, "is_tetoter": 0, "epulet_kora_ev": 7.0, "geokodolt_lat": 47.4741668, "geokodolt_lon": 19.1190001, "geokodolas_modszere": "cim_nominatim", "geokodolas_pontossag": "hazszam", "minta_garantalt_pontos": 1, "tavolsag_vasut_m": 373.5, "vasut_zona": "300-500 m", "is_vasut_immisszio_150m": 0, "tavolsag_vasut_halozati_m": 913.1, "menetido_vasut_gyalog_perc": 12.2, "vasut_5p_seta": 0, "vasut_10p_seta": 0, "vasut_15p_seta": 1, "is_duplikalt_gyanus": 0, "varosresz": "Gyárdűlő", "title": "Ingatlan kép", "allapot": "új építésű", "ingatlan_altipus": "tegla-lakas", "epites_eve": 2019.0, "epites_eve_kategoria": "0-10 év (új)", "epites_eve_szoveg": "2019", "epites_eve_becsult": null, "erkely_nm": 9.0, "szobaszam_egesz": 4.0, "szobaszam_fel": 0.0, "atlagos_szobameret_nm": 22.625, "emelet": "4", "emelet_szam": 4.0, "epulet_szintjei_szam": 5.0, "is_magas_emelet_lift_nelkul": 0, "futes": "házközponti egyedi méréssel", "futes_kategoria": "kozponti", "has_tavfutes": 0, "has_konvektor": 0, "has_megujulo": 0, "has_garazs_vagy_beallo": 0, "energetikai_tanusitvany": "nincs megadva", "butorozott": "részben", "koltozheto": "azonnal", "min_berleti_ido": "nincs megadva", "kertkapcsolatos": "nincs megadva", "kozos_koltseg_huf": 35000.0, "rezsikoltseg_huf": null, "kaucio_huf": null, "hirdeto_tipus": null, "iroda_neve": null, "leiras": "Kiadó a Makk utca 7-ben, 4. emeleti újszerű, nagyméretű lakás, beépített bútorokkal és gépesített konyhával. Megtekinthető előzetes telefonos egyeztetés alapján.", "oldal_allapot": "hirdetes", "leiras_hossz": 161.0, "fenykepek_szama": 6.0, "lat_portal": 47.474314, "lon_portal": 19.118907, "portal_pozicio_sugar_m": null, "price_eur": null, "nm_ar_eur": null, "kozos_koltseg_eur": null, "rezsikoltseg_eur": null, "kaucio_eur": null, "parkolas": "nincs megadva", "parkolohely_ara": null, "parkolohelyek_szama": null, "pince": "nan", "napelem": "nan", "komfort": "nincs megadva", "belmagassag_raw": "nincs megadva", "akadalymentesitett": "igen", "furdo_wc": "külön és egyben is", "tajolas": "nincs megadva", "kilatas": "udvari", "szigeteles": "van", "tetoter": "nem tetőtéri", "panelprogram": "nan", "gepesitett": "igen", "kisallat": "nincs megadva", "dohanyzas": "nem megengedett", "atlag_gazfogyasztas": "nincs megadva", "atlag_aramfogyasztas": "nincs megadva", "tavolsag_metro_halozati_m": 762.1, "menetido_metro_gyalog_perc": 10.2, "metro_5p_seta": 0, "metro_10p_seta": 0, "metro_15p_seta": 1, "tavolsag_villamos_halozati_m": 277.8, "menetido_villamos_gyalog_perc": 3.7, "villamos_5p_seta": 1, "villamos_10p_seta": 1, "villamos_15p_seta": 1, "tavolsag_busz_halozati_m": 330.6, "menetido_busz_gyalog_perc": 4.4, "busz_5p_seta": 1, "busz_10p_seta": 1, "busz_15p_seta": 1, "tavolsag_kotottpalya_halozati_m": 277.8, "menetido_kotottpalya_gyalog_perc": 3.7, "kotottpalya_5p_seta": 1, "kotottpalya_10p_seta": 1, "kotottpalya_15p_seta": 1, "tavolsag_park_halozati_m": 520.7, "menetido_park_gyalog_perc": 6.9, "park_5p_seta": 0, "park_10p_seta": 1, "park_15p_seta": 1, "poi_5p_count": 6.0, "poi_10p_count": 21.0, "poi_15p_count": 72.0, "tavolsag_iskola_halozati_m": 1383.6, "iskola_5p_seta": 0, "iskola_10p_seta": 0, "iskola_15p_seta": 0, "tavolsag_ovoda_halozati_m": 920.1, "ovoda_5p_seta": 0, "ovoda_10p_seta": 0, "ovoda_15p_seta": 1, "tavolsag_bolt_halozati_m": 500.4, "bolt_5p_seta": 0, "bolt_10p_seta": 1, "bolt_15p_seta": 1, "tavolsag_gyogyszertar_halozati_m": 371.5, "gyogyszertar_5p_seta": 1, "gyogyszertar_10p_seta": 1, "gyogyszertar_15p_seta": 1, "tavolsag_orvos_halozati_m": 1143.5, "orvos_5p_seta": 0, "orvos_10p_seta": 0, "orvos_15p_seta": 0, "legkozelebbi_vasut": "Ecseri út", "legkozelebbi_metro": "", "legkozelebbi_villamos": "Fertő utca / Bihari utca", "legkozelebbi_busz": "Fertő utca / Bihari utca", "legkozelebbi_park": "Kékvirág park", "legkozelebbi_kotottpalya_tipus": "villamos", "varosresz_geokodolt": "Gyárdűlő", "geokodolas_szolgaltato": "nominatim/photon", "felhasznalt_hazszam": 7.0, "legkozelebbi_iskola": "Kosztolányi Dezső Általános Iskola", "legkozelebbi_ovoda": "Kőbányai Gézengúz Óvoda", "legkozelebbi_bolt": "Somfa Büfé", "legkozelebbi_gyogyszertar": "Somfa patika", "legkozelebbi_orvos": "Rendelőintézet", "menetido_iskola_gyalog_perc": 18.4, "menetido_ovoda_gyalog_perc": 12.3, "menetido_bolt_gyalog_perc": 6.7, "menetido_gyogyszertar_gyalog_perc": 5.0, "menetido_orvos_gyalog_perc": 15.2 }, "geometry": { "type": "Point", "coordinates": [ 19.1190001, 47.4741668 ] } },
{ "type": "Feature", "properties": { "listing_id": "34059534", "listing_type": "kiado", "ingatlan_tipus": "lakas", "cim_teljes": "Budapest X. kerület, Somfa utca 8.", "iranyitoszam": "1107", "varos": "Budapest", "utca": "Somfa utca", "hazszam": "8", "cim_forras": "strukturalt", "url": "https://ingatlan.com/x-ker/kiado+lakas/tegla-lakas/34059534", "gyujtes_datuma": "2026-10-08", "price_huf": 260000.0, "ar_millio_ft": 0.26, "ar_ezer_ft_ho": 260.0, "nm_ar_huf": 4000.0, "log_ar": 12.468436909997665, "log_nm_ar": 8.2940496401020276, "is_ar_outlier": 0, "alapterulet_nm": 65.0, "korrigalt_alapterulet_nm": 90.0, "szobaszam_osszes": 3.0, "szobaszam_kategoria": "3 szoba", "allapot_kod": 0, "is_felujitando": 0, "is_ujszeru_vagy_uj": 0, "is_panel": 0, "is_tegla": 1, "has_lift": 0, "has_klima": 0, "has_erkely": 1, "is_foldszint": 0, "is_zaroszint": 0, "is_tetoter": 0, "epulet_kora_ev": null, "geokodolt_lat": 47.4737499, "geokodolt_lon": 19.1196285, "geokodolas_modszere": "cim_nominatim", "geokodolas_pontossag": "hazszam", "minta_garantalt_pontos": 1, "tavolsag_vasut_m": 424.7, "vasut_zona": "300-500 m", "is_vasut_immisszio_150m": 0, "tavolsag_vasut_halozati_m": 906.1, "menetido_vasut_gyalog_perc": 12.1, "vasut_5p_seta": 0, "vasut_10p_seta": 0, "vasut_15p_seta": 1, "is_duplikalt_gyanus": 0, "varosresz": "Gyárdűlő", "title": "Ingatlan kép", "allapot": "nincs megadva", "ingatlan_altipus": "tegla-lakas", "epites_eve": null, "epites_eve_kategoria": "Ismeretlen", "epites_eve_szoveg": "nincs megadva", "epites_eve_becsult": null, "erkely_nm": 50.0, "szobaszam_egesz": 3.0, "szobaszam_fel": 0.0, "atlagos_szobameret_nm": 30.0, "emelet": "nincs megadva", "emelet_szam": null, "epulet_szintjei_szam": null, "is_magas_emelet_lift_nelkul": 0, "futes": "nincs megadva", "futes_kategoria": "egyeb", "has_tavfutes": 0, "has_konvektor": 0, "has_megujulo": 0, "has_garazs_vagy_beallo": 0, "energetikai_tanusitvany": "nincs megadva", "butorozott": "nincs megadva", "koltozheto": "nincs megadva", "min_berleti_ido": "nincs megadva", "kertkapcsolatos": "nincs megadva", "kozos_koltseg_huf": null, "rezsikoltseg_huf": null, "kaucio_huf": null, "hirdeto_tipus": null, "iroda_neve": null, "leiras": "65 m2-es lakás 50 m2 terasszal metrótól 8 perc sétára kiadó. Két külön nyíló zárható szoba, tágas nappali, kádas fürdőszoba, külön WC kézmosóval, konyha, hozzá kamra. Az egész lakás világos, élhető, kiváló életminőséget biztosít. A terasz 50 m2-es, aminek 12 m2-es része fedett. Nem berendezett. Beépített hűtő és fagyasztó, valamint 2 éves mosogatógép a konyhában rendelkezésre áll. A lakás a 4. emeleten található, a lakáshoz külön zárható folyosó vezet, ami az abban a szárnyban lakó öt lakás biztonságát szolgálja. Minden helyiség ablakán szúnyogháló és redőny biztosítja a kényelmet. Mivel a lakás a nyitott folyosó végén található, így nincs előtte átjárás, babakocsi, lábbelik és hasonló tárgyak a folyosón hagyhatóak más zavarása nélkül. A társasház elit, igényes lakóközösséggel. Az épület az OTP beruházásában épült 2009-ben, kiváló minőségű kivitelezésben. Óriási udvar tartozik a társasházhoz, benne tágas játszótérrel, piknikezési, labdázási és grillezési lehetőségekkel. A társasház bekamerázott, több soros biztonsági funkcióval rendelkezik. Az Ecseri út és a Pöttyös utca kék M3 metróállomások 8 perc sétára vannak. Az M5-ös bevezetője 3 perc autóval. A Népliget (távolsági buszpályaudvar és sportolási lehetőség) 8 perc sétára található. Egyedi adottságokkal rendelkező lakás, amihez hasonlóhoz nagyon kevés van a piacon. Kisállat nem hozható, a dohányzás a lakásban nem megengedett. Minimális bérleti időszak 1 év. Bérleti díj: 260 000 Ft/hó. Kaució: 2 hónap. Fűtés: házközponti, egyedi méréssel. Villany és víz tényleges fogyasztás alapján fizetendő. A rezsi költségek a következőek: 1) Közös ktg (26.790 Ft/hó) 2) MVM (egyedi fogyasztás alapján) 3) Hideg- és melegvíz (egyedi fogyasztás alapján) 4) Fűtés (egyedi fogyasztás alapján) Internet és kábel TV saját névre bekötetthető. Semmelweis Egyetem autóval kb. 9 perc (4,7 km), tömegközlekedéssel kb. 29 perc. Nemzeti Közszolgálati Egyetem autóval kb. 8 perc (4 km), tömegközlekedéssel 23 perc. A közelben CBA, patika, szépségszalon, cukrászda, sportpálya található. Cím: Budapest, Somfa u. 8. 4. emelet 47. Érdeklődni első körben rövid bemutatkozással üzenetben lehet, ezt követően telefonon.", "oldal_allapot": "hirdetes", "leiras_hossz": 2163.0, "fenykepek_szama": 6.0, "lat_portal": 47.473477, "lon_portal": 19.119357, "portal_pozicio_sugar_m": null, "price_eur": null, "nm_ar_eur": null, "kozos_koltseg_eur": null, "rezsikoltseg_eur": null, "kaucio_eur": null, "parkolas": "nincs megadva", "parkolohely_ara": null, "parkolohelyek_szama": null, "pince": "nan", "napelem": "nan", "komfort": "nincs megadva", "belmagassag_raw": "nincs megadva", "akadalymentesitett": "nincs megadva", "furdo_wc": "nincs megadva", "tajolas": "nincs megadva", "kilatas": "nincs megadva", "szigeteles": "nincs megadva", "tetoter": "nincs megadva", "panelprogram": "nan", "gepesitett": "nincs megadva", "kisallat": "nincs megadva", "dohanyzas": "nincs megadva", "atlag_gazfogyasztas": "nincs megadva", "atlag_aramfogyasztas": "nincs megadva", "tavolsag_metro_halozati_m": 713.6, "menetido_metro_gyalog_perc": 9.5, "metro_5p_seta": 0, "metro_10p_seta": 1, "metro_15p_seta": 1, "tavolsag_villamos_halozati_m": 408.8, "menetido_villamos_gyalog_perc": 5.5, "villamos_5p_seta": 0, "villamos_10p_seta": 1, "villamos_15p_seta": 1, "tavolsag_busz_halozati_m": 455.4, "menetido_busz_gyalog_perc": 6.1, "busz_5p_seta": 0, "busz_10p_seta": 1, "busz_15p_seta": 1, "tavolsag_kotottpalya_halozati_m": 408.8, "menetido_kotottpalya_gyalog_perc": 5.5, "kotottpalya_5p_seta": 0, "kotottpalya_10p_seta": 1, "kotottpalya_15p_seta": 1, "tavolsag_park_halozati_m": 496.8, "menetido_park_gyalog_perc": 6.6, "park_5p_seta": 0, "park_10p_seta": 1, "park_15p_seta": 1, "poi_5p_count": 1.0, "poi_10p_count": 21.0, "poi_15p_count": 74.0, "tavolsag_iskola_halozati_m": 1388.0, "iskola_5p_seta": 0, "iskola_10p_seta": 0, "iskola_15p_seta": 0, "tavolsag_ovoda_halozati_m": 848.5, "ovoda_5p_seta": 0, "ovoda_10p_seta": 0, "ovoda_15p_seta": 1, "tavolsag_bolt_halozati_m": 451.9, "bolt_5p_seta": 0, "bolt_10p_seta": 1, "bolt_15p_seta": 1, "tavolsag_gyogyszertar_halozati_m": 230.1, "gyogyszertar_5p_seta": 1, "gyogyszertar_10p_seta": 1, "gyogyszertar_15p_seta": 1, "tavolsag_orvos_halozati_m": 1095.1, "orvos_5p_seta": 0, "orvos_10p_seta": 0, "orvos_15p_seta": 1, "legkozelebbi_vasut": "Pöttyös utca", "legkozelebbi_metro": "", "legkozelebbi_villamos": "Fertő utca / Bihari utca", "legkozelebbi_busz": "Hizlaló tér", "legkozelebbi_park": "Kékvirág park", "legkozelebbi_kotottpalya_tipus": "villamos", "varosresz_geokodolt": "Gyárdűlő", "geokodolas_szolgaltato": "nominatim/photon", "felhasznalt_hazszam": 8.0, "legkozelebbi_iskola": "Kosztolányi Dezső Általános Iskola", "legkozelebbi_ovoda": "Kőbányai Gézengúz Óvoda", "legkozelebbi_bolt": "Somfa Büfé", "legkozelebbi_gyogyszertar": "Somfa patika", "legkozelebbi_orvos": "Rendelőintézet", "menetido_iskola_gyalog_perc": 18.5, "menetido_ovoda_gyalog_perc": 11.3, "menetido_bolt_gyalog_perc": 6.0, "menetido_gyogyszertar_gyalog_perc": 3.1, "menetido_orvos_gyalog_perc": 14.6 }, "geometry": { "type": "Point", "coordinates": [ 19.1196285, 47.4737499 ] } },
{ "type": "Feature", "properties": { "listing_id": "34246507", "listing_type": "kiado", "ingatlan_tipus": "lakas", "cim_teljes": "Budapest X. kerület, Zágrábi utca 8.", "iranyitoszam": "1107", "varos": "Budapest", "utca": "Zágrábi utca", "hazszam": "8", "cim_forras": "strukturalt", "url": "https://ingatlan.com/x-ker/kiado+lakas/tegla-lakas/34246507", "gyujtes_datuma": "2026-10-08", "price_huf": 300000.0, "ar_millio_ft": 0.3, "ar_ezer_ft_ho": 300.0, "nm_ar_huf": 7500.0, "log_ar": 12.611537753638338, "log_nm_ar": 8.9226582995244019, "is_ar_outlier": 0, "alapterulet_nm": 40.0, "korrigalt_alapterulet_nm": 45.0, "szobaszam_osszes": 2.0, "szobaszam_kategoria": "2 szoba", "allapot_kod": 6, "is_felujitando": 0, "is_ujszeru_vagy_uj": 1, "is_panel": 0, "is_tegla": 1, "has_lift": 1, "has_klima": 1, "has_erkely": 1, "is_foldszint": 0, "is_zaroszint": 0, "is_tetoter": 0, "epulet_kora_ev": 2.0, "geokodolt_lat": 47.4711207, "geokodolt_lon": 19.1185735, "geokodolas_modszere": "cim_nominatim", "geokodolas_pontossag": "hazszam", "minta_garantalt_pontos": 1, "tavolsag_vasut_m": 584.9, "vasut_zona": "500-1000 m", "is_vasut_immisszio_150m": 0, "tavolsag_vasut_halozati_m": 563.0, "menetido_vasut_gyalog_perc": 7.5, "vasut_5p_seta": 0, "vasut_10p_seta": 1, "vasut_15p_seta": 1, "is_duplikalt_gyanus": 0, "varosresz": "Gyárdűlő", "title": "Ingatlan kép", "allapot": "új építésű", "ingatlan_altipus": "tegla-lakas", "epites_eve": 2024.0, "epites_eve_kategoria": "0-10 év (új)", "epites_eve_szoveg": "2024", "epites_eve_becsult": null, "erkely_nm": 10.0, "szobaszam_egesz": 2.0, "szobaszam_fel": 0.0, "atlagos_szobameret_nm": 22.5, "emelet": "3", "emelet_szam": 3.0, "epulet_szintjei_szam": 6.0, "is_magas_emelet_lift_nelkul": 0, "futes": "házközponti egyedi méréssel, hűtő-fűtő klíma", "futes_kategoria": "kozponti", "has_tavfutes": 0, "has_konvektor": 0, "has_megujulo": 0, "has_garazs_vagy_beallo": 1, "energetikai_tanusitvany": "A+", "butorozott": "igen", "koltozheto": "azonnal", "min_berleti_ido": "12 hónap", "kertkapcsolatos": "nem", "kozos_koltseg_huf": 15000.0, "rezsikoltseg_huf": 25000.0, "kaucio_huf": null, "hirdeto_tipus": null, "iroda_neve": null, "leiras": "***** AZONNAL KÖLTÖZHETŐ! ***** 2 szobás, remek elosztású, nagyon világos, TELJESEN BÚTOROZOTT, GÉPESÍTETT lakás a Balance Garden újépítésű, prémium minőségű lakóparkban. Belső építésszel megtervezett és nagyon igényesen, teljes körűen berendezve kerül átadásra az ingatlan. A lakás tartozéka továbbá újonnan vásárolt egyedi tervezésű beépített konyha. A lakás gépesítése, tartozékai újszeű gépekből állnak, melyek a következők: - mosógép; - páraelszívó; - sütő; - indukciós főzőlap; - mosogatógép; - hűtő; - mikró; -klíma; -motoros redőny. A közös költség 15.000 Ft/hó, a közmű díjak és az üzemeltetése rendkívül kedvező, fűtése radiátorok + padlófűtés, amely egyénileg szabályozható, a fürdőben törölköző szárító radiátor is található. A szobák klimatizáltak, az ablakokon elektromos redőny. Minden szempontból a legigényesebb új kivitelezés ami egy csendes, nyugodt, régebbi lakóházak között található, közel a tömegközlekedéshez, ám mégis egy zöld, nyugodt békés övezetben. A társasházhoz közel sok zöldterület található. Társasházban egy zárt, a lakók által használható park, játszótér és szabadtéri kondi-park is ki lett alakítva. A közelben található üzletek, bevásárlóközpont (SHOPMARK), óvoda, iskola, posta, Spar, Lidl, valamint a Pöttyös u-i metro megálló pár perces gyalogos távolságra van. A lakással együtt bérelhető tágas hely a TEREMGARÁZS-ban is, mely 30.000 Ft/hó. Írjon, hívjon bizalommal. Rugalmasan megtekinthető, azonnal költözhető.", "oldal_allapot": "hirdetes", "leiras_hossz": 1454.0, "fenykepek_szama": 6.0, "lat_portal": 47.470303, "lon_portal": 19.117403, "portal_pozicio_sugar_m": null, "price_eur": null, "nm_ar_eur": null, "kozos_koltseg_eur": null, "rezsikoltseg_eur": null, "kaucio_eur": null, "parkolas": "teremgarázs hely - bérelhető", "parkolohely_ara": 30000.0, "parkolohelyek_szama": null, "pince": "nan", "napelem": "nan", "komfort": "összkomfortos", "belmagassag_raw": "3 m-nél alacsonyabb", "akadalymentesitett": "igen", "furdo_wc": "egy helyiségben", "tajolas": "nincs megadva", "kilatas": "utcai", "szigeteles": "van", "tetoter": "nem tetőtéri", "panelprogram": "nan", "gepesitett": "igen", "kisallat": "nincs megadva", "dohanyzas": "nem megengedett", "atlag_gazfogyasztas": "nincs megadva", "atlag_aramfogyasztas": "nincs megadva", "tavolsag_metro_halozati_m": 370.5, "menetido_metro_gyalog_perc": 4.9, "metro_5p_seta": 1, "metro_10p_seta": 1, "metro_15p_seta": 1, "tavolsag_villamos_halozati_m": 672.4, "menetido_villamos_gyalog_perc": 9.0, "villamos_5p_seta": 0, "villamos_10p_seta": 1, "villamos_15p_seta": 1, "tavolsag_busz_halozati_m": 399.5, "menetido_busz_gyalog_perc": 5.3, "busz_5p_seta": 0, "busz_10p_seta": 1, "busz_15p_seta": 1, "tavolsag_kotottpalya_halozati_m": 370.5, "menetido_kotottpalya_gyalog_perc": 4.9, "kotottpalya_5p_seta": 1, "kotottpalya_10p_seta": 1, "kotottpalya_15p_seta": 1, "tavolsag_park_halozati_m": 319.7, "menetido_park_gyalog_perc": 4.3, "park_5p_seta": 1, "park_10p_seta": 1, "park_15p_seta": 1, "poi_5p_count": 5.0, "poi_10p_count": 37.0, "poi_15p_count": 100.0, "tavolsag_iskola_halozati_m": 1116.5, "iskola_5p_seta": 0, "iskola_10p_seta": 0, "iskola_15p_seta": 1, "tavolsag_ovoda_halozati_m": 430.2, "ovoda_5p_seta": 0, "ovoda_10p_seta": 1, "ovoda_15p_seta": 1, "tavolsag_bolt_halozati_m": 301.7, "bolt_5p_seta": 1, "bolt_10p_seta": 1, "bolt_15p_seta": 1, "tavolsag_gyogyszertar_halozati_m": 490.6, "gyogyszertar_5p_seta": 0, "gyogyszertar_10p_seta": 1, "gyogyszertar_15p_seta": 1, "tavolsag_orvos_halozati_m": 756.8, "orvos_5p_seta": 0, "orvos_10p_seta": 0, "orvos_15p_seta": 1, "legkozelebbi_vasut": "Pöttyös utca", "legkozelebbi_metro": "", "legkozelebbi_villamos": "Balkán utca", "legkozelebbi_busz": "Pöttyös utca M", "legkozelebbi_park": "", "legkozelebbi_kotottpalya_tipus": "metro", "varosresz_geokodolt": "Gyárdűlő", "geokodolas_szolgaltato": "nominatim/photon", "felhasznalt_hazszam": 8.0, "legkozelebbi_iskola": "Kosztolányi Dezső Általános Iskola", "legkozelebbi_ovoda": "Kőbányai Gézengúz Óvoda", "legkozelebbi_bolt": "Somfa Büfé", "legkozelebbi_gyogyszertar": "Somfa patika", "legkozelebbi_orvos": "Rendelőintézet", "menetido_iskola_gyalog_perc": 14.9, "menetido_ovoda_gyalog_perc": 5.7, "menetido_bolt_gyalog_perc": 4.0, "menetido_gyogyszertar_gyalog_perc": 6.5, "menetido_orvos_gyalog_perc": 10.1 }, "geometry": { "type": "Point", "coordinates": [ 19.1185735, 47.4711207 ] } },
{ "type": "Feature", "properties": { "listing_id": "34335207", "listing_type": "kiado", "ingatlan_tipus": "iroda", "cim_teljes": "Budapest X. kerület, Regina köz 1.", "iranyitoszam": "1103", "varos": "Budapest", "utca": "Regina köz", "hazszam": "1", "cim_forras": "strukturalt", "url": "https://ingatlan.com/x-ker/kiado+iroda/egyeb-iroda/34335207", "gyujtes_datuma": "2026-10-08", "price_huf": 2000000.0, "ar_millio_ft": 2.0, "ar_ezer_ft_ho": 2000.0, "nm_ar_huf": 5555.5555555555557, "log_ar": 14.508657738524219, "log_nm_ar": 8.6225537070740632, "is_ar_outlier": 0, "alapterulet_nm": 360.0, "korrigalt_alapterulet_nm": 360.0, "szobaszam_osszes": null, "szobaszam_kategoria": null, "allapot_kod": 3, "is_felujitando": 0, "is_ujszeru_vagy_uj": 0, "is_panel": 0, "is_tegla": 0, "has_lift": 1, "has_klima": 1, "has_erkely": 0, "is_foldszint": 0, "is_zaroszint": 0, "is_tetoter": 0, "epulet_kora_ev": null, "geokodolt_lat": 47.4642049, "geokodolt_lon": 19.1436627, "geokodolas_modszere": "cim_nominatim", "geokodolas_pontossag": "hazszam", "minta_garantalt_pontos": 1, "tavolsag_vasut_m": 115.3, "vasut_zona": "<150 m", "is_vasut_immisszio_150m": 1, "tavolsag_vasut_halozati_m": 417.2, "menetido_vasut_gyalog_perc": 5.6, "vasut_5p_seta": 0, "vasut_10p_seta": 1, "vasut_15p_seta": 1, "is_duplikalt_gyanus": 0, "varosresz": "Kúttó", "title": "Ingatlan kép", "allapot": "jó állapotú", "ingatlan_altipus": "egyeb-iroda", "epites_eve": null, "epites_eve_kategoria": "Ismeretlen", "epites_eve_szoveg": "nincs megadva", "epites_eve_becsult": null, "erkely_nm": null, "szobaszam_egesz": null, "szobaszam_fel": null, "atlagos_szobameret_nm": null, "emelet": "nincs megadva", "emelet_szam": null, "epulet_szintjei_szam": 2.0, "is_magas_emelet_lift_nelkul": 0, "futes": "nan", "futes_kategoria": "egyeb", "has_tavfutes": 0, "has_konvektor": 0, "has_megujulo": 0, "has_garazs_vagy_beallo": 1, "energetikai_tanusitvany": "nincs megadva", "butorozott": "részben", "koltozheto": "azonnal", "min_berleti_ido": "nincs megadva", "kertkapcsolatos": "nan", "kozos_koltseg_huf": null, "rezsikoltseg_huf": null, "kaucio_huf": null, "hirdeto_tipus": null, "iroda_neve": null, "leiras": "Kiadásra kínáljuk egyben vagy külön is a KÖKI közelében, közvetlenül a gyorsforgalmi út mellett lévő irodánkat (360 m2 két szinten), a mellette lévő parkolókat (50 autó) és raktárakat (120 nm2). Az ár függ a bérelni kívánt terület mértékétől. További kérdés esetén keressen telefonon.", "oldal_allapot": "hirdetes", "leiras_hossz": 284.0, "fenykepek_szama": null, "lat_portal": 47.464284, "lon_portal": 19.144043, "portal_pozicio_sugar_m": null, "price_eur": null, "nm_ar_eur": null, "kozos_koltseg_eur": null, "rezsikoltseg_eur": null, "kaucio_eur": null, "parkolas": "udvari beálló - bérelhető", "parkolohely_ara": null, "parkolohelyek_szama": null, "pince": "nan", "napelem": "nan", "komfort": "nan", "belmagassag_raw": "nan", "akadalymentesitett": "nincs megadva", "furdo_wc": "nan", "tajolas": "nan", "kilatas": "nan", "szigeteles": "nan", "tetoter": "nincs megadva", "panelprogram": "nan", "gepesitett": "nan", "kisallat": "nan", "dohanyzas": "nan", "atlag_gazfogyasztas": "nan", "atlag_aramfogyasztas": "nan", "tavolsag_metro_halozati_m": 306.6, "menetido_metro_gyalog_perc": 4.1, "metro_5p_seta": 1, "metro_10p_seta": 1, "metro_15p_seta": 1, "tavolsag_villamos_halozati_m": 629.8, "menetido_villamos_gyalog_perc": 8.4, "villamos_5p_seta": 0, "villamos_10p_seta": 1, "villamos_15p_seta": 1, "tavolsag_busz_halozati_m": 232.8, "menetido_busz_gyalog_perc": 3.1, "busz_5p_seta": 1, "busz_10p_seta": 1, "busz_15p_seta": 1, "tavolsag_kotottpalya_halozati_m": 306.6, "menetido_kotottpalya_gyalog_perc": 4.1, "kotottpalya_5p_seta": 1, "kotottpalya_10p_seta": 1, "kotottpalya_15p_seta": 1, "tavolsag_park_halozati_m": 510.5, "menetido_park_gyalog_perc": 6.8, "park_5p_seta": 0, "park_10p_seta": 1, "park_15p_seta": 1, "poi_5p_count": 7.0, "poi_10p_count": 42.0, "poi_15p_count": 67.0, "tavolsag_iskola_halozati_m": null, "iskola_5p_seta": 0, "iskola_10p_seta": 0, "iskola_15p_seta": 0, "tavolsag_ovoda_halozati_m": 2068.1, "ovoda_5p_seta": 0, "ovoda_10p_seta": 0, "ovoda_15p_seta": 0, "tavolsag_bolt_halozati_m": 477.1, "bolt_5p_seta": 0, "bolt_10p_seta": 1, "bolt_15p_seta": 1, "tavolsag_gyogyszertar_halozati_m": 599.8, "gyogyszertar_5p_seta": 0, "gyogyszertar_10p_seta": 1, "gyogyszertar_15p_seta": 1, "tavolsag_orvos_halozati_m": 849.6, "orvos_5p_seta": 0, "orvos_10p_seta": 0, "orvos_15p_seta": 1, "legkozelebbi_vasut": "Kőbánya-Kispest", "legkozelebbi_metro": "", "legkozelebbi_villamos": "Lehel utca", "legkozelebbi_busz": "Kőbánya-Kispest P+R", "legkozelebbi_park": "", "legkozelebbi_kotottpalya_tipus": "metro", "varosresz_geokodolt": "Kúttó", "geokodolas_szolgaltato": "nominatim/photon", "felhasznalt_hazszam": 1.0, "legkozelebbi_iskola": "", "legkozelebbi_ovoda": "Kőbányai Gézengúz Óvoda", "legkozelebbi_bolt": "Lipóti Pékség", "legkozelebbi_gyogyszertar": "Benu", "legkozelebbi_orvos": "ZERO Medical", "menetido_iskola_gyalog_perc": null, "menetido_ovoda_gyalog_perc": 27.6, "menetido_bolt_gyalog_perc": 6.4, "menetido_gyogyszertar_gyalog_perc": 8.0, "menetido_orvos_gyalog_perc": 11.3 }, "geometry": { "type": "Point", "coordinates": [ 19.1436627, 47.4642049 ] } },
{ "type": "Feature", "properties": { "listing_id": "34394146", "listing_type": "kiado", "ingatlan_tipus": "raktar", "cim_teljes": "Budapest X. kerület, Túzok utca 3.", "iranyitoszam": "1106", "varos": "Budapest", "utca": "Túzok utca", "hazszam": "3", "cim_forras": "strukturalt", "url": "https://ingatlan.com/x-ker/kiado+raktar/raktarhelyiseg/34394146", "gyujtes_datuma": "2026-10-08", "price_huf": 120000.0, "ar_millio_ft": 0.12, "ar_ezer_ft_ho": 120.0, "nm_ar_huf": 40.0, "log_ar": 11.695247021764184, "log_nm_ar": 3.6888794541139363, "is_ar_outlier": 1, "alapterulet_nm": 3000.0, "korrigalt_alapterulet_nm": 3000.0, "szobaszam_osszes": null, "szobaszam_kategoria": null, "allapot_kod": 0, "is_felujitando": 0, "is_ujszeru_vagy_uj": 0, "is_panel": 0, "is_tegla": 0, "has_lift": 1, "has_klima": 1, "has_erkely": 0, "is_foldszint": 1, "is_zaroszint": 0, "is_tetoter": 0, "epulet_kora_ev": 25.0, "geokodolt_lat": 47.5032584, "geokodolt_lon": 19.1486959, "geokodolas_modszere": "cim_nominatim", "geokodolas_pontossag": "hazszam", "minta_garantalt_pontos": 1, "tavolsag_vasut_m": 1117.1, "vasut_zona": "1000-2000 m", "is_vasut_immisszio_150m": 0, "tavolsag_vasut_halozati_m": null, "menetido_vasut_gyalog_perc": null, "vasut_5p_seta": 0, "vasut_10p_seta": 0, "vasut_15p_seta": 0, "is_duplikalt_gyanus": 0, "varosresz": "Felsőrákos", "title": "Ingatlan kép", "allapot": "nan", "ingatlan_altipus": "raktarhelyiseg", "epites_eve": 2001.0, "epites_eve_kategoria": "10-30 év (rendszerváltás utáni)", "epites_eve_szoveg": "nan", "epites_eve_becsult": null, "erkely_nm": null, "szobaszam_egesz": null, "szobaszam_fel": null, "atlagos_szobameret_nm": null, "emelet": "földszint", "emelet_szam": null, "epulet_szintjei_szam": null, "is_magas_emelet_lift_nelkul": 0, "futes": "nan", "futes_kategoria": "egyeb", "has_tavfutes": 0, "has_konvektor": 0, "has_megujulo": 0, "has_garazs_vagy_beallo": 0, "energetikai_tanusitvany": "C", "butorozott": "nan", "koltozheto": "azonnal", "min_berleti_ido": "12 hónap", "kertkapcsolatos": "nan", "kozos_koltseg_huf": null, "rezsikoltseg_huf": null, "kaucio_huf": null, "hirdeto_tipus": null, "iroda_neve": null, "leiras": "Budapest X. kerületében, a Túzok utcában, ipari területen belül kiadó több raktár 18-400m2, műhely és iroda nettó 2000 Ft/m2/hó áron Az ipari terület 0-24-es portaszolgálattal rendelkezik, lehetővé téve az éjszakai tevékenységeket és hétvégi munkavégzést. A területre 40 tonnáig megengedett a kamionok behajtása, biztosítva a könnyű hozzáférést és szállítást. Üzemeltetési költség 500 ft/m2/hó -0-24 órás portaszolgálat -telephelyi kamerarendszer -víz-, csatornadíj -wifi internet Áramfelhasználás a bérleményben felszerelt egyedi mérők alapján. Minimális bérleti időszak 1 év, kaució: 3 havi bruttó bérleti díj - 240 m2 raktár, műhely Ezeken kívül elérhető kb. 350 m2 kerítéssel elhatárolt kültéri udvari terület, tárolási hely, amely kamionnal is megközelíthető, parkolási lehetőséggel.", "oldal_allapot": "hirdetes", "leiras_hossz": 788.0, "fenykepek_szama": null, "lat_portal": 47.487879, "lon_portal": 19.192663, "portal_pozicio_sugar_m": null, "price_eur": null, "nm_ar_eur": null, "kozos_koltseg_eur": null, "rezsikoltseg_eur": null, "kaucio_eur": null, "parkolas": "nan", "parkolohely_ara": null, "parkolohelyek_szama": null, "pince": "nan", "napelem": "nan", "komfort": "nan", "belmagassag_raw": "nan", "akadalymentesitett": "nan", "furdo_wc": "nan", "tajolas": "nan", "kilatas": "nan", "szigeteles": "nan", "tetoter": "nan", "panelprogram": "nan", "gepesitett": "nan", "kisallat": "nan", "dohanyzas": "nan", "atlag_gazfogyasztas": "nan", "atlag_aramfogyasztas": "nan", "tavolsag_metro_halozati_m": null, "menetido_metro_gyalog_perc": null, "metro_5p_seta": 0, "metro_10p_seta": 0, "metro_15p_seta": 0, "tavolsag_villamos_halozati_m": null, "menetido_villamos_gyalog_perc": null, "villamos_5p_seta": 0, "villamos_10p_seta": 0, "villamos_15p_seta": 0, "tavolsag_busz_halozati_m": null, "menetido_busz_gyalog_perc": null, "busz_5p_seta": 0, "busz_10p_seta": 0, "busz_15p_seta": 0, "tavolsag_kotottpalya_halozati_m": null, "menetido_kotottpalya_gyalog_perc": null, "kotottpalya_5p_seta": 0, "kotottpalya_10p_seta": 0, "kotottpalya_15p_seta": 0, "tavolsag_park_halozati_m": null, "menetido_park_gyalog_perc": null, "park_5p_seta": 0, "park_10p_seta": 0, "park_15p_seta": 0, "poi_5p_count": null, "poi_10p_count": null, "poi_15p_count": null, "tavolsag_iskola_halozati_m": null, "iskola_5p_seta": 0, "iskola_10p_seta": 0, "iskola_15p_seta": 0, "tavolsag_ovoda_halozati_m": null, "ovoda_5p_seta": 0, "ovoda_10p_seta": 0, "ovoda_15p_seta": 0, "tavolsag_bolt_halozati_m": null, "bolt_5p_seta": 0, "bolt_10p_seta": 0, "bolt_15p_seta": 0, "tavolsag_gyogyszertar_halozati_m": null, "gyogyszertar_5p_seta": 0, "gyogyszertar_10p_seta": 0, "gyogyszertar_15p_seta": 0, "tavolsag_orvos_halozati_m": null, "orvos_5p_seta": 0, "orvos_10p_seta": 0, "orvos_15p_seta": 0, "legkozelebbi_vasut": "", "legkozelebbi_metro": "", "legkozelebbi_villamos": "", "legkozelebbi_busz": "", "legkozelebbi_park": "", "legkozelebbi_kotottpalya_tipus": "", "varosresz_geokodolt": "Felsőrákos", "geokodolas_szolgaltato": "nominatim/photon", "felhasznalt_hazszam": 3.0, "legkozelebbi_iskola": "", "legkozelebbi_ovoda": "", "legkozelebbi_bolt": "", "legkozelebbi_gyogyszertar": "", "legkozelebbi_orvos": "", "menetido_iskola_gyalog_perc": null, "menetido_ovoda_gyalog_perc": null, "menetido_bolt_gyalog_perc": null, "menetido_gyogyszertar_gyalog_perc": null, "menetido_orvos_gyalog_perc": null }, "geometry": { "type": "Point", "coordinates": [ 19.1486959, 47.5032584 ] } },
{ "type": "Feature", "properties": { "listing_id": "34454287", "listing_type": "kiado", "ingatlan_tipus": "garazs", "cim_teljes": "Budapest X. kerület, Tavas utca 3.", "iranyitoszam": "1108", "varos": "Budapest", "utca": "Tavas utca", "hazszam": "3", "cim_forras": "strukturalt", "url": "https://ingatlan.com/x-ker/kiado+garazs/beallo/34454287", "gyujtes_datuma": "2026-10-08", "price_huf": 15000.0, "ar_millio_ft": 0.015, "ar_ezer_ft_ho": 15.0, "nm_ar_huf": 750.0, "log_ar": 9.6158054800843473, "log_nm_ar": 6.620073206530356, "is_ar_outlier": 1, "alapterulet_nm": 20.0, "korrigalt_alapterulet_nm": 20.0, "szobaszam_osszes": null, "szobaszam_kategoria": null, "allapot_kod": 0, "is_felujitando": 0, "is_ujszeru_vagy_uj": 0, "is_panel": 0, "is_tegla": 0, "has_lift": 1, "has_klima": 1, "has_erkely": 0, "is_foldszint": 0, "is_zaroszint": 0, "is_tetoter": 0, "epulet_kora_ev": null, "geokodolt_lat": 47.4666945, "geokodolt_lon": 19.1625271, "geokodolas_modszere": "cim_nominatim", "geokodolas_pontossag": "hazszam", "minta_garantalt_pontos": 1, "tavolsag_vasut_m": 587.5, "vasut_zona": "500-1000 m", "is_vasut_immisszio_150m": 0, "tavolsag_vasut_halozati_m": null, "menetido_vasut_gyalog_perc": null, "vasut_5p_seta": 0, "vasut_10p_seta": 0, "vasut_15p_seta": 0, "is_duplikalt_gyanus": 0, "varosresz": "Újhegy", "title": "Nincs kép", "allapot": "nincs megadva", "ingatlan_altipus": "beallo", "epites_eve": null, "epites_eve_kategoria": "Ismeretlen", "epites_eve_szoveg": "nincs megadva", "epites_eve_becsult": null, "erkely_nm": null, "szobaszam_egesz": null, "szobaszam_fel": null, "atlagos_szobameret_nm": null, "emelet": "nan", "emelet_szam": null, "epulet_szintjei_szam": null, "is_magas_emelet_lift_nelkul": 0, "futes": "nan", "futes_kategoria": "egyeb", "has_tavfutes": 0, "has_konvektor": 0, "has_megujulo": 0, "has_garazs_vagy_beallo": 0, "energetikai_tanusitvany": "nan", "butorozott": "nan", "koltozheto": "nincs megadva", "min_berleti_ido": "nincs megadva", "kertkapcsolatos": "nan", "kozos_koltseg_huf": null, "rezsikoltseg_huf": null, "kaucio_huf": null, "hirdeto_tipus": null, "iroda_neve": null, "leiras": "Rózsaliget V. lakóparkban, jól parkolható nagy felszíni beálló kiadó. Hosszú parkoló (nagy autó részére is megfelelő, pl. Ford Transit vagy autó + motor).", "oldal_allapot": "hirdetes", "leiras_hossz": 154.0, "fenykepek_szama": 4.0, "lat_portal": 47.467065, "lon_portal": 19.162354, "portal_pozicio_sugar_m": null, "price_eur": null, "nm_ar_eur": null, "kozos_koltseg_eur": null, "rezsikoltseg_eur": null, "kaucio_eur": null, "parkolas": "nan", "parkolohely_ara": null, "parkolohelyek_szama": null, "pince": "nan", "napelem": "nan", "komfort": "nan", "belmagassag_raw": "nan", "akadalymentesitett": "nan", "furdo_wc": "nan", "tajolas": "nan", "kilatas": "nan", "szigeteles": "nan", "tetoter": "nan", "panelprogram": "nan", "gepesitett": "nan", "kisallat": "nan", "dohanyzas": "nan", "atlag_gazfogyasztas": "nan", "atlag_aramfogyasztas": "nan", "tavolsag_metro_halozati_m": null, "menetido_metro_gyalog_perc": null, "metro_5p_seta": 0, "metro_10p_seta": 0, "metro_15p_seta": 0, "tavolsag_villamos_halozati_m": null, "menetido_villamos_gyalog_perc": null, "villamos_5p_seta": 0, "villamos_10p_seta": 0, "villamos_15p_seta": 0, "tavolsag_busz_halozati_m": null, "menetido_busz_gyalog_perc": null, "busz_5p_seta": 0, "busz_10p_seta": 0, "busz_15p_seta": 0, "tavolsag_kotottpalya_halozati_m": null, "menetido_kotottpalya_gyalog_perc": null, "kotottpalya_5p_seta": 0, "kotottpalya_10p_seta": 0, "kotottpalya_15p_seta": 0, "tavolsag_park_halozati_m": null, "menetido_park_gyalog_perc": null, "park_5p_seta": 0, "park_10p_seta": 0, "park_15p_seta": 0, "poi_5p_count": null, "poi_10p_count": null, "poi_15p_count": null, "tavolsag_iskola_halozati_m": null, "iskola_5p_seta": 0, "iskola_10p_seta": 0, "iskola_15p_seta": 0, "tavolsag_ovoda_halozati_m": null, "ovoda_5p_seta": 0, "ovoda_10p_seta": 0, "ovoda_15p_seta": 0, "tavolsag_bolt_halozati_m": null, "bolt_5p_seta": 0, "bolt_10p_seta": 0, "bolt_15p_seta": 0, "tavolsag_gyogyszertar_halozati_m": null, "gyogyszertar_5p_seta": 0, "gyogyszertar_10p_seta": 0, "gyogyszertar_15p_seta": 0, "tavolsag_orvos_halozati_m": null, "orvos_5p_seta": 0, "orvos_10p_seta": 0, "orvos_15p_seta": 0, "legkozelebbi_vasut": "", "legkozelebbi_metro": "", "legkozelebbi_villamos": "", "legkozelebbi_busz": "", "legkozelebbi_park": "", "legkozelebbi_kotottpalya_tipus": "", "varosresz_geokodolt": "Újhegy", "geokodolas_szolgaltato": "nominatim/photon", "felhasznalt_hazszam": 3.0, "legkozelebbi_iskola": "", "legkozelebbi_ovoda": "", "legkozelebbi_bolt": "", "legkozelebbi_gyogyszertar": "", "legkozelebbi_orvos": "", "menetido_iskola_gyalog_perc": null, "menetido_ovoda_gyalog_perc": null, "menetido_bolt_gyalog_perc": null, "menetido_gyogyszertar_gyalog_perc": null, "menetido_orvos_gyalog_perc": null }, "geometry": { "type": "Point", "coordinates": [ 19.1625271, 47.4666945 ] } },
{ "type": "Feature", "properties": { "listing_id": "34528887", "listing_type": "kiado", "ingatlan_tipus": "garazs", "cim_teljes": "Budapest X. kerület, Kápolna tér 5.", "iranyitoszam": "1103", "varos": "Budapest", "utca": "Kápolna tér", "hazszam": "5", "cim_forras": "strukturalt", "url": "https://ingatlan.com/x-ker/kiado+garazs/teremgarazs-hely/34528887", "gyujtes_datuma": "2026-10-08", "price_huf": 22000.0, "ar_millio_ft": 0.022, "ar_ezer_ft_ho": 22.0, "nm_ar_huf": 2000.0, "log_ar": 9.9987977323404529, "log_nm_ar": 7.6009024595420822, "is_ar_outlier": 1, "alapterulet_nm": 11.0, "korrigalt_alapterulet_nm": 11.0, "szobaszam_osszes": null, "szobaszam_kategoria": null, "allapot_kod": 5, "is_felujitando": 0, "is_ujszeru_vagy_uj": 1, "is_panel": 0, "is_tegla": 0, "has_lift": 1, "has_klima": 1, "has_erkely": 0, "is_foldszint": 0, "is_zaroszint": 0, "is_tetoter": 0, "epulet_kora_ev": 25.0, "geokodolt_lat": 47.4807592, "geokodolt_lon": 19.1374581, "geokodolas_modszere": "cim_nominatim", "geokodolas_pontossag": "hazszam", "minta_garantalt_pontos": 1, "tavolsag_vasut_m": 565.0, "vasut_zona": "500-1000 m", "is_vasut_immisszio_150m": 0, "tavolsag_vasut_halozati_m": 883.7, "menetido_vasut_gyalog_perc": 11.8, "vasut_5p_seta": 0, "vasut_10p_seta": 0, "vasut_15p_seta": 1, "is_duplikalt_gyanus": 0, "varosresz": "Óhegy", "title": "Nincs kép", "allapot": "újszerű", "ingatlan_altipus": "teremgarazs-hely", "epites_eve": 2001.0, "epites_eve_kategoria": "10-30 év (rendszerváltás utáni)", "epites_eve_szoveg": "2001 és 2010 között", "epites_eve_becsult": null, "erkely_nm": null, "szobaszam_egesz": null, "szobaszam_fel": null, "atlagos_szobameret_nm": null, "emelet": "nan", "emelet_szam": null, "epulet_szintjei_szam": null, "is_magas_emelet_lift_nelkul": 0, "futes": "nan", "futes_kategoria": "egyeb", "has_tavfutes": 0, "has_konvektor": 0, "has_megujulo": 0, "has_garazs_vagy_beallo": 0, "energetikai_tanusitvany": "nan", "butorozott": "nan", "koltozheto": "azonnal", "min_berleti_ido": "3 hónap", "kertkapcsolatos": "nan", "kozos_koltseg_huf": null, "rezsikoltseg_huf": null, "kaucio_huf": null, "hirdeto_tipus": null, "iroda_neve": null, "leiras": "Teremgarázs hely tulajdonostól hosszútávra kiadó. Automata garázskapu.", "oldal_allapot": "hirdetes", "leiras_hossz": 70.0, "fenykepek_szama": 4.0, "lat_portal": 47.480885, "lon_portal": 19.137319, "portal_pozicio_sugar_m": null, "price_eur": null, "nm_ar_eur": null, "kozos_koltseg_eur": null, "rezsikoltseg_eur": null, "kaucio_eur": null, "parkolas": "nan", "parkolohely_ara": null, "parkolohelyek_szama": 1.0, "pince": "nan", "napelem": "nan", "komfort": "nan", "belmagassag_raw": "nan", "akadalymentesitett": "nan", "furdo_wc": "nan", "tajolas": "nan", "kilatas": "nan", "szigeteles": "nan", "tetoter": "nan", "panelprogram": "nan", "gepesitett": "nan", "kisallat": "nan", "dohanyzas": "nan", "atlag_gazfogyasztas": "nan", "atlag_aramfogyasztas": "nan", "tavolsag_metro_halozati_m": 2160.6, "menetido_metro_gyalog_perc": 28.8, "metro_5p_seta": 0, "metro_10p_seta": 0, "metro_15p_seta": 0, "tavolsag_villamos_halozati_m": 593.8, "menetido_villamos_gyalog_perc": 7.9, "villamos_5p_seta": 0, "villamos_10p_seta": 1, "villamos_15p_seta": 1, "tavolsag_busz_halozati_m": 87.4, "menetido_busz_gyalog_perc": 1.2, "busz_5p_seta": 1, "busz_10p_seta": 1, "busz_15p_seta": 1, "tavolsag_kotottpalya_halozati_m": 593.8, "menetido_kotottpalya_gyalog_perc": 7.9, "kotottpalya_5p_seta": 0, "kotottpalya_10p_seta": 1, "kotottpalya_15p_seta": 1, "tavolsag_park_halozati_m": 181.6, "menetido_park_gyalog_perc": 2.4, "park_5p_seta": 1, "park_10p_seta": 1, "park_15p_seta": 1, "poi_5p_count": 10.0, "poi_10p_count": 47.0, "poi_15p_count": 108.0, "tavolsag_iskola_halozati_m": 217.4, "iskola_5p_seta": 1, "iskola_10p_seta": 1, "iskola_15p_seta": 1, "tavolsag_ovoda_halozati_m": 1222.2, "ovoda_5p_seta": 0, "ovoda_10p_seta": 0, "ovoda_15p_seta": 0, "tavolsag_bolt_halozati_m": 205.2, "bolt_5p_seta": 1, "bolt_10p_seta": 1, "bolt_15p_seta": 1, "tavolsag_gyogyszertar_halozati_m": 697.8, "gyogyszertar_5p_seta": 0, "gyogyszertar_10p_seta": 1, "gyogyszertar_15p_seta": 1, "tavolsag_orvos_halozati_m": null, "orvos_5p_seta": 0, "orvos_10p_seta": 0, "orvos_15p_seta": 0, "legkozelebbi_vasut": "Kőbánya alsó", "legkozelebbi_metro": "Határ út", "legkozelebbi_villamos": "Kápolna utca", "legkozelebbi_busz": "Kápolna tér", "legkozelebbi_park": "", "legkozelebbi_kotottpalya_tipus": "villamos", "varosresz_geokodolt": "Óhegy", "geokodolas_szolgaltato": "nominatim/photon", "felhasznalt_hazszam": 5.0, "legkozelebbi_iskola": "Janikovszky Éva Általános Iskola", "legkozelebbi_ovoda": "Apró csodák Bölcsőde", "legkozelebbi_bolt": "Big Supermarket", "legkozelebbi_gyogyszertar": "Szent Katalin Gyógyszertár", "legkozelebbi_orvos": "", "menetido_iskola_gyalog_perc": 2.9, "menetido_ovoda_gyalog_perc": 16.3, "menetido_bolt_gyalog_perc": 2.7, "menetido_gyogyszertar_gyalog_perc": 9.3, "menetido_orvos_gyalog_perc": null }, "geometry": { "type": "Point", "coordinates": [ 19.1374581, 47.4807592 ] } },
{ "type": "Feature", "properties": { "listing_id": "34650943", "listing_type": "kiado", "ingatlan_tipus": "raktar", "cim_teljes": "Budapest X. kerület, Pongrácz út 15.", "iranyitoszam": "1101", "varos": "Budapest", "utca": "Pongrácz út", "hazszam": "15", "cim_forras": "strukturalt", "url": "https://ingatlan.com/x-ker/kiado+raktar/raktarhelyiseg/34650943", "gyujtes_datuma": "2026-10-08", "price_huf": 366712.0, "ar_millio_ft": 0.366712, "ar_ezer_ft_ho": 366.712, "nm_ar_huf": 2529.0482758620687, "log_ar": 12.812332077821781, "log_nm_ar": 7.8355983354012055, "is_ar_outlier": 0, "alapterulet_nm": 145.0, "korrigalt_alapterulet_nm": 145.0, "szobaszam_osszes": null, "szobaszam_kategoria": null, "allapot_kod": 0, "is_felujitando": 0, "is_ujszeru_vagy_uj": 0, "is_panel": 0, "is_tegla": 0, "has_lift": 1, "has_klima": 1, "has_erkely": 0, "is_foldszint": 1, "is_zaroszint": 0, "is_tetoter": 0, "epulet_kora_ev": null, "geokodolt_lat": 47.4886825, "geokodolt_lon": 19.1223814, "geokodolas_modszere": "cim_nominatim", "geokodolas_pontossag": "hazszam", "minta_garantalt_pontos": 1, "tavolsag_vasut_m": 6.6, "vasut_zona": "<150 m", "is_vasut_immisszio_150m": 1, "tavolsag_vasut_halozati_m": 749.4, "menetido_vasut_gyalog_perc": 10.0, "vasut_5p_seta": 0, "vasut_10p_seta": 1, "vasut_15p_seta": 1, "is_duplikalt_gyanus": 0, "varosresz": "Laposdűlő", "title": "Nincs kép", "allapot": "nan", "ingatlan_altipus": "raktarhelyiseg", "epites_eve": null, "epites_eve_kategoria": "Ismeretlen", "epites_eve_szoveg": "nan", "epites_eve_becsult": null, "erkely_nm": null, "szobaszam_egesz": null, "szobaszam_fel": null, "atlagos_szobameret_nm": null, "emelet": "földszint", "emelet_szam": null, "epulet_szintjei_szam": null, "is_magas_emelet_lift_nelkul": 0, "futes": "nan", "futes_kategoria": "egyeb", "has_tavfutes": 0, "has_konvektor": 0, "has_megujulo": 0, "has_garazs_vagy_beallo": 0, "energetikai_tanusitvany": "nincs megadva", "butorozott": "nan", "koltozheto": "azonnal", "min_berleti_ido": "12 hónap", "kertkapcsolatos": "nan", "kozos_koltseg_huf": null, "rezsikoltseg_huf": null, "kaucio_huf": null, "hirdeto_tipus": null, "iroda_neve": null, "leiras": "KIADÓ 165 nm-es raktár a X. kerületben – Kiváló logisztika, 0-24 portaszolgálat Budapest X. kerületében, a Pongrác úton, kitűnő megközelíthetőségű telephelyen kiadó egy azonnal birtokba vehető, 165 m2 alapterületű raktárhelyiség. Főbb paraméterek: •Alapterület: 165 m2 •Belmagasság: 4,5 méter (ideális magasrakodáshoz) •Állapot: Nagy teherbírású polcokkal felszerelt •Biztonság: Riasztóval ellátott épület, a telepen 0-24 órás portaszolgálat működik. Logisztika és parkolás: •Megközelítés: Kiváló autós és tömegközlekedési kapcsolatok (központközeli, 95-ös busz megállója a közelben). •Szállítás: Aszfaltozott udvar, kiváló áruszállítási és manőverezési lehetőség. •Parkolás: A bérleményhez 1 db térítésmentes gépkocsi parkolóhely tartozik az udvaron. Műszaki jellemzők: •Vízvételi lehetőség megoldható. •Fűtés nincs. •Rezsi elszámolása megegyezés alapján történik. Bérleti feltételek: •Bérleti díj: 1750 Ft / nm / hó + Áfa + rezsi azaz 366 712 •Kaució: 2 havi bérleti díj •Költözhető: Azonnal •képeket küldök privátban", "oldal_allapot": "hirdetes", "leiras_hossz": 1019.0, "fenykepek_szama": null, "lat_portal": 47.488863, "lon_portal": 19.122217, "portal_pozicio_sugar_m": null, "price_eur": null, "nm_ar_eur": null, "kozos_koltseg_eur": null, "rezsikoltseg_eur": null, "kaucio_eur": null, "parkolas": "nan", "parkolohely_ara": null, "parkolohelyek_szama": null, "pince": "nan", "napelem": "nan", "komfort": "nan", "belmagassag_raw": "nan", "akadalymentesitett": "nan", "furdo_wc": "nan", "tajolas": "nan", "kilatas": "nan", "szigeteles": "nan", "tetoter": "nan", "panelprogram": "nan", "gepesitett": "nan", "kisallat": "nan", "dohanyzas": "nan", "atlag_gazfogyasztas": "nan", "atlag_aramfogyasztas": "nan", "tavolsag_metro_halozati_m": null, "menetido_metro_gyalog_perc": null, "metro_5p_seta": 0, "metro_10p_seta": 0, "metro_15p_seta": 0, "tavolsag_villamos_halozati_m": 322.4, "menetido_villamos_gyalog_perc": 4.3, "villamos_5p_seta": 1, "villamos_10p_seta": 1, "villamos_15p_seta": 1, "tavolsag_busz_halozati_m": 249.5, "menetido_busz_gyalog_perc": 3.3, "busz_5p_seta": 1, "busz_10p_seta": 1, "busz_15p_seta": 1, "tavolsag_kotottpalya_halozati_m": 322.4, "menetido_kotottpalya_gyalog_perc": 4.3, "kotottpalya_5p_seta": 1, "kotottpalya_10p_seta": 1, "kotottpalya_15p_seta": 1, "tavolsag_park_halozati_m": 269.7, "menetido_park_gyalog_perc": 3.6, "park_5p_seta": 1, "park_10p_seta": 1, "park_15p_seta": 1, "poi_5p_count": 11.0, "poi_10p_count": 30.0, "poi_15p_count": 88.0, "tavolsag_iskola_halozati_m": 714.6, "iskola_5p_seta": 0, "iskola_10p_seta": 1, "iskola_15p_seta": 1, "tavolsag_ovoda_halozati_m": 557.6, "ovoda_5p_seta": 0, "ovoda_10p_seta": 1, "ovoda_15p_seta": 1, "tavolsag_bolt_halozati_m": 279.7, "bolt_5p_seta": 1, "bolt_10p_seta": 1, "bolt_15p_seta": 1, "tavolsag_gyogyszertar_halozati_m": 590.3, "gyogyszertar_5p_seta": 0, "gyogyszertar_10p_seta": 1, "gyogyszertar_15p_seta": 1, "tavolsag_orvos_halozati_m": null, "orvos_5p_seta": 0, "orvos_10p_seta": 0, "orvos_15p_seta": 0, "legkozelebbi_vasut": "Kőbánya alsó", "legkozelebbi_metro": "", "legkozelebbi_villamos": "Őrház", "legkozelebbi_busz": "Pongrácz úti lakótelep", "legkozelebbi_park": "", "legkozelebbi_kotottpalya_tipus": "villamos", "varosresz_geokodolt": "Laposdűlő", "geokodolas_szolgaltato": "nominatim/photon", "felhasznalt_hazszam": 15.0, "legkozelebbi_iskola": "Szervátiusz Jenő Általános Iskola", "legkozelebbi_ovoda": "Gyöngyike Bölcsőde, Óvoda", "legkozelebbi_bolt": "Orion Vegyes Diszkont", "legkozelebbi_gyogyszertar": "Elefánt Patika", "legkozelebbi_orvos": "", "menetido_iskola_gyalog_perc": 9.5, "menetido_ovoda_gyalog_perc": 7.4, "menetido_bolt_gyalog_perc": 3.7, "menetido_gyogyszertar_gyalog_perc": 7.9, "menetido_orvos_gyalog_perc": null }, "geometry": { "type": "Point", "coordinates": [ 19.1223814, 47.4886825 ] } },
{ "type": "Feature", "properties": { "listing_id": "34789187", "listing_type": "kiado", "ingatlan_tipus": "iroda", "cim_teljes": "Budapest X. kerület, Gyömrői út 115.", "iranyitoszam": "1103", "varos": "Budapest", "utca": "Gyömrői út", "hazszam": "115", "cim_forras": "strukturalt", "url": "https://ingatlan.com/x-ker/kiado+iroda/irodahelyiseg-irodahazban/34789187", "gyujtes_datuma": "2026-10-08", "price_huf": 1200000.0, "ar_millio_ft": 1.2, "ar_ezer_ft_ho": 1200.0, "nm_ar_huf": 3428.5714285714284, "log_ar": 13.997832114758229, "log_nm_ar": 8.1398989602747687, "is_ar_outlier": 0, "alapterulet_nm": 350.0, "korrigalt_alapterulet_nm": 350.0, "szobaszam_osszes": null, "szobaszam_kategoria": null, "allapot_kod": 0, "is_felujitando": 0, "is_ujszeru_vagy_uj": 0, "is_panel": 0, "is_tegla": 0, "has_lift": 1, "has_klima": 1, "has_erkely": 0, "is_foldszint": 0, "is_zaroszint": 1, "is_tetoter": 1, "epulet_kora_ev": 76.0, "geokodolt_lat": 47.462834, "geokodolt_lon": 19.1647592, "geokodolas_modszere": "cim_nominatim", "geokodolas_pontossag": "hazszam", "minta_garantalt_pontos": 1, "tavolsag_vasut_m": 245.7, "vasut_zona": "150-300 m", "is_vasut_immisszio_150m": 0, "tavolsag_vasut_halozati_m": null, "menetido_vasut_gyalog_perc": null, "vasut_5p_seta": 0, "vasut_10p_seta": 0, "vasut_15p_seta": 0, "is_duplikalt_gyanus": 0, "varosresz": "Újhegy", "title": "Ingatlan kép", "allapot": "nan", "ingatlan_altipus": "irodahelyiseg-irodahazban", "epites_eve": 1950.0, "epites_eve_kategoria": "60+ év (háború előtti)", "epites_eve_szoveg": "nan", "epites_eve_becsult": null, "erkely_nm": null, "szobaszam_egesz": null, "szobaszam_fel": null, "atlagos_szobameret_nm": null, "emelet": "3", "emelet_szam": 3.0, "epulet_szintjei_szam": 3.0, "is_magas_emelet_lift_nelkul": 0, "futes": "nan", "futes_kategoria": "egyeb", "has_tavfutes": 0, "has_konvektor": 0, "has_megujulo": 0, "has_garazs_vagy_beallo": 1, "energetikai_tanusitvany": "A", "butorozott": "igen", "koltozheto": "azonnal", "min_berleti_ido": "12 hónap", "kertkapcsolatos": "nan", "kozos_koltseg_huf": null, "rezsikoltseg_huf": null, "kaucio_huf": null, "hirdeto_tipus": null, "iroda_neve": null, "leiras": "A Start Center Ipari Park kőbánya déli oldalán fekszik, egy nagyobb fejlődő ipari terület részeként. Közelében fut a Liszt Ferenc nemzetközi repülőtérre vezető út, és mellette frissen épített lakóövezet, és egy nagyobb park, az újhegyi sportliget. Mivel a terület mellett halad el a 4-es út, Szolnok felé közvetlen közlekedési kapcsolattal bír. A 20.000 m2-es Ipari Park bejáratánál 217, 217 E, 98, 98 E autóbusz megálló is található. Irodáink korszerűek, felújítottak, 20 m2 - től 350 m2 ig, 3 szintes liftes irodaépületben. Parkolóval, ügyfélparkolóval, azonnali költözéssel bérelhetők. A 350 m2 irodánk teljesen berendezett, split klímás szerverszobával, hőszivattyús energia takarékos hűtő-fűtő rendszerrel, tea konyhával, férfi-női mosdóval is rendelkezik. A Start Center területén büfé is üzemel, napi változatos menü kínálattal. HA ERRE A HIRDETÉSRE HIVATKOZIK, 2 ÉVES SZERZŐDÉS KÖTÉS ESETÉN A MÁSODIK ÉVRE 50% KEDVEZMÉNYT ADUNK 350 M2 ES IRODÁNK BÉRLETI DÍJÁBÓL.", "oldal_allapot": "hirdetes", "leiras_hossz": 970.0, "fenykepek_szama": null, "lat_portal": 47.462878, "lon_portal": 19.165712, "portal_pozicio_sugar_m": null, "price_eur": null, "nm_ar_eur": null, "kozos_koltseg_eur": null, "rezsikoltseg_eur": null, "kaucio_eur": null, "parkolas": "udvari beálló - benne van az árban", "parkolohely_ara": null, "parkolohelyek_szama": null, "pince": "nan", "napelem": "nincs megadva", "komfort": "nan", "belmagassag_raw": "nan", "akadalymentesitett": "nan", "furdo_wc": "nan", "tajolas": "nan", "kilatas": "nan", "szigeteles": "nan", "tetoter": "tetőtéri", "panelprogram": "nan", "gepesitett": "nan", "kisallat": "nan", "dohanyzas": "nan", "atlag_gazfogyasztas": "nan", "atlag_aramfogyasztas": "nan", "tavolsag_metro_halozati_m": null, "menetido_metro_gyalog_perc": null, "metro_5p_seta": 0, "metro_10p_seta": 0, "metro_15p_seta": 0, "tavolsag_villamos_halozati_m": null, "menetido_villamos_gyalog_perc": null, "villamos_5p_seta": 0, "villamos_10p_seta": 0, "villamos_15p_seta": 0, "tavolsag_busz_halozati_m": null, "menetido_busz_gyalog_perc": null, "busz_5p_seta": 0, "busz_10p_seta": 0, "busz_15p_seta": 0, "tavolsag_kotottpalya_halozati_m": null, "menetido_kotottpalya_gyalog_perc": null, "kotottpalya_5p_seta": 0, "kotottpalya_10p_seta": 0, "kotottpalya_15p_seta": 0, "tavolsag_park_halozati_m": null, "menetido_park_gyalog_perc": null, "park_5p_seta": 0, "park_10p_seta": 0, "park_15p_seta": 0, "poi_5p_count": null, "poi_10p_count": null, "poi_15p_count": null, "tavolsag_iskola_halozati_m": null, "iskola_5p_seta": 0, "iskola_10p_seta": 0, "iskola_15p_seta": 0, "tavolsag_ovoda_halozati_m": null, "ovoda_5p_seta": 0, "ovoda_10p_seta": 0, "ovoda_15p_seta": 0, "tavolsag_bolt_halozati_m": null, "bolt_5p_seta": 0, "bolt_10p_seta": 0, "bolt_15p_seta": 0, "tavolsag_gyogyszertar_halozati_m": null, "gyogyszertar_5p_seta": 0, "gyogyszertar_10p_seta": 0, "gyogyszertar_15p_seta": 0, "tavolsag_orvos_halozati_m": null, "orvos_5p_seta": 0, "orvos_10p_seta": 0, "orvos_15p_seta": 0, "legkozelebbi_vasut": "", "legkozelebbi_metro": "", "legkozelebbi_villamos": "", "legkozelebbi_busz": "", "legkozelebbi_park": "", "legkozelebbi_kotottpalya_tipus": "", "varosresz_geokodolt": "Újhegy", "geokodolas_szolgaltato": "nominatim/photon", "felhasznalt_hazszam": 115.0, "legkozelebbi_iskola": "", "legkozelebbi_ovoda": "", "legkozelebbi_bolt": "", "legkozelebbi_gyogyszertar": "", "legkozelebbi_orvos": "", "menetido_iskola_gyalog_perc": null, "menetido_ovoda_gyalog_perc": null, "menetido_bolt_gyalog_perc": null, "menetido_gyogyszertar_gyalog_perc": null, "menetido_orvos_gyalog_perc": null }, "geometry": { "type": "Point", "coordinates": [ 19.1647592, 47.462834 ] } },
{ "type": "Feature", "properties": { "listing_id": "34842466", "listing_type": "kiado", "ingatlan_tipus": "garazs", "cim_teljes": "Budapest X. kerület, Somfa utca 4-6.", "iranyitoszam": "1107", "varos": "Budapest", "utca": "Somfa utca", "hazszam": "4-6", "cim_forras": "strukturalt", "url": "https://ingatlan.com/x-ker/kiado+garazs/teremgarazs-hely/34842466", "gyujtes_datuma": "2026-10-08", "price_huf": 40000.0, "ar_millio_ft": 0.04, "ar_ezer_ft_ho": 40.0, "nm_ar_huf": 2666.6666666666665, "log_ar": 10.596634733096073, "log_nm_ar": 7.888584531993863, "is_ar_outlier": 0, "alapterulet_nm": 15.0, "korrigalt_alapterulet_nm": 15.0, "szobaszam_osszes": null, "szobaszam_kategoria": null, "allapot_kod": 3, "is_felujitando": 0, "is_ujszeru_vagy_uj": 0, "is_panel": 0, "is_tegla": 0, "has_lift": 1, "has_klima": 1, "has_erkely": 0, "is_foldszint": 0, "is_zaroszint": 0, "is_tetoter": 0, "epulet_kora_ev": 15.0, "geokodolt_lat": 47.4733373, "geokodolt_lon": 19.1189157, "geokodolas_modszere": "cim_nominatim", "geokodolas_pontossag": "hazszam", "minta_garantalt_pontos": 1, "tavolsag_vasut_m": 426.1, "vasut_zona": "300-500 m", "is_vasut_immisszio_150m": 0, "tavolsag_vasut_halozati_m": 841.5, "menetido_vasut_gyalog_perc": 11.2, "vasut_5p_seta": 0, "vasut_10p_seta": 0, "vasut_15p_seta": 1, "is_duplikalt_gyanus": 0, "varosresz": "Gyárdűlő", "title": "Nincs kép", "allapot": "jó állapotú", "ingatlan_altipus": "teremgarazs-hely", "epites_eve": 2011.0, "epites_eve_kategoria": "10-30 év (rendszerváltás utáni)", "epites_eve_szoveg": "2011", "epites_eve_becsult": null, "erkely_nm": null, "szobaszam_egesz": null, "szobaszam_fel": null, "atlagos_szobameret_nm": null, "emelet": "nan", "emelet_szam": null, "epulet_szintjei_szam": null, "is_magas_emelet_lift_nelkul": 0, "futes": "nan", "futes_kategoria": "egyeb", "has_tavfutes": 0, "has_konvektor": 0, "has_megujulo": 0, "has_garazs_vagy_beallo": 0, "energetikai_tanusitvany": "nan", "butorozott": "nan", "koltozheto": "azonnal", "min_berleti_ido": "12 hónap", "kertkapcsolatos": "nan", "kozos_koltseg_huf": null, "rezsikoltseg_huf": null, "kaucio_huf": null, "hirdeto_tipus": null, "iroda_neve": null, "leiras": "Kiadó egy 14 és egy 16 Nm-es teremgarázs a Somfa utcában havi 40.000 Ft, per garázs ami tartalmazza a közös költséget is..", "oldal_allapot": "hirdetes", "leiras_hossz": 122.0, "fenykepek_szama": 2.0, "lat_portal": 47.473288, "lon_portal": 19.119065, "portal_pozicio_sugar_m": null, "price_eur": null, "nm_ar_eur": null, "kozos_koltseg_eur": null, "rezsikoltseg_eur": null, "kaucio_eur": null, "parkolas": "nan", "parkolohely_ara": null, "parkolohelyek_szama": 2.0, "pince": "nan", "napelem": "nan", "komfort": "nan", "belmagassag_raw": "nan", "akadalymentesitett": "nan", "furdo_wc": "nan", "tajolas": "nan", "kilatas": "nan", "szigeteles": "nan", "tetoter": "nan", "panelprogram": "nan", "gepesitett": "nan", "kisallat": "nan", "dohanyzas": "nan", "atlag_gazfogyasztas": "nan", "atlag_aramfogyasztas": "nan", "tavolsag_metro_halozati_m": 649.0, "menetido_metro_gyalog_perc": 8.7, "metro_5p_seta": 0, "metro_10p_seta": 1, "metro_15p_seta": 1, "tavolsag_villamos_halozati_m": 435.5, "menetido_villamos_gyalog_perc": 5.8, "villamos_5p_seta": 0, "villamos_10p_seta": 1, "villamos_15p_seta": 1, "tavolsag_busz_halozati_m": 525.3, "menetido_busz_gyalog_perc": 7.0, "busz_5p_seta": 0, "busz_10p_seta": 1, "busz_15p_seta": 1, "tavolsag_kotottpalya_halozati_m": 435.5, "menetido_kotottpalya_gyalog_perc": 5.8, "kotottpalya_5p_seta": 0, "kotottpalya_10p_seta": 1, "kotottpalya_15p_seta": 1, "tavolsag_park_halozati_m": 432.2, "menetido_park_gyalog_perc": 5.8, "park_5p_seta": 0, "park_10p_seta": 1, "park_15p_seta": 1, "poi_5p_count": 1.0, "poi_10p_count": 26.0, "poi_15p_count": 79.0, "tavolsag_iskola_halozati_m": 1323.5, "iskola_5p_seta": 0, "iskola_10p_seta": 0, "iskola_15p_seta": 0, "tavolsag_ovoda_halozati_m": 784.0, "ovoda_5p_seta": 0, "ovoda_10p_seta": 0, "ovoda_15p_seta": 1, "tavolsag_bolt_halozati_m": 387.4, "bolt_5p_seta": 0, "bolt_10p_seta": 1, "bolt_15p_seta": 1, "tavolsag_gyogyszertar_halozati_m": 165.5, "gyogyszertar_5p_seta": 1, "gyogyszertar_10p_seta": 1, "gyogyszertar_15p_seta": 1, "tavolsag_orvos_halozati_m": 1030.5, "orvos_5p_seta": 0, "orvos_10p_seta": 0, "orvos_15p_seta": 1, "legkozelebbi_vasut": "Pöttyös utca", "legkozelebbi_metro": "", "legkozelebbi_villamos": "Balkán utca", "legkozelebbi_busz": "Hizlaló tér", "legkozelebbi_park": "Kékvirág park", "legkozelebbi_kotottpalya_tipus": "villamos", "varosresz_geokodolt": "Gyárdűlő", "geokodolas_szolgaltato": "nominatim/photon", "felhasznalt_hazszam": 4.0, "legkozelebbi_iskola": "Kosztolányi Dezső Általános Iskola", "legkozelebbi_ovoda": "Kőbányai Gézengúz Óvoda", "legkozelebbi_bolt": "Somfa Büfé", "legkozelebbi_gyogyszertar": "Somfa patika", "legkozelebbi_orvos": "Rendelőintézet", "menetido_iskola_gyalog_perc": 17.6, "menetido_ovoda_gyalog_perc": 10.5, "menetido_bolt_gyalog_perc": 5.2, "menetido_gyogyszertar_gyalog_perc": 2.2, "menetido_orvos_gyalog_perc": 13.7 }, "geometry": { "type": "Point", "coordinates": [ 19.1189157, 47.4733373 ] } },
{ "type": "Feature", "properties": { "listing_id": "34851721", "listing_type": "kiado", "ingatlan_tipus": "iroda", "cim_teljes": "Budapest X. kerület, Jászberényi út 45.", "iranyitoszam": "1106", "varos": "Budapest", "utca": "Jászberényi út", "hazszam": "45", "cim_forras": "strukturalt", "url": "https://ingatlan.com/x-ker/kiado+iroda/irodahelyiseg-irodahazban/34851721", "gyujtes_datuma": "2026-10-08", "price_huf": 272000.0, "ar_millio_ft": 0.272, "ar_ezer_ft_ho": 272.0, "nm_ar_huf": 2720.0, "log_ar": 12.513557345278134, "log_nm_ar": 7.9083871592900428, "is_ar_outlier": 0, "alapterulet_nm": 100.0, "korrigalt_alapterulet_nm": 100.0, "szobaszam_osszes": null, "szobaszam_kategoria": null, "allapot_kod": 0, "is_felujitando": 0, "is_ujszeru_vagy_uj": 0, "is_panel": 0, "is_tegla": 0, "has_lift": 1, "has_klima": 0, "has_erkely": 0, "is_foldszint": 0, "is_zaroszint": 0, "is_tetoter": 0, "epulet_kora_ev": null, "geokodolt_lat": 47.4866279, "geokodolt_lon": 19.1760623, "geokodolas_modszere": "cim_nominatim", "geokodolas_pontossag": "hazszam", "minta_garantalt_pontos": 1, "tavolsag_vasut_m": 1675.2, "vasut_zona": "1000-2000 m", "is_vasut_immisszio_150m": 0, "tavolsag_vasut_halozati_m": null, "menetido_vasut_gyalog_perc": null, "vasut_5p_seta": 0, "vasut_10p_seta": 0, "vasut_15p_seta": 0, "is_duplikalt_gyanus": 0, "varosresz": "Téglagyárdűlő", "title": "Nincs kép", "allapot": "nan", "ingatlan_altipus": "irodahelyiseg-irodahazban", "epites_eve": null, "epites_eve_kategoria": "Ismeretlen", "epites_eve_szoveg": "nan", "epites_eve_becsult": null, "erkely_nm": null, "szobaszam_egesz": null, "szobaszam_fel": null, "atlagos_szobameret_nm": null, "emelet": "nincs megadva", "emelet_szam": null, "epulet_szintjei_szam": null, "is_magas_emelet_lift_nelkul": 0, "futes": "nan", "futes_kategoria": "egyeb", "has_tavfutes": 0, "has_konvektor": 0, "has_megujulo": 0, "has_garazs_vagy_beallo": 0, "energetikai_tanusitvany": "nincs megadva", "butorozott": "nincs megadva", "koltozheto": "nincs megadva", "min_berleti_ido": "nincs megadva", "kertkapcsolatos": "nan", "kozos_koltseg_huf": null, "rezsikoltseg_huf": null, "kaucio_huf": null, "hirdeto_tipus": null, "iroda_neve": null, "leiras": "X. kerületben, Jászberényi út 45. szám alatti LIEGL Property irodaházban iroda/tároló bérelhető! Jelenleg egy 100 nm-es (kisebb méretű ablakai miatt) korábban irattárnak használt első emeleti helyiség várja új bérlőjét. Parkolási lehetőség telken belül megfelelő kapacitással van kialakítva. A lokáció és a közlekedés kiváló, Liszt Ferenc Repülőtér autóval akár 20 percen belül, Deák tér akár 30 percen belül elérhető. Az ingatlan személygépkocsi közlekedésen kívül 161, 161A, 162, 262, 168E, 956, 990-s jelű autóbuszokkal is megközelíthető, valamint vonattal a Rákos vasútállomáson megálló szerelvények által. Mindkét tömegközlekedési megoldás ideális, hiszen busz és vasúti megállók az irodaháztól számítva 100 méteren belül találhatóak. Az irodaház 2002-ben épült, a földszinten 24 órás portaszolgálat, recepció is működik. Az itt dolgozók kényelmét biztosítja a széles kínálattal váró étterem és büfé. A három szintes irodaház újszerű állapotú, 3 szinten saját teakonyhával rendelkezik, ahol étel melegítésre van lehetőség, valamint minden folyosón külön férfi-és női mosdó kapott helyet. A fűtés fan-coil hűtő-fűtő rendszerrel lett kialakítva, elektromos autó töltési lehetőség korlátozott számban megoldható. A helyiség bérleti díja 7 EUR/nm/hó rezsivel együtt. 3 havi bruttó bérleti díjnak megfelelő összegű kauciót kérünk. Remélem hirdetésünk felkeltette érdeklődését! További kérdéseik esetén állunk szíves rendelkezésükre! Tisztelettel, Varga Edina Ügyvezetői asszisztens", "oldal_allapot": "hirdetes", "leiras_hossz": 1481.0, "fenykepek_szama": null, "lat_portal": 47.486741, "lon_portal": 19.173033, "portal_pozicio_sugar_m": null, "price_eur": null, "nm_ar_eur": null, "kozos_koltseg_eur": null, "rezsikoltseg_eur": null, "kaucio_eur": null, "parkolas": "nincs megadva", "parkolohely_ara": null, "parkolohelyek_szama": null, "pince": "nan", "napelem": "nincs megadva", "komfort": "nan", "belmagassag_raw": "nan", "akadalymentesitett": "nan", "furdo_wc": "nan", "tajolas": "nan", "kilatas": "nan", "szigeteles": "nan", "tetoter": "nincs megadva", "panelprogram": "nan", "gepesitett": "nan", "kisallat": "nan", "dohanyzas": "nan", "atlag_gazfogyasztas": "nan", "atlag_aramfogyasztas": "nan", "tavolsag_metro_halozati_m": null, "menetido_metro_gyalog_perc": null, "metro_5p_seta": 0, "metro_10p_seta": 0, "metro_15p_seta": 0, "tavolsag_villamos_halozati_m": null, "menetido_villamos_gyalog_perc": null, "villamos_5p_seta": 0, "villamos_10p_seta": 0, "villamos_15p_seta": 0, "tavolsag_busz_halozati_m": null, "menetido_busz_gyalog_perc": null, "busz_5p_seta": 0, "busz_10p_seta": 0, "busz_15p_seta": 0, "tavolsag_kotottpalya_halozati_m": null, "menetido_kotottpalya_gyalog_perc": null, "kotottpalya_5p_seta": 0, "kotottpalya_10p_seta": 0, "kotottpalya_15p_seta": 0, "tavolsag_park_halozati_m": null, "menetido_park_gyalog_perc": null, "park_5p_seta": 0, "park_10p_seta": 0, "park_15p_seta": 0, "poi_5p_count": null, "poi_10p_count": null, "poi_15p_count": null, "tavolsag_iskola_halozati_m": null, "iskola_5p_seta": 0, "iskola_10p_seta": 0, "iskola_15p_seta": 0, "tavolsag_ovoda_halozati_m": null, "ovoda_5p_seta": 0, "ovoda_10p_seta": 0, "ovoda_15p_seta": 0, "tavolsag_bolt_halozati_m": null, "bolt_5p_seta": 0, "bolt_10p_seta": 0, "bolt_15p_seta": 0, "tavolsag_gyogyszertar_halozati_m": null, "gyogyszertar_5p_seta": 0, "gyogyszertar_10p_seta": 0, "gyogyszertar_15p_seta": 0, "tavolsag_orvos_halozati_m": null, "orvos_5p_seta": 0, "orvos_10p_seta": 0, "orvos_15p_seta": 0, "legkozelebbi_vasut": "", "legkozelebbi_metro": "", "legkozelebbi_villamos": "", "legkozelebbi_busz": "", "legkozelebbi_park": "", "legkozelebbi_kotottpalya_tipus": "", "varosresz_geokodolt": "Téglagyárdűlő", "geokodolas_szolgaltato": "nominatim/photon", "felhasznalt_hazszam": 45.0, "legkozelebbi_iskola": "", "legkozelebbi_ovoda": "", "legkozelebbi_bolt": "", "legkozelebbi_gyogyszertar": "", "legkozelebbi_orvos": "", "menetido_iskola_gyalog_perc": null, "menetido_ovoda_gyalog_perc": null, "menetido_bolt_gyalog_perc": null, "menetido_gyogyszertar_gyalog_perc": null, "menetido_orvos_gyalog_perc": null }, "geometry": { "type": "Point", "coordinates": [ 19.1760623, 47.4866279 ] } },
{ "type": "Feature", "properties": { "listing_id": "34881070", "listing_type": "kiado", "ingatlan_tipus": "iroda", "cim_teljes": "Budapest X. kerület, Zágrábi utca 1.", "iranyitoszam": "1107", "varos": "Budapest", "utca": "Zágrábi utca", "hazszam": "1", "cim_forras": "strukturalt", "url": "https://ingatlan.com/x-ker/kiado+iroda/irodahelyiseg-irodahazban/34881070", "gyujtes_datuma": "2026-10-08", "price_huf": 285000.0, "ar_millio_ft": 0.285, "ar_ezer_ft_ho": 285.0, "nm_ar_huf": 7500.0, "log_ar": 12.560244459250788, "log_nm_ar": 8.9226582995244019, "is_ar_outlier": 0, "alapterulet_nm": 38.0, "korrigalt_alapterulet_nm": 38.0, "szobaszam_osszes": null, "szobaszam_kategoria": null, "allapot_kod": 0, "is_felujitando": 0, "is_ujszeru_vagy_uj": 0, "is_panel": 0, "is_tegla": 0, "has_lift": 1, "has_klima": 1, "has_erkely": 0, "is_foldszint": 1, "is_zaroszint": 0, "is_tetoter": 0, "epulet_kora_ev": null, "geokodolt_lat": 47.4715909, "geokodolt_lon": 19.1132465, "geokodolas_modszere": "cim_nominatim", "geokodolas_pontossag": "hazszam", "minta_garantalt_pontos": 1, "tavolsag_vasut_m": 306.5, "vasut_zona": "300-500 m", "is_vasut_immisszio_150m": 0, "tavolsag_vasut_halozati_m": 327.5, "menetido_vasut_gyalog_perc": 4.4, "vasut_5p_seta": 1, "vasut_10p_seta": 1, "vasut_15p_seta": 1, "is_duplikalt_gyanus": 0, "varosresz": "Gyárdűlő", "title": "Ingatlan kép", "allapot": "nan", "ingatlan_altipus": "irodahelyiseg-irodahazban", "epites_eve": null, "epites_eve_kategoria": "Ismeretlen", "epites_eve_szoveg": "nan", "epites_eve_becsult": null, "erkely_nm": null, "szobaszam_egesz": null, "szobaszam_fel": null, "atlagos_szobameret_nm": null, "emelet": "földszint", "emelet_szam": null, "epulet_szintjei_szam": 6.0, "is_magas_emelet_lift_nelkul": 0, "futes": "nan", "futes_kategoria": "egyeb", "has_tavfutes": 0, "has_konvektor": 0, "has_megujulo": 0, "has_garazs_vagy_beallo": 1, "energetikai_tanusitvany": "nincs megadva", "butorozott": "nem", "koltozheto": "azonnal", "min_berleti_ido": "12 hónap", "kertkapcsolatos": "nan", "kozos_koltseg_huf": null, "rezsikoltseg_huf": null, "kaucio_huf": null, "hirdeto_tipus": null, "iroda_neve": null, "leiras": "A Bihari Irodaház Budapest 10. kerületében, az Ecseri úti metró megálló közvetlen közelében kínál “B” kategóriás irodahelyiségeket. Az épület földszint + 6 emeletes, melyben 20 m2-től egészen 1200 m2-ig kínálunk irodaterületeket leendő bérlőinknek. A meghirdetett iroda a földszinten található, frissen lett felújítva, légkondicionált (új hűtő/fűtő klíma berendezés), LED világítás került kiépítésre. Az iroda a nap 24 órájában használható. Munkanapokon 7-19 óra között portaszolgálat működik, azon kívül beléptetőkártyával lehet közlekedni. Az iroda székhelyként/telephelyként bejegyezhető. Az irodaház melletti sorompós parkolóban felszíni autóbeállók bérelhetőek. A feltüntetett díj Áfa nélkül értendő és tartalmazza az üzemeltetési díjat és a közüzemi fogyasztásokat (rezsi) is. SZOLGÁLTATÁSOK: 2 lift / raktározási lehetőség / folyamatos üzemeltetői jelenlét", "oldal_allapot": "hirdetes", "leiras_hossz": 863.0, "fenykepek_szama": null, "lat_portal": 47.471502, "lon_portal": 19.113756, "portal_pozicio_sugar_m": null, "price_eur": null, "nm_ar_eur": null, "kozos_koltseg_eur": null, "rezsikoltseg_eur": null, "kaucio_eur": null, "parkolas": "udvari beálló - bérelhető", "parkolohely_ara": 29000.0, "parkolohelyek_szama": null, "pince": "nan", "napelem": "nincs megadva", "komfort": "nan", "belmagassag_raw": "nan", "akadalymentesitett": "nan", "furdo_wc": "nan", "tajolas": "nan", "kilatas": "nan", "szigeteles": "nan", "tetoter": "nincs megadva", "panelprogram": "nan", "gepesitett": "nan", "kisallat": "nan", "dohanyzas": "nan", "atlag_gazfogyasztas": "nan", "atlag_aramfogyasztas": "nan", "tavolsag_metro_halozati_m": 224.5, "menetido_metro_gyalog_perc": 3.0, "metro_5p_seta": 1, "metro_10p_seta": 1, "metro_15p_seta": 1, "tavolsag_villamos_halozati_m": 339.5, "menetido_villamos_gyalog_perc": 4.5, "villamos_5p_seta": 1, "villamos_10p_seta": 1, "villamos_15p_seta": 1, "tavolsag_busz_halozati_m": 250.4, "menetido_busz_gyalog_perc": 3.3, "busz_5p_seta": 1, "busz_10p_seta": 1, "busz_15p_seta": 1, "tavolsag_kotottpalya_halozati_m": 224.5, "menetido_kotottpalya_gyalog_perc": 3.0, "kotottpalya_5p_seta": 1, "kotottpalya_10p_seta": 1, "kotottpalya_15p_seta": 1, "tavolsag_park_halozati_m": 146.1, "menetido_park_gyalog_perc": 1.9, "park_5p_seta": 1, "park_10p_seta": 1, "park_15p_seta": 1, "poi_5p_count": 18.0, "poi_10p_count": 62.0, "poi_15p_count": 99.0, "tavolsag_iskola_halozati_m": 798.3, "iskola_5p_seta": 0, "iskola_10p_seta": 0, "iskola_15p_seta": 1, "tavolsag_ovoda_halozati_m": 688.1, "ovoda_5p_seta": 0, "ovoda_10p_seta": 1, "ovoda_15p_seta": 1, "tavolsag_bolt_halozati_m": 410.8, "bolt_5p_seta": 0, "bolt_10p_seta": 1, "bolt_15p_seta": 1, "tavolsag_gyogyszertar_halozati_m": 561.4, "gyogyszertar_5p_seta": 0, "gyogyszertar_10p_seta": 1, "gyogyszertar_15p_seta": 1, "tavolsag_orvos_halozati_m": 901.2, "orvos_5p_seta": 0, "orvos_10p_seta": 0, "orvos_15p_seta": 1, "legkozelebbi_vasut": "Ecseri út", "legkozelebbi_metro": "", "legkozelebbi_villamos": "Ecseri út M", "legkozelebbi_busz": "Ecseri út M", "legkozelebbi_park": "", "legkozelebbi_kotottpalya_tipus": "metro", "varosresz_geokodolt": "Gyárdűlő", "geokodolas_szolgaltato": "nominatim/photon", "felhasznalt_hazszam": 1.0, "legkozelebbi_iskola": "Kosztolányi Dezső Általános Iskola", "legkozelebbi_ovoda": "Kőbányai Gézengúz Óvoda", "legkozelebbi_bolt": "Somfa Büfé", "legkozelebbi_gyogyszertar": "Somfa patika", "legkozelebbi_orvos": "Rendelőintézet", "menetido_iskola_gyalog_perc": 10.6, "menetido_ovoda_gyalog_perc": 9.2, "menetido_bolt_gyalog_perc": 5.5, "menetido_gyogyszertar_gyalog_perc": 7.5, "menetido_orvos_gyalog_perc": 12.0 }, "geometry": { "type": "Point", "coordinates": [ 19.1132465, 47.4715909 ] } },
{ "type": "Feature", "properties": { "listing_id": "34895933", "listing_type": "kiado", "ingatlan_tipus": "iroda", "cim_teljes": "Budapest X. kerület, Fehér út 10.", "iranyitoszam": "1106", "varos": "Budapest", "utca": "Fehér út", "hazszam": "10", "cim_forras": "strukturalt", "url": "https://ingatlan.com/x-ker/kiado+iroda/irodahelyiseg-irodahazban/34895933", "gyujtes_datuma": "2026-10-08", "price_huf": 187200.0, "ar_millio_ft": 0.1872, "ar_ezer_ft_ho": 187.2, "nm_ar_huf": 5200.0, "log_ar": 12.139932843025628, "log_nm_ar": 8.5564139045695189, "is_ar_outlier": 0, "alapterulet_nm": 36.0, "korrigalt_alapterulet_nm": 36.0, "szobaszam_osszes": null, "szobaszam_kategoria": null, "allapot_kod": 0, "is_felujitando": 0, "is_ujszeru_vagy_uj": 0, "is_panel": 0, "is_tegla": 0, "has_lift": 1, "has_klima": 1, "has_erkely": 0, "is_foldszint": 1, "is_zaroszint": 0, "is_tetoter": 0, "epulet_kora_ev": null, "geokodolt_lat": 47.5005879, "geokodolt_lon": 19.1382409, "geokodolas_modszere": "cim_nominatim", "geokodolas_pontossag": "hazszam", "minta_garantalt_pontos": 1, "tavolsag_vasut_m": 897.4, "vasut_zona": "500-1000 m", "is_vasut_immisszio_150m": 0, "tavolsag_vasut_halozati_m": null, "menetido_vasut_gyalog_perc": null, "vasut_5p_seta": 0, "vasut_10p_seta": 0, "vasut_15p_seta": 0, "is_duplikalt_gyanus": 0, "varosresz": "Felsőrákos", "title": "Ingatlan kép", "allapot": "nan", "ingatlan_altipus": "irodahelyiseg-irodahazban", "epites_eve": null, "epites_eve_kategoria": "Ismeretlen", "epites_eve_szoveg": "nan", "epites_eve_becsult": null, "erkely_nm": null, "szobaszam_egesz": null, "szobaszam_fel": null, "atlagos_szobameret_nm": null, "emelet": "földszint", "emelet_szam": null, "epulet_szintjei_szam": 3.0, "is_magas_emelet_lift_nelkul": 0, "futes": "nan", "futes_kategoria": "egyeb", "has_tavfutes": 0, "has_konvektor": 0, "has_megujulo": 0, "has_garazs_vagy_beallo": 1, "energetikai_tanusitvany": "A", "butorozott": "megegyezés szerint", "koltozheto": "azonnal", "min_berleti_ido": "12 hónap", "kertkapcsolatos": "nan", "kozos_koltseg_huf": null, "rezsikoltseg_huf": null, "kaucio_huf": null, "hirdeto_tipus": null, "iroda_neve": null, "leiras": "36 négyzetméteres iroda bérelhető a White Office irodaházban! Kiadó irodák az Örs vezér tér közelében – 5.200 Ft/m² + ÁFA, rejtett költségek nélkül Olyan irodát keres, ahol a havi költségek egyszerűen tervezhetők és nincsenek kellemetlen meglepetések? A White Office irodaházban pontosan ezt kínáljuk. Nálunk nincs közös területi szorzó, nincs közös költség és nincs külön üzemeltetési díj. A bérleti díj mindössze 5.200 Ft/m² + ÁFA, amely már tartalmazza a fűtés költségét is. A bérlőknek ezen felül kizárólag a saját villamosenergia-fogyasztásukat kell megfizetniük. Ez azt jelenti, hogy a havi költségek átláthatók, könnyen kalkulálhatók és nem terhelik felesleges adminisztrációval a vállalkozását. Nincsenek bonyolult elszámolások, váratlan tételek vagy nehezen követhető üzemeltetési díjak. A White Office az Örs vezér tér közelében kínál kiadó irodákat 10–200 m² közötti méretekben, így ideális választás könyvelőirodák, IT- és mérnöki cégek, webshopok, oktatási vállalkozások, egészségügyi szolgáltatók és más kis- és középvállalkozások számára. Az irodák azonnal költözhetők, igény szerint alakíthatók, az épület pedig kiváló tömegközlekedési kapcsolatokkal és saját parkolóval rendelkezik. Az M2 metró, a HÉV és számos buszjárat néhány perc alatt elérhető. Ha olyan irodát keres, ahol nem a rezsiszámlák és a különböző járulékos költségek számolgatásával kell foglalkoznia, hanem a vállalkozására koncentrálhat, érdemes megismernie a White Office kínálatát. Kérjen alaprajzot vagy időpontot egy személyes bejárásra, és nézze meg, milyen egyszerű lehet az irodabérlés.", "oldal_allapot": "hirdetes", "leiras_hossz": 1577.0, "fenykepek_szama": null, "lat_portal": 47.500279, "lon_portal": 19.138848, "portal_pozicio_sugar_m": null, "price_eur": null, "nm_ar_eur": null, "kozos_koltseg_eur": null, "rezsikoltseg_eur": null, "kaucio_eur": null, "parkolas": "udvari beálló - bérelhető", "parkolohely_ara": 16000.0, "parkolohelyek_szama": null, "pince": "nan", "napelem": "nincs megadva", "komfort": "nan", "belmagassag_raw": "nan", "akadalymentesitett": "nan", "furdo_wc": "nan", "tajolas": "nan", "kilatas": "nan", "szigeteles": "nan", "tetoter": "nem tetőtéri", "panelprogram": "nan", "gepesitett": "nan", "kisallat": "nan", "dohanyzas": "nan", "atlag_gazfogyasztas": "nan", "atlag_aramfogyasztas": "nan", "tavolsag_metro_halozati_m": null, "menetido_metro_gyalog_perc": null, "metro_5p_seta": 0, "metro_10p_seta": 0, "metro_15p_seta": 0, "tavolsag_villamos_halozati_m": null, "menetido_villamos_gyalog_perc": null, "villamos_5p_seta": 0, "villamos_10p_seta": 0, "villamos_15p_seta": 0, "tavolsag_busz_halozati_m": null, "menetido_busz_gyalog_perc": null, "busz_5p_seta": 0, "busz_10p_seta": 0, "busz_15p_seta": 0, "tavolsag_kotottpalya_halozati_m": null, "menetido_kotottpalya_gyalog_perc": null, "kotottpalya_5p_seta": 0, "kotottpalya_10p_seta": 0, "kotottpalya_15p_seta": 0, "tavolsag_park_halozati_m": null, "menetido_park_gyalog_perc": null, "park_5p_seta": 0, "park_10p_seta": 0, "park_15p_seta": 0, "poi_5p_count": null, "poi_10p_count": null, "poi_15p_count": null, "tavolsag_iskola_halozati_m": null, "iskola_5p_seta": 0, "iskola_10p_seta": 0, "iskola_15p_seta": 0, "tavolsag_ovoda_halozati_m": null, "ovoda_5p_seta": 0, "ovoda_10p_seta": 0, "ovoda_15p_seta": 0, "tavolsag_bolt_halozati_m": null, "bolt_5p_seta": 0, "bolt_10p_seta": 0, "bolt_15p_seta": 0, "tavolsag_gyogyszertar_halozati_m": null, "gyogyszertar_5p_seta": 0, "gyogyszertar_10p_seta": 0, "gyogyszertar_15p_seta": 0, "tavolsag_orvos_halozati_m": null, "orvos_5p_seta": 0, "orvos_10p_seta": 0, "orvos_15p_seta": 0, "legkozelebbi_vasut": "", "legkozelebbi_metro": "", "legkozelebbi_villamos": "", "legkozelebbi_busz": "", "legkozelebbi_park": "", "legkozelebbi_kotottpalya_tipus": "", "varosresz_geokodolt": "Felsőrákos", "geokodolas_szolgaltato": "nominatim/photon", "felhasznalt_hazszam": 10.0, "legkozelebbi_iskola": "", "legkozelebbi_ovoda": "", "legkozelebbi_bolt": "", "legkozelebbi_gyogyszertar": "", "legkozelebbi_orvos": "", "menetido_iskola_gyalog_perc": null, "menetido_ovoda_gyalog_perc": null, "menetido_bolt_gyalog_perc": null, "menetido_gyogyszertar_gyalog_perc": null, "menetido_orvos_gyalog_perc": null }, "geometry": { "type": "Point", "coordinates": [ 19.1382409, 47.5005879 ] } },
{ "type": "Feature", "properties": { "listing_id": "34907399", "listing_type": "kiado", "ingatlan_tipus": "garazs", "cim_teljes": "Budapest X. kerület, Balkán utca 7.", "iranyitoszam": "1107", "varos": "Budapest", "utca": "Balkán utca", "hazszam": "7", "cim_forras": "strukturalt", "url": "https://ingatlan.com/x-ker/kiado+garazs/beallo/34907399", "gyujtes_datuma": "2026-10-08", "price_huf": 20000.0, "ar_millio_ft": 0.02, "ar_ezer_ft_ho": 20.0, "nm_ar_huf": 1333.3333333333333, "log_ar": 9.9034875525361272, "log_nm_ar": 7.1954373514339176, "is_ar_outlier": 1, "alapterulet_nm": 15.0, "korrigalt_alapterulet_nm": 15.0, "szobaszam_osszes": null, "szobaszam_kategoria": null, "allapot_kod": 5, "is_felujitando": 0, "is_ujszeru_vagy_uj": 1, "is_panel": 0, "is_tegla": 0, "has_lift": 1, "has_klima": 1, "has_erkely": 0, "is_foldszint": 0, "is_zaroszint": 0, "is_tetoter": 0, "epulet_kora_ev": 25.0, "geokodolt_lat": 47.4728458, "geokodolt_lon": 19.1178374, "geokodolas_modszere": "cim_nominatim", "geokodolas_pontossag": "hazszam", "minta_garantalt_pontos": 1, "tavolsag_vasut_m": 406.2, "vasut_zona": "300-500 m", "is_vasut_immisszio_150m": 0, "tavolsag_vasut_halozati_m": 705.3, "menetido_vasut_gyalog_perc": 9.4, "vasut_5p_seta": 0, "vasut_10p_seta": 1, "vasut_15p_seta": 1, "is_duplikalt_gyanus": 0, "varosresz": "Gyárdűlő", "title": "Ingatlan kép", "allapot": "újszerű", "ingatlan_altipus": "beallo", "epites_eve": 2001.0, "epites_eve_kategoria": "10-30 év (rendszerváltás utáni)", "epites_eve_szoveg": "2001 és 2010 között", "epites_eve_becsult": null, "erkely_nm": null, "szobaszam_egesz": null, "szobaszam_fel": null, "atlagos_szobameret_nm": null, "emelet": "nan", "emelet_szam": null, "epulet_szintjei_szam": null, "is_magas_emelet_lift_nelkul": 0, "futes": "nan", "futes_kategoria": "egyeb", "has_tavfutes": 0, "has_konvektor": 0, "has_megujulo": 0, "has_garazs_vagy_beallo": 0, "energetikai_tanusitvany": "nan", "butorozott": "nan", "koltozheto": "azonnal", "min_berleti_ido": "6 hónap", "kertkapcsolatos": "nan", "kozos_koltseg_huf": null, "rezsikoltseg_huf": null, "kaucio_huf": null, "hirdeto_tipus": null, "iroda_neve": null, "leiras": "Kiadó Kőbánya jó közlekedésű utcájában 15nm-es személygépkocsi beálló. A parkolóhely kulturált, biztonságos környezetben egy 2018-ban épült társasház bekerített belső udvarában található. A társasház kis lakásszámú, csendes és biztonságos. Néhány perces közelségben van az Ecseri uti és a Pöttyös utcai Metro állomás, és a 3-as villamos Balkán utcai megállója. A behajtáskor a kapu nyitása távirányitóval történik. Bérleti díj : 20000Ft/hó + 1 havi kaukció", "oldal_allapot": "hirdetes", "leiras_hossz": 456.0, "fenykepek_szama": 2.0, "lat_portal": 47.472641, "lon_portal": 19.117924, "portal_pozicio_sugar_m": null, "price_eur": null, "nm_ar_eur": null, "kozos_koltseg_eur": null, "rezsikoltseg_eur": null, "kaucio_eur": null, "parkolas": "nan", "parkolohely_ara": null, "parkolohelyek_szama": 1.0, "pince": "nan", "napelem": "nan", "komfort": "nan", "belmagassag_raw": "nan", "akadalymentesitett": "nan", "furdo_wc": "nan", "tajolas": "nan", "kilatas": "nan", "szigeteles": "nan", "tetoter": "nan", "panelprogram": "nan", "gepesitett": "nan", "kisallat": "nan", "dohanyzas": "nan", "atlag_gazfogyasztas": "nan", "atlag_aramfogyasztas": "nan", "tavolsag_metro_halozati_m": 512.8, "menetido_metro_gyalog_perc": 6.8, "metro_5p_seta": 0, "metro_10p_seta": 1, "metro_15p_seta": 1, "tavolsag_villamos_halozati_m": 211.5, "menetido_villamos_gyalog_perc": 2.8, "villamos_5p_seta": 1, "villamos_10p_seta": 1, "villamos_15p_seta": 1, "tavolsag_busz_halozati_m": 520.7, "menetido_busz_gyalog_perc": 6.9, "busz_5p_seta": 0, "busz_10p_seta": 1, "busz_15p_seta": 1, "tavolsag_kotottpalya_halozati_m": 211.5, "menetido_kotottpalya_gyalog_perc": 2.8, "kotottpalya_5p_seta": 1, "kotottpalya_10p_seta": 1, "kotottpalya_15p_seta": 1, "tavolsag_park_halozati_m": 271.5, "menetido_park_gyalog_perc": 3.6, "park_5p_seta": 1, "park_10p_seta": 1, "park_15p_seta": 1, "poi_5p_count": 6.0, "poi_10p_count": 38.0, "poi_15p_count": 98.0, "tavolsag_iskola_halozati_m": 1187.2, "iskola_5p_seta": 0, "iskola_10p_seta": 0, "iskola_15p_seta": 0, "tavolsag_ovoda_halozati_m": 670.9, "ovoda_5p_seta": 0, "ovoda_10p_seta": 1, "ovoda_15p_seta": 1, "tavolsag_bolt_halozati_m": 251.2, "bolt_5p_seta": 1, "bolt_10p_seta": 1, "bolt_15p_seta": 1, "tavolsag_gyogyszertar_halozati_m": 122.3, "gyogyszertar_5p_seta": 1, "gyogyszertar_10p_seta": 1, "gyogyszertar_15p_seta": 1, "tavolsag_orvos_halozati_m": 894.3, "orvos_5p_seta": 0, "orvos_10p_seta": 0, "orvos_15p_seta": 1, "legkozelebbi_vasut": "Pöttyös utca", "legkozelebbi_metro": "", "legkozelebbi_villamos": "Balkán utca", "legkozelebbi_busz": "Hizlaló tér", "legkozelebbi_park": "Kékvirág park", "legkozelebbi_kotottpalya_tipus": "villamos", "varosresz_geokodolt": "Gyárdűlő", "geokodolas_szolgaltato": "nominatim/photon", "felhasznalt_hazszam": 7.0, "legkozelebbi_iskola": "Kosztolányi Dezső Általános Iskola", "legkozelebbi_ovoda": "Kőbányai Gézengúz Óvoda", "legkozelebbi_bolt": "Somfa Büfé", "legkozelebbi_gyogyszertar": "Somfa patika", "legkozelebbi_orvos": "Rendelőintézet", "menetido_iskola_gyalog_perc": 15.8, "menetido_ovoda_gyalog_perc": 8.9, "menetido_bolt_gyalog_perc": 3.3, "menetido_gyogyszertar_gyalog_perc": 1.6, "menetido_orvos_gyalog_perc": 11.9 }, "geometry": { "type": "Point", "coordinates": [ 19.1178374, 47.4728458 ] } },
{ "type": "Feature", "properties": { "listing_id": "34910713", "listing_type": "kiado", "ingatlan_tipus": "lakas", "cim_teljes": "Budapest X. kerület, Kőrösi Csoma Sándor út 9.", "iranyitoszam": "1102", "varos": "Budapest", "utca": "Kőrösi Csoma Sándor út", "hazszam": "9", "cim_forras": "strukturalt", "url": "https://ingatlan.com/x-ker/kiado+lakas/szoba/34910713", "gyujtes_datuma": "2026-10-08", "price_huf": 89000.0, "ar_millio_ft": 0.089, "ar_ezer_ft_ho": 89.0, "nm_ar_huf": 7416.666666666667, "log_ar": 11.396391648714276, "log_nm_ar": 8.9114849989262765, "is_ar_outlier": 0, "alapterulet_nm": 12.0, "korrigalt_alapterulet_nm": 12.0, "szobaszam_osszes": 4.0, "szobaszam_kategoria": "4+ szoba", "allapot_kod": 3, "is_felujitando": 0, "is_ujszeru_vagy_uj": 0, "is_panel": 0, "is_tegla": 0, "has_lift": 1, "has_klima": 0, "has_erkely": 0, "is_foldszint": 0, "is_zaroszint": 0, "is_tetoter": 0, "epulet_kora_ev": 76.0, "geokodolt_lat": 47.4831821, "geokodolt_lon": 19.1316356, "geokodolas_modszere": "cim_nominatim", "geokodolas_pontossag": "hazszam", "minta_garantalt_pontos": 1, "tavolsag_vasut_m": 307.9, "vasut_zona": "300-500 m", "is_vasut_immisszio_150m": 0, "tavolsag_vasut_halozati_m": 437.5, "menetido_vasut_gyalog_perc": 5.8, "vasut_5p_seta": 0, "vasut_10p_seta": 1, "vasut_15p_seta": 1, "is_duplikalt_gyanus": 0, "varosresz": "Óhegy", "title": "Ingatlan kép", "allapot": "jó állapotú", "ingatlan_altipus": "szoba", "epites_eve": 1950.0, "epites_eve_kategoria": "60+ év (háború előtti)", "epites_eve_szoveg": "1950 és 1980 között", "epites_eve_becsult": null, "erkely_nm": null, "szobaszam_egesz": 4.0, "szobaszam_fel": 0.0, "atlagos_szobameret_nm": 3.0, "emelet": "nan", "emelet_szam": null, "epulet_szintjei_szam": null, "is_magas_emelet_lift_nelkul": 0, "futes": "gázkazán", "futes_kategoria": "gaz", "has_tavfutes": 0, "has_konvektor": 0, "has_megujulo": 0, "has_garazs_vagy_beallo": 0, "energetikai_tanusitvany": "D", "butorozott": "igen", "koltozheto": "azonnal", "min_berleti_ido": "10 hónap", "kertkapcsolatos": "nincs megadva", "kozos_koltseg_huf": 6000.0, "rezsikoltseg_huf": 12000.0, "kaucio_huf": null, "hirdeto_tipus": null, "iroda_neve": null, "leiras": "Kiadó panorámás egyszemélyes szobák metróktól 10-15 percnyire / Single rooms for rent 10-15 minutes from the subways/undergrounds: (ENGLISH version: see below) Nagyon jó közlekedéssel, metrókhoz is közel, a Kőrösi Csoma Sándor út 9 szám alatt kiadók panorámás szobák, szobánként 1 egyedülálló számára kultúrált társasházban, egyetemek is könnyen elérhetőek. 2-es metró 13 percnyire (Örs vezér tere), 3-as metró 11 percnyire (Ecseri út), 4-es metró 21 percnyire (Keleti) tömegközlekedéssel. Éjszaka belvárosból (Deák térről) 23 perc alatt haza lehet jutni (909-as éjszakai busszal). Szép környék, több parkkal a közelben, pl. a Csajkovszkij park 5 perc sétányira, a Óhegy park 10 perc sétányira található. Nagyon kényelmes bevásárolni élelmiszert és egyebeket, több bolt van nagyon közel, pl. Penny (3-4 prec sétányira), Príma (4-5 perc sétányira) és Spar. A konyhán, különálló fürdőszobán és WC-n felül négy világos hálószoba található (pl. egyetemistának vagy egyedülállóknak, pároknak), a teljes lakás 82 négyzetméteres, a 10. emeleten található, liftek vannak. Igény esetén akár egyben kivehető a teljes lakás is. A lakásban van mosógép, illetve a szobákban vannak ágyak, asztalok, székek, szekrények és ventilátorok. Kizárólag tisztaságot tartó, rendszerető és megbízható emberek számára kiadó, akikkel megvan a kölcsönös szimpátia, illetve nem a lakásban terveznének partizni (de a belvárosi szórakozóhelyek könnyen elérhetőek, a Blaha pl. 22 perc közvetlenül a 28-as villamossal). Dohányzás a lakáson belül nem, de a folyosón megengedett, állatok nem hozhatóak a lakásba. A legnagyobb méretű szoba irányára 135-145 ezer forint + rezsi (1-es szoba) egy személy számára és 179-189 ezer forint két személy számára. (6-os és 7-as kép). A közepes méretű 2db szoba irányára 105-115ezer forint + rezsi. (2-es és 3-as szoba)(2-es szoba a 2-es, 3-as, 4-es és 5-ös képen) (3-as szoba a 18-as képen még a berendezés előtti állapotban). A kicsit kisebb méretű szoba irányára 89-99 ezer forint + rezsi. (4-es szoba) (19-es kép). A rezsiköltség nagyságrendileg fejenként 18-24 ezer környékén lenne várhatóan, de függ a fogyasztástól. A kaució teljes mértékben visszajár a bérlés végén, amennyiben azonos állapotban kapom vissza lakást. Minimum bérlési idő 1 év/2 szemeszter. Kérem elsősorban üzenetben keressen itt. -------------------- English version: Single rooms for rent 10-15 minutes from the subways/undergrounds: Rooms for rent for a single person per room with nice panoramic views and with good public transport options, close to the undergronuds, the Kőrösi Csoma Sándor Street 9, the universities can easily be reached by public transport. The Underground M2 is 13 minutes away (Örs square), the Underground M3 is 11 minutes away (Ecseri Street) and the Underground M4 is 21 minutes away (Eastern Railway Station). You can get home at night in 23 minutes from the city center (from Deák square using the 909 night bus). It's a nice neighborhood with several parks within walking distance, e.g. the Csajkovszkij park is a 5-minute walk away and the Óhegy park is a 10-minute walk away. It is very easy to buy food and other things, several shops are very close, e.g. Penny (3-4 minutes ofwalk), Príma (4-5 minutes of walk) and Spar. Apart from the kitchen and separate bathroom and toilet, there are 4 bright bedrooms (e.g. for university students or single people), the whole apartment is 82 square meters and is on the 10tb floor, elevators are available. (If you prefer more rooms, you can also rent the whole apartment). The apartmentrooms have bed The apartment has a washing machine, the rooms have beds, desks, chairs and cupboards, curtains and fans. I look forward to having cleand, trustworthy people as tenants, who do not wish to use the apartment itself for partying (but there are several party places and pubs in the easily reachable city center, e.g. Blaha square can be reached in 22 minutes by the tram 28. Smoking inside the apartment is not allowed, but you can smoke on the corridor, bringing animals in the apartment is not allowed. The largest room, Room 1 has a guide price of 135-145 thousand HUF + overhead expenses for a single person and 179-189 thousand HUF for 2 people. (Picture 6 and 7). Room 2 and 3 has a guide price of 109-119 thousand HUF + overhead expenses. (Room 2: Picture 2, 3, 4 and 5) (Room 3 before furnitures: Picture 18). Room 4 (a bit smaller room) has a guide price of 89-99 thousand HUF + overhead expenses. (Picture before furnitures: 19). The overhead expenses are estimated to be around 18-24 thousand HUF per person, but the exact amount depends on the usage. The renter gets back the full security deposit if I get back the apartment in the same way as I've made it available at the beginning. Minimum rent time is 1 year/2 semesters. Please try to contact me by message here if possible.", "oldal_allapot": "hirdetes", "leiras_hossz": 4845.0, "fenykepek_szama": 6.0, "lat_portal": 47.483214, "lon_portal": 19.131628, "portal_pozicio_sugar_m": null, "price_eur": null, "nm_ar_eur": null, "kozos_koltseg_eur": null, "rezsikoltseg_eur": null, "kaucio_eur": null, "parkolas": "nincs megadva", "parkolohely_ara": null, "parkolohelyek_szama": null, "pince": "nan", "napelem": "nan", "komfort": "összkomfortos", "belmagassag_raw": "nincs megadva", "akadalymentesitett": "nincs megadva", "furdo_wc": "külön helyiségben", "tajolas": "nincs megadva", "kilatas": "nincs megadva", "szigeteles": "nincs megadva", "tetoter": "nincs megadva", "panelprogram": "nan", "gepesitett": "igen", "kisallat": "nem hozható", "dohanyzas": "nincs megadva", "atlag_gazfogyasztas": "nincs megadva", "atlag_aramfogyasztas": "nincs megadva", "tavolsag_metro_halozati_m": 2189.8, "menetido_metro_gyalog_perc": 29.2, "metro_5p_seta": 0, "metro_10p_seta": 0, "metro_15p_seta": 0, "tavolsag_villamos_halozati_m": 163.6, "menetido_villamos_gyalog_perc": 2.2, "villamos_5p_seta": 1, "villamos_10p_seta": 1, "villamos_15p_seta": 1, "tavolsag_busz_halozati_m": 43.1, "menetido_busz_gyalog_perc": 0.6, "busz_5p_seta": 1, "busz_10p_seta": 1, "busz_15p_seta": 1, "tavolsag_kotottpalya_halozati_m": 163.6, "menetido_kotottpalya_gyalog_perc": 2.2, "kotottpalya_5p_seta": 1, "kotottpalya_10p_seta": 1, "kotottpalya_15p_seta": 1, "tavolsag_park_halozati_m": 117.8, "menetido_park_gyalog_perc": 1.6, "park_5p_seta": 1, "park_10p_seta": 1, "park_15p_seta": 1, "poi_5p_count": 24.0, "poi_10p_count": 82.0, "poi_15p_count": 132.0, "tavolsag_iskola_halozati_m": 713.7, "iskola_5p_seta": 0, "iskola_10p_seta": 1, "iskola_15p_seta": 1, "tavolsag_ovoda_halozati_m": 814.8, "ovoda_5p_seta": 0, "ovoda_10p_seta": 0, "ovoda_15p_seta": 1, "tavolsag_bolt_halozati_m": 7.0, "bolt_5p_seta": 1, "bolt_10p_seta": 1, "bolt_15p_seta": 1, "tavolsag_gyogyszertar_halozati_m": 261.7, "gyogyszertar_5p_seta": 1, "gyogyszertar_10p_seta": 1, "gyogyszertar_15p_seta": 1, "tavolsag_orvos_halozati_m": null, "orvos_5p_seta": 0, "orvos_10p_seta": 0, "orvos_15p_seta": 0, "legkozelebbi_vasut": "Kőbánya alsó", "legkozelebbi_metro": "", "legkozelebbi_villamos": "Kápolna utca", "legkozelebbi_busz": "Liget tér", "legkozelebbi_park": "Liget téri park", "legkozelebbi_kotottpalya_tipus": "villamos", "varosresz_geokodolt": "Óhegy", "geokodolas_szolgaltato": "nominatim/photon", "felhasznalt_hazszam": 9.0, "legkozelebbi_iskola": "Janikovszky Éva Általános Iskola", "legkozelebbi_ovoda": "Apró csodák Bölcsőde", "legkozelebbi_bolt": "Élelmiszer vegyesdiszkont", "legkozelebbi_gyogyszertar": "Liget Gyógyszertár", "legkozelebbi_orvos": "", "menetido_iskola_gyalog_perc": 9.5, "menetido_ovoda_gyalog_perc": 10.9, "menetido_bolt_gyalog_perc": 0.1, "menetido_gyogyszertar_gyalog_perc": 3.5, "menetido_orvos_gyalog_perc": null }, "geometry": { "type": "Point", "coordinates": [ 19.1316356, 47.4831821 ] } },
{ "type": "Feature", "properties": { "listing_id": "34947562", "listing_type": "kiado", "ingatlan_tipus": "iroda", "cim_teljes": "Budapest X. kerület, Fehér út 10.", "iranyitoszam": "1106", "varos": "Budapest", "utca": "Fehér út", "hazszam": "10", "cim_forras": "strukturalt", "url": "https://ingatlan.com/x-ker/kiado+iroda/irodahelyiseg-irodahazban/34947562", "gyujtes_datuma": "2026-10-08", "price_huf": 298200.0, "ar_millio_ft": 0.2982, "ar_ezer_ft_ho": 298.2, "nm_ar_huf": 4970.0, "log_ar": 12.605519681312774, "log_nm_ar": 8.5111751190906748, "is_ar_outlier": 0, "alapterulet_nm": 60.0, "korrigalt_alapterulet_nm": 60.0, "szobaszam_osszes": null, "szobaszam_kategoria": null, "allapot_kod": 0, "is_felujitando": 0, "is_ujszeru_vagy_uj": 0, "is_panel": 0, "is_tegla": 0, "has_lift": 1, "has_klima": 1, "has_erkely": 0, "is_foldszint": 0, "is_zaroszint": 0, "is_tetoter": 0, "epulet_kora_ev": null, "geokodolt_lat": 47.5005879, "geokodolt_lon": 19.1382409, "geokodolas_modszere": "cim_nominatim", "geokodolas_pontossag": "hazszam", "minta_garantalt_pontos": 1, "tavolsag_vasut_m": 897.4, "vasut_zona": "500-1000 m", "is_vasut_immisszio_150m": 0, "tavolsag_vasut_halozati_m": null, "menetido_vasut_gyalog_perc": null, "vasut_5p_seta": 0, "vasut_10p_seta": 0, "vasut_15p_seta": 0, "is_duplikalt_gyanus": 0, "varosresz": "Felsőrákos", "title": "Ingatlan kép", "allapot": "nan", "ingatlan_altipus": "irodahelyiseg-irodahazban", "epites_eve": null, "epites_eve_kategoria": "Ismeretlen", "epites_eve_szoveg": "nan", "epites_eve_becsult": null, "erkely_nm": null, "szobaszam_egesz": null, "szobaszam_fel": null, "atlagos_szobameret_nm": null, "emelet": "1", "emelet_szam": 1.0, "epulet_szintjei_szam": 2.0, "is_magas_emelet_lift_nelkul": 0, "futes": "nan", "futes_kategoria": "egyeb", "has_tavfutes": 0, "has_konvektor": 0, "has_megujulo": 0, "has_garazs_vagy_beallo": 1, "energetikai_tanusitvany": "nincs megadva", "butorozott": "megegyezés szerint", "koltozheto": "azonnal", "min_berleti_ido": "12 hónap", "kertkapcsolatos": "nan", "kozos_koltseg_huf": null, "rezsikoltseg_huf": null, "kaucio_huf": null, "hirdeto_tipus": null, "iroda_neve": null, "leiras": "60 négyzetméteres iroda bérelhető a White Office irodaházban! Az iroda egy nagyobb légterű irodából, és ez azon belül leválasztott, kisebb, kb. 9m2 irodából áll, valamint saját kis tea-konyhával rendelkezik. A White Office Irodaház Budapest egyik nagy forgalmú csomópontjánál, az Örs vezér tér mellett található, a kiváló megközelítésű hajdani Finommechanikai Művek ipari parkjában. Az ipari park és az irodaház is nagy méretű parkolóval rendelkezik. A közös parkolót bárki, míg az irodaház parkolóit a bérlők és a bérlők ügyfelei kizárólagosan használhatják. Napjainkban az irodaház környezete felújított-parkosított, madárcsicsergős munkanapokat biztosít a bérlők számára. A bérlői kényelmet tovább fokozza a beléptetőrendszer, Főzelékfaló étterem és kávéterasz is. A White Office elegáns, letisztult modern üzleti környezetet biztosít, saját karbantartó személyzettel, kedvező bérleti díjon. Bérlőink kérésére az irodák még költözés előtt személyre szabhatóak.", "oldal_allapot": "hirdetes", "leiras_hossz": 963.0, "fenykepek_szama": null, "lat_portal": 47.500279, "lon_portal": 19.138848, "portal_pozicio_sugar_m": null, "price_eur": null, "nm_ar_eur": null, "kozos_koltseg_eur": null, "rezsikoltseg_eur": null, "kaucio_eur": null, "parkolas": "udvari beálló - bérelhető", "parkolohely_ara": 16000.0, "parkolohelyek_szama": null, "pince": "nan", "napelem": "nincs megadva", "komfort": "nan", "belmagassag_raw": "nan", "akadalymentesitett": "nan", "furdo_wc": "nan", "tajolas": "nan", "kilatas": "nan", "szigeteles": "nan", "tetoter": "nem tetőtéri", "panelprogram": "nan", "gepesitett": "nan", "kisallat": "nan", "dohanyzas": "nan", "atlag_gazfogyasztas": "nan", "atlag_aramfogyasztas": "nan", "tavolsag_metro_halozati_m": null, "menetido_metro_gyalog_perc": null, "metro_5p_seta": 0, "metro_10p_seta": 0, "metro_15p_seta": 0, "tavolsag_villamos_halozati_m": null, "menetido_villamos_gyalog_perc": null, "villamos_5p_seta": 0, "villamos_10p_seta": 0, "villamos_15p_seta": 0, "tavolsag_busz_halozati_m": null, "menetido_busz_gyalog_perc": null, "busz_5p_seta": 0, "busz_10p_seta": 0, "busz_15p_seta": 0, "tavolsag_kotottpalya_halozati_m": null, "menetido_kotottpalya_gyalog_perc": null, "kotottpalya_5p_seta": 0, "kotottpalya_10p_seta": 0, "kotottpalya_15p_seta": 0, "tavolsag_park_halozati_m": null, "menetido_park_gyalog_perc": null, "park_5p_seta": 0, "park_10p_seta": 0, "park_15p_seta": 0, "poi_5p_count": null, "poi_10p_count": null, "poi_15p_count": null, "tavolsag_iskola_halozati_m": null, "iskola_5p_seta": 0, "iskola_10p_seta": 0, "iskola_15p_seta": 0, "tavolsag_ovoda_halozati_m": null, "ovoda_5p_seta": 0, "ovoda_10p_seta": 0, "ovoda_15p_seta": 0, "tavolsag_bolt_halozati_m": null, "bolt_5p_seta": 0, "bolt_10p_seta": 0, "bolt_15p_seta": 0, "tavolsag_gyogyszertar_halozati_m": null, "gyogyszertar_5p_seta": 0, "gyogyszertar_10p_seta": 0, "gyogyszertar_15p_seta": 0, "tavolsag_orvos_halozati_m": null, "orvos_5p_seta": 0, "orvos_10p_seta": 0, "orvos_15p_seta": 0, "legkozelebbi_vasut": "", "legkozelebbi_metro": "", "legkozelebbi_villamos": "", "legkozelebbi_busz": "", "legkozelebbi_park": "", "legkozelebbi_kotottpalya_tipus": "", "varosresz_geokodolt": "Felsőrákos", "geokodolas_szolgaltato": "nominatim/photon", "felhasznalt_hazszam": 10.0, "legkozelebbi_iskola": "", "legkozelebbi_ovoda": "", "legkozelebbi_bolt": "", "legkozelebbi_gyogyszertar": "", "legkozelebbi_orvos": "", "menetido_iskola_gyalog_perc": null, "menetido_ovoda_gyalog_perc": null, "menetido_bolt_gyalog_perc": null, "menetido_gyogyszertar_gyalog_perc": null, "menetido_orvos_gyalog_perc": null }, "geometry": { "type": "Point", "coordinates": [ 19.1382409, 47.5005879 ] } },
{ "type": "Feature", "properties": { "listing_id": "34950699", "listing_type": "kiado", "ingatlan_tipus": "garazs", "cim_teljes": "Budapest X. kerület, Zágrábi utca 8.", "iranyitoszam": "1107", "varos": "Budapest", "utca": "Zágrábi utca", "hazszam": "8", "cim_forras": "strukturalt", "url": "https://ingatlan.com/x-ker/kiado+garazs/beallo/34950699", "gyujtes_datuma": "2026-10-08", "price_huf": 18323.0, "ar_millio_ft": 0.018323, "ar_ezer_ft_ho": 18.323, "nm_ar_huf": 1665.7272727272727, "log_ar": 9.8159123802801744, "log_nm_ar": 7.4180171074818047, "is_ar_outlier": 1, "alapterulet_nm": 11.0, "korrigalt_alapterulet_nm": 11.0, "szobaszam_osszes": null, "szobaszam_kategoria": null, "allapot_kod": 0, "is_felujitando": 0, "is_ujszeru_vagy_uj": 0, "is_panel": 0, "is_tegla": 0, "has_lift": 1, "has_klima": 1, "has_erkely": 0, "is_foldszint": 0, "is_zaroszint": 0, "is_tetoter": 0, "epulet_kora_ev": null, "geokodolt_lat": 47.4711207, "geokodolt_lon": 19.1185735, "geokodolas_modszere": "cim_nominatim", "geokodolas_pontossag": "hazszam", "minta_garantalt_pontos": 1, "tavolsag_vasut_m": 584.9, "vasut_zona": "500-1000 m", "is_vasut_immisszio_150m": 0, "tavolsag_vasut_halozati_m": 563.0, "menetido_vasut_gyalog_perc": 7.5, "vasut_5p_seta": 0, "vasut_10p_seta": 1, "vasut_15p_seta": 1, "is_duplikalt_gyanus": 0, "varosresz": "Gyárdűlő", "title": "Ingatlan kép", "allapot": "nincs megadva", "ingatlan_altipus": "beallo", "epites_eve": null, "epites_eve_kategoria": "Ismeretlen", "epites_eve_szoveg": "nincs megadva", "epites_eve_becsult": null, "erkely_nm": null, "szobaszam_egesz": null, "szobaszam_fel": null, "atlagos_szobameret_nm": null, "emelet": "nan", "emelet_szam": null, "epulet_szintjei_szam": null, "is_magas_emelet_lift_nelkul": 0, "futes": "nan", "futes_kategoria": "egyeb", "has_tavfutes": 0, "has_konvektor": 0, "has_megujulo": 0, "has_garazs_vagy_beallo": 0, "energetikai_tanusitvany": "nan", "butorozott": "nan", "koltozheto": "azonnal", "min_berleti_ido": "12 hónap", "kertkapcsolatos": "nan", "kozos_koltseg_huf": null, "rezsikoltseg_huf": null, "kaucio_huf": null, "hirdeto_tipus": null, "iroda_neve": null, "leiras": "Kiadó földszintes beálló hely", "oldal_allapot": "hirdetes", "leiras_hossz": 29.0, "fenykepek_szama": 2.0, "lat_portal": 47.470303, "lon_portal": 19.117403, "portal_pozicio_sugar_m": null, "price_eur": null, "nm_ar_eur": null, "kozos_koltseg_eur": null, "rezsikoltseg_eur": null, "kaucio_eur": null, "parkolas": "nan", "parkolohely_ara": null, "parkolohelyek_szama": null, "pince": "nan", "napelem": "nan", "komfort": "nan", "belmagassag_raw": "nan", "akadalymentesitett": "nan", "furdo_wc": "nan", "tajolas": "nan", "kilatas": "nan", "szigeteles": "nan", "tetoter": "nan", "panelprogram": "nan", "gepesitett": "nan", "kisallat": "nan", "dohanyzas": "nan", "atlag_gazfogyasztas": "nan", "atlag_aramfogyasztas": "nan", "tavolsag_metro_halozati_m": 370.5, "menetido_metro_gyalog_perc": 4.9, "metro_5p_seta": 1, "metro_10p_seta": 1, "metro_15p_seta": 1, "tavolsag_villamos_halozati_m": 672.4, "menetido_villamos_gyalog_perc": 9.0, "villamos_5p_seta": 0, "villamos_10p_seta": 1, "villamos_15p_seta": 1, "tavolsag_busz_halozati_m": 399.5, "menetido_busz_gyalog_perc": 5.3, "busz_5p_seta": 0, "busz_10p_seta": 1, "busz_15p_seta": 1, "tavolsag_kotottpalya_halozati_m": 370.5, "menetido_kotottpalya_gyalog_perc": 4.9, "kotottpalya_5p_seta": 1, "kotottpalya_10p_seta": 1, "kotottpalya_15p_seta": 1, "tavolsag_park_halozati_m": 319.7, "menetido_park_gyalog_perc": 4.3, "park_5p_seta": 1, "park_10p_seta": 1, "park_15p_seta": 1, "poi_5p_count": 5.0, "poi_10p_count": 37.0, "poi_15p_count": 100.0, "tavolsag_iskola_halozati_m": 1116.5, "iskola_5p_seta": 0, "iskola_10p_seta": 0, "iskola_15p_seta": 1, "tavolsag_ovoda_halozati_m": 430.2, "ovoda_5p_seta": 0, "ovoda_10p_seta": 1, "ovoda_15p_seta": 1, "tavolsag_bolt_halozati_m": 301.7, "bolt_5p_seta": 1, "bolt_10p_seta": 1, "bolt_15p_seta": 1, "tavolsag_gyogyszertar_halozati_m": 490.6, "gyogyszertar_5p_seta": 0, "gyogyszertar_10p_seta": 1, "gyogyszertar_15p_seta": 1, "tavolsag_orvos_halozati_m": 756.8, "orvos_5p_seta": 0, "orvos_10p_seta": 0, "orvos_15p_seta": 1, "legkozelebbi_vasut": "Pöttyös utca", "legkozelebbi_metro": "", "legkozelebbi_villamos": "Balkán utca", "legkozelebbi_busz": "Pöttyös utca M", "legkozelebbi_park": "", "legkozelebbi_kotottpalya_tipus": "metro", "varosresz_geokodolt": "Gyárdűlő", "geokodolas_szolgaltato": "nominatim/photon", "felhasznalt_hazszam": 8.0, "legkozelebbi_iskola": "Kosztolányi Dezső Általános Iskola", "legkozelebbi_ovoda": "Kőbányai Gézengúz Óvoda", "legkozelebbi_bolt": "Somfa Büfé", "legkozelebbi_gyogyszertar": "Somfa patika", "legkozelebbi_orvos": "Rendelőintézet", "menetido_iskola_gyalog_perc": 14.9, "menetido_ovoda_gyalog_perc": 5.7, "menetido_bolt_gyalog_perc": 4.0, "menetido_gyogyszertar_gyalog_perc": 6.5, "menetido_orvos_gyalog_perc": 10.1 }, "geometry": { "type": "Point", "coordinates": [ 19.1185735, 47.4711207 ] } },
{ "type": "Feature", "properties": { "listing_id": "34996960", "listing_type": "kiado", "ingatlan_tipus": "lakas", "cim_teljes": "Budapest X. kerület, Makk utca 1.", "iranyitoszam": "1107", "varos": "Budapest", "utca": "Makk utca", "hazszam": "1", "cim_forras": "strukturalt", "url": "https://ingatlan.com/x-ker/kiado+lakas/tegla-lakas/34996960", "gyujtes_datuma": "2026-10-08", "price_huf": 245000.0, "ar_millio_ft": 0.245, "ar_ezer_ft_ho": 245.0, "nm_ar_huf": 5000.0, "log_ar": 12.409013489526863, "log_nm_ar": 8.5171931914162382, "is_ar_outlier": 0, "alapterulet_nm": 49.0, "korrigalt_alapterulet_nm": 52.0, "szobaszam_osszes": 2.0, "szobaszam_kategoria": "2 szoba", "allapot_kod": 4, "is_felujitando": 0, "is_ujszeru_vagy_uj": 0, "is_panel": 0, "is_tegla": 1, "has_lift": 1, "has_klima": 1, "has_erkely": 1, "is_foldszint": 0, "is_zaroszint": 0, "is_tetoter": 0, "epulet_kora_ev": 25.0, "geokodolt_lat": 47.4732402, "geokodolt_lon": 19.1175262, "geokodolas_modszere": "cim_nominatim", "geokodolas_pontossag": "hazszam", "minta_garantalt_pontos": 1, "tavolsag_vasut_m": 358.4, "vasut_zona": "300-500 m", "is_vasut_immisszio_150m": 0, "tavolsag_vasut_halozati_m": 751.9, "menetido_vasut_gyalog_perc": 10.0, "vasut_5p_seta": 0, "vasut_10p_seta": 0, "vasut_15p_seta": 1, "is_duplikalt_gyanus": 0, "varosresz": "Gyárdűlő", "title": "Ingatlan kép", "allapot": "felújított", "ingatlan_altipus": "tegla-lakas", "epites_eve": 2001.0, "epites_eve_kategoria": "10-30 év (rendszerváltás utáni)", "epites_eve_szoveg": "2001 és 2010 között", "epites_eve_becsult": null, "erkely_nm": 6.0, "szobaszam_egesz": 2.0, "szobaszam_fel": 0.0, "atlagos_szobameret_nm": 26.0, "emelet": "1", "emelet_szam": 1.0, "epulet_szintjei_szam": 4.0, "is_magas_emelet_lift_nelkul": 0, "futes": "házközponti egyedi méréssel", "futes_kategoria": "kozponti", "has_tavfutes": 0, "has_konvektor": 0, "has_megujulo": 0, "has_garazs_vagy_beallo": 1, "energetikai_tanusitvany": "A++", "butorozott": "megegyezés szerint", "koltozheto": "azonnal", "min_berleti_ido": "12 hónap", "kertkapcsolatos": "nem", "kozos_koltseg_huf": 27300.0, "rezsikoltseg_huf": 10000.0, "kaucio_huf": null, "hirdeto_tipus": null, "iroda_neve": null, "leiras": "245 000 Ft/hó | 49 m² + 6 m² erkély | 2 külön nyíló szoba | klíma | lift | zárt kert Kiadó Budapest X. kerületében, a Makk utcában egy világos, jó elrendezésű, 49 m²-es, 2 külön nyíló szobás lakás, amelyhez egy 6 m²-es tágas erkély is tartozik. A lakás egyik legnagyobb előnye a csendes, zöld környezet és a zárt, gondozott kert játszótérrel, így pároknak és kisgyermekes családoknak is különösen jó választás. A lakás főbb előnyei: 2 külön nyíló szoba ( háló 12 nm, nappali 18nm) 6 m²-es erkély klímaberendezés lift alacsony rezsiköltség zárt, zöld, rendezett kert játszótér a lakópark területén kiváló tömegközlekedés M3 metró és 3-as villamos könnyen elérhető pár lépésre patika, élelmiszerbolt csendes, nyugodt lakókörnyezet Költségek: Bérleti díj: 245 000 Ft/hó Közös költség: 27 300 Ft/hó Rezsi ( víz+ áram): kb. 10 000 Ft/hó, fogyasztástól függően A lakás hosszú távra kiadó, megbízható, igényes bérlő részére. A lakás alapvetően nem bútorozott, azonban igény esetén bizonyos bútorok ( komód, asztal székek, doh. asztal) és háztartási gépek ( mosógép, hűtő, mikró) rendelkezésre állnak. Kaució: 2 havi bérleti díj. Költözhető: 2026.okt 10. Kis- és nagytestű háziállat nem hozható. A lakást frissen festve adjuk ki. Nemdohányzó volt mindeddig, ezt szeretnénk továbbra is fenntartani. A társasház újszerű, közös képviselet által jól karban tartott, kulturált, liftes, zárt folyosós, bekamerázott épület, privát ,gondozott kertrésszel. Felszíni beálló vagy garázshely nem tartozik a lakáshoz, de a lakóktól bérelhető.( ebben tudunk segíteni) Érdeklődés esetén szívesen küldök további információt és egyeztetünk megtekintési időpontot. Szép napot!", "oldal_allapot": "hirdetes", "leiras_hossz": 1650.0, "fenykepek_szama": 6.0, "lat_portal": 47.473262, "lon_portal": 19.117354, "portal_pozicio_sugar_m": null, "price_eur": null, "nm_ar_eur": null, "kozos_koltseg_eur": null, "rezsikoltseg_eur": null, "kaucio_eur": null, "parkolas": "teremgarázs hely - bérelhető", "parkolohely_ara": null, "parkolohelyek_szama": null, "pince": "nan", "napelem": "nan", "komfort": "összkomfortos", "belmagassag_raw": "3 m-nél alacsonyabb", "akadalymentesitett": "igen", "furdo_wc": "külön helyiségben", "tajolas": "északkelet", "kilatas": "udvari", "szigeteles": "van - 10 cm", "tetoter": "nem tetőtéri", "panelprogram": "nan", "gepesitett": "igen", "kisallat": "nem hozható", "dohanyzas": "nem megengedett", "atlag_gazfogyasztas": "nincs megadva", "atlag_aramfogyasztas": "nincs megadva", "tavolsag_metro_halozati_m": 600.9, "menetido_metro_gyalog_perc": 8.0, "metro_5p_seta": 0, "metro_10p_seta": 1, "metro_15p_seta": 1, "tavolsag_villamos_halozati_m": 174.8, "menetido_villamos_gyalog_perc": 2.3, "villamos_5p_seta": 1, "villamos_10p_seta": 1, "villamos_15p_seta": 1, "tavolsag_busz_halozati_m": 482.2, "menetido_busz_gyalog_perc": 6.4, "busz_5p_seta": 0, "busz_10p_seta": 1, "busz_15p_seta": 1, "tavolsag_kotottpalya_halozati_m": 174.8, "menetido_kotottpalya_gyalog_perc": 2.3, "kotottpalya_5p_seta": 1, "kotottpalya_10p_seta": 1, "kotottpalya_15p_seta": 1, "tavolsag_park_halozati_m": 359.5, "menetido_park_gyalog_perc": 4.8, "park_5p_seta": 1, "park_10p_seta": 1, "park_15p_seta": 1, "poi_5p_count": 4.0, "poi_10p_count": 37.0, "poi_15p_count": 94.0, "tavolsag_iskola_halozati_m": 1222.4, "iskola_5p_seta": 0, "iskola_10p_seta": 0, "iskola_15p_seta": 0, "tavolsag_ovoda_halozati_m": 758.9, "ovoda_5p_seta": 0, "ovoda_10p_seta": 0, "ovoda_15p_seta": 1, "tavolsag_bolt_halozati_m": 339.2, "bolt_5p_seta": 1, "bolt_10p_seta": 1, "bolt_15p_seta": 1, "tavolsag_gyogyszertar_halozati_m": 210.4, "gyogyszertar_5p_seta": 1, "gyogyszertar_10p_seta": 1, "gyogyszertar_15p_seta": 1, "tavolsag_orvos_halozati_m": 982.4, "orvos_5p_seta": 0, "orvos_10p_seta": 0, "orvos_15p_seta": 1, "legkozelebbi_vasut": "Ecseri út", "legkozelebbi_metro": "", "legkozelebbi_villamos": "Balkán utca", "legkozelebbi_busz": "Fertő utca / Bihari utca", "legkozelebbi_park": "Kékvirág park", "legkozelebbi_kotottpalya_tipus": "villamos", "varosresz_geokodolt": "Gyárdűlő", "geokodolas_szolgaltato": "nominatim/photon", "felhasznalt_hazszam": 1.0, "legkozelebbi_iskola": "Kosztolányi Dezső Általános Iskola", "legkozelebbi_ovoda": "Kőbányai Gézengúz Óvoda", "legkozelebbi_bolt": "Somfa Büfé", "legkozelebbi_gyogyszertar": "Somfa patika", "legkozelebbi_orvos": "Rendelőintézet", "menetido_iskola_gyalog_perc": 16.3, "menetido_ovoda_gyalog_perc": 10.1, "menetido_bolt_gyalog_perc": 4.5, "menetido_gyogyszertar_gyalog_perc": 2.8, "menetido_orvos_gyalog_perc": 13.1 }, "geometry": { "type": "Point", "coordinates": [ 19.1175262, 47.4732402 ] } },
{ "type": "Feature", "properties": { "listing_id": "35034287", "listing_type": "kiado", "ingatlan_tipus": "iroda", "cim_teljes": "Budapest X. kerület, Fehér út 10.", "iranyitoszam": "1106", "varos": "Budapest", "utca": "Fehér út", "hazszam": "10", "cim_forras": "strukturalt", "url": "https://ingatlan.com/x-ker/kiado+iroda/irodahelyiseg-irodahazban/35034287", "gyujtes_datuma": "2026-10-08", "price_huf": 994000.0, "ar_millio_ft": 0.994, "ar_ezer_ft_ho": 994.0, "nm_ar_huf": 4970.0, "log_ar": 13.80949248563871, "log_nm_ar": 8.5111751190906748, "is_ar_outlier": 0, "alapterulet_nm": 200.0, "korrigalt_alapterulet_nm": 200.0, "szobaszam_osszes": null, "szobaszam_kategoria": null, "allapot_kod": 0, "is_felujitando": 0, "is_ujszeru_vagy_uj": 0, "is_panel": 0, "is_tegla": 0, "has_lift": 1, "has_klima": 1, "has_erkely": 0, "is_foldszint": 0, "is_zaroszint": 0, "is_tetoter": 0, "epulet_kora_ev": 25.0, "geokodolt_lat": 47.5005879, "geokodolt_lon": 19.1382409, "geokodolas_modszere": "cim_nominatim", "geokodolas_pontossag": "hazszam", "minta_garantalt_pontos": 1, "tavolsag_vasut_m": 897.4, "vasut_zona": "500-1000 m", "is_vasut_immisszio_150m": 0, "tavolsag_vasut_halozati_m": null, "menetido_vasut_gyalog_perc": null, "vasut_5p_seta": 0, "vasut_10p_seta": 0, "vasut_15p_seta": 0, "is_duplikalt_gyanus": 0, "varosresz": "Felsőrákos", "title": "Ingatlan kép", "allapot": "nan", "ingatlan_altipus": "irodahelyiseg-irodahazban", "epites_eve": 2001.0, "epites_eve_kategoria": "10-30 év (rendszerváltás utáni)", "epites_eve_szoveg": "nan", "epites_eve_becsult": null, "erkely_nm": null, "szobaszam_egesz": null, "szobaszam_fel": null, "atlagos_szobameret_nm": null, "emelet": "1", "emelet_szam": 1.0, "epulet_szintjei_szam": 2.0, "is_magas_emelet_lift_nelkul": 0, "futes": "nan", "futes_kategoria": "egyeb", "has_tavfutes": 0, "has_konvektor": 0, "has_megujulo": 0, "has_garazs_vagy_beallo": 1, "energetikai_tanusitvany": "nincs megadva", "butorozott": "megegyezés szerint", "koltozheto": "nincs megadva", "min_berleti_ido": "12 hónap", "kertkapcsolatos": "nan", "kozos_koltseg_huf": null, "rezsikoltseg_huf": null, "kaucio_huf": null, "hirdeto_tipus": null, "iroda_neve": null, "leiras": "200 négyzetméteres iroda bérelhető a White Office irodaházban! A White Office Irodaház Budapest egyik nagy forgalmú csomópontjánál, az Örs vezér tér mellett található, a kiváló megközelítésű hajdani Finommechanikai Művek ipari parkjában. Az ipari park és az irodaház is nagy méretű parkolóval rendelkezik. A közös parkolót bárki, míg az irodaház parkolóit a bérlők és a bérlők ügyfelei kizárólagosan használhatják. Napjainkban az irodaház környezete felújított-parkosított, madárcsicsergős munkanapokat biztosít a bérlők számára. A bérlői kényelmet tovább fokozza a beléptetőrendszer, Főzelékfaló étterem és kávéterasz is. A White Office elegáns, letisztult modern üzleti környezetet biztosít, saját karbantartó személyzettel, kedvező bérleti díjon. Bérlőink kérésére az irodák még költözés előtt személyre szabhatóak.", "oldal_allapot": "hirdetes", "leiras_hossz": 818.0, "fenykepek_szama": null, "lat_portal": 47.500279, "lon_portal": 19.138848, "portal_pozicio_sugar_m": null, "price_eur": null, "nm_ar_eur": null, "kozos_koltseg_eur": null, "rezsikoltseg_eur": null, "kaucio_eur": null, "parkolas": "udvari beálló - bérelhető", "parkolohely_ara": 15000.0, "parkolohelyek_szama": null, "pince": "nan", "napelem": "nincs megadva", "komfort": "nan", "belmagassag_raw": "nan", "akadalymentesitett": "nan", "furdo_wc": "nan", "tajolas": "nan", "kilatas": "nan", "szigeteles": "nan", "tetoter": "nem tetőtéri", "panelprogram": "nan", "gepesitett": "nan", "kisallat": "nan", "dohanyzas": "nan", "atlag_gazfogyasztas": "nan", "atlag_aramfogyasztas": "nan", "tavolsag_metro_halozati_m": null, "menetido_metro_gyalog_perc": null, "metro_5p_seta": 0, "metro_10p_seta": 0, "metro_15p_seta": 0, "tavolsag_villamos_halozati_m": null, "menetido_villamos_gyalog_perc": null, "villamos_5p_seta": 0, "villamos_10p_seta": 0, "villamos_15p_seta": 0, "tavolsag_busz_halozati_m": null, "menetido_busz_gyalog_perc": null, "busz_5p_seta": 0, "busz_10p_seta": 0, "busz_15p_seta": 0, "tavolsag_kotottpalya_halozati_m": null, "menetido_kotottpalya_gyalog_perc": null, "kotottpalya_5p_seta": 0, "kotottpalya_10p_seta": 0, "kotottpalya_15p_seta": 0, "tavolsag_park_halozati_m": null, "menetido_park_gyalog_perc": null, "park_5p_seta": 0, "park_10p_seta": 0, "park_15p_seta": 0, "poi_5p_count": null, "poi_10p_count": null, "poi_15p_count": null, "tavolsag_iskola_halozati_m": null, "iskola_5p_seta": 0, "iskola_10p_seta": 0, "iskola_15p_seta": 0, "tavolsag_ovoda_halozati_m": null, "ovoda_5p_seta": 0, "ovoda_10p_seta": 0, "ovoda_15p_seta": 0, "tavolsag_bolt_halozati_m": null, "bolt_5p_seta": 0, "bolt_10p_seta": 0, "bolt_15p_seta": 0, "tavolsag_gyogyszertar_halozati_m": null, "gyogyszertar_5p_seta": 0, "gyogyszertar_10p_seta": 0, "gyogyszertar_15p_seta": 0, "tavolsag_orvos_halozati_m": null, "orvos_5p_seta": 0, "orvos_10p_seta": 0, "orvos_15p_seta": 0, "legkozelebbi_vasut": "", "legkozelebbi_metro": "", "legkozelebbi_villamos": "", "legkozelebbi_busz": "", "legkozelebbi_park": "", "legkozelebbi_kotottpalya_tipus": "", "varosresz_geokodolt": "Felsőrákos", "geokodolas_szolgaltato": "nominatim/photon", "felhasznalt_hazszam": 10.0, "legkozelebbi_iskola": "", "legkozelebbi_ovoda": "", "legkozelebbi_bolt": "", "legkozelebbi_gyogyszertar": "", "legkozelebbi_orvos": "", "menetido_iskola_gyalog_perc": null, "menetido_ovoda_gyalog_perc": null, "menetido_bolt_gyalog_perc": null, "menetido_gyogyszertar_gyalog_perc": null, "menetido_orvos_gyalog_perc": null }, "geometry": { "type": "Point", "coordinates": [ 19.1382409, 47.5005879 ] } },
{ "type": "Feature", "properties": { "listing_id": "35036296", "listing_type": "kiado", "ingatlan_tipus": "iroda", "cim_teljes": "Budapest X. kerület, Fehér út 10.", "iranyitoszam": "1106", "varos": "Budapest", "utca": "Fehér út", "hazszam": "10", "cim_forras": "strukturalt", "url": "https://ingatlan.com/x-ker/kiado+iroda/irodahelyiseg-irodahazban/35036296", "gyujtes_datuma": "2026-10-08", "price_huf": 596400.0, "ar_millio_ft": 0.5964, "ar_ezer_ft_ho": 596.4, "nm_ar_huf": 4970.0, "log_ar": 13.29866686187272, "log_nm_ar": 8.5111751190906748, "is_ar_outlier": 0, "alapterulet_nm": 120.0, "korrigalt_alapterulet_nm": 120.0, "szobaszam_osszes": null, "szobaszam_kategoria": null, "allapot_kod": 0, "is_felujitando": 0, "is_ujszeru_vagy_uj": 0, "is_panel": 0, "is_tegla": 0, "has_lift": 1, "has_klima": 1, "has_erkely": 0, "is_foldszint": 0, "is_zaroszint": 0, "is_tetoter": 0, "epulet_kora_ev": null, "geokodolt_lat": 47.5005879, "geokodolt_lon": 19.1382409, "geokodolas_modszere": "cim_nominatim", "geokodolas_pontossag": "hazszam", "minta_garantalt_pontos": 1, "tavolsag_vasut_m": 897.4, "vasut_zona": "500-1000 m", "is_vasut_immisszio_150m": 0, "tavolsag_vasut_halozati_m": null, "menetido_vasut_gyalog_perc": null, "vasut_5p_seta": 0, "vasut_10p_seta": 0, "vasut_15p_seta": 0, "is_duplikalt_gyanus": 0, "varosresz": "Felsőrákos", "title": "Ingatlan kép", "allapot": "nan", "ingatlan_altipus": "irodahelyiseg-irodahazban", "epites_eve": null, "epites_eve_kategoria": "Ismeretlen", "epites_eve_szoveg": "nan", "epites_eve_becsult": null, "erkely_nm": null, "szobaszam_egesz": null, "szobaszam_fel": null, "atlagos_szobameret_nm": null, "emelet": "1", "emelet_szam": 1.0, "epulet_szintjei_szam": 2.0, "is_magas_emelet_lift_nelkul": 0, "futes": "nan", "futes_kategoria": "egyeb", "has_tavfutes": 0, "has_konvektor": 0, "has_megujulo": 0, "has_garazs_vagy_beallo": 1, "energetikai_tanusitvany": "nincs megadva", "butorozott": "megegyezés szerint", "koltozheto": "azonnal", "min_berleti_ido": "12 hónap", "kertkapcsolatos": "nan", "kozos_koltseg_huf": null, "rezsikoltseg_huf": null, "kaucio_huf": null, "hirdeto_tipus": null, "iroda_neve": null, "leiras": "Nincs plusz üzemeltetési költség, sem közös területi díj, sem más rejtett költség! 120 négyzetméteres iroda bérelhető a White Office irodaházban! A White Office Irodaház Budapest egyik nagy forgalmú csomópontjánál, az Örs vezér tér mellett található, a kiváló megközelítésű hajdani Finommechanikai Művek ipari parkjában. Az ipari park és az irodaház is nagy méretű parkolóval rendelkezik. A közös parkolót bárki, míg az irodaház parkolóit a bérlők és a bérlők ügyfelei kizárólagosan használhatják. Napjainkban az irodaház környezete felújított-parkosított, madárcsicsergős munkanapokat biztosít a bérlők számára. A bérlői kényelmet tovább fokozza a beléptetőrendszer, Főzelékfaló étterem és kávéterasz is. A White Office elegáns, letisztult modern üzleti környezetet biztosít, saját karbantartó személyzettel, kedvező bérleti díjon. Bérlőink kérésére az irodák még költözés előtt személyre szabhatóak.", "oldal_allapot": "hirdetes", "leiras_hossz": 901.0, "fenykepek_szama": null, "lat_portal": 47.500279, "lon_portal": 19.138848, "portal_pozicio_sugar_m": null, "price_eur": null, "nm_ar_eur": null, "kozos_koltseg_eur": null, "rezsikoltseg_eur": null, "kaucio_eur": null, "parkolas": "udvari beálló - bérelhető", "parkolohely_ara": 16000.0, "parkolohelyek_szama": null, "pince": "nan", "napelem": "nincs megadva", "komfort": "nan", "belmagassag_raw": "nan", "akadalymentesitett": "nan", "furdo_wc": "nan", "tajolas": "nan", "kilatas": "nan", "szigeteles": "nan", "tetoter": "nem tetőtéri", "panelprogram": "nan", "gepesitett": "nan", "kisallat": "nan", "dohanyzas": "nan", "atlag_gazfogyasztas": "nan", "atlag_aramfogyasztas": "nan", "tavolsag_metro_halozati_m": null, "menetido_metro_gyalog_perc": null, "metro_5p_seta": 0, "metro_10p_seta": 0, "metro_15p_seta": 0, "tavolsag_villamos_halozati_m": null, "menetido_villamos_gyalog_perc": null, "villamos_5p_seta": 0, "villamos_10p_seta": 0, "villamos_15p_seta": 0, "tavolsag_busz_halozati_m": null, "menetido_busz_gyalog_perc": null, "busz_5p_seta": 0, "busz_10p_seta": 0, "busz_15p_seta": 0, "tavolsag_kotottpalya_halozati_m": null, "menetido_kotottpalya_gyalog_perc": null, "kotottpalya_5p_seta": 0, "kotottpalya_10p_seta": 0, "kotottpalya_15p_seta": 0, "tavolsag_park_halozati_m": null, "menetido_park_gyalog_perc": null, "park_5p_seta": 0, "park_10p_seta": 0, "park_15p_seta": 0, "poi_5p_count": null, "poi_10p_count": null, "poi_15p_count": null, "tavolsag_iskola_halozati_m": null, "iskola_5p_seta": 0, "iskola_10p_seta": 0, "iskola_15p_seta": 0, "tavolsag_ovoda_halozati_m": null, "ovoda_5p_seta": 0, "ovoda_10p_seta": 0, "ovoda_15p_seta": 0, "tavolsag_bolt_halozati_m": null, "bolt_5p_seta": 0, "bolt_10p_seta": 0, "bolt_15p_seta": 0, "tavolsag_gyogyszertar_halozati_m": null, "gyogyszertar_5p_seta": 0, "gyogyszertar_10p_seta": 0, "gyogyszertar_15p_seta": 0, "tavolsag_orvos_halozati_m": null, "orvos_5p_seta": 0, "orvos_10p_seta": 0, "orvos_15p_seta": 0, "legkozelebbi_vasut": "", "legkozelebbi_metro": "", "legkozelebbi_villamos": "", "legkozelebbi_busz": "", "legkozelebbi_park": "", "legkozelebbi_kotottpalya_tipus": "", "varosresz_geokodolt": "Felsőrákos", "geokodolas_szolgaltato": "nominatim/photon", "felhasznalt_hazszam": 10.0, "legkozelebbi_iskola": "", "legkozelebbi_ovoda": "", "legkozelebbi_bolt": "", "legkozelebbi_gyogyszertar": "", "legkozelebbi_orvos": "", "menetido_iskola_gyalog_perc": null, "menetido_ovoda_gyalog_perc": null, "menetido_bolt_gyalog_perc": null, "menetido_gyogyszertar_gyalog_perc": null, "menetido_orvos_gyalog_perc": null }, "geometry": { "type": "Point", "coordinates": [ 19.1382409, 47.5005879 ] } },
{ "type": "Feature", "properties": { "listing_id": "35057031", "listing_type": "kiado", "ingatlan_tipus": "iroda", "cim_teljes": "Budapest X. kerület, Fehér út 10.", "iranyitoszam": "1106", "varos": "Budapest", "utca": "Fehér út", "hazszam": "10", "cim_forras": "strukturalt", "url": "https://ingatlan.com/x-ker/kiado+iroda/egyeb-iroda/35057031", "gyujtes_datuma": "2026-10-08", "price_huf": 1570000.0, "ar_millio_ft": 1.57, "ar_ezer_ft_ho": 1570.0, "nm_ar_huf": 4485.7142857142853, "log_ar": 14.266586177324491, "log_nm_ar": 8.4086530228410314, "is_ar_outlier": 0, "alapterulet_nm": 350.0, "korrigalt_alapterulet_nm": 350.0, "szobaszam_osszes": null, "szobaszam_kategoria": null, "allapot_kod": 5, "is_felujitando": 0, "is_ujszeru_vagy_uj": 1, "is_panel": 0, "is_tegla": 0, "has_lift": 1, "has_klima": 1, "has_erkely": 0, "is_foldszint": 0, "is_zaroszint": 0, "is_tetoter": 0, "epulet_kora_ev": null, "geokodolt_lat": 47.5005879, "geokodolt_lon": 19.1382409, "geokodolas_modszere": "cim_nominatim", "geokodolas_pontossag": "hazszam", "minta_garantalt_pontos": 1, "tavolsag_vasut_m": 897.4, "vasut_zona": "500-1000 m", "is_vasut_immisszio_150m": 0, "tavolsag_vasut_halozati_m": null, "menetido_vasut_gyalog_perc": null, "vasut_5p_seta": 0, "vasut_10p_seta": 0, "vasut_15p_seta": 0, "is_duplikalt_gyanus": 0, "varosresz": "Felsőrákos", "title": "Nincs kép", "allapot": "újszerű", "ingatlan_altipus": "egyeb-iroda", "epites_eve": null, "epites_eve_kategoria": "Ismeretlen", "epites_eve_szoveg": "nincs megadva", "epites_eve_becsult": null, "erkely_nm": null, "szobaszam_egesz": null, "szobaszam_fel": null, "atlagos_szobameret_nm": null, "emelet": "1", "emelet_szam": 1.0, "epulet_szintjei_szam": 3.0, "is_magas_emelet_lift_nelkul": 0, "futes": "nan", "futes_kategoria": "egyeb", "has_tavfutes": 0, "has_konvektor": 0, "has_megujulo": 0, "has_garazs_vagy_beallo": 1, "energetikai_tanusitvany": "nincs megadva", "butorozott": "nem", "koltozheto": "nincs megadva", "min_berleti_ido": "nincs megadva", "kertkapcsolatos": "nan", "kozos_koltseg_huf": null, "rezsikoltseg_huf": null, "kaucio_huf": null, "hirdeto_tipus": null, "iroda_neve": null, "leiras": "Kiadó 350 m2-es irodahelyiség Budapest, X. kerületében, az Örs Vezér Terétől néhány percre, a Finommechanikai Vállalat/ FMV területén. Kiválóan megközelíthető tömegközlekedéssel (HÉV, buszok, villamos, metró) valamint autóval is. Az ipari park belső területèn kényelmes parkolás lehetséges. Az ingatlan előtt található saját parkoló részt a bérlők, és a bérlők ügyfelei kizárólagosan használhatják. Az ingatlan nyugodt, biztonságos zöldövezeti részen fekszik. Sorompós belèptetés, biztonsági szolgálat biztosítja a zavartalan működést az ipari park területén. Néhány perces sétára Főzelékfaloda Étterem és Kávézóterasz található. Az irodahelyiség további jellemzői: - tágas, bútorozatlan, napfényes - légkondícionált helyisègek - sajàt villanyóra - fix közös költsèg - gàz fűtés - teherlift - ipari àram - igèny esetén +250 m2-el bővíthető a meglévő helyisèg - ipari gépek elhelyezése is megoldható, mert 1,5 tonna/nm terhelhetőségű a padlózat - a belső terek igény szerint átalakíthatók Alkalmas irodai, adminisztratív vagy vállalkozási célokra. Például:orvosi rendelő, ügyvédi iroda, szalon, bemutató terem, cégközpont, call center stb. szàmàra. Az ipari park közvetlen szomszédságában a Kincsem Lakópark épül.", "oldal_allapot": "hirdetes", "leiras_hossz": 1212.0, "fenykepek_szama": null, "lat_portal": 47.500279, "lon_portal": 19.138848, "portal_pozicio_sugar_m": null, "price_eur": null, "nm_ar_eur": null, "kozos_koltseg_eur": null, "rezsikoltseg_eur": null, "kaucio_eur": null, "parkolas": "udvari beálló - benne van az árban", "parkolohely_ara": null, "parkolohelyek_szama": null, "pince": "nan", "napelem": "nan", "komfort": "nan", "belmagassag_raw": "nan", "akadalymentesitett": "nincs megadva", "furdo_wc": "nan", "tajolas": "nan", "kilatas": "nan", "szigeteles": "nan", "tetoter": "nem tetőtéri", "panelprogram": "nan", "gepesitett": "nan", "kisallat": "nan", "dohanyzas": "nan", "atlag_gazfogyasztas": "nan", "atlag_aramfogyasztas": "nan", "tavolsag_metro_halozati_m": null, "menetido_metro_gyalog_perc": null, "metro_5p_seta": 0, "metro_10p_seta": 0, "metro_15p_seta": 0, "tavolsag_villamos_halozati_m": null, "menetido_villamos_gyalog_perc": null, "villamos_5p_seta": 0, "villamos_10p_seta": 0, "villamos_15p_seta": 0, "tavolsag_busz_halozati_m": null, "menetido_busz_gyalog_perc": null, "busz_5p_seta": 0, "busz_10p_seta": 0, "busz_15p_seta": 0, "tavolsag_kotottpalya_halozati_m": null, "menetido_kotottpalya_gyalog_perc": null, "kotottpalya_5p_seta": 0, "kotottpalya_10p_seta": 0, "kotottpalya_15p_seta": 0, "tavolsag_park_halozati_m": null, "menetido_park_gyalog_perc": null, "park_5p_seta": 0, "park_10p_seta": 0, "park_15p_seta": 0, "poi_5p_count": null, "poi_10p_count": null, "poi_15p_count": null, "tavolsag_iskola_halozati_m": null, "iskola_5p_seta": 0, "iskola_10p_seta": 0, "iskola_15p_seta": 0, "tavolsag_ovoda_halozati_m": null, "ovoda_5p_seta": 0, "ovoda_10p_seta": 0, "ovoda_15p_seta": 0, "tavolsag_bolt_halozati_m": null, "bolt_5p_seta": 0, "bolt_10p_seta": 0, "bolt_15p_seta": 0, "tavolsag_gyogyszertar_halozati_m": null, "gyogyszertar_5p_seta": 0, "gyogyszertar_10p_seta": 0, "gyogyszertar_15p_seta": 0, "tavolsag_orvos_halozati_m": null, "orvos_5p_seta": 0, "orvos_10p_seta": 0, "orvos_15p_seta": 0, "legkozelebbi_vasut": "", "legkozelebbi_metro": "", "legkozelebbi_villamos": "", "legkozelebbi_busz": "", "legkozelebbi_park": "", "legkozelebbi_kotottpalya_tipus": "", "varosresz_geokodolt": "Felsőrákos", "geokodolas_szolgaltato": "nominatim/photon", "felhasznalt_hazszam": 10.0, "legkozelebbi_iskola": "", "legkozelebbi_ovoda": "", "legkozelebbi_bolt": "", "legkozelebbi_gyogyszertar": "", "legkozelebbi_orvos": "", "menetido_iskola_gyalog_perc": null, "menetido_ovoda_gyalog_perc": null, "menetido_bolt_gyalog_perc": null, "menetido_gyogyszertar_gyalog_perc": null, "menetido_orvos_gyalog_perc": null }, "geometry": { "type": "Point", "coordinates": [ 19.1382409, 47.5005879 ] } },
{ "type": "Feature", "properties": { "listing_id": "35113160", "listing_type": "kiado", "ingatlan_tipus": "lakas", "cim_teljes": "Budapest X. kerület, Gyógyszergyári utca 5.", "iranyitoszam": "1106", "varos": "Budapest", "utca": "Gyógyszergyári utca", "hazszam": "5", "cim_forras": "strukturalt", "url": "https://ingatlan.com/x-ker/kiado+lakas/csusztatott-zsalus/35113160", "gyujtes_datuma": "2026-10-08", "price_huf": 270000.0, "ar_millio_ft": 0.27, "ar_ezer_ft_ho": 270.0, "nm_ar_huf": 6000.0, "log_ar": 12.506177237980511, "log_nm_ar": 8.6995147482101913, "is_ar_outlier": 0, "alapterulet_nm": 45.0, "korrigalt_alapterulet_nm": 50.5, "szobaszam_osszes": 2.0, "szobaszam_kategoria": "2 szoba", "allapot_kod": 6, "is_felujitando": 0, "is_ujszeru_vagy_uj": 1, "is_panel": 0, "is_tegla": 0, "has_lift": 1, "has_klima": 1, "has_erkely": 1, "is_foldszint": 0, "is_zaroszint": 0, "is_tetoter": 0, "epulet_kora_ev": 0.0, "geokodolt_lat": 47.4981177, "geokodolt_lon": 19.1477993, "geokodolas_modszere": "cim_nominatim", "geokodolas_pontossag": "hazszam_interpolalt", "minta_garantalt_pontos": 1, "tavolsag_vasut_m": 547.1, "vasut_zona": "500-1000 m", "is_vasut_immisszio_150m": 0, "tavolsag_vasut_halozati_m": null, "menetido_vasut_gyalog_perc": null, "vasut_5p_seta": 0, "vasut_10p_seta": 0, "vasut_15p_seta": 0, "is_duplikalt_gyanus": 0, "varosresz": "x-ker", "title": "Ingatlan kép", "allapot": "új építésű", "ingatlan_altipus": "csusztatott-zsalus", "epites_eve": 2026.0, "epites_eve_kategoria": "0-10 év (új)", "epites_eve_szoveg": "2026", "epites_eve_becsult": null, "erkely_nm": 11.0, "szobaszam_egesz": 2.0, "szobaszam_fel": 0.0, "atlagos_szobameret_nm": 25.25, "emelet": "2", "emelet_szam": 2.0, "epulet_szintjei_szam": 8.0, "is_magas_emelet_lift_nelkul": 0, "futes": "távfűtés, hűtő-fűtő klíma", "futes_kategoria": "tavfutes", "has_tavfutes": 1, "has_konvektor": 0, "has_megujulo": 0, "has_garazs_vagy_beallo": 1, "energetikai_tanusitvany": "A+", "butorozott": "igen", "koltozheto": "azonnal", "min_berleti_ido": "12 hónap", "kertkapcsolatos": "nem", "kozos_koltseg_huf": 23000.0, "rezsikoltseg_huf": 20000.0, "kaucio_huf": null, "hirdeto_tipus": null, "iroda_neve": null, "leiras": "! ! ! KIADÓ ! ! ! (Első lakóját keresi!) Leghamarabb költözhető: 2026 Október. Egy azonosan kialakított referencialakásról, kérésre küldök képeket! Erről a lakásról még csak az első bejárásról vannak képek mivel még nem került átadásra. 45 nm-es új építésű lakás kiadó a nemsokára átadásra kerülő Kincsem by Bayer lakóparkban. A lakás teljesen gépesített és mindennel felszerelt. A gépesítés prémium gépekkel fog megtörténni és megegyezés kérdése. Az első lakóval egyeztetésre kerülhet a kialakítandó bútorzat is. A lakás mérete ideális párok számára. Az alaprajz kialakításakor a HomeOffice lehetőség biztosítása is kiemelt figyelemet kapott. Ennek megfelelően két külön, egymástól elzárható helyiségben is kialakítható kényelmes munkaállomás. Ennek bútorzati és elektronikai kialakítása is meg fog történni a lakás átadásakor. A fűtést/hűtést a távhős radiátoros fűtésrendszer és egy nagy teljesítményű (3,5 kWh-os) hűtő-fűtő klíma bíztosítja. Sétatávon belül kiemelendő a környék adottságai közül: - IKEA - Örs Vezér téri metró/busz/hév állomás - Árkád bevásárló központ - Sugár bevásárló központ - ALDI - LIDL - Gyógyszertár - Kávézók - Éttermek - Kincsem park A lakás minimum 12 hónapra kiadó, 2 havi kaució és 1 havi bérleti díj megfizetése szükséges. ÉRDEKLŐDNI a megadott mobilszámon szinte bármikor (ha nem tudom felvenni, amint lehetőségem van visszahívom, de kérem írjon egy rövid SMS-t is) vagy itt üzenetben.", "oldal_allapot": "hirdetes", "leiras_hossz": 1421.0, "fenykepek_szama": 6.0, "lat_portal": 47.497327, "lon_portal": 19.139864, "portal_pozicio_sugar_m": null, "price_eur": null, "nm_ar_eur": null, "kozos_koltseg_eur": null, "rezsikoltseg_eur": null, "kaucio_eur": null, "parkolas": "teremgarázs hely - bérelhető", "parkolohely_ara": 25000.0, "parkolohelyek_szama": null, "pince": "nan", "napelem": "nan", "komfort": "összkomfortos", "belmagassag_raw": "3 m-nél alacsonyabb", "akadalymentesitett": "igen", "furdo_wc": "egy helyiségben", "tajolas": "nyugat", "kilatas": "kertre néz", "szigeteles": "van - 20 cm", "tetoter": "nan", "panelprogram": "nan", "gepesitett": "igen", "kisallat": "nem hozható", "dohanyzas": "nem megengedett", "atlag_gazfogyasztas": "Nincs gáz bekötve az ingatlanba", "atlag_aramfogyasztas": "250 kWh/hó", "tavolsag_metro_halozati_m": null, "menetido_metro_gyalog_perc": null, "metro_5p_seta": 0, "metro_10p_seta": 0, "metro_15p_seta": 0, "tavolsag_villamos_halozati_m": null, "menetido_villamos_gyalog_perc": null, "villamos_5p_seta": 0, "villamos_10p_seta": 0, "villamos_15p_seta": 0, "tavolsag_busz_halozati_m": null, "menetido_busz_gyalog_perc": null, "busz_5p_seta": 0, "busz_10p_seta": 0, "busz_15p_seta": 0, "tavolsag_kotottpalya_halozati_m": null, "menetido_kotottpalya_gyalog_perc": null, "kotottpalya_5p_seta": 0, "kotottpalya_10p_seta": 0, "kotottpalya_15p_seta": 0, "tavolsag_park_halozati_m": null, "menetido_park_gyalog_perc": null, "park_5p_seta": 0, "park_10p_seta": 0, "park_15p_seta": 0, "poi_5p_count": null, "poi_10p_count": null, "poi_15p_count": null, "tavolsag_iskola_halozati_m": null, "iskola_5p_seta": 0, "iskola_10p_seta": 0, "iskola_15p_seta": 0, "tavolsag_ovoda_halozati_m": null, "ovoda_5p_seta": 0, "ovoda_10p_seta": 0, "ovoda_15p_seta": 0, "tavolsag_bolt_halozati_m": null, "bolt_5p_seta": 0, "bolt_10p_seta": 0, "bolt_15p_seta": 0, "tavolsag_gyogyszertar_halozati_m": null, "gyogyszertar_5p_seta": 0, "gyogyszertar_10p_seta": 0, "gyogyszertar_15p_seta": 0, "tavolsag_orvos_halozati_m": null, "orvos_5p_seta": 0, "orvos_10p_seta": 0, "orvos_15p_seta": 0, "legkozelebbi_vasut": "", "legkozelebbi_metro": "", "legkozelebbi_villamos": "", "legkozelebbi_busz": "", "legkozelebbi_park": "", "legkozelebbi_kotottpalya_tipus": "", "varosresz_geokodolt": null, "geokodolas_szolgaltato": "overpass", "felhasznalt_hazszam": 3.0, "legkozelebbi_iskola": "", "legkozelebbi_ovoda": "", "legkozelebbi_bolt": "", "legkozelebbi_gyogyszertar": "", "legkozelebbi_orvos": "", "menetido_iskola_gyalog_perc": null, "menetido_ovoda_gyalog_perc": null, "menetido_bolt_gyalog_perc": null, "menetido_gyogyszertar_gyalog_perc": null, "menetido_orvos_gyalog_perc": null }, "geometry": { "type": "Point", "coordinates": [ 19.1477993, 47.4981177 ] } },
{ "type": "Feature", "properties": { "listing_id": "35139473", "listing_type": "kiado", "ingatlan_tipus": "garazs", "cim_teljes": "Budapest X. kerület, Somfa utca 2.", "iranyitoszam": "1107", "varos": "Budapest", "utca": "Somfa utca", "hazszam": "2", "cim_forras": "strukturalt", "url": "https://ingatlan.com/x-ker/kiado+garazs/teremgarazs-hely/35139473", "gyujtes_datuma": "2026-10-08", "price_huf": 30000.0, "ar_millio_ft": 0.03, "ar_ezer_ft_ho": 30.0, "nm_ar_huf": 2142.8571428571427, "log_ar": 10.308952660644293, "log_nm_ar": 7.6698953310290339, "is_ar_outlier": 1, "alapterulet_nm": 14.0, "korrigalt_alapterulet_nm": 14.0, "szobaszam_osszes": null, "szobaszam_kategoria": null, "allapot_kod": 0, "is_felujitando": 0, "is_ujszeru_vagy_uj": 0, "is_panel": 0, "is_tegla": 0, "has_lift": 1, "has_klima": 1, "has_erkely": 0, "is_foldszint": 0, "is_zaroszint": 0, "is_tetoter": 0, "epulet_kora_ev": null, "geokodolt_lat": 47.4728561, "geokodolt_lon": 19.1183828, "geokodolas_modszere": "cim_nominatim", "geokodolas_pontossag": "hazszam", "minta_garantalt_pontos": 1, "tavolsag_vasut_m": 433.7, "vasut_zona": "300-500 m", "is_vasut_immisszio_150m": 0, "tavolsag_vasut_halozati_m": 702.4, "menetido_vasut_gyalog_perc": 9.4, "vasut_5p_seta": 0, "vasut_10p_seta": 1, "vasut_15p_seta": 1, "is_duplikalt_gyanus": 0, "varosresz": "Gyárdűlő", "title": "Nincs kép", "allapot": "nincs megadva", "ingatlan_altipus": "teremgarazs-hely", "epites_eve": null, "epites_eve_kategoria": "Ismeretlen", "epites_eve_szoveg": "nincs megadva", "epites_eve_becsult": null, "erkely_nm": null, "szobaszam_egesz": null, "szobaszam_fel": null, "atlagos_szobameret_nm": null, "emelet": "nan", "emelet_szam": null, "epulet_szintjei_szam": null, "is_magas_emelet_lift_nelkul": 0, "futes": "nan", "futes_kategoria": "egyeb", "has_tavfutes": 0, "has_konvektor": 0, "has_megujulo": 0, "has_garazs_vagy_beallo": 0, "energetikai_tanusitvany": "nan", "butorozott": "nan", "koltozheto": "nincs megadva", "min_berleti_ido": "nincs megadva", "kertkapcsolatos": "nan", "kozos_koltseg_huf": null, "rezsikoltseg_huf": null, "kaucio_huf": null, "hirdeto_tipus": null, "iroda_neve": null, "leiras": "Kiadó egy kiválóan parkolható, tágas teremgarázshely hosszú távra, egy rendezett társasházban, könnyen megközelíthető helyen. A bejutás elektronikus kapunyitással történik, így biztosítva a gyors és biztonságos parkolást. A garázs széles, tiszta és jól karbantartott, ideális nagyobb autóknak vagy azoknak, akik rendszeresen keresnek megbízható, kényelmes parkolóhelyet. Hosszú távú bérleti lehetőség, stabil környezet. Bérlésre azonnal elérhető!", "oldal_allapot": "hirdetes", "leiras_hossz": 446.0, "fenykepek_szama": 4.0, "lat_portal": 47.47292, "lon_portal": 19.118494, "portal_pozicio_sugar_m": null, "price_eur": null, "nm_ar_eur": null, "kozos_koltseg_eur": null, "rezsikoltseg_eur": null, "kaucio_eur": null, "parkolas": "nan", "parkolohely_ara": null, "parkolohelyek_szama": null, "pince": "nan", "napelem": "nan", "komfort": "nan", "belmagassag_raw": "nan", "akadalymentesitett": "nan", "furdo_wc": "nan", "tajolas": "nan", "kilatas": "nan", "szigeteles": "nan", "tetoter": "nan", "panelprogram": "nan", "gepesitett": "nan", "kisallat": "nan", "dohanyzas": "nan", "atlag_gazfogyasztas": "nan", "atlag_aramfogyasztas": "nan", "tavolsag_metro_halozati_m": 509.9, "menetido_metro_gyalog_perc": 6.8, "metro_5p_seta": 0, "metro_10p_seta": 1, "metro_15p_seta": 1, "tavolsag_villamos_halozati_m": 296.4, "menetido_villamos_gyalog_perc": 4.0, "villamos_5p_seta": 1, "villamos_10p_seta": 1, "villamos_15p_seta": 1, "tavolsag_busz_halozati_m": 490.4, "menetido_busz_gyalog_perc": 6.5, "busz_5p_seta": 0, "busz_10p_seta": 1, "busz_15p_seta": 1, "tavolsag_kotottpalya_halozati_m": 296.4, "menetido_kotottpalya_gyalog_perc": 4.0, "kotottpalya_5p_seta": 1, "kotottpalya_10p_seta": 1, "kotottpalya_15p_seta": 1, "tavolsag_park_halozati_m": 293.1, "menetido_park_gyalog_perc": 3.9, "park_5p_seta": 1, "park_10p_seta": 1, "park_15p_seta": 1, "poi_5p_count": 6.0, "poi_10p_count": 37.0, "poi_15p_count": 97.0, "tavolsag_iskola_halozati_m": 1184.4, "iskola_5p_seta": 0, "iskola_10p_seta": 0, "iskola_15p_seta": 0, "tavolsag_ovoda_halozati_m": 644.9, "ovoda_5p_seta": 0, "ovoda_10p_seta": 1, "ovoda_15p_seta": 1, "tavolsag_bolt_halozati_m": 248.3, "bolt_5p_seta": 1, "bolt_10p_seta": 1, "bolt_15p_seta": 1, "tavolsag_gyogyszertar_halozati_m": 26.4, "gyogyszertar_5p_seta": 1, "gyogyszertar_10p_seta": 1, "gyogyszertar_15p_seta": 1, "tavolsag_orvos_halozati_m": 891.4, "orvos_5p_seta": 0, "orvos_10p_seta": 0, "orvos_15p_seta": 1, "legkozelebbi_vasut": "Pöttyös utca", "legkozelebbi_metro": "", "legkozelebbi_villamos": "Balkán utca", "legkozelebbi_busz": "Hizlaló tér", "legkozelebbi_park": "Kékvirág park", "legkozelebbi_kotottpalya_tipus": "villamos", "varosresz_geokodolt": "Gyárdűlő", "geokodolas_szolgaltato": "nominatim/photon", "felhasznalt_hazszam": 2.0, "legkozelebbi_iskola": "Kosztolányi Dezső Általános Iskola", "legkozelebbi_ovoda": "Kőbányai Gézengúz Óvoda", "legkozelebbi_bolt": "Somfa Büfé", "legkozelebbi_gyogyszertar": "Somfa patika", "legkozelebbi_orvos": "Rendelőintézet", "menetido_iskola_gyalog_perc": 15.8, "menetido_ovoda_gyalog_perc": 8.6, "menetido_bolt_gyalog_perc": 3.3, "menetido_gyogyszertar_gyalog_perc": 0.4, "menetido_orvos_gyalog_perc": 11.9 }, "geometry": { "type": "Point", "coordinates": [ 19.1183828, 47.4728561 ] } },
{ "type": "Feature", "properties": { "listing_id": "35159939", "listing_type": "kiado", "ingatlan_tipus": "iroda", "cim_teljes": "Budapest X. kerület, Fehér út 10.", "iranyitoszam": "1106", "varos": "Budapest", "utca": "Fehér út", "hazszam": "10", "cim_forras": "strukturalt", "url": "https://ingatlan.com/x-ker/kiado+iroda/irodahelyiseg-irodahazban/35159939", "gyujtes_datuma": "2026-10-08", "price_huf": 4970.0, "ar_millio_ft": 0.00497, "ar_ezer_ft_ho": 4.97, "nm_ar_huf": 248.5, "log_ar": 8.5111751190906748, "log_nm_ar": 5.5154428455366835, "is_ar_outlier": 1, "alapterulet_nm": 20.0, "korrigalt_alapterulet_nm": 20.0, "szobaszam_osszes": null, "szobaszam_kategoria": null, "allapot_kod": 0, "is_felujitando": 0, "is_ujszeru_vagy_uj": 0, "is_panel": 0, "is_tegla": 0, "has_lift": 1, "has_klima": 0, "has_erkely": 0, "is_foldszint": 0, "is_zaroszint": 0, "is_tetoter": 0, "epulet_kora_ev": null, "geokodolt_lat": 47.5005879, "geokodolt_lon": 19.1382409, "geokodolas_modszere": "cim_nominatim", "geokodolas_pontossag": "hazszam", "minta_garantalt_pontos": 1, "tavolsag_vasut_m": 897.4, "vasut_zona": "500-1000 m", "is_vasut_immisszio_150m": 0, "tavolsag_vasut_halozati_m": null, "menetido_vasut_gyalog_perc": null, "vasut_5p_seta": 0, "vasut_10p_seta": 0, "vasut_15p_seta": 0, "is_duplikalt_gyanus": 0, "varosresz": "Felsőrákos", "title": "Nincs kép", "allapot": "nan", "ingatlan_altipus": "irodahelyiseg-irodahazban", "epites_eve": null, "epites_eve_kategoria": "Ismeretlen", "epites_eve_szoveg": "nan", "epites_eve_becsult": null, "erkely_nm": null, "szobaszam_egesz": null, "szobaszam_fel": null, "atlagos_szobameret_nm": null, "emelet": "nincs megadva", "emelet_szam": null, "epulet_szintjei_szam": null, "is_magas_emelet_lift_nelkul": 0, "futes": "nan", "futes_kategoria": "egyeb", "has_tavfutes": 0, "has_konvektor": 0, "has_megujulo": 0, "has_garazs_vagy_beallo": 0, "energetikai_tanusitvany": "nincs megadva", "butorozott": "nincs megadva", "koltozheto": "nincs megadva", "min_berleti_ido": "12 hónap", "kertkapcsolatos": "nan", "kozos_koltseg_huf": null, "rezsikoltseg_huf": null, "kaucio_huf": null, "hirdeto_tipus": null, "iroda_neve": null, "leiras": "White Office | 4.970 Forint/m2", "oldal_allapot": "hirdetes", "leiras_hossz": 30.0, "fenykepek_szama": null, "lat_portal": 47.500279, "lon_portal": 19.138848, "portal_pozicio_sugar_m": null, "price_eur": null, "nm_ar_eur": null, "kozos_koltseg_eur": null, "rezsikoltseg_eur": null, "kaucio_eur": null, "parkolas": "nincs megadva", "parkolohely_ara": null, "parkolohelyek_szama": null, "pince": "nan", "napelem": "nincs megadva", "komfort": "nan", "belmagassag_raw": "nan", "akadalymentesitett": "nan", "furdo_wc": "nan", "tajolas": "nan", "kilatas": "nan", "szigeteles": "nan", "tetoter": "nincs megadva", "panelprogram": "nan", "gepesitett": "nan", "kisallat": "nan", "dohanyzas": "nan", "atlag_gazfogyasztas": "nan", "atlag_aramfogyasztas": "nan", "tavolsag_metro_halozati_m": null, "menetido_metro_gyalog_perc": null, "metro_5p_seta": 0, "metro_10p_seta": 0, "metro_15p_seta": 0, "tavolsag_villamos_halozati_m": null, "menetido_villamos_gyalog_perc": null, "villamos_5p_seta": 0, "villamos_10p_seta": 0, "villamos_15p_seta": 0, "tavolsag_busz_halozati_m": null, "menetido_busz_gyalog_perc": null, "busz_5p_seta": 0, "busz_10p_seta": 0, "busz_15p_seta": 0, "tavolsag_kotottpalya_halozati_m": null, "menetido_kotottpalya_gyalog_perc": null, "kotottpalya_5p_seta": 0, "kotottpalya_10p_seta": 0, "kotottpalya_15p_seta": 0, "tavolsag_park_halozati_m": null, "menetido_park_gyalog_perc": null, "park_5p_seta": 0, "park_10p_seta": 0, "park_15p_seta": 0, "poi_5p_count": null, "poi_10p_count": null, "poi_15p_count": null, "tavolsag_iskola_halozati_m": null, "iskola_5p_seta": 0, "iskola_10p_seta": 0, "iskola_15p_seta": 0, "tavolsag_ovoda_halozati_m": null, "ovoda_5p_seta": 0, "ovoda_10p_seta": 0, "ovoda_15p_seta": 0, "tavolsag_bolt_halozati_m": null, "bolt_5p_seta": 0, "bolt_10p_seta": 0, "bolt_15p_seta": 0, "tavolsag_gyogyszertar_halozati_m": null, "gyogyszertar_5p_seta": 0, "gyogyszertar_10p_seta": 0, "gyogyszertar_15p_seta": 0, "tavolsag_orvos_halozati_m": null, "orvos_5p_seta": 0, "orvos_10p_seta": 0, "orvos_15p_seta": 0, "legkozelebbi_vasut": "", "legkozelebbi_metro": "", "legkozelebbi_villamos": "", "legkozelebbi_busz": "", "legkozelebbi_park": "", "legkozelebbi_kotottpalya_tipus": "", "varosresz_geokodolt": "Felsőrákos", "geokodolas_szolgaltato": "nominatim/photon", "felhasznalt_hazszam": 10.0, "legkozelebbi_iskola": "", "legkozelebbi_ovoda": "", "legkozelebbi_bolt": "", "legkozelebbi_gyogyszertar": "", "legkozelebbi_orvos": "", "menetido_iskola_gyalog_perc": null, "menetido_ovoda_gyalog_perc": null, "menetido_bolt_gyalog_perc": null, "menetido_gyogyszertar_gyalog_perc": null, "menetido_orvos_gyalog_perc": null }, "geometry": { "type": "Point", "coordinates": [ 19.1382409, 47.5005879 ] } },
{ "type": "Feature", "properties": { "listing_id": "35162799", "listing_type": "kiado", "ingatlan_tipus": "garazs", "cim_teljes": "Budapest X. kerület, Somfa utca 5.", "iranyitoszam": "1107", "varos": "Budapest", "utca": "Somfa utca", "hazszam": "5", "cim_forras": "strukturalt", "url": "https://ingatlan.com/x-ker/kiado+garazs/beallo/35162799", "gyujtes_datuma": "2026-10-08", "price_huf": 16000.0, "ar_millio_ft": 0.016, "ar_ezer_ft_ho": 16.0, "nm_ar_huf": 1230.7692307692307, "log_ar": 9.6803440012219184, "log_nm_ar": 7.1153946437603812, "is_ar_outlier": 1, "alapterulet_nm": 13.0, "korrigalt_alapterulet_nm": 13.0, "szobaszam_osszes": null, "szobaszam_kategoria": null, "allapot_kod": 0, "is_felujitando": 0, "is_ujszeru_vagy_uj": 0, "is_panel": 0, "is_tegla": 0, "has_lift": 1, "has_klima": 1, "has_erkely": 0, "is_foldszint": 0, "is_zaroszint": 0, "is_tetoter": 0, "epulet_kora_ev": null, "geokodolt_lat": 47.4734773, "geokodolt_lon": 19.1199715, "geokodolas_modszere": "cim_nominatim", "geokodolas_pontossag": "hazszam", "minta_garantalt_pontos": 1, "tavolsag_vasut_m": 426.7, "vasut_zona": "300-500 m", "is_vasut_immisszio_150m": 0, "tavolsag_vasut_halozati_m": 883.3, "menetido_vasut_gyalog_perc": 11.8, "vasut_5p_seta": 0, "vasut_10p_seta": 0, "vasut_15p_seta": 1, "is_duplikalt_gyanus": 0, "varosresz": "Gyárdűlő", "title": "Nincs kép", "allapot": "nincs megadva", "ingatlan_altipus": "beallo", "epites_eve": null, "epites_eve_kategoria": "Ismeretlen", "epites_eve_szoveg": "nincs megadva", "epites_eve_becsult": null, "erkely_nm": null, "szobaszam_egesz": null, "szobaszam_fel": null, "atlagos_szobameret_nm": null, "emelet": "nan", "emelet_szam": null, "epulet_szintjei_szam": null, "is_magas_emelet_lift_nelkul": 0, "futes": "nan", "futes_kategoria": "egyeb", "has_tavfutes": 0, "has_konvektor": 0, "has_megujulo": 0, "has_garazs_vagy_beallo": 0, "energetikai_tanusitvany": "nan", "butorozott": "nan", "koltozheto": "nincs megadva", "min_berleti_ido": "nincs megadva", "kertkapcsolatos": "nan", "kozos_koltseg_huf": null, "rezsikoltseg_huf": null, "kaucio_huf": null, "hirdeto_tipus": null, "iroda_neve": null, "leiras": "Felszíni beálló, közös költség az árban.", "oldal_allapot": "hirdetes", "leiras_hossz": 40.0, "fenykepek_szama": 4.0, "lat_portal": 47.474205, "lon_portal": 19.120818, "portal_pozicio_sugar_m": null, "price_eur": null, "nm_ar_eur": null, "kozos_koltseg_eur": null, "rezsikoltseg_eur": null, "kaucio_eur": null, "parkolas": "nan", "parkolohely_ara": null, "parkolohelyek_szama": null, "pince": "nan", "napelem": "nan", "komfort": "nan", "belmagassag_raw": "nan", "akadalymentesitett": "nan", "furdo_wc": "nan", "tajolas": "nan", "kilatas": "nan", "szigeteles": "nan", "tetoter": "nan", "panelprogram": "nan", "gepesitett": "nan", "kisallat": "nan", "dohanyzas": "nan", "atlag_gazfogyasztas": "nan", "atlag_aramfogyasztas": "nan", "tavolsag_metro_halozati_m": 690.9, "menetido_metro_gyalog_perc": 9.2, "metro_5p_seta": 0, "metro_10p_seta": 1, "metro_15p_seta": 1, "tavolsag_villamos_halozati_m": 386.0, "menetido_villamos_gyalog_perc": 5.1, "villamos_5p_seta": 0, "villamos_10p_seta": 1, "villamos_15p_seta": 1, "tavolsag_busz_halozati_m": 432.6, "menetido_busz_gyalog_perc": 5.8, "busz_5p_seta": 0, "busz_10p_seta": 1, "busz_15p_seta": 1, "tavolsag_kotottpalya_halozati_m": 386.0, "menetido_kotottpalya_gyalog_perc": 5.1, "kotottpalya_5p_seta": 0, "kotottpalya_10p_seta": 1, "kotottpalya_15p_seta": 1, "tavolsag_park_halozati_m": 474.0, "menetido_park_gyalog_perc": 6.3, "park_5p_seta": 0, "park_10p_seta": 1, "park_15p_seta": 1, "poi_5p_count": 1.0, "poi_10p_count": 24.0, "poi_15p_count": 78.0, "tavolsag_iskola_halozati_m": 1365.3, "iskola_5p_seta": 0, "iskola_10p_seta": 0, "iskola_15p_seta": 0, "tavolsag_ovoda_halozati_m": 825.8, "ovoda_5p_seta": 0, "ovoda_10p_seta": 0, "ovoda_15p_seta": 1, "tavolsag_bolt_halozati_m": 429.2, "bolt_5p_seta": 0, "bolt_10p_seta": 1, "bolt_15p_seta": 1, "tavolsag_gyogyszertar_halozati_m": 207.3, "gyogyszertar_5p_seta": 1, "gyogyszertar_10p_seta": 1, "gyogyszertar_15p_seta": 1, "tavolsag_orvos_halozati_m": 1072.3, "orvos_5p_seta": 0, "orvos_10p_seta": 0, "orvos_15p_seta": 1, "legkozelebbi_vasut": "Pöttyös utca", "legkozelebbi_metro": "", "legkozelebbi_villamos": "Fertő utca / Bihari utca", "legkozelebbi_busz": "Hizlaló tér", "legkozelebbi_park": "Kékvirág park", "legkozelebbi_kotottpalya_tipus": "villamos", "varosresz_geokodolt": "Gyárdűlő", "geokodolas_szolgaltato": "nominatim/photon", "felhasznalt_hazszam": 5.0, "legkozelebbi_iskola": "Kosztolányi Dezső Általános Iskola", "legkozelebbi_ovoda": "Kőbányai Gézengúz Óvoda", "legkozelebbi_bolt": "Somfa Büfé", "legkozelebbi_gyogyszertar": "Somfa patika", "legkozelebbi_orvos": "Rendelőintézet", "menetido_iskola_gyalog_perc": 18.2, "menetido_ovoda_gyalog_perc": 11.0, "menetido_bolt_gyalog_perc": 5.7, "menetido_gyogyszertar_gyalog_perc": 2.8, "menetido_orvos_gyalog_perc": 14.3 }, "geometry": { "type": "Point", "coordinates": [ 19.1199715, 47.4734773 ] } },
{ "type": "Feature", "properties": { "listing_id": "35207432", "listing_type": "kiado", "ingatlan_tipus": "vendeglatas", "cim_teljes": "Budapest X. kerület, Fehér út 10.", "iranyitoszam": "1106", "varos": "Budapest", "utca": "Fehér út", "hazszam": "10", "cim_forras": "strukturalt", "url": "https://ingatlan.com/x-ker/kiado+vendeglatas/etterem-vendeglo/35207432", "gyujtes_datuma": "2026-10-08", "price_huf": 994000.0, "ar_millio_ft": 0.994, "ar_ezer_ft_ho": 994.0, "nm_ar_huf": 4970.0, "log_ar": 13.80949248563871, "log_nm_ar": 8.5111751190906748, "is_ar_outlier": 0, "alapterulet_nm": 200.0, "korrigalt_alapterulet_nm": 200.0, "szobaszam_osszes": null, "szobaszam_kategoria": null, "allapot_kod": 0, "is_felujitando": 0, "is_ujszeru_vagy_uj": 0, "is_panel": 0, "is_tegla": 0, "has_lift": 1, "has_klima": 1, "has_erkely": 0, "is_foldszint": 0, "is_zaroszint": 0, "is_tetoter": 0, "epulet_kora_ev": 45.0, "geokodolt_lat": 47.5005879, "geokodolt_lon": 19.1382409, "geokodolas_modszere": "cim_nominatim", "geokodolas_pontossag": "hazszam", "minta_garantalt_pontos": 1, "tavolsag_vasut_m": 897.4, "vasut_zona": "500-1000 m", "is_vasut_immisszio_150m": 0, "tavolsag_vasut_halozati_m": null, "menetido_vasut_gyalog_perc": null, "vasut_5p_seta": 0, "vasut_10p_seta": 0, "vasut_15p_seta": 0, "is_duplikalt_gyanus": 1, "varosresz": "Felsőrákos", "title": "Nincs kép", "allapot": "nan", "ingatlan_altipus": "etterem-vendeglo", "epites_eve": 1981.0, "epites_eve_kategoria": "30-60 év (panel-korszak)", "epites_eve_szoveg": "nan", "epites_eve_becsult": null, "erkely_nm": null, "szobaszam_egesz": null, "szobaszam_fel": null, "atlagos_szobameret_nm": null, "emelet": "nan", "emelet_szam": null, "epulet_szintjei_szam": null, "is_magas_emelet_lift_nelkul": 0, "futes": "nan", "futes_kategoria": "egyeb", "has_tavfutes": 0, "has_konvektor": 0, "has_megujulo": 0, "has_garazs_vagy_beallo": 0, "energetikai_tanusitvany": "nincs megadva", "butorozott": "nan", "koltozheto": "azonnal", "min_berleti_ido": "2 hónap", "kertkapcsolatos": "nan", "kozos_koltseg_huf": null, "rezsikoltseg_huf": null, "kaucio_huf": null, "hirdeto_tipus": null, "iroda_neve": null, "leiras": "Kiadó étterem / melegkonyhás büfé – nagy forgalmú ipari parkban! Kivételes lehetőség vendéglátós vállalkozóknak a White Office Irodaházban! Bérbeadásra kínálunk egy 200 m²-es, melegkonyhai üzemeltetésre alkalmas vendéglátóhelyet nagy forgalmú ipari park területén, ahol naponta több ezer fő fordul meg. Igény esetén a terület akár 400 m²-ig bővíthető, bank office és raktár funkciókkal együtt. Főbb jellemzők: 200 m²-es étterem / büfé helyiség, egybenyitható terek további 200 m² opcionálisan bérelhető (iroda + raktár) nincs felszerelve, így szabadon alakítható a saját koncepció szerint több mint 10 éve folyamatosan üzemelő bisztró/kifőzde helyszíne melegkonyhai kialakításra alkalmas infrastruktúra stabil, nagy létszámú munkavállalói környezet könnyű megközelíthetőség, parkolási lehetőség Ideális választás bisztró, étterem, kifőzde, menza, street food vagy dolgozói étkeztetés létrehozására.", "oldal_allapot": "hirdetes", "leiras_hossz": 898.0, "fenykepek_szama": null, "lat_portal": 47.500279, "lon_portal": 19.138848, "portal_pozicio_sugar_m": null, "price_eur": null, "nm_ar_eur": null, "kozos_koltseg_eur": null, "rezsikoltseg_eur": null, "kaucio_eur": null, "parkolas": "nan", "parkolohely_ara": null, "parkolohelyek_szama": null, "pince": "nan", "napelem": "nan", "komfort": "nan", "belmagassag_raw": "nan", "akadalymentesitett": "nan", "furdo_wc": "nan", "tajolas": "nan", "kilatas": "nan", "szigeteles": "nan", "tetoter": "nan", "panelprogram": "nan", "gepesitett": "nan", "kisallat": "nan", "dohanyzas": "nan", "atlag_gazfogyasztas": "nan", "atlag_aramfogyasztas": "nan", "tavolsag_metro_halozati_m": null, "menetido_metro_gyalog_perc": null, "metro_5p_seta": 0, "metro_10p_seta": 0, "metro_15p_seta": 0, "tavolsag_villamos_halozati_m": null, "menetido_villamos_gyalog_perc": null, "villamos_5p_seta": 0, "villamos_10p_seta": 0, "villamos_15p_seta": 0, "tavolsag_busz_halozati_m": null, "menetido_busz_gyalog_perc": null, "busz_5p_seta": 0, "busz_10p_seta": 0, "busz_15p_seta": 0, "tavolsag_kotottpalya_halozati_m": null, "menetido_kotottpalya_gyalog_perc": null, "kotottpalya_5p_seta": 0, "kotottpalya_10p_seta": 0, "kotottpalya_15p_seta": 0, "tavolsag_park_halozati_m": null, "menetido_park_gyalog_perc": null, "park_5p_seta": 0, "park_10p_seta": 0, "park_15p_seta": 0, "poi_5p_count": null, "poi_10p_count": null, "poi_15p_count": null, "tavolsag_iskola_halozati_m": null, "iskola_5p_seta": 0, "iskola_10p_seta": 0, "iskola_15p_seta": 0, "tavolsag_ovoda_halozati_m": null, "ovoda_5p_seta": 0, "ovoda_10p_seta": 0, "ovoda_15p_seta": 0, "tavolsag_bolt_halozati_m": null, "bolt_5p_seta": 0, "bolt_10p_seta": 0, "bolt_15p_seta": 0, "tavolsag_gyogyszertar_halozati_m": null, "gyogyszertar_5p_seta": 0, "gyogyszertar_10p_seta": 0, "gyogyszertar_15p_seta": 0, "tavolsag_orvos_halozati_m": null, "orvos_5p_seta": 0, "orvos_10p_seta": 0, "orvos_15p_seta": 0, "legkozelebbi_vasut": "", "legkozelebbi_metro": "", "legkozelebbi_villamos": "", "legkozelebbi_busz": "", "legkozelebbi_park": "", "legkozelebbi_kotottpalya_tipus": "", "varosresz_geokodolt": "Felsőrákos", "geokodolas_szolgaltato": "nominatim/photon", "felhasznalt_hazszam": 10.0, "legkozelebbi_iskola": "", "legkozelebbi_ovoda": "", "legkozelebbi_bolt": "", "legkozelebbi_gyogyszertar": "", "legkozelebbi_orvos": "", "menetido_iskola_gyalog_perc": null, "menetido_ovoda_gyalog_perc": null, "menetido_bolt_gyalog_perc": null, "menetido_gyogyszertar_gyalog_perc": null, "menetido_orvos_gyalog_perc": null }, "geometry": { "type": "Point", "coordinates": [ 19.1382409, 47.5005879 ] } },
{ "type": "Feature", "properties": { "listing_id": "35227428", "listing_type": "kiado", "ingatlan_tipus": "iroda", "cim_teljes": "Budapest X. kerület, Fehér út 10.", "iranyitoszam": "1106", "varos": "Budapest", "utca": "Fehér út", "hazszam": "10", "cim_forras": "strukturalt", "url": "https://ingatlan.com/x-ker/kiado+iroda/irodahelyiseg-irodahazban/35227428", "gyujtes_datuma": "2026-10-08", "price_huf": 989030.0, "ar_millio_ft": 0.98903, "ar_ezer_ft_ho": 989.03, "nm_ar_huf": 4970.0, "log_ar": 13.804479943815167, "log_nm_ar": 8.5111751190906748, "is_ar_outlier": 0, "alapterulet_nm": 199.0, "korrigalt_alapterulet_nm": 199.0, "szobaszam_osszes": null, "szobaszam_kategoria": null, "allapot_kod": 0, "is_felujitando": 0, "is_ujszeru_vagy_uj": 0, "is_panel": 0, "is_tegla": 0, "has_lift": 1, "has_klima": 1, "has_erkely": 0, "is_foldszint": 1, "is_zaroszint": 0, "is_tetoter": 0, "epulet_kora_ev": null, "geokodolt_lat": 47.5005879, "geokodolt_lon": 19.1382409, "geokodolas_modszere": "cim_nominatim", "geokodolas_pontossag": "hazszam", "minta_garantalt_pontos": 1, "tavolsag_vasut_m": 897.4, "vasut_zona": "500-1000 m", "is_vasut_immisszio_150m": 0, "tavolsag_vasut_halozati_m": null, "menetido_vasut_gyalog_perc": null, "vasut_5p_seta": 0, "vasut_10p_seta": 0, "vasut_15p_seta": 0, "is_duplikalt_gyanus": 0, "varosresz": "Felsőrákos", "title": "Ingatlan kép", "allapot": "nan", "ingatlan_altipus": "irodahelyiseg-irodahazban", "epites_eve": null, "epites_eve_kategoria": "Ismeretlen", "epites_eve_szoveg": "nan", "epites_eve_becsult": null, "erkely_nm": null, "szobaszam_egesz": null, "szobaszam_fel": null, "atlagos_szobameret_nm": null, "emelet": "földszint", "emelet_szam": null, "epulet_szintjei_szam": 3.0, "is_magas_emelet_lift_nelkul": 0, "futes": "nan", "futes_kategoria": "egyeb", "has_tavfutes": 0, "has_konvektor": 0, "has_megujulo": 0, "has_garazs_vagy_beallo": 1, "energetikai_tanusitvany": "nincs megadva", "butorozott": "nem", "koltozheto": "nincs megadva", "min_berleti_ido": "24 hónap", "kertkapcsolatos": "nan", "kozos_koltseg_huf": null, "rezsikoltseg_huf": null, "kaucio_huf": null, "hirdeto_tipus": null, "iroda_neve": null, "leiras": "199 négyzetméteres, kiváló elosztású 6 iroda-helyiséggel, saját tekonyhával rendelkező iroda bérelhető a White Office irodaházban! Földszinti iroda, ahol megegyezés szerint egy külső, udvarról nyíló közvetlen bejárat kialakítása is lehetséges. A White Office Irodaház Budapest egyik nagy forgalmú csomópontjánál, az Örs vezér tér mellett található, a kiváló megközelítésű hajdani Finommechanikai Művek ipari parkjában. Az ipari park és az irodaház is nagy méretű parkolóval rendelkezik. A közös parkolót bárki, míg az irodaház parkolóit a bérlők és a bérlők ügyfelei kizárólagosan használhatják. Napjainkban az irodaház környezete felújított-parkosított, madárcsicsergős munkanapokat biztosít a bérlők számára. A bérlői kényelmet tovább fokozza a beléptetőrendszer, Főzelékfaló étterem és kávéterasz is. A White Office elegáns, letisztult modern üzleti környezetet biztosít, saját karbantartó személyzettel, kedvező bérleti díjon. Bérlőink kérésére az irodák még költözés előtt személyre szabhatóak.", "oldal_allapot": "hirdetes", "leiras_hossz": 999.0, "fenykepek_szama": null, "lat_portal": 47.500279, "lon_portal": 19.138848, "portal_pozicio_sugar_m": null, "price_eur": null, "nm_ar_eur": null, "kozos_koltseg_eur": null, "rezsikoltseg_eur": null, "kaucio_eur": null, "parkolas": "udvari beálló - bérelhető", "parkolohely_ara": 16000.0, "parkolohelyek_szama": null, "pince": "nan", "napelem": "nincs megadva", "komfort": "nan", "belmagassag_raw": "nan", "akadalymentesitett": "nan", "furdo_wc": "nan", "tajolas": "nan", "kilatas": "nan", "szigeteles": "nan", "tetoter": "nem tetőtéri", "panelprogram": "nan", "gepesitett": "nan", "kisallat": "nan", "dohanyzas": "nan", "atlag_gazfogyasztas": "nan", "atlag_aramfogyasztas": "nan", "tavolsag_metro_halozati_m": null, "menetido_metro_gyalog_perc": null, "metro_5p_seta": 0, "metro_10p_seta": 0, "metro_15p_seta": 0, "tavolsag_villamos_halozati_m": null, "menetido_villamos_gyalog_perc": null, "villamos_5p_seta": 0, "villamos_10p_seta": 0, "villamos_15p_seta": 0, "tavolsag_busz_halozati_m": null, "menetido_busz_gyalog_perc": null, "busz_5p_seta": 0, "busz_10p_seta": 0, "busz_15p_seta": 0, "tavolsag_kotottpalya_halozati_m": null, "menetido_kotottpalya_gyalog_perc": null, "kotottpalya_5p_seta": 0, "kotottpalya_10p_seta": 0, "kotottpalya_15p_seta": 0, "tavolsag_park_halozati_m": null, "menetido_park_gyalog_perc": null, "park_5p_seta": 0, "park_10p_seta": 0, "park_15p_seta": 0, "poi_5p_count": null, "poi_10p_count": null, "poi_15p_count": null, "tavolsag_iskola_halozati_m": null, "iskola_5p_seta": 0, "iskola_10p_seta": 0, "iskola_15p_seta": 0, "tavolsag_ovoda_halozati_m": null, "ovoda_5p_seta": 0, "ovoda_10p_seta": 0, "ovoda_15p_seta": 0, "tavolsag_bolt_halozati_m": null, "bolt_5p_seta": 0, "bolt_10p_seta": 0, "bolt_15p_seta": 0, "tavolsag_gyogyszertar_halozati_m": null, "gyogyszertar_5p_seta": 0, "gyogyszertar_10p_seta": 0, "gyogyszertar_15p_seta": 0, "tavolsag_orvos_halozati_m": null, "orvos_5p_seta": 0, "orvos_10p_seta": 0, "orvos_15p_seta": 0, "legkozelebbi_vasut": "", "legkozelebbi_metro": "", "legkozelebbi_villamos": "", "legkozelebbi_busz": "", "legkozelebbi_park": "", "legkozelebbi_kotottpalya_tipus": "", "varosresz_geokodolt": "Felsőrákos", "geokodolas_szolgaltato": "nominatim/photon", "felhasznalt_hazszam": 10.0, "legkozelebbi_iskola": "", "legkozelebbi_ovoda": "", "legkozelebbi_bolt": "", "legkozelebbi_gyogyszertar": "", "legkozelebbi_orvos": "", "menetido_iskola_gyalog_perc": null, "menetido_ovoda_gyalog_perc": null, "menetido_bolt_gyalog_perc": null, "menetido_gyogyszertar_gyalog_perc": null, "menetido_orvos_gyalog_perc": null }, "geometry": { "type": "Point", "coordinates": [ 19.1382409, 47.5005879 ] } },
{ "type": "Feature", "properties": { "listing_id": "35229910", "listing_type": "kiado", "ingatlan_tipus": "ipari", "cim_teljes": "Budapest X. kerület, Fehér út 10.", "iranyitoszam": "1106", "varos": "Budapest", "utca": "Fehér út", "hazszam": "10", "cim_forras": "strukturalt", "url": "https://ingatlan.com/x-ker/kiado+ipari/egyeb-ipari-ingatlan/35229910", "gyujtes_datuma": "2026-10-08", "price_huf": 3290000.0, "ar_millio_ft": 3.29, "ar_ezer_ft_ho": 3290.0, "nm_ar_huf": 3290.0, "log_ar": 15.006398122741555, "log_nm_ar": 8.0986428437594178, "is_ar_outlier": 0, "alapterulet_nm": 1000.0, "korrigalt_alapterulet_nm": 1000.0, "szobaszam_osszes": null, "szobaszam_kategoria": null, "allapot_kod": 0, "is_felujitando": 0, "is_ujszeru_vagy_uj": 0, "is_panel": 0, "is_tegla": 0, "has_lift": 1, "has_klima": 1, "has_erkely": 0, "is_foldszint": 0, "is_zaroszint": 0, "is_tetoter": 0, "epulet_kora_ev": null, "geokodolt_lat": 47.5005879, "geokodolt_lon": 19.1382409, "geokodolas_modszere": "cim_nominatim", "geokodolas_pontossag": "hazszam", "minta_garantalt_pontos": 1, "tavolsag_vasut_m": 897.4, "vasut_zona": "500-1000 m", "is_vasut_immisszio_150m": 0, "tavolsag_vasut_halozati_m": null, "menetido_vasut_gyalog_perc": null, "vasut_5p_seta": 0, "vasut_10p_seta": 0, "vasut_15p_seta": 0, "is_duplikalt_gyanus": 0, "varosresz": "Felsőrákos", "title": "Ingatlan kép", "allapot": "nan", "ingatlan_altipus": "egyeb-ipari-ingatlan", "epites_eve": null, "epites_eve_kategoria": "Ismeretlen", "epites_eve_szoveg": "nan", "epites_eve_becsult": null, "erkely_nm": null, "szobaszam_egesz": null, "szobaszam_fel": null, "atlagos_szobameret_nm": null, "emelet": "nan", "emelet_szam": null, "epulet_szintjei_szam": null, "is_magas_emelet_lift_nelkul": 0, "futes": "nan", "futes_kategoria": "egyeb", "has_tavfutes": 0, "has_konvektor": 0, "has_megujulo": 0, "has_garazs_vagy_beallo": 0, "energetikai_tanusitvany": "nincs megadva", "butorozott": "nan", "koltozheto": "nincs megadva", "min_berleti_ido": "nincs megadva", "kertkapcsolatos": "nan", "kozos_koltseg_huf": null, "rezsikoltseg_huf": null, "kaucio_huf": null, "hirdeto_tipus": null, "iroda_neve": null, "leiras": "Kiadó 1000 m2-es ipari ingatlan Frekventàlt, jól megközelíthető helyen. Budapest, X. kerületében, az Örs Vezér Terétől néhány percre, a Finommechanikai Vállalat/ FMV területén. Kiválóan megközelíthető tömegközlekedéssel (HÉV, buszok, villamos, metró) valamint autóval is. Az ingatlan nyugodt, biztonságos zöldövezeti részen fekszik. Sorompós belèptetés és biztonsági szolgálat biztosítja a zavartalan működést. Néhány perces sétára Főzelékfaloda Étterem és Kávézóterasz található. Az ingatlan további jellemzői: - több különàlló helyiség (iroda, raktàr, kiszolgàló tér, öltoző, étkező) - tágas, vilàgos csarnokrész - kialakított irodarész megbeszèlés szerint bútorozottan - magas belmagassàg - légkondícionált helyisègek - sajàt villanyóra - fix közös költsèg - gàzfűtés - teherlift - ipari àram - 1,5 tonna/nm terhelhetőségű padlózat - a belső terek igény szerint átalakíthatók Ideális választás lehet: •raktározásra •műhelynek •könnyűipari tevékenységre •szerviznek •logisztikai célra Az ipari park közvetlen szomszédságában a Kincsem Lakópark épül. Bérleti díj: 10 euró+áfa/ nm /hó Üzemeltetési díj: 1,5 euró+áfa/ nm havonta További információért és megtekintésért keressen bizalommal!", "oldal_allapot": "hirdetes", "leiras_hossz": 1188.0, "fenykepek_szama": null, "lat_portal": 47.500279, "lon_portal": 19.138848, "portal_pozicio_sugar_m": null, "price_eur": null, "nm_ar_eur": null, "kozos_koltseg_eur": null, "rezsikoltseg_eur": null, "kaucio_eur": null, "parkolas": "nan", "parkolohely_ara": null, "parkolohelyek_szama": null, "pince": "nan", "napelem": "nan", "komfort": "nan", "belmagassag_raw": "nan", "akadalymentesitett": "nan", "furdo_wc": "nan", "tajolas": "nan", "kilatas": "nan", "szigeteles": "nan", "tetoter": "nan", "panelprogram": "nan", "gepesitett": "nan", "kisallat": "nan", "dohanyzas": "nan", "atlag_gazfogyasztas": "nan", "atlag_aramfogyasztas": "nan", "tavolsag_metro_halozati_m": null, "menetido_metro_gyalog_perc": null, "metro_5p_seta": 0, "metro_10p_seta": 0, "metro_15p_seta": 0, "tavolsag_villamos_halozati_m": null, "menetido_villamos_gyalog_perc": null, "villamos_5p_seta": 0, "villamos_10p_seta": 0, "villamos_15p_seta": 0, "tavolsag_busz_halozati_m": null, "menetido_busz_gyalog_perc": null, "busz_5p_seta": 0, "busz_10p_seta": 0, "busz_15p_seta": 0, "tavolsag_kotottpalya_halozati_m": null, "menetido_kotottpalya_gyalog_perc": null, "kotottpalya_5p_seta": 0, "kotottpalya_10p_seta": 0, "kotottpalya_15p_seta": 0, "tavolsag_park_halozati_m": null, "menetido_park_gyalog_perc": null, "park_5p_seta": 0, "park_10p_seta": 0, "park_15p_seta": 0, "poi_5p_count": null, "poi_10p_count": null, "poi_15p_count": null, "tavolsag_iskola_halozati_m": null, "iskola_5p_seta": 0, "iskola_10p_seta": 0, "iskola_15p_seta": 0, "tavolsag_ovoda_halozati_m": null, "ovoda_5p_seta": 0, "ovoda_10p_seta": 0, "ovoda_15p_seta": 0, "tavolsag_bolt_halozati_m": null, "bolt_5p_seta": 0, "bolt_10p_seta": 0, "bolt_15p_seta": 0, "tavolsag_gyogyszertar_halozati_m": null, "gyogyszertar_5p_seta": 0, "gyogyszertar_10p_seta": 0, "gyogyszertar_15p_seta": 0, "tavolsag_orvos_halozati_m": null, "orvos_5p_seta": 0, "orvos_10p_seta": 0, "orvos_15p_seta": 0, "legkozelebbi_vasut": "", "legkozelebbi_metro": "", "legkozelebbi_villamos": "", "legkozelebbi_busz": "", "legkozelebbi_park": "", "legkozelebbi_kotottpalya_tipus": "", "varosresz_geokodolt": "Felsőrákos", "geokodolas_szolgaltato": "nominatim/photon", "felhasznalt_hazszam": 10.0, "legkozelebbi_iskola": "", "legkozelebbi_ovoda": "", "legkozelebbi_bolt": "", "legkozelebbi_gyogyszertar": "", "legkozelebbi_orvos": "", "menetido_iskola_gyalog_perc": null, "menetido_ovoda_gyalog_perc": null, "menetido_bolt_gyalog_perc": null, "menetido_gyogyszertar_gyalog_perc": null, "menetido_orvos_gyalog_perc": null }, "geometry": { "type": "Point", "coordinates": [ 19.1382409, 47.5005879 ] } },
{ "type": "Feature", "properties": { "listing_id": "35231257", "listing_type": "kiado", "ingatlan_tipus": "uzlethelyiseg", "cim_teljes": "Budapest X. kerület, Pongrácz út 15.", "iranyitoszam": "1101", "varos": "Budapest", "utca": "Pongrácz út", "hazszam": "15", "cim_forras": "strukturalt", "url": "https://ingatlan.com/x-ker/kiado+uzlethelyiseg/egyeb-uzlethelyiseg/35231257", "gyujtes_datuma": "2026-10-08", "price_huf": 667260.0, "ar_millio_ft": 0.66726, "ar_ezer_ft_ho": 667.26, "nm_ar_huf": 2349.5070422535209, "log_ar": 13.410935054040943, "log_nm_ar": 7.7619608158797364, "is_ar_outlier": 0, "alapterulet_nm": 284.0, "korrigalt_alapterulet_nm": 284.0, "szobaszam_osszes": null, "szobaszam_kategoria": null, "allapot_kod": 0, "is_felujitando": 0, "is_ujszeru_vagy_uj": 0, "is_panel": 0, "is_tegla": 0, "has_lift": 1, "has_klima": 0, "has_erkely": 0, "is_foldszint": 0, "is_zaroszint": 0, "is_tetoter": 0, "epulet_kora_ev": null, "geokodolt_lat": 47.4886825, "geokodolt_lon": 19.1223814, "geokodolas_modszere": "cim_nominatim", "geokodolas_pontossag": "hazszam", "minta_garantalt_pontos": 1, "tavolsag_vasut_m": 6.6, "vasut_zona": "<150 m", "is_vasut_immisszio_150m": 1, "tavolsag_vasut_halozati_m": 749.4, "menetido_vasut_gyalog_perc": 10.0, "vasut_5p_seta": 0, "vasut_10p_seta": 1, "vasut_15p_seta": 1, "is_duplikalt_gyanus": 0, "varosresz": "Laposdűlő", "title": "Nincs kép", "allapot": "nincs megadva", "ingatlan_altipus": "egyeb-uzlethelyiseg", "epites_eve": null, "epites_eve_kategoria": "Ismeretlen", "epites_eve_szoveg": "nincs megadva", "epites_eve_becsult": null, "erkely_nm": null, "szobaszam_egesz": null, "szobaszam_fel": null, "atlagos_szobameret_nm": null, "emelet": "nincs megadva", "emelet_szam": null, "epulet_szintjei_szam": null, "is_magas_emelet_lift_nelkul": 0, "futes": "nan", "futes_kategoria": "egyeb", "has_tavfutes": 0, "has_konvektor": 0, "has_megujulo": 0, "has_garazs_vagy_beallo": 0, "energetikai_tanusitvany": "nincs megadva", "butorozott": "nan", "koltozheto": "nincs megadva", "min_berleti_ido": "nincs megadva", "kertkapcsolatos": "nan", "kozos_koltseg_huf": null, "rezsikoltseg_huf": null, "kaucio_huf": null, "hirdeto_tipus": null, "iroda_neve": null, "leiras": "KIADÓ 284 m2-es iroda / bemutatóterem a X. kerületben – Kiváló logisztika, 0-24 portaszolgálat Budapest X. kerületében, a Pongrác úton, kitűnő közlekedésű telephelyen kiadó egy igényesen karbantartott, többfunkciós üzleti ingatlan. Ideális választás irodának, bemutatóteremnek vagy kereskedelmi tevékenységre. Főbb jellemzők: •Alapterület: 284 m2 (belmagasság: 2,30 m). •Állapot: azonnal használatba vehető. •Felszereltség: Klíma, fűtés, riasztórendszer. •Elrendezés: 3 külön bejárat (igény szerint leválasztható), saját konyha, mosdó, valamint női és férfi mellékhelyiségek. Logisztika és biztonság: •Környezet: Zárt telephely aszfaltozott udvarral, 0-24 órás portaszolgálattal. •Parkolás: A bérleményhez 1 db ingyenes parkolóhely tartozik; további parkolás és áruszállítás az udvaron biztosított. •Megközelítés: Kiváló autós és tömegközlekedési kapcsolatok, városközpont közeli elhelyezkedés. Pénzügyi feltételek: •Bérleti díj: 1850 Ft / m2 / hó + Áfa + rezsi azaz 667 260 •Üzemeltetési költség: A bérleti díj már tartalmazza! •Rezsi: Gáz és villany egyedi mérőóra alapján; ezen felül víz- és szemétdíj fizetendő. •Kaució: 2 havi bérleti díj. •Költözhető: 2026. május 01-től. Érdeklődés: Kérésre további képeket privát üzenetben/e-mailben küldünk!", "oldal_allapot": "hirdetes", "leiras_hossz": 1249.0, "fenykepek_szama": null, "lat_portal": 47.488863, "lon_portal": 19.122217, "portal_pozicio_sugar_m": null, "price_eur": null, "nm_ar_eur": null, "kozos_koltseg_eur": null, "rezsikoltseg_eur": null, "kaucio_eur": null, "parkolas": "nan", "parkolohely_ara": null, "parkolohelyek_szama": null, "pince": "nan", "napelem": "nan", "komfort": "nan", "belmagassag_raw": "nan", "akadalymentesitett": "nan", "furdo_wc": "nan", "tajolas": "nan", "kilatas": "nan", "szigeteles": "nan", "tetoter": "nan", "panelprogram": "nan", "gepesitett": "nan", "kisallat": "nan", "dohanyzas": "nan", "atlag_gazfogyasztas": "nan", "atlag_aramfogyasztas": "nan", "tavolsag_metro_halozati_m": null, "menetido_metro_gyalog_perc": null, "metro_5p_seta": 0, "metro_10p_seta": 0, "metro_15p_seta": 0, "tavolsag_villamos_halozati_m": 322.4, "menetido_villamos_gyalog_perc": 4.3, "villamos_5p_seta": 1, "villamos_10p_seta": 1, "villamos_15p_seta": 1, "tavolsag_busz_halozati_m": 249.5, "menetido_busz_gyalog_perc": 3.3, "busz_5p_seta": 1, "busz_10p_seta": 1, "busz_15p_seta": 1, "tavolsag_kotottpalya_halozati_m": 322.4, "menetido_kotottpalya_gyalog_perc": 4.3, "kotottpalya_5p_seta": 1, "kotottpalya_10p_seta": 1, "kotottpalya_15p_seta": 1, "tavolsag_park_halozati_m": 269.7, "menetido_park_gyalog_perc": 3.6, "park_5p_seta": 1, "park_10p_seta": 1, "park_15p_seta": 1, "poi_5p_count": 11.0, "poi_10p_count": 30.0, "poi_15p_count": 88.0, "tavolsag_iskola_halozati_m": 714.6, "iskola_5p_seta": 0, "iskola_10p_seta": 1, "iskola_15p_seta": 1, "tavolsag_ovoda_halozati_m": 557.6, "ovoda_5p_seta": 0, "ovoda_10p_seta": 1, "ovoda_15p_seta": 1, "tavolsag_bolt_halozati_m": 279.7, "bolt_5p_seta": 1, "bolt_10p_seta": 1, "bolt_15p_seta": 1, "tavolsag_gyogyszertar_halozati_m": 590.3, "gyogyszertar_5p_seta": 0, "gyogyszertar_10p_seta": 1, "gyogyszertar_15p_seta": 1, "tavolsag_orvos_halozati_m": null, "orvos_5p_seta": 0, "orvos_10p_seta": 0, "orvos_15p_seta": 0, "legkozelebbi_vasut": "Kőbánya alsó", "legkozelebbi_metro": "", "legkozelebbi_villamos": "Őrház", "legkozelebbi_busz": "Pongrácz úti lakótelep", "legkozelebbi_park": "", "legkozelebbi_kotottpalya_tipus": "villamos", "varosresz_geokodolt": "Laposdűlő", "geokodolas_szolgaltato": "nominatim/photon", "felhasznalt_hazszam": 15.0, "legkozelebbi_iskola": "Szervátiusz Jenő Általános Iskola", "legkozelebbi_ovoda": "Gyöngyike Bölcsőde, Óvoda", "legkozelebbi_bolt": "Orion Vegyes Diszkont", "legkozelebbi_gyogyszertar": "Elefánt Patika", "legkozelebbi_orvos": "", "menetido_iskola_gyalog_perc": 9.5, "menetido_ovoda_gyalog_perc": 7.4, "menetido_bolt_gyalog_perc": 3.7, "menetido_gyogyszertar_gyalog_perc": 7.9, "menetido_orvos_gyalog_perc": null }, "geometry": { "type": "Point", "coordinates": [ 19.1223814, 47.4886825 ] } },
{ "type": "Feature", "properties": { "listing_id": "35231291", "listing_type": "kiado", "ingatlan_tipus": "iroda", "cim_teljes": "Budapest X. kerület, Pongrácz út 15.", "iranyitoszam": "1101", "varos": "Budapest", "utca": "Pongrácz út", "hazszam": "15", "cim_forras": "strukturalt", "url": "https://ingatlan.com/x-ker/kiado+iroda/egyeb-iroda/35231291", "gyujtes_datuma": "2026-10-08", "price_huf": 667258.0, "ar_millio_ft": 0.667258, "ar_ezer_ft_ho": 667.258, "nm_ar_huf": 2349.5, "log_ar": 13.410932056704077, "log_nm_ar": 7.7619578185428706, "is_ar_outlier": 0, "alapterulet_nm": 284.0, "korrigalt_alapterulet_nm": 284.0, "szobaszam_osszes": null, "szobaszam_kategoria": null, "allapot_kod": 0, "is_felujitando": 0, "is_ujszeru_vagy_uj": 0, "is_panel": 0, "is_tegla": 0, "has_lift": 1, "has_klima": 0, "has_erkely": 0, "is_foldszint": 0, "is_zaroszint": 0, "is_tetoter": 0, "epulet_kora_ev": null, "geokodolt_lat": 47.4886825, "geokodolt_lon": 19.1223814, "geokodolas_modszere": "cim_nominatim", "geokodolas_pontossag": "hazszam", "minta_garantalt_pontos": 1, "tavolsag_vasut_m": 6.6, "vasut_zona": "<150 m", "is_vasut_immisszio_150m": 1, "tavolsag_vasut_halozati_m": 749.4, "menetido_vasut_gyalog_perc": 10.0, "vasut_5p_seta": 0, "vasut_10p_seta": 1, "vasut_15p_seta": 1, "is_duplikalt_gyanus": 1, "varosresz": "Laposdűlő", "title": "Nincs kép", "allapot": "nincs megadva", "ingatlan_altipus": "egyeb-iroda", "epites_eve": null, "epites_eve_kategoria": "Ismeretlen", "epites_eve_szoveg": "nincs megadva", "epites_eve_becsult": null, "erkely_nm": null, "szobaszam_egesz": null, "szobaszam_fel": null, "atlagos_szobameret_nm": null, "emelet": "nincs megadva", "emelet_szam": null, "epulet_szintjei_szam": null, "is_magas_emelet_lift_nelkul": 0, "futes": "nan", "futes_kategoria": "egyeb", "has_tavfutes": 0, "has_konvektor": 0, "has_megujulo": 0, "has_garazs_vagy_beallo": 0, "energetikai_tanusitvany": "nincs megadva", "butorozott": "nincs megadva", "koltozheto": "nincs megadva", "min_berleti_ido": "nincs megadva", "kertkapcsolatos": "nan", "kozos_koltseg_huf": null, "rezsikoltseg_huf": null, "kaucio_huf": null, "hirdeto_tipus": null, "iroda_neve": null, "leiras": "KIADÓ 284 m2-es iroda / bemutatóterem a X. kerületben – Kiváló logisztika, 0-24 portaszolgálat Budapest X. kerületében, a Pongrác úton, kitűnő közlekedésű telephelyen kiadó egy igényesen karbantartott, többfunkciós üzleti ingatlan. Ideális választás irodának, bemutatóteremnek vagy kereskedelmi tevékenységre. Főbb jellemzők: •Alapterület: 284 m2 (belmagasság: 2,30 m). •Állapot: azonnal használatba vehető. •Felszereltség: Klíma, fűtés, riasztórendszer. •Elrendezés: 3 külön bejárat (igény szerint leválasztható), saját konyha, mosdó, valamint női és férfi mellékhelyiségek. Logisztika és biztonság: •Környezet: Zárt telephely aszfaltozott udvarral, 0-24 órás portaszolgálattal. •Parkolás: A bérleményhez 1 db ingyenes parkolóhely tartozik; további parkolás és áruszállítás az udvaron biztosított. •Megközelítés: Kiváló autós és tömegközlekedési kapcsolatok, városközpont közeli elhelyezkedés. Pénzügyi feltételek: •Bérleti díj: 1850 Ft / m2 / hó + Áfa + rezsi azaz 667 258 Ft •Üzemeltetési költség: A bérleti díj már tartalmazza! •Rezsi: Gáz és villany egyedi mérőóra alapján; ezen felül víz- és szemétdíj fizetendő. •Kaució: 2 havi bérleti díj. •Költözhető: 2026. május 01-től. Érdeklődés: Kérésre további képeket privát üzenetben/e-mailben küldünk!", "oldal_allapot": "hirdetes", "leiras_hossz": 1252.0, "fenykepek_szama": null, "lat_portal": 47.488863, "lon_portal": 19.122217, "portal_pozicio_sugar_m": null, "price_eur": null, "nm_ar_eur": null, "kozos_koltseg_eur": null, "rezsikoltseg_eur": null, "kaucio_eur": null, "parkolas": "nincs megadva", "parkolohely_ara": null, "parkolohelyek_szama": null, "pince": "nan", "napelem": "nan", "komfort": "nan", "belmagassag_raw": "nan", "akadalymentesitett": "nincs megadva", "furdo_wc": "nan", "tajolas": "nan", "kilatas": "nan", "szigeteles": "nan", "tetoter": "nincs megadva", "panelprogram": "nan", "gepesitett": "nan", "kisallat": "nan", "dohanyzas": "nan", "atlag_gazfogyasztas": "nan", "atlag_aramfogyasztas": "nan", "tavolsag_metro_halozati_m": null, "menetido_metro_gyalog_perc": null, "metro_5p_seta": 0, "metro_10p_seta": 0, "metro_15p_seta": 0, "tavolsag_villamos_halozati_m": 322.4, "menetido_villamos_gyalog_perc": 4.3, "villamos_5p_seta": 1, "villamos_10p_seta": 1, "villamos_15p_seta": 1, "tavolsag_busz_halozati_m": 249.5, "menetido_busz_gyalog_perc": 3.3, "busz_5p_seta": 1, "busz_10p_seta": 1, "busz_15p_seta": 1, "tavolsag_kotottpalya_halozati_m": 322.4, "menetido_kotottpalya_gyalog_perc": 4.3, "kotottpalya_5p_seta": 1, "kotottpalya_10p_seta": 1, "kotottpalya_15p_seta": 1, "tavolsag_park_halozati_m": 269.7, "menetido_park_gyalog_perc": 3.6, "park_5p_seta": 1, "park_10p_seta": 1, "park_15p_seta": 1, "poi_5p_count": 11.0, "poi_10p_count": 30.0, "poi_15p_count": 88.0, "tavolsag_iskola_halozati_m": 714.6, "iskola_5p_seta": 0, "iskola_10p_seta": 1, "iskola_15p_seta": 1, "tavolsag_ovoda_halozati_m": 557.6, "ovoda_5p_seta": 0, "ovoda_10p_seta": 1, "ovoda_15p_seta": 1, "tavolsag_bolt_halozati_m": 279.7, "bolt_5p_seta": 1, "bolt_10p_seta": 1, "bolt_15p_seta": 1, "tavolsag_gyogyszertar_halozati_m": 590.3, "gyogyszertar_5p_seta": 0, "gyogyszertar_10p_seta": 1, "gyogyszertar_15p_seta": 1, "tavolsag_orvos_halozati_m": null, "orvos_5p_seta": 0, "orvos_10p_seta": 0, "orvos_15p_seta": 0, "legkozelebbi_vasut": "Kőbánya alsó", "legkozelebbi_metro": "", "legkozelebbi_villamos": "Őrház", "legkozelebbi_busz": "Pongrácz úti lakótelep", "legkozelebbi_park": "", "legkozelebbi_kotottpalya_tipus": "villamos", "varosresz_geokodolt": "Laposdűlő", "geokodolas_szolgaltato": "nominatim/photon", "felhasznalt_hazszam": 15.0, "legkozelebbi_iskola": "Szervátiusz Jenő Általános Iskola", "legkozelebbi_ovoda": "Gyöngyike Bölcsőde, Óvoda", "legkozelebbi_bolt": "Orion Vegyes Diszkont", "legkozelebbi_gyogyszertar": "Elefánt Patika", "legkozelebbi_orvos": "", "menetido_iskola_gyalog_perc": 9.5, "menetido_ovoda_gyalog_perc": 7.4, "menetido_bolt_gyalog_perc": 3.7, "menetido_gyogyszertar_gyalog_perc": 7.9, "menetido_orvos_gyalog_perc": null }, "geometry": { "type": "Point", "coordinates": [ 19.1223814, 47.4886825 ] } },
{ "type": "Feature", "properties": { "listing_id": "35258267", "listing_type": "kiado", "ingatlan_tipus": "raktar", "cim_teljes": "Budapest X. kerület, Maglódi út 25.", "iranyitoszam": "1106", "varos": "Budapest", "utca": "Maglódi út", "hazszam": "25", "cim_forras": "strukturalt", "url": "https://ingatlan.com/x-ker/kiado+raktar/raktarhelyiseg/35258267", "gyujtes_datuma": "2026-10-08", "price_huf": 455000.0, "ar_millio_ft": 0.455, "ar_ezer_ft_ho": 455.0, "nm_ar_huf": 1750.0, "log_ar": 13.028052697933088, "log_nm_ar": 7.4673710669175595, "is_ar_outlier": 1, "alapterulet_nm": 260.0, "korrigalt_alapterulet_nm": 260.0, "szobaszam_osszes": null, "szobaszam_kategoria": null, "allapot_kod": 0, "is_felujitando": 0, "is_ujszeru_vagy_uj": 0, "is_panel": 0, "is_tegla": 0, "has_lift": 1, "has_klima": 1, "has_erkely": 0, "is_foldszint": 0, "is_zaroszint": 0, "is_tetoter": 0, "epulet_kora_ev": null, "geokodolt_lat": 47.4852, "geokodolt_lon": 19.1546, "geokodolas_modszere": "cim_nominatim", "geokodolas_pontossag": "hazszam", "minta_garantalt_pontos": 1, "tavolsag_vasut_m": 757.0, "vasut_zona": "500-1000 m", "is_vasut_immisszio_150m": 0, "tavolsag_vasut_halozati_m": null, "menetido_vasut_gyalog_perc": null, "vasut_5p_seta": 0, "vasut_10p_seta": 0, "vasut_15p_seta": 0, "is_duplikalt_gyanus": 0, "varosresz": "Óhegy", "title": "Nincs kép", "allapot": "nan", "ingatlan_altipus": "raktarhelyiseg", "epites_eve": null, "epites_eve_kategoria": "Ismeretlen", "epites_eve_szoveg": "nan", "epites_eve_becsult": null, "erkely_nm": null, "szobaszam_egesz": null, "szobaszam_fel": null, "atlagos_szobameret_nm": null, "emelet": "nincs megadva", "emelet_szam": null, "epulet_szintjei_szam": null, "is_magas_emelet_lift_nelkul": 0, "futes": "nan", "futes_kategoria": "egyeb", "has_tavfutes": 0, "has_konvektor": 0, "has_megujulo": 0, "has_garazs_vagy_beallo": 0, "energetikai_tanusitvany": "nincs megadva", "butorozott": "nan", "koltozheto": "azonnal", "min_berleti_ido": "12 hónap", "kertkapcsolatos": "nan", "kozos_koltseg_huf": null, "rezsikoltseg_huf": null, "kaucio_huf": null, "hirdeto_tipus": null, "iroda_neve": null, "leiras": "260 nm-es különálló földszinti , targoncázható raktár vizesblokkal és kis irodával kiadó Tehergépkocsival, kamionnal jól megközelíthető. 0-24 h portaszolgálat, járőrtevékenységgel Bérleti díj: 1750- Ft + Áfa / m2 / hó Közös költség: 495- Ft + Áfa / m2 / hó 2 havi kaució fizetése szükséges Azzonnal kivehető.", "oldal_allapot": "hirdetes", "leiras_hossz": 308.0, "fenykepek_szama": null, "lat_portal": 47.485282, "lon_portal": 19.154119, "portal_pozicio_sugar_m": null, "price_eur": null, "nm_ar_eur": null, "kozos_koltseg_eur": null, "rezsikoltseg_eur": null, "kaucio_eur": null, "parkolas": "nan", "parkolohely_ara": null, "parkolohelyek_szama": null, "pince": "nan", "napelem": "nan", "komfort": "nan", "belmagassag_raw": "nan", "akadalymentesitett": "nan", "furdo_wc": "nan", "tajolas": "nan", "kilatas": "nan", "szigeteles": "nan", "tetoter": "nan", "panelprogram": "nan", "gepesitett": "nan", "kisallat": "nan", "dohanyzas": "nan", "atlag_gazfogyasztas": "nan", "atlag_aramfogyasztas": "nan", "tavolsag_metro_halozati_m": null, "menetido_metro_gyalog_perc": null, "metro_5p_seta": 0, "metro_10p_seta": 0, "metro_15p_seta": 0, "tavolsag_villamos_halozati_m": 1503.3, "menetido_villamos_gyalog_perc": 20.0, "villamos_5p_seta": 0, "villamos_10p_seta": 0, "villamos_15p_seta": 0, "tavolsag_busz_halozati_m": 577.1, "menetido_busz_gyalog_perc": 7.7, "busz_5p_seta": 0, "busz_10p_seta": 1, "busz_15p_seta": 1, "tavolsag_kotottpalya_halozati_m": 1503.3, "menetido_kotottpalya_gyalog_perc": 20.0, "kotottpalya_5p_seta": 0, "kotottpalya_10p_seta": 0, "kotottpalya_15p_seta": 0, "tavolsag_park_halozati_m": 1029.7, "menetido_park_gyalog_perc": 13.7, "park_5p_seta": 0, "park_10p_seta": 0, "park_15p_seta": 1, "poi_5p_count": 0.0, "poi_10p_count": 1.0, "poi_15p_count": 7.0, "tavolsag_iskola_halozati_m": 1659.4, "iskola_5p_seta": 0, "iskola_10p_seta": 0, "iskola_15p_seta": 0, "tavolsag_ovoda_halozati_m": 1837.7, "ovoda_5p_seta": 0, "ovoda_10p_seta": 0, "ovoda_15p_seta": 0, "tavolsag_bolt_halozati_m": 1082.0, "bolt_5p_seta": 0, "bolt_10p_seta": 0, "bolt_15p_seta": 1, "tavolsag_gyogyszertar_halozati_m": 1777.8, "gyogyszertar_5p_seta": 0, "gyogyszertar_10p_seta": 0, "gyogyszertar_15p_seta": 0, "tavolsag_orvos_halozati_m": null, "orvos_5p_seta": 0, "orvos_10p_seta": 0, "orvos_15p_seta": 0, "legkozelebbi_vasut": "", "legkozelebbi_metro": "", "legkozelebbi_villamos": "Jászberényi út / Maglódi út", "legkozelebbi_busz": "Mádi köz", "legkozelebbi_park": "", "legkozelebbi_kotottpalya_tipus": "villamos", "varosresz_geokodolt": "Óhegy", "geokodolas_szolgaltato": "nominatim/photon", "felhasznalt_hazszam": 25.0, "legkozelebbi_iskola": "Janikovszky Éva Általános Iskola", "legkozelebbi_ovoda": "Apró csodák Bölcsőde", "legkozelebbi_bolt": "", "legkozelebbi_gyogyszertar": "Harmat Patika", "legkozelebbi_orvos": "", "menetido_iskola_gyalog_perc": 22.1, "menetido_ovoda_gyalog_perc": 24.5, "menetido_bolt_gyalog_perc": 14.4, "menetido_gyogyszertar_gyalog_perc": 23.7, "menetido_orvos_gyalog_perc": null }, "geometry": { "type": "Point", "coordinates": [ 19.1546, 47.4852 ] } },
{ "type": "Feature", "properties": { "listing_id": "35263942", "listing_type": "kiado", "ingatlan_tipus": "garazs", "cim_teljes": "Budapest X. kerület, Zágrábi utca 8.", "iranyitoszam": "1107", "varos": "Budapest", "utca": "Zágrábi utca", "hazszam": "8", "cim_forras": "strukturalt", "url": "https://ingatlan.com/x-ker/kiado+garazs/teremgarazs-hely/35263942", "gyujtes_datuma": "2026-10-08", "price_huf": 30000.0, "ar_millio_ft": 0.03, "ar_ezer_ft_ho": 30.0, "nm_ar_huf": 2500.0, "log_ar": 10.308952660644293, "log_nm_ar": 7.8240460108562919, "is_ar_outlier": 0, "alapterulet_nm": 12.0, "korrigalt_alapterulet_nm": 12.0, "szobaszam_osszes": null, "szobaszam_kategoria": null, "allapot_kod": 6, "is_felujitando": 0, "is_ujszeru_vagy_uj": 1, "is_panel": 0, "is_tegla": 0, "has_lift": 1, "has_klima": 1, "has_erkely": 0, "is_foldszint": 0, "is_zaroszint": 0, "is_tetoter": 0, "epulet_kora_ev": null, "geokodolt_lat": 47.4711207, "geokodolt_lon": 19.1185735, "geokodolas_modszere": "cim_nominatim", "geokodolas_pontossag": "hazszam", "minta_garantalt_pontos": 1, "tavolsag_vasut_m": 584.9, "vasut_zona": "500-1000 m", "is_vasut_immisszio_150m": 0, "tavolsag_vasut_halozati_m": 563.0, "menetido_vasut_gyalog_perc": 7.5, "vasut_5p_seta": 0, "vasut_10p_seta": 1, "vasut_15p_seta": 1, "is_duplikalt_gyanus": 0, "varosresz": "Gyárdűlő", "title": "Nincs kép", "allapot": "új építésű", "ingatlan_altipus": "teremgarazs-hely", "epites_eve": null, "epites_eve_kategoria": "Ismeretlen", "epites_eve_szoveg": "nincs megadva", "epites_eve_becsult": null, "erkely_nm": null, "szobaszam_egesz": null, "szobaszam_fel": null, "atlagos_szobameret_nm": null, "emelet": "nan", "emelet_szam": null, "epulet_szintjei_szam": null, "is_magas_emelet_lift_nelkul": 0, "futes": "nan", "futes_kategoria": "egyeb", "has_tavfutes": 0, "has_konvektor": 0, "has_megujulo": 0, "has_garazs_vagy_beallo": 0, "energetikai_tanusitvany": "nan", "butorozott": "nan", "koltozheto": "azonnal", "min_berleti_ido": "6 hónap", "kertkapcsolatos": "nan", "kozos_koltseg_huf": null, "rezsikoltseg_huf": null, "kaucio_huf": null, "hirdeto_tipus": null, "iroda_neve": null, "leiras": "Zágrábi utca alatt lévő új építésű társasház alatti zárt mélygarázsban parkolóhely hosszútávra kiadó. :-) 35.000,- Ft / hó + rezsi (jelenleg 5.200,-)", "oldal_allapot": "hirdetes", "leiras_hossz": 149.0, "fenykepek_szama": null, "lat_portal": 47.470303, "lon_portal": 19.117403, "portal_pozicio_sugar_m": null, "price_eur": null, "nm_ar_eur": null, "kozos_koltseg_eur": null, "rezsikoltseg_eur": null, "kaucio_eur": null, "parkolas": "nan", "parkolohely_ara": null, "parkolohelyek_szama": 1.0, "pince": "nan", "napelem": "nan", "komfort": "nan", "belmagassag_raw": "nan", "akadalymentesitett": "nan", "furdo_wc": "nan", "tajolas": "nan", "kilatas": "nan", "szigeteles": "nan", "tetoter": "nan", "panelprogram": "nan", "gepesitett": "nan", "kisallat": "nan", "dohanyzas": "nan", "atlag_gazfogyasztas": "nan", "atlag_aramfogyasztas": "nan", "tavolsag_metro_halozati_m": 370.5, "menetido_metro_gyalog_perc": 4.9, "metro_5p_seta": 1, "metro_10p_seta": 1, "metro_15p_seta": 1, "tavolsag_villamos_halozati_m": 672.4, "menetido_villamos_gyalog_perc": 9.0, "villamos_5p_seta": 0, "villamos_10p_seta": 1, "villamos_15p_seta": 1, "tavolsag_busz_halozati_m": 399.5, "menetido_busz_gyalog_perc": 5.3, "busz_5p_seta": 0, "busz_10p_seta": 1, "busz_15p_seta": 1, "tavolsag_kotottpalya_halozati_m": 370.5, "menetido_kotottpalya_gyalog_perc": 4.9, "kotottpalya_5p_seta": 1, "kotottpalya_10p_seta": 1, "kotottpalya_15p_seta": 1, "tavolsag_park_halozati_m": 319.7, "menetido_park_gyalog_perc": 4.3, "park_5p_seta": 1, "park_10p_seta": 1, "park_15p_seta": 1, "poi_5p_count": 5.0, "poi_10p_count": 37.0, "poi_15p_count": 100.0, "tavolsag_iskola_halozati_m": 1116.5, "iskola_5p_seta": 0, "iskola_10p_seta": 0, "iskola_15p_seta": 1, "tavolsag_ovoda_halozati_m": 430.2, "ovoda_5p_seta": 0, "ovoda_10p_seta": 1, "ovoda_15p_seta": 1, "tavolsag_bolt_halozati_m": 301.7, "bolt_5p_seta": 1, "bolt_10p_seta": 1, "bolt_15p_seta": 1, "tavolsag_gyogyszertar_halozati_m": 490.6, "gyogyszertar_5p_seta": 0, "gyogyszertar_10p_seta": 1, "gyogyszertar_15p_seta": 1, "tavolsag_orvos_halozati_m": 756.8, "orvos_5p_seta": 0, "orvos_10p_seta": 0, "orvos_15p_seta": 1, "legkozelebbi_vasut": "Pöttyös utca", "legkozelebbi_metro": "", "legkozelebbi_villamos": "Balkán utca", "legkozelebbi_busz": "Pöttyös utca M", "legkozelebbi_park": "", "legkozelebbi_kotottpalya_tipus": "metro", "varosresz_geokodolt": "Gyárdűlő", "geokodolas_szolgaltato": "nominatim/photon", "felhasznalt_hazszam": 8.0, "legkozelebbi_iskola": "Kosztolányi Dezső Általános Iskola", "legkozelebbi_ovoda": "Kőbányai Gézengúz Óvoda", "legkozelebbi_bolt": "Somfa Büfé", "legkozelebbi_gyogyszertar": "Somfa patika", "legkozelebbi_orvos": "Rendelőintézet", "menetido_iskola_gyalog_perc": 14.9, "menetido_ovoda_gyalog_perc": 5.7, "menetido_bolt_gyalog_perc": 4.0, "menetido_gyogyszertar_gyalog_perc": 6.5, "menetido_orvos_gyalog_perc": 10.1 }, "geometry": { "type": "Point", "coordinates": [ 19.1185735, 47.4711207 ] } },
{ "type": "Feature", "properties": { "listing_id": "35349540", "listing_type": "kiado", "ingatlan_tipus": "uzlethelyiseg", "cim_teljes": "Budapest X. kerület, Ihász utca 23.", "iranyitoszam": "1103", "varos": "Budapest", "utca": "Ihász utca", "hazszam": "23", "cim_forras": "strukturalt", "url": "https://ingatlan.com/x-ker/kiado+uzlethelyiseg/utcai-bejaratos-uzlethelyiseg/35349540", "gyujtes_datuma": "2026-10-08", "price_huf": 730000.0, "ar_millio_ft": 0.73, "ar_ezer_ft_ho": 730.0, "nm_ar_huf": 4055.5555555555557, "log_ar": 13.500799813124575, "log_nm_ar": 8.3078429622343641, "is_ar_outlier": 0, "alapterulet_nm": 180.0, "korrigalt_alapterulet_nm": 180.0, "szobaszam_osszes": null, "szobaszam_kategoria": null, "allapot_kod": 0, "is_felujitando": 0, "is_ujszeru_vagy_uj": 0, "is_panel": 0, "is_tegla": 0, "has_lift": 1, "has_klima": 0, "has_erkely": 0, "is_foldszint": 0, "is_zaroszint": 0, "is_tetoter": 0, "epulet_kora_ev": null, "geokodolt_lat": 47.4806042, "geokodolt_lon": 19.1368358, "geokodolas_modszere": "cim_nominatim", "geokodolas_pontossag": "hazszam", "minta_garantalt_pontos": 1, "tavolsag_vasut_m": 515.7, "vasut_zona": "500-1000 m", "is_vasut_immisszio_150m": 0, "tavolsag_vasut_halozati_m": 993.6, "menetido_vasut_gyalog_perc": 13.2, "vasut_5p_seta": 0, "vasut_10p_seta": 0, "vasut_15p_seta": 1, "is_duplikalt_gyanus": 0, "varosresz": "Óhegy", "title": "Nincs kép", "allapot": "nincs megadva", "ingatlan_altipus": "utcai-bejaratos-uzlethelyiseg", "epites_eve": null, "epites_eve_kategoria": "Ismeretlen", "epites_eve_szoveg": "nincs megadva", "epites_eve_becsult": null, "erkely_nm": null, "szobaszam_egesz": null, "szobaszam_fel": null, "atlagos_szobameret_nm": null, "emelet": "nincs megadva", "emelet_szam": null, "epulet_szintjei_szam": null, "is_magas_emelet_lift_nelkul": 0, "futes": "nan", "futes_kategoria": "egyeb", "has_tavfutes": 0, "has_konvektor": 0, "has_megujulo": 0, "has_garazs_vagy_beallo": 0, "energetikai_tanusitvany": "nincs megadva", "butorozott": "nan", "koltozheto": "nincs megadva", "min_berleti_ido": "nincs megadva", "kertkapcsolatos": "nan", "kozos_koltseg_huf": null, "rezsikoltseg_huf": null, "kaucio_huf": null, "hirdeto_tipus": null, "iroda_neve": null, "leiras": "Kiadó utcai bejáratos üzlethelyiség Budapest X. kerületében, az Ihász utcában. 180 m² üzlettér + kb. 160 m² pincehelyiség tartozik hozzá. Az üzlet előtt parkolási lehetőség van. Az ingatlan jó elhelyezkedésű, forgalmas, könnyen megközelíthető környéken található. A közelben étterem, vietnámi szupermarket, park, iskola, posta, bank, bevásárlási lehetőségek, templom és több tömegközlekedési járat is elérhető. Többféle kereskedelmi vagy egyéb üzleti tevékenységre alkalmas.", "oldal_allapot": "hirdetes", "leiras_hossz": 474.0, "fenykepek_szama": null, "lat_portal": 47.480787, "lon_portal": 19.137001, "portal_pozicio_sugar_m": null, "price_eur": null, "nm_ar_eur": null, "kozos_koltseg_eur": null, "rezsikoltseg_eur": null, "kaucio_eur": null, "parkolas": "nan", "parkolohely_ara": null, "parkolohelyek_szama": null, "pince": "nan", "napelem": "nan", "komfort": "nan", "belmagassag_raw": "nan", "akadalymentesitett": "nan", "furdo_wc": "nan", "tajolas": "nan", "kilatas": "nan", "szigeteles": "nan", "tetoter": "nan", "panelprogram": "nan", "gepesitett": "nan", "kisallat": "nan", "dohanyzas": "nan", "atlag_gazfogyasztas": "nan", "atlag_aramfogyasztas": "nan", "tavolsag_metro_halozati_m": 2112.6, "menetido_metro_gyalog_perc": 28.2, "metro_5p_seta": 0, "metro_10p_seta": 0, "metro_15p_seta": 0, "tavolsag_villamos_halozati_m": 707.0, "menetido_villamos_gyalog_perc": 9.4, "villamos_5p_seta": 0, "villamos_10p_seta": 1, "villamos_15p_seta": 1, "tavolsag_busz_halozati_m": 219.3, "menetido_busz_gyalog_perc": 2.9, "busz_5p_seta": 1, "busz_10p_seta": 1, "busz_15p_seta": 1, "tavolsag_kotottpalya_halozati_m": 707.0, "menetido_kotottpalya_gyalog_perc": 9.4, "kotottpalya_5p_seta": 0, "kotottpalya_10p_seta": 1, "kotottpalya_15p_seta": 1, "tavolsag_park_halozati_m": 142.2, "menetido_park_gyalog_perc": 1.9, "park_5p_seta": 1, "park_10p_seta": 1, "park_15p_seta": 1, "poi_5p_count": 8.0, "poi_10p_count": 35.0, "poi_15p_count": 100.0, "tavolsag_iskola_halozati_m": 389.2, "iskola_5p_seta": 0, "iskola_10p_seta": 1, "iskola_15p_seta": 1, "tavolsag_ovoda_halozati_m": 1354.1, "ovoda_5p_seta": 0, "ovoda_10p_seta": 0, "ovoda_15p_seta": 0, "tavolsag_bolt_halozati_m": 337.0, "bolt_5p_seta": 1, "bolt_10p_seta": 1, "bolt_15p_seta": 1, "tavolsag_gyogyszertar_halozati_m": 659.2, "gyogyszertar_5p_seta": 0, "gyogyszertar_10p_seta": 1, "gyogyszertar_15p_seta": 1, "tavolsag_orvos_halozati_m": null, "orvos_5p_seta": 0, "orvos_10p_seta": 0, "orvos_15p_seta": 0, "legkozelebbi_vasut": "Kőbánya alsó", "legkozelebbi_metro": "Határ út", "legkozelebbi_villamos": "Kápolna utca", "legkozelebbi_busz": "Kápolna tér", "legkozelebbi_park": "", "legkozelebbi_kotottpalya_tipus": "villamos", "varosresz_geokodolt": "Óhegy", "geokodolas_szolgaltato": "nominatim/photon", "felhasznalt_hazszam": 23.0, "legkozelebbi_iskola": "Janikovszky Éva Általános Iskola", "legkozelebbi_ovoda": "Apró csodák Bölcsőde", "legkozelebbi_bolt": "Big Supermarket", "legkozelebbi_gyogyszertar": "Szent Katalin Gyógyszertár", "legkozelebbi_orvos": "", "menetido_iskola_gyalog_perc": 5.2, "menetido_ovoda_gyalog_perc": 18.1, "menetido_bolt_gyalog_perc": 4.5, "menetido_gyogyszertar_gyalog_perc": 8.8, "menetido_orvos_gyalog_perc": null }, "geometry": { "type": "Point", "coordinates": [ 19.1368358, 47.4806042 ] } },
{ "type": "Feature", "properties": { "listing_id": "35354030", "listing_type": "kiado", "ingatlan_tipus": "ipari", "cim_teljes": "Budapest X. kerület, Gyömrői út 76-80.", "iranyitoszam": "1103", "varos": "Budapest", "utca": "Gyömrői út", "hazszam": "76-80", "cim_forras": "strukturalt", "url": "https://ingatlan.com/x-ker/kiado+ipari/telephely/35354030", "gyujtes_datuma": "2026-10-08", "price_huf": 1650000.0, "ar_millio_ft": 1.65, "ar_ezer_ft_ho": 1650.0, "nm_ar_huf": 1918.6046511627908, "log_ar": 14.316285845876763, "log_nm_ar": 7.5593534566292098, "is_ar_outlier": 1, "alapterulet_nm": 860.0, "korrigalt_alapterulet_nm": 860.0, "szobaszam_osszes": null, "szobaszam_kategoria": null, "allapot_kod": 0, "is_felujitando": 0, "is_ujszeru_vagy_uj": 0, "is_panel": 0, "is_tegla": 0, "has_lift": 1, "has_klima": 1, "has_erkely": 0, "is_foldszint": 0, "is_zaroszint": 0, "is_tetoter": 0, "epulet_kora_ev": null, "geokodolt_lat": 47.4680395, "geokodolt_lon": 19.1499129, "geokodolas_modszere": "cim_nominatim", "geokodolas_pontossag": "hazszam", "minta_garantalt_pontos": 1, "tavolsag_vasut_m": 393.6, "vasut_zona": "300-500 m", "is_vasut_immisszio_150m": 0, "tavolsag_vasut_halozati_m": null, "menetido_vasut_gyalog_perc": null, "vasut_5p_seta": 0, "vasut_10p_seta": 0, "vasut_15p_seta": 0, "is_duplikalt_gyanus": 0, "varosresz": "Óhegy", "title": "Nincs kép", "allapot": "nan", "ingatlan_altipus": "telephely", "epites_eve": null, "epites_eve_kategoria": "Ismeretlen", "epites_eve_szoveg": "nan", "epites_eve_becsult": null, "erkely_nm": null, "szobaszam_egesz": null, "szobaszam_fel": null, "atlagos_szobameret_nm": null, "emelet": "nan", "emelet_szam": null, "epulet_szintjei_szam": null, "is_magas_emelet_lift_nelkul": 0, "futes": "nan", "futes_kategoria": "egyeb", "has_tavfutes": 0, "has_konvektor": 0, "has_megujulo": 0, "has_garazs_vagy_beallo": 0, "energetikai_tanusitvany": "A+++", "butorozott": "nan", "koltozheto": "azonnal", "min_berleti_ido": "36 hónap", "kertkapcsolatos": "nan", "kozos_koltseg_huf": null, "rezsikoltseg_huf": null, "kaucio_huf": null, "hirdeto_tipus": null, "iroda_neve": null, "leiras": "Kiadó egy vadonatúj, prémium kategóriás raktár kiváló logisztikai adottságokkal! REZSIMENTES ÜZEMELTETÉS: Nincs vízdíj (saját fúrt kút) és nincs villanyszámla (energiatárolós napelem rendszer biztosítja az áramot). Nincs közös költség! MŰSZAKI ADATOK: 1000 m²-es telek, 860 m²-es épület. Szabályos téglalap alaprajz, oszlopok nélkül, 100%-os kihasználhatóság. Belmagasság: 5-7 méter. PRÉMIUM MINŐSÉG: Tavaly épült, kiváló hőszigetelésű szendvicspanelből (télen meleg, nyáron hűvös). FELSZERELTSÉG: Modern vizesblokk (WC, mosdó), telepített riasztórendszer és automata kapu. KÖRNYEZET: Forgalmas üzleti udvarban, a SzerszámOutlet és Katica Büfé közvetlen szomszédságában. Kamionnal is könnyen megközelíthető, kiváló logisztikai helyszín. Ideális választás webshopoknak, logisztikai központnak vagy gyártási tevékenységre. Bérleti díj: [1650000] FT+ ÁFA / hó", "oldal_allapot": "hirdetes", "leiras_hossz": 856.0, "fenykepek_szama": null, "lat_portal": 47.468183, "lon_portal": 19.149728, "portal_pozicio_sugar_m": null, "price_eur": null, "nm_ar_eur": null, "kozos_koltseg_eur": null, "rezsikoltseg_eur": null, "kaucio_eur": null, "parkolas": "nan", "parkolohely_ara": null, "parkolohelyek_szama": null, "pince": "nan", "napelem": "nan", "komfort": "nan", "belmagassag_raw": "nan", "akadalymentesitett": "nan", "furdo_wc": "nan", "tajolas": "nan", "kilatas": "nan", "szigeteles": "nan", "tetoter": "nan", "panelprogram": "nan", "gepesitett": "nan", "kisallat": "nan", "dohanyzas": "nan", "atlag_gazfogyasztas": "nan", "atlag_aramfogyasztas": "nan", "tavolsag_metro_halozati_m": null, "menetido_metro_gyalog_perc": null, "metro_5p_seta": 0, "metro_10p_seta": 0, "metro_15p_seta": 0, "tavolsag_villamos_halozati_m": null, "menetido_villamos_gyalog_perc": null, "villamos_5p_seta": 0, "villamos_10p_seta": 0, "villamos_15p_seta": 0, "tavolsag_busz_halozati_m": 225.5, "menetido_busz_gyalog_perc": 3.0, "busz_5p_seta": 1, "busz_10p_seta": 1, "busz_15p_seta": 1, "tavolsag_kotottpalya_halozati_m": null, "menetido_kotottpalya_gyalog_perc": null, "kotottpalya_5p_seta": 0, "kotottpalya_10p_seta": 0, "kotottpalya_15p_seta": 0, "tavolsag_park_halozati_m": 847.6, "menetido_park_gyalog_perc": 11.3, "park_5p_seta": 0, "park_10p_seta": 0, "park_15p_seta": 1, "poi_5p_count": 2.0, "poi_10p_count": 8.0, "poi_15p_count": 21.0, "tavolsag_iskola_halozati_m": 2295.7, "iskola_5p_seta": 0, "iskola_10p_seta": 0, "iskola_15p_seta": 0, "tavolsag_ovoda_halozati_m": null, "ovoda_5p_seta": 0, "ovoda_10p_seta": 0, "ovoda_15p_seta": 0, "tavolsag_bolt_halozati_m": 435.0, "bolt_5p_seta": 0, "bolt_10p_seta": 1, "bolt_15p_seta": 1, "tavolsag_gyogyszertar_halozati_m": 1518.7, "gyogyszertar_5p_seta": 0, "gyogyszertar_10p_seta": 0, "gyogyszertar_15p_seta": 0, "tavolsag_orvos_halozati_m": null, "orvos_5p_seta": 0, "orvos_10p_seta": 0, "orvos_15p_seta": 0, "legkozelebbi_vasut": "", "legkozelebbi_metro": "", "legkozelebbi_villamos": "", "legkozelebbi_busz": "Vasgyár utca", "legkozelebbi_park": "", "legkozelebbi_kotottpalya_tipus": "", "varosresz_geokodolt": "Óhegy", "geokodolas_szolgaltato": "nominatim/photon", "felhasznalt_hazszam": 76.0, "legkozelebbi_iskola": "Janikovszky Éva Általános Iskola", "legkozelebbi_ovoda": "", "legkozelebbi_bolt": "Orlen", "legkozelebbi_gyogyszertar": "Szent Katalin Gyógyszertár", "legkozelebbi_orvos": "", "menetido_iskola_gyalog_perc": 30.6, "menetido_ovoda_gyalog_perc": null, "menetido_bolt_gyalog_perc": 5.8, "menetido_gyogyszertar_gyalog_perc": 20.2, "menetido_orvos_gyalog_perc": null }, "geometry": { "type": "Point", "coordinates": [ 19.1499129, 47.4680395 ] } },
{ "type": "Feature", "properties": { "listing_id": "35365780", "listing_type": "kiado", "ingatlan_tipus": "iroda", "cim_teljes": "Budapest X. kerület, Fehér út 10.", "iranyitoszam": "1106", "varos": "Budapest", "utca": "Fehér út", "hazszam": "10", "cim_forras": "strukturalt", "url": "https://ingatlan.com/x-ker/kiado+iroda/irodahelyiseg-irodahazban/35365780", "gyujtes_datuma": "2026-10-08", "price_huf": 52000.0, "ar_millio_ft": 0.052, "ar_ezer_ft_ho": 52.0, "nm_ar_huf": 5200.0, "log_ar": 10.858998997563564, "log_nm_ar": 8.5564139045695189, "is_ar_outlier": 0, "alapterulet_nm": 10.0, "korrigalt_alapterulet_nm": 10.0, "szobaszam_osszes": null, "szobaszam_kategoria": null, "allapot_kod": 0, "is_felujitando": 0, "is_ujszeru_vagy_uj": 0, "is_panel": 0, "is_tegla": 0, "has_lift": 1, "has_klima": 0, "has_erkely": 0, "is_foldszint": 0, "is_zaroszint": 0, "is_tetoter": 0, "epulet_kora_ev": null, "geokodolt_lat": 47.5005879, "geokodolt_lon": 19.1382409, "geokodolas_modszere": "cim_nominatim", "geokodolas_pontossag": "hazszam", "minta_garantalt_pontos": 1, "tavolsag_vasut_m": 897.4, "vasut_zona": "500-1000 m", "is_vasut_immisszio_150m": 0, "tavolsag_vasut_halozati_m": null, "menetido_vasut_gyalog_perc": null, "vasut_5p_seta": 0, "vasut_10p_seta": 0, "vasut_15p_seta": 0, "is_duplikalt_gyanus": 0, "varosresz": "Felsőrákos", "title": "Ingatlan kép", "allapot": "nan", "ingatlan_altipus": "irodahelyiseg-irodahazban", "epites_eve": null, "epites_eve_kategoria": "Ismeretlen", "epites_eve_szoveg": "nan", "epites_eve_becsult": null, "erkely_nm": null, "szobaszam_egesz": null, "szobaszam_fel": null, "atlagos_szobameret_nm": null, "emelet": "nincs megadva", "emelet_szam": null, "epulet_szintjei_szam": null, "is_magas_emelet_lift_nelkul": 0, "futes": "nan", "futes_kategoria": "egyeb", "has_tavfutes": 0, "has_konvektor": 0, "has_megujulo": 0, "has_garazs_vagy_beallo": 0, "energetikai_tanusitvany": "nincs megadva", "butorozott": "nincs megadva", "koltozheto": "nincs megadva", "min_berleti_ido": "24 hónap", "kertkapcsolatos": "nan", "kozos_koltseg_huf": null, "rezsikoltseg_huf": null, "kaucio_huf": null, "hirdeto_tipus": null, "iroda_neve": null, "leiras": "10 négyzetméteres irodánk a White Office irodaházban, azonnal költözhető, birtokba vehető! A White Office Irodaház Budapest egyik nagy forgalmú csomópontjánál, az Örs vezér tér mellett található, a kiváló megközelítésű hajdani Finommechanikai Művek ipari parkjában. Az ipari park és az irodaház is nagy méretű parkolóval rendelkezik. A közös parkolót bárki, míg az irodaház parkolóit a bérlők és a bérlők ügyfelei kizárólagosan használhatják. Napjainkban az irodaház környezete felújított-parkosított, madárcsicsergős munkanapokat biztosít a bérlők számára. A bérlői kényelmet tovább fokozza a beléptetőrendszer, Főzelékfaló étterem és kávéterasz is. A White Office elegáns, letisztult modern üzleti környezetet biztosít, saját karbantartó személyzettel, kedvező bérleti díjon. Bérlőink kérésére az irodák még költözés előtt személyre szabhatóak.", "oldal_allapot": "hirdetes", "leiras_hossz": 846.0, "fenykepek_szama": null, "lat_portal": 47.500279, "lon_portal": 19.138848, "portal_pozicio_sugar_m": null, "price_eur": null, "nm_ar_eur": null, "kozos_koltseg_eur": null, "rezsikoltseg_eur": null, "kaucio_eur": null, "parkolas": "nincs megadva", "parkolohely_ara": null, "parkolohelyek_szama": null, "pince": "nan", "napelem": "nincs megadva", "komfort": "nan", "belmagassag_raw": "nan", "akadalymentesitett": "nan", "furdo_wc": "nan", "tajolas": "nan", "kilatas": "nan", "szigeteles": "nan", "tetoter": "nincs megadva", "panelprogram": "nan", "gepesitett": "nan", "kisallat": "nan", "dohanyzas": "nan", "atlag_gazfogyasztas": "nan", "atlag_aramfogyasztas": "nan", "tavolsag_metro_halozati_m": null, "menetido_metro_gyalog_perc": null, "metro_5p_seta": 0, "metro_10p_seta": 0, "metro_15p_seta": 0, "tavolsag_villamos_halozati_m": null, "menetido_villamos_gyalog_perc": null, "villamos_5p_seta": 0, "villamos_10p_seta": 0, "villamos_15p_seta": 0, "tavolsag_busz_halozati_m": null, "menetido_busz_gyalog_perc": null, "busz_5p_seta": 0, "busz_10p_seta": 0, "busz_15p_seta": 0, "tavolsag_kotottpalya_halozati_m": null, "menetido_kotottpalya_gyalog_perc": null, "kotottpalya_5p_seta": 0, "kotottpalya_10p_seta": 0, "kotottpalya_15p_seta": 0, "tavolsag_park_halozati_m": null, "menetido_park_gyalog_perc": null, "park_5p_seta": 0, "park_10p_seta": 0, "park_15p_seta": 0, "poi_5p_count": null, "poi_10p_count": null, "poi_15p_count": null, "tavolsag_iskola_halozati_m": null, "iskola_5p_seta": 0, "iskola_10p_seta": 0, "iskola_15p_seta": 0, "tavolsag_ovoda_halozati_m": null, "ovoda_5p_seta": 0, "ovoda_10p_seta": 0, "ovoda_15p_seta": 0, "tavolsag_bolt_halozati_m": null, "bolt_5p_seta": 0, "bolt_10p_seta": 0, "bolt_15p_seta": 0, "tavolsag_gyogyszertar_halozati_m": null, "gyogyszertar_5p_seta": 0, "gyogyszertar_10p_seta": 0, "gyogyszertar_15p_seta": 0, "tavolsag_orvos_halozati_m": null, "orvos_5p_seta": 0, "orvos_10p_seta": 0, "orvos_15p_seta": 0, "legkozelebbi_vasut": "", "legkozelebbi_metro": "", "legkozelebbi_villamos": "", "legkozelebbi_busz": "", "legkozelebbi_park": "", "legkozelebbi_kotottpalya_tipus": "", "varosresz_geokodolt": "Felsőrákos", "geokodolas_szolgaltato": "nominatim/photon", "felhasznalt_hazszam": 10.0, "legkozelebbi_iskola": "", "legkozelebbi_ovoda": "", "legkozelebbi_bolt": "", "legkozelebbi_gyogyszertar": "", "legkozelebbi_orvos": "", "menetido_iskola_gyalog_perc": null, "menetido_ovoda_gyalog_perc": null, "menetido_bolt_gyalog_perc": null, "menetido_gyogyszertar_gyalog_perc": null, "menetido_orvos_gyalog_perc": null }, "geometry": { "type": "Point", "coordinates": [ 19.1382409, 47.5005879 ] } },
{ "type": "Feature", "properties": { "listing_id": "35381626", "listing_type": "kiado", "ingatlan_tipus": "iroda", "cim_teljes": "Budapest X. kerület, Hölgy utca 39.", "iranyitoszam": "1102", "varos": "Budapest", "utca": "Hölgy utca", "hazszam": "39", "cim_forras": "strukturalt", "url": "https://ingatlan.com/x-ker/kiado+iroda/csaladi-hazban-iroda/35381626", "gyujtes_datuma": "2026-10-08", "price_huf": 190000.0, "ar_millio_ft": 0.19, "ar_ezer_ft_ho": 190.0, "nm_ar_huf": 3166.6666666666665, "log_ar": 12.154779351142624, "log_nm_ar": 8.0604347889205226, "is_ar_outlier": 0, "alapterulet_nm": 60.0, "korrigalt_alapterulet_nm": 60.0, "szobaszam_osszes": 2.0, "szobaszam_kategoria": "2 szoba", "allapot_kod": 0, "is_felujitando": 0, "is_ujszeru_vagy_uj": 0, "is_panel": 0, "is_tegla": 0, "has_lift": 1, "has_klima": 0, "has_erkely": 0, "is_foldszint": 0, "is_zaroszint": 0, "is_tetoter": 0, "epulet_kora_ev": null, "geokodolt_lat": 47.4892808, "geokodolt_lon": 19.124708, "geokodolas_modszere": "cim_nominatim", "geokodolas_pontossag": "hazszam", "minta_garantalt_pontos": 1, "tavolsag_vasut_m": 47.1, "vasut_zona": "<150 m", "is_vasut_immisszio_150m": 1, "tavolsag_vasut_halozati_m": 880.2, "menetido_vasut_gyalog_perc": 11.7, "vasut_5p_seta": 0, "vasut_10p_seta": 0, "vasut_15p_seta": 1, "is_duplikalt_gyanus": 0, "varosresz": "Ligettelek", "title": "Nincs kép", "allapot": "nincs megadva", "ingatlan_altipus": "csaladi-hazban-iroda", "epites_eve": null, "epites_eve_kategoria": "Ismeretlen", "epites_eve_szoveg": "nincs megadva", "epites_eve_becsult": null, "erkely_nm": null, "szobaszam_egesz": 2.0, "szobaszam_fel": 0.0, "atlagos_szobameret_nm": 30.0, "emelet": "nincs megadva", "emelet_szam": null, "epulet_szintjei_szam": null, "is_magas_emelet_lift_nelkul": 0, "futes": "nan", "futes_kategoria": "egyeb", "has_tavfutes": 0, "has_konvektor": 0, "has_megujulo": 0, "has_garazs_vagy_beallo": 0, "energetikai_tanusitvany": "nincs megadva", "butorozott": "nincs megadva", "koltozheto": "nincs megadva", "min_berleti_ido": "nincs megadva", "kertkapcsolatos": "nan", "kozos_koltseg_huf": null, "rezsikoltseg_huf": null, "kaucio_huf": null, "hirdeto_tipus": null, "iroda_neve": null, "leiras": "Kiadó 60 m²-es, zárható emeleti irodarész Budapest X. kerületében, a Hölgy utcában. A bérlemény elsősorban csendes irodai tevékenységre, 5-6 fős csapat részére ideális. Két 12,4 m²-es szobából, egy 29,4 m²-es konyha + előtér részből, valamint egy 6 m²-es fürdőszobából áll. Az épület padlófűtéssel, beépített klímákkal, riasztóval és távfelügyelettel rendelkezik. A bérlemény bútorozatlan, beépített konyhabútorral és beépített konyhai eszközökkel (mikró, sütő, hűtő, mosogatógép) ellátott. Internetről a bérlő külön gondoskodik. Az áram almérő alapján, a víz és a szemétszállítás arányos megosztással kerül elszámolásra. A bejárati ajtó közös, az emeleti irodarész külön zárható. Az utcai parkolás ingyenes. Bérleti díj: 530 EUR/hó + ÁFA Kaució: 2 havi bérleti díj Min. bérleti idő: 1 év Felmondási idő: 30 nap Birtokba vehető: szerződéskötést követően 2 héten belül Megtekintés: előre egyeztetett időpontban, hétfőtől péntekig 8:30-17:00 között", "oldal_allapot": "hirdetes", "leiras_hossz": 946.0, "fenykepek_szama": null, "lat_portal": 47.48926, "lon_portal": 19.12462, "portal_pozicio_sugar_m": null, "price_eur": null, "nm_ar_eur": null, "kozos_koltseg_eur": null, "rezsikoltseg_eur": null, "kaucio_eur": null, "parkolas": "nincs megadva", "parkolohely_ara": null, "parkolohelyek_szama": null, "pince": "nan", "napelem": "nan", "komfort": "nan", "belmagassag_raw": "nan", "akadalymentesitett": "nincs megadva", "furdo_wc": "nan", "tajolas": "nan", "kilatas": "nan", "szigeteles": "nan", "tetoter": "nincs megadva", "panelprogram": "nan", "gepesitett": "nan", "kisallat": "nan", "dohanyzas": "nan", "atlag_gazfogyasztas": "nan", "atlag_aramfogyasztas": "nan", "tavolsag_metro_halozati_m": null, "menetido_metro_gyalog_perc": null, "metro_5p_seta": 0, "metro_10p_seta": 0, "metro_15p_seta": 0, "tavolsag_villamos_halozati_m": 34.7, "menetido_villamos_gyalog_perc": 0.5, "villamos_5p_seta": 1, "villamos_10p_seta": 1, "villamos_15p_seta": 1, "tavolsag_busz_halozati_m": 20.7, "menetido_busz_gyalog_perc": 0.3, "busz_5p_seta": 1, "busz_10p_seta": 1, "busz_15p_seta": 1, "tavolsag_kotottpalya_halozati_m": 34.7, "menetido_kotottpalya_gyalog_perc": 0.5, "kotottpalya_5p_seta": 1, "kotottpalya_10p_seta": 1, "kotottpalya_15p_seta": 1, "tavolsag_park_halozati_m": 458.5, "menetido_park_gyalog_perc": 6.1, "park_5p_seta": 0, "park_10p_seta": 1, "park_15p_seta": 1, "poi_5p_count": 6.0, "poi_10p_count": 28.0, "poi_15p_count": 107.0, "tavolsag_iskola_halozati_m": 1013.9, "iskola_5p_seta": 0, "iskola_10p_seta": 0, "iskola_15p_seta": 1, "tavolsag_ovoda_halozati_m": 746.3, "ovoda_5p_seta": 0, "ovoda_10p_seta": 1, "ovoda_15p_seta": 1, "tavolsag_bolt_halozati_m": 468.4, "bolt_5p_seta": 0, "bolt_10p_seta": 1, "bolt_15p_seta": 1, "tavolsag_gyogyszertar_halozati_m": 889.6, "gyogyszertar_5p_seta": 0, "gyogyszertar_10p_seta": 0, "gyogyszertar_15p_seta": 1, "tavolsag_orvos_halozati_m": null, "orvos_5p_seta": 0, "orvos_10p_seta": 0, "orvos_15p_seta": 0, "legkozelebbi_vasut": "Kőbánya alsó", "legkozelebbi_metro": "", "legkozelebbi_villamos": "Őrház", "legkozelebbi_busz": "Őrház", "legkozelebbi_park": "", "legkozelebbi_kotottpalya_tipus": "villamos", "varosresz_geokodolt": "Ligettelek", "geokodolas_szolgaltato": "nominatim/photon", "felhasznalt_hazszam": 39.0, "legkozelebbi_iskola": "Szervátiusz Jenő Általános Iskola", "legkozelebbi_ovoda": "Gyöngyike Bölcsőde, Óvoda", "legkozelebbi_bolt": "Orion Vegyes Diszkont", "legkozelebbi_gyogyszertar": "Elefánt Patika", "legkozelebbi_orvos": "", "menetido_iskola_gyalog_perc": 13.5, "menetido_ovoda_gyalog_perc": 10.0, "menetido_bolt_gyalog_perc": 6.2, "menetido_gyogyszertar_gyalog_perc": 11.9, "menetido_orvos_gyalog_perc": null }, "geometry": { "type": "Point", "coordinates": [ 19.124708, 47.4892808 ] } },
{ "type": "Feature", "properties": { "listing_id": "35392919", "listing_type": "kiado", "ingatlan_tipus": "raktar", "cim_teljes": "Budapest X. kerület, Gyömrői út 76-80.", "iranyitoszam": "1103", "varos": "Budapest", "utca": "Gyömrői út", "hazszam": "76-80", "cim_forras": "strukturalt", "url": "https://ingatlan.com/x-ker/kiado+raktar/raktarhelyiseg/35392919", "gyujtes_datuma": "2026-10-08", "price_huf": 1650000.0, "ar_millio_ft": 1.65, "ar_ezer_ft_ho": 1650.0, "nm_ar_huf": 1650.0, "log_ar": 14.316285845876763, "log_nm_ar": 7.4085305668946262, "is_ar_outlier": 1, "alapterulet_nm": 1000.0, "korrigalt_alapterulet_nm": 1000.0, "szobaszam_osszes": null, "szobaszam_kategoria": null, "allapot_kod": 0, "is_felujitando": 0, "is_ujszeru_vagy_uj": 0, "is_panel": 0, "is_tegla": 0, "has_lift": 1, "has_klima": 1, "has_erkely": 0, "is_foldszint": 0, "is_zaroszint": 0, "is_tetoter": 0, "epulet_kora_ev": null, "geokodolt_lat": 47.4680395, "geokodolt_lon": 19.1499129, "geokodolas_modszere": "cim_nominatim", "geokodolas_pontossag": "hazszam", "minta_garantalt_pontos": 1, "tavolsag_vasut_m": 393.6, "vasut_zona": "300-500 m", "is_vasut_immisszio_150m": 0, "tavolsag_vasut_halozati_m": null, "menetido_vasut_gyalog_perc": null, "vasut_5p_seta": 0, "vasut_10p_seta": 0, "vasut_15p_seta": 0, "is_duplikalt_gyanus": 0, "varosresz": "Óhegy", "title": "Nincs kép", "allapot": "nan", "ingatlan_altipus": "raktarhelyiseg", "epites_eve": null, "epites_eve_kategoria": "Ismeretlen", "epites_eve_szoveg": "nan", "epites_eve_becsult": null, "erkely_nm": null, "szobaszam_egesz": null, "szobaszam_fel": null, "atlagos_szobameret_nm": null, "emelet": "nincs megadva", "emelet_szam": null, "epulet_szintjei_szam": null, "is_magas_emelet_lift_nelkul": 0, "futes": "nan", "futes_kategoria": "egyeb", "has_tavfutes": 0, "has_konvektor": 0, "has_megujulo": 0, "has_garazs_vagy_beallo": 0, "energetikai_tanusitvany": "nincs megadva", "butorozott": "nan", "koltozheto": "nincs megadva", "min_berleti_ido": "nincs megadva", "kertkapcsolatos": "nan", "kozos_koltseg_huf": null, "rezsikoltseg_huf": null, "kaucio_huf": null, "hirdeto_tipus": null, "iroda_neve": null, "leiras": "Kiadó egy vadonatúj, prémium kategóriás raktár kiváló logisztikai adottságokkal! REZSIMENTES ÜZEMELTETÉS: Nincs vízdíj (saját fúrt kút) és nincs villanyszámla (energiatárolós napelem rendszer biztosítja az áramot). Nincs közös költség! MŰSZAKI ADATOK: 1000 m²-es telek, 860 m²-es épület. Szabályos téglalap alaprajz, oszlopok nélkül, 100%-os kihasználhatóság. Belmagasság: 5-7 méter. PRÉMIUM MINŐSÉG: Tavaly épült, kiváló hőszigetelésű szendvicspanelből (télen meleg, nyáron hűvös). FELSZERELTSÉG: Modern vizesblokk (WC, mosdó), telepített riasztórendszer és automata kapu. KÖRNYEZET: Forgalmas üzleti udvarban, a SzerszámOutlet és Katica Büfé közvetlen szomszédságában. Kamionnal is könnyen megközelíthető, kiváló logisztikai helyszín. Ideális választás webshopoknak, logisztikai központnak vagy gyártási tevékenységre. Bérleti díj: [1650000] FT+ ÁFA / hó", "oldal_allapot": "hirdetes", "leiras_hossz": 856.0, "fenykepek_szama": null, "lat_portal": 47.468183, "lon_portal": 19.149728, "portal_pozicio_sugar_m": null, "price_eur": null, "nm_ar_eur": null, "kozos_koltseg_eur": null, "rezsikoltseg_eur": null, "kaucio_eur": null, "parkolas": "nan", "parkolohely_ara": null, "parkolohelyek_szama": null, "pince": "nan", "napelem": "nan", "komfort": "nan", "belmagassag_raw": "nan", "akadalymentesitett": "nan", "furdo_wc": "nan", "tajolas": "nan", "kilatas": "nan", "szigeteles": "nan", "tetoter": "nan", "panelprogram": "nan", "gepesitett": "nan", "kisallat": "nan", "dohanyzas": "nan", "atlag_gazfogyasztas": "nan", "atlag_aramfogyasztas": "nan", "tavolsag_metro_halozati_m": null, "menetido_metro_gyalog_perc": null, "metro_5p_seta": 0, "metro_10p_seta": 0, "metro_15p_seta": 0, "tavolsag_villamos_halozati_m": null, "menetido_villamos_gyalog_perc": null, "villamos_5p_seta": 0, "villamos_10p_seta": 0, "villamos_15p_seta": 0, "tavolsag_busz_halozati_m": 225.5, "menetido_busz_gyalog_perc": 3.0, "busz_5p_seta": 1, "busz_10p_seta": 1, "busz_15p_seta": 1, "tavolsag_kotottpalya_halozati_m": null, "menetido_kotottpalya_gyalog_perc": null, "kotottpalya_5p_seta": 0, "kotottpalya_10p_seta": 0, "kotottpalya_15p_seta": 0, "tavolsag_park_halozati_m": 847.6, "menetido_park_gyalog_perc": 11.3, "park_5p_seta": 0, "park_10p_seta": 0, "park_15p_seta": 1, "poi_5p_count": 2.0, "poi_10p_count": 8.0, "poi_15p_count": 21.0, "tavolsag_iskola_halozati_m": 2295.7, "iskola_5p_seta": 0, "iskola_10p_seta": 0, "iskola_15p_seta": 0, "tavolsag_ovoda_halozati_m": null, "ovoda_5p_seta": 0, "ovoda_10p_seta": 0, "ovoda_15p_seta": 0, "tavolsag_bolt_halozati_m": 435.0, "bolt_5p_seta": 0, "bolt_10p_seta": 1, "bolt_15p_seta": 1, "tavolsag_gyogyszertar_halozati_m": 1518.7, "gyogyszertar_5p_seta": 0, "gyogyszertar_10p_seta": 0, "gyogyszertar_15p_seta": 0, "tavolsag_orvos_halozati_m": null, "orvos_5p_seta": 0, "orvos_10p_seta": 0, "orvos_15p_seta": 0, "legkozelebbi_vasut": "", "legkozelebbi_metro": "", "legkozelebbi_villamos": "", "legkozelebbi_busz": "Vasgyár utca", "legkozelebbi_park": "", "legkozelebbi_kotottpalya_tipus": "", "varosresz_geokodolt": "Óhegy", "geokodolas_szolgaltato": "nominatim/photon", "felhasznalt_hazszam": 76.0, "legkozelebbi_iskola": "Janikovszky Éva Általános Iskola", "legkozelebbi_ovoda": "", "legkozelebbi_bolt": "Orlen", "legkozelebbi_gyogyszertar": "Szent Katalin Gyógyszertár", "legkozelebbi_orvos": "", "menetido_iskola_gyalog_perc": 30.6, "menetido_ovoda_gyalog_perc": null, "menetido_bolt_gyalog_perc": 5.8, "menetido_gyogyszertar_gyalog_perc": 20.2, "menetido_orvos_gyalog_perc": null }, "geometry": { "type": "Point", "coordinates": [ 19.1499129, 47.4680395 ] } },
{ "type": "Feature", "properties": { "listing_id": "35411241", "listing_type": "kiado", "ingatlan_tipus": "lakas", "cim_teljes": "Budapest X. kerület, Mélytó utca 4.", "iranyitoszam": "1108", "varos": "Budapest", "utca": "Mélytó utca", "hazszam": "4", "cim_forras": "strukturalt", "url": "https://ingatlan.com/x-ker/kiado+lakas/panel-lakas/35411241", "gyujtes_datuma": "2026-10-08", "price_huf": 500000.0, "ar_millio_ft": 0.5, "ar_ezer_ft_ho": 500.0, "nm_ar_huf": 9615.3846153846152, "log_ar": 13.122363377404328, "log_nm_ar": 9.1711196588229011, "is_ar_outlier": 0, "alapterulet_nm": 52.0, "korrigalt_alapterulet_nm": 54.0, "szobaszam_osszes": 2.0, "szobaszam_kategoria": "2 szoba", "allapot_kod": 0, "is_felujitando": 0, "is_ujszeru_vagy_uj": 0, "is_panel": 1, "is_tegla": 0, "has_lift": 0, "has_klima": 0, "has_erkely": 1, "is_foldszint": 0, "is_zaroszint": 0, "is_tetoter": 0, "epulet_kora_ev": null, "geokodolt_lat": 47.4689326, "geokodolt_lon": 19.1632372, "geokodolas_modszere": "cim_nominatim", "geokodolas_pontossag": "hazszam", "minta_garantalt_pontos": 1, "tavolsag_vasut_m": 837.7, "vasut_zona": "500-1000 m", "is_vasut_immisszio_150m": 0, "tavolsag_vasut_halozati_m": null, "menetido_vasut_gyalog_perc": null, "vasut_5p_seta": 0, "vasut_10p_seta": 0, "vasut_15p_seta": 0, "is_duplikalt_gyanus": 0, "varosresz": "Újhegy", "title": "Nincs kép", "allapot": "nincs megadva", "ingatlan_altipus": "panel-lakas", "epites_eve": null, "epites_eve_kategoria": "Ismeretlen", "epites_eve_szoveg": "nincs megadva", "epites_eve_becsult": null, "erkely_nm": 4.0, "szobaszam_egesz": 2.0, "szobaszam_fel": 0.0, "atlagos_szobameret_nm": 27.0, "emelet": "nincs megadva", "emelet_szam": null, "epulet_szintjei_szam": null, "is_magas_emelet_lift_nelkul": 0, "futes": "nincs megadva", "futes_kategoria": "egyeb", "has_tavfutes": 0, "has_konvektor": 0, "has_megujulo": 0, "has_garazs_vagy_beallo": 0, "energetikai_tanusitvany": "nincs megadva", "butorozott": "nincs megadva", "koltozheto": "nincs megadva", "min_berleti_ido": "nincs megadva", "kertkapcsolatos": "nincs megadva", "kozos_koltseg_huf": null, "rezsikoltseg_huf": null, "kaucio_huf": null, "hirdeto_tipus": null, "iroda_neve": null, "leiras": "Kiado BL idejére kőbányán másfél szobás berendezett lakás", "oldal_allapot": "hirdetes", "leiras_hossz": 57.0, "fenykepek_szama": 6.0, "lat_portal": 47.468935, "lon_portal": 19.163326, "portal_pozicio_sugar_m": null, "price_eur": null, "nm_ar_eur": null, "kozos_koltseg_eur": null, "rezsikoltseg_eur": null, "kaucio_eur": null, "parkolas": "nincs megadva", "parkolohely_ara": null, "parkolohelyek_szama": null, "pince": "nan", "napelem": "nan", "komfort": "nincs megadva", "belmagassag_raw": "nincs megadva", "akadalymentesitett": "nincs megadva", "furdo_wc": "nincs megadva", "tajolas": "nincs megadva", "kilatas": "nincs megadva", "szigeteles": "nincs megadva", "tetoter": "nincs megadva", "panelprogram": "nincs megadva", "gepesitett": "nincs megadva", "kisallat": "nincs megadva", "dohanyzas": "nincs megadva", "atlag_gazfogyasztas": "nincs megadva", "atlag_aramfogyasztas": "nincs megadva", "tavolsag_metro_halozati_m": null, "menetido_metro_gyalog_perc": null, "metro_5p_seta": 0, "metro_10p_seta": 0, "metro_15p_seta": 0, "tavolsag_villamos_halozati_m": null, "menetido_villamos_gyalog_perc": null, "villamos_5p_seta": 0, "villamos_10p_seta": 0, "villamos_15p_seta": 0, "tavolsag_busz_halozati_m": null, "menetido_busz_gyalog_perc": null, "busz_5p_seta": 0, "busz_10p_seta": 0, "busz_15p_seta": 0, "tavolsag_kotottpalya_halozati_m": null, "menetido_kotottpalya_gyalog_perc": null, "kotottpalya_5p_seta": 0, "kotottpalya_10p_seta": 0, "kotottpalya_15p_seta": 0, "tavolsag_park_halozati_m": null, "menetido_park_gyalog_perc": null, "park_5p_seta": 0, "park_10p_seta": 0, "park_15p_seta": 0, "poi_5p_count": null, "poi_10p_count": null, "poi_15p_count": null, "tavolsag_iskola_halozati_m": null, "iskola_5p_seta": 0, "iskola_10p_seta": 0, "iskola_15p_seta": 0, "tavolsag_ovoda_halozati_m": null, "ovoda_5p_seta": 0, "ovoda_10p_seta": 0, "ovoda_15p_seta": 0, "tavolsag_bolt_halozati_m": null, "bolt_5p_seta": 0, "bolt_10p_seta": 0, "bolt_15p_seta": 0, "tavolsag_gyogyszertar_halozati_m": null, "gyogyszertar_5p_seta": 0, "gyogyszertar_10p_seta": 0, "gyogyszertar_15p_seta": 0, "tavolsag_orvos_halozati_m": null, "orvos_5p_seta": 0, "orvos_10p_seta": 0, "orvos_15p_seta": 0, "legkozelebbi_vasut": "", "legkozelebbi_metro": "", "legkozelebbi_villamos": "", "legkozelebbi_busz": "", "legkozelebbi_park": "", "legkozelebbi_kotottpalya_tipus": "", "varosresz_geokodolt": "Újhegy", "geokodolas_szolgaltato": "nominatim/photon", "felhasznalt_hazszam": 4.0, "legkozelebbi_iskola": "", "legkozelebbi_ovoda": "", "legkozelebbi_bolt": "", "legkozelebbi_gyogyszertar": "", "legkozelebbi_orvos": "", "menetido_iskola_gyalog_perc": null, "menetido_ovoda_gyalog_perc": null, "menetido_bolt_gyalog_perc": null, "menetido_gyogyszertar_gyalog_perc": null, "menetido_orvos_gyalog_perc": null }, "geometry": { "type": "Point", "coordinates": [ 19.1632372, 47.4689326 ] } },
{ "type": "Feature", "properties": { "listing_id": "35415926", "listing_type": "kiado", "ingatlan_tipus": "raktar", "cim_teljes": "Budapest X. kerület, Gergely utca 23.", "iranyitoszam": "1103", "varos": "Budapest", "utca": "Gergely utca", "hazszam": "23", "cim_forras": "strukturalt", "url": "https://ingatlan.com/x-ker/kiado+raktar/raktarhelyiseg/35415926", "gyujtes_datuma": "2026-10-08", "price_huf": 532000.0, "ar_millio_ft": 0.532, "ar_ezer_ft_ho": 532.0, "nm_ar_huf": 1773.3333333333333, "log_ar": 13.184398768323781, "log_nm_ar": 7.4806162936675804, "is_ar_outlier": 1, "alapterulet_nm": 300.0, "korrigalt_alapterulet_nm": 300.0, "szobaszam_osszes": null, "szobaszam_kategoria": null, "allapot_kod": 0, "is_felujitando": 0, "is_ujszeru_vagy_uj": 0, "is_panel": 0, "is_tegla": 0, "has_lift": 1, "has_klima": 1, "has_erkely": 0, "is_foldszint": 1, "is_zaroszint": 0, "is_tetoter": 0, "epulet_kora_ev": null, "geokodolt_lat": 47.477266, "geokodolt_lon": 19.1390231, "geokodolas_modszere": "cim_nominatim", "geokodolas_pontossag": "hazszam_interpolalt", "minta_garantalt_pontos": 1, "tavolsag_vasut_m": 497.2, "vasut_zona": "300-500 m", "is_vasut_immisszio_150m": 0, "tavolsag_vasut_halozati_m": 1270.7, "menetido_vasut_gyalog_perc": 16.9, "vasut_5p_seta": 0, "vasut_10p_seta": 0, "vasut_15p_seta": 0, "is_duplikalt_gyanus": 0, "varosresz": "x-ker", "title": "Nincs kép", "allapot": "nan", "ingatlan_altipus": "raktarhelyiseg", "epites_eve": null, "epites_eve_kategoria": "Ismeretlen", "epites_eve_szoveg": "nan", "epites_eve_becsult": null, "erkely_nm": null, "szobaszam_egesz": null, "szobaszam_fel": null, "atlagos_szobameret_nm": null, "emelet": "földszint", "emelet_szam": null, "epulet_szintjei_szam": null, "is_magas_emelet_lift_nelkul": 0, "futes": "nan", "futes_kategoria": "egyeb", "has_tavfutes": 0, "has_konvektor": 0, "has_megujulo": 0, "has_garazs_vagy_beallo": 0, "energetikai_tanusitvany": "nincs megadva", "butorozott": "nan", "koltozheto": "azonnal", "min_berleti_ido": "12 hónap", "kertkapcsolatos": "nan", "kozos_koltseg_huf": null, "rezsikoltseg_huf": null, "kaucio_huf": null, "hirdeto_tipus": null, "iroda_neve": null, "leiras": "KIADÓ RAKTÁRHELYISÉGEK BUDAPEST X. KERÜLETÉBEN 1108 Budapest, Gergely utca 23. Kiváló elhelyezkedésű, zárt és biztonságos raktárhelyiségek kiadók Budapest X. kerületének ipari és logisztikai övezetében. Elérhető területek: 300 m² 500 m² 700 m² Főbb jellemzők: Zárt, biztonságos raktárépület 24 órás kamerás megfigyelőrendszer Kamionok és teherautók számára könnyű be- és kihajtás Kényelmes rakodási lehetőség Kiváló közlekedési kapcsolatok Ideális logisztikai, raktározási, nagykereskedelmi vagy e-kereskedelmi tevékenységhez Bérleti díj: 4,5 EUR/m²/hó Üzemeltetési költség: 0,5 EUR/m²/hó Összesen: 5,0 EUR/m²/hó Az ingatlan azonnal birtokba vehető. További információért vagy megtekintés egyeztetéséhez kérjük, lépjen kapcsolatba velünk!", "oldal_allapot": "hirdetes", "leiras_hossz": 738.0, "fenykepek_szama": null, "lat_portal": 47.466464, "lon_portal": 19.158341, "portal_pozicio_sugar_m": null, "price_eur": null, "nm_ar_eur": null, "kozos_koltseg_eur": null, "rezsikoltseg_eur": null, "kaucio_eur": null, "parkolas": "nan", "parkolohely_ara": null, "parkolohelyek_szama": null, "pince": "nan", "napelem": "nan", "komfort": "nan", "belmagassag_raw": "nan", "akadalymentesitett": "nan", "furdo_wc": "nan", "tajolas": "nan", "kilatas": "nan", "szigeteles": "nan", "tetoter": "nan", "panelprogram": "nan", "gepesitett": "nan", "kisallat": "nan", "dohanyzas": "nan", "atlag_gazfogyasztas": "nan", "atlag_aramfogyasztas": "nan", "tavolsag_metro_halozati_m": 1695.8, "menetido_metro_gyalog_perc": 22.6, "metro_5p_seta": 0, "metro_10p_seta": 0, "metro_15p_seta": 0, "tavolsag_villamos_halozati_m": 984.2, "menetido_villamos_gyalog_perc": 13.1, "villamos_5p_seta": 0, "villamos_10p_seta": 0, "villamos_15p_seta": 1, "tavolsag_busz_halozati_m": 79.6, "menetido_busz_gyalog_perc": 1.1, "busz_5p_seta": 1, "busz_10p_seta": 1, "busz_15p_seta": 1, "tavolsag_kotottpalya_halozati_m": 984.2, "menetido_kotottpalya_gyalog_perc": 13.1, "kotottpalya_5p_seta": 0, "kotottpalya_10p_seta": 0, "kotottpalya_15p_seta": 1, "tavolsag_park_halozati_m": 277.9, "menetido_park_gyalog_perc": 3.7, "park_5p_seta": 1, "park_10p_seta": 1, "park_15p_seta": 1, "poi_5p_count": 10.0, "poi_10p_count": 34.0, "poi_15p_count": 76.0, "tavolsag_iskola_halozati_m": 849.7, "iskola_5p_seta": 0, "iskola_10p_seta": 0, "iskola_15p_seta": 1, "tavolsag_ovoda_halozati_m": 1792.5, "ovoda_5p_seta": 0, "ovoda_10p_seta": 0, "ovoda_15p_seta": 0, "tavolsag_bolt_halozati_m": 84.3, "bolt_5p_seta": 1, "bolt_10p_seta": 1, "bolt_15p_seta": 1, "tavolsag_gyogyszertar_halozati_m": 59.4, "gyogyszertar_5p_seta": 1, "gyogyszertar_10p_seta": 1, "gyogyszertar_15p_seta": 1, "tavolsag_orvos_halozati_m": null, "orvos_5p_seta": 0, "orvos_10p_seta": 0, "orvos_15p_seta": 0, "legkozelebbi_vasut": "Kőbánya alsó", "legkozelebbi_metro": "Határ út", "legkozelebbi_villamos": "Kápolna utca", "legkozelebbi_busz": "Kőér utca", "legkozelebbi_park": "", "legkozelebbi_kotottpalya_tipus": "villamos", "varosresz_geokodolt": null, "geokodolas_szolgaltato": "overpass", "felhasznalt_hazszam": 38.0, "legkozelebbi_iskola": "Janikovszky Éva Általános Iskola", "legkozelebbi_ovoda": "Apró csodák Bölcsőde", "legkozelebbi_bolt": "Lakóház", "legkozelebbi_gyogyszertar": "Szent Katalin Gyógyszertár", "legkozelebbi_orvos": "", "menetido_iskola_gyalog_perc": 11.3, "menetido_ovoda_gyalog_perc": 23.9, "menetido_bolt_gyalog_perc": 1.1, "menetido_gyogyszertar_gyalog_perc": 0.8, "menetido_orvos_gyalog_perc": null }, "geometry": { "type": "Point", "coordinates": [ 19.1390231, 47.477266 ] } },
{ "type": "Feature", "properties": { "listing_id": "35425731", "listing_type": "kiado", "ingatlan_tipus": "raktar", "cim_teljes": "Budapest X. kerület, Fertő utca 8.", "iranyitoszam": "1107", "varos": "Budapest", "utca": "Fertő utca", "hazszam": "8", "cim_forras": "strukturalt", "url": "https://ingatlan.com/x-ker/kiado+raktar/raktarhelyiseg/35425731", "gyujtes_datuma": "2026-10-08", "price_huf": 120000.0, "ar_millio_ft": 0.12, "ar_ezer_ft_ho": 120.0, "nm_ar_huf": 1714.2857142857142, "log_ar": 11.695247021764184, "log_nm_ar": 7.4467517797148242, "is_ar_outlier": 1, "alapterulet_nm": 70.0, "korrigalt_alapterulet_nm": 70.0, "szobaszam_osszes": null, "szobaszam_kategoria": null, "allapot_kod": 0, "is_felujitando": 0, "is_ujszeru_vagy_uj": 0, "is_panel": 0, "is_tegla": 0, "has_lift": 1, "has_klima": 1, "has_erkely": 0, "is_foldszint": 0, "is_zaroszint": 0, "is_tetoter": 0, "epulet_kora_ev": null, "geokodolt_lat": 47.475562, "geokodolt_lon": 19.1202565, "geokodolas_modszere": "cim_nominatim", "geokodolas_pontossag": "hazszam", "minta_garantalt_pontos": 1, "tavolsag_vasut_m": 252.8, "vasut_zona": "150-300 m", "is_vasut_immisszio_150m": 0, "tavolsag_vasut_halozati_m": 1050.4, "menetido_vasut_gyalog_perc": 14.0, "vasut_5p_seta": 0, "vasut_10p_seta": 0, "vasut_15p_seta": 1, "is_duplikalt_gyanus": 0, "varosresz": "Gyárdűlő", "title": "Ingatlan kép", "allapot": "nan", "ingatlan_altipus": "raktarhelyiseg", "epites_eve": null, "epites_eve_kategoria": "Ismeretlen", "epites_eve_szoveg": "nan", "epites_eve_becsult": null, "erkely_nm": null, "szobaszam_egesz": null, "szobaszam_fel": null, "atlagos_szobameret_nm": null, "emelet": "nincs megadva", "emelet_szam": null, "epulet_szintjei_szam": null, "is_magas_emelet_lift_nelkul": 0, "futes": "nan", "futes_kategoria": "egyeb", "has_tavfutes": 0, "has_konvektor": 0, "has_megujulo": 0, "has_garazs_vagy_beallo": 0, "energetikai_tanusitvany": "nincs megadva", "butorozott": "nan", "koltozheto": "nincs megadva", "min_berleti_ido": "nincs megadva", "kertkapcsolatos": "nan", "kozos_koltseg_huf": null, "rezsikoltseg_huf": null, "kaucio_huf": null, "hirdeto_tipus": null, "iroda_neve": null, "leiras": "Kiadó raktár 1107 bp fertő utca 8-ban, 70 nm-es a bérleti díj: 120 ezer/hó 3 Havi kaució 1 hónapos felmondási idő", "oldal_allapot": "hirdetes", "leiras_hossz": 113.0, "fenykepek_szama": null, "lat_portal": 47.475114, "lon_portal": 19.120315, "portal_pozicio_sugar_m": null, "price_eur": null, "nm_ar_eur": null, "kozos_koltseg_eur": null, "rezsikoltseg_eur": null, "kaucio_eur": null, "parkolas": "nan", "parkolohely_ara": null, "parkolohelyek_szama": null, "pince": "nan", "napelem": "nan", "komfort": "nan", "belmagassag_raw": "nan", "akadalymentesitett": "nan", "furdo_wc": "nan", "tajolas": "nan", "kilatas": "nan", "szigeteles": "nan", "tetoter": "nan", "panelprogram": "nan", "gepesitett": "nan", "kisallat": "nan", "dohanyzas": "nan", "atlag_gazfogyasztas": "nan", "atlag_aramfogyasztas": "nan", "tavolsag_metro_halozati_m": 947.4, "menetido_metro_gyalog_perc": 12.6, "metro_5p_seta": 0, "metro_10p_seta": 0, "metro_15p_seta": 1, "tavolsag_villamos_halozati_m": 131.1, "menetido_villamos_gyalog_perc": 1.7, "villamos_5p_seta": 1, "villamos_10p_seta": 1, "villamos_15p_seta": 1, "tavolsag_busz_halozati_m": 44.4, "menetido_busz_gyalog_perc": 0.6, "busz_5p_seta": 1, "busz_10p_seta": 1, "busz_15p_seta": 1, "tavolsag_kotottpalya_halozati_m": 131.1, "menetido_kotottpalya_gyalog_perc": 1.7, "kotottpalya_5p_seta": 1, "kotottpalya_10p_seta": 1, "kotottpalya_15p_seta": 1, "tavolsag_park_halozati_m": 671.3, "menetido_park_gyalog_perc": 9.0, "park_5p_seta": 0, "park_10p_seta": 1, "park_15p_seta": 1, "poi_5p_count": 4.0, "poi_10p_count": 20.0, "poi_15p_count": 54.0, "tavolsag_iskola_halozati_m": 1250.6, "iskola_5p_seta": 0, "iskola_10p_seta": 0, "iskola_15p_seta": 0, "tavolsag_ovoda_halozati_m": 1071.7, "ovoda_5p_seta": 0, "ovoda_10p_seta": 0, "ovoda_15p_seta": 1, "tavolsag_bolt_halozati_m": 626.0, "bolt_5p_seta": 0, "bolt_10p_seta": 1, "bolt_15p_seta": 1, "tavolsag_gyogyszertar_halozati_m": 605.0, "gyogyszertar_5p_seta": 0, "gyogyszertar_10p_seta": 1, "gyogyszertar_15p_seta": 1, "tavolsag_orvos_halozati_m": 1461.0, "orvos_5p_seta": 0, "orvos_10p_seta": 0, "orvos_15p_seta": 0, "legkozelebbi_vasut": "Ecseri út", "legkozelebbi_metro": "", "legkozelebbi_villamos": "Fertő utca / Bihari utca", "legkozelebbi_busz": "Fertő utca / Bihari utca", "legkozelebbi_park": "Kékvirág park", "legkozelebbi_kotottpalya_tipus": "villamos", "varosresz_geokodolt": "Gyárdűlő", "geokodolas_szolgaltato": "nominatim/photon", "felhasznalt_hazszam": 8.0, "legkozelebbi_iskola": "Szervátiusz Jenő Általános Iskola", "legkozelebbi_ovoda": "Kőbányai Gézengúz Óvoda", "legkozelebbi_bolt": "Élelmiszerbolt", "legkozelebbi_gyogyszertar": "Somfa patika", "legkozelebbi_orvos": "Rendelőintézet", "menetido_iskola_gyalog_perc": 16.7, "menetido_ovoda_gyalog_perc": 14.3, "menetido_bolt_gyalog_perc": 8.3, "menetido_gyogyszertar_gyalog_perc": 8.1, "menetido_orvos_gyalog_perc": 19.5 }, "geometry": { "type": "Point", "coordinates": [ 19.1202565, 47.475562 ] } },
{ "type": "Feature", "properties": { "listing_id": "35425762", "listing_type": "kiado", "ingatlan_tipus": "raktar", "cim_teljes": "Budapest X. kerület, Fertő utca 8.", "iranyitoszam": "1107", "varos": "Budapest", "utca": "Fertő utca", "hazszam": "8", "cim_forras": "strukturalt", "url": "https://ingatlan.com/x-ker/kiado+raktar/raktarhelyiseg/35425762", "gyujtes_datuma": "2026-10-08", "price_huf": 100000.0, "ar_millio_ft": 0.1, "ar_ezer_ft_ho": 100.0, "nm_ar_huf": 2272.7272727272725, "log_ar": 11.512925464970229, "log_nm_ar": 7.7287358310519672, "is_ar_outlier": 1, "alapterulet_nm": 44.0, "korrigalt_alapterulet_nm": 44.0, "szobaszam_osszes": null, "szobaszam_kategoria": null, "allapot_kod": 0, "is_felujitando": 0, "is_ujszeru_vagy_uj": 0, "is_panel": 0, "is_tegla": 0, "has_lift": 1, "has_klima": 1, "has_erkely": 0, "is_foldszint": 0, "is_zaroszint": 0, "is_tetoter": 0, "epulet_kora_ev": null, "geokodolt_lat": 47.475562, "geokodolt_lon": 19.1202565, "geokodolas_modszere": "cim_nominatim", "geokodolas_pontossag": "hazszam", "minta_garantalt_pontos": 1, "tavolsag_vasut_m": 252.8, "vasut_zona": "150-300 m", "is_vasut_immisszio_150m": 0, "tavolsag_vasut_halozati_m": 1050.4, "menetido_vasut_gyalog_perc": 14.0, "vasut_5p_seta": 0, "vasut_10p_seta": 0, "vasut_15p_seta": 1, "is_duplikalt_gyanus": 0, "varosresz": "Gyárdűlő", "title": "Ingatlan kép", "allapot": "nan", "ingatlan_altipus": "raktarhelyiseg", "epites_eve": null, "epites_eve_kategoria": "Ismeretlen", "epites_eve_szoveg": "nan", "epites_eve_becsult": null, "erkely_nm": null, "szobaszam_egesz": null, "szobaszam_fel": null, "atlagos_szobameret_nm": null, "emelet": "nincs megadva", "emelet_szam": null, "epulet_szintjei_szam": null, "is_magas_emelet_lift_nelkul": 0, "futes": "nan", "futes_kategoria": "egyeb", "has_tavfutes": 0, "has_konvektor": 0, "has_megujulo": 0, "has_garazs_vagy_beallo": 0, "energetikai_tanusitvany": "nincs megadva", "butorozott": "nan", "koltozheto": "nincs megadva", "min_berleti_ido": "nincs megadva", "kertkapcsolatos": "nan", "kozos_koltseg_huf": null, "rezsikoltseg_huf": null, "kaucio_huf": null, "hirdeto_tipus": null, "iroda_neve": null, "leiras": "Kiadó 44 nm-es raktár bérleti díj: 100, 000 huf/hó 3 havi kaució 1 hónapos felmondási idővel raktárnak vagy műhelynek is felhasználható", "oldal_allapot": "hirdetes", "leiras_hossz": 135.0, "fenykepek_szama": null, "lat_portal": 47.475114, "lon_portal": 19.120315, "portal_pozicio_sugar_m": null, "price_eur": null, "nm_ar_eur": null, "kozos_koltseg_eur": null, "rezsikoltseg_eur": null, "kaucio_eur": null, "parkolas": "nan", "parkolohely_ara": null, "parkolohelyek_szama": null, "pince": "nan", "napelem": "nan", "komfort": "nan", "belmagassag_raw": "nan", "akadalymentesitett": "nan", "furdo_wc": "nan", "tajolas": "nan", "kilatas": "nan", "szigeteles": "nan", "tetoter": "nan", "panelprogram": "nan", "gepesitett": "nan", "kisallat": "nan", "dohanyzas": "nan", "atlag_gazfogyasztas": "nan", "atlag_aramfogyasztas": "nan", "tavolsag_metro_halozati_m": 947.4, "menetido_metro_gyalog_perc": 12.6, "metro_5p_seta": 0, "metro_10p_seta": 0, "metro_15p_seta": 1, "tavolsag_villamos_halozati_m": 131.1, "menetido_villamos_gyalog_perc": 1.7, "villamos_5p_seta": 1, "villamos_10p_seta": 1, "villamos_15p_seta": 1, "tavolsag_busz_halozati_m": 44.4, "menetido_busz_gyalog_perc": 0.6, "busz_5p_seta": 1, "busz_10p_seta": 1, "busz_15p_seta": 1, "tavolsag_kotottpalya_halozati_m": 131.1, "menetido_kotottpalya_gyalog_perc": 1.7, "kotottpalya_5p_seta": 1, "kotottpalya_10p_seta": 1, "kotottpalya_15p_seta": 1, "tavolsag_park_halozati_m": 671.3, "menetido_park_gyalog_perc": 9.0, "park_5p_seta": 0, "park_10p_seta": 1, "park_15p_seta": 1, "poi_5p_count": 4.0, "poi_10p_count": 20.0, "poi_15p_count": 54.0, "tavolsag_iskola_halozati_m": 1250.6, "iskola_5p_seta": 0, "iskola_10p_seta": 0, "iskola_15p_seta": 0, "tavolsag_ovoda_halozati_m": 1071.7, "ovoda_5p_seta": 0, "ovoda_10p_seta": 0, "ovoda_15p_seta": 1, "tavolsag_bolt_halozati_m": 626.0, "bolt_5p_seta": 0, "bolt_10p_seta": 1, "bolt_15p_seta": 1, "tavolsag_gyogyszertar_halozati_m": 605.0, "gyogyszertar_5p_seta": 0, "gyogyszertar_10p_seta": 1, "gyogyszertar_15p_seta": 1, "tavolsag_orvos_halozati_m": 1461.0, "orvos_5p_seta": 0, "orvos_10p_seta": 0, "orvos_15p_seta": 0, "legkozelebbi_vasut": "Ecseri út", "legkozelebbi_metro": "", "legkozelebbi_villamos": "Fertő utca / Bihari utca", "legkozelebbi_busz": "Fertő utca / Bihari utca", "legkozelebbi_park": "Kékvirág park", "legkozelebbi_kotottpalya_tipus": "villamos", "varosresz_geokodolt": "Gyárdűlő", "geokodolas_szolgaltato": "nominatim/photon", "felhasznalt_hazszam": 8.0, "legkozelebbi_iskola": "Szervátiusz Jenő Általános Iskola", "legkozelebbi_ovoda": "Kőbányai Gézengúz Óvoda", "legkozelebbi_bolt": "Élelmiszerbolt", "legkozelebbi_gyogyszertar": "Somfa patika", "legkozelebbi_orvos": "Rendelőintézet", "menetido_iskola_gyalog_perc": 16.7, "menetido_ovoda_gyalog_perc": 14.3, "menetido_bolt_gyalog_perc": 8.3, "menetido_gyogyszertar_gyalog_perc": 8.1, "menetido_orvos_gyalog_perc": 19.5 }, "geometry": { "type": "Point", "coordinates": [ 19.1202565, 47.475562 ] } },
{ "type": "Feature", "properties": { "listing_id": "35447947", "listing_type": "kiado", "ingatlan_tipus": "lakas", "cim_teljes": "Budapest X. kerület, Tavas utca 7.", "iranyitoszam": "1108", "varos": "Budapest", "utca": "Tavas utca", "hazszam": "7", "cim_forras": "strukturalt", "url": "https://ingatlan.com/x-ker/kiado+lakas/tegla-lakas/35447947", "gyujtes_datuma": "2026-10-08", "price_huf": 250000.0, "ar_millio_ft": 0.25, "ar_ezer_ft_ho": 250.0, "nm_ar_huf": 7575.757575757576, "log_ar": 12.429216196844383, "log_nm_ar": 8.9327086353779031, "is_ar_outlier": 0, "alapterulet_nm": 33.0, "korrigalt_alapterulet_nm": 33.0, "szobaszam_osszes": 1.0, "szobaszam_kategoria": "1 szoba", "allapot_kod": 6, "is_felujitando": 0, "is_ujszeru_vagy_uj": 1, "is_panel": 0, "is_tegla": 1, "has_lift": 1, "has_klima": 1, "has_erkely": 0, "is_foldszint": 0, "is_zaroszint": 0, "is_tetoter": 0, "epulet_kora_ev": 3.0, "geokodolt_lat": 47.4684924, "geokodolt_lon": 19.1651884, "geokodolas_modszere": "cim_nominatim", "geokodolas_pontossag": "hazszam", "minta_garantalt_pontos": 1, "tavolsag_vasut_m": 843.3, "vasut_zona": "500-1000 m", "is_vasut_immisszio_150m": 0, "tavolsag_vasut_halozati_m": null, "menetido_vasut_gyalog_perc": null, "vasut_5p_seta": 0, "vasut_10p_seta": 0, "vasut_15p_seta": 0, "is_duplikalt_gyanus": 0, "varosresz": "Újhegy", "title": "Nincs kép", "allapot": "új építésű", "ingatlan_altipus": "tegla-lakas", "epites_eve": 2023.0, "epites_eve_kategoria": "0-10 év (új)", "epites_eve_szoveg": "2023", "epites_eve_becsult": null, "erkely_nm": null, "szobaszam_egesz": 1.0, "szobaszam_fel": 0.0, "atlagos_szobameret_nm": 33.0, "emelet": "2", "emelet_szam": 2.0, "epulet_szintjei_szam": null, "is_magas_emelet_lift_nelkul": 0, "futes": "hőszivattyú, padlófűtés", "futes_kategoria": "elektromos", "has_tavfutes": 0, "has_konvektor": 0, "has_megujulo": 1, "has_garazs_vagy_beallo": 1, "energetikai_tanusitvany": "nincs megadva", "butorozott": "igen", "koltozheto": "nincs megadva", "min_berleti_ido": "nincs megadva", "kertkapcsolatos": "nincs megadva", "kozos_koltseg_huf": null, "rezsikoltseg_huf": null, "kaucio_huf": null, "hirdeto_tipus": null, "iroda_neve": null, "leiras": "Kiadó egy 33 nm es, teljesen bútorozott és gépesített, újépítésű lakás a X. kerületben. A társasház 2023-ban került átadásra, melyben hőszivattyús hűtő/fűtő rendszer került kialakításra. Ennek köszönhetően nagyon kedvező fenntartási költségekkel számolhat a leendő lakó. Az ingatlanhoz mélygarázs tartozik, amelynek használati díját a havidíj már tartalmazza. Ideális választás pároknak, diákoknak. Kisállat nem hozható. Dohányozni szigorúan tilos az ingatlanban. Közösköltség: 9 870 HUF Felújítási alap: 1 128 HUF Garázs közösköltség: 2 500 HUF Víz: fogyasztás alapján Áram: fogyasztás alapján Net/TV: T-Home Havidíj: 250 000 HUF + rezsi Kiadó: Minimum 1 év 2026.08.15-től (1. hónapra fél havi lakbér) Kaució: 1 havi lakbér Érdeklődni: 0630 096 8343", "oldal_allapot": "hirdetes", "leiras_hossz": 750.0, "fenykepek_szama": 6.0, "lat_portal": 47.468845, "lon_portal": 19.165367, "portal_pozicio_sugar_m": null, "price_eur": null, "nm_ar_eur": null, "kozos_koltseg_eur": null, "rezsikoltseg_eur": null, "kaucio_eur": null, "parkolas": "teremgarázs hely - benne van az árban", "parkolohely_ara": null, "parkolohelyek_szama": null, "pince": "nan", "napelem": "nan", "komfort": "nincs megadva", "belmagassag_raw": "nincs megadva", "akadalymentesitett": "nincs megadva", "furdo_wc": "egy helyiségben", "tajolas": "nincs megadva", "kilatas": "nincs megadva", "szigeteles": "nincs megadva", "tetoter": "nincs megadva", "panelprogram": "nan", "gepesitett": "igen", "kisallat": "nem hozható", "dohanyzas": "nem megengedett", "atlag_gazfogyasztas": "nincs megadva", "atlag_aramfogyasztas": "nincs megadva", "tavolsag_metro_halozati_m": null, "menetido_metro_gyalog_perc": null, "metro_5p_seta": 0, "metro_10p_seta": 0, "metro_15p_seta": 0, "tavolsag_villamos_halozati_m": null, "menetido_villamos_gyalog_perc": null, "villamos_5p_seta": 0, "villamos_10p_seta": 0, "villamos_15p_seta": 0, "tavolsag_busz_halozati_m": null, "menetido_busz_gyalog_perc": null, "busz_5p_seta": 0, "busz_10p_seta": 0, "busz_15p_seta": 0, "tavolsag_kotottpalya_halozati_m": null, "menetido_kotottpalya_gyalog_perc": null, "kotottpalya_5p_seta": 0, "kotottpalya_10p_seta": 0, "kotottpalya_15p_seta": 0, "tavolsag_park_halozati_m": null, "menetido_park_gyalog_perc": null, "park_5p_seta": 0, "park_10p_seta": 0, "park_15p_seta": 0, "poi_5p_count": null, "poi_10p_count": null, "poi_15p_count": null, "tavolsag_iskola_halozati_m": null, "iskola_5p_seta": 0, "iskola_10p_seta": 0, "iskola_15p_seta": 0, "tavolsag_ovoda_halozati_m": null, "ovoda_5p_seta": 0, "ovoda_10p_seta": 0, "ovoda_15p_seta": 0, "tavolsag_bolt_halozati_m": null, "bolt_5p_seta": 0, "bolt_10p_seta": 0, "bolt_15p_seta": 0, "tavolsag_gyogyszertar_halozati_m": null, "gyogyszertar_5p_seta": 0, "gyogyszertar_10p_seta": 0, "gyogyszertar_15p_seta": 0, "tavolsag_orvos_halozati_m": null, "orvos_5p_seta": 0, "orvos_10p_seta": 0, "orvos_15p_seta": 0, "legkozelebbi_vasut": "", "legkozelebbi_metro": "", "legkozelebbi_villamos": "", "legkozelebbi_busz": "", "legkozelebbi_park": "", "legkozelebbi_kotottpalya_tipus": "", "varosresz_geokodolt": "Újhegy", "geokodolas_szolgaltato": "nominatim/photon", "felhasznalt_hazszam": 7.0, "legkozelebbi_iskola": "", "legkozelebbi_ovoda": "", "legkozelebbi_bolt": "", "legkozelebbi_gyogyszertar": "", "legkozelebbi_orvos": "", "menetido_iskola_gyalog_perc": null, "menetido_ovoda_gyalog_perc": null, "menetido_bolt_gyalog_perc": null, "menetido_gyogyszertar_gyalog_perc": null, "menetido_orvos_gyalog_perc": null }, "geometry": { "type": "Point", "coordinates": [ 19.1651884, 47.4684924 ] } },
{ "type": "Feature", "properties": { "listing_id": "35468797", "listing_type": "kiado", "ingatlan_tipus": "uzlethelyiseg", "cim_teljes": "Budapest X. kerület, Keresztúri út 108.", "iranyitoszam": "1106", "varos": "Budapest", "utca": "Keresztúri út", "hazszam": "108", "cim_forras": "strukturalt", "url": "https://ingatlan.com/x-ker/kiado+uzlethelyiseg/egyeb-uzlethelyiseg/35468797", "gyujtes_datuma": "2026-10-08", "price_huf": 300000.0, "ar_millio_ft": 0.3, "ar_ezer_ft_ho": 300.0, "nm_ar_huf": 10000.0, "log_ar": 12.611537753638338, "log_nm_ar": 9.2103403719761836, "is_ar_outlier": 0, "alapterulet_nm": 30.0, "korrigalt_alapterulet_nm": 30.0, "szobaszam_osszes": null, "szobaszam_kategoria": null, "allapot_kod": 3, "is_felujitando": 0, "is_ujszeru_vagy_uj": 0, "is_panel": 0, "is_tegla": 0, "has_lift": 1, "has_klima": 1, "has_erkely": 0, "is_foldszint": 1, "is_zaroszint": 0, "is_tetoter": 0, "epulet_kora_ev": null, "geokodolt_lat": 47.4910864, "geokodolt_lon": 19.1709441, "geokodolas_modszere": "cim_nominatim", "geokodolas_pontossag": "hazszam", "minta_garantalt_pontos": 1, "tavolsag_vasut_m": 1177.0, "vasut_zona": "1000-2000 m", "is_vasut_immisszio_150m": 0, "tavolsag_vasut_halozati_m": null, "menetido_vasut_gyalog_perc": null, "vasut_5p_seta": 0, "vasut_10p_seta": 0, "vasut_15p_seta": 0, "is_duplikalt_gyanus": 0, "varosresz": "Felsőrákos", "title": "Ingatlan kép", "allapot": "jó állapotú", "ingatlan_altipus": "egyeb-uzlethelyiseg", "epites_eve": null, "epites_eve_kategoria": "Ismeretlen", "epites_eve_szoveg": "nincs megadva", "epites_eve_becsult": null, "erkely_nm": null, "szobaszam_egesz": null, "szobaszam_fel": null, "atlagos_szobameret_nm": null, "emelet": "földszint", "emelet_szam": null, "epulet_szintjei_szam": null, "is_magas_emelet_lift_nelkul": 0, "futes": "nan", "futes_kategoria": "egyeb", "has_tavfutes": 0, "has_konvektor": 0, "has_megujulo": 0, "has_garazs_vagy_beallo": 0, "energetikai_tanusitvany": "nincs megadva", "butorozott": "nan", "koltozheto": "azonnal", "min_berleti_ido": "12 hónap", "kertkapcsolatos": "nan", "kozos_koltseg_huf": null, "rezsikoltseg_huf": null, "kaucio_huf": null, "hirdeto_tipus": null, "iroda_neve": null, "leiras": "KÖZVETÍTŐVEL EGYÜTTMŰKÖDÖK! Felsőrákos frekventált részén, 30 m2-es, bútorozott, klimatizált, felújított, utcai bejáratú üzlethelyiség kiadó Az azonnal birtokbavehető üzlet alkalmas -Kereskedelmi tevékenységnek -Raktározási tevékenységre - Irodai használatravehető bérbe. Igény szerint, felár ellenében további 30 m2-rel bővíthető. 3 havi kaució és adott havi bérleti díj megfizetését követően, hosszútávra vehető bérbe. Kérdések, megtekintési szándék esetén, kérem vegye fel velem a kapcsolatot!", "oldal_allapot": "hirdetes", "leiras_hossz": 496.0, "fenykepek_szama": null, "lat_portal": 47.490596, "lon_portal": 19.170592, "portal_pozicio_sugar_m": null, "price_eur": null, "nm_ar_eur": null, "kozos_koltseg_eur": null, "rezsikoltseg_eur": null, "kaucio_eur": null, "parkolas": "nan", "parkolohely_ara": null, "parkolohelyek_szama": null, "pince": "nan", "napelem": "nan", "komfort": "nan", "belmagassag_raw": "nan", "akadalymentesitett": "nan", "furdo_wc": "nan", "tajolas": "nan", "kilatas": "nan", "szigeteles": "nan", "tetoter": "nan", "panelprogram": "nan", "gepesitett": "nan", "kisallat": "nan", "dohanyzas": "nan", "atlag_gazfogyasztas": "nan", "atlag_aramfogyasztas": "nan", "tavolsag_metro_halozati_m": null, "menetido_metro_gyalog_perc": null, "metro_5p_seta": 0, "metro_10p_seta": 0, "metro_15p_seta": 0, "tavolsag_villamos_halozati_m": null, "menetido_villamos_gyalog_perc": null, "villamos_5p_seta": 0, "villamos_10p_seta": 0, "villamos_15p_seta": 0, "tavolsag_busz_halozati_m": null, "menetido_busz_gyalog_perc": null, "busz_5p_seta": 0, "busz_10p_seta": 0, "busz_15p_seta": 0, "tavolsag_kotottpalya_halozati_m": null, "menetido_kotottpalya_gyalog_perc": null, "kotottpalya_5p_seta": 0, "kotottpalya_10p_seta": 0, "kotottpalya_15p_seta": 0, "tavolsag_park_halozati_m": null, "menetido_park_gyalog_perc": null, "park_5p_seta": 0, "park_10p_seta": 0, "park_15p_seta": 0, "poi_5p_count": null, "poi_10p_count": null, "poi_15p_count": null, "tavolsag_iskola_halozati_m": null, "iskola_5p_seta": 0, "iskola_10p_seta": 0, "iskola_15p_seta": 0, "tavolsag_ovoda_halozati_m": null, "ovoda_5p_seta": 0, "ovoda_10p_seta": 0, "ovoda_15p_seta": 0, "tavolsag_bolt_halozati_m": null, "bolt_5p_seta": 0, "bolt_10p_seta": 0, "bolt_15p_seta": 0, "tavolsag_gyogyszertar_halozati_m": null, "gyogyszertar_5p_seta": 0, "gyogyszertar_10p_seta": 0, "gyogyszertar_15p_seta": 0, "tavolsag_orvos_halozati_m": null, "orvos_5p_seta": 0, "orvos_10p_seta": 0, "orvos_15p_seta": 0, "legkozelebbi_vasut": "", "legkozelebbi_metro": "", "legkozelebbi_villamos": "", "legkozelebbi_busz": "", "legkozelebbi_park": "", "legkozelebbi_kotottpalya_tipus": "", "varosresz_geokodolt": "Felsőrákos", "geokodolas_szolgaltato": "nominatim/photon", "felhasznalt_hazszam": 108.0, "legkozelebbi_iskola": "", "legkozelebbi_ovoda": "", "legkozelebbi_bolt": "", "legkozelebbi_gyogyszertar": "", "legkozelebbi_orvos": "", "menetido_iskola_gyalog_perc": null, "menetido_ovoda_gyalog_perc": null, "menetido_bolt_gyalog_perc": null, "menetido_gyogyszertar_gyalog_perc": null, "menetido_orvos_gyalog_perc": null }, "geometry": { "type": "Point", "coordinates": [ 19.1709441, 47.4910864 ] } },
{ "type": "Feature", "properties": { "listing_id": "35470729", "listing_type": "kiado", "ingatlan_tipus": "lakas", "cim_teljes": "Budapest X. kerület, Gyógyszergyári utca 6.", "iranyitoszam": "1106", "varos": "Budapest", "utca": "Gyógyszergyári utca", "hazszam": "6", "cim_forras": "strukturalt", "url": "https://ingatlan.com/x-ker/kiado+lakas/csusztatott-zsalus/35470729", "gyujtes_datuma": "2026-10-08", "price_huf": 280000.0, "ar_millio_ft": 0.28, "ar_ezer_ft_ho": 280.0, "nm_ar_huf": 6511.6279069767443, "log_ar": 12.542544882151386, "log_nm_ar": 8.7813447664578241, "is_ar_outlier": 0, "alapterulet_nm": 43.0, "korrigalt_alapterulet_nm": 48.5, "szobaszam_osszes": 2.0, "szobaszam_kategoria": "2 szoba", "allapot_kod": 6, "is_felujitando": 0, "is_ujszeru_vagy_uj": 1, "is_panel": 0, "is_tegla": 0, "has_lift": 1, "has_klima": 1, "has_erkely": 1, "is_foldszint": 0, "is_zaroszint": 0, "is_tetoter": 0, "epulet_kora_ev": 0.0, "geokodolt_lat": 47.4981391, "geokodolt_lon": 19.1407571, "geokodolas_modszere": "cim_nominatim", "geokodolas_pontossag": "hazszam", "minta_garantalt_pontos": 1, "tavolsag_vasut_m": 590.2, "vasut_zona": "500-1000 m", "is_vasut_immisszio_150m": 0, "tavolsag_vasut_halozati_m": 1352.6, "menetido_vasut_gyalog_perc": 18.0, "vasut_5p_seta": 0, "vasut_10p_seta": 0, "vasut_15p_seta": 0, "is_duplikalt_gyanus": 0, "varosresz": "Felsőrákos", "title": "Ingatlan kép", "allapot": "új építésű", "ingatlan_altipus": "csusztatott-zsalus", "epites_eve": 2026.0, "epites_eve_kategoria": "0-10 év (új)", "epites_eve_szoveg": "2026", "epites_eve_becsult": null, "erkely_nm": 11.0, "szobaszam_egesz": 2.0, "szobaszam_fel": 0.0, "atlagos_szobameret_nm": 24.25, "emelet": "4", "emelet_szam": 4.0, "epulet_szintjei_szam": 8.0, "is_magas_emelet_lift_nelkul": 0, "futes": "távfűtés, hűtő-fűtő klíma", "futes_kategoria": "tavfutes", "has_tavfutes": 1, "has_konvektor": 0, "has_megujulo": 0, "has_garazs_vagy_beallo": 1, "energetikai_tanusitvany": "A+", "butorozott": "igen", "koltozheto": "azonnal", "min_berleti_ido": "12 hónap", "kertkapcsolatos": "nem", "kozos_koltseg_huf": null, "rezsikoltseg_huf": null, "kaucio_huf": null, "hirdeto_tipus": null, "iroda_neve": null, "leiras": "Kiadó egy modern, teljesen új, 43 m² lakóterületű, 11 m² erkélyes lakás a Kincsem Lakópark K1 épületében, a 4. emeleten. A lakás keleti fekvésű, udvarra néz, így világos, csendes és kellemes életteret biztosít. Elhelyezkedésének köszönhetően kiváló tömegközlekedési lehetőségeket kínál: könnyen megközelíthető az újonnan kialakításra kerülő villamosmegálló a Fehér úton, valamint a buszmegálló a Gyógyszergyári utcán. Az Örs vezér tere mindössze 15 perc sétára található, ahol az M2-es metró, a H8/H9 HÉV, a 3-as és 62-es villamos, valamint több busz- és trolijárat is elérhető. A lakáshoz földszinti parkolóhely is tartozik, amely 30 000 Ft/hó díj ellenében bérelhető. A lakás teljes körűen gépesített, bútorozott és felszerelt lesz. Az előszobában és a konyhában egyedi bútorok kerülnek beépítésre, a nappali és a hálószoba pedig IKEA bútorokkal lesz berendezve. A modern konyha mosogatógéppel, alulfagyasztós hűtőszekrénnyel, sütővel, mikrohullámú sütővel, indukciós főzőlappal, valamint indukciós Tefal edényszettel lesz felszerelve. A fürdőszoba zuhanyzós kialakítású, és mosógép-szárítógép toronnyal, törölközőszárítóval, valamint fürdőszobabútorral lesz ellátva. A hálószobában PAX gardrób, MALM ágy matraccal és éjjeliszekrények biztosítják a kényelmet. A nappali kanapéval, televízióval és médiabútorral kerül berendezésre, igény esetén pedig elektromos állítható asztalos munkaállomás is kialakítható. A helyiségekben a függönyök mellett elektromos redőnyök biztosítják a megfelelő árnyékolást. Az erkély szintén bútorozott lesz, így kellemes pihenőhelyként szolgálhat. A lakás kisállattal is költözhető, és első lakóját várja. Minimum 12 hónapra kiadó, 2 havi kaució és 1 havi bérleti díj megfizetése szükséges.", "oldal_allapot": "hirdetes", "leiras_hossz": 1722.0, "fenykepek_szama": 6.0, "lat_portal": 47.497833, "lon_portal": 19.141041, "portal_pozicio_sugar_m": null, "price_eur": null, "nm_ar_eur": null, "kozos_koltseg_eur": null, "rezsikoltseg_eur": null, "kaucio_eur": null, "parkolas": "teremgarázs hely - bérelhető", "parkolohely_ara": 30000.0, "parkolohelyek_szama": null, "pince": "nan", "napelem": "nan", "komfort": "összkomfortos", "belmagassag_raw": "3 m-nél alacsonyabb", "akadalymentesitett": "igen", "furdo_wc": "egy helyiségben", "tajolas": "kelet", "kilatas": "udvari", "szigeteles": "van", "tetoter": "nan", "panelprogram": "nan", "gepesitett": "igen", "kisallat": "hozható", "dohanyzas": "nem megengedett", "atlag_gazfogyasztas": "Nincs gáz bekötve az ingatlanba", "atlag_aramfogyasztas": "nincs megadva", "tavolsag_metro_halozati_m": null, "menetido_metro_gyalog_perc": null, "metro_5p_seta": 0, "metro_10p_seta": 0, "metro_15p_seta": 0, "tavolsag_villamos_halozati_m": 772.2, "menetido_villamos_gyalog_perc": 10.3, "villamos_5p_seta": 0, "villamos_10p_seta": 0, "villamos_15p_seta": 1, "tavolsag_busz_halozati_m": 620.4, "menetido_busz_gyalog_perc": 8.3, "busz_5p_seta": 0, "busz_10p_seta": 1, "busz_15p_seta": 1, "tavolsag_kotottpalya_halozati_m": 772.2, "menetido_kotottpalya_gyalog_perc": 10.3, "kotottpalya_5p_seta": 0, "kotottpalya_10p_seta": 0, "kotottpalya_15p_seta": 1, "tavolsag_park_halozati_m": 1429.5, "menetido_park_gyalog_perc": 19.1, "park_5p_seta": 0, "park_10p_seta": 0, "park_15p_seta": 0, "poi_5p_count": 0.0, "poi_10p_count": 1.0, "poi_15p_count": 6.0, "tavolsag_iskola_halozati_m": null, "iskola_5p_seta": 0, "iskola_10p_seta": 0, "iskola_15p_seta": 0, "tavolsag_ovoda_halozati_m": 1751.6, "ovoda_5p_seta": 0, "ovoda_10p_seta": 0, "ovoda_15p_seta": 0, "tavolsag_bolt_halozati_m": 2027.2, "bolt_5p_seta": 0, "bolt_10p_seta": 0, "bolt_15p_seta": 0, "tavolsag_gyogyszertar_halozati_m": 1516.0, "gyogyszertar_5p_seta": 0, "gyogyszertar_10p_seta": 0, "gyogyszertar_15p_seta": 0, "tavolsag_orvos_halozati_m": null, "orvos_5p_seta": 0, "orvos_10p_seta": 0, "orvos_15p_seta": 0, "legkozelebbi_vasut": "Kőbánya felső", "legkozelebbi_metro": "", "legkozelebbi_villamos": "Terebesi utca", "legkozelebbi_busz": "Albertirsai köz", "legkozelebbi_park": "Sajó Sándor tér", "legkozelebbi_kotottpalya_tipus": "villamos", "varosresz_geokodolt": "Felsőrákos", "geokodolas_szolgaltato": "nominatim/photon", "felhasznalt_hazszam": 6.0, "legkozelebbi_iskola": "", "legkozelebbi_ovoda": "Apró csodák Bölcsőde", "legkozelebbi_bolt": "", "legkozelebbi_gyogyszertar": "Harmat Patika", "legkozelebbi_orvos": "", "menetido_iskola_gyalog_perc": null, "menetido_ovoda_gyalog_perc": 23.4, "menetido_bolt_gyalog_perc": 27.0, "menetido_gyogyszertar_gyalog_perc": 20.2, "menetido_orvos_gyalog_perc": null }, "geometry": { "type": "Point", "coordinates": [ 19.1407571, 47.4981391 ] } },
{ "type": "Feature", "properties": { "listing_id": "35472239", "listing_type": "kiado", "ingatlan_tipus": "iroda", "cim_teljes": "Budapest X. kerület, Füzér utca 46.", "iranyitoszam": "1102", "varos": "Budapest", "utca": "Füzér utca", "hazszam": "46", "cim_forras": "strukturalt", "url": "https://ingatlan.com/x-ker/kiado+iroda/egyeb-iroda/35472239", "gyujtes_datuma": "2026-10-08", "price_huf": 110000.0, "ar_millio_ft": 0.11, "ar_ezer_ft_ho": 110.0, "nm_ar_huf": 1222.2222222222222, "log_ar": 11.608235644774552, "log_nm_ar": 7.1084259744442884, "is_ar_outlier": 1, "alapterulet_nm": 90.0, "korrigalt_alapterulet_nm": 90.0, "szobaszam_osszes": null, "szobaszam_kategoria": null, "allapot_kod": 0, "is_felujitando": 0, "is_ujszeru_vagy_uj": 0, "is_panel": 0, "is_tegla": 0, "has_lift": 1, "has_klima": 0, "has_erkely": 0, "is_foldszint": 0, "is_zaroszint": 0, "is_tetoter": 0, "epulet_kora_ev": null, "geokodolt_lat": 47.4881399, "geokodolt_lon": 19.1265867, "geokodolas_modszere": "cim_nominatim", "geokodolas_pontossag": "hazszam", "minta_garantalt_pontos": 1, "tavolsag_vasut_m": 206.7, "vasut_zona": "150-300 m", "is_vasut_immisszio_150m": 0, "tavolsag_vasut_halozati_m": 837.9, "menetido_vasut_gyalog_perc": 11.2, "vasut_5p_seta": 0, "vasut_10p_seta": 0, "vasut_15p_seta": 1, "is_duplikalt_gyanus": 0, "varosresz": "Ligettelek", "title": "Nincs kép", "allapot": "nincs megadva", "ingatlan_altipus": "egyeb-iroda", "epites_eve": null, "epites_eve_kategoria": "Ismeretlen", "epites_eve_szoveg": "nincs megadva", "epites_eve_becsult": null, "erkely_nm": null, "szobaszam_egesz": null, "szobaszam_fel": null, "atlagos_szobameret_nm": null, "emelet": "nincs megadva", "emelet_szam": null, "epulet_szintjei_szam": null, "is_magas_emelet_lift_nelkul": 0, "futes": "nan", "futes_kategoria": "egyeb", "has_tavfutes": 0, "has_konvektor": 0, "has_megujulo": 0, "has_garazs_vagy_beallo": 0, "energetikai_tanusitvany": "nincs megadva", "butorozott": "nincs megadva", "koltozheto": "nincs megadva", "min_berleti_ido": "nincs megadva", "kertkapcsolatos": "nan", "kozos_koltseg_huf": null, "rezsikoltseg_huf": null, "kaucio_huf": null, "hirdeto_tipus": null, "iroda_neve": null, "leiras": "Bérlőtársat keresünk sürgősen, olcsón kiadó bérleménybe! Budapest X. kerületében csendes, nyugodt helyen, jó közlekedéssel, a Liget Lakópark szomszédságában, 5 perc sétára a központtól, egy 14nm és 24nm alapterületű iroda kizárólagos használatra, hosszútávra , olcsón, megfizethető áron kiadó! Valamint további helyiségek is tartoznak a bérleményhez, melyek a másik Bérlővel közös használatúak! (előszoba, konyha, kézmosó és WC helyiség, melyeknek összterülete, 38nm), Az irodai helyiségek felújítottak! A terület kiválóan alkalmas csendes tevékenységű vállalkozás helyszínére, online árusításra, valamint irodának vagy raktározási célokra, esetleg kisebb létszámú workshopok tartására! A terület saját vízóra-, és villanyóramérővel rendelkezik. Képeket Emailben tudok küldeni! Parkolás az utcán , ingyenesen lehetséges! Bérleti díj: 110 eFt + ÁFA", "oldal_allapot": "hirdetes", "leiras_hossz": 847.0, "fenykepek_szama": null, "lat_portal": 47.488224, "lon_portal": 19.127246, "portal_pozicio_sugar_m": null, "price_eur": null, "nm_ar_eur": null, "kozos_koltseg_eur": null, "rezsikoltseg_eur": null, "kaucio_eur": null, "parkolas": "nincs megadva", "parkolohely_ara": null, "parkolohelyek_szama": null, "pince": "nan", "napelem": "nan", "komfort": "nan", "belmagassag_raw": "nan", "akadalymentesitett": "nincs megadva", "furdo_wc": "nan", "tajolas": "nan", "kilatas": "nan", "szigeteles": "nan", "tetoter": "nincs megadva", "panelprogram": "nan", "gepesitett": "nan", "kisallat": "nan", "dohanyzas": "nan", "atlag_gazfogyasztas": "nan", "atlag_aramfogyasztas": "nan", "tavolsag_metro_halozati_m": null, "menetido_metro_gyalog_perc": null, "metro_5p_seta": 0, "metro_10p_seta": 0, "metro_15p_seta": 0, "tavolsag_villamos_halozati_m": 379.3, "menetido_villamos_gyalog_perc": 5.1, "villamos_5p_seta": 0, "villamos_10p_seta": 1, "villamos_15p_seta": 1, "tavolsag_busz_halozati_m": 388.9, "menetido_busz_gyalog_perc": 5.2, "busz_5p_seta": 0, "busz_10p_seta": 1, "busz_15p_seta": 1, "tavolsag_kotottpalya_halozati_m": 379.3, "menetido_kotottpalya_gyalog_perc": 5.1, "kotottpalya_5p_seta": 0, "kotottpalya_10p_seta": 1, "kotottpalya_15p_seta": 1, "tavolsag_park_halozati_m": 427.8, "menetido_park_gyalog_perc": 5.7, "park_5p_seta": 0, "park_10p_seta": 1, "park_15p_seta": 1, "poi_5p_count": 1.0, "poi_10p_count": 36.0, "poi_15p_count": 103.0, "tavolsag_iskola_halozati_m": 1326.2, "iskola_5p_seta": 0, "iskola_10p_seta": 0, "iskola_15p_seta": 0, "tavolsag_ovoda_halozati_m": 1049.7, "ovoda_5p_seta": 0, "ovoda_10p_seta": 0, "ovoda_15p_seta": 1, "tavolsag_bolt_halozati_m": 253.7, "bolt_5p_seta": 1, "bolt_10p_seta": 1, "bolt_15p_seta": 1, "tavolsag_gyogyszertar_halozati_m": 688.3, "gyogyszertar_5p_seta": 0, "gyogyszertar_10p_seta": 1, "gyogyszertar_15p_seta": 1, "tavolsag_orvos_halozati_m": null, "orvos_5p_seta": 0, "orvos_10p_seta": 0, "orvos_15p_seta": 0, "legkozelebbi_vasut": "Kőbánya alsó", "legkozelebbi_metro": "", "legkozelebbi_villamos": "Halom utca", "legkozelebbi_busz": "Őrház", "legkozelebbi_park": "Liget Grund", "legkozelebbi_kotottpalya_tipus": "villamos", "varosresz_geokodolt": "Ligettelek", "geokodolas_szolgaltato": "nominatim/photon", "felhasznalt_hazszam": 46.0, "legkozelebbi_iskola": "Szervátiusz Jenő Általános Iskola", "legkozelebbi_ovoda": "Apró csodák Bölcsőde", "legkozelebbi_bolt": "Pi-víz és gyógynövény biobolt", "legkozelebbi_gyogyszertar": "Benu", "legkozelebbi_orvos": "", "menetido_iskola_gyalog_perc": 17.7, "menetido_ovoda_gyalog_perc": 14.0, "menetido_bolt_gyalog_perc": 3.4, "menetido_gyogyszertar_gyalog_perc": 9.2, "menetido_orvos_gyalog_perc": null }, "geometry": { "type": "Point", "coordinates": [ 19.1265867, 47.4881399 ] } },
{ "type": "Feature", "properties": { "listing_id": "35480949", "listing_type": "kiado", "ingatlan_tipus": "raktar", "cim_teljes": "Budapest X. kerület, Gyömrői út 128.", "iranyitoszam": "1103", "varos": "Budapest", "utca": "Gyömrői út", "hazszam": "128", "cim_forras": "strukturalt", "url": "https://ingatlan.com/x-ker/kiado+raktar/raktarhelyiseg/35480949", "gyujtes_datuma": "2026-10-08", "price_huf": 97500.0, "ar_millio_ft": 0.0975, "ar_ezer_ft_ho": 97.5, "nm_ar_huf": 1950.0, "log_ar": 11.487607656985938, "log_nm_ar": 7.5755846515577927, "is_ar_outlier": 1, "alapterulet_nm": 50.0, "korrigalt_alapterulet_nm": 50.0, "szobaszam_osszes": null, "szobaszam_kategoria": null, "allapot_kod": 0, "is_felujitando": 0, "is_ujszeru_vagy_uj": 0, "is_panel": 0, "is_tegla": 0, "has_lift": 1, "has_klima": 1, "has_erkely": 0, "is_foldszint": 0, "is_zaroszint": 0, "is_tetoter": 0, "epulet_kora_ev": null, "geokodolt_lat": 47.4644852, "geokodolt_lon": 19.1595928, "geokodolas_modszere": "cim_nominatim", "geokodolas_pontossag": "hazszam", "minta_garantalt_pontos": 1, "tavolsag_vasut_m": 280.8, "vasut_zona": "150-300 m", "is_vasut_immisszio_150m": 0, "tavolsag_vasut_halozati_m": null, "menetido_vasut_gyalog_perc": null, "vasut_5p_seta": 0, "vasut_10p_seta": 0, "vasut_15p_seta": 0, "is_duplikalt_gyanus": 0, "varosresz": "Újhegy", "title": "Ingatlan kép", "allapot": "nan", "ingatlan_altipus": "raktarhelyiseg", "epites_eve": null, "epites_eve_kategoria": "Ismeretlen", "epites_eve_szoveg": "nan", "epites_eve_becsult": null, "erkely_nm": null, "szobaszam_egesz": null, "szobaszam_fel": null, "atlagos_szobameret_nm": null, "emelet": "nincs megadva", "emelet_szam": null, "epulet_szintjei_szam": null, "is_magas_emelet_lift_nelkul": 0, "futes": "nan", "futes_kategoria": "egyeb", "has_tavfutes": 0, "has_konvektor": 0, "has_megujulo": 0, "has_garazs_vagy_beallo": 0, "energetikai_tanusitvany": "nincs megadva", "butorozott": "nan", "koltozheto": "azonnal", "min_berleti_ido": "12 hónap", "kertkapcsolatos": "nan", "kozos_koltseg_huf": null, "rezsikoltseg_huf": null, "kaucio_huf": null, "hirdeto_tipus": null, "iroda_neve": null, "leiras": "Kiadó a X. kerület Gyömrői úton egy 50m2-es, 3 helyiségből álló, hideg raktár. A telephely éjjel-nappali őrszolgálattal üzemel valamint méretének és beosztásának köszönhetően könnyen megközelíthető illetve mind kisebb mind nagyobb teherautóval vagy akár kamionnal is be lehet állni. Bérleti díj: 1950,-Ft+áfa/hó Villany: mérés alapján külön fizetendő Kaució: 2 havi bérleti díj /bruttó/", "oldal_allapot": "hirdetes", "leiras_hossz": 386.0, "fenykepek_szama": null, "lat_portal": 47.464485, "lon_portal": 19.159593, "portal_pozicio_sugar_m": null, "price_eur": null, "nm_ar_eur": null, "kozos_koltseg_eur": null, "rezsikoltseg_eur": null, "kaucio_eur": null, "parkolas": "nan", "parkolohely_ara": null, "parkolohelyek_szama": null, "pince": "nan", "napelem": "nan", "komfort": "nan", "belmagassag_raw": "nan", "akadalymentesitett": "nan", "furdo_wc": "nan", "tajolas": "nan", "kilatas": "nan", "szigeteles": "nan", "tetoter": "nan", "panelprogram": "nan", "gepesitett": "nan", "kisallat": "nan", "dohanyzas": "nan", "atlag_gazfogyasztas": "nan", "atlag_aramfogyasztas": "nan", "tavolsag_metro_halozati_m": null, "menetido_metro_gyalog_perc": null, "metro_5p_seta": 0, "metro_10p_seta": 0, "metro_15p_seta": 0, "tavolsag_villamos_halozati_m": null, "menetido_villamos_gyalog_perc": null, "villamos_5p_seta": 0, "villamos_10p_seta": 0, "villamos_15p_seta": 0, "tavolsag_busz_halozati_m": null, "menetido_busz_gyalog_perc": null, "busz_5p_seta": 0, "busz_10p_seta": 0, "busz_15p_seta": 0, "tavolsag_kotottpalya_halozati_m": null, "menetido_kotottpalya_gyalog_perc": null, "kotottpalya_5p_seta": 0, "kotottpalya_10p_seta": 0, "kotottpalya_15p_seta": 0, "tavolsag_park_halozati_m": null, "menetido_park_gyalog_perc": null, "park_5p_seta": 0, "park_10p_seta": 0, "park_15p_seta": 0, "poi_5p_count": null, "poi_10p_count": null, "poi_15p_count": null, "tavolsag_iskola_halozati_m": null, "iskola_5p_seta": 0, "iskola_10p_seta": 0, "iskola_15p_seta": 0, "tavolsag_ovoda_halozati_m": null, "ovoda_5p_seta": 0, "ovoda_10p_seta": 0, "ovoda_15p_seta": 0, "tavolsag_bolt_halozati_m": null, "bolt_5p_seta": 0, "bolt_10p_seta": 0, "bolt_15p_seta": 0, "tavolsag_gyogyszertar_halozati_m": null, "gyogyszertar_5p_seta": 0, "gyogyszertar_10p_seta": 0, "gyogyszertar_15p_seta": 0, "tavolsag_orvos_halozati_m": null, "orvos_5p_seta": 0, "orvos_10p_seta": 0, "orvos_15p_seta": 0, "legkozelebbi_vasut": "", "legkozelebbi_metro": "", "legkozelebbi_villamos": "", "legkozelebbi_busz": "", "legkozelebbi_park": "", "legkozelebbi_kotottpalya_tipus": "", "varosresz_geokodolt": "Újhegy", "geokodolas_szolgaltato": "nominatim/photon", "felhasznalt_hazszam": 128.0, "legkozelebbi_iskola": "", "legkozelebbi_ovoda": "", "legkozelebbi_bolt": "", "legkozelebbi_gyogyszertar": "", "legkozelebbi_orvos": "", "menetido_iskola_gyalog_perc": null, "menetido_ovoda_gyalog_perc": null, "menetido_bolt_gyalog_perc": null, "menetido_gyogyszertar_gyalog_perc": null, "menetido_orvos_gyalog_perc": null }, "geometry": { "type": "Point", "coordinates": [ 19.1595928, 47.4644852 ] } },
{ "type": "Feature", "properties": { "listing_id": "35484217", "listing_type": "kiado", "ingatlan_tipus": "lakas", "cim_teljes": "Budapest X. kerület, Gyakorló utca 4.", "iranyitoszam": "1106", "varos": "Budapest", "utca": "Gyakorló utca", "hazszam": "4", "cim_forras": "strukturalt", "url": "https://ingatlan.com/x-ker/kiado+lakas/panel-lakas/35484217", "gyujtes_datuma": "2026-10-08", "price_huf": 290000.0, "ar_millio_ft": 0.29, "ar_ezer_ft_ho": 290.0, "nm_ar_huf": 4264.7058823529414, "log_ar": 12.577636201962656, "log_nm_ar": 8.3581284967865503, "is_ar_outlier": 0, "alapterulet_nm": 68.0, "korrigalt_alapterulet_nm": 69.5, "szobaszam_osszes": 3.0, "szobaszam_kategoria": "3 szoba", "allapot_kod": 4, "is_felujitando": 0, "is_ujszeru_vagy_uj": 0, "is_panel": 1, "is_tegla": 0, "has_lift": 1, "has_klima": 1, "has_erkely": 1, "is_foldszint": 0, "is_zaroszint": 0, "is_tetoter": 0, "epulet_kora_ev": null, "geokodolt_lat": 47.5017739, "geokodolt_lon": 19.1391076, "geokodolas_modszere": "cim_nominatim", "geokodolas_pontossag": "hazszam", "minta_garantalt_pontos": 1, "tavolsag_vasut_m": 1009.4, "vasut_zona": "1000-2000 m", "is_vasut_immisszio_150m": 0, "tavolsag_vasut_halozati_m": null, "menetido_vasut_gyalog_perc": null, "vasut_5p_seta": 0, "vasut_10p_seta": 0, "vasut_15p_seta": 0, "is_duplikalt_gyanus": 0, "varosresz": "Felsőrákos", "title": "Ingatlan kép", "allapot": "felújított", "ingatlan_altipus": "panel-lakas", "epites_eve": null, "epites_eve_kategoria": "Ismeretlen", "epites_eve_szoveg": "nincs megadva", "epites_eve_becsult": null, "erkely_nm": 3.0, "szobaszam_egesz": 3.0, "szobaszam_fel": 0.0, "atlagos_szobameret_nm": 23.166666666666668, "emelet": "4", "emelet_szam": 4.0, "epulet_szintjei_szam": 10.0, "is_magas_emelet_lift_nelkul": 0, "futes": "távfűtés, hűtő-fűtő klíma", "futes_kategoria": "tavfutes", "has_tavfutes": 1, "has_konvektor": 0, "has_megujulo": 0, "has_garazs_vagy_beallo": 0, "energetikai_tanusitvany": "nincs megadva", "butorozott": "igen", "koltozheto": "azonnal", "min_berleti_ido": "12 hónap", "kertkapcsolatos": "nem", "kozos_koltseg_huf": 22400.0, "rezsikoltseg_huf": null, "kaucio_huf": null, "hirdeto_tipus": null, "iroda_neve": null, "leiras": "Nappali + 2 hálószobás, légkondival felszerelt, napsütötte, hangulatos, gondozott lakás kiadó. A két háló egymástól függetlenül megközelíthető, az egyik a folyosóról, a másik pedig a nappaliból nyílik. A két háló között nincs átjárás. A fürdőszobában van kád és mosógép, a wc külön helyiségben helyezkedik el. A konyha gépesített, van hűtő, fagyasztó, mosogatógép, szagelszívó. A lakás bútorozott, rengeteg pakolási lehetőséget kínál. A konyha és a félszoba ablaka az Árkád parkolóház felé, az északi oldalra néz, a másik háló és a nappali pedig a déli oldal fele helyezkedik el. A légkondicionáló a nappaliba lett felszerelve, ami lehűti/felfűti a nagyobb hálószobát is. Az előző lakó 10 évig lakott benne, kiköltözése után felújításra került az ingatlan, azóta nem laktak benne. Pár perces sétatávolságon belül: Árkád, Örs Vezér téri metrómegálló, Cédrus piac, IKEA, Sugár. Képeket szívesen küldök külön.", "oldal_allapot": "hirdetes", "leiras_hossz": 906.0, "fenykepek_szama": 6.0, "lat_portal": 47.501438, "lon_portal": 19.138044, "portal_pozicio_sugar_m": null, "price_eur": null, "nm_ar_eur": null, "kozos_koltseg_eur": null, "rezsikoltseg_eur": null, "kaucio_eur": null, "parkolas": "utca, közterület", "parkolohely_ara": null, "parkolohelyek_szama": null, "pince": "nan", "napelem": "nan", "komfort": "összkomfortos", "belmagassag_raw": "nincs megadva", "akadalymentesitett": "nincs megadva", "furdo_wc": "külön helyiségben", "tajolas": "nincs megadva", "kilatas": "nincs megadva", "szigeteles": "nincs megadva", "tetoter": "nem tetőtéri", "panelprogram": "nincs megadva", "gepesitett": "igen", "kisallat": "nem hozható", "dohanyzas": "nem megengedett", "atlag_gazfogyasztas": "nincs megadva", "atlag_aramfogyasztas": "nincs megadva", "tavolsag_metro_halozati_m": null, "menetido_metro_gyalog_perc": null, "metro_5p_seta": 0, "metro_10p_seta": 0, "metro_15p_seta": 0, "tavolsag_villamos_halozati_m": null, "menetido_villamos_gyalog_perc": null, "villamos_5p_seta": 0, "villamos_10p_seta": 0, "villamos_15p_seta": 0, "tavolsag_busz_halozati_m": null, "menetido_busz_gyalog_perc": null, "busz_5p_seta": 0, "busz_10p_seta": 0, "busz_15p_seta": 0, "tavolsag_kotottpalya_halozati_m": null, "menetido_kotottpalya_gyalog_perc": null, "kotottpalya_5p_seta": 0, "kotottpalya_10p_seta": 0, "kotottpalya_15p_seta": 0, "tavolsag_park_halozati_m": null, "menetido_park_gyalog_perc": null, "park_5p_seta": 0, "park_10p_seta": 0, "park_15p_seta": 0, "poi_5p_count": null, "poi_10p_count": null, "poi_15p_count": null, "tavolsag_iskola_halozati_m": null, "iskola_5p_seta": 0, "iskola_10p_seta": 0, "iskola_15p_seta": 0, "tavolsag_ovoda_halozati_m": null, "ovoda_5p_seta": 0, "ovoda_10p_seta": 0, "ovoda_15p_seta": 0, "tavolsag_bolt_halozati_m": null, "bolt_5p_seta": 0, "bolt_10p_seta": 0, "bolt_15p_seta": 0, "tavolsag_gyogyszertar_halozati_m": null, "gyogyszertar_5p_seta": 0, "gyogyszertar_10p_seta": 0, "gyogyszertar_15p_seta": 0, "tavolsag_orvos_halozati_m": null, "orvos_5p_seta": 0, "orvos_10p_seta": 0, "orvos_15p_seta": 0, "legkozelebbi_vasut": "", "legkozelebbi_metro": "", "legkozelebbi_villamos": "", "legkozelebbi_busz": "", "legkozelebbi_park": "", "legkozelebbi_kotottpalya_tipus": "", "varosresz_geokodolt": "Felsőrákos", "geokodolas_szolgaltato": "nominatim/photon", "felhasznalt_hazszam": 4.0, "legkozelebbi_iskola": "", "legkozelebbi_ovoda": "", "legkozelebbi_bolt": "", "legkozelebbi_gyogyszertar": "", "legkozelebbi_orvos": "", "menetido_iskola_gyalog_perc": null, "menetido_ovoda_gyalog_perc": null, "menetido_bolt_gyalog_perc": null, "menetido_gyogyszertar_gyalog_perc": null, "menetido_orvos_gyalog_perc": null }, "geometry": { "type": "Point", "coordinates": [ 19.1391076, 47.5017739 ] } },
{ "type": "Feature", "properties": { "listing_id": "35484631", "listing_type": "kiado", "ingatlan_tipus": "uzlethelyiseg", "cim_teljes": "Budapest X. kerület, Gyógyszergyári utca 6.", "iranyitoszam": "1106", "varos": "Budapest", "utca": "Gyógyszergyári utca", "hazszam": "6", "cim_forras": "strukturalt", "url": "https://ingatlan.com/x-ker/kiado+uzlethelyiseg/utcai-bejaratos-uzlethelyiseg/35484631", "gyujtes_datuma": "2026-10-08", "price_huf": 500000.0, "ar_millio_ft": 0.5, "ar_ezer_ft_ho": 500.0, "nm_ar_huf": 8064.5161290322585, "log_ar": 13.122363377404328, "log_nm_ar": 8.9952289923592375, "is_ar_outlier": 0, "alapterulet_nm": 62.0, "korrigalt_alapterulet_nm": 62.0, "szobaszam_osszes": null, "szobaszam_kategoria": null, "allapot_kod": 6, "is_felujitando": 0, "is_ujszeru_vagy_uj": 1, "is_panel": 0, "is_tegla": 0, "has_lift": 1, "has_klima": 1, "has_erkely": 0, "is_foldszint": 1, "is_zaroszint": 0, "is_tetoter": 0, "epulet_kora_ev": 0.0, "geokodolt_lat": 47.4981391, "geokodolt_lon": 19.1407571, "geokodolas_modszere": "cim_nominatim", "geokodolas_pontossag": "hazszam", "minta_garantalt_pontos": 1, "tavolsag_vasut_m": 590.2, "vasut_zona": "500-1000 m", "is_vasut_immisszio_150m": 0, "tavolsag_vasut_halozati_m": 1352.6, "menetido_vasut_gyalog_perc": 18.0, "vasut_5p_seta": 0, "vasut_10p_seta": 0, "vasut_15p_seta": 0, "is_duplikalt_gyanus": 0, "varosresz": "Felsőrákos", "title": "Ingatlan kép", "allapot": "új építésű", "ingatlan_altipus": "utcai-bejaratos-uzlethelyiseg", "epites_eve": 2026.0, "epites_eve_kategoria": "0-10 év (új)", "epites_eve_szoveg": "2026", "epites_eve_becsult": null, "erkely_nm": null, "szobaszam_egesz": null, "szobaszam_fel": null, "atlagos_szobameret_nm": null, "emelet": "földszint", "emelet_szam": null, "epulet_szintjei_szam": null, "is_magas_emelet_lift_nelkul": 0, "futes": "nan", "futes_kategoria": "egyeb", "has_tavfutes": 0, "has_konvektor": 0, "has_megujulo": 0, "has_garazs_vagy_beallo": 0, "energetikai_tanusitvany": "A+", "butorozott": "nan", "koltozheto": "azonnal", "min_berleti_ido": "36 hónap", "kertkapcsolatos": "nan", "kozos_koltseg_huf": null, "rezsikoltseg_huf": 85000.0, "kaucio_huf": null, "hirdeto_tipus": null, "iroda_neve": null, "leiras": "Kiadó üzlethelyiségek a Kincsem Lakóparkban! Budapest X. kerületében, a Kincsem Lakópark főbejáratánál, a Gyógyszergyári úton kiadó 2 egymás melletti üzlethelyiség: A lakópark főbejáratánál Közvetlenül buszmegálló mellett Jelentős gyalogos- és autósforgalom Több mint 2000 új lakásos fejlesztési környezetben Folyamatosan bővülő, stabil lakóközösség és vásárlóerő Jellemzők: Földszinti, utcai bejárat Nagy üvegfelületek Modern kialakítás Ideális: üzletnek, irodának, rendelőnek, szalonnak, bemutatóteremnek 61 m² 450 ezer Ft/hó 62 m² 500 ezer Ft/hó", "oldal_allapot": "hirdetes", "leiras_hossz": 548.0, "fenykepek_szama": null, "lat_portal": 47.497833, "lon_portal": 19.141041, "portal_pozicio_sugar_m": null, "price_eur": null, "nm_ar_eur": null, "kozos_koltseg_eur": null, "rezsikoltseg_eur": null, "kaucio_eur": null, "parkolas": "nan", "parkolohely_ara": null, "parkolohelyek_szama": null, "pince": "nan", "napelem": "nan", "komfort": "nan", "belmagassag_raw": "nan", "akadalymentesitett": "nan", "furdo_wc": "nan", "tajolas": "nan", "kilatas": "nan", "szigeteles": "nan", "tetoter": "nan", "panelprogram": "nan", "gepesitett": "nan", "kisallat": "nan", "dohanyzas": "nan", "atlag_gazfogyasztas": "nan", "atlag_aramfogyasztas": "nan", "tavolsag_metro_halozati_m": null, "menetido_metro_gyalog_perc": null, "metro_5p_seta": 0, "metro_10p_seta": 0, "metro_15p_seta": 0, "tavolsag_villamos_halozati_m": 772.2, "menetido_villamos_gyalog_perc": 10.3, "villamos_5p_seta": 0, "villamos_10p_seta": 0, "villamos_15p_seta": 1, "tavolsag_busz_halozati_m": 620.4, "menetido_busz_gyalog_perc": 8.3, "busz_5p_seta": 0, "busz_10p_seta": 1, "busz_15p_seta": 1, "tavolsag_kotottpalya_halozati_m": 772.2, "menetido_kotottpalya_gyalog_perc": 10.3, "kotottpalya_5p_seta": 0, "kotottpalya_10p_seta": 0, "kotottpalya_15p_seta": 1, "tavolsag_park_halozati_m": 1429.5, "menetido_park_gyalog_perc": 19.1, "park_5p_seta": 0, "park_10p_seta": 0, "park_15p_seta": 0, "poi_5p_count": 0.0, "poi_10p_count": 1.0, "poi_15p_count": 6.0, "tavolsag_iskola_halozati_m": null, "iskola_5p_seta": 0, "iskola_10p_seta": 0, "iskola_15p_seta": 0, "tavolsag_ovoda_halozati_m": 1751.6, "ovoda_5p_seta": 0, "ovoda_10p_seta": 0, "ovoda_15p_seta": 0, "tavolsag_bolt_halozati_m": 2027.2, "bolt_5p_seta": 0, "bolt_10p_seta": 0, "bolt_15p_seta": 0, "tavolsag_gyogyszertar_halozati_m": 1516.0, "gyogyszertar_5p_seta": 0, "gyogyszertar_10p_seta": 0, "gyogyszertar_15p_seta": 0, "tavolsag_orvos_halozati_m": null, "orvos_5p_seta": 0, "orvos_10p_seta": 0, "orvos_15p_seta": 0, "legkozelebbi_vasut": "Kőbánya felső", "legkozelebbi_metro": "", "legkozelebbi_villamos": "Terebesi utca", "legkozelebbi_busz": "Albertirsai köz", "legkozelebbi_park": "Sajó Sándor tér", "legkozelebbi_kotottpalya_tipus": "villamos", "varosresz_geokodolt": "Felsőrákos", "geokodolas_szolgaltato": "nominatim/photon", "felhasznalt_hazszam": 6.0, "legkozelebbi_iskola": "", "legkozelebbi_ovoda": "Apró csodák Bölcsőde", "legkozelebbi_bolt": "", "legkozelebbi_gyogyszertar": "Harmat Patika", "legkozelebbi_orvos": "", "menetido_iskola_gyalog_perc": null, "menetido_ovoda_gyalog_perc": 23.4, "menetido_bolt_gyalog_perc": 27.0, "menetido_gyogyszertar_gyalog_perc": 20.2, "menetido_orvos_gyalog_perc": null }, "geometry": { "type": "Point", "coordinates": [ 19.1407571, 47.4981391 ] } },
{ "type": "Feature", "properties": { "listing_id": "35487926", "listing_type": "kiado", "ingatlan_tipus": "raktar", "cim_teljes": "Budapest X. kerület, Maglódi út 25.", "iranyitoszam": "1106", "varos": "Budapest", "utca": "Maglódi út", "hazszam": "25", "cim_forras": "strukturalt", "url": "https://ingatlan.com/x-ker/kiado+raktar/raktarhelyiseg/35487926", "gyujtes_datuma": "2026-10-08", "price_huf": 1162500.0, "ar_millio_ft": 1.1625, "ar_ezer_ft_ho": 1162.5, "nm_ar_huf": 1550.0, "log_ar": 13.966083416443649, "log_nm_ar": 7.3460102099132927, "is_ar_outlier": 1, "alapterulet_nm": 750.0, "korrigalt_alapterulet_nm": 750.0, "szobaszam_osszes": null, "szobaszam_kategoria": null, "allapot_kod": 0, "is_felujitando": 0, "is_ujszeru_vagy_uj": 0, "is_panel": 0, "is_tegla": 0, "has_lift": 1, "has_klima": 1, "has_erkely": 0, "is_foldszint": 0, "is_zaroszint": 0, "is_tetoter": 0, "epulet_kora_ev": null, "geokodolt_lat": 47.4852, "geokodolt_lon": 19.1546, "geokodolas_modszere": "cim_nominatim", "geokodolas_pontossag": "hazszam", "minta_garantalt_pontos": 1, "tavolsag_vasut_m": 757.0, "vasut_zona": "500-1000 m", "is_vasut_immisszio_150m": 0, "tavolsag_vasut_halozati_m": null, "menetido_vasut_gyalog_perc": null, "vasut_5p_seta": 0, "vasut_10p_seta": 0, "vasut_15p_seta": 0, "is_duplikalt_gyanus": 0, "varosresz": "Óhegy", "title": "Nincs kép", "allapot": "nan", "ingatlan_altipus": "raktarhelyiseg", "epites_eve": null, "epites_eve_kategoria": "Ismeretlen", "epites_eve_szoveg": "nan", "epites_eve_becsult": null, "erkely_nm": null, "szobaszam_egesz": null, "szobaszam_fel": null, "atlagos_szobameret_nm": null, "emelet": "nincs megadva", "emelet_szam": null, "epulet_szintjei_szam": null, "is_magas_emelet_lift_nelkul": 0, "futes": "nan", "futes_kategoria": "egyeb", "has_tavfutes": 0, "has_konvektor": 0, "has_megujulo": 0, "has_garazs_vagy_beallo": 0, "energetikai_tanusitvany": "nincs megadva", "butorozott": "nan", "koltozheto": "nincs megadva", "min_berleti_ido": "nincs megadva", "kertkapcsolatos": "nan", "kozos_koltseg_huf": null, "rezsikoltseg_huf": null, "kaucio_huf": null, "hirdeto_tipus": null, "iroda_neve": null, "leiras": "X. kerületi ipari területen belül kiadó egy 750 m2-es raktár. Földszinti, rámpás, jelenlegi állapotát a képek mutatják. Fűtés nincs. Áramfogyasztás villanyórával mérve, fogyasztás alapján számlázva. Az ipari területen 24 órás portaszolgálat működik. Bérleti díj: 1.000,- Ft + Áfa / m2 / hó Közös költség: 550,- Ft + Áfa / m2 / hó Kaució: 2 havi bérleti díjjal és közös költséggel egyező összeg. Hosszabb távú bérlés esetén az állagjavító beruházások költségmegosztása külön megállapodás alapján.", "oldal_allapot": "hirdetes", "leiras_hossz": 495.0, "fenykepek_szama": null, "lat_portal": 47.485282, "lon_portal": 19.154119, "portal_pozicio_sugar_m": null, "price_eur": null, "nm_ar_eur": null, "kozos_koltseg_eur": null, "rezsikoltseg_eur": null, "kaucio_eur": null, "parkolas": "nan", "parkolohely_ara": null, "parkolohelyek_szama": null, "pince": "nan", "napelem": "nan", "komfort": "nan", "belmagassag_raw": "nan", "akadalymentesitett": "nan", "furdo_wc": "nan", "tajolas": "nan", "kilatas": "nan", "szigeteles": "nan", "tetoter": "nan", "panelprogram": "nan", "gepesitett": "nan", "kisallat": "nan", "dohanyzas": "nan", "atlag_gazfogyasztas": "nan", "atlag_aramfogyasztas": "nan", "tavolsag_metro_halozati_m": null, "menetido_metro_gyalog_perc": null, "metro_5p_seta": 0, "metro_10p_seta": 0, "metro_15p_seta": 0, "tavolsag_villamos_halozati_m": 1503.3, "menetido_villamos_gyalog_perc": 20.0, "villamos_5p_seta": 0, "villamos_10p_seta": 0, "villamos_15p_seta": 0, "tavolsag_busz_halozati_m": 577.1, "menetido_busz_gyalog_perc": 7.7, "busz_5p_seta": 0, "busz_10p_seta": 1, "busz_15p_seta": 1, "tavolsag_kotottpalya_halozati_m": 1503.3, "menetido_kotottpalya_gyalog_perc": 20.0, "kotottpalya_5p_seta": 0, "kotottpalya_10p_seta": 0, "kotottpalya_15p_seta": 0, "tavolsag_park_halozati_m": 1029.7, "menetido_park_gyalog_perc": 13.7, "park_5p_seta": 0, "park_10p_seta": 0, "park_15p_seta": 1, "poi_5p_count": 0.0, "poi_10p_count": 1.0, "poi_15p_count": 7.0, "tavolsag_iskola_halozati_m": 1659.4, "iskola_5p_seta": 0, "iskola_10p_seta": 0, "iskola_15p_seta": 0, "tavolsag_ovoda_halozati_m": 1837.7, "ovoda_5p_seta": 0, "ovoda_10p_seta": 0, "ovoda_15p_seta": 0, "tavolsag_bolt_halozati_m": 1082.0, "bolt_5p_seta": 0, "bolt_10p_seta": 0, "bolt_15p_seta": 1, "tavolsag_gyogyszertar_halozati_m": 1777.8, "gyogyszertar_5p_seta": 0, "gyogyszertar_10p_seta": 0, "gyogyszertar_15p_seta": 0, "tavolsag_orvos_halozati_m": null, "orvos_5p_seta": 0, "orvos_10p_seta": 0, "orvos_15p_seta": 0, "legkozelebbi_vasut": "", "legkozelebbi_metro": "", "legkozelebbi_villamos": "Jászberényi út / Maglódi út", "legkozelebbi_busz": "Mádi köz", "legkozelebbi_park": "", "legkozelebbi_kotottpalya_tipus": "villamos", "varosresz_geokodolt": "Óhegy", "geokodolas_szolgaltato": "nominatim/photon", "felhasznalt_hazszam": 25.0, "legkozelebbi_iskola": "Janikovszky Éva Általános Iskola", "legkozelebbi_ovoda": "Apró csodák Bölcsőde", "legkozelebbi_bolt": "", "legkozelebbi_gyogyszertar": "Harmat Patika", "legkozelebbi_orvos": "", "menetido_iskola_gyalog_perc": 22.1, "menetido_ovoda_gyalog_perc": 24.5, "menetido_bolt_gyalog_perc": 14.4, "menetido_gyogyszertar_gyalog_perc": 23.7, "menetido_orvos_gyalog_perc": null }, "geometry": { "type": "Point", "coordinates": [ 19.1546, 47.4852 ] } },
{ "type": "Feature", "properties": { "listing_id": "35493182", "listing_type": "kiado", "ingatlan_tipus": "lakas", "cim_teljes": "Budapest X. kerület, Gyógyszergyári utca 8.", "iranyitoszam": "1106", "varos": "Budapest", "utca": "Gyógyszergyári utca", "hazszam": "8", "cim_forras": "strukturalt", "url": "https://ingatlan.com/x-ker/kiado+lakas/csusztatott-zsalus/35493182", "gyujtes_datuma": "2026-10-08", "price_huf": 265000.0, "ar_millio_ft": 0.265, "ar_ezer_ft_ho": 265.0, "nm_ar_huf": 5888.8888888888887, "log_ar": 12.487485104968359, "log_nm_ar": 8.6808226151980392, "is_ar_outlier": 0, "alapterulet_nm": 45.0, "korrigalt_alapterulet_nm": 50.5, "szobaszam_osszes": 2.0, "szobaszam_kategoria": "2 szoba", "allapot_kod": 5, "is_felujitando": 0, "is_ujszeru_vagy_uj": 1, "is_panel": 0, "is_tegla": 0, "has_lift": 1, "has_klima": 1, "has_erkely": 1, "is_foldszint": 0, "is_zaroszint": 0, "is_tetoter": 0, "epulet_kora_ev": 0.0, "geokodolt_lat": 47.4983016, "geokodolt_lon": 19.14218, "geokodolas_modszere": "cim_nominatim", "geokodolas_pontossag": "hazszam", "minta_garantalt_pontos": 1, "tavolsag_vasut_m": 590.0, "vasut_zona": "500-1000 m", "is_vasut_immisszio_150m": 0, "tavolsag_vasut_halozati_m": 1505.7, "menetido_vasut_gyalog_perc": 20.1, "vasut_5p_seta": 0, "vasut_10p_seta": 0, "vasut_15p_seta": 0, "is_duplikalt_gyanus": 0, "varosresz": "Felsőrákos", "title": "Ingatlan kép", "allapot": "újszerű", "ingatlan_altipus": "csusztatott-zsalus", "epites_eve": 2026.0, "epites_eve_kategoria": "0-10 év (új)", "epites_eve_szoveg": "2026", "epites_eve_becsult": null, "erkely_nm": 11.0, "szobaszam_egesz": 2.0, "szobaszam_fel": 0.0, "atlagos_szobameret_nm": 25.25, "emelet": "5", "emelet_szam": 5.0, "epulet_szintjei_szam": 8.0, "is_magas_emelet_lift_nelkul": 0, "futes": "távfűtés", "futes_kategoria": "tavfutes", "has_tavfutes": 1, "has_konvektor": 0, "has_megujulo": 0, "has_garazs_vagy_beallo": 1, "energetikai_tanusitvany": "A+", "butorozott": "megegyezés szerint", "koltozheto": "2026. november", "min_berleti_ido": "12 hónap", "kertkapcsolatos": "nincs megadva", "kozos_koltseg_huf": 25000.0, "rezsikoltseg_huf": null, "kaucio_huf": null, "hirdeto_tipus": null, "iroda_neve": null, "leiras": "Kiadó új építésű, teljes körűen gépesített, bútorozatlan lakás az Örs vezér tere szomszédságában, a Kincsem Lakóparkban – első bérlőjét várja! Augusztus 1-jétől költözhető! A 45 m²-es, 5. emeleti, 2 szobás, 11 m²-es, nagy méretű terasszal rendelkező lakás a most átadott Kincsem Lakóparkban található. Minden berendezés és háztartási gép teljesen új, így valóban egy vadonatúj otthon várja első bérlőjét. A kerítéssel körülvett, parkosított lakópark saját zöldterülettel, játszóterekkel és közös kerékpártárolóval rendelkezik, nyugodt és biztonságos lakókörnyezetet biztosítva. Néhány perc sétával elérhető az Örs vezér tere, az M2-es metró, a HÉV, villamos- és buszmegállók, valamint az Árkád, a Sugár, az IKEA, az ALDI, a LIDL, éttermek, kávézók és gyógyszertárak. A lakás felszereltsége: Egyedi tervezésű, plafonig érő prémium konyhabútor sok tárolóhellyel Beépített gépek: sütő, indukciós főzőlap, mosogatógép, mikrohullámú sütő, hűtőszekrény és páraelszívó Mosógép Klíma Távfűtés Elektromos padlófűtés és törölközőszárító a fürdőszobában Elektromos redőnyök Videós kaputelefon A beépített konyhabútor és az előszobabútor kivételével a lakás jelenleg bútorozatlan, azonban igény esetén részben vagy teljesen bútorozva is bérelhető, előzetes megegyezés alapján. Ebben az esetben a bérleti díj módosul. A bérleti díj 265.000 Ft/hó + rezsi egyedi fogyasztás alapján. A lakáshoz egy extra széles (XL méretű), fedett teremgarázs-beálló tartozik, amelynek bérleti díja 30.000 Ft/hó. A lakás Nov. 1-jétől költözhető a bérleti szerződés és a közjegyzői nyilatkozat aláírását, valamint 1 havi bérleti díj és 2 havi kaució megfizetését követően. A lakásban a dohányzás nem megengedett, kisállat tartása nem lehetséges. Elsősorban egyedülálló vagy pár részére, hosszú távra kiadó.", "oldal_allapot": "hirdetes", "leiras_hossz": 1773.0, "fenykepek_szama": 6.0, "lat_portal": 47.49801, "lon_portal": 19.142693, "portal_pozicio_sugar_m": null, "price_eur": null, "nm_ar_eur": null, "kozos_koltseg_eur": null, "rezsikoltseg_eur": null, "kaucio_eur": null, "parkolas": "teremgarázs hely - bérelhető", "parkolohely_ara": 30000.0, "parkolohelyek_szama": null, "pince": "nan", "napelem": "nan", "komfort": "összkomfortos", "belmagassag_raw": "3 m-nél alacsonyabb", "akadalymentesitett": "igen", "furdo_wc": "egy helyiségben", "tajolas": "kelet", "kilatas": "kertre néz", "szigeteles": "van", "tetoter": "nan", "panelprogram": "nan", "gepesitett": "igen", "kisallat": "nem hozható", "dohanyzas": "nem megengedett", "atlag_gazfogyasztas": "nincs megadva", "atlag_aramfogyasztas": "nincs megadva", "tavolsag_metro_halozati_m": null, "menetido_metro_gyalog_perc": null, "metro_5p_seta": 0, "metro_10p_seta": 0, "metro_15p_seta": 0, "tavolsag_villamos_halozati_m": 607.2, "menetido_villamos_gyalog_perc": 8.1, "villamos_5p_seta": 0, "villamos_10p_seta": 1, "villamos_15p_seta": 1, "tavolsag_busz_halozati_m": 629.5, "menetido_busz_gyalog_perc": 8.4, "busz_5p_seta": 0, "busz_10p_seta": 1, "busz_15p_seta": 1, "tavolsag_kotottpalya_halozati_m": 607.2, "menetido_kotottpalya_gyalog_perc": 8.1, "kotottpalya_5p_seta": 0, "kotottpalya_10p_seta": 1, "kotottpalya_15p_seta": 1, "tavolsag_park_halozati_m": 1260.3, "menetido_park_gyalog_perc": 16.8, "park_5p_seta": 0, "park_10p_seta": 0, "park_15p_seta": 0, "poi_5p_count": 0.0, "poi_10p_count": 4.0, "poi_15p_count": 18.0, "tavolsag_iskola_halozati_m": null, "iskola_5p_seta": 0, "iskola_10p_seta": 0, "iskola_15p_seta": 0, "tavolsag_ovoda_halozati_m": 1570.0, "ovoda_5p_seta": 0, "ovoda_10p_seta": 0, "ovoda_15p_seta": 0, "tavolsag_bolt_halozati_m": 1845.6, "bolt_5p_seta": 0, "bolt_10p_seta": 0, "bolt_15p_seta": 0, "tavolsag_gyogyszertar_halozati_m": 1334.3, "gyogyszertar_5p_seta": 0, "gyogyszertar_10p_seta": 0, "gyogyszertar_15p_seta": 0, "tavolsag_orvos_halozati_m": null, "orvos_5p_seta": 0, "orvos_10p_seta": 0, "orvos_15p_seta": 0, "legkozelebbi_vasut": "Kőbánya felső", "legkozelebbi_metro": "", "legkozelebbi_villamos": "Terebesi utca", "legkozelebbi_busz": "Terebesi utca", "legkozelebbi_park": "", "legkozelebbi_kotottpalya_tipus": "villamos", "varosresz_geokodolt": "Felsőrákos", "geokodolas_szolgaltato": "nominatim/photon", "felhasznalt_hazszam": 8.0, "legkozelebbi_iskola": "", "legkozelebbi_ovoda": "Apró csodák Bölcsőde", "legkozelebbi_bolt": "", "legkozelebbi_gyogyszertar": "Harmat Patika", "legkozelebbi_orvos": "", "menetido_iskola_gyalog_perc": null, "menetido_ovoda_gyalog_perc": 20.9, "menetido_bolt_gyalog_perc": 24.6, "menetido_gyogyszertar_gyalog_perc": 17.8, "menetido_orvos_gyalog_perc": null }, "geometry": { "type": "Point", "coordinates": [ 19.14218, 47.4983016 ] } },
{ "type": "Feature", "properties": { "listing_id": "35503316", "listing_type": "kiado", "ingatlan_tipus": "uzlethelyiseg", "cim_teljes": "Budapest X. kerület, Kőrösi Csoma Sándor út 6D", "iranyitoszam": "1102", "varos": "Budapest", "utca": "Kőrösi Csoma Sándor út", "hazszam": "6D", "cim_forras": "strukturalt", "url": "https://ingatlan.com/x-ker/kiado+uzlethelyiseg/utcai-bejaratos-uzlethelyiseg/35503316", "gyujtes_datuma": "2026-10-08", "price_huf": 85000.0, "ar_millio_ft": 0.085, "ar_ezer_ft_ho": 85.0, "nm_ar_huf": 8500.0, "log_ar": 11.350406535472453, "log_nm_ar": 9.0478214424784085, "is_ar_outlier": 0, "alapterulet_nm": 10.0, "korrigalt_alapterulet_nm": 10.0, "szobaszam_osszes": null, "szobaszam_kategoria": null, "allapot_kod": 5, "is_felujitando": 0, "is_ujszeru_vagy_uj": 1, "is_panel": 0, "is_tegla": 0, "has_lift": 1, "has_klima": 1, "has_erkely": 0, "is_foldszint": 0, "is_zaroszint": 0, "is_tetoter": 0, "epulet_kora_ev": null, "geokodolt_lat": 47.4836143, "geokodolt_lon": 19.1307703, "geokodolas_modszere": "cim_nominatim", "geokodolas_pontossag": "hazszam", "minta_garantalt_pontos": 1, "tavolsag_vasut_m": 271.9, "vasut_zona": "150-300 m", "is_vasut_immisszio_150m": 0, "tavolsag_vasut_halozati_m": 421.4, "menetido_vasut_gyalog_perc": 5.6, "vasut_5p_seta": 0, "vasut_10p_seta": 1, "vasut_15p_seta": 1, "is_duplikalt_gyanus": 0, "varosresz": "Óhegy", "title": "Nincs kép", "allapot": "újszerű", "ingatlan_altipus": "utcai-bejaratos-uzlethelyiseg", "epites_eve": null, "epites_eve_kategoria": "Ismeretlen", "epites_eve_szoveg": "nincs megadva", "epites_eve_becsult": null, "erkely_nm": null, "szobaszam_egesz": null, "szobaszam_fel": null, "atlagos_szobameret_nm": null, "emelet": "szuterén", "emelet_szam": null, "epulet_szintjei_szam": null, "is_magas_emelet_lift_nelkul": 0, "futes": "nan", "futes_kategoria": "egyeb", "has_tavfutes": 0, "has_konvektor": 0, "has_megujulo": 0, "has_garazs_vagy_beallo": 0, "energetikai_tanusitvany": "nincs megadva", "butorozott": "nan", "koltozheto": "azonnal", "min_berleti_ido": "nincs megadva", "kertkapcsolatos": "nan", "kozos_koltseg_huf": null, "rezsikoltseg_huf": null, "kaucio_huf": null, "hirdeto_tipus": null, "iroda_neve": null, "leiras": "10 éve működő Bejáratott Szépségszalonba munkatársakat keresek ! Műkörmös,Masszőr,Műszempilla èpítő ,Pedikűrös Egyèni Vállalkozóival! :) Ami fontos számomra: Legyèl igényes a munkádra ès a környezetedre szeresd a munkád jó kedv őszinteség problémák közös megoldása Ha úgy èrzed ,hogy téged kereslek ! Várom a jelentkezésed!", "oldal_allapot": "hirdetes", "leiras_hossz": 323.0, "fenykepek_szama": null, "lat_portal": 47.490556, "lon_portal": 19.137189, "portal_pozicio_sugar_m": null, "price_eur": null, "nm_ar_eur": null, "kozos_koltseg_eur": null, "rezsikoltseg_eur": null, "kaucio_eur": null, "parkolas": "nan", "parkolohely_ara": null, "parkolohelyek_szama": null, "pince": "nan", "napelem": "nan", "komfort": "nan", "belmagassag_raw": "nan", "akadalymentesitett": "nan", "furdo_wc": "nan", "tajolas": "nan", "kilatas": "nan", "szigeteles": "nan", "tetoter": "nan", "panelprogram": "nan", "gepesitett": "nan", "kisallat": "nan", "dohanyzas": "nan", "atlag_gazfogyasztas": "nan", "atlag_aramfogyasztas": "nan", "tavolsag_metro_halozati_m": 2205.9, "menetido_metro_gyalog_perc": 29.4, "metro_5p_seta": 0, "metro_10p_seta": 0, "metro_15p_seta": 0, "tavolsag_villamos_halozati_m": 194.6, "menetido_villamos_gyalog_perc": 2.6, "villamos_5p_seta": 1, "villamos_10p_seta": 1, "villamos_15p_seta": 1, "tavolsag_busz_halozati_m": 170.6, "menetido_busz_gyalog_perc": 2.3, "busz_5p_seta": 1, "busz_10p_seta": 1, "busz_15p_seta": 1, "tavolsag_kotottpalya_halozati_m": 194.6, "menetido_kotottpalya_gyalog_perc": 2.6, "kotottpalya_5p_seta": 1, "kotottpalya_10p_seta": 1, "kotottpalya_15p_seta": 1, "tavolsag_park_halozati_m": 242.9, "menetido_park_gyalog_perc": 3.2, "park_5p_seta": 1, "park_10p_seta": 1, "park_15p_seta": 1, "poi_5p_count": 31.0, "poi_10p_count": 78.0, "poi_15p_count": 129.0, "tavolsag_iskola_halozati_m": 843.6, "iskola_5p_seta": 0, "iskola_10p_seta": 0, "iskola_15p_seta": 1, "tavolsag_ovoda_halozati_m": 786.3, "ovoda_5p_seta": 0, "ovoda_10p_seta": 0, "ovoda_15p_seta": 1, "tavolsag_bolt_halozati_m": 169.6, "bolt_5p_seta": 1, "bolt_10p_seta": 1, "bolt_15p_seta": 1, "tavolsag_gyogyszertar_halozati_m": 196.7, "gyogyszertar_5p_seta": 1, "gyogyszertar_10p_seta": 1, "gyogyszertar_15p_seta": 1, "tavolsag_orvos_halozati_m": null, "orvos_5p_seta": 0, "orvos_10p_seta": 0, "orvos_15p_seta": 0, "legkozelebbi_vasut": "Kőbánya alsó", "legkozelebbi_metro": "", "legkozelebbi_villamos": "Szent László tér", "legkozelebbi_busz": "Liget tér", "legkozelebbi_park": "Liget téri park", "legkozelebbi_kotottpalya_tipus": "villamos", "varosresz_geokodolt": "Óhegy", "geokodolas_szolgaltato": "nominatim/photon", "felhasznalt_hazszam": 6.0, "legkozelebbi_iskola": "Szervátiusz Jenő Általános Iskola", "legkozelebbi_ovoda": "Apró csodák Bölcsőde", "legkozelebbi_bolt": "Farkas Vadkovászos Pékség Kőbánya", "legkozelebbi_gyogyszertar": "Benu", "legkozelebbi_orvos": "", "menetido_iskola_gyalog_perc": 11.2, "menetido_ovoda_gyalog_perc": 10.5, "menetido_bolt_gyalog_perc": 2.3, "menetido_gyogyszertar_gyalog_perc": 2.6, "menetido_orvos_gyalog_perc": null }, "geometry": { "type": "Point", "coordinates": [ 19.1307703, 47.4836143 ] } },
{ "type": "Feature", "properties": { "listing_id": "35505839", "listing_type": "kiado", "ingatlan_tipus": "lakas", "cim_teljes": "Budapest X. kerület, Gyógyszergyári utca 10.", "iranyitoszam": "1106", "varos": "Budapest", "utca": "Gyógyszergyári utca", "hazszam": "10", "cim_forras": "strukturalt", "url": "https://ingatlan.com/x-ker/kiado+lakas/tegla-lakas/35505839", "gyujtes_datuma": "2026-10-08", "price_huf": 340000.0, "ar_millio_ft": 0.34, "ar_ezer_ft_ho": 340.0, "nm_ar_huf": 5483.8709677419356, "log_ar": 12.736700896592344, "log_nm_ar": 8.6095665115472517, "is_ar_outlier": 0, "alapterulet_nm": 62.0, "korrigalt_alapterulet_nm": 70.0, "szobaszam_osszes": 3.0, "szobaszam_kategoria": "3 szoba", "allapot_kod": 6, "is_felujitando": 0, "is_ujszeru_vagy_uj": 1, "is_panel": 0, "is_tegla": 1, "has_lift": 1, "has_klima": 1, "has_erkely": 1, "is_foldszint": 0, "is_zaroszint": 0, "is_tetoter": 0, "epulet_kora_ev": 0.0, "geokodolt_lat": 47.4984644, "geokodolt_lon": 19.1435834, "geokodolas_modszere": "cim_nominatim", "geokodolas_pontossag": "hazszam", "minta_garantalt_pontos": 1, "tavolsag_vasut_m": 598.2, "vasut_zona": "500-1000 m", "is_vasut_immisszio_150m": 0, "tavolsag_vasut_halozati_m": 1496.4, "menetido_vasut_gyalog_perc": 20.0, "vasut_5p_seta": 0, "vasut_10p_seta": 0, "vasut_15p_seta": 0, "is_duplikalt_gyanus": 0, "varosresz": "Felsőrákos", "title": "Ingatlan kép", "allapot": "új építésű", "ingatlan_altipus": "tegla-lakas", "epites_eve": 2026.0, "epites_eve_kategoria": "0-10 év (új)", "epites_eve_szoveg": "2026", "epites_eve_becsult": null, "erkely_nm": 16.0, "szobaszam_egesz": 3.0, "szobaszam_fel": 0.0, "atlagos_szobameret_nm": 23.333333333333332, "emelet": "6", "emelet_szam": 6.0, "epulet_szintjei_szam": 8.0, "is_magas_emelet_lift_nelkul": 0, "futes": "távfűtés", "futes_kategoria": "tavfutes", "has_tavfutes": 1, "has_konvektor": 0, "has_megujulo": 0, "has_garazs_vagy_beallo": 1, "energetikai_tanusitvany": "nincs megadva", "butorozott": "megegyezés szerint", "koltozheto": "azonnal", "min_berleti_ido": "nincs megadva", "kertkapcsolatos": "nem", "kozos_koltseg_huf": null, "rezsikoltseg_huf": null, "kaucio_huf": null, "hirdeto_tipus": null, "iroda_neve": null, "leiras": "Első lakóját keresi egy modern, új építésű, prémium kialakítású lakás a Kincsem by Bayer lakóparkban. Költözhető várhatóan: 2026 szeptember-októbertől Kiadó egy 62 nm-es, új építésű lakás a Kincsem by Bayer lakóparkban. A lakáshoz tartozik egy 16 nm-es erkély, egy teremgarázs-beálló, valamint külön tárolóhelyiség is. A lakás teljes körűen gépesített és igényesen felszerelt állapotban kerül átadásra. A gépesítés prémium kategóriás készülékekkel történik, a végleges berendezés pedig részben az első bérlő igényeihez igazítható, megegyezés alapján. A lakás ideális választás párok, illetve kisebb családok számára is. A fűtést távhős radiátoros rendszer biztosítja, a hűtésről és fűtésrásegítésről pedig nagy teljesítményű hűtő-fűtő klíma gondoskodik. A környék infrastruktúrája kiváló, sétatávolságon belül elérhető: Örs vezér tere (M2 metró, HÉV, buszpályaudvar) IKEA Árkád Bevásárlóközpont Sugár Bevásárlóközpont ALDI, LIDL gyógyszertárak kávézók, éttermek Kincsem Park és zöldterületek Kiemelt első bérlői kedvezmény Az első bérlő számára egyedi, hosszú távra szóló kedvezményt biztosítunk: az első 12 hónapban 15% kedvezmény a lakás bérleti díjából, a második évben 10% kedvezmény, a harmadik évben pedig 5% kedvezmény érvényesíthető. A bérleti díj: 400.0000 Ft, a 15%-os kedvezménnyel 340.000 Ft az első 1 évben. Ideális lehet azok számára, akik hosszabb távon keresnek új, modern otthont. Bérleti feltételek minimum 12 hónapos bérleti idő 2 havi kaució + 1 havi bérleti díj szükséges a garázs és tároló külön bérelhető, együttes díjuk: 30.000 Ft/hó a rezsi várható költségei: közös költség, víz, áram, fűtés Képek hamarosan elérhetőek! Érdeklődni kizárólag üzenetben lehet. Ingatlanközvetítők segítségét köszönjük, de jelenleg nem szeretnénk igénybe venni.", "oldal_allapot": "hirdetes", "leiras_hossz": 1765.0, "fenykepek_szama": 6.0, "lat_portal": 47.497327, "lon_portal": 19.139864, "portal_pozicio_sugar_m": null, "price_eur": null, "nm_ar_eur": null, "kozos_koltseg_eur": null, "rezsikoltseg_eur": null, "kaucio_eur": null, "parkolas": "teremgarázs hely - bérelhető", "parkolohely_ara": 30000.0, "parkolohelyek_szama": null, "pince": "nan", "napelem": "nan", "komfort": "összkomfortos", "belmagassag_raw": "3 m-nél alacsonyabb", "akadalymentesitett": "igen", "furdo_wc": "külön helyiségben", "tajolas": "nincs megadva", "kilatas": "udvari", "szigeteles": "van", "tetoter": "nem tetőtéri", "panelprogram": "nan", "gepesitett": "igen", "kisallat": "nem hozható", "dohanyzas": "nem megengedett", "atlag_gazfogyasztas": "nincs megadva", "atlag_aramfogyasztas": "nincs megadva", "tavolsag_metro_halozati_m": null, "menetido_metro_gyalog_perc": null, "metro_5p_seta": 0, "metro_10p_seta": 0, "metro_15p_seta": 0, "tavolsag_villamos_halozati_m": 597.9, "menetido_villamos_gyalog_perc": 8.0, "villamos_5p_seta": 0, "villamos_10p_seta": 1, "villamos_15p_seta": 1, "tavolsag_busz_halozati_m": 620.2, "menetido_busz_gyalog_perc": 8.3, "busz_5p_seta": 0, "busz_10p_seta": 1, "busz_15p_seta": 1, "tavolsag_kotottpalya_halozati_m": 597.9, "menetido_kotottpalya_gyalog_perc": 8.0, "kotottpalya_5p_seta": 0, "kotottpalya_10p_seta": 1, "kotottpalya_15p_seta": 1, "tavolsag_park_halozati_m": 1251.0, "menetido_park_gyalog_perc": 16.7, "park_5p_seta": 0, "park_10p_seta": 0, "park_15p_seta": 0, "poi_5p_count": 0.0, "poi_10p_count": 4.0, "poi_15p_count": 18.0, "tavolsag_iskola_halozati_m": null, "iskola_5p_seta": 0, "iskola_10p_seta": 0, "iskola_15p_seta": 0, "tavolsag_ovoda_halozati_m": 1560.7, "ovoda_5p_seta": 0, "ovoda_10p_seta": 0, "ovoda_15p_seta": 0, "tavolsag_bolt_halozati_m": 1836.3, "bolt_5p_seta": 0, "bolt_10p_seta": 0, "bolt_15p_seta": 0, "tavolsag_gyogyszertar_halozati_m": 1325.1, "gyogyszertar_5p_seta": 0, "gyogyszertar_10p_seta": 0, "gyogyszertar_15p_seta": 0, "tavolsag_orvos_halozati_m": null, "orvos_5p_seta": 0, "orvos_10p_seta": 0, "orvos_15p_seta": 0, "legkozelebbi_vasut": "Kőbánya felső", "legkozelebbi_metro": "", "legkozelebbi_villamos": "Terebesi utca", "legkozelebbi_busz": "Terebesi utca", "legkozelebbi_park": "", "legkozelebbi_kotottpalya_tipus": "villamos", "varosresz_geokodolt": "Felsőrákos", "geokodolas_szolgaltato": "nominatim/photon", "felhasznalt_hazszam": 10.0, "legkozelebbi_iskola": "", "legkozelebbi_ovoda": "Apró csodák Bölcsőde", "legkozelebbi_bolt": "", "legkozelebbi_gyogyszertar": "Harmat Patika", "legkozelebbi_orvos": "", "menetido_iskola_gyalog_perc": null, "menetido_ovoda_gyalog_perc": 20.8, "menetido_bolt_gyalog_perc": 24.5, "menetido_gyogyszertar_gyalog_perc": 17.7, "menetido_orvos_gyalog_perc": null }, "geometry": { "type": "Point", "coordinates": [ 19.1435834, 47.4984644 ] } },
{ "type": "Feature", "properties": { "listing_id": "35506370", "listing_type": "kiado", "ingatlan_tipus": "lakas", "cim_teljes": "Budapest X. kerület, Nyitra utca 3.", "iranyitoszam": "1105", "varos": "Budapest", "utca": "Nyitra utca", "hazszam": "3", "cim_forras": "strukturalt", "url": "https://ingatlan.com/x-ker/kiado+lakas/tegla-lakas/35506370", "gyujtes_datuma": "2026-10-08", "price_huf": 185000.0, "ar_millio_ft": 0.185, "ar_ezer_ft_ho": 185.0, "nm_ar_huf": 5285.7142857142853, "log_ar": 12.128111104060462, "log_nm_ar": 8.5727630425710473, "is_ar_outlier": 0, "alapterulet_nm": 35.0, "korrigalt_alapterulet_nm": 35.0, "szobaszam_osszes": 1.0, "szobaszam_kategoria": "1 szoba", "allapot_kod": 0, "is_felujitando": 0, "is_ujszeru_vagy_uj": 0, "is_panel": 0, "is_tegla": 1, "has_lift": 0, "has_klima": 0, "has_erkely": 0, "is_foldszint": 0, "is_zaroszint": 0, "is_tetoter": 0, "epulet_kora_ev": null, "geokodolt_lat": 47.4882202, "geokodolt_lon": 19.1399908, "geokodolas_modszere": "cim_nominatim", "geokodolas_pontossag": "hazszam", "minta_garantalt_pontos": 1, "tavolsag_vasut_m": 441.3, "vasut_zona": "300-500 m", "is_vasut_immisszio_150m": 0, "tavolsag_vasut_halozati_m": 934.3, "menetido_vasut_gyalog_perc": 12.5, "vasut_5p_seta": 0, "vasut_10p_seta": 0, "vasut_15p_seta": 1, "is_duplikalt_gyanus": 0, "varosresz": "Óhegy", "title": "Nincs kép", "allapot": "nincs megadva", "ingatlan_altipus": "tegla-lakas", "epites_eve": null, "epites_eve_kategoria": "Ismeretlen", "epites_eve_szoveg": "nincs megadva", "epites_eve_becsult": null, "erkely_nm": null, "szobaszam_egesz": 1.0, "szobaszam_fel": 0.0, "atlagos_szobameret_nm": 35.0, "emelet": "nincs megadva", "emelet_szam": null, "epulet_szintjei_szam": null, "is_magas_emelet_lift_nelkul": 0, "futes": "nincs megadva", "futes_kategoria": "egyeb", "has_tavfutes": 0, "has_konvektor": 0, "has_megujulo": 0, "has_garazs_vagy_beallo": 0, "energetikai_tanusitvany": "nincs megadva", "butorozott": "nincs megadva", "koltozheto": "nincs megadva", "min_berleti_ido": "nincs megadva", "kertkapcsolatos": "nincs megadva", "kozos_koltseg_huf": null, "rezsikoltseg_huf": null, "kaucio_huf": null, "hirdeto_tipus": null, "iroda_neve": null, "leiras": "Azonnal költözhető barátságos lakás a X. kerület Nyitra utcában. Egy-két fő részére. A metrómegállók 10 perc alatt elérhetőek busszal. Ingyenes parkolás a ház előtt. Gondozott udvar, jó lakóközösség, csendes ház. Bérleti díj: 185000 Ft+rezsi (alacsony)+kaució Kevesebb megjelenítése", "oldal_allapot": "hirdetes", "leiras_hossz": 282.0, "fenykepek_szama": 6.0, "lat_portal": 47.488088, "lon_portal": 19.139641, "portal_pozicio_sugar_m": null, "price_eur": null, "nm_ar_eur": null, "kozos_koltseg_eur": null, "rezsikoltseg_eur": null, "kaucio_eur": null, "parkolas": "nincs megadva", "parkolohely_ara": null, "parkolohelyek_szama": null, "pince": "nan", "napelem": "nan", "komfort": "nincs megadva", "belmagassag_raw": "nincs megadva", "akadalymentesitett": "nincs megadva", "furdo_wc": "nincs megadva", "tajolas": "nincs megadva", "kilatas": "nincs megadva", "szigeteles": "nincs megadva", "tetoter": "nincs megadva", "panelprogram": "nan", "gepesitett": "nincs megadva", "kisallat": "nincs megadva", "dohanyzas": "nincs megadva", "atlag_gazfogyasztas": "nincs megadva", "atlag_aramfogyasztas": "nincs megadva", "tavolsag_metro_halozati_m": null, "menetido_metro_gyalog_perc": null, "metro_5p_seta": 0, "metro_10p_seta": 0, "metro_15p_seta": 0, "tavolsag_villamos_halozati_m": 383.4, "menetido_villamos_gyalog_perc": 5.1, "villamos_5p_seta": 0, "villamos_10p_seta": 1, "villamos_15p_seta": 1, "tavolsag_busz_halozati_m": 199.5, "menetido_busz_gyalog_perc": 2.7, "busz_5p_seta": 1, "busz_10p_seta": 1, "busz_15p_seta": 1, "tavolsag_kotottpalya_halozati_m": 383.4, "menetido_kotottpalya_gyalog_perc": 5.1, "kotottpalya_5p_seta": 0, "kotottpalya_10p_seta": 1, "kotottpalya_15p_seta": 1, "tavolsag_park_halozati_m": 492.8, "menetido_park_gyalog_perc": 6.6, "park_5p_seta": 0, "park_10p_seta": 1, "park_15p_seta": 1, "poi_5p_count": 4.0, "poi_10p_count": 27.0, "poi_15p_count": 72.0, "tavolsag_iskola_halozati_m": 1086.3, "iskola_5p_seta": 0, "iskola_10p_seta": 0, "iskola_15p_seta": 1, "tavolsag_ovoda_halozati_m": 410.3, "ovoda_5p_seta": 0, "ovoda_10p_seta": 1, "ovoda_15p_seta": 1, "tavolsag_bolt_halozati_m": 637.9, "bolt_5p_seta": 0, "bolt_10p_seta": 1, "bolt_15p_seta": 1, "tavolsag_gyogyszertar_halozati_m": 344.2, "gyogyszertar_5p_seta": 1, "gyogyszertar_10p_seta": 1, "gyogyszertar_15p_seta": 1, "tavolsag_orvos_halozati_m": null, "orvos_5p_seta": 0, "orvos_10p_seta": 0, "orvos_15p_seta": 0, "legkozelebbi_vasut": "Kőbánya felső", "legkozelebbi_metro": "", "legkozelebbi_villamos": "Szent László Gimnázium", "legkozelebbi_busz": "Szent László Gimnázium", "legkozelebbi_park": "", "legkozelebbi_kotottpalya_tipus": "villamos", "varosresz_geokodolt": "Óhegy", "geokodolas_szolgaltato": "nominatim/photon", "felhasznalt_hazszam": 3.0, "legkozelebbi_iskola": "Janikovszky Éva Általános Iskola", "legkozelebbi_ovoda": "Apró csodák Bölcsőde", "legkozelebbi_bolt": "", "legkozelebbi_gyogyszertar": "Harmat Patika", "legkozelebbi_orvos": "", "menetido_iskola_gyalog_perc": 14.5, "menetido_ovoda_gyalog_perc": 5.5, "menetido_bolt_gyalog_perc": 8.5, "menetido_gyogyszertar_gyalog_perc": 4.6, "menetido_orvos_gyalog_perc": null }, "geometry": { "type": "Point", "coordinates": [ 19.1399908, 47.4882202 ] } },
{ "type": "Feature", "properties": { "listing_id": "35507913", "listing_type": "kiado", "ingatlan_tipus": "lakas", "cim_teljes": "Budapest X. kerület, Lavotta utca 13.", "iranyitoszam": "1104", "varos": "Budapest", "utca": "Lavotta utca", "hazszam": "13", "cim_forras": "strukturalt", "url": "https://ingatlan.com/x-ker/kiado+lakas/panel-lakas/35507913", "gyujtes_datuma": "2026-10-08", "price_huf": 250000.0, "ar_millio_ft": 0.25, "ar_ezer_ft_ho": 250.0, "nm_ar_huf": 4716.9811320754716, "log_ar": 12.429216196844383, "log_nm_ar": 8.4589242832922622, "is_ar_outlier": 0, "alapterulet_nm": 53.0, "korrigalt_alapterulet_nm": 55.0, "szobaszam_osszes": 2.0, "szobaszam_kategoria": "2 szoba", "allapot_kod": 4, "is_felujitando": 0, "is_ujszeru_vagy_uj": 0, "is_panel": 1, "is_tegla": 0, "has_lift": 1, "has_klima": 1, "has_erkely": 1, "is_foldszint": 0, "is_zaroszint": 1, "is_tetoter": 0, "epulet_kora_ev": 76.0, "geokodolt_lat": 47.4719887, "geokodolt_lon": 19.1742163, "geokodolas_modszere": "cim_nominatim", "geokodolas_pontossag": "hazszam", "minta_garantalt_pontos": 1, "tavolsag_vasut_m": 1451.3, "vasut_zona": "1000-2000 m", "is_vasut_immisszio_150m": 0, "tavolsag_vasut_halozati_m": null, "menetido_vasut_gyalog_perc": null, "vasut_5p_seta": 0, "vasut_10p_seta": 0, "vasut_15p_seta": 0, "is_duplikalt_gyanus": 0, "varosresz": "Keresztúridűlő", "title": "Ingatlan kép", "allapot": "felújított", "ingatlan_altipus": "panel-lakas", "epites_eve": 1950.0, "epites_eve_kategoria": "60+ év (háború előtti)", "epites_eve_szoveg": "1950 és 1980 között", "epites_eve_becsult": null, "erkely_nm": 4.0, "szobaszam_egesz": 2.0, "szobaszam_fel": 0.0, "atlagos_szobameret_nm": 27.5, "emelet": "10", "emelet_szam": 10.0, "epulet_szintjei_szam": 10.0, "is_magas_emelet_lift_nelkul": 0, "futes": "távfűtés egyedi méréssel", "futes_kategoria": "tavfutes", "has_tavfutes": 1, "has_konvektor": 0, "has_megujulo": 0, "has_garazs_vagy_beallo": 0, "energetikai_tanusitvany": "nincs megadva", "butorozott": "nem", "koltozheto": "azonnal", "min_berleti_ido": "18 hónap", "kertkapcsolatos": "nincs megadva", "kozos_koltseg_huf": 23300.0, "rezsikoltseg_huf": null, "kaucio_huf": null, "hirdeto_tipus": null, "iroda_neve": null, "leiras": "Kiadó egy bútorozatlan, 53 m²-es, 2 szobás, 10. emeleti, 4 m²-es erkéllyel rendelkező panel lakás, amely 2025-ben teljes belső felújításon esett át. A lakás két irányba tájolt (ÉNy: konyha és hálószoba, DK: nappali), ezért világos és kiválóan átszellőztethető. A belső felújítás során megújult az elektromos és vízhálózat, a fürdőszoba és a wc, a nyílászárók, a radiátorok, a burkolatok, a belső ajtók, valamint teljesen új konyha került beépítésre. A nappaliban található klíma az egész lakás hűtésére elegendő. A társasházban felújított lift működik. Egyedülálló panoráma: A konyhából és a hálószobából egyedülálló panoráma nyílik Budapestre, a Budai-hegységre, még a Pilis vonulatai is tisztán látszanak. Augusztus 20-án a tűzijáték a hálószobából is kivételes élményt nyújt. Rezsi: •Közös költség: 23 300 Ft/hó •Távhő: 6 500 Ft/hó •Gáz (főzéshez): 1 400 Ft/hó •Víz- és villanyfogyasztás egyéni használat alapján. A KÖKI és az Örs vezér tere negyed óra alatt elérhető busszal. A környék csendes, parkosított, a közelben Spar, Lidl és Auchan is megtalálható. A parkolás a ház környezetében ingyenes. Bérleti feltételek •Azonnal költözhető •2 havi kaució •közjegyzői szerződés •Hosszú távra kiadó, lehetőleg legalább 2 évre •Macska és kistestű kutya megengedett •Dohányzás kizárólag az erkélyen lehetséges •A lakáshoz külön tároló nem tartozik", "oldal_allapot": "hirdetes", "leiras_hossz": 1344.0, "fenykepek_szama": 6.0, "lat_portal": 47.476608, "lon_portal": 19.158719, "portal_pozicio_sugar_m": null, "price_eur": null, "nm_ar_eur": null, "kozos_koltseg_eur": null, "rezsikoltseg_eur": null, "kaucio_eur": null, "parkolas": "utca, közterület - ingyenes", "parkolohely_ara": null, "parkolohelyek_szama": null, "pince": "nan", "napelem": "nan", "komfort": "összkomfortos", "belmagassag_raw": "3 m-nél alacsonyabb", "akadalymentesitett": "nincs megadva", "furdo_wc": "külön helyiségben", "tajolas": "északkelet", "kilatas": "panorámás", "szigeteles": "nincs megadva", "tetoter": "legfelső emelet, nem tetőtéri", "panelprogram": "nem vett részt", "gepesitett": "nincs megadva", "kisallat": "nincs megadva", "dohanyzas": "nincs megadva", "atlag_gazfogyasztas": "nincs megadva", "atlag_aramfogyasztas": "nincs megadva", "tavolsag_metro_halozati_m": null, "menetido_metro_gyalog_perc": null, "metro_5p_seta": 0, "metro_10p_seta": 0, "metro_15p_seta": 0, "tavolsag_villamos_halozati_m": null, "menetido_villamos_gyalog_perc": null, "villamos_5p_seta": 0, "villamos_10p_seta": 0, "villamos_15p_seta": 0, "tavolsag_busz_halozati_m": null, "menetido_busz_gyalog_perc": null, "busz_5p_seta": 0, "busz_10p_seta": 0, "busz_15p_seta": 0, "tavolsag_kotottpalya_halozati_m": null, "menetido_kotottpalya_gyalog_perc": null, "kotottpalya_5p_seta": 0, "kotottpalya_10p_seta": 0, "kotottpalya_15p_seta": 0, "tavolsag_park_halozati_m": null, "menetido_park_gyalog_perc": null, "park_5p_seta": 0, "park_10p_seta": 0, "park_15p_seta": 0, "poi_5p_count": null, "poi_10p_count": null, "poi_15p_count": null, "tavolsag_iskola_halozati_m": null, "iskola_5p_seta": 0, "iskola_10p_seta": 0, "iskola_15p_seta": 0, "tavolsag_ovoda_halozati_m": null, "ovoda_5p_seta": 0, "ovoda_10p_seta": 0, "ovoda_15p_seta": 0, "tavolsag_bolt_halozati_m": null, "bolt_5p_seta": 0, "bolt_10p_seta": 0, "bolt_15p_seta": 0, "tavolsag_gyogyszertar_halozati_m": null, "gyogyszertar_5p_seta": 0, "gyogyszertar_10p_seta": 0, "gyogyszertar_15p_seta": 0, "tavolsag_orvos_halozati_m": null, "orvos_5p_seta": 0, "orvos_10p_seta": 0, "orvos_15p_seta": 0, "legkozelebbi_vasut": "", "legkozelebbi_metro": "", "legkozelebbi_villamos": "", "legkozelebbi_busz": "", "legkozelebbi_park": "", "legkozelebbi_kotottpalya_tipus": "", "varosresz_geokodolt": "Keresztúridűlő", "geokodolas_szolgaltato": "nominatim/photon", "felhasznalt_hazszam": 13.0, "legkozelebbi_iskola": "", "legkozelebbi_ovoda": "", "legkozelebbi_bolt": "", "legkozelebbi_gyogyszertar": "", "legkozelebbi_orvos": "", "menetido_iskola_gyalog_perc": null, "menetido_ovoda_gyalog_perc": null, "menetido_bolt_gyalog_perc": null, "menetido_gyogyszertar_gyalog_perc": null, "menetido_orvos_gyalog_perc": null }, "geometry": { "type": "Point", "coordinates": [ 19.1742163, 47.4719887 ] } },
{ "type": "Feature", "properties": { "listing_id": "35519231", "listing_type": "kiado", "ingatlan_tipus": "garazs", "cim_teljes": "Budapest X. kerület, Bihari utca 17.", "iranyitoszam": "1107", "varos": "Budapest", "utca": "Bihari utca", "hazszam": "17", "cim_forras": "strukturalt", "url": "https://ingatlan.com/x-ker/kiado+garazs/onallo-garazs/35519231", "gyujtes_datuma": "2026-10-08", "price_huf": 38000.0, "ar_millio_ft": 0.038, "ar_ezer_ft_ho": 38.0, "nm_ar_huf": 2000.0, "log_ar": 10.545341438708522, "log_nm_ar": 7.6009024595420822, "is_ar_outlier": 1, "alapterulet_nm": 19.0, "korrigalt_alapterulet_nm": 19.0, "szobaszam_osszes": null, "szobaszam_kategoria": null, "allapot_kod": 3, "is_felujitando": 0, "is_ujszeru_vagy_uj": 0, "is_panel": 0, "is_tegla": 0, "has_lift": 1, "has_klima": 1, "has_erkely": 0, "is_foldszint": 0, "is_zaroszint": 0, "is_tetoter": 0, "epulet_kora_ev": null, "geokodolt_lat": 47.4756843, "geokodolt_lon": 19.1190352, "geokodolas_modszere": "cim_nominatim", "geokodolas_pontossag": "hazszam", "minta_garantalt_pontos": 1, "tavolsag_vasut_m": 268.7, "vasut_zona": "150-300 m", "is_vasut_immisszio_150m": 0, "tavolsag_vasut_halozati_m": 936.6, "menetido_vasut_gyalog_perc": 12.5, "vasut_5p_seta": 0, "vasut_10p_seta": 0, "vasut_15p_seta": 1, "is_duplikalt_gyanus": 0, "varosresz": "Gyárdűlő", "title": "Nincs kép", "allapot": "jó állapotú", "ingatlan_altipus": "onallo-garazs", "epites_eve": null, "epites_eve_kategoria": "Ismeretlen", "epites_eve_szoveg": "nincs megadva", "epites_eve_becsult": null, "erkely_nm": null, "szobaszam_egesz": null, "szobaszam_fel": null, "atlagos_szobameret_nm": null, "emelet": "nan", "emelet_szam": null, "epulet_szintjei_szam": null, "is_magas_emelet_lift_nelkul": 0, "futes": "nan", "futes_kategoria": "egyeb", "has_tavfutes": 0, "has_konvektor": 0, "has_megujulo": 0, "has_garazs_vagy_beallo": 0, "energetikai_tanusitvany": "nan", "butorozott": "nan", "koltozheto": "azonnal", "min_berleti_ido": "12 hónap", "kertkapcsolatos": "nan", "kozos_koltseg_huf": null, "rezsikoltseg_huf": null, "kaucio_huf": null, "hirdeto_tipus": null, "iroda_neve": null, "leiras": "Kiadó önálló garázs / raktár kamerázott udvarban – Bp. X. kerület, Fertő utca felőli bejárattal Budapest X. kerületében, a Bihari utca 17. szám alatt (bejárat a Fertő utca felől) hosszú távra kiadó egy zárt udvarban található, önálló garázs / raktárhelyiség. Főbb jellemzők: Biztonság: Távirányítós elektromos kapu, kamerázott udvar (az egyik kamera közvetlenül a garázsra néz). Szerkezet: Masszív tégla falazat, stabil beton padló. Bejárat: Kétszárnyú, biztonságosan zárható vasajtó. Nyílásméret: 220 cm széles x 180 cm magas. Közművek: Áram nincs a helyiségben. Költségek: További közös költség nincs! Az ingatlan elhelyezkedése miatt kiválóan és könnyen megközelíthető. Funkcióját tekintve gépjármű tárolására, illetve száraz raktárnak is tökéletesen ideális. Fotókat kérésre küldök. Köszönöm.", "oldal_allapot": "hirdetes", "leiras_hossz": 796.0, "fenykepek_szama": 2.0, "lat_portal": 47.475663, "lon_portal": 19.118989, "portal_pozicio_sugar_m": null, "price_eur": null, "nm_ar_eur": null, "kozos_koltseg_eur": null, "rezsikoltseg_eur": null, "kaucio_eur": null, "parkolas": "nan", "parkolohely_ara": null, "parkolohelyek_szama": null, "pince": "nan", "napelem": "nan", "komfort": "nan", "belmagassag_raw": "nan", "akadalymentesitett": "nan", "furdo_wc": "nan", "tajolas": "nan", "kilatas": "nan", "szigeteles": "nan", "tetoter": "nan", "panelprogram": "nan", "gepesitett": "nan", "kisallat": "nan", "dohanyzas": "nan", "atlag_gazfogyasztas": "nan", "atlag_aramfogyasztas": "nan", "tavolsag_metro_halozati_m": 833.6, "menetido_metro_gyalog_perc": 11.1, "metro_5p_seta": 0, "metro_10p_seta": 0, "metro_15p_seta": 1, "tavolsag_villamos_halozati_m": 33.7, "menetido_villamos_gyalog_perc": 0.4, "villamos_5p_seta": 1, "villamos_10p_seta": 1, "villamos_15p_seta": 1, "tavolsag_busz_halozati_m": 86.5, "menetido_busz_gyalog_perc": 1.2, "busz_5p_seta": 1, "busz_10p_seta": 1, "busz_15p_seta": 1, "tavolsag_kotottpalya_halozati_m": 33.7, "menetido_kotottpalya_gyalog_perc": 0.4, "kotottpalya_5p_seta": 1, "kotottpalya_10p_seta": 1, "kotottpalya_15p_seta": 1, "tavolsag_park_halozati_m": 557.5, "menetido_park_gyalog_perc": 7.4, "park_5p_seta": 0, "park_10p_seta": 1, "park_15p_seta": 1, "poi_5p_count": 5.0, "poi_10p_count": 21.0, "poi_15p_count": 70.0, "tavolsag_iskola_halozati_m": 1178.8, "iskola_5p_seta": 0, "iskola_10p_seta": 0, "iskola_15p_seta": 0, "tavolsag_ovoda_halozati_m": 993.6, "ovoda_5p_seta": 0, "ovoda_10p_seta": 0, "ovoda_15p_seta": 1, "tavolsag_bolt_halozati_m": 554.1, "bolt_5p_seta": 0, "bolt_10p_seta": 1, "bolt_15p_seta": 1, "tavolsag_gyogyszertar_halozati_m": 526.9, "gyogyszertar_5p_seta": 0, "gyogyszertar_10p_seta": 1, "gyogyszertar_15p_seta": 1, "tavolsag_orvos_halozati_m": 1370.3, "orvos_5p_seta": 0, "orvos_10p_seta": 0, "orvos_15p_seta": 0, "legkozelebbi_vasut": "Ecseri út", "legkozelebbi_metro": "", "legkozelebbi_villamos": "Fertő utca / Bihari utca", "legkozelebbi_busz": "Fertő utca / Bihari utca", "legkozelebbi_park": "Kékvirág park", "legkozelebbi_kotottpalya_tipus": "villamos", "varosresz_geokodolt": "Gyárdűlő", "geokodolas_szolgaltato": "nominatim/photon", "felhasznalt_hazszam": 17.0, "legkozelebbi_iskola": "Szervátiusz Jenő Általános Iskola", "legkozelebbi_ovoda": "Kőbányai Gézengúz Óvoda", "legkozelebbi_bolt": "Élelmiszerbolt", "legkozelebbi_gyogyszertar": "Somfa patika", "legkozelebbi_orvos": "Rendelőintézet", "menetido_iskola_gyalog_perc": 15.7, "menetido_ovoda_gyalog_perc": 13.2, "menetido_bolt_gyalog_perc": 7.4, "menetido_gyogyszertar_gyalog_perc": 7.0, "menetido_orvos_gyalog_perc": 18.3 }, "geometry": { "type": "Point", "coordinates": [ 19.1190352, 47.4756843 ] } },
{ "type": "Feature", "properties": { "listing_id": "35530997", "listing_type": "kiado", "ingatlan_tipus": "garazs", "cim_teljes": "Budapest X. kerület, Gyógyszergyári utca 8.", "iranyitoszam": "1106", "varos": "Budapest", "utca": "Gyógyszergyári utca", "hazszam": "8", "cim_forras": "strukturalt", "url": "https://ingatlan.com/x-ker/kiado+garazs/teremgarazs-hely/35530997", "gyujtes_datuma": "2026-10-08", "price_huf": 30000.0, "ar_millio_ft": 0.03, "ar_ezer_ft_ho": 30.0, "nm_ar_huf": 2000.0, "log_ar": 10.308952660644293, "log_nm_ar": 7.6009024595420822, "is_ar_outlier": 1, "alapterulet_nm": 15.0, "korrigalt_alapterulet_nm": 15.0, "szobaszam_osszes": null, "szobaszam_kategoria": null, "allapot_kod": 6, "is_felujitando": 0, "is_ujszeru_vagy_uj": 1, "is_panel": 0, "is_tegla": 0, "has_lift": 1, "has_klima": 1, "has_erkely": 0, "is_foldszint": 0, "is_zaroszint": 0, "is_tetoter": 0, "epulet_kora_ev": 0.0, "geokodolt_lat": 47.4983016, "geokodolt_lon": 19.14218, "geokodolas_modszere": "cim_nominatim", "geokodolas_pontossag": "hazszam", "minta_garantalt_pontos": 1, "tavolsag_vasut_m": 590.0, "vasut_zona": "500-1000 m", "is_vasut_immisszio_150m": 0, "tavolsag_vasut_halozati_m": 1505.7, "menetido_vasut_gyalog_perc": 20.1, "vasut_5p_seta": 0, "vasut_10p_seta": 0, "vasut_15p_seta": 0, "is_duplikalt_gyanus": 0, "varosresz": "Felsőrákos", "title": "Ingatlan kép", "allapot": "új építésű", "ingatlan_altipus": "teremgarazs-hely", "epites_eve": 2026.0, "epites_eve_kategoria": "0-10 év (új)", "epites_eve_szoveg": "2026", "epites_eve_becsult": null, "erkely_nm": null, "szobaszam_egesz": null, "szobaszam_fel": null, "atlagos_szobameret_nm": null, "emelet": "nan", "emelet_szam": null, "epulet_szintjei_szam": null, "is_magas_emelet_lift_nelkul": 0, "futes": "nan", "futes_kategoria": "egyeb", "has_tavfutes": 0, "has_konvektor": 0, "has_megujulo": 0, "has_garazs_vagy_beallo": 0, "energetikai_tanusitvany": "nan", "butorozott": "nan", "koltozheto": "azonnal", "min_berleti_ido": "12 hónap", "kertkapcsolatos": "nan", "kozos_koltseg_huf": null, "rezsikoltseg_huf": null, "kaucio_huf": null, "hirdeto_tipus": null, "iroda_neve": null, "leiras": "Modern, távirányítós garázsajtós gépkocsibeálló kiadó a 1106. Bp. Gyógyszergyári utca 8 földszintjén , havi bérleti díj 30000ft + 5000ft rezsiért", "oldal_allapot": "hirdetes", "leiras_hossz": 145.0, "fenykepek_szama": null, "lat_portal": 47.49801, "lon_portal": 19.142693, "portal_pozicio_sugar_m": null, "price_eur": null, "nm_ar_eur": null, "kozos_koltseg_eur": null, "rezsikoltseg_eur": null, "kaucio_eur": null, "parkolas": "nan", "parkolohely_ara": null, "parkolohelyek_szama": 90.0, "pince": "nan", "napelem": "nan", "komfort": "nan", "belmagassag_raw": "nan", "akadalymentesitett": "nan", "furdo_wc": "nan", "tajolas": "nan", "kilatas": "nan", "szigeteles": "nan", "tetoter": "nan", "panelprogram": "nan", "gepesitett": "nan", "kisallat": "nan", "dohanyzas": "nan", "atlag_gazfogyasztas": "nan", "atlag_aramfogyasztas": "nan", "tavolsag_metro_halozati_m": null, "menetido_metro_gyalog_perc": null, "metro_5p_seta": 0, "metro_10p_seta": 0, "metro_15p_seta": 0, "tavolsag_villamos_halozati_m": 607.2, "menetido_villamos_gyalog_perc": 8.1, "villamos_5p_seta": 0, "villamos_10p_seta": 1, "villamos_15p_seta": 1, "tavolsag_busz_halozati_m": 629.5, "menetido_busz_gyalog_perc": 8.4, "busz_5p_seta": 0, "busz_10p_seta": 1, "busz_15p_seta": 1, "tavolsag_kotottpalya_halozati_m": 607.2, "menetido_kotottpalya_gyalog_perc": 8.1, "kotottpalya_5p_seta": 0, "kotottpalya_10p_seta": 1, "kotottpalya_15p_seta": 1, "tavolsag_park_halozati_m": 1260.3, "menetido_park_gyalog_perc": 16.8, "park_5p_seta": 0, "park_10p_seta": 0, "park_15p_seta": 0, "poi_5p_count": 0.0, "poi_10p_count": 4.0, "poi_15p_count": 18.0, "tavolsag_iskola_halozati_m": null, "iskola_5p_seta": 0, "iskola_10p_seta": 0, "iskola_15p_seta": 0, "tavolsag_ovoda_halozati_m": 1570.0, "ovoda_5p_seta": 0, "ovoda_10p_seta": 0, "ovoda_15p_seta": 0, "tavolsag_bolt_halozati_m": 1845.6, "bolt_5p_seta": 0, "bolt_10p_seta": 0, "bolt_15p_seta": 0, "tavolsag_gyogyszertar_halozati_m": 1334.3, "gyogyszertar_5p_seta": 0, "gyogyszertar_10p_seta": 0, "gyogyszertar_15p_seta": 0, "tavolsag_orvos_halozati_m": null, "orvos_5p_seta": 0, "orvos_10p_seta": 0, "orvos_15p_seta": 0, "legkozelebbi_vasut": "Kőbánya felső", "legkozelebbi_metro": "", "legkozelebbi_villamos": "Terebesi utca", "legkozelebbi_busz": "Terebesi utca", "legkozelebbi_park": "", "legkozelebbi_kotottpalya_tipus": "villamos", "varosresz_geokodolt": "Felsőrákos", "geokodolas_szolgaltato": "nominatim/photon", "felhasznalt_hazszam": 8.0, "legkozelebbi_iskola": "", "legkozelebbi_ovoda": "Apró csodák Bölcsőde", "legkozelebbi_bolt": "", "legkozelebbi_gyogyszertar": "Harmat Patika", "legkozelebbi_orvos": "", "menetido_iskola_gyalog_perc": null, "menetido_ovoda_gyalog_perc": 20.9, "menetido_bolt_gyalog_perc": 24.6, "menetido_gyogyszertar_gyalog_perc": 17.8, "menetido_orvos_gyalog_perc": null }, "geometry": { "type": "Point", "coordinates": [ 19.14218, 47.4983016 ] } },
{ "type": "Feature", "properties": { "listing_id": "35534971", "listing_type": "kiado", "ingatlan_tipus": "lakas", "cim_teljes": "Budapest X. kerület, Gyakorló utca 18.", "iranyitoszam": "1106", "varos": "Budapest", "utca": "Gyakorló utca", "hazszam": "18", "cim_forras": "strukturalt", "url": "https://ingatlan.com/x-ker/kiado+lakas/panel-lakas/35534971", "gyujtes_datuma": "2026-10-08", "price_huf": 220000.0, "ar_millio_ft": 0.22, "ar_ezer_ft_ho": 220.0, "nm_ar_huf": 6285.7142857142853, "log_ar": 12.301382825334498, "log_nm_ar": 8.7460347638450848, "is_ar_outlier": 0, "alapterulet_nm": 35.0, "korrigalt_alapterulet_nm": 37.0, "szobaszam_osszes": 2.0, "szobaszam_kategoria": "2 szoba", "allapot_kod": 4, "is_felujitando": 0, "is_ujszeru_vagy_uj": 0, "is_panel": 1, "is_tegla": 0, "has_lift": 1, "has_klima": 0, "has_erkely": 1, "is_foldszint": 0, "is_zaroszint": 0, "is_tetoter": 0, "epulet_kora_ev": 76.0, "geokodolt_lat": 47.5021087, "geokodolt_lon": 19.1441758, "geokodolas_modszere": "cim_nominatim", "geokodolas_pontossag": "hazszam", "minta_garantalt_pontos": 1, "tavolsag_vasut_m": 997.4, "vasut_zona": "500-1000 m", "is_vasut_immisszio_150m": 0, "tavolsag_vasut_halozati_m": null, "menetido_vasut_gyalog_perc": null, "vasut_5p_seta": 0, "vasut_10p_seta": 0, "vasut_15p_seta": 0, "is_duplikalt_gyanus": 0, "varosresz": "Felsőrákos", "title": "Ingatlan kép", "allapot": "felújított", "ingatlan_altipus": "panel-lakas", "epites_eve": 1950.0, "epites_eve_kategoria": "60+ év (háború előtti)", "epites_eve_szoveg": "1950 és 1980 között", "epites_eve_becsult": null, "erkely_nm": 4.0, "szobaszam_egesz": 2.0, "szobaszam_fel": 0.0, "atlagos_szobameret_nm": 18.5, "emelet": "5", "emelet_szam": 5.0, "epulet_szintjei_szam": 10.0, "is_magas_emelet_lift_nelkul": 0, "futes": "távfűtés", "futes_kategoria": "tavfutes", "has_tavfutes": 1, "has_konvektor": 0, "has_megujulo": 0, "has_garazs_vagy_beallo": 0, "energetikai_tanusitvany": "D", "butorozott": "részben", "koltozheto": "azonnal", "min_berleti_ido": "12 hónap", "kertkapcsolatos": "nem", "kozos_koltseg_huf": 12950.0, "rezsikoltseg_huf": null, "kaucio_huf": null, "hirdeto_tipus": null, "iroda_neve": null, "leiras": "Kiadó a X. kerületben, a Gyakorló utcában (pár perc sétára az Örs vezér terétől, az M2-es metrótól és az Árkádtól) egy 35 m2-es, 5. emeleti, 1,5 szobás, erkélyes lakás hosszútávra (minimum 1 évre). A ház kívülről nemrégiben hőszigetelő burkolást kapott. A lakás a közelmúltban teljeskörű, minőségi felújításon esett át: az elektromos hálózat teljes korszerűsítése megtörtént, modern burkolatok, friss festés és új, energiatakarékos nyílászárók kerültek beépítésre. Az erkély szintén teljesen megújult! Berendezés és gépesítettség: Gépek (teljesen felszerelt): Hűtőszekrény, mosógép, indukciós főzőlap, mikrohullámú sütő, airfryer, vízforraló és porszívó. Bútorok: A konyha és fürdőszoba teljesen berendezett. A nagyszobában egy tágas, 3 ajtós ruhásszekrény, asztal két székkel; a kisszobában pedig egy nagy méretű beépített szekrény található. Figyelem: A lakásból az ágy és az ülőgarnitúra/kanapé hiányzik, így azt a leendő bérlő az igénynek megfelelően rendezheti be. Költségek és rezsi (Rendkívül kedvező és jól követhető): Bérleti díj: 220.000 Ft / hó Közös költség: Fixen 12.950 Ft / hó Távhő: Átalánydíjas, eddig 7.250 Ft / hó volt, de a szigetelés miatt jelentősen csökkenhet (idén kb. havi 4.500 Ft-ot kellett fizetni). Hideg-meleg víz és villany: Mérőórák (fogyasztás) alapján, valós használat szerint fizetendő. Feltételek: A lakásban a dohányzás és a kisállat tartása NEM megengedett. Kéthavi kaució (440.000 Ft) és az első havi bérleti díj megfizetése szükséges. A bérlés feltétele a bérleti szerződés aláírása mellett egy közjegyző előtti kiköltözési/kiürítési nyilatkozat megtétele (közjegyzői okirat). A lakás azonnal költözhető. Rugalmasan megtekinthető, keressen bizalommal!", "oldal_allapot": "hirdetes", "leiras_hossz": 1691.0, "fenykepek_szama": 6.0, "lat_portal": 47.502165, "lon_portal": 19.144154, "portal_pozicio_sugar_m": null, "price_eur": null, "nm_ar_eur": null, "kozos_koltseg_eur": null, "rezsikoltseg_eur": null, "kaucio_eur": null, "parkolas": "utca, közterület - fizetős övezet", "parkolohely_ara": null, "parkolohelyek_szama": null, "pince": "nan", "napelem": "nan", "komfort": "összkomfortos", "belmagassag_raw": "3 m-nél alacsonyabb", "akadalymentesitett": "nem", "furdo_wc": "egy helyiségben", "tajolas": "délnyugat", "kilatas": "utcai", "szigeteles": "van - 15 cm", "tetoter": "nem tetőtéri", "panelprogram": "részt vett", "gepesitett": "igen", "kisallat": "nem hozható", "dohanyzas": "nem megengedett", "atlag_gazfogyasztas": "nincs megadva", "atlag_aramfogyasztas": "nincs megadva", "tavolsag_metro_halozati_m": null, "menetido_metro_gyalog_perc": null, "metro_5p_seta": 0, "metro_10p_seta": 0, "metro_15p_seta": 0, "tavolsag_villamos_halozati_m": null, "menetido_villamos_gyalog_perc": null, "villamos_5p_seta": 0, "villamos_10p_seta": 0, "villamos_15p_seta": 0, "tavolsag_busz_halozati_m": null, "menetido_busz_gyalog_perc": null, "busz_5p_seta": 0, "busz_10p_seta": 0, "busz_15p_seta": 0, "tavolsag_kotottpalya_halozati_m": null, "menetido_kotottpalya_gyalog_perc": null, "kotottpalya_5p_seta": 0, "kotottpalya_10p_seta": 0, "kotottpalya_15p_seta": 0, "tavolsag_park_halozati_m": null, "menetido_park_gyalog_perc": null, "park_5p_seta": 0, "park_10p_seta": 0, "park_15p_seta": 0, "poi_5p_count": null, "poi_10p_count": null, "poi_15p_count": null, "tavolsag_iskola_halozati_m": null, "iskola_5p_seta": 0, "iskola_10p_seta": 0, "iskola_15p_seta": 0, "tavolsag_ovoda_halozati_m": null, "ovoda_5p_seta": 0, "ovoda_10p_seta": 0, "ovoda_15p_seta": 0, "tavolsag_bolt_halozati_m": null, "bolt_5p_seta": 0, "bolt_10p_seta": 0, "bolt_15p_seta": 0, "tavolsag_gyogyszertar_halozati_m": null, "gyogyszertar_5p_seta": 0, "gyogyszertar_10p_seta": 0, "gyogyszertar_15p_seta": 0, "tavolsag_orvos_halozati_m": null, "orvos_5p_seta": 0, "orvos_10p_seta": 0, "orvos_15p_seta": 0, "legkozelebbi_vasut": "", "legkozelebbi_metro": "", "legkozelebbi_villamos": "", "legkozelebbi_busz": "", "legkozelebbi_park": "", "legkozelebbi_kotottpalya_tipus": "", "varosresz_geokodolt": "Felsőrákos", "geokodolas_szolgaltato": "nominatim/photon", "felhasznalt_hazszam": 18.0, "legkozelebbi_iskola": "", "legkozelebbi_ovoda": "", "legkozelebbi_bolt": "", "legkozelebbi_gyogyszertar": "", "legkozelebbi_orvos": "", "menetido_iskola_gyalog_perc": null, "menetido_ovoda_gyalog_perc": null, "menetido_bolt_gyalog_perc": null, "menetido_gyogyszertar_gyalog_perc": null, "menetido_orvos_gyalog_perc": null }, "geometry": { "type": "Point", "coordinates": [ 19.1441758, 47.5021087 ] } },
{ "type": "Feature", "properties": { "listing_id": "35538249", "listing_type": "kiado", "ingatlan_tipus": "lakas", "cim_teljes": "Budapest X. kerület, Gyógyszergyári utca 6.", "iranyitoszam": "1106", "varos": "Budapest", "utca": "Gyógyszergyári utca", "hazszam": "6", "cim_forras": "strukturalt", "url": "https://ingatlan.com/x-ker/kiado+lakas/tegla-lakas/35538249", "gyujtes_datuma": "2026-10-08", "price_huf": 260000.0, "ar_millio_ft": 0.26, "ar_ezer_ft_ho": 260.0, "nm_ar_huf": 6046.5116279069771, "log_ar": 12.468436909997665, "log_nm_ar": 8.7072367943041016, "is_ar_outlier": 0, "alapterulet_nm": 43.0, "korrigalt_alapterulet_nm": 48.5, "szobaszam_osszes": 2.0, "szobaszam_kategoria": "2 szoba", "allapot_kod": 6, "is_felujitando": 0, "is_ujszeru_vagy_uj": 1, "is_panel": 0, "is_tegla": 1, "has_lift": 1, "has_klima": 1, "has_erkely": 1, "is_foldszint": 0, "is_zaroszint": 0, "is_tetoter": 0, "epulet_kora_ev": 0.0, "geokodolt_lat": 47.4981391, "geokodolt_lon": 19.1407571, "geokodolas_modszere": "cim_nominatim", "geokodolas_pontossag": "hazszam", "minta_garantalt_pontos": 1, "tavolsag_vasut_m": 590.2, "vasut_zona": "500-1000 m", "is_vasut_immisszio_150m": 0, "tavolsag_vasut_halozati_m": 1352.6, "menetido_vasut_gyalog_perc": 18.0, "vasut_5p_seta": 0, "vasut_10p_seta": 0, "vasut_15p_seta": 0, "is_duplikalt_gyanus": 0, "varosresz": "Felsőrákos", "title": "Nincs kép", "allapot": "új építésű", "ingatlan_altipus": "tegla-lakas", "epites_eve": 2026.0, "epites_eve_kategoria": "0-10 év (új)", "epites_eve_szoveg": "2026", "epites_eve_becsult": null, "erkely_nm": 11.0, "szobaszam_egesz": 2.0, "szobaszam_fel": 0.0, "atlagos_szobameret_nm": 24.25, "emelet": "6", "emelet_szam": 6.0, "epulet_szintjei_szam": 8.0, "is_magas_emelet_lift_nelkul": 0, "futes": "távfűtés", "futes_kategoria": "tavfutes", "has_tavfutes": 1, "has_konvektor": 0, "has_megujulo": 0, "has_garazs_vagy_beallo": 1, "energetikai_tanusitvany": "nincs megadva", "butorozott": "részben", "koltozheto": "azonnal", "min_berleti_ido": "12 hónap", "kertkapcsolatos": "nincs megadva", "kozos_koltseg_huf": null, "rezsikoltseg_huf": null, "kaucio_huf": null, "hirdeto_tipus": null, "iroda_neve": null, "leiras": "Kiadó lakás Azonnal költözhető az újonnan átadott Bayer Kincsem Lakóparkban lévő 2 szobás lakás. A Gyógyszergyári utcában (K1) a 43 m²-es, 6. emeleti lakáshoz egy széles, kellemes terasz is tartozik. A lakás klímával és elektromos redőnyökkel felszerelt. A lakás modern, praktikus elrendezésű: -előtér (előszoba szekrénnyel) -amerikai konyhás nappali (a konyha mosogatógéppel, beépített hűtővel, sütővel, főzőlappal, elszívóval felszerelve) -külön hálószoba -zuhanyzós fürdőszoba WC-vel (elektromos padlófűtéssel és törölközőszárítóval) -széles terasz A Bayer Kincsem Lakópark modern, folyamatosan fejlődő környezetet kínál parkosított belső udvarokkal, játszóterekkel és rendezett közösségi terekkel. A közelben megtalálhatóak a mindennapi élethez szükséges üzletek, éttermek, kávézók, gyógyszertár, óvoda és iskola is. A közlekedés kényelmes, a belváros tömegközlekedéssel és autóval is könnyen elérhető. Bérleti díj: 260.000 Ft/hó Lifthez közeli parkoló: 30.000 Ft/hó Rezsi: egyedi mérés alapján, fogyasztás szerint. Kisállat nem vihető be a lakásba. A lakás azonnal költözhető, 2 havi kaució és 1 havi bérleti díj ellenében.", "oldal_allapot": "hirdetes", "leiras_hossz": 1128.0, "fenykepek_szama": 6.0, "lat_portal": 47.497833, "lon_portal": 19.141041, "portal_pozicio_sugar_m": null, "price_eur": null, "nm_ar_eur": null, "kozos_koltseg_eur": null, "rezsikoltseg_eur": null, "kaucio_eur": null, "parkolas": "teremgarázs hely - bérelhető", "parkolohely_ara": 30000.0, "parkolohelyek_szama": null, "pince": "nan", "napelem": "nan", "komfort": "nincs megadva", "belmagassag_raw": "3 m-nél alacsonyabb", "akadalymentesitett": "nincs megadva", "furdo_wc": "nincs megadva", "tajolas": "nyugat", "kilatas": "nincs megadva", "szigeteles": "nincs megadva", "tetoter": "nem tetőtéri", "panelprogram": "nan", "gepesitett": "nincs megadva", "kisallat": "nem hozható", "dohanyzas": "nem megengedett", "atlag_gazfogyasztas": "nincs megadva", "atlag_aramfogyasztas": "nincs megadva", "tavolsag_metro_halozati_m": null, "menetido_metro_gyalog_perc": null, "metro_5p_seta": 0, "metro_10p_seta": 0, "metro_15p_seta": 0, "tavolsag_villamos_halozati_m": 772.2, "menetido_villamos_gyalog_perc": 10.3, "villamos_5p_seta": 0, "villamos_10p_seta": 0, "villamos_15p_seta": 1, "tavolsag_busz_halozati_m": 620.4, "menetido_busz_gyalog_perc": 8.3, "busz_5p_seta": 0, "busz_10p_seta": 1, "busz_15p_seta": 1, "tavolsag_kotottpalya_halozati_m": 772.2, "menetido_kotottpalya_gyalog_perc": 10.3, "kotottpalya_5p_seta": 0, "kotottpalya_10p_seta": 0, "kotottpalya_15p_seta": 1, "tavolsag_park_halozati_m": 1429.5, "menetido_park_gyalog_perc": 19.1, "park_5p_seta": 0, "park_10p_seta": 0, "park_15p_seta": 0, "poi_5p_count": 0.0, "poi_10p_count": 1.0, "poi_15p_count": 6.0, "tavolsag_iskola_halozati_m": null, "iskola_5p_seta": 0, "iskola_10p_seta": 0, "iskola_15p_seta": 0, "tavolsag_ovoda_halozati_m": 1751.6, "ovoda_5p_seta": 0, "ovoda_10p_seta": 0, "ovoda_15p_seta": 0, "tavolsag_bolt_halozati_m": 2027.2, "bolt_5p_seta": 0, "bolt_10p_seta": 0, "bolt_15p_seta": 0, "tavolsag_gyogyszertar_halozati_m": 1516.0, "gyogyszertar_5p_seta": 0, "gyogyszertar_10p_seta": 0, "gyogyszertar_15p_seta": 0, "tavolsag_orvos_halozati_m": null, "orvos_5p_seta": 0, "orvos_10p_seta": 0, "orvos_15p_seta": 0, "legkozelebbi_vasut": "Kőbánya felső", "legkozelebbi_metro": "", "legkozelebbi_villamos": "Terebesi utca", "legkozelebbi_busz": "Albertirsai köz", "legkozelebbi_park": "Sajó Sándor tér", "legkozelebbi_kotottpalya_tipus": "villamos", "varosresz_geokodolt": "Felsőrákos", "geokodolas_szolgaltato": "nominatim/photon", "felhasznalt_hazszam": 6.0, "legkozelebbi_iskola": "", "legkozelebbi_ovoda": "Apró csodák Bölcsőde", "legkozelebbi_bolt": "", "legkozelebbi_gyogyszertar": "Harmat Patika", "legkozelebbi_orvos": "", "menetido_iskola_gyalog_perc": null, "menetido_ovoda_gyalog_perc": 23.4, "menetido_bolt_gyalog_perc": 27.0, "menetido_gyogyszertar_gyalog_perc": 20.2, "menetido_orvos_gyalog_perc": null }, "geometry": { "type": "Point", "coordinates": [ 19.1407571, 47.4981391 ] } },
{ "type": "Feature", "properties": { "listing_id": "35539920", "listing_type": "kiado", "ingatlan_tipus": "lakas", "cim_teljes": "Budapest X. kerület, Somfa utca 4-6.", "iranyitoszam": "1107", "varos": "Budapest", "utca": "Somfa utca", "hazszam": "4-6", "cim_forras": "strukturalt", "url": "https://ingatlan.com/x-ker/kiado+lakas/tegla-lakas/35539920", "gyujtes_datuma": "2026-10-08", "price_huf": 390000.0, "ar_millio_ft": 0.39, "ar_ezer_ft_ho": 390.0, "nm_ar_huf": 5342.4657534246571, "log_ar": 12.873902018105829, "log_nm_ar": 8.5834425769574381, "is_ar_outlier": 0, "alapterulet_nm": 73.0, "korrigalt_alapterulet_nm": 77.5, "szobaszam_osszes": 3.0, "szobaszam_kategoria": "3 szoba", "allapot_kod": 5, "is_felujitando": 0, "is_ujszeru_vagy_uj": 1, "is_panel": 0, "is_tegla": 1, "has_lift": 1, "has_klima": 1, "has_erkely": 1, "is_foldszint": 0, "is_zaroszint": 0, "is_tetoter": 0, "epulet_kora_ev": 25.0, "geokodolt_lat": 47.4733373, "geokodolt_lon": 19.1189157, "geokodolas_modszere": "cim_nominatim", "geokodolas_pontossag": "hazszam", "minta_garantalt_pontos": 1, "tavolsag_vasut_m": 426.1, "vasut_zona": "300-500 m", "is_vasut_immisszio_150m": 0, "tavolsag_vasut_halozati_m": 841.5, "menetido_vasut_gyalog_perc": 11.2, "vasut_5p_seta": 0, "vasut_10p_seta": 0, "vasut_15p_seta": 1, "is_duplikalt_gyanus": 0, "varosresz": "Gyárdűlő", "title": "Ingatlan kép", "allapot": "újszerű", "ingatlan_altipus": "tegla-lakas", "epites_eve": 2001.0, "epites_eve_kategoria": "10-30 év (rendszerváltás utáni)", "epites_eve_szoveg": "2001 és 2010 között", "epites_eve_becsult": null, "erkely_nm": 9.0, "szobaszam_egesz": 3.0, "szobaszam_fel": 0.0, "atlagos_szobameret_nm": 25.833333333333332, "emelet": "4", "emelet_szam": 4.0, "epulet_szintjei_szam": 5.0, "is_magas_emelet_lift_nelkul": 0, "futes": "házközponti egyedi méréssel", "futes_kategoria": "kozponti", "has_tavfutes": 0, "has_konvektor": 0, "has_megujulo": 0, "has_garazs_vagy_beallo": 1, "energetikai_tanusitvany": "nincs megadva", "butorozott": "igen", "koltozheto": "azonnal", "min_berleti_ido": "12 hónap", "kertkapcsolatos": "nincs megadva", "kozos_koltseg_huf": 31480.0, "rezsikoltseg_huf": null, "kaucio_huf": null, "hirdeto_tipus": null, "iroda_neve": null, "leiras": "X. kerületben, a SOMFA utca 4-6. szám alatt KIADÓ egy ÚJSZERŰ (2009), LIFTES házban lévő 4. emeleti, 73 m2-es, 3 szobás, AMERIKAI KONYHÁS (ablakos), KAMRÁS, nagy TERASZOS (9 m2), KLÍMÁS, HÁZKÖZPONTI EGYEDI fűtésű, VILÁGOS LUXUSLAKÁS. Az ingatlan 2020-ban teljeskörűen felújításra került lakberendező által. A lakáshoz tartozik egy opcionálisan bérelhető TEREMGARÁZSBAN lévő BEÁLLÓHELY, melynek bérleti díja: 30.000.- Ft/hó A lakásra és a garázsra vonatkozó közös költség 31.480.- Ft. Az ingatlanban KISÁLLATOT tartani NEM lehet, a DOHÁNYZÁS pedig NEM engedélyezett!!! A minimum bérleti idő 1 év. A bérléshez kéthavi kaució és a tárgyhavi bérleti szükséges. Bérleti díj: 390.000.- Ft/hó", "oldal_allapot": "hirdetes", "leiras_hossz": 685.0, "fenykepek_szama": 6.0, "lat_portal": 47.473288, "lon_portal": 19.119065, "portal_pozicio_sugar_m": null, "price_eur": null, "nm_ar_eur": null, "kozos_koltseg_eur": null, "rezsikoltseg_eur": null, "kaucio_eur": null, "parkolas": "teremgarázs hely - bérelhető", "parkolohely_ara": 30000.0, "parkolohelyek_szama": null, "pince": "nan", "napelem": "nan", "komfort": "összkomfortos", "belmagassag_raw": "3 m-nél alacsonyabb", "akadalymentesitett": "igen", "furdo_wc": "külön helyiségben", "tajolas": "nincs megadva", "kilatas": "udvari", "szigeteles": "van", "tetoter": "nincs megadva", "panelprogram": "nan", "gepesitett": "igen", "kisallat": "nem hozható", "dohanyzas": "nem megengedett", "atlag_gazfogyasztas": "nincs megadva", "atlag_aramfogyasztas": "nincs megadva", "tavolsag_metro_halozati_m": 649.0, "menetido_metro_gyalog_perc": 8.7, "metro_5p_seta": 0, "metro_10p_seta": 1, "metro_15p_seta": 1, "tavolsag_villamos_halozati_m": 435.5, "menetido_villamos_gyalog_perc": 5.8, "villamos_5p_seta": 0, "villamos_10p_seta": 1, "villamos_15p_seta": 1, "tavolsag_busz_halozati_m": 525.3, "menetido_busz_gyalog_perc": 7.0, "busz_5p_seta": 0, "busz_10p_seta": 1, "busz_15p_seta": 1, "tavolsag_kotottpalya_halozati_m": 435.5, "menetido_kotottpalya_gyalog_perc": 5.8, "kotottpalya_5p_seta": 0, "kotottpalya_10p_seta": 1, "kotottpalya_15p_seta": 1, "tavolsag_park_halozati_m": 432.2, "menetido_park_gyalog_perc": 5.8, "park_5p_seta": 0, "park_10p_seta": 1, "park_15p_seta": 1, "poi_5p_count": 1.0, "poi_10p_count": 26.0, "poi_15p_count": 79.0, "tavolsag_iskola_halozati_m": 1323.5, "iskola_5p_seta": 0, "iskola_10p_seta": 0, "iskola_15p_seta": 0, "tavolsag_ovoda_halozati_m": 784.0, "ovoda_5p_seta": 0, "ovoda_10p_seta": 0, "ovoda_15p_seta": 1, "tavolsag_bolt_halozati_m": 387.4, "bolt_5p_seta": 0, "bolt_10p_seta": 1, "bolt_15p_seta": 1, "tavolsag_gyogyszertar_halozati_m": 165.5, "gyogyszertar_5p_seta": 1, "gyogyszertar_10p_seta": 1, "gyogyszertar_15p_seta": 1, "tavolsag_orvos_halozati_m": 1030.5, "orvos_5p_seta": 0, "orvos_10p_seta": 0, "orvos_15p_seta": 1, "legkozelebbi_vasut": "Pöttyös utca", "legkozelebbi_metro": "", "legkozelebbi_villamos": "Balkán utca", "legkozelebbi_busz": "Hizlaló tér", "legkozelebbi_park": "Kékvirág park", "legkozelebbi_kotottpalya_tipus": "villamos", "varosresz_geokodolt": "Gyárdűlő", "geokodolas_szolgaltato": "nominatim/photon", "felhasznalt_hazszam": 4.0, "legkozelebbi_iskola": "Kosztolányi Dezső Általános Iskola", "legkozelebbi_ovoda": "Kőbányai Gézengúz Óvoda", "legkozelebbi_bolt": "Somfa Büfé", "legkozelebbi_gyogyszertar": "Somfa patika", "legkozelebbi_orvos": "Rendelőintézet", "menetido_iskola_gyalog_perc": 17.6, "menetido_ovoda_gyalog_perc": 10.5, "menetido_bolt_gyalog_perc": 5.2, "menetido_gyogyszertar_gyalog_perc": 2.2, "menetido_orvos_gyalog_perc": 13.7 }, "geometry": { "type": "Point", "coordinates": [ 19.1189157, 47.4733373 ] } },
{ "type": "Feature", "properties": { "listing_id": "35543267", "listing_type": "kiado", "ingatlan_tipus": "lakas", "cim_teljes": "Budapest X. kerület, Gyógyszergyári utca 8.", "iranyitoszam": "1106", "varos": "Budapest", "utca": "Gyógyszergyári utca", "hazszam": "8", "cim_forras": "strukturalt", "url": "https://ingatlan.com/x-ker/kiado+lakas/tegla-lakas/35543267", "gyujtes_datuma": "2026-10-08", "price_huf": 250000.0, "ar_millio_ft": 0.25, "ar_ezer_ft_ho": 250.0, "nm_ar_huf": 5813.9534883720926, "log_ar": 12.429216196844383, "log_nm_ar": 8.6680160811508209, "is_ar_outlier": 0, "alapterulet_nm": 43.0, "korrigalt_alapterulet_nm": 48.5, "szobaszam_osszes": 2.0, "szobaszam_kategoria": "2 szoba", "allapot_kod": 6, "is_felujitando": 0, "is_ujszeru_vagy_uj": 1, "is_panel": 0, "is_tegla": 1, "has_lift": 1, "has_klima": 1, "has_erkely": 1, "is_foldszint": 0, "is_zaroszint": 0, "is_tetoter": 0, "epulet_kora_ev": null, "geokodolt_lat": 47.4983016, "geokodolt_lon": 19.14218, "geokodolas_modszere": "cim_nominatim", "geokodolas_pontossag": "hazszam", "minta_garantalt_pontos": 1, "tavolsag_vasut_m": 590.0, "vasut_zona": "500-1000 m", "is_vasut_immisszio_150m": 0, "tavolsag_vasut_halozati_m": 1505.7, "menetido_vasut_gyalog_perc": 20.1, "vasut_5p_seta": 0, "vasut_10p_seta": 0, "vasut_15p_seta": 0, "is_duplikalt_gyanus": 0, "varosresz": "Felsőrákos", "title": "Ingatlan kép", "allapot": "új építésű", "ingatlan_altipus": "tegla-lakas", "epites_eve": null, "epites_eve_kategoria": "Ismeretlen", "epites_eve_szoveg": "nincs megadva", "epites_eve_becsult": null, "erkely_nm": 11.0, "szobaszam_egesz": 2.0, "szobaszam_fel": 0.0, "atlagos_szobameret_nm": 24.25, "emelet": "5", "emelet_szam": 5.0, "epulet_szintjei_szam": 7.0, "is_magas_emelet_lift_nelkul": 0, "futes": "távfűtés egyedi méréssel", "futes_kategoria": "tavfutes", "has_tavfutes": 1, "has_konvektor": 0, "has_megujulo": 0, "has_garazs_vagy_beallo": 1, "energetikai_tanusitvany": "A+", "butorozott": "megegyezés szerint", "koltozheto": "azonnal", "min_berleti_ido": "12 hónap", "kertkapcsolatos": "nem", "kozos_koltseg_huf": null, "rezsikoltseg_huf": null, "kaucio_huf": null, "hirdeto_tipus": null, "iroda_neve": null, "leiras": "-For English, please scroll down- Kiadó modern, erkélyes lakás a Kincsem Lakópark csendes, belső kertre néző részén Hosszú távra kiadó egy 45 m²-es, modern, kiváló elrendezésű lakás a Kincsem Lakópark 5. emeletén, egy tágas, 10 m²-es erkéllyel. A lakás egyik legnagyobb előnye a csendes, belső kertre néző elhelyezkedés: nyugodt, kellemes környezetet biztosít, miközben a mindennapi élethez szükséges szolgáltatások könnyen elérhetők. A 11 m²-es, tágas erkély ideális lehet reggeli kávézáshoz, esti kikapcsolódáshoz vagy egyszerűen csak ahhoz, hogy a lakás életterét a szabadban is élvezhessük. A nyári komfortot klímaberendezés biztosítja. Főbb jellemzők 45 m²-es lakótér 11 m²-es, tágas erkély 5. emelet Csendes, belső kertre néző elhelyezkedés Klímával felszerelt Hosszú távra kiadó Bérleti díj 250.000 Ft/hó + rezsi és közös költség A rezsi és közös költség együttesen kb. 30.000 Ft/hó. Ha egy modern, igényes és nyugodt otthont keres jó elhelyezkedéssel, ahol a városi kényelemhez egy kellemes, tágas erkély és csendes belső kertre néző környezet is társul, érdemes megnéznie ezt a lakást. További információért vagy megtekintési időpont egyeztetéséért keressen bizalommal! Modern apartment with a spacious balcony in the quiet, inner-garden section of Kincsem Residential Park Available for long-term rent: a modern 45 sqm apartment on the 5th floor of Kincsem Residential Park, featuring an excellent layout and a spacious 11 sqm balcony. One of the apartment's key advantages is its quiet location overlooking the inner garden, offering a peaceful and relaxing environment while keeping all essential services and amenities within easy reach. The generous 10 sqm balcony provides valuable additional living space and is perfect for enjoying your morning coffee, relaxing after work, or simply making the most of the outdoors. Air conditioning ensures a comfortable temperature during the summer months. Key Features 45 sqm living area Spacious 11 sqm balcony 5th floor Quiet location overlooking the inner garden Air conditioning Available for long-term rent Rent 250,000 HUF/month + utilities and common costs Utilities and common costs are approximately 30,000 HUF/month in total. If you are looking for a modern, high-quality and peaceful home in a convenient location, combining the comfort of urban living with a spacious balcony and a quiet inner-garden setting, this apartment is an excellent choice. For further information or to arrange a viewing, please feel free to get in touch!", "oldal_allapot": "hirdetes", "leiras_hossz": 2498.0, "fenykepek_szama": 6.0, "lat_portal": 47.49801, "lon_portal": 19.142693, "portal_pozicio_sugar_m": null, "price_eur": null, "nm_ar_eur": null, "kozos_koltseg_eur": null, "rezsikoltseg_eur": null, "kaucio_eur": null, "parkolas": "teremgarázs hely", "parkolohely_ara": null, "parkolohelyek_szama": null, "pince": "nan", "napelem": "nan", "komfort": "nincs megadva", "belmagassag_raw": "nincs megadva", "akadalymentesitett": "nincs megadva", "furdo_wc": "egy helyiségben", "tajolas": "nincs megadva", "kilatas": "udvari", "szigeteles": "nincs megadva", "tetoter": "nem tetőtéri", "panelprogram": "nan", "gepesitett": "igen", "kisallat": "hozható", "dohanyzas": "nem megengedett", "atlag_gazfogyasztas": "nincs megadva", "atlag_aramfogyasztas": "nincs megadva", "tavolsag_metro_halozati_m": null, "menetido_metro_gyalog_perc": null, "metro_5p_seta": 0, "metro_10p_seta": 0, "metro_15p_seta": 0, "tavolsag_villamos_halozati_m": 607.2, "menetido_villamos_gyalog_perc": 8.1, "villamos_5p_seta": 0, "villamos_10p_seta": 1, "villamos_15p_seta": 1, "tavolsag_busz_halozati_m": 629.5, "menetido_busz_gyalog_perc": 8.4, "busz_5p_seta": 0, "busz_10p_seta": 1, "busz_15p_seta": 1, "tavolsag_kotottpalya_halozati_m": 607.2, "menetido_kotottpalya_gyalog_perc": 8.1, "kotottpalya_5p_seta": 0, "kotottpalya_10p_seta": 1, "kotottpalya_15p_seta": 1, "tavolsag_park_halozati_m": 1260.3, "menetido_park_gyalog_perc": 16.8, "park_5p_seta": 0, "park_10p_seta": 0, "park_15p_seta": 0, "poi_5p_count": 0.0, "poi_10p_count": 4.0, "poi_15p_count": 18.0, "tavolsag_iskola_halozati_m": null, "iskola_5p_seta": 0, "iskola_10p_seta": 0, "iskola_15p_seta": 0, "tavolsag_ovoda_halozati_m": 1570.0, "ovoda_5p_seta": 0, "ovoda_10p_seta": 0, "ovoda_15p_seta": 0, "tavolsag_bolt_halozati_m": 1845.6, "bolt_5p_seta": 0, "bolt_10p_seta": 0, "bolt_15p_seta": 0, "tavolsag_gyogyszertar_halozati_m": 1334.3, "gyogyszertar_5p_seta": 0, "gyogyszertar_10p_seta": 0, "gyogyszertar_15p_seta": 0, "tavolsag_orvos_halozati_m": null, "orvos_5p_seta": 0, "orvos_10p_seta": 0, "orvos_15p_seta": 0, "legkozelebbi_vasut": "Kőbánya felső", "legkozelebbi_metro": "", "legkozelebbi_villamos": "Terebesi utca", "legkozelebbi_busz": "Terebesi utca", "legkozelebbi_park": "", "legkozelebbi_kotottpalya_tipus": "villamos", "varosresz_geokodolt": "Felsőrákos", "geokodolas_szolgaltato": "nominatim/photon", "felhasznalt_hazszam": 8.0, "legkozelebbi_iskola": "", "legkozelebbi_ovoda": "Apró csodák Bölcsőde", "legkozelebbi_bolt": "", "legkozelebbi_gyogyszertar": "Harmat Patika", "legkozelebbi_orvos": "", "menetido_iskola_gyalog_perc": null, "menetido_ovoda_gyalog_perc": 20.9, "menetido_bolt_gyalog_perc": 24.6, "menetido_gyogyszertar_gyalog_perc": 17.8, "menetido_orvos_gyalog_perc": null }, "geometry": { "type": "Point", "coordinates": [ 19.14218, 47.4983016 ] } },
{ "type": "Feature", "properties": { "listing_id": "35543977", "listing_type": "kiado", "ingatlan_tipus": "lakas", "cim_teljes": "Budapest X. kerület, Kőbányai út 54.", "iranyitoszam": "1101", "varos": "Budapest", "utca": "Kőbányai út", "hazszam": "54", "cim_forras": "strukturalt", "url": "https://ingatlan.com/x-ker/kiado+lakas/panel-lakas/35543977", "gyujtes_datuma": "2026-10-08", "price_huf": 250000.0, "ar_millio_ft": 0.25, "ar_ezer_ft_ho": 250.0, "nm_ar_huf": 5000.0, "log_ar": 12.429216196844383, "log_nm_ar": 8.5171931914162382, "is_ar_outlier": 0, "alapterulet_nm": 50.0, "korrigalt_alapterulet_nm": 52.0, "szobaszam_osszes": 2.0, "szobaszam_kategoria": "2 szoba", "allapot_kod": 4, "is_felujitando": 0, "is_ujszeru_vagy_uj": 0, "is_panel": 1, "is_tegla": 0, "has_lift": 0, "has_klima": 1, "has_erkely": 1, "is_foldszint": 0, "is_zaroszint": 0, "is_tetoter": 0, "epulet_kora_ev": 45.0, "geokodolt_lat": 47.4833261, "geokodolt_lon": 19.1242989, "geokodolas_modszere": "cim_nominatim", "geokodolas_pontossag": "hazszam", "minta_garantalt_pontos": 1, "tavolsag_vasut_m": 164.2, "vasut_zona": "150-300 m", "is_vasut_immisszio_150m": 0, "tavolsag_vasut_halozati_m": 423.4, "menetido_vasut_gyalog_perc": 5.6, "vasut_5p_seta": 0, "vasut_10p_seta": 1, "vasut_15p_seta": 1, "is_duplikalt_gyanus": 0, "varosresz": "Laposdűlő", "title": "Ingatlan kép", "allapot": "felújított", "ingatlan_altipus": "panel-lakas", "epites_eve": 1981.0, "epites_eve_kategoria": "30-60 év (panel-korszak)", "epites_eve_szoveg": "1981 és 2000 között", "epites_eve_becsult": null, "erkely_nm": 4.0, "szobaszam_egesz": 2.0, "szobaszam_fel": 0.0, "atlagos_szobameret_nm": 26.0, "emelet": "3", "emelet_szam": 3.0, "epulet_szintjei_szam": 4.0, "is_magas_emelet_lift_nelkul": 1, "futes": "házközponti", "futes_kategoria": "kozponti", "has_tavfutes": 0, "has_konvektor": 0, "has_megujulo": 0, "has_garazs_vagy_beallo": 0, "energetikai_tanusitvany": "nincs megadva", "butorozott": "nem", "koltozheto": "azonnal", "min_berleti_ido": "12 hónap", "kertkapcsolatos": "nincs megadva", "kozos_koltseg_huf": null, "rezsikoltseg_huf": null, "kaucio_huf": null, "hirdeto_tipus": null, "iroda_neve": null, "leiras": "Kiadó hosszútávra (min. 1 év) a X. kerületben, Kőbánya alsó megállótól 5 perc sétatávolságra lévő, négy szintes, kertes társasházban 3. emeleti, panorámás, világos, 50 nm-es, erkélyes, 2 szobás, frissen felújított, klimatizált, új IKEA konyhabútorral és háztartási gépekkel felszerelt, bútorozatlan lakás. A ház saját, zárt, nagyméretű parkosított kerttel rendelkezik, amely ideális pihenésre vagy családi/baráti összejövetelekre is. A lakástól pár perc sétatávolságra vonatkapcsolat, több villamos- és buszjárat, valamint éjszakai járat is elérhető. A lakás maximum 2 fő részére kiadó, gyermekkel és háziállattal nem költözhető, a dohányzás nem megengedett. A bérleti díj 250.000 Ft+ rezsi/hó. A közös költség 30750 Ft/hó, amely tartalmazza a víz, csatorna, fűtés, szemétdíj, kertfenntartás költségeit, az áram pedig az egyedi mérő alapján fizetendő. A parkolás a ház előtt díjmentesen lehetséges, a környék nem fizető övezet. Egyhavi bérleti díjjal+2 havi kaucióval valamint közjegyzői nyilatkozattal azonnal költözhető. Ingatlanközvetítők segítségét nem kérem.", "oldal_allapot": "hirdetes", "leiras_hossz": 1063.0, "fenykepek_szama": 6.0, "lat_portal": 47.48338, "lon_portal": 19.124302, "portal_pozicio_sugar_m": null, "price_eur": null, "nm_ar_eur": null, "kozos_koltseg_eur": null, "rezsikoltseg_eur": null, "kaucio_eur": null, "parkolas": "utca, közterület - ingyenes", "parkolohely_ara": null, "parkolohelyek_szama": null, "pince": "nan", "napelem": "nan", "komfort": "összkomfortos", "belmagassag_raw": "nincs megadva", "akadalymentesitett": "nincs megadva", "furdo_wc": "külön helyiségben", "tajolas": "dél", "kilatas": "panorámás", "szigeteles": "nincs megadva", "tetoter": "nem tetőtéri", "panelprogram": "nincs megadva", "gepesitett": "nincs megadva", "kisallat": "nem hozható", "dohanyzas": "nem megengedett", "atlag_gazfogyasztas": "nincs megadva", "atlag_aramfogyasztas": "nincs megadva", "tavolsag_metro_halozati_m": 2055.7, "menetido_metro_gyalog_perc": 27.4, "metro_5p_seta": 0, "metro_10p_seta": 0, "metro_15p_seta": 0, "tavolsag_villamos_halozati_m": 107.0, "menetido_villamos_gyalog_perc": 1.4, "villamos_5p_seta": 1, "villamos_10p_seta": 1, "villamos_15p_seta": 1, "tavolsag_busz_halozati_m": 159.4, "menetido_busz_gyalog_perc": 2.1, "busz_5p_seta": 1, "busz_10p_seta": 1, "busz_15p_seta": 1, "tavolsag_kotottpalya_halozati_m": 107.0, "menetido_kotottpalya_gyalog_perc": 1.4, "kotottpalya_5p_seta": 1, "kotottpalya_10p_seta": 1, "kotottpalya_15p_seta": 1, "tavolsag_park_halozati_m": 203.3, "menetido_park_gyalog_perc": 2.7, "park_5p_seta": 1, "park_10p_seta": 1, "park_15p_seta": 1, "poi_5p_count": 9.0, "poi_10p_count": 57.0, "poi_15p_count": 105.0, "tavolsag_iskola_halozati_m": 249.9, "iskola_5p_seta": 1, "iskola_10p_seta": 1, "iskola_15p_seta": 1, "tavolsag_ovoda_halozati_m": 1210.8, "ovoda_5p_seta": 0, "ovoda_10p_seta": 0, "ovoda_15p_seta": 0, "tavolsag_bolt_halozati_m": 216.9, "bolt_5p_seta": 1, "bolt_10p_seta": 1, "bolt_15p_seta": 1, "tavolsag_gyogyszertar_halozati_m": 393.3, "gyogyszertar_5p_seta": 0, "gyogyszertar_10p_seta": 1, "gyogyszertar_15p_seta": 1, "tavolsag_orvos_halozati_m": null, "orvos_5p_seta": 0, "orvos_10p_seta": 0, "orvos_15p_seta": 0, "legkozelebbi_vasut": "Kőbánya alsó", "legkozelebbi_metro": "", "legkozelebbi_villamos": "Mázsa utca", "legkozelebbi_busz": "Mázsa utca", "legkozelebbi_park": "Hargitai sétányi park", "legkozelebbi_kotottpalya_tipus": "villamos", "varosresz_geokodolt": "Laposdűlő", "geokodolas_szolgaltato": "nominatim/photon", "felhasznalt_hazszam": 54.0, "legkozelebbi_iskola": "Szervátiusz Jenő Általános Iskola", "legkozelebbi_ovoda": "Gyöngyike Bölcsőde, Óvoda", "legkozelebbi_bolt": "R+E Csemege", "legkozelebbi_gyogyszertar": "Elefánt Patika", "legkozelebbi_orvos": "", "menetido_iskola_gyalog_perc": 3.3, "menetido_ovoda_gyalog_perc": 16.1, "menetido_bolt_gyalog_perc": 2.9, "menetido_gyogyszertar_gyalog_perc": 5.2, "menetido_orvos_gyalog_perc": null }, "geometry": { "type": "Point", "coordinates": [ 19.1242989, 47.4833261 ] } },
{ "type": "Feature", "properties": { "listing_id": "35547637", "listing_type": "kiado", "ingatlan_tipus": "lakas", "cim_teljes": "Budapest X. kerület, Gyógyszergyári utca 10.", "iranyitoszam": "1106", "varos": "Budapest", "utca": "Gyógyszergyári utca", "hazszam": "10", "cim_forras": "strukturalt", "url": "https://ingatlan.com/x-ker/kiado+lakas/tegla-lakas/35547637", "gyujtes_datuma": "2026-10-08", "price_huf": 230000.0, "ar_millio_ft": 0.23, "ar_ezer_ft_ho": 230.0, "nm_ar_huf": 8518.5185185185182, "log_ar": 12.345834587905333, "log_nm_ar": 9.0499977219010042, "is_ar_outlier": 0, "alapterulet_nm": 27.0, "korrigalt_alapterulet_nm": 30.0, "szobaszam_osszes": 1.0, "szobaszam_kategoria": "1 szoba", "allapot_kod": 6, "is_felujitando": 0, "is_ujszeru_vagy_uj": 1, "is_panel": 0, "is_tegla": 1, "has_lift": 1, "has_klima": 1, "has_erkely": 1, "is_foldszint": 0, "is_zaroszint": 0, "is_tetoter": 0, "epulet_kora_ev": 0.0, "geokodolt_lat": 47.4984644, "geokodolt_lon": 19.1435834, "geokodolas_modszere": "cim_nominatim", "geokodolas_pontossag": "hazszam", "minta_garantalt_pontos": 1, "tavolsag_vasut_m": 598.2, "vasut_zona": "500-1000 m", "is_vasut_immisszio_150m": 0, "tavolsag_vasut_halozati_m": 1496.4, "menetido_vasut_gyalog_perc": 20.0, "vasut_5p_seta": 0, "vasut_10p_seta": 0, "vasut_15p_seta": 0, "is_duplikalt_gyanus": 0, "varosresz": "Felsőrákos", "title": "Nincs kép", "allapot": "új építésű", "ingatlan_altipus": "tegla-lakas", "epites_eve": 2026.0, "epites_eve_kategoria": "0-10 év (új)", "epites_eve_szoveg": "2026", "epites_eve_becsult": null, "erkely_nm": 6.0, "szobaszam_egesz": 1.0, "szobaszam_fel": 0.0, "atlagos_szobameret_nm": 30.0, "emelet": "7", "emelet_szam": 7.0, "epulet_szintjei_szam": 8.0, "is_magas_emelet_lift_nelkul": 0, "futes": "távfűtés egyedi méréssel", "futes_kategoria": "tavfutes", "has_tavfutes": 1, "has_konvektor": 0, "has_megujulo": 0, "has_garazs_vagy_beallo": 0, "energetikai_tanusitvany": "nincs megadva", "butorozott": "nem", "koltozheto": "azonnal", "min_berleti_ido": "12 hónap", "kertkapcsolatos": "nem", "kozos_koltseg_huf": null, "rezsikoltseg_huf": null, "kaucio_huf": null, "hirdeto_tipus": null, "iroda_neve": null, "leiras": "Első bérlőjét várja ez a vadonatúj, kompakt lakás a Kincsem Lakóparkban! Magasemeleti, bőven a nyüzsgés felett helyezkedik el, nyugalmat biztosítva lakóinak. Új konyhabútorral, mosogatógéppel, gardróbszekrénnyel, tükrös fürdőszobaszekrénnyel, klímával, elektromos redőnnyel és videós kaputelefonnal felszerelt. A lakás bútorozatlanul kiadó. A lakáshoz a tágas kerékpártároló használata is hozzátartozik.", "oldal_allapot": "hirdetes", "leiras_hossz": 403.0, "fenykepek_szama": 6.0, "lat_portal": 47.497327, "lon_portal": 19.139864, "portal_pozicio_sugar_m": null, "price_eur": null, "nm_ar_eur": null, "kozos_koltseg_eur": null, "rezsikoltseg_eur": null, "kaucio_eur": null, "parkolas": "nincs megadva", "parkolohely_ara": null, "parkolohelyek_szama": null, "pince": "nan", "napelem": "nan", "komfort": "nincs megadva", "belmagassag_raw": "nincs megadva", "akadalymentesitett": "nem", "furdo_wc": "egy helyiségben", "tajolas": "nincs megadva", "kilatas": "udvari", "szigeteles": "nincs megadva", "tetoter": "nem tetőtéri", "panelprogram": "nan", "gepesitett": "nincs megadva", "kisallat": "nem hozható", "dohanyzas": "nem megengedett", "atlag_gazfogyasztas": "nincs megadva", "atlag_aramfogyasztas": "nincs megadva", "tavolsag_metro_halozati_m": null, "menetido_metro_gyalog_perc": null, "metro_5p_seta": 0, "metro_10p_seta": 0, "metro_15p_seta": 0, "tavolsag_villamos_halozati_m": 597.9, "menetido_villamos_gyalog_perc": 8.0, "villamos_5p_seta": 0, "villamos_10p_seta": 1, "villamos_15p_seta": 1, "tavolsag_busz_halozati_m": 620.2, "menetido_busz_gyalog_perc": 8.3, "busz_5p_seta": 0, "busz_10p_seta": 1, "busz_15p_seta": 1, "tavolsag_kotottpalya_halozati_m": 597.9, "menetido_kotottpalya_gyalog_perc": 8.0, "kotottpalya_5p_seta": 0, "kotottpalya_10p_seta": 1, "kotottpalya_15p_seta": 1, "tavolsag_park_halozati_m": 1251.0, "menetido_park_gyalog_perc": 16.7, "park_5p_seta": 0, "park_10p_seta": 0, "park_15p_seta": 0, "poi_5p_count": 0.0, "poi_10p_count": 4.0, "poi_15p_count": 18.0, "tavolsag_iskola_halozati_m": null, "iskola_5p_seta": 0, "iskola_10p_seta": 0, "iskola_15p_seta": 0, "tavolsag_ovoda_halozati_m": 1560.7, "ovoda_5p_seta": 0, "ovoda_10p_seta": 0, "ovoda_15p_seta": 0, "tavolsag_bolt_halozati_m": 1836.3, "bolt_5p_seta": 0, "bolt_10p_seta": 0, "bolt_15p_seta": 0, "tavolsag_gyogyszertar_halozati_m": 1325.1, "gyogyszertar_5p_seta": 0, "gyogyszertar_10p_seta": 0, "gyogyszertar_15p_seta": 0, "tavolsag_orvos_halozati_m": null, "orvos_5p_seta": 0, "orvos_10p_seta": 0, "orvos_15p_seta": 0, "legkozelebbi_vasut": "Kőbánya felső", "legkozelebbi_metro": "", "legkozelebbi_villamos": "Terebesi utca", "legkozelebbi_busz": "Terebesi utca", "legkozelebbi_park": "", "legkozelebbi_kotottpalya_tipus": "villamos", "varosresz_geokodolt": "Felsőrákos", "geokodolas_szolgaltato": "nominatim/photon", "felhasznalt_hazszam": 10.0, "legkozelebbi_iskola": "", "legkozelebbi_ovoda": "Apró csodák Bölcsőde", "legkozelebbi_bolt": "", "legkozelebbi_gyogyszertar": "Harmat Patika", "legkozelebbi_orvos": "", "menetido_iskola_gyalog_perc": null, "menetido_ovoda_gyalog_perc": 20.8, "menetido_bolt_gyalog_perc": 24.5, "menetido_gyogyszertar_gyalog_perc": 17.7, "menetido_orvos_gyalog_perc": null }, "geometry": { "type": "Point", "coordinates": [ 19.1435834, 47.4984644 ] } },
{ "type": "Feature", "properties": { "listing_id": "35547847", "listing_type": "kiado", "ingatlan_tipus": "iroda", "cim_teljes": "Budapest X. kerület, Fehér út 10.", "iranyitoszam": "1106", "varos": "Budapest", "utca": "Fehér út", "hazszam": "10", "cim_forras": "strukturalt", "url": "https://ingatlan.com/x-ker/kiado+iroda/irodahelyiseg-irodahazban/35547847", "gyujtes_datuma": "2026-10-08", "price_huf": 1228500.0, "ar_millio_ft": 1.2285, "ar_ezer_ft_ho": 1228.5, "nm_ar_huf": 2507.1428571428573, "log_ar": 14.02130447094337, "log_nm_ar": 7.8268990798386984, "is_ar_outlier": 0, "alapterulet_nm": 490.0, "korrigalt_alapterulet_nm": 490.0, "szobaszam_osszes": null, "szobaszam_kategoria": null, "allapot_kod": 0, "is_felujitando": 0, "is_ujszeru_vagy_uj": 0, "is_panel": 0, "is_tegla": 0, "has_lift": 1, "has_klima": 1, "has_erkely": 0, "is_foldszint": 0, "is_zaroszint": 0, "is_tetoter": 0, "epulet_kora_ev": 45.0, "geokodolt_lat": 47.5005879, "geokodolt_lon": 19.1382409, "geokodolas_modszere": "cim_nominatim", "geokodolas_pontossag": "hazszam", "minta_garantalt_pontos": 1, "tavolsag_vasut_m": 897.4, "vasut_zona": "500-1000 m", "is_vasut_immisszio_150m": 0, "tavolsag_vasut_halozati_m": null, "menetido_vasut_gyalog_perc": null, "vasut_5p_seta": 0, "vasut_10p_seta": 0, "vasut_15p_seta": 0, "is_duplikalt_gyanus": 0, "varosresz": "Felsőrákos", "title": "Ingatlan kép", "allapot": "nan", "ingatlan_altipus": "irodahelyiseg-irodahazban", "epites_eve": 1981.0, "epites_eve_kategoria": "30-60 év (panel-korszak)", "epites_eve_szoveg": "nan", "epites_eve_becsult": null, "erkely_nm": null, "szobaszam_egesz": null, "szobaszam_fel": null, "atlagos_szobameret_nm": null, "emelet": "nincs megadva", "emelet_szam": null, "epulet_szintjei_szam": 2.0, "is_magas_emelet_lift_nelkul": 0, "futes": "nan", "futes_kategoria": "egyeb", "has_tavfutes": 0, "has_konvektor": 0, "has_megujulo": 0, "has_garazs_vagy_beallo": 1, "energetikai_tanusitvany": "nincs megadva", "butorozott": "megegyezés szerint", "koltozheto": "2027. január", "min_berleti_ido": "12 hónap", "kertkapcsolatos": "nan", "kozos_koltseg_huf": null, "rezsikoltseg_huf": null, "kaucio_huf": null, "hirdeto_tipus": null, "iroda_neve": null, "leiras": "Igényes, jól megközelíthető irodakörnyezet várja a bérlőket az Örs vezér tér közelében, a hajdani Finommechanikai Művek területén kialakított, gondozott, ápolt és jó állapotú ipari parkban. Megközelítési lehetőségek: Az ipari park könnyen megközelíthető tömegközlekedéssel, mivel a M2 metró végállomásától öt percre, illetve több főbb HÉV- és trolibuszjárat megállóihoz közel helyezkedik el. A bérleményhez 12 parkolóhely és egy 6 férőhelyes fedett kerékpártároló tartozik. Az irodától mindössze 50 méterre étterem/büfé található, illetve az épületben két konyha áll rendelkezésre Biztonsági szolgáltatások: Az irodaépületben beléptetőrendszer, az ipari parkban pedig videós beléptetőrendszer biztosítja a biztonságot és a bérlők, valamint ügyfeleik kényelmét. Park területén 24 órás őrszolgálat is rendelkezésre áll. Bérleti információk: Az irodák legkorábban 2027 január 1-től fogva bérelhetők. A minimálisan bérelhető iroda 150 m², a maximálisan elérhető terület 490 m². Igény esetén iroda mellett raktárterület is elérhető. Megközelítés: A lokáció tömegközlekedéssel és autóval is jól megközelíthető. Az Örs vezér tere mindössze 5 perc sétára található, ahonnan az M2 metró, több főbb villamos-, HÉV- és trolibuszjárat is elérhető.", "oldal_allapot": "hirdetes", "leiras_hossz": 1235.0, "fenykepek_szama": null, "lat_portal": 47.500627, "lon_portal": 19.139706, "portal_pozicio_sugar_m": null, "price_eur": null, "nm_ar_eur": null, "kozos_koltseg_eur": null, "rezsikoltseg_eur": null, "kaucio_eur": null, "parkolas": "udvari beálló - benne van az árban", "parkolohely_ara": null, "parkolohelyek_szama": null, "pince": "nan", "napelem": "nincs megadva", "komfort": "nan", "belmagassag_raw": "nan", "akadalymentesitett": "nan", "furdo_wc": "nan", "tajolas": "nan", "kilatas": "nan", "szigeteles": "nan", "tetoter": "nem tetőtéri", "panelprogram": "nan", "gepesitett": "nan", "kisallat": "nan", "dohanyzas": "nan", "atlag_gazfogyasztas": "nan", "atlag_aramfogyasztas": "nan", "tavolsag_metro_halozati_m": null, "menetido_metro_gyalog_perc": null, "metro_5p_seta": 0, "metro_10p_seta": 0, "metro_15p_seta": 0, "tavolsag_villamos_halozati_m": null, "menetido_villamos_gyalog_perc": null, "villamos_5p_seta": 0, "villamos_10p_seta": 0, "villamos_15p_seta": 0, "tavolsag_busz_halozati_m": null, "menetido_busz_gyalog_perc": null, "busz_5p_seta": 0, "busz_10p_seta": 0, "busz_15p_seta": 0, "tavolsag_kotottpalya_halozati_m": null, "menetido_kotottpalya_gyalog_perc": null, "kotottpalya_5p_seta": 0, "kotottpalya_10p_seta": 0, "kotottpalya_15p_seta": 0, "tavolsag_park_halozati_m": null, "menetido_park_gyalog_perc": null, "park_5p_seta": 0, "park_10p_seta": 0, "park_15p_seta": 0, "poi_5p_count": null, "poi_10p_count": null, "poi_15p_count": null, "tavolsag_iskola_halozati_m": null, "iskola_5p_seta": 0, "iskola_10p_seta": 0, "iskola_15p_seta": 0, "tavolsag_ovoda_halozati_m": null, "ovoda_5p_seta": 0, "ovoda_10p_seta": 0, "ovoda_15p_seta": 0, "tavolsag_bolt_halozati_m": null, "bolt_5p_seta": 0, "bolt_10p_seta": 0, "bolt_15p_seta": 0, "tavolsag_gyogyszertar_halozati_m": null, "gyogyszertar_5p_seta": 0, "gyogyszertar_10p_seta": 0, "gyogyszertar_15p_seta": 0, "tavolsag_orvos_halozati_m": null, "orvos_5p_seta": 0, "orvos_10p_seta": 0, "orvos_15p_seta": 0, "legkozelebbi_vasut": "", "legkozelebbi_metro": "", "legkozelebbi_villamos": "", "legkozelebbi_busz": "", "legkozelebbi_park": "", "legkozelebbi_kotottpalya_tipus": "", "varosresz_geokodolt": "Felsőrákos", "geokodolas_szolgaltato": "nominatim/photon", "felhasznalt_hazszam": 10.0, "legkozelebbi_iskola": "", "legkozelebbi_ovoda": "", "legkozelebbi_bolt": "", "legkozelebbi_gyogyszertar": "", "legkozelebbi_orvos": "", "menetido_iskola_gyalog_perc": null, "menetido_ovoda_gyalog_perc": null, "menetido_bolt_gyalog_perc": null, "menetido_gyogyszertar_gyalog_perc": null, "menetido_orvos_gyalog_perc": null }, "geometry": { "type": "Point", "coordinates": [ 19.1382409, 47.5005879 ] } },
{ "type": "Feature", "properties": { "listing_id": "35548944", "listing_type": "kiado", "ingatlan_tipus": "lakas", "cim_teljes": "Budapest X. kerület, Gyógyszergyári utca 6.", "iranyitoszam": "1106", "varos": "Budapest", "utca": "Gyógyszergyári utca", "hazszam": "6", "cim_forras": "strukturalt", "url": "https://ingatlan.com/x-ker/kiado+lakas/tegla-lakas/35548944", "gyujtes_datuma": "2026-10-08", "price_huf": 250000.0, "ar_millio_ft": 0.25, "ar_ezer_ft_ho": 250.0, "nm_ar_huf": 5813.9534883720926, "log_ar": 12.429216196844383, "log_nm_ar": 8.6680160811508209, "is_ar_outlier": 0, "alapterulet_nm": 43.0, "korrigalt_alapterulet_nm": 48.0, "szobaszam_osszes": 2.0, "szobaszam_kategoria": "2 szoba", "allapot_kod": 6, "is_felujitando": 0, "is_ujszeru_vagy_uj": 1, "is_panel": 0, "is_tegla": 1, "has_lift": 1, "has_klima": 1, "has_erkely": 1, "is_foldszint": 0, "is_zaroszint": 0, "is_tetoter": 0, "epulet_kora_ev": 0.0, "geokodolt_lat": 47.4981391, "geokodolt_lon": 19.1407571, "geokodolas_modszere": "cim_nominatim", "geokodolas_pontossag": "hazszam", "minta_garantalt_pontos": 1, "tavolsag_vasut_m": 590.2, "vasut_zona": "500-1000 m", "is_vasut_immisszio_150m": 0, "tavolsag_vasut_halozati_m": 1352.6, "menetido_vasut_gyalog_perc": 18.0, "vasut_5p_seta": 0, "vasut_10p_seta": 0, "vasut_15p_seta": 0, "is_duplikalt_gyanus": 0, "varosresz": "Felsőrákos", "title": "Ingatlan kép", "allapot": "új építésű", "ingatlan_altipus": "tegla-lakas", "epites_eve": 2026.0, "epites_eve_kategoria": "0-10 év (új)", "epites_eve_szoveg": "2026", "epites_eve_becsult": null, "erkely_nm": 10.0, "szobaszam_egesz": 2.0, "szobaszam_fel": 0.0, "atlagos_szobameret_nm": 24.0, "emelet": "3", "emelet_szam": 3.0, "epulet_szintjei_szam": 8.0, "is_magas_emelet_lift_nelkul": 0, "futes": "házközponti egyedi méréssel, hűtő-fűtő klíma", "futes_kategoria": "kozponti", "has_tavfutes": 0, "has_konvektor": 0, "has_megujulo": 0, "has_garazs_vagy_beallo": 1, "energetikai_tanusitvany": "A+", "butorozott": "igen", "koltozheto": "azonnal", "min_berleti_ido": "12 hónap", "kertkapcsolatos": "nem", "kozos_koltseg_huf": 59000.0, "rezsikoltseg_huf": 4000.0, "kaucio_huf": null, "hirdeto_tipus": null, "iroda_neve": null, "leiras": "Kiadó új lakás a Kincsem by Bayer Lakóparkban Garázzsal! A 3. emeleti lakás teljesen berendezve, bútorozva várja első bérlőjét. Új modern berendezés Új bútorok Elektromos redőnyök Modern, újépítésű lakókörnyezet Kényelmes és praktikus elrendezés Klíma Teremgarázs beálló +Tároló az emeleten (2.9m2) bérelhető havi 30,000 Ft.-ért Boltok a közelben: ÁRKÁD Budapest Sugár Bevásárlóközpont IKEA Kiváló tömegközlekedés A lakópark egyik nagy előnye a jó közlekedés. Az Örs vezér tere könnyen elérhető, ahol az M2-es metró és több buszjárat is közlekedik, többek között a 32-es és a 85-ös busz, valamint a 3-as villamos. Az Örs vezér terén ráadásul többféle tömegközlekedési lehetőség találkozik, így autó nélkül is egyszerűen megközelíthető Budapest számos pontja. A környéken éjszakai járatok is segítik a közlekedést. Legalább 1 évre szeretnénk kiadni 2 hónap kauciót és közjegyzői kiköltözési nyilatkozatot kérük.", "oldal_allapot": "hirdetes", "leiras_hossz": 910.0, "fenykepek_szama": 6.0, "lat_portal": 47.497833, "lon_portal": 19.141041, "portal_pozicio_sugar_m": null, "price_eur": null, "nm_ar_eur": null, "kozos_koltseg_eur": null, "rezsikoltseg_eur": null, "kaucio_eur": null, "parkolas": "teremgarázs hely - bérelhető", "parkolohely_ara": 30000.0, "parkolohelyek_szama": null, "pince": "nan", "napelem": "nan", "komfort": "komfortos", "belmagassag_raw": "3 m-nél alacsonyabb", "akadalymentesitett": "igen", "furdo_wc": "egy helyiségben", "tajolas": "nincs megadva", "kilatas": "utcai", "szigeteles": "van - 15 cm", "tetoter": "nem tetőtéri", "panelprogram": "nan", "gepesitett": "igen", "kisallat": "nem hozható", "dohanyzas": "nem megengedett", "atlag_gazfogyasztas": "Nincs gáz bekötve az ingatlanba", "atlag_aramfogyasztas": "150 kWh/hó", "tavolsag_metro_halozati_m": null, "menetido_metro_gyalog_perc": null, "metro_5p_seta": 0, "metro_10p_seta": 0, "metro_15p_seta": 0, "tavolsag_villamos_halozati_m": 772.2, "menetido_villamos_gyalog_perc": 10.3, "villamos_5p_seta": 0, "villamos_10p_seta": 0, "villamos_15p_seta": 1, "tavolsag_busz_halozati_m": 620.4, "menetido_busz_gyalog_perc": 8.3, "busz_5p_seta": 0, "busz_10p_seta": 1, "busz_15p_seta": 1, "tavolsag_kotottpalya_halozati_m": 772.2, "menetido_kotottpalya_gyalog_perc": 10.3, "kotottpalya_5p_seta": 0, "kotottpalya_10p_seta": 0, "kotottpalya_15p_seta": 1, "tavolsag_park_halozati_m": 1429.5, "menetido_park_gyalog_perc": 19.1, "park_5p_seta": 0, "park_10p_seta": 0, "park_15p_seta": 0, "poi_5p_count": 0.0, "poi_10p_count": 1.0, "poi_15p_count": 6.0, "tavolsag_iskola_halozati_m": null, "iskola_5p_seta": 0, "iskola_10p_seta": 0, "iskola_15p_seta": 0, "tavolsag_ovoda_halozati_m": 1751.6, "ovoda_5p_seta": 0, "ovoda_10p_seta": 0, "ovoda_15p_seta": 0, "tavolsag_bolt_halozati_m": 2027.2, "bolt_5p_seta": 0, "bolt_10p_seta": 0, "bolt_15p_seta": 0, "tavolsag_gyogyszertar_halozati_m": 1516.0, "gyogyszertar_5p_seta": 0, "gyogyszertar_10p_seta": 0, "gyogyszertar_15p_seta": 0, "tavolsag_orvos_halozati_m": null, "orvos_5p_seta": 0, "orvos_10p_seta": 0, "orvos_15p_seta": 0, "legkozelebbi_vasut": "Kőbánya felső", "legkozelebbi_metro": "", "legkozelebbi_villamos": "Terebesi utca", "legkozelebbi_busz": "Albertirsai köz", "legkozelebbi_park": "Sajó Sándor tér", "legkozelebbi_kotottpalya_tipus": "villamos", "varosresz_geokodolt": "Felsőrákos", "geokodolas_szolgaltato": "nominatim/photon", "felhasznalt_hazszam": 6.0, "legkozelebbi_iskola": "", "legkozelebbi_ovoda": "Apró csodák Bölcsőde", "legkozelebbi_bolt": "", "legkozelebbi_gyogyszertar": "Harmat Patika", "legkozelebbi_orvos": "", "menetido_iskola_gyalog_perc": null, "menetido_ovoda_gyalog_perc": 23.4, "menetido_bolt_gyalog_perc": 27.0, "menetido_gyogyszertar_gyalog_perc": 20.2, "menetido_orvos_gyalog_perc": null }, "geometry": { "type": "Point", "coordinates": [ 19.1407571, 47.4981391 ] } },
{ "type": "Feature", "properties": { "listing_id": "35549280", "listing_type": "kiado", "ingatlan_tipus": "lakas", "cim_teljes": "Budapest X. kerület, Üllői út 138.", "iranyitoszam": "1101", "varos": "Budapest", "utca": "Üllői út", "hazszam": "138", "cim_forras": "strukturalt", "url": "https://ingatlan.com/x-ker/kiado+lakas/tegla-lakas/35549280", "gyujtes_datuma": "2026-10-08", "price_huf": 220000.0, "ar_millio_ft": 0.22, "ar_ezer_ft_ho": 220.0, "nm_ar_huf": 3928.5714285714284, "log_ar": 12.301382825334498, "log_nm_ar": 8.27603113459935, "is_ar_outlier": 0, "alapterulet_nm": 56.0, "korrigalt_alapterulet_nm": 57.5, "szobaszam_osszes": 2.0, "szobaszam_kategoria": "2 szoba", "allapot_kod": 3, "is_felujitando": 0, "is_ujszeru_vagy_uj": 0, "is_panel": 0, "is_tegla": 1, "has_lift": 1, "has_klima": 1, "has_erkely": 1, "is_foldszint": 0, "is_zaroszint": 0, "is_tetoter": 0, "epulet_kora_ev": 76.0, "geokodolt_lat": 47.467372, "geokodolt_lon": 19.121703, "geokodolas_modszere": "cim_nominatim", "geokodolas_pontossag": "hazszam", "minta_garantalt_pontos": 1, "tavolsag_vasut_m": 803.3, "vasut_zona": "500-1000 m", "is_vasut_immisszio_150m": 0, "tavolsag_vasut_halozati_m": 382.5, "menetido_vasut_gyalog_perc": 5.1, "vasut_5p_seta": 0, "vasut_10p_seta": 1, "vasut_15p_seta": 1, "is_duplikalt_gyanus": 0, "varosresz": "József Attila-lakótelep", "title": "Nincs kép", "allapot": "jó állapotú", "ingatlan_altipus": "tegla-lakas", "epites_eve": 1950.0, "epites_eve_kategoria": "60+ év (háború előtti)", "epites_eve_szoveg": "1950 és 1980 között", "epites_eve_becsult": null, "erkely_nm": 3.0, "szobaszam_egesz": 2.0, "szobaszam_fel": 0.0, "atlagos_szobameret_nm": 28.75, "emelet": "4", "emelet_szam": 4.0, "epulet_szintjei_szam": 5.0, "is_magas_emelet_lift_nelkul": 0, "futes": "távfűtés", "futes_kategoria": "tavfutes", "has_tavfutes": 1, "has_konvektor": 0, "has_megujulo": 0, "has_garazs_vagy_beallo": 0, "energetikai_tanusitvany": "nincs megadva", "butorozott": "igen", "koltozheto": "nincs megadva", "min_berleti_ido": "nincs megadva", "kertkapcsolatos": "nem", "kozos_koltseg_huf": 18000.0, "rezsikoltseg_huf": 35000.0, "kaucio_huf": null, "hirdeto_tipus": null, "iroda_neve": null, "leiras": "Megbízható, gondos bérlőt keresek kiadóvá vált lakásomba, ahonnan a belváros és a repülőtér is könnyen megközelíthető. A lakás két, egymásból nyíló szobáját egy kétszárnyú, üvegezett ajtó választja el, ami nagy térérzetet nyújt, cserébe egy személy vagy egy pár számára ideális. Az egyik szoba az Üllői út felé néz, de a beüvegezett erkély miatt nem hangos. Itt ágy, fotel, könyvespolcok és íróasztal található. A másik szoba csendes utcára néz, kanapé, TV szekrény, gardrób és étkezőasztal található benne négy székkel. Szintén nagy fürdőszoba és konyha, valamint külön nyíló WC és kamra található még a lakásban. A lakás jó állapotú, bútorozott és gépesített: mosógép, hűtőszekrény, mikrohullámú sütő, légkondícionáló van benne. Gyalogosan elérhető: - Shopmark (volt Europark) bevásárlóközpont - 600 m - Határ úti és Pöttyös utcai metrómegálló (M3) - 400 m (a lakás a kettő között van) - Szemben a József Attila lakótelepen (IX. kerület) található, néhány száz méteren belül futó és focipálya, mögötte DM, Posta, LIDL, Spar BKV: 10-15p - 1 megálló az Ecseri út: McDonald's, Burger King / Kőbánya-Kispest: Köki Bevásárlóközpont, reptéri busz 20-25p - 5 megálló Corvin Plaza / 6 megálló Kálvin tér (M4 metró) Autó: - a parkolás fizetős a környéken, de sétatávon belül van ingyenes övezet is - M5 autópálya bevezető 5 km Kölcsönös megfelelőség, kiköltözési nyilatkozat aláírása után akár költözhető. Ha tetszik az ingatlan, kérnék egy pár soros üzenetet a bérlő(k)ről és hogy milyen távon tervezik a bérlést; nyitott vagyok rövidebb időszakra is.", "oldal_allapot": "hirdetes", "leiras_hossz": 1545.0, "fenykepek_szama": 6.0, "lat_portal": 47.467062, "lon_portal": 19.122559, "portal_pozicio_sugar_m": null, "price_eur": null, "nm_ar_eur": null, "kozos_koltseg_eur": null, "rezsikoltseg_eur": null, "kaucio_eur": null, "parkolas": "utca, közterület - fizetős övezet", "parkolohely_ara": null, "parkolohelyek_szama": null, "pince": "nan", "napelem": "nan", "komfort": "összkomfortos", "belmagassag_raw": "nincs megadva", "akadalymentesitett": "nem", "furdo_wc": "külön helyiségben", "tajolas": "nincs megadva", "kilatas": "utcai", "szigeteles": "nincs megadva", "tetoter": "nem tetőtéri", "panelprogram": "nan", "gepesitett": "igen", "kisallat": "nincs megadva", "dohanyzas": "nem megengedett", "atlag_gazfogyasztas": "nincs megadva", "atlag_aramfogyasztas": "nincs megadva", "tavolsag_metro_halozati_m": 373.2, "menetido_metro_gyalog_perc": 5.0, "metro_5p_seta": 1, "metro_10p_seta": 1, "metro_15p_seta": 1, "tavolsag_villamos_halozati_m": 227.9, "menetido_villamos_gyalog_perc": 3.0, "villamos_5p_seta": 1, "villamos_10p_seta": 1, "villamos_15p_seta": 1, "tavolsag_busz_halozati_m": 129.3, "menetido_busz_gyalog_perc": 1.7, "busz_5p_seta": 1, "busz_10p_seta": 1, "busz_15p_seta": 1, "tavolsag_kotottpalya_halozati_m": 227.9, "menetido_kotottpalya_gyalog_perc": 3.0, "kotottpalya_5p_seta": 1, "kotottpalya_10p_seta": 1, "kotottpalya_15p_seta": 1, "tavolsag_park_halozati_m": 246.2, "menetido_park_gyalog_perc": 3.3, "park_5p_seta": 1, "park_10p_seta": 1, "park_15p_seta": 1, "poi_5p_count": 12.0, "poi_10p_count": 63.0, "poi_15p_count": 108.0, "tavolsag_iskola_halozati_m": 1183.7, "iskola_5p_seta": 0, "iskola_10p_seta": 0, "iskola_15p_seta": 0, "tavolsag_ovoda_halozati_m": 287.5, "ovoda_5p_seta": 1, "ovoda_10p_seta": 1, "ovoda_15p_seta": 1, "tavolsag_bolt_halozati_m": 566.2, "bolt_5p_seta": 0, "bolt_10p_seta": 1, "bolt_15p_seta": 1, "tavolsag_gyogyszertar_halozati_m": 898.1, "gyogyszertar_5p_seta": 0, "gyogyszertar_10p_seta": 0, "gyogyszertar_15p_seta": 1, "tavolsag_orvos_halozati_m": 759.1, "orvos_5p_seta": 0, "orvos_10p_seta": 0, "orvos_15p_seta": 1, "legkozelebbi_vasut": "Határ út", "legkozelebbi_metro": "", "legkozelebbi_villamos": "Száva kocsiszín", "legkozelebbi_busz": "Száva kocsiszín", "legkozelebbi_park": "", "legkozelebbi_kotottpalya_tipus": "villamos", "varosresz_geokodolt": "József Attila-lakótelep", "geokodolas_szolgaltato": "nominatim/photon", "felhasznalt_hazszam": 138.0, "legkozelebbi_iskola": "Kosztolányi Dezső Általános Iskola", "legkozelebbi_ovoda": "Kőbányai Gézengúz Óvoda", "legkozelebbi_bolt": "Közért", "legkozelebbi_gyogyszertar": "Somfa patika", "legkozelebbi_orvos": "Rendelőintézet", "menetido_iskola_gyalog_perc": 15.8, "menetido_ovoda_gyalog_perc": 3.8, "menetido_bolt_gyalog_perc": 7.5, "menetido_gyogyszertar_gyalog_perc": 12.0, "menetido_orvos_gyalog_perc": 10.1 }, "geometry": { "type": "Point", "coordinates": [ 19.121703, 47.467372 ] } },
{ "type": "Feature", "properties": { "listing_id": "35552371", "listing_type": "kiado", "ingatlan_tipus": "garazs", "cim_teljes": "Budapest X. kerület, Gyógyszergyári utca 6.", "iranyitoszam": "1106", "varos": "Budapest", "utca": "Gyógyszergyári utca", "hazszam": "6", "cim_forras": "strukturalt", "url": "https://ingatlan.com/x-ker/kiado+garazs/teremgarazs-hely/35552371", "gyujtes_datuma": "2026-10-08", "price_huf": 35000.0, "ar_millio_ft": 0.035, "ar_ezer_ft_ho": 35.0, "nm_ar_huf": 1750.0, "log_ar": 10.46310334047155, "log_nm_ar": 7.4673710669175595, "is_ar_outlier": 1, "alapterulet_nm": 20.0, "korrigalt_alapterulet_nm": 20.0, "szobaszam_osszes": null, "szobaszam_kategoria": null, "allapot_kod": 6, "is_felujitando": 0, "is_ujszeru_vagy_uj": 1, "is_panel": 0, "is_tegla": 0, "has_lift": 1, "has_klima": 1, "has_erkely": 0, "is_foldszint": 0, "is_zaroszint": 0, "is_tetoter": 0, "epulet_kora_ev": 0.0, "geokodolt_lat": 47.4981391, "geokodolt_lon": 19.1407571, "geokodolas_modszere": "cim_nominatim", "geokodolas_pontossag": "hazszam", "minta_garantalt_pontos": 1, "tavolsag_vasut_m": 590.2, "vasut_zona": "500-1000 m", "is_vasut_immisszio_150m": 0, "tavolsag_vasut_halozati_m": 1352.6, "menetido_vasut_gyalog_perc": 18.0, "vasut_5p_seta": 0, "vasut_10p_seta": 0, "vasut_15p_seta": 0, "is_duplikalt_gyanus": 0, "varosresz": "Felsőrákos", "title": "Ingatlan kép", "allapot": "új építésű", "ingatlan_altipus": "teremgarazs-hely", "epites_eve": 2026.0, "epites_eve_kategoria": "0-10 év (új)", "epites_eve_szoveg": "2026", "epites_eve_becsult": null, "erkely_nm": null, "szobaszam_egesz": null, "szobaszam_fel": null, "atlagos_szobameret_nm": null, "emelet": "nan", "emelet_szam": null, "epulet_szintjei_szam": null, "is_magas_emelet_lift_nelkul": 0, "futes": "nan", "futes_kategoria": "egyeb", "has_tavfutes": 0, "has_konvektor": 0, "has_megujulo": 0, "has_garazs_vagy_beallo": 0, "energetikai_tanusitvany": "nan", "butorozott": "nan", "koltozheto": "azonnal", "min_berleti_ido": "nincs megadva", "kertkapcsolatos": "nan", "kozos_koltseg_huf": null, "rezsikoltseg_huf": null, "kaucio_huf": null, "hirdeto_tipus": null, "iroda_neve": null, "leiras": "Budapest X. kerület Gyógyszergyári utca 6. sz alatt kiadó 20,3 nm alapterületű, tágas teremgarázs parkoló újépítésű társasházban. A parkolóhely elektromos töltőbekészítéssel rendelkezik, így a gépkocsi töltése megoldható. A parkolóhely szélessége 347 cm, hossza 585 cm, nagyobb méretű személygépkocsival is kényelmesen használható.", "oldal_allapot": "hirdetes", "leiras_hossz": 331.0, "fenykepek_szama": null, "lat_portal": 47.497833, "lon_portal": 19.141041, "portal_pozicio_sugar_m": null, "price_eur": null, "nm_ar_eur": null, "kozos_koltseg_eur": null, "rezsikoltseg_eur": null, "kaucio_eur": null, "parkolas": "nan", "parkolohely_ara": null, "parkolohelyek_szama": null, "pince": "nan", "napelem": "nan", "komfort": "nan", "belmagassag_raw": "nan", "akadalymentesitett": "nan", "furdo_wc": "nan", "tajolas": "nan", "kilatas": "nan", "szigeteles": "nan", "tetoter": "nan", "panelprogram": "nan", "gepesitett": "nan", "kisallat": "nan", "dohanyzas": "nan", "atlag_gazfogyasztas": "nan", "atlag_aramfogyasztas": "nan", "tavolsag_metro_halozati_m": null, "menetido_metro_gyalog_perc": null, "metro_5p_seta": 0, "metro_10p_seta": 0, "metro_15p_seta": 0, "tavolsag_villamos_halozati_m": 772.2, "menetido_villamos_gyalog_perc": 10.3, "villamos_5p_seta": 0, "villamos_10p_seta": 0, "villamos_15p_seta": 1, "tavolsag_busz_halozati_m": 620.4, "menetido_busz_gyalog_perc": 8.3, "busz_5p_seta": 0, "busz_10p_seta": 1, "busz_15p_seta": 1, "tavolsag_kotottpalya_halozati_m": 772.2, "menetido_kotottpalya_gyalog_perc": 10.3, "kotottpalya_5p_seta": 0, "kotottpalya_10p_seta": 0, "kotottpalya_15p_seta": 1, "tavolsag_park_halozati_m": 1429.5, "menetido_park_gyalog_perc": 19.1, "park_5p_seta": 0, "park_10p_seta": 0, "park_15p_seta": 0, "poi_5p_count": 0.0, "poi_10p_count": 1.0, "poi_15p_count": 6.0, "tavolsag_iskola_halozati_m": null, "iskola_5p_seta": 0, "iskola_10p_seta": 0, "iskola_15p_seta": 0, "tavolsag_ovoda_halozati_m": 1751.6, "ovoda_5p_seta": 0, "ovoda_10p_seta": 0, "ovoda_15p_seta": 0, "tavolsag_bolt_halozati_m": 2027.2, "bolt_5p_seta": 0, "bolt_10p_seta": 0, "bolt_15p_seta": 0, "tavolsag_gyogyszertar_halozati_m": 1516.0, "gyogyszertar_5p_seta": 0, "gyogyszertar_10p_seta": 0, "gyogyszertar_15p_seta": 0, "tavolsag_orvos_halozati_m": null, "orvos_5p_seta": 0, "orvos_10p_seta": 0, "orvos_15p_seta": 0, "legkozelebbi_vasut": "Kőbánya felső", "legkozelebbi_metro": "", "legkozelebbi_villamos": "Terebesi utca", "legkozelebbi_busz": "Albertirsai köz", "legkozelebbi_park": "Sajó Sándor tér", "legkozelebbi_kotottpalya_tipus": "villamos", "varosresz_geokodolt": "Felsőrákos", "geokodolas_szolgaltato": "nominatim/photon", "felhasznalt_hazszam": 6.0, "legkozelebbi_iskola": "", "legkozelebbi_ovoda": "Apró csodák Bölcsőde", "legkozelebbi_bolt": "", "legkozelebbi_gyogyszertar": "Harmat Patika", "legkozelebbi_orvos": "", "menetido_iskola_gyalog_perc": null, "menetido_ovoda_gyalog_perc": 23.4, "menetido_bolt_gyalog_perc": 27.0, "menetido_gyogyszertar_gyalog_perc": 20.2, "menetido_orvos_gyalog_perc": null }, "geometry": { "type": "Point", "coordinates": [ 19.1407571, 47.4981391 ] } },
{ "type": "Feature", "properties": { "listing_id": "35552588", "listing_type": "kiado", "ingatlan_tipus": "iroda", "cim_teljes": "Budapest X. kerület, Mázsa utca 9.", "iranyitoszam": "1107", "varos": "Budapest", "utca": "Mázsa utca", "hazszam": "9", "cim_forras": "strukturalt", "url": "https://ingatlan.com/x-ker/kiado+iroda/irodahelyiseg-irodahazban/35552588", "gyujtes_datuma": "2026-10-08", "price_huf": 4010.0, "ar_millio_ft": 0.00401, "ar_ezer_ft_ho": 4.01, "nm_ar_huf": 10.025, "log_ar": 8.2965465203006143, "log_nm_ar": 2.3050819731926331, "is_ar_outlier": 1, "alapterulet_nm": 400.0, "korrigalt_alapterulet_nm": 400.0, "szobaszam_osszes": null, "szobaszam_kategoria": null, "allapot_kod": 0, "is_felujitando": 0, "is_ujszeru_vagy_uj": 0, "is_panel": 0, "is_tegla": 0, "has_lift": 1, "has_klima": 1, "has_erkely": 0, "is_foldszint": 0, "is_zaroszint": 1, "is_tetoter": 0, "epulet_kora_ev": 45.0, "geokodolt_lat": 47.4783313, "geokodolt_lon": 19.1287247, "geokodolas_modszere": "cim_nominatim", "geokodolas_pontossag": "hazszam", "minta_garantalt_pontos": 1, "tavolsag_vasut_m": 133.9, "vasut_zona": "<150 m", "is_vasut_immisszio_150m": 1, "tavolsag_vasut_halozati_m": 775.7, "menetido_vasut_gyalog_perc": 10.3, "vasut_5p_seta": 0, "vasut_10p_seta": 0, "vasut_15p_seta": 1, "is_duplikalt_gyanus": 0, "varosresz": "Gyárdűlő", "title": "Ingatlan kép", "allapot": "nan", "ingatlan_altipus": "irodahelyiseg-irodahazban", "epites_eve": 1981.0, "epites_eve_kategoria": "30-60 év (panel-korszak)", "epites_eve_szoveg": "nan", "epites_eve_becsult": null, "erkely_nm": null, "szobaszam_egesz": null, "szobaszam_fel": null, "atlagos_szobameret_nm": null, "emelet": "2", "emelet_szam": 2.0, "epulet_szintjei_szam": 2.0, "is_magas_emelet_lift_nelkul": 0, "futes": "nan", "futes_kategoria": "egyeb", "has_tavfutes": 0, "has_konvektor": 0, "has_megujulo": 0, "has_garazs_vagy_beallo": 1, "energetikai_tanusitvany": "nincs megadva", "butorozott": "nem", "koltozheto": "azonnal", "min_berleti_ido": "12 hónap", "kertkapcsolatos": "nan", "kozos_koltseg_huf": null, "rezsikoltseg_huf": null, "kaucio_huf": null, "hirdeto_tipus": null, "iroda_neve": null, "leiras": "Kőbánya közepén, jól megközelíthető, folyamatosan karbantartott, rendszeresen fejlesztett és modernizált, B kategóriás irodaházban kínálunk különböző méretű irodákat bérlésre. Irodák jellemzői: •Jelenlegi kialakítás szerint: 10–76 m²-es irodahelyiségek •Több helyiségből álló, 135 m²-es, elszeparált irodarész (igény esetén saját konyha kialakítására alkalmas területtel) •Közös teakonyha, valamint közös használatú női és férfi mosdók •Az irodák nagyobb része klimatizált •Hosszú távú bérlés esetén az esetleges átalakítások, klímák beszerelése, egyedi megbeszélés tárgyát képezi •A komfortot távfűtés biztosítja •Az irodaházhoz zárt parkoló és kerékpártároló tartozik •6:00-tól 18:00-ig portaszolgálat működik •A főbejáratnál kártyás beléptetőrendszer található •Kiépített kamerarendszer és teherlift elérhető Bérleti feltételek: •Bérleti díj: 11 EUR/m²/hó + áfa •Üzemeltetési és rezsidíj: 1 EUR/m²/hó + áfa, amely tartalmazza a portaszolgálatot, a közös helyiségek és közös épületrészek takarítását, a szemétszállítást, az épület folyamatos karbantartását, a világítást, valamint az irodák teljes rezsiköltségét a bent dolgozó személyzet számától függetlenül •Felszíni kocsibeálló: 5-6 szabadon bérelhető hely, 10 000 Ft/hó + áfa áron •Minimum 1 éves, határozott idejű bérleti szerződés •2 havi kaució Közlekedés és környezet: A közlekedés kiváló, a város bármely pontja gyorsan elérhető mind autóval, mind tömegközlekedéssel. A közelben található a Kőbánya alsó vasútállomás, a 9-es autóbusz, valamint a 3-as, 28-as, 28A, 62-es és 62A jelzésű villamosjáratok. Pár perc sétára éttermek, kávézók és élelmiszerüzletek is megtalálhatók. Az utcán a parkolás ingyenes és biztonságos. A hétvégén is hívjon bizalommal, a közvetítés díjtalan! Érdeklődni : Klein Dániel", "oldal_allapot": "hirdetes", "leiras_hossz": 1763.0, "fenykepek_szama": null, "lat_portal": 47.478463, "lon_portal": 19.129142, "portal_pozicio_sugar_m": null, "price_eur": null, "nm_ar_eur": null, "kozos_koltseg_eur": null, "rezsikoltseg_eur": null, "kaucio_eur": null, "parkolas": "udvari beálló - bérelhető", "parkolohely_ara": 10000.0, "parkolohelyek_szama": null, "pince": "nan", "napelem": "nincs megadva", "komfort": "nan", "belmagassag_raw": "nan", "akadalymentesitett": "nan", "furdo_wc": "nan", "tajolas": "nan", "kilatas": "nan", "szigeteles": "nan", "tetoter": "nincs megadva", "panelprogram": "nan", "gepesitett": "nan", "kisallat": "nan", "dohanyzas": "nan", "atlag_gazfogyasztas": "nan", "atlag_aramfogyasztas": "nan", "tavolsag_metro_halozati_m": 1802.1, "menetido_metro_gyalog_perc": 24.0, "metro_5p_seta": 0, "metro_10p_seta": 0, "metro_15p_seta": 0, "tavolsag_villamos_halozati_m": 669.6, "menetido_villamos_gyalog_perc": 8.9, "villamos_5p_seta": 0, "villamos_10p_seta": 1, "villamos_15p_seta": 1, "tavolsag_busz_halozati_m": 627.9, "menetido_busz_gyalog_perc": 8.4, "busz_5p_seta": 0, "busz_10p_seta": 1, "busz_15p_seta": 1, "tavolsag_kotottpalya_halozati_m": 669.6, "menetido_kotottpalya_gyalog_perc": 8.9, "kotottpalya_5p_seta": 0, "kotottpalya_10p_seta": 1, "kotottpalya_15p_seta": 1, "tavolsag_park_halozati_m": 929.5, "menetido_park_gyalog_perc": 12.4, "park_5p_seta": 0, "park_10p_seta": 0, "park_15p_seta": 1, "poi_5p_count": 0.0, "poi_10p_count": 12.0, "poi_15p_count": 65.0, "tavolsag_iskola_halozati_m": 962.4, "iskola_5p_seta": 0, "iskola_10p_seta": 0, "iskola_15p_seta": 1, "tavolsag_ovoda_halozati_m": 1709.1, "ovoda_5p_seta": 0, "ovoda_10p_seta": 0, "ovoda_15p_seta": 0, "tavolsag_bolt_halozati_m": 554.7, "bolt_5p_seta": 0, "bolt_10p_seta": 1, "bolt_15p_seta": 1, "tavolsag_gyogyszertar_halozati_m": 917.3, "gyogyszertar_5p_seta": 0, "gyogyszertar_10p_seta": 0, "gyogyszertar_15p_seta": 1, "tavolsag_orvos_halozati_m": null, "orvos_5p_seta": 0, "orvos_10p_seta": 0, "orvos_15p_seta": 0, "legkozelebbi_vasut": "Kőbánya alsó", "legkozelebbi_metro": "Határ út", "legkozelebbi_villamos": "Kocsis Sándor Sportközpont", "legkozelebbi_busz": "Kőbánya alsó", "legkozelebbi_park": "Hargitai sétányi park", "legkozelebbi_kotottpalya_tipus": "villamos", "varosresz_geokodolt": "Gyárdűlő", "geokodolas_szolgaltato": "nominatim/photon", "felhasznalt_hazszam": 9.0, "legkozelebbi_iskola": "Szervátiusz Jenő Általános Iskola", "legkozelebbi_ovoda": "Kőbányai Gézengúz Óvoda", "legkozelebbi_bolt": "Dunapanda", "legkozelebbi_gyogyszertar": "Liget Gyógyszertár", "legkozelebbi_orvos": "", "menetido_iskola_gyalog_perc": 12.8, "menetido_ovoda_gyalog_perc": 22.8, "menetido_bolt_gyalog_perc": 7.4, "menetido_gyogyszertar_gyalog_perc": 12.2, "menetido_orvos_gyalog_perc": null }, "geometry": { "type": "Point", "coordinates": [ 19.1287247, 47.4783313 ] } },
{ "type": "Feature", "properties": { "listing_id": "35554567", "listing_type": "kiado", "ingatlan_tipus": "garazs", "cim_teljes": "Budapest X. kerület, Kőrösi Csoma Sándor út 6.", "iranyitoszam": "1102", "varos": "Budapest", "utca": "Kőrösi Csoma Sándor út", "hazszam": "6", "cim_forras": "strukturalt", "url": "https://ingatlan.com/x-ker/kiado+garazs/teremgarazs-hely/35554567", "gyujtes_datuma": "2026-10-08", "price_huf": 25000.0, "ar_millio_ft": 0.025, "ar_ezer_ft_ho": 25.0, "nm_ar_huf": 1923.0769230769231, "log_ar": 10.126631103850338, "log_nm_ar": 7.5616817463888006, "is_ar_outlier": 1, "alapterulet_nm": 13.0, "korrigalt_alapterulet_nm": 13.0, "szobaszam_osszes": null, "szobaszam_kategoria": null, "allapot_kod": 0, "is_felujitando": 0, "is_ujszeru_vagy_uj": 0, "is_panel": 0, "is_tegla": 0, "has_lift": 1, "has_klima": 1, "has_erkely": 0, "is_foldszint": 0, "is_zaroszint": 0, "is_tetoter": 0, "epulet_kora_ev": null, "geokodolt_lat": 47.4831286, "geokodolt_lon": 19.1304444, "geokodolas_modszere": "cim_nominatim", "geokodolas_pontossag": "hazszam", "minta_garantalt_pontos": 1, "tavolsag_vasut_m": 225.6, "vasut_zona": "150-300 m", "is_vasut_immisszio_150m": 0, "tavolsag_vasut_halozati_m": 353.6, "menetido_vasut_gyalog_perc": 4.7, "vasut_5p_seta": 1, "vasut_10p_seta": 1, "vasut_15p_seta": 1, "is_duplikalt_gyanus": 0, "varosresz": "Óhegy", "title": "Ingatlan kép", "allapot": "nincs megadva", "ingatlan_altipus": "teremgarazs-hely", "epites_eve": null, "epites_eve_kategoria": "Ismeretlen", "epites_eve_szoveg": "nincs megadva", "epites_eve_becsult": null, "erkely_nm": null, "szobaszam_egesz": null, "szobaszam_fel": null, "atlagos_szobameret_nm": null, "emelet": "nan", "emelet_szam": null, "epulet_szintjei_szam": null, "is_magas_emelet_lift_nelkul": 0, "futes": "nan", "futes_kategoria": "egyeb", "has_tavfutes": 0, "has_konvektor": 0, "has_megujulo": 0, "has_garazs_vagy_beallo": 0, "energetikai_tanusitvany": "nan", "butorozott": "nan", "koltozheto": "nincs megadva", "min_berleti_ido": "nincs megadva", "kertkapcsolatos": "nan", "kozos_koltseg_huf": null, "rezsikoltseg_huf": null, "kaucio_huf": null, "hirdeto_tipus": null, "iroda_neve": null, "leiras": "10 kerület Kőrősi Csoma Sándor út 6.szám alatti mélygarázsában teremgarázs beálló (-2emelet) hosszú távra kiadó. Szerződéshez 1 havi kaució és az első hónap bérlet díj előre fizetés szükséges", "oldal_allapot": "hirdetes", "leiras_hossz": 191.0, "fenykepek_szama": null, "lat_portal": 47.482987, "lon_portal": 19.129957, "portal_pozicio_sugar_m": null, "price_eur": null, "nm_ar_eur": null, "kozos_koltseg_eur": null, "rezsikoltseg_eur": null, "kaucio_eur": null, "parkolas": "nan", "parkolohely_ara": null, "parkolohelyek_szama": null, "pince": "nan", "napelem": "nan", "komfort": "nan", "belmagassag_raw": "nan", "akadalymentesitett": "nan", "furdo_wc": "nan", "tajolas": "nan", "kilatas": "nan", "szigeteles": "nan", "tetoter": "nan", "panelprogram": "nan", "gepesitett": "nan", "kisallat": "nan", "dohanyzas": "nan", "atlag_gazfogyasztas": "nan", "atlag_aramfogyasztas": "nan", "tavolsag_metro_halozati_m": 2138.2, "menetido_metro_gyalog_perc": 28.5, "metro_5p_seta": 0, "metro_10p_seta": 0, "metro_15p_seta": 0, "tavolsag_villamos_halozati_m": 139.6, "menetido_villamos_gyalog_perc": 1.9, "villamos_5p_seta": 1, "villamos_10p_seta": 1, "villamos_15p_seta": 1, "tavolsag_busz_halozati_m": 102.9, "menetido_busz_gyalog_perc": 1.4, "busz_5p_seta": 1, "busz_10p_seta": 1, "busz_15p_seta": 1, "tavolsag_kotottpalya_halozati_m": 139.6, "menetido_kotottpalya_gyalog_perc": 1.9, "kotottpalya_5p_seta": 1, "kotottpalya_10p_seta": 1, "kotottpalya_15p_seta": 1, "tavolsag_park_halozati_m": 175.1, "menetido_park_gyalog_perc": 2.3, "park_5p_seta": 1, "park_10p_seta": 1, "park_15p_seta": 1, "poi_5p_count": 41.0, "poi_10p_count": 80.0, "poi_15p_count": 131.0, "tavolsag_iskola_halozati_m": 775.9, "iskola_5p_seta": 0, "iskola_10p_seta": 0, "iskola_15p_seta": 1, "tavolsag_ovoda_halozati_m": 860.7, "ovoda_5p_seta": 0, "ovoda_10p_seta": 0, "ovoda_15p_seta": 1, "tavolsag_bolt_halozati_m": 187.8, "bolt_5p_seta": 1, "bolt_10p_seta": 1, "bolt_15p_seta": 1, "tavolsag_gyogyszertar_halozati_m": 169.1, "gyogyszertar_5p_seta": 1, "gyogyszertar_10p_seta": 1, "gyogyszertar_15p_seta": 1, "tavolsag_orvos_halozati_m": null, "orvos_5p_seta": 0, "orvos_10p_seta": 0, "orvos_15p_seta": 0, "legkozelebbi_vasut": "Kőbánya alsó", "legkozelebbi_metro": "", "legkozelebbi_villamos": "Kápolna utca", "legkozelebbi_busz": "Liget tér", "legkozelebbi_park": "Liget téri park", "legkozelebbi_kotottpalya_tipus": "villamos", "varosresz_geokodolt": "Óhegy", "geokodolas_szolgaltato": "nominatim/photon", "felhasznalt_hazszam": 6.0, "legkozelebbi_iskola": "Szervátiusz Jenő Általános Iskola", "legkozelebbi_ovoda": "Apró csodák Bölcsőde", "legkozelebbi_bolt": "Penny", "legkozelebbi_gyogyszertar": "Liget Gyógyszertár", "legkozelebbi_orvos": "", "menetido_iskola_gyalog_perc": 10.3, "menetido_ovoda_gyalog_perc": 11.5, "menetido_bolt_gyalog_perc": 2.5, "menetido_gyogyszertar_gyalog_perc": 2.3, "menetido_orvos_gyalog_perc": null }, "geometry": { "type": "Point", "coordinates": [ 19.1304444, 47.4831286 ] } },
{ "type": "Feature", "properties": { "listing_id": "35554993", "listing_type": "kiado", "ingatlan_tipus": "garazs", "cim_teljes": "Budapest X. kerület, Gyógyszergyári utca 12.", "iranyitoszam": "1106", "varos": "Budapest", "utca": "Gyógyszergyári utca", "hazszam": "12", "cim_forras": "strukturalt", "url": "https://ingatlan.com/x-ker/kiado+garazs/teremgarazs-hely/35554993", "gyujtes_datuma": "2026-10-08", "price_huf": 20000.0, "ar_millio_ft": 0.02, "ar_ezer_ft_ho": 20.0, "nm_ar_huf": 1428.5714285714287, "log_ar": 9.9034875525361272, "log_nm_ar": 7.2644302229208693, "is_ar_outlier": 1, "alapterulet_nm": 14.0, "korrigalt_alapterulet_nm": 14.0, "szobaszam_osszes": null, "szobaszam_kategoria": null, "allapot_kod": 0, "is_felujitando": 0, "is_ujszeru_vagy_uj": 0, "is_panel": 0, "is_tegla": 0, "has_lift": 1, "has_klima": 1, "has_erkely": 0, "is_foldszint": 0, "is_zaroszint": 0, "is_tetoter": 0, "epulet_kora_ev": null, "geokodolt_lat": 47.4986235, "geokodolt_lon": 19.1449682, "geokodolas_modszere": "cim_nominatim", "geokodolas_pontossag": "hazszam", "minta_garantalt_pontos": 1, "tavolsag_vasut_m": 609.3, "vasut_zona": "500-1000 m", "is_vasut_immisszio_150m": 0, "tavolsag_vasut_halozati_m": 1528.2, "menetido_vasut_gyalog_perc": 20.4, "vasut_5p_seta": 0, "vasut_10p_seta": 0, "vasut_15p_seta": 0, "is_duplikalt_gyanus": 0, "varosresz": "Felsőrákos", "title": "Nincs kép", "allapot": "nincs megadva", "ingatlan_altipus": "teremgarazs-hely", "epites_eve": null, "epites_eve_kategoria": "Ismeretlen", "epites_eve_szoveg": "nincs megadva", "epites_eve_becsult": null, "erkely_nm": null, "szobaszam_egesz": null, "szobaszam_fel": null, "atlagos_szobameret_nm": null, "emelet": "nan", "emelet_szam": null, "epulet_szintjei_szam": null, "is_magas_emelet_lift_nelkul": 0, "futes": "nan", "futes_kategoria": "egyeb", "has_tavfutes": 0, "has_konvektor": 0, "has_megujulo": 0, "has_garazs_vagy_beallo": 0, "energetikai_tanusitvany": "nan", "butorozott": "nan", "koltozheto": "nincs megadva", "min_berleti_ido": "nincs megadva", "kertkapcsolatos": "nan", "kozos_koltseg_huf": null, "rezsikoltseg_huf": null, "kaucio_huf": null, "hirdeto_tipus": null, "iroda_neve": null, "leiras": "Kiadó teremgarázs – Kincsem K4 ütem Kiadóvá vált egy ideális kialakítású teremgarázs (nem elektromos) a Kincsem K4 ütemében. Kényelmes megközelítés, jól elhelyezett állás – közvetlenül a B lift közelében, így egyedülálló lehetőség azoknak, akik a gyors, kényelmes parkolást keresik. Bérleti díj: mindössze 20.000 Ft/hó, rezsivel együtt. Időtartam és egyebek megegyezés szerint rugalmasan. Ne hagyja ki ezt a ritka lehetőséget – jelentkezzen!", "oldal_allapot": "hirdetes", "leiras_hossz": 441.0, "fenykepek_szama": null, "lat_portal": 47.497773, "lon_portal": 19.144117, "portal_pozicio_sugar_m": null, "price_eur": null, "nm_ar_eur": null, "kozos_koltseg_eur": null, "rezsikoltseg_eur": null, "kaucio_eur": null, "parkolas": "nan", "parkolohely_ara": null, "parkolohelyek_szama": null, "pince": "nan", "napelem": "nan", "komfort": "nan", "belmagassag_raw": "nan", "akadalymentesitett": "nan", "furdo_wc": "nan", "tajolas": "nan", "kilatas": "nan", "szigeteles": "nan", "tetoter": "nan", "panelprogram": "nan", "gepesitett": "nan", "kisallat": "nan", "dohanyzas": "nan", "atlag_gazfogyasztas": "nan", "atlag_aramfogyasztas": "nan", "tavolsag_metro_halozati_m": null, "menetido_metro_gyalog_perc": null, "metro_5p_seta": 0, "metro_10p_seta": 0, "metro_15p_seta": 0, "tavolsag_villamos_halozati_m": 629.6, "menetido_villamos_gyalog_perc": 8.4, "villamos_5p_seta": 0, "villamos_10p_seta": 1, "villamos_15p_seta": 1, "tavolsag_busz_halozati_m": 652.0, "menetido_busz_gyalog_perc": 8.7, "busz_5p_seta": 0, "busz_10p_seta": 1, "busz_15p_seta": 1, "tavolsag_kotottpalya_halozati_m": 629.6, "menetido_kotottpalya_gyalog_perc": 8.4, "kotottpalya_5p_seta": 0, "kotottpalya_10p_seta": 1, "kotottpalya_15p_seta": 1, "tavolsag_park_halozati_m": 1282.7, "menetido_park_gyalog_perc": 17.1, "park_5p_seta": 0, "park_10p_seta": 0, "park_15p_seta": 0, "poi_5p_count": 0.0, "poi_10p_count": 4.0, "poi_15p_count": 17.0, "tavolsag_iskola_halozati_m": null, "iskola_5p_seta": 0, "iskola_10p_seta": 0, "iskola_15p_seta": 0, "tavolsag_ovoda_halozati_m": 1592.5, "ovoda_5p_seta": 0, "ovoda_10p_seta": 0, "ovoda_15p_seta": 0, "tavolsag_bolt_halozati_m": 1868.1, "bolt_5p_seta": 0, "bolt_10p_seta": 0, "bolt_15p_seta": 0, "tavolsag_gyogyszertar_halozati_m": 1356.8, "gyogyszertar_5p_seta": 0, "gyogyszertar_10p_seta": 0, "gyogyszertar_15p_seta": 0, "tavolsag_orvos_halozati_m": null, "orvos_5p_seta": 0, "orvos_10p_seta": 0, "orvos_15p_seta": 0, "legkozelebbi_vasut": "Kőbánya felső", "legkozelebbi_metro": "", "legkozelebbi_villamos": "Terebesi utca", "legkozelebbi_busz": "Terebesi utca", "legkozelebbi_park": "", "legkozelebbi_kotottpalya_tipus": "villamos", "varosresz_geokodolt": "Felsőrákos", "geokodolas_szolgaltato": "nominatim/photon", "felhasznalt_hazszam": 12.0, "legkozelebbi_iskola": "", "legkozelebbi_ovoda": "Apró csodák Bölcsőde", "legkozelebbi_bolt": "", "legkozelebbi_gyogyszertar": "Harmat Patika", "legkozelebbi_orvos": "", "menetido_iskola_gyalog_perc": null, "menetido_ovoda_gyalog_perc": 21.2, "menetido_bolt_gyalog_perc": 24.9, "menetido_gyogyszertar_gyalog_perc": 18.1, "menetido_orvos_gyalog_perc": null }, "geometry": { "type": "Point", "coordinates": [ 19.1449682, 47.4986235 ] } },
{ "type": "Feature", "properties": { "listing_id": "35557144", "listing_type": "kiado", "ingatlan_tipus": "garazs", "cim_teljes": "Budapest X. kerület, Gyógyszergyári utca 10.", "iranyitoszam": "1106", "varos": "Budapest", "utca": "Gyógyszergyári utca", "hazszam": "10", "cim_forras": "strukturalt", "url": "https://ingatlan.com/x-ker/kiado+garazs/teremgarazs-hely/35557144", "gyujtes_datuma": "2026-10-08", "price_huf": 25000.0, "ar_millio_ft": 0.025, "ar_ezer_ft_ho": 25.0, "nm_ar_huf": 1923.0769230769231, "log_ar": 10.126631103850338, "log_nm_ar": 7.5616817463888006, "is_ar_outlier": 1, "alapterulet_nm": 13.0, "korrigalt_alapterulet_nm": 13.0, "szobaszam_osszes": null, "szobaszam_kategoria": null, "allapot_kod": 0, "is_felujitando": 0, "is_ujszeru_vagy_uj": 0, "is_panel": 0, "is_tegla": 0, "has_lift": 1, "has_klima": 1, "has_erkely": 0, "is_foldszint": 0, "is_zaroszint": 0, "is_tetoter": 0, "epulet_kora_ev": 0.0, "geokodolt_lat": 47.4984644, "geokodolt_lon": 19.1435834, "geokodolas_modszere": "cim_nominatim", "geokodolas_pontossag": "hazszam", "minta_garantalt_pontos": 1, "tavolsag_vasut_m": 598.2, "vasut_zona": "500-1000 m", "is_vasut_immisszio_150m": 0, "tavolsag_vasut_halozati_m": 1496.4, "menetido_vasut_gyalog_perc": 20.0, "vasut_5p_seta": 0, "vasut_10p_seta": 0, "vasut_15p_seta": 0, "is_duplikalt_gyanus": 0, "varosresz": "Felsőrákos", "title": "Nincs kép", "allapot": "nincs megadva", "ingatlan_altipus": "teremgarazs-hely", "epites_eve": 2026.0, "epites_eve_kategoria": "0-10 év (új)", "epites_eve_szoveg": "2026", "epites_eve_becsult": null, "erkely_nm": null, "szobaszam_egesz": null, "szobaszam_fel": null, "atlagos_szobameret_nm": null, "emelet": "nan", "emelet_szam": null, "epulet_szintjei_szam": null, "is_magas_emelet_lift_nelkul": 0, "futes": "nan", "futes_kategoria": "egyeb", "has_tavfutes": 0, "has_konvektor": 0, "has_megujulo": 0, "has_garazs_vagy_beallo": 0, "energetikai_tanusitvany": "nan", "butorozott": "nan", "koltozheto": "nincs megadva", "min_berleti_ido": "12 hónap", "kertkapcsolatos": "nan", "kozos_koltseg_huf": null, "rezsikoltseg_huf": null, "kaucio_huf": null, "hirdeto_tipus": null, "iroda_neve": null, "leiras": "A K3 épület teremgarázsában kiváló helyen lévő parkolóhely kiadó. A B lépcsőház liftjétől csak pár lépés. Az ár a közös költséget tartalmazza.", "oldal_allapot": "hirdetes", "leiras_hossz": 142.0, "fenykepek_szama": 2.0, "lat_portal": 47.497327, "lon_portal": 19.139864, "portal_pozicio_sugar_m": null, "price_eur": null, "nm_ar_eur": null, "kozos_koltseg_eur": null, "rezsikoltseg_eur": null, "kaucio_eur": null, "parkolas": "nan", "parkolohely_ara": null, "parkolohelyek_szama": 1.0, "pince": "nan", "napelem": "nan", "komfort": "nan", "belmagassag_raw": "nan", "akadalymentesitett": "nan", "furdo_wc": "nan", "tajolas": "nan", "kilatas": "nan", "szigeteles": "nan", "tetoter": "nan", "panelprogram": "nan", "gepesitett": "nan", "kisallat": "nan", "dohanyzas": "nan", "atlag_gazfogyasztas": "nan", "atlag_aramfogyasztas": "nan", "tavolsag_metro_halozati_m": null, "menetido_metro_gyalog_perc": null, "metro_5p_seta": 0, "metro_10p_seta": 0, "metro_15p_seta": 0, "tavolsag_villamos_halozati_m": 597.9, "menetido_villamos_gyalog_perc": 8.0, "villamos_5p_seta": 0, "villamos_10p_seta": 1, "villamos_15p_seta": 1, "tavolsag_busz_halozati_m": 620.2, "menetido_busz_gyalog_perc": 8.3, "busz_5p_seta": 0, "busz_10p_seta": 1, "busz_15p_seta": 1, "tavolsag_kotottpalya_halozati_m": 597.9, "menetido_kotottpalya_gyalog_perc": 8.0, "kotottpalya_5p_seta": 0, "kotottpalya_10p_seta": 1, "kotottpalya_15p_seta": 1, "tavolsag_park_halozati_m": 1251.0, "menetido_park_gyalog_perc": 16.7, "park_5p_seta": 0, "park_10p_seta": 0, "park_15p_seta": 0, "poi_5p_count": 0.0, "poi_10p_count": 4.0, "poi_15p_count": 18.0, "tavolsag_iskola_halozati_m": null, "iskola_5p_seta": 0, "iskola_10p_seta": 0, "iskola_15p_seta": 0, "tavolsag_ovoda_halozati_m": 1560.7, "ovoda_5p_seta": 0, "ovoda_10p_seta": 0, "ovoda_15p_seta": 0, "tavolsag_bolt_halozati_m": 1836.3, "bolt_5p_seta": 0, "bolt_10p_seta": 0, "bolt_15p_seta": 0, "tavolsag_gyogyszertar_halozati_m": 1325.1, "gyogyszertar_5p_seta": 0, "gyogyszertar_10p_seta": 0, "gyogyszertar_15p_seta": 0, "tavolsag_orvos_halozati_m": null, "orvos_5p_seta": 0, "orvos_10p_seta": 0, "orvos_15p_seta": 0, "legkozelebbi_vasut": "Kőbánya felső", "legkozelebbi_metro": "", "legkozelebbi_villamos": "Terebesi utca", "legkozelebbi_busz": "Terebesi utca", "legkozelebbi_park": "", "legkozelebbi_kotottpalya_tipus": "villamos", "varosresz_geokodolt": "Felsőrákos", "geokodolas_szolgaltato": "nominatim/photon", "felhasznalt_hazszam": 10.0, "legkozelebbi_iskola": "", "legkozelebbi_ovoda": "Apró csodák Bölcsőde", "legkozelebbi_bolt": "", "legkozelebbi_gyogyszertar": "Harmat Patika", "legkozelebbi_orvos": "", "menetido_iskola_gyalog_perc": null, "menetido_ovoda_gyalog_perc": 20.8, "menetido_bolt_gyalog_perc": 24.5, "menetido_gyogyszertar_gyalog_perc": 17.7, "menetido_orvos_gyalog_perc": null }, "geometry": { "type": "Point", "coordinates": [ 19.1435834, 47.4984644 ] } },
{ "type": "Feature", "properties": { "listing_id": "35558041", "listing_type": "kiado", "ingatlan_tipus": "uzlethelyiseg", "cim_teljes": "Budapest X. kerület, Kada utca 21.", "iranyitoszam": "1106", "varos": "Budapest", "utca": "Kada utca", "hazszam": "21", "cim_forras": "strukturalt", "url": "https://ingatlan.com/x-ker/kiado+uzlethelyiseg/utcai-bejaratos-uzlethelyiseg/35558041", "gyujtes_datuma": "2026-10-08", "price_huf": 100000.0, "ar_millio_ft": 0.1, "ar_ezer_ft_ho": 100.0, "nm_ar_huf": 3333.3333333333335, "log_ar": 11.512925464970229, "log_nm_ar": 8.1117280833080727, "is_ar_outlier": 0, "alapterulet_nm": 30.0, "korrigalt_alapterulet_nm": 30.0, "szobaszam_osszes": null, "szobaszam_kategoria": null, "allapot_kod": 0, "is_felujitando": 0, "is_ujszeru_vagy_uj": 0, "is_panel": 0, "is_tegla": 0, "has_lift": 1, "has_klima": 1, "has_erkely": 0, "is_foldszint": 1, "is_zaroszint": 0, "is_tetoter": 0, "epulet_kora_ev": null, "geokodolt_lat": 47.4718619, "geokodolt_lon": 19.142494, "geokodolas_modszere": "cim_nominatim", "geokodolas_pontossag": "hazszam", "minta_garantalt_pontos": 1, "tavolsag_vasut_m": 454.0, "vasut_zona": "300-500 m", "is_vasut_immisszio_150m": 0, "tavolsag_vasut_halozati_m": 1830.1, "menetido_vasut_gyalog_perc": 24.4, "vasut_5p_seta": 0, "vasut_10p_seta": 0, "vasut_15p_seta": 0, "is_duplikalt_gyanus": 0, "varosresz": "Óhegy", "title": "Ingatlan kép", "allapot": "nincs megadva", "ingatlan_altipus": "utcai-bejaratos-uzlethelyiseg", "epites_eve": null, "epites_eve_kategoria": "Ismeretlen", "epites_eve_szoveg": "nincs megadva", "epites_eve_becsult": null, "erkely_nm": null, "szobaszam_egesz": null, "szobaszam_fel": null, "atlagos_szobameret_nm": null, "emelet": "földszint", "emelet_szam": null, "epulet_szintjei_szam": null, "is_magas_emelet_lift_nelkul": 0, "futes": "nan", "futes_kategoria": "egyeb", "has_tavfutes": 0, "has_konvektor": 0, "has_megujulo": 0, "has_garazs_vagy_beallo": 0, "energetikai_tanusitvany": "nincs megadva", "butorozott": "nan", "koltozheto": "azonnal", "min_berleti_ido": "12 hónap", "kertkapcsolatos": "nan", "kozos_koltseg_huf": null, "rezsikoltseg_huf": 25000.0, "kaucio_huf": null, "hirdeto_tipus": null, "iroda_neve": null, "leiras": "Közvetítők hirdetési portálok üzemeltetői ne hívjanak, mert bontom a vonalat! Kizárólag tulajdonostól kiadó a X. kerületben a Kada utcában a Gyömrői út szomszédságában egy 30 nm-es, bármely célra alkalmas üzlethelyiség. Korábban hosszú évekig húsboltként, majd gyrososként, illetve ruhaüzletként is üzemelt. Az üzlethelyiség utcai bejáratú, az ajtó biztonsági ráccsal védett. Az üzlethelyiség nem hirdetett hátsó helyisége amely gazdasági bejárattal, zuhanyzóval és WC-vel rendelkezik jelenleg nem képezi a kiadás tárgyát mert befejezése szükséges. Ezért is ilyen alacsony a kiadási ár. Ha valakinek egyben van rá esetleg szüksége az külön megbeszélés tárgyát képezi. A hirdetett ingatlanban minden vízkiállás újonnan szerelt és biztosított. Az üzlethelyiség saját elképzelés, ízlés és tevékenységi kör szerint alakítható, külön megbeszélés alapján. Elhelyezkedése kiváló, a közelben számos cég és vállalkozás tevékenykedik. Parkolás az utcán díjmentes. Az ingatlan klímával szerelt. Az üzlet külső falán belső világítású dekor és különálló hirdetőfelület is kialakított, melyek saját vállalkozásra alakíthatóak. Bérleti díj: 100.000.- Ft/hó + kéthavi kaució. Közös költség: 25.000.- Ft. Ingatlanközvetítő segítségét semmilyen formában nem kívánom igénybe venni, mely mondat remélem értelmezést nyer!", "oldal_allapot": "hirdetes", "leiras_hossz": 1300.0, "fenykepek_szama": null, "lat_portal": 47.471806, "lon_portal": 19.142425, "portal_pozicio_sugar_m": null, "price_eur": null, "nm_ar_eur": null, "kozos_koltseg_eur": null, "rezsikoltseg_eur": null, "kaucio_eur": null, "parkolas": "nan", "parkolohely_ara": null, "parkolohelyek_szama": null, "pince": "nan", "napelem": "nan", "komfort": "nan", "belmagassag_raw": "nan", "akadalymentesitett": "nan", "furdo_wc": "nan", "tajolas": "nan", "kilatas": "nan", "szigeteles": "nan", "tetoter": "nan", "panelprogram": "nan", "gepesitett": "nan", "kisallat": "nan", "dohanyzas": "nan", "atlag_gazfogyasztas": "nan", "atlag_aramfogyasztas": "nan", "tavolsag_metro_halozati_m": 1830.1, "menetido_metro_gyalog_perc": 24.4, "metro_5p_seta": 0, "metro_10p_seta": 0, "metro_15p_seta": 0, "tavolsag_villamos_halozati_m": 1727.1, "menetido_villamos_gyalog_perc": 23.0, "villamos_5p_seta": 0, "villamos_10p_seta": 0, "villamos_15p_seta": 0, "tavolsag_busz_halozati_m": 100.6, "menetido_busz_gyalog_perc": 1.3, "busz_5p_seta": 1, "busz_10p_seta": 1, "busz_15p_seta": 1, "tavolsag_kotottpalya_halozati_m": 1727.1, "menetido_kotottpalya_gyalog_perc": 23.0, "kotottpalya_5p_seta": 0, "kotottpalya_10p_seta": 0, "kotottpalya_15p_seta": 0, "tavolsag_park_halozati_m": 256.8, "menetido_park_gyalog_perc": 3.4, "park_5p_seta": 1, "park_10p_seta": 1, "park_15p_seta": 1, "poi_5p_count": 9.0, "poi_10p_count": 24.0, "poi_15p_count": 42.0, "tavolsag_iskola_halozati_m": 1717.3, "iskola_5p_seta": 0, "iskola_10p_seta": 0, "iskola_15p_seta": 0, "tavolsag_ovoda_halozati_m": 2247.1, "ovoda_5p_seta": 0, "ovoda_10p_seta": 0, "ovoda_15p_seta": 0, "tavolsag_bolt_halozati_m": 556.9, "bolt_5p_seta": 0, "bolt_10p_seta": 1, "bolt_15p_seta": 1, "tavolsag_gyogyszertar_halozati_m": 927.9, "gyogyszertar_5p_seta": 0, "gyogyszertar_10p_seta": 0, "gyogyszertar_15p_seta": 1, "tavolsag_orvos_halozati_m": null, "orvos_5p_seta": 0, "orvos_10p_seta": 0, "orvos_15p_seta": 0, "legkozelebbi_vasut": "Határ út", "legkozelebbi_metro": "Határ út", "legkozelebbi_villamos": "Kocsis Sándor Sportközpont", "legkozelebbi_busz": "Gyömrői út", "legkozelebbi_park": "", "legkozelebbi_kotottpalya_tipus": "villamos", "varosresz_geokodolt": "Óhegy", "geokodolas_szolgaltato": "nominatim/photon", "felhasznalt_hazszam": 21.0, "legkozelebbi_iskola": "Janikovszky Éva Általános Iskola", "legkozelebbi_ovoda": "Kőbányai Gézengúz Óvoda", "legkozelebbi_bolt": "Orlen", "legkozelebbi_gyogyszertar": "Szent Katalin Gyógyszertár", "legkozelebbi_orvos": "", "menetido_iskola_gyalog_perc": 22.9, "menetido_ovoda_gyalog_perc": 30.0, "menetido_bolt_gyalog_perc": 7.4, "menetido_gyogyszertar_gyalog_perc": 12.4, "menetido_orvos_gyalog_perc": null }, "geometry": { "type": "Point", "coordinates": [ 19.142494, 47.4718619 ] } },
{ "type": "Feature", "properties": { "listing_id": "35562252", "listing_type": "kiado", "ingatlan_tipus": "raktar", "cim_teljes": "Budapest X. kerület, Szárnyas utca 16.", "iranyitoszam": "1107", "varos": "Budapest", "utca": "Szárnyas utca", "hazszam": "16", "cim_forras": "strukturalt", "url": "https://ingatlan.com/x-ker/kiado+raktar/raktarhelyiseg/35562252", "gyujtes_datuma": "2026-10-08", "price_huf": 10000.0, "ar_millio_ft": 0.01, "ar_ezer_ft_ho": 10.0, "nm_ar_huf": 5000.0, "log_ar": 9.2103403719761836, "log_nm_ar": 8.5171931914162382, "is_ar_outlier": 0, "alapterulet_nm": 2.0, "korrigalt_alapterulet_nm": 2.0, "szobaszam_osszes": null, "szobaszam_kategoria": null, "allapot_kod": 0, "is_felujitando": 0, "is_ujszeru_vagy_uj": 0, "is_panel": 0, "is_tegla": 0, "has_lift": 1, "has_klima": 1, "has_erkely": 0, "is_foldszint": 0, "is_zaroszint": 0, "is_tetoter": 0, "epulet_kora_ev": null, "geokodolt_lat": 47.4683464, "geokodolt_lon": 19.1209359, "geokodolas_modszere": "cim_nominatim", "geokodolas_pontossag": "hazszam", "minta_garantalt_pontos": 1, "tavolsag_vasut_m": 766.3, "vasut_zona": "500-1000 m", "is_vasut_immisszio_150m": 0, "tavolsag_vasut_halozati_m": 515.9, "menetido_vasut_gyalog_perc": 6.9, "vasut_5p_seta": 0, "vasut_10p_seta": 1, "vasut_15p_seta": 1, "is_duplikalt_gyanus": 0, "varosresz": "Gyárdűlő", "title": "Nincs kép", "allapot": "nan", "ingatlan_altipus": "raktarhelyiseg", "epites_eve": null, "epites_eve_kategoria": "Ismeretlen", "epites_eve_szoveg": "nan", "epites_eve_becsult": null, "erkely_nm": null, "szobaszam_egesz": null, "szobaszam_fel": null, "atlagos_szobameret_nm": null, "emelet": "nincs megadva", "emelet_szam": null, "epulet_szintjei_szam": null, "is_magas_emelet_lift_nelkul": 0, "futes": "nan", "futes_kategoria": "egyeb", "has_tavfutes": 0, "has_konvektor": 0, "has_megujulo": 0, "has_garazs_vagy_beallo": 0, "energetikai_tanusitvany": "nincs megadva", "butorozott": "nan", "koltozheto": "nincs megadva", "min_berleti_ido": "nincs megadva", "kertkapcsolatos": "nan", "kozos_koltseg_huf": null, "rezsikoltseg_huf": null, "kaucio_huf": null, "hirdeto_tipus": null, "iroda_neve": null, "leiras": "Nem dohos alagsori helyiség kiadó, hosszú távra. Alakja és mérete a rajzról leolvasható, Ugyanitt 18 m2 helyiség kiadó raktározásra vagy csendes tevékenységre. Ablaka nincs, világítás van benne.", "oldal_allapot": "hirdetes", "leiras_hossz": 194.0, "fenykepek_szama": null, "lat_portal": 47.468216, "lon_portal": 19.120996, "portal_pozicio_sugar_m": null, "price_eur": null, "nm_ar_eur": null, "kozos_koltseg_eur": null, "rezsikoltseg_eur": null, "kaucio_eur": null, "parkolas": "nan", "parkolohely_ara": null, "parkolohelyek_szama": null, "pince": "nan", "napelem": "nan", "komfort": "nan", "belmagassag_raw": "nan", "akadalymentesitett": "nan", "furdo_wc": "nan", "tajolas": "nan", "kilatas": "nan", "szigeteles": "nan", "tetoter": "nan", "panelprogram": "nan", "gepesitett": "nan", "kisallat": "nan", "dohanyzas": "nan", "atlag_gazfogyasztas": "nan", "atlag_aramfogyasztas": "nan", "tavolsag_metro_halozati_m": 354.0, "menetido_metro_gyalog_perc": 4.7, "metro_5p_seta": 1, "metro_10p_seta": 1, "metro_15p_seta": 1, "tavolsag_villamos_halozati_m": 336.9, "menetido_villamos_gyalog_perc": 4.5, "villamos_5p_seta": 1, "villamos_10p_seta": 1, "villamos_15p_seta": 1, "tavolsag_busz_halozati_m": 275.7, "menetido_busz_gyalog_perc": 3.7, "busz_5p_seta": 1, "busz_10p_seta": 1, "busz_15p_seta": 1, "tavolsag_kotottpalya_halozati_m": 336.9, "menetido_kotottpalya_gyalog_perc": 4.5, "kotottpalya_5p_seta": 1, "kotottpalya_10p_seta": 1, "kotottpalya_15p_seta": 1, "tavolsag_park_halozati_m": 115.0, "menetido_park_gyalog_perc": 1.5, "park_5p_seta": 1, "park_10p_seta": 1, "park_15p_seta": 1, "poi_5p_count": 13.0, "poi_10p_count": 63.0, "poi_15p_count": 110.0, "tavolsag_iskola_halozati_m": 1164.5, "iskola_5p_seta": 0, "iskola_10p_seta": 0, "iskola_15p_seta": 0, "tavolsag_ovoda_halozati_m": 137.2, "ovoda_5p_seta": 1, "ovoda_10p_seta": 1, "ovoda_15p_seta": 1, "tavolsag_bolt_halozati_m": 547.1, "bolt_5p_seta": 0, "bolt_10p_seta": 1, "bolt_15p_seta": 1, "tavolsag_gyogyszertar_halozati_m": 755.0, "gyogyszertar_5p_seta": 0, "gyogyszertar_10p_seta": 0, "gyogyszertar_15p_seta": 1, "tavolsag_orvos_halozati_m": 740.0, "orvos_5p_seta": 0, "orvos_10p_seta": 1, "orvos_15p_seta": 1, "legkozelebbi_vasut": "Határ út", "legkozelebbi_metro": "", "legkozelebbi_villamos": "Száva kocsiszín", "legkozelebbi_busz": "Száva kocsiszín", "legkozelebbi_park": "", "legkozelebbi_kotottpalya_tipus": "villamos", "varosresz_geokodolt": "Gyárdűlő", "geokodolas_szolgaltato": "nominatim/photon", "felhasznalt_hazszam": 16.0, "legkozelebbi_iskola": "Kosztolányi Dezső Általános Iskola", "legkozelebbi_ovoda": "Kőbányai Gézengúz Óvoda", "legkozelebbi_bolt": "Közért", "legkozelebbi_gyogyszertar": "Somfa patika", "legkozelebbi_orvos": "Rendelőintézet", "menetido_iskola_gyalog_perc": 15.5, "menetido_ovoda_gyalog_perc": 1.8, "menetido_bolt_gyalog_perc": 7.3, "menetido_gyogyszertar_gyalog_perc": 10.1, "menetido_orvos_gyalog_perc": 9.9 }, "geometry": { "type": "Point", "coordinates": [ 19.1209359, 47.4683464 ] } },
{ "type": "Feature", "properties": { "listing_id": "35566125", "listing_type": "kiado", "ingatlan_tipus": "lakas", "cim_teljes": "Budapest X. kerület, Gyógyszergyári utca 12.", "iranyitoszam": "1106", "varos": "Budapest", "utca": "Gyógyszergyári utca", "hazszam": "12", "cim_forras": "strukturalt", "url": "https://ingatlan.com/x-ker/kiado+lakas/tegla-lakas/35566125", "gyujtes_datuma": "2026-10-08", "price_huf": 340000.0, "ar_millio_ft": 0.34, "ar_ezer_ft_ho": 340.0, "nm_ar_huf": 5483.8709677419356, "log_ar": 12.736700896592344, "log_nm_ar": 8.6095665115472517, "is_ar_outlier": 0, "alapterulet_nm": 62.0, "korrigalt_alapterulet_nm": 70.0, "szobaszam_osszes": 3.0, "szobaszam_kategoria": "3 szoba", "allapot_kod": 6, "is_felujitando": 0, "is_ujszeru_vagy_uj": 1, "is_panel": 0, "is_tegla": 1, "has_lift": 1, "has_klima": 1, "has_erkely": 1, "is_foldszint": 0, "is_zaroszint": 0, "is_tetoter": 0, "epulet_kora_ev": 0.0, "geokodolt_lat": 47.4986235, "geokodolt_lon": 19.1449682, "geokodolas_modszere": "cim_nominatim", "geokodolas_pontossag": "hazszam", "minta_garantalt_pontos": 1, "tavolsag_vasut_m": 609.3, "vasut_zona": "500-1000 m", "is_vasut_immisszio_150m": 0, "tavolsag_vasut_halozati_m": 1528.2, "menetido_vasut_gyalog_perc": 20.4, "vasut_5p_seta": 0, "vasut_10p_seta": 0, "vasut_15p_seta": 0, "is_duplikalt_gyanus": 0, "varosresz": "Felsőrákos", "title": "Ingatlan kép", "allapot": "új építésű", "ingatlan_altipus": "tegla-lakas", "epites_eve": 2026.0, "epites_eve_kategoria": "0-10 év (új)", "epites_eve_szoveg": "2026", "epites_eve_becsult": null, "erkely_nm": 16.0, "szobaszam_egesz": 3.0, "szobaszam_fel": 0.0, "atlagos_szobameret_nm": 23.333333333333332, "emelet": "2", "emelet_szam": 2.0, "epulet_szintjei_szam": 5.0, "is_magas_emelet_lift_nelkul": 0, "futes": "távfűtés egyedi méréssel, hűtő-fűtő klíma, padlófűtés", "futes_kategoria": "tavfutes", "has_tavfutes": 1, "has_konvektor": 0, "has_megujulo": 0, "has_garazs_vagy_beallo": 0, "energetikai_tanusitvany": "A+", "butorozott": "igen", "koltozheto": "azonnal", "min_berleti_ido": "12 hónap", "kertkapcsolatos": "nem", "kozos_koltseg_huf": 40000.0, "rezsikoltseg_huf": null, "kaucio_huf": null, "hirdeto_tipus": null, "iroda_neve": null, "leiras": "Kiadó egy kiváló elosztású, netttó 62 nm-es(bruttó 65nm), második emeleti, déli fekvésű lakás Budapest X. kerületében, a modern Kincsem Lakóparkban! Az ingatlan lifttel és lépcsővel is kényelmesen megközelíthető. A lakópark 7 hektáros területen helyezkedik el 5 épülettel, zárt kerékpártárólókkal, játszóterekkel, kondiparkkal, kutyafuttatóval, mini focipályával és hatalmas zöld felületekkel.A lakóparhoz két buszmegálló és egy villamosmegálló is kialakításra került. Főbb paraméterek és extrák: - Elhelyezkedés: Kincsem Lakópark (Gyógyszergyári utca / Örs vezér tere közelében, közel a villamos és busz megállóhoz és Árkádhoz) - Alapterület: 62 m2 (nappali + 2 külön nyíló szoba) - Hatalmas, 16 m2-es erkély - Távirányítós motoros redőnyök az összes nyílászárón, klíma a nappaliban - Helységenként szabályozható fűtés(távhős), fürdőszobában padlófűtés és elektromos törölközőszárító - Kádas fürdőszoba és külön WC kézmosóval Gépesítés és bútorozás: A lakás bútorozott, (gardrób szekrény franciaágy mindkét szobában, sarokkanapé, étkezőasztal székekkel. előszobaszekrények, beépített és gépesített konyhával rendelkezik(Bosch Indukciós főzőlap és tűzhely, Gorenje beépíett hűtő, mosogatógép és páraelszívó, Electrolux mosógép) Lokáció és közlekedés: A lakópark közvetlen közelségében található az Árkád, a Sugár, az Ikea és az Örs vezér tere, így a belváros elérhetősége páratlan: - Metró: M2-es metró - HÉV: H8 és H9 vonalak - Villamos és busz: A 3-as villamos és a 62A megállója, valamint számos buszjárat pár perc sétára található. Bérleti díj 340.000-Ft+rezsi Bérleti időszak: Minimum 1 év, határozott idejű szerződéssel, 2 havi kaució és 1 havi bérleti díj Közjegyzői nyilatkozat: Feltétel (a kiköltözési nyilatkozat díja fele-fele arányban fizetendő). Fontos: Kisállat tartása és a dohányzás nem megengedett. Költözés: október 15. lehetséges. Kinek ajánljuk? Ideális választás fiatal párnak, vagy akár összeköltöző barátoknak / testvéreknek/ iskolai hallgatóknak Hívjon bizalommal a részletekért és az szeptember közepétől esedékes megtekintési időpontért! Az alaprajz csak tájékoztató jellegű, nem tartalmazza a pontos méreteket. Ingatlanosok közreműkését nem kérjük!", "oldal_allapot": "hirdetes", "leiras_hossz": 2175.0, "fenykepek_szama": 6.0, "lat_portal": 47.497773, "lon_portal": 19.144117, "portal_pozicio_sugar_m": null, "price_eur": null, "nm_ar_eur": null, "kozos_koltseg_eur": null, "rezsikoltseg_eur": null, "kaucio_eur": null, "parkolas": "utca, közterület - ingyenes", "parkolohely_ara": null, "parkolohelyek_szama": null, "pince": "nan", "napelem": "nan", "komfort": "összkomfortos", "belmagassag_raw": "3 m-nél alacsonyabb", "akadalymentesitett": "igen", "furdo_wc": "külön helyiségben", "tajolas": "dél", "kilatas": "utcai", "szigeteles": "van - 15 cm", "tetoter": "nem tetőtéri", "panelprogram": "nan", "gepesitett": "igen", "kisallat": "nem hozható", "dohanyzas": "megengedett", "atlag_gazfogyasztas": "Nincs gáz bekötve az ingatlanba", "atlag_aramfogyasztas": "80 kWh/hó", "tavolsag_metro_halozati_m": null, "menetido_metro_gyalog_perc": null, "metro_5p_seta": 0, "metro_10p_seta": 0, "metro_15p_seta": 0, "tavolsag_villamos_halozati_m": 629.6, "menetido_villamos_gyalog_perc": 8.4, "villamos_5p_seta": 0, "villamos_10p_seta": 1, "villamos_15p_seta": 1, "tavolsag_busz_halozati_m": 652.0, "menetido_busz_gyalog_perc": 8.7, "busz_5p_seta": 0, "busz_10p_seta": 1, "busz_15p_seta": 1, "tavolsag_kotottpalya_halozati_m": 629.6, "menetido_kotottpalya_gyalog_perc": 8.4, "kotottpalya_5p_seta": 0, "kotottpalya_10p_seta": 1, "kotottpalya_15p_seta": 1, "tavolsag_park_halozati_m": 1282.7, "menetido_park_gyalog_perc": 17.1, "park_5p_seta": 0, "park_10p_seta": 0, "park_15p_seta": 0, "poi_5p_count": 0.0, "poi_10p_count": 4.0, "poi_15p_count": 17.0, "tavolsag_iskola_halozati_m": null, "iskola_5p_seta": 0, "iskola_10p_seta": 0, "iskola_15p_seta": 0, "tavolsag_ovoda_halozati_m": 1592.5, "ovoda_5p_seta": 0, "ovoda_10p_seta": 0, "ovoda_15p_seta": 0, "tavolsag_bolt_halozati_m": 1868.1, "bolt_5p_seta": 0, "bolt_10p_seta": 0, "bolt_15p_seta": 0, "tavolsag_gyogyszertar_halozati_m": 1356.8, "gyogyszertar_5p_seta": 0, "gyogyszertar_10p_seta": 0, "gyogyszertar_15p_seta": 0, "tavolsag_orvos_halozati_m": null, "orvos_5p_seta": 0, "orvos_10p_seta": 0, "orvos_15p_seta": 0, "legkozelebbi_vasut": "Kőbánya felső", "legkozelebbi_metro": "", "legkozelebbi_villamos": "Terebesi utca", "legkozelebbi_busz": "Terebesi utca", "legkozelebbi_park": "", "legkozelebbi_kotottpalya_tipus": "villamos", "varosresz_geokodolt": "Felsőrákos", "geokodolas_szolgaltato": "nominatim/photon", "felhasznalt_hazszam": 12.0, "legkozelebbi_iskola": "", "legkozelebbi_ovoda": "Apró csodák Bölcsőde", "legkozelebbi_bolt": "", "legkozelebbi_gyogyszertar": "Harmat Patika", "legkozelebbi_orvos": "", "menetido_iskola_gyalog_perc": null, "menetido_ovoda_gyalog_perc": 21.2, "menetido_bolt_gyalog_perc": 24.9, "menetido_gyogyszertar_gyalog_perc": 18.1, "menetido_orvos_gyalog_perc": null }, "geometry": { "type": "Point", "coordinates": [ 19.1449682, 47.4986235 ] } },
{ "type": "Feature", "properties": { "listing_id": "35566892", "listing_type": "kiado", "ingatlan_tipus": "lakas", "cim_teljes": "Budapest X. kerület, Üllői út 126.", "iranyitoszam": "1101", "varos": "Budapest", "utca": "Üllői út", "hazszam": "126", "cim_forras": "strukturalt", "url": "https://ingatlan.com/x-ker/kiado+lakas/tegla-lakas/35566892", "gyujtes_datuma": "2026-10-08", "price_huf": 250000.0, "ar_millio_ft": 0.25, "ar_ezer_ft_ho": 250.0, "nm_ar_huf": 4237.2881355932204, "log_ar": 12.429216196844383, "log_nm_ar": 8.351678752938664, "is_ar_outlier": 0, "alapterulet_nm": 59.0, "korrigalt_alapterulet_nm": 61.5, "szobaszam_osszes": 2.0, "szobaszam_kategoria": "2 szoba", "allapot_kod": 0, "is_felujitando": 0, "is_ujszeru_vagy_uj": 0, "is_panel": 0, "is_tegla": 1, "has_lift": 0, "has_klima": 0, "has_erkely": 1, "is_foldszint": 0, "is_zaroszint": 0, "is_tetoter": 0, "epulet_kora_ev": null, "geokodolt_lat": 47.4693458, "geokodolt_lon": 19.1163228, "geokodolas_modszere": "cim_nominatim", "geokodolas_pontossag": "hazszam", "minta_garantalt_pontos": 1, "tavolsag_vasut_m": 639.4, "vasut_zona": "500-1000 m", "is_vasut_immisszio_150m": 0, "tavolsag_vasut_halozati_m": 237.8, "menetido_vasut_gyalog_perc": 3.2, "vasut_5p_seta": 1, "vasut_10p_seta": 1, "vasut_15p_seta": 1, "is_duplikalt_gyanus": 0, "varosresz": "Gyárdűlő", "title": "Nincs kép", "allapot": "nincs megadva", "ingatlan_altipus": "tegla-lakas", "epites_eve": null, "epites_eve_kategoria": "Ismeretlen", "epites_eve_szoveg": "nincs megadva", "epites_eve_becsult": null, "erkely_nm": 5.0, "szobaszam_egesz": 2.0, "szobaszam_fel": 0.0, "atlagos_szobameret_nm": 30.75, "emelet": "nincs megadva", "emelet_szam": null, "epulet_szintjei_szam": null, "is_magas_emelet_lift_nelkul": 0, "futes": "nincs megadva", "futes_kategoria": "egyeb", "has_tavfutes": 0, "has_konvektor": 0, "has_megujulo": 0, "has_garazs_vagy_beallo": 0, "energetikai_tanusitvany": "nincs megadva", "butorozott": "nincs megadva", "koltozheto": "nincs megadva", "min_berleti_ido": "nincs megadva", "kertkapcsolatos": "nincs megadva", "kozos_koltseg_huf": null, "rezsikoltseg_huf": null, "kaucio_huf": null, "hirdeto_tipus": null, "iroda_neve": null, "leiras": "Kiadó 2 szobás, erkélyes lakás a X. kerületben – kiváló közlekedéssel Budapest X. kerületében kiadó egy 2 szobás, erkélyes lakás, kiváló közlekedési lehetőségekkel. Az Ecseri út és a Pöttyös utca metrómegálló kb. 2 percre, az éjszakai járat megállója pedig mindössze 1 perc sétára található. A közelben minden megtalálható, ami a mindennapi élethez szükséges: boltok, iskolák, óvodák és egyéb szolgáltatások könnyen elérhetők. A lakásban 2 egymásba nyíló szoba található, valamint erkély is tartozik hozzá. A lakás jelenleg részben felújítás alatt áll: a WC-helyiség felújítása folyamatban van, a két szobába pedig a napokban új parketta kerül. 4.emelet. Közös költség: 25 000 Ft/hó, amely tartalmazza a vízfogyasztást. A villanyfogyasztás mérőóra alapján fizetendő. 2 havi kaució+1 havi albérlet További információért és megtekintésért üzenetben keressen. Költözés azonnal. Szerződés közjegyző előtt. 2-Bedroom Apartment with Balcony for Rent in Budapest District X – Excellent Public Transport A 2-bedroom apartment with a balcony is available for rent in Budapest’s 10th District, with excellent public transport connections. Ecseri út and Pöttyös utca metro stations are approximately a 2-minute walk away, while the nearest night bus stop is only 1 minute away on foot. Everything you need for everyday life is within easy reach, including shops, schools, kindergartens and other essential services. The apartment is located on the 4th floor and features two connecting rooms and a balcony. It is currently undergoing partial renovation: the toilet is being renovated, and new parquet flooring will be installed in both rooms shortly. Common charges: HUF 25,000/month, including water consumption. Electricity: payable separately according to the meter. Move-in costs: 2 months’ security deposit + 1 month’s rent.", "oldal_allapot": "hirdetes", "leiras_hossz": 1818.0, "fenykepek_szama": 6.0, "lat_portal": 47.474448, "lon_portal": 19.102576, "portal_pozicio_sugar_m": null, "price_eur": null, "nm_ar_eur": null, "kozos_koltseg_eur": null, "rezsikoltseg_eur": null, "kaucio_eur": null, "parkolas": "nincs megadva", "parkolohely_ara": null, "parkolohelyek_szama": null, "pince": "nan", "napelem": "nan", "komfort": "nincs megadva", "belmagassag_raw": "nincs megadva", "akadalymentesitett": "nincs megadva", "furdo_wc": "nincs megadva", "tajolas": "nincs megadva", "kilatas": "nincs megadva", "szigeteles": "nincs megadva", "tetoter": "nincs megadva", "panelprogram": "nan", "gepesitett": "nincs megadva", "kisallat": "nincs megadva", "dohanyzas": "nincs megadva", "atlag_gazfogyasztas": "nincs megadva", "atlag_aramfogyasztas": "nincs megadva", "tavolsag_metro_halozati_m": 87.6, "menetido_metro_gyalog_perc": 1.2, "metro_5p_seta": 1, "metro_10p_seta": 1, "metro_15p_seta": 1, "tavolsag_villamos_halozati_m": 637.0, "menetido_villamos_gyalog_perc": 8.5, "villamos_5p_seta": 0, "villamos_10p_seta": 1, "villamos_15p_seta": 1, "tavolsag_busz_halozati_m": 100.9, "menetido_busz_gyalog_perc": 1.3, "busz_5p_seta": 1, "busz_10p_seta": 1, "busz_15p_seta": 1, "tavolsag_kotottpalya_halozati_m": 87.6, "menetido_kotottpalya_gyalog_perc": 1.2, "kotottpalya_5p_seta": 1, "kotottpalya_10p_seta": 1, "kotottpalya_15p_seta": 1, "tavolsag_park_halozati_m": 144.5, "menetido_park_gyalog_perc": 1.9, "park_5p_seta": 1, "park_10p_seta": 1, "park_15p_seta": 1, "poi_5p_count": 21.0, "poi_10p_count": 81.0, "poi_15p_count": 132.0, "tavolsag_iskola_halozati_m": 736.0, "iskola_5p_seta": 0, "iskola_10p_seta": 1, "iskola_15p_seta": 1, "tavolsag_ovoda_halozati_m": 405.1, "ovoda_5p_seta": 0, "ovoda_10p_seta": 1, "ovoda_15p_seta": 1, "tavolsag_bolt_halozati_m": 117.5, "bolt_5p_seta": 1, "bolt_10p_seta": 1, "bolt_15p_seta": 1, "tavolsag_gyogyszertar_halozati_m": 497.4, "gyogyszertar_5p_seta": 0, "gyogyszertar_10p_seta": 1, "gyogyszertar_15p_seta": 1, "tavolsag_orvos_halozati_m": 421.1, "orvos_5p_seta": 0, "orvos_10p_seta": 1, "orvos_15p_seta": 1, "legkozelebbi_vasut": "Pöttyös utca", "legkozelebbi_metro": "", "legkozelebbi_villamos": "Ecseri út M", "legkozelebbi_busz": "Pöttyös utca M", "legkozelebbi_park": "", "legkozelebbi_kotottpalya_tipus": "metro", "varosresz_geokodolt": "Gyárdűlő", "geokodolas_szolgaltato": "nominatim/photon", "felhasznalt_hazszam": 126.0, "legkozelebbi_iskola": "Kosztolányi Dezső Általános Iskola", "legkozelebbi_ovoda": "Kőbányai Gézengúz Óvoda", "legkozelebbi_bolt": "Közért", "legkozelebbi_gyogyszertar": "Somfa patika", "legkozelebbi_orvos": "Rendelőintézet", "menetido_iskola_gyalog_perc": 9.8, "menetido_ovoda_gyalog_perc": 5.4, "menetido_bolt_gyalog_perc": 1.6, "menetido_gyogyszertar_gyalog_perc": 6.6, "menetido_orvos_gyalog_perc": 5.6 }, "geometry": { "type": "Point", "coordinates": [ 19.1163228, 47.4693458 ] } },
{ "type": "Feature", "properties": { "listing_id": "35567851", "listing_type": "kiado", "ingatlan_tipus": "raktar", "cim_teljes": "Budapest X. kerület, Szárnyas utca 16.", "iranyitoszam": "1107", "varos": "Budapest", "utca": "Szárnyas utca", "hazszam": "16", "cim_forras": "strukturalt", "url": "https://ingatlan.com/x-ker/kiado+raktar/raktarhelyiseg/35567851", "gyujtes_datuma": "2026-10-08", "price_huf": 25000.0, "ar_millio_ft": 0.025, "ar_ezer_ft_ho": 25.0, "nm_ar_huf": 1388.8888888888889, "log_ar": 10.126631103850338, "log_nm_ar": 7.2362593459541733, "is_ar_outlier": 1, "alapterulet_nm": 18.0, "korrigalt_alapterulet_nm": 18.0, "szobaszam_osszes": null, "szobaszam_kategoria": null, "allapot_kod": 0, "is_felujitando": 0, "is_ujszeru_vagy_uj": 0, "is_panel": 0, "is_tegla": 0, "has_lift": 1, "has_klima": 1, "has_erkely": 0, "is_foldszint": 0, "is_zaroszint": 0, "is_tetoter": 0, "epulet_kora_ev": 76.0, "geokodolt_lat": 47.4683464, "geokodolt_lon": 19.1209359, "geokodolas_modszere": "cim_nominatim", "geokodolas_pontossag": "hazszam", "minta_garantalt_pontos": 1, "tavolsag_vasut_m": 766.3, "vasut_zona": "500-1000 m", "is_vasut_immisszio_150m": 0, "tavolsag_vasut_halozati_m": 515.9, "menetido_vasut_gyalog_perc": 6.9, "vasut_5p_seta": 0, "vasut_10p_seta": 1, "vasut_15p_seta": 1, "is_duplikalt_gyanus": 0, "varosresz": "Gyárdűlő", "title": "Nincs kép", "allapot": "nan", "ingatlan_altipus": "raktarhelyiseg", "epites_eve": 1950.0, "epites_eve_kategoria": "60+ év (háború előtti)", "epites_eve_szoveg": "nan", "epites_eve_becsult": null, "erkely_nm": null, "szobaszam_egesz": null, "szobaszam_fel": null, "atlagos_szobameret_nm": null, "emelet": "szuterén", "emelet_szam": null, "epulet_szintjei_szam": 5.0, "is_magas_emelet_lift_nelkul": 0, "futes": "nan", "futes_kategoria": "egyeb", "has_tavfutes": 0, "has_konvektor": 0, "has_megujulo": 0, "has_garazs_vagy_beallo": 0, "energetikai_tanusitvany": "nincs megadva", "butorozott": "nan", "koltozheto": "azonnal", "min_berleti_ido": "nincs megadva", "kertkapcsolatos": "nan", "kozos_koltseg_huf": null, "rezsikoltseg_huf": null, "kaucio_huf": null, "hirdeto_tipus": null, "iroda_neve": null, "leiras": "Társasház Alagsorában 18 m2-es terület kiadó. Nem dohos, Megközelíteni lépcsőkön keresztül lehet. Alakja téglalap, Világítás van benne, ablaka nincs. Padló: festett beton (nem műgyanta), falak: vakolt meszelt téglafal, mennyezet: vasbeton. A kiírt havi díjban benne van a közös költség", "oldal_allapot": "hirdetes", "leiras_hossz": 285.0, "fenykepek_szama": null, "lat_portal": 47.468216, "lon_portal": 19.120996, "portal_pozicio_sugar_m": null, "price_eur": null, "nm_ar_eur": null, "kozos_koltseg_eur": null, "rezsikoltseg_eur": null, "kaucio_eur": null, "parkolas": "nan", "parkolohely_ara": null, "parkolohelyek_szama": null, "pince": "nan", "napelem": "nan", "komfort": "nan", "belmagassag_raw": "nan", "akadalymentesitett": "nan", "furdo_wc": "nan", "tajolas": "nan", "kilatas": "nan", "szigeteles": "nan", "tetoter": "nan", "panelprogram": "nan", "gepesitett": "nan", "kisallat": "nan", "dohanyzas": "nan", "atlag_gazfogyasztas": "nan", "atlag_aramfogyasztas": "nan", "tavolsag_metro_halozati_m": 354.0, "menetido_metro_gyalog_perc": 4.7, "metro_5p_seta": 1, "metro_10p_seta": 1, "metro_15p_seta": 1, "tavolsag_villamos_halozati_m": 336.9, "menetido_villamos_gyalog_perc": 4.5, "villamos_5p_seta": 1, "villamos_10p_seta": 1, "villamos_15p_seta": 1, "tavolsag_busz_halozati_m": 275.7, "menetido_busz_gyalog_perc": 3.7, "busz_5p_seta": 1, "busz_10p_seta": 1, "busz_15p_seta": 1, "tavolsag_kotottpalya_halozati_m": 336.9, "menetido_kotottpalya_gyalog_perc": 4.5, "kotottpalya_5p_seta": 1, "kotottpalya_10p_seta": 1, "kotottpalya_15p_seta": 1, "tavolsag_park_halozati_m": 115.0, "menetido_park_gyalog_perc": 1.5, "park_5p_seta": 1, "park_10p_seta": 1, "park_15p_seta": 1, "poi_5p_count": 13.0, "poi_10p_count": 63.0, "poi_15p_count": 110.0, "tavolsag_iskola_halozati_m": 1164.5, "iskola_5p_seta": 0, "iskola_10p_seta": 0, "iskola_15p_seta": 0, "tavolsag_ovoda_halozati_m": 137.2, "ovoda_5p_seta": 1, "ovoda_10p_seta": 1, "ovoda_15p_seta": 1, "tavolsag_bolt_halozati_m": 547.1, "bolt_5p_seta": 0, "bolt_10p_seta": 1, "bolt_15p_seta": 1, "tavolsag_gyogyszertar_halozati_m": 755.0, "gyogyszertar_5p_seta": 0, "gyogyszertar_10p_seta": 0, "gyogyszertar_15p_seta": 1, "tavolsag_orvos_halozati_m": 740.0, "orvos_5p_seta": 0, "orvos_10p_seta": 1, "orvos_15p_seta": 1, "legkozelebbi_vasut": "Határ út", "legkozelebbi_metro": "", "legkozelebbi_villamos": "Száva kocsiszín", "legkozelebbi_busz": "Száva kocsiszín", "legkozelebbi_park": "", "legkozelebbi_kotottpalya_tipus": "villamos", "varosresz_geokodolt": "Gyárdűlő", "geokodolas_szolgaltato": "nominatim/photon", "felhasznalt_hazszam": 16.0, "legkozelebbi_iskola": "Kosztolányi Dezső Általános Iskola", "legkozelebbi_ovoda": "Kőbányai Gézengúz Óvoda", "legkozelebbi_bolt": "Közért", "legkozelebbi_gyogyszertar": "Somfa patika", "legkozelebbi_orvos": "Rendelőintézet", "menetido_iskola_gyalog_perc": 15.5, "menetido_ovoda_gyalog_perc": 1.8, "menetido_bolt_gyalog_perc": 7.3, "menetido_gyogyszertar_gyalog_perc": 10.1, "menetido_orvos_gyalog_perc": 9.9 }, "geometry": { "type": "Point", "coordinates": [ 19.1209359, 47.4683464 ] } },
{ "type": "Feature", "properties": { "listing_id": "35573553", "listing_type": "kiado", "ingatlan_tipus": "lakas", "cim_teljes": "Budapest X. kerület, Gém utca 4.", "iranyitoszam": "1107", "varos": "Budapest", "utca": "Gém utca", "hazszam": "4", "cim_forras": "strukturalt", "url": "https://ingatlan.com/x-ker/kiado+lakas/tegla-lakas/35573553", "gyujtes_datuma": "2026-10-08", "price_huf": 260000.0, "ar_millio_ft": 0.26, "ar_ezer_ft_ho": 260.0, "nm_ar_huf": 5909.090909090909, "log_ar": 12.468436909997665, "log_nm_ar": 8.6842472760794038, "is_ar_outlier": 0, "alapterulet_nm": 44.0, "korrigalt_alapterulet_nm": 46.5, "szobaszam_osszes": 2.0, "szobaszam_kategoria": "2 szoba", "allapot_kod": 5, "is_felujitando": 0, "is_ujszeru_vagy_uj": 1, "is_panel": 0, "is_tegla": 1, "has_lift": 1, "has_klima": 1, "has_erkely": 1, "is_foldszint": 0, "is_zaroszint": 0, "is_tetoter": 0, "epulet_kora_ev": 7.0, "geokodolt_lat": 47.4707485, "geokodolt_lon": 19.121164, "geokodolas_modszere": "cim_nominatim", "geokodolas_pontossag": "hazszam", "minta_garantalt_pontos": 1, "tavolsag_vasut_m": 568.7, "vasut_zona": "500-1000 m", "is_vasut_immisszio_150m": 0, "tavolsag_vasut_halozati_m": 692.0, "menetido_vasut_gyalog_perc": 9.2, "vasut_5p_seta": 0, "vasut_10p_seta": 1, "vasut_15p_seta": 1, "is_duplikalt_gyanus": 0, "varosresz": "Gyárdűlő", "title": "Nincs kép", "allapot": "újszerű", "ingatlan_altipus": "tegla-lakas", "epites_eve": 2019.0, "epites_eve_kategoria": "0-10 év (új)", "epites_eve_szoveg": "2019", "epites_eve_becsult": null, "erkely_nm": 5.0, "szobaszam_egesz": 2.0, "szobaszam_fel": 0.0, "atlagos_szobameret_nm": 23.25, "emelet": "2", "emelet_szam": 2.0, "epulet_szintjei_szam": 7.0, "is_magas_emelet_lift_nelkul": 0, "futes": "házközponti egyedi méréssel", "futes_kategoria": "kozponti", "has_tavfutes": 0, "has_konvektor": 0, "has_megujulo": 0, "has_garazs_vagy_beallo": 1, "energetikai_tanusitvany": "nincs megadva", "butorozott": "igen", "koltozheto": "azonnal", "min_berleti_ido": "12 hónap", "kertkapcsolatos": "nem", "kozos_koltseg_huf": 25700.0, "rezsikoltseg_huf": null, "kaucio_huf": null, "hirdeto_tipus": null, "iroda_neve": null, "leiras": "Magánszemélytől kiadó kisállatbarát, egyedi megjelenésű, 2 szobás lakás teremgarázs-beállóval – Metrodom Park (X. ker.) 260.000 Ft/hó + rezsi Akár azonnali költözéssel kiadó egy 44 m²-es, nappali + amerikai konyhás + külön nyíló hálószobás, második emeleti lakás 4,5 m2 erkéllyel a népszerű Metrodom Park lakóparkban. A lakás: Saját erkélyes Elektromos autó töltési lehetőséggel ellátott teremgarázs-beálló + havi 30.000 Ft+rezsi/hó Klíma Gépesített Bútorozott Egyedi kialakítás, és berendezés A lakás csendes. A lakóparkhoz saját bekerített park tartozik tűzrakóval, játszótérrel, baba-mama szoba, tetőtéri közösségi terasz és fitness terem is a lakók rendelkezésére áll. A házban portaszolgáltat üzemel, a lakás bútorozott és gépesített: konyhabútor (elektromos sütő és főzőlap, pára elszívó, hűtő), egyedi bútorok, fürdőszobabútor, légkondicionáló. Elektromos autó töltésére alkalmas teremgarázs hely. Az M3-as metró közelében, kiváló közlekedéssel. A lakás csendes, zöld övezetben lévő házban található, kiváló közlekedési adottságokkal rendelkezik. Pár perc sétával elérhető az M3-as metró Pöttyös utcai megállója, továbbá a 3-as villamos és a 99-es busz megállói • Fix közös költség: kb. 25.700 Ft/hó + beálló 5.700 Ft/hó • Áram + hideg- és melegvíz + szennyvíz: kb. 12 000 Ft/hó Költözhető igény esetén azonnal! Feltételek: • minimum 12 hónapos bérleti idő • 2 havi kaució • kisállat megbeszélés alapján, dohányzás nem megengedett • közjegyzői kiköltözési és fizetési kötelezettségvállaló nyilatkozat szükséges", "oldal_allapot": "hirdetes", "leiras_hossz": 1517.0, "fenykepek_szama": 6.0, "lat_portal": 47.470795, "lon_portal": 19.121189, "portal_pozicio_sugar_m": null, "price_eur": null, "nm_ar_eur": null, "kozos_koltseg_eur": null, "rezsikoltseg_eur": null, "kaucio_eur": null, "parkolas": "teremgarázs hely - bérelhető", "parkolohely_ara": 30000000.0, "parkolohelyek_szama": null, "pince": "nan", "napelem": "nan", "komfort": "duplakomfortos", "belmagassag_raw": "3 m-nél alacsonyabb", "akadalymentesitett": "igen", "furdo_wc": "külön helyiségben", "tajolas": "kelet", "kilatas": "utcai", "szigeteles": "van - 15 cm", "tetoter": "nem tetőtéri", "panelprogram": "nan", "gepesitett": "igen", "kisallat": "hozható", "dohanyzas": "nem megengedett", "atlag_gazfogyasztas": "nincs megadva", "atlag_aramfogyasztas": "nincs megadva", "tavolsag_metro_halozati_m": 499.5, "menetido_metro_gyalog_perc": 6.7, "metro_5p_seta": 0, "metro_10p_seta": 1, "metro_15p_seta": 1, "tavolsag_villamos_halozati_m": 621.3, "menetido_villamos_gyalog_perc": 8.3, "villamos_5p_seta": 0, "villamos_10p_seta": 1, "villamos_15p_seta": 1, "tavolsag_busz_halozati_m": 368.4, "menetido_busz_gyalog_perc": 4.9, "busz_5p_seta": 1, "busz_10p_seta": 1, "busz_15p_seta": 1, "tavolsag_kotottpalya_halozati_m": 499.5, "menetido_kotottpalya_gyalog_perc": 6.7, "kotottpalya_5p_seta": 0, "kotottpalya_10p_seta": 1, "kotottpalya_15p_seta": 1, "tavolsag_park_halozati_m": 111.2, "menetido_park_gyalog_perc": 1.5, "park_5p_seta": 1, "park_10p_seta": 1, "park_15p_seta": 1, "poi_5p_count": 8.0, "poi_10p_count": 35.0, "poi_15p_count": 103.0, "tavolsag_iskola_halozati_m": 1284.3, "iskola_5p_seta": 0, "iskola_10p_seta": 0, "iskola_15p_seta": 0, "tavolsag_ovoda_halozati_m": 262.1, "ovoda_5p_seta": 1, "ovoda_10p_seta": 1, "ovoda_15p_seta": 1, "tavolsag_bolt_halozati_m": 543.9, "bolt_5p_seta": 0, "bolt_10p_seta": 1, "bolt_15p_seta": 1, "tavolsag_gyogyszertar_halozati_m": 421.3, "gyogyszertar_5p_seta": 0, "gyogyszertar_10p_seta": 1, "gyogyszertar_15p_seta": 1, "tavolsag_orvos_halozati_m": 885.9, "orvos_5p_seta": 0, "orvos_10p_seta": 0, "orvos_15p_seta": 1, "legkozelebbi_vasut": "Pöttyös utca", "legkozelebbi_metro": "", "legkozelebbi_villamos": "Balkán utca", "legkozelebbi_busz": "Hizlaló tér", "legkozelebbi_park": "", "legkozelebbi_kotottpalya_tipus": "metro", "varosresz_geokodolt": "Gyárdűlő", "geokodolas_szolgaltato": "nominatim/photon", "felhasznalt_hazszam": 4.0, "legkozelebbi_iskola": "Kosztolányi Dezső Általános Iskola", "legkozelebbi_ovoda": "Kőbányai Gézengúz Óvoda", "legkozelebbi_bolt": "Somfa Büfé", "legkozelebbi_gyogyszertar": "Somfa patika", "legkozelebbi_orvos": "Rendelőintézet", "menetido_iskola_gyalog_perc": 17.1, "menetido_ovoda_gyalog_perc": 3.5, "menetido_bolt_gyalog_perc": 7.3, "menetido_gyogyszertar_gyalog_perc": 5.6, "menetido_orvos_gyalog_perc": 11.8 }, "geometry": { "type": "Point", "coordinates": [ 19.121164, 47.4707485 ] } },
{ "type": "Feature", "properties": { "listing_id": "35575455", "listing_type": "kiado", "ingatlan_tipus": "lakas", "cim_teljes": "Budapest X. kerület, Maglódi út 75.", "iranyitoszam": "1106", "varos": "Budapest", "utca": "Maglódi út", "hazszam": "75", "cim_forras": "strukturalt", "url": "https://ingatlan.com/x-ker/kiado+lakas/tegla-lakas/35575455", "gyujtes_datuma": "2026-10-08", "price_huf": 250000.0, "ar_millio_ft": 0.25, "ar_ezer_ft_ho": 250.0, "nm_ar_huf": 4237.2881355932204, "log_ar": 12.429216196844383, "log_nm_ar": 8.351678752938664, "is_ar_outlier": 0, "alapterulet_nm": 59.0, "korrigalt_alapterulet_nm": 60.0, "szobaszam_osszes": 2.0, "szobaszam_kategoria": "2 szoba", "allapot_kod": 4, "is_felujitando": 0, "is_ujszeru_vagy_uj": 0, "is_panel": 0, "is_tegla": 1, "has_lift": 0, "has_klima": 1, "has_erkely": 1, "is_foldszint": 0, "is_zaroszint": 0, "is_tetoter": 0, "epulet_kora_ev": null, "geokodolt_lat": 47.4801341, "geokodolt_lon": 19.1615472, "geokodolas_modszere": "cim_nominatim", "geokodolas_pontossag": "hazszam", "minta_garantalt_pontos": 1, "tavolsag_vasut_m": 1419.1, "vasut_zona": "1000-2000 m", "is_vasut_immisszio_150m": 0, "tavolsag_vasut_halozati_m": null, "menetido_vasut_gyalog_perc": null, "vasut_5p_seta": 0, "vasut_10p_seta": 0, "vasut_15p_seta": 0, "is_duplikalt_gyanus": 0, "varosresz": "Óhegy", "title": "Nincs kép", "allapot": "felújított", "ingatlan_altipus": "tegla-lakas", "epites_eve": null, "epites_eve_kategoria": "Ismeretlen", "epites_eve_szoveg": "nincs megadva", "epites_eve_becsult": null, "erkely_nm": 2.0, "szobaszam_egesz": 2.0, "szobaszam_fel": 0.0, "atlagos_szobameret_nm": 30.0, "emelet": "3", "emelet_szam": 3.0, "epulet_szintjei_szam": null, "is_magas_emelet_lift_nelkul": 1, "futes": "nincs megadva", "futes_kategoria": "egyeb", "has_tavfutes": 0, "has_konvektor": 0, "has_megujulo": 0, "has_garazs_vagy_beallo": 1, "energetikai_tanusitvany": "nincs megadva", "butorozott": "nincs megadva", "koltozheto": "nincs megadva", "min_berleti_ido": "12 hónap", "kertkapcsolatos": "nincs megadva", "kozos_koltseg_huf": null, "rezsikoltseg_huf": null, "kaucio_huf": null, "hirdeto_tipus": null, "iroda_neve": null, "leiras": "Kiadó világos, klímás lakás garázzsal Budapest X. kerületében Kiadó egy 59 m²-es, 3. emeleti, világos és jó elosztású lakás Budapest X. kerületében, a Maglódi úton, a Sörgyár utcai bejáratnál.** A lakás kellemes, napfényes, **klímával felszerelt**, így a nyári hónapokban is komfortos otthont biztosít. A 3. emeleti elhelyezkedésnek köszönhetően világos és kellemes hangulatú. A lakáshoz **garázs is tartozik**, ami nagy előnyt jelent azok számára, akik biztonságos, kényelmes parkolási lehetőséget keresnek. **Főbb adatok:** * Alapterület: 59 m² * 3. emelet * Világos, napfényes lakás * Klímával felszerelt * **Garázs tartozik hozzá** * Budapest X. kerület, Maglódi út * Bejárat a **Sörgyár utca felől** * Bérleti díj: **250 000 Ft/hó** * Közös költség: **21 400 Ft/hó** Ideális választás lehet annak, aki egy világos, kényelmes, klímás lakást keres garázzsal Budapest X. kerületében.** Érdeklődés és megtekintés egyeztetés alapján.", "oldal_allapot": "hirdetes", "leiras_hossz": 933.0, "fenykepek_szama": 6.0, "lat_portal": 47.48039, "lon_portal": 19.161282, "portal_pozicio_sugar_m": null, "price_eur": null, "nm_ar_eur": null, "kozos_koltseg_eur": null, "rezsikoltseg_eur": null, "kaucio_eur": null, "parkolas": "önálló garázs - benne van az árban", "parkolohely_ara": null, "parkolohelyek_szama": null, "pince": "nan", "napelem": "nan", "komfort": "nincs megadva", "belmagassag_raw": "nincs megadva", "akadalymentesitett": "nincs megadva", "furdo_wc": "nincs megadva", "tajolas": "nincs megadva", "kilatas": "nincs megadva", "szigeteles": "nincs megadva", "tetoter": "nincs megadva", "panelprogram": "nan", "gepesitett": "nincs megadva", "kisallat": "nincs megadva", "dohanyzas": "nincs megadva", "atlag_gazfogyasztas": "nincs megadva", "atlag_aramfogyasztas": "nincs megadva", "tavolsag_metro_halozati_m": null, "menetido_metro_gyalog_perc": null, "metro_5p_seta": 0, "metro_10p_seta": 0, "metro_15p_seta": 0, "tavolsag_villamos_halozati_m": null, "menetido_villamos_gyalog_perc": null, "villamos_5p_seta": 0, "villamos_10p_seta": 0, "villamos_15p_seta": 0, "tavolsag_busz_halozati_m": null, "menetido_busz_gyalog_perc": null, "busz_5p_seta": 0, "busz_10p_seta": 0, "busz_15p_seta": 0, "tavolsag_kotottpalya_halozati_m": null, "menetido_kotottpalya_gyalog_perc": null, "kotottpalya_5p_seta": 0, "kotottpalya_10p_seta": 0, "kotottpalya_15p_seta": 0, "tavolsag_park_halozati_m": null, "menetido_park_gyalog_perc": null, "park_5p_seta": 0, "park_10p_seta": 0, "park_15p_seta": 0, "poi_5p_count": null, "poi_10p_count": null, "poi_15p_count": null, "tavolsag_iskola_halozati_m": null, "iskola_5p_seta": 0, "iskola_10p_seta": 0, "iskola_15p_seta": 0, "tavolsag_ovoda_halozati_m": null, "ovoda_5p_seta": 0, "ovoda_10p_seta": 0, "ovoda_15p_seta": 0, "tavolsag_bolt_halozati_m": null, "bolt_5p_seta": 0, "bolt_10p_seta": 0, "bolt_15p_seta": 0, "tavolsag_gyogyszertar_halozati_m": null, "gyogyszertar_5p_seta": 0, "gyogyszertar_10p_seta": 0, "gyogyszertar_15p_seta": 0, "tavolsag_orvos_halozati_m": null, "orvos_5p_seta": 0, "orvos_10p_seta": 0, "orvos_15p_seta": 0, "legkozelebbi_vasut": "", "legkozelebbi_metro": "", "legkozelebbi_villamos": "", "legkozelebbi_busz": "", "legkozelebbi_park": "", "legkozelebbi_kotottpalya_tipus": "", "varosresz_geokodolt": "Óhegy", "geokodolas_szolgaltato": "nominatim/photon", "felhasznalt_hazszam": 75.0, "legkozelebbi_iskola": "", "legkozelebbi_ovoda": "", "legkozelebbi_bolt": "", "legkozelebbi_gyogyszertar": "", "legkozelebbi_orvos": "", "menetido_iskola_gyalog_perc": null, "menetido_ovoda_gyalog_perc": null, "menetido_bolt_gyalog_perc": null, "menetido_gyogyszertar_gyalog_perc": null, "menetido_orvos_gyalog_perc": null }, "geometry": { "type": "Point", "coordinates": [ 19.1615472, 47.4801341 ] } },
{ "type": "Feature", "properties": { "listing_id": "35575651", "listing_type": "kiado", "ingatlan_tipus": "lakas", "cim_teljes": "Budapest X. kerület, Gyakorló köz 5.", "iranyitoszam": "1106", "varos": "Budapest", "utca": "Gyakorló köz", "hazszam": "5", "cim_forras": "strukturalt", "url": "https://ingatlan.com/x-ker/kiado+lakas/panel-lakas/35575651", "gyujtes_datuma": "2026-10-08", "price_huf": 240000.0, "ar_millio_ft": 0.24, "ar_ezer_ft_ho": 240.0, "nm_ar_huf": 4528.3018867924529, "log_ar": 12.388394202324129, "log_nm_ar": 8.4181022887720065, "is_ar_outlier": 0, "alapterulet_nm": 53.0, "korrigalt_alapterulet_nm": 54.5, "szobaszam_osszes": 2.0, "szobaszam_kategoria": "2 szoba", "allapot_kod": 0, "is_felujitando": 0, "is_ujszeru_vagy_uj": 0, "is_panel": 1, "is_tegla": 0, "has_lift": 0, "has_klima": 0, "has_erkely": 1, "is_foldszint": 0, "is_zaroszint": 0, "is_tetoter": 0, "epulet_kora_ev": null, "geokodolt_lat": 47.5027838, "geokodolt_lon": 19.1420877, "geokodolas_modszere": "cim_nominatim", "geokodolas_pontossag": "hazszam", "minta_garantalt_pontos": 1, "tavolsag_vasut_m": 1083.0, "vasut_zona": "1000-2000 m", "is_vasut_immisszio_150m": 0, "tavolsag_vasut_halozati_m": null, "menetido_vasut_gyalog_perc": null, "vasut_5p_seta": 0, "vasut_10p_seta": 0, "vasut_15p_seta": 0, "is_duplikalt_gyanus": 0, "varosresz": "Felsőrákos", "title": "Nincs kép", "allapot": "nincs megadva", "ingatlan_altipus": "panel-lakas", "epites_eve": null, "epites_eve_kategoria": "Ismeretlen", "epites_eve_szoveg": "nincs megadva", "epites_eve_becsult": null, "erkely_nm": 3.0, "szobaszam_egesz": 2.0, "szobaszam_fel": 0.0, "atlagos_szobameret_nm": 27.25, "emelet": "nincs megadva", "emelet_szam": null, "epulet_szintjei_szam": null, "is_magas_emelet_lift_nelkul": 0, "futes": "nincs megadva", "futes_kategoria": "egyeb", "has_tavfutes": 0, "has_konvektor": 0, "has_megujulo": 0, "has_garazs_vagy_beallo": 0, "energetikai_tanusitvany": "nincs megadva", "butorozott": "nincs megadva", "koltozheto": "nincs megadva", "min_berleti_ido": "nincs megadva", "kertkapcsolatos": "nincs megadva", "kozos_koltseg_huf": null, "rezsikoltseg_huf": null, "kaucio_huf": null, "hirdeto_tipus": null, "iroda_neve": null, "leiras": "Kiadó egy 53 m2 -es 2 szobás plusz étkezős panel 9.emeleten elhelyezkedő napfényes lakás a 10. és 14. kerület határán az Örs Vezér terén. A lakás jellemzői és felszereltsége: alapterület: 53 m2 elrendezés: 2 szoba, ami egymással szemben helyezkedik el, ami között található az étkező rész + előszoba (beépített szekrénnyel) + konyha + fürdőszoba állapot: Felújított, hűtő-fűtő klímával ellátott, bútorozott és gépesített az ingatlan A társasház szigetelt, a lakás műanyag nyílászárókkal rendelkezik, így a rezsi télen is nagyon kedvező Környék és közlekedés: Csendes, kellemes környék sok zöldterülettel A lakás szomszédságában található: Árkád, Sugár, IKEA, Aldi, Spar Közelben a BGE Pénzügyi kar és a Metropolitan Egyetem Parkolás a ház előtt lehetséges, ami fizetős Kiváló BKK közlekedési lehetőségek: M2 metró, Hév-busz-troli és villamosmegálló a ház 10 perc sétatávolságon belül elérhető, éjszakai buszközlekedés kiváló Bérleti díj és költségek: bérleti díj: 240.000 Ft/hó + rezsi + közösköltség (19.610 Ft) kaució: 2 havi bérleti díj A beköltözés 2 havi kaució és az adott hó bérleti díj ellenében költözhető Bérlési feltételek: A lakás ideális választás egyedülállóknak, pároknak vagy egyetemistáknak A lakásban a dohányzás és a kisállattartás nem megengedett Érdeklődni privát üzenetben!", "oldal_allapot": "hirdetes", "leiras_hossz": 1295.0, "fenykepek_szama": 6.0, "lat_portal": 47.50283, "lon_portal": 19.142164, "portal_pozicio_sugar_m": null, "price_eur": null, "nm_ar_eur": null, "kozos_koltseg_eur": null, "rezsikoltseg_eur": null, "kaucio_eur": null, "parkolas": "nincs megadva", "parkolohely_ara": null, "parkolohelyek_szama": null, "pince": "nan", "napelem": "nan", "komfort": "nincs megadva", "belmagassag_raw": "nincs megadva", "akadalymentesitett": "nincs megadva", "furdo_wc": "nincs megadva", "tajolas": "nincs megadva", "kilatas": "nincs megadva", "szigeteles": "nincs megadva", "tetoter": "nincs megadva", "panelprogram": "nincs megadva", "gepesitett": "nincs megadva", "kisallat": "nincs megadva", "dohanyzas": "nincs megadva", "atlag_gazfogyasztas": "nincs megadva", "atlag_aramfogyasztas": "nincs megadva", "tavolsag_metro_halozati_m": null, "menetido_metro_gyalog_perc": null, "metro_5p_seta": 0, "metro_10p_seta": 0, "metro_15p_seta": 0, "tavolsag_villamos_halozati_m": null, "menetido_villamos_gyalog_perc": null, "villamos_5p_seta": 0, "villamos_10p_seta": 0, "villamos_15p_seta": 0, "tavolsag_busz_halozati_m": null, "menetido_busz_gyalog_perc": null, "busz_5p_seta": 0, "busz_10p_seta": 0, "busz_15p_seta": 0, "tavolsag_kotottpalya_halozati_m": null, "menetido_kotottpalya_gyalog_perc": null, "kotottpalya_5p_seta": 0, "kotottpalya_10p_seta": 0, "kotottpalya_15p_seta": 0, "tavolsag_park_halozati_m": null, "menetido_park_gyalog_perc": null, "park_5p_seta": 0, "park_10p_seta": 0, "park_15p_seta": 0, "poi_5p_count": null, "poi_10p_count": null, "poi_15p_count": null, "tavolsag_iskola_halozati_m": null, "iskola_5p_seta": 0, "iskola_10p_seta": 0, "iskola_15p_seta": 0, "tavolsag_ovoda_halozati_m": null, "ovoda_5p_seta": 0, "ovoda_10p_seta": 0, "ovoda_15p_seta": 0, "tavolsag_bolt_halozati_m": null, "bolt_5p_seta": 0, "bolt_10p_seta": 0, "bolt_15p_seta": 0, "tavolsag_gyogyszertar_halozati_m": null, "gyogyszertar_5p_seta": 0, "gyogyszertar_10p_seta": 0, "gyogyszertar_15p_seta": 0, "tavolsag_orvos_halozati_m": null, "orvos_5p_seta": 0, "orvos_10p_seta": 0, "orvos_15p_seta": 0, "legkozelebbi_vasut": "", "legkozelebbi_metro": "", "legkozelebbi_villamos": "", "legkozelebbi_busz": "", "legkozelebbi_park": "", "legkozelebbi_kotottpalya_tipus": "", "varosresz_geokodolt": "Felsőrákos", "geokodolas_szolgaltato": "nominatim/photon", "felhasznalt_hazszam": 5.0, "legkozelebbi_iskola": "", "legkozelebbi_ovoda": "", "legkozelebbi_bolt": "", "legkozelebbi_gyogyszertar": "", "legkozelebbi_orvos": "", "menetido_iskola_gyalog_perc": null, "menetido_ovoda_gyalog_perc": null, "menetido_bolt_gyalog_perc": null, "menetido_gyogyszertar_gyalog_perc": null, "menetido_orvos_gyalog_perc": null }, "geometry": { "type": "Point", "coordinates": [ 19.1420877, 47.5027838 ] } },
{ "type": "Feature", "properties": { "listing_id": "35576637", "listing_type": "kiado", "ingatlan_tipus": "raktar", "cim_teljes": "Budapest X. kerület, Maglódi út 25.", "iranyitoszam": "1106", "varos": "Budapest", "utca": "Maglódi út", "hazszam": "25", "cim_forras": "strukturalt", "url": "https://ingatlan.com/x-ker/kiado+raktar/raktarhelyiseg/35576637", "gyujtes_datuma": "2026-10-08", "price_huf": 2442000.0, "ar_millio_ft": 2.442, "ar_ezer_ft_ho": 2442.0, "nm_ar_huf": 2442.0, "log_ar": 14.708327933652788, "log_nm_ar": 7.80057265467065, "is_ar_outlier": 0, "alapterulet_nm": 1000.0, "korrigalt_alapterulet_nm": 1000.0, "szobaszam_osszes": null, "szobaszam_kategoria": null, "allapot_kod": 0, "is_felujitando": 0, "is_ujszeru_vagy_uj": 0, "is_panel": 0, "is_tegla": 0, "has_lift": 1, "has_klima": 1, "has_erkely": 0, "is_foldszint": 0, "is_zaroszint": 0, "is_tetoter": 0, "epulet_kora_ev": null, "geokodolt_lat": 47.4852, "geokodolt_lon": 19.1546, "geokodolas_modszere": "cim_nominatim", "geokodolas_pontossag": "hazszam", "minta_garantalt_pontos": 1, "tavolsag_vasut_m": 757.0, "vasut_zona": "500-1000 m", "is_vasut_immisszio_150m": 0, "tavolsag_vasut_halozati_m": null, "menetido_vasut_gyalog_perc": null, "vasut_5p_seta": 0, "vasut_10p_seta": 0, "vasut_15p_seta": 0, "is_duplikalt_gyanus": 0, "varosresz": "Óhegy", "title": "Nincs kép", "allapot": "nan", "ingatlan_altipus": "raktarhelyiseg", "epites_eve": null, "epites_eve_kategoria": "Ismeretlen", "epites_eve_szoveg": "nan", "epites_eve_becsult": null, "erkely_nm": null, "szobaszam_egesz": null, "szobaszam_fel": null, "atlagos_szobameret_nm": null, "emelet": "nincs megadva", "emelet_szam": null, "epulet_szintjei_szam": null, "is_magas_emelet_lift_nelkul": 0, "futes": "nan", "futes_kategoria": "egyeb", "has_tavfutes": 0, "has_konvektor": 0, "has_megujulo": 0, "has_garazs_vagy_beallo": 0, "energetikai_tanusitvany": "nincs megadva", "butorozott": "nan", "koltozheto": "nincs megadva", "min_berleti_ido": "nincs megadva", "kertkapcsolatos": "nan", "kozos_koltseg_huf": null, "rezsikoltseg_huf": null, "kaucio_huf": null, "hirdeto_tipus": null, "iroda_neve": null, "leiras": "X. kerületben földszinti 1 200 m2 es raktár kiadó. Vizes helyiség van. Áram és vízfogyasztás mérés almérőkkel történik. A területen 24 órás portaszolgálat működik, kamionnal is megközelíthető. Bérleti díj: 1 485,- Ft + Áfa / m2 / hó Közös költség: 550,- Ft + Áfa / m2 / hó 2 havi kaució fizetése szükséges. Kérésre küldünk képeket.", "oldal_allapot": "hirdetes", "leiras_hossz": 331.0, "fenykepek_szama": null, "lat_portal": 47.485282, "lon_portal": 19.154119, "portal_pozicio_sugar_m": null, "price_eur": null, "nm_ar_eur": null, "kozos_koltseg_eur": null, "rezsikoltseg_eur": null, "kaucio_eur": null, "parkolas": "nan", "parkolohely_ara": null, "parkolohelyek_szama": null, "pince": "nan", "napelem": "nan", "komfort": "nan", "belmagassag_raw": "nan", "akadalymentesitett": "nan", "furdo_wc": "nan", "tajolas": "nan", "kilatas": "nan", "szigeteles": "nan", "tetoter": "nan", "panelprogram": "nan", "gepesitett": "nan", "kisallat": "nan", "dohanyzas": "nan", "atlag_gazfogyasztas": "nan", "atlag_aramfogyasztas": "nan", "tavolsag_metro_halozati_m": null, "menetido_metro_gyalog_perc": null, "metro_5p_seta": 0, "metro_10p_seta": 0, "metro_15p_seta": 0, "tavolsag_villamos_halozati_m": 1503.3, "menetido_villamos_gyalog_perc": 20.0, "villamos_5p_seta": 0, "villamos_10p_seta": 0, "villamos_15p_seta": 0, "tavolsag_busz_halozati_m": 577.1, "menetido_busz_gyalog_perc": 7.7, "busz_5p_seta": 0, "busz_10p_seta": 1, "busz_15p_seta": 1, "tavolsag_kotottpalya_halozati_m": 1503.3, "menetido_kotottpalya_gyalog_perc": 20.0, "kotottpalya_5p_seta": 0, "kotottpalya_10p_seta": 0, "kotottpalya_15p_seta": 0, "tavolsag_park_halozati_m": 1029.7, "menetido_park_gyalog_perc": 13.7, "park_5p_seta": 0, "park_10p_seta": 0, "park_15p_seta": 1, "poi_5p_count": 0.0, "poi_10p_count": 1.0, "poi_15p_count": 7.0, "tavolsag_iskola_halozati_m": 1659.4, "iskola_5p_seta": 0, "iskola_10p_seta": 0, "iskola_15p_seta": 0, "tavolsag_ovoda_halozati_m": 1837.7, "ovoda_5p_seta": 0, "ovoda_10p_seta": 0, "ovoda_15p_seta": 0, "tavolsag_bolt_halozati_m": 1082.0, "bolt_5p_seta": 0, "bolt_10p_seta": 0, "bolt_15p_seta": 1, "tavolsag_gyogyszertar_halozati_m": 1777.8, "gyogyszertar_5p_seta": 0, "gyogyszertar_10p_seta": 0, "gyogyszertar_15p_seta": 0, "tavolsag_orvos_halozati_m": null, "orvos_5p_seta": 0, "orvos_10p_seta": 0, "orvos_15p_seta": 0, "legkozelebbi_vasut": "", "legkozelebbi_metro": "", "legkozelebbi_villamos": "Jászberényi út / Maglódi út", "legkozelebbi_busz": "Mádi köz", "legkozelebbi_park": "", "legkozelebbi_kotottpalya_tipus": "villamos", "varosresz_geokodolt": "Óhegy", "geokodolas_szolgaltato": "nominatim/photon", "felhasznalt_hazszam": 25.0, "legkozelebbi_iskola": "Janikovszky Éva Általános Iskola", "legkozelebbi_ovoda": "Apró csodák Bölcsőde", "legkozelebbi_bolt": "", "legkozelebbi_gyogyszertar": "Harmat Patika", "legkozelebbi_orvos": "", "menetido_iskola_gyalog_perc": 22.1, "menetido_ovoda_gyalog_perc": 24.5, "menetido_bolt_gyalog_perc": 14.4, "menetido_gyogyszertar_gyalog_perc": 23.7, "menetido_orvos_gyalog_perc": null }, "geometry": { "type": "Point", "coordinates": [ 19.1546, 47.4852 ] } },
{ "type": "Feature", "properties": { "listing_id": "35577196", "listing_type": "kiado", "ingatlan_tipus": "garazs", "cim_teljes": "Budapest X. kerület, Gyógyszergyári utca 6.", "iranyitoszam": "1106", "varos": "Budapest", "utca": "Gyógyszergyári utca", "hazszam": "6", "cim_forras": "strukturalt", "url": "https://ingatlan.com/x-ker/kiado+garazs/teremgarazs-hely/35577196", "gyujtes_datuma": "2026-10-08", "price_huf": 30000.0, "ar_millio_ft": 0.03, "ar_ezer_ft_ho": 30.0, "nm_ar_huf": 2142.8571428571427, "log_ar": 10.308952660644293, "log_nm_ar": 7.6698953310290339, "is_ar_outlier": 1, "alapterulet_nm": 14.0, "korrigalt_alapterulet_nm": 14.0, "szobaszam_osszes": null, "szobaszam_kategoria": null, "allapot_kod": 6, "is_felujitando": 0, "is_ujszeru_vagy_uj": 1, "is_panel": 0, "is_tegla": 0, "has_lift": 1, "has_klima": 1, "has_erkely": 0, "is_foldszint": 0, "is_zaroszint": 0, "is_tetoter": 0, "epulet_kora_ev": 0.0, "geokodolt_lat": 47.4981391, "geokodolt_lon": 19.1407571, "geokodolas_modszere": "cim_nominatim", "geokodolas_pontossag": "hazszam", "minta_garantalt_pontos": 1, "tavolsag_vasut_m": 590.2, "vasut_zona": "500-1000 m", "is_vasut_immisszio_150m": 0, "tavolsag_vasut_halozati_m": 1352.6, "menetido_vasut_gyalog_perc": 18.0, "vasut_5p_seta": 0, "vasut_10p_seta": 0, "vasut_15p_seta": 0, "is_duplikalt_gyanus": 0, "varosresz": "Felsőrákos", "title": "Nincs kép", "allapot": "új építésű", "ingatlan_altipus": "teremgarazs-hely", "epites_eve": 2026.0, "epites_eve_kategoria": "0-10 év (új)", "epites_eve_szoveg": "2026", "epites_eve_becsult": null, "erkely_nm": null, "szobaszam_egesz": null, "szobaszam_fel": null, "atlagos_szobameret_nm": null, "emelet": "nan", "emelet_szam": null, "epulet_szintjei_szam": null, "is_magas_emelet_lift_nelkul": 0, "futes": "nan", "futes_kategoria": "egyeb", "has_tavfutes": 0, "has_konvektor": 0, "has_megujulo": 0, "has_garazs_vagy_beallo": 0, "energetikai_tanusitvany": "nan", "butorozott": "nan", "koltozheto": "azonnal", "min_berleti_ido": "nincs megadva", "kertkapcsolatos": "nan", "kozos_koltseg_huf": null, "rezsikoltseg_huf": null, "kaucio_huf": null, "hirdeto_tipus": null, "iroda_neve": null, "leiras": "A Kincsem Lakóparkban (Budapest, X., Gyógyszergyári utca 6. sz.) kiadó egy 14 nm alapterületű parkolóhely. A pinceszinti teremgarázsban, nem a nyitott földszinti parkolóban. Egyik oldalon fal mellett, kényelmesen parkolható. Azonnal bérbe vehető. Bérleti díja 30e Ft, amely tartalmazza a közös költséget is!", "oldal_allapot": "hirdetes", "leiras_hossz": 307.0, "fenykepek_szama": 4.0, "lat_portal": 47.497833, "lon_portal": 19.141041, "portal_pozicio_sugar_m": null, "price_eur": null, "nm_ar_eur": null, "kozos_koltseg_eur": null, "rezsikoltseg_eur": null, "kaucio_eur": null, "parkolas": "nan", "parkolohely_ara": null, "parkolohelyek_szama": 1.0, "pince": "nan", "napelem": "nan", "komfort": "nan", "belmagassag_raw": "nan", "akadalymentesitett": "nan", "furdo_wc": "nan", "tajolas": "nan", "kilatas": "nan", "szigeteles": "nan", "tetoter": "nan", "panelprogram": "nan", "gepesitett": "nan", "kisallat": "nan", "dohanyzas": "nan", "atlag_gazfogyasztas": "nan", "atlag_aramfogyasztas": "nan", "tavolsag_metro_halozati_m": null, "menetido_metro_gyalog_perc": null, "metro_5p_seta": 0, "metro_10p_seta": 0, "metro_15p_seta": 0, "tavolsag_villamos_halozati_m": 772.2, "menetido_villamos_gyalog_perc": 10.3, "villamos_5p_seta": 0, "villamos_10p_seta": 0, "villamos_15p_seta": 1, "tavolsag_busz_halozati_m": 620.4, "menetido_busz_gyalog_perc": 8.3, "busz_5p_seta": 0, "busz_10p_seta": 1, "busz_15p_seta": 1, "tavolsag_kotottpalya_halozati_m": 772.2, "menetido_kotottpalya_gyalog_perc": 10.3, "kotottpalya_5p_seta": 0, "kotottpalya_10p_seta": 0, "kotottpalya_15p_seta": 1, "tavolsag_park_halozati_m": 1429.5, "menetido_park_gyalog_perc": 19.1, "park_5p_seta": 0, "park_10p_seta": 0, "park_15p_seta": 0, "poi_5p_count": 0.0, "poi_10p_count": 1.0, "poi_15p_count": 6.0, "tavolsag_iskola_halozati_m": null, "iskola_5p_seta": 0, "iskola_10p_seta": 0, "iskola_15p_seta": 0, "tavolsag_ovoda_halozati_m": 1751.6, "ovoda_5p_seta": 0, "ovoda_10p_seta": 0, "ovoda_15p_seta": 0, "tavolsag_bolt_halozati_m": 2027.2, "bolt_5p_seta": 0, "bolt_10p_seta": 0, "bolt_15p_seta": 0, "tavolsag_gyogyszertar_halozati_m": 1516.0, "gyogyszertar_5p_seta": 0, "gyogyszertar_10p_seta": 0, "gyogyszertar_15p_seta": 0, "tavolsag_orvos_halozati_m": null, "orvos_5p_seta": 0, "orvos_10p_seta": 0, "orvos_15p_seta": 0, "legkozelebbi_vasut": "Kőbánya felső", "legkozelebbi_metro": "", "legkozelebbi_villamos": "Terebesi utca", "legkozelebbi_busz": "Albertirsai köz", "legkozelebbi_park": "Sajó Sándor tér", "legkozelebbi_kotottpalya_tipus": "villamos", "varosresz_geokodolt": "Felsőrákos", "geokodolas_szolgaltato": "nominatim/photon", "felhasznalt_hazszam": 6.0, "legkozelebbi_iskola": "", "legkozelebbi_ovoda": "Apró csodák Bölcsőde", "legkozelebbi_bolt": "", "legkozelebbi_gyogyszertar": "Harmat Patika", "legkozelebbi_orvos": "", "menetido_iskola_gyalog_perc": null, "menetido_ovoda_gyalog_perc": 23.4, "menetido_bolt_gyalog_perc": 27.0, "menetido_gyogyszertar_gyalog_perc": 20.2, "menetido_orvos_gyalog_perc": null }, "geometry": { "type": "Point", "coordinates": [ 19.1407571, 47.4981391 ] } },
{ "type": "Feature", "properties": { "listing_id": "35578446", "listing_type": "kiado", "ingatlan_tipus": "lakas", "cim_teljes": "Budapest X. kerület, Gyógyszergyári utca 10.", "iranyitoszam": "1106", "varos": "Budapest", "utca": "Gyógyszergyári utca", "hazszam": "10", "cim_forras": "strukturalt", "url": "https://ingatlan.com/x-ker/kiado+lakas/tegla-lakas/35578446", "gyujtes_datuma": "2026-10-08", "price_huf": 245000.0, "ar_millio_ft": 0.245, "ar_ezer_ft_ho": 245.0, "nm_ar_huf": 6805.5555555555557, "log_ar": 12.409013489526863, "log_nm_ar": 8.8254945510707543, "is_ar_outlier": 0, "alapterulet_nm": 36.0, "korrigalt_alapterulet_nm": 41.5, "szobaszam_osszes": 1.0, "szobaszam_kategoria": "1 szoba", "allapot_kod": 6, "is_felujitando": 0, "is_ujszeru_vagy_uj": 1, "is_panel": 0, "is_tegla": 1, "has_lift": 1, "has_klima": 1, "has_erkely": 1, "is_foldszint": 0, "is_zaroszint": 0, "is_tetoter": 0, "epulet_kora_ev": 0.0, "geokodolt_lat": 47.4984644, "geokodolt_lon": 19.1435834, "geokodolas_modszere": "cim_nominatim", "geokodolas_pontossag": "hazszam", "minta_garantalt_pontos": 1, "tavolsag_vasut_m": 598.2, "vasut_zona": "500-1000 m", "is_vasut_immisszio_150m": 0, "tavolsag_vasut_halozati_m": 1496.4, "menetido_vasut_gyalog_perc": 20.0, "vasut_5p_seta": 0, "vasut_10p_seta": 0, "vasut_15p_seta": 0, "is_duplikalt_gyanus": 0, "varosresz": "Felsőrákos", "title": "Ingatlan kép", "allapot": "új építésű", "ingatlan_altipus": "tegla-lakas", "epites_eve": 2026.0, "epites_eve_kategoria": "0-10 év (új)", "epites_eve_szoveg": "2026", "epites_eve_becsult": null, "erkely_nm": 11.0, "szobaszam_egesz": 1.0, "szobaszam_fel": 0.0, "atlagos_szobameret_nm": 41.5, "emelet": "1", "emelet_szam": 1.0, "epulet_szintjei_szam": 8.0, "is_magas_emelet_lift_nelkul": 0, "futes": "távfűtés", "futes_kategoria": "tavfutes", "has_tavfutes": 1, "has_konvektor": 0, "has_megujulo": 0, "has_garazs_vagy_beallo": 1, "energetikai_tanusitvany": "nincs megadva", "butorozott": "igen", "koltozheto": "azonnal", "min_berleti_ido": "12 hónap", "kertkapcsolatos": "nincs megadva", "kozos_koltseg_huf": 35000.0, "rezsikoltseg_huf": 5000.0, "kaucio_huf": null, "hirdeto_tipus": null, "iroda_neve": null, "leiras": "KIADÓ ÚJ ÉPÍTÉSŰ LAKÁS – Első lakó részére Budapest X. kerület, Gyógyszergyári utca – Kincsem Lakópark Hosszú távra kiadó egy 36 m²-es, első emeleti, igényesen berendezett, újszerű lakás, amelyhez egy 11 m²-es saját terasz is tartozik. A lakás modern, letisztult kialakítású, a berendezésnél a minőségre, a kényelemre és a praktikus helykihasználásra helyeztük a hangsúlyt. A LAKÁS FŐBB JELLEMZŐI * 36 m² lakótér * 11 m²-es terasz * első emeleti elhelyezkedés * új építésű, modern társasház * teljes körűen gépesített * egyedileg tervezett, prémium konyhabútor * praktikus, nagy méretű gardrób * IKEA és Mömax bútorok KIVÁLÓ KÖZLEKEDÉS A lakás elhelyezkedése tömegközlekedési szempontból is rendkívül kedvező. A közelben található Örs vezér tere, ahonnan az M2-es metróval gyorsan elérhető Budapest belvárosa. A környéken több buszjárat, valamint a 3-as villamos is közlekedik; a villamos közvetlen kapcsolatot biztosít az M2-es metróhoz. A környéken többek között a 32-es és 85-ös buszjáratok, valamint további busz-, villamos- és trolijáratok is elérhetők. BEVÁSÁRLÁS, SZOLGÁLTATÁSOK A lakás egyik nagy előnye, hogy a közelben számos bevásárlási lehetőség található. Rövid távolságra van az Árkád Budapest, valamint a Sugár és az IKEA is. A környéken élelmiszerüzletek, éttermek, szolgáltatások, mozi, edzőtermek és egyéb lehetőségek is könnyen elérhetők. PARKOLÁS A lakáshoz parkolóhely bérlése opcionálisan elérhető, amelynek díja: 25 000 Ft / hó BÉRLETI FELTÉTELEK * minimum 1 éves bérleti szerződés * 2 havi kaució * 1 havi bérleti díj előre * opcionális parkolóhely: 25 000 Ft / hó * háziállat nem megengedett * dohányzás a lakásban nem megengedett * hosszú távra, megbízható és igényes bérlő részére kiadó A lakás azoknak ideális, akik új építésű, modern és igényesen berendezett otthont keresnek kiváló tömegközlekedési és bevásárlási lehetőségekkel, ugyanakkor fontos számukra a saját, nagy méretű terasz és az esetlegesen kényelmes parkolás is. Megtekintés előre egyeztetett időpontban.", "oldal_allapot": "hirdetes", "leiras_hossz": 1997.0, "fenykepek_szama": 6.0, "lat_portal": 47.497327, "lon_portal": 19.139864, "portal_pozicio_sugar_m": null, "price_eur": null, "nm_ar_eur": null, "kozos_koltseg_eur": null, "rezsikoltseg_eur": null, "kaucio_eur": null, "parkolas": "teremgarázs hely - bérelhető", "parkolohely_ara": null, "parkolohelyek_szama": null, "pince": "nan", "napelem": "nan", "komfort": "nincs megadva", "belmagassag_raw": "nincs megadva", "akadalymentesitett": "nincs megadva", "furdo_wc": "nincs megadva", "tajolas": "nincs megadva", "kilatas": "nincs megadva", "szigeteles": "van - 15 cm", "tetoter": "nincs megadva", "panelprogram": "nan", "gepesitett": "igen", "kisallat": "nem hozható", "dohanyzas": "nem megengedett", "atlag_gazfogyasztas": "Nincs gáz bekötve az ingatlanba", "atlag_aramfogyasztas": "150 kWh/hó", "tavolsag_metro_halozati_m": null, "menetido_metro_gyalog_perc": null, "metro_5p_seta": 0, "metro_10p_seta": 0, "metro_15p_seta": 0, "tavolsag_villamos_halozati_m": 597.9, "menetido_villamos_gyalog_perc": 8.0, "villamos_5p_seta": 0, "villamos_10p_seta": 1, "villamos_15p_seta": 1, "tavolsag_busz_halozati_m": 620.2, "menetido_busz_gyalog_perc": 8.3, "busz_5p_seta": 0, "busz_10p_seta": 1, "busz_15p_seta": 1, "tavolsag_kotottpalya_halozati_m": 597.9, "menetido_kotottpalya_gyalog_perc": 8.0, "kotottpalya_5p_seta": 0, "kotottpalya_10p_seta": 1, "kotottpalya_15p_seta": 1, "tavolsag_park_halozati_m": 1251.0, "menetido_park_gyalog_perc": 16.7, "park_5p_seta": 0, "park_10p_seta": 0, "park_15p_seta": 0, "poi_5p_count": 0.0, "poi_10p_count": 4.0, "poi_15p_count": 18.0, "tavolsag_iskola_halozati_m": null, "iskola_5p_seta": 0, "iskola_10p_seta": 0, "iskola_15p_seta": 0, "tavolsag_ovoda_halozati_m": 1560.7, "ovoda_5p_seta": 0, "ovoda_10p_seta": 0, "ovoda_15p_seta": 0, "tavolsag_bolt_halozati_m": 1836.3, "bolt_5p_seta": 0, "bolt_10p_seta": 0, "bolt_15p_seta": 0, "tavolsag_gyogyszertar_halozati_m": 1325.1, "gyogyszertar_5p_seta": 0, "gyogyszertar_10p_seta": 0, "gyogyszertar_15p_seta": 0, "tavolsag_orvos_halozati_m": null, "orvos_5p_seta": 0, "orvos_10p_seta": 0, "orvos_15p_seta": 0, "legkozelebbi_vasut": "Kőbánya felső", "legkozelebbi_metro": "", "legkozelebbi_villamos": "Terebesi utca", "legkozelebbi_busz": "Terebesi utca", "legkozelebbi_park": "", "legkozelebbi_kotottpalya_tipus": "villamos", "varosresz_geokodolt": "Felsőrákos", "geokodolas_szolgaltato": "nominatim/photon", "felhasznalt_hazszam": 10.0, "legkozelebbi_iskola": "", "legkozelebbi_ovoda": "Apró csodák Bölcsőde", "legkozelebbi_bolt": "", "legkozelebbi_gyogyszertar": "Harmat Patika", "legkozelebbi_orvos": "", "menetido_iskola_gyalog_perc": null, "menetido_ovoda_gyalog_perc": 20.8, "menetido_bolt_gyalog_perc": 24.5, "menetido_gyogyszertar_gyalog_perc": 17.7, "menetido_orvos_gyalog_perc": null }, "geometry": { "type": "Point", "coordinates": [ 19.1435834, 47.4984644 ] } },
{ "type": "Feature", "properties": { "listing_id": "35582920", "listing_type": "kiado", "ingatlan_tipus": "ipari", "cim_teljes": "Budapest X. kerület, Vasgyár utca 5.", "iranyitoszam": "1103", "varos": "Budapest", "utca": "Vasgyár utca", "hazszam": "5", "cim_forras": "strukturalt", "url": "https://ingatlan.com/x-ker/kiado+ipari/telephely/35582920", "gyujtes_datuma": "2026-10-08", "price_huf": 3000000.0, "ar_millio_ft": 3.0, "ar_ezer_ft_ho": 3000.0, "nm_ar_huf": 1875.0, "log_ar": 14.914122846632385, "log_nm_ar": 7.5363639384045111, "is_ar_outlier": 1, "alapterulet_nm": 1600.0, "korrigalt_alapterulet_nm": 1600.0, "szobaszam_osszes": null, "szobaszam_kategoria": null, "allapot_kod": 0, "is_felujitando": 0, "is_ujszeru_vagy_uj": 0, "is_panel": 0, "is_tegla": 0, "has_lift": 1, "has_klima": 1, "has_erkely": 0, "is_foldszint": 0, "is_zaroszint": 0, "is_tetoter": 0, "epulet_kora_ev": null, "geokodolt_lat": 47.4671291, "geokodolt_lon": 19.1464439, "geokodolas_modszere": "cim_nominatim", "geokodolas_pontossag": "hazszam", "minta_garantalt_pontos": 1, "tavolsag_vasut_m": 207.8, "vasut_zona": "150-300 m", "is_vasut_immisszio_150m": 0, "tavolsag_vasut_halozati_m": 2260.2, "menetido_vasut_gyalog_perc": 30.1, "vasut_5p_seta": 0, "vasut_10p_seta": 0, "vasut_15p_seta": 0, "is_duplikalt_gyanus": 0, "varosresz": "Óhegy", "title": "Nincs kép", "allapot": "nan", "ingatlan_altipus": "telephely", "epites_eve": null, "epites_eve_kategoria": "Ismeretlen", "epites_eve_szoveg": "nan", "epites_eve_becsult": null, "erkely_nm": null, "szobaszam_egesz": null, "szobaszam_fel": null, "atlagos_szobameret_nm": null, "emelet": "nan", "emelet_szam": null, "epulet_szintjei_szam": null, "is_magas_emelet_lift_nelkul": 0, "futes": "nan", "futes_kategoria": "egyeb", "has_tavfutes": 0, "has_konvektor": 0, "has_megujulo": 0, "has_garazs_vagy_beallo": 0, "energetikai_tanusitvany": "B", "butorozott": "nan", "koltozheto": "2026. december", "min_berleti_ido": "60 hónap", "kertkapcsolatos": "nan", "kozos_koltseg_huf": null, "rezsikoltseg_huf": null, "kaucio_huf": null, "hirdeto_tipus": null, "iroda_neve": null, "leiras": "KIADÓ 1600 m2-es daruzható csarnok, irodával, szociális helységekkel ( öltöző, zuhanyzó, étkező ). csarnokon belűl 200 m2 leválasztott műhely, ipari áram, víz-gáz-csatprna. Hozzá tartozó 1800 m2 saját szabad terület.Közevtelenűl tulajdonostól.", "oldal_allapot": "hirdetes", "leiras_hossz": 243.0, "fenykepek_szama": null, "lat_portal": 47.466539, "lon_portal": 19.145793, "portal_pozicio_sugar_m": null, "price_eur": null, "nm_ar_eur": null, "kozos_koltseg_eur": null, "rezsikoltseg_eur": null, "kaucio_eur": null, "parkolas": "nan", "parkolohely_ara": null, "parkolohelyek_szama": null, "pince": "nan", "napelem": "nan", "komfort": "nan", "belmagassag_raw": "nan", "akadalymentesitett": "nan", "furdo_wc": "nan", "tajolas": "nan", "kilatas": "nan", "szigeteles": "nan", "tetoter": "nan", "panelprogram": "nan", "gepesitett": "nan", "kisallat": "nan", "dohanyzas": "nan", "atlag_gazfogyasztas": "nan", "atlag_aramfogyasztas": "nan", "tavolsag_metro_halozati_m": 2260.2, "menetido_metro_gyalog_perc": 30.1, "metro_5p_seta": 0, "metro_10p_seta": 0, "metro_15p_seta": 0, "tavolsag_villamos_halozati_m": null, "menetido_villamos_gyalog_perc": null, "villamos_5p_seta": 0, "villamos_10p_seta": 0, "villamos_15p_seta": 0, "tavolsag_busz_halozati_m": 256.2, "menetido_busz_gyalog_perc": 3.4, "busz_5p_seta": 1, "busz_10p_seta": 1, "busz_15p_seta": 1, "tavolsag_kotottpalya_halozati_m": 2260.2, "menetido_kotottpalya_gyalog_perc": 30.1, "kotottpalya_5p_seta": 0, "kotottpalya_10p_seta": 0, "kotottpalya_15p_seta": 0, "tavolsag_park_halozati_m": 875.1, "menetido_park_gyalog_perc": 11.7, "park_5p_seta": 0, "park_10p_seta": 0, "park_15p_seta": 1, "poi_5p_count": 2.0, "poi_10p_count": 9.0, "poi_15p_count": 21.0, "tavolsag_iskola_halozati_m": null, "iskola_5p_seta": 0, "iskola_10p_seta": 0, "iskola_15p_seta": 0, "tavolsag_ovoda_halozati_m": null, "ovoda_5p_seta": 0, "ovoda_10p_seta": 0, "ovoda_15p_seta": 0, "tavolsag_bolt_halozati_m": 424.8, "bolt_5p_seta": 0, "bolt_10p_seta": 1, "bolt_15p_seta": 1, "tavolsag_gyogyszertar_halozati_m": 1546.2, "gyogyszertar_5p_seta": 0, "gyogyszertar_10p_seta": 0, "gyogyszertar_15p_seta": 0, "tavolsag_orvos_halozati_m": null, "orvos_5p_seta": 0, "orvos_10p_seta": 0, "orvos_15p_seta": 0, "legkozelebbi_vasut": "Határ út", "legkozelebbi_metro": "Határ út", "legkozelebbi_villamos": "", "legkozelebbi_busz": "Vasgyár utca", "legkozelebbi_park": "", "legkozelebbi_kotottpalya_tipus": "vasut", "varosresz_geokodolt": "Óhegy", "geokodolas_szolgaltato": "nominatim/photon", "felhasznalt_hazszam": 5.0, "legkozelebbi_iskola": "", "legkozelebbi_ovoda": "", "legkozelebbi_bolt": "Despar", "legkozelebbi_gyogyszertar": "Szent Katalin Gyógyszertár", "legkozelebbi_orvos": "", "menetido_iskola_gyalog_perc": null, "menetido_ovoda_gyalog_perc": null, "menetido_bolt_gyalog_perc": 5.7, "menetido_gyogyszertar_gyalog_perc": 20.6, "menetido_orvos_gyalog_perc": null }, "geometry": { "type": "Point", "coordinates": [ 19.1464439, 47.4671291 ] } },
{ "type": "Feature", "properties": { "listing_id": "35588704", "listing_type": "kiado", "ingatlan_tipus": "haz", "cim_teljes": "Budapest X. kerület, Alkér utca 33.", "iranyitoszam": "1104", "varos": "Budapest", "utca": "Alkér utca", "hazszam": "33", "cim_forras": "strukturalt", "url": "https://ingatlan.com/x-ker/kiado+haz/sorhaz/35588704", "gyujtes_datuma": "2026-10-08", "price_huf": 169000.0, "ar_millio_ft": 0.169, "ar_ezer_ft_ho": 169.0, "nm_ar_huf": 5633.333333333333, "log_ar": 12.037653993905211, "log_nm_ar": 8.6364566122430553, "is_ar_outlier": 0, "alapterulet_nm": 30.0, "korrigalt_alapterulet_nm": 30.0, "szobaszam_osszes": 1.0, "szobaszam_kategoria": "1 szoba", "allapot_kod": 0, "is_felujitando": 0, "is_ujszeru_vagy_uj": 0, "is_panel": 0, "is_tegla": 0, "has_lift": 1, "has_klima": 0, "has_erkely": 0, "is_foldszint": 0, "is_zaroszint": 0, "is_tetoter": 0, "epulet_kora_ev": null, "geokodolt_lat": 47.4783434, "geokodolt_lon": 19.1576746, "geokodolas_modszere": "cim_nominatim", "geokodolas_pontossag": "hazszam", "minta_garantalt_pontos": 1, "tavolsag_vasut_m": 1540.7, "vasut_zona": "1000-2000 m", "is_vasut_immisszio_150m": 0, "tavolsag_vasut_halozati_m": null, "menetido_vasut_gyalog_perc": null, "vasut_5p_seta": 0, "vasut_10p_seta": 0, "vasut_15p_seta": 0, "is_duplikalt_gyanus": 0, "varosresz": "Óhegy", "title": "Nincs kép", "allapot": "nincs megadva", "ingatlan_altipus": "sorhaz", "epites_eve": null, "epites_eve_kategoria": "Ismeretlen", "epites_eve_szoveg": "nincs megadva", "epites_eve_becsult": null, "erkely_nm": null, "szobaszam_egesz": 1.0, "szobaszam_fel": 0.0, "atlagos_szobameret_nm": 30.0, "emelet": "nan", "emelet_szam": null, "epulet_szintjei_szam": null, "is_magas_emelet_lift_nelkul": 0, "futes": "nincs megadva", "futes_kategoria": "egyeb", "has_tavfutes": 0, "has_konvektor": 0, "has_megujulo": 0, "has_garazs_vagy_beallo": 0, "energetikai_tanusitvany": "nincs megadva", "butorozott": "nincs megadva", "koltozheto": "nincs megadva", "min_berleti_ido": "nincs megadva", "kertkapcsolatos": "nan", "kozos_koltseg_huf": null, "rezsikoltseg_huf": null, "kaucio_huf": null, "hirdeto_tipus": null, "iroda_neve": null, "leiras": "Kiadó egy csendes, világos, jó állapotú lakás a X. kerületben (Alkér utca). Bérleti díj: 169 000 Ft / hó + rezsi (áram, víz, gáz, közös költség a fogyasztás alapján). Feltételek: - Szerződéskötéskor 2 havi kaució + 1 havi bérleti díj fizetendő. - Hosszú távra (minimum 1 évre) kiadó. Kiváló közlekedés és ellátottság, a közelben bolt, gyógyszertár és tömegközlekedési megállók is megtalálhatók. Érdeklődni üzenetben!", "oldal_allapot": "hirdetes", "leiras_hossz": 416.0, "fenykepek_szama": 6.0, "lat_portal": 47.475483, "lon_portal": 19.144249, "portal_pozicio_sugar_m": null, "price_eur": null, "nm_ar_eur": null, "kozos_koltseg_eur": null, "rezsikoltseg_eur": null, "kaucio_eur": null, "parkolas": "nincs megadva", "parkolohely_ara": null, "parkolohelyek_szama": null, "pince": "nincs megadva", "napelem": "nincs megadva", "komfort": "nincs megadva", "belmagassag_raw": "nan", "akadalymentesitett": "nincs megadva", "furdo_wc": "nincs megadva", "tajolas": "nan", "kilatas": "nincs megadva", "szigeteles": "nincs megadva", "tetoter": "nincs megadva", "panelprogram": "nan", "gepesitett": "nan", "kisallat": "nincs megadva", "dohanyzas": "nincs megadva", "atlag_gazfogyasztas": "nincs megadva", "atlag_aramfogyasztas": "nincs megadva", "tavolsag_metro_halozati_m": null, "menetido_metro_gyalog_perc": null, "metro_5p_seta": 0, "metro_10p_seta": 0, "metro_15p_seta": 0, "tavolsag_villamos_halozati_m": null, "menetido_villamos_gyalog_perc": null, "villamos_5p_seta": 0, "villamos_10p_seta": 0, "villamos_15p_seta": 0, "tavolsag_busz_halozati_m": null, "menetido_busz_gyalog_perc": null, "busz_5p_seta": 0, "busz_10p_seta": 0, "busz_15p_seta": 0, "tavolsag_kotottpalya_halozati_m": null, "menetido_kotottpalya_gyalog_perc": null, "kotottpalya_5p_seta": 0, "kotottpalya_10p_seta": 0, "kotottpalya_15p_seta": 0, "tavolsag_park_halozati_m": null, "menetido_park_gyalog_perc": null, "park_5p_seta": 0, "park_10p_seta": 0, "park_15p_seta": 0, "poi_5p_count": null, "poi_10p_count": null, "poi_15p_count": null, "tavolsag_iskola_halozati_m": null, "iskola_5p_seta": 0, "iskola_10p_seta": 0, "iskola_15p_seta": 0, "tavolsag_ovoda_halozati_m": null, "ovoda_5p_seta": 0, "ovoda_10p_seta": 0, "ovoda_15p_seta": 0, "tavolsag_bolt_halozati_m": null, "bolt_5p_seta": 0, "bolt_10p_seta": 0, "bolt_15p_seta": 0, "tavolsag_gyogyszertar_halozati_m": null, "gyogyszertar_5p_seta": 0, "gyogyszertar_10p_seta": 0, "gyogyszertar_15p_seta": 0, "tavolsag_orvos_halozati_m": null, "orvos_5p_seta": 0, "orvos_10p_seta": 0, "orvos_15p_seta": 0, "legkozelebbi_vasut": "", "legkozelebbi_metro": "", "legkozelebbi_villamos": "", "legkozelebbi_busz": "", "legkozelebbi_park": "", "legkozelebbi_kotottpalya_tipus": "", "varosresz_geokodolt": "Óhegy", "geokodolas_szolgaltato": "nominatim/photon", "felhasznalt_hazszam": 33.0, "legkozelebbi_iskola": "", "legkozelebbi_ovoda": "", "legkozelebbi_bolt": "", "legkozelebbi_gyogyszertar": "", "legkozelebbi_orvos": "", "menetido_iskola_gyalog_perc": null, "menetido_ovoda_gyalog_perc": null, "menetido_bolt_gyalog_perc": null, "menetido_gyogyszertar_gyalog_perc": null, "menetido_orvos_gyalog_perc": null }, "geometry": { "type": "Point", "coordinates": [ 19.1576746, 47.4783434 ] } },
{ "type": "Feature", "properties": { "listing_id": "35590325", "listing_type": "kiado", "ingatlan_tipus": "garazs", "cim_teljes": "Budapest X. kerület, Hölgy utca 21.", "iranyitoszam": "1102", "varos": "Budapest", "utca": "Hölgy utca", "hazszam": "21", "cim_forras": "strukturalt", "url": "https://ingatlan.com/x-ker/kiado+garazs/teremgarazs-hely/35590325", "gyujtes_datuma": "2026-10-08", "price_huf": 19000.0, "ar_millio_ft": 0.019, "ar_ezer_ft_ho": 19.0, "nm_ar_huf": 1583.3333333333333, "log_ar": 9.8521942581485771, "log_nm_ar": 7.3672876083605772, "is_ar_outlier": 1, "alapterulet_nm": 12.0, "korrigalt_alapterulet_nm": 12.0, "szobaszam_osszes": null, "szobaszam_kategoria": null, "allapot_kod": 0, "is_felujitando": 0, "is_ujszeru_vagy_uj": 0, "is_panel": 0, "is_tegla": 0, "has_lift": 1, "has_klima": 1, "has_erkely": 0, "is_foldszint": 0, "is_zaroszint": 0, "is_tetoter": 0, "epulet_kora_ev": null, "geokodolt_lat": 47.4867299, "geokodolt_lon": 19.1267102, "geokodolas_modszere": "cim_nominatim", "geokodolas_pontossag": "hazszam", "minta_garantalt_pontos": 1, "tavolsag_vasut_m": 159.2, "vasut_zona": "150-300 m", "is_vasut_immisszio_150m": 0, "tavolsag_vasut_halozati_m": 527.9, "menetido_vasut_gyalog_perc": 7.0, "vasut_5p_seta": 0, "vasut_10p_seta": 1, "vasut_15p_seta": 1, "is_duplikalt_gyanus": 0, "varosresz": "Ligettelek", "title": "Ingatlan kép", "allapot": "nincs megadva", "ingatlan_altipus": "teremgarazs-hely", "epites_eve": null, "epites_eve_kategoria": "Ismeretlen", "epites_eve_szoveg": "nincs megadva", "epites_eve_becsult": null, "erkely_nm": null, "szobaszam_egesz": null, "szobaszam_fel": null, "atlagos_szobameret_nm": null, "emelet": "nan", "emelet_szam": null, "epulet_szintjei_szam": null, "is_magas_emelet_lift_nelkul": 0, "futes": "nan", "futes_kategoria": "egyeb", "has_tavfutes": 0, "has_konvektor": 0, "has_megujulo": 0, "has_garazs_vagy_beallo": 0, "energetikai_tanusitvany": "nan", "butorozott": "nan", "koltozheto": "nincs megadva", "min_berleti_ido": "nincs megadva", "kertkapcsolatos": "nan", "kozos_koltseg_huf": null, "rezsikoltseg_huf": null, "kaucio_huf": null, "hirdeto_tipus": null, "iroda_neve": null, "leiras": "Távirányítós teremgarázsban gépkocsibeálló kiadó 19.000,- + Közös költség 3.000,-", "oldal_allapot": "hirdetes", "leiras_hossz": 81.0, "fenykepek_szama": 2.0, "lat_portal": 47.486497, "lon_portal": 19.126686, "portal_pozicio_sugar_m": null, "price_eur": null, "nm_ar_eur": null, "kozos_koltseg_eur": null, "rezsikoltseg_eur": null, "kaucio_eur": null, "parkolas": "nan", "parkolohely_ara": null, "parkolohelyek_szama": null, "pince": "nan", "napelem": "nan", "komfort": "nan", "belmagassag_raw": "nan", "akadalymentesitett": "nan", "furdo_wc": "nan", "tajolas": "nan", "kilatas": "nan", "szigeteles": "nan", "tetoter": "nan", "panelprogram": "nan", "gepesitett": "nan", "kisallat": "nan", "dohanyzas": "nan", "atlag_gazfogyasztas": "nan", "atlag_aramfogyasztas": "nan", "tavolsag_metro_halozati_m": null, "menetido_metro_gyalog_perc": null, "metro_5p_seta": 0, "metro_10p_seta": 0, "metro_15p_seta": 0, "tavolsag_villamos_halozati_m": 381.4, "menetido_villamos_gyalog_perc": 5.1, "villamos_5p_seta": 0, "villamos_10p_seta": 1, "villamos_15p_seta": 1, "tavolsag_busz_halozati_m": 357.0, "menetido_busz_gyalog_perc": 4.8, "busz_5p_seta": 1, "busz_10p_seta": 1, "busz_15p_seta": 1, "tavolsag_kotottpalya_halozati_m": 381.4, "menetido_kotottpalya_gyalog_perc": 5.1, "kotottpalya_5p_seta": 0, "kotottpalya_10p_seta": 1, "kotottpalya_15p_seta": 1, "tavolsag_park_halozati_m": 442.5, "menetido_park_gyalog_perc": 5.9, "park_5p_seta": 0, "park_10p_seta": 1, "park_15p_seta": 1, "poi_5p_count": 4.0, "poi_10p_count": 60.0, "poi_15p_count": 114.0, "tavolsag_iskola_halozati_m": 1016.3, "iskola_5p_seta": 0, "iskola_10p_seta": 0, "iskola_15p_seta": 1, "tavolsag_ovoda_halozati_m": 1064.5, "ovoda_5p_seta": 0, "ovoda_10p_seta": 0, "ovoda_15p_seta": 1, "tavolsag_bolt_halozati_m": 261.7, "bolt_5p_seta": 1, "bolt_10p_seta": 1, "bolt_15p_seta": 1, "tavolsag_gyogyszertar_halozati_m": 639.7, "gyogyszertar_5p_seta": 0, "gyogyszertar_10p_seta": 1, "gyogyszertar_15p_seta": 1, "tavolsag_orvos_halozati_m": null, "orvos_5p_seta": 0, "orvos_10p_seta": 0, "orvos_15p_seta": 0, "legkozelebbi_vasut": "Kőbánya alsó", "legkozelebbi_metro": "", "legkozelebbi_villamos": "Őrház", "legkozelebbi_busz": "Kőbánya alsó vasútállomás", "legkozelebbi_park": "Liget Grund", "legkozelebbi_kotottpalya_tipus": "villamos", "varosresz_geokodolt": "Ligettelek", "geokodolas_szolgaltato": "nominatim/photon", "felhasznalt_hazszam": 21.0, "legkozelebbi_iskola": "Szervátiusz Jenő Általános Iskola", "legkozelebbi_ovoda": "Apró csodák Bölcsőde", "legkozelebbi_bolt": "Stop Élelmiszer", "legkozelebbi_gyogyszertar": "Liget Gyógyszertár", "legkozelebbi_orvos": "", "menetido_iskola_gyalog_perc": 13.6, "menetido_ovoda_gyalog_perc": 14.2, "menetido_bolt_gyalog_perc": 3.5, "menetido_gyogyszertar_gyalog_perc": 8.5, "menetido_orvos_gyalog_perc": null }, "geometry": { "type": "Point", "coordinates": [ 19.1267102, 47.4867299 ] } },
{ "type": "Feature", "properties": { "listing_id": "35591870", "listing_type": "kiado", "ingatlan_tipus": "lakas", "cim_teljes": "Budapest X. kerület, Gyógyszergyári utca 6.", "iranyitoszam": "1106", "varos": "Budapest", "utca": "Gyógyszergyári utca", "hazszam": "6", "cim_forras": "strukturalt", "url": "https://ingatlan.com/x-ker/kiado+lakas/csusztatott-zsalus/35591870", "gyujtes_datuma": "2026-10-08", "price_huf": 280000.0, "ar_millio_ft": 0.28, "ar_ezer_ft_ho": 280.0, "nm_ar_huf": 6363.636363636364, "log_ar": 12.542544882151386, "log_nm_ar": 8.7583552482331264, "is_ar_outlier": 0, "alapterulet_nm": 44.0, "korrigalt_alapterulet_nm": 49.5, "szobaszam_osszes": 2.0, "szobaszam_kategoria": "2 szoba", "allapot_kod": 6, "is_felujitando": 0, "is_ujszeru_vagy_uj": 1, "is_panel": 0, "is_tegla": 0, "has_lift": 1, "has_klima": 1, "has_erkely": 1, "is_foldszint": 0, "is_zaroszint": 0, "is_tetoter": 0, "epulet_kora_ev": 0.0, "geokodolt_lat": 47.4981391, "geokodolt_lon": 19.1407571, "geokodolas_modszere": "cim_nominatim", "geokodolas_pontossag": "hazszam", "minta_garantalt_pontos": 1, "tavolsag_vasut_m": 590.2, "vasut_zona": "500-1000 m", "is_vasut_immisszio_150m": 0, "tavolsag_vasut_halozati_m": 1352.6, "menetido_vasut_gyalog_perc": 18.0, "vasut_5p_seta": 0, "vasut_10p_seta": 0, "vasut_15p_seta": 0, "is_duplikalt_gyanus": 0, "varosresz": "Felsőrákos", "title": "Nincs kép", "allapot": "új építésű", "ingatlan_altipus": "csusztatott-zsalus", "epites_eve": 2026.0, "epites_eve_kategoria": "0-10 év (új)", "epites_eve_szoveg": "2026", "epites_eve_becsult": null, "erkely_nm": 11.0, "szobaszam_egesz": 2.0, "szobaszam_fel": 0.0, "atlagos_szobameret_nm": 24.75, "emelet": "5", "emelet_szam": 5.0, "epulet_szintjei_szam": 7.0, "is_magas_emelet_lift_nelkul": 0, "futes": "távfűtés egyedi méréssel", "futes_kategoria": "tavfutes", "has_tavfutes": 1, "has_konvektor": 0, "has_megujulo": 0, "has_garazs_vagy_beallo": 1, "energetikai_tanusitvany": "A+", "butorozott": "igen", "koltozheto": "nincs megadva", "min_berleti_ido": "nincs megadva", "kertkapcsolatos": "nem", "kozos_koltseg_huf": null, "rezsikoltseg_huf": null, "kaucio_huf": null, "hirdeto_tipus": null, "iroda_neve": null, "leiras": "Kiadó új építésű 2 szobás 5. emeleti, erkényes lakás az Örs vezér tere közelében, a Kincsem lakóparkban. A lakás bútorozott, a konyhában gépesített IKEA konyhabútor, az előszobában beépített szekrények találhatóak, a nappali hálószoba szintén bútorozott. A lakás klímával, elektromos rendőnyökkel felszerelt. A lakásba a dohányzás nem megengedett és kisállat nem hozható. Légy te a lakás első lakója! A lakás október 1-től költözhető! Teremgarázsban parkolóhely bérelhető! Érdeklődni:", "oldal_allapot": "hirdetes", "leiras_hossz": 484.0, "fenykepek_szama": 6.0, "lat_portal": 47.497833, "lon_portal": 19.141041, "portal_pozicio_sugar_m": null, "price_eur": null, "nm_ar_eur": null, "kozos_koltseg_eur": null, "rezsikoltseg_eur": null, "kaucio_eur": null, "parkolas": "teremgarázs hely - bérelhető", "parkolohely_ara": null, "parkolohelyek_szama": null, "pince": "nan", "napelem": "nan", "komfort": "összkomfortos", "belmagassag_raw": "3 m-nél alacsonyabb", "akadalymentesitett": "igen", "furdo_wc": "egy helyiségben", "tajolas": "kelet", "kilatas": "udvari", "szigeteles": "nincs megadva", "tetoter": "nan", "panelprogram": "nan", "gepesitett": "igen", "kisallat": "nem hozható", "dohanyzas": "nem megengedett", "atlag_gazfogyasztas": "nincs megadva", "atlag_aramfogyasztas": "nincs megadva", "tavolsag_metro_halozati_m": null, "menetido_metro_gyalog_perc": null, "metro_5p_seta": 0, "metro_10p_seta": 0, "metro_15p_seta": 0, "tavolsag_villamos_halozati_m": 772.2, "menetido_villamos_gyalog_perc": 10.3, "villamos_5p_seta": 0, "villamos_10p_seta": 0, "villamos_15p_seta": 1, "tavolsag_busz_halozati_m": 620.4, "menetido_busz_gyalog_perc": 8.3, "busz_5p_seta": 0, "busz_10p_seta": 1, "busz_15p_seta": 1, "tavolsag_kotottpalya_halozati_m": 772.2, "menetido_kotottpalya_gyalog_perc": 10.3, "kotottpalya_5p_seta": 0, "kotottpalya_10p_seta": 0, "kotottpalya_15p_seta": 1, "tavolsag_park_halozati_m": 1429.5, "menetido_park_gyalog_perc": 19.1, "park_5p_seta": 0, "park_10p_seta": 0, "park_15p_seta": 0, "poi_5p_count": 0.0, "poi_10p_count": 1.0, "poi_15p_count": 6.0, "tavolsag_iskola_halozati_m": null, "iskola_5p_seta": 0, "iskola_10p_seta": 0, "iskola_15p_seta": 0, "tavolsag_ovoda_halozati_m": 1751.6, "ovoda_5p_seta": 0, "ovoda_10p_seta": 0, "ovoda_15p_seta": 0, "tavolsag_bolt_halozati_m": 2027.2, "bolt_5p_seta": 0, "bolt_10p_seta": 0, "bolt_15p_seta": 0, "tavolsag_gyogyszertar_halozati_m": 1516.0, "gyogyszertar_5p_seta": 0, "gyogyszertar_10p_seta": 0, "gyogyszertar_15p_seta": 0, "tavolsag_orvos_halozati_m": null, "orvos_5p_seta": 0, "orvos_10p_seta": 0, "orvos_15p_seta": 0, "legkozelebbi_vasut": "Kőbánya felső", "legkozelebbi_metro": "", "legkozelebbi_villamos": "Terebesi utca", "legkozelebbi_busz": "Albertirsai köz", "legkozelebbi_park": "Sajó Sándor tér", "legkozelebbi_kotottpalya_tipus": "villamos", "varosresz_geokodolt": "Felsőrákos", "geokodolas_szolgaltato": "nominatim/photon", "felhasznalt_hazszam": 6.0, "legkozelebbi_iskola": "", "legkozelebbi_ovoda": "Apró csodák Bölcsőde", "legkozelebbi_bolt": "", "legkozelebbi_gyogyszertar": "Harmat Patika", "legkozelebbi_orvos": "", "menetido_iskola_gyalog_perc": null, "menetido_ovoda_gyalog_perc": 23.4, "menetido_bolt_gyalog_perc": 27.0, "menetido_gyogyszertar_gyalog_perc": 20.2, "menetido_orvos_gyalog_perc": null }, "geometry": { "type": "Point", "coordinates": [ 19.1407571, 47.4981391 ] } },
{ "type": "Feature", "properties": { "listing_id": "35592074", "listing_type": "kiado", "ingatlan_tipus": "lakas", "cim_teljes": "Budapest X. kerület, Gyógyszergyári utca 8.", "iranyitoszam": "1106", "varos": "Budapest", "utca": "Gyógyszergyári utca", "hazszam": "8", "cim_forras": "strukturalt", "url": "https://ingatlan.com/x-ker/kiado+lakas/tegla-lakas/35592074", "gyujtes_datuma": "2026-10-08", "price_huf": 295000.0, "ar_millio_ft": 0.295, "ar_ezer_ft_ho": 295.0, "nm_ar_huf": 5462.9629629629626, "log_ar": 12.594730635321957, "log_nm_ar": 8.6057465887576825, "is_ar_outlier": 0, "alapterulet_nm": 54.0, "korrigalt_alapterulet_nm": 59.0, "szobaszam_osszes": 2.0, "szobaszam_kategoria": "2 szoba", "allapot_kod": 0, "is_felujitando": 0, "is_ujszeru_vagy_uj": 0, "is_panel": 0, "is_tegla": 1, "has_lift": 1, "has_klima": 1, "has_erkely": 1, "is_foldszint": 0, "is_zaroszint": 0, "is_tetoter": 0, "epulet_kora_ev": 0.0, "geokodolt_lat": 47.4983016, "geokodolt_lon": 19.14218, "geokodolas_modszere": "cim_nominatim", "geokodolas_pontossag": "hazszam", "minta_garantalt_pontos": 1, "tavolsag_vasut_m": 590.0, "vasut_zona": "500-1000 m", "is_vasut_immisszio_150m": 0, "tavolsag_vasut_halozati_m": 1505.7, "menetido_vasut_gyalog_perc": 20.1, "vasut_5p_seta": 0, "vasut_10p_seta": 0, "vasut_15p_seta": 0, "is_duplikalt_gyanus": 0, "varosresz": "Felsőrákos", "title": "Nincs kép", "allapot": "nincs megadva", "ingatlan_altipus": "tegla-lakas", "epites_eve": 2026.0, "epites_eve_kategoria": "0-10 év (új)", "epites_eve_szoveg": "2026", "epites_eve_becsult": null, "erkely_nm": 10.0, "szobaszam_egesz": 2.0, "szobaszam_fel": 0.0, "atlagos_szobameret_nm": 29.5, "emelet": "4", "emelet_szam": 4.0, "epulet_szintjei_szam": 6.0, "is_magas_emelet_lift_nelkul": 0, "futes": "távfűtés egyedi méréssel", "futes_kategoria": "tavfutes", "has_tavfutes": 1, "has_konvektor": 0, "has_megujulo": 0, "has_garazs_vagy_beallo": 1, "energetikai_tanusitvany": "A+", "butorozott": "nem", "koltozheto": "nincs megadva", "min_berleti_ido": "nincs megadva", "kertkapcsolatos": "nincs megadva", "kozos_koltseg_huf": null, "rezsikoltseg_huf": null, "kaucio_huf": null, "hirdeto_tipus": null, "iroda_neve": null, "leiras": "Kiadó új építésű lakás a Kincsem Lakóparkban! Költözz egy modern, lakásba Budapest egyik legdinamikusabban fejlődő városrészében, az Örs vezér tér közelében! A lakás főbb jellemzői: 54 m² alapterület - Nappali + hálószoba (2 szoba) - 10 m²-es erkély - Saját tároló - Mélygarázs beállóhely - Elektromos autó töltési lehetőség - Új építésű, első lakóit várja - Bútorozatlan, saját ízlés szerint berendezhető - Kiváló lokáció Örs vezér tér néhány perc alatt elérhető Kiváló tömegközlekedési kapcsolatok Bevásárlási lehetőségek, szolgáltatások a közelben Bérleti díj: 295.000 Ft / hó + rezsi Kaució: 2 havi bérleti díj Költözhető: 2026. októbertől", "oldal_allapot": "hirdetes", "leiras_hossz": 643.0, "fenykepek_szama": 6.0, "lat_portal": 47.49801, "lon_portal": 19.142693, "portal_pozicio_sugar_m": null, "price_eur": null, "nm_ar_eur": null, "kozos_koltseg_eur": null, "rezsikoltseg_eur": null, "kaucio_eur": null, "parkolas": "teremgarázs hely", "parkolohely_ara": null, "parkolohelyek_szama": null, "pince": "nan", "napelem": "nan", "komfort": "nincs megadva", "belmagassag_raw": "nincs megadva", "akadalymentesitett": "nincs megadva", "furdo_wc": "külön helyiségben", "tajolas": "nincs megadva", "kilatas": "udvari", "szigeteles": "nincs megadva", "tetoter": "nem tetőtéri", "panelprogram": "nan", "gepesitett": "nem", "kisallat": "nincs megadva", "dohanyzas": "nem megengedett", "atlag_gazfogyasztas": "nincs megadva", "atlag_aramfogyasztas": "nincs megadva", "tavolsag_metro_halozati_m": null, "menetido_metro_gyalog_perc": null, "metro_5p_seta": 0, "metro_10p_seta": 0, "metro_15p_seta": 0, "tavolsag_villamos_halozati_m": 607.2, "menetido_villamos_gyalog_perc": 8.1, "villamos_5p_seta": 0, "villamos_10p_seta": 1, "villamos_15p_seta": 1, "tavolsag_busz_halozati_m": 629.5, "menetido_busz_gyalog_perc": 8.4, "busz_5p_seta": 0, "busz_10p_seta": 1, "busz_15p_seta": 1, "tavolsag_kotottpalya_halozati_m": 607.2, "menetido_kotottpalya_gyalog_perc": 8.1, "kotottpalya_5p_seta": 0, "kotottpalya_10p_seta": 1, "kotottpalya_15p_seta": 1, "tavolsag_park_halozati_m": 1260.3, "menetido_park_gyalog_perc": 16.8, "park_5p_seta": 0, "park_10p_seta": 0, "park_15p_seta": 0, "poi_5p_count": 0.0, "poi_10p_count": 4.0, "poi_15p_count": 18.0, "tavolsag_iskola_halozati_m": null, "iskola_5p_seta": 0, "iskola_10p_seta": 0, "iskola_15p_seta": 0, "tavolsag_ovoda_halozati_m": 1570.0, "ovoda_5p_seta": 0, "ovoda_10p_seta": 0, "ovoda_15p_seta": 0, "tavolsag_bolt_halozati_m": 1845.6, "bolt_5p_seta": 0, "bolt_10p_seta": 0, "bolt_15p_seta": 0, "tavolsag_gyogyszertar_halozati_m": 1334.3, "gyogyszertar_5p_seta": 0, "gyogyszertar_10p_seta": 0, "gyogyszertar_15p_seta": 0, "tavolsag_orvos_halozati_m": null, "orvos_5p_seta": 0, "orvos_10p_seta": 0, "orvos_15p_seta": 0, "legkozelebbi_vasut": "Kőbánya felső", "legkozelebbi_metro": "", "legkozelebbi_villamos": "Terebesi utca", "legkozelebbi_busz": "Terebesi utca", "legkozelebbi_park": "", "legkozelebbi_kotottpalya_tipus": "villamos", "varosresz_geokodolt": "Felsőrákos", "geokodolas_szolgaltato": "nominatim/photon", "felhasznalt_hazszam": 8.0, "legkozelebbi_iskola": "", "legkozelebbi_ovoda": "Apró csodák Bölcsőde", "legkozelebbi_bolt": "", "legkozelebbi_gyogyszertar": "Harmat Patika", "legkozelebbi_orvos": "", "menetido_iskola_gyalog_perc": null, "menetido_ovoda_gyalog_perc": 20.9, "menetido_bolt_gyalog_perc": 24.6, "menetido_gyogyszertar_gyalog_perc": 17.8, "menetido_orvos_gyalog_perc": null }, "geometry": { "type": "Point", "coordinates": [ 19.14218, 47.4983016 ] } },
{ "type": "Feature", "properties": { "listing_id": "35593478", "listing_type": "kiado", "ingatlan_tipus": "garazs", "cim_teljes": "Budapest X. kerület, Mádi utca 2.", "iranyitoszam": "1105", "varos": "Budapest", "utca": "Mádi utca", "hazszam": "2", "cim_forras": "strukturalt", "url": "https://ingatlan.com/x-ker/kiado+garazs/teremgarazs-hely/35593478", "gyujtes_datuma": "2026-10-08", "price_huf": 24000.0, "ar_millio_ft": 0.024, "ar_ezer_ft_ho": 24.0, "nm_ar_huf": 1200.0, "log_ar": 10.085809109330082, "log_nm_ar": 7.0900768357760917, "is_ar_outlier": 1, "alapterulet_nm": 20.0, "korrigalt_alapterulet_nm": 20.0, "szobaszam_osszes": null, "szobaszam_kategoria": null, "allapot_kod": 5, "is_felujitando": 0, "is_ujszeru_vagy_uj": 1, "is_panel": 0, "is_tegla": 0, "has_lift": 1, "has_klima": 1, "has_erkely": 0, "is_foldszint": 0, "is_zaroszint": 0, "is_tetoter": 0, "epulet_kora_ev": 25.0, "geokodolt_lat": 47.4902621, "geokodolt_lon": 19.1389045, "geokodolas_modszere": "cim_nominatim", "geokodolas_pontossag": "hazszam", "minta_garantalt_pontos": 1, "tavolsag_vasut_m": 202.4, "vasut_zona": "150-300 m", "is_vasut_immisszio_150m": 0, "tavolsag_vasut_halozati_m": 871.7, "menetido_vasut_gyalog_perc": 11.6, "vasut_5p_seta": 0, "vasut_10p_seta": 0, "vasut_15p_seta": 1, "is_duplikalt_gyanus": 0, "varosresz": "Óhegy", "title": "Ingatlan kép", "allapot": "újszerű", "ingatlan_altipus": "teremgarazs-hely", "epites_eve": 2001.0, "epites_eve_kategoria": "10-30 év (rendszerváltás utáni)", "epites_eve_szoveg": "2001 és 2010 között", "epites_eve_becsult": null, "erkely_nm": null, "szobaszam_egesz": null, "szobaszam_fel": null, "atlagos_szobameret_nm": null, "emelet": "nan", "emelet_szam": null, "epulet_szintjei_szam": null, "is_magas_emelet_lift_nelkul": 0, "futes": "nan", "futes_kategoria": "egyeb", "has_tavfutes": 0, "has_konvektor": 0, "has_megujulo": 0, "has_garazs_vagy_beallo": 0, "energetikai_tanusitvany": "nan", "butorozott": "nan", "koltozheto": "azonnal", "min_berleti_ido": "12 hónap", "kertkapcsolatos": "nan", "kozos_koltseg_huf": null, "rezsikoltseg_huf": null, "kaucio_huf": null, "hirdeto_tipus": null, "iroda_neve": null, "leiras": "X. ker. Kőbánya Éles saroknál, Mádi utca elején teremgarázs beállóhely hosszú távra kiadó.", "oldal_allapot": "hirdetes", "leiras_hossz": 90.0, "fenykepek_szama": 4.0, "lat_portal": 47.490428, "lon_portal": 19.138238, "portal_pozicio_sugar_m": null, "price_eur": null, "nm_ar_eur": null, "kozos_koltseg_eur": null, "rezsikoltseg_eur": null, "kaucio_eur": null, "parkolas": "nan", "parkolohely_ara": null, "parkolohelyek_szama": 1.0, "pince": "nan", "napelem": "nan", "komfort": "nan", "belmagassag_raw": "nan", "akadalymentesitett": "nan", "furdo_wc": "nan", "tajolas": "nan", "kilatas": "nan", "szigeteles": "nan", "tetoter": "nan", "panelprogram": "nan", "gepesitett": "nan", "kisallat": "nan", "dohanyzas": "nan", "atlag_gazfogyasztas": "nan", "atlag_aramfogyasztas": "nan", "tavolsag_metro_halozati_m": null, "menetido_metro_gyalog_perc": null, "metro_5p_seta": 0, "metro_10p_seta": 0, "metro_15p_seta": 0, "tavolsag_villamos_halozati_m": 264.4, "menetido_villamos_gyalog_perc": 3.5, "villamos_5p_seta": 1, "villamos_10p_seta": 1, "villamos_15p_seta": 1, "tavolsag_busz_halozati_m": 265.6, "menetido_busz_gyalog_perc": 3.5, "busz_5p_seta": 1, "busz_10p_seta": 1, "busz_15p_seta": 1, "tavolsag_kotottpalya_halozati_m": 264.4, "menetido_kotottpalya_gyalog_perc": 3.5, "kotottpalya_5p_seta": 1, "kotottpalya_10p_seta": 1, "kotottpalya_15p_seta": 1, "tavolsag_park_halozati_m": 199.5, "menetido_park_gyalog_perc": 2.7, "park_5p_seta": 1, "park_10p_seta": 1, "park_15p_seta": 1, "poi_5p_count": 13.0, "poi_10p_count": 31.0, "poi_15p_count": 71.0, "tavolsag_iskola_halozati_m": 1358.9, "iskola_5p_seta": 0, "iskola_10p_seta": 0, "iskola_15p_seta": 0, "tavolsag_ovoda_halozati_m": 500.2, "ovoda_5p_seta": 0, "ovoda_10p_seta": 1, "ovoda_15p_seta": 1, "tavolsag_bolt_halozati_m": 653.4, "bolt_5p_seta": 0, "bolt_10p_seta": 1, "bolt_15p_seta": 1, "tavolsag_gyogyszertar_halozati_m": 316.2, "gyogyszertar_5p_seta": 1, "gyogyszertar_10p_seta": 1, "gyogyszertar_15p_seta": 1, "tavolsag_orvos_halozati_m": null, "orvos_5p_seta": 0, "orvos_10p_seta": 0, "orvos_15p_seta": 0, "legkozelebbi_vasut": "Kőbánya felső", "legkozelebbi_metro": "", "legkozelebbi_villamos": "Élessarok", "legkozelebbi_busz": "Szent László Gimnázium", "legkozelebbi_park": "", "legkozelebbi_kotottpalya_tipus": "villamos", "varosresz_geokodolt": "Óhegy", "geokodolas_szolgaltato": "nominatim/photon", "felhasznalt_hazszam": 2.0, "legkozelebbi_iskola": "Janikovszky Éva Általános Iskola", "legkozelebbi_ovoda": "Apró csodák Bölcsőde", "legkozelebbi_bolt": "", "legkozelebbi_gyogyszertar": "Harmat Patika", "legkozelebbi_orvos": "", "menetido_iskola_gyalog_perc": 18.1, "menetido_ovoda_gyalog_perc": 6.7, "menetido_bolt_gyalog_perc": 8.7, "menetido_gyogyszertar_gyalog_perc": 4.2, "menetido_orvos_gyalog_perc": null }, "geometry": { "type": "Point", "coordinates": [ 19.1389045, 47.4902621 ] } },
{ "type": "Feature", "properties": { "listing_id": "35594157", "listing_type": "kiado", "ingatlan_tipus": "lakas", "cim_teljes": "Budapest X. kerület, Agyagfejtő utca 8.", "iranyitoszam": "1108", "varos": "Budapest", "utca": "Agyagfejtő utca", "hazszam": "8", "cim_forras": "strukturalt", "url": "https://ingatlan.com/x-ker/kiado+lakas/panel-lakas/35594157", "gyujtes_datuma": "2026-10-08", "price_huf": 195000.0, "ar_millio_ft": 0.195, "ar_ezer_ft_ho": 195.0, "nm_ar_huf": 3900.0, "log_ar": 12.180754837545884, "log_nm_ar": 8.2687318321177372, "is_ar_outlier": 0, "alapterulet_nm": 50.0, "korrigalt_alapterulet_nm": 52.0, "szobaszam_osszes": 2.0, "szobaszam_kategoria": "2 szoba", "allapot_kod": 4, "is_felujitando": 0, "is_ujszeru_vagy_uj": 0, "is_panel": 1, "is_tegla": 0, "has_lift": 1, "has_klima": 1, "has_erkely": 1, "is_foldszint": 0, "is_zaroszint": 0, "is_tetoter": 0, "epulet_kora_ev": 45.0, "geokodolt_lat": 47.4721833, "geokodolt_lon": 19.1619928, "geokodolas_modszere": "cim_nominatim", "geokodolas_pontossag": "hazszam", "minta_garantalt_pontos": 1, "tavolsag_vasut_m": 1141.0, "vasut_zona": "1000-2000 m", "is_vasut_immisszio_150m": 0, "tavolsag_vasut_halozati_m": null, "menetido_vasut_gyalog_perc": null, "vasut_5p_seta": 0, "vasut_10p_seta": 0, "vasut_15p_seta": 0, "is_duplikalt_gyanus": 0, "varosresz": "Újhegy", "title": "Ingatlan kép", "allapot": "felújított", "ingatlan_altipus": "panel-lakas", "epites_eve": 1981.0, "epites_eve_kategoria": "30-60 év (panel-korszak)", "epites_eve_szoveg": "1981 és 2000 között", "epites_eve_becsult": null, "erkely_nm": 4.0, "szobaszam_egesz": 2.0, "szobaszam_fel": 0.0, "atlagos_szobameret_nm": 26.0, "emelet": "9", "emelet_szam": 9.0, "epulet_szintjei_szam": 10.0, "is_magas_emelet_lift_nelkul": 0, "futes": "távfűtés egyedi méréssel", "futes_kategoria": "tavfutes", "has_tavfutes": 1, "has_konvektor": 0, "has_megujulo": 0, "has_garazs_vagy_beallo": 0, "energetikai_tanusitvany": "nincs megadva", "butorozott": "részben", "koltozheto": "2026. november", "min_berleti_ido": "12 hónap", "kertkapcsolatos": "nincs megadva", "kozos_koltseg_huf": 15000.0, "rezsikoltseg_huf": 20000.0, "kaucio_huf": null, "hirdeto_tipus": null, "iroda_neve": null, "leiras": "KITŰNŐ VÁLASZTÁS - KIVÁLÓ KÖZLEKEDÉS --- RENDEZKEDJÜNK BE HOSSZÚTÁVRA --- TISZTA - EGÉSZSÉGES - FRISSEN FESTETT KÉT FŐ RÉSZÉRE = PÁRNAK = BÉRLŐTÁRSNAK KIADÓ: X. ker. az Újhegyi Sétánynál, 2 szobás panel lakás rendezett lépcsőházban. AZ ELŐSZOBA: Tágas, benne beépített gardrób szekrény. A KONYHA: ABLAKOS, benne jó állapotban a konyhabútor, gáztűzhellyel. NAGY HŰTŐSZEKRÉNY! SZOBÁK: A nagyobbik szobában gardrób, benne akasztós, és pakolós terek, jól kihasználható. Hozzáillő étkező asztal. BENNE KIHÚZHATÓ, KÉTSZEMÉLYES KANAPÉ. A kisebbik szobából nyílik az erkély. A szobákban szalagparketta. FÜRDŐSZOBA: Benne kád, kisbútorok, mosógép. Csempe - burkolat kitűnő állapotban. A toalett külön. BEKÖLTÖZÉS FELTÉTELEI: Két havi kaució, és az első hó előre fizetendő! A Tulajdonos közjegyzői okirattal szerződik, a bérleti díj utalással, a közművek számla ellenében. A szerződést követően azonnal költözhető! REZSI: Közös Költség felújítási alap nélkül: 15 000 Ft. A fűtés távhő : 12 500 Ft/ hó A víz, villany fogyasztás után. Várom hívását, hétvégén is elérhető vagyok 8 - 21 óráig. A mutatás rugalmas, a kulcs nálam. Beszéljünk róla! Tájékoztatom , hogy Ön mint érdeklődő, a hirdetésben megjelölt telefonszám felhívásával hozzájárul személyes adatai – így különösen neve és telefonszáma -, a hirdetést feladó Szimba 2014 Kft- biztonságos és körültekintő - kezeléséhez, nyilvántartásához.", "oldal_allapot": "hirdetes", "leiras_hossz": 1385.0, "fenykepek_szama": 6.0, "lat_portal": 47.472257, "lon_portal": 19.161991, "portal_pozicio_sugar_m": null, "price_eur": null, "nm_ar_eur": null, "kozos_koltseg_eur": null, "rezsikoltseg_eur": null, "kaucio_eur": null, "parkolas": "utca, közterület", "parkolohely_ara": null, "parkolohelyek_szama": null, "pince": "nan", "napelem": "nan", "komfort": "összkomfortos", "belmagassag_raw": "3 m-nél alacsonyabb", "akadalymentesitett": "nem", "furdo_wc": "külön helyiségben", "tajolas": "délnyugat", "kilatas": "panorámás", "szigeteles": "nincs megadva", "tetoter": "nincs megadva", "panelprogram": "nincs megadva", "gepesitett": "igen", "kisallat": "nem hozható", "dohanyzas": "nem megengedett", "atlag_gazfogyasztas": "nincs megadva", "atlag_aramfogyasztas": "nincs megadva", "tavolsag_metro_halozati_m": null, "menetido_metro_gyalog_perc": null, "metro_5p_seta": 0, "metro_10p_seta": 0, "metro_15p_seta": 0, "tavolsag_villamos_halozati_m": null, "menetido_villamos_gyalog_perc": null, "villamos_5p_seta": 0, "villamos_10p_seta": 0, "villamos_15p_seta": 0, "tavolsag_busz_halozati_m": null, "menetido_busz_gyalog_perc": null, "busz_5p_seta": 0, "busz_10p_seta": 0, "busz_15p_seta": 0, "tavolsag_kotottpalya_halozati_m": null, "menetido_kotottpalya_gyalog_perc": null, "kotottpalya_5p_seta": 0, "kotottpalya_10p_seta": 0, "kotottpalya_15p_seta": 0, "tavolsag_park_halozati_m": null, "menetido_park_gyalog_perc": null, "park_5p_seta": 0, "park_10p_seta": 0, "park_15p_seta": 0, "poi_5p_count": null, "poi_10p_count": null, "poi_15p_count": null, "tavolsag_iskola_halozati_m": null, "iskola_5p_seta": 0, "iskola_10p_seta": 0, "iskola_15p_seta": 0, "tavolsag_ovoda_halozati_m": null, "ovoda_5p_seta": 0, "ovoda_10p_seta": 0, "ovoda_15p_seta": 0, "tavolsag_bolt_halozati_m": null, "bolt_5p_seta": 0, "bolt_10p_seta": 0, "bolt_15p_seta": 0, "tavolsag_gyogyszertar_halozati_m": null, "gyogyszertar_5p_seta": 0, "gyogyszertar_10p_seta": 0, "gyogyszertar_15p_seta": 0, "tavolsag_orvos_halozati_m": null, "orvos_5p_seta": 0, "orvos_10p_seta": 0, "orvos_15p_seta": 0, "legkozelebbi_vasut": "", "legkozelebbi_metro": "", "legkozelebbi_villamos": "", "legkozelebbi_busz": "", "legkozelebbi_park": "", "legkozelebbi_kotottpalya_tipus": "", "varosresz_geokodolt": "Újhegy", "geokodolas_szolgaltato": "nominatim/photon", "felhasznalt_hazszam": 8.0, "legkozelebbi_iskola": "", "legkozelebbi_ovoda": "", "legkozelebbi_bolt": "", "legkozelebbi_gyogyszertar": "", "legkozelebbi_orvos": "", "menetido_iskola_gyalog_perc": null, "menetido_ovoda_gyalog_perc": null, "menetido_bolt_gyalog_perc": null, "menetido_gyogyszertar_gyalog_perc": null, "menetido_orvos_gyalog_perc": null }, "geometry": { "type": "Point", "coordinates": [ 19.1619928, 47.4721833 ] } },
{ "type": "Feature", "properties": { "listing_id": "35596595", "listing_type": "kiado", "ingatlan_tipus": "lakas", "cim_teljes": "Budapest X. kerület, Harmat utca 160.", "iranyitoszam": "1104", "varos": "Budapest", "utca": "Harmat utca", "hazszam": "160", "cim_forras": "strukturalt", "url": "https://ingatlan.com/x-ker/kiado+lakas/csusztatott-zsalus/35596595", "gyujtes_datuma": "2026-10-08", "price_huf": 249000.0, "ar_millio_ft": 0.249, "ar_ezer_ft_ho": 249.0, "nm_ar_huf": 3830.7692307692309, "log_ar": 12.425208175446844, "log_nm_ar": 8.2508209055512083, "is_ar_outlier": 0, "alapterulet_nm": 65.0, "korrigalt_alapterulet_nm": 70.0, "szobaszam_osszes": 2.0, "szobaszam_kategoria": "2 szoba", "allapot_kod": 5, "is_felujitando": 0, "is_ujszeru_vagy_uj": 1, "is_panel": 0, "is_tegla": 0, "has_lift": 1, "has_klima": 1, "has_erkely": 1, "is_foldszint": 0, "is_zaroszint": 0, "is_tetoter": 0, "epulet_kora_ev": 45.0, "geokodolt_lat": 47.4747217, "geokodolt_lon": 19.1598588, "geokodolas_modszere": "cim_nominatim", "geokodolas_pontossag": "hazszam", "minta_garantalt_pontos": 1, "tavolsag_vasut_m": 1347.5, "vasut_zona": "1000-2000 m", "is_vasut_immisszio_150m": 0, "tavolsag_vasut_halozati_m": null, "menetido_vasut_gyalog_perc": null, "vasut_5p_seta": 0, "vasut_10p_seta": 0, "vasut_15p_seta": 0, "is_duplikalt_gyanus": 0, "varosresz": "Óhegy", "title": "Ingatlan kép", "allapot": "újszerű", "ingatlan_altipus": "csusztatott-zsalus", "epites_eve": 1981.0, "epites_eve_kategoria": "30-60 év (panel-korszak)", "epites_eve_szoveg": "1981 és 2000 között", "epites_eve_becsult": null, "erkely_nm": 10.0, "szobaszam_egesz": 2.0, "szobaszam_fel": 0.0, "atlagos_szobameret_nm": 35.0, "emelet": "5", "emelet_szam": 5.0, "epulet_szintjei_szam": 10.0, "is_magas_emelet_lift_nelkul": 0, "futes": "távfűtés", "futes_kategoria": "tavfutes", "has_tavfutes": 1, "has_konvektor": 0, "has_megujulo": 0, "has_garazs_vagy_beallo": 0, "energetikai_tanusitvany": "nincs megadva", "butorozott": "részben", "koltozheto": "azonnal", "min_berleti_ido": "12 hónap", "kertkapcsolatos": "nincs megadva", "kozos_koltseg_huf": 18000.0, "rezsikoltseg_huf": 25000.0, "kaucio_huf": null, "hirdeto_tipus": null, "iroda_neve": null, "leiras": "Budapest 10. kerület Harmat utca160., 65 nm-es 2 szoba + 10 nm ERKÉLYES, jó elosztású, tágas, világos, csendes, gépesített, klímás, igényesen kialakított, felújított lakás hosszú távra kiadó. Az első havi bérleti díjjal, két havi kaucióval és közjegyzői szerződéssel AZONNAL költözhető (2026.10.01-től). Lakás: 2 külön nyíló hálószoba (20m2 és 12m2), plusz egy amerikai konyhás nappali étkezővel (20m2), külön gardróbszoba, fürdőszoba, külön WC, előszoba, erkély (10m2). Beépített gépesített konyhabútor (gáztűzhely villanysütővel, páraelszívó, mosogatógép). Beépített szekrényekkel, új műanyag nyílászárókkal+redőny+szúnyogháló, új radiátorokkal, új biztonsági bejárati ajtóval. Minden helyiség ablakokkal ellátott, melyeken keresztül természetes fény érkezik és egész nap világos van a lakásban. A rengeteg fának és zöld területnek köszönhetően jó a levegő és a madárcsicsergés. Válasz e-mailben szívesen küldök fényképeket (harmatkistunde1 gmail). 2026.09. hóban a lakás teljes villamos hálózatának vezetékcseréjével egyidejűleg új klíma került beszerelésre és a teljes lakás festése is megtörtént. Bérleti díj: 249.000 Ft/hó + közös költség (18.000 Ft) + rezsi (kb. 25.000 Ft havonta) Minimum egy évre kiadó közjegyzői szerződéssel. Dohányzás és kisállat nem megengedett. A lakás részben bútorozott, a 2 hálószoba üres, így saját bútor igény szerint hozható. A lakás távfűtéses, egyedi vízórás és egyedi villanyórás. A ház liftes, akadálymentesített, rendezett, tiszta, a lakóközösség kulturált és barátságos, rendőrségre bekötött kamerarendszer. Parkoló közvetlenül a ház előtt díjmentesen használható. Közlekedés: Buszok: 85, 85E, (a 3-as metró Kőbánya-Kispest végállomás 5 perc, a 2-es metró Örs Vezér tér 10 perc) 68 (a Kossuth téri piac 5 perc) 117 (Kőbánya városközpont - Bosch és Richter érintésével), 185 (Kőbánya városközpont - Óhegy park, Mély-tó érintésével) 909 éjszakai busz Villamos: 28, 37 (Blaha Lujza tér) Környék: Vásárlás: SPAR, LIDL, INTERSPAR, PENNY, AUCHAN, valamint több kisebb üzlet szolgálja kényelmünket. Óvoda, iskolák, gimnázium, posta, bank, orvosi rendelő, Bajcsy Zsilinszky Kórház, gyógyszertár is megtalálható a közelben. Továbbá uszoda, wellness szalon, szabadidő park, Óhegy park, Mély-tó, játszótér, futópálya sétatávolságra. Az ideális bérlő önmagára és környezetére is maximálisan igényes. Megbízható, korrekt, a lakást (jó értelemben) a sajátjaként kezelő lakót keresek. A lakást a bérlés időtartama alatt havonta 1 alkalommal egy előre egyeztetett időpontban közösen meg kívánom tekinteni, hogy ellenőrizzem annak állapotát. Megtekinthető előre egyeztetett időpontban. Közvetítő segítségét nem kérem, köszönöm!", "oldal_allapot": "hirdetes", "leiras_hossz": 2653.0, "fenykepek_szama": 6.0, "lat_portal": 47.474578, "lon_portal": 19.159915, "portal_pozicio_sugar_m": null, "price_eur": null, "nm_ar_eur": null, "kozos_koltseg_eur": null, "rezsikoltseg_eur": null, "kaucio_eur": null, "parkolas": "utca, közterület - ingyenes", "parkolohely_ara": null, "parkolohelyek_szama": null, "pince": "nan", "napelem": "nan", "komfort": "összkomfortos", "belmagassag_raw": "3 m-nél alacsonyabb", "akadalymentesitett": "igen", "furdo_wc": "külön helyiségben", "tajolas": "délkelet", "kilatas": "panorámás", "szigeteles": "van", "tetoter": "nan", "panelprogram": "nan", "gepesitett": "igen", "kisallat": "nem hozható", "dohanyzas": "nem megengedett", "atlag_gazfogyasztas": "nincs megadva", "atlag_aramfogyasztas": "nincs megadva", "tavolsag_metro_halozati_m": null, "menetido_metro_gyalog_perc": null, "metro_5p_seta": 0, "metro_10p_seta": 0, "metro_15p_seta": 0, "tavolsag_villamos_halozati_m": null, "menetido_villamos_gyalog_perc": null, "villamos_5p_seta": 0, "villamos_10p_seta": 0, "villamos_15p_seta": 0, "tavolsag_busz_halozati_m": null, "menetido_busz_gyalog_perc": null, "busz_5p_seta": 0, "busz_10p_seta": 0, "busz_15p_seta": 0, "tavolsag_kotottpalya_halozati_m": null, "menetido_kotottpalya_gyalog_perc": null, "kotottpalya_5p_seta": 0, "kotottpalya_10p_seta": 0, "kotottpalya_15p_seta": 0, "tavolsag_park_halozati_m": null, "menetido_park_gyalog_perc": null, "park_5p_seta": 0, "park_10p_seta": 0, "park_15p_seta": 0, "poi_5p_count": null, "poi_10p_count": null, "poi_15p_count": null, "tavolsag_iskola_halozati_m": null, "iskola_5p_seta": 0, "iskola_10p_seta": 0, "iskola_15p_seta": 0, "tavolsag_ovoda_halozati_m": null, "ovoda_5p_seta": 0, "ovoda_10p_seta": 0, "ovoda_15p_seta": 0, "tavolsag_bolt_halozati_m": null, "bolt_5p_seta": 0, "bolt_10p_seta": 0, "bolt_15p_seta": 0, "tavolsag_gyogyszertar_halozati_m": null, "gyogyszertar_5p_seta": 0, "gyogyszertar_10p_seta": 0, "gyogyszertar_15p_seta": 0, "tavolsag_orvos_halozati_m": null, "orvos_5p_seta": 0, "orvos_10p_seta": 0, "orvos_15p_seta": 0, "legkozelebbi_vasut": "", "legkozelebbi_metro": "", "legkozelebbi_villamos": "", "legkozelebbi_busz": "", "legkozelebbi_park": "", "legkozelebbi_kotottpalya_tipus": "", "varosresz_geokodolt": "Óhegy", "geokodolas_szolgaltato": "nominatim/photon", "felhasznalt_hazszam": 160.0, "legkozelebbi_iskola": "", "legkozelebbi_ovoda": "", "legkozelebbi_bolt": "", "legkozelebbi_gyogyszertar": "", "legkozelebbi_orvos": "", "menetido_iskola_gyalog_perc": null, "menetido_ovoda_gyalog_perc": null, "menetido_bolt_gyalog_perc": null, "menetido_gyogyszertar_gyalog_perc": null, "menetido_orvos_gyalog_perc": null }, "geometry": { "type": "Point", "coordinates": [ 19.1598588, 47.4747217 ] } },
{ "type": "Feature", "properties": { "listing_id": "35599458", "listing_type": "kiado", "ingatlan_tipus": "ipari", "cim_teljes": "Budapest X. kerület, Gyömrői út 120.", "iranyitoszam": "1103", "varos": "Budapest", "utca": "Gyömrői út", "hazszam": "120", "cim_forras": "strukturalt", "url": "https://ingatlan.com/x-ker/kiado+ipari/egyeb-ipari-ingatlan/35599458", "gyujtes_datuma": "2026-10-08", "price_huf": 912.0, "ar_millio_ft": 0.000912, "ar_ezer_ft_ho": 0.912, "nm_ar_huf": 0.058819735569171236, "log_ar": 6.815639990074331, "log_nm_ar": -2.8332778414602178, "is_ar_outlier": 1, "alapterulet_nm": 15505.0, "korrigalt_alapterulet_nm": 15505.0, "szobaszam_osszes": null, "szobaszam_kategoria": null, "allapot_kod": 0, "is_felujitando": 0, "is_ujszeru_vagy_uj": 0, "is_panel": 0, "is_tegla": 0, "has_lift": 1, "has_klima": 1, "has_erkely": 0, "is_foldszint": 0, "is_zaroszint": 0, "is_tetoter": 0, "epulet_kora_ev": null, "geokodolt_lat": 47.4646673, "geokodolt_lon": 19.1587027, "geokodolas_modszere": "cim_nominatim", "geokodolas_pontossag": "hazszam", "minta_garantalt_pontos": 1, "tavolsag_vasut_m": 276.0, "vasut_zona": "150-300 m", "is_vasut_immisszio_150m": 0, "tavolsag_vasut_halozati_m": null, "menetido_vasut_gyalog_perc": null, "vasut_5p_seta": 0, "vasut_10p_seta": 0, "vasut_15p_seta": 0, "is_duplikalt_gyanus": 0, "varosresz": "Újhegy", "title": "Ingatlan kép", "allapot": "nan", "ingatlan_altipus": "egyeb-ipari-ingatlan", "epites_eve": null, "epites_eve_kategoria": "Ismeretlen", "epites_eve_szoveg": "nan", "epites_eve_becsult": null, "erkely_nm": null, "szobaszam_egesz": null, "szobaszam_fel": null, "atlagos_szobameret_nm": null, "emelet": "nan", "emelet_szam": null, "epulet_szintjei_szam": null, "is_magas_emelet_lift_nelkul": 0, "futes": "nan", "futes_kategoria": "egyeb", "has_tavfutes": 0, "has_konvektor": 0, "has_megujulo": 0, "has_garazs_vagy_beallo": 0, "energetikai_tanusitvany": "nincs megadva", "butorozott": "nan", "koltozheto": "nincs megadva", "min_berleti_ido": "36 hónap", "kertkapcsolatos": "nan", "kozos_koltseg_huf": null, "rezsikoltseg_huf": null, "kaucio_huf": null, "hirdeto_tipus": null, "iroda_neve": null, "leiras": "Kiadó iroda-, gyártó-, labor- és ipari területek Budapesten, a X. kerületben – már 3,5 EUR/m²/hó + ÁFA ártól Kiváló elhelyezkedésű, campus jellegű üzleti és ipari ingatlanban kiadó iroda-, gyártó-, laboratóriumi és egyéb ipari hasznosításra alkalmas területek Budapest X. kerületében, a belváros és a Liszt Ferenc Nemzetközi Repülőtér között. Az ingatlan egyik legnagyobb előnye a rendkívül kedvező, már 3,5 EUR/m²/hó + ÁFA összegtől elérhető bérleti díj, amely különösen vonzó lehet nagyobb területigény esetén. A campus több különálló épületből áll, így kisebb és több ezer négyzetméteres területigény kiszolgálására egyaránt alkalmas. Elérhető területek: A épület – 5 400 m² GLA Többszintes irodaépület, rugalmasan kialakítható irodaterületekkel. B épület – 2 510 m² GLA Irodai funkciójú, többszintes épület. Jelenleg kínált terület: kb. 2 188 m² iroda. C épület – 5 352 m² GLA Gyártási, irodai és laboratóriumi funkciókra egyaránt alkalmas területek. Jelenleg kínált egységek: C1 – kb. 2 450 m², illetve C2 – kb. 2 387 m², akár együttesen is. D épület – 1 703 m² GLA Földszint és 1. emelet: labor-, illetve gyártási funkció. 2–4. emelet: irodaterületek. A campus további földszintes raktár- és ipari épületekkel is rendelkezik. Bérleti díj: már 3,5 EUR/m²/hó + ÁFA összegtől. Közös költség / üzemeltetés: az igénybe vett szolgáltatások függvényében. Az ingatlan ideális lehet olyan vállalkozások számára, amelyek kedvező budapesti bérleti díj mellett keresnek irodát, gyártóterületet, laboratóriumot, műszaki/fejlesztési területet vagy ezek kombinációját. A többépületes campus lehetőséget biztosít arra is, hogy egy vállalkozás irodai és ipari funkcióit egy telephelyen helyezze el, illetve későbbi növekedés esetén további területekkel bővüljön. Kedvező ár – budapesti lokáció – rugalmas területméretek – többféle hasznosítás.", "oldal_allapot": "hirdetes", "leiras_hossz": 1832.0, "fenykepek_szama": null, "lat_portal": 47.464796, "lon_portal": 19.157601, "portal_pozicio_sugar_m": null, "price_eur": null, "nm_ar_eur": null, "kozos_koltseg_eur": null, "rezsikoltseg_eur": null, "kaucio_eur": null, "parkolas": "nan", "parkolohely_ara": null, "parkolohelyek_szama": null, "pince": "nan", "napelem": "nan", "komfort": "nan", "belmagassag_raw": "nan", "akadalymentesitett": "nan", "furdo_wc": "nan", "tajolas": "nan", "kilatas": "nan", "szigeteles": "nan", "tetoter": "nan", "panelprogram": "nan", "gepesitett": "nan", "kisallat": "nan", "dohanyzas": "nan", "atlag_gazfogyasztas": "nan", "atlag_aramfogyasztas": "nan", "tavolsag_metro_halozati_m": null, "menetido_metro_gyalog_perc": null, "metro_5p_seta": 0, "metro_10p_seta": 0, "metro_15p_seta": 0, "tavolsag_villamos_halozati_m": null, "menetido_villamos_gyalog_perc": null, "villamos_5p_seta": 0, "villamos_10p_seta": 0, "villamos_15p_seta": 0, "tavolsag_busz_halozati_m": null, "menetido_busz_gyalog_perc": null, "busz_5p_seta": 0, "busz_10p_seta": 0, "busz_15p_seta": 0, "tavolsag_kotottpalya_halozati_m": null, "menetido_kotottpalya_gyalog_perc": null, "kotottpalya_5p_seta": 0, "kotottpalya_10p_seta": 0, "kotottpalya_15p_seta": 0, "tavolsag_park_halozati_m": null, "menetido_park_gyalog_perc": null, "park_5p_seta": 0, "park_10p_seta": 0, "park_15p_seta": 0, "poi_5p_count": null, "poi_10p_count": null, "poi_15p_count": null, "tavolsag_iskola_halozati_m": null, "iskola_5p_seta": 0, "iskola_10p_seta": 0, "iskola_15p_seta": 0, "tavolsag_ovoda_halozati_m": null, "ovoda_5p_seta": 0, "ovoda_10p_seta": 0, "ovoda_15p_seta": 0, "tavolsag_bolt_halozati_m": null, "bolt_5p_seta": 0, "bolt_10p_seta": 0, "bolt_15p_seta": 0, "tavolsag_gyogyszertar_halozati_m": null, "gyogyszertar_5p_seta": 0, "gyogyszertar_10p_seta": 0, "gyogyszertar_15p_seta": 0, "tavolsag_orvos_halozati_m": null, "orvos_5p_seta": 0, "orvos_10p_seta": 0, "orvos_15p_seta": 0, "legkozelebbi_vasut": "", "legkozelebbi_metro": "", "legkozelebbi_villamos": "", "legkozelebbi_busz": "", "legkozelebbi_park": "", "legkozelebbi_kotottpalya_tipus": "", "varosresz_geokodolt": "Újhegy", "geokodolas_szolgaltato": "nominatim/photon", "felhasznalt_hazszam": 120.0, "legkozelebbi_iskola": "", "legkozelebbi_ovoda": "", "legkozelebbi_bolt": "", "legkozelebbi_gyogyszertar": "", "legkozelebbi_orvos": "", "menetido_iskola_gyalog_perc": null, "menetido_ovoda_gyalog_perc": null, "menetido_bolt_gyalog_perc": null, "menetido_gyogyszertar_gyalog_perc": null, "menetido_orvos_gyalog_perc": null }, "geometry": { "type": "Point", "coordinates": [ 19.1587027, 47.4646673 ] } },
{ "type": "Feature", "properties": { "listing_id": "35601479", "listing_type": "kiado", "ingatlan_tipus": "garazs", "cim_teljes": "Budapest X. kerület, Kőbányai út 43B", "iranyitoszam": "1101", "varos": "Budapest", "utca": "Kőbányai út", "hazszam": "43B", "cim_forras": "strukturalt", "url": "https://ingatlan.com/x-ker/kiado+garazs/teremgarazs-hely/35601479", "gyujtes_datuma": "2026-10-08", "price_huf": 21000.0, "ar_millio_ft": 0.021, "ar_ezer_ft_ho": 21.0, "nm_ar_huf": 840.0, "log_ar": 9.9522777167055594, "log_nm_ar": 6.7334018918373593, "is_ar_outlier": 1, "alapterulet_nm": 25.0, "korrigalt_alapterulet_nm": 25.0, "szobaszam_osszes": null, "szobaszam_kategoria": null, "allapot_kod": 3, "is_felujitando": 0, "is_ujszeru_vagy_uj": 0, "is_panel": 0, "is_tegla": 0, "has_lift": 1, "has_klima": 1, "has_erkely": 0, "is_foldszint": 0, "is_zaroszint": 0, "is_tetoter": 0, "epulet_kora_ev": 25.0, "geokodolt_lat": 47.4847988, "geokodolt_lon": 19.1127776, "geokodolas_modszere": "cim_nominatim", "geokodolas_pontossag": "hazszam", "minta_garantalt_pontos": 1, "tavolsag_vasut_m": 363.5, "vasut_zona": "300-500 m", "is_vasut_immisszio_150m": 0, "tavolsag_vasut_halozati_m": 1227.0, "menetido_vasut_gyalog_perc": 16.4, "vasut_5p_seta": 0, "vasut_10p_seta": 0, "vasut_15p_seta": 0, "is_duplikalt_gyanus": 0, "varosresz": "Népliget", "title": "Ingatlan kép", "allapot": "jó állapotú", "ingatlan_altipus": "teremgarazs-hely", "epites_eve": 2001.0, "epites_eve_kategoria": "10-30 év (rendszerváltás utáni)", "epites_eve_szoveg": "2001 és 2010 között", "epites_eve_becsult": null, "erkely_nm": null, "szobaszam_egesz": null, "szobaszam_fel": null, "atlagos_szobameret_nm": null, "emelet": "nan", "emelet_szam": null, "epulet_szintjei_szam": null, "is_magas_emelet_lift_nelkul": 0, "futes": "nan", "futes_kategoria": "egyeb", "has_tavfutes": 0, "has_konvektor": 0, "has_megujulo": 0, "has_garazs_vagy_beallo": 0, "energetikai_tanusitvany": "nan", "butorozott": "nan", "koltozheto": "azonnal", "min_berleti_ido": "6 hónap", "kertkapcsolatos": "nan", "kozos_koltseg_huf": null, "rezsikoltseg_huf": null, "kaucio_huf": null, "hirdeto_tipus": null, "iroda_neve": null, "leiras": "Dupla beálló kiadó. Egymás mellett lévő két széles hely kiadó egyben kedvezőbb áron. A feltünetett ár egy darabra vonatkozik, összesen tehát 42 eFt + 2 közös költség (jelenleg 2800 Ft). Egyenként 24 eFt + közös költség. A belvárostól (Kálvin tér) 10 perc autóval, az Eiffel Műhelyházzal szemben. Mobilos bejutás, nincs kaució! Kényelmesen parkolható beállók. WhatsApp-on és Viberen is elérhető vagyok.", "oldal_allapot": "hirdetes", "leiras_hossz": 401.0, "fenykepek_szama": 4.0, "lat_portal": 47.484761, "lon_portal": 19.112764, "portal_pozicio_sugar_m": null, "price_eur": null, "nm_ar_eur": null, "kozos_koltseg_eur": null, "rezsikoltseg_eur": null, "kaucio_eur": null, "parkolas": "nan", "parkolohely_ara": null, "parkolohelyek_szama": 2.0, "pince": "nan", "napelem": "nan", "komfort": "nan", "belmagassag_raw": "nan", "akadalymentesitett": "nan", "furdo_wc": "nan", "tajolas": "nan", "kilatas": "nan", "szigeteles": "nan", "tetoter": "nan", "panelprogram": "nan", "gepesitett": "nan", "kisallat": "nan", "dohanyzas": "nan", "atlag_gazfogyasztas": "nan", "atlag_aramfogyasztas": "nan", "tavolsag_metro_halozati_m": 1770.6, "menetido_metro_gyalog_perc": 23.6, "metro_5p_seta": 0, "metro_10p_seta": 0, "metro_15p_seta": 0, "tavolsag_villamos_halozati_m": 171.0, "menetido_villamos_gyalog_perc": 2.3, "villamos_5p_seta": 1, "villamos_10p_seta": 1, "villamos_15p_seta": 1, "tavolsag_busz_halozati_m": 175.5, "menetido_busz_gyalog_perc": 2.3, "busz_5p_seta": 1, "busz_10p_seta": 1, "busz_15p_seta": 1, "tavolsag_kotottpalya_halozati_m": 171.0, "menetido_kotottpalya_gyalog_perc": 2.3, "kotottpalya_5p_seta": 1, "kotottpalya_10p_seta": 1, "kotottpalya_15p_seta": 1, "tavolsag_park_halozati_m": 218.9, "menetido_park_gyalog_perc": 2.9, "park_5p_seta": 1, "park_10p_seta": 1, "park_15p_seta": 1, "poi_5p_count": 8.0, "poi_10p_count": 20.0, "poi_15p_count": 51.0, "tavolsag_iskola_halozati_m": 908.7, "iskola_5p_seta": 0, "iskola_10p_seta": 0, "iskola_15p_seta": 1, "tavolsag_ovoda_halozati_m": 1334.7, "ovoda_5p_seta": 0, "ovoda_10p_seta": 0, "ovoda_15p_seta": 0, "tavolsag_bolt_halozati_m": 138.4, "bolt_5p_seta": 1, "bolt_10p_seta": 1, "bolt_15p_seta": 1, "tavolsag_gyogyszertar_halozati_m": 143.4, "gyogyszertar_5p_seta": 1, "gyogyszertar_10p_seta": 1, "gyogyszertar_15p_seta": 1, "tavolsag_orvos_halozati_m": null, "orvos_5p_seta": 0, "orvos_10p_seta": 0, "orvos_15p_seta": 0, "legkozelebbi_vasut": "Kőbánya alsó", "legkozelebbi_metro": "", "legkozelebbi_villamos": "Eiffel Műhelyház", "legkozelebbi_busz": "Eiffel Műhelyház", "legkozelebbi_park": "", "legkozelebbi_kotottpalya_tipus": "villamos", "varosresz_geokodolt": "Népliget", "geokodolas_szolgaltato": "nominatim/photon", "felhasznalt_hazszam": 43.0, "legkozelebbi_iskola": "Szervátiusz Jenő Általános Iskola", "legkozelebbi_ovoda": "The English Garden - angol óvoda", "legkozelebbi_bolt": "SYZÉ Kft. Élelmiszerbolt, Fornetti", "legkozelebbi_gyogyszertar": "Szent László Patika", "legkozelebbi_orvos": "", "menetido_iskola_gyalog_perc": 12.1, "menetido_ovoda_gyalog_perc": 17.8, "menetido_bolt_gyalog_perc": 1.8, "menetido_gyogyszertar_gyalog_perc": 1.9, "menetido_orvos_gyalog_perc": null }, "geometry": { "type": "Point", "coordinates": [ 19.1127776, 47.4847988 ] } },
{ "type": "Feature", "properties": { "listing_id": "35603080", "listing_type": "kiado", "ingatlan_tipus": "garazs", "cim_teljes": "Budapest X. kerület, Gyógyszergyári utca 8.", "iranyitoszam": "1106", "varos": "Budapest", "utca": "Gyógyszergyári utca", "hazszam": "8", "cim_forras": "strukturalt", "url": "https://ingatlan.com/x-ker/kiado+garazs/teremgarazs-hely/35603080", "gyujtes_datuma": "2026-10-08", "price_huf": 25000.0, "ar_millio_ft": 0.025, "ar_ezer_ft_ho": 25.0, "nm_ar_huf": 1785.7142857142858, "log_ar": 10.126631103850338, "log_nm_ar": 7.487573774235079, "is_ar_outlier": 1, "alapterulet_nm": 14.0, "korrigalt_alapterulet_nm": 14.0, "szobaszam_osszes": null, "szobaszam_kategoria": null, "allapot_kod": 0, "is_felujitando": 0, "is_ujszeru_vagy_uj": 0, "is_panel": 0, "is_tegla": 0, "has_lift": 1, "has_klima": 1, "has_erkely": 0, "is_foldszint": 0, "is_zaroszint": 0, "is_tetoter": 0, "epulet_kora_ev": null, "geokodolt_lat": 47.4983016, "geokodolt_lon": 19.14218, "geokodolas_modszere": "cim_nominatim", "geokodolas_pontossag": "hazszam", "minta_garantalt_pontos": 1, "tavolsag_vasut_m": 590.0, "vasut_zona": "500-1000 m", "is_vasut_immisszio_150m": 0, "tavolsag_vasut_halozati_m": 1505.7, "menetido_vasut_gyalog_perc": 20.1, "vasut_5p_seta": 0, "vasut_10p_seta": 0, "vasut_15p_seta": 0, "is_duplikalt_gyanus": 0, "varosresz": "Felsőrákos", "title": "Ingatlan kép", "allapot": "nincs megadva", "ingatlan_altipus": "teremgarazs-hely", "epites_eve": null, "epites_eve_kategoria": "Ismeretlen", "epites_eve_szoveg": "nincs megadva", "epites_eve_becsult": null, "erkely_nm": null, "szobaszam_egesz": null, "szobaszam_fel": null, "atlagos_szobameret_nm": null, "emelet": "nan", "emelet_szam": null, "epulet_szintjei_szam": null, "is_magas_emelet_lift_nelkul": 0, "futes": "nan", "futes_kategoria": "egyeb", "has_tavfutes": 0, "has_konvektor": 0, "has_megujulo": 0, "has_garazs_vagy_beallo": 0, "energetikai_tanusitvany": "nan", "butorozott": "nan", "koltozheto": "nincs megadva", "min_berleti_ido": "nincs megadva", "kertkapcsolatos": "nan", "kozos_koltseg_huf": null, "rezsikoltseg_huf": null, "kaucio_huf": null, "hirdeto_tipus": null, "iroda_neve": null, "leiras": "Kiadó a K2 épület teremgarázsában lévő beállóhely. Kényelmes méretű parkolóhely Méret: 14 m2 Elektromos töltésre nem alkalmas. Bérelhető akár azonnali határidővel. Ár: 25.000 Ft/ hó (közös költséggel együtt)", "oldal_allapot": "hirdetes", "leiras_hossz": 207.0, "fenykepek_szama": 4.0, "lat_portal": 47.49801, "lon_portal": 19.142693, "portal_pozicio_sugar_m": null, "price_eur": null, "nm_ar_eur": null, "kozos_koltseg_eur": null, "rezsikoltseg_eur": null, "kaucio_eur": null, "parkolas": "nan", "parkolohely_ara": null, "parkolohelyek_szama": null, "pince": "nan", "napelem": "nan", "komfort": "nan", "belmagassag_raw": "nan", "akadalymentesitett": "nan", "furdo_wc": "nan", "tajolas": "nan", "kilatas": "nan", "szigeteles": "nan", "tetoter": "nan", "panelprogram": "nan", "gepesitett": "nan", "kisallat": "nan", "dohanyzas": "nan", "atlag_gazfogyasztas": "nan", "atlag_aramfogyasztas": "nan", "tavolsag_metro_halozati_m": null, "menetido_metro_gyalog_perc": null, "metro_5p_seta": 0, "metro_10p_seta": 0, "metro_15p_seta": 0, "tavolsag_villamos_halozati_m": 607.2, "menetido_villamos_gyalog_perc": 8.1, "villamos_5p_seta": 0, "villamos_10p_seta": 1, "villamos_15p_seta": 1, "tavolsag_busz_halozati_m": 629.5, "menetido_busz_gyalog_perc": 8.4, "busz_5p_seta": 0, "busz_10p_seta": 1, "busz_15p_seta": 1, "tavolsag_kotottpalya_halozati_m": 607.2, "menetido_kotottpalya_gyalog_perc": 8.1, "kotottpalya_5p_seta": 0, "kotottpalya_10p_seta": 1, "kotottpalya_15p_seta": 1, "tavolsag_park_halozati_m": 1260.3, "menetido_park_gyalog_perc": 16.8, "park_5p_seta": 0, "park_10p_seta": 0, "park_15p_seta": 0, "poi_5p_count": 0.0, "poi_10p_count": 4.0, "poi_15p_count": 18.0, "tavolsag_iskola_halozati_m": null, "iskola_5p_seta": 0, "iskola_10p_seta": 0, "iskola_15p_seta": 0, "tavolsag_ovoda_halozati_m": 1570.0, "ovoda_5p_seta": 0, "ovoda_10p_seta": 0, "ovoda_15p_seta": 0, "tavolsag_bolt_halozati_m": 1845.6, "bolt_5p_seta": 0, "bolt_10p_seta": 0, "bolt_15p_seta": 0, "tavolsag_gyogyszertar_halozati_m": 1334.3, "gyogyszertar_5p_seta": 0, "gyogyszertar_10p_seta": 0, "gyogyszertar_15p_seta": 0, "tavolsag_orvos_halozati_m": null, "orvos_5p_seta": 0, "orvos_10p_seta": 0, "orvos_15p_seta": 0, "legkozelebbi_vasut": "Kőbánya felső", "legkozelebbi_metro": "", "legkozelebbi_villamos": "Terebesi utca", "legkozelebbi_busz": "Terebesi utca", "legkozelebbi_park": "", "legkozelebbi_kotottpalya_tipus": "villamos", "varosresz_geokodolt": "Felsőrákos", "geokodolas_szolgaltato": "nominatim/photon", "felhasznalt_hazszam": 8.0, "legkozelebbi_iskola": "", "legkozelebbi_ovoda": "Apró csodák Bölcsőde", "legkozelebbi_bolt": "", "legkozelebbi_gyogyszertar": "Harmat Patika", "legkozelebbi_orvos": "", "menetido_iskola_gyalog_perc": null, "menetido_ovoda_gyalog_perc": 20.9, "menetido_bolt_gyalog_perc": 24.6, "menetido_gyogyszertar_gyalog_perc": 17.8, "menetido_orvos_gyalog_perc": null }, "geometry": { "type": "Point", "coordinates": [ 19.14218, 47.4983016 ] } },
{ "type": "Feature", "properties": { "listing_id": "35603212", "listing_type": "kiado", "ingatlan_tipus": "lakas", "cim_teljes": "Budapest X. kerület, Pára utca 4.", "iranyitoszam": "1108", "varos": "Budapest", "utca": "Pára utca", "hazszam": "4", "cim_forras": "strukturalt", "url": "https://ingatlan.com/x-ker/kiado+lakas/panel-lakas/35603212", "gyujtes_datuma": "2026-10-08", "price_huf": 180000.0, "ar_millio_ft": 0.18, "ar_ezer_ft_ho": 180.0, "nm_ar_huf": 3673.4693877551022, "log_ar": 12.100712129872347, "log_nm_ar": 8.2088918317617203, "is_ar_outlier": 0, "alapterulet_nm": 49.0, "korrigalt_alapterulet_nm": 50.0, "szobaszam_osszes": 2.0, "szobaszam_kategoria": "2 szoba", "allapot_kod": 2, "is_felujitando": 1, "is_ujszeru_vagy_uj": 0, "is_panel": 1, "is_tegla": 0, "has_lift": 1, "has_klima": 0, "has_erkely": 1, "is_foldszint": 0, "is_zaroszint": 0, "is_tetoter": 0, "epulet_kora_ev": 45.0, "geokodolt_lat": 47.4685994, "geokodolt_lon": 19.1626628, "geokodolas_modszere": "cim_nominatim", "geokodolas_pontossag": "hazszam", "minta_garantalt_pontos": 1, "tavolsag_vasut_m": 787.9, "vasut_zona": "500-1000 m", "is_vasut_immisszio_150m": 0, "tavolsag_vasut_halozati_m": null, "menetido_vasut_gyalog_perc": null, "vasut_5p_seta": 0, "vasut_10p_seta": 0, "vasut_15p_seta": 0, "is_duplikalt_gyanus": 0, "varosresz": "Újhegy", "title": "Ingatlan kép", "allapot": "közepes állapotú", "ingatlan_altipus": "panel-lakas", "epites_eve": 1981.0, "epites_eve_kategoria": "30-60 év (panel-korszak)", "epites_eve_szoveg": "1981 és 2000 között", "epites_eve_becsult": null, "erkely_nm": 2.0, "szobaszam_egesz": 2.0, "szobaszam_fel": 0.0, "atlagos_szobameret_nm": 25.0, "emelet": "4", "emelet_szam": 4.0, "epulet_szintjei_szam": 10.0, "is_magas_emelet_lift_nelkul": 0, "futes": "távfűtés", "futes_kategoria": "tavfutes", "has_tavfutes": 1, "has_konvektor": 0, "has_megujulo": 0, "has_garazs_vagy_beallo": 0, "energetikai_tanusitvany": "nincs megadva", "butorozott": "igen", "koltozheto": "azonnal", "min_berleti_ido": "12 hónap", "kertkapcsolatos": "nem", "kozos_koltseg_huf": 15000.0, "rezsikoltseg_huf": 35000.0, "kaucio_huf": null, "hirdeto_tipus": null, "iroda_neve": null, "leiras": "Csendes, zöldövezeti bútorozott panel lakás a Bánya-tó mellett – hosszú távra, stabil bérlőnek Kiadó egy 49 m²-es, 2 szobás, bútorozott panel lakás a X. kerületi Pára utcában, a Bánya-tó mellett. Az épület 1986-ban épült, a lakás a 4. emeleten található, lift van. Amit a lakás nyújt: Bútorozott, azonnal költözhető – mosógép, hűtő, mikró, kábelTV kiépítve. Mosogatógép nincs. Erkély – a csendes lakótelepi környezetre néz. Ingyenes parkolás – az épület előtt és mögött is lehet parkolni. Közepes, tiszta állapot – friss tisztasági festés, rendeltetésszerű használatra kiváló. Klíma nincs, de a tó közelsége és az erkély nyáron is kellemesebb klímát biztosít. Környezet, elhelyezkedés: 3 perc séta a buszmegállóig, mindkét irányban fő tömegközlekedési csomópontok felé indulnak a járatok. 5–10 perc sétára több élelmiszerbolt, 10 percre egyéb vásárlási lehetőségek. Több általános iskola és óvoda a közelben, gimnázium 3 buszmegállóra. Háziorvosi rendelő 4–5 perc gyalog. A Bánya-tó közvetlen közelsége – séta, kikapcsolódás a természetben, mindezt a városon belül. Kinek ajánlom: Olyan stabil anyagi hátterű magánszemélynek vagy családnak, aki hosszú távra (kb. 3 évre) keres otthont, és fontos számára a nyugodt, csendes környezet, a jó közlekedés és az ingyenes parkolás. Fontos tudnivalók: Rezsi nélküli bérleti díj: 180 000 Ft/hó. Kaució: 1 havi bérleti díj. Bérlőszűrés: jövedelemigazolás szükséges. Érdeklődni üzenetben lehet. Kérem, röviden írja le, kik költöznének a lakásba, és mennyi időre terveznek.", "oldal_allapot": "hirdetes", "leiras_hossz": 1511.0, "fenykepek_szama": 6.0, "lat_portal": 47.468513, "lon_portal": 19.162901, "portal_pozicio_sugar_m": null, "price_eur": null, "nm_ar_eur": null, "kozos_koltseg_eur": null, "rezsikoltseg_eur": null, "kaucio_eur": null, "parkolas": "utca, közterület - ingyenes", "parkolohely_ara": null, "parkolohelyek_szama": null, "pince": "nan", "napelem": "nan", "komfort": "összkomfortos", "belmagassag_raw": "3 m-nél alacsonyabb", "akadalymentesitett": "igen", "furdo_wc": "külön helyiségben", "tajolas": "délnyugat", "kilatas": "utcai", "szigeteles": "nincs", "tetoter": "nem tetőtéri", "panelprogram": "nem vett részt", "gepesitett": "igen", "kisallat": "nincs megadva", "dohanyzas": "nem megengedett", "atlag_gazfogyasztas": "nincs megadva", "atlag_aramfogyasztas": "nincs megadva", "tavolsag_metro_halozati_m": null, "menetido_metro_gyalog_perc": null, "metro_5p_seta": 0, "metro_10p_seta": 0, "metro_15p_seta": 0, "tavolsag_villamos_halozati_m": null, "menetido_villamos_gyalog_perc": null, "villamos_5p_seta": 0, "villamos_10p_seta": 0, "villamos_15p_seta": 0, "tavolsag_busz_halozati_m": null, "menetido_busz_gyalog_perc": null, "busz_5p_seta": 0, "busz_10p_seta": 0, "busz_15p_seta": 0, "tavolsag_kotottpalya_halozati_m": null, "menetido_kotottpalya_gyalog_perc": null, "kotottpalya_5p_seta": 0, "kotottpalya_10p_seta": 0, "kotottpalya_15p_seta": 0, "tavolsag_park_halozati_m": null, "menetido_park_gyalog_perc": null, "park_5p_seta": 0, "park_10p_seta": 0, "park_15p_seta": 0, "poi_5p_count": null, "poi_10p_count": null, "poi_15p_count": null, "tavolsag_iskola_halozati_m": null, "iskola_5p_seta": 0, "iskola_10p_seta": 0, "iskola_15p_seta": 0, "tavolsag_ovoda_halozati_m": null, "ovoda_5p_seta": 0, "ovoda_10p_seta": 0, "ovoda_15p_seta": 0, "tavolsag_bolt_halozati_m": null, "bolt_5p_seta": 0, "bolt_10p_seta": 0, "bolt_15p_seta": 0, "tavolsag_gyogyszertar_halozati_m": null, "gyogyszertar_5p_seta": 0, "gyogyszertar_10p_seta": 0, "gyogyszertar_15p_seta": 0, "tavolsag_orvos_halozati_m": null, "orvos_5p_seta": 0, "orvos_10p_seta": 0, "orvos_15p_seta": 0, "legkozelebbi_vasut": "", "legkozelebbi_metro": "", "legkozelebbi_villamos": "", "legkozelebbi_busz": "", "legkozelebbi_park": "", "legkozelebbi_kotottpalya_tipus": "", "varosresz_geokodolt": "Újhegy", "geokodolas_szolgaltato": "nominatim/photon", "felhasznalt_hazszam": 4.0, "legkozelebbi_iskola": "", "legkozelebbi_ovoda": "", "legkozelebbi_bolt": "", "legkozelebbi_gyogyszertar": "", "legkozelebbi_orvos": "", "menetido_iskola_gyalog_perc": null, "menetido_ovoda_gyalog_perc": null, "menetido_bolt_gyalog_perc": null, "menetido_gyogyszertar_gyalog_perc": null, "menetido_orvos_gyalog_perc": null }, "geometry": { "type": "Point", "coordinates": [ 19.1626628, 47.4685994 ] } },
{ "type": "Feature", "properties": { "listing_id": "35606401", "listing_type": "kiado", "ingatlan_tipus": "lakas", "cim_teljes": "Budapest X. kerület, Kolozsvári utca 39.", "iranyitoszam": "1102", "varos": "Budapest", "utca": "Kolozsvári utca", "hazszam": "39", "cim_forras": "strukturalt", "url": "https://ingatlan.com/x-ker/kiado+lakas/tegla-lakas/35606401", "gyujtes_datuma": "2026-10-08", "price_huf": 150000.0, "ar_millio_ft": 0.15, "ar_ezer_ft_ho": 150.0, "nm_ar_huf": 4285.7142857142853, "log_ar": 11.918390573078392, "log_nm_ar": 8.3630425115889793, "is_ar_outlier": 0, "alapterulet_nm": 35.0, "korrigalt_alapterulet_nm": 35.0, "szobaszam_osszes": 1.0, "szobaszam_kategoria": "1 szoba", "allapot_kod": 3, "is_felujitando": 0, "is_ujszeru_vagy_uj": 0, "is_panel": 0, "is_tegla": 1, "has_lift": 0, "has_klima": 0, "has_erkely": 0, "is_foldszint": 0, "is_zaroszint": 0, "is_tetoter": 0, "epulet_kora_ev": 76.0, "geokodolt_lat": 47.3950924, "geokodolt_lon": 19.0047139, "geokodolas_modszere": "cim_nominatim", "geokodolas_pontossag": "hazszam", "minta_garantalt_pontos": 1, "tavolsag_vasut_m": 9348.2, "vasut_zona": ">2000 m (referencia)", "is_vasut_immisszio_150m": 0, "tavolsag_vasut_halozati_m": null, "menetido_vasut_gyalog_perc": null, "vasut_5p_seta": 0, "vasut_10p_seta": 0, "vasut_15p_seta": 0, "is_duplikalt_gyanus": 0, "varosresz": "Nagytétény", "title": "Nincs kép", "allapot": "jó állapotú", "ingatlan_altipus": "tegla-lakas", "epites_eve": 1950.0, "epites_eve_kategoria": "60+ év (háború előtti)", "epites_eve_szoveg": "1950 és 1980 között", "epites_eve_becsult": null, "erkely_nm": null, "szobaszam_egesz": 1.0, "szobaszam_fel": 0.0, "atlagos_szobameret_nm": 35.0, "emelet": "1", "emelet_szam": 1.0, "epulet_szintjei_szam": 3.0, "is_magas_emelet_lift_nelkul": 0, "futes": "gáz (konvektor)", "futes_kategoria": "egyeb", "has_tavfutes": 0, "has_konvektor": 1, "has_megujulo": 0, "has_garazs_vagy_beallo": 0, "energetikai_tanusitvany": "nincs megadva", "butorozott": "részben", "koltozheto": "azonnal", "min_berleti_ido": "12 hónap", "kertkapcsolatos": "nincs megadva", "kozos_koltseg_huf": null, "rezsikoltseg_huf": null, "kaucio_huf": null, "hirdeto_tipus": null, "iroda_neve": null, "leiras": "Kőbányán, Kőbánya felső vasútállomás 2 perces közelségben 35 nm garzon kiadó. 1 vagy 2 ember részére tökéletes választás. Tiszta és rendezett közös térek összetartó lakókózösség.", "oldal_allapot": "hirdetes", "leiras_hossz": 178.0, "fenykepek_szama": 6.0, "lat_portal": 47.490746, "lon_portal": 19.134337, "portal_pozicio_sugar_m": null, "price_eur": null, "nm_ar_eur": null, "kozos_koltseg_eur": null, "rezsikoltseg_eur": null, "kaucio_eur": null, "parkolas": "utca, közterület", "parkolohely_ara": null, "parkolohelyek_szama": null, "pince": "nan", "napelem": "nan", "komfort": "összkomfortos", "belmagassag_raw": "3 m-nél alacsonyabb", "akadalymentesitett": "nincs megadva", "furdo_wc": "külön helyiségben", "tajolas": "nincs megadva", "kilatas": "nincs megadva", "szigeteles": "van", "tetoter": "nincs megadva", "panelprogram": "nan", "gepesitett": "igen", "kisallat": "nem hozható", "dohanyzas": "nem megengedett", "atlag_gazfogyasztas": "nincs megadva", "atlag_aramfogyasztas": "nincs megadva", "tavolsag_metro_halozati_m": null, "menetido_metro_gyalog_perc": null, "metro_5p_seta": 0, "metro_10p_seta": 0, "metro_15p_seta": 0, "tavolsag_villamos_halozati_m": null, "menetido_villamos_gyalog_perc": null, "villamos_5p_seta": 0, "villamos_10p_seta": 0, "villamos_15p_seta": 0, "tavolsag_busz_halozati_m": null, "menetido_busz_gyalog_perc": null, "busz_5p_seta": 0, "busz_10p_seta": 0, "busz_15p_seta": 0, "tavolsag_kotottpalya_halozati_m": null, "menetido_kotottpalya_gyalog_perc": null, "kotottpalya_5p_seta": 0, "kotottpalya_10p_seta": 0, "kotottpalya_15p_seta": 0, "tavolsag_park_halozati_m": null, "menetido_park_gyalog_perc": null, "park_5p_seta": 0, "park_10p_seta": 0, "park_15p_seta": 0, "poi_5p_count": null, "poi_10p_count": null, "poi_15p_count": null, "tavolsag_iskola_halozati_m": null, "iskola_5p_seta": 0, "iskola_10p_seta": 0, "iskola_15p_seta": 0, "tavolsag_ovoda_halozati_m": null, "ovoda_5p_seta": 0, "ovoda_10p_seta": 0, "ovoda_15p_seta": 0, "tavolsag_bolt_halozati_m": null, "bolt_5p_seta": 0, "bolt_10p_seta": 0, "bolt_15p_seta": 0, "tavolsag_gyogyszertar_halozati_m": null, "gyogyszertar_5p_seta": 0, "gyogyszertar_10p_seta": 0, "gyogyszertar_15p_seta": 0, "tavolsag_orvos_halozati_m": null, "orvos_5p_seta": 0, "orvos_10p_seta": 0, "orvos_15p_seta": 0, "legkozelebbi_vasut": "", "legkozelebbi_metro": "", "legkozelebbi_villamos": "", "legkozelebbi_busz": "", "legkozelebbi_park": "", "legkozelebbi_kotottpalya_tipus": "", "varosresz_geokodolt": "Nagytétény", "geokodolas_szolgaltato": "nominatim/photon", "felhasznalt_hazszam": 39.0, "legkozelebbi_iskola": "", "legkozelebbi_ovoda": "", "legkozelebbi_bolt": "", "legkozelebbi_gyogyszertar": "", "legkozelebbi_orvos": "", "menetido_iskola_gyalog_perc": null, "menetido_ovoda_gyalog_perc": null, "menetido_bolt_gyalog_perc": null, "menetido_gyogyszertar_gyalog_perc": null, "menetido_orvos_gyalog_perc": null }, "geometry": { "type": "Point", "coordinates": [ 19.0047139, 47.3950924 ] } },
{ "type": "Feature", "properties": { "listing_id": "35608201", "listing_type": "kiado", "ingatlan_tipus": "lakas", "cim_teljes": "Budapest X. kerület, Gépmadár utca 5.", "iranyitoszam": "1106", "varos": "Budapest", "utca": "Gépmadár utca", "hazszam": "5", "cim_forras": "strukturalt", "url": "https://ingatlan.com/x-ker/kiado+lakas/panel-lakas/35608201", "gyujtes_datuma": "2026-10-08", "price_huf": 250000.0, "ar_millio_ft": 0.25, "ar_ezer_ft_ho": 250.0, "nm_ar_huf": 4629.6296296296296, "log_ar": 12.429216196844383, "log_nm_ar": 8.4402321502801083, "is_ar_outlier": 0, "alapterulet_nm": 54.0, "korrigalt_alapterulet_nm": 55.5, "szobaszam_osszes": 3.0, "szobaszam_kategoria": "3 szoba", "allapot_kod": 0, "is_felujitando": 0, "is_ujszeru_vagy_uj": 0, "is_panel": 1, "is_tegla": 0, "has_lift": 0, "has_klima": 0, "has_erkely": 1, "is_foldszint": 0, "is_zaroszint": 0, "is_tetoter": 0, "epulet_kora_ev": null, "geokodolt_lat": 47.5028916, "geokodolt_lon": 19.1430245, "geokodolas_modszere": "cim_nominatim", "geokodolas_pontossag": "hazszam", "minta_garantalt_pontos": 1, "tavolsag_vasut_m": 1089.3, "vasut_zona": "1000-2000 m", "is_vasut_immisszio_150m": 0, "tavolsag_vasut_halozati_m": null, "menetido_vasut_gyalog_perc": null, "vasut_5p_seta": 0, "vasut_10p_seta": 0, "vasut_15p_seta": 0, "is_duplikalt_gyanus": 0, "varosresz": "Felsőrákos", "title": "Ingatlan kép", "allapot": "nincs megadva", "ingatlan_altipus": "panel-lakas", "epites_eve": null, "epites_eve_kategoria": "Ismeretlen", "epites_eve_szoveg": "nincs megadva", "epites_eve_becsult": null, "erkely_nm": 3.0, "szobaszam_egesz": 3.0, "szobaszam_fel": 0.0, "atlagos_szobameret_nm": 18.5, "emelet": "nincs megadva", "emelet_szam": null, "epulet_szintjei_szam": null, "is_magas_emelet_lift_nelkul": 0, "futes": "nincs megadva", "futes_kategoria": "egyeb", "has_tavfutes": 0, "has_konvektor": 0, "has_megujulo": 0, "has_garazs_vagy_beallo": 0, "energetikai_tanusitvany": "nincs megadva", "butorozott": "nincs megadva", "koltozheto": "nincs megadva", "min_berleti_ido": "nincs megadva", "kertkapcsolatos": "nincs megadva", "kozos_koltseg_huf": null, "rezsikoltseg_huf": null, "kaucio_huf": null, "hirdeto_tipus": null, "iroda_neve": null, "leiras": "Kiváló elhelyezkedés, teljes körű felújítás és teljes bútorzat – Költözzön azonnal az Örs vezér tere közelébe! Budapest X. kerületében, a közkedvelt Gépmadár utcában kiadó egy 54 m²-es, harmadik emeleti, parkra néző, erkélyes, teljes körűen felújított lakás egy tízemeletes, panelprogramos társasházban. Az ingatlan azonnal birtokba vehető, teljes berendezéssel, gépesítéssel együtt. Ár: 250.000 Ft/hó + rezsi Főbb jellemzők: •Alapterület: 54 m² •Elhelyezkedés: 3. emelet (liftes házban) •Méret és elrendezés: 2 különnyíló szoba + külön gardróbhelyiség •Erkély: 3 m²-es, zöld parkra néző terasz •Fürdő és WC: Külön helyiségben •Fűtés: Távfűtés (a panelprogramnak köszönhetően rendkívül gazdaságos) •Közös költség: Kedvező, mindössze 17.850 Ft/hó •Biztonság: Zárt, ráccsal védett előtér és új, biztonsági bejárati ajtó •Konyhagépek: Beépített mosogatógép, indukciós főzőlap, sütő, páraelszívó •Egyéb gépek: Fagyasztós hűtőszekrény és mosógép •Bútorok: A szobák, a gardrób és az előszoba teljes bútorzata 2020-as teljes körű és átfogó felújítás: A lakás néhány éve esztétikailag és műszakilag is teljesen megújult, azóta is kifogástalan állapotban van: •Villanyhálózat: A teljes elektromos hálózat cseréje megtörtént. •Nyílászárók: Új, kiváló hőszigetelésű műanyag ablakok kerültek beépítésre, melyeket redőnyök védenek. •Burkolatok: Kivétel nélkül minden helyiség új és modern burkolatot kapott. •A társasház: A lakótömb részt vett a panelprogramban, így az épület teljes külső szigetelést kapott, ami alacsony rezsiköltséget biztosít. Környék és közlekedés: Az ingatlan elhelyezkedése sétatávolságra található az Örs vezér terétől, így a közlekedés és a bevásárlás is maximálisan kényelmes. •Vásárlás, ügyintézés: Az Árkád és a Sugár bevásárlóközpontok, valamint az IKEA mindössze pár perc sétával elérhetők. •Közlekedés: Kiváló közlekedési csomópont (M2-es metró, a 3-as és 62-es villamosok, számos busz- és trolibuszjárat, valamint a H8-as és H9-es HÉV). •Környezet: A kiváló infrastruktúra ellenére a ház közvetlen környezete kifejezetten csendes, nyugodt és kellemesen parkosított. Ez a lakás ideális választás fiatal pároknak, akik lakást keresnek Budapest egyik legnépszerűbb csomópontjában.", "oldal_allapot": "hirdetes", "leiras_hossz": 2197.0, "fenykepek_szama": 6.0, "lat_portal": 47.502895, "lon_portal": 19.143097, "portal_pozicio_sugar_m": null, "price_eur": null, "nm_ar_eur": null, "kozos_koltseg_eur": null, "rezsikoltseg_eur": null, "kaucio_eur": null, "parkolas": "nincs megadva", "parkolohely_ara": null, "parkolohelyek_szama": null, "pince": "nan", "napelem": "nan", "komfort": "nincs megadva", "belmagassag_raw": "nincs megadva", "akadalymentesitett": "nincs megadva", "furdo_wc": "nincs megadva", "tajolas": "nincs megadva", "kilatas": "nincs megadva", "szigeteles": "nincs megadva", "tetoter": "nincs megadva", "panelprogram": "nincs megadva", "gepesitett": "nincs megadva", "kisallat": "nincs megadva", "dohanyzas": "nincs megadva", "atlag_gazfogyasztas": "nincs megadva", "atlag_aramfogyasztas": "nincs megadva", "tavolsag_metro_halozati_m": null, "menetido_metro_gyalog_perc": null, "metro_5p_seta": 0, "metro_10p_seta": 0, "metro_15p_seta": 0, "tavolsag_villamos_halozati_m": null, "menetido_villamos_gyalog_perc": null, "villamos_5p_seta": 0, "villamos_10p_seta": 0, "villamos_15p_seta": 0, "tavolsag_busz_halozati_m": null, "menetido_busz_gyalog_perc": null, "busz_5p_seta": 0, "busz_10p_seta": 0, "busz_15p_seta": 0, "tavolsag_kotottpalya_halozati_m": null, "menetido_kotottpalya_gyalog_perc": null, "kotottpalya_5p_seta": 0, "kotottpalya_10p_seta": 0, "kotottpalya_15p_seta": 0, "tavolsag_park_halozati_m": null, "menetido_park_gyalog_perc": null, "park_5p_seta": 0, "park_10p_seta": 0, "park_15p_seta": 0, "poi_5p_count": null, "poi_10p_count": null, "poi_15p_count": null, "tavolsag_iskola_halozati_m": null, "iskola_5p_seta": 0, "iskola_10p_seta": 0, "iskola_15p_seta": 0, "tavolsag_ovoda_halozati_m": null, "ovoda_5p_seta": 0, "ovoda_10p_seta": 0, "ovoda_15p_seta": 0, "tavolsag_bolt_halozati_m": null, "bolt_5p_seta": 0, "bolt_10p_seta": 0, "bolt_15p_seta": 0, "tavolsag_gyogyszertar_halozati_m": null, "gyogyszertar_5p_seta": 0, "gyogyszertar_10p_seta": 0, "gyogyszertar_15p_seta": 0, "tavolsag_orvos_halozati_m": null, "orvos_5p_seta": 0, "orvos_10p_seta": 0, "orvos_15p_seta": 0, "legkozelebbi_vasut": "", "legkozelebbi_metro": "", "legkozelebbi_villamos": "", "legkozelebbi_busz": "", "legkozelebbi_park": "", "legkozelebbi_kotottpalya_tipus": "", "varosresz_geokodolt": "Felsőrákos", "geokodolas_szolgaltato": "nominatim/photon", "felhasznalt_hazszam": 5.0, "legkozelebbi_iskola": "", "legkozelebbi_ovoda": "", "legkozelebbi_bolt": "", "legkozelebbi_gyogyszertar": "", "legkozelebbi_orvos": "", "menetido_iskola_gyalog_perc": null, "menetido_ovoda_gyalog_perc": null, "menetido_bolt_gyalog_perc": null, "menetido_gyogyszertar_gyalog_perc": null, "menetido_orvos_gyalog_perc": null }, "geometry": { "type": "Point", "coordinates": [ 19.1430245, 47.5028916 ] } },
{ "type": "Feature", "properties": { "listing_id": "35608313", "listing_type": "kiado", "ingatlan_tipus": "lakas", "cim_teljes": "Budapest X. kerület, Gyógyszergyári utca 10.", "iranyitoszam": "1106", "varos": "Budapest", "utca": "Gyógyszergyári utca", "hazszam": "10", "cim_forras": "strukturalt", "url": "https://ingatlan.com/x-ker/kiado+lakas/panel-lakas/35608313", "gyujtes_datuma": "2026-10-08", "price_huf": 280000.0, "ar_millio_ft": 0.28, "ar_ezer_ft_ho": 280.0, "nm_ar_huf": 5490.1960784313724, "log_ar": 12.542544882151386, "log_nm_ar": 8.6107192494270617, "is_ar_outlier": 0, "alapterulet_nm": 51.0, "korrigalt_alapterulet_nm": 58.0, "szobaszam_osszes": 2.0, "szobaszam_kategoria": "2 szoba", "allapot_kod": 6, "is_felujitando": 0, "is_ujszeru_vagy_uj": 1, "is_panel": 1, "is_tegla": 0, "has_lift": 1, "has_klima": 1, "has_erkely": 1, "is_foldszint": 0, "is_zaroszint": 0, "is_tetoter": 0, "epulet_kora_ev": 0.0, "geokodolt_lat": 47.4984644, "geokodolt_lon": 19.1435834, "geokodolas_modszere": "cim_nominatim", "geokodolas_pontossag": "hazszam", "minta_garantalt_pontos": 1, "tavolsag_vasut_m": 598.2, "vasut_zona": "500-1000 m", "is_vasut_immisszio_150m": 0, "tavolsag_vasut_halozati_m": 1496.4, "menetido_vasut_gyalog_perc": 20.0, "vasut_5p_seta": 0, "vasut_10p_seta": 0, "vasut_15p_seta": 0, "is_duplikalt_gyanus": 0, "varosresz": "Felsőrákos", "title": "Ingatlan kép", "allapot": "új építésű", "ingatlan_altipus": "panel-lakas", "epites_eve": 2026.0, "epites_eve_kategoria": "0-10 év (új)", "epites_eve_szoveg": "2026", "epites_eve_becsult": null, "erkely_nm": 14.0, "szobaszam_egesz": 2.0, "szobaszam_fel": 0.0, "atlagos_szobameret_nm": 29.0, "emelet": "3", "emelet_szam": 3.0, "epulet_szintjei_szam": 6.0, "is_magas_emelet_lift_nelkul": 0, "futes": "távfűtés egyedi méréssel", "futes_kategoria": "tavfutes", "has_tavfutes": 1, "has_konvektor": 0, "has_megujulo": 0, "has_garazs_vagy_beallo": 1, "energetikai_tanusitvany": "nincs megadva", "butorozott": "részben", "koltozheto": "azonnal", "min_berleti_ido": "12 hónap", "kertkapcsolatos": "nem", "kozos_koltseg_huf": null, "rezsikoltseg_huf": null, "kaucio_huf": null, "hirdeto_tipus": null, "iroda_neve": null, "leiras": "X. Kerületben a Gyógyszergyári utcában kiadó egy 51nm-es, 2 szobás lakás garázzsal, tárolóval hosszú távra! Az ingatlan a Kincsem lakóparkban (K3 B lépcsőház) helyezkedik el a 3. emeleten, belső kertre néző kilátással. A lakás klimatizált, erkélyes (13,75nm), részben bútorozott, gépesített. A lakás jellemzői: • 3. emelet, nyugati tájolás • Padlófűtés a fürdőszobában • Elektromos redőnyök mindkét szobában • Klíma a nappaliban • Beépített szekrény az előszobában, valamint a fürdő és a szoba közötti folyosón • 13,75 m2 erkély • Gépesített, egyedileg csináltatott konyha: indukciós főzőlap, beépített sütő, 60 cm-es mosogatógép, páraelszívó, • Videós kapucsengő távoli kapunyitással Közös területek: • Zárt kerékpártároló (2 db) • Gondozott belső udvar padokkal • Játszótér • Lakópark mögötti zöld füves pihenőterület Bevásárlás és szolgáltatások A közelben található: • ÁRKÁD Bevásárlóközpont • Sugár Bevásárlóközpont • IKEA • Piac és számos kisebb üzlet • A lakópark környezetében új üzlethelyiségek és szolgáltatások nyílnak a jövőben. Közlekedés: • Örs vezér tere (M2): kb. 10 perc gyalog • HÉV és buszpályaudvar • 3-as és 62-es villamos (Kincsem megálló) • 10-es, 31-es, 32-es, 45-ös, 67-es, 85-ös, 161-es, 168E, 169E, 201E, 202E, 909-es buszok • A lakópark saját villamos megállót és buszmegállót kapott. A lakás kizárólag a tárolóval és egy gépkocsibeállóval együtt bérelhető ki. - Lakás: 280.000 Ft/hó - Nagy, tágas gépkocsibeálló (18m2) elektromos kiállással: 40.000 Ft / hó - 3. emeleti tároló (3,4 m²): 10 000 Ft / hó - Opcionális: Nagy, tágas gépkocsibeálló (18m2): 35.000 Ft / hó Rezsi: minden egyedi méréssel, fogyasztás alapján Kisállat nem hozható. Dohányzás nem megengedett. Max. 2 fő részére kiadó. Ez a lakás ideális választás mindazok számára, akik modern környezetben, kiváló közlekedés mellett, mégis nyugodt és igényes otthonban szeretnének élni. A lakás 2 havi kaució, 1 havi bérleti díj és kiköltözési nyilatkozat megkötésének vállalása mellett azonnal KÖLTÖZHETŐ! Érdeklődni privát üzenetben vagy telefonon lehet. Ingatlanközvetítők segítségét nem kérem, kérem, ne keressenek! Köszönöm.", "oldal_allapot": "hirdetes", "leiras_hossz": 2114.0, "fenykepek_szama": 6.0, "lat_portal": 47.497327, "lon_portal": 19.139864, "portal_pozicio_sugar_m": null, "price_eur": null, "nm_ar_eur": null, "kozos_koltseg_eur": null, "rezsikoltseg_eur": null, "kaucio_eur": null, "parkolas": "teremgarázs hely - bérelhető", "parkolohely_ara": null, "parkolohelyek_szama": null, "pince": "nan", "napelem": "nan", "komfort": "nincs megadva", "belmagassag_raw": "3 m-nél alacsonyabb", "akadalymentesitett": "igen", "furdo_wc": "külön helyiségben", "tajolas": "nyugat", "kilatas": "udvari", "szigeteles": "van", "tetoter": "nem tetőtéri", "panelprogram": "nem vett részt", "gepesitett": "igen", "kisallat": "nem hozható", "dohanyzas": "nem megengedett", "atlag_gazfogyasztas": "Nincs gáz bekötve az ingatlanba", "atlag_aramfogyasztas": "nincs megadva", "tavolsag_metro_halozati_m": null, "menetido_metro_gyalog_perc": null, "metro_5p_seta": 0, "metro_10p_seta": 0, "metro_15p_seta": 0, "tavolsag_villamos_halozati_m": 597.9, "menetido_villamos_gyalog_perc": 8.0, "villamos_5p_seta": 0, "villamos_10p_seta": 1, "villamos_15p_seta": 1, "tavolsag_busz_halozati_m": 620.2, "menetido_busz_gyalog_perc": 8.3, "busz_5p_seta": 0, "busz_10p_seta": 1, "busz_15p_seta": 1, "tavolsag_kotottpalya_halozati_m": 597.9, "menetido_kotottpalya_gyalog_perc": 8.0, "kotottpalya_5p_seta": 0, "kotottpalya_10p_seta": 1, "kotottpalya_15p_seta": 1, "tavolsag_park_halozati_m": 1251.0, "menetido_park_gyalog_perc": 16.7, "park_5p_seta": 0, "park_10p_seta": 0, "park_15p_seta": 0, "poi_5p_count": 0.0, "poi_10p_count": 4.0, "poi_15p_count": 18.0, "tavolsag_iskola_halozati_m": null, "iskola_5p_seta": 0, "iskola_10p_seta": 0, "iskola_15p_seta": 0, "tavolsag_ovoda_halozati_m": 1560.7, "ovoda_5p_seta": 0, "ovoda_10p_seta": 0, "ovoda_15p_seta": 0, "tavolsag_bolt_halozati_m": 1836.3, "bolt_5p_seta": 0, "bolt_10p_seta": 0, "bolt_15p_seta": 0, "tavolsag_gyogyszertar_halozati_m": 1325.1, "gyogyszertar_5p_seta": 0, "gyogyszertar_10p_seta": 0, "gyogyszertar_15p_seta": 0, "tavolsag_orvos_halozati_m": null, "orvos_5p_seta": 0, "orvos_10p_seta": 0, "orvos_15p_seta": 0, "legkozelebbi_vasut": "Kőbánya felső", "legkozelebbi_metro": "", "legkozelebbi_villamos": "Terebesi utca", "legkozelebbi_busz": "Terebesi utca", "legkozelebbi_park": "", "legkozelebbi_kotottpalya_tipus": "villamos", "varosresz_geokodolt": "Felsőrákos", "geokodolas_szolgaltato": "nominatim/photon", "felhasznalt_hazszam": 10.0, "legkozelebbi_iskola": "", "legkozelebbi_ovoda": "Apró csodák Bölcsőde", "legkozelebbi_bolt": "", "legkozelebbi_gyogyszertar": "Harmat Patika", "legkozelebbi_orvos": "", "menetido_iskola_gyalog_perc": null, "menetido_ovoda_gyalog_perc": 20.8, "menetido_bolt_gyalog_perc": 24.5, "menetido_gyogyszertar_gyalog_perc": 17.7, "menetido_orvos_gyalog_perc": null }, "geometry": { "type": "Point", "coordinates": [ 19.1435834, 47.4984644 ] } },
{ "type": "Feature", "properties": { "listing_id": "35611440", "listing_type": "kiado", "ingatlan_tipus": "lakas", "cim_teljes": "Budapest X. kerület, Cserkesz utca 33.", "iranyitoszam": "1105", "varos": "Budapest", "utca": "Cserkesz utca", "hazszam": "33", "cim_forras": "strukturalt", "url": "https://ingatlan.com/x-ker/kiado+lakas/tegla-lakas/35611440", "gyujtes_datuma": "2026-10-08", "price_huf": 230000.0, "ar_millio_ft": 0.23, "ar_ezer_ft_ho": 230.0, "nm_ar_huf": 5000.0, "log_ar": 12.345834587905333, "log_nm_ar": 8.5171931914162382, "is_ar_outlier": 0, "alapterulet_nm": 46.0, "korrigalt_alapterulet_nm": 48.0, "szobaszam_osszes": 2.0, "szobaszam_kategoria": "2 szoba", "allapot_kod": 5, "is_felujitando": 0, "is_ujszeru_vagy_uj": 1, "is_panel": 0, "is_tegla": 1, "has_lift": 0, "has_klima": 1, "has_erkely": 1, "is_foldszint": 0, "is_zaroszint": 0, "is_tetoter": 0, "epulet_kora_ev": 25.0, "geokodolt_lat": 47.477904, "geokodolt_lon": 19.1341764, "geokodolas_modszere": "cim_nominatim", "geokodolas_pontossag": "hazszam", "minta_garantalt_pontos": 1, "tavolsag_vasut_m": 201.6, "vasut_zona": "150-300 m", "is_vasut_immisszio_150m": 0, "tavolsag_vasut_halozati_m": 912.8, "menetido_vasut_gyalog_perc": 12.2, "vasut_5p_seta": 0, "vasut_10p_seta": 0, "vasut_15p_seta": 1, "is_duplikalt_gyanus": 0, "varosresz": "Óhegy", "title": "Ingatlan kép", "allapot": "újszerű", "ingatlan_altipus": "tegla-lakas", "epites_eve": 2001.0, "epites_eve_kategoria": "10-30 év (rendszerváltás utáni)", "epites_eve_szoveg": "2001 és 2010 között", "epites_eve_becsult": null, "erkely_nm": 4.0, "szobaszam_egesz": 2.0, "szobaszam_fel": 0.0, "atlagos_szobameret_nm": 24.0, "emelet": "2", "emelet_szam": 2.0, "epulet_szintjei_szam": 4.0, "is_magas_emelet_lift_nelkul": 0, "futes": "házközponti egyedi méréssel", "futes_kategoria": "kozponti", "has_tavfutes": 0, "has_konvektor": 0, "has_megujulo": 0, "has_garazs_vagy_beallo": 1, "energetikai_tanusitvany": "B", "butorozott": "részben", "koltozheto": "azonnal", "min_berleti_ido": "12 hónap", "kertkapcsolatos": "nincs megadva", "kozos_koltseg_huf": 13010.0, "rezsikoltseg_huf": 10000.0, "kaucio_huf": null, "hirdeto_tipus": null, "iroda_neve": null, "leiras": "(English below) Kiadó lakás az Óhegy parkhoz közel Kiadó egy 46nm-es 2 szobás (amerikai konyhás nappali + hálószoba) erkélyes tégla lakás a X.kerületben az Óhegy parkhoz közel. A társasház a 2000-es évek elején épült, újszerű. Közlekedés: Az Örs vezér tere, Határ út, Köki gyorsan elérhető tömegközlekedéssel, a Nyugati pályaudvarra 20perc alatt be lehet érni Kőbánya alsó vasútállomás érintésével. Bérleti díj: 230 000 Ft Közös költség: 13 010 Ft Rezsi: egyedi víz,villany és hőmennyiségmérővel rendelkezik ezért a rezsi alacsony ~10 000 Ft körül Fűtés: házközponti, egyedi mérővel és termosztáttal A Telekom és a One szolgáltatása elérhető a házban, a bérlő előzetes egyeztetés után bármelyik beköthető, külön áramkör van a modem számára A házban a földszinten található kerékpártároló 2026-ban lett átfestve, mosható strapabíró Héra falfestékkel, a villamoshálózat fel lett újítva (lakáselosztó, az összes szerelvény és lámpa). Érvényes villamos biztonsági felülvizsgálattal rendelkezik (2026). Kisállat megengedett (ha ivartalanított, chippel és oltási könyvvel rendelkezik). A lakás gépesített (új Gorenje hűtő, új Gorenje mosógép, mikró, sütő,szagelszívó, légkondicionáló) és részben bútorozott. A teljes bútorozás is megoldható (étkezőasztal, székek, kanapé, asztal, tv szekrény), de ez esetben kisállat nem hozható. A lakásban füstérzékelő van felszerelve. A dohányzás a lakásban nem megengedett. Gondozott belső kert, padokkal Parkolás: zárt belső udvari parkoló, de az utcán (még) ingyenes Minimum bérlési idő: 1 év Kaució: 2 hónap A beköltözéshez a 2 havi kaució és 1 havi bérleti díj szükséges, közjegyző előtti szerződéskötéssel (a közjegyző díját a tulajdonos fizeti) és kiköltözési nyilatkozattal Költözés: rugalmasan megoldható Rental apartment near Óhegy Park A 46 sqm 2-room (American kitchen living room + bedroom) balcony brick apartment is available for rent in the X district, near Óhegy park. The condominium was built in the early 2000s and is in like-new condition. Transportation: Örs vezér tere, Határ út, and Köki can be quickly reached by public transport, and it takes about 20 minutes to get to Nyugati railway station via Kőbánya alsó train station. Rent: 230,000 HUF Common cost: 13,010 HUF Utilities: it has individual water, electricity, and heat meters, so the utilities are low, around 10,000 HUF Heating: central heating with individual meter and thermostat Telekom and One services are available in the building; the tenant can connect any service after prior consultation, there is a separate circuit for the modem. There is a bicycle storage on the ground floor of the building. It was repainted in 2026 with washable durable Héra wall paint, and the electrical network has been renovated (distribution box, all fixtures and lamps). It has a valid electrical safety inspection (2026). Small pets are allowed (if neutered, chipped, and have a vaccination book). The apartment is equipped (new Gorenje refrigerator, new Gorenje washing machine, microwave, oven, extractor hood, air conditioning) and partially furnished. Full furnishing is also possible (dining table, chairs, sofa, table, TV cabinet), but in this case, no pets can be brought. The apartment is equipped with a smoke detector. Smoking is not allowed in the apartment. Well-maintained internal garden with benches. Parking: closed internal courtyard parking, but street parking is (still) free. Minimum rental period: 1 year Deposit: 2 months To move in, 2 months' deposit and 1 month's rent are required, with a contract signed before a notary (the owner pays the notary fee) and a notice of moving out. Moving in: can be arranged flexibly.", "oldal_allapot": "hirdetes", "leiras_hossz": 3646.0, "fenykepek_szama": 6.0, "lat_portal": 47.477802, "lon_portal": 19.134289, "portal_pozicio_sugar_m": null, "price_eur": null, "nm_ar_eur": null, "kozos_koltseg_eur": null, "rezsikoltseg_eur": null, "kaucio_eur": null, "parkolas": "udvari beálló - benne van az árban", "parkolohely_ara": null, "parkolohelyek_szama": null, "pince": "nan", "napelem": "nan", "komfort": "összkomfortos", "belmagassag_raw": "nincs megadva", "akadalymentesitett": "nem", "furdo_wc": "nincs megadva", "tajolas": "dél", "kilatas": "udvari", "szigeteles": "nincs megadva", "tetoter": "nem tetőtéri", "panelprogram": "nan", "gepesitett": "igen", "kisallat": "hozható", "dohanyzas": "nem megengedett", "atlag_gazfogyasztas": "nincs megadva", "atlag_aramfogyasztas": "nincs megadva", "tavolsag_metro_halozati_m": 1764.8, "menetido_metro_gyalog_perc": 23.5, "metro_5p_seta": 0, "metro_10p_seta": 0, "metro_15p_seta": 0, "tavolsag_villamos_halozati_m": 650.7, "menetido_villamos_gyalog_perc": 8.7, "villamos_5p_seta": 0, "villamos_10p_seta": 1, "villamos_15p_seta": 1, "tavolsag_busz_halozati_m": 333.7, "menetido_busz_gyalog_perc": 4.4, "busz_5p_seta": 1, "busz_10p_seta": 1, "busz_15p_seta": 1, "tavolsag_kotottpalya_halozati_m": 650.7, "menetido_kotottpalya_gyalog_perc": 8.7, "kotottpalya_5p_seta": 0, "kotottpalya_10p_seta": 1, "kotottpalya_15p_seta": 1, "tavolsag_park_halozati_m": 441.6, "menetido_park_gyalog_perc": 5.9, "park_5p_seta": 0, "park_10p_seta": 1, "park_15p_seta": 1, "poi_5p_count": 2.0, "poi_10p_count": 36.0, "poi_15p_count": 94.0, "tavolsag_iskola_halozati_m": 736.8, "iskola_5p_seta": 0, "iskola_10p_seta": 1, "iskola_15p_seta": 1, "tavolsag_ovoda_halozati_m": 1541.6, "ovoda_5p_seta": 0, "ovoda_10p_seta": 0, "ovoda_15p_seta": 0, "tavolsag_bolt_halozati_m": 335.4, "bolt_5p_seta": 1, "bolt_10p_seta": 1, "bolt_15p_seta": 1, "tavolsag_gyogyszertar_halozati_m": 619.5, "gyogyszertar_5p_seta": 0, "gyogyszertar_10p_seta": 1, "gyogyszertar_15p_seta": 1, "tavolsag_orvos_halozati_m": null, "orvos_5p_seta": 0, "orvos_10p_seta": 0, "orvos_15p_seta": 0, "legkozelebbi_vasut": "Kőbánya alsó", "legkozelebbi_metro": "Határ út", "legkozelebbi_villamos": "Kápolna utca", "legkozelebbi_busz": "Ihász utca", "legkozelebbi_park": "", "legkozelebbi_kotottpalya_tipus": "villamos", "varosresz_geokodolt": "Óhegy", "geokodolas_szolgaltato": "nominatim/photon", "felhasznalt_hazszam": 33.0, "legkozelebbi_iskola": "Janikovszky Éva Általános Iskola", "legkozelebbi_ovoda": "Apró csodák Bölcsőde", "legkozelebbi_bolt": "Kitkat ABC", "legkozelebbi_gyogyszertar": "Szent Katalin Gyógyszertár", "legkozelebbi_orvos": "", "menetido_iskola_gyalog_perc": 9.8, "menetido_ovoda_gyalog_perc": 20.6, "menetido_bolt_gyalog_perc": 4.5, "menetido_gyogyszertar_gyalog_perc": 8.3, "menetido_orvos_gyalog_perc": null }, "geometry": { "type": "Point", "coordinates": [ 19.1341764, 47.477904 ] } },
{ "type": "Feature", "properties": { "listing_id": "35611886", "listing_type": "kiado", "ingatlan_tipus": "lakas", "cim_teljes": "Budapest X. kerület, Gyógyszergyári utca 8.", "iranyitoszam": "1106", "varos": "Budapest", "utca": "Gyógyszergyári utca", "hazszam": "8", "cim_forras": "strukturalt", "url": "https://ingatlan.com/x-ker/kiado+lakas/tegla-lakas/35611886", "gyujtes_datuma": "2026-10-08", "price_huf": 200000.0, "ar_millio_ft": 0.2, "ar_ezer_ft_ho": 200.0, "nm_ar_huf": 6666.666666666667, "log_ar": 12.206072645530174, "log_nm_ar": 8.8048752638680181, "is_ar_outlier": 0, "alapterulet_nm": 30.0, "korrigalt_alapterulet_nm": 34.0, "szobaszam_osszes": 1.0, "szobaszam_kategoria": "1 szoba", "allapot_kod": 6, "is_felujitando": 0, "is_ujszeru_vagy_uj": 1, "is_panel": 0, "is_tegla": 1, "has_lift": 1, "has_klima": 1, "has_erkely": 1, "is_foldszint": 0, "is_zaroszint": 0, "is_tetoter": 0, "epulet_kora_ev": 0.0, "geokodolt_lat": 47.4983016, "geokodolt_lon": 19.14218, "geokodolas_modszere": "cim_nominatim", "geokodolas_pontossag": "hazszam", "minta_garantalt_pontos": 1, "tavolsag_vasut_m": 590.0, "vasut_zona": "500-1000 m", "is_vasut_immisszio_150m": 0, "tavolsag_vasut_halozati_m": 1505.7, "menetido_vasut_gyalog_perc": 20.1, "vasut_5p_seta": 0, "vasut_10p_seta": 0, "vasut_15p_seta": 0, "is_duplikalt_gyanus": 0, "varosresz": "Felsőrákos", "title": "Ingatlan kép", "allapot": "új építésű", "ingatlan_altipus": "tegla-lakas", "epites_eve": 2026.0, "epites_eve_kategoria": "0-10 év (új)", "epites_eve_szoveg": "2026", "epites_eve_becsult": null, "erkely_nm": 8.0, "szobaszam_egesz": 1.0, "szobaszam_fel": 0.0, "atlagos_szobameret_nm": 34.0, "emelet": "3", "emelet_szam": 3.0, "epulet_szintjei_szam": 6.0, "is_magas_emelet_lift_nelkul": 0, "futes": "távfűtés egyedi méréssel", "futes_kategoria": "tavfutes", "has_tavfutes": 1, "has_konvektor": 0, "has_megujulo": 0, "has_garazs_vagy_beallo": 0, "energetikai_tanusitvany": "nincs megadva", "butorozott": "igen", "koltozheto": "nincs megadva", "min_berleti_ido": "12 hónap", "kertkapcsolatos": "nem", "kozos_koltseg_huf": 30000.0, "rezsikoltseg_huf": null, "kaucio_huf": null, "hirdeto_tipus": null, "iroda_neve": null, "leiras": "Modern, újszerű garzon kiadó Kőbányán Tökéletes első saját kuckó fiataloknak! Szeretnél egy igazán kényelmes, modern és biztonságos otthont Budapest X. kerületében? A Gyógyszergyári utcai új építésű társasház 3. emeleti lakása csak rád vár! A lakás főbb jellemzői: 29 m²-es, 1 szobás garzon csendes, udvari kilátással. Új építésű épület modern liftes házban (3. emelet). Saját erkély a reggeli kávézáshoz vagy esti pihenéshez. 7,5nm! Klíma biztosítja a kellemes hőmérsékletet nyáron is. Részben bútorozott és gépesített, így gyorsan és kényelmesen költözhetsz! Saját teremgarázs beálló (bérlés lehetősége 35.000,-Ft) . Rendszeres költségek: Közös költség: 20 000 Ft/hó Fix rezsi díj: 20 000 Ft/hó (tartalmazza a vizet, villanyt és a fűtést is!) Miért szuper választás? (Bérlőbarát előnyök): Garantáltan gyors hibaelhárítás: professzionális lakáskezelő cég gondoskodik az ingatlanról. Kényelmes fizetés: a bérleti díj utalással rendezhető. Bejelentkezési lehetőség: a tartózkodási hely / ideiglenes lakcím bejelentése engedélyezett. Fair elszámolás: kiköltözéskor a kaució korrekten elszámolásra kerül. Bérlési feltételek & Tudnivalók: Hosszútávra kiadó: minimum 1 éves határozott idejű szerződéssel. Költözési feltételek: 2 havi kaució + 1. havi bérleti díj megfizetése. Szükséges dokumentumok: jövedelemigazolás és közjegyzői kiköltözési nyilatkozat. Kisállat: ebbe a lakásba sajnos nem hozható. Így tudsz jelentkezni a megtekintésre: Mivel több lakást is hirdetek egyszerre, kérlek, elsősorban SMS-ben keress! Küldd el a neved és a kiszemelt ingatlan címét (X. ker. Gyógyszergyári utca), és hamarosan visszahívlak a részletekkel! :)", "oldal_allapot": "hirdetes", "leiras_hossz": 1634.0, "fenykepek_szama": 6.0, "lat_portal": 47.49801, "lon_portal": 19.142693, "portal_pozicio_sugar_m": null, "price_eur": null, "nm_ar_eur": null, "kozos_koltseg_eur": null, "rezsikoltseg_eur": null, "kaucio_eur": null, "parkolas": "utca, közterület - ingyenes", "parkolohely_ara": null, "parkolohelyek_szama": null, "pince": "nan", "napelem": "nan", "komfort": "összkomfortos", "belmagassag_raw": "3 m-nél alacsonyabb", "akadalymentesitett": "igen", "furdo_wc": "egy helyiségben", "tajolas": "nyugat", "kilatas": "udvari", "szigeteles": "van - 15 cm", "tetoter": "nem tetőtéri", "panelprogram": "nan", "gepesitett": "igen", "kisallat": "nem hozható", "dohanyzas": "nem megengedett", "atlag_gazfogyasztas": "nincs megadva", "atlag_aramfogyasztas": "nincs megadva", "tavolsag_metro_halozati_m": null, "menetido_metro_gyalog_perc": null, "metro_5p_seta": 0, "metro_10p_seta": 0, "metro_15p_seta": 0, "tavolsag_villamos_halozati_m": 607.2, "menetido_villamos_gyalog_perc": 8.1, "villamos_5p_seta": 0, "villamos_10p_seta": 1, "villamos_15p_seta": 1, "tavolsag_busz_halozati_m": 629.5, "menetido_busz_gyalog_perc": 8.4, "busz_5p_seta": 0, "busz_10p_seta": 1, "busz_15p_seta": 1, "tavolsag_kotottpalya_halozati_m": 607.2, "menetido_kotottpalya_gyalog_perc": 8.1, "kotottpalya_5p_seta": 0, "kotottpalya_10p_seta": 1, "kotottpalya_15p_seta": 1, "tavolsag_park_halozati_m": 1260.3, "menetido_park_gyalog_perc": 16.8, "park_5p_seta": 0, "park_10p_seta": 0, "park_15p_seta": 0, "poi_5p_count": 0.0, "poi_10p_count": 4.0, "poi_15p_count": 18.0, "tavolsag_iskola_halozati_m": null, "iskola_5p_seta": 0, "iskola_10p_seta": 0, "iskola_15p_seta": 0, "tavolsag_ovoda_halozati_m": 1570.0, "ovoda_5p_seta": 0, "ovoda_10p_seta": 0, "ovoda_15p_seta": 0, "tavolsag_bolt_halozati_m": 1845.6, "bolt_5p_seta": 0, "bolt_10p_seta": 0, "bolt_15p_seta": 0, "tavolsag_gyogyszertar_halozati_m": 1334.3, "gyogyszertar_5p_seta": 0, "gyogyszertar_10p_seta": 0, "gyogyszertar_15p_seta": 0, "tavolsag_orvos_halozati_m": null, "orvos_5p_seta": 0, "orvos_10p_seta": 0, "orvos_15p_seta": 0, "legkozelebbi_vasut": "Kőbánya felső", "legkozelebbi_metro": "", "legkozelebbi_villamos": "Terebesi utca", "legkozelebbi_busz": "Terebesi utca", "legkozelebbi_park": "", "legkozelebbi_kotottpalya_tipus": "villamos", "varosresz_geokodolt": "Felsőrákos", "geokodolas_szolgaltato": "nominatim/photon", "felhasznalt_hazszam": 8.0, "legkozelebbi_iskola": "", "legkozelebbi_ovoda": "Apró csodák Bölcsőde", "legkozelebbi_bolt": "", "legkozelebbi_gyogyszertar": "Harmat Patika", "legkozelebbi_orvos": "", "menetido_iskola_gyalog_perc": null, "menetido_ovoda_gyalog_perc": 20.9, "menetido_bolt_gyalog_perc": 24.6, "menetido_gyogyszertar_gyalog_perc": 17.8, "menetido_orvos_gyalog_perc": null }, "geometry": { "type": "Point", "coordinates": [ 19.14218, 47.4983016 ] } },
{ "type": "Feature", "properties": { "listing_id": "35612416", "listing_type": "kiado", "ingatlan_tipus": "lakas", "cim_teljes": "Budapest X. kerület, Maglódi út 75.", "iranyitoszam": "1106", "varos": "Budapest", "utca": "Maglódi út", "hazszam": "75", "cim_forras": "strukturalt", "url": "https://ingatlan.com/x-ker/kiado+lakas/tegla-lakas/35612416", "gyujtes_datuma": "2026-10-08", "price_huf": 250000.0, "ar_millio_ft": 0.25, "ar_ezer_ft_ho": 250.0, "nm_ar_huf": 4237.2881355932204, "log_ar": 12.429216196844383, "log_nm_ar": 8.351678752938664, "is_ar_outlier": 0, "alapterulet_nm": 59.0, "korrigalt_alapterulet_nm": 60.0, "szobaszam_osszes": 2.0, "szobaszam_kategoria": "2 szoba", "allapot_kod": 0, "is_felujitando": 0, "is_ujszeru_vagy_uj": 0, "is_panel": 0, "is_tegla": 1, "has_lift": 0, "has_klima": 0, "has_erkely": 1, "is_foldszint": 0, "is_zaroszint": 0, "is_tetoter": 0, "epulet_kora_ev": null, "geokodolt_lat": 47.4801341, "geokodolt_lon": 19.1615472, "geokodolas_modszere": "cim_nominatim", "geokodolas_pontossag": "hazszam", "minta_garantalt_pontos": 1, "tavolsag_vasut_m": 1419.1, "vasut_zona": "1000-2000 m", "is_vasut_immisszio_150m": 0, "tavolsag_vasut_halozati_m": null, "menetido_vasut_gyalog_perc": null, "vasut_5p_seta": 0, "vasut_10p_seta": 0, "vasut_15p_seta": 0, "is_duplikalt_gyanus": 1, "varosresz": "Óhegy", "title": "Ingatlan kép", "allapot": "nincs megadva", "ingatlan_altipus": "tegla-lakas", "epites_eve": null, "epites_eve_kategoria": "Ismeretlen", "epites_eve_szoveg": "nincs megadva", "epites_eve_becsult": null, "erkely_nm": 2.0, "szobaszam_egesz": 2.0, "szobaszam_fel": 0.0, "atlagos_szobameret_nm": 30.0, "emelet": "nincs megadva", "emelet_szam": null, "epulet_szintjei_szam": null, "is_magas_emelet_lift_nelkul": 0, "futes": "nincs megadva", "futes_kategoria": "egyeb", "has_tavfutes": 0, "has_konvektor": 0, "has_megujulo": 0, "has_garazs_vagy_beallo": 0, "energetikai_tanusitvany": "nincs megadva", "butorozott": "nincs megadva", "koltozheto": "nincs megadva", "min_berleti_ido": "nincs megadva", "kertkapcsolatos": "nincs megadva", "kozos_koltseg_huf": null, "rezsikoltseg_huf": null, "kaucio_huf": null, "hirdeto_tipus": null, "iroda_neve": null, "leiras": "Garázs is tartok hozzá", "oldal_allapot": "hirdetes", "leiras_hossz": 22.0, "fenykepek_szama": 6.0, "lat_portal": 47.48039, "lon_portal": 19.161282, "portal_pozicio_sugar_m": null, "price_eur": null, "nm_ar_eur": null, "kozos_koltseg_eur": null, "rezsikoltseg_eur": null, "kaucio_eur": null, "parkolas": "nincs megadva", "parkolohely_ara": null, "parkolohelyek_szama": null, "pince": "nan", "napelem": "nan", "komfort": "nincs megadva", "belmagassag_raw": "nincs megadva", "akadalymentesitett": "nincs megadva", "furdo_wc": "nincs megadva", "tajolas": "nincs megadva", "kilatas": "nincs megadva", "szigeteles": "nincs megadva", "tetoter": "nincs megadva", "panelprogram": "nan", "gepesitett": "nincs megadva", "kisallat": "nincs megadva", "dohanyzas": "nincs megadva", "atlag_gazfogyasztas": "nincs megadva", "atlag_aramfogyasztas": "nincs megadva", "tavolsag_metro_halozati_m": null, "menetido_metro_gyalog_perc": null, "metro_5p_seta": 0, "metro_10p_seta": 0, "metro_15p_seta": 0, "tavolsag_villamos_halozati_m": null, "menetido_villamos_gyalog_perc": null, "villamos_5p_seta": 0, "villamos_10p_seta": 0, "villamos_15p_seta": 0, "tavolsag_busz_halozati_m": null, "menetido_busz_gyalog_perc": null, "busz_5p_seta": 0, "busz_10p_seta": 0, "busz_15p_seta": 0, "tavolsag_kotottpalya_halozati_m": null, "menetido_kotottpalya_gyalog_perc": null, "kotottpalya_5p_seta": 0, "kotottpalya_10p_seta": 0, "kotottpalya_15p_seta": 0, "tavolsag_park_halozati_m": null, "menetido_park_gyalog_perc": null, "park_5p_seta": 0, "park_10p_seta": 0, "park_15p_seta": 0, "poi_5p_count": null, "poi_10p_count": null, "poi_15p_count": null, "tavolsag_iskola_halozati_m": null, "iskola_5p_seta": 0, "iskola_10p_seta": 0, "iskola_15p_seta": 0, "tavolsag_ovoda_halozati_m": null, "ovoda_5p_seta": 0, "ovoda_10p_seta": 0, "ovoda_15p_seta": 0, "tavolsag_bolt_halozati_m": null, "bolt_5p_seta": 0, "bolt_10p_seta": 0, "bolt_15p_seta": 0, "tavolsag_gyogyszertar_halozati_m": null, "gyogyszertar_5p_seta": 0, "gyogyszertar_10p_seta": 0, "gyogyszertar_15p_seta": 0, "tavolsag_orvos_halozati_m": null, "orvos_5p_seta": 0, "orvos_10p_seta": 0, "orvos_15p_seta": 0, "legkozelebbi_vasut": "", "legkozelebbi_metro": "", "legkozelebbi_villamos": "", "legkozelebbi_busz": "", "legkozelebbi_park": "", "legkozelebbi_kotottpalya_tipus": "", "varosresz_geokodolt": "Óhegy", "geokodolas_szolgaltato": "nominatim/photon", "felhasznalt_hazszam": 75.0, "legkozelebbi_iskola": "", "legkozelebbi_ovoda": "", "legkozelebbi_bolt": "", "legkozelebbi_gyogyszertar": "", "legkozelebbi_orvos": "", "menetido_iskola_gyalog_perc": null, "menetido_ovoda_gyalog_perc": null, "menetido_bolt_gyalog_perc": null, "menetido_gyogyszertar_gyalog_perc": null, "menetido_orvos_gyalog_perc": null }, "geometry": { "type": "Point", "coordinates": [ 19.1615472, 47.4801341 ] } },
{ "type": "Feature", "properties": { "listing_id": "35612737", "listing_type": "kiado", "ingatlan_tipus": "lakas", "cim_teljes": "Budapest X. kerület, Gyógyszergyári utca 6.", "iranyitoszam": "1106", "varos": "Budapest", "utca": "Gyógyszergyári utca", "hazszam": "6", "cim_forras": "strukturalt", "url": "https://ingatlan.com/x-ker/kiado+lakas/tegla-lakas/35612737", "gyujtes_datuma": "2026-10-08", "price_huf": 280000.0, "ar_millio_ft": 0.28, "ar_ezer_ft_ho": 280.0, "nm_ar_huf": 6511.6279069767443, "log_ar": 12.542544882151386, "log_nm_ar": 8.7813447664578241, "is_ar_outlier": 0, "alapterulet_nm": 43.0, "korrigalt_alapterulet_nm": 48.5, "szobaszam_osszes": 1.0, "szobaszam_kategoria": "1 szoba", "allapot_kod": 6, "is_felujitando": 0, "is_ujszeru_vagy_uj": 1, "is_panel": 0, "is_tegla": 1, "has_lift": 1, "has_klima": 1, "has_erkely": 1, "is_foldszint": 0, "is_zaroszint": 0, "is_tetoter": 0, "epulet_kora_ev": 0.0, "geokodolt_lat": 47.4981391, "geokodolt_lon": 19.1407571, "geokodolas_modszere": "cim_nominatim", "geokodolas_pontossag": "hazszam", "minta_garantalt_pontos": 1, "tavolsag_vasut_m": 590.2, "vasut_zona": "500-1000 m", "is_vasut_immisszio_150m": 0, "tavolsag_vasut_halozati_m": 1352.6, "menetido_vasut_gyalog_perc": 18.0, "vasut_5p_seta": 0, "vasut_10p_seta": 0, "vasut_15p_seta": 0, "is_duplikalt_gyanus": 1, "varosresz": "Felsőrákos", "title": "Ingatlan kép", "allapot": "új építésű", "ingatlan_altipus": "tegla-lakas", "epites_eve": 2026.0, "epites_eve_kategoria": "0-10 év (új)", "epites_eve_szoveg": "2026", "epites_eve_becsult": null, "erkely_nm": 11.0, "szobaszam_egesz": 1.0, "szobaszam_fel": 0.0, "atlagos_szobameret_nm": 48.5, "emelet": "2", "emelet_szam": 2.0, "epulet_szintjei_szam": 7.0, "is_magas_emelet_lift_nelkul": 0, "futes": "távfűtés egyedi méréssel, hűtő-fűtő klíma", "futes_kategoria": "tavfutes", "has_tavfutes": 1, "has_konvektor": 0, "has_megujulo": 0, "has_garazs_vagy_beallo": 1, "energetikai_tanusitvany": "nincs megadva", "butorozott": "igen", "koltozheto": "azonnal", "min_berleti_ido": "12 hónap", "kertkapcsolatos": "nem", "kozos_koltseg_huf": 10.0, "rezsikoltseg_huf": 30000.0, "kaucio_huf": null, "hirdeto_tipus": null, "iroda_neve": null, "leiras": "Új építésű, nappali+ hálószobás teljesen berendezett, gépesített lakás, 10 m²-es erkéllyel kiadó a Kincsem by Bayer lakóparkban – garázsbérlési lehetőséggel Budapest X. kerületében, a Kincsem by Bayer új építésű lakóparkban kiadó a K1 épület A201-es lakása. A 43 m²-es lakótérhez egy nagyméretű, 10 m²-es erkély kapcsolódik, így a lakás a belső méretéhez képest kifejezetten jól használható külső térrel rendelkezik. A lakás keleti tájolású, ezért elsősorban a reggeli és délelőtti órákban kap természetes fényt. Az elrendezés egy nappaliból, külön hálószobából, fürdőszobából és a hozzájuk kapcsolódó közlekedő-, illetve kiszolgálóterekből áll. A lakás teljesen új, még senki nem lakta, így a leendő bérlő valóban elsőként veheti birtokba az otthont. Az egyedi bútorokat asztalos készítette, kifejezetten a lakás adottságaihoz igazítva. A teljes gépesítés része a mosogatógép, mosógép, beépített sütő, főzőlap, páraelszívó, mikrohullámú sütő és okostévé. Az előszobában egyedi szekrény, a lakásban beépített tároló, valamint kihúzható kanapé is rendelkezésre áll. Akadálymentes kialakítású, a lakópark pedig modern, korszerű műszaki tartalommal épült. INGATLAN ADATAI: – 43 m² lakótér – 10 m² erkély – Nappali + 1 hálószoba – Keleti tájolás – K1 épület – A201-es lakás – Vadonatúj, még nem lakott lakás – Teljesen gépesített – Egyedi, méretre gyártott bútorok – Mosogatógép – Mosógép – Beépített sütő – Főzőlap – Páraelszívó – Mikrohullámú sütő – Okostévé – Egyedi előszoba szekrény – Beépített szekrény – Kihúzható kanapé – Akadálymentes kialakítás – Fedett erkély – Távhős fűtési rendszer (egyedi méréssel) – Modern, új építésű lakókörnyezet Kamerás kaputelefon TÁRSASHÁZ ADATAI: A Kincsem by Bayer egy korszerű, több épületből álló lakópark Budapest X. kerületében. A fejlesztés részeként parkosított és zöldfelületekkel kialakított közösségi területek, kerékpártárolók, liftek, valamint felszíni és teremgarázs-parkolóhelyek készültek. A társasház tervezésénél a modern műszaki tartalom és a jól használható közösségi terek egyaránt fontos szempont volt. A lakás egyik komoly előnye a 10 m²-es fedett erkély, amely méretének köszönhetően nem csupán egy keskeny kiülő, hanem valóban használható külső élettér. A keleti tájolás miatt ideális lehet reggelihez, kávézáshoz vagy egy kisebb kültéri pihenőrész kialakításához. A lakópark Budapest X. kerületében, a Gyógyszergyári utcában, az Örs vezér tere közelében található. A projekt a Fehér út közelében, ugyanakkor zöldfelületekkel körülvett területen épült. A lakópark kialakításakor jelentős parkosított területekkel és a kizárólag a lakók által használható pihenő- és közösségi részekkel is számoltak. Az Örs vezér tere közelsége miatt Budapest több része tömegközlekedéssel is könnyen elérhető, miközben gépkocsival a Fehér út és a környező főbb útvonalak biztosítanak gyors kapcsolatot. KÖZLEKEDÉS ÉS EGYETEMEK: – Kincsem Lakópark villamosmegálló: kb. 2–4 perc séta – 3, 62, 62A villamos – Örs vezér tere: kb. 10–15 perc séta – M2 metró, H8/H9 HÉV és számos buszjárat – METU Nagy Lajos király úti campus: kb. 15 perc – BGE Zuglói Campus / Pénzügy és Számvitel Kar: kb. 15–20 perc – NKE Hungária körúti Campus szintén gyorsan elérhető – A belváros az M2-es metróval az Örsről közvetlenül elérhető. A lakópark gépkocsival a Gyógyszergyári út felől közelíthető meg. A lakáshoz teremgarázs-beálló bérelhető, de a lakás garázs nélkül is kivehető. Teremgarázs bérleti díja: 30 000 Ft/hó. – Bérleti díj: 280 000 Ft/hó – Rezsi átalány: 40 000 Ft/hó – A rezsiátalány tartalmazza a víz-, fűtés- és villamosenergia-fogyasztást, valamint a közös költséget – A fogyasztások évente ellenőrzésre kerülnek, szükség esetén a különbözet elszámolásával – Internet külön fizetendő; a társasházban Telekom szolgáltatás érhető el – Teremgarázs: +30 000 Ft/hó, opcionálisan bérelhető – Minimum bérleti idő: minimum 1 év, – Maximum 2 fő részére (gyerek nem hozható) – Kisállat nem tartható – A lakásban dohányozni nem lehet – Stabil, igazolható fizetési háttér szükséges – A lakás állapotának megóvása alapvető feltétel Hosszú távra keresünk olyan bérlőt, aki egy modern, új építésű lakást szeretne otthonaként használni, és annak állapotára sajátjaként vigyáz.", "oldal_allapot": "hirdetes", "leiras_hossz": 4196.0, "fenykepek_szama": 6.0, "lat_portal": 47.497833, "lon_portal": 19.141041, "portal_pozicio_sugar_m": null, "price_eur": null, "nm_ar_eur": null, "kozos_koltseg_eur": null, "rezsikoltseg_eur": null, "kaucio_eur": null, "parkolas": "teremgarázs hely - bérelhető", "parkolohely_ara": 30000.0, "parkolohelyek_szama": null, "pince": "nan", "napelem": "nan", "komfort": "összkomfortos", "belmagassag_raw": "3 m-nél alacsonyabb", "akadalymentesitett": "igen", "furdo_wc": "egy helyiségben", "tajolas": "kelet", "kilatas": "udvari", "szigeteles": "van", "tetoter": "nem tetőtéri", "panelprogram": "nan", "gepesitett": "igen", "kisallat": "nem hozható", "dohanyzas": "nem megengedett", "atlag_gazfogyasztas": "nincs megadva", "atlag_aramfogyasztas": "nincs megadva", "tavolsag_metro_halozati_m": null, "menetido_metro_gyalog_perc": null, "metro_5p_seta": 0, "metro_10p_seta": 0, "metro_15p_seta": 0, "tavolsag_villamos_halozati_m": 772.2, "menetido_villamos_gyalog_perc": 10.3, "villamos_5p_seta": 0, "villamos_10p_seta": 0, "villamos_15p_seta": 1, "tavolsag_busz_halozati_m": 620.4, "menetido_busz_gyalog_perc": 8.3, "busz_5p_seta": 0, "busz_10p_seta": 1, "busz_15p_seta": 1, "tavolsag_kotottpalya_halozati_m": 772.2, "menetido_kotottpalya_gyalog_perc": 10.3, "kotottpalya_5p_seta": 0, "kotottpalya_10p_seta": 0, "kotottpalya_15p_seta": 1, "tavolsag_park_halozati_m": 1429.5, "menetido_park_gyalog_perc": 19.1, "park_5p_seta": 0, "park_10p_seta": 0, "park_15p_seta": 0, "poi_5p_count": 0.0, "poi_10p_count": 1.0, "poi_15p_count": 6.0, "tavolsag_iskola_halozati_m": null, "iskola_5p_seta": 0, "iskola_10p_seta": 0, "iskola_15p_seta": 0, "tavolsag_ovoda_halozati_m": 1751.6, "ovoda_5p_seta": 0, "ovoda_10p_seta": 0, "ovoda_15p_seta": 0, "tavolsag_bolt_halozati_m": 2027.2, "bolt_5p_seta": 0, "bolt_10p_seta": 0, "bolt_15p_seta": 0, "tavolsag_gyogyszertar_halozati_m": 1516.0, "gyogyszertar_5p_seta": 0, "gyogyszertar_10p_seta": 0, "gyogyszertar_15p_seta": 0, "tavolsag_orvos_halozati_m": null, "orvos_5p_seta": 0, "orvos_10p_seta": 0, "orvos_15p_seta": 0, "legkozelebbi_vasut": "Kőbánya felső", "legkozelebbi_metro": "", "legkozelebbi_villamos": "Terebesi utca", "legkozelebbi_busz": "Albertirsai köz", "legkozelebbi_park": "Sajó Sándor tér", "legkozelebbi_kotottpalya_tipus": "villamos", "varosresz_geokodolt": "Felsőrákos", "geokodolas_szolgaltato": "nominatim/photon", "felhasznalt_hazszam": 6.0, "legkozelebbi_iskola": "", "legkozelebbi_ovoda": "Apró csodák Bölcsőde", "legkozelebbi_bolt": "", "legkozelebbi_gyogyszertar": "Harmat Patika", "legkozelebbi_orvos": "", "menetido_iskola_gyalog_perc": null, "menetido_ovoda_gyalog_perc": 23.4, "menetido_bolt_gyalog_perc": 27.0, "menetido_gyogyszertar_gyalog_perc": 20.2, "menetido_orvos_gyalog_perc": null }, "geometry": { "type": "Point", "coordinates": [ 19.1407571, 47.4981391 ] } },
{ "type": "Feature", "properties": { "listing_id": "35613520", "listing_type": "kiado", "ingatlan_tipus": "lakas", "cim_teljes": "Budapest X. kerület, Gyógyszergyári utca 14.", "iranyitoszam": "1106", "varos": "Budapest", "utca": "Gyógyszergyári utca", "hazszam": "14", "cim_forras": "strukturalt", "url": "https://ingatlan.com/x-ker/kiado+lakas/tegla-lakas/35613520", "gyujtes_datuma": "2026-10-08", "price_huf": 280000.0, "ar_millio_ft": 0.28, "ar_ezer_ft_ho": 280.0, "nm_ar_huf": 6666.666666666667, "log_ar": 12.542544882151386, "log_nm_ar": 8.8048752638680181, "is_ar_outlier": 0, "alapterulet_nm": 42.0, "korrigalt_alapterulet_nm": 47.5, "szobaszam_osszes": 2.0, "szobaszam_kategoria": "2 szoba", "allapot_kod": 6, "is_felujitando": 0, "is_ujszeru_vagy_uj": 1, "is_panel": 0, "is_tegla": 1, "has_lift": 1, "has_klima": 1, "has_erkely": 1, "is_foldszint": 0, "is_zaroszint": 0, "is_tetoter": 0, "epulet_kora_ev": null, "geokodolt_lat": 47.4987829, "geokodolt_lon": 19.146355, "geokodolas_modszere": "cim_nominatim", "geokodolas_pontossag": "hazszam", "minta_garantalt_pontos": 1, "tavolsag_vasut_m": 621.5, "vasut_zona": "500-1000 m", "is_vasut_immisszio_150m": 0, "tavolsag_vasut_halozati_m": null, "menetido_vasut_gyalog_perc": null, "vasut_5p_seta": 0, "vasut_10p_seta": 0, "vasut_15p_seta": 0, "is_duplikalt_gyanus": 0, "varosresz": "Felsőrákos", "title": "Ingatlan kép", "allapot": "új építésű", "ingatlan_altipus": "tegla-lakas", "epites_eve": null, "epites_eve_kategoria": "Ismeretlen", "epites_eve_szoveg": "nincs megadva", "epites_eve_becsult": null, "erkely_nm": 11.0, "szobaszam_egesz": 2.0, "szobaszam_fel": 0.0, "atlagos_szobameret_nm": 23.75, "emelet": "2", "emelet_szam": 2.0, "epulet_szintjei_szam": null, "is_magas_emelet_lift_nelkul": 0, "futes": "házközponti egyedi méréssel", "futes_kategoria": "kozponti", "has_tavfutes": 0, "has_konvektor": 0, "has_megujulo": 0, "has_garazs_vagy_beallo": 1, "energetikai_tanusitvany": "nincs megadva", "butorozott": "igen", "koltozheto": "azonnal", "min_berleti_ido": "nincs megadva", "kertkapcsolatos": "nincs megadva", "kozos_koltseg_huf": null, "rezsikoltseg_huf": null, "kaucio_huf": null, "hirdeto_tipus": null, "iroda_neve": null, "leiras": "KIADÓ MODERN, IGÉNYES LAKÁS A KINCSEM LAKÓPARKBAN! Az újonnan átadott Kincsem Lakóparkban kiadó egy modern, igényesen kialakított, másfél szobás, bútorozott lakás. A lakás főbb jellemzői: • teljesen gépesített konyha • bútorozott • klíma • elektromos redőnyök • 2. emelet • 11 m²-es erkély • belső, gondozott zöld udvar • zárt, kamerával megfigyelt lakópark • metró közelében (Örs vezér tér) • rezsi fogyasztás alapján, egyedi mérőórák szerint Bérleti díj: 280.000 Ft/hó Kaució: 2 havi bérleti díj A bérlés feltétele közjegyző által hitelesített kiköltözési nyilatkozat. Minimum 1 éves bérlési idő. A lakáshoz tartozik egy autóbeálló a ház teremgarázsában, mely opcionálisan bérelhető a lakáshoz 30.000/hó", "oldal_allapot": "hirdetes", "leiras_hossz": 705.0, "fenykepek_szama": 6.0, "lat_portal": 47.497773, "lon_portal": 19.144117, "portal_pozicio_sugar_m": null, "price_eur": null, "nm_ar_eur": null, "kozos_koltseg_eur": null, "rezsikoltseg_eur": null, "kaucio_eur": null, "parkolas": "teremgarázs hely", "parkolohely_ara": null, "parkolohelyek_szama": null, "pince": "nan", "napelem": "nan", "komfort": "nincs megadva", "belmagassag_raw": "nincs megadva", "akadalymentesitett": "nincs megadva", "furdo_wc": "nincs megadva", "tajolas": "nincs megadva", "kilatas": "nincs megadva", "szigeteles": "nincs megadva", "tetoter": "nincs megadva", "panelprogram": "nan", "gepesitett": "igen", "kisallat": "nem hozható", "dohanyzas": "nem megengedett", "atlag_gazfogyasztas": "nincs megadva", "atlag_aramfogyasztas": "nincs megadva", "tavolsag_metro_halozati_m": null, "menetido_metro_gyalog_perc": null, "metro_5p_seta": 0, "metro_10p_seta": 0, "metro_15p_seta": 0, "tavolsag_villamos_halozati_m": null, "menetido_villamos_gyalog_perc": null, "villamos_5p_seta": 0, "villamos_10p_seta": 0, "villamos_15p_seta": 0, "tavolsag_busz_halozati_m": null, "menetido_busz_gyalog_perc": null, "busz_5p_seta": 0, "busz_10p_seta": 0, "busz_15p_seta": 0, "tavolsag_kotottpalya_halozati_m": null, "menetido_kotottpalya_gyalog_perc": null, "kotottpalya_5p_seta": 0, "kotottpalya_10p_seta": 0, "kotottpalya_15p_seta": 0, "tavolsag_park_halozati_m": null, "menetido_park_gyalog_perc": null, "park_5p_seta": 0, "park_10p_seta": 0, "park_15p_seta": 0, "poi_5p_count": null, "poi_10p_count": null, "poi_15p_count": null, "tavolsag_iskola_halozati_m": null, "iskola_5p_seta": 0, "iskola_10p_seta": 0, "iskola_15p_seta": 0, "tavolsag_ovoda_halozati_m": null, "ovoda_5p_seta": 0, "ovoda_10p_seta": 0, "ovoda_15p_seta": 0, "tavolsag_bolt_halozati_m": null, "bolt_5p_seta": 0, "bolt_10p_seta": 0, "bolt_15p_seta": 0, "tavolsag_gyogyszertar_halozati_m": null, "gyogyszertar_5p_seta": 0, "gyogyszertar_10p_seta": 0, "gyogyszertar_15p_seta": 0, "tavolsag_orvos_halozati_m": null, "orvos_5p_seta": 0, "orvos_10p_seta": 0, "orvos_15p_seta": 0, "legkozelebbi_vasut": "", "legkozelebbi_metro": "", "legkozelebbi_villamos": "", "legkozelebbi_busz": "", "legkozelebbi_park": "", "legkozelebbi_kotottpalya_tipus": "", "varosresz_geokodolt": "Felsőrákos", "geokodolas_szolgaltato": "nominatim/photon", "felhasznalt_hazszam": 14.0, "legkozelebbi_iskola": "", "legkozelebbi_ovoda": "", "legkozelebbi_bolt": "", "legkozelebbi_gyogyszertar": "", "legkozelebbi_orvos": "", "menetido_iskola_gyalog_perc": null, "menetido_ovoda_gyalog_perc": null, "menetido_bolt_gyalog_perc": null, "menetido_gyogyszertar_gyalog_perc": null, "menetido_orvos_gyalog_perc": null }, "geometry": { "type": "Point", "coordinates": [ 19.146355, 47.4987829 ] } },
{ "type": "Feature", "properties": { "listing_id": "35613693", "listing_type": "kiado", "ingatlan_tipus": "lakas", "cim_teljes": "Budapest X. kerület, Székfűvirág utca 4.", "iranyitoszam": "1103", "varos": "Budapest", "utca": "Székfűvirág utca", "hazszam": "4", "cim_forras": "strukturalt", "url": "https://ingatlan.com/x-ker/kiado+lakas/tegla-lakas/35613693", "gyujtes_datuma": "2026-10-08", "price_huf": 200000.0, "ar_millio_ft": 0.2, "ar_ezer_ft_ho": 200.0, "nm_ar_huf": 3389.8305084745762, "log_ar": 12.206072645530174, "log_nm_ar": 8.1285352016244534, "is_ar_outlier": 0, "alapterulet_nm": 59.0, "korrigalt_alapterulet_nm": 59.0, "szobaszam_osszes": 3.0, "szobaszam_kategoria": "3 szoba", "allapot_kod": 3, "is_felujitando": 0, "is_ujszeru_vagy_uj": 0, "is_panel": 0, "is_tegla": 1, "has_lift": 0, "has_klima": 1, "has_erkely": 0, "is_foldszint": 0, "is_zaroszint": 0, "is_tetoter": 0, "epulet_kora_ev": 76.0, "geokodolt_lat": 47.4739575, "geokodolt_lon": 19.1492673, "geokodolas_modszere": "cim_nominatim", "geokodolas_pontossag": "hazszam", "minta_garantalt_pontos": 1, "tavolsag_vasut_m": 956.3, "vasut_zona": "500-1000 m", "is_vasut_immisszio_150m": 0, "tavolsag_vasut_halozati_m": 2147.0, "menetido_vasut_gyalog_perc": 28.6, "vasut_5p_seta": 0, "vasut_10p_seta": 0, "vasut_15p_seta": 0, "is_duplikalt_gyanus": 0, "varosresz": "Óhegy", "title": "Ingatlan kép", "allapot": "jó állapotú", "ingatlan_altipus": "tegla-lakas", "epites_eve": 1950.0, "epites_eve_kategoria": "60+ év (háború előtti)", "epites_eve_szoveg": "1950 és 1980 között", "epites_eve_becsult": null, "erkely_nm": null, "szobaszam_egesz": 3.0, "szobaszam_fel": 0.0, "atlagos_szobameret_nm": 19.666666666666668, "emelet": "3", "emelet_szam": 3.0, "epulet_szintjei_szam": 4.0, "is_magas_emelet_lift_nelkul": 1, "futes": "távfűtés", "futes_kategoria": "tavfutes", "has_tavfutes": 1, "has_konvektor": 0, "has_megujulo": 0, "has_garazs_vagy_beallo": 0, "energetikai_tanusitvany": "nincs megadva", "butorozott": "nem", "koltozheto": "azonnal", "min_berleti_ido": "12 hónap", "kertkapcsolatos": "nincs megadva", "kozos_koltseg_huf": 18700.0, "rezsikoltseg_huf": null, "kaucio_huf": null, "hirdeto_tipus": null, "iroda_neve": null, "leiras": "X. kerületben, a SZÉKFŰVIRÁG utcában KIADÓ egy PANELHÁZBAN lévő 3. emeleti, 59 m2-es, 1 + 2 félszobás, SZEPARÁLT (ABLAKOS) KONYHÁS, BÚTOROZATLAN és GÉPESÍTÉS nélküli (kivéve tűzhely, sütő), KLÍMÁVAL, REDŐNNYEL és SZÚNYOGHÁLÓVAL felszerelt, TÁVFŰTÉSŰ, ÉSZAKKELETI fekvésű lakás. A közös költség 18.700.-. Ft. Az ingatlan azonnal költözhető. A környéken a parkolás ingyenes. * * * A lakásba KISÁLLAT NEM HOZHATÓ, a DOHÁNYZÁS pedig NEM MEGENGEDETT!!! * * * A bérlet időtartama minimum 1 év. A bérléshez kéthavi kaució és a tárgyhavi bérleti díj szükséges. Bérleti díj: 200.000.- Ft/hó", "oldal_allapot": "hirdetes", "leiras_hossz": 581.0, "fenykepek_szama": 6.0, "lat_portal": 47.473954, "lon_portal": 19.149197, "portal_pozicio_sugar_m": null, "price_eur": null, "nm_ar_eur": null, "kozos_koltseg_eur": null, "rezsikoltseg_eur": null, "kaucio_eur": null, "parkolas": "nincs megadva", "parkolohely_ara": null, "parkolohelyek_szama": null, "pince": "nan", "napelem": "nan", "komfort": "összkomfortos", "belmagassag_raw": "3 m-nél alacsonyabb", "akadalymentesitett": "nincs megadva", "furdo_wc": "külön helyiségben", "tajolas": "északkelet", "kilatas": "kertre néz", "szigeteles": "nincs megadva", "tetoter": "nincs megadva", "panelprogram": "nan", "gepesitett": "nem", "kisallat": "nem hozható", "dohanyzas": "nem megengedett", "atlag_gazfogyasztas": "nincs megadva", "atlag_aramfogyasztas": "nincs megadva", "tavolsag_metro_halozati_m": null, "menetido_metro_gyalog_perc": null, "metro_5p_seta": 0, "metro_10p_seta": 0, "metro_15p_seta": 0, "tavolsag_villamos_halozati_m": 1857.1, "menetido_villamos_gyalog_perc": 24.8, "villamos_5p_seta": 0, "villamos_10p_seta": 0, "villamos_15p_seta": 0, "tavolsag_busz_halozati_m": 293.4, "menetido_busz_gyalog_perc": 3.9, "busz_5p_seta": 1, "busz_10p_seta": 1, "busz_15p_seta": 1, "tavolsag_kotottpalya_halozati_m": 1857.1, "menetido_kotottpalya_gyalog_perc": 24.8, "kotottpalya_5p_seta": 0, "kotottpalya_10p_seta": 0, "kotottpalya_15p_seta": 0, "tavolsag_park_halozati_m": 586.9, "menetido_park_gyalog_perc": 7.8, "park_5p_seta": 0, "park_10p_seta": 1, "park_15p_seta": 1, "poi_5p_count": 2.0, "poi_10p_count": 15.0, "poi_15p_count": 38.0, "tavolsag_iskola_halozati_m": 1439.8, "iskola_5p_seta": 0, "iskola_10p_seta": 0, "iskola_15p_seta": 0, "tavolsag_ovoda_halozati_m": null, "ovoda_5p_seta": 0, "ovoda_10p_seta": 0, "ovoda_15p_seta": 0, "tavolsag_bolt_halozati_m": 611.0, "bolt_5p_seta": 0, "bolt_10p_seta": 1, "bolt_15p_seta": 1, "tavolsag_gyogyszertar_halozati_m": 1012.5, "gyogyszertar_5p_seta": 0, "gyogyszertar_10p_seta": 0, "gyogyszertar_15p_seta": 1, "tavolsag_orvos_halozati_m": null, "orvos_5p_seta": 0, "orvos_10p_seta": 0, "orvos_15p_seta": 0, "legkozelebbi_vasut": "Kőbánya alsó", "legkozelebbi_metro": "", "legkozelebbi_villamos": "Kápolna utca", "legkozelebbi_busz": "Noszlopy utca", "legkozelebbi_park": "", "legkozelebbi_kotottpalya_tipus": "villamos", "varosresz_geokodolt": "Óhegy", "geokodolas_szolgaltato": "nominatim/photon", "felhasznalt_hazszam": 4.0, "legkozelebbi_iskola": "Janikovszky Éva Általános Iskola", "legkozelebbi_ovoda": "", "legkozelebbi_bolt": "Óhegy Diszkont", "legkozelebbi_gyogyszertar": "Szent Katalin Gyógyszertár", "legkozelebbi_orvos": "", "menetido_iskola_gyalog_perc": 19.2, "menetido_ovoda_gyalog_perc": null, "menetido_bolt_gyalog_perc": 8.1, "menetido_gyogyszertar_gyalog_perc": 13.5, "menetido_orvos_gyalog_perc": null }, "geometry": { "type": "Point", "coordinates": [ 19.1492673, 47.4739575 ] } },
{ "type": "Feature", "properties": { "listing_id": "35615084", "listing_type": "kiado", "ingatlan_tipus": "lakas", "cim_teljes": "Budapest X. kerület, Dombtető utca 12.", "iranyitoszam": "1108", "varos": "Budapest", "utca": "Dombtető utca", "hazszam": "12", "cim_forras": "strukturalt", "url": "https://ingatlan.com/x-ker/kiado+lakas/panel-lakas/35615084", "gyujtes_datuma": "2026-10-08", "price_huf": 230000.0, "ar_millio_ft": 0.23, "ar_ezer_ft_ho": 230.0, "nm_ar_huf": 4600.0, "log_ar": 12.345834587905333, "log_nm_ar": 8.4338115824771869, "is_ar_outlier": 0, "alapterulet_nm": 50.0, "korrigalt_alapterulet_nm": 51.5, "szobaszam_osszes": 2.0, "szobaszam_kategoria": "2 szoba", "allapot_kod": 4, "is_felujitando": 0, "is_ujszeru_vagy_uj": 0, "is_panel": 1, "is_tegla": 0, "has_lift": 1, "has_klima": 0, "has_erkely": 1, "is_foldszint": 0, "is_zaroszint": 0, "is_tetoter": 0, "epulet_kora_ev": null, "geokodolt_lat": 47.4724201, "geokodolt_lon": 19.1646782, "geokodolas_modszere": "cim_nominatim", "geokodolas_pontossag": "hazszam", "minta_garantalt_pontos": 1, "tavolsag_vasut_m": 1236.6, "vasut_zona": "1000-2000 m", "is_vasut_immisszio_150m": 0, "tavolsag_vasut_halozati_m": null, "menetido_vasut_gyalog_perc": null, "vasut_5p_seta": 0, "vasut_10p_seta": 0, "vasut_15p_seta": 0, "is_duplikalt_gyanus": 0, "varosresz": "Újhegy", "title": "Ingatlan kép", "allapot": "felújított", "ingatlan_altipus": "panel-lakas", "epites_eve": null, "epites_eve_kategoria": "Ismeretlen", "epites_eve_szoveg": "nincs megadva", "epites_eve_becsult": null, "erkely_nm": 3.0, "szobaszam_egesz": 2.0, "szobaszam_fel": 0.0, "atlagos_szobameret_nm": 25.75, "emelet": "nincs megadva", "emelet_szam": null, "epulet_szintjei_szam": 10.0, "is_magas_emelet_lift_nelkul": 0, "futes": "nincs megadva", "futes_kategoria": "egyeb", "has_tavfutes": 0, "has_konvektor": 0, "has_megujulo": 0, "has_garazs_vagy_beallo": 0, "energetikai_tanusitvany": "nincs megadva", "butorozott": "igen", "koltozheto": "azonnal", "min_berleti_ido": "12 hónap", "kertkapcsolatos": "nincs megadva", "kozos_koltseg_huf": null, "rezsikoltseg_huf": null, "kaucio_huf": null, "hirdeto_tipus": null, "iroda_neve": null, "leiras": "FELÚJÍTOTT lakás, IKEA-s és KIKA-s minőségi bútorokkal berendezve kiadó hosszú távra az Újhegyi lakótelepen. Az ingatlan 50 m²-es, 2 szobás (egy hálószoba és egy nappali), dupla erkélyes, napfényes, igényesen, frissen felújított, fiatalosan berendezett, teljesen gépesített, alacsony rezsijű, rendkívül hangulatos, otthonos lakás. Az előszobából nyílik a konyha, valamint a folyosó, amin végighaladva jutunk el a szobákba, illetve a fürdőszobába és a WC-be. Az épület homlokzata szigetelt, a nyílászárók műanyagok és redőnnyel ellátottak. A lépcsőház kulturált, rendezett, a lakóközösség kiváló. Tömegközlekedés: A lakás pár percre van a KÖKI Termináltól (busz, metró, vonatállomás, bevásárlóközpont) és az Örs Vezér tere is 10 perc alatt elérhető. A lakás az Újhegyi-sétány közelében helyezkedik el, ahol üzletek, posta, éttermek, közért, orvosi rendelők, gyógyszertár és játszótér is található. A lakás szomszédságában van a Bányató is, amely kiváló lehetőséget nyújt akár egy kis esti sétára, kikapcsolódásra. A Bányató mögött további pihenési, sportolási lehetőséget nyújt az újhegyi uszoda, az újhegyi strand és a hatalmas, jól felszerelt sportliget. A környéken számos bevásárlási lehetőség (SPAR, CBA, LIDL, PENNY, INTERSPAR) iskola, óvoda, bölcsőde, edzőterem és wellness központ is található, valamint a repülőtér is rövid idő alatt elérhető. Dohányzás és kisállat tartása nem megengedett a lakásban. Az ingatlant kéthavi kaucióval lehet lefoglalni, ezt követően költözhető. A lakást minimum egy évre lehet bérelni. Igényes, csendes, kulturált, párnak rendkívül ideális lehetőség.", "oldal_allapot": "hirdetes", "leiras_hossz": 1589.0, "fenykepek_szama": 6.0, "lat_portal": 47.472379, "lon_portal": 19.164789, "portal_pozicio_sugar_m": null, "price_eur": null, "nm_ar_eur": null, "kozos_koltseg_eur": null, "rezsikoltseg_eur": null, "kaucio_eur": null, "parkolas": "utca, közterület - ingyenes", "parkolohely_ara": null, "parkolohelyek_szama": null, "pince": "nan", "napelem": "nan", "komfort": "összkomfortos", "belmagassag_raw": "nincs megadva", "akadalymentesitett": "nem", "furdo_wc": "külön helyiségben", "tajolas": "nincs megadva", "kilatas": "panorámás", "szigeteles": "van - 10 cm", "tetoter": "nincs megadva", "panelprogram": "nincs megadva", "gepesitett": "igen", "kisallat": "nem hozható", "dohanyzas": "nincs megadva", "atlag_gazfogyasztas": "nincs megadva", "atlag_aramfogyasztas": "nincs megadva", "tavolsag_metro_halozati_m": null, "menetido_metro_gyalog_perc": null, "metro_5p_seta": 0, "metro_10p_seta": 0, "metro_15p_seta": 0, "tavolsag_villamos_halozati_m": null, "menetido_villamos_gyalog_perc": null, "villamos_5p_seta": 0, "villamos_10p_seta": 0, "villamos_15p_seta": 0, "tavolsag_busz_halozati_m": null, "menetido_busz_gyalog_perc": null, "busz_5p_seta": 0, "busz_10p_seta": 0, "busz_15p_seta": 0, "tavolsag_kotottpalya_halozati_m": null, "menetido_kotottpalya_gyalog_perc": null, "kotottpalya_5p_seta": 0, "kotottpalya_10p_seta": 0, "kotottpalya_15p_seta": 0, "tavolsag_park_halozati_m": null, "menetido_park_gyalog_perc": null, "park_5p_seta": 0, "park_10p_seta": 0, "park_15p_seta": 0, "poi_5p_count": null, "poi_10p_count": null, "poi_15p_count": null, "tavolsag_iskola_halozati_m": null, "iskola_5p_seta": 0, "iskola_10p_seta": 0, "iskola_15p_seta": 0, "tavolsag_ovoda_halozati_m": null, "ovoda_5p_seta": 0, "ovoda_10p_seta": 0, "ovoda_15p_seta": 0, "tavolsag_bolt_halozati_m": null, "bolt_5p_seta": 0, "bolt_10p_seta": 0, "bolt_15p_seta": 0, "tavolsag_gyogyszertar_halozati_m": null, "gyogyszertar_5p_seta": 0, "gyogyszertar_10p_seta": 0, "gyogyszertar_15p_seta": 0, "tavolsag_orvos_halozati_m": null, "orvos_5p_seta": 0, "orvos_10p_seta": 0, "orvos_15p_seta": 0, "legkozelebbi_vasut": "", "legkozelebbi_metro": "", "legkozelebbi_villamos": "", "legkozelebbi_busz": "", "legkozelebbi_park": "", "legkozelebbi_kotottpalya_tipus": "", "varosresz_geokodolt": "Újhegy", "geokodolas_szolgaltato": "nominatim/photon", "felhasznalt_hazszam": 12.0, "legkozelebbi_iskola": "", "legkozelebbi_ovoda": "", "legkozelebbi_bolt": "", "legkozelebbi_gyogyszertar": "", "legkozelebbi_orvos": "", "menetido_iskola_gyalog_perc": null, "menetido_ovoda_gyalog_perc": null, "menetido_bolt_gyalog_perc": null, "menetido_gyogyszertar_gyalog_perc": null, "menetido_orvos_gyalog_perc": null }, "geometry": { "type": "Point", "coordinates": [ 19.1646782, 47.4724201 ] } },
{ "type": "Feature", "properties": { "listing_id": "35615391", "listing_type": "kiado", "ingatlan_tipus": "lakas", "cim_teljes": "Budapest X. kerület, Gyógyszergyári utca 8.", "iranyitoszam": "1106", "varos": "Budapest", "utca": "Gyógyszergyári utca", "hazszam": "8", "cim_forras": "strukturalt", "url": "https://ingatlan.com/x-ker/kiado+lakas/tegla-lakas/35615391", "gyujtes_datuma": "2026-10-08", "price_huf": 279000.0, "ar_millio_ft": 0.279, "ar_ezer_ft_ho": 279.0, "nm_ar_huf": 6065.217391304348, "log_ar": 12.538967060803502, "log_nm_ar": 8.7103256643144071, "is_ar_outlier": 0, "alapterulet_nm": 46.0, "korrigalt_alapterulet_nm": 51.5, "szobaszam_osszes": 2.0, "szobaszam_kategoria": "2 szoba", "allapot_kod": 6, "is_felujitando": 0, "is_ujszeru_vagy_uj": 1, "is_panel": 0, "is_tegla": 1, "has_lift": 1, "has_klima": 1, "has_erkely": 1, "is_foldszint": 0, "is_zaroszint": 0, "is_tetoter": 0, "epulet_kora_ev": 0.0, "geokodolt_lat": 47.4983016, "geokodolt_lon": 19.14218, "geokodolas_modszere": "cim_nominatim", "geokodolas_pontossag": "hazszam", "minta_garantalt_pontos": 1, "tavolsag_vasut_m": 590.0, "vasut_zona": "500-1000 m", "is_vasut_immisszio_150m": 0, "tavolsag_vasut_halozati_m": 1505.7, "menetido_vasut_gyalog_perc": 20.1, "vasut_5p_seta": 0, "vasut_10p_seta": 0, "vasut_15p_seta": 0, "is_duplikalt_gyanus": 0, "varosresz": "Felsőrákos", "title": "Ingatlan kép", "allapot": "új építésű", "ingatlan_altipus": "tegla-lakas", "epites_eve": 2026.0, "epites_eve_kategoria": "0-10 év (új)", "epites_eve_szoveg": "2026", "epites_eve_becsult": null, "erkely_nm": 11.0, "szobaszam_egesz": 2.0, "szobaszam_fel": 0.0, "atlagos_szobameret_nm": 25.75, "emelet": "2", "emelet_szam": 2.0, "epulet_szintjei_szam": 8.0, "is_magas_emelet_lift_nelkul": 0, "futes": "házközponti egyedi méréssel", "futes_kategoria": "kozponti", "has_tavfutes": 0, "has_konvektor": 0, "has_megujulo": 0, "has_garazs_vagy_beallo": 0, "energetikai_tanusitvany": "A", "butorozott": "igen", "koltozheto": "azonnal", "min_berleti_ido": "12 hónap", "kertkapcsolatos": "nem", "kozos_koltseg_huf": null, "rezsikoltseg_huf": null, "kaucio_huf": null, "hirdeto_tipus": null, "iroda_neve": null, "leiras": "Kiadó 2 szobás újépítésű lakás a X. kerületben – Bayer Kincsem Lakópark Budapest X. kerületében, a Gyógyszergyári utca 8. szám alatt, a 2026-ban épült Bayer Kincsem Lakóparkban hosszú távra kiadó egy modern, 2 szobás, újépítésű lakás. A lakás bútorozott és gépesített, így akár azonnal kényelmesen költözhető. A kellemes hőmérsékletről klímaberendezés gondoskodik. Az ingatlan modern kialakítása, új műszaki tartalma és a lakópark igényes környezete kényelmes otthont biztosít egyedülállóknak, pároknak vagy hosszú távra tervező bérlőknek. A környék infrastruktúrája kiváló. A közelben Árkád, IKEA, Sugár bevásárlóközpontok, Spar, gyógyszertárak, éttermek, szolgáltatások és egyéb, a mindennapi élethez szükséges létesítmények is könnyen elérhetők. A környék folyamatosan fejlődik, az újépítésű lakóparkoknak köszönhetően modern, rendezett környezetet biztosít. A közlekedés tömegközlekedéssel és autóval is kényelmes. Örs Vezér tér-ről Budapest több fontos pontja gyorsan és egyszerűen megközelíthető, így a belváros és a főbb közlekedési csomópontok elérése is praktikus. 2-es Metro végállómás és 2 nagy buszközpont van séta távolságra. A lakás minimum 1 éves bérleti időszakra kiadó. Bérlés feltétele: 2 havi kaució + első havi bérleti díj, valamint közjegyzői nyilatkozat szükséges. Ideális választás azok számára, akik új, modern és igényes lakókörnyezetben szeretnének hosszú távon élni Budapesten.", "oldal_allapot": "hirdetes", "leiras_hossz": 1404.0, "fenykepek_szama": 6.0, "lat_portal": 47.49801, "lon_portal": 19.142693, "portal_pozicio_sugar_m": null, "price_eur": null, "nm_ar_eur": null, "kozos_koltseg_eur": null, "rezsikoltseg_eur": null, "kaucio_eur": null, "parkolas": "utca, közterület - ingyenes", "parkolohely_ara": null, "parkolohelyek_szama": null, "pince": "nan", "napelem": "nan", "komfort": "komfortos", "belmagassag_raw": "3 m-nél alacsonyabb", "akadalymentesitett": "nincs megadva", "furdo_wc": "külön helyiségben", "tajolas": "nincs megadva", "kilatas": "kertre néz", "szigeteles": "nincs megadva", "tetoter": "nem tetőtéri", "panelprogram": "nan", "gepesitett": "igen", "kisallat": "nincs megadva", "dohanyzas": "nincs megadva", "atlag_gazfogyasztas": "Nincs gáz bekötve az ingatlanba", "atlag_aramfogyasztas": "nincs megadva", "tavolsag_metro_halozati_m": null, "menetido_metro_gyalog_perc": null, "metro_5p_seta": 0, "metro_10p_seta": 0, "metro_15p_seta": 0, "tavolsag_villamos_halozati_m": 607.2, "menetido_villamos_gyalog_perc": 8.1, "villamos_5p_seta": 0, "villamos_10p_seta": 1, "villamos_15p_seta": 1, "tavolsag_busz_halozati_m": 629.5, "menetido_busz_gyalog_perc": 8.4, "busz_5p_seta": 0, "busz_10p_seta": 1, "busz_15p_seta": 1, "tavolsag_kotottpalya_halozati_m": 607.2, "menetido_kotottpalya_gyalog_perc": 8.1, "kotottpalya_5p_seta": 0, "kotottpalya_10p_seta": 1, "kotottpalya_15p_seta": 1, "tavolsag_park_halozati_m": 1260.3, "menetido_park_gyalog_perc": 16.8, "park_5p_seta": 0, "park_10p_seta": 0, "park_15p_seta": 0, "poi_5p_count": 0.0, "poi_10p_count": 4.0, "poi_15p_count": 18.0, "tavolsag_iskola_halozati_m": null, "iskola_5p_seta": 0, "iskola_10p_seta": 0, "iskola_15p_seta": 0, "tavolsag_ovoda_halozati_m": 1570.0, "ovoda_5p_seta": 0, "ovoda_10p_seta": 0, "ovoda_15p_seta": 0, "tavolsag_bolt_halozati_m": 1845.6, "bolt_5p_seta": 0, "bolt_10p_seta": 0, "bolt_15p_seta": 0, "tavolsag_gyogyszertar_halozati_m": 1334.3, "gyogyszertar_5p_seta": 0, "gyogyszertar_10p_seta": 0, "gyogyszertar_15p_seta": 0, "tavolsag_orvos_halozati_m": null, "orvos_5p_seta": 0, "orvos_10p_seta": 0, "orvos_15p_seta": 0, "legkozelebbi_vasut": "Kőbánya felső", "legkozelebbi_metro": "", "legkozelebbi_villamos": "Terebesi utca", "legkozelebbi_busz": "Terebesi utca", "legkozelebbi_park": "", "legkozelebbi_kotottpalya_tipus": "villamos", "varosresz_geokodolt": "Felsőrákos", "geokodolas_szolgaltato": "nominatim/photon", "felhasznalt_hazszam": 8.0, "legkozelebbi_iskola": "", "legkozelebbi_ovoda": "Apró csodák Bölcsőde", "legkozelebbi_bolt": "", "legkozelebbi_gyogyszertar": "Harmat Patika", "legkozelebbi_orvos": "", "menetido_iskola_gyalog_perc": null, "menetido_ovoda_gyalog_perc": 20.9, "menetido_bolt_gyalog_perc": 24.6, "menetido_gyogyszertar_gyalog_perc": 17.8, "menetido_orvos_gyalog_perc": null }, "geometry": { "type": "Point", "coordinates": [ 19.14218, 47.4983016 ] } },
{ "type": "Feature", "properties": { "listing_id": "35617113", "listing_type": "kiado", "ingatlan_tipus": "raktar", "cim_teljes": "Budapest X. kerület, Gyömrői út 51-53.", "iranyitoszam": "1103", "varos": "Budapest", "utca": "Gyömrői út", "hazszam": "51-53", "cim_forras": "strukturalt", "url": "https://ingatlan.com/x-ker/kiado+raktar/raktarhelyiseg/35617113", "gyujtes_datuma": "2026-10-08", "price_huf": 195000.0, "ar_millio_ft": 0.195, "ar_ezer_ft_ho": 195.0, "nm_ar_huf": 3250.0, "log_ar": 12.180754837545884, "log_nm_ar": 8.0864102753237823, "is_ar_outlier": 0, "alapterulet_nm": 60.0, "korrigalt_alapterulet_nm": 60.0, "szobaszam_osszes": null, "szobaszam_kategoria": null, "allapot_kod": 0, "is_felujitando": 0, "is_ujszeru_vagy_uj": 0, "is_panel": 0, "is_tegla": 0, "has_lift": 1, "has_klima": 1, "has_erkely": 0, "is_foldszint": 1, "is_zaroszint": 0, "is_tetoter": 0, "epulet_kora_ev": 45.0, "geokodolt_lat": 47.5003946, "geokodolt_lon": 19.1125655, "geokodolas_modszere": "cim_nominatim", "geokodolas_pontossag": "hazszam", "minta_garantalt_pontos": 1, "tavolsag_vasut_m": 584.2, "vasut_zona": "500-1000 m", "is_vasut_immisszio_150m": 0, "tavolsag_vasut_halozati_m": null, "menetido_vasut_gyalog_perc": null, "vasut_5p_seta": 0, "vasut_10p_seta": 0, "vasut_15p_seta": 0, "is_duplikalt_gyanus": 0, "varosresz": "Laposdűlő", "title": "Ingatlan kép", "allapot": "nan", "ingatlan_altipus": "raktarhelyiseg", "epites_eve": 1981.0, "epites_eve_kategoria": "30-60 év (panel-korszak)", "epites_eve_szoveg": "nan", "epites_eve_becsult": null, "erkely_nm": null, "szobaszam_egesz": null, "szobaszam_fel": null, "atlagos_szobameret_nm": null, "emelet": "földszint", "emelet_szam": null, "epulet_szintjei_szam": 2.0, "is_magas_emelet_lift_nelkul": 0, "futes": "nan", "futes_kategoria": "egyeb", "has_tavfutes": 0, "has_konvektor": 0, "has_megujulo": 0, "has_garazs_vagy_beallo": 0, "energetikai_tanusitvany": "A+", "butorozott": "nan", "koltozheto": "azonnal", "min_berleti_ido": "12 hónap", "kertkapcsolatos": "nan", "kozos_koltseg_huf": null, "rezsikoltseg_huf": null, "kaucio_huf": null, "hirdeto_tipus": null, "iroda_neve": null, "leiras": "Ipari telephelyen egyben kiadó 2 db iroda, illetve raktár, vagy kisebb műhely céljára hasznosító helyiségek. Az iroda jellegű helyiség 42 m2, a raktár, műhely céljára hasznosítható helyiség 20 m2. Az ingatlan jól megközelíthető tömegközlekedéssel, de kamionos beállásra is van lehetőség. Zárt, kamerával őrzött folyosóról nyílnak a helyiségek, melyek egymással szemben találhatóak. A folyosón közös szociális helyiségekk is találhatók, felszerelt konyhával. A rezsi általány díjként fizetendő, értéke fix, tartalmazza a fűtés, hűtés, elektromos áram, víz,- és csatorna, valamint a szemétszállítás díját ( nem extrém felhasználás mellett ) A rezsi összege fix 30.000.-/ hó. Nagyobb fogyasztás esetén mód van egyedi áram mérésre is ( 3x16A, igény szerint 3x32A is áram kapacitás is igényelhető )", "oldal_allapot": "hirdetes", "leiras_hossz": 793.0, "fenykepek_szama": null, "lat_portal": 47.470624, "lon_portal": 19.144106, "portal_pozicio_sugar_m": null, "price_eur": null, "nm_ar_eur": null, "kozos_koltseg_eur": null, "rezsikoltseg_eur": null, "kaucio_eur": null, "parkolas": "nan", "parkolohely_ara": null, "parkolohelyek_szama": null, "pince": "nan", "napelem": "nan", "komfort": "nan", "belmagassag_raw": "nan", "akadalymentesitett": "nan", "furdo_wc": "nan", "tajolas": "nan", "kilatas": "nan", "szigeteles": "nan", "tetoter": "nan", "panelprogram": "nan", "gepesitett": "nan", "kisallat": "nan", "dohanyzas": "nan", "atlag_gazfogyasztas": "nan", "atlag_aramfogyasztas": "nan", "tavolsag_metro_halozati_m": null, "menetido_metro_gyalog_perc": null, "metro_5p_seta": 0, "metro_10p_seta": 0, "metro_15p_seta": 0, "tavolsag_villamos_halozati_m": 1290.5, "menetido_villamos_gyalog_perc": 17.2, "villamos_5p_seta": 0, "villamos_10p_seta": 0, "villamos_15p_seta": 0, "tavolsag_busz_halozati_m": 1155.0, "menetido_busz_gyalog_perc": 15.4, "busz_5p_seta": 0, "busz_10p_seta": 0, "busz_15p_seta": 0, "tavolsag_kotottpalya_halozati_m": 1290.5, "menetido_kotottpalya_gyalog_perc": 17.2, "kotottpalya_5p_seta": 0, "kotottpalya_10p_seta": 0, "kotottpalya_15p_seta": 0, "tavolsag_park_halozati_m": 1378.5, "menetido_park_gyalog_perc": 18.4, "park_5p_seta": 0, "park_10p_seta": 0, "park_15p_seta": 0, "poi_5p_count": 0.0, "poi_10p_count": 0.0, "poi_15p_count": 1.0, "tavolsag_iskola_halozati_m": null, "iskola_5p_seta": 0, "iskola_10p_seta": 0, "iskola_15p_seta": 0, "tavolsag_ovoda_halozati_m": 2115.1, "ovoda_5p_seta": 0, "ovoda_10p_seta": 0, "ovoda_15p_seta": 0, "tavolsag_bolt_halozati_m": 1316.2, "bolt_5p_seta": 0, "bolt_10p_seta": 0, "bolt_15p_seta": 0, "tavolsag_gyogyszertar_halozati_m": 1119.7, "gyogyszertar_5p_seta": 0, "gyogyszertar_10p_seta": 0, "gyogyszertar_15p_seta": 1, "tavolsag_orvos_halozati_m": null, "orvos_5p_seta": 0, "orvos_10p_seta": 0, "orvos_15p_seta": 0, "legkozelebbi_vasut": "", "legkozelebbi_metro": "", "legkozelebbi_villamos": "Hidegkuti Nándor Stadion", "legkozelebbi_busz": "Ciprus utca", "legkozelebbi_park": "", "legkozelebbi_kotottpalya_tipus": "villamos", "varosresz_geokodolt": "Laposdűlő", "geokodolas_szolgaltato": "nominatim/photon", "felhasznalt_hazszam": 51.0, "legkozelebbi_iskola": "", "legkozelebbi_ovoda": "Gyöngyike Bölcsőde, Óvoda", "legkozelebbi_bolt": "Reál", "legkozelebbi_gyogyszertar": "Ciprus Hungária Patika", "legkozelebbi_orvos": "", "menetido_iskola_gyalog_perc": null, "menetido_ovoda_gyalog_perc": 28.2, "menetido_bolt_gyalog_perc": 17.5, "menetido_gyogyszertar_gyalog_perc": 14.9, "menetido_orvos_gyalog_perc": null }, "geometry": { "type": "Point", "coordinates": [ 19.1125655, 47.5003946 ] } },
{ "type": "Feature", "properties": { "listing_id": "35619312", "listing_type": "kiado", "ingatlan_tipus": "lakas", "cim_teljes": "Budapest X. kerület, Ihász utca 22.", "iranyitoszam": "1103", "varos": "Budapest", "utca": "Ihász utca", "hazszam": "22", "cim_forras": "strukturalt", "url": "https://ingatlan.com/x-ker/kiado+lakas/tegla-lakas/35619312", "gyujtes_datuma": "2026-10-08", "price_huf": 215000.0, "ar_millio_ft": 0.215, "ar_ezer_ft_ho": 215.0, "nm_ar_huf": 5375.0, "log_ar": 12.2783933071098, "log_nm_ar": 8.5895138529958643, "is_ar_outlier": 0, "alapterulet_nm": 40.0, "korrigalt_alapterulet_nm": 43.0, "szobaszam_osszes": 2.0, "szobaszam_kategoria": "2 szoba", "allapot_kod": 3, "is_felujitando": 0, "is_ujszeru_vagy_uj": 0, "is_panel": 0, "is_tegla": 1, "has_lift": 1, "has_klima": 1, "has_erkely": 1, "is_foldszint": 0, "is_zaroszint": 0, "is_tetoter": 0, "epulet_kora_ev": null, "geokodolt_lat": 47.4804871, "geokodolt_lon": 19.1362331, "geokodolas_modszere": "cim_nominatim", "geokodolas_pontossag": "hazszam", "minta_garantalt_pontos": 1, "tavolsag_vasut_m": 469.8, "vasut_zona": "300-500 m", "is_vasut_immisszio_150m": 0, "tavolsag_vasut_halozati_m": 916.7, "menetido_vasut_gyalog_perc": 12.2, "vasut_5p_seta": 0, "vasut_10p_seta": 0, "vasut_15p_seta": 1, "is_duplikalt_gyanus": 0, "varosresz": "Óhegy", "title": "Ingatlan kép", "allapot": "jó állapotú", "ingatlan_altipus": "tegla-lakas", "epites_eve": null, "epites_eve_kategoria": "Ismeretlen", "epites_eve_szoveg": "nincs megadva", "epites_eve_becsult": null, "erkely_nm": 6.0, "szobaszam_egesz": 2.0, "szobaszam_fel": 0.0, "atlagos_szobameret_nm": 21.5, "emelet": "1", "emelet_szam": 1.0, "epulet_szintjei_szam": null, "is_magas_emelet_lift_nelkul": 0, "futes": "házközponti egyedi méréssel", "futes_kategoria": "kozponti", "has_tavfutes": 0, "has_konvektor": 0, "has_megujulo": 0, "has_garazs_vagy_beallo": 0, "energetikai_tanusitvany": "nincs megadva", "butorozott": "igen", "koltozheto": "azonnal", "min_berleti_ido": "12 hónap", "kertkapcsolatos": "nincs megadva", "kozos_koltseg_huf": 20.0, "rezsikoltseg_huf": 25000.0, "kaucio_huf": null, "hirdeto_tipus": null, "iroda_neve": null, "leiras": "Kiadó Budapest a X. kerületében, az Ihász utcában, egy új építésű házban található 40 m²-es, 2 szobás, egy hálószobás lakás. Az 1. emeleten található, világos lakás 6 m²-es erkéllyel rendelkezik. Bútorozottan és a nappaliban klímával várja leendő bérlőjét. Elosztása: amerikai konyhás nappali, külön hálószoba, fürdőszoba, 6 m²-es erkély. Hosszútávra, minimum 1 évre kiadó. Azonnal költözhető. Kaució: 2 havi bérleti díjnak megfelelő összeg Bérleti díj: 215.000 Ft/hó + rezsi Havi közös költség és közüzemi előleg: 45.000 Ft/hó (előleg, éves fogyasztás alapú elszámolással) A közös költséget és a közüzemi díjakat a bérlő havi előleg formájában fizeti. A mérőórák állását beköltözéskor és évente egyszer rögzítjük, majd a tényleges fogyasztás és a befizetett előlegek alapján éves elszámolás készül. Amennyiben nem tartózkodik Budapesten, vagy első körben videón szeretné megtekinteni az ingatlant, kérem jelezze. A lakásról készült videót e-mailen, WhatsAppon vagy Viberen is meg tudom osztani.", "oldal_allapot": "hirdetes", "leiras_hossz": 995.0, "fenykepek_szama": 6.0, "lat_portal": 47.480401, "lon_portal": 19.136032, "portal_pozicio_sugar_m": null, "price_eur": null, "nm_ar_eur": null, "kozos_koltseg_eur": null, "rezsikoltseg_eur": null, "kaucio_eur": null, "parkolas": "nincs megadva", "parkolohely_ara": null, "parkolohelyek_szama": null, "pince": "nan", "napelem": "nan", "komfort": "összkomfortos", "belmagassag_raw": "3 m-nél alacsonyabb", "akadalymentesitett": "nincs megadva", "furdo_wc": "külön helyiségben", "tajolas": "nincs megadva", "kilatas": "kertre néz", "szigeteles": "nincs megadva", "tetoter": "nincs megadva", "panelprogram": "nan", "gepesitett": "igen", "kisallat": "nem hozható", "dohanyzas": "nem megengedett", "atlag_gazfogyasztas": "nincs megadva", "atlag_aramfogyasztas": "nincs megadva", "tavolsag_metro_halozati_m": 2035.7, "menetido_metro_gyalog_perc": 27.1, "metro_5p_seta": 0, "metro_10p_seta": 0, "metro_15p_seta": 0, "tavolsag_villamos_halozati_m": 630.1, "menetido_villamos_gyalog_perc": 8.4, "villamos_5p_seta": 0, "villamos_10p_seta": 1, "villamos_15p_seta": 1, "tavolsag_busz_halozati_m": 142.4, "menetido_busz_gyalog_perc": 1.9, "busz_5p_seta": 1, "busz_10p_seta": 1, "busz_15p_seta": 1, "tavolsag_kotottpalya_halozati_m": 630.1, "menetido_kotottpalya_gyalog_perc": 8.4, "kotottpalya_5p_seta": 0, "kotottpalya_10p_seta": 1, "kotottpalya_15p_seta": 1, "tavolsag_park_halozati_m": 128.5, "menetido_park_gyalog_perc": 1.7, "park_5p_seta": 1, "park_10p_seta": 1, "park_15p_seta": 1, "poi_5p_count": 10.0, "poi_10p_count": 39.0, "poi_15p_count": 103.0, "tavolsag_iskola_halozati_m": 312.2, "iskola_5p_seta": 1, "iskola_10p_seta": 1, "iskola_15p_seta": 1, "tavolsag_ovoda_halozati_m": 1277.2, "ovoda_5p_seta": 0, "ovoda_10p_seta": 0, "ovoda_15p_seta": 0, "tavolsag_bolt_halozati_m": 260.1, "bolt_5p_seta": 1, "bolt_10p_seta": 1, "bolt_15p_seta": 1, "tavolsag_gyogyszertar_halozati_m": 582.3, "gyogyszertar_5p_seta": 0, "gyogyszertar_10p_seta": 1, "gyogyszertar_15p_seta": 1, "tavolsag_orvos_halozati_m": null, "orvos_5p_seta": 0, "orvos_10p_seta": 0, "orvos_15p_seta": 0, "legkozelebbi_vasut": "Kőbánya alsó", "legkozelebbi_metro": "Határ út", "legkozelebbi_villamos": "Kápolna utca", "legkozelebbi_busz": "Kápolna tér", "legkozelebbi_park": "", "legkozelebbi_kotottpalya_tipus": "villamos", "varosresz_geokodolt": "Óhegy", "geokodolas_szolgaltato": "nominatim/photon", "felhasznalt_hazszam": 22.0, "legkozelebbi_iskola": "Janikovszky Éva Általános Iskola", "legkozelebbi_ovoda": "Apró csodák Bölcsőde", "legkozelebbi_bolt": "Big Supermarket", "legkozelebbi_gyogyszertar": "Szent Katalin Gyógyszertár", "legkozelebbi_orvos": "", "menetido_iskola_gyalog_perc": 4.2, "menetido_ovoda_gyalog_perc": 17.0, "menetido_bolt_gyalog_perc": 3.5, "menetido_gyogyszertar_gyalog_perc": 7.8, "menetido_orvos_gyalog_perc": null }, "geometry": { "type": "Point", "coordinates": [ 19.1362331, 47.4804871 ] } },
{ "type": "Feature", "properties": { "listing_id": "35620237", "listing_type": "kiado", "ingatlan_tipus": "lakas", "cim_teljes": "Budapest X. kerület, Gyógyszergyári utca 10.", "iranyitoszam": "1106", "varos": "Budapest", "utca": "Gyógyszergyári utca", "hazszam": "10", "cim_forras": "strukturalt", "url": "https://ingatlan.com/x-ker/kiado+lakas/tegla-lakas/35620237", "gyujtes_datuma": "2026-10-08", "price_huf": 319000.0, "ar_millio_ft": 0.319, "ar_ezer_ft_ho": 319.0, "nm_ar_huf": 6787.2340425531911, "log_ar": 12.672946381766982, "log_nm_ar": 8.8227987800569228, "is_ar_outlier": 0, "alapterulet_nm": 47.0, "korrigalt_alapterulet_nm": 52.0, "szobaszam_osszes": 2.0, "szobaszam_kategoria": "2 szoba", "allapot_kod": 6, "is_felujitando": 0, "is_ujszeru_vagy_uj": 1, "is_panel": 0, "is_tegla": 1, "has_lift": 1, "has_klima": 1, "has_erkely": 1, "is_foldszint": 0, "is_zaroszint": 0, "is_tetoter": 0, "epulet_kora_ev": 0.0, "geokodolt_lat": 47.4984644, "geokodolt_lon": 19.1435834, "geokodolas_modszere": "cim_nominatim", "geokodolas_pontossag": "hazszam", "minta_garantalt_pontos": 1, "tavolsag_vasut_m": 598.2, "vasut_zona": "500-1000 m", "is_vasut_immisszio_150m": 0, "tavolsag_vasut_halozati_m": 1496.4, "menetido_vasut_gyalog_perc": 20.0, "vasut_5p_seta": 0, "vasut_10p_seta": 0, "vasut_15p_seta": 0, "is_duplikalt_gyanus": 0, "varosresz": "Felsőrákos", "title": "Ingatlan kép", "allapot": "új építésű", "ingatlan_altipus": "tegla-lakas", "epites_eve": 2026.0, "epites_eve_kategoria": "0-10 év (új)", "epites_eve_szoveg": "2026", "epites_eve_becsult": null, "erkely_nm": 10.0, "szobaszam_egesz": 2.0, "szobaszam_fel": 0.0, "atlagos_szobameret_nm": 26.0, "emelet": "1", "emelet_szam": 1.0, "epulet_szintjei_szam": 7.0, "is_magas_emelet_lift_nelkul": 0, "futes": "házközponti egyedi méréssel", "futes_kategoria": "kozponti", "has_tavfutes": 0, "has_konvektor": 0, "has_megujulo": 0, "has_garazs_vagy_beallo": 1, "energetikai_tanusitvany": "nincs megadva", "butorozott": "igen", "koltozheto": "nincs megadva", "min_berleti_ido": "2 hónap", "kertkapcsolatos": "nincs megadva", "kozos_koltseg_huf": 35000.0, "rezsikoltseg_huf": 35000.0, "kaucio_huf": null, "hirdeto_tipus": null, "iroda_neve": null, "leiras": "ÚJ ÉPÍTÉSŰ, IGÉNYES 2 SZOBÁS LAKÁS KIADÓ Teljes berendezéssel – TERASSZAL ÉS GARÁZZSAL Budapest X. kerületében, a Gyógyszergyári utcában, modern, új építésű, rendezett és biztonságos lakóparkban kiadó egy 47 m²-es, 2 szobás, teraszos lakás, garázzsal. A lakás nagyon szépen és fiatalosan berendezett, teljesen gépesített, így új bérlőjének gyakorlatilag csak a személyes dolgait kell magával hoznia. A modern hűtés-fűtési rendszer egész évben kellemes komfortot biztosít. A lakópark egyik különleges adottsága a hatalmas, gyönyörűen parkosított belső kert, amely nyugodt, zöld környezetet teremt a városon belül. A lakás főbb jellemzői: * 47 m² * 2 szoba * új építésű lakópark * modern, igényes teljes bútorzat * gépesített konyha * korszerű hűtés-fűtés * saját terasz * garázs * rendezett, biztonságos lakókörnyezet * nagy, parkosított belső kert Kinek ajánljuk? Ideális választás egyedülállónak vagy párnak, akik számára fontos az új építésű, kulturált és biztonságos környezet, és egy modern, igényes, azonnal költözhető otthont keresnek.", "oldal_allapot": "hirdetes", "leiras_hossz": 1041.0, "fenykepek_szama": 6.0, "lat_portal": 47.497327, "lon_portal": 19.139864, "portal_pozicio_sugar_m": null, "price_eur": null, "nm_ar_eur": null, "kozos_koltseg_eur": null, "rezsikoltseg_eur": null, "kaucio_eur": null, "parkolas": "teremgarázs hely - benne van az árban", "parkolohely_ara": null, "parkolohelyek_szama": null, "pince": "nan", "napelem": "nan", "komfort": "összkomfortos", "belmagassag_raw": "nincs megadva", "akadalymentesitett": "igen", "furdo_wc": "külön helyiségben", "tajolas": "délkelet", "kilatas": "kertre néz", "szigeteles": "van - 15 cm", "tetoter": "nem tetőtéri", "panelprogram": "nan", "gepesitett": "igen", "kisallat": "nem hozható", "dohanyzas": "nem megengedett", "atlag_gazfogyasztas": "nincs megadva", "atlag_aramfogyasztas": "nincs megadva", "tavolsag_metro_halozati_m": null, "menetido_metro_gyalog_perc": null, "metro_5p_seta": 0, "metro_10p_seta": 0, "metro_15p_seta": 0, "tavolsag_villamos_halozati_m": 597.9, "menetido_villamos_gyalog_perc": 8.0, "villamos_5p_seta": 0, "villamos_10p_seta": 1, "villamos_15p_seta": 1, "tavolsag_busz_halozati_m": 620.2, "menetido_busz_gyalog_perc": 8.3, "busz_5p_seta": 0, "busz_10p_seta": 1, "busz_15p_seta": 1, "tavolsag_kotottpalya_halozati_m": 597.9, "menetido_kotottpalya_gyalog_perc": 8.0, "kotottpalya_5p_seta": 0, "kotottpalya_10p_seta": 1, "kotottpalya_15p_seta": 1, "tavolsag_park_halozati_m": 1251.0, "menetido_park_gyalog_perc": 16.7, "park_5p_seta": 0, "park_10p_seta": 0, "park_15p_seta": 0, "poi_5p_count": 0.0, "poi_10p_count": 4.0, "poi_15p_count": 18.0, "tavolsag_iskola_halozati_m": null, "iskola_5p_seta": 0, "iskola_10p_seta": 0, "iskola_15p_seta": 0, "tavolsag_ovoda_halozati_m": 1560.7, "ovoda_5p_seta": 0, "ovoda_10p_seta": 0, "ovoda_15p_seta": 0, "tavolsag_bolt_halozati_m": 1836.3, "bolt_5p_seta": 0, "bolt_10p_seta": 0, "bolt_15p_seta": 0, "tavolsag_gyogyszertar_halozati_m": 1325.1, "gyogyszertar_5p_seta": 0, "gyogyszertar_10p_seta": 0, "gyogyszertar_15p_seta": 0, "tavolsag_orvos_halozati_m": null, "orvos_5p_seta": 0, "orvos_10p_seta": 0, "orvos_15p_seta": 0, "legkozelebbi_vasut": "Kőbánya felső", "legkozelebbi_metro": "", "legkozelebbi_villamos": "Terebesi utca", "legkozelebbi_busz": "Terebesi utca", "legkozelebbi_park": "", "legkozelebbi_kotottpalya_tipus": "villamos", "varosresz_geokodolt": "Felsőrákos", "geokodolas_szolgaltato": "nominatim/photon", "felhasznalt_hazszam": 10.0, "legkozelebbi_iskola": "", "legkozelebbi_ovoda": "Apró csodák Bölcsőde", "legkozelebbi_bolt": "", "legkozelebbi_gyogyszertar": "Harmat Patika", "legkozelebbi_orvos": "", "menetido_iskola_gyalog_perc": null, "menetido_ovoda_gyalog_perc": 20.8, "menetido_bolt_gyalog_perc": 24.5, "menetido_gyogyszertar_gyalog_perc": 17.7, "menetido_orvos_gyalog_perc": null }, "geometry": { "type": "Point", "coordinates": [ 19.1435834, 47.4984644 ] } },
{ "type": "Feature", "properties": { "listing_id": "35620324", "listing_type": "kiado", "ingatlan_tipus": "lakas", "cim_teljes": "Budapest X. kerület, Gyógyszergyári utca 10.", "iranyitoszam": "1106", "varos": "Budapest", "utca": "Gyógyszergyári utca", "hazszam": "10", "cim_forras": "strukturalt", "url": "https://ingatlan.com/x-ker/kiado+lakas/csusztatott-zsalus/35620324", "gyujtes_datuma": "2026-10-08", "price_huf": 225000.0, "ar_millio_ft": 0.225, "ar_ezer_ft_ho": 225.0, "nm_ar_huf": 8333.3333333333339, "log_ar": 12.323855681186558, "log_nm_ar": 9.0280188151822287, "is_ar_outlier": 0, "alapterulet_nm": 27.0, "korrigalt_alapterulet_nm": 30.0, "szobaszam_osszes": 1.0, "szobaszam_kategoria": "1 szoba", "allapot_kod": 0, "is_felujitando": 0, "is_ujszeru_vagy_uj": 0, "is_panel": 0, "is_tegla": 0, "has_lift": 0, "has_klima": 0, "has_erkely": 1, "is_foldszint": 0, "is_zaroszint": 0, "is_tetoter": 0, "epulet_kora_ev": null, "geokodolt_lat": 47.4984644, "geokodolt_lon": 19.1435834, "geokodolas_modszere": "cim_nominatim", "geokodolas_pontossag": "hazszam", "minta_garantalt_pontos": 1, "tavolsag_vasut_m": 598.2, "vasut_zona": "500-1000 m", "is_vasut_immisszio_150m": 0, "tavolsag_vasut_halozati_m": 1496.4, "menetido_vasut_gyalog_perc": 20.0, "vasut_5p_seta": 0, "vasut_10p_seta": 0, "vasut_15p_seta": 0, "is_duplikalt_gyanus": 0, "varosresz": "Felsőrákos", "title": "Nincs kép", "allapot": "nincs megadva", "ingatlan_altipus": "csusztatott-zsalus", "epites_eve": null, "epites_eve_kategoria": "Ismeretlen", "epites_eve_szoveg": "nincs megadva", "epites_eve_becsult": null, "erkely_nm": 6.0, "szobaszam_egesz": 1.0, "szobaszam_fel": 0.0, "atlagos_szobameret_nm": 30.0, "emelet": "nincs megadva", "emelet_szam": null, "epulet_szintjei_szam": null, "is_magas_emelet_lift_nelkul": 0, "futes": "nincs megadva", "futes_kategoria": "egyeb", "has_tavfutes": 0, "has_konvektor": 0, "has_megujulo": 0, "has_garazs_vagy_beallo": 0, "energetikai_tanusitvany": "nincs megadva", "butorozott": "nincs megadva", "koltozheto": "nincs megadva", "min_berleti_ido": "nincs megadva", "kertkapcsolatos": "nincs megadva", "kozos_koltseg_huf": null, "rezsikoltseg_huf": null, "kaucio_huf": null, "hirdeto_tipus": null, "iroda_neve": null, "leiras": "Új építésű ,Új lakás várja új, első bérlőjét. Gépesített (mosógép,sütő,főzőlap,klíma,hűtő-fagyasztó) konyhabútor,fürdőszoba bútor, beépített szekrény.", "oldal_allapot": "hirdetes", "leiras_hossz": 150.0, "fenykepek_szama": 6.0, "lat_portal": 47.497327, "lon_portal": 19.139864, "portal_pozicio_sugar_m": null, "price_eur": null, "nm_ar_eur": null, "kozos_koltseg_eur": null, "rezsikoltseg_eur": null, "kaucio_eur": null, "parkolas": "nincs megadva", "parkolohely_ara": null, "parkolohelyek_szama": null, "pince": "nan", "napelem": "nan", "komfort": "nincs megadva", "belmagassag_raw": "nincs megadva", "akadalymentesitett": "nincs megadva", "furdo_wc": "nincs megadva", "tajolas": "nincs megadva", "kilatas": "nincs megadva", "szigeteles": "nincs megadva", "tetoter": "nan", "panelprogram": "nan", "gepesitett": "nincs megadva", "kisallat": "nincs megadva", "dohanyzas": "nincs megadva", "atlag_gazfogyasztas": "nincs megadva", "atlag_aramfogyasztas": "nincs megadva", "tavolsag_metro_halozati_m": null, "menetido_metro_gyalog_perc": null, "metro_5p_seta": 0, "metro_10p_seta": 0, "metro_15p_seta": 0, "tavolsag_villamos_halozati_m": 597.9, "menetido_villamos_gyalog_perc": 8.0, "villamos_5p_seta": 0, "villamos_10p_seta": 1, "villamos_15p_seta": 1, "tavolsag_busz_halozati_m": 620.2, "menetido_busz_gyalog_perc": 8.3, "busz_5p_seta": 0, "busz_10p_seta": 1, "busz_15p_seta": 1, "tavolsag_kotottpalya_halozati_m": 597.9, "menetido_kotottpalya_gyalog_perc": 8.0, "kotottpalya_5p_seta": 0, "kotottpalya_10p_seta": 1, "kotottpalya_15p_seta": 1, "tavolsag_park_halozati_m": 1251.0, "menetido_park_gyalog_perc": 16.7, "park_5p_seta": 0, "park_10p_seta": 0, "park_15p_seta": 0, "poi_5p_count": 0.0, "poi_10p_count": 4.0, "poi_15p_count": 18.0, "tavolsag_iskola_halozati_m": null, "iskola_5p_seta": 0, "iskola_10p_seta": 0, "iskola_15p_seta": 0, "tavolsag_ovoda_halozati_m": 1560.7, "ovoda_5p_seta": 0, "ovoda_10p_seta": 0, "ovoda_15p_seta": 0, "tavolsag_bolt_halozati_m": 1836.3, "bolt_5p_seta": 0, "bolt_10p_seta": 0, "bolt_15p_seta": 0, "tavolsag_gyogyszertar_halozati_m": 1325.1, "gyogyszertar_5p_seta": 0, "gyogyszertar_10p_seta": 0, "gyogyszertar_15p_seta": 0, "tavolsag_orvos_halozati_m": null, "orvos_5p_seta": 0, "orvos_10p_seta": 0, "orvos_15p_seta": 0, "legkozelebbi_vasut": "Kőbánya felső", "legkozelebbi_metro": "", "legkozelebbi_villamos": "Terebesi utca", "legkozelebbi_busz": "Terebesi utca", "legkozelebbi_park": "", "legkozelebbi_kotottpalya_tipus": "villamos", "varosresz_geokodolt": "Felsőrákos", "geokodolas_szolgaltato": "nominatim/photon", "felhasznalt_hazszam": 10.0, "legkozelebbi_iskola": "", "legkozelebbi_ovoda": "Apró csodák Bölcsőde", "legkozelebbi_bolt": "", "legkozelebbi_gyogyszertar": "Harmat Patika", "legkozelebbi_orvos": "", "menetido_iskola_gyalog_perc": null, "menetido_ovoda_gyalog_perc": 20.8, "menetido_bolt_gyalog_perc": 24.5, "menetido_gyogyszertar_gyalog_perc": 17.7, "menetido_orvos_gyalog_perc": null }, "geometry": { "type": "Point", "coordinates": [ 19.1435834, 47.4984644 ] } },
{ "type": "Feature", "properties": { "listing_id": "35623052", "listing_type": "kiado", "ingatlan_tipus": "lakas", "cim_teljes": "Budapest X. kerület, Gyógyszergyári utca 6.", "iranyitoszam": "1106", "varos": "Budapest", "utca": "Gyógyszergyári utca", "hazszam": "6", "cim_forras": "strukturalt", "url": "https://ingatlan.com/x-ker/kiado+lakas/tegla-lakas/35623052", "gyujtes_datuma": "2026-10-08", "price_huf": 250000.0, "ar_millio_ft": 0.25, "ar_ezer_ft_ho": 250.0, "nm_ar_huf": 8333.3333333333339, "log_ar": 12.429216196844383, "log_nm_ar": 9.0280188151822287, "is_ar_outlier": 0, "alapterulet_nm": 30.0, "korrigalt_alapterulet_nm": 34.0, "szobaszam_osszes": 1.0, "szobaszam_kategoria": "1 szoba", "allapot_kod": 6, "is_felujitando": 0, "is_ujszeru_vagy_uj": 1, "is_panel": 0, "is_tegla": 1, "has_lift": 1, "has_klima": 1, "has_erkely": 1, "is_foldszint": 0, "is_zaroszint": 0, "is_tetoter": 0, "epulet_kora_ev": 0.0, "geokodolt_lat": 47.4981391, "geokodolt_lon": 19.1407571, "geokodolas_modszere": "cim_nominatim", "geokodolas_pontossag": "hazszam", "minta_garantalt_pontos": 1, "tavolsag_vasut_m": 590.2, "vasut_zona": "500-1000 m", "is_vasut_immisszio_150m": 0, "tavolsag_vasut_halozati_m": 1352.6, "menetido_vasut_gyalog_perc": 18.0, "vasut_5p_seta": 0, "vasut_10p_seta": 0, "vasut_15p_seta": 0, "is_duplikalt_gyanus": 0, "varosresz": "Felsőrákos", "title": "Ingatlan kép", "allapot": "új építésű", "ingatlan_altipus": "tegla-lakas", "epites_eve": 2026.0, "epites_eve_kategoria": "0-10 év (új)", "epites_eve_szoveg": "2026", "epites_eve_becsult": null, "erkely_nm": 8.0, "szobaszam_egesz": 1.0, "szobaszam_fel": 0.0, "atlagos_szobameret_nm": 34.0, "emelet": "4", "emelet_szam": 4.0, "epulet_szintjei_szam": null, "is_magas_emelet_lift_nelkul": 0, "futes": "távfűtés egyedi méréssel", "futes_kategoria": "tavfutes", "has_tavfutes": 1, "has_konvektor": 0, "has_megujulo": 0, "has_garazs_vagy_beallo": 0, "energetikai_tanusitvany": "nincs megadva", "butorozott": "igen", "koltozheto": "azonnal", "min_berleti_ido": "12 hónap", "kertkapcsolatos": "nincs megadva", "kozos_koltseg_huf": null, "rezsikoltseg_huf": null, "kaucio_huf": null, "hirdeto_tipus": null, "iroda_neve": null, "leiras": "KIADÓ ÚJ, TELJESEN BERENDEZETT LAKÁS A KINCSEM BY BAYER LAKÓPARKBAN! Kiadó a Kincsem by Bayer Lakóparkban egy vadonatúj, 4. emeleti, 1 szobás, teljesen berendezett és gépesített lakás, amely most várja első bérlőjét. A lakás modern, igényes berendezést kapott, minden bútor és gép új. Praktikus kialakításának és a sok beépített tárolóhelynek köszönhetően a rendelkezésre álló tér jól kihasználható. A lakás felszereltsége: • egyedi tervezésű, plafonig érő konyhabútor, sok tárolóhellyel • teljesen gépesített konyha: beépített sütő, beépített hűtő, indukciós főzőlap, mosogatógép, mikrohullámú sütő, hűtő és elszívó • nagyméretű beépített gardrób és előszobaszekrény • mosógép • klíma • távfűtés • elektromos padlófűtés és törölközőszárító a fürdőszobában • elektromos redőnyök • videós kaputelefon • teljes bútorzat és gépesítés a képeken látható állapot szerint A lakáshoz tartozó tágas terasz valódi plusz életteret biztosít. Az új építésnek és a korszerű műszaki megoldásoknak köszönhetően a fenntartási költségek kedvezőek. Minden elérhető a közelben A közelben található az ÁRKÁD Budapest, a Sugár Bevásárlóközpont és az IKEA, így a bevásárlási lehetőségek és számos szolgáltatás könnyen elérhető. Kiváló közlekedés Az Örs vezér tere könnyen elérhető, ahonnan az M2-es metró, valamint több busz- és villamosjárat biztosít jó összeköttetést Budapest számos pontjával. A közelben többek között a 32-es és 85-ös busz, valamint a 3-as villamos is közlekedik. Éjszakai járatok is elérhetők. Bérleti feltételek • minimum 12 hónapos bérleti idő • 2 havi kaució • közjegyzői kiköltözési nyilatkozat szükséges • a lakásban dohányzás nem megengedett • háziállat nem tartható A lakás ideális egy fő vagy egy pár számára, aki új építésű, igényesen berendezett, azonnal költözhető otthont keres jó közlekedéssel. Ingatlanosok segítségét köszönjük, nem kérjük!", "oldal_allapot": "hirdetes", "leiras_hossz": 1853.0, "fenykepek_szama": 6.0, "lat_portal": 47.497833, "lon_portal": 19.141041, "portal_pozicio_sugar_m": null, "price_eur": null, "nm_ar_eur": null, "kozos_koltseg_eur": null, "rezsikoltseg_eur": null, "kaucio_eur": null, "parkolas": "utca, közterület - ingyenes", "parkolohely_ara": null, "parkolohelyek_szama": null, "pince": "nan", "napelem": "nan", "komfort": "nincs megadva", "belmagassag_raw": "3 m-nél alacsonyabb", "akadalymentesitett": "igen", "furdo_wc": "egy helyiségben", "tajolas": "északnyugat", "kilatas": "nincs megadva", "szigeteles": "van - 20 cm", "tetoter": "nincs megadva", "panelprogram": "nan", "gepesitett": "igen", "kisallat": "nem hozható", "dohanyzas": "nem megengedett", "atlag_gazfogyasztas": "nincs megadva", "atlag_aramfogyasztas": "nincs megadva", "tavolsag_metro_halozati_m": null, "menetido_metro_gyalog_perc": null, "metro_5p_seta": 0, "metro_10p_seta": 0, "metro_15p_seta": 0, "tavolsag_villamos_halozati_m": 772.2, "menetido_villamos_gyalog_perc": 10.3, "villamos_5p_seta": 0, "villamos_10p_seta": 0, "villamos_15p_seta": 1, "tavolsag_busz_halozati_m": 620.4, "menetido_busz_gyalog_perc": 8.3, "busz_5p_seta": 0, "busz_10p_seta": 1, "busz_15p_seta": 1, "tavolsag_kotottpalya_halozati_m": 772.2, "menetido_kotottpalya_gyalog_perc": 10.3, "kotottpalya_5p_seta": 0, "kotottpalya_10p_seta": 0, "kotottpalya_15p_seta": 1, "tavolsag_park_halozati_m": 1429.5, "menetido_park_gyalog_perc": 19.1, "park_5p_seta": 0, "park_10p_seta": 0, "park_15p_seta": 0, "poi_5p_count": 0.0, "poi_10p_count": 1.0, "poi_15p_count": 6.0, "tavolsag_iskola_halozati_m": null, "iskola_5p_seta": 0, "iskola_10p_seta": 0, "iskola_15p_seta": 0, "tavolsag_ovoda_halozati_m": 1751.6, "ovoda_5p_seta": 0, "ovoda_10p_seta": 0, "ovoda_15p_seta": 0, "tavolsag_bolt_halozati_m": 2027.2, "bolt_5p_seta": 0, "bolt_10p_seta": 0, "bolt_15p_seta": 0, "tavolsag_gyogyszertar_halozati_m": 1516.0, "gyogyszertar_5p_seta": 0, "gyogyszertar_10p_seta": 0, "gyogyszertar_15p_seta": 0, "tavolsag_orvos_halozati_m": null, "orvos_5p_seta": 0, "orvos_10p_seta": 0, "orvos_15p_seta": 0, "legkozelebbi_vasut": "Kőbánya felső", "legkozelebbi_metro": "", "legkozelebbi_villamos": "Terebesi utca", "legkozelebbi_busz": "Albertirsai köz", "legkozelebbi_park": "Sajó Sándor tér", "legkozelebbi_kotottpalya_tipus": "villamos", "varosresz_geokodolt": "Felsőrákos", "geokodolas_szolgaltato": "nominatim/photon", "felhasznalt_hazszam": 6.0, "legkozelebbi_iskola": "", "legkozelebbi_ovoda": "Apró csodák Bölcsőde", "legkozelebbi_bolt": "", "legkozelebbi_gyogyszertar": "Harmat Patika", "legkozelebbi_orvos": "", "menetido_iskola_gyalog_perc": null, "menetido_ovoda_gyalog_perc": 23.4, "menetido_bolt_gyalog_perc": 27.0, "menetido_gyogyszertar_gyalog_perc": 20.2, "menetido_orvos_gyalog_perc": null }, "geometry": { "type": "Point", "coordinates": [ 19.1407571, 47.4981391 ] } }
]
}
