id,title,district,category,url,local_file,download_timestamp
7820384,Hirdetés #7820384,x-ker,elado,https://ad.adverticum.net/C/7820384/7931843/793184800/1791470766347/ingatlan.com/7931847/,7820384.html,2026-10-08 17:00:18
35513622,Ingatlan kép,x-ker,elado,https://ingatlan.com/35513622,35513622.html,2026-10-08 17:00:22
35040008,Ingatlan kép,x-ker,elado,https://ingatlan.com/35040008,35040008.html,2026-10-08 17:00:26
35548375,Ingatlan kép,x-ker,elado,https://ingatlan.com/35548375,35548375.html,2026-10-08 17:00:30
35598823,Ingatlan kép,x-ker,elado,https://ingatlan.com/35598823,35598823.html,2026-10-08 17:00:34
35384893,Ingatlan kép,x-ker,elado,https://ingatlan.com/35384893,35384893.html,2026-10-08 17:00:37
35548392,Ingatlan kép,x-ker,elado,https://ingatlan.com/35548392,35548392.html,2026-10-08 17:00:42
35560950,Ingatlan kép,x-ker,elado,https://ingatlan.com/35560950,35560950.html,2026-10-08 17:00:45
35559707,Ingatlan kép,x-ker,elado,https://ingatlan.com/35559707,35559707.html,2026-10-08 17:00:49
35559719,Ingatlan kép,x-ker,elado,https://ingatlan.com/35559719,35559719.html,2026-10-08 17:00:52
35392531,Ingatlan kép,x-ker,elado,https://ingatlan.com/35392531,35392531.html,2026-10-08 17:00:55
35527025,Ingatlan kép,x-ker,elado,https://ingatlan.com/35527025,35527025.html,2026-10-08 17:00:59
35523741,Ingatlan kép,x-ker,elado,https://ingatlan.com/35523741,35523741.html,2026-10-08 17:01:03
35562756,Ingatlan kép,x-ker,elado,https://ingatlan.com/35562756,35562756.html,2026-10-08 17:01:06
35615900,Ingatlan kép,x-ker,elado,https://ingatlan.com/35615900,35615900.html,2026-10-08 17:01:11
35527137,Ingatlan kép,x-ker,elado,https://ingatlan.com/35527137,35527137.html,2026-10-08 17:01:15
35618399,Ingatlan kép,x-ker,elado,https://ingatlan.com/35618399,35618399.html,2026-10-08 17:01:18
35288876,Ingatlan kép,x-ker,elado,https://ingatlan.com/35288876,35288876.html,2026-10-08 17:01:22
35556438,Ingatlan kép,x-ker,elado,https://ingatlan.com/35556438,35556438.html,2026-10-08 17:01:26
35618349,Ingatlan kép,x-ker,elado,https://ingatlan.com/35618349,35618349.html,2026-10-08 17:01:29
35240391,Ingatlan kép,x-ker,elado,https://ingatlan.com/35240391,35240391.html,2026-10-08 17:01:32
4650511,Hirdetés #4650511,x-ker,elado,https://ad.adverticum.net/C/4650511/7930338/793034300/1791470766347/ingatlan.com/7930340/,4650511.html,2026-10-08 17:01:36
35604988,Ingatlan kép,x-ker,elado,https://ingatlan.com/35604988,35604988.html,2026-10-08 17:01:40
35596353,Ingatlan kép,x-ker,elado,https://ingatlan.com/35596353,35596353.html,2026-10-08 17:01:44
35556435,Ingatlan kép,x-ker,elado,https://ingatlan.com/35556435,35556435.html,2026-10-08 17:01:47
35594065,Ingatlan kép,x-ker,elado,https://ingatlan.com/35594065,35594065.html,2026-10-08 17:01:50
35561955,Ingatlan kép,x-ker,elado,https://ingatlan.com/35561955,35561955.html,2026-10-08 17:01:54
35505848,Ingatlan kép,x-ker,elado,https://ingatlan.com/35505848,35505848.html,2026-10-08 17:01:58
35582653,Ingatlan kép,x-ker,elado,https://ingatlan.com/35582653,35582653.html,2026-10-08 17:02:01
35600325,Ingatlan kép,x-ker,elado,https://ingatlan.com/35600325,35600325.html,2026-10-08 17:02:05
35571383,Ingatlan kép,x-ker,elado,https://ingatlan.com/35571383,35571383.html,2026-10-08 17:02:08
35612540,Ingatlan kép,x-ker,elado,https://ingatlan.com/35612540,35612540.html,2026-10-08 17:02:11
35593147,Ingatlan kép,x-ker,elado,https://ingatlan.com/35593147,35593147.html,2026-10-08 17:02:16
35462891,Ingatlan kép,x-ker,elado,https://ingatlan.com/35462891,35462891.html,2026-10-08 17:02:19
35462628,Ingatlan kép,x-ker,elado,https://ingatlan.com/35462628,35462628.html,2026-10-08 17:02:23
35462637,Ingatlan kép,x-ker,elado,https://ingatlan.com/35462637,35462637.html,2026-10-08 17:02:27
35462595,Ingatlan kép,x-ker,elado,https://ingatlan.com/35462595,35462595.html,2026-10-08 17:02:31
35464328,Ingatlan kép,x-ker,elado,https://ingatlan.com/35464328,35464328.html,2026-10-08 17:02:35
35623285,Ingatlan kép,x-ker,elado,https://ingatlan.com/35623285,35623285.html,2026-10-08 17:02:38
35512653,Ingatlan kép,x-ker,elado,https://ingatlan.com/35512653,35512653.html,2026-10-08 17:02:42
35462620,Ingatlan kép,x-ker,elado,https://ingatlan.com/35462620,35462620.html,2026-10-08 17:02:47
35560393,Ingatlan kép,x-ker,elado,https://ingatlan.com/35560393,35560393.html,2026-10-08 17:02:51
35621328,Ingatlan kép,x-ker,elado,https://ingatlan.com/35621328,35621328.html,2026-10-08 17:02:55
35592007,Ingatlan kép,x-ker,elado,https://ingatlan.com/35592007,35592007.html,2026-10-08 17:02:58
35618074,Ingatlan kép,x-ker,elado,https://ingatlan.com/35618074,35618074.html,2026-10-08 17:03:01
35464342,Ingatlan kép,x-ker,elado,https://ingatlan.com/35464342,35464342.html,2026-10-08 17:03:05
35462658,Ingatlan kép,x-ker,elado,https://ingatlan.com/35462658,35462658.html,2026-10-08 17:03:09
35464367,Ingatlan kép,x-ker,elado,https://ingatlan.com/35464367,35464367.html,2026-10-08 17:03:12
35571539,Ingatlan kép,x-ker,elado,https://ingatlan.com/35571539,35571539.html,2026-10-08 17:03:16
35464301,Ingatlan kép,x-ker,elado,https://ingatlan.com/35464301,35464301.html,2026-10-08 17:03:20
35462605,Ingatlan kép,x-ker,elado,https://ingatlan.com/35462605,35462605.html,2026-10-08 17:03:25
35460673,Ingatlan kép,x-ker,elado,https://ingatlan.com/35460673,35460673.html,2026-10-08 17:03:28
35460653,Ingatlan kép,x-ker,elado,https://ingatlan.com/35460653,35460653.html,2026-10-08 17:03:32
35462976,Ingatlan kép,x-ker,elado,https://ingatlan.com/35462976,35462976.html,2026-10-08 17:03:36
35460651,Ingatlan kép,x-ker,elado,https://ingatlan.com/35460651,35460651.html,2026-10-08 17:03:39
35460601,Ingatlan kép,x-ker,elado,https://ingatlan.com/35460601,35460601.html,2026-10-08 17:03:43
35462670,Ingatlan kép,x-ker,elado,https://ingatlan.com/35462670,35462670.html,2026-10-08 17:03:47
35621653,Ingatlan kép,x-ker,elado,https://ingatlan.com/35621653,35621653.html,2026-10-08 17:03:51
35516258,Ingatlan kép,x-ker,elado,https://ingatlan.com/35516258,35516258.html,2026-10-08 17:03:55
35413651,Ingatlan kép,x-ker,elado,https://ingatlan.com/35413651,35413651.html,2026-10-08 17:03:59
35462941,Ingatlan kép,x-ker,elado,https://ingatlan.com/35462941,35462941.html,2026-10-08 17:04:03
35464316,Ingatlan kép,x-ker,elado,https://ingatlan.com/35464316,35464316.html,2026-10-08 17:04:12
35462908,Ingatlan kép,x-ker,elado,https://ingatlan.com/35462908,35462908.html,2026-10-08 17:04:15
35460660,Ingatlan kép,x-ker,elado,https://ingatlan.com/35460660,35460660.html,2026-10-08 17:04:19
35460657,Ingatlan kép,x-ker,elado,https://ingatlan.com/35460657,35460657.html,2026-10-08 17:04:23
35460682,Ingatlan kép,x-ker,elado,https://ingatlan.com/35460682,35460682.html,2026-10-08 17:04:27
35583295,Ingatlan kép,x-ker,elado,https://ingatlan.com/35583295,35583295.html,2026-10-08 17:04:31
35590823,Ingatlan kép,x-ker,elado,https://ingatlan.com/35590823,35590823.html,2026-10-08 17:04:35
35621080,Ingatlan kép,x-ker,elado,https://ingatlan.com/35621080,35621080.html,2026-10-08 17:04:39
35605248,Ingatlan kép,x-ker,elado,https://ingatlan.com/35605248,35605248.html,2026-10-08 17:04:43
35460623,Ingatlan kép,x-ker,elado,https://ingatlan.com/35460623,35460623.html,2026-10-08 17:04:46
35523159,Ingatlan kép,x-ker,elado,https://ingatlan.com/35523159,35523159.html,2026-10-08 17:04:50
35504946,Ingatlan kép,x-ker,elado,https://ingatlan.com/35504946,35504946.html,2026-10-08 17:04:53
35541332,Ingatlan kép,x-ker,elado,https://ingatlan.com/35541332,35541332.html,2026-10-08 17:04:56
35543501,Ingatlan kép,x-ker,elado,https://ingatlan.com/35543501,35543501.html,2026-10-08 17:05:00
35585953,Ingatlan kép,x-ker,elado,https://ingatlan.com/35585953,35585953.html,2026-10-08 17:05:04
35599659,Ingatlan kép,x-ker,elado,https://ingatlan.com/35599659,35599659.html,2026-10-08 17:05:08
35621670,Ingatlan kép,x-ker,elado,https://ingatlan.com/35621670,35621670.html,2026-10-08 17:05:11
35254656,Ingatlan kép,x-ker,elado,https://ingatlan.com/35254656,35254656.html,2026-10-08 17:05:15
35501760,Ingatlan kép,x-ker,elado,https://ingatlan.com/35501760,35501760.html,2026-10-08 17:05:18
35510503,Ingatlan kép,x-ker,elado,https://ingatlan.com/35510503,35510503.html,2026-10-08 17:05:22
35426096,Ingatlan kép,x-ker,elado,https://ingatlan.com/35426096,35426096.html,2026-10-08 17:05:26
7561173,Hirdetés #7561173,x-ker,elado,https://ad.adverticum.net/C/7561173/7927728/792774400/1791470802768/ingatlan.com/7927742/,7561173.html,2026-10-08 17:05:32
35500984,Ingatlan kép,x-ker,elado,https://ingatlan.com/35500984,35500984.html,2026-10-08 17:05:36
35360486,Ingatlan kép,x-ker,elado,https://ingatlan.com/35360486,35360486.html,2026-10-08 17:05:40
35547717,Ingatlan kép,x-ker,elado,https://ingatlan.com/35547717,35547717.html,2026-10-08 17:05:44
35293832,Ingatlan kép,x-ker,elado,https://ingatlan.com/35293832,35293832.html,2026-10-08 17:05:48
35555844,Ingatlan kép,x-ker,elado,https://ingatlan.com/35555844,35555844.html,2026-10-08 17:05:52
35572011,Ingatlan kép,x-ker,elado,https://ingatlan.com/35572011,35572011.html,2026-10-08 17:05:56
35562739,Ingatlan kép,x-ker,elado,https://ingatlan.com/35562739,35562739.html,2026-10-08 17:05:59
35462677,Ingatlan kép,x-ker,elado,https://ingatlan.com/35462677,35462677.html,2026-10-08 17:06:03
35577835,Ingatlan kép,x-ker,elado,https://ingatlan.com/35577835,35577835.html,2026-10-08 17:06:06
35579284,Ingatlan kép,x-ker,elado,https://ingatlan.com/35579284,35579284.html,2026-10-08 17:06:10
35583766,Ingatlan kép,x-ker,elado,https://ingatlan.com/35583766,35583766.html,2026-10-08 17:06:14
35583640,Ingatlan kép,x-ker,elado,https://ingatlan.com/35583640,35583640.html,2026-10-08 17:06:18
35586929,Ingatlan kép,x-ker,elado,https://ingatlan.com/35586929,35586929.html,2026-10-08 17:06:21
35590193,Ingatlan kép,x-ker,elado,https://ingatlan.com/35590193,35590193.html,2026-10-08 17:06:25
35591913,Ingatlan kép,x-ker,elado,https://ingatlan.com/35591913,35591913.html,2026-10-08 17:06:29
35460644,Ingatlan kép,x-ker,elado,https://ingatlan.com/35460644,35460644.html,2026-10-08 17:06:32
35596801,Ingatlan kép,x-ker,elado,https://ingatlan.com/35596801,35596801.html,2026-10-08 17:06:36
35590002,Ingatlan kép,x-ker,elado,https://ingatlan.com/35590002,35590002.html,2026-10-08 17:06:40
35602142,Ingatlan kép,x-ker,elado,https://ingatlan.com/35602142,35602142.html,2026-10-08 17:06:44
35603915,Ingatlan kép,x-ker,elado,https://ingatlan.com/35603915,35603915.html,2026-10-08 17:06:48
35564747,Ingatlan kép,x-ker,elado,https://ingatlan.com/35564747,35564747.html,2026-10-08 17:06:52
35371673,Ingatlan kép,x-ker,elado,https://ingatlan.com/35371673,35371673.html,2026-10-08 17:06:55
35286080,Ingatlan kép,x-ker,elado,https://ingatlan.com/35286080,35286080.html,2026-10-08 17:06:59
35569841,Ingatlan kép,x-ker,elado,https://ingatlan.com/35569841,35569841.html,2026-10-08 17:07:02
35623082,Ingatlan kép,x-ker,elado,https://ingatlan.com/35623082,35623082.html,2026-10-08 17:07:06
35597650,Ingatlan kép,x-ker,elado,https://ingatlan.com/35597650,35597650.html,2026-10-08 17:07:09
35605300,Ingatlan kép,x-ker,elado,https://ingatlan.com/35605300,35605300.html,2026-10-08 17:07:13
35400062,Ingatlan kép,x-ker,elado,https://ingatlan.com/35400062,35400062.html,2026-10-08 17:07:16
35484419,Ingatlan kép,x-ker,elado,https://ingatlan.com/35484419,35484419.html,2026-10-08 17:07:19
35578559,Ingatlan kép,x-ker,elado,https://ingatlan.com/35578559,35578559.html,2026-10-08 17:07:22
35570765,Ingatlan kép,x-ker,elado,https://ingatlan.com/35570765,35570765.html,2026-10-08 17:07:26
35614493,Ingatlan kép,x-ker,elado,https://ingatlan.com/35614493,35614493.html,2026-10-08 17:07:30
35617662,Ingatlan kép,x-ker,elado,https://ingatlan.com/35617662,35617662.html,2026-10-08 17:07:33
35418671,Ingatlan kép,x-ker,elado,https://ingatlan.com/35418671,35418671.html,2026-10-08 17:07:37
35339850,Ingatlan kép,x-ker,elado,https://ingatlan.com/35339850,35339850.html,2026-10-08 17:07:40
35186737,Ingatlan kép,x-ker,elado,https://ingatlan.com/35186737,35186737.html,2026-10-08 17:07:44
34814000,Ingatlan kép,x-ker,elado,https://ingatlan.com/34814000,34814000.html,2026-10-08 17:07:48
35377251,Ingatlan kép,x-ker,elado,https://ingatlan.com/35377251,35377251.html,2026-10-08 17:07:51
35304470,Ingatlan kép,x-ker,elado,https://ingatlan.com/35304470,35304470.html,2026-10-08 17:08:01
35153148,Ingatlan kép,x-ker,elado,https://ingatlan.com/35153148,35153148.html,2026-10-08 17:08:05
35257704,Ingatlan kép,x-ker,elado,https://ingatlan.com/35257704,35257704.html,2026-10-08 17:08:09
35216766,Ingatlan kép,x-ker,elado,https://ingatlan.com/35216766,35216766.html,2026-10-08 17:08:12
35273643,Ingatlan kép,x-ker,elado,https://ingatlan.com/35273643,35273643.html,2026-10-08 17:08:16
35491829,Ingatlan kép,x-ker,elado,https://ingatlan.com/35491829,35491829.html,2026-10-08 17:08:20
35424607,Ingatlan kép,x-ker,elado,https://ingatlan.com/35424607,35424607.html,2026-10-08 17:08:23
35452531,Ingatlan kép,x-ker,elado,https://ingatlan.com/35452531,35452531.html,2026-10-08 17:08:27
34866716,Ingatlan kép,x-ker,elado,https://ingatlan.com/34866716,34866716.html,2026-10-08 17:08:31
35384910,Ingatlan kép,x-ker,elado,https://ingatlan.com/35384910,35384910.html,2026-10-08 17:08:34
35468910,Ingatlan kép,x-ker,elado,https://ingatlan.com/35468910,35468910.html,2026-10-08 17:08:38
35328650,Ingatlan kép,x-ker,elado,https://ingatlan.com/35328650,35328650.html,2026-10-08 17:08:42
35458106,Ingatlan kép,x-ker,elado,https://ingatlan.com/35458106,35458106.html,2026-10-08 17:08:45
35470840,Ingatlan kép,x-ker,elado,https://ingatlan.com/35470840,35470840.html,2026-10-08 17:08:49
35470420,Ingatlan kép,x-ker,elado,https://ingatlan.com/35470420,35470420.html,2026-10-08 17:08:53
35505667,Ingatlan kép,x-ker,elado,https://ingatlan.com/35505667,35505667.html,2026-10-08 17:08:57
35502108,Ingatlan kép,x-ker,elado,https://ingatlan.com/35502108,35502108.html,2026-10-08 17:09:01
35492326,Ingatlan kép,x-ker,elado,https://ingatlan.com/35492326,35492326.html,2026-10-08 17:09:05
35486728,Ingatlan kép,x-ker,elado,https://ingatlan.com/35486728,35486728.html,2026-10-08 17:09:08
35317041,Ingatlan kép,x-ker,elado,https://ingatlan.com/35317041,35317041.html,2026-10-08 17:09:11
35493996,Ingatlan kép,x-ker,elado,https://ingatlan.com/35493996,35493996.html,2026-10-08 17:09:16
35501549,Ingatlan kép,x-ker,elado,https://ingatlan.com/35501549,35501549.html,2026-10-08 17:09:19
35500506,Ingatlan kép,x-ker,elado,https://ingatlan.com/35500506,35500506.html,2026-10-08 17:09:22
35503295,Ingatlan kép,x-ker,elado,https://ingatlan.com/35503295,35503295.html,2026-10-08 17:09:25
35491561,Ingatlan kép,x-ker,elado,https://ingatlan.com/35491561,35491561.html,2026-10-08 17:09:29
33811346,Ingatlan kép,x-ker,elado,https://ingatlan.com/33811346,33811346.html,2026-10-08 17:09:33
35560856,Ingatlan kép,x-ker,elado,https://ingatlan.com/35560856,35560856.html,2026-10-08 17:09:37
35392199,Ingatlan kép,x-ker,elado,https://ingatlan.com/35392199,35392199.html,2026-10-08 17:09:41
35317267,Ingatlan kép,x-ker,elado,https://ingatlan.com/35317267,35317267.html,2026-10-08 17:09:45
35537521,Ingatlan kép,x-ker,elado,https://ingatlan.com/35537521,35537521.html,2026-10-08 17:09:49
35539775,Ingatlan kép,x-ker,elado,https://ingatlan.com/35539775,35539775.html,2026-10-08 17:09:52
35543739,Ingatlan kép,x-ker,elado,https://ingatlan.com/35543739,35543739.html,2026-10-08 17:09:56
35568279,Ingatlan kép,x-ker,elado,https://ingatlan.com/35568279,35568279.html,2026-10-08 17:10:00
35480329,Ingatlan kép,x-ker,elado,https://ingatlan.com/35480329,35480329.html,2026-10-08 17:10:03
35546104,Ingatlan kép,x-ker,elado,https://ingatlan.com/35546104,35546104.html,2026-10-08 17:10:07
35555232,Ingatlan kép,x-ker,elado,https://ingatlan.com/35555232,35555232.html,2026-10-08 17:10:11
35555508,Ingatlan kép,x-ker,elado,https://ingatlan.com/35555508,35555508.html,2026-10-08 17:10:15
35556566,Ingatlan kép,x-ker,elado,https://ingatlan.com/35556566,35556566.html,2026-10-08 17:10:18
35560389,Ingatlan kép,x-ker,elado,https://ingatlan.com/35560389,35560389.html,2026-10-08 17:10:22
35560842,Ingatlan kép,x-ker,elado,https://ingatlan.com/35560842,35560842.html,2026-10-08 17:10:25
35563198,Ingatlan kép,x-ker,elado,https://ingatlan.com/35563198,35563198.html,2026-10-08 17:10:29
35562297,Ingatlan kép,x-ker,elado,https://ingatlan.com/35562297,35562297.html,2026-10-08 17:10:32
35559807,Ingatlan kép,x-ker,elado,https://ingatlan.com/35559807,35559807.html,2026-10-08 17:10:36
35569944,Ingatlan kép,x-ker,elado,https://ingatlan.com/35569944,35569944.html,2026-10-08 17:10:40
35569786,Ingatlan kép,x-ker,elado,https://ingatlan.com/35569786,35569786.html,2026-10-08 17:10:43
35495329,Ingatlan kép,x-ker,elado,https://ingatlan.com/35495329,35495329.html,2026-10-08 17:10:47
35573895,Ingatlan kép,x-ker,elado,https://ingatlan.com/35573895,35573895.html,2026-10-08 17:10:51
35573621,Ingatlan kép,x-ker,elado,https://ingatlan.com/35573621,35573621.html,2026-10-08 17:10:56
35571729,Ingatlan kép,x-ker,elado,https://ingatlan.com/35571729,35571729.html,2026-10-08 17:10:59
35533502,Ingatlan kép,x-ker,elado,https://ingatlan.com/35533502,35533502.html,2026-10-08 17:11:02
35170975,Ingatlan kép,x-ker,elado,https://ingatlan.com/35170975,35170975.html,2026-10-08 17:11:06
35577784,Ingatlan kép,x-ker,elado,https://ingatlan.com/35577784,35577784.html,2026-10-08 17:11:10
35593351,Ingatlan kép,x-ker,elado,https://ingatlan.com/35593351,35593351.html,2026-10-08 17:11:14
35578852,Ingatlan kép,x-ker,elado,https://ingatlan.com/35578852,35578852.html,2026-10-08 17:11:18
35581687,Ingatlan kép,x-ker,elado,https://ingatlan.com/35581687,35581687.html,2026-10-08 17:11:22
35580077,Ingatlan kép,x-ker,elado,https://ingatlan.com/35580077,35580077.html,2026-10-08 17:11:25
35146153,Ingatlan kép,x-ker,elado,https://ingatlan.com/35146153,35146153.html,2026-10-08 17:11:28
35606399,Ingatlan kép,x-ker,elado,https://ingatlan.com/35606399,35606399.html,2026-10-08 17:11:32
35581937,Ingatlan kép,x-ker,elado,https://ingatlan.com/35581937,35581937.html,2026-10-08 17:11:36
35584302,Ingatlan kép,x-ker,elado,https://ingatlan.com/35584302,35584302.html,2026-10-08 17:11:46
35520278,Ingatlan kép,x-ker,elado,https://ingatlan.com/35520278,35520278.html,2026-10-08 17:11:49
35597292,Ingatlan kép,x-ker,elado,https://ingatlan.com/35597292,35597292.html,2026-10-08 17:11:53
35593849,Ingatlan kép,x-ker,elado,https://ingatlan.com/35593849,35593849.html,2026-10-08 17:11:57
35596261,Ingatlan kép,x-ker,elado,https://ingatlan.com/35596261,35596261.html,2026-10-08 17:12:00
35587795,Ingatlan kép,x-ker,elado,https://ingatlan.com/35587795,35587795.html,2026-10-08 17:12:03
35599899,Ingatlan kép,x-ker,elado,https://ingatlan.com/35599899,35599899.html,2026-10-08 17:12:06
35606033,Ingatlan kép,x-ker,elado,https://ingatlan.com/35606033,35606033.html,2026-10-08 17:12:10
35604142,Ingatlan kép,x-ker,elado,https://ingatlan.com/35604142,35604142.html,2026-10-08 17:12:14
35612485,Ingatlan kép,x-ker,elado,https://ingatlan.com/35612485,35612485.html,2026-10-08 17:12:18
35596126,Ingatlan kép,x-ker,elado,https://ingatlan.com/35596126,35596126.html,2026-10-08 17:12:22
35615411,Ingatlan kép,x-ker,elado,https://ingatlan.com/35615411,35615411.html,2026-10-08 17:12:25
35555160,Ingatlan kép,x-ker,elado,https://ingatlan.com/35555160,35555160.html,2026-10-08 17:12:28
35616153,Ingatlan kép,x-ker,elado,https://ingatlan.com/35616153,35616153.html,2026-10-08 17:12:31
35618985,Ingatlan kép,x-ker,elado,https://ingatlan.com/35618985,35618985.html,2026-10-08 17:12:35
35601601,Ingatlan kép,x-ker,elado,https://ingatlan.com/35601601,35601601.html,2026-10-08 17:12:38
35266428,Ingatlan kép,x-ker,elado,https://ingatlan.com/35266428,35266428.html,2026-10-08 17:12:41
35605671,Ingatlan kép,x-ker,elado,https://ingatlan.com/35605671,35605671.html,2026-10-08 17:12:45
35594273,Ingatlan kép,x-ker,elado,https://ingatlan.com/35594273,35594273.html,2026-10-08 17:12:49
35617149,Ingatlan kép,x-ker,elado,https://ingatlan.com/35617149,35617149.html,2026-10-08 17:12:52
35528586,Ingatlan kép,x-ker,elado,https://ingatlan.com/35528586,35528586.html,2026-10-08 17:12:57
35268616,Ingatlan kép,x-ker,elado,https://ingatlan.com/35268616,35268616.html,2026-10-08 17:13:00
35575042,Ingatlan kép,x-ker,elado,https://ingatlan.com/35575042,35575042.html,2026-10-08 17:13:03
35621261,Ingatlan kép,x-ker,elado,https://ingatlan.com/35621261,35621261.html,2026-10-08 17:13:07
35484657,Ingatlan kép,x-ker,elado,https://ingatlan.com/35484657,35484657.html,2026-10-08 17:13:10
35574602,Ingatlan kép,x-ker,elado,https://ingatlan.com/35574602,35574602.html,2026-10-08 17:13:14
35584770,Ingatlan kép,x-ker,elado,https://ingatlan.com/35584770,35584770.html,2026-10-08 17:13:17
35607649,Ingatlan kép,x-ker,elado,https://ingatlan.com/35607649,35607649.html,2026-10-08 17:13:20
33750340,Ingatlan kép,x-ker,elado,https://ingatlan.com/33750340,33750340.html,2026-10-08 17:13:23
35080516,Ingatlan kép,x-ker,elado,https://ingatlan.com/35080516,35080516.html,2026-10-08 17:13:27
34877843,Ingatlan kép,x-ker,elado,https://ingatlan.com/34877843,34877843.html,2026-10-08 17:13:31
35430619,Ingatlan kép,x-ker,elado,https://ingatlan.com/35430619,35430619.html,2026-10-08 17:13:35
35399556,Ingatlan kép,x-ker,elado,https://ingatlan.com/35399556,35399556.html,2026-10-08 17:13:38
35492786,Ingatlan kép,x-ker,elado,https://ingatlan.com/35492786,35492786.html,2026-10-08 17:13:41
32387225,Ingatlan kép,x-ker,elado,https://ingatlan.com/32387225,32387225.html,2026-10-08 17:13:45
35570806,Ingatlan kép,x-ker,elado,https://ingatlan.com/35570806,35570806.html,2026-10-08 17:13:49
35580576,Ingatlan kép,x-ker,elado,https://ingatlan.com/35580576,35580576.html,2026-10-08 17:13:53
35462653,Ingatlan kép,x-ker,elado,https://ingatlan.com/35462653,35462653.html,2026-10-08 17:13:57
35386611,Ingatlan kép,x-ker,elado,https://ingatlan.com/35386611,35386611.html,2026-10-08 17:14:00
35604859,Ingatlan kép,x-ker,elado,https://ingatlan.com/35604859,35604859.html,2026-10-08 17:14:04
35489060,Ingatlan kép,x-ker,elado,https://ingatlan.com/35489060,35489060.html,2026-10-08 17:14:08
35593721,Ingatlan kép,x-ker,elado,https://ingatlan.com/35593721,35593721.html,2026-10-08 17:14:11
35576810,Ingatlan kép,x-ker,elado,https://ingatlan.com/35576810,35576810.html,2026-10-08 17:14:14
35622153,Ingatlan kép,x-ker,elado,https://ingatlan.com/35622153,35622153.html,2026-10-08 17:14:17
35328006,Ingatlan kép,x-ker,elado,https://ingatlan.com/35328006,35328006.html,2026-10-08 17:14:21
35576266,Ingatlan kép,x-ker,elado,https://ingatlan.com/35576266,35576266.html,2026-10-08 17:14:26
35620693,Ingatlan kép,x-ker,elado,https://ingatlan.com/35620693,35620693.html,2026-10-08 17:14:29
35346868,Ingatlan kép,x-ker,elado,https://ingatlan.com/35346868,35346868.html,2026-10-08 17:14:33
35557120,Ingatlan kép,x-ker,elado,https://ingatlan.com/35557120,35557120.html,2026-10-08 17:14:36
35556819,Ingatlan kép,x-ker,elado,https://ingatlan.com/35556819,35556819.html,2026-10-08 17:14:40
35617793,Ingatlan kép,x-ker,elado,https://ingatlan.com/35617793,35617793.html,2026-10-08 17:14:44
35320433,Ingatlan kép,x-ker,elado,https://ingatlan.com/35320433,35320433.html,2026-10-08 17:14:48
35465917,Ingatlan kép,x-ker,elado,https://ingatlan.com/35465917,35465917.html,2026-10-08 17:14:52
35465103,Ingatlan kép,x-ker,elado,https://ingatlan.com/35465103,35465103.html,2026-10-08 17:14:55
35564478,Ingatlan kép,x-ker,elado,https://ingatlan.com/35564478,35564478.html,2026-10-08 17:14:58
35443744,Ingatlan kép,x-ker,elado,https://ingatlan.com/35443744,35443744.html,2026-10-08 17:15:02
35595793,Ingatlan kép,x-ker,elado,https://ingatlan.com/35595793,35595793.html,2026-10-08 17:15:06
35461173,Ingatlan kép,x-ker,elado,https://ingatlan.com/35461173,35461173.html,2026-10-08 17:15:10
35573447,Ingatlan kép,x-ker,elado,https://ingatlan.com/35573447,35573447.html,2026-10-08 17:15:14
35591341,Ingatlan kép,x-ker,elado,https://ingatlan.com/35591341,35591341.html,2026-10-08 17:15:17
35597622,Ingatlan kép,x-ker,elado,https://ingatlan.com/35597622,35597622.html,2026-10-08 17:15:27
35606271,Ingatlan kép,x-ker,elado,https://ingatlan.com/35606271,35606271.html,2026-10-08 17:15:30
35611260,Ingatlan kép,x-ker,elado,https://ingatlan.com/35611260,35611260.html,2026-10-08 17:15:33
35611644,Ingatlan kép,x-ker,elado,https://ingatlan.com/35611644,35611644.html,2026-10-08 17:15:36
35613992,Ingatlan kép,x-ker,elado,https://ingatlan.com/35613992,35613992.html,2026-10-08 17:15:39
34904184,Ingatlan kép,x-ker,elado,https://ingatlan.com/34904184,34904184.html,2026-10-08 17:15:43
35620144,Ingatlan kép,x-ker,elado,https://ingatlan.com/35620144,35620144.html,2026-10-08 17:15:47
35588074,Ingatlan kép,x-ker,elado,https://ingatlan.com/35588074,35588074.html,2026-10-08 17:15:51
35605337,Ingatlan kép,x-ker,elado,https://ingatlan.com/35605337,35605337.html,2026-10-08 17:15:55
35512428,Ingatlan kép,x-ker,elado,https://ingatlan.com/35512428,35512428.html,2026-10-08 17:15:58
35533186,Ingatlan kép,x-ker,elado,https://ingatlan.com/35533186,35533186.html,2026-10-08 17:16:03
35526201,Ingatlan kép,x-ker,elado,https://ingatlan.com/35526201,35526201.html,2026-10-08 17:16:06
35598319,Ingatlan kép,x-ker,elado,https://ingatlan.com/35598319,35598319.html,2026-10-08 17:16:09
35587152,Ingatlan kép,x-ker,elado,https://ingatlan.com/35587152,35587152.html,2026-10-08 17:16:13
35596322,Ingatlan kép,x-ker,elado,https://ingatlan.com/35596322,35596322.html,2026-10-08 17:16:17
35512541,Ingatlan kép,x-ker,elado,https://ingatlan.com/35512541,35512541.html,2026-10-08 17:16:21
35510012,Ingatlan kép,x-ker,elado,https://ingatlan.com/35510012,35510012.html,2026-10-08 17:16:24
35378816,Ingatlan kép,x-ker,elado,https://ingatlan.com/35378816,35378816.html,2026-10-08 17:16:27
35579997,Ingatlan kép,x-ker,elado,https://ingatlan.com/35579997,35579997.html,2026-10-08 17:16:30
35419211,Ingatlan kép,x-ker,elado,https://ingatlan.com/35419211,35419211.html,2026-10-08 17:16:34
35557146,Ingatlan kép,x-ker,elado,https://ingatlan.com/35557146,35557146.html,2026-10-08 17:16:38
35542200,Ingatlan kép,x-ker,elado,https://ingatlan.com/35542200,35542200.html,2026-10-08 17:16:41
35408689,Ingatlan kép,x-ker,elado,https://ingatlan.com/35408689,35408689.html,2026-10-08 17:16:45
35222373,Ingatlan kép,x-ker,elado,https://ingatlan.com/35222373,35222373.html,2026-10-08 17:16:49
35607348,Ingatlan kép,x-ker,elado,https://ingatlan.com/35607348,35607348.html,2026-10-08 17:16:53
35598207,Ingatlan kép,x-ker,elado,https://ingatlan.com/35598207,35598207.html,2026-10-08 17:16:57
35619211,Ingatlan kép,x-ker,elado,https://ingatlan.com/35619211,35619211.html,2026-10-08 17:17:01
35561192,Ingatlan kép,x-ker,elado,https://ingatlan.com/35561192,35561192.html,2026-10-08 17:17:04
35476213,Ingatlan kép,x-ker,elado,https://ingatlan.com/35476213,35476213.html,2026-10-08 17:17:07
35538467,Ingatlan kép,x-ker,elado,https://ingatlan.com/35538467,35538467.html,2026-10-08 17:17:10
35480553,Ingatlan kép,x-ker,elado,https://ingatlan.com/35480553,35480553.html,2026-10-08 17:17:13
35444474,Ingatlan kép,x-ker,elado,https://ingatlan.com/35444474,35444474.html,2026-10-08 17:17:17
35095347,Ingatlan kép,x-ker,elado,https://ingatlan.com/35095347,35095347.html,2026-10-08 17:17:21
35612876,Ingatlan kép,x-ker,elado,https://ingatlan.com/35612876,35612876.html,2026-10-08 17:17:25
35589144,Ingatlan kép,x-ker,elado,https://ingatlan.com/35589144,35589144.html,2026-10-08 17:17:29
35619643,Ingatlan kép,x-ker,elado,https://ingatlan.com/35619643,35619643.html,2026-10-08 17:17:33
35601642,Ingatlan kép,x-ker,elado,https://ingatlan.com/35601642,35601642.html,2026-10-08 17:17:36
35576069,Ingatlan kép,x-ker,elado,https://ingatlan.com/35576069,35576069.html,2026-10-08 17:17:39
35011615,Ingatlan kép,x-ker,elado,https://ingatlan.com/35011615,35011615.html,2026-10-08 17:17:43
35242237,Ingatlan kép,x-ker,elado,https://ingatlan.com/35242237,35242237.html,2026-10-08 17:17:46
35530728,Ingatlan kép,x-ker,elado,https://ingatlan.com/35530728,35530728.html,2026-10-08 17:17:49
35258428,Ingatlan kép,x-ker,elado,https://ingatlan.com/35258428,35258428.html,2026-10-08 17:17:52
35545756,Ingatlan kép,x-ker,elado,https://ingatlan.com/35545756,35545756.html,2026-10-08 17:17:55
35607406,Ingatlan kép,x-ker,elado,https://ingatlan.com/35607406,35607406.html,2026-10-08 17:17:59
35613855,Ingatlan kép,x-ker,elado,https://ingatlan.com/35613855,35613855.html,2026-10-08 17:18:03
35623242,Ingatlan kép,x-ker,elado,https://ingatlan.com/35623242,35623242.html,2026-10-08 17:18:06
35240739,Ingatlan kép,x-ker,elado,https://ingatlan.com/35240739,35240739.html,2026-10-08 17:18:10
35199047,Ingatlan kép,x-ker,elado,https://ingatlan.com/35199047,35199047.html,2026-10-08 17:18:13
35387061,Ingatlan kép,x-ker,elado,https://ingatlan.com/35387061,35387061.html,2026-10-08 17:18:17
35121865,Ingatlan kép,x-ker,elado,https://ingatlan.com/35121865,35121865.html,2026-10-08 17:18:20
35214477,Ingatlan kép,x-ker,elado,https://ingatlan.com/35214477,35214477.html,2026-10-08 17:18:23
35214435,Ingatlan kép,x-ker,elado,https://ingatlan.com/35214435,35214435.html,2026-10-08 17:18:27
35222361,Ingatlan kép,x-ker,elado,https://ingatlan.com/35222361,35222361.html,2026-10-08 17:18:31
35342285,Ingatlan kép,x-ker,elado,https://ingatlan.com/35342285,35342285.html,2026-10-08 17:18:35
35350775,Ingatlan kép,x-ker,elado,https://ingatlan.com/35350775,35350775.html,2026-10-08 17:18:38
35251920,Ingatlan kép,x-ker,elado,https://ingatlan.com/35251920,35251920.html,2026-10-08 17:18:42
35342225,Ingatlan kép,x-ker,elado,https://ingatlan.com/35342225,35342225.html,2026-10-08 17:18:46
35242248,Ingatlan kép,x-ker,elado,https://ingatlan.com/35242248,35242248.html,2026-10-08 17:18:50
35341343,Ingatlan kép,x-ker,elado,https://ingatlan.com/35341343,35341343.html,2026-10-08 17:18:53
35443040,Ingatlan kép,x-ker,elado,https://ingatlan.com/35443040,35443040.html,2026-10-08 17:19:02
35545800,Ingatlan kép,x-ker,elado,https://ingatlan.com/35545800,35545800.html,2026-10-08 17:19:05
35497350,Ingatlan kép,x-ker,elado,https://ingatlan.com/35497350,35497350.html,2026-10-08 17:19:10
35484528,Ingatlan kép,x-ker,elado,https://ingatlan.com/35484528,35484528.html,2026-10-08 17:19:14
35528475,Ingatlan kép,x-ker,elado,https://ingatlan.com/35528475,35528475.html,2026-10-08 17:19:18
35483630,Ingatlan kép,x-ker,elado,https://ingatlan.com/35483630,35483630.html,2026-10-08 17:19:22
35599546,Ingatlan kép,x-ker,elado,https://ingatlan.com/35599546,35599546.html,2026-10-08 17:19:26
35568919,Ingatlan kép,x-ker,elado,https://ingatlan.com/35568919,35568919.html,2026-10-08 17:19:30
35579994,Ingatlan kép,x-ker,elado,https://ingatlan.com/35579994,35579994.html,2026-10-08 17:19:33
35550764,Ingatlan kép,x-ker,elado,https://ingatlan.com/35550764,35550764.html,2026-10-08 17:19:36
35601160,Ingatlan kép,x-ker,elado,https://ingatlan.com/35601160,35601160.html,2026-10-08 17:19:40
35587156,Ingatlan kép,x-ker,elado,https://ingatlan.com/35587156,35587156.html,2026-10-08 17:19:44
35599855,Ingatlan kép,x-ker,elado,https://ingatlan.com/35599855,35599855.html,2026-10-08 17:19:48
35601223,Ingatlan kép,x-ker,elado,https://ingatlan.com/35601223,35601223.html,2026-10-08 17:19:52
35604346,Ingatlan kép,x-ker,elado,https://ingatlan.com/35604346,35604346.html,2026-10-08 17:19:55
35582234,Ingatlan kép,x-ker,elado,https://ingatlan.com/35582234,35582234.html,2026-10-08 17:19:59
35596192,Ingatlan kép,x-ker,elado,https://ingatlan.com/35596192,35596192.html,2026-10-08 17:20:03
35618293,Ingatlan kép,x-ker,elado,https://ingatlan.com/35618293,35618293.html,2026-10-08 17:20:07
35618011,Ingatlan kép,x-ker,elado,https://ingatlan.com/35618011,35618011.html,2026-10-08 17:20:10
35393664,Ingatlan kép,x-ker,elado,https://ingatlan.com/35393664,35393664.html,2026-10-08 17:20:14
35226091,Ingatlan kép,x-ker,elado,https://ingatlan.com/35226091,35226091.html,2026-10-08 17:20:18
34737897,Ingatlan kép,x-ker,elado,https://ingatlan.com/34737897,34737897.html,2026-10-08 17:20:22
34737782,Ingatlan kép,x-ker,elado,https://ingatlan.com/34737782,34737782.html,2026-10-08 17:20:25
34737664,Ingatlan kép,x-ker,elado,https://ingatlan.com/34737664,34737664.html,2026-10-08 17:20:28
34737611,Ingatlan kép,x-ker,elado,https://ingatlan.com/34737611,34737611.html,2026-10-08 17:20:32
35607620,Ingatlan kép,x-ker,elado,https://ingatlan.com/35607620,35607620.html,2026-10-08 17:20:36
35173278,Ingatlan kép,x-ker,elado,https://ingatlan.com/35173278,35173278.html,2026-10-08 17:20:39
35547086,Ingatlan kép,x-ker,elado,https://ingatlan.com/35547086,35547086.html,2026-10-08 17:20:43
35456739,Ingatlan kép,x-ker,elado,https://ingatlan.com/35456739,35456739.html,2026-10-08 17:20:47
35077112,Ingatlan kép,x-ker,elado,https://ingatlan.com/35077112,35077112.html,2026-10-08 17:20:51
35551476,Ingatlan kép,x-ker,elado,https://ingatlan.com/35551476,35551476.html,2026-10-08 17:20:55
35597162,Ingatlan kép,x-ker,elado,https://ingatlan.com/35597162,35597162.html,2026-10-08 17:20:59
35161373,Ingatlan kép,x-ker,elado,https://ingatlan.com/35161373,35161373.html,2026-10-08 17:21:02
35455965,Ingatlan kép,x-ker,elado,https://ingatlan.com/35455965,35455965.html,2026-10-08 17:21:07
35471903,Ingatlan kép,x-ker,elado,https://ingatlan.com/35471903,35471903.html,2026-10-08 17:21:10
35470432,Ingatlan kép,x-ker,elado,https://ingatlan.com/35470432,35470432.html,2026-10-08 17:21:14
35438238,Ingatlan kép,x-ker,elado,https://ingatlan.com/35438238,35438238.html,2026-10-08 17:21:17
35534075,Ingatlan kép,x-ker,elado,https://ingatlan.com/35534075,35534075.html,2026-10-08 17:21:21
35599034,Ingatlan kép,x-ker,elado,https://ingatlan.com/35599034,35599034.html,2026-10-08 17:21:24
35606934,Ingatlan kép,x-ker,elado,https://ingatlan.com/35606934,35606934.html,2026-10-08 17:21:28
35619714,Ingatlan kép,x-ker,elado,https://ingatlan.com/35619714,35619714.html,2026-10-08 17:21:32
35284187,Ingatlan kép,x-ker,elado,https://ingatlan.com/35284187,35284187.html,2026-10-08 17:21:36
35607611,Ingatlan kép,x-ker,elado,https://ingatlan.com/35607611,35607611.html,2026-10-08 17:21:40
35523012,Ingatlan kép,x-ker,elado,https://ingatlan.com/35523012,35523012.html,2026-10-08 17:21:43
35543823,Ingatlan kép,x-ker,elado,https://ingatlan.com/35543823,35543823.html,2026-10-08 17:21:46
35554447,Ingatlan kép,x-ker,elado,https://ingatlan.com/35554447,35554447.html,2026-10-08 17:21:50
35550253,Ingatlan kép,x-ker,elado,https://ingatlan.com/35550253,35550253.html,2026-10-08 17:21:54
35399453,Ingatlan kép,x-ker,elado,https://ingatlan.com/35399453,35399453.html,2026-10-08 17:21:58
35344676,Ingatlan kép,x-ker,elado,https://ingatlan.com/35344676,35344676.html,2026-10-08 17:22:02
35468815,Ingatlan kép,x-ker,elado,https://ingatlan.com/35468815,35468815.html,2026-10-08 17:22:05
35329343,Ingatlan kép,x-ker,elado,https://ingatlan.com/35329343,35329343.html,2026-10-08 17:22:09
35183731,Ingatlan kép,x-ker,elado,https://ingatlan.com/35183731,35183731.html,2026-10-08 17:22:12
35594056,Ingatlan kép,x-ker,elado,https://ingatlan.com/35594056,35594056.html,2026-10-08 17:22:16
35374077,Ingatlan kép,x-ker,elado,https://ingatlan.com/35374077,35374077.html,2026-10-08 17:22:20
35426893,Ingatlan kép,x-ker,elado,https://ingatlan.com/35426893,35426893.html,2026-10-08 17:22:24
35618041,Ingatlan kép,x-ker,elado,https://ingatlan.com/35618041,35618041.html,2026-10-08 17:22:27
35287169,Ingatlan kép,x-ker,elado,https://ingatlan.com/35287169,35287169.html,2026-10-08 17:22:31
35612920,Ingatlan kép,x-ker,elado,https://ingatlan.com/35612920,35612920.html,2026-10-08 17:22:35
34638075,Ingatlan kép,x-ker,elado,https://ingatlan.com/34638075,34638075.html,2026-10-08 17:22:39
35584000,Ingatlan kép,x-ker,elado,https://ingatlan.com/35584000,35584000.html,2026-10-08 17:22:48
35364744,Ingatlan kép,x-ker,elado,https://ingatlan.com/35364744,35364744.html,2026-10-08 17:22:51
35178220,Ingatlan kép,x-ker,elado,https://ingatlan.com/35178220,35178220.html,2026-10-08 17:22:54
35372930,Ingatlan kép,x-ker,elado,https://ingatlan.com/35372930,35372930.html,2026-10-08 17:22:58
35561006,Ingatlan kép,x-ker,elado,https://ingatlan.com/35561006,35561006.html,2026-10-08 17:23:02
35377461,Ingatlan kép,x-ker,elado,https://ingatlan.com/35377461,35377461.html,2026-10-08 17:23:07
35479065,Ingatlan kép,x-ker,elado,https://ingatlan.com/35479065,35479065.html,2026-10-08 17:23:10
35438312,Ingatlan kép,x-ker,elado,https://ingatlan.com/35438312,35438312.html,2026-10-08 17:23:14
35569398,Ingatlan kép,x-ker,elado,https://ingatlan.com/35569398,35569398.html,2026-10-08 17:23:18
35620676,Ingatlan kép,x-ker,elado,https://ingatlan.com/35620676,35620676.html,2026-10-08 17:23:22
35414017,Ingatlan kép,x-ker,elado,https://ingatlan.com/35414017,35414017.html,2026-10-08 17:23:26
35344793,Ingatlan kép,x-ker,elado,https://ingatlan.com/35344793,35344793.html,2026-10-08 17:23:29
35446632,Ingatlan kép,x-ker,elado,https://ingatlan.com/35446632,35446632.html,2026-10-08 17:23:32
35055197,Ingatlan kép,x-ker,elado,https://ingatlan.com/35055197,35055197.html,2026-10-08 17:23:37
35178102,Ingatlan kép,x-ker,elado,https://ingatlan.com/35178102,35178102.html,2026-10-08 17:23:40
35446406,Ingatlan kép,x-ker,elado,https://ingatlan.com/35446406,35446406.html,2026-10-08 17:23:43
35539825,Ingatlan kép,x-ker,elado,https://ingatlan.com/35539825,35539825.html,2026-10-08 17:23:46
35491502,Ingatlan kép,x-ker,elado,https://ingatlan.com/35491502,35491502.html,2026-10-08 17:23:50
35551999,Ingatlan kép,x-ker,elado,https://ingatlan.com/35551999,35551999.html,2026-10-08 17:23:53
35567706,Ingatlan kép,x-ker,elado,https://ingatlan.com/35567706,35567706.html,2026-10-08 17:23:57
35604100,Ingatlan kép,x-ker,elado,https://ingatlan.com/35604100,35604100.html,2026-10-08 17:24:01
35344634,Ingatlan kép,x-ker,elado,https://ingatlan.com/35344634,35344634.html,2026-10-08 17:24:05
35621891,Ingatlan kép,x-ker,elado,https://ingatlan.com/35621891,35621891.html,2026-10-08 17:24:09
34127494,Ingatlan kép,x-ker,elado,https://ingatlan.com/34127494,34127494.html,2026-10-08 17:24:13
35515840,Ingatlan kép,x-ker,elado,https://ingatlan.com/35515840,35515840.html,2026-10-08 17:24:17
35504455,Ingatlan kép,x-ker,elado,https://ingatlan.com/35504455,35504455.html,2026-10-08 17:24:21
35522852,Ingatlan kép,x-ker,elado,https://ingatlan.com/35522852,35522852.html,2026-10-08 17:24:24
35581857,Ingatlan kép,x-ker,elado,https://ingatlan.com/35581857,35581857.html,2026-10-08 17:24:27
35393891,Ingatlan kép,x-ker,elado,https://ingatlan.com/35393891,35393891.html,2026-10-08 17:24:30
34705596,Ingatlan kép,x-ker,elado,https://ingatlan.com/34705596,34705596.html,2026-10-08 17:24:33
35253069,Ingatlan kép,x-ker,elado,https://ingatlan.com/35253069,35253069.html,2026-10-08 17:24:36
35488433,Ingatlan kép,x-ker,elado,https://ingatlan.com/35488433,35488433.html,2026-10-08 17:24:39
35573124,Ingatlan kép,x-ker,elado,https://ingatlan.com/35573124,35573124.html,2026-10-08 17:24:43
35406803,Ingatlan kép,x-ker,elado,https://ingatlan.com/35406803,35406803.html,2026-10-08 17:24:46
35331010,Ingatlan kép,x-ker,elado,https://ingatlan.com/35331010,35331010.html,2026-10-08 17:24:50
35330949,Ingatlan kép,x-ker,elado,https://ingatlan.com/35330949,35330949.html,2026-10-08 17:24:52
35471485,Ingatlan kép,x-ker,elado,https://ingatlan.com/35471485,35471485.html,2026-10-08 17:24:56
35597497,Ingatlan kép,x-ker,elado,https://ingatlan.com/35597497,35597497.html,2026-10-08 17:25:01
35469786,Ingatlan kép,x-ker,elado,https://ingatlan.com/35469786,35469786.html,2026-10-08 17:25:05
35523631,Ingatlan kép,x-ker,elado,https://ingatlan.com/35523631,35523631.html,2026-10-08 17:25:09
7561174,Hirdetés #7561174,x-ker,elado,https://ad.adverticum.net/C/7561174/7933653/793364800/1791470967032/ingatlan.com/7933644/,7561174.html,2026-10-08 17:25:11
35535237,Ingatlan kép,x-ker,elado,https://ingatlan.com/35535237,35535237.html,2026-10-08 17:25:16
35569732,Ingatlan kép,x-ker,elado,https://ingatlan.com/35569732,35569732.html,2026-10-08 17:25:19
35589213,Ingatlan kép,x-ker,elado,https://ingatlan.com/35589213,35589213.html,2026-10-08 17:25:23
35578506,Ingatlan kép,x-ker,elado,https://ingatlan.com/35578506,35578506.html,2026-10-08 17:25:27
35607162,Ingatlan kép,x-ker,elado,https://ingatlan.com/35607162,35607162.html,2026-10-08 17:25:30
35606053,Ingatlan kép,x-ker,elado,https://ingatlan.com/35606053,35606053.html,2026-10-08 17:25:34
35610952,Ingatlan kép,x-ker,elado,https://ingatlan.com/35610952,35610952.html,2026-10-08 17:25:37
35622892,Ingatlan kép,x-ker,elado,https://ingatlan.com/35622892,35622892.html,2026-10-08 17:25:41
35530257,Ingatlan kép,x-ker,elado,https://ingatlan.com/35530257,35530257.html,2026-10-08 17:25:45
35171356,Ingatlan kép,x-ker,elado,https://ingatlan.com/35171356,35171356.html,2026-10-08 17:25:49
35504782,Ingatlan kép,x-ker,elado,https://ingatlan.com/35504782,35504782.html,2026-10-08 17:25:52
35620650,Ingatlan kép,x-ker,elado,https://ingatlan.com/35620650,35620650.html,2026-10-08 17:25:56
35383788,Ingatlan kép,x-ker,elado,https://ingatlan.com/35383788,35383788.html,2026-10-08 17:26:00
35572010,Ingatlan kép,x-ker,elado,https://ingatlan.com/35572010,35572010.html,2026-10-08 17:26:03
35615552,Ingatlan kép,x-ker,elado,https://ingatlan.com/35615552,35615552.html,2026-10-08 17:26:07
35253019,Ingatlan kép,x-ker,elado,https://ingatlan.com/35253019,35253019.html,2026-10-08 17:26:10
35555284,Ingatlan kép,x-ker,elado,https://ingatlan.com/35555284,35555284.html,2026-10-08 17:26:14
33591073,Ingatlan kép,x-ker,elado,https://ingatlan.com/33591073,33591073.html,2026-10-08 17:26:18
33750365,Ingatlan kép,x-ker,elado,https://ingatlan.com/33750365,33750365.html,2026-10-08 17:26:22
35450500,Ingatlan kép,x-ker,elado,https://ingatlan.com/35450500,35450500.html,2026-10-08 17:26:32
35600810,Ingatlan kép,x-ker,elado,https://ingatlan.com/35600810,35600810.html,2026-10-08 17:26:35
35095597,Ingatlan kép,x-ker,elado,https://ingatlan.com/35095597,35095597.html,2026-10-08 17:26:39
35095587,Ingatlan kép,x-ker,elado,https://ingatlan.com/35095587,35095587.html,2026-10-08 17:26:42
34376861,Ingatlan kép,x-ker,elado,https://ingatlan.com/34376861,34376861.html,2026-10-08 17:26:46
35264019,Ingatlan kép,x-ker,elado,https://ingatlan.com/35264019,35264019.html,2026-10-08 17:26:50
35436775,Ingatlan kép,x-ker,elado,https://ingatlan.com/35436775,35436775.html,2026-10-08 17:26:53
35375240,Ingatlan kép,x-ker,elado,https://ingatlan.com/35375240,35375240.html,2026-10-08 17:26:56
35445212,Ingatlan kép,x-ker,elado,https://ingatlan.com/35445212,35445212.html,2026-10-08 17:26:59
35354675,Ingatlan kép,x-ker,elado,https://ingatlan.com/35354675,35354675.html,2026-10-08 17:27:04
35306089,Ingatlan kép,x-ker,elado,https://ingatlan.com/35306089,35306089.html,2026-10-08 17:27:07
35151983,Ingatlan kép,x-ker,elado,https://ingatlan.com/35151983,35151983.html,2026-10-08 17:27:10
35597103,Ingatlan kép,x-ker,elado,https://ingatlan.com/35597103,35597103.html,2026-10-08 17:27:13
35597144,Ingatlan kép,x-ker,elado,https://ingatlan.com/35597144,35597144.html,2026-10-08 17:27:17
35609520,Ingatlan kép,x-ker,elado,https://ingatlan.com/35609520,35609520.html,2026-10-08 17:27:21
33822133,Ingatlan kép,x-ker,elado,https://ingatlan.com/33822133,33822133.html,2026-10-08 17:27:25
35393005,Ingatlan kép,x-ker,elado,https://ingatlan.com/35393005,35393005.html,2026-10-08 17:27:29
35502951,Ingatlan kép,x-ker,elado,https://ingatlan.com/35502951,35502951.html,2026-10-08 17:27:32
35543542,Ingatlan kép,x-ker,elado,https://ingatlan.com/35543542,35543542.html,2026-10-08 17:27:35
33924093,Ingatlan kép,x-ker,elado,https://ingatlan.com/33924093,33924093.html,2026-10-08 17:27:39
35236250,Ingatlan kép,x-ker,elado,https://ingatlan.com/35236250,35236250.html,2026-10-08 17:27:42
35590255,Ingatlan kép,x-ker,elado,https://ingatlan.com/35590255,35590255.html,2026-10-08 17:27:47
35386321,Ingatlan kép,x-ker,elado,https://ingatlan.com/35386321,35386321.html,2026-10-08 17:27:50
35530304,Ingatlan kép,x-ker,elado,https://ingatlan.com/35530304,35530304.html,2026-10-08 17:27:54
35545689,Ingatlan kép,x-ker,elado,https://ingatlan.com/35545689,35545689.html,2026-10-08 17:27:57
35589459,Ingatlan kép,x-ker,elado,https://ingatlan.com/35589459,35589459.html,2026-10-08 17:28:01
35221075,Ingatlan kép,x-ker,elado,https://ingatlan.com/35221075,35221075.html,2026-10-08 17:28:04
35402614,Ingatlan kép,x-ker,elado,https://ingatlan.com/35402614,35402614.html,2026-10-08 17:28:07
35526270,Ingatlan kép,x-ker,elado,https://ingatlan.com/35526270,35526270.html,2026-10-08 17:28:11
35539014,Ingatlan kép,x-ker,elado,https://ingatlan.com/35539014,35539014.html,2026-10-08 17:28:14
35586580,Ingatlan kép,x-ker,elado,https://ingatlan.com/35586580,35586580.html,2026-10-08 17:28:18
35606093,Ingatlan kép,x-ker,elado,https://ingatlan.com/35606093,35606093.html,2026-10-08 17:28:21
35600789,Ingatlan kép,x-ker,elado,https://ingatlan.com/35600789,35600789.html,2026-10-08 17:28:25
35606414,Ingatlan kép,x-ker,elado,https://ingatlan.com/35606414,35606414.html,2026-10-08 17:28:29
34331542,Ingatlan kép,x-ker,elado,https://ingatlan.com/34331542,34331542.html,2026-10-08 17:28:33
35579637,Ingatlan kép,x-ker,elado,https://ingatlan.com/35579637,35579637.html,2026-10-08 17:28:37
35502051,Ingatlan kép,x-ker,elado,https://ingatlan.com/35502051,35502051.html,2026-10-08 17:28:41
35360619,Ingatlan kép,x-ker,elado,https://ingatlan.com/35360619,35360619.html,2026-10-08 17:28:45
35393020,Ingatlan kép,x-ker,elado,https://ingatlan.com/35393020,35393020.html,2026-10-08 17:28:48
35440648,Ingatlan kép,x-ker,elado,https://ingatlan.com/35440648,35440648.html,2026-10-08 17:28:52
35439146,Ingatlan kép,x-ker,elado,https://ingatlan.com/35439146,35439146.html,2026-10-08 17:28:55
35474404,Ingatlan kép,x-ker,elado,https://ingatlan.com/35474404,35474404.html,2026-10-08 17:28:58
35577273,Ingatlan kép,x-ker,elado,https://ingatlan.com/35577273,35577273.html,2026-10-08 17:29:01
35581848,Ingatlan kép,x-ker,elado,https://ingatlan.com/35581848,35581848.html,2026-10-08 17:29:04
35584664,Ingatlan kép,x-ker,elado,https://ingatlan.com/35584664,35584664.html,2026-10-08 17:29:08
35583875,Ingatlan kép,x-ker,elado,https://ingatlan.com/35583875,35583875.html,2026-10-08 17:29:12
35596197,Ingatlan kép,x-ker,elado,https://ingatlan.com/35596197,35596197.html,2026-10-08 17:29:15
35607789,Ingatlan kép,x-ker,elado,https://ingatlan.com/35607789,35607789.html,2026-10-08 17:29:19
35622256,Ingatlan kép,x-ker,elado,https://ingatlan.com/35622256,35622256.html,2026-10-08 17:29:23
35225224,Ingatlan kép,x-ker,elado,https://ingatlan.com/35225224,35225224.html,2026-10-08 17:29:27
35309847,Ingatlan kép,x-ker,elado,https://ingatlan.com/35309847,35309847.html,2026-10-08 17:29:30
35203765,Ingatlan kép,x-ker,elado,https://ingatlan.com/35203765,35203765.html,2026-10-08 17:29:34
35378785,Ingatlan kép,x-ker,elado,https://ingatlan.com/35378785,35378785.html,2026-10-08 17:29:37
34500511,Ingatlan kép,x-ker,elado,https://ingatlan.com/34500511,34500511.html,2026-10-08 17:29:41
35473677,Ingatlan kép,x-ker,elado,https://ingatlan.com/35473677,35473677.html,2026-10-08 17:29:45
34615707,Ingatlan kép,x-ker,elado,https://ingatlan.com/34615707,34615707.html,2026-10-08 17:29:49
35338226,Ingatlan kép,x-ker,elado,https://ingatlan.com/35338226,35338226.html,2026-10-08 17:29:52
35467095,Ingatlan kép,x-ker,elado,https://ingatlan.com/35467095,35467095.html,2026-10-08 17:29:56
35253467,Ingatlan kép,x-ker,elado,https://ingatlan.com/35253467,35253467.html,2026-10-08 17:30:00
35448921,Ingatlan kép,x-ker,elado,https://ingatlan.com/35448921,35448921.html,2026-10-08 17:30:04
35565483,Ingatlan kép,x-ker,elado,https://ingatlan.com/35565483,35565483.html,2026-10-08 17:30:07
35473673,Ingatlan kép,x-ker,elado,https://ingatlan.com/35473673,35473673.html,2026-10-08 17:30:17
35262704,Ingatlan kép,x-ker,elado,https://ingatlan.com/35262704,35262704.html,2026-10-08 17:30:21
35370946,Ingatlan kép,x-ker,elado,https://ingatlan.com/35370946,35370946.html,2026-10-08 17:30:25
35360635,Ingatlan kép,x-ker,elado,https://ingatlan.com/35360635,35360635.html,2026-10-08 17:30:28
35439134,Ingatlan kép,x-ker,elado,https://ingatlan.com/35439134,35439134.html,2026-10-08 17:30:32
35495373,Ingatlan kép,x-ker,elado,https://ingatlan.com/35495373,35495373.html,2026-10-08 17:30:36
33365461,Ingatlan kép,x-ker,elado,https://ingatlan.com/33365461,33365461.html,2026-10-08 17:30:39
35553326,Ingatlan kép,x-ker,elado,https://ingatlan.com/35553326,35553326.html,2026-10-08 17:30:42
35554066,Ingatlan kép,x-ker,elado,https://ingatlan.com/35554066,35554066.html,2026-10-08 17:30:46
35568566,Ingatlan kép,x-ker,elado,https://ingatlan.com/35568566,35568566.html,2026-10-08 17:30:50
35576699,Ingatlan kép,x-ker,elado,https://ingatlan.com/35576699,35576699.html,2026-10-08 17:30:53
35585304,Ingatlan kép,x-ker,elado,https://ingatlan.com/35585304,35585304.html,2026-10-08 17:30:57
35600692,Ingatlan kép,x-ker,elado,https://ingatlan.com/35600692,35600692.html,2026-10-08 17:31:01
35606800,Ingatlan kép,x-ker,elado,https://ingatlan.com/35606800,35606800.html,2026-10-08 17:31:03
35587128,Ingatlan kép,x-ker,elado,https://ingatlan.com/35587128,35587128.html,2026-10-08 17:31:06
35615864,Ingatlan kép,x-ker,elado,https://ingatlan.com/35615864,35615864.html,2026-10-08 17:31:11
35619471,Ingatlan kép,x-ker,elado,https://ingatlan.com/35619471,35619471.html,2026-10-08 17:31:14
35622570,Ingatlan kép,x-ker,elado,https://ingatlan.com/35622570,35622570.html,2026-10-08 17:31:18
35480884,Ingatlan kép,x-ker,elado,https://ingatlan.com/35480884,35480884.html,2026-10-08 17:31:22
35558349,Ingatlan kép,x-ker,elado,https://ingatlan.com/35558349,35558349.html,2026-10-08 17:31:26
35564239,Ingatlan kép,x-ker,elado,https://ingatlan.com/35564239,35564239.html,2026-10-08 17:31:30
34495878,Ingatlan kép,x-ker,elado,https://ingatlan.com/34495878,34495878.html,2026-10-08 17:31:33
35315594,Ingatlan kép,x-ker,elado,https://ingatlan.com/35315594,35315594.html,2026-10-08 17:31:37
34765352,Ingatlan kép,x-ker,elado,https://ingatlan.com/34765352,34765352.html,2026-10-08 17:31:41
34753811,Ingatlan kép,x-ker,elado,https://ingatlan.com/34753811,34753811.html,2026-10-08 17:31:45
34752305,Ingatlan kép,x-ker,elado,https://ingatlan.com/34752305,34752305.html,2026-10-08 17:31:49
34647821,Ingatlan kép,x-ker,elado,https://ingatlan.com/34647821,34647821.html,2026-10-08 17:31:52
34150529,Ingatlan kép,x-ker,elado,https://ingatlan.com/34150529,34150529.html,2026-10-08 17:31:55
34150385,Ingatlan kép,x-ker,elado,https://ingatlan.com/34150385,34150385.html,2026-10-08 17:31:59
34142874,Ingatlan kép,x-ker,elado,https://ingatlan.com/34142874,34142874.html,2026-10-08 17:32:03
35562156,Ingatlan kép,x-ker,elado,https://ingatlan.com/35562156,35562156.html,2026-10-08 17:32:07
35346574,Ingatlan kép,x-ker,elado,https://ingatlan.com/35346574,35346574.html,2026-10-08 17:32:11
35541351,Ingatlan kép,x-ker,elado,https://ingatlan.com/35541351,35541351.html,2026-10-08 17:32:16
35457908,Ingatlan kép,x-ker,elado,https://ingatlan.com/35457908,35457908.html,2026-10-08 17:32:19
35563605,Ingatlan kép,x-ker,elado,https://ingatlan.com/35563605,35563605.html,2026-10-08 17:32:23
35384023,Ingatlan kép,x-ker,elado,https://ingatlan.com/35384023,35384023.html,2026-10-08 17:32:27
35518916,Ingatlan kép,x-ker,elado,https://ingatlan.com/35518916,35518916.html,2026-10-08 17:32:30
35493099,Ingatlan kép,x-ker,elado,https://ingatlan.com/35493099,35493099.html,2026-10-08 17:32:34
35554008,Ingatlan kép,x-ker,elado,https://ingatlan.com/35554008,35554008.html,2026-10-08 17:32:37
35563312,Ingatlan kép,x-ker,elado,https://ingatlan.com/35563312,35563312.html,2026-10-08 17:32:40
35605191,Ingatlan kép,x-ker,elado,https://ingatlan.com/35605191,35605191.html,2026-10-08 17:32:44
35117996,Ingatlan kép,x-ker,elado,https://ingatlan.com/35117996,35117996.html,2026-10-08 17:32:48
34496938,Ingatlan kép,x-ker,elado,https://ingatlan.com/34496938,34496938.html,2026-10-08 17:32:51
34913596,Ingatlan kép,x-ker,elado,https://ingatlan.com/34913596,34913596.html,2026-10-08 17:32:54
35258497,Ingatlan kép,x-ker,elado,https://ingatlan.com/35258497,35258497.html,2026-10-08 17:32:59
35353119,Ingatlan kép,x-ker,elado,https://ingatlan.com/35353119,35353119.html,2026-10-08 17:33:03
35320519,Ingatlan kép,x-ker,elado,https://ingatlan.com/35320519,35320519.html,2026-10-08 17:33:06
35493951,Ingatlan kép,x-ker,elado,https://ingatlan.com/35493951,35493951.html,2026-10-08 17:33:10
35447161,Ingatlan kép,x-ker,elado,https://ingatlan.com/35447161,35447161.html,2026-10-08 17:33:15
34861613,Ingatlan kép,x-ker,elado,https://ingatlan.com/34861613,34861613.html,2026-10-08 17:33:19
35142465,Ingatlan kép,x-ker,elado,https://ingatlan.com/35142465,35142465.html,2026-10-08 17:33:23
35529530,Ingatlan kép,x-ker,elado,https://ingatlan.com/35529530,35529530.html,2026-10-08 17:33:26
35412249,Ingatlan kép,x-ker,elado,https://ingatlan.com/35412249,35412249.html,2026-10-08 17:33:29
35124751,Ingatlan kép,x-ker,elado,https://ingatlan.com/35124751,35124751.html,2026-10-08 17:33:34
35203961,Ingatlan kép,x-ker,elado,https://ingatlan.com/35203961,35203961.html,2026-10-08 17:33:37
35445199,Ingatlan kép,x-ker,elado,https://ingatlan.com/35445199,35445199.html,2026-10-08 17:33:41
35528422,Ingatlan kép,x-ker,elado,https://ingatlan.com/35528422,35528422.html,2026-10-08 17:33:44
34701162,Ingatlan kép,x-ker,elado,https://ingatlan.com/34701162,34701162.html,2026-10-08 17:33:48
35289680,Ingatlan kép,x-ker,elado,https://ingatlan.com/35289680,35289680.html,2026-10-08 17:33:51
35470287,Ingatlan kép,x-ker,elado,https://ingatlan.com/35470287,35470287.html,2026-10-08 17:34:01
35015025,Ingatlan kép,x-ker,elado,https://ingatlan.com/35015025,35015025.html,2026-10-08 17:34:04
35566498,Ingatlan kép,x-ker,elado,https://ingatlan.com/35566498,35566498.html,2026-10-08 17:34:08
35454532,Ingatlan kép,x-ker,elado,https://ingatlan.com/35454532,35454532.html,2026-10-08 17:34:12
35568079,Ingatlan kép,x-ker,elado,https://ingatlan.com/35568079,35568079.html,2026-10-08 17:34:16
35333664,Ingatlan kép,x-ker,elado,https://ingatlan.com/35333664,35333664.html,2026-10-08 17:34:19
35338189,Ingatlan kép,x-ker,elado,https://ingatlan.com/35338189,35338189.html,2026-10-08 17:34:23
35350721,Ingatlan kép,x-ker,elado,https://ingatlan.com/35350721,35350721.html,2026-10-08 17:34:26
35316373,Ingatlan kép,x-ker,elado,https://ingatlan.com/35316373,35316373.html,2026-10-08 17:34:30
35519685,Ingatlan kép,x-ker,elado,https://ingatlan.com/35519685,35519685.html,2026-10-08 17:34:35
35595359,Ingatlan kép,x-ker,elado,https://ingatlan.com/35595359,35595359.html,2026-10-08 17:34:38
35514148,Ingatlan kép,x-ker,elado,https://ingatlan.com/35514148,35514148.html,2026-10-08 17:34:41
35382764,Ingatlan kép,x-ker,elado,https://ingatlan.com/35382764,35382764.html,2026-10-08 17:34:44
35446999,Ingatlan kép,x-ker,elado,https://ingatlan.com/35446999,35446999.html,2026-10-08 17:34:47
35520756,Ingatlan kép,x-ker,elado,https://ingatlan.com/35520756,35520756.html,2026-10-08 17:34:51
35553338,Ingatlan kép,x-ker,elado,https://ingatlan.com/35553338,35553338.html,2026-10-08 17:34:55
35556605,Ingatlan kép,x-ker,elado,https://ingatlan.com/35556605,35556605.html,2026-10-08 17:34:59
35549392,Ingatlan kép,x-ker,elado,https://ingatlan.com/35549392,35549392.html,2026-10-08 17:35:03
35564188,Ingatlan kép,x-ker,elado,https://ingatlan.com/35564188,35564188.html,2026-10-08 17:35:06
35447348,Ingatlan kép,x-ker,elado,https://ingatlan.com/35447348,35447348.html,2026-10-08 17:35:10
35565580,Ingatlan kép,x-ker,elado,https://ingatlan.com/35565580,35565580.html,2026-10-08 17:35:14
35587793,Ingatlan kép,x-ker,elado,https://ingatlan.com/35587793,35587793.html,2026-10-08 17:35:17
35616234,Ingatlan kép,x-ker,elado,https://ingatlan.com/35616234,35616234.html,2026-10-08 17:35:20
35619705,Ingatlan kép,x-ker,elado,https://ingatlan.com/35619705,35619705.html,2026-10-08 17:35:23
35615058,Ingatlan kép,x-ker,elado,https://ingatlan.com/35615058,35615058.html,2026-10-08 17:35:26
35622425,Ingatlan kép,x-ker,elado,https://ingatlan.com/35622425,35622425.html,2026-10-08 17:35:29
33747646,Ingatlan kép,x-ker,elado,https://ingatlan.com/33747646,33747646.html,2026-10-08 17:35:33
34847328,Ingatlan kép,x-ker,elado,https://ingatlan.com/34847328,34847328.html,2026-10-08 17:35:37
35508600,Ingatlan kép,x-ker,elado,https://ingatlan.com/35508600,35508600.html,2026-10-08 17:35:41
35516208,Ingatlan kép,x-ker,elado,https://ingatlan.com/35516208,35516208.html,2026-10-08 17:35:46
35560705,Ingatlan kép,x-ker,elado,https://ingatlan.com/35560705,35560705.html,2026-10-08 17:35:49
35601091,Ingatlan kép,x-ker,elado,https://ingatlan.com/35601091,35601091.html,2026-10-08 17:35:53
35610391,Ingatlan kép,x-ker,elado,https://ingatlan.com/35610391,35610391.html,2026-10-08 17:35:56
33465068,Ingatlan kép,x-ker,elado,https://ingatlan.com/33465068,33465068.html,2026-10-08 17:36:00
35171896,Ingatlan kép,x-ker,elado,https://ingatlan.com/35171896,35171896.html,2026-10-08 17:36:04
35615858,Ingatlan kép,x-ker,elado,https://ingatlan.com/35615858,35615858.html,2026-10-08 17:36:09
35228280,Ingatlan kép,x-ker,elado,https://ingatlan.com/35228280,35228280.html,2026-10-08 17:36:13
35195887,Ingatlan kép,x-ker,elado,https://ingatlan.com/35195887,35195887.html,2026-10-08 17:36:16
35406868,Ingatlan kép,x-ker,elado,https://ingatlan.com/35406868,35406868.html,2026-10-08 17:36:19
35442692,Ingatlan kép,x-ker,elado,https://ingatlan.com/35442692,35442692.html,2026-10-08 17:36:22
35447007,Ingatlan kép,x-ker,elado,https://ingatlan.com/35447007,35447007.html,2026-10-08 17:36:26
35477735,Ingatlan kép,x-ker,elado,https://ingatlan.com/35477735,35477735.html,2026-10-08 17:36:29
35606871,Ingatlan kép,x-ker,elado,https://ingatlan.com/35606871,35606871.html,2026-10-08 17:36:34
35619852,Ingatlan kép,x-ker,elado,https://ingatlan.com/35619852,35619852.html,2026-10-08 17:36:37
35599266,Ingatlan kép,x-ker,elado,https://ingatlan.com/35599266,35599266.html,2026-10-08 17:36:41
35167594,Ingatlan kép,x-ker,elado,https://ingatlan.com/35167594,35167594.html,2026-10-08 17:36:45
33874457,Ingatlan kép,x-ker,elado,https://ingatlan.com/33874457,33874457.html,2026-10-08 17:36:49
35172185,Ingatlan kép,x-ker,elado,https://ingatlan.com/35172185,35172185.html,2026-10-08 17:36:53
35468216,Ingatlan kép,x-ker,elado,https://ingatlan.com/35468216,35468216.html,2026-10-08 17:36:56
35006165,Ingatlan kép,x-ker,elado,https://ingatlan.com/35006165,35006165.html,2026-10-08 17:36:59
35585223,Ingatlan kép,x-ker,elado,https://ingatlan.com/35585223,35585223.html,2026-10-08 17:37:02
34196823,Ingatlan kép,x-ker,elado,https://ingatlan.com/34196823,34196823.html,2026-10-08 17:37:06
35575362,Ingatlan kép,x-ker,elado,https://ingatlan.com/35575362,35575362.html,2026-10-08 17:37:10
35340006,Ingatlan kép,x-ker,elado,https://ingatlan.com/35340006,35340006.html,2026-10-08 17:37:13
35331016,Ingatlan kép,x-ker,elado,https://ingatlan.com/35331016,35331016.html,2026-10-08 17:37:17
34920144,Ingatlan kép,x-ker,elado,https://ingatlan.com/34920144,34920144.html,2026-10-08 17:37:21
35353120,Ingatlan kép,x-ker,elado,https://ingatlan.com/35353120,35353120.html,2026-10-08 17:37:26
35435548,Ingatlan kép,x-ker,elado,https://ingatlan.com/35435548,35435548.html,2026-10-08 17:37:29
35475074,Ingatlan kép,x-ker,elado,https://ingatlan.com/35475074,35475074.html,2026-10-08 17:37:33
35525439,Ingatlan kép,x-ker,elado,https://ingatlan.com/35525439,35525439.html,2026-10-08 17:37:43
35577371,Ingatlan kép,x-ker,elado,https://ingatlan.com/35577371,35577371.html,2026-10-08 17:37:47
35598301,Ingatlan kép,x-ker,elado,https://ingatlan.com/35598301,35598301.html,2026-10-08 17:37:51
35604031,Ingatlan kép,x-ker,elado,https://ingatlan.com/35604031,35604031.html,2026-10-08 17:37:55
35436126,Ingatlan kép,x-ker,elado,https://ingatlan.com/35436126,35436126.html,2026-10-08 17:37:59
34283870,Ingatlan kép,x-ker,elado,https://ingatlan.com/34283870,34283870.html,2026-10-08 17:38:04
34868725,Ingatlan kép,x-ker,elado,https://ingatlan.com/34868725,34868725.html,2026-10-08 17:38:08
34836306,Ingatlan kép,x-ker,elado,https://ingatlan.com/34836306,34836306.html,2026-10-08 17:38:12
34952778,Ingatlan kép,x-ker,elado,https://ingatlan.com/34952778,34952778.html,2026-10-08 17:38:16
34284799,Ingatlan kép,x-ker,elado,https://ingatlan.com/34284799,34284799.html,2026-10-08 17:38:19
35226487,Ingatlan kép,x-ker,elado,https://ingatlan.com/35226487,35226487.html,2026-10-08 17:38:23
34284794,Ingatlan kép,x-ker,elado,https://ingatlan.com/34284794,34284794.html,2026-10-08 17:38:27
35143535,Ingatlan kép,x-ker,elado,https://ingatlan.com/35143535,35143535.html,2026-10-08 17:38:30
34816029,Ingatlan kép,x-ker,elado,https://ingatlan.com/34816029,34816029.html,2026-10-08 17:38:34
35299601,Ingatlan kép,x-ker,elado,https://ingatlan.com/35299601,35299601.html,2026-10-08 17:38:39
34839670,Ingatlan kép,x-ker,elado,https://ingatlan.com/34839670,34839670.html,2026-10-08 17:38:42
34955182,Ingatlan kép,x-ker,elado,https://ingatlan.com/34955182,34955182.html,2026-10-08 17:38:46
35201061,Ingatlan kép,x-ker,elado,https://ingatlan.com/35201061,35201061.html,2026-10-08 17:38:50
35150452,Ingatlan kép,x-ker,elado,https://ingatlan.com/35150452,35150452.html,2026-10-08 17:38:54
34681707,Ingatlan kép,x-ker,elado,https://ingatlan.com/34681707,34681707.html,2026-10-08 17:38:57
34837342,Ingatlan kép,x-ker,elado,https://ingatlan.com/34837342,34837342.html,2026-10-08 17:39:00
34582051,Ingatlan kép,x-ker,elado,https://ingatlan.com/34582051,34582051.html,2026-10-08 17:39:05
35344584,Ingatlan kép,x-ker,elado,https://ingatlan.com/35344584,35344584.html,2026-10-08 17:39:08
35507134,Ingatlan kép,x-ker,elado,https://ingatlan.com/35507134,35507134.html,2026-10-08 17:39:12
34764399,Ingatlan kép,x-ker,elado,https://ingatlan.com/34764399,34764399.html,2026-10-08 17:39:15
35565455,Ingatlan kép,x-ker,elado,https://ingatlan.com/35565455,35565455.html,2026-10-08 17:39:19
35344502,Ingatlan kép,x-ker,elado,https://ingatlan.com/35344502,35344502.html,2026-10-08 17:39:23
35219332,Ingatlan kép,x-ker,elado,https://ingatlan.com/35219332,35219332.html,2026-10-08 17:39:27
34177664,Ingatlan kép,x-ker,elado,https://ingatlan.com/34177664,34177664.html,2026-10-08 17:39:30
35044912,Ingatlan kép,x-ker,elado,https://ingatlan.com/35044912,35044912.html,2026-10-08 17:39:34
35597541,Ingatlan kép,x-ker,elado,https://ingatlan.com/35597541,35597541.html,2026-10-08 17:39:37
34963213,Ingatlan kép,x-ker,elado,https://ingatlan.com/34963213,34963213.html,2026-10-08 17:39:42
34650820,Ingatlan kép,x-ker,elado,https://ingatlan.com/34650820,34650820.html,2026-10-08 17:39:46
30417301,Ingatlan kép,x-ker,elado,https://ingatlan.com/30417301,30417301.html,2026-10-08 17:39:50
34658023,Ingatlan kép,x-ker,elado,https://ingatlan.com/34658023,34658023.html,2026-10-08 17:39:53
33054025,Ingatlan kép,x-ker,elado,https://ingatlan.com/33054025,33054025.html,2026-10-08 17:39:57
35278332,Ingatlan kép,x-ker,elado,https://ingatlan.com/35278332,35278332.html,2026-10-08 17:40:01
35501325,Ingatlan kép,x-ker,elado,https://ingatlan.com/35501325,35501325.html,2026-10-08 17:40:05
34159451,Ingatlan kép,x-ker,elado,https://ingatlan.com/34159451,34159451.html,2026-10-08 17:40:08
35178177,Ingatlan kép,x-ker,elado,https://ingatlan.com/35178177,35178177.html,2026-10-08 17:40:11
34174448,Ingatlan kép,x-ker,elado,https://ingatlan.com/34174448,34174448.html,2026-10-08 17:40:15
35579132,Ingatlan kép,x-ker,elado,https://ingatlan.com/35579132,35579132.html,2026-10-08 17:40:19
35503243,Ingatlan kép,x-ker,elado,https://ingatlan.com/35503243,35503243.html,2026-10-08 17:40:22
35074580,Ingatlan kép,x-ker,elado,https://ingatlan.com/35074580,35074580.html,2026-10-08 17:40:25
35167587,Ingatlan kép,x-ker,elado,https://ingatlan.com/35167587,35167587.html,2026-10-08 17:40:29
34379483,Ingatlan kép,x-ker,elado,https://ingatlan.com/34379483,34379483.html,2026-10-08 17:40:32
35081028,Ingatlan kép,x-ker,elado,https://ingatlan.com/35081028,35081028.html,2026-10-08 17:40:36
35483694,Ingatlan kép,x-ker,elado,https://ingatlan.com/35483694,35483694.html,2026-10-08 17:40:39
35074537,Ingatlan kép,x-ker,elado,https://ingatlan.com/35074537,35074537.html,2026-10-08 17:40:42
34540692,Ingatlan kép,x-ker,elado,https://ingatlan.com/34540692,34540692.html,2026-10-08 17:40:46
34540665,Ingatlan kép,x-ker,elado,https://ingatlan.com/34540665,34540665.html,2026-10-08 17:40:49
35009760,Ingatlan kép,x-ker,elado,https://ingatlan.com/35009760,35009760.html,2026-10-08 17:40:53
35028533,Ingatlan kép,x-ker,elado,https://ingatlan.com/35028533,35028533.html,2026-10-08 17:40:57
35135155,Ingatlan kép,x-ker,elado,https://ingatlan.com/35135155,35135155.html,2026-10-08 17:41:01
34763938,Ingatlan kép,x-ker,elado,https://ingatlan.com/34763938,34763938.html,2026-10-08 17:41:04
35565817,Ingatlan kép,x-ker,elado,https://ingatlan.com/35565817,35565817.html,2026-10-08 17:41:08
35195950,Ingatlan kép,x-ker,elado,https://ingatlan.com/35195950,35195950.html,2026-10-08 17:41:12
35600225,Ingatlan kép,x-ker,elado,https://ingatlan.com/35600225,35600225.html,2026-10-08 17:41:15
35219404,Ingatlan kép,x-ker,elado,https://ingatlan.com/35219404,35219404.html,2026-10-08 17:41:19
35428898,Ingatlan kép,x-ker,elado,https://ingatlan.com/35428898,35428898.html,2026-10-08 17:41:28
35419008,Ingatlan kép,x-ker,elado,https://ingatlan.com/35419008,35419008.html,2026-10-08 17:41:31
35615862,Ingatlan kép,x-ker,elado,https://ingatlan.com/35615862,35615862.html,2026-10-08 17:41:35
35348328,Ingatlan kép,x-ker,elado,https://ingatlan.com/35348328,35348328.html,2026-10-08 17:41:39
35359422,Ingatlan kép,x-ker,elado,https://ingatlan.com/35359422,35359422.html,2026-10-08 17:41:43
35502271,Ingatlan kép,x-ker,elado,https://ingatlan.com/35502271,35502271.html,2026-10-08 17:41:46
35508603,Ingatlan kép,x-ker,elado,https://ingatlan.com/35508603,35508603.html,2026-10-08 17:41:50
35408685,Ingatlan kép,x-ker,elado,https://ingatlan.com/35408685,35408685.html,2026-10-08 17:41:53
35353142,Ingatlan kép,x-ker,elado,https://ingatlan.com/35353142,35353142.html,2026-10-08 17:41:56
35353117,Ingatlan kép,x-ker,elado,https://ingatlan.com/35353117,35353117.html,2026-10-08 17:41:59
35353115,Ingatlan kép,x-ker,elado,https://ingatlan.com/35353115,35353115.html,2026-10-08 17:42:03
35298664,Ingatlan kép,x-ker,elado,https://ingatlan.com/35298664,35298664.html,2026-10-08 17:42:07
35264521,Ingatlan kép,x-ker,elado,https://ingatlan.com/35264521,35264521.html,2026-10-08 17:42:11
34620799,Ingatlan kép,x-ker,elado,https://ingatlan.com/34620799,34620799.html,2026-10-08 17:42:15
35513612,Ingatlan kép,x-ker,elado,https://ingatlan.com/35513612,35513612.html,2026-10-08 17:42:19
35552614,Ingatlan kép,x-ker,elado,https://ingatlan.com/35552614,35552614.html,2026-10-08 17:42:23
35561375,Ingatlan kép,x-ker,elado,https://ingatlan.com/35561375,35561375.html,2026-10-08 17:42:26
35558631,Ingatlan kép,x-ker,elado,https://ingatlan.com/35558631,35558631.html,2026-10-08 17:42:31
35578656,Ingatlan kép,x-ker,elado,https://ingatlan.com/35578656,35578656.html,2026-10-08 17:42:34
35574601,Ingatlan kép,x-ker,elado,https://ingatlan.com/35574601,35574601.html,2026-10-08 17:42:39
35587357,Ingatlan kép,x-ker,elado,https://ingatlan.com/35587357,35587357.html,2026-10-08 17:42:42
35585478,Ingatlan kép,x-ker,elado,https://ingatlan.com/35585478,35585478.html,2026-10-08 17:42:46
35569365,Ingatlan kép,x-ker,elado,https://ingatlan.com/35569365,35569365.html,2026-10-08 17:42:50
35587943,Ingatlan kép,x-ker,elado,https://ingatlan.com/35587943,35587943.html,2026-10-08 17:42:54
35592917,Ingatlan kép,x-ker,elado,https://ingatlan.com/35592917,35592917.html,2026-10-08 17:42:58
35592010,Ingatlan kép,x-ker,elado,https://ingatlan.com/35592010,35592010.html,2026-10-08 17:43:01
35556139,Ingatlan kép,x-ker,elado,https://ingatlan.com/35556139,35556139.html,2026-10-08 17:43:05
35608370,Ingatlan kép,x-ker,elado,https://ingatlan.com/35608370,35608370.html,2026-10-08 17:43:08
35519817,Ingatlan kép,x-ker,elado,https://ingatlan.com/35519817,35519817.html,2026-10-08 17:43:13
35622350,Ingatlan kép,x-ker,elado,https://ingatlan.com/35622350,35622350.html,2026-10-08 17:43:16
35612801,Ingatlan kép,x-ker,elado,https://ingatlan.com/35612801,35612801.html,2026-10-08 17:43:21
35595952,Ingatlan kép,x-ker,elado,https://ingatlan.com/35595952,35595952.html,2026-10-08 17:43:24
35590695,Ingatlan kép,x-ker,elado,https://ingatlan.com/35590695,35590695.html,2026-10-08 17:43:27
34284795,Ingatlan kép,x-ker,elado,https://ingatlan.com/34284795,34284795.html,2026-10-08 17:43:31
35112466,Ingatlan kép,x-ker,elado,https://ingatlan.com/35112466,35112466.html,2026-10-08 17:43:35
34283817,Ingatlan kép,x-ker,elado,https://ingatlan.com/34283817,34283817.html,2026-10-08 17:43:40
35088325,Ingatlan kép,x-ker,elado,https://ingatlan.com/35088325,35088325.html,2026-10-08 17:43:43
35035988,Ingatlan kép,x-ker,elado,https://ingatlan.com/35035988,35035988.html,2026-10-08 17:43:46
35078338,Ingatlan kép,x-ker,elado,https://ingatlan.com/35078338,35078338.html,2026-10-08 17:43:50
34103639,Ingatlan kép,x-ker,elado,https://ingatlan.com/34103639,34103639.html,2026-10-08 17:43:54
35177057,Ingatlan kép,x-ker,elado,https://ingatlan.com/35177057,35177057.html,2026-10-08 17:43:58
34955206,Ingatlan kép,x-ker,elado,https://ingatlan.com/34955206,34955206.html,2026-10-08 17:44:01
35457329,Nincs kép,x-ker,elado,https://ingatlan.com/35457329,35457329.html,2026-10-08 17:44:05
34852211,Ingatlan kép,x-ker,elado,https://ingatlan.com/34852211,34852211.html,2026-10-08 17:44:09
35423844,Nincs kép,x-ker,elado,https://ingatlan.com/35423844,35423844.html,2026-10-08 17:44:12
34807593,Ingatlan kép,x-ker,elado,https://ingatlan.com/34807593,34807593.html,2026-10-08 17:44:16
35095616,Ingatlan kép,x-ker,elado,https://ingatlan.com/35095616,35095616.html,2026-10-08 17:44:20
35194423,Ingatlan kép,x-ker,elado,https://ingatlan.com/35194423,35194423.html,2026-10-08 17:44:23
34694265,Ingatlan kép,x-ker,elado,https://ingatlan.com/34694265,34694265.html,2026-10-08 17:44:27
35425117,Ingatlan kép,x-ker,elado,https://ingatlan.com/35425117,35425117.html,2026-10-08 17:44:32
35442232,Ingatlan kép,x-ker,elado,https://ingatlan.com/35442232,35442232.html,2026-10-08 17:44:36
34284807,Ingatlan kép,x-ker,elado,https://ingatlan.com/34284807,34284807.html,2026-10-08 17:44:40
35394021,Ingatlan kép,x-ker,elado,https://ingatlan.com/35394021,35394021.html,2026-10-08 17:44:44
35376864,Ingatlan kép,x-ker,elado,https://ingatlan.com/35376864,35376864.html,2026-10-08 17:44:47
35409477,Ingatlan kép,x-ker,elado,https://ingatlan.com/35409477,35409477.html,2026-10-08 17:44:51
35458844,Ingatlan kép,x-ker,elado,https://ingatlan.com/35458844,35458844.html,2026-10-08 17:44:55
35355423,Ingatlan kép,x-ker,elado,https://ingatlan.com/35355423,35355423.html,2026-10-08 17:44:59
35478003,Nincs kép,x-ker,elado,https://ingatlan.com/35478003,35478003.html,2026-10-08 17:45:03
35476223,Nincs kép,x-ker,elado,https://ingatlan.com/35476223,35476223.html,2026-10-08 17:45:07
35470152,Nincs kép,x-ker,elado,https://ingatlan.com/35470152,35470152.html,2026-10-08 17:45:10
35465853,Ingatlan kép,x-ker,elado,https://ingatlan.com/35465853,35465853.html,2026-10-08 17:45:20
35462996,Ingatlan kép,x-ker,elado,https://ingatlan.com/35462996,35462996.html,2026-10-08 17:45:24
35459616,Ingatlan kép,x-ker,elado,https://ingatlan.com/35459616,35459616.html,2026-10-08 17:45:27
35459477,Nincs kép,x-ker,elado,https://ingatlan.com/35459477,35459477.html,2026-10-08 17:45:31
35458388,Ingatlan kép,x-ker,elado,https://ingatlan.com/35458388,35458388.html,2026-10-08 17:45:34
35452425,Nincs kép,x-ker,elado,https://ingatlan.com/35452425,35452425.html,2026-10-08 17:45:38
35436191,Ingatlan kép,x-ker,elado,https://ingatlan.com/35436191,35436191.html,2026-10-08 17:45:43
35309369,Ingatlan kép,x-ker,elado,https://ingatlan.com/35309369,35309369.html,2026-10-08 17:45:46
35352511,Ingatlan kép,x-ker,elado,https://ingatlan.com/35352511,35352511.html,2026-10-08 17:45:50
35406037,Ingatlan kép,x-ker,elado,https://ingatlan.com/35406037,35406037.html,2026-10-08 17:45:55
34917635,Ingatlan kép,x-ker,elado,https://ingatlan.com/34917635,34917635.html,2026-10-08 17:45:58
34187965,Ingatlan kép,x-ker,elado,https://ingatlan.com/34187965,34187965.html,2026-10-08 17:46:03
35164000,Ingatlan kép,x-ker,elado,https://ingatlan.com/35164000,35164000.html,2026-10-08 17:46:06
35353141,Ingatlan kép,x-ker,elado,https://ingatlan.com/35353141,35353141.html,2026-10-08 17:46:10
35424615,Nincs kép,x-ker,elado,https://ingatlan.com/35424615,35424615.html,2026-10-08 17:46:13
35148474,Ingatlan kép,x-ker,elado,https://ingatlan.com/35148474,35148474.html,2026-10-08 17:46:17
35228838,Nincs kép,x-ker,elado,https://ingatlan.com/35228838,35228838.html,2026-10-08 17:46:21
35316224,Ingatlan kép,x-ker,elado,https://ingatlan.com/35316224,35316224.html,2026-10-08 17:46:24
35414024,Ingatlan kép,x-ker,elado,https://ingatlan.com/35414024,35414024.html,2026-10-08 17:46:28
35221098,Nincs kép,x-ker,elado,https://ingatlan.com/35221098,35221098.html,2026-10-08 17:46:31
35054443,Nincs kép,x-ker,elado,https://ingatlan.com/35054443,35054443.html,2026-10-08 17:46:36
35489122,Nincs kép,x-ker,elado,https://ingatlan.com/35489122,35489122.html,2026-10-08 17:46:40
35407293,Nincs kép,x-ker,elado,https://ingatlan.com/35407293,35407293.html,2026-10-08 17:46:44
35403223,Ingatlan kép,x-ker,elado,https://ingatlan.com/35403223,35403223.html,2026-10-08 17:46:48
35417785,Nincs kép,x-ker,elado,https://ingatlan.com/35417785,35417785.html,2026-10-08 17:46:51
35194314,Ingatlan kép,x-ker,elado,https://ingatlan.com/35194314,35194314.html,2026-10-08 17:46:55
35461271,Ingatlan kép,x-ker,elado,https://ingatlan.com/35461271,35461271.html,2026-10-08 17:46:58
35415462,Ingatlan kép,x-ker,elado,https://ingatlan.com/35415462,35415462.html,2026-10-08 17:47:02
35323211,Ingatlan kép,x-ker,elado,https://ingatlan.com/35323211,35323211.html,2026-10-08 17:47:05
35018466,Ingatlan kép,x-ker,elado,https://ingatlan.com/35018466,35018466.html,2026-10-08 17:47:10
35035943,Ingatlan kép,x-ker,elado,https://ingatlan.com/35035943,35035943.html,2026-10-08 17:47:13
35475707,Ingatlan kép,x-ker,elado,https://ingatlan.com/35475707,35475707.html,2026-10-08 17:47:16
35189252,Ingatlan kép,x-ker,elado,https://ingatlan.com/35189252,35189252.html,2026-10-08 17:47:20
34881899,Ingatlan kép,x-ker,elado,https://ingatlan.com/34881899,34881899.html,2026-10-08 17:47:23
35231168,Ingatlan kép,x-ker,elado,https://ingatlan.com/35231168,35231168.html,2026-10-08 17:47:27
35209528,Ingatlan kép,x-ker,elado,https://ingatlan.com/35209528,35209528.html,2026-10-08 17:47:31
35327642,Ingatlan kép,x-ker,elado,https://ingatlan.com/35327642,35327642.html,2026-10-08 17:47:35
31581870,Ingatlan kép,x-ker,elado,https://ingatlan.com/31581870,31581870.html,2026-10-08 17:47:38
35127722,Ingatlan kép,x-ker,elado,https://ingatlan.com/35127722,35127722.html,2026-10-08 17:47:43
35108183,Ingatlan kép,x-ker,elado,https://ingatlan.com/35108183,35108183.html,2026-10-08 17:47:47
34850305,Ingatlan kép,x-ker,elado,https://ingatlan.com/34850305,34850305.html,2026-10-08 17:47:52
35527650,Ingatlan kép,x-ker,elado,https://ingatlan.com/35527650,35527650.html,2026-10-08 17:47:56
35386592,Ingatlan kép,x-ker,elado,https://ingatlan.com/35386592,35386592.html,2026-10-08 17:48:00
35325742,Ingatlan kép,x-ker,elado,https://ingatlan.com/35325742,35325742.html,2026-10-08 17:48:04
35396328,Ingatlan kép,x-ker,elado,https://ingatlan.com/35396328,35396328.html,2026-10-08 17:48:08
35354402,Ingatlan kép,x-ker,elado,https://ingatlan.com/35354402,35354402.html,2026-10-08 17:48:11
35553425,Ingatlan kép,x-ker,elado,https://ingatlan.com/35553425,35553425.html,2026-10-08 17:48:15
35235805,Ingatlan kép,x-ker,elado,https://ingatlan.com/35235805,35235805.html,2026-10-08 17:48:19
35489511,Ingatlan kép,x-ker,elado,https://ingatlan.com/35489511,35489511.html,2026-10-08 17:48:23
35133471,Ingatlan kép,x-ker,elado,https://ingatlan.com/35133471,35133471.html,2026-10-08 17:48:26
35179193,Ingatlan kép,x-ker,elado,https://ingatlan.com/35179193,35179193.html,2026-10-08 17:48:30
35548605,Ingatlan kép,x-ker,elado,https://ingatlan.com/35548605,35548605.html,2026-10-08 17:48:34
34901695,Ingatlan kép,x-ker,elado,https://ingatlan.com/34901695,34901695.html,2026-10-08 17:48:38
34269253,Ingatlan kép,x-ker,elado,https://ingatlan.com/34269253,34269253.html,2026-10-08 17:48:42
35349639,Ingatlan kép,x-ker,elado,https://ingatlan.com/35349639,35349639.html,2026-10-08 17:48:46
33558161,Ingatlan kép,x-ker,elado,https://ingatlan.com/33558161,33558161.html,2026-10-08 17:48:50
35566450,Nincs kép,x-ker,elado,https://ingatlan.com/35566450,35566450.html,2026-10-08 17:48:54
35560123,Ingatlan kép,x-ker,elado,https://ingatlan.com/35560123,35560123.html,2026-10-08 17:48:57
35554569,Ingatlan kép,x-ker,elado,https://ingatlan.com/35554569,35554569.html,2026-10-08 17:49:00
35545976,Ingatlan kép,x-ker,elado,https://ingatlan.com/35545976,35545976.html,2026-10-08 17:49:10
35544631,Ingatlan kép,x-ker,elado,https://ingatlan.com/35544631,35544631.html,2026-10-08 17:49:14
35532370,Nincs kép,x-ker,elado,https://ingatlan.com/35532370,35532370.html,2026-10-08 17:49:17
35520458,Ingatlan kép,x-ker,elado,https://ingatlan.com/35520458,35520458.html,2026-10-08 17:49:21
35514991,Nincs kép,x-ker,elado,https://ingatlan.com/35514991,35514991.html,2026-10-08 17:49:25
35509095,Nincs kép,x-ker,elado,https://ingatlan.com/35509095,35509095.html,2026-10-08 17:49:29
35475858,Nincs kép,x-ker,elado,https://ingatlan.com/35475858,35475858.html,2026-10-08 17:49:33
35454994,Nincs kép,x-ker,elado,https://ingatlan.com/35454994,35454994.html,2026-10-08 17:49:37
35432720,Ingatlan kép,x-ker,elado,https://ingatlan.com/35432720,35432720.html,2026-10-08 17:49:40
34284578,Ingatlan kép,x-ker,elado,https://ingatlan.com/34284578,34284578.html,2026-10-08 17:49:44
35028999,Ingatlan kép,x-ker,elado,https://ingatlan.com/35028999,35028999.html,2026-10-08 17:49:48
35037614,Ingatlan kép,x-ker,elado,https://ingatlan.com/35037614,35037614.html,2026-10-08 17:49:51
35233389,Ingatlan kép,x-ker,elado,https://ingatlan.com/35233389,35233389.html,2026-10-08 17:49:56
35464349,Ingatlan kép,x-ker,elado,https://ingatlan.com/35464349,35464349.html,2026-10-08 17:49:59
35484332,Ingatlan kép,x-ker,elado,https://ingatlan.com/35484332,35484332.html,2026-10-08 17:50:03
33820876,Ingatlan kép,x-ker,elado,https://ingatlan.com/33820876,33820876.html,2026-10-08 17:50:07
35222533,Ingatlan kép,x-ker,elado,https://ingatlan.com/35222533,35222533.html,2026-10-08 17:50:11
35462970,Ingatlan kép,x-ker,elado,https://ingatlan.com/35462970,35462970.html,2026-10-08 17:50:14
33434706,Ingatlan kép,x-ker,elado,https://ingatlan.com/33434706,33434706.html,2026-10-08 17:50:18
35404367,Ingatlan kép,x-ker,elado,https://ingatlan.com/35404367,35404367.html,2026-10-08 17:50:21
35327726,Ingatlan kép,x-ker,elado,https://ingatlan.com/35327726,35327726.html,2026-10-08 17:50:25
35482592,Ingatlan kép,x-ker,elado,https://ingatlan.com/35482592,35482592.html,2026-10-08 17:50:29
35422673,Nincs kép,x-ker,elado,https://ingatlan.com/35422673,35422673.html,2026-10-08 17:50:32
35095607,Ingatlan kép,x-ker,elado,https://ingatlan.com/35095607,35095607.html,2026-10-08 17:50:36
35449823,Ingatlan kép,x-ker,elado,https://ingatlan.com/35449823,35449823.html,2026-10-08 17:50:40
35406829,Ingatlan kép,x-ker,elado,https://ingatlan.com/35406829,35406829.html,2026-10-08 17:50:44
34540479,Ingatlan kép,x-ker,elado,https://ingatlan.com/34540479,34540479.html,2026-10-08 17:50:48
35267117,Ingatlan kép,x-ker,elado,https://ingatlan.com/35267117,35267117.html,2026-10-08 17:50:52
35266770,Ingatlan kép,x-ker,elado,https://ingatlan.com/35266770,35266770.html,2026-10-08 17:50:56
34725015,Ingatlan kép,x-ker,elado,https://ingatlan.com/34725015,34725015.html,2026-10-08 17:50:59
35422976,Nincs kép,x-ker,elado,https://ingatlan.com/35422976,35422976.html,2026-10-08 17:51:04
35279092,Ingatlan kép,x-ker,elado,https://ingatlan.com/35279092,35279092.html,2026-10-08 17:51:08
35436571,Ingatlan kép,x-ker,elado,https://ingatlan.com/35436571,35436571.html,2026-10-08 17:51:11
35583492,Ingatlan kép,x-ker,elado,https://ingatlan.com/35583492,35583492.html,2026-10-08 17:51:15
35224306,Ingatlan kép,x-ker,elado,https://ingatlan.com/35224306,35224306.html,2026-10-08 17:51:20
34841149,Ingatlan kép,x-ker,elado,https://ingatlan.com/34841149,34841149.html,2026-10-08 17:51:23
35430437,Ingatlan kép,x-ker,elado,https://ingatlan.com/35430437,35430437.html,2026-10-08 17:51:27
35462616,Ingatlan kép,x-ker,elado,https://ingatlan.com/35462616,35462616.html,2026-10-08 17:51:32
35514171,Ingatlan kép,x-ker,elado,https://ingatlan.com/35514171,35514171.html,2026-10-08 17:51:35
35414320,Ingatlan kép,x-ker,elado,https://ingatlan.com/35414320,35414320.html,2026-10-08 17:51:39
34838697,Ingatlan kép,x-ker,elado,https://ingatlan.com/34838697,34838697.html,2026-10-08 17:51:43
35384085,Ingatlan kép,x-ker,elado,https://ingatlan.com/35384085,35384085.html,2026-10-08 17:51:47
35462901,Ingatlan kép,x-ker,elado,https://ingatlan.com/35462901,35462901.html,2026-10-08 17:51:51
35459277,Ingatlan kép,x-ker,elado,https://ingatlan.com/35459277,35459277.html,2026-10-08 17:51:54
35175100,Ingatlan kép,x-ker,elado,https://ingatlan.com/35175100,35175100.html,2026-10-08 17:51:57
35344167,Ingatlan kép,x-ker,elado,https://ingatlan.com/35344167,35344167.html,2026-10-08 17:52:01
35511835,Ingatlan kép,x-ker,elado,https://ingatlan.com/35511835,35511835.html,2026-10-08 17:52:05
35373513,Ingatlan kép,x-ker,elado,https://ingatlan.com/35373513,35373513.html,2026-10-08 17:52:09
35464288,Ingatlan kép,x-ker,elado,https://ingatlan.com/35464288,35464288.html,2026-10-08 17:52:13
35366069,Ingatlan kép,x-ker,elado,https://ingatlan.com/35366069,35366069.html,2026-10-08 17:52:17
35014903,Ingatlan kép,x-ker,elado,https://ingatlan.com/35014903,35014903.html,2026-10-08 17:52:21
35270375,Ingatlan kép,x-ker,elado,https://ingatlan.com/35270375,35270375.html,2026-10-08 17:52:25
35454228,Ingatlan kép,x-ker,elado,https://ingatlan.com/35454228,35454228.html,2026-10-08 17:52:29
35330062,Ingatlan kép,x-ker,elado,https://ingatlan.com/35330062,35330062.html,2026-10-08 17:52:33
35379452,Ingatlan kép,x-ker,elado,https://ingatlan.com/35379452,35379452.html,2026-10-08 17:52:37
35536755,Ingatlan kép,x-ker,elado,https://ingatlan.com/35536755,35536755.html,2026-10-08 17:52:41
35462642,Ingatlan kép,x-ker,elado,https://ingatlan.com/35462642,35462642.html,2026-10-08 17:52:45
35462594,Ingatlan kép,x-ker,elado,https://ingatlan.com/35462594,35462594.html,2026-10-08 17:52:48
35179665,Ingatlan kép,x-ker,elado,https://ingatlan.com/35179665,35179665.html,2026-10-08 17:52:52
34971479,Ingatlan kép,x-ker,elado,https://ingatlan.com/34971479,34971479.html,2026-10-08 17:53:06
34600789,Ingatlan kép,x-ker,elado,https://ingatlan.com/34600789,34600789.html,2026-10-08 17:53:10
35503324,Ingatlan kép,x-ker,elado,https://ingatlan.com/35503324,35503324.html,2026-10-08 17:53:13
35302457,Ingatlan kép,x-ker,elado,https://ingatlan.com/35302457,35302457.html,2026-10-08 17:53:17
35462968,Ingatlan kép,x-ker,elado,https://ingatlan.com/35462968,35462968.html,2026-10-08 17:53:20
35462955,Ingatlan kép,x-ker,elado,https://ingatlan.com/35462955,35462955.html,2026-10-08 17:53:25
35462651,Ingatlan kép,x-ker,elado,https://ingatlan.com/35462651,35462651.html,2026-10-08 17:53:29
35193897,Ingatlan kép,x-ker,elado,https://ingatlan.com/35193897,35193897.html,2026-10-08 17:53:33
35464280,Ingatlan kép,x-ker,elado,https://ingatlan.com/35464280,35464280.html,2026-10-08 17:53:36
35089150,Ingatlan kép,x-ker,elado,https://ingatlan.com/35089150,35089150.html,2026-10-08 17:53:40
35462625,Ingatlan kép,x-ker,elado,https://ingatlan.com/35462625,35462625.html,2026-10-08 17:53:44
35080604,Ingatlan kép,x-ker,elado,https://ingatlan.com/35080604,35080604.html,2026-10-08 17:53:48
35273157,Ingatlan kép,x-ker,elado,https://ingatlan.com/35273157,35273157.html,2026-10-08 17:53:53
35473652,Ingatlan kép,x-ker,elado,https://ingatlan.com/35473652,35473652.html,2026-10-08 17:53:57
35464276,Ingatlan kép,x-ker,elado,https://ingatlan.com/35464276,35464276.html,2026-10-08 17:54:01
35601496,Ingatlan kép,x-ker,elado,https://ingatlan.com/35601496,35601496.html,2026-10-08 17:54:04
35381597,Ingatlan kép,x-ker,elado,https://ingatlan.com/35381597,35381597.html,2026-10-08 17:54:08
34946499,Ingatlan kép,x-ker,elado,https://ingatlan.com/34946499,34946499.html,2026-10-08 17:54:12
34581941,Ingatlan kép,x-ker,elado,https://ingatlan.com/34581941,34581941.html,2026-10-08 17:54:16
35499640,Ingatlan kép,x-ker,elado,https://ingatlan.com/35499640,35499640.html,2026-10-08 17:54:20
35460292,Ingatlan kép,x-ker,elado,https://ingatlan.com/35460292,35460292.html,2026-10-08 17:54:24
34407865,Ingatlan kép,x-ker,elado,https://ingatlan.com/34407865,34407865.html,2026-10-08 17:54:27
35582779,Ingatlan kép,x-ker,elado,https://ingatlan.com/35582779,35582779.html,2026-10-08 17:54:31
35407012,Ingatlan kép,x-ker,elado,https://ingatlan.com/35407012,35407012.html,2026-10-08 17:54:35
35595537,Ingatlan kép,x-ker,elado,https://ingatlan.com/35595537,35595537.html,2026-10-08 17:54:39
35510717,Ingatlan kép,x-ker,elado,https://ingatlan.com/35510717,35510717.html,2026-10-08 17:54:44
35485905,Ingatlan kép,x-ker,elado,https://ingatlan.com/35485905,35485905.html,2026-10-08 17:54:47
35301116,Ingatlan kép,x-ker,elado,https://ingatlan.com/35301116,35301116.html,2026-10-08 17:54:51
35555176,Ingatlan kép,x-ker,elado,https://ingatlan.com/35555176,35555176.html,2026-10-08 17:54:54
35532185,Ingatlan kép,x-ker,elado,https://ingatlan.com/35532185,35532185.html,2026-10-08 17:54:57
35242379,Ingatlan kép,x-ker,elado,https://ingatlan.com/35242379,35242379.html,2026-10-08 17:55:01
35398749,Ingatlan kép,x-ker,elado,https://ingatlan.com/35398749,35398749.html,2026-10-08 17:55:06
35563226,Ingatlan kép,x-ker,elado,https://ingatlan.com/35563226,35563226.html,2026-10-08 17:55:09
35291069,Ingatlan kép,x-ker,elado,https://ingatlan.com/35291069,35291069.html,2026-10-08 17:55:12
35510170,Ingatlan kép,x-ker,elado,https://ingatlan.com/35510170,35510170.html,2026-10-08 17:55:15
35372117,Ingatlan kép,x-ker,elado,https://ingatlan.com/35372117,35372117.html,2026-10-08 17:55:20
34656775,Ingatlan kép,x-ker,elado,https://ingatlan.com/34656775,34656775.html,2026-10-08 17:55:23
35462630,Ingatlan kép,x-ker,elado,https://ingatlan.com/35462630,35462630.html,2026-10-08 17:55:27
35516329,Ingatlan kép,x-ker,elado,https://ingatlan.com/35516329,35516329.html,2026-10-08 17:55:30
35438098,Ingatlan kép,x-ker,elado,https://ingatlan.com/35438098,35438098.html,2026-10-08 17:55:34
35432805,Ingatlan kép,x-ker,elado,https://ingatlan.com/35432805,35432805.html,2026-10-08 17:55:38
35196997,Ingatlan kép,x-ker,elado,https://ingatlan.com/35196997,35196997.html,2026-10-08 17:55:41
35523134,Ingatlan kép,x-ker,elado,https://ingatlan.com/35523134,35523134.html,2026-10-08 17:55:46
35569585,Ingatlan kép,x-ker,elado,https://ingatlan.com/35569585,35569585.html,2026-10-08 17:55:49
35595598,Ingatlan kép,x-ker,elado,https://ingatlan.com/35595598,35595598.html,2026-10-08 17:55:53
35528092,Ingatlan kép,x-ker,elado,https://ingatlan.com/35528092,35528092.html,2026-10-08 17:55:57
35557562,Ingatlan kép,x-ker,elado,https://ingatlan.com/35557562,35557562.html,2026-10-08 17:56:01
35551161,Ingatlan kép,x-ker,elado,https://ingatlan.com/35551161,35551161.html,2026-10-08 17:56:04
35464298,Ingatlan kép,x-ker,elado,https://ingatlan.com/35464298,35464298.html,2026-10-08 17:56:08
35599802,Ingatlan kép,x-ker,elado,https://ingatlan.com/35599802,35599802.html,2026-10-08 17:56:12
35259299,Ingatlan kép,x-ker,elado,https://ingatlan.com/35259299,35259299.html,2026-10-08 17:56:16
35515915,Ingatlan kép,x-ker,elado,https://ingatlan.com/35515915,35515915.html,2026-10-08 17:56:20
35462887,Ingatlan kép,x-ker,elado,https://ingatlan.com/35462887,35462887.html,2026-10-08 17:56:24
35462667,Ingatlan kép,x-ker,elado,https://ingatlan.com/35462667,35462667.html,2026-10-08 17:56:27
35126731,Ingatlan kép,x-ker,elado,https://ingatlan.com/35126731,35126731.html,2026-10-08 17:56:31
34382166,Ingatlan kép,x-ker,elado,https://ingatlan.com/34382166,34382166.html,2026-10-08 17:56:35
35515659,Ingatlan kép,x-ker,elado,https://ingatlan.com/35515659,35515659.html,2026-10-08 17:56:39
35460668,Ingatlan kép,x-ker,elado,https://ingatlan.com/35460668,35460668.html,2026-10-08 17:56:42
35596587,Ingatlan kép,x-ker,elado,https://ingatlan.com/35596587,35596587.html,2026-10-08 17:56:47
35492412,Ingatlan kép,x-ker,elado,https://ingatlan.com/35492412,35492412.html,2026-10-08 17:57:04
35490243,Ingatlan kép,x-ker,elado,https://ingatlan.com/35490243,35490243.html,2026-10-08 17:57:07
35605488,Ingatlan kép,x-ker,elado,https://ingatlan.com/35605488,35605488.html,2026-10-08 17:57:11
35435398,Ingatlan kép,x-ker,elado,https://ingatlan.com/35435398,35435398.html,2026-10-08 17:57:15
35149623,Ingatlan kép,x-ker,elado,https://ingatlan.com/35149623,35149623.html,2026-10-08 17:57:18
35225467,Ingatlan kép,x-ker,elado,https://ingatlan.com/35225467,35225467.html,2026-10-08 17:57:22
33337965,Ingatlan kép,x-ker,elado,https://ingatlan.com/33337965,33337965.html,2026-10-08 17:57:26
35539524,Ingatlan kép,x-ker,elado,https://ingatlan.com/35539524,35539524.html,2026-10-08 17:57:29
35486517,Ingatlan kép,x-ker,elado,https://ingatlan.com/35486517,35486517.html,2026-10-08 17:57:33
35484279,Ingatlan kép,x-ker,elado,https://ingatlan.com/35484279,35484279.html,2026-10-08 17:57:37
34689555,Ingatlan kép,x-ker,elado,https://ingatlan.com/34689555,34689555.html,2026-10-08 17:57:42
35314337,Ingatlan kép,x-ker,elado,https://ingatlan.com/35314337,35314337.html,2026-10-08 17:57:46
35462587,Ingatlan kép,x-ker,elado,https://ingatlan.com/35462587,35462587.html,2026-10-08 17:57:49
35368887,Ingatlan kép,x-ker,elado,https://ingatlan.com/35368887,35368887.html,2026-10-08 17:57:52
35601902,Ingatlan kép,x-ker,elado,https://ingatlan.com/35601902,35601902.html,2026-10-08 17:57:55
35584610,Ingatlan kép,x-ker,elado,https://ingatlan.com/35584610,35584610.html,2026-10-08 17:58:00
35597566,Ingatlan kép,x-ker,elado,https://ingatlan.com/35597566,35597566.html,2026-10-08 17:58:04
35369143,Ingatlan kép,x-ker,elado,https://ingatlan.com/35369143,35369143.html,2026-10-08 17:58:08
35563283,Ingatlan kép,x-ker,elado,https://ingatlan.com/35563283,35563283.html,2026-10-08 17:58:12
35557619,Ingatlan kép,x-ker,elado,https://ingatlan.com/35557619,35557619.html,2026-10-08 17:58:15
35226715,Ingatlan kép,x-ker,elado,https://ingatlan.com/35226715,35226715.html,2026-10-08 17:58:19
35484623,Ingatlan kép,x-ker,elado,https://ingatlan.com/35484623,35484623.html,2026-10-08 17:58:23
35522487,Ingatlan kép,x-ker,elado,https://ingatlan.com/35522487,35522487.html,2026-10-08 17:58:28
35521625,Ingatlan kép,x-ker,elado,https://ingatlan.com/35521625,35521625.html,2026-10-08 17:58:31
35196998,Ingatlan kép,x-ker,elado,https://ingatlan.com/35196998,35196998.html,2026-10-08 17:58:34
35549624,Ingatlan kép,x-ker,elado,https://ingatlan.com/35549624,35549624.html,2026-10-08 17:58:38
34495766,Ingatlan kép,x-ker,elado,https://ingatlan.com/34495766,34495766.html,2026-10-08 17:58:42
26858550,Nincs kép,x-ker,elado,https://ingatlan.com/26858550,26858550.html,2026-10-08 17:58:45
33918876,Ingatlan kép,x-ker,elado,https://ingatlan.com/33918876,33918876.html,2026-10-08 17:58:50
35457380,Ingatlan kép,x-ker,elado,https://ingatlan.com/35457380,35457380.html,2026-10-08 17:58:53
35010892,Ingatlan kép,x-ker,elado,https://ingatlan.com/35010892,35010892.html,2026-10-08 17:58:56
35350274,Ingatlan kép,x-ker,elado,https://ingatlan.com/35350274,35350274.html,2026-10-08 17:59:01
35569938,Ingatlan kép,x-ker,elado,https://ingatlan.com/35569938,35569938.html,2026-10-08 17:59:04
35587966,Ingatlan kép,x-ker,elado,https://ingatlan.com/35587966,35587966.html,2026-10-08 17:59:08
35575626,Ingatlan kép,x-ker,elado,https://ingatlan.com/35575626,35575626.html,2026-10-08 17:59:11
35575499,Ingatlan kép,x-ker,elado,https://ingatlan.com/35575499,35575499.html,2026-10-08 17:59:16
35475416,Ingatlan kép,x-ker,elado,https://ingatlan.com/35475416,35475416.html,2026-10-08 17:59:20
35374023,Nincs kép,x-ker,elado,https://ingatlan.com/35374023,35374023.html,2026-10-08 17:59:24
34885895,Ingatlan kép,x-ker,elado,https://ingatlan.com/34885895,34885895.html,2026-10-08 17:59:28
35511200,Ingatlan kép,x-ker,elado,https://ingatlan.com/35511200,35511200.html,2026-10-08 17:59:32
34620084,Nincs kép,x-ker,elado,https://ingatlan.com/34620084,34620084.html,2026-10-08 17:59:35
35516821,Ingatlan kép,x-ker,elado,https://ingatlan.com/35516821,35516821.html,2026-10-08 17:59:40
35251259,Ingatlan kép,x-ker,elado,https://ingatlan.com/35251259,35251259.html,2026-10-08 17:59:44
35416047,Ingatlan kép,x-ker,elado,https://ingatlan.com/35416047,35416047.html,2026-10-08 17:59:48
35236353,Ingatlan kép,x-ker,elado,https://ingatlan.com/35236353,35236353.html,2026-10-08 17:59:52
35544047,Ingatlan kép,x-ker,elado,https://ingatlan.com/35544047,35544047.html,2026-10-08 17:59:56
35599521,Ingatlan kép,x-ker,elado,https://ingatlan.com/35599521,35599521.html,2026-10-08 17:59:59
35599508,Ingatlan kép,x-ker,elado,https://ingatlan.com/35599508,35599508.html,2026-10-08 18:00:04
35460664,Ingatlan kép,x-ker,elado,https://ingatlan.com/35460664,35460664.html,2026-10-08 18:00:07
35460616,Ingatlan kép,x-ker,elado,https://ingatlan.com/35460616,35460616.html,2026-10-08 18:00:11
35294199,Nincs kép,x-ker,elado,https://ingatlan.com/35294199,35294199.html,2026-10-08 18:00:16
35462633,Ingatlan kép,x-ker,elado,https://ingatlan.com/35462633,35462633.html,2026-10-08 18:00:20
35383294,Ingatlan kép,x-ker,elado,https://ingatlan.com/35383294,35383294.html,2026-10-08 18:00:24
35462880,Ingatlan kép,x-ker,elado,https://ingatlan.com/35462880,35462880.html,2026-10-08 18:00:29
35462635,Ingatlan kép,x-ker,elado,https://ingatlan.com/35462635,35462635.html,2026-10-08 18:00:33
35460620,Ingatlan kép,x-ker,elado,https://ingatlan.com/35460620,35460620.html,2026-10-08 18:00:37
35460591,Ingatlan kép,x-ker,elado,https://ingatlan.com/35460591,35460591.html,2026-10-08 18:00:41
35471024,Ingatlan kép,x-ker,elado,https://ingatlan.com/35471024,35471024.html,2026-10-08 18:00:45
35612707,Ingatlan kép,x-ker,elado,https://ingatlan.com/35612707,35612707.html,2026-10-08 18:00:48
35460678,Ingatlan kép,x-ker,elado,https://ingatlan.com/35460678,35460678.html,2026-10-08 18:00:52
35599510,Ingatlan kép,x-ker,elado,https://ingatlan.com/35599510,35599510.html,2026-10-08 18:00:57
35601635,Ingatlan kép,x-ker,elado,https://ingatlan.com/35601635,35601635.html,2026-10-08 18:01:01
35575124,Ingatlan kép,x-ker,elado,https://ingatlan.com/35575124,35575124.html,2026-10-08 18:01:22
35460656,Ingatlan kép,x-ker,elado,https://ingatlan.com/35460656,35460656.html,2026-10-08 18:01:26
35466870,Ingatlan kép,x-ker,elado,https://ingatlan.com/35466870,35466870.html,2026-10-08 18:01:30
35490240,Ingatlan kép,x-ker,elado,https://ingatlan.com/35490240,35490240.html,2026-10-08 18:01:34
33126632,Nincs kép,x-ker,elado,https://ingatlan.com/33126632,33126632.html,2026-10-08 18:01:37
35550867,Ingatlan kép,x-ker,elado,https://ingatlan.com/35550867,35550867.html,2026-10-08 18:01:41
35318417,Nincs kép,x-ker,elado,https://ingatlan.com/35318417,35318417.html,2026-10-08 18:01:44
35568910,Ingatlan kép,x-ker,elado,https://ingatlan.com/35568910,35568910.html,2026-10-08 18:01:48
35599106,Ingatlan kép,x-ker,elado,https://ingatlan.com/35599106,35599106.html,2026-10-08 18:01:52
35597696,Ingatlan kép,x-ker,elado,https://ingatlan.com/35597696,35597696.html,2026-10-08 18:01:55
35611724,Ingatlan kép,x-ker,elado,https://ingatlan.com/35611724,35611724.html,2026-10-08 18:01:58
35460594,Ingatlan kép,x-ker,elado,https://ingatlan.com/35460594,35460594.html,2026-10-08 18:02:03
35576205,Ingatlan kép,x-ker,elado,https://ingatlan.com/35576205,35576205.html,2026-10-08 18:02:07
34229223,Nincs kép,x-ker,elado,https://ingatlan.com/34229223,34229223.html,2026-10-08 18:02:10
34757421,Ingatlan kép,x-ker,elado,https://ingatlan.com/34757421,34757421.html,2026-10-08 18:02:13
35611506,Ingatlan kép,x-ker,elado,https://ingatlan.com/35611506,35611506.html,2026-10-08 18:02:17
35462903,Ingatlan kép,x-ker,elado,https://ingatlan.com/35462903,35462903.html,2026-10-08 18:02:20
35460613,Ingatlan kép,x-ker,elado,https://ingatlan.com/35460613,35460613.html,2026-10-08 18:02:24
35597978,Ingatlan kép,x-ker,elado,https://ingatlan.com/35597978,35597978.html,2026-10-08 18:02:27
35570434,Ingatlan kép,x-ker,elado,https://ingatlan.com/35570434,35570434.html,2026-10-08 18:02:30
35511814,Ingatlan kép,x-ker,elado,https://ingatlan.com/35511814,35511814.html,2026-10-08 18:02:33
35107288,Nincs kép,x-ker,elado,https://ingatlan.com/35107288,35107288.html,2026-10-08 18:02:37
35570386,Ingatlan kép,x-ker,elado,https://ingatlan.com/35570386,35570386.html,2026-10-08 18:02:40
35545908,Ingatlan kép,x-ker,elado,https://ingatlan.com/35545908,35545908.html,2026-10-08 18:02:44
35273160,Ingatlan kép,x-ker,elado,https://ingatlan.com/35273160,35273160.html,2026-10-08 18:02:47
35463626,Ingatlan kép,x-ker,elado,https://ingatlan.com/35463626,35463626.html,2026-10-08 18:02:52
35572696,Ingatlan kép,x-ker,elado,https://ingatlan.com/35572696,35572696.html,2026-10-08 18:02:55
35372892,Ingatlan kép,x-ker,elado,https://ingatlan.com/35372892,35372892.html,2026-10-08 18:03:01
35320992,Ingatlan kép,x-ker,elado,https://ingatlan.com/35320992,35320992.html,2026-10-08 18:03:05
34711189,Nincs kép,x-ker,elado,https://ingatlan.com/34711189,34711189.html,2026-10-08 18:03:08
35471940,Ingatlan kép,x-ker,elado,https://ingatlan.com/35471940,35471940.html,2026-10-08 18:03:12
35443735,Ingatlan kép,x-ker,elado,https://ingatlan.com/35443735,35443735.html,2026-10-08 18:03:17
35188492,Ingatlan kép,x-ker,elado,https://ingatlan.com/35188492,35188492.html,2026-10-08 18:03:20
35152949,Ingatlan kép,x-ker,elado,https://ingatlan.com/35152949,35152949.html,2026-10-08 18:03:24
33203915,Ingatlan kép,x-ker,elado,https://ingatlan.com/33203915,33203915.html,2026-10-08 18:03:28
35128253,Ingatlan kép,x-ker,elado,https://ingatlan.com/35128253,35128253.html,2026-10-08 18:03:31
33501685,Nincs kép,x-ker,elado,https://ingatlan.com/33501685,33501685.html,2026-10-08 18:03:35
33256485,Ingatlan kép,x-ker,elado,https://ingatlan.com/33256485,33256485.html,2026-10-08 18:03:39
35601992,Ingatlan kép,x-ker,elado,https://ingatlan.com/35601992,35601992.html,2026-10-08 18:03:43
35569641,Ingatlan kép,x-ker,elado,https://ingatlan.com/35569641,35569641.html,2026-10-08 18:03:46
35550395,Ingatlan kép,x-ker,elado,https://ingatlan.com/35550395,35550395.html,2026-10-08 18:03:49
35250603,Ingatlan kép,x-ker,elado,https://ingatlan.com/35250603,35250603.html,2026-10-08 18:03:53
35415439,Ingatlan kép,x-ker,elado,https://ingatlan.com/35415439,35415439.html,2026-10-08 18:03:57
35575492,Ingatlan kép,x-ker,elado,https://ingatlan.com/35575492,35575492.html,2026-10-08 18:04:19
34985186,Ingatlan kép,x-ker,elado,https://ingatlan.com/34985186,34985186.html,2026-10-08 18:04:48
35361635,Ingatlan kép,x-ker,elado,https://ingatlan.com/35361635,35361635.html,2026-10-08 18:05:15
35347125,Ingatlan kép,x-ker,elado,https://ingatlan.com/35347125,35347125.html,2026-10-08 18:05:40
35571058,Ingatlan kép,x-ker,elado,https://ingatlan.com/35571058,35571058.html,2026-10-08 18:05:48
35464339,Ingatlan kép,x-ker,elado,https://ingatlan.com/35464339,35464339.html,2026-10-08 18:06:00
35464312,Ingatlan kép,x-ker,elado,https://ingatlan.com/35464312,35464312.html,2026-10-08 18:06:04
35462592,Ingatlan kép,x-ker,elado,https://ingatlan.com/35462592,35462592.html,2026-10-08 18:06:11
35464323,Ingatlan kép,x-ker,elado,https://ingatlan.com/35464323,35464323.html,2026-10-08 18:06:15
35464291,Ingatlan kép,x-ker,elado,https://ingatlan.com/35464291,35464291.html,2026-10-08 18:06:19
35462916,Ingatlan kép,x-ker,elado,https://ingatlan.com/35462916,35462916.html,2026-10-08 18:06:23
35462915,Ingatlan kép,x-ker,elado,https://ingatlan.com/35462915,35462915.html,2026-10-08 18:06:27
35462599,Ingatlan kép,x-ker,elado,https://ingatlan.com/35462599,35462599.html,2026-10-08 18:06:31
35354273,Ingatlan kép,x-ker,elado,https://ingatlan.com/35354273,35354273.html,2026-10-08 18:06:35
35568764,Ingatlan kép,x-ker,elado,https://ingatlan.com/35568764,35568764.html,2026-10-08 18:06:39
35464364,Ingatlan kép,x-ker,elado,https://ingatlan.com/35464364,35464364.html,2026-10-08 18:06:50
35464356,Ingatlan kép,x-ker,elado,https://ingatlan.com/35464356,35464356.html,2026-10-08 18:06:55
35462978,Ingatlan kép,x-ker,elado,https://ingatlan.com/35462978,35462978.html,2026-10-08 18:06:58
35462926,Ingatlan kép,x-ker,elado,https://ingatlan.com/35462926,35462926.html,2026-10-08 18:07:03
35462921,Ingatlan kép,x-ker,elado,https://ingatlan.com/35462921,35462921.html,2026-10-08 18:07:06
35462905,Ingatlan kép,x-ker,elado,https://ingatlan.com/35462905,35462905.html,2026-10-08 18:07:09
35462612,Ingatlan kép,x-ker,elado,https://ingatlan.com/35462612,35462612.html,2026-10-08 18:07:13
35569761,Ingatlan kép,x-ker,elado,https://ingatlan.com/35569761,35569761.html,2026-10-08 18:07:17
35464332,Ingatlan kép,x-ker,elado,https://ingatlan.com/35464332,35464332.html,2026-10-08 18:07:21
35462971,Ingatlan kép,x-ker,elado,https://ingatlan.com/35462971,35462971.html,2026-10-08 18:07:24
35462646,Ingatlan kép,x-ker,elado,https://ingatlan.com/35462646,35462646.html,2026-10-08 18:07:29
35362975,Ingatlan kép,x-ker,elado,https://ingatlan.com/35362975,35362975.html,2026-10-08 18:07:32
35355985,Ingatlan kép,x-ker,elado,https://ingatlan.com/35355985,35355985.html,2026-10-08 18:07:35
35355635,Nincs kép,x-ker,elado,https://ingatlan.com/35355635,35355635.html,2026-10-08 18:07:39
35338438,Nincs kép,x-ker,elado,https://ingatlan.com/35338438,35338438.html,2026-10-08 18:07:43
35068026,Ingatlan kép,x-ker,elado,https://ingatlan.com/35068026,35068026.html,2026-10-08 18:07:47
34879555,Ingatlan kép,x-ker,elado,https://ingatlan.com/34879555,34879555.html,2026-10-08 18:07:51
35434777,Ingatlan kép,x-ker,elado,https://ingatlan.com/35434777,35434777.html,2026-10-08 18:07:54
35613185,Ingatlan kép,x-ker,elado,https://ingatlan.com/35613185,35613185.html,2026-10-08 18:07:58
35360873,Ingatlan kép,x-ker,elado,https://ingatlan.com/35360873,35360873.html,2026-10-08 18:08:01
35599178,Ingatlan kép,x-ker,elado,https://ingatlan.com/35599178,35599178.html,2026-10-08 18:08:04
35460605,Ingatlan kép,x-ker,elado,https://ingatlan.com/35460605,35460605.html,2026-10-08 18:08:08
35563379,Ingatlan kép,x-ker,elado,https://ingatlan.com/35563379,35563379.html,2026-10-08 18:08:11
35464304,Ingatlan kép,x-ker,elado,https://ingatlan.com/35464304,35464304.html,2026-10-08 18:08:15
35462656,Ingatlan kép,x-ker,elado,https://ingatlan.com/35462656,35462656.html,2026-10-08 18:08:19
35461206,Ingatlan kép,x-ker,elado,https://ingatlan.com/35461206,35461206.html,2026-10-08 18:08:23
35278813,Ingatlan kép,x-ker,elado,https://ingatlan.com/35278813,35278813.html,2026-10-08 18:08:26
35251451,Ingatlan kép,x-ker,elado,https://ingatlan.com/35251451,35251451.html,2026-10-08 18:08:30
35223222,Nincs kép,x-ker,elado,https://ingatlan.com/35223222,35223222.html,2026-10-08 18:08:35
35209421,Nincs kép,x-ker,elado,https://ingatlan.com/35209421,35209421.html,2026-10-08 18:08:38
35192811,Nincs kép,x-ker,elado,https://ingatlan.com/35192811,35192811.html,2026-10-08 18:08:43
35186466,Ingatlan kép,x-ker,elado,https://ingatlan.com/35186466,35186466.html,2026-10-08 18:08:46
34477061,Nincs kép,x-ker,elado,https://ingatlan.com/34477061,34477061.html,2026-10-08 18:08:49
35187119,Ingatlan kép,x-ker,elado,https://ingatlan.com/35187119,35187119.html,2026-10-08 18:08:53
35598197,Ingatlan kép,x-ker,elado,https://ingatlan.com/35598197,35598197.html,2026-10-08 18:08:57
35133550,Nincs kép,x-ker,elado,https://ingatlan.com/35133550,35133550.html,2026-10-08 18:09:01
35044014,Nincs kép,x-ker,elado,https://ingatlan.com/35044014,35044014.html,2026-10-08 18:09:05
35033656,Ingatlan kép,x-ker,elado,https://ingatlan.com/35033656,35033656.html,2026-10-08 18:09:08
34888467,Ingatlan kép,x-ker,elado,https://ingatlan.com/34888467,34888467.html,2026-10-08 18:09:13
34298917,Nincs kép,x-ker,elado,https://ingatlan.com/34298917,34298917.html,2026-10-08 18:09:17
35445666,Ingatlan kép,x-ker,elado,https://ingatlan.com/35445666,35445666.html,2026-10-08 18:09:21
35603369,Ingatlan kép,x-ker,elado,https://ingatlan.com/35603369,35603369.html,2026-10-08 18:09:25
35599332,Ingatlan kép,x-ker,elado,https://ingatlan.com/35599332,35599332.html,2026-10-08 18:09:29
35443897,Ingatlan kép,x-ker,elado,https://ingatlan.com/35443897,35443897.html,2026-10-08 18:09:32
34980261,Ingatlan kép,x-ker,elado,https://ingatlan.com/34980261,34980261.html,2026-10-08 18:09:36
35423010,Ingatlan kép,x-ker,elado,https://ingatlan.com/35423010,35423010.html,2026-10-08 18:09:39
35502298,Ingatlan kép,x-ker,elado,https://ingatlan.com/35502298,35502298.html,2026-10-08 18:09:43
35547469,Ingatlan kép,x-ker,elado,https://ingatlan.com/35547469,35547469.html,2026-10-08 18:09:46
34803994,Ingatlan kép,x-ker,elado,https://ingatlan.com/34803994,34803994.html,2026-10-08 18:09:50
35617562,Ingatlan kép,x-ker,elado,https://ingatlan.com/35617562,35617562.html,2026-10-08 18:09:53
35582405,Ingatlan kép,x-ker,elado,https://ingatlan.com/35582405,35582405.html,2026-10-08 18:09:57
35514380,Ingatlan kép,x-ker,elado,https://ingatlan.com/35514380,35514380.html,2026-10-08 18:10:01
35603403,Ingatlan kép,x-ker,elado,https://ingatlan.com/35603403,35603403.html,2026-10-08 18:10:05
34283877,Ingatlan kép,x-ker,elado,https://ingatlan.com/34283877,34283877.html,2026-10-08 18:10:09
35614696,Ingatlan kép,x-ker,elado,https://ingatlan.com/35614696,35614696.html,2026-10-08 18:10:13
34283864,Ingatlan kép,x-ker,elado,https://ingatlan.com/34283864,34283864.html,2026-10-08 18:10:18
35617559,Ingatlan kép,x-ker,elado,https://ingatlan.com/35617559,35617559.html,2026-10-08 18:10:22
33934678,Ingatlan kép,x-ker,elado,https://ingatlan.com/33934678,33934678.html,2026-10-08 18:10:26
35600905,Ingatlan kép,x-ker,elado,https://ingatlan.com/35600905,35600905.html,2026-10-08 18:10:29
34733464,Ingatlan kép,x-ker,elado,https://ingatlan.com/34733464,34733464.html,2026-10-08 18:10:33
35616937,Ingatlan kép,x-ker,elado,https://ingatlan.com/35616937,35616937.html,2026-10-08 18:10:50
35375204,Ingatlan kép,x-ker,elado,https://ingatlan.com/35375204,35375204.html,2026-10-08 18:10:54
35582716,Nincs kép,x-ker,elado,https://ingatlan.com/35582716,35582716.html,2026-10-08 18:10:58
34734042,Ingatlan kép,x-ker,elado,https://ingatlan.com/34734042,34734042.html,2026-10-08 18:11:01
35223334,Ingatlan kép,x-ker,elado,https://ingatlan.com/35223334,35223334.html,2026-10-08 18:11:05
35588380,Ingatlan kép,x-ker,elado,https://ingatlan.com/35588380,35588380.html,2026-10-08 18:11:09
34283891,Ingatlan kép,x-ker,elado,https://ingatlan.com/34283891,34283891.html,2026-10-08 18:11:13
35249096,Ingatlan kép,x-ker,elado,https://ingatlan.com/35249096,35249096.html,2026-10-08 18:11:18
35569106,Ingatlan kép,x-ker,elado,https://ingatlan.com/35569106,35569106.html,2026-10-08 18:11:22
34803922,Ingatlan kép,x-ker,elado,https://ingatlan.com/34803922,34803922.html,2026-10-08 18:11:27
35623510,Nincs kép,x-ker,elado,https://ingatlan.com/35623510,35623510.html,2026-10-08 18:11:31
35623442,Ingatlan kép,x-ker,elado,https://ingatlan.com/35623442,35623442.html,2026-10-08 18:11:35
35623244,Ingatlan kép,x-ker,elado,https://ingatlan.com/35623244,35623244.html,2026-10-08 18:11:38
35623183,Ingatlan kép,x-ker,elado,https://ingatlan.com/35623183,35623183.html,2026-10-08 18:11:42
35623000,Nincs kép,x-ker,elado,https://ingatlan.com/35623000,35623000.html,2026-10-08 18:11:46
35622989,Ingatlan kép,x-ker,elado,https://ingatlan.com/35622989,35622989.html,2026-10-08 18:11:50
35622841,Ingatlan kép,x-ker,elado,https://ingatlan.com/35622841,35622841.html,2026-10-08 18:11:54
35622830,Ingatlan kép,x-ker,elado,https://ingatlan.com/35622830,35622830.html,2026-10-08 18:11:58
35622766,Ingatlan kép,x-ker,elado,https://ingatlan.com/35622766,35622766.html,2026-10-08 18:12:02
35622679,Nincs kép,x-ker,elado,https://ingatlan.com/35622679,35622679.html,2026-10-08 18:12:06
35622128,Ingatlan kép,x-ker,elado,https://ingatlan.com/35622128,35622128.html,2026-10-08 18:12:10
35622061,Ingatlan kép,x-ker,elado,https://ingatlan.com/35622061,35622061.html,2026-10-08 18:12:15
35621975,Ingatlan kép,x-ker,elado,https://ingatlan.com/35621975,35621975.html,2026-10-08 18:12:19
35621905,Ingatlan kép,x-ker,elado,https://ingatlan.com/35621905,35621905.html,2026-10-08 18:12:23
35621588,Ingatlan kép,x-ker,elado,https://ingatlan.com/35621588,35621588.html,2026-10-08 18:12:27
35621014,Ingatlan kép,x-ker,elado,https://ingatlan.com/35621014,35621014.html,2026-10-08 18:12:31
35620342,Nincs kép,x-ker,elado,https://ingatlan.com/35620342,35620342.html,2026-10-08 18:12:34
35620311,Ingatlan kép,x-ker,elado,https://ingatlan.com/35620311,35620311.html,2026-10-08 18:12:38
35620310,Ingatlan kép,x-ker,elado,https://ingatlan.com/35620310,35620310.html,2026-10-08 18:12:41
35619943,Ingatlan kép,x-ker,elado,https://ingatlan.com/35619943,35619943.html,2026-10-08 18:12:45
35619635,Ingatlan kép,x-ker,elado,https://ingatlan.com/35619635,35619635.html,2026-10-08 18:12:49
35619346,Ingatlan kép,x-ker,elado,https://ingatlan.com/35619346,35619346.html,2026-10-08 18:12:53
35619124,Ingatlan kép,x-ker,elado,https://ingatlan.com/35619124,35619124.html,2026-10-08 18:12:57
35619016,Ingatlan kép,x-ker,elado,https://ingatlan.com/35619016,35619016.html,2026-10-08 18:13:01
35619014,Ingatlan kép,x-ker,elado,https://ingatlan.com/35619014,35619014.html,2026-10-08 18:13:04
35618915,Ingatlan kép,x-ker,elado,https://ingatlan.com/35618915,35618915.html,2026-10-08 18:13:08
35618910,Ingatlan kép,x-ker,elado,https://ingatlan.com/35618910,35618910.html,2026-10-08 18:13:12
35618313,Ingatlan kép,x-ker,elado,https://ingatlan.com/35618313,35618313.html,2026-10-08 18:13:15
35618123,Ingatlan kép,x-ker,elado,https://ingatlan.com/35618123,35618123.html,2026-10-08 18:13:19
35618106,Ingatlan kép,x-ker,elado,https://ingatlan.com/35618106,35618106.html,2026-10-08 18:13:23
35617116,Ingatlan kép,x-ker,elado,https://ingatlan.com/35617116,35617116.html,2026-10-08 18:13:27
35616723,Ingatlan kép,x-ker,elado,https://ingatlan.com/35616723,35616723.html,2026-10-08 18:13:32
35616642,Nincs kép,x-ker,elado,https://ingatlan.com/35616642,35616642.html,2026-10-08 18:13:36
35615425,Nincs kép,x-ker,elado,https://ingatlan.com/35615425,35615425.html,2026-10-08 18:13:40
35614960,Ingatlan kép,x-ker,elado,https://ingatlan.com/35614960,35614960.html,2026-10-08 18:13:44
35614752,Ingatlan kép,x-ker,elado,https://ingatlan.com/35614752,35614752.html,2026-10-08 18:13:48
35614035,Nincs kép,x-ker,elado,https://ingatlan.com/35614035,35614035.html,2026-10-08 18:13:51
35613691,Ingatlan kép,x-ker,elado,https://ingatlan.com/35613691,35613691.html,2026-10-08 18:13:55
35613562,Nincs kép,x-ker,elado,https://ingatlan.com/35613562,35613562.html,2026-10-08 18:13:58
35613274,Ingatlan kép,x-ker,elado,https://ingatlan.com/35613274,35613274.html,2026-10-08 18:14:02
35612912,Ingatlan kép,x-ker,elado,https://ingatlan.com/35612912,35612912.html,2026-10-08 18:14:05
35612489,Ingatlan kép,x-ker,elado,https://ingatlan.com/35612489,35612489.html,2026-10-08 18:14:10
35612459,Ingatlan kép,x-ker,elado,https://ingatlan.com/35612459,35612459.html,2026-10-08 18:14:14
35612455,Ingatlan kép,x-ker,elado,https://ingatlan.com/35612455,35612455.html,2026-10-08 18:14:18
35612333,Ingatlan kép,x-ker,elado,https://ingatlan.com/35612333,35612333.html,2026-10-08 18:14:23
35611737,Ingatlan kép,x-ker,elado,https://ingatlan.com/35611737,35611737.html,2026-10-08 18:14:27
35610488,Ingatlan kép,x-ker,elado,https://ingatlan.com/35610488,35610488.html,2026-10-08 18:14:30
35610356,Ingatlan kép,x-ker,elado,https://ingatlan.com/35610356,35610356.html,2026-10-08 18:14:34
35609644,Ingatlan kép,x-ker,elado,https://ingatlan.com/35609644,35609644.html,2026-10-08 18:14:38
35609152,Ingatlan kép,x-ker,elado,https://ingatlan.com/35609152,35609152.html,2026-10-08 18:14:58
35608541,Ingatlan kép,x-ker,elado,https://ingatlan.com/35608541,35608541.html,2026-10-08 18:15:01
35607519,Ingatlan kép,x-ker,elado,https://ingatlan.com/35607519,35607519.html,2026-10-08 18:15:05
35607498,Ingatlan kép,x-ker,elado,https://ingatlan.com/35607498,35607498.html,2026-10-08 18:15:09
35607330,Ingatlan kép,x-ker,elado,https://ingatlan.com/35607330,35607330.html,2026-10-08 18:15:13
35607293,Ingatlan kép,x-ker,elado,https://ingatlan.com/35607293,35607293.html,2026-10-08 18:15:17
35607031,Ingatlan kép,x-ker,elado,https://ingatlan.com/35607031,35607031.html,2026-10-08 18:15:21
35600243,Ingatlan kép,x-ker,elado,https://ingatlan.com/35600243,35600243.html,2026-10-08 18:15:26
35605700,Ingatlan kép,x-ker,elado,https://ingatlan.com/35605700,35605700.html,2026-10-08 18:15:29
35605178,Ingatlan kép,x-ker,elado,https://ingatlan.com/35605178,35605178.html,2026-10-08 18:15:34
35604174,Ingatlan kép,x-ker,elado,https://ingatlan.com/35604174,35604174.html,2026-10-08 18:15:39
35603760,Ingatlan kép,x-ker,elado,https://ingatlan.com/35603760,35603760.html,2026-10-08 18:15:42
35603411,Nincs kép,x-ker,elado,https://ingatlan.com/35603411,35603411.html,2026-10-08 18:15:46
35602708,Ingatlan kép,x-ker,elado,https://ingatlan.com/35602708,35602708.html,2026-10-08 18:15:50
35601832,Nincs kép,x-ker,elado,https://ingatlan.com/35601832,35601832.html,2026-10-08 18:15:54
35601577,Ingatlan kép,x-ker,elado,https://ingatlan.com/35601577,35601577.html,2026-10-08 18:15:58
35600549,Ingatlan kép,x-ker,elado,https://ingatlan.com/35600549,35600549.html,2026-10-08 18:16:02
35599868,Ingatlan kép,x-ker,elado,https://ingatlan.com/35599868,35599868.html,2026-10-08 18:16:07
35599210,Ingatlan kép,x-ker,elado,https://ingatlan.com/35599210,35599210.html,2026-10-08 18:16:10
35598467,Ingatlan kép,x-ker,elado,https://ingatlan.com/35598467,35598467.html,2026-10-08 18:16:14
35598232,Nincs kép,x-ker,elado,https://ingatlan.com/35598232,35598232.html,2026-10-08 18:16:18
35597444,Nincs kép,x-ker,elado,https://ingatlan.com/35597444,35597444.html,2026-10-08 18:16:23
35597310,Ingatlan kép,x-ker,elado,https://ingatlan.com/35597310,35597310.html,2026-10-08 18:16:27
35597194,Nincs kép,x-ker,elado,https://ingatlan.com/35597194,35597194.html,2026-10-08 18:16:31
35596919,Ingatlan kép,x-ker,elado,https://ingatlan.com/35596919,35596919.html,2026-10-08 18:16:35
35596769,Ingatlan kép,x-ker,elado,https://ingatlan.com/35596769,35596769.html,2026-10-08 18:16:39
35595394,Ingatlan kép,x-ker,elado,https://ingatlan.com/35595394,35595394.html,2026-10-08 18:16:43
35595353,Ingatlan kép,x-ker,elado,https://ingatlan.com/35595353,35595353.html,2026-10-08 18:16:47
35595033,Ingatlan kép,x-ker,elado,https://ingatlan.com/35595033,35595033.html,2026-10-08 18:16:52
35594779,Nincs kép,x-ker,elado,https://ingatlan.com/35594779,35594779.html,2026-10-08 18:16:55
35592784,Ingatlan kép,x-ker,elado,https://ingatlan.com/35592784,35592784.html,2026-10-08 18:16:58
35590742,Ingatlan kép,x-ker,elado,https://ingatlan.com/35590742,35590742.html,2026-10-08 18:17:03
35590621,Ingatlan kép,x-ker,elado,https://ingatlan.com/35590621,35590621.html,2026-10-08 18:17:07
35590594,Ingatlan kép,x-ker,elado,https://ingatlan.com/35590594,35590594.html,2026-10-08 18:17:10
35590367,Nincs kép,x-ker,elado,https://ingatlan.com/35590367,35590367.html,2026-10-08 18:17:13
35589092,Ingatlan kép,x-ker,elado,https://ingatlan.com/35589092,35589092.html,2026-10-08 18:17:17
35588988,Nincs kép,x-ker,elado,https://ingatlan.com/35588988,35588988.html,2026-10-08 18:17:22
35588811,Nincs kép,x-ker,elado,https://ingatlan.com/35588811,35588811.html,2026-10-08 18:17:25
35588740,Nincs kép,x-ker,elado,https://ingatlan.com/35588740,35588740.html,2026-10-08 18:17:29
35588430,Ingatlan kép,x-ker,elado,https://ingatlan.com/35588430,35588430.html,2026-10-08 18:17:33
35588078,Ingatlan kép,x-ker,elado,https://ingatlan.com/35588078,35588078.html,2026-10-08 18:17:37
35587513,Nincs kép,x-ker,elado,https://ingatlan.com/35587513,35587513.html,2026-10-08 18:17:41
35587487,Nincs kép,x-ker,elado,https://ingatlan.com/35587487,35587487.html,2026-10-08 18:17:44
35587237,Nincs kép,x-ker,elado,https://ingatlan.com/35587237,35587237.html,2026-10-08 18:17:48
35587180,Ingatlan kép,x-ker,elado,https://ingatlan.com/35587180,35587180.html,2026-10-08 18:17:52
35586837,Ingatlan kép,x-ker,elado,https://ingatlan.com/35586837,35586837.html,2026-10-08 18:17:57
35586644,Ingatlan kép,x-ker,elado,https://ingatlan.com/35586644,35586644.html,2026-10-08 18:18:00
35586450,Ingatlan kép,x-ker,elado,https://ingatlan.com/35586450,35586450.html,2026-10-08 18:18:03
35585662,Nincs kép,x-ker,elado,https://ingatlan.com/35585662,35585662.html,2026-10-08 18:18:08
35585337,Nincs kép,x-ker,elado,https://ingatlan.com/35585337,35585337.html,2026-10-08 18:18:12
35584924,Ingatlan kép,x-ker,elado,https://ingatlan.com/35584924,35584924.html,2026-10-08 18:18:16
35584783,Nincs kép,x-ker,elado,https://ingatlan.com/35584783,35584783.html,2026-10-08 18:18:19
35584673,Ingatlan kép,x-ker,elado,https://ingatlan.com/35584673,35584673.html,2026-10-08 18:18:23
35583379,Nincs kép,x-ker,elado,https://ingatlan.com/35583379,35583379.html,2026-10-08 18:18:27
35582453,Ingatlan kép,x-ker,elado,https://ingatlan.com/35582453,35582453.html,2026-10-08 18:18:31
35581444,Ingatlan kép,x-ker,elado,https://ingatlan.com/35581444,35581444.html,2026-10-08 18:18:34
35581287,Nincs kép,x-ker,elado,https://ingatlan.com/35581287,35581287.html,2026-10-08 18:18:39
35579875,Ingatlan kép,x-ker,elado,https://ingatlan.com/35579875,35579875.html,2026-10-08 18:18:43
35579832,Nincs kép,x-ker,elado,https://ingatlan.com/35579832,35579832.html,2026-10-08 18:18:46
35579740,Nincs kép,x-ker,elado,https://ingatlan.com/35579740,35579740.html,2026-10-08 18:19:06
35579338,Ingatlan kép,x-ker,elado,https://ingatlan.com/35579338,35579338.html,2026-10-08 18:19:10
35578951,Ingatlan kép,x-ker,elado,https://ingatlan.com/35578951,35578951.html,2026-10-08 18:19:13
35578798,Ingatlan kép,x-ker,elado,https://ingatlan.com/35578798,35578798.html,2026-10-08 18:19:17
35578610,Ingatlan kép,x-ker,elado,https://ingatlan.com/35578610,35578610.html,2026-10-08 18:19:21
35578399,Nincs kép,x-ker,elado,https://ingatlan.com/35578399,35578399.html,2026-10-08 18:19:24
35578152,Nincs kép,x-ker,elado,https://ingatlan.com/35578152,35578152.html,2026-10-08 18:19:28
35577752,Ingatlan kép,x-ker,elado,https://ingatlan.com/35577752,35577752.html,2026-10-08 18:19:32
35575475,Nincs kép,x-ker,elado,https://ingatlan.com/35575475,35575475.html,2026-10-08 18:19:36
35575121,Ingatlan kép,x-ker,elado,https://ingatlan.com/35575121,35575121.html,2026-10-08 18:19:40
35574106,Nincs kép,x-ker,elado,https://ingatlan.com/35574106,35574106.html,2026-10-08 18:19:44
35573889,Ingatlan kép,x-ker,elado,https://ingatlan.com/35573889,35573889.html,2026-10-08 18:19:46
35573047,Nincs kép,x-ker,elado,https://ingatlan.com/35573047,35573047.html,2026-10-08 18:19:51
35572977,Ingatlan kép,x-ker,elado,https://ingatlan.com/35572977,35572977.html,2026-10-08 18:19:55
35572204,Ingatlan kép,x-ker,elado,https://ingatlan.com/35572204,35572204.html,2026-10-08 18:19:59
35572099,Nincs kép,x-ker,elado,https://ingatlan.com/35572099,35572099.html,2026-10-08 18:20:03
35572000,Ingatlan kép,x-ker,elado,https://ingatlan.com/35572000,35572000.html,2026-10-08 18:20:06
35571746,Nincs kép,x-ker,elado,https://ingatlan.com/35571746,35571746.html,2026-10-08 18:20:10
35571138,Ingatlan kép,x-ker,elado,https://ingatlan.com/35571138,35571138.html,2026-10-08 18:20:13
35570520,Ingatlan kép,x-ker,elado,https://ingatlan.com/35570520,35570520.html,2026-10-08 18:20:17
35569815,Ingatlan kép,x-ker,elado,https://ingatlan.com/35569815,35569815.html,2026-10-08 18:20:20
35569135,Ingatlan kép,x-ker,elado,https://ingatlan.com/35569135,35569135.html,2026-10-08 18:20:24
35568698,Nincs kép,x-ker,elado,https://ingatlan.com/35568698,35568698.html,2026-10-08 18:20:28
35567644,Ingatlan kép,x-ker,elado,https://ingatlan.com/35567644,35567644.html,2026-10-08 18:20:31
35567355,Ingatlan kép,x-ker,elado,https://ingatlan.com/35567355,35567355.html,2026-10-08 18:20:36
35567047,Ingatlan kép,x-ker,elado,https://ingatlan.com/35567047,35567047.html,2026-10-08 18:20:40
35566913,Ingatlan kép,x-ker,elado,https://ingatlan.com/35566913,35566913.html,2026-10-08 18:20:44
35565650,Ingatlan kép,x-ker,elado,https://ingatlan.com/35565650,35565650.html,2026-10-08 18:20:47
35565376,Ingatlan kép,x-ker,elado,https://ingatlan.com/35565376,35565376.html,2026-10-08 18:20:51
35565161,Ingatlan kép,x-ker,elado,https://ingatlan.com/35565161,35565161.html,2026-10-08 18:20:55
35564196,Ingatlan kép,x-ker,elado,https://ingatlan.com/35564196,35564196.html,2026-10-08 18:20:58
35563811,Ingatlan kép,x-ker,elado,https://ingatlan.com/35563811,35563811.html,2026-10-08 18:21:02
35563635,Ingatlan kép,x-ker,elado,https://ingatlan.com/35563635,35563635.html,2026-10-08 18:21:06
35563203,Nincs kép,x-ker,elado,https://ingatlan.com/35563203,35563203.html,2026-10-08 18:21:10
35563180,Ingatlan kép,x-ker,elado,https://ingatlan.com/35563180,35563180.html,2026-10-08 18:21:14
35562713,Ingatlan kép,x-ker,elado,https://ingatlan.com/35562713,35562713.html,2026-10-08 18:21:18
35561549,Ingatlan kép,x-ker,elado,https://ingatlan.com/35561549,35561549.html,2026-10-08 18:21:21
35561489,Ingatlan kép,x-ker,elado,https://ingatlan.com/35561489,35561489.html,2026-10-08 18:21:25
35560961,Ingatlan kép,x-ker,elado,https://ingatlan.com/35560961,35560961.html,2026-10-08 18:21:28
35560947,Ingatlan kép,x-ker,elado,https://ingatlan.com/35560947,35560947.html,2026-10-08 18:21:32
35559815,Ingatlan kép,x-ker,elado,https://ingatlan.com/35559815,35559815.html,2026-10-08 18:21:36
35559732,Ingatlan kép,x-ker,elado,https://ingatlan.com/35559732,35559732.html,2026-10-08 18:21:40
35559724,Ingatlan kép,x-ker,elado,https://ingatlan.com/35559724,35559724.html,2026-10-08 18:21:44
35559720,Ingatlan kép,x-ker,elado,https://ingatlan.com/35559720,35559720.html,2026-10-08 18:21:48
35559717,Ingatlan kép,x-ker,elado,https://ingatlan.com/35559717,35559717.html,2026-10-08 18:21:52
35559716,Ingatlan kép,x-ker,elado,https://ingatlan.com/35559716,35559716.html,2026-10-08 18:21:56
35559711,Ingatlan kép,x-ker,elado,https://ingatlan.com/35559711,35559711.html,2026-10-08 18:22:01
35559706,Ingatlan kép,x-ker,elado,https://ingatlan.com/35559706,35559706.html,2026-10-08 18:22:05
35559701,Ingatlan kép,x-ker,elado,https://ingatlan.com/35559701,35559701.html,2026-10-08 18:22:09
35559349,Ingatlan kép,x-ker,elado,https://ingatlan.com/35559349,35559349.html,2026-10-08 18:22:13
35559331,Ingatlan kép,x-ker,elado,https://ingatlan.com/35559331,35559331.html,2026-10-08 18:22:17
35559322,Ingatlan kép,x-ker,elado,https://ingatlan.com/35559322,35559322.html,2026-10-08 18:22:20
35558810,Ingatlan kép,x-ker,elado,https://ingatlan.com/35558810,35558810.html,2026-10-08 18:22:25
35556631,Nincs kép,x-ker,elado,https://ingatlan.com/35556631,35556631.html,2026-10-08 18:22:29
35556560,Nincs kép,x-ker,elado,https://ingatlan.com/35556560,35556560.html,2026-10-08 18:22:32
35555475,Ingatlan kép,x-ker,elado,https://ingatlan.com/35555475,35555475.html,2026-10-08 18:22:36
35553584,Ingatlan kép,x-ker,elado,https://ingatlan.com/35553584,35553584.html,2026-10-08 18:22:40
35549705,Ingatlan kép,x-ker,elado,https://ingatlan.com/35549705,35549705.html,2026-10-08 18:22:44
35548394,Ingatlan kép,x-ker,elado,https://ingatlan.com/35548394,35548394.html,2026-10-08 18:22:48
35548391,Ingatlan kép,x-ker,elado,https://ingatlan.com/35548391,35548391.html,2026-10-08 18:23:03
35548389,Ingatlan kép,x-ker,elado,https://ingatlan.com/35548389,35548389.html,2026-10-08 18:23:07
35548388,Ingatlan kép,x-ker,elado,https://ingatlan.com/35548388,35548388.html,2026-10-08 18:23:12
35547833,Ingatlan kép,x-ker,elado,https://ingatlan.com/35547833,35547833.html,2026-10-08 18:23:16
35547815,Ingatlan kép,x-ker,elado,https://ingatlan.com/35547815,35547815.html,2026-10-08 18:23:20
35546440,Ingatlan kép,x-ker,elado,https://ingatlan.com/35546440,35546440.html,2026-10-08 18:23:24
35546378,Ingatlan kép,x-ker,elado,https://ingatlan.com/35546378,35546378.html,2026-10-08 18:23:28
35546177,Ingatlan kép,x-ker,elado,https://ingatlan.com/35546177,35546177.html,2026-10-08 18:23:32
35545314,Ingatlan kép,x-ker,elado,https://ingatlan.com/35545314,35545314.html,2026-10-08 18:23:36
35543339,Ingatlan kép,x-ker,elado,https://ingatlan.com/35543339,35543339.html,2026-10-08 18:23:39
35543325,Nincs kép,x-ker,elado,https://ingatlan.com/35543325,35543325.html,2026-10-08 18:23:43
35542493,Ingatlan kép,x-ker,elado,https://ingatlan.com/35542493,35542493.html,2026-10-08 18:23:46
35542316,Nincs kép,x-ker,elado,https://ingatlan.com/35542316,35542316.html,2026-10-08 18:23:49
35542312,Nincs kép,x-ker,elado,https://ingatlan.com/35542312,35542312.html,2026-10-08 18:23:53
35541868,Ingatlan kép,x-ker,elado,https://ingatlan.com/35541868,35541868.html,2026-10-08 18:23:57
35541114,Nincs kép,x-ker,elado,https://ingatlan.com/35541114,35541114.html,2026-10-08 18:24:01
35540615,Nincs kép,x-ker,elado,https://ingatlan.com/35540615,35540615.html,2026-10-08 18:24:04
35538792,Ingatlan kép,x-ker,elado,https://ingatlan.com/35538792,35538792.html,2026-10-08 18:24:08
35537643,Ingatlan kép,x-ker,elado,https://ingatlan.com/35537643,35537643.html,2026-10-08 18:24:11
35537384,Ingatlan kép,x-ker,elado,https://ingatlan.com/35537384,35537384.html,2026-10-08 18:24:15
35526330,Ingatlan kép,x-ker,elado,https://ingatlan.com/35526330,35526330.html,2026-10-08 18:24:19
35536430,Ingatlan kép,x-ker,elado,https://ingatlan.com/35536430,35536430.html,2026-10-08 18:24:23
35535248,Ingatlan kép,x-ker,elado,https://ingatlan.com/35535248,35535248.html,2026-10-08 18:24:26
35533905,Nincs kép,x-ker,elado,https://ingatlan.com/35533905,35533905.html,2026-10-08 18:24:29
35533206,Ingatlan kép,x-ker,elado,https://ingatlan.com/35533206,35533206.html,2026-10-08 18:24:33
35532080,Nincs kép,x-ker,elado,https://ingatlan.com/35532080,35532080.html,2026-10-08 18:24:37
35532043,Nincs kép,x-ker,elado,https://ingatlan.com/35532043,35532043.html,2026-10-08 18:24:41
35529108,Nincs kép,x-ker,elado,https://ingatlan.com/35529108,35529108.html,2026-10-08 18:24:45
35528706,Ingatlan kép,x-ker,elado,https://ingatlan.com/35528706,35528706.html,2026-10-08 18:24:48
35528614,Ingatlan kép,x-ker,elado,https://ingatlan.com/35528614,35528614.html,2026-10-08 18:24:53
35528610,Ingatlan kép,x-ker,elado,https://ingatlan.com/35528610,35528610.html,2026-10-08 18:24:55
35528605,Ingatlan kép,x-ker,elado,https://ingatlan.com/35528605,35528605.html,2026-10-08 18:24:59
35528603,Ingatlan kép,x-ker,elado,https://ingatlan.com/35528603,35528603.html,2026-10-08 18:25:02
35528595,Ingatlan kép,x-ker,elado,https://ingatlan.com/35528595,35528595.html,2026-10-08 18:25:06
35528531,Ingatlan kép,x-ker,elado,https://ingatlan.com/35528531,35528531.html,2026-10-08 18:25:10
35527346,Nincs kép,x-ker,elado,https://ingatlan.com/35527346,35527346.html,2026-10-08 18:25:14
35527132,Ingatlan kép,x-ker,elado,https://ingatlan.com/35527132,35527132.html,2026-10-08 18:25:18
35526412,Ingatlan kép,x-ker,elado,https://ingatlan.com/35526412,35526412.html,2026-10-08 18:25:22
35523188,Ingatlan kép,x-ker,elado,https://ingatlan.com/35523188,35523188.html,2026-10-08 18:25:25
35522815,Ingatlan kép,x-ker,elado,https://ingatlan.com/35522815,35522815.html,2026-10-08 18:25:29
35522571,Ingatlan kép,x-ker,elado,https://ingatlan.com/35522571,35522571.html,2026-10-08 18:25:33
35518406,Ingatlan kép,x-ker,elado,https://ingatlan.com/35518406,35518406.html,2026-10-08 18:25:36
35517095,Ingatlan kép,x-ker,elado,https://ingatlan.com/35517095,35517095.html,2026-10-08 18:25:39
35516491,Nincs kép,x-ker,elado,https://ingatlan.com/35516491,35516491.html,2026-10-08 18:25:43
35516282,Nincs kép,x-ker,elado,https://ingatlan.com/35516282,35516282.html,2026-10-08 18:25:46
35516234,Nincs kép,x-ker,elado,https://ingatlan.com/35516234,35516234.html,2026-10-08 18:25:50
35515957,Ingatlan kép,x-ker,elado,https://ingatlan.com/35515957,35515957.html,2026-10-08 18:25:54
35515946,Ingatlan kép,x-ker,elado,https://ingatlan.com/35515946,35515946.html,2026-10-08 18:25:58
35513762,Nincs kép,x-ker,elado,https://ingatlan.com/35513762,35513762.html,2026-10-08 18:26:02
35513329,Ingatlan kép,x-ker,elado,https://ingatlan.com/35513329,35513329.html,2026-10-08 18:26:06
35512364,Nincs kép,x-ker,elado,https://ingatlan.com/35512364,35512364.html,2026-10-08 18:26:10
35511383,Ingatlan kép,x-ker,elado,https://ingatlan.com/35511383,35511383.html,2026-10-08 18:26:14
35510576,Ingatlan kép,x-ker,elado,https://ingatlan.com/35510576,35510576.html,2026-10-08 18:26:17
35506816,Ingatlan kép,x-ker,elado,https://ingatlan.com/35506816,35506816.html,2026-10-08 18:26:22
35506813,Ingatlan kép,x-ker,elado,https://ingatlan.com/35506813,35506813.html,2026-10-08 18:26:25
35506808,Ingatlan kép,x-ker,elado,https://ingatlan.com/35506808,35506808.html,2026-10-08 18:26:28
35504783,Ingatlan kép,x-ker,elado,https://ingatlan.com/35504783,35504783.html,2026-10-08 18:26:32
35500932,Ingatlan kép,x-ker,elado,https://ingatlan.com/35500932,35500932.html,2026-10-08 18:26:36
35499244,Ingatlan kép,x-ker,elado,https://ingatlan.com/35499244,35499244.html,2026-10-08 18:26:40
35498347,Ingatlan kép,x-ker,elado,https://ingatlan.com/35498347,35498347.html,2026-10-08 18:26:54
35498344,Ingatlan kép,x-ker,elado,https://ingatlan.com/35498344,35498344.html,2026-10-08 18:26:58
35497406,Nincs kép,x-ker,elado,https://ingatlan.com/35497406,35497406.html,2026-10-08 18:27:02
35496582,Nincs kép,x-ker,elado,https://ingatlan.com/35496582,35496582.html,2026-10-08 18:27:06
35495505,Ingatlan kép,x-ker,elado,https://ingatlan.com/35495505,35495505.html,2026-10-08 18:27:09
35493201,Ingatlan kép,x-ker,elado,https://ingatlan.com/35493201,35493201.html,2026-10-08 18:27:13
35492813,Ingatlan kép,x-ker,elado,https://ingatlan.com/35492813,35492813.html,2026-10-08 18:27:17
35490392,Nincs kép,x-ker,elado,https://ingatlan.com/35490392,35490392.html,2026-10-08 18:27:21
35487720,Nincs kép,x-ker,elado,https://ingatlan.com/35487720,35487720.html,2026-10-08 18:27:25
35486816,Ingatlan kép,x-ker,elado,https://ingatlan.com/35486816,35486816.html,2026-10-08 18:27:28
35486693,Ingatlan kép,x-ker,elado,https://ingatlan.com/35486693,35486693.html,2026-10-08 18:27:31
35484531,Ingatlan kép,x-ker,elado,https://ingatlan.com/35484531,35484531.html,2026-10-08 18:27:35
35483920,Ingatlan kép,x-ker,elado,https://ingatlan.com/35483920,35483920.html,2026-10-08 18:27:38
35482071,Ingatlan kép,x-ker,elado,https://ingatlan.com/35482071,35482071.html,2026-10-08 18:27:42
35480273,Ingatlan kép,x-ker,elado,https://ingatlan.com/35480273,35480273.html,2026-10-08 18:27:46
35479699,Ingatlan kép,x-ker,elado,https://ingatlan.com/35479699,35479699.html,2026-10-08 18:27:49
35476511,Ingatlan kép,x-ker,elado,https://ingatlan.com/35476511,35476511.html,2026-10-08 18:27:53
35472533,Ingatlan kép,x-ker,elado,https://ingatlan.com/35472533,35472533.html,2026-10-08 18:27:57
35470471,Ingatlan kép,x-ker,elado,https://ingatlan.com/35470471,35470471.html,2026-10-08 18:28:01
35470459,Nincs kép,x-ker,elado,https://ingatlan.com/35470459,35470459.html,2026-10-08 18:28:05
35470457,Nincs kép,x-ker,elado,https://ingatlan.com/35470457,35470457.html,2026-10-08 18:28:09
35469797,Ingatlan kép,x-ker,elado,https://ingatlan.com/35469797,35469797.html,2026-10-08 18:28:13
35469761,Ingatlan kép,x-ker,elado,https://ingatlan.com/35469761,35469761.html,2026-10-08 18:28:17
35469396,Ingatlan kép,x-ker,elado,https://ingatlan.com/35469396,35469396.html,2026-10-08 18:28:20
35468896,Ingatlan kép,x-ker,elado,https://ingatlan.com/35468896,35468896.html,2026-10-08 18:28:24
35466270,Ingatlan kép,x-ker,elado,https://ingatlan.com/35466270,35466270.html,2026-10-08 18:28:28
35464789,Nincs kép,x-ker,elado,https://ingatlan.com/35464789,35464789.html,2026-10-08 18:28:33
35464748,Ingatlan kép,x-ker,elado,https://ingatlan.com/35464748,35464748.html,2026-10-08 18:28:36
35464317,Ingatlan kép,x-ker,elado,https://ingatlan.com/35464317,35464317.html,2026-10-08 18:28:39
35462944,Ingatlan kép,x-ker,elado,https://ingatlan.com/35462944,35462944.html,2026-10-08 18:28:44
35460596,Ingatlan kép,x-ker,elado,https://ingatlan.com/35460596,35460596.html,2026-10-08 18:28:47
35459679,Nincs kép,x-ker,elado,https://ingatlan.com/35459679,35459679.html,2026-10-08 18:28:50
35458423,Ingatlan kép,x-ker,elado,https://ingatlan.com/35458423,35458423.html,2026-10-08 18:28:55
35458417,Ingatlan kép,x-ker,elado,https://ingatlan.com/35458417,35458417.html,2026-10-08 18:28:58
35457435,Ingatlan kép,x-ker,elado,https://ingatlan.com/35457435,35457435.html,2026-10-08 18:29:02
35457292,Nincs kép,x-ker,elado,https://ingatlan.com/35457292,35457292.html,2026-10-08 18:29:05
35456186,Ingatlan kép,x-ker,elado,https://ingatlan.com/35456186,35456186.html,2026-10-08 18:29:09
35455148,Ingatlan kép,x-ker,elado,https://ingatlan.com/35455148,35455148.html,2026-10-08 18:29:12
35453147,Nincs kép,x-ker,elado,https://ingatlan.com/35453147,35453147.html,2026-10-08 18:29:15
35452491,Ingatlan kép,x-ker,elado,https://ingatlan.com/35452491,35452491.html,2026-10-08 18:29:19
35450191,Ingatlan kép,x-ker,elado,https://ingatlan.com/35450191,35450191.html,2026-10-08 18:29:22
35448929,Ingatlan kép,x-ker,elado,https://ingatlan.com/35448929,35448929.html,2026-10-08 18:29:25
35448080,Ingatlan kép,x-ker,elado,https://ingatlan.com/35448080,35448080.html,2026-10-08 18:29:29
35445965,Ingatlan kép,x-ker,elado,https://ingatlan.com/35445965,35445965.html,2026-10-08 18:29:32
35444869,Ingatlan kép,x-ker,elado,https://ingatlan.com/35444869,35444869.html,2026-10-08 18:29:36
35444838,Ingatlan kép,x-ker,elado,https://ingatlan.com/35444838,35444838.html,2026-10-08 18:29:39
35443797,Nincs kép,x-ker,elado,https://ingatlan.com/35443797,35443797.html,2026-10-08 18:29:44
35442601,Ingatlan kép,x-ker,elado,https://ingatlan.com/35442601,35442601.html,2026-10-08 18:29:48
35439488,Ingatlan kép,x-ker,elado,https://ingatlan.com/35439488,35439488.html,2026-10-08 18:29:51
35436979,Nincs kép,x-ker,elado,https://ingatlan.com/35436979,35436979.html,2026-10-08 18:29:54
35431286,Nincs kép,x-ker,elado,https://ingatlan.com/35431286,35431286.html,2026-10-08 18:29:57
35429714,Ingatlan kép,x-ker,elado,https://ingatlan.com/35429714,35429714.html,2026-10-08 18:30:01
35429608,Ingatlan kép,x-ker,elado,https://ingatlan.com/35429608,35429608.html,2026-10-08 18:30:05
35428856,Ingatlan kép,x-ker,elado,https://ingatlan.com/35428856,35428856.html,2026-10-08 18:30:08
35428175,Ingatlan kép,x-ker,elado,https://ingatlan.com/35428175,35428175.html,2026-10-08 18:30:12
35426805,Nincs kép,x-ker,elado,https://ingatlan.com/35426805,35426805.html,2026-10-08 18:30:16
35425699,Ingatlan kép,x-ker,elado,https://ingatlan.com/35425699,35425699.html,2026-10-08 18:30:19
35424750,Ingatlan kép,x-ker,elado,https://ingatlan.com/35424750,35424750.html,2026-10-08 18:30:23
35424269,Nincs kép,x-ker,elado,https://ingatlan.com/35424269,35424269.html,2026-10-08 18:30:27
35423313,Ingatlan kép,x-ker,elado,https://ingatlan.com/35423313,35423313.html,2026-10-08 18:30:30
35422199,Ingatlan kép,x-ker,elado,https://ingatlan.com/35422199,35422199.html,2026-10-08 18:30:34
35421304,Ingatlan kép,x-ker,elado,https://ingatlan.com/35421304,35421304.html,2026-10-08 18:30:52
35416494,Ingatlan kép,x-ker,elado,https://ingatlan.com/35416494,35416494.html,2026-10-08 18:30:56
35416085,Nincs kép,x-ker,elado,https://ingatlan.com/35416085,35416085.html,2026-10-08 18:30:59
35410628,Ingatlan kép,x-ker,elado,https://ingatlan.com/35410628,35410628.html,2026-10-08 18:31:03
35410373,Ingatlan kép,x-ker,elado,https://ingatlan.com/35410373,35410373.html,2026-10-08 18:31:06
35408020,Ingatlan kép,x-ker,elado,https://ingatlan.com/35408020,35408020.html,2026-10-08 18:31:09
35407756,Nincs kép,x-ker,elado,https://ingatlan.com/35407756,35407756.html,2026-10-08 18:31:12
35407013,Nincs kép,x-ker,elado,https://ingatlan.com/35407013,35407013.html,2026-10-08 18:31:15
35405855,Nincs kép,x-ker,elado,https://ingatlan.com/35405855,35405855.html,2026-10-08 18:31:19
35405269,Nincs kép,x-ker,elado,https://ingatlan.com/35405269,35405269.html,2026-10-08 18:31:24
35402723,Nincs kép,x-ker,elado,https://ingatlan.com/35402723,35402723.html,2026-10-08 18:31:28
35402079,Ingatlan kép,x-ker,elado,https://ingatlan.com/35402079,35402079.html,2026-10-08 18:31:31
35402055,Ingatlan kép,x-ker,elado,https://ingatlan.com/35402055,35402055.html,2026-10-08 18:31:34
35400469,Ingatlan kép,x-ker,elado,https://ingatlan.com/35400469,35400469.html,2026-10-08 18:31:38
35398262,Nincs kép,x-ker,elado,https://ingatlan.com/35398262,35398262.html,2026-10-08 18:31:41
35397323,Ingatlan kép,x-ker,elado,https://ingatlan.com/35397323,35397323.html,2026-10-08 18:31:45
35394550,Ingatlan kép,x-ker,elado,https://ingatlan.com/35394550,35394550.html,2026-10-08 18:31:49
35393410,Ingatlan kép,x-ker,elado,https://ingatlan.com/35393410,35393410.html,2026-10-08 18:31:53
35391178,Ingatlan kép,x-ker,elado,https://ingatlan.com/35391178,35391178.html,2026-10-08 18:31:58
35390532,Ingatlan kép,x-ker,elado,https://ingatlan.com/35390532,35390532.html,2026-10-08 18:32:01
35388156,Nincs kép,x-ker,elado,https://ingatlan.com/35388156,35388156.html,2026-10-08 18:32:06
35387846,Nincs kép,x-ker,elado,https://ingatlan.com/35387846,35387846.html,2026-10-08 18:32:10
35385744,Ingatlan kép,x-ker,elado,https://ingatlan.com/35385744,35385744.html,2026-10-08 18:32:14
35377466,Ingatlan kép,x-ker,elado,https://ingatlan.com/35377466,35377466.html,2026-10-08 18:32:18
35375292,Ingatlan kép,x-ker,elado,https://ingatlan.com/35375292,35375292.html,2026-10-08 18:32:21
35374278,Ingatlan kép,x-ker,elado,https://ingatlan.com/35374278,35374278.html,2026-10-08 18:32:25
35373169,Ingatlan kép,x-ker,elado,https://ingatlan.com/35373169,35373169.html,2026-10-08 18:32:28
35372871,Ingatlan kép,x-ker,elado,https://ingatlan.com/35372871,35372871.html,2026-10-08 18:32:32
35367984,Ingatlan kép,x-ker,elado,https://ingatlan.com/35367984,35367984.html,2026-10-08 18:32:35
35367619,Ingatlan kép,x-ker,elado,https://ingatlan.com/35367619,35367619.html,2026-10-08 18:32:40
35365821,Nincs kép,x-ker,elado,https://ingatlan.com/35365821,35365821.html,2026-10-08 18:32:43
35365071,Ingatlan kép,x-ker,elado,https://ingatlan.com/35365071,35365071.html,2026-10-08 18:32:47
35362092,Nincs kép,x-ker,elado,https://ingatlan.com/35362092,35362092.html,2026-10-08 18:32:51
35361462,Nincs kép,x-ker,elado,https://ingatlan.com/35361462,35361462.html,2026-10-08 18:32:54
35359856,Nincs kép,x-ker,elado,https://ingatlan.com/35359856,35359856.html,2026-10-08 18:32:57
35345028,Ingatlan kép,x-ker,elado,https://ingatlan.com/35345028,35345028.html,2026-10-08 18:33:02
35338701,Ingatlan kép,x-ker,elado,https://ingatlan.com/35338701,35338701.html,2026-10-08 18:33:05
35337511,Ingatlan kép,x-ker,elado,https://ingatlan.com/35337511,35337511.html,2026-10-08 18:33:08
35334300,Nincs kép,x-ker,elado,https://ingatlan.com/35334300,35334300.html,2026-10-08 18:33:11
35334244,Ingatlan kép,x-ker,elado,https://ingatlan.com/35334244,35334244.html,2026-10-08 18:33:14
35330065,Ingatlan kép,x-ker,elado,https://ingatlan.com/35330065,35330065.html,2026-10-08 18:33:17
35325577,Ingatlan kép,x-ker,elado,https://ingatlan.com/35325577,35325577.html,2026-10-08 18:33:21
35325361,Ingatlan kép,x-ker,elado,https://ingatlan.com/35325361,35325361.html,2026-10-08 18:33:25
35318573,Nincs kép,x-ker,elado,https://ingatlan.com/35318573,35318573.html,2026-10-08 18:33:28
35308160,Nincs kép,x-ker,elado,https://ingatlan.com/35308160,35308160.html,2026-10-08 18:33:33
35307559,Ingatlan kép,x-ker,elado,https://ingatlan.com/35307559,35307559.html,2026-10-08 18:33:36
35304468,Nincs kép,x-ker,elado,https://ingatlan.com/35304468,35304468.html,2026-10-08 18:33:39
35300961,Ingatlan kép,x-ker,elado,https://ingatlan.com/35300961,35300961.html,2026-10-08 18:33:43
35299589,Ingatlan kép,x-ker,elado,https://ingatlan.com/35299589,35299589.html,2026-10-08 18:33:47
35299166,Ingatlan kép,x-ker,elado,https://ingatlan.com/35299166,35299166.html,2026-10-08 18:33:51
35292404,Nincs kép,x-ker,elado,https://ingatlan.com/35292404,35292404.html,2026-10-08 18:33:55
35292388,Ingatlan kép,x-ker,elado,https://ingatlan.com/35292388,35292388.html,2026-10-08 18:33:58
35291579,Ingatlan kép,x-ker,elado,https://ingatlan.com/35291579,35291579.html,2026-10-08 18:34:02
35291459,Ingatlan kép,x-ker,elado,https://ingatlan.com/35291459,35291459.html,2026-10-08 18:34:05
35288697,Ingatlan kép,x-ker,elado,https://ingatlan.com/35288697,35288697.html,2026-10-08 18:34:09
35287574,Nincs kép,x-ker,elado,https://ingatlan.com/35287574,35287574.html,2026-10-08 18:34:14
35287553,Ingatlan kép,x-ker,elado,https://ingatlan.com/35287553,35287553.html,2026-10-08 18:34:18
35285747,Ingatlan kép,x-ker,elado,https://ingatlan.com/35285747,35285747.html,2026-10-08 18:34:22
35283513,Ingatlan kép,x-ker,elado,https://ingatlan.com/35283513,35283513.html,2026-10-08 18:34:26
35274150,Ingatlan kép,x-ker,elado,https://ingatlan.com/35274150,35274150.html,2026-10-08 18:34:35
35264852,Nincs kép,x-ker,elado,https://ingatlan.com/35264852,35264852.html,2026-10-08 18:34:38
35253269,Ingatlan kép,x-ker,elado,https://ingatlan.com/35253269,35253269.html,2026-10-08 18:34:42
35252423,Ingatlan kép,x-ker,elado,https://ingatlan.com/35252423,35252423.html,2026-10-08 18:34:45
35252413,Ingatlan kép,x-ker,elado,https://ingatlan.com/35252413,35252413.html,2026-10-08 18:34:48
35252376,Ingatlan kép,x-ker,elado,https://ingatlan.com/35252376,35252376.html,2026-10-08 18:34:52
35235794,Ingatlan kép,x-ker,elado,https://ingatlan.com/35235794,35235794.html,2026-10-08 18:34:56
35235787,Ingatlan kép,x-ker,elado,https://ingatlan.com/35235787,35235787.html,2026-10-08 18:35:00
35235388,Ingatlan kép,x-ker,elado,https://ingatlan.com/35235388,35235388.html,2026-10-08 18:35:04
35233571,Ingatlan kép,x-ker,elado,https://ingatlan.com/35233571,35233571.html,2026-10-08 18:35:07
35231121,Ingatlan kép,x-ker,elado,https://ingatlan.com/35231121,35231121.html,2026-10-08 18:35:11
35214947,Ingatlan kép,x-ker,elado,https://ingatlan.com/35214947,35214947.html,2026-10-08 18:35:15
35214396,Ingatlan kép,x-ker,elado,https://ingatlan.com/35214396,35214396.html,2026-10-08 18:35:19
35203875,Nincs kép,x-ker,elado,https://ingatlan.com/35203875,35203875.html,2026-10-08 18:35:23
35200725,Nincs kép,x-ker,elado,https://ingatlan.com/35200725,35200725.html,2026-10-08 18:35:26
35195971,Ingatlan kép,x-ker,elado,https://ingatlan.com/35195971,35195971.html,2026-10-08 18:35:30
35189289,Nincs kép,x-ker,elado,https://ingatlan.com/35189289,35189289.html,2026-10-08 18:35:33
35188977,Ingatlan kép,x-ker,elado,https://ingatlan.com/35188977,35188977.html,2026-10-08 18:35:37
35188789,Ingatlan kép,x-ker,elado,https://ingatlan.com/35188789,35188789.html,2026-10-08 18:35:40
35179387,Nincs kép,x-ker,elado,https://ingatlan.com/35179387,35179387.html,2026-10-08 18:35:45
35163966,Nincs kép,x-ker,elado,https://ingatlan.com/35163966,35163966.html,2026-10-08 18:35:48
35156232,Nincs kép,x-ker,elado,https://ingatlan.com/35156232,35156232.html,2026-10-08 18:35:51
35147986,Ingatlan kép,x-ker,elado,https://ingatlan.com/35147986,35147986.html,2026-10-08 18:35:55
35117877,Nincs kép,x-ker,elado,https://ingatlan.com/35117877,35117877.html,2026-10-08 18:35:59
35108524,Ingatlan kép,x-ker,elado,https://ingatlan.com/35108524,35108524.html,2026-10-08 18:36:03
35093122,Nincs kép,x-ker,elado,https://ingatlan.com/35093122,35093122.html,2026-10-08 18:36:07
35082248,Ingatlan kép,x-ker,elado,https://ingatlan.com/35082248,35082248.html,2026-10-08 18:36:10
35079801,Ingatlan kép,x-ker,elado,https://ingatlan.com/35079801,35079801.html,2026-10-08 18:36:13
35079748,Ingatlan kép,x-ker,elado,https://ingatlan.com/35079748,35079748.html,2026-10-08 18:36:17
35074693,Ingatlan kép,x-ker,elado,https://ingatlan.com/35074693,35074693.html,2026-10-08 18:36:20
35067507,Ingatlan kép,x-ker,elado,https://ingatlan.com/35067507,35067507.html,2026-10-08 18:36:24
35049525,Ingatlan kép,x-ker,elado,https://ingatlan.com/35049525,35049525.html,2026-10-08 18:36:27
35049323,Ingatlan kép,x-ker,elado,https://ingatlan.com/35049323,35049323.html,2026-10-08 18:36:31
35022325,Nincs kép,x-ker,elado,https://ingatlan.com/35022325,35022325.html,2026-10-08 18:36:35
35019839,Ingatlan kép,x-ker,elado,https://ingatlan.com/35019839,35019839.html,2026-10-08 18:36:38
35016598,Ingatlan kép,x-ker,elado,https://ingatlan.com/35016598,35016598.html,2026-10-08 18:36:42
35012388,Nincs kép,x-ker,elado,https://ingatlan.com/35012388,35012388.html,2026-10-08 18:36:46
34988259,Ingatlan kép,x-ker,elado,https://ingatlan.com/34988259,34988259.html,2026-10-08 18:36:50
34952643,Ingatlan kép,x-ker,elado,https://ingatlan.com/34952643,34952643.html,2026-10-08 18:36:55
34952320,Ingatlan kép,x-ker,elado,https://ingatlan.com/34952320,34952320.html,2026-10-08 18:36:58
34909050,Ingatlan kép,x-ker,elado,https://ingatlan.com/34909050,34909050.html,2026-10-08 18:37:02
34908634,Nincs kép,x-ker,elado,https://ingatlan.com/34908634,34908634.html,2026-10-08 18:37:06
34883044,Ingatlan kép,x-ker,elado,https://ingatlan.com/34883044,34883044.html,2026-10-08 18:37:10
34879477,Ingatlan kép,x-ker,elado,https://ingatlan.com/34879477,34879477.html,2026-10-08 18:37:13
34858697,Ingatlan kép,x-ker,elado,https://ingatlan.com/34858697,34858697.html,2026-10-08 18:37:18
34849999,Ingatlan kép,x-ker,elado,https://ingatlan.com/34849999,34849999.html,2026-10-08 18:37:22
34826813,Ingatlan kép,x-ker,elado,https://ingatlan.com/34826813,34826813.html,2026-10-08 18:37:25
34759178,Ingatlan kép,x-ker,elado,https://ingatlan.com/34759178,34759178.html,2026-10-08 18:37:28
34730728,Ingatlan kép,x-ker,elado,https://ingatlan.com/34730728,34730728.html,2026-10-08 18:37:31
34716449,Nincs kép,x-ker,elado,https://ingatlan.com/34716449,34716449.html,2026-10-08 18:37:36
34647407,Nincs kép,x-ker,elado,https://ingatlan.com/34647407,34647407.html,2026-10-08 18:37:39
34641465,Nincs kép,x-ker,elado,https://ingatlan.com/34641465,34641465.html,2026-10-08 18:37:44
34624715,Ingatlan kép,x-ker,elado,https://ingatlan.com/34624715,34624715.html,2026-10-08 18:37:48
34606225,Nincs kép,x-ker,elado,https://ingatlan.com/34606225,34606225.html,2026-10-08 18:37:51
34422206,Ingatlan kép,x-ker,elado,https://ingatlan.com/34422206,34422206.html,2026-10-08 18:37:55
34418435,Nincs kép,x-ker,elado,https://ingatlan.com/34418435,34418435.html,2026-10-08 18:37:58
34283898,Ingatlan kép,x-ker,elado,https://ingatlan.com/34283898,34283898.html,2026-10-08 18:38:02
34272895,Ingatlan kép,x-ker,elado,https://ingatlan.com/34272895,34272895.html,2026-10-08 18:38:07
34255348,Ingatlan kép,x-ker,elado,https://ingatlan.com/34255348,34255348.html,2026-10-08 18:38:10
34085875,Ingatlan kép,x-ker,elado,https://ingatlan.com/34085875,34085875.html,2026-10-08 18:38:28
34084830,Ingatlan kép,x-ker,elado,https://ingatlan.com/34084830,34084830.html,2026-10-08 18:38:31
34046407,Nincs kép,x-ker,elado,https://ingatlan.com/34046407,34046407.html,2026-10-08 18:38:35
33939524,Nincs kép,x-ker,elado,https://ingatlan.com/33939524,33939524.html,2026-10-08 18:38:39
33887060,Ingatlan kép,x-ker,elado,https://ingatlan.com/33887060,33887060.html,2026-10-08 18:38:42
33844003,Ingatlan kép,x-ker,elado,https://ingatlan.com/33844003,33844003.html,2026-10-08 18:38:46
33843914,Ingatlan kép,x-ker,elado,https://ingatlan.com/33843914,33843914.html,2026-10-08 18:38:49
33545717,Nincs kép,x-ker,elado,https://ingatlan.com/33545717,33545717.html,2026-10-08 18:38:53
33192911,Ingatlan kép,x-ker,elado,https://ingatlan.com/33192911,33192911.html,2026-10-08 18:38:57
27963086,Ingatlan kép,x-ker,elado,https://ingatlan.com/27963086,27963086.html,2026-10-08 18:39:01
