id,title,district,category,url,local_file,download_timestamp
1915771917,"++NEU++ Generalsanierter 2-Zimmer-Altbau-Erstbezug mit 6 m² Loggia, Lift und Fußbodenheizung1020 Wien, 02. Bezirk, Leopoldstadt71m²2ZimmerLoggiaAdonia Realitätenvermittlung GmbH€ 7.449,30/m²€ 528.900",1020 (2. Leopoldstadt),elado,https://www.willhaben.at/iad/immobilien/d/eigentumswohnung/wien/wien-1020-leopoldstadt/-neu-generalsanierter-2-zimmer-altbau-erstbezug-mit-6-m-loggia-lift-und-fussbodenheizung-1915771917,1915771917.html,2026-10-08 14:49:40
901503075,"++NEU++ Mehr Platz fürs Leben! 4-Zimmer-Neubau-Erstbezug mit 11 m² Terrasse und 6 m² Loggia1020 Wien, 02. Bezirk, Leopoldstadt104m²4ZimmerTerrasse, LoggiaAdonia Realitätenvermittlung GmbH€ 8.450,96/m²€ 878.900",1020 (2. Leopoldstadt),elado,https://www.willhaben.at/iad/immobilien/d/eigentumswohnung/wien/wien-1020-leopoldstadt/-neu-mehr-platz-fuers-leben-4-zimmer-neubau-erstbezug-mit-11-m-terrasse-und-6-m-loggia-901503075,901503075.html,2026-10-08 14:49:43
2058040235,"++NEU++ 4-Zimmer-Penthouse-Erstbezug mit 11 m² Terrasse, Lift und Klimaanlage1020 Wien, 02. Bezirk, Leopoldstadt115m²4ZimmerTerrasseAdonia Realitätenvermittlung GmbH€ 9.120,87/m²€ 1.048.900",1020 (2. Leopoldstadt),elado,https://www.willhaben.at/iad/immobilien/d/eigentumswohnung/wien/wien-1020-leopoldstadt/-neu-4-zimmer-penthouse-erstbezug-mit-11-m-terrasse-lift-und-klimaanlage-2058040235,2058040235.html,2026-10-08 14:49:46
1169147245,"AM GRÜNEN PRATER - modernes Wohnen mit Freiraum in 1020 Wien1020 Wien, 02. Bezirk, Leopoldstadt66m²3ZimmerTerrasse, Balkon, Loggia, GartenRustler Immobilientreuhand GesmbH€ 7.106,06/m²€ 469.000",1020 (2. Leopoldstadt),elado,https://www.willhaben.at/iad/immobilien/d/eigentumswohnung/wien/wien-1020-leopoldstadt/am-gruenen-prater-modernes-wohnen-mit-freiraum-in-1020-wien-1169147245,1169147245.html,2026-10-08 14:49:52
1549019212,"++NEU++ Generalsanierter 2-Zimmer-Altbau-Erstbezug mit 7 m² Loggia, Lift und Fußbodenheizung1020 Wien, 02. Bezirk, Leopoldstadt63m²2ZimmerLoggiaAdonia Realitätenvermittlung GmbH€ 7.125,40/m²€ 448.900",1020 (2. Leopoldstadt),elado,https://www.willhaben.at/iad/immobilien/d/eigentumswohnung/wien/wien-1020-leopoldstadt/-neu-generalsanierter-2-zimmer-altbau-erstbezug-mit-7-m-loggia-lift-und-fussbodenheizung-1549019212,1549019212.html,2026-10-08 14:49:55
1648769758,"DACHGESCHOSS -MAISONETTE: 4-Zimmerwohnung mit Terrasse(ca.45m²) und PRATERBLICK1020 Wien, 02. Bezirk, Leopoldstadt, Stoffellagasse 7157m²4ZimmerTerrassebauwerk Immobilien GmbH€ 10.285,99/m²€ 1.614.900",1020 (2. Leopoldstadt),elado,https://www.willhaben.at/iad/immobilien/d/eigentumswohnung/wien/wien-1020-leopoldstadt/dachgeschoss-maisonette-4-zimmerwohnung-mit-terrasse-ca-45m-und-praterblick-1648769758,1648769758.html,2026-10-08 14:49:58
1788040639,"Elegante 2-Zimmer-Wohnung mit Balkon in gefragter Lage des 2. Bezirks1020 Wien, 02. Bezirk, Leopoldstadt59m²2ZimmerBalkonHyatt Immobilien GmbH€ 8.457,63/m²€ 499.000",1020 (2. Leopoldstadt),elado,https://www.willhaben.at/iad/immobilien/d/eigentumswohnung/wien/wien-1020-leopoldstadt/elegante-2-zimmer-wohnung-mit-balkon-in-gefragter-lage-des-2-bezirks-1788040639,1788040639.html,2026-10-08 14:50:04
842541383,"The Pearl: Komplett modernisierter 1‑Zimmer-Erstbezug - direkt am begehrten Karmelitermarkt1020 Wien, 02. Bezirk, Leopoldstadt, Große Schiffgasse 929m²1ZimmerLoggia3SI Makler GmbH€ 9.137,93/m²€ 265.000",1020 (2. Leopoldstadt),elado,https://www.willhaben.at/iad/immobilien/d/eigentumswohnung/wien/wien-1020-leopoldstadt/the-pearl-komplett-modernisierter-1-zimmer-erstbezug-direkt-am-begehrten-karmelitermarkt-842541383,842541383.html,2026-10-08 14:50:07
1420913396,"TOPLAGE | FERNBLICK | 36. ETAGE1020 Wien, 02. Bezirk, Leopoldstadt, Wehlistraße44m²2ZimmerLoggiaDECUS Immobilien GmbH€ 9.886,36/m²€ 435.000",1020 (2. Leopoldstadt),elado,https://www.willhaben.at/iad/immobilien/d/eigentumswohnung/wien/wien-1020-leopoldstadt/toplage-fernblick-36-etage-1420913396,1420913396.html,2026-10-08 14:50:10
1664735163,"DACHGESCHOSS - PRATERBLICK: 4-Zimmerwohnung mit Terrasse (rd.10m²)1020 Wien, 02. Bezirk, Leopoldstadt, Stoffellagasse 7112m²4ZimmerTerrasse, Loggiabauwerk Immobilien GmbH€ 11.463,39/m²€ 1.283.900",1020 (2. Leopoldstadt),elado,https://www.willhaben.at/iad/immobilien/d/eigentumswohnung/wien/wien-1020-leopoldstadt/dachgeschoss-praterblick-4-zimmerwohnung-mit-terrasse-rd-10m-1664735163,1664735163.html,2026-10-08 14:50:13
1730263350,"Mehr Raum für das, was zählt - Familienleben neu gedacht1020 Wien, 02. Bezirk, Leopoldstadt, Obere Donaustraße 23108m²4ZimmerBalkon, Loggia3SI Makler GmbH€ 9.435,19/m²€ 1.019.000",1020 (2. Leopoldstadt),elado,https://www.willhaben.at/iad/immobilien/d/eigentumswohnung/wien/wien-1020-leopoldstadt/mehr-raum-fuer-das-was-zaehlt-familienleben-neu-gedacht-1730263350,1730263350.html,2026-10-08 14:50:23
1433482393,"IM GRÜNEN - modernes Wohnen mit Freiraum in 1020 Wien1020 Wien, 02. Bezirk, Leopoldstadt74m²3ZimmerTerrasse, Balkon, Loggia, GartenRustler Immobilientreuhand GesmbH€ 8.770,27/m²€ 649.000",1020 (2. Leopoldstadt),elado,https://www.willhaben.at/iad/immobilien/d/eigentumswohnung/wien/wien-1020-leopoldstadt/im-gruenen-modernes-wohnen-mit-freiraum-in-1020-wien-1433482393,1433482393.html,2026-10-08 14:50:25
1953899211,"Willkommen im LeopoldQuartier LIVING1020 Wien, 02. Bezirk, Leopoldstadt, Obere Donaustraße51m²2ZimmerTerrasse, Loggia, GartenEHL Immobilien GmbH€ 9.058,82/m²€ 462.000",1020 (2. Leopoldstadt),elado,https://www.willhaben.at/iad/immobilien/d/eigentumswohnung/wien/wien-1020-leopoldstadt/willkommen-im-leopoldquartier-living-1953899211,1953899211.html,2026-10-08 14:50:29
949387187,"Zuhause, wo Wien am lebendigsten ist1020 Wien, 02. Bezirk, Leopoldstadt, Obere Donaustraße 2346m²2ZimmerBalkon, Loggia3SI Makler GmbH€ 9.543,48/m²€ 439.000",1020 (2. Leopoldstadt),elado,https://www.willhaben.at/iad/immobilien/d/eigentumswohnung/wien/wien-1020-leopoldstadt/zuhause-wo-wien-am-lebendigsten-ist-949387187,949387187.html,2026-10-08 14:50:31
1041318010,"2 Zimmer mit Außenfläche in urbaner Toplage1020 Wien, 02. Bezirk, Leopoldstadt, Obere Donaustraße 2346m²2ZimmerBalkon, Loggia3SI Makler GmbH€ 10.413,04/m²€ 479.000",1020 (2. Leopoldstadt),elado,https://www.willhaben.at/iad/immobilien/d/eigentumswohnung/wien/wien-1020-leopoldstadt/2-zimmer-mit-aussenflaeche-in-urbaner-toplage-1041318010,1041318010.html,2026-10-08 14:50:35
884786368,"Wohnen im Grünen: Wohnung beim Donaukanal mit Balkon1020 Wien, 02. Bezirk, Leopoldstadt, Obere Donaustraße 2336m²1ZimmerBalkon, Loggia3SI Makler GmbH€ 9.666,67/m²€ 348.000",1020 (2. Leopoldstadt),elado,https://www.willhaben.at/iad/immobilien/d/eigentumswohnung/wien/wien-1020-leopoldstadt/wohnen-im-gruenen-wohnung-beim-donaukanal-mit-balkon-884786368,884786368.html,2026-10-08 14:50:43
836110669,"Smart Living beim Donaukanal mit Balkon1020 Wien, 02. Bezirk, Leopoldstadt, Obere Donaustraße 2336m²1ZimmerBalkon, Loggia3SI Makler GmbH€ 11.111,11/m²€ 400.000",1020 (2. Leopoldstadt),elado,https://www.willhaben.at/iad/immobilien/d/eigentumswohnung/wien/wien-1020-leopoldstadt/smart-living-beim-donaukanal-mit-balkon-836110669,836110669.html,2026-10-08 14:50:45
855126232,"Ruhig & sonnig - genießen Sie Ihr Apartment mit Balkon mitten in der Stadt1020 Wien, 02. Bezirk, Leopoldstadt, Obere Donaustraße 2346m²1ZimmerBalkon, Loggia3SI Makler GmbH€ 8.478,26/m²€ 390.000",1020 (2. Leopoldstadt),elado,https://www.willhaben.at/iad/immobilien/d/eigentumswohnung/wien/wien-1020-leopoldstadt/ruhig-sonnig-geniessen-sie-ihr-apartment-mit-balkon-mitten-in-der-stadt-855126232,855126232.html,2026-10-08 14:50:48
1311683970,"EXKLUSIV | ATEMBERAUBENDER FERNBLICK | 2 ZIMMER WOHNTRAUM | 35. ETAGE1020 Wien, 02. Bezirk, Leopoldstadt, Wehlistraße54m²2ZimmerBalkonDECUS Immobilien GmbH€ 9.814,81/m²€ 530.000",1020 (2. Leopoldstadt),elado,https://www.willhaben.at/iad/immobilien/d/eigentumswohnung/wien/wien-1020-leopoldstadt/exklusiv-atemberaubender-fernblick-2-zimmer-wohntraum-35-etage-1311683970,1311683970.html,2026-10-08 14:50:52
1952722253,"Stilvoll & top saniert: Vollmöblierte Design-Garconniere nahe Donau und U-Bahn1020 Wien, 02. Bezirk, Leopoldstadt44m²1Zimmer4M Immobilien&Consulting GmbH & Co KG€ 4.772,73/m²€ 210.000",1020 (2. Leopoldstadt),elado,https://www.willhaben.at/iad/immobilien/d/eigentumswohnung/wien/wien-1020-leopoldstadt/stilvoll-top-saniert-vollmoeblierte-design-garconniere-nahe-donau-und-u-bahn-1952722253,1952722253.html,2026-10-08 14:50:55
1925796838,"EXKLUSIVE SANIERTE DACHGESCHOSSWOHNUNG | SONNIGE TERRASSE MIT BLICK AUF DIE FRANZ-VON-ASSISI-KIRCHE | MAISONETTE |1020 Wien, 02. Bezirk, Leopoldstadt, Lassallestraße84m²3ZimmerTerrasse, LoggiaDECUS Immobilien GmbH€ 8.071,43/m²€ 678.000",1020 (2. Leopoldstadt),elado,https://www.willhaben.at/iad/immobilien/d/eigentumswohnung/wien/wien-1020-leopoldstadt/exklusive-sanierte-dachgeschosswohnung-sonnige-terrasse-mit-blick-auf-die-franz-von-assisi-kirche-maisonette-1925796838,1925796838.html,2026-10-08 14:50:58
967375442,"Provisionsfreier Neubau-Erstbezug mit ganz viel Annehmlichkeiten (Pool, Gym, Dining Room, Concierge uvm) im Prater1020 Wien, 02. Bezirk, Leopoldstadt95m²4ZimmerBalkonIMMOcontract Immobilien Vermittlung GmbH€ 11.885,26/m²€ 1.129.100",1020 (2. Leopoldstadt),elado,https://www.willhaben.at/iad/immobilien/d/eigentumswohnung/wien/wien-1020-leopoldstadt/provisionsfreier-neubau-erstbezug-mit-ganz-viel-annehmlichkeiten-pool-gym-dining-room-concierge-uvm-im-prater-967375442,967375442.html,2026-10-08 14:51:01
799824227,"DACHGESCHOSS - PRATERBLICK: 4-Zimmer Maisonette mit Terrasse (rd.10m²)1020 Wien, 02. Bezirk, Leopoldstadt, Stoffellagasse 785m²3ZimmerTerrasse, Balkon, Loggiabauwerk Immobilien GmbH€ 10.975,29/m²€ 932.900",1020 (2. Leopoldstadt),elado,https://www.willhaben.at/iad/immobilien/d/eigentumswohnung/wien/wien-1020-leopoldstadt/dachgeschoss-praterblick-4-zimmer-maisonette-mit-terrasse-rd-10m-799824227,799824227.html,2026-10-08 14:51:05
1449958460,"Traumhaftes Wohnen beim Grünen Prater| 4-ZI mit Terrasse und Loggia1020 Wien, 02. Bezirk, Leopoldstadt, Stoffellagasse112m²4ZimmerTerrasseOPTIN Immobilien GmbH€ 11.463,39/m²€ 1.283.900",1020 (2. Leopoldstadt),elado,https://www.willhaben.at/iad/immobilien/d/eigentumswohnung/wien/wien-1020-leopoldstadt/traumhaftes-wohnen-beim-gruenen-prater-4-zi-mit-terrasse-und-loggia-1449958460,1449958460.html,2026-10-08 14:51:07
802921061,"JOSEPHINE - 4-Zimmer-Vorsorgewohnung mit Terrasse direkt beim Grünen Prater!1020 Wien, 02. Bezirk, Leopoldstadt, Stoffellagasse157m²4ZimmerTerrasseOPTIN Immobilien GmbH€ 9.524,20/m²€ 1.495.300",1020 (2. Leopoldstadt),elado,https://www.willhaben.at/iad/immobilien/d/eigentumswohnung/wien/wien-1020-leopoldstadt/josephine-4-zimmer-vorsorgewohnung-mit-terrasse-direkt-beim-gruenen-prater-802921061,802921061.html,2026-10-08 14:51:10
1465513442,"Traumwohnung in der JOSEPHINE: Erstklassige 3-Zimmer-Wohnung im Dachgeschoss mit geräumiger Terrasse1020 Wien, 02. Bezirk, Leopoldstadt, Stoffellagasse69m²3ZimmerBalkonOPTIN Immobilien GmbH€ 10.027,54/m²€ 691.900",1020 (2. Leopoldstadt),elado,https://www.willhaben.at/iad/immobilien/d/eigentumswohnung/wien/wien-1020-leopoldstadt/traumwohnung-in-der-josephine-erstklassige-3-zimmer-wohnung-im-dachgeschoss-mit-geraeumiger-terrasse-1465513442,1465513442.html,2026-10-08 14:51:13
1594881839,"JOSEPHINE - Einzigartige Vorsorgewohnung direkt am Grünen Prater - 2-Zimmer mit Balkon1020 Wien, 02. Bezirk, Leopoldstadt, Stoffellagasse45m²2ZimmerBalkonOPTIN Immobilien GmbH€ 8.517,78/m²€ 383.300",1020 (2. Leopoldstadt),elado,https://www.willhaben.at/iad/immobilien/d/eigentumswohnung/wien/wien-1020-leopoldstadt/josephine-einzigartige-vorsorgewohnung-direkt-am-gruenen-prater-2-zimmer-mit-balkon-1594881839,1594881839.html,2026-10-08 14:51:17
1419412625,"Charmante 2-Zimmer-Vorsorgewohnung mit Balkon | mit Blick auf den Grünen Prater1020 Wien, 02. Bezirk, Leopoldstadt, Stoffellagasse45m²2ZimmerBalkonOPTIN Immobilien GmbH€ 8.537,78/m²€ 384.200",1020 (2. Leopoldstadt),elado,https://www.willhaben.at/iad/immobilien/d/eigentumswohnung/wien/wien-1020-leopoldstadt/charmante-2-zimmer-vorsorgewohnung-mit-balkon-mit-blick-auf-den-gruenen-prater-1419412625,1419412625.html,2026-10-08 14:51:20
1665937673,"Charmante 2-Zimmer-Wohnung in 1020 Wien mit Aufzug und U-Bahn-Nähe, 46m², EUR274.0001020 Wien, 02. Bezirk, Leopoldstadt, Vorgartenstraße 18046m²2ZimmerBörner & Partner GmbH€ 5.956,52/m²€ 274.000",1020 (2. Leopoldstadt),elado,https://www.willhaben.at/iad/immobilien/d/eigentumswohnung/wien/wien-1020-leopoldstadt/charmante-2-zimmer-wohnung-in-1020-wien-mit-aufzug-und-u-bahn-naehe-46m-eur274-000-1665937673,1665937673.html,2026-10-08 14:51:24
1996197376,"HOFSEITIG: 3-Zimmerwohnung im Erstbezug Richtung Prater1020 Wien, 02. Bezirk, Leopoldstadt, Stoffellagasse 769m²3ZimmerBalkonbauwerk Immobilien GmbH€ 10.027,54/m²€ 691.900",1020 (2. Leopoldstadt),elado,https://www.willhaben.at/iad/immobilien/d/eigentumswohnung/wien/wien-1020-leopoldstadt/hofseitig-3-zimmerwohnung-im-erstbezug-richtung-prater-1996197376,1996197376.html,2026-10-08 14:51:27
898054426,"STADT. NATUR. WEITBLICK. ""Wohnen mit Weitblick über den Grünen Prater - Exklusive, kernsanierte Eigentumswohnung in der Böcklinstraße""1020 Wien, 02. Bezirk, Leopoldstadt, Böcklinstraße63m²2ZimmerGartenREMAX First€ 6.333,33/m²€ 399.000",1020 (2. Leopoldstadt),elado,https://www.willhaben.at/iad/immobilien/d/eigentumswohnung/wien/wien-1020-leopoldstadt/stadt-natur-weitblick-wohnen-mit-weitblick-ueber-den-gruenen-prater-exklusive-kernsanierte-eigentumswohnung-in-der-boecklinstrasse-898054426,898054426.html,2026-10-08 14:51:30
1437981414,"++NEU++ Gepflegte 2-Zimmer-Altbauwohnung mit 49 m² und optimalem Grundriss1020 Wien, 02. Bezirk, Leopoldstadt, Castellezgasse49m²2ZimmerAdonia Realitätenvermittlung GmbH€ 7.530,61/m²€ 369.000",1020 (2. Leopoldstadt),elado,https://www.willhaben.at/iad/immobilien/d/eigentumswohnung/wien/wien-1020-leopoldstadt/-neu-gepflegte-2-zimmer-altbauwohnung-mit-49-m-und-optimalem-grundriss-1437981414,1437981414.html,2026-10-08 14:51:33
1867331109,"Smart leben zwischen Stadt und Natur1020 Wien, 02. Bezirk, Leopoldstadt, Obere Donaustraße 2346m²1ZimmerBalkon, Loggia3SI Makler GmbH€ 9.934,78/m²€ 457.000",1020 (2. Leopoldstadt),elado,https://www.willhaben.at/iad/immobilien/d/eigentumswohnung/wien/wien-1020-leopoldstadt/smart-leben-zwischen-stadt-und-natur-1867331109,1867331109.html,2026-10-08 14:51:36
1058690981,"| RECHTLICHER NEUBAU | LOGGIA | NEUE KÜCHE |1020 Wien, 02. Bezirk, Leopoldstadt, Praterstraße67m²2ZimmerLoggiaDECUS Immobilien GmbH€ 11.940,30/m²€ 800.000",1020 (2. Leopoldstadt),elado,https://www.willhaben.at/iad/immobilien/d/eigentumswohnung/wien/wien-1020-leopoldstadt/-rechtlicher-neubau-loggia-neue-kueche-1058690981,1058690981.html,2026-10-08 15:02:25
1911966953,"PRATER: Hofseitige 2-Zimmerwohnung im Erstbezug1020 Wien, 02. Bezirk, Leopoldstadt, Stoffellagasse 769m²3ZimmerBalkonbauwerk Immobilien GmbH€ 9.984,06/m²€ 688.900",1020 (2. Leopoldstadt),elado,https://www.willhaben.at/iad/immobilien/d/eigentumswohnung/wien/wien-1020-leopoldstadt/prater-hofseitige-2-zimmerwohnung-im-erstbezug-1911966953,1911966953.html,2026-10-08 15:02:28
1135065233,"STADT. NATUR. WEITBLICK. Wohnen mit Weitblick über den Grünen Prater - Exklusive, kernsanierte Eigentumswohnung in der Böcklinstraße""1020 Wien, 02. Bezirk, Leopoldstadt, Böcklinstraße63m²2ZimmerREMAX First€ 6.333,33/m²€ 399.000",1020 (2. Leopoldstadt),elado,https://www.willhaben.at/iad/immobilien/d/eigentumswohnung/wien/wien-1020-leopoldstadt/stadt-natur-weitblick-wohnen-mit-weitblick-ueber-den-gruenen-prater-exklusive-kernsanierte-eigentumswohnung-in-der-boecklinstrasse-1135065233,1135065233.html,2026-10-08 15:02:31
973545151,"Lichtdurchflutete Erstbezug-Wohnung im 'Grünblick' - Viertel Zwei1020 Wien, 02. Bezirk, Leopoldstadt82m²3ZimmerTerrasse, BalkonReinberg & Partner GmbH€ 12.134,15/m²€ 995.000",1020 (2. Leopoldstadt),elado,https://www.willhaben.at/iad/immobilien/d/eigentumswohnung/wien/wien-1020-leopoldstadt/lichtdurchflutete-erstbezug-wohnung-im-gruenblick-viertel-zwei-973545151,973545151.html,2026-10-08 15:02:33
1945462119,"++NEU++ 2-Zimmer-Erstbezug nahe Augarten - 60 m² Wohnfläche und 4 m² Balkon1020 Wien, 02. Bezirk, Leopoldstadt60m²2ZimmerBalkonAdonia Realitätenvermittlung GmbH€ 8.316,67/m²€ 499.000",1020 (2. Leopoldstadt),elado,https://www.willhaben.at/iad/immobilien/d/eigentumswohnung/wien/wien-1020-leopoldstadt/-neu-2-zimmer-erstbezug-nahe-augarten-60-m-wohnflaeche-und-4-m-balkon-1945462119,1945462119.html,2026-10-08 15:02:39
1885017344,"++NEU++ Großzügiger 5-Zimmer-Altbau-Erstbezug mit zwei Balkonen und 163 m² nahe Augarten1020 Wien, 02. Bezirk, Leopoldstadt163m²5ZimmerBalkonAdonia Realitätenvermittlung GmbH€ 7.969,32/m²€ 1.299.000",1020 (2. Leopoldstadt),elado,https://www.willhaben.at/iad/immobilien/d/eigentumswohnung/wien/wien-1020-leopoldstadt/-neu-grosszuegiger-5-zimmer-altbau-erstbezug-mit-zwei-balkonen-und-163-m-nahe-augarten-1885017344,1885017344.html,2026-10-08 15:02:42
950791758,"++NEU++ Platz für große Wohnideen! 4-Zimmer-Erstbezug mit 13 m² Balkon nahe Augarten1020 Wien, 02. Bezirk, Leopoldstadt109m²4ZimmerBalkonAdonia Realitätenvermittlung GmbH€ 8.247,71/m²€ 899.000",1020 (2. Leopoldstadt),elado,https://www.willhaben.at/iad/immobilien/d/eigentumswohnung/wien/wien-1020-leopoldstadt/-neu-platz-fuer-grosse-wohnideen-4-zimmer-erstbezug-mit-13-m-balkon-nahe-augarten-950791758,950791758.html,2026-10-08 15:02:45
1010185889,"Helle 3-Zimmer-Wohnung mit Südbalkon, Klimaanlage, Tiefgarage & ruhiger Innenhoflage nahe der Donau1020 Wien, 02. Bezirk, Leopoldstadt90m²3ZimmerBalkonKeyLiving GmbH€ 6.666,11/m²€ 599.950",1010 (1. Innere Stadt),elado,https://www.willhaben.at/iad/immobilien/d/eigentumswohnung/wien/wien-1020-leopoldstadt/helle-3-zimmer-wohnung-mit-suedbalkon-klimaanlage-tiefgarage-ruhiger-innenhoflage-nahe-der-donau-1010185889,1010185889.html,2026-10-08 15:02:49
970605641,"Infinity Pool, Gym, Sauna und ganz viel Natur: Wohnen im Prater (Erstbezug, provisionsfrei)1020 Wien, 02. Bezirk, Leopoldstadt102m²4ZimmerBalkonIMMOcontract Immobilien Vermittlung GmbH€ 13.298,04/m²€ 1.356.400",1020 (2. Leopoldstadt),elado,https://www.willhaben.at/iad/immobilien/d/eigentumswohnung/wien/wien-1020-leopoldstadt/infinity-pool-gym-sauna-und-ganz-viel-natur-wohnen-im-prater-erstbezug-provisionsfrei-970605641,970605641.html,2026-10-08 15:02:53
1152399135,"GOLDENER FASAN | RUHE TRIFFT WOHNQUALITÄT - EXKLUSIVE DACHGESCHOSSWOHNUNG MIT BALKON IN DEN RUHIGEN INNENHOF1020 Wien, 02. Bezirk, Leopoldstadt109m²4ZimmerTerrasse, Balkon, GartenTom Krauss Immo GmbH€ 12.839,45/m²€ 1.399.500",1020 (2. Leopoldstadt),elado,https://www.willhaben.at/iad/immobilien/d/eigentumswohnung/wien/wien-1020-leopoldstadt/goldener-fasan-ruhe-trifft-wohnqualitaet-exklusive-dachgeschosswohnung-mit-balkon-in-den-ruhigen-innenhof-1152399135,1152399135.html,2026-10-08 15:03:27
1138490917,"Exklusive - Dachgeschosswohnung mit Panoramablick & sonnigen Terrassen1020 Wien, 02. Bezirk, Leopoldstadt118m²3ZimmerTerrasse, BalkonAdamant Immobilien GmbH€ 7.531,36/m²€ 888.700",1020 (2. Leopoldstadt),elado,https://www.willhaben.at/iad/immobilien/d/eigentumswohnung/wien/wien-1020-leopoldstadt/exklusive-dachgeschosswohnung-mit-panoramablick-sonnigen-terrassen-1138490917,1138490917.html,2026-10-08 15:03:33
1398816590,"Sanierungsjuwel mit Charakter beim Karmelitermarkt1020 Wien, 02. Bezirk, Leopoldstadt72m²3ZimmerBalkonGalerie Immobilien GmbH€ 6.875/m²€ 495.000",1020 (2. Leopoldstadt),elado,https://www.willhaben.at/iad/immobilien/d/eigentumswohnung/wien/wien-1020-leopoldstadt/sanierungsjuwel-mit-charakter-beim-karmelitermarkt-1398816590,1398816590.html,2026-10-08 15:03:42
1195053795,"Großzügige Altbauwohnung - Top-Investment beim Karmelitermarkt1020 Wien, 02. Bezirk, Leopoldstadt140m²CB Living GmbH€ 6.064,29/m²€ 849.000",1020 (2. Leopoldstadt),elado,https://www.willhaben.at/iad/immobilien/d/eigentumswohnung/wien/wien-1020-leopoldstadt/grosszuegige-altbauwohnung-top-investment-beim-karmelitermarkt-1195053795,1195053795.html,2026-10-08 15:03:46
1027087913,"** ZWISCHEN HIMMEL & STADT - ERSTBEZUG MIT DIREKTEM BLICK AUF DEN WIENER PRATER **1020 Wien, 02. Bezirk, Leopoldstadt113m²3ZimmerTerrasse, Balkon, DachterrasseImmo DealerPreis auf Anfrage",1020 (2. Leopoldstadt),elado,https://www.willhaben.at/iad/immobilien/d/eigentumswohnung/wien/wien-1020-leopoldstadt/-zwischen-himmel-stadt-erstbezug-mit-direktem-blick-auf-den-wiener-prater-1027087913,1027087913.html,2026-10-08 15:03:51
1046530400,"Erstbezug nach Generalsanierung: Hochwertige 2-Zimmer-Wohnung in ruhiger Bestlage des 2. Bezirks!1020 Wien, 02. Bezirk, Leopoldstadt44m²2ZimmerREMAX Gold€ 5.886,36/m²€ 259.000",1020 (2. Leopoldstadt),elado,https://www.willhaben.at/iad/immobilien/d/eigentumswohnung/wien/wien-1020-leopoldstadt/erstbezug-nach-generalsanierung-hochwertige-2-zimmer-wohnung-in-ruhiger-bestlage-des-2-bezirks-1046530400,1046530400.html,2026-10-08 15:03:58
1612906533,"Erstbezug, ein Zimmer- Wohnung, Messe Prater U2, WU Uni.1020 Wien, 02. Bezirk, Leopoldstadt28m²1ZimmerDual Immobilien GmbH€ 7.107,14/m²€ 199.000",1020 (2. Leopoldstadt),elado,https://www.willhaben.at/iad/immobilien/d/eigentumswohnung/wien/wien-1020-leopoldstadt/erstbezug-ein-zimmer-wohnung-messe-prater-u2-wu-uni-1612906533,1612906533.html,2026-10-08 15:07:27
1729538590,"DACHGESCHOSSWOHNUNG MIT TRAUMHAFTER TERRASSE | EXKLUSIV SANIERTE MAISONETTE-WOHNUNG | HOCHWERTIGE TISCHLERKÜCHE1020 Wien, 02. Bezirk, Leopoldstadt, Lassallestraße84m²3ZimmerTerrasse, LoggiaDECUS Immobilien GmbH€ 8.071,43/m²€ 678.000",1020 (2. Leopoldstadt),elado,https://www.willhaben.at/iad/immobilien/d/eigentumswohnung/wien/wien-1020-leopoldstadt/dachgeschosswohnung-mit-traumhafter-terrasse-exklusiv-sanierte-maisonette-wohnung-hochwertige-tischlerkueche-1729538590,1729538590.html,2026-10-08 15:07:30
1242757956,"2-Zimmer-Wohnung | U1 direkt vor der Tür | Top Lage nahe 1. Bezirk1020 Wien, 02. Bezirk, Leopoldstadt, Rotensterngasse58m²2ZimmerLong Living Immobilien GmbH€ 5.646,55/m²€ 327.500",1020 (2. Leopoldstadt),elado,https://www.willhaben.at/iad/immobilien/d/eigentumswohnung/wien/wien-1020-leopoldstadt/2-zimmer-wohnung-u1-direkt-vor-der-tuer-top-lage-nahe-1-bezirk-1242757956,1242757956.html,2026-10-08 15:07:32
1245801574,"Effiziente Raumlösung auf Premium-Niveau - 2 Zimmer in urbaner Toplage1020 Wien, 02. Bezirk, Leopoldstadt, Obere Donaustraße 2346m²2ZimmerBalkon, Loggia3SI Makler GmbH€ 10.413,04/m²€ 479.000",1020 (2. Leopoldstadt),elado,https://www.willhaben.at/iad/immobilien/d/eigentumswohnung/wien/wien-1020-leopoldstadt/effiziente-raumloesung-auf-premium-niveau-2-zimmer-in-urbaner-toplage-1245801574,1245801574.html,2026-10-08 15:07:36
1357277845,"Koffer packen & einziehen: Stilvoll möblierte Altbauwohnung mit neuer Einbauküche1020 Wien, 02. Bezirk, Leopoldstadt54m²2ZimmerRESIDA Asset GmbH€ 4.722,22/m²€ 255.000",1020 (2. Leopoldstadt),elado,https://www.willhaben.at/iad/immobilien/d/eigentumswohnung/wien/wien-1020-leopoldstadt/koffer-packen-einziehen-stilvoll-moeblierte-altbauwohnung-mit-neuer-einbaukueche-1357277845,1357277845.html,2026-10-08 15:07:39
1875540937,"Mehr Raum für das, was zählt - Familienleben neu gedacht1020 Wien, 02. Bezirk, Leopoldstadt, Obere Donaustraße 23108m²4ZimmerBalkon, Loggia3SI Makler GmbH€ 10.388,89/m²€ 1.122.000",1020 (2. Leopoldstadt),elado,https://www.willhaben.at/iad/immobilien/d/eigentumswohnung/wien/wien-1020-leopoldstadt/mehr-raum-fuer-das-was-zaehlt-familienleben-neu-gedacht-1875540937,1875540937.html,2026-10-08 15:07:41
1811358218,"++NEU++ Sonne über den Dächern! 2-Zimmer-Dachgeschosswohnung mit 26 m² Westterrasse und Klimaanlage1020 Wien, 02. Bezirk, Leopoldstadt, Rembrandtstraße68m²2ZimmerTerrasseAdonia Realitätenvermittlung GmbH€ 7.336,76/m²€ 498.900",1020 (2. Leopoldstadt),elado,https://www.willhaben.at/iad/immobilien/d/eigentumswohnung/wien/wien-1020-leopoldstadt/-neu-sonne-ueber-den-daechern-2-zimmer-dachgeschosswohnung-mit-26-m-westterrasse-und-klimaanlage-1811358218,1811358218.html,2026-10-08 15:07:45
2022170128,"GRÜNBLICK - Gastronomie mit Außenbereich1020 Wien, 02. Bezirk, Leopoldstadt, Meiereistraße 14539m²Geschäfts-/LadenlokalOPTIN Immobilien GmbH€ 4.601,11/m²€ 2.480.000",1020 (2. Leopoldstadt),elado,https://www.willhaben.at/iad/immobilien/d/gewerbeimmobilien-kaufen/wien/wien-1020-leopoldstadt/gruenblick-gastronomie-mit-aussenbereich-2022170128,2022170128.html,2026-10-08 15:07:53
1927520262,"3 ZIMMER DACHGESCHOSSWOHNUNG | MIT RUHIGE TERRASSE | IM HERZEN VON LEOPOLDSTADT1020 Wien, 02. Bezirk, Leopoldstadt, Czerninplatz99m²3ZimmerTerrasseDECUS Immobilien GmbH€ 9.545,45/m²€ 945.000",1020 (2. Leopoldstadt),elado,https://www.willhaben.at/iad/immobilien/d/eigentumswohnung/wien/wien-1020-leopoldstadt/3-zimmer-dachgeschosswohnung-mit-ruhige-terrasse-im-herzen-von-leopoldstadt-1927520262,1927520262.html,2026-10-08 15:08:01
1858452943,"Provisionsfrei & Neu: Sonne, Ausblick über den Prater & die ganze Stadt, Pool, Gym, uvm.1020 Wien, 02. Bezirk, Leopoldstadt133m²5ZimmerBalkonIMMOcontract Immobilien Vermittlung GmbH€ 14.727,82/m²€ 1.958.800",1020 (2. Leopoldstadt),elado,https://www.willhaben.at/iad/immobilien/d/eigentumswohnung/wien/wien-1020-leopoldstadt/provisionsfrei-neu-sonne-ausblick-ueber-den-prater-die-ganze-stadt-pool-gym-uvm-1858452943,1858452943.html,2026-10-08 15:08:05
986431479,"Willkommen im exklusiven Vorsorgeprojekt ""Josephine"": Luxuriöses Wohnen mit Blick zum Prater1020 Wien, 02. Bezirk, Leopoldstadt, StoffellagasseEHL Immobilien GmbH€ 8.517,78/m²€ 383.300",1020 (2. Leopoldstadt),elado,https://www.willhaben.at/iad/immobilien/d/sonstige/sonstige/willkommen-im-exklusiven-vorsorgeprojekt-josephine-luxurioeses-wohnen-mit-blick-zum-prater-986431479,986431479.html,2026-10-08 15:08:21
1652052606,"""Josephine"": Moderne Vorsorgewohnungen für anspruchsvolle Investoren1020 Wien, 02. Bezirk, Leopoldstadt, StoffellagasseEHL Immobilien GmbH€ 8.553,12/m²€ 273.700",1020 (2. Leopoldstadt),elado,https://www.willhaben.at/iad/immobilien/d/sonstige/sonstige/-josephine-moderne-vorsorgewohnungen-fuer-anspruchsvolle-investoren-1652052606,1652052606.html,2026-10-08 15:08:24
1691136802,"""Josephine"": Moderne Vorsorgewohnungen für anspruchsvolle Investoren1020 Wien, 02. Bezirk, Leopoldstadt, StoffellagasseEHL Immobilien GmbH€ 8.537,78/m²€ 384.200",1020 (2. Leopoldstadt),elado,https://www.willhaben.at/iad/immobilien/d/sonstige/sonstige/-josephine-moderne-vorsorgewohnungen-fuer-anspruchsvolle-investoren-1691136802,1691136802.html,2026-10-08 15:08:26
1493904467,"Willkommen in ""Josephine"" - Wohnen beim Prater!1020 Wien, 02. Bezirk, Leopoldstadt, Stoffellagasse32m²1ZimmerBalkon, GartenEHL Immobilien GmbH€ 9.234,38/m²€ 295.500",1020 (2. Leopoldstadt),elado,https://www.willhaben.at/iad/immobilien/d/eigentumswohnung/wien/wien-1020-leopoldstadt/willkommen-in-josephine-wohnen-beim-prater-1493904467,1493904467.html,2026-10-08 15:08:29
1741556687,"Willkommen in ""Josephine"" - Wohnen beim Prater!1020 Wien, 02. Bezirk, Leopoldstadt, Stoffellagasse85m²3ZimmerTerrasse, Balkon, Loggia, GartenEHL Immobilien GmbH€ 10.975,29/m²€ 932.900",1020 (2. Leopoldstadt),elado,https://www.willhaben.at/iad/immobilien/d/eigentumswohnung/wien/wien-1020-leopoldstadt/willkommen-in-josephine-wohnen-beim-prater-1741556687,1741556687.html,2026-10-08 15:08:32
798059771,"""Leopold Quartier"" Optimal geschnittenes Mikroapartment mit Balkon (Erstbezug & Provisionsfrei!) Top 691020 Wien, 02. Bezirk, Leopoldstadt35m²1ZimmerBalkonUBM Development Österreich GmbH€ 11.657,14/m²€ 408.000",1020 (2. Leopoldstadt),elado,https://www.willhaben.at/iad/immobilien/d/eigentumswohnung/wien/wien-1020-leopoldstadt/-leopold-quartier-optimal-geschnittenes-mikroapartment-mit-balkon-erstbezug-provisionsfrei-top-69-798059771,798059771.html,2026-10-08 15:08:35
2022873106,"""Leopold Quartier"" Provisionsfreie 2-Zimmer Eigentumswohnung mit Balkon (Erstbezug!) Top 281020 Wien, 02. Bezirk, Leopoldstadt54m²2ZimmerBalkonUBM Development Österreich GmbH€ 9.740,74/m²€ 526.000",1020 (2. Leopoldstadt),elado,https://www.willhaben.at/iad/immobilien/d/eigentumswohnung/wien/wien-1020-leopoldstadt/-leopold-quartier-provisionsfreie-2-zimmer-eigentumswohnung-mit-balkon-erstbezug-top-28-2022873106,2022873106.html,2026-10-08 15:08:38
1586769608,"""Leopold Quartier"" Provisionsfreie 2-Zimmer Eigentumswohnung mit Balkon (Erstbezug!) Top 801020 Wien, 02. Bezirk, Leopoldstadt47m²2ZimmerBalkon, LoggiaUBM Development Österreich GmbH€ 12.382,98/m²€ 582.000",1020 (2. Leopoldstadt),elado,https://www.willhaben.at/iad/immobilien/d/eigentumswohnung/wien/wien-1020-leopoldstadt/-leopold-quartier-provisionsfreie-2-zimmer-eigentumswohnung-mit-balkon-erstbezug-top-80-1586769608,1586769608.html,2026-10-08 15:08:41
848930594,"""Leopold Quartier"" Provisionsfreie 2-Zimmer Eigentumswohnung mit Balkon (Erstbezug!) Top 761020 Wien, 02. Bezirk, Leopoldstadt53m²2ZimmerBalkonUBM Development Österreich GmbH€ 11.188,68/m²€ 593.000",1020 (2. Leopoldstadt),elado,https://www.willhaben.at/iad/immobilien/d/eigentumswohnung/wien/wien-1020-leopoldstadt/-leopold-quartier-provisionsfreie-2-zimmer-eigentumswohnung-mit-balkon-erstbezug-top-76-848930594,848930594.html,2026-10-08 15:08:44
1350891652,"""Leopold Quartier"" Optimal geschnittenes Mikroapartment mit Balkon (Erstbezug & Provisionsfrei!) Top 411020 Wien, 02. Bezirk, Leopoldstadt46m²1ZimmerBalkonUBM Development Österreich GmbH€ 10.456,52/m²€ 481.000",1020 (2. Leopoldstadt),elado,https://www.willhaben.at/iad/immobilien/d/eigentumswohnung/wien/wien-1020-leopoldstadt/-leopold-quartier-optimal-geschnittenes-mikroapartment-mit-balkon-erstbezug-provisionsfrei-top-41-1350891652,1350891652.html,2026-10-08 15:08:47
1313910706,"""Leopold Quartier"" Optimal geschnittenes Mikroapartment mit Balkon (Erstbezug & Provisionsfrei!) Top 401020 Wien, 02. Bezirk, Leopoldstadt36m²1ZimmerBalkonUBM Development Österreich GmbH€ 10.611,11/m²€ 382.000",1020 (2. Leopoldstadt),elado,https://www.willhaben.at/iad/immobilien/d/eigentumswohnung/wien/wien-1020-leopoldstadt/-leopold-quartier-optimal-geschnittenes-mikroapartment-mit-balkon-erstbezug-provisionsfrei-top-40-1313910706,1313910706.html,2026-10-08 15:08:50
1316698908,"Neuer Preis! Stadtwohnung im sanierten Altbaujuwel - 3 Zimmer mit perfekter Anbindung an U1 & U2 | Überzeugen Sie sich selbst bei einer Besichtigung!1020 Wien, 02. Bezirk, Leopoldstadt, Mühlfeldgasse65m²3ZimmerSchantl ITH Immobilientreuhand GmbH€ 5.215,39/m²€ 339.000",1020 (2. Leopoldstadt),elado,https://www.willhaben.at/iad/immobilien/d/eigentumswohnung/wien/wien-1020-leopoldstadt/neuer-preis-stadtwohnung-im-sanierten-altbaujuwel-3-zimmer-mit-perfekter-anbindung-an-u1-u2-ueberzeugen-sie-sich-selbst-bei-einer-besichtigung-1316698908,1316698908.html,2026-10-08 15:08:56
830576789,"The Pearl: Süßes Erstbezugs-Apartment im beliebtesten Grätzel1020 Wien, 02. Bezirk, Leopoldstadt, Große Schiffgasse 929m²1ZimmerLoggia3SI Makler GmbH€ 10.310,34/m²€ 299.000",1020 (2. Leopoldstadt),elado,https://www.willhaben.at/iad/immobilien/d/eigentumswohnung/wien/wien-1020-leopoldstadt/the-pearl-suesses-erstbezugs-apartment-im-beliebtesten-graetzel-830576789,830576789.html,2026-10-08 15:09:02
866697873,"Charmantes Einfamilienhaus mit Garten in ruhiger Lage nahe der Alten Donau1020 Wien, 02. Bezirk, Leopoldstadt42m²2ZimmerEinfamilienhausHyatt Immobilien GmbH€ 17.619,05/m²€ 740.000",1020 (2. Leopoldstadt),elado,https://www.willhaben.at/iad/immobilien/d/haus-kaufen/wien/wien-1020-leopoldstadt/charmantes-einfamilienhaus-mit-garten-in-ruhiger-lage-nahe-der-alten-donau-866697873,866697873.html,2026-10-08 15:09:05
1492832654,"Vom eigenen Pool ins pralle Leben - ein Familienrefugium1020 Wien, 02. Bezirk, Leopoldstadt231m²6ZimmerTerrasse, Balkon, DachterrasseIMMOROHR Immobilien€ 12.116,88/m²€ 2.799.000",1020 (2. Leopoldstadt),elado,https://www.willhaben.at/iad/immobilien/d/eigentumswohnung/wien/wien-1020-leopoldstadt/vom-eigenen-pool-ins-pralle-leben-ein-familienrefugium-1492832654,1492832654.html,2026-10-08 15:09:08
2015250560,"Raum für Ideen - verwirklichen Sie Ihren Wohntraum im Altbauklassiker1020 Wien, 02. Bezirk, Leopoldstadt, Schüttelstraße 7557m²2ZimmerEHL Immobilien GmbH€ 5.596,49/m²€ 319.000",1020 (2. Leopoldstadt),elado,https://www.willhaben.at/iad/immobilien/d/eigentumswohnung/wien/wien-1020-leopoldstadt/raum-fuer-ideen-verwirklichen-sie-ihren-wohntraum-im-altbauklassiker-2015250560,2015250560.html,2026-10-08 15:09:11
2036151311,"Kleingartenhaus beim Prater auf 259 m² Grund - Bestand mit attraktivem Neubaupotenzial1020 Wien, 02. Bezirk, Leopoldstadt41m²3ZimmerEinfamilienhausHyatt Immobilien GmbH€ 10.731,71/m²€ 440.000",1020 (2. Leopoldstadt),elado,https://www.willhaben.at/iad/immobilien/d/haus-kaufen/wien/wien-1020-leopoldstadt/kleingartenhaus-beim-prater-auf-259-m-grund-bestand-mit-attraktivem-neubaupotenzial-2036151311,2036151311.html,2026-10-08 15:09:16
1117946808,Direkt an der Donau Millennium City Nähe 3 Zimmer Loggiaeigentum,1020 (2. Leopoldstadt),elado,https://www.willhaben.at/iad/immobilien/d/eigentumswohnung/wien/wien-1020-leopoldstadt/direkt-an-der-donau-millennium-city-naehe-3-zimmer-loggiaeigentum-1117946808,1117946808.html,2026-10-08 15:12:09
1494343382,"4-Zimmer-Altbau beim Augarten - Balkonvergrößerung möglich1020 Wien, 02. Bezirk, Leopoldstadt112m²4ZimmerBalkonPia Estate GmbH€ 7.580,36/m²€ 849.000",1020 (2. Leopoldstadt),elado,https://www.willhaben.at/iad/immobilien/d/eigentumswohnung/wien/wien-1020-leopoldstadt/4-zimmer-altbau-beim-augarten-balkonvergroesserung-moeglich-1494343382,1494343382.html,2026-10-08 15:12:18
997113092,"Elegante 5-Zimmer-Familienwohnung mit Balkon in gefragter Lage des 2. Bezirks1020 Wien, 02. Bezirk, Leopoldstadt161m²5ZimmerBalkon, GartenHyatt Immobilien GmbH€ 8.074,53/m²€ 1.300.000",1020 (2. Leopoldstadt),elado,https://www.willhaben.at/iad/immobilien/d/eigentumswohnung/wien/wien-1020-leopoldstadt/elegante-5-zimmer-familienwohnung-mit-balkon-in-gefragter-lage-des-2-bezirks-997113092,997113092.html,2026-10-08 15:12:22
1461520528,"1020! ""Charmantes 2-Zimmer-Eigentum Nähe Augarten - Erstbezug nach Generalsanierung""1020 Wien, 02. Bezirk, Leopoldstadt65m²2ZimmerHERZEL Immobilien e.U.€ 6.646,15/m²€ 432.000",1020 (2. Leopoldstadt),elado,https://www.willhaben.at/iad/immobilien/d/eigentumswohnung/wien/wien-1020-leopoldstadt/1020-charmantes-2-zimmer-eigentum-naehe-augarten-erstbezug-nach-generalsanierung-1461520528,1461520528.html,2026-10-08 15:12:46
2087924440,"ZWEI GOLDENE ADLER | SMART LIVING - TABORSTRASSE1020 Wien, 02. Bezirk, Leopoldstadt35m²2ZimmerBalkonTom Krauss Immo GmbH€ 8.102,86/m²€ 283.600",1020 (2. Leopoldstadt),elado,https://www.willhaben.at/iad/immobilien/d/eigentumswohnung/wien/wien-1020-leopoldstadt/zwei-goldene-adler-smart-living-taborstrasse-2087924440,2087924440.html,2026-10-08 15:12:49
1197144824,"The Pearl: Urban Living: Erstbezug beim Karmelitermarkt1020 Wien, 02. Bezirk, Leopoldstadt, Große Schiffgasse 929m²1ZimmerLoggia3SI Makler GmbH€ 9.482,76/m²€ 275.000",1020 (2. Leopoldstadt),elado,https://www.willhaben.at/iad/immobilien/d/eigentumswohnung/wien/wien-1020-leopoldstadt/the-pearl-urban-living-erstbezug-beim-karmelitermarkt-1197144824,1197144824.html,2026-10-08 15:12:52
1813846851,"The Pearl: Charmante Single-Wohnung in Toplage1020 Wien, 02. Bezirk, Leopoldstadt, Große Schiffgasse 929m²1ZimmerLoggia3SI Makler GmbH€ 10.310,34/m²€ 299.000",1020 (2. Leopoldstadt),elado,https://www.willhaben.at/iad/immobilien/d/eigentumswohnung/wien/wien-1020-leopoldstadt/the-pearl-charmante-single-wohnung-in-toplage-1813846851,1813846851.html,2026-10-08 15:12:56
1430500410,"Nur noch eine 3-Zimmer Wohnung im Leopoldquartier verfügbar! Top 41020 Wien, 02. Bezirk, Leopoldstadt81m²3ZimmerTerrasseUBM Development Österreich GmbH€ 9.753,09/m²€ 790.000",1020 (2. Leopoldstadt),elado,https://www.willhaben.at/iad/immobilien/d/eigentumswohnung/wien/wien-1020-leopoldstadt/nur-noch-eine-3-zimmer-wohnung-im-leopoldquartier-verfuegbar-top-4-1430500410,1430500410.html,2026-10-08 15:13:02
1380058691,"## Ihr BÜRO im Herzen des NORDBAHNVIERTELS ##1020 Wien, 02. Bezirk, Leopoldstadt, Leystrasse 154137m²Büro/OrdinationKIBB Immobilien GmbH€ 4.200/m²€ 575.400",1020 (2. Leopoldstadt),elado,https://www.willhaben.at/iad/immobilien/d/gewerbeimmobilien-kaufen/wien/wien-1020-leopoldstadt/-ihr-buero-im-herzen-des-nordbahnviertels-1380058691,1380058691.html,2026-10-08 15:13:05
1655100153,"PRATER: 23. Etage - provisionsfrei inkl. ROOFTOP POOL: Erstbezug1020 Wien, 02. Bezirk, Leopoldstadt96m²4ZimmerBalkonIMMOcontract Immobilien Vermittlung GmbH€ 12.855,21/m²€ 1.234.100",1020 (2. Leopoldstadt),elado,https://www.willhaben.at/iad/immobilien/d/eigentumswohnung/wien/wien-1020-leopoldstadt/prater-23-etage-provisionsfrei-inkl-rooftop-pool-erstbezug-1655100153,1655100153.html,2026-10-08 15:13:12
1234456377,"Elegant Wohnen im Prater mit Concierge, Gym, Sauna, Pool und ganz viel Aussicht1020 Wien, 02. Bezirk, Leopoldstadt128m²4ZimmerBalkonIMMOcontract Immobilien Vermittlung GmbH€ 12.358,59/m²€ 1.581.900",1020 (2. Leopoldstadt),elado,https://www.willhaben.at/iad/immobilien/d/eigentumswohnung/wien/wien-1020-leopoldstadt/elegant-wohnen-im-prater-mit-concierge-gym-sauna-pool-und-ganz-viel-aussicht-1234456377,1234456377.html,2026-10-08 15:13:14
1253662839,"Stilvoller Altbau mit flexibler Raumaufteilung & Lift | 2-3 Zimmer | generalsaniert 20261020 Wien, 02. Bezirk, Leopoldstadt71m²3ZimmerWolke 7 Immobilien-Gruppe€ 5.619,72/m²€ 399.000",1020 (2. Leopoldstadt),elado,https://www.willhaben.at/iad/immobilien/d/eigentumswohnung/wien/wien-1020-leopoldstadt/stilvoller-altbau-mit-flexibler-raumaufteilung-lift-2-3-zimmer-generalsaniert-2026-1253662839,1253662839.html,2026-10-08 15:13:17
1535906790,"""Leopold Quartier"" Stilvolle 7-Zimmer Eigentumswohnung mit Balkon (Erstbezug & Provisionsfrei!) Top 441020 Wien, 02. Bezirk, Leopoldstadt171m²7ZimmerBalkonUBM Development Österreich GmbH€ 11.403,51/m²€ 1.950.000",1020 (2. Leopoldstadt),elado,https://www.willhaben.at/iad/immobilien/d/eigentumswohnung/wien/wien-1020-leopoldstadt/-leopold-quartier-stilvolle-7-zimmer-eigentumswohnung-mit-balkon-erstbezug-provisionsfrei-top-44-1535906790,1535906790.html,2026-10-08 15:13:20
1145181818,"Charmante 1-Zimmer-Wohnung in wunderbarer Lage des 2. Bezirks1020 Wien, 02. Bezirk, Leopoldstadt37m²1ZimmerPeter Hack Immobilien GmbH€ 7.000/m²€ 259.000",1020 (2. Leopoldstadt),elado,https://www.willhaben.at/iad/immobilien/d/eigentumswohnung/wien/wien-1020-leopoldstadt/charmante-1-zimmer-wohnung-in-wunderbarer-lage-des-2-bezirks-1145181818,1145181818.html,2026-10-08 15:13:22
2097340423,"Top Renovierte 2-Zimmer-Altbauwohnung in ruhiger Sackgassenlage I Direkt bei der U2 und U4 I ideal für Studenten oder Pärchen1020 Wien, 02. Bezirk, Leopoldstadt48m²2ZimmerWolke 7 Immobilien-Gruppe€ 6.229,17/m²€ 299.000",1020 (2. Leopoldstadt),elado,https://www.willhaben.at/iad/immobilien/d/eigentumswohnung/wien/wien-1020-leopoldstadt/top-renovierte-2-zimmer-altbauwohnung-in-ruhiger-sackgassenlage-i-direkt-bei-der-u2-und-u4-i-ideal-fuer-studenten-oder-paerchen-2097340423,2097340423.html,2026-10-08 15:13:28
2102480972,"""The Pearl"" - Einzigartiges Wohnerlebnis direkt am Karmelitermarkt1020 Wien, 02. Bezirk, Leopoldstadt, Große Schiffgasse29m²1ZimmerLoggiaEHL Immobilien GmbH€ 9.827,59/m²€ 285.000",1020 (2. Leopoldstadt),elado,https://www.willhaben.at/iad/immobilien/d/eigentumswohnung/wien/wien-1020-leopoldstadt/-the-pearl-einzigartiges-wohnerlebnis-direkt-am-karmelitermarkt-2102480972,2102480972.html,2026-10-08 15:13:31
2071418632,"Großzügige 3-Zimmer-Wohnung mit Garage in trendiger Lage des 2.Bezirks - Sanierungsbedarf1020 Wien, 02. Bezirk, Leopoldstadt101m²3ZimmerLoggiaengelreal immobilien gmbh€ 3.752,48/m²€ 379.000",1020 (2. Leopoldstadt),elado,https://www.willhaben.at/iad/immobilien/d/eigentumswohnung/wien/wien-1020-leopoldstadt/grosszuegige-3-zimmer-wohnung-mit-garage-in-trendiger-lage-des-2-bezirks-sanierungsbedarf-2071418632,2071418632.html,2026-10-08 15:13:34
2136318750,"BEST-BLICK! Rohdachboden in Top-Lage mit Blick auf die Donau1020 Wien, 02. Bezirk, Leopoldstadt218m²Omerovic Immobilien GmbH€ 912,84/m²€ 199.000",1020 (2. Leopoldstadt),elado,https://www.willhaben.at/iad/immobilien/d/eigentumswohnung/wien/wien-1020-leopoldstadt/best-blick-rohdachboden-in-top-lage-mit-blick-auf-die-donau-2136318750,2136318750.html,2026-10-08 15:13:36
1539182153,"MARINA TOWER | 25. Stock | Erstbezug | Provisionsfrei | 25th Floor | First Occupancy | Commission-Free1020 Wien, 02. Bezirk, Leopoldstadt, Wehlistraße 29176m²3ZimmerBalkon, LoggiaPrivat€ 10.513,16/m²€ 799.000",1020 (2. Leopoldstadt),elado,https://www.willhaben.at/iad/immobilien/d/eigentumswohnung/wien/wien-1020-leopoldstadt/marina-tower-25-stock-erstbezug-provisionsfrei-25th-floor-first-occupancy-commission-free-1539182153,1539182153.html,2026-10-08 15:13:39
1924082108,"Super geschnittene Altbauwohnung im hippen Stuwerviertel1020 Wien, 02. Bezirk, Leopoldstadt79m²3Zimmermarina eiffe immobilien€ 6.696,20/m²€ 529.000",1020 (2. Leopoldstadt),elado,https://www.willhaben.at/iad/immobilien/d/eigentumswohnung/wien/wien-1020-leopoldstadt/super-geschnittene-altbauwohnung-im-hippen-stuwerviertel-1924082108,1924082108.html,2026-10-08 15:13:45
1195915352,"** ALTBAUJUWEL MIT AUßERGEWÖHNLICHER TERRASSE - EINE RARITÄT IM HERZEN DES 2.BEZIRKS **1020 Wien, 02. Bezirk, Leopoldstadt87m²3ZimmerTerrasseImmo Dealer€ 5.735,63/m²€ 499.000",1020 (2. Leopoldstadt),elado,https://www.willhaben.at/iad/immobilien/d/eigentumswohnung/wien/wien-1020-leopoldstadt/-altbaujuwel-mit-aussergewoehnlicher-terrasse-eine-raritaet-im-herzen-des-2-bezirks-1195915352,1195915352.html,2026-10-08 15:13:48
2057052052,"Elegante 2-Zimmer-Wohnung mit Balkon in gefragter Lage des 2. Bezirks1020 Wien, 02. Bezirk, Leopoldstadt60m²2ZimmerBalkonBoom Living GmbH & Co KG€ 8.333,13/m²€ 499.988",1020 (2. Leopoldstadt),elado,https://www.willhaben.at/iad/immobilien/d/eigentumswohnung/wien/wien-1020-leopoldstadt/elegante-2-zimmer-wohnung-mit-balkon-in-gefragter-lage-des-2-bezirks-2057052052,2057052052.html,2026-10-08 15:13:55
2062587181,"Kompakte Einsteiger-Wohnung - smarter Weg ins Eigentum1020 Wien, 02. Bezirk, Leopoldstadt38m²2ZimmerDachterrasseTIMELESS ESTATES€ 4.438,84/m²€ 168.676",1020 (2. Leopoldstadt),elado,https://www.willhaben.at/iad/immobilien/d/eigentumswohnung/wien/wien-1020-leopoldstadt/kompakte-einsteiger-wohnung-smarter-weg-ins-eigentum-2062587181,2062587181.html,2026-10-08 15:14:02
802575407,"HERZBEBEN inklusive Mehrblick im Nordbahnviertel EIGENTUM (T186)1020 Wien, 02. Bezirk, Leopoldstadt, Leystraße109m²3ZimmerBalkonKIBB Immobilien GmbH€ 10.193,58/m²€ 1.111.100",1020 (2. Leopoldstadt),elado,https://www.willhaben.at/iad/immobilien/d/eigentumswohnung/wien/wien-1020-leopoldstadt/herzbeben-inklusive-mehrblick-im-nordbahnviertel-eigentum-t186-802575407,802575407.html,2026-10-08 15:14:05
1914073282,"HERZBEBEN inklusive Stadtblick für die ganze Familie im Nordbahnviertel EIGENTUM (T197)1020 Wien, 02. Bezirk, Leopoldstadt, Leystraße135m²5ZimmerBalkonKIBB Immobilien GmbH€ 10.590,37/m²€ 1.429.700",1020 (2. Leopoldstadt),elado,https://www.willhaben.at/iad/immobilien/d/eigentumswohnung/wien/wien-1020-leopoldstadt/herzbeben-inklusive-stadtblick-fuer-die-ganze-familie-im-nordbahnviertel-eigentum-t197-1914073282,1914073282.html,2026-10-08 15:14:10
1545168985,"HERZBEBEN inklusive Stadtblick im Nordbahnviertel EIGENTUM (T191)1020 Wien, 02. Bezirk, Leopoldstadt, Leystraße135m²5ZimmerBalkonKIBB Immobilien GmbH€ 10.170,37/m²€ 1.373.000",1020 (2. Leopoldstadt),elado,https://www.willhaben.at/iad/immobilien/d/eigentumswohnung/wien/wien-1020-leopoldstadt/herzbeben-inklusive-stadtblick-im-nordbahnviertel-eigentum-t191-1545168985,1545168985.html,2026-10-08 15:14:14
851702997,"ERSTBEZUG NACH SANIERUNG: stilvolle Altbau-Eigentumswohnung Nahe Max-Winter-Park & Venediger Au (Balkonanbau möglich!!!)1020 Wien, 02. Bezirk, Leopoldstadt79m²3ZimmerBalkonMoritz Immobilientreuhand GmbH€ 6.696,20/m²€ 529.000",1020 (2. Leopoldstadt),elado,https://www.willhaben.at/iad/immobilien/d/eigentumswohnung/wien/wien-1020-leopoldstadt/erstbezug-nach-sanierung-stilvolle-altbau-eigentumswohnung-nahe-max-winter-park-venediger-au-balkonanbau-moeglich-851702997,851702997.html,2026-10-08 15:16:59
964250385,"Effiziente Raumlösung auf Premium-Niveau - 2 Zimmer in urbaner Toplage des 2. Bezirks1020 Wien, 02. Bezirk, Leopoldstadt, Obere Donaustraße 2346m²2ZimmerBalkon, Loggia3SI Makler GmbH€ 9.978,26/m²€ 459.000",1020 (2. Leopoldstadt),elado,https://www.willhaben.at/iad/immobilien/d/eigentumswohnung/wien/wien-1020-leopoldstadt/effiziente-raumloesung-auf-premium-niveau-2-zimmer-in-urbaner-toplage-des-2-bezirks-964250385,964250385.html,2026-10-08 15:17:02
819980037,"LQ Living - Leben mit Qualität - in Top-Lage des 2. Bezirks1020 Wien, 02. Bezirk, Leopoldstadt, Obere Donaustraße 2351m²2ZimmerBalkon, Loggia3SI Makler GmbH€ 10.529,41/m²€ 537.000",1020 (2. Leopoldstadt),elado,https://www.willhaben.at/iad/immobilien/d/eigentumswohnung/wien/wien-1020-leopoldstadt/lq-living-leben-mit-qualitaet-in-top-lage-des-2-bezirks-819980037,819980037.html,2026-10-08 15:17:05
1607821660,"Neubau 2 Zi Wohnungen mit Balkon - Anleger oder Eigennutzung!1020 Wien, 02. Bezirk, Leopoldstadt35m²2ZimmerBalkonm² Steiner Immobilien€ 8.391,43/m²€ 293.700",1020 (2. Leopoldstadt),elado,https://www.willhaben.at/iad/immobilien/d/eigentumswohnung/wien/wien-1020-leopoldstadt/neubau-2-zi-wohnungen-mit-balkon-anleger-oder-eigennutzung-1607821660,1607821660.html,2026-10-08 15:17:08
1537103316,"Marina Towers: Exklusive 3-Zimmer-Wohnung mit Donaublick im 12. Liftstock1020 Wien, 02. Bezirk, Leopoldstadt88m²3ZimmerBalkonWohn3 Team GmbH€ 8.511,36/m²€ 749.000",1020 (2. Leopoldstadt),elado,https://www.willhaben.at/iad/immobilien/d/eigentumswohnung/wien/wien-1020-leopoldstadt/marina-towers-exklusive-3-zimmer-wohnung-mit-donaublick-im-12-liftstock-1537103316,1537103316.html,2026-10-08 15:17:12
2109689074,"Altbauwohnung mit zwei privaten Gärten, Nähe Donauinsel und Prater, ohne Maklergebühr1020 Wien, 02. Bezirk, Leopoldstadt, Vorgartenstrasse 20764m²2ZimmerTerrasse, GartenPrivat€ 7.968,75/m²€ 510.000",1020 (2. Leopoldstadt),elado,https://www.willhaben.at/iad/immobilien/d/eigentumswohnung/wien/wien-1020-leopoldstadt/altbauwohnung-mit-zwei-privaten-gaerten-naehe-donauinsel-und-prater-ohne-maklergebuehr-2109689074,2109689074.html,2026-10-08 15:17:15
1877709525,"Wohnen mit Blick auf den Karmelitermarkt - 3-Zimmer-Eigentumswohnung im Herzen der Leopoldstadt1020 Wien, 02. Bezirk, Leopoldstadt, Krummbaumgasse84m²3ZimmerGewerblicher Anbieter€ 7.976,19/m²€ 670.000",1020 (2. Leopoldstadt),elado,https://www.willhaben.at/iad/immobilien/d/eigentumswohnung/wien/wien-1020-leopoldstadt/wohnen-mit-blick-auf-den-karmelitermarkt-3-zimmer-eigentumswohnung-im-herzen-der-leopoldstadt-1877709525,1877709525.html,2026-10-08 15:17:18
920833575,"Rooftop Pool: Skyline Living im 22. Stock Erstbezug und provisionsfrei1020 Wien, 02. Bezirk, Leopoldstadt104m²4ZimmerBalkon, LoggiaIMMOcontract Immobilien Vermittlung GmbH€ 16.550,96/m²€ 1.721.300",1020 (2. Leopoldstadt),elado,https://www.willhaben.at/iad/immobilien/d/eigentumswohnung/wien/wien-1020-leopoldstadt/rooftop-pool-skyline-living-im-22-stock-erstbezug-und-provisionsfrei-920833575,920833575.html,2026-10-08 15:17:21
1515352501,"2.5 Zimmer Wohnung mit 31qm Terrasse zwischen Augarten und Praterstern1020 Wien, 02. Bezirk, Leopoldstadt, Fugbachgasse72m²2ZimmerTerrassePrivat€ 6.097,22/m²€ 439.000",1020 (2. Leopoldstadt),elado,https://www.willhaben.at/iad/immobilien/d/eigentumswohnung/wien/wien-1020-leopoldstadt/2-5-zimmer-wohnung-mit-31qm-terrasse-zwischen-augarten-und-praterstern-1515352501,1515352501.html,2026-10-08 15:17:23
2058813816,"Stilvolles Wohnprojekt in 1020 Wien - Altbauflair & modernes Dachgeschoss1020 Wien, 02. Bezirk, Leopoldstadt102m²4ZimmerHösch Immobilien GmbH€ 4.892,16/m²€ 499.000",1020 (2. Leopoldstadt),elado,https://www.willhaben.at/iad/immobilien/d/eigentumswohnung/wien/wien-1020-leopoldstadt/stilvolles-wohnprojekt-in-1020-wien-altbauflair-modernes-dachgeschoss-2058813816,2058813816.html,2026-10-08 15:17:32
1865783521,"Smart & gemütlich: 1,5 Zimmer Wohnung mit Balkon1020 Wien, 02. Bezirk, Leopoldstadt, Obere Donaustraße 2351m²1ZimmerBalkon, Loggia3SI Makler GmbH€ 9.843,14/m²€ 502.000",1020 (2. Leopoldstadt),elado,https://www.willhaben.at/iad/immobilien/d/eigentumswohnung/wien/wien-1020-leopoldstadt/smart-gemuetlich-1-5-zimmer-wohnung-mit-balkon-1865783521,1865783521.html,2026-10-08 15:17:36
1987276631,"PRATER: 22. Etage - provisionsfrei inkl. ROOFTOP POOL1020 Wien, 02. Bezirk, Leopoldstadt96m²4ZimmerBalkonIMMOcontract Immobilien Vermittlung GmbH€ 12.611,46/m²€ 1.210.700",1020 (2. Leopoldstadt),elado,https://www.willhaben.at/iad/immobilien/d/eigentumswohnung/wien/wien-1020-leopoldstadt/prater-22-etage-provisionsfrei-inkl-rooftop-pool-1987276631,1987276631.html,2026-10-08 15:17:39
1438627739,"Altbau mit Südbalkon | 2-Zimmer in ruhiger Innenhoflage | Einbauküche | Lift | Kellerabteil1020 Wien, 02. Bezirk, Leopoldstadt49m²2ZimmerBalkonRIWOG Real Estate Management GmbH€ 7.140,82/m²€ 349.900",1020 (2. Leopoldstadt),elado,https://www.willhaben.at/iad/immobilien/d/eigentumswohnung/wien/wien-1020-leopoldstadt/altbau-mit-suedbalkon-2-zimmer-in-ruhiger-innenhoflage-einbaukueche-lift-kellerabteil-1438627739,1438627739.html,2026-10-08 15:17:45
1980421650,"The Pearl: Premium-DG mit sonniger Terrasse beim Karmelitermarkt1020 Wien, 02. Bezirk, Leopoldstadt, Große Schiffgasse 972m²3ZimmerTerrasse3SI Makler GmbH€ 9.430,56/m²€ 679.000",1020 (2. Leopoldstadt),elado,https://www.willhaben.at/iad/immobilien/d/eigentumswohnung/wien/wien-1020-leopoldstadt/the-pearl-premium-dg-mit-sonniger-terrasse-beim-karmelitermarkt-1980421650,1980421650.html,2026-10-08 15:17:47
1683040469,"Exklusives Wohnen auf einer ganzen Etage - kernsanierter Stilaltbau mit zwei Balkonen und 6 Zimmer!1020 Wien, 02. Bezirk, Leopoldstadt166m²6ZimmerBalkonSchantl ITH Immobilientreuhand GmbH€ 7.825,30/m²€ 1.299.000",1020 (2. Leopoldstadt),elado,https://www.willhaben.at/iad/immobilien/d/eigentumswohnung/wien/wien-1020-leopoldstadt/exklusives-wohnen-auf-einer-ganzen-etage-kernsanierter-stilaltbau-mit-zwei-balkonen-und-6-zimmer-1683040469,1683040469.html,2026-10-08 15:17:50
1044243406,"Stilvoll wohnen oder klug investieren - hochwertiger Erstbezug mit Balkon im Innenhof!1020 Wien, 02. Bezirk, Leopoldstadt61m²2ZimmerBalkonSchantl ITH Immobilientreuhand GmbH€ 8.180,33/m²€ 499.000",1020 (2. Leopoldstadt),elado,https://www.willhaben.at/iad/immobilien/d/eigentumswohnung/wien/wien-1020-leopoldstadt/stilvoll-wohnen-oder-klug-investieren-hochwertiger-erstbezug-mit-balkon-im-innenhof-1044243406,1044243406.html,2026-10-08 15:17:53
2102997891,"++ 8 ZIMMER-PENTHOUSE ++ Eine Rarität in Wien + private Liftfahrt auf die Dachterrasse1020 Wien, 02. Bezirk, Leopoldstadt294m²8ZimmerTerrasse, BalkonSchantl ITH Immobilientreuhand GmbH€ 10.170,07/m²€ 2.990.000",1020 (2. Leopoldstadt),elado,https://www.willhaben.at/iad/immobilien/d/eigentumswohnung/wien/wien-1020-leopoldstadt/-8-zimmer-penthouse-eine-raritaet-in-wien-private-liftfahrt-auf-die-dachterrasse-2102997891,2102997891.html,2026-10-08 15:17:56
896816823,"NEUER PREIS!!! Licht, Raum und Wohnqualität - exklusive Familienwohnung mit Ostbalkon!1020 Wien, 02. Bezirk, Leopoldstadt108m²4ZimmerTerrasseSchantl ITH Immobilientreuhand GmbH€ 8.324,07/m²€ 899.000",1020 (2. Leopoldstadt),elado,https://www.willhaben.at/iad/immobilien/d/eigentumswohnung/wien/wien-1020-leopoldstadt/neuer-preis-licht-raum-und-wohnqualitaet-exklusive-familienwohnung-mit-ostbalkon-896816823,896816823.html,2026-10-08 15:17:59
1957410308,"GARAGENPLATZ NÄHE U1 VORGARTENSTRASSE1020 Wien, 02. Bezirk, Leopoldstadt, Haussteinstraße 2Piment Immobilien & Investment GmbH€ 99",1020 (2. Leopoldstadt),elado,https://www.willhaben.at/iad/immobilien/d/sonstige/sonstige/garagenplatz-naehe-u1-vorgartenstrasse-1957410308,1957410308.html,2026-10-08 15:18:02
916842500,"Urban Living in Bestform - praktische 1,5 Zimmer - Fitness, Sauna, Shared Office im LeopoldQuartier genießen1020 Wien, 02. Bezirk, Leopoldstadt, Obere Donaustraße 2340m²1ZimmerBalkon, Loggia3SI Makler GmbH€ 8.850/m²€ 354.000",1020 (2. Leopoldstadt),elado,https://www.willhaben.at/iad/immobilien/d/eigentumswohnung/wien/wien-1020-leopoldstadt/urban-living-in-bestform-praktische-1-5-zimmer-fitness-sauna-shared-office-im-leopoldquartier-geniessen-916842500,916842500.html,2026-10-08 15:18:05
1563127266,"Urban Living in Bestform - praktische 1,5 Zimmer - Fitness, Sauna, Shared Office im LeopoldQuartier genießen1020 Wien, 02. Bezirk, Leopoldstadt, Obere Donaustraße 2339m²1ZimmerBalkon, Loggia3SI Makler GmbH€ 10.179,49/m²€ 397.000",1020 (2. Leopoldstadt),elado,https://www.willhaben.at/iad/immobilien/d/eigentumswohnung/wien/wien-1020-leopoldstadt/urban-living-in-bestform-praktische-1-5-zimmer-fitness-sauna-shared-office-im-leopoldquartier-geniessen-1563127266,1563127266.html,2026-10-08 15:18:07
2122138665,"Ankommen. Wohlfühlen. Zuhause sein.1020 Wien, 02. Bezirk, Leopoldstadt, Obere Donaustraße 2349m²2ZimmerLoggia3SI Makler GmbH€ 10.387,75/m²€ 509.000",1020 (2. Leopoldstadt),elado,https://www.willhaben.at/iad/immobilien/d/eigentumswohnung/wien/wien-1020-leopoldstadt/ankommen-wohlfuehlen-zuhause-sein-2122138665,2122138665.html,2026-10-08 15:18:10
1222180388,"Traumhafte 3-Zimmer-Wohnung mit Balkon und Aufzug im Herzen der Leopoldstadt1020 Wien, 02. Bezirk, Leopoldstadt95m²3ZimmerBalkonTwentytwo Immobilienvermittlung€ 8.200/m²€ 779.000",1020 (2. Leopoldstadt),elado,https://www.willhaben.at/iad/immobilien/d/eigentumswohnung/wien/wien-1020-leopoldstadt/traumhafte-3-zimmer-wohnung-mit-balkon-und-aufzug-im-herzen-der-leopoldstadt-1222180388,1222180388.html,2026-10-08 15:18:13
1711528293,"Das grüne Tor zur Innenstadt - wohnen im Grünen mitten in der Stadt1020 Wien, 02. Bezirk, Leopoldstadt, Obere Donaustraße 2354m²2ZimmerBalkon, Loggia3SI Makler GmbH€ 9.833,33/m²€ 531.000",1020 (2. Leopoldstadt),elado,https://www.willhaben.at/iad/immobilien/d/eigentumswohnung/wien/wien-1020-leopoldstadt/das-gruene-tor-zur-innenstadt-wohnen-im-gruenen-mitten-in-der-stadt-1711528293,1711528293.html,2026-10-08 15:18:18
1272354450,"Smart leben zwischen Stadt und Natur1020 Wien, 02. Bezirk, Leopoldstadt, Obere Donaustraße 2346m²1ZimmerBalkon, Loggia3SI Makler GmbH€ 10.369,57/m²€ 477.000",1020 (2. Leopoldstadt),elado,https://www.willhaben.at/iad/immobilien/d/eigentumswohnung/wien/wien-1020-leopoldstadt/smart-leben-zwischen-stadt-und-natur-1272354450,1272354450.html,2026-10-08 15:18:21
1682153128,"Urbanes Wohnen mit Anspruch - 2 Zimmer im LeopoldQuartier1020 Wien, 02. Bezirk, Leopoldstadt, Obere Donaustraße 2351m²2ZimmerBalkon, Loggia3SI Makler GmbH€ 10.411,76/m²€ 531.000",1020 (2. Leopoldstadt),elado,https://www.willhaben.at/iad/immobilien/d/eigentumswohnung/wien/wien-1020-leopoldstadt/urbanes-wohnen-mit-anspruch-2-zimmer-im-leopoldquartier-1682153128,1682153128.html,2026-10-08 15:18:25
1456502501,"2-ZIMMER MIT BALKON UND PRATERBLICK1020 Wien, 02. Bezirk, Leopoldstadt45m²2ZimmerBalkonTom Krauss Immo GmbH€ 10.220/m²€ 459.900",1020 (2. Leopoldstadt),elado,https://www.willhaben.at/iad/immobilien/d/eigentumswohnung/wien/wien-1020-leopoldstadt/2-zimmer-mit-balkon-und-praterblick-1456502501,1456502501.html,2026-10-08 15:18:27
2128987124,"2-ZIMMER WOHNUNG MTI BALKON IN ZENTRALER LAGE1020 Wien, 02. Bezirk, Leopoldstadt45m²2ZimmerBalkonTom Krauss Immo GmbH€ 10.275,56/m²€ 462.400",1020 (2. Leopoldstadt),elado,https://www.willhaben.at/iad/immobilien/d/eigentumswohnung/wien/wien-1020-leopoldstadt/2-zimmer-wohnung-mti-balkon-in-zentraler-lage-2128987124,2128987124.html,2026-10-08 15:18:30
1815765616,"""Leopold Quartier"" Provisionsfreie 2-Zimmer Eigentumswohnung mit Terrasse (Erstbezug!) Top 41020 Wien, 02. Bezirk, Leopoldstadt46m²2ZimmerTerrasse, LoggiaUBM Development Österreich GmbH€ 9.804,35/m²€ 451.000",1020 (2. Leopoldstadt),elado,https://www.willhaben.at/iad/immobilien/d/eigentumswohnung/wien/wien-1020-leopoldstadt/-leopold-quartier-provisionsfreie-2-zimmer-eigentumswohnung-mit-terrasse-erstbezug-top-4-1815765616,1815765616.html,2026-10-08 15:18:34
2058730793,"++NEU++ 2-Zimmer-Neubau-Erstbezug mit 2 m² Balkon, 13 m² Terrasse und 3 m² Loggia1020 Wien, 02. Bezirk, Leopoldstadt67m²2ZimmerTerrasse, Balkon, LoggiaAdonia Realitätenvermittlung GmbH€ 8.194,03/m²€ 549.000",1020 (2. Leopoldstadt),elado,https://www.willhaben.at/iad/immobilien/d/eigentumswohnung/wien/wien-1020-leopoldstadt/-neu-2-zimmer-neubau-erstbezug-mit-2-m-balkon-13-m-terrasse-und-3-m-loggia-2058730793,2058730793.html,2026-10-08 15:18:36
1710968380,"++NEU++ Altbau trifft Loggia! Generalsanierter 2-Zimmer-Erstbezug mit 6 m² Loggia und Lift1020 Wien, 02. Bezirk, Leopoldstadt72m²2ZimmerLoggiaAdonia Realitätenvermittlung GmbH€ 6.929,17/m²€ 498.900",1020 (2. Leopoldstadt),elado,https://www.willhaben.at/iad/immobilien/d/eigentumswohnung/wien/wien-1020-leopoldstadt/-neu-altbau-trifft-loggia-generalsanierter-2-zimmer-erstbezug-mit-6-m-loggia-und-lift-1710968380,1710968380.html,2026-10-08 15:18:40
1940696777,Wohnung PROVISONSFREI 2. Bezirk 60m²,1020 (2. Leopoldstadt),elado,https://www.willhaben.at/iad/immobilien/d/eigentumswohnung/wien/wien-1020-leopoldstadt/wohnung-provisonsfrei-2-bezirk-60m-1940696777,1940696777.html,2026-10-08 15:21:38
2109218723,"Leben wie im Luxus-Hotel mit Roof-Top-Pool und Concierge-Service - Unverbaubarer Weitblick über den Grünen Prater vom 25. Stock1020 Wien, 02. Bezirk, Leopoldstadt, Meiereistraße128m²3ZimmerBalkon, DachterrasseWINEGG Makler GmbH€ 13.984,38/m²€ 1.790.000",1020 (2. Leopoldstadt),elado,https://www.willhaben.at/iad/immobilien/d/eigentumswohnung/wien/wien-1020-leopoldstadt/leben-wie-im-luxus-hotel-mit-roof-top-pool-und-concierge-service-unverbaubarer-weitblick-ueber-den-gruenen-prater-vom-25-stock-2109218723,2109218723.html,2026-10-08 15:21:41
1086475334,"GRÜNBLICK - kleines Lokal zwischen 2 Tower1020 Wien, 02. Bezirk, Leopoldstadt, Meiereistraße 1494m²Geschäfts-/LadenlokalOPTIN Immobilien GmbH€ 370.000/m²€ 370.000",1020 (2. Leopoldstadt),elado,https://www.willhaben.at/iad/immobilien/d/gewerbeimmobilien-kaufen/wien/wien-1020-leopoldstadt/gruenblick-kleines-lokal-zwischen-2-tower-1086475334,1086475334.html,2026-10-08 15:21:44
874023466,"Wohnen beim grünen Prater - ein Paradies im Herbst1020 Wien, 02. Bezirk, Leopoldstadt111m²4ZimmerTerrasse, Balkonvalue one development GmbH€ 13.738,74/m²€ 1.525.000",1020 (2. Leopoldstadt),elado,https://www.willhaben.at/iad/immobilien/d/eigentumswohnung/wien/wien-1020-leopoldstadt/wohnen-beim-gruenen-prater-ein-paradies-im-herbst-874023466,874023466.html,2026-10-08 15:21:50
1222319074,"Wohnen beim grünen Prater - ein Paradies im Herbst1020 Wien, 02. Bezirk, Leopoldstadt104m²4ZimmerTerrasse, Balkon, Loggiavalue one development GmbH€ 16.035,58/m²€ 1.667.700",1020 (2. Leopoldstadt),elado,https://www.willhaben.at/iad/immobilien/d/eigentumswohnung/wien/wien-1020-leopoldstadt/wohnen-beim-gruenen-prater-ein-paradies-im-herbst-1222319074,1222319074.html,2026-10-08 15:21:54
1862191782,"Erstbezug! 3-Zimmer Wohnung mit Loggia und Traumausblick, Nähe Neue Donau1020 Wien, 02. Bezirk, Leopoldstadt76m²3ZimmerTerrasse, Balkon, LoggiaLIFESTYLE PROPERTIES€ 9.855,26/m²€ 749.000",1020 (2. Leopoldstadt),elado,https://www.willhaben.at/iad/immobilien/d/eigentumswohnung/wien/wien-1020-leopoldstadt/erstbezug-3-zimmer-wohnung-mit-loggia-und-traumausblick-naehe-neue-donau-1862191782,1862191782.html,2026-10-08 15:21:57
1886793412,"ZWEI GOLDENE ADLER | SMART LIVING - TABORSTRASSE - 2 Zimmer mit Balkon1020 Wien, 02. Bezirk, Leopoldstadt31m²2ZimmerBalkonTom Krauss Immo GmbH€ 8.241,94/m²€ 255.500",1020 (2. Leopoldstadt),elado,https://www.willhaben.at/iad/immobilien/d/eigentumswohnung/wien/wien-1020-leopoldstadt/zwei-goldene-adler-smart-living-taborstrasse-2-zimmer-mit-balkon-1886793412,1886793412.html,2026-10-08 15:22:00
1560655162,"EINFAMILIENHAUS in grüner Lage, 1020 Wien - 5 Zimmer, Garten und Terrasse, Sauna1020 Wien, 02. Bezirk, Leopoldstadt120m²5ZimmerEinfamilienhausSIRA Real Estate GmbH€ 7.491,67/m²€ 899.000",1020 (2. Leopoldstadt),elado,https://www.willhaben.at/iad/immobilien/d/haus-kaufen/wien/wien-1020-leopoldstadt/einfamilienhaus-in-gruener-lage-1020-wien-5-zimmer-garten-und-terrasse-sauna-1560655162,1560655162.html,2026-10-08 15:22:14
1161964665,"Vollsanierte 2-Zimmer-Wohnung in 1020 Wien - Ihr neues Zuhause für 399.000 EUR!1020 Wien, 02. Bezirk, Leopoldstadt, Mühlfeldgasse 560m²2ZimmerRIMMO Prime Vermittlungs GmbH€ 6.650/m²€ 399.000",1020 (2. Leopoldstadt),elado,https://www.willhaben.at/iad/immobilien/d/eigentumswohnung/wien/wien-1020-leopoldstadt/vollsanierte-2-zimmer-wohnung-in-1020-wien-ihr-neues-zuhause-fuer-399-000-eur-1161964665,1161964665.html,2026-10-08 15:22:28
1678962778,"Attraktives Geschäftslokal in 1020 Wien - vollsaniert mit Terrasse für 259.000 EUR!1020 Wien, 02. Bezirk, Leopoldstadt, Mühlfeldgasse 545m²Geschäfts-/LadenlokalRIMMO Prime Vermittlungs GmbH€ 5.755,56/m²€ 259.000",1020 (2. Leopoldstadt),elado,https://www.willhaben.at/iad/immobilien/d/gewerbeimmobilien-kaufen/wien/wien-1020-leopoldstadt/attraktives-geschaeftslokal-in-1020-wien-vollsaniert-mit-terrasse-fuer-259-000-eur-1678962778,1678962778.html,2026-10-08 15:22:32
1797180121,"MAISON 29 - L'art de vivre | Sonnige Südwohnung im 1. Dachgeschoß mit Blick über den Prater!1020 Wien, 02. Bezirk, Leopoldstadt, Ausstellungsstraße 29WINEGG Makler GmbH€ 11.131,82/m²€ 734.700",1020 (2. Leopoldstadt),elado,https://www.willhaben.at/iad/immobilien/d/sonstige/sonstige/maison-29-lart-de-vivre-sonnige-suedwohnung-im-1-dachgeschoss-mit-blick-ueber-den-prater-1797180121,1797180121.html,2026-10-08 15:22:48
825807994,"MAISON 29 - L'art de vivre | Die Kunst zu leben I Hofseitige Balkonwohnung in generalsanierter Liegenschaft bei U2!1020 Wien, 02. Bezirk, Leopoldstadt, Ausstellungsstraße 29WINEGG Makler GmbH€ 7.750/m²€ 604.500",1020 (2. Leopoldstadt),elado,https://www.willhaben.at/iad/immobilien/d/sonstige/sonstige/maison-29-lart-de-vivre-die-kunst-zu-leben-i-hofseitige-balkonwohnung-in-generalsanierter-liegenschaft-bei-u2-825807994,825807994.html,2026-10-08 15:22:51
954065184,"MAISON 29 - Die Kunst zu leben! Direkt bei U2 Messe/Prater I Balkon I Fernwärme I Hofruhelage1020 Wien, 02. Bezirk, Leopoldstadt, Ausstellungsstraße 29WINEGG Makler GmbH€ 8.850/m²€ 548.700",1020 (2. Leopoldstadt),elado,https://www.willhaben.at/iad/immobilien/d/sonstige/sonstige/maison-29-die-kunst-zu-leben-direkt-bei-u2-messe-prater-i-balkon-i-fernwaerme-i-hofruhelage-954065184,954065184.html,2026-10-08 15:22:54
1096621287,"MAISON 29 - L'art de vivre | Hofseitiger Balkon mit 16 qm I Fernwärme I 2. Liftstock I U-Bahn-Nähe!1020 Wien, 02. Bezirk, Leopoldstadt, Ausstellungsstraße 29WINEGG Makler GmbH€ 7.838,57/m²€ 548.700",1020 (2. Leopoldstadt),elado,https://www.willhaben.at/iad/immobilien/d/sonstige/sonstige/maison-29-lart-de-vivre-hofseitiger-balkon-mit-16-qm-i-fernwaerme-i-2-liftstock-i-u-bahn-naehe-1096621287,1096621287.html,2026-10-08 15:22:57
2145396612,"MAISON 29 - Zentral begehbarer 2-Zimmer-Erstbezug mit geräumiger Wohnküche und Hofbalkon1020 Wien, 02. Bezirk, Leopoldstadt, Ausstellungsstraße 29WINEGG Makler GmbH€ 7.414,86/m²€ 548.700",1020 (2. Leopoldstadt),elado,https://www.willhaben.at/iad/immobilien/d/sonstige/sonstige/maison-29-zentral-begehbarer-2-zimmer-erstbezug-mit-geraeumiger-wohnkueche-und-hofbalkon-2145396612,2145396612.html,2026-10-08 15:23:00
1200680072,"MAISON 29 - L'art de vivre | Erstbezug mit südseitigem Eigengarten bei U2 Messer/Prater! 3,8 m Raumhöhe!1020 Wien, 02. Bezirk, Leopoldstadt, Ausstellungsstraße 29WINEGG Makler GmbH€ 5.092,86/m²€ 641.700",1020 (2. Leopoldstadt),elado,https://www.willhaben.at/iad/immobilien/d/sonstige/sonstige/maison-29-lart-de-vivre-erstbezug-mit-suedseitigem-eigengarten-bei-u2-messer-prater-3-8-m-raumhoehe-1200680072,1200680072.html,2026-10-08 15:23:04
1410933489,"MAISON 29 - L'art de vivre | Geniale Lage beim Prater in sanierter Liegenschaft! Fernwärme + Balkon!1020 Wien, 02. Bezirk, Leopoldstadt, Ausstellungsstraße 29WINEGG Makler GmbH€ 8.400/m²€ 520.800",1020 (2. Leopoldstadt),elado,https://www.willhaben.at/iad/immobilien/d/sonstige/sonstige/maison-29-lart-de-vivre-geniale-lage-beim-prater-in-sanierter-liegenschaft-fernwaerme-balkon-1410933489,1410933489.html,2026-10-08 15:23:07
1808707353,"MAISON 29 - L'art de vivre | Chicer 3-Zimmer-Dachtraum mit fast 80 qm Freifläche und 2 Bädern!1020 Wien, 02. Bezirk, Leopoldstadt, Ausstellungsstraße 29WINEGG Makler GmbH€ 8.580,93/m²€ 1.664.700",1020 (2. Leopoldstadt),elado,https://www.willhaben.at/iad/immobilien/d/sonstige/sonstige/maison-29-lart-de-vivre-chicer-3-zimmer-dachtraum-mit-fast-80-qm-freiflaeche-und-2-baedern-1808707353,1808707353.html,2026-10-08 15:23:10
1902566520,"MAISON 29 - L'art de vivre | Gigantischer PRATERBLICK! Südseitige Wohnküche mit charmantem Türmchen! 2 Terrassen mit über 50 qm!1020 Wien, 02. Bezirk, Leopoldstadt, Ausstellungsstraße 29WINEGG Makler GmbH€ 11.875,39/m²€ 2.315.700",1020 (2. Leopoldstadt),elado,https://www.willhaben.at/iad/immobilien/d/sonstige/sonstige/maison-29-lart-de-vivre-gigantischer-praterblick-suedseitige-wohnkueche-mit-charmantem-tuermchen-2-terrassen-mit-ueber-50-qm-1902566520,1902566520.html,2026-10-08 15:23:13
1925792048,"MAISON 29 - L'art de vivre | Sonniger Erstbezug in wunderschön restaurierter Liegenschaft bei U2 Messe/Prater!1020 Wien, 02. Bezirk, Leopoldstadt, Ausstellungsstraße 29WINEGG Makler GmbH€ 10.656,25/m²€ 1.023.000",1020 (2. Leopoldstadt),elado,https://www.willhaben.at/iad/immobilien/d/sonstige/sonstige/maison-29-lart-de-vivre-sonniger-erstbezug-in-wunderschoen-restaurierter-liegenschaft-bei-u2-messe-prater-1925792048,1925792048.html,2026-10-08 15:23:16
1958366862,"MAISON 29 - L'art de vivre | Erstbezug mit 3,40 m Raumhöhe! Klimatisiert + Südbalkon + lebendiger Ausblick!1020 Wien, 02. Bezirk, Leopoldstadt, Ausstellungsstraße 29WINEGG Makler GmbH€ 10.185,71/m²€ 1.069.500",1020 (2. Leopoldstadt),elado,https://www.willhaben.at/iad/immobilien/d/sonstige/sonstige/maison-29-lart-de-vivre-erstbezug-mit-3-40-m-raumhoehe-klimatisiert-suedbalkon-lebendiger-ausblick-1958366862,1958366862.html,2026-10-08 15:23:20
1991419015,"MAISON 29 - L'art de vivre | Die Kunst zu leben...mit direktem Traumblick auf den Prater! Klimatisierter Erstbezug mit Südbalkon!1020 Wien, 02. Bezirk, Leopoldstadt, Ausstellungsstraße 29WINEGG Makler GmbH€ 10.185,71/m²€ 1.069.500",1020 (2. Leopoldstadt),elado,https://www.willhaben.at/iad/immobilien/d/sonstige/sonstige/maison-29-lart-de-vivre-die-kunst-zu-leben-mit-direktem-traumblick-auf-den-prater-klimatisierter-erstbezug-mit-suedbalkon-1991419015,1991419015.html,2026-10-08 15:23:23
2052316477,"MAISON 29 - L'art de vivre | Die Kunst zu leben...in Ihrer neuen Balkonwohnung in Hofruhelage nächst Prater!1020 Wien, 02. Bezirk, Leopoldstadt, Ausstellungsstraße 29WINEGG Makler GmbH€ 8.080,33/m²€ 492.900",1020 (2. Leopoldstadt),elado,https://www.willhaben.at/iad/immobilien/d/sonstige/sonstige/maison-29-lart-de-vivre-die-kunst-zu-leben-in-ihrer-neuen-balkonwohnung-in-hofruhelage-naechst-prater-2052316477,2052316477.html,2026-10-08 15:23:26
1506074793,"MAISON 29 - Urbaner Gartentraum in Südausrichtung nächst Prater und WU!1020 Wien, 02. Bezirk, Leopoldstadt, Ausstellungsstraße 29WINEGG Makler GmbH€ 4.875/m²€ 604.500",1020 (2. Leopoldstadt),elado,https://www.willhaben.at/iad/immobilien/d/sonstige/sonstige/maison-29-urbaner-gartentraum-in-suedausrichtung-naechst-prater-und-wu-1506074793,1506074793.html,2026-10-08 15:23:29
1089406571,"MAISON 29 - L'art de vivre | Chicer 3-Zimmer-Dachtraum mit fast 80 qm Freifläche und 2 Bädern!1020 Wien, 02. Bezirk, Leopoldstadt, Ausstellungsstraße 29117m²3ZimmerTerrasse, BalkonWINEGG Makler GmbH€ 15.299,15/m²€ 1.790.000",1020 (2. Leopoldstadt),elado,https://www.willhaben.at/iad/immobilien/d/eigentumswohnung/wien/wien-1020-leopoldstadt/maison-29-lart-de-vivre-chicer-3-zimmer-dachtraum-mit-fast-80-qm-freiflaeche-und-2-baedern-1089406571,1089406571.html,2026-10-08 15:23:32
936223558,"MAISON 29 - L'art de vivre | Gigantischer PRATERBLICK! Südseitige Wohnküche mit charmantem Türmchen! 2 Terrassen mit über 50 qm!1020 Wien, 02. Bezirk, Leopoldstadt, Ausstellungsstraße 29143m²3ZimmerTerrasseWINEGG Makler GmbH€ 17.412,59/m²€ 2.490.000",1020 (2. Leopoldstadt),elado,https://www.willhaben.at/iad/immobilien/d/eigentumswohnung/wien/wien-1020-leopoldstadt/maison-29-lart-de-vivre-gigantischer-praterblick-suedseitige-wohnkueche-mit-charmantem-tuermchen-2-terrassen-mit-ueber-50-qm-936223558,936223558.html,2026-10-08 15:23:34
1248172368,"MAISON 29 - L'art de vivre | Geniale Lage beim Prater in sanierter Liegenschaft! Fernwärme + Balkon!1020 Wien, 02. Bezirk, Leopoldstadt, Ausstellungsstraße 2956m²2ZimmerBalkonWINEGG Makler GmbH€ 10.000/m²€ 560.000",1020 (2. Leopoldstadt),elado,https://www.willhaben.at/iad/immobilien/d/eigentumswohnung/wien/wien-1020-leopoldstadt/maison-29-lart-de-vivre-geniale-lage-beim-prater-in-sanierter-liegenschaft-fernwaerme-balkon-1248172368,1248172368.html,2026-10-08 15:23:37
1455078072,"MAISON 29 - L'art de vivre | Die Kunst zu leben...in Ihrer neuen Balkonwohnung mit 3,40 m Raumhöhe! Hofruhelage nächst Prater!1020 Wien, 02. Bezirk, Leopoldstadt, Ausstellungsstraße 2955m²2ZimmerBalkonWINEGG Makler GmbH€ 9.636,36/m²€ 530.000",1020 (2. Leopoldstadt),elado,https://www.willhaben.at/iad/immobilien/d/eigentumswohnung/wien/wien-1020-leopoldstadt/maison-29-lart-de-vivre-die-kunst-zu-leben-in-ihrer-neuen-balkonwohnung-mit-3-40-m-raumhoehe-hofruhelage-naechst-prater-1455078072,1455078072.html,2026-10-08 15:23:41
1041478301,"MAISON 29 - Garten-Maisonette mit gigantischer Wohnküche (ca. 46 qm) und Raumhöhen über 3,30 m!1020 Wien, 02. Bezirk, Leopoldstadt, Ausstellungsstraße 29115m²3ZimmerTerrasse, GartenWINEGG Makler GmbH€ 9.478,26/m²€ 1.090.000",1020 (2. Leopoldstadt),elado,https://www.willhaben.at/iad/immobilien/d/eigentumswohnung/wien/wien-1020-leopoldstadt/maison-29-garten-maisonette-mit-gigantischer-wohnkueche-ca-46-qm-und-raumhoehen-ueber-3-30-m-1041478301,1041478301.html,2026-10-08 15:23:44
1711170646,"MAISON 29 - L'art de vivre | Die Kunst zu leben - Maisonette mit großzügigen Außenbereichen und Fensterflächen!1020 Wien, 02. Bezirk, Leopoldstadt, Ausstellungsstraße 29WINEGG Makler GmbH€ 5.415,88/m²€ 920.700",1020 (2. Leopoldstadt),elado,https://www.willhaben.at/iad/immobilien/d/sonstige/sonstige/maison-29-lart-de-vivre-die-kunst-zu-leben-maisonette-mit-grosszuegigen-aussenbereichen-und-fensterflaechen-1711170646,1711170646.html,2026-10-08 15:26:37
1718807949,"MAISON 29 - L'art de vivre | Großzügige 3-Zimmer-Maisonette mit Garten, Terrasse und 2 Bädern!1020 Wien, 02. Bezirk, Leopoldstadt, Ausstellungsstraße 29WINEGG Makler GmbH€ 5.864,33/m²€ 920.700",1020 (2. Leopoldstadt),elado,https://www.willhaben.at/iad/immobilien/d/sonstige/sonstige/maison-29-lart-de-vivre-grosszuegige-3-zimmer-maisonette-mit-garten-terrasse-und-2-baedern-1718807949,1718807949.html,2026-10-08 15:26:40
791615205,"MAISON 29 - Garten-Maisonette mit gigantischer Wohnküche (ca. 46 qm) und Raumhöhen über 3,30 m!1020 Wien, 02. Bezirk, Leopoldstadt, Ausstellungsstraße 29WINEGG Makler GmbH€ 5.859,54/m²€ 1.013.700",1020 (2. Leopoldstadt),elado,https://www.willhaben.at/iad/immobilien/d/sonstige/sonstige/maison-29-garten-maisonette-mit-gigantischer-wohnkueche-ca-46-qm-und-raumhoehen-ueber-3-30-m-791615205,791615205.html,2026-10-08 15:26:43
2020207016,"Kompakte 2-Zimmer DG-Wohnung1020 Wien, 02. Bezirk, Leopoldstadt, Stuwerstraße 6032m²2ZimmerAccenta Immobilien e.U.€ 9.343,75/m²€ 299.000",1020 (2. Leopoldstadt),elado,https://www.willhaben.at/iad/immobilien/d/eigentumswohnung/wien/wien-1020-leopoldstadt/kompakte-2-zimmer-dg-wohnung-2020207016,2020207016.html,2026-10-08 15:26:47
1179058179,"Kompakte 3-Zimmer DG-Wohnung mit optionalem Balkon1020 Wien, 02. Bezirk, Leopoldstadt, Stuwerstraße 6060m²3ZimmerAccenta Immobilien e.U.€ 8.316,67/m²€ 499.000",1020 (2. Leopoldstadt),elado,https://www.willhaben.at/iad/immobilien/d/eigentumswohnung/wien/wien-1020-leopoldstadt/kompakte-3-zimmer-dg-wohnung-mit-optionalem-balkon-1179058179,1179058179.html,2026-10-08 15:26:50
1131767620,"charmante DG-Wohnunge im hippen Stuwerviertel1020 Wien, 02. Bezirk, Leopoldstadt, Stuwerstraße 6048m²2ZimmerAccenta Immobilien e.U.€ 8.312,50/m²€ 399.000",1020 (2. Leopoldstadt),elado,https://www.willhaben.at/iad/immobilien/d/eigentumswohnung/wien/wien-1020-leopoldstadt/charmante-dg-wohnunge-im-hippen-stuwerviertel-1131767620,1131767620.html,2026-10-08 15:26:53
944574521,"Stuwerviertel | Moderne Wohnungen im revitalisierten Altbau1020 Wien, 02. Bezirk, Leopoldstadt, Stuwerstraße 6041m²2ZimmerAccenta Immobilien e.U.€ 7.292,68/m²€ 299.000",1020 (2. Leopoldstadt),elado,https://www.willhaben.at/iad/immobilien/d/eigentumswohnung/wien/wien-1020-leopoldstadt/stuwerviertel-moderne-wohnungen-im-revitalisierten-altbau-944574521,944574521.html,2026-10-08 15:26:55
1311441092,"Traumhafte DG-Wohnung mit Terrasse1020 Wien, 02. Bezirk, Leopoldstadt, Stuwerstraße 6089m²3ZimmerTerrasseAccenta Immobilien e.U.Preis auf Anfrage",1020 (2. Leopoldstadt),elado,https://www.willhaben.at/iad/immobilien/d/eigentumswohnung/wien/wien-1020-leopoldstadt/traumhafte-dg-wohnung-mit-terrasse-1311441092,1311441092.html,2026-10-08 15:26:58
1134255447,"Stuwerviertel | Moderne Wohnungen im revitalisierten Altbau1020 Wien, 02. Bezirk, Leopoldstadt, Stuwerstraße 6030m²1ZimmerAccenta Immobilien e.U.€ 6.666,67/m²€ 200.000",1020 (2. Leopoldstadt),elado,https://www.willhaben.at/iad/immobilien/d/eigentumswohnung/wien/wien-1020-leopoldstadt/stuwerviertel-moderne-wohnungen-im-revitalisierten-altbau-1134255447,1134255447.html,2026-10-08 15:27:01
938061792,"Stuwerviertel | Moderne Wohnungen im revitalisierten Altbau1020 Wien, 02. Bezirk, Leopoldstadt, Stuwerstraße 6032m²2ZimmerAccenta Immobilien e.U.€ 7.031,25/m²€ 225.000",1020 (2. Leopoldstadt),elado,https://www.willhaben.at/iad/immobilien/d/eigentumswohnung/wien/wien-1020-leopoldstadt/stuwerviertel-moderne-wohnungen-im-revitalisierten-altbau-938061792,938061792.html,2026-10-08 15:27:04
1434224870,"Familienfreundliche DG-Wohnung mit Terrasse1020 Wien, 02. Bezirk, Leopoldstadt, Stuwerstraße 6091m²4ZimmerTerrasseAccenta Immobilien e.U.€ 9.879,12/m²€ 899.000",1020 (2. Leopoldstadt),elado,https://www.willhaben.at/iad/immobilien/d/eigentumswohnung/wien/wien-1020-leopoldstadt/familienfreundliche-dg-wohnung-mit-terrasse-1434224870,1434224870.html,2026-10-08 15:27:08
1663147996,"Stuwerviertel | Moderne Wohnungen im revitalisierten Altbau1020 Wien, 02. Bezirk, Leopoldstadt, Stuwerstraße 6057m²3ZimmerAccenta Immobilien e.U.€ 7.000/m²€ 399.000",1020 (2. Leopoldstadt),elado,https://www.willhaben.at/iad/immobilien/d/eigentumswohnung/wien/wien-1020-leopoldstadt/stuwerviertel-moderne-wohnungen-im-revitalisierten-altbau-1663147996,1663147996.html,2026-10-08 15:27:11
818617357,Willhaben Ad 818617357,1020 (2. Leopoldstadt),elado,https://www.willhaben.at/iad/immobilien/d/eigentumswohnung/wien/wien-1020-leopoldstadt/grosszuegig-hell-ruhig-stilvoll-sanierte-3-zimmer-wohnung-in-ruhiger-lage-naehe-augarten-818617357,818617357.html,2026-10-08 15:27:13
1627903455,"Leben im Einklang mit Stadt und Natur - ""Josephine"" beim Prater1020 Wien, 02. Bezirk, Leopoldstadt, Stoffellagasse157m²4ZimmerTerrasse, Balkon, Loggia, GartenEHL Immobilien GmbH€ 10.285,99/m²€ 1.614.900",1020 (2. Leopoldstadt),elado,https://www.willhaben.at/iad/immobilien/d/eigentumswohnung/wien/wien-1020-leopoldstadt/leben-im-einklang-mit-stadt-und-natur-josephine-beim-prater-1627903455,1627903455.html,2026-10-08 15:27:23
830368684,"Neu & keine Provi: Exklusiv und sonnig im Prater: Erstbezug mit Top-Aussicht1020 Wien, 02. Bezirk, Leopoldstadt104m²4ZimmerBalkonIMMOcontract Immobilien Vermittlung GmbH€ 16.951,92/m²€ 1.763.000",1020 (2. Leopoldstadt),elado,https://www.willhaben.at/iad/immobilien/d/eigentumswohnung/wien/wien-1020-leopoldstadt/neu-keine-provi-exklusiv-und-sonnig-im-prater-erstbezug-mit-top-aussicht-830368684,830368684.html,2026-10-08 15:27:27
1556110598,"""Josephine"": Investieren Sie in Exklusivität und Rendite mit internationalem Charme1020 Wien, 02. Bezirk, Leopoldstadt, StoffellagasseEHL Immobilien GmbH€ 10.162,35/m²€ 863.800",1020 (2. Leopoldstadt),elado,https://www.willhaben.at/iad/immobilien/d/sonstige/sonstige/-josephine-investieren-sie-in-exklusivitaet-und-rendite-mit-internationalem-charme-1556110598,1556110598.html,2026-10-08 15:27:35
2037370697,"""Josephine"" - Ihr Vorsorgemodell mit internationalem Flair und Blick direkt zum Prater!1020 Wien, 02. Bezirk, Leopoldstadt, StoffellagasseEHL Immobilien GmbH€ 9.524,20/m²€ 1.495.300",1020 (2. Leopoldstadt),elado,https://www.willhaben.at/iad/immobilien/d/sonstige/sonstige/-josephine-ihr-vorsorgemodell-mit-internationalem-flair-und-blick-direkt-zum-prater-2037370697,2037370697.html,2026-10-08 15:27:39
1371975834,"Infinity Pool, Concierge, Gym, Sauna uvm. Moderner Erstbezug (provisionsfrei) im Prater1020 Wien, 02. Bezirk, Leopoldstadt111m²4ZimmerBalkonIMMOcontract Immobilien Vermittlung GmbH€ 14.098,20/m²€ 1.564.900",1020 (2. Leopoldstadt),elado,https://www.willhaben.at/iad/immobilien/d/eigentumswohnung/wien/wien-1020-leopoldstadt/infinity-pool-concierge-gym-sauna-uvm-moderner-erstbezug-provisionsfrei-im-prater-1371975834,1371975834.html,2026-10-08 15:27:41
973375196,"Mitten im 2. Bezirk. Und doch ein Stück darüber.1020 Wien, 02. Bezirk, Leopoldstadt124m²4ZimmerTerrasses REAL - Wien€ 9.596,77/m²€ 1.190.000",1020 (2. Leopoldstadt),elado,https://www.willhaben.at/iad/immobilien/d/eigentumswohnung/wien/wien-1020-leopoldstadt/mitten-im-2-bezirk-und-doch-ein-stueck-darueber-973375196,973375196.html,2026-10-08 15:27:50
1247067500,"The Pearl: Design-Erstbezug in begehrter Lage nahe Karmelitermarkt1020 Wien, 02. Bezirk, Leopoldstadt, Große Schiffgasse 927m²1ZimmerLoggia3SI Makler GmbH€ 10.333,33/m²€ 279.000",1020 (2. Leopoldstadt),elado,https://www.willhaben.at/iad/immobilien/d/eigentumswohnung/wien/wien-1020-leopoldstadt/the-pearl-design-erstbezug-in-begehrter-lage-nahe-karmelitermarkt-1247067500,1247067500.html,2026-10-08 15:27:52
858014467,"3 Zimmer Neubauprojekt/Wohnen nahe Lusthaus /Provisionsfrei - Herbstaktion bis 31.10.20261020 Wien, 02. Bezirk, Leopoldstadt89m²3ZimmerTerrasse, Loggia, GartenRustler Immobilientreuhand GesmbH€ 7.134,83/m²€ 635.000",1020 (2. Leopoldstadt),elado,https://www.willhaben.at/iad/immobilien/d/eigentumswohnung/wien/wien-1020-leopoldstadt/3-zimmer-neubauprojekt-wohnen-nahe-lusthaus-provisionsfrei-herbstaktion-bis-31-10-2026-858014467,858014467.html,2026-10-08 15:27:59
1794822822,"DG-Maisonette mit 3 Freiflächen & Weitblick | 137 m² | Nähe U1/U2 & Prater1020 Wien, 02. Bezirk, Leopoldstadt138m²4ZimmerTerrasse, BalkonUNIO-VERSE GmbH€ 8.623,19/m²€ 1.190.000",1020 (2. Leopoldstadt),elado,https://www.willhaben.at/iad/immobilien/d/eigentumswohnung/wien/wien-1020-leopoldstadt/dg-maisonette-mit-3-freiflaechen-weitblick-137-m-naehe-u1-u2-prater-1794822822,1794822822.html,2026-10-08 15:28:02
1274712303,"Sonnige Gartenwohnung nahe Lusthaus| Provisionsfrei | Herbstaktion bis 31.10.20261020 Wien, 02. Bezirk, Leopoldstadt81m²3ZimmerTerrasse, Loggia, GartenRustler Immobilientreuhand GesmbH€ 7.641,98/m²€ 619.000",1020 (2. Leopoldstadt),elado,https://www.willhaben.at/iad/immobilien/d/eigentumswohnung/wien/wien-1020-leopoldstadt/sonnige-gartenwohnung-nahe-lusthaus-provisionsfrei-herbstaktion-bis-31-10-2026-1274712303,1274712303.html,2026-10-08 15:28:11
1407862548,"Architektur, Lage, Investment - ein überzeugendes Gesamtpaket direkt am Karmelitermarkt1020 Wien, 02. Bezirk, Leopoldstadt, Große Schiffgasse27m²1ZimmerLoggiaEHL Immobilien GmbH€ 10.333,33/m²€ 279.000",1020 (2. Leopoldstadt),elado,https://www.willhaben.at/iad/immobilien/d/eigentumswohnung/wien/wien-1020-leopoldstadt/architektur-lage-investment-ein-ueberzeugendes-gesamtpaket-direkt-am-karmelitermarkt-1407862548,1407862548.html,2026-10-08 15:28:14
866642050,"Architektur, Lage, Investment - ein überzeugendes Gesamtpaket direkt am Karmelitermarkt1020 Wien, 02. Bezirk, Leopoldstadt, Große Schiffgasse29m²1ZimmerLoggiaEHL Immobilien GmbH€ 9.827,59/m²€ 285.000",1020 (2. Leopoldstadt),elado,https://www.willhaben.at/iad/immobilien/d/eigentumswohnung/wien/wien-1020-leopoldstadt/architektur-lage-investment-ein-ueberzeugendes-gesamtpaket-direkt-am-karmelitermarkt-866642050,866642050.html,2026-10-08 15:28:17
1454071001,"Architektur, Lage, Investment - ein überzeugendes Gesamtpaket direkt am Karmelitermarkt1020 Wien, 02. Bezirk, Leopoldstadt, Große Schiffgasse29m²1ZimmerLoggiaEHL Immobilien GmbH€ 9.137,93/m²€ 265.000",1020 (2. Leopoldstadt),elado,https://www.willhaben.at/iad/immobilien/d/eigentumswohnung/wien/wien-1020-leopoldstadt/architektur-lage-investment-ein-ueberzeugendes-gesamtpaket-direkt-am-karmelitermarkt-1454071001,1454071001.html,2026-10-08 15:28:20
2108082847,"Über den Dächern Wiens: STILVOLLES WOHNEN IN DER LEOPOLDSTADT1020 Wien, 02. Bezirk, Leopoldstadt, Franzensbrückenstraße 1577m²3Zimmertrovato GmbH€ 5.181,82/m²€ 399.000",1020 (2. Leopoldstadt),elado,https://www.willhaben.at/iad/immobilien/d/eigentumswohnung/wien/wien-1020-leopoldstadt/ueber-den-daechern-wiens-stilvolles-wohnen-in-der-leopoldstadt-2108082847,2108082847.html,2026-10-08 15:28:26
1094026969,"Rohdachboden in begehrter Lage - ideal für Eigennutzer1020 Wien, 02. Bezirk, Leopoldstadt152m²Peter Hack Immobilien GmbH€ 2.006,58/m²€ 305.000",1020 (2. Leopoldstadt),elado,https://www.willhaben.at/iad/immobilien/d/eigentumswohnung/wien/wien-1020-leopoldstadt/rohdachboden-in-begehrter-lage-ideal-fuer-eigennutzer-1094026969,1094026969.html,2026-10-08 15:31:20
1476905838,"Traumhafte Dachgeschoßwohnung in 1020 Wien - mit herrlichem Rundumblick1020 Wien, 02. Bezirk, Leopoldstadt120m²TerrasseDenich-Real GmbH€ 7.416,67/m²€ 890.000",1020 (2. Leopoldstadt),elado,https://www.willhaben.at/iad/immobilien/d/eigentumswohnung/wien/wien-1020-leopoldstadt/traumhafte-dachgeschosswohnung-in-1020-wien-mit-herrlichem-rundumblick-1476905838,1476905838.html,2026-10-08 15:31:23
1025607054,"Attraktive Dachgeschosswohnung Nähe Augarten und Praterstern1020 Wien, 02. Bezirk, Leopoldstadt102m²3ZimmerTerrasseRIMMO Prime Vermittlungs GmbH€ 6.362,74/m²€ 649.000",1020 (2. Leopoldstadt),elado,https://www.willhaben.at/iad/immobilien/d/eigentumswohnung/wien/wien-1020-leopoldstadt/attraktive-dachgeschosswohnung-naehe-augarten-und-praterstern-1025607054,1025607054.html,2026-10-08 15:31:34
1743382131,"## Ihre PRAXIS im Herzen des NORDBAHNVIERTELS ##1020 Wien, 02. Bezirk, Leopoldstadt, Leystrasse 154245m²Büro/OrdinationKIBB Immobilien GmbH€ 4.200/m²€ 1.029.000",1020 (2. Leopoldstadt),elado,https://www.willhaben.at/iad/immobilien/d/gewerbeimmobilien-kaufen/wien/wien-1020-leopoldstadt/-ihre-praxis-im-herzen-des-nordbahnviertels-1743382131,1743382131.html,2026-10-08 15:31:57
939754805,"Wohnen beim Lusthaus | Exklusive Wohnung mit Freiflächen | Provisionsfrei | Herbstaktion 31.10.20261020 Wien, 02. Bezirk, Leopoldstadt130m²4ZimmerTerrasse, LoggiaRustler Immobilientreuhand GesmbH€ 7.223,08/m²€ 939.000",1020 (2. Leopoldstadt),elado,https://www.willhaben.at/iad/immobilien/d/eigentumswohnung/wien/wien-1020-leopoldstadt/wohnen-beim-lusthaus-exklusive-wohnung-mit-freiflaechen-provisionsfrei-herbstaktion-31-10-2026-939754805,939754805.html,2026-10-08 15:31:59
1827299224,"Wohnen beim Lusthaus | 3-Zimmerwohnung mit Terrasse und Klimatisierung| Erstbezug | Provisionsfrei1020 Wien, 02. Bezirk, Leopoldstadt, Dammhaufengasse 468m²3ZimmerTerrasse, LoggiaRustler Immobilientreuhand GesmbH€ 6.750/m²€ 459.000",1020 (2. Leopoldstadt),elado,https://www.willhaben.at/iad/immobilien/d/eigentumswohnung/wien/wien-1020-leopoldstadt/wohnen-beim-lusthaus-3-zimmerwohnung-mit-terrasse-und-klimatisierung-erstbezug-provisionsfrei-1827299224,1827299224.html,2026-10-08 15:32:02
1736479305,"Wohntraum im Herzen des 2. Bezirks - moderne 3-Zimmer-Neubauwohnung1020 Wien, 02. Bezirk, Leopoldstadt85m²3ZimmerHyatt Immobilien GmbH€ 6.694,12/m²€ 569.000",1020 (2. Leopoldstadt),elado,https://www.willhaben.at/iad/immobilien/d/eigentumswohnung/wien/wien-1020-leopoldstadt/wohntraum-im-herzen-des-2-bezirks-moderne-3-zimmer-neubauwohnung-1736479305,1736479305.html,2026-10-08 15:32:08
1021868407,"Premium-Wohnqualität mit 4 Zimmern in urbaner Bestlage1020 Wien, 02. Bezirk, Leopoldstadt, Obere Donaustraße 23100m²4ZimmerBalkon, Loggia3SI Makler GmbH€ 11.380/m²€ 1.138.000",1020 (2. Leopoldstadt),elado,https://www.willhaben.at/iad/immobilien/d/eigentumswohnung/wien/wien-1020-leopoldstadt/premium-wohnqualitaet-mit-4-zimmern-in-urbaner-bestlage-1021868407,1021868407.html,2026-10-08 15:32:11
837690751,"Ruhig, hell, Balkon: eine Wohnung zum Verlieben1020 Wien, 02. Bezirk, Leopoldstadt, Obere Donaustraße 2346m²1ZimmerBalkon, Loggia3SI Makler GmbH€ 9.239,13/m²€ 425.000",1020 (2. Leopoldstadt),elado,https://www.willhaben.at/iad/immobilien/d/eigentumswohnung/wien/wien-1020-leopoldstadt/ruhig-hell-balkon-eine-wohnung-zum-verlieben-837690751,837690751.html,2026-10-08 15:32:14
1302152717,"Exklusive 4-Zimmer-Wohnung mit 2 Balkonen & Praterblick - Erstbezug direkt an der U2 Messe-Prater1020 Wien, 02. Bezirk, Leopoldstadt95m²4ZimmerBalkonMOO Immobilien GmbHPreis auf Anfrage",1020 (2. Leopoldstadt),elado,https://www.willhaben.at/iad/immobilien/d/eigentumswohnung/wien/wien-1020-leopoldstadt/exklusive-4-zimmer-wohnung-mit-2-balkonen-praterblick-erstbezug-direkt-an-der-u2-messe-prater-1302152717,1302152717.html,2026-10-08 15:32:19
1543159260,"Ein Zuhause mit Zukunft beginnt mit einem guten Konzept. Eigentumswohnung mit Renovierungskonzept!1020 Wien, 02. Bezirk, Leopoldstadt42m²2ZimmerRustler Immobilientreuhand GesmbH€ 5.357,14/m²€ 225.000",1020 (2. Leopoldstadt),elado,https://www.willhaben.at/iad/immobilien/d/eigentumswohnung/wien/wien-1020-leopoldstadt/ein-zuhause-mit-zukunft-beginnt-mit-einem-guten-konzept-eigentumswohnung-mit-renovierungskonzept-1543159260,1543159260.html,2026-10-08 15:32:22
1619632973,"2 Zimmer Neubauprojekt/ modernes Wohnen beim Lusthaus/Provisionsfrei!1020 Wien, 02. Bezirk, Leopoldstadt68m²2ZimmerTerrasse, Balkon, LoggiaRustler Immobilientreuhand GesmbH€ 7.338,24/m²€ 499.000",1020 (2. Leopoldstadt),elado,https://www.willhaben.at/iad/immobilien/d/eigentumswohnung/wien/wien-1020-leopoldstadt/2-zimmer-neubauprojekt-modernes-wohnen-beim-lusthaus-provisionsfrei-1619632973,1619632973.html,2026-10-08 15:32:26
1709189306,"Über den Dächern Wiens - Exklusives Wohnen im 27. Stock mit Donaublick!1020 Wien, 02. Bezirk, Leopoldstadt75m²3ZimmerBalkon, LoggiaRaumwert Immobilien Gmbh€ 11.320/m²€ 849.000",1020 (2. Leopoldstadt),elado,https://www.willhaben.at/iad/immobilien/d/eigentumswohnung/wien/wien-1020-leopoldstadt/ueber-den-daechern-wiens-exklusives-wohnen-im-27-stock-mit-donaublick-1709189306,1709189306.html,2026-10-08 15:32:29
1392687278,"2-ZIMMERTRAUM MIT RIESENRADBLICK1020 Wien, 02. Bezirk, Leopoldstadt45m²2ZimmerBalkonTom Krauss Immo GmbH€ 9.220/m²€ 414.900",1020 (2. Leopoldstadt),elado,https://www.willhaben.at/iad/immobilien/d/eigentumswohnung/wien/wien-1020-leopoldstadt/2-zimmertraum-mit-riesenradblick-1392687278,1392687278.html,2026-10-08 15:32:32
777602368,"Gefragte Wohnungen mit stabiler Rendite1020 Wien, 02. Bezirk, Leopoldstadt, Obere DonaustraßeEHL Immobilien GmbH€ 11.255,32/m²€ 529.000",1020 (2. Leopoldstadt),elado,https://www.willhaben.at/iad/immobilien/d/sonstige/sonstige/gefragte-wohnungen-mit-stabiler-rendite-777602368,777602368.html,2026-10-08 15:32:34
806259766,"Gefragte Wohnungen mit stabiler Rendite1020 Wien, 02. Bezirk, Leopoldstadt, Obere DonaustraßeEHL Immobilien GmbH€ 8.850/m²€ 354.000",1020 (2. Leopoldstadt),elado,https://www.willhaben.at/iad/immobilien/d/sonstige/sonstige/gefragte-wohnungen-mit-stabiler-rendite-806259766,806259766.html,2026-10-08 15:32:37
856017317,"Willkommen im LeopoldQuartier INVEST1020 Wien, 02. Bezirk, Leopoldstadt, Obere DonaustraßeEHL Immobilien GmbH€ 9.259,26/m²€ 500.000",1020 (2. Leopoldstadt),elado,https://www.willhaben.at/iad/immobilien/d/sonstige/sonstige/willkommen-im-leopoldquartier-invest-856017317,856017317.html,2026-10-08 15:32:45
943468973,"Gefragte Wohnungen mit stabiler Rendite1020 Wien, 02. Bezirk, Leopoldstadt, Obere DonaustraßeEHL Immobilien GmbH€ 9.543,48/m²€ 439.000",1020 (2. Leopoldstadt),elado,https://www.willhaben.at/iad/immobilien/d/sonstige/sonstige/gefragte-wohnungen-mit-stabiler-rendite-943468973,943468973.html,2026-10-08 15:32:47
945486694,"Gefragte Wohnungen mit stabiler Rendite1020 Wien, 02. Bezirk, Leopoldstadt, Obere DonaustraßeEHL Immobilien GmbH€ 8.739,13/m²€ 402.000",1020 (2. Leopoldstadt),elado,https://www.willhaben.at/iad/immobilien/d/sonstige/sonstige/gefragte-wohnungen-mit-stabiler-rendite-945486694,945486694.html,2026-10-08 15:32:50
947041810,"Willkommen im LeopoldQuartier INVEST1020 Wien, 02. Bezirk, Leopoldstadt, Obere DonaustraßeEHL Immobilien GmbH€ 10.086,96/m²€ 464.000",1020 (2. Leopoldstadt),elado,https://www.willhaben.at/iad/immobilien/d/sonstige/sonstige/willkommen-im-leopoldquartier-invest-947041810,947041810.html,2026-10-08 15:32:53
956433146,"Gefragte Wohnungen mit stabiler Rendite1020 Wien, 02. Bezirk, Leopoldstadt, Obere DonaustraßeEHL Immobilien GmbH€ 10.630,43/m²€ 489.000",1020 (2. Leopoldstadt),elado,https://www.willhaben.at/iad/immobilien/d/sonstige/sonstige/gefragte-wohnungen-mit-stabiler-rendite-956433146,956433146.html,2026-10-08 15:32:57
1000416310,"Investieren, profitieren, langfristig absichern1020 Wien, 02. Bezirk, Leopoldstadt, Obere DonaustraßeEHL Immobilien GmbH€ 10.891,31/m²€ 501.000",1020 (2. Leopoldstadt),elado,https://www.willhaben.at/iad/immobilien/d/sonstige/sonstige/investieren-profitieren-langfristig-absichern-1000416310,1000416310.html,2026-10-08 15:32:59
1006594268,"Gefragte Wohnungen mit stabiler Rendite1020 Wien, 02. Bezirk, Leopoldstadt, Obere DonaustraßeEHL Immobilien GmbH€ 10.520,83/m²€ 505.000",1020 (2. Leopoldstadt),elado,https://www.willhaben.at/iad/immobilien/d/sonstige/sonstige/gefragte-wohnungen-mit-stabiler-rendite-1006594268,1006594268.html,2026-10-08 15:33:02
824944283,"Investieren, profitieren, langfristig absichern1020 Wien, 02. Bezirk, Leopoldstadt, Obere DonaustraßeEHL Immobilien GmbH€ 8.705,88/m²€ 444.000",1020 (2. Leopoldstadt),elado,https://www.willhaben.at/iad/immobilien/d/sonstige/sonstige/investieren-profitieren-langfristig-absichern-824944283,824944283.html,2026-10-08 15:33:06
1126585585,"Willkommen im LeopoldQuartier INVEST1020 Wien, 02. Bezirk, Leopoldstadt, Obere DonaustraßeEHL Immobilien GmbH€ 11.111,11/m²€ 400.000",1020 (2. Leopoldstadt),elado,https://www.willhaben.at/iad/immobilien/d/sonstige/sonstige/willkommen-im-leopoldquartier-invest-1126585585,1126585585.html,2026-10-08 15:33:08
1133311119,"Gefragte Wohnungen mit stabiler Rendite1020 Wien, 02. Bezirk, Leopoldstadt, Obere DonaustraßeEHL Immobilien GmbH€ 9.934,78/m²€ 457.000",1020 (2. Leopoldstadt),elado,https://www.willhaben.at/iad/immobilien/d/sonstige/sonstige/gefragte-wohnungen-mit-stabiler-rendite-1133311119,1133311119.html,2026-10-08 15:33:11
1148972259,"Investieren, profitieren, langfristig absichern1020 Wien, 02. Bezirk, Leopoldstadt, Obere DonaustraßeEHL Immobilien GmbH€ 10.387,75/m²€ 509.000",1020 (2. Leopoldstadt),elado,https://www.willhaben.at/iad/immobilien/d/sonstige/sonstige/investieren-profitieren-langfristig-absichern-1148972259,1148972259.html,2026-10-08 15:33:13
1153053402,"Investieren, profitieren, langfristig absichern1020 Wien, 02. Bezirk, Leopoldstadt, Obere DonaustraßeEHL Immobilien GmbH€ 9.500/m²€ 437.000",1020 (2. Leopoldstadt),elado,https://www.willhaben.at/iad/immobilien/d/sonstige/sonstige/investieren-profitieren-langfristig-absichern-1153053402,1153053402.html,2026-10-08 15:33:17
1165169836,"Gefragte Wohnungen mit stabiler Rendite1020 Wien, 02. Bezirk, Leopoldstadt, Obere DonaustraßeEHL Immobilien GmbH€ 10.228,57/m²€ 358.000",1020 (2. Leopoldstadt),elado,https://www.willhaben.at/iad/immobilien/d/sonstige/sonstige/gefragte-wohnungen-mit-stabiler-rendite-1165169836,1165169836.html,2026-10-08 15:36:02
1174313049,"Investieren, profitieren, langfristig absichern1020 Wien, 02. Bezirk, Leopoldstadt, Obere DonaustraßeEHL Immobilien GmbH€ 8.979,59/m²€ 440.000",1020 (2. Leopoldstadt),elado,https://www.willhaben.at/iad/immobilien/d/sonstige/sonstige/investieren-profitieren-langfristig-absichern-1174313049,1174313049.html,2026-10-08 15:36:06
1351224986,"Sichere Wertanlage durch ökologische Bauweise1020 Wien, 02. Bezirk, Leopoldstadt, Obere DonaustraßeEHL Immobilien GmbH€ 9.956,52/m²€ 458.000",1020 (2. Leopoldstadt),elado,https://www.willhaben.at/iad/immobilien/d/sonstige/sonstige/sichere-wertanlage-durch-oekologische-bauweise-1351224986,1351224986.html,2026-10-08 15:36:12
2059750578,"Gefragte Wohnungen mit stabiler Rendite1020 Wien, 02. Bezirk, Leopoldstadt, Obere DonaustraßeEHL Immobilien GmbH€ 9.735,85/m²€ 516.000",1020 (2. Leopoldstadt),elado,https://www.willhaben.at/iad/immobilien/d/sonstige/sonstige/gefragte-wohnungen-mit-stabiler-rendite-2059750578,2059750578.html,2026-10-08 15:36:22
2059902016,"Sichere Wertanlage durch ökologische Bauweise1020 Wien, 02. Bezirk, Leopoldstadt, Obere DonaustraßeEHL Immobilien GmbH€ 10.083,33/m²€ 363.000",1020 (2. Leopoldstadt),elado,https://www.willhaben.at/iad/immobilien/d/sonstige/sonstige/sichere-wertanlage-durch-oekologische-bauweise-2059902016,2059902016.html,2026-10-08 15:36:26
2095784093,"Investieren, profitieren, langfristig absichern1020 Wien, 02. Bezirk, Leopoldstadt, Obere DonaustraßeEHL Immobilien GmbH€ 8.729,17/m²€ 419.000",1020 (2. Leopoldstadt),elado,https://www.willhaben.at/iad/immobilien/d/sonstige/sonstige/investieren-profitieren-langfristig-absichern-2095784093,2095784093.html,2026-10-08 15:36:31
2104097595,"Investieren, profitieren, langfristig absichern1020 Wien, 02. Bezirk, Leopoldstadt, Obere DonaustraßeEHL Immobilien GmbH€ 11.171,43/m²€ 391.000",1020 (2. Leopoldstadt),elado,https://www.willhaben.at/iad/immobilien/d/sonstige/sonstige/investieren-profitieren-langfristig-absichern-2104097595,2104097595.html,2026-10-08 15:36:33
2113697016,"Gefragte Wohnungen mit stabiler Rendite1020 Wien, 02. Bezirk, Leopoldstadt, Obere DonaustraßeEHL Immobilien GmbH€ 8.808,51/m²€ 414.000",1020 (2. Leopoldstadt),elado,https://www.willhaben.at/iad/immobilien/d/sonstige/sonstige/gefragte-wohnungen-mit-stabiler-rendite-2113697016,2113697016.html,2026-10-08 15:36:39
1130632700,"Willkommen im LeopoldQuartier INVEST1020 Wien, 02. Bezirk, Leopoldstadt, Obere DonaustraßeEHL Immobilien GmbH€ 9.019,61/m²€ 460.000",1020 (2. Leopoldstadt),elado,https://www.willhaben.at/iad/immobilien/d/sonstige/sonstige/willkommen-im-leopoldquartier-invest-1130632700,1130632700.html,2026-10-08 15:36:43
1152218142,"Sichere Wertanlage durch ökologische Bauweise1020 Wien, 02. Bezirk, Leopoldstadt, Obere DonaustraßeEHL Immobilien GmbH€ 9.320,75/m²€ 494.000",1020 (2. Leopoldstadt),elado,https://www.willhaben.at/iad/immobilien/d/sonstige/sonstige/sichere-wertanlage-durch-oekologische-bauweise-1152218142,1152218142.html,2026-10-08 15:36:46
1665700922,"Sichere Wertanlage durch ökologische Bauweise1020 Wien, 02. Bezirk, Leopoldstadt, Obere DonaustraßeEHL Immobilien GmbH€ 9.685,71/m²€ 339.000",1020 (2. Leopoldstadt),elado,https://www.willhaben.at/iad/immobilien/d/sonstige/sonstige/sichere-wertanlage-durch-oekologische-bauweise-1665700922,1665700922.html,2026-10-08 15:36:49
1673019275,"Investieren, profitieren, langfristig absichern1020 Wien, 02. Bezirk, Leopoldstadt, Obere DonaustraßeEHL Immobilien GmbH€ 10.062,50/m²€ 483.000",1020 (2. Leopoldstadt),elado,https://www.willhaben.at/iad/immobilien/d/sonstige/sonstige/investieren-profitieren-langfristig-absichern-1673019275,1673019275.html,2026-10-08 15:36:52
1676562648,"Gefragte Wohnungen mit stabiler Rendite1020 Wien, 02. Bezirk, Leopoldstadt, Obere DonaustraßeEHL Immobilien GmbH€ 9.083,33/m²€ 436.000",1020 (2. Leopoldstadt),elado,https://www.willhaben.at/iad/immobilien/d/sonstige/sonstige/gefragte-wohnungen-mit-stabiler-rendite-1676562648,1676562648.html,2026-10-08 15:36:57
1695300783,"Gefragte Wohnungen mit stabiler Rendite1020 Wien, 02. Bezirk, Leopoldstadt, Obere DonaustraßeEHL Immobilien GmbH€ 9.250/m²€ 333.000",1020 (2. Leopoldstadt),elado,https://www.willhaben.at/iad/immobilien/d/sonstige/sonstige/gefragte-wohnungen-mit-stabiler-rendite-1695300783,1695300783.html,2026-10-08 15:37:00
1809115007,"Sichere Wertanlage durch ökologische Bauweise1020 Wien, 02. Bezirk, Leopoldstadt, Obere DonaustraßeEHL Immobilien GmbH€ 9.978,26/m²€ 459.000",1020 (2. Leopoldstadt),elado,https://www.willhaben.at/iad/immobilien/d/sonstige/sonstige/sichere-wertanlage-durch-oekologische-bauweise-1809115007,1809115007.html,2026-10-08 15:37:08
1835133408,"Investieren, profitieren, langfristig absichern1020 Wien, 02. Bezirk, Leopoldstadt, Obere DonaustraßeEHL Immobilien GmbH€ 9.435,19/m²€ 1.019.000",1020 (2. Leopoldstadt),elado,https://www.willhaben.at/iad/immobilien/d/sonstige/sonstige/investieren-profitieren-langfristig-absichern-1835133408,1835133408.html,2026-10-08 15:37:10
1859595331,"Investieren, profitieren, langfristig absichern1020 Wien, 02. Bezirk, Leopoldstadt, Obere DonaustraßeEHL Immobilien GmbH€ 9.861,11/m²€ 1.065.000",1020 (2. Leopoldstadt),elado,https://www.willhaben.at/iad/immobilien/d/sonstige/sonstige/investieren-profitieren-langfristig-absichern-1859595331,1859595331.html,2026-10-08 15:37:13
1894195165,"Gefragte Wohnungen mit stabiler Rendite1020 Wien, 02. Bezirk, Leopoldstadt, Obere DonaustraßeEHL Immobilien GmbH€ 10.891,31/m²€ 501.000",1020 (2. Leopoldstadt),elado,https://www.willhaben.at/iad/immobilien/d/sonstige/sonstige/gefragte-wohnungen-mit-stabiler-rendite-1894195165,1894195165.html,2026-10-08 15:37:16
1029837782,"ZWEI GOLDENE ADLER |SMART LIVING - TABORSTRASSE1020 Wien, 02. Bezirk, Leopoldstadt35m²2ZimmerBalkonTom Krauss Immo GmbH€ 8.288,57/m²€ 290.100",1020 (2. Leopoldstadt),elado,https://www.willhaben.at/iad/immobilien/d/eigentumswohnung/wien/wien-1020-leopoldstadt/zwei-goldene-adler-smart-living-taborstrasse-1029837782,1029837782.html,2026-10-08 15:37:19
1129056471,"Vierzimmer-Traum mit viel Balkon & Sonnenuntergang (Neubau-Erstbezug mit Annehmlichkeiten)1020 Wien, 02. Bezirk, Leopoldstadt116m²4ZimmerBalkonIMMOcontract Immobilien Vermittlung GmbH€ 14.422,41/m²€ 1.673.000",1020 (2. Leopoldstadt),elado,https://www.willhaben.at/iad/immobilien/d/eigentumswohnung/wien/wien-1020-leopoldstadt/vierzimmer-traum-mit-viel-balkon-sonnenuntergang-neubau-erstbezug-mit-annehmlichkeiten-1129056471,1129056471.html,2026-10-08 15:37:22
1406617220,"Altbauwohnung Nähe Prater und Donaukanal1020 Wien, 02. Bezirk, Leopoldstadt, Schüttelstraße65m²3ZimmerWINEGG Makler GmbH€ 4.769,23/m²€ 310.000",1020 (2. Leopoldstadt),elado,https://www.willhaben.at/iad/immobilien/d/eigentumswohnung/wien/wien-1020-leopoldstadt/altbauwohnung-naehe-prater-und-donaukanal-1406617220,1406617220.html,2026-10-08 15:37:27
860115647,"++ Ihr neues Zuhause in Augarten-Nähe ++ Balkonwohnung vom Feinsten + Ruhelage + ab sofort verfügbar1020 Wien, 02. Bezirk, Leopoldstadt, Lessinggasse87m²3ZimmerBalkonSchantl ITH Immobilientreuhand GmbH€ 8.839,08/m²€ 769.000",1020 (2. Leopoldstadt),elado,https://www.willhaben.at/iad/immobilien/d/eigentumswohnung/wien/wien-1020-leopoldstadt/-ihr-neues-zuhause-in-augarten-naehe-balkonwohnung-vom-feinsten-ruhelage-ab-sofort-verfuegbar-860115647,860115647.html,2026-10-08 15:37:39
1243305941,"# SQ - ADAPTIERUNGSBEDÜRFTIGE 1 ZIMMER NEUBAUWOHNUNG MIT BALKON - NESTROYPLATZ - DIREKT BEI DER U-BAHN STATION1020 Wien, 02. Bezirk, Leopoldstadt37m²1ZimmerBalkonSTADTQUARTIER Home€ 5.378,38/m²€ 199.000",1020 (2. Leopoldstadt),elado,https://www.willhaben.at/iad/immobilien/d/eigentumswohnung/wien/wien-1020-leopoldstadt/-sq-adaptierungsbeduerftige-1-zimmer-neubauwohnung-mit-balkon-nestroyplatz-direkt-bei-der-u-bahn-station-1243305941,1243305941.html,2026-10-08 15:37:42
978231446,"Charmante Starterwohnung in gefragter Wiener Wohnlage1020 Wien, 02. Bezirk, Leopoldstadt43m²Hyatt Immobilien GmbH€ 4.186,05/m²€ 180.000",1020 (2. Leopoldstadt),elado,https://www.willhaben.at/iad/immobilien/d/eigentumswohnung/wien/wien-1020-leopoldstadt/charmante-starterwohnung-in-gefragter-wiener-wohnlage-978231446,978231446.html,2026-10-08 15:37:48
1849539467,"GRÜNBLICK - kleines Geschäftslokal1020 Wien, 02. Bezirk, Leopoldstadt, Meiereistraße 1494m²Geschäfts-/LadenlokalOPTIN Immobilien GmbH€ 4.042,55/m²€ 380.000",1020 (2. Leopoldstadt),elado,https://www.willhaben.at/iad/immobilien/d/gewerbeimmobilien-kaufen/wien/wien-1020-leopoldstadt/gruenblick-kleines-geschaeftslokal-1849539467,1849539467.html,2026-10-08 15:40:49
1777745530,"Repräsentative Altbauwohnung mit flexibler Raumgestaltung1020 Wien, 02. Bezirk, Leopoldstadt155m²4ZimmerEngel & Völkers Wien, EuV Immobilien GmbH€ 5.800/m²€ 899.000",1020 (2. Leopoldstadt),elado,https://www.willhaben.at/iad/immobilien/d/eigentumswohnung/wien/wien-1020-leopoldstadt/repraesentative-altbauwohnung-mit-flexibler-raumgestaltung-1777745530,1777745530.html,2026-10-08 15:40:56
821391016,"Baubewilligter Rohdachboden in beliebter Lage nahe dem Prater und der Messe-Wien1020 Wien, 02. Bezirk, Leopoldstadt, Max-Winter-Platz 19296m²Terrasse3SI Makler GmbH€ 2.533,78/m²€ 750.000",1020 (2. Leopoldstadt),elado,https://www.willhaben.at/iad/immobilien/d/eigentumswohnung/wien/wien-1020-leopoldstadt/baubewilligter-rohdachboden-in-beliebter-lage-nahe-dem-prater-und-der-messe-wien-821391016,821391016.html,2026-10-08 15:41:02
1067830022,"NEUER PREIS: EUR 145.000,- | Altbau mit Potenzial im Stuwerviertel1020 Wien, 02. Bezirk, Leopoldstadt42m²1ZimmerRustler Immobilientreuhand GesmbH€ 3.452,38/m²€ 145.000",1020 (2. Leopoldstadt),elado,https://www.willhaben.at/iad/immobilien/d/eigentumswohnung/wien/wien-1020-leopoldstadt/neuer-preis-eur-145-000-altbau-mit-potenzial-im-stuwerviertel-1067830022,1067830022.html,2026-10-08 15:41:11
1615971565,"Faszinierendes Palais beim Augarten | mit beeindruckender Geschichte!1020 Wien, 02. Bezirk, Leopoldstadt1.266m²ZinshausHösch Immobilien GmbH€ 6.311,22/m²€ 7.990.000",1020 (2. Leopoldstadt),elado,https://www.willhaben.at/iad/immobilien/d/gewerbeimmobilien-kaufen/wien/wien-1020-leopoldstadt/faszinierendes-palais-beim-augarten-mit-beeindruckender-geschichte-1615971565,1615971565.html,2026-10-08 15:41:14
1453186302,"2.Wien: Helle 90qm -4ZI-Lift-Etagenwohnung - Alliiertenstraße - Besichtigung MO 28.9.2026 - FIXPREIS EUR 400.000,--1020 Wien, 02. Bezirk, Leopoldstadt90m²IMMOcontract Immobilien Vermittlung GmbH€ 4.444,44/m²€ 400.000",1020 (2. Leopoldstadt),elado,https://www.willhaben.at/iad/immobilien/d/eigentumswohnung/wien/wien-1020-leopoldstadt/2-wien-helle-90qm-4zi-lift-etagenwohnung-alliiertenstrasse-besichtigung-mo-28-9-2026-fixpreis-eur-400-000-1453186302,1453186302.html,2026-10-08 15:41:20
1937684967,"Moderner Garagenplatz - Rudolf-Bednar-Park, Nordbahnviertel1020 Wien, 02. Bezirk, Leopoldstadt, Leystraße 166IMMONATION€ 12,90/m²€ 129",1020 (2. Leopoldstadt),elado,https://www.willhaben.at/iad/immobilien/d/sonstige/sonstige/moderner-garagenplatz-rudolf-bednar-park-nordbahnviertel-1937684967,1937684967.html,2026-10-08 15:41:25
1533929826,"Nähe Venediger Au: Großzügige 72 m² Wohnung mit Option auf 2. Schlafzimmer!1020 Wien, 02. Bezirk, Leopoldstadt72m²2ZimmerIMMO AGENCY GmbH€ 4.986,11/m²€ 359.000",1020 (2. Leopoldstadt),elado,https://www.willhaben.at/iad/immobilien/d/eigentumswohnung/wien/wien-1020-leopoldstadt/naehe-venediger-au-grosszuegige-72-m-wohnung-mit-option-auf-2-schlafzimmer-1533929826,1533929826.html,2026-10-08 15:41:28
1946360174,"PRATER: PROVISIONSFREI - Hochhaus-Luxus mit Rooftop Pool, Concierge, Gym, Sauna1020 Wien, 02. Bezirk, Leopoldstadt81m²3ZimmerBalkonIMMOcontract Immobilien Vermittlung GmbH€ 9.867,90/m²€ 799.300",1020 (2. Leopoldstadt),elado,https://www.willhaben.at/iad/immobilien/d/eigentumswohnung/wien/wien-1020-leopoldstadt/prater-provisionsfrei-hochhaus-luxus-mit-rooftop-pool-concierge-gym-sauna-1946360174,1946360174.html,2026-10-08 15:41:31
1883268473,"PRIVATVERKAUF!!! Wunderschöne 3 Zimmerwohnung nähe Prater!!!1020 Wien, 02. Bezirk, Leopoldstadt, Kleine Stadtgutgaße/Nordbahnstraße76m²3ZimmerPrivat€ 6.250/m²€ 475.000",1020 (2. Leopoldstadt),elado,https://www.willhaben.at/iad/immobilien/d/eigentumswohnung/wien/wien-1020-leopoldstadt/privatverkauf-wunderschoene-3-zimmerwohnung-naehe-prater-1883268473,1883268473.html,2026-10-08 15:41:40
1881940018,"AM GRÜNEN PRATER - modernes Wohnen mit Freiraum in 1020 Wien1020 Wien, 02. Bezirk, LeopoldstadtTerrasse, Balkon, Loggia, GartenRustler Immobilientreuhand GesmbHKeine Angabe",1020 (2. Leopoldstadt),elado,https://www.willhaben.at/iad/immobilien/d/eigentumswohnung/wien/wien-1020-leopoldstadt/am-gruenen-prater-modernes-wohnen-mit-freiraum-in-1020-wien-1881940018,1881940018.html,2026-10-08 15:41:46
2010081669,"""The Pearl"" - Neubauwohnungen in Bestlage am Karmelitermarkt1020 Wien, 02. Bezirk, Leopoldstadt29m²1ZimmerLoggiaRealitäten Verkehrs-Gesellschaft m.b.H€ 10.310,34/m²€ 299.000",1020 (2. Leopoldstadt),elado,https://www.willhaben.at/iad/immobilien/d/eigentumswohnung/wien/wien-1020-leopoldstadt/-the-pearl-neubauwohnungen-in-bestlage-am-karmelitermarkt-2010081669,2010081669.html,2026-10-08 15:42:09
1143146207,"3-ZIMMER EIGENTUMSWOHNUNG - DACHGESCHOSS MIT PRATERBLICK1020 Wien, 02. Bezirk, Leopoldstadt85m²3ZimmerTerrasse, LoggiaTom Krauss Immo GmbH€ 10.975,29/m²€ 932.900",1020 (2. Leopoldstadt),elado,https://www.willhaben.at/iad/immobilien/d/eigentumswohnung/wien/wien-1020-leopoldstadt/3-zimmer-eigentumswohnung-dachgeschoss-mit-praterblick-1143146207,1143146207.html,2026-10-08 15:42:13
1313312382,"""The Pearl"" - Neubauwohnungen in Bestlage am Karmelitermarkt1020 Wien, 02. Bezirk, Leopoldstadt29m²1ZimmerLoggiaRealitäten Verkehrs-Gesellschaft m.b.H€ 9.827,59/m²€ 285.000",1020 (2. Leopoldstadt),elado,https://www.willhaben.at/iad/immobilien/d/eigentumswohnung/wien/wien-1020-leopoldstadt/-the-pearl-neubauwohnungen-in-bestlage-am-karmelitermarkt-1313312382,1313312382.html,2026-10-08 15:42:29
1523990965,"Stilvolle 3-Zimmer in Toplage - Erstbezug bei Prater & WU1020 Wien, 02. Bezirk, Leopoldstadt65m²3ZimmerMOO Immobilien GmbH€ 7.384,61/m²€ 480.000",1020 (2. Leopoldstadt),elado,https://www.willhaben.at/iad/immobilien/d/eigentumswohnung/wien/wien-1020-leopoldstadt/stilvolle-3-zimmer-in-toplage-erstbezug-bei-prater-wu-1523990965,1523990965.html,2026-10-08 15:42:34
1730119757,"ANLEGER aufgepasst: Pittoreskes Unikat - Altbautraum in bester Stadtlage!1020 Wien, 02. Bezirk, Leopoldstadt125m²4ZimmerHösch Immobilien GmbH€ 4.472/m²€ 559.000",1020 (2. Leopoldstadt),elado,https://www.willhaben.at/iad/immobilien/d/eigentumswohnung/wien/wien-1020-leopoldstadt/anleger-aufgepasst-pittoreskes-unikat-altbautraum-in-bester-stadtlage-1730119757,1730119757.html,2026-10-08 15:42:41
1263839012,"ANLEGER aufgepasst: Pittoreskes Unikat - Altbautraum in bester Stadtlage!1020 Wien, 02. Bezirk, Leopoldstadt136m²Geschäfts-/LadenlokalHösch Immobilien GmbH€ 4.404,41/m²€ 599.000",1020 (2. Leopoldstadt),elado,https://www.willhaben.at/iad/immobilien/d/gewerbeimmobilien-kaufen/wien/wien-1020-leopoldstadt/anleger-aufgepasst-pittoreskes-unikat-altbautraum-in-bester-stadtlage-1263839012,1263839012.html,2026-10-08 15:42:44
1331206741,"ANLEGER aufgepasst: Pittoreskes Unikat - Altbautraum in bester Stadtlage!1020 Wien, 02. Bezirk, Leopoldstadt177m²6ZimmerHösch Immobilien GmbH€ 4.514,12/m²€ 799.000",1020 (2. Leopoldstadt),elado,https://www.willhaben.at/iad/immobilien/d/eigentumswohnung/wien/wien-1020-leopoldstadt/anleger-aufgepasst-pittoreskes-unikat-altbautraum-in-bester-stadtlage-1331206741,1331206741.html,2026-10-08 15:42:47
1724489809,"ANLEGER aufgepasst: Pittoreskes Unikat - Altbautraum in bester Stadtlage!1020 Wien, 02. Bezirk, Leopoldstadt167m²5ZimmerHösch Immobilien GmbH€ 4.485,03/m²€ 749.000",1020 (2. Leopoldstadt),elado,https://www.willhaben.at/iad/immobilien/d/eigentumswohnung/wien/wien-1020-leopoldstadt/anleger-aufgepasst-pittoreskes-unikat-altbautraum-in-bester-stadtlage-1724489809,1724489809.html,2026-10-08 15:45:33
1475559989,"ANLEGER aufgepasst: Pittoreskes Unikat - Altbautraum in bester Stadtlage!1020 Wien, 02. Bezirk, Leopoldstadt58m²Geschäfts-/LadenlokalHösch Immobilien GmbH€ 4.465,52/m²€ 259.000",1020 (2. Leopoldstadt),elado,https://www.willhaben.at/iad/immobilien/d/gewerbeimmobilien-kaufen/wien/wien-1020-leopoldstadt/anleger-aufgepasst-pittoreskes-unikat-altbautraum-in-bester-stadtlage-1475559989,1475559989.html,2026-10-08 15:45:36
1624116546,"ANLEGER aufgepasst: Pittoreskes Unikat - Altbautraum in bester Stadtlage!1020 Wien, 02. Bezirk, Leopoldstadt77m²Geschäfts-/LadenlokalHösch Immobilien GmbH€ 5.571,43/m²€ 429.000",1020 (2. Leopoldstadt),elado,https://www.willhaben.at/iad/immobilien/d/gewerbeimmobilien-kaufen/wien/wien-1020-leopoldstadt/anleger-aufgepasst-pittoreskes-unikat-altbautraum-in-bester-stadtlage-1624116546,1624116546.html,2026-10-08 15:45:39
1321879746,"ANLEGER aufgepasst: Pittoreskes Unikat - Altbautraum in bester Stadtlage!1020 Wien, 02. Bezirk, Leopoldstadt141m²4ZimmerHösch Immobilien GmbH€ 4.460,99/m²€ 629.000",1020 (2. Leopoldstadt),elado,https://www.willhaben.at/iad/immobilien/d/eigentumswohnung/wien/wien-1020-leopoldstadt/anleger-aufgepasst-pittoreskes-unikat-altbautraum-in-bester-stadtlage-1321879746,1321879746.html,2026-10-08 15:45:42
1382323317,"Provisionsfrei: Premiumresidenzen am Prater mit Infinity Pool über den Dächern der Stadt1020 Wien, 02. Bezirk, Leopoldstadt132m²4ZimmerBalkonIMMOcontract Immobilien Vermittlung GmbH€ 14.865,15/m²€ 1.962.200",1020 (2. Leopoldstadt),elado,https://www.willhaben.at/iad/immobilien/d/eigentumswohnung/wien/wien-1020-leopoldstadt/provisionsfrei-premiumresidenzen-am-prater-mit-infinity-pool-ueber-den-daechern-der-stadt-1382323317,1382323317.html,2026-10-08 15:45:51
1506925917,"Provisionsfrei: 21. Etage - Skyline Living am PRATER mit ROOFTOP POOL1020 Wien, 02. Bezirk, Leopoldstadt111m²4ZimmerBalkonIMMOcontract Immobilien Vermittlung GmbH€ 13.738,74/m²€ 1.525.000",1020 (2. Leopoldstadt),elado,https://www.willhaben.at/iad/immobilien/d/eigentumswohnung/wien/wien-1020-leopoldstadt/provisionsfrei-21-etage-skyline-living-am-prater-mit-rooftop-pool-1506925917,1506925917.html,2026-10-08 15:45:54
924938628,"GOLDENER PFAU | SONNE. FREIRAUM. WOHNGENUSS IM KARMELITERVIERTEL1020 Wien, 02. Bezirk, Leopoldstadt84m²3ZimmerBalkon, LoggiaTom Krauss Immo GmbH€ 10.117,86/m²€ 849.900",1020 (2. Leopoldstadt),elado,https://www.willhaben.at/iad/immobilien/d/eigentumswohnung/wien/wien-1020-leopoldstadt/goldener-pfau-sonne-freiraum-wohngenuss-im-karmeliterviertel-924938628,924938628.html,2026-10-08 15:45:57
778784281,"2. Zimmer- Wohnung mit Loggia zwischen Taborstraße und Praterstern1020 Wien, 02. Bezirk, Leopoldstadt66m²2ZimmerLoggiaDual Immobilien GmbH€ 7.560,61/m²€ 499.000",1020 (2. Leopoldstadt),elado,https://www.willhaben.at/iad/immobilien/d/eigentumswohnung/wien/wien-1020-leopoldstadt/2-zimmer-wohnung-mit-loggia-zwischen-taborstrasse-und-praterstern-778784281,778784281.html,2026-10-08 15:46:00
1063044894,"++NEU++ Direkt beim Augarten Park - Exklusive Altbau-Maisonette mit 158 m² Wohnluxus im Herzen des 2. Bezirks!1020 Wien, 02. Bezirk, Leopoldstadt158m²5ZimmerLandaa Immobilien GmbH€ 8.854,43/m²€ 1.399.000",1020 (2. Leopoldstadt),elado,https://www.willhaben.at/iad/immobilien/d/eigentumswohnung/wien/wien-1020-leopoldstadt/-neu-direkt-beim-augarten-park-exklusive-altbau-maisonette-mit-158-m-wohnluxus-im-herzen-des-2-bezirks-1063044894,1063044894.html,2026-10-08 15:46:03
2136314998,"GENERALSANIERTE ALTBAUWOHNUNG (ca.95m²) mit BALKON (ca. 4m²) - 3 Zimmer1020 Wien, 02. Bezirk, Leopoldstadt95m²3ZimmerBalkonFSR Immobilienvermarktungs- und -beteiligungsgesellschaft m.b.H.€ 8.200/m²€ 779.000",1020 (2. Leopoldstadt),elado,https://www.willhaben.at/iad/immobilien/d/eigentumswohnung/wien/wien-1020-leopoldstadt/generalsanierte-altbauwohnung-ca-95m-mit-balkon-ca-4m-3-zimmer-2136314998,2136314998.html,2026-10-08 15:46:06
787529064,"++NEU++ Nur 1 Minute zur U-Bahn (Schottenring) - Stilvolle 3 Zimmer Wohnung im begehrten Karmelitenviertel!!! TOP LAGE!1020 Wien, 02. Bezirk, Leopoldstadt88m²3ZimmerLandaa Immobilien GmbH€ 6.181,82/m²€ 544.000",1020 (2. Leopoldstadt),elado,https://www.willhaben.at/iad/immobilien/d/eigentumswohnung/wien/wien-1020-leopoldstadt/-neu-nur-1-minute-zur-u-bahn-schottenring-stilvolle-3-zimmer-wohnung-im-begehrten-karmelitenviertel-top-lage-787529064,787529064.html,2026-10-08 15:46:09
998289627,"Neubau 2. Zimmer- Wohnung mit Balkon, Nähe Augarten Park1020 Wien, 02. Bezirk, Leopoldstadt57m²2ZimmerBalkon, LoggiaDual Immobilien GmbH€ 8.403,51/m²€ 479.000",1020 (2. Leopoldstadt),elado,https://www.willhaben.at/iad/immobilien/d/eigentumswohnung/wien/wien-1020-leopoldstadt/neubau-2-zimmer-wohnung-mit-balkon-naehe-augarten-park-998289627,998289627.html,2026-10-08 15:46:12
1004030040,"Erstbezug, 2. Zimmer- Wohnung mit Loggia, Nähe Augarten Park, Nähe Taborstraße, Nähr Prater1020 Wien, 02. Bezirk, Leopoldstadt56m²2ZimmerLoggiaDual Immobilien GmbH€ 8.017,86/m²€ 449.000",1020 (2. Leopoldstadt),elado,https://www.willhaben.at/iad/immobilien/d/eigentumswohnung/wien/wien-1020-leopoldstadt/erstbezug-2-zimmer-wohnung-mit-loggia-naehe-augarten-park-naehe-taborstrasse-naehr-prater-1004030040,1004030040.html,2026-10-08 15:46:15
1882969512,"Provisionsfrei - 1020 Wien: Wunderschön saniertes EG-Atelier zum Arbeiten und Wohnen1020 Wien, 02. Bezirk, Leopoldstadt, Novaragasse46m²2ZimmerPolaris Real Estate Experts GmbH€ 5.413,04/m²€ 249.000",1020 (2. Leopoldstadt),elado,https://www.willhaben.at/iad/immobilien/d/eigentumswohnung/wien/wien-1020-leopoldstadt/provisionsfrei-1020-wien-wunderschoen-saniertes-eg-atelier-zum-arbeiten-und-wohnen-1882969512,1882969512.html,2026-10-08 15:46:18
1242615097,"Boutique-Kleingartenhaus mit Pool im Grünen Prater1020 Wien, 02. Bezirk, Leopoldstadt105m²3ZimmerEinfamilienhausPrivat€ 5.428,57/m²€ 570.000",1020 (2. Leopoldstadt),elado,https://www.willhaben.at/iad/immobilien/d/haus-kaufen/wien/wien-1020-leopoldstadt/boutique-kleingartenhaus-mit-pool-im-gruenen-prater-1242615097,1242615097.html,2026-10-08 15:46:22
879500016,"MARINA TOWER - Exklusive Eckwohnung im 27. Stock mit der Beste Panoramablick1020 Wien, 02. Bezirk, Leopoldstadt99m²3ZimmerBalkon, LoggiaImmo-Company Haas & Urban Immobilien GmbH€ 8.575,76/m²€ 849.000",1020 (2. Leopoldstadt),elado,https://www.willhaben.at/iad/immobilien/d/eigentumswohnung/wien/wien-1020-leopoldstadt/marina-tower-exklusive-eckwohnung-im-27-stock-mit-der-beste-panoramablick-879500016,879500016.html,2026-10-08 15:46:30
1327169294,"Anlegerwohnung nähe Nestroyplatz U11020 Wien, 02. Bezirk, Leopoldstadt, Kleine Mohrengasse40m²1ZimmerAltenburg Realitäten GmbH & Co KG€ 3.750/m²€ 150.000",1020 (2. Leopoldstadt),elado,https://www.willhaben.at/iad/immobilien/d/eigentumswohnung/wien/wien-1020-leopoldstadt/anlegerwohnung-naehe-nestroyplatz-u1-1327169294,1327169294.html,2026-10-08 15:46:34
1333200499,"Helle und freundliche 2-Zimmer DG Wohnung mit Balkon und großer Dachterrasse mit 360° Stadtblick!1020 Wien, 02. Bezirk, Leopoldstadt, Schrotzbergstraße 174m²2ZimmerTerrasse, Balkon, DachterrasseJohannes M. Pokorny Immobilientreuhand e.U.€ 8.783,78/m²€ 650.000",1020 (2. Leopoldstadt),elado,https://www.willhaben.at/iad/immobilien/d/eigentumswohnung/wien/wien-1020-leopoldstadt/helle-und-freundliche-2-zimmer-dg-wohnung-mit-balkon-und-grosser-dachterrasse-mit-360-stadtblick-1333200499,1333200499.html,2026-10-08 15:46:36
1390933263,"Helle und ruhige 3-Zimmer DG Wohnung mit super Ausstattung - ohne lästige Schrägen!1020 Wien, 02. Bezirk, Leopoldstadt, Schrotzbergstraße 194m²3ZimmerBalkonJohannes M. Pokorny Immobilientreuhand e.U.€ 8.000/m²€ 752.000",1020 (2. Leopoldstadt),elado,https://www.willhaben.at/iad/immobilien/d/eigentumswohnung/wien/wien-1020-leopoldstadt/helle-und-ruhige-3-zimmer-dg-wohnung-mit-super-ausstattung-ohne-laestige-schraegen-1390933263,1390933263.html,2026-10-08 15:46:39
987255451,"++NEU++ Hochwertig kernsanierter ERSTBEZUG im Nordbahnviertel mit optimalen Grundriss!1020 Wien, 02. Bezirk, Leopoldstadt51m²2ZimmerAurec GmbH€ 6.860,78/m²€ 349.900",1020 (2. Leopoldstadt),elado,https://www.willhaben.at/iad/immobilien/d/eigentumswohnung/wien/wien-1020-leopoldstadt/-neu-hochwertig-kernsanierter-erstbezug-im-nordbahnviertel-mit-optimalen-grundriss-987255451,987255451.html,2026-10-08 15:46:45
1380395073,"MORE VIENNA - CLEVER GEPLANTE 2 ZIMMER-WOHNUNG MIT SÜDOST-AUSRICHTUNG1020 Wien, 02. Bezirk, Leopoldstadt40m²2ZimmerTom Krauss Immo GmbH€ 9.042,50/m²€ 361.700",1020 (2. Leopoldstadt),elado,https://www.willhaben.at/iad/immobilien/d/eigentumswohnung/wien/wien-1020-leopoldstadt/more-vienna-clever-geplante-2-zimmer-wohnung-mit-suedost-ausrichtung-1380395073,1380395073.html,2026-10-08 15:46:48
1235393264,"MORE VIENNA - 2-ZIMMER-WOHNUNG MIT BALKON ZUM GRÜNEN INNENHOF1020 Wien, 02. Bezirk, Leopoldstadt55m²2ZimmerBalkonTom Krauss Immo GmbH€ 10.318,18/m²€ 567.500",1020 (2. Leopoldstadt),elado,https://www.willhaben.at/iad/immobilien/d/eigentumswohnung/wien/wien-1020-leopoldstadt/more-vienna-2-zimmer-wohnung-mit-balkon-zum-gruenen-innenhof-1235393264,1235393264.html,2026-10-08 15:46:51
858753962,"MORE VIENNA - ALTBAUFLAIR IM NEUBAU | 4 ZIMMER MIT 3,10 M RAUMHÖHE1020 Wien, 02. Bezirk, Leopoldstadt149m²5ZimmerBalkon, LoggiaTom Krauss Immo GmbH€ 8.914,76/m²€ 1.328.300",1020 (2. Leopoldstadt),elado,https://www.willhaben.at/iad/immobilien/d/eigentumswohnung/wien/wien-1020-leopoldstadt/more-vienna-altbauflair-im-neubau-4-zimmer-mit-3-10-m-raumhoehe-858753962,858753962.html,2026-10-08 15:46:54
2096444018,"Eigentumswohnung im 2. Bezirk1020 Wien, 02. Bezirk, Leopoldstadt51m²1ZimmerRaiffeisen Immobilien Vermittlung Ges.m.b.H.€ 7.235,29/m²€ 369.000",1020 (2. Leopoldstadt),elado,https://www.willhaben.at/iad/immobilien/d/eigentumswohnung/wien/wien-1020-leopoldstadt/eigentumswohnung-im-2-bezirk-2096444018,2096444018.html,2026-10-08 15:46:57
1554935420,"Ideale Starterwohnung mit Balkon - urban & durchdacht1020 Wien, 02. Bezirk, Leopoldstadt, Obere Donaustraße 2354m²2ZimmerBalkon, Loggia3SI Makler GmbH€ 9.259,26/m²€ 500.000",1020 (2. Leopoldstadt),elado,https://www.willhaben.at/iad/immobilien/d/eigentumswohnung/wien/wien-1020-leopoldstadt/ideale-starterwohnung-mit-balkon-urban-durchdacht-1554935420,1554935420.html,2026-10-08 15:47:00
2118254361,"Smart leben zwischen Stadt und Natur1020 Wien, 02. Bezirk, Leopoldstadt, Obere Donaustraße 2346m²1ZimmerBalkon, Loggia3SI Makler GmbH€ 9.500/m²€ 437.000",1020 (2. Leopoldstadt),elado,https://www.willhaben.at/iad/immobilien/d/eigentumswohnung/wien/wien-1020-leopoldstadt/smart-leben-zwischen-stadt-und-natur-2118254361,2118254361.html,2026-10-08 15:47:03
1550959320,"Smart leben zwischen Stadt und Natur1020 Wien, 02. Bezirk, Leopoldstadt, Obere Donaustraße 2346m²1ZimmerBalkon, Loggia3SI Makler GmbH€ 9.086,96/m²€ 418.000",1020 (2. Leopoldstadt),elado,https://www.willhaben.at/iad/immobilien/d/eigentumswohnung/wien/wien-1020-leopoldstadt/smart-leben-zwischen-stadt-und-natur-1550959320,1550959320.html,2026-10-08 15:47:06
1571075463,"** CITY JUWEL MIT 2 TERRASSEN - HERZLICH WILLKOMMEN IN DER NOVARAGASSE **1020 Wien, 02. Bezirk, Leopoldstadt102m²Terrasse, DachterrasseImmo Dealer€ 7.696,08/m²€ 785.000",1020 (2. Leopoldstadt),elado,https://www.willhaben.at/iad/immobilien/d/eigentumswohnung/wien/wien-1020-leopoldstadt/-city-juwel-mit-2-terrassen-herzlich-willkommen-in-der-novaragasse-1571075463,1571075463.html,2026-10-08 15:47:12
1396016958,"Ihr Stil. Ihre Räume. Ihr Zuhause. - so individuell wie Sie.1020 Wien, 02. Bezirk, Leopoldstadt, Schüttelstraße 7554m²2Zimmer3SI Makler GmbH€ 7.129,63/m²€ 385.000",1020 (2. Leopoldstadt),elado,https://www.willhaben.at/iad/immobilien/d/eigentumswohnung/wien/wien-1020-leopoldstadt/ihr-stil-ihre-raeume-ihr-zuhause-so-individuell-wie-sie-1396016958,1396016958.html,2026-10-08 15:47:22
1987751659,"Helle 3-Zimmerwohnung in Top-Lage - saniert & mit Lift | Praterstern, WU | Nähe U1,U2 & S-Bahn1020 Wien, 02. Bezirk, Leopoldstadt65m²3ZimmerWolke 7 Immobilien-Gruppe€ 5.215,39/m²€ 339.000",1020 (2. Leopoldstadt),elado,https://www.willhaben.at/iad/immobilien/d/eigentumswohnung/wien/wien-1020-leopoldstadt/helle-3-zimmerwohnung-in-top-lage-saniert-mit-lift-praterstern-wu-naehe-u1-u2-s-bahn-1987751659,1987751659.html,2026-10-08 15:50:32
1592246046,"4 ZIMMER DACHGESCHOSSRESIDENZ | MIT SONNIGER TERRASSE UND VIEL PRIVATSPHÄRE | MODERN AUSGESTATTET1020 Wien, 02. Bezirk, Leopoldstadt, Czerninplatz132m²4ZimmerTerrasseDECUS Immobilien GmbH€ 9.840,91/m²€ 1.299.000",1020 (2. Leopoldstadt),elado,https://www.willhaben.at/iad/immobilien/d/eigentumswohnung/wien/wien-1020-leopoldstadt/4-zimmer-dachgeschossresidenz-mit-sonniger-terrasse-und-viel-privatsphaere-modern-ausgestattet-1592246046,1592246046.html,2026-10-08 15:50:42
1304925507,"Anlegerhit in TOPLAGE!1020 Wien, 02. Bezirk, Leopoldstadt179m²ZinshausHösch Immobilien GmbH€ 3.625,70/m²€ 649.000",1020 (2. Leopoldstadt),elado,https://www.willhaben.at/iad/immobilien/d/gewerbeimmobilien-kaufen/wien/wien-1020-leopoldstadt/anlegerhit-in-toplage-1304925507,1304925507.html,2026-10-08 15:50:50
2000972943,"Anlegerhit in TOPLAGE!1020 Wien, 02. Bezirk, LeopoldstadtHösch Immobilien GmbH€ 3.696,63/m²€ 329.000",1020 (2. Leopoldstadt),elado,https://www.willhaben.at/iad/immobilien/d/sonstige/sonstige/anlegerhit-in-toplage-2000972943,2000972943.html,2026-10-08 15:50:53
1630396219,"Kompakte Altbauwohnung | Ideal als Starter- oder Zweitwohnung1020 Wien, 02. Bezirk, Leopoldstadt36m²1ZimmerWhiteBrick Immo GmbH€ 6.083,33/m²€ 219.000",1020 (2. Leopoldstadt),elado,https://www.willhaben.at/iad/immobilien/d/eigentumswohnung/wien/wien-1020-leopoldstadt/kompakte-altbauwohnung-ideal-als-starter-oder-zweitwohnung-1630396219,1630396219.html,2026-10-08 15:50:56
1282494426,"Sanierungsbedürftige Geschäftsfläche in gepflegtem Altbau - in Top-Lage direkt beim Wiener Prater1020 Wien, 02. Bezirk, Leopoldstadt, Wolfgang-Schmälzl-Gasse 445m²Büro/Ordination3SI Makler GmbH€ 3.511,11/m²€ 158.000",1020 (2. Leopoldstadt),elado,https://www.willhaben.at/iad/immobilien/d/gewerbeimmobilien-kaufen/wien/wien-1020-leopoldstadt/sanierungsbeduerftige-geschaeftsflaeche-in-gepflegtem-altbau-in-top-lage-direkt-beim-wiener-prater-1282494426,1282494426.html,2026-10-08 15:51:05
1191380892,"Altbau im Karmeliterviertel | begrünter Innenhof | Gestaltungspotenzial1020 Wien, 02. Bezirk, Leopoldstadt30m²1ZimmerArnold Immobilien GmbH€ 5.333,33/m²€ 160.000",1020 (2. Leopoldstadt),elado,https://www.willhaben.at/iad/immobilien/d/eigentumswohnung/wien/wien-1020-leopoldstadt/altbau-im-karmeliterviertel-begruenter-innenhof-gestaltungspotenzial-1191380892,1191380892.html,2026-10-08 15:51:31
1652304390,"Wohnen im Grünen: Wohnung beim Augarten mit Balkon1020 Wien, 02. Bezirk, Leopoldstadt, Obere Donaustraße 2336m²1ZimmerBalkon, Loggia3SI Makler GmbH€ 10.555,56/m²€ 380.000",1020 (2. Leopoldstadt),elado,https://www.willhaben.at/iad/immobilien/d/eigentumswohnung/wien/wien-1020-leopoldstadt/wohnen-im-gruenen-wohnung-beim-augarten-mit-balkon-1652304390,1652304390.html,2026-10-08 15:51:46
1585240954,"MORE VIENNA - KOMPAKT. STILVOLL. DURCHDACHT.1020 Wien, 02. Bezirk, Leopoldstadt54m²2ZimmerTom Krauss Immo GmbH€ 9.587,04/m²€ 517.700",1020 (2. Leopoldstadt),elado,https://www.willhaben.at/iad/immobilien/d/eigentumswohnung/wien/wien-1020-leopoldstadt/more-vienna-kompakt-stilvoll-durchdacht-1585240954,1585240954.html,2026-10-08 15:51:49
1279853583,"3-ZIMMER WOHLFFÜHLOASE MIT RIESENRADBLICK IN TOP LAGE1020 Wien, 02. Bezirk, Leopoldstadt69m²3ZimmerBalkonTom Krauss Immo GmbH€ 9.650,73/m²€ 665.900",1020 (2. Leopoldstadt),elado,https://www.willhaben.at/iad/immobilien/d/eigentumswohnung/wien/wien-1020-leopoldstadt/3-zimmer-wohlffuehloase-mit-riesenradblick-in-top-lage-1279853583,1279853583.html,2026-10-08 15:51:52
1337938496,"*** ERSTBEZUG - KOMPLETT MÖBLIERT - 200 m² FREIFLÄCHE - AUGARTEN - KARMELITERMARKT - U2 / U4 SCHOTTENRING ***1020 Wien, 02. Bezirk, Leopoldstadt52m²2ZimmerTerrasse, GartenAES Consulting GmbH€ 7.692,31/m²€ 400.000",1020 (2. Leopoldstadt),elado,https://www.willhaben.at/iad/immobilien/d/eigentumswohnung/wien/wien-1020-leopoldstadt/-erstbezug-komplett-moebliert-200-m-freiflaeche-augarten-karmelitermarkt-u2-u4-schottenring-1337938496,1337938496.html,2026-10-08 15:52:02
1688860821,"Leben im Einklang mit Stadt und Natur - ""Josephine"" beim Prater1020 Wien, 02. Bezirk, Leopoldstadt, Stoffellagasse69m²3ZimmerBalkon, GartenEHL Immobilien GmbH€ 9.984,06/m²€ 688.900",1020 (2. Leopoldstadt),elado,https://www.willhaben.at/iad/immobilien/d/eigentumswohnung/wien/wien-1020-leopoldstadt/leben-im-einklang-mit-stadt-und-natur-josephine-beim-prater-1688860821,1688860821.html,2026-10-08 15:52:10
1953608830,"Charmante 3-Zimmer-Altbauwohnung in begehrter Lage nahe der Wiener Innenstadt1020 Wien, 02. Bezirk, Leopoldstadt65m²3ZimmerTwentytwo Immobilienvermittlung€ 6.753,85/m²€ 439.000",1020 (2. Leopoldstadt),elado,https://www.willhaben.at/iad/immobilien/d/eigentumswohnung/wien/wien-1020-leopoldstadt/charmante-3-zimmer-altbauwohnung-in-begehrter-lage-nahe-der-wiener-innenstadt-1953608830,1953608830.html,2026-10-08 15:52:12
1954805966,"Altbau-Luxus: Hochwertig renoviert, zentral gelegen, stilvoll wohnen1020 Wien, 02. Bezirk, Leopoldstadt, Max-Winter-Platz 1862m²2Zimmer3SI Makler GmbH€ 7.241,94/m²€ 449.000",1020 (2. Leopoldstadt),elado,https://www.willhaben.at/iad/immobilien/d/eigentumswohnung/wien/wien-1020-leopoldstadt/altbau-luxus-hochwertig-renoviert-zentral-gelegen-stilvoll-wohnen-1954805966,1954805966.html,2026-10-08 15:54:50
850581206,"MORE VIENNA - STADTWOHNUNG MIT TERRASSE FÜR JEDEN TAG1020 Wien, 02. Bezirk, Leopoldstadt49m²2ZimmerTerrasseTom Krauss Immo GmbH€ 11.718,37/m²€ 574.200",1020 (2. Leopoldstadt),elado,https://www.willhaben.at/iad/immobilien/d/eigentumswohnung/wien/wien-1020-leopoldstadt/more-vienna-stadtwohnung-mit-terrasse-fuer-jeden-tag-850581206,850581206.html,2026-10-08 15:54:53
2098200071,"MORE VIENNA - MEHR RAUM FÜR DAS LEBEN1020 Wien, 02. Bezirk, Leopoldstadt63m²3ZimmerTerrasseTom Krauss Immo GmbH€ 11.493,65/m²€ 724.100",1020 (2. Leopoldstadt),elado,https://www.willhaben.at/iad/immobilien/d/eigentumswohnung/wien/wien-1020-leopoldstadt/more-vienna-mehr-raum-fuer-das-leben-2098200071,2098200071.html,2026-10-08 15:54:56
1368279029,"GRÜNBLICK - Gastro-Lokal mit Terrasse im Eigentum1020 Wien, 02. Bezirk, Leopoldstadt, Meiereistraße 14539m²Geschäfts-/LadenlokalOPTIN Immobilien GmbH€ 2.480.000/m²€ 2.480.000",1020 (2. Leopoldstadt),elado,https://www.willhaben.at/iad/immobilien/d/gewerbeimmobilien-kaufen/wien/wien-1020-leopoldstadt/gruenblick-gastro-lokal-mit-terrasse-im-eigentum-1368279029,1368279029.html,2026-10-08 15:54:59
2066080029,"Ankommen. Wohlfühlen. Zuhause sein.1020 Wien, 02. Bezirk, Leopoldstadt, Obere Donaustraße 2348m²2ZimmerLoggia3SI Makler GmbH€ 10.541,67/m²€ 506.000",1020 (2. Leopoldstadt),elado,https://www.willhaben.at/iad/immobilien/d/eigentumswohnung/wien/wien-1020-leopoldstadt/ankommen-wohlfuehlen-zuhause-sein-2066080029,2066080029.html,2026-10-08 15:55:13
1185729570,"+++Erstbezug lichtdurchflutete 4-Zimmer Dachgeschosswohnung mit Wienblick und Bergblick + Terrasse- NESTROYPLATZ1020 Wien, 02. Bezirk, Leopoldstadt118m²4ZimmerTerrasseAdamant Immobilien GmbH€ 11.779,66/m²€ 1.390.000",1020 (2. Leopoldstadt),elado,https://www.willhaben.at/iad/immobilien/d/eigentumswohnung/wien/wien-1020-leopoldstadt/-erstbezug-lichtdurchflutete-4-zimmer-dachgeschosswohnung-mit-wienblick-und-bergblick-terrasse-nestroyplatz-1185729570,1185729570.html,2026-10-08 15:55:22
1694497446,"MORE VIENNA - WOHNEN AUF DER SONNENSEITE1020 Wien, 02. Bezirk, Leopoldstadt45m²2ZimmerTom Krauss Immo GmbH€ 9.908,89/m²€ 445.900",1020 (2. Leopoldstadt),elado,https://www.willhaben.at/iad/immobilien/d/eigentumswohnung/wien/wien-1020-leopoldstadt/more-vienna-wohnen-auf-der-sonnenseite-1694497446,1694497446.html,2026-10-08 15:55:35
1159729262,"Provisonsfrei. Kernsaniert. Altbauflair. Designküche. Donauinsel vor der Tür. - Hier stimmt einfach alles!1020 Wien, 02. Bezirk, Leopoldstadt, Vorgartenstraße 19951m²2ZimmerPrivat€ 5.784,31/m²€ 295.000",1020 (2. Leopoldstadt),elado,https://www.willhaben.at/iad/immobilien/d/eigentumswohnung/wien/wien-1020-leopoldstadt/provisonsfrei-kernsaniert-altbauflair-designkueche-donauinsel-vor-der-tuer-hier-stimmt-einfach-alles-1159729262,1159729262.html,2026-10-08 15:55:41
1125623273,"Traumhafte Terassenwohnung mit Wienblick!1020 Wien, 02. Bezirk, Leopoldstadt56m²2ZimmerTerrasseJ. Rainer & Partner Immobilientreuhand GesmbH€ 6.991,07/m²€ 391.500",1020 (2. Leopoldstadt),elado,https://www.willhaben.at/iad/immobilien/d/eigentumswohnung/wien/wien-1020-leopoldstadt/traumhafte-terassenwohnung-mit-wienblick-1125623273,1125623273.html,2026-10-08 15:55:50
1193203317,"++ New++ Lichtdurchflutete 2-Zimmer-Dachgeschosswohnung mit 26 m² Terrasse und Weitblick - 100m von Augarten1020 Wien, 02. Bezirk, Leopoldstadt, Rembrandstrasse68m²2ZimmerTerrassePrivat€ 7.308,82/m²€ 497.000",1020 (2. Leopoldstadt),elado,https://www.willhaben.at/iad/immobilien/d/eigentumswohnung/wien/wien-1020-leopoldstadt/-new-lichtdurchflutete-2-zimmer-dachgeschosswohnung-mit-26-m-terrasse-und-weitblick-100m-von-augarten-1193203317,1193203317.html,2026-10-08 15:55:53
1466990882,"Super geschnittene 3-Z-Wohnung in U-Bahn-Nähe!1020 Wien, 02. Bezirk, Leopoldstadt84m²3ZimmerHösch Immobilien GmbH€ 6.535,71/m²€ 549.000",1020 (2. Leopoldstadt),elado,https://www.willhaben.at/iad/immobilien/d/eigentumswohnung/wien/wien-1020-leopoldstadt/super-geschnittene-3-z-wohnung-in-u-bahn-naehe-1466990882,1466990882.html,2026-10-08 15:55:59
1715866533,"CITYNAHES ALTBAUAPARTMENT MIT ATMOSPHÄRE1020 Wien, 02. Bezirk, Leopoldstadt106m²3ZimmerStanzel & Co Wohnungs- u Geschäftsvermittlung GmbH€ 6.037,74/m²€ 640.000",1020 (2. Leopoldstadt),elado,https://www.willhaben.at/iad/immobilien/d/eigentumswohnung/wien/wien-1020-leopoldstadt/citynahes-altbauapartment-mit-atmosphaere-1715866533,1715866533.html,2026-10-08 15:56:02
1831296989,"""Leopold Quartier"" 4-Zimmer Eigentumswohnung mit Balkon (Provisionsfrei & Erstbezug!) Top 571020 Wien, 02. Bezirk, Leopoldstadt108m²4ZimmerBalkonUBM Development Österreich GmbH€ 10.379,63/m²€ 1.121.000",1020 (2. Leopoldstadt),elado,https://www.willhaben.at/iad/immobilien/d/eigentumswohnung/wien/wien-1020-leopoldstadt/-leopold-quartier-4-zimmer-eigentumswohnung-mit-balkon-provisionsfrei-erstbezug-top-57-1831296989,1831296989.html,2026-10-08 15:56:05
1717031105,"Wunderschöne 2-Zimmer Wohnung, Erstbezug!1020 Wien, 02. Bezirk, Leopoldstadt62m²2ZimmerLIFESTYLE PROPERTIES€ 7.241,94/m²€ 449.000",1020 (2. Leopoldstadt),elado,https://www.willhaben.at/iad/immobilien/d/eigentumswohnung/wien/wien-1020-leopoldstadt/wunderschoene-2-zimmer-wohnung-erstbezug-1717031105,1717031105.html,2026-10-08 15:56:13
1089170317,"4,7% Rendite! Großzügiges Loft in Toplage des 2. Bezirks, Nähe Augarten1020 Wien, 02. Bezirk, Leopoldstadt217m²ZinshausLIFESTYLE PROPERTIES€ 5.990,78/m²€ 1.300.000",1020 (2. Leopoldstadt),elado,https://www.willhaben.at/iad/immobilien/d/gewerbeimmobilien-kaufen/wien/wien-1020-leopoldstadt/4-7-rendite-grosszuegiges-loft-in-toplage-des-2-bezirks-naehe-augarten-1089170317,1089170317.html,2026-10-08 15:56:16
1447578524,"Charmante 3-Zimmer-Wohnung mit Terrasse im Herzen von 1020 Wien! + Ab sofort verfügbar!!!1020 Wien, 02. Bezirk, Leopoldstadt, Lessinggasse57m²3ZimmerTerrasseSchantl ITH Immobilientreuhand GmbH€ 7.350,88/m²€ 419.000",1020 (2. Leopoldstadt),elado,https://www.willhaben.at/iad/immobilien/d/eigentumswohnung/wien/wien-1020-leopoldstadt/charmante-3-zimmer-wohnung-mit-terrasse-im-herzen-von-1020-wien-ab-sofort-verfuegbar-1447578524,1447578524.html,2026-10-08 15:56:19
886808582,"Willkommen in ""Josephine"" - Wohnen beim Prater!1020 Wien, 02. Bezirk, Leopoldstadt, Stoffellagasse69m²3ZimmerBalkon, GartenEHL Immobilien GmbH€ 9.650,73/m²€ 665.900",1020 (2. Leopoldstadt),elado,https://www.willhaben.at/iad/immobilien/d/eigentumswohnung/wien/wien-1020-leopoldstadt/willkommen-in-josephine-wohnen-beim-prater-886808582,886808582.html,2026-10-08 15:56:25
801923604,"Rohdachboden mit ansprechender Ausbaustudie in beliebter Praterlage bei der Jesuitenwiese1020 Wien, 02. Bezirk, Leopoldstadt, Schüttelstraße 75410m²Terrasse3SI Makler GmbH€ 1.829,27/m²€ 750.000",1020 (2. Leopoldstadt),elado,https://www.willhaben.at/iad/immobilien/d/eigentumswohnung/wien/wien-1020-leopoldstadt/rohdachboden-mit-ansprechender-ausbaustudie-in-beliebter-praterlage-bei-der-jesuitenwiese-801923604,801923604.html,2026-10-08 15:59:49
2082106475,"Fitness, Wellness & Work-Life-Balance1020 Wien, 02. Bezirk, Leopoldstadt, Obere Donaustraße46m²2ZimmerBalkon, LoggiaEHL Immobilien GmbH€ 11.978,26/m²€ 551.000",1020 (2. Leopoldstadt),elado,https://www.willhaben.at/iad/immobilien/d/eigentumswohnung/wien/wien-1020-leopoldstadt/fitness-wellness-work-life-balance-2082106475,2082106475.html,2026-10-08 15:59:55
1406984281,"Beste Lage zwischen Natur und Innenstadt1020 Wien, 02. Bezirk, Leopoldstadt, Obere Donaustraße48m²2ZimmerLoggiaEHL Immobilien GmbH€ 11.062,50/m²€ 531.000",1020 (2. Leopoldstadt),elado,https://www.willhaben.at/iad/immobilien/d/eigentumswohnung/wien/wien-1020-leopoldstadt/beste-lage-zwischen-natur-und-innenstadt-1406984281,1406984281.html,2026-10-08 15:59:57
902051069,"Alles vor Ort: Services & Infrastruktur1020 Wien, 02. Bezirk, Leopoldstadt, Obere Donaustraße51m²2ZimmerBalkon, LoggiaEHL Immobilien GmbH€ 12.745,10/m²€ 650.000",1020 (2. Leopoldstadt),elado,https://www.willhaben.at/iad/immobilien/d/eigentumswohnung/wien/wien-1020-leopoldstadt/alles-vor-ort-services-infrastruktur-902051069,902051069.html,2026-10-08 16:00:01
1133311066,"Fitness, Wellness & Work-Life-Balance1020 Wien, 02. Bezirk, Leopoldstadt, Obere Donaustraße35m²1ZimmerBalkon, LoggiaEHL Immobilien GmbH€ 12.285,71/m²€ 430.000",1020 (2. Leopoldstadt),elado,https://www.willhaben.at/iad/immobilien/d/eigentumswohnung/wien/wien-1020-leopoldstadt/fitness-wellness-work-life-balance-1133311066,1133311066.html,2026-10-08 16:00:05
2028744556,"Nachhaltige Architektur mit Zukunft1020 Wien, 02. Bezirk, Leopoldstadt, Obere Donaustraße35m²1ZimmerBalkon, LoggiaEHL Immobilien GmbH€ 11.228,57/m²€ 393.000",1020 (2. Leopoldstadt),elado,https://www.willhaben.at/iad/immobilien/d/eigentumswohnung/wien/wien-1020-leopoldstadt/nachhaltige-architektur-mit-zukunft-2028744556,2028744556.html,2026-10-08 16:00:08
1789941610,"Wohnungen für jeden Lebensstil1020 Wien, 02. Bezirk, Leopoldstadt, Obere Donaustraße51m²2ZimmerBalkon, LoggiaEHL Immobilien GmbH€ 11.568,63/m²€ 590.000",1020 (2. Leopoldstadt),elado,https://www.willhaben.at/iad/immobilien/d/eigentumswohnung/wien/wien-1020-leopoldstadt/wohnungen-fuer-jeden-lebensstil-1789941610,1789941610.html,2026-10-08 16:00:11
1796641602,"Wohnungen für jeden Lebensstil1020 Wien, 02. Bezirk, Leopoldstadt, Obere Donaustraße46m²2ZimmerBalkon, LoggiaEHL Immobilien GmbH€ 10.043,48/m²€ 462.000",1020 (2. Leopoldstadt),elado,https://www.willhaben.at/iad/immobilien/d/eigentumswohnung/wien/wien-1020-leopoldstadt/wohnungen-fuer-jeden-lebensstil-1796641602,1796641602.html,2026-10-08 16:00:14
1953918796,"Willkommen im LeopoldQuartier LIVING1020 Wien, 02. Bezirk, Leopoldstadt, Obere Donaustraße48m²2ZimmerTerrasse, LoggiaEHL Immobilien GmbH€ 9.604,17/m²€ 461.000",1020 (2. Leopoldstadt),elado,https://www.willhaben.at/iad/immobilien/d/eigentumswohnung/wien/wien-1020-leopoldstadt/willkommen-im-leopoldquartier-living-1953918796,1953918796.html,2026-10-08 16:00:17
2102633150,"GOLDENER PFAU | RUHEOASE IM KARMELITERVIERTEL MIT PRIVATLIFT UND SONNENTERRASSEN1020 Wien, 02. Bezirk, Leopoldstadt98m²3ZimmerTerrasse, BalkonTom Krauss Immo GmbH€ 14.101,02/m²€ 1.381.900",1020 (2. Leopoldstadt),elado,https://www.willhaben.at/iad/immobilien/d/eigentumswohnung/wien/wien-1020-leopoldstadt/goldener-pfau-ruheoase-im-karmeliterviertel-mit-privatlift-und-sonnenterrassen-2102633150,2102633150.html,2026-10-08 16:00:21
1749911768,"4-ZIMMER TERRASSENTRAUM IN ZENTRALER LAGE1020 Wien, 02. Bezirk, Leopoldstadt100m²4ZimmerTerrasse, LoggiaTom Krauss Immo GmbH€ 12.339/m²€ 1.233.900",1020 (2. Leopoldstadt),elado,https://www.willhaben.at/iad/immobilien/d/eigentumswohnung/wien/wien-1020-leopoldstadt/4-zimmer-terrassentraum-in-zentraler-lage-1749911768,1749911768.html,2026-10-08 16:00:27
836171283,"Cottageviertel am Grünen Prater: bezugsfertige Altbauwohnung mit Lift1020 Wien, 02. Bezirk, Leopoldstadt35m²1ZimmerTeo Immobilien GmbH€ 6.000/m²€ 210.000",1020 (2. Leopoldstadt),elado,https://www.willhaben.at/iad/immobilien/d/eigentumswohnung/wien/wien-1020-leopoldstadt/cottageviertel-am-gruenen-prater-bezugsfertige-altbauwohnung-mit-lift-836171283,836171283.html,2026-10-08 16:00:34
1743359080,"Frisch modernisiert am Grünen Prater: 2 Zimmer, Fischgrätparkett, Holzofen1020 Wien, 02. Bezirk, Leopoldstadt47m²2ZimmerTeo Immobilien GmbH€ 5.936,17/m²€ 279.000",1020 (2. Leopoldstadt),elado,https://www.willhaben.at/iad/immobilien/d/eigentumswohnung/wien/wien-1020-leopoldstadt/frisch-modernisiert-am-gruenen-prater-2-zimmer-fischgraetparkett-holzofen-1743359080,1743359080.html,2026-10-08 16:00:36
1525451128,"Nahe U1 Nestroyplatz und Donaukanal - Traumlage mit Stil!1020 Wien, 02. Bezirk, Leopoldstadt65m²2ZimmerIMMOSKY Skylead Real GmbH - Wien€ 5.984,61/m²€ 389.000",1020 (2. Leopoldstadt),elado,https://www.willhaben.at/iad/immobilien/d/eigentumswohnung/wien/wien-1020-leopoldstadt/nahe-u1-nestroyplatz-und-donaukanal-traumlage-mit-stil-1525451128,1525451128.html,2026-10-08 16:00:39
1597798543,"Einzigartige 3-Zimmer-Wohnung mit Loggia ins Grüne - Pratercottage1020 Wien, 02. Bezirk, Leopoldstadt, Böcklinstraße 2579m²3ZimmerLoggiaJP Immobilien€ 12.658,22/m²€ 999.999",1020 (2. Leopoldstadt),elado,https://www.willhaben.at/iad/immobilien/d/eigentumswohnung/wien/wien-1020-leopoldstadt/einzigartige-3-zimmer-wohnung-mit-loggia-ins-gruene-pratercottage-1597798543,1597798543.html,2026-10-08 16:00:49
876903507,"Alles vor Ort: Services & Infrastruktur1020 Wien, 02. Bezirk, Leopoldstadt, Obere Donaustraße35m²1ZimmerBalkon, LoggiaEHL Immobilien GmbH€ 11.657,14/m²€ 408.000",1020 (2. Leopoldstadt),elado,https://www.willhaben.at/iad/immobilien/d/eigentumswohnung/wien/wien-1020-leopoldstadt/alles-vor-ort-services-infrastruktur-876903507,876903507.html,2026-10-08 16:00:59
913295053,"Wohnen im Grünen: Wohnung beim Augarten mit Balkon1020 Wien, 02. Bezirk, Leopoldstadt, Obere Donaustraße 2336m²1ZimmerBalkon, Loggia3SI Makler GmbH€ 10.083,33/m²€ 363.000",1020 (2. Leopoldstadt),elado,https://www.willhaben.at/iad/immobilien/d/eigentumswohnung/wien/wien-1020-leopoldstadt/wohnen-im-gruenen-wohnung-beim-augarten-mit-balkon-913295053,913295053.html,2026-10-08 16:01:03
1812822925,"Effiziente Raumlösung auf Premium-Niveau - 2 Zimmer in urbaner Toplage1020 Wien, 02. Bezirk, Leopoldstadt, Obere Donaustraße 2346m²2ZimmerBalkon, Loggia3SI Makler GmbH€ 9.978,26/m²€ 459.000",1020 (2. Leopoldstadt),elado,https://www.willhaben.at/iad/immobilien/d/eigentumswohnung/wien/wien-1020-leopoldstadt/effiziente-raumloesung-auf-premium-niveau-2-zimmer-in-urbaner-toplage-1812822925,1812822925.html,2026-10-08 16:01:05
931949609,"Stadtleben im Grünen - Wohnen nahe dem Donaukanal1020 Wien, 02. Bezirk, Leopoldstadt, Obere Donaustraße 2353m²2ZimmerBalkon, Loggia3SI Makler GmbH€ 9.735,85/m²€ 516.000",1020 (2. Leopoldstadt),elado,https://www.willhaben.at/iad/immobilien/d/eigentumswohnung/wien/wien-1020-leopoldstadt/stadtleben-im-gruenen-wohnen-nahe-dem-donaukanal-931949609,931949609.html,2026-10-08 16:01:08
1749892580,"TOP-ANLAGE | NUR EUR 2.590/m² | FUSSLÄUFIG ZUM 1. BEZIRK1020 Wien, 02. Bezirk, LeopoldstadtWhiteBrick Immo GmbH€ 2.607,25/m²€ 179.900",1020 (2. Leopoldstadt),elado,https://www.willhaben.at/iad/immobilien/d/sonstige/sonstige/top-anlage-nur-eur-2-590-m-fusslaeufig-zum-1-bezirk-1749892580,1749892580.html,2026-10-08 16:01:10
1509939420,"Stilvolles Studio-Apartment in Bestlage am Augarten und Donaukanal1020 Wien, 02. Bezirk, Leopoldstadt, Obere Donaustraße30m²1ZimmerEHL Immobilien GmbH€ 6.333,33/m²€ 190.000",1020 (2. Leopoldstadt),elado,https://www.willhaben.at/iad/immobilien/d/eigentumswohnung/wien/wien-1020-leopoldstadt/stilvolles-studio-apartment-in-bestlage-am-augarten-und-donaukanal-1509939420,1509939420.html,2026-10-08 16:01:14
1588869943,"Nachhaltige Architektur mit Zukunft1020 Wien, 02. Bezirk, Leopoldstadt, Obere Donaustraße46m²2ZimmerBalkon, LoggiaEHL Immobilien GmbH€ 10.478,26/m²€ 482.000",1020 (2. Leopoldstadt),elado,https://www.willhaben.at/iad/immobilien/d/eigentumswohnung/wien/wien-1020-leopoldstadt/nachhaltige-architektur-mit-zukunft-1588869943,1588869943.html,2026-10-08 16:01:21
1061600049,"Nachhaltige Architektur mit Zukunft1020 Wien, 02. Bezirk, Leopoldstadt, Obere Donaustraße47m²2ZimmerBalkon, LoggiaEHL Immobilien GmbH€ 9.851,06/m²€ 463.000",1020 (2. Leopoldstadt),elado,https://www.willhaben.at/iad/immobilien/d/eigentumswohnung/wien/wien-1020-leopoldstadt/nachhaltige-architektur-mit-zukunft-1061600049,1061600049.html,2026-10-08 16:01:24
921886535,"Willkommen im LeopoldQuartier LIVING1020 Wien, 02. Bezirk, Leopoldstadt, Obere Donaustraße47m²2ZimmerBalkon, LoggiaEHL Immobilien GmbH€ 12.382,98/m²€ 582.000",1020 (2. Leopoldstadt),elado,https://www.willhaben.at/iad/immobilien/d/eigentumswohnung/wien/wien-1020-leopoldstadt/willkommen-im-leopoldquartier-living-921886535,921886535.html,2026-10-08 16:01:27
2111099383,"Nachhaltige Architektur mit Zukunft1020 Wien, 02. Bezirk, Leopoldstadt, Obere Donaustraße46m²2ZimmerBalkon, LoggiaEHL Immobilien GmbH€ 10.847,83/m²€ 499.000",1020 (2. Leopoldstadt),elado,https://www.willhaben.at/iad/immobilien/d/eigentumswohnung/wien/wien-1020-leopoldstadt/nachhaltige-architektur-mit-zukunft-2111099383,2111099383.html,2026-10-08 16:01:30
849643658,"Hochwertige Ausstattung mit Komfort1020 Wien, 02. Bezirk, Leopoldstadt, Obere Donaustraße46m²2ZimmerBalkon, LoggiaEHL Immobilien GmbH€ 11.978,26/m²€ 551.000",1020 (2. Leopoldstadt),elado,https://www.willhaben.at/iad/immobilien/d/eigentumswohnung/wien/wien-1020-leopoldstadt/hochwertige-ausstattung-mit-komfort-849643658,849643658.html,2026-10-08 16:01:33
2124672864,"Hochwertige Ausstattung mit Komfort1020 Wien, 02. Bezirk, Leopoldstadt, Obere Donaustraße35m²1ZimmerBalkon, LoggiaEHL Immobilien GmbH€ 11.857,14/m²€ 415.000",1020 (2. Leopoldstadt),elado,https://www.willhaben.at/iad/immobilien/d/eigentumswohnung/wien/wien-1020-leopoldstadt/hochwertige-ausstattung-mit-komfort-2124672864,2124672864.html,2026-10-08 16:04:18
1802789651,"Hochwertige Ausstattung mit Komfort1020 Wien, 02. Bezirk, Leopoldstadt, Obere Donaustraße46m²1ZimmerBalkon, LoggiaEHL Immobilien GmbH€ 11.108,69/m²€ 511.000",1020 (2. Leopoldstadt),elado,https://www.willhaben.at/iad/immobilien/d/eigentumswohnung/wien/wien-1020-leopoldstadt/hochwertige-ausstattung-mit-komfort-1802789651,1802789651.html,2026-10-08 16:04:20
1560031373,"Fitness, Wellness & Work-Life-Balance1020 Wien, 02. Bezirk, Leopoldstadt, Obere Donaustraße46m²1ZimmerBalkon, LoggiaEHL Immobilien GmbH€ 11.695,65/m²€ 538.000",1020 (2. Leopoldstadt),elado,https://www.willhaben.at/iad/immobilien/d/eigentumswohnung/wien/wien-1020-leopoldstadt/fitness-wellness-work-life-balance-1560031373,1560031373.html,2026-10-08 16:04:24
2119549654,"Hochwertige Ausstattung mit Komfort1020 Wien, 02. Bezirk, Leopoldstadt, Obere Donaustraße46m²1ZimmerBalkon, LoggiaEHL Immobilien GmbH€ 10.630,43/m²€ 489.000",1020 (2. Leopoldstadt),elado,https://www.willhaben.at/iad/immobilien/d/eigentumswohnung/wien/wien-1020-leopoldstadt/hochwertige-ausstattung-mit-komfort-2119549654,2119549654.html,2026-10-08 16:04:26
1496403436,"Nachhaltige Architektur mit Zukunft1020 Wien, 02. Bezirk, Leopoldstadt, Obere Donaustraße108m²4ZimmerBalkon, LoggiaEHL Immobilien GmbH€ 11.425,93/m²€ 1.234.000",1020 (2. Leopoldstadt),elado,https://www.willhaben.at/iad/immobilien/d/eigentumswohnung/wien/wien-1020-leopoldstadt/nachhaltige-architektur-mit-zukunft-1496403436,1496403436.html,2026-10-08 16:04:30
1555176072,"Willkommen im LeopoldQuartier LIVING1020 Wien, 02. Bezirk, Leopoldstadt, Obere Donaustraße53m²2ZimmerBalkon, LoggiaEHL Immobilien GmbH€ 9.811,32/m²€ 520.000",1020 (2. Leopoldstadt),elado,https://www.willhaben.at/iad/immobilien/d/eigentumswohnung/wien/wien-1020-leopoldstadt/willkommen-im-leopoldquartier-living-1555176072,1555176072.html,2026-10-08 16:04:33
1226048722,"Willkommen im LeopoldQuartier LIVING1020 Wien, 02. Bezirk, Leopoldstadt, Obere Donaustraße108m²4ZimmerBalkon, LoggiaEHL Immobilien GmbH€ 10.379,63/m²€ 1.121.000",1020 (2. Leopoldstadt),elado,https://www.willhaben.at/iad/immobilien/d/eigentumswohnung/wien/wien-1020-leopoldstadt/willkommen-im-leopoldquartier-living-1226048722,1226048722.html,2026-10-08 16:04:36
1139643437,"Wohnungen für jeden Lebensstil1020 Wien, 02. Bezirk, Leopoldstadt, Obere Donaustraße54m²2ZimmerBalkon, LoggiaEHL Immobilien GmbH€ 10.277,78/m²€ 555.000",1020 (2. Leopoldstadt),elado,https://www.willhaben.at/iad/immobilien/d/eigentumswohnung/wien/wien-1020-leopoldstadt/wohnungen-fuer-jeden-lebensstil-1139643437,1139643437.html,2026-10-08 16:04:39
1358523975,"Wohnungen für jeden Lebensstil1020 Wien, 02. Bezirk, Leopoldstadt, Obere Donaustraße46m²2ZimmerBalkon, LoggiaEHL Immobilien GmbH€ 11.478,26/m²€ 528.000",1020 (2. Leopoldstadt),elado,https://www.willhaben.at/iad/immobilien/d/eigentumswohnung/wien/wien-1020-leopoldstadt/wohnungen-fuer-jeden-lebensstil-1358523975,1358523975.html,2026-10-08 16:04:42
1578561676,"GOLDENER PFAU | KLIMATISIERTE RUHIGE 3-ZIMMER-WOHNUNG MIT BALKON & LOGGIA IM KARMELITERVIERTEL1020 Wien, 02. Bezirk, Leopoldstadt58m²3ZimmerBalkon, LoggiaTom Krauss Immo GmbH€ 9.465,52/m²€ 549.000",1020 (2. Leopoldstadt),elado,https://www.willhaben.at/iad/immobilien/d/eigentumswohnung/wien/wien-1020-leopoldstadt/goldener-pfau-klimatisierte-ruhige-3-zimmer-wohnung-mit-balkon-loggia-im-karmeliterviertel-1578561676,1578561676.html,2026-10-08 16:05:00
974044369,"Nachhaltige Architektur mit Zukunft1020 Wien, 02. Bezirk, Leopoldstadt, Obere Donaustraße47m²2ZimmerTerrasse, LoggiaEHL Immobilien GmbH€ 9.680,85/m²€ 455.000",1020 (2. Leopoldstadt),elado,https://www.willhaben.at/iad/immobilien/d/eigentumswohnung/wien/wien-1020-leopoldstadt/nachhaltige-architektur-mit-zukunft-974044369,974044369.html,2026-10-08 16:05:03
1996747456,"Alles vor Ort: Services & Infrastruktur1020 Wien, 02. Bezirk, Leopoldstadt, Obere Donaustraße36m²1ZimmerBalkon, LoggiaEHL Immobilien GmbH€ 11.111,11/m²€ 400.000",1020 (2. Leopoldstadt),elado,https://www.willhaben.at/iad/immobilien/d/eigentumswohnung/wien/wien-1020-leopoldstadt/alles-vor-ort-services-infrastruktur-1996747456,1996747456.html,2026-10-08 16:05:06
2003231814,"Alles vor Ort: Services & Infrastruktur1020 Wien, 02. Bezirk, Leopoldstadt, Obere Donaustraße46m²2ZimmerBalkon, LoggiaEHL Immobilien GmbH€ 11.978,26/m²€ 551.000",1020 (2. Leopoldstadt),elado,https://www.willhaben.at/iad/immobilien/d/eigentumswohnung/wien/wien-1020-leopoldstadt/alles-vor-ort-services-infrastruktur-2003231814,2003231814.html,2026-10-08 16:05:09
1224209674,"Nachhaltige Architektur mit Zukunft1020 Wien, 02. Bezirk, Leopoldstadt, Obere Donaustraße49m²2ZimmerLoggiaEHL Immobilien GmbH€ 10.938,77/m²€ 536.000",1020 (2. Leopoldstadt),elado,https://www.willhaben.at/iad/immobilien/d/eigentumswohnung/wien/wien-1020-leopoldstadt/nachhaltige-architektur-mit-zukunft-1224209674,1224209674.html,2026-10-08 16:05:12
1421882394,"Willkommen im LeopoldQuartier LIVING1020 Wien, 02. Bezirk, Leopoldstadt, Obere Donaustraße51m²1ZimmerBalkon, LoggiaEHL Immobilien GmbH€ 10.843,14/m²€ 553.000",1020 (2. Leopoldstadt),elado,https://www.willhaben.at/iad/immobilien/d/eigentumswohnung/wien/wien-1020-leopoldstadt/willkommen-im-leopoldquartier-living-1421882394,1421882394.html,2026-10-08 16:05:16
1761561903,"Alles vor Ort: Services & Infrastruktur1020 Wien, 02. Bezirk, Leopoldstadt, Obere Donaustraße51m²1ZimmerTerrasse, Loggia, GartenEHL Immobilien GmbH€ 9.784,31/m²€ 499.000",1020 (2. Leopoldstadt),elado,https://www.willhaben.at/iad/immobilien/d/eigentumswohnung/wien/wien-1020-leopoldstadt/alles-vor-ort-services-infrastruktur-1761561903,1761561903.html,2026-10-08 16:05:19
896150469,"Beste Lage zwischen Natur und Innenstadt1020 Wien, 02. Bezirk, Leopoldstadt, Obere Donaustraße49m²2ZimmerLoggiaEHL Immobilien GmbH€ 10.448,98/m²€ 512.000",1020 (2. Leopoldstadt),elado,https://www.willhaben.at/iad/immobilien/d/eigentumswohnung/wien/wien-1020-leopoldstadt/beste-lage-zwischen-natur-und-innenstadt-896150469,896150469.html,2026-10-08 16:05:23
1411637669,"Nachhaltige Architektur mit Zukunft1020 Wien, 02. Bezirk, Leopoldstadt, Obere Donaustraße51m²1ZimmerBalkon, LoggiaEHL Immobilien GmbH€ 11.745,10/m²€ 599.000",1020 (2. Leopoldstadt),elado,https://www.willhaben.at/iad/immobilien/d/eigentumswohnung/wien/wien-1020-leopoldstadt/nachhaltige-architektur-mit-zukunft-1411637669,1411637669.html,2026-10-08 16:05:27
1953686747,"Hochwertige Ausstattung mit Komfort1020 Wien, 02. Bezirk, Leopoldstadt, Obere Donaustraße40m²1ZimmerBalkon, LoggiaEHL Immobilien GmbH€ 9.725/m²€ 389.000",1020 (2. Leopoldstadt),elado,https://www.willhaben.at/iad/immobilien/d/eigentumswohnung/wien/wien-1020-leopoldstadt/hochwertige-ausstattung-mit-komfort-1953686747,1953686747.html,2026-10-08 16:05:30
1313895140,"Alles vor Ort: Services & Infrastruktur1020 Wien, 02. Bezirk, Leopoldstadt, Obere Donaustraße54m²2ZimmerBalkon, LoggiaEHL Immobilien GmbH€ 10.814,81/m²€ 584.000",1020 (2. Leopoldstadt),elado,https://www.willhaben.at/iad/immobilien/d/eigentumswohnung/wien/wien-1020-leopoldstadt/alles-vor-ort-services-infrastruktur-1313895140,1313895140.html,2026-10-08 16:05:34
1549989703,"Hochwertige Ausstattung mit Komfort1020 Wien, 02. Bezirk, Leopoldstadt, Obere Donaustraße36m²1ZimmerBalkon, LoggiaEHL Immobilien GmbH€ 10.611,11/m²€ 382.000",1020 (2. Leopoldstadt),elado,https://www.willhaben.at/iad/immobilien/d/eigentumswohnung/wien/wien-1020-leopoldstadt/hochwertige-ausstattung-mit-komfort-1549989703,1549989703.html,2026-10-08 16:05:37
2024798847,"Fitness, Wellness & Work-Life-Balance1020 Wien, 02. Bezirk, Leopoldstadt, Obere Donaustraße54m²2ZimmerBalkon, LoggiaEHL Immobilien GmbH€ 10.629,63/m²€ 574.000",1020 (2. Leopoldstadt),elado,https://www.willhaben.at/iad/immobilien/d/eigentumswohnung/wien/wien-1020-leopoldstadt/fitness-wellness-work-life-balance-2024798847,2024798847.html,2026-10-08 16:05:40
778590252,"Fitness, Wellness & Work-Life-Balance1020 Wien, 02. Bezirk, Leopoldstadt, Obere Donaustraße36m²1ZimmerBalkon, LoggiaEHL Immobilien GmbH€ 11.611,11/m²€ 418.000",1020 (2. Leopoldstadt),elado,https://www.willhaben.at/iad/immobilien/d/eigentumswohnung/wien/wien-1020-leopoldstadt/fitness-wellness-work-life-balance-778590252,778590252.html,2026-10-08 16:05:43
1795756341,"Wohnen beim grünen Prater - ein Paradies im Herbst1020 Wien, 02. Bezirk, Leopoldstadt104m²4ZimmerTerrasse, Balkon, Loggiavalue one development GmbH€ 16.550,96/m²€ 1.721.300",1020 (2. Leopoldstadt),elado,https://www.willhaben.at/iad/immobilien/d/eigentumswohnung/wien/wien-1020-leopoldstadt/wohnen-beim-gruenen-prater-ein-paradies-im-herbst-1795756341,1795756341.html,2026-10-08 16:05:46
1367370829,"""Leopold Quartier"" Provisionsfreie 2-Zimmer Eigentumswohnung mit Balkon (Erstbezug!) Top 901020 Wien, 02. Bezirk, Leopoldstadt47m²2ZimmerBalkon, LoggiaUBM Development Österreich GmbH€ 12.553,19/m²€ 590.000",1020 (2. Leopoldstadt),elado,https://www.willhaben.at/iad/immobilien/d/eigentumswohnung/wien/wien-1020-leopoldstadt/-leopold-quartier-provisionsfreie-2-zimmer-eigentumswohnung-mit-balkon-erstbezug-top-90-1367370829,1367370829.html,2026-10-08 16:05:49
1087756394,"Fitness, Wellness & Work-Life-Balance1020 Wien, 02. Bezirk, Leopoldstadt, Obere Donaustraße54m²2ZimmerBalkon, LoggiaEHL Immobilien GmbH€ 11.111,11/m²€ 600.000",1020 (2. Leopoldstadt),elado,https://www.willhaben.at/iad/immobilien/d/eigentumswohnung/wien/wien-1020-leopoldstadt/fitness-wellness-work-life-balance-1087756394,1087756394.html,2026-10-08 16:05:52
1145687360,"Willkommen im LeopoldQuartier LIVING1020 Wien, 02. Bezirk, Leopoldstadt, Obere Donaustraße53m²2ZimmerBalkon, LoggiaEHL Immobilien GmbH€ 11.188,68/m²€ 593.000",1020 (2. Leopoldstadt),elado,https://www.willhaben.at/iad/immobilien/d/eigentumswohnung/wien/wien-1020-leopoldstadt/willkommen-im-leopoldquartier-living-1145687360,1145687360.html,2026-10-08 16:05:55
2019430485,"Willkommen im LeopoldQuartier INVEST1020 Wien, 02. Bezirk, Leopoldstadt, Obere DonaustraßeEHL Immobilien GmbH€ 9.759,26/m²€ 527.000",1020 (2. Leopoldstadt),elado,https://www.willhaben.at/iad/immobilien/d/sonstige/sonstige/willkommen-im-leopoldquartier-invest-2019430485,2019430485.html,2026-10-08 16:05:58
1480783003,"Erstbezug nach Sanierung! - Großzügige 3-Zimmer Stilaltbau-Wohnung mit sonnigem Balkon!1020 Wien, 02. Bezirk, Leopoldstadt95m²3ZimmerBalkonKuhn Immobilien GmbH€ 8.200/m²€ 779.000",1020 (2. Leopoldstadt),elado,https://www.willhaben.at/iad/immobilien/d/eigentumswohnung/wien/wien-1020-leopoldstadt/erstbezug-nach-sanierung-grosszuegige-3-zimmer-stilaltbau-wohnung-mit-sonnigem-balkon-1480783003,1480783003.html,2026-10-08 16:06:11
1084479537,"Kleines Juwel am Mexikoplatz - 1-Zimmer-Wohnung mit Ausblick zum Verlieben1020 Wien, 02. Bezirk, Leopoldstadt42m²1ZimmerBauer-Real GmbH€ 5.357,14/m²€ 225.000",1020 (2. Leopoldstadt),elado,https://www.willhaben.at/iad/immobilien/d/eigentumswohnung/wien/wien-1020-leopoldstadt/kleines-juwel-am-mexikoplatz-1-zimmer-wohnung-mit-ausblick-zum-verlieben-1084479537,1084479537.html,2026-10-08 16:06:14
2010113845,"Exklusiv Duplex Wohnung mit 2 Terrassen, 2., Bezirk, Nähe Zentrum, U-Bahn U1, U2, Nähe Augarten1020 Wien, 02. Bezirk, Leopoldstadt95m²3ZimmerTerrasse, BalkonDual Immobilien GmbH€ 8.526,32/m²€ 810.000",1020 (2. Leopoldstadt),elado,https://www.willhaben.at/iad/immobilien/d/eigentumswohnung/wien/wien-1020-leopoldstadt/exklusiv-duplex-wohnung-mit-2-terrassen-2-bezirk-naehe-zentrum-u-bahn-u1-u2-naehe-augarten-2010113845,2010113845.html,2026-10-08 16:06:18
1571343792,"2-Zimmer Altbauperle am Donaukanal1020 Wien, 02. Bezirk, Leopoldstadt, Schüttelstraße 7557m²2Zimmer3SI Makler GmbH€ 5.771,93/m²€ 329.000",1020 (2. Leopoldstadt),elado,https://www.willhaben.at/iad/immobilien/d/eigentumswohnung/wien/wien-1020-leopoldstadt/2-zimmer-altbauperle-am-donaukanal-1571343792,1571343792.html,2026-10-08 16:06:21
2065331153,"2-Zimmer-Wohnung in ruhiger Innenhoflage am Donaukanal1020 Wien, 02. Bezirk, Leopoldstadt, Schüttelstraße 7557m²2Zimmer3SI Makler GmbH€ 5.596,49/m²€ 319.000",1020 (2. Leopoldstadt),elado,https://www.willhaben.at/iad/immobilien/d/eigentumswohnung/wien/wien-1020-leopoldstadt/2-zimmer-wohnung-in-ruhiger-innenhoflage-am-donaukanal-2065331153,2065331153.html,2026-10-08 16:09:01
2098892801,"Waterfront Living im Marina Tower | 2 Zimmer mit Weitblick über die Donau1020 Wien, 02. Bezirk, Leopoldstadt, Wehlistraße54m²2ZimmerTerrasse, LoggiaBadura Immobilien GmbH€ 7.759,26/m²€ 419.000",1020 (2. Leopoldstadt),elado,https://www.willhaben.at/iad/immobilien/d/eigentumswohnung/wien/wien-1020-leopoldstadt/waterfront-living-im-marina-tower-2-zimmer-mit-weitblick-ueber-die-donau-2098892801,2098892801.html,2026-10-08 16:09:20
1150598361,"Großzügiges Lager mit vielfältigen Nutzungsmöglichkeiten - in ruhiger Seitenstraße des 2. Bezirks1020 Wien, 02. Bezirk, Leopoldstadt, Ybbsstraße 1865m²Lagerhalle3SI Makler GmbH€ 1.507,69/m²€ 98.000",1020 (2. Leopoldstadt),elado,https://www.willhaben.at/iad/immobilien/d/gewerbeimmobilien-kaufen/wien/wien-1020-leopoldstadt/grosszuegiges-lager-mit-vielfaeltigen-nutzungsmoeglichkeiten-in-ruhiger-seitenstrasse-des-2-bezirks-1150598361,1150598361.html,2026-10-08 16:09:35
798580892,"Geschäftslokal Souterrain Nestroyplatz1020 Wien, 02. Bezirk, Leopoldstadt101m²Geschäfts-/LadenlokalREAL3 Immobilien GmbH€ 1.435,64/m²€ 145.000",1020 (2. Leopoldstadt),elado,https://www.willhaben.at/iad/immobilien/d/gewerbeimmobilien-kaufen/wien/wien-1020-leopoldstadt/geschaeftslokal-souterrain-nestroyplatz-798580892,798580892.html,2026-10-08 16:09:38
1519963191,"Kurze Wege zum Prater: sanierte Stadtwohnung mit Einbauküche1020 Wien, 02. Bezirk, Leopoldstadt28m²1ZimmerIMMOSKY Skylead Real GmbH - Wien€ 7.678,57/m²€ 215.000",1020 (2. Leopoldstadt),elado,https://www.willhaben.at/iad/immobilien/d/eigentumswohnung/wien/wien-1020-leopoldstadt/kurze-wege-zum-prater-sanierte-stadtwohnung-mit-einbaukueche-1519963191,1519963191.html,2026-10-08 16:09:40
1354610435,"Stadtleben im Grünen - Wohnen nahe dem Donaukanal1020 Wien, 02. Bezirk, Leopoldstadt, Obere Donaustraße 2353m²2ZimmerBalkon, Loggia3SI Makler GmbH€ 9.320,75/m²€ 494.000",1020 (2. Leopoldstadt),elado,https://www.willhaben.at/iad/immobilien/d/eigentumswohnung/wien/wien-1020-leopoldstadt/stadtleben-im-gruenen-wohnen-nahe-dem-donaukanal-1354610435,1354610435.html,2026-10-08 16:09:43
2118122767,"Toplage im Karmeliterviertel. Stellplatz in der Hollandstraße 11+13 - zentral, ruhig und mit perfekter Anbindung an U2/U4 und den Donaukanal.1020 Wien, 02. Bezirk, LeopoldstadtÖRAG Immobilien Vermittlung GmbH€ 238,80",1020 (2. Leopoldstadt),elado,https://www.willhaben.at/iad/immobilien/d/sonstige/sonstige/toplage-im-karmeliterviertel-stellplatz-in-der-hollandstrasse-11-13-zentral-ruhig-und-mit-perfekter-anbindung-an-u2-u4-und-den-donaukanal-2118122767,2118122767.html,2026-10-08 16:10:12
1252703103,"Böcklinstraße: Renovierungsbedürftige 2-Zimmer-Wohnung direkt an der Prater Hauptallee1020 Wien, 02. Bezirk, Leopoldstadt49m²2ZimmerBirnleitner Immobilien GmbH€ 6.102,04/m²€ 299.000",1020 (2. Leopoldstadt),elado,https://www.willhaben.at/iad/immobilien/d/eigentumswohnung/wien/wien-1020-leopoldstadt/boecklinstrasse-renovierungsbeduerftige-2-zimmer-wohnung-direkt-an-der-prater-hauptallee-1252703103,1252703103.html,2026-10-08 16:10:18
2033445873,"Gepflegte Altbauwohnung in unmittelbarer Karmeliterplatz-Nähe mit großer1020 Wien, 02. Bezirk, Leopoldstadt91m²3ZimmerTerrasseBirnleitner Immobilien GmbH€ 7.142,86/m²€ 650.000",1020 (2. Leopoldstadt),elado,https://www.willhaben.at/iad/immobilien/d/eigentumswohnung/wien/wien-1020-leopoldstadt/gepflegte-altbauwohnung-in-unmittelbarer-karmeliterplatz-naehe-mit-grosser-2033445873,2033445873.html,2026-10-08 16:10:22
2064121773,"Smart leben zwischen Stadt und Natur1020 Wien, 02. Bezirk, Leopoldstadt, Obere Donaustraße 2346m²1ZimmerBalkon, Loggia3SI Makler GmbH€ 8.739,13/m²€ 402.000",1020 (2. Leopoldstadt),elado,https://www.willhaben.at/iad/immobilien/d/eigentumswohnung/wien/wien-1020-leopoldstadt/smart-leben-zwischen-stadt-und-natur-2064121773,2064121773.html,2026-10-08 16:10:28
1905884529,"Sichere Wertanlage durch ökologische Bauweise1020 Wien, 02. Bezirk, Leopoldstadt, Obere DonaustraßeEHL Immobilien GmbH€ 9.843,14/m²€ 502.000",1020 (2. Leopoldstadt),elado,https://www.willhaben.at/iad/immobilien/d/sonstige/sonstige/sichere-wertanlage-durch-oekologische-bauweise-1905884529,1905884529.html,2026-10-08 16:10:31
1550348539,"Investieren, profitieren, langfristig absichern1020 Wien, 02. Bezirk, Leopoldstadt, Obere DonaustraßeEHL Immobilien GmbH€ 8.913,04/m²€ 410.000",1020 (2. Leopoldstadt),elado,https://www.willhaben.at/iad/immobilien/d/sonstige/sonstige/investieren-profitieren-langfristig-absichern-1550348539,1550348539.html,2026-10-08 16:10:35
1637116438,"Willkommen im LeopoldQuartier INVEST1020 Wien, 02. Bezirk, Leopoldstadt, Obere DonaustraßeEHL Immobilien GmbH€ 11.404,25/m²€ 536.000",1020 (2. Leopoldstadt),elado,https://www.willhaben.at/iad/immobilien/d/sonstige/sonstige/willkommen-im-leopoldquartier-invest-1637116438,1637116438.html,2026-10-08 16:10:37
1826389133,"++ MEIN GARTEN IST DER AUGARTEN ++ HELLE ALTBAUWOHNUNG + INNENHOFLAGE + 2023 Komplett saniert1020 Wien, 02. Bezirk, Leopoldstadt, Lessinggasse67m²3ZimmerSchantl ITH Immobilientreuhand GmbH€ 7.447,76/m²€ 499.000",1020 (2. Leopoldstadt),elado,https://www.willhaben.at/iad/immobilien/d/eigentumswohnung/wien/wien-1020-leopoldstadt/-mein-garten-ist-der-augarten-helle-altbauwohnung-innenhoflage-2023-komplett-saniert-1826389133,1826389133.html,2026-10-08 16:10:43
1840546366,"Moderne 1-Zimmer Wohnung in 1020 Wien, 38m², Top Lage, EUR211.4321020 Wien, 02. Bezirk, Leopoldstadt38m²1ZimmerCity D - Real Estate GmbH€ 5.564/m²€ 211.432",1020 (2. Leopoldstadt),elado,https://www.willhaben.at/iad/immobilien/d/eigentumswohnung/wien/wien-1020-leopoldstadt/moderne-1-zimmer-wohnung-in-1020-wien-38m-top-lage-eur211-432-1840546366,1840546366.html,2026-10-08 16:10:49
924332460,"The Pearl: Premium-Studio mit Erstbezugscharakter beim Karmelitermarkt1020 Wien, 02. Bezirk, Leopoldstadt, Große Schiffgasse 927m²1ZimmerLoggia3SI Makler GmbH€ 10.333,33/m²€ 279.000",1020 (2. Leopoldstadt),elado,https://www.willhaben.at/iad/immobilien/d/eigentumswohnung/wien/wien-1020-leopoldstadt/the-pearl-premium-studio-mit-erstbezugscharakter-beim-karmelitermarkt-924332460,924332460.html,2026-10-08 16:11:00
1929929960,"EXKLUSIV FÜR ANLEGER| ATEMBERAUBENDER FERNBLICK | 2 ZIMMER WOHNTRAUM | 35. ETAGE1020 Wien, 02. Bezirk, Leopoldstadt, Wehlistraße54m²2ZimmerBalkonDECUS Immobilien GmbH€ 8.359,96/m²€ 451.438,06",1020 (2. Leopoldstadt),elado,https://www.willhaben.at/iad/immobilien/d/eigentumswohnung/wien/wien-1020-leopoldstadt/exklusiv-fuer-anleger-atemberaubender-fernblick-2-zimmer-wohntraum-35-etage-1929929960,1929929960.html,2026-10-08 16:11:03
1730148582,"ANLEGER | PREMIUM | WOHNTRAUM | TOP LAGE | LOGGIA | TERRASSE | FERNBLICK1020 Wien, 02. Bezirk, Leopoldstadt, Wehlistraße54m²2ZimmerTerrasse, LoggiaDECUS Immobilien GmbH€ 8.185,30/m²€ 442.006,39",1020 (2. Leopoldstadt),elado,https://www.willhaben.at/iad/immobilien/d/eigentumswohnung/wien/wien-1020-leopoldstadt/anleger-premium-wohntraum-top-lage-loggia-terrasse-fernblick-1730148582,1730148582.html,2026-10-08 16:13:47
1916353307,"ANLEGERWOHNUNG |TOPLAGE | FERNBLICK | 36. ETAGE1020 Wien, 02. Bezirk, Leopoldstadt, Wehlistraße44m²2ZimmerLoggiaDECUS Immobilien GmbH€ 8.296,53/m²€ 365.047,26",1020 (2. Leopoldstadt),elado,https://www.willhaben.at/iad/immobilien/d/eigentumswohnung/wien/wien-1020-leopoldstadt/anlegerwohnung-toplage-fernblick-36-etage-1916353307,1916353307.html,2026-10-08 16:13:53
1592903711,"Charmante 2-Zimmer Wohnung inklusive Loggia, nahe der Innenstadt1020 Wien, 02. Bezirk, Leopoldstadt65m²2ZimmerBalkon, LoggiaAkkadia Immobilienvermittlungs GmbH€ 6.076,92/m²€ 395.000",1020 (2. Leopoldstadt),elado,https://www.willhaben.at/iad/immobilien/d/eigentumswohnung/wien/wien-1020-leopoldstadt/charmante-2-zimmer-wohnung-inklusive-loggia-nahe-der-innenstadt-1592903711,1592903711.html,2026-10-08 16:13:57
1910510072,"Sanierungsbedürftige Wohnung in exzellenter Wohngegend1020 Wien, 02. Bezirk, Leopoldstadt72m²2ZimmerNT-Real Estate GmbH€ 5.526,39/m²€ 397.900",1020 (2. Leopoldstadt),elado,https://www.willhaben.at/iad/immobilien/d/eigentumswohnung/wien/wien-1020-leopoldstadt/sanierungsbeduerftige-wohnung-in-exzellenter-wohngegend-1910510072,1910510072.html,2026-10-08 16:14:01
1983692563,"Charmante 2-Zimmer-Wohnung in Top-Lage am Max-Winter-Platz - 1020 Wien1020 Wien, 02. Bezirk, Leopoldstadt48m²2ZimmerREMAX Trend Jakob Immobilienberatungs GmbH€ 4.562,50/m²€ 219.000",1020 (2. Leopoldstadt),elado,https://www.willhaben.at/iad/immobilien/d/eigentumswohnung/wien/wien-1020-leopoldstadt/charmante-2-zimmer-wohnung-in-top-lage-am-max-winter-platz-1020-wien-1983692563,1983692563.html,2026-10-08 16:14:03
961988031,"RENDITE ca. 6,53% ! WOHNUNGSEIGENTUMSPAKET mit 3 Geschäftslokalen!1020 Wien, 02. Bezirk, Leopoldstadt513m²Geschäfts-/LadenlokalSteindl Immobilien e.U.€ 1.578,95/m²€ 810.000",1020 (2. Leopoldstadt),elado,https://www.willhaben.at/iad/immobilien/d/gewerbeimmobilien-kaufen/wien/wien-1020-leopoldstadt/rendite-ca-6-53-wohnungseigentumspaket-mit-3-geschaeftslokalen-961988031,961988031.html,2026-10-08 16:14:07
1721651912,"BEGEHRTE LAGE + PROVISIONSFREI + ""hear the church bells ringing"" + SONNIG!1020 Wien, 02. Bezirk, Leopoldstadt60m²2ZimmerHacker & Partner GesmbH€ 5.466,67/m²€ 328.000",1020 (2. Leopoldstadt),elado,https://www.willhaben.at/iad/immobilien/d/eigentumswohnung/wien/wien-1020-leopoldstadt/begehrte-lage-provisionsfrei-hear-the-church-bells-ringing-sonnig-1721651912,1721651912.html,2026-10-08 16:14:09
1741825923,"3-Zimmer-Wohnung mit separater Küche neben der Donau und der Wirtschaftsuniversität Wien!1020 Wien, 02. Bezirk, Leopoldstadt, Machstraße72m²3ZimmerAVIAS GmbH€ 5.527,78/m²€ 398.000",1020 (2. Leopoldstadt),elado,https://www.willhaben.at/iad/immobilien/d/eigentumswohnung/wien/wien-1020-leopoldstadt/3-zimmer-wohnung-mit-separater-kueche-neben-der-donau-und-der-wirtschaftsuniversitaet-wien-1741825923,1741825923.html,2026-10-08 16:14:14
853165367,"VOLL MÖBLIERTE WOHNUNG. In der Nähe der U-Bahn und eines großen Parks!1020 Wien, 02. Bezirk, Leopoldstadt, Große Pfarrgasse53m²2ZimmerAVIAS GmbH€ 5.849,06/m²€ 310.000",1020 (2. Leopoldstadt),elado,https://www.willhaben.at/iad/immobilien/d/eigentumswohnung/wien/wien-1020-leopoldstadt/voll-moeblierte-wohnung-in-der-naehe-der-u-bahn-und-eines-grossen-parks-853165367,853165367.html,2026-10-08 16:14:17
1161824433,"Ankommen, aufatmen und den Blick schweifen lassen - Am Grünen Prater1020 Wien, 02. Bezirk, Leopoldstadt, Am Grünen Prater 1359m²2ZimmerBalkon, DachterrasseHABAU Hoch- und Tiefbaugesellschaft m.b.H.€ 10.000/m²€ 590.000",1020 (2. Leopoldstadt),elado,https://www.willhaben.at/iad/immobilien/d/eigentumswohnung/wien/wien-1020-leopoldstadt/ankommen-aufatmen-und-den-blick-schweifen-lassen-am-gruenen-prater-1161824433,1161824433.html,2026-10-08 16:14:20
846411760,"Garagenplatz in Tiefgarage - Nähe U4 Roßauer Lände1020 Wien, 02. Bezirk, LeopoldstadtANOBIS IMMOBILIEN GmbH€ 180",1020 (2. Leopoldstadt),elado,https://www.willhaben.at/iad/immobilien/d/sonstige/sonstige/garagenplatz-in-tiefgarage-naehe-u4-rossauer-laende-846411760,846411760.html,2026-10-08 16:14:23
1657970197,"TIEFGARAGENPLATZ NÄHE MESSE / PRATER 1020 Wien ENGERTHSTRASSE 2251020 Wien, 02. Bezirk, LeopoldstadtPeter WUK Ges.m.b.H.€ 16,67/m²€ 150",1020 (2. Leopoldstadt),elado,https://www.willhaben.at/iad/immobilien/d/sonstige/sonstige/tiefgaragenplatz-naehe-messe-prater-1020-wien-engerthstrasse-225-1657970197,1657970197.html,2026-10-08 16:14:33
1501098508,"5. Lifstock! Garçonnière Nächst Prater-City, Donau, U11020 Wien, 02. Bezirk, Leopoldstadt26m²1ZimmerOmerovic Immobilien GmbH€ 6.500/m²€ 169.000",1020 (2. Leopoldstadt),elado,https://www.willhaben.at/iad/immobilien/d/eigentumswohnung/wien/wien-1020-leopoldstadt/5-lifstock-garconniere-naechst-prater-city-donau-u1-1501098508,1501098508.html,2026-10-08 16:14:44
1478565131,"3 Zimmer-Wohnung mit Blick auf den Karmelitermarkt, gepflegtes Neubaueigentum - PROVISIONSFREIER Verkauf1020 Wien, 02. Bezirk, Leopoldstadt70m²3ZimmerSMP Immobilientreuhand€ 7.000/m²€ 490.000",1020 (2. Leopoldstadt),elado,https://www.willhaben.at/iad/immobilien/d/eigentumswohnung/wien/wien-1020-leopoldstadt/3-zimmer-wohnung-mit-blick-auf-den-karmelitermarkt-gepflegtes-neubaueigentum-provisionsfreier-verkauf-1478565131,1478565131.html,2026-10-08 16:14:46
1229352025,"Zentrum + Karmelitermarkt: sehr hübsche 2-Zimmerwohnung, Küche mit Küchenzeile, Topzustand, zentral begehbar, Nähe Schwedenplatz, Augarten, Linie 2 + U2-Taborstraße!1020 Wien, 02. Bezirk, Leopoldstadt63m²2ZimmerImmobilien Ribarits OG€ 6.190,48/m²€ 390.000",1020 (2. Leopoldstadt),elado,https://www.willhaben.at/iad/immobilien/d/eigentumswohnung/wien/wien-1020-leopoldstadt/zentrum-karmelitermarkt-sehr-huebsche-2-zimmerwohnung-kueche-mit-kuechenzeile-topzustand-zentral-begehbar-naehe-schwedenplatz-augarten-linie-2-u2-taborstrasse-1229352025,1229352025.html,2026-10-08 16:14:49
1518905814,"Wohnen beim grünen Prater - ein Paradies im Herbst1020 Wien, 02. Bezirk, Leopoldstadt81m²3ZimmerTerrasse, Balkonvalue one development GmbH€ 14.629,63/m²€ 1.185.000",1020 (2. Leopoldstadt),elado,https://www.willhaben.at/iad/immobilien/d/eigentumswohnung/wien/wien-1020-leopoldstadt/wohnen-beim-gruenen-prater-ein-paradies-im-herbst-1518905814,1518905814.html,2026-10-08 16:15:10
1412829780,"Exklusive Dachgeschosswohnung im historischen Gebäude - Terrasse mit Cityblick im ""Das Artmann""1020 Wien, 02. Bezirk, Leopoldstadt129m²2ZimmerTerrasse, DachterrasseCrown Consulting GmbH€ 16.279,07/m²€ 2.100.000",1020 (2. Leopoldstadt),elado,https://www.willhaben.at/iad/immobilien/d/eigentumswohnung/wien/wien-1020-leopoldstadt/exklusive-dachgeschosswohnung-im-historischen-gebaeude-terrasse-mit-cityblick-im-das-artmann-1412829780,1412829780.html,2026-10-08 16:15:13
2066449175,"GESCHÄFTSLOKAL - LASSALLESTRASSE DIREKT1020 Wien, 02. Bezirk, Leopoldstadt, LassallestraßeZinshausIMMOKONTOR - Srnka e.U.€ 3.211,38/m²€ 395.000",1020 (2. Leopoldstadt),elado,https://www.willhaben.at/iad/immobilien/d/gewerbeimmobilien-kaufen/wien/wien-1020-leopoldstadt/geschaeftslokal-lassallestrasse-direkt-2066449175,2066449175.html,2026-10-08 16:15:16
1480697547,"10 Minuten zur U2, U1 Praterstern - südlich ausgerichtet - Augarten und Prater um Eck - energieeffiziente Infrarotheizung1020 Wien, 02. Bezirk, Leopoldstadt37m²2Zimmer4 Immobilien GmbH€ 6.945,95/m²€ 257.000",1020 (2. Leopoldstadt),elado,https://www.willhaben.at/iad/immobilien/d/eigentumswohnung/wien/wien-1020-leopoldstadt/10-minuten-zur-u2-u1-praterstern-suedlich-ausgerichtet-augarten-und-prater-um-eck-energieeffiziente-infrarotheizung-1480697547,1480697547.html,2026-10-08 16:15:19
1355692690,"ERSTBEZUG!1020 Wien, 02. Bezirk, Leopoldstadt77m²3ZimmerBalkonVigoImmobilien GmbH€ 10.000/m²€ 770.000",1020 (2. Leopoldstadt),elado,https://www.willhaben.at/iad/immobilien/d/eigentumswohnung/wien/wien-1020-leopoldstadt/erstbezug-1355692690,1355692690.html,2026-10-08 16:15:22
1805136734,"Novaragasse 1020 Wien : Atelier im 2. Bezirk zum Kauf1020 Wien, 02. Bezirk, Leopoldstadt, Novaragasse46m²2ZimmerImmobiliaris GmbH€ 5.413,04/m²€ 249.000",1020 (2. Leopoldstadt),elado,https://www.willhaben.at/iad/immobilien/d/eigentumswohnung/wien/wien-1020-leopoldstadt/novaragasse-1020-wien-atelier-im-2-bezirk-zum-kauf-1805136734,1805136734.html,2026-10-08 16:15:25
854108839,"Helle 2,5-Zimmer-Dachgeschosswohnung | Karmeliterplatz | generalsaniert 2022 | Nähe Wiener Innenstadt1020 Wien, 02. Bezirk, Leopoldstadt67m²3ZimmerWolke 7 Immobilien-Gruppe€ 6.552,24/m²€ 439.000",1020 (2. Leopoldstadt),elado,https://www.willhaben.at/iad/immobilien/d/eigentumswohnung/wien/wien-1020-leopoldstadt/helle-2-5-zimmer-dachgeschosswohnung-karmeliterplatz-generalsaniert-2022-naehe-wiener-innenstadt-854108839,854108839.html,2026-10-08 16:15:29
1527347284,"""DAS ARTMANN"" Urban * Am Fluss * Beim Park1020 Wien, 02. Bezirk, Leopoldstadt168m²5ZimmerBalkonP. Kornherr Immobilien GesmbH€ 13.630,95/m²€ 2.290.000",1020 (2. Leopoldstadt),elado,https://www.willhaben.at/iad/immobilien/d/eigentumswohnung/wien/wien-1020-leopoldstadt/-das-artmann-urban-am-fluss-beim-park-1527347284,1527347284.html,2026-10-08 16:18:20
1150660063,"Dachgeschoss mit Entwicklungspotenzial in 1020 Wien1020 Wien, 02. Bezirk, LeopoldstadtZinshausREMAX Top IGS19 Invest, Immobilien und Handels GmbH€ 2.472,16/m²€ 1.199.000",1020 (2. Leopoldstadt),elado,https://www.willhaben.at/iad/immobilien/d/gewerbeimmobilien-kaufen/wien/wien-1020-leopoldstadt/dachgeschoss-mit-entwicklungspotenzial-in-1020-wien-1150660063,1150660063.html,2026-10-08 16:18:23
674534109,"Wohnen beim grünen Prater - ein Paradies im Herbst1020 Wien, 02. Bezirk, Leopoldstadt81m²3ZimmerTerrasse, Balkonvalue one development GmbH€ 9.867,90/m²€ 799.300",1020 (2. Leopoldstadt),elado,https://www.willhaben.at/iad/immobilien/d/eigentumswohnung/wien/wien-1020-leopoldstadt/wohnen-beim-gruenen-prater-ein-paradies-im-herbst-674534109,674534109.html,2026-10-08 16:18:26
674534137,"Wohnen beim grünen Prater - ein Paradies im Herbst1020 Wien, 02. Bezirk, Leopoldstadt81m²3ZimmerTerrasse, Balkonvalue one development GmbH€ 9.630,86/m²€ 780.100",1020 (2. Leopoldstadt),elado,https://www.willhaben.at/iad/immobilien/d/eigentumswohnung/wien/wien-1020-leopoldstadt/wohnen-beim-gruenen-prater-ein-paradies-im-herbst-674534137,674534137.html,2026-10-08 16:18:29
1177336458,"Altbauwohnung nahe WU & Prater | 2 Zimmer | Schrankraum | Perfekt für Studenten & Eigennutzer1020 Wien, 02. Bezirk, Leopoldstadt46m²2ZimmerFriends Immobilien GmbH€ 3.891,30/m²€ 179.000",1020 (2. Leopoldstadt),elado,https://www.willhaben.at/iad/immobilien/d/eigentumswohnung/wien/wien-1020-leopoldstadt/altbauwohnung-nahe-wu-prater-2-zimmer-schrankraum-perfekt-fuer-studenten-eigennutzer-1177336458,1177336458.html,2026-10-08 16:18:38
1572902180,"*** BALKON WOHNUNG IN DER CITY *** 3 ZIMMER MÖGLICH *** AUCH TOLLES INVESTMENT ***1020 Wien, 02. Bezirk, Leopoldstadt57m²2ZimmerBalkonTREND Immobilien€ 5.087,72/m²€ 290.000",1020 (2. Leopoldstadt),elado,https://www.willhaben.at/iad/immobilien/d/eigentumswohnung/wien/wien-1020-leopoldstadt/-balkon-wohnung-in-der-city-3-zimmer-moeglich-auch-tolles-investment-1572902180,1572902180.html,2026-10-08 16:18:45
1252064767,"""DAS ARTMANN"" Urban * Am Fluss * Beim Park1020 Wien, 02. Bezirk, Leopoldstadt75m²2ZimmerBalkonP. Kornherr Immobilien GesmbH€ 14.000/m²€ 1.050.000",1020 (2. Leopoldstadt),elado,https://www.willhaben.at/iad/immobilien/d/eigentumswohnung/wien/wien-1020-leopoldstadt/-das-artmann-urban-am-fluss-beim-park-1252064767,1252064767.html,2026-10-08 16:19:00
1243094987,"** ERSTBEZUG - WOHNEN AM GRÜNEN PRATER - ALTBAUJUWEL MIT FREIFLÄCHEN IN BEGEHRTER LAGE **1020 Wien, 02. Bezirk, Leopoldstadt104m²3ZimmerBalkonImmo DealerPreis auf Anfrage",1020 (2. Leopoldstadt),elado,https://www.willhaben.at/iad/immobilien/d/eigentumswohnung/wien/wien-1020-leopoldstadt/-erstbezug-wohnen-am-gruenen-prater-altbaujuwel-mit-freiflaechen-in-begehrter-lage-1243094987,1243094987.html,2026-10-08 16:19:04
1378421819,"Helle 4 Zimmerwohnung mit Terrasse beim AUGARTEN!1020 Wien, 02. Bezirk, Leopoldstadt85m²4ZimmerTerrasseAdamant Immobilien GmbH€ 4.352,94/m²€ 370.000",1020 (2. Leopoldstadt),elado,https://www.willhaben.at/iad/immobilien/d/eigentumswohnung/wien/wien-1020-leopoldstadt/helle-4-zimmerwohnung-mit-terrasse-beim-augarten-1378421819,1378421819.html,2026-10-08 16:19:09
1432561905,"***Großzügige 4-Zimmer-Wohnung mit Charme und Komfort***1020 Wien, 02. Bezirk, Leopoldstadt85m²4ZimmerAdamant Immobilien GmbH€ 4.352,94/m²€ 370.000",1020 (2. Leopoldstadt),elado,https://www.willhaben.at/iad/immobilien/d/eigentumswohnung/wien/wien-1020-leopoldstadt/-grosszuegige-4-zimmer-wohnung-mit-charme-und-komfort-1432561905,1432561905.html,2026-10-08 16:19:12
1878900970,"Stilvolle Altbauwohnung mit 7 Zimmern im Herzen des 2. Wiener Gemeindebezirks1020 Wien, 02. Bezirk, Leopoldstadt140m²7ZimmerAdamant Immobilien GmbH€ 4.992,86/m²€ 699.000",1020 (2. Leopoldstadt),elado,https://www.willhaben.at/iad/immobilien/d/eigentumswohnung/wien/wien-1020-leopoldstadt/stilvolle-altbauwohnung-mit-7-zimmern-im-herzen-des-2-wiener-gemeindebezirks-1878900970,1878900970.html,2026-10-08 16:19:16
923045818,"im Herzen der Leopoldstadt1020 Wien, 02. Bezirk, Leopoldstadt127m²3ZimmerIMMOKONTOR - Srnka e.U.€ 5.472,44/m²€ 695.000",1020 (2. Leopoldstadt),elado,https://www.willhaben.at/iad/immobilien/d/eigentumswohnung/wien/wien-1020-leopoldstadt/im-herzen-der-leopoldstadt-923045818,923045818.html,2026-10-08 16:19:18
1109008151,"*CHARMANTER NEUBAU* mit smartem Grundriss in TOP-LAGE1020 Wien, 02. Bezirk, Leopoldstadt38m²2ZimmerZödi Immobilien GmbH€ 6.026,32/m²€ 229.000",1020 (2. Leopoldstadt),elado,https://www.willhaben.at/iad/immobilien/d/eigentumswohnung/wien/wien-1020-leopoldstadt/-charmanter-neubau-mit-smartem-grundriss-in-top-lage-1109008151,1109008151.html,2026-10-08 16:19:22
1934234577,"++NEU++ Wohnen zwischen Donaukanal & Stadtzentrum - Moderne 2-Zimmer-Wohnung in Top Lage! Urania/Nestroyplatz1020 Wien, 02. Bezirk, Leopoldstadt49m²Landaa Immobilien GmbH€ 6.548,98/m²€ 320.900",1020 (2. Leopoldstadt),elado,https://www.willhaben.at/iad/immobilien/d/eigentumswohnung/wien/wien-1020-leopoldstadt/-neu-wohnen-zwischen-donaukanal-stadtzentrum-moderne-2-zimmer-wohnung-in-top-lage-urania-nestroyplatz-1934234577,1934234577.html,2026-10-08 16:19:28
1868815469,"Geschäftslokal Souterrain Nestroyplatz1020 Wien, 02. Bezirk, Leopoldstadt101m²3ZimmerREAL3 Immobilien GmbH€ 1.435,64/m²€ 145.000",1020 (2. Leopoldstadt),elado,https://www.willhaben.at/iad/immobilien/d/eigentumswohnung/wien/wien-1020-leopoldstadt/geschaeftslokal-souterrain-nestroyplatz-1868815469,1868815469.html,2026-10-08 16:19:37
2093041585,"Sanierte 2-Zimmer-Wohnung im Herzen des 2. Bezirks!1020 Wien, 02. Bezirk, Leopoldstadt52m²2ZimmerAWZ Immo-Invest GmbH & Co. KGPreis auf Anfrage",1020 (2. Leopoldstadt),elado,https://www.willhaben.at/iad/immobilien/d/eigentumswohnung/wien/wien-1020-leopoldstadt/sanierte-2-zimmer-wohnung-im-herzen-des-2-bezirks-2093041585,2093041585.html,2026-10-08 16:19:41
1313741821,"** VIELSEITIGES MEHRFAMILIENHAUS MIT DREI WOHNEINHEITEN - GARTEN - BALKON - STELLPLÄTZE **1020 Wien, 02. Bezirk, Leopoldstadt180m²EinfamilienhausImmo Dealer€ 5.550/m²€ 999.000",1020 (2. Leopoldstadt),elado,https://www.willhaben.at/iad/immobilien/d/haus-kaufen/wien/wien-1020-leopoldstadt/-vielseitiges-mehrfamilienhaus-mit-drei-wohneinheiten-garten-balkon-stellplaetze-1313741821,1313741821.html,2026-10-08 16:19:44
2041883407,"In Kürze frei: Kompakte Wohnung im 3. Stock - ideal zur Zusammenlegung mit Top 171020 Wien, 02. Bezirk, Leopoldstadt34m²1ZimmerDachterrasseTIMELESS ESTATES€ 4.675,47/m²€ 158.966",1020 (2. Leopoldstadt),elado,https://www.willhaben.at/iad/immobilien/d/eigentumswohnung/wien/wien-1020-leopoldstadt/in-kuerze-frei-kompakte-wohnung-im-3-stock-ideal-zur-zusammenlegung-mit-top-17-2041883407,2041883407.html,2026-10-08 16:19:47
1971084693,"In Kürze frei: unsaniert oder saniert erhältlich1020 Wien, 02. Bezirk, Leopoldstadt80m²3ZimmerDachterrasseTIMELESS ESTATES€ 4.730,41/m²€ 378.433",1020 (2. Leopoldstadt),elado,https://www.willhaben.at/iad/immobilien/d/eigentumswohnung/wien/wien-1020-leopoldstadt/in-kuerze-frei-unsaniert-oder-saniert-erhaeltlich-1971084693,1971084693.html,2026-10-08 16:19:53
1783680719,"Dachgeschoß-Einheit mit persönlicher Dachterrasse1020 Wien, 02. Bezirk, Leopoldstadt86m²3ZimmerTerrasse, DachterrasseTIMELESS ESTATES€ 5.715,91/m²€ 491.568",1020 (2. Leopoldstadt),elado,https://www.willhaben.at/iad/immobilien/d/eigentumswohnung/wien/wien-1020-leopoldstadt/dachgeschoss-einheit-mit-persoenlicher-dachterrasse-1783680719,1783680719.html,2026-10-08 16:19:56
1563999797,"Großzügige Dachgeschoß-Einheit mit eigener Dachterrasse1020 Wien, 02. Bezirk, Leopoldstadt109m²3ZimmerTerrasse, DachterrasseTIMELESS ESTATES€ 5.682,74/m²€ 619.419",1020 (2. Leopoldstadt),elado,https://www.willhaben.at/iad/immobilien/d/eigentumswohnung/wien/wien-1020-leopoldstadt/grosszuegige-dachgeschoss-einheit-mit-eigener-dachterrasse-1563999797,1563999797.html,2026-10-08 16:19:59
657428503,"Kindergarten, ein sicheres Investment an der U2 Donaumarina1020 Wien, 02. Bezirk, Leopoldstadt723m²Geschäfts-/LadenlokalIES Immobilien- Projektentwicklung GmbH€ 5.210,39/m²€ 3.767.108,40",1020 (2. Leopoldstadt),elado,https://www.willhaben.at/iad/immobilien/d/gewerbeimmobilien-kaufen/wien/wien-1020-leopoldstadt/kindergarten-ein-sicheres-investment-an-der-u2-donaumarina-657428503,657428503.html,2026-10-08 16:20:10
2132058480,"Ein Ausblick, der begeistert: Exklusive 3-Zimmer-Residenz im Marina Tower mit Donaupanorama | 16. Stock1020 Wien, 02. Bezirk, Leopoldstadt90m²3ZimmerBalkon, Loggia, DachterrasseWolke 7 Immobilien-Gruppe€ 8.655,56/m²€ 779.000",1020 (2. Leopoldstadt),elado,https://www.willhaben.at/iad/immobilien/d/eigentumswohnung/wien/wien-1020-leopoldstadt/ein-ausblick-der-begeistert-exklusive-3-zimmer-residenz-im-marina-tower-mit-donaupanorama-16-stock-2132058480,2132058480.html,2026-10-08 16:20:13
2031356720,"++ NEU ++ 131 m² Wohnkomfort in Toplage - helle, ruhige 4 Zimmer Wohnung mit moderner Ausstattung! Direkt bei Nestroyplatz1020 Wien, 02. Bezirk, Leopoldstadt131m²4ZimmerLandaa Immobilien GmbH€ 5.717,56/m²€ 749.000",1020 (2. Leopoldstadt),elado,https://www.willhaben.at/iad/immobilien/d/eigentumswohnung/wien/wien-1020-leopoldstadt/-neu-131-m-wohnkomfort-in-toplage-helle-ruhige-4-zimmer-wohnung-mit-moderner-ausstattung-direkt-bei-nestroyplatz-2031356720,2031356720.html,2026-10-08 16:20:16
1877369363,"Geschäftslokal mit 5,33% Rendite! Top Lage nahe Schottenring!1020 Wien, 02. Bezirk, Leopoldstadt95m²Geschäfts-/LadenlokalKuhn Immobilien GmbH€ 3.000/m²€ 285.000",1020 (2. Leopoldstadt),elado,https://www.willhaben.at/iad/immobilien/d/gewerbeimmobilien-kaufen/wien/wien-1020-leopoldstadt/geschaeftslokal-mit-5-33-rendite-top-lage-nahe-schottenring-1877369363,1877369363.html,2026-10-08 16:20:22
1818275288,"Kompakte Dachgeschoß-Einheit mit eigener Dachterrasse1020 Wien, 02. Bezirk, Leopoldstadt31m²1ZimmerTerrasse, DachterrasseTIMELESS ESTATES€ 5.984,52/m²€ 185.520",1020 (2. Leopoldstadt),elado,https://www.willhaben.at/iad/immobilien/d/eigentumswohnung/wien/wien-1020-leopoldstadt/kompakte-dachgeschoss-einheit-mit-eigener-dachterrasse-1818275288,1818275288.html,2026-10-08 16:23:11
1138946221,"Wohnen beim grünen Prater - ein Paradies im Herbst1020 Wien, 02. Bezirk, Leopoldstadt116m²4ZimmerTerrasse, Balkonvalue one development GmbH€ 14.422,41/m²€ 1.673.000",1020 (2. Leopoldstadt),elado,https://www.willhaben.at/iad/immobilien/d/eigentumswohnung/wien/wien-1020-leopoldstadt/wohnen-beim-gruenen-prater-ein-paradies-im-herbst-1138946221,1138946221.html,2026-10-08 16:23:14
750662349,"LICHTDURCHFLUTETE 3-4 Zimmerwohnung mit perfekter VERKEHRSANBINDUNG - WG-GEEIGNET1020 Wien, 02. Bezirk, Leopoldstadt88m²4ZimmerImmo-Company Haas & Urban Immobilien GmbH€ 4.545,45/m²€ 400.000",1020 (2. Leopoldstadt),elado,https://www.willhaben.at/iad/immobilien/d/eigentumswohnung/wien/wien-1020-leopoldstadt/lichtdurchflutete-3-4-zimmerwohnung-mit-perfekter-verkehrsanbindung-wg-geeignet-750662349,750662349.html,2026-10-08 16:23:23
750662014,"Wunderschöne 2-Zimmer Wohnung1020 Wien, 02. Bezirk, Leopoldstadt50m²2ZimmerImmo-Company Haas & Urban Immobilien GmbH€ 8.000/m²€ 400.000",1020 (2. Leopoldstadt),elado,https://www.willhaben.at/iad/immobilien/d/eigentumswohnung/wien/wien-1020-leopoldstadt/wunderschoene-2-zimmer-wohnung-750662014,750662014.html,2026-10-08 16:23:26
2129070364,"""DAS ARTMANN"" Urban * Am Fluss * Beim Park1020 Wien, 02. Bezirk, Leopoldstadt75m²2ZimmerTerrasseP. Kornherr Immobilien GesmbHPreis auf Anfrage",1020 (2. Leopoldstadt),elado,https://www.willhaben.at/iad/immobilien/d/eigentumswohnung/wien/wien-1020-leopoldstadt/-das-artmann-urban-am-fluss-beim-park-2129070364,2129070364.html,2026-10-08 16:23:30
1021434960,"Wohnen beim grünen Prater - ein Paradies im Herbst1020 Wien, 02. Bezirk, Leopoldstadt102m²4ZimmerTerrasse, Balkonvalue one development GmbH€ 13.121,57/m²€ 1.338.400",1020 (2. Leopoldstadt),elado,https://www.willhaben.at/iad/immobilien/d/eigentumswohnung/wien/wien-1020-leopoldstadt/wohnen-beim-gruenen-prater-ein-paradies-im-herbst-1021434960,1021434960.html,2026-10-08 16:23:33
847084506,"""DAS ARTMANN"" Urban * Am Fluss * Beim Park1020 Wien, 02. Bezirk, Leopoldstadt40m²1ZimmerBalkonP. Kornherr Immobilien GesmbH€ 14.300/m²€ 572.000",1020 (2. Leopoldstadt),elado,https://www.willhaben.at/iad/immobilien/d/eigentumswohnung/wien/wien-1020-leopoldstadt/-das-artmann-urban-am-fluss-beim-park-847084506,847084506.html,2026-10-08 16:23:36
1023982229,"""DAS ARTMANN"" Urban * Am Fluss * Beim Park1020 Wien, 02. Bezirk, Leopoldstadt52m²2ZimmerBalkonP. Kornherr Immobilien GesmbH€ 14.423,08/m²€ 750.000",1020 (2. Leopoldstadt),elado,https://www.willhaben.at/iad/immobilien/d/eigentumswohnung/wien/wien-1020-leopoldstadt/-das-artmann-urban-am-fluss-beim-park-1023982229,1023982229.html,2026-10-08 16:23:39
1758497673,"""DAS ARTMANN"" Urban * Am Fluss * Beim Park1020 Wien, 02. Bezirk, Leopoldstadt40m²1ZimmerBalkonP. Kornherr Immobilien GesmbH€ 15.250/m²€ 610.000",1020 (2. Leopoldstadt),elado,https://www.willhaben.at/iad/immobilien/d/eigentumswohnung/wien/wien-1020-leopoldstadt/-das-artmann-urban-am-fluss-beim-park-1758497673,1758497673.html,2026-10-08 16:23:42
1070983835,"""DAS ARTMANN"" Urban * Am Fluss * Beim Park1020 Wien, 02. Bezirk, Leopoldstadt40m²1ZimmerBalkonP. Kornherr Immobilien GesmbH€ 15.250/m²€ 610.000",1020 (2. Leopoldstadt),elado,https://www.willhaben.at/iad/immobilien/d/eigentumswohnung/wien/wien-1020-leopoldstadt/-das-artmann-urban-am-fluss-beim-park-1070983835,1070983835.html,2026-10-08 16:23:45
2138326177,"""DAS ARTMANN"" Urban * Am Fluss * Beim Park1020 Wien, 02. Bezirk, Leopoldstadt197m²4ZimmerTerrasseP. Kornherr Immobilien GesmbHPreis auf Anfrage",1020 (2. Leopoldstadt),elado,https://www.willhaben.at/iad/immobilien/d/eigentumswohnung/wien/wien-1020-leopoldstadt/-das-artmann-urban-am-fluss-beim-park-2138326177,2138326177.html,2026-10-08 16:23:48
1730789655,"Großzügige 3-Zimmer Dachgeschosswohnung im Nordbahnviertel1020 Wien, 02. Bezirk, Leopoldstadt117m²TerrasseISIDEX GmbH€ 7.948,72/m²€ 930.000",1020 (2. Leopoldstadt),elado,https://www.willhaben.at/iad/immobilien/d/eigentumswohnung/wien/wien-1020-leopoldstadt/grosszuegige-3-zimmer-dachgeschosswohnung-im-nordbahnviertel-1730789655,1730789655.html,2026-10-08 16:23:51
2120961187,"Sehr schönes Büro im Herzen von Wien 1020 Wien - 250 m²1020 Wien, 02. Bezirk, Leopoldstadt200m²Büro/OrdinationImmoexpress KG€ 4.600/m²€ 920.000",1020 (2. Leopoldstadt),elado,https://www.willhaben.at/iad/immobilien/d/gewerbeimmobilien-kaufen/wien/wien-1020-leopoldstadt/sehr-schoenes-buero-im-herzen-von-wien-1020-wien-250-m-2120961187,2120961187.html,2026-10-08 16:24:14
1746314795,"Donaublick & Skyline | Provisionsfrei | Eckwohnung im MARINA TOWER, 27. OG1020 Wien, 02. Bezirk, Leopoldstadt, Wehlistrasse 29199m²3ZimmerBalkon, LoggiaPrivat€ 8.575,76/m²€ 849.000",1020 (2. Leopoldstadt),elado,https://www.willhaben.at/iad/immobilien/d/eigentumswohnung/wien/wien-1020-leopoldstadt/donaublick-skyline-provisionsfrei-eckwohnung-im-marina-tower-27-og-1746314795,1746314795.html,2026-10-08 16:24:38
1458147615,"Moderne Eigentumswohnung nahe Donau, Prater & Uni Nähe!1020 Wien, 02. Bezirk, Leopoldstadt32m²1ZimmerABRA IC GmbH€ 6.875/m²€ 220.000",1020 (2. Leopoldstadt),elado,https://www.willhaben.at/iad/immobilien/d/eigentumswohnung/wien/wien-1020-leopoldstadt/moderne-eigentumswohnung-nahe-donau-prater-uni-naehe-1458147615,1458147615.html,2026-10-08 16:24:47
782177019,"Helle 3-Zimmer-Dachgeschosswohnung in ruhiger Lage nahe Schwedenplatz1020 Wien, 02. Bezirk, Leopoldstadt, Große Mohrengasse 2767m²3ZimmerPrivat€ 6.552,24/m²€ 439.000",1020 (2. Leopoldstadt),elado,https://www.willhaben.at/iad/immobilien/d/eigentumswohnung/wien/wien-1020-leopoldstadt/helle-3-zimmer-dachgeschosswohnung-in-ruhiger-lage-nahe-schwedenplatz-782177019,782177019.html,2026-10-08 16:24:52
1454541789,"Großzügige, helle 124m2 Altbauwohnung letzter Liftstock- Nähe Augarten!1020 Wien, 02. Bezirk, Leopoldstadt, Darwingasse124m²3ZimmerProperty Immobilienhandels GesmbH€ 6.127,42/m²€ 759.800",1020 (2. Leopoldstadt),elado,https://www.willhaben.at/iad/immobilien/d/eigentumswohnung/wien/wien-1020-leopoldstadt/grosszuegige-helle-124m2-altbauwohnung-letzter-liftstock-naehe-augarten-1454541789,1454541789.html,2026-10-08 16:24:55
1956722697,"reserviert(reserviert) Terrassen-Eigentum 56 m2 + 18 m2 beim Nordbahnviertel1020 Wien, 02. Bezirk, Leopoldstadt, Nordbahnstraße56m²2ZimmerTerrassePrivatReserviert",1020 (2. Leopoldstadt),elado,https://www.willhaben.at/iad/immobilien/d/eigentumswohnung/wien/wien-1020-leopoldstadt/terrassen-eigentum-56-m2-18-m2-beim-nordbahnviertel-1956722697,1956722697.html,2026-10-08 16:27:40
1438755794,"Großzügiges Magazin1020 Wien, 02. Bezirk, Leopoldstadt, Schweidlgasse115m²SonstigeLorenz Immobilienmakler KG€ 847,83/m²€ 97.500",1020 (2. Leopoldstadt),elado,https://www.willhaben.at/iad/immobilien/d/gewerbeimmobilien-kaufen/wien/wien-1020-leopoldstadt/grosszuegiges-magazin-1438755794,1438755794.html,2026-10-08 16:27:48
1546203790,"Moderne 2 Zimmer-Wohnung mit Loggia in 1020 Wien - Ihr neues Zuhause wartet!1020 Wien, 02. Bezirk, Leopoldstadt71m²2ZimmerLoggiaWeinblatt Oppel ImmobilienPreis auf Anfrage",1020 (2. Leopoldstadt),elado,https://www.willhaben.at/iad/immobilien/d/eigentumswohnung/wien/wien-1020-leopoldstadt/moderne-2-zimmer-wohnung-mit-loggia-in-1020-wien-ihr-neues-zuhause-wartet-1546203790,1546203790.html,2026-10-08 16:28:07
1157468634,"Praterstraße Garagenplatz1020 Wien, 02. Bezirk, LeopoldstadtGeorg Zielbauer OHG€ 144",1020 (2. Leopoldstadt),elado,https://www.willhaben.at/iad/immobilien/d/sonstige/sonstige/praterstrasse-garagenplatz-1157468634,1157468634.html,2026-10-08 16:28:11
841153116,"PROVISIONSFREIE 1-Zimmer Apartment nähe Messe Prater & Wirtschaftsuni Wien!1020 Wien, 02. Bezirk, Leopoldstadt30m²1ZimmerPrivat€ 7.633,33/m²€ 229.000",1020 (2. Leopoldstadt),elado,https://www.willhaben.at/iad/immobilien/d/eigentumswohnung/wien/wien-1020-leopoldstadt/provisionsfreie-1-zimmer-apartment-naehe-messe-prater-wirtschaftsuni-wien-841153116,841153116.html,2026-10-08 16:28:21
2047518082,"PERFEKTION UND LUXUS HABEN EINEN STANDORT1020 Wien, 02. Bezirk, Leopoldstadt102m²2ZimmerTerrasseSÜSS REAL€ 25.490,19/m²€ 2.600.000",1020 (2. Leopoldstadt),elado,https://www.willhaben.at/iad/immobilien/d/eigentumswohnung/wien/wien-1020-leopoldstadt/perfektion-und-luxus-haben-einen-standort-2047518082,2047518082.html,2026-10-08 16:28:27
1593515103,"U2 Messe Prater - Parkplatz, Privat (PROVISIONSFREI), Stuwerviertel1020 Wien, 02. Bezirk, Leopoldstadt, Stuwerstrasse 38Privat€ 7,75/m²€ 93",1020 (2. Leopoldstadt),elado,https://www.willhaben.at/iad/immobilien/d/sonstige/sonstige/u2-messe-prater-parkplatz-privat-provisionsfrei-stuwerviertel-1593515103,1593515103.html,2026-10-08 16:28:39
1195575100,"Garagenstellplatz in 1020 Wien, beim Karmelitermarkt - fußläufig zum 1. Bezirk1020 Wien, 02. Bezirk, Leopoldstadt, Große Schiffgasse 9Privat€ 7,42/m²€ 89",1020 (2. Leopoldstadt),elado,https://www.willhaben.at/iad/immobilien/d/sonstige/sonstige/garagenstellplatz-in-1020-wien-beim-karmelitermarkt-fusslaeufig-zum-1-bezirk-1195575100,1195575100.html,2026-10-08 16:28:42
1156861302,"12 freie sanierungsbedürftige Wohn- Büro- Loft- Räume - Paket im Eigentum - Altbau1020 Wien, 02. Bezirk, Leopoldstadt1.473m²ZinshausBestreal Immobilienconsulting GmbH€ 5.431,09/m²€ 8.000.000",1020 (2. Leopoldstadt),elado,https://www.willhaben.at/iad/immobilien/d/gewerbeimmobilien-kaufen/wien/wien-1020-leopoldstadt/12-freie-sanierungsbeduerftige-wohn-buero-loft-raeume-paket-im-eigentum-altbau-1156861302,1156861302.html,2026-10-08 16:28:45
1002628896,"2 Marktstände am Karmelitermarkt -- 48m² Nutzfläche1020 Wien, 02. Bezirk, Leopoldstadt, Karmelitermarkt48m²Geschäfts-/LadenlokalPrivat€ 3.229,17/m²€ 155.000",1020 (2. Leopoldstadt),elado,https://www.willhaben.at/iad/immobilien/d/gewerbeimmobilien-kaufen/wien/wien-1020-leopoldstadt/2-marktstaende-am-karmelitermarkt-48m-nutzflaeche-1002628896,1002628896.html,2026-10-08 16:29:02
1962684324,"Charmante 2-Zimmer-Wohnung mit Parkblick Nahe WU & FH BFI1020 Wien, 02. Bezirk, Leopoldstadt, Max Winterplatz54m²2ZimmerGewerblicher Anbieter€ 5.462,96/m²€ 295.000",1020 (2. Leopoldstadt),elado,https://www.willhaben.at/iad/immobilien/d/eigentumswohnung/wien/wien-1020-leopoldstadt/charmante-2-zimmer-wohnung-mit-parkblick-nahe-wu-fh-bfi-1962684324,1962684324.html,2026-10-08 16:29:20
1922843038,Willhaben Ad 1922843038,1020 (2. Leopoldstadt),elado,https://www.willhaben.at/iad/immobilien/d/eigentumswohnung/wien/wien-1020-leopoldstadt/altbauwohnung-naehe-prater-und-donaukanal-1922843038,1922843038.html,2026-10-08 22:59:56
1904421088,Willhaben Ad 1904421088,1020 (2. Leopoldstadt),elado,https://www.willhaben.at/iad/immobilien/d/eigentumswohnung/wien/wien-1020-leopoldstadt/ihr-zuhause-zwischen-stadtleben-und-augarten-1904421088,1904421088.html,2026-10-08 23:00:00
1280758130,Willhaben Ad 1280758130,1020 (2. Leopoldstadt),elado,https://www.willhaben.at/iad/immobilien/d/eigentumswohnung/wien/wien-1020-leopoldstadt/ankommen-wohlfuehlen-zuhause-sein-1280758130,1280758130.html,2026-10-08 23:00:03
1015242045,Willhaben Ad 1015242045,1020 (2. Leopoldstadt),elado,https://www.willhaben.at/iad/immobilien/d/eigentumswohnung/wien/wien-1020-leopoldstadt/effiziente-raumloesung-auf-premium-niveau-2-zimmer-in-urbaner-toplage-1015242045,1015242045.html,2026-10-08 23:00:06
1067870347,Willhaben Ad 1067870347,1020 (2. Leopoldstadt),elado,https://www.willhaben.at/iad/immobilien/d/eigentumswohnung/wien/wien-1020-leopoldstadt/wohnen-im-gruenen-wohnung-beim-augarten-mit-balkon-1067870347,1067870347.html,2026-10-08 23:00:08
1524847697,Willhaben Ad 1524847697,1020 (2. Leopoldstadt),elado,https://www.willhaben.at/iad/immobilien/d/eigentumswohnung/wien/wien-1020-leopoldstadt/urban-living-am-donaukanal-smart-gedacht-stilvoll-umgesetzt-1524847697,1524847697.html,2026-10-08 23:00:12
1146201772,Willhaben Ad 1146201772,1020 (2. Leopoldstadt),elado,https://www.willhaben.at/iad/immobilien/d/eigentumswohnung/wien/wien-1020-leopoldstadt/urban-living-am-donaukanal-smart-gedacht-stilvoll-umgesetzt-1146201772,1146201772.html,2026-10-08 23:00:15
1272233382,Willhaben Ad 1272233382,1020 (2. Leopoldstadt),elado,https://www.willhaben.at/iad/immobilien/d/eigentumswohnung/wien/wien-1020-leopoldstadt/kompakt-wohnen-mit-community-features-wohnraum-erweitern-1-5-zimmer-im-leopoldquartier-1272233382,1272233382.html,2026-10-08 23:00:17
802494783,Willhaben Ad 802494783,1020 (2. Leopoldstadt),elado,https://www.willhaben.at/iad/immobilien/d/eigentumswohnung/wien/wien-1020-leopoldstadt/urban-living-in-bestform-praktische-1-5-zimmer-fitness-sauna-shared-office-im-leopoldquartier-geniessen-802494783,802494783.html,2026-10-08 23:00:21
1824539117,Willhaben Ad 1824539117,1020 (2. Leopoldstadt),elado,https://www.willhaben.at/iad/immobilien/d/eigentumswohnung/wien/wien-1020-leopoldstadt/zuhause-wo-wien-am-lebendigsten-ist-1824539117,1824539117.html,2026-10-08 23:00:25
1406199124,Willhaben Ad 1406199124,1020 (2. Leopoldstadt),elado,https://www.willhaben.at/iad/immobilien/d/eigentumswohnung/wien/wien-1020-leopoldstadt/ideale-starterwohnung-mit-balkon-urban-durchdacht-1406199124,1406199124.html,2026-10-08 23:00:28
1050931847,Willhaben Ad 1050931847,1020 (2. Leopoldstadt),elado,https://www.willhaben.at/iad/immobilien/d/eigentumswohnung/wien/wien-1020-leopoldstadt/smart-wohnen-am-donaukanal-urban-stilvoll-durchdacht-1050931847,1050931847.html,2026-10-08 23:00:32
1364778822,Willhaben Ad 1364778822,1020 (2. Leopoldstadt),elado,https://www.willhaben.at/iad/immobilien/d/eigentumswohnung/wien/wien-1020-leopoldstadt/gemeinsam-ankommen-zuhause-sein-1364778822,1364778822.html,2026-10-08 23:00:34
1713192813,Willhaben Ad 1713192813,1020 (2. Leopoldstadt),elado,https://www.willhaben.at/iad/immobilien/d/eigentumswohnung/wien/wien-1020-leopoldstadt/the-art-traumhafte-stadtwohnung-in-historischem-ambiente-1713192813,1713192813.html,2026-10-08 23:01:11
1233341693,Willhaben Ad 1233341693,1020 (2. Leopoldstadt),elado,https://www.willhaben.at/iad/immobilien/d/eigentumswohnung/wien/wien-1020-leopoldstadt/am-gruenen-prater-modernes-wohnen-mit-freiraum-in-1020-wien-1233341693,1233341693.html,2026-10-08 23:01:13
1591084332,Willhaben Ad 1591084332,1020 (2. Leopoldstadt),elado,https://www.willhaben.at/iad/immobilien/d/eigentumswohnung/wien/wien-1020-leopoldstadt/am-gruenen-prater-modernes-wohnen-mit-freiraum-in-1020-wien-1591084332,1591084332.html,2026-10-08 23:01:19
1456203005,Willhaben Ad 1456203005,1020 (2. Leopoldstadt),elado,https://www.willhaben.at/iad/immobilien/d/eigentumswohnung/wien/wien-1020-leopoldstadt/am-gruenen-prater-modernes-wohnen-mit-freiraum-in-1020-wien-1456203005,1456203005.html,2026-10-08 23:01:23
1070659899,Willhaben Ad 1070659899,1020 (2. Leopoldstadt),elado,https://www.willhaben.at/iad/immobilien/d/eigentumswohnung/wien/wien-1020-leopoldstadt/historisches-zinshaus-sanierte-3-zi-altbauwohnung-95m-mit-balkon-naehe-u1-u2-1070659899,1070659899.html,2026-10-08 23:01:33
1404284395,Willhaben Ad 1404284395,1020 (2. Leopoldstadt),elado,https://www.willhaben.at/iad/immobilien/d/eigentumswohnung/wien/wien-1020-leopoldstadt/-hofidyll-am-czerninplatz-135-m-modernisierte-altbauwohnung-hell-nahe-der-urania-1404284395,1404284395.html,2026-10-08 23:01:36
1828800502,Willhaben Ad 1828800502,1020 (2. Leopoldstadt),elado,https://www.willhaben.at/iad/immobilien/d/eigentumswohnung/wien/wien-1020-leopoldstadt/wiener-altbauflair-beim-karmelitermarkt-1828800502,1828800502.html,2026-10-08 23:01:42
1663235228,Willhaben Ad 1663235228,1020 (2. Leopoldstadt),elado,https://www.willhaben.at/iad/immobilien/d/eigentumswohnung/wien/wien-1020-leopoldstadt/2-zimmerwohnung-mit-einzigartigem-blick-zum-riesenrad-1663235228,1663235228.html,2026-10-08 23:01:46
1237891615,Willhaben Ad 1237891615,1020 (2. Leopoldstadt),elado,https://www.willhaben.at/iad/immobilien/d/eigentumswohnung/wien/wien-1020-leopoldstadt/praterblick-single-wohnung-nahe-dem-wiener-prater-1237891615,1237891615.html,2026-10-08 23:01:49
1519823485,Willhaben Ad 1519823485,1020 (2. Leopoldstadt),elado,https://www.willhaben.at/iad/immobilien/d/eigentumswohnung/wien/wien-1020-leopoldstadt/einzigartiger-praterblick-2-zimmerwohnung-nahe-gruenoase-erholungsgebiet-prater-1519823485,1519823485.html,2026-10-08 23:01:53
1938044568,Willhaben Ad 1938044568,1020 (2. Leopoldstadt),elado,https://www.willhaben.at/iad/immobilien/d/eigentumswohnung/wien/wien-1020-leopoldstadt/-leopoldquartier-nur-noch-4-freie-wohnungen-in-diesem-haus-verfuegbar-erstbezug-1938044568,1938044568.html,2026-10-08 23:01:55
1692236113,Willhaben Ad 1692236113,1020 (2. Leopoldstadt),elado,https://www.willhaben.at/iad/immobilien/d/eigentumswohnung/wien/wien-1020-leopoldstadt/-leopold-quartier-provisionsfreie-2-zimmer-eigentumswohnung-mit-terrasse-erstbezug-top-1-1692236113,1692236113.html,2026-10-08 23:01:58
1909078790,Willhaben Ad 1909078790,1020 (2. Leopoldstadt),elado,https://www.willhaben.at/iad/immobilien/d/eigentumswohnung/wien/wien-1020-leopoldstadt/-leopold-quartier-optimal-geschnittenes-mikroapartment-mit-balkon-erstbezug-provisionsfrei-top-39-1909078790,1909078790.html,2026-10-08 23:02:02
1458766395,Willhaben Ad 1458766395,1020 (2. Leopoldstadt),elado,https://www.willhaben.at/iad/immobilien/d/eigentumswohnung/wien/wien-1020-leopoldstadt/grosszuegige-2-zimmer-altbauwohnung-mit-potenzial-in-top-lage-des-2-bezirks-1458766395,1458766395.html,2026-10-08 23:02:05
1324811066,Willhaben Ad 1324811066,1020 (2. Leopoldstadt),elado,https://www.willhaben.at/iad/immobilien/d/eigentumswohnung/wien/wien-1020-leopoldstadt/more-vienna-grosszuegige-2-zimmer-wohnung-mit-besonderer-raumhoehe-1324811066,1324811066.html,2026-10-08 23:02:09
2111343938,Willhaben Ad 2111343938,1020 (2. Leopoldstadt),elado,https://www.willhaben.at/iad/immobilien/d/eigentumswohnung/wien/wien-1020-leopoldstadt/-neu-sanierungsbeduerftige-2-zimmer-altbauwohnung-mit-7-m-ostbalkon-und-lift-nahe-prater-2111343938,2111343938.html,2026-10-08 23:02:16
877000408,Willhaben Ad 877000408,1020 (2. Leopoldstadt),elado,https://www.willhaben.at/iad/immobilien/d/eigentumswohnung/wien/wien-1020-leopoldstadt/toplage-ruhelage-vereint-i-2-zimmer-wohnung-nahe-praterstern-u1-u2-s-bahn-nestroyplatz-877000408,877000408.html,2026-10-08 23:02:19
1571137949,Willhaben Ad 1571137949,1020 (2. Leopoldstadt),elado,https://www.willhaben.at/iad/immobilien/d/eigentumswohnung/wien/wien-1020-leopoldstadt/moderne-dachgeschosswohnung-mit-grosszuegigen-freiflaechen-1571137949,1571137949.html,2026-10-08 23:02:22
1877670507,Willhaben Ad 1877670507,1020 (2. Leopoldstadt),elado,https://www.willhaben.at/iad/immobilien/d/eigentumswohnung/wien/wien-1020-leopoldstadt/exklusive-3-zimmer-dg-wohnung-1877670507,1877670507.html,2026-10-08 23:02:25
2036950634,Willhaben Ad 2036950634,1020 (2. Leopoldstadt),elado,https://www.willhaben.at/iad/immobilien/d/eigentumswohnung/wien/wien-1020-leopoldstadt/-neu-altbau-trifft-loggia-generalsanierter-2-zimmer-erstbezug-mit-6-m-loggia-und-lift-2036950634,2036950634.html,2026-10-08 23:02:27
1044870209,Willhaben Ad 1044870209,1020 (2. Leopoldstadt),elado,https://www.willhaben.at/iad/immobilien/d/eigentumswohnung/wien/wien-1020-leopoldstadt/-neu-2-zimmer-neubau-erstbezug-mit-2-m-balkon-13-m-terrasse-und-3-m-loggia-1044870209,1044870209.html,2026-10-08 23:02:31
839711440,Willhaben Ad 839711440,1020 (2. Leopoldstadt),elado,https://www.willhaben.at/iad/immobilien/d/eigentumswohnung/wien/wien-1020-leopoldstadt/-neu-generalsanierter-2-zimmer-altbau-erstbezug-mit-4-m-terrasse-und-7-m-loggia-839711440,839711440.html,2026-10-08 23:02:34
1941423802,Willhaben Ad 1941423802,1020 (2. Leopoldstadt),elado,https://www.willhaben.at/iad/immobilien/d/eigentumswohnung/wien/wien-1020-leopoldstadt/-neu-generalsanierter-3-zimmer-altbau-erstbezug-mit-5-m-terrasse-und-3-m-loggia-1941423802,1941423802.html,2026-10-08 23:02:37
2125439210,Willhaben Ad 2125439210,1020 (2. Leopoldstadt),elado,https://www.willhaben.at/iad/immobilien/d/eigentumswohnung/wien/wien-1020-leopoldstadt/terrasssenwohnung-3-zimmer-luxus-2125439210,2125439210.html,2026-10-08 23:02:40
2094991328,Willhaben Ad 2094991328,1020 (2. Leopoldstadt),elado,https://www.willhaben.at/iad/immobilien/d/eigentumswohnung/wien/wien-1020-leopoldstadt/moderne-2-zimmer-wohnung-in-einem-revitalisierten-historischen-gebaeude-the-artmann-2094991328,2094991328.html,2026-10-08 23:02:44
1521636185,Willhaben Ad 1521636185,1020 (2. Leopoldstadt),elado,https://www.willhaben.at/iad/immobilien/d/eigentumswohnung/wien/wien-1020-leopoldstadt/exklusive-wohnung-im-innovativen-wohnprojekt-in-wien-1521636185,1521636185.html,2026-10-08 23:02:52
2091779807,Willhaben Ad 2091779807,1020 (2. Leopoldstadt),elado,https://www.willhaben.at/iad/immobilien/d/eigentumswohnung/wien/wien-1020-leopoldstadt/einzigartige-wohnung-mit-balkon-direkt-am-karmelitermarkt-2091779807,2091779807.html,2026-10-08 23:02:56
1836948825,Willhaben Ad 1836948825,1020 (2. Leopoldstadt),elado,https://www.willhaben.at/iad/immobilien/d/eigentumswohnung/wien/wien-1020-leopoldstadt/eleganz-und-moderne-verbinden-sich-in-dieser-wunderschoenen-dachgeschosswohnung-perfekte-gegebenheiten-fuer-paare-und-singles-1836948825,1836948825.html,2026-10-08 23:03:02
1324892633,Willhaben Ad 1324892633,1020 (2. Leopoldstadt),elado,https://www.willhaben.at/iad/immobilien/d/eigentumswohnung/wien/wien-1020-leopoldstadt/am-gruenen-prater-modernes-wohnen-mit-freiraum-in-1020-wien-1324892633,1324892633.html,2026-10-08 23:03:16
831206233,Willhaben Ad 831206233,1020 (2. Leopoldstadt),elado,https://www.willhaben.at/iad/immobilien/d/eigentumswohnung/wien/wien-1020-leopoldstadt/charmante-2-zi-wohnung-u-bahn-naehe-aufzug-badewanne-831206233,831206233.html,2026-10-08 23:03:25
1328161927,Willhaben Ad 1328161927,1020 (2. Leopoldstadt),elado,https://www.willhaben.at/iad/immobilien/d/haus-kaufen/wien/wien-1020-leopoldstadt/-butterfly-paradise-eigengrund-haus-im-2-bezirk-1328161927,1328161927.html,2026-10-08 23:03:28
1962017157,Willhaben Ad 1962017157,1020 (2. Leopoldstadt),elado,https://www.willhaben.at/iad/immobilien/d/eigentumswohnung/wien/wien-1020-leopoldstadt/moderne-2-zi-wohnung-48-7m-mit-einbaukueche-aufzug-u-bahn-naehe-im-2-bezirk-wien-1962017157,1962017157.html,2026-10-08 23:03:30
2060053659,Willhaben Ad 2060053659,1020 (2. Leopoldstadt),elado,https://www.willhaben.at/iad/immobilien/d/eigentumswohnung/wien/wien-1020-leopoldstadt/neu-sanierte-2-zimmer-wohnung-im-2-bezirk-2060053659,2060053659.html,2026-10-08 23:03:39
1218784122,Willhaben Ad 1218784122,1020 (2. Leopoldstadt),elado,https://www.willhaben.at/iad/immobilien/d/eigentumswohnung/wien/wien-1020-leopoldstadt/aussergewoehnliche-dachgeschoss-maisonette-in-ehemaliger-dampfmaschinenfabrik-naehe-augarten-1218784122,1218784122.html,2026-10-08 23:03:43
1526873692,Willhaben Ad 1526873692,1020 (2. Leopoldstadt),elado,https://www.willhaben.at/iad/immobilien/d/gewerbeimmobilien-kaufen/wien/wien-1020-leopoldstadt/unsaniertes-geschaeftslokal-in-begehrter-lage-im-schoenen-altbau-stuwerviertel-naehe-vorgartenmarkt-jetzt-anfragen-1526873692,1526873692.html,2026-10-08 23:03:47
1340362405,Willhaben Ad 1340362405,1020 (2. Leopoldstadt),elado,https://www.willhaben.at/iad/immobilien/d/eigentumswohnung/wien/wien-1020-leopoldstadt/elegante-4-zimmer-wohnung-mit-balkon-in-gefragter-lage-des-2-bezirks-1340362405,1340362405.html,2026-10-08 23:03:50
1857851669,Willhaben Ad 1857851669,1020 (2. Leopoldstadt),elado,https://www.willhaben.at/iad/immobilien/d/eigentumswohnung/wien/wien-1020-leopoldstadt/-neu-4-zimmer-neubau-erstbezug-mit-11-m-terrasse-3-m-loggia-und-lift-1857851669,1857851669.html,2026-10-08 23:03:56
2004907469,Willhaben Ad 2004907469,1020 (2. Leopoldstadt),elado,https://www.willhaben.at/iad/immobilien/d/eigentumswohnung/wien/wien-1020-leopoldstadt/vielfalt-an-wohnoptionen-wohntraeume-wahrwerden-lassen-beim-prater-2004907469,2004907469.html,2026-10-08 23:04:04
942979561,Willhaben Ad 942979561,1020 (2. Leopoldstadt),elado,https://www.willhaben.at/iad/immobilien/d/eigentumswohnung/wien/wien-1020-leopoldstadt/naturnah-wohnen-und-das-stadtleben-geniessen-942979561,942979561.html,2026-10-08 23:04:07
1045169448,Willhaben Ad 1045169448,1020 (2. Leopoldstadt),elado,https://www.willhaben.at/iad/immobilien/d/eigentumswohnung/wien/wien-1020-leopoldstadt/2-zimmer-mit-aussenflaeche-in-urbaner-toplage-1045169448,1045169448.html,2026-10-08 23:04:10
1389766976,Willhaben Ad 1389766976,1020 (2. Leopoldstadt),elado,https://www.willhaben.at/iad/immobilien/d/eigentumswohnung/wien/wien-1020-leopoldstadt/stadtwohnung-auf-den-punkt-gebracht-2-zimmer-mit-struktur-stil-1389766976,1389766976.html,2026-10-08 23:04:13
1622561029,Willhaben Ad 1622561029,1020 (2. Leopoldstadt),elado,https://www.willhaben.at/iad/immobilien/d/eigentumswohnung/wien/wien-1020-leopoldstadt/premium-wohntraum-top-lage-exklusive-2-zimmer-wohnung-auf-der-37-etage-mit-loggia-terrasse-und-atemberaubendem-fernblick-1622561029,1622561029.html,2026-10-08 23:04:16
888287986,Willhaben Ad 888287986,1020 (2. Leopoldstadt),elado,https://www.willhaben.at/iad/immobilien/d/eigentumswohnung/wien/wien-1020-leopoldstadt/wiener-altbau-fuer-individualisten-3-zimmer-gestaltungspotenzial-im-stuwerviertel-888287986,888287986.html,2026-10-08 23:04:20
1658662002,Willhaben Ad 1658662002,Wien,elado,https://www.willhaben.at/iad/immobilien/d/sonstige/sonstige/fester-stellplatz-in-zentraler-garage-marinelligasse-13-1658662002,1658662002.html,2026-10-08 23:04:22
1320433004,Willhaben Ad 1320433004,1020 (2. Leopoldstadt),elado,https://www.willhaben.at/iad/immobilien/d/eigentumswohnung/wien/wien-1020-leopoldstadt/smart-living-beim-donaukanal-mit-balkon-1320433004,1320433004.html,2026-10-08 23:04:28
856491531,Willhaben Ad 856491531,1020 (2. Leopoldstadt),elado,https://www.willhaben.at/iad/immobilien/d/eigentumswohnung/wien/wien-1020-leopoldstadt/absolute-seltenheit-direkt-am-karmelitermarkt-hofseitig-mit-balkon-856491531,856491531.html,2026-10-08 23:04:31
1948298471,Willhaben Ad 1948298471,1020 (2. Leopoldstadt),elado,https://www.willhaben.at/iad/immobilien/d/eigentumswohnung/wien/wien-1020-leopoldstadt/am-gruenen-prater-modernes-wohnen-mit-freiraum-in-1020-wien-1948298471,1948298471.html,2026-10-08 23:04:35
1223497660,Willhaben Ad 1223497660,1020 (2. Leopoldstadt),elado,https://www.willhaben.at/iad/immobilien/d/gewerbeimmobilien-kaufen/wien/wien-1020-leopoldstadt/top-lagerflaeche-18-5m-im-2-bezirk-wien-ideal-fuer-ihr-gewerbe-1223497660,1223497660.html,2026-10-08 23:04:38
843941580,Willhaben Ad 843941580,1020 (2. Leopoldstadt),elado,https://www.willhaben.at/iad/immobilien/d/eigentumswohnung/wien/wien-1020-leopoldstadt/renovierungsbeduerftige-helle-2-zimmer-wohnung-naehe-donaukanal-843941580,843941580.html,2026-10-08 23:04:41
817271011,Willhaben Ad 817271011,Wien,elado,https://www.willhaben.at/iad/immobilien/d/sonstige/sonstige/willkommen-im-leopoldquartier-invest-817271011,817271011.html,2026-10-08 23:04:48
924951342,Willhaben Ad 924951342,Wien,elado,https://www.willhaben.at/iad/immobilien/d/sonstige/sonstige/willkommen-im-leopoldquartier-invest-924951342,924951342.html,2026-10-08 23:04:54
1138333101,Willhaben Ad 1138333101,Wien,elado,https://www.willhaben.at/iad/immobilien/d/sonstige/sonstige/gefragte-wohnungen-mit-stabiler-rendite-1138333101,1138333101.html,2026-10-08 23:04:57
1276454322,Willhaben Ad 1276454322,Wien,elado,https://www.willhaben.at/iad/immobilien/d/sonstige/sonstige/willkommen-im-leopoldquartier-invest-1276454322,1276454322.html,2026-10-08 23:04:59
1371953592,Willhaben Ad 1371953592,Wien,elado,https://www.willhaben.at/iad/immobilien/d/sonstige/sonstige/sichere-wertanlage-durch-oekologische-bauweise-1371953592,1371953592.html,2026-10-08 23:05:02
1641261460,Willhaben Ad 1641261460,Wien,elado,https://www.willhaben.at/iad/immobilien/d/sonstige/sonstige/sichere-wertanlage-durch-oekologische-bauweise-1641261460,1641261460.html,2026-10-08 23:05:04
1855936077,Willhaben Ad 1855936077,Wien,elado,https://www.willhaben.at/iad/immobilien/d/sonstige/sonstige/investieren-profitieren-langfristig-absichern-1855936077,1855936077.html,2026-10-08 23:05:08
2030910864,Willhaben Ad 2030910864,Wien,elado,https://www.willhaben.at/iad/immobilien/d/sonstige/sonstige/-gefragte-wohnungen-mit-stabiler-rendite-2030910864,2030910864.html,2026-10-08 23:05:11
1593858570,Willhaben Ad 1593858570,Wien,elado,https://www.willhaben.at/iad/immobilien/d/sonstige/sonstige/sichere-wertanlage-durch-oekologische-bauweise-1593858570,1593858570.html,2026-10-08 23:05:13
1785054753,Willhaben Ad 1785054753,Wien,elado,https://www.willhaben.at/iad/immobilien/d/sonstige/sonstige/willkommen-im-leopoldquartier-invest-1785054753,1785054753.html,2026-10-08 23:05:16
1876511907,Willhaben Ad 1876511907,1190 (19. Döbling),elado,https://www.willhaben.at/iad/immobilien/d/sonstige/sonstige/willkommen-im-leopoldquartier-invest-1876511907,1876511907.html,2026-10-08 23:05:19
1684457579,Willhaben Ad 1684457579,1020 (2. Leopoldstadt),elado,https://www.willhaben.at/iad/immobilien/d/eigentumswohnung/wien/wien-1020-leopoldstadt/bezugsfertige-altbauwohnung-mit-balkon-option-nahe-dem-beliebten-wiener-prater-1684457579,1684457579.html,2026-10-08 23:05:22
2009276425,Willhaben Ad 2009276425,1020 (2. Leopoldstadt),elado,https://www.willhaben.at/iad/immobilien/d/eigentumswohnung/wien/wien-1020-leopoldstadt/moderne-2-zimmer-wohnung-mit-einladendem-aussenbereich-2009276425,2009276425.html,2026-10-08 23:05:24
1971037850,Willhaben Ad 1971037850,1020 (2. Leopoldstadt),elado,https://www.willhaben.at/iad/immobilien/d/eigentumswohnung/wien/wien-1020-leopoldstadt/2-zimmer-mit-aussenflaeche-in-urbaner-toplage-1971037850,1971037850.html,2026-10-08 23:05:27
1134136285,Willhaben Ad 1134136285,1020 (2. Leopoldstadt),elado,https://www.willhaben.at/iad/immobilien/d/eigentumswohnung/wien/wien-1020-leopoldstadt/moderne-dg-wohnung-mit-dachterrasse-und-aussensauna-1134136285,1134136285.html,2026-10-08 23:05:33
1781707706,Willhaben Ad 1781707706,1020 (2. Leopoldstadt),elado,https://www.willhaben.at/iad/immobilien/d/eigentumswohnung/wien/wien-1020-leopoldstadt/dachgeschoss-wohnung-zwei-zimmer-terrasse-naehe-augarten-1781707706,1781707706.html,2026-10-08 23:05:45
2119261236,Willhaben Ad 2119261236,1020 (2. Leopoldstadt),elado,https://www.willhaben.at/iad/immobilien/d/eigentumswohnung/wien/wien-1020-leopoldstadt/prater-hofseitige-2-zimmerwohnung-im-erstbezug-2119261236,2119261236.html,2026-10-08 23:05:48
1200386783,Willhaben Ad 1200386783,1020 (2. Leopoldstadt),elado,https://www.willhaben.at/iad/immobilien/d/gewerbeimmobilien-kaufen/wien/wien-1020-leopoldstadt/souterrain-studio-mit-strassenzugang-1200386783,1200386783.html,2026-10-08 23:05:51
1444639680,Willhaben Ad 1444639680,1020 (2. Leopoldstadt),elado,https://www.willhaben.at/iad/immobilien/d/eigentumswohnung/wien/wien-1020-leopoldstadt/wo-stadt-auf-natur-trifft-beginnt-dein-zuhause-1444639680,1444639680.html,2026-10-08 23:05:54
1840307587,Willhaben Ad 1840307587,Wien,elado,https://www.willhaben.at/iad/immobilien/d/sonstige/sonstige/lagerraum-nahe-dem-prater-1840307587,1840307587.html,2026-10-08 23:05:58
1799052551,Willhaben Ad 1799052551,1020 (2. Leopoldstadt),elado,https://www.willhaben.at/iad/immobilien/d/gewerbeimmobilien-kaufen/wien/wien-1020-leopoldstadt/helles-geschaeftslokal-naehe-prater-1799052551,1799052551.html,2026-10-08 23:06:05
1328575489,Willhaben Ad 1328575489,1020 (2. Leopoldstadt),elado,https://www.willhaben.at/iad/immobilien/d/gewerbeimmobilien-kaufen/wien/wien-1020-leopoldstadt/geschaeftslokal-naehe-prater-und-donaukanal-1328575489,1328575489.html,2026-10-08 23:06:10
1377733214,Willhaben Ad 1377733214,1020 (2. Leopoldstadt),elado,https://www.willhaben.at/iad/immobilien/d/eigentumswohnung/wien/wien-1020-leopoldstadt/goldener-fasan-historischer-charme-trifft-auf-modernen-wohnkomfort-1377733214,1377733214.html,2026-10-08 23:06:19
1724555449,Willhaben Ad 1724555449,1020 (2. Leopoldstadt),elado,https://www.willhaben.at/iad/immobilien/d/gewerbeimmobilien-kaufen/wien/wien-1020-leopoldstadt/-sq-sanierter-marktstand-am-volkertmarkt-modernisiert-2-bezirk-35-m-nutzflaeche-1724555449,1724555449.html,2026-10-08 23:06:22
1705453070,Willhaben Ad 1705453070,1020 (2. Leopoldstadt),elado,https://www.willhaben.at/iad/immobilien/d/eigentumswohnung/wien/wien-1020-leopoldstadt/3-zimmer-gartenwohnung-modernes-wohnen-beim-lusthaus-prater-provisionsfrei-1705453070,1705453070.html,2026-10-08 23:06:31
2118296822,Willhaben Ad 2118296822,1020 (2. Leopoldstadt),elado,https://www.willhaben.at/iad/immobilien/d/eigentumswohnung/wien/wien-1020-leopoldstadt/dachgeschoss-praterblick-4-zimmerwohnung-mit-terrasse-rd-19m-2118296822,2118296822.html,2026-10-08 23:06:44
1480704372,Willhaben Ad 1480704372,1020 (2. Leopoldstadt),elado,https://www.willhaben.at/iad/immobilien/d/eigentumswohnung/wien/wien-1020-leopoldstadt/-the-pearl-einzigartiges-wohnerlebnis-direkt-am-karmelitermarkt-1480704372,1480704372.html,2026-10-08 23:06:51
1912797768,Willhaben Ad 1912797768,1020 (2. Leopoldstadt),elado,https://www.willhaben.at/iad/immobilien/d/eigentumswohnung/wien/wien-1020-leopoldstadt/-the-pearl-einzigartiges-wohnerlebnis-direkt-am-karmelitermarkt-1912797768,1912797768.html,2026-10-08 23:06:54
1124780114,Willhaben Ad 1124780114,1020 (2. Leopoldstadt),elado,https://www.willhaben.at/iad/immobilien/d/eigentumswohnung/wien/wien-1020-leopoldstadt/sensationeller-blick-ueber-den-gruenen-prater-vom-26-stock-oberste-wohnetage-roof-top-pool-fitness-concierge-service-garage-1124780114,1124780114.html,2026-10-08 23:06:56
1636615651,Willhaben Ad 1636615651,Wien,elado,https://www.willhaben.at/iad/immobilien/d/sonstige/sonstige/lage-schlaegt-alles-grosse-schiffgasse-1636615651,1636615651.html,2026-10-08 23:07:00
1648597298,Willhaben Ad 1648597298,Wien,elado,https://www.willhaben.at/iad/immobilien/d/sonstige/sonstige/ein-investment-mit-adresse-the-pearl-1648597298,1648597298.html,2026-10-08 23:07:02
1820146597,Willhaben Ad 1820146597,Wien,elado,https://www.willhaben.at/iad/immobilien/d/sonstige/sonstige/ein-stueck-wien-ein-stueck-vermoegen-1820146597,1820146597.html,2026-10-08 23:07:06
1993919927,Willhaben Ad 1993919927,1020 (2. Leopoldstadt),elado,https://www.willhaben.at/iad/immobilien/d/eigentumswohnung/wien/wien-1020-leopoldstadt/balkonwohnung-direkt-beim-augarten-separate-kueche-u-bahn-naehe-1993919927,1993919927.html,2026-10-08 23:07:10
996635370,Willhaben Ad 996635370,1020 (2. Leopoldstadt),elado,https://www.willhaben.at/iad/immobilien/d/gewerbeimmobilien-kaufen/wien/wien-1020-leopoldstadt/exklusives-geschaeftslokal-in-top-lage-im-2-bezirk-996635370,996635370.html,2026-10-08 23:07:16
2018909530,Willhaben Ad 2018909530,1020 (2. Leopoldstadt),elado,https://www.willhaben.at/iad/immobilien/d/eigentumswohnung/wien/wien-1020-leopoldstadt/hofseitig-3-zimmervariante-im-erstbezug-richtung-prater-2018909530,2018909530.html,2026-10-08 23:07:19
794611847,Willhaben Ad 794611847,1020 (2. Leopoldstadt),elado,https://www.willhaben.at/iad/immobilien/d/eigentumswohnung/wien/wien-1020-leopoldstadt/city-wohnung-mit-altbauflair-naehe-donaukanal-794611847,794611847.html,2026-10-08 23:07:23
2092003411,Willhaben Ad 2092003411,1020 (2. Leopoldstadt),elado,https://www.willhaben.at/iad/immobilien/d/eigentumswohnung/wien/wien-1020-leopoldstadt/wunderschoen-neu-sanierte-wohnung-in-begehrter-lage-des-2-bezirks-2092003411,2092003411.html,2026-10-08 23:07:26
1895892679,Willhaben Ad 1895892679,1020 (2. Leopoldstadt),elado,https://www.willhaben.at/iad/immobilien/d/eigentumswohnung/wien/wien-1020-leopoldstadt/-provisionsfrei-projekt-gruenblick-u2-stadion-erstbezug-1895892679,1895892679.html,2026-10-08 23:07:37
1242598556,Willhaben Ad 1242598556,1020 (2. Leopoldstadt),elado,https://www.willhaben.at/iad/immobilien/d/eigentumswohnung/wien/wien-1020-leopoldstadt/-provisionsfrei-projekt-gruenblick-u2-stadion-erstbezug-1242598556,1242598556.html,2026-10-08 23:07:40
908440721,Willhaben Ad 908440721,1020 (2. Leopoldstadt),elado,https://www.willhaben.at/iad/immobilien/d/eigentumswohnung/wien/wien-1020-leopoldstadt/-provisionsfrei-projekt-gruenblick-u2-stadion-erstbezug-908440721,908440721.html,2026-10-08 23:07:43
1404617359,Willhaben Ad 1404617359,1020 (2. Leopoldstadt),elado,https://www.willhaben.at/iad/immobilien/d/eigentumswohnung/wien/wien-1020-leopoldstadt/65m2-balkon-ueber-ganz-wien-prater-hochhaus-luxus-mit-rooftop-pool-1404617359,1404617359.html,2026-10-08 23:07:46
1538250901,Willhaben Ad 1538250901,1020 (2. Leopoldstadt),elado,https://www.willhaben.at/iad/immobilien/d/eigentumswohnung/wien/wien-1020-leopoldstadt/-new-altbaujuwel-2-zimmer-sanierungsbeduerftig-im-karmeliterviertel-toplage-nahe-u-bahn-donaukanal-1538250901,1538250901.html,2026-10-08 23:07:52
899077419,Stadtwohnung am Augarten - U2 Taborstraße I Gemeinschaftsterrasse I separate Küchenzeile I zwischen Praterstern und Schwedenplatz,1020 (2. Leopoldstadt),elado,https://www.willhaben.at/iad/immobilien/d/eigentumswohnung/wien/wien-1020-leopoldstadt/stadtwohnung-am-augarten-u2-taborstrasse-i-gemeinschaftsterrasse-i-separate-kuechenzeile-i-zwischen-praterstern-und-schwedenplatz-899077419,899077419.html,2026-10-08 23:08:08
1355504636,Willhaben Ad 1355504636,1020 (2. Leopoldstadt),elado,https://www.willhaben.at/iad/immobilien/d/eigentumswohnung/wien/wien-1020-leopoldstadt/wohnen-mit-weitblick-exklusve-3-zimmer-umlaufende-terrasse-hochwertige-designerkueche-fernblick-donau-1355504636,1355504636.html,2026-10-08 23:08:17
926750048,Willhaben Ad 926750048,1020 (2. Leopoldstadt),elado,https://www.willhaben.at/iad/immobilien/d/eigentumswohnung/wien/wien-1020-leopoldstadt/-neu-neuwertige-2-zimmer-altbauwohnung-im-3-stock-saniert-2022-926750048,926750048.html,2026-10-08 23:08:36
993122207,Willhaben Ad 993122207,1020 (2. Leopoldstadt),elado,https://www.willhaben.at/iad/immobilien/d/eigentumswohnung/wien/wien-1020-leopoldstadt/altbaujuwel-im-innenhof-sanierungsbeduerftige-wohnung-in-hofruhelage-993122207,993122207.html,2026-10-08 23:08:54
1950337300,Willhaben Ad 1950337300,1020 (2. Leopoldstadt),elado,https://www.willhaben.at/iad/immobilien/d/eigentumswohnung/wien/wien-1020-leopoldstadt/singlewohnung-naehe-prater-1950337300,1950337300.html,2026-10-08 23:08:57
1549285017,Willhaben Ad 1549285017,1020 (2. Leopoldstadt),elado,https://www.willhaben.at/iad/immobilien/d/eigentumswohnung/wien/wien-1020-leopoldstadt/absolute-einzigartige-dachgeschosswohnung-mit-fernblick-1549285017,1549285017.html,2026-10-08 23:09:01
1079998832,Willhaben Ad 1079998832,1020 (2. Leopoldstadt),elado,https://www.willhaben.at/iad/immobilien/d/eigentumswohnung/wien/wien-1020-leopoldstadt/luxurioeser-altbau-erstbezug-mit-terasse-und-gruenblick-wohnen-auf-hoechstem-niveau-im-herzen-des-2-bezirks-1079998832,1079998832.html,2026-10-08 23:09:17
1784354645,Willhaben Ad 1784354645,Wien,elado,https://www.willhaben.at/iad/immobilien/d/sonstige/sonstige/stellplatz-in-zentraler-garage-franzensbrueckenstrasse-20-1784354645,1784354645.html,2026-10-08 23:09:24
1416220324,Willhaben Ad 1416220324,Wien,elado,https://www.willhaben.at/iad/immobilien/d/sonstige/sonstige/stellplatz-in-zentraler-garage-pazmanitengasse-12-1416220324,1416220324.html,2026-10-08 23:09:27
2124130099,Willhaben Ad 2124130099,1020 (2. Leopoldstadt),elado,https://www.willhaben.at/iad/immobilien/d/eigentumswohnung/wien/wien-1020-leopoldstadt/sanierungsbeduerftige-140-m-altbauwohnung-in-begehrter-lage-beim-augarten-2124130099,2124130099.html,2026-10-08 23:09:40
1813238504,Willhaben Ad 1813238504,1020 (2. Leopoldstadt),elado,https://www.willhaben.at/iad/immobilien/d/eigentumswohnung/wien/wien-1020-leopoldstadt/willkommen-in-josephine-wohnen-beim-prater-1813238504,1813238504.html,2026-10-08 23:09:43
1065549344,Willhaben Ad 1065549344,1020 (2. Leopoldstadt),elado,https://www.willhaben.at/iad/immobilien/d/eigentumswohnung/wien/wien-1020-leopoldstadt/wiener-altbauarchitektur-und-moderner-hochwertiger-ausstattung-1065549344,1065549344.html,2026-10-08 23:09:45
2122073425,Willhaben Ad 2122073425,1020 (2. Leopoldstadt),elado,https://www.willhaben.at/iad/immobilien/d/eigentumswohnung/wien/wien-1020-leopoldstadt/-nur-5-650-eur-m-beste-lage-klimatisierte-geraeumige-131-m-familienwohnung-2122073425,2122073425.html,2026-10-08 23:09:48
946947113,Willhaben Ad 946947113,1020 (2. Leopoldstadt),elado,https://www.willhaben.at/iad/immobilien/d/eigentumswohnung/wien/wien-1020-leopoldstadt/neubau-3-zimmer-wohnung-zwischen-innerer-stadt-und-augarten-mit-aussergewoehnlichem-komfort-service-946947113,946947113.html,2026-10-08 23:09:51
791210857,Willhaben Ad 791210857,1020 (2. Leopoldstadt),elado,https://www.willhaben.at/iad/immobilien/d/haus-kaufen/wien/wien-1020-leopoldstadt/-provisionsfrei-altbau-zinshaus-200-meter-vom-prater-zum-verkauf-791210857,791210857.html,2026-10-08 23:09:57
966649815,Willhaben Ad 966649815,1020 (2. Leopoldstadt),elado,https://www.willhaben.at/iad/immobilien/d/eigentumswohnung/wien/wien-1020-leopoldstadt/-leopold-quartier-optimal-geschnittenes-mikroapartment-mit-balkon-erstbezug-provisionsfrei-top-83-966649815,966649815.html,2026-10-08 23:10:13
912688131,Willhaben Ad 912688131,1020 (2. Leopoldstadt),elado,https://www.willhaben.at/iad/immobilien/d/eigentumswohnung/wien/wien-1020-leopoldstadt/-leopold-quartier-optimal-geschnittenes-mikroapartment-mit-balkon-erstbezug-provisionsfrei-top-71-912688131,912688131.html,2026-10-08 23:10:17
1045424708,Willhaben Ad 1045424708,1020 (2. Leopoldstadt),elado,https://www.willhaben.at/iad/immobilien/d/eigentumswohnung/wien/wien-1020-leopoldstadt/-leopold-quartier-optimal-geschnittenes-mikroapartment-mit-balkon-erstbezug-provisionsfrei-top-15-1045424708,1045424708.html,2026-10-08 23:10:19
1431944382,Willhaben Ad 1431944382,1020 (2. Leopoldstadt),elado,https://www.willhaben.at/iad/immobilien/d/eigentumswohnung/wien/wien-1020-leopoldstadt/the-pearl-wohnen-am-karmelitermarkt-1431944382,1431944382.html,2026-10-08 23:10:23
1109986256,Willhaben Ad 1109986256,1020 (2. Leopoldstadt),elado,https://www.willhaben.at/iad/immobilien/d/eigentumswohnung/wien/wien-1020-leopoldstadt/architektur-lage-investment-ein-ueberzeugendes-gesamtpaket-direkt-am-karmelitermarkt-1109986256,1109986256.html,2026-10-08 23:10:26
1195434318,Willhaben Ad 1195434318,Wien,elado,https://www.willhaben.at/iad/immobilien/d/sonstige/sonstige/lage-schlaegt-alles-grosse-schiffgasse-1195434318,1195434318.html,2026-10-08 23:10:33
945380551,Willhaben Ad 945380551,Wien,elado,https://www.willhaben.at/iad/immobilien/d/sonstige/sonstige/zentraler-geht-rendite-nicht-the-pearl-945380551,945380551.html,2026-10-08 23:10:36
1881069420,Willhaben Ad 1881069420,1020 (2. Leopoldstadt),elado,https://www.willhaben.at/iad/immobilien/d/eigentumswohnung/wien/wien-1020-leopoldstadt/exklusives-wohnambiente-im-wiener-altbau-nahe-dem-beliebten-wiener-prater-1881069420,1881069420.html,2026-10-08 23:10:44
1847221187,Willhaben Ad 1847221187,1020 (2. Leopoldstadt),elado,https://www.willhaben.at/iad/immobilien/d/eigentumswohnung/wien/wien-1020-leopoldstadt/u2-vor-der-tuer-marina-tower-etage-10-donaublick-sunset-balkon-urban-lifestyle-1847221187,1847221187.html,2026-10-08 23:10:50
1991143312,Willhaben Ad 1991143312,1010 (1. Innere Stadt),elado,https://www.willhaben.at/iad/immobilien/d/eigentumswohnung/wien/wien-1020-leopoldstadt/privatverkauf-aussergewoehnlich-stilvoll-grenze-1010-praechtig-leben-auf-d-praterstrasse-saniert-mobiliar-a-z-kl-gemeinschaftsterrasse-1991143312,1991143312.html,2026-10-08 23:11:20
1854258168,Willhaben Ad 1854258168,1020 (2. Leopoldstadt),elado,https://www.willhaben.at/iad/immobilien/d/eigentumswohnung/wien/wien-1020-leopoldstadt/-neu-u2-vor-der-tuer-modernisierte-eigentumswohnung-mit-terrasse-und-sauna-direkt-bei-taborstrasse-augarten-park-1854258168,1854258168.html,2026-10-08 23:11:22
1079850406,Willhaben Ad 1079850406,1020 (2. Leopoldstadt),elado,https://www.willhaben.at/iad/immobilien/d/eigentumswohnung/wien/wien-1020-leopoldstadt/neubauwohnung-mit-sued-balkon-in-ruhigen-innenhof-und-garage-einbaukueche-u-bahn-und-donauinselnaehe-1079850406,1079850406.html,2026-10-08 23:11:32
1980090845,Willhaben Ad 1980090845,1020 (2. Leopoldstadt),elado,https://www.willhaben.at/iad/immobilien/d/eigentumswohnung/wien/wien-1020-leopoldstadt/-neu-2-zimmer-altbauwohnung-in-renovierung-ruhig-nahe-prater-und-donau-1980090845,1980090845.html,2026-10-08 23:11:35
1638890556,Willhaben Ad 1638890556,1020 (2. Leopoldstadt),elado,https://www.willhaben.at/iad/immobilien/d/eigentumswohnung/wien/wien-1020-leopoldstadt/goldener-pfau-mit-klimaanlage-ruhe-freiraum-wohnen-im-beliebten-karmeliterviertel-1638890556,1638890556.html,2026-10-08 23:11:44
1713199694,Willhaben Ad 1713199694,1020 (2. Leopoldstadt),elado,https://www.willhaben.at/iad/immobilien/d/eigentumswohnung/wien/wien-1020-leopoldstadt/more-vienna-stilvoll-wohnen-mit-gruenblick-1713199694,1713199694.html,2026-10-08 23:11:47
1409761335,Willhaben Ad 1409761335,1020 (2. Leopoldstadt),elado,https://www.willhaben.at/iad/immobilien/d/eigentumswohnung/wien/wien-1020-leopoldstadt/more-vienna-more-living-more-style-1409761335,1409761335.html,2026-10-08 23:11:51
1267055568,Willhaben Ad 1267055568,1020 (2. Leopoldstadt),elado,https://www.willhaben.at/iad/immobilien/d/eigentumswohnung/wien/wien-1020-leopoldstadt/more-vienna-morgensonne-abendsonne-wohnglueck-1267055568,1267055568.html,2026-10-08 23:11:54
1946440876,Willhaben Ad 1946440876,1020 (2. Leopoldstadt),elado,https://www.willhaben.at/iad/immobilien/d/eigentumswohnung/wien/wien-1020-leopoldstadt/top-3-zimmerwohnung-mit-praterblick-1946440876,1946440876.html,2026-10-08 23:12:04
1511435287,Willhaben Ad 1511435287,1020 (2. Leopoldstadt),elado,https://www.willhaben.at/iad/immobilien/d/eigentumswohnung/wien/wien-1020-leopoldstadt/singlehit-mit-praterblick-1511435287,1511435287.html,2026-10-08 23:12:07
1148776407,Willhaben Ad 1148776407,1020 (2. Leopoldstadt),elado,https://www.willhaben.at/iad/immobilien/d/eigentumswohnung/wien/wien-1020-leopoldstadt/-neu-sanierungsbeduerftige-3-zimmer-neubauwohnung-mit-gemeinschaftsgarten-und-lift-in-1020-wien-1148776407,1148776407.html,2026-10-08 23:12:14
828565545,Willhaben Ad 828565545,1020 (2. Leopoldstadt),elado,https://www.willhaben.at/iad/immobilien/d/eigentumswohnung/wien/wien-1020-leopoldstadt/-neu-mehr-platz-fuers-leben-5-zimmer-altbauwohnung-mit-hofbalkon-und-lift-nahe-augarten-828565545,828565545.html,2026-10-08 23:12:17
1740881146,Willhaben Ad 1740881146,1020 (2. Leopoldstadt),elado,https://www.willhaben.at/iad/immobilien/d/eigentumswohnung/wien/wien-1020-leopoldstadt/exklusve-3-zimmer-designerkueche-terrasse-mit-fernblick-donau-1740881146,1740881146.html,2026-10-08 23:12:20
1261121513,Willhaben Ad 1261121513,1020 (2. Leopoldstadt),elado,https://www.willhaben.at/iad/immobilien/d/eigentumswohnung/wien/wien-1020-leopoldstadt/goldener-pfau-ueber-den-daechern-des-karmeliterviertels-ein-penthouse-fuer-besondere-ansprueche-1261121513,1261121513.html,2026-10-08 23:12:23
1372964356,Willhaben Ad 1372964356,1020 (2. Leopoldstadt),elado,https://www.willhaben.at/iad/immobilien/d/eigentumswohnung/wien/wien-1020-leopoldstadt/-leopold-quartier-provisionsfreie-2-zimmer-eigentumswohnung-mit-balkon-erstbezug-top-66-1372964356,1372964356.html,2026-10-08 23:12:26
2117135128,Willhaben Ad 2117135128,1020 (2. Leopoldstadt),elado,https://www.willhaben.at/iad/immobilien/d/eigentumswohnung/wien/wien-1020-leopoldstadt/altbaujuwel-am-donaukanal-4-zimmer-1020-wien-erstbezug-nach-generalsanierung-2117135128,2117135128.html,2026-10-08 23:12:29
856024914,Willhaben Ad 856024914,1020 (2. Leopoldstadt),elado,https://www.willhaben.at/iad/immobilien/d/eigentumswohnung/wien/wien-1020-leopoldstadt/-leopold-quartier-optimal-geschnittenes-mikroapartment-mit-balkon-erstbezug-provisionsfrei-top-87-856024914,856024914.html,2026-10-08 23:12:32
1644807183,Willhaben Ad 1644807183,1020 (2. Leopoldstadt),elado,https://www.willhaben.at/iad/immobilien/d/eigentumswohnung/wien/wien-1020-leopoldstadt/-leopold-quartier-provisionsfreie-2-zimmer-eigentumswohnung-mit-balkon-erstbezug-top-79-1644807183,1644807183.html,2026-10-08 23:12:36
911453307,Willhaben Ad 911453307,1020 (2. Leopoldstadt),elado,https://www.willhaben.at/iad/immobilien/d/eigentumswohnung/wien/wien-1020-leopoldstadt/stilvolle-altbauwohnung-in-traumhafter-ruhelage-im-herzen-des-2-bezirks-911453307,911453307.html,2026-10-08 23:12:43
1380891570,Willhaben Ad 1380891570,1020 (2. Leopoldstadt),elado,https://www.willhaben.at/iad/immobilien/d/eigentumswohnung/wien/wien-1020-leopoldstadt/grosszuegiges-dachgeschoss-nahe-augarten-1380891570,1380891570.html,2026-10-08 23:12:46
1131653267,Willhaben Ad 1131653267,Wien,elado,https://www.willhaben.at/iad/immobilien/d/sonstige/sonstige/lage-schlaegt-alles-grosse-schiffgasse-1131653267,1131653267.html,2026-10-08 23:12:57
1456970431,Willhaben Ad 1456970431,1020 (2. Leopoldstadt),elado,https://www.willhaben.at/iad/immobilien/d/eigentumswohnung/wien/wien-1020-leopoldstadt/exklusive-5-zimmer-wohnung-mit-balkon-in-toplage-des-2-bezirks-1456970431,1456970431.html,2026-10-08 23:13:00
992725986,Willhaben Ad 992725986,1020 (2. Leopoldstadt),elado,https://www.willhaben.at/iad/immobilien/d/eigentumswohnung/wien/wien-1020-leopoldstadt/elegante-5-zimmer-familienwohnung-mit-balkon-in-gefragter-lage-des-2-bezirks-992725986,992725986.html,2026-10-08 23:13:03
1848060889,Willhaben Ad 1848060889,1020 (2. Leopoldstadt),elado,https://www.willhaben.at/iad/immobilien/d/eigentumswohnung/wien/wien-1020-leopoldstadt/elegante-4-zimmer-wohnung-mit-balkon-in-gefragter-lage-des-2-bezirks-1848060889,1848060889.html,2026-10-08 23:13:05
1781592354,Willhaben Ad 1781592354,1020 (2. Leopoldstadt),elado,https://www.willhaben.at/iad/immobilien/d/eigentumswohnung/wien/wien-1020-leopoldstadt/maison-29-lart-de-vivre-klimatisierter-5-zimmer-erstbezug-mit-suedbalkon-und-privatem-liftausstieg-generalsanierte-liegenschaft-1781592354,1781592354.html,2026-10-08 23:13:12
1501551426,Willhaben Ad 1501551426,1020 (2. Leopoldstadt),elado,https://www.willhaben.at/iad/immobilien/d/eigentumswohnung/wien/wien-1020-leopoldstadt/maison-29-lart-de-vivre-suedseitige-5-zimmer-maisonette-mit-dachterrasse-und-privatem-liftausstieg-blick-ueber-den-prater-1501551426,1501551426.html,2026-10-08 23:13:14
1119906653,Willhaben Ad 1119906653,Wien,elado,https://www.willhaben.at/iad/immobilien/d/sonstige/sonstige/maison-29-lart-de-vivre-sonniger-5-zimmer-dachmaisonette-mit-dachterrasse-und-privatem-liftausstieg-weitblick-ueber-den-prater-1119906653,1119906653.html,2026-10-08 23:13:18
1541008880,Willhaben Ad 1541008880,Wien,elado,https://www.willhaben.at/iad/immobilien/d/sonstige/sonstige/maison-29-lart-de-vivre-5-zimmer-erstbezug-mit-suedbalkon-und-privatem-liftausstieg-generalsanierte-liegenschaft-1541008880,1541008880.html,2026-10-08 23:13:21
2008671045,Willhaben Ad 2008671045,1020 (2. Leopoldstadt),elado,https://www.willhaben.at/iad/immobilien/d/eigentumswohnung/wien/wien-1020-leopoldstadt/ein-nachhaltiges-wohnprojekt-dass-sie-auch-noch-in-zukunft-begeistern-wird-urban-leben-im-2-bezirk-2008671045,2008671045.html,2026-10-08 23:13:24
1104155593,Willhaben Ad 1104155593,1020 (2. Leopoldstadt),elado,https://www.willhaben.at/iad/immobilien/d/eigentumswohnung/wien/wien-1020-leopoldstadt/nachhaltig-wohnen-im-lq-living-grosszuegig-geschnittene-2-zimmer-wohnung-in-top-lage-des-2-bezirks-direkt-beim-donaukanal-1104155593,1104155593.html,2026-10-08 23:13:27
884713582,Willhaben Ad 884713582,1020 (2. Leopoldstadt),elado,https://www.willhaben.at/iad/immobilien/d/eigentumswohnung/wien/wien-1020-leopoldstadt/ruhig-sonnig-geniessen-sie-ihr-apartment-mit-balkon-mitten-in-der-stadt-884713582,884713582.html,2026-10-08 23:13:30
1593358096,Willhaben Ad 1593358096,1020 (2. Leopoldstadt),elado,https://www.willhaben.at/iad/immobilien/d/eigentumswohnung/wien/wien-1020-leopoldstadt/urban-modern-1-5-zimmer-wohnung-mit-balkon-und-viel-sonne-1593358096,1593358096.html,2026-10-08 23:13:33
886764675,Willhaben Ad 886764675,1020 (2. Leopoldstadt),elado,https://www.willhaben.at/iad/immobilien/d/eigentumswohnung/wien/wien-1020-leopoldstadt/smart-gemuetlich-2-zimmer-wohnung-mit-balkon-886764675,886764675.html,2026-10-08 23:13:40
875579357,Willhaben Ad 875579357,1020 (2. Leopoldstadt),elado,https://www.willhaben.at/iad/immobilien/d/eigentumswohnung/wien/wien-1020-leopoldstadt/effiziente-raumloesung-auf-premium-niveau-2-zimmer-in-urbaner-toplage-875579357,875579357.html,2026-10-08 23:13:43
1288967830,Willhaben Ad 1288967830,1020 (2. Leopoldstadt),elado,https://www.willhaben.at/iad/immobilien/d/eigentumswohnung/wien/wien-1020-leopoldstadt/das-gruene-tor-zur-innenstadt-wohnen-im-gruenen-mitten-in-der-stadt-1288967830,1288967830.html,2026-10-08 23:13:47
1680476563,Willhaben Ad 1680476563,1020 (2. Leopoldstadt),elado,https://www.willhaben.at/iad/immobilien/d/eigentumswohnung/wien/wien-1020-leopoldstadt/ruhig-hell-balkon-eine-wohnung-zum-verlieben-1680476563,1680476563.html,2026-10-08 23:13:50
1150771467,Willhaben Ad 1150771467,1020 (2. Leopoldstadt),elado,https://www.willhaben.at/iad/immobilien/d/eigentumswohnung/wien/wien-1020-leopoldstadt/fitness-sauna-co-working-space-wohnen-in-top-lage-nahe-donaukanal-1150771467,1150771467.html,2026-10-08 23:13:53
886057784,Willhaben Ad 886057784,1020 (2. Leopoldstadt),elado,https://www.willhaben.at/iad/immobilien/d/eigentumswohnung/wien/wien-1020-leopoldstadt/ideale-starterwohnung-mit-attraktivem-einstiegspreis-886057784,886057784.html,2026-10-08 23:13:56
2051727274,Willhaben Ad 2051727274,1020 (2. Leopoldstadt),elado,https://www.willhaben.at/iad/immobilien/d/eigentumswohnung/wien/wien-1020-leopoldstadt/kernsaniert-grosszuegige-3-zimmer-wohnung-im-4-liftstock-nahe-augarten-2051727274,2051727274.html,2026-10-08 23:13:59
1876575157,Willhaben Ad 1876575157,1020 (2. Leopoldstadt),elado,https://www.willhaben.at/iad/immobilien/d/eigentumswohnung/wien/wien-1020-leopoldstadt/-viel-potential-lichtdurchflutete-eckwohnung-1876575157,1876575157.html,2026-10-08 23:14:02
1265016497,Willhaben Ad 1265016497,1020 (2. Leopoldstadt),elado,https://www.willhaben.at/iad/immobilien/d/eigentumswohnung/wien/wien-1020-leopoldstadt/smart-urban-wohnung-nahe-donaukanal-1265016497,1265016497.html,2026-10-08 23:14:08
1782365623,Willhaben Ad 1782365623,1020 (2. Leopoldstadt),elado,https://www.willhaben.at/iad/immobilien/d/eigentumswohnung/wien/wien-1020-leopoldstadt/the-pearl-exklusiver-erstbezug-in-bestlage-am-karmelitermarkt-1782365623,1782365623.html,2026-10-08 23:14:11
1156955555,Willhaben Ad 1156955555,1020 (2. Leopoldstadt),elado,https://www.willhaben.at/iad/immobilien/d/eigentumswohnung/wien/wien-1020-leopoldstadt/ruhig-hell-balkon-eine-wohnung-zum-verlieben-1156955555,1156955555.html,2026-10-08 23:14:14
1455080466,Willhaben Ad 1455080466,1020 (2. Leopoldstadt),elado,https://www.willhaben.at/iad/immobilien/d/eigentumswohnung/wien/wien-1020-leopoldstadt/stilvolle-altbauwohnung-nahe-prater-messe-wien-1455080466,1455080466.html,2026-10-08 23:14:17
1557541743,Willhaben Ad 1557541743,1020 (2. Leopoldstadt),elado,https://www.willhaben.at/iad/immobilien/d/eigentumswohnung/wien/wien-1020-leopoldstadt/stilvolles-wohnprojekt-in-1020-wien-altbauflair-modernes-dachgeschoss-1557541743,1557541743.html,2026-10-08 23:14:22
960124116,Willhaben Ad 960124116,1020 (2. Leopoldstadt),elado,https://www.willhaben.at/iad/immobilien/d/eigentumswohnung/wien/wien-1020-leopoldstadt/modernes-wohnambiente-mit-balkon-attraktive-altbauwohnung-nahe-dem-augarten-960124116,960124116.html,2026-10-08 23:14:26
892395166,Willhaben Ad 892395166,1020 (2. Leopoldstadt),elado,https://www.willhaben.at/iad/immobilien/d/eigentumswohnung/wien/wien-1020-leopoldstadt/charmante-und-sonnige-altbauwohnung-urbanes-wohnen-am-augarten-892395166,892395166.html,2026-10-08 23:14:29
1716068917,Willhaben Ad 1716068917,1020 (2. Leopoldstadt),elado,https://www.willhaben.at/iad/immobilien/d/eigentumswohnung/wien/wien-1020-leopoldstadt/einzigartiger-gruen-riesenradblick-wohnen-ueber-den-daechern-des-2-bezirks-1716068917,1716068917.html,2026-10-08 23:14:31
949154390,Willhaben Ad 949154390,1020 (2. Leopoldstadt),elado,https://www.willhaben.at/iad/immobilien/d/eigentumswohnung/wien/wien-1020-leopoldstadt/the-pearl-urban-living-erstbezug-beim-karmelitermarkt-949154390,949154390.html,2026-10-08 23:14:35
2078701222,Willhaben Ad 2078701222,1020 (2. Leopoldstadt),elado,https://www.willhaben.at/iad/immobilien/d/eigentumswohnung/wien/wien-1020-leopoldstadt/wunderbare-altbauwohnung-direkt-am-schoenen-karmelitermarkt-2078701222,2078701222.html,2026-10-08 23:14:38
1826816243,Willhaben Ad 1826816243,1020 (2. Leopoldstadt),elado,https://www.willhaben.at/iad/immobilien/d/eigentumswohnung/wien/wien-1020-leopoldstadt/wohnen-mit-charme-und-balkon-nur-wenige-schritte-vom-augarten-1826816243,1826816243.html,2026-10-08 23:14:42
1949930060,Willhaben Ad 1949930060,1020 (2. Leopoldstadt),elado,https://www.willhaben.at/iad/immobilien/d/eigentumswohnung/wien/wien-1020-leopoldstadt/neuer-preis-stilvolle-moderne-wohnung-in-unmittelbarer-naehe-zum-augarten-1949930060,1949930060.html,2026-10-08 23:14:45
1654400327,Willhaben Ad 1654400327,1020 (2. Leopoldstadt),elado,https://www.willhaben.at/iad/immobilien/d/eigentumswohnung/wien/wien-1020-leopoldstadt/prater-provisionsfrei-rooftop-pool-exklusive-wohnung-im-premium-tower-1654400327,1654400327.html,2026-10-08 23:14:48
2039892220,Willhaben Ad 2039892220,1020 (2. Leopoldstadt),elado,https://www.willhaben.at/iad/immobilien/d/eigentumswohnung/wien/wien-1020-leopoldstadt/historischer-charme-trifft-exklusiven-wohnkomfort-im-2-bezirk-2039892220,2039892220.html,2026-10-08 23:14:51
1434744525,Willhaben Ad 1434744525,1020 (2. Leopoldstadt),elado,https://www.willhaben.at/iad/immobilien/d/eigentumswohnung/wien/wien-1020-leopoldstadt/gemuetlich-modern-2-zimmer-mit-balkon-1434744525,1434744525.html,2026-10-08 23:14:54
1201003414,Willhaben Ad 1201003414,1020 (2. Leopoldstadt),elado,https://www.willhaben.at/iad/immobilien/d/eigentumswohnung/wien/wien-1020-leopoldstadt/smart-gemuetlich-1-5-zimmer-wohnung-mit-balkon-1201003414,1201003414.html,2026-10-08 23:15:01
2136112615,Willhaben Ad 2136112615,1020 (2. Leopoldstadt),elado,https://www.willhaben.at/iad/immobilien/d/eigentumswohnung/wien/wien-1020-leopoldstadt/-leopold-quartier-optimal-geschnittenes-mikroapartment-mit-balkon-erstbezug-provisionsfrei-top-71-2136112615,2136112615.html,2026-10-08 23:15:07
960713507,Willhaben Ad 960713507,1020 (2. Leopoldstadt),elado,https://www.willhaben.at/iad/immobilien/d/eigentumswohnung/wien/wien-1020-leopoldstadt/-leopold-quartier-provisionsfreie-2-zimmer-eigentumswohnung-mit-balkon-erstbezug-top-49-960713507,960713507.html,2026-10-08 23:15:11
905068296,Willhaben Ad 905068296,1020 (2. Leopoldstadt),elado,https://www.willhaben.at/iad/immobilien/d/eigentumswohnung/wien/wien-1020-leopoldstadt/ideal-fuer-pendler-wohnung-mit-balkon-mit-top-anbindung-905068296,905068296.html,2026-10-08 23:15:13
893901130,Willhaben Ad 893901130,1020 (2. Leopoldstadt),elado,https://www.willhaben.at/iad/immobilien/d/eigentumswohnung/wien/wien-1020-leopoldstadt/lichtdurchflutete-dachgeschosswohnung-naehe-karmeliterplatz-893901130,893901130.html,2026-10-08 23:15:17
1758830205,Willhaben Ad 1758830205,1020 (2. Leopoldstadt),elado,https://www.willhaben.at/iad/immobilien/d/eigentumswohnung/wien/wien-1020-leopoldstadt/beeindruckende-3-wohneinheiten-mit-terrasse-und-garten-1758830205,1758830205.html,2026-10-08 23:15:20
1634101522,Willhaben Ad 1634101522,1020 (2. Leopoldstadt),elado,https://www.willhaben.at/iad/immobilien/d/eigentumswohnung/wien/wien-1020-leopoldstadt/ankommen-wohlfuehlen-zuhause-sein-1634101522,1634101522.html,2026-10-08 23:15:22
899761818,Willhaben Ad 899761818,1020 (2. Leopoldstadt),elado,https://www.willhaben.at/iad/immobilien/d/eigentumswohnung/wien/wien-1020-leopoldstadt/modernes-wohnen-in-top-lage-mit-fitness-co-working-space-sauna-899761818,899761818.html,2026-10-08 23:15:26
1661413082,Willhaben Ad 1661413082,1020 (2. Leopoldstadt),elado,https://www.willhaben.at/iad/immobilien/d/eigentumswohnung/wien/wien-1020-leopoldstadt/smart-gemuetlich-1-5-zimmer-wohnung-mit-balkon-1661413082,1661413082.html,2026-10-08 23:15:29
2047336828,Willhaben Ad 2047336828,1020 (2. Leopoldstadt),elado,https://www.willhaben.at/iad/immobilien/d/eigentumswohnung/wien/wien-1020-leopoldstadt/effiziente-raumloesung-auf-premium-niveau-2-zimmer-in-urbaner-toplage-an-der-donau-2047336828,2047336828.html,2026-10-08 23:15:32
1993727519,Willhaben Ad 1993727519,1020 (2. Leopoldstadt),elado,https://www.willhaben.at/iad/immobilien/d/eigentumswohnung/wien/wien-1020-leopoldstadt/-leopold-quartier-4-zimmer-eigentumswohnung-mit-balkon-provisionsfrei-erstbezug-top-74-1993727519,1993727519.html,2026-10-08 23:15:36
1471492309,Willhaben Ad 1471492309,1020 (2. Leopoldstadt),elado,https://www.willhaben.at/iad/immobilien/d/eigentumswohnung/wien/wien-1020-leopoldstadt/zeitlose-eleganz-mit-blick-auf-den-donaukanal-3-zimmer-stilaltbau-erstbezug-1471492309,1471492309.html,2026-10-08 23:15:38
2101036922,Willhaben Ad 2101036922,1010 (1. Innere Stadt),elado,https://www.willhaben.at/iad/immobilien/d/eigentumswohnung/wien/wien-1020-leopoldstadt/ankommen-wohlfuehlen-zuhause-sein-2101036922,2101036922.html,2026-10-08 23:15:44
774053738,Willhaben Ad 774053738,1020 (2. Leopoldstadt),elado,https://www.willhaben.at/iad/immobilien/d/eigentumswohnung/wien/wien-1020-leopoldstadt/luxus-eigentumswohnung-im-2-bezirk-2-schlafzimmer-2-baeder-stilvolle-ausstattung-in-urbaner-toplage-774053738,774053738.html,2026-10-08 23:15:47
1013533203,Willhaben Ad 1013533203,1020 (2. Leopoldstadt),elado,https://www.willhaben.at/iad/immobilien/d/eigentumswohnung/wien/wien-1020-leopoldstadt/ankommen-wohlfuehlen-zuhause-sein-1013533203,1013533203.html,2026-10-08 23:15:49
2022376976,Willhaben Ad 2022376976,1020 (2. Leopoldstadt),elado,https://www.willhaben.at/iad/immobilien/d/eigentumswohnung/wien/wien-1020-leopoldstadt/wohnen-beim-gruenen-prater-ein-paradies-im-herbst-2022376976,2022376976.html,2026-10-08 23:15:53
1586167001,Willhaben Ad 1586167001,1020 (2. Leopoldstadt),elado,https://www.willhaben.at/iad/immobilien/d/eigentumswohnung/wien/wien-1020-leopoldstadt/wohnen-beim-gruenen-prater-ein-paradies-im-herbst-1586167001,1586167001.html,2026-10-08 23:15:57
1593878359,Willhaben Ad 1593878359,1020 (2. Leopoldstadt),elado,https://www.willhaben.at/iad/immobilien/d/eigentumswohnung/wien/wien-1020-leopoldstadt/wohnen-beim-gruenen-prater-ein-paradies-im-herbst-1593878359,1593878359.html,2026-10-08 23:16:00
1069597555,Willhaben Ad 1069597555,1020 (2. Leopoldstadt),elado,https://www.willhaben.at/iad/immobilien/d/eigentumswohnung/wien/wien-1020-leopoldstadt/wohnen-beim-gruenen-prater-ein-paradies-im-herbst-1069597555,1069597555.html,2026-10-08 23:16:03
1388392175,Willhaben Ad 1388392175,1020 (2. Leopoldstadt),elado,https://www.willhaben.at/iad/immobilien/d/eigentumswohnung/wien/wien-1020-leopoldstadt/wohnen-beim-gruenen-prater-ein-paradies-im-herbst-1388392175,1388392175.html,2026-10-08 23:16:06
1322008045,Willhaben Ad 1322008045,1020 (2. Leopoldstadt),elado,https://www.willhaben.at/iad/immobilien/d/eigentumswohnung/wien/wien-1020-leopoldstadt/wohnen-beim-gruenen-prater-ein-paradies-im-herbst-1322008045,1322008045.html,2026-10-08 23:16:09
1315950897,Willhaben Ad 1315950897,1020 (2. Leopoldstadt),elado,https://www.willhaben.at/iad/immobilien/d/eigentumswohnung/wien/wien-1020-leopoldstadt/wohnen-beim-gruenen-prater-ein-paradies-im-herbst-1315950897,1315950897.html,2026-10-08 23:16:11
1406182969,Willhaben Ad 1406182969,1020 (2. Leopoldstadt),elado,https://www.willhaben.at/iad/immobilien/d/eigentumswohnung/wien/wien-1020-leopoldstadt/wohnen-beim-gruenen-prater-ein-paradies-im-herbst-1406182969,1406182969.html,2026-10-08 23:16:14
1348821349,Willhaben Ad 1348821349,1020 (2. Leopoldstadt),elado,https://www.willhaben.at/iad/immobilien/d/eigentumswohnung/wien/wien-1020-leopoldstadt/wohnen-beim-gruenen-prater-ein-paradies-im-herbst-1348821349,1348821349.html,2026-10-08 23:16:17
2005144384,Willhaben Ad 2005144384,1020 (2. Leopoldstadt),elado,https://www.willhaben.at/iad/immobilien/d/eigentumswohnung/wien/wien-1020-leopoldstadt/grosszuegige-wohnung-am-mexikoplatz-ideal-fuer-wohnen-und-arbeiten-2005144384,2005144384.html,2026-10-08 23:16:21
1972328244,Willhaben Ad 1972328244,1020 (2. Leopoldstadt),elado,https://www.willhaben.at/iad/immobilien/d/eigentumswohnung/wien/wien-1020-leopoldstadt/marina-tower-wohnen-im-37-stock-mit-blick-auf-die-stadt-1972328244,1972328244.html,2026-10-08 23:16:28
2145803166,Willhaben Ad 2145803166,1020 (2. Leopoldstadt),elado,https://www.willhaben.at/iad/immobilien/d/eigentumswohnung/wien/wien-1020-leopoldstadt/bastler-anleger-hit-neubauwohnung-nach-1953-aus-verlassenschaft-zu-kaufen-2145803166,2145803166.html,2026-10-08 23:16:30
1241894261,Willhaben Ad 1241894261,1020 (2. Leopoldstadt),elado,https://www.willhaben.at/iad/immobilien/d/eigentumswohnung/wien/wien-1020-leopoldstadt/erstbezug-2-zimmer-wohnung-mit-loggia-und-traumausblick-naehe-neue-donau-1241894261,1241894261.html,2026-10-08 23:16:34
1404502469,Willhaben Ad 1404502469,1020 (2. Leopoldstadt),elado,https://www.willhaben.at/iad/immobilien/d/eigentumswohnung/wien/wien-1020-leopoldstadt/charmante-altbauwohnung-mit-donau-und-u1-direkt-vor-der-haustuer-1404502469,1404502469.html,2026-10-08 23:16:47
1298476433,Willhaben Ad 1298476433,1020 (2. Leopoldstadt),elado,https://www.willhaben.at/iad/immobilien/d/eigentumswohnung/wien/wien-1020-leopoldstadt/ihr-traum-vom-eigenheim-gartenwohnung-in-1020-wien-erstbezug-mit-terrasse-1298476433,1298476433.html,2026-10-08 23:16:52
1989515214,Willhaben Ad 1989515214,1020 (2. Leopoldstadt),elado,https://www.willhaben.at/iad/immobilien/d/eigentumswohnung/wien/wien-1020-leopoldstadt/erstbezug-in-1020-wien-5-zimmer-wohnung-mit-balkon-1989515214,1989515214.html,2026-10-08 23:16:55
1717503777,Willhaben Ad 1717503777,1020 (2. Leopoldstadt),elado,https://www.willhaben.at/iad/immobilien/d/eigentumswohnung/wien/wien-1020-leopoldstadt/traumhafte-dachgeschosswohnung-in-1020-wien-erstbezug-mit-terrasse-1717503777,1717503777.html,2026-10-08 23:16:58
856888982,Willhaben Ad 856888982,1020 (2. Leopoldstadt),elado,https://www.willhaben.at/iad/immobilien/d/eigentumswohnung/wien/wien-1020-leopoldstadt/elegante-dachgeschosswohnung-in-1020-wien-5-zimmer-terrasse-und-vollsaniert-856888982,856888982.html,2026-10-08 23:17:02
1089023520,Willhaben Ad 1089023520,1020 (2. Leopoldstadt),elado,https://www.willhaben.at/iad/immobilien/d/eigentumswohnung/wien/wien-1020-leopoldstadt/traumhafte-dg-wohnung-in-1020-wien-modern-vollsaniert-mit-terrasse-und-5-zimmern-1089023520,1089023520.html,2026-10-08 23:17:05
1078478528,Willhaben Ad 1078478528,1020 (2. Leopoldstadt),elado,https://www.willhaben.at/iad/immobilien/d/eigentumswohnung/wien/wien-1020-leopoldstadt/charmante-vollsanierte-1-zimmer-wohnung-in-1020-wien-ihr-neues-zuhause-fuer-189-000-eur-1078478528,1078478528.html,2026-10-08 23:17:08
1839855226,Willhaben Ad 1839855226,1020 (2. Leopoldstadt),elado,https://www.willhaben.at/iad/immobilien/d/eigentumswohnung/wien/wien-1020-leopoldstadt/moderne-5-zimmer-wohnung-in-1020-wien-erstbezug-mit-balkon-1839855226,1839855226.html,2026-10-08 23:17:11
1238329386,Willhaben Ad 1238329386,1020 (2. Leopoldstadt),elado,https://www.willhaben.at/iad/immobilien/d/eigentumswohnung/wien/wien-1020-leopoldstadt/traumhafte-dachgeschosswohnung-in-1020-wien-vollsaniert-4-zimmer-terrasse-1238329386,1238329386.html,2026-10-08 23:17:13
1542696509,Willhaben Ad 1542696509,1020 (2. Leopoldstadt),elado,https://www.willhaben.at/iad/immobilien/d/eigentumswohnung/wien/wien-1020-leopoldstadt/vollsanierte-2-zimmer-wohnung-in-1020-wien-ihr-neues-zuhause-wartet-1542696509,1542696509.html,2026-10-08 23:17:16
1119147307,Willhaben Ad 1119147307,Wien,elado,https://www.willhaben.at/iad/immobilien/d/sonstige/sonstige/maison-29-lart-de-vivre-die-kunst-zu-leben-direkt-beim-prater-messe-und-wirtschaftsuni-suedbalkon-erstbezug-in-generalsanierter-liegenschaft-1119147307,1119147307.html,2026-10-08 23:17:20
1369572966,Willhaben Ad 1369572966,Wien,elado,https://www.willhaben.at/iad/immobilien/d/sonstige/sonstige/maison-29-die-kunst-zu-leben-traumblick-auf-den-prater-vom-sued-balkon-im-3-liftstock-1369572966,1369572966.html,2026-10-08 23:17:23
1812362156,Willhaben Ad 1812362156,Wien,elado,https://www.willhaben.at/iad/immobilien/d/sonstige/sonstige/garagenplatz-naehe-u1-vorgartenstrasse-1812362156,1812362156.html,2026-10-08 23:17:26
1808199016,Willhaben Ad 1808199016,Wien,elado,https://www.willhaben.at/iad/immobilien/d/sonstige/sonstige/maison-29-lart-de-vivre-geschmackvoll-sanierte-2-zimmer-erstbezug-mit-grossem-balkon-im-3-liftstock-1808199016,1808199016.html,2026-10-08 23:17:29
1817091146,Willhaben Ad 1817091146,1020 (2. Leopoldstadt),elado,https://www.willhaben.at/iad/immobilien/d/eigentumswohnung/wien/wien-1020-leopoldstadt/maison-29-lart-de-vivre-die-kunst-zu-leben-i-hofseitige-balkonwohnung-in-generalsanierter-liegenschaft-bei-u2-1817091146,1817091146.html,2026-10-08 23:17:32
1458007080,Willhaben Ad 1458007080,1020 (2. Leopoldstadt),elado,https://www.willhaben.at/iad/immobilien/d/eigentumswohnung/wien/wien-1020-leopoldstadt/maison-29-lart-de-vivre-geschmackvoll-sanierte-2-zimmer-erstbezug-mit-grossem-balkon-im-3-liftstock-1458007080,1458007080.html,2026-10-08 23:17:34
1950687347,Willhaben Ad 1950687347,1020 (2. Leopoldstadt),elado,https://www.willhaben.at/iad/immobilien/d/eigentumswohnung/wien/wien-1020-leopoldstadt/maison-29-die-kunst-zu-leben-traumblick-auf-den-prater-vom-sued-balkon-im-3-liftstock-klimaanlage-1950687347,1950687347.html,2026-10-08 23:17:38
778614497,Willhaben Ad 778614497,1020 (2. Leopoldstadt),elado,https://www.willhaben.at/iad/immobilien/d/eigentumswohnung/wien/wien-1020-leopoldstadt/maison-29-lart-de-vivre-hofseitiger-balkon-mit-16-qm-i-fernwaerme-i-2-liftstock-i-u-bahn-naehe-778614497,778614497.html,2026-10-08 23:17:42
1796138914,Willhaben Ad 1796138914,1020 (2. Leopoldstadt),elado,https://www.willhaben.at/iad/immobilien/d/eigentumswohnung/wien/wien-1020-leopoldstadt/maison-29-lart-de-vivre-sonnige-suedwohnung-im-1-dachgeschoss-mit-blick-ueber-den-prater-1796138914,1796138914.html,2026-10-08 23:17:45
1644172546,Willhaben Ad 1644172546,1020 (2. Leopoldstadt),elado,https://www.willhaben.at/iad/immobilien/d/eigentumswohnung/wien/wien-1020-leopoldstadt/maison-29-lart-de-vivre-klimatisierter-erstbezug-mit-suedbalkon-in-generalsanierter-liegenschaft-direkt-beim-prater-messe-und-wirtschaftsuni-1644172546,1644172546.html,2026-10-08 23:17:48
1087974714,Willhaben Ad 1087974714,1020 (2. Leopoldstadt),elado,https://www.willhaben.at/iad/immobilien/d/eigentumswohnung/wien/wien-1020-leopoldstadt/maison-29-die-kunst-zu-leben-direkt-bei-u2-messe-prater-i-balkon-i-fernwaerme-i-hofruhelage-1087974714,1087974714.html,2026-10-08 23:17:51
1555836646,Willhaben Ad 1555836646,1020 (2. Leopoldstadt),elado,https://www.willhaben.at/iad/immobilien/d/eigentumswohnung/wien/wien-1020-leopoldstadt/neuer-preis-bestandsfreie-helle-und-ruhige-singelwohnung-1555836646,1555836646.html,2026-10-08 23:17:57
1584120816,Willhaben Ad 1584120816,1010 (1. Innere Stadt),elado,https://www.willhaben.at/iad/immobilien/d/eigentumswohnung/wien/wien-1020-leopoldstadt/privatverkauf-aussergewoehnlich-stilvoll-grenze-1010-praechtig-leben-auf-d-praterstrasse-saniert-mobiliar-a-z-kl-gemeinschaftsterrasse-1584120816,1584120816.html,2026-10-08 23:18:00
1023109621,Willhaben Ad 1023109621,1020 (2. Leopoldstadt),elado,https://www.willhaben.at/iad/immobilien/d/eigentumswohnung/wien/wien-1020-leopoldstadt/maison-29-lart-de-vivre-erstbezug-mit-3-40-m-raumhoehe-klimatisiert-suedbalkon-lebendiger-ausblick-1023109621,1023109621.html,2026-10-08 23:18:02
1358413452,Willhaben Ad 1358413452,1020 (2. Leopoldstadt),elado,https://www.willhaben.at/iad/immobilien/d/eigentumswohnung/wien/wien-1020-leopoldstadt/maison-29-lart-de-vivre-erstbezug-mit-suedseitigem-eigengarten-bei-u2-messer-prater-3-8-m-raumhoehe-1358413452,1358413452.html,2026-10-08 23:18:05
1871456207,Willhaben Ad 1871456207,1020 (2. Leopoldstadt),elado,https://www.willhaben.at/iad/immobilien/d/eigentumswohnung/wien/wien-1020-leopoldstadt/maison-29-urbaner-gartentraum-in-suedausrichtung-naechst-prater-und-wu-1871456207,1871456207.html,2026-10-08 23:18:09
1912591616,Willhaben Ad 1912591616,1020 (2. Leopoldstadt),elado,https://www.willhaben.at/iad/immobilien/d/eigentumswohnung/wien/wien-1020-leopoldstadt/maison-29-lart-de-vivre-die-kunst-zu-leben-maisonette-mit-zwei-grosszuegigen-aussenbereichen-naechst-wu-und-messegelaende-1912591616,1912591616.html,2026-10-08 23:18:11
1208452935,Willhaben Ad 1208452935,1020 (2. Leopoldstadt),elado,https://www.willhaben.at/iad/immobilien/d/eigentumswohnung/wien/wien-1020-leopoldstadt/maison-29-lart-de-vivre-fantastischer-weitblick-ueber-den-prater-i-grosszuegig-angelegte-maisonette-mit-2-terrassen-i-historisches-tuermchen-am-dach-1208452935,1208452935.html,2026-10-08 23:18:14
1691230195,Willhaben Ad 1691230195,1020 (2. Leopoldstadt),elado,https://www.willhaben.at/iad/immobilien/d/eigentumswohnung/wien/wien-1020-leopoldstadt/maison-29-lart-de-vivre-die-kunst-zu-leben-mit-direktem-traumblick-auf-den-prater-klimatisierter-erstbezug-mit-suedbalkon-1691230195,1691230195.html,2026-10-08 23:18:17
1733341728,Willhaben Ad 1733341728,1020 (2. Leopoldstadt),elado,https://www.willhaben.at/iad/immobilien/d/eigentumswohnung/wien/wien-1020-leopoldstadt/maison-29-zentral-begehbarer-2-zimmer-erstbezug-mit-geraeumiger-wohnkueche-und-hofbalkon-1733341728,1733341728.html,2026-10-08 23:18:20
2121856395,Willhaben Ad 2121856395,1020 (2. Leopoldstadt),elado,https://www.willhaben.at/iad/immobilien/d/eigentumswohnung/wien/wien-1020-leopoldstadt/maison-29-lart-de-vivre-sonniger-erstbezug-in-wunderschoen-restaurierter-liegenschaft-bei-u2-messe-prater-2121856395,2121856395.html,2026-10-08 23:18:23
950117470,Willhaben Ad 950117470,Wien,elado,https://www.willhaben.at/iad/immobilien/d/sonstige/sonstige/maison-29-lart-de-vivre-fantastischer-weitblick-ueber-den-prater-i-grosszuegig-angelegte-maisonette-mit-2-terrassen-i-historisches-tuermchen-am-dach-950117470,950117470.html,2026-10-08 23:18:26
1954043784,Willhaben Ad 1954043784,1020 (2. Leopoldstadt),elado,https://www.willhaben.at/iad/immobilien/d/eigentumswohnung/wien/wien-1020-leopoldstadt/maison-29-lart-de-vivre-grosszuegige-3-zimmer-maisonette-mit-garten-terrasse-und-2-baedern-1954043784,1954043784.html,2026-10-08 23:18:29
977343507,Willhaben Ad 977343507,1020 (2. Leopoldstadt),elado,https://www.willhaben.at/iad/immobilien/d/eigentumswohnung/wien/wien-1020-leopoldstadt/exklusive-dg-wohnung-in-1020-wien-4-zimmer-terrasse-erstbezug-ihr-neues-zuhause-977343507,977343507.html,2026-10-08 23:18:32
2134632972,Willhaben Ad 2134632972,1020 (2. Leopoldstadt),elado,https://www.willhaben.at/iad/immobilien/d/eigentumswohnung/wien/wien-1020-leopoldstadt/the-pearl-urbanes-dachgeschoss-living-mit-terrasse-beim-karmelitermarkt-2134632972,2134632972.html,2026-10-08 23:18:35
859441315,Willhaben Ad 859441315,1020 (2. Leopoldstadt),elado,https://www.willhaben.at/iad/immobilien/d/eigentumswohnung/wien/wien-1020-leopoldstadt/stilvolle-2-zimmer-wohnung-im-klassischen-altbau-859441315,859441315.html,2026-10-08 23:18:54
1502571580,Willhaben Ad 1502571580,1020 (2. Leopoldstadt),elado,https://www.willhaben.at/iad/immobilien/d/eigentumswohnung/wien/wien-1020-leopoldstadt/2-zimmer-altbauflair-mit-modernem-wohnkomfort-1502571580,1502571580.html,2026-10-08 23:18:58
1556846676,Willhaben Ad 1556846676,1020 (2. Leopoldstadt),elado,https://www.willhaben.at/iad/immobilien/d/eigentumswohnung/wien/wien-1020-leopoldstadt/ein-zuhause-nach-mass-zwei-einheiten-viele-moeglichkeiten-1556846676,1556846676.html,2026-10-08 23:19:01
1816250575,Willhaben Ad 1816250575,1020 (2. Leopoldstadt),elado,https://www.willhaben.at/iad/immobilien/d/eigentumswohnung/wien/wien-1020-leopoldstadt/charmante-2-zimmer-altbauwohnung-zur-individuellen-gestaltung-1816250575,1816250575.html,2026-10-08 23:19:05
972690288,Willhaben Ad 972690288,1020 (2. Leopoldstadt),elado,https://www.willhaben.at/iad/immobilien/d/gewerbeimmobilien-kaufen/wien/wien-1020-leopoldstadt/sanierungsbeduerftiges-geschaeftslokal-in-hoher-frequenzlage-972690288,972690288.html,2026-10-08 23:19:07
1876257054,Willhaben Ad 1876257054,1020 (2. Leopoldstadt),elado,https://www.willhaben.at/iad/immobilien/d/eigentumswohnung/wien/wien-1020-leopoldstadt/kennen-wir-uns-schon-moderne-vorsorgewohnung-mit-flair-1-zimmer-und-balkon-1876257054,1876257054.html,2026-10-08 23:19:14
1768463529,Willhaben Ad 1768463529,1020 (2. Leopoldstadt),elado,https://www.willhaben.at/iad/immobilien/d/eigentumswohnung/wien/wien-1020-leopoldstadt/josephine-einzigartiges-wohnen-direkt-am-gruenen-prater-2-zimmer-mit-balkon-1768463529,1768463529.html,2026-10-08 23:19:18
2094431475,Willhaben Ad 2094431475,1020 (2. Leopoldstadt),elado,https://www.willhaben.at/iad/immobilien/d/eigentumswohnung/wien/wien-1020-leopoldstadt/kennen-wir-uns-schon-modernes-wohnen-mit-flair-1-zimmer-und-balkon-2094431475,2094431475.html,2026-10-08 23:19:21
1826716814,Willhaben Ad 1826716814,1020 (2. Leopoldstadt),elado,https://www.willhaben.at/iad/immobilien/d/eigentumswohnung/wien/wien-1020-leopoldstadt/josephine-einzigartiges-wohnen-direkt-am-gruenen-prater-3-zimmer-balkon-1826716814,1826716814.html,2026-10-08 23:19:23
1043576572,Willhaben Ad 1043576572,1020 (2. Leopoldstadt),elado,https://www.willhaben.at/iad/immobilien/d/eigentumswohnung/wien/wien-1020-leopoldstadt/3-zimmer-wohnung-mit-balkon-und-aussicht-auf-das-riesenrad-josephine-1043576572,1043576572.html,2026-10-08 23:19:27
2125705854,Willhaben Ad 2125705854,1020 (2. Leopoldstadt),elado,https://www.willhaben.at/iad/immobilien/d/eigentumswohnung/wien/wien-1020-leopoldstadt/josephine-traumhafte-vorsorge-wohnung-mit-einzigartigem-ausblick-beim-gruenen-prater-2125705854,2125705854.html,2026-10-08 23:19:29
1339520435,Willhaben Ad 1339520435,1020 (2. Leopoldstadt),elado,https://www.willhaben.at/iad/immobilien/d/eigentumswohnung/wien/wien-1020-leopoldstadt/josephine-4-zimmer-mit-terrasse-traumhaftes-wohnen-mit-einzigartigem-ausblick-beim-gruenen-prater-1339520435,1339520435.html,2026-10-08 23:19:32
1690083171,Willhaben Ad 1690083171,1020 (2. Leopoldstadt),elado,https://www.willhaben.at/iad/immobilien/d/eigentumswohnung/wien/wien-1020-leopoldstadt/charmantes-2-zimmer-apartment-mit-balkon-mit-blick-auf-den-gruenen-prater-1690083171,1690083171.html,2026-10-08 23:19:35
1680026595,Willhaben Ad 1680026595,1020 (2. Leopoldstadt),elado,https://www.willhaben.at/iad/immobilien/d/eigentumswohnung/wien/wien-1020-leopoldstadt/ihr-neuer-lieblingsort-2-zimmer-wohnung-mit-balkonblick-erstbezug-beim-gruenen-prater-josephine-1680026595,1680026595.html,2026-10-08 23:19:38
1480550531,Willhaben Ad 1480550531,1020 (2. Leopoldstadt),elado,https://www.willhaben.at/iad/immobilien/d/eigentumswohnung/wien/wien-1020-leopoldstadt/gemuetliche-3-zimmer-wohnung-mit-terrasse-optimale-anbindung-1480550531,1480550531.html,2026-10-08 23:19:41
1566314998,Willhaben Ad 1566314998,1020 (2. Leopoldstadt),elado,https://www.willhaben.at/iad/immobilien/d/eigentumswohnung/wien/wien-1020-leopoldstadt/atemberaubende-4-zimmer-wohnung-im-herzen-der-stadt-1566314998,1566314998.html,2026-10-08 23:19:45
1786563750,Willhaben Ad 1786563750,1020 (2. Leopoldstadt),elado,https://www.willhaben.at/iad/immobilien/d/eigentumswohnung/wien/wien-1020-leopoldstadt/gemuetliche-4-zimmer-vorsorge-wohnung-im-herzen-der-stadt-1786563750,1786563750.html,2026-10-08 23:19:47
1066165143,Willhaben Ad 1066165143,1020 (2. Leopoldstadt),elado,https://www.willhaben.at/iad/immobilien/d/eigentumswohnung/wien/wien-1020-leopoldstadt/seltenheit-3-zi-altbauwohnung-mit-grossen-balkon-erstbezug-1066165143,1066165143.html,2026-10-08 23:19:53
840358469,Willhaben Ad 840358469,1020 (2. Leopoldstadt),elado,https://www.willhaben.at/iad/immobilien/d/eigentumswohnung/wien/wien-1020-leopoldstadt/provisionsfrei-neu-hochhaus-mit-concierge-gym-sauna-pool-dining-room-uvm-840358469,840358469.html,2026-10-08 23:19:57
942336084,Willhaben Ad 942336084,1020 (2. Leopoldstadt),elado,https://www.willhaben.at/iad/immobilien/d/eigentumswohnung/wien/wien-1020-leopoldstadt/orea-penthouse-ueber-drei-ebenen-im-marina-tower-private-dachterrasse-ueber-der-donau-942336084,942336084.html,2026-10-08 23:20:05
1509455512,Willhaben Ad 1509455512,1020 (2. Leopoldstadt),elado,https://www.willhaben.at/iad/immobilien/d/eigentumswohnung/wien/wien-1020-leopoldstadt/charmante-wohnung-im-herzen-des-2-bezirks-1509455512,1509455512.html,2026-10-08 23:20:08
791122039,Willhaben Ad 791122039,1020 (2. Leopoldstadt),elado,https://www.willhaben.at/iad/immobilien/d/eigentumswohnung/wien/wien-1020-leopoldstadt/the-greenview-tower-terrassentraum-wien-panoramablick-26-etage-infinitypool-wellness-garage-791122039,791122039.html,2026-10-08 23:20:31
905340680,Willhaben Ad 905340680,1020 (2. Leopoldstadt),elado,https://www.willhaben.at/iad/immobilien/d/eigentumswohnung/wien/wien-1020-leopoldstadt/am-gruenen-prater-modernes-wohnen-mit-freiraum-in-1020-wien-905340680,905340680.html,2026-10-08 23:20:33
1677124691,Willhaben Ad 1677124691,1020 (2. Leopoldstadt),elado,https://www.willhaben.at/iad/immobilien/d/eigentumswohnung/wien/wien-1020-leopoldstadt/am-gruenen-prater-modernes-wohnen-mit-freiraum-in-1020-wien-1677124691,1677124691.html,2026-10-08 23:20:36
2006525822,Willhaben Ad 2006525822,1020 (2. Leopoldstadt),elado,https://www.willhaben.at/iad/immobilien/d/eigentumswohnung/wien/wien-1020-leopoldstadt/am-gruenen-prater-modernes-wohnen-mit-freiraum-in-1020-wien-2006525822,2006525822.html,2026-10-08 23:20:38
2107433959,Willhaben Ad 2107433959,1020 (2. Leopoldstadt),elado,https://www.willhaben.at/iad/immobilien/d/eigentumswohnung/wien/wien-1020-leopoldstadt/durchdachte-urbanitaet-wohnen-mit-sauna-fitness-co-working-space-2107433959,2107433959.html,2026-10-08 23:20:48
826320798,Willhaben Ad 826320798,1020 (2. Leopoldstadt),elado,https://www.willhaben.at/iad/immobilien/d/eigentumswohnung/wien/wien-1020-leopoldstadt/mehr-raum-fuer-das-was-zaehlt-familienleben-neu-gedacht-826320798,826320798.html,2026-10-08 23:20:52
1484717317,Willhaben Ad 1484717317,1020 (2. Leopoldstadt),elado,https://www.willhaben.at/iad/immobilien/d/eigentumswohnung/wien/wien-1020-leopoldstadt/-neu-gruenblick-hochwertig-kernsanierter-erstbezug-in-toller-lage-mit-optimalen-grundriss-1484717317,1484717317.html,2026-10-08 23:20:55
1548251539,Willhaben Ad 1548251539,1020 (2. Leopoldstadt),elado,https://www.willhaben.at/iad/immobilien/d/eigentumswohnung/wien/wien-1020-leopoldstadt/leopoldstaedter-eckhaus-wohnen-werkstatt-und-lager-zwischen-karmeliterviertel-und-augarten-1548251539,1548251539.html,2026-10-08 23:20:58
1056365129,Willhaben Ad 1056365129,1020 (2. Leopoldstadt),elado,https://www.willhaben.at/iad/immobilien/d/eigentumswohnung/wien/wien-1020-leopoldstadt/leopoldstaedter-eckhaus-wohnen-werkstatt-und-lager-zwischen-karmeliterviertel-und-augarten-1056365129,1056365129.html,2026-10-08 23:21:02
1319478208,Willhaben Ad 1319478208,1020 (2. Leopoldstadt),elado,https://www.willhaben.at/iad/immobilien/d/eigentumswohnung/wien/wien-1020-leopoldstadt/leopoldstaedter-eckhaus-wohnen-werkstatt-und-lager-zwischen-karmeliterviertel-und-augarten-1319478208,1319478208.html,2026-10-08 23:21:05
1042309370,Willhaben Ad 1042309370,1020 (2. Leopoldstadt),elado,https://www.willhaben.at/iad/immobilien/d/gewerbeimmobilien-kaufen/wien/wien-1020-leopoldstadt/leopoldstaedter-eckhaus-wohnen-werkstatt-und-lager-zwischen-karmeliterviertel-und-augarten-1042309370,1042309370.html,2026-10-08 23:21:08
968660643,Willhaben Ad 968660643,1020 (2. Leopoldstadt),elado,https://www.willhaben.at/iad/immobilien/d/gewerbeimmobilien-kaufen/wien/wien-1020-leopoldstadt/leopoldstaedter-eckhaus-wohnen-werkstatt-und-lager-zwischen-karmeliterviertel-und-augarten-968660643,968660643.html,2026-10-08 23:21:11
2081515131,Willhaben Ad 2081515131,1020 (2. Leopoldstadt),elado,https://www.willhaben.at/iad/immobilien/d/eigentumswohnung/wien/wien-1020-leopoldstadt/sanierte-dachgeschosswohnung-beim-augarten-und-praterstern-bestandsfrei-2081515131,2081515131.html,2026-10-08 23:21:16
1423064844,Willhaben Ad 1423064844,1020 (2. Leopoldstadt),elado,https://www.willhaben.at/iad/immobilien/d/gewerbeimmobilien-kaufen/wien/wien-1020-leopoldstadt/2-einheiten-unzaehlige-gestaltungsmoeglichkeiten-buero-und-wohnung-flexibel-kombinierbar-top-lage-im-2-bezirk-beste-infrastrukur-und-anbindung-zusammenlegung-moeglich-1423064844,1423064844.html,2026-10-08 23:21:20
2029497238,Willhaben Ad 2029497238,1020 (2. Leopoldstadt),elado,https://www.willhaben.at/iad/immobilien/d/eigentumswohnung/wien/wien-1020-leopoldstadt/grosszuegige-dachgeschosswohnung-mit-ruhiger-suedterrasse-und-klimaanlage-2029497238,2029497238.html,2026-10-08 23:21:53
1223226229,Willhaben Ad 1223226229,1020 (2. Leopoldstadt),elado,https://www.willhaben.at/iad/immobilien/d/eigentumswohnung/wien/wien-1020-leopoldstadt/charmanter-rohdiamant-in-der-leopoldsgasse-2-zimmer-mit-gestaltungspotenzial-1223226229,1223226229.html,2026-10-08 23:21:56
1448598985,Willhaben Ad 1448598985,1020 (2. Leopoldstadt),elado,https://www.willhaben.at/iad/immobilien/d/eigentumswohnung/wien/wien-1020-leopoldstadt/neubau-2-zi-wohnung-mit-balkon-sauna-fussbodenheizung-erstbezug-im-2-bezirk-provisionsfrei-1448598985,1448598985.html,2026-10-08 23:21:59
955468150,Willhaben Ad 955468150,1020 (2. Leopoldstadt),elado,https://www.willhaben.at/iad/immobilien/d/eigentumswohnung/wien/wien-1020-leopoldstadt/erstbezug-2-zi-wohnung-mit-balkon-sauna-erdwaerme-aufzug-im-2-bezirk-wien-provisionsfrei-955468150,955468150.html,2026-10-08 23:22:02
1332010919,Willhaben Ad 1332010919,1020 (2. Leopoldstadt),elado,https://www.willhaben.at/iad/immobilien/d/eigentumswohnung/wien/wien-1020-leopoldstadt/moderne-2-zi-wohnung-mit-balkon-sauna-fussbodenheizung-im-2-bezirk-erstbezug-provisionsfrei-1332010919,1332010919.html,2026-10-08 23:22:06
2021584262,Willhaben Ad 2021584262,1020 (2. Leopoldstadt),elado,https://www.willhaben.at/iad/immobilien/d/eigentumswohnung/wien/wien-1020-leopoldstadt/2-zimmer-wohnung-mit-balkon-sauna-erdwaerme-in-1020-wien-erstbezug-provisionsfrei-2021584262,2021584262.html,2026-10-08 23:22:08
1902647351,Willhaben Ad 1902647351,1020 (2. Leopoldstadt),elado,https://www.willhaben.at/iad/immobilien/d/eigentumswohnung/wien/wien-1020-leopoldstadt/ruhige-hofseitige-3-zimmer-neubauwohnung-mit-optimaler-raumaufteilung-und-garagenplatz-sanierungsbedarf-1902647351,1902647351.html,2026-10-08 23:22:12
1745333714,Willhaben Ad 1745333714,1020 (2. Leopoldstadt),elado,https://www.willhaben.at/iad/immobilien/d/eigentumswohnung/wien/wien-1020-leopoldstadt/neuwertig-zentral-ruhig-moderne-3-zimmer-wohnung-mit-balkon-naehe-nestroyplatz-1745333714,1745333714.html,2026-10-08 23:22:18
1398219738,Willhaben Ad 1398219738,1020 (2. Leopoldstadt),elado,https://www.willhaben.at/iad/immobilien/d/eigentumswohnung/wien/wien-1020-leopoldstadt/lichtdurchflutete-2-zimmer-wohnung-im-herzen-des-2-bezirks-1398219738,1398219738.html,2026-10-08 23:22:22
2066811041,Willhaben Ad 2066811041,1020 (2. Leopoldstadt),elado,https://www.willhaben.at/iad/immobilien/d/eigentumswohnung/wien/wien-1020-leopoldstadt/praterblick-riesenrad-urbanes-wohnen-mit-weitblick-2066811041,2066811041.html,2026-10-08 23:22:31
1634428849,Willhaben Ad 1634428849,1020 (2. Leopoldstadt),elado,https://www.willhaben.at/iad/immobilien/d/eigentumswohnung/wien/wien-1020-leopoldstadt/erstbezug-moderne-2-zimmer-wohnung-mit-balkon-naehe-neue-donau-1634428849,1634428849.html,2026-10-08 23:22:38
1629554721,Willhaben Ad 1629554721,1020 (2. Leopoldstadt),elado,https://www.willhaben.at/iad/immobilien/d/eigentumswohnung/wien/wien-1020-leopoldstadt/am-gruenen-prater-modernes-wohnen-mit-freiraum-in-1020-wien-1629554721,1629554721.html,2026-10-08 23:22:43
790154720,Willhaben Ad 790154720,1020 (2. Leopoldstadt),elado,https://www.willhaben.at/iad/immobilien/d/eigentumswohnung/wien/wien-1020-leopoldstadt/erstbezug-stilvoll-lichtdurchflutet-ihr-dachgeschoss-juwel-im-herzen-der-leopoldstadt-790154720,790154720.html,2026-10-08 23:22:46
2023867525,Willhaben Ad 2023867525,1020 (2. Leopoldstadt),elado,https://www.willhaben.at/iad/immobilien/d/eigentumswohnung/wien/wien-1020-leopoldstadt/charmante-2-5-zi-wohnung-65m-in-1020-wien-mit-einbaukueche-aufzug-2023867525,2023867525.html,2026-10-08 23:22:49
1676416051,Willhaben Ad 1676416051,1020 (2. Leopoldstadt),elado,https://www.willhaben.at/iad/immobilien/d/eigentumswohnung/wien/wien-1020-leopoldstadt/wohnen-ueber-den-daechern-modernes-design-trifft-altbau-charme-am-czerninplatz-erstbezug-1676416051,1676416051.html,2026-10-08 23:22:52
2089886347,Willhaben Ad 2089886347,1020 (2. Leopoldstadt),elado,https://www.willhaben.at/iad/immobilien/d/eigentumswohnung/wien/wien-1020-leopoldstadt/marina-tower-penthouse-wohnung-im-39-geschoss-mit-fantastischer-dachterrasse-2089886347,2089886347.html,2026-10-08 23:23:06
1728724715,Willhaben Ad 1728724715,1020 (2. Leopoldstadt),elado,https://www.willhaben.at/iad/immobilien/d/eigentumswohnung/wien/wien-1020-leopoldstadt/altbauliebe-aber-alles-neu-erstbezug-mit-fischgraetparkett-1728724715,1728724715.html,2026-10-08 23:23:09
824944972,Willhaben Ad 824944972,Wien,elado,https://www.willhaben.at/iad/immobilien/d/sonstige/sonstige/sichere-wertanlage-durch-oekologische-bauweise-824944972,824944972.html,2026-10-08 23:23:18
875623562,Willhaben Ad 875623562,Wien,elado,https://www.willhaben.at/iad/immobilien/d/sonstige/sonstige/sichere-wertanlage-durch-oekologische-bauweise-875623562,875623562.html,2026-10-08 23:23:21
1076099881,Willhaben Ad 1076099881,Wien,elado,https://www.willhaben.at/iad/immobilien/d/sonstige/sonstige/gefragte-wohnungen-mit-stabiler-rendite-1076099881,1076099881.html,2026-10-08 23:23:24
2052937500,Willhaben Ad 2052937500,Wien,elado,https://www.willhaben.at/iad/immobilien/d/sonstige/sonstige/sichere-wertanlage-durch-oekologische-bauweise-2052937500,2052937500.html,2026-10-08 23:23:26
2112622388,Willhaben Ad 2112622388,Wien,elado,https://www.willhaben.at/iad/immobilien/d/sonstige/sonstige/sichere-wertanlage-durch-oekologische-bauweise-2112622388,2112622388.html,2026-10-08 23:23:33
1482032055,Willhaben Ad 1482032055,Wien,elado,https://www.willhaben.at/iad/immobilien/d/sonstige/sonstige/investieren-profitieren-langfristig-absichern-1482032055,1482032055.html,2026-10-08 23:23:36
1565421097,Willhaben Ad 1565421097,Wien,elado,https://www.willhaben.at/iad/immobilien/d/sonstige/sonstige/willkommen-im-leopoldquartier-invest-1565421097,1565421097.html,2026-10-08 23:23:39
1644419834,Willhaben Ad 1644419834,Wien,elado,https://www.willhaben.at/iad/immobilien/d/sonstige/sonstige/willkommen-im-leopoldquartier-invest-1644419834,1644419834.html,2026-10-08 23:23:41
1665012719,Willhaben Ad 1665012719,Wien,elado,https://www.willhaben.at/iad/immobilien/d/sonstige/sonstige/sichere-wertanlage-durch-oekologische-bauweise-1665012719,1665012719.html,2026-10-08 23:23:45
1683718599,Willhaben Ad 1683718599,Wien,elado,https://www.willhaben.at/iad/immobilien/d/sonstige/sonstige/investieren-profitieren-langfristig-absichern-1683718599,1683718599.html,2026-10-08 23:23:48
1708150636,Willhaben Ad 1708150636,Wien,elado,https://www.willhaben.at/iad/immobilien/d/sonstige/sonstige/gefragte-wohnungen-mit-stabiler-rendite-1708150636,1708150636.html,2026-10-08 23:23:50
1736787879,Willhaben Ad 1736787879,Wien,elado,https://www.willhaben.at/iad/immobilien/d/sonstige/sonstige/investieren-profitieren-langfristig-absichern-1736787879,1736787879.html,2026-10-08 23:23:53
1897167570,Willhaben Ad 1897167570,Wien,elado,https://www.willhaben.at/iad/immobilien/d/sonstige/sonstige/sichere-wertanlage-durch-oekologische-bauweise-1897167570,1897167570.html,2026-10-08 23:23:59
1968256578,Willhaben Ad 1968256578,Wien,elado,https://www.willhaben.at/iad/immobilien/d/sonstige/sonstige/investieren-profitieren-langfristig-absichern-1968256578,1968256578.html,2026-10-08 23:24:12
1987375672,Willhaben Ad 1987375672,Wien,elado,https://www.willhaben.at/iad/immobilien/d/sonstige/sonstige/investieren-profitieren-langfristig-absichern-1987375672,1987375672.html,2026-10-08 23:24:15
1195303657,Willhaben Ad 1195303657,Wien,elado,https://www.willhaben.at/iad/immobilien/d/sonstige/sonstige/gefragte-wohnungen-mit-stabiler-rendite-1195303657,1195303657.html,2026-10-08 23:24:19
1248623759,Willhaben Ad 1248623759,Wien,elado,https://www.willhaben.at/iad/immobilien/d/sonstige/sonstige/willkommen-im-leopoldquartier-invest-1248623759,1248623759.html,2026-10-08 23:24:22
1321884585,Willhaben Ad 1321884585,Wien,elado,https://www.willhaben.at/iad/immobilien/d/sonstige/sonstige/sichere-wertanlage-durch-oekologische-bauweise-1321884585,1321884585.html,2026-10-08 23:24:30
1426094134,Willhaben Ad 1426094134,Wien,elado,https://www.willhaben.at/iad/immobilien/d/sonstige/sonstige/sichere-wertanlage-durch-oekologische-bauweise-1426094134,1426094134.html,2026-10-08 23:24:36
1473765130,Willhaben Ad 1473765130,Wien,elado,https://www.willhaben.at/iad/immobilien/d/sonstige/sonstige/willkommen-im-leopoldquartier-invest-1473765130,1473765130.html,2026-10-08 23:24:40
1513777423,Willhaben Ad 1513777423,Wien,elado,https://www.willhaben.at/iad/immobilien/d/sonstige/sonstige/sichere-wertanlage-durch-oekologische-bauweise-1513777423,1513777423.html,2026-10-08 23:24:43
1559336674,Willhaben Ad 1559336674,Wien,elado,https://www.willhaben.at/iad/immobilien/d/sonstige/sonstige/investieren-profitieren-langfristig-absichern-1559336674,1559336674.html,2026-10-08 23:24:45
1595550611,Willhaben Ad 1595550611,Wien,elado,https://www.willhaben.at/iad/immobilien/d/sonstige/sonstige/willkommen-im-leopoldquartier-invest-1595550611,1595550611.html,2026-10-08 23:24:48
1620513782,Willhaben Ad 1620513782,Wien,elado,https://www.willhaben.at/iad/immobilien/d/sonstige/sonstige/sichere-wertanlage-durch-oekologische-bauweise-1620513782,1620513782.html,2026-10-08 23:24:57
1622378955,Willhaben Ad 1622378955,Wien,elado,https://www.willhaben.at/iad/immobilien/d/sonstige/sonstige/gefragte-wohnungen-mit-stabiler-rendite-1622378955,1622378955.html,2026-10-08 23:25:00
1920332246,Willhaben Ad 1920332246,Wien,elado,https://www.willhaben.at/iad/immobilien/d/sonstige/sonstige/investieren-profitieren-langfristig-absichern-1920332246,1920332246.html,2026-10-08 23:25:06
1942986020,Willhaben Ad 1942986020,Wien,elado,https://www.willhaben.at/iad/immobilien/d/sonstige/sonstige/sichere-wertanlage-durch-oekologische-bauweise-1942986020,1942986020.html,2026-10-08 23:25:08
1950772701,Willhaben Ad 1950772701,Wien,elado,https://www.willhaben.at/iad/immobilien/d/sonstige/sonstige/willkommen-im-leopoldquartier-invest-1950772701,1950772701.html,2026-10-08 23:25:12
1962693662,Willhaben Ad 1962693662,Wien,elado,https://www.willhaben.at/iad/immobilien/d/sonstige/sonstige/gefragte-wohnungen-mit-stabiler-rendite-1962693662,1962693662.html,2026-10-08 23:25:14
2025594574,Willhaben Ad 2025594574,Wien,elado,https://www.willhaben.at/iad/immobilien/d/sonstige/sonstige/willkommen-im-leopoldquartier-invest-2025594574,2025594574.html,2026-10-08 23:25:18
2055277562,Willhaben Ad 2055277562,Wien,elado,https://www.willhaben.at/iad/immobilien/d/sonstige/sonstige/sichere-wertanlage-durch-oekologische-bauweise-2055277562,2055277562.html,2026-10-08 23:25:20
1126156786,Willhaben Ad 1126156786,1020 (2. Leopoldstadt),elado,https://www.willhaben.at/iad/immobilien/d/eigentumswohnung/wien/wien-1020-leopoldstadt/exklusive-137-m-dg-maisonette-mit-2-terrassen-weitblick-perfekt-fuer-anspruchsvolle-paare-im-2-bezirk-1126156786,1126156786.html,2026-10-08 23:25:24
1961972825,Willhaben Ad 1961972825,1020 (2. Leopoldstadt),elado,https://www.willhaben.at/iad/immobilien/d/eigentumswohnung/wien/wien-1020-leopoldstadt/luxurioeses-wohnen-ueber-den-daechern-wiens-5-zimmer-dg-wohnung-nahe-prater-1961972825,1961972825.html,2026-10-08 23:25:37
1621714583,Willhaben Ad 1621714583,1020 (2. Leopoldstadt),elado,https://www.willhaben.at/iad/immobilien/d/eigentumswohnung/wien/wien-1020-leopoldstadt/exklusives-penthouse-praterblick-grosszuegige-dachterrasse-1621714583,1621714583.html,2026-10-08 23:25:58
1566463025,Willhaben Ad 1566463025,1020 (2. Leopoldstadt),elado,https://www.willhaben.at/iad/immobilien/d/eigentumswohnung/wien/wien-1020-leopoldstadt/exklusive-luxuswohnung-im-marina-tower-mit-ca-83-m-nf-i-suedwest-ausrichtung-i-loggia-spektakulaerem-blick-ueber-wien-i-u2-station-1566463025,1566463025.html,2026-10-08 23:26:01
863014515,Willhaben Ad 863014515,1020 (2. Leopoldstadt),elado,https://www.willhaben.at/iad/immobilien/d/eigentumswohnung/wien/wien-1020-leopoldstadt/baubewilligter-rohdachboden-in-beliebter-lage-nahe-dem-prater-und-der-messe-wien-863014515,863014515.html,2026-10-08 23:26:12
1267583817,Willhaben Ad 1267583817,1020 (2. Leopoldstadt),elado,https://www.willhaben.at/iad/immobilien/d/eigentumswohnung/wien/wien-1020-leopoldstadt/exklusive-dachgeschoss-maisonette-mit-360-panoramablick-ueber-wien-1267583817,1267583817.html,2026-10-08 23:26:19
1143522813,Willhaben Ad 1143522813,1020 (2. Leopoldstadt),elado,https://www.willhaben.at/iad/immobilien/d/eigentumswohnung/wien/wien-1020-leopoldstadt/wiener-altbaucharme-erstbezugswohnung-nach-generalsanierung-in-1020-wien-1143522813,1143522813.html,2026-10-08 23:26:22
1018260629,Willhaben Ad 1018260629,1020 (2. Leopoldstadt),elado,https://www.willhaben.at/iad/immobilien/d/eigentumswohnung/wien/wien-1020-leopoldstadt/projekt-julie-ferdy-exklusive-innenstadtwohnung-mit-ruhigem-innenhofblick-1018260629,1018260629.html,2026-10-08 23:26:29
2118559416,Willhaben Ad 2118559416,1020 (2. Leopoldstadt),elado,https://www.willhaben.at/iad/immobilien/d/eigentumswohnung/wien/wien-1020-leopoldstadt/klimatisierte-altbau-nahe-u1-vorgartenstrasse-individuell-gestaltbar-2118559416,2118559416.html,2026-10-08 23:26:32
1432754609,Willhaben Ad 1432754609,Wien,elado,https://www.willhaben.at/iad/immobilien/d/sonstige/sonstige/stellplatz-in-zentraler-garage-walcherstrasse-13a-1432754609,1432754609.html,2026-10-08 23:26:34
1247373089,Willhaben Ad 1247373089,1020 (2. Leopoldstadt),elado,https://www.willhaben.at/iad/immobilien/d/eigentumswohnung/wien/wien-1020-leopoldstadt/-neu-104-m-4-zimmer-neubau-erstbezug-mit-11-m-terrasse-und-6-m-loggia-in-1020-wien-1247373089,1247373089.html,2026-10-08 23:26:39
1513372974,Willhaben Ad 1513372974,1020 (2. Leopoldstadt),elado,https://www.willhaben.at/iad/immobilien/d/eigentumswohnung/wien/wien-1020-leopoldstadt/-neu-127-m-4-zimmer-neubau-erstbezug-mit-11-m-terrasse-und-3-m-loggia-in-1020-wien-1513372974,1513372974.html,2026-10-08 23:26:42
1808787914,Willhaben Ad 1808787914,1020 (2. Leopoldstadt),elado,https://www.willhaben.at/iad/immobilien/d/eigentumswohnung/wien/wien-1020-leopoldstadt/-neu-67-m-2-zimmer-neubau-erstbezug-mit-13-m-terrasse-3-m-loggia-und-2-m-balkon-in-1020-wien-1808787914,1808787914.html,2026-10-08 23:26:45
1845582201,Willhaben Ad 1845582201,1020 (2. Leopoldstadt),elado,https://www.willhaben.at/iad/immobilien/d/eigentumswohnung/wien/wien-1020-leopoldstadt/-neu-ganz-oben-ankommen-4-zimmer-penthouse-erstbezug-mit-11-m-terrasse-nahe-augarten-1845582201,1845582201.html,2026-10-08 23:26:48
942407962,Willhaben Ad 942407962,1020 (2. Leopoldstadt),elado,https://www.willhaben.at/iad/immobilien/d/eigentumswohnung/wien/wien-1020-leopoldstadt/luxus-eigentumswohnung-im-2-bezirk-4-zimmer-2-baeder-stilvolle-ausstattung-in-urbaner-toplage-942407962,942407962.html,2026-10-08 23:26:51
1629013612,Willhaben Ad 1629013612,1020 (2. Leopoldstadt),elado,https://www.willhaben.at/iad/immobilien/d/eigentumswohnung/wien/wien-1020-leopoldstadt/prater-20-etage-provisionsfrei-inkl-rooftop-pool-erstbezug-1629013612,1629013612.html,2026-10-08 23:26:54
1134742923,Willhaben Ad 1134742923,1020 (2. Leopoldstadt),elado,https://www.willhaben.at/iad/immobilien/d/eigentumswohnung/wien/wien-1020-leopoldstadt/-neu-altbauglueck-nahe-augarten-generalsanierter-2-zimmer-erstbezug-mit-7-m-loggia-1134742923,1134742923.html,2026-10-08 23:26:56
1088148914,Willhaben Ad 1088148914,1020 (2. Leopoldstadt),elado,https://www.willhaben.at/iad/immobilien/d/eigentumswohnung/wien/wien-1020-leopoldstadt/-neu-2-zimmer-altbau-erstbezug-mit-6-m-loggia-und-lift-nahe-augarten-1088148914,1088148914.html,2026-10-08 23:27:00
1852741234,Willhaben Ad 1852741234,1020 (2. Leopoldstadt),elado,https://www.willhaben.at/iad/immobilien/d/eigentumswohnung/wien/wien-1020-leopoldstadt/-neu-generalsanierter-2-zimmer-altbau-erstbezug-mit-4-m-terrasse-und-7-m-loggia-nahe-augarten-1852741234,1852741234.html,2026-10-08 23:27:02
1739871027,Willhaben Ad 1739871027,1020 (2. Leopoldstadt),elado,https://www.willhaben.at/iad/immobilien/d/eigentumswohnung/wien/wien-1020-leopoldstadt/schoene-2-zimmer-wohnung-mit-potenzial-in-zentraler-lage-1739871027,1739871027.html,2026-10-08 23:27:06
1240443803,Willhaben Ad 1240443803,1020 (2. Leopoldstadt),elado,https://www.willhaben.at/iad/immobilien/d/eigentumswohnung/wien/wien-1020-leopoldstadt/-neu-generalsanierter-2-zimmer-altbau-erstbezug-mit-6-m-loggia-nahe-augarten-1240443803,1240443803.html,2026-10-08 23:27:09
1436097415,Willhaben Ad 1436097415,1020 (2. Leopoldstadt),elado,https://www.willhaben.at/iad/immobilien/d/eigentumswohnung/wien/wien-1020-leopoldstadt/-neu-altbauglueck-3-zimmer-erstbezug-mit-5-m-terrasse-und-3-m-loggia-in-1020-wien-1436097415,1436097415.html,2026-10-08 23:27:11
1406535233,Willhaben Ad 1406535233,Wien,elado,https://www.willhaben.at/iad/immobilien/d/sonstige/sonstige/garagenstellplatz-am-gruenen-prater-rondo-1406535233,1406535233.html,2026-10-08 23:27:17
1548786103,Willhaben Ad 1548786103,Wien,elado,https://www.willhaben.at/iad/immobilien/d/sonstige/sonstige/zentraler-geht-rendite-nicht-the-pearl-1548786103,1548786103.html,2026-10-08 23:27:19
1897714326,Willhaben Ad 1897714326,Wien,elado,https://www.willhaben.at/iad/immobilien/d/sonstige/sonstige/grosse-schiffgasse-wo-kapital-geschichte-schreibt-1897714326,1897714326.html,2026-10-08 23:27:22
1947159490,Willhaben Ad 1947159490,Wien,elado,https://www.willhaben.at/iad/immobilien/d/sonstige/sonstige/grosse-schiffgasse-wo-kapital-geschichte-schreibt-1947159490,1947159490.html,2026-10-08 23:27:25
2033300963,Willhaben Ad 2033300963,1020 (2. Leopoldstadt),elado,https://www.willhaben.at/iad/immobilien/d/eigentumswohnung/wien/wien-1020-leopoldstadt/architektur-lage-investment-ein-ueberzeugendes-gesamtpaket-direkt-am-karmelitermarkt-2033300963,2033300963.html,2026-10-08 23:27:28
1797866583,Willhaben Ad 1797866583,1020 (2. Leopoldstadt),elado,https://www.willhaben.at/iad/immobilien/d/eigentumswohnung/wien/wien-1020-leopoldstadt/prater-infinity-pool-provisionsfrei-exklusiver-wohnturm-1797866583,1797866583.html,2026-10-08 23:27:45
797845531,Willhaben Ad 797845531,1020 (2. Leopoldstadt),elado,https://www.willhaben.at/iad/immobilien/d/eigentumswohnung/wien/wien-1020-leopoldstadt/max-winter-platz-18-stilaltbau-in-beliebter-wohngegend-797845531,797845531.html,2026-10-08 23:27:48
2056668099,Willhaben Ad 2056668099,1020 (2. Leopoldstadt),elado,https://www.willhaben.at/iad/immobilien/d/eigentumswohnung/wien/wien-1020-leopoldstadt/altbauwohnung-naehe-prater-und-donaukanal-2056668099,2056668099.html,2026-10-08 23:27:51
1443838008,Willhaben Ad 1443838008,1020 (2. Leopoldstadt),elado,https://www.willhaben.at/iad/immobilien/d/eigentumswohnung/wien/wien-1020-leopoldstadt/-the-pearl-neubauwohnungen-in-bestlage-am-karmelitermarkt-1443838008,1443838008.html,2026-10-08 23:27:54
1110636028,Willhaben Ad 1110636028,1020 (2. Leopoldstadt),elado,https://www.willhaben.at/iad/immobilien/d/eigentumswohnung/wien/wien-1020-leopoldstadt/-the-pearl-neubauwohnungen-in-bestlage-am-karmelitermarkt-1110636028,1110636028.html,2026-10-08 23:27:56
1525655209,Willhaben Ad 1525655209,1020 (2. Leopoldstadt),elado,https://www.willhaben.at/iad/immobilien/d/eigentumswohnung/wien/wien-1020-leopoldstadt/-the-pearl-neubauwohnungen-in-bestlage-am-karmelitermarkt-1525655209,1525655209.html,2026-10-08 23:28:07
1190291642,Willhaben Ad 1190291642,1020 (2. Leopoldstadt),elado,https://www.willhaben.at/iad/immobilien/d/eigentumswohnung/wien/wien-1020-leopoldstadt/-the-pearl-neubauwohnungen-in-bestlage-am-karmelitermarkt-1190291642,1190291642.html,2026-10-08 23:28:15
1028747455,Willhaben Ad 1028747455,1020 (2. Leopoldstadt),elado,https://www.willhaben.at/iad/immobilien/d/eigentumswohnung/wien/wien-1020-leopoldstadt/-the-pearl-neubauwohnungen-in-bestlage-am-karmelitermarkt-1028747455,1028747455.html,2026-10-08 23:28:18
1277971572,Willhaben Ad 1277971572,1020 (2. Leopoldstadt),elado,https://www.willhaben.at/iad/immobilien/d/eigentumswohnung/wien/wien-1020-leopoldstadt/elegante-city-wohnung-mit-altbauflair-in-der-novaragasse-1277971572,1277971572.html,2026-10-08 23:28:21
1478897008,Willhaben Ad 1478897008,1020 (2. Leopoldstadt),elado,https://www.willhaben.at/iad/immobilien/d/eigentumswohnung/wien/wien-1020-leopoldstadt/-the-pearl-neubauwohnungen-in-bestlage-am-karmelitermarkt-1478897008,1478897008.html,2026-10-08 23:28:40
1984310502,Willhaben Ad 1984310502,1020 (2. Leopoldstadt),elado,https://www.willhaben.at/iad/immobilien/d/eigentumswohnung/wien/wien-1020-leopoldstadt/-the-pearl-neubauwohnungen-in-bestlage-am-karmelitermarkt-1984310502,1984310502.html,2026-10-08 23:28:43
903946589,Willhaben Ad 903946589,1020 (2. Leopoldstadt),elado,https://www.willhaben.at/iad/immobilien/d/eigentumswohnung/wien/wien-1020-leopoldstadt/-the-pearl-neubauwohnungen-in-bestlage-am-karmelitermarkt-903946589,903946589.html,2026-10-08 23:28:46
765816966,Willhaben Ad 765816966,1020 (2. Leopoldstadt),elado,https://www.willhaben.at/iad/immobilien/d/eigentumswohnung/wien/wien-1020-leopoldstadt/wohnen-beim-gruenen-prater-ein-paradies-im-herbst-765816966,765816966.html,2026-10-08 23:28:49
765813978,Willhaben Ad 765813978,1020 (2. Leopoldstadt),elado,https://www.willhaben.at/iad/immobilien/d/eigentumswohnung/wien/wien-1020-leopoldstadt/wohnen-beim-gruenen-prater-ein-paradies-im-herbst-765813978,765813978.html,2026-10-08 23:28:52
1324101600,Willhaben Ad 1324101600,1020 (2. Leopoldstadt),elado,https://www.willhaben.at/iad/immobilien/d/eigentumswohnung/wien/wien-1020-leopoldstadt/dachgeschossmaisonette-nahe-praterstern-volkertmarkt-1324101600,1324101600.html,2026-10-08 23:28:55
810252352,Willhaben Ad 810252352,1020 (2. Leopoldstadt),elado,https://www.willhaben.at/iad/immobilien/d/eigentumswohnung/wien/wien-1020-leopoldstadt/wohnungen-fuer-jeden-lebensstil-810252352,810252352.html,2026-10-08 23:28:59
1709146799,Willhaben Ad 1709146799,1020 (2. Leopoldstadt),elado,https://www.willhaben.at/iad/immobilien/d/eigentumswohnung/wien/wien-1020-leopoldstadt/the-greenview-tower-luxury-living-auf-6-niveau-mit-fullservice-grandiosem-weitblick-30m-balkon-25-vorletzte-etage-infinitypool-wellness-garage-1709146799,1709146799.html,2026-10-08 23:29:02
1192548711,Willhaben Ad 1192548711,1020 (2. Leopoldstadt),elado,https://www.willhaben.at/iad/immobilien/d/eigentumswohnung/wien/wien-1020-leopoldstadt/penthouse-in-coolster-stadtlage-mit-uneinsehbarem-atrium-1192548711,1192548711.html,2026-10-08 23:29:06
1361550649,Willhaben Ad 1361550649,1020 (2. Leopoldstadt),elado,https://www.willhaben.at/iad/immobilien/d/eigentumswohnung/wien/wien-1020-leopoldstadt/einzigartiger-ausblick-auf-den-prater-leben-im-josephine-1361550649,1361550649.html,2026-10-08 23:29:10
1849827393,Willhaben Ad 1849827393,1020 (2. Leopoldstadt),elado,https://www.willhaben.at/iad/immobilien/d/eigentumswohnung/wien/wien-1020-leopoldstadt/infinity-pool-prater-provisionsfrei-premium-tower-living-1849827393,1849827393.html,2026-10-08 23:29:12
1219186002,Willhaben Ad 1219186002,1020 (2. Leopoldstadt),elado,https://www.willhaben.at/iad/immobilien/d/gewerbeimmobilien-kaufen/wien/wien-1020-leopoldstadt/vielseitiges-geschaeftslokal-in-zentraler-lage-naehe-urania-1-bezirk-uniqa-tower-u1-nestroyplatz-donaukanal-1219186002,1219186002.html,2026-10-08 23:29:15
1585035937,Willhaben Ad 1585035937,1020 (2. Leopoldstadt),elado,https://www.willhaben.at/iad/immobilien/d/gewerbeimmobilien-kaufen/wien/wien-1020-leopoldstadt/investment-apartment-in-top-lage-nahe-1-bezirk-beherbergungsbetrieb-genehmigt-naehe-urania-1-bezirk-uniqa-tower-u1-nestroyplatz-donaukanal-1585035937,1585035937.html,2026-10-08 23:29:18
1300171468,Willhaben Ad 1300171468,1020 (2. Leopoldstadt),elado,https://www.willhaben.at/iad/immobilien/d/eigentumswohnung/wien/wien-1020-leopoldstadt/erstbezug-lichtdurchflutet-4-zimmer-wohnung-mit-terrasse-1300171468,1300171468.html,2026-10-08 23:29:22
1511291998,Willhaben Ad 1511291998,1020 (2. Leopoldstadt),elado,https://www.willhaben.at/iad/immobilien/d/eigentumswohnung/wien/wien-1020-leopoldstadt/neubau-innenhof-2-zimmer-wohnung-mit-balkon-naehe-taborstrasse-naehe-prater-1511291998,1511291998.html,2026-10-08 23:29:25
2137381997,Willhaben Ad 2137381997,1020 (2. Leopoldstadt),elado,https://www.willhaben.at/iad/immobilien/d/eigentumswohnung/wien/wien-1020-leopoldstadt/erstklassige-3-zimmer-wohnung-mit-terrasse-balkon-lichtdurchflutet-2137381997,2137381997.html,2026-10-08 23:29:29
1928604582,Willhaben Ad 1928604582,1020 (2. Leopoldstadt),elado,https://www.willhaben.at/iad/immobilien/d/eigentumswohnung/wien/wien-1020-leopoldstadt/historischer-charme-trifft-modernes-wohnen-nahe-donaukanal-u4-1928604582,1928604582.html,2026-10-08 23:29:32
970900948,Willhaben Ad 970900948,1020 (2. Leopoldstadt),elado,https://www.willhaben.at/iad/immobilien/d/eigentumswohnung/wien/wien-1020-leopoldstadt/erstbezug-neubau-exklusive-4-zi-wohnung-mit-balkon-terrasse-970900948,970900948.html,2026-10-08 23:29:39
914135940,Willhaben Ad 914135940,1020 (2. Leopoldstadt),elado,https://www.willhaben.at/iad/immobilien/d/eigentumswohnung/wien/wien-1020-leopoldstadt/helle-2018-sanierte-altbauwohnung-naehe-urania-914135940,914135940.html,2026-10-08 23:29:42
979483317,Willhaben Ad 979483317,1020 (2. Leopoldstadt),elado,https://www.willhaben.at/iad/immobilien/d/eigentumswohnung/wien/wien-1020-leopoldstadt/neu-errichtete-wohnhaus-2-zimmer-2-terrassen-lichtdurchflutet-a1-zustand-lebensfreude-979483317,979483317.html,2026-10-08 23:29:44
2095277172,Willhaben Ad 2095277172,1020 (2. Leopoldstadt),elado,https://www.willhaben.at/iad/immobilien/d/gewerbeimmobilien-kaufen/wien/wien-1020-leopoldstadt/-seltene-gelegenheit-maximale-frequenz-top-standort-imbiss-direkt-vor-der-u1-vorgartenstrasse-bus-strassenbahn-station-2095277172,2095277172.html,2026-10-08 23:29:48
2114604813,Willhaben Ad 2114604813,1020 (2. Leopoldstadt),elado,https://www.willhaben.at/iad/immobilien/d/eigentumswohnung/wien/wien-1020-leopoldstadt/lage-lage-lage-tolle-dachgeschosswohnung-naehe-augarten-und-praterstern-2114604813,2114604813.html,2026-10-08 23:29:54
1717456485,Willhaben Ad 1717456485,1020 (2. Leopoldstadt),elado,https://www.willhaben.at/iad/immobilien/d/eigentumswohnung/wien/wien-1020-leopoldstadt/charmante-altbauwohnung-in-absoluter-trendlage-1717456485,1717456485.html,2026-10-08 23:29:57
1869406025,Willhaben Ad 1869406025,1020 (2. Leopoldstadt),elado,https://www.willhaben.at/iad/immobilien/d/eigentumswohnung/wien/wien-1020-leopoldstadt/heller-erstbezug-im-stuwerviertel-u2-wu-lift-1869406025,1869406025.html,2026-10-08 23:30:03
778297365,Willhaben Ad 778297365,1020 (2. Leopoldstadt),elado,https://www.willhaben.at/iad/immobilien/d/eigentumswohnung/wien/wien-1020-leopoldstadt/hallo-urania-hallo-prater-das-beste-aus-beiden-welten-778297365,778297365.html,2026-10-08 23:30:10
915164001,Willhaben Ad 915164001,1020 (2. Leopoldstadt),elado,https://www.willhaben.at/iad/immobilien/d/eigentumswohnung/wien/wien-1020-leopoldstadt/luxurioese-wohnung-mit-32-m2-grossem-balkon-und-stadtblick-in-einem-neuen-mehrstoeckigen-premiumgebaeude-tiefgaragenplatz-2-bezirk-u2-915164001,915164001.html,2026-10-08 23:30:14
821779928,Willhaben Ad 821779928,1020 (2. Leopoldstadt),elado,https://www.willhaben.at/iad/immobilien/d/eigentumswohnung/wien/wien-1020-leopoldstadt/optimale-raumaufteilung-mit-balkon-in-der-innenstadt-821779928,821779928.html,2026-10-08 23:30:17
1917438919,Willhaben Ad 1917438919,1020 (2. Leopoldstadt),elado,https://www.willhaben.at/iad/immobilien/d/eigentumswohnung/wien/wien-1020-leopoldstadt/2-zimmer-mit-balkon-naehe-donaukanal-1917438919,1917438919.html,2026-10-08 23:30:19
1923853133,Willhaben Ad 1923853133,1020 (2. Leopoldstadt),elado,https://www.willhaben.at/iad/immobilien/d/eigentumswohnung/wien/wien-1020-leopoldstadt/provisionsfrei-im-stuwerviertel-2-oder-3-zimmer-altbau-generalsaniert-1923853133,1923853133.html,2026-10-08 23:30:22
1895705012,Willhaben Ad 1895705012,1020 (2. Leopoldstadt),elado,https://www.willhaben.at/iad/immobilien/d/eigentumswohnung/wien/wien-1020-leopoldstadt/smart-living-mit-morgensonne-1895705012,1895705012.html,2026-10-08 23:30:26
2031822214,Willhaben Ad 2031822214,1020 (2. Leopoldstadt),elado,https://www.willhaben.at/iad/immobilien/d/eigentumswohnung/wien/wien-1020-leopoldstadt/2-zimmer-mit-aussenflaeche-in-urbaner-toplage-2031822214,2031822214.html,2026-10-08 23:30:28
2002763876,Willhaben Ad 2002763876,1020 (2. Leopoldstadt),elado,https://www.willhaben.at/iad/immobilien/d/eigentumswohnung/wien/wien-1020-leopoldstadt/2-zimmer-mit-aussenflaeche-in-urbaner-toplage-2002763876,2002763876.html,2026-10-08 23:30:31
1271950895,Willhaben Ad 1271950895,1020 (2. Leopoldstadt),elado,https://www.willhaben.at/iad/immobilien/d/eigentumswohnung/wien/wien-1020-leopoldstadt/-grosszuegige-4-zimmer-wohnung-naehe-augarten-prater-fugbachgasse-muehlfeldgasse-saniert-oder-unsaniert-1271950895,1271950895.html,2026-10-08 23:30:37
1718791774,Willhaben Ad 1718791774,1020 (2. Leopoldstadt),elado,https://www.willhaben.at/iad/immobilien/d/eigentumswohnung/wien/wien-1020-leopoldstadt/wohnen-mit-weitblick-im-stuwerviertel-dachgeschosswohnung-in-bester-zentraler-lage-1718791774,1718791774.html,2026-10-08 23:30:40
2138475372,Willhaben Ad 2138475372,1020 (2. Leopoldstadt),elado,https://www.willhaben.at/iad/immobilien/d/eigentumswohnung/wien/wien-1020-leopoldstadt/attraktives-dachgeschossprojekt-mit-4-wohneinheiten-nahe-wiener-prater-und-innenstadt-2138475372,2138475372.html,2026-10-08 23:30:43
1035578980,Willhaben Ad 1035578980,1020 (2. Leopoldstadt),elado,https://www.willhaben.at/iad/immobilien/d/eigentumswohnung/wien/wien-1020-leopoldstadt/-ein-besonderes-zuhause-in-der-novaragasse-dachgeschoss-maisonette-ueber-den-daechern-der-leopoldstadt-1035578980,1035578980.html,2026-10-08 23:30:46
1737233772,Willhaben Ad 1737233772,1020 (2. Leopoldstadt),elado,https://www.willhaben.at/iad/immobilien/d/eigentumswohnung/wien/wien-1020-leopoldstadt/lebendiges-graetzelfeeling-zwischen-wu-augarten-und-prater-helle-wohnung-nahe-u2-taborstrasse-1737233772,1737233772.html,2026-10-08 23:30:49
1761583296,Willhaben Ad 1761583296,1020 (2. Leopoldstadt),elado,https://www.willhaben.at/iad/immobilien/d/eigentumswohnung/wien/wien-1020-leopoldstadt/traumhaftes-dg-projekt-in-fussnaehe-zum-1-bezirk-baubewilligt-enormes-potential-1761583296,1761583296.html,2026-10-08 23:30:53
1359362327,Willhaben Ad 1359362327,1020 (2. Leopoldstadt),elado,https://www.willhaben.at/iad/immobilien/d/gewerbeimmobilien-kaufen/wien/wien-1020-leopoldstadt/attraktives-anlegerobjekt-fuer-6-26-rendite-1359362327,1359362327.html,2026-10-08 23:30:56
1304916038,Willhaben Ad 1304916038,1020 (2. Leopoldstadt),elado,https://www.willhaben.at/iad/immobilien/d/eigentumswohnung/wien/wien-1020-leopoldstadt/2-oder-3-zimmer-altbau-in-bester-lage-provisionsfrei-1304916038,1304916038.html,2026-10-08 23:30:59
1513176242,Willhaben Ad 1513176242,1020 (2. Leopoldstadt),elado,https://www.willhaben.at/iad/immobilien/d/eigentumswohnung/wien/wien-1020-leopoldstadt/schicke-4-zimmer-wohnung-in-top-city-lage-1513176242,1513176242.html,2026-10-08 23:31:06
1631045486,Willhaben Ad 1631045486,1020 (2. Leopoldstadt),elado,https://www.willhaben.at/iad/immobilien/d/eigentumswohnung/wien/wien-1020-leopoldstadt/koffer-packen-einziehen-stilvoll-moeblierte-altbauwohnung-mit-neuer-einbaukueche-1631045486,1631045486.html,2026-10-08 23:31:30
1210786589,Willhaben Ad 1210786589,1020 (2. Leopoldstadt),elado,https://www.willhaben.at/iad/immobilien/d/eigentumswohnung/wien/wien-1020-leopoldstadt/moderne-135m-dachterrassen-maisonette-1210786589,1210786589.html,2026-10-08 23:31:39
1804830968,Willhaben Ad 1804830968,1020 (2. Leopoldstadt),elado,https://www.willhaben.at/iad/immobilien/d/eigentumswohnung/wien/wien-1020-leopoldstadt/exklusive-2-zi-penthouse-wohnung-mit-balkon-traumblick-in-1020-wien-infinity-pool-concierge-fitness-etc-vorhanden-1804830968,1804830968.html,2026-10-08 23:31:48
739901546,Willhaben Ad 739901546,1020 (2. Leopoldstadt),elado,https://www.willhaben.at/iad/immobilien/d/eigentumswohnung/wien/wien-1020-leopoldstadt/alles-neu-super-geschnittene-4-z-wohnung-in-u-bahn-naehe-739901546,739901546.html,2026-10-08 23:31:51
1801285014,Willhaben Ad 1801285014,1020 (2. Leopoldstadt),elado,https://www.willhaben.at/iad/immobilien/d/eigentumswohnung/wien/wien-1020-leopoldstadt/willkommen-in-josephine-wohnen-beim-prater-1801285014,1801285014.html,2026-10-08 23:32:08
1595873372,Willhaben Ad 1595873372,1020 (2. Leopoldstadt),elado,https://www.willhaben.at/iad/immobilien/d/eigentumswohnung/wien/wien-1020-leopoldstadt/neubauwohnung-luxusimmobilie-zum-wohlfuehlen-4-zi-terrasse-1595873372,1595873372.html,2026-10-08 23:32:18
1027738823,Willhaben Ad 1027738823,1020 (2. Leopoldstadt),elado,https://www.willhaben.at/iad/immobilien/d/eigentumswohnung/wien/wien-1020-leopoldstadt/-leopoldquartier-nur-noch-4-freie-wohnungen-in-diesem-haus-verfuegbar-erstbezug-1027738823,1027738823.html,2026-10-08 23:32:22
974788624,Willhaben Ad 974788624,1020 (2. Leopoldstadt),elado,https://www.willhaben.at/iad/immobilien/d/eigentumswohnung/wien/wien-1020-leopoldstadt/erstbezug-2-zimmer-wohnung-mit-topaussicht-und-balkon-naehe-neue-donau-974788624,974788624.html,2026-10-08 23:32:25
1502804292,Willhaben Ad 1502804292,1020 (2. Leopoldstadt),elado,https://www.willhaben.at/iad/immobilien/d/eigentumswohnung/wien/wien-1020-leopoldstadt/wohnturm-gruenblick-4-zimmer-wohnung-auf-der-westseite-im-12-stock-1502804292,1502804292.html,2026-10-08 23:32:28
1497162172,Willhaben Ad 1497162172,1020 (2. Leopoldstadt),elado,https://www.willhaben.at/iad/immobilien/d/eigentumswohnung/wien/wien-1020-leopoldstadt/grosse-helle-2-zi-altbauwohnung-mit-viel-flair-im-2-bezirk-1497162172,1497162172.html,2026-10-08 23:32:31
2022459811,Willhaben Ad 2022459811,1020 (2. Leopoldstadt),elado,https://www.willhaben.at/iad/immobilien/d/eigentumswohnung/wien/wien-1020-leopoldstadt/vom-architekten-saniert-2-zimmer-designerwohnung-im-stuwerviertel-2022459811,2022459811.html,2026-10-08 23:32:34
1554785563,Willhaben Ad 1554785563,1020 (2. Leopoldstadt),elado,https://www.willhaben.at/iad/immobilien/d/eigentumswohnung/wien/wien-1020-leopoldstadt/ruhe-u-bahn-und-zentral-sowas-gibt-es-nur-einmal-1554785563,1554785563.html,2026-10-08 23:32:36
792722068,Willhaben Ad 792722068,1020 (2. Leopoldstadt),elado,https://www.willhaben.at/iad/immobilien/d/eigentumswohnung/wien/wien-1020-leopoldstadt/smart-gemuetlich-1-5-zimmer-wohnung-mit-balkon-792722068,792722068.html,2026-10-08 23:32:40
1610533885,Willhaben Ad 1610533885,1020 (2. Leopoldstadt),elado,https://www.willhaben.at/iad/immobilien/d/eigentumswohnung/wien/wien-1020-leopoldstadt/2-zimmer-wohnung-im-stilaltbau-bereit-fuer-neue-ideen-1610533885,1610533885.html,2026-10-08 23:32:49
1141108765,Willhaben Ad 1141108765,1020 (2. Leopoldstadt),elado,https://www.willhaben.at/iad/immobilien/d/eigentumswohnung/wien/wien-1020-leopoldstadt/-neu-stilvoll-sanierte-altbauwohnung-mit-grosszuegigem-balkon-1141108765,1141108765.html,2026-10-08 23:32:52
1445569459,Willhaben Ad 1445569459,1020 (2. Leopoldstadt),elado,https://www.willhaben.at/iad/immobilien/d/eigentumswohnung/wien/wien-1020-leopoldstadt/provisionsfrei-nestroyplatz-sonnige-singlewohnung-in-elegantem-palais-1445569459,1445569459.html,2026-10-08 23:32:54
1464084438,Willhaben Ad 1464084438,1020 (2. Leopoldstadt),elado,https://www.willhaben.at/iad/immobilien/d/eigentumswohnung/wien/wien-1020-leopoldstadt/ideal-fuer-pendler-wohnung-mit-balkon-mit-top-anbindung-1464084438,1464084438.html,2026-10-08 23:33:04
1215283693,Willhaben Ad 1215283693,1020 (2. Leopoldstadt),elado,https://www.willhaben.at/iad/immobilien/d/eigentumswohnung/wien/wien-1020-leopoldstadt/altbaucharme-in-bester-lage-ihr-rueckzugsort-in-der-leopoldstadt-nahe-augarten-1215283693,1215283693.html,2026-10-08 23:33:07
886473371,Willhaben Ad 886473371,1020 (2. Leopoldstadt),elado,https://www.willhaben.at/iad/immobilien/d/eigentumswohnung/wien/wien-1020-leopoldstadt/smart-gemuetlich-1-5-zimmer-wohnung-mit-balkon-886473371,886473371.html,2026-10-08 23:33:31
1721434364,Willhaben Ad 1721434364,1020 (2. Leopoldstadt),elado,https://www.willhaben.at/iad/immobilien/d/gewerbeimmobilien-kaufen/wien/wien-1020-leopoldstadt/attraktive-geschaeftsflaeche-mit-zwei-zugaengen-und-vielseitigem-nutzungspotenzial-1721434364,1721434364.html,2026-10-08 23:33:36
1273509575,Willhaben Ad 1273509575,1020 (2. Leopoldstadt),elado,https://www.willhaben.at/iad/immobilien/d/eigentumswohnung/wien/wien-1020-leopoldstadt/exklusiver-wohnraum-mit-ostausrichtung-grandiose-lage-beim-prater-1273509575,1273509575.html,2026-10-08 23:33:42
1174875818,Willhaben Ad 1174875818,1020 (2. Leopoldstadt),elado,https://www.willhaben.at/iad/immobilien/d/eigentumswohnung/wien/wien-1020-leopoldstadt/fitness-sauna-co-working-space-wohnen-in-top-lage-nahe-donaukanal-1174875818,1174875818.html,2026-10-08 23:33:46
1930845761,Willhaben Ad 1930845761,Wien,elado,https://www.willhaben.at/iad/immobilien/d/sonstige/sonstige/-josephine-moderne-vorsorgewohnungen-fuer-anspruchsvolle-investoren-1930845761,1930845761.html,2026-10-08 23:33:59
2038831922,Willhaben Ad 2038831922,Wien,elado,https://www.willhaben.at/iad/immobilien/d/sonstige/sonstige/-josephine-moderne-vorsorgewohnungen-fuer-anspruchsvolle-investoren-2038831922,2038831922.html,2026-10-08 23:34:02
1852611394,Willhaben Ad 1852611394,1020 (2. Leopoldstadt),elado,https://www.willhaben.at/iad/immobilien/d/eigentumswohnung/wien/wien-1020-leopoldstadt/komfort-und-nachhaltigkeit-ihr-zuhause-in-josephine-beim-prater-1852611394,1852611394.html,2026-10-08 23:34:06
1066586145,Willhaben Ad 1066586145,1020 (2. Leopoldstadt),elado,https://www.willhaben.at/iad/immobilien/d/eigentumswohnung/wien/wien-1020-leopoldstadt/urban-living-in-bestform-praktische-1-5-zimmer-fitness-sauna-shared-office-im-leopoldquartier-geniessen-1066586145,1066586145.html,2026-10-08 23:34:58
1572741792,Willhaben Ad 1572741792,1020 (2. Leopoldstadt),elado,https://www.willhaben.at/iad/immobilien/d/eigentumswohnung/wien/wien-1020-leopoldstadt/stadtleben-im-gruenen-wohnen-nahe-dem-donaukanal-1572741792,1572741792.html,2026-10-08 23:35:00
1761159219,Willhaben Ad 1761159219,1020 (2. Leopoldstadt),elado,https://www.willhaben.at/iad/immobilien/d/eigentumswohnung/wien/wien-1020-leopoldstadt/ein-neues-kapitel-grosse-terrasse-nahe-donaukanal-wu-und-prater-1761159219,1761159219.html,2026-10-08 23:35:21
1998901976,Willhaben Ad 1998901976,1020 (2. Leopoldstadt),elado,https://www.willhaben.at/iad/immobilien/d/eigentumswohnung/wien/wien-1020-leopoldstadt/erstbezug-nach-renovierung-kompakte-stadtwohnung-mit-schallschutzfenstern-in-1020-wien-1998901976,1998901976.html,2026-10-08 23:35:32
1603729501,Willhaben Ad 1603729501,1020 (2. Leopoldstadt),elado,https://www.willhaben.at/iad/immobilien/d/eigentumswohnung/wien/wien-1020-leopoldstadt/josephine-neubauprojekt-mit-blick-auf-den-prater-1603729501,1603729501.html,2026-10-08 23:35:59
1564108216,Willhaben Ad 1564108216,1020 (2. Leopoldstadt),elado,https://www.willhaben.at/iad/immobilien/d/eigentumswohnung/wien/wien-1020-leopoldstadt/saniert-attraktive-2-zimmer-altbauwohnung-im-stuwerviertel-1564108216,1564108216.html,2026-10-08 23:36:05
1800573413,Willhaben Ad 1800573413,1020 (2. Leopoldstadt),elado,https://www.willhaben.at/iad/immobilien/d/eigentumswohnung/wien/wien-1020-leopoldstadt/stilvolles-wohnprojekt-in-1020-wien-altbauflair-modernes-dachgeschoss-1800573413,1800573413.html,2026-10-08 23:36:08
1630113540,Willhaben Ad 1630113540,1020 (2. Leopoldstadt),elado,https://www.willhaben.at/iad/immobilien/d/eigentumswohnung/wien/wien-1020-leopoldstadt/stilvolles-wohnprojekt-in-1020-wien-altbauflair-modernes-dachgeschoss-1630113540,1630113540.html,2026-10-08 23:36:11
770726768,Willhaben Ad 770726768,1020 (2. Leopoldstadt),elado,https://www.willhaben.at/iad/immobilien/d/eigentumswohnung/wien/wien-1020-leopoldstadt/-das-artmann-urban-am-fluss-beim-park-770726768,770726768.html,2026-10-08 23:36:13
1519371235,Willhaben Ad 1519371235,1020 (2. Leopoldstadt),elado,https://www.willhaben.at/iad/immobilien/d/eigentumswohnung/wien/wien-1020-leopoldstadt/fusslaeufig-zur-wiener-innenstadt-stilvolle-altbauwohnungen-in-bestlage-des-2-bezirks-1519371235,1519371235.html,2026-10-08 23:36:22
1375401228,Willhaben Ad 1375401228,1020 (2. Leopoldstadt),elado,https://www.willhaben.at/iad/immobilien/d/eigentumswohnung/wien/wien-1020-leopoldstadt/2-zimmer-wohnung-am-vorgartenmarkt-provisionsfrei-zu-verkaufen-1375401228,1375401228.html,2026-10-08 23:36:25
838405011,Willhaben Ad 838405011,Wien,elado,https://www.willhaben.at/iad/immobilien/d/sonstige/sonstige/fixer-stellplatz-am-viertel-zwei-838405011,838405011.html,2026-10-08 23:36:29
1499197728,Willhaben Ad 1499197728,1020 (2. Leopoldstadt),elado,https://www.willhaben.at/iad/immobilien/d/eigentumswohnung/wien/wien-1020-leopoldstadt/erstbezug-in-grosszuegiger-3-zimmer-wohnung-mit-zwei-balkonen-im-zubau-von-das-artmann-1499197728,1499197728.html,2026-10-08 23:36:32
1757150654,Willhaben Ad 1757150654,1020 (2. Leopoldstadt),elado,https://www.willhaben.at/iad/immobilien/d/eigentumswohnung/wien/wien-1020-leopoldstadt/raritaet-in-bestlage-der-leopoldstadt-2-zimmer-ca-67-m-wnfl-4-liftstock-naehe-prater-augarten-1757150654,1757150654.html,2026-10-08 23:36:51
926817577,Willhaben Ad 926817577,1020 (2. Leopoldstadt),elado,https://www.willhaben.at/iad/immobilien/d/eigentumswohnung/wien/wien-1020-leopoldstadt/alles-vor-ort-services-infrastruktur-926817577,926817577.html,2026-10-08 23:36:56
1128554112,Willhaben Ad 1128554112,1020 (2. Leopoldstadt),elado,https://www.willhaben.at/iad/immobilien/d/eigentumswohnung/wien/wien-1020-leopoldstadt/willkommen-im-leopoldquartier-living-1128554112,1128554112.html,2026-10-08 23:36:58
1354833123,Willhaben Ad 1354833123,1020 (2. Leopoldstadt),elado,https://www.willhaben.at/iad/immobilien/d/eigentumswohnung/wien/wien-1020-leopoldstadt/alles-vor-ort-services-infrastruktur-1354833123,1354833123.html,2026-10-08 23:37:01
1741172938,Willhaben Ad 1741172938,1020 (2. Leopoldstadt),elado,https://www.willhaben.at/iad/immobilien/d/eigentumswohnung/wien/wien-1020-leopoldstadt/alles-vor-ort-services-infrastruktur-1741172938,1741172938.html,2026-10-08 23:37:05
1497971920,Willhaben Ad 1497971920,1020 (2. Leopoldstadt),elado,https://www.willhaben.at/iad/immobilien/d/eigentumswohnung/wien/wien-1020-leopoldstadt/wohnungen-fuer-jeden-lebensstil-1497971920,1497971920.html,2026-10-08 23:37:08
1443244064,Willhaben Ad 1443244064,1020 (2. Leopoldstadt),elado,https://www.willhaben.at/iad/immobilien/d/eigentumswohnung/wien/wien-1020-leopoldstadt/beste-lage-zwischen-natur-und-innenstadt-1443244064,1443244064.html,2026-10-08 23:37:11
1810479720,Willhaben Ad 1810479720,1020 (2. Leopoldstadt),elado,https://www.willhaben.at/iad/immobilien/d/eigentumswohnung/wien/wien-1020-leopoldstadt/hochwertige-ausstattung-mit-komfort-1810479720,1810479720.html,2026-10-08 23:37:15
1461471866,Willhaben Ad 1461471866,1020 (2. Leopoldstadt),elado,https://www.willhaben.at/iad/immobilien/d/eigentumswohnung/wien/wien-1020-leopoldstadt/alles-vor-ort-services-infrastruktur-1461471866,1461471866.html,2026-10-08 23:37:18
1978048949,Willhaben Ad 1978048949,1020 (2. Leopoldstadt),elado,https://www.willhaben.at/iad/immobilien/d/eigentumswohnung/wien/wien-1020-leopoldstadt/nachhaltige-architektur-mit-zukunft-1978048949,1978048949.html,2026-10-08 23:37:21
1678841365,Willhaben Ad 1678841365,1020 (2. Leopoldstadt),elado,https://www.willhaben.at/iad/immobilien/d/eigentumswohnung/wien/wien-1020-leopoldstadt/beste-lage-zwischen-natur-und-innenstadt-1678841365,1678841365.html,2026-10-08 23:37:25
1743659263,Willhaben Ad 1743659263,1020 (2. Leopoldstadt),elado,https://www.willhaben.at/iad/immobilien/d/eigentumswohnung/wien/wien-1020-leopoldstadt/wohnungen-fuer-jeden-lebensstil-1743659263,1743659263.html,2026-10-08 23:37:27
1846753066,Willhaben Ad 1846753066,1020 (2. Leopoldstadt),elado,https://www.willhaben.at/iad/immobilien/d/eigentumswohnung/wien/wien-1020-leopoldstadt/hochwertige-ausstattung-mit-komfort-1846753066,1846753066.html,2026-10-08 23:37:30
928285293,Willhaben Ad 928285293,1020 (2. Leopoldstadt),elado,https://www.willhaben.at/iad/immobilien/d/eigentumswohnung/wien/wien-1020-leopoldstadt/lage-lage-lage-heller-atrium-maisonette-mit-ausblickterrasse-new-york-flair-in-wien-928285293,928285293.html,2026-10-08 23:37:33
2011654887,Willhaben Ad 2011654887,1020 (2. Leopoldstadt),elado,https://www.willhaben.at/iad/immobilien/d/eigentumswohnung/wien/wien-1020-leopoldstadt/-sq-style-dg-wohnung-beim-augarten-gaussplatz-naehe-donaukanal-u4-mit-fernblick-erstbezug-2011654887,2011654887.html,2026-10-08 23:37:51
1924553851,Willhaben Ad 1924553851,1020 (2. Leopoldstadt),elado,https://www.willhaben.at/iad/immobilien/d/eigentumswohnung/wien/wien-1020-leopoldstadt/familientraum-wohnung-nahe-1-bezirk-provisionsfrei-direkt-vom-eigentuemer-1924553851,1924553851.html,2026-10-08 23:38:00
1789637139,Willhaben Ad 1789637139,1020 (2. Leopoldstadt),elado,https://www.willhaben.at/iad/immobilien/d/eigentumswohnung/wien/wien-1020-leopoldstadt/architektur-lage-investment-ein-ueberzeugendes-gesamtpaket-direkt-am-karmelitermarkt-1789637139,1789637139.html,2026-10-08 23:38:02
968107840,Willhaben Ad 968107840,1020 (2. Leopoldstadt),elado,https://www.willhaben.at/iad/immobilien/d/eigentumswohnung/wien/wien-1020-leopoldstadt/lage-lage-lage-moderne-dachgeschosswohnung-beim-augarten-und-praterstern-968107840,968107840.html,2026-10-08 23:38:06
1957804131,Willhaben Ad 1957804131,1020 (2. Leopoldstadt),elado,https://www.willhaben.at/iad/immobilien/d/eigentumswohnung/wien/wien-1020-leopoldstadt/nachhaltige-architektur-mit-zukunft-1957804131,1957804131.html,2026-10-08 23:38:21
1823862619,Willhaben Ad 1823862619,1020 (2. Leopoldstadt),elado,https://www.willhaben.at/iad/immobilien/d/eigentumswohnung/wien/wien-1020-leopoldstadt/alles-vor-ort-services-infrastruktur-1823862619,1823862619.html,2026-10-08 23:38:25
1718569033,Willhaben Ad 1718569033,1020 (2. Leopoldstadt),elado,https://www.willhaben.at/iad/immobilien/d/eigentumswohnung/wien/wien-1020-leopoldstadt/beste-lage-zwischen-natur-und-innenstadt-1718569033,1718569033.html,2026-10-08 23:38:27
1864545873,Willhaben Ad 1864545873,1020 (2. Leopoldstadt),elado,https://www.willhaben.at/iad/immobilien/d/eigentumswohnung/wien/wien-1020-leopoldstadt/hochwertige-ausstattung-mit-komfort-1864545873,1864545873.html,2026-10-08 23:38:30
1441330215,Willhaben Ad 1441330215,1020 (2. Leopoldstadt),elado,https://www.willhaben.at/iad/immobilien/d/eigentumswohnung/wien/wien-1020-leopoldstadt/willkommen-im-leopoldquartier-living-1441330215,1441330215.html,2026-10-08 23:38:33
1509944661,Willhaben Ad 1509944661,1020 (2. Leopoldstadt),elado,https://www.willhaben.at/iad/immobilien/d/eigentumswohnung/wien/wien-1020-leopoldstadt/fitness-wellness-work-life-balance-1509944661,1509944661.html,2026-10-08 23:38:36
1453107321,Willhaben Ad 1453107321,1020 (2. Leopoldstadt),elado,https://www.willhaben.at/iad/immobilien/d/eigentumswohnung/wien/wien-1020-leopoldstadt/wohnungen-fuer-jeden-lebensstil-1453107321,1453107321.html,2026-10-08 23:38:38
1492110869,Willhaben Ad 1492110869,1020 (2. Leopoldstadt),elado,https://www.willhaben.at/iad/immobilien/d/eigentumswohnung/wien/wien-1020-leopoldstadt/fitness-wellness-work-life-balance-1492110869,1492110869.html,2026-10-08 23:38:42
976663352,Willhaben Ad 976663352,1020 (2. Leopoldstadt),elado,https://www.willhaben.at/iad/immobilien/d/eigentumswohnung/wien/wien-1020-leopoldstadt/wohnungen-fuer-jeden-lebensstil-976663352,976663352.html,2026-10-08 23:38:44
862720828,Willhaben Ad 862720828,1020 (2. Leopoldstadt),elado,https://www.willhaben.at/iad/immobilien/d/eigentumswohnung/wien/wien-1020-leopoldstadt/hochwertige-ausstattung-mit-komfort-862720828,862720828.html,2026-10-08 23:38:47
851860897,Willhaben Ad 851860897,1020 (2. Leopoldstadt),elado,https://www.willhaben.at/iad/immobilien/d/eigentumswohnung/wien/wien-1020-leopoldstadt/beste-lage-zwischen-natur-und-innenstadt-851860897,851860897.html,2026-10-08 23:38:51
1183673654,Willhaben Ad 1183673654,1020 (2. Leopoldstadt),elado,https://www.willhaben.at/iad/immobilien/d/eigentumswohnung/wien/wien-1020-leopoldstadt/beste-lage-zwischen-natur-und-innenstadt-1183673654,1183673654.html,2026-10-08 23:38:53
1997480294,Willhaben Ad 1997480294,1020 (2. Leopoldstadt),elado,https://www.willhaben.at/iad/immobilien/d/eigentumswohnung/wien/wien-1020-leopoldstadt/beste-lage-zwischen-natur-und-innenstadt-1997480294,1997480294.html,2026-10-08 23:38:57
1477885200,Willhaben Ad 1477885200,1020 (2. Leopoldstadt),elado,https://www.willhaben.at/iad/immobilien/d/eigentumswohnung/wien/wien-1020-leopoldstadt/willkommen-im-leopoldquartier-living-1477885200,1477885200.html,2026-10-08 23:38:59
864072125,Willhaben Ad 864072125,1020 (2. Leopoldstadt),elado,https://www.willhaben.at/iad/immobilien/d/eigentumswohnung/wien/wien-1020-leopoldstadt/willkommen-im-leopoldquartier-living-864072125,864072125.html,2026-10-08 23:39:02
1993424404,Willhaben Ad 1993424404,1020 (2. Leopoldstadt),elado,https://www.willhaben.at/iad/immobilien/d/eigentumswohnung/wien/wien-1020-leopoldstadt/beste-lage-zwischen-natur-und-innenstadt-1993424404,1993424404.html,2026-10-08 23:39:05
864018847,Willhaben Ad 864018847,1020 (2. Leopoldstadt),elado,https://www.willhaben.at/iad/immobilien/d/eigentumswohnung/wien/wien-1020-leopoldstadt/wohnungen-fuer-jeden-lebensstil-864018847,864018847.html,2026-10-08 23:39:08
999456577,Willhaben Ad 999456577,1020 (2. Leopoldstadt),elado,https://www.willhaben.at/iad/immobilien/d/eigentumswohnung/wien/wien-1020-leopoldstadt/beste-lage-zwischen-natur-und-innenstadt-999456577,999456577.html,2026-10-08 23:39:11
1212398369,Willhaben Ad 1212398369,1020 (2. Leopoldstadt),elado,https://www.willhaben.at/iad/immobilien/d/eigentumswohnung/wien/wien-1020-leopoldstadt/hochwertige-ausstattung-mit-komfort-1212398369,1212398369.html,2026-10-08 23:39:14
1697728972,Willhaben Ad 1697728972,1020 (2. Leopoldstadt),elado,https://www.willhaben.at/iad/immobilien/d/eigentumswohnung/wien/wien-1020-leopoldstadt/fitness-wellness-work-life-balance-1697728972,1697728972.html,2026-10-08 23:39:18
853139829,Willhaben Ad 853139829,1020 (2. Leopoldstadt),elado,https://www.willhaben.at/iad/immobilien/d/eigentumswohnung/wien/wien-1020-leopoldstadt/fitness-wellness-work-life-balance-853139829,853139829.html,2026-10-08 23:39:21
1576601663,Willhaben Ad 1576601663,1020 (2. Leopoldstadt),elado,https://www.willhaben.at/iad/immobilien/d/eigentumswohnung/wien/wien-1020-leopoldstadt/fitness-wellness-work-life-balance-1576601663,1576601663.html,2026-10-08 23:39:24
1531428772,Willhaben Ad 1531428772,1020 (2. Leopoldstadt),elado,https://www.willhaben.at/iad/immobilien/d/eigentumswohnung/wien/wien-1020-leopoldstadt/raumwunder-4-zimmer-mit-terasse-1531428772,1531428772.html,2026-10-08 23:39:30
1795791825,Willhaben Ad 1795791825,1020 (2. Leopoldstadt),elado,https://www.willhaben.at/iad/immobilien/d/eigentumswohnung/wien/wien-1020-leopoldstadt/willkommen-im-leopoldquartier-living-1795791825,1795791825.html,2026-10-08 23:39:36
1669192528,Willhaben Ad 1669192528,Wien,elado,https://www.willhaben.at/iad/immobilien/d/sonstige/sonstige/ein-stueck-wien-ein-stueck-vermoegen-1669192528,1669192528.html,2026-10-08 23:39:40
1992792659,Willhaben Ad 1992792659,1020 (2. Leopoldstadt),elado,https://www.willhaben.at/iad/immobilien/d/eigentumswohnung/wien/wien-1020-leopoldstadt/wohnungen-fuer-jeden-lebensstil-1992792659,1992792659.html,2026-10-08 23:39:42
1594394665,Willhaben Ad 1594394665,1020 (2. Leopoldstadt),elado,https://www.willhaben.at/iad/immobilien/d/eigentumswohnung/wien/wien-1020-leopoldstadt/willkommen-im-leopoldquartier-living-1594394665,1594394665.html,2026-10-08 23:39:45
2029874837,Willhaben Ad 2029874837,1020 (2. Leopoldstadt),elado,https://www.willhaben.at/iad/immobilien/d/eigentumswohnung/wien/wien-1020-leopoldstadt/willkommen-im-leopoldquartier-living-2029874837,2029874837.html,2026-10-08 23:39:48
1274904843,Willhaben Ad 1274904843,1020 (2. Leopoldstadt),elado,https://www.willhaben.at/iad/immobilien/d/eigentumswohnung/wien/wien-1020-leopoldstadt/willkommen-im-leopoldquartier-living-1274904843,1274904843.html,2026-10-08 23:39:52
1728358275,Willhaben Ad 1728358275,1020 (2. Leopoldstadt),elado,https://www.willhaben.at/iad/immobilien/d/eigentumswohnung/wien/wien-1020-leopoldstadt/hochwertige-ausstattung-mit-komfort-1728358275,1728358275.html,2026-10-08 23:39:55
1579394095,Willhaben Ad 1579394095,1020 (2. Leopoldstadt),elado,https://www.willhaben.at/iad/immobilien/d/eigentumswohnung/wien/wien-1020-leopoldstadt/beste-lage-zwischen-natur-und-innenstadt-1579394095,1579394095.html,2026-10-08 23:39:57
1213913602,Willhaben Ad 1213913602,1020 (2. Leopoldstadt),elado,https://www.willhaben.at/iad/immobilien/d/eigentumswohnung/wien/wien-1020-leopoldstadt/wohnungen-fuer-jeden-lebensstil-1213913602,1213913602.html,2026-10-08 23:40:00
1582677022,Willhaben Ad 1582677022,1020 (2. Leopoldstadt),elado,https://www.willhaben.at/iad/immobilien/d/eigentumswohnung/wien/wien-1020-leopoldstadt/wohnungen-fuer-jeden-lebensstil-1582677022,1582677022.html,2026-10-08 23:40:04
1507718390,Willhaben Ad 1507718390,1020 (2. Leopoldstadt),elado,https://www.willhaben.at/iad/immobilien/d/eigentumswohnung/wien/wien-1020-leopoldstadt/wohnungen-fuer-jeden-lebensstil-1507718390,1507718390.html,2026-10-08 23:40:06
1202711044,Willhaben Ad 1202711044,1020 (2. Leopoldstadt),elado,https://www.willhaben.at/iad/immobilien/d/eigentumswohnung/wien/wien-1020-leopoldstadt/fitness-wellness-work-life-balance-1202711044,1202711044.html,2026-10-08 23:40:10
1816717487,Willhaben Ad 1816717487,1020 (2. Leopoldstadt),elado,https://www.willhaben.at/iad/immobilien/d/eigentumswohnung/wien/wien-1020-leopoldstadt/fitness-wellness-work-life-balance-1816717487,1816717487.html,2026-10-08 23:40:13
2145319122,Willhaben Ad 2145319122,1020 (2. Leopoldstadt),elado,https://www.willhaben.at/iad/immobilien/d/eigentumswohnung/wien/wien-1020-leopoldstadt/alles-vor-ort-services-infrastruktur-2145319122,2145319122.html,2026-10-08 23:40:17
861245168,Willhaben Ad 861245168,1020 (2. Leopoldstadt),elado,https://www.willhaben.at/iad/immobilien/d/eigentumswohnung/wien/wien-1020-leopoldstadt/wohnungen-fuer-jeden-lebensstil-861245168,861245168.html,2026-10-08 23:40:19
881668424,Willhaben Ad 881668424,1020 (2. Leopoldstadt),elado,https://www.willhaben.at/iad/immobilien/d/eigentumswohnung/wien/wien-1020-leopoldstadt/nachhaltige-architektur-mit-zukunft-881668424,881668424.html,2026-10-08 23:40:23
1510184789,Willhaben Ad 1510184789,1020 (2. Leopoldstadt),elado,https://www.willhaben.at/iad/immobilien/d/eigentumswohnung/wien/wien-1020-leopoldstadt/beste-lage-zwischen-natur-und-innenstadt-1510184789,1510184789.html,2026-10-08 23:40:26
1370727773,Willhaben Ad 1370727773,1020 (2. Leopoldstadt),elado,https://www.willhaben.at/iad/immobilien/d/eigentumswohnung/wien/wien-1020-leopoldstadt/beste-lage-zwischen-natur-und-innenstadt-1370727773,1370727773.html,2026-10-08 23:40:28
1782492813,Willhaben Ad 1782492813,1020 (2. Leopoldstadt),elado,https://www.willhaben.at/iad/immobilien/d/eigentumswohnung/wien/wien-1020-leopoldstadt/hochwertige-ausstattung-mit-komfort-1782492813,1782492813.html,2026-10-08 23:40:31
847960941,Willhaben Ad 847960941,1020 (2. Leopoldstadt),elado,https://www.willhaben.at/iad/immobilien/d/eigentumswohnung/wien/wien-1020-leopoldstadt/fitness-wellness-work-life-balance-847960941,847960941.html,2026-10-08 23:40:34
1959800984,Willhaben Ad 1959800984,1020 (2. Leopoldstadt),elado,https://www.willhaben.at/iad/immobilien/d/eigentumswohnung/wien/wien-1020-leopoldstadt/willkommen-im-leopoldquartier-living-1959800984,1959800984.html,2026-10-08 23:40:37
967571726,Willhaben Ad 967571726,1020 (2. Leopoldstadt),elado,https://www.willhaben.at/iad/immobilien/d/eigentumswohnung/wien/wien-1020-leopoldstadt/hochwertige-ausstattung-mit-komfort-967571726,967571726.html,2026-10-08 23:40:39
1328084447,Willhaben Ad 1328084447,1020 (2. Leopoldstadt),elado,https://www.willhaben.at/iad/immobilien/d/eigentumswohnung/wien/wien-1020-leopoldstadt/beste-lage-zwischen-natur-und-innenstadt-1328084447,1328084447.html,2026-10-08 23:40:43
934524484,Willhaben Ad 934524484,1020 (2. Leopoldstadt),elado,https://www.willhaben.at/iad/immobilien/d/eigentumswohnung/wien/wien-1020-leopoldstadt/alles-vor-ort-services-infrastruktur-934524484,934524484.html,2026-10-08 23:40:46
2082265338,Willhaben Ad 2082265338,1020 (2. Leopoldstadt),elado,https://www.willhaben.at/iad/immobilien/d/eigentumswohnung/wien/wien-1020-leopoldstadt/nachhaltige-architektur-mit-zukunft-2082265338,2082265338.html,2026-10-08 23:40:48
1373163437,Willhaben Ad 1373163437,1020 (2. Leopoldstadt),elado,https://www.willhaben.at/iad/immobilien/d/eigentumswohnung/wien/wien-1020-leopoldstadt/urbaner-luxus-ueber-wien-exklusive-wohnung-mit-rooftop-pool-und-wunderschoenem-weitblick-3-zimmer-erstbezug-1373163437,1373163437.html,2026-10-08 23:40:58
1018478627,Willhaben Ad 1018478627,1020 (2. Leopoldstadt),elado,https://www.willhaben.at/iad/immobilien/d/eigentumswohnung/wien/wien-1020-leopoldstadt/goldener-pfau-anlegerhit-mit-airbnb-potential-am-karmelitermarkt-1018478627,1018478627.html,2026-10-08 23:41:01
1290287323,Willhaben Ad 1290287323,1020 (2. Leopoldstadt),elado,https://www.willhaben.at/iad/immobilien/d/eigentumswohnung/wien/wien-1020-leopoldstadt/goldener-pfau-gewerbliches-apartment-am-karmelitermarkt-1290287323,1290287323.html,2026-10-08 23:41:05
748205774,Willhaben Ad 748205774,1020 (2. Leopoldstadt),elado,https://www.willhaben.at/iad/immobilien/d/eigentumswohnung/wien/wien-1020-leopoldstadt/altbaujuwel-nahe-prater-augarten-stilvolle-4-zimmer-wohnung-mit-balkon-748205774,748205774.html,2026-10-08 23:41:09
1128523773,Willhaben Ad 1128523773,1020 (2. Leopoldstadt),elado,https://www.willhaben.at/iad/immobilien/d/eigentumswohnung/wien/wien-1020-leopoldstadt/charmantes-apartment-in-bester-lage-in-der-naehe-vom-augarten-direkt-bei-der-u2-1128523773,1128523773.html,2026-10-08 23:41:13
1609076216,Willhaben Ad 1609076216,1020 (2. Leopoldstadt),elado,https://www.willhaben.at/iad/immobilien/d/eigentumswohnung/wien/wien-1020-leopoldstadt/effiziente-raumloesung-auf-premium-niveau-2-zimmer-in-urbaner-toplage-an-der-donau-1609076216,1609076216.html,2026-10-08 23:41:28
1151048103,Willhaben Ad 1151048103,1020 (2. Leopoldstadt),elado,https://www.willhaben.at/iad/immobilien/d/eigentumswohnung/wien/wien-1020-leopoldstadt/wo-stadt-auf-natur-trifft-beginnt-dein-zuhause-grosszuegige-2-zimmer-wohnung-am-donaukanal-1151048103,1151048103.html,2026-10-08 23:41:31
1545375617,Willhaben Ad 1545375617,1020 (2. Leopoldstadt),elado,https://www.willhaben.at/iad/immobilien/d/eigentumswohnung/wien/wien-1020-leopoldstadt/residieren-zwischen-donau-und-prater-eine-lichtdurchflutete-2-zimmer-wohnung-zum-verlieben-1545375617,1545375617.html,2026-10-08 23:41:34
775513833,Willhaben Ad 775513833,1020 (2. Leopoldstadt),elado,https://www.willhaben.at/iad/immobilien/d/eigentumswohnung/wien/wien-1020-leopoldstadt/-neu-50-m-zum-augarten-seltene-high-end-dachgeschosswohnung-mit-zwei-sonnenterrassen-weitblick-und-ruhiger-lage-775513833,775513833.html,2026-10-08 23:41:38
1295370565,Willhaben Ad 1295370565,1020 (2. Leopoldstadt),elado,https://www.willhaben.at/iad/immobilien/d/eigentumswohnung/wien/wien-1020-leopoldstadt/hell-grosszuegig-charmant-frisch-sanierte-3-zimmer-wohnung-mit-balkon-1295370565,1295370565.html,2026-10-08 23:41:40
1900918875,Willhaben Ad 1900918875,1020 (2. Leopoldstadt),elado,https://www.willhaben.at/iad/immobilien/d/eigentumswohnung/wien/wien-1020-leopoldstadt/top-vierzimmer-apartment-mit-fernblick-wellnessbereich-inkl-infinity-pool-dining-room-concierge-1900918875,1900918875.html,2026-10-08 23:41:43
1815354618,Willhaben Ad 1815354618,1020 (2. Leopoldstadt),elado,https://www.willhaben.at/iad/immobilien/d/eigentumswohnung/wien/wien-1020-leopoldstadt/modern-und-sonnig-wohnen-beim-prater-erstbezug-mit-top-aussicht-neu-keine-provi-1815354618,1815354618.html,2026-10-08 23:41:46
1755773676,Willhaben Ad 1755773676,1020 (2. Leopoldstadt),elado,https://www.willhaben.at/iad/immobilien/d/eigentumswohnung/wien/wien-1020-leopoldstadt/rohdachboden-in-guter-lage-mit-ca-569m-potential-1755773676,1755773676.html,2026-10-08 23:42:02
1700641753,Willhaben Ad 1700641753,Wien,elado,https://www.willhaben.at/iad/immobilien/d/sonstige/sonstige/sichere-pkw-tiefgaragenstellplaetze-im-2-bezirk-underground-parking-2nd-district-die-zimmerei-1700641753,1700641753.html,2026-10-08 23:42:05
1807258392,Willhaben Ad 1807258392,1020 (2. Leopoldstadt),elado,https://www.willhaben.at/iad/immobilien/d/gewerbeimmobilien-kaufen/wien/wien-1020-leopoldstadt/seltene-gelegenheit-kult-kiosk-beim-prater-zu-vergeben-1807258392,1807258392.html,2026-10-08 23:42:08
1952013916,Willhaben Ad 1952013916,Wien,elado,https://www.willhaben.at/iad/immobilien/d/sonstige/sonstige/xl-motorrad-stellplatz-im-hochhaus-gruenblick-u2-stadion-provisionsfrei-1952013916,1952013916.html,2026-10-08 23:42:11
1681378909,Willhaben Ad 1681378909,1020 (2. Leopoldstadt),elado,https://www.willhaben.at/iad/immobilien/d/eigentumswohnung/wien/wien-1020-leopoldstadt/exklusive-3-zimmer-wohnung-mit-balkon-blick-auf-das-wiener-riesenrad-direkt-an-der-u2-messe-prater-optional-garagenplatz-1681378909,1681378909.html,2026-10-08 23:42:15
1605634321,Willhaben Ad 1605634321,1020 (2. Leopoldstadt),elado,https://www.willhaben.at/iad/immobilien/d/eigentumswohnung/wien/wien-1020-leopoldstadt/exklusive-dachgeschossresidenz-praterblick-private-terrasse-1605634321,1605634321.html,2026-10-08 23:42:18
1292593606,Willhaben Ad 1292593606,1020 (2. Leopoldstadt),elado,https://www.willhaben.at/iad/immobilien/d/eigentumswohnung/wien/wien-1020-leopoldstadt/schoene-2-zimmer-altbauwohnung-naehe-u2-messe-prater-1292593606,1292593606.html,2026-10-08 23:42:21
1630229409,Willhaben Ad 1630229409,1020 (2. Leopoldstadt),elado,https://www.willhaben.at/iad/immobilien/d/gewerbeimmobilien-kaufen/wien/wien-1020-leopoldstadt/geschaeftslokale-1020-1060-1120-ca-5-ist-rendite-1630229409,1630229409.html,2026-10-08 23:42:38
806917735,Willhaben Ad 806917735,1020 (2. Leopoldstadt),elado,https://www.willhaben.at/iad/immobilien/d/eigentumswohnung/wien/wien-1020-leopoldstadt/schluesselfertig-voll-moebliert-2-zimmer-wohnung-beim-augarten-u2-in-3-minuten-806917735,806917735.html,2026-10-08 23:42:41
1760599173,Willhaben Ad 1760599173,1020 (2. Leopoldstadt),elado,https://www.willhaben.at/iad/immobilien/d/eigentumswohnung/wien/wien-1020-leopoldstadt/luxurioeser-altbau-erstbezug-mit-terasse-und-gruenblick-wohnen-auf-hoechstem-niveau-im-herzen-des-2-bezirks-1760599173,1760599173.html,2026-10-08 23:42:49
1431192468,Willhaben Ad 1431192468,1020 (2. Leopoldstadt),elado,https://www.willhaben.at/iad/immobilien/d/gewerbeimmobilien-kaufen/wien/wien-1020-leopoldstadt/barbetrieb-mit-lizenzen-grosser-fensterfront-1020-wien-1431192468,1431192468.html,2026-10-08 23:42:54
951530993,Willhaben Ad 951530993,1020 (2. Leopoldstadt),elado,https://www.willhaben.at/iad/immobilien/d/eigentumswohnung/wien/wien-1020-leopoldstadt/grosszuegige-dachgeschosswohnung-mit-dachterrasse-in-der-naehe-vom-augarten-provisionsfrei-951530993,951530993.html,2026-10-08 23:43:00
1703534747,Willhaben Ad 1703534747,1020 (2. Leopoldstadt),elado,https://www.willhaben.at/iad/immobilien/d/eigentumswohnung/wien/wien-1020-leopoldstadt/teilsanierung-ruhige-3-zimmer-wohnung-innenhoflage-praktischer-grundriss-nahe-u2-1703534747,1703534747.html,2026-10-08 23:43:03
1586233746,Willhaben Ad 1586233746,1020 (2. Leopoldstadt),elado,https://www.willhaben.at/iad/immobilien/d/eigentumswohnung/wien/wien-1020-leopoldstadt/1020-modern-wohnen-naehe-augarten-hochwertig-sanierte-altbauwohnung-1586233746,1586233746.html,2026-10-08 23:43:14
1971474545,Willhaben Ad 1971474545,Wien,elado,https://www.willhaben.at/iad/immobilien/d/sonstige/sonstige/stellplatz-in-zentraler-garage-lassallestrasse-3-1971474545,1971474545.html,2026-10-08 23:43:18
1289469339,Willhaben Ad 1289469339,1020 (2. Leopoldstadt),elado,https://www.willhaben.at/iad/immobilien/d/eigentumswohnung/wien/wien-1020-leopoldstadt/1020-schoenes-2-zimmer-eigentum-naehe-augarten-modern-renoviert-sofort-bezugsbereit-1289469339,1289469339.html,2026-10-08 23:43:20
1304331283,Willhaben Ad 1304331283,1020 (2. Leopoldstadt),elado,https://www.willhaben.at/iad/immobilien/d/eigentumswohnung/wien/wien-1020-leopoldstadt/1020-hochwertig-sanierte-2-zimmer-wohnung-in-begehrter-lage-naehe-augarten-1304331283,1304331283.html,2026-10-08 23:43:23
1145954739,Willhaben Ad 1145954739,1020 (2. Leopoldstadt),elado,https://www.willhaben.at/iad/immobilien/d/sonstige/sonstige/garagenplatz-1020-weintraubengasse-zentrumsnahe-vom-eigentuemer-1145954739,1145954739.html,2026-10-08 23:43:35
1271722979,Willhaben Ad 1271722979,1020 (2. Leopoldstadt),elado,https://www.willhaben.at/iad/immobilien/d/eigentumswohnung/wien/wien-1020-leopoldstadt/maisonette-mit-townhouse-feeling-eigengarten-optionalen-garagenstellplatz-1271722979,1271722979.html,2026-10-08 23:43:38
1450072653,Willhaben Ad 1450072653,1020 (2. Leopoldstadt),elado,https://www.willhaben.at/iad/immobilien/d/gewerbeimmobilien-kaufen/wien/wien-1020-leopoldstadt/-cake-shop-cafe-konditorei-eissalon-beim-karmelitermarkt-1450072653,1450072653.html,2026-10-08 23:43:41
874206968,Willhaben Ad 874206968,1020 (2. Leopoldstadt),elado,https://www.willhaben.at/iad/immobilien/d/eigentumswohnung/wien/wien-1020-leopoldstadt/penthouse-in-ehemaliger-maschinenfabrik-zum-arbeiten-und-wohnen-874206968,874206968.html,2026-10-08 23:43:44
912879211,Willhaben Ad 912879211,1020 (2. Leopoldstadt),elado,https://www.willhaben.at/iad/immobilien/d/eigentumswohnung/wien/wien-1020-leopoldstadt/altbaujuwel-mit-balkon-exklusiver-erstbezug-nach-hochwertiger-sanierung-912879211,912879211.html,2026-10-08 23:43:47
1545244820,Willhaben Ad 1545244820,1020 (2. Leopoldstadt),elado,https://www.willhaben.at/iad/immobilien/d/gewerbeimmobilien-kaufen/wien/wien-1020-leopoldstadt/privatverkauf-eigentums-geschaeftslokal-1545244820,1545244820.html,2026-10-08 23:43:49
1952890759,Willhaben Ad 1952890759,1020 (2. Leopoldstadt),elado,https://www.willhaben.at/iad/immobilien/d/eigentumswohnung/wien/wien-1020-leopoldstadt/wohnen-beim-gruenen-prater-ein-paradies-im-herbst-1952890759,1952890759.html,2026-10-08 23:43:52
881417813,Willhaben Ad 881417813,1020 (2. Leopoldstadt),elado,https://www.willhaben.at/iad/immobilien/d/eigentumswohnung/wien/wien-1020-leopoldstadt/altbauwohnung-mit-kabinett-und-separater-kueche-in-der-leopoldstadt-881417813,881417813.html,2026-10-08 23:43:56
1097453119,Willhaben Ad 1097453119,1020 (2. Leopoldstadt),elado,https://www.willhaben.at/iad/immobilien/d/eigentumswohnung/wien/wien-1020-leopoldstadt/grosszuegige-3-5-zimmer-wohnung-nahe-nestroyplatz-und-prater-1097453119,1097453119.html,2026-10-08 23:44:02
1854229709,Willhaben Ad 1854229709,1020 (2. Leopoldstadt),elado,https://www.willhaben.at/iad/immobilien/d/eigentumswohnung/wien/wien-1020-leopoldstadt/luxurioeser-altbau-erstbezug-mit-terasse-und-gruenblick-wohnen-auf-hoechstem-niveau-im-herzen-des-2-bezirks-1854229709,1854229709.html,2026-10-08 23:44:05
2030031378,Willhaben Ad 2030031378,1020 (2. Leopoldstadt),elado,https://www.willhaben.at/iad/immobilien/d/eigentumswohnung/wien/wien-1020-leopoldstadt/luxurioese-und-moderne-wohnung-im-herzen-wiens-absolute-ruhe-2-bezirk-u1-und-u2-2030031378,2030031378.html,2026-10-08 23:44:15
1245078773,Willhaben Ad 1245078773,1020 (2. Leopoldstadt),elado,https://www.willhaben.at/iad/immobilien/d/eigentumswohnung/wien/wien-1020-leopoldstadt/altbaujuwel-zwischen-prater-donau-erstbezug-nach-hochwertiger-sanierung-mit-balkonoption-1245078773,1245078773.html,2026-10-08 23:44:17
1135330037,Willhaben Ad 1135330037,1020 (2. Leopoldstadt),elado,https://www.willhaben.at/iad/immobilien/d/eigentumswohnung/wien/wien-1020-leopoldstadt/altbau-erstbezug-mit-20m-terrasse-naehe-karmelitermarkt-1135330037,1135330037.html,2026-10-08 23:44:21
1751372551,Willhaben Ad 1751372551,1020 (2. Leopoldstadt),elado,https://www.willhaben.at/iad/immobilien/d/eigentumswohnung/wien/wien-1020-leopoldstadt/karmeliterviertel-traumhafte-5-zimmer-maisonette-im-dachgeschoss-mit-optionaler-garage-im-haus-1751372551,1751372551.html,2026-10-08 23:44:23
2013483283,Willhaben Ad 2013483283,1020 (2. Leopoldstadt),elado,https://www.willhaben.at/iad/immobilien/d/eigentumswohnung/wien/wien-1020-leopoldstadt/absolute-raritaet-im-karmeliterviertel-traumhafte-erstbezug-maisonette-im-dachgeschoss-mit-optionaler-garage-2013483283,2013483283.html,2026-10-08 23:44:27
1633562849,Willhaben Ad 1633562849,1020 (2. Leopoldstadt),elado,https://www.willhaben.at/iad/immobilien/d/eigentumswohnung/wien/wien-1020-leopoldstadt/exklusive-dachwohnung-auf-einer-ebene-in-toplage-1633562849,1633562849.html,2026-10-08 23:44:29
1233364684,Willhaben Ad 1233364684,1020 (2. Leopoldstadt),elado,https://www.willhaben.at/iad/immobilien/d/eigentumswohnung/wien/wien-1020-leopoldstadt/moderne-1-zimmer-wohnung-in-1020-wien-38m-top-lage-eur211-432-1233364684,1233364684.html,2026-10-08 23:44:31
1268077326,Willhaben Ad 1268077326,1020 (2. Leopoldstadt),elado,https://www.willhaben.at/iad/immobilien/d/eigentumswohnung/wien/wien-1020-leopoldstadt/gruenblick-am-donaukanal-sonnige-3-zimmer-wohnung-nahe-pratercottage-1268077326,1268077326.html,2026-10-08 23:44:41
1280901579,Willhaben Ad 1280901579,1020 (2. Leopoldstadt),elado,https://www.willhaben.at/iad/immobilien/d/eigentumswohnung/wien/wien-1020-leopoldstadt/1020-erstbezug-nach-sanierung-hochwertiges-3-zimmer-eigentum-balkon-moeglich-1280901579,1280901579.html,2026-10-08 23:44:55
1943527545,Willhaben Ad 1943527545,1020 (2. Leopoldstadt),elado,https://www.willhaben.at/iad/immobilien/d/eigentumswohnung/wien/wien-1020-leopoldstadt/ueber-den-daechern-mitten-im-zweiten-drei-zimmer-zwischen-karmelitermarkt-augarten-und-wiener-innenstadt-1943527545,1943527545.html,2026-10-08 23:44:57
1971188665,Willhaben Ad 1971188665,1020 (2. Leopoldstadt),elado,https://www.willhaben.at/iad/immobilien/d/eigentumswohnung/wien/wien-1020-leopoldstadt/exklusives-penthouse-highlight-grosszuegiges-wohnen-mit-terrasse-im-herzen-des-2-bezirks-1971188665,1971188665.html,2026-10-08 23:45:02
1671761710,Willhaben Ad 1671761710,1020 (2. Leopoldstadt),elado,https://www.willhaben.at/iad/immobilien/d/eigentumswohnung/wien/wien-1020-leopoldstadt/sanierte-1-zimmerwohnung-mit-grossem-balkon-in-spitzenlage-von-1020-suedoestliche-ausrichtung-1671761710,1671761710.html,2026-10-08 23:45:12
1236610005,Willhaben Ad 1236610005,1020 (2. Leopoldstadt),elado,https://www.willhaben.at/iad/immobilien/d/eigentumswohnung/wien/wien-1020-leopoldstadt/charmante-wohnung-in-bestlage-mit-loggia-1236610005,1236610005.html,2026-10-08 23:45:19
1638435196,Willhaben Ad 1638435196,Wien,elado,https://www.willhaben.at/iad/immobilien/d/sonstige/sonstige/stellplatz-direkt-beim-praterstern-ihr-parkplatz-fuer-nur-eur-144-im-herzen-der-stadt-1638435196,1638435196.html,2026-10-08 23:45:22
2061902840,Willhaben Ad 2061902840,1020 (2. Leopoldstadt),elado,https://www.willhaben.at/iad/immobilien/d/gewerbeimmobilien-kaufen/wien/wien-1020-leopoldstadt/rendite-ca-6-53-wohnungseigentumspaket-mit-3-geschaeftslokalen-2061902840,2061902840.html,2026-10-08 23:45:29
876224367,Willhaben Ad 876224367,1020 (2. Leopoldstadt),elado,https://www.willhaben.at/iad/immobilien/d/eigentumswohnung/wien/wien-1020-leopoldstadt/wohnturm-gruenblick-4-zimmer-wohnung-auf-der-westseite-im-12-stock-876224367,876224367.html,2026-10-08 23:45:32
1817830282,Willhaben Ad 1817830282,1020 (2. Leopoldstadt),elado,https://www.willhaben.at/iad/immobilien/d/eigentumswohnung/wien/wien-1020-leopoldstadt/wohnturm-gruenblick-eckwohnung-mit-verglastem-balkon-auf-der-suedwestseite-im-12-stock-1817830282,1817830282.html,2026-10-08 23:45:35
2056869488,Willhaben Ad 2056869488,1020 (2. Leopoldstadt),elado,https://www.willhaben.at/iad/immobilien/d/eigentumswohnung/wien/wien-1020-leopoldstadt/-wien-zu-fuessen-karmelitermarkt-vor-der-tuer-penthouse-mit-80-m-terrassen-whirlpool-panorama-sauna-2056869488,2056869488.html,2026-10-08 23:45:44
1684827468,Willhaben Ad 1684827468,1020 (2. Leopoldstadt),elado,https://www.willhaben.at/iad/immobilien/d/eigentumswohnung/wien/wien-1020-leopoldstadt/gruenblick-helle-2-zimmer-in-top-lage-im-1-stock-naechst-u1-1684827468,1684827468.html,2026-10-08 23:45:50
1032071131,Willhaben Ad 1032071131,1020 (2. Leopoldstadt),elado,https://www.willhaben.at/iad/immobilien/d/eigentumswohnung/wien/wien-1020-leopoldstadt/exklusive-dg-maisonette-mit-panorama-ueber-wiener-skyline-prater-1032071131,1032071131.html,2026-10-08 23:46:02
959711644,Willhaben Ad 959711644,1020 (2. Leopoldstadt),elado,https://www.willhaben.at/iad/immobilien/d/gewerbeimmobilien-kaufen/wien/wien-1020-leopoldstadt/schoenes-mittelzinshaus-naehe-wu-mit-potenzial-959711644,959711644.html,2026-10-08 23:46:09
1182486991,Willhaben Ad 1182486991,1020 (2. Leopoldstadt),elado,https://www.willhaben.at/iad/immobilien/d/gewerbeimmobilien-kaufen/wien/wien-1020-leopoldstadt/mittelzinshaus-in-1020-wien-mit-potenzial-1182486991,1182486991.html,2026-10-08 23:46:12
2061385845,Willhaben Ad 2061385845,1020 (2. Leopoldstadt),elado,https://www.willhaben.at/iad/immobilien/d/eigentumswohnung/wien/wien-1020-leopoldstadt/-attraktive-1-zimmer-wohnung-in-augartennaehe-2061385845,2061385845.html,2026-10-08 23:46:18
1566088114,Willhaben Ad 1566088114,1020 (2. Leopoldstadt),elado,https://www.willhaben.at/iad/immobilien/d/eigentumswohnung/wien/wien-1020-leopoldstadt/schnaeppchenalarm-2-zimmer-wohnung-am-handelskai-inkl-tiefgaragenplatz-u1-donauinsel-wu-naehe-1566088114,1566088114.html,2026-10-08 23:46:20
2105566727,Willhaben Ad 2105566727,1020 (2. Leopoldstadt),elado,https://www.willhaben.at/iad/immobilien/d/eigentumswohnung/wien/wien-1020-leopoldstadt/-das-artmann-urban-am-fluss-beim-park-2105566727,2105566727.html,2026-10-08 23:46:27
657434057,Willhaben Ad 657434057,1020 (2. Leopoldstadt),elado,https://www.willhaben.at/iad/immobilien/d/eigentumswohnung/wien/wien-1020-leopoldstadt/die-letzte-penthouse-im-marina-tower-657434057,657434057.html,2026-10-08 23:46:31
1177623802,Willhaben Ad 1177623802,1020 (2. Leopoldstadt),elado,https://www.willhaben.at/iad/immobilien/d/eigentumswohnung/wien/wien-1020-leopoldstadt/ruhige-oase-mitten-in-leopoldstadt-2-zimmer-ca-66-5-m-donaukanal-naehe-1177623802,1177623802.html,2026-10-08 23:46:34
1693606254,Willhaben Ad 1693606254,1020 (2. Leopoldstadt),elado,https://www.willhaben.at/iad/immobilien/d/eigentumswohnung/wien/wien-1020-leopoldstadt/sanierungsbeduerftige-2-zimmer-altbauwohnung-im-erdgeschoss-volkertviertel-1020-wien-1693606254,1693606254.html,2026-10-08 23:46:40
1836477401,Willhaben Ad 1836477401,1020 (2. Leopoldstadt),elado,https://www.willhaben.at/iad/immobilien/d/eigentumswohnung/wien/wien-1020-leopoldstadt/ueber-den-daechern-wiens-ihr-dachgeschoss-projekt-auf-bis-zu-222-m-plus-116-m-dachterrassen-flaeche-1836477401,1836477401.html,2026-10-08 23:46:43
1319194792,Willhaben Ad 1319194792,1020 (2. Leopoldstadt),elado,https://www.willhaben.at/iad/immobilien/d/eigentumswohnung/wien/wien-1020-leopoldstadt/marina-tower-20-stock-wohnen-mit-weitblick-1319194792,1319194792.html,2026-10-08 23:46:46
1144258355,Willhaben Ad 1144258355,1020 (2. Leopoldstadt),elado,https://www.willhaben.at/iad/immobilien/d/eigentumswohnung/wien/wien-1020-leopoldstadt/komfortable-3-zimmer-wohnung-mit-genehmigtem-balkon-erstbezug-nahe-messe-wien-1144258355,1144258355.html,2026-10-08 23:46:50
1557627837,Willhaben Ad 1557627837,1020 (2. Leopoldstadt),elado,https://www.willhaben.at/iad/immobilien/d/eigentumswohnung/wien/wien-1020-leopoldstadt/top-ruhelage-hochwertig-sanierte-2-zimmer-wohnung-mit-genehmigtem-balkon-nahe-wu-und-messe-wien-1557627837,1557627837.html,2026-10-08 23:46:53
1492408482,Willhaben Ad 1492408482,1020 (2. Leopoldstadt),elado,https://www.willhaben.at/iad/immobilien/d/gewerbeimmobilien-kaufen/wien/wien-1020-leopoldstadt/3-7-rendite-anleger-zinshaus-in-u1-naehe-mit-ausgebautem-dachgeschoss-1492408482,1492408482.html,2026-10-08 23:46:57
550903670,Willhaben Ad 550903670,1020 (2. Leopoldstadt),elado,https://www.willhaben.at/iad/immobilien/d/eigentumswohnung/wien/wien-1020-leopoldstadt/wohnen-beim-gruenen-prater-ein-paradies-im-herbst-550903670,550903670.html,2026-10-08 23:47:06
1947236089,Willhaben Ad 1947236089,1020 (2. Leopoldstadt),elado,https://www.willhaben.at/iad/immobilien/d/eigentumswohnung/wien/wien-1020-leopoldstadt/exklusive-dachgeschosswohnung-ein-einzigartiges-masterpiece-an-design-1947236089,1947236089.html,2026-10-08 23:47:11
550896946,Willhaben Ad 550896946,1020 (2. Leopoldstadt),elado,https://www.willhaben.at/iad/immobilien/d/eigentumswohnung/wien/wien-1020-leopoldstadt/wohnen-beim-gruenen-prater-ein-paradies-im-herbst-550896946,550896946.html,2026-10-08 23:47:18
550896991,Willhaben Ad 550896991,1020 (2. Leopoldstadt),elado,https://www.willhaben.at/iad/immobilien/d/eigentumswohnung/wien/wien-1020-leopoldstadt/wohnen-beim-gruenen-prater-ein-paradies-im-herbst-550896991,550896991.html,2026-10-08 23:47:21
1106966451,Willhaben Ad 1106966451,1020 (2. Leopoldstadt),elado,https://www.willhaben.at/iad/immobilien/d/eigentumswohnung/wien/wien-1020-leopoldstadt/exklusive-eckwohnung-auf-62-meter-hoehe-1106966451,1106966451.html,2026-10-08 23:47:31
1544580361,Willhaben Ad 1544580361,1020 (2. Leopoldstadt),elado,https://www.willhaben.at/iad/immobilien/d/eigentumswohnung/wien/wien-1020-leopoldstadt/5-nettorendite-im-marina-tower-1544580361,1544580361.html,2026-10-08 23:47:34
1133782596,Willhaben Ad 1133782596,1020 (2. Leopoldstadt),elado,https://www.willhaben.at/iad/immobilien/d/eigentumswohnung/wien/wien-1020-leopoldstadt/moeblierte-2-zimmer-wohnung-mit-4-9-nettorendite-1133782596,1133782596.html,2026-10-08 23:47:36
2115765542,Willhaben Ad 2115765542,1020 (2. Leopoldstadt),elado,https://www.willhaben.at/iad/immobilien/d/gewerbeimmobilien-kaufen/wien/wien-1020-leopoldstadt/grosses-geschaeftslokal-buero-praxis-in-der-nordbahnstrasse-2115765542,2115765542.html,2026-10-08 23:47:39
1089199462,Willhaben Ad 1089199462,1020 (2. Leopoldstadt),elado,https://www.willhaben.at/iad/immobilien/d/eigentumswohnung/wien/wien-1020-leopoldstadt/-an-der-schoenen-blauen-donau-1089199462,1089199462.html,2026-10-08 23:48:03
2030959945,Willhaben Ad 2030959945,1020 (2. Leopoldstadt),elado,https://www.willhaben.at/iad/immobilien/d/eigentumswohnung/wien/wien-1020-leopoldstadt/-2-x-2-zimmer-fuer-sanierer-2030959945,2030959945.html,2026-10-08 23:48:05
1168782506,Willhaben Ad 1168782506,1020 (2. Leopoldstadt),elado,https://www.willhaben.at/iad/immobilien/d/eigentumswohnung/wien/wien-1020-leopoldstadt/-bestandsfreie-2-zimmer-naehe-praterstern-1168782506,1168782506.html,2026-10-08 23:48:08
2120692509,Willhaben Ad 2120692509,1020 (2. Leopoldstadt),elado,https://www.willhaben.at/iad/immobilien/d/gewerbeimmobilien-kaufen/wien/wien-1020-leopoldstadt/-sanierungsjuwel-mit-charakter-machen-sie-mehr-daraus-2120692509,2120692509.html,2026-10-08 23:48:10
1905414094,Willhaben Ad 1905414094,1020 (2. Leopoldstadt),elado,https://www.willhaben.at/iad/immobilien/d/eigentumswohnung/wien/wien-1020-leopoldstadt/-2-zimmer-wohnung-naehe-praterstern-1905414094,1905414094.html,2026-10-08 23:48:13
2089497554,Willhaben Ad 2089497554,1020 (2. Leopoldstadt),elado,https://www.willhaben.at/iad/immobilien/d/haus-kaufen/wien/wien-1020-leopoldstadt/kleingarten-juwel-ganzjaehriges-wohnen-auf-eigengrund-im-kgv-sonnenschein-2089497554,2089497554.html,2026-10-08 23:48:29
1369879313,Willhaben Ad 1369879313,Wien,elado,https://www.willhaben.at/iad/immobilien/d/sonstige/sonstige/garagenplatz-leopoldine-schlingergasse-1-1369879313,1369879313.html,2026-10-08 23:48:35
1763843130,Willhaben Ad 1763843130,Wien,elado,https://www.willhaben.at/iad/immobilien/d/sonstige/sonstige/sanierter-keller-beim-karmelitermarkt-als-lager-1763843130,1763843130.html,2026-10-08 23:48:53
