listing_id,cim_query,geokodolt_lat,geokodolt_lon,geokodolas_pontossag,geokodolt_cim,geokodolas_szolgaltato,felhasznalt_hazszam,varosresz_geokodolt
26858550,"26 Maglódi út, 1106 Budapest",47.4779457,19.1666384,hazszam,"Kőbányai Bazár, 26, Maglódi út, Téglagyárdűlő, X. kerület, Budapest, 1108, Magyarország",nominatim/photon,26.0,Téglagyárdűlő
27963086,"Jászberényi út 47/c, 1106 Budapest",47.4892535,19.1658666,utca,"Jászberényi út, Felsőrákos, X. kerület, Budapest, 1106, Magyarország",nominatim/photon,,Felsőrákos
30417301,"Kőbánya - Óhegy, 1103 Budapest",47.4820541,19.132346,utca,"Budapest-Kőbányai evangélikus templom, 14, Kápolna utca, Kőbánya Városközpont, Óhegy, X. kerület, Budapest, 1102, Magyarország",nominatim/photon,,Óhegy
31581870,"24-26 Jászberényi út, 1106 Budapest",47.4911,19.1484,hazszam,Hidra-Mix Kft.,nominatim/photon,24.0,Téglagyárdűlő
32387225,"Szövőszék utca, 1108 Budapest",47.4717638,19.1608977,utca,"Szövőszék utca, Újhegy, X. kerület, Budapest, 1108, Magyarország",nominatim/photon,,Újhegy
33054025,"Ligettelek, 1101 Budapest",47.493646,19.1300619,utca,"Ligettelek, X. kerület, Budapest, 1102, Magyarország",nominatim/photon,,Ligettelek
33126632,"Kada utca, 1106 Budapest",47.4818406,19.1572166,utca,"Kada utca, Óhegy, X. kerület, Budapest, 1106, Magyarország",nominatim/photon,,Óhegy
33192911,"21-25 Sörgyár utca, 1104 Budapest",47.4792065,19.1589801,hazszam_interpolalt,21 Sörgyár utca (legközelebbi házszám: 45),overpass,45.0,
33203915,"7 Nyerő utca, 1101 Budapest",47.4865647,19.1232269,hazszam,"7, Nyerő utca, Nagy-Pongrác telep, Laposdűlő, X. kerület, Budapest, 1101, Magyarország",nominatim/photon,7.0,Laposdűlő
33256485,"Kőér utca, 1103 Budapest",47.4675109,19.1270288,utca,"Kőér utca, Kúttó, X. kerület, Budapest, 1103, Magyarország",nominatim/photon,,Kúttó
33337965,"Népliget, 1101 Budapest",47.4787886,19.108735,utca,"Népliget, X. kerület, Budapest, 1101, Magyarország",nominatim/photon,,Népliget
33365461,"Maláta köz, 1105 Budapest",47.4904587,19.139691,utca,"Maláta köz, Kőbánya Városközpont, Óhegy, X. kerület, Budapest, 1105, Magyarország",nominatim/photon,,Óhegy
33434706,"Hungária körút, 1101 Budapest",47.4973698,19.1090927,utca,"Hungária körút, Laposdűlő, X. kerület, Budapest, 1101, Magyarország",nominatim/photon,,Laposdűlő
33465068,"Népliget, 1101 Budapest",47.4787886,19.108735,utca,"Népliget, X. kerület, Budapest, 1101, Magyarország",nominatim/photon,,Népliget
33501685,"Maglódi út, 1106 Budapest",47.4805817,19.1614707,utca,"Maglódi út, Téglagyárdűlő, X. kerület, Budapest, 1106, Magyarország",nominatim/photon,,Téglagyárdűlő
33545717,"Óhegy park, 1105 Budapest",47.4799033,19.1483045,utca,"Óhegy park, Dér utca, Óhegy, X. kerület, Budapest, 1105, Magyarország",nominatim/photon,,Óhegy
33558161,"Laposdűlő, 1101 Budapest",47.4927492,19.1144828,utca,"Laposdűlő, X. kerület, Budapest, 1101, Magyarország",nominatim/photon,,Laposdűlő
33591073,"Népligeti út, 1101 Budapest",47.4761044,19.1025891,utca,"Népligeti út, Népliget, X. kerület, Budapest, 1101, Magyarország",nominatim/photon,,Népliget
33747646,"68-80 Gyömrői út, 1103 Budapest",47.4724291,19.1387493,utca,"Gyömrői út, Külső Kőbánya, Óhegy, X. kerület, Budapest, 1103, Magyarország",nominatim/photon,,Óhegy
33750340,"Gyömrői út, 1103 Budapest",47.4724291,19.1387493,utca,"Gyömrői út, Külső Kőbánya, Óhegy, X. kerület, Budapest, 1103, Magyarország",nominatim/photon,,Óhegy
33750365,"Gyömrői út, 1103 Budapest",47.4724291,19.1387493,utca,"Gyömrői út, Külső Kőbánya, Óhegy, X. kerület, Budapest, 1103, Magyarország",nominatim/photon,,Óhegy
33811346,"Sibrik Miklós út, 1103 Budapest",47.4718864,19.1593724,utca,"Sibrik Miklós út, Óhegy, X. kerület, Budapest, 1103, Magyarország",nominatim/photon,,Óhegy
33820876,"Sibrik Miklós út, 1103 Budapest",47.4718864,19.1593724,utca,"Sibrik Miklós út, Óhegy, X. kerület, Budapest, 1103, Magyarország",nominatim/photon,,Óhegy
33822133,"Kőbánya - Óhegy, 1103 Budapest",47.4820541,19.132346,utca,"Budapest-Kőbányai evangélikus templom, 14, Kápolna utca, Kőbánya Városközpont, Óhegy, X. kerület, Budapest, 1102, Magyarország",nominatim/photon,,Óhegy
33843914,"Pesti határút, 1106 Budapest",47.4989481,19.1882839,utca,"Pesti határút, Felsőrákos, X. kerület, Budapest, 1106, Magyarország",nominatim/photon,,Felsőrákos
33844003,"Pesti határút, 1106 Budapest",47.4989481,19.1882839,utca,"Pesti határút, Felsőrákos, X. kerület, Budapest, 1106, Magyarország",nominatim/photon,,Felsőrákos
33874457,"Kőbánya - Óhegy, 1103 Budapest",47.4820541,19.132346,utca,"Budapest-Kőbányai evangélikus templom, 14, Kápolna utca, Kőbánya Városközpont, Óhegy, X. kerület, Budapest, 1102, Magyarország",nominatim/photon,,Óhegy
33887060,"Téglagyárdűlő, 1106 Budapest",47.4834581,19.1688594,utca,"Téglagyárdűlő, X. kerület, Budapest, Magyarország",nominatim/photon,,Téglagyárdűlő
33918876,"Kőbánya - Óhegy, 1103 Budapest",47.4820541,19.132346,utca,"Budapest-Kőbányai evangélikus templom, 14, Kápolna utca, Kőbánya Városközpont, Óhegy, X. kerület, Budapest, 1102, Magyarország",nominatim/photon,,Óhegy
33924093,"Kőbánya - Újhegy, 1108 Budapest",47.4691191,19.1617088,utca,"Éltes Mátyás Általános Iskola és Kollégium, 9-11, Újhegyi sétány, Újhegy, X. kerület, Budapest, 1108, Magyarország",nominatim/photon,,Újhegy
33934678,"Gyárdűlő, 1107 Budapest",47.4754656,19.1221648,utca,"Gyárdűlő, X. kerület, Budapest, 1107, Magyarország",nominatim/photon,,Gyárdűlő
33939524,"Hős utca 15/A, 1101 Budapest",47.4968511,19.112736,utca,"Hős utca, Laposdűlő, X. kerület, Budapest, 1101, Magyarország",nominatim/photon,,Laposdűlő
34046407,"Gyárdűlő, 1107 Budapest",47.4754656,19.1221648,utca,"Gyárdűlő, X. kerület, Budapest, 1107, Magyarország",nominatim/photon,,Gyárdűlő
34084830,"7 Tavas utca, 1108 Budapest",47.4684924,19.1651884,hazszam,"Tóparti Lakópartk, 7, Tavas utca, Újhegy, X. kerület, Budapest, 1108, Magyarország",nominatim/photon,7.0,Újhegy
34085875,"7 Tavas utca, 1108 Budapest",47.4684924,19.1651884,hazszam,"Tóparti Lakópartk, 7, Tavas utca, Újhegy, X. kerület, Budapest, 1108, Magyarország",nominatim/photon,7.0,Újhegy
34103639,"Kőbánya - Óhegy, 1103 Budapest",47.4820541,19.132346,utca,"Budapest-Kőbányai evangélikus templom, 14, Kápolna utca, Kőbánya Városközpont, Óhegy, X. kerület, Budapest, 1102, Magyarország",nominatim/photon,,Óhegy
34127494,"Népliget, 1101 Budapest",47.4787886,19.108735,utca,"Népliget, X. kerület, Budapest, 1101, Magyarország",nominatim/photon,,Népliget
34142874,"47 Maglódi út, 1106 Budapest",47.4828848,19.1554709,hazszam,"47, Maglódi út, Óhegy, X. kerület, Budapest, 1106, Magyarország",nominatim/photon,47.0,Óhegy
34150385,"47 Maglódi út, 1106 Budapest",47.4828848,19.1554709,hazszam,"47, Maglódi út, Óhegy, X. kerület, Budapest, 1106, Magyarország",nominatim/photon,47.0,Óhegy
34150529,"47 Maglódi út, 1106 Budapest",47.4828848,19.1554709,hazszam,"47, Maglódi út, Óhegy, X. kerület, Budapest, 1106, Magyarország",nominatim/photon,47.0,Óhegy
34159451,"Dömsödi utca, 1106 Budapest",47.5046612,19.1661624,utca,"Dömsödi utca, Felsőrákos, X. kerület, Budapest, 1106, Magyarország",nominatim/photon,,Felsőrákos
34174448,"68-80 Gyömrői út, 1103 Budapest",47.4724291,19.1387493,utca,"Gyömrői út, Külső Kőbánya, Óhegy, X. kerület, Budapest, 1103, Magyarország",nominatim/photon,,Óhegy
34177664,"Sárga rózsa utca, 1106 Budapest",,,nincs,,,,
34187965,"Kőbánya - Óhegy, 1103 Budapest",47.4820541,19.132346,utca,"Budapest-Kőbányai evangélikus templom, 14, Kápolna utca, Kőbánya Városközpont, Óhegy, X. kerület, Budapest, 1102, Magyarország",nominatim/photon,,Óhegy
34196823,"14 Fertő utca, 1107 Budapest",47.4741076,19.1219638,hazszam,"Redavill villamossági szaküzlet, 14, Fertő utca, Gyárdűlő, X. kerület, Budapest, 1107, Magyarország",nominatim/photon,14.0,Gyárdűlő
34229223,"Cserkesz utca, 1105 Budapest",47.4779712,19.1342686,utca,"Cserkesz utca, Kőbánya Városközpont, Óhegy, X. kerület, Budapest, 1105, Magyarország",nominatim/photon,,Óhegy
34255348,"Cserkesz utca, 1105 Budapest",47.4779712,19.1342686,utca,"Cserkesz utca, Kőbánya Városközpont, Óhegy, X. kerület, Budapest, 1105, Magyarország",nominatim/photon,,Óhegy
34269253,"Kőbánya - Óhegy, 1103 Budapest",47.4820541,19.132346,utca,"Budapest-Kőbányai evangélikus templom, 14, Kápolna utca, Kőbánya Városközpont, Óhegy, X. kerület, Budapest, 1102, Magyarország",nominatim/photon,,Óhegy
34272895,"16 Szállás utca, 1107 Budapest",47.4769664,19.1275136,hazszam,"16/B, Szállás utca, Monori Center Chinatown, Gyárdűlő, X. kerület, Budapest, 1107, Magyarország",nominatim/photon,16.0,Gyárdűlő
34283817,"Gyógyszergyári utca, 1106 Budapest",47.4977993,19.1441204,utca,"Gyógyszergyári utca, Gyakorló utcai lakótelep, Felsőrákos, X. kerület, Budapest, 1106, Magyarország",nominatim/photon,,Felsőrákos
34283864,"Gyógyszergyári utca, 1106 Budapest",47.4977993,19.1441204,utca,"Gyógyszergyári utca, Gyakorló utcai lakótelep, Felsőrákos, X. kerület, Budapest, 1106, Magyarország",nominatim/photon,,Felsőrákos
34283870,"Gyógyszergyári utca, 1106 Budapest",47.4977993,19.1441204,utca,"Gyógyszergyári utca, Gyakorló utcai lakótelep, Felsőrákos, X. kerület, Budapest, 1106, Magyarország",nominatim/photon,,Felsőrákos
34283877,"Gyógyszergyári utca, 1106 Budapest",47.4977993,19.1441204,utca,"Gyógyszergyári utca, Gyakorló utcai lakótelep, Felsőrákos, X. kerület, Budapest, 1106, Magyarország",nominatim/photon,,Felsőrákos
34283891,"Gyógyszergyári utca, 1106 Budapest",47.4977993,19.1441204,utca,"Gyógyszergyári utca, Gyakorló utcai lakótelep, Felsőrákos, X. kerület, Budapest, 1106, Magyarország",nominatim/photon,,Felsőrákos
34283898,"Gyógyszergyári utca, 1106 Budapest",47.4977993,19.1441204,utca,"Gyógyszergyári utca, Gyakorló utcai lakótelep, Felsőrákos, X. kerület, Budapest, 1106, Magyarország",nominatim/photon,,Felsőrákos
34284578,"Kőbánya - Óhegy, 1103 Budapest",47.4820541,19.132346,utca,"Budapest-Kőbányai evangélikus templom, 14, Kápolna utca, Kőbánya Városközpont, Óhegy, X. kerület, Budapest, 1102, Magyarország",nominatim/photon,,Óhegy
34284794,"Gyógyszergyári utca, 1106 Budapest",47.4977993,19.1441204,utca,"Gyógyszergyári utca, Gyakorló utcai lakótelep, Felsőrákos, X. kerület, Budapest, 1106, Magyarország",nominatim/photon,,Felsőrákos
34284795,"Gyógyszergyári utca, 1106 Budapest",47.4977993,19.1441204,utca,"Gyógyszergyári utca, Gyakorló utcai lakótelep, Felsőrákos, X. kerület, Budapest, 1106, Magyarország",nominatim/photon,,Felsőrákos
34284799,"Gyógyszergyári utca, 1106 Budapest",47.4977993,19.1441204,utca,"Gyógyszergyári utca, Gyakorló utcai lakótelep, Felsőrákos, X. kerület, Budapest, 1106, Magyarország",nominatim/photon,,Felsőrákos
34284807,"Gyógyszergyári utca, 1106 Budapest",47.4977993,19.1441204,utca,"Gyógyszergyári utca, Gyakorló utcai lakótelep, Felsőrákos, X. kerület, Budapest, 1106, Magyarország",nominatim/photon,,Felsőrákos
34298917,"Füzér utca, 1102 Budapest",47.4885312,19.1271594,utca,"Füzér utca, Ligettelek, X. kerület, Budapest, 1102, Magyarország",nominatim/photon,,Ligettelek
34331542,"Kőbánya - Óhegy, 1103 Budapest",47.4820541,19.132346,utca,"Budapest-Kőbányai evangélikus templom, 14, Kápolna utca, Kőbánya Városközpont, Óhegy, X. kerület, Budapest, 1102, Magyarország",nominatim/photon,,Óhegy
34376861,"Népligeti út, 1101 Budapest",47.4761044,19.1025891,utca,"Népligeti út, Népliget, X. kerület, Budapest, 1101, Magyarország",nominatim/photon,,Népliget
34379483,"Kocka utca, 1106 Budapest",47.483938,19.1543,utca,"Kocka utca, Óhegy, X. kerület, Budapest, 1106, Magyarország",nominatim/photon,,Óhegy
34382166,"Téglagyárdűlő, 1106 Budapest",47.4834581,19.1688594,utca,"Téglagyárdűlő, X. kerület, Budapest, Magyarország",nominatim/photon,,Téglagyárdűlő
34407865,"Felsőrákos, 1106 Budapest",47.4953772,19.1746318,utca,"Felsőrákos, X. kerület, Budapest, 1106, Magyarország",nominatim/photon,,Felsőrákos
34418435,"Harmat utca 23/a, 1104 Budapest",47.4755161,19.1567075,utca,"Harmat utca, Óhegyi lakótelep, Külső Kőbánya, Óhegy, X. kerület, Budapest, 1104, Magyarország",nominatim/photon,,Óhegy
34422206,"Petrőczy utca, 1103 Budapest",47.4775107,19.1425461,utca,"Petrőczy utca, Óhegyi lakótelep, Külső Kőbánya, Óhegy, X. kerület, Budapest, 1103, Magyarország",nominatim/photon,,Óhegy
34477061,"Örs vezér tere 25/A, 1106 Budapest",47.5028861,19.1402002,utca,"CCC, 25/A, Örs vezér tere, Örs vezér téri lakótelep, Rákosfalva, XIV. kerület, Budapest, 1106, Magyarország",nominatim/photon,,Rákosfalva
34495766,"Téglagyárdűlő, 1106 Budapest",47.4834581,19.1688594,utca,"Téglagyárdűlő, X. kerület, Budapest, Magyarország",nominatim/photon,,Téglagyárdűlő
34495878,"Gyömrői út, 1103 Budapest",47.4724291,19.1387493,utca,"Gyömrői út, Külső Kőbánya, Óhegy, X. kerület, Budapest, 1103, Magyarország",nominatim/photon,,Óhegy
34496938,"Kőbánya - Újhegy, 1108 Budapest",47.4691191,19.1617088,utca,"Éltes Mátyás Általános Iskola és Kollégium, 9-11, Újhegyi sétány, Újhegy, X. kerület, Budapest, 1108, Magyarország",nominatim/photon,,Újhegy
34500511,"25b Cserkesz utca, 1105 Budapest",47.4790539,19.1326268,hazszam,"25/B, Cserkesz utca, Kőbánya Városközpont, Óhegy, X. kerület, Budapest, 1105, Magyarország",nominatim/photon,25.0,Óhegy
34540479,"Sörgyár utca, 1104 Budapest",47.4800806,19.1572796,utca,"Sörgyár utca, Óhegy, X. kerület, Budapest, 1104, Magyarország",nominatim/photon,,Óhegy
34540665,"Kápolna tér, 1103 Budapest",47.4809415,19.1379168,utca,"Kápolna tér, Kőbánya Városközpont, Óhegy, X. kerület, Budapest, 1105, Magyarország",nominatim/photon,,Óhegy
34540692,"Kápolna tér, 1103 Budapest",47.4809415,19.1379168,utca,"Kápolna tér, Kőbánya Városközpont, Óhegy, X. kerület, Budapest, 1105, Magyarország",nominatim/photon,,Óhegy
34581941,"Kőrösi Csoma sétány, 1102 Budapest",47.4836523,19.1295197,utca,"Kőrösi Csoma sétány, Ligettelek, X. kerület, Budapest, 1102, Magyarország",nominatim/photon,,Ligettelek
34582051,"Liget utca, 1102 Budapest",47.4880311,19.1300336,utca,"Liget utca, Ligettelek, X. kerület, Budapest, 1102, Magyarország",nominatim/photon,,Ligettelek
34600789,"Petrőczy utca, 1103 Budapest",47.4775107,19.1425461,utca,"Petrőczy utca, Óhegyi lakótelep, Külső Kőbánya, Óhegy, X. kerület, Budapest, 1103, Magyarország",nominatim/photon,,Óhegy
34606225,"43 Kőbányai út, 1101 Budapest",47.4848079,19.1128664,hazszam,"Aries Fitness, 43/C, Kőbányai út, Taraliget lakópark, Népliget, X. kerület, Budapest, 1101, Magyarország",nominatim/photon,43.0,Népliget
34615707,"44 Szacsvay köz, 1103 Budapest",47.4778196,19.1397237,hazszam,,nominatim/photon,44.0,Óhegy
34620084,"202 Keresztúri út, 1106 Budapest",47.5039585,19.1527157,utca,"Keresztúri út, Felsőrákos, X. kerület, Budapest, 1106, Magyarország",nominatim/photon,,Felsőrákos
34620799,"Gyakorló utca, 1106 Budapest",47.5018325,19.1436801,utca,"Gyakorló utca, Gyakorló utcai lakótelep, Felsőrákos, X. kerület, Budapest, 1106, Magyarország",nominatim/photon,,Felsőrákos
34624715,"Felsőrákos, 1106 Budapest",47.4953772,19.1746318,utca,"Felsőrákos, X. kerület, Budapest, 1106, Magyarország",nominatim/photon,,Felsőrákos
34638075,"Kőbánya - Óhegy, 1103 Budapest",47.4820541,19.132346,utca,"Budapest-Kőbányai evangélikus templom, 14, Kápolna utca, Kőbánya Városközpont, Óhegy, X. kerület, Budapest, 1102, Magyarország",nominatim/photon,,Óhegy
34641465,"Ónodi utca, 1102 Budapest",47.4901782,19.1336547,utca,"Ónodi utca, Ligettelek, X. kerület, Budapest, 1102, Magyarország",nominatim/photon,,Ligettelek
34647407,"24 Szent László tér, 1105 Budapest",47.4877067,19.1313394,hazszam,"24, Szent László tér, Ligettelek, X. kerület, Budapest, 1102, Magyarország",nominatim/photon,24.0,Ligettelek
34647821,"6 Maglódi út, 1106 Budapest",47.4835866,19.1573813,utca,"Maglódi út, Téglagyárdűlő, X. kerület, Budapest, 1106, Magyarország",nominatim/photon,,Téglagyárdűlő
34650820,"Felsőrákos, 1106 Budapest",47.4953772,19.1746318,utca,"Felsőrákos, X. kerület, Budapest, 1106, Magyarország",nominatim/photon,,Felsőrákos
34656775,"Felsőrákos, 1106 Budapest",47.4953772,19.1746318,utca,"Felsőrákos, X. kerület, Budapest, 1106, Magyarország",nominatim/photon,,Felsőrákos
34658023,"Gyakorló utca, 1106 Budapest",47.5018325,19.1436801,utca,"Gyakorló utca, Gyakorló utcai lakótelep, Felsőrákos, X. kerület, Budapest, 1106, Magyarország",nominatim/photon,,Felsőrákos
34681707,"Ónodi utca, 1102 Budapest",47.4901782,19.1336547,utca,"Ónodi utca, Ligettelek, X. kerület, Budapest, 1102, Magyarország",nominatim/photon,,Ligettelek
34689555,"Ónodi utca, 1102 Budapest",47.4901782,19.1336547,utca,"Ónodi utca, Ligettelek, X. kerület, Budapest, 1102, Magyarország",nominatim/photon,,Ligettelek
34694265,"Állomás utca, 1102 Budapest",47.4851686,19.1286185,utca,"Állomás utca, Ligettelek, X. kerület, Budapest, 1102, Magyarország",nominatim/photon,,Ligettelek
34701162,"Mádi köz, 1105 Budapest",47.4835116,19.1478448,utca,"Mádi köz, Óhegy, X. kerület, Budapest, 1105, Magyarország",nominatim/photon,,Óhegy
34705596,"Kőbánya - Újhegy, 1108 Budapest",47.4691191,19.1617088,utca,"Éltes Mátyás Általános Iskola és Kollégium, 9-11, Újhegyi sétány, Újhegy, X. kerület, Budapest, 1108, Magyarország",nominatim/photon,,Újhegy
34711189,"Szárnyas utca, 1107 Budapest",47.4677585,19.1212839,utca,"Szárnyas utca, Gyárdűlő, X. kerület, Budapest, 1107, Magyarország",nominatim/photon,,Gyárdűlő
34716449,"1 Fogadó utca A, 1107 Budapest",47.4720407,19.1186,hazszam,,nominatim/photon,1.0,Gyárdűlő
34725015,"Szent László tér, 1102 Budapest",47.4871947,19.1312907,utca,"Szent László tér, Ligettelek, X. kerület, Budapest, 1102, Magyarország",nominatim/photon,,Ligettelek
34730728,"1-3 Hungária körút, 1101 Budapest",47.488566,19.1096884,hazszam,"Utánfutó kölcsönzés, 1-3, Hungária körút, MÁV-telep, Laposdűlő, X. kerület, Budapest, 1101, Magyarország",nominatim/photon,1.0,Laposdűlő
34733464,"Felsőrákos, 1106 Budapest",47.4953772,19.1746318,utca,"Felsőrákos, X. kerület, Budapest, 1106, Magyarország",nominatim/photon,,Felsőrákos
34734042,"Gyógyszergyári utca, 1106 Budapest",47.4977993,19.1441204,utca,"Gyógyszergyári utca, Gyakorló utcai lakótelep, Felsőrákos, X. kerület, Budapest, 1106, Magyarország",nominatim/photon,,Felsőrákos
34737611,"Kőbánya - Óhegy, 1103 Budapest",47.4820541,19.132346,utca,"Budapest-Kőbányai evangélikus templom, 14, Kápolna utca, Kőbánya Városközpont, Óhegy, X. kerület, Budapest, 1102, Magyarország",nominatim/photon,,Óhegy
34737664,"Kőbánya - Óhegy, 1103 Budapest",47.4820541,19.132346,utca,"Budapest-Kőbányai evangélikus templom, 14, Kápolna utca, Kőbánya Városközpont, Óhegy, X. kerület, Budapest, 1102, Magyarország",nominatim/photon,,Óhegy
34737782,"Kőbánya - Óhegy, 1103 Budapest",47.4820541,19.132346,utca,"Budapest-Kőbányai evangélikus templom, 14, Kápolna utca, Kőbánya Városközpont, Óhegy, X. kerület, Budapest, 1102, Magyarország",nominatim/photon,,Óhegy
34737897,"Kőbánya - Óhegy, 1103 Budapest",47.4820541,19.132346,utca,"Budapest-Kőbányai evangélikus templom, 14, Kápolna utca, Kőbánya Városközpont, Óhegy, X. kerület, Budapest, 1102, Magyarország",nominatim/photon,,Óhegy
34752305,"47 Maglódi út, 1106 Budapest",47.4828848,19.1554709,hazszam,"47, Maglódi út, Óhegy, X. kerület, Budapest, 1106, Magyarország",nominatim/photon,47.0,Óhegy
34753811,"47 Maglódi út, 1106 Budapest",47.4828848,19.1554709,hazszam,"47, Maglódi út, Óhegy, X. kerület, Budapest, 1106, Magyarország",nominatim/photon,47.0,Óhegy
34757421,"Állomás utca, 1102 Budapest",47.4851686,19.1286185,utca,"Állomás utca, Ligettelek, X. kerület, Budapest, 1102, Magyarország",nominatim/photon,,Ligettelek
34759178,"Pilisi utca, 1106 Budapest",47.4961022,19.1737457,utca,"Pilisi utca, Felsőrákos, X. kerület, Budapest, 1106, Magyarország",nominatim/photon,,Felsőrákos
34763938,"Keresztúri út, 1106 Budapest",47.5008487,19.1535699,utca,"Keresztúri út, Felsőrákos, X. kerület, Budapest, 1106, Magyarország",nominatim/photon,,Felsőrákos
34764399,"Ligettelek, 1101 Budapest",47.493646,19.1300619,utca,"Ligettelek, X. kerület, Budapest, 1102, Magyarország",nominatim/photon,,Ligettelek
34765352,"47 Maglódi út, 1106 Budapest",47.4828848,19.1554709,hazszam,"47, Maglódi út, Óhegy, X. kerület, Budapest, 1106, Magyarország",nominatim/photon,47.0,Óhegy
34803922,"Gyógyszergyári utca, 1106 Budapest",47.4977993,19.1441204,utca,"Gyógyszergyári utca, Gyakorló utcai lakótelep, Felsőrákos, X. kerület, Budapest, 1106, Magyarország",nominatim/photon,,Felsőrákos
34803994,"Gyógyszergyári utca, 1106 Budapest",47.4977993,19.1441204,utca,"Gyógyszergyári utca, Gyakorló utcai lakótelep, Felsőrákos, X. kerület, Budapest, 1106, Magyarország",nominatim/photon,,Felsőrákos
34807593,"Kőbánya - Újhegy, 1108 Budapest",47.4691191,19.1617088,utca,"Éltes Mátyás Általános Iskola és Kollégium, 9-11, Újhegyi sétány, Újhegy, X. kerület, Budapest, 1108, Magyarország",nominatim/photon,,Újhegy
34814000,"Állomás utca 11.f.sz, 1102 Budapest",47.4848298,19.128726,utca,,nominatim/photon,,Ligettelek
34816029,"Gyógyszergyári utca, 1106 Budapest",47.4977993,19.1441204,utca,"Gyógyszergyári utca, Gyakorló utcai lakótelep, Felsőrákos, X. kerület, Budapest, 1106, Magyarország",nominatim/photon,,Felsőrákos
34826813,"Cserkesz utca, 1105 Budapest",47.4779712,19.1342686,utca,"Cserkesz utca, Kőbánya Városközpont, Óhegy, X. kerület, Budapest, 1105, Magyarország",nominatim/photon,,Óhegy
34836306,"Gyógyszergyári utca, 1106 Budapest",47.4977993,19.1441204,utca,"Gyógyszergyári utca, Gyakorló utcai lakótelep, Felsőrákos, X. kerület, Budapest, 1106, Magyarország",nominatim/photon,,Felsőrákos
34837342,"Ligettelek, 1101 Budapest",47.493646,19.1300619,utca,"Ligettelek, X. kerület, Budapest, 1102, Magyarország",nominatim/photon,,Ligettelek
34838697,"9 Martinovics tér, 1105 Budapest",47.4749535,19.1397378,hazszam,,nominatim/photon,9.0,Óhegy
34839670,"Gyógyszergyári utca, 1106 Budapest",47.4977993,19.1441204,utca,"Gyógyszergyári utca, Gyakorló utcai lakótelep, Felsőrákos, X. kerület, Budapest, 1106, Magyarország",nominatim/photon,,Felsőrákos
34841149,"Felsőrákos, 1106 Budapest",47.4953772,19.1746318,utca,"Felsőrákos, X. kerület, Budapest, 1106, Magyarország",nominatim/photon,,Felsőrákos
34847328,"Kőbánya-Városközpont, 1105 Budapest",47.482503,19.1307351,utca,"Kőbánya Városközpont, Óhegy, X. kerület, Budapest, 1102, Magyarország",nominatim/photon,,Óhegy
34849999,"Váltó utca, 1106 Budapest",47.5007387,19.1671959,utca,"Váltó utca, Felsőrákos, X. kerület, Budapest, 1106, Magyarország",nominatim/photon,,Felsőrákos
34850305,"Kőbánya - Óhegyi lakótelep, 1103 Budapest",47.4752666,19.1504781,utca,Óhegyi lakótelep,nominatim/photon,,Óhegy
34852211,"94 Gergely utca, 1103 Budapest",47.4725595,19.1473071,hazszam,"94/B, Gergely utca, Óhegyi lakótelep, Külső Kőbánya, Óhegy, X. kerület, Budapest, 1103, Magyarország",nominatim/photon,94.0,Óhegy
34858697,"12b Bihari utca, 1107 Budapest",47.4784236,19.1225936,hazszam,"12/b, Bihari utca, Monori Center Chinatown, Gyárdűlő, X. kerület, Budapest, 1107, Magyarország",nominatim/photon,12.0,Gyárdűlő
34861613,"Ligettelek, 1101 Budapest",47.493646,19.1300619,utca,"Ligettelek, X. kerület, Budapest, 1102, Magyarország",nominatim/photon,,Ligettelek
34866716,"Füzér utca, 1102 Budapest",47.4885312,19.1271594,utca,"Füzér utca, Ligettelek, X. kerület, Budapest, 1102, Magyarország",nominatim/photon,,Ligettelek
34868725,"Gyógyszergyári utca, 1106 Budapest",47.4977993,19.1441204,utca,"Gyógyszergyári utca, Gyakorló utcai lakótelep, Felsőrákos, X. kerület, Budapest, 1106, Magyarország",nominatim/photon,,Felsőrákos
34877843,"Bánya utca, 1102 Budapest",47.4895883,19.1313675,utca,"Bánya utca, Ligettelek, X. kerület, Budapest, 1102, Magyarország",nominatim/photon,,Ligettelek
34879477,"Gyógyszergyári utca, 1106 Budapest",47.4977993,19.1441204,utca,"Gyógyszergyári utca, Gyakorló utcai lakótelep, Felsőrákos, X. kerület, Budapest, 1106, Magyarország",nominatim/photon,,Felsőrákos
34879555,"Pongrácz út, 1101 Budapest",47.49842,19.1153039,utca,"Pongrácz út, Laposdűlő, X. kerület, Budapest, 1101, Magyarország",nominatim/photon,,Laposdűlő
34881899,"Rákosvölgyi utca, 1106 Budapest",47.4958867,19.164431,utca,"Rákosvölgyi utca, MÁV-telep, Felsőrákos, X. kerület, Budapest, 1106, Magyarország",nominatim/photon,,Felsőrákos
34883044,"Kápolna utca, 1103 Budapest",47.4812877,19.1359268,utca,"Kápolna utca, Kőbánya Városközpont, Óhegy, X. kerület, Budapest, 1105, Magyarország",nominatim/photon,,Óhegy
34885895,"31 Gyömrői út, 1103 Budapest",47.4724291,19.1387493,utca,"Gyömrői út, Külső Kőbánya, Óhegy, X. kerület, Budapest, 1103, Magyarország",nominatim/photon,,Óhegy
34888467,"148 Mádi utca, 1105 Budapest",47.4843904,19.149115,hazszam_interpolalt,148 Mádi utca (legközelebbi házszám: 64),overpass,64.0,
34901695,"39 Gyömrői út, 1103 Budapest",47.4724291,19.1387493,utca,"Gyömrői út, Külső Kőbánya, Óhegy, X. kerület, Budapest, 1103, Magyarország",nominatim/photon,,Óhegy
34904184,"Martinovics tér, 1105 Budapest",47.4810366,19.1345829,utca,"Martinovics tér, Kőbánya Városközpont, Óhegy, X. kerület, Budapest, 1105, Magyarország",nominatim/photon,,Óhegy
34908634,"Tavas utca, 1108 Budapest",47.4665382,19.1612076,utca,"Tavas utca, Újhegy, X. kerület, Budapest, 1108, Magyarország",nominatim/photon,,Újhegy
34909050,"Harmat utca, 1104 Budapest",47.4755161,19.1567075,utca,"Harmat utca, Óhegyi lakótelep, Külső Kőbánya, Óhegy, X. kerület, Budapest, 1104, Magyarország",nominatim/photon,,Óhegy
34913596,"Kőbánya - Újhegy, 1108 Budapest",47.4691191,19.1617088,utca,"Éltes Mátyás Általános Iskola és Kollégium, 9-11, Újhegyi sétány, Újhegy, X. kerület, Budapest, 1108, Magyarország",nominatim/photon,,Újhegy
34917635,"4 Tavas utca, 1108 Budapest",47.467506,19.1611736,hazszam,"4, Tavas utca, Újhegy, X. kerület, Budapest, 1108, Magyarország",nominatim/photon,4.0,Újhegy
34920144,"Kőbánya - Óhegy, 1103 Budapest",47.4820541,19.132346,utca,"Budapest-Kőbányai evangélikus templom, 14, Kápolna utca, Kőbánya Városközpont, Óhegy, X. kerület, Budapest, 1102, Magyarország",nominatim/photon,,Óhegy
34946499,"Maglódi út, 1106 Budapest",47.4805817,19.1614707,utca,"Maglódi út, Téglagyárdűlő, X. kerület, Budapest, 1106, Magyarország",nominatim/photon,,Téglagyárdűlő
34952320,"Alkér utca, 1104 Budapest",47.4771294,19.1467211,utca,"Alkér utca, Óhegyi lakótelep, Külső Kőbánya, Óhegy, X. kerület, Budapest, 1104, Magyarország",nominatim/photon,,Óhegy
34952643,"Gyógyszergyári utca, 1106 Budapest",47.4977993,19.1441204,utca,"Gyógyszergyári utca, Gyakorló utcai lakótelep, Felsőrákos, X. kerület, Budapest, 1106, Magyarország",nominatim/photon,,Felsőrákos
34952778,"Gyógyszergyári utca, 1106 Budapest",47.4977993,19.1441204,utca,"Gyógyszergyári utca, Gyakorló utcai lakótelep, Felsőrákos, X. kerület, Budapest, 1106, Magyarország",nominatim/photon,,Felsőrákos
34955182,"Gyógyszergyári utca, 1106 Budapest",47.4977993,19.1441204,utca,"Gyógyszergyári utca, Gyakorló utcai lakótelep, Felsőrákos, X. kerület, Budapest, 1106, Magyarország",nominatim/photon,,Felsőrákos
34955206,"Gyógyszergyári utca, 1106 Budapest",47.4977993,19.1441204,utca,"Gyógyszergyári utca, Gyakorló utcai lakótelep, Felsőrákos, X. kerület, Budapest, 1106, Magyarország",nominatim/photon,,Felsőrákos
34963213,"Füzér utca, 1102 Budapest",47.4885312,19.1271594,utca,"Füzér utca, Ligettelek, X. kerület, Budapest, 1102, Magyarország",nominatim/photon,,Ligettelek
34971479,"Lenfonó utca, 1108 Budapest",47.4712382,19.1593693,utca,"Lenfonó utca, Újhegy, X. kerület, Budapest, 1108, Magyarország",nominatim/photon,,Újhegy
34980261,"Népliget, 1101 Budapest",47.4787886,19.108735,utca,"Népliget, X. kerület, Budapest, 1101, Magyarország",nominatim/photon,,Népliget
34985186,"Kápolna utca, 1102 Budapest",47.4820688,19.1314417,utca,"Kápolna utca, Kőbánya Városközpont, Óhegy, X. kerület, Budapest, 1102, Magyarország",nominatim/photon,,Óhegy
34988259,"3/19 Vasláb utca, 1101 Budapest",47.4855689,19.1241277,hazszam,,nominatim/photon,3.0,Laposdűlő
35006165,"Kőbánya - Óhegy, 1103 Budapest",47.4820541,19.132346,utca,"Budapest-Kőbányai evangélikus templom, 14, Kápolna utca, Kőbánya Városközpont, Óhegy, X. kerület, Budapest, 1102, Magyarország",nominatim/photon,,Óhegy
35009760,"Márga utca, 1103 Budapest",47.4776143,19.1414884,utca,"Márga utca, Külső Kőbánya, Óhegy, X. kerület, Budapest, 1103, Magyarország",nominatim/photon,,Óhegy
35010892,"Ligettelek, 1101 Budapest",47.493646,19.1300619,utca,"Ligettelek, X. kerület, Budapest, 1102, Magyarország",nominatim/photon,,Ligettelek
35011615,"Szlávy utca, 1103 Budapest",47.4766599,19.1431066,utca,"Szlávy utca, Óhegyi lakótelep, Külső Kőbánya, Óhegy, X. kerület, Budapest, 1103, Magyarország",nominatim/photon,,Óhegy
35012388,"Szárnyas utca, 1107 Budapest",47.4677585,19.1212839,utca,"Szárnyas utca, Gyárdűlő, X. kerület, Budapest, 1107, Magyarország",nominatim/photon,,Gyárdűlő
35014903,"Kőbánya - Óhegy, 1103 Budapest",47.4820541,19.132346,utca,"Budapest-Kőbányai evangélikus templom, 14, Kápolna utca, Kőbánya Városközpont, Óhegy, X. kerület, Budapest, 1102, Magyarország",nominatim/photon,,Óhegy
35015025,"Kőbánya - Óhegy, 1103 Budapest",47.4820541,19.132346,utca,"Budapest-Kőbányai evangélikus templom, 14, Kápolna utca, Kőbánya Városközpont, Óhegy, X. kerület, Budapest, 1102, Magyarország",nominatim/photon,,Óhegy
35016598,"Gyárdűlő, 1107 Budapest",47.4754656,19.1221648,utca,"Gyárdűlő, X. kerület, Budapest, 1107, Magyarország",nominatim/photon,,Gyárdűlő
35018466,"Gyógyszergyári utca, 1106 Budapest",47.4977993,19.1441204,utca,"Gyógyszergyári utca, Gyakorló utcai lakótelep, Felsőrákos, X. kerület, Budapest, 1106, Magyarország",nominatim/photon,,Felsőrákos
35019839,"Lavotta utca, 1104 Budapest",47.479094,19.1612765,utca,"Lavotta utca, Óhegy, X. kerület, Budapest, 1104, Magyarország",nominatim/photon,,Óhegy
35022325,"Kővágó utca, 1108 Budapest",47.4727328,19.1633848,utca,"Kővágó utca, Újhegy, X. kerület, Budapest, 1108, Magyarország",nominatim/photon,,Újhegy
35028533,"Kismartoni út, 1101 Budapest",47.4826617,19.1159951,utca,"Kismartoni út, Taraliget lakópark, Népliget, X. kerület, Budapest, 1101, Magyarország",nominatim/photon,,Népliget
35028999,"Kőbánya - Óhegy, 1103 Budapest",47.4820541,19.132346,utca,"Budapest-Kőbányai evangélikus templom, 14, Kápolna utca, Kőbánya Városközpont, Óhegy, X. kerület, Budapest, 1102, Magyarország",nominatim/photon,,Óhegy
35033656,"2 Szövőszék utca, 1108 Budapest",47.4719887,19.1602602,hazszam,"2, Szövőszék utca, Újhegy, X. kerület, Budapest, 1108, Magyarország",nominatim/photon,2.0,Újhegy
35035943,"9 Martinovics tér, 1105 Budapest",47.4749535,19.1397378,hazszam,,nominatim/photon,9.0,Óhegy
35035988,"9 Martinovics tér, 1105 Budapest",47.4749535,19.1397378,hazszam,,nominatim/photon,9.0,Óhegy
35037614,"Kőrösi Csoma sétány, 1102 Budapest",47.4836523,19.1295197,utca,"Kőrösi Csoma sétány, Ligettelek, X. kerület, Budapest, 1102, Magyarország",nominatim/photon,,Ligettelek
35040008,"Martinovics tér, 1105 Budapest",47.4810366,19.1345829,utca,"Martinovics tér, Kőbánya Városközpont, Óhegy, X. kerület, Budapest, 1105, Magyarország",nominatim/photon,,Óhegy
35044014,"Kápolna utca, 1102 Budapest",47.4820688,19.1314417,utca,"Kápolna utca, Kőbánya Városközpont, Óhegy, X. kerület, Budapest, 1102, Magyarország",nominatim/photon,,Óhegy
35044912,"Kőbánya-Városközpont, 1105 Budapest",47.482503,19.1307351,utca,"Kőbánya Városközpont, Óhegy, X. kerület, Budapest, 1102, Magyarország",nominatim/photon,,Óhegy
35049323,"47 Maglódi út, 1106 Budapest",47.4828848,19.1554709,hazszam,"47, Maglódi út, Óhegy, X. kerület, Budapest, 1106, Magyarország",nominatim/photon,47.0,Óhegy
35049525,"47 Maglódi út, 1106 Budapest",47.4828848,19.1554709,hazszam,"47, Maglódi út, Óhegy, X. kerület, Budapest, 1106, Magyarország",nominatim/photon,47.0,Óhegy
35054443,"Gergely utca, 1103 Budapest",47.4766075,19.1399217,utca,"Gergely utca, Óhegyi lakótelep, Külső Kőbánya, Óhegy, X. kerület, Budapest, 1103, Magyarország",nominatim/photon,,Óhegy
35055197,"Kőbánya - Óhegy, 1103 Budapest",47.4820541,19.132346,utca,"Budapest-Kőbányai evangélikus templom, 14, Kápolna utca, Kőbánya Városközpont, Óhegy, X. kerület, Budapest, 1102, Magyarország",nominatim/photon,,Óhegy
35067507,"Kőbánya - Óhegy, 1103 Budapest",47.4820541,19.132346,utca,"Budapest-Kőbányai evangélikus templom, 14, Kápolna utca, Kőbánya Városközpont, Óhegy, X. kerület, Budapest, 1102, Magyarország",nominatim/photon,,Óhegy
35068026,"Kolozsvári utca, 1102 Budapest",47.4899738,19.1278981,utca,"Kolozsvári utca, Ligettelek, X. kerület, Budapest, 1102, Magyarország",nominatim/photon,,Ligettelek
35074537,"Téglagyárdűlő, 1106 Budapest",47.4834581,19.1688594,utca,"Téglagyárdűlő, X. kerület, Budapest, Magyarország",nominatim/photon,,Téglagyárdűlő
35074580,"Felsőrákos, 1106 Budapest",47.4953772,19.1746318,utca,"Felsőrákos, X. kerület, Budapest, 1106, Magyarország",nominatim/photon,,Felsőrákos
35074693,"Kőbánya - Újhegy, 1108 Budapest",47.4691191,19.1617088,utca,"Éltes Mátyás Általános Iskola és Kollégium, 9-11, Újhegyi sétány, Újhegy, X. kerület, Budapest, 1108, Magyarország",nominatim/photon,,Újhegy
35077112,"Kővágó utca, 1108 Budapest",47.4727328,19.1633848,utca,"Kővágó utca, Újhegy, X. kerület, Budapest, 1108, Magyarország",nominatim/photon,,Újhegy
35078338,"1 Kápolna utca, 1102 Budapest",47.4818759,19.1290416,hazszam,"1, Kápolna utca, Kőbánya Városközpont, Óhegy, X. kerület, Budapest, 1105, Magyarország",nominatim/photon,1.0,Óhegy
35079748,"Kőbánya - Óhegy, 1103 Budapest",47.4820541,19.132346,utca,"Budapest-Kőbányai evangélikus templom, 14, Kápolna utca, Kőbánya Városközpont, Óhegy, X. kerület, Budapest, 1102, Magyarország",nominatim/photon,,Óhegy
35079801,"Felsőrákos, 1106 Budapest",47.4953772,19.1746318,utca,"Felsőrákos, X. kerület, Budapest, 1106, Magyarország",nominatim/photon,,Felsőrákos
35080516,"Újhegyi út 18/b, 1108 Budapest",47.4716739,19.1760406,utca,"Újhegyi út, Keresztúridűlő, X. kerület, Budapest, 1108, Magyarország",nominatim/photon,,Keresztúridűlő
35080604,"Újhegyi út 18/a, 1108 Budapest",47.4697455,19.1723365,utca,"Újhegyi út, Újhegy, X. kerület, Budapest, 1108, Magyarország",nominatim/photon,,Újhegy
35081028,"Kőbánya-Városközpont, 1105 Budapest",47.482503,19.1307351,utca,"Kőbánya Városközpont, Óhegy, X. kerület, Budapest, 1102, Magyarország",nominatim/photon,,Óhegy
35082248,"18 Gergely utca, 1103 Budapest",47.4790261,19.1362379,hazszam,"ink4.hu Kft., 18, Gergely utca, Óhegyi lakótelep, Külső Kőbánya, Óhegy, X. kerület, Budapest, 1105, Magyarország",nominatim/photon,18.0,Óhegy
35088325,"9 Martinovics tér, 1105 Budapest",47.4749535,19.1397378,hazszam,,nominatim/photon,9.0,Óhegy
35089150,"Újhegyi út 18/b, 1108 Budapest",47.4716739,19.1760406,utca,"Újhegyi út, Keresztúridűlő, X. kerület, Budapest, 1108, Magyarország",nominatim/photon,,Keresztúridűlő
35093122,"Román utca, 1105 Budapest",47.4813335,19.1318093,utca,"Román utca, Kőbánya Városközpont, Óhegy, X. kerület, Budapest, 1105, Magyarország",nominatim/photon,,Óhegy
35095347,"Dorogi utca, 1106 Budapest",47.4990943,19.1738817,utca,"Dorogi utca, Felsőrákos, X. kerület, Budapest, 1106, Magyarország",nominatim/photon,,Felsőrákos
35095587,"Sörgyár utca, 1104 Budapest",47.4800806,19.1572796,utca,"Sörgyár utca, Óhegy, X. kerület, Budapest, 1104, Magyarország",nominatim/photon,,Óhegy
35095597,"Sörgyár utca, 1104 Budapest",47.4800806,19.1572796,utca,"Sörgyár utca, Óhegy, X. kerület, Budapest, 1104, Magyarország",nominatim/photon,,Óhegy
35095607,"Sörgyár utca, 1104 Budapest",47.4800806,19.1572796,utca,"Sörgyár utca, Óhegy, X. kerület, Budapest, 1104, Magyarország",nominatim/photon,,Óhegy
35095616,"Sörgyár utca, 1104 Budapest",47.4800806,19.1572796,utca,"Sörgyár utca, Óhegy, X. kerület, Budapest, 1104, Magyarország",nominatim/photon,,Óhegy
35107288,"Szövőszék utca, 1108 Budapest",47.4717638,19.1608977,utca,"Szövőszék utca, Újhegy, X. kerület, Budapest, 1108, Magyarország",nominatim/photon,,Újhegy
35108183,"Kőbánya - Óhegy, 1103 Budapest",47.4820541,19.132346,utca,"Budapest-Kőbányai evangélikus templom, 14, Kápolna utca, Kőbánya Városközpont, Óhegy, X. kerület, Budapest, 1102, Magyarország",nominatim/photon,,Óhegy
35108524,"Gyógyszergyári utca, 1106 Budapest",47.4977993,19.1441204,utca,"Gyógyszergyári utca, Gyakorló utcai lakótelep, Felsőrákos, X. kerület, Budapest, 1106, Magyarország",nominatim/photon,,Felsőrákos
35112466,"9 Martinovics tér, 1105 Budapest",47.4749535,19.1397378,hazszam,,nominatim/photon,9.0,Óhegy
35117877,"5-7 Hungária körút, 1101 Budapest",47.4921691,19.1116152,hazszam,"Kőbányai Bem József Általános Iskola, 5-7, Hungária körút, Honvédségi lakótelep, Laposdűlő, X. kerület, Budapest, 1101, Magyarország",nominatim/photon,5.0,Laposdűlő
35117996,"Zsombék utca, 1108 Budapest",47.4723763,19.1668831,utca,"Zsombék utca, Újhegy, X. kerület, Budapest, 1108, Magyarország",nominatim/photon,,Újhegy
35121865,"Szállás utca, 1107 Budapest",47.4778475,19.1261483,utca,"Szállás utca, Monori Center Chinatown, Gyárdűlő, X. kerület, Budapest, 1107, Magyarország",nominatim/photon,,Gyárdűlő
35124751,"14 Kőrösi Csoma sétány, 1102 Budapest",47.4850239,19.1307024,hazszam,"14, Kőrösi Csoma sétány, Ligettelek, X. kerület, Budapest, 1102, Magyarország",nominatim/photon,14.0,Ligettelek
35126731,"Újhegyi út 18/b, 1108 Budapest",47.4716739,19.1760406,utca,"Újhegyi út, Keresztúridűlő, X. kerület, Budapest, 1108, Magyarország",nominatim/photon,,Keresztúridűlő
35127722,"Kőbányai út, 1101 Budapest",47.4856054,19.1109997,utca,"Kőbányai út, Taraliget lakópark, Népliget, X. kerület, Budapest, 1101, Magyarország",nominatim/photon,,Népliget
35128253,"Gutor tér, 1103 Budapest",47.4752549,19.1393166,utca,Gutor tér,nominatim/photon,,Óhegy
35133471,"Füzér utca, 1102 Budapest",47.4885312,19.1271594,utca,"Füzér utca, Ligettelek, X. kerület, Budapest, 1102, Magyarország",nominatim/photon,,Ligettelek
35133550,"Makk utca, 1107 Budapest",47.474174,19.1185644,utca,"Makk utca, Gyárdűlő, X. kerület, Budapest, 1107, Magyarország",nominatim/photon,,Gyárdűlő
35135155,"Mongol utca, 1105 Budapest",47.4787722,19.1318437,utca,"Mongol utca, Kőbánya Városközpont, Óhegy, X. kerület, Budapest, 1105, Magyarország",nominatim/photon,,Óhegy
35142465,"Petrőczy utca, 1103 Budapest",47.4775107,19.1425461,utca,"Petrőczy utca, Óhegyi lakótelep, Külső Kőbánya, Óhegy, X. kerület, Budapest, 1103, Magyarország",nominatim/photon,,Óhegy
35143535,"Gyógyszergyári utca, 1106 Budapest",47.4977993,19.1441204,utca,"Gyógyszergyári utca, Gyakorló utcai lakótelep, Felsőrákos, X. kerület, Budapest, 1106, Magyarország",nominatim/photon,,Felsőrákos
35146153,"18 Bolgár utca, 1105 Budapest",47.479454,19.131517,hazszam,"18, Bolgár utca, Kőbánya Városközpont, Óhegy, X. kerület, Budapest, 1105, Magyarország",nominatim/photon,18.0,Óhegy
35147986,"Liget utca, 1102 Budapest",47.4880311,19.1300336,utca,"Liget utca, Ligettelek, X. kerület, Budapest, 1102, Magyarország",nominatim/photon,,Ligettelek
35148474,"Sörgyár utca, 1104 Budapest",47.4800806,19.1572796,utca,"Sörgyár utca, Óhegy, X. kerület, Budapest, 1104, Magyarország",nominatim/photon,,Óhegy
35149623,"Óhegy park, 1105 Budapest",47.4799033,19.1483045,utca,"Óhegy park, Dér utca, Óhegy, X. kerület, Budapest, 1105, Magyarország",nominatim/photon,,Óhegy
35150452,"Mongol utca, 1105 Budapest",47.4787722,19.1318437,utca,"Mongol utca, Kőbánya Városközpont, Óhegy, X. kerület, Budapest, 1105, Magyarország",nominatim/photon,,Óhegy
35151983,"Kőbányai út, 1101 Budapest",47.4856054,19.1109997,utca,"Kőbányai út, Taraliget lakópark, Népliget, X. kerület, Budapest, 1101, Magyarország",nominatim/photon,,Népliget
35152949,"Ligettelek, 1101 Budapest",47.493646,19.1300619,utca,"Ligettelek, X. kerület, Budapest, 1102, Magyarország",nominatim/photon,,Ligettelek
35153148,"Andezit utca, 1108 Budapest",47.4711864,19.1691812,utca,"Andezit utca, Újhegy, X. kerület, Budapest, 1108, Magyarország",nominatim/photon,,Újhegy
35156232,"Bányató utca, 1108 Budapest",47.4645943,19.1669132,utca,"Bányató utca, Újhegy, X. kerület, Budapest, 1108, Magyarország",nominatim/photon,,Újhegy
35161373,"Kőbánya-Városközpont, 1105 Budapest",47.482503,19.1307351,utca,"Kőbánya Városközpont, Óhegy, X. kerület, Budapest, 1102, Magyarország",nominatim/photon,,Óhegy
35163966,"Harmat köz, 1105 Budapest",47.4891047,19.1387448,utca,"Harmat köz, Kőbánya Városközpont, Óhegy, X. kerület, Budapest, 1105, Magyarország",nominatim/photon,,Óhegy
35164000,"Harmat köz, 1105 Budapest",47.4891047,19.1387448,utca,"Harmat köz, Kőbánya Városközpont, Óhegy, X. kerület, Budapest, 1105, Magyarország",nominatim/photon,,Óhegy
35167587,"Kőbánya - Óhegy, 1103 Budapest",47.4820541,19.132346,utca,"Budapest-Kőbányai evangélikus templom, 14, Kápolna utca, Kőbánya Városközpont, Óhegy, X. kerület, Budapest, 1102, Magyarország",nominatim/photon,,Óhegy
35167594,"Ligettelek, 1101 Budapest",47.493646,19.1300619,utca,"Ligettelek, X. kerület, Budapest, 1102, Magyarország",nominatim/photon,,Ligettelek
35170975,"Szőlőhegy utca, 1104 Budapest",47.4809129,19.1506159,utca,"Szőlőhegy utca, Óhegy, X. kerület, Budapest, 1104, Magyarország",nominatim/photon,,Óhegy
35171356,"4 Bolgár utca, 1105 Budapest",47.4803628,19.1333246,hazszam,"4, Bolgár utca, Kőbánya Városközpont, Óhegy, X. kerület, Budapest, 1105, Magyarország",nominatim/photon,4.0,Óhegy
35171896,"Szállás utca, 1107 Budapest",47.4778475,19.1261483,utca,"Szállás utca, Monori Center Chinatown, Gyárdűlő, X. kerület, Budapest, 1107, Magyarország",nominatim/photon,,Gyárdűlő
35172185,"Kada utca, 1106 Budapest",47.4818406,19.1572166,utca,"Kada utca, Óhegy, X. kerület, Budapest, 1106, Magyarország",nominatim/photon,,Óhegy
35173278,"Kőbánya - Óhegy, 1103 Budapest",47.4820541,19.132346,utca,"Budapest-Kőbányai evangélikus templom, 14, Kápolna utca, Kőbánya Városközpont, Óhegy, X. kerület, Budapest, 1102, Magyarország",nominatim/photon,,Óhegy
35175100,"Szállás utca, 1107 Budapest",47.4778475,19.1261483,utca,"Szállás utca, Monori Center Chinatown, Gyárdűlő, X. kerület, Budapest, 1107, Magyarország",nominatim/photon,,Gyárdűlő
35177057,"9 Martinovics tér, 1105 Budapest",47.4749535,19.1397378,hazszam,,nominatim/photon,9.0,Óhegy
35178102,"Bolgár utca, 1105 Budapest",47.4802455,19.1328259,utca,"Bolgár utca, Kőbánya Városközpont, Óhegy, X. kerület, Budapest, 1105, Magyarország",nominatim/photon,,Óhegy
35178177,"Téglagyárdűlő, 1106 Budapest",47.4834581,19.1688594,utca,"Téglagyárdűlő, X. kerület, Budapest, Magyarország",nominatim/photon,,Téglagyárdűlő
35178220,"Szállás utca, 1107 Budapest",47.4778475,19.1261483,utca,"Szállás utca, Monori Center Chinatown, Gyárdűlő, X. kerület, Budapest, 1107, Magyarország",nominatim/photon,,Gyárdűlő
35179193,"Bodza utca, 1104 Budapest",47.4794876,19.1590153,utca,"Bodza utca, Óhegyi lakótelep, Óhegy, X. kerület, Budapest, 1104, Magyarország",nominatim/photon,,Óhegy
35179387,"Petrőczy utca, 1103 Budapest",47.4775107,19.1425461,utca,"Petrőczy utca, Óhegyi lakótelep, Külső Kőbánya, Óhegy, X. kerület, Budapest, 1103, Magyarország",nominatim/photon,,Óhegy
35179665,"Népliget, 1101 Budapest",47.4787886,19.108735,utca,"Népliget, X. kerület, Budapest, 1101, Magyarország",nominatim/photon,,Népliget
35183731,"19 Kada utca, 1106 Budapest",47.4716732,19.1422358,hazszam,"19, Kada utca, Óhegyi lakótelep, Külső Kőbánya, Óhegy, X. kerület, Budapest, 1103, Magyarország",nominatim/photon,19.0,Óhegy
35186466,"23 Dorogi utca, 1106 Budapest",47.4963875,19.1638903,hazszam,,nominatim/photon,23.0,Felsőrákos
35186737,"Szent László tér, 1105 Budapest",47.4871943,19.1331577,utca,"Szent László tér, Ligettelek, X. kerület, Budapest, 1102, Magyarország",nominatim/photon,,Ligettelek
35187119,"Kőbánya - Óhegy, 1103 Budapest",47.4820541,19.132346,utca,"Budapest-Kőbányai evangélikus templom, 14, Kápolna utca, Kőbánya Városközpont, Óhegy, X. kerület, Budapest, 1102, Magyarország",nominatim/photon,,Óhegy
35188492,"Ónodi utca, 1102 Budapest",47.4901782,19.1336547,utca,"Ónodi utca, Ligettelek, X. kerület, Budapest, 1102, Magyarország",nominatim/photon,,Ligettelek
35188789,"Kőbánya - Újhegy, 1108 Budapest",47.4691191,19.1617088,utca,"Éltes Mátyás Általános Iskola és Kollégium, 9-11, Újhegyi sétány, Újhegy, X. kerület, Budapest, 1108, Magyarország",nominatim/photon,,Újhegy
35188977,"Újhegyi út 18.B, 1108 Budapest",47.4697455,19.1723365,utca,"Újhegyi út, Újhegy, X. kerület, Budapest, 1108, Magyarország",nominatim/photon,,Újhegy
35189252,"Újhegyi út 18.B, 1108 Budapest",47.4697455,19.1723365,utca,"Újhegyi út, Újhegy, X. kerület, Budapest, 1108, Magyarország",nominatim/photon,,Újhegy
35189289,"3 Fertő utca, 1107 Budapest",47.475152,19.1204013,hazszam_interpolalt,3 Fertő utca (legközelebbi házszám: 8),overpass,8.0,
35192811,"180 Harmat utca, 1108 Budapest",47.4724342,19.1626763,hazszam,"180, Harmat utca, Újhegy, X. kerület, Budapest, 1108, Magyarország",nominatim/photon,180.0,Újhegy
35193897,"Népliget, 1101 Budapest",47.4787886,19.108735,utca,"Népliget, X. kerület, Budapest, 1101, Magyarország",nominatim/photon,,Népliget
35194314,"45 Kőbányai út, 1101 Budapest",47.4848532,19.113822,utca,"Kőbányai út, Taraliget lakópark, Népliget, X. kerület, Budapest, 1101, Magyarország",nominatim/photon,,Népliget
35194423,"45 Kőbányai út, 1101 Budapest",47.4848532,19.113822,utca,"Kőbányai út, Taraliget lakópark, Népliget, X. kerület, Budapest, 1101, Magyarország",nominatim/photon,,Népliget
35195887,"47 Maglódi út, 1106 Budapest",47.4828848,19.1554709,hazszam,"47, Maglódi út, Óhegy, X. kerület, Budapest, 1106, Magyarország",nominatim/photon,47.0,Óhegy
35195950,"47 Maglódi út, 1106 Budapest",47.4828848,19.1554709,hazszam,"47, Maglódi út, Óhegy, X. kerület, Budapest, 1106, Magyarország",nominatim/photon,47.0,Óhegy
35195971,"47 Maglódi út, 1106 Budapest",47.4828848,19.1554709,hazszam,"47, Maglódi út, Óhegy, X. kerület, Budapest, 1106, Magyarország",nominatim/photon,47.0,Óhegy
35196997,"Népliget, 1101 Budapest",47.4787886,19.108735,utca,"Népliget, X. kerület, Budapest, 1101, Magyarország",nominatim/photon,,Népliget
35196998,"Népliget, 1101 Budapest",47.4787886,19.108735,utca,"Népliget, X. kerület, Budapest, 1101, Magyarország",nominatim/photon,,Népliget
35199047,"Népliget, 1101 Budapest",47.4787886,19.108735,utca,"Népliget, X. kerület, Budapest, 1101, Magyarország",nominatim/photon,,Népliget
35200725,"Ihász köz, 1105 Budapest",47.4860782,19.1435952,utca,"Ihász köz, Kőbánya Városközpont, Óhegy, X. kerület, Budapest, 1105, Magyarország",nominatim/photon,,Óhegy
35201061,"Bolgár utca, 1105 Budapest",47.4802455,19.1328259,utca,"Bolgár utca, Kőbánya Városközpont, Óhegy, X. kerület, Budapest, 1105, Magyarország",nominatim/photon,,Óhegy
35203765,"Kőbányai út, 1101 Budapest",47.4856054,19.1109997,utca,"Kőbányai út, Taraliget lakópark, Népliget, X. kerület, Budapest, 1101, Magyarország",nominatim/photon,,Népliget
35203875,"Újhegyi sétány, 1108 Budapest",47.4691446,19.1607914,utca,"Újhegyi sétány, Újhegy, X. kerület, Budapest, 1108, Magyarország",nominatim/photon,,Újhegy
35203961,"Kőbánya - Óhegy, 1103 Budapest",47.4820541,19.132346,utca,"Budapest-Kőbányai evangélikus templom, 14, Kápolna utca, Kőbánya Városközpont, Óhegy, X. kerület, Budapest, 1102, Magyarország",nominatim/photon,,Óhegy
35209421,"Vörösdinka utca, 1104 Budapest",47.481899,19.1494089,utca,"Vörösdinka utca, Óhegy, X. kerület, Budapest, 1104, Magyarország",nominatim/photon,,Óhegy
35209528,"Gyárdűlő, 1107 Budapest",47.4754656,19.1221648,utca,"Gyárdűlő, X. kerület, Budapest, 1107, Magyarország",nominatim/photon,,Gyárdűlő
35214396,"Tavas utca, 1108 Budapest",47.4665382,19.1612076,utca,"Tavas utca, Újhegy, X. kerület, Budapest, 1108, Magyarország",nominatim/photon,,Újhegy
35214435,"Tavas utca, 1108 Budapest",47.4665382,19.1612076,utca,"Tavas utca, Újhegy, X. kerület, Budapest, 1108, Magyarország",nominatim/photon,,Újhegy
35214477,"Tavas utca, 1108 Budapest",47.4665382,19.1612076,utca,"Tavas utca, Újhegy, X. kerület, Budapest, 1108, Magyarország",nominatim/photon,,Újhegy
35214947,"Endre utca, 1102 Budapest",47.4888107,19.1264458,utca,"Endre utca, Ligettelek, X. kerület, Budapest, 1102, Magyarország",nominatim/photon,,Ligettelek
35216766,"5 Hatház utca, 1106 Budapest",47.5026928,19.1491552,hazszam,"5, Hatház utca, Gyakorló utcai lakótelep, Felsőrákos, X. kerület, Budapest, 1106, Magyarország",nominatim/photon,5.0,Felsőrákos
35219332,"Kőbánya - Óhegy, 1103 Budapest",47.4820541,19.132346,utca,"Budapest-Kőbányai evangélikus templom, 14, Kápolna utca, Kőbánya Városközpont, Óhegy, X. kerület, Budapest, 1102, Magyarország",nominatim/photon,,Óhegy
35219404,"Felsőrákos, 1106 Budapest",47.4953772,19.1746318,utca,"Felsőrákos, X. kerület, Budapest, 1106, Magyarország",nominatim/photon,,Felsőrákos
35221075,"Kőrösi Csoma sétány, 1102 Budapest",47.4836523,19.1295197,utca,"Kőrösi Csoma sétány, Ligettelek, X. kerület, Budapest, 1102, Magyarország",nominatim/photon,,Ligettelek
35221098,"35 Makk utca 7./, 1107 Budapest",47.4741668,19.1190001,utca,,nominatim/photon,,Gyárdűlő
35222361,"Laposdűlő - Pongrácz úti lakótelep, 1101 Budapest",47.4899521,19.1197096,utca,Pongrácz úti lakótelep,nominatim/photon,,Laposdűlő
35222373,"Laposdűlő - Pongrácz úti lakótelep, 1101 Budapest",47.4899521,19.1197096,utca,Pongrácz úti lakótelep,nominatim/photon,,Laposdűlő
35222533,"Kőbánya-Városközpont, 1105 Budapest",47.482503,19.1307351,utca,"Kőbánya Városközpont, Óhegy, X. kerület, Budapest, 1102, Magyarország",nominatim/photon,,Óhegy
35223222,"Kővágó utca, 1108 Budapest",47.4727328,19.1633848,utca,"Kővágó utca, Újhegy, X. kerület, Budapest, 1108, Magyarország",nominatim/photon,,Újhegy
35223334,"Gyárdűlő, 1107 Budapest",47.4754656,19.1221648,utca,"Gyárdűlő, X. kerület, Budapest, 1107, Magyarország",nominatim/photon,,Gyárdűlő
35224306,"Kőbánya - Óhegy, 1103 Budapest",47.4820541,19.132346,utca,"Budapest-Kőbányai evangélikus templom, 14, Kápolna utca, Kőbánya Városközpont, Óhegy, X. kerület, Budapest, 1102, Magyarország",nominatim/photon,,Óhegy
35225224,"Gyakorló utca, 1106 Budapest",47.5018325,19.1436801,utca,"Gyakorló utca, Gyakorló utcai lakótelep, Felsőrákos, X. kerület, Budapest, 1106, Magyarország",nominatim/photon,,Felsőrákos
35225467,"Kőbánya-Kertváros, 1106 Budapest",47.4826961,19.2002952,utca,"Kőbánya-Kertváros, X. kerület, Budapest, Magyarország",nominatim/photon,,Kőbánya-Kertváros
35226091,"Tavas utca, 1108 Budapest",47.4665382,19.1612076,utca,"Tavas utca, Újhegy, X. kerület, Budapest, 1108, Magyarország",nominatim/photon,,Újhegy
35226487,"Gyógyszergyári utca, 1106 Budapest",47.4977993,19.1441204,utca,"Gyógyszergyári utca, Gyakorló utcai lakótelep, Felsőrákos, X. kerület, Budapest, 1106, Magyarország",nominatim/photon,,Felsőrákos
35226715,"Kőbánya - Óhegy, 1103 Budapest",47.4820541,19.132346,utca,"Budapest-Kőbányai evangélikus templom, 14, Kápolna utca, Kőbánya Városközpont, Óhegy, X. kerület, Budapest, 1102, Magyarország",nominatim/photon,,Óhegy
35228280,"Kőbánya - Újhegyi lakótelep, 1108 Budapest",47.4918761,19.1206497,utca,Kőbánya-Teher,nominatim/photon,,Laposdűlő
35228838,"Csilla utca, 1101 Budapest",47.4892637,19.1195622,utca,"Csilla utca, Pongrácz úti lakótelep, Laposdűlő, X. kerület, Budapest, 1101, Magyarország",nominatim/photon,,Laposdűlő
35231121,"Kőbánya - Újhegyi lakótelep, 1108 Budapest",47.4918761,19.1206497,utca,Kőbánya-Teher,nominatim/photon,,Laposdűlő
35231168,"Szállás utca, 1107 Budapest",47.4778475,19.1261483,utca,"Szállás utca, Monori Center Chinatown, Gyárdűlő, X. kerület, Budapest, 1107, Magyarország",nominatim/photon,,Gyárdűlő
35233389,"22 Szent László tér, 1102 Budapest",47.4880486,19.1315844,hazszam,"22, Szent László tér, Ligettelek, X. kerület, Budapest, 1102, Magyarország",nominatim/photon,22.0,Ligettelek
35233571,"Kápolna utca, 1102 Budapest",47.4820688,19.1314417,utca,"Kápolna utca, Kőbánya Városközpont, Óhegy, X. kerület, Budapest, 1102, Magyarország",nominatim/photon,,Óhegy
35235388,"Kőbánya-Városközpont, 1105 Budapest",47.482503,19.1307351,utca,"Kőbánya Városközpont, Óhegy, X. kerület, Budapest, 1102, Magyarország",nominatim/photon,,Óhegy
35235787,"Gyógyszergyári utca, 1106 Budapest",47.4977993,19.1441204,utca,"Gyógyszergyári utca, Gyakorló utcai lakótelep, Felsőrákos, X. kerület, Budapest, 1106, Magyarország",nominatim/photon,,Felsőrákos
35235794,"Gyógyszergyári utca, 1106 Budapest",47.4977993,19.1441204,utca,"Gyógyszergyári utca, Gyakorló utcai lakótelep, Felsőrákos, X. kerület, Budapest, 1106, Magyarország",nominatim/photon,,Felsőrákos
35235805,"Gyógyszergyári utca, 1106 Budapest",47.4977993,19.1441204,utca,"Gyógyszergyári utca, Gyakorló utcai lakótelep, Felsőrákos, X. kerület, Budapest, 1106, Magyarország",nominatim/photon,,Felsőrákos
35236250,"Doba utca, 1101 Budapest",47.4869721,19.1223924,utca,"Doba utca, Nagy-Pongrác telep, Laposdűlő, X. kerület, Budapest, 1101, Magyarország",nominatim/photon,,Laposdűlő
35236353,"Kozma utca, 1108 Budapest",47.4796704,19.1777153,utca,"Kozma utca, Téglagyárdűlő, X. kerület, Budapest, 1108, Magyarország",nominatim/photon,,Téglagyárdűlő
35240391,"Kőbánya - Újhegy, 1108 Budapest",47.4691191,19.1617088,utca,"Éltes Mátyás Általános Iskola és Kollégium, 9-11, Újhegyi sétány, Újhegy, X. kerület, Budapest, 1108, Magyarország",nominatim/photon,,Újhegy
35240739,"Kőbánya - Újhegy, 1108 Budapest",47.4691191,19.1617088,utca,"Éltes Mátyás Általános Iskola és Kollégium, 9-11, Újhegyi sétány, Újhegy, X. kerület, Budapest, 1108, Magyarország",nominatim/photon,,Újhegy
35242237,"11 Tavas utca, 1108 Budapest",47.467047,19.1627419,hazszam_interpolalt,11 Tavas utca (legközelebbi házszám: 1),overpass,1.0,
35242248,"11 Tavas utca, 1108 Budapest",47.467047,19.1627419,hazszam_interpolalt,11 Tavas utca (legközelebbi házszám: 1),overpass,1.0,
35242379,"15 Köszméte utca, 1106 Budapest",47.5032389,19.1454703,hazszam,,nominatim/photon,15.0,Felsőrákos
35249096,"Noszlopy utca, 1103 Budapest",47.4735008,19.1502693,utca,"Noszlopy utca, Óhegyi lakótelep, Külső Kőbánya, Óhegy, X. kerület, Budapest, 1103, Magyarország",nominatim/photon,,Óhegy
35250603,"Állomás utca, 1102 Budapest",47.4851686,19.1286185,utca,"Állomás utca, Ligettelek, X. kerület, Budapest, 1102, Magyarország",nominatim/photon,,Ligettelek
35251259,"Ligettelek, 1101 Budapest",47.493646,19.1300619,utca,"Ligettelek, X. kerület, Budapest, 1102, Magyarország",nominatim/photon,,Ligettelek
35251451,"Cserkesz utca, 1105 Budapest",47.4779712,19.1342686,utca,"Cserkesz utca, Kőbánya Városközpont, Óhegy, X. kerület, Budapest, 1105, Magyarország",nominatim/photon,,Óhegy
35251920,"Újhegyi út, 1108 Budapest",47.4697455,19.1723365,utca,"Újhegyi út, Újhegy, X. kerület, Budapest, 1108, Magyarország",nominatim/photon,,Újhegy
35252376,"Téglagyárdűlő, 1106 Budapest",47.4834581,19.1688594,utca,"Téglagyárdűlő, X. kerület, Budapest, Magyarország",nominatim/photon,,Téglagyárdűlő
35252413,"Népliget, 1101 Budapest",47.4787886,19.108735,utca,"Népliget, X. kerület, Budapest, 1101, Magyarország",nominatim/photon,,Népliget
35252423,"47 Maglódi út, 1106 Budapest",47.4828848,19.1554709,hazszam,"47, Maglódi út, Óhegy, X. kerület, Budapest, 1106, Magyarország",nominatim/photon,47.0,Óhegy
35253019,"Téglagyárdűlő, 1106 Budapest",47.4834581,19.1688594,utca,"Téglagyárdűlő, X. kerület, Budapest, Magyarország",nominatim/photon,,Téglagyárdűlő
35253069,"Téglagyárdűlő, 1106 Budapest",47.4834581,19.1688594,utca,"Téglagyárdűlő, X. kerület, Budapest, Magyarország",nominatim/photon,,Téglagyárdűlő
35253269,"Cserkesz utca, 1105 Budapest",47.4779712,19.1342686,utca,"Cserkesz utca, Kőbánya Városközpont, Óhegy, X. kerület, Budapest, 1105, Magyarország",nominatim/photon,,Óhegy
35253467,"Gőzmozdony utca, 1108 Budapest",47.4693516,19.1581878,utca,"Gőzmozdony utca, Újhegy, X. kerület, Budapest, 1108, Magyarország",nominatim/photon,,Újhegy
35254656,"Monori utca, 1101 Budapest",47.4841784,19.122385,utca,"Monori utca, Nagy-Pongrác telep, Laposdűlő, X. kerület, Budapest, 1101, Magyarország",nominatim/photon,,Laposdűlő
35257704,"Gém utca 2/B, 1107 Budapest",47.4715207,19.1217567,utca,"Metrodom Park A, 2/b, Gém utca, Gyárdűlő, X. kerület, Budapest, 1107, Magyarország",nominatim/photon,,Gyárdűlő
35258428,"11 Tavas utca, 1108 Budapest",47.467047,19.1627419,hazszam_interpolalt,11 Tavas utca (legközelebbi házszám: 1),overpass,1.0,
35258497,"Kőbánya - Újhegy, 1108 Budapest",47.4691191,19.1617088,utca,"Éltes Mátyás Általános Iskola és Kollégium, 9-11, Újhegyi sétány, Újhegy, X. kerület, Budapest, 1108, Magyarország",nominatim/photon,,Újhegy
35259299,"21 Kápolna utca, 1102 Budapest",47.4814115,19.1315632,hazszam,"21, Kápolna utca, Kőbánya Városközpont, Óhegy, X. kerület, Budapest, 1105, Magyarország",nominatim/photon,21.0,Óhegy
35262704,"Kőbánya-Kertváros, 1106 Budapest",47.4826961,19.2002952,utca,"Kőbánya-Kertváros, X. kerület, Budapest, Magyarország",nominatim/photon,,Kőbánya-Kertváros
35264019,"Cserkesz utca, 1105 Budapest",47.4779712,19.1342686,utca,"Cserkesz utca, Kőbánya Városközpont, Óhegy, X. kerület, Budapest, 1105, Magyarország",nominatim/photon,,Óhegy
35264521,"Ligettelek, 1101 Budapest",47.493646,19.1300619,utca,"Ligettelek, X. kerület, Budapest, 1102, Magyarország",nominatim/photon,,Ligettelek
35264852,"5 Kápolna tér, 1103 Budapest",47.4807592,19.1374581,hazszam,"5, Kápolna tér, Kőbánya Városközpont, Óhegy, X. kerület, Budapest, 1103, Magyarország",nominatim/photon,5.0,Óhegy
35266428,"Pára utca, 1108 Budapest",47.4686432,19.1625073,utca,"Pára utca, Újhegy, X. kerület, Budapest, 1108, Magyarország",nominatim/photon,,Újhegy
35266770,"5-7 Hungária körút, 1101 Budapest",47.4921691,19.1116152,hazszam,"Kőbányai Bem József Általános Iskola, 5-7, Hungária körút, Honvédségi lakótelep, Laposdűlő, X. kerület, Budapest, 1101, Magyarország",nominatim/photon,5.0,Laposdűlő
35267117,"Kőrösi Csoma Sándor út, 1102 Budapest",47.4865004,19.1327222,utca,"Kőrösi Csoma Sándor út, Ligettelek, X. kerület, Budapest, 1102, Magyarország",nominatim/photon,,Ligettelek
35268616,"Kőbánya - Óhegy, 1103 Budapest",47.4820541,19.132346,utca,"Budapest-Kőbányai evangélikus templom, 14, Kápolna utca, Kőbánya Városközpont, Óhegy, X. kerület, Budapest, 1102, Magyarország",nominatim/photon,,Óhegy
35270375,"Hatház utca, 1106 Budapest",47.5036103,19.1489287,utca,"Hatház utca, Gyakorló utcai lakótelep, Felsőrákos, X. kerület, Budapest, 1106, Magyarország",nominatim/photon,,Felsőrákos
35273157,"Cserkesz utca, 1105 Budapest",47.4779712,19.1342686,utca,"Cserkesz utca, Kőbánya Városközpont, Óhegy, X. kerület, Budapest, 1105, Magyarország",nominatim/photon,,Óhegy
35273160,"Kőrösi Csoma Sándor út, 1102 Budapest",47.4865004,19.1327222,utca,"Kőrösi Csoma Sándor út, Ligettelek, X. kerület, Budapest, 1102, Magyarország",nominatim/photon,,Ligettelek
35273643,"4 Előd utca, 1105 Budapest",47.4876356,19.135512,hazszam,"4, Előd utca, Kőbánya Városközpont, Óhegy, X. kerület, Budapest, 1105, Magyarország",nominatim/photon,4.0,Óhegy
35274150,"Felsőrákos, 1106 Budapest",47.4953772,19.1746318,utca,"Felsőrákos, X. kerület, Budapest, 1106, Magyarország",nominatim/photon,,Felsőrákos
35278332,"Kőrösi Csoma sétány, 1102 Budapest",47.4836523,19.1295197,utca,"Kőrösi Csoma sétány, Ligettelek, X. kerület, Budapest, 1102, Magyarország",nominatim/photon,,Ligettelek
35278813,"Üllői út, 1101 Budapest",47.4741549,19.1028852,utca,"Üllői út, Népliget, X. kerület, Budapest, 1101, Magyarország",nominatim/photon,,Népliget
35279092,"26 Bányató utca, 1108 Budapest",47.4680669,19.1623322,hazszam,"26, Bányató utca, Újhegy, X. kerület, Budapest, 1108, Magyarország",nominatim/photon,26.0,Újhegy
35283513,"1 Kőrösi Csoma Sándor út, 1102 Budapest",47.4822659,19.1317085,hazszam,"1, Kőrösi Csoma Sándor út, Kőbánya Városközpont, Óhegy, X. kerület, Budapest, 1102, Magyarország",nominatim/photon,1.0,Óhegy
35284187,"Bányató utca, 1108 Budapest",47.4645943,19.1669132,utca,"Bányató utca, Újhegy, X. kerület, Budapest, 1108, Magyarország",nominatim/photon,,Újhegy
35285747,"Hungária körút, 1101 Budapest",47.4973698,19.1090927,utca,"Hungária körút, Laposdűlő, X. kerület, Budapest, 1101, Magyarország",nominatim/photon,,Laposdűlő
35286080,"4 Kismartoni út, 1101 Budapest",47.4805722,19.1154823,hazszam,"FTC-MVM Népligeti Sportközpont, 4, Kismartoni út, Taraliget lakópark, Népliget, X. kerület, Budapest, 1101, Magyarország",nominatim/photon,4.0,Népliget
35287169,"Ónodi utca, 1102 Budapest",47.4901782,19.1336547,utca,"Ónodi utca, Ligettelek, X. kerület, Budapest, 1102, Magyarország",nominatim/photon,,Ligettelek
35287553,"Cserkesz utca, 1105 Budapest",47.4779712,19.1342686,utca,"Cserkesz utca, Kőbánya Városközpont, Óhegy, X. kerület, Budapest, 1105, Magyarország",nominatim/photon,,Óhegy
35287574,"Csilla utca, 1101 Budapest",47.4892637,19.1195622,utca,"Csilla utca, Pongrácz úti lakótelep, Laposdűlő, X. kerület, Budapest, 1101, Magyarország",nominatim/photon,,Laposdűlő
35288697,"Újhegyi út 18/B, 1108 Budapest",47.4697455,19.1723365,utca,"Újhegyi út, Újhegy, X. kerület, Budapest, 1108, Magyarország",nominatim/photon,,Újhegy
35288876,"Kőbánya - Óhegy, 1103 Budapest",47.4820541,19.132346,utca,"Budapest-Kőbányai evangélikus templom, 14, Kápolna utca, Kőbánya Városközpont, Óhegy, X. kerület, Budapest, 1102, Magyarország",nominatim/photon,,Óhegy
35289680,"Téglagyárdűlő, 1106 Budapest",47.4834581,19.1688594,utca,"Téglagyárdűlő, X. kerület, Budapest, Magyarország",nominatim/photon,,Téglagyárdűlő
35291069,"Téglagyárdűlő, 1106 Budapest",47.4834581,19.1688594,utca,"Téglagyárdűlő, X. kerület, Budapest, Magyarország",nominatim/photon,,Téglagyárdűlő
35291459,"Cserkesz utca, 1105 Budapest",47.4779712,19.1342686,utca,"Cserkesz utca, Kőbánya Városközpont, Óhegy, X. kerület, Budapest, 1105, Magyarország",nominatim/photon,,Óhegy
35291579,"6 Állomás utca, 1102 Budapest",47.4849981,19.1274779,hazszam,"6, Állomás utca, Ligettelek, X. kerület, Budapest, 1102, Magyarország",nominatim/photon,6.0,Ligettelek
35292388,"Kada utca, 1106 Budapest",47.4818406,19.1572166,utca,"Kada utca, Óhegy, X. kerület, Budapest, 1106, Magyarország",nominatim/photon,,Óhegy
35292404,"Újhegyi út, 1108 Budapest",47.4697455,19.1723365,utca,"Újhegyi út, Újhegy, X. kerület, Budapest, 1108, Magyarország",nominatim/photon,,Újhegy
35293832,"Harmat utca, 1104 Budapest",47.4755161,19.1567075,utca,"Harmat utca, Óhegyi lakótelep, Külső Kőbánya, Óhegy, X. kerület, Budapest, 1104, Magyarország",nominatim/photon,,Óhegy
35294199,"14 Kőrösi Csoma sétány, 1102 Budapest",47.4850239,19.1307024,hazszam,"14, Kőrösi Csoma sétány, Ligettelek, X. kerület, Budapest, 1102, Magyarország",nominatim/photon,14.0,Ligettelek
35298664,"Kőrösi Csoma sétány, 1102 Budapest",47.4836523,19.1295197,utca,"Kőrösi Csoma sétány, Ligettelek, X. kerület, Budapest, 1102, Magyarország",nominatim/photon,,Ligettelek
35299166,"16 Kőrösi Csoma sétány, 1102 Budapest",47.4852104,19.1309193,hazszam,"16, Kőrösi Csoma sétány, Ligettelek, X. kerület, Budapest, 1102, Magyarország",nominatim/photon,16.0,Ligettelek
35299589,"Gyógyszergyári utca, 1106 Budapest",47.4977993,19.1441204,utca,"Gyógyszergyári utca, Gyakorló utcai lakótelep, Felsőrákos, X. kerület, Budapest, 1106, Magyarország",nominatim/photon,,Felsőrákos
35299601,"Gyógyszergyári utca, 1106 Budapest",47.4977993,19.1441204,utca,"Gyógyszergyári utca, Gyakorló utcai lakótelep, Felsőrákos, X. kerület, Budapest, 1106, Magyarország",nominatim/photon,,Felsőrákos
35300961,"Paprika utca, 1106 Budapest",47.4958913,19.1625086,utca,"Paprika utca, MÁV-telep, Felsőrákos, X. kerület, Budapest, 1106, Magyarország",nominatim/photon,,Felsőrákos
35301116,"Bányató utca, 1108 Budapest",47.4645943,19.1669132,utca,"Bányató utca, Újhegy, X. kerület, Budapest, 1108, Magyarország",nominatim/photon,,Újhegy
35302457,"Kővágó utca, 1108 Budapest",47.4727328,19.1633848,utca,"Kővágó utca, Újhegy, X. kerület, Budapest, 1108, Magyarország",nominatim/photon,,Újhegy
35304468,"5-7 Hungária körút, 1101 Budapest",47.4921691,19.1116152,hazszam,"Kőbányai Bem József Általános Iskola, 5-7, Hungária körút, Honvédségi lakótelep, Laposdűlő, X. kerület, Budapest, 1101, Magyarország",nominatim/photon,5.0,Laposdűlő
35304470,"Rákász utca, 1106 Budapest",47.5014283,19.1549907,utca,"Rákász utca, Felsőrákos, X. kerület, Budapest, 1106, Magyarország",nominatim/photon,,Felsőrákos
35306089,"Szőlővirág utca, 1108 Budapest",47.4698302,19.1644925,utca,"Szőlővirág utca, Újhegy, X. kerület, Budapest, 1108, Magyarország",nominatim/photon,,Újhegy
35307559,"Kerámia utca, 1103 Budapest",47.4749558,19.14531,utca,"Kerámia utca, Óhegyi lakótelep, Külső Kőbánya, Óhegy, X. kerület, Budapest, 1103, Magyarország",nominatim/photon,,Óhegy
35308160,"Gyakorló utca, 1106 Budapest",47.5018325,19.1436801,utca,"Gyakorló utca, Gyakorló utcai lakótelep, Felsőrákos, X. kerület, Budapest, 1106, Magyarország",nominatim/photon,,Felsőrákos
35309369,"Újhegy - Rózsaliget-lakópark, 1108 Budapest",47.4659601,19.1619225,utca,Rózsaliget Lakópark,nominatim/photon,,Újhegy
35309847,"Vörösdinka utca, 1104 Budapest",47.481899,19.1494089,utca,"Vörösdinka utca, Óhegy, X. kerület, Budapest, 1104, Magyarország",nominatim/photon,,Óhegy
35314337,"Gergely utca, 1103 Budapest",47.4766075,19.1399217,utca,"Gergely utca, Óhegyi lakótelep, Külső Kőbánya, Óhegy, X. kerület, Budapest, 1103, Magyarország",nominatim/photon,,Óhegy
35315594,"Gyárdűlői lakótelep, 1107 Budapest",47.4754656,19.1221648,utca,Gyárdűlő,nominatim/photon,,
35316224,"4a Martinovics tér, 1105 Budapest",47.4808582,19.1333275,hazszam,"4/A, Martinovics tér, Kőbánya Városközpont, Óhegy, X. kerület, Budapest, 1105, Magyarország",nominatim/photon,4.0,Óhegy
35316373,"Kőbánya - Óhegy, 1103 Budapest",47.4820541,19.132346,utca,"Budapest-Kőbányai evangélikus templom, 14, Kápolna utca, Kőbánya Városközpont, Óhegy, X. kerület, Budapest, 1102, Magyarország",nominatim/photon,,Óhegy
35317041,"Noszlopy utca, 1103 Budapest",47.4735008,19.1502693,utca,"Noszlopy utca, Óhegyi lakótelep, Külső Kőbánya, Óhegy, X. kerület, Budapest, 1103, Magyarország",nominatim/photon,,Óhegy
35317267,"Ihász utca, 1103 Budapest",47.4830386,19.1405533,utca,"Ihász utca, Kőbánya Városközpont, Óhegy, X. kerület, Budapest, 1105, Magyarország",nominatim/photon,,Óhegy
35318417,"Maláta utca, 1105 Budapest",47.4907693,19.1406919,utca,"Maláta utca, Kőbánya Városközpont, Óhegy, X. kerület, Budapest, 1105, Magyarország",nominatim/photon,,Óhegy
35318573,"Cserkesz utca, 1105 Budapest",47.4779712,19.1342686,utca,"Cserkesz utca, Kőbánya Városközpont, Óhegy, X. kerület, Budapest, 1105, Magyarország",nominatim/photon,,Óhegy
35320433,"Újhegyi út 18/B, 1108 Budapest",47.4697455,19.1723365,utca,"Újhegyi út, Újhegy, X. kerület, Budapest, 1108, Magyarország",nominatim/photon,,Újhegy
35320519,"Újhegyi sétány, 1108 Budapest",47.4691446,19.1607914,utca,"Újhegyi sétány, Újhegy, X. kerület, Budapest, 1108, Magyarország",nominatim/photon,,Újhegy
35320992,"Martinovics tér, 1105 Budapest",47.4810366,19.1345829,utca,"Martinovics tér, Kőbánya Városközpont, Óhegy, X. kerület, Budapest, 1105, Magyarország",nominatim/photon,,Óhegy
35323211,"Mádi utca, 1104 Budapest",47.4772467,19.1583549,utca,"Mádi utca, Óhegyi lakótelep, Óhegy, X. kerület, Budapest, 1104, Magyarország",nominatim/photon,,Óhegy
35325361,"Kőbánya - Óhegy, 1103 Budapest",47.4820541,19.132346,utca,"Budapest-Kőbányai evangélikus templom, 14, Kápolna utca, Kőbánya Városközpont, Óhegy, X. kerület, Budapest, 1102, Magyarország",nominatim/photon,,Óhegy
35325577,"Maláta utca, 1105 Budapest",47.4907693,19.1406919,utca,"Maláta utca, Kőbánya Városközpont, Óhegy, X. kerület, Budapest, 1105, Magyarország",nominatim/photon,,Óhegy
35325742,"Kőbánya - Óhegy, 1103 Budapest",47.4820541,19.132346,utca,"Budapest-Kőbányai evangélikus templom, 14, Kápolna utca, Kőbánya Városközpont, Óhegy, X. kerület, Budapest, 1102, Magyarország",nominatim/photon,,Óhegy
35327642,"Kőbánya - Óhegy, 1103 Budapest",47.4820541,19.132346,utca,"Budapest-Kőbányai evangélikus templom, 14, Kápolna utca, Kőbánya Városközpont, Óhegy, X. kerület, Budapest, 1102, Magyarország",nominatim/photon,,Óhegy
35327726,"Mádi utca, 1105 Budapest",47.4889993,19.1408147,utca,"Mádi utca, Kőbánya Városközpont, Óhegy, X. kerület, Budapest, 1105, Magyarország",nominatim/photon,,Óhegy
35328006,"Üllői út, 1101 Budapest",47.4741549,19.1028852,utca,"Üllői út, Népliget, X. kerület, Budapest, 1101, Magyarország",nominatim/photon,,Népliget
35328650,"Kővágó utca, 1108 Budapest",47.4727328,19.1633848,utca,"Kővágó utca, Újhegy, X. kerület, Budapest, 1108, Magyarország",nominatim/photon,,Újhegy
35329343,"Szőlővirág utca, 1108 Budapest",47.4698302,19.1644925,utca,"Szőlővirág utca, Újhegy, X. kerület, Budapest, 1108, Magyarország",nominatim/photon,,Újhegy
35330062,"Kovakő utca, 1108 Budapest",47.4711876,19.1711875,utca,"Kovakő utca, Újhegy, X. kerület, Budapest, 1108, Magyarország",nominatim/photon,,Újhegy
35330065,"Szőlőtelep utca, 1108 Budapest",47.4719145,19.1717137,utca,"Szőlőtelep utca, Újhegy, X. kerület, Budapest, 1108, Magyarország",nominatim/photon,,Újhegy
35330949,"Kőrösi Csoma sétány, 1102 Budapest",47.4836523,19.1295197,utca,"Kőrösi Csoma sétány, Ligettelek, X. kerület, Budapest, 1102, Magyarország",nominatim/photon,,Ligettelek
35331010,"Ligettelek, 1101 Budapest",47.493646,19.1300619,utca,"Ligettelek, X. kerület, Budapest, 1102, Magyarország",nominatim/photon,,Ligettelek
35331016,"Keresztúri út, 1106 Budapest",47.5008487,19.1535699,utca,"Keresztúri út, Felsőrákos, X. kerület, Budapest, 1106, Magyarország",nominatim/photon,,Felsőrákos
35333664,"Mádi utca, 1104 Budapest",47.4772467,19.1583549,utca,"Mádi utca, Óhegyi lakótelep, Óhegy, X. kerület, Budapest, 1104, Magyarország",nominatim/photon,,Óhegy
35334244,"Bánya utca, 1105 Budapest",47.4851055,19.1348295,utca,"Bánya utca, Kőbánya Városközpont, Óhegy, X. kerület, Budapest, 1105, Magyarország",nominatim/photon,,Óhegy
35334300,"Tavas utca, 1108 Budapest",47.4665382,19.1612076,utca,"Tavas utca, Újhegy, X. kerület, Budapest, 1108, Magyarország",nominatim/photon,,Újhegy
35337511,"Ihász utca, 1103 Budapest",47.4830386,19.1405533,utca,"Ihász utca, Kőbánya Városközpont, Óhegy, X. kerület, Budapest, 1105, Magyarország",nominatim/photon,,Óhegy
35338189,"Szegély utca, 1108 Budapest",47.4762827,19.1656468,utca,"Szegély utca, Újhegy, X. kerület, Budapest, 1108, Magyarország",nominatim/photon,,Újhegy
35338226,"Szegély utca, 1108 Budapest",47.4762827,19.1656468,utca,"Szegély utca, Újhegy, X. kerület, Budapest, 1108, Magyarország",nominatim/photon,,Újhegy
35338438,"Köszméte utca, 1106 Budapest",47.4840144,19.2057102,utca,"Köszméte utca, Kőbánya-Kertváros, X. kerület, Budapest, 1106, Magyarország",nominatim/photon,,Kőbánya-Kertváros
35338701,"Gyakorló utca, 1106 Budapest",47.5018325,19.1436801,utca,"Gyakorló utca, Gyakorló utcai lakótelep, Felsőrákos, X. kerület, Budapest, 1106, Magyarország",nominatim/photon,,Felsőrákos
35339850,"Gém utca, 1107 Budapest",47.4709565,19.1216348,utca,"Gém utca, Gyárdűlő, X. kerület, Budapest, 1107, Magyarország",nominatim/photon,,Gyárdűlő
35340006,"Kápolna utca, 1102 Budapest",47.4820688,19.1314417,utca,"Kápolna utca, Kőbánya Városközpont, Óhegy, X. kerület, Budapest, 1102, Magyarország",nominatim/photon,,Óhegy
35341343,"Ihász utca, 1103 Budapest",47.4830386,19.1405533,utca,"Ihász utca, Kőbánya Városközpont, Óhegy, X. kerület, Budapest, 1105, Magyarország",nominatim/photon,,Óhegy
35342225,"11 Tavas utca, 1108 Budapest",47.467047,19.1627419,hazszam_interpolalt,11 Tavas utca (legközelebbi házszám: 1),overpass,1.0,
35342285,"11 Tavas utca, 1108 Budapest",47.467047,19.1627419,hazszam_interpolalt,11 Tavas utca (legközelebbi házszám: 1),overpass,1.0,
35344167,"Gyakorló utca, 1106 Budapest",47.5018325,19.1436801,utca,"Gyakorló utca, Gyakorló utcai lakótelep, Felsőrákos, X. kerület, Budapest, 1106, Magyarország",nominatim/photon,,Felsőrákos
35344502,"Kőbánya - Óhegy, 1103 Budapest",47.4820541,19.132346,utca,"Budapest-Kőbányai evangélikus templom, 14, Kápolna utca, Kőbánya Városközpont, Óhegy, X. kerület, Budapest, 1102, Magyarország",nominatim/photon,,Óhegy
35344584,"Kőbánya - Óhegy, 1103 Budapest",47.4820541,19.132346,utca,"Budapest-Kőbányai evangélikus templom, 14, Kápolna utca, Kőbánya Városközpont, Óhegy, X. kerület, Budapest, 1102, Magyarország",nominatim/photon,,Óhegy
35344634,"Kőbánya - Óhegy, 1103 Budapest",47.4820541,19.132346,utca,"Budapest-Kőbányai evangélikus templom, 14, Kápolna utca, Kőbánya Városközpont, Óhegy, X. kerület, Budapest, 1102, Magyarország",nominatim/photon,,Óhegy
35344676,"Gyakorló köz, 1106 Budapest",47.5024404,19.1420305,utca,"Gyakorló köz, Gyakorló utcai lakótelep, Felsőrákos, X. kerület, Budapest, 1106, Magyarország",nominatim/photon,,Felsőrákos
35344793,"Csombor utca, 1103 Budapest",47.477123,19.1518234,utca,"Csombor utca, Óhegyi lakótelep, Külső Kőbánya, Óhegy, X. kerület, Budapest, 1103, Magyarország",nominatim/photon,,Óhegy
35345028,"4 Pára utca, 1108 Budapest",47.4685994,19.1626628,hazszam,"4, Pára utca, Újhegy, X. kerület, Budapest, 1108, Magyarország",nominatim/photon,4.0,Újhegy
35346574,"Kőbánya - Óhegy, 1103 Budapest",47.4820541,19.132346,utca,"Budapest-Kőbányai evangélikus templom, 14, Kápolna utca, Kőbánya Városközpont, Óhegy, X. kerület, Budapest, 1102, Magyarország",nominatim/photon,,Óhegy
35346868,"Kőbánya - Óhegy, 1103 Budapest",47.4820541,19.132346,utca,"Budapest-Kőbányai evangélikus templom, 14, Kápolna utca, Kőbánya Városközpont, Óhegy, X. kerület, Budapest, 1102, Magyarország",nominatim/photon,,Óhegy
35347125,"Kőbánya-Városközpont, 1105 Budapest",47.482503,19.1307351,utca,"Kőbánya Városközpont, Óhegy, X. kerület, Budapest, 1102, Magyarország",nominatim/photon,,Óhegy
35348328,"Kőbánya - Óhegy, 1103 Budapest",47.4820541,19.132346,utca,"Budapest-Kőbányai evangélikus templom, 14, Kápolna utca, Kőbánya Városközpont, Óhegy, X. kerület, Budapest, 1102, Magyarország",nominatim/photon,,Óhegy
35349639,"6 Állomás utca, 1102 Budapest",47.4849981,19.1274779,hazszam,"6, Állomás utca, Ligettelek, X. kerület, Budapest, 1102, Magyarország",nominatim/photon,6.0,Ligettelek
35350274,"Népliget, 1101 Budapest",47.4787886,19.108735,utca,"Népliget, X. kerület, Budapest, 1101, Magyarország",nominatim/photon,,Népliget
35350721,"Kápolna utca, 1102 Budapest",47.4820688,19.1314417,utca,"Kápolna utca, Kőbánya Városközpont, Óhegy, X. kerület, Budapest, 1102, Magyarország",nominatim/photon,,Óhegy
35350775,"Lámpagyár utca, 1105 Budapest",47.4762871,19.1344371,utca,"Lámpagyár utca, Kőbánya Városközpont, Óhegy, X. kerület, Budapest, 1105, Magyarország",nominatim/photon,,Óhegy
35352511,"1 Makk utca, 1107 Budapest",47.4732402,19.1175262,hazszam,"1, Makk utca, Gyárdűlő, X. kerület, Budapest, 1107, Magyarország",nominatim/photon,1.0,Gyárdűlő
35353115,"Keresztúri út, 1106 Budapest",47.5008487,19.1535699,utca,"Keresztúri út, Felsőrákos, X. kerület, Budapest, 1106, Magyarország",nominatim/photon,,Felsőrákos
35353117,"Keresztúri út, 1106 Budapest",47.5008487,19.1535699,utca,"Keresztúri út, Felsőrákos, X. kerület, Budapest, 1106, Magyarország",nominatim/photon,,Felsőrákos
35353119,"Keresztúri út, 1106 Budapest",47.5008487,19.1535699,utca,"Keresztúri út, Felsőrákos, X. kerület, Budapest, 1106, Magyarország",nominatim/photon,,Felsőrákos
35353120,"Keresztúri út, 1106 Budapest",47.5008487,19.1535699,utca,"Keresztúri út, Felsőrákos, X. kerület, Budapest, 1106, Magyarország",nominatim/photon,,Felsőrákos
35353141,"Kőbánya - Óhegy, 1103 Budapest",47.4820541,19.132346,utca,"Budapest-Kőbányai evangélikus templom, 14, Kápolna utca, Kőbánya Városközpont, Óhegy, X. kerület, Budapest, 1102, Magyarország",nominatim/photon,,Óhegy
35353142,"Kőbánya - Óhegy, 1103 Budapest",47.4820541,19.132346,utca,"Budapest-Kőbányai evangélikus templom, 14, Kápolna utca, Kőbánya Városközpont, Óhegy, X. kerület, Budapest, 1102, Magyarország",nominatim/photon,,Óhegy
35354273,"Somfa köz, 1107 Budapest",47.4715001,19.1172914,utca,"Somfa köz, Gyárdűlő, X. kerület, Budapest, 1107, Magyarország",nominatim/photon,,Gyárdűlő
35354402,"Maglódi út, 1106 Budapest",47.4805817,19.1614707,utca,"Maglódi út, Téglagyárdűlő, X. kerület, Budapest, 1106, Magyarország",nominatim/photon,,Téglagyárdűlő
35354675,"Keresztúridűlő, 1108 Budapest",47.4740896,19.1863957,utca,"Keresztúridűlő, X. kerület, Budapest, 1108, Magyarország",nominatim/photon,,Keresztúridűlő
35355423,"Szárnyas utca, 1107 Budapest",47.4677585,19.1212839,utca,"Szárnyas utca, Gyárdűlő, X. kerület, Budapest, 1107, Magyarország",nominatim/photon,,Gyárdűlő
35355635,"10-12 Harmat utca, 1102 Budapest",47.4901335,19.1359265,hazszam,"10-12, Harmat utca, Ligettelek, X. kerület, Budapest, 1102, Magyarország",nominatim/photon,10.0,Ligettelek
35355985,"Dombtető utca, 1108 Budapest",47.4730923,19.1639779,utca,"Dombtető utca, Újhegy, X. kerület, Budapest, 1108, Magyarország",nominatim/photon,,Újhegy
35359422,"Téglagyárdűlő, 1106 Budapest",47.4834581,19.1688594,utca,"Téglagyárdűlő, X. kerület, Budapest, Magyarország",nominatim/photon,,Téglagyárdűlő
35359856,"Vörösdinka utca, 1104 Budapest",47.481899,19.1494089,utca,"Vörösdinka utca, Óhegy, X. kerület, Budapest, 1104, Magyarország",nominatim/photon,,Óhegy
35360486,"Állomás utca, 1102 Budapest",47.4851686,19.1286185,utca,"Állomás utca, Ligettelek, X. kerület, Budapest, 1102, Magyarország",nominatim/photon,,Ligettelek
35360619,"Csilla utca, 1101 Budapest",47.4892637,19.1195622,utca,"Csilla utca, Pongrácz úti lakótelep, Laposdűlő, X. kerület, Budapest, 1101, Magyarország",nominatim/photon,,Laposdűlő
35360635,"Gergely utca, 1103 Budapest",47.4766075,19.1399217,utca,"Gergely utca, Óhegyi lakótelep, Külső Kőbánya, Óhegy, X. kerület, Budapest, 1103, Magyarország",nominatim/photon,,Óhegy
35360873,"Kőbánya - Óhegyi lakótelep, 1103 Budapest",47.4752666,19.1504781,utca,Óhegyi lakótelep,nominatim/photon,,Óhegy
35361462,"3 Ihász utca, 1103 Budapest",47.4779432,19.1328664,hazszam,"3/A, Ihász utca, Kőbánya Városközpont, Óhegy, X. kerület, Budapest, 1105, Magyarország",nominatim/photon,3.0,Óhegy
35361635,"Kistorony park, 1101 Budapest",47.4858244,19.1243024,utca,"Kistorony park, Nagy-Pongrác telep, Laposdűlő, X. kerület, Budapest, 1101, Magyarország",nominatim/photon,,Laposdűlő
35362092,"21 Kápolna utca, 1102 Budapest",47.4814115,19.1315632,hazszam,"21, Kápolna utca, Kőbánya Városközpont, Óhegy, X. kerület, Budapest, 1105, Magyarország",nominatim/photon,21.0,Óhegy
35362975,"41 Kőrösi Csoma Sándor út, 1102 Budapest",47.4890917,19.1364134,hazszam,"41, Kőrösi Csoma Sándor út, Kőbánya Városközpont, Óhegy, X. kerület, Budapest, 1105, Magyarország",nominatim/photon,41.0,Óhegy
35364744,"Népliget, 1101 Budapest",47.4787886,19.108735,utca,"Népliget, X. kerület, Budapest, 1101, Magyarország",nominatim/photon,,Népliget
35365071,"Hungária körút, 1101 Budapest",47.4973698,19.1090927,utca,"Hungária körút, Laposdűlő, X. kerület, Budapest, 1101, Magyarország",nominatim/photon,,Laposdűlő
35365821,"Hang utca, 1108 Budapest",47.4709562,19.1664476,utca,"Hang utca, Újhegy, X. kerület, Budapest, 1108, Magyarország",nominatim/photon,,Újhegy
35366069,"Endre utca, 1102 Budapest",47.4888107,19.1264458,utca,"Endre utca, Ligettelek, X. kerület, Budapest, 1102, Magyarország",nominatim/photon,,Ligettelek
35367619,"5-7 Hungária körút, 1101 Budapest",47.4921691,19.1116152,hazszam,"Kőbányai Bem József Általános Iskola, 5-7, Hungária körút, Honvédségi lakótelep, Laposdűlő, X. kerület, Budapest, 1101, Magyarország",nominatim/photon,5.0,Laposdűlő
35367984,"Kőrösi Csoma Sándor út, 1102 Budapest",47.4865004,19.1327222,utca,"Kőrösi Csoma Sándor út, Ligettelek, X. kerület, Budapest, 1102, Magyarország",nominatim/photon,,Ligettelek
35368887,"Laposdűlő - Pongrácz úti lakótelep, 1101 Budapest",47.4899521,19.1197096,utca,Pongrácz úti lakótelep,nominatim/photon,,Laposdűlő
35369143,"Bányató utca, 1108 Budapest",47.4645943,19.1669132,utca,"Bányató utca, Újhegy, X. kerület, Budapest, 1108, Magyarország",nominatim/photon,,Újhegy
35370946,"Kőbánya - Óhegyi lakótelep, 1103 Budapest",47.4752666,19.1504781,utca,Óhegyi lakótelep,nominatim/photon,,Óhegy
35371673,"Üllői út, 1101 Budapest",47.4741549,19.1028852,utca,"Üllői út, Népliget, X. kerület, Budapest, 1101, Magyarország",nominatim/photon,,Népliget
35372117,"Újhegyi út, 1108 Budapest",47.4697455,19.1723365,utca,"Újhegyi út, Újhegy, X. kerület, Budapest, 1108, Magyarország",nominatim/photon,,Újhegy
35372871,"Szállás utca, 1107 Budapest",47.4778475,19.1261483,utca,"Szállás utca, Monori Center Chinatown, Gyárdűlő, X. kerület, Budapest, 1107, Magyarország",nominatim/photon,,Gyárdűlő
35372892,"Szállás utca, 1107 Budapest",47.4778475,19.1261483,utca,"Szállás utca, Monori Center Chinatown, Gyárdűlő, X. kerület, Budapest, 1107, Magyarország",nominatim/photon,,Gyárdűlő
35372930,"4 Martinovics tér, 1105 Budapest",47.4806055,19.1334141,hazszam,"4/B, Martinovics tér, Kőbánya Városközpont, Óhegy, X. kerület, Budapest, 1105, Magyarország",nominatim/photon,4.0,Óhegy
35373169,"Kőbányai út, 1101 Budapest",47.4856054,19.1109997,utca,"Kőbányai út, Taraliget lakópark, Népliget, X. kerület, Budapest, 1101, Magyarország",nominatim/photon,,Népliget
35373513,"Laposdűlő, 1101 Budapest",47.4927492,19.1144828,utca,"Laposdűlő, X. kerület, Budapest, 1101, Magyarország",nominatim/photon,,Laposdűlő
35374023,"Veszprémi utca, 1105 Budapest",47.4830337,19.1328273,utca,"Veszprémi utca, Kőbánya Városközpont, Óhegy, X. kerület, Budapest, 1105, Magyarország",nominatim/photon,,Óhegy
35374077,"Gyárdűlő, 1107 Budapest",47.4754656,19.1221648,utca,"Gyárdűlő, X. kerület, Budapest, 1107, Magyarország",nominatim/photon,,Gyárdűlő
35374278,"Zágrábi utca, 1107 Budapest",47.4712726,19.1146872,utca,"Zágrábi utca, Gyárdűlő, X. kerület, Budapest, 1107, Magyarország",nominatim/photon,,Gyárdűlő
35375204,"Kőbánya - Óhegy, 1103 Budapest",47.4820541,19.132346,utca,"Budapest-Kőbányai evangélikus templom, 14, Kápolna utca, Kőbánya Városközpont, Óhegy, X. kerület, Budapest, 1102, Magyarország",nominatim/photon,,Óhegy
35375240,"Kőbánya - Óhegy, 1103 Budapest",47.4820541,19.132346,utca,"Budapest-Kőbányai evangélikus templom, 14, Kápolna utca, Kőbánya Városközpont, Óhegy, X. kerület, Budapest, 1102, Magyarország",nominatim/photon,,Óhegy
35375292,"Kozma utca, 1108 Budapest",47.4796704,19.1777153,utca,"Kozma utca, Téglagyárdűlő, X. kerület, Budapest, 1108, Magyarország",nominatim/photon,,Téglagyárdűlő
35376864,"Kőrösi Csoma sétány, 1102 Budapest",47.4836523,19.1295197,utca,"Kőrösi Csoma sétány, Ligettelek, X. kerület, Budapest, 1102, Magyarország",nominatim/photon,,Ligettelek
35377251,"31 Cserkesz utca, 1105 Budapest",47.4780436,19.1339377,hazszam,"31, Cserkesz utca, Kőbánya Városközpont, Óhegy, X. kerület, Budapest, 1105, Magyarország",nominatim/photon,31.0,Óhegy
35377461,"Kőbánya - Óhegy, 1103 Budapest",47.4820541,19.132346,utca,"Budapest-Kőbányai evangélikus templom, 14, Kápolna utca, Kőbánya Városközpont, Óhegy, X. kerület, Budapest, 1102, Magyarország",nominatim/photon,,Óhegy
35377466,"Üllői út, 1101 Budapest",47.4741549,19.1028852,utca,"Üllői út, Népliget, X. kerület, Budapest, 1101, Magyarország",nominatim/photon,,Népliget
35378785,"6 Kőrösi Csoma Sándor út, 1102 Budapest",47.4831286,19.1304444,hazszam,"6/A, Kőrösi Csoma Sándor út, Kőbánya Városközpont, Óhegy, X. kerület, Budapest, 1102, Magyarország",nominatim/photon,6.0,Óhegy
35378816,"Kőbánya - Újhegy, 1108 Budapest",47.4691191,19.1617088,utca,"Éltes Mátyás Általános Iskola és Kollégium, 9-11, Újhegyi sétány, Újhegy, X. kerület, Budapest, 1108, Magyarország",nominatim/photon,,Újhegy
35379452,"Liget utca, 1102 Budapest",47.4880311,19.1300336,utca,"Liget utca, Ligettelek, X. kerület, Budapest, 1102, Magyarország",nominatim/photon,,Ligettelek
35381597,"Bánya utca, 1102 Budapest",47.4895883,19.1313675,utca,"Bánya utca, Ligettelek, X. kerület, Budapest, 1102, Magyarország",nominatim/photon,,Ligettelek
35382764,"Gyárdűlő, 1107 Budapest",47.4754656,19.1221648,utca,"Gyárdűlő, X. kerület, Budapest, 1107, Magyarország",nominatim/photon,,Gyárdűlő
35383294,"Fehér út, 1106 Budapest",47.502803,19.1350725,utca,"Örs vezér tere, Kerepesi út, Ligettelek, X. kerület, Budapest, 1106, Magyarország",nominatim/photon,,Ligettelek
35383788,"Cserkesz utca, 1105 Budapest",47.4779712,19.1342686,utca,"Cserkesz utca, Kőbánya Városközpont, Óhegy, X. kerület, Budapest, 1105, Magyarország",nominatim/photon,,Óhegy
35384023,"Kőbánya - Újhegyi lakótelep, 1108 Budapest",47.4918761,19.1206497,utca,Kőbánya-Teher,nominatim/photon,,Laposdűlő
35384085,"14 Balkán utca, 1107 Budapest",47.4728635,19.1168563,hazszam,"14, Balkán utca, Gyárdűlő, X. kerület, Budapest, 1107, Magyarország",nominatim/photon,14.0,Gyárdűlő
35384893,"Gyárdűlő, 1107 Budapest",47.4754656,19.1221648,utca,"Gyárdűlő, X. kerület, Budapest, 1107, Magyarország",nominatim/photon,,Gyárdűlő
35384910,"Csilla utca, 1101 Budapest",47.4892637,19.1195622,utca,"Csilla utca, Pongrácz úti lakótelep, Laposdűlő, X. kerület, Budapest, 1101, Magyarország",nominatim/photon,,Laposdűlő
35385744,"Maláta köz, 1105 Budapest",47.4904587,19.139691,utca,"Maláta köz, Kőbánya Városközpont, Óhegy, X. kerület, Budapest, 1105, Magyarország",nominatim/photon,,Óhegy
35386321,"Gergely utca, 1103 Budapest",47.4766075,19.1399217,utca,"Gergely utca, Óhegyi lakótelep, Külső Kőbánya, Óhegy, X. kerület, Budapest, 1103, Magyarország",nominatim/photon,,Óhegy
35386592,"Kőbánya-Városközpont, 1105 Budapest",47.482503,19.1307351,utca,"Kőbánya Városközpont, Óhegy, X. kerület, Budapest, 1102, Magyarország",nominatim/photon,,Óhegy
35386611,"Állomás utca, 1102 Budapest",47.4851686,19.1286185,utca,"Állomás utca, Ligettelek, X. kerület, Budapest, 1102, Magyarország",nominatim/photon,,Ligettelek
35387061,"Gőzmozdony utca, 1108 Budapest",47.4693516,19.1581878,utca,"Gőzmozdony utca, Újhegy, X. kerület, Budapest, 1108, Magyarország",nominatim/photon,,Újhegy
35387846,"73 Harmat utca, 1104 Budapest",47.4801339,19.1492896,hazszam,"73/a, Harmat utca, Óhegyi lakótelep, Óhegy, X. kerület, Budapest, 1104, Magyarország",nominatim/photon,73.0,Óhegy
35388156,"Székfűvirág utca, 1103 Budapest",47.4742722,19.1498024,utca,"Székfűvirág utca, Óhegyi lakótelep, Külső Kőbánya, Óhegy, X. kerület, Budapest, 1103, Magyarország",nominatim/photon,,Óhegy
35390532,"Téglagyárdűlő, 1106 Budapest",47.4834581,19.1688594,utca,"Téglagyárdűlő, X. kerület, Budapest, Magyarország",nominatim/photon,,Téglagyárdűlő
35391178,"Maglódi út, 1106 Budapest",47.4805817,19.1614707,utca,"Maglódi út, Téglagyárdűlő, X. kerület, Budapest, 1106, Magyarország",nominatim/photon,,Téglagyárdűlő
35392199,"Gyógyszergyári utca, 1106 Budapest",47.4977993,19.1441204,utca,"Gyógyszergyári utca, Gyakorló utcai lakótelep, Felsőrákos, X. kerület, Budapest, 1106, Magyarország",nominatim/photon,,Felsőrákos
35392531,"Dombtető utca, 1108 Budapest",47.4730923,19.1639779,utca,"Dombtető utca, Újhegy, X. kerület, Budapest, 1108, Magyarország",nominatim/photon,,Újhegy
35393005,"Márga utca, 1103 Budapest",47.4776143,19.1414884,utca,"Márga utca, Külső Kőbánya, Óhegy, X. kerület, Budapest, 1103, Magyarország",nominatim/photon,,Óhegy
35393020,"6 Kőrösi Csoma Sándor út, 1102 Budapest",47.4831286,19.1304444,hazszam,"6/A, Kőrösi Csoma Sándor út, Kőbánya Városközpont, Óhegy, X. kerület, Budapest, 1102, Magyarország",nominatim/photon,6.0,Óhegy
35393410,"Oltó utca, 1108 Budapest",47.4700886,19.1581687,utca,"Oltó utca, Újhegy, X. kerület, Budapest, 1108, Magyarország",nominatim/photon,,Újhegy
35393664,"19 Cserkesz utca, 1105 Budapest",47.4800835,19.1315705,hazszam,"19, Cserkesz utca, Kőbánya Városközpont, Óhegy, X. kerület, Budapest, 1105, Magyarország",nominatim/photon,19.0,Óhegy
35393891,"3 Kápolna utca, 1102 Budapest",47.4820182,19.1295392,hazszam,"3, Kápolna utca, Kőbánya Városközpont, Óhegy, X. kerület, Budapest, 1105, Magyarország",nominatim/photon,3.0,Óhegy
35394021,"Hölgy utca, 1102 Budapest",47.4880751,19.1253724,utca,"Hölgy utca, Ligettelek, X. kerület, Budapest, 1102, Magyarország",nominatim/photon,,Ligettelek
35394550,"25 Állomás utca, 1102 Budapest",47.4853938,19.1301551,hazszam,"25, Állomás utca, Ligettelek, X. kerület, Budapest, 1102, Magyarország",nominatim/photon,25.0,Ligettelek
35396328,"Kőrösi Csoma Sándor út, 1102 Budapest",47.4865004,19.1327222,utca,"Kőrösi Csoma Sándor út, Ligettelek, X. kerület, Budapest, 1102, Magyarország",nominatim/photon,,Ligettelek
35397323,"Jegenye utca, 1107 Budapest",47.4780514,19.1279211,utca,"Jegenye utca, Monori Center Chinatown, Gyárdűlő, X. kerület, Budapest, 1107, Magyarország",nominatim/photon,,Gyárdűlő
35398262,"Gergely utca, 1108 Budapest",47.4672745,19.1571777,utca,"Gergely utca, Újhegy, X. kerület, Budapest, 1108, Magyarország",nominatim/photon,,Újhegy
35398749,"Kőbánya-Városközpont, 1105 Budapest",47.482503,19.1307351,utca,"Kőbánya Városközpont, Óhegy, X. kerület, Budapest, 1102, Magyarország",nominatim/photon,,Óhegy
35399453,"Liget utca, 1102 Budapest",47.4880311,19.1300336,utca,"Liget utca, Ligettelek, X. kerület, Budapest, 1102, Magyarország",nominatim/photon,,Ligettelek
35399556,"Újhegyi út 18/B, 1108 Budapest",47.4697455,19.1723365,utca,"Újhegyi út, Újhegy, X. kerület, Budapest, 1108, Magyarország",nominatim/photon,,Újhegy
35400062,"Gergely utca, 1103 Budapest",47.4766075,19.1399217,utca,"Gergely utca, Óhegyi lakótelep, Külső Kőbánya, Óhegy, X. kerület, Budapest, 1103, Magyarország",nominatim/photon,,Óhegy
35400469,"6 Maglódi út, 1106 Budapest",47.4835866,19.1573813,utca,"Maglódi út, Téglagyárdűlő, X. kerület, Budapest, 1106, Magyarország",nominatim/photon,,Téglagyárdűlő
35402055,"Téglagyárdűlő, 1106 Budapest",47.4834581,19.1688594,utca,"Téglagyárdűlő, X. kerület, Budapest, Magyarország",nominatim/photon,,Téglagyárdűlő
35402079,"Laposdűlő, 1101 Budapest",47.4927492,19.1144828,utca,"Laposdűlő, X. kerület, Budapest, 1101, Magyarország",nominatim/photon,,Laposdűlő
35402614,"Kőbánya-Városközpont, 1105 Budapest",47.482503,19.1307351,utca,"Kőbánya Városközpont, Óhegy, X. kerület, Budapest, 1102, Magyarország",nominatim/photon,,Óhegy
35402723,"Kápolna tér, 1103 Budapest",47.4809415,19.1379168,utca,"Kápolna tér, Kőbánya Városközpont, Óhegy, X. kerület, Budapest, 1105, Magyarország",nominatim/photon,,Óhegy
35403223,"Maláta utca, 1105 Budapest",47.4907693,19.1406919,utca,"Maláta utca, Kőbánya Városközpont, Óhegy, X. kerület, Budapest, 1105, Magyarország",nominatim/photon,,Óhegy
35404367,"Kőbánya-Városközpont, 1105 Budapest",47.482503,19.1307351,utca,"Kőbánya Városközpont, Óhegy, X. kerület, Budapest, 1102, Magyarország",nominatim/photon,,Óhegy
35405269,"43a Kőbányai út, 1101 Budapest",47.4846444,19.1135663,hazszam,"SYZÉ Kft. Élelmiszerbolt, Fornetti, 43/A, Kőbányai út, Taraliget lakópark, Népliget, X. kerület, Budapest, 1101, Magyarország",nominatim/photon,43.0,Népliget
35405855,"Maglódi út, 1106 Budapest",47.4805817,19.1614707,utca,"Maglódi út, Téglagyárdűlő, X. kerület, Budapest, 1106, Magyarország",nominatim/photon,,Téglagyárdűlő
35406037,"Lenfonó utca, 1108 Budapest",47.4712382,19.1593693,utca,"Lenfonó utca, Újhegy, X. kerület, Budapest, 1108, Magyarország",nominatim/photon,,Újhegy
35406803,"Gyógyszergyári utca, 1106 Budapest",47.4977993,19.1441204,utca,"Gyógyszergyári utca, Gyakorló utcai lakótelep, Felsőrákos, X. kerület, Budapest, 1106, Magyarország",nominatim/photon,,Felsőrákos
35406829,"Ligettelek, 1101 Budapest",47.493646,19.1300619,utca,"Ligettelek, X. kerület, Budapest, 1102, Magyarország",nominatim/photon,,Ligettelek
35406868,"Ligettelek, 1101 Budapest",47.493646,19.1300619,utca,"Ligettelek, X. kerület, Budapest, 1102, Magyarország",nominatim/photon,,Ligettelek
35407012,"Hatház utca, 1106 Budapest",47.5036103,19.1489287,utca,"Hatház utca, Gyakorló utcai lakótelep, Felsőrákos, X. kerület, Budapest, 1106, Magyarország",nominatim/photon,,Felsőrákos
35407013,"24 Nagyicce utca, 1106 Budapest",47.503824,19.1494651,hazszam,,nominatim/photon,24.0,Felsőrákos
35407293,"Salgótarjáni utca, 1101 Budapest",47.4905952,19.1125512,utca,"Salgótarjáni utca, MÁV-telep, Laposdűlő, X. kerület, Budapest, 1101, Magyarország",nominatim/photon,,Laposdűlő
35407756,"11 Állomás utca, 1102 Budapest",47.4848298,19.128726,hazszam,"11, Állomás utca, Ligettelek, X. kerület, Budapest, 1102, Magyarország",nominatim/photon,11.0,Ligettelek
35408020,"Laposdűlő, 1101 Budapest",47.4927492,19.1144828,utca,"Laposdűlő, X. kerület, Budapest, 1101, Magyarország",nominatim/photon,,Laposdűlő
35408685,"Doba utca, 1101 Budapest",47.4869721,19.1223924,utca,"Doba utca, Nagy-Pongrác telep, Laposdűlő, X. kerület, Budapest, 1101, Magyarország",nominatim/photon,,Laposdűlő
35408689,"Doba utca, 1101 Budapest",47.4869721,19.1223924,utca,"Doba utca, Nagy-Pongrác telep, Laposdűlő, X. kerület, Budapest, 1101, Magyarország",nominatim/photon,,Laposdűlő
35409477,"Gergely utca, 1103 Budapest",47.4766075,19.1399217,utca,"Gergely utca, Óhegyi lakótelep, Külső Kőbánya, Óhegy, X. kerület, Budapest, 1103, Magyarország",nominatim/photon,,Óhegy
35410373,"Kőrösi Csoma Sándor út, 1102 Budapest",47.4865004,19.1327222,utca,"Kőrösi Csoma Sándor út, Ligettelek, X. kerület, Budapest, 1102, Magyarország",nominatim/photon,,Ligettelek
35410628,"Felsőrákos, 1106 Budapest",47.4953772,19.1746318,utca,"Felsőrákos, X. kerület, Budapest, 1106, Magyarország",nominatim/photon,,Felsőrákos
35412249,"Harmat utca, 1104 Budapest",47.4755161,19.1567075,utca,"Harmat utca, Óhegyi lakótelep, Külső Kőbánya, Óhegy, X. kerület, Budapest, 1104, Magyarország",nominatim/photon,,Óhegy
35413651,"Laposdűlő - Pongrácz úti lakótelep, 1101 Budapest",47.4899521,19.1197096,utca,Pongrácz úti lakótelep,nominatim/photon,,Laposdűlő
35414017,"Szőlővirág utca, 1108 Budapest",47.4698302,19.1644925,utca,"Szőlővirág utca, Újhegy, X. kerület, Budapest, 1108, Magyarország",nominatim/photon,,Újhegy
35414024,"86 Gyömrői út, 1103 Budapest",47.4724291,19.1387493,utca,"Gyömrői út, Külső Kőbánya, Óhegy, X. kerület, Budapest, 1103, Magyarország",nominatim/photon,,Óhegy
35414320,"Doba utca, 1101 Budapest",47.4869721,19.1223924,utca,"Doba utca, Nagy-Pongrác telep, Laposdűlő, X. kerület, Budapest, 1101, Magyarország",nominatim/photon,,Laposdűlő
35415439,"Kőbánya-Városközpont, 1105 Budapest",47.482503,19.1307351,utca,"Kőbánya Városközpont, Óhegy, X. kerület, Budapest, 1102, Magyarország",nominatim/photon,,Óhegy
35415462,"Kőbánya-Városközpont, 1105 Budapest",47.482503,19.1307351,utca,"Kőbánya Városközpont, Óhegy, X. kerület, Budapest, 1102, Magyarország",nominatim/photon,,Óhegy
35416047,"Ligettelek, 1101 Budapest",47.493646,19.1300619,utca,"Ligettelek, X. kerület, Budapest, 1102, Magyarország",nominatim/photon,,Ligettelek
35416085,"Gergely utca, 1103 Budapest",47.4766075,19.1399217,utca,"Gergely utca, Óhegyi lakótelep, Külső Kőbánya, Óhegy, X. kerület, Budapest, 1103, Magyarország",nominatim/photon,,Óhegy
35416494,"Kőbánya - Óhegy, 1103 Budapest",47.4820541,19.132346,utca,"Budapest-Kőbányai evangélikus templom, 14, Kápolna utca, Kőbánya Városközpont, Óhegy, X. kerület, Budapest, 1102, Magyarország",nominatim/photon,,Óhegy
35417785,"84 Sörgyár utca, 1104 Budapest",47.476544,19.1636306,hazszam,"84, Sörgyár utca, Óhegy, X. kerület, Budapest, 1106, Magyarország",nominatim/photon,84.0,Óhegy
35418671,"17c Pongrácz út, 1101 Budapest",47.4861477,19.124209,hazszam,"17/C, Pongrácz út, Nagy-Pongrác telep, Laposdűlő, X. kerület, Budapest, 1101, Magyarország",nominatim/photon,17.0,Laposdűlő
35419008,"Kőbánya - Óhegy, 1103 Budapest",47.4820541,19.132346,utca,"Budapest-Kőbányai evangélikus templom, 14, Kápolna utca, Kőbánya Városközpont, Óhegy, X. kerület, Budapest, 1102, Magyarország",nominatim/photon,,Óhegy
35419211,"Noszlopy utca, 1103 Budapest",47.4735008,19.1502693,utca,"Noszlopy utca, Óhegyi lakótelep, Külső Kőbánya, Óhegy, X. kerület, Budapest, 1103, Magyarország",nominatim/photon,,Óhegy
35421304,"Kőbánya-Városközpont, 1105 Budapest",47.482503,19.1307351,utca,"Kőbánya Városközpont, Óhegy, X. kerület, Budapest, 1102, Magyarország",nominatim/photon,,Óhegy
35422199,"Állomás utca, 1102 Budapest",47.4851686,19.1286185,utca,"Állomás utca, Ligettelek, X. kerület, Budapest, 1102, Magyarország",nominatim/photon,,Ligettelek
35422673,"Gergely utca, 1103 Budapest",47.4766075,19.1399217,utca,"Gergely utca, Óhegyi lakótelep, Külső Kőbánya, Óhegy, X. kerület, Budapest, 1103, Magyarország",nominatim/photon,,Óhegy
35422976,"18 Kővágó utca, 1108 Budapest",47.4720478,19.1645889,hazszam,"18, Kővágó utca, Újhegy, X. kerület, Budapest, 1108, Magyarország",nominatim/photon,18.0,Újhegy
35423010,"Ligettelek, 1101 Budapest",47.493646,19.1300619,utca,"Ligettelek, X. kerület, Budapest, 1102, Magyarország",nominatim/photon,,Ligettelek
35423313,"27 Kőrösi Csoma Sándor út, 1102 Budapest",47.4847476,19.1321313,hazszam,"27, Kőrösi Csoma Sándor út, Kőbánya Városközpont, Óhegy, X. kerület, Budapest, 1102, Magyarország",nominatim/photon,27.0,Óhegy
35423844,"Gergely utca, 1103 Budapest",47.4766075,19.1399217,utca,"Gergely utca, Óhegyi lakótelep, Külső Kőbánya, Óhegy, X. kerület, Budapest, 1103, Magyarország",nominatim/photon,,Óhegy
35424269,"Noszlopy utca, 1103 Budapest",47.4735008,19.1502693,utca,"Noszlopy utca, Óhegyi lakótelep, Külső Kőbánya, Óhegy, X. kerület, Budapest, 1103, Magyarország",nominatim/photon,,Óhegy
35424607,"Kápolna utca, 1102 Budapest",47.4820688,19.1314417,utca,"Kápolna utca, Kőbánya Városközpont, Óhegy, X. kerület, Budapest, 1102, Magyarország",nominatim/photon,,Óhegy
35424615,"Szárnyas utca, 1107 Budapest",47.4677585,19.1212839,utca,"Szárnyas utca, Gyárdűlő, X. kerület, Budapest, 1107, Magyarország",nominatim/photon,,Gyárdűlő
35424750,"Kőrösi Csoma Sándor út, 1102 Budapest",47.4865004,19.1327222,utca,"Kőrösi Csoma Sándor út, Ligettelek, X. kerület, Budapest, 1102, Magyarország",nominatim/photon,,Ligettelek
35425117,"Pilisi utca, 1106 Budapest",47.4961022,19.1737457,utca,"Pilisi utca, Felsőrákos, X. kerület, Budapest, 1106, Magyarország",nominatim/photon,,Felsőrákos
35425699,"Kőbányai út 43.B, 1101 Budapest",47.4847988,19.1127776,utca,"43/B, Kőbányai út, Taraliget lakópark, Népliget, X. kerület, Budapest, 1101, Magyarország",nominatim/photon,,Népliget
35426096,"Állomás utca, 1102 Budapest",47.4851686,19.1286185,utca,"Állomás utca, Ligettelek, X. kerület, Budapest, 1102, Magyarország",nominatim/photon,,Ligettelek
35426805,"4 Bányató utca, 1108 Budapest",47.4707623,19.158883,hazszam_interpolalt,4 Bányató utca (legközelebbi házszám: 2),overpass,2.0,
35426893,"Gyárdűlői lakótelep, 1107 Budapest",47.4754656,19.1221648,utca,Gyárdűlő,nominatim/photon,,
35428175,"Kőbánya - Óhegyi lakótelep, 1103 Budapest",47.4752666,19.1504781,utca,Óhegyi lakótelep,nominatim/photon,,Óhegy
35428856,"Gergely utca, 1103 Budapest",47.4766075,19.1399217,utca,"Gergely utca, Óhegyi lakótelep, Külső Kőbánya, Óhegy, X. kerület, Budapest, 1103, Magyarország",nominatim/photon,,Óhegy
35428898,"Korall utca, 1108 Budapest",47.4697855,19.171731,utca,"Korall utca, Újhegy, X. kerület, Budapest, 1108, Magyarország",nominatim/photon,,Újhegy
35429608,"Gergely utca, 1103 Budapest",47.4766075,19.1399217,utca,"Gergely utca, Óhegyi lakótelep, Külső Kőbánya, Óhegy, X. kerület, Budapest, 1103, Magyarország",nominatim/photon,,Óhegy
35429714,"Gyárdűlő, 1107 Budapest",47.4754656,19.1221648,utca,"Gyárdűlő, X. kerület, Budapest, 1107, Magyarország",nominatim/photon,,Gyárdűlő
35430437,"Kőbánya - Újhegyi lakótelep, 1108 Budapest",47.4918761,19.1206497,utca,Kőbánya-Teher,nominatim/photon,,Laposdűlő
35430619,"Szárnyas utca, 1107 Budapest",47.4677585,19.1212839,utca,"Szárnyas utca, Gyárdűlő, X. kerület, Budapest, 1107, Magyarország",nominatim/photon,,Gyárdűlő
35431286,"24 Harmat utca, 1102 Budapest",47.48625,19.1407775,hazszam,"Kőbányai Kutyaiskola, 24, Harmat utca, Kőbánya Városközpont, Óhegy, X. kerület, Budapest, 1105, Magyarország",nominatim/photon,24.0,Óhegy
35432720,"Székfűvirág utca, 1103 Budapest",47.4742722,19.1498024,utca,"Székfűvirág utca, Óhegyi lakótelep, Külső Kőbánya, Óhegy, X. kerület, Budapest, 1103, Magyarország",nominatim/photon,,Óhegy
35432805,"Állomás utca, 1102 Budapest",47.4851686,19.1286185,utca,"Állomás utca, Ligettelek, X. kerület, Budapest, 1102, Magyarország",nominatim/photon,,Ligettelek
35434777,"Gergely utca, 1103 Budapest",47.4766075,19.1399217,utca,"Gergely utca, Óhegyi lakótelep, Külső Kőbánya, Óhegy, X. kerület, Budapest, 1103, Magyarország",nominatim/photon,,Óhegy
35435398,"Sörgyár utca, 1104 Budapest",47.4800806,19.1572796,utca,"Sörgyár utca, Óhegy, X. kerület, Budapest, 1104, Magyarország",nominatim/photon,,Óhegy
35435548,"Kőbánya - Óhegy, 1103 Budapest",47.4820541,19.132346,utca,"Budapest-Kőbányai evangélikus templom, 14, Kápolna utca, Kőbánya Városközpont, Óhegy, X. kerület, Budapest, 1102, Magyarország",nominatim/photon,,Óhegy
35436126,"Alkér utca, 1104 Budapest",47.4771294,19.1467211,utca,"Alkér utca, Óhegyi lakótelep, Külső Kőbánya, Óhegy, X. kerület, Budapest, 1104, Magyarország",nominatim/photon,,Óhegy
35436191,"Kada utca, 1106 Budapest",47.4818406,19.1572166,utca,"Kada utca, Óhegy, X. kerület, Budapest, 1106, Magyarország",nominatim/photon,,Óhegy
35436571,"Állomás utca, 1102 Budapest",47.4851686,19.1286185,utca,"Állomás utca, Ligettelek, X. kerület, Budapest, 1102, Magyarország",nominatim/photon,,Ligettelek
35436775,"86 Gyömrői út, 1103 Budapest",47.4724291,19.1387493,utca,"Gyömrői út, Külső Kőbánya, Óhegy, X. kerület, Budapest, 1103, Magyarország",nominatim/photon,,Óhegy
35436979,"Csombor utca, 1103 Budapest",47.477123,19.1518234,utca,"Csombor utca, Óhegyi lakótelep, Külső Kőbánya, Óhegy, X. kerület, Budapest, 1103, Magyarország",nominatim/photon,,Óhegy
35438098,"Kőbánya-Kertváros, 1106 Budapest",47.4826961,19.2002952,utca,"Kőbánya-Kertváros, X. kerület, Budapest, Magyarország",nominatim/photon,,Kőbánya-Kertváros
35438238,"Oltó utca, 1108 Budapest",47.4700886,19.1581687,utca,"Oltó utca, Újhegy, X. kerület, Budapest, 1108, Magyarország",nominatim/photon,,Újhegy
35438312,"Kőbánya - Óhegy, 1103 Budapest",47.4820541,19.132346,utca,"Budapest-Kőbányai evangélikus templom, 14, Kápolna utca, Kőbánya Városközpont, Óhegy, X. kerület, Budapest, 1102, Magyarország",nominatim/photon,,Óhegy
35439134,"Maláta utca, 1105 Budapest",47.4907693,19.1406919,utca,"Maláta utca, Kőbánya Városközpont, Óhegy, X. kerület, Budapest, 1105, Magyarország",nominatim/photon,,Óhegy
35439146,"Maláta utca, 1105 Budapest",47.4907693,19.1406919,utca,"Maláta utca, Kőbánya Városközpont, Óhegy, X. kerület, Budapest, 1105, Magyarország",nominatim/photon,,Óhegy
35439488,"Kőbánya - Óhegy, 1103 Budapest",47.4820541,19.132346,utca,"Budapest-Kőbányai evangélikus templom, 14, Kápolna utca, Kőbánya Városközpont, Óhegy, X. kerület, Budapest, 1102, Magyarország",nominatim/photon,,Óhegy
35440648,"Kőbánya-Kertváros, 1106 Budapest",47.4826961,19.2002952,utca,"Kőbánya-Kertváros, X. kerület, Budapest, Magyarország",nominatim/photon,,Kőbánya-Kertváros
35442232,"Cserkesz utca, 1105 Budapest",47.4779712,19.1342686,utca,"Cserkesz utca, Kőbánya Városközpont, Óhegy, X. kerület, Budapest, 1105, Magyarország",nominatim/photon,,Óhegy
35442601,"1 Makk utca, 1107 Budapest",47.4732402,19.1175262,hazszam,"1, Makk utca, Gyárdűlő, X. kerület, Budapest, 1107, Magyarország",nominatim/photon,1.0,Gyárdűlő
35442692,"Kőbánya-Kertváros, 1106 Budapest",47.4826961,19.2002952,utca,"Kőbánya-Kertváros, X. kerület, Budapest, Magyarország",nominatim/photon,,Kőbánya-Kertváros
35443040,"Újhegyi út, 1108 Budapest",47.4697455,19.1723365,utca,"Újhegyi út, Újhegy, X. kerület, Budapest, 1108, Magyarország",nominatim/photon,,Újhegy
35443735,"Kőrösi Csoma Sándor út, 1102 Budapest",47.4865004,19.1327222,utca,"Kőrösi Csoma Sándor út, Ligettelek, X. kerület, Budapest, 1102, Magyarország",nominatim/photon,,Ligettelek
35443744,"Kőbánya - Óhegy, 1103 Budapest",47.4820541,19.132346,utca,"Budapest-Kőbányai evangélikus templom, 14, Kápolna utca, Kőbánya Városközpont, Óhegy, X. kerület, Budapest, 1102, Magyarország",nominatim/photon,,Óhegy
35443797,"Bányató utca, 1108 Budapest",47.4645943,19.1669132,utca,"Bányató utca, Újhegy, X. kerület, Budapest, 1108, Magyarország",nominatim/photon,,Újhegy
35443897,"Kőbánya - Óhegy, 1103 Budapest",47.4820541,19.132346,utca,"Budapest-Kőbányai evangélikus templom, 14, Kápolna utca, Kőbánya Városközpont, Óhegy, X. kerület, Budapest, 1102, Magyarország",nominatim/photon,,Óhegy
35444474,"Kőbánya - Újhegyi lakótelep, 1108 Budapest",47.4918761,19.1206497,utca,Kőbánya-Teher,nominatim/photon,,Laposdűlő
35444838,"Maglódi út, 1106 Budapest",47.4805817,19.1614707,utca,"Maglódi út, Téglagyárdűlő, X. kerület, Budapest, 1106, Magyarország",nominatim/photon,,Téglagyárdűlő
35444869,"Maglódi út, 1106 Budapest",47.4805817,19.1614707,utca,"Maglódi út, Téglagyárdűlő, X. kerület, Budapest, 1106, Magyarország",nominatim/photon,,Téglagyárdűlő
35445199,"Kőbánya - Óhegy, 1103 Budapest",47.4820541,19.132346,utca,"Budapest-Kőbányai evangélikus templom, 14, Kápolna utca, Kőbánya Városközpont, Óhegy, X. kerület, Budapest, 1102, Magyarország",nominatim/photon,,Óhegy
35445212,"Kőbánya - Óhegy, 1103 Budapest",47.4820541,19.132346,utca,"Budapest-Kőbányai evangélikus templom, 14, Kápolna utca, Kőbánya Városközpont, Óhegy, X. kerület, Budapest, 1102, Magyarország",nominatim/photon,,Óhegy
35445666,"Gyógyszergyári utca, 1106 Budapest",47.4977993,19.1441204,utca,"Gyógyszergyári utca, Gyakorló utcai lakótelep, Felsőrákos, X. kerület, Budapest, 1106, Magyarország",nominatim/photon,,Felsőrákos
35445965,"Kápolna utca, 1102 Budapest",47.4820688,19.1314417,utca,"Kápolna utca, Kőbánya Városközpont, Óhegy, X. kerület, Budapest, 1102, Magyarország",nominatim/photon,,Óhegy
35446406,"Szent László tér, 1102 Budapest",47.4871947,19.1312907,utca,"Szent László tér, Ligettelek, X. kerület, Budapest, 1102, Magyarország",nominatim/photon,,Ligettelek
35446632,"Laposdűlő, 1101 Budapest",47.4927492,19.1144828,utca,"Laposdűlő, X. kerület, Budapest, 1101, Magyarország",nominatim/photon,,Laposdűlő
35446999,"47 Maglódi út, 1106 Budapest",47.4828848,19.1554709,hazszam,"47, Maglódi út, Óhegy, X. kerület, Budapest, 1106, Magyarország",nominatim/photon,47.0,Óhegy
35447007,"47 Maglódi út, 1106 Budapest",47.4828848,19.1554709,hazszam,"47, Maglódi út, Óhegy, X. kerület, Budapest, 1106, Magyarország",nominatim/photon,47.0,Óhegy
35447161,"Laposdűlő, 1101 Budapest",47.4927492,19.1144828,utca,"Laposdűlő, X. kerület, Budapest, 1101, Magyarország",nominatim/photon,,Laposdűlő
35447348,"Cserkesz utca, 1105 Budapest",47.4779712,19.1342686,utca,"Cserkesz utca, Kőbánya Városközpont, Óhegy, X. kerület, Budapest, 1105, Magyarország",nominatim/photon,,Óhegy
35448080,"Zöldpálya utca, 1106 Budapest",47.482523,19.2060728,utca,"Zöldpálya utca, Kőbánya-Kertváros, X. kerület, Budapest, 1106, Magyarország",nominatim/photon,,Kőbánya-Kertváros
35448921,"Kada utca, 1106 Budapest",47.4818406,19.1572166,utca,"Kada utca, Óhegy, X. kerület, Budapest, 1106, Magyarország",nominatim/photon,,Óhegy
35448929,"Salgótarjáni utca, 1101 Budapest",47.4905952,19.1125512,utca,"Salgótarjáni utca, MÁV-telep, Laposdűlő, X. kerület, Budapest, 1101, Magyarország",nominatim/photon,,Laposdűlő
35449823,"Gyöngyike utca, 1101 Budapest",47.4898628,19.1169958,utca,"Gyöngyike utca, Pongrácz úti lakótelep, Laposdűlő, X. kerület, Budapest, 1101, Magyarország",nominatim/photon,,Laposdűlő
35450191,"Ligettelek, 1101 Budapest",47.493646,19.1300619,utca,"Ligettelek, X. kerület, Budapest, 1102, Magyarország",nominatim/photon,,Ligettelek
35450500,"Kőbánya - Óhegyi lakótelep, 1103 Budapest",47.4752666,19.1504781,utca,Óhegyi lakótelep,nominatim/photon,,Óhegy
35452425,"Kőrösi Csoma Sándor út, 1102 Budapest",47.4865004,19.1327222,utca,"Kőrösi Csoma Sándor út, Ligettelek, X. kerület, Budapest, 1102, Magyarország",nominatim/photon,,Ligettelek
35452491,"Kistorony park, 1101 Budapest",47.4858244,19.1243024,utca,"Kistorony park, Nagy-Pongrác telep, Laposdűlő, X. kerület, Budapest, 1101, Magyarország",nominatim/photon,,Laposdűlő
35452531,"2 Agyagfejtő utca, 1108 Budapest",47.472563,19.1609355,hazszam,"2, Agyagfejtő utca, Újhegy, X. kerület, Budapest, 1108, Magyarország",nominatim/photon,2.0,Újhegy
35453147,"52 Kőbányai út, 1101 Budapest",47.4833331,19.1240515,hazszam,"52, Kőbányai út, Nagy-Pongrác telep, Laposdűlő, X. kerület, Budapest, 1101, Magyarország",nominatim/photon,52.0,Laposdűlő
35454228,"Kőbánya - Óhegy, 1103 Budapest",47.4820541,19.132346,utca,"Budapest-Kőbányai evangélikus templom, 14, Kápolna utca, Kőbánya Városközpont, Óhegy, X. kerület, Budapest, 1102, Magyarország",nominatim/photon,,Óhegy
35454532,"Kőbánya - Óhegyi lakótelep, 1103 Budapest",47.4752666,19.1504781,utca,Óhegyi lakótelep,nominatim/photon,,Óhegy
35454994,"5-7 Hungária körút, 1101 Budapest",47.4921691,19.1116152,hazszam,"Kőbányai Bem József Általános Iskola, 5-7, Hungária körút, Honvédségi lakótelep, Laposdűlő, X. kerület, Budapest, 1101, Magyarország",nominatim/photon,5.0,Laposdűlő
35455148,"Csombor utca, 1103 Budapest",47.477123,19.1518234,utca,"Csombor utca, Óhegyi lakótelep, Külső Kőbánya, Óhegy, X. kerület, Budapest, 1103, Magyarország",nominatim/photon,,Óhegy
35455965,"Kőbánya - Újhegyi lakótelep, 1108 Budapest",47.4918761,19.1206497,utca,Kőbánya-Teher,nominatim/photon,,Laposdűlő
35456186,"Maglódi út, 1106 Budapest",47.4805817,19.1614707,utca,"Maglódi út, Téglagyárdűlő, X. kerület, Budapest, 1106, Magyarország",nominatim/photon,,Téglagyárdűlő
35456739,"Bányató utca, 1108 Budapest",47.4645943,19.1669132,utca,"Bányató utca, Újhegy, X. kerület, Budapest, 1108, Magyarország",nominatim/photon,,Újhegy
35457292,"9 Kőrösi Csoma Sándor út, 1102 Budapest",47.4831821,19.1316356,hazszam,"9, Kőrösi Csoma Sándor út, Kőbánya Városközpont, Óhegy, X. kerület, Budapest, 1102, Magyarország",nominatim/photon,9.0,Óhegy
35457329,"10 Gyógyszergyári utca, 1106 Budapest",47.4984644,19.1435834,hazszam,"K3, 10, Gyógyszergyári utca, Kincsem Lakópark, Felsőrákos, X. kerület, Budapest, 1106, Magyarország",nominatim/photon,10.0,Felsőrákos
35457380,"Ligettelek, 1101 Budapest",47.493646,19.1300619,utca,"Ligettelek, X. kerület, Budapest, 1102, Magyarország",nominatim/photon,,Ligettelek
35457435,"Kőbánya-Kertváros, 1106 Budapest",47.4826961,19.2002952,utca,"Kőbánya-Kertváros, X. kerület, Budapest, Magyarország",nominatim/photon,,Kőbánya-Kertváros
35457908,"Kőbánya - Óhegyi lakótelep, 1103 Budapest",47.4752666,19.1504781,utca,Óhegyi lakótelep,nominatim/photon,,Óhegy
35458106,"Tárna utca, 1106 Budapest",47.4869075,19.1637693,utca,"Tárna utca, Téglagyárdűlő, X. kerület, Budapest, 1106, Magyarország",nominatim/photon,,Téglagyárdűlő
35458388,"27 Kőrösi Csoma Sándor út, 1102 Budapest",47.4847476,19.1321313,hazszam,"27, Kőrösi Csoma Sándor út, Kőbánya Városközpont, Óhegy, X. kerület, Budapest, 1102, Magyarország",nominatim/photon,27.0,Óhegy
35458417,"Újhegyi sétány, 1108 Budapest",47.4691446,19.1607914,utca,"Újhegyi sétány, Újhegy, X. kerület, Budapest, 1108, Magyarország",nominatim/photon,,Újhegy
35458423,"Újhegyi sétány, 1108 Budapest",47.4691446,19.1607914,utca,"Újhegyi sétány, Újhegy, X. kerület, Budapest, 1108, Magyarország",nominatim/photon,,Újhegy
35458844,"35-37 Kőrösi Csoma Sándor út, 1102 Budapest",47.4882346,19.1353217,hazszam,"35-37, Kőrösi Csoma Sándor út, Ligettelek, X. kerület, Budapest, 1105, Magyarország",nominatim/photon,35.0,Ligettelek
35459277,"18 Gőzmozdony utca, 1108 Budapest",47.4676312,19.1581525,hazszam,"18, Gőzmozdony utca, Újhegy, X. kerület, Budapest, 1108, Magyarország",nominatim/photon,18.0,Újhegy
35459477,"38 Zöldpálya utca, 1106 Budapest",47.5023177,19.147028,hazszam,,nominatim/photon,38.0,Felsőrákos
35459616,"Harmat utca, 1104 Budapest",47.4755161,19.1567075,utca,"Harmat utca, Óhegyi lakótelep, Külső Kőbánya, Óhegy, X. kerület, Budapest, 1104, Magyarország",nominatim/photon,,Óhegy
35459679,"Szövőszék utca, 1108 Budapest",47.4717638,19.1608977,utca,"Szövőszék utca, Újhegy, X. kerület, Budapest, 1108, Magyarország",nominatim/photon,,Újhegy
35460292,"Cserkesz utca, 1105 Budapest",47.4779712,19.1342686,utca,"Cserkesz utca, Kőbánya Városközpont, Óhegy, X. kerület, Budapest, 1105, Magyarország",nominatim/photon,,Óhegy
35460591,"22 Harmat utca, 1104 Budapest",47.4830989,19.1456072,hazszam_interpolalt,22 Harmat utca (legközelebbi házszám: 29),overpass,29.0,
35460594,"22 Harmat utca, 1104 Budapest",47.4830989,19.1456072,hazszam_interpolalt,22 Harmat utca (legközelebbi házszám: 29),overpass,29.0,
35460596,"22 Harmat utca, 1104 Budapest",47.4830989,19.1456072,hazszam_interpolalt,22 Harmat utca (legközelebbi házszám: 29),overpass,29.0,
35460601,"22 Harmat utca, 1104 Budapest",47.4830989,19.1456072,hazszam_interpolalt,22 Harmat utca (legközelebbi házszám: 29),overpass,29.0,
35460605,"22 Harmat utca, 1104 Budapest",47.4830989,19.1456072,hazszam_interpolalt,22 Harmat utca (legközelebbi házszám: 29),overpass,29.0,
35460613,"22 Harmat utca, 1104 Budapest",47.4830989,19.1456072,hazszam_interpolalt,22 Harmat utca (legközelebbi házszám: 29),overpass,29.0,
35460616,"22 Harmat utca, 1104 Budapest",47.4830989,19.1456072,hazszam_interpolalt,22 Harmat utca (legközelebbi házszám: 29),overpass,29.0,
35460620,"22 Harmat utca, 1104 Budapest",47.4830989,19.1456072,hazszam_interpolalt,22 Harmat utca (legközelebbi házszám: 29),overpass,29.0,
35460623,"22 Harmat utca, 1104 Budapest",47.4830989,19.1456072,hazszam_interpolalt,22 Harmat utca (legközelebbi házszám: 29),overpass,29.0,
35460644,"22 Harmat utca, 1104 Budapest",47.4830989,19.1456072,hazszam_interpolalt,22 Harmat utca (legközelebbi házszám: 29),overpass,29.0,
35460651,"22 Harmat utca, 1104 Budapest",47.4830989,19.1456072,hazszam_interpolalt,22 Harmat utca (legközelebbi házszám: 29),overpass,29.0,
35460653,"22 Harmat utca, 1104 Budapest",47.4830989,19.1456072,hazszam_interpolalt,22 Harmat utca (legközelebbi házszám: 29),overpass,29.0,
35460656,"22 Harmat utca, 1104 Budapest",47.4830989,19.1456072,hazszam_interpolalt,22 Harmat utca (legközelebbi házszám: 29),overpass,29.0,
35460657,"22 Harmat utca, 1104 Budapest",47.4830989,19.1456072,hazszam_interpolalt,22 Harmat utca (legközelebbi házszám: 29),overpass,29.0,
35460660,"22 Harmat utca, 1104 Budapest",47.4830989,19.1456072,hazszam_interpolalt,22 Harmat utca (legközelebbi házszám: 29),overpass,29.0,
35460664,"22 Harmat utca, 1104 Budapest",47.4830989,19.1456072,hazszam_interpolalt,22 Harmat utca (legközelebbi házszám: 29),overpass,29.0,
35460668,"22 Harmat utca, 1104 Budapest",47.4830989,19.1456072,hazszam_interpolalt,22 Harmat utca (legközelebbi házszám: 29),overpass,29.0,
35460673,"22 Harmat utca, 1104 Budapest",47.4830989,19.1456072,hazszam_interpolalt,22 Harmat utca (legközelebbi házszám: 29),overpass,29.0,
35460678,"22 Harmat utca, 1104 Budapest",47.4830989,19.1456072,hazszam_interpolalt,22 Harmat utca (legközelebbi házszám: 29),overpass,29.0,
35460682,"22 Harmat utca, 1104 Budapest",47.4830989,19.1456072,hazszam_interpolalt,22 Harmat utca (legközelebbi házszám: 29),overpass,29.0,
35461173,"Füzér utca 38/A, 1102 Budapest",47.4869324,19.1274931,utca,"38/A, Füzér utca, Ligettelek, X. kerület, Budapest, 1102, Magyarország",nominatim/photon,,Ligettelek
35461206,"Hölgy utca, 1102 Budapest",47.4880751,19.1253724,utca,"Hölgy utca, Ligettelek, X. kerület, Budapest, 1102, Magyarország",nominatim/photon,,Ligettelek
35461271,"Mádi utca, 1104 Budapest",47.4772467,19.1583549,utca,"Mádi utca, Óhegyi lakótelep, Óhegy, X. kerület, Budapest, 1104, Magyarország",nominatim/photon,,Óhegy
35462587,"22 Harmat utca, 1104 Budapest",47.4830989,19.1456072,hazszam_interpolalt,22 Harmat utca (legközelebbi házszám: 29),overpass,29.0,
35462592,"22 Harmat utca, 1104 Budapest",47.4830989,19.1456072,hazszam_interpolalt,22 Harmat utca (legközelebbi házszám: 29),overpass,29.0,
35462594,"22 Harmat utca, 1104 Budapest",47.4830989,19.1456072,hazszam_interpolalt,22 Harmat utca (legközelebbi házszám: 29),overpass,29.0,
35462595,"22 Harmat utca, 1104 Budapest",47.4830989,19.1456072,hazszam_interpolalt,22 Harmat utca (legközelebbi házszám: 29),overpass,29.0,
35462599,"22 Harmat utca, 1104 Budapest",47.4830989,19.1456072,hazszam_interpolalt,22 Harmat utca (legközelebbi házszám: 29),overpass,29.0,
35462605,"22 Harmat utca, 1104 Budapest",47.4830989,19.1456072,hazszam_interpolalt,22 Harmat utca (legközelebbi házszám: 29),overpass,29.0,
35462612,"22 Harmat utca, 1104 Budapest",47.4830989,19.1456072,hazszam_interpolalt,22 Harmat utca (legközelebbi házszám: 29),overpass,29.0,
35462616,"22 Harmat utca, 1104 Budapest",47.4830989,19.1456072,hazszam_interpolalt,22 Harmat utca (legközelebbi házszám: 29),overpass,29.0,
35462620,"22 Harmat utca, 1104 Budapest",47.4830989,19.1456072,hazszam_interpolalt,22 Harmat utca (legközelebbi házszám: 29),overpass,29.0,
35462625,"22 Harmat utca, 1104 Budapest",47.4830989,19.1456072,hazszam_interpolalt,22 Harmat utca (legközelebbi házszám: 29),overpass,29.0,
35462628,"22 Harmat utca, 1104 Budapest",47.4830989,19.1456072,hazszam_interpolalt,22 Harmat utca (legközelebbi házszám: 29),overpass,29.0,
35462630,"22 Harmat utca, 1104 Budapest",47.4830989,19.1456072,hazszam_interpolalt,22 Harmat utca (legközelebbi házszám: 29),overpass,29.0,
35462633,"22 Harmat utca, 1104 Budapest",47.4830989,19.1456072,hazszam_interpolalt,22 Harmat utca (legközelebbi házszám: 29),overpass,29.0,
35462635,"22 Harmat utca, 1104 Budapest",47.4830989,19.1456072,hazszam_interpolalt,22 Harmat utca (legközelebbi házszám: 29),overpass,29.0,
35462637,"22 Harmat utca, 1104 Budapest",47.4830989,19.1456072,hazszam_interpolalt,22 Harmat utca (legközelebbi házszám: 29),overpass,29.0,
35462642,"22 Harmat utca, 1104 Budapest",47.4830989,19.1456072,hazszam_interpolalt,22 Harmat utca (legközelebbi házszám: 29),overpass,29.0,
35462646,"22 Harmat utca, 1104 Budapest",47.4830989,19.1456072,hazszam_interpolalt,22 Harmat utca (legközelebbi házszám: 29),overpass,29.0,
35462651,"22 Harmat utca, 1104 Budapest",47.4830989,19.1456072,hazszam_interpolalt,22 Harmat utca (legközelebbi házszám: 29),overpass,29.0,
35462653,"22 Harmat utca, 1104 Budapest",47.4830989,19.1456072,hazszam_interpolalt,22 Harmat utca (legközelebbi házszám: 29),overpass,29.0,
35462656,"22 Harmat utca, 1104 Budapest",47.4830989,19.1456072,hazszam_interpolalt,22 Harmat utca (legközelebbi házszám: 29),overpass,29.0,
35462658,"22 Harmat utca, 1104 Budapest",47.4830989,19.1456072,hazszam_interpolalt,22 Harmat utca (legközelebbi házszám: 29),overpass,29.0,
35462667,"22 Harmat utca, 1104 Budapest",47.4830989,19.1456072,hazszam_interpolalt,22 Harmat utca (legközelebbi házszám: 29),overpass,29.0,
35462670,"22 Harmat utca, 1104 Budapest",47.4830989,19.1456072,hazszam_interpolalt,22 Harmat utca (legközelebbi házszám: 29),overpass,29.0,
35462677,"22 Harmat utca, 1104 Budapest",47.4830989,19.1456072,hazszam_interpolalt,22 Harmat utca (legközelebbi házszám: 29),overpass,29.0,
35462880,"22 Harmat utca, 1104 Budapest",47.4830989,19.1456072,hazszam_interpolalt,22 Harmat utca (legközelebbi házszám: 29),overpass,29.0,
35462887,"22 Harmat utca, 1104 Budapest",47.4830989,19.1456072,hazszam_interpolalt,22 Harmat utca (legközelebbi házszám: 29),overpass,29.0,
35462891,"22 Harmat utca, 1104 Budapest",47.4830989,19.1456072,hazszam_interpolalt,22 Harmat utca (legközelebbi házszám: 29),overpass,29.0,
35462901,"22 Harmat utca, 1104 Budapest",47.4830989,19.1456072,hazszam_interpolalt,22 Harmat utca (legközelebbi házszám: 29),overpass,29.0,
35462903,"22 Harmat utca, 1104 Budapest",47.4830989,19.1456072,hazszam_interpolalt,22 Harmat utca (legközelebbi házszám: 29),overpass,29.0,
35462905,"22 Harmat utca, 1104 Budapest",47.4830989,19.1456072,hazszam_interpolalt,22 Harmat utca (legközelebbi házszám: 29),overpass,29.0,
35462908,"22 Harmat utca, 1104 Budapest",47.4830989,19.1456072,hazszam_interpolalt,22 Harmat utca (legközelebbi házszám: 29),overpass,29.0,
35462915,"22 Harmat utca, 1104 Budapest",47.4830989,19.1456072,hazszam_interpolalt,22 Harmat utca (legközelebbi házszám: 29),overpass,29.0,
35462916,"22 Harmat utca, 1104 Budapest",47.4830989,19.1456072,hazszam_interpolalt,22 Harmat utca (legközelebbi házszám: 29),overpass,29.0,
35462921,"22 Harmat utca, 1104 Budapest",47.4830989,19.1456072,hazszam_interpolalt,22 Harmat utca (legközelebbi házszám: 29),overpass,29.0,
35462926,"22 Harmat utca, 1104 Budapest",47.4830989,19.1456072,hazszam_interpolalt,22 Harmat utca (legközelebbi házszám: 29),overpass,29.0,
35462941,"22 Harmat utca, 1104 Budapest",47.4830989,19.1456072,hazszam_interpolalt,22 Harmat utca (legközelebbi házszám: 29),overpass,29.0,
35462944,"22 Harmat utca, 1104 Budapest",47.4830989,19.1456072,hazszam_interpolalt,22 Harmat utca (legközelebbi házszám: 29),overpass,29.0,
35462955,"22 Harmat utca, 1104 Budapest",47.4830989,19.1456072,hazszam_interpolalt,22 Harmat utca (legközelebbi házszám: 29),overpass,29.0,
35462968,"22 Harmat utca, 1104 Budapest",47.4830989,19.1456072,hazszam_interpolalt,22 Harmat utca (legközelebbi házszám: 29),overpass,29.0,
35462970,"22 Harmat utca, 1104 Budapest",47.4830989,19.1456072,hazszam_interpolalt,22 Harmat utca (legközelebbi házszám: 29),overpass,29.0,
35462971,"22 Harmat utca, 1104 Budapest",47.4830989,19.1456072,hazszam_interpolalt,22 Harmat utca (legközelebbi házszám: 29),overpass,29.0,
35462976,"22 Harmat utca, 1104 Budapest",47.4830989,19.1456072,hazszam_interpolalt,22 Harmat utca (legközelebbi házszám: 29),overpass,29.0,
35462978,"22 Harmat utca, 1104 Budapest",47.4830989,19.1456072,hazszam_interpolalt,22 Harmat utca (legközelebbi házszám: 29),overpass,29.0,
35462996,"Gyakorló utca, 1106 Budapest",47.5018325,19.1436801,utca,"Gyakorló utca, Gyakorló utcai lakótelep, Felsőrákos, X. kerület, Budapest, 1106, Magyarország",nominatim/photon,,Felsőrákos
35463626,"Kőbánya-Kertváros, 1106 Budapest",47.4826961,19.2002952,utca,"Kőbánya-Kertváros, X. kerület, Budapest, Magyarország",nominatim/photon,,Kőbánya-Kertváros
35464276,"22 Harmat utca, 1104 Budapest",47.4830989,19.1456072,hazszam_interpolalt,22 Harmat utca (legközelebbi házszám: 29),overpass,29.0,
35464280,"22 Harmat utca, 1104 Budapest",47.4830989,19.1456072,hazszam_interpolalt,22 Harmat utca (legközelebbi házszám: 29),overpass,29.0,
35464288,"22 Harmat utca, 1104 Budapest",47.4830989,19.1456072,hazszam_interpolalt,22 Harmat utca (legközelebbi házszám: 29),overpass,29.0,
35464291,"22 Harmat utca, 1104 Budapest",47.4830989,19.1456072,hazszam_interpolalt,22 Harmat utca (legközelebbi házszám: 29),overpass,29.0,
35464298,"22 Harmat utca, 1104 Budapest",47.4830989,19.1456072,hazszam_interpolalt,22 Harmat utca (legközelebbi házszám: 29),overpass,29.0,
35464301,"22 Harmat utca, 1104 Budapest",47.4830989,19.1456072,hazszam_interpolalt,22 Harmat utca (legközelebbi házszám: 29),overpass,29.0,
35464304,"22 Harmat utca, 1104 Budapest",47.4830989,19.1456072,hazszam_interpolalt,22 Harmat utca (legközelebbi házszám: 29),overpass,29.0,
35464312,"22 Harmat utca, 1104 Budapest",47.4830989,19.1456072,hazszam_interpolalt,22 Harmat utca (legközelebbi házszám: 29),overpass,29.0,
35464316,"22 Harmat utca, 1104 Budapest",47.4830989,19.1456072,hazszam_interpolalt,22 Harmat utca (legközelebbi házszám: 29),overpass,29.0,
35464317,"Újhegyi út 18/B, 1108 Budapest",47.4697455,19.1723365,utca,"Újhegyi út, Újhegy, X. kerület, Budapest, 1108, Magyarország",nominatim/photon,,Újhegy
35464323,"22 Harmat utca, 1104 Budapest",47.4830989,19.1456072,hazszam_interpolalt,22 Harmat utca (legközelebbi házszám: 29),overpass,29.0,
35464328,"22 Harmat utca, 1104 Budapest",47.4830989,19.1456072,hazszam_interpolalt,22 Harmat utca (legközelebbi házszám: 29),overpass,29.0,
35464332,"22 Harmat utca, 1104 Budapest",47.4830989,19.1456072,hazszam_interpolalt,22 Harmat utca (legközelebbi házszám: 29),overpass,29.0,
35464339,"22 Harmat utca, 1104 Budapest",47.4830989,19.1456072,hazszam_interpolalt,22 Harmat utca (legközelebbi házszám: 29),overpass,29.0,
35464342,"22 Harmat utca, 1104 Budapest",47.4830989,19.1456072,hazszam_interpolalt,22 Harmat utca (legközelebbi házszám: 29),overpass,29.0,
35464349,"Kőbánya - Újhegyi lakótelep, 1108 Budapest",47.4918761,19.1206497,utca,Kőbánya-Teher,nominatim/photon,,Laposdűlő
35464356,"22 Harmat utca, 1104 Budapest",47.4830989,19.1456072,hazszam_interpolalt,22 Harmat utca (legközelebbi házszám: 29),overpass,29.0,
35464364,"22 Harmat utca, 1104 Budapest",47.4830989,19.1456072,hazszam_interpolalt,22 Harmat utca (legközelebbi házszám: 29),overpass,29.0,
35464367,"22 Harmat utca, 1104 Budapest",47.4830989,19.1456072,hazszam_interpolalt,22 Harmat utca (legközelebbi házszám: 29),overpass,29.0,
35464748,"26 Téglavető utca, 1105 Budapest",47.4836453,19.1497893,hazszam,"26, Téglavető utca, Óhegy, X. kerület, Budapest, 1106, Magyarország",nominatim/photon,26.0,Óhegy
35464789,"Maglódi út, 1106 Budapest",47.4805817,19.1614707,utca,"Maglódi út, Téglagyárdűlő, X. kerület, Budapest, 1106, Magyarország",nominatim/photon,,Téglagyárdűlő
35465103,"Kőbánya - Óhegy, 1103 Budapest",47.4820541,19.132346,utca,"Budapest-Kőbányai evangélikus templom, 14, Kápolna utca, Kőbánya Városközpont, Óhegy, X. kerület, Budapest, 1102, Magyarország",nominatim/photon,,Óhegy
35465853,"Noszlopy utca, 1103 Budapest",47.4735008,19.1502693,utca,"Noszlopy utca, Óhegyi lakótelep, Külső Kőbánya, Óhegy, X. kerület, Budapest, 1103, Magyarország",nominatim/photon,,Óhegy
35465917,"Újhegyi út 18/B, 1108 Budapest",47.4697455,19.1723365,utca,"Újhegyi út, Újhegy, X. kerület, Budapest, 1108, Magyarország",nominatim/photon,,Újhegy
35466270,"Újhegyi út, 1108 Budapest",47.4697455,19.1723365,utca,"Újhegyi út, Újhegy, X. kerület, Budapest, 1108, Magyarország",nominatim/photon,,Újhegy
35466870,"Felsőrákos, 1106 Budapest",47.4953772,19.1746318,utca,"Felsőrákos, X. kerület, Budapest, 1106, Magyarország",nominatim/photon,,Felsőrákos
35467095,"Kőbánya - Újhegyi lakótelep, 1108 Budapest",47.4918761,19.1206497,utca,Kőbánya-Teher,nominatim/photon,,Laposdűlő
35468216,"Füzér utca, 1102 Budapest",47.4885312,19.1271594,utca,"Füzér utca, Ligettelek, X. kerület, Budapest, 1102, Magyarország",nominatim/photon,,Ligettelek
35468815,"Agyagfejtő utca, 1108 Budapest",47.4722405,19.1614454,utca,"Agyagfejtő utca, Újhegy, X. kerület, Budapest, 1108, Magyarország",nominatim/photon,,Újhegy
35468896,"Kőbánya - Újhegyi lakótelep, 1108 Budapest",47.4918761,19.1206497,utca,Kőbánya-Teher,nominatim/photon,,Laposdűlő
35468910,"Gergely utca, 1103 Budapest",47.4766075,19.1399217,utca,"Gergely utca, Óhegyi lakótelep, Külső Kőbánya, Óhegy, X. kerület, Budapest, 1103, Magyarország",nominatim/photon,,Óhegy
35469396,"Kőbánya - Újhegyi lakótelep, 1108 Budapest",47.4918761,19.1206497,utca,Kőbánya-Teher,nominatim/photon,,Laposdűlő
35469761,"5 Kápolna tér, 1103 Budapest",47.4807592,19.1374581,hazszam,"5, Kápolna tér, Kőbánya Városközpont, Óhegy, X. kerület, Budapest, 1103, Magyarország",nominatim/photon,5.0,Óhegy
35469786,"Kőrösi Csoma sétány, 1102 Budapest",47.4836523,19.1295197,utca,"Kőrösi Csoma sétány, Ligettelek, X. kerület, Budapest, 1102, Magyarország",nominatim/photon,,Ligettelek
35469797,"5 Kápolna tér, 1103 Budapest",47.4807592,19.1374581,hazszam,"5, Kápolna tér, Kőbánya Városközpont, Óhegy, X. kerület, Budapest, 1103, Magyarország",nominatim/photon,5.0,Óhegy
35470152,"Liget tér, 1102 Budapest",47.4841818,19.1275583,utca,"Liget tér, Ligettelek, X. kerület, Budapest, 1102, Magyarország",nominatim/photon,,Ligettelek
35470287,"Sibrik Miklós út, 1103 Budapest",47.4718864,19.1593724,utca,"Sibrik Miklós út, Óhegy, X. kerület, Budapest, 1103, Magyarország",nominatim/photon,,Óhegy
35470420,"Sörgyár utca, 1104 Budapest",47.4800806,19.1572796,utca,"Sörgyár utca, Óhegy, X. kerület, Budapest, 1104, Magyarország",nominatim/photon,,Óhegy
35470432,"Kőbánya - Óhegy, 1103 Budapest",47.4820541,19.132346,utca,"Budapest-Kőbányai evangélikus templom, 14, Kápolna utca, Kőbánya Városközpont, Óhegy, X. kerület, Budapest, 1102, Magyarország",nominatim/photon,,Óhegy
35470457,"Sörgyár utca, 1104 Budapest",47.4800806,19.1572796,utca,"Sörgyár utca, Óhegy, X. kerület, Budapest, 1104, Magyarország",nominatim/photon,,Óhegy
35470459,"Szövőszék utca, 1108 Budapest",47.4717638,19.1608977,utca,"Szövőszék utca, Újhegy, X. kerület, Budapest, 1108, Magyarország",nominatim/photon,,Újhegy
35470471,"Gyakorló utca 4/i, 1106 Budapest",47.5017875,19.1409936,utca,"4/i, Gyakorló utca, Gyakorló utcai lakótelep, Felsőrákos, X. kerület, Budapest, 1106, Magyarország",nominatim/photon,,Felsőrákos
35470840,"Füzér utca, 1102 Budapest",47.4885312,19.1271594,utca,"Füzér utca, Ligettelek, X. kerület, Budapest, 1102, Magyarország",nominatim/photon,,Ligettelek
35471024,"Kőbánya - Újhegyi lakótelep, 1108 Budapest",47.4918761,19.1206497,utca,Kőbánya-Teher,nominatim/photon,,Laposdűlő
35471485,"Kőrösi Csoma sétány, 1102 Budapest",47.4836523,19.1295197,utca,"Kőrösi Csoma sétány, Ligettelek, X. kerület, Budapest, 1102, Magyarország",nominatim/photon,,Ligettelek
35471903,"Kőbánya - Újhegy, 1108 Budapest",47.4691191,19.1617088,utca,"Éltes Mátyás Általános Iskola és Kollégium, 9-11, Újhegyi sétány, Újhegy, X. kerület, Budapest, 1108, Magyarország",nominatim/photon,,Újhegy
35471940,"Kőbánya - Újhegyi lakótelep, 1108 Budapest",47.4918761,19.1206497,utca,Kőbánya-Teher,nominatim/photon,,Laposdűlő
35472533,"Endre utca, 1102 Budapest",47.4888107,19.1264458,utca,"Endre utca, Ligettelek, X. kerület, Budapest, 1102, Magyarország",nominatim/photon,,Ligettelek
35473652,"Kőbánya - Óhegy, 1103 Budapest",47.4820541,19.132346,utca,"Budapest-Kőbányai evangélikus templom, 14, Kápolna utca, Kőbánya Városközpont, Óhegy, X. kerület, Budapest, 1102, Magyarország",nominatim/photon,,Óhegy
35473673,"Kőbánya - Óhegy, 1103 Budapest",47.4820541,19.132346,utca,"Budapest-Kőbányai evangélikus templom, 14, Kápolna utca, Kőbánya Városközpont, Óhegy, X. kerület, Budapest, 1102, Magyarország",nominatim/photon,,Óhegy
35473677,"Kőbánya - Óhegy, 1103 Budapest",47.4820541,19.132346,utca,"Budapest-Kőbányai evangélikus templom, 14, Kápolna utca, Kőbánya Városközpont, Óhegy, X. kerület, Budapest, 1102, Magyarország",nominatim/photon,,Óhegy
35474404,"12 Szövőszék utca, 1108 Budapest",47.4712912,19.1616958,hazszam,"12, Szövőszék utca, Újhegy, X. kerület, Budapest, 1108, Magyarország",nominatim/photon,12.0,Újhegy
35475074,"Gyógyszergyári utca, 1106 Budapest",47.4977993,19.1441204,utca,"Gyógyszergyári utca, Gyakorló utcai lakótelep, Felsőrákos, X. kerület, Budapest, 1106, Magyarország",nominatim/photon,,Felsőrákos
35475416,"Kőbánya - Óhegy, 1103 Budapest",47.4820541,19.132346,utca,"Budapest-Kőbányai evangélikus templom, 14, Kápolna utca, Kőbánya Városközpont, Óhegy, X. kerület, Budapest, 1102, Magyarország",nominatim/photon,,Óhegy
35475707,"Sibrik Miklós út, 1103 Budapest",47.4718864,19.1593724,utca,"Sibrik Miklós út, Óhegy, X. kerület, Budapest, 1103, Magyarország",nominatim/photon,,Óhegy
35475858,"Oltó utca, 1108 Budapest",47.4700886,19.1581687,utca,"Oltó utca, Újhegy, X. kerület, Budapest, 1108, Magyarország",nominatim/photon,,Újhegy
35476213,"Mádi utca, 1105 Budapest",47.4889993,19.1408147,utca,"Mádi utca, Kőbánya Városközpont, Óhegy, X. kerület, Budapest, 1105, Magyarország",nominatim/photon,,Óhegy
35476223,"118-120 Keresztúri út, 1106 Budapest",47.5039585,19.1527157,utca,"Keresztúri út, Felsőrákos, X. kerület, Budapest, 1106, Magyarország",nominatim/photon,,Felsőrákos
35476511,"Kőbánya - Óhegy, 1103 Budapest",47.4820541,19.132346,utca,"Budapest-Kőbányai evangélikus templom, 14, Kápolna utca, Kőbánya Városközpont, Óhegy, X. kerület, Budapest, 1102, Magyarország",nominatim/photon,,Óhegy
35477735,"Kőbánya - Óhegy, 1103 Budapest",47.4820541,19.132346,utca,"Budapest-Kőbányai evangélikus templom, 14, Kápolna utca, Kőbánya Városközpont, Óhegy, X. kerület, Budapest, 1102, Magyarország",nominatim/photon,,Óhegy
35478003,"Állomás utca, 1102 Budapest",47.4851686,19.1286185,utca,"Állomás utca, Ligettelek, X. kerület, Budapest, 1102, Magyarország",nominatim/photon,,Ligettelek
35479065,"Kőbánya - Újhegyi lakótelep, 1108 Budapest",47.4918761,19.1206497,utca,Kőbánya-Teher,nominatim/photon,,Laposdűlő
35479699,"Gyömrői út, 1103 Budapest",47.4724291,19.1387493,utca,"Gyömrői út, Külső Kőbánya, Óhegy, X. kerület, Budapest, 1103, Magyarország",nominatim/photon,,Óhegy
35480273,"Kápolna utca, 1102 Budapest",47.4820688,19.1314417,utca,"Kápolna utca, Kőbánya Városközpont, Óhegy, X. kerület, Budapest, 1102, Magyarország",nominatim/photon,,Óhegy
35480329,"Bányató utca, 1108 Budapest",47.4645943,19.1669132,utca,"Bányató utca, Újhegy, X. kerület, Budapest, 1108, Magyarország",nominatim/photon,,Újhegy
35480553,"Kápolna utca, 1102 Budapest",47.4820688,19.1314417,utca,"Kápolna utca, Kőbánya Városközpont, Óhegy, X. kerület, Budapest, 1102, Magyarország",nominatim/photon,,Óhegy
35480884,"Kőbánya - Óhegy, 1103 Budapest",47.4820541,19.132346,utca,"Budapest-Kőbányai evangélikus templom, 14, Kápolna utca, Kőbánya Városközpont, Óhegy, X. kerület, Budapest, 1102, Magyarország",nominatim/photon,,Óhegy
35482071,"Kőbánya - Óhegy, 1103 Budapest",47.4820541,19.132346,utca,"Budapest-Kőbányai evangélikus templom, 14, Kápolna utca, Kőbánya Városközpont, Óhegy, X. kerület, Budapest, 1102, Magyarország",nominatim/photon,,Óhegy
35482592,"Kőbánya - Óhegy, 1103 Budapest",47.4820541,19.132346,utca,"Budapest-Kőbányai evangélikus templom, 14, Kápolna utca, Kőbánya Városközpont, Óhegy, X. kerület, Budapest, 1102, Magyarország",nominatim/photon,,Óhegy
35483630,"Újhegyi út, 1108 Budapest",47.4697455,19.1723365,utca,"Újhegyi út, Újhegy, X. kerület, Budapest, 1108, Magyarország",nominatim/photon,,Újhegy
35483694,"Laposdűlő - Pongrácz úti lakótelep, 1101 Budapest",47.4899521,19.1197096,utca,Pongrácz úti lakótelep,nominatim/photon,,Laposdűlő
35483920,"Felsőrákos, 1106 Budapest",47.4953772,19.1746318,utca,"Felsőrákos, X. kerület, Budapest, 1106, Magyarország",nominatim/photon,,Felsőrákos
35484279,"Bolgár utca, 1105 Budapest",47.4802455,19.1328259,utca,"Bolgár utca, Kőbánya Városközpont, Óhegy, X. kerület, Budapest, 1105, Magyarország",nominatim/photon,,Óhegy
35484332,"Hatház utca, 1106 Budapest",47.5036103,19.1489287,utca,"Hatház utca, Gyakorló utcai lakótelep, Felsőrákos, X. kerület, Budapest, 1106, Magyarország",nominatim/photon,,Felsőrákos
35484419,"200 Mádi utca, 1108 Budapest",47.4721764,19.1666235,hazszam,"200, Mádi utca, Újhegy, X. kerület, Budapest, 1108, Magyarország",nominatim/photon,200.0,Újhegy
35484528,"Újhegyi út, 1108 Budapest",47.4697455,19.1723365,utca,"Újhegyi út, Újhegy, X. kerület, Budapest, 1108, Magyarország",nominatim/photon,,Újhegy
35484531,"Tóvirág utca, 1108 Budapest",47.4691728,19.1643295,utca,"Tóvirág utca, Újhegy, X. kerület, Budapest, 1108, Magyarország",nominatim/photon,,Újhegy
35484623,"Kőbánya - Újhegyi lakótelep, 1108 Budapest",47.4918761,19.1206497,utca,Kőbánya-Teher,nominatim/photon,,Laposdűlő
35484657,"Sörgyár utca, 1104 Budapest",47.4800806,19.1572796,utca,"Sörgyár utca, Óhegy, X. kerület, Budapest, 1104, Magyarország",nominatim/photon,,Óhegy
35485905,"Gyakorló utca, 1106 Budapest",47.5018325,19.1436801,utca,"Gyakorló utca, Gyakorló utcai lakótelep, Felsőrákos, X. kerület, Budapest, 1106, Magyarország",nominatim/photon,,Felsőrákos
35486517,"Kőbánya-Városközpont, 1105 Budapest",47.482503,19.1307351,utca,"Kőbánya Városközpont, Óhegy, X. kerület, Budapest, 1102, Magyarország",nominatim/photon,,Óhegy
35486693,"Gyakorló utca, 1106 Budapest",47.5018325,19.1436801,utca,"Gyakorló utca, Gyakorló utcai lakótelep, Felsőrákos, X. kerület, Budapest, 1106, Magyarország",nominatim/photon,,Felsőrákos
35486728,"69 Harmat utca, 1104 Budapest",47.480557,19.1483373,hazszam,"69/b, Harmat utca, Óhegyi lakótelep, Óhegy, X. kerület, Budapest, 1104, Magyarország",nominatim/photon,69.0,Óhegy
35486816,"Lenfonó utca, 1108 Budapest",47.4712382,19.1593693,utca,"Lenfonó utca, Újhegy, X. kerület, Budapest, 1108, Magyarország",nominatim/photon,,Újhegy
35487720,"15 Lángvirág utca, 1106 Budapest",47.5032389,19.1454703,hazszam,,nominatim/photon,15.0,Felsőrákos
35488433,"Alkér utca, 1104 Budapest",47.4771294,19.1467211,utca,"Alkér utca, Óhegyi lakótelep, Külső Kőbánya, Óhegy, X. kerület, Budapest, 1104, Magyarország",nominatim/photon,,Óhegy
35489060,"Endre utca, 1102 Budapest",47.4888107,19.1264458,utca,"Endre utca, Ligettelek, X. kerület, Budapest, 1102, Magyarország",nominatim/photon,,Ligettelek
35489122,"Harmat köz, 1105 Budapest",47.4891047,19.1387448,utca,"Harmat köz, Kőbánya Városközpont, Óhegy, X. kerület, Budapest, 1105, Magyarország",nominatim/photon,,Óhegy
35489511,"Gergely utca, 1103 Budapest",47.4766075,19.1399217,utca,"Gergely utca, Óhegyi lakótelep, Külső Kőbánya, Óhegy, X. kerület, Budapest, 1103, Magyarország",nominatim/photon,,Óhegy
35490240,"Kőbánya - Óhegy, 1103 Budapest",47.4820541,19.132346,utca,"Budapest-Kőbányai evangélikus templom, 14, Kápolna utca, Kőbánya Városközpont, Óhegy, X. kerület, Budapest, 1102, Magyarország",nominatim/photon,,Óhegy
35490243,"Kőbánya-Városközpont, 1105 Budapest",47.482503,19.1307351,utca,"Kőbánya Városközpont, Óhegy, X. kerület, Budapest, 1102, Magyarország",nominatim/photon,,Óhegy
35490392,"Bihari utca, 1107 Budapest",47.4769847,19.1207693,utca,"Bihari utca, Monori Center Chinatown, Gyárdűlő, X. kerület, Budapest, 1107, Magyarország",nominatim/photon,,Gyárdűlő
35491502,"Kozma utca, 1108 Budapest",47.4796704,19.1777153,utca,"Kozma utca, Téglagyárdűlő, X. kerület, Budapest, 1108, Magyarország",nominatim/photon,,Téglagyárdűlő
35491561,"Harmat utca, 1102 Budapest",47.4906403,19.1354378,utca,"Harmat utca, Ligettelek, X. kerület, Budapest, 1102, Magyarország",nominatim/photon,,Ligettelek
35491829,"Újhegyi út, 1108 Budapest",47.4697455,19.1723365,utca,"Újhegyi út, Újhegy, X. kerület, Budapest, 1108, Magyarország",nominatim/photon,,Újhegy
35492326,"21 Szentimrey utca, 1104 Budapest",47.4776285,19.1630986,hazszam,"21, Szentimrey utca, Óhegy, X. kerület, Budapest, 1104, Magyarország",nominatim/photon,21.0,Óhegy
35492412,"Kőrösi Csoma Sándor út, 1102 Budapest",47.4865004,19.1327222,utca,"Kőrösi Csoma Sándor út, Ligettelek, X. kerület, Budapest, 1102, Magyarország",nominatim/photon,,Ligettelek
35492786,"Kőrösi Csoma Sándor út, 1102 Budapest",47.4865004,19.1327222,utca,"Kőrösi Csoma Sándor út, Ligettelek, X. kerület, Budapest, 1102, Magyarország",nominatim/photon,,Ligettelek
35492813,"Kőbánya - Újhegy, 1108 Budapest",47.4691191,19.1617088,utca,"Éltes Mátyás Általános Iskola és Kollégium, 9-11, Újhegyi sétány, Újhegy, X. kerület, Budapest, 1108, Magyarország",nominatim/photon,,Újhegy
35493099,"8 Szőlővirág utca, 1108 Budapest",47.469993,19.1643621,hazszam,"8, Szőlővirág utca, Újhegy, X. kerület, Budapest, 1108, Magyarország",nominatim/photon,8.0,Újhegy
35493201,"Szőlővirág utca, 1108 Budapest",47.4698302,19.1644925,utca,"Szőlővirág utca, Újhegy, X. kerület, Budapest, 1108, Magyarország",nominatim/photon,,Újhegy
35493951,"Harmat utca, 1102 Budapest",47.4906403,19.1354378,utca,"Harmat utca, Ligettelek, X. kerület, Budapest, 1102, Magyarország",nominatim/photon,,Ligettelek
35493996,"Szárnyas utca, 1107 Budapest",47.4677585,19.1212839,utca,"Szárnyas utca, Gyárdűlő, X. kerület, Budapest, 1107, Magyarország",nominatim/photon,,Gyárdűlő
35495329,"8 Gyógyszergyári utca, 1106 Budapest",47.4983016,19.14218,hazszam,"K2, 8, Gyógyszergyári utca, Kincsem Lakópark, Felsőrákos, X. kerület, Budapest, 1106, Magyarország",nominatim/photon,8.0,Felsőrákos
35495373,"5-7 Hungária körút, 1101 Budapest",47.4921691,19.1116152,hazszam,"Kőbányai Bem József Általános Iskola, 5-7, Hungária körút, Honvédségi lakótelep, Laposdűlő, X. kerület, Budapest, 1101, Magyarország",nominatim/photon,5.0,Laposdűlő
35495505,"Kőbánya - Óhegy, 1103 Budapest",47.4820541,19.132346,utca,"Budapest-Kőbányai evangélikus templom, 14, Kápolna utca, Kőbánya Városközpont, Óhegy, X. kerület, Budapest, 1102, Magyarország",nominatim/photon,,Óhegy
35496582,"Kőbányai út, 1101 Budapest",47.4856054,19.1109997,utca,"Kőbányai út, Taraliget lakópark, Népliget, X. kerület, Budapest, 1101, Magyarország",nominatim/photon,,Népliget
35497350,"Kőbánya - Óhegy, 1103 Budapest",47.4820541,19.132346,utca,"Budapest-Kőbányai evangélikus templom, 14, Kápolna utca, Kőbánya Városközpont, Óhegy, X. kerület, Budapest, 1102, Magyarország",nominatim/photon,,Óhegy
35497406,"Ihász köz, 1105 Budapest",47.4860782,19.1435952,utca,"Ihász köz, Kőbánya Városközpont, Óhegy, X. kerület, Budapest, 1105, Magyarország",nominatim/photon,,Óhegy
35498344,"Felsőrákos, 1106 Budapest",47.4953772,19.1746318,utca,"Felsőrákos, X. kerület, Budapest, 1106, Magyarország",nominatim/photon,,Felsőrákos
35498347,"Kőbánya - Újhegyi lakótelep, 1108 Budapest",47.4918761,19.1206497,utca,Kőbánya-Teher,nominatim/photon,,Laposdűlő
35499244,"Gyakorló utca, 1106 Budapest",47.5018325,19.1436801,utca,"Gyakorló utca, Gyakorló utcai lakótelep, Felsőrákos, X. kerület, Budapest, 1106, Magyarország",nominatim/photon,,Felsőrákos
35499640,"Hatház utca, 1106 Budapest",47.5036103,19.1489287,utca,"Hatház utca, Gyakorló utcai lakótelep, Felsőrákos, X. kerület, Budapest, 1106, Magyarország",nominatim/photon,,Felsőrákos
35500506,"1 Hatház utca, 1106 Budapest",47.502859,19.1484593,hazszam,"1, Hatház utca, Gyakorló utcai lakótelep, Felsőrákos, X. kerület, Budapest, 1106, Magyarország",nominatim/photon,1.0,Felsőrákos
35500932,"5-7 Hungária körút, 1101 Budapest",47.4921691,19.1116152,hazszam,"Kőbányai Bem József Általános Iskola, 5-7, Hungária körút, Honvédségi lakótelep, Laposdűlő, X. kerület, Budapest, 1101, Magyarország",nominatim/photon,5.0,Laposdűlő
35500984,"3 Liget tér, 1102 Budapest",47.4833749,19.1294074,hazszam,"K&H Bank, 3, Liget tér, Kőbánya Városközpont, Óhegy, X. kerület, Budapest, 1102, Magyarország",nominatim/photon,3.0,Óhegy
35501325,"Kőbánya - Óhegy, 1103 Budapest",47.4820541,19.132346,utca,"Budapest-Kőbányai evangélikus templom, 14, Kápolna utca, Kőbánya Városközpont, Óhegy, X. kerület, Budapest, 1102, Magyarország",nominatim/photon,,Óhegy
35501549,"12 Kővágó utca, 1108 Budapest",47.4726106,19.1638617,hazszam,"12, Kővágó utca, Újhegy, X. kerület, Budapest, 1108, Magyarország",nominatim/photon,12.0,Újhegy
35501760,"Oltó utca, 1108 Budapest",47.4700886,19.1581687,utca,"Oltó utca, Újhegy, X. kerület, Budapest, 1108, Magyarország",nominatim/photon,,Újhegy
35502051,"Harmat utca, 1108 Budapest",47.4649554,19.1721158,utca,"Harmat utca, Újhegy, X. kerület, Budapest, 1108, Magyarország",nominatim/photon,,Újhegy
35502108,"6 Gyógyszergyári utca, 1106 Budapest",47.4981391,19.1407571,hazszam,"K1, 6, Gyógyszergyári utca, Kincsem Lakópark, Felsőrákos, X. kerület, Budapest, 1106, Magyarország",nominatim/photon,6.0,Felsőrákos
35502271,"Harmat köz, 1105 Budapest",47.4891047,19.1387448,utca,"Harmat köz, Kőbánya Városközpont, Óhegy, X. kerület, Budapest, 1105, Magyarország",nominatim/photon,,Óhegy
35502298,"Kőbánya - Óhegy, 1103 Budapest",47.4820541,19.132346,utca,"Budapest-Kőbányai evangélikus templom, 14, Kápolna utca, Kőbánya Városközpont, Óhegy, X. kerület, Budapest, 1102, Magyarország",nominatim/photon,,Óhegy
35502951,"Kőbánya - Újhegyi lakótelep, 1108 Budapest",47.4918761,19.1206497,utca,Kőbánya-Teher,nominatim/photon,,Laposdűlő
35503243,"Martinovics tér, 1105 Budapest",47.4810366,19.1345829,utca,"Martinovics tér, Kőbánya Városközpont, Óhegy, X. kerület, Budapest, 1105, Magyarország",nominatim/photon,,Óhegy
35503295,"Salgótarjáni utca, 1101 Budapest",47.4905952,19.1125512,utca,"Salgótarjáni utca, MÁV-telep, Laposdűlő, X. kerület, Budapest, 1101, Magyarország",nominatim/photon,,Laposdűlő
35503324,"Kada utca, 1106 Budapest",47.4818406,19.1572166,utca,"Kada utca, Óhegy, X. kerület, Budapest, 1106, Magyarország",nominatim/photon,,Óhegy
35504455,"Felsőrákos, 1106 Budapest",47.4953772,19.1746318,utca,"Felsőrákos, X. kerület, Budapest, 1106, Magyarország",nominatim/photon,,Felsőrákos
35504782,"Kőbánya - Óhegy, 1103 Budapest",47.4820541,19.132346,utca,"Budapest-Kőbányai evangélikus templom, 14, Kápolna utca, Kőbánya Városközpont, Óhegy, X. kerület, Budapest, 1102, Magyarország",nominatim/photon,,Óhegy
35504783,"Mádi utca, 1105 Budapest",47.4889993,19.1408147,utca,"Mádi utca, Kőbánya Városközpont, Óhegy, X. kerület, Budapest, 1105, Magyarország",nominatim/photon,,Óhegy
35504946,"Gyakorló utca, 1106 Budapest",47.5018325,19.1436801,utca,"Gyakorló utca, Gyakorló utcai lakótelep, Felsőrákos, X. kerület, Budapest, 1106, Magyarország",nominatim/photon,,Felsőrákos
35505667,"Üllői út, 1101 Budapest",47.4741549,19.1028852,utca,"Üllői út, Népliget, X. kerület, Budapest, 1101, Magyarország",nominatim/photon,,Népliget
35505848,"Kőbánya - Újhegy, 1108 Budapest",47.4691191,19.1617088,utca,"Éltes Mátyás Általános Iskola és Kollégium, 9-11, Újhegyi sétány, Újhegy, X. kerület, Budapest, 1108, Magyarország",nominatim/photon,,Újhegy
35506808,"Kőbánya - Újhegyi lakótelep, 1108 Budapest",47.4918761,19.1206497,utca,Kőbánya-Teher,nominatim/photon,,Laposdűlő
35506813,"Felsőrákos, 1106 Budapest",47.4953772,19.1746318,utca,"Felsőrákos, X. kerület, Budapest, 1106, Magyarország",nominatim/photon,,Felsőrákos
35506816,"Kőbánya - Újhegy, 1108 Budapest",47.4691191,19.1617088,utca,"Éltes Mátyás Általános Iskola és Kollégium, 9-11, Újhegyi sétány, Újhegy, X. kerület, Budapest, 1108, Magyarország",nominatim/photon,,Újhegy
35507134,"Hang utca, 1108 Budapest",47.4709562,19.1664476,utca,"Hang utca, Újhegy, X. kerület, Budapest, 1108, Magyarország",nominatim/photon,,Újhegy
35508600,"Laposdűlő, 1101 Budapest",47.4927492,19.1144828,utca,"Laposdűlő, X. kerület, Budapest, 1101, Magyarország",nominatim/photon,,Laposdűlő
35508603,"Laposdűlő, 1101 Budapest",47.4927492,19.1144828,utca,"Laposdűlő, X. kerület, Budapest, 1101, Magyarország",nominatim/photon,,Laposdűlő
35509095,"Salgótarjáni utca, 1101 Budapest",47.4905952,19.1125512,utca,"Salgótarjáni utca, MÁV-telep, Laposdűlő, X. kerület, Budapest, 1101, Magyarország",nominatim/photon,,Laposdűlő
35510012,"Vaspálya utca, 1103 Budapest",47.4651036,19.1475176,utca,"Robert Bosch utca, Külső Kőbánya, Óhegy, X. kerület, Budapest, 1103, Magyarország",nominatim/photon,,Óhegy
35510170,"Kőrösi Csoma Sándor út, 1102 Budapest",47.4865004,19.1327222,utca,"Kőrösi Csoma Sándor út, Ligettelek, X. kerület, Budapest, 1102, Magyarország",nominatim/photon,,Ligettelek
35510503,"Tóvirág utca, 1108 Budapest",47.4691728,19.1643295,utca,"Tóvirág utca, Újhegy, X. kerület, Budapest, 1108, Magyarország",nominatim/photon,,Újhegy
35510576,"Szőlővirág utca, 1108 Budapest",47.4698302,19.1644925,utca,"Szőlővirág utca, Újhegy, X. kerület, Budapest, 1108, Magyarország",nominatim/photon,,Újhegy
35510717,"Harmat utca, 1104 Budapest",47.4755161,19.1567075,utca,"Harmat utca, Óhegyi lakótelep, Külső Kőbánya, Óhegy, X. kerület, Budapest, 1104, Magyarország",nominatim/photon,,Óhegy
35511200,"Kőbánya - Óhegy, 1103 Budapest",47.4820541,19.132346,utca,"Budapest-Kőbányai evangélikus templom, 14, Kápolna utca, Kőbánya Városközpont, Óhegy, X. kerület, Budapest, 1102, Magyarország",nominatim/photon,,Óhegy
35511383,"Óhegy park, 1105 Budapest",47.4799033,19.1483045,utca,"Óhegy park, Dér utca, Óhegy, X. kerület, Budapest, 1105, Magyarország",nominatim/photon,,Óhegy
35511814,"Salgótarjáni utca, 1101 Budapest",47.4905952,19.1125512,utca,"Salgótarjáni utca, MÁV-telep, Laposdűlő, X. kerület, Budapest, 1101, Magyarország",nominatim/photon,,Laposdűlő
35511835,"Gergely utca, 1103 Budapest",47.4766075,19.1399217,utca,"Gergely utca, Óhegyi lakótelep, Külső Kőbánya, Óhegy, X. kerület, Budapest, 1103, Magyarország",nominatim/photon,,Óhegy
35512364,"Kőrösi Csoma Sándor út, 1102 Budapest",47.4865004,19.1327222,utca,"Kőrösi Csoma Sándor út, Ligettelek, X. kerület, Budapest, 1102, Magyarország",nominatim/photon,,Ligettelek
35512428,"12 Szőlőhegy utca, 1104 Budapest",47.4811851,19.1505195,hazszam,"12, Szőlőhegy utca, Óhegy, X. kerület, Budapest, 1104, Magyarország",nominatim/photon,12.0,Óhegy
35512541,"Kelemen utca, 1103 Budapest",47.4802919,19.1386832,utca,"Kelemen utca, Kőbánya Városközpont, Óhegy, X. kerület, Budapest, 1105, Magyarország",nominatim/photon,,Óhegy
35512653,"Gyógyszergyári utca, 1106 Budapest",47.4977993,19.1441204,utca,"Gyógyszergyári utca, Gyakorló utcai lakótelep, Felsőrákos, X. kerület, Budapest, 1106, Magyarország",nominatim/photon,,Felsőrákos
35513329,"24 Kada utca, 1106 Budapest",47.4793308,19.1531334,hazszam_interpolalt,24 Kada utca (legközelebbi házszám: 120),overpass,120.0,
35513612,"Kőbánya - Óhegy, 1103 Budapest",47.4820541,19.132346,utca,"Budapest-Kőbányai evangélikus templom, 14, Kápolna utca, Kőbánya Városközpont, Óhegy, X. kerület, Budapest, 1102, Magyarország",nominatim/photon,,Óhegy
35513622,"8 Gyógyszergyári utca, 1106 Budapest",47.4983016,19.14218,hazszam,"K2, 8, Gyógyszergyári utca, Kincsem Lakópark, Felsőrákos, X. kerület, Budapest, 1106, Magyarország",nominatim/photon,8.0,Felsőrákos
35513762,"Harmat utca, 1104 Budapest",47.4755161,19.1567075,utca,"Harmat utca, Óhegyi lakótelep, Külső Kőbánya, Óhegy, X. kerület, Budapest, 1104, Magyarország",nominatim/photon,,Óhegy
35514148,"Kőbánya-Kertváros, 1106 Budapest",47.4826961,19.2002952,utca,"Kőbánya-Kertváros, X. kerület, Budapest, Magyarország",nominatim/photon,,Kőbánya-Kertváros
35514171,"Felsőrákos, 1106 Budapest",47.4953772,19.1746318,utca,"Felsőrákos, X. kerület, Budapest, 1106, Magyarország",nominatim/photon,,Felsőrákos
35514380,"Alkér utca, 1104 Budapest",47.4771294,19.1467211,utca,"Alkér utca, Óhegyi lakótelep, Külső Kőbánya, Óhegy, X. kerület, Budapest, 1104, Magyarország",nominatim/photon,,Óhegy
35514991,"Gitár utca, 1106 Budapest",47.4887631,19.1537352,utca,"Gitár utca, Téglagyárdűlő, X. kerület, Budapest, 1106, Magyarország",nominatim/photon,,Téglagyárdűlő
35515659,"Kőbánya - Óhegy, 1103 Budapest",47.4820541,19.132346,utca,"Budapest-Kőbányai evangélikus templom, 14, Kápolna utca, Kőbánya Városközpont, Óhegy, X. kerület, Budapest, 1102, Magyarország",nominatim/photon,,Óhegy
35515840,"Kőbánya - Óhegy, 1103 Budapest",47.4820541,19.132346,utca,"Budapest-Kőbányai evangélikus templom, 14, Kápolna utca, Kőbánya Városközpont, Óhegy, X. kerület, Budapest, 1102, Magyarország",nominatim/photon,,Óhegy
35515915,"Salgótarjáni utca, 1101 Budapest",47.4905952,19.1125512,utca,"Salgótarjáni utca, MÁV-telep, Laposdűlő, X. kerület, Budapest, 1101, Magyarország",nominatim/photon,,Laposdűlő
35515946,"16 Bihari utca, 1107 Budapest",47.4798717,19.1247642,hazszam,"Nemzeti Adó- és Vámhivatal, 16/B, Bihari utca, Monori Center Chinatown, Gyárdűlő, X. kerület, Budapest, 1107, Magyarország",nominatim/photon,16.0,Gyárdűlő
35515957,"Salgótarjáni utca, 1101 Budapest",47.4905952,19.1125512,utca,"Salgótarjáni utca, MÁV-telep, Laposdűlő, X. kerület, Budapest, 1101, Magyarország",nominatim/photon,,Laposdűlő
35516208,"Kőbánya - Óhegy, 1103 Budapest",47.4820541,19.132346,utca,"Budapest-Kőbányai evangélikus templom, 14, Kápolna utca, Kőbánya Városközpont, Óhegy, X. kerület, Budapest, 1102, Magyarország",nominatim/photon,,Óhegy
35516234,"Fokos utca, 1107 Budapest",47.4790133,19.1227516,utca,"Fokos utca, Monori Center Chinatown, Gyárdűlő, X. kerület, Budapest, 1107, Magyarország",nominatim/photon,,Gyárdűlő
35516258,"5 Bihari utca, 1107 Budapest",47.4727449,19.1148959,hazszam,"5/A, Bihari utca, Gyárdűlő, X. kerület, Budapest, 1107, Magyarország",nominatim/photon,5.0,Gyárdűlő
35516282,"Kéknyelű utca, 1104 Budapest",47.4798921,19.1516081,utca,"Kéknyelű utca, Óhegyi lakótelep, Óhegy, X. kerület, Budapest, 1104, Magyarország",nominatim/photon,,Óhegy
35516329,"3 Kisbacon utca, 1101 Budapest",47.4862363,19.1237534,hazszam,"3, Kisbacon utca, Nagy-Pongrác telep, Laposdűlő, X. kerület, Budapest, 1101, Magyarország",nominatim/photon,3.0,Laposdűlő
35516491,"Doba utca, 1101 Budapest",47.4869721,19.1223924,utca,"Doba utca, Nagy-Pongrác telep, Laposdűlő, X. kerület, Budapest, 1101, Magyarország",nominatim/photon,,Laposdűlő
35516821,"Szárnyas utca, 1107 Budapest",47.4677585,19.1212839,utca,"Szárnyas utca, Gyárdűlő, X. kerület, Budapest, 1107, Magyarország",nominatim/photon,,Gyárdűlő
35517095,"Maglódi út, 1106 Budapest",47.4805817,19.1614707,utca,"Maglódi út, Téglagyárdűlő, X. kerület, Budapest, 1106, Magyarország",nominatim/photon,,Téglagyárdűlő
35518406,"Gém utca, 1107 Budapest",47.4709565,19.1216348,utca,"Gém utca, Gyárdűlő, X. kerület, Budapest, 1107, Magyarország",nominatim/photon,,Gyárdűlő
35518916,"Kada utca, 1106 Budapest",47.4818406,19.1572166,utca,"Kada utca, Óhegy, X. kerület, Budapest, 1106, Magyarország",nominatim/photon,,Óhegy
35519685,"Agyagfejtő utca, 1108 Budapest",47.4722405,19.1614454,utca,"Agyagfejtő utca, Újhegy, X. kerület, Budapest, 1108, Magyarország",nominatim/photon,,Újhegy
35519817,"Salgótarjáni utca, 1101 Budapest",47.4905952,19.1125512,utca,"Salgótarjáni utca, MÁV-telep, Laposdűlő, X. kerület, Budapest, 1101, Magyarország",nominatim/photon,,Laposdűlő
35520278,"22 Sörgyár utca, 1104 Budapest",47.4818665,19.1465986,hazszam,,nominatim/photon,22.0,Óhegy
35520458,"Liget tér, 1102 Budapest",47.4841818,19.1275583,utca,"Liget tér, Ligettelek, X. kerület, Budapest, 1102, Magyarország",nominatim/photon,,Ligettelek
35520756,"141 Kada utca, 1106 Budapest",47.4806289,19.1556494,hazszam,"141, Kada utca, Óhegy, X. kerület, Budapest, 1480, Magyarország",nominatim/photon,141.0,Óhegy
35521625,"Sörgyár utca, 1104 Budapest",47.4800806,19.1572796,utca,"Sörgyár utca, Óhegy, X. kerület, Budapest, 1104, Magyarország",nominatim/photon,,Óhegy
35522487,"Kőbánya - Óhegyi lakótelep, 1103 Budapest",47.4752666,19.1504781,utca,Óhegyi lakótelep,nominatim/photon,,Óhegy
35522571,"Kada utca, 1106 Budapest",47.4818406,19.1572166,utca,"Kada utca, Óhegy, X. kerület, Budapest, 1106, Magyarország",nominatim/photon,,Óhegy
35522815,"Szőlőhegy utca, 1104 Budapest",47.4809129,19.1506159,utca,"Szőlőhegy utca, Óhegy, X. kerület, Budapest, 1104, Magyarország",nominatim/photon,,Óhegy
35522852,"Kőbánya - Óhegy, 1103 Budapest",47.4820541,19.132346,utca,"Budapest-Kőbányai evangélikus templom, 14, Kápolna utca, Kőbánya Városközpont, Óhegy, X. kerület, Budapest, 1102, Magyarország",nominatim/photon,,Óhegy
35523012,"Kőbánya - Óhegy, 1103 Budapest",47.4820541,19.132346,utca,"Budapest-Kőbányai evangélikus templom, 14, Kápolna utca, Kőbánya Városközpont, Óhegy, X. kerület, Budapest, 1102, Magyarország",nominatim/photon,,Óhegy
35523134,"Kőbánya - Óhegyi lakótelep, 1103 Budapest",47.4752666,19.1504781,utca,Óhegyi lakótelep,nominatim/photon,,Óhegy
35523159,"Bihari utca, 1107 Budapest",47.4769847,19.1207693,utca,"Bihari utca, Monori Center Chinatown, Gyárdűlő, X. kerület, Budapest, 1107, Magyarország",nominatim/photon,,Gyárdűlő
35523188,"Kada utca, 1106 Budapest",47.4818406,19.1572166,utca,"Kada utca, Óhegy, X. kerület, Budapest, 1106, Magyarország",nominatim/photon,,Óhegy
35523631,"Hatház utca, 1106 Budapest",47.5036103,19.1489287,utca,"Hatház utca, Gyakorló utcai lakótelep, Felsőrákos, X. kerület, Budapest, 1106, Magyarország",nominatim/photon,,Felsőrákos
35523741,"Hang utca, 1108 Budapest",47.4709562,19.1664476,utca,"Hang utca, Újhegy, X. kerület, Budapest, 1108, Magyarország",nominatim/photon,,Újhegy
35525439,"Sörgyár utca, 1104 Budapest",47.4800806,19.1572796,utca,"Sörgyár utca, Óhegy, X. kerület, Budapest, 1104, Magyarország",nominatim/photon,,Óhegy
35526201,"Felsőrákos, 1106 Budapest",47.4953772,19.1746318,utca,"Felsőrákos, X. kerület, Budapest, 1106, Magyarország",nominatim/photon,,Felsőrákos
35526270,"Bánya utca, 1105 Budapest",47.4851055,19.1348295,utca,"Bánya utca, Kőbánya Városközpont, Óhegy, X. kerület, Budapest, 1105, Magyarország",nominatim/photon,,Óhegy
35526330,"Laposdűlő, 1101 Budapest",47.4927492,19.1144828,utca,"Laposdűlő, X. kerület, Budapest, 1101, Magyarország",nominatim/photon,,Laposdűlő
35526412,"Bánya utca, 1102 Budapest",47.4895883,19.1313675,utca,"Bánya utca, Ligettelek, X. kerület, Budapest, 1102, Magyarország",nominatim/photon,,Ligettelek
35527025,"Gém utca, 1107 Budapest",47.4709565,19.1216348,utca,"Gém utca, Gyárdűlő, X. kerület, Budapest, 1107, Magyarország",nominatim/photon,,Gyárdűlő
35527132,"Mongol utca, 1105 Budapest",47.4787722,19.1318437,utca,"Mongol utca, Kőbánya Városközpont, Óhegy, X. kerület, Budapest, 1105, Magyarország",nominatim/photon,,Óhegy
35527137,"Gyárdűlői lakótelep, 1107 Budapest",47.4754656,19.1221648,utca,Gyárdűlő,nominatim/photon,,
35527346,"Szárnyas utca, 1107 Budapest",47.4677585,19.1212839,utca,"Szárnyas utca, Gyárdűlő, X. kerület, Budapest, 1107, Magyarország",nominatim/photon,,Gyárdűlő
35527650,"Kőbánya-Városközpont, 1105 Budapest",47.482503,19.1307351,utca,"Kőbánya Városközpont, Óhegy, X. kerület, Budapest, 1102, Magyarország",nominatim/photon,,Óhegy
35528092,"Ligettelek, 1101 Budapest",47.493646,19.1300619,utca,"Ligettelek, X. kerület, Budapest, 1102, Magyarország",nominatim/photon,,Ligettelek
35528422,"Kőbánya - Óhegy, 1103 Budapest",47.4820541,19.132346,utca,"Budapest-Kőbányai evangélikus templom, 14, Kápolna utca, Kőbánya Városközpont, Óhegy, X. kerület, Budapest, 1102, Magyarország",nominatim/photon,,Óhegy
35528475,"Kőér utca, 1103 Budapest",47.4675109,19.1270288,utca,"Kőér utca, Kúttó, X. kerület, Budapest, 1103, Magyarország",nominatim/photon,,Kúttó
35528531,"Kőbánya - Óhegy, 1103 Budapest",47.4820541,19.132346,utca,"Budapest-Kőbányai evangélikus templom, 14, Kápolna utca, Kőbánya Városközpont, Óhegy, X. kerület, Budapest, 1102, Magyarország",nominatim/photon,,Óhegy
35528586,"Kőbánya - Újhegyi lakótelep, 1108 Budapest",47.4918761,19.1206497,utca,Kőbánya-Teher,nominatim/photon,,Laposdűlő
35528595,"Gyógyszergyári utca, 1106 Budapest",47.4977993,19.1441204,utca,"Gyógyszergyári utca, Gyakorló utcai lakótelep, Felsőrákos, X. kerület, Budapest, 1106, Magyarország",nominatim/photon,,Felsőrákos
35528603,"Gyógyszergyári utca, 1106 Budapest",47.4977993,19.1441204,utca,"Gyógyszergyári utca, Gyakorló utcai lakótelep, Felsőrákos, X. kerület, Budapest, 1106, Magyarország",nominatim/photon,,Felsőrákos
35528605,"Gyógyszergyári utca, 1106 Budapest",47.4977993,19.1441204,utca,"Gyógyszergyári utca, Gyakorló utcai lakótelep, Felsőrákos, X. kerület, Budapest, 1106, Magyarország",nominatim/photon,,Felsőrákos
35528610,"Gyógyszergyári utca, 1106 Budapest",47.4977993,19.1441204,utca,"Gyógyszergyári utca, Gyakorló utcai lakótelep, Felsőrákos, X. kerület, Budapest, 1106, Magyarország",nominatim/photon,,Felsőrákos
35528614,"Gyógyszergyári utca, 1106 Budapest",47.4977993,19.1441204,utca,"Gyógyszergyári utca, Gyakorló utcai lakótelep, Felsőrákos, X. kerület, Budapest, 1106, Magyarország",nominatim/photon,,Felsőrákos
35528706,"Köszméte utca, 1106 Budapest",47.4840144,19.2057102,utca,"Köszméte utca, Kőbánya-Kertváros, X. kerület, Budapest, 1106, Magyarország",nominatim/photon,,Kőbánya-Kertváros
35529108,"Mádi utca, 1105 Budapest",47.4889993,19.1408147,utca,"Mádi utca, Kőbánya Városközpont, Óhegy, X. kerület, Budapest, 1105, Magyarország",nominatim/photon,,Óhegy
35529530,"Gyakorló utcai lakótelep, 1106 Budapest",47.5019128,19.142014,utca,"Gyakorló utcai lakótelep, Felsőrákos, X. kerület, Budapest, 1106, Magyarország",nominatim/photon,,Felsőrákos
35530257,"Ligettelek, 1101 Budapest",47.493646,19.1300619,utca,"Ligettelek, X. kerület, Budapest, 1102, Magyarország",nominatim/photon,,Ligettelek
35530304,"Kőbánya - Újhegyi lakótelep, 1108 Budapest",47.4918761,19.1206497,utca,Kőbánya-Teher,nominatim/photon,,Laposdűlő
35530728,"Kőbánya - Óhegy, 1103 Budapest",47.4820541,19.132346,utca,"Budapest-Kőbányai evangélikus templom, 14, Kápolna utca, Kőbánya Városközpont, Óhegy, X. kerület, Budapest, 1102, Magyarország",nominatim/photon,,Óhegy
35532043,"6 Mélytó utca, 1108 Budapest",47.4689,19.1637438,hazszam,"6, Mélytó utca, Újhegy, X. kerület, Budapest, 1108, Magyarország",nominatim/photon,6.0,Újhegy
35532080,"5 Vaskő utca, 1101 Budapest",47.4852365,19.1215261,hazszam,"5, Vaskő utca, Nagy-Pongrác telep, Laposdűlő, X. kerület, Budapest, 1101, Magyarország",nominatim/photon,5.0,Laposdűlő
35532185,"Salgótarjáni utca, 1101 Budapest",47.4905952,19.1125512,utca,"Salgótarjáni utca, MÁV-telep, Laposdűlő, X. kerület, Budapest, 1101, Magyarország",nominatim/photon,,Laposdűlő
35532370,"Tavas utca, 1108 Budapest",47.4665382,19.1612076,utca,"Tavas utca, Újhegy, X. kerület, Budapest, 1108, Magyarország",nominatim/photon,,Újhegy
35533186,"Laposdűlő, 1101 Budapest",47.4927492,19.1144828,utca,"Laposdűlő, X. kerület, Budapest, 1101, Magyarország",nominatim/photon,,Laposdűlő
35533206,"Felsőrákos, 1106 Budapest",47.4953772,19.1746318,utca,"Felsőrákos, X. kerület, Budapest, 1106, Magyarország",nominatim/photon,,Felsőrákos
35533502,"Lenfonó utca, 1108 Budapest",47.4712382,19.1593693,utca,"Lenfonó utca, Újhegy, X. kerület, Budapest, 1108, Magyarország",nominatim/photon,,Újhegy
35533905,"Lángvirág utca, 1106 Budapest",47.4848588,19.2014577,utca,"Lángvirág utca, Kőbánya-Kertváros, X. kerület, Budapest, 1106, Magyarország",nominatim/photon,,Kőbánya-Kertváros
35534075,"Füzér utca, 1102 Budapest",47.4885312,19.1271594,utca,"Füzér utca, Ligettelek, X. kerület, Budapest, 1102, Magyarország",nominatim/photon,,Ligettelek
35535237,"Kőbánya - Óhegyi lakótelep, 1103 Budapest",47.4752666,19.1504781,utca,Óhegyi lakótelep,nominatim/photon,,Óhegy
35535248,"Szacsvay utca, 1103 Budapest",47.4729682,19.1358924,utca,"Szacsvay utca, Richter Gedeon Vegyészeti Gyár Nyrt., Külső Kőbánya, Óhegy, X. kerület, Budapest, 1103, Magyarország",nominatim/photon,,Óhegy
35536430,"Dombtető utca, 1108 Budapest",47.4730923,19.1639779,utca,"Dombtető utca, Újhegy, X. kerület, Budapest, 1108, Magyarország",nominatim/photon,,Újhegy
35536755,"Salgótarjáni utca, 1101 Budapest",47.4905952,19.1125512,utca,"Salgótarjáni utca, MÁV-telep, Laposdűlő, X. kerület, Budapest, 1101, Magyarország",nominatim/photon,,Laposdűlő
35537384,"Kőbánya - Újhegy, 1108 Budapest",47.4691191,19.1617088,utca,"Éltes Mátyás Általános Iskola és Kollégium, 9-11, Újhegyi sétány, Újhegy, X. kerület, Budapest, 1108, Magyarország",nominatim/photon,,Újhegy
35537521,"Harmat utca, 1108 Budapest",47.4649554,19.1721158,utca,"Harmat utca, Újhegy, X. kerület, Budapest, 1108, Magyarország",nominatim/photon,,Újhegy
35537643,"Dombtető utca, 1108 Budapest",47.4730923,19.1639779,utca,"Dombtető utca, Újhegy, X. kerület, Budapest, 1108, Magyarország",nominatim/photon,,Újhegy
35538467,"Gőzmozdony utca, 1108 Budapest",47.4693516,19.1581878,utca,"Gőzmozdony utca, Újhegy, X. kerület, Budapest, 1108, Magyarország",nominatim/photon,,Újhegy
35538792,"Fertő utca, 1107 Budapest",47.4742986,19.1213357,utca,"Fertő utca, Gyárdűlő, X. kerület, Budapest, 1107, Magyarország",nominatim/photon,,Gyárdűlő
35539014,"Kőrösi Csoma Sándor út, 1102 Budapest",47.4865004,19.1327222,utca,"Kőrösi Csoma Sándor út, Ligettelek, X. kerület, Budapest, 1102, Magyarország",nominatim/photon,,Ligettelek
35539524,"Gyárdűlő, 1107 Budapest",47.4754656,19.1221648,utca,"Gyárdűlő, X. kerület, Budapest, 1107, Magyarország",nominatim/photon,,Gyárdűlő
35539775,"Maláta utca, 1105 Budapest",47.4907693,19.1406919,utca,"Maláta utca, Kőbánya Városközpont, Óhegy, X. kerület, Budapest, 1105, Magyarország",nominatim/photon,,Óhegy
35539825,"Tavas utca, 1108 Budapest",47.4665382,19.1612076,utca,"Tavas utca, Újhegy, X. kerület, Budapest, 1108, Magyarország",nominatim/photon,,Újhegy
35540615,"Mádi utca, 1105 Budapest",47.4889993,19.1408147,utca,"Mádi utca, Kőbánya Városközpont, Óhegy, X. kerület, Budapest, 1105, Magyarország",nominatim/photon,,Óhegy
35541114,"6 Kőrösi Csoma Sándor út, 1102 Budapest",47.4831286,19.1304444,hazszam,"6/A, Kőrösi Csoma Sándor út, Kőbánya Városközpont, Óhegy, X. kerület, Budapest, 1102, Magyarország",nominatim/photon,6.0,Óhegy
35541332,"Kápolna köz, 1105 Budapest",47.4823017,19.1323335,utca,"Kápolna köz, Kőbánya Városközpont, Óhegy, X. kerület, Budapest, 1102, Magyarország",nominatim/photon,,Óhegy
35541351,"Laposdűlő, 1101 Budapest",47.4927492,19.1144828,utca,"Laposdűlő, X. kerület, Budapest, 1101, Magyarország",nominatim/photon,,Laposdűlő
35541868,"Kőbánya - Óhegy, 1103 Budapest",47.4820541,19.132346,utca,"Budapest-Kőbányai evangélikus templom, 14, Kápolna utca, Kőbánya Városközpont, Óhegy, X. kerület, Budapest, 1102, Magyarország",nominatim/photon,,Óhegy
35542200,"Kőbánya - Újhegyi lakótelep, 1108 Budapest",47.4918761,19.1206497,utca,Kőbánya-Teher,nominatim/photon,,Laposdűlő
35542312,"12 Szárnyas utca, 1107 Budapest",47.4690714,19.1190919,hazszam,"12, Szárnyas utca, Gyárdűlő, X. kerület, Budapest, 1107, Magyarország",nominatim/photon,12.0,Gyárdűlő
35542316,"12 Szárnyas utca, 1107 Budapest",47.4690714,19.1190919,hazszam,"12, Szárnyas utca, Gyárdűlő, X. kerület, Budapest, 1107, Magyarország",nominatim/photon,12.0,Gyárdűlő
35542493,"Hatház utca, 1106 Budapest",47.5036103,19.1489287,utca,"Hatház utca, Gyakorló utcai lakótelep, Felsőrákos, X. kerület, Budapest, 1106, Magyarország",nominatim/photon,,Felsőrákos
35543325,"Bánya utca, 1102 Budapest",47.4895883,19.1313675,utca,"Bánya utca, Ligettelek, X. kerület, Budapest, 1102, Magyarország",nominatim/photon,,Ligettelek
35543339,"Kőrösi Csoma sétány, 1102 Budapest",47.4836523,19.1295197,utca,"Kőrösi Csoma sétány, Ligettelek, X. kerület, Budapest, 1102, Magyarország",nominatim/photon,,Ligettelek
35543501,"Petrőczy utca, 1103 Budapest",47.4775107,19.1425461,utca,"Petrőczy utca, Óhegyi lakótelep, Külső Kőbánya, Óhegy, X. kerület, Budapest, 1103, Magyarország",nominatim/photon,,Óhegy
35543542,"Petrőczy utca, 1103 Budapest",47.4775107,19.1425461,utca,"Petrőczy utca, Óhegyi lakótelep, Külső Kőbánya, Óhegy, X. kerület, Budapest, 1103, Magyarország",nominatim/photon,,Óhegy
35543739,"Ihász utca, 1103 Budapest",47.4830386,19.1405533,utca,"Ihász utca, Kőbánya Városközpont, Óhegy, X. kerület, Budapest, 1105, Magyarország",nominatim/photon,,Óhegy
35543823,"Kőbánya - Óhegy, 1103 Budapest",47.4820541,19.132346,utca,"Budapest-Kőbányai evangélikus templom, 14, Kápolna utca, Kőbánya Városközpont, Óhegy, X. kerület, Budapest, 1102, Magyarország",nominatim/photon,,Óhegy
35544047,"Kőbánya - Újhegyi lakótelep, 1108 Budapest",47.4918761,19.1206497,utca,Kőbánya-Teher,nominatim/photon,,Laposdűlő
35544631,"Vörösfenyő utca, 1106 Budapest",47.4857293,19.196844,utca,"Vörösfenyő utca, Kőbánya-Kertváros, X. kerület, Budapest, 1106, Magyarország",nominatim/photon,,Kőbánya-Kertváros
35545314,"Maglódi út, 1106 Budapest",47.4805817,19.1614707,utca,"Maglódi út, Téglagyárdűlő, X. kerület, Budapest, 1106, Magyarország",nominatim/photon,,Téglagyárdűlő
35545689,"Kőbánya-Városközpont, 1105 Budapest",47.482503,19.1307351,utca,"Kőbánya Városközpont, Óhegy, X. kerület, Budapest, 1102, Magyarország",nominatim/photon,,Óhegy
35545756,"Kőbánya - Óhegy, 1103 Budapest",47.4820541,19.132346,utca,"Budapest-Kőbányai evangélikus templom, 14, Kápolna utca, Kőbánya Városközpont, Óhegy, X. kerület, Budapest, 1102, Magyarország",nominatim/photon,,Óhegy
35545800,"26 Kelemen utca, 1103 Budapest",47.4796242,19.137374,hazszam,"26, Kelemen utca, Kőbánya Városközpont, Óhegy, X. kerület, Budapest, 1103, Magyarország",nominatim/photon,26.0,Óhegy
35545908,"Kőbánya - Újhegyi lakótelep, 1108 Budapest",47.4918761,19.1206497,utca,Kőbánya-Teher,nominatim/photon,,Laposdűlő
35545976,"Mádi utca, 1105 Budapest",47.4889993,19.1408147,utca,"Mádi utca, Kőbánya Városközpont, Óhegy, X. kerület, Budapest, 1105, Magyarország",nominatim/photon,,Óhegy
35546104,"13 Ónodi utca, 1102 Budapest",47.4888366,19.134312,hazszam,"13, Ónodi utca, Ligettelek, X. kerület, Budapest, 1102, Magyarország",nominatim/photon,13.0,Ligettelek
35546177,"Kőbánya - Óhegy, 1103 Budapest",47.4820541,19.132346,utca,"Budapest-Kőbányai evangélikus templom, 14, Kápolna utca, Kőbánya Városközpont, Óhegy, X. kerület, Budapest, 1102, Magyarország",nominatim/photon,,Óhegy
35546378,"9 Kápolna utca, 1102 Budapest",47.4816732,19.1300564,hazszam,"9, Kápolna utca, Kőbánya Városközpont, Óhegy, X. kerület, Budapest, 1105, Magyarország",nominatim/photon,9.0,Óhegy
35546440,"Dombtető utca, 1108 Budapest",47.4730923,19.1639779,utca,"Dombtető utca, Újhegy, X. kerület, Budapest, 1108, Magyarország",nominatim/photon,,Újhegy
35547086,"Kőbánya - Óhegy, 1103 Budapest",47.4820541,19.132346,utca,"Budapest-Kőbányai evangélikus templom, 14, Kápolna utca, Kőbánya Városközpont, Óhegy, X. kerület, Budapest, 1102, Magyarország",nominatim/photon,,Óhegy
35547469,"Kőbánya - Óhegy, 1103 Budapest",47.4820541,19.132346,utca,"Budapest-Kőbányai evangélikus templom, 14, Kápolna utca, Kőbánya Városközpont, Óhegy, X. kerület, Budapest, 1102, Magyarország",nominatim/photon,,Óhegy
35547717,"Gőzmozdony utca, 1108 Budapest",47.4693516,19.1581878,utca,"Gőzmozdony utca, Újhegy, X. kerület, Budapest, 1108, Magyarország",nominatim/photon,,Újhegy
35547815,"Kőbánya - Újhegyi lakótelep, 1108 Budapest",47.4918761,19.1206497,utca,Kőbánya-Teher,nominatim/photon,,Laposdűlő
35547833,"Gyárdűlő, 1107 Budapest",47.4754656,19.1221648,utca,"Gyárdűlő, X. kerület, Budapest, 1107, Magyarország",nominatim/photon,,Gyárdűlő
35548375,"11 Ceglédi út, 1107 Budapest",47.4726868,19.1204986,utca,"Ceglédi út, Gyárdűlő, X. kerület, Budapest, 1107, Magyarország",nominatim/photon,,Gyárdűlő
35548388,"11 Ceglédi út, 1107 Budapest",47.4726868,19.1204986,utca,"Ceglédi út, Gyárdűlő, X. kerület, Budapest, 1107, Magyarország",nominatim/photon,,Gyárdűlő
35548389,"11 Ceglédi út, 1107 Budapest",47.4726868,19.1204986,utca,"Ceglédi út, Gyárdűlő, X. kerület, Budapest, 1107, Magyarország",nominatim/photon,,Gyárdűlő
35548391,"11 Ceglédi út, 1107 Budapest",47.4726868,19.1204986,utca,"Ceglédi út, Gyárdűlő, X. kerület, Budapest, 1107, Magyarország",nominatim/photon,,Gyárdűlő
35548392,"11 Ceglédi út, 1107 Budapest",47.4726868,19.1204986,utca,"Ceglédi út, Gyárdűlő, X. kerület, Budapest, 1107, Magyarország",nominatim/photon,,Gyárdűlő
35548394,"11 Ceglédi út, 1107 Budapest",47.4726868,19.1204986,utca,"Ceglédi út, Gyárdűlő, X. kerület, Budapest, 1107, Magyarország",nominatim/photon,,Gyárdűlő
35548605,"Kőbánya - Újhegyi lakótelep, 1108 Budapest",47.4918761,19.1206497,utca,Kőbánya-Teher,nominatim/photon,,Laposdűlő
35549392,"Kőbánya-Városközpont, 1105 Budapest",47.482503,19.1307351,utca,"Kőbánya Városközpont, Óhegy, X. kerület, Budapest, 1102, Magyarország",nominatim/photon,,Óhegy
35549624,"102 Gergely utca, 1103 Budapest",47.4722228,19.1502411,hazszam,"A, 102, Gergely utca, Óhegyi lakótelep, Külső Kőbánya, Óhegy, X. kerület, Budapest, 1103, Magyarország",nominatim/photon,102.0,Óhegy
35549705,"Halom köz, 1105 Budapest",47.4856069,19.1340573,utca,"Halom köz, Kőbánya Városközpont, Óhegy, X. kerület, Budapest, 1105, Magyarország",nominatim/photon,,Óhegy
35550253,"Kőrösi Csoma Sándor út, 1105 Budapest",47.4898816,19.1374193,utca,"Kőrösi Csoma Sándor út, Kőbánya Városközpont, Óhegy, X. kerület, Budapest, 1105, Magyarország",nominatim/photon,,Óhegy
35550395,"Salgótarjáni utca, 1101 Budapest",47.4905952,19.1125512,utca,"Salgótarjáni utca, MÁV-telep, Laposdűlő, X. kerület, Budapest, 1101, Magyarország",nominatim/photon,,Laposdűlő
35550764,"Kúttó, 1103 Budapest",47.4691645,19.1325826,utca,"Kúttó, X. kerület, Budapest, Magyarország",nominatim/photon,,Kúttó
35550867,"Halom köz, 1105 Budapest",47.4856069,19.1340573,utca,"Halom köz, Kőbánya Városközpont, Óhegy, X. kerület, Budapest, 1105, Magyarország",nominatim/photon,,Óhegy
35551161,"Kőbánya-Városközpont, 1105 Budapest",47.482503,19.1307351,utca,"Kőbánya Városközpont, Óhegy, X. kerület, Budapest, 1102, Magyarország",nominatim/photon,,Óhegy
35551476,"Laposdűlő, 1101 Budapest",47.4927492,19.1144828,utca,"Laposdűlő, X. kerület, Budapest, 1101, Magyarország",nominatim/photon,,Laposdűlő
35551999,"Kőrösi Csoma sétány, 1102 Budapest",47.4836523,19.1295197,utca,"Kőrösi Csoma sétány, Ligettelek, X. kerület, Budapest, 1102, Magyarország",nominatim/photon,,Ligettelek
35552614,"Dömsödi utca, 1106 Budapest",47.5046612,19.1661624,utca,"Dömsödi utca, Felsőrákos, X. kerület, Budapest, 1106, Magyarország",nominatim/photon,,Felsőrákos
35553326,"Laposdűlő, 1101 Budapest",47.4927492,19.1144828,utca,"Laposdűlő, X. kerület, Budapest, 1101, Magyarország",nominatim/photon,,Laposdűlő
35553338,"Kőbánya - Óhegy, 1103 Budapest",47.4820541,19.132346,utca,"Budapest-Kőbányai evangélikus templom, 14, Kápolna utca, Kőbánya Városközpont, Óhegy, X. kerület, Budapest, 1102, Magyarország",nominatim/photon,,Óhegy
35553425,"10 Gyógyszergyári utca, 1106 Budapest",47.4984644,19.1435834,hazszam,"K3, 10, Gyógyszergyári utca, Kincsem Lakópark, Felsőrákos, X. kerület, Budapest, 1106, Magyarország",nominatim/photon,10.0,Felsőrákos
35553584,"Kőbánya - Óhegy, 1103 Budapest",47.4820541,19.132346,utca,"Budapest-Kőbányai evangélikus templom, 14, Kápolna utca, Kőbánya Városközpont, Óhegy, X. kerület, Budapest, 1102, Magyarország",nominatim/photon,,Óhegy
35554008,"Gyakorló utcai lakótelep, 1106 Budapest",47.5019128,19.142014,utca,"Gyakorló utcai lakótelep, Felsőrákos, X. kerület, Budapest, 1106, Magyarország",nominatim/photon,,Felsőrákos
35554066,"Kőbánya - Újhegyi lakótelep, 1108 Budapest",47.4918761,19.1206497,utca,Kőbánya-Teher,nominatim/photon,,Laposdűlő
35554447,"Kőbánya - Óhegy, 1103 Budapest",47.4820541,19.132346,utca,"Budapest-Kőbányai evangélikus templom, 14, Kápolna utca, Kőbánya Városközpont, Óhegy, X. kerület, Budapest, 1102, Magyarország",nominatim/photon,,Óhegy
35554569,"Fokos utca, 1107 Budapest",47.4790133,19.1227516,utca,"Fokos utca, Monori Center Chinatown, Gyárdűlő, X. kerület, Budapest, 1107, Magyarország",nominatim/photon,,Gyárdűlő
35555160,"9 Martinovics tér, 1105 Budapest",47.4749535,19.1397378,hazszam,,nominatim/photon,9.0,Óhegy
35555176,"Liget utca, 1102 Budapest",47.4880311,19.1300336,utca,"Liget utca, Ligettelek, X. kerület, Budapest, 1102, Magyarország",nominatim/photon,,Ligettelek
35555232,"Pára utca, 1108 Budapest",47.4686432,19.1625073,utca,"Pára utca, Újhegy, X. kerület, Budapest, 1108, Magyarország",nominatim/photon,,Újhegy
35555284,"Ligettelek, 1101 Budapest",47.493646,19.1300619,utca,"Ligettelek, X. kerület, Budapest, 1102, Magyarország",nominatim/photon,,Ligettelek
35555475,"Gyakorló utcai lakótelep, 1106 Budapest",47.5019128,19.142014,utca,"Gyakorló utcai lakótelep, Felsőrákos, X. kerület, Budapest, 1106, Magyarország",nominatim/photon,,Felsőrákos
35555508,"15 Kozma utca, 1108 Budapest",47.4717973,19.1768935,hazszam_interpolalt,15 Kozma utca (legközelebbi házszám: 13),overpass,13.0,
35555844,"Gyakorló utca, 1106 Budapest",47.5018325,19.1436801,utca,"Gyakorló utca, Gyakorló utcai lakótelep, Felsőrákos, X. kerület, Budapest, 1106, Magyarország",nominatim/photon,,Felsőrákos
35556139,"Kőbánya-Városközpont, 1105 Budapest",47.482503,19.1307351,utca,"Kőbánya Városközpont, Óhegy, X. kerület, Budapest, 1102, Magyarország",nominatim/photon,,Óhegy
35556435,"Ligettelek, 1101 Budapest",47.493646,19.1300619,utca,"Ligettelek, X. kerület, Budapest, 1102, Magyarország",nominatim/photon,,Ligettelek
35556438,"Kőbánya - Újhegyi lakótelep, 1108 Budapest",47.4918761,19.1206497,utca,Kőbánya-Teher,nominatim/photon,,Laposdűlő
35556560,"Szövőszék utca, 1108 Budapest",47.4717638,19.1608977,utca,"Szövőszék utca, Újhegy, X. kerület, Budapest, 1108, Magyarország",nominatim/photon,,Újhegy
35556566,"45 Kőbányai út, 1101 Budapest",47.4848532,19.113822,utca,"Kőbányai út, Taraliget lakópark, Népliget, X. kerület, Budapest, 1101, Magyarország",nominatim/photon,,Népliget
35556605,"Kőbánya - Óhegy, 1103 Budapest",47.4820541,19.132346,utca,"Budapest-Kőbányai evangélikus templom, 14, Kápolna utca, Kőbánya Városközpont, Óhegy, X. kerület, Budapest, 1102, Magyarország",nominatim/photon,,Óhegy
35556631,"22 Szent László tér, 1105 Budapest",47.4880486,19.1315844,hazszam,"22, Szent László tér, Ligettelek, X. kerület, Budapest, 1102, Magyarország",nominatim/photon,22.0,Ligettelek
35556819,"Kápolna utca, 1102 Budapest",47.4820688,19.1314417,utca,"Kápolna utca, Kőbánya Városközpont, Óhegy, X. kerület, Budapest, 1102, Magyarország",nominatim/photon,,Óhegy
35557120,"Gyárdűlő, 1107 Budapest",47.4754656,19.1221648,utca,"Gyárdűlő, X. kerület, Budapest, 1107, Magyarország",nominatim/photon,,Gyárdűlő
35557146,"Kőbánya - Újhegyi lakótelep, 1108 Budapest",47.4918761,19.1206497,utca,Kőbánya-Teher,nominatim/photon,,Laposdűlő
35557562,"Kőbánya - Óhegy, 1103 Budapest",47.4820541,19.132346,utca,"Budapest-Kőbányai evangélikus templom, 14, Kápolna utca, Kőbánya Városközpont, Óhegy, X. kerület, Budapest, 1102, Magyarország",nominatim/photon,,Óhegy
35557619,"Kőbánya-Kertváros, 1106 Budapest",47.4826961,19.2002952,utca,"Kőbánya-Kertváros, X. kerület, Budapest, Magyarország",nominatim/photon,,Kőbánya-Kertváros
35558349,"Kőbánya - Újhegyi lakótelep, 1108 Budapest",47.4918761,19.1206497,utca,Kőbánya-Teher,nominatim/photon,,Laposdűlő
35558631,"Kőbánya-Városközpont, 1105 Budapest",47.482503,19.1307351,utca,"Kőbánya Városközpont, Óhegy, X. kerület, Budapest, 1102, Magyarország",nominatim/photon,,Óhegy
35558810,"Kőbánya - Újhegyi lakótelep, 1108 Budapest",47.4918761,19.1206497,utca,Kőbánya-Teher,nominatim/photon,,Laposdűlő
35559322,"11 Ceglédi út, 1107 Budapest",47.4726868,19.1204986,utca,"Ceglédi út, Gyárdűlő, X. kerület, Budapest, 1107, Magyarország",nominatim/photon,,Gyárdűlő
35559331,"11 Ceglédi út, 1107 Budapest",47.4726868,19.1204986,utca,"Ceglédi út, Gyárdűlő, X. kerület, Budapest, 1107, Magyarország",nominatim/photon,,Gyárdűlő
35559349,"Szállás utca, 1107 Budapest",47.4778475,19.1261483,utca,"Szállás utca, Monori Center Chinatown, Gyárdűlő, X. kerület, Budapest, 1107, Magyarország",nominatim/photon,,Gyárdűlő
35559701,"11 Ceglédi út, 1107 Budapest",47.4726868,19.1204986,utca,"Ceglédi út, Gyárdűlő, X. kerület, Budapest, 1107, Magyarország",nominatim/photon,,Gyárdűlő
35559706,"11 Ceglédi út, 1107 Budapest",47.4726868,19.1204986,utca,"Ceglédi út, Gyárdűlő, X. kerület, Budapest, 1107, Magyarország",nominatim/photon,,Gyárdűlő
35559707,"11 Ceglédi út, 1107 Budapest",47.4726868,19.1204986,utca,"Ceglédi út, Gyárdűlő, X. kerület, Budapest, 1107, Magyarország",nominatim/photon,,Gyárdűlő
35559711,"11 Ceglédi út, 1107 Budapest",47.4726868,19.1204986,utca,"Ceglédi út, Gyárdűlő, X. kerület, Budapest, 1107, Magyarország",nominatim/photon,,Gyárdűlő
35559716,"11 Ceglédi út, 1107 Budapest",47.4726868,19.1204986,utca,"Ceglédi út, Gyárdűlő, X. kerület, Budapest, 1107, Magyarország",nominatim/photon,,Gyárdűlő
35559717,"11 Ceglédi út, 1107 Budapest",47.4726868,19.1204986,utca,"Ceglédi út, Gyárdűlő, X. kerület, Budapest, 1107, Magyarország",nominatim/photon,,Gyárdűlő
35559719,"11 Ceglédi út, 1107 Budapest",47.4726868,19.1204986,utca,"Ceglédi út, Gyárdűlő, X. kerület, Budapest, 1107, Magyarország",nominatim/photon,,Gyárdűlő
35559720,"11 Ceglédi út, 1107 Budapest",47.4726868,19.1204986,utca,"Ceglédi út, Gyárdűlő, X. kerület, Budapest, 1107, Magyarország",nominatim/photon,,Gyárdűlő
35559724,"11 Ceglédi út, 1107 Budapest",47.4726868,19.1204986,utca,"Ceglédi út, Gyárdűlő, X. kerület, Budapest, 1107, Magyarország",nominatim/photon,,Gyárdűlő
35559732,"11 Ceglédi út, 1107 Budapest",47.4726868,19.1204986,utca,"Ceglédi út, Gyárdűlő, X. kerület, Budapest, 1107, Magyarország",nominatim/photon,,Gyárdűlő
35559807,"198 Mádi utca, 1108 Budapest",47.4724631,19.165977,hazszam,"198, Mádi utca, Újhegy, X. kerület, Budapest, 1108, Magyarország",nominatim/photon,198.0,Újhegy
35559815,"47 Maglódi út, 1106 Budapest",47.4828848,19.1554709,hazszam,"47, Maglódi út, Óhegy, X. kerület, Budapest, 1106, Magyarország",nominatim/photon,47.0,Óhegy
35560123,"Szent László tér, 1105 Budapest",47.4871943,19.1331577,utca,"Szent László tér, Ligettelek, X. kerület, Budapest, 1102, Magyarország",nominatim/photon,,Ligettelek
35560389,"Harmat utca, 1104 Budapest",47.4755161,19.1567075,utca,"Harmat utca, Óhegyi lakótelep, Külső Kőbánya, Óhegy, X. kerület, Budapest, 1104, Magyarország",nominatim/photon,,Óhegy
35560393,"Kőbánya - Újhegyi lakótelep, 1108 Budapest",47.4918761,19.1206497,utca,Kőbánya-Teher,nominatim/photon,,Laposdűlő
35560705,"Laposdűlő, 1101 Budapest",47.4927492,19.1144828,utca,"Laposdűlő, X. kerület, Budapest, 1101, Magyarország",nominatim/photon,,Laposdűlő
35560842,"Kozma utca, 1108 Budapest",47.4796704,19.1777153,utca,"Kozma utca, Téglagyárdűlő, X. kerület, Budapest, 1108, Magyarország",nominatim/photon,,Téglagyárdűlő
35560856,"35 Kőrösi Csoma Sándor út, 1102 Budapest",47.4882346,19.1353217,hazszam,"35-37, Kőrösi Csoma Sándor út, Kőbánya Városközpont, Óhegy, X. kerület, Budapest, 1105, Magyarország",nominatim/photon,35.0,Óhegy
35560947,"11 Ceglédi út, 1107 Budapest",47.4726868,19.1204986,utca,"Ceglédi út, Gyárdűlő, X. kerület, Budapest, 1107, Magyarország",nominatim/photon,,Gyárdűlő
35560950,"11 Ceglédi út, 1107 Budapest",47.4726868,19.1204986,utca,"Ceglédi út, Gyárdűlő, X. kerület, Budapest, 1107, Magyarország",nominatim/photon,,Gyárdűlő
35560961,"11 Ceglédi út, 1107 Budapest",47.4726868,19.1204986,utca,"Ceglédi út, Gyárdűlő, X. kerület, Budapest, 1107, Magyarország",nominatim/photon,,Gyárdűlő
35561006,"Gyárdűlő, 1107 Budapest",47.4754656,19.1221648,utca,"Gyárdűlő, X. kerület, Budapest, 1107, Magyarország",nominatim/photon,,Gyárdűlő
35561192,"Oltó utca, 1108 Budapest",47.4700886,19.1581687,utca,"Oltó utca, Újhegy, X. kerület, Budapest, 1108, Magyarország",nominatim/photon,,Újhegy
35561375,"Füzér utca, 1102 Budapest",47.4885312,19.1271594,utca,"Füzér utca, Ligettelek, X. kerület, Budapest, 1102, Magyarország",nominatim/photon,,Ligettelek
35561489,"Keresztúridűlő, 1108 Budapest",47.4740896,19.1863957,utca,"Keresztúridűlő, X. kerület, Budapest, 1108, Magyarország",nominatim/photon,,Keresztúridűlő
35561549,"Gergely utca, 1103 Budapest",47.4766075,19.1399217,utca,"Gergely utca, Óhegyi lakótelep, Külső Kőbánya, Óhegy, X. kerület, Budapest, 1103, Magyarország",nominatim/photon,,Óhegy
35561955,"Kőrösi Csoma Sándor út, 1102 Budapest",47.4865004,19.1327222,utca,"Kőrösi Csoma Sándor út, Ligettelek, X. kerület, Budapest, 1102, Magyarország",nominatim/photon,,Ligettelek
35562156,"Kozma utca, 1108 Budapest",47.4796704,19.1777153,utca,"Kozma utca, Téglagyárdűlő, X. kerület, Budapest, 1108, Magyarország",nominatim/photon,,Téglagyárdűlő
35562297,"Üllői út, 1101 Budapest",47.4741549,19.1028852,utca,"Üllői út, Népliget, X. kerület, Budapest, 1101, Magyarország",nominatim/photon,,Népliget
35562713,"Harmat utca, 1104 Budapest",47.4755161,19.1567075,utca,"Harmat utca, Óhegyi lakótelep, Külső Kőbánya, Óhegy, X. kerület, Budapest, 1104, Magyarország",nominatim/photon,,Óhegy
35562739,"Gőzmozdony utca, 1108 Budapest",47.4693516,19.1581878,utca,"Gőzmozdony utca, Újhegy, X. kerület, Budapest, 1108, Magyarország",nominatim/photon,,Újhegy
35562756,"Üllői út, 1101 Budapest",47.4741549,19.1028852,utca,"Üllői út, Népliget, X. kerület, Budapest, 1101, Magyarország",nominatim/photon,,Népliget
35563180,"Tóvirág utca, 1108 Budapest",47.4691728,19.1643295,utca,"Tóvirág utca, Újhegy, X. kerület, Budapest, 1108, Magyarország",nominatim/photon,,Újhegy
35563198,"Kőrösi Csoma Sándor út, 1102 Budapest",47.4865004,19.1327222,utca,"Kőrösi Csoma Sándor út, Ligettelek, X. kerület, Budapest, 1102, Magyarország",nominatim/photon,,Ligettelek
35563203,"Harmat utca, 1102 Budapest",47.4906403,19.1354378,utca,"Harmat utca, Ligettelek, X. kerület, Budapest, 1102, Magyarország",nominatim/photon,,Ligettelek
35563226,"Kápolna utca, 1102 Budapest",47.4820688,19.1314417,utca,"Kápolna utca, Kőbánya Városközpont, Óhegy, X. kerület, Budapest, 1102, Magyarország",nominatim/photon,,Óhegy
35563283,"Mádi utca, 1105 Budapest",47.4889993,19.1408147,utca,"Mádi utca, Kőbánya Városközpont, Óhegy, X. kerület, Budapest, 1105, Magyarország",nominatim/photon,,Óhegy
35563312,"Halom utca, 1102 Budapest",47.489055,19.1292817,utca,"Halom utca, Ligettelek, X. kerület, Budapest, 1102, Magyarország",nominatim/photon,,Ligettelek
35563379,"Agyagfejtő utca, 1108 Budapest",47.4722405,19.1614454,utca,"Agyagfejtő utca, Újhegy, X. kerület, Budapest, 1108, Magyarország",nominatim/photon,,Újhegy
35563605,"Zsombék utca, 1108 Budapest",47.4723763,19.1668831,utca,"Zsombék utca, Újhegy, X. kerület, Budapest, 1108, Magyarország",nominatim/photon,,Újhegy
35563635,"Halom utca, 1102 Budapest",47.489055,19.1292817,utca,"Halom utca, Ligettelek, X. kerület, Budapest, 1102, Magyarország",nominatim/photon,,Ligettelek
35563811,"Felsőrákos, 1106 Budapest",47.4953772,19.1746318,utca,"Felsőrákos, X. kerület, Budapest, 1106, Magyarország",nominatim/photon,,Felsőrákos
35564188,"Kőbánya - Óhegy, 1103 Budapest",47.4820541,19.132346,utca,"Budapest-Kőbányai evangélikus templom, 14, Kápolna utca, Kőbánya Városközpont, Óhegy, X. kerület, Budapest, 1102, Magyarország",nominatim/photon,,Óhegy
35564196,"Sörgyár utca, 1104 Budapest",47.4800806,19.1572796,utca,"Sörgyár utca, Óhegy, X. kerület, Budapest, 1104, Magyarország",nominatim/photon,,Óhegy
35564239,"Kőbánya - Újhegyi lakótelep, 1108 Budapest",47.4918761,19.1206497,utca,Kőbánya-Teher,nominatim/photon,,Laposdűlő
35564478,"Csilla utca, 1101 Budapest",47.4892637,19.1195622,utca,"Csilla utca, Pongrácz úti lakótelep, Laposdűlő, X. kerület, Budapest, 1101, Magyarország",nominatim/photon,,Laposdűlő
35564747,"Kőbánya - Óhegy, 1103 Budapest",47.4820541,19.132346,utca,"Budapest-Kőbányai evangélikus templom, 14, Kápolna utca, Kőbánya Városközpont, Óhegy, X. kerület, Budapest, 1102, Magyarország",nominatim/photon,,Óhegy
35565161,"Kőbánya - Újhegyi lakótelep, 1108 Budapest",47.4918761,19.1206497,utca,Kőbánya-Teher,nominatim/photon,,Laposdűlő
35565376,"Kőbánya - Újhegyi lakótelep, 1108 Budapest",47.4918761,19.1206497,utca,Kőbánya-Teher,nominatim/photon,,Laposdűlő
35565455,"Kápolna utca, 1102 Budapest",47.4820688,19.1314417,utca,"Kápolna utca, Kőbánya Városközpont, Óhegy, X. kerület, Budapest, 1102, Magyarország",nominatim/photon,,Óhegy
35565483,"Csombor utca, 1103 Budapest",47.477123,19.1518234,utca,"Csombor utca, Óhegyi lakótelep, Külső Kőbánya, Óhegy, X. kerület, Budapest, 1103, Magyarország",nominatim/photon,,Óhegy
35565580,"Kőbánya - Óhegy, 1103 Budapest",47.4820541,19.132346,utca,"Budapest-Kőbányai evangélikus templom, 14, Kápolna utca, Kőbánya Városközpont, Óhegy, X. kerület, Budapest, 1102, Magyarország",nominatim/photon,,Óhegy
35565650,"6 Gyógyszergyári utca, 1106 Budapest",47.4981391,19.1407571,hazszam,"K1, 6, Gyógyszergyári utca, Kincsem Lakópark, Felsőrákos, X. kerület, Budapest, 1106, Magyarország",nominatim/photon,6.0,Felsőrákos
35565817,"Kőbánya - Óhegy, 1103 Budapest",47.4820541,19.132346,utca,"Budapest-Kőbányai evangélikus templom, 14, Kápolna utca, Kőbánya Városközpont, Óhegy, X. kerület, Budapest, 1102, Magyarország",nominatim/photon,,Óhegy
35566450,"2 Hungária körút, 1101 Budapest",47.4888947,19.1084064,hazszam,"2, Hungária körút, Százados úti művésztelep, Századosnegyed, VIII. kerület, Budapest, 1087, Magyarország",nominatim/photon,2.0,Századosnegyed
35566498,"Gyakorló utcai lakótelep, 1106 Budapest",47.5019128,19.142014,utca,"Gyakorló utcai lakótelep, Felsőrákos, X. kerület, Budapest, 1106, Magyarország",nominatim/photon,,Felsőrákos
35566913,"Kápolna utca, 1102 Budapest",47.4820688,19.1314417,utca,"Kápolna utca, Kőbánya Városközpont, Óhegy, X. kerület, Budapest, 1102, Magyarország",nominatim/photon,,Óhegy
35567047,"Tavas utca, 1108 Budapest",47.4665382,19.1612076,utca,"Tavas utca, Újhegy, X. kerület, Budapest, 1108, Magyarország",nominatim/photon,,Újhegy
35567355,"Állomás utca, 1102 Budapest",47.4851686,19.1286185,utca,"Állomás utca, Ligettelek, X. kerület, Budapest, 1102, Magyarország",nominatim/photon,,Ligettelek
35567644,"Gém utca 2/b, 1107 Budapest",47.4715207,19.1217567,utca,"Metrodom Park A, 2/b, Gém utca, Gyárdűlő, X. kerület, Budapest, 1107, Magyarország",nominatim/photon,,Gyárdűlő
35567706,"Kőbánya-Városközpont, 1105 Budapest",47.482503,19.1307351,utca,"Kőbánya Városközpont, Óhegy, X. kerület, Budapest, 1102, Magyarország",nominatim/photon,,Óhegy
35568079,"Agyagfejtő utca, 1108 Budapest",47.4722405,19.1614454,utca,"Agyagfejtő utca, Újhegy, X. kerület, Budapest, 1108, Magyarország",nominatim/photon,,Újhegy
35568279,"Kővágó utca, 1108 Budapest",47.4727328,19.1633848,utca,"Kővágó utca, Újhegy, X. kerület, Budapest, 1108, Magyarország",nominatim/photon,,Újhegy
35568566,"Tóvirág utca, 1108 Budapest",47.4691728,19.1643295,utca,"Tóvirág utca, Újhegy, X. kerület, Budapest, 1108, Magyarország",nominatim/photon,,Újhegy
35568698,"Kővágó utca, 1108 Budapest",47.4727328,19.1633848,utca,"Kővágó utca, Újhegy, X. kerület, Budapest, 1108, Magyarország",nominatim/photon,,Újhegy
35568764,"Kőbánya - Óhegyi lakótelep, 1103 Budapest",47.4752666,19.1504781,utca,Óhegyi lakótelep,nominatim/photon,,Óhegy
35568910,"Kőbánya - Óhegy, 1103 Budapest",47.4820541,19.132346,utca,"Budapest-Kőbányai evangélikus templom, 14, Kápolna utca, Kőbánya Városközpont, Óhegy, X. kerület, Budapest, 1102, Magyarország",nominatim/photon,,Óhegy
35568919,"Kada utca, 1106 Budapest",47.4818406,19.1572166,utca,"Kada utca, Óhegy, X. kerület, Budapest, 1106, Magyarország",nominatim/photon,,Óhegy
35569106,"Cserkesz utca, 1105 Budapest",47.4779712,19.1342686,utca,"Cserkesz utca, Kőbánya Városközpont, Óhegy, X. kerület, Budapest, 1105, Magyarország",nominatim/photon,,Óhegy
35569135,"13 Állomás utca, 1102 Budapest",47.4849506,19.1288462,hazszam,"13, Állomás utca, Ligettelek, X. kerület, Budapest, 1102, Magyarország",nominatim/photon,13.0,Ligettelek
35569365,"7 Hatház utca, 1106 Budapest",47.5033542,19.149359,hazszam,"7, Hatház utca, Gyakorló utcai lakótelep, Felsőrákos, X. kerület, Budapest, 1106, Magyarország",nominatim/photon,7.0,Felsőrákos
35569398,"Kőbánya - Óhegy, 1103 Budapest",47.4820541,19.132346,utca,"Budapest-Kőbányai evangélikus templom, 14, Kápolna utca, Kőbánya Városközpont, Óhegy, X. kerület, Budapest, 1102, Magyarország",nominatim/photon,,Óhegy
35569585,"Cserkesz utca, 1105 Budapest",47.4779712,19.1342686,utca,"Cserkesz utca, Kőbánya Városközpont, Óhegy, X. kerület, Budapest, 1105, Magyarország",nominatim/photon,,Óhegy
35569641,"Szent László tér, 1105 Budapest",47.4871943,19.1331577,utca,"Szent László tér, Ligettelek, X. kerület, Budapest, 1102, Magyarország",nominatim/photon,,Ligettelek
35569732,"Kőbánya - Óhegy, 1103 Budapest",47.4820541,19.132346,utca,"Budapest-Kőbányai evangélikus templom, 14, Kápolna utca, Kőbánya Városközpont, Óhegy, X. kerület, Budapest, 1102, Magyarország",nominatim/photon,,Óhegy
35569761,"Gergely utca, 1103 Budapest",47.4766075,19.1399217,utca,"Gergely utca, Óhegyi lakótelep, Külső Kőbánya, Óhegy, X. kerület, Budapest, 1103, Magyarország",nominatim/photon,,Óhegy
35569786,"Szent László tér, 1105 Budapest",47.4871943,19.1331577,utca,"Szent László tér, Ligettelek, X. kerület, Budapest, 1102, Magyarország",nominatim/photon,,Ligettelek
35569815,"Kőbánya-Kertváros, 1106 Budapest",47.4826961,19.2002952,utca,"Kőbánya-Kertváros, X. kerület, Budapest, Magyarország",nominatim/photon,,Kőbánya-Kertváros
35569841,"Salgótarjáni utca, 1101 Budapest",47.4905952,19.1125512,utca,"Salgótarjáni utca, MÁV-telep, Laposdűlő, X. kerület, Budapest, 1101, Magyarország",nominatim/photon,,Laposdűlő
35569938,"Szövőszék utca, 1108 Budapest",47.4717638,19.1608977,utca,"Szövőszék utca, Újhegy, X. kerület, Budapest, 1108, Magyarország",nominatim/photon,,Újhegy
35569944,"Szárnyas utca, 1107 Budapest",47.4677585,19.1212839,utca,"Szárnyas utca, Gyárdűlő, X. kerület, Budapest, 1107, Magyarország",nominatim/photon,,Gyárdűlő
35570386,"Hortobágyi utca, 1106 Budapest",47.4968316,19.1595272,utca,"Hortobágyi utca, MÁV-telep, Felsőrákos, X. kerület, Budapest, 1106, Magyarország",nominatim/photon,,Felsőrákos
35570434,"Hortobágyi utca, 1106 Budapest",47.4968316,19.1595272,utca,"Hortobágyi utca, MÁV-telep, Felsőrákos, X. kerület, Budapest, 1106, Magyarország",nominatim/photon,,Felsőrákos
35570520,"Kápolna utca, 1103 Budapest",47.4812877,19.1359268,utca,"Kápolna utca, Kőbánya Városközpont, Óhegy, X. kerület, Budapest, 1105, Magyarország",nominatim/photon,,Óhegy
35570765,"Ligettelek, 1101 Budapest",47.493646,19.1300619,utca,"Ligettelek, X. kerület, Budapest, 1102, Magyarország",nominatim/photon,,Ligettelek
35570806,"Szőlőhegy utca, 1104 Budapest",47.4809129,19.1506159,utca,"Szőlőhegy utca, Óhegy, X. kerület, Budapest, 1104, Magyarország",nominatim/photon,,Óhegy
35571058,"Kada utca, 1106 Budapest",47.4818406,19.1572166,utca,"Kada utca, Óhegy, X. kerület, Budapest, 1106, Magyarország",nominatim/photon,,Óhegy
35571138,"Harmat utca, 1102 Budapest",47.4906403,19.1354378,utca,"Harmat utca, Ligettelek, X. kerület, Budapest, 1102, Magyarország",nominatim/photon,,Ligettelek
35571383,"Állomás utca, 1102 Budapest",47.4851686,19.1286185,utca,"Állomás utca, Ligettelek, X. kerület, Budapest, 1102, Magyarország",nominatim/photon,,Ligettelek
35571539,"11 Állomás utca, 1102 Budapest",47.4848298,19.128726,hazszam,"11, Állomás utca, Ligettelek, X. kerület, Budapest, 1102, Magyarország",nominatim/photon,11.0,Ligettelek
35571729,"45 Gyömrői út, 1103 Budapest",47.4648008,19.1590798,utca,"Gyömrői út, Újhegy, X. kerület, Budapest, 1103, Magyarország",nominatim/photon,,Újhegy
35571746,"Állomás utca, 1102 Budapest",47.4851686,19.1286185,utca,"Állomás utca, Ligettelek, X. kerület, Budapest, 1102, Magyarország",nominatim/photon,,Ligettelek
35572000,"Gyógyszergyári utca, 1106 Budapest",47.4977993,19.1441204,utca,"Gyógyszergyári utca, Gyakorló utcai lakótelep, Felsőrákos, X. kerület, Budapest, 1106, Magyarország",nominatim/photon,,Felsőrákos
35572010,"Gyakorló köz, 1106 Budapest",47.5024404,19.1420305,utca,"Gyakorló köz, Gyakorló utcai lakótelep, Felsőrákos, X. kerület, Budapest, 1106, Magyarország",nominatim/photon,,Felsőrákos
35572011,"Mádi utca, 1105 Budapest",47.4889993,19.1408147,utca,"Mádi utca, Kőbánya Városközpont, Óhegy, X. kerület, Budapest, 1105, Magyarország",nominatim/photon,,Óhegy
35572099,"45 Kőbányai út, 1101 Budapest",47.4848532,19.113822,utca,"Kőbányai út, Taraliget lakópark, Népliget, X. kerület, Budapest, 1101, Magyarország",nominatim/photon,,Népliget
35572204,"Kőbánya - Óhegy, 1103 Budapest",47.4820541,19.132346,utca,"Budapest-Kőbányai evangélikus templom, 14, Kápolna utca, Kőbánya Városközpont, Óhegy, X. kerület, Budapest, 1102, Magyarország",nominatim/photon,,Óhegy
35572696,"Gyárdűlő, 1107 Budapest",47.4754656,19.1221648,utca,"Gyárdűlő, X. kerület, Budapest, 1107, Magyarország",nominatim/photon,,Gyárdűlő
35572977,"Kőbánya-Városközpont, 1105 Budapest",47.482503,19.1307351,utca,"Kőbánya Városközpont, Óhegy, X. kerület, Budapest, 1102, Magyarország",nominatim/photon,,Óhegy
35573047,"Fehér út, 1106 Budapest",47.502803,19.1350725,utca,"Örs vezér tere, Kerepesi út, Ligettelek, X. kerület, Budapest, 1106, Magyarország",nominatim/photon,,Ligettelek
35573124,"Kőbánya - Újhegyi lakótelep, 1108 Budapest",47.4918761,19.1206497,utca,Kőbánya-Teher,nominatim/photon,,Laposdűlő
35573447,"Kozma utca, 1108 Budapest",47.4796704,19.1777153,utca,"Kozma utca, Téglagyárdűlő, X. kerület, Budapest, 1108, Magyarország",nominatim/photon,,Téglagyárdűlő
35573621,"Gépmadár utca, 1106 Budapest",47.5028746,19.1467979,utca,"Gépmadár utca, Gyakorló utcai lakótelep, Felsőrákos, X. kerület, Budapest, 1106, Magyarország",nominatim/photon,,Felsőrákos
35573889,"Petrőczy utca, 1103 Budapest",47.4775107,19.1425461,utca,"Petrőczy utca, Óhegyi lakótelep, Külső Kőbánya, Óhegy, X. kerület, Budapest, 1103, Magyarország",nominatim/photon,,Óhegy
35573895,"Füzér utca 34/A, 1102 Budapest",47.4863123,19.1282615,utca,"34/A, Füzér utca, Ligettelek, X. kerület, Budapest, 1102, Magyarország",nominatim/photon,,Ligettelek
35574106,"Szent László tér, 1105 Budapest",47.4871943,19.1331577,utca,"Szent László tér, Ligettelek, X. kerület, Budapest, 1102, Magyarország",nominatim/photon,,Ligettelek
35574601,"Gyömrői út, 1103 Budapest",47.4724291,19.1387493,utca,"Gyömrői út, Külső Kőbánya, Óhegy, X. kerület, Budapest, 1103, Magyarország",nominatim/photon,,Óhegy
35574602,"Gyömrői út, 1103 Budapest",47.4724291,19.1387493,utca,"Gyömrői út, Külső Kőbánya, Óhegy, X. kerület, Budapest, 1103, Magyarország",nominatim/photon,,Óhegy
35575042,"5 Gépmadár utca, 1106 Budapest",47.5028916,19.1430245,hazszam,"5, Gépmadár utca, Gyakorló utcai lakótelep, Felsőrákos, X. kerület, Budapest, 1106, Magyarország",nominatim/photon,5.0,Felsőrákos
35575121,"Kőbánya - Óhegy, 1103 Budapest",47.4820541,19.132346,utca,"Budapest-Kőbányai evangélikus templom, 14, Kápolna utca, Kőbánya Városközpont, Óhegy, X. kerület, Budapest, 1102, Magyarország",nominatim/photon,,Óhegy
35575124,"Laposdűlő, 1101 Budapest",47.4927492,19.1144828,utca,"Laposdűlő, X. kerület, Budapest, 1101, Magyarország",nominatim/photon,,Laposdűlő
35575362,"Kőbánya - Óhegy, 1103 Budapest",47.4820541,19.132346,utca,"Budapest-Kőbányai evangélikus templom, 14, Kápolna utca, Kőbánya Városközpont, Óhegy, X. kerület, Budapest, 1102, Magyarország",nominatim/photon,,Óhegy
35575475,"Ónodi utca, 1102 Budapest",47.4901782,19.1336547,utca,"Ónodi utca, Ligettelek, X. kerület, Budapest, 1102, Magyarország",nominatim/photon,,Ligettelek
35575492,"16 Hang utca, 1108 Budapest",47.4705386,19.1670859,hazszam,"16, Hang utca, Újhegy, X. kerület, Budapest, 1108, Magyarország",nominatim/photon,16.0,Újhegy
35575499,"Sörgyár utca, 1104 Budapest",47.4800806,19.1572796,utca,"Sörgyár utca, Óhegy, X. kerület, Budapest, 1104, Magyarország",nominatim/photon,,Óhegy
35575626,"Kőbánya - Óhegy, 1103 Budapest",47.4820541,19.132346,utca,"Budapest-Kőbányai evangélikus templom, 14, Kápolna utca, Kőbánya Városközpont, Óhegy, X. kerület, Budapest, 1102, Magyarország",nominatim/photon,,Óhegy
35576069,"Kőbánya-Városközpont, 1105 Budapest",47.482503,19.1307351,utca,"Kőbánya Városközpont, Óhegy, X. kerület, Budapest, 1102, Magyarország",nominatim/photon,,Óhegy
35576205,"Kada utca, 1106 Budapest",47.4818406,19.1572166,utca,"Kada utca, Óhegy, X. kerület, Budapest, 1106, Magyarország",nominatim/photon,,Óhegy
35576266,"Állomás utca, 1102 Budapest",47.4851686,19.1286185,utca,"Állomás utca, Ligettelek, X. kerület, Budapest, 1102, Magyarország",nominatim/photon,,Ligettelek
35576699,"Állomás utca, 1102 Budapest",47.4851686,19.1286185,utca,"Állomás utca, Ligettelek, X. kerület, Budapest, 1102, Magyarország",nominatim/photon,,Ligettelek
35576810,"Kőbánya-Városközpont, 1105 Budapest",47.482503,19.1307351,utca,"Kőbánya Városközpont, Óhegy, X. kerület, Budapest, 1102, Magyarország",nominatim/photon,,Óhegy
35577273,"Harmat utca, 1104 Budapest",47.4755161,19.1567075,utca,"Harmat utca, Óhegyi lakótelep, Külső Kőbánya, Óhegy, X. kerület, Budapest, 1104, Magyarország",nominatim/photon,,Óhegy
35577371,"Kőbánya - Óhegy, 1103 Budapest",47.4820541,19.132346,utca,"Budapest-Kőbányai evangélikus templom, 14, Kápolna utca, Kőbánya Városközpont, Óhegy, X. kerület, Budapest, 1102, Magyarország",nominatim/photon,,Óhegy
35577752,"Kápolna utca, 1103 Budapest",47.4812877,19.1359268,utca,"Kápolna utca, Kőbánya Városközpont, Óhegy, X. kerület, Budapest, 1105, Magyarország",nominatim/photon,,Óhegy
35577784,"Makk utca, 1107 Budapest",47.474174,19.1185644,utca,"Makk utca, Gyárdűlő, X. kerület, Budapest, 1107, Magyarország",nominatim/photon,,Gyárdűlő
35577835,"120-122 Üllői út, 1101 Budapest",47.470893,19.1151554,hazszam,"120-122, Üllői út, Gyárdűlő, X. kerület, Budapest, 1101, Magyarország",nominatim/photon,120.0,Gyárdűlő
35578152,"Szárnyas utca, 1107 Budapest",47.4677585,19.1212839,utca,"Szárnyas utca, Gyárdűlő, X. kerület, Budapest, 1107, Magyarország",nominatim/photon,,Gyárdűlő
35578399,"Mélytó utca, 1108 Budapest",47.4687042,19.1639349,utca,"Mélytó utca, Újhegy, X. kerület, Budapest, 1108, Magyarország",nominatim/photon,,Újhegy
35578506,"Kőrösi Csoma sétány, 1102 Budapest",47.4836523,19.1295197,utca,"Kőrösi Csoma sétány, Ligettelek, X. kerület, Budapest, 1102, Magyarország",nominatim/photon,,Ligettelek
35578559,"Noszlopy utca, 1103 Budapest",47.4735008,19.1502693,utca,"Noszlopy utca, Óhegyi lakótelep, Külső Kőbánya, Óhegy, X. kerület, Budapest, 1103, Magyarország",nominatim/photon,,Óhegy
35578610,"Kőrösi Csoma sétány, 1102 Budapest",47.4836523,19.1295197,utca,"Kőrösi Csoma sétány, Ligettelek, X. kerület, Budapest, 1102, Magyarország",nominatim/photon,,Ligettelek
35578656,"Ligettelek, 1101 Budapest",47.493646,19.1300619,utca,"Ligettelek, X. kerület, Budapest, 1102, Magyarország",nominatim/photon,,Ligettelek
35578798,"Kőbánya-Városközpont, 1105 Budapest",47.482503,19.1307351,utca,"Kőbánya Városközpont, Óhegy, X. kerület, Budapest, 1102, Magyarország",nominatim/photon,,Óhegy
35578852,"Ihász köz, 1105 Budapest",47.4860782,19.1435952,utca,"Ihász köz, Kőbánya Városközpont, Óhegy, X. kerület, Budapest, 1105, Magyarország",nominatim/photon,,Óhegy
35578951,"Füzér utca, 1102 Budapest",47.4885312,19.1271594,utca,"Füzér utca, Ligettelek, X. kerület, Budapest, 1102, Magyarország",nominatim/photon,,Ligettelek
35579132,"Kőbánya - Óhegy, 1103 Budapest",47.4820541,19.132346,utca,"Budapest-Kőbányai evangélikus templom, 14, Kápolna utca, Kőbánya Városközpont, Óhegy, X. kerület, Budapest, 1102, Magyarország",nominatim/photon,,Óhegy
35579284,"130 Gyömrői út, 1103 Budapest",47.4724291,19.1387493,utca,"Gyömrői út, Külső Kőbánya, Óhegy, X. kerület, Budapest, 1103, Magyarország",nominatim/photon,,Óhegy
35579338,"Kőbánya-Városközpont, 1105 Budapest",47.482503,19.1307351,utca,"Kőbánya Városközpont, Óhegy, X. kerület, Budapest, 1102, Magyarország",nominatim/photon,,Óhegy
35579637,"8 Zágrábi utca, 1107 Budapest",47.4711207,19.1185735,hazszam,"8, Zágrábi utca, Gyárdűlő, X. kerület, Budapest, 1107, Magyarország",nominatim/photon,8.0,Gyárdűlő
35579740,"114 Gergely utca, 1108 Budapest",47.4683076,19.1566028,hazszam,"114, Gergely utca, Újhegy, X. kerület, Budapest, 1108, Magyarország",nominatim/photon,114.0,Újhegy
35579832,"11 Állomás utca, 1102 Budapest",47.4848298,19.128726,hazszam,"11, Állomás utca, Ligettelek, X. kerület, Budapest, 1102, Magyarország",nominatim/photon,11.0,Ligettelek
35579875,"Kápolna utca, 1103 Budapest",47.4812877,19.1359268,utca,"Kápolna utca, Kőbánya Városközpont, Óhegy, X. kerület, Budapest, 1105, Magyarország",nominatim/photon,,Óhegy
35579994,"Harmat utca, 1104 Budapest",47.4755161,19.1567075,utca,"Harmat utca, Óhegyi lakótelep, Külső Kőbánya, Óhegy, X. kerület, Budapest, 1104, Magyarország",nominatim/photon,,Óhegy
35579997,"Kővágó utca, 1108 Budapest",47.4727328,19.1633848,utca,"Kővágó utca, Újhegy, X. kerület, Budapest, 1108, Magyarország",nominatim/photon,,Újhegy
35580077,"Lavotta utca, 1104 Budapest",47.479094,19.1612765,utca,"Lavotta utca, Óhegy, X. kerület, Budapest, 1104, Magyarország",nominatim/photon,,Óhegy
35580576,"Maláta köz, 1105 Budapest",47.4904587,19.139691,utca,"Maláta köz, Kőbánya Városközpont, Óhegy, X. kerület, Budapest, 1105, Magyarország",nominatim/photon,,Óhegy
35581287,"Zöldpálya utca, 1106 Budapest",47.482523,19.2060728,utca,"Zöldpálya utca, Kőbánya-Kertváros, X. kerület, Budapest, 1106, Magyarország",nominatim/photon,,Kőbánya-Kertváros
35581444,"Harmat utca, 1108 Budapest",47.4649554,19.1721158,utca,"Harmat utca, Újhegy, X. kerület, Budapest, 1108, Magyarország",nominatim/photon,,Újhegy
35581687,"Gyakorló utca, 1106 Budapest",47.5018325,19.1436801,utca,"Gyakorló utca, Gyakorló utcai lakótelep, Felsőrákos, X. kerület, Budapest, 1106, Magyarország",nominatim/photon,,Felsőrákos
35581848,"Kőbánya - Óhegyi lakótelep, 1103 Budapest",47.4752666,19.1504781,utca,Óhegyi lakótelep,nominatim/photon,,Óhegy
35581857,"Kőbánya - Óhegy, 1103 Budapest",47.4820541,19.132346,utca,"Budapest-Kőbányai evangélikus templom, 14, Kápolna utca, Kőbánya Városközpont, Óhegy, X. kerület, Budapest, 1102, Magyarország",nominatim/photon,,Óhegy
35581937,"Lavotta utca, 1104 Budapest",47.479094,19.1612765,utca,"Lavotta utca, Óhegy, X. kerület, Budapest, 1104, Magyarország",nominatim/photon,,Óhegy
35582234,"Felsőrákos, 1106 Budapest",47.4953772,19.1746318,utca,"Felsőrákos, X. kerület, Budapest, 1106, Magyarország",nominatim/photon,,Felsőrákos
35582405,"Ligettelek, 1101 Budapest",47.493646,19.1300619,utca,"Ligettelek, X. kerület, Budapest, 1102, Magyarország",nominatim/photon,,Ligettelek
35582453,"Kőrösi Csoma sétány, 1102 Budapest",47.4836523,19.1295197,utca,"Kőrösi Csoma sétány, Ligettelek, X. kerület, Budapest, 1102, Magyarország",nominatim/photon,,Ligettelek
35582653,"Kőbányai út, 1101 Budapest",47.4856054,19.1109997,utca,"Kőbányai út, Taraliget lakópark, Népliget, X. kerület, Budapest, 1101, Magyarország",nominatim/photon,,Népliget
35582716,"Keresztúri út, 1106 Budapest",47.5008487,19.1535699,utca,"Keresztúri út, Felsőrákos, X. kerület, Budapest, 1106, Magyarország",nominatim/photon,,Felsőrákos
35582779,"Kőbánya-Városközpont, 1105 Budapest",47.482503,19.1307351,utca,"Kőbánya Városközpont, Óhegy, X. kerület, Budapest, 1102, Magyarország",nominatim/photon,,Óhegy
35583295,"Felsőrákos, 1106 Budapest",47.4953772,19.1746318,utca,"Felsőrákos, X. kerület, Budapest, 1106, Magyarország",nominatim/photon,,Felsőrákos
35583379,"Szegély utca, 1108 Budapest",47.4762827,19.1656468,utca,"Szegély utca, Újhegy, X. kerület, Budapest, 1108, Magyarország",nominatim/photon,,Újhegy
35583492,"Ónodi köz, 1105 Budapest",47.4878224,19.136285,utca,"Ónodi köz, Kőbánya Városközpont, Óhegy, X. kerület, Budapest, 1105, Magyarország",nominatim/photon,,Óhegy
35583640,"Harmat utca, 1104 Budapest",47.4755161,19.1567075,utca,"Harmat utca, Óhegyi lakótelep, Külső Kőbánya, Óhegy, X. kerület, Budapest, 1104, Magyarország",nominatim/photon,,Óhegy
35583766,"10 Oltó utca, 1108 Budapest",47.4694238,19.1590802,hazszam,"10, Oltó utca, Újhegy, X. kerület, Budapest, 1108, Magyarország",nominatim/photon,10.0,Újhegy
35583875,"Füzér utca, 1102 Budapest",47.4885312,19.1271594,utca,"Füzér utca, Ligettelek, X. kerület, Budapest, 1102, Magyarország",nominatim/photon,,Ligettelek
35584000,"Kőbánya-Városközpont, 1105 Budapest",47.482503,19.1307351,utca,"Kőbánya Városközpont, Óhegy, X. kerület, Budapest, 1102, Magyarország",nominatim/photon,,Óhegy
35584302,"4 Gém utca, 1107 Budapest",47.4707485,19.121164,hazszam,"Metrodom Park C, 4, Gém utca, Gyárdűlő, X. kerület, Budapest, 1107, Magyarország",nominatim/photon,4.0,Gyárdűlő
35584610,"Gergely utca, 1103 Budapest",47.4766075,19.1399217,utca,"Gergely utca, Óhegyi lakótelep, Külső Kőbánya, Óhegy, X. kerület, Budapest, 1103, Magyarország",nominatim/photon,,Óhegy
35584664,"Kőbánya - Újhegy, 1108 Budapest",47.4691191,19.1617088,utca,"Éltes Mátyás Általános Iskola és Kollégium, 9-11, Újhegyi sétány, Újhegy, X. kerület, Budapest, 1108, Magyarország",nominatim/photon,,Újhegy
35584673,"Kőrösi Csoma Sándor út, 1102 Budapest",47.4865004,19.1327222,utca,"Kőrösi Csoma Sándor út, Ligettelek, X. kerület, Budapest, 1102, Magyarország",nominatim/photon,,Ligettelek
35584770,"Laposdűlő, 1101 Budapest",47.4927492,19.1144828,utca,"Laposdűlő, X. kerület, Budapest, 1101, Magyarország",nominatim/photon,,Laposdűlő
35584783,"Csilla utca 3/A, 1101 Budapest",47.4892637,19.1195622,utca,"Csilla utca, Pongrácz úti lakótelep, Laposdűlő, X. kerület, Budapest, 1101, Magyarország",nominatim/photon,,Laposdűlő
35584924,"Harmat utca, 1104 Budapest",47.4755161,19.1567075,utca,"Harmat utca, Óhegyi lakótelep, Külső Kőbánya, Óhegy, X. kerület, Budapest, 1104, Magyarország",nominatim/photon,,Óhegy
35585223,"Kőbánya - Óhegy, 1103 Budapest",47.4820541,19.132346,utca,"Budapest-Kőbányai evangélikus templom, 14, Kápolna utca, Kőbánya Városközpont, Óhegy, X. kerület, Budapest, 1102, Magyarország",nominatim/photon,,Óhegy
35585304,"Hungária körút, 1101 Budapest",47.4973698,19.1090927,utca,"Hungária körút, Laposdűlő, X. kerület, Budapest, 1101, Magyarország",nominatim/photon,,Laposdűlő
35585337,"40 Liget utca, 1102 Budapest",47.4894295,19.1337056,hazszam,,nominatim/photon,40.0,Ligettelek
35585478,"Újhegy - Rózsaliget-lakópark, 1108 Budapest",47.4659601,19.1619225,utca,Rózsaliget Lakópark,nominatim/photon,,Újhegy
35585662,"102 Gergely utca, 1103 Budapest",47.4722228,19.1502411,hazszam,"A, 102, Gergely utca, Óhegyi lakótelep, Külső Kőbánya, Óhegy, X. kerület, Budapest, 1103, Magyarország",nominatim/photon,102.0,Óhegy
35585953,"Harmat utca, 1104 Budapest",47.4755161,19.1567075,utca,"Harmat utca, Óhegyi lakótelep, Külső Kőbánya, Óhegy, X. kerület, Budapest, 1104, Magyarország",nominatim/photon,,Óhegy
35586450,"Tóvirág utca, 1108 Budapest",47.4691728,19.1643295,utca,"Tóvirág utca, Újhegy, X. kerület, Budapest, 1108, Magyarország",nominatim/photon,,Újhegy
35586580,"Téglagyárdűlő, 1106 Budapest",47.4834581,19.1688594,utca,"Téglagyárdűlő, X. kerület, Budapest, Magyarország",nominatim/photon,,Téglagyárdűlő
35586644,"Kada utca, 1106 Budapest",47.4818406,19.1572166,utca,"Kada utca, Óhegy, X. kerület, Budapest, 1106, Magyarország",nominatim/photon,,Óhegy
35586837,"Téglagyárdűlő, 1106 Budapest",47.4834581,19.1688594,utca,"Téglagyárdűlő, X. kerület, Budapest, Magyarország",nominatim/photon,,Téglagyárdűlő
35586929,"Hatház utca, 1106 Budapest",47.5036103,19.1489287,utca,"Hatház utca, Gyakorló utcai lakótelep, Felsőrákos, X. kerület, Budapest, 1106, Magyarország",nominatim/photon,,Felsőrákos
35587128,"Kőbánya - Óhegy, 1103 Budapest",47.4820541,19.132346,utca,"Budapest-Kőbányai evangélikus templom, 14, Kápolna utca, Kőbánya Városközpont, Óhegy, X. kerület, Budapest, 1102, Magyarország",nominatim/photon,,Óhegy
35587152,"Takarék utca, 1108 Budapest",47.4743974,19.1655913,utca,"Takarék utca, Újhegy, X. kerület, Budapest, 1108, Magyarország",nominatim/photon,,Újhegy
35587156,"Kőbánya-Városközpont, 1105 Budapest",47.482503,19.1307351,utca,"Kőbánya Városközpont, Óhegy, X. kerület, Budapest, 1102, Magyarország",nominatim/photon,,Óhegy
35587180,"Kőrösi Csoma Sándor út, 1102 Budapest",47.4865004,19.1327222,utca,"Kőrösi Csoma Sándor út, Ligettelek, X. kerület, Budapest, 1102, Magyarország",nominatim/photon,,Ligettelek
35587237,"Gőzmozdony utca, 1108 Budapest",47.4693516,19.1581878,utca,"Gőzmozdony utca, Újhegy, X. kerület, Budapest, 1108, Magyarország",nominatim/photon,,Újhegy
35587357,"Kőbánya - Újhegyi lakótelep, 1108 Budapest",47.4918761,19.1206497,utca,Kőbánya-Teher,nominatim/photon,,Laposdűlő
35587487,"Csősztorony utca, 1105 Budapest",47.4848342,19.1454026,utca,"Csősztorony utca, Óhegy, X. kerület, Budapest, 1105, Magyarország",nominatim/photon,,Óhegy
35587513,"Ihász köz, 1105 Budapest",47.4860782,19.1435952,utca,"Ihász köz, Kőbánya Városközpont, Óhegy, X. kerület, Budapest, 1105, Magyarország",nominatim/photon,,Óhegy
35587793,"Kőbánya-Városközpont, 1105 Budapest",47.482503,19.1307351,utca,"Kőbánya Városközpont, Óhegy, X. kerület, Budapest, 1102, Magyarország",nominatim/photon,,Óhegy
35587795,"6 Maláta köz, 1105 Budapest",47.4908299,19.1395472,hazszam,,nominatim/photon,6.0,Óhegy
35587943,"Keresztúri út, 1106 Budapest",47.5008487,19.1535699,utca,"Keresztúri út, Felsőrákos, X. kerület, Budapest, 1106, Magyarország",nominatim/photon,,Felsőrákos
35587966,"Felsőrákos, 1106 Budapest",47.4953772,19.1746318,utca,"Felsőrákos, X. kerület, Budapest, 1106, Magyarország",nominatim/photon,,Felsőrákos
35588074,"Állomás utca, 1102 Budapest",47.4851686,19.1286185,utca,"Állomás utca, Ligettelek, X. kerület, Budapest, 1102, Magyarország",nominatim/photon,,Ligettelek
35588078,"Laposdűlő, 1101 Budapest",47.4927492,19.1144828,utca,"Laposdűlő, X. kerület, Budapest, 1101, Magyarország",nominatim/photon,,Laposdűlő
35588380,"Liget utca, 1102 Budapest",47.4880311,19.1300336,utca,"Liget utca, Ligettelek, X. kerület, Budapest, 1102, Magyarország",nominatim/photon,,Ligettelek
35588430,"Maglódi út, 1106 Budapest",47.4805817,19.1614707,utca,"Maglódi út, Téglagyárdűlő, X. kerület, Budapest, 1106, Magyarország",nominatim/photon,,Téglagyárdűlő
35588740,"Noszlopy utca, 1103 Budapest",47.4735008,19.1502693,utca,"Noszlopy utca, Óhegyi lakótelep, Külső Kőbánya, Óhegy, X. kerület, Budapest, 1103, Magyarország",nominatim/photon,,Óhegy
35588811,"43 Kőbányai út, 1101 Budapest",47.4848079,19.1128664,hazszam,"Aries Fitness, 43/C, Kőbányai út, Taraliget lakópark, Népliget, X. kerület, Budapest, 1101, Magyarország",nominatim/photon,43.0,Népliget
35588988,"4 Korponai utca, 1101 Budapest",47.4878413,19.1244034,hazszam,"4, Korponai utca, Ligettelek, X. kerület, Budapest, 1101, Magyarország",nominatim/photon,4.0,Ligettelek
35589092,"Mélytó utca, 1108 Budapest",47.4687042,19.1639349,utca,"Mélytó utca, Újhegy, X. kerület, Budapest, 1108, Magyarország",nominatim/photon,,Újhegy
35589144,"Gergely utca, 1103 Budapest",47.4766075,19.1399217,utca,"Gergely utca, Óhegyi lakótelep, Külső Kőbánya, Óhegy, X. kerület, Budapest, 1103, Magyarország",nominatim/photon,,Óhegy
35589213,"Kelemen utca, 1103 Budapest",47.4802919,19.1386832,utca,"Kelemen utca, Kőbánya Városközpont, Óhegy, X. kerület, Budapest, 1105, Magyarország",nominatim/photon,,Óhegy
35589459,"Kőbánya - Újhegy, 1108 Budapest",47.4691191,19.1617088,utca,"Éltes Mátyás Általános Iskola és Kollégium, 9-11, Újhegyi sétány, Újhegy, X. kerület, Budapest, 1108, Magyarország",nominatim/photon,,Újhegy
35590002,"Bihari utca, 1107 Budapest",47.4769847,19.1207693,utca,"Bihari utca, Monori Center Chinatown, Gyárdűlő, X. kerület, Budapest, 1107, Magyarország",nominatim/photon,,Gyárdűlő
35590193,"Harmat utca, 1108 Budapest",47.4649554,19.1721158,utca,"Harmat utca, Újhegy, X. kerület, Budapest, 1108, Magyarország",nominatim/photon,,Újhegy
35590255,"Kőbánya - Újhegyi lakótelep, 1108 Budapest",47.4918761,19.1206497,utca,Kőbánya-Teher,nominatim/photon,,Laposdűlő
35590367,"Zsombék utca, 1108 Budapest",47.4723763,19.1668831,utca,"Zsombék utca, Újhegy, X. kerület, Budapest, 1108, Magyarország",nominatim/photon,,Újhegy
35590594,"Kőbánya - Óhegyi lakótelep, 1103 Budapest",47.4752666,19.1504781,utca,Óhegyi lakótelep,nominatim/photon,,Óhegy
35590621,"Gém utca, 1107 Budapest",47.4709565,19.1216348,utca,"Gém utca, Gyárdűlő, X. kerület, Budapest, 1107, Magyarország",nominatim/photon,,Gyárdűlő
35590695,"Kőbánya-Városközpont, 1105 Budapest",47.482503,19.1307351,utca,"Kőbánya Városközpont, Óhegy, X. kerület, Budapest, 1102, Magyarország",nominatim/photon,,Óhegy
35590742,"Kőbánya - Óhegy, 1103 Budapest",47.4820541,19.132346,utca,"Budapest-Kőbányai evangélikus templom, 14, Kápolna utca, Kőbánya Városközpont, Óhegy, X. kerület, Budapest, 1102, Magyarország",nominatim/photon,,Óhegy
35590823,"Felsőrákos, 1106 Budapest",47.4953772,19.1746318,utca,"Felsőrákos, X. kerület, Budapest, 1106, Magyarország",nominatim/photon,,Felsőrákos
35591341,"Gyárdűlői lakótelep, 1107 Budapest",47.4754656,19.1221648,utca,Gyárdűlő,nominatim/photon,,
35591913,"Váltó utca 10/A, 1106 Budapest",47.5007387,19.1671959,utca,"Váltó utca, Felsőrákos, X. kerület, Budapest, 1106, Magyarország",nominatim/photon,,Felsőrákos
35592007,"Kőbánya - Újhegyi lakótelep, 1108 Budapest",47.4918761,19.1206497,utca,Kőbánya-Teher,nominatim/photon,,Laposdűlő
35592010,"Kőbánya - Újhegyi lakótelep, 1108 Budapest",47.4918761,19.1206497,utca,Kőbánya-Teher,nominatim/photon,,Laposdűlő
35592784,"Újhegyi út, 1108 Budapest",47.4697455,19.1723365,utca,"Újhegyi út, Újhegy, X. kerület, Budapest, 1108, Magyarország",nominatim/photon,,Újhegy
35592917,"5-7 Hungária körút, 1101 Budapest",47.4921691,19.1116152,hazszam,"Kőbányai Bem József Általános Iskola, 5-7, Hungária körút, Honvédségi lakótelep, Laposdűlő, X. kerület, Budapest, 1101, Magyarország",nominatim/photon,5.0,Laposdűlő
35593147,"Kőbánya - Újhegyi lakótelep, 1108 Budapest",47.4918761,19.1206497,utca,Kőbánya-Teher,nominatim/photon,,Laposdűlő
35593351,"Harmat utca, 1104 Budapest",47.4755161,19.1567075,utca,"Harmat utca, Óhegyi lakótelep, Külső Kőbánya, Óhegy, X. kerület, Budapest, 1104, Magyarország",nominatim/photon,,Óhegy
35593721,"Szentimrey utca, 1104 Budapest",47.4778435,19.1630873,utca,"Szentimrey utca, Óhegy, X. kerület, Budapest, 1104, Magyarország",nominatim/photon,,Óhegy
35593849,"Csilla utca, 1101 Budapest",47.4892637,19.1195622,utca,"Csilla utca, Pongrácz úti lakótelep, Laposdűlő, X. kerület, Budapest, 1101, Magyarország",nominatim/photon,,Laposdűlő
35594056,"Hang utca, 1108 Budapest",47.4709562,19.1664476,utca,"Hang utca, Újhegy, X. kerület, Budapest, 1108, Magyarország",nominatim/photon,,Újhegy
35594065,"Mádi utca, 1104 Budapest",47.4772467,19.1583549,utca,"Mádi utca, Óhegyi lakótelep, Óhegy, X. kerület, Budapest, 1104, Magyarország",nominatim/photon,,Óhegy
35594273,"Salgótarjáni utca, 1101 Budapest",47.4905952,19.1125512,utca,"Salgótarjáni utca, MÁV-telep, Laposdűlő, X. kerület, Budapest, 1101, Magyarország",nominatim/photon,,Laposdűlő
35594779,"10 Maglódi út, 1106 Budapest",47.4835866,19.1573813,utca,"Maglódi út, Téglagyárdűlő, X. kerület, Budapest, 1106, Magyarország",nominatim/photon,,Téglagyárdűlő
35595033,"Balkán utca, 1107 Budapest",47.4741158,19.1119455,utca,"Balkán utca, Gyárdűlő, X. kerület, Budapest, 1107, Magyarország",nominatim/photon,,Gyárdűlő
35595353,"Kada utca, 1106 Budapest",47.4818406,19.1572166,utca,"Kada utca, Óhegy, X. kerület, Budapest, 1106, Magyarország",nominatim/photon,,Óhegy
35595359,"Mádi utca, 1104 Budapest",47.4772467,19.1583549,utca,"Mádi utca, Óhegyi lakótelep, Óhegy, X. kerület, Budapest, 1104, Magyarország",nominatim/photon,,Óhegy
35595394,"Kada utca, 1106 Budapest",47.4818406,19.1572166,utca,"Kada utca, Óhegy, X. kerület, Budapest, 1106, Magyarország",nominatim/photon,,Óhegy
35595537,"Kőbánya - Óhegy, 1103 Budapest",47.4820541,19.132346,utca,"Budapest-Kőbányai evangélikus templom, 14, Kápolna utca, Kőbánya Városközpont, Óhegy, X. kerület, Budapest, 1102, Magyarország",nominatim/photon,,Óhegy
35595598,"Kőbánya - Óhegyi lakótelep, 1103 Budapest",47.4752666,19.1504781,utca,Óhegyi lakótelep,nominatim/photon,,Óhegy
35595793,"Gyakorló utca, 1106 Budapest",47.5018325,19.1436801,utca,"Gyakorló utca, Gyakorló utcai lakótelep, Felsőrákos, X. kerület, Budapest, 1106, Magyarország",nominatim/photon,,Felsőrákos
35595952,"Kőbánya - Óhegyi lakótelep, 1103 Budapest",47.4752666,19.1504781,utca,Óhegyi lakótelep,nominatim/photon,,Óhegy
35596126,"Dombtető utca, 1108 Budapest",47.4730923,19.1639779,utca,"Dombtető utca, Újhegy, X. kerület, Budapest, 1108, Magyarország",nominatim/photon,,Újhegy
35596192,"Hölgy utca, 1102 Budapest",47.4880751,19.1253724,utca,"Hölgy utca, Ligettelek, X. kerület, Budapest, 1102, Magyarország",nominatim/photon,,Ligettelek
35596197,"Kőbánya - Óhegyi lakótelep, 1103 Budapest",47.4752666,19.1504781,utca,Óhegyi lakótelep,nominatim/photon,,Óhegy
35596261,"Bányató utca, 1108 Budapest",47.4645943,19.1669132,utca,"Bányató utca, Újhegy, X. kerület, Budapest, 1108, Magyarország",nominatim/photon,,Újhegy
35596322,"Kőbánya-Városközpont, 1105 Budapest",47.482503,19.1307351,utca,"Kőbánya Városközpont, Óhegy, X. kerület, Budapest, 1102, Magyarország",nominatim/photon,,Óhegy
35596353,"11 Gépmadár utca, 1106 Budapest",47.5029962,19.1439333,hazszam,"11, Gépmadár utca, Gyakorló utcai lakótelep, Felsőrákos, X. kerület, Budapest, 1106, Magyarország",nominatim/photon,11.0,Felsőrákos
35596587,"Hölgy utca, 1102 Budapest",47.4880751,19.1253724,utca,"Hölgy utca, Ligettelek, X. kerület, Budapest, 1102, Magyarország",nominatim/photon,,Ligettelek
35596769,"Gyógyszergyári utca, 1106 Budapest",47.4977993,19.1441204,utca,"Gyógyszergyári utca, Gyakorló utcai lakótelep, Felsőrákos, X. kerület, Budapest, 1106, Magyarország",nominatim/photon,,Felsőrákos
35596801,"Kápolna utca, 1103 Budapest",47.4812877,19.1359268,utca,"Kápolna utca, Kőbánya Városközpont, Óhegy, X. kerület, Budapest, 1105, Magyarország",nominatim/photon,,Óhegy
35596919,"Kőbánya - Újhegyi lakótelep, 1108 Budapest",47.4918761,19.1206497,utca,Kőbánya-Teher,nominatim/photon,,Laposdűlő
35597103,"Hungária körút, 1101 Budapest",47.4973698,19.1090927,utca,"Hungária körút, Laposdűlő, X. kerület, Budapest, 1101, Magyarország",nominatim/photon,,Laposdűlő
35597144,"Gőzmozdony utca, 1108 Budapest",47.4693516,19.1581878,utca,"Gőzmozdony utca, Újhegy, X. kerület, Budapest, 1108, Magyarország",nominatim/photon,,Újhegy
35597162,"Állomás utca, 1102 Budapest",47.4851686,19.1286185,utca,"Állomás utca, Ligettelek, X. kerület, Budapest, 1102, Magyarország",nominatim/photon,,Ligettelek
35597194,"Állomás utca, 1102 Budapest",47.4851686,19.1286185,utca,"Állomás utca, Ligettelek, X. kerület, Budapest, 1102, Magyarország",nominatim/photon,,Ligettelek
35597292,"18 Agyagfejtő utca, 1108 Budapest",47.4706823,19.1620269,hazszam,"18, Agyagfejtő utca, Újhegy, X. kerület, Budapest, 1108, Magyarország",nominatim/photon,18.0,Újhegy
35597310,"Kőbánya-Kertváros, 1106 Budapest",47.4826961,19.2002952,utca,"Kőbánya-Kertváros, X. kerület, Budapest, Magyarország",nominatim/photon,,Kőbánya-Kertváros
35597444,"Liget tér, 1102 Budapest",47.4841818,19.1275583,utca,"Liget tér, Ligettelek, X. kerület, Budapest, 1102, Magyarország",nominatim/photon,,Ligettelek
35597497,"10 Szövőszék utca, 1108 Budapest",47.471442,19.1615011,hazszam,"10, Szövőszék utca, Újhegy, X. kerület, Budapest, 1108, Magyarország",nominatim/photon,10.0,Újhegy
35597541,"Kőbánya - Óhegyi lakótelep, 1103 Budapest",47.4752666,19.1504781,utca,Óhegyi lakótelep,nominatim/photon,,Óhegy
35597566,"Lenfonó utca, 1108 Budapest",47.4712382,19.1593693,utca,"Lenfonó utca, Újhegy, X. kerület, Budapest, 1108, Magyarország",nominatim/photon,,Újhegy
35597622,"10 Szövőszék utca, 1108 Budapest",47.471442,19.1615011,hazszam,"10, Szövőszék utca, Újhegy, X. kerület, Budapest, 1108, Magyarország",nominatim/photon,10.0,Újhegy
35597650,"Gyömrői út, 1103 Budapest",47.4724291,19.1387493,utca,"Gyömrői út, Külső Kőbánya, Óhegy, X. kerület, Budapest, 1103, Magyarország",nominatim/photon,,Óhegy
35597696,"Kőbánya - Óhegy, 1103 Budapest",47.4820541,19.132346,utca,"Budapest-Kőbányai evangélikus templom, 14, Kápolna utca, Kőbánya Városközpont, Óhegy, X. kerület, Budapest, 1102, Magyarország",nominatim/photon,,Óhegy
35597978,"10 Szövőszék utca, 1108 Budapest",47.471442,19.1615011,hazszam,"10, Szövőszék utca, Újhegy, X. kerület, Budapest, 1108, Magyarország",nominatim/photon,10.0,Újhegy
35598197,"Kőbánya - Újhegyi lakótelep, 1108 Budapest",47.4918761,19.1206497,utca,Kőbánya-Teher,nominatim/photon,,Laposdűlő
35598207,"Kőbánya - Újhegyi lakótelep, 1108 Budapest",47.4918761,19.1206497,utca,Kőbánya-Teher,nominatim/photon,,Laposdűlő
35598232,"Kőér utca, 1103 Budapest",47.4675109,19.1270288,utca,"Kőér utca, Kúttó, X. kerület, Budapest, 1103, Magyarország",nominatim/photon,,Kúttó
35598301,"Kőbánya - Óhegy, 1103 Budapest",47.4820541,19.132346,utca,"Budapest-Kőbányai evangélikus templom, 14, Kápolna utca, Kőbánya Városközpont, Óhegy, X. kerület, Budapest, 1102, Magyarország",nominatim/photon,,Óhegy
35598319,"Felsőrákos, 1106 Budapest",47.4953772,19.1746318,utca,"Felsőrákos, X. kerület, Budapest, 1106, Magyarország",nominatim/photon,,Felsőrákos
35598467,"Kőbánya - Újhegyi lakótelep, 1108 Budapest",47.4918761,19.1206497,utca,Kőbánya-Teher,nominatim/photon,,Laposdűlő
35598823,"Noszlopy utca, 1103 Budapest",47.4735008,19.1502693,utca,"Noszlopy utca, Óhegyi lakótelep, Külső Kőbánya, Óhegy, X. kerület, Budapest, 1103, Magyarország",nominatim/photon,,Óhegy
35599034,"Kőbánya - Újhegyi lakótelep, 1108 Budapest",47.4918761,19.1206497,utca,Kőbánya-Teher,nominatim/photon,,Laposdűlő
35599106,"Kőbánya-Városközpont, 1105 Budapest",47.482503,19.1307351,utca,"Kőbánya Városközpont, Óhegy, X. kerület, Budapest, 1102, Magyarország",nominatim/photon,,Óhegy
35599178,"Kőbánya - Újhegyi lakótelep, 1108 Budapest",47.4918761,19.1206497,utca,Kőbánya-Teher,nominatim/photon,,Laposdűlő
35599210,"Kőbánya - Óhegy, 1103 Budapest",47.4820541,19.132346,utca,"Budapest-Kőbányai evangélikus templom, 14, Kápolna utca, Kőbánya Városközpont, Óhegy, X. kerület, Budapest, 1102, Magyarország",nominatim/photon,,Óhegy
35599266,"Téglagyárdűlő, 1106 Budapest",47.4834581,19.1688594,utca,"Téglagyárdűlő, X. kerület, Budapest, Magyarország",nominatim/photon,,Téglagyárdűlő
35599332,"Kőbánya - Újhegyi lakótelep, 1108 Budapest",47.4918761,19.1206497,utca,Kőbánya-Teher,nominatim/photon,,Laposdűlő
35599508,"Kőbánya - Újhegy, 1108 Budapest",47.4691191,19.1617088,utca,"Éltes Mátyás Általános Iskola és Kollégium, 9-11, Újhegyi sétány, Újhegy, X. kerület, Budapest, 1108, Magyarország",nominatim/photon,,Újhegy
35599510,"Kőbánya - Óhegy, 1103 Budapest",47.4820541,19.132346,utca,"Budapest-Kőbányai evangélikus templom, 14, Kápolna utca, Kőbánya Városközpont, Óhegy, X. kerület, Budapest, 1102, Magyarország",nominatim/photon,,Óhegy
35599521,"Kőbánya - Újhegy, 1108 Budapest",47.4691191,19.1617088,utca,"Éltes Mátyás Általános Iskola és Kollégium, 9-11, Újhegyi sétány, Újhegy, X. kerület, Budapest, 1108, Magyarország",nominatim/photon,,Újhegy
35599546,"Harmat utca, 1108 Budapest",47.4649554,19.1721158,utca,"Harmat utca, Újhegy, X. kerület, Budapest, 1108, Magyarország",nominatim/photon,,Újhegy
35599659,"Kőbánya - Óhegy, 1103 Budapest",47.4820541,19.132346,utca,"Budapest-Kőbányai evangélikus templom, 14, Kápolna utca, Kőbánya Városközpont, Óhegy, X. kerület, Budapest, 1102, Magyarország",nominatim/photon,,Óhegy
35599802,"Kőbánya - Újhegyi lakótelep, 1108 Budapest",47.4918761,19.1206497,utca,Kőbánya-Teher,nominatim/photon,,Laposdűlő
35599855,"Mádi utca, 1105 Budapest",47.4889993,19.1408147,utca,"Mádi utca, Kőbánya Városközpont, Óhegy, X. kerület, Budapest, 1105, Magyarország",nominatim/photon,,Óhegy
35599868,"Gyárdűlő, 1107 Budapest",47.4754656,19.1221648,utca,"Gyárdűlő, X. kerület, Budapest, 1107, Magyarország",nominatim/photon,,Gyárdűlő
35599899,"Sörgyár utca, 1104 Budapest",47.4800806,19.1572796,utca,"Sörgyár utca, Óhegy, X. kerület, Budapest, 1104, Magyarország",nominatim/photon,,Óhegy
35600225,"Rottenbiller park, 1105 Budapest",47.4867211,19.1358968,utca,"Rottenbiller park, Kőbánya Városközpont, Óhegy, X. kerület, Budapest, 1105, Magyarország",nominatim/photon,,Óhegy
35600243,"Állomás utca, 1102 Budapest",47.4851686,19.1286185,utca,"Állomás utca, Ligettelek, X. kerület, Budapest, 1102, Magyarország",nominatim/photon,,Ligettelek
35600325,"Dombtető utca, 1108 Budapest",47.4730923,19.1639779,utca,"Dombtető utca, Újhegy, X. kerület, Budapest, 1108, Magyarország",nominatim/photon,,Újhegy
35600549,"Ihász köz, 1105 Budapest",47.4860782,19.1435952,utca,"Ihász köz, Kőbánya Városközpont, Óhegy, X. kerület, Budapest, 1105, Magyarország",nominatim/photon,,Óhegy
35600692,"Endre utca, 1102 Budapest",47.4888107,19.1264458,utca,"Endre utca, Ligettelek, X. kerület, Budapest, 1102, Magyarország",nominatim/photon,,Ligettelek
35600789,"Kőbánya - Újhegyi lakótelep, 1108 Budapest",47.4918761,19.1206497,utca,Kőbánya-Teher,nominatim/photon,,Laposdűlő
35600810,"Ihász köz, 1105 Budapest",47.4860782,19.1435952,utca,"Ihász köz, Kőbánya Városközpont, Óhegy, X. kerület, Budapest, 1105, Magyarország",nominatim/photon,,Óhegy
35600905,"Kőbánya-Városközpont, 1105 Budapest",47.482503,19.1307351,utca,"Kőbánya Városközpont, Óhegy, X. kerület, Budapest, 1102, Magyarország",nominatim/photon,,Óhegy
35601091,"Kőbánya - Újhegyi lakótelep, 1108 Budapest",47.4918761,19.1206497,utca,Kőbánya-Teher,nominatim/photon,,Laposdűlő
35601160,"Laposdűlő, 1101 Budapest",47.4927492,19.1144828,utca,"Laposdűlő, X. kerület, Budapest, 1101, Magyarország",nominatim/photon,,Laposdűlő
35601223,"Gépmadár utca, 1106 Budapest",47.5028746,19.1467979,utca,"Gépmadár utca, Gyakorló utcai lakótelep, Felsőrákos, X. kerület, Budapest, 1106, Magyarország",nominatim/photon,,Felsőrákos
35601496,"Szállás utca, 1107 Budapest",47.4778475,19.1261483,utca,"Szállás utca, Monori Center Chinatown, Gyárdűlő, X. kerület, Budapest, 1107, Magyarország",nominatim/photon,,Gyárdűlő
35601577,"Kőbánya - Óhegyi lakótelep, 1103 Budapest",47.4752666,19.1504781,utca,Óhegyi lakótelep,nominatim/photon,,Óhegy
35601601,"Ligettelek, 1101 Budapest",47.493646,19.1300619,utca,"Ligettelek, X. kerület, Budapest, 1102, Magyarország",nominatim/photon,,Ligettelek
35601635,"Ligettelek, 1101 Budapest",47.493646,19.1300619,utca,"Ligettelek, X. kerület, Budapest, 1102, Magyarország",nominatim/photon,,Ligettelek
35601642,"11 Tavas utca, 1108 Budapest",47.467047,19.1627419,hazszam_interpolalt,11 Tavas utca (legközelebbi házszám: 1),overpass,1.0,
35601832,"Harmat utca, 1104 Budapest",47.4755161,19.1567075,utca,"Harmat utca, Óhegyi lakótelep, Külső Kőbánya, Óhegy, X. kerület, Budapest, 1104, Magyarország",nominatim/photon,,Óhegy
35601902,"Gőzmozdony utca, 1108 Budapest",47.4693516,19.1581878,utca,"Gőzmozdony utca, Újhegy, X. kerület, Budapest, 1108, Magyarország",nominatim/photon,,Újhegy
35601992,"Lenfonó utca, 1108 Budapest",47.4712382,19.1593693,utca,"Lenfonó utca, Újhegy, X. kerület, Budapest, 1108, Magyarország",nominatim/photon,,Újhegy
35602142,"176 Harmat utca, 1108 Budapest",47.4727746,19.1622388,hazszam,"176, Harmat utca, Újhegy, X. kerület, Budapest, 1108, Magyarország",nominatim/photon,176.0,Újhegy
35602708,"4 Gyakorló utca, 1106 Budapest",47.5017739,19.1391076,hazszam,"4/d, Gyakorló utca, Gyakorló utcai lakótelep, Felsőrákos, X. kerület, Budapest, 1106, Magyarország",nominatim/photon,4.0,Felsőrákos
35603369,"6 Állomás utca, 1102 Budapest",47.4849981,19.1274779,hazszam,"6, Állomás utca, Ligettelek, X. kerület, Budapest, 1102, Magyarország",nominatim/photon,6.0,Ligettelek
35603403,"Felsőrákos, 1106 Budapest",47.4953772,19.1746318,utca,"Felsőrákos, X. kerület, Budapest, 1106, Magyarország",nominatim/photon,,Felsőrákos
35603411,"Füzér utca, 1102 Budapest",47.4885312,19.1271594,utca,"Füzér utca, Ligettelek, X. kerület, Budapest, 1102, Magyarország",nominatim/photon,,Ligettelek
35603760,"Kőbánya-Városközpont, 1105 Budapest",47.482503,19.1307351,utca,"Kőbánya Városközpont, Óhegy, X. kerület, Budapest, 1102, Magyarország",nominatim/photon,,Óhegy
35603915,"1B Fogadó utca, 1107 Budapest",47.4710442,19.1192141,hazszam,"Metrodom Park B, 1/B, Fogadó utca, Metrodom Park, Gyárdűlő, X. kerület, Budapest, 1107, Magyarország",nominatim/photon,1.0,Gyárdűlő
35604031,"Kőbánya - Újhegyi lakótelep, 1108 Budapest",47.4918761,19.1206497,utca,Kőbánya-Teher,nominatim/photon,,Laposdűlő
35604100,"Liget utca, 1102 Budapest",47.4880311,19.1300336,utca,"Liget utca, Ligettelek, X. kerület, Budapest, 1102, Magyarország",nominatim/photon,,Ligettelek
35604142,"Gergely utca, 1103 Budapest",47.4766075,19.1399217,utca,"Gergely utca, Óhegyi lakótelep, Külső Kőbánya, Óhegy, X. kerület, Budapest, 1103, Magyarország",nominatim/photon,,Óhegy
35604174,"25 Állomás utca, 1102 Budapest",47.4853938,19.1301551,hazszam,"25, Állomás utca, Ligettelek, X. kerület, Budapest, 1102, Magyarország",nominatim/photon,25.0,Ligettelek
35604346,"Lenfonó utca, 1108 Budapest",47.4712382,19.1593693,utca,"Lenfonó utca, Újhegy, X. kerület, Budapest, 1108, Magyarország",nominatim/photon,,Újhegy
35604859,"Kőbánya - Újhegyi lakótelep, 1108 Budapest",47.4918761,19.1206497,utca,Kőbánya-Teher,nominatim/photon,,Laposdűlő
35604988,"Halom utca, 1102 Budapest",47.489055,19.1292817,utca,"Halom utca, Ligettelek, X. kerület, Budapest, 1102, Magyarország",nominatim/photon,,Ligettelek
35605178,"Kőbánya - Óhegy, 1103 Budapest",47.4820541,19.132346,utca,"Budapest-Kőbányai evangélikus templom, 14, Kápolna utca, Kőbánya Városközpont, Óhegy, X. kerület, Budapest, 1102, Magyarország",nominatim/photon,,Óhegy
35605191,"Kőbánya-Városközpont, 1105 Budapest",47.482503,19.1307351,utca,"Kőbánya Városközpont, Óhegy, X. kerület, Budapest, 1102, Magyarország",nominatim/photon,,Óhegy
35605248,"Kőbánya - Újhegyi lakótelep, 1108 Budapest",47.4918761,19.1206497,utca,Kőbánya-Teher,nominatim/photon,,Laposdűlő
35605300,"Sörgyár utca, 1104 Budapest",47.4800806,19.1572796,utca,"Sörgyár utca, Óhegy, X. kerület, Budapest, 1104, Magyarország",nominatim/photon,,Óhegy
35605337,"Kápolna utca, 1102 Budapest",47.4820688,19.1314417,utca,"Kápolna utca, Kőbánya Városközpont, Óhegy, X. kerület, Budapest, 1102, Magyarország",nominatim/photon,,Óhegy
35605488,"Szárnyas utca, 1107 Budapest",47.4677585,19.1212839,utca,"Szárnyas utca, Gyárdűlő, X. kerület, Budapest, 1107, Magyarország",nominatim/photon,,Gyárdűlő
35605671,"Bánya utca, 1102 Budapest",47.4895883,19.1313675,utca,"Bánya utca, Ligettelek, X. kerület, Budapest, 1102, Magyarország",nominatim/photon,,Ligettelek
35605700,"Lenfonó utca, 1108 Budapest",47.4712382,19.1593693,utca,"Lenfonó utca, Újhegy, X. kerület, Budapest, 1108, Magyarország",nominatim/photon,,Újhegy
35606033,"Kápolna köz, 1103 Budapest",47.4823017,19.1323335,utca,"Kápolna köz, Kőbánya Városközpont, Óhegy, X. kerület, Budapest, 1102, Magyarország",nominatim/photon,,Óhegy
35606053,"Kőbánya - Óhegy, 1103 Budapest",47.4820541,19.132346,utca,"Budapest-Kőbányai evangélikus templom, 14, Kápolna utca, Kőbánya Városközpont, Óhegy, X. kerület, Budapest, 1102, Magyarország",nominatim/photon,,Óhegy
35606093,"42 Petrőczy utca, 1103 Budapest",47.482061,19.1420431,hazszam,,nominatim/photon,42.0,Óhegy
35606271,"Bihari utca, 1107 Budapest",47.4769847,19.1207693,utca,"Bihari utca, Monori Center Chinatown, Gyárdűlő, X. kerület, Budapest, 1107, Magyarország",nominatim/photon,,Gyárdűlő
35606399,"Agyagfejtő utca, 1108 Budapest",47.4722405,19.1614454,utca,"Agyagfejtő utca, Újhegy, X. kerület, Budapest, 1108, Magyarország",nominatim/photon,,Újhegy
35606414,"Pilisi utca, 1106 Budapest",47.4961022,19.1737457,utca,"Pilisi utca, Felsőrákos, X. kerület, Budapest, 1106, Magyarország",nominatim/photon,,Felsőrákos
35606800,"Kőbánya - Újhegyi lakótelep, 1108 Budapest",47.4918761,19.1206497,utca,Kőbánya-Teher,nominatim/photon,,Laposdűlő
35606871,"Lenfonó utca, 1108 Budapest",47.4712382,19.1593693,utca,"Lenfonó utca, Újhegy, X. kerület, Budapest, 1108, Magyarország",nominatim/photon,,Újhegy
35606934,"Kőbánya-Városközpont, 1105 Budapest",47.482503,19.1307351,utca,"Kőbánya Városközpont, Óhegy, X. kerület, Budapest, 1102, Magyarország",nominatim/photon,,Óhegy
35607031,"Kőbánya - Újhegy, 1108 Budapest",47.4691191,19.1617088,utca,"Éltes Mátyás Általános Iskola és Kollégium, 9-11, Újhegyi sétány, Újhegy, X. kerület, Budapest, 1108, Magyarország",nominatim/photon,,Újhegy
35607162,"Felsőrákos, 1106 Budapest",47.4953772,19.1746318,utca,"Felsőrákos, X. kerület, Budapest, 1106, Magyarország",nominatim/photon,,Felsőrákos
35607293,"Lenfonó utca, 1108 Budapest",47.4712382,19.1593693,utca,"Lenfonó utca, Újhegy, X. kerület, Budapest, 1108, Magyarország",nominatim/photon,,Újhegy
35607330,"Állomás utca, 1102 Budapest",47.4851686,19.1286185,utca,"Állomás utca, Ligettelek, X. kerület, Budapest, 1102, Magyarország",nominatim/photon,,Ligettelek
35607348,"Kőbánya - Óhegy, 1103 Budapest",47.4820541,19.132346,utca,"Budapest-Kőbányai evangélikus templom, 14, Kápolna utca, Kőbánya Városközpont, Óhegy, X. kerület, Budapest, 1102, Magyarország",nominatim/photon,,Óhegy
35607406,"Kőbánya - Óhegy, 1103 Budapest",47.4820541,19.132346,utca,"Budapest-Kőbányai evangélikus templom, 14, Kápolna utca, Kőbánya Városközpont, Óhegy, X. kerület, Budapest, 1102, Magyarország",nominatim/photon,,Óhegy
35607498,"Gőzmozdony utca, 1108 Budapest",47.4693516,19.1581878,utca,"Gőzmozdony utca, Újhegy, X. kerület, Budapest, 1108, Magyarország",nominatim/photon,,Újhegy
35607519,"Ihász utca, 1103 Budapest",47.4830386,19.1405533,utca,"Ihász utca, Kőbánya Városközpont, Óhegy, X. kerület, Budapest, 1105, Magyarország",nominatim/photon,,Óhegy
35607611,"Kőbánya - Óhegyi lakótelep, 1103 Budapest",47.4752666,19.1504781,utca,Óhegyi lakótelep,nominatim/photon,,Óhegy
35607620,"Kőbánya - Óhegyi lakótelep, 1103 Budapest",47.4752666,19.1504781,utca,Óhegyi lakótelep,nominatim/photon,,Óhegy
35607649,"Kőrösi Csoma Sándor út, 1105 Budapest",47.4898816,19.1374193,utca,"Kőrösi Csoma Sándor út, Kőbánya Városközpont, Óhegy, X. kerület, Budapest, 1105, Magyarország",nominatim/photon,,Óhegy
35607789,"Kápolna utca, 1103 Budapest",47.4812877,19.1359268,utca,"Kápolna utca, Kőbánya Városközpont, Óhegy, X. kerület, Budapest, 1105, Magyarország",nominatim/photon,,Óhegy
35608370,"Tóvirág utca, 1108 Budapest",47.4691728,19.1643295,utca,"Tóvirág utca, Újhegy, X. kerület, Budapest, 1108, Magyarország",nominatim/photon,,Újhegy
35608541,"Martinovics tér, 1105 Budapest",47.4810366,19.1345829,utca,"Martinovics tér, Kőbánya Városközpont, Óhegy, X. kerület, Budapest, 1105, Magyarország",nominatim/photon,,Óhegy
35609152,"Szent László tér, 1102 Budapest",47.4871947,19.1312907,utca,"Szent László tér, Ligettelek, X. kerület, Budapest, 1102, Magyarország",nominatim/photon,,Ligettelek
35609520,"Kőbánya - Óhegy, 1103 Budapest",47.4820541,19.132346,utca,"Budapest-Kőbányai evangélikus templom, 14, Kápolna utca, Kőbánya Városközpont, Óhegy, X. kerület, Budapest, 1102, Magyarország",nominatim/photon,,Óhegy
35609644,"Hungária körút, 1101 Budapest",47.4973698,19.1090927,utca,"Hungária körút, Laposdűlő, X. kerület, Budapest, 1101, Magyarország",nominatim/photon,,Laposdűlő
35610356,"Kőbánya - Újhegyi lakótelep, 1108 Budapest",47.4918761,19.1206497,utca,Kőbánya-Teher,nominatim/photon,,Laposdűlő
35610391,"Téglagyárdűlő, 1106 Budapest",47.4834581,19.1688594,utca,"Téglagyárdűlő, X. kerület, Budapest, Magyarország",nominatim/photon,,Téglagyárdűlő
35610488,"Noszlopy utca, 1103 Budapest",47.4735008,19.1502693,utca,"Noszlopy utca, Óhegyi lakótelep, Külső Kőbánya, Óhegy, X. kerület, Budapest, 1103, Magyarország",nominatim/photon,,Óhegy
35610952,"Kőbánya - Óhegy, 1103 Budapest",47.4820541,19.132346,utca,"Budapest-Kőbányai evangélikus templom, 14, Kápolna utca, Kőbánya Városközpont, Óhegy, X. kerület, Budapest, 1102, Magyarország",nominatim/photon,,Óhegy
35611260,"Pongrácz út, 1101 Budapest",47.49842,19.1153039,utca,"Pongrácz út, Laposdűlő, X. kerület, Budapest, 1101, Magyarország",nominatim/photon,,Laposdűlő
35611506,"Szárnyas utca, 1107 Budapest",47.4677585,19.1212839,utca,"Szárnyas utca, Gyárdűlő, X. kerület, Budapest, 1107, Magyarország",nominatim/photon,,Gyárdűlő
35611644,"Újhegyi sétány, 1108 Budapest",47.4691446,19.1607914,utca,"Újhegyi sétány, Újhegy, X. kerület, Budapest, 1108, Magyarország",nominatim/photon,,Újhegy
35611724,"Kőbánya - Óhegy, 1103 Budapest",47.4820541,19.132346,utca,"Budapest-Kőbányai evangélikus templom, 14, Kápolna utca, Kőbánya Városközpont, Óhegy, X. kerület, Budapest, 1102, Magyarország",nominatim/photon,,Óhegy
35611737,"Népliget, 1101 Budapest",47.4787886,19.108735,utca,"Népliget, X. kerület, Budapest, 1101, Magyarország",nominatim/photon,,Népliget
35612333,"Lenfonó utca, 1108 Budapest",47.4712382,19.1593693,utca,"Lenfonó utca, Újhegy, X. kerület, Budapest, 1108, Magyarország",nominatim/photon,,Újhegy
35612455,"Kőbánya - Óhegyi lakótelep, 1103 Budapest",47.4752666,19.1504781,utca,Óhegyi lakótelep,nominatim/photon,,Óhegy
35612459,"Kőbánya-Városközpont, 1105 Budapest",47.482503,19.1307351,utca,"Kőbánya Városközpont, Óhegy, X. kerület, Budapest, 1102, Magyarország",nominatim/photon,,Óhegy
35612485,"Kelemen utca, 1103 Budapest",47.4802919,19.1386832,utca,"Kelemen utca, Kőbánya Városközpont, Óhegy, X. kerület, Budapest, 1105, Magyarország",nominatim/photon,,Óhegy
35612489,"Kőbánya - Újhegyi lakótelep, 1108 Budapest",47.4918761,19.1206497,utca,Kőbánya-Teher,nominatim/photon,,Laposdűlő
35612540,"Gergely utca, 1108 Budapest",47.4672745,19.1571777,utca,"Gergely utca, Újhegy, X. kerület, Budapest, 1108, Magyarország",nominatim/photon,,Újhegy
35612707,"Kőbánya - Óhegy, 1103 Budapest",47.4820541,19.132346,utca,"Budapest-Kőbányai evangélikus templom, 14, Kápolna utca, Kőbánya Városközpont, Óhegy, X. kerület, Budapest, 1102, Magyarország",nominatim/photon,,Óhegy
35612801,"Kőbánya - Újhegyi lakótelep, 1108 Budapest",47.4918761,19.1206497,utca,Kőbánya-Teher,nominatim/photon,,Laposdűlő
35612876,"Kőbánya - Újhegyi lakótelep, 1108 Budapest",47.4918761,19.1206497,utca,Kőbánya-Teher,nominatim/photon,,Laposdűlő
35612912,"Cserkesz utca, 1105 Budapest",47.4779712,19.1342686,utca,"Cserkesz utca, Kőbánya Városközpont, Óhegy, X. kerület, Budapest, 1105, Magyarország",nominatim/photon,,Óhegy
35612920,"Somfa köz, 1107 Budapest",47.4715001,19.1172914,utca,"Somfa köz, Gyárdűlő, X. kerület, Budapest, 1107, Magyarország",nominatim/photon,,Gyárdűlő
35613185,"Kőbánya - Óhegyi lakótelep, 1103 Budapest",47.4752666,19.1504781,utca,Óhegyi lakótelep,nominatim/photon,,Óhegy
35613274,"Kőbánya - Óhegyi lakótelep, 1103 Budapest",47.4752666,19.1504781,utca,Óhegyi lakótelep,nominatim/photon,,Óhegy
35613562,"Szárnyas utca, 1107 Budapest",47.4677585,19.1212839,utca,"Szárnyas utca, Gyárdűlő, X. kerület, Budapest, 1107, Magyarország",nominatim/photon,,Gyárdűlő
35613691,"Kőbánya - Óhegyi lakótelep, 1103 Budapest",47.4752666,19.1504781,utca,Óhegyi lakótelep,nominatim/photon,,Óhegy
35613855,"Kőbánya - Újhegyi lakótelep, 1108 Budapest",47.4918761,19.1206497,utca,Kőbánya-Teher,nominatim/photon,,Laposdűlő
35613992,"Hungária körút, 1101 Budapest",47.4973698,19.1090927,utca,"Hungária körút, Laposdűlő, X. kerület, Budapest, 1101, Magyarország",nominatim/photon,,Laposdűlő
35614035,"10 Oltó utca, 1108 Budapest",47.4694238,19.1590802,hazszam,"10, Oltó utca, Újhegy, X. kerület, Budapest, 1108, Magyarország",nominatim/photon,10.0,Újhegy
35614493,"26 Téglavető utca, 1105 Budapest",47.4836453,19.1497893,hazszam,"26, Téglavető utca, Óhegy, X. kerület, Budapest, 1106, Magyarország",nominatim/photon,26.0,Óhegy
35614696,"Kőbánya - Óhegyi lakótelep, 1103 Budapest",47.4752666,19.1504781,utca,Óhegyi lakótelep,nominatim/photon,,Óhegy
35614752,"Kőbánya - Újhegyi lakótelep, 1108 Budapest",47.4918761,19.1206497,utca,Kőbánya-Teher,nominatim/photon,,Laposdűlő
35614960,"Kőbánya-Városközpont, 1105 Budapest",47.482503,19.1307351,utca,"Kőbánya Városközpont, Óhegy, X. kerület, Budapest, 1102, Magyarország",nominatim/photon,,Óhegy
35615058,"Bányató utca, 1108 Budapest",47.4645943,19.1669132,utca,"Bányató utca, Újhegy, X. kerület, Budapest, 1108, Magyarország",nominatim/photon,,Újhegy
35615411,"6-12 Gyógyszergyári utca, 1106 Budapest",47.4981391,19.1407571,hazszam,K1,nominatim/photon,6.0,Felsőrákos
35615425,"Gyakorló utca, 1106 Budapest",47.5018325,19.1436801,utca,"Gyakorló utca, Gyakorló utcai lakótelep, Felsőrákos, X. kerület, Budapest, 1106, Magyarország",nominatim/photon,,Felsőrákos
35615552,"Gyárdűlő, 1107 Budapest",47.4754656,19.1221648,utca,"Gyárdűlő, X. kerület, Budapest, 1107, Magyarország",nominatim/photon,,Gyárdűlő
35615858,"Kőbánya-Városközpont, 1105 Budapest",47.482503,19.1307351,utca,"Kőbánya Városközpont, Óhegy, X. kerület, Budapest, 1102, Magyarország",nominatim/photon,,Óhegy
35615862,"Ligettelek, 1101 Budapest",47.493646,19.1300619,utca,"Ligettelek, X. kerület, Budapest, 1102, Magyarország",nominatim/photon,,Ligettelek
35615864,"Kőbánya - Óhegy, 1103 Budapest",47.4820541,19.132346,utca,"Budapest-Kőbányai evangélikus templom, 14, Kápolna utca, Kőbánya Városközpont, Óhegy, X. kerület, Budapest, 1102, Magyarország",nominatim/photon,,Óhegy
35615900,"Hatház utca, 1106 Budapest",47.5036103,19.1489287,utca,"Hatház utca, Gyakorló utcai lakótelep, Felsőrákos, X. kerület, Budapest, 1106, Magyarország",nominatim/photon,,Felsőrákos
35616153,"Martinovics tér 4/a, 1105 Budapest",47.4808582,19.1333275,utca,"4/A, Martinovics tér, Kőbánya Városközpont, Óhegy, X. kerület, Budapest, 1105, Magyarország",nominatim/photon,,Óhegy
35616234,"Kőbánya - Újhegyi lakótelep, 1108 Budapest",47.4918761,19.1206497,utca,Kőbánya-Teher,nominatim/photon,,Laposdűlő
35616642,"Gyömrői út, 1103 Budapest",47.4724291,19.1387493,utca,"Gyömrői út, Külső Kőbánya, Óhegy, X. kerület, Budapest, 1103, Magyarország",nominatim/photon,,Óhegy
35616723,"Kőbánya - Újhegy, 1108 Budapest",47.4691191,19.1617088,utca,"Éltes Mátyás Általános Iskola és Kollégium, 9-11, Újhegyi sétány, Újhegy, X. kerület, Budapest, 1108, Magyarország",nominatim/photon,,Újhegy
35616937,"Mádi utca, 1104 Budapest",47.4772467,19.1583549,utca,"Mádi utca, Óhegyi lakótelep, Óhegy, X. kerület, Budapest, 1104, Magyarország",nominatim/photon,,Óhegy
35617116,"Bányató utca, 1108 Budapest",47.4645943,19.1669132,utca,"Bányató utca, Újhegy, X. kerület, Budapest, 1108, Magyarország",nominatim/photon,,Újhegy
35617149,"Kőbánya - Óhegy, 1103 Budapest",47.4820541,19.132346,utca,"Budapest-Kőbányai evangélikus templom, 14, Kápolna utca, Kőbánya Városközpont, Óhegy, X. kerület, Budapest, 1102, Magyarország",nominatim/photon,,Óhegy
35617559,"Kőbánya - Óhegy, 1103 Budapest",47.4820541,19.132346,utca,"Budapest-Kőbányai evangélikus templom, 14, Kápolna utca, Kőbánya Városközpont, Óhegy, X. kerület, Budapest, 1102, Magyarország",nominatim/photon,,Óhegy
35617562,"Kőbánya - Újhegyi lakótelep, 1108 Budapest",47.4918761,19.1206497,utca,Kőbánya-Teher,nominatim/photon,,Laposdűlő
35617662,"Szárnyas utca, 1107 Budapest",47.4677585,19.1212839,utca,"Szárnyas utca, Gyárdűlő, X. kerület, Budapest, 1107, Magyarország",nominatim/photon,,Gyárdűlő
35617793,"Tárna utca, 1106 Budapest",47.4869075,19.1637693,utca,"Tárna utca, Téglagyárdűlő, X. kerület, Budapest, 1106, Magyarország",nominatim/photon,,Téglagyárdűlő
35618011,"Ligettelek, 1101 Budapest",47.493646,19.1300619,utca,"Ligettelek, X. kerület, Budapest, 1102, Magyarország",nominatim/photon,,Ligettelek
35618041,"Kőbánya - Újhegyi lakótelep, 1108 Budapest",47.4918761,19.1206497,utca,Kőbánya-Teher,nominatim/photon,,Laposdűlő
35618074,"Lenfonó utca, 1108 Budapest",47.4712382,19.1593693,utca,"Lenfonó utca, Újhegy, X. kerület, Budapest, 1108, Magyarország",nominatim/photon,,Újhegy
35618106,"Kőbánya - Óhegyi lakótelep, 1103 Budapest",47.4752666,19.1504781,utca,Óhegyi lakótelep,nominatim/photon,,Óhegy
35618123,"Kápolna utca, 1102 Budapest",47.4820688,19.1314417,utca,"Kápolna utca, Kőbánya Városközpont, Óhegy, X. kerület, Budapest, 1102, Magyarország",nominatim/photon,,Óhegy
35618293,"Harmat utca, 1104 Budapest",47.4755161,19.1567075,utca,"Harmat utca, Óhegyi lakótelep, Külső Kőbánya, Óhegy, X. kerület, Budapest, 1104, Magyarország",nominatim/photon,,Óhegy
35618313,"Kőbánya - Óhegy, 1103 Budapest",47.4820541,19.132346,utca,"Budapest-Kőbányai evangélikus templom, 14, Kápolna utca, Kőbánya Városközpont, Óhegy, X. kerület, Budapest, 1102, Magyarország",nominatim/photon,,Óhegy
35618349,"Kőbánya - Újhegy, 1108 Budapest",47.4691191,19.1617088,utca,"Éltes Mátyás Általános Iskola és Kollégium, 9-11, Újhegyi sétány, Újhegy, X. kerület, Budapest, 1108, Magyarország",nominatim/photon,,Újhegy
35618399,"Gergely utca, 1103 Budapest",47.4766075,19.1399217,utca,"Gergely utca, Óhegyi lakótelep, Külső Kőbánya, Óhegy, X. kerület, Budapest, 1103, Magyarország",nominatim/photon,,Óhegy
35618910,"Szentimrey utca, 1104 Budapest",47.4778435,19.1630873,utca,"Szentimrey utca, Óhegy, X. kerület, Budapest, 1104, Magyarország",nominatim/photon,,Óhegy
35618915,"Csombor utca, 1103 Budapest",47.477123,19.1518234,utca,"Csombor utca, Óhegyi lakótelep, Külső Kőbánya, Óhegy, X. kerület, Budapest, 1103, Magyarország",nominatim/photon,,Óhegy
35618985,"Gyógyszergyári utca, 1106 Budapest",47.4977993,19.1441204,utca,"Gyógyszergyári utca, Gyakorló utcai lakótelep, Felsőrákos, X. kerület, Budapest, 1106, Magyarország",nominatim/photon,,Felsőrákos
35619014,"Gergely utca, 1108 Budapest",47.4672745,19.1571777,utca,"Gergely utca, Újhegy, X. kerület, Budapest, 1108, Magyarország",nominatim/photon,,Újhegy
35619016,"Kőbánya - Újhegyi lakótelep, 1108 Budapest",47.4918761,19.1206497,utca,Kőbánya-Teher,nominatim/photon,,Laposdűlő
35619124,"Ligettelek, 1101 Budapest",47.493646,19.1300619,utca,"Ligettelek, X. kerület, Budapest, 1102, Magyarország",nominatim/photon,,Ligettelek
35619211,"Kőbánya - Óhegy, 1103 Budapest",47.4820541,19.132346,utca,"Budapest-Kőbányai evangélikus templom, 14, Kápolna utca, Kőbánya Városközpont, Óhegy, X. kerület, Budapest, 1102, Magyarország",nominatim/photon,,Óhegy
35619346,"Füzér utca, 1102 Budapest",47.4885312,19.1271594,utca,"Füzér utca, Ligettelek, X. kerület, Budapest, 1102, Magyarország",nominatim/photon,,Ligettelek
35619471,"Fokos utca, 1107 Budapest",47.4790133,19.1227516,utca,"Fokos utca, Monori Center Chinatown, Gyárdűlő, X. kerület, Budapest, 1107, Magyarország",nominatim/photon,,Gyárdűlő
35619635,"Gyakorló utca, 1106 Budapest",47.5018325,19.1436801,utca,"Gyakorló utca, Gyakorló utcai lakótelep, Felsőrákos, X. kerület, Budapest, 1106, Magyarország",nominatim/photon,,Felsőrákos
35619643,"Fokos utca, 1107 Budapest",47.4790133,19.1227516,utca,"Fokos utca, Monori Center Chinatown, Gyárdűlő, X. kerület, Budapest, 1107, Magyarország",nominatim/photon,,Gyárdűlő
35619705,"Kőbánya - Újhegyi lakótelep, 1108 Budapest",47.4918761,19.1206497,utca,Kőbánya-Teher,nominatim/photon,,Laposdűlő
35619714,"Ihász köz, 1105 Budapest",47.4860782,19.1435952,utca,"Ihász köz, Kőbánya Városközpont, Óhegy, X. kerület, Budapest, 1105, Magyarország",nominatim/photon,,Óhegy
35619852,"Ligettelek, 1101 Budapest",47.493646,19.1300619,utca,"Ligettelek, X. kerület, Budapest, 1102, Magyarország",nominatim/photon,,Ligettelek
35619943,"6 Gyógyszergyári utca, 1106 Budapest",47.4981391,19.1407571,hazszam,"K1, 6, Gyógyszergyári utca, Kincsem Lakópark, Felsőrákos, X. kerület, Budapest, 1106, Magyarország",nominatim/photon,6.0,Felsőrákos
35620144,"8 Gyógyszergyári utca, 1106 Budapest",47.4983016,19.14218,hazszam,"K2, 8, Gyógyszergyári utca, Kincsem Lakópark, Felsőrákos, X. kerület, Budapest, 1106, Magyarország",nominatim/photon,8.0,Felsőrákos
35620310,"43-51 Kőrösi Csoma Sándor út, 1102 Budapest",47.4899877,19.1373282,hazszam,"43-51, Kőrösi Csoma Sándor út, Kőbánya Városközpont, Óhegy, X. kerület, Budapest, 1105, Magyarország",nominatim/photon,43.0,Óhegy
35620311,"Kápolna utca, 1102 Budapest",47.4820688,19.1314417,utca,"Kápolna utca, Kőbánya Városközpont, Óhegy, X. kerület, Budapest, 1102, Magyarország",nominatim/photon,,Óhegy
35620342,"Vasláb utca, 1101 Budapest",47.4857455,19.1238354,utca,"Vasláb utca, Nagy-Pongrác telep, Laposdűlő, X. kerület, Budapest, 1101, Magyarország",nominatim/photon,,Laposdűlő
35620650,"Kőbánya - Óhegyi lakótelep, 1103 Budapest",47.4752666,19.1504781,utca,Óhegyi lakótelep,nominatim/photon,,Óhegy
35620676,"Kőbánya-Városközpont, 1105 Budapest",47.482503,19.1307351,utca,"Kőbánya Városközpont, Óhegy, X. kerület, Budapest, 1102, Magyarország",nominatim/photon,,Óhegy
35620693,"Kőbánya-Városközpont, 1105 Budapest",47.482503,19.1307351,utca,"Kőbánya Városközpont, Óhegy, X. kerület, Budapest, 1102, Magyarország",nominatim/photon,,Óhegy
35621014,"Kápolna utca, 1102 Budapest",47.4820688,19.1314417,utca,"Kápolna utca, Kőbánya Városközpont, Óhegy, X. kerület, Budapest, 1102, Magyarország",nominatim/photon,,Óhegy
35621080,"Laposdűlő - Pongrácz úti lakótelep, 1101 Budapest",47.4899521,19.1197096,utca,Pongrácz úti lakótelep,nominatim/photon,,Laposdűlő
35621261,"Kőbánya - Újhegyi lakótelep, 1108 Budapest",47.4918761,19.1206497,utca,Kőbánya-Teher,nominatim/photon,,Laposdűlő
35621328,"Harmat utca, 1102 Budapest",47.4906403,19.1354378,utca,"Harmat utca, Ligettelek, X. kerület, Budapest, 1102, Magyarország",nominatim/photon,,Ligettelek
35621588,"Szőlőhegy utca, 1104 Budapest",47.4809129,19.1506159,utca,"Szőlőhegy utca, Óhegy, X. kerület, Budapest, 1104, Magyarország",nominatim/photon,,Óhegy
35621653,"Csilla utca, 1101 Budapest",47.4892637,19.1195622,utca,"Csilla utca, Pongrácz úti lakótelep, Laposdűlő, X. kerület, Budapest, 1101, Magyarország",nominatim/photon,,Laposdűlő
35621670,"Kápolna utca, 1102 Budapest",47.4820688,19.1314417,utca,"Kápolna utca, Kőbánya Városközpont, Óhegy, X. kerület, Budapest, 1102, Magyarország",nominatim/photon,,Óhegy
35621891,"Mádi utca, 1104 Budapest",47.4772467,19.1583549,utca,"Mádi utca, Óhegyi lakótelep, Óhegy, X. kerület, Budapest, 1104, Magyarország",nominatim/photon,,Óhegy
35621905,"Bányató utca, 1108 Budapest",47.4645943,19.1669132,utca,"Bányató utca, Újhegy, X. kerület, Budapest, 1108, Magyarország",nominatim/photon,,Újhegy
35621975,"5-7 Hungária körút, 1101 Budapest",47.4921691,19.1116152,hazszam,"Kőbányai Bem József Általános Iskola, 5-7, Hungária körút, Honvédségi lakótelep, Laposdűlő, X. kerület, Budapest, 1101, Magyarország",nominatim/photon,5.0,Laposdűlő
35622061,"Kőbánya - Óhegy, 1103 Budapest",47.4820541,19.132346,utca,"Budapest-Kőbányai evangélikus templom, 14, Kápolna utca, Kőbánya Városközpont, Óhegy, X. kerület, Budapest, 1102, Magyarország",nominatim/photon,,Óhegy
35622128,"Szövőszék utca, 1108 Budapest",47.4717638,19.1608977,utca,"Szövőszék utca, Újhegy, X. kerület, Budapest, 1108, Magyarország",nominatim/photon,,Újhegy
35622153,"Kőbánya - Újhegyi lakótelep, 1108 Budapest",47.4918761,19.1206497,utca,Kőbánya-Teher,nominatim/photon,,Laposdűlő
35622256,"Kőbánya - Óhegyi lakótelep, 1103 Budapest",47.4752666,19.1504781,utca,Óhegyi lakótelep,nominatim/photon,,Óhegy
35622350,"Gyakorló utcai lakótelep, 1106 Budapest",47.5019128,19.142014,utca,"Gyakorló utcai lakótelep, Felsőrákos, X. kerület, Budapest, 1106, Magyarország",nominatim/photon,,Felsőrákos
35622425,"Kőbánya - Újhegyi lakótelep, 1108 Budapest",47.4918761,19.1206497,utca,Kőbánya-Teher,nominatim/photon,,Laposdűlő
35622570,"Gyárdűlő, 1107 Budapest",47.4754656,19.1221648,utca,"Gyárdűlő, X. kerület, Budapest, 1107, Magyarország",nominatim/photon,,Gyárdűlő
35622679,"Maglódi út, 1106 Budapest",47.4805817,19.1614707,utca,"Maglódi út, Téglagyárdűlő, X. kerület, Budapest, 1106, Magyarország",nominatim/photon,,Téglagyárdűlő
35622766,"Csilla utca, 1101 Budapest",47.4892637,19.1195622,utca,"Csilla utca, Pongrácz úti lakótelep, Laposdűlő, X. kerület, Budapest, 1101, Magyarország",nominatim/photon,,Laposdűlő
35622830,"Lenfonó utca, 1108 Budapest",47.4712382,19.1593693,utca,"Lenfonó utca, Újhegy, X. kerület, Budapest, 1108, Magyarország",nominatim/photon,,Újhegy
35622841,"Ligettelek, 1101 Budapest",47.493646,19.1300619,utca,"Ligettelek, X. kerület, Budapest, 1102, Magyarország",nominatim/photon,,Ligettelek
35622892,"Kőér utca, 1103 Budapest",47.4675109,19.1270288,utca,"Kőér utca, Kúttó, X. kerület, Budapest, 1103, Magyarország",nominatim/photon,,Kúttó
35622989,"Kőbánya-Városközpont, 1105 Budapest",47.482503,19.1307351,utca,"Kőbánya Városközpont, Óhegy, X. kerület, Budapest, 1102, Magyarország",nominatim/photon,,Óhegy
35623000,"Gergely utca, 1108 Budapest",47.4672745,19.1571777,utca,"Gergely utca, Újhegy, X. kerület, Budapest, 1108, Magyarország",nominatim/photon,,Újhegy
35623082,"Szárnyas utca, 1107 Budapest",47.4677585,19.1212839,utca,"Szárnyas utca, Gyárdűlő, X. kerület, Budapest, 1107, Magyarország",nominatim/photon,,Gyárdűlő
35623183,"Óhegy park, 1105 Budapest",47.4799033,19.1483045,utca,"Óhegy park, Dér utca, Óhegy, X. kerület, Budapest, 1105, Magyarország",nominatim/photon,,Óhegy
35623242,"Kőbánya - Óhegy, 1103 Budapest",47.4820541,19.132346,utca,"Budapest-Kőbányai evangélikus templom, 14, Kápolna utca, Kőbánya Városközpont, Óhegy, X. kerület, Budapest, 1102, Magyarország",nominatim/photon,,Óhegy
35623244,"Kőbánya - Újhegyi lakótelep, 1108 Budapest",47.4918761,19.1206497,utca,Kőbánya-Teher,nominatim/photon,,Laposdűlő
35623285,"Gyakorló utca, 1106 Budapest",47.5018325,19.1436801,utca,"Gyakorló utca, Gyakorló utcai lakótelep, Felsőrákos, X. kerület, Budapest, 1106, Magyarország",nominatim/photon,,Felsőrákos
35623442,"5-7 Hungária körút, 1101 Budapest",47.4921691,19.1116152,hazszam,"Kőbányai Bem József Általános Iskola, 5-7, Hungária körút, Honvédségi lakótelep, Laposdűlő, X. kerület, Budapest, 1101, Magyarország",nominatim/photon,5.0,Laposdűlő
35623510,"Kőrösi Csoma sétány, 1102 Budapest",47.4836523,19.1295197,utca,"Kőrösi Csoma sétány, Ligettelek, X. kerület, Budapest, 1102, Magyarország",nominatim/photon,,Ligettelek
20402022,"Kőrösi Csoma sétány, 1102 Budapest",47.4836523,19.1295197,utca,"Kőrösi Csoma sétány, Ligettelek, X. kerület, Budapest, 1102, Magyarország",nominatim/photon,,Ligettelek
21171560,"Kőér utca, 1103 Budapest",47.4675109,19.1270288,utca,"Kőér utca, Kúttó, X. kerület, Budapest, 1103, Magyarország",nominatim/photon,,Kúttó
21464111,"Maglódi út, 1106 Budapest",47.4805817,19.1614707,utca,"Maglódi út, Téglagyárdűlő, X. kerület, Budapest, 1106, Magyarország",nominatim/photon,,Téglagyárdűlő
21577488,"Harmat utca, 1104 Budapest",47.4755161,19.1567075,utca,"Harmat utca, Óhegyi lakótelep, Külső Kőbánya, Óhegy, X. kerület, Budapest, 1104, Magyarország",nominatim/photon,,Óhegy
22441285,"43 Kőbányai út, 1101 Budapest",47.4848079,19.1128664,hazszam,"Aries Fitness, 43/C, Kőbányai út, Taraliget lakópark, Népliget, X. kerület, Budapest, 1101, Magyarország",nominatim/photon,43.0,Népliget
23483214,"Kőbányai út, 1101 Budapest",47.4856054,19.1109997,utca,"Kőbányai út, Taraliget lakópark, Népliget, X. kerület, Budapest, 1101, Magyarország",nominatim/photon,,Népliget
24005111,"Kőér utca, 1103 Budapest",47.4675109,19.1270288,utca,"Kőér utca, Kúttó, X. kerület, Budapest, 1103, Magyarország",nominatim/photon,,Kúttó
25692757,"Sörgyár utca 41/b, 1104 Budapest",47.4827721,19.1529532,utca,"41/B, Sörgyár utca, Óhegy, X. kerület, Budapest, 1104, Magyarország",nominatim/photon,,Óhegy
26173335,"Kelemen utca, 1103 Budapest",47.4802919,19.1386832,utca,"Kelemen utca, Kőbánya Városközpont, Óhegy, X. kerület, Budapest, 1105, Magyarország",nominatim/photon,,Óhegy
26294350,"Maláta köz, 1105 Budapest",47.4904587,19.139691,utca,"Maláta köz, Kőbánya Városközpont, Óhegy, X. kerület, Budapest, 1105, Magyarország",nominatim/photon,,Óhegy
28477364,"Salgótarjáni utca, 1101 Budapest",47.4905952,19.1125512,utca,"Salgótarjáni utca, MÁV-telep, Laposdűlő, X. kerület, Budapest, 1101, Magyarország",nominatim/photon,,Laposdűlő
28758929,"Téglagyárdűlő, 1106 Budapest",47.4834581,19.1688594,utca,"Téglagyárdűlő, X. kerület, Budapest, Magyarország",nominatim/photon,,Téglagyárdűlő
28991816,"Újhegyi út, 1108 Budapest",47.4697455,19.1723365,utca,"Újhegyi út, Újhegy, X. kerület, Budapest, 1108, Magyarország",nominatim/photon,,Újhegy
29032175,"Téglagyárdűlő, 1106 Budapest",47.4834581,19.1688594,utca,"Téglagyárdűlő, X. kerület, Budapest, Magyarország",nominatim/photon,,Téglagyárdűlő
29062328,"Téglagyárdűlő, 1106 Budapest",47.4834581,19.1688594,utca,"Téglagyárdűlő, X. kerület, Budapest, Magyarország",nominatim/photon,,Téglagyárdűlő
29123426,"Kozma utca 7/b, 1108 Budapest",47.4796704,19.1777153,utca,"Kozma utca, Téglagyárdűlő, X. kerület, Budapest, 1108, Magyarország",nominatim/photon,,Téglagyárdűlő
29152889,"Ligettelek, 1101 Budapest",47.493646,19.1300619,utca,"Ligettelek, X. kerület, Budapest, 1102, Magyarország",nominatim/photon,,Ligettelek
29152970,"Ligettelek, 1101 Budapest",47.493646,19.1300619,utca,"Ligettelek, X. kerület, Budapest, 1102, Magyarország",nominatim/photon,,Ligettelek
29153105,"Ligettelek, 1101 Budapest",47.493646,19.1300619,utca,"Ligettelek, X. kerület, Budapest, 1102, Magyarország",nominatim/photon,,Ligettelek
29164562,"Téglagyárdűlő, 1106 Budapest",47.4834581,19.1688594,utca,"Téglagyárdűlő, X. kerület, Budapest, Magyarország",nominatim/photon,,Téglagyárdűlő
29305502,"Téglagyárdűlő, 1106 Budapest",47.4834581,19.1688594,utca,"Téglagyárdűlő, X. kerület, Budapest, Magyarország",nominatim/photon,,Téglagyárdűlő
29474912,"Dreher Antal út, 1106 Budapest",47.4912381,19.1463012,utca,"Dreher Antal út, Felsőrákos, X. kerület, Budapest, 1106, Magyarország",nominatim/photon,,Felsőrákos
29535128,"Gyömrői út, 1103 Budapest",47.4724291,19.1387493,utca,"Gyömrői út, Külső Kőbánya, Óhegy, X. kerület, Budapest, 1103, Magyarország",nominatim/photon,,Óhegy
30797230,"Ligettelek, 1101 Budapest",47.493646,19.1300619,utca,"Ligettelek, X. kerület, Budapest, 1102, Magyarország",nominatim/photon,,Ligettelek
30798475,"Ligettelek, 1101 Budapest",47.493646,19.1300619,utca,"Ligettelek, X. kerület, Budapest, 1102, Magyarország",nominatim/photon,,Ligettelek
31017496,"Vaspálya utca, 1103 Budapest",47.4651036,19.1475176,utca,"Robert Bosch utca, Külső Kőbánya, Óhegy, X. kerület, Budapest, 1103, Magyarország",nominatim/photon,,Óhegy
31495758,"Kőbánya - Óhegy, 1103 Budapest",47.4820541,19.132346,utca,"Budapest-Kőbányai evangélikus templom, 14, Kápolna utca, Kőbánya Városközpont, Óhegy, X. kerület, Budapest, 1102, Magyarország",nominatim/photon,,Óhegy
31524341,"10 Fehér út, 1106 Budapest",47.5005879,19.1382409,hazszam,"10, Fehér út, Felsőrákos, X. kerület, Budapest, 1106, Magyarország",nominatim/photon,10.0,Felsőrákos
31527069,"6 Kőrösi Csoma Sándor út, 1102 Budapest",47.4831286,19.1304444,hazszam,"6/A, Kőrösi Csoma Sándor út, Kőbánya Városközpont, Óhegy, X. kerület, Budapest, 1102, Magyarország",nominatim/photon,6.0,Óhegy
31643530,"Füzér utca, 1102 Budapest",47.4885312,19.1271594,utca,"Füzér utca, Ligettelek, X. kerület, Budapest, 1102, Magyarország",nominatim/photon,,Ligettelek
31708398,"Kőbányai út 45/A, 1101 Budapest",47.4862363,19.1085455,utca,"Kőbányai út, Taraliget lakópark, Népliget, Laposdűlő, X. kerület, Budapest, 1101, Magyarország",nominatim/photon,,Népliget
31773364,"Téglagyárdűlő, 1106 Budapest",47.4834581,19.1688594,utca,"Téglagyárdűlő, X. kerület, Budapest, Magyarország",nominatim/photon,,Téglagyárdűlő
31958948,"Vaspálya utca, 1103 Budapest",47.4651036,19.1475176,utca,"Robert Bosch utca, Külső Kőbánya, Óhegy, X. kerület, Budapest, 1103, Magyarország",nominatim/photon,,Óhegy
32221542,"Gyömrői út, 1103 Budapest",47.4724291,19.1387493,utca,"Gyömrői út, Külső Kőbánya, Óhegy, X. kerület, Budapest, 1103, Magyarország",nominatim/photon,,Óhegy
32221677,"Gyömrői út, 1103 Budapest",47.4724291,19.1387493,utca,"Gyömrői út, Külső Kőbánya, Óhegy, X. kerület, Budapest, 1103, Magyarország",nominatim/photon,,Óhegy
32221699,"Gyömrői út, 1103 Budapest",47.4724291,19.1387493,utca,"Gyömrői út, Külső Kőbánya, Óhegy, X. kerület, Budapest, 1103, Magyarország",nominatim/photon,,Óhegy
32221750,"Kőbánya - Újhegy, 1108 Budapest",47.4691191,19.1617088,utca,"Éltes Mátyás Általános Iskola és Kollégium, 9-11, Újhegyi sétány, Újhegy, X. kerület, Budapest, 1108, Magyarország",nominatim/photon,,Újhegy
32329506,"Jászberényi út, 1106 Budapest",47.4898498,19.1580024,utca,"Jászberényi út, Felsőrákos, X. kerület, Budapest, 1106, Magyarország",nominatim/photon,,Felsőrákos
32424376,"Liget utca, 1102 Budapest",47.4880311,19.1300336,utca,"Liget utca, Ligettelek, X. kerület, Budapest, 1102, Magyarország",nominatim/photon,,Ligettelek
32565086,"Sibrik Miklós út 30/c, 1103 Budapest",47.4694666,19.1564093,utca,"Legenda Sport, 30/C, Sibrik Miklós út, Óhegy, X. kerület, Budapest, 1103, Magyarország",nominatim/photon,,Óhegy
32637205,"27b Cserkesz utca, 1105 Budapest",47.4786931,19.133127,hazszam,"27/B, Cserkesz utca, Kőbánya Városközpont, Óhegy, X. kerület, Budapest, 1105, Magyarország",nominatim/photon,27.0,Óhegy
32638379,"43b Kőbányai út, 1101 Budapest",47.4847988,19.1127776,hazszam,"43/B, Kőbányai út, Taraliget lakópark, Népliget, X. kerület, Budapest, 1101, Magyarország",nominatim/photon,43.0,Népliget
32688706,"14 Újhegyi út, 1108 Budapest",47.4675127,19.1671859,hazszam,"14, Újhegyi út, Újhegy, X. kerület, Budapest, 1108, Magyarország",nominatim/photon,14.0,Újhegy
32708003,"Szállás utca, 1107 Budapest",47.4778475,19.1261483,utca,"Szállás utca, Monori Center Chinatown, Gyárdűlő, X. kerület, Budapest, 1107, Magyarország",nominatim/photon,,Gyárdűlő
32711146,"Szállás utca, 1107 Budapest",47.4778475,19.1261483,utca,"Szállás utca, Monori Center Chinatown, Gyárdűlő, X. kerület, Budapest, 1107, Magyarország",nominatim/photon,,Gyárdűlő
32815501,"12 Maglódi út, 1106 Budapest",47.4851951,19.1607178,hazszam,"Merkapt Maraton Sportközpont, 12/A, Maglódi út, Téglagyárdűlő, X. kerület, Budapest, 1106, Magyarország",nominatim/photon,12.0,Téglagyárdűlő
32944971,"Gyömrői út, 1103 Budapest",47.4724291,19.1387493,utca,"Gyömrői út, Külső Kőbánya, Óhegy, X. kerület, Budapest, 1103, Magyarország",nominatim/photon,,Óhegy
32945030,"Gyömrői út, 1103 Budapest",47.4724291,19.1387493,utca,"Gyömrői út, Külső Kőbánya, Óhegy, X. kerület, Budapest, 1103, Magyarország",nominatim/photon,,Óhegy
32947379,"Kőbánya - Óhegy, 1103 Budapest",47.4820541,19.132346,utca,"Budapest-Kőbányai evangélikus templom, 14, Kápolna utca, Kőbánya Városközpont, Óhegy, X. kerület, Budapest, 1102, Magyarország",nominatim/photon,,Óhegy
32997069,"24 Szent László tér, 1105 Budapest",47.4877067,19.1313394,hazszam,"24, Szent László tér, Ligettelek, X. kerület, Budapest, 1102, Magyarország",nominatim/photon,24.0,Ligettelek
33120064,"Gém utca, 1107 Budapest",47.4709565,19.1216348,utca,"Gém utca, Gyárdűlő, X. kerület, Budapest, 1107, Magyarország",nominatim/photon,,Gyárdűlő
33215232,"120-122 Üllői köz, 1101 Budapest",47.470101,19.1142969,hazszam,,nominatim/photon,120.0,Gyárdűlő
33258887,"47 Maglódi út, 1106 Budapest",47.4828848,19.1554709,hazszam,"47, Maglódi út, Óhegy, X. kerület, Budapest, 1106, Magyarország",nominatim/photon,47.0,Óhegy
33258900,"47 Maglódi út, 1106 Budapest",47.4828848,19.1554709,hazszam,"47, Maglódi út, Óhegy, X. kerület, Budapest, 1106, Magyarország",nominatim/photon,47.0,Óhegy
33258962,"47 Maglódi út, 1106 Budapest",47.4828848,19.1554709,hazszam,"47, Maglódi út, Óhegy, X. kerület, Budapest, 1106, Magyarország",nominatim/photon,47.0,Óhegy
33258974,"47 Maglódi út, 1106 Budapest",47.4828848,19.1554709,hazszam,"47, Maglódi út, Óhegy, X. kerület, Budapest, 1106, Magyarország",nominatim/photon,47.0,Óhegy
33336258,"Felsőrákosirétek, 1106 Budapest",47.4920447,19.1947199,utca,A Felsőrákosi-rétek állatvilága,nominatim/photon,,Felsőrákos
33394541,"10 Ihász utca, 1103 Budapest",47.479483,19.1343519,hazszam,"MFutár - Mapei márkabolt, 10, Ihász utca, Kőbánya Városközpont, Óhegy, X. kerület, Budapest, 1105, Magyarország",nominatim/photon,10.0,Óhegy
33400725,"25 Maglódi út, 1106 Budapest",47.4852,19.1546,hazszam,"Patronbolt.hu, 25, Maglódi út, Óhegy, X. kerület, Budapest, 1106, Magyarország",nominatim/photon,25.0,Óhegy
33412219,"2 Ceglédi út, 1107 Budapest",47.4726868,19.1204986,utca,"Ceglédi út, Gyárdűlő, X. kerület, Budapest, 1107, Magyarország",nominatim/photon,,Gyárdűlő
33501833,"Maglódi út, 1106 Budapest",47.4805817,19.1614707,utca,"Maglódi út, Téglagyárdűlő, X. kerület, Budapest, 1106, Magyarország",nominatim/photon,,Téglagyárdűlő
33611097,"Maglódi út, 1106 Budapest",47.4805817,19.1614707,utca,"Maglódi út, Téglagyárdűlő, X. kerület, Budapest, 1106, Magyarország",nominatim/photon,,Téglagyárdűlő
33611147,"Maglódi út, 1106 Budapest",47.4805817,19.1614707,utca,"Maglódi út, Téglagyárdűlő, X. kerület, Budapest, 1106, Magyarország",nominatim/photon,,Téglagyárdűlő
33612266,"Hungária körút, 1101 Budapest",47.4973698,19.1090927,utca,"Hungária körút, Laposdűlő, X. kerület, Budapest, 1101, Magyarország",nominatim/photon,,Laposdűlő
33627364,"6 Maglódi út, 1106 Budapest",47.4835866,19.1573813,utca,"Maglódi út, Téglagyárdűlő, X. kerület, Budapest, 1106, Magyarország",nominatim/photon,,Téglagyárdűlő
33639033,"Kőrösi Csoma sétány, 1102 Budapest",47.4836523,19.1295197,utca,"Kőrösi Csoma sétány, Ligettelek, X. kerület, Budapest, 1102, Magyarország",nominatim/photon,,Ligettelek
33649503,"Jászberényi út, 1106 Budapest",47.4898498,19.1580024,utca,"Jászberényi út, Felsőrákos, X. kerület, Budapest, 1106, Magyarország",nominatim/photon,,Felsőrákos
33700270,"6 Kőrösi Csoma Sándor út, 1102 Budapest",47.4831286,19.1304444,hazszam,"6/A, Kőrösi Csoma Sándor út, Kőbánya Városközpont, Óhegy, X. kerület, Budapest, 1102, Magyarország",nominatim/photon,6.0,Óhegy
33706361,"Kőbányai út, 1101 Budapest",47.4856054,19.1109997,utca,"Kőbányai út, Taraliget lakópark, Népliget, X. kerület, Budapest, 1101, Magyarország",nominatim/photon,,Népliget
33755796,"4 Tárna utca, 1106 Budapest",47.4875935,19.1642096,hazszam,"4, Tárna utca, Téglagyárdűlő, X. kerület, Budapest, 1106, Magyarország",nominatim/photon,4.0,Téglagyárdűlő
33796032,"Kőér köz, 1103 Budapest",47.4810984,19.1411309,utca,"Kőér köz, Kőbánya Városközpont, Óhegy, X. kerület, Budapest, 1103, Magyarország",nominatim/photon,,Óhegy
33812904,"4 Fogadó utca, 1107 Budapest",47.4716348,19.1239617,hazszam,Genex Liget Business Park,nominatim/photon,4.0,Gyárdűlő
33863279,"Maglódi út, 1106 Budapest",47.4805817,19.1614707,utca,"Maglódi út, Téglagyárdűlő, X. kerület, Budapest, 1106, Magyarország",nominatim/photon,,Téglagyárdűlő
33885765,"1 Zágrábi utca, 1107 Budapest",47.4715909,19.1132465,hazszam,"Hotel Pest inn, 1, Zágrábi utca, Gyárdűlő, X. kerület, Budapest, 1107, Magyarország",nominatim/photon,1.0,Gyárdűlő
33899453,"Jászberényi út, 1106 Budapest",47.4898498,19.1580024,utca,"Jászberényi út, Felsőrákos, X. kerület, Budapest, 1106, Magyarország",nominatim/photon,,Felsőrákos
33943148,"Gergely utca, 1103 Budapest",47.4766075,19.1399217,utca,"Gergely utca, Óhegyi lakótelep, Külső Kőbánya, Óhegy, X. kerület, Budapest, 1103, Magyarország",nominatim/photon,,Óhegy
33946791,"14 Újhegyi út, 1108 Budapest",47.4675127,19.1671859,hazszam,"14, Újhegyi út, Újhegy, X. kerület, Budapest, 1108, Magyarország",nominatim/photon,14.0,Újhegy
33966566,"519 Fehér út 1. 5.em 516.-, 1106 Budapest",,,nincs,,,,
33974499,"6 Halas utca, 1106 Budapest",47.5035224,19.155051,hazszam,"6, Halas utca, Felsőrákos, X. kerület, Budapest, 1106, Magyarország",nominatim/photon,6.0,Felsőrákos
33976406,"Kőrösi Csoma Sándor út, 1102 Budapest",47.4865004,19.1327222,utca,"Kőrösi Csoma Sándor út, Ligettelek, X. kerület, Budapest, 1102, Magyarország",nominatim/photon,,Ligettelek
33985657,"5 Kápolna tér, 1103 Budapest",47.4807592,19.1374581,hazszam,"5, Kápolna tér, Kőbánya Városközpont, Óhegy, X. kerület, Budapest, 1103, Magyarország",nominatim/photon,5.0,Óhegy
34007237,"Kőbánya-Kertváros, 1106 Budapest",47.4826961,19.2002952,utca,"Kőbánya-Kertváros, X. kerület, Budapest, Magyarország",nominatim/photon,,Kőbánya-Kertváros
34008498,"Tavas utca, 1108 Budapest",47.4665382,19.1612076,utca,"Tavas utca, Újhegy, X. kerület, Budapest, 1108, Magyarország",nominatim/photon,,Újhegy
34012071,"Keresztúri út 86/C, 1106 Budapest",47.5039585,19.1527157,utca,"Keresztúri út, Felsőrákos, X. kerület, Budapest, 1106, Magyarország",nominatim/photon,,Felsőrákos
34047529,"7 Makk utca, 1107 Budapest",47.4741668,19.1190001,hazszam,"7, Makk utca, Gyárdűlő, X. kerület, Budapest, 1107, Magyarország",nominatim/photon,7.0,Gyárdűlő
34059534,"8 Somfa utca, 1107 Budapest",47.4737499,19.1196285,hazszam,"8, Somfa utca, Gyárdűlő, X. kerület, Budapest, 1107, Magyarország",nominatim/photon,8.0,Gyárdűlő
34062186,"Gergely utca, 1108 Budapest",47.4672745,19.1571777,utca,"Gergely utca, Újhegy, X. kerület, Budapest, 1108, Magyarország",nominatim/photon,,Újhegy
34067117,"Gyömrői út, 1103 Budapest",47.4724291,19.1387493,utca,"Gyömrői út, Külső Kőbánya, Óhegy, X. kerület, Budapest, 1103, Magyarország",nominatim/photon,,Óhegy
34115753,"Kőbányai út 45/A, 1101 Budapest",47.4862363,19.1085455,utca,"Kőbányai út, Taraliget lakópark, Népliget, Laposdűlő, X. kerület, Budapest, 1101, Magyarország",nominatim/photon,,Népliget
34135410,"Téglagyárdűlő, 1106 Budapest",47.4834581,19.1688594,utca,"Téglagyárdűlő, X. kerület, Budapest, Magyarország",nominatim/photon,,Téglagyárdűlő
34144588,"Téglagyárdűlő, 1106 Budapest",47.4834581,19.1688594,utca,"Téglagyárdűlő, X. kerület, Budapest, Magyarország",nominatim/photon,,Téglagyárdűlő
34169791,"Maglódi út 12/b, 1106 Budapest",47.4850604,19.1596109,utca,"Productions Graphics Central Europe Kft., 12/B, Maglódi út, Téglagyárdűlő, X. kerület, Budapest, 1106, Magyarország",nominatim/photon,,Téglagyárdűlő
34225802,"Gyömrői út, 1103 Budapest",47.4724291,19.1387493,utca,"Gyömrői út, Külső Kőbánya, Óhegy, X. kerület, Budapest, 1103, Magyarország",nominatim/photon,,Óhegy
34245668,"Kismartoni út, 1101 Budapest",47.4826617,19.1159951,utca,"Kismartoni út, Taraliget lakópark, Népliget, X. kerület, Budapest, 1101, Magyarország",nominatim/photon,,Népliget
34246507,"8 Zágrábi utca, 1107 Budapest",47.4711207,19.1185735,hazszam,"8, Zágrábi utca, Gyárdűlő, X. kerület, Budapest, 1107, Magyarország",nominatim/photon,8.0,Gyárdűlő
34282934,"Örs vezér tere, 1106 Budapest",47.502803,19.1350725,utca,"Örs vezér tere, Kerepesi út, Ligettelek, X. kerület, Budapest, 1106, Magyarország",nominatim/photon,,Ligettelek
34319439,"Fogadó utca, 1107 Budapest",47.4709396,19.1219559,utca,"Fogadó utca, Metrodom Park, Gyárdűlő, X. kerület, Budapest, 1107, Magyarország",nominatim/photon,,Gyárdűlő
34335207,"1 Regina köz, 1103 Budapest",47.4642049,19.1436627,hazszam,"1, Regina köz, Kúttó, X. kerület, Budapest, 1103, Magyarország",nominatim/photon,1.0,Kúttó
34355335,"Téglagyárdűlő, 1106 Budapest",47.4834581,19.1688594,utca,"Téglagyárdűlő, X. kerület, Budapest, Magyarország",nominatim/photon,,Téglagyárdűlő
34394146,"3 Túzok utca, 1106 Budapest",47.5032584,19.1486959,hazszam,,nominatim/photon,3.0,Felsőrákos
34413505,"Keresztúri út, 1106 Budapest",47.5008487,19.1535699,utca,"Keresztúri út, Felsőrákos, X. kerület, Budapest, 1106, Magyarország",nominatim/photon,,Felsőrákos
34447969,"Ihász utca, 1103 Budapest",47.4830386,19.1405533,utca,"Ihász utca, Kőbánya Városközpont, Óhegy, X. kerület, Budapest, 1105, Magyarország",nominatim/photon,,Óhegy
34454287,"3 Tavas utca, 1108 Budapest",47.4666945,19.1625271,hazszam,"3, Tavas utca, Újhegy, X. kerület, Budapest, 1108, Magyarország",nominatim/photon,3.0,Újhegy
34501115,"Felsőrákos, 1106 Budapest",47.4953772,19.1746318,utca,"Felsőrákos, X. kerület, Budapest, 1106, Magyarország",nominatim/photon,,Felsőrákos
34528887,"5 Kápolna tér, 1103 Budapest",47.4807592,19.1374581,hazszam,"5, Kápolna tér, Kőbánya Városközpont, Óhegy, X. kerület, Budapest, 1103, Magyarország",nominatim/photon,5.0,Óhegy
34541195,"Gyömrői út, 1103 Budapest",47.4724291,19.1387493,utca,"Gyömrői út, Külső Kőbánya, Óhegy, X. kerület, Budapest, 1103, Magyarország",nominatim/photon,,Óhegy
34541425,"Gyömrői út, 1103 Budapest",47.4724291,19.1387493,utca,"Gyömrői út, Külső Kőbánya, Óhegy, X. kerület, Budapest, 1103, Magyarország",nominatim/photon,,Óhegy
34543467,"Gergely utca, 1103 Budapest",47.4766075,19.1399217,utca,"Gergely utca, Óhegyi lakótelep, Külső Kőbánya, Óhegy, X. kerület, Budapest, 1103, Magyarország",nominatim/photon,,Óhegy
34543710,"Gyömrői út, 1103 Budapest",47.4724291,19.1387493,utca,"Gyömrői út, Külső Kőbánya, Óhegy, X. kerület, Budapest, 1103, Magyarország",nominatim/photon,,Óhegy
34549565,"Ónodi utca, 1102 Budapest",47.4901782,19.1336547,utca,"Ónodi utca, Ligettelek, X. kerület, Budapest, 1102, Magyarország",nominatim/photon,,Ligettelek
34609885,"Felsőrákos, 1106 Budapest",47.4953772,19.1746318,utca,"Felsőrákos, X. kerület, Budapest, 1106, Magyarország",nominatim/photon,,Felsőrákos
34650943,"15 Pongrácz út, 1101 Budapest",47.4886825,19.1223814,hazszam,"Apollo Fürdőszobaszalon és Webáruház, 15, Pongrácz út, Nagy-Pongrác telep, Laposdűlő, X. kerület, Budapest, 1101, Magyarország",nominatim/photon,15.0,Laposdűlő
34653959,"Gyömrői út, 1103 Budapest",47.4724291,19.1387493,utca,"Gyömrői út, Külső Kőbánya, Óhegy, X. kerület, Budapest, 1103, Magyarország",nominatim/photon,,Óhegy
34776769,"Korponai utca, 1101 Budapest",47.4877045,19.1242565,utca,"Korponai utca, Ligettelek, X. kerület, Budapest, 1101, Magyarország",nominatim/photon,,Ligettelek
34789187,"115 Gyömrői út, 1103 Budapest",47.462834,19.1647592,hazszam,"115, Gyömrői út, Újhegy, X. kerület, Budapest, 1103, Magyarország",nominatim/photon,115.0,Újhegy
34791007,"Kőbánya-Városközpont, 1105 Budapest",47.482503,19.1307351,utca,"Kőbánya Városközpont, Óhegy, X. kerület, Budapest, 1102, Magyarország",nominatim/photon,,Óhegy
34812133,"Monori utca, 1101 Budapest",47.4841784,19.122385,utca,"Monori utca, Nagy-Pongrác telep, Laposdűlő, X. kerület, Budapest, 1101, Magyarország",nominatim/photon,,Laposdűlő
34813723,"Gyakorló utca, 1106 Budapest",47.5018325,19.1436801,utca,"Gyakorló utca, Gyakorló utcai lakótelep, Felsőrákos, X. kerület, Budapest, 1106, Magyarország",nominatim/photon,,Felsőrákos
34838716,"Gyömrői út, 1103 Budapest",47.4724291,19.1387493,utca,"Gyömrői út, Külső Kőbánya, Óhegy, X. kerület, Budapest, 1103, Magyarország",nominatim/photon,,Óhegy
34842466,"4-6 Somfa utca, 1107 Budapest",47.4733373,19.1189157,hazszam,"4-6, Somfa utca, Gyárdűlő, X. kerület, Budapest, 1107, Magyarország",nominatim/photon,4.0,Gyárdűlő
34851721,"45 Jászberényi út, 1106 Budapest",47.4866279,19.1760623,hazszam,"Kifli.hu Shop Kft., 45, Jászberényi út, Téglagyárdűlő, X. kerület, Budapest, 1106, Magyarország",nominatim/photon,45.0,Téglagyárdűlő
34860837,"Jászberényi út, 1106 Budapest",47.4898498,19.1580024,utca,"Jászberényi út, Felsőrákos, X. kerület, Budapest, 1106, Magyarország",nominatim/photon,,Felsőrákos
34864562,"Jászberényi út 47/c, 1106 Budapest",47.4892535,19.1658666,utca,"Jászberényi út, Felsőrákos, X. kerület, Budapest, 1106, Magyarország",nominatim/photon,,Felsőrákos
34866576,"Felsőrákos, 1106 Budapest",47.4953772,19.1746318,utca,"Felsőrákos, X. kerület, Budapest, 1106, Magyarország",nominatim/photon,,Felsőrákos
34881070,"1 Zágrábi utca, 1107 Budapest",47.4715909,19.1132465,hazszam,"Hotel Pest inn, 1, Zágrábi utca, Gyárdűlő, X. kerület, Budapest, 1107, Magyarország",nominatim/photon,1.0,Gyárdűlő
34892873,"Gyömrői út, 1103 Budapest",47.4724291,19.1387493,utca,"Gyömrői út, Külső Kőbánya, Óhegy, X. kerület, Budapest, 1103, Magyarország",nominatim/photon,,Óhegy
34894964,"Gyömrői út, 1103 Budapest",47.4724291,19.1387493,utca,"Gyömrői út, Külső Kőbánya, Óhegy, X. kerület, Budapest, 1103, Magyarország",nominatim/photon,,Óhegy
34894967,"Gyömrői út, 1103 Budapest",47.4724291,19.1387493,utca,"Gyömrői út, Külső Kőbánya, Óhegy, X. kerület, Budapest, 1103, Magyarország",nominatim/photon,,Óhegy
34895933,"10 Fehér út, 1106 Budapest",47.5005879,19.1382409,hazszam,"10, Fehér út, Felsőrákos, X. kerület, Budapest, 1106, Magyarország",nominatim/photon,10.0,Felsőrákos
34907399,"7 Balkán utca, 1107 Budapest",47.4728458,19.1178374,hazszam,"7, Balkán utca, Gyárdűlő, X. kerület, Budapest, 1107, Magyarország",nominatim/photon,7.0,Gyárdűlő
34910713,"9 Kőrösi Csoma Sándor út, 1102 Budapest",47.4831821,19.1316356,hazszam,"9, Kőrösi Csoma Sándor út, Kőbánya Városközpont, Óhegy, X. kerület, Budapest, 1102, Magyarország",nominatim/photon,9.0,Óhegy
34938397,"Jegenye utca, 1107 Budapest",47.4780514,19.1279211,utca,"Jegenye utca, Monori Center Chinatown, Gyárdűlő, X. kerület, Budapest, 1107, Magyarország",nominatim/photon,,Gyárdűlő
34939961,"Tárna utca, 1106 Budapest",47.4869075,19.1637693,utca,"Tárna utca, Téglagyárdűlő, X. kerület, Budapest, 1106, Magyarország",nominatim/photon,,Téglagyárdűlő
34947562,"10 Fehér út, 1106 Budapest",47.5005879,19.1382409,hazszam,"10, Fehér út, Felsőrákos, X. kerület, Budapest, 1106, Magyarország",nominatim/photon,10.0,Felsőrákos
34950699,"8 Zágrábi utca, 1107 Budapest",47.4711207,19.1185735,hazszam,"8, Zágrábi utca, Gyárdűlő, X. kerület, Budapest, 1107, Magyarország",nominatim/photon,8.0,Gyárdűlő
34954920,"Kőbánya-Városközpont, 1105 Budapest",47.482503,19.1307351,utca,"Kőbánya Városközpont, Óhegy, X. kerület, Budapest, 1102, Magyarország",nominatim/photon,,Óhegy
34968039,"Gyömrői út, 1103 Budapest",47.4724291,19.1387493,utca,"Gyömrői út, Külső Kőbánya, Óhegy, X. kerület, Budapest, 1103, Magyarország",nominatim/photon,,Óhegy
34970520,"Kőbányai út 45/A, 1101 Budapest",47.4862363,19.1085455,utca,"Kőbányai út, Taraliget lakópark, Népliget, Laposdűlő, X. kerület, Budapest, 1101, Magyarország",nominatim/photon,,Népliget
34981935,"Pesti Gábor utca, 1106 Budapest",47.5050057,19.1616528,utca,"Pesti Gábor utca, Felsőrákos, X. kerület, Budapest, 1106, Magyarország",nominatim/photon,,Felsőrákos
34982570,"Mongol utca, 1105 Budapest",47.4787722,19.1318437,utca,"Mongol utca, Kőbánya Városközpont, Óhegy, X. kerület, Budapest, 1105, Magyarország",nominatim/photon,,Óhegy
34992334,"Mongol utca, 1105 Budapest",47.4787722,19.1318437,utca,"Mongol utca, Kőbánya Városközpont, Óhegy, X. kerület, Budapest, 1105, Magyarország",nominatim/photon,,Óhegy
34996960,"1 Makk utca, 1107 Budapest",47.4732402,19.1175262,hazszam,"1, Makk utca, Gyárdűlő, X. kerület, Budapest, 1107, Magyarország",nominatim/photon,1.0,Gyárdűlő
35034287,"10 Fehér út, 1106 Budapest",47.5005879,19.1382409,hazszam,"10, Fehér út, Felsőrákos, X. kerület, Budapest, 1106, Magyarország",nominatim/photon,10.0,Felsőrákos
35036296,"10 Fehér út, 1106 Budapest",47.5005879,19.1382409,hazszam,"10, Fehér út, Felsőrákos, X. kerület, Budapest, 1106, Magyarország",nominatim/photon,10.0,Felsőrákos
35046914,"202-206 Keresztúri út, 1106 Budapest",47.4964153,19.1591014,utca,"Keresztúri út, EGIS Gyógyszergyár, Felsőrákos, X. kerület, Budapest, 1106, Magyarország",nominatim/photon,,Felsőrákos
35055026,"Gergely utca, 1103 Budapest",47.4766075,19.1399217,utca,"Gergely utca, Óhegyi lakótelep, Külső Kőbánya, Óhegy, X. kerület, Budapest, 1103, Magyarország",nominatim/photon,,Óhegy
35057031,"10 Fehér út, 1106 Budapest",47.5005879,19.1382409,hazszam,"10, Fehér út, Felsőrákos, X. kerület, Budapest, 1106, Magyarország",nominatim/photon,10.0,Felsőrákos
35081622,"Lovasvölgyi utca, 1106 Budapest",47.4942134,19.2023872,utca,"Lovasvölgyi utca, Felsőrákos, X. kerület, Budapest, 1106, Magyarország",nominatim/photon,,Felsőrákos
35111543,"3 Venyige utca, 1108 Budapest",47.4780017,19.1677701,utca,"Venyige utca, Téglagyárdűlő, X. kerület, Budapest, 1108, Magyarország",nominatim/photon,,Téglagyárdűlő
35113160,"5 Gyógyszergyári utca, 1106 Budapest",47.4981177,19.1477993,hazszam_interpolalt,5 Gyógyszergyári utca (legközelebbi házszám: 3),overpass,3.0,
35134902,"Paprika utca, 1106 Budapest",47.4958913,19.1625086,utca,"Paprika utca, MÁV-telep, Felsőrákos, X. kerület, Budapest, 1106, Magyarország",nominatim/photon,,Felsőrákos
35135674,"3 Venyige utca, 1108 Budapest",47.4780017,19.1677701,utca,"Venyige utca, Téglagyárdűlő, X. kerület, Budapest, 1108, Magyarország",nominatim/photon,,Téglagyárdűlő
35139473,"2 Somfa utca, 1107 Budapest",47.4728561,19.1183828,hazszam,"Somfa patika, 2, Somfa utca, Gyárdűlő, X. kerület, Budapest, 1107, Magyarország",nominatim/photon,2.0,Gyárdűlő
35142186,"Keresztúri út, 1106 Budapest",47.5008487,19.1535699,utca,"Keresztúri út, Felsőrákos, X. kerület, Budapest, 1106, Magyarország",nominatim/photon,,Felsőrákos
35159939,"10 Fehér út, 1106 Budapest",47.5005879,19.1382409,hazszam,"10, Fehér út, Felsőrákos, X. kerület, Budapest, 1106, Magyarország",nominatim/photon,10.0,Felsőrákos
35162799,"5 Somfa utca, 1107 Budapest",47.4734773,19.1199715,hazszam,"Somfa Liget VII, 5/a, Somfa utca, Gyárdűlő, X. kerület, Budapest, 1107, Magyarország",nominatim/photon,5.0,Gyárdűlő
35169465,"Szárnyas utca, 1107 Budapest",47.4677585,19.1212839,utca,"Szárnyas utca, Gyárdűlő, X. kerület, Budapest, 1107, Magyarország",nominatim/photon,,Gyárdűlő
35173777,"26 Keresztúri út, 1106 Budapest",47.5039585,19.1527157,utca,"Keresztúri út, Felsőrákos, X. kerület, Budapest, 1106, Magyarország",nominatim/photon,,Felsőrákos
35174514,"Petrőczy utca 14/B, 1103 Budapest",47.4775107,19.1425461,utca,"Petrőczy utca, Óhegyi lakótelep, Külső Kőbánya, Óhegy, X. kerület, Budapest, 1103, Magyarország",nominatim/photon,,Óhegy
35182643,"Ihász utca, 1103 Budapest",47.4830386,19.1405533,utca,"Ihász utca, Kőbánya Városközpont, Óhegy, X. kerület, Budapest, 1105, Magyarország",nominatim/photon,,Óhegy
35185921,"Száva utca, 1107 Budapest",47.4696019,19.1246014,utca,"Száva utca, Kúttó, X. kerület, Budapest, 1107, Magyarország",nominatim/photon,,Kúttó
35204921,"Kőrösi Csoma Sándor út 6/C, 1102 Budapest",47.4834174,19.1305458,utca,"6/C, Kőrösi Csoma Sándor út, Kőbánya Városközpont, Óhegy, X. kerület, Budapest, 1102, Magyarország",nominatim/photon,,Óhegy
35205432,"Maglódi út 14/a, 1106 Budapest",47.4835866,19.1573813,utca,"Maglódi út, Téglagyárdűlő, X. kerület, Budapest, 1106, Magyarország",nominatim/photon,,Téglagyárdűlő
35206250,"Maglódi út 12/b, 1106 Budapest",47.4850604,19.1596109,utca,"Productions Graphics Central Europe Kft., 12/B, Maglódi út, Téglagyárdűlő, X. kerület, Budapest, 1106, Magyarország",nominatim/photon,,Téglagyárdűlő
35207432,"10 Fehér út, 1106 Budapest",47.5005879,19.1382409,hazszam,"10, Fehér út, Felsőrákos, X. kerület, Budapest, 1106, Magyarország",nominatim/photon,10.0,Felsőrákos
35212576,"Maglódi út 12/b, 1106 Budapest",47.4850604,19.1596109,utca,"Productions Graphics Central Europe Kft., 12/B, Maglódi út, Téglagyárdűlő, X. kerület, Budapest, 1106, Magyarország",nominatim/photon,,Téglagyárdűlő
35223013,"Felsőrákos, 1106 Budapest",47.4953772,19.1746318,utca,"Felsőrákos, X. kerület, Budapest, 1106, Magyarország",nominatim/photon,,Felsőrákos
35225840,"Gyömrői út, 1103 Budapest",47.4724291,19.1387493,utca,"Gyömrői út, Külső Kőbánya, Óhegy, X. kerület, Budapest, 1103, Magyarország",nominatim/photon,,Óhegy
35227428,"10 Fehér út, 1106 Budapest",47.5005879,19.1382409,hazszam,"10, Fehér út, Felsőrákos, X. kerület, Budapest, 1106, Magyarország",nominatim/photon,10.0,Felsőrákos
35229910,"10 Fehér út, 1106 Budapest",47.5005879,19.1382409,hazszam,"10, Fehér út, Felsőrákos, X. kerület, Budapest, 1106, Magyarország",nominatim/photon,10.0,Felsőrákos
35231166,"Pongrácz út, 1101 Budapest",47.49842,19.1153039,utca,"Pongrácz út, Laposdűlő, X. kerület, Budapest, 1101, Magyarország",nominatim/photon,,Laposdűlő
35231257,"15 Pongrácz út, 1101 Budapest",47.4886825,19.1223814,hazszam,"Apollo Fürdőszobaszalon és Webáruház, 15, Pongrácz út, Nagy-Pongrác telep, Laposdűlő, X. kerület, Budapest, 1101, Magyarország",nominatim/photon,15.0,Laposdűlő
35231291,"15 Pongrácz út, 1101 Budapest",47.4886825,19.1223814,hazszam,"Apollo Fürdőszobaszalon és Webáruház, 15, Pongrácz út, Nagy-Pongrác telep, Laposdűlő, X. kerület, Budapest, 1101, Magyarország",nominatim/photon,15.0,Laposdűlő
35233479,"Kőbánya - Óhegy, 1103 Budapest",47.4820541,19.132346,utca,"Budapest-Kőbányai evangélikus templom, 14, Kápolna utca, Kőbánya Városközpont, Óhegy, X. kerület, Budapest, 1102, Magyarország",nominatim/photon,,Óhegy
35239678,"Kőbánya-Városközpont, 1105 Budapest",47.482503,19.1307351,utca,"Kőbánya Városközpont, Óhegy, X. kerület, Budapest, 1102, Magyarország",nominatim/photon,,Óhegy
35249128,"Jászberényi út, 1106 Budapest",47.4898498,19.1580024,utca,"Jászberényi út, Felsőrákos, X. kerület, Budapest, 1106, Magyarország",nominatim/photon,,Felsőrákos
35258267,"25 Maglódi út, 1106 Budapest",47.4852,19.1546,hazszam,"Patronbolt.hu, 25, Maglódi út, Óhegy, X. kerület, Budapest, 1106, Magyarország",nominatim/photon,25.0,Óhegy
35263942,"8 Zágrábi utca, 1107 Budapest",47.4711207,19.1185735,hazszam,"8, Zágrábi utca, Gyárdűlő, X. kerület, Budapest, 1107, Magyarország",nominatim/photon,8.0,Gyárdűlő
35276851,"Téglagyárdűlő, 1106 Budapest",47.4834581,19.1688594,utca,"Téglagyárdűlő, X. kerület, Budapest, Magyarország",nominatim/photon,,Téglagyárdűlő
35315910,"Téglagyárdűlő, 1106 Budapest",47.4834581,19.1688594,utca,"Téglagyárdűlő, X. kerület, Budapest, Magyarország",nominatim/photon,,Téglagyárdűlő
35315911,"Téglagyárdűlő, 1106 Budapest",47.4834581,19.1688594,utca,"Téglagyárdűlő, X. kerület, Budapest, Magyarország",nominatim/photon,,Téglagyárdűlő
35315958,"Téglagyárdűlő, 1106 Budapest",47.4834581,19.1688594,utca,"Téglagyárdűlő, X. kerület, Budapest, Magyarország",nominatim/photon,,Téglagyárdűlő
35315967,"Téglagyárdűlő, 1106 Budapest",47.4834581,19.1688594,utca,"Téglagyárdűlő, X. kerület, Budapest, Magyarország",nominatim/photon,,Téglagyárdűlő
35320467,"Ceglédi út, 1107 Budapest",47.4726868,19.1204986,utca,"Ceglédi út, Gyárdűlő, X. kerület, Budapest, 1107, Magyarország",nominatim/photon,,Gyárdűlő
35331605,"Jegenye utca, 1107 Budapest",47.4780514,19.1279211,utca,"Jegenye utca, Monori Center Chinatown, Gyárdűlő, X. kerület, Budapest, 1107, Magyarország",nominatim/photon,,Gyárdűlő
35343928,"Harmat utca, 1104 Budapest",47.4755161,19.1567075,utca,"Harmat utca, Óhegyi lakótelep, Külső Kőbánya, Óhegy, X. kerület, Budapest, 1104, Magyarország",nominatim/photon,,Óhegy
35348499,"Keresztúri út, 1106 Budapest",47.5008487,19.1535699,utca,"Keresztúri út, Felsőrákos, X. kerület, Budapest, 1106, Magyarország",nominatim/photon,,Felsőrákos
35349540,"23 Ihász utca, 1103 Budapest",47.4806042,19.1368358,hazszam,"23, Ihász utca, Kőbánya Városközpont, Óhegy, X. kerület, Budapest, 1105, Magyarország",nominatim/photon,23.0,Óhegy
35354030,"76-80 Gyömrői út, 1103 Budapest",47.4680395,19.1499129,hazszam,"A-Z Kft., 76-80, Gyömrői út, Külső Kőbánya, Óhegy, X. kerület, Budapest, 1103, Magyarország",nominatim/photon,76.0,Óhegy
35356139,"Keresztúri út 108/B, 1106 Budapest",47.5039585,19.1527157,utca,"Keresztúri út, Felsőrákos, X. kerület, Budapest, 1106, Magyarország",nominatim/photon,,Felsőrákos
35360825,"Venyige utca, 1108 Budapest",47.4780017,19.1677701,utca,"Venyige utca, Téglagyárdűlő, X. kerület, Budapest, 1108, Magyarország",nominatim/photon,,Téglagyárdűlő
35360865,"Venyige utca, 1108 Budapest",47.4780017,19.1677701,utca,"Venyige utca, Téglagyárdűlő, X. kerület, Budapest, 1108, Magyarország",nominatim/photon,,Téglagyárdűlő
35364667,"Ceglédi út, 1107 Budapest",47.4726868,19.1204986,utca,"Ceglédi út, Gyárdűlő, X. kerület, Budapest, 1107, Magyarország",nominatim/photon,,Gyárdűlő
35365780,"10 Fehér út, 1106 Budapest",47.5005879,19.1382409,hazszam,"10, Fehér út, Felsőrákos, X. kerület, Budapest, 1106, Magyarország",nominatim/photon,10.0,Felsőrákos
35366294,"Kőbánya - Újhegy, 1108 Budapest",47.4691191,19.1617088,utca,"Éltes Mátyás Általános Iskola és Kollégium, 9-11, Újhegyi sétány, Újhegy, X. kerület, Budapest, 1108, Magyarország",nominatim/photon,,Újhegy
35381626,"39 Hölgy utca, 1102 Budapest",47.4892808,19.124708,hazszam,"39, Hölgy utca, Ligettelek, X. kerület, Budapest, 1102, Magyarország",nominatim/photon,39.0,Ligettelek
35392258,"Gyógyszergyári utca, 1106 Budapest",47.4977993,19.1441204,utca,"Gyógyszergyári utca, Gyakorló utcai lakótelep, Felsőrákos, X. kerület, Budapest, 1106, Magyarország",nominatim/photon,,Felsőrákos
35392919,"76-80 Gyömrői út, 1103 Budapest",47.4680395,19.1499129,hazszam,"A-Z Kft., 76-80, Gyömrői út, Külső Kőbánya, Óhegy, X. kerület, Budapest, 1103, Magyarország",nominatim/photon,76.0,Óhegy
35393813,"3 Venyige utca, 1108 Budapest",47.4780017,19.1677701,utca,"Venyige utca, Téglagyárdűlő, X. kerület, Budapest, 1108, Magyarország",nominatim/photon,,Téglagyárdűlő
35400058,"Sibrik Miklós út, 1103 Budapest",47.4718864,19.1593724,utca,"Sibrik Miklós út, Óhegy, X. kerület, Budapest, 1103, Magyarország",nominatim/photon,,Óhegy
35400187,"Gyakorló köz, 1106 Budapest",47.5024404,19.1420305,utca,"Gyakorló köz, Gyakorló utcai lakótelep, Felsőrákos, X. kerület, Budapest, 1106, Magyarország",nominatim/photon,,Felsőrákos
35405012,"Kőbányai út, 1101 Budapest",47.4856054,19.1109997,utca,"Kőbányai út, Taraliget lakópark, Népliget, X. kerület, Budapest, 1101, Magyarország",nominatim/photon,,Népliget
35406080,"Keresztúri út, 1106 Budapest",47.5008487,19.1535699,utca,"Keresztúri út, Felsőrákos, X. kerület, Budapest, 1106, Magyarország",nominatim/photon,,Felsőrákos
35410639,"78 Gyömrői út, 1103 Budapest",47.4724291,19.1387493,utca,"Gyömrői út, Külső Kőbánya, Óhegy, X. kerület, Budapest, 1103, Magyarország",nominatim/photon,,Óhegy
35411241,"4 Mélytó utca, 1108 Budapest",47.4689326,19.1632372,hazszam,"4, Mélytó utca, Újhegy, X. kerület, Budapest, 1108, Magyarország",nominatim/photon,4.0,Újhegy
35415926,"23 Gergely utca, 1103 Budapest",47.477266,19.1390231,hazszam_interpolalt,23 Gergely utca (legközelebbi házszám: 38),overpass,38.0,
35424213,"Vaspálya utca, 1103 Budapest",47.4651036,19.1475176,utca,"Robert Bosch utca, Külső Kőbánya, Óhegy, X. kerület, Budapest, 1103, Magyarország",nominatim/photon,,Óhegy
35425731,"8 Fertő utca, 1107 Budapest",47.475562,19.1202565,hazszam,"8, Fertő utca, Gyárdűlő, X. kerület, Budapest, 1107, Magyarország",nominatim/photon,8.0,Gyárdűlő
35425762,"8 Fertő utca, 1107 Budapest",47.475562,19.1202565,hazszam,"8, Fertő utca, Gyárdűlő, X. kerület, Budapest, 1107, Magyarország",nominatim/photon,8.0,Gyárdűlő
35435897,"Mádi utca, 1105 Budapest",47.4889993,19.1408147,utca,"Mádi utca, Kőbánya Városközpont, Óhegy, X. kerület, Budapest, 1105, Magyarország",nominatim/photon,,Óhegy
35437325,"Kőbánya - Óhegy, 1103 Budapest",47.4820541,19.132346,utca,"Budapest-Kőbányai evangélikus templom, 14, Kápolna utca, Kőbánya Városközpont, Óhegy, X. kerület, Budapest, 1102, Magyarország",nominatim/photon,,Óhegy
35439455,"Keresztúri út, 1106 Budapest",47.5008487,19.1535699,utca,"Keresztúri út, Felsőrákos, X. kerület, Budapest, 1106, Magyarország",nominatim/photon,,Felsőrákos
35441716,"Gyógyszergyári utca, 1106 Budapest",47.4977993,19.1441204,utca,"Gyógyszergyári utca, Gyakorló utcai lakótelep, Felsőrákos, X. kerület, Budapest, 1106, Magyarország",nominatim/photon,,Felsőrákos
35444106,"Mádi utca, 1105 Budapest",47.4889993,19.1408147,utca,"Mádi utca, Kőbánya Városközpont, Óhegy, X. kerület, Budapest, 1105, Magyarország",nominatim/photon,,Óhegy
35444239,"Juhász utca, 1106 Budapest",47.5040012,19.1629657,utca,"Juhász utca, Felsőrákos, X. kerület, Budapest, 1106, Magyarország",nominatim/photon,,Felsőrákos
35447947,"7 Tavas utca, 1108 Budapest",47.4684924,19.1651884,hazszam,"Tóparti Lakópartk, 7, Tavas utca, Újhegy, X. kerület, Budapest, 1108, Magyarország",nominatim/photon,7.0,Újhegy
35449424,"Cserkesz utca, 1105 Budapest",47.4779712,19.1342686,utca,"Cserkesz utca, Kőbánya Városközpont, Óhegy, X. kerület, Budapest, 1105, Magyarország",nominatim/photon,,Óhegy
35449465,"Gergely utca, 1103 Budapest",47.4766075,19.1399217,utca,"Gergely utca, Óhegyi lakótelep, Külső Kőbánya, Óhegy, X. kerület, Budapest, 1103, Magyarország",nominatim/photon,,Óhegy
35449510,"Kelemen utca, 1103 Budapest",47.4802919,19.1386832,utca,"Kelemen utca, Kőbánya Városközpont, Óhegy, X. kerület, Budapest, 1105, Magyarország",nominatim/photon,,Óhegy
35451170,"Noszlopy utca, 1103 Budapest",47.4735008,19.1502693,utca,"Noszlopy utca, Óhegyi lakótelep, Külső Kőbánya, Óhegy, X. kerület, Budapest, 1103, Magyarország",nominatim/photon,,Óhegy
35451561,"2 Fehér út, 1106 Budapest",47.4925742,19.1416611,utca,"Fehér út, Ligettelek, X. kerület, Budapest, 1106, Magyarország",nominatim/photon,,Ligettelek
35453043,"Oltó utca, 1108 Budapest",47.4700886,19.1581687,utca,"Oltó utca, Újhegy, X. kerület, Budapest, 1108, Magyarország",nominatim/photon,,Újhegy
35457642,"Kőbánya - Újhegy, 1108 Budapest",47.4691191,19.1617088,utca,"Éltes Mátyás Általános Iskola és Kollégium, 9-11, Újhegyi sétány, Újhegy, X. kerület, Budapest, 1108, Magyarország",nominatim/photon,,Újhegy
35460366,"Maglódi út 12/B, 1106 Budapest",47.4850604,19.1596109,utca,"Productions Graphics Central Europe Kft., 12/B, Maglódi út, Téglagyárdűlő, X. kerület, Budapest, 1106, Magyarország",nominatim/photon,,Téglagyárdűlő
35461494,"Monori utca, 1101 Budapest",47.4841784,19.122385,utca,"Monori utca, Nagy-Pongrác telep, Laposdűlő, X. kerület, Budapest, 1101, Magyarország",nominatim/photon,,Laposdűlő
35465102,"Halom utca, 1105 Budapest",47.4832522,19.1338476,utca,"Halom utca, Kőbánya Városközpont, Óhegy, X. kerület, Budapest, 1105, Magyarország",nominatim/photon,,Óhegy
35468797,"108 Keresztúri út, 1106 Budapest",47.4910864,19.1709441,hazszam,"Avia, 108/a, Keresztúri út, MÁV-telep, Felsőrákos, X. kerület, Budapest, 1106, Magyarország",nominatim/photon,108.0,Felsőrákos
35470729,"6 Gyógyszergyári utca, 1106 Budapest",47.4981391,19.1407571,hazszam,"K1, 6, Gyógyszergyári utca, Kincsem Lakópark, Felsőrákos, X. kerület, Budapest, 1106, Magyarország",nominatim/photon,6.0,Felsőrákos
35472239,"46 Füzér utca, 1102 Budapest",47.4881399,19.1265867,hazszam,"46, Füzér utca, Ligettelek, X. kerület, Budapest, 1102, Magyarország",nominatim/photon,46.0,Ligettelek
35476226,"Szárnyas utca, 1107 Budapest",47.4677585,19.1212839,utca,"Szárnyas utca, Gyárdűlő, X. kerület, Budapest, 1107, Magyarország",nominatim/photon,,Gyárdűlő
35476419,"Téglagyárdűlő, 1106 Budapest",47.4834581,19.1688594,utca,"Téglagyárdűlő, X. kerület, Budapest, Magyarország",nominatim/photon,,Téglagyárdűlő
35477796,"Keresztúri út, 1106 Budapest",47.5008487,19.1535699,utca,"Keresztúri út, Felsőrákos, X. kerület, Budapest, 1106, Magyarország",nominatim/photon,,Felsőrákos
35480248,"Gyógyszergyári utca, 1106 Budapest",47.4977993,19.1441204,utca,"Gyógyszergyári utca, Gyakorló utcai lakótelep, Felsőrákos, X. kerület, Budapest, 1106, Magyarország",nominatim/photon,,Felsőrákos
35480949,"128 Gyömrői út, 1103 Budapest",47.4644852,19.1595928,hazszam,"128, Gyömrői út, Újhegy, X. kerület, Budapest, 1103, Magyarország",nominatim/photon,128.0,Újhegy
35482831,"Kőbánya - Újhegy, 1108 Budapest",47.4691191,19.1617088,utca,"Éltes Mátyás Általános Iskola és Kollégium, 9-11, Újhegyi sétány, Újhegy, X. kerület, Budapest, 1108, Magyarország",nominatim/photon,,Újhegy
35484217,"4 Gyakorló utca, 1106 Budapest",47.5017739,19.1391076,hazszam,"4/d, Gyakorló utca, Gyakorló utcai lakótelep, Felsőrákos, X. kerület, Budapest, 1106, Magyarország",nominatim/photon,4.0,Felsőrákos
35484631,"6 Gyógyszergyári utca, 1106 Budapest",47.4981391,19.1407571,hazszam,"K1, 6, Gyógyszergyári utca, Kincsem Lakópark, Felsőrákos, X. kerület, Budapest, 1106, Magyarország",nominatim/photon,6.0,Felsőrákos
35485221,"Noszlopy utca, 1103 Budapest",47.4735008,19.1502693,utca,"Noszlopy utca, Óhegyi lakótelep, Külső Kőbánya, Óhegy, X. kerület, Budapest, 1103, Magyarország",nominatim/photon,,Óhegy
35486222,"Jászberényi út, 1106 Budapest",47.4898498,19.1580024,utca,"Jászberényi út, Felsőrákos, X. kerület, Budapest, 1106, Magyarország",nominatim/photon,,Felsőrákos
35486558,"Gyógyszergyári utca, 1106 Budapest",47.4977993,19.1441204,utca,"Gyógyszergyári utca, Gyakorló utcai lakótelep, Felsőrákos, X. kerület, Budapest, 1106, Magyarország",nominatim/photon,,Felsőrákos
35487926,"25 Maglódi út, 1106 Budapest",47.4852,19.1546,hazszam,"Patronbolt.hu, 25, Maglódi út, Óhegy, X. kerület, Budapest, 1106, Magyarország",nominatim/photon,25.0,Óhegy
35490724,"Szárnyas utca, 1107 Budapest",47.4677585,19.1212839,utca,"Szárnyas utca, Gyárdűlő, X. kerület, Budapest, 1107, Magyarország",nominatim/photon,,Gyárdűlő
35490999,"Gyógyszergyári utca, 1106 Budapest",47.4977993,19.1441204,utca,"Gyógyszergyári utca, Gyakorló utcai lakótelep, Felsőrákos, X. kerület, Budapest, 1106, Magyarország",nominatim/photon,,Felsőrákos
35491005,"Gyógyszergyári utca, 1106 Budapest",47.4977993,19.1441204,utca,"Gyógyszergyári utca, Gyakorló utcai lakótelep, Felsőrákos, X. kerület, Budapest, 1106, Magyarország",nominatim/photon,,Felsőrákos
35493182,"8 Gyógyszergyári utca, 1106 Budapest",47.4983016,19.14218,hazszam,"K2, 8, Gyógyszergyári utca, Kincsem Lakópark, Felsőrákos, X. kerület, Budapest, 1106, Magyarország",nominatim/photon,8.0,Felsőrákos
35493734,"Szárnyas utca, 1107 Budapest",47.4677585,19.1212839,utca,"Szárnyas utca, Gyárdűlő, X. kerület, Budapest, 1107, Magyarország",nominatim/photon,,Gyárdűlő
35495587,"Noszlopy utca, 1103 Budapest",47.4735008,19.1502693,utca,"Noszlopy utca, Óhegyi lakótelep, Külső Kőbánya, Óhegy, X. kerület, Budapest, 1103, Magyarország",nominatim/photon,,Óhegy
35496353,"Lenfonó utca, 1108 Budapest",47.4712382,19.1593693,utca,"Lenfonó utca, Újhegy, X. kerület, Budapest, 1108, Magyarország",nominatim/photon,,Újhegy
35500957,"Gyógyszergyári utca, 1106 Budapest",47.4977993,19.1441204,utca,"Gyógyszergyári utca, Gyakorló utcai lakótelep, Felsőrákos, X. kerület, Budapest, 1106, Magyarország",nominatim/photon,,Felsőrákos
35503316,"6D Kőrösi Csoma Sándor út, 1102 Budapest",47.4836143,19.1307703,hazszam,"6/D, Kőrösi Csoma Sándor út, Kőbánya Városközpont, Óhegy, X. kerület, Budapest, 1102, Magyarország",nominatim/photon,6.0,Óhegy
35504765,"Gergely utca, 1103 Budapest",47.4766075,19.1399217,utca,"Gergely utca, Óhegyi lakótelep, Külső Kőbánya, Óhegy, X. kerület, Budapest, 1103, Magyarország",nominatim/photon,,Óhegy
35505222,"Paprika utca, 1106 Budapest",47.4958913,19.1625086,utca,"Paprika utca, MÁV-telep, Felsőrákos, X. kerület, Budapest, 1106, Magyarország",nominatim/photon,,Felsőrákos
35505839,"10 Gyógyszergyári utca, 1106 Budapest",47.4984644,19.1435834,hazszam,"K3, 10, Gyógyszergyári utca, Kincsem Lakópark, Felsőrákos, X. kerület, Budapest, 1106, Magyarország",nominatim/photon,10.0,Felsőrákos
35506321,"Ligettelek, 1101 Budapest",47.493646,19.1300619,utca,"Ligettelek, X. kerület, Budapest, 1102, Magyarország",nominatim/photon,,Ligettelek
35506370,"3 Nyitra utca, 1105 Budapest",47.4882202,19.1399908,hazszam,"3, Nyitra utca, Kőbánya Városközpont, Óhegy, X. kerület, Budapest, 1105, Magyarország",nominatim/photon,3.0,Óhegy
35507913,"13 Lavotta utca, 1104 Budapest",47.4719887,19.1742163,hazszam,Budapesti Fegyház és Börtön,nominatim/photon,13.0,Keresztúridűlő
35509044,"Kőér utca, 1103 Budapest",47.4675109,19.1270288,utca,"Kőér utca, Kúttó, X. kerület, Budapest, 1103, Magyarország",nominatim/photon,,Kúttó
35509879,"Keresztúri út, 1106 Budapest",47.5008487,19.1535699,utca,"Keresztúri út, Felsőrákos, X. kerület, Budapest, 1106, Magyarország",nominatim/photon,,Felsőrákos
35510019,"Gyógyszergyári utca, 1106 Budapest",47.4977993,19.1441204,utca,"Gyógyszergyári utca, Gyakorló utcai lakótelep, Felsőrákos, X. kerület, Budapest, 1106, Magyarország",nominatim/photon,,Felsőrákos
35511177,"Mongol utca, 1105 Budapest",47.4787722,19.1318437,utca,"Mongol utca, Kőbánya Városközpont, Óhegy, X. kerület, Budapest, 1105, Magyarország",nominatim/photon,,Óhegy
35519231,"17 Bihari utca, 1107 Budapest",47.4756843,19.1190352,hazszam,"Fogászat, 17, Bihari utca, Gyárdűlő, X. kerület, Budapest, 1107, Magyarország",nominatim/photon,17.0,Gyárdűlő
35520137,"Kőbányai út 43/B, 1101 Budapest",47.4847988,19.1127776,utca,"43/B, Kőbányai út, Taraliget lakópark, Népliget, X. kerület, Budapest, 1101, Magyarország",nominatim/photon,,Népliget
35521671,"Gyógyszergyári utca, 1106 Budapest",47.4977993,19.1441204,utca,"Gyógyszergyári utca, Gyakorló utcai lakótelep, Felsőrákos, X. kerület, Budapest, 1106, Magyarország",nominatim/photon,,Felsőrákos
35522694,"Száva utca, 1107 Budapest",47.4696019,19.1246014,utca,"Száva utca, Kúttó, X. kerület, Budapest, 1107, Magyarország",nominatim/photon,,Kúttó
35522867,"Szentimrey utca, 1104 Budapest",47.4778435,19.1630873,utca,"Szentimrey utca, Óhegy, X. kerület, Budapest, 1104, Magyarország",nominatim/photon,,Óhegy
35522964,"Gyömrői út, 1103 Budapest",47.4724291,19.1387493,utca,"Gyömrői út, Külső Kőbánya, Óhegy, X. kerület, Budapest, 1103, Magyarország",nominatim/photon,,Óhegy
35529457,"Felsőrákos, 1106 Budapest",47.4953772,19.1746318,utca,"Felsőrákos, X. kerület, Budapest, 1106, Magyarország",nominatim/photon,,Felsőrákos
35530582,"Gyógyszergyári utca, 1106 Budapest",47.4977993,19.1441204,utca,"Gyógyszergyári utca, Gyakorló utcai lakótelep, Felsőrákos, X. kerület, Budapest, 1106, Magyarország",nominatim/photon,,Felsőrákos
35530997,"8 Gyógyszergyári utca, 1106 Budapest",47.4983016,19.14218,hazszam,"K2, 8, Gyógyszergyári utca, Kincsem Lakópark, Felsőrákos, X. kerület, Budapest, 1106, Magyarország",nominatim/photon,8.0,Felsőrákos
35531848,"Kőbánya - Óhegy, 1103 Budapest",47.4820541,19.132346,utca,"Budapest-Kőbányai evangélikus templom, 14, Kápolna utca, Kőbánya Városközpont, Óhegy, X. kerület, Budapest, 1102, Magyarország",nominatim/photon,,Óhegy
35534558,"Népliget, 1101 Budapest",47.4787886,19.108735,utca,"Népliget, X. kerület, Budapest, 1101, Magyarország",nominatim/photon,,Népliget
35534971,"18 Gyakorló utca, 1106 Budapest",47.5021087,19.1441758,hazszam,"18, Gyakorló utca, Gyakorló utcai lakótelep, Felsőrákos, X. kerület, Budapest, 1106, Magyarország",nominatim/photon,18.0,Felsőrákos
35535520,"Gém utca 2/b, 1107 Budapest",47.4715207,19.1217567,utca,"Metrodom Park A, 2/b, Gém utca, Gyárdűlő, X. kerület, Budapest, 1107, Magyarország",nominatim/photon,,Gyárdűlő
35536798,"Maglódi út, 1106 Budapest",47.4805817,19.1614707,utca,"Maglódi út, Téglagyárdűlő, X. kerület, Budapest, 1106, Magyarország",nominatim/photon,,Téglagyárdűlő
35537776,"Gyógyszergyári utca, 1106 Budapest",47.4977993,19.1441204,utca,"Gyógyszergyári utca, Gyakorló utcai lakótelep, Felsőrákos, X. kerület, Budapest, 1106, Magyarország",nominatim/photon,,Felsőrákos
35538249,"6 Gyógyszergyári utca, 1106 Budapest",47.4981391,19.1407571,hazszam,"K1, 6, Gyógyszergyári utca, Kincsem Lakópark, Felsőrákos, X. kerület, Budapest, 1106, Magyarország",nominatim/photon,6.0,Felsőrákos
35539920,"4-6 Somfa utca, 1107 Budapest",47.4733373,19.1189157,hazszam,"4-6, Somfa utca, Gyárdűlő, X. kerület, Budapest, 1107, Magyarország",nominatim/photon,4.0,Gyárdűlő
35540548,"Csilla utca, 1101 Budapest",47.4892637,19.1195622,utca,"Csilla utca, Pongrácz úti lakótelep, Laposdűlő, X. kerület, Budapest, 1101, Magyarország",nominatim/photon,,Laposdűlő
35541471,"Gyárdűlő, 1107 Budapest",47.4754656,19.1221648,utca,"Gyárdűlő, X. kerület, Budapest, 1107, Magyarország",nominatim/photon,,Gyárdűlő
35541519,"Nyitra utca, 1105 Budapest",47.4883848,19.1399742,utca,"Nyitra utca, Kőbánya Városközpont, Óhegy, X. kerület, Budapest, 1105, Magyarország",nominatim/photon,,Óhegy
35542943,"Örmény utca, 1103 Budapest",47.4744161,19.1368926,utca,"Örmény utca, Külső Kőbánya, Óhegy, X. kerület, Budapest, 1103, Magyarország",nominatim/photon,,Óhegy
35543085,"Gyakorló utca, 1106 Budapest",47.5018325,19.1436801,utca,"Gyakorló utca, Gyakorló utcai lakótelep, Felsőrákos, X. kerület, Budapest, 1106, Magyarország",nominatim/photon,,Felsőrákos
35543267,"8 Gyógyszergyári utca, 1106 Budapest",47.4983016,19.14218,hazszam,"K2, 8, Gyógyszergyári utca, Kincsem Lakópark, Felsőrákos, X. kerület, Budapest, 1106, Magyarország",nominatim/photon,8.0,Felsőrákos
35543977,"54 Kőbányai út, 1101 Budapest",47.4833261,19.1242989,hazszam,"54, Kőbányai út, Nagy-Pongrác telep, Laposdűlő, X. kerület, Budapest, 1101, Magyarország",nominatim/photon,54.0,Laposdűlő
35544934,"Liget utca, 1102 Budapest",47.4880311,19.1300336,utca,"Liget utca, Ligettelek, X. kerület, Budapest, 1102, Magyarország",nominatim/photon,,Ligettelek
35547637,"10 Gyógyszergyári utca, 1106 Budapest",47.4984644,19.1435834,hazszam,"K3, 10, Gyógyszergyári utca, Kincsem Lakópark, Felsőrákos, X. kerület, Budapest, 1106, Magyarország",nominatim/photon,10.0,Felsőrákos
35547847,"10 Fehér út, 1106 Budapest",47.5005879,19.1382409,hazszam,"10, Fehér út, Felsőrákos, X. kerület, Budapest, 1106, Magyarország",nominatim/photon,10.0,Felsőrákos
35548944,"6 Gyógyszergyári utca, 1106 Budapest",47.4981391,19.1407571,hazszam,"K1, 6, Gyógyszergyári utca, Kincsem Lakópark, Felsőrákos, X. kerület, Budapest, 1106, Magyarország",nominatim/photon,6.0,Felsőrákos
35549280,"138 Üllői út, 1101 Budapest",47.467372,19.121703,hazszam,"138, Üllői út, József Attila-lakótelep, IX. kerület, Budapest, 1107, Magyarország",nominatim/photon,138.0,József Attila-lakótelep
35552038,"Somfa utca, 1107 Budapest",47.4734813,19.1196032,utca,"Somfa utca, Gyárdűlő, X. kerület, Budapest, 1107, Magyarország",nominatim/photon,,Gyárdűlő
35552371,"6 Gyógyszergyári utca, 1106 Budapest",47.4981391,19.1407571,hazszam,"K1, 6, Gyógyszergyári utca, Kincsem Lakópark, Felsőrákos, X. kerület, Budapest, 1106, Magyarország",nominatim/photon,6.0,Felsőrákos
35552588,"9 Mázsa utca, 1107 Budapest",47.4783313,19.1287247,hazszam,"9, Mázsa utca, Monori Center Chinatown, Gyárdűlő, X. kerület, Budapest, 1107, Magyarország",nominatim/photon,9.0,Gyárdűlő
35554567,"6 Kőrösi Csoma Sándor út, 1102 Budapest",47.4831286,19.1304444,hazszam,"6/A, Kőrösi Csoma Sándor út, Kőbánya Városközpont, Óhegy, X. kerület, Budapest, 1102, Magyarország",nominatim/photon,6.0,Óhegy
35554993,"12 Gyógyszergyári utca, 1106 Budapest",47.4986235,19.1449682,hazszam,"K4, 12, Gyógyszergyári utca, Kincsem Lakópark, Felsőrákos, X. kerület, Budapest, 1106, Magyarország",nominatim/photon,12.0,Felsőrákos
35555608,"Kada utca, 1106 Budapest",47.4818406,19.1572166,utca,"Kada utca, Óhegy, X. kerület, Budapest, 1106, Magyarország",nominatim/photon,,Óhegy
35555786,"Kozma utca, 1108 Budapest",47.4796704,19.1777153,utca,"Kozma utca, Téglagyárdűlő, X. kerület, Budapest, 1108, Magyarország",nominatim/photon,,Téglagyárdűlő
35556202,"Mélytó utca, 1108 Budapest",47.4687042,19.1639349,utca,"Mélytó utca, Újhegy, X. kerület, Budapest, 1108, Magyarország",nominatim/photon,,Újhegy
35556406,"Újhegyi út, 1108 Budapest",47.4697455,19.1723365,utca,"Újhegyi út, Újhegy, X. kerület, Budapest, 1108, Magyarország",nominatim/photon,,Újhegy
35557144,"10 Gyógyszergyári utca, 1106 Budapest",47.4984644,19.1435834,hazszam,"K3, 10, Gyógyszergyári utca, Kincsem Lakópark, Felsőrákos, X. kerület, Budapest, 1106, Magyarország",nominatim/photon,10.0,Felsőrákos
35558041,"21 Kada utca, 1106 Budapest",47.4718619,19.142494,hazszam,"21, Kada utca, Óhegyi lakótelep, Külső Kőbánya, Óhegy, X. kerület, Budapest, 1103, Magyarország",nominatim/photon,21.0,Óhegy
35558628,"Gém utca, 1107 Budapest",47.4709565,19.1216348,utca,"Gém utca, Gyárdűlő, X. kerület, Budapest, 1107, Magyarország",nominatim/photon,,Gyárdűlő
35558980,"Gyógyszergyári utca, 1106 Budapest",47.4977993,19.1441204,utca,"Gyógyszergyári utca, Gyakorló utcai lakótelep, Felsőrákos, X. kerület, Budapest, 1106, Magyarország",nominatim/photon,,Felsőrákos
35559253,"Cserkesz utca, 1105 Budapest",47.4779712,19.1342686,utca,"Cserkesz utca, Kőbánya Városközpont, Óhegy, X. kerület, Budapest, 1105, Magyarország",nominatim/photon,,Óhegy
35559275,"Kőrösi Csoma sétány, 1102 Budapest",47.4836523,19.1295197,utca,"Kőrösi Csoma sétány, Ligettelek, X. kerület, Budapest, 1102, Magyarország",nominatim/photon,,Ligettelek
35561748,"Gyógyszergyári utca, 1106 Budapest",47.4977993,19.1441204,utca,"Gyógyszergyári utca, Gyakorló utcai lakótelep, Felsőrákos, X. kerület, Budapest, 1106, Magyarország",nominatim/photon,,Felsőrákos
35561976,"Gyakorló utca, 1106 Budapest",47.5018325,19.1436801,utca,"Gyakorló utca, Gyakorló utcai lakótelep, Felsőrákos, X. kerület, Budapest, 1106, Magyarország",nominatim/photon,,Felsőrákos
35562252,"16 Szárnyas utca, 1107 Budapest",47.4683464,19.1209359,hazszam,"16, Szárnyas utca, Gyárdűlő, X. kerület, Budapest, 1107, Magyarország",nominatim/photon,16.0,Gyárdűlő
35562646,"Gyakorló utca, 1106 Budapest",47.5018325,19.1436801,utca,"Gyakorló utca, Gyakorló utcai lakótelep, Felsőrákos, X. kerület, Budapest, 1106, Magyarország",nominatim/photon,,Felsőrákos
35565867,"Gyógyszergyári utca, 1106 Budapest",47.4977993,19.1441204,utca,"Gyógyszergyári utca, Gyakorló utcai lakótelep, Felsőrákos, X. kerület, Budapest, 1106, Magyarország",nominatim/photon,,Felsőrákos
35566125,"12 Gyógyszergyári utca, 1106 Budapest",47.4986235,19.1449682,hazszam,"K4, 12, Gyógyszergyári utca, Kincsem Lakópark, Felsőrákos, X. kerület, Budapest, 1106, Magyarország",nominatim/photon,12.0,Felsőrákos
35566892,"126 Üllői út, 1101 Budapest",47.4693458,19.1163228,hazszam,"126, Üllői út, Gyárdűlő, X. kerület, Budapest, 1107, Magyarország",nominatim/photon,126.0,Gyárdűlő
35567851,"16 Szárnyas utca, 1107 Budapest",47.4683464,19.1209359,hazszam,"16, Szárnyas utca, Gyárdűlő, X. kerület, Budapest, 1107, Magyarország",nominatim/photon,16.0,Gyárdűlő
35568086,"Gyakorló utca, 1106 Budapest",47.5018325,19.1436801,utca,"Gyakorló utca, Gyakorló utcai lakótelep, Felsőrákos, X. kerület, Budapest, 1106, Magyarország",nominatim/photon,,Felsőrákos
35573553,"4 Gém utca, 1107 Budapest",47.4707485,19.121164,hazszam,"Metrodom Park C, 4, Gém utca, Gyárdűlő, X. kerület, Budapest, 1107, Magyarország",nominatim/photon,4.0,Gyárdűlő
35575433,"Zsombék utca, 1108 Budapest",47.4723763,19.1668831,utca,"Zsombék utca, Újhegy, X. kerület, Budapest, 1108, Magyarország",nominatim/photon,,Újhegy
35575455,"75 Maglódi út, 1106 Budapest",47.4801341,19.1615472,hazszam,"75/a, Maglódi út, Óhegy, X. kerület, Budapest, 1104, Magyarország",nominatim/photon,75.0,Óhegy
35575489,"Gyógyszergyári utca, 1106 Budapest",47.4977993,19.1441204,utca,"Gyógyszergyári utca, Gyakorló utcai lakótelep, Felsőrákos, X. kerület, Budapest, 1106, Magyarország",nominatim/photon,,Felsőrákos
35575651,"5 Gyakorló köz, 1106 Budapest",47.5027838,19.1420877,hazszam,"5, Gyakorló köz, Gyakorló utcai lakótelep, Felsőrákos, X. kerület, Budapest, 1106, Magyarország",nominatim/photon,5.0,Felsőrákos
35575731,"Ceglédi út 28/A, 1107 Budapest",47.4726868,19.1204986,utca,"Ceglédi út, Gyárdűlő, X. kerület, Budapest, 1107, Magyarország",nominatim/photon,,Gyárdűlő
35575749,"Ceglédi út 28/A, 1107 Budapest",47.4726868,19.1204986,utca,"Ceglédi út, Gyárdűlő, X. kerület, Budapest, 1107, Magyarország",nominatim/photon,,Gyárdűlő
35576637,"25 Maglódi út, 1106 Budapest",47.4852,19.1546,hazszam,"Patronbolt.hu, 25, Maglódi út, Óhegy, X. kerület, Budapest, 1106, Magyarország",nominatim/photon,25.0,Óhegy
35577196,"6 Gyógyszergyári utca, 1106 Budapest",47.4981391,19.1407571,hazszam,"K1, 6, Gyógyszergyári utca, Kincsem Lakópark, Felsőrákos, X. kerület, Budapest, 1106, Magyarország",nominatim/photon,6.0,Felsőrákos
35577629,"Üllői köz, 1101 Budapest",47.4706653,19.1143223,utca,"Üllői köz, Gyárdűlő, X. kerület, Budapest, 1107, Magyarország",nominatim/photon,,Gyárdűlő
35578446,"10 Gyógyszergyári utca, 1106 Budapest",47.4984644,19.1435834,hazszam,"K3, 10, Gyógyszergyári utca, Kincsem Lakópark, Felsőrákos, X. kerület, Budapest, 1106, Magyarország",nominatim/photon,10.0,Felsőrákos
35579337,"Dömsödi utca, 1106 Budapest",47.5046612,19.1661624,utca,"Dömsödi utca, Felsőrákos, X. kerület, Budapest, 1106, Magyarország",nominatim/photon,,Felsőrákos
35580349,"Gyógyszergyári utca, 1106 Budapest",47.4977993,19.1441204,utca,"Gyógyszergyári utca, Gyakorló utcai lakótelep, Felsőrákos, X. kerület, Budapest, 1106, Magyarország",nominatim/photon,,Felsőrákos
35581803,"Hang utca, 1108 Budapest",47.4709562,19.1664476,utca,"Hang utca, Újhegy, X. kerület, Budapest, 1108, Magyarország",nominatim/photon,,Újhegy
35582920,"5 Vasgyár utca, 1103 Budapest",47.4671291,19.1464439,hazszam,"Építészeti Üveg Kft., 5, Vasgyár utca, Külső Kőbánya, Óhegy, X. kerület, Budapest, 1103, Magyarország",nominatim/photon,5.0,Óhegy
35583352,"Újhegyi út, 1108 Budapest",47.4697455,19.1723365,utca,"Újhegyi út, Újhegy, X. kerület, Budapest, 1108, Magyarország",nominatim/photon,,Újhegy
35584689,"Gergely utca, 1108 Budapest",47.4672745,19.1571777,utca,"Gergely utca, Újhegy, X. kerület, Budapest, 1108, Magyarország",nominatim/photon,,Újhegy
35584741,"Gém utca, 1107 Budapest",47.4709565,19.1216348,utca,"Gém utca, Gyárdűlő, X. kerület, Budapest, 1107, Magyarország",nominatim/photon,,Gyárdűlő
35586055,"Gyárdűlői lakótelep, 1107 Budapest",47.4754656,19.1221648,utca,Gyárdűlő,nominatim/photon,,
35586438,"Liget utca, 1102 Budapest",47.4880311,19.1300336,utca,"Liget utca, Ligettelek, X. kerület, Budapest, 1102, Magyarország",nominatim/photon,,Ligettelek
35588574,"Alkér utca, 1104 Budapest",47.4771294,19.1467211,utca,"Alkér utca, Óhegyi lakótelep, Külső Kőbánya, Óhegy, X. kerület, Budapest, 1104, Magyarország",nominatim/photon,,Óhegy
35588586,"Kőbányai út 45/A, 1101 Budapest",47.4862363,19.1085455,utca,"Kőbányai út, Taraliget lakópark, Népliget, Laposdűlő, X. kerület, Budapest, 1101, Magyarország",nominatim/photon,,Népliget
35588704,"33 Alkér utca, 1104 Budapest",47.4783434,19.1576746,hazszam,,nominatim/photon,33.0,Óhegy
35589507,"Felsőrákos, 1106 Budapest",47.4953772,19.1746318,utca,"Felsőrákos, X. kerület, Budapest, 1106, Magyarország",nominatim/photon,,Felsőrákos
35590108,"Hungária körút, 1101 Budapest",47.4973698,19.1090927,utca,"Hungária körút, Laposdűlő, X. kerület, Budapest, 1101, Magyarország",nominatim/photon,,Laposdűlő
35590325,"21 Hölgy utca, 1102 Budapest",47.4867299,19.1267102,hazszam,"21, Hölgy utca, Ligettelek, X. kerület, Budapest, 1102, Magyarország",nominatim/photon,21.0,Ligettelek
35590549,"Gyógyszergyári utca, 1106 Budapest",47.4977993,19.1441204,utca,"Gyógyszergyári utca, Gyakorló utcai lakótelep, Felsőrákos, X. kerület, Budapest, 1106, Magyarország",nominatim/photon,,Felsőrákos
35590825,"Gém utca, 1107 Budapest",47.4709565,19.1216348,utca,"Gém utca, Gyárdűlő, X. kerület, Budapest, 1107, Magyarország",nominatim/photon,,Gyárdűlő
35590837,"Gyógyszergyári utca, 1106 Budapest",47.4977993,19.1441204,utca,"Gyógyszergyári utca, Gyakorló utcai lakótelep, Felsőrákos, X. kerület, Budapest, 1106, Magyarország",nominatim/photon,,Felsőrákos
35591283,"Kápolna utca, 1102 Budapest",47.4820688,19.1314417,utca,"Kápolna utca, Kőbánya Városközpont, Óhegy, X. kerület, Budapest, 1102, Magyarország",nominatim/photon,,Óhegy
35591437,"Gyakorló utca, 1106 Budapest",47.5018325,19.1436801,utca,"Gyakorló utca, Gyakorló utcai lakótelep, Felsőrákos, X. kerület, Budapest, 1106, Magyarország",nominatim/photon,,Felsőrákos
35591451,"Gyakorló köz, 1106 Budapest",47.5024404,19.1420305,utca,"Gyakorló köz, Gyakorló utcai lakótelep, Felsőrákos, X. kerület, Budapest, 1106, Magyarország",nominatim/photon,,Felsőrákos
35591458,"Gyakorló utca, 1106 Budapest",47.5018325,19.1436801,utca,"Gyakorló utca, Gyakorló utcai lakótelep, Felsőrákos, X. kerület, Budapest, 1106, Magyarország",nominatim/photon,,Felsőrákos
35591870,"6 Gyógyszergyári utca, 1106 Budapest",47.4981391,19.1407571,hazszam,"K1, 6, Gyógyszergyári utca, Kincsem Lakópark, Felsőrákos, X. kerület, Budapest, 1106, Magyarország",nominatim/photon,6.0,Felsőrákos
35592074,"8 Gyógyszergyári utca, 1106 Budapest",47.4983016,19.14218,hazszam,"K2, 8, Gyógyszergyári utca, Kincsem Lakópark, Felsőrákos, X. kerület, Budapest, 1106, Magyarország",nominatim/photon,8.0,Felsőrákos
35592858,"Vasgyár utca, 1103 Budapest",47.4666012,19.1456543,utca,"Vasgyár utca, Külső Kőbánya, Óhegy, X. kerület, Budapest, 1103, Magyarország",nominatim/photon,,Óhegy
35593478,"2 Mádi utca, 1105 Budapest",47.4902621,19.1389045,hazszam,"2/B, Mádi utca, Kőbánya Városközpont, Óhegy, X. kerület, Budapest, 1105, Magyarország",nominatim/photon,2.0,Óhegy
35593842,"Gém utca, 1107 Budapest",47.4709565,19.1216348,utca,"Gém utca, Gyárdűlő, X. kerület, Budapest, 1107, Magyarország",nominatim/photon,,Gyárdűlő
35594157,"8 Agyagfejtő utca, 1108 Budapest",47.4721833,19.1619928,hazszam,"8, Agyagfejtő utca, Újhegy, X. kerület, Budapest, 1108, Magyarország",nominatim/photon,8.0,Újhegy
35594983,"Hungária körút, 1101 Budapest",47.4973698,19.1090927,utca,"Hungária körút, Laposdűlő, X. kerület, Budapest, 1101, Magyarország",nominatim/photon,,Laposdűlő
35595997,"Vaskő utca, 1101 Budapest",47.485,19.1218803,utca,"Vaskő utca, Nagy-Pongrác telep, Laposdűlő, X. kerület, Budapest, 1101, Magyarország",nominatim/photon,,Laposdűlő
35596595,"160 Harmat utca, 1104 Budapest",47.4747217,19.1598588,hazszam,"160, Harmat utca, Óhegy, X. kerület, Budapest, 1104, Magyarország",nominatim/photon,160.0,Óhegy
35598079,"Makk utca, 1107 Budapest",47.474174,19.1185644,utca,"Makk utca, Gyárdűlő, X. kerület, Budapest, 1107, Magyarország",nominatim/photon,,Gyárdűlő
35598424,"Gyógyszergyári utca, 1106 Budapest",47.4977993,19.1441204,utca,"Gyógyszergyári utca, Gyakorló utcai lakótelep, Felsőrákos, X. kerület, Budapest, 1106, Magyarország",nominatim/photon,,Felsőrákos
35598441,"Gyógyszergyári utca, 1106 Budapest",47.4977993,19.1441204,utca,"Gyógyszergyári utca, Gyakorló utcai lakótelep, Felsőrákos, X. kerület, Budapest, 1106, Magyarország",nominatim/photon,,Felsőrákos
35599337,"Gém utca, 1107 Budapest",47.4709565,19.1216348,utca,"Gém utca, Gyárdűlő, X. kerület, Budapest, 1107, Magyarország",nominatim/photon,,Gyárdűlő
35599458,"120 Gyömrői út, 1103 Budapest",47.4646673,19.1587027,hazszam,"Robert Bosch Kft., 120, Gyömrői út, Újhegy, X. kerület, Budapest, 1103, Magyarország",nominatim/photon,120.0,Újhegy
35600402,"Lavotta utca, 1104 Budapest",47.479094,19.1612765,utca,"Lavotta utca, Óhegy, X. kerület, Budapest, 1104, Magyarország",nominatim/photon,,Óhegy
35601479,"43B Kőbányai út, 1101 Budapest",47.4847988,19.1127776,hazszam,"43/B, Kőbányai út, Taraliget lakópark, Népliget, X. kerület, Budapest, 1101, Magyarország",nominatim/photon,43.0,Népliget
35601561,"Jegenye utca, 1107 Budapest",47.4780514,19.1279211,utca,"Jegenye utca, Monori Center Chinatown, Gyárdűlő, X. kerület, Budapest, 1107, Magyarország",nominatim/photon,,Gyárdűlő
35601950,"Gyógyszergyári utca, 1106 Budapest",47.4977993,19.1441204,utca,"Gyógyszergyári utca, Gyakorló utcai lakótelep, Felsőrákos, X. kerület, Budapest, 1106, Magyarország",nominatim/photon,,Felsőrákos
35601995,"Gyógyszergyári utca, 1106 Budapest",47.4977993,19.1441204,utca,"Gyógyszergyári utca, Gyakorló utcai lakótelep, Felsőrákos, X. kerület, Budapest, 1106, Magyarország",nominatim/photon,,Felsőrákos
35602430,"Kőér utca, 1103 Budapest",47.4675109,19.1270288,utca,"Kőér utca, Kúttó, X. kerület, Budapest, 1103, Magyarország",nominatim/photon,,Kúttó
35602460,"Kőbányai út 43/B, 1101 Budapest",47.4847988,19.1127776,utca,"43/B, Kőbányai út, Taraliget lakópark, Népliget, X. kerület, Budapest, 1101, Magyarország",nominatim/photon,,Népliget
35602857,"Gyógyszergyári utca, 1106 Budapest",47.4977993,19.1441204,utca,"Gyógyszergyári utca, Gyakorló utcai lakótelep, Felsőrákos, X. kerület, Budapest, 1106, Magyarország",nominatim/photon,,Felsőrákos
35603080,"8 Gyógyszergyári utca, 1106 Budapest",47.4983016,19.14218,hazszam,"K2, 8, Gyógyszergyári utca, Kincsem Lakópark, Felsőrákos, X. kerület, Budapest, 1106, Magyarország",nominatim/photon,8.0,Felsőrákos
35603212,"4 Pára utca, 1108 Budapest",47.4685994,19.1626628,hazszam,"4, Pára utca, Újhegy, X. kerület, Budapest, 1108, Magyarország",nominatim/photon,4.0,Újhegy
35604560,"Gyógyszergyári utca, 1106 Budapest",47.4977993,19.1441204,utca,"Gyógyszergyári utca, Gyakorló utcai lakótelep, Felsőrákos, X. kerület, Budapest, 1106, Magyarország",nominatim/photon,,Felsőrákos
35604617,"Gyógyszergyári utca, 1106 Budapest",47.4977993,19.1441204,utca,"Gyógyszergyári utca, Gyakorló utcai lakótelep, Felsőrákos, X. kerület, Budapest, 1106, Magyarország",nominatim/photon,,Felsőrákos
35605017,"Gyógyszergyári utca, 1106 Budapest",47.4977993,19.1441204,utca,"Gyógyszergyári utca, Gyakorló utcai lakótelep, Felsőrákos, X. kerület, Budapest, 1106, Magyarország",nominatim/photon,,Felsőrákos
35605029,"Nyitra utca, 1105 Budapest",47.4883848,19.1399742,utca,"Nyitra utca, Kőbánya Városközpont, Óhegy, X. kerület, Budapest, 1105, Magyarország",nominatim/photon,,Óhegy
35605902,"Kőér utca, 1103 Budapest",47.4675109,19.1270288,utca,"Kőér utca, Kúttó, X. kerület, Budapest, 1103, Magyarország",nominatim/photon,,Kúttó
35606401,"39 Kolozsvári utca, 1102 Budapest",47.3950924,19.0047139,hazszam,"Dunapart Abc, 39, Kolozsvári utca, Dunatelep, Nagytétény, XXII. kerület, Budapest, 1225, Magyarország",nominatim/photon,39.0,Nagytétény
35606887,"Szent László tér, 1102 Budapest",47.4871947,19.1312907,utca,"Szent László tér, Ligettelek, X. kerület, Budapest, 1102, Magyarország",nominatim/photon,,Ligettelek
35607337,"Kőér utca, 1103 Budapest",47.4675109,19.1270288,utca,"Kőér utca, Kúttó, X. kerület, Budapest, 1103, Magyarország",nominatim/photon,,Kúttó
35607484,"Kőrösi Csoma Sándor út, 1102 Budapest",47.4865004,19.1327222,utca,"Kőrösi Csoma Sándor út, Ligettelek, X. kerület, Budapest, 1102, Magyarország",nominatim/photon,,Ligettelek
35608019,"Mádi utca, 1105 Budapest",47.4889993,19.1408147,utca,"Mádi utca, Kőbánya Városközpont, Óhegy, X. kerület, Budapest, 1105, Magyarország",nominatim/photon,,Óhegy
35608201,"5 Gépmadár utca, 1106 Budapest",47.5028916,19.1430245,hazszam,"5, Gépmadár utca, Gyakorló utcai lakótelep, Felsőrákos, X. kerület, Budapest, 1106, Magyarország",nominatim/photon,5.0,Felsőrákos
35608251,"Fogadó utca, 1107 Budapest",47.4709396,19.1219559,utca,"Fogadó utca, Metrodom Park, Gyárdűlő, X. kerület, Budapest, 1107, Magyarország",nominatim/photon,,Gyárdűlő
35608313,"10 Gyógyszergyári utca, 1106 Budapest",47.4984644,19.1435834,hazszam,"K3, 10, Gyógyszergyári utca, Kincsem Lakópark, Felsőrákos, X. kerület, Budapest, 1106, Magyarország",nominatim/photon,10.0,Felsőrákos
35608647,"Lavotta utca, 1104 Budapest",47.479094,19.1612765,utca,"Lavotta utca, Óhegy, X. kerület, Budapest, 1104, Magyarország",nominatim/photon,,Óhegy
35608897,"Gém utca, 1107 Budapest",47.4709565,19.1216348,utca,"Gém utca, Gyárdűlő, X. kerület, Budapest, 1107, Magyarország",nominatim/photon,,Gyárdűlő
35609129,"Lavotta utca, 1104 Budapest",47.479094,19.1612765,utca,"Lavotta utca, Óhegy, X. kerület, Budapest, 1104, Magyarország",nominatim/photon,,Óhegy
35611440,"33 Cserkesz utca, 1105 Budapest",47.477904,19.1341764,hazszam,"33, Cserkesz utca, Kőbánya Városközpont, Óhegy, X. kerület, Budapest, 1105, Magyarország",nominatim/photon,33.0,Óhegy
35611886,"8 Gyógyszergyári utca, 1106 Budapest",47.4983016,19.14218,hazszam,"K2, 8, Gyógyszergyári utca, Kincsem Lakópark, Felsőrákos, X. kerület, Budapest, 1106, Magyarország",nominatim/photon,8.0,Felsőrákos
35612094,"Kőbánya - Óhegy, 1103 Budapest",47.4820541,19.132346,utca,"Budapest-Kőbányai evangélikus templom, 14, Kápolna utca, Kőbánya Városközpont, Óhegy, X. kerület, Budapest, 1102, Magyarország",nominatim/photon,,Óhegy
35612219,"Mádi utca, 1108 Budapest",47.4717261,19.1663851,utca,"Mádi utca, Újhegy, X. kerület, Budapest, 1108, Magyarország",nominatim/photon,,Újhegy
35612416,"75 Maglódi út, 1106 Budapest",47.4801341,19.1615472,hazszam,"75/a, Maglódi út, Óhegy, X. kerület, Budapest, 1104, Magyarország",nominatim/photon,75.0,Óhegy
35612737,"6 Gyógyszergyári utca, 1106 Budapest",47.4981391,19.1407571,hazszam,"K1, 6, Gyógyszergyári utca, Kincsem Lakópark, Felsőrákos, X. kerület, Budapest, 1106, Magyarország",nominatim/photon,6.0,Felsőrákos
35612888,"Kada utca, 1106 Budapest",47.4818406,19.1572166,utca,"Kada utca, Óhegy, X. kerület, Budapest, 1106, Magyarország",nominatim/photon,,Óhegy
35613520,"14 Gyógyszergyári utca, 1106 Budapest",47.4987829,19.146355,hazszam,"K5, 14, Gyógyszergyári utca, Kincsem Lakópark, Felsőrákos, X. kerület, Budapest, 1106, Magyarország",nominatim/photon,14.0,Felsőrákos
35613693,"4 Székfűvirág utca, 1103 Budapest",47.4739575,19.1492673,hazszam,"4, Székfűvirág utca, Óhegyi lakótelep, Külső Kőbánya, Óhegy, X. kerület, Budapest, 1103, Magyarország",nominatim/photon,4.0,Óhegy
35614029,"Gyógyszergyári utca, 1106 Budapest",47.4977993,19.1441204,utca,"Gyógyszergyári utca, Gyakorló utcai lakótelep, Felsőrákos, X. kerület, Budapest, 1106, Magyarország",nominatim/photon,,Felsőrákos
35614102,"Gyógyszergyári utca, 1106 Budapest",47.4977993,19.1441204,utca,"Gyógyszergyári utca, Gyakorló utcai lakótelep, Felsőrákos, X. kerület, Budapest, 1106, Magyarország",nominatim/photon,,Felsőrákos
35614434,"Kőbánya - Újhegyi lakótelep, 1108 Budapest",47.4918761,19.1206497,utca,Kőbánya-Teher,nominatim/photon,,Laposdűlő
35614642,"Gyógyszergyári utca, 1106 Budapest",47.4977993,19.1441204,utca,"Gyógyszergyári utca, Gyakorló utcai lakótelep, Felsőrákos, X. kerület, Budapest, 1106, Magyarország",nominatim/photon,,Felsőrákos
35615084,"12 Dombtető utca, 1108 Budapest",47.4724201,19.1646782,hazszam,"12, Dombtető utca, Újhegy, X. kerület, Budapest, 1108, Magyarország",nominatim/photon,12.0,Újhegy
35615148,"Kolozsvári utca, 1102 Budapest",47.4899738,19.1278981,utca,"Kolozsvári utca, Ligettelek, X. kerület, Budapest, 1102, Magyarország",nominatim/photon,,Ligettelek
35615194,"Kolozsvári utca, 1102 Budapest",47.4899738,19.1278981,utca,"Kolozsvári utca, Ligettelek, X. kerület, Budapest, 1102, Magyarország",nominatim/photon,,Ligettelek
35615251,"Gyógyszergyári utca, 1106 Budapest",47.4977993,19.1441204,utca,"Gyógyszergyári utca, Gyakorló utcai lakótelep, Felsőrákos, X. kerület, Budapest, 1106, Magyarország",nominatim/photon,,Felsőrákos
35615358,"Kéknyelű utca, 1104 Budapest",47.4798921,19.1516081,utca,"Kéknyelű utca, Óhegyi lakótelep, Óhegy, X. kerület, Budapest, 1104, Magyarország",nominatim/photon,,Óhegy
35615391,"8 Gyógyszergyári utca, 1106 Budapest",47.4983016,19.14218,hazszam,"K2, 8, Gyógyszergyári utca, Kincsem Lakópark, Felsőrákos, X. kerület, Budapest, 1106, Magyarország",nominatim/photon,8.0,Felsőrákos
35615479,"Kőbányai út, 1101 Budapest",47.4856054,19.1109997,utca,"Kőbányai út, Taraliget lakópark, Népliget, X. kerület, Budapest, 1101, Magyarország",nominatim/photon,,Népliget
35615929,"Bolgár utca, 1105 Budapest",47.4802455,19.1328259,utca,"Bolgár utca, Kőbánya Városközpont, Óhegy, X. kerület, Budapest, 1105, Magyarország",nominatim/photon,,Óhegy
35616052,"Kápolna utca, 1102 Budapest",47.4820688,19.1314417,utca,"Kápolna utca, Kőbánya Városközpont, Óhegy, X. kerület, Budapest, 1102, Magyarország",nominatim/photon,,Óhegy
35616235,"Kőrösi Csoma Sándor út, 1102 Budapest",47.4865004,19.1327222,utca,"Kőrösi Csoma Sándor út, Ligettelek, X. kerület, Budapest, 1102, Magyarország",nominatim/photon,,Ligettelek
35616440,"Gyógyszergyári utca, 1106 Budapest",47.4977993,19.1441204,utca,"Gyógyszergyári utca, Gyakorló utcai lakótelep, Felsőrákos, X. kerület, Budapest, 1106, Magyarország",nominatim/photon,,Felsőrákos
35616455,"Fokos utca, 1107 Budapest",47.4790133,19.1227516,utca,"Fokos utca, Monori Center Chinatown, Gyárdűlő, X. kerület, Budapest, 1107, Magyarország",nominatim/photon,,Gyárdűlő
35616710,"Gyógyszergyári utca, 1106 Budapest",47.4977993,19.1441204,utca,"Gyógyszergyári utca, Gyakorló utcai lakótelep, Felsőrákos, X. kerület, Budapest, 1106, Magyarország",nominatim/photon,,Felsőrákos
35617113,"51-53 Gyömrői út, 1103 Budapest",47.5003946,19.1125655,hazszam,,nominatim/photon,51.0,Laposdűlő
35617423,"Laposdűlő - Pongrácz úti lakótelep, 1101 Budapest",47.4899521,19.1197096,utca,Pongrácz úti lakótelep,nominatim/photon,,Laposdűlő
35618323,"Gyakorló köz, 1106 Budapest",47.5024404,19.1420305,utca,"Gyakorló köz, Gyakorló utcai lakótelep, Felsőrákos, X. kerület, Budapest, 1106, Magyarország",nominatim/photon,,Felsőrákos
35618952,"Hungária körút, 1101 Budapest",47.4973698,19.1090927,utca,"Hungária körút, Laposdűlő, X. kerület, Budapest, 1101, Magyarország",nominatim/photon,,Laposdűlő
35619095,"Sibrik Miklós út, 1108 Budapest",47.4764872,19.1645243,utca,"Sibrik Miklós út, Újhegy, X. kerület, Budapest, 1108, Magyarország",nominatim/photon,,Újhegy
35619312,"22 Ihász utca, 1103 Budapest",47.4804871,19.1362331,hazszam,"22, Ihász utca, Kőbánya Városközpont, Óhegy, X. kerület, Budapest, 1105, Magyarország",nominatim/photon,22.0,Óhegy
35619891,"Szárnyas utca, 1107 Budapest",47.4677585,19.1212839,utca,"Szárnyas utca, Gyárdűlő, X. kerület, Budapest, 1107, Magyarország",nominatim/photon,,Gyárdűlő
35619965,"Hungária körút, 1101 Budapest",47.4973698,19.1090927,utca,"Hungária körút, Laposdűlő, X. kerület, Budapest, 1101, Magyarország",nominatim/photon,,Laposdűlő
35619996,"Hortobágyi utca, 1106 Budapest",47.4968316,19.1595272,utca,"Hortobágyi utca, MÁV-telep, Felsőrákos, X. kerület, Budapest, 1106, Magyarország",nominatim/photon,,Felsőrákos
35620173,"Gém utca, 1107 Budapest",47.4709565,19.1216348,utca,"Gém utca, Gyárdűlő, X. kerület, Budapest, 1107, Magyarország",nominatim/photon,,Gyárdűlő
35620237,"10 Gyógyszergyári utca, 1106 Budapest",47.4984644,19.1435834,hazszam,"K3, 10, Gyógyszergyári utca, Kincsem Lakópark, Felsőrákos, X. kerület, Budapest, 1106, Magyarország",nominatim/photon,10.0,Felsőrákos
35620324,"10 Gyógyszergyári utca, 1106 Budapest",47.4984644,19.1435834,hazszam,"K3, 10, Gyógyszergyári utca, Kincsem Lakópark, Felsőrákos, X. kerület, Budapest, 1106, Magyarország",nominatim/photon,10.0,Felsőrákos
35620379,"Kőbánya - Óhegy, 1103 Budapest",47.4820541,19.132346,utca,"Budapest-Kőbányai evangélikus templom, 14, Kápolna utca, Kőbánya Városközpont, Óhegy, X. kerület, Budapest, 1102, Magyarország",nominatim/photon,,Óhegy
35620991,"Hang utca, 1108 Budapest",47.4709562,19.1664476,utca,"Hang utca, Újhegy, X. kerület, Budapest, 1108, Magyarország",nominatim/photon,,Újhegy
35622623,"Lavotta utca, 1104 Budapest",47.479094,19.1612765,utca,"Lavotta utca, Óhegy, X. kerület, Budapest, 1104, Magyarország",nominatim/photon,,Óhegy
35623029,"Noszlopy utca, 1103 Budapest",47.4735008,19.1502693,utca,"Noszlopy utca, Óhegyi lakótelep, Külső Kőbánya, Óhegy, X. kerület, Budapest, 1103, Magyarország",nominatim/photon,,Óhegy
35623052,"6 Gyógyszergyári utca, 1106 Budapest",47.4981391,19.1407571,hazszam,"K1, 6, Gyógyszergyári utca, Kincsem Lakópark, Felsőrákos, X. kerület, Budapest, 1106, Magyarország",nominatim/photon,6.0,Felsőrákos
35623119,"Kápolna utca, 1102 Budapest",47.4820688,19.1314417,utca,"Kápolna utca, Kőbánya Városközpont, Óhegy, X. kerület, Budapest, 1102, Magyarország",nominatim/photon,,Óhegy
3975308,"Maglódi út, 1106 Budapest",47.4805817,19.1614707,utca,"Maglódi út, Téglagyárdűlő, X. kerület, Budapest, 1106, Magyarország",nominatim/photon,,Téglagyárdűlő
4124502,"Jászberényi út, 1106 Budapest",47.4898498,19.1580024,utca,"Jászberényi út, Felsőrákos, X. kerület, Budapest, 1106, Magyarország",nominatim/photon,,Felsőrákos
5339459,"Gergely utca, 1103 Budapest",47.4766075,19.1399217,utca,"Gergely utca, Óhegyi lakótelep, Külső Kőbánya, Óhegy, X. kerület, Budapest, 1103, Magyarország",nominatim/photon,,Óhegy
5543129,"Fertő utca, 1107 Budapest",47.4742986,19.1213357,utca,"Fertő utca, Gyárdűlő, X. kerület, Budapest, 1107, Magyarország",nominatim/photon,,Gyárdűlő
6254735,"Gyömrői út, 1103 Budapest",47.4724291,19.1387493,utca,"Gyömrői út, Külső Kőbánya, Óhegy, X. kerület, Budapest, 1103, Magyarország",nominatim/photon,,Óhegy
6742540,"Maglódi út, 1106 Budapest",47.4805817,19.1614707,utca,"Maglódi út, Téglagyárdűlő, X. kerület, Budapest, 1106, Magyarország",nominatim/photon,,Téglagyárdűlő
7047571,"Ihász utca, 1103 Budapest",47.4830386,19.1405533,utca,"Ihász utca, Kőbánya Városközpont, Óhegy, X. kerület, Budapest, 1105, Magyarország",nominatim/photon,,Óhegy
