listing_id,cim_query,geokodolt_lat,geokodolt_lon,geokodolas_pontossag,geokodolt_cim
1000416310,"23 Donaustraße, 1020 Wien",48.2231925,16.3710362,hazszam,"23, Obere Donaustraße, Rembrandtviertel, Leopoldstadt, Katastralgemeinde Leopoldstadt, Leopoldstadt, Bécs, 1020, Ausztria"
1001691575,"Wien, Wien",44.9019561,-90.0250311,korzet,"Wien, Town of Wien, Marathon County, Wisconsin, 54426, Egyesült Államok"
1002628896,"Wien, 02. Bezirk, Leopoldstadt, Wien",,,nincs,
1004030040,"Wien, 02. Bezirk, Leopoldstadt, Wien",,,nincs,
1006594268,"23 Donaustraße, 1020 Wien",48.2231925,16.3710362,hazszam,"23, Obere Donaustraße, Rembrandtviertel, Leopoldstadt, Katastralgemeinde Leopoldstadt, Leopoldstadt, Bécs, 1020, Ausztria"
1007258179,"Wien, Wien",44.9019561,-90.0250311,korzet,"Wien, Town of Wien, Marathon County, Wisconsin, 54426, Egyesült Államok"
1007481629,"Wien, Wien",44.9019561,-90.0250311,korzet,"Wien, Town of Wien, Marathon County, Wisconsin, 54426, Egyesült Államok"
1008920346,"Wien, Wien",44.9019561,-90.0250311,korzet,"Wien, Town of Wien, Marathon County, Wisconsin, 54426, Egyesült Államok"
1010185889,"Wien, 02. Bezirk, Leopoldstadt, Wien",,,nincs,
1013533203,"Wien, Wien",44.9019561,-90.0250311,korzet,"Wien, Town of Wien, Marathon County, Wisconsin, 54426, Egyesült Államok"
1015242045,"Wien, Wien",44.9019561,-90.0250311,korzet,"Wien, Town of Wien, Marathon County, Wisconsin, 54426, Egyesült Államok"
1018260629,"Wien, Wien",44.9019561,-90.0250311,korzet,"Wien, Town of Wien, Marathon County, Wisconsin, 54426, Egyesült Államok"
1018478627,"Wien, Wien",44.9019561,-90.0250311,korzet,"Wien, Town of Wien, Marathon County, Wisconsin, 54426, Egyesült Államok"
1021434960,"Wien, 02. Bezirk, Leopoldstadt, Wien",,,nincs,
1021781293,"Wien, Wien",44.9019561,-90.0250311,korzet,"Wien, Town of Wien, Marathon County, Wisconsin, 54426, Egyesült Államok"
1021868407,"23 Donaustraße, 1020 Wien",48.2231925,16.3710362,hazszam,"23, Obere Donaustraße, Rembrandtviertel, Leopoldstadt, Katastralgemeinde Leopoldstadt, Leopoldstadt, Bécs, 1020, Ausztria"
1023109621,"Wien, Wien",44.9019561,-90.0250311,korzet,"Wien, Town of Wien, Marathon County, Wisconsin, 54426, Egyesült Államok"
1023982229,"19 Donaustraße, 1020 Wien",48.2894131,16.3445499,hazszam,"19, Donaustraße, Kuchelau, Katastralgemeinde Kahlenbergerdorf, Döbling, Bécs, 1190, Ausztria"
1025346825,"Wien, Wien",44.9019561,-90.0250311,korzet,"Wien, Town of Wien, Marathon County, Wisconsin, 54426, Egyesült Államok"
1025607054,"26 Darwingasse, 1020 Wien",48.2217406,16.3870048,hazszam,"26, Darwingasse, Volkertviertel, Leopoldstadt, Katastralgemeinde Leopoldstadt, Leopoldstadt, Bécs, 1020, Ausztria"
1027087913,"Wien, 02. Bezirk, Leopoldstadt, Wien",,,nincs,
1027738823,"Wien, Wien",44.9019561,-90.0250311,korzet,"Wien, Town of Wien, Marathon County, Wisconsin, 54426, Egyesült Államok"
1028747455,"Wien, Wien",44.9019561,-90.0250311,korzet,"Wien, Town of Wien, Marathon County, Wisconsin, 54426, Egyesült Államok"
1029837782,"Wien, 02. Bezirk, Leopoldstadt, Wien",,,nincs,
1031256263,"Wien, Wien",44.9019561,-90.0250311,korzet,"Wien, Town of Wien, Marathon County, Wisconsin, 54426, Egyesült Államok"
1032071131,"Wien, Wien",44.9019561,-90.0250311,korzet,"Wien, Town of Wien, Marathon County, Wisconsin, 54426, Egyesült Államok"
1034635868,"Wien, Wien",44.9019561,-90.0250311,korzet,"Wien, Town of Wien, Marathon County, Wisconsin, 54426, Egyesült Államok"
1035096846,"Wien, Wien",44.9019561,-90.0250311,korzet,"Wien, Town of Wien, Marathon County, Wisconsin, 54426, Egyesült Államok"
1035578980,"Wien, Wien",44.9019561,-90.0250311,korzet,"Wien, Town of Wien, Marathon County, Wisconsin, 54426, Egyesült Államok"
1038206243,"Wien, Wien",44.9019561,-90.0250311,korzet,"Wien, Town of Wien, Marathon County, Wisconsin, 54426, Egyesült Államok"
1040216895,"Wien, Wien",44.9019561,-90.0250311,korzet,"Wien, Town of Wien, Marathon County, Wisconsin, 54426, Egyesült Államok"
1041318010,"23 Donaustraße, 1020 Wien",48.2231925,16.3710362,hazszam,"23, Obere Donaustraße, Rembrandtviertel, Leopoldstadt, Katastralgemeinde Leopoldstadt, Leopoldstadt, Bécs, 1020, Ausztria"
1041478301,"29 Ausstellungsstraße, 1020 Wien",48.2182972,16.4019573,hazszam,"29, Ausstellungsstraße, Stuwerviertel, Leopoldstadt, Katastralgemeinde Leopoldstadt, Leopoldstadt, Bécs, 1020, Ausztria"
1042309370,"Wien, Wien",44.9019561,-90.0250311,korzet,"Wien, Town of Wien, Marathon County, Wisconsin, 54426, Egyesült Államok"
1043576572,"Wien, Wien",44.9019561,-90.0250311,korzet,"Wien, Town of Wien, Marathon County, Wisconsin, 54426, Egyesült Államok"
1044243406,"Wien, 02. Bezirk, Leopoldstadt, Wien",,,nincs,
1045169448,"Wien, Wien",44.9019561,-90.0250311,korzet,"Wien, Town of Wien, Marathon County, Wisconsin, 54426, Egyesült Államok"
1045424708,"Wien, Wien",44.9019561,-90.0250311,korzet,"Wien, Town of Wien, Marathon County, Wisconsin, 54426, Egyesült Államok"
1046530400,"Wien, 02. Bezirk, Leopoldstadt, Wien",,,nincs,
1050800994,"Wien, Wien",44.9019561,-90.0250311,korzet,"Wien, Town of Wien, Marathon County, Wisconsin, 54426, Egyesült Államok"
1050931847,"Wien, Wien",44.9019561,-90.0250311,korzet,"Wien, Town of Wien, Marathon County, Wisconsin, 54426, Egyesült Államok"
1056344840,"Wien, Wien",44.9019561,-90.0250311,korzet,"Wien, Town of Wien, Marathon County, Wisconsin, 54426, Egyesült Államok"
1056365129,"Wien, Wien",44.9019561,-90.0250311,korzet,"Wien, Town of Wien, Marathon County, Wisconsin, 54426, Egyesült Államok"
1058690981,"Wien, 02. Bezirk, Leopoldstadt, Wien",,,nincs,
1060101623,"Wien, Wien",44.9019561,-90.0250311,korzet,"Wien, Town of Wien, Marathon County, Wisconsin, 54426, Egyesült Államok"
1061600049,"23 Donaustraße, 1020 Wien",48.2231925,16.3710362,hazszam,"23, Obere Donaustraße, Rembrandtviertel, Leopoldstadt, Katastralgemeinde Leopoldstadt, Leopoldstadt, Bécs, 1020, Ausztria"
1063044894,"Wien, 02. Bezirk, Leopoldstadt, Wien",,,nincs,
1065549344,"Wien, Wien",44.9019561,-90.0250311,korzet,"Wien, Town of Wien, Marathon County, Wisconsin, 54426, Egyesült Államok"
1066165143,"Wien, Wien",44.9019561,-90.0250311,korzet,"Wien, Town of Wien, Marathon County, Wisconsin, 54426, Egyesült Államok"
1066586145,"Wien, Wien",44.9019561,-90.0250311,korzet,"Wien, Town of Wien, Marathon County, Wisconsin, 54426, Egyesült Államok"
1067779928,"Wien, Wien",44.9019561,-90.0250311,korzet,"Wien, Town of Wien, Marathon County, Wisconsin, 54426, Egyesült Államok"
1067830022,"Wien, 02. Bezirk, Leopoldstadt, Wien",,,nincs,
1067870347,"Wien, Wien",44.9019561,-90.0250311,korzet,"Wien, Town of Wien, Marathon County, Wisconsin, 54426, Egyesült Államok"
1068315595,"Wien, Wien",44.9019561,-90.0250311,korzet,"Wien, Town of Wien, Marathon County, Wisconsin, 54426, Egyesült Államok"
1069597555,"Wien, Wien",44.9019561,-90.0250311,korzet,"Wien, Town of Wien, Marathon County, Wisconsin, 54426, Egyesült Államok"
1070659899,"Wien, Wien",44.9019561,-90.0250311,korzet,"Wien, Town of Wien, Marathon County, Wisconsin, 54426, Egyesült Államok"
1070983835,"19 Donaustraße, 1020 Wien",48.2894131,16.3445499,hazszam,"19, Donaustraße, Kuchelau, Katastralgemeinde Kahlenbergerdorf, Döbling, Bécs, 1190, Ausztria"
1076099881,"Wien, Wien",44.9019561,-90.0250311,korzet,"Wien, Town of Wien, Marathon County, Wisconsin, 54426, Egyesült Államok"
1076106522,"Wien, Wien",44.9019561,-90.0250311,korzet,"Wien, Town of Wien, Marathon County, Wisconsin, 54426, Egyesült Államok"
1078478528,"Wien, Wien",44.9019561,-90.0250311,korzet,"Wien, Town of Wien, Marathon County, Wisconsin, 54426, Egyesült Államok"
1079618047,"Wien, Wien",44.9019561,-90.0250311,korzet,"Wien, Town of Wien, Marathon County, Wisconsin, 54426, Egyesült Államok"
1079850406,"Wien, Wien",44.9019561,-90.0250311,korzet,"Wien, Town of Wien, Marathon County, Wisconsin, 54426, Egyesült Államok"
1079998832,"Wien, Wien",44.9019561,-90.0250311,korzet,"Wien, Town of Wien, Marathon County, Wisconsin, 54426, Egyesült Államok"
1080216614,"Wien, Wien",44.9019561,-90.0250311,korzet,"Wien, Town of Wien, Marathon County, Wisconsin, 54426, Egyesült Államok"
1080536968,"Wien, Wien",44.9019561,-90.0250311,korzet,"Wien, Town of Wien, Marathon County, Wisconsin, 54426, Egyesült Államok"
1083179951,"Wien, Wien",44.9019561,-90.0250311,korzet,"Wien, Town of Wien, Marathon County, Wisconsin, 54426, Egyesült Államok"
1084479537,"Wien, 02. Bezirk, Leopoldstadt, Wien",,,nincs,
1086475334,"Wien, 02. Bezirk, Leopoldstadt, Wien",,,nincs,
1087756394,"23 Donaustraße, 1020 Wien",48.2231925,16.3710362,hazszam,"23, Obere Donaustraße, Rembrandtviertel, Leopoldstadt, Katastralgemeinde Leopoldstadt, Leopoldstadt, Bécs, 1020, Ausztria"
1087974714,"Wien, Wien",44.9019561,-90.0250311,korzet,"Wien, Town of Wien, Marathon County, Wisconsin, 54426, Egyesült Államok"
1088148914,"Wien, Wien",44.9019561,-90.0250311,korzet,"Wien, Town of Wien, Marathon County, Wisconsin, 54426, Egyesült Államok"
1089023520,"Wien, Wien",44.9019561,-90.0250311,korzet,"Wien, Town of Wien, Marathon County, Wisconsin, 54426, Egyesült Államok"
1089170317,"Wien, 02. Bezirk, Leopoldstadt, Wien",,,nincs,
1089199462,"Wien, Wien",44.9019561,-90.0250311,korzet,"Wien, Town of Wien, Marathon County, Wisconsin, 54426, Egyesült Államok"
1089406571,"29 Ausstellungsstraße, 1020 Wien",48.2182972,16.4019573,hazszam,"29, Ausstellungsstraße, Stuwerviertel, Leopoldstadt, Katastralgemeinde Leopoldstadt, Leopoldstadt, Bécs, 1020, Ausztria"
1094026969,"Wien, 02. Bezirk, Leopoldstadt, Wien",,,nincs,
1094723340,"Wien, Wien",44.9019561,-90.0250311,korzet,"Wien, Town of Wien, Marathon County, Wisconsin, 54426, Egyesült Államok"
1096621287,"29 Ausstellungsstraße, 1020 Wien",48.2182972,16.4019573,hazszam,"29, Ausstellungsstraße, Stuwerviertel, Leopoldstadt, Katastralgemeinde Leopoldstadt, Leopoldstadt, Bécs, 1020, Ausztria"
1097453119,"Wien, Wien",44.9019561,-90.0250311,korzet,"Wien, Town of Wien, Marathon County, Wisconsin, 54426, Egyesült Államok"
1099225534,"Wien, Wien",44.9019561,-90.0250311,korzet,"Wien, Town of Wien, Marathon County, Wisconsin, 54426, Egyesült Államok"
1102808181,"Wien, Wien",44.9019561,-90.0250311,korzet,"Wien, Town of Wien, Marathon County, Wisconsin, 54426, Egyesült Államok"
1104155593,"Wien, Wien",44.9019561,-90.0250311,korzet,"Wien, Town of Wien, Marathon County, Wisconsin, 54426, Egyesült Államok"
1104711807,"Wien, Wien",44.9019561,-90.0250311,korzet,"Wien, Town of Wien, Marathon County, Wisconsin, 54426, Egyesült Államok"
1106966451,"Wien, Wien",44.9019561,-90.0250311,korzet,"Wien, Town of Wien, Marathon County, Wisconsin, 54426, Egyesült Államok"
1109008151,"Wien, 02. Bezirk, Leopoldstadt, Wien",,,nincs,
1109986256,"Wien, Wien",44.9019561,-90.0250311,korzet,"Wien, Town of Wien, Marathon County, Wisconsin, 54426, Egyesült Államok"
1110636028,"Wien, Wien",44.9019561,-90.0250311,korzet,"Wien, Town of Wien, Marathon County, Wisconsin, 54426, Egyesült Államok"
1111006694,"Wien, Wien",44.9019561,-90.0250311,korzet,"Wien, Town of Wien, Marathon County, Wisconsin, 54426, Egyesült Államok"
1114096492,"Wien, Wien",44.9019561,-90.0250311,korzet,"Wien, Town of Wien, Marathon County, Wisconsin, 54426, Egyesült Államok"
1114805,"Wien, Wien",44.9019561,-90.0250311,korzet,"Wien, Town of Wien, Marathon County, Wisconsin, 54426, Egyesült Államok"
1116122443,"Wien, Wien",44.9019561,-90.0250311,korzet,"Wien, Town of Wien, Marathon County, Wisconsin, 54426, Egyesült Államok"
1117946808,"Wien, 02. Bezirk, Leopoldstadt, Wien",,,nincs,
1118582845,"Wien, Wien",44.9019561,-90.0250311,korzet,"Wien, Town of Wien, Marathon County, Wisconsin, 54426, Egyesült Államok"
1119147307,"Wien, Wien",44.9019561,-90.0250311,korzet,"Wien, Town of Wien, Marathon County, Wisconsin, 54426, Egyesült Államok"
1119906653,"Wien, Wien",44.9019561,-90.0250311,korzet,"Wien, Town of Wien, Marathon County, Wisconsin, 54426, Egyesült Államok"
1120047892,"Wien, Wien",44.9019561,-90.0250311,korzet,"Wien, Town of Wien, Marathon County, Wisconsin, 54426, Egyesült Államok"
1124780114,"Wien, Wien",44.9019561,-90.0250311,korzet,"Wien, Town of Wien, Marathon County, Wisconsin, 54426, Egyesült Államok"
1125623273,"Wien, 02. Bezirk, Leopoldstadt, Wien",,,nincs,
1126156786,"Wien, Wien",44.9019561,-90.0250311,korzet,"Wien, Town of Wien, Marathon County, Wisconsin, 54426, Egyesült Államok"
1126585585,"23 Donaustraße, 1020 Wien",48.2231925,16.3710362,hazszam,"23, Obere Donaustraße, Rembrandtviertel, Leopoldstadt, Katastralgemeinde Leopoldstadt, Leopoldstadt, Bécs, 1020, Ausztria"
1128523773,"Wien, Wien",44.9019561,-90.0250311,korzet,"Wien, Town of Wien, Marathon County, Wisconsin, 54426, Egyesült Államok"
1128554112,"Wien, Wien",44.9019561,-90.0250311,korzet,"Wien, Town of Wien, Marathon County, Wisconsin, 54426, Egyesült Államok"
1129056471,"Wien, 02. Bezirk, Leopoldstadt, Wien",,,nincs,
1129449744,"Wien, Wien",44.9019561,-90.0250311,korzet,"Wien, Town of Wien, Marathon County, Wisconsin, 54426, Egyesült Államok"
1130632700,"23 Donaustraße, 1020 Wien",48.2231925,16.3710362,hazszam,"23, Obere Donaustraße, Rembrandtviertel, Leopoldstadt, Katastralgemeinde Leopoldstadt, Leopoldstadt, Bécs, 1020, Ausztria"
1130645058,"Wien, Wien",44.9019561,-90.0250311,korzet,"Wien, Town of Wien, Marathon County, Wisconsin, 54426, Egyesült Államok"
1131653267,"Wien, Wien",44.9019561,-90.0250311,korzet,"Wien, Town of Wien, Marathon County, Wisconsin, 54426, Egyesült Államok"
1131767620,"60 Stuwerstraße, 1020 Wien",48.2186578,16.406672,hazszam,"60, Stuwerstraße, Stuwerviertel, Leopoldstadt, Katastralgemeinde Leopoldstadt, Leopoldstadt, Bécs, 1020, Ausztria"
1133311066,"23 Donaustraße, 1020 Wien",48.2231925,16.3710362,hazszam,"23, Obere Donaustraße, Rembrandtviertel, Leopoldstadt, Katastralgemeinde Leopoldstadt, Leopoldstadt, Bécs, 1020, Ausztria"
1133311119,"23 Donaustraße, 1020 Wien",48.2231925,16.3710362,hazszam,"23, Obere Donaustraße, Rembrandtviertel, Leopoldstadt, Katastralgemeinde Leopoldstadt, Leopoldstadt, Bécs, 1020, Ausztria"
1133782596,"Wien, Wien",44.9019561,-90.0250311,korzet,"Wien, Town of Wien, Marathon County, Wisconsin, 54426, Egyesült Államok"
1134136285,"Wien, Wien",44.9019561,-90.0250311,korzet,"Wien, Town of Wien, Marathon County, Wisconsin, 54426, Egyesült Államok"
1134255447,"60 Stuwerstraße, 1020 Wien",48.2186578,16.406672,hazszam,"60, Stuwerstraße, Stuwerviertel, Leopoldstadt, Katastralgemeinde Leopoldstadt, Leopoldstadt, Bécs, 1020, Ausztria"
1134742923,"Wien, Wien",44.9019561,-90.0250311,korzet,"Wien, Town of Wien, Marathon County, Wisconsin, 54426, Egyesült Államok"
1134851644,"Wien, Wien",44.9019561,-90.0250311,korzet,"Wien, Town of Wien, Marathon County, Wisconsin, 54426, Egyesült Államok"
1135065233,"Wien, 02. Bezirk, Leopoldstadt, Wien",,,nincs,
1135330037,"Wien, Wien",44.9019561,-90.0250311,korzet,"Wien, Town of Wien, Marathon County, Wisconsin, 54426, Egyesült Államok"
1136403358,"Wien, Wien",44.9019561,-90.0250311,korzet,"Wien, Town of Wien, Marathon County, Wisconsin, 54426, Egyesült Államok"
1138333101,"Wien, Wien",44.9019561,-90.0250311,korzet,"Wien, Town of Wien, Marathon County, Wisconsin, 54426, Egyesült Államok"
1138490917,"Wien, 02. Bezirk, Leopoldstadt, Wien",,,nincs,
1138946221,"Wien, 02. Bezirk, Leopoldstadt, Wien",,,nincs,
1139643437,"23 Donaustraße, 1020 Wien",48.2231925,16.3710362,hazszam,"23, Obere Donaustraße, Rembrandtviertel, Leopoldstadt, Katastralgemeinde Leopoldstadt, Leopoldstadt, Bécs, 1020, Ausztria"
1141108765,"Wien, Wien",44.9019561,-90.0250311,korzet,"Wien, Town of Wien, Marathon County, Wisconsin, 54426, Egyesült Államok"
1142179264,"Wien, Wien",44.9019561,-90.0250311,korzet,"Wien, Town of Wien, Marathon County, Wisconsin, 54426, Egyesült Államok"
1143146207,"Wien, 02. Bezirk, Leopoldstadt, Wien",,,nincs,
1143522813,"Wien, Wien",44.9019561,-90.0250311,korzet,"Wien, Town of Wien, Marathon County, Wisconsin, 54426, Egyesült Államok"
1144258355,"Wien, Wien",44.9019561,-90.0250311,korzet,"Wien, Town of Wien, Marathon County, Wisconsin, 54426, Egyesült Államok"
1144863663,"Wien, Wien",44.9019561,-90.0250311,korzet,"Wien, Town of Wien, Marathon County, Wisconsin, 54426, Egyesült Államok"
1145181818,"Wien, 02. Bezirk, Leopoldstadt, Wien",,,nincs,
1145687360,"23 Donaustraße, 1020 Wien",48.2231925,16.3710362,hazszam,"23, Obere Donaustraße, Rembrandtviertel, Leopoldstadt, Katastralgemeinde Leopoldstadt, Leopoldstadt, Bécs, 1020, Ausztria"
1145954739,"Wien, Wien",44.9019561,-90.0250311,korzet,"Wien, Town of Wien, Marathon County, Wisconsin, 54426, Egyesült Államok"
1146201772,"Wien, Wien",44.9019561,-90.0250311,korzet,"Wien, Town of Wien, Marathon County, Wisconsin, 54426, Egyesült Államok"
1148776407,"Wien, Wien",44.9019561,-90.0250311,korzet,"Wien, Town of Wien, Marathon County, Wisconsin, 54426, Egyesült Államok"
1148972259,"23 Donaustraße, 1020 Wien",48.2231925,16.3710362,hazszam,"23, Obere Donaustraße, Rembrandtviertel, Leopoldstadt, Katastralgemeinde Leopoldstadt, Leopoldstadt, Bécs, 1020, Ausztria"
1150142533,"Wien, Wien",44.9019561,-90.0250311,korzet,"Wien, Town of Wien, Marathon County, Wisconsin, 54426, Egyesült Államok"
1150598361,"Wien, 02. Bezirk, Leopoldstadt, Wien",,,nincs,
1150660063,"Wien, 02. Bezirk, Leopoldstadt, Wien",,,nincs,
1150771467,"Wien, Wien",44.9019561,-90.0250311,korzet,"Wien, Town of Wien, Marathon County, Wisconsin, 54426, Egyesült Államok"
1151048103,"Wien, Wien",44.9019561,-90.0250311,korzet,"Wien, Town of Wien, Marathon County, Wisconsin, 54426, Egyesült Államok"
1152218142,"23 Donaustraße, 1020 Wien",48.2231925,16.3710362,hazszam,"23, Obere Donaustraße, Rembrandtviertel, Leopoldstadt, Katastralgemeinde Leopoldstadt, Leopoldstadt, Bécs, 1020, Ausztria"
1152399135,"Wien, 02. Bezirk, Leopoldstadt, Wien",,,nincs,
1153053402,"23 Donaustraße, 1020 Wien",48.2231925,16.3710362,hazszam,"23, Obere Donaustraße, Rembrandtviertel, Leopoldstadt, Katastralgemeinde Leopoldstadt, Leopoldstadt, Bécs, 1020, Ausztria"
1155498477,"Wien, Wien",44.9019561,-90.0250311,korzet,"Wien, Town of Wien, Marathon County, Wisconsin, 54426, Egyesült Államok"
1156861302,"Wien, 02. Bezirk, Leopoldstadt, Wien",,,nincs,
1156955555,"Wien, Wien",44.9019561,-90.0250311,korzet,"Wien, Town of Wien, Marathon County, Wisconsin, 54426, Egyesült Államok"
1157189568,"Wien, Wien",44.9019561,-90.0250311,korzet,"Wien, Town of Wien, Marathon County, Wisconsin, 54426, Egyesült Államok"
1157468634,"38 Praterstraße, 1020 Wien",,,nincs,
1159729262,"199 Vorgartenstraße, 1020 Wien",,,nincs,
1161824433,"Wien, 02. Bezirk, Leopoldstadt, Wien",,,nincs,
1161964665,"16-18 Rotenturmstraße, 1020 Wien",,,nincs,
1165169836,"23 Donaustraße, 1020 Wien",48.2231925,16.3710362,hazszam,"23, Obere Donaustraße, Rembrandtviertel, Leopoldstadt, Katastralgemeinde Leopoldstadt, Leopoldstadt, Bécs, 1020, Ausztria"
1167831,"Wien, Wien",44.9019561,-90.0250311,korzet,"Wien, Town of Wien, Marathon County, Wisconsin, 54426, Egyesült Államok"
1168782506,"Wien, Wien",44.9019561,-90.0250311,korzet,"Wien, Town of Wien, Marathon County, Wisconsin, 54426, Egyesült Államok"
1169147245,"4 Dammhaufengasse, 1020 Wien",,,nincs,
1173226261,"Wien, Wien",44.9019561,-90.0250311,korzet,"Wien, Town of Wien, Marathon County, Wisconsin, 54426, Egyesült Államok"
1174313049,"23 Donaustraße, 1020 Wien",48.2231925,16.3710362,hazszam,"23, Obere Donaustraße, Rembrandtviertel, Leopoldstadt, Katastralgemeinde Leopoldstadt, Leopoldstadt, Bécs, 1020, Ausztria"
1174446667,"Wien, Wien",44.9019561,-90.0250311,korzet,"Wien, Town of Wien, Marathon County, Wisconsin, 54426, Egyesült Államok"
1174875818,"Wien, Wien",44.9019561,-90.0250311,korzet,"Wien, Town of Wien, Marathon County, Wisconsin, 54426, Egyesült Államok"
1176689,"Wien, Wien",44.9019561,-90.0250311,korzet,"Wien, Town of Wien, Marathon County, Wisconsin, 54426, Egyesült Államok"
1177336458,"Wien, 02. Bezirk, Leopoldstadt, Wien",,,nincs,
1177623802,"Wien, Wien",44.9019561,-90.0250311,korzet,"Wien, Town of Wien, Marathon County, Wisconsin, 54426, Egyesült Államok"
1179058179,"60 Stuwerstraße, 1020 Wien",48.2186578,16.406672,hazszam,"60, Stuwerstraße, Stuwerviertel, Leopoldstadt, Katastralgemeinde Leopoldstadt, Leopoldstadt, Bécs, 1020, Ausztria"
1182486991,"Wien, Wien",44.9019561,-90.0250311,korzet,"Wien, Town of Wien, Marathon County, Wisconsin, 54426, Egyesült Államok"
1183275250,"Wien, Wien",44.9019561,-90.0250311,korzet,"Wien, Town of Wien, Marathon County, Wisconsin, 54426, Egyesült Államok"
1183673654,"Wien, Wien",44.9019561,-90.0250311,korzet,"Wien, Town of Wien, Marathon County, Wisconsin, 54426, Egyesült Államok"
1185563502,"Wien, Wien",44.9019561,-90.0250311,korzet,"Wien, Town of Wien, Marathon County, Wisconsin, 54426, Egyesült Államok"
1185729570,"Wien, 02. Bezirk, Leopoldstadt, Wien",,,nincs,
1187285071,"Wien, Wien",44.9019561,-90.0250311,korzet,"Wien, Town of Wien, Marathon County, Wisconsin, 54426, Egyesült Államok"
1190291642,"Wien, Wien",44.9019561,-90.0250311,korzet,"Wien, Town of Wien, Marathon County, Wisconsin, 54426, Egyesült Államok"
1191380892,"Wien, 02. Bezirk, Leopoldstadt, Wien",,,nincs,
1192548711,"Wien, Wien",44.9019561,-90.0250311,korzet,"Wien, Town of Wien, Marathon County, Wisconsin, 54426, Egyesült Államok"
1193203317,"Wien, 02. Bezirk, Leopoldstadt, Wien",,,nincs,
1195053795,"Wien, 02. Bezirk, Leopoldstadt, Wien",,,nincs,
1195303657,"Wien, Wien",44.9019561,-90.0250311,korzet,"Wien, Town of Wien, Marathon County, Wisconsin, 54426, Egyesült Államok"
1195434318,"Wien, Wien",44.9019561,-90.0250311,korzet,"Wien, Town of Wien, Marathon County, Wisconsin, 54426, Egyesült Államok"
1195575100,"Wien, 02. Bezirk, Leopoldstadt, Wien",,,nincs,
1195915352,"Wien, 02. Bezirk, Leopoldstadt, Wien",,,nincs,
1197144824,"16 Schottenring, 1020 Wien",,,nincs,
1200080974,"Wien, Wien",44.9019561,-90.0250311,korzet,"Wien, Town of Wien, Marathon County, Wisconsin, 54426, Egyesült Államok"
1200386783,"Wien, Wien",44.9019561,-90.0250311,korzet,"Wien, Town of Wien, Marathon County, Wisconsin, 54426, Egyesült Államok"
1200680072,"29 Ausstellungsstraße, 1020 Wien",48.2182972,16.4019573,hazszam,"29, Ausstellungsstraße, Stuwerviertel, Leopoldstadt, Katastralgemeinde Leopoldstadt, Leopoldstadt, Bécs, 1020, Ausztria"
1201003414,"Wien, Wien",44.9019561,-90.0250311,korzet,"Wien, Town of Wien, Marathon County, Wisconsin, 54426, Egyesült Államok"
1202561331,"Wien, Wien",44.9019561,-90.0250311,korzet,"Wien, Town of Wien, Marathon County, Wisconsin, 54426, Egyesült Államok"
1202711044,"Wien, Wien",44.9019561,-90.0250311,korzet,"Wien, Town of Wien, Marathon County, Wisconsin, 54426, Egyesült Államok"
1204854119,"Wien, Wien",44.9019561,-90.0250311,korzet,"Wien, Town of Wien, Marathon County, Wisconsin, 54426, Egyesült Államok"
1205908001,"Wien, Wien",44.9019561,-90.0250311,korzet,"Wien, Town of Wien, Marathon County, Wisconsin, 54426, Egyesült Államok"
1208378987,"Wien, Wien",44.9019561,-90.0250311,korzet,"Wien, Town of Wien, Marathon County, Wisconsin, 54426, Egyesült Államok"
1208452935,"Wien, Wien",44.9019561,-90.0250311,korzet,"Wien, Town of Wien, Marathon County, Wisconsin, 54426, Egyesült Államok"
1209992897,"Wien, Wien",44.9019561,-90.0250311,korzet,"Wien, Town of Wien, Marathon County, Wisconsin, 54426, Egyesült Államok"
1210786589,"Wien, Wien",44.9019561,-90.0250311,korzet,"Wien, Town of Wien, Marathon County, Wisconsin, 54426, Egyesült Államok"
1212398369,"Wien, Wien",44.9019561,-90.0250311,korzet,"Wien, Town of Wien, Marathon County, Wisconsin, 54426, Egyesült Államok"
1213913602,"Wien, Wien",44.9019561,-90.0250311,korzet,"Wien, Town of Wien, Marathon County, Wisconsin, 54426, Egyesült Államok"
1215283693,"Wien, Wien",44.9019561,-90.0250311,korzet,"Wien, Town of Wien, Marathon County, Wisconsin, 54426, Egyesült Államok"
1218784122,"Wien, Wien",44.9019561,-90.0250311,korzet,"Wien, Town of Wien, Marathon County, Wisconsin, 54426, Egyesült Államok"
1219186002,"Wien, Wien",44.9019561,-90.0250311,korzet,"Wien, Town of Wien, Marathon County, Wisconsin, 54426, Egyesült Államok"
1222180388,"Wien, 02. Bezirk, Leopoldstadt, Wien",,,nincs,
1222319074,"Wien, 02. Bezirk, Leopoldstadt, Wien",,,nincs,
1223226229,"Wien, Wien",44.9019561,-90.0250311,korzet,"Wien, Town of Wien, Marathon County, Wisconsin, 54426, Egyesült Államok"
1223497660,"Wien, Wien",44.9019561,-90.0250311,korzet,"Wien, Town of Wien, Marathon County, Wisconsin, 54426, Egyesült Államok"
1224209674,"23 Donaustraße, 1020 Wien",48.2231925,16.3710362,hazszam,"23, Obere Donaustraße, Rembrandtviertel, Leopoldstadt, Katastralgemeinde Leopoldstadt, Leopoldstadt, Bécs, 1020, Ausztria"
1224241459,"Wien, Wien",44.9019561,-90.0250311,korzet,"Wien, Town of Wien, Marathon County, Wisconsin, 54426, Egyesült Államok"
1225160,"Wien, Wien",44.9019561,-90.0250311,korzet,"Wien, Town of Wien, Marathon County, Wisconsin, 54426, Egyesült Államok"
1225267798,"Wien, Wien",44.9019561,-90.0250311,korzet,"Wien, Town of Wien, Marathon County, Wisconsin, 54426, Egyesült Államok"
1226048722,"23 Donaustraße, 1020 Wien",48.2231925,16.3710362,hazszam,"23, Obere Donaustraße, Rembrandtviertel, Leopoldstadt, Katastralgemeinde Leopoldstadt, Leopoldstadt, Bécs, 1020, Ausztria"
1229352025,"Wien, 02. Bezirk, Leopoldstadt, Wien",,,nincs,
1232895405,"Wien, Wien",44.9019561,-90.0250311,korzet,"Wien, Town of Wien, Marathon County, Wisconsin, 54426, Egyesült Államok"
1233364684,"Wien, Wien",44.9019561,-90.0250311,korzet,"Wien, Town of Wien, Marathon County, Wisconsin, 54426, Egyesült Államok"
1234456377,"Wien, 02. Bezirk, Leopoldstadt, Wien",,,nincs,
1235062519,"Wien, Wien",44.9019561,-90.0250311,korzet,"Wien, Town of Wien, Marathon County, Wisconsin, 54426, Egyesült Államok"
1235259269,"Wien, Wien",44.9019561,-90.0250311,korzet,"Wien, Town of Wien, Marathon County, Wisconsin, 54426, Egyesült Államok"
1235393264,"Wien, 02. Bezirk, Leopoldstadt, Wien",,,nincs,
1236040488,"Wien, Wien",44.9019561,-90.0250311,korzet,"Wien, Town of Wien, Marathon County, Wisconsin, 54426, Egyesült Államok"
1236610005,"Wien, Wien",44.9019561,-90.0250311,korzet,"Wien, Town of Wien, Marathon County, Wisconsin, 54426, Egyesült Államok"
1237891615,"Wien, Wien",44.9019561,-90.0250311,korzet,"Wien, Town of Wien, Marathon County, Wisconsin, 54426, Egyesült Államok"
1238329386,"Wien, Wien",44.9019561,-90.0250311,korzet,"Wien, Town of Wien, Marathon County, Wisconsin, 54426, Egyesült Államok"
1239286984,"Wien, Wien",44.9019561,-90.0250311,korzet,"Wien, Town of Wien, Marathon County, Wisconsin, 54426, Egyesült Államok"
12395871,"Wien, Wien",44.9019561,-90.0250311,korzet,"Wien, Town of Wien, Marathon County, Wisconsin, 54426, Egyesült Államok"
12396251,"Wien, Wien",44.9019561,-90.0250311,korzet,"Wien, Town of Wien, Marathon County, Wisconsin, 54426, Egyesült Államok"
12396466,"Wien, Wien",44.9019561,-90.0250311,korzet,"Wien, Town of Wien, Marathon County, Wisconsin, 54426, Egyesült Államok"
12396691,"Wien, Wien",44.9019561,-90.0250311,korzet,"Wien, Town of Wien, Marathon County, Wisconsin, 54426, Egyesült Államok"
12396737,"Wien, Wien",44.9019561,-90.0250311,korzet,"Wien, Town of Wien, Marathon County, Wisconsin, 54426, Egyesült Államok"
12396856,"Wien, Wien",44.9019561,-90.0250311,korzet,"Wien, Town of Wien, Marathon County, Wisconsin, 54426, Egyesült Államok"
1240443803,"Wien, Wien",44.9019561,-90.0250311,korzet,"Wien, Town of Wien, Marathon County, Wisconsin, 54426, Egyesült Államok"
1241894261,"Wien, Wien",44.9019561,-90.0250311,korzet,"Wien, Town of Wien, Marathon County, Wisconsin, 54426, Egyesült Államok"
1242598556,"Wien, Wien",44.9019561,-90.0250311,korzet,"Wien, Town of Wien, Marathon County, Wisconsin, 54426, Egyesült Államok"
1242615097,"Wien, 02. Bezirk, Leopoldstadt, Wien",,,nincs,
12426560,"Wien, Wien",44.9019561,-90.0250311,korzet,"Wien, Town of Wien, Marathon County, Wisconsin, 54426, Egyesült Államok"
1242757956,"Wien, 02. Bezirk, Leopoldstadt, Wien",,,nincs,
1243094987,"Wien, 02. Bezirk, Leopoldstadt, Wien",,,nincs,
1243305941,"Wien, 02. Bezirk, Leopoldstadt, Wien",,,nincs,
12436780,"Wien, Wien",44.9019561,-90.0250311,korzet,"Wien, Town of Wien, Marathon County, Wisconsin, 54426, Egyesült Államok"
1243683497,"Wien, Wien",44.9019561,-90.0250311,korzet,"Wien, Town of Wien, Marathon County, Wisconsin, 54426, Egyesült Államok"
12449420,"Wien, Wien",44.9019561,-90.0250311,korzet,"Wien, Town of Wien, Marathon County, Wisconsin, 54426, Egyesült Államok"
1245078773,"Wien, Wien",44.9019561,-90.0250311,korzet,"Wien, Town of Wien, Marathon County, Wisconsin, 54426, Egyesült Államok"
12454937,"Wien, Wien",44.9019561,-90.0250311,korzet,"Wien, Town of Wien, Marathon County, Wisconsin, 54426, Egyesült Államok"
12454939,"Wien, Wien",44.9019561,-90.0250311,korzet,"Wien, Town of Wien, Marathon County, Wisconsin, 54426, Egyesült Államok"
1245801574,"23 Donaustraße, 1020 Wien",48.2231925,16.3710362,hazszam,"23, Obere Donaustraße, Rembrandtviertel, Leopoldstadt, Katastralgemeinde Leopoldstadt, Leopoldstadt, Bécs, 1020, Ausztria"
1247067500,"Wien, 02. Bezirk, Leopoldstadt, Wien",,,nincs,
1247373089,"Wien, Wien",44.9019561,-90.0250311,korzet,"Wien, Town of Wien, Marathon County, Wisconsin, 54426, Egyesült Államok"
1248172368,"29 Ausstellungsstraße, 1020 Wien",48.2182972,16.4019573,hazszam,"29, Ausstellungsstraße, Stuwerviertel, Leopoldstadt, Katastralgemeinde Leopoldstadt, Leopoldstadt, Bécs, 1020, Ausztria"
1248623759,"Wien, Wien",44.9019561,-90.0250311,korzet,"Wien, Town of Wien, Marathon County, Wisconsin, 54426, Egyesült Államok"
1250653071,"Wien, Wien",44.9019561,-90.0250311,korzet,"Wien, Town of Wien, Marathon County, Wisconsin, 54426, Egyesült Államok"
1252064767,"19 Donaustraße, 1020 Wien",48.2894131,16.3445499,hazszam,"19, Donaustraße, Kuchelau, Katastralgemeinde Kahlenbergerdorf, Döbling, Bécs, 1190, Ausztria"
1252703103,"Wien, 02. Bezirk, Leopoldstadt, Wien",,,nincs,
1252840617,"Wien, Wien",44.9019561,-90.0250311,korzet,"Wien, Town of Wien, Marathon County, Wisconsin, 54426, Egyesült Államok"
1253425479,"Wien, Wien",44.9019561,-90.0250311,korzet,"Wien, Town of Wien, Marathon County, Wisconsin, 54426, Egyesült Államok"
1253662839,"Wien, Wien",44.9019561,-90.0250311,korzet,"Wien, Town of Wien, Marathon County, Wisconsin, 54426, Egyesült Államok"
1255107654,"Wien, Wien",44.9019561,-90.0250311,korzet,"Wien, Town of Wien, Marathon County, Wisconsin, 54426, Egyesült Államok"
1255217405,"Wien, Wien",44.9019561,-90.0250311,korzet,"Wien, Town of Wien, Marathon County, Wisconsin, 54426, Egyesült Államok"
12562955,"Wien, Wien",44.9019561,-90.0250311,korzet,"Wien, Town of Wien, Marathon County, Wisconsin, 54426, Egyesült Államok"
1260367367,"Wien, Wien",44.9019561,-90.0250311,korzet,"Wien, Town of Wien, Marathon County, Wisconsin, 54426, Egyesült Államok"
1261121513,"Wien, Wien",44.9019561,-90.0250311,korzet,"Wien, Town of Wien, Marathon County, Wisconsin, 54426, Egyesült Államok"
12614665,"Wien, Wien",44.9019561,-90.0250311,korzet,"Wien, Town of Wien, Marathon County, Wisconsin, 54426, Egyesült Államok"
1261512628,"Wien, Wien",44.9019561,-90.0250311,korzet,"Wien, Town of Wien, Marathon County, Wisconsin, 54426, Egyesült Államok"
12619897,"Wien, Wien",44.9019561,-90.0250311,korzet,"Wien, Town of Wien, Marathon County, Wisconsin, 54426, Egyesült Államok"
1263839012,"2A Fichtegasse, 1020 Wien",,,nincs,
1265016497,"Wien, Wien",44.9019561,-90.0250311,korzet,"Wien, Town of Wien, Marathon County, Wisconsin, 54426, Egyesült Államok"
1267055568,"Wien, Wien",44.9019561,-90.0250311,korzet,"Wien, Town of Wien, Marathon County, Wisconsin, 54426, Egyesült Államok"
1267583817,"Wien, Wien",44.9019561,-90.0250311,korzet,"Wien, Town of Wien, Marathon County, Wisconsin, 54426, Egyesült Államok"
1268077326,"Wien, Wien",44.9019561,-90.0250311,korzet,"Wien, Town of Wien, Marathon County, Wisconsin, 54426, Egyesült Államok"
1271722979,"Wien, Wien",44.9019561,-90.0250311,korzet,"Wien, Town of Wien, Marathon County, Wisconsin, 54426, Egyesült Államok"
1271950895,"Wien, Wien",44.9019561,-90.0250311,korzet,"Wien, Town of Wien, Marathon County, Wisconsin, 54426, Egyesült Államok"
1272233382,"Wien, Wien",44.9019561,-90.0250311,korzet,"Wien, Town of Wien, Marathon County, Wisconsin, 54426, Egyesült Államok"
1272354450,"23 Donaustraße, 1020 Wien",48.2231925,16.3710362,hazszam,"23, Obere Donaustraße, Rembrandtviertel, Leopoldstadt, Katastralgemeinde Leopoldstadt, Leopoldstadt, Bécs, 1020, Ausztria"
12729888,"Wien, Wien",44.9019561,-90.0250311,korzet,"Wien, Town of Wien, Marathon County, Wisconsin, 54426, Egyesült Államok"
1273509575,"Wien, Wien",44.9019561,-90.0250311,korzet,"Wien, Town of Wien, Marathon County, Wisconsin, 54426, Egyesült Államok"
1274712303,"Wien, 02. Bezirk, Leopoldstadt, Wien",,,nincs,
1274904843,"Wien, Wien",44.9019561,-90.0250311,korzet,"Wien, Town of Wien, Marathon County, Wisconsin, 54426, Egyesült Államok"
1276454322,"Wien, Wien",44.9019561,-90.0250311,korzet,"Wien, Town of Wien, Marathon County, Wisconsin, 54426, Egyesült Államok"
1276519706,"Wien, Wien",44.9019561,-90.0250311,korzet,"Wien, Town of Wien, Marathon County, Wisconsin, 54426, Egyesült Államok"
1277971572,"Wien, Wien",44.9019561,-90.0250311,korzet,"Wien, Town of Wien, Marathon County, Wisconsin, 54426, Egyesült Államok"
12788260,"Wien, Wien",44.9019561,-90.0250311,korzet,"Wien, Town of Wien, Marathon County, Wisconsin, 54426, Egyesült Államok"
1279853583,"Wien, 02. Bezirk, Leopoldstadt, Wien",,,nincs,
1280758130,"Wien, Wien",44.9019561,-90.0250311,korzet,"Wien, Town of Wien, Marathon County, Wisconsin, 54426, Egyesült Államok"
1280901579,"Wien, Wien",44.9019561,-90.0250311,korzet,"Wien, Town of Wien, Marathon County, Wisconsin, 54426, Egyesült Államok"
1281341185,"Wien, Wien",44.9019561,-90.0250311,korzet,"Wien, Town of Wien, Marathon County, Wisconsin, 54426, Egyesült Államok"
1282494426,"Wien, 02. Bezirk, Leopoldstadt, Wien",,,nincs,
12856590,"Wien, Wien",44.9019561,-90.0250311,korzet,"Wien, Town of Wien, Marathon County, Wisconsin, 54426, Egyesült Államok"
1286792568,"Wien, Wien",44.9019561,-90.0250311,korzet,"Wien, Town of Wien, Marathon County, Wisconsin, 54426, Egyesült Államok"
1287450455,"Wien, Wien",44.9019561,-90.0250311,korzet,"Wien, Town of Wien, Marathon County, Wisconsin, 54426, Egyesült Államok"
1288967830,"Wien, Wien",44.9019561,-90.0250311,korzet,"Wien, Town of Wien, Marathon County, Wisconsin, 54426, Egyesült Államok"
1289469339,"Wien, Wien",44.9019561,-90.0250311,korzet,"Wien, Town of Wien, Marathon County, Wisconsin, 54426, Egyesült Államok"
1290287323,"Wien, Wien",44.9019561,-90.0250311,korzet,"Wien, Town of Wien, Marathon County, Wisconsin, 54426, Egyesült Államok"
1292506335,"Wien, Wien",44.9019561,-90.0250311,korzet,"Wien, Town of Wien, Marathon County, Wisconsin, 54426, Egyesült Államok"
1292593606,"Wien, Wien",44.9019561,-90.0250311,korzet,"Wien, Town of Wien, Marathon County, Wisconsin, 54426, Egyesült Államok"
12929893,"Wien, Wien",44.9019561,-90.0250311,korzet,"Wien, Town of Wien, Marathon County, Wisconsin, 54426, Egyesült Államok"
1293218921,"Wien, Wien",44.9019561,-90.0250311,korzet,"Wien, Town of Wien, Marathon County, Wisconsin, 54426, Egyesült Államok"
12950230,"Wien, Wien",44.9019561,-90.0250311,korzet,"Wien, Town of Wien, Marathon County, Wisconsin, 54426, Egyesült Államok"
1295370565,"Wien, Wien",44.9019561,-90.0250311,korzet,"Wien, Town of Wien, Marathon County, Wisconsin, 54426, Egyesült Államok"
1296171,"Wien, Wien",44.9019561,-90.0250311,korzet,"Wien, Town of Wien, Marathon County, Wisconsin, 54426, Egyesült Államok"
1298476433,"Wien, Wien",44.9019561,-90.0250311,korzet,"Wien, Town of Wien, Marathon County, Wisconsin, 54426, Egyesült Államok"
12987224,"Wien, Wien",44.9019561,-90.0250311,korzet,"Wien, Town of Wien, Marathon County, Wisconsin, 54426, Egyesült Államok"
1300171468,"Wien, Wien",44.9019561,-90.0250311,korzet,"Wien, Town of Wien, Marathon County, Wisconsin, 54426, Egyesült Államok"
1302152717,"39 Ausstellungsstraße, 1020 Wien",,,nincs,
1304331283,"Wien, Wien",44.9019561,-90.0250311,korzet,"Wien, Town of Wien, Marathon County, Wisconsin, 54426, Egyesült Államok"
13044121,"Wien, Wien",44.9019561,-90.0250311,korzet,"Wien, Town of Wien, Marathon County, Wisconsin, 54426, Egyesült Államok"
1304916038,"Wien, Wien",44.9019561,-90.0250311,korzet,"Wien, Town of Wien, Marathon County, Wisconsin, 54426, Egyesült Államok"
1304925507,"2A Fichtegasse, 1020 Wien",,,nincs,
1305383428,"Wien, Wien",44.9019561,-90.0250311,korzet,"Wien, Town of Wien, Marathon County, Wisconsin, 54426, Egyesült Államok"
1306311920,"Wien, Wien",44.9019561,-90.0250311,korzet,"Wien, Town of Wien, Marathon County, Wisconsin, 54426, Egyesült Államok"
13070323,"Wien, Wien",44.9019561,-90.0250311,korzet,"Wien, Town of Wien, Marathon County, Wisconsin, 54426, Egyesült Államok"
1307072027,"Wien, Wien",44.9019561,-90.0250311,korzet,"Wien, Town of Wien, Marathon County, Wisconsin, 54426, Egyesült Államok"
13084243,"Wien, Wien",44.9019561,-90.0250311,korzet,"Wien, Town of Wien, Marathon County, Wisconsin, 54426, Egyesült Államok"
1311441092,"60 Stuwerstraße, 1020 Wien",48.2186578,16.406672,hazszam,"60, Stuwerstraße, Stuwerviertel, Leopoldstadt, Katastralgemeinde Leopoldstadt, Leopoldstadt, Bécs, 1020, Ausztria"
1311683970,"Wien, 02. Bezirk, Leopoldstadt, Wien",,,nincs,
1313312382,"Wien, 02. Bezirk, Leopoldstadt, Wien",,,nincs,
1313584797,"Wien, Wien",44.9019561,-90.0250311,korzet,"Wien, Town of Wien, Marathon County, Wisconsin, 54426, Egyesült Államok"
1313741821,"Wien, 02. Bezirk, Leopoldstadt, Wien",,,nincs,
1313895140,"23 Donaustraße, 1020 Wien",48.2231925,16.3710362,hazszam,"23, Obere Donaustraße, Rembrandtviertel, Leopoldstadt, Katastralgemeinde Leopoldstadt, Leopoldstadt, Bécs, 1020, Ausztria"
1313910706,"Wien, 02. Bezirk, Leopoldstadt, Wien",,,nincs,
13155546,"Wien, Wien",44.9019561,-90.0250311,korzet,"Wien, Town of Wien, Marathon County, Wisconsin, 54426, Egyesült Államok"
13157305,"Wien, Wien",44.9019561,-90.0250311,korzet,"Wien, Town of Wien, Marathon County, Wisconsin, 54426, Egyesült Államok"
1315950897,"Wien, Wien",44.9019561,-90.0250311,korzet,"Wien, Town of Wien, Marathon County, Wisconsin, 54426, Egyesült Államok"
13165528,"Wien, Wien",44.9019561,-90.0250311,korzet,"Wien, Town of Wien, Marathon County, Wisconsin, 54426, Egyesült Államok"
1316698908,"Wien, 02. Bezirk, Leopoldstadt, Wien",,,nincs,
1316844770,"Wien, Wien",44.9019561,-90.0250311,korzet,"Wien, Town of Wien, Marathon County, Wisconsin, 54426, Egyesült Államok"
1316864718,"Wien, Wien",44.9019561,-90.0250311,korzet,"Wien, Town of Wien, Marathon County, Wisconsin, 54426, Egyesült Államok"
13168739,"Wien, Wien",44.9019561,-90.0250311,korzet,"Wien, Town of Wien, Marathon County, Wisconsin, 54426, Egyesült Államok"
13168859,"Wien, Wien",44.9019561,-90.0250311,korzet,"Wien, Town of Wien, Marathon County, Wisconsin, 54426, Egyesült Államok"
13168862,"Wien, Wien",44.9019561,-90.0250311,korzet,"Wien, Town of Wien, Marathon County, Wisconsin, 54426, Egyesült Államok"
13173606,"Wien, Wien",44.9019561,-90.0250311,korzet,"Wien, Town of Wien, Marathon County, Wisconsin, 54426, Egyesült Államok"
13178163,"Wien, Wien",44.9019561,-90.0250311,korzet,"Wien, Town of Wien, Marathon County, Wisconsin, 54426, Egyesült Államok"
13178660,"Wien, Wien",44.9019561,-90.0250311,korzet,"Wien, Town of Wien, Marathon County, Wisconsin, 54426, Egyesült Államok"
13187698,"Wien, Wien",44.9019561,-90.0250311,korzet,"Wien, Town of Wien, Marathon County, Wisconsin, 54426, Egyesült Államok"
1318789,"Wien, Wien",44.9019561,-90.0250311,korzet,"Wien, Town of Wien, Marathon County, Wisconsin, 54426, Egyesült Államok"
1319194792,"Wien, Wien",44.9019561,-90.0250311,korzet,"Wien, Town of Wien, Marathon County, Wisconsin, 54426, Egyesült Államok"
1319352003,"Wien, Wien",44.9019561,-90.0250311,korzet,"Wien, Town of Wien, Marathon County, Wisconsin, 54426, Egyesült Államok"
1319478208,"Wien, Wien",44.9019561,-90.0250311,korzet,"Wien, Town of Wien, Marathon County, Wisconsin, 54426, Egyesült Államok"
1320433004,"Wien, Wien",44.9019561,-90.0250311,korzet,"Wien, Town of Wien, Marathon County, Wisconsin, 54426, Egyesült Államok"
13207723,"Wien, Wien",44.9019561,-90.0250311,korzet,"Wien, Town of Wien, Marathon County, Wisconsin, 54426, Egyesült Államok"
1320802143,"Wien, Wien",44.9019561,-90.0250311,korzet,"Wien, Town of Wien, Marathon County, Wisconsin, 54426, Egyesült Államok"
13214202,"Wien, Wien",44.9019561,-90.0250311,korzet,"Wien, Town of Wien, Marathon County, Wisconsin, 54426, Egyesült Államok"
13217855,"Wien, Wien",44.9019561,-90.0250311,korzet,"Wien, Town of Wien, Marathon County, Wisconsin, 54426, Egyesült Államok"
1321879746,"2A Fichtegasse, 1020 Wien",,,nincs,
1321884585,"Wien, Wien",44.9019561,-90.0250311,korzet,"Wien, Town of Wien, Marathon County, Wisconsin, 54426, Egyesült Államok"
13219339,"Wien, Wien",44.9019561,-90.0250311,korzet,"Wien, Town of Wien, Marathon County, Wisconsin, 54426, Egyesült Államok"
1322008045,"Wien, Wien",44.9019561,-90.0250311,korzet,"Wien, Town of Wien, Marathon County, Wisconsin, 54426, Egyesült Államok"
13220142,"Wien, Wien",44.9019561,-90.0250311,korzet,"Wien, Town of Wien, Marathon County, Wisconsin, 54426, Egyesült Államok"
13225102,"Wien, Wien",44.9019561,-90.0250311,korzet,"Wien, Town of Wien, Marathon County, Wisconsin, 54426, Egyesült Államok"
13225355,"Wien, Wien",44.9019561,-90.0250311,korzet,"Wien, Town of Wien, Marathon County, Wisconsin, 54426, Egyesült Államok"
1322699951,"Wien, Wien",44.9019561,-90.0250311,korzet,"Wien, Town of Wien, Marathon County, Wisconsin, 54426, Egyesült Államok"
13234705,"Wien, Wien",44.9019561,-90.0250311,korzet,"Wien, Town of Wien, Marathon County, Wisconsin, 54426, Egyesült Államok"
13235068,"Wien, Wien",44.9019561,-90.0250311,korzet,"Wien, Town of Wien, Marathon County, Wisconsin, 54426, Egyesült Államok"
13238412,"Wien, Wien",44.9019561,-90.0250311,korzet,"Wien, Town of Wien, Marathon County, Wisconsin, 54426, Egyesült Államok"
1324101600,"Wien, Wien",44.9019561,-90.0250311,korzet,"Wien, Town of Wien, Marathon County, Wisconsin, 54426, Egyesült Államok"
13243867,"Wien, Wien",44.9019561,-90.0250311,korzet,"Wien, Town of Wien, Marathon County, Wisconsin, 54426, Egyesült Államok"
13246816,"Wien, Wien",44.9019561,-90.0250311,korzet,"Wien, Town of Wien, Marathon County, Wisconsin, 54426, Egyesült Államok"
13246819,"Wien, Wien",44.9019561,-90.0250311,korzet,"Wien, Town of Wien, Marathon County, Wisconsin, 54426, Egyesült Államok"
1324811066,"Wien, Wien",44.9019561,-90.0250311,korzet,"Wien, Town of Wien, Marathon County, Wisconsin, 54426, Egyesült Államok"
1324892633,"Wien, Wien",44.9019561,-90.0250311,korzet,"Wien, Town of Wien, Marathon County, Wisconsin, 54426, Egyesült Államok"
1324977943,"Wien, Wien",44.9019561,-90.0250311,korzet,"Wien, Town of Wien, Marathon County, Wisconsin, 54426, Egyesült Államok"
13250631,"Wien, Wien",44.9019561,-90.0250311,korzet,"Wien, Town of Wien, Marathon County, Wisconsin, 54426, Egyesült Államok"
13251020,"Wien, Wien",44.9019561,-90.0250311,korzet,"Wien, Town of Wien, Marathon County, Wisconsin, 54426, Egyesült Államok"
13251370,"Wien, Wien",44.9019561,-90.0250311,korzet,"Wien, Town of Wien, Marathon County, Wisconsin, 54426, Egyesült Államok"
13251371,"Wien, Wien",44.9019561,-90.0250311,korzet,"Wien, Town of Wien, Marathon County, Wisconsin, 54426, Egyesült Államok"
13251824,"Wien, Wien",44.9019561,-90.0250311,korzet,"Wien, Town of Wien, Marathon County, Wisconsin, 54426, Egyesült Államok"
13252671,"Wien, Wien",44.9019561,-90.0250311,korzet,"Wien, Town of Wien, Marathon County, Wisconsin, 54426, Egyesült Államok"
13252914,"Wien, Wien",44.9019561,-90.0250311,korzet,"Wien, Town of Wien, Marathon County, Wisconsin, 54426, Egyesült Államok"
13253271,"Wien, Wien",44.9019561,-90.0250311,korzet,"Wien, Town of Wien, Marathon County, Wisconsin, 54426, Egyesült Államok"
13253606,"Wien, Wien",44.9019561,-90.0250311,korzet,"Wien, Town of Wien, Marathon County, Wisconsin, 54426, Egyesült Államok"
13254083,"Wien, Wien",44.9019561,-90.0250311,korzet,"Wien, Town of Wien, Marathon County, Wisconsin, 54426, Egyesült Államok"
13254258,"Wien, Wien",44.9019561,-90.0250311,korzet,"Wien, Town of Wien, Marathon County, Wisconsin, 54426, Egyesült Államok"
13254261,"Wien, Wien",44.9019561,-90.0250311,korzet,"Wien, Town of Wien, Marathon County, Wisconsin, 54426, Egyesült Államok"
13254767,"Wien, Wien",44.9019561,-90.0250311,korzet,"Wien, Town of Wien, Marathon County, Wisconsin, 54426, Egyesült Államok"
13254793,"Wien, Wien",44.9019561,-90.0250311,korzet,"Wien, Town of Wien, Marathon County, Wisconsin, 54426, Egyesült Államok"
1325550673,"Wien, Wien",44.9019561,-90.0250311,korzet,"Wien, Town of Wien, Marathon County, Wisconsin, 54426, Egyesült Államok"
13256122,"Wien, Wien",44.9019561,-90.0250311,korzet,"Wien, Town of Wien, Marathon County, Wisconsin, 54426, Egyesült Államok"
13256599,"Wien, Wien",44.9019561,-90.0250311,korzet,"Wien, Town of Wien, Marathon County, Wisconsin, 54426, Egyesült Államok"
13256952,"Wien, Wien",44.9019561,-90.0250311,korzet,"Wien, Town of Wien, Marathon County, Wisconsin, 54426, Egyesült Államok"
13257097,"Wien, Wien",44.9019561,-90.0250311,korzet,"Wien, Town of Wien, Marathon County, Wisconsin, 54426, Egyesült Államok"
13258364,"Wien, Wien",44.9019561,-90.0250311,korzet,"Wien, Town of Wien, Marathon County, Wisconsin, 54426, Egyesült Államok"
13259408,"Wien, Wien",44.9019561,-90.0250311,korzet,"Wien, Town of Wien, Marathon County, Wisconsin, 54426, Egyesült Államok"
13259863,"Wien, Wien",44.9019561,-90.0250311,korzet,"Wien, Town of Wien, Marathon County, Wisconsin, 54426, Egyesült Államok"
13260117,"Wien, Wien",44.9019561,-90.0250311,korzet,"Wien, Town of Wien, Marathon County, Wisconsin, 54426, Egyesült Államok"
13260268,"Wien, Wien",44.9019561,-90.0250311,korzet,"Wien, Town of Wien, Marathon County, Wisconsin, 54426, Egyesült Államok"
13260310,"Wien, Wien",44.9019561,-90.0250311,korzet,"Wien, Town of Wien, Marathon County, Wisconsin, 54426, Egyesült Államok"
13261177,"Wien, Wien",44.9019561,-90.0250311,korzet,"Wien, Town of Wien, Marathon County, Wisconsin, 54426, Egyesült Államok"
13261231,"Wien, Wien",44.9019561,-90.0250311,korzet,"Wien, Town of Wien, Marathon County, Wisconsin, 54426, Egyesült Államok"
13261690,"Wien, Wien",44.9019561,-90.0250311,korzet,"Wien, Town of Wien, Marathon County, Wisconsin, 54426, Egyesült Államok"
13262519,"Wien, Wien",44.9019561,-90.0250311,korzet,"Wien, Town of Wien, Marathon County, Wisconsin, 54426, Egyesült Államok"
13262624,"Wien, Wien",44.9019561,-90.0250311,korzet,"Wien, Town of Wien, Marathon County, Wisconsin, 54426, Egyesült Államok"
13263306,"Wien, Wien",44.9019561,-90.0250311,korzet,"Wien, Town of Wien, Marathon County, Wisconsin, 54426, Egyesült Államok"
13263970,"Wien, Wien",44.9019561,-90.0250311,korzet,"Wien, Town of Wien, Marathon County, Wisconsin, 54426, Egyesült Államok"
13265124,"Wien, Wien",44.9019561,-90.0250311,korzet,"Wien, Town of Wien, Marathon County, Wisconsin, 54426, Egyesült Államok"
13265314,"Wien, Wien",44.9019561,-90.0250311,korzet,"Wien, Town of Wien, Marathon County, Wisconsin, 54426, Egyesült Államok"
13265413,"Wien, Wien",44.9019561,-90.0250311,korzet,"Wien, Town of Wien, Marathon County, Wisconsin, 54426, Egyesült Államok"
13266166,"Wien, Wien",44.9019561,-90.0250311,korzet,"Wien, Town of Wien, Marathon County, Wisconsin, 54426, Egyesült Államok"
13266180,"Wien, Wien",44.9019561,-90.0250311,korzet,"Wien, Town of Wien, Marathon County, Wisconsin, 54426, Egyesült Államok"
13266440,"Wien, Wien",44.9019561,-90.0250311,korzet,"Wien, Town of Wien, Marathon County, Wisconsin, 54426, Egyesült Államok"
13266441,"Wien, Wien",44.9019561,-90.0250311,korzet,"Wien, Town of Wien, Marathon County, Wisconsin, 54426, Egyesült Államok"
13266657,"Wien, Wien",44.9019561,-90.0250311,korzet,"Wien, Town of Wien, Marathon County, Wisconsin, 54426, Egyesült Államok"
13266659,"Wien, Wien",44.9019561,-90.0250311,korzet,"Wien, Town of Wien, Marathon County, Wisconsin, 54426, Egyesült Államok"
13267015,"Wien, Wien",44.9019561,-90.0250311,korzet,"Wien, Town of Wien, Marathon County, Wisconsin, 54426, Egyesült Államok"
13267918,"Wien, Wien",44.9019561,-90.0250311,korzet,"Wien, Town of Wien, Marathon County, Wisconsin, 54426, Egyesült Államok"
13267982,"Wien, Wien",44.9019561,-90.0250311,korzet,"Wien, Town of Wien, Marathon County, Wisconsin, 54426, Egyesült Államok"
13268050,"Wien, Wien",44.9019561,-90.0250311,korzet,"Wien, Town of Wien, Marathon County, Wisconsin, 54426, Egyesült Államok"
13268151,"Wien, Wien",44.9019561,-90.0250311,korzet,"Wien, Town of Wien, Marathon County, Wisconsin, 54426, Egyesült Államok"
13268189,"Wien, Wien",44.9019561,-90.0250311,korzet,"Wien, Town of Wien, Marathon County, Wisconsin, 54426, Egyesült Államok"
13268241,"Wien, Wien",44.9019561,-90.0250311,korzet,"Wien, Town of Wien, Marathon County, Wisconsin, 54426, Egyesült Államok"
13268475,"Wien, Wien",44.9019561,-90.0250311,korzet,"Wien, Town of Wien, Marathon County, Wisconsin, 54426, Egyesült Államok"
13269120,"Wien, Wien",44.9019561,-90.0250311,korzet,"Wien, Town of Wien, Marathon County, Wisconsin, 54426, Egyesült Államok"
13269471,"Wien, Wien",44.9019561,-90.0250311,korzet,"Wien, Town of Wien, Marathon County, Wisconsin, 54426, Egyesült Államok"
13269473,"Wien, Wien",44.9019561,-90.0250311,korzet,"Wien, Town of Wien, Marathon County, Wisconsin, 54426, Egyesült Államok"
13270046,"Wien, Wien",44.9019561,-90.0250311,korzet,"Wien, Town of Wien, Marathon County, Wisconsin, 54426, Egyesült Államok"
13270104,"Wien, Wien",44.9019561,-90.0250311,korzet,"Wien, Town of Wien, Marathon County, Wisconsin, 54426, Egyesült Államok"
13270169,"Wien, Wien",44.9019561,-90.0250311,korzet,"Wien, Town of Wien, Marathon County, Wisconsin, 54426, Egyesült Államok"
13270308,"Wien, Wien",44.9019561,-90.0250311,korzet,"Wien, Town of Wien, Marathon County, Wisconsin, 54426, Egyesült Államok"
13270359,"Wien, Wien",44.9019561,-90.0250311,korzet,"Wien, Town of Wien, Marathon County, Wisconsin, 54426, Egyesült Államok"
13270583,"Wien, Wien",44.9019561,-90.0250311,korzet,"Wien, Town of Wien, Marathon County, Wisconsin, 54426, Egyesült Államok"
13271018,"Wien, Wien",44.9019561,-90.0250311,korzet,"Wien, Town of Wien, Marathon County, Wisconsin, 54426, Egyesült Államok"
13271324,"Wien, Wien",44.9019561,-90.0250311,korzet,"Wien, Town of Wien, Marathon County, Wisconsin, 54426, Egyesült Államok"
13271440,"Wien, Wien",44.9019561,-90.0250311,korzet,"Wien, Town of Wien, Marathon County, Wisconsin, 54426, Egyesült Államok"
13271554,"Wien, Wien",44.9019561,-90.0250311,korzet,"Wien, Town of Wien, Marathon County, Wisconsin, 54426, Egyesült Államok"
1327169294,"Wien, 02. Bezirk, Leopoldstadt, Wien",,,nincs,
13271898,"Wien, Wien",44.9019561,-90.0250311,korzet,"Wien, Town of Wien, Marathon County, Wisconsin, 54426, Egyesült Államok"
13272033,"Wien, Wien",44.9019561,-90.0250311,korzet,"Wien, Town of Wien, Marathon County, Wisconsin, 54426, Egyesült Államok"
13272674,"Wien, Wien",44.9019561,-90.0250311,korzet,"Wien, Town of Wien, Marathon County, Wisconsin, 54426, Egyesült Államok"
13272699,"Wien, Wien",44.9019561,-90.0250311,korzet,"Wien, Town of Wien, Marathon County, Wisconsin, 54426, Egyesült Államok"
13272832,"Wien, Wien",44.9019561,-90.0250311,korzet,"Wien, Town of Wien, Marathon County, Wisconsin, 54426, Egyesült Államok"
13273238,"Wien, Wien",44.9019561,-90.0250311,korzet,"Wien, Town of Wien, Marathon County, Wisconsin, 54426, Egyesült Államok"
13273308,"Wien, Wien",44.9019561,-90.0250311,korzet,"Wien, Town of Wien, Marathon County, Wisconsin, 54426, Egyesült Államok"
13273379,"Wien, Wien",44.9019561,-90.0250311,korzet,"Wien, Town of Wien, Marathon County, Wisconsin, 54426, Egyesült Államok"
13273465,"Wien, Wien",44.9019561,-90.0250311,korzet,"Wien, Town of Wien, Marathon County, Wisconsin, 54426, Egyesült Államok"
13273588,"Wien, Wien",44.9019561,-90.0250311,korzet,"Wien, Town of Wien, Marathon County, Wisconsin, 54426, Egyesült Államok"
13273928,"Wien, Wien",44.9019561,-90.0250311,korzet,"Wien, Town of Wien, Marathon County, Wisconsin, 54426, Egyesült Államok"
13274271,"Wien, Wien",44.9019561,-90.0250311,korzet,"Wien, Town of Wien, Marathon County, Wisconsin, 54426, Egyesült Államok"
13274274,"Wien, Wien",44.9019561,-90.0250311,korzet,"Wien, Town of Wien, Marathon County, Wisconsin, 54426, Egyesült Államok"
13274357,"Wien, Wien",44.9019561,-90.0250311,korzet,"Wien, Town of Wien, Marathon County, Wisconsin, 54426, Egyesült Államok"
13274366,"Wien, Wien",44.9019561,-90.0250311,korzet,"Wien, Town of Wien, Marathon County, Wisconsin, 54426, Egyesült Államok"
13274674,"Wien, Wien",44.9019561,-90.0250311,korzet,"Wien, Town of Wien, Marathon County, Wisconsin, 54426, Egyesült Államok"
13275003,"Wien, Wien",44.9019561,-90.0250311,korzet,"Wien, Town of Wien, Marathon County, Wisconsin, 54426, Egyesült Államok"
13275035,"Wien, Wien",44.9019561,-90.0250311,korzet,"Wien, Town of Wien, Marathon County, Wisconsin, 54426, Egyesült Államok"
13275160,"Wien, Wien",44.9019561,-90.0250311,korzet,"Wien, Town of Wien, Marathon County, Wisconsin, 54426, Egyesült Államok"
13275175,"Wien, Wien",44.9019561,-90.0250311,korzet,"Wien, Town of Wien, Marathon County, Wisconsin, 54426, Egyesült Államok"
13275468,"Wien, Wien",44.9019561,-90.0250311,korzet,"Wien, Town of Wien, Marathon County, Wisconsin, 54426, Egyesült Államok"
13275502,"Wien, Wien",44.9019561,-90.0250311,korzet,"Wien, Town of Wien, Marathon County, Wisconsin, 54426, Egyesült Államok"
13275526,"Wien, Wien",44.9019561,-90.0250311,korzet,"Wien, Town of Wien, Marathon County, Wisconsin, 54426, Egyesült Államok"
13275539,"Wien, Wien",44.9019561,-90.0250311,korzet,"Wien, Town of Wien, Marathon County, Wisconsin, 54426, Egyesült Államok"
13275593,"Wien, Wien",44.9019561,-90.0250311,korzet,"Wien, Town of Wien, Marathon County, Wisconsin, 54426, Egyesült Államok"
13275594,"Wien, Wien",44.9019561,-90.0250311,korzet,"Wien, Town of Wien, Marathon County, Wisconsin, 54426, Egyesült Államok"
13275614,"Wien, Wien",44.9019561,-90.0250311,korzet,"Wien, Town of Wien, Marathon County, Wisconsin, 54426, Egyesült Államok"
13275973,"Wien, Wien",44.9019561,-90.0250311,korzet,"Wien, Town of Wien, Marathon County, Wisconsin, 54426, Egyesült Államok"
13276018,"Wien, Wien",44.9019561,-90.0250311,korzet,"Wien, Town of Wien, Marathon County, Wisconsin, 54426, Egyesült Államok"
13276190,"Wien, Wien",44.9019561,-90.0250311,korzet,"Wien, Town of Wien, Marathon County, Wisconsin, 54426, Egyesült Államok"
13276348,"Wien, Wien",44.9019561,-90.0250311,korzet,"Wien, Town of Wien, Marathon County, Wisconsin, 54426, Egyesült Államok"
13276395,"Wien, Wien",44.9019561,-90.0250311,korzet,"Wien, Town of Wien, Marathon County, Wisconsin, 54426, Egyesült Államok"
13277197,"Wien, Wien",44.9019561,-90.0250311,korzet,"Wien, Town of Wien, Marathon County, Wisconsin, 54426, Egyesült Államok"
13277242,"Wien, Wien",44.9019561,-90.0250311,korzet,"Wien, Town of Wien, Marathon County, Wisconsin, 54426, Egyesült Államok"
13277244,"Wien, Wien",44.9019561,-90.0250311,korzet,"Wien, Town of Wien, Marathon County, Wisconsin, 54426, Egyesült Államok"
13277334,"Wien, Wien",44.9019561,-90.0250311,korzet,"Wien, Town of Wien, Marathon County, Wisconsin, 54426, Egyesült Államok"
1328084447,"Wien, Wien",44.9019561,-90.0250311,korzet,"Wien, Town of Wien, Marathon County, Wisconsin, 54426, Egyesült Államok"
1328161927,"Wien, Wien",44.9019561,-90.0250311,korzet,"Wien, Town of Wien, Marathon County, Wisconsin, 54426, Egyesült Államok"
1328575489,"Wien, Wien",44.9019561,-90.0250311,korzet,"Wien, Town of Wien, Marathon County, Wisconsin, 54426, Egyesült Államok"
1331206741,"2A Fichtegasse, 1020 Wien",,,nincs,
1332010919,"Wien, Wien",44.9019561,-90.0250311,korzet,"Wien, Town of Wien, Marathon County, Wisconsin, 54426, Egyesült Államok"
1333200499,"Wien, 02. Bezirk, Leopoldstadt, Wien",,,nincs,
1336411386,"Wien, Wien",44.9019561,-90.0250311,korzet,"Wien, Town of Wien, Marathon County, Wisconsin, 54426, Egyesült Államok"
1337387,"Wien, Wien",44.9019561,-90.0250311,korzet,"Wien, Town of Wien, Marathon County, Wisconsin, 54426, Egyesült Államok"
1337868654,"Wien, Wien",44.9019561,-90.0250311,korzet,"Wien, Town of Wien, Marathon County, Wisconsin, 54426, Egyesült Államok"
1337938496,"19 Schreygasse, 1020 Wien",,,nincs,
1339520435,"Wien, Wien",44.9019561,-90.0250311,korzet,"Wien, Town of Wien, Marathon County, Wisconsin, 54426, Egyesült Államok"
1340362405,"Wien, Wien",44.9019561,-90.0250311,korzet,"Wien, Town of Wien, Marathon County, Wisconsin, 54426, Egyesült Államok"
1341172110,"Wien, Wien",44.9019561,-90.0250311,korzet,"Wien, Town of Wien, Marathon County, Wisconsin, 54426, Egyesült Államok"
1348821349,"Wien, Wien",44.9019561,-90.0250311,korzet,"Wien, Town of Wien, Marathon County, Wisconsin, 54426, Egyesült Államok"
1349901524,"Wien, Wien",44.9019561,-90.0250311,korzet,"Wien, Town of Wien, Marathon County, Wisconsin, 54426, Egyesült Államok"
1350891652,"Wien, 02. Bezirk, Leopoldstadt, Wien",,,nincs,
1351224986,"23 Donaustraße, 1020 Wien",48.2231925,16.3710362,hazszam,"23, Obere Donaustraße, Rembrandtviertel, Leopoldstadt, Katastralgemeinde Leopoldstadt, Leopoldstadt, Bécs, 1020, Ausztria"
1354610435,"23 Donaustraße, 1020 Wien",48.2231925,16.3710362,hazszam,"23, Obere Donaustraße, Rembrandtviertel, Leopoldstadt, Katastralgemeinde Leopoldstadt, Leopoldstadt, Bécs, 1020, Ausztria"
1354833123,"Wien, Wien",44.9019561,-90.0250311,korzet,"Wien, Town of Wien, Marathon County, Wisconsin, 54426, Egyesült Államok"
1355504636,"Wien, Wien",44.9019561,-90.0250311,korzet,"Wien, Town of Wien, Marathon County, Wisconsin, 54426, Egyesült Államok"
1355692690,"Wien, 02. Bezirk, Leopoldstadt, Wien",,,nincs,
1357277845,"1-3 Mumbgasse, 1020 Wien",,,nincs,
1358413452,"Wien, Wien",44.9019561,-90.0250311,korzet,"Wien, Town of Wien, Marathon County, Wisconsin, 54426, Egyesült Államok"
1358523975,"23 Donaustraße, 1020 Wien",48.2231925,16.3710362,hazszam,"23, Obere Donaustraße, Rembrandtviertel, Leopoldstadt, Katastralgemeinde Leopoldstadt, Leopoldstadt, Bécs, 1020, Ausztria"
1358554794,"Wien, Wien",44.9019561,-90.0250311,korzet,"Wien, Town of Wien, Marathon County, Wisconsin, 54426, Egyesült Államok"
1359362327,"Wien, Wien",44.9019561,-90.0250311,korzet,"Wien, Town of Wien, Marathon County, Wisconsin, 54426, Egyesült Államok"
1361550649,"Wien, Wien",44.9019561,-90.0250311,korzet,"Wien, Town of Wien, Marathon County, Wisconsin, 54426, Egyesült Államok"
1364778822,"Wien, Wien",44.9019561,-90.0250311,korzet,"Wien, Town of Wien, Marathon County, Wisconsin, 54426, Egyesült Államok"
1367370829,"Wien, 02. Bezirk, Leopoldstadt, Wien",,,nincs,
1368279029,"Wien, 02. Bezirk, Leopoldstadt, Wien",,,nincs,
1369572966,"Wien, Wien",44.9019561,-90.0250311,korzet,"Wien, Town of Wien, Marathon County, Wisconsin, 54426, Egyesült Államok"
1369879313,"Wien, Wien",44.9019561,-90.0250311,korzet,"Wien, Town of Wien, Marathon County, Wisconsin, 54426, Egyesült Államok"
1370132468,"Wien, Wien",44.9019561,-90.0250311,korzet,"Wien, Town of Wien, Marathon County, Wisconsin, 54426, Egyesült Államok"
1370727773,"Wien, Wien",44.9019561,-90.0250311,korzet,"Wien, Town of Wien, Marathon County, Wisconsin, 54426, Egyesült Államok"
1371953592,"Wien, Wien",44.9019561,-90.0250311,korzet,"Wien, Town of Wien, Marathon County, Wisconsin, 54426, Egyesült Államok"
1371975834,"Wien, 02. Bezirk, Leopoldstadt, Wien",,,nincs,
1372964356,"Wien, Wien",44.9019561,-90.0250311,korzet,"Wien, Town of Wien, Marathon County, Wisconsin, 54426, Egyesült Államok"
1373163437,"Wien, Wien",44.9019561,-90.0250311,korzet,"Wien, Town of Wien, Marathon County, Wisconsin, 54426, Egyesült Államok"
1375401228,"Wien, Wien",44.9019561,-90.0250311,korzet,"Wien, Town of Wien, Marathon County, Wisconsin, 54426, Egyesült Államok"
1377722684,"Wien, Wien",44.9019561,-90.0250311,korzet,"Wien, Town of Wien, Marathon County, Wisconsin, 54426, Egyesült Államok"
1377733214,"Wien, Wien",44.9019561,-90.0250311,korzet,"Wien, Town of Wien, Marathon County, Wisconsin, 54426, Egyesült Államok"
1378421819,"Wien, 02. Bezirk, Leopoldstadt, Wien",,,nincs,
1380058691,"Wien, 02. Bezirk, Leopoldstadt, Wien",,,nincs,
1380395073,"Wien, 02. Bezirk, Leopoldstadt, Wien",,,nincs,
1380891570,"Wien, Wien",44.9019561,-90.0250311,korzet,"Wien, Town of Wien, Marathon County, Wisconsin, 54426, Egyesült Államok"
1381368666,"Wien, Wien",44.9019561,-90.0250311,korzet,"Wien, Town of Wien, Marathon County, Wisconsin, 54426, Egyesült Államok"
1382323317,"Wien, 02. Bezirk, Leopoldstadt, Wien",,,nincs,
1385269868,"Wien, Wien",44.9019561,-90.0250311,korzet,"Wien, Town of Wien, Marathon County, Wisconsin, 54426, Egyesült Államok"
1388392175,"Wien, Wien",44.9019561,-90.0250311,korzet,"Wien, Town of Wien, Marathon County, Wisconsin, 54426, Egyesült Államok"
1389766976,"Wien, Wien",44.9019561,-90.0250311,korzet,"Wien, Town of Wien, Marathon County, Wisconsin, 54426, Egyesült Államok"
1390933263,"Wien, 02. Bezirk, Leopoldstadt, Wien",,,nincs,
1392687278,"Wien, 02. Bezirk, Leopoldstadt, Wien",,,nincs,
1396016958,"16 Schottenring, 1020 Wien",,,nincs,
1396501999,"Wien, Wien",44.9019561,-90.0250311,korzet,"Wien, Town of Wien, Marathon County, Wisconsin, 54426, Egyesült Államok"
1398219738,"Wien, Wien",44.9019561,-90.0250311,korzet,"Wien, Town of Wien, Marathon County, Wisconsin, 54426, Egyesült Államok"
1398816590,"Wien, 02. Bezirk, Leopoldstadt, Wien",,,nincs,
1400197085,"Wien, Wien",44.9019561,-90.0250311,korzet,"Wien, Town of Wien, Marathon County, Wisconsin, 54426, Egyesült Államok"
1402642217,"Wien, Wien",44.9019561,-90.0250311,korzet,"Wien, Town of Wien, Marathon County, Wisconsin, 54426, Egyesült Államok"
1404284395,"Wien, Wien",44.9019561,-90.0250311,korzet,"Wien, Town of Wien, Marathon County, Wisconsin, 54426, Egyesült Államok"
1404502469,"Wien, Wien",44.9019561,-90.0250311,korzet,"Wien, Town of Wien, Marathon County, Wisconsin, 54426, Egyesült Államok"
1404617359,"Wien, Wien",44.9019561,-90.0250311,korzet,"Wien, Town of Wien, Marathon County, Wisconsin, 54426, Egyesült Államok"
1406182969,"Wien, Wien",44.9019561,-90.0250311,korzet,"Wien, Town of Wien, Marathon County, Wisconsin, 54426, Egyesült Államok"
1406199124,"Wien, Wien",44.9019561,-90.0250311,korzet,"Wien, Town of Wien, Marathon County, Wisconsin, 54426, Egyesült Államok"
1406535233,"Wien, Wien",44.9019561,-90.0250311,korzet,"Wien, Town of Wien, Marathon County, Wisconsin, 54426, Egyesült Államok"
1406617220,"Wien, 02. Bezirk, Leopoldstadt, Wien",,,nincs,
1406984281,"23 Donaustraße, 1020 Wien",48.2231925,16.3710362,hazszam,"23, Obere Donaustraße, Rembrandtviertel, Leopoldstadt, Katastralgemeinde Leopoldstadt, Leopoldstadt, Bécs, 1020, Ausztria"
1407862548,"Wien, 02. Bezirk, Leopoldstadt, Wien",,,nincs,
1409761335,"Wien, Wien",44.9019561,-90.0250311,korzet,"Wien, Town of Wien, Marathon County, Wisconsin, 54426, Egyesült Államok"
1410933489,"29 Ausstellungsstraße, 1020 Wien",48.2182972,16.4019573,hazszam,"29, Ausstellungsstraße, Stuwerviertel, Leopoldstadt, Katastralgemeinde Leopoldstadt, Leopoldstadt, Bécs, 1020, Ausztria"
1411637669,"23 Donaustraße, 1020 Wien",48.2231925,16.3710362,hazszam,"23, Obere Donaustraße, Rembrandtviertel, Leopoldstadt, Katastralgemeinde Leopoldstadt, Leopoldstadt, Bécs, 1020, Ausztria"
1412829780,"Wien, 02. Bezirk, Leopoldstadt, Wien",,,nincs,
1416220324,"Wien, Wien",44.9019561,-90.0250311,korzet,"Wien, Town of Wien, Marathon County, Wisconsin, 54426, Egyesült Államok"
1416648364,"Wien, Wien",44.9019561,-90.0250311,korzet,"Wien, Town of Wien, Marathon County, Wisconsin, 54426, Egyesült Államok"
1417227144,"Wien, Wien",44.9019561,-90.0250311,korzet,"Wien, Town of Wien, Marathon County, Wisconsin, 54426, Egyesült Államok"
1419412625,"7 Stoffellagasse, 1020 Wien",,,nincs,
1420913396,"Wien, 02. Bezirk, Leopoldstadt, Wien",,,nincs,
1421882394,"23 Donaustraße, 1020 Wien",48.2231925,16.3710362,hazszam,"23, Obere Donaustraße, Rembrandtviertel, Leopoldstadt, Katastralgemeinde Leopoldstadt, Leopoldstadt, Bécs, 1020, Ausztria"
1423064844,"Wien, Wien",44.9019561,-90.0250311,korzet,"Wien, Town of Wien, Marathon County, Wisconsin, 54426, Egyesült Államok"
1423974008,"Wien, Wien",44.9019561,-90.0250311,korzet,"Wien, Town of Wien, Marathon County, Wisconsin, 54426, Egyesült Államok"
1426094134,"Wien, Wien",44.9019561,-90.0250311,korzet,"Wien, Town of Wien, Marathon County, Wisconsin, 54426, Egyesült Államok"
1426782122,"Wien, Wien",44.9019561,-90.0250311,korzet,"Wien, Town of Wien, Marathon County, Wisconsin, 54426, Egyesült Államok"
1429529966,"Wien, Wien",44.9019561,-90.0250311,korzet,"Wien, Town of Wien, Marathon County, Wisconsin, 54426, Egyesült Államok"
1430500410,"Wien, 02. Bezirk, Leopoldstadt, Wien",,,nincs,
1430745652,"Wien, Wien",44.9019561,-90.0250311,korzet,"Wien, Town of Wien, Marathon County, Wisconsin, 54426, Egyesült Államok"
1431192468,"Wien, Wien",44.9019561,-90.0250311,korzet,"Wien, Town of Wien, Marathon County, Wisconsin, 54426, Egyesült Államok"
1431944382,"Wien, Wien",44.9019561,-90.0250311,korzet,"Wien, Town of Wien, Marathon County, Wisconsin, 54426, Egyesült Államok"
1432561905,"Wien, 02. Bezirk, Leopoldstadt, Wien",,,nincs,
1432754609,"Wien, Wien",44.9019561,-90.0250311,korzet,"Wien, Town of Wien, Marathon County, Wisconsin, 54426, Egyesült Államok"
1433482393,"4 Dammhaufengasse, 1020 Wien",,,nincs,
1434224870,"60 Stuwerstraße, 1020 Wien",48.2186578,16.406672,hazszam,"60, Stuwerstraße, Stuwerviertel, Leopoldstadt, Katastralgemeinde Leopoldstadt, Leopoldstadt, Bécs, 1020, Ausztria"
1434744525,"Wien, Wien",44.9019561,-90.0250311,korzet,"Wien, Town of Wien, Marathon County, Wisconsin, 54426, Egyesült Államok"
1436097415,"Wien, Wien",44.9019561,-90.0250311,korzet,"Wien, Town of Wien, Marathon County, Wisconsin, 54426, Egyesült Államok"
1437981414,"Wien, 02. Bezirk, Leopoldstadt, Wien",,,nincs,
1438627739,"Wien, 02. Bezirk, Leopoldstadt, Wien",,,nincs,
1438755794,"Wien, 02. Bezirk, Leopoldstadt, Wien",,,nincs,
1439608,"Wien, Wien",44.9019561,-90.0250311,korzet,"Wien, Town of Wien, Marathon County, Wisconsin, 54426, Egyesült Államok"
1441330215,"Wien, Wien",44.9019561,-90.0250311,korzet,"Wien, Town of Wien, Marathon County, Wisconsin, 54426, Egyesült Államok"
1443244064,"Wien, Wien",44.9019561,-90.0250311,korzet,"Wien, Town of Wien, Marathon County, Wisconsin, 54426, Egyesült Államok"
1443838008,"Wien, Wien",44.9019561,-90.0250311,korzet,"Wien, Town of Wien, Marathon County, Wisconsin, 54426, Egyesült Államok"
1444639680,"Wien, Wien",44.9019561,-90.0250311,korzet,"Wien, Town of Wien, Marathon County, Wisconsin, 54426, Egyesült Államok"
1445569459,"Wien, Wien",44.9019561,-90.0250311,korzet,"Wien, Town of Wien, Marathon County, Wisconsin, 54426, Egyesült Államok"
1447578524,"1020 Lessinggasse, 1020 Wien",,,nincs,
1448598985,"Wien, Wien",44.9019561,-90.0250311,korzet,"Wien, Town of Wien, Marathon County, Wisconsin, 54426, Egyesült Államok"
1449958460,"7 Stoffellagasse, 1020 Wien",,,nincs,
1450072653,"Wien, Wien",44.9019561,-90.0250311,korzet,"Wien, Town of Wien, Marathon County, Wisconsin, 54426, Egyesült Államok"
1453107321,"Wien, Wien",44.9019561,-90.0250311,korzet,"Wien, Town of Wien, Marathon County, Wisconsin, 54426, Egyesült Államok"
1453186302,"Wien, 02. Bezirk, Leopoldstadt, Wien",,,nincs,
1454071001,"Wien, 02. Bezirk, Leopoldstadt, Wien",,,nincs,
1454541789,"Wien, 02. Bezirk, Leopoldstadt, Wien",,,nincs,
1455078072,"29 Ausstellungsstraße, 1020 Wien",48.2182972,16.4019573,hazszam,"29, Ausstellungsstraße, Stuwerviertel, Leopoldstadt, Katastralgemeinde Leopoldstadt, Leopoldstadt, Bécs, 1020, Ausztria"
1455080466,"Wien, Wien",44.9019561,-90.0250311,korzet,"Wien, Town of Wien, Marathon County, Wisconsin, 54426, Egyesült Államok"
1456502501,"Wien, 02. Bezirk, Leopoldstadt, Wien",,,nincs,
1456970431,"Wien, Wien",44.9019561,-90.0250311,korzet,"Wien, Town of Wien, Marathon County, Wisconsin, 54426, Egyesült Államok"
1457623368,"Wien, Wien",44.9019561,-90.0250311,korzet,"Wien, Town of Wien, Marathon County, Wisconsin, 54426, Egyesült Államok"
1457753847,"Wien, Wien",44.9019561,-90.0250311,korzet,"Wien, Town of Wien, Marathon County, Wisconsin, 54426, Egyesült Államok"
1458007080,"Wien, Wien",44.9019561,-90.0250311,korzet,"Wien, Town of Wien, Marathon County, Wisconsin, 54426, Egyesült Államok"
1458147615,"229 Engerthstraße, 1020 Wien",,,nincs,
1458426250,"Wien, Wien",44.9019561,-90.0250311,korzet,"Wien, Town of Wien, Marathon County, Wisconsin, 54426, Egyesült Államok"
1458766395,"Wien, Wien",44.9019561,-90.0250311,korzet,"Wien, Town of Wien, Marathon County, Wisconsin, 54426, Egyesült Államok"
1461471866,"Wien, Wien",44.9019561,-90.0250311,korzet,"Wien, Town of Wien, Marathon County, Wisconsin, 54426, Egyesült Államok"
1461520528,"Wien, 02. Bezirk, Leopoldstadt, Wien",,,nincs,
1464084438,"Wien, Wien",44.9019561,-90.0250311,korzet,"Wien, Town of Wien, Marathon County, Wisconsin, 54426, Egyesült Államok"
1465359017,"Wien, Wien",44.9019561,-90.0250311,korzet,"Wien, Town of Wien, Marathon County, Wisconsin, 54426, Egyesült Államok"
1465513442,"7 Stoffellagasse, 1020 Wien",,,nincs,
1466796563,"Wien, Wien",44.9019561,-90.0250311,korzet,"Wien, Town of Wien, Marathon County, Wisconsin, 54426, Egyesült Államok"
1466990882,"Wien, 02. Bezirk, Leopoldstadt, Wien",,,nincs,
1470940161,"Wien, Wien",44.9019561,-90.0250311,korzet,"Wien, Town of Wien, Marathon County, Wisconsin, 54426, Egyesült Államok"
1471492309,"Wien, Wien",44.9019561,-90.0250311,korzet,"Wien, Town of Wien, Marathon County, Wisconsin, 54426, Egyesült Államok"
1473765130,"Wien, Wien",44.9019561,-90.0250311,korzet,"Wien, Town of Wien, Marathon County, Wisconsin, 54426, Egyesült Államok"
1475559989,"2A Fichtegasse, 1020 Wien",,,nincs,
1476905838,"Wien, 02. Bezirk, Leopoldstadt, Wien",,,nincs,
1477885200,"Wien, Wien",44.9019561,-90.0250311,korzet,"Wien, Town of Wien, Marathon County, Wisconsin, 54426, Egyesült Államok"
1478565131,"Wien, 02. Bezirk, Leopoldstadt, Wien",,,nincs,
1478897008,"Wien, Wien",44.9019561,-90.0250311,korzet,"Wien, Town of Wien, Marathon County, Wisconsin, 54426, Egyesült Államok"
1480550531,"Wien, Wien",44.9019561,-90.0250311,korzet,"Wien, Town of Wien, Marathon County, Wisconsin, 54426, Egyesült Államok"
1480697547,"Wien, 02. Bezirk, Leopoldstadt, Wien",,,nincs,
1480704372,"Wien, Wien",44.9019561,-90.0250311,korzet,"Wien, Town of Wien, Marathon County, Wisconsin, 54426, Egyesült Államok"
1480783003,"Wien, 02. Bezirk, Leopoldstadt, Wien",,,nincs,
1482030405,"Wien, Wien",44.9019561,-90.0250311,korzet,"Wien, Town of Wien, Marathon County, Wisconsin, 54426, Egyesült Államok"
1482032055,"Wien, Wien",44.9019561,-90.0250311,korzet,"Wien, Town of Wien, Marathon County, Wisconsin, 54426, Egyesült Államok"
1482761097,"Wien, Wien",44.9019561,-90.0250311,korzet,"Wien, Town of Wien, Marathon County, Wisconsin, 54426, Egyesült Államok"
1484717317,"Wien, Wien",44.9019561,-90.0250311,korzet,"Wien, Town of Wien, Marathon County, Wisconsin, 54426, Egyesült Államok"
1490230955,"Wien, Wien",44.9019561,-90.0250311,korzet,"Wien, Town of Wien, Marathon County, Wisconsin, 54426, Egyesült Államok"
1492110869,"Wien, Wien",44.9019561,-90.0250311,korzet,"Wien, Town of Wien, Marathon County, Wisconsin, 54426, Egyesült Államok"
1492408482,"Wien, Wien",44.9019561,-90.0250311,korzet,"Wien, Town of Wien, Marathon County, Wisconsin, 54426, Egyesült Államok"
1492832654,"18 Lilienbrunngasse, 1020 Wien",,,nincs,
1493904467,"Wien, 02. Bezirk, Leopoldstadt, Wien",,,nincs,
1494343382,"Wien, 02. Bezirk, Leopoldstadt, Wien",,,nincs,
1496151671,"Wien, Wien",44.9019561,-90.0250311,korzet,"Wien, Town of Wien, Marathon County, Wisconsin, 54426, Egyesült Államok"
1496403436,"23 Donaustraße, 1020 Wien",48.2231925,16.3710362,hazszam,"23, Obere Donaustraße, Rembrandtviertel, Leopoldstadt, Katastralgemeinde Leopoldstadt, Leopoldstadt, Bécs, 1020, Ausztria"
1496503893,"Wien, Wien",44.9019561,-90.0250311,korzet,"Wien, Town of Wien, Marathon County, Wisconsin, 54426, Egyesült Államok"
1497162172,"Wien, Wien",44.9019561,-90.0250311,korzet,"Wien, Town of Wien, Marathon County, Wisconsin, 54426, Egyesült Államok"
1497971920,"Wien, Wien",44.9019561,-90.0250311,korzet,"Wien, Town of Wien, Marathon County, Wisconsin, 54426, Egyesült Államok"
1498511409,"Wien, Wien",44.9019561,-90.0250311,korzet,"Wien, Town of Wien, Marathon County, Wisconsin, 54426, Egyesült Államok"
1498542894,"Wien, Wien",44.9019561,-90.0250311,korzet,"Wien, Town of Wien, Marathon County, Wisconsin, 54426, Egyesült Államok"
1499197728,"Wien, Wien",44.9019561,-90.0250311,korzet,"Wien, Town of Wien, Marathon County, Wisconsin, 54426, Egyesült Államok"
1501098508,"Wien, 02. Bezirk, Leopoldstadt, Wien",,,nincs,
1501551426,"Wien, Wien",44.9019561,-90.0250311,korzet,"Wien, Town of Wien, Marathon County, Wisconsin, 54426, Egyesült Államok"
1502571580,"Wien, Wien",44.9019561,-90.0250311,korzet,"Wien, Town of Wien, Marathon County, Wisconsin, 54426, Egyesült Államok"
1502720282,"Wien, Wien",44.9019561,-90.0250311,korzet,"Wien, Town of Wien, Marathon County, Wisconsin, 54426, Egyesült Államok"
1502804292,"Wien, Wien",44.9019561,-90.0250311,korzet,"Wien, Town of Wien, Marathon County, Wisconsin, 54426, Egyesült Államok"
1506074793,"29 Ausstellungsstraße, 1020 Wien",48.2182972,16.4019573,hazszam,"29, Ausstellungsstraße, Stuwerviertel, Leopoldstadt, Katastralgemeinde Leopoldstadt, Leopoldstadt, Bécs, 1020, Ausztria"
1506099341,"Wien, Wien",44.9019561,-90.0250311,korzet,"Wien, Town of Wien, Marathon County, Wisconsin, 54426, Egyesült Államok"
1506925917,"Wien, 02. Bezirk, Leopoldstadt, Wien",,,nincs,
1507718390,"Wien, Wien",44.9019561,-90.0250311,korzet,"Wien, Town of Wien, Marathon County, Wisconsin, 54426, Egyesült Államok"
1509455512,"Wien, Wien",44.9019561,-90.0250311,korzet,"Wien, Town of Wien, Marathon County, Wisconsin, 54426, Egyesült Államok"
1509939420,"15 Donaustraße, 1020 Wien",,,nincs,
1509944661,"Wien, Wien",44.9019561,-90.0250311,korzet,"Wien, Town of Wien, Marathon County, Wisconsin, 54426, Egyesült Államok"
1510184789,"Wien, Wien",44.9019561,-90.0250311,korzet,"Wien, Town of Wien, Marathon County, Wisconsin, 54426, Egyesült Államok"
1511291998,"Wien, Wien",44.9019561,-90.0250311,korzet,"Wien, Town of Wien, Marathon County, Wisconsin, 54426, Egyesült Államok"
1511435287,"Wien, Wien",44.9019561,-90.0250311,korzet,"Wien, Town of Wien, Marathon County, Wisconsin, 54426, Egyesült Államok"
1513176242,"Wien, Wien",44.9019561,-90.0250311,korzet,"Wien, Town of Wien, Marathon County, Wisconsin, 54426, Egyesült Államok"
1513372974,"Wien, Wien",44.9019561,-90.0250311,korzet,"Wien, Town of Wien, Marathon County, Wisconsin, 54426, Egyesült Államok"
1513777423,"Wien, Wien",44.9019561,-90.0250311,korzet,"Wien, Town of Wien, Marathon County, Wisconsin, 54426, Egyesült Államok"
1515352501,"Wien, 02. Bezirk, Leopoldstadt, Wien",,,nincs,
1518269863,"Wien, Wien",44.9019561,-90.0250311,korzet,"Wien, Town of Wien, Marathon County, Wisconsin, 54426, Egyesült Államok"
1518905814,"Wien, 02. Bezirk, Leopoldstadt, Wien",,,nincs,
1519371235,"Wien, Wien",44.9019561,-90.0250311,korzet,"Wien, Town of Wien, Marathon County, Wisconsin, 54426, Egyesült Államok"
1519823485,"Wien, Wien",44.9019561,-90.0250311,korzet,"Wien, Town of Wien, Marathon County, Wisconsin, 54426, Egyesült Államok"
1519963191,"Wien, 02. Bezirk, Leopoldstadt, Wien",,,nincs,
1521636185,"Wien, Wien",44.9019561,-90.0250311,korzet,"Wien, Town of Wien, Marathon County, Wisconsin, 54426, Egyesült Államok"
1522442460,"Wien, Wien",44.9019561,-90.0250311,korzet,"Wien, Town of Wien, Marathon County, Wisconsin, 54426, Egyesült Államok"
1523990965,"39 Ausstellungsstraße, 1020 Wien",,,nincs,
1524831304,"Wien, Wien",44.9019561,-90.0250311,korzet,"Wien, Town of Wien, Marathon County, Wisconsin, 54426, Egyesült Államok"
1524847697,"Wien, Wien",44.9019561,-90.0250311,korzet,"Wien, Town of Wien, Marathon County, Wisconsin, 54426, Egyesült Államok"
1525451128,"Wien, 02. Bezirk, Leopoldstadt, Wien",,,nincs,
1525655209,"Wien, Wien",44.9019561,-90.0250311,korzet,"Wien, Town of Wien, Marathon County, Wisconsin, 54426, Egyesült Államok"
1526873692,"Wien, Wien",44.9019561,-90.0250311,korzet,"Wien, Town of Wien, Marathon County, Wisconsin, 54426, Egyesült Államok"
1527347284,"19 Donaustraße, 1020 Wien",48.2894131,16.3445499,hazszam,"19, Donaustraße, Kuchelau, Katastralgemeinde Kahlenbergerdorf, Döbling, Bécs, 1190, Ausztria"
1527496769,"Wien, Wien",44.9019561,-90.0250311,korzet,"Wien, Town of Wien, Marathon County, Wisconsin, 54426, Egyesült Államok"
1529590353,"Wien, Wien",44.9019561,-90.0250311,korzet,"Wien, Town of Wien, Marathon County, Wisconsin, 54426, Egyesült Államok"
1529831156,"Wien, Wien",44.9019561,-90.0250311,korzet,"Wien, Town of Wien, Marathon County, Wisconsin, 54426, Egyesült Államok"
1529863827,"Wien, Wien",44.9019561,-90.0250311,korzet,"Wien, Town of Wien, Marathon County, Wisconsin, 54426, Egyesült Államok"
1530405124,"Wien, Wien",44.9019561,-90.0250311,korzet,"Wien, Town of Wien, Marathon County, Wisconsin, 54426, Egyesült Államok"
1531428772,"Wien, Wien",44.9019561,-90.0250311,korzet,"Wien, Town of Wien, Marathon County, Wisconsin, 54426, Egyesült Államok"
1533929826,"Wien, 02. Bezirk, Leopoldstadt, Wien",,,nincs,
1535906790,"Wien, 02. Bezirk, Leopoldstadt, Wien",,,nincs,
1537103316,"Wien, 02. Bezirk, Leopoldstadt, Wien",,,nincs,
1538250901,"Wien, Wien",44.9019561,-90.0250311,korzet,"Wien, Town of Wien, Marathon County, Wisconsin, 54426, Egyesült Államok"
1539182153,"Wien, 02. Bezirk, Leopoldstadt, Wien",,,nincs,
1541008880,"Wien, Wien",44.9019561,-90.0250311,korzet,"Wien, Town of Wien, Marathon County, Wisconsin, 54426, Egyesült Államok"
1542696509,"Wien, Wien",44.9019561,-90.0250311,korzet,"Wien, Town of Wien, Marathon County, Wisconsin, 54426, Egyesült Államok"
1543159260,"Wien, 02. Bezirk, Leopoldstadt, Wien",,,nincs,
1544580361,"Wien, Wien",44.9019561,-90.0250311,korzet,"Wien, Town of Wien, Marathon County, Wisconsin, 54426, Egyesült Államok"
1545168985,"Wien, 02. Bezirk, Leopoldstadt, Wien",,,nincs,
1545244820,"Wien, Wien",44.9019561,-90.0250311,korzet,"Wien, Town of Wien, Marathon County, Wisconsin, 54426, Egyesült Államok"
1545375617,"Wien, Wien",44.9019561,-90.0250311,korzet,"Wien, Town of Wien, Marathon County, Wisconsin, 54426, Egyesült Államok"
1546203790,"Wien, 02. Bezirk, Leopoldstadt, Wien",,,nincs,
1548251539,"Wien, Wien",44.9019561,-90.0250311,korzet,"Wien, Town of Wien, Marathon County, Wisconsin, 54426, Egyesült Államok"
1548786103,"Wien, Wien",44.9019561,-90.0250311,korzet,"Wien, Town of Wien, Marathon County, Wisconsin, 54426, Egyesült Államok"
1549019212,"13 Alliiertenstraße, 1020 Wien",,,nincs,
1549285017,"Wien, Wien",44.9019561,-90.0250311,korzet,"Wien, Town of Wien, Marathon County, Wisconsin, 54426, Egyesült Államok"
1549989703,"23 Donaustraße, 1020 Wien",48.2231925,16.3710362,hazszam,"23, Obere Donaustraße, Rembrandtviertel, Leopoldstadt, Katastralgemeinde Leopoldstadt, Leopoldstadt, Bécs, 1020, Ausztria"
1550348539,"23 Donaustraße, 1020 Wien",48.2231925,16.3710362,hazszam,"23, Obere Donaustraße, Rembrandtviertel, Leopoldstadt, Katastralgemeinde Leopoldstadt, Leopoldstadt, Bécs, 1020, Ausztria"
1550959320,"23 Donaustraße, 1020 Wien",48.2231925,16.3710362,hazszam,"23, Obere Donaustraße, Rembrandtviertel, Leopoldstadt, Katastralgemeinde Leopoldstadt, Leopoldstadt, Bécs, 1020, Ausztria"
1554785563,"Wien, Wien",44.9019561,-90.0250311,korzet,"Wien, Town of Wien, Marathon County, Wisconsin, 54426, Egyesült Államok"
1554935420,"23 Donaustraße, 1020 Wien",48.2231925,16.3710362,hazszam,"23, Obere Donaustraße, Rembrandtviertel, Leopoldstadt, Katastralgemeinde Leopoldstadt, Leopoldstadt, Bécs, 1020, Ausztria"
1555176072,"23 Donaustraße, 1020 Wien",48.2231925,16.3710362,hazszam,"23, Obere Donaustraße, Rembrandtviertel, Leopoldstadt, Katastralgemeinde Leopoldstadt, Leopoldstadt, Bécs, 1020, Ausztria"
1555836646,"Wien, Wien",44.9019561,-90.0250311,korzet,"Wien, Town of Wien, Marathon County, Wisconsin, 54426, Egyesült Államok"
1556110598,"Wien, 02. Bezirk, Leopoldstadt, Wien",,,nincs,
1556846676,"Wien, Wien",44.9019561,-90.0250311,korzet,"Wien, Town of Wien, Marathon County, Wisconsin, 54426, Egyesült Államok"
1557541743,"Wien, Wien",44.9019561,-90.0250311,korzet,"Wien, Town of Wien, Marathon County, Wisconsin, 54426, Egyesült Államok"
1557627837,"Wien, Wien",44.9019561,-90.0250311,korzet,"Wien, Town of Wien, Marathon County, Wisconsin, 54426, Egyesült Államok"
1558819724,"Wien, Wien",44.9019561,-90.0250311,korzet,"Wien, Town of Wien, Marathon County, Wisconsin, 54426, Egyesült Államok"
1559297199,"Wien, Wien",44.9019561,-90.0250311,korzet,"Wien, Town of Wien, Marathon County, Wisconsin, 54426, Egyesült Államok"
1559336674,"Wien, Wien",44.9019561,-90.0250311,korzet,"Wien, Town of Wien, Marathon County, Wisconsin, 54426, Egyesült Államok"
1560031373,"23 Donaustraße, 1020 Wien",48.2231925,16.3710362,hazszam,"23, Obere Donaustraße, Rembrandtviertel, Leopoldstadt, Katastralgemeinde Leopoldstadt, Leopoldstadt, Bécs, 1020, Ausztria"
1560567,"Wien, Wien",44.9019561,-90.0250311,korzet,"Wien, Town of Wien, Marathon County, Wisconsin, 54426, Egyesült Államok"
1560655162,"Wien, 02. Bezirk, Leopoldstadt, Wien",,,nincs,
1560941942,"Wien, Wien",44.9019561,-90.0250311,korzet,"Wien, Town of Wien, Marathon County, Wisconsin, 54426, Egyesült Államok"
1561870478,"Wien, Wien",44.9019561,-90.0250311,korzet,"Wien, Town of Wien, Marathon County, Wisconsin, 54426, Egyesült Államok"
1562350825,"Wien, Wien",44.9019561,-90.0250311,korzet,"Wien, Town of Wien, Marathon County, Wisconsin, 54426, Egyesült Államok"
1563127266,"23 Donaustraße, 1020 Wien",48.2231925,16.3710362,hazszam,"23, Obere Donaustraße, Rembrandtviertel, Leopoldstadt, Katastralgemeinde Leopoldstadt, Leopoldstadt, Bécs, 1020, Ausztria"
1563999797,"Wien, 02. Bezirk, Leopoldstadt, Wien",,,nincs,
1564108216,"Wien, Wien",44.9019561,-90.0250311,korzet,"Wien, Town of Wien, Marathon County, Wisconsin, 54426, Egyesült Államok"
1564931325,"Wien, Wien",44.9019561,-90.0250311,korzet,"Wien, Town of Wien, Marathon County, Wisconsin, 54426, Egyesült Államok"
1565421097,"Wien, Wien",44.9019561,-90.0250311,korzet,"Wien, Town of Wien, Marathon County, Wisconsin, 54426, Egyesült Államok"
1566088114,"Wien, Wien",44.9019561,-90.0250311,korzet,"Wien, Town of Wien, Marathon County, Wisconsin, 54426, Egyesült Államok"
1566314998,"Wien, Wien",44.9019561,-90.0250311,korzet,"Wien, Town of Wien, Marathon County, Wisconsin, 54426, Egyesült Államok"
1566463025,"Wien, Wien",44.9019561,-90.0250311,korzet,"Wien, Town of Wien, Marathon County, Wisconsin, 54426, Egyesült Államok"
1571075463,"Wien, 02. Bezirk, Leopoldstadt, Wien",,,nincs,
1571137949,"Wien, Wien",44.9019561,-90.0250311,korzet,"Wien, Town of Wien, Marathon County, Wisconsin, 54426, Egyesült Államok"
1571343792,"16 Schottenring, 1020 Wien",,,nincs,
1572250051,"Wien, Wien",44.9019561,-90.0250311,korzet,"Wien, Town of Wien, Marathon County, Wisconsin, 54426, Egyesült Államok"
1572741792,"Wien, Wien",44.9019561,-90.0250311,korzet,"Wien, Town of Wien, Marathon County, Wisconsin, 54426, Egyesült Államok"
1572902180,"Wien, 02. Bezirk, Leopoldstadt, Wien",,,nincs,
1576601663,"Wien, Wien",44.9019561,-90.0250311,korzet,"Wien, Town of Wien, Marathon County, Wisconsin, 54426, Egyesült Államok"
1578561676,"Wien, 02. Bezirk, Leopoldstadt, Wien",,,nincs,
1579105257,"Wien, Wien",44.9019561,-90.0250311,korzet,"Wien, Town of Wien, Marathon County, Wisconsin, 54426, Egyesült Államok"
1579394095,"Wien, Wien",44.9019561,-90.0250311,korzet,"Wien, Town of Wien, Marathon County, Wisconsin, 54426, Egyesült Államok"
1582677022,"Wien, Wien",44.9019561,-90.0250311,korzet,"Wien, Town of Wien, Marathon County, Wisconsin, 54426, Egyesült Államok"
1584120816,"Wien, Wien",44.9019561,-90.0250311,korzet,"Wien, Town of Wien, Marathon County, Wisconsin, 54426, Egyesült Államok"
1585035937,"Wien, Wien",44.9019561,-90.0250311,korzet,"Wien, Town of Wien, Marathon County, Wisconsin, 54426, Egyesült Államok"
1585240954,"Wien, 02. Bezirk, Leopoldstadt, Wien",,,nincs,
1586167001,"Wien, Wien",44.9019561,-90.0250311,korzet,"Wien, Town of Wien, Marathon County, Wisconsin, 54426, Egyesült Államok"
1586233746,"Wien, Wien",44.9019561,-90.0250311,korzet,"Wien, Town of Wien, Marathon County, Wisconsin, 54426, Egyesült Államok"
1586594623,"Wien, Wien",44.9019561,-90.0250311,korzet,"Wien, Town of Wien, Marathon County, Wisconsin, 54426, Egyesült Államok"
1586769608,"Wien, 02. Bezirk, Leopoldstadt, Wien",,,nincs,
1588684805,"Wien, Wien",44.9019561,-90.0250311,korzet,"Wien, Town of Wien, Marathon County, Wisconsin, 54426, Egyesült Államok"
1588869943,"23 Donaustraße, 1020 Wien",48.2231925,16.3710362,hazszam,"23, Obere Donaustraße, Rembrandtviertel, Leopoldstadt, Katastralgemeinde Leopoldstadt, Leopoldstadt, Bécs, 1020, Ausztria"
1592246046,"Wien, 02. Bezirk, Leopoldstadt, Wien",,,nincs,
1592903711,"Wien, 02. Bezirk, Leopoldstadt, Wien",,,nincs,
1593358096,"Wien, Wien",44.9019561,-90.0250311,korzet,"Wien, Town of Wien, Marathon County, Wisconsin, 54426, Egyesült Államok"
1593515103,"Wien, 02. Bezirk, Leopoldstadt, Wien",,,nincs,
1593858570,"Wien, Wien",44.9019561,-90.0250311,korzet,"Wien, Town of Wien, Marathon County, Wisconsin, 54426, Egyesült Államok"
1593878359,"Wien, Wien",44.9019561,-90.0250311,korzet,"Wien, Town of Wien, Marathon County, Wisconsin, 54426, Egyesült Államok"
1594394665,"Wien, Wien",44.9019561,-90.0250311,korzet,"Wien, Town of Wien, Marathon County, Wisconsin, 54426, Egyesült Államok"
1594881839,"7 Stoffellagasse, 1020 Wien",,,nincs,
1595550611,"Wien, Wien",44.9019561,-90.0250311,korzet,"Wien, Town of Wien, Marathon County, Wisconsin, 54426, Egyesült Államok"
1595869055,"Wien, Wien",44.9019561,-90.0250311,korzet,"Wien, Town of Wien, Marathon County, Wisconsin, 54426, Egyesült Államok"
1595873372,"Wien, Wien",44.9019561,-90.0250311,korzet,"Wien, Town of Wien, Marathon County, Wisconsin, 54426, Egyesült Államok"
1597798543,"25 Böcklinstraße, 1020 Wien",,,nincs,
1597824099,"Wien, Wien",44.9019561,-90.0250311,korzet,"Wien, Town of Wien, Marathon County, Wisconsin, 54426, Egyesült Államok"
1598716788,"Wien, Wien",44.9019561,-90.0250311,korzet,"Wien, Town of Wien, Marathon County, Wisconsin, 54426, Egyesült Államok"
1601549826,"Wien, Wien",44.9019561,-90.0250311,korzet,"Wien, Town of Wien, Marathon County, Wisconsin, 54426, Egyesült Államok"
1603729501,"Wien, Wien",44.9019561,-90.0250311,korzet,"Wien, Town of Wien, Marathon County, Wisconsin, 54426, Egyesült Államok"
1603793593,"Wien, Wien",44.9019561,-90.0250311,korzet,"Wien, Town of Wien, Marathon County, Wisconsin, 54426, Egyesült Államok"
1604363203,"Wien, Wien",44.9019561,-90.0250311,korzet,"Wien, Town of Wien, Marathon County, Wisconsin, 54426, Egyesült Államok"
1605634321,"Wien, Wien",44.9019561,-90.0250311,korzet,"Wien, Town of Wien, Marathon County, Wisconsin, 54426, Egyesült Államok"
1606327344,"Wien, Wien",44.9019561,-90.0250311,korzet,"Wien, Town of Wien, Marathon County, Wisconsin, 54426, Egyesült Államok"
1606747239,"Wien, Wien",44.9019561,-90.0250311,korzet,"Wien, Town of Wien, Marathon County, Wisconsin, 54426, Egyesült Államok"
1607821660,"Wien, 02. Bezirk, Leopoldstadt, Wien",,,nincs,
1608703779,"Wien, Wien",44.9019561,-90.0250311,korzet,"Wien, Town of Wien, Marathon County, Wisconsin, 54426, Egyesült Államok"
1609076216,"Wien, Wien",44.9019561,-90.0250311,korzet,"Wien, Town of Wien, Marathon County, Wisconsin, 54426, Egyesült Államok"
1609727439,"Wien, Wien",44.9019561,-90.0250311,korzet,"Wien, Town of Wien, Marathon County, Wisconsin, 54426, Egyesült Államok"
1610533885,"Wien, Wien",44.9019561,-90.0250311,korzet,"Wien, Town of Wien, Marathon County, Wisconsin, 54426, Egyesült Államok"
1612906533,"Wien, 02. Bezirk, Leopoldstadt, Wien",,,nincs,
1615509795,"Wien, Wien",44.9019561,-90.0250311,korzet,"Wien, Town of Wien, Marathon County, Wisconsin, 54426, Egyesült Államok"
1615844103,"Wien, Wien",44.9019561,-90.0250311,korzet,"Wien, Town of Wien, Marathon County, Wisconsin, 54426, Egyesült Államok"
1615971565,"Wien, 02. Bezirk, Leopoldstadt, Wien",,,nincs,
1619632973,"Wien, 02. Bezirk, Leopoldstadt, Wien",,,nincs,
1620513782,"Wien, Wien",44.9019561,-90.0250311,korzet,"Wien, Town of Wien, Marathon County, Wisconsin, 54426, Egyesült Államok"
1621714583,"Wien, Wien",44.9019561,-90.0250311,korzet,"Wien, Town of Wien, Marathon County, Wisconsin, 54426, Egyesült Államok"
1622378955,"Wien, Wien",44.9019561,-90.0250311,korzet,"Wien, Town of Wien, Marathon County, Wisconsin, 54426, Egyesült Államok"
1622561029,"Wien, Wien",44.9019561,-90.0250311,korzet,"Wien, Town of Wien, Marathon County, Wisconsin, 54426, Egyesült Államok"
1623712648,"Wien, Wien",44.9019561,-90.0250311,korzet,"Wien, Town of Wien, Marathon County, Wisconsin, 54426, Egyesült Államok"
1624116546,"2A Fichtegasse, 1020 Wien",,,nincs,
1625885043,"Wien, Wien",44.9019561,-90.0250311,korzet,"Wien, Town of Wien, Marathon County, Wisconsin, 54426, Egyesült Államok"
1627903455,"Wien, 02. Bezirk, Leopoldstadt, Wien",,,nincs,
1628499853,"Wien, Wien",44.9019561,-90.0250311,korzet,"Wien, Town of Wien, Marathon County, Wisconsin, 54426, Egyesült Államok"
1629013612,"Wien, Wien",44.9019561,-90.0250311,korzet,"Wien, Town of Wien, Marathon County, Wisconsin, 54426, Egyesült Államok"
1629554721,"Wien, Wien",44.9019561,-90.0250311,korzet,"Wien, Town of Wien, Marathon County, Wisconsin, 54426, Egyesült Államok"
1630113540,"Wien, Wien",44.9019561,-90.0250311,korzet,"Wien, Town of Wien, Marathon County, Wisconsin, 54426, Egyesült Államok"
1630229409,"Wien, Wien",44.9019561,-90.0250311,korzet,"Wien, Town of Wien, Marathon County, Wisconsin, 54426, Egyesült Államok"
1630396219,"Wien, 02. Bezirk, Leopoldstadt, Wien",,,nincs,
1631045486,"Wien, Wien",44.9019561,-90.0250311,korzet,"Wien, Town of Wien, Marathon County, Wisconsin, 54426, Egyesült Államok"
1633562849,"Wien, Wien",44.9019561,-90.0250311,korzet,"Wien, Town of Wien, Marathon County, Wisconsin, 54426, Egyesült Államok"
1634101522,"Wien, Wien",44.9019561,-90.0250311,korzet,"Wien, Town of Wien, Marathon County, Wisconsin, 54426, Egyesült Államok"
1634428849,"Wien, Wien",44.9019561,-90.0250311,korzet,"Wien, Town of Wien, Marathon County, Wisconsin, 54426, Egyesült Államok"
1636045744,"Wien, Wien",44.9019561,-90.0250311,korzet,"Wien, Town of Wien, Marathon County, Wisconsin, 54426, Egyesült Államok"
1636615651,"Wien, Wien",44.9019561,-90.0250311,korzet,"Wien, Town of Wien, Marathon County, Wisconsin, 54426, Egyesült Államok"
1636934145,"Wien, Wien",44.9019561,-90.0250311,korzet,"Wien, Town of Wien, Marathon County, Wisconsin, 54426, Egyesült Államok"
1637116438,"23 Donaustraße, 1020 Wien",48.2231925,16.3710362,hazszam,"23, Obere Donaustraße, Rembrandtviertel, Leopoldstadt, Katastralgemeinde Leopoldstadt, Leopoldstadt, Bécs, 1020, Ausztria"
1638435196,"Wien, Wien",44.9019561,-90.0250311,korzet,"Wien, Town of Wien, Marathon County, Wisconsin, 54426, Egyesült Államok"
1638649747,"Wien, Wien",44.9019561,-90.0250311,korzet,"Wien, Town of Wien, Marathon County, Wisconsin, 54426, Egyesült Államok"
1638890556,"Wien, Wien",44.9019561,-90.0250311,korzet,"Wien, Town of Wien, Marathon County, Wisconsin, 54426, Egyesült Államok"
1641261460,"Wien, Wien",44.9019561,-90.0250311,korzet,"Wien, Town of Wien, Marathon County, Wisconsin, 54426, Egyesült Államok"
1644172546,"Wien, Wien",44.9019561,-90.0250311,korzet,"Wien, Town of Wien, Marathon County, Wisconsin, 54426, Egyesült Államok"
1644419834,"Wien, Wien",44.9019561,-90.0250311,korzet,"Wien, Town of Wien, Marathon County, Wisconsin, 54426, Egyesült Államok"
1644774256,"Wien, Wien",44.9019561,-90.0250311,korzet,"Wien, Town of Wien, Marathon County, Wisconsin, 54426, Egyesült Államok"
1644807183,"Wien, Wien",44.9019561,-90.0250311,korzet,"Wien, Town of Wien, Marathon County, Wisconsin, 54426, Egyesült Államok"
1648597298,"Wien, Wien",44.9019561,-90.0250311,korzet,"Wien, Town of Wien, Marathon County, Wisconsin, 54426, Egyesült Államok"
1648769758,"7 Stoffellagasse, 1020 Wien",,,nincs,
1649236031,"Wien, Wien",44.9019561,-90.0250311,korzet,"Wien, Town of Wien, Marathon County, Wisconsin, 54426, Egyesült Államok"
1650960398,"Wien, Wien",44.9019561,-90.0250311,korzet,"Wien, Town of Wien, Marathon County, Wisconsin, 54426, Egyesült Államok"
1652052606,"Wien, 02. Bezirk, Leopoldstadt, Wien",,,nincs,
1652158676,"Wien, Wien",44.9019561,-90.0250311,korzet,"Wien, Town of Wien, Marathon County, Wisconsin, 54426, Egyesült Államok"
1652304390,"23 Donaustraße, 1020 Wien",48.2231925,16.3710362,hazszam,"23, Obere Donaustraße, Rembrandtviertel, Leopoldstadt, Katastralgemeinde Leopoldstadt, Leopoldstadt, Bécs, 1020, Ausztria"
1654104489,"Wien, Wien",44.9019561,-90.0250311,korzet,"Wien, Town of Wien, Marathon County, Wisconsin, 54426, Egyesült Államok"
1654392367,"Wien, Wien",44.9019561,-90.0250311,korzet,"Wien, Town of Wien, Marathon County, Wisconsin, 54426, Egyesült Államok"
1654400327,"Wien, Wien",44.9019561,-90.0250311,korzet,"Wien, Town of Wien, Marathon County, Wisconsin, 54426, Egyesült Államok"
1655100153,"Wien, 02. Bezirk, Leopoldstadt, Wien",,,nincs,
1656068787,"Wien, Wien",44.9019561,-90.0250311,korzet,"Wien, Town of Wien, Marathon County, Wisconsin, 54426, Egyesült Államok"
1656847508,"Wien, Wien",44.9019561,-90.0250311,korzet,"Wien, Town of Wien, Marathon County, Wisconsin, 54426, Egyesült Államok"
1657970197,"225 ENGERTHSTRASSE, 1020 Wien",,,nincs,
1658662002,"Wien, Wien",44.9019561,-90.0250311,korzet,"Wien, Town of Wien, Marathon County, Wisconsin, 54426, Egyesült Államok"
1658824458,"Wien, Wien",44.9019561,-90.0250311,korzet,"Wien, Town of Wien, Marathon County, Wisconsin, 54426, Egyesült Államok"
1661413082,"Wien, Wien",44.9019561,-90.0250311,korzet,"Wien, Town of Wien, Marathon County, Wisconsin, 54426, Egyesült Államok"
1663147996,"60 Stuwerstraße, 1020 Wien",48.2186578,16.406672,hazszam,"60, Stuwerstraße, Stuwerviertel, Leopoldstadt, Katastralgemeinde Leopoldstadt, Leopoldstadt, Bécs, 1020, Ausztria"
1663235228,"Wien, Wien",44.9019561,-90.0250311,korzet,"Wien, Town of Wien, Marathon County, Wisconsin, 54426, Egyesült Államok"
1664735163,"7 Stoffellagasse, 1020 Wien",,,nincs,
1665012719,"Wien, Wien",44.9019561,-90.0250311,korzet,"Wien, Town of Wien, Marathon County, Wisconsin, 54426, Egyesült Államok"
1665700922,"23 Donaustraße, 1020 Wien",48.2231925,16.3710362,hazszam,"23, Obere Donaustraße, Rembrandtviertel, Leopoldstadt, Katastralgemeinde Leopoldstadt, Leopoldstadt, Bécs, 1020, Ausztria"
1665937673,"Wien, 02. Bezirk, Leopoldstadt, Wien",,,nincs,
1669192528,"Wien, Wien",44.9019561,-90.0250311,korzet,"Wien, Town of Wien, Marathon County, Wisconsin, 54426, Egyesült Államok"
1671401322,"Wien, Wien",44.9019561,-90.0250311,korzet,"Wien, Town of Wien, Marathon County, Wisconsin, 54426, Egyesült Államok"
1671761710,"Wien, Wien",44.9019561,-90.0250311,korzet,"Wien, Town of Wien, Marathon County, Wisconsin, 54426, Egyesült Államok"
1672135811,"Wien, Wien",44.9019561,-90.0250311,korzet,"Wien, Town of Wien, Marathon County, Wisconsin, 54426, Egyesült Államok"
1673019275,"23 Donaustraße, 1020 Wien",48.2231925,16.3710362,hazszam,"23, Obere Donaustraße, Rembrandtviertel, Leopoldstadt, Katastralgemeinde Leopoldstadt, Leopoldstadt, Bécs, 1020, Ausztria"
1676416051,"Wien, Wien",44.9019561,-90.0250311,korzet,"Wien, Town of Wien, Marathon County, Wisconsin, 54426, Egyesült Államok"
1676562648,"23 Donaustraße, 1020 Wien",48.2231925,16.3710362,hazszam,"23, Obere Donaustraße, Rembrandtviertel, Leopoldstadt, Katastralgemeinde Leopoldstadt, Leopoldstadt, Bécs, 1020, Ausztria"
1677124691,"Wien, Wien",44.9019561,-90.0250311,korzet,"Wien, Town of Wien, Marathon County, Wisconsin, 54426, Egyesült Államok"
1678841365,"Wien, Wien",44.9019561,-90.0250311,korzet,"Wien, Town of Wien, Marathon County, Wisconsin, 54426, Egyesült Államok"
1678962778,"16-18 Rotenturmstraße, 1020 Wien",,,nincs,
1680026595,"Wien, Wien",44.9019561,-90.0250311,korzet,"Wien, Town of Wien, Marathon County, Wisconsin, 54426, Egyesült Államok"
1680476563,"Wien, Wien",44.9019561,-90.0250311,korzet,"Wien, Town of Wien, Marathon County, Wisconsin, 54426, Egyesült Államok"
1680503410,"Wien, Wien",44.9019561,-90.0250311,korzet,"Wien, Town of Wien, Marathon County, Wisconsin, 54426, Egyesült Államok"
1681378909,"Wien, Wien",44.9019561,-90.0250311,korzet,"Wien, Town of Wien, Marathon County, Wisconsin, 54426, Egyesült Államok"
1682153128,"23 Donaustraße, 1020 Wien",48.2231925,16.3710362,hazszam,"23, Obere Donaustraße, Rembrandtviertel, Leopoldstadt, Katastralgemeinde Leopoldstadt, Leopoldstadt, Bécs, 1020, Ausztria"
1683040469,"Wien, 02. Bezirk, Leopoldstadt, Wien",,,nincs,
1683718599,"Wien, Wien",44.9019561,-90.0250311,korzet,"Wien, Town of Wien, Marathon County, Wisconsin, 54426, Egyesült Államok"
1684457579,"Wien, Wien",44.9019561,-90.0250311,korzet,"Wien, Town of Wien, Marathon County, Wisconsin, 54426, Egyesült Államok"
1684827468,"Wien, Wien",44.9019561,-90.0250311,korzet,"Wien, Town of Wien, Marathon County, Wisconsin, 54426, Egyesült Államok"
1688860821,"Wien, 02. Bezirk, Leopoldstadt, Wien",,,nincs,
1690083171,"Wien, Wien",44.9019561,-90.0250311,korzet,"Wien, Town of Wien, Marathon County, Wisconsin, 54426, Egyesült Államok"
1690514595,"Wien, Wien",44.9019561,-90.0250311,korzet,"Wien, Town of Wien, Marathon County, Wisconsin, 54426, Egyesült Államok"
1691136802,"Wien, 02. Bezirk, Leopoldstadt, Wien",,,nincs,
1691230195,"Wien, Wien",44.9019561,-90.0250311,korzet,"Wien, Town of Wien, Marathon County, Wisconsin, 54426, Egyesült Államok"
1692236113,"Wien, Wien",44.9019561,-90.0250311,korzet,"Wien, Town of Wien, Marathon County, Wisconsin, 54426, Egyesült Államok"
1693606254,"Wien, Wien",44.9019561,-90.0250311,korzet,"Wien, Town of Wien, Marathon County, Wisconsin, 54426, Egyesült Államok"
1694418981,"Wien, Wien",44.9019561,-90.0250311,korzet,"Wien, Town of Wien, Marathon County, Wisconsin, 54426, Egyesült Államok"
1694497446,"Wien, 02. Bezirk, Leopoldstadt, Wien",,,nincs,
1695300783,"23 Donaustraße, 1020 Wien",48.2231925,16.3710362,hazszam,"23, Obere Donaustraße, Rembrandtviertel, Leopoldstadt, Katastralgemeinde Leopoldstadt, Leopoldstadt, Bécs, 1020, Ausztria"
1697728972,"Wien, Wien",44.9019561,-90.0250311,korzet,"Wien, Town of Wien, Marathon County, Wisconsin, 54426, Egyesült Államok"
1700641753,"Wien, Wien",44.9019561,-90.0250311,korzet,"Wien, Town of Wien, Marathon County, Wisconsin, 54426, Egyesült Államok"
1703534747,"Wien, Wien",44.9019561,-90.0250311,korzet,"Wien, Town of Wien, Marathon County, Wisconsin, 54426, Egyesült Államok"
1703877795,"Wien, Wien",44.9019561,-90.0250311,korzet,"Wien, Town of Wien, Marathon County, Wisconsin, 54426, Egyesült Államok"
1705453070,"Wien, Wien",44.9019561,-90.0250311,korzet,"Wien, Town of Wien, Marathon County, Wisconsin, 54426, Egyesült Államok"
1707087500,"Wien, Wien",44.9019561,-90.0250311,korzet,"Wien, Town of Wien, Marathon County, Wisconsin, 54426, Egyesült Államok"
1708150636,"Wien, Wien",44.9019561,-90.0250311,korzet,"Wien, Town of Wien, Marathon County, Wisconsin, 54426, Egyesült Államok"
1709146799,"Wien, Wien",44.9019561,-90.0250311,korzet,"Wien, Town of Wien, Marathon County, Wisconsin, 54426, Egyesült Államok"
1709189306,"Wien, 02. Bezirk, Leopoldstadt, Wien",,,nincs,
1710968380,"13 Alliiertenstraße, 1020 Wien",,,nincs,
1711170646,"29 Ausstellungsstraße, 1020 Wien",48.2182972,16.4019573,hazszam,"29, Ausstellungsstraße, Stuwerviertel, Leopoldstadt, Katastralgemeinde Leopoldstadt, Leopoldstadt, Bécs, 1020, Ausztria"
1711528293,"23 Donaustraße, 1020 Wien",48.2231925,16.3710362,hazszam,"23, Obere Donaustraße, Rembrandtviertel, Leopoldstadt, Katastralgemeinde Leopoldstadt, Leopoldstadt, Bécs, 1020, Ausztria"
1712132181,"Wien, Wien",44.9019561,-90.0250311,korzet,"Wien, Town of Wien, Marathon County, Wisconsin, 54426, Egyesült Államok"
1713199694,"Wien, Wien",44.9019561,-90.0250311,korzet,"Wien, Town of Wien, Marathon County, Wisconsin, 54426, Egyesült Államok"
1715866533,"Wien, 02. Bezirk, Leopoldstadt, Wien",,,nincs,
1716068917,"Wien, Wien",44.9019561,-90.0250311,korzet,"Wien, Town of Wien, Marathon County, Wisconsin, 54426, Egyesült Államok"
1717031105,"16 Bartensteingasse, 1020 Wien",,,nincs,
1717456485,"Wien, Wien",44.9019561,-90.0250311,korzet,"Wien, Town of Wien, Marathon County, Wisconsin, 54426, Egyesült Államok"
1717503777,"Wien, Wien",44.9019561,-90.0250311,korzet,"Wien, Town of Wien, Marathon County, Wisconsin, 54426, Egyesült Államok"
1717636093,"Wien, Wien",44.9019561,-90.0250311,korzet,"Wien, Town of Wien, Marathon County, Wisconsin, 54426, Egyesült Államok"
1718120802,"Wien, Wien",44.9019561,-90.0250311,korzet,"Wien, Town of Wien, Marathon County, Wisconsin, 54426, Egyesült Államok"
1718569033,"Wien, Wien",44.9019561,-90.0250311,korzet,"Wien, Town of Wien, Marathon County, Wisconsin, 54426, Egyesült Államok"
1718791774,"Wien, Wien",44.9019561,-90.0250311,korzet,"Wien, Town of Wien, Marathon County, Wisconsin, 54426, Egyesült Államok"
1718807949,"29 Ausstellungsstraße, 1020 Wien",48.2182972,16.4019573,hazszam,"29, Ausstellungsstraße, Stuwerviertel, Leopoldstadt, Katastralgemeinde Leopoldstadt, Leopoldstadt, Bécs, 1020, Ausztria"
1721434364,"Wien, Wien",44.9019561,-90.0250311,korzet,"Wien, Town of Wien, Marathon County, Wisconsin, 54426, Egyesült Államok"
1721651912,"Wien, 02. Bezirk, Leopoldstadt, Wien",,,nincs,
1724489809,"2A Fichtegasse, 1020 Wien",,,nincs,
1724555449,"Wien, Wien",44.9019561,-90.0250311,korzet,"Wien, Town of Wien, Marathon County, Wisconsin, 54426, Egyesült Államok"
1728358275,"Wien, Wien",44.9019561,-90.0250311,korzet,"Wien, Town of Wien, Marathon County, Wisconsin, 54426, Egyesült Államok"
1728724715,"Wien, Wien",44.9019561,-90.0250311,korzet,"Wien, Town of Wien, Marathon County, Wisconsin, 54426, Egyesült Államok"
1729042096,"Wien, Wien",44.9019561,-90.0250311,korzet,"Wien, Town of Wien, Marathon County, Wisconsin, 54426, Egyesült Államok"
1729538590,"Wien, 02. Bezirk, Leopoldstadt, Wien",,,nincs,
1730119757,"2A Fichtegasse, 1020 Wien",,,nincs,
1730148582,"Wien, 02. Bezirk, Leopoldstadt, Wien",,,nincs,
1730263350,"23 Donaustraße, 1020 Wien",48.2231925,16.3710362,hazszam,"23, Obere Donaustraße, Rembrandtviertel, Leopoldstadt, Katastralgemeinde Leopoldstadt, Leopoldstadt, Bécs, 1020, Ausztria"
1730789655,"Wien, 02. Bezirk, Leopoldstadt, Wien",,,nincs,
1733341728,"Wien, Wien",44.9019561,-90.0250311,korzet,"Wien, Town of Wien, Marathon County, Wisconsin, 54426, Egyesült Államok"
1734399848,"Wien, Wien",44.9019561,-90.0250311,korzet,"Wien, Town of Wien, Marathon County, Wisconsin, 54426, Egyesült Államok"
1736479305,"Wien, 02. Bezirk, Leopoldstadt, Wien",,,nincs,
1736787879,"Wien, Wien",44.9019561,-90.0250311,korzet,"Wien, Town of Wien, Marathon County, Wisconsin, 54426, Egyesült Államok"
1737233772,"Wien, Wien",44.9019561,-90.0250311,korzet,"Wien, Town of Wien, Marathon County, Wisconsin, 54426, Egyesült Államok"
1739871027,"Wien, Wien",44.9019561,-90.0250311,korzet,"Wien, Town of Wien, Marathon County, Wisconsin, 54426, Egyesült Államok"
1740649485,"Wien, Wien",44.9019561,-90.0250311,korzet,"Wien, Town of Wien, Marathon County, Wisconsin, 54426, Egyesült Államok"
1740881146,"Wien, Wien",44.9019561,-90.0250311,korzet,"Wien, Town of Wien, Marathon County, Wisconsin, 54426, Egyesült Államok"
1741172938,"Wien, Wien",44.9019561,-90.0250311,korzet,"Wien, Town of Wien, Marathon County, Wisconsin, 54426, Egyesült Államok"
1741556687,"Wien, 02. Bezirk, Leopoldstadt, Wien",,,nincs,
1741825923,"Wien, 02. Bezirk, Leopoldstadt, Wien",,,nincs,
1743359080,"Wien, 02. Bezirk, Leopoldstadt, Wien",,,nincs,
1743382131,"Wien, 02. Bezirk, Leopoldstadt, Wien",,,nincs,
1743659263,"Wien, Wien",44.9019561,-90.0250311,korzet,"Wien, Town of Wien, Marathon County, Wisconsin, 54426, Egyesült Államok"
1745333714,"Wien, Wien",44.9019561,-90.0250311,korzet,"Wien, Town of Wien, Marathon County, Wisconsin, 54426, Egyesült Államok"
1746314795,"Wien, 02. Bezirk, Leopoldstadt, Wien",,,nincs,
1747932783,"Wien, Wien",44.9019561,-90.0250311,korzet,"Wien, Town of Wien, Marathon County, Wisconsin, 54426, Egyesült Államok"
1749892580,"5 Czerninplatz, 1020 Wien",,,nincs,
1749911768,"Wien, 02. Bezirk, Leopoldstadt, Wien",,,nincs,
1751372551,"Wien, Wien",44.9019561,-90.0250311,korzet,"Wien, Town of Wien, Marathon County, Wisconsin, 54426, Egyesült Államok"
1755773676,"Wien, Wien",44.9019561,-90.0250311,korzet,"Wien, Town of Wien, Marathon County, Wisconsin, 54426, Egyesült Államok"
1757150654,"Wien, Wien",44.9019561,-90.0250311,korzet,"Wien, Town of Wien, Marathon County, Wisconsin, 54426, Egyesült Államok"
1757839569,"Wien, Wien",44.9019561,-90.0250311,korzet,"Wien, Town of Wien, Marathon County, Wisconsin, 54426, Egyesült Államok"
1758497673,"19 Donaustraße, 1020 Wien",48.2894131,16.3445499,hazszam,"19, Donaustraße, Kuchelau, Katastralgemeinde Kahlenbergerdorf, Döbling, Bécs, 1190, Ausztria"
1758830205,"Wien, Wien",44.9019561,-90.0250311,korzet,"Wien, Town of Wien, Marathon County, Wisconsin, 54426, Egyesült Államok"
1760599173,"Wien, Wien",44.9019561,-90.0250311,korzet,"Wien, Town of Wien, Marathon County, Wisconsin, 54426, Egyesült Államok"
1761159219,"Wien, Wien",44.9019561,-90.0250311,korzet,"Wien, Town of Wien, Marathon County, Wisconsin, 54426, Egyesült Államok"
1761561903,"23 Donaustraße, 1020 Wien",48.2231925,16.3710362,hazszam,"23, Obere Donaustraße, Rembrandtviertel, Leopoldstadt, Katastralgemeinde Leopoldstadt, Leopoldstadt, Bécs, 1020, Ausztria"
1761583296,"Wien, Wien",44.9019561,-90.0250311,korzet,"Wien, Town of Wien, Marathon County, Wisconsin, 54426, Egyesült Államok"
1763843130,"Wien, Wien",44.9019561,-90.0250311,korzet,"Wien, Town of Wien, Marathon County, Wisconsin, 54426, Egyesült Államok"
1767062001,"Wien, Wien",44.9019561,-90.0250311,korzet,"Wien, Town of Wien, Marathon County, Wisconsin, 54426, Egyesült Államok"
1768463529,"Wien, Wien",44.9019561,-90.0250311,korzet,"Wien, Town of Wien, Marathon County, Wisconsin, 54426, Egyesült Államok"
1773345968,"Wien, Wien",44.9019561,-90.0250311,korzet,"Wien, Town of Wien, Marathon County, Wisconsin, 54426, Egyesült Államok"
1776489126,"Wien, Wien",44.9019561,-90.0250311,korzet,"Wien, Town of Wien, Marathon County, Wisconsin, 54426, Egyesült Államok"
1777745530,"Wien, 02. Bezirk, Leopoldstadt, Wien",,,nincs,
1781592354,"Wien, Wien",44.9019561,-90.0250311,korzet,"Wien, Town of Wien, Marathon County, Wisconsin, 54426, Egyesült Államok"
1781707706,"Wien, Wien",44.9019561,-90.0250311,korzet,"Wien, Town of Wien, Marathon County, Wisconsin, 54426, Egyesült Államok"
1782365623,"Wien, Wien",44.9019561,-90.0250311,korzet,"Wien, Town of Wien, Marathon County, Wisconsin, 54426, Egyesült Államok"
1782492813,"Wien, Wien",44.9019561,-90.0250311,korzet,"Wien, Town of Wien, Marathon County, Wisconsin, 54426, Egyesült Államok"
1783680719,"Wien, 02. Bezirk, Leopoldstadt, Wien",,,nincs,
1784354645,"Wien, Wien",44.9019561,-90.0250311,korzet,"Wien, Town of Wien, Marathon County, Wisconsin, 54426, Egyesült Államok"
1785054753,"Wien, Wien",44.9019561,-90.0250311,korzet,"Wien, Town of Wien, Marathon County, Wisconsin, 54426, Egyesült Államok"
1786141886,"Wien, Wien",44.9019561,-90.0250311,korzet,"Wien, Town of Wien, Marathon County, Wisconsin, 54426, Egyesült Államok"
1786150428,"Wien, Wien",44.9019561,-90.0250311,korzet,"Wien, Town of Wien, Marathon County, Wisconsin, 54426, Egyesült Államok"
1786563750,"Wien, Wien",44.9019561,-90.0250311,korzet,"Wien, Town of Wien, Marathon County, Wisconsin, 54426, Egyesült Államok"
1787016419,"Wien, Wien",44.9019561,-90.0250311,korzet,"Wien, Town of Wien, Marathon County, Wisconsin, 54426, Egyesült Államok"
1788040639,"Wien, 02. Bezirk, Leopoldstadt, Wien",,,nincs,
1789637139,"Wien, Wien",44.9019561,-90.0250311,korzet,"Wien, Town of Wien, Marathon County, Wisconsin, 54426, Egyesült Államok"
1789941610,"23 Donaustraße, 1020 Wien",48.2231925,16.3710362,hazszam,"23, Obere Donaustraße, Rembrandtviertel, Leopoldstadt, Katastralgemeinde Leopoldstadt, Leopoldstadt, Bécs, 1020, Ausztria"
1790578301,"Wien, Wien",44.9019561,-90.0250311,korzet,"Wien, Town of Wien, Marathon County, Wisconsin, 54426, Egyesült Államok"
1790674331,"Wien, Wien",44.9019561,-90.0250311,korzet,"Wien, Town of Wien, Marathon County, Wisconsin, 54426, Egyesült Államok"
1792835044,"Wien, Wien",44.9019561,-90.0250311,korzet,"Wien, Town of Wien, Marathon County, Wisconsin, 54426, Egyesült Államok"
1793968897,"Wien, Wien",44.9019561,-90.0250311,korzet,"Wien, Town of Wien, Marathon County, Wisconsin, 54426, Egyesült Államok"
1794822822,"Wien, 02. Bezirk, Leopoldstadt, Wien",,,nincs,
1795756341,"Wien, 02. Bezirk, Leopoldstadt, Wien",,,nincs,
1795791825,"Wien, Wien",44.9019561,-90.0250311,korzet,"Wien, Town of Wien, Marathon County, Wisconsin, 54426, Egyesült Államok"
1796138914,"Wien, Wien",44.9019561,-90.0250311,korzet,"Wien, Town of Wien, Marathon County, Wisconsin, 54426, Egyesült Államok"
1796641602,"23 Donaustraße, 1020 Wien",48.2231925,16.3710362,hazszam,"23, Obere Donaustraße, Rembrandtviertel, Leopoldstadt, Katastralgemeinde Leopoldstadt, Leopoldstadt, Bécs, 1020, Ausztria"
1797180121,"29 Ausstellungsstraße, 1020 Wien",48.2182972,16.4019573,hazszam,"29, Ausstellungsstraße, Stuwerviertel, Leopoldstadt, Katastralgemeinde Leopoldstadt, Leopoldstadt, Bécs, 1020, Ausztria"
1797622185,"Wien, Wien",44.9019561,-90.0250311,korzet,"Wien, Town of Wien, Marathon County, Wisconsin, 54426, Egyesült Államok"
1797866583,"Wien, Wien",44.9019561,-90.0250311,korzet,"Wien, Town of Wien, Marathon County, Wisconsin, 54426, Egyesült Államok"
1799052551,"Wien, Wien",44.9019561,-90.0250311,korzet,"Wien, Town of Wien, Marathon County, Wisconsin, 54426, Egyesült Államok"
1800170199,"Wien, Wien",44.9019561,-90.0250311,korzet,"Wien, Town of Wien, Marathon County, Wisconsin, 54426, Egyesült Államok"
1800573413,"Wien, Wien",44.9019561,-90.0250311,korzet,"Wien, Town of Wien, Marathon County, Wisconsin, 54426, Egyesült Államok"
1801179504,"Wien, Wien",44.9019561,-90.0250311,korzet,"Wien, Town of Wien, Marathon County, Wisconsin, 54426, Egyesült Államok"
1801285014,"Wien, Wien",44.9019561,-90.0250311,korzet,"Wien, Town of Wien, Marathon County, Wisconsin, 54426, Egyesült Államok"
1802789651,"23 Donaustraße, 1020 Wien",48.2231925,16.3710362,hazszam,"23, Obere Donaustraße, Rembrandtviertel, Leopoldstadt, Katastralgemeinde Leopoldstadt, Leopoldstadt, Bécs, 1020, Ausztria"
1804830968,"Wien, Wien",44.9019561,-90.0250311,korzet,"Wien, Town of Wien, Marathon County, Wisconsin, 54426, Egyesült Államok"
1805136734,"1020 Novaragasse, 1020 Wien",,,nincs,
1807258392,"Wien, Wien",44.9019561,-90.0250311,korzet,"Wien, Town of Wien, Marathon County, Wisconsin, 54426, Egyesült Államok"
1807621618,"Wien, Wien",44.9019561,-90.0250311,korzet,"Wien, Town of Wien, Marathon County, Wisconsin, 54426, Egyesült Államok"
1808199016,"Wien, Wien",44.9019561,-90.0250311,korzet,"Wien, Town of Wien, Marathon County, Wisconsin, 54426, Egyesült Államok"
1808707353,"29 Ausstellungsstraße, 1020 Wien",48.2182972,16.4019573,hazszam,"29, Ausstellungsstraße, Stuwerviertel, Leopoldstadt, Katastralgemeinde Leopoldstadt, Leopoldstadt, Bécs, 1020, Ausztria"
1808787914,"Wien, Wien",44.9019561,-90.0250311,korzet,"Wien, Town of Wien, Marathon County, Wisconsin, 54426, Egyesült Államok"
1809115007,"23 Donaustraße, 1020 Wien",48.2231925,16.3710362,hazszam,"23, Obere Donaustraße, Rembrandtviertel, Leopoldstadt, Katastralgemeinde Leopoldstadt, Leopoldstadt, Bécs, 1020, Ausztria"
1810479720,"Wien, Wien",44.9019561,-90.0250311,korzet,"Wien, Town of Wien, Marathon County, Wisconsin, 54426, Egyesült Államok"
1811358218,"Wien, 02. Bezirk, Leopoldstadt, Wien",,,nincs,
1811655788,"Wien, Wien",44.9019561,-90.0250311,korzet,"Wien, Town of Wien, Marathon County, Wisconsin, 54426, Egyesült Államok"
1812362156,"Wien, Wien",44.9019561,-90.0250311,korzet,"Wien, Town of Wien, Marathon County, Wisconsin, 54426, Egyesült Államok"
1812822925,"23 Donaustraße, 1020 Wien",48.2231925,16.3710362,hazszam,"23, Obere Donaustraße, Rembrandtviertel, Leopoldstadt, Katastralgemeinde Leopoldstadt, Leopoldstadt, Bécs, 1020, Ausztria"
1813238504,"Wien, Wien",44.9019561,-90.0250311,korzet,"Wien, Town of Wien, Marathon County, Wisconsin, 54426, Egyesült Államok"
1813846851,"16 Schottenring, 1020 Wien",,,nincs,
1815354618,"Wien, Wien",44.9019561,-90.0250311,korzet,"Wien, Town of Wien, Marathon County, Wisconsin, 54426, Egyesült Államok"
1815765616,"Wien, 02. Bezirk, Leopoldstadt, Wien",,,nincs,
1816250575,"Wien, Wien",44.9019561,-90.0250311,korzet,"Wien, Town of Wien, Marathon County, Wisconsin, 54426, Egyesült Államok"
1816717487,"Wien, Wien",44.9019561,-90.0250311,korzet,"Wien, Town of Wien, Marathon County, Wisconsin, 54426, Egyesült Államok"
1817091146,"Wien, Wien",44.9019561,-90.0250311,korzet,"Wien, Town of Wien, Marathon County, Wisconsin, 54426, Egyesült Államok"
1817830282,"Wien, Wien",44.9019561,-90.0250311,korzet,"Wien, Town of Wien, Marathon County, Wisconsin, 54426, Egyesült Államok"
1818275288,"Wien, 02. Bezirk, Leopoldstadt, Wien",,,nincs,
1819074985,"Wien, Wien",44.9019561,-90.0250311,korzet,"Wien, Town of Wien, Marathon County, Wisconsin, 54426, Egyesült Államok"
1820146597,"Wien, Wien",44.9019561,-90.0250311,korzet,"Wien, Town of Wien, Marathon County, Wisconsin, 54426, Egyesült Államok"
1821540556,"Wien, Wien",44.9019561,-90.0250311,korzet,"Wien, Town of Wien, Marathon County, Wisconsin, 54426, Egyesült Államok"
1821670174,"Wien, Wien",44.9019561,-90.0250311,korzet,"Wien, Town of Wien, Marathon County, Wisconsin, 54426, Egyesült Államok"
1822060869,"Wien, Wien",44.9019561,-90.0250311,korzet,"Wien, Town of Wien, Marathon County, Wisconsin, 54426, Egyesült Államok"
1823160283,"Wien, Wien",44.9019561,-90.0250311,korzet,"Wien, Town of Wien, Marathon County, Wisconsin, 54426, Egyesült Államok"
1823628019,"Wien, Wien",44.9019561,-90.0250311,korzet,"Wien, Town of Wien, Marathon County, Wisconsin, 54426, Egyesült Államok"
1823862619,"Wien, Wien",44.9019561,-90.0250311,korzet,"Wien, Town of Wien, Marathon County, Wisconsin, 54426, Egyesült Államok"
1824539117,"Wien, Wien",44.9019561,-90.0250311,korzet,"Wien, Town of Wien, Marathon County, Wisconsin, 54426, Egyesült Államok"
1825342300,"Wien, Wien",44.9019561,-90.0250311,korzet,"Wien, Town of Wien, Marathon County, Wisconsin, 54426, Egyesült Államok"
1826389133,"Wien, 02. Bezirk, Leopoldstadt, Wien",,,nincs,
1826674682,"Wien, Wien",44.9019561,-90.0250311,korzet,"Wien, Town of Wien, Marathon County, Wisconsin, 54426, Egyesült Államok"
1826716814,"Wien, Wien",44.9019561,-90.0250311,korzet,"Wien, Town of Wien, Marathon County, Wisconsin, 54426, Egyesült Államok"
1826816243,"Wien, Wien",44.9019561,-90.0250311,korzet,"Wien, Town of Wien, Marathon County, Wisconsin, 54426, Egyesült Államok"
1827299224,"Wien, 02. Bezirk, Leopoldstadt, Wien",,,nincs,
1828800502,"Wien, Wien",44.9019561,-90.0250311,korzet,"Wien, Town of Wien, Marathon County, Wisconsin, 54426, Egyesült Államok"
1830983732,"Wien, Wien",44.9019561,-90.0250311,korzet,"Wien, Town of Wien, Marathon County, Wisconsin, 54426, Egyesült Államok"
1831296989,"Wien, 02. Bezirk, Leopoldstadt, Wien",,,nincs,
1832079930,"Wien, Wien",44.9019561,-90.0250311,korzet,"Wien, Town of Wien, Marathon County, Wisconsin, 54426, Egyesült Államok"
1832644837,"Wien, Wien",44.9019561,-90.0250311,korzet,"Wien, Town of Wien, Marathon County, Wisconsin, 54426, Egyesült Államok"
1833855078,"Wien, Wien",44.9019561,-90.0250311,korzet,"Wien, Town of Wien, Marathon County, Wisconsin, 54426, Egyesült Államok"
1835133408,"23 Donaustraße, 1020 Wien",48.2231925,16.3710362,hazszam,"23, Obere Donaustraße, Rembrandtviertel, Leopoldstadt, Katastralgemeinde Leopoldstadt, Leopoldstadt, Bécs, 1020, Ausztria"
1836477401,"Wien, Wien",44.9019561,-90.0250311,korzet,"Wien, Town of Wien, Marathon County, Wisconsin, 54426, Egyesült Államok"
1837189567,"Wien, Wien",44.9019561,-90.0250311,korzet,"Wien, Town of Wien, Marathon County, Wisconsin, 54426, Egyesült Államok"
1838617684,"Wien, Wien",44.9019561,-90.0250311,korzet,"Wien, Town of Wien, Marathon County, Wisconsin, 54426, Egyesült Államok"
1839399403,"Wien, Wien",44.9019561,-90.0250311,korzet,"Wien, Town of Wien, Marathon County, Wisconsin, 54426, Egyesült Államok"
1839855226,"Wien, Wien",44.9019561,-90.0250311,korzet,"Wien, Town of Wien, Marathon County, Wisconsin, 54426, Egyesült Államok"
1840307587,"Wien, Wien",44.9019561,-90.0250311,korzet,"Wien, Town of Wien, Marathon County, Wisconsin, 54426, Egyesült Államok"
1840546366,"Wien, 02. Bezirk, Leopoldstadt, Wien",,,nincs,
1841318330,"Wien, Wien",44.9019561,-90.0250311,korzet,"Wien, Town of Wien, Marathon County, Wisconsin, 54426, Egyesült Államok"
1843478076,"Wien, Wien",44.9019561,-90.0250311,korzet,"Wien, Town of Wien, Marathon County, Wisconsin, 54426, Egyesült Államok"
1845582201,"Wien, Wien",44.9019561,-90.0250311,korzet,"Wien, Town of Wien, Marathon County, Wisconsin, 54426, Egyesült Államok"
1846753066,"Wien, Wien",44.9019561,-90.0250311,korzet,"Wien, Town of Wien, Marathon County, Wisconsin, 54426, Egyesült Államok"
1847221187,"Wien, Wien",44.9019561,-90.0250311,korzet,"Wien, Town of Wien, Marathon County, Wisconsin, 54426, Egyesült Államok"
1847885199,"Wien, Wien",44.9019561,-90.0250311,korzet,"Wien, Town of Wien, Marathon County, Wisconsin, 54426, Egyesült Államok"
1848060889,"Wien, Wien",44.9019561,-90.0250311,korzet,"Wien, Town of Wien, Marathon County, Wisconsin, 54426, Egyesült Államok"
1848547884,"Wien, Wien",44.9019561,-90.0250311,korzet,"Wien, Town of Wien, Marathon County, Wisconsin, 54426, Egyesült Államok"
1849539467,"Wien, 02. Bezirk, Leopoldstadt, Wien",,,nincs,
1849827393,"Wien, Wien",44.9019561,-90.0250311,korzet,"Wien, Town of Wien, Marathon County, Wisconsin, 54426, Egyesült Államok"
1852611394,"Wien, Wien",44.9019561,-90.0250311,korzet,"Wien, Town of Wien, Marathon County, Wisconsin, 54426, Egyesült Államok"
1852741234,"Wien, Wien",44.9019561,-90.0250311,korzet,"Wien, Town of Wien, Marathon County, Wisconsin, 54426, Egyesült Államok"
1854229709,"Wien, Wien",44.9019561,-90.0250311,korzet,"Wien, Town of Wien, Marathon County, Wisconsin, 54426, Egyesült Államok"
1854258168,"Wien, Wien",44.9019561,-90.0250311,korzet,"Wien, Town of Wien, Marathon County, Wisconsin, 54426, Egyesült Államok"
1855936077,"Wien, Wien",44.9019561,-90.0250311,korzet,"Wien, Town of Wien, Marathon County, Wisconsin, 54426, Egyesült Államok"
1857851669,"Wien, Wien",44.9019561,-90.0250311,korzet,"Wien, Town of Wien, Marathon County, Wisconsin, 54426, Egyesült Államok"
1858452943,"Wien, 02. Bezirk, Leopoldstadt, Wien",,,nincs,
1859595331,"23 Donaustraße, 1020 Wien",48.2231925,16.3710362,hazszam,"23, Obere Donaustraße, Rembrandtviertel, Leopoldstadt, Katastralgemeinde Leopoldstadt, Leopoldstadt, Bécs, 1020, Ausztria"
1859804003,"Wien, Wien",44.9019561,-90.0250311,korzet,"Wien, Town of Wien, Marathon County, Wisconsin, 54426, Egyesült Államok"
1862191782,"Wien, 02. Bezirk, Leopoldstadt, Wien",,,nincs,
1864545873,"Wien, Wien",44.9019561,-90.0250311,korzet,"Wien, Town of Wien, Marathon County, Wisconsin, 54426, Egyesült Államok"
1865783521,"23 Donaustraße, 1020 Wien",48.2231925,16.3710362,hazszam,"23, Obere Donaustraße, Rembrandtviertel, Leopoldstadt, Katastralgemeinde Leopoldstadt, Leopoldstadt, Bécs, 1020, Ausztria"
1866048,"Wien, Wien",44.9019561,-90.0250311,korzet,"Wien, Town of Wien, Marathon County, Wisconsin, 54426, Egyesült Államok"
1867331109,"23 Donaustraße, 1020 Wien",48.2231925,16.3710362,hazszam,"23, Obere Donaustraße, Rembrandtviertel, Leopoldstadt, Katastralgemeinde Leopoldstadt, Leopoldstadt, Bécs, 1020, Ausztria"
1868815469,"Wien, 02. Bezirk, Leopoldstadt, Wien",,,nincs,
1869406025,"Wien, Wien",44.9019561,-90.0250311,korzet,"Wien, Town of Wien, Marathon County, Wisconsin, 54426, Egyesült Államok"
1871456207,"Wien, Wien",44.9019561,-90.0250311,korzet,"Wien, Town of Wien, Marathon County, Wisconsin, 54426, Egyesült Államok"
1875540937,"23 Donaustraße, 1020 Wien",48.2231925,16.3710362,hazszam,"23, Obere Donaustraße, Rembrandtviertel, Leopoldstadt, Katastralgemeinde Leopoldstadt, Leopoldstadt, Bécs, 1020, Ausztria"
1876257054,"Wien, Wien",44.9019561,-90.0250311,korzet,"Wien, Town of Wien, Marathon County, Wisconsin, 54426, Egyesült Államok"
1876511907,"Wien, Wien",44.9019561,-90.0250311,korzet,"Wien, Town of Wien, Marathon County, Wisconsin, 54426, Egyesült Államok"
1876575157,"Wien, Wien",44.9019561,-90.0250311,korzet,"Wien, Town of Wien, Marathon County, Wisconsin, 54426, Egyesült Államok"
1877369363,"Wien, 02. Bezirk, Leopoldstadt, Wien",,,nincs,
1877670507,"Wien, Wien",44.9019561,-90.0250311,korzet,"Wien, Town of Wien, Marathon County, Wisconsin, 54426, Egyesült Államok"
1877709525,"Wien, 02. Bezirk, Leopoldstadt, Wien",,,nincs,
1878900970,"Wien, 02. Bezirk, Leopoldstadt, Wien",,,nincs,
1881069420,"Wien, Wien",44.9019561,-90.0250311,korzet,"Wien, Town of Wien, Marathon County, Wisconsin, 54426, Egyesült Államok"
1881940018,"4 Dammhaufengasse, 1020 Wien",,,nincs,
1882095792,"Wien, Wien",44.9019561,-90.0250311,korzet,"Wien, Town of Wien, Marathon County, Wisconsin, 54426, Egyesült Államok"
1882969512,"Wien, 02. Bezirk, Leopoldstadt, Wien",,,nincs,
1883268473,"Wien, 02. Bezirk, Leopoldstadt, Wien",,,nincs,
1885017344,"Wien, 02. Bezirk, Leopoldstadt, Wien",,,nincs,
1886793412,"Wien, 02. Bezirk, Leopoldstadt, Wien",,,nincs,
1892199538,"Wien, Wien",44.9019561,-90.0250311,korzet,"Wien, Town of Wien, Marathon County, Wisconsin, 54426, Egyesült Államok"
1894195165,"23 Donaustraße, 1020 Wien",48.2231925,16.3710362,hazszam,"23, Obere Donaustraße, Rembrandtviertel, Leopoldstadt, Katastralgemeinde Leopoldstadt, Leopoldstadt, Bécs, 1020, Ausztria"
1895608815,"Wien, Wien",44.9019561,-90.0250311,korzet,"Wien, Town of Wien, Marathon County, Wisconsin, 54426, Egyesült Államok"
1895705012,"Wien, Wien",44.9019561,-90.0250311,korzet,"Wien, Town of Wien, Marathon County, Wisconsin, 54426, Egyesült Államok"
1895892679,"Wien, Wien",44.9019561,-90.0250311,korzet,"Wien, Town of Wien, Marathon County, Wisconsin, 54426, Egyesült Államok"
1897167570,"Wien, Wien",44.9019561,-90.0250311,korzet,"Wien, Town of Wien, Marathon County, Wisconsin, 54426, Egyesült Államok"
1897714326,"Wien, Wien",44.9019561,-90.0250311,korzet,"Wien, Town of Wien, Marathon County, Wisconsin, 54426, Egyesült Államok"
1900918875,"Wien, Wien",44.9019561,-90.0250311,korzet,"Wien, Town of Wien, Marathon County, Wisconsin, 54426, Egyesült Államok"
1901214078,"Wien, Wien",44.9019561,-90.0250311,korzet,"Wien, Town of Wien, Marathon County, Wisconsin, 54426, Egyesült Államok"
1902566520,"29 Ausstellungsstraße, 1020 Wien",48.2182972,16.4019573,hazszam,"29, Ausstellungsstraße, Stuwerviertel, Leopoldstadt, Katastralgemeinde Leopoldstadt, Leopoldstadt, Bécs, 1020, Ausztria"
1902647351,"Wien, Wien",44.9019561,-90.0250311,korzet,"Wien, Town of Wien, Marathon County, Wisconsin, 54426, Egyesült Államok"
1904114174,"Wien, Wien",44.9019561,-90.0250311,korzet,"Wien, Town of Wien, Marathon County, Wisconsin, 54426, Egyesült Államok"
1904421088,"Wien, Wien",44.9019561,-90.0250311,korzet,"Wien, Town of Wien, Marathon County, Wisconsin, 54426, Egyesült Államok"
1905414094,"Wien, Wien",44.9019561,-90.0250311,korzet,"Wien, Town of Wien, Marathon County, Wisconsin, 54426, Egyesült Államok"
1905884529,"23 Donaustraße, 1020 Wien",48.2231925,16.3710362,hazszam,"23, Obere Donaustraße, Rembrandtviertel, Leopoldstadt, Katastralgemeinde Leopoldstadt, Leopoldstadt, Bécs, 1020, Ausztria"
1906091195,"Wien, Wien",44.9019561,-90.0250311,korzet,"Wien, Town of Wien, Marathon County, Wisconsin, 54426, Egyesült Államok"
1908372851,"Wien, Wien",44.9019561,-90.0250311,korzet,"Wien, Town of Wien, Marathon County, Wisconsin, 54426, Egyesült Államok"
1908465879,"Wien, Wien",44.9019561,-90.0250311,korzet,"Wien, Town of Wien, Marathon County, Wisconsin, 54426, Egyesült Államok"
1909078790,"Wien, Wien",44.9019561,-90.0250311,korzet,"Wien, Town of Wien, Marathon County, Wisconsin, 54426, Egyesült Államok"
1910482231,"Wien, Wien",44.9019561,-90.0250311,korzet,"Wien, Town of Wien, Marathon County, Wisconsin, 54426, Egyesült Államok"
1910510072,"Wien, 02. Bezirk, Leopoldstadt, Wien",,,nincs,
1911554848,"Wien, Wien",44.9019561,-90.0250311,korzet,"Wien, Town of Wien, Marathon County, Wisconsin, 54426, Egyesült Államok"
1911966953,"7 Stoffellagasse, 1020 Wien",,,nincs,
1912591616,"Wien, Wien",44.9019561,-90.0250311,korzet,"Wien, Town of Wien, Marathon County, Wisconsin, 54426, Egyesült Államok"
1912797768,"Wien, Wien",44.9019561,-90.0250311,korzet,"Wien, Town of Wien, Marathon County, Wisconsin, 54426, Egyesült Államok"
1914073282,"Wien, 02. Bezirk, Leopoldstadt, Wien",,,nincs,
1915771917,"13 Alliiertenstraße, 1020 Wien",,,nincs,
1916353307,"Wien, 02. Bezirk, Leopoldstadt, Wien",,,nincs,
1917438919,"Wien, Wien",44.9019561,-90.0250311,korzet,"Wien, Town of Wien, Marathon County, Wisconsin, 54426, Egyesült Államok"
1918201470,"Wien, Wien",44.9019561,-90.0250311,korzet,"Wien, Town of Wien, Marathon County, Wisconsin, 54426, Egyesült Államok"
1920332246,"Wien, Wien",44.9019561,-90.0250311,korzet,"Wien, Town of Wien, Marathon County, Wisconsin, 54426, Egyesült Államok"
1922001545,"Wien, Wien",44.9019561,-90.0250311,korzet,"Wien, Town of Wien, Marathon County, Wisconsin, 54426, Egyesült Államok"
1922388477,"Wien, Wien",44.9019561,-90.0250311,korzet,"Wien, Town of Wien, Marathon County, Wisconsin, 54426, Egyesült Államok"
1923853133,"Wien, Wien",44.9019561,-90.0250311,korzet,"Wien, Town of Wien, Marathon County, Wisconsin, 54426, Egyesült Államok"
1924082108,"Wien, 02. Bezirk, Leopoldstadt, Wien",,,nincs,
1924553851,"Wien, Wien",44.9019561,-90.0250311,korzet,"Wien, Town of Wien, Marathon County, Wisconsin, 54426, Egyesült Államok"
1925792048,"29 Ausstellungsstraße, 1020 Wien",48.2182972,16.4019573,hazszam,"29, Ausstellungsstraße, Stuwerviertel, Leopoldstadt, Katastralgemeinde Leopoldstadt, Leopoldstadt, Bécs, 1020, Ausztria"
1925796838,"Wien, 02. Bezirk, Leopoldstadt, Wien",,,nincs,
1926449913,"Wien, Wien",44.9019561,-90.0250311,korzet,"Wien, Town of Wien, Marathon County, Wisconsin, 54426, Egyesült Államok"
1927520262,"Wien, 02. Bezirk, Leopoldstadt, Wien",,,nincs,
1928095339,"Wien, Wien",44.9019561,-90.0250311,korzet,"Wien, Town of Wien, Marathon County, Wisconsin, 54426, Egyesült Államok"
1928604582,"Wien, Wien",44.9019561,-90.0250311,korzet,"Wien, Town of Wien, Marathon County, Wisconsin, 54426, Egyesült Államok"
1928898973,"Wien, Wien",44.9019561,-90.0250311,korzet,"Wien, Town of Wien, Marathon County, Wisconsin, 54426, Egyesült Államok"
1929929960,"Wien, 02. Bezirk, Leopoldstadt, Wien",,,nincs,
1930845761,"Wien, Wien",44.9019561,-90.0250311,korzet,"Wien, Town of Wien, Marathon County, Wisconsin, 54426, Egyesült Államok"
1930848854,"Wien, Wien",44.9019561,-90.0250311,korzet,"Wien, Town of Wien, Marathon County, Wisconsin, 54426, Egyesült Államok"
1934234577,"Wien, 02. Bezirk, Leopoldstadt, Wien",,,nincs,
1937684967,"166 Leystraße, 1020 Wien",,,nincs,
1938044568,"Wien, Wien",44.9019561,-90.0250311,korzet,"Wien, Town of Wien, Marathon County, Wisconsin, 54426, Egyesült Államok"
1940593888,"Wien, Wien",44.9019561,-90.0250311,korzet,"Wien, Town of Wien, Marathon County, Wisconsin, 54426, Egyesült Államok"
1940696777,"Wien, 02. Bezirk, Leopoldstadt, Wien",,,nincs,
1942986020,"Wien, Wien",44.9019561,-90.0250311,korzet,"Wien, Town of Wien, Marathon County, Wisconsin, 54426, Egyesült Államok"
1943527545,"Wien, Wien",44.9019561,-90.0250311,korzet,"Wien, Town of Wien, Marathon County, Wisconsin, 54426, Egyesült Államok"
1945462119,"Wien, 02. Bezirk, Leopoldstadt, Wien",,,nincs,
1946360174,"Wien, 02. Bezirk, Leopoldstadt, Wien",,,nincs,
1946440876,"Wien, Wien",44.9019561,-90.0250311,korzet,"Wien, Town of Wien, Marathon County, Wisconsin, 54426, Egyesült Államok"
1947159490,"Wien, Wien",44.9019561,-90.0250311,korzet,"Wien, Town of Wien, Marathon County, Wisconsin, 54426, Egyesült Államok"
1947236089,"Wien, Wien",44.9019561,-90.0250311,korzet,"Wien, Town of Wien, Marathon County, Wisconsin, 54426, Egyesült Államok"
1947311891,"Wien, Wien",44.9019561,-90.0250311,korzet,"Wien, Town of Wien, Marathon County, Wisconsin, 54426, Egyesült Államok"
1948298471,"Wien, Wien",44.9019561,-90.0250311,korzet,"Wien, Town of Wien, Marathon County, Wisconsin, 54426, Egyesült Államok"
1949930060,"Wien, Wien",44.9019561,-90.0250311,korzet,"Wien, Town of Wien, Marathon County, Wisconsin, 54426, Egyesült Államok"
1950337300,"Wien, Wien",44.9019561,-90.0250311,korzet,"Wien, Town of Wien, Marathon County, Wisconsin, 54426, Egyesült Államok"
1950687347,"Wien, Wien",44.9019561,-90.0250311,korzet,"Wien, Town of Wien, Marathon County, Wisconsin, 54426, Egyesült Államok"
1950772701,"Wien, Wien",44.9019561,-90.0250311,korzet,"Wien, Town of Wien, Marathon County, Wisconsin, 54426, Egyesült Államok"
1951437334,"Wien, Wien",44.9019561,-90.0250311,korzet,"Wien, Town of Wien, Marathon County, Wisconsin, 54426, Egyesült Államok"
1952013916,"Wien, Wien",44.9019561,-90.0250311,korzet,"Wien, Town of Wien, Marathon County, Wisconsin, 54426, Egyesült Államok"
1952722253,"Wien, 02. Bezirk, Leopoldstadt, Wien",,,nincs,
1952890759,"Wien, Wien",44.9019561,-90.0250311,korzet,"Wien, Town of Wien, Marathon County, Wisconsin, 54426, Egyesült Államok"
1953608830,"Wien, 02. Bezirk, Leopoldstadt, Wien",,,nincs,
1953686747,"23 Donaustraße, 1020 Wien",48.2231925,16.3710362,hazszam,"23, Obere Donaustraße, Rembrandtviertel, Leopoldstadt, Katastralgemeinde Leopoldstadt, Leopoldstadt, Bécs, 1020, Ausztria"
1953899211,"23 Donaustraße, 1020 Wien",48.2231925,16.3710362,hazszam,"23, Obere Donaustraße, Rembrandtviertel, Leopoldstadt, Katastralgemeinde Leopoldstadt, Leopoldstadt, Bécs, 1020, Ausztria"
1953918796,"23 Donaustraße, 1020 Wien",48.2231925,16.3710362,hazszam,"23, Obere Donaustraße, Rembrandtviertel, Leopoldstadt, Katastralgemeinde Leopoldstadt, Leopoldstadt, Bécs, 1020, Ausztria"
1954043784,"Wien, Wien",44.9019561,-90.0250311,korzet,"Wien, Town of Wien, Marathon County, Wisconsin, 54426, Egyesült Államok"
1954805966,"Wien, 02. Bezirk, Leopoldstadt, Wien",,,nincs,
1955643740,"Wien, Wien",44.9019561,-90.0250311,korzet,"Wien, Town of Wien, Marathon County, Wisconsin, 54426, Egyesült Államok"
1956722697,"Wien, 02. Bezirk, Leopoldstadt, Wien",,,nincs,
1957410308,"2 Haussteinstraße, 1020 Wien",,,nincs,
1957804131,"Wien, Wien",44.9019561,-90.0250311,korzet,"Wien, Town of Wien, Marathon County, Wisconsin, 54426, Egyesült Államok"
1958366862,"29 Ausstellungsstraße, 1020 Wien",48.2182972,16.4019573,hazszam,"29, Ausstellungsstraße, Stuwerviertel, Leopoldstadt, Katastralgemeinde Leopoldstadt, Leopoldstadt, Bécs, 1020, Ausztria"
1958534353,"Wien, Wien",44.9019561,-90.0250311,korzet,"Wien, Town of Wien, Marathon County, Wisconsin, 54426, Egyesült Államok"
1958801197,"Wien, Wien",44.9019561,-90.0250311,korzet,"Wien, Town of Wien, Marathon County, Wisconsin, 54426, Egyesült Államok"
1959324028,"Wien, Wien",44.9019561,-90.0250311,korzet,"Wien, Town of Wien, Marathon County, Wisconsin, 54426, Egyesült Államok"
1959800984,"Wien, Wien",44.9019561,-90.0250311,korzet,"Wien, Town of Wien, Marathon County, Wisconsin, 54426, Egyesült Államok"
1960953813,"Wien, Wien",44.9019561,-90.0250311,korzet,"Wien, Town of Wien, Marathon County, Wisconsin, 54426, Egyesült Államok"
1961972825,"Wien, Wien",44.9019561,-90.0250311,korzet,"Wien, Town of Wien, Marathon County, Wisconsin, 54426, Egyesült Államok"
1962017157,"Wien, Wien",44.9019561,-90.0250311,korzet,"Wien, Town of Wien, Marathon County, Wisconsin, 54426, Egyesült Államok"
1962684324,"Wien, 02. Bezirk, Leopoldstadt, Wien",,,nincs,
1962693662,"Wien, Wien",44.9019561,-90.0250311,korzet,"Wien, Town of Wien, Marathon County, Wisconsin, 54426, Egyesült Államok"
1962850374,"Wien, Wien",44.9019561,-90.0250311,korzet,"Wien, Town of Wien, Marathon County, Wisconsin, 54426, Egyesült Államok"
1963891593,"Wien, Wien",44.9019561,-90.0250311,korzet,"Wien, Town of Wien, Marathon County, Wisconsin, 54426, Egyesült Államok"
1966088745,"Wien, Wien",44.9019561,-90.0250311,korzet,"Wien, Town of Wien, Marathon County, Wisconsin, 54426, Egyesült Államok"
1967574783,"Wien, Wien",44.9019561,-90.0250311,korzet,"Wien, Town of Wien, Marathon County, Wisconsin, 54426, Egyesült Államok"
1968256578,"Wien, Wien",44.9019561,-90.0250311,korzet,"Wien, Town of Wien, Marathon County, Wisconsin, 54426, Egyesült Államok"
1971037850,"Wien, Wien",44.9019561,-90.0250311,korzet,"Wien, Town of Wien, Marathon County, Wisconsin, 54426, Egyesült Államok"
1971084693,"Wien, 02. Bezirk, Leopoldstadt, Wien",,,nincs,
1971188665,"Wien, Wien",44.9019561,-90.0250311,korzet,"Wien, Town of Wien, Marathon County, Wisconsin, 54426, Egyesült Államok"
1971474545,"Wien, Wien",44.9019561,-90.0250311,korzet,"Wien, Town of Wien, Marathon County, Wisconsin, 54426, Egyesült Államok"
1972328244,"Wien, Wien",44.9019561,-90.0250311,korzet,"Wien, Town of Wien, Marathon County, Wisconsin, 54426, Egyesült Államok"
1978048949,"Wien, Wien",44.9019561,-90.0250311,korzet,"Wien, Town of Wien, Marathon County, Wisconsin, 54426, Egyesült Államok"
1980090845,"Wien, Wien",44.9019561,-90.0250311,korzet,"Wien, Town of Wien, Marathon County, Wisconsin, 54426, Egyesült Államok"
1980421650,"16 Schottenring, 1020 Wien",,,nincs,
1981377207,"Wien, Wien",44.9019561,-90.0250311,korzet,"Wien, Town of Wien, Marathon County, Wisconsin, 54426, Egyesült Államok"
1982432456,"Wien, Wien",44.9019561,-90.0250311,korzet,"Wien, Town of Wien, Marathon County, Wisconsin, 54426, Egyesült Államok"
1983692563,"Wien, 02. Bezirk, Leopoldstadt, Wien",,,nincs,
1984310502,"Wien, Wien",44.9019561,-90.0250311,korzet,"Wien, Town of Wien, Marathon County, Wisconsin, 54426, Egyesült Államok"
1986439609,"Wien, Wien",44.9019561,-90.0250311,korzet,"Wien, Town of Wien, Marathon County, Wisconsin, 54426, Egyesült Államok"
1987276631,"Wien, 02. Bezirk, Leopoldstadt, Wien",,,nincs,
1987375672,"Wien, Wien",44.9019561,-90.0250311,korzet,"Wien, Town of Wien, Marathon County, Wisconsin, 54426, Egyesült Államok"
1987751659,"Wien, 02. Bezirk, Leopoldstadt, Wien",,,nincs,
1987932864,"Wien, Wien",44.9019561,-90.0250311,korzet,"Wien, Town of Wien, Marathon County, Wisconsin, 54426, Egyesült Államok"
1989515214,"Wien, Wien",44.9019561,-90.0250311,korzet,"Wien, Town of Wien, Marathon County, Wisconsin, 54426, Egyesült Államok"
1989803228,"Wien, Wien",44.9019561,-90.0250311,korzet,"Wien, Town of Wien, Marathon County, Wisconsin, 54426, Egyesült Államok"
1991143312,"Wien, Wien",44.9019561,-90.0250311,korzet,"Wien, Town of Wien, Marathon County, Wisconsin, 54426, Egyesült Államok"
1991419015,"29 Ausstellungsstraße, 1020 Wien",48.2182972,16.4019573,hazszam,"29, Ausstellungsstraße, Stuwerviertel, Leopoldstadt, Katastralgemeinde Leopoldstadt, Leopoldstadt, Bécs, 1020, Ausztria"
1991764921,"Wien, Wien",44.9019561,-90.0250311,korzet,"Wien, Town of Wien, Marathon County, Wisconsin, 54426, Egyesült Államok"
1992792659,"Wien, Wien",44.9019561,-90.0250311,korzet,"Wien, Town of Wien, Marathon County, Wisconsin, 54426, Egyesült Államok"
1993424404,"Wien, Wien",44.9019561,-90.0250311,korzet,"Wien, Town of Wien, Marathon County, Wisconsin, 54426, Egyesült Államok"
1993727519,"Wien, Wien",44.9019561,-90.0250311,korzet,"Wien, Town of Wien, Marathon County, Wisconsin, 54426, Egyesült Államok"
1993892941,"Wien, Wien",44.9019561,-90.0250311,korzet,"Wien, Town of Wien, Marathon County, Wisconsin, 54426, Egyesült Államok"
1993919927,"Wien, Wien",44.9019561,-90.0250311,korzet,"Wien, Town of Wien, Marathon County, Wisconsin, 54426, Egyesült Államok"
1995224280,"Wien, Wien",44.9019561,-90.0250311,korzet,"Wien, Town of Wien, Marathon County, Wisconsin, 54426, Egyesült Államok"
1995573114,"Wien, Wien",44.9019561,-90.0250311,korzet,"Wien, Town of Wien, Marathon County, Wisconsin, 54426, Egyesült Államok"
1995962326,"Wien, Wien",44.9019561,-90.0250311,korzet,"Wien, Town of Wien, Marathon County, Wisconsin, 54426, Egyesült Államok"
1996119906,"Wien, Wien",44.9019561,-90.0250311,korzet,"Wien, Town of Wien, Marathon County, Wisconsin, 54426, Egyesült Államok"
1996197376,"7 Stoffellagasse, 1020 Wien",,,nincs,
1996747456,"23 Donaustraße, 1020 Wien",48.2231925,16.3710362,hazszam,"23, Obere Donaustraße, Rembrandtviertel, Leopoldstadt, Katastralgemeinde Leopoldstadt, Leopoldstadt, Bécs, 1020, Ausztria"
1997480294,"Wien, Wien",44.9019561,-90.0250311,korzet,"Wien, Town of Wien, Marathon County, Wisconsin, 54426, Egyesült Államok"
1998901976,"Wien, Wien",44.9019561,-90.0250311,korzet,"Wien, Town of Wien, Marathon County, Wisconsin, 54426, Egyesült Államok"
2000972943,"2A Fichtegasse, 1020 Wien",,,nincs,
2002763876,"Wien, Wien",44.9019561,-90.0250311,korzet,"Wien, Town of Wien, Marathon County, Wisconsin, 54426, Egyesült Államok"
2003231814,"23 Donaustraße, 1020 Wien",48.2231925,16.3710362,hazszam,"23, Obere Donaustraße, Rembrandtviertel, Leopoldstadt, Katastralgemeinde Leopoldstadt, Leopoldstadt, Bécs, 1020, Ausztria"
2003889505,"Wien, Wien",44.9019561,-90.0250311,korzet,"Wien, Town of Wien, Marathon County, Wisconsin, 54426, Egyesült Államok"
2004907469,"Wien, Wien",44.9019561,-90.0250311,korzet,"Wien, Town of Wien, Marathon County, Wisconsin, 54426, Egyesült Államok"
2005144384,"Wien, Wien",44.9019561,-90.0250311,korzet,"Wien, Town of Wien, Marathon County, Wisconsin, 54426, Egyesült Államok"
2006525822,"Wien, Wien",44.9019561,-90.0250311,korzet,"Wien, Town of Wien, Marathon County, Wisconsin, 54426, Egyesült Államok"
2008631088,"Wien, Wien",44.9019561,-90.0250311,korzet,"Wien, Town of Wien, Marathon County, Wisconsin, 54426, Egyesült Államok"
2008671045,"Wien, Wien",44.9019561,-90.0250311,korzet,"Wien, Town of Wien, Marathon County, Wisconsin, 54426, Egyesült Államok"
2009276425,"Wien, Wien",44.9019561,-90.0250311,korzet,"Wien, Town of Wien, Marathon County, Wisconsin, 54426, Egyesült Államok"
2010081669,"Wien, 02. Bezirk, Leopoldstadt, Wien",,,nincs,
2010113845,"Wien, 02. Bezirk, Leopoldstadt, Wien",,,nincs,
2011654887,"Wien, Wien",44.9019561,-90.0250311,korzet,"Wien, Town of Wien, Marathon County, Wisconsin, 54426, Egyesült Államok"
2012111796,"Wien, Wien",44.9019561,-90.0250311,korzet,"Wien, Town of Wien, Marathon County, Wisconsin, 54426, Egyesült Államok"
2013483283,"Wien, Wien",44.9019561,-90.0250311,korzet,"Wien, Town of Wien, Marathon County, Wisconsin, 54426, Egyesült Államok"
2014727978,"Wien, Wien",44.9019561,-90.0250311,korzet,"Wien, Town of Wien, Marathon County, Wisconsin, 54426, Egyesült Államok"
2015250560,"Wien, 02. Bezirk, Leopoldstadt, Wien",,,nincs,
2018909530,"Wien, Wien",44.9019561,-90.0250311,korzet,"Wien, Town of Wien, Marathon County, Wisconsin, 54426, Egyesült Államok"
2019430485,"23 Donaustraße, 1020 Wien",48.2231925,16.3710362,hazszam,"23, Obere Donaustraße, Rembrandtviertel, Leopoldstadt, Katastralgemeinde Leopoldstadt, Leopoldstadt, Bécs, 1020, Ausztria"
2020207016,"60 Stuwerstraße, 1020 Wien",48.2186578,16.406672,hazszam,"60, Stuwerstraße, Stuwerviertel, Leopoldstadt, Katastralgemeinde Leopoldstadt, Leopoldstadt, Bécs, 1020, Ausztria"
2020751757,"Wien, Wien",44.9019561,-90.0250311,korzet,"Wien, Town of Wien, Marathon County, Wisconsin, 54426, Egyesült Államok"
2021584262,"Wien, Wien",44.9019561,-90.0250311,korzet,"Wien, Town of Wien, Marathon County, Wisconsin, 54426, Egyesült Államok"
2022170128,"Wien, 02. Bezirk, Leopoldstadt, Wien",,,nincs,
2022376976,"Wien, Wien",44.9019561,-90.0250311,korzet,"Wien, Town of Wien, Marathon County, Wisconsin, 54426, Egyesült Államok"
2022459811,"Wien, Wien",44.9019561,-90.0250311,korzet,"Wien, Town of Wien, Marathon County, Wisconsin, 54426, Egyesült Államok"
2022622048,"Wien, Wien",44.9019561,-90.0250311,korzet,"Wien, Town of Wien, Marathon County, Wisconsin, 54426, Egyesült Államok"
2022873106,"Wien, 02. Bezirk, Leopoldstadt, Wien",,,nincs,
2022899967,"Wien, Wien",44.9019561,-90.0250311,korzet,"Wien, Town of Wien, Marathon County, Wisconsin, 54426, Egyesült Államok"
2023867525,"Wien, Wien",44.9019561,-90.0250311,korzet,"Wien, Town of Wien, Marathon County, Wisconsin, 54426, Egyesült Államok"
2024798847,"23 Donaustraße, 1020 Wien",48.2231925,16.3710362,hazszam,"23, Obere Donaustraße, Rembrandtviertel, Leopoldstadt, Katastralgemeinde Leopoldstadt, Leopoldstadt, Bécs, 1020, Ausztria"
2025594574,"Wien, Wien",44.9019561,-90.0250311,korzet,"Wien, Town of Wien, Marathon County, Wisconsin, 54426, Egyesült Államok"
2028267205,"Wien, Wien",44.9019561,-90.0250311,korzet,"Wien, Town of Wien, Marathon County, Wisconsin, 54426, Egyesült Államok"
2028744556,"23 Donaustraße, 1020 Wien",48.2231925,16.3710362,hazszam,"23, Obere Donaustraße, Rembrandtviertel, Leopoldstadt, Katastralgemeinde Leopoldstadt, Leopoldstadt, Bécs, 1020, Ausztria"
2029497238,"Wien, Wien",44.9019561,-90.0250311,korzet,"Wien, Town of Wien, Marathon County, Wisconsin, 54426, Egyesült Államok"
2029874837,"Wien, Wien",44.9019561,-90.0250311,korzet,"Wien, Town of Wien, Marathon County, Wisconsin, 54426, Egyesült Államok"
2030031378,"Wien, Wien",44.9019561,-90.0250311,korzet,"Wien, Town of Wien, Marathon County, Wisconsin, 54426, Egyesült Államok"
2030469693,"Wien, Wien",44.9019561,-90.0250311,korzet,"Wien, Town of Wien, Marathon County, Wisconsin, 54426, Egyesült Államok"
2030910864,"Wien, Wien",44.9019561,-90.0250311,korzet,"Wien, Town of Wien, Marathon County, Wisconsin, 54426, Egyesült Államok"
2030959945,"Wien, Wien",44.9019561,-90.0250311,korzet,"Wien, Town of Wien, Marathon County, Wisconsin, 54426, Egyesült Államok"
2031356720,"7a Czerningasse, 1020 Wien",,,nincs,
2031822214,"Wien, Wien",44.9019561,-90.0250311,korzet,"Wien, Town of Wien, Marathon County, Wisconsin, 54426, Egyesült Államok"
2031868845,"Wien, Wien",44.9019561,-90.0250311,korzet,"Wien, Town of Wien, Marathon County, Wisconsin, 54426, Egyesült Államok"
2032680380,"Wien, Wien",44.9019561,-90.0250311,korzet,"Wien, Town of Wien, Marathon County, Wisconsin, 54426, Egyesült Államok"
2033300963,"Wien, Wien",44.9019561,-90.0250311,korzet,"Wien, Town of Wien, Marathon County, Wisconsin, 54426, Egyesült Államok"
2033445873,"Wien, 02. Bezirk, Leopoldstadt, Wien",,,nincs,
2036151311,"Wien, 02. Bezirk, Leopoldstadt, Wien",,,nincs,
2037370697,"Wien, 02. Bezirk, Leopoldstadt, Wien",,,nincs,
2038831922,"Wien, Wien",44.9019561,-90.0250311,korzet,"Wien, Town of Wien, Marathon County, Wisconsin, 54426, Egyesült Államok"
2039892220,"Wien, Wien",44.9019561,-90.0250311,korzet,"Wien, Town of Wien, Marathon County, Wisconsin, 54426, Egyesült Államok"
2041883407,"Wien, 02. Bezirk, Leopoldstadt, Wien",,,nincs,
2047336828,"Wien, Wien",44.9019561,-90.0250311,korzet,"Wien, Town of Wien, Marathon County, Wisconsin, 54426, Egyesült Államok"
2047518082,"Wien, 02. Bezirk, Leopoldstadt, Wien",,,nincs,
2048367998,"Wien, Wien",44.9019561,-90.0250311,korzet,"Wien, Town of Wien, Marathon County, Wisconsin, 54426, Egyesült Államok"
2050228151,"Wien, Wien",44.9019561,-90.0250311,korzet,"Wien, Town of Wien, Marathon County, Wisconsin, 54426, Egyesült Államok"
2051727274,"Wien, Wien",44.9019561,-90.0250311,korzet,"Wien, Town of Wien, Marathon County, Wisconsin, 54426, Egyesült Államok"
2052316477,"29 Ausstellungsstraße, 1020 Wien",48.2182972,16.4019573,hazszam,"29, Ausstellungsstraße, Stuwerviertel, Leopoldstadt, Katastralgemeinde Leopoldstadt, Leopoldstadt, Bécs, 1020, Ausztria"
2052937500,"Wien, Wien",44.9019561,-90.0250311,korzet,"Wien, Town of Wien, Marathon County, Wisconsin, 54426, Egyesült Államok"
2055277562,"Wien, Wien",44.9019561,-90.0250311,korzet,"Wien, Town of Wien, Marathon County, Wisconsin, 54426, Egyesült Államok"
2056668099,"Wien, Wien",44.9019561,-90.0250311,korzet,"Wien, Town of Wien, Marathon County, Wisconsin, 54426, Egyesült Államok"
2056869488,"Wien, Wien",44.9019561,-90.0250311,korzet,"Wien, Town of Wien, Marathon County, Wisconsin, 54426, Egyesült Államok"
2057052052,"Wien, 02. Bezirk, Leopoldstadt, Wien",,,nincs,
2058040235,"13 Alliiertenstraße, 1020 Wien",,,nincs,
2058730793,"13 Alliiertenstraße, 1020 Wien",,,nincs,
2058813816,"Wien, 02. Bezirk, Leopoldstadt, Wien",,,nincs,
2059750578,"23 Donaustraße, 1020 Wien",48.2231925,16.3710362,hazszam,"23, Obere Donaustraße, Rembrandtviertel, Leopoldstadt, Katastralgemeinde Leopoldstadt, Leopoldstadt, Bécs, 1020, Ausztria"
2059902016,"23 Donaustraße, 1020 Wien",48.2231925,16.3710362,hazszam,"23, Obere Donaustraße, Rembrandtviertel, Leopoldstadt, Katastralgemeinde Leopoldstadt, Leopoldstadt, Bécs, 1020, Ausztria"
2060053659,"Wien, Wien",44.9019561,-90.0250311,korzet,"Wien, Town of Wien, Marathon County, Wisconsin, 54426, Egyesült Államok"
2060771528,"Wien, Wien",44.9019561,-90.0250311,korzet,"Wien, Town of Wien, Marathon County, Wisconsin, 54426, Egyesült Államok"
2061385845,"Wien, Wien",44.9019561,-90.0250311,korzet,"Wien, Town of Wien, Marathon County, Wisconsin, 54426, Egyesült Államok"
2061902840,"Wien, Wien",44.9019561,-90.0250311,korzet,"Wien, Town of Wien, Marathon County, Wisconsin, 54426, Egyesült Államok"
2062587181,"Wien, 02. Bezirk, Leopoldstadt, Wien",,,nincs,
2064121773,"23 Donaustraße, 1020 Wien",48.2231925,16.3710362,hazszam,"23, Obere Donaustraße, Rembrandtviertel, Leopoldstadt, Katastralgemeinde Leopoldstadt, Leopoldstadt, Bécs, 1020, Ausztria"
2065331153,"16 Schottenring, 1020 Wien",,,nincs,
20654650500,"Wien, Wien",44.9019561,-90.0250311,korzet,"Wien, Town of Wien, Marathon County, Wisconsin, 54426, Egyesült Államok"
2066080029,"23 Donaustraße, 1020 Wien",48.2231925,16.3710362,hazszam,"23, Obere Donaustraße, Rembrandtviertel, Leopoldstadt, Katastralgemeinde Leopoldstadt, Leopoldstadt, Bécs, 1020, Ausztria"
2066449175,"Wien, 02. Bezirk, Leopoldstadt, Wien",,,nincs,
20667891221,"Wien, Wien",44.9019561,-90.0250311,korzet,"Wien, Town of Wien, Marathon County, Wisconsin, 54426, Egyesült Államok"
2066811041,"Wien, Wien",44.9019561,-90.0250311,korzet,"Wien, Town of Wien, Marathon County, Wisconsin, 54426, Egyesült Államok"
2067396986,"Wien, Wien",44.9019561,-90.0250311,korzet,"Wien, Town of Wien, Marathon County, Wisconsin, 54426, Egyesült Államok"
20674400169,"Wien, Wien",44.9019561,-90.0250311,korzet,"Wien, Town of Wien, Marathon County, Wisconsin, 54426, Egyesült Államok"
20679870903,"Wien, Wien",44.9019561,-90.0250311,korzet,"Wien, Town of Wien, Marathon County, Wisconsin, 54426, Egyesült Államok"
20682410588,"Wien, Wien",44.9019561,-90.0250311,korzet,"Wien, Town of Wien, Marathon County, Wisconsin, 54426, Egyesült Államok"
20705200454,"Wien, Wien",44.9019561,-90.0250311,korzet,"Wien, Town of Wien, Marathon County, Wisconsin, 54426, Egyesült Államok"
20711590197,"Wien, Wien",44.9019561,-90.0250311,korzet,"Wien, Town of Wien, Marathon County, Wisconsin, 54426, Egyesült Államok"
2071418632,"Wien, 02. Bezirk, Leopoldstadt, Wien",,,nincs,
2071473566,"Wien, Wien",44.9019561,-90.0250311,korzet,"Wien, Town of Wien, Marathon County, Wisconsin, 54426, Egyesült Államok"
2072159161,"Wien, Wien",44.9019561,-90.0250311,korzet,"Wien, Town of Wien, Marathon County, Wisconsin, 54426, Egyesült Államok"
2073829256,"Wien, Wien",44.9019561,-90.0250311,korzet,"Wien, Town of Wien, Marathon County, Wisconsin, 54426, Egyesült Államok"
2076089120,"Wien, Wien",44.9019561,-90.0250311,korzet,"Wien, Town of Wien, Marathon County, Wisconsin, 54426, Egyesült Államok"
20765200459,"Wien, Wien",44.9019561,-90.0250311,korzet,"Wien, Town of Wien, Marathon County, Wisconsin, 54426, Egyesült Államok"
2076712758,"Wien, Wien",44.9019561,-90.0250311,korzet,"Wien, Town of Wien, Marathon County, Wisconsin, 54426, Egyesült Államok"
20779031212,"Wien, Wien",44.9019561,-90.0250311,korzet,"Wien, Town of Wien, Marathon County, Wisconsin, 54426, Egyesült Államok"
2078552599,"Wien, Wien",44.9019561,-90.0250311,korzet,"Wien, Town of Wien, Marathon County, Wisconsin, 54426, Egyesült Államok"
2078701222,"Wien, Wien",44.9019561,-90.0250311,korzet,"Wien, Town of Wien, Marathon County, Wisconsin, 54426, Egyesült Államok"
2081515131,"Wien, Wien",44.9019561,-90.0250311,korzet,"Wien, Town of Wien, Marathon County, Wisconsin, 54426, Egyesült Államok"
20817761206,"Wien, Wien",44.9019561,-90.0250311,korzet,"Wien, Town of Wien, Marathon County, Wisconsin, 54426, Egyesült Államok"
2082106475,"23 Donaustraße, 1020 Wien",48.2231925,16.3710362,hazszam,"23, Obere Donaustraße, Rembrandtviertel, Leopoldstadt, Katastralgemeinde Leopoldstadt, Leopoldstadt, Bécs, 1020, Ausztria"
2082265338,"Wien, Wien",44.9019561,-90.0250311,korzet,"Wien, Town of Wien, Marathon County, Wisconsin, 54426, Egyesült Államok"
2083611017,"Wien, Wien",44.9019561,-90.0250311,korzet,"Wien, Town of Wien, Marathon County, Wisconsin, 54426, Egyesült Államok"
20842820681,"Wien, Wien",44.9019561,-90.0250311,korzet,"Wien, Town of Wien, Marathon County, Wisconsin, 54426, Egyesült Államok"
20843431751,"Wien, Wien",44.9019561,-90.0250311,korzet,"Wien, Town of Wien, Marathon County, Wisconsin, 54426, Egyesült Államok"
20849850890,"Wien, Wien",44.9019561,-90.0250311,korzet,"Wien, Town of Wien, Marathon County, Wisconsin, 54426, Egyesült Államok"
2085286554,"Wien, Wien",44.9019561,-90.0250311,korzet,"Wien, Town of Wien, Marathon County, Wisconsin, 54426, Egyesült Államok"
2086097075,"Wien, Wien",44.9019561,-90.0250311,korzet,"Wien, Town of Wien, Marathon County, Wisconsin, 54426, Egyesült Államok"
20872240592,"Wien, Wien",44.9019561,-90.0250311,korzet,"Wien, Town of Wien, Marathon County, Wisconsin, 54426, Egyesült Államok"
20877791334,"Wien, Wien",44.9019561,-90.0250311,korzet,"Wien, Town of Wien, Marathon County, Wisconsin, 54426, Egyesült Államok"
2087924440,"Wien, 02. Bezirk, Leopoldstadt, Wien",,,nincs,
2088647980,"Wien, Wien",44.9019561,-90.0250311,korzet,"Wien, Town of Wien, Marathon County, Wisconsin, 54426, Egyesült Államok"
20889260171,"Wien, Wien",44.9019561,-90.0250311,korzet,"Wien, Town of Wien, Marathon County, Wisconsin, 54426, Egyesült Államok"
2089497554,"Wien, Wien",44.9019561,-90.0250311,korzet,"Wien, Town of Wien, Marathon County, Wisconsin, 54426, Egyesült Államok"
20896150154,"Wien, Wien",44.9019561,-90.0250311,korzet,"Wien, Town of Wien, Marathon County, Wisconsin, 54426, Egyesült Államok"
20898734717,"Wien, Wien",44.9019561,-90.0250311,korzet,"Wien, Town of Wien, Marathon County, Wisconsin, 54426, Egyesült Államok"
2089886347,"Wien, Wien",44.9019561,-90.0250311,korzet,"Wien, Town of Wien, Marathon County, Wisconsin, 54426, Egyesült Államok"
20900530298,"Wien, Wien",44.9019561,-90.0250311,korzet,"Wien, Town of Wien, Marathon County, Wisconsin, 54426, Egyesült Államok"
20905812792,"Wien, Wien",44.9019561,-90.0250311,korzet,"Wien, Town of Wien, Marathon County, Wisconsin, 54426, Egyesült Államok"
20911600266,"Wien, Wien",44.9019561,-90.0250311,korzet,"Wien, Town of Wien, Marathon County, Wisconsin, 54426, Egyesült Államok"
2091779807,"Wien, Wien",44.9019561,-90.0250311,korzet,"Wien, Town of Wien, Marathon County, Wisconsin, 54426, Egyesült Államok"
2092003411,"Wien, Wien",44.9019561,-90.0250311,korzet,"Wien, Town of Wien, Marathon County, Wisconsin, 54426, Egyesült Államok"
20927110089,"Wien, Wien",44.9019561,-90.0250311,korzet,"Wien, Town of Wien, Marathon County, Wisconsin, 54426, Egyesült Államok"
2092755231,"Wien, Wien",44.9019561,-90.0250311,korzet,"Wien, Town of Wien, Marathon County, Wisconsin, 54426, Egyesült Államok"
2093041585,"Wien, 02. Bezirk, Leopoldstadt, Wien",,,nincs,
20933051636,"Wien, Wien",44.9019561,-90.0250311,korzet,"Wien, Town of Wien, Marathon County, Wisconsin, 54426, Egyesült Államok"
2093713712,"Wien, Wien",44.9019561,-90.0250311,korzet,"Wien, Town of Wien, Marathon County, Wisconsin, 54426, Egyesült Államok"
2094431475,"Wien, Wien",44.9019561,-90.0250311,korzet,"Wien, Town of Wien, Marathon County, Wisconsin, 54426, Egyesült Államok"
20946900571,"Wien, Wien",44.9019561,-90.0250311,korzet,"Wien, Town of Wien, Marathon County, Wisconsin, 54426, Egyesült Államok"
2094991328,"Wien, Wien",44.9019561,-90.0250311,korzet,"Wien, Town of Wien, Marathon County, Wisconsin, 54426, Egyesült Államok"
2095277172,"Wien, Wien",44.9019561,-90.0250311,korzet,"Wien, Town of Wien, Marathon County, Wisconsin, 54426, Egyesült Államok"
20954920821,"Wien, Wien",44.9019561,-90.0250311,korzet,"Wien, Town of Wien, Marathon County, Wisconsin, 54426, Egyesült Államok"
2095784093,"23 Donaustraße, 1020 Wien",48.2231925,16.3710362,hazszam,"23, Obere Donaustraße, Rembrandtviertel, Leopoldstadt, Katastralgemeinde Leopoldstadt, Leopoldstadt, Bécs, 1020, Ausztria"
20960610328,"Wien, Wien",44.9019561,-90.0250311,korzet,"Wien, Town of Wien, Marathon County, Wisconsin, 54426, Egyesült Államok"
20964200820,"Wien, Wien",44.9019561,-90.0250311,korzet,"Wien, Town of Wien, Marathon County, Wisconsin, 54426, Egyesült Államok"
2096444018,"6 Novaragasse, 1020 Wien",,,nincs,
20969920525,"Wien, Wien",44.9019561,-90.0250311,korzet,"Wien, Town of Wien, Marathon County, Wisconsin, 54426, Egyesült Államok"
20971820983,"Wien, Wien",44.9019561,-90.0250311,korzet,"Wien, Town of Wien, Marathon County, Wisconsin, 54426, Egyesült Államok"
2097340423,"Wien, 02. Bezirk, Leopoldstadt, Wien",,,nincs,
20975221600,"Wien, Wien",44.9019561,-90.0250311,korzet,"Wien, Town of Wien, Marathon County, Wisconsin, 54426, Egyesült Államok"
20981640690,"Wien, Wien",44.9019561,-90.0250311,korzet,"Wien, Town of Wien, Marathon County, Wisconsin, 54426, Egyesült Államok"
2098200071,"Wien, 02. Bezirk, Leopoldstadt, Wien",,,nincs,
2098892801,"Wien, 02. Bezirk, Leopoldstadt, Wien",,,nincs,
20989400600,"Wien, Wien",44.9019561,-90.0250311,korzet,"Wien, Town of Wien, Marathon County, Wisconsin, 54426, Egyesült Államok"
20991140131,"Wien, Wien",44.9019561,-90.0250311,korzet,"Wien, Town of Wien, Marathon County, Wisconsin, 54426, Egyesült Államok"
20991300566,"Wien, Wien",44.9019561,-90.0250311,korzet,"Wien, Town of Wien, Marathon County, Wisconsin, 54426, Egyesült Államok"
20998862465,"Wien, Wien",44.9019561,-90.0250311,korzet,"Wien, Town of Wien, Marathon County, Wisconsin, 54426, Egyesült Államok"
2101036922,"Wien, Wien",44.9019561,-90.0250311,korzet,"Wien, Town of Wien, Marathon County, Wisconsin, 54426, Egyesült Államok"
2102480972,"Wien, 02. Bezirk, Leopoldstadt, Wien",,,nincs,
2102633150,"Wien, 02. Bezirk, Leopoldstadt, Wien",,,nincs,
2102997891,"Wien, 02. Bezirk, Leopoldstadt, Wien",,,nincs,
2104097595,"23 Donaustraße, 1020 Wien",48.2231925,16.3710362,hazszam,"23, Obere Donaustraße, Rembrandtviertel, Leopoldstadt, Katastralgemeinde Leopoldstadt, Leopoldstadt, Bécs, 1020, Ausztria"
21052900485,"Wien, Wien",44.9019561,-90.0250311,korzet,"Wien, Town of Wien, Marathon County, Wisconsin, 54426, Egyesült Államok"
2105566727,"Wien, Wien",44.9019561,-90.0250311,korzet,"Wien, Town of Wien, Marathon County, Wisconsin, 54426, Egyesült Államok"
2107433959,"Wien, Wien",44.9019561,-90.0250311,korzet,"Wien, Town of Wien, Marathon County, Wisconsin, 54426, Egyesült Államok"
2108082847,"Wien, 02. Bezirk, Leopoldstadt, Wien",,,nincs,
2108297117,"Wien, Wien",44.9019561,-90.0250311,korzet,"Wien, Town of Wien, Marathon County, Wisconsin, 54426, Egyesült Államok"
2109218723,"14 MEIERSTRASSE, 1020 Wien",,,nincs,
2109689074,"Wien, 02. Bezirk, Leopoldstadt, Wien",,,nincs,
2111099383,"23 Donaustraße, 1020 Wien",48.2231925,16.3710362,hazszam,"23, Obere Donaustraße, Rembrandtviertel, Leopoldstadt, Katastralgemeinde Leopoldstadt, Leopoldstadt, Bécs, 1020, Ausztria"
21114541220,"Wien, Wien",44.9019561,-90.0250311,korzet,"Wien, Town of Wien, Marathon County, Wisconsin, 54426, Egyesült Államok"
21118750869,"Wien, Wien",44.9019561,-90.0250311,korzet,"Wien, Town of Wien, Marathon County, Wisconsin, 54426, Egyesült Államok"
21123690073,"Wien, Wien",44.9019561,-90.0250311,korzet,"Wien, Town of Wien, Marathon County, Wisconsin, 54426, Egyesült Államok"
2112622388,"Wien, Wien",44.9019561,-90.0250311,korzet,"Wien, Town of Wien, Marathon County, Wisconsin, 54426, Egyesült Államok"
21127280185,"Wien, Wien",44.9019561,-90.0250311,korzet,"Wien, Town of Wien, Marathon County, Wisconsin, 54426, Egyesült Államok"
21129070106,"Wien, Wien",44.9019561,-90.0250311,korzet,"Wien, Town of Wien, Marathon County, Wisconsin, 54426, Egyesült Államok"
2113697016,"23 Donaustraße, 1020 Wien",48.2231925,16.3710362,hazszam,"23, Obere Donaustraße, Rembrandtviertel, Leopoldstadt, Katastralgemeinde Leopoldstadt, Leopoldstadt, Bécs, 1020, Ausztria"
2114604813,"Wien, Wien",44.9019561,-90.0250311,korzet,"Wien, Town of Wien, Marathon County, Wisconsin, 54426, Egyesült Államok"
2115765542,"Wien, Wien",44.9019561,-90.0250311,korzet,"Wien, Town of Wien, Marathon County, Wisconsin, 54426, Egyesült Államok"
2117135128,"Wien, Wien",44.9019561,-90.0250311,korzet,"Wien, Town of Wien, Marathon County, Wisconsin, 54426, Egyesült Államok"
2118122767,"11 Hollandstraße,  Wien",,,nincs,
21181720197,"Wien, Wien",44.9019561,-90.0250311,korzet,"Wien, Town of Wien, Marathon County, Wisconsin, 54426, Egyesült Államok"
2118254361,"23 Donaustraße, 1020 Wien",48.2231925,16.3710362,hazszam,"23, Obere Donaustraße, Rembrandtviertel, Leopoldstadt, Katastralgemeinde Leopoldstadt, Leopoldstadt, Bécs, 1020, Ausztria"
2118296822,"Wien, Wien",44.9019561,-90.0250311,korzet,"Wien, Town of Wien, Marathon County, Wisconsin, 54426, Egyesült Államok"
2118559416,"Wien, Wien",44.9019561,-90.0250311,korzet,"Wien, Town of Wien, Marathon County, Wisconsin, 54426, Egyesült Államok"
2119048893,"Wien, Wien",44.9019561,-90.0250311,korzet,"Wien, Town of Wien, Marathon County, Wisconsin, 54426, Egyesült Államok"
2119261236,"Wien, Wien",44.9019561,-90.0250311,korzet,"Wien, Town of Wien, Marathon County, Wisconsin, 54426, Egyesült Államok"
2119549654,"23 Donaustraße, 1020 Wien",48.2231925,16.3710362,hazszam,"23, Obere Donaustraße, Rembrandtviertel, Leopoldstadt, Katastralgemeinde Leopoldstadt, Leopoldstadt, Bécs, 1020, Ausztria"
21199690564,"Wien, Wien",44.9019561,-90.0250311,korzet,"Wien, Town of Wien, Marathon County, Wisconsin, 54426, Egyesült Államok"
21204640493,"Wien, Wien",44.9019561,-90.0250311,korzet,"Wien, Town of Wien, Marathon County, Wisconsin, 54426, Egyesült Államok"
21204923249,"Wien, Wien",44.9019561,-90.0250311,korzet,"Wien, Town of Wien, Marathon County, Wisconsin, 54426, Egyesült Államok"
2120692509,"Wien, Wien",44.9019561,-90.0250311,korzet,"Wien, Town of Wien, Marathon County, Wisconsin, 54426, Egyesült Államok"
2120961187,"Wien, 02. Bezirk, Leopoldstadt, Wien",,,nincs,
21217700218,"Wien, Wien",44.9019561,-90.0250311,korzet,"Wien, Town of Wien, Marathon County, Wisconsin, 54426, Egyesült Államok"
2121856395,"Wien, Wien",44.9019561,-90.0250311,korzet,"Wien, Town of Wien, Marathon County, Wisconsin, 54426, Egyesült Államok"
21218581339,"Wien, Wien",44.9019561,-90.0250311,korzet,"Wien, Town of Wien, Marathon County, Wisconsin, 54426, Egyesült Államok"
2122073425,"Wien, Wien",44.9019561,-90.0250311,korzet,"Wien, Town of Wien, Marathon County, Wisconsin, 54426, Egyesült Államok"
2122138665,"23 Donaustraße, 1020 Wien",48.2231925,16.3710362,hazszam,"23, Obere Donaustraße, Rembrandtviertel, Leopoldstadt, Katastralgemeinde Leopoldstadt, Leopoldstadt, Bécs, 1020, Ausztria"
21221781036,"Wien, Wien",44.9019561,-90.0250311,korzet,"Wien, Town of Wien, Marathon County, Wisconsin, 54426, Egyesült Államok"
21226690486,"Wien, Wien",44.9019561,-90.0250311,korzet,"Wien, Town of Wien, Marathon County, Wisconsin, 54426, Egyesült Államok"
21227523078,"Wien, Wien",44.9019561,-90.0250311,korzet,"Wien, Town of Wien, Marathon County, Wisconsin, 54426, Egyesült Államok"
21229840494,"Wien, Wien",44.9019561,-90.0250311,korzet,"Wien, Town of Wien, Marathon County, Wisconsin, 54426, Egyesült Államok"
21237330350,"Wien, Wien",44.9019561,-90.0250311,korzet,"Wien, Town of Wien, Marathon County, Wisconsin, 54426, Egyesült Államok"
21237832435,"Wien, Wien",44.9019561,-90.0250311,korzet,"Wien, Town of Wien, Marathon County, Wisconsin, 54426, Egyesült Államok"
21239420199,"Wien, Wien",44.9019561,-90.0250311,korzet,"Wien, Town of Wien, Marathon County, Wisconsin, 54426, Egyesült Államok"
2124130099,"Wien, Wien",44.9019561,-90.0250311,korzet,"Wien, Town of Wien, Marathon County, Wisconsin, 54426, Egyesült Államok"
21243081455,"Wien, Wien",44.9019561,-90.0250311,korzet,"Wien, Town of Wien, Marathon County, Wisconsin, 54426, Egyesült Államok"
21243482609,"Wien, Wien",44.9019561,-90.0250311,korzet,"Wien, Town of Wien, Marathon County, Wisconsin, 54426, Egyesült Államok"
21243751234,"Wien, Wien",44.9019561,-90.0250311,korzet,"Wien, Town of Wien, Marathon County, Wisconsin, 54426, Egyesült Államok"
2124672864,"23 Donaustraße, 1020 Wien",48.2231925,16.3710362,hazszam,"23, Obere Donaustraße, Rembrandtviertel, Leopoldstadt, Katastralgemeinde Leopoldstadt, Leopoldstadt, Bécs, 1020, Ausztria"
21247040266,"Wien, Wien",44.9019561,-90.0250311,korzet,"Wien, Town of Wien, Marathon County, Wisconsin, 54426, Egyesült Államok"
21247530730,"Wien, Wien",44.9019561,-90.0250311,korzet,"Wien, Town of Wien, Marathon County, Wisconsin, 54426, Egyesült Államok"
2125439210,"Wien, Wien",44.9019561,-90.0250311,korzet,"Wien, Town of Wien, Marathon County, Wisconsin, 54426, Egyesült Államok"
21255471403,"Wien, Wien",44.9019561,-90.0250311,korzet,"Wien, Town of Wien, Marathon County, Wisconsin, 54426, Egyesült Államok"
2125705854,"Wien, Wien",44.9019561,-90.0250311,korzet,"Wien, Town of Wien, Marathon County, Wisconsin, 54426, Egyesült Államok"
21259420885,"Wien, Wien",44.9019561,-90.0250311,korzet,"Wien, Town of Wien, Marathon County, Wisconsin, 54426, Egyesült Államok"
21259880280,"Wien, Wien",44.9019561,-90.0250311,korzet,"Wien, Town of Wien, Marathon County, Wisconsin, 54426, Egyesült Államok"
21271011247,"Wien, Wien",44.9019561,-90.0250311,korzet,"Wien, Town of Wien, Marathon County, Wisconsin, 54426, Egyesült Államok"
21274040657,"Wien, Wien",44.9019561,-90.0250311,korzet,"Wien, Town of Wien, Marathon County, Wisconsin, 54426, Egyesült Államok"
21279601821,"Wien, Wien",44.9019561,-90.0250311,korzet,"Wien, Town of Wien, Marathon County, Wisconsin, 54426, Egyesült Államok"
21289860164,"Wien, Wien",44.9019561,-90.0250311,korzet,"Wien, Town of Wien, Marathon County, Wisconsin, 54426, Egyesült Államok"
2128987124,"Wien, 02. Bezirk, Leopoldstadt, Wien",,,nincs,
2129070364,"19 Donaustraße, 1020 Wien",48.2894131,16.3445499,hazszam,"19, Donaustraße, Kuchelau, Katastralgemeinde Kahlenbergerdorf, Döbling, Bécs, 1190, Ausztria"
21293280408,"Wien, Wien",44.9019561,-90.0250311,korzet,"Wien, Town of Wien, Marathon County, Wisconsin, 54426, Egyesült Államok"
21305730119,"Wien, Wien",44.9019561,-90.0250311,korzet,"Wien, Town of Wien, Marathon County, Wisconsin, 54426, Egyesült Államok"
21314371119,"Wien, Wien",44.9019561,-90.0250311,korzet,"Wien, Town of Wien, Marathon County, Wisconsin, 54426, Egyesült Államok"
21317721783,"Wien, Wien",44.9019561,-90.0250311,korzet,"Wien, Town of Wien, Marathon County, Wisconsin, 54426, Egyesült Államok"
21318060721,"Wien, Wien",44.9019561,-90.0250311,korzet,"Wien, Town of Wien, Marathon County, Wisconsin, 54426, Egyesült Államok"
21318891358,"Wien, Wien",44.9019561,-90.0250311,korzet,"Wien, Town of Wien, Marathon County, Wisconsin, 54426, Egyesült Államok"
21320501514,"Wien, Wien",44.9019561,-90.0250311,korzet,"Wien, Town of Wien, Marathon County, Wisconsin, 54426, Egyesült Államok"
2132058480,"Wien, 02. Bezirk, Leopoldstadt, Wien",,,nincs,
21320800617,"Wien, Wien",44.9019561,-90.0250311,korzet,"Wien, Town of Wien, Marathon County, Wisconsin, 54426, Egyesült Államok"
21322011439,"Wien, Wien",44.9019561,-90.0250311,korzet,"Wien, Town of Wien, Marathon County, Wisconsin, 54426, Egyesült Államok"
21322361258,"Wien, Wien",44.9019561,-90.0250311,korzet,"Wien, Town of Wien, Marathon County, Wisconsin, 54426, Egyesült Államok"
21325281617,"Wien, Wien",44.9019561,-90.0250311,korzet,"Wien, Town of Wien, Marathon County, Wisconsin, 54426, Egyesült Államok"
21329532542,"Wien, Wien",44.9019561,-90.0250311,korzet,"Wien, Town of Wien, Marathon County, Wisconsin, 54426, Egyesült Államok"
21335240788,"Wien, Wien",44.9019561,-90.0250311,korzet,"Wien, Town of Wien, Marathon County, Wisconsin, 54426, Egyesült Államok"
21337660960,"Wien, Wien",44.9019561,-90.0250311,korzet,"Wien, Town of Wien, Marathon County, Wisconsin, 54426, Egyesült Államok"
21340250681,"Wien, Wien",44.9019561,-90.0250311,korzet,"Wien, Town of Wien, Marathon County, Wisconsin, 54426, Egyesült Államok"
21341101794,"Wien, Wien",44.9019561,-90.0250311,korzet,"Wien, Town of Wien, Marathon County, Wisconsin, 54426, Egyesült Államok"
21341511812,"Wien, Wien",44.9019561,-90.0250311,korzet,"Wien, Town of Wien, Marathon County, Wisconsin, 54426, Egyesült Államok"
2134632972,"Wien, Wien",44.9019561,-90.0250311,korzet,"Wien, Town of Wien, Marathon County, Wisconsin, 54426, Egyesült Államok"
21350120096,"Wien, Wien",44.9019561,-90.0250311,korzet,"Wien, Town of Wien, Marathon County, Wisconsin, 54426, Egyesült Államok"
21352850964,"Wien, Wien",44.9019561,-90.0250311,korzet,"Wien, Town of Wien, Marathon County, Wisconsin, 54426, Egyesült Államok"
21354151404,"Wien, Wien",44.9019561,-90.0250311,korzet,"Wien, Town of Wien, Marathon County, Wisconsin, 54426, Egyesült Államok"
21355901042,"Wien, Wien",44.9019561,-90.0250311,korzet,"Wien, Town of Wien, Marathon County, Wisconsin, 54426, Egyesült Államok"
21357470160,"Wien, Wien",44.9019561,-90.0250311,korzet,"Wien, Town of Wien, Marathon County, Wisconsin, 54426, Egyesült Államok"
21359960811,"Wien, Wien",44.9019561,-90.0250311,korzet,"Wien, Town of Wien, Marathon County, Wisconsin, 54426, Egyesült Államok"
2136112615,"Wien, Wien",44.9019561,-90.0250311,korzet,"Wien, Town of Wien, Marathon County, Wisconsin, 54426, Egyesült Államok"
21362350766,"Wien, Wien",44.9019561,-90.0250311,korzet,"Wien, Town of Wien, Marathon County, Wisconsin, 54426, Egyesült Államok"
2136314998,"Wien, 02. Bezirk, Leopoldstadt, Wien",,,nincs,
2136318750,"Wien, 02. Bezirk, Leopoldstadt, Wien",,,nincs,
21369230847,"Wien, Wien",44.9019561,-90.0250311,korzet,"Wien, Town of Wien, Marathon County, Wisconsin, 54426, Egyesült Államok"
21373351047,"Wien, Wien",44.9019561,-90.0250311,korzet,"Wien, Town of Wien, Marathon County, Wisconsin, 54426, Egyesült Államok"
2137381997,"Wien, Wien",44.9019561,-90.0250311,korzet,"Wien, Town of Wien, Marathon County, Wisconsin, 54426, Egyesült Államok"
2138326177,"19 Donaustraße, 1020 Wien",48.2894131,16.3445499,hazszam,"19, Donaustraße, Kuchelau, Katastralgemeinde Kahlenbergerdorf, Döbling, Bécs, 1190, Ausztria"
2138475372,"Wien, Wien",44.9019561,-90.0250311,korzet,"Wien, Town of Wien, Marathon County, Wisconsin, 54426, Egyesült Államok"
21400190286,"Wien, Wien",44.9019561,-90.0250311,korzet,"Wien, Town of Wien, Marathon County, Wisconsin, 54426, Egyesült Államok"
21405220072,"Wien, Wien",44.9019561,-90.0250311,korzet,"Wien, Town of Wien, Marathon County, Wisconsin, 54426, Egyesült Államok"
2142305428,"Wien, Wien",44.9019561,-90.0250311,korzet,"Wien, Town of Wien, Marathon County, Wisconsin, 54426, Egyesült Államok"
2145319122,"Wien, Wien",44.9019561,-90.0250311,korzet,"Wien, Town of Wien, Marathon County, Wisconsin, 54426, Egyesült Államok"
2145396612,"29 Ausstellungsstraße, 1020 Wien",48.2182972,16.4019573,hazszam,"29, Ausstellungsstraße, Stuwerviertel, Leopoldstadt, Katastralgemeinde Leopoldstadt, Leopoldstadt, Bécs, 1020, Ausztria"
21456230403,"Wien, Wien",44.9019561,-90.0250311,korzet,"Wien, Town of Wien, Marathon County, Wisconsin, 54426, Egyesült Államok"
2145803166,"Wien, Wien",44.9019561,-90.0250311,korzet,"Wien, Town of Wien, Marathon County, Wisconsin, 54426, Egyesült Államok"
21466590400,"Wien, Wien",44.9019561,-90.0250311,korzet,"Wien, Town of Wien, Marathon County, Wisconsin, 54426, Egyesült Államok"
21518351806,"Wien, Wien",44.9019561,-90.0250311,korzet,"Wien, Town of Wien, Marathon County, Wisconsin, 54426, Egyesült Államok"
21659901565,"Wien, Wien",44.9019561,-90.0250311,korzet,"Wien, Town of Wien, Marathon County, Wisconsin, 54426, Egyesült Államok"
21661671648,"Wien, Wien",44.9019561,-90.0250311,korzet,"Wien, Town of Wien, Marathon County, Wisconsin, 54426, Egyesült Államok"
21682240608,"Wien, Wien",44.9019561,-90.0250311,korzet,"Wien, Town of Wien, Marathon County, Wisconsin, 54426, Egyesült Államok"
21684480479,"Wien, Wien",44.9019561,-90.0250311,korzet,"Wien, Town of Wien, Marathon County, Wisconsin, 54426, Egyesült Államok"
21753722453,"Wien, Wien",44.9019561,-90.0250311,korzet,"Wien, Town of Wien, Marathon County, Wisconsin, 54426, Egyesült Államok"
21767020945,"Wien, Wien",44.9019561,-90.0250311,korzet,"Wien, Town of Wien, Marathon County, Wisconsin, 54426, Egyesült Államok"
21779200258,"Wien, Wien",44.9019561,-90.0250311,korzet,"Wien, Town of Wien, Marathon County, Wisconsin, 54426, Egyesült Államok"
21834412888,"Wien, Wien",44.9019561,-90.0250311,korzet,"Wien, Town of Wien, Marathon County, Wisconsin, 54426, Egyesült Államok"
21836841658,"Wien, Wien",44.9019561,-90.0250311,korzet,"Wien, Town of Wien, Marathon County, Wisconsin, 54426, Egyesült Államok"
21871161261,"Wien, Wien",44.9019561,-90.0250311,korzet,"Wien, Town of Wien, Marathon County, Wisconsin, 54426, Egyesült Államok"
22030864057,"Wien, Wien",44.9019561,-90.0250311,korzet,"Wien, Town of Wien, Marathon County, Wisconsin, 54426, Egyesült Államok"
22186111069,"Wien, Wien",44.9019561,-90.0250311,korzet,"Wien, Town of Wien, Marathon County, Wisconsin, 54426, Egyesült Államok"
22245180021,"Wien, Wien",44.9019561,-90.0250311,korzet,"Wien, Town of Wien, Marathon County, Wisconsin, 54426, Egyesült Államok"
22356710285,"Wien, Wien",44.9019561,-90.0250311,korzet,"Wien, Town of Wien, Marathon County, Wisconsin, 54426, Egyesült Államok"
22362480314,"Wien, Wien",44.9019561,-90.0250311,korzet,"Wien, Town of Wien, Marathon County, Wisconsin, 54426, Egyesült Államok"
22405460083,"Wien, Wien",44.9019561,-90.0250311,korzet,"Wien, Town of Wien, Marathon County, Wisconsin, 54426, Egyesült Államok"
22426103413,"Wien, Wien",44.9019561,-90.0250311,korzet,"Wien, Town of Wien, Marathon County, Wisconsin, 54426, Egyesült Államok"
22457931520,"Wien, Wien",44.9019561,-90.0250311,korzet,"Wien, Town of Wien, Marathon County, Wisconsin, 54426, Egyesült Államok"
22905895122,"Wien, Wien",44.9019561,-90.0250311,korzet,"Wien, Town of Wien, Marathon County, Wisconsin, 54426, Egyesült Államok"
22960640419,"Wien, Wien",44.9019561,-90.0250311,korzet,"Wien, Town of Wien, Marathon County, Wisconsin, 54426, Egyesült Államok"
23173680018,"Wien, Wien",44.9019561,-90.0250311,korzet,"Wien, Town of Wien, Marathon County, Wisconsin, 54426, Egyesült Államok"
23369460393,"Wien, Wien",44.9019561,-90.0250311,korzet,"Wien, Town of Wien, Marathon County, Wisconsin, 54426, Egyesült Államok"
23383230221,"Wien, Wien",44.9019561,-90.0250311,korzet,"Wien, Town of Wien, Marathon County, Wisconsin, 54426, Egyesült Államok"
23513080599,"Wien, Wien",44.9019561,-90.0250311,korzet,"Wien, Town of Wien, Marathon County, Wisconsin, 54426, Egyesült Államok"
246021412,"Wien, Wien",44.9019561,-90.0250311,korzet,"Wien, Town of Wien, Marathon County, Wisconsin, 54426, Egyesült Államok"
24789170591,"Wien, Wien",44.9019561,-90.0250311,korzet,"Wien, Town of Wien, Marathon County, Wisconsin, 54426, Egyesült Államok"
25122400808,"Wien, Wien",44.9019561,-90.0250311,korzet,"Wien, Town of Wien, Marathon County, Wisconsin, 54426, Egyesült Államok"
25427950052,"Wien, Wien",44.9019561,-90.0250311,korzet,"Wien, Town of Wien, Marathon County, Wisconsin, 54426, Egyesült Államok"
25793180311,"Wien, Wien",44.9019561,-90.0250311,korzet,"Wien, Town of Wien, Marathon County, Wisconsin, 54426, Egyesült Államok"
26168570497,"Wien, Wien",44.9019561,-90.0250311,korzet,"Wien, Town of Wien, Marathon County, Wisconsin, 54426, Egyesült Államok"
26173901043,"Wien, Wien",44.9019561,-90.0250311,korzet,"Wien, Town of Wien, Marathon County, Wisconsin, 54426, Egyesült Államok"
26861770128,"Wien, Wien",44.9019561,-90.0250311,korzet,"Wien, Town of Wien, Marathon County, Wisconsin, 54426, Egyesült Államok"
27053020811,"Wien, Wien",44.9019561,-90.0250311,korzet,"Wien, Town of Wien, Marathon County, Wisconsin, 54426, Egyesült Államok"
27056070706,"Wien, Wien",44.9019561,-90.0250311,korzet,"Wien, Town of Wien, Marathon County, Wisconsin, 54426, Egyesült Államok"
27083500576,"Wien, Wien",44.9019561,-90.0250311,korzet,"Wien, Town of Wien, Marathon County, Wisconsin, 54426, Egyesült Államok"
28559910462,"Wien, Wien",44.9019561,-90.0250311,korzet,"Wien, Town of Wien, Marathon County, Wisconsin, 54426, Egyesült Államok"
28578670698,"Wien, Wien",44.9019561,-90.0250311,korzet,"Wien, Town of Wien, Marathon County, Wisconsin, 54426, Egyesült Államok"
28780310878,"Wien, Wien",44.9019561,-90.0250311,korzet,"Wien, Town of Wien, Marathon County, Wisconsin, 54426, Egyesült Államok"
28831890553,"Wien, Wien",44.9019561,-90.0250311,korzet,"Wien, Town of Wien, Marathon County, Wisconsin, 54426, Egyesült Államok"
28888880169,"Wien, Wien",44.9019561,-90.0250311,korzet,"Wien, Town of Wien, Marathon County, Wisconsin, 54426, Egyesült Államok"
29831140174,"Wien, Wien",44.9019561,-90.0250311,korzet,"Wien, Town of Wien, Marathon County, Wisconsin, 54426, Egyesült Államok"
29835950102,"Wien, Wien",44.9019561,-90.0250311,korzet,"Wien, Town of Wien, Marathon County, Wisconsin, 54426, Egyesült Államok"
29858850019,"Wien, Wien",44.9019561,-90.0250311,korzet,"Wien, Town of Wien, Marathon County, Wisconsin, 54426, Egyesült Államok"
29870410015,"Wien, Wien",44.9019561,-90.0250311,korzet,"Wien, Town of Wien, Marathon County, Wisconsin, 54426, Egyesült Államok"
29872970178,"Wien, Wien",44.9019561,-90.0250311,korzet,"Wien, Town of Wien, Marathon County, Wisconsin, 54426, Egyesült Államok"
30042580714,"Wien, Wien",44.9019561,-90.0250311,korzet,"Wien, Town of Wien, Marathon County, Wisconsin, 54426, Egyesült Államok"
4879331218948096,"Wien, Wien",44.9019561,-90.0250311,korzet,"Wien, Town of Wien, Marathon County, Wisconsin, 54426, Egyesült Államok"
5110988687540224,"Wien, Wien",44.9019561,-90.0250311,korzet,"Wien, Town of Wien, Marathon County, Wisconsin, 54426, Egyesült Államok"
5413316139417600,"Wien, Wien",44.9019561,-90.0250311,korzet,"Wien, Town of Wien, Marathon County, Wisconsin, 54426, Egyesült Államok"
5498413848985600,"Wien, Wien",44.9019561,-90.0250311,korzet,"Wien, Town of Wien, Marathon County, Wisconsin, 54426, Egyesült Államok"
550896946,"Wien, Wien",44.9019561,-90.0250311,korzet,"Wien, Town of Wien, Marathon County, Wisconsin, 54426, Egyesült Államok"
550896991,"Wien, Wien",44.9019561,-90.0250311,korzet,"Wien, Town of Wien, Marathon County, Wisconsin, 54426, Egyesült Államok"
550903670,"Wien, Wien",44.9019561,-90.0250311,korzet,"Wien, Town of Wien, Marathon County, Wisconsin, 54426, Egyesült Államok"
5589170098274304,"Wien, Wien",44.9019561,-90.0250311,korzet,"Wien, Town of Wien, Marathon County, Wisconsin, 54426, Egyesült Államok"
5676739855122432,"Wien, Wien",44.9019561,-90.0250311,korzet,"Wien, Town of Wien, Marathon County, Wisconsin, 54426, Egyesült Államok"
5679320375492608,"Wien, Wien",44.9019561,-90.0250311,korzet,"Wien, Town of Wien, Marathon County, Wisconsin, 54426, Egyesült Államok"
568742121,"Wien, Wien",44.9019561,-90.0250311,korzet,"Wien, Town of Wien, Marathon County, Wisconsin, 54426, Egyesült Államok"
569054785,"Wien, Wien",44.9019561,-90.0250311,korzet,"Wien, Town of Wien, Marathon County, Wisconsin, 54426, Egyesült Államok"
5746304903544832,"Wien, Wien",44.9019561,-90.0250311,korzet,"Wien, Town of Wien, Marathon County, Wisconsin, 54426, Egyesült Államok"
5923640120705024,"Wien, Wien",44.9019561,-90.0250311,korzet,"Wien, Town of Wien, Marathon County, Wisconsin, 54426, Egyesült Államok"
6176189987946496,"Wien, Wien",44.9019561,-90.0250311,korzet,"Wien, Town of Wien, Marathon County, Wisconsin, 54426, Egyesült Államok"
6203538980732928,"Wien, Wien",44.9019561,-90.0250311,korzet,"Wien, Town of Wien, Marathon County, Wisconsin, 54426, Egyesült Államok"
6345090453471232,"Wien, Wien",44.9019561,-90.0250311,korzet,"Wien, Town of Wien, Marathon County, Wisconsin, 54426, Egyesült Államok"
635379806,"Wien, Wien",44.9019561,-90.0250311,korzet,"Wien, Town of Wien, Marathon County, Wisconsin, 54426, Egyesült Államok"
650249818,"Wien, Wien",44.9019561,-90.0250311,korzet,"Wien, Town of Wien, Marathon County, Wisconsin, 54426, Egyesült Államok"
6507171838951424,"Wien, Wien",44.9019561,-90.0250311,korzet,"Wien, Town of Wien, Marathon County, Wisconsin, 54426, Egyesült Államok"
652831770,"Wien, Wien",44.9019561,-90.0250311,korzet,"Wien, Town of Wien, Marathon County, Wisconsin, 54426, Egyesült Államok"
657428503,"Wien, 02. Bezirk, Leopoldstadt, Wien",,,nincs,
657428550,"Wien, Wien",44.9019561,-90.0250311,korzet,"Wien, Town of Wien, Marathon County, Wisconsin, 54426, Egyesült Államok"
657434057,"Wien, Wien",44.9019561,-90.0250311,korzet,"Wien, Town of Wien, Marathon County, Wisconsin, 54426, Egyesült Államok"
6678543990521856,"Wien, Wien",44.9019561,-90.0250311,korzet,"Wien, Town of Wien, Marathon County, Wisconsin, 54426, Egyesült Államok"
674534109,"Wien, 02. Bezirk, Leopoldstadt, Wien",,,nincs,
674534137,"Wien, 02. Bezirk, Leopoldstadt, Wien",,,nincs,
679170371,"Wien, Wien",44.9019561,-90.0250311,korzet,"Wien, Town of Wien, Marathon County, Wisconsin, 54426, Egyesült Államok"
697598557,"Wien, Wien",44.9019561,-90.0250311,korzet,"Wien, Town of Wien, Marathon County, Wisconsin, 54426, Egyesült Államok"
697598891,"Wien, Wien",44.9019561,-90.0250311,korzet,"Wien, Town of Wien, Marathon County, Wisconsin, 54426, Egyesült Államok"
718304224,"Wien, Wien",44.9019561,-90.0250311,korzet,"Wien, Town of Wien, Marathon County, Wisconsin, 54426, Egyesült Államok"
727779755,"Wien, Wien",44.9019561,-90.0250311,korzet,"Wien, Town of Wien, Marathon County, Wisconsin, 54426, Egyesült Államok"
727780099,"Wien, Wien",44.9019561,-90.0250311,korzet,"Wien, Town of Wien, Marathon County, Wisconsin, 54426, Egyesült Államok"
739901546,"Wien, Wien",44.9019561,-90.0250311,korzet,"Wien, Town of Wien, Marathon County, Wisconsin, 54426, Egyesült Államok"
746056464,"Wien, Wien",44.9019561,-90.0250311,korzet,"Wien, Town of Wien, Marathon County, Wisconsin, 54426, Egyesült Államok"
746056507,"Wien, Wien",44.9019561,-90.0250311,korzet,"Wien, Town of Wien, Marathon County, Wisconsin, 54426, Egyesült Államok"
746056522,"Wien, Wien",44.9019561,-90.0250311,korzet,"Wien, Town of Wien, Marathon County, Wisconsin, 54426, Egyesült Államok"
746056751,"Wien, Wien",44.9019561,-90.0250311,korzet,"Wien, Town of Wien, Marathon County, Wisconsin, 54426, Egyesült Államok"
746056770,"Wien, Wien",44.9019561,-90.0250311,korzet,"Wien, Town of Wien, Marathon County, Wisconsin, 54426, Egyesült Államok"
746056773,"Wien, Wien",44.9019561,-90.0250311,korzet,"Wien, Town of Wien, Marathon County, Wisconsin, 54426, Egyesült Államok"
746056930,"Wien, Wien",44.9019561,-90.0250311,korzet,"Wien, Town of Wien, Marathon County, Wisconsin, 54426, Egyesült Államok"
746056935,"Wien, Wien",44.9019561,-90.0250311,korzet,"Wien, Town of Wien, Marathon County, Wisconsin, 54426, Egyesült Államok"
746056938,"Wien, Wien",44.9019561,-90.0250311,korzet,"Wien, Town of Wien, Marathon County, Wisconsin, 54426, Egyesült Államok"
748205774,"Wien, Wien",44.9019561,-90.0250311,korzet,"Wien, Town of Wien, Marathon County, Wisconsin, 54426, Egyesült Államok"
750662014,"Wien, 02. Bezirk, Leopoldstadt, Wien",,,nincs,
750662349,"Wien, 02. Bezirk, Leopoldstadt, Wien",,,nincs,
756111215,"Wien, Wien",44.9019561,-90.0250311,korzet,"Wien, Town of Wien, Marathon County, Wisconsin, 54426, Egyesült Államok"
765813978,"Wien, Wien",44.9019561,-90.0250311,korzet,"Wien, Town of Wien, Marathon County, Wisconsin, 54426, Egyesült Államok"
765816966,"Wien, Wien",44.9019561,-90.0250311,korzet,"Wien, Town of Wien, Marathon County, Wisconsin, 54426, Egyesült Államok"
770726768,"Wien, Wien",44.9019561,-90.0250311,korzet,"Wien, Town of Wien, Marathon County, Wisconsin, 54426, Egyesült Államok"
774053738,"Wien, Wien",44.9019561,-90.0250311,korzet,"Wien, Town of Wien, Marathon County, Wisconsin, 54426, Egyesült Államok"
774922045,"Wien, Wien",44.9019561,-90.0250311,korzet,"Wien, Town of Wien, Marathon County, Wisconsin, 54426, Egyesült Államok"
775513833,"Wien, Wien",44.9019561,-90.0250311,korzet,"Wien, Town of Wien, Marathon County, Wisconsin, 54426, Egyesült Államok"
777401574,"Wien, Wien",44.9019561,-90.0250311,korzet,"Wien, Town of Wien, Marathon County, Wisconsin, 54426, Egyesült Államok"
777602368,"23 Donaustraße, 1020 Wien",48.2231925,16.3710362,hazszam,"23, Obere Donaustraße, Rembrandtviertel, Leopoldstadt, Katastralgemeinde Leopoldstadt, Leopoldstadt, Bécs, 1020, Ausztria"
778297365,"Wien, Wien",44.9019561,-90.0250311,korzet,"Wien, Town of Wien, Marathon County, Wisconsin, 54426, Egyesült Államok"
778590252,"23 Donaustraße, 1020 Wien",48.2231925,16.3710362,hazszam,"23, Obere Donaustraße, Rembrandtviertel, Leopoldstadt, Katastralgemeinde Leopoldstadt, Leopoldstadt, Bécs, 1020, Ausztria"
778614497,"Wien, Wien",44.9019561,-90.0250311,korzet,"Wien, Town of Wien, Marathon County, Wisconsin, 54426, Egyesült Államok"
778784281,"Wien, 02. Bezirk, Leopoldstadt, Wien",,,nincs,
780366779,"Wien, Wien",44.9019561,-90.0250311,korzet,"Wien, Town of Wien, Marathon County, Wisconsin, 54426, Egyesült Államok"
782177019,"Wien, 02. Bezirk, Leopoldstadt, Wien",,,nincs,
782215636,"Wien, Wien",44.9019561,-90.0250311,korzet,"Wien, Town of Wien, Marathon County, Wisconsin, 54426, Egyesült Államok"
783218147,"Wien, Wien",44.9019561,-90.0250311,korzet,"Wien, Town of Wien, Marathon County, Wisconsin, 54426, Egyesült Államok"
783968963,"Wien, Wien",44.9019561,-90.0250311,korzet,"Wien, Town of Wien, Marathon County, Wisconsin, 54426, Egyesült Államok"
787529064,"Wien, 02. Bezirk, Leopoldstadt, Wien",,,nincs,
790154720,"Wien, Wien",44.9019561,-90.0250311,korzet,"Wien, Town of Wien, Marathon County, Wisconsin, 54426, Egyesült Államok"
791122039,"Wien, Wien",44.9019561,-90.0250311,korzet,"Wien, Town of Wien, Marathon County, Wisconsin, 54426, Egyesült Államok"
791210857,"Wien, Wien",44.9019561,-90.0250311,korzet,"Wien, Town of Wien, Marathon County, Wisconsin, 54426, Egyesült Államok"
791615205,"29 Ausstellungsstraße, 1020 Wien",48.2182972,16.4019573,hazszam,"29, Ausstellungsstraße, Stuwerviertel, Leopoldstadt, Katastralgemeinde Leopoldstadt, Leopoldstadt, Bécs, 1020, Ausztria"
792152868,"Wien, Wien",44.9019561,-90.0250311,korzet,"Wien, Town of Wien, Marathon County, Wisconsin, 54426, Egyesült Államok"
792722068,"Wien, Wien",44.9019561,-90.0250311,korzet,"Wien, Town of Wien, Marathon County, Wisconsin, 54426, Egyesült Államok"
794611847,"Wien, Wien",44.9019561,-90.0250311,korzet,"Wien, Town of Wien, Marathon County, Wisconsin, 54426, Egyesült Államok"
795127320,"Wien, Wien",44.9019561,-90.0250311,korzet,"Wien, Town of Wien, Marathon County, Wisconsin, 54426, Egyesült Államok"
797845531,"Wien, Wien",44.9019561,-90.0250311,korzet,"Wien, Town of Wien, Marathon County, Wisconsin, 54426, Egyesült Államok"
798059771,"Wien, 02. Bezirk, Leopoldstadt, Wien",,,nincs,
798580892,"Wien, 02. Bezirk, Leopoldstadt, Wien",,,nincs,
799824227,"7 Stoffellagasse, 1020 Wien",,,nincs,
800913441,"Wien, Wien",44.9019561,-90.0250311,korzet,"Wien, Town of Wien, Marathon County, Wisconsin, 54426, Egyesült Államok"
801923604,"16 Schottenring, 1020 Wien",,,nincs,
802494783,"Wien, Wien",44.9019561,-90.0250311,korzet,"Wien, Town of Wien, Marathon County, Wisconsin, 54426, Egyesült Államok"
802575407,"Wien, 02. Bezirk, Leopoldstadt, Wien",,,nincs,
802921061,"7 Stoffellagasse, 1020 Wien",,,nincs,
806259766,"23 Donaustraße, 1020 Wien",48.2231925,16.3710362,hazszam,"23, Obere Donaustraße, Rembrandtviertel, Leopoldstadt, Katastralgemeinde Leopoldstadt, Leopoldstadt, Bécs, 1020, Ausztria"
806917735,"Wien, Wien",44.9019561,-90.0250311,korzet,"Wien, Town of Wien, Marathon County, Wisconsin, 54426, Egyesült Államok"
808118316,"Wien, Wien",44.9019561,-90.0250311,korzet,"Wien, Town of Wien, Marathon County, Wisconsin, 54426, Egyesült Államok"
810252352,"Wien, Wien",44.9019561,-90.0250311,korzet,"Wien, Town of Wien, Marathon County, Wisconsin, 54426, Egyesült Államok"
815713961,"Wien, Wien",44.9019561,-90.0250311,korzet,"Wien, Town of Wien, Marathon County, Wisconsin, 54426, Egyesült Államok"
817271011,"Wien, Wien",44.9019561,-90.0250311,korzet,"Wien, Town of Wien, Marathon County, Wisconsin, 54426, Egyesült Államok"
817535406,"Wien, Wien",44.9019561,-90.0250311,korzet,"Wien, Town of Wien, Marathon County, Wisconsin, 54426, Egyesült Államok"
818617357,"Wien, 02. Bezirk, Leopoldstadt, Wien",,,nincs,
819980037,"23 Donaustraße, 1020 Wien",48.2231925,16.3710362,hazszam,"23, Obere Donaustraße, Rembrandtviertel, Leopoldstadt, Katastralgemeinde Leopoldstadt, Leopoldstadt, Bécs, 1020, Ausztria"
821391016,"16 Schottenring, 1020 Wien",,,nincs,
821779928,"Wien, Wien",44.9019561,-90.0250311,korzet,"Wien, Town of Wien, Marathon County, Wisconsin, 54426, Egyesült Államok"
824944283,"23 Donaustraße, 1020 Wien",48.2231925,16.3710362,hazszam,"23, Obere Donaustraße, Rembrandtviertel, Leopoldstadt, Katastralgemeinde Leopoldstadt, Leopoldstadt, Bécs, 1020, Ausztria"
824944972,"Wien, Wien",44.9019561,-90.0250311,korzet,"Wien, Town of Wien, Marathon County, Wisconsin, 54426, Egyesült Államok"
825807994,"29 Ausstellungsstraße, 1020 Wien",48.2182972,16.4019573,hazszam,"29, Ausstellungsstraße, Stuwerviertel, Leopoldstadt, Katastralgemeinde Leopoldstadt, Leopoldstadt, Bécs, 1020, Ausztria"
826320798,"Wien, Wien",44.9019561,-90.0250311,korzet,"Wien, Town of Wien, Marathon County, Wisconsin, 54426, Egyesült Államok"
828565545,"Wien, Wien",44.9019561,-90.0250311,korzet,"Wien, Town of Wien, Marathon County, Wisconsin, 54426, Egyesült Államok"
830368684,"Wien, 02. Bezirk, Leopoldstadt, Wien",,,nincs,
830576789,"16 Schottenring, 1020 Wien",,,nincs,
831206233,"Wien, Wien",44.9019561,-90.0250311,korzet,"Wien, Town of Wien, Marathon County, Wisconsin, 54426, Egyesült Államok"
836110669,"23 Donaustraße, 1020 Wien",48.2231925,16.3710362,hazszam,"23, Obere Donaustraße, Rembrandtviertel, Leopoldstadt, Katastralgemeinde Leopoldstadt, Leopoldstadt, Bécs, 1020, Ausztria"
836171283,"Wien, 02. Bezirk, Leopoldstadt, Wien",,,nincs,
837690751,"23 Donaustraße, 1020 Wien",48.2231925,16.3710362,hazszam,"23, Obere Donaustraße, Rembrandtviertel, Leopoldstadt, Katastralgemeinde Leopoldstadt, Leopoldstadt, Bécs, 1020, Ausztria"
838405011,"Wien, Wien",44.9019561,-90.0250311,korzet,"Wien, Town of Wien, Marathon County, Wisconsin, 54426, Egyesült Államok"
840358469,"Wien, Wien",44.9019561,-90.0250311,korzet,"Wien, Town of Wien, Marathon County, Wisconsin, 54426, Egyesült Államok"
841153116,"Wien, 02. Bezirk, Leopoldstadt, Wien",,,nincs,
842541383,"16 Schottenring, 1020 Wien",,,nincs,
843941580,"Wien, Wien",44.9019561,-90.0250311,korzet,"Wien, Town of Wien, Marathon County, Wisconsin, 54426, Egyesült Államok"
844550972,"Wien, Wien",44.9019561,-90.0250311,korzet,"Wien, Town of Wien, Marathon County, Wisconsin, 54426, Egyesült Államok"
846411760,"Wien, 02. Bezirk, Leopoldstadt, Wien",,,nincs,
847084506,"19 Donaustraße, 1020 Wien",48.2894131,16.3445499,hazszam,"19, Donaustraße, Kuchelau, Katastralgemeinde Kahlenbergerdorf, Döbling, Bécs, 1190, Ausztria"
847290836,"Wien, Wien",44.9019561,-90.0250311,korzet,"Wien, Town of Wien, Marathon County, Wisconsin, 54426, Egyesült Államok"
847960941,"Wien, Wien",44.9019561,-90.0250311,korzet,"Wien, Town of Wien, Marathon County, Wisconsin, 54426, Egyesült Államok"
848029715,"Wien, Wien",44.9019561,-90.0250311,korzet,"Wien, Town of Wien, Marathon County, Wisconsin, 54426, Egyesült Államok"
848930594,"Wien, 02. Bezirk, Leopoldstadt, Wien",,,nincs,
849643658,"23 Donaustraße, 1020 Wien",48.2231925,16.3710362,hazszam,"23, Obere Donaustraße, Rembrandtviertel, Leopoldstadt, Katastralgemeinde Leopoldstadt, Leopoldstadt, Bécs, 1020, Ausztria"
850581206,"Wien, 02. Bezirk, Leopoldstadt, Wien",,,nincs,
851702997,"Wien, 02. Bezirk, Leopoldstadt, Wien",,,nincs,
851860897,"Wien, Wien",44.9019561,-90.0250311,korzet,"Wien, Town of Wien, Marathon County, Wisconsin, 54426, Egyesült Államok"
852760814,"Wien, Wien",44.9019561,-90.0250311,korzet,"Wien, Town of Wien, Marathon County, Wisconsin, 54426, Egyesült Államok"
853139829,"Wien, Wien",44.9019561,-90.0250311,korzet,"Wien, Town of Wien, Marathon County, Wisconsin, 54426, Egyesült Államok"
853145650,"Wien, Wien",44.9019561,-90.0250311,korzet,"Wien, Town of Wien, Marathon County, Wisconsin, 54426, Egyesült Államok"
853165367,"Wien, 02. Bezirk, Leopoldstadt, Wien",,,nincs,
854108839,"Wien, 02. Bezirk, Leopoldstadt, Wien",,,nincs,
855126232,"23 Donaustraße, 1020 Wien",48.2231925,16.3710362,hazszam,"23, Obere Donaustraße, Rembrandtviertel, Leopoldstadt, Katastralgemeinde Leopoldstadt, Leopoldstadt, Bécs, 1020, Ausztria"
856017317,"23 Donaustraße, 1020 Wien",48.2231925,16.3710362,hazszam,"23, Obere Donaustraße, Rembrandtviertel, Leopoldstadt, Katastralgemeinde Leopoldstadt, Leopoldstadt, Bécs, 1020, Ausztria"
856024914,"Wien, Wien",44.9019561,-90.0250311,korzet,"Wien, Town of Wien, Marathon County, Wisconsin, 54426, Egyesült Államok"
856491531,"Wien, Wien",44.9019561,-90.0250311,korzet,"Wien, Town of Wien, Marathon County, Wisconsin, 54426, Egyesült Államok"
856888982,"Wien, Wien",44.9019561,-90.0250311,korzet,"Wien, Town of Wien, Marathon County, Wisconsin, 54426, Egyesült Államok"
857980253,"Wien, Wien",44.9019561,-90.0250311,korzet,"Wien, Town of Wien, Marathon County, Wisconsin, 54426, Egyesült Államok"
858014467,"Wien, 02. Bezirk, Leopoldstadt, Wien",,,nincs,
858753962,"Wien, 02. Bezirk, Leopoldstadt, Wien",,,nincs,
859441315,"Wien, Wien",44.9019561,-90.0250311,korzet,"Wien, Town of Wien, Marathon County, Wisconsin, 54426, Egyesült Államok"
860115647,"Wien, 02. Bezirk, Leopoldstadt, Wien",,,nincs,
860820767,"Wien, Wien",44.9019561,-90.0250311,korzet,"Wien, Town of Wien, Marathon County, Wisconsin, 54426, Egyesült Államok"
860961916,"Wien, Wien",44.9019561,-90.0250311,korzet,"Wien, Town of Wien, Marathon County, Wisconsin, 54426, Egyesült Államok"
861245168,"Wien, Wien",44.9019561,-90.0250311,korzet,"Wien, Town of Wien, Marathon County, Wisconsin, 54426, Egyesült Államok"
862720828,"Wien, Wien",44.9019561,-90.0250311,korzet,"Wien, Town of Wien, Marathon County, Wisconsin, 54426, Egyesült Államok"
863014515,"Wien, Wien",44.9019561,-90.0250311,korzet,"Wien, Town of Wien, Marathon County, Wisconsin, 54426, Egyesült Államok"
863482776,"Wien, Wien",44.9019561,-90.0250311,korzet,"Wien, Town of Wien, Marathon County, Wisconsin, 54426, Egyesült Államok"
864018847,"Wien, Wien",44.9019561,-90.0250311,korzet,"Wien, Town of Wien, Marathon County, Wisconsin, 54426, Egyesült Államok"
864072125,"Wien, Wien",44.9019561,-90.0250311,korzet,"Wien, Town of Wien, Marathon County, Wisconsin, 54426, Egyesült Államok"
866200163,"Wien, Wien",44.9019561,-90.0250311,korzet,"Wien, Town of Wien, Marathon County, Wisconsin, 54426, Egyesült Államok"
866642050,"Wien, 02. Bezirk, Leopoldstadt, Wien",,,nincs,
866697873,"Wien, 02. Bezirk, Leopoldstadt, Wien",,,nincs,
869567484,"Wien, Wien",44.9019561,-90.0250311,korzet,"Wien, Town of Wien, Marathon County, Wisconsin, 54426, Egyesült Államok"
870724566,"Wien, Wien",44.9019561,-90.0250311,korzet,"Wien, Town of Wien, Marathon County, Wisconsin, 54426, Egyesült Államok"
872040690,"Wien, Wien",44.9019561,-90.0250311,korzet,"Wien, Town of Wien, Marathon County, Wisconsin, 54426, Egyesült Államok"
874023466,"Wien, 02. Bezirk, Leopoldstadt, Wien",,,nincs,
874206968,"Wien, Wien",44.9019561,-90.0250311,korzet,"Wien, Town of Wien, Marathon County, Wisconsin, 54426, Egyesült Államok"
875527202,"Wien, Wien",44.9019561,-90.0250311,korzet,"Wien, Town of Wien, Marathon County, Wisconsin, 54426, Egyesült Államok"
875579357,"Wien, Wien",44.9019561,-90.0250311,korzet,"Wien, Town of Wien, Marathon County, Wisconsin, 54426, Egyesült Államok"
875623562,"Wien, Wien",44.9019561,-90.0250311,korzet,"Wien, Town of Wien, Marathon County, Wisconsin, 54426, Egyesült Államok"
876224367,"Wien, Wien",44.9019561,-90.0250311,korzet,"Wien, Town of Wien, Marathon County, Wisconsin, 54426, Egyesült Államok"
876903507,"23 Donaustraße, 1020 Wien",48.2231925,16.3710362,hazszam,"23, Obere Donaustraße, Rembrandtviertel, Leopoldstadt, Katastralgemeinde Leopoldstadt, Leopoldstadt, Bécs, 1020, Ausztria"
877000408,"Wien, Wien",44.9019561,-90.0250311,korzet,"Wien, Town of Wien, Marathon County, Wisconsin, 54426, Egyesült Államok"
879500016,"Wien, 02. Bezirk, Leopoldstadt, Wien",,,nincs,
880097037,"Wien, Wien",44.9019561,-90.0250311,korzet,"Wien, Town of Wien, Marathon County, Wisconsin, 54426, Egyesült Államok"
881417813,"Wien, Wien",44.9019561,-90.0250311,korzet,"Wien, Town of Wien, Marathon County, Wisconsin, 54426, Egyesült Államok"
881668424,"Wien, Wien",44.9019561,-90.0250311,korzet,"Wien, Town of Wien, Marathon County, Wisconsin, 54426, Egyesült Államok"
884713582,"Wien, Wien",44.9019561,-90.0250311,korzet,"Wien, Town of Wien, Marathon County, Wisconsin, 54426, Egyesült Államok"
884786368,"23 Donaustraße, 1020 Wien",48.2231925,16.3710362,hazszam,"23, Obere Donaustraße, Rembrandtviertel, Leopoldstadt, Katastralgemeinde Leopoldstadt, Leopoldstadt, Bécs, 1020, Ausztria"
886057784,"Wien, Wien",44.9019561,-90.0250311,korzet,"Wien, Town of Wien, Marathon County, Wisconsin, 54426, Egyesült Államok"
886385687,"Wien, Wien",44.9019561,-90.0250311,korzet,"Wien, Town of Wien, Marathon County, Wisconsin, 54426, Egyesült Államok"
886473371,"Wien, Wien",44.9019561,-90.0250311,korzet,"Wien, Town of Wien, Marathon County, Wisconsin, 54426, Egyesült Államok"
886764675,"Wien, Wien",44.9019561,-90.0250311,korzet,"Wien, Town of Wien, Marathon County, Wisconsin, 54426, Egyesült Államok"
886808582,"Wien, 02. Bezirk, Leopoldstadt, Wien",,,nincs,
888287986,"Wien, Wien",44.9019561,-90.0250311,korzet,"Wien, Town of Wien, Marathon County, Wisconsin, 54426, Egyesült Államok"
888688042,"Wien, Wien",44.9019561,-90.0250311,korzet,"Wien, Town of Wien, Marathon County, Wisconsin, 54426, Egyesült Államok"
889298116,"Wien, Wien",44.9019561,-90.0250311,korzet,"Wien, Town of Wien, Marathon County, Wisconsin, 54426, Egyesült Államok"
891581023,"Wien, Wien",44.9019561,-90.0250311,korzet,"Wien, Town of Wien, Marathon County, Wisconsin, 54426, Egyesült Államok"
892395166,"Wien, Wien",44.9019561,-90.0250311,korzet,"Wien, Town of Wien, Marathon County, Wisconsin, 54426, Egyesült Államok"
893901130,"Wien, Wien",44.9019561,-90.0250311,korzet,"Wien, Town of Wien, Marathon County, Wisconsin, 54426, Egyesült Államok"
895181575,"Wien, Wien",44.9019561,-90.0250311,korzet,"Wien, Town of Wien, Marathon County, Wisconsin, 54426, Egyesült Államok"
896150469,"23 Donaustraße, 1020 Wien",48.2231925,16.3710362,hazszam,"23, Obere Donaustraße, Rembrandtviertel, Leopoldstadt, Katastralgemeinde Leopoldstadt, Leopoldstadt, Bécs, 1020, Ausztria"
896816823,"Wien, 02. Bezirk, Leopoldstadt, Wien",,,nincs,
898054426,"Wien, 02. Bezirk, Leopoldstadt, Wien",,,nincs,
899077419,"Wien, Wien",44.9019561,-90.0250311,korzet,"Wien, Town of Wien, Marathon County, Wisconsin, 54426, Egyesült Államok"
899761818,"Wien, Wien",44.9019561,-90.0250311,korzet,"Wien, Town of Wien, Marathon County, Wisconsin, 54426, Egyesült Államok"
901503075,"13 Alliiertenstraße, 1020 Wien",,,nincs,
901996913,"Wien, Wien",44.9019561,-90.0250311,korzet,"Wien, Town of Wien, Marathon County, Wisconsin, 54426, Egyesült Államok"
902051069,"23 Donaustraße, 1020 Wien",48.2231925,16.3710362,hazszam,"23, Obere Donaustraße, Rembrandtviertel, Leopoldstadt, Katastralgemeinde Leopoldstadt, Leopoldstadt, Bécs, 1020, Ausztria"
902227414,"Wien, Wien",44.9019561,-90.0250311,korzet,"Wien, Town of Wien, Marathon County, Wisconsin, 54426, Egyesült Államok"
903946589,"Wien, Wien",44.9019561,-90.0250311,korzet,"Wien, Town of Wien, Marathon County, Wisconsin, 54426, Egyesült Államok"
905068296,"Wien, Wien",44.9019561,-90.0250311,korzet,"Wien, Town of Wien, Marathon County, Wisconsin, 54426, Egyesült Államok"
905214218,"Wien, Wien",44.9019561,-90.0250311,korzet,"Wien, Town of Wien, Marathon County, Wisconsin, 54426, Egyesült Államok"
905340680,"Wien, Wien",44.9019561,-90.0250311,korzet,"Wien, Town of Wien, Marathon County, Wisconsin, 54426, Egyesült Államok"
908440721,"Wien, Wien",44.9019561,-90.0250311,korzet,"Wien, Town of Wien, Marathon County, Wisconsin, 54426, Egyesült Államok"
911453307,"Wien, Wien",44.9019561,-90.0250311,korzet,"Wien, Town of Wien, Marathon County, Wisconsin, 54426, Egyesült Államok"
911789615,"Wien, Wien",44.9019561,-90.0250311,korzet,"Wien, Town of Wien, Marathon County, Wisconsin, 54426, Egyesült Államok"
912688131,"Wien, Wien",44.9019561,-90.0250311,korzet,"Wien, Town of Wien, Marathon County, Wisconsin, 54426, Egyesült Államok"
912845314,"Wien, Wien",44.9019561,-90.0250311,korzet,"Wien, Town of Wien, Marathon County, Wisconsin, 54426, Egyesült Államok"
912879211,"Wien, Wien",44.9019561,-90.0250311,korzet,"Wien, Town of Wien, Marathon County, Wisconsin, 54426, Egyesült Államok"
913295053,"23 Donaustraße, 1020 Wien",48.2231925,16.3710362,hazszam,"23, Obere Donaustraße, Rembrandtviertel, Leopoldstadt, Katastralgemeinde Leopoldstadt, Leopoldstadt, Bécs, 1020, Ausztria"
914135940,"Wien, Wien",44.9019561,-90.0250311,korzet,"Wien, Town of Wien, Marathon County, Wisconsin, 54426, Egyesült Államok"
915164001,"Wien, Wien",44.9019561,-90.0250311,korzet,"Wien, Town of Wien, Marathon County, Wisconsin, 54426, Egyesült Államok"
916842500,"23 Donaustraße, 1020 Wien",48.2231925,16.3710362,hazszam,"23, Obere Donaustraße, Rembrandtviertel, Leopoldstadt, Katastralgemeinde Leopoldstadt, Leopoldstadt, Bécs, 1020, Ausztria"
920833575,"Wien, 02. Bezirk, Leopoldstadt, Wien",,,nincs,
921886535,"23 Donaustraße, 1020 Wien",48.2231925,16.3710362,hazszam,"23, Obere Donaustraße, Rembrandtviertel, Leopoldstadt, Katastralgemeinde Leopoldstadt, Leopoldstadt, Bécs, 1020, Ausztria"
922090879,"Wien, Wien",44.9019561,-90.0250311,korzet,"Wien, Town of Wien, Marathon County, Wisconsin, 54426, Egyesült Államok"
923045818,"Wien, 02. Bezirk, Leopoldstadt, Wien",,,nincs,
924332460,"Wien, 02. Bezirk, Leopoldstadt, Wien",,,nincs,
924938628,"Wien, 02. Bezirk, Leopoldstadt, Wien",,,nincs,
924951342,"Wien, Wien",44.9019561,-90.0250311,korzet,"Wien, Town of Wien, Marathon County, Wisconsin, 54426, Egyesült Államok"
926750048,"Wien, Wien",44.9019561,-90.0250311,korzet,"Wien, Town of Wien, Marathon County, Wisconsin, 54426, Egyesült Államok"
926817577,"Wien, Wien",44.9019561,-90.0250311,korzet,"Wien, Town of Wien, Marathon County, Wisconsin, 54426, Egyesült Államok"
927573659,"Wien, Wien",44.9019561,-90.0250311,korzet,"Wien, Town of Wien, Marathon County, Wisconsin, 54426, Egyesült Államok"
928285293,"Wien, Wien",44.9019561,-90.0250311,korzet,"Wien, Town of Wien, Marathon County, Wisconsin, 54426, Egyesült Államok"
929398253,"Wien, Wien",44.9019561,-90.0250311,korzet,"Wien, Town of Wien, Marathon County, Wisconsin, 54426, Egyesült Államok"
931832210,"Wien, Wien",44.9019561,-90.0250311,korzet,"Wien, Town of Wien, Marathon County, Wisconsin, 54426, Egyesült Államok"
931949609,"23 Donaustraße, 1020 Wien",48.2231925,16.3710362,hazszam,"23, Obere Donaustraße, Rembrandtviertel, Leopoldstadt, Katastralgemeinde Leopoldstadt, Leopoldstadt, Bécs, 1020, Ausztria"
934524484,"Wien, Wien",44.9019561,-90.0250311,korzet,"Wien, Town of Wien, Marathon County, Wisconsin, 54426, Egyesült Államok"
936223558,"29 Ausstellungsstraße, 1020 Wien",48.2182972,16.4019573,hazszam,"29, Ausstellungsstraße, Stuwerviertel, Leopoldstadt, Katastralgemeinde Leopoldstadt, Leopoldstadt, Bécs, 1020, Ausztria"
938061792,"60 Stuwerstraße, 1020 Wien",48.2186578,16.406672,hazszam,"60, Stuwerstraße, Stuwerviertel, Leopoldstadt, Katastralgemeinde Leopoldstadt, Leopoldstadt, Bécs, 1020, Ausztria"
938858229,"Wien, Wien",44.9019561,-90.0250311,korzet,"Wien, Town of Wien, Marathon County, Wisconsin, 54426, Egyesült Államok"
939754805,"Wien, 02. Bezirk, Leopoldstadt, Wien",,,nincs,
940705523,"Wien, Wien",44.9019561,-90.0250311,korzet,"Wien, Town of Wien, Marathon County, Wisconsin, 54426, Egyesült Államok"
942336084,"Wien, Wien",44.9019561,-90.0250311,korzet,"Wien, Town of Wien, Marathon County, Wisconsin, 54426, Egyesült Államok"
942407962,"Wien, Wien",44.9019561,-90.0250311,korzet,"Wien, Town of Wien, Marathon County, Wisconsin, 54426, Egyesült Államok"
942979561,"Wien, Wien",44.9019561,-90.0250311,korzet,"Wien, Town of Wien, Marathon County, Wisconsin, 54426, Egyesült Államok"
943468973,"23 Donaustraße, 1020 Wien",48.2231925,16.3710362,hazszam,"23, Obere Donaustraße, Rembrandtviertel, Leopoldstadt, Katastralgemeinde Leopoldstadt, Leopoldstadt, Bécs, 1020, Ausztria"
944574521,"60 Stuwerstraße, 1020 Wien",48.2186578,16.406672,hazszam,"60, Stuwerstraße, Stuwerviertel, Leopoldstadt, Katastralgemeinde Leopoldstadt, Leopoldstadt, Bécs, 1020, Ausztria"
945380551,"Wien, Wien",44.9019561,-90.0250311,korzet,"Wien, Town of Wien, Marathon County, Wisconsin, 54426, Egyesült Államok"
945486694,"23 Donaustraße, 1020 Wien",48.2231925,16.3710362,hazszam,"23, Obere Donaustraße, Rembrandtviertel, Leopoldstadt, Katastralgemeinde Leopoldstadt, Leopoldstadt, Bécs, 1020, Ausztria"
945753722,"Wien, Wien",44.9019561,-90.0250311,korzet,"Wien, Town of Wien, Marathon County, Wisconsin, 54426, Egyesült Államok"
945992699,"Wien, Wien",44.9019561,-90.0250311,korzet,"Wien, Town of Wien, Marathon County, Wisconsin, 54426, Egyesült Államok"
946947113,"Wien, Wien",44.9019561,-90.0250311,korzet,"Wien, Town of Wien, Marathon County, Wisconsin, 54426, Egyesült Államok"
947041810,"23 Donaustraße, 1020 Wien",48.2231925,16.3710362,hazszam,"23, Obere Donaustraße, Rembrandtviertel, Leopoldstadt, Katastralgemeinde Leopoldstadt, Leopoldstadt, Bécs, 1020, Ausztria"
949154390,"Wien, Wien",44.9019561,-90.0250311,korzet,"Wien, Town of Wien, Marathon County, Wisconsin, 54426, Egyesült Államok"
949387187,"23 Donaustraße, 1020 Wien",48.2231925,16.3710362,hazszam,"23, Obere Donaustraße, Rembrandtviertel, Leopoldstadt, Katastralgemeinde Leopoldstadt, Leopoldstadt, Bécs, 1020, Ausztria"
949952280,"Wien, Wien",44.9019561,-90.0250311,korzet,"Wien, Town of Wien, Marathon County, Wisconsin, 54426, Egyesült Államok"
950117470,"Wien, Wien",44.9019561,-90.0250311,korzet,"Wien, Town of Wien, Marathon County, Wisconsin, 54426, Egyesült Államok"
950791758,"Wien, 02. Bezirk, Leopoldstadt, Wien",,,nincs,
951530993,"Wien, Wien",44.9019561,-90.0250311,korzet,"Wien, Town of Wien, Marathon County, Wisconsin, 54426, Egyesült Államok"
953843064,"Wien, Wien",44.9019561,-90.0250311,korzet,"Wien, Town of Wien, Marathon County, Wisconsin, 54426, Egyesült Államok"
954065184,"29 Ausstellungsstraße, 1020 Wien",48.2182972,16.4019573,hazszam,"29, Ausstellungsstraße, Stuwerviertel, Leopoldstadt, Katastralgemeinde Leopoldstadt, Leopoldstadt, Bécs, 1020, Ausztria"
954605675,"Wien, Wien",44.9019561,-90.0250311,korzet,"Wien, Town of Wien, Marathon County, Wisconsin, 54426, Egyesült Államok"
955468150,"Wien, Wien",44.9019561,-90.0250311,korzet,"Wien, Town of Wien, Marathon County, Wisconsin, 54426, Egyesült Államok"
956433146,"23 Donaustraße, 1020 Wien",48.2231925,16.3710362,hazszam,"23, Obere Donaustraße, Rembrandtviertel, Leopoldstadt, Katastralgemeinde Leopoldstadt, Leopoldstadt, Bécs, 1020, Ausztria"
958835571,"Wien, Wien",44.9019561,-90.0250311,korzet,"Wien, Town of Wien, Marathon County, Wisconsin, 54426, Egyesült Államok"
959711644,"Wien, Wien",44.9019561,-90.0250311,korzet,"Wien, Town of Wien, Marathon County, Wisconsin, 54426, Egyesült Államok"
960124116,"Wien, Wien",44.9019561,-90.0250311,korzet,"Wien, Town of Wien, Marathon County, Wisconsin, 54426, Egyesült Államok"
960701688,"Wien, Wien",44.9019561,-90.0250311,korzet,"Wien, Town of Wien, Marathon County, Wisconsin, 54426, Egyesült Államok"
960713507,"Wien, Wien",44.9019561,-90.0250311,korzet,"Wien, Town of Wien, Marathon County, Wisconsin, 54426, Egyesült Államok"
961988031,"Wien, 02. Bezirk, Leopoldstadt, Wien",,,nincs,
963273254,"Wien, Wien",44.9019561,-90.0250311,korzet,"Wien, Town of Wien, Marathon County, Wisconsin, 54426, Egyesült Államok"
964250385,"23 Donaustraße, 1020 Wien",48.2231925,16.3710362,hazszam,"23, Obere Donaustraße, Rembrandtviertel, Leopoldstadt, Katastralgemeinde Leopoldstadt, Leopoldstadt, Bécs, 1020, Ausztria"
965518778,"Wien, Wien",44.9019561,-90.0250311,korzet,"Wien, Town of Wien, Marathon County, Wisconsin, 54426, Egyesült Államok"
966649815,"Wien, Wien",44.9019561,-90.0250311,korzet,"Wien, Town of Wien, Marathon County, Wisconsin, 54426, Egyesült Államok"
967188970,"Wien, Wien",44.9019561,-90.0250311,korzet,"Wien, Town of Wien, Marathon County, Wisconsin, 54426, Egyesült Államok"
967375442,"Wien, 02. Bezirk, Leopoldstadt, Wien",,,nincs,
967571726,"Wien, Wien",44.9019561,-90.0250311,korzet,"Wien, Town of Wien, Marathon County, Wisconsin, 54426, Egyesült Államok"
968107840,"Wien, Wien",44.9019561,-90.0250311,korzet,"Wien, Town of Wien, Marathon County, Wisconsin, 54426, Egyesült Államok"
968660643,"Wien, Wien",44.9019561,-90.0250311,korzet,"Wien, Town of Wien, Marathon County, Wisconsin, 54426, Egyesült Államok"
970605641,"Wien, 02. Bezirk, Leopoldstadt, Wien",,,nincs,
970900948,"Wien, Wien",44.9019561,-90.0250311,korzet,"Wien, Town of Wien, Marathon County, Wisconsin, 54426, Egyesült Államok"
971063963,"Wien, Wien",44.9019561,-90.0250311,korzet,"Wien, Town of Wien, Marathon County, Wisconsin, 54426, Egyesült Államok"
971363672,"Wien, Wien",44.9019561,-90.0250311,korzet,"Wien, Town of Wien, Marathon County, Wisconsin, 54426, Egyesült Államok"
971556109,"Wien, Wien",44.9019561,-90.0250311,korzet,"Wien, Town of Wien, Marathon County, Wisconsin, 54426, Egyesült Államok"
972690288,"Wien, Wien",44.9019561,-90.0250311,korzet,"Wien, Town of Wien, Marathon County, Wisconsin, 54426, Egyesült Államok"
973375196,"Wien, 02. Bezirk, Leopoldstadt, Wien",,,nincs,
973545151,"Wien, 02. Bezirk, Leopoldstadt, Wien",,,nincs,
974044369,"23 Donaustraße, 1020 Wien",48.2231925,16.3710362,hazszam,"23, Obere Donaustraße, Rembrandtviertel, Leopoldstadt, Katastralgemeinde Leopoldstadt, Leopoldstadt, Bécs, 1020, Ausztria"
974788624,"Wien, Wien",44.9019561,-90.0250311,korzet,"Wien, Town of Wien, Marathon County, Wisconsin, 54426, Egyesült Államok"
976052200,"Wien, Wien",44.9019561,-90.0250311,korzet,"Wien, Town of Wien, Marathon County, Wisconsin, 54426, Egyesült Államok"
976663352,"Wien, Wien",44.9019561,-90.0250311,korzet,"Wien, Town of Wien, Marathon County, Wisconsin, 54426, Egyesült Államok"
977343507,"Wien, Wien",44.9019561,-90.0250311,korzet,"Wien, Town of Wien, Marathon County, Wisconsin, 54426, Egyesült Államok"
978231446,"Wien, 02. Bezirk, Leopoldstadt, Wien",,,nincs,
979483317,"Wien, Wien",44.9019561,-90.0250311,korzet,"Wien, Town of Wien, Marathon County, Wisconsin, 54426, Egyesült Államok"
982251536,"Wien, Wien",44.9019561,-90.0250311,korzet,"Wien, Town of Wien, Marathon County, Wisconsin, 54426, Egyesült Államok"
984896185,"Wien, Wien",44.9019561,-90.0250311,korzet,"Wien, Town of Wien, Marathon County, Wisconsin, 54426, Egyesült Államok"
986431479,"Wien, 02. Bezirk, Leopoldstadt, Wien",,,nincs,
987255451,"149 Engerthstraße, 1020 Wien",,,nincs,
988614116,"Wien, Wien",44.9019561,-90.0250311,korzet,"Wien, Town of Wien, Marathon County, Wisconsin, 54426, Egyesült Államok"
989395958,"Wien, Wien",44.9019561,-90.0250311,korzet,"Wien, Town of Wien, Marathon County, Wisconsin, 54426, Egyesült Államok"
989992254,"Wien, Wien",44.9019561,-90.0250311,korzet,"Wien, Town of Wien, Marathon County, Wisconsin, 54426, Egyesült Államok"
990874795,"Wien, Wien",44.9019561,-90.0250311,korzet,"Wien, Town of Wien, Marathon County, Wisconsin, 54426, Egyesült Államok"
992725986,"Wien, Wien",44.9019561,-90.0250311,korzet,"Wien, Town of Wien, Marathon County, Wisconsin, 54426, Egyesült Államok"
993122207,"Wien, Wien",44.9019561,-90.0250311,korzet,"Wien, Town of Wien, Marathon County, Wisconsin, 54426, Egyesült Államok"
993918802,"Wien, Wien",44.9019561,-90.0250311,korzet,"Wien, Town of Wien, Marathon County, Wisconsin, 54426, Egyesült Államok"
996635370,"Wien, Wien",44.9019561,-90.0250311,korzet,"Wien, Town of Wien, Marathon County, Wisconsin, 54426, Egyesült Államok"
997113092,"Wien, 02. Bezirk, Leopoldstadt, Wien",,,nincs,
998289627,"Wien, 02. Bezirk, Leopoldstadt, Wien",,,nincs,
999165886,"Wien, Wien",44.9019561,-90.0250311,korzet,"Wien, Town of Wien, Marathon County, Wisconsin, 54426, Egyesült Államok"
999456577,"Wien, Wien",44.9019561,-90.0250311,korzet,"Wien, Town of Wien, Marathon County, Wisconsin, 54426, Egyesült Államok"
1008353023,"Wien, 02. Bezirk, Leopoldstadt, Wien",,,nincs,
1008354658,"Wien, 02. Bezirk, Leopoldstadt, Wien",,,nincs,
1008425538,"Wien, 02. Bezirk, Leopoldstadt, Wien",,,nincs,
1009456213,"Wien, 02. Bezirk, Leopoldstadt, Wien",,,nincs,
1010283999,"213 Engerthstraße, 1020 Wien",,,nincs,
1011099916,"23 Donaustraße, 1020 Wien",48.2231925,16.3710362,hazszam,"23, Obere Donaustraße, Rembrandtviertel, Leopoldstadt, Katastralgemeinde Leopoldstadt, Leopoldstadt, Bécs, 1020, Ausztria"
1016577807,"7 Lassallestraße, 1020 Wien",,,nincs,
1017375809,"Wien, 02. Bezirk, Leopoldstadt, Wien",,,nincs,
1024791514,"Wien, 02. Bezirk, Leopoldstadt, Wien",,,nincs,
1027276544,"1 Praterstraße, 1020 Wien",,,nincs,
1035929043,"Wien, 02. Bezirk, Leopoldstadt, Wien",,,nincs,
1039816286,"Wien, 02. Bezirk, Leopoldstadt, Wien",,,nincs,
1040503544,"81 Donaustraße, 1020 Wien",,,nincs,
1042516726,"Wien, 02. Bezirk, Leopoldstadt, Wien",,,nincs,
1046591798,"Wien, 02. Bezirk, Leopoldstadt, Wien",,,nincs,
1046670041,"Wien, Wien",44.9019561,-90.0250311,korzet,"Wien, Town of Wien, Marathon County, Wisconsin, 54426, Egyesült Államok"
1051931118,"Wien, 02. Bezirk, Leopoldstadt, Wien",,,nincs,
1060765334,"Wien, 02. Bezirk, Leopoldstadt, Wien",,,nincs,
1066303054,"Wien, 02. Bezirk, Leopoldstadt, Wien",,,nincs,
1074959693,"Wien, 02. Bezirk, Leopoldstadt, Wien",,,nincs,
1088533232,"1 Lassallestraße,  Wien",,,nincs,
1095335407,"11 Lilienbrunngasse, 1020 Wien",,,nincs,
1119915072,"Wien, 02. Bezirk, Leopoldstadt, Wien",,,nincs,
1124345758,"Wien, 02. Bezirk, Leopoldstadt, Wien",,,nincs,
1126767311,"Wien, Wien",44.9019561,-90.0250311,korzet,"Wien, Town of Wien, Marathon County, Wisconsin, 54426, Egyesült Államok"
1129050770,"Wien, 02. Bezirk, Leopoldstadt, Wien",,,nincs,
1133409449,"Wien, 02. Bezirk, Leopoldstadt, Wien",,,nincs,
1145511635,"14 Meiereistraße, 1020 Wien",,,nincs,
1150958574,"Wien, 02. Bezirk, Leopoldstadt, Wien",,,nincs,
1153264411,"Wien, Wien",44.9019561,-90.0250311,korzet,"Wien, Town of Wien, Marathon County, Wisconsin, 54426, Egyesült Államok"
1162505514,"Wien, 02. Bezirk, Leopoldstadt, Wien",,,nincs,
1172439713,"Wien, 02. Bezirk, Leopoldstadt, Wien",,,nincs,
1186935211,"1 Walcherstraße, 1020 Wien",,,nincs,
1192180702,"Wien, 02. Bezirk, Leopoldstadt, Wien",,,nincs,
1193259698,"Wien, 02. Bezirk, Leopoldstadt, Wien",,,nincs,
1197834938,"Wien, 02. Bezirk, Leopoldstadt, Wien",,,nincs,
1209693778,"Wien, 02. Bezirk, Leopoldstadt, Wien",,,nincs,
1209912402,"Wien, 02. Bezirk, Leopoldstadt, Wien",,,nincs,
1215545791,"1 Lassallstraße, 1020 Wien",,,nincs,
1216689369,"Wien, 02. Bezirk, Leopoldstadt, Wien",,,nincs,
1219085469,"Wien, 02. Bezirk, Leopoldstadt, Wien",,,nincs,
1221266135,"Wien, 02. Bezirk, Leopoldstadt, Wien",,,nincs,
1225096529,"Wien, 02. Bezirk, Leopoldstadt, Wien",,,nincs,
1228803043,"Wien, 02. Bezirk, Leopoldstadt, Wien",,,nincs,
1229219000,"Wien, 02. Bezirk, Leopoldstadt, Wien",,,nincs,
1235015068,"Wien, 02. Bezirk, Leopoldstadt, Wien",,,nincs,
1235120495,"Wien, 02. Bezirk, Leopoldstadt, Wien",,,nincs,
1235781039,"Wien, 02. Bezirk, Leopoldstadt, Wien",,,nincs,
1235900980,"Wien, Wien",44.9019561,-90.0250311,korzet,"Wien, Town of Wien, Marathon County, Wisconsin, 54426, Egyesült Államok"
1236714270,"Wien, 02. Bezirk, Leopoldstadt, Wien",,,nincs,
1239789622,"Wien, 02. Bezirk, Leopoldstadt, Wien",,,nincs,
1245719910,"117 Taborstraße, 1020 Wien",,,nincs,
1252839633,"Wien, 02. Bezirk, Leopoldstadt, Wien",,,nincs,
1254858751,"Wien, 02. Bezirk, Leopoldstadt, Wien",,,nincs,
1256177504,"23 Donaustraße, 1020 Wien",48.2231925,16.3710362,hazszam,"23, Obere Donaustraße, Rembrandtviertel, Leopoldstadt, Katastralgemeinde Leopoldstadt, Leopoldstadt, Bécs, 1020, Ausztria"
1259401107,"Wien, 02. Bezirk, Leopoldstadt, Wien",,,nincs,
1275599630,"47 Stuwerstraße, 1020 Wien",,,nincs,
1277961756,"Wien, 02. Bezirk, Leopoldstadt, Wien",,,nincs,
1281814084,"Wien, 02. Bezirk, Leopoldstadt, Wien",,,nincs,
1284377767,"36 Nordbahnstraße, 1020 Wien",,,nincs,
1285753887,"17 Radingerstraße, 1020 Wien",,,nincs,
1286396527,"7 Lassallestraße,  Wien",,,nincs,
1288580058,"23-27 Donaustraße, 1020 Wien",,,nincs,
1314079892,"Wien, 02. Bezirk, Leopoldstadt, Wien",,,nincs,
1323807820,"Wien, 02. Bezirk, Leopoldstadt, Wien",,,nincs,
1324881397,"60 Stuwerstraße, 1020 Wien",48.2186578,16.406672,hazszam,"60, Stuwerstraße, Stuwerviertel, Leopoldstadt, Katastralgemeinde Leopoldstadt, Leopoldstadt, Bécs, 1020, Ausztria"
1331355168,"Wien, 02. Bezirk, Leopoldstadt, Wien",,,nincs,
1333518097,"Wien, 02. Bezirk, Leopoldstadt, Wien",,,nincs,
1338787509,"Wien, 02. Bezirk, Leopoldstadt, Wien",,,nincs,
1342933774,"Wien, 02. Bezirk, Leopoldstadt, Wien",,,nincs,
1350237739,"60 Stuwerstraße, 1020 Wien",48.2186578,16.406672,hazszam,"60, Stuwerstraße, Stuwerviertel, Leopoldstadt, Katastralgemeinde Leopoldstadt, Leopoldstadt, Bécs, 1020, Ausztria"
1353730480,"Wien, 02. Bezirk, Leopoldstadt, Wien",,,nincs,
1354902724,"7 Lassallestraße,  Wien",,,nincs,
1359248766,"Wien, 02. Bezirk, Leopoldstadt, Wien",,,nincs,
1361369988,"Wien, 02. Bezirk, Leopoldstadt, Wien",,,nincs,
1367938644,"Wien, 02. Bezirk, Leopoldstadt, Wien",,,nincs,
1368234567,"137 Engerthstraße, 1020 Wien",,,nincs,
1370032751,"Wien, Wien",44.9019561,-90.0250311,korzet,"Wien, Town of Wien, Marathon County, Wisconsin, 54426, Egyesült Államok"
1371468652,"Wien, 02. Bezirk, Leopoldstadt, Wien",,,nincs,
1376304345,"23 Donaustraße, 1020 Wien",48.2231925,16.3710362,hazszam,"23, Obere Donaustraße, Rembrandtviertel, Leopoldstadt, Katastralgemeinde Leopoldstadt, Leopoldstadt, Bécs, 1020, Ausztria"
1382658747,"63 Taborstraße, 1020 Wien",,,nincs,
1384619345,"2 Augartenstraße, 1020 Wien",,,nincs,
1396165942,"Wien, 02. Bezirk, Leopoldstadt, Wien",,,nincs,
1401348646,"Wien, 02. Bezirk, Leopoldstadt, Wien",,,nincs,
1413519725,"Wien, 02. Bezirk, Leopoldstadt, Wien",,,nincs,
1414050323,"Wien, 02. Bezirk, Leopoldstadt, Wien",,,nincs,
1417991991,"Wien, 02. Bezirk, Leopoldstadt, Wien",,,nincs,
1422904469,"Wien, Wien",44.9019561,-90.0250311,korzet,"Wien, Town of Wien, Marathon County, Wisconsin, 54426, Egyesült Államok"
1423440847,"Wien, 02. Bezirk, Leopoldstadt, Wien",,,nincs,
1425839806,"Wien, 02. Bezirk, Leopoldstadt, Wien",,,nincs,
1430985943,"52 Weicherstraße, 1020 Wien",,,nincs,
1456137359,"Wien, 02. Bezirk, Leopoldstadt, Wien",,,nincs,
1459815341,"Wien, 02. Bezirk, Leopoldstadt, Wien",,,nincs,
1462668262,"Wien, 02. Bezirk, Leopoldstadt, Wien",,,nincs,
1465279888,"1-3 Mumbgasse, 1020 Wien",,,nincs,
1467575844,"Wien, Wien",44.9019561,-90.0250311,korzet,"Wien, Town of Wien, Marathon County, Wisconsin, 54426, Egyesült Államok"
1469193567,"Wien, 02. Bezirk, Leopoldstadt, Wien",,,nincs,
1469680847,"60/1 Aßmayergasse, 1020 Wien",,,nincs,
1493395938,"Wien, 02. Bezirk, Leopoldstadt, Wien",,,nincs,
1495300764,"Wien, 02. Bezirk, Leopoldstadt, Wien",,,nincs,
1496898117,"Wien, 02. Bezirk, Leopoldstadt, Wien",,,nincs,
1498057567,"Wien, 02. Bezirk, Leopoldstadt, Wien",,,nincs,
1500510760,"23-27 Donaustraße, 1020 Wien",,,nincs,
1501454872,"Wien, 02. Bezirk, Leopoldstadt, Wien",,,nincs,
1509007046,"Wien, 02. Bezirk, Leopoldstadt, Wien",,,nincs,
1511435659,"Wien, 02. Bezirk, Leopoldstadt, Wien",,,nincs,
1524912298,"Wien, 02. Bezirk, Leopoldstadt, Wien",,,nincs,
1526028363,"Wien, Wien",44.9019561,-90.0250311,korzet,"Wien, Town of Wien, Marathon County, Wisconsin, 54426, Egyesült Államok"
1534897979,"60 Stuwerstraße, 1020 Wien",48.2186578,16.406672,hazszam,"60, Stuwerstraße, Stuwerviertel, Leopoldstadt, Katastralgemeinde Leopoldstadt, Leopoldstadt, Bécs, 1020, Ausztria"
1541587838,"Wien, 02. Bezirk, Leopoldstadt, Wien",,,nincs,
1549026765,"Wien, 02. Bezirk, Leopoldstadt, Wien",,,nincs,
1554116391,"Wien, 02. Bezirk, Leopoldstadt, Wien",,,nincs,
1555370567,"Wien, 02. Bezirk, Leopoldstadt, Wien",,,nincs,
1556529853,"56 Praterstraße, 1020 Wien",,,nincs,
1563113684,"Wien, 02. Bezirk, Leopoldstadt, Wien",,,nincs,
1576443782,"213 Engerthstraße, 1020 Wien",,,nincs,
1590854011,"Wien, 02. Bezirk, Leopoldstadt, Wien",,,nincs,
1594134000,"60 Stuwerstraße, 1020 Wien",48.2186578,16.406672,hazszam,"60, Stuwerstraße, Stuwerviertel, Leopoldstadt, Katastralgemeinde Leopoldstadt, Leopoldstadt, Bécs, 1020, Ausztria"
1601026490,"Wien, 02. Bezirk, Leopoldstadt, Wien",,,nincs,
1603475318,"Wien, 02. Bezirk, Leopoldstadt, Wien",,,nincs,
1609885058,"Wien, 02. Bezirk, Leopoldstadt, Wien",,,nincs,
1610280862,"41 Nordbahnstraße, 1020 Wien",,,nincs,
1617044355,"Wien, 02. Bezirk, Leopoldstadt, Wien",,,nincs,
1617071666,"Wien, Wien",44.9019561,-90.0250311,korzet,"Wien, Town of Wien, Marathon County, Wisconsin, 54426, Egyesült Államok"
1618487222,"Wien, 02. Bezirk, Leopoldstadt, Wien",,,nincs,
1622249607,"Wien, 02. Bezirk, Leopoldstadt, Wien",,,nincs,
1636192925,"60 Stuwerstraße, 1020 Wien",48.2186578,16.406672,hazszam,"60, Stuwerstraße, Stuwerviertel, Leopoldstadt, Katastralgemeinde Leopoldstadt, Leopoldstadt, Bécs, 1020, Ausztria"
1637008919,"Wien, 02. Bezirk, Leopoldstadt, Wien",,,nincs,
1648586007,"Wien, 02. Bezirk, Leopoldstadt, Wien",,,nincs,
1653397496,"Wien, 02. Bezirk, Leopoldstadt, Wien",,,nincs,
1655187607,"Wien, 02. Bezirk, Leopoldstadt, Wien",,,nincs,
1657275786,"7B Lassallestraße, 1020 Wien",,,nincs,
1665029738,"Wien, 02. Bezirk, Leopoldstadt, Wien",,,nincs,
1665997773,"29 Nordwestbahnstraße, 1020 Wien",,,nincs,
1667141477,"Wien, 02. Bezirk, Leopoldstadt, Wien",,,nincs,
1674347331,"Wien, 02. Bezirk, Leopoldstadt, Wien",,,nincs,
1675513248,"23 Donaustraße, 1020 Wien",48.2231925,16.3710362,hazszam,"23, Obere Donaustraße, Rembrandtviertel, Leopoldstadt, Katastralgemeinde Leopoldstadt, Leopoldstadt, Bécs, 1020, Ausztria"
1676438871,"Wien, 02. Bezirk, Leopoldstadt, Wien",,,nincs,
1680017357,"Wien, 02. Bezirk, Leopoldstadt, Wien",,,nincs,
1688212286,"Wien, 02. Bezirk, Leopoldstadt, Wien",,,nincs,
1689628427,"Wien, 02. Bezirk, Leopoldstadt, Wien",,,nincs,
1690677572,"Wien, 02. Bezirk, Leopoldstadt, Wien",,,nincs,
1692895158,"Wien, 02. Bezirk, Leopoldstadt, Wien",,,nincs,
1699912279,"Wien, 02. Bezirk, Leopoldstadt, Wien",,,nincs,
1705278153,"23-27 Donaustraße, 1020 Wien",,,nincs,
1714178765,"9 Stadtgutgasse,  Wien",,,nincs,
1719207248,"Wien, 02. Bezirk, Leopoldstadt, Wien",,,nincs,
1729104182,"Wien, 02. Bezirk, Leopoldstadt, Wien",,,nincs,
1736021562,"Wien, 02. Bezirk, Leopoldstadt, Wien",,,nincs,
1738010933,"Wien, 02. Bezirk, Leopoldstadt, Wien",,,nincs,
1739027146,"60 Stuwerstraße, 1020 Wien",48.2186578,16.406672,hazszam,"60, Stuwerstraße, Stuwerviertel, Leopoldstadt, Katastralgemeinde Leopoldstadt, Leopoldstadt, Bécs, 1020, Ausztria"
1741058986,"Wien, 02. Bezirk, Leopoldstadt, Wien",,,nincs,
1748601469,"Wien, Wien",44.9019561,-90.0250311,korzet,"Wien, Town of Wien, Marathon County, Wisconsin, 54426, Egyesült Államok"
1750492385,"Wien, 02. Bezirk, Leopoldstadt, Wien",,,nincs,
1767988459,"23 Donaustraße, 1020 Wien",48.2231925,16.3710362,hazszam,"23, Obere Donaustraße, Rembrandtviertel, Leopoldstadt, Katastralgemeinde Leopoldstadt, Leopoldstadt, Bécs, 1020, Ausztria"
1771938146,"Wien, Wien",44.9019561,-90.0250311,korzet,"Wien, Town of Wien, Marathon County, Wisconsin, 54426, Egyesült Államok"
1772557368,"Wien, 02. Bezirk, Leopoldstadt, Wien",,,nincs,
1775113350,"Wien, 02. Bezirk, Leopoldstadt, Wien",,,nincs,
1779681296,"Wien, 02. Bezirk, Leopoldstadt, Wien",,,nincs,
1784375863,"Wien, 02. Bezirk, Leopoldstadt, Wien",,,nincs,
1785100106,"23-27 Donaustraße, 1020 Wien",,,nincs,
1788253082,"Wien, 02. Bezirk, Leopoldstadt, Wien",,,nincs,
1790618659,"3 Böcklinsstraße, 1020 Wien",,,nincs,
1791479544,"7 Lassallestraße, 1020 Wien",,,nincs,
1803782845,"7 Lassallestraße, 1020 Wien",,,nincs,
1804067687,"Wien, 02. Bezirk, Leopoldstadt, Wien",,,nincs,
1804356705,"Wien, Wien",44.9019561,-90.0250311,korzet,"Wien, Town of Wien, Marathon County, Wisconsin, 54426, Egyesült Államok"
1804772146,"Wien, 02. Bezirk, Leopoldstadt, Wien",,,nincs,
1806896510,"23-27 Donaustraße, 1020 Wien",,,nincs,
1811416149,"Wien, 02. Bezirk, Leopoldstadt, Wien",,,nincs,
1812187947,"Wien, 02. Bezirk, Leopoldstadt, Wien",,,nincs,
1816058312,"Wien, 02. Bezirk, Leopoldstadt, Wien",,,nincs,
1825645479,"Wien, 02. Bezirk, Leopoldstadt, Wien",,,nincs,
1831762219,"Wien, 02. Bezirk, Leopoldstadt, Wien",,,nincs,
1831900655,"Wien, 02. Bezirk, Leopoldstadt, Wien",,,nincs,
1839689391,"Wien, Wien",44.9019561,-90.0250311,korzet,"Wien, Town of Wien, Marathon County, Wisconsin, 54426, Egyesült Államok"
1847627741,"23-27 Donaustraße, 1020 Wien",,,nincs,
1850799737,"23-27 Donaustraße, 1020 Wien",,,nincs,
1855294379,"Wien, Wien",44.9019561,-90.0250311,korzet,"Wien, Town of Wien, Marathon County, Wisconsin, 54426, Egyesült Államok"
1858576275,"Wien, 02. Bezirk, Leopoldstadt, Wien",,,nincs,
1861441376,"Wien, 02. Bezirk, Leopoldstadt, Wien",,,nincs,
1865286375,"Wien, 02. Bezirk, Leopoldstadt, Wien",,,nincs,
1866161173,"Wien, 02. Bezirk, Leopoldstadt, Wien",,,nincs,
1872767735,"Wien, Wien",44.9019561,-90.0250311,korzet,"Wien, Town of Wien, Marathon County, Wisconsin, 54426, Egyesült Államok"
1874191569,"Wien, 02. Bezirk, Leopoldstadt, Wien",,,nincs,
1876910372,"Wien, 02. Bezirk, Leopoldstadt, Wien",,,nincs,
1879772231,"Wien, 02. Bezirk, Leopoldstadt, Wien",,,nincs,
1881791302,"Wien, 02. Bezirk, Leopoldstadt, Wien",,,nincs,
1886794994,"Wien, 02. Bezirk, Leopoldstadt, Wien",,,nincs,
1886930274,"Wien, 02. Bezirk, Leopoldstadt, Wien",,,nincs,
1887367599,"1 Rothschildplatz, 1020 Wien",,,nincs,
1889437477,"47 Stuwerstraße, 1020 Wien",,,nincs,
1890335138,"Wien, 02. Bezirk, Leopoldstadt, Wien",,,nincs,
1893401265,"Wien, 02. Bezirk, Leopoldstadt, Wien",,,nincs,
1897130863,"9 Stadtgutgasse,  Wien",,,nincs,
1897396634,"Wien, 02. Bezirk, Leopoldstadt, Wien",,,nincs,
1904256907,"123 Taborstraße, 1020 Wien",,,nincs,
1904415449,"Wien, 02. Bezirk, Leopoldstadt, Wien",,,nincs,
1910434180,"Wien, 02. Bezirk, Leopoldstadt, Wien",,,nincs,
1916304683,"Wien, 02. Bezirk, Leopoldstadt, Wien",,,nincs,
1919894836,"500 Vorgartenstraße, 1020 Wien",,,nincs,
1926147405,"Wien, 02. Bezirk, Leopoldstadt, Wien",,,nincs,
1928447095,"Wien, 02. Bezirk, Leopoldstadt, Wien",,,nincs,
1928865476,"Wien, 02. Bezirk, Leopoldstadt, Wien",,,nincs,
1930222191,"Wien, 02. Bezirk, Leopoldstadt, Wien",,,nincs,
1931159696,"Wien, 02. Bezirk, Leopoldstadt, Wien",,,nincs,
1932423655,"Wien, 02. Bezirk, Leopoldstadt, Wien",,,nincs,
1932891033,"Wien, 02. Bezirk, Leopoldstadt, Wien",,,nincs,
1934636618,"Wien, 02. Bezirk, Leopoldstadt, Wien",,,nincs,
1937261980,"23-27 Donaustraße, 1020 Wien",,,nincs,
1939395384,"47 Stuwerstraße, 1020 Wien",,,nincs,
1941008894,"Wien, 02. Bezirk, Leopoldstadt, Wien",,,nincs,
1948934454,"Wien, 02. Bezirk, Leopoldstadt, Wien",,,nincs,
1952524016,"Wien, 02. Bezirk, Leopoldstadt, Wien",,,nincs,
1956276866,"9 Stadtgutgasse,  Wien",,,nincs,
1958928651,"60 Stuwerstraße, 1020 Wien",48.2186578,16.406672,hazszam,"60, Stuwerstraße, Stuwerviertel, Leopoldstadt, Katastralgemeinde Leopoldstadt, Leopoldstadt, Bécs, 1020, Ausztria"
1959938621,"Wien, 02. Bezirk, Leopoldstadt, Wien",,,nincs,
1960298793,"Wien, Wien",44.9019561,-90.0250311,korzet,"Wien, Town of Wien, Marathon County, Wisconsin, 54426, Egyesült Államok"
1960838761,"Wien, 02. Bezirk, Leopoldstadt, Wien",,,nincs,
1962399575,"Wien, 02. Bezirk, Leopoldstadt, Wien",,,nincs,
1969462990,"1 Rothschildplatz, 1020 Wien",,,nincs,
1971688618,"Wien, 02. Bezirk, Leopoldstadt, Wien",,,nincs,
1978700578,"Wien, 02. Bezirk, Leopoldstadt, Wien",,,nincs,
1985720728,"Wien, 02. Bezirk, Leopoldstadt, Wien",,,nincs,
1989487245,"23-27 Donaustraße, 1020 Wien",,,nincs,
1992261704,"Wien, 02. Bezirk, Leopoldstadt, Wien",,,nincs,
1996657862,"23-27 Donaustraße, 1020 Wien",,,nincs,
2008567043,"Wien, 02. Bezirk, Leopoldstadt, Wien",,,nincs,
2012832554,"Wien, 02. Bezirk, Leopoldstadt, Wien",,,nincs,
2015684123,"Wien, 02. Bezirk, Leopoldstadt, Wien",,,nincs,
2017678760,"Wien, 02. Bezirk, Leopoldstadt, Wien",,,nincs,
2025062333,"Wien, 02. Bezirk, Leopoldstadt, Wien",,,nincs,
2034327911,"Wien, 02. Bezirk, Leopoldstadt, Wien",,,nincs,
2037205424,"Wien, 02. Bezirk, Leopoldstadt, Wien",,,nincs,
2045805564,"Wien, 02. Bezirk, Leopoldstadt, Wien",,,nincs,
2051101817,"Wien, 02. Bezirk, Leopoldstadt, Wien",,,nincs,
2053576126,"23 Donaustraße, 1020 Wien",48.2231925,16.3710362,hazszam,"23, Obere Donaustraße, Rembrandtviertel, Leopoldstadt, Katastralgemeinde Leopoldstadt, Leopoldstadt, Bécs, 1020, Ausztria"
2055371505,"Wien, 02. Bezirk, Leopoldstadt, Wien",,,nincs,
2055537092,"Wien, 02. Bezirk, Leopoldstadt, Wien",,,nincs,
2059921960,"Wien, 02. Bezirk, Leopoldstadt, Wien",,,nincs,
2060758498,"Wien, 02. Bezirk, Leopoldstadt, Wien",,,nincs,
2066500155,"Wien, 02. Bezirk, Leopoldstadt, Wien",,,nincs,
2077142225,"Wien, Wien",44.9019561,-90.0250311,korzet,"Wien, Town of Wien, Marathon County, Wisconsin, 54426, Egyesült Államok"
2078323458,"Wien, 02. Bezirk, Leopoldstadt, Wien",,,nincs,
2086162291,"Wien, 02. Bezirk, Leopoldstadt, Wien",,,nincs,
2086552511,"23 Donaustraße, 1020 Wien",48.2231925,16.3710362,hazszam,"23, Obere Donaustraße, Rembrandtviertel, Leopoldstadt, Katastralgemeinde Leopoldstadt, Leopoldstadt, Bécs, 1020, Ausztria"
2088140123,"Wien, Wien",44.9019561,-90.0250311,korzet,"Wien, Town of Wien, Marathon County, Wisconsin, 54426, Egyesült Államok"
2091733396,"Wien, 02. Bezirk, Leopoldstadt, Wien",,,nincs,
2096515844,"Wien, 02. Bezirk, Leopoldstadt, Wien",,,nincs,
2104582038,"2 Kurzbauergasse, 1020 Wien",,,nincs,
2109759244,"Wien, 02. Bezirk, Leopoldstadt, Wien",,,nincs,
2109794971,"23 Donaustraße, 1020 Wien",48.2231925,16.3710362,hazszam,"23, Obere Donaustraße, Rembrandtviertel, Leopoldstadt, Katastralgemeinde Leopoldstadt, Leopoldstadt, Bécs, 1020, Ausztria"
2110103471,"Wien, 02. Bezirk, Leopoldstadt, Wien",,,nincs,
2112586812,"23-27 Donaustraße, 1020 Wien",,,nincs,
2120371223,"Wien, 02. Bezirk, Leopoldstadt, Wien",,,nincs,
2127782389,"7 Lassallestraße,  Wien",,,nincs,
2144625533,"Wien, 02. Bezirk, Leopoldstadt, Wien",,,nincs,
396988001,"Wien, 02. Bezirk, Leopoldstadt, Wien",,,nincs,
568741874,"Wien, 02. Bezirk, Leopoldstadt, Wien",,,nincs,
631603255,"1 Rothschildplatz, 1020 Wien",,,nincs,
697597419,"1 Rothschildplatz, 1020 Wien",,,nincs,
727780378,"Wien, 02. Bezirk, Leopoldstadt, Wien",,,nincs,
746056775,"Wien, Wien",44.9019561,-90.0250311,korzet,"Wien, Town of Wien, Marathon County, Wisconsin, 54426, Egyesült Államok"
746056954,"Wien, Wien",44.9019561,-90.0250311,korzet,"Wien, Town of Wien, Marathon County, Wisconsin, 54426, Egyesült Államok"
756111713,"1 Lassallstraße, 1020 Wien",,,nincs,
756112200,"1 Lassallstraße, 1020 Wien",,,nincs,
762932570,"Wien, 02. Bezirk, Leopoldstadt, Wien",,,nincs,
762932575,"Wien, 02. Bezirk, Leopoldstadt, Wien",,,nincs,
764581368,"Wien, 02. Bezirk, Leopoldstadt, Wien",,,nincs,
777402927,"Wien, 02. Bezirk, Leopoldstadt, Wien",,,nincs,
789315029,"Wien, 02. Bezirk, Leopoldstadt, Wien",,,nincs,
792409709,"Wien, Wien",44.9019561,-90.0250311,korzet,"Wien, Town of Wien, Marathon County, Wisconsin, 54426, Egyesült Államok"
796254069,"Wien, 02. Bezirk, Leopoldstadt, Wien",,,nincs,
801613076,"Wien, 02. Bezirk, Leopoldstadt, Wien",,,nincs,
809508167,"23 Donaustraße, 1020 Wien",48.2231925,16.3710362,hazszam,"23, Obere Donaustraße, Rembrandtviertel, Leopoldstadt, Katastralgemeinde Leopoldstadt, Leopoldstadt, Bécs, 1020, Ausztria"
810084462,"Wien, 02. Bezirk, Leopoldstadt, Wien",,,nincs,
811248513,"Wien, 02. Bezirk, Leopoldstadt, Wien",,,nincs,
816114533,"169 Engerthstraße, 1020 Wien",,,nincs,
816596703,"137 Engerthstraße, 1020 Wien",,,nincs,
824643489,"Wien, 02. Bezirk, Leopoldstadt, Wien",,,nincs,
826100072,"Wien, 02. Bezirk, Leopoldstadt, Wien",,,nincs,
829003057,"Wien, 02. Bezirk, Leopoldstadt, Wien",,,nincs,
834436437,"15 Pfarrgasse, 1020 Wien",,,nincs,
835176135,"Wien, 02. Bezirk, Leopoldstadt, Wien",,,nincs,
841326645,"Wien, 02. Bezirk, Leopoldstadt, Wien",,,nincs,
846911780,"24 Schweidlgasse, 1020 Wien",,,nincs,
848304023,"Wien, 02. Bezirk, Leopoldstadt, Wien",,,nincs,
849762541,"Wien, 02. Bezirk, Leopoldstadt, Wien",,,nincs,
852073051,"Wien, 02. Bezirk, Leopoldstadt, Wien",,,nincs,
857223042,"Wien, 02. Bezirk, Leopoldstadt, Wien",,,nincs,
858739196,"Wien, 02. Bezirk, Leopoldstadt, Wien",,,nincs,
862078539,"9 Stadtgutgasse,  Wien",,,nincs,
866892823,"63 Taborstraße, 1020 Wien",,,nincs,
870747112,"Wien, 02. Bezirk, Leopoldstadt, Wien",,,nincs,
871445003,"Wien, 02. Bezirk, Leopoldstadt, Wien",,,nincs,
884704156,"23-27 Donaustraße, 1020 Wien",,,nincs,
885732365,"Wien, 02. Bezirk, Leopoldstadt, Wien",,,nincs,
889948708,"Wien, 02. Bezirk, Leopoldstadt, Wien",,,nincs,
891792495,"Wien, 02. Bezirk, Leopoldstadt, Wien",,,nincs,
895957006,"23-27 Donaustraße, 1020 Wien",,,nincs,
899129425,"Wien, 02. Bezirk, Leopoldstadt, Wien",,,nincs,
900358037,"23-27 Donaustraße, 1020 Wien",,,nincs,
901401827,"Wien, Wien",44.9019561,-90.0250311,korzet,"Wien, Town of Wien, Marathon County, Wisconsin, 54426, Egyesült Államok"
901531414,"5 Flossgasse, 1020 Wien",,,nincs,
907061491,"169 Engerthstraße, 1020 Wien",,,nincs,
912932750,"Wien, 02. Bezirk, Leopoldstadt, Wien",,,nincs,
917425905,"10 Schottenring, 1020 Wien",,,nincs,
918514780,"Wien, 02. Bezirk, Leopoldstadt, Wien",,,nincs,
919721763,"Wien, 02. Bezirk, Leopoldstadt, Wien",,,nincs,
923746513,"Wien, 02. Bezirk, Leopoldstadt, Wien",,,nincs,
924051510,"Wien, 02. Bezirk, Leopoldstadt, Wien",,,nincs,
924652625,"Wien, 02. Bezirk, Leopoldstadt, Wien",,,nincs,
926065907,"1 Mumbgasse, 1020 Wien",,,nincs,
932593722,"Wien, 02. Bezirk, Leopoldstadt, Wien",,,nincs,
932758465,"Wien, 02. Bezirk, Leopoldstadt, Wien",,,nincs,
934041890,"Wien, 02. Bezirk, Leopoldstadt, Wien",,,nincs,
934749515,"Wien, 02. Bezirk, Leopoldstadt, Wien",,,nincs,
942210190,"55m Taborstrasse, 1020 Wien",,,nincs,
943634523,"Wien, Wien",44.9019561,-90.0250311,korzet,"Wien, Town of Wien, Marathon County, Wisconsin, 54426, Egyesült Államok"
945390675,"Wien, 02. Bezirk, Leopoldstadt, Wien",,,nincs,
947489398,"Wien, 02. Bezirk, Leopoldstadt, Wien",,,nincs,
947856615,"Wien, 02. Bezirk, Leopoldstadt, Wien",,,nincs,
950693281,"Wien, 02. Bezirk, Leopoldstadt, Wien",,,nincs,
955735099,"Wien, Wien",44.9019561,-90.0250311,korzet,"Wien, Town of Wien, Marathon County, Wisconsin, 54426, Egyesült Államok"
956152928,"Wien, 02. Bezirk, Leopoldstadt, Wien",,,nincs,
959173857,"3 Karmelitergasse, 1020 Wien",,,nincs,
959192624,"23-27 Donaustraße, 1020 Wien",,,nincs,
967263163,"Wien, 02. Bezirk, Leopoldstadt, Wien",,,nincs,
974481482,"Wien, 02. Bezirk, Leopoldstadt, Wien",,,nincs,
974774188,"230 Engerthstraße, 1020 Wien",,,nincs,
976438089,"Wien, 02. Bezirk, Leopoldstadt, Wien",,,nincs,
977341493,"Wien, 02. Bezirk, Leopoldstadt, Wien",,,nincs,
993577715,"Wien, 02. Bezirk, Leopoldstadt, Wien",,,nincs,
997083326,"Wien, 02. Bezirk, Leopoldstadt, Wien",,,nincs,
