{
"type": "FeatureCollection",
"name": "poi_wien_nordbahnhof_buffered",
"crs": { "type": "name", "properties": { "name": "urn:ogc:def:crs:OGC:1.3:CRS84" } },
"features": [
{ "type": "Feature", "properties": { "id": 27209470, "osm_type": "node", "category": "vasutallomas", "name": "Schweizerhaus-Luftburg", "amenity": "", "shop": "", "leisure": "", "railway": "halt" }, "geometry": { "type": "Point", "coordinates": [ 16.4012182, 48.2134324 ] } },
{ "type": "Feature", "properties": { "id": 60438614, "osm_type": "node", "category": "gyogyszertar", "name": "Apotheke \"Zum goldenen Reichsapfel\"", "amenity": "pharmacy", "shop": "", "leisure": "", "railway": "" }, "geometry": { "type": "Point", "coordinates": [ 16.3746041, 48.2069576 ] } },
{ "type": "Feature", "properties": { "id": 60626552, "osm_type": "node", "category": "gyogyszertar", "name": "Allerheiligen Apotheke", "amenity": "pharmacy", "shop": "", "leisure": "", "railway": "" }, "geometry": { "type": "Point", "coordinates": [ 16.3840794, 48.2380608 ] } },
{ "type": "Feature", "properties": { "id": 61274250, "osm_type": "node", "category": "elelmiszer_bolt", "name": "Billa", "amenity": "", "shop": "supermarket", "leisure": "", "railway": "" }, "geometry": { "type": "Point", "coordinates": [ 16.3735891, 48.2211771 ] } },
{ "type": "Feature", "properties": { "id": 61274271, "osm_type": "node", "category": "iskola", "name": "HAK/HAS Augarten", "amenity": "school", "shop": "", "leisure": "", "railway": "" }, "geometry": { "type": "Point", "coordinates": [ 16.3722157, 48.2205017 ] } },
{ "type": "Feature", "properties": { "id": 61274400, "osm_type": "node", "category": "elelmiszer_bolt", "name": "Nakwon", "amenity": "", "shop": "supermarket", "leisure": "", "railway": "" }, "geometry": { "type": "Point", "coordinates": [ 16.3856625, 48.2167993 ] } },
{ "type": "Feature", "properties": { "id": 68335208, "osm_type": "node", "category": "elelmiszer_bolt", "name": "Billa", "amenity": "", "shop": "supermarket", "leisure": "", "railway": "" }, "geometry": { "type": "Point", "coordinates": [ 16.3725817, 48.2076051 ] } },
{ "type": "Feature", "properties": { "id": 69468988, "osm_type": "node", "category": "metroallomas", "name": "Rochusgasse", "amenity": "", "shop": "", "leisure": "", "railway": "station" }, "geometry": { "type": "Point", "coordinates": [ 16.3922629, 48.2020946 ] } },
{ "type": "Feature", "properties": { "id": 76469904, "osm_type": "node", "category": "elelmiszer_bolt", "name": "Billa", "amenity": "", "shop": "supermarket", "leisure": "", "railway": "" }, "geometry": { "type": "Point", "coordinates": [ 16.3928589, 48.2087419 ] } },
{ "type": "Feature", "properties": { "id": 76470026, "osm_type": "node", "category": "gyogyszertar", "name": "Apotheke \"Zum heiligen Othmar\"", "amenity": "pharmacy", "shop": "", "leisure": "", "railway": "" }, "geometry": { "type": "Point", "coordinates": [ 16.3930632, 48.2084851 ] } },
{ "type": "Feature", "properties": { "id": 76470462, "osm_type": "node", "category": "gyogyszertar", "name": "Apotheke \"Zum Feldmarschall Radetzky\"", "amenity": "pharmacy", "shop": "", "leisure": "", "railway": "" }, "geometry": { "type": "Point", "coordinates": [ 16.3901051, 48.2111464 ] } },
{ "type": "Feature", "properties": { "id": 76653086, "osm_type": "node", "category": "iskola", "name": "Museum des Blindenwesens", "amenity": "school", "shop": "", "leisure": "", "railway": "" }, "geometry": { "type": "Point", "coordinates": [ 16.3992724, 48.2063691 ] } },
{ "type": "Feature", "properties": { "id": 82758465, "osm_type": "node", "category": "elelmiszer_bolt", "name": "Eurospar", "amenity": "", "shop": "supermarket", "leisure": "", "railway": "" }, "geometry": { "type": "Point", "coordinates": [ 16.3971332, 48.2006095 ] } },
{ "type": "Feature", "properties": { "id": 84541087, "osm_type": "node", "category": "gyogyszertar", "name": "Petrus-Apotheke", "amenity": "pharmacy", "shop": "", "leisure": "", "railway": "" }, "geometry": { "type": "Point", "coordinates": [ 16.3929078, 48.2025494 ] } },
{ "type": "Feature", "properties": { "id": 117213775, "osm_type": "node", "category": "gyogyszertar", "name": "Bahnhof-Apotheke", "amenity": "pharmacy", "shop": "", "leisure": "", "railway": "" }, "geometry": { "type": "Point", "coordinates": [ 16.3607727, 48.2252557 ] } },
{ "type": "Feature", "properties": { "id": 117214448, "osm_type": "node", "category": "gyogyszertar", "name": "Apotheke U4 Friedensbrücke", "amenity": "pharmacy", "shop": "", "leisure": "", "railway": "" }, "geometry": { "type": "Point", "coordinates": [ 16.3642077, 48.2265118 ] } },
{ "type": "Feature", "properties": { "id": 140069854, "osm_type": "node", "category": "metroallomas", "name": "Landstraße", "amenity": "", "shop": "", "leisure": "", "railway": "station" }, "geometry": { "type": "Point", "coordinates": [ 16.3856676, 48.2057626 ] } },
{ "type": "Feature", "properties": { "id": 146311391, "osm_type": "node", "category": "elelmiszer_bolt", "name": "Billa", "amenity": "", "shop": "supermarket", "leisure": "", "railway": "" }, "geometry": { "type": "Point", "coordinates": [ 16.3606959, 48.226261 ] } },
{ "type": "Feature", "properties": { "id": 249342824, "osm_type": "node", "category": "elelmiszer_bolt", "name": "Penny", "amenity": "", "shop": "supermarket", "leisure": "", "railway": "" }, "geometry": { "type": "Point", "coordinates": [ 16.3918468, 48.2136723 ] } },
{ "type": "Feature", "properties": { "id": 249879460, "osm_type": "node", "category": "elelmiszer_bolt", "name": "Billa Plus", "amenity": "", "shop": "supermarket", "leisure": "", "railway": "" }, "geometry": { "type": "Point", "coordinates": [ 16.3697071, 48.2354195 ] } },
{ "type": "Feature", "properties": { "id": 255938968, "osm_type": "node", "category": "vasutallomas", "name": "Stadion", "amenity": "", "shop": "", "leisure": "", "railway": "halt" }, "geometry": { "type": "Point", "coordinates": [ 16.4148749, 48.2056302 ] } },
{ "type": "Feature", "properties": { "id": 259165839, "osm_type": "node", "category": "gyogyszertar", "name": "Apotheke \"Zum Biber\"", "amenity": "pharmacy", "shop": "", "leisure": "", "railway": "" }, "geometry": { "type": "Point", "coordinates": [ 16.3631355, 48.2190371 ] } },
{ "type": "Feature", "properties": { "id": 266659804, "osm_type": "node", "category": "elelmiszer_bolt", "name": "Kurti Markt", "amenity": "", "shop": "supermarket", "leisure": "", "railway": "" }, "geometry": { "type": "Point", "coordinates": [ 16.3981303, 48.206722 ] } },
{ "type": "Feature", "properties": { "id": 267428522, "osm_type": "node", "category": "gyogyszertar", "name": "Lotos Apotheke", "amenity": "pharmacy", "shop": "", "leisure": "", "railway": "" }, "geometry": { "type": "Point", "coordinates": [ 16.3987017, 48.2059419 ] } },
{ "type": "Feature", "properties": { "id": 268500308, "osm_type": "node", "category": "gyogyszertar", "name": "Sophien-Apotheke", "amenity": "pharmacy", "shop": "", "leisure": "", "railway": "" }, "geometry": { "type": "Point", "coordinates": [ 16.3894806, 48.2067482 ] } },
{ "type": "Feature", "properties": { "id": 268500310, "osm_type": "node", "category": "elelmiszer_bolt", "name": "Billa", "amenity": "", "shop": "supermarket", "leisure": "", "railway": "" }, "geometry": { "type": "Point", "coordinates": [ 16.3872888, 48.207468 ] } },
{ "type": "Feature", "properties": { "id": 270272386, "osm_type": "node", "category": "vasutallomas", "name": "Prater Hauptbahnhof", "amenity": "", "shop": "", "leisure": "", "railway": "halt" }, "geometry": { "type": "Point", "coordinates": [ 16.3966662, 48.2154036 ] } },
{ "type": "Feature", "properties": { "id": 278123721, "osm_type": "node", "category": "elelmiszer_bolt", "name": "SPAR Gourmet", "amenity": "", "shop": "supermarket", "leisure": "", "railway": "" }, "geometry": { "type": "Point", "coordinates": [ 16.3814258, 48.2187932 ] } },
{ "type": "Feature", "properties": { "id": 290166450, "osm_type": "node", "category": "vasutallomas", "name": "Rosenschau", "amenity": "", "shop": "", "leisure": "", "railway": "halt" }, "geometry": { "type": "Point", "coordinates": [ 16.417609, 48.2386584 ] } },
{ "type": "Feature", "properties": { "id": 290170501, "osm_type": "node", "category": "vasutallomas", "name": "Donauturm", "amenity": "", "shop": "", "leisure": "", "railway": "halt" }, "geometry": { "type": "Point", "coordinates": [ 16.4089593, 48.2400427 ] } },
{ "type": "Feature", "properties": { "id": 293285826, "osm_type": "node", "category": "elelmiszer_bolt", "name": "Hofer", "amenity": "", "shop": "supermarket", "leisure": "", "railway": "" }, "geometry": { "type": "Point", "coordinates": [ 16.3804142, 48.2194868 ] } },
{ "type": "Feature", "properties": { "id": 293286054, "osm_type": "node", "category": "gyogyszertar", "name": "Bären Apotheke", "amenity": "pharmacy", "shop": "", "leisure": "", "railway": "" }, "geometry": { "type": "Point", "coordinates": [ 16.3811536, 48.2171718 ] } },
{ "type": "Feature", "properties": { "id": 310580394, "osm_type": "node", "category": "elelmiszer_bolt", "name": "Spar Gourmet", "amenity": "", "shop": "supermarket", "leisure": "", "railway": "" }, "geometry": { "type": "Point", "coordinates": [ 16.3725964, 48.2125282 ] } },
{ "type": "Feature", "properties": { "id": 312253426, "osm_type": "node", "category": "gyogyszertar", "name": "Apotheke zu unserer lieben Frau bei den Schotten", "amenity": "pharmacy", "shop": "", "leisure": "", "railway": "" }, "geometry": { "type": "Point", "coordinates": [ 16.3656869, 48.2119098 ] } },
{ "type": "Feature", "properties": { "id": 321443343, "osm_type": "node", "category": "elelmiszer_bolt", "name": "Spar", "amenity": "", "shop": "supermarket", "leisure": "", "railway": "" }, "geometry": { "type": "Point", "coordinates": [ 16.361806, 48.2025281 ] } },
{ "type": "Feature", "properties": { "id": 323060834, "osm_type": "node", "category": "iskola", "name": "Leopoldschule", "amenity": "school", "shop": "", "leisure": "", "railway": "" }, "geometry": { "type": "Point", "coordinates": [ 16.3749473, 48.2212781 ] } },
{ "type": "Feature", "properties": { "id": 330374228, "osm_type": "node", "category": "iskola", "name": "Kolonitzschule", "amenity": "school", "shop": "", "leisure": "", "railway": "" }, "geometry": { "type": "Point", "coordinates": [ 16.3902564, 48.2101554 ] } },
{ "type": "Feature", "properties": { "id": 330374988, "osm_type": "node", "category": "iskola", "name": "VS Kleine Sperlgasse", "amenity": "school", "shop": "", "leisure": "", "railway": "" }, "geometry": { "type": "Point", "coordinates": [ 16.3774902, 48.215473 ] } },
{ "type": "Feature", "properties": { "id": 331339570, "osm_type": "node", "category": "gyogyszertar", "name": "Apotheke \"Zur heiligen Elisabeth\"", "amenity": "pharmacy", "shop": "", "leisure": "", "railway": "" }, "geometry": { "type": "Point", "coordinates": [ 16.3862644, 48.2054113 ] } },
{ "type": "Feature", "properties": { "id": 331340299, "osm_type": "node", "category": "gyogyszertar", "name": "St. Rochus-Apotheke", "amenity": "pharmacy", "shop": "", "leisure": "", "railway": "" }, "geometry": { "type": "Point", "coordinates": [ 16.3901965, 48.2025388 ] } },
{ "type": "Feature", "properties": { "id": 331341997, "osm_type": "node", "category": "gyogyszertar", "name": "Zum schwarzen Adler", "amenity": "pharmacy", "shop": "", "leisure": "", "railway": "" }, "geometry": { "type": "Point", "coordinates": [ 16.39097, 48.2019798 ] } },
{ "type": "Feature", "properties": { "id": 331651017, "osm_type": "node", "category": "iskola", "name": "Musikschule Leopoldstadt", "amenity": "school", "shop": "", "leisure": "", "railway": "" }, "geometry": { "type": "Point", "coordinates": [ 16.3800582, 48.2154449 ] } },
{ "type": "Feature", "properties": { "id": 333294109, "osm_type": "node", "category": "gyogyszertar", "name": "Alte Feldapotheke", "amenity": "pharmacy", "shop": "", "leisure": "", "railway": "" }, "geometry": { "type": "Point", "coordinates": [ 16.3724142, 48.2090586 ] } },
{ "type": "Feature", "properties": { "id": 333302663, "osm_type": "node", "category": "gyogyszertar", "name": "Alte Leopoldsapotheke", "amenity": "pharmacy", "shop": "", "leisure": "", "railway": "" }, "geometry": { "type": "Point", "coordinates": [ 16.3695546, 48.2066729 ] } },
{ "type": "Feature", "properties": { "id": 333302666, "osm_type": "node", "category": "gyogyszertar", "name": "Zum goldenen Hirschen", "amenity": "pharmacy", "shop": "", "leisure": "", "railway": "" }, "geometry": { "type": "Point", "coordinates": [ 16.3674367, 48.2085306 ] } },
{ "type": "Feature", "properties": { "id": 333307243, "osm_type": "node", "category": "gyogyszertar", "name": "Graben-Apotheke \"Zum schwarzen Bären\"", "amenity": "pharmacy", "shop": "", "leisure": "", "railway": "" }, "geometry": { "type": "Point", "coordinates": [ 16.3710789, 48.2079404 ] } },
{ "type": "Feature", "properties": { "id": 333321486, "osm_type": "node", "category": "elelmiszer_bolt", "name": "Billa Plus", "amenity": "", "shop": "supermarket", "leisure": "", "railway": "" }, "geometry": { "type": "Point", "coordinates": [ 16.3847848, 48.2362354 ] } },
{ "type": "Feature", "properties": { "id": 335865373, "osm_type": "node", "category": "elelmiszer_bolt", "name": "Hedef", "amenity": "", "shop": "supermarket", "leisure": "", "railway": "" }, "geometry": { "type": "Point", "coordinates": [ 16.3790647, 48.2365662 ] } },
{ "type": "Feature", "properties": { "id": 336300698, "osm_type": "node", "category": "gyogyszertar", "name": "Apotheke Donauzentrum", "amenity": "pharmacy", "shop": "", "leisure": "", "railway": "" }, "geometry": { "type": "Point", "coordinates": [ 16.4385332, 48.2411591 ] } },
{ "type": "Feature", "properties": { "id": 338454525, "osm_type": "node", "category": "iskola", "name": "Neue Mittelschule Kleine Sperlgasse", "amenity": "school", "shop": "", "leisure": "", "railway": "" }, "geometry": { "type": "Point", "coordinates": [ 16.3779575, 48.2154295 ] } },
{ "type": "Feature", "properties": { "id": 338457425, "osm_type": "node", "category": "iskola", "name": "Private Volksschule und Kindergarten St. Elisabeth", "amenity": "school", "shop": "", "leisure": "", "railway": "" }, "geometry": { "type": "Point", "coordinates": [ 16.3746512, 48.2215128 ] } },
{ "type": "Feature", "properties": { "id": 338473235, "osm_type": "node", "category": "gyogyszertar", "name": "Schlangenapotheke", "amenity": "pharmacy", "shop": "", "leisure": "", "railway": "" }, "geometry": { "type": "Point", "coordinates": [ 16.3774219, 48.2167844 ] } },
{ "type": "Feature", "properties": { "id": 338474061, "osm_type": "node", "category": "gyogyszertar", "name": "Apotheke der Barmherzigen Brüder", "amenity": "pharmacy", "shop": "", "leisure": "", "railway": "" }, "geometry": { "type": "Point", "coordinates": [ 16.3804141, 48.2151646 ] } },
{ "type": "Feature", "properties": { "id": 338606867, "osm_type": "node", "category": "gyogyszertar", "name": "Augarten-Apotheke Zum Heiligen Leopold", "amenity": "pharmacy", "shop": "", "leisure": "", "railway": "" }, "geometry": { "type": "Point", "coordinates": [ 16.372638, 48.2208248 ] } },
{ "type": "Feature", "properties": { "id": 338607181, "osm_type": "node", "category": "gyogyszertar", "name": "Apotheke Zum heiligen Josef", "amenity": "pharmacy", "shop": "", "leisure": "", "railway": "" }, "geometry": { "type": "Point", "coordinates": [ 16.3821086, 48.2221699 ] } },
{ "type": "Feature", "properties": { "id": 338608511, "osm_type": "node", "category": "gyogyszertar", "name": "Erzherzog Karl-Apotheke", "amenity": "pharmacy", "shop": "", "leisure": "", "railway": "" }, "geometry": { "type": "Point", "coordinates": [ 16.4031021, 48.2228208 ] } },
{ "type": "Feature", "properties": { "id": 338608513, "osm_type": "node", "category": "gyogyszertar", "name": "Prater-Apotheke", "amenity": "pharmacy", "shop": "", "leisure": "", "railway": "" }, "geometry": { "type": "Point", "coordinates": [ 16.3993397, 48.218207 ] } },
{ "type": "Feature", "properties": { "id": 338610834, "osm_type": "node", "category": "gyogyszertar", "name": "Rotunden-Apotheke", "amenity": "pharmacy", "shop": "", "leisure": "", "railway": "" }, "geometry": { "type": "Point", "coordinates": [ 16.4060411, 48.2181745 ] } },
{ "type": "Feature", "properties": { "id": 338634374, "osm_type": "node", "category": "gyogyszertar", "name": "Christinen-Apotheke", "amenity": "pharmacy", "shop": "", "leisure": "", "railway": "" }, "geometry": { "type": "Point", "coordinates": [ 16.4000116, 48.2253337 ] } },
{ "type": "Feature", "properties": { "id": 338634376, "osm_type": "node", "category": "gyogyszertar", "name": "Magnolien Apotheke", "amenity": "pharmacy", "shop": "", "leisure": "", "railway": "" }, "geometry": { "type": "Point", "coordinates": [ 16.3856637, 48.2234812 ] } },
{ "type": "Feature", "properties": { "id": 338637341, "osm_type": "node", "category": "gyogyszertar", "name": "Apotheke Zur Hoffnung", "amenity": "pharmacy", "shop": "", "leisure": "", "railway": "" }, "geometry": { "type": "Point", "coordinates": [ 16.3883947, 48.2193815 ] } },
{ "type": "Feature", "properties": { "id": 338637934, "osm_type": "node", "category": "gyogyszertar", "name": "Apotheke Zum Patriarchen", "amenity": "pharmacy", "shop": "", "leisure": "", "railway": "" }, "geometry": { "type": "Point", "coordinates": [ 16.3844109, 48.2185277 ] } },
{ "type": "Feature", "properties": { "id": 338658840, "osm_type": "node", "category": "gyogyszertar", "name": "Apotheke Zur alten Jägerzeile", "amenity": "pharmacy", "shop": "", "leisure": "", "railway": "" }, "geometry": { "type": "Point", "coordinates": [ 16.3884857, 48.2165605 ] } },
{ "type": "Feature", "properties": { "id": 338658847, "osm_type": "node", "category": "gyogyszertar", "name": "Franzensbrücken-Apotheke", "amenity": "pharmacy", "shop": "", "leisure": "", "railway": "" }, "geometry": { "type": "Point", "coordinates": [ 16.3916767, 48.21439 ] } },
{ "type": "Feature", "properties": { "id": 338831262, "osm_type": "node", "category": "iskola", "name": "KMS Augartenschule", "amenity": "school", "shop": "", "leisure": "", "railway": "" }, "geometry": { "type": "Point", "coordinates": [ 16.3757854, 48.2220559 ] } },
{ "type": "Feature", "properties": { "id": 338831271, "osm_type": "node", "category": "iskola", "name": "Beth Jakov Jüdische Mädchenschule für wirtschaftliche Berufe", "amenity": "school", "shop": "", "leisure": "", "railway": "" }, "geometry": { "type": "Point", "coordinates": [ 16.3768387, 48.2203818 ] } },
{ "type": "Feature", "properties": { "id": 338832071, "osm_type": "node", "category": "iskola", "name": "Bundes-Blindenerziehungsinstitut", "amenity": "school", "shop": "", "leisure": "", "railway": "" }, "geometry": { "type": "Point", "coordinates": [ 16.399753, 48.2063714 ] } },
{ "type": "Feature", "properties": { "id": 343142117, "osm_type": "node", "category": "gyogyszertar", "name": "Zum Rothen Krebs", "amenity": "pharmacy", "shop": "", "leisure": "", "railway": "" }, "geometry": { "type": "Point", "coordinates": [ 16.3732344, 48.2104885 ] } },
{ "type": "Feature", "properties": { "id": 344398127, "osm_type": "node", "category": "gyogyszertar", "name": "Vindobona-Apotheke", "amenity": "pharmacy", "shop": "", "leisure": "", "railway": "" }, "geometry": { "type": "Point", "coordinates": [ 16.3605957, 48.2207103 ] } },
{ "type": "Feature", "properties": { "id": 344399100, "osm_type": "node", "category": "gyogyszertar", "name": "Löwen-Apotheke", "amenity": "pharmacy", "shop": "", "leisure": "", "railway": "" }, "geometry": { "type": "Point", "coordinates": [ 16.3649727, 48.2234262 ] } },
{ "type": "Feature", "properties": { "id": 344479678, "osm_type": "node", "category": "elelmiszer_bolt", "name": "Hofer", "amenity": "", "shop": "supermarket", "leisure": "", "railway": "" }, "geometry": { "type": "Point", "coordinates": [ 16.3701106, 48.2139359 ] } },
{ "type": "Feature", "properties": { "id": 344666655, "osm_type": "node", "category": "ovoda", "name": "kindercompany", "amenity": "kindergarten", "shop": "", "leisure": "", "railway": "" }, "geometry": { "type": "Point", "coordinates": [ 16.3863783, 48.2066652 ] } },
{ "type": "Feature", "properties": { "id": 344925813, "osm_type": "node", "category": "elelmiszer_bolt", "name": "Konbini Shop & Eat", "amenity": "", "shop": "convenience", "leisure": "", "railway": "" }, "geometry": { "type": "Point", "coordinates": [ 16.3874344, 48.2052305 ] } },
{ "type": "Feature", "properties": { "id": 347349863, "osm_type": "node", "category": "elelmiszer_bolt", "name": "Denns BioMarkt", "amenity": "", "shop": "supermarket", "leisure": "", "railway": "" }, "geometry": { "type": "Point", "coordinates": [ 16.389882, 48.2034995 ] } },
{ "type": "Feature", "properties": { "id": 347615832, "osm_type": "node", "category": "ovoda", "name": "Knusperhäuschen", "amenity": "kindergarten", "shop": "", "leisure": "", "railway": "" }, "geometry": { "type": "Point", "coordinates": [ 16.3906395, 48.2076809 ] } },
{ "type": "Feature", "properties": { "id": 348377950, "osm_type": "node", "category": "elelmiszer_bolt", "name": "PENNY", "amenity": "", "shop": "supermarket", "leisure": "", "railway": "" }, "geometry": { "type": "Point", "coordinates": [ 16.406077, 48.2239654 ] } },
{ "type": "Feature", "properties": { "id": 348382430, "osm_type": "node", "category": "elelmiszer_bolt", "name": "Spar", "amenity": "", "shop": "supermarket", "leisure": "", "railway": "" }, "geometry": { "type": "Point", "coordinates": [ 16.4072174, 48.221789 ] } },
{ "type": "Feature", "properties": { "id": 348383491, "osm_type": "node", "category": "elelmiszer_bolt", "name": "ETSAN", "amenity": "", "shop": "supermarket", "leisure": "", "railway": "" }, "geometry": { "type": "Point", "coordinates": [ 16.4060984, 48.2225981 ] } },
{ "type": "Feature", "properties": { "id": 349274551, "osm_type": "node", "category": "elelmiszer_bolt", "name": "Aycan", "amenity": "", "shop": "supermarket", "leisure": "", "railway": "" }, "geometry": { "type": "Point", "coordinates": [ 16.4037715, 48.2228881 ] } },
{ "type": "Feature", "properties": { "id": 353682085, "osm_type": "node", "category": "elelmiszer_bolt", "name": "Eurospar", "amenity": "", "shop": "supermarket", "leisure": "", "railway": "" }, "geometry": { "type": "Point", "coordinates": [ 16.4003054, 48.2250658 ] } },
{ "type": "Feature", "properties": { "id": 359951821, "osm_type": "node", "category": "elelmiszer_bolt", "name": "Penny", "amenity": "", "shop": "supermarket", "leisure": "", "railway": "" }, "geometry": { "type": "Point", "coordinates": [ 16.3996556, 48.2261868 ] } },
{ "type": "Feature", "properties": { "id": 364414944, "osm_type": "node", "category": "elelmiszer_bolt", "name": "Billa", "amenity": "", "shop": "supermarket", "leisure": "", "railway": "" }, "geometry": { "type": "Point", "coordinates": [ 16.3857045, 48.2142727 ] } },
{ "type": "Feature", "properties": { "id": 365860607, "osm_type": "node", "category": "gyogyszertar", "name": "Zur goldenen Krone", "amenity": "pharmacy", "shop": "", "leisure": "", "railway": "" }, "geometry": { "type": "Point", "coordinates": [ 16.3726079, 48.2057607 ] } },
{ "type": "Feature", "properties": { "id": 369004107, "osm_type": "node", "category": "elelmiszer_bolt", "name": "Hofer", "amenity": "", "shop": "supermarket", "leisure": "", "railway": "" }, "geometry": { "type": "Point", "coordinates": [ 16.3886444, 48.203951 ] } },
{ "type": "Feature", "properties": { "id": 369006983, "osm_type": "node", "category": "elelmiszer_bolt", "name": "Penny", "amenity": "", "shop": "supermarket", "leisure": "", "railway": "" }, "geometry": { "type": "Point", "coordinates": [ 16.3890167, 48.2036684 ] } },
{ "type": "Feature", "properties": { "id": 376331305, "osm_type": "node", "category": "ovoda", "name": "Kindergarten der Pfarre St. Josef", "amenity": "kindergarten", "shop": "", "leisure": "", "railway": "" }, "geometry": { "type": "Point", "coordinates": [ 16.3799061, 48.2161708 ] } },
{ "type": "Feature", "properties": { "id": 394941621, "osm_type": "node", "category": "gyogyszertar", "name": "Apotheke zum weissen Storch", "amenity": "pharmacy", "shop": "", "leisure": "", "railway": "" }, "geometry": { "type": "Point", "coordinates": [ 16.369965, 48.2102176 ] } },
{ "type": "Feature", "properties": { "id": 403827836, "osm_type": "node", "category": "elelmiszer_bolt", "name": "Billa", "amenity": "", "shop": "supermarket", "leisure": "", "railway": "" }, "geometry": { "type": "Point", "coordinates": [ 16.3799137, 48.2136165 ] } },
{ "type": "Feature", "properties": { "id": 403828060, "osm_type": "node", "category": "elelmiszer_bolt", "name": "Denns BioMarkt", "amenity": "", "shop": "supermarket", "leisure": "", "railway": "" }, "geometry": { "type": "Point", "coordinates": [ 16.3801175, 48.2141188 ] } },
{ "type": "Feature", "properties": { "id": 413718922, "osm_type": "node", "category": "elelmiszer_bolt", "name": "Billa", "amenity": "", "shop": "supermarket", "leisure": "", "railway": "" }, "geometry": { "type": "Point", "coordinates": [ 16.3709513, 48.2144688 ] } },
{ "type": "Feature", "properties": { "id": 418169605, "osm_type": "node", "category": "iskola", "name": "Evangelische Volksschule Leopoldstadt", "amenity": "school", "shop": "", "leisure": "", "railway": "" }, "geometry": { "type": "Point", "coordinates": [ 16.3855983, 48.2162724 ] } },
{ "type": "Feature", "properties": { "id": 418170673, "osm_type": "node", "category": "iskola", "name": "Volksschule Czerninplatz", "amenity": "school", "shop": "", "leisure": "", "railway": "" }, "geometry": { "type": "Point", "coordinates": [ 16.3875998, 48.214857 ] } },
{ "type": "Feature", "properties": { "id": 425448592, "osm_type": "node", "category": "orvos_egeszsegugy", "name": "Primarius Dr. Johann Raimund Umschaden", "amenity": "doctors", "shop": "", "leisure": "", "railway": "" }, "geometry": { "type": "Point", "coordinates": [ 16.364205, 48.2028289 ] } },
{ "type": "Feature", "properties": { "id": 425448611, "osm_type": "node", "category": "orvos_egeszsegugy", "name": "Dr. Walter Sacher", "amenity": "doctors", "shop": "", "leisure": "", "railway": "" }, "geometry": { "type": "Point", "coordinates": [ 16.3618647, 48.2025856 ] } },
{ "type": "Feature", "properties": { "id": 425459581, "osm_type": "node", "category": "orvos_egeszsegugy", "name": "Univ.Prof. Dr. Gerald Seinost", "amenity": "doctors", "shop": "", "leisure": "", "railway": "" }, "geometry": { "type": "Point", "coordinates": [ 16.3638477, 48.2014455 ] } },
{ "type": "Feature", "properties": { "id": 425463770, "osm_type": "node", "category": "orvos_egeszsegugy", "name": "Dr. Wolfgang Metka", "amenity": "doctors", "shop": "", "leisure": "", "railway": "" }, "geometry": { "type": "Point", "coordinates": [ 16.3644725, 48.2031332 ] } },
{ "type": "Feature", "properties": { "id": 425471417, "osm_type": "node", "category": "orvos_egeszsegugy", "name": "Dr. Eva Grossmann", "amenity": "doctors", "shop": "", "leisure": "", "railway": "" }, "geometry": { "type": "Point", "coordinates": [ 16.3671461, 48.2031987 ] } },
{ "type": "Feature", "properties": { "id": 425471425, "osm_type": "node", "category": "orvos_egeszsegugy", "name": "Univ.Prof. Dr. Ferdinand Reinhardt", "amenity": "doctors", "shop": "", "leisure": "", "railway": "" }, "geometry": { "type": "Point", "coordinates": [ 16.3679122, 48.2030304 ] } },
{ "type": "Feature", "properties": { "id": 425476625, "osm_type": "node", "category": "orvos_egeszsegugy", "name": "Dr. Reinhard Kürsten", "amenity": "doctors", "shop": "", "leisure": "", "railway": "" }, "geometry": { "type": "Point", "coordinates": [ 16.3679702, 48.2030497 ] } },
{ "type": "Feature", "properties": { "id": 425476630, "osm_type": "node", "category": "orvos_egeszsegugy", "name": "Prim.Univ.Dozent Dr. Annemarie Schratter-Sehn", "amenity": "doctors", "shop": "", "leisure": "", "railway": "" }, "geometry": { "type": "Point", "coordinates": [ 16.3690139, 48.2021605 ] } },
{ "type": "Feature", "properties": { "id": 429572206, "osm_type": "node", "category": "ovoda", "name": "Kindercompany Gölsdorfgasse", "amenity": "kindergarten", "shop": "", "leisure": "", "railway": "" }, "geometry": { "type": "Point", "coordinates": [ 16.373175, 48.2140083 ] } },
{ "type": "Feature", "properties": { "id": 430385730, "osm_type": "node", "category": "elelmiszer_bolt", "name": "Billa Plus", "amenity": "", "shop": "supermarket", "leisure": "", "railway": "" }, "geometry": { "type": "Point", "coordinates": [ 16.3869234, 48.2400525 ] } },
{ "type": "Feature", "properties": { "id": 430900308, "osm_type": "node", "category": "elelmiszer_bolt", "name": "Billa", "amenity": "", "shop": "supermarket", "leisure": "", "railway": "" }, "geometry": { "type": "Point", "coordinates": [ 16.3957326, 48.2326875 ] } },
{ "type": "Feature", "properties": { "id": 441390281, "osm_type": "node", "category": "elelmiszer_bolt", "name": "Spar Gourmet", "amenity": "", "shop": "supermarket", "leisure": "", "railway": "" }, "geometry": { "type": "Point", "coordinates": [ 16.3737358, 48.2011322 ] } },
{ "type": "Feature", "properties": { "id": 450160124, "osm_type": "node", "category": "gyogyszertar", "name": "Brady-Apotheke", "amenity": "pharmacy", "shop": "", "leisure": "", "railway": "" }, "geometry": { "type": "Point", "coordinates": [ 16.3752569, 48.211144 ] } },
{ "type": "Feature", "properties": { "id": 457621229, "osm_type": "node", "category": "gyogyszertar", "name": "Internationale Apotheke", "amenity": "pharmacy", "shop": "", "leisure": "", "railway": "" }, "geometry": { "type": "Point", "coordinates": [ 16.3735393, 48.2017569 ] } },
{ "type": "Feature", "properties": { "id": 466464108, "osm_type": "node", "category": "vasutallomas", "name": "Donau City", "amenity": "", "shop": "", "leisure": "", "railway": "halt" }, "geometry": { "type": "Point", "coordinates": [ 16.4085354, 48.2363624 ] } },
{ "type": "Feature", "properties": { "id": 466519844, "osm_type": "node", "category": "elelmiszer_bolt", "name": "Billa", "amenity": "", "shop": "supermarket", "leisure": "", "railway": "" }, "geometry": { "type": "Point", "coordinates": [ 16.3907278, 48.2336381 ] } },
{ "type": "Feature", "properties": { "id": 471046388, "osm_type": "node", "category": "iskola", "name": "GRG1 Stubenbastei", "amenity": "school", "shop": "", "leisure": "", "railway": "" }, "geometry": { "type": "Point", "coordinates": [ 16.378104, 48.2068608 ] } },
{ "type": "Feature", "properties": { "id": 475926571, "osm_type": "node", "category": "ovoda", "name": "Kindergarten der Stadt Wien", "amenity": "kindergarten", "shop": "", "leisure": "", "railway": "" }, "geometry": { "type": "Point", "coordinates": [ 16.3788194, 48.2403823 ] } },
{ "type": "Feature", "properties": { "id": 476422576, "osm_type": "node", "category": "elelmiszer_bolt", "name": "Penny", "amenity": "", "shop": "supermarket", "leisure": "", "railway": "" }, "geometry": { "type": "Point", "coordinates": [ 16.3827594, 48.2203329 ] } },
{ "type": "Feature", "properties": { "id": 478887921, "osm_type": "node", "category": "orvos_egeszsegugy", "name": "Univ.Doz. DDr. Raphael Bonelli", "amenity": "doctors", "shop": "", "leisure": "", "railway": "" }, "geometry": { "type": "Point", "coordinates": [ 16.3758797, 48.2097454 ] } },
{ "type": "Feature", "properties": { "id": 497126219, "osm_type": "node", "category": "iskola", "name": "Volksschule Börsegasse", "amenity": "school", "shop": "", "leisure": "", "railway": "" }, "geometry": { "type": "Point", "coordinates": [ 16.3687967, 48.2136167 ] } },
{ "type": "Feature", "properties": { "id": 497147653, "osm_type": "node", "category": "iskola", "name": "Lise Meitner Realgymnasium", "amenity": "school", "shop": "", "leisure": "", "railway": "" }, "geometry": { "type": "Point", "coordinates": [ 16.3646655, 48.2141596 ] } },
{ "type": "Feature", "properties": { "id": 497147654, "osm_type": "node", "category": "iskola", "name": "NMS Renngasse", "amenity": "school", "shop": "", "leisure": "", "railway": "" }, "geometry": { "type": "Point", "coordinates": [ 16.368569, 48.2136159 ] } },
{ "type": "Feature", "properties": { "id": 497147655, "osm_type": "node", "category": "iskola", "name": "Öffentliches Schottengymnasium der Benediktiner in Wien", "amenity": "school", "shop": "", "leisure": "", "railway": "" }, "geometry": { "type": "Point", "coordinates": [ 16.3643485, 48.2121474 ] } },
{ "type": "Feature", "properties": { "id": 497147658, "osm_type": "node", "category": "iskola", "name": "Gastgewerbefachschule der Wiener Gastwirte", "amenity": "school", "shop": "", "leisure": "", "railway": "" }, "geometry": { "type": "Point", "coordinates": [ 16.3696874, 48.2111421 ] } },
{ "type": "Feature", "properties": { "id": 497155573, "osm_type": "node", "category": "iskola", "name": "Religionspädagogische Akademie", "amenity": "school", "shop": "", "leisure": "", "railway": "" }, "geometry": { "type": "Point", "coordinates": [ 16.3728781, 48.2078766 ] } },
{ "type": "Feature", "properties": { "id": 497155575, "osm_type": "node", "category": "iskola", "name": "BORG für Musik und Kunst", "amenity": "school", "shop": "", "leisure": "", "railway": "" }, "geometry": { "type": "Point", "coordinates": [ 16.3751369, 48.20345 ] } },
{ "type": "Feature", "properties": { "id": 497155578, "osm_type": "node", "category": "iskola", "name": "Akademisches Gymnasium", "amenity": "school", "shop": "", "leisure": "", "railway": "" }, "geometry": { "type": "Point", "coordinates": [ 16.3766125, 48.2015474 ] } },
{ "type": "Feature", "properties": { "id": 505256489, "osm_type": "node", "category": "elelmiszer_bolt", "name": "BILLA", "amenity": "", "shop": "supermarket", "leisure": "", "railway": "" }, "geometry": { "type": "Point", "coordinates": [ 16.363923, 48.2120362 ] } },
{ "type": "Feature", "properties": { "id": 526684601, "osm_type": "node", "category": "elelmiszer_bolt", "name": "Spar Gourmet", "amenity": "", "shop": "supermarket", "leisure": "", "railway": "" }, "geometry": { "type": "Point", "coordinates": [ 16.3697563, 48.2019214 ] } },
{ "type": "Feature", "properties": { "id": 526684615, "osm_type": "node", "category": "elelmiszer_bolt", "name": "Billa", "amenity": "", "shop": "supermarket", "leisure": "", "railway": "" }, "geometry": { "type": "Point", "coordinates": [ 16.3720508, 48.2023009 ] } },
{ "type": "Feature", "properties": { "id": 536801641, "osm_type": "node", "category": "elelmiszer_bolt", "name": "Penny", "amenity": "", "shop": "supermarket", "leisure": "", "railway": "" }, "geometry": { "type": "Point", "coordinates": [ 16.3725314, 48.2225649 ] } },
{ "type": "Feature", "properties": { "id": 543670483, "osm_type": "node", "category": "elelmiszer_bolt", "name": "Billa", "amenity": "", "shop": "supermarket", "leisure": "", "railway": "" }, "geometry": { "type": "Point", "coordinates": [ 16.3840116, 48.2174355 ] } },
{ "type": "Feature", "properties": { "id": 559214596, "osm_type": "node", "category": "gyogyszertar", "name": "Zum weißen Engel", "amenity": "pharmacy", "shop": "", "leisure": "", "railway": "" }, "geometry": { "type": "Point", "coordinates": [ 16.367878, 48.2102433 ] } },
{ "type": "Feature", "properties": { "id": 560176220, "osm_type": "node", "category": "elelmiszer_bolt", "name": "Hofer", "amenity": "", "shop": "supermarket", "leisure": "", "railway": "" }, "geometry": { "type": "Point", "coordinates": [ 16.3643948, 48.229875 ] } },
{ "type": "Feature", "properties": { "id": 566660786, "osm_type": "node", "category": "elelmiszer_bolt", "name": "BerioskA", "amenity": "", "shop": "supermarket", "leisure": "", "railway": "" }, "geometry": { "type": "Point", "coordinates": [ 16.3736173, 48.2125255 ] } },
{ "type": "Feature", "properties": { "id": 599691758, "osm_type": "node", "category": "elelmiszer_bolt", "name": "SPAR Gourmet", "amenity": "", "shop": "supermarket", "leisure": "", "railway": "" }, "geometry": { "type": "Point", "coordinates": [ 16.3810537, 48.2007535 ] } },
{ "type": "Feature", "properties": { "id": 601411209, "osm_type": "node", "category": "elelmiszer_bolt", "name": "Billa", "amenity": "", "shop": "supermarket", "leisure": "", "railway": "" }, "geometry": { "type": "Point", "coordinates": [ 16.3810023, 48.2107886 ] } },
{ "type": "Feature", "properties": { "id": 601411210, "osm_type": "node", "category": "elelmiszer_bolt", "name": "Spar Gourmet", "amenity": "", "shop": "supermarket", "leisure": "", "railway": "" }, "geometry": { "type": "Point", "coordinates": [ 16.3761158, 48.2108628 ] } },
{ "type": "Feature", "properties": { "id": 601411471, "osm_type": "node", "category": "elelmiszer_bolt", "name": "Billa", "amenity": "", "shop": "supermarket", "leisure": "", "railway": "" }, "geometry": { "type": "Point", "coordinates": [ 16.3749992, 48.2121197 ] } },
{ "type": "Feature", "properties": { "id": 601411637, "osm_type": "node", "category": "gyogyszertar", "name": "Urania Apotheke", "amenity": "pharmacy", "shop": "", "leisure": "", "railway": "" }, "geometry": { "type": "Point", "coordinates": [ 16.382254, 48.2108403 ] } },
{ "type": "Feature", "properties": { "id": 601411716, "osm_type": "node", "category": "gyogyszertar", "name": "Schweden Apotheke", "amenity": "pharmacy", "shop": "", "leisure": "", "railway": "" }, "geometry": { "type": "Point", "coordinates": [ 16.3782987, 48.2112346 ] } },
{ "type": "Feature", "properties": { "id": 606324595, "osm_type": "node", "category": "gyogyszertar", "name": "Apotheke im Stadion Center", "amenity": "pharmacy", "shop": "", "leisure": "", "railway": "" }, "geometry": { "type": "Point", "coordinates": [ 16.421732, 48.2104313 ] } },
{ "type": "Feature", "properties": { "id": 653114269, "osm_type": "node", "category": "elelmiszer_bolt", "name": "Spar", "amenity": "", "shop": "convenience", "leisure": "", "railway": "" }, "geometry": { "type": "Point", "coordinates": [ 16.3788175, 48.2077821 ] } },
{ "type": "Feature", "properties": { "id": 662872681, "osm_type": "node", "category": "iskola", "name": "GRG Rahlgasse", "amenity": "school", "shop": "", "leisure": "", "railway": "" }, "geometry": { "type": "Point", "coordinates": [ 16.3618213, 48.2016349 ] } },
{ "type": "Feature", "properties": { "id": 673945580, "osm_type": "node", "category": "elelmiszer_bolt", "name": "Hofer", "amenity": "", "shop": "supermarket", "leisure": "", "railway": "" }, "geometry": { "type": "Point", "coordinates": [ 16.3842243, 48.2160202 ] } },
{ "type": "Feature", "properties": { "id": 710648865, "osm_type": "node", "category": "elelmiszer_bolt", "name": "Billa", "amenity": "", "shop": "supermarket", "leisure": "", "railway": "" }, "geometry": { "type": "Point", "coordinates": [ 16.3846552, 48.2410898 ] } },
{ "type": "Feature", "properties": { "id": 735718676, "osm_type": "node", "category": "orvos_egeszsegugy", "name": "Dr. Franz Stefan Pelzl", "amenity": "doctors", "shop": "", "leisure": "", "railway": "" }, "geometry": { "type": "Point", "coordinates": [ 16.4282789, 48.2396477 ] } },
{ "type": "Feature", "properties": { "id": 735718681, "osm_type": "node", "category": "orvos_egeszsegugy", "name": "Dr. Lisbeth Pelzl", "amenity": "doctors", "shop": "", "leisure": "", "railway": "" }, "geometry": { "type": "Point", "coordinates": [ 16.4282796, 48.2396701 ] } },
{ "type": "Feature", "properties": { "id": 742642955, "osm_type": "node", "category": "elelmiszer_bolt", "name": "PENNY", "amenity": "", "shop": "supermarket", "leisure": "", "railway": "" }, "geometry": { "type": "Point", "coordinates": [ 16.3659996, 48.2340885 ] } },
{ "type": "Feature", "properties": { "id": 742643135, "osm_type": "node", "category": "elelmiszer_bolt", "name": "Spar", "amenity": "", "shop": "supermarket", "leisure": "", "railway": "" }, "geometry": { "type": "Point", "coordinates": [ 16.370486, 48.2348275 ] } },
{ "type": "Feature", "properties": { "id": 742643223, "osm_type": "node", "category": "ovoda", "name": "Ovoda", "amenity": "kindergarten", "shop": "", "leisure": "", "railway": "" }, "geometry": { "type": "Point", "coordinates": [ 16.3668118, 48.2334757 ] } },
{ "type": "Feature", "properties": { "id": 742650527, "osm_type": "node", "category": "elelmiszer_bolt", "name": "Lidl", "amenity": "", "shop": "supermarket", "leisure": "", "railway": "" }, "geometry": { "type": "Point", "coordinates": [ 16.3754799, 48.2312183 ] } },
{ "type": "Feature", "properties": { "id": 775379643, "osm_type": "node", "category": "egyeb", "name": "Traisengasse", "amenity": "", "shop": "", "leisure": "", "railway": "train_station_entrance" }, "geometry": { "type": "Point", "coordinates": [ 16.3842377, 48.2341285 ] } },
{ "type": "Feature", "properties": { "id": 775379644, "osm_type": "node", "category": "egyeb", "name": "Traisengasse", "amenity": "", "shop": "", "leisure": "", "railway": "train_station_entrance" }, "geometry": { "type": "Point", "coordinates": [ 16.3840761, 48.234047 ] } },
{ "type": "Feature", "properties": { "id": 802397691, "osm_type": "node", "category": "elelmiszer_bolt", "name": "Güvenli", "amenity": "", "shop": "supermarket", "leisure": "", "railway": "" }, "geometry": { "type": "Point", "coordinates": [ 16.3949091, 48.2058213 ] } },
{ "type": "Feature", "properties": { "id": 807041120, "osm_type": "node", "category": "elelmiszer_bolt", "name": "Billa", "amenity": "", "shop": "supermarket", "leisure": "", "railway": "" }, "geometry": { "type": "Point", "coordinates": [ 16.3644797, 48.2188159 ] } },
{ "type": "Feature", "properties": { "id": 832658915, "osm_type": "node", "category": "ovoda", "name": "BC Gertrude-Fröhlich-Sandner", "amenity": "kindergarten", "shop": "", "leisure": "", "railway": "" }, "geometry": { "type": "Point", "coordinates": [ 16.3959244, 48.2251064 ] } },
{ "type": "Feature", "properties": { "id": 839051921, "osm_type": "node", "category": "gyogyszertar", "name": "Zum Römischen Kaiser", "amenity": "pharmacy", "shop": "", "leisure": "", "railway": "" }, "geometry": { "type": "Point", "coordinates": [ 16.3756681, 48.2086799 ] } },
{ "type": "Feature", "properties": { "id": 839051940, "osm_type": "node", "category": "gyogyszertar", "name": "Opern Apotheke", "amenity": "pharmacy", "shop": "", "leisure": "", "railway": "" }, "geometry": { "type": "Point", "coordinates": [ 16.3700674, 48.2026436 ] } },
{ "type": "Feature", "properties": { "id": 839053637, "osm_type": "node", "category": "gyogyszertar", "name": "Zum Heiligen Geist", "amenity": "pharmacy", "shop": "", "leisure": "", "railway": "" }, "geometry": { "type": "Point", "coordinates": [ 16.3671018, 48.2014722 ] } },
{ "type": "Feature", "properties": { "id": 871777984, "osm_type": "node", "category": "elelmiszer_bolt", "name": "SPAR Gourmet", "amenity": "", "shop": "supermarket", "leisure": "", "railway": "" }, "geometry": { "type": "Point", "coordinates": [ 16.3614135, 48.2187777 ] } },
{ "type": "Feature", "properties": { "id": 911120894, "osm_type": "node", "category": "elelmiszer_bolt", "name": "Billa", "amenity": "", "shop": "supermarket", "leisure": "", "railway": "" }, "geometry": { "type": "Point", "coordinates": [ 16.386296, 48.2212961 ] } },
{ "type": "Feature", "properties": { "id": 913922946, "osm_type": "node", "category": "elelmiszer_bolt", "name": "Billa", "amenity": "", "shop": "supermarket", "leisure": "", "railway": "" }, "geometry": { "type": "Point", "coordinates": [ 16.4255509, 48.224773 ] } },
{ "type": "Feature", "properties": { "id": 913922969, "osm_type": "node", "category": "elelmiszer_bolt", "name": "Mega Supermarkt", "amenity": "", "shop": "supermarket", "leisure": "", "railway": "" }, "geometry": { "type": "Point", "coordinates": [ 16.4219216, 48.2274862 ] } },
{ "type": "Feature", "properties": { "id": 917081247, "osm_type": "node", "category": "elelmiszer_bolt", "name": "Penny", "amenity": "", "shop": "supermarket", "leisure": "", "railway": "" }, "geometry": { "type": "Point", "coordinates": [ 16.3875862, 48.2198089 ] } },
{ "type": "Feature", "properties": { "id": 928619792, "osm_type": "node", "category": "elelmiszer_bolt", "name": "SPAR Gourmet", "amenity": "", "shop": "supermarket", "leisure": "", "railway": "" }, "geometry": { "type": "Point", "coordinates": [ 16.3641187, 48.2195424 ] } },
{ "type": "Feature", "properties": { "id": 956080357, "osm_type": "node", "category": "orvos_egeszsegugy", "name": "stadtpark-med", "amenity": "doctors", "shop": "", "leisure": "", "railway": "" }, "geometry": { "type": "Point", "coordinates": [ 16.3838252, 48.2026816 ] } },
{ "type": "Feature", "properties": { "id": 956430060, "osm_type": "node", "category": "elelmiszer_bolt", "name": "Reformhaus Staudigl", "amenity": "", "shop": "supermarket", "leisure": "", "railway": "" }, "geometry": { "type": "Point", "coordinates": [ 16.3770341, 48.2082497 ] } },
{ "type": "Feature", "properties": { "id": 986700710, "osm_type": "node", "category": "elelmiszer_bolt", "name": "Penny", "amenity": "", "shop": "supermarket", "leisure": "", "railway": "" }, "geometry": { "type": "Point", "coordinates": [ 16.4206415, 48.2129808 ] } },
{ "type": "Feature", "properties": { "id": 990282485, "osm_type": "node", "category": "elelmiszer_bolt", "name": "Spar", "amenity": "", "shop": "supermarket", "leisure": "", "railway": "" }, "geometry": { "type": "Point", "coordinates": [ 16.3905756, 48.2111068 ] } },
{ "type": "Feature", "properties": { "id": 1110205314, "osm_type": "node", "category": "elelmiszer_bolt", "name": "Xalo's Supermarkt", "amenity": "", "shop": "supermarket", "leisure": "", "railway": "" }, "geometry": { "type": "Point", "coordinates": [ 16.4011401, 48.2227405 ] } },
{ "type": "Feature", "properties": { "id": 1210981058, "osm_type": "node", "category": "iskola", "name": "sprach.kult", "amenity": "school", "shop": "", "leisure": "", "railway": "" }, "geometry": { "type": "Point", "coordinates": [ 16.3869772, 48.2388786 ] } },
{ "type": "Feature", "properties": { "id": 1223679243, "osm_type": "node", "category": "egyeb", "name": "Donaueschingenstraße, UKH", "amenity": "", "shop": "", "leisure": "", "railway": "train_station_entrance" }, "geometry": { "type": "Point", "coordinates": [ 16.3825808, 48.2360288 ] } },
{ "type": "Feature", "properties": { "id": 1223679302, "osm_type": "node", "category": "ovoda", "name": "Märchengarten", "amenity": "kindergarten", "shop": "", "leisure": "", "railway": "" }, "geometry": { "type": "Point", "coordinates": [ 16.3847283, 48.2346763 ] } },
{ "type": "Feature", "properties": { "id": 1223679350, "osm_type": "node", "category": "egyeb", "name": "Donaueschingenstraße, UKH", "amenity": "", "shop": "", "leisure": "", "railway": "train_station_entrance" }, "geometry": { "type": "Point", "coordinates": [ 16.3822799, 48.2359004 ] } },
{ "type": "Feature", "properties": { "id": 1230602315, "osm_type": "node", "category": "orvos_egeszsegugy", "name": "Dr. Ulrike Mayr-Sponer", "amenity": "doctors", "shop": "", "leisure": "", "railway": "" }, "geometry": { "type": "Point", "coordinates": [ 16.3801697, 48.2374768 ] } },
{ "type": "Feature", "properties": { "id": 1253218423, "osm_type": "node", "category": "elelmiszer_bolt", "name": "Billa", "amenity": "", "shop": "supermarket", "leisure": "", "railway": "" }, "geometry": { "type": "Point", "coordinates": [ 16.4107421, 48.235015 ] } },
{ "type": "Feature", "properties": { "id": 1360360649, "osm_type": "node", "category": "elelmiszer_bolt", "name": "Wurstico Abholmarkt", "amenity": "", "shop": "supermarket", "leisure": "", "railway": "" }, "geometry": { "type": "Point", "coordinates": [ 16.3653737, 48.2371156 ] } },
{ "type": "Feature", "properties": { "id": 1360360650, "osm_type": "node", "category": "elelmiszer_bolt", "name": "Spar", "amenity": "", "shop": "supermarket", "leisure": "", "railway": "" }, "geometry": { "type": "Point", "coordinates": [ 16.3661139, 48.2380739 ] } },
{ "type": "Feature", "properties": { "id": 1365687679, "osm_type": "node", "category": "elelmiszer_bolt", "name": "Hofer", "amenity": "", "shop": "supermarket", "leisure": "", "railway": "" }, "geometry": { "type": "Point", "coordinates": [ 16.4122062, 48.2328026 ] } },
{ "type": "Feature", "properties": { "id": 1398671011, "osm_type": "node", "category": "elelmiszer_bolt", "name": "Lebensmittel", "amenity": "", "shop": "convenience", "leisure": "", "railway": "" }, "geometry": { "type": "Point", "coordinates": [ 16.3617415, 48.2237539 ] } },
{ "type": "Feature", "properties": { "id": 1420000790, "osm_type": "node", "category": "iskola", "name": "Friedrich-Zawrel-Schule", "amenity": "school", "shop": "", "leisure": "", "railway": "" }, "geometry": { "type": "Point", "coordinates": [ 16.3948991, 48.2040974 ] } },
{ "type": "Feature", "properties": { "id": 1428953231, "osm_type": "node", "category": "iskola", "name": "Montessori-Schule im Heiligenkreuzerhof", "amenity": "school", "shop": "", "leisure": "", "railway": "" }, "geometry": { "type": "Point", "coordinates": [ 16.3762272, 48.2099522 ] } },
{ "type": "Feature", "properties": { "id": 1444705254, "osm_type": "node", "category": "elelmiszer_bolt", "name": "Billa", "amenity": "", "shop": "supermarket", "leisure": "", "railway": "" }, "geometry": { "type": "Point", "coordinates": [ 16.4230683, 48.2359179 ] } },
{ "type": "Feature", "properties": { "id": 1444705271, "osm_type": "node", "category": "iskola", "name": "GTVS an der Alten Donau", "amenity": "school", "shop": "", "leisure": "", "railway": "" }, "geometry": { "type": "Point", "coordinates": [ 16.4241104, 48.2365067 ] } },
{ "type": "Feature", "properties": { "id": 1462114321, "osm_type": "node", "category": "iskola", "name": "Ausbildungszentrum", "amenity": "school", "shop": "", "leisure": "", "railway": "" }, "geometry": { "type": "Point", "coordinates": [ 16.3875193, 48.2077424 ] } },
{ "type": "Feature", "properties": { "id": 1462114326, "osm_type": "node", "category": "iskola", "name": "Meridian Sprachenzentrum", "amenity": "school", "shop": "", "leisure": "", "railway": "" }, "geometry": { "type": "Point", "coordinates": [ 16.3882664, 48.2064205 ] } },
{ "type": "Feature", "properties": { "id": 1462117951, "osm_type": "node", "category": "elelmiszer_bolt", "name": "Kefir Mini Markt", "amenity": "", "shop": "convenience", "leisure": "", "railway": "" }, "geometry": { "type": "Point", "coordinates": [ 16.3886697, 48.2071214 ] } },
{ "type": "Feature", "properties": { "id": 1462352632, "osm_type": "node", "category": "orvos_egeszsegugy", "name": "Endomed Wien Mitte", "amenity": "doctors", "shop": "", "leisure": "", "railway": "" }, "geometry": { "type": "Point", "coordinates": [ 16.3945673, 48.2057724 ] } },
{ "type": "Feature", "properties": { "id": 1462413227, "osm_type": "node", "category": "ovoda", "name": "kindercompany", "amenity": "kindergarten", "shop": "", "leisure": "", "railway": "" }, "geometry": { "type": "Point", "coordinates": [ 16.3943815, 48.2054287 ] } },
{ "type": "Feature", "properties": { "id": 1466973236, "osm_type": "node", "category": "orvos_egeszsegugy", "name": "Frauenarzt und Geburtshilfe", "amenity": "doctors", "shop": "", "leisure": "", "railway": "" }, "geometry": { "type": "Point", "coordinates": [ 16.3611686, 48.2221129 ] } },
{ "type": "Feature", "properties": { "id": 1467083863, "osm_type": "node", "category": "ovoda", "name": "Kinder in Wien", "amenity": "kindergarten", "shop": "", "leisure": "", "railway": "" }, "geometry": { "type": "Point", "coordinates": [ 16.3918624, 48.20792 ] } },
{ "type": "Feature", "properties": { "id": 1467144752, "osm_type": "node", "category": "elelmiszer_bolt", "name": "Renates's Altwaren", "amenity": "", "shop": "convenience", "leisure": "", "railway": "" }, "geometry": { "type": "Point", "coordinates": [ 16.3929347, 48.2082621 ] } },
{ "type": "Feature", "properties": { "id": 1467144775, "osm_type": "node", "category": "ovoda", "name": "Casa Latina", "amenity": "kindergarten", "shop": "", "leisure": "", "railway": "" }, "geometry": { "type": "Point", "coordinates": [ 16.3911389, 48.2058115 ] } },
{ "type": "Feature", "properties": { "id": 1467151153, "osm_type": "node", "category": "ovoda", "name": "Springmäuse Kindergruppe", "amenity": "kindergarten", "shop": "", "leisure": "", "railway": "" }, "geometry": { "type": "Point", "coordinates": [ 16.370163, 48.2272425 ] } },
{ "type": "Feature", "properties": { "id": 1467216638, "osm_type": "node", "category": "orvos_egeszsegugy", "name": "Vidasana Wirbelsäulentherapie", "amenity": "doctors", "shop": "", "leisure": "", "railway": "" }, "geometry": { "type": "Point", "coordinates": [ 16.3616715, 48.2232618 ] } },
{ "type": "Feature", "properties": { "id": 1467237965, "osm_type": "node", "category": "orvos_egeszsegugy", "name": "Praxisgemeinschaft", "amenity": "doctors", "shop": "", "leisure": "", "railway": "" }, "geometry": { "type": "Point", "coordinates": [ 16.3618124, 48.2247621 ] } },
{ "type": "Feature", "properties": { "id": 1467267715, "osm_type": "node", "category": "ovoda", "name": "Pfarre Mutter Gottes Kindergarten, Hort", "amenity": "kindergarten", "shop": "", "leisure": "", "railway": "" }, "geometry": { "type": "Point", "coordinates": [ 16.3693095, 48.2275925 ] } },
{ "type": "Feature", "properties": { "id": 1467267762, "osm_type": "node", "category": "orvos_egeszsegugy", "name": "Dr. Hannes Mayer", "amenity": "doctors", "shop": "", "leisure": "", "railway": "" }, "geometry": { "type": "Point", "coordinates": [ 16.3688106, 48.226213 ] } },
{ "type": "Feature", "properties": { "id": 1467267763, "osm_type": "node", "category": "orvos_egeszsegugy", "name": "Dr. Iantscheva", "amenity": "doctors", "shop": "", "leisure": "", "railway": "" }, "geometry": { "type": "Point", "coordinates": [ 16.3690628, 48.2268349 ] } },
{ "type": "Feature", "properties": { "id": 1467267780, "osm_type": "node", "category": "elelmiszer_bolt", "name": "Singh", "amenity": "", "shop": "convenience", "leisure": "", "railway": "" }, "geometry": { "type": "Point", "coordinates": [ 16.3688651, 48.2282253 ] } },
{ "type": "Feature", "properties": { "id": 1467290066, "osm_type": "node", "category": "ovoda", "name": "Kindergruppe Abendstern", "amenity": "kindergarten", "shop": "", "leisure": "", "railway": "" }, "geometry": { "type": "Point", "coordinates": [ 16.371687, 48.2300111 ] } },
{ "type": "Feature", "properties": { "id": 1467300166, "osm_type": "node", "category": "elelmiszer_bolt", "name": "Etsan", "amenity": "", "shop": "convenience", "leisure": "", "railway": "" }, "geometry": { "type": "Point", "coordinates": [ 16.3762991, 48.2301238 ] } },
{ "type": "Feature", "properties": { "id": 1467855872, "osm_type": "node", "category": "orvos_egeszsegugy", "name": "Dr. Thomas Vilim", "amenity": "doctors", "shop": "", "leisure": "", "railway": "" }, "geometry": { "type": "Point", "coordinates": [ 16.3673926, 48.2278688 ] } },
{ "type": "Feature", "properties": { "id": 1467874748, "osm_type": "node", "category": "orvos_egeszsegugy", "name": "Dr. Peter Schönberg", "amenity": "doctors", "shop": "", "leisure": "", "railway": "" }, "geometry": { "type": "Point", "coordinates": [ 16.3751401, 48.2307027 ] } },
{ "type": "Feature", "properties": { "id": 1467875424, "osm_type": "node", "category": "orvos_egeszsegugy", "name": "Dr. Max Huber", "amenity": "doctors", "shop": "", "leisure": "", "railway": "" }, "geometry": { "type": "Point", "coordinates": [ 16.374915, 48.2307431 ] } },
{ "type": "Feature", "properties": { "id": 1467877951, "osm_type": "node", "category": "orvos_egeszsegugy", "name": "OA Dr. Harald Petje", "amenity": "doctors", "shop": "", "leisure": "", "railway": "" }, "geometry": { "type": "Point", "coordinates": [ 16.3715661, 48.2276062 ] } },
{ "type": "Feature", "properties": { "id": 1467878576, "osm_type": "node", "category": "orvos_egeszsegugy", "name": "Dr. Walter Pescosta", "amenity": "doctors", "shop": "", "leisure": "", "railway": "" }, "geometry": { "type": "Point", "coordinates": [ 16.3720295, 48.2282337 ] } },
{ "type": "Feature", "properties": { "id": 1467878611, "osm_type": "node", "category": "orvos_egeszsegugy", "name": "Dr. Erich Ernsbrunner", "amenity": "doctors", "shop": "", "leisure": "", "railway": "" }, "geometry": { "type": "Point", "coordinates": [ 16.3770026, 48.2310871 ] } },
{ "type": "Feature", "properties": { "id": 1467891829, "osm_type": "node", "category": "orvos_egeszsegugy", "name": "Dr. Friedrich Krebs", "amenity": "doctors", "shop": "", "leisure": "", "railway": "" }, "geometry": { "type": "Point", "coordinates": [ 16.3690917, 48.2285943 ] } },
{ "type": "Feature", "properties": { "id": 1467894783, "osm_type": "node", "category": "elelmiszer_bolt", "name": "Zohor Al-Sham", "amenity": "", "shop": "convenience", "leisure": "", "railway": "" }, "geometry": { "type": "Point", "coordinates": [ 16.3745121, 48.2306986 ] } },
{ "type": "Feature", "properties": { "id": 1467894794, "osm_type": "node", "category": "ovoda", "name": "Kindergruppe Abendstern", "amenity": "kindergarten", "shop": "", "leisure": "", "railway": "" }, "geometry": { "type": "Point", "coordinates": [ 16.3718926, 48.2300618 ] } },
{ "type": "Feature", "properties": { "id": 1478818908, "osm_type": "node", "category": "elelmiszer_bolt", "name": "Denns BioMarkt", "amenity": "", "shop": "supermarket", "leisure": "", "railway": "" }, "geometry": { "type": "Point", "coordinates": [ 16.3627336, 48.2256739 ] } },
{ "type": "Feature", "properties": { "id": 1501815140, "osm_type": "node", "category": "iskola", "name": "Urania Volkshochschule", "amenity": "school", "shop": "", "leisure": "", "railway": "" }, "geometry": { "type": "Point", "coordinates": [ 16.3839142, 48.2116213 ] } },
{ "type": "Feature", "properties": { "id": 1501971044, "osm_type": "node", "category": "iskola", "name": "Berufsschule für Baugewerbe Wien", "amenity": "school", "shop": "", "leisure": "", "railway": "" }, "geometry": { "type": "Point", "coordinates": [ 16.4326257, 48.2414353 ] } },
{ "type": "Feature", "properties": { "id": 1506681251, "osm_type": "node", "category": "elelmiszer_bolt", "name": "Kuba Market", "amenity": "", "shop": "convenience", "leisure": "", "railway": "" }, "geometry": { "type": "Point", "coordinates": [ 16.4077665, 48.2191547 ] } },
{ "type": "Feature", "properties": { "id": 1528146990, "osm_type": "node", "category": "elelmiszer_bolt", "name": "Billa", "amenity": "", "shop": "supermarket", "leisure": "", "railway": "" }, "geometry": { "type": "Point", "coordinates": [ 16.3707856, 48.2069347 ] } },
{ "type": "Feature", "properties": { "id": 1532441208, "osm_type": "node", "category": "ovoda", "name": "Pfarrkindergarten St. Johann Nepomuk", "amenity": "kindergarten", "shop": "", "leisure": "", "railway": "" }, "geometry": { "type": "Point", "coordinates": [ 16.3862756, 48.2165606 ] } },
{ "type": "Feature", "properties": { "id": 1576703284, "osm_type": "node", "category": "elelmiszer_bolt", "name": "Eurospar", "amenity": "", "shop": "supermarket", "leisure": "", "railway": "" }, "geometry": { "type": "Point", "coordinates": [ 16.4094606, 48.219687 ] } },
{ "type": "Feature", "properties": { "id": 1591079448, "osm_type": "node", "category": "iskola", "name": "Iskola", "amenity": "school", "shop": "", "leisure": "", "railway": "" }, "geometry": { "type": "Point", "coordinates": [ 16.3622168, 48.2014144 ] } },
{ "type": "Feature", "properties": { "id": 1650283988, "osm_type": "node", "category": "orvos_egeszsegugy", "name": "Fernöstliches Medizinzentrum", "amenity": "doctors", "shop": "", "leisure": "", "railway": "" }, "geometry": { "type": "Point", "coordinates": [ 16.3607759, 48.2230001 ] } },
{ "type": "Feature", "properties": { "id": 1664539927, "osm_type": "node", "category": "egyeb", "name": "Egyeb", "amenity": "", "shop": "", "leisure": "", "railway": "train_station_entrance" }, "geometry": { "type": "Point", "coordinates": [ 16.4417237, 48.2002985 ] } },
{ "type": "Feature", "properties": { "id": 1664539938, "osm_type": "node", "category": "egyeb", "name": "Egyeb", "amenity": "", "shop": "", "leisure": "", "railway": "train_station_entrance" }, "geometry": { "type": "Point", "coordinates": [ 16.4421901, 48.2000104 ] } },
{ "type": "Feature", "properties": { "id": 1688732447, "osm_type": "node", "category": "elelmiszer_bolt", "name": "Billa", "amenity": "", "shop": "supermarket", "leisure": "", "railway": "" }, "geometry": { "type": "Point", "coordinates": [ 16.3973085, 48.2189329 ] } },
{ "type": "Feature", "properties": { "id": 1688732816, "osm_type": "node", "category": "elelmiszer_bolt", "name": "Penny", "amenity": "", "shop": "supermarket", "leisure": "", "railway": "" }, "geometry": { "type": "Point", "coordinates": [ 16.3973401, 48.2182031 ] } },
{ "type": "Feature", "properties": { "id": 1689138145, "osm_type": "node", "category": "elelmiszer_bolt", "name": "Billa", "amenity": "", "shop": "supermarket", "leisure": "", "railway": "" }, "geometry": { "type": "Point", "coordinates": [ 16.4019627, 48.2189386 ] } },
{ "type": "Feature", "properties": { "id": 1691725296, "osm_type": "node", "category": "iskola", "name": "Sperlgymnasium", "amenity": "school", "shop": "", "leisure": "", "railway": "" }, "geometry": { "type": "Point", "coordinates": [ 16.3780482, 48.2158561 ] } },
{ "type": "Feature", "properties": { "id": 1692329363, "osm_type": "node", "category": "ovoda", "name": "Ovoda", "amenity": "kindergarten", "shop": "", "leisure": "", "railway": "" }, "geometry": { "type": "Point", "coordinates": [ 16.4210179, 48.2258145 ] } },
{ "type": "Feature", "properties": { "id": 1693162528, "osm_type": "node", "category": "ovoda", "name": "Kindergarten Kindergruppe Dorainsel", "amenity": "kindergarten", "shop": "", "leisure": "", "railway": "" }, "geometry": { "type": "Point", "coordinates": [ 16.4054331, 48.2237468 ] } },
{ "type": "Feature", "properties": { "id": 1694509046, "osm_type": "node", "category": "elelmiszer_bolt", "name": "Billa", "amenity": "", "shop": "supermarket", "leisure": "", "railway": "" }, "geometry": { "type": "Point", "coordinates": [ 16.4202058, 48.2275183 ] } },
{ "type": "Feature", "properties": { "id": 1699089668, "osm_type": "node", "category": "gyogyszertar", "name": "Zwischenbrücken-Apotheke", "amenity": "pharmacy", "shop": "", "leisure": "", "railway": "" }, "geometry": { "type": "Point", "coordinates": [ 16.3868161, 48.2302394 ] } },
{ "type": "Feature", "properties": { "id": 1701363961, "osm_type": "node", "category": "iskola", "name": "Schulkompetenzzentrum für Prävention, Inklusion und Rehabilitation - Volksschule im Alsergrund", "amenity": "school", "shop": "", "leisure": "", "railway": "" }, "geometry": { "type": "Point", "coordinates": [ 16.3650633, 48.2228383 ] } },
{ "type": "Feature", "properties": { "id": 1701364332, "osm_type": "node", "category": "iskola", "name": "Musikschule Alsergrund", "amenity": "school", "shop": "", "leisure": "", "railway": "" }, "geometry": { "type": "Point", "coordinates": [ 16.3647239, 48.2228731 ] } },
{ "type": "Feature", "properties": { "id": 1701364446, "osm_type": "node", "category": "ovoda", "name": "Ovoda", "amenity": "kindergarten", "shop": "", "leisure": "", "railway": "" }, "geometry": { "type": "Point", "coordinates": [ 16.3628623, 48.2242399 ] } },
{ "type": "Feature", "properties": { "id": 1704868130, "osm_type": "node", "category": "elelmiszer_bolt", "name": "Spar", "amenity": "", "shop": "supermarket", "leisure": "", "railway": "" }, "geometry": { "type": "Point", "coordinates": [ 16.3612405, 48.2230533 ] } },
{ "type": "Feature", "properties": { "id": 1717933623, "osm_type": "node", "category": "gyogyszertar", "name": "Zum Schwan", "amenity": "pharmacy", "shop": "", "leisure": "", "railway": "" }, "geometry": { "type": "Point", "coordinates": [ 16.3651642, 48.2147907 ] } },
{ "type": "Feature", "properties": { "id": 1719390233, "osm_type": "node", "category": "ovoda", "name": "Kindergarten Schmetterlingshaus", "amenity": "kindergarten", "shop": "", "leisure": "", "railway": "" }, "geometry": { "type": "Point", "coordinates": [ 16.3889359, 48.2336693 ] } },
{ "type": "Feature", "properties": { "id": 1722272166, "osm_type": "node", "category": "ovoda", "name": "Kindergarten Heidi", "amenity": "kindergarten", "shop": "", "leisure": "", "railway": "" }, "geometry": { "type": "Point", "coordinates": [ 16.4091253, 48.2199653 ] } },
{ "type": "Feature", "properties": { "id": 1722290460, "osm_type": "node", "category": "ovoda", "name": "Ovoda", "amenity": "kindergarten", "shop": "", "leisure": "", "railway": "" }, "geometry": { "type": "Point", "coordinates": [ 16.4079961, 48.2221187 ] } },
{ "type": "Feature", "properties": { "id": 1722290586, "osm_type": "node", "category": "ovoda", "name": "Ovoda", "amenity": "kindergarten", "shop": "", "leisure": "", "railway": "" }, "geometry": { "type": "Point", "coordinates": [ 16.409482, 48.2210519 ] } },
{ "type": "Feature", "properties": { "id": 1722297073, "osm_type": "node", "category": "orvos_egeszsegugy", "name": "Rahman Rassoulian", "amenity": "doctors", "shop": "", "leisure": "", "railway": "" }, "geometry": { "type": "Point", "coordinates": [ 16.4081997, 48.2194057 ] } },
{ "type": "Feature", "properties": { "id": 1722365296, "osm_type": "node", "category": "ovoda", "name": "Ovoda", "amenity": "kindergarten", "shop": "", "leisure": "", "railway": "" }, "geometry": { "type": "Point", "coordinates": [ 16.4150526, 48.2121511 ] } },
{ "type": "Feature", "properties": { "id": 1722365656, "osm_type": "node", "category": "ovoda", "name": "Ovoda", "amenity": "kindergarten", "shop": "", "leisure": "", "railway": "" }, "geometry": { "type": "Point", "coordinates": [ 16.4164853, 48.2122732 ] } },
{ "type": "Feature", "properties": { "id": 1724589088, "osm_type": "node", "category": "ovoda", "name": "Städtischer Kindergarten", "amenity": "kindergarten", "shop": "", "leisure": "", "railway": "" }, "geometry": { "type": "Point", "coordinates": [ 16.3964868, 48.2296716 ] } },
{ "type": "Feature", "properties": { "id": 1724589093, "osm_type": "node", "category": "ovoda", "name": "Kinder in Wien", "amenity": "kindergarten", "shop": "", "leisure": "", "railway": "" }, "geometry": { "type": "Point", "coordinates": [ 16.3942177, 48.228889 ] } },
{ "type": "Feature", "properties": { "id": 1726316999, "osm_type": "node", "category": "gyogyszertar", "name": "Leonhardus-Apotheke", "amenity": "pharmacy", "shop": "", "leisure": "", "railway": "" }, "geometry": { "type": "Point", "coordinates": [ 16.3765955, 48.2392937 ] } },
{ "type": "Feature", "properties": { "id": 1726317006, "osm_type": "node", "category": "gyogyszertar", "name": "Millennium-Apotheke", "amenity": "pharmacy", "shop": "", "leisure": "", "railway": "" }, "geometry": { "type": "Point", "coordinates": [ 16.3857408, 48.2413374 ] } },
{ "type": "Feature", "properties": { "id": 1744479812, "osm_type": "node", "category": "elelmiszer_bolt", "name": "Spar", "amenity": "", "shop": "supermarket", "leisure": "", "railway": "" }, "geometry": { "type": "Point", "coordinates": [ 16.3770519, 48.2383649 ] } },
{ "type": "Feature", "properties": { "id": 1770758955, "osm_type": "node", "category": "iskola", "name": "pVS Judenplatz", "amenity": "school", "shop": "", "leisure": "", "railway": "" }, "geometry": { "type": "Point", "coordinates": [ 16.3692494, 48.2115155 ] } },
{ "type": "Feature", "properties": { "id": 1786176030, "osm_type": "node", "category": "ovoda", "name": "Ovoda", "amenity": "kindergarten", "shop": "", "leisure": "", "railway": "" }, "geometry": { "type": "Point", "coordinates": [ 16.3855142, 48.2260379 ] } },
{ "type": "Feature", "properties": { "id": 1809929515, "osm_type": "node", "category": "egyeb", "name": "Egyeb", "amenity": "", "shop": "", "leisure": "", "railway": "train_station_entrance" }, "geometry": { "type": "Point", "coordinates": [ 16.3917759, 48.2185276 ] } },
{ "type": "Feature", "properties": { "id": 1834728900, "osm_type": "node", "category": "elelmiszer_bolt", "name": "Tuna-Moschee", "amenity": "place_of_worship", "shop": "convenience", "leisure": "", "railway": "" }, "geometry": { "type": "Point", "coordinates": [ 16.3924949, 48.2103377 ] } },
{ "type": "Feature", "properties": { "id": 1845427168, "osm_type": "node", "category": "ovoda", "name": "Ovoda", "amenity": "kindergarten", "shop": "", "leisure": "", "railway": "" }, "geometry": { "type": "Point", "coordinates": [ 16.3872976, 48.2138943 ] } },
{ "type": "Feature", "properties": { "id": 1852937621, "osm_type": "node", "category": "gyogyszertar", "name": "St. Hubertus Apotheke", "amenity": "pharmacy", "shop": "", "leisure": "", "railway": "" }, "geometry": { "type": "Point", "coordinates": [ 16.4219482, 48.2271116 ] } },
{ "type": "Feature", "properties": { "id": 1870007219, "osm_type": "node", "category": "elelmiszer_bolt", "name": "Billa", "amenity": "", "shop": "supermarket", "leisure": "", "railway": "" }, "geometry": { "type": "Point", "coordinates": [ 16.3755104, 48.219854 ] } },
{ "type": "Feature", "properties": { "id": 1881666814, "osm_type": "node", "category": "elelmiszer_bolt", "name": "Obst und Gemüsehandel Cvetic Dejan", "amenity": "", "shop": "supermarket", "leisure": "", "railway": "" }, "geometry": { "type": "Point", "coordinates": [ 16.377238, 48.2176142 ] } },
{ "type": "Feature", "properties": { "id": 1900968367, "osm_type": "node", "category": "elelmiszer_bolt", "name": "Hofer", "amenity": "", "shop": "supermarket", "leisure": "", "railway": "" }, "geometry": { "type": "Point", "coordinates": [ 16.3808143, 48.2288068 ] } },
{ "type": "Feature", "properties": { "id": 1908267140, "osm_type": "node", "category": "elelmiszer_bolt", "name": "Billa", "amenity": "", "shop": "supermarket", "leisure": "", "railway": "" }, "geometry": { "type": "Point", "coordinates": [ 16.4004895, 48.2264431 ] } },
{ "type": "Feature", "properties": { "id": 1958068786, "osm_type": "node", "category": "elelmiszer_bolt", "name": "Billa", "amenity": "", "shop": "supermarket", "leisure": "", "railway": "" }, "geometry": { "type": "Point", "coordinates": [ 16.3735963, 48.2105787 ] } },
{ "type": "Feature", "properties": { "id": 1967273261, "osm_type": "node", "category": "iskola", "name": "Österreichisches Lateinamerika-Institut", "amenity": "school", "shop": "", "leisure": "", "railway": "" }, "geometry": { "type": "Point", "coordinates": [ 16.3645368, 48.2181099 ] } },
{ "type": "Feature", "properties": { "id": 1972147434, "osm_type": "node", "category": "iskola", "name": "Caritas Ausbildungszentrum für Sozialberufe", "amenity": "school", "shop": "", "leisure": "", "railway": "" }, "geometry": { "type": "Point", "coordinates": [ 16.3666376, 48.2231877 ] } },
{ "type": "Feature", "properties": { "id": 2000954267, "osm_type": "node", "category": "ovoda", "name": "Kindergarten Marxergasse", "amenity": "kindergarten", "shop": "", "leisure": "", "railway": "" }, "geometry": { "type": "Point", "coordinates": [ 16.3878428, 48.2065858 ] } },
{ "type": "Feature", "properties": { "id": 2000954270, "osm_type": "node", "category": "ovoda", "name": "Kinderwelt", "amenity": "kindergarten", "shop": "", "leisure": "", "railway": "" }, "geometry": { "type": "Point", "coordinates": [ 16.389926, 48.2085745 ] } },
{ "type": "Feature", "properties": { "id": 2000954271, "osm_type": "node", "category": "ovoda", "name": "Montessori Kinderhaus Hetzgasse", "amenity": "kindergarten", "shop": "", "leisure": "", "railway": "" }, "geometry": { "type": "Point", "coordinates": [ 16.3945558, 48.2087737 ] } },
{ "type": "Feature", "properties": { "id": 2133850635, "osm_type": "node", "category": "ovoda", "name": "Happy Kids Kindergarten", "amenity": "kindergarten", "shop": "", "leisure": "", "railway": "" }, "geometry": { "type": "Point", "coordinates": [ 16.3717369, 48.2223618 ] } },
{ "type": "Feature", "properties": { "id": 2160623146, "osm_type": "node", "category": "gyogyszertar", "name": "Zur heiligen Brigitta", "amenity": "pharmacy", "shop": "", "leisure": "", "railway": "" }, "geometry": { "type": "Point", "coordinates": [ 16.3711862, 48.230137 ] } },
{ "type": "Feature", "properties": { "id": 2176779948, "osm_type": "node", "category": "elelmiszer_bolt", "name": "Bulgarische Lebensmittel BUL-MAG", "amenity": "", "shop": "convenience", "leisure": "", "railway": "" }, "geometry": { "type": "Point", "coordinates": [ 16.3697361, 48.2296454 ] } },
{ "type": "Feature", "properties": { "id": 2265580544, "osm_type": "node", "category": "egyeb", "name": "Egyeb", "amenity": "", "shop": "", "leisure": "", "railway": "train_station_entrance" }, "geometry": { "type": "Point", "coordinates": [ 16.3917941, 48.2184191 ] } },
{ "type": "Feature", "properties": { "id": 2265638675, "osm_type": "node", "category": "egyeb", "name": "Lassallestraße", "amenity": "", "shop": "", "leisure": "", "railway": "train_station_entrance" }, "geometry": { "type": "Point", "coordinates": [ 16.3924002, 48.2199469 ] } },
{ "type": "Feature", "properties": { "id": 2275598460, "osm_type": "node", "category": "egyeb", "name": "Fahrschule Mariahilf", "amenity": "driving_school", "shop": "", "leisure": "", "railway": "" }, "geometry": { "type": "Point", "coordinates": [ 16.3602896, 48.2014051 ] } },
{ "type": "Feature", "properties": { "id": 2281065587, "osm_type": "node", "category": "elelmiszer_bolt", "name": "Spar Gourmet", "amenity": "", "shop": "supermarket", "leisure": "", "railway": "" }, "geometry": { "type": "Point", "coordinates": [ 16.387958, 48.216316 ] } },
{ "type": "Feature", "properties": { "id": 2288925048, "osm_type": "node", "category": "gyogyszertar", "name": "Mathilden Apotheke", "amenity": "pharmacy", "shop": "", "leisure": "", "railway": "" }, "geometry": { "type": "Point", "coordinates": [ 16.3695581, 48.2255819 ] } },
{ "type": "Feature", "properties": { "id": 2292305077, "osm_type": "node", "category": "ovoda", "name": "Wiener Städtische Versicherung", "amenity": "kindergarten", "shop": "", "leisure": "", "railway": "" }, "geometry": { "type": "Point", "coordinates": [ 16.370892, 48.2135193 ] } },
{ "type": "Feature", "properties": { "id": 2418868412, "osm_type": "node", "category": "gyogyszertar", "name": "Zur Hl. Elisabeth", "amenity": "pharmacy", "shop": "", "leisure": "", "railway": "" }, "geometry": { "type": "Point", "coordinates": [ 16.3657341, 48.2334011 ] } },
{ "type": "Feature", "properties": { "id": 2418893582, "osm_type": "node", "category": "elelmiszer_bolt", "name": "PENNY", "amenity": "", "shop": "supermarket", "leisure": "", "railway": "" }, "geometry": { "type": "Point", "coordinates": [ 16.3677562, 48.2291823 ] } },
{ "type": "Feature", "properties": { "id": 2450221005, "osm_type": "node", "category": "orvos_egeszsegugy", "name": "Dr. Peter Paul Ponholzer", "amenity": "doctors", "shop": "", "leisure": "", "railway": "" }, "geometry": { "type": "Point", "coordinates": [ 16.4322322, 48.2387054 ] } },
{ "type": "Feature", "properties": { "id": 2453709465, "osm_type": "node", "category": "elelmiszer_bolt", "name": "Der Wurstmann", "amenity": "", "shop": "convenience", "leisure": "", "railway": "" }, "geometry": { "type": "Point", "coordinates": [ 16.439408, 48.2377468 ] } },
{ "type": "Feature", "properties": { "id": 2468687849, "osm_type": "node", "category": "elelmiszer_bolt", "name": "Billa Unterwegs", "amenity": "", "shop": "convenience", "leisure": "", "railway": "" }, "geometry": { "type": "Point", "coordinates": [ 16.4204799, 48.233621 ] } },
{ "type": "Feature", "properties": { "id": 2472329003, "osm_type": "node", "category": "ovoda", "name": "Kindergruppe Horizont", "amenity": "kindergarten", "shop": "", "leisure": "", "railway": "" }, "geometry": { "type": "Point", "coordinates": [ 16.3970727, 48.2244841 ] } },
{ "type": "Feature", "properties": { "id": 2472331331, "osm_type": "node", "category": "elelmiszer_bolt", "name": "Billa", "amenity": "", "shop": "supermarket", "leisure": "", "railway": "" }, "geometry": { "type": "Point", "coordinates": [ 16.3975232, 48.2240038 ] } },
{ "type": "Feature", "properties": { "id": 2484899316, "osm_type": "node", "category": "elelmiszer_bolt", "name": "Etsan", "amenity": "", "shop": "convenience", "leisure": "", "railway": "" }, "geometry": { "type": "Point", "coordinates": [ 16.3666968, 48.2307987 ] } },
{ "type": "Feature", "properties": { "id": 2484899320, "osm_type": "node", "category": "elelmiszer_bolt", "name": "Billa", "amenity": "", "shop": "supermarket", "leisure": "", "railway": "" }, "geometry": { "type": "Point", "coordinates": [ 16.3673912, 48.2297178 ] } },
{ "type": "Feature", "properties": { "id": 2484964780, "osm_type": "node", "category": "elelmiszer_bolt", "name": "Billa", "amenity": "", "shop": "supermarket", "leisure": "", "railway": "" }, "geometry": { "type": "Point", "coordinates": [ 16.3737089, 48.2307643 ] } },
{ "type": "Feature", "properties": { "id": 2484974272, "osm_type": "node", "category": "elelmiszer_bolt", "name": "Lunzers Maßgreißlerei", "amenity": "cafe", "shop": "convenience", "leisure": "", "railway": "" }, "geometry": { "type": "Point", "coordinates": [ 16.3879481, 48.2195893 ] } },
{ "type": "Feature", "properties": { "id": 2488238833, "osm_type": "node", "category": "elelmiszer_bolt", "name": "Polli Bangla Supermarkt", "amenity": "", "shop": "convenience", "leisure": "", "railway": "" }, "geometry": { "type": "Point", "coordinates": [ 16.379099, 48.2371015 ] } },
{ "type": "Feature", "properties": { "id": 2488238851, "osm_type": "node", "category": "elelmiszer_bolt", "name": "Hür-Paş", "amenity": "", "shop": "supermarket", "leisure": "", "railway": "" }, "geometry": { "type": "Point", "coordinates": [ 16.3809229, 48.2359653 ] } },
{ "type": "Feature", "properties": { "id": 2488238854, "osm_type": "node", "category": "elelmiszer_bolt", "name": "Brigittenau Backshop", "amenity": "", "shop": "convenience", "leisure": "", "railway": "" }, "geometry": { "type": "Point", "coordinates": [ 16.3783327, 48.2362152 ] } },
{ "type": "Feature", "properties": { "id": 2489155801, "osm_type": "node", "category": "elelmiszer_bolt", "name": "Venus", "amenity": "", "shop": "convenience", "leisure": "", "railway": "" }, "geometry": { "type": "Point", "coordinates": [ 16.3842222, 48.2255169 ] } },
{ "type": "Feature", "properties": { "id": 2505289207, "osm_type": "node", "category": "elelmiszer_bolt", "name": "Billa Plus", "amenity": "", "shop": "supermarket", "leisure": "", "railway": "" }, "geometry": { "type": "Point", "coordinates": [ 16.423502, 48.2091467 ] } },
{ "type": "Feature", "properties": { "id": 2521014813, "osm_type": "node", "category": "elelmiszer_bolt", "name": "Spar", "amenity": "", "shop": "supermarket", "leisure": "", "railway": "" }, "geometry": { "type": "Point", "coordinates": [ 16.3959718, 48.2245196 ] } },
{ "type": "Feature", "properties": { "id": 2525827578, "osm_type": "node", "category": "elelmiszer_bolt", "name": "Machma Naturseife", "amenity": "", "shop": "supermarket", "leisure": "", "railway": "" }, "geometry": { "type": "Point", "coordinates": [ 16.3780117, 48.2182977 ] } },
{ "type": "Feature", "properties": { "id": 2533194257, "osm_type": "node", "category": "orvos_egeszsegugy", "name": "Dr. Bernhard Kunauer", "amenity": "doctors", "shop": "", "leisure": "", "railway": "" }, "geometry": { "type": "Point", "coordinates": [ 16.3624993, 48.2261678 ] } },
{ "type": "Feature", "properties": { "id": 2543743708, "osm_type": "node", "category": "elelmiszer_bolt", "name": "Spar", "amenity": "", "shop": "supermarket", "leisure": "", "railway": "" }, "geometry": { "type": "Point", "coordinates": [ 16.4101213, 48.2120438 ] } },
{ "type": "Feature", "properties": { "id": 2617117224, "osm_type": "node", "category": "elelmiszer_bolt", "name": "Asiana", "amenity": "", "shop": "convenience", "leisure": "", "railway": "" }, "geometry": { "type": "Point", "coordinates": [ 16.3850917, 48.215319 ] } },
{ "type": "Feature", "properties": { "id": 2663030295, "osm_type": "node", "category": "orvos_egeszsegugy", "name": "Dr. Evica Ostojic", "amenity": "doctors", "shop": "", "leisure": "", "railway": "" }, "geometry": { "type": "Point", "coordinates": [ 16.3801045, 48.2367015 ] } },
{ "type": "Feature", "properties": { "id": 2663030297, "osm_type": "node", "category": "orvos_egeszsegugy", "name": "Dr. Lioussa Taviv", "amenity": "doctors", "shop": "", "leisure": "", "railway": "" }, "geometry": { "type": "Point", "coordinates": [ 16.3831812, 48.2388587 ] } },
{ "type": "Feature", "properties": { "id": 2790478924, "osm_type": "node", "category": "egyeb", "name": "Wien Donauuferbf", "amenity": "", "shop": "", "leisure": "", "railway": "service_station" }, "geometry": { "type": "Point", "coordinates": [ 16.3987103, 48.2307981 ] } },
{ "type": "Feature", "properties": { "id": 2968651437, "osm_type": "node", "category": "elelmiszer_bolt", "name": "Billa", "amenity": "", "shop": "supermarket", "leisure": "", "railway": "" }, "geometry": { "type": "Point", "coordinates": [ 16.3790255, 48.2376977 ] } },
{ "type": "Feature", "properties": { "id": 2968825133, "osm_type": "node", "category": "orvos_egeszsegugy", "name": "HNO Dr. Patrick LAJHTA", "amenity": "doctors", "shop": "", "leisure": "", "railway": "" }, "geometry": { "type": "Point", "coordinates": [ 16.3804382, 48.2372349 ] } },
{ "type": "Feature", "properties": { "id": 2972593091, "osm_type": "node", "category": "gyogyszertar", "name": "Apotheke am Werdertor", "amenity": "pharmacy", "shop": "", "leisure": "", "railway": "" }, "geometry": { "type": "Point", "coordinates": [ 16.371531, 48.2157734 ] } },
{ "type": "Feature", "properties": { "id": 3014236821, "osm_type": "node", "category": "gyogyszertar", "name": "Herminen Apotheke", "amenity": "pharmacy", "shop": "", "leisure": "", "railway": "" }, "geometry": { "type": "Point", "coordinates": [ 16.3654586, 48.2285977 ] } },
{ "type": "Feature", "properties": { "id": 3018699521, "osm_type": "node", "category": "iskola", "name": "Volkshochschule Donaustadt", "amenity": "school", "shop": "", "leisure": "", "railway": "" }, "geometry": { "type": "Point", "coordinates": [ 16.4385506, 48.2407029 ] } },
{ "type": "Feature", "properties": { "id": 3147843099, "osm_type": "node", "category": "iskola", "name": "Berufsförderungsinstitut", "amenity": "school", "shop": "", "leisure": "", "railway": "" }, "geometry": { "type": "Point", "coordinates": [ 16.3630074, 48.2405771 ] } },
{ "type": "Feature", "properties": { "id": 3182411244, "osm_type": "node", "category": "egyeb", "name": "Landstraßer Hauptstraße", "amenity": "", "shop": "", "leisure": "", "railway": "train_station_entrance" }, "geometry": { "type": "Point", "coordinates": [ 16.3850774, 48.2063839 ] } },
{ "type": "Feature", "properties": { "id": 3182411245, "osm_type": "node", "category": "egyeb", "name": "Landstraßer Hauptstraße", "amenity": "", "shop": "", "leisure": "", "railway": "train_station_entrance" }, "geometry": { "type": "Point", "coordinates": [ 16.3848347, 48.2064604 ] } },
{ "type": "Feature", "properties": { "id": 3188614827, "osm_type": "node", "category": "egyeb", "name": "Egyeb", "amenity": "", "shop": "", "leisure": "", "railway": "train_station_entrance" }, "geometry": { "type": "Point", "coordinates": [ 16.3607366, 48.2259654 ] } },
{ "type": "Feature", "properties": { "id": 3188617598, "osm_type": "node", "category": "egyeb", "name": "Egyeb", "amenity": "", "shop": "", "leisure": "", "railway": "train_station_entrance" }, "geometry": { "type": "Point", "coordinates": [ 16.3612162, 48.2261378 ] } },
{ "type": "Feature", "properties": { "id": 3188617616, "osm_type": "node", "category": "egyeb", "name": "Egyeb", "amenity": "", "shop": "", "leisure": "", "railway": "train_station_entrance" }, "geometry": { "type": "Point", "coordinates": [ 16.3618033, 48.2264078 ] } },
{ "type": "Feature", "properties": { "id": 3309570449, "osm_type": "node", "category": "vasutallomas", "name": "Wien Mitte", "amenity": "", "shop": "", "leisure": "", "railway": "station" }, "geometry": { "type": "Point", "coordinates": [ 16.3842468, 48.2056315 ] } },
{ "type": "Feature", "properties": { "id": 3309570450, "osm_type": "node", "category": "vasutallomas", "name": "Wien Praterstern", "amenity": "", "shop": "", "leisure": "", "railway": "station" }, "geometry": { "type": "Point", "coordinates": [ 16.3921436, 48.2190097 ] } },
{ "type": "Feature", "properties": { "id": 3309570452, "osm_type": "node", "category": "vasutallomas", "name": "Wien Traisengasse", "amenity": "", "shop": "", "leisure": "", "railway": "halt" }, "geometry": { "type": "Point", "coordinates": [ 16.3830762, 48.2350828 ] } },
{ "type": "Feature", "properties": { "id": 3324474915, "osm_type": "node", "category": "metroallomas", "name": "Handelskai", "amenity": "", "shop": "", "leisure": "", "railway": "station" }, "geometry": { "type": "Point", "coordinates": [ 16.3856637, 48.2418469 ] } },
{ "type": "Feature", "properties": { "id": 3324474926, "osm_type": "node", "category": "vasutallomas", "name": "Wien Handelskai", "amenity": "", "shop": "", "leisure": "", "railway": "halt" }, "geometry": { "type": "Point", "coordinates": [ 16.3852315, 48.2419454 ] } },
{ "type": "Feature", "properties": { "id": 3357492318, "osm_type": "node", "category": "elelmiszer_bolt", "name": "PENNY", "amenity": "", "shop": "supermarket", "leisure": "", "railway": "" }, "geometry": { "type": "Point", "coordinates": [ 16.3907599, 48.2021513 ] } },
{ "type": "Feature", "properties": { "id": 3373656513, "osm_type": "node", "category": "ovoda", "name": "Städtischer Kindergarten", "amenity": "kindergarten", "shop": "", "leisure": "", "railway": "" }, "geometry": { "type": "Point", "coordinates": [ 16.4212028, 48.2304412 ] } },
{ "type": "Feature", "properties": { "id": 3448718017, "osm_type": "node", "category": "egyeb", "name": "Fahrschule Schottenring", "amenity": "driving_school", "shop": "", "leisure": "", "railway": "" }, "geometry": { "type": "Point", "coordinates": [ 16.3691264, 48.217716 ] } },
{ "type": "Feature", "properties": { "id": 3455609163, "osm_type": "node", "category": "elelmiszer_bolt", "name": "PENNY", "amenity": "", "shop": "supermarket", "leisure": "", "railway": "" }, "geometry": { "type": "Point", "coordinates": [ 16.36587, 48.2409405 ] } },
{ "type": "Feature", "properties": { "id": 3485763361, "osm_type": "node", "category": "gyogyszertar", "name": "Arkaden Apotheke", "amenity": "pharmacy", "shop": "", "leisure": "", "railway": "" }, "geometry": { "type": "Point", "coordinates": [ 16.3701047, 48.2360609 ] } },
{ "type": "Feature", "properties": { "id": 3485765654, "osm_type": "node", "category": "gyogyszertar", "name": "Zum heiligen Konstantin", "amenity": "pharmacy", "shop": "", "leisure": "", "railway": "" }, "geometry": { "type": "Point", "coordinates": [ 16.3650671, 48.2388638 ] } },
{ "type": "Feature", "properties": { "id": 3488513518, "osm_type": "node", "category": "vasutallomas", "name": "Wien Franz-Josefs-Bahnhof", "amenity": "", "shop": "", "leisure": "", "railway": "station" }, "geometry": { "type": "Point", "coordinates": [ 16.3611137, 48.2266888 ] } },
{ "type": "Feature", "properties": { "id": 3500528328, "osm_type": "node", "category": "metroallomas", "name": "Stephansplatz", "amenity": "", "shop": "", "leisure": "", "railway": "station" }, "geometry": { "type": "Point", "coordinates": [ 16.3715166, 48.2080838 ] } },
{ "type": "Feature", "properties": { "id": 3503264091, "osm_type": "node", "category": "metroallomas", "name": "Karlsplatz", "amenity": "", "shop": "", "leisure": "", "railway": "station" }, "geometry": { "type": "Point", "coordinates": [ 16.3695975, 48.2003906 ] } },
{ "type": "Feature", "properties": { "id": 3506583351, "osm_type": "node", "category": "orvos_egeszsegugy", "name": "Dr. Sylvia Perl-Convalexius", "amenity": "doctors", "shop": "", "leisure": "", "railway": "" }, "geometry": { "type": "Point", "coordinates": [ 16.3784403, 48.2310596 ] } },
{ "type": "Feature", "properties": { "id": 3508157356, "osm_type": "node", "category": "gyogyszertar", "name": "Meine Marienapotheke", "amenity": "pharmacy", "shop": "", "leisure": "", "railway": "" }, "geometry": { "type": "Point", "coordinates": [ 16.3730406, 48.2332071 ] } },
{ "type": "Feature", "properties": { "id": 3508630328, "osm_type": "node", "category": "elelmiszer_bolt", "name": "Spar", "amenity": "", "shop": "supermarket", "leisure": "", "railway": "" }, "geometry": { "type": "Point", "coordinates": [ 16.3769173, 48.2161272 ] } },
{ "type": "Feature", "properties": { "id": 3512189885, "osm_type": "node", "category": "elelmiszer_bolt", "name": "Billa", "amenity": "", "shop": "supermarket", "leisure": "", "railway": "" }, "geometry": { "type": "Point", "coordinates": [ 16.3825898, 48.2219293 ] } },
{ "type": "Feature", "properties": { "id": 3526433068, "osm_type": "node", "category": "ovoda", "name": "Kinder in Wien", "amenity": "kindergarten", "shop": "", "leisure": "", "railway": "" }, "geometry": { "type": "Point", "coordinates": [ 16.3765274, 48.2139187 ] } },
{ "type": "Feature", "properties": { "id": 3538366198, "osm_type": "node", "category": "vasutallomas", "name": "Rotunde", "amenity": "", "shop": "", "leisure": "", "railway": "halt" }, "geometry": { "type": "Point", "coordinates": [ 16.407693, 48.2094843 ] } },
{ "type": "Feature", "properties": { "id": 3538366199, "osm_type": "node", "category": "vasutallomas", "name": "Vasutallomas", "amenity": "", "shop": "", "leisure": "", "railway": "halt" }, "geometry": { "type": "Point", "coordinates": [ 16.3974783, 48.215725 ] } },
{ "type": "Feature", "properties": { "id": 3541557105, "osm_type": "node", "category": "elelmiszer_bolt", "name": "Sonnentor", "amenity": "", "shop": "convenience", "leisure": "", "railway": "" }, "geometry": { "type": "Point", "coordinates": [ 16.3884136, 48.204182 ] } },
{ "type": "Feature", "properties": { "id": 3575494525, "osm_type": "node", "category": "egyeb", "name": "Fahrschule Karlsplatz", "amenity": "driving_school", "shop": "", "leisure": "", "railway": "" }, "geometry": { "type": "Point", "coordinates": [ 16.3697958, 48.2009645 ] } },
{ "type": "Feature", "properties": { "id": 3603561814, "osm_type": "node", "category": "orvos_egeszsegugy", "name": "Dr. Ulrike Schulz", "amenity": "doctors", "shop": "", "leisure": "", "railway": "" }, "geometry": { "type": "Point", "coordinates": [ 16.376163, 48.2190034 ] } },
{ "type": "Feature", "properties": { "id": 3646171076, "osm_type": "node", "category": "elelmiszer_bolt", "name": "Mutlu Markt & Imbiss", "amenity": "fast_food", "shop": "convenience", "leisure": "", "railway": "" }, "geometry": { "type": "Point", "coordinates": [ 16.3808204, 48.2374045 ] } },
{ "type": "Feature", "properties": { "id": 3658255646, "osm_type": "node", "category": "elelmiszer_bolt", "name": "ETSAN", "amenity": "", "shop": "supermarket", "leisure": "", "railway": "" }, "geometry": { "type": "Point", "coordinates": [ 16.3685115, 48.2314299 ] } },
{ "type": "Feature", "properties": { "id": 3660968631, "osm_type": "node", "category": "elelmiszer_bolt", "name": "УголОК", "amenity": "", "shop": "convenience", "leisure": "", "railway": "" }, "geometry": { "type": "Point", "coordinates": [ 16.3826245, 48.2224032 ] } },
{ "type": "Feature", "properties": { "id": 3710850766, "osm_type": "node", "category": "ovoda", "name": "Kindergarten im Augarten", "amenity": "kindergarten", "shop": "", "leisure": "", "railway": "" }, "geometry": { "type": "Point", "coordinates": [ 16.3788632, 48.2240191 ] } },
{ "type": "Feature", "properties": { "id": 3716638693, "osm_type": "node", "category": "elelmiszer_bolt", "name": "Nah & Frisch Punkt", "amenity": "", "shop": "convenience", "leisure": "", "railway": "" }, "geometry": { "type": "Point", "coordinates": [ 16.4002876, 48.2234531 ] } },
{ "type": "Feature", "properties": { "id": 3718069921, "osm_type": "node", "category": "ovoda", "name": "Privatkindergarten Donauhof", "amenity": "kindergarten", "shop": "", "leisure": "", "railway": "" }, "geometry": { "type": "Point", "coordinates": [ 16.3754756, 48.2152751 ] } },
{ "type": "Feature", "properties": { "id": 3862775877, "osm_type": "node", "category": "egyeb", "name": "Prater, Riesenrad", "amenity": "", "shop": "", "leisure": "", "railway": "train_station_entrance" }, "geometry": { "type": "Point", "coordinates": [ 16.3926675, 48.2183563 ] } },
{ "type": "Feature", "properties": { "id": 3862775888, "osm_type": "node", "category": "egyeb", "name": "Lassallestraße", "amenity": "", "shop": "", "leisure": "", "railway": "train_station_entrance" }, "geometry": { "type": "Point", "coordinates": [ 16.3926294, 48.2188411 ] } },
{ "type": "Feature", "properties": { "id": 3862884256, "osm_type": "node", "category": "metroallomas", "name": "Messe-Prater", "amenity": "", "shop": "", "leisure": "", "railway": "station" }, "geometry": { "type": "Point", "coordinates": [ 16.4049308, 48.2177786 ] } },
{ "type": "Feature", "properties": { "id": 3862884757, "osm_type": "node", "category": "metroallomas", "name": "Praterstern", "amenity": "", "shop": "", "leisure": "", "railway": "station" }, "geometry": { "type": "Point", "coordinates": [ 16.3930785, 48.2197676 ] } },
{ "type": "Feature", "properties": { "id": 3862884758, "osm_type": "node", "category": "metroallomas", "name": "Praterstern", "amenity": "", "shop": "", "leisure": "", "railway": "station" }, "geometry": { "type": "Point", "coordinates": [ 16.3938648, 48.2185293 ] } },
{ "type": "Feature", "properties": { "id": 3872721577, "osm_type": "node", "category": "elelmiszer_bolt", "name": "Bioschwestern", "amenity": "", "shop": "supermarket", "leisure": "", "railway": "" }, "geometry": { "type": "Point", "coordinates": [ 16.3872857, 48.2008496 ] } },
{ "type": "Feature", "properties": { "id": 3990603985, "osm_type": "node", "category": "orvos_egeszsegugy", "name": "Diagnosezentrum Brigittenau", "amenity": "doctors", "shop": "", "leisure": "", "railway": "" }, "geometry": { "type": "Point", "coordinates": [ 16.3838558, 48.2359188 ] } },
{ "type": "Feature", "properties": { "id": 3993298632, "osm_type": "node", "category": "metroallomas", "name": "Stadtpark", "amenity": "", "shop": "", "leisure": "", "railway": "station" }, "geometry": { "type": "Point", "coordinates": [ 16.3797236, 48.2028863 ] } },
{ "type": "Feature", "properties": { "id": 4003901212, "osm_type": "node", "category": "metroallomas", "name": "Friedensbrücke", "amenity": "", "shop": "", "leisure": "", "railway": "station" }, "geometry": { "type": "Point", "coordinates": [ 16.3639754, 48.2278374 ] } },
{ "type": "Feature", "properties": { "id": 4003901213, "osm_type": "node", "category": "metroallomas", "name": "Roßauer Lände", "amenity": "", "shop": "", "leisure": "", "railway": "station" }, "geometry": { "type": "Point", "coordinates": [ 16.3675722, 48.2223375 ] } },
{ "type": "Feature", "properties": { "id": 4003949409, "osm_type": "node", "category": "metroallomas", "name": "Landstraße", "amenity": "", "shop": "", "leisure": "", "railway": "station" }, "geometry": { "type": "Point", "coordinates": [ 16.3848479, 48.206917 ] } },
{ "type": "Feature", "properties": { "id": 4003977155, "osm_type": "node", "category": "metroallomas", "name": "Schottenring", "amenity": "", "shop": "", "leisure": "", "railway": "station" }, "geometry": { "type": "Point", "coordinates": [ 16.3724555, 48.2174157 ] } },
{ "type": "Feature", "properties": { "id": 4003977156, "osm_type": "node", "category": "metroallomas", "name": "Schwedenplatz", "amenity": "", "shop": "", "leisure": "", "railway": "station" }, "geometry": { "type": "Point", "coordinates": [ 16.3786747, 48.2117112 ] } },
{ "type": "Feature", "properties": { "id": 4005859773, "osm_type": "node", "category": "orvos_egeszsegugy", "name": "Dr. Andrea Stemberger", "amenity": "doctors", "shop": "", "leisure": "", "railway": "" }, "geometry": { "type": "Point", "coordinates": [ 16.3670872, 48.241232 ] } },
{ "type": "Feature", "properties": { "id": 4031825347, "osm_type": "node", "category": "elelmiszer_bolt", "name": "Supermari'", "amenity": "", "shop": "convenience", "leisure": "", "railway": "" }, "geometry": { "type": "Point", "coordinates": [ 16.3765674, 48.2193096 ] } },
{ "type": "Feature", "properties": { "id": 4045394754, "osm_type": "node", "category": "elelmiszer_bolt", "name": "Yenbo", "amenity": "", "shop": "supermarket", "leisure": "", "railway": "" }, "geometry": { "type": "Point", "coordinates": [ 16.3824479, 48.2228947 ] } },
{ "type": "Feature", "properties": { "id": 4073027290, "osm_type": "node", "category": "metroallomas", "name": "Stadion", "amenity": "", "shop": "", "leisure": "", "railway": "station" }, "geometry": { "type": "Point", "coordinates": [ 16.4204937, 48.2104985 ] } },
{ "type": "Feature", "properties": { "id": 4073135889, "osm_type": "node", "category": "metroallomas", "name": "Donaumarina", "amenity": "", "shop": "", "leisure": "", "railway": "station" }, "geometry": { "type": "Point", "coordinates": [ 16.431461, 48.2063838 ] } },
{ "type": "Feature", "properties": { "id": 4073146389, "osm_type": "node", "category": "metroallomas", "name": "Krieau", "amenity": "", "shop": "", "leisure": "", "railway": "station" }, "geometry": { "type": "Point", "coordinates": [ 16.4137446, 48.2146912 ] } },
{ "type": "Feature", "properties": { "id": 4078094389, "osm_type": "node", "category": "metroallomas", "name": "Donaustadtbrücke", "amenity": "", "shop": "", "leisure": "", "railway": "station" }, "geometry": { "type": "Point", "coordinates": [ 16.440166, 48.2117999 ] } },
{ "type": "Feature", "properties": { "id": 4086541541, "osm_type": "node", "category": "metroallomas", "name": "Taborstraße", "amenity": "", "shop": "", "leisure": "", "railway": "station" }, "geometry": { "type": "Point", "coordinates": [ 16.3813216, 48.2192181 ] } },
{ "type": "Feature", "properties": { "id": 4090479292, "osm_type": "node", "category": "ovoda", "name": "Juwa Bildungs & Beratungszentrum Kindergarten", "amenity": "kindergarten", "shop": "", "leisure": "", "railway": "" }, "geometry": { "type": "Point", "coordinates": [ 16.4029441, 48.2203048 ] } },
{ "type": "Feature", "properties": { "id": 4090484837, "osm_type": "node", "category": "elelmiszer_bolt", "name": "Feinkost Julia", "amenity": "", "shop": "convenience", "leisure": "", "railway": "" }, "geometry": { "type": "Point", "coordinates": [ 16.4021195, 48.2216069 ] } },
{ "type": "Feature", "properties": { "id": 4099979134, "osm_type": "node", "category": "elelmiszer_bolt", "name": "Abu Mahmoud Market", "amenity": "", "shop": "convenience", "leisure": "", "railway": "" }, "geometry": { "type": "Point", "coordinates": [ 16.3996753, 48.2226496 ] } },
{ "type": "Feature", "properties": { "id": 4099979136, "osm_type": "node", "category": "elelmiszer_bolt", "name": "Sportnahrung4Friends", "amenity": "", "shop": "convenience", "leisure": "", "railway": "" }, "geometry": { "type": "Point", "coordinates": [ 16.39959, 48.2225975 ] } },
{ "type": "Feature", "properties": { "id": 4100575553, "osm_type": "node", "category": "orvos_egeszsegugy", "name": "Orthopädie Fachärzte Praterstern", "amenity": "doctors", "shop": "", "leisure": "", "railway": "" }, "geometry": { "type": "Point", "coordinates": [ 16.398949, 48.2181933 ] } },
{ "type": "Feature", "properties": { "id": 4100575571, "osm_type": "node", "category": "egyeb", "name": "VANA GmbH", "amenity": "veterinary_pharmacy", "shop": "", "leisure": "", "railway": "" }, "geometry": { "type": "Point", "coordinates": [ 16.3978002, 48.2209187 ] } },
{ "type": "Feature", "properties": { "id": 4100575575, "osm_type": "node", "category": "orvos_egeszsegugy", "name": "HNO-Ordination Dr. Brand", "amenity": "doctors", "shop": "", "leisure": "", "railway": "" }, "geometry": { "type": "Point", "coordinates": [ 16.3972666, 48.2213307 ] } },
{ "type": "Feature", "properties": { "id": 4100575578, "osm_type": "node", "category": "elelmiszer_bolt", "name": "Orientalische ATCO Spezialitäten", "amenity": "", "shop": "convenience", "leisure": "", "railway": "" }, "geometry": { "type": "Point", "coordinates": [ 16.3963534, 48.2208526 ] } },
{ "type": "Feature", "properties": { "id": 4100646298, "osm_type": "node", "category": "ovoda", "name": "Kindergruppe Mini Art 3", "amenity": "kindergarten", "shop": "", "leisure": "", "railway": "" }, "geometry": { "type": "Point", "coordinates": [ 16.4090498, 48.2182924 ] } },
{ "type": "Feature", "properties": { "id": 4120415160, "osm_type": "node", "category": "orvos_egeszsegugy", "name": "med-20", "amenity": "doctors", "shop": "", "leisure": "", "railway": "" }, "geometry": { "type": "Point", "coordinates": [ 16.3650617, 48.2364058 ] } },
{ "type": "Feature", "properties": { "id": 4123615290, "osm_type": "node", "category": "metroallomas", "name": "Museumsquartier", "amenity": "", "shop": "", "leisure": "", "railway": "station" }, "geometry": { "type": "Point", "coordinates": [ 16.3612175, 48.2027122 ] } },
{ "type": "Feature", "properties": { "id": 4161088301, "osm_type": "node", "category": "metroallomas", "name": "Alte Donau", "amenity": "", "shop": "", "leisure": "", "railway": "station" }, "geometry": { "type": "Point", "coordinates": [ 16.4247729, 48.2382709 ] } },
{ "type": "Feature", "properties": { "id": 4169259989, "osm_type": "node", "category": "metroallomas", "name": "Kaisermühlen-VIC", "amenity": "", "shop": "", "leisure": "", "railway": "station" }, "geometry": { "type": "Point", "coordinates": [ 16.4164679, 48.2328534 ] } },
{ "type": "Feature", "properties": { "id": 4169472889, "osm_type": "node", "category": "metroallomas", "name": "Donauinsel", "amenity": "", "shop": "", "leisure": "", "railway": "station" }, "geometry": { "type": "Point", "coordinates": [ 16.4113907, 48.2292153 ] } },
{ "type": "Feature", "properties": { "id": 4169757308, "osm_type": "node", "category": "metroallomas", "name": "Vorgartenstraße", "amenity": "", "shop": "", "leisure": "", "railway": "station" }, "geometry": { "type": "Point", "coordinates": [ 16.4010515, 48.2236245 ] } },
{ "type": "Feature", "properties": { "id": 4174037289, "osm_type": "node", "category": "metroallomas", "name": "Nestroyplatz", "amenity": "", "shop": "", "leisure": "", "railway": "station" }, "geometry": { "type": "Point", "coordinates": [ 16.3854553, 48.2152547 ] } },
{ "type": "Feature", "properties": { "id": 4185936040, "osm_type": "node", "category": "egyeb", "name": "Christiane HUMER Die Nachhilfe", "amenity": "prep_school", "shop": "", "leisure": "", "railway": "" }, "geometry": { "type": "Point", "coordinates": [ 16.3666163, 48.2274731 ] } },
{ "type": "Feature", "properties": { "id": 4212295553, "osm_type": "node", "category": "orvos_egeszsegugy", "name": "Praxisgemeinschaft", "amenity": "doctors", "shop": "", "leisure": "", "railway": "" }, "geometry": { "type": "Point", "coordinates": [ 16.3609009, 48.2208271 ] } },
{ "type": "Feature", "properties": { "id": 4214031543, "osm_type": "node", "category": "orvos_egeszsegugy", "name": "Medicum", "amenity": "clinic", "shop": "", "leisure": "", "railway": "" }, "geometry": { "type": "Point", "coordinates": [ 16.399193, 48.225428 ] } },
{ "type": "Feature", "properties": { "id": 4247049470, "osm_type": "node", "category": "orvos_egeszsegugy", "name": "Ordi ums Eck", "amenity": "doctors", "shop": "", "leisure": "", "railway": "" }, "geometry": { "type": "Point", "coordinates": [ 16.3840183, 48.2225316 ] } },
{ "type": "Feature", "properties": { "id": 4247049473, "osm_type": "node", "category": "egyeb", "name": "Fahrschule Praterstern", "amenity": "driving_school", "shop": "", "leisure": "", "railway": "" }, "geometry": { "type": "Point", "coordinates": [ 16.3898917, 48.2195624 ] } },
{ "type": "Feature", "properties": { "id": 4281932864, "osm_type": "node", "category": "metroallomas", "name": "Jägerstraße", "amenity": "", "shop": "", "leisure": "", "railway": "station" }, "geometry": { "type": "Point", "coordinates": [ 16.3686815, 48.2352243 ] } },
{ "type": "Feature", "properties": { "id": 4281939061, "osm_type": "node", "category": "metroallomas", "name": "Dresdner Straße", "amenity": "", "shop": "", "leisure": "", "railway": "station" }, "geometry": { "type": "Point", "coordinates": [ 16.3801081, 48.2372439 ] } },
{ "type": "Feature", "properties": { "id": 4319805075, "osm_type": "node", "category": "orvos_egeszsegugy", "name": "EyeLaser Augenlaser", "amenity": "doctors", "shop": "", "leisure": "", "railway": "" }, "geometry": { "type": "Point", "coordinates": [ 16.3674206, 48.2022755 ] } },
{ "type": "Feature", "properties": { "id": 4338585661, "osm_type": "node", "category": "ovoda", "name": "Kindergarten Wagramer Straße", "amenity": "kindergarten", "shop": "", "leisure": "", "railway": "" }, "geometry": { "type": "Point", "coordinates": [ 16.4237053, 48.2365063 ] } },
{ "type": "Feature", "properties": { "id": 4338585663, "osm_type": "node", "category": "orvos_egeszsegugy", "name": "Berndt Mühlbauer", "amenity": "doctors", "shop": "", "leisure": "", "railway": "" }, "geometry": { "type": "Point", "coordinates": [ 16.4237782, 48.2362839 ] } },
{ "type": "Feature", "properties": { "id": 4338585668, "osm_type": "node", "category": "orvos_egeszsegugy", "name": "Dr. Eva Ries", "amenity": "doctors", "shop": "", "leisure": "", "railway": "" }, "geometry": { "type": "Point", "coordinates": [ 16.423796, 48.2363158 ] } },
{ "type": "Feature", "properties": { "id": 4338646169, "osm_type": "node", "category": "orvos_egeszsegugy", "name": "Dr. Maha Dawoud", "amenity": "doctors", "shop": "", "leisure": "", "railway": "" }, "geometry": { "type": "Point", "coordinates": [ 16.4313397, 48.2403748 ] } },
{ "type": "Feature", "properties": { "id": 4347738147, "osm_type": "node", "category": "metroallomas", "name": "Schottentor", "amenity": "", "shop": "", "leisure": "", "railway": "station" }, "geometry": { "type": "Point", "coordinates": [ 16.363034, 48.2151127 ] } },
{ "type": "Feature", "properties": { "id": 4348336039, "osm_type": "node", "category": "metroallomas", "name": "Herrengasse", "amenity": "", "shop": "", "leisure": "", "railway": "station" }, "geometry": { "type": "Point", "coordinates": [ 16.3651022, 48.2093213 ] } },
{ "type": "Feature", "properties": { "id": 4348336040, "osm_type": "node", "category": "metroallomas", "name": "Stubentor", "amenity": "", "shop": "", "leisure": "", "railway": "station" }, "geometry": { "type": "Point", "coordinates": [ 16.3792758, 48.2069483 ] } },
{ "type": "Feature", "properties": { "id": 4450879085, "osm_type": "node", "category": "ovoda", "name": "Sidra", "amenity": "kindergarten", "shop": "", "leisure": "", "railway": "" }, "geometry": { "type": "Point", "coordinates": [ 16.3607816, 48.2415661 ] } },
{ "type": "Feature", "properties": { "id": 4472339595, "osm_type": "node", "category": "elelmiszer_bolt", "name": "Hofer", "amenity": "", "shop": "supermarket", "leisure": "", "railway": "" }, "geometry": { "type": "Point", "coordinates": [ 16.3935756, 48.2058779 ] } },
{ "type": "Feature", "properties": { "id": 4485232338, "osm_type": "node", "category": "orvos_egeszsegugy", "name": "Imaging Praterstern", "amenity": "doctors", "shop": "", "leisure": "", "railway": "" }, "geometry": { "type": "Point", "coordinates": [ 16.3962824, 48.2215281 ] } },
{ "type": "Feature", "properties": { "id": 4532931619, "osm_type": "node", "category": "elelmiszer_bolt", "name": "Se&Paş", "amenity": "", "shop": "supermarket", "leisure": "", "railway": "" }, "geometry": { "type": "Point", "coordinates": [ 16.37056, 48.2310328 ] } },
{ "type": "Feature", "properties": { "id": 4560843526, "osm_type": "node", "category": "metroallomas", "name": "Karlsplatz", "amenity": "", "shop": "", "leisure": "", "railway": "station" }, "geometry": { "type": "Point", "coordinates": [ 16.3691111, 48.2015527 ] } },
{ "type": "Feature", "properties": { "id": 4560843527, "osm_type": "node", "category": "metroallomas", "name": "Karlsplatz", "amenity": "", "shop": "", "leisure": "", "railway": "station" }, "geometry": { "type": "Point", "coordinates": [ 16.3691424, 48.2009961 ] } },
{ "type": "Feature", "properties": { "id": 4560843528, "osm_type": "node", "category": "metroallomas", "name": "Schottenring", "amenity": "", "shop": "", "leisure": "", "railway": "station" }, "geometry": { "type": "Point", "coordinates": [ 16.3719453, 48.2165609 ] } },
{ "type": "Feature", "properties": { "id": 4560869524, "osm_type": "node", "category": "metroallomas", "name": "Schwedenplatz", "amenity": "", "shop": "", "leisure": "", "railway": "station" }, "geometry": { "type": "Point", "coordinates": [ 16.377606, 48.2117924 ] } },
{ "type": "Feature", "properties": { "id": 4560869722, "osm_type": "node", "category": "metroallomas", "name": "Stephansplatz", "amenity": "", "shop": "", "leisure": "", "railway": "station" }, "geometry": { "type": "Point", "coordinates": [ 16.3720438, 48.2084639 ] } },
{ "type": "Feature", "properties": { "id": 4598247454, "osm_type": "node", "category": "orvos_egeszsegugy", "name": "Primärversorgungszentrum Medizin Augarten", "amenity": "clinic", "shop": "", "leisure": "", "railway": "" }, "geometry": { "type": "Point", "coordinates": [ 16.3713387, 48.2198054 ] } },
{ "type": "Feature", "properties": { "id": 4599966683, "osm_type": "node", "category": "ovoda", "name": "Kinder in Wien", "amenity": "kindergarten", "shop": "", "leisure": "", "railway": "" }, "geometry": { "type": "Point", "coordinates": [ 16.4122252, 48.2326926 ] } },
{ "type": "Feature", "properties": { "id": 4797079179, "osm_type": "node", "category": "gyogyszertar", "name": "Apotheke am Handelskai", "amenity": "pharmacy", "shop": "", "leisure": "", "railway": "" }, "geometry": { "type": "Point", "coordinates": [ 16.3946143, 48.2337606 ] } },
{ "type": "Feature", "properties": { "id": 4800617574, "osm_type": "node", "category": "elelmiszer_bolt", "name": "Spar", "amenity": "", "shop": "supermarket", "leisure": "", "railway": "" }, "geometry": { "type": "Point", "coordinates": [ 16.3832316, 48.2248707 ] } },
{ "type": "Feature", "properties": { "id": 4827814025, "osm_type": "node", "category": "elelmiszer_bolt", "name": "Buongustaio", "amenity": "", "shop": "convenience", "leisure": "", "railway": "" }, "geometry": { "type": "Point", "coordinates": [ 16.3743003, 48.2071021 ] } },
{ "type": "Feature", "properties": { "id": 4829450273, "osm_type": "node", "category": "elelmiszer_bolt", "name": "Shefa Markt", "amenity": "", "shop": "supermarket", "leisure": "", "railway": "" }, "geometry": { "type": "Point", "coordinates": [ 16.3863504, 48.2199465 ] } },
{ "type": "Feature", "properties": { "id": 4835342632, "osm_type": "node", "category": "egyeb", "name": "Engerthstraße", "amenity": "", "shop": "", "leisure": "", "railway": "train_station_entrance" }, "geometry": { "type": "Point", "coordinates": [ 16.3847922, 48.2417399 ] } },
{ "type": "Feature", "properties": { "id": 4846007576, "osm_type": "node", "category": "egyeb", "name": "Stadtpark", "amenity": "", "shop": "", "leisure": "", "railway": "train_station_entrance" }, "geometry": { "type": "Point", "coordinates": [ 16.3836997, 48.2043212 ] } },
{ "type": "Feature", "properties": { "id": 4855519043, "osm_type": "node", "category": "egyeb", "name": "Landstraßer Hauptstraße", "amenity": "", "shop": "", "leisure": "", "railway": "train_station_entrance" }, "geometry": { "type": "Point", "coordinates": [ 16.3849753, 48.2062563 ] } },
{ "type": "Feature", "properties": { "id": 4855519044, "osm_type": "node", "category": "egyeb", "name": "Landstraßer Hauptstraße", "amenity": "", "shop": "", "leisure": "", "railway": "train_station_entrance" }, "geometry": { "type": "Point", "coordinates": [ 16.3847512, 48.2063265 ] } },
{ "type": "Feature", "properties": { "id": 4855714194, "osm_type": "node", "category": "egyeb", "name": "Landstraßer Hauptstraße", "amenity": "", "shop": "", "leisure": "", "railway": "train_station_entrance" }, "geometry": { "type": "Point", "coordinates": [ 16.3843958, 48.2055477 ] } },
{ "type": "Feature", "properties": { "id": 4855714197, "osm_type": "node", "category": "egyeb", "name": "Landstraßer Hauptstraße", "amenity": "", "shop": "", "leisure": "", "railway": "train_station_entrance" }, "geometry": { "type": "Point", "coordinates": [ 16.3842783, 48.205586 ] } },
{ "type": "Feature", "properties": { "id": 4864850929, "osm_type": "node", "category": "egyeb", "name": "CAT", "amenity": "", "shop": "", "leisure": "", "railway": "train_station_entrance" }, "geometry": { "type": "Point", "coordinates": [ 16.3854892, 48.2071639 ] } },
{ "type": "Feature", "properties": { "id": 4874666834, "osm_type": "node", "category": "egyeb", "name": "Nordbahnstraße", "amenity": "", "shop": "", "leisure": "", "railway": "train_station_entrance" }, "geometry": { "type": "Point", "coordinates": [ 16.3914986, 48.2198209 ] } },
{ "type": "Feature", "properties": { "id": 4888321818, "osm_type": "node", "category": "ovoda", "name": "Österreichisch-ägyptische Kinderkrippe", "amenity": "kindergarten", "shop": "", "leisure": "", "railway": "" }, "geometry": { "type": "Point", "coordinates": [ 16.3688079, 48.2297444 ] } },
{ "type": "Feature", "properties": { "id": 5012969121, "osm_type": "node", "category": "elelmiszer_bolt", "name": "Spar", "amenity": "", "shop": "supermarket", "leisure": "", "railway": "" }, "geometry": { "type": "Point", "coordinates": [ 16.3799658, 48.2071736 ] } },
{ "type": "Feature", "properties": { "id": 5043372682, "osm_type": "node", "category": "orvos_egeszsegugy", "name": "Kiz Augarten", "amenity": "clinic", "shop": "", "leisure": "", "railway": "" }, "geometry": { "type": "Point", "coordinates": [ 16.3851143, 48.2215211 ] } },
{ "type": "Feature", "properties": { "id": 5128681925, "osm_type": "node", "category": "elelmiszer_bolt", "name": "Billa Plus", "amenity": "", "shop": "supermarket", "leisure": "", "railway": "" }, "geometry": { "type": "Point", "coordinates": [ 16.3917495, 48.2029482 ] } },
{ "type": "Feature", "properties": { "id": 5218215107, "osm_type": "node", "category": "iskola", "name": "Segelschule Hofbauer", "amenity": "school", "shop": "", "leisure": "", "railway": "" }, "geometry": { "type": "Point", "coordinates": [ 16.4270242, 48.2408691 ] } },
{ "type": "Feature", "properties": { "id": 5241730755, "osm_type": "node", "category": "elelmiszer_bolt", "name": "Billa Unterwegs", "amenity": "", "shop": "convenience", "leisure": "", "railway": "" }, "geometry": { "type": "Point", "coordinates": [ 16.3615166, 48.2417343 ] } },
{ "type": "Feature", "properties": { "id": 5265213671, "osm_type": "node", "category": "elelmiszer_bolt", "name": "Spar", "amenity": "", "shop": "supermarket", "leisure": "", "railway": "" }, "geometry": { "type": "Point", "coordinates": [ 16.3831806, 48.214185 ] } },
{ "type": "Feature", "properties": { "id": 5268705837, "osm_type": "node", "category": "orvos_egeszsegugy", "name": "Prof. Priv.-Doz. Dr. M. Hoke FA für Innere Medizin und Angiologie", "amenity": "doctors", "shop": "", "leisure": "", "railway": "" }, "geometry": { "type": "Point", "coordinates": [ 16.3906559, 48.2002264 ] } },
{ "type": "Feature", "properties": { "id": 5282556253, "osm_type": "node", "category": "gyogyszertar", "name": "IZD Tower Apotheke", "amenity": "pharmacy", "shop": "", "leisure": "", "railway": "" }, "geometry": { "type": "Point", "coordinates": [ 16.4215645, 48.2350974 ] } },
{ "type": "Feature", "properties": { "id": 5296471457, "osm_type": "node", "category": "orvos_egeszsegugy", "name": "Ärztezentrum Dr. Hai Duong Nguyen-Huber", "amenity": "doctors", "shop": "", "leisure": "", "railway": "" }, "geometry": { "type": "Point", "coordinates": [ 16.3620094, 48.2210338 ] } },
{ "type": "Feature", "properties": { "id": 5299907622, "osm_type": "node", "category": "elelmiszer_bolt", "name": "Ellada - Greek Market", "amenity": "", "shop": "convenience", "leisure": "", "railway": "" }, "geometry": { "type": "Point", "coordinates": [ 16.3770398, 48.2107203 ] } },
{ "type": "Feature", "properties": { "id": 5312381524, "osm_type": "node", "category": "gyogyszertar", "name": "Apotheke zur Kaisermühle", "amenity": "pharmacy", "shop": "", "leisure": "", "railway": "" }, "geometry": { "type": "Point", "coordinates": [ 16.4238727, 48.223403 ] } },
{ "type": "Feature", "properties": { "id": 5361390565, "osm_type": "node", "category": "orvos_egeszsegugy", "name": "Dr. Brigitte Wiesinger-Dimter", "amenity": "doctors", "shop": "", "leisure": "", "railway": "" }, "geometry": { "type": "Point", "coordinates": [ 16.3754385, 48.2153367 ] } },
{ "type": "Feature", "properties": { "id": 5393749386, "osm_type": "node", "category": "orvos_egeszsegugy", "name": "Dr Nikolaus Schaumann", "amenity": "doctors", "shop": "", "leisure": "", "railway": "" }, "geometry": { "type": "Point", "coordinates": [ 16.3866097, 48.2039962 ] } },
{ "type": "Feature", "properties": { "id": 5595728245, "osm_type": "node", "category": "elelmiszer_bolt", "name": "Billa", "amenity": "", "shop": "supermarket", "leisure": "", "railway": "" }, "geometry": { "type": "Point", "coordinates": [ 16.4119927, 48.2122027 ] } },
{ "type": "Feature", "properties": { "id": 5698728342, "osm_type": "node", "category": "elelmiszer_bolt", "name": "Hofer", "amenity": "", "shop": "supermarket", "leisure": "", "railway": "" }, "geometry": { "type": "Point", "coordinates": [ 16.3931116, 48.2239311 ] } },
{ "type": "Feature", "properties": { "id": 5730357619, "osm_type": "node", "category": "elelmiszer_bolt", "name": "Alles Torte", "amenity": "", "shop": "supermarket", "leisure": "", "railway": "" }, "geometry": { "type": "Point", "coordinates": [ 16.3824821, 48.2195556 ] } },
{ "type": "Feature", "properties": { "id": 5730358521, "osm_type": "node", "category": "orvos_egeszsegugy", "name": "HNO Augarten", "amenity": "doctors", "shop": "", "leisure": "", "railway": "" }, "geometry": { "type": "Point", "coordinates": [ 16.3828718, 48.2194515 ] } },
{ "type": "Feature", "properties": { "id": 5737602904, "osm_type": "node", "category": "elelmiszer_bolt", "name": "Koscher Minimarkt", "amenity": "", "shop": "convenience", "leisure": "", "railway": "" }, "geometry": { "type": "Point", "coordinates": [ 16.3769085, 48.2155353 ] } },
{ "type": "Feature", "properties": { "id": 5742093156, "osm_type": "node", "category": "orvos_egeszsegugy", "name": "Dr. Helmut Leonhartsberger", "amenity": "doctors", "shop": "", "leisure": "", "railway": "" }, "geometry": { "type": "Point", "coordinates": [ 16.3814624, 48.213017 ] } },
{ "type": "Feature", "properties": { "id": 5781746318, "osm_type": "node", "category": "elelmiszer_bolt", "name": "Spar", "amenity": "", "shop": "supermarket", "leisure": "", "railway": "" }, "geometry": { "type": "Point", "coordinates": [ 16.3645703, 48.226667 ] } },
{ "type": "Feature", "properties": { "id": 5831611076, "osm_type": "node", "category": "elelmiszer_bolt", "name": "Billa", "amenity": "", "shop": "supermarket", "leisure": "", "railway": "" }, "geometry": { "type": "Point", "coordinates": [ 16.4014626, 48.2013739 ] } },
{ "type": "Feature", "properties": { "id": 5850666786, "osm_type": "node", "category": "orvos_egeszsegugy", "name": "Schmerzteam", "amenity": "doctors", "shop": "", "leisure": "", "railway": "" }, "geometry": { "type": "Point", "coordinates": [ 16.3703453, 48.2121814 ] } },
{ "type": "Feature", "properties": { "id": 5853039088, "osm_type": "node", "category": "orvos_egeszsegugy", "name": "Dr. Bianca Bauer", "amenity": "doctors", "shop": "", "leisure": "", "railway": "" }, "geometry": { "type": "Point", "coordinates": [ 16.3849621, 48.2040427 ] } },
{ "type": "Feature", "properties": { "id": 5893326991, "osm_type": "node", "category": "orvos_egeszsegugy", "name": "Dr. Karin Wurzer", "amenity": "doctors", "shop": "", "leisure": "", "railway": "" }, "geometry": { "type": "Point", "coordinates": [ 16.3718847, 48.2298758 ] } },
{ "type": "Feature", "properties": { "id": 5893326992, "osm_type": "node", "category": "orvos_egeszsegugy", "name": "Zahnarzt Dr. Hannah Grafl, M.Sc.", "amenity": "doctors", "shop": "", "leisure": "", "railway": "" }, "geometry": { "type": "Point", "coordinates": [ 16.3717825, 48.2298491 ] } },
{ "type": "Feature", "properties": { "id": 5894642711, "osm_type": "node", "category": "orvos_egeszsegugy", "name": "Dr. Susi Pachala", "amenity": "doctors", "shop": "", "leisure": "", "railway": "" }, "geometry": { "type": "Point", "coordinates": [ 16.3750317, 48.2307354 ] } },
{ "type": "Feature", "properties": { "id": 5929538868, "osm_type": "node", "category": "orvos_egeszsegugy", "name": "Urologie Wallensteinstraße", "amenity": "doctors", "shop": "", "leisure": "", "railway": "" }, "geometry": { "type": "Point", "coordinates": [ 16.3727938, 48.2302838 ] } },
{ "type": "Feature", "properties": { "id": 5966270143, "osm_type": "node", "category": "orvos_egeszsegugy", "name": "Institut für physikalische Medizin Brigittenau", "amenity": "clinic", "shop": "", "leisure": "", "railway": "" }, "geometry": { "type": "Point", "coordinates": [ 16.3773846, 48.2385589 ] } },
{ "type": "Feature", "properties": { "id": 6030822084, "osm_type": "node", "category": "orvos_egeszsegugy", "name": "Antje Schebesta", "amenity": "doctors", "shop": "", "leisure": "", "railway": "" }, "geometry": { "type": "Point", "coordinates": [ 16.362171, 48.2265752 ] } },
{ "type": "Feature", "properties": { "id": 6082609863, "osm_type": "node", "category": "ovoda", "name": "Betriebskindergarten WU Wien", "amenity": "kindergarten", "shop": "", "leisure": "", "railway": "" }, "geometry": { "type": "Point", "coordinates": [ 16.4105876, 48.2117328 ] } },
{ "type": "Feature", "properties": { "id": 6235802675, "osm_type": "node", "category": "elelmiszer_bolt", "name": "Hofer", "amenity": "", "shop": "supermarket", "leisure": "", "railway": "" }, "geometry": { "type": "Point", "coordinates": [ 16.4245912, 48.2238695 ] } },
{ "type": "Feature", "properties": { "id": 6276937950, "osm_type": "node", "category": "egyeb", "name": "Easy Drivers", "amenity": "driving_school", "shop": "", "leisure": "", "railway": "" }, "geometry": { "type": "Point", "coordinates": [ 16.3704308, 48.2297998 ] } },
{ "type": "Feature", "properties": { "id": 6342770486, "osm_type": "node", "category": "orvos_egeszsegugy", "name": "Dr. Günther Rainer", "amenity": "doctors", "shop": "", "leisure": "", "railway": "" }, "geometry": { "type": "Point", "coordinates": [ 16.3783365, 48.216993 ] } },
{ "type": "Feature", "properties": { "id": 6373081103, "osm_type": "node", "category": "elelmiszer_bolt", "name": "Wiener Seife", "amenity": "", "shop": "convenience", "leisure": "", "railway": "" }, "geometry": { "type": "Point", "coordinates": [ 16.3661767, 48.2092579 ] } },
{ "type": "Feature", "properties": { "id": 6384372380, "osm_type": "node", "category": "orvos_egeszsegugy", "name": "Augenärztliches Zentrum Innere Stadt", "amenity": "doctors", "shop": "", "leisure": "", "railway": "" }, "geometry": { "type": "Point", "coordinates": [ 16.3711403, 48.203863 ] } },
{ "type": "Feature", "properties": { "id": 6392025044, "osm_type": "node", "category": "elelmiszer_bolt", "name": "Hofer", "amenity": "", "shop": "supermarket", "leisure": "", "railway": "" }, "geometry": { "type": "Point", "coordinates": [ 16.4096895, 48.2176888 ] } },
{ "type": "Feature", "properties": { "id": 6399481458, "osm_type": "node", "category": "elelmiszer_bolt", "name": "Lidl", "amenity": "", "shop": "supermarket", "leisure": "", "railway": "" }, "geometry": { "type": "Point", "coordinates": [ 16.4090855, 48.218796 ] } },
{ "type": "Feature", "properties": { "id": 6480734731, "osm_type": "node", "category": "orvos_egeszsegugy", "name": "Dr. Eva Zunder", "amenity": "doctors", "shop": "", "leisure": "", "railway": "" }, "geometry": { "type": "Point", "coordinates": [ 16.3634479, 48.2226659 ] } },
{ "type": "Feature", "properties": { "id": 6482762549, "osm_type": "node", "category": "elelmiszer_bolt", "name": "Natur und Reform", "amenity": "", "shop": "convenience", "leisure": "", "railway": "" }, "geometry": { "type": "Point", "coordinates": [ 16.3877886, 48.2162273 ] } },
{ "type": "Feature", "properties": { "id": 6488004369, "osm_type": "node", "category": "egyeb", "name": "Fahrschule RAINER MC", "amenity": "driving_school", "shop": "", "leisure": "", "railway": "" }, "geometry": { "type": "Point", "coordinates": [ 16.385188, 48.2409287 ] } },
{ "type": "Feature", "properties": { "id": 6520609405, "osm_type": "node", "category": "orvos_egeszsegugy", "name": "Dr. Vavra", "amenity": "doctors", "shop": "", "leisure": "", "railway": "" }, "geometry": { "type": "Point", "coordinates": [ 16.3856559, 48.2150284 ] } },
{ "type": "Feature", "properties": { "id": 6547913641, "osm_type": "node", "category": "orvos_egeszsegugy", "name": "Prof. Dr. Guido Budik", "amenity": "doctors", "shop": "", "leisure": "", "railway": "" }, "geometry": { "type": "Point", "coordinates": [ 16.3834188, 48.2010056 ] } },
{ "type": "Feature", "properties": { "id": 6549099772, "osm_type": "node", "category": "orvos_egeszsegugy", "name": "Dr. Herbert Schuster", "amenity": "doctors", "shop": "", "leisure": "", "railway": "" }, "geometry": { "type": "Point", "coordinates": [ 16.3875414, 48.2020887 ] } },
{ "type": "Feature", "properties": { "id": 6549135365, "osm_type": "node", "category": "orvos_egeszsegugy", "name": "Dr. Kerstin Fink", "amenity": "doctors", "shop": "", "leisure": "", "railway": "" }, "geometry": { "type": "Point", "coordinates": [ 16.3835844, 48.2005059 ] } },
{ "type": "Feature", "properties": { "id": 6549135366, "osm_type": "node", "category": "orvos_egeszsegugy", "name": "Dr. Roland Hofer", "amenity": "doctors", "shop": "", "leisure": "", "railway": "" }, "geometry": { "type": "Point", "coordinates": [ 16.3836059, 48.2004559 ] } },
{ "type": "Feature", "properties": { "id": 6555519235, "osm_type": "node", "category": "orvos_egeszsegugy", "name": "Auge im Dritten", "amenity": "doctors", "shop": "", "leisure": "", "railway": "" }, "geometry": { "type": "Point", "coordinates": [ 16.3875776, 48.200803 ] } },
{ "type": "Feature", "properties": { "id": 6563046219, "osm_type": "node", "category": "orvos_egeszsegugy", "name": "Dr. Shahia Ghobadi", "amenity": "doctors", "shop": "", "leisure": "", "railway": "" }, "geometry": { "type": "Point", "coordinates": [ 16.3835151, 48.2008406 ] } },
{ "type": "Feature", "properties": { "id": 6844683501, "osm_type": "node", "category": "vasutallomas", "name": "Wien Mitte CAT", "amenity": "", "shop": "", "leisure": "", "railway": "halt" }, "geometry": { "type": "Point", "coordinates": [ 16.3866505, 48.2079958 ] } },
{ "type": "Feature", "properties": { "id": 6854850512, "osm_type": "node", "category": "orvos_egeszsegugy", "name": "Kardiovital Ordination für Integrative Medizin", "amenity": "clinic", "shop": "", "leisure": "", "railway": "" }, "geometry": { "type": "Point", "coordinates": [ 16.3988523, 48.2268777 ] } },
{ "type": "Feature", "properties": { "id": 6918639935, "osm_type": "node", "category": "elelmiszer_bolt", "name": "Daria's Nüsse & Co", "amenity": "", "shop": "supermarket", "leisure": "", "railway": "" }, "geometry": { "type": "Point", "coordinates": [ 16.393684, 48.2000074 ] } },
{ "type": "Feature", "properties": { "id": 6926567995, "osm_type": "node", "category": "orvos_egeszsegugy", "name": "PVE Allgemeinmedizin", "amenity": "doctors", "shop": "", "leisure": "", "railway": "" }, "geometry": { "type": "Point", "coordinates": [ 16.3788165, 48.2164343 ] } },
{ "type": "Feature", "properties": { "id": 6990414616, "osm_type": "node", "category": "orvos_egeszsegugy", "name": "Praxis am Stubenring", "amenity": "clinic", "shop": "", "leisure": "", "railway": "" }, "geometry": { "type": "Point", "coordinates": [ 16.3813303, 48.2090446 ] } },
{ "type": "Feature", "properties": { "id": 7056719825, "osm_type": "node", "category": "elelmiszer_bolt", "name": "Billa", "amenity": "", "shop": "supermarket", "leisure": "", "railway": "" }, "geometry": { "type": "Point", "coordinates": [ 16.3922581, 48.2280647 ] } },
{ "type": "Feature", "properties": { "id": 7056747051, "osm_type": "node", "category": "orvos_egeszsegugy", "name": "Dr. Harald Manfreda", "amenity": "doctors", "shop": "", "leisure": "", "railway": "" }, "geometry": { "type": "Point", "coordinates": [ 16.3949693, 48.2251977 ] } },
{ "type": "Feature", "properties": { "id": 7102337423, "osm_type": "node", "category": "elelmiszer_bolt", "name": "Wiener Tofu", "amenity": "", "shop": "convenience", "leisure": "", "railway": "" }, "geometry": { "type": "Point", "coordinates": [ 16.377072, 48.2177246 ] } },
{ "type": "Feature", "properties": { "id": 7103303847, "osm_type": "node", "category": "orvos_egeszsegugy", "name": "Imaging Urania", "amenity": "doctors", "shop": "", "leisure": "", "railway": "" }, "geometry": { "type": "Point", "coordinates": [ 16.3785463, 48.210833 ] } },
{ "type": "Feature", "properties": { "id": 7149146785, "osm_type": "node", "category": "orvos_egeszsegugy", "name": "Neurozentrum", "amenity": "doctors", "shop": "", "leisure": "", "railway": "" }, "geometry": { "type": "Point", "coordinates": [ 16.4235581, 48.2372088 ] } },
{ "type": "Feature", "properties": { "id": 7187441085, "osm_type": "node", "category": "elelmiszer_bolt", "name": "Billa", "amenity": "", "shop": "supermarket", "leisure": "", "railway": "" }, "geometry": { "type": "Point", "coordinates": [ 16.3659599, 48.2083296 ] } },
{ "type": "Feature", "properties": { "id": 7191903787, "osm_type": "node", "category": "orvos_egeszsegugy", "name": "Dr. Diana Maria Doppelbauer-Soares", "amenity": "doctors", "shop": "", "leisure": "", "railway": "" }, "geometry": { "type": "Point", "coordinates": [ 16.3614076, 48.2239896 ] } },
{ "type": "Feature", "properties": { "id": 7195273532, "osm_type": "node", "category": "egyeb", "name": "Easy Drivers Brigittenau", "amenity": "driving_school", "shop": "", "leisure": "", "railway": "" }, "geometry": { "type": "Point", "coordinates": [ 16.377494, 48.2384748 ] } },
{ "type": "Feature", "properties": { "id": 7201382238, "osm_type": "node", "category": "elelmiszer_bolt", "name": "Sozialmarkt", "amenity": "", "shop": "convenience", "leisure": "", "railway": "" }, "geometry": { "type": "Point", "coordinates": [ 16.4393285, 48.2419758 ] } },
{ "type": "Feature", "properties": { "id": 7233411459, "osm_type": "node", "category": "elelmiszer_bolt", "name": "Hofer", "amenity": "", "shop": "supermarket", "leisure": "", "railway": "" }, "geometry": { "type": "Point", "coordinates": [ 16.4051841, 48.2232319 ] } },
{ "type": "Feature", "properties": { "id": 7389467185, "osm_type": "node", "category": "gyogyszertar", "name": "Mohren Apotheke", "amenity": "pharmacy", "shop": "", "leisure": "", "railway": "" }, "geometry": { "type": "Point", "coordinates": [ 16.3700347, 48.2122072 ] } },
{ "type": "Feature", "properties": { "id": 7402546992, "osm_type": "node", "category": "orvos_egeszsegugy", "name": "Dr. Albert Syen", "amenity": "doctors", "shop": "", "leisure": "", "railway": "" }, "geometry": { "type": "Point", "coordinates": [ 16.4197553, 48.2287113 ] } },
{ "type": "Feature", "properties": { "id": 7431751989, "osm_type": "node", "category": "gyogyszertar", "name": "Apotheke für dich", "amenity": "pharmacy", "shop": "", "leisure": "", "railway": "" }, "geometry": { "type": "Point", "coordinates": [ 16.4142543, 48.2163316 ] } },
{ "type": "Feature", "properties": { "id": 7442793685, "osm_type": "node", "category": "elelmiszer_bolt", "name": "Lidl", "amenity": "", "shop": "supermarket", "leisure": "", "railway": "" }, "geometry": { "type": "Point", "coordinates": [ 16.3656602, 48.2337699 ] } },
{ "type": "Feature", "properties": { "id": 7481829624, "osm_type": "node", "category": "ovoda", "name": "evang. Kindergarten", "amenity": "kindergarten", "shop": "", "leisure": "", "railway": "" }, "geometry": { "type": "Point", "coordinates": [ 16.3891911, 48.2000863 ] } },
{ "type": "Feature", "properties": { "id": 7922033355, "osm_type": "node", "category": "elelmiszer_bolt", "name": "Joudi", "amenity": "", "shop": "supermarket", "leisure": "", "railway": "" }, "geometry": { "type": "Point", "coordinates": [ 16.3867188, 48.215681 ] } },
{ "type": "Feature", "properties": { "id": 7922565078, "osm_type": "node", "category": "elelmiszer_bolt", "name": "Nur", "amenity": "", "shop": "supermarket", "leisure": "", "railway": "" }, "geometry": { "type": "Point", "coordinates": [ 16.3878577, 48.2228788 ] } },
{ "type": "Feature", "properties": { "id": 7922573000, "osm_type": "node", "category": "elelmiszer_bolt", "name": "La Mehadrin", "amenity": "", "shop": "supermarket", "leisure": "", "railway": "" }, "geometry": { "type": "Point", "coordinates": [ 16.3814752, 48.2199124 ] } },
{ "type": "Feature", "properties": { "id": 7944327834, "osm_type": "node", "category": "orvos_egeszsegugy", "name": "Susanne Pöll", "amenity": "doctors", "shop": "", "leisure": "", "railway": "" }, "geometry": { "type": "Point", "coordinates": [ 16.3887859, 48.234774 ] } },
{ "type": "Feature", "properties": { "id": 8009927063, "osm_type": "node", "category": "ovoda", "name": "KIWI-Kindergarten Handelskai", "amenity": "kindergarten", "shop": "", "leisure": "", "railway": "" }, "geometry": { "type": "Point", "coordinates": [ 16.3962998, 48.2322083 ] } },
{ "type": "Feature", "properties": { "id": 8025571482, "osm_type": "node", "category": "orvos_egeszsegugy", "name": "Moser Milani", "amenity": "clinic", "shop": "", "leisure": "", "railway": "" }, "geometry": { "type": "Point", "coordinates": [ 16.3630848, 48.2129364 ] } },
{ "type": "Feature", "properties": { "id": 8309083513, "osm_type": "node", "category": "orvos_egeszsegugy", "name": "Dr. Emanuel Sporn", "amenity": "doctors", "shop": "", "leisure": "", "railway": "" }, "geometry": { "type": "Point", "coordinates": [ 16.3865154, 48.2183327 ] } },
{ "type": "Feature", "properties": { "id": 8309083514, "osm_type": "node", "category": "orvos_egeszsegugy", "name": "Dr. Oliver Kandel", "amenity": "doctors", "shop": "", "leisure": "", "railway": "" }, "geometry": { "type": "Point", "coordinates": [ 16.3865248, 48.2183443 ] } },
{ "type": "Feature", "properties": { "id": 8309094758, "osm_type": "node", "category": "orvos_egeszsegugy", "name": "Orvos_egeszsegugy", "amenity": "doctors", "shop": "", "leisure": "", "railway": "" }, "geometry": { "type": "Point", "coordinates": [ 16.375511, 48.219741 ] } },
{ "type": "Feature", "properties": { "id": 8385091346, "osm_type": "node", "category": "orvos_egeszsegugy", "name": "Assoc.-Prof. Priv-Doz. Dr. Katharina Kriechbaum", "amenity": "doctors", "shop": "", "leisure": "", "railway": "" }, "geometry": { "type": "Point", "coordinates": [ 16.3649223, 48.2134797 ] } },
{ "type": "Feature", "properties": { "id": 8385091347, "osm_type": "node", "category": "orvos_egeszsegugy", "name": "Univ.-Prof. Dr. Birgit Lackner", "amenity": "doctors", "shop": "", "leisure": "", "railway": "" }, "geometry": { "type": "Point", "coordinates": [ 16.3650258, 48.213547 ] } },
{ "type": "Feature", "properties": { "id": 8385091348, "osm_type": "node", "category": "orvos_egeszsegugy", "name": "Assoc.-Prof. Priv.-Doz. Dr. Marion Funk", "amenity": "doctors", "shop": "", "leisure": "", "railway": "" }, "geometry": { "type": "Point", "coordinates": [ 16.3650763, 48.2134433 ] } },
{ "type": "Feature", "properties": { "id": 8422829402, "osm_type": "node", "category": "ovoda", "name": "Kindergarten Bunte Welt", "amenity": "kindergarten", "shop": "", "leisure": "", "railway": "" }, "geometry": { "type": "Point", "coordinates": [ 16.3878604, 48.2239821 ] } },
{ "type": "Feature", "properties": { "id": 8431712121, "osm_type": "node", "category": "orvos_egeszsegugy", "name": "Dr. med. univ. Peter Lahninger", "amenity": "doctors", "shop": "", "leisure": "", "railway": "" }, "geometry": { "type": "Point", "coordinates": [ 16.3661721, 48.208618 ] } },
{ "type": "Feature", "properties": { "id": 8434279073, "osm_type": "node", "category": "orvos_egeszsegugy", "name": "HNO-Praxis Dr. Weißenbäck & Dr. Barna-Soltani", "amenity": "doctors", "shop": "", "leisure": "", "railway": "" }, "geometry": { "type": "Point", "coordinates": [ 16.3603607, 48.201403 ] } },
{ "type": "Feature", "properties": { "id": 8441521677, "osm_type": "node", "category": "egyeb", "name": "Fahrschule Schwedenplatz", "amenity": "driving_school", "shop": "", "leisure": "", "railway": "" }, "geometry": { "type": "Point", "coordinates": [ 16.3808798, 48.2136774 ] } },
{ "type": "Feature", "properties": { "id": 8442226700, "osm_type": "node", "category": "orvos_egeszsegugy", "name": "Dr. Kaan Karmankaya", "amenity": "doctors", "shop": "", "leisure": "", "railway": "" }, "geometry": { "type": "Point", "coordinates": [ 16.3642536, 48.2117263 ] } },
{ "type": "Feature", "properties": { "id": 8443170053, "osm_type": "node", "category": "elelmiszer_bolt", "name": "Daily Fresh", "amenity": "", "shop": "convenience", "leisure": "", "railway": "" }, "geometry": { "type": "Point", "coordinates": [ 16.4024069, 48.2240356 ] } },
{ "type": "Feature", "properties": { "id": 8443187167, "osm_type": "node", "category": "orvos_egeszsegugy", "name": "Dr. med. Giham Ibrahim", "amenity": "doctors", "shop": "", "leisure": "", "railway": "" }, "geometry": { "type": "Point", "coordinates": [ 16.3999864, 48.2181864 ] } },
{ "type": "Feature", "properties": { "id": 8444847405, "osm_type": "node", "category": "orvos_egeszsegugy", "name": "Dr. Günther Michael Wimberger", "amenity": "doctors", "shop": "", "leisure": "", "railway": "" }, "geometry": { "type": "Point", "coordinates": [ 16.3976696, 48.2182059 ] } },
{ "type": "Feature", "properties": { "id": 8444847406, "osm_type": "node", "category": "orvos_egeszsegugy", "name": "Dr.med. Renate Wimberger", "amenity": "doctors", "shop": "", "leisure": "", "railway": "" }, "geometry": { "type": "Point", "coordinates": [ 16.3976289, 48.2182075 ] } },
{ "type": "Feature", "properties": { "id": 8455232875, "osm_type": "node", "category": "elelmiszer_bolt", "name": "Meet & Weed", "amenity": "", "shop": "convenience", "leisure": "", "railway": "" }, "geometry": { "type": "Point", "coordinates": [ 16.392903, 48.208637 ] } },
{ "type": "Feature", "properties": { "id": 8455383797, "osm_type": "node", "category": "orvos_egeszsegugy", "name": "Dr. Sonja Kaiser", "amenity": "doctors", "shop": "", "leisure": "", "railway": "" }, "geometry": { "type": "Point", "coordinates": [ 16.3888426, 48.2098355 ] } },
{ "type": "Feature", "properties": { "id": 8455477421, "osm_type": "node", "category": "orvos_egeszsegugy", "name": "Dr. Sanja Annemarie Sharaf", "amenity": "doctors", "shop": "", "leisure": "", "railway": "" }, "geometry": { "type": "Point", "coordinates": [ 16.3885623, 48.2079709 ] } },
{ "type": "Feature", "properties": { "id": 8455609800, "osm_type": "node", "category": "orvos_egeszsegugy", "name": "Dr. Maria Heger", "amenity": "doctors", "shop": "", "leisure": "", "railway": "" }, "geometry": { "type": "Point", "coordinates": [ 16.3932801, 48.2004983 ] } },
{ "type": "Feature", "properties": { "id": 8455609801, "osm_type": "node", "category": "orvos_egeszsegugy", "name": "Dr. Wolfgang Trubel", "amenity": "doctors", "shop": "", "leisure": "", "railway": "" }, "geometry": { "type": "Point", "coordinates": [ 16.3946568, 48.2009227 ] } },
{ "type": "Feature", "properties": { "id": 8460873357, "osm_type": "node", "category": "orvos_egeszsegugy", "name": "Allergie Ambulatorium Innere Stadt", "amenity": "doctors", "shop": "", "leisure": "", "railway": "" }, "geometry": { "type": "Point", "coordinates": [ 16.3709312, 48.203551 ] } },
{ "type": "Feature", "properties": { "id": 8491917167, "osm_type": "node", "category": "orvos_egeszsegugy", "name": "Dr. Claudia Radbauer", "amenity": "doctors", "shop": "", "leisure": "", "railway": "" }, "geometry": { "type": "Point", "coordinates": [ 16.3998623, 48.2216905 ] } },
{ "type": "Feature", "properties": { "id": 8503761139, "osm_type": "node", "category": "orvos_egeszsegugy", "name": "Dr. Gottfried Hönlinger", "amenity": "doctors", "shop": "", "leisure": "", "railway": "" }, "geometry": { "type": "Point", "coordinates": [ 16.4004636, 48.2186886 ] } },
{ "type": "Feature", "properties": { "id": 8503761140, "osm_type": "node", "category": "elelmiszer_bolt", "name": "Toko Sederhana", "amenity": "", "shop": "convenience", "leisure": "", "railway": "" }, "geometry": { "type": "Point", "coordinates": [ 16.4018052, 48.2189289 ] } },
{ "type": "Feature", "properties": { "id": 8549650411, "osm_type": "node", "category": "elelmiszer_bolt", "name": "Mr Zeng Asian Shop", "amenity": "", "shop": "convenience", "leisure": "", "railway": "" }, "geometry": { "type": "Point", "coordinates": [ 16.3856264, 48.2371814 ] } },
{ "type": "Feature", "properties": { "id": 8558277017, "osm_type": "node", "category": "egyeb", "name": "Instituto Cervantes", "amenity": "language_school", "shop": "", "leisure": "", "railway": "" }, "geometry": { "type": "Point", "coordinates": [ 16.3752436, 48.201032 ] } },
{ "type": "Feature", "properties": { "id": 8562114497, "osm_type": "node", "category": "orvos_egeszsegugy", "name": "Augenzentrum Brigittenau", "amenity": "doctors", "shop": "", "leisure": "", "railway": "" }, "geometry": { "type": "Point", "coordinates": [ 16.3670117, 48.2329159 ] } },
{ "type": "Feature", "properties": { "id": 8629413169, "osm_type": "node", "category": "orvos_egeszsegugy", "name": "Dr. Omar Sarsam", "amenity": "doctors", "shop": "", "leisure": "", "railway": "" }, "geometry": { "type": "Point", "coordinates": [ 16.3817548, 48.2241161 ] } },
{ "type": "Feature", "properties": { "id": 8665591813, "osm_type": "node", "category": "elelmiszer_bolt", "name": "Bis-Markt", "amenity": "", "shop": "supermarket", "leisure": "", "railway": "" }, "geometry": { "type": "Point", "coordinates": [ 16.3872125, 48.2355724 ] } },
{ "type": "Feature", "properties": { "id": 8665600075, "osm_type": "node", "category": "ovoda", "name": "Kindergarten der Stadt Wien", "amenity": "kindergarten", "shop": "", "leisure": "", "railway": "" }, "geometry": { "type": "Point", "coordinates": [ 16.3814791, 48.2387348 ] } },
{ "type": "Feature", "properties": { "id": 8677771757, "osm_type": "node", "category": "elelmiszer_bolt", "name": "Elelmiszer_bolt", "amenity": "", "shop": "supermarket", "leisure": "", "railway": "" }, "geometry": { "type": "Point", "coordinates": [ 16.4173856, 48.2360148 ] } },
{ "type": "Feature", "properties": { "id": 8764622665, "osm_type": "node", "category": "iskola", "name": "Iskola", "amenity": "school", "shop": "", "leisure": "", "railway": "" }, "geometry": { "type": "Point", "coordinates": [ 16.382564, 48.2148736 ] } },
{ "type": "Feature", "properties": { "id": 8765669037, "osm_type": "node", "category": "ovoda", "name": "Die Stadtmäuse", "amenity": "kindergarten", "shop": "", "leisure": "", "railway": "" }, "geometry": { "type": "Point", "coordinates": [ 16.3918162, 48.2333094 ] } },
{ "type": "Feature", "properties": { "id": 8775627018, "osm_type": "node", "category": "elelmiszer_bolt", "name": "Interspar", "amenity": "", "shop": "supermarket", "leisure": "", "railway": "" }, "geometry": { "type": "Point", "coordinates": [ 16.3631566, 48.2136624 ] } },
{ "type": "Feature", "properties": { "id": 8790178718, "osm_type": "node", "category": "orvos_egeszsegugy", "name": "Dr. Powoniak", "amenity": "doctors", "shop": "", "leisure": "", "railway": "" }, "geometry": { "type": "Point", "coordinates": [ 16.3743839, 48.2132563 ] } },
{ "type": "Feature", "properties": { "id": 8790178719, "osm_type": "node", "category": "orvos_egeszsegugy", "name": "Dermacare", "amenity": "doctors", "shop": "", "leisure": "", "railway": "" }, "geometry": { "type": "Point", "coordinates": [ 16.3742572, 48.2131928 ] } },
{ "type": "Feature", "properties": { "id": 8790178731, "osm_type": "node", "category": "orvos_egeszsegugy", "name": "Dr. Michael Rauchenwald", "amenity": "doctors", "shop": "", "leisure": "", "railway": "" }, "geometry": { "type": "Point", "coordinates": [ 16.3806398, 48.2106963 ] } },
{ "type": "Feature", "properties": { "id": 8790178732, "osm_type": "node", "category": "orvos_egeszsegugy", "name": "Dr. Corinna Geiger", "amenity": "doctors", "shop": "", "leisure": "", "railway": "" }, "geometry": { "type": "Point", "coordinates": [ 16.3806772, 48.2106464 ] } },
{ "type": "Feature", "properties": { "id": 8790178758, "osm_type": "node", "category": "orvos_egeszsegugy", "name": "Dr. Gerhand Brunner", "amenity": "doctors", "shop": "", "leisure": "", "railway": "" }, "geometry": { "type": "Point", "coordinates": [ 16.3930275, 48.2118492 ] } },
{ "type": "Feature", "properties": { "id": 8837222056, "osm_type": "node", "category": "orvos_egeszsegugy", "name": "Augenzentrum Wien", "amenity": "doctors", "shop": "", "leisure": "", "railway": "" }, "geometry": { "type": "Point", "coordinates": [ 16.3637225, 48.2267687 ] } },
{ "type": "Feature", "properties": { "id": 8906935438, "osm_type": "node", "category": "orvos_egeszsegugy", "name": "Kardiologische Gruppenpraxis Dr. Andreas Wagner", "amenity": "clinic", "shop": "", "leisure": "", "railway": "" }, "geometry": { "type": "Point", "coordinates": [ 16.3718762, 48.2198496 ] } },
{ "type": "Feature", "properties": { "id": 8912075660, "osm_type": "node", "category": "orvos_egeszsegugy", "name": "Dr. Michael Moser", "amenity": "doctors", "shop": "", "leisure": "", "railway": "" }, "geometry": { "type": "Point", "coordinates": [ 16.4221258, 48.2362306 ] } },
{ "type": "Feature", "properties": { "id": 8912079638, "osm_type": "node", "category": "orvos_egeszsegugy", "name": "Dr. Birgit Pruckner", "amenity": "doctors", "shop": "", "leisure": "", "railway": "" }, "geometry": { "type": "Point", "coordinates": [ 16.3737055, 48.2185521 ] } },
{ "type": "Feature", "properties": { "id": 8912079641, "osm_type": "node", "category": "orvos_egeszsegugy", "name": "Dr. Klaudia Mitterwachauer", "amenity": "doctors", "shop": "", "leisure": "", "railway": "" }, "geometry": { "type": "Point", "coordinates": [ 16.3737535, 48.2185282 ] } },
{ "type": "Feature", "properties": { "id": 8920983334, "osm_type": "node", "category": "orvos_egeszsegugy", "name": "Dr. Mobarhan Narges", "amenity": "doctors", "shop": "", "leisure": "", "railway": "" }, "geometry": { "type": "Point", "coordinates": [ 16.4055328, 48.2181855 ] } },
{ "type": "Feature", "properties": { "id": 8920983357, "osm_type": "node", "category": "elelmiszer_bolt", "name": "ETSAN", "amenity": "", "shop": "supermarket", "leisure": "", "railway": "" }, "geometry": { "type": "Point", "coordinates": [ 16.3944075, 48.2314743 ] } },
{ "type": "Feature", "properties": { "id": 8956131917, "osm_type": "node", "category": "orvos_egeszsegugy", "name": "Ordinationen für HNO Heilkunde", "amenity": "doctors", "shop": "", "leisure": "", "railway": "" }, "geometry": { "type": "Point", "coordinates": [ 16.3836154, 48.2145192 ] } },
{ "type": "Feature", "properties": { "id": 8959637328, "osm_type": "node", "category": "orvos_egeszsegugy", "name": "Dr. Mohammad Aman", "amenity": "doctors", "shop": "", "leisure": "", "railway": "" }, "geometry": { "type": "Point", "coordinates": [ 16.4404029, 48.2368594 ] } },
{ "type": "Feature", "properties": { "id": 9025674317, "osm_type": "node", "category": "orvos_egeszsegugy", "name": "Dr. Azem und Partner", "amenity": "doctors", "shop": "", "leisure": "", "railway": "" }, "geometry": { "type": "Point", "coordinates": [ 16.4066275, 48.2221953 ] } },
{ "type": "Feature", "properties": { "id": 9036765567, "osm_type": "node", "category": "elelmiszer_bolt", "name": "Hofer", "amenity": "", "shop": "supermarket", "leisure": "", "railway": "" }, "geometry": { "type": "Point", "coordinates": [ 16.406461, 48.2002602 ] } },
{ "type": "Feature", "properties": { "id": 9040194529, "osm_type": "node", "category": "elelmiszer_bolt", "name": "Klosterladen im Schottenstift", "amenity": "", "shop": "supermarket", "leisure": "", "railway": "" }, "geometry": { "type": "Point", "coordinates": [ 16.3645416, 48.2121407 ] } },
{ "type": "Feature", "properties": { "id": 9074940541, "osm_type": "node", "category": "orvos_egeszsegugy", "name": "Praxisklinik Fachärztezentrum", "amenity": "doctors", "shop": "", "leisure": "", "railway": "" }, "geometry": { "type": "Point", "coordinates": [ 16.3673117, 48.2101659 ] } },
{ "type": "Feature", "properties": { "id": 9100273874, "osm_type": "node", "category": "orvos_egeszsegugy", "name": "Clinic Vienna", "amenity": "doctors", "shop": "", "leisure": "", "railway": "" }, "geometry": { "type": "Point", "coordinates": [ 16.3710638, 48.2315019 ] } },
{ "type": "Feature", "properties": { "id": 9100442942, "osm_type": "node", "category": "orvos_egeszsegugy", "name": "Dr. Peter Weimann", "amenity": "doctors", "shop": "", "leisure": "", "railway": "" }, "geometry": { "type": "Point", "coordinates": [ 16.3817775, 48.2159285 ] } },
{ "type": "Feature", "properties": { "id": 9111556959, "osm_type": "node", "category": "orvos_egeszsegugy", "name": "Dr. Regina Shokry", "amenity": "doctors", "shop": "", "leisure": "", "railway": "" }, "geometry": { "type": "Point", "coordinates": [ 16.3822694, 48.200847 ] } },
{ "type": "Feature", "properties": { "id": 9112399257, "osm_type": "node", "category": "orvos_egeszsegugy", "name": "Dr. Wolfgang Frebort", "amenity": "doctors", "shop": "", "leisure": "", "railway": "" }, "geometry": { "type": "Point", "coordinates": [ 16.4003614, 48.2001259 ] } },
{ "type": "Feature", "properties": { "id": 9112460844, "osm_type": "node", "category": "orvos_egeszsegugy", "name": "Dr. Maryan Cyarnecki", "amenity": "doctors", "shop": "", "leisure": "", "railway": "" }, "geometry": { "type": "Point", "coordinates": [ 16.3711032, 48.2131722 ] } },
{ "type": "Feature", "properties": { "id": 9112460849, "osm_type": "node", "category": "egyeb", "name": "MusicalMUnchkins", "amenity": "music_school", "shop": "", "leisure": "", "railway": "" }, "geometry": { "type": "Point", "coordinates": [ 16.3689393, 48.2151595 ] } },
{ "type": "Feature", "properties": { "id": 9124586404, "osm_type": "node", "category": "orvos_egeszsegugy", "name": "Dr. Gerhard Mooseder", "amenity": "doctors", "shop": "", "leisure": "", "railway": "" }, "geometry": { "type": "Point", "coordinates": [ 16.3987592, 48.2009707 ] } },
{ "type": "Feature", "properties": { "id": 9136036443, "osm_type": "node", "category": "orvos_egeszsegugy", "name": "Dr. Jana Wassermann", "amenity": "doctors", "shop": "", "leisure": "", "railway": "" }, "geometry": { "type": "Point", "coordinates": [ 16.3879816, 48.2180929 ] } },
{ "type": "Feature", "properties": { "id": 9152627229, "osm_type": "node", "category": "orvos_egeszsegugy", "name": "Augenzentrum Freyung - Dr. Simader", "amenity": "doctors", "shop": "", "leisure": "", "railway": "" }, "geometry": { "type": "Point", "coordinates": [ 16.3635515, 48.2124563 ] } },
{ "type": "Feature", "properties": { "id": 9152627282, "osm_type": "node", "category": "orvos_egeszsegugy", "name": "City Medical", "amenity": "clinic", "shop": "", "leisure": "", "railway": "" }, "geometry": { "type": "Point", "coordinates": [ 16.3633467, 48.2124913 ] } },
{ "type": "Feature", "properties": { "id": 9230075857, "osm_type": "node", "category": "elelmiszer_bolt", "name": "Wurst & mehr", "amenity": "", "shop": "convenience", "leisure": "", "railway": "" }, "geometry": { "type": "Point", "coordinates": [ 16.4183188, 48.2297349 ] } },
{ "type": "Feature", "properties": { "id": 9233612312, "osm_type": "node", "category": "ovoda", "name": "Kindergruppe Bambino", "amenity": "kindergarten", "shop": "", "leisure": "", "railway": "" }, "geometry": { "type": "Point", "coordinates": [ 16.3877214, 48.2373792 ] } },
{ "type": "Feature", "properties": { "id": 9233618488, "osm_type": "node", "category": "elelmiszer_bolt", "name": "Billa Now", "amenity": "", "shop": "convenience", "leisure": "", "railway": "" }, "geometry": { "type": "Point", "coordinates": [ 16.3746939, 48.240768 ] } },
{ "type": "Feature", "properties": { "id": 9288349317, "osm_type": "node", "category": "orvos_egeszsegugy", "name": "Dr. Claudia Heller-Vitouch", "amenity": "doctors", "shop": "", "leisure": "", "railway": "" }, "geometry": { "type": "Point", "coordinates": [ 16.3871659, 48.2019792 ] } },
{ "type": "Feature", "properties": { "id": 9288349417, "osm_type": "node", "category": "orvos_egeszsegugy", "name": "Dr. Thomas Heller", "amenity": "doctors", "shop": "", "leisure": "", "railway": "" }, "geometry": { "type": "Point", "coordinates": [ 16.3871666, 48.2020391 ] } },
{ "type": "Feature", "properties": { "id": 9350690045, "osm_type": "node", "category": "elelmiszer_bolt", "name": "Martin reformstark", "amenity": "", "shop": "convenience", "leisure": "", "railway": "" }, "geometry": { "type": "Point", "coordinates": [ 16.3864978, 48.2403723 ] } },
{ "type": "Feature", "properties": { "id": 9405031198, "osm_type": "node", "category": "iskola", "name": "Barmherzige Bruder Pflegeakademie Wien", "amenity": "school", "shop": "", "leisure": "", "railway": "" }, "geometry": { "type": "Point", "coordinates": [ 16.3804392, 48.2153813 ] } },
{ "type": "Feature", "properties": { "id": 9452903563, "osm_type": "node", "category": "elelmiszer_bolt", "name": "Verein SozialShop - Der Sozialmarkt in Brigittenau", "amenity": "", "shop": "convenience", "leisure": "", "railway": "" }, "geometry": { "type": "Point", "coordinates": [ 16.3657968, 48.2310083 ] } },
{ "type": "Feature", "properties": { "id": 9515798016, "osm_type": "node", "category": "elelmiszer_bolt", "name": "Nanum Supermarkt", "amenity": "", "shop": "supermarket", "leisure": "", "railway": "" }, "geometry": { "type": "Point", "coordinates": [ 16.3747066, 48.2344707 ] } },
{ "type": "Feature", "properties": { "id": 9532971719, "osm_type": "node", "category": "elelmiszer_bolt", "name": "Billa", "amenity": "", "shop": "supermarket", "leisure": "", "railway": "" }, "geometry": { "type": "Point", "coordinates": [ 16.3806765, 48.2158834 ] } },
{ "type": "Feature", "properties": { "id": 9542779990, "osm_type": "node", "category": "ovoda", "name": "juwa", "amenity": "kindergarten", "shop": "", "leisure": "", "railway": "" }, "geometry": { "type": "Point", "coordinates": [ 16.380241, 48.2366029 ] } },
{ "type": "Feature", "properties": { "id": 9542860320, "osm_type": "node", "category": "elelmiszer_bolt", "name": "Elelmiszer_bolt", "amenity": "", "shop": "convenience", "leisure": "", "railway": "" }, "geometry": { "type": "Point", "coordinates": [ 16.3920163, 48.2139545 ] } },
{ "type": "Feature", "properties": { "id": 9560776838, "osm_type": "node", "category": "elelmiszer_bolt", "name": "Mollah Markt", "amenity": "", "shop": "convenience", "leisure": "", "railway": "" }, "geometry": { "type": "Point", "coordinates": [ 16.3657041, 48.235517 ] } },
{ "type": "Feature", "properties": { "id": 9704691214, "osm_type": "node", "category": "egyeb", "name": "Fahrschule Academy", "amenity": "driving_school", "shop": "", "leisure": "", "railway": "" }, "geometry": { "type": "Point", "coordinates": [ 16.3905939, 48.2166504 ] } },
{ "type": "Feature", "properties": { "id": 9708703592, "osm_type": "node", "category": "orvos_egeszsegugy", "name": "Health Consult", "amenity": "clinic", "shop": "", "leisure": "", "railway": "" }, "geometry": { "type": "Point", "coordinates": [ 16.3642603, 48.2130676 ] } },
{ "type": "Feature", "properties": { "id": 9725547200, "osm_type": "node", "category": "ovoda", "name": "juwa", "amenity": "kindergarten", "shop": "", "leisure": "", "railway": "" }, "geometry": { "type": "Point", "coordinates": [ 16.3811307, 48.2358058 ] } },
{ "type": "Feature", "properties": { "id": 9729561231, "osm_type": "node", "category": "elelmiszer_bolt", "name": "Billa", "amenity": "", "shop": "supermarket", "leisure": "", "railway": "" }, "geometry": { "type": "Point", "coordinates": [ 16.4301414, 48.2065602 ] } },
{ "type": "Feature", "properties": { "id": 9741298188, "osm_type": "node", "category": "elelmiszer_bolt", "name": "Schadi's Greisslerei", "amenity": "", "shop": "convenience", "leisure": "", "railway": "" }, "geometry": { "type": "Point", "coordinates": [ 16.4388351, 48.2004748 ] } },
{ "type": "Feature", "properties": { "id": 9811085862, "osm_type": "node", "category": "elelmiszer_bolt", "name": "Al Saadi", "amenity": "", "shop": "convenience", "leisure": "", "railway": "" }, "geometry": { "type": "Point", "coordinates": [ 16.3654353, 48.2368312 ] } },
{ "type": "Feature", "properties": { "id": 9812604543, "osm_type": "node", "category": "elelmiszer_bolt", "name": "KY Podologische Fußpflege", "amenity": "", "shop": "convenience", "leisure": "", "railway": "" }, "geometry": { "type": "Point", "coordinates": [ 16.4174458, 48.2304152 ] } },
{ "type": "Feature", "properties": { "id": 9817413805, "osm_type": "node", "category": "egyeb", "name": "Musikschule Leopoldstadt - Campus Christine Nöstlinger", "amenity": "music_school", "shop": "", "leisure": "", "railway": "" }, "geometry": { "type": "Point", "coordinates": [ 16.3934458, 48.2285431 ] } },
{ "type": "Feature", "properties": { "id": 9847671665, "osm_type": "node", "category": "orvos_egeszsegugy", "name": "haelsi", "amenity": "clinic", "shop": "", "leisure": "", "railway": "" }, "geometry": { "type": "Point", "coordinates": [ 16.4157259, 48.2131257 ] } },
{ "type": "Feature", "properties": { "id": 9863407548, "osm_type": "node", "category": "orvos_egeszsegugy", "name": "Urologenzentrum.at", "amenity": "doctors", "shop": "", "leisure": "", "railway": "" }, "geometry": { "type": "Point", "coordinates": [ 16.3850681, 48.2410429 ] } },
{ "type": "Feature", "properties": { "id": 9883850776, "osm_type": "node", "category": "egyeb", "name": "Schülerhilfe", "amenity": "prep_school", "shop": "", "leisure": "", "railway": "" }, "geometry": { "type": "Point", "coordinates": [ 16.3699923, 48.2341424 ] } },
{ "type": "Feature", "properties": { "id": 9883850787, "osm_type": "node", "category": "egyeb", "name": "Schülerhilfe", "amenity": "prep_school", "shop": "", "leisure": "", "railway": "" }, "geometry": { "type": "Point", "coordinates": [ 16.3613114, 48.2188908 ] } },
{ "type": "Feature", "properties": { "id": 9883850789, "osm_type": "node", "category": "egyeb", "name": "Schülerhilfe", "amenity": "prep_school", "shop": "", "leisure": "", "railway": "" }, "geometry": { "type": "Point", "coordinates": [ 16.3829032, 48.2231502 ] } },
{ "type": "Feature", "properties": { "id": 9928897931, "osm_type": "node", "category": "orvos_egeszsegugy", "name": "Dr. Vladi Liptak", "amenity": "doctors", "shop": "", "leisure": "", "railway": "" }, "geometry": { "type": "Point", "coordinates": [ 16.3702764, 48.2164869 ] } },
{ "type": "Feature", "properties": { "id": 9928897935, "osm_type": "node", "category": "orvos_egeszsegugy", "name": "Dr. Ronay", "amenity": "doctors", "shop": "", "leisure": "", "railway": "" }, "geometry": { "type": "Point", "coordinates": [ 16.3710447, 48.214523 ] } },
{ "type": "Feature", "properties": { "id": 9937835200, "osm_type": "node", "category": "orvos_egeszsegugy", "name": "Dr. Andrea Foit", "amenity": "doctors", "shop": "", "leisure": "", "railway": "" }, "geometry": { "type": "Point", "coordinates": [ 16.3749956, 48.2209465 ] } },
{ "type": "Feature", "properties": { "id": 9961180765, "osm_type": "node", "category": "orvos_egeszsegugy", "name": "Dr. Johanna Gruther", "amenity": "doctors", "shop": "", "leisure": "", "railway": "" }, "geometry": { "type": "Point", "coordinates": [ 16.4030654, 48.2186615 ] } },
{ "type": "Feature", "properties": { "id": 9993461160, "osm_type": "node", "category": "elelmiszer_bolt", "name": "Warung Salam", "amenity": "", "shop": "convenience", "leisure": "", "railway": "" }, "geometry": { "type": "Point", "coordinates": [ 16.3712094, 48.2289402 ] } },
{ "type": "Feature", "properties": { "id": 10013725004, "osm_type": "node", "category": "orvos_egeszsegugy", "name": "Tierarztpraxis am Stadtpark GmbH", "amenity": "clinic", "shop": "", "leisure": "", "railway": "" }, "geometry": { "type": "Point", "coordinates": [ 16.382876, 48.2021879 ] } },
{ "type": "Feature", "properties": { "id": 10061994045, "osm_type": "node", "category": "orvos_egeszsegugy", "name": "Innere Medizin Augarten", "amenity": "doctors", "shop": "", "leisure": "", "railway": "" }, "geometry": { "type": "Point", "coordinates": [ 16.3786141, 48.220176 ] } },
{ "type": "Feature", "properties": { "id": 10125483936, "osm_type": "node", "category": "orvos_egeszsegugy", "name": "Dr. Hamid Kazemi Moomavandi", "amenity": "doctors", "shop": "", "leisure": "", "railway": "" }, "geometry": { "type": "Point", "coordinates": [ 16.3901035, 48.2336354 ] } },
{ "type": "Feature", "properties": { "id": 10143290699, "osm_type": "node", "category": "orvos_egeszsegugy", "name": "Dr. Sylvia Geiger", "amenity": "doctors", "shop": "", "leisure": "", "railway": "" }, "geometry": { "type": "Point", "coordinates": [ 16.3656952, 48.2219206 ] } },
{ "type": "Feature", "properties": { "id": 10243984357, "osm_type": "node", "category": "orvos_egeszsegugy", "name": "Dr. Matthias Paireder", "amenity": "doctors", "shop": "", "leisure": "", "railway": "" }, "geometry": { "type": "Point", "coordinates": [ 16.3746315, 48.2095278 ] } },
{ "type": "Feature", "properties": { "id": 10301064580, "osm_type": "node", "category": "orvos_egeszsegugy", "name": "Priv. Doz. DDr. Reinhard Told", "amenity": "doctors", "shop": "", "leisure": "", "railway": "" }, "geometry": { "type": "Point", "coordinates": [ 16.365206, 48.2134952 ] } },
{ "type": "Feature", "properties": { "id": 10315216789, "osm_type": "node", "category": "ovoda", "name": "Nur", "amenity": "kindergarten", "shop": "", "leisure": "", "railway": "" }, "geometry": { "type": "Point", "coordinates": [ 16.3659298, 48.2344898 ] } },
{ "type": "Feature", "properties": { "id": 10554127312, "osm_type": "node", "category": "elelmiszer_bolt", "name": "Canna Pharm", "amenity": "", "shop": "convenience", "leisure": "", "railway": "" }, "geometry": { "type": "Point", "coordinates": [ 16.3761333, 48.211665 ] } },
{ "type": "Feature", "properties": { "id": 10596091809, "osm_type": "node", "category": "orvos_egeszsegugy", "name": "Dr. Elisabeth Leko Mohr", "amenity": "doctors", "shop": "", "leisure": "", "railway": "" }, "geometry": { "type": "Point", "coordinates": [ 16.3650496, 48.2244939 ] } },
{ "type": "Feature", "properties": { "id": 10606004685, "osm_type": "node", "category": "orvos_egeszsegugy", "name": "Dr. Barbara Schaumann", "amenity": "doctors", "shop": "", "leisure": "", "railway": "" }, "geometry": { "type": "Point", "coordinates": [ 16.3866833, 48.2039816 ] } },
{ "type": "Feature", "properties": { "id": 10606118860, "osm_type": "node", "category": "orvos_egeszsegugy", "name": "Dr. Alexander Roth", "amenity": "doctors", "shop": "", "leisure": "", "railway": "" }, "geometry": { "type": "Point", "coordinates": [ 16.387979, 48.2054969 ] } },
{ "type": "Feature", "properties": { "id": 10606123553, "osm_type": "node", "category": "orvos_egeszsegugy", "name": "Dr. Maximilian Walther", "amenity": "doctors", "shop": "", "leisure": "", "railway": "" }, "geometry": { "type": "Point", "coordinates": [ 16.3893942, 48.2018902 ] } },
{ "type": "Feature", "properties": { "id": 10613843005, "osm_type": "node", "category": "orvos_egeszsegugy", "name": "Dr. Mehmet Gürsoy", "amenity": "doctors", "shop": "", "leisure": "", "railway": "" }, "geometry": { "type": "Point", "coordinates": [ 16.3687387, 48.2389849 ] } },
{ "type": "Feature", "properties": { "id": 10664650283, "osm_type": "node", "category": "orvos_egeszsegugy", "name": "Dr. Douschan", "amenity": "doctors", "shop": "", "leisure": "", "railway": "" }, "geometry": { "type": "Point", "coordinates": [ 16.3816789, 48.2241471 ] } },
{ "type": "Feature", "properties": { "id": 10676264299, "osm_type": "node", "category": "elelmiszer_bolt", "name": "Adran Markt", "amenity": "", "shop": "convenience", "leisure": "", "railway": "" }, "geometry": { "type": "Point", "coordinates": [ 16.3693991, 48.2303333 ] } },
{ "type": "Feature", "properties": { "id": 10723629211, "osm_type": "node", "category": "elelmiszer_bolt", "name": "Spar", "amenity": "", "shop": "supermarket", "leisure": "", "railway": "" }, "geometry": { "type": "Point", "coordinates": [ 16.3830995, 48.2334878 ] } },
{ "type": "Feature", "properties": { "id": 10723942462, "osm_type": "node", "category": "elelmiszer_bolt", "name": "Billa", "amenity": "", "shop": "supermarket", "leisure": "", "railway": "" }, "geometry": { "type": "Point", "coordinates": [ 16.3648412, 48.2161121 ] } },
{ "type": "Feature", "properties": { "id": 10737697751, "osm_type": "node", "category": "elelmiszer_bolt", "name": "Select", "amenity": "", "shop": "convenience", "leisure": "", "railway": "" }, "geometry": { "type": "Point", "coordinates": [ 16.394941, 48.2176783 ] } },
{ "type": "Feature", "properties": { "id": 10738878849, "osm_type": "node", "category": "elelmiszer_bolt", "name": "Irak Haus Markt", "amenity": "", "shop": "convenience", "leisure": "", "railway": "" }, "geometry": { "type": "Point", "coordinates": [ 16.368938, 48.2313728 ] } },
{ "type": "Feature", "properties": { "id": 10738878852, "osm_type": "node", "category": "elelmiszer_bolt", "name": "Alraafidayn Markt", "amenity": "", "shop": "convenience", "leisure": "", "railway": "" }, "geometry": { "type": "Point", "coordinates": [ 16.3689959, 48.2315587 ] } },
{ "type": "Feature", "properties": { "id": 10738878853, "osm_type": "node", "category": "elelmiszer_bolt", "name": "Russische Lebensmittel", "amenity": "", "shop": "convenience", "leisure": "", "railway": "" }, "geometry": { "type": "Point", "coordinates": [ 16.3690087, 48.2314914 ] } },
{ "type": "Feature", "properties": { "id": 10739262426, "osm_type": "node", "category": "elelmiszer_bolt", "name": "Olivenhain", "amenity": "", "shop": "convenience", "leisure": "", "railway": "" }, "geometry": { "type": "Point", "coordinates": [ 16.3799951, 48.2137615 ] } },
{ "type": "Feature", "properties": { "id": 10739277857, "osm_type": "node", "category": "orvos_egeszsegugy", "name": "Dr. Benedikt Dolna", "amenity": "doctors", "shop": "", "leisure": "", "railway": "" }, "geometry": { "type": "Point", "coordinates": [ 16.383796, 48.2199048 ] } },
{ "type": "Feature", "properties": { "id": 10739280501, "osm_type": "node", "category": "orvos_egeszsegugy", "name": "Dr. Elisabeth Feuersänger", "amenity": "doctors", "shop": "", "leisure": "", "railway": "" }, "geometry": { "type": "Point", "coordinates": [ 16.3825512, 48.219099 ] } },
{ "type": "Feature", "properties": { "id": 10739606948, "osm_type": "node", "category": "elelmiszer_bolt", "name": "Brüderladen", "amenity": "", "shop": "convenience", "leisure": "", "railway": "" }, "geometry": { "type": "Point", "coordinates": [ 16.3802868, 48.2145909 ] } },
{ "type": "Feature", "properties": { "id": 10752690144, "osm_type": "node", "category": "elelmiszer_bolt", "name": "Arwin Markt", "amenity": "", "shop": "convenience", "leisure": "", "railway": "" }, "geometry": { "type": "Point", "coordinates": [ 16.3687194, 48.2319651 ] } },
{ "type": "Feature", "properties": { "id": 10772847783, "osm_type": "node", "category": "elelmiszer_bolt", "name": "Family Market", "amenity": "", "shop": "convenience", "leisure": "", "railway": "" }, "geometry": { "type": "Point", "coordinates": [ 16.3691385, 48.2308961 ] } },
{ "type": "Feature", "properties": { "id": 10784736070, "osm_type": "node", "category": "gyogyszertar", "name": "Apotheke Marina", "amenity": "pharmacy", "shop": "", "leisure": "", "railway": "" }, "geometry": { "type": "Point", "coordinates": [ 16.4304906, 48.2058754 ] } },
{ "type": "Feature", "properties": { "id": 10803099217, "osm_type": "node", "category": "orvos_egeszsegugy", "name": "Dr. Hanna Röhsler", "amenity": "doctors", "shop": "", "leisure": "", "railway": "" }, "geometry": { "type": "Point", "coordinates": [ 16.3909474, 48.203061 ] } },
{ "type": "Feature", "properties": { "id": 10816745843, "osm_type": "node", "category": "ovoda", "name": "Zwergenschule", "amenity": "kindergarten", "shop": "", "leisure": "", "railway": "" }, "geometry": { "type": "Point", "coordinates": [ 16.3954458, 48.2313067 ] } },
{ "type": "Feature", "properties": { "id": 10822252451, "osm_type": "node", "category": "orvos_egeszsegugy", "name": "Dr. Marcel Rowhani", "amenity": "doctors", "shop": "", "leisure": "", "railway": "" }, "geometry": { "type": "Point", "coordinates": [ 16.3934553, 48.2011937 ] } },
{ "type": "Feature", "properties": { "id": 10828193223, "osm_type": "node", "category": "orvos_egeszsegugy", "name": "Dr. Brigitte Hamberger", "amenity": "doctors", "shop": "", "leisure": "", "railway": "" }, "geometry": { "type": "Point", "coordinates": [ 16.3857158, 48.2347423 ] } },
{ "type": "Feature", "properties": { "id": 10833679154, "osm_type": "node", "category": "elelmiszer_bolt", "name": "Fadak", "amenity": "", "shop": "convenience", "leisure": "", "railway": "" }, "geometry": { "type": "Point", "coordinates": [ 16.3683861, 48.2307826 ] } },
{ "type": "Feature", "properties": { "id": 10833680431, "osm_type": "node", "category": "elelmiszer_bolt", "name": "Bagheri Markt", "amenity": "", "shop": "convenience", "leisure": "", "railway": "" }, "geometry": { "type": "Point", "coordinates": [ 16.3688883, 48.2316229 ] } },
{ "type": "Feature", "properties": { "id": 10841617049, "osm_type": "node", "category": "elelmiszer_bolt", "name": "Billa", "amenity": "", "shop": "supermarket", "leisure": "", "railway": "" }, "geometry": { "type": "Point", "coordinates": [ 16.376204, 48.2402235 ] } },
{ "type": "Feature", "properties": { "id": 10861878851, "osm_type": "node", "category": "iskola", "name": "VHS Veranstaltungszentrum Praterstern", "amenity": "school", "shop": "", "leisure": "", "railway": "" }, "geometry": { "type": "Point", "coordinates": [ 16.3897824, 48.2190525 ] } },
{ "type": "Feature", "properties": { "id": 10875526516, "osm_type": "node", "category": "elelmiszer_bolt", "name": "Elsherbeny Lebensmittel", "amenity": "", "shop": "convenience", "leisure": "", "railway": "" }, "geometry": { "type": "Point", "coordinates": [ 16.3689052, 48.2319634 ] } },
{ "type": "Feature", "properties": { "id": 10893216490, "osm_type": "node", "category": "elelmiszer_bolt", "name": "Minoas Griechische Lebensmittel", "amenity": "", "shop": "convenience", "leisure": "", "railway": "" }, "geometry": { "type": "Point", "coordinates": [ 16.3622214, 48.2154268 ] } },
{ "type": "Feature", "properties": { "id": 10913798556, "osm_type": "node", "category": "orvos_egeszsegugy", "name": "Orvos_egeszsegugy", "amenity": "doctors", "shop": "", "leisure": "", "railway": "" }, "geometry": { "type": "Point", "coordinates": [ 16.3710745, 48.2210211 ] } },
{ "type": "Feature", "properties": { "id": 10913817120, "osm_type": "node", "category": "orvos_egeszsegugy", "name": "Dr. Martin Kraft", "amenity": "doctors", "shop": "", "leisure": "", "railway": "" }, "geometry": { "type": "Point", "coordinates": [ 16.3705245, 48.2198982 ] } },
{ "type": "Feature", "properties": { "id": 10913818426, "osm_type": "node", "category": "ovoda", "name": "Flower", "amenity": "kindergarten", "shop": "", "leisure": "", "railway": "" }, "geometry": { "type": "Point", "coordinates": [ 16.3690369, 48.2339535 ] } },
{ "type": "Feature", "properties": { "id": 10931533168, "osm_type": "node", "category": "orvos_egeszsegugy", "name": "Dr. Astrid Zeitelberger-Renz", "amenity": "doctors", "shop": "", "leisure": "", "railway": "" }, "geometry": { "type": "Point", "coordinates": [ 16.3637438, 48.2230794 ] } },
{ "type": "Feature", "properties": { "id": 10931533169, "osm_type": "node", "category": "orvos_egeszsegugy", "name": "Dr. Andrea Kottmel", "amenity": "doctors", "shop": "", "leisure": "", "railway": "" }, "geometry": { "type": "Point", "coordinates": [ 16.3637433, 48.2230591 ] } },
{ "type": "Feature", "properties": { "id": 10958148596, "osm_type": "node", "category": "orvos_egeszsegugy", "name": "Dr. Muhsen Shoumariyeh", "amenity": "doctors", "shop": "", "leisure": "", "railway": "" }, "geometry": { "type": "Point", "coordinates": [ 16.364729, 48.2234304 ] } },
{ "type": "Feature", "properties": { "id": 10958148598, "osm_type": "node", "category": "orvos_egeszsegugy", "name": "Dr. Christa Forstinger", "amenity": "doctors", "shop": "", "leisure": "", "railway": "" }, "geometry": { "type": "Point", "coordinates": [ 16.3617083, 48.2229529 ] } },
{ "type": "Feature", "properties": { "id": 10982874458, "osm_type": "node", "category": "elelmiszer_bolt", "name": "Spar", "amenity": "", "shop": "convenience", "leisure": "", "railway": "" }, "geometry": { "type": "Point", "coordinates": [ 16.3618238, 48.2025142 ] } },
{ "type": "Feature", "properties": { "id": 10998260537, "osm_type": "node", "category": "orvos_egeszsegugy", "name": "Beauty Embassy", "amenity": "doctors", "shop": "", "leisure": "", "railway": "" }, "geometry": { "type": "Point", "coordinates": [ 16.36983, 48.2071631 ] } },
{ "type": "Feature", "properties": { "id": 11074024528, "osm_type": "node", "category": "egyeb", "name": "Musikschule Donaustadt", "amenity": "music_school", "shop": "", "leisure": "", "railway": "" }, "geometry": { "type": "Point", "coordinates": [ 16.4167495, 48.2306441 ] } },
{ "type": "Feature", "properties": { "id": 11098203631, "osm_type": "node", "category": "egyeb", "name": "DeutschAkademie", "amenity": "language_school", "shop": "", "leisure": "", "railway": "" }, "geometry": { "type": "Point", "coordinates": [ 16.3688934, 48.2020687 ] } },
{ "type": "Feature", "properties": { "id": 11098400578, "osm_type": "node", "category": "egyeb", "name": "Internationales Kulturinstitut", "amenity": "language_school", "shop": "", "leisure": "", "railway": "" }, "geometry": { "type": "Point", "coordinates": [ 16.3675223, 48.2024614 ] } },
{ "type": "Feature", "properties": { "id": 11148642333, "osm_type": "node", "category": "ovoda", "name": "Timi's Mini Mints", "amenity": "kindergarten", "shop": "", "leisure": "", "railway": "" }, "geometry": { "type": "Point", "coordinates": [ 16.3905766, 48.2199444 ] } },
{ "type": "Feature", "properties": { "id": 11158322061, "osm_type": "node", "category": "orvos_egeszsegugy", "name": "Imaging Petscan", "amenity": "doctors", "shop": "", "leisure": "", "railway": "" }, "geometry": { "type": "Point", "coordinates": [ 16.3787549, 48.210231 ] } },
{ "type": "Feature", "properties": { "id": 11165400073, "osm_type": "node", "category": "ovoda", "name": "Kindergarten Am Grünen Prater", "amenity": "kindergarten", "shop": "", "leisure": "", "railway": "" }, "geometry": { "type": "Point", "coordinates": [ 16.4110253, 48.2113937 ] } },
{ "type": "Feature", "properties": { "id": 11167730767, "osm_type": "node", "category": "orvos_egeszsegugy", "name": "Dr. Liora Bunzl", "amenity": "doctors", "shop": "", "leisure": "", "railway": "" }, "geometry": { "type": "Point", "coordinates": [ 16.3848923, 48.2155719 ] } },
{ "type": "Feature", "properties": { "id": 11195751923, "osm_type": "node", "category": "elelmiszer_bolt", "name": "Khatab", "amenity": "", "shop": "supermarket", "leisure": "", "railway": "" }, "geometry": { "type": "Point", "coordinates": [ 16.3683273, 48.2318483 ] } },
{ "type": "Feature", "properties": { "id": 11195755849, "osm_type": "node", "category": "elelmiszer_bolt", "name": "Lam-Berg", "amenity": "", "shop": "supermarket", "leisure": "", "railway": "" }, "geometry": { "type": "Point", "coordinates": [ 16.3680736, 48.2324174 ] } },
{ "type": "Feature", "properties": { "id": 11195768402, "osm_type": "node", "category": "elelmiszer_bolt", "name": "Yusuf Markt", "amenity": "", "shop": "supermarket", "leisure": "", "railway": "" }, "geometry": { "type": "Point", "coordinates": [ 16.3686143, 48.2312726 ] } },
{ "type": "Feature", "properties": { "id": 11195770534, "osm_type": "node", "category": "elelmiszer_bolt", "name": "Irak Haus Markt", "amenity": "", "shop": "convenience", "leisure": "", "railway": "" }, "geometry": { "type": "Point", "coordinates": [ 16.3684275, 48.2316138 ] } },
{ "type": "Feature", "properties": { "id": 11199580097, "osm_type": "node", "category": "egyeb", "name": "LernFamilie Online Nachhilfe Österreich", "amenity": "prep_school", "shop": "", "leisure": "", "railway": "" }, "geometry": { "type": "Point", "coordinates": [ 16.3682371, 48.2094582 ] } },
{ "type": "Feature", "properties": { "id": 11212846582, "osm_type": "node", "category": "elelmiszer_bolt", "name": "Penny Engerthstraße", "amenity": "", "shop": "supermarket", "leisure": "", "railway": "" }, "geometry": { "type": "Point", "coordinates": [ 16.3836676, 48.2416161 ] } },
{ "type": "Feature", "properties": { "id": 11215805519, "osm_type": "node", "category": "gyogyszertar", "name": "Apotheke Nordbahnviertel", "amenity": "pharmacy", "shop": "", "leisure": "", "railway": "" }, "geometry": { "type": "Point", "coordinates": [ 16.3916938, 48.2279869 ] } },
{ "type": "Feature", "properties": { "id": 11298172300, "osm_type": "node", "category": "elelmiszer_bolt", "name": "Krimskrams & Kramuri Shop", "amenity": "", "shop": "convenience", "leisure": "", "railway": "" }, "geometry": { "type": "Point", "coordinates": [ 16.4028859, 48.2134413 ] } },
{ "type": "Feature", "properties": { "id": 11333206045, "osm_type": "node", "category": "orvos_egeszsegugy", "name": "Loha for Life", "amenity": "clinic", "shop": "", "leisure": "", "railway": "" }, "geometry": { "type": "Point", "coordinates": [ 16.360249, 48.2400714 ] } },
{ "type": "Feature", "properties": { "id": 11343759951, "osm_type": "node", "category": "orvos_egeszsegugy", "name": "Dr. Afrus Valipour-Ramasani", "amenity": "doctors", "shop": "", "leisure": "", "railway": "" }, "geometry": { "type": "Point", "coordinates": [ 16.4233761, 48.2360678 ] } },
{ "type": "Feature", "properties": { "id": 11343770800, "osm_type": "node", "category": "orvos_egeszsegugy", "name": "Dr. Monika Rupp-Adelmann", "amenity": "doctors", "shop": "", "leisure": "", "railway": "" }, "geometry": { "type": "Point", "coordinates": [ 16.4234892, 48.2361524 ] } },
{ "type": "Feature", "properties": { "id": 11352227455, "osm_type": "node", "category": "orvos_egeszsegugy", "name": "Evidence", "amenity": "doctors", "shop": "", "leisure": "", "railway": "" }, "geometry": { "type": "Point", "coordinates": [ 16.3801068, 48.2186518 ] } },
{ "type": "Feature", "properties": { "id": 11364496742, "osm_type": "node", "category": "elelmiszer_bolt", "name": "Billa", "amenity": "", "shop": "supermarket", "leisure": "", "railway": "" }, "geometry": { "type": "Point", "coordinates": [ 16.4408174, 48.2126679 ] } },
{ "type": "Feature", "properties": { "id": 11368744689, "osm_type": "node", "category": "elelmiszer_bolt", "name": "Billa Unterwegs", "amenity": "", "shop": "convenience", "leisure": "", "railway": "" }, "geometry": { "type": "Point", "coordinates": [ 16.4449606, 48.2271908 ] } },
{ "type": "Feature", "properties": { "id": 11391855911, "osm_type": "node", "category": "iskola", "name": "Private Mittelschule St. Elisabeth", "amenity": "school", "shop": "", "leisure": "", "railway": "" }, "geometry": { "type": "Point", "coordinates": [ 16.375444, 48.2222798 ] } },
{ "type": "Feature", "properties": { "id": 11399229816, "osm_type": "node", "category": "elelmiszer_bolt", "name": "Markt 44a", "amenity": "", "shop": "supermarket", "leisure": "", "railway": "" }, "geometry": { "type": "Point", "coordinates": [ 16.4210937, 48.2277676 ] } },
{ "type": "Feature", "properties": { "id": 11414590406, "osm_type": "node", "category": "elelmiszer_bolt", "name": "Billa Corso", "amenity": "", "shop": "supermarket", "leisure": "", "railway": "" }, "geometry": { "type": "Point", "coordinates": [ 16.3624899, 48.2135714 ] } },
{ "type": "Feature", "properties": { "id": 11603111830, "osm_type": "node", "category": "elelmiszer_bolt", "name": "City Shop", "amenity": "", "shop": "convenience", "leisure": "", "railway": "" }, "geometry": { "type": "Point", "coordinates": [ 16.3720351, 48.2082867 ] } },
{ "type": "Feature", "properties": { "id": 11708719097, "osm_type": "node", "category": "ovoda", "name": "Kindergruppe Hopphopphopp", "amenity": "kindergarten", "shop": "", "leisure": "", "railway": "" }, "geometry": { "type": "Point", "coordinates": [ 16.3970442, 48.2027843 ] } },
{ "type": "Feature", "properties": { "id": 11711173343, "osm_type": "node", "category": "ovoda", "name": "Evangelischer Kindergarten Am Hubertusdamm", "amenity": "kindergarten", "shop": "", "leisure": "", "railway": "" }, "geometry": { "type": "Point", "coordinates": [ 16.4161022, 48.2278988 ] } },
{ "type": "Feature", "properties": { "id": 11745877108, "osm_type": "node", "category": "orvos_egeszsegugy", "name": "Praxis malacht", "amenity": "doctors", "shop": "", "leisure": "", "railway": "" }, "geometry": { "type": "Point", "coordinates": [ 16.3615674, 48.2115847 ] } },
{ "type": "Feature", "properties": { "id": 11762212481, "osm_type": "node", "category": "orvos_egeszsegugy", "name": "Ärzte im Dritten", "amenity": "clinic", "shop": "", "leisure": "", "railway": "" }, "geometry": { "type": "Point", "coordinates": [ 16.3975383, 48.2007373 ] } },
{ "type": "Feature", "properties": { "id": 11787346340, "osm_type": "node", "category": "orvos_egeszsegugy", "name": "Dr. Helga Benko", "amenity": "doctors", "shop": "", "leisure": "", "railway": "" }, "geometry": { "type": "Point", "coordinates": [ 16.3899416, 48.2035104 ] } },
{ "type": "Feature", "properties": { "id": 11787346344, "osm_type": "node", "category": "orvos_egeszsegugy", "name": "Dr. Theresa Widrich", "amenity": "doctors", "shop": "", "leisure": "", "railway": "" }, "geometry": { "type": "Point", "coordinates": [ 16.3868751, 48.2055553 ] } },
{ "type": "Feature", "properties": { "id": 11805835036, "osm_type": "node", "category": "elelmiszer_bolt", "name": "Spar", "amenity": "", "shop": "supermarket", "leisure": "", "railway": "" }, "geometry": { "type": "Point", "coordinates": [ 16.3896752, 48.2238673 ] } },
{ "type": "Feature", "properties": { "id": 11811802083, "osm_type": "node", "category": "ovoda", "name": "Multi Kinderwelt", "amenity": "kindergarten", "shop": "", "leisure": "", "railway": "" }, "geometry": { "type": "Point", "coordinates": [ 16.3883217, 48.2179676 ] } },
{ "type": "Feature", "properties": { "id": 11920317165, "osm_type": "node", "category": "elelmiszer_bolt", "name": "Coco Asian", "amenity": "", "shop": "supermarket", "leisure": "", "railway": "" }, "geometry": { "type": "Point", "coordinates": [ 16.3774292, 48.2385247 ] } },
{ "type": "Feature", "properties": { "id": 11920381292, "osm_type": "node", "category": "iskola", "name": "Iskola", "amenity": "school", "shop": "", "leisure": "", "railway": "" }, "geometry": { "type": "Point", "coordinates": [ 16.3761711, 48.2385984 ] } },
{ "type": "Feature", "properties": { "id": 11964434953, "osm_type": "node", "category": "elelmiszer_bolt", "name": "Aspern Asia Shop", "amenity": "", "shop": "supermarket", "leisure": "", "railway": "" }, "geometry": { "type": "Point", "coordinates": [ 16.4421032, 48.2341645 ] } },
{ "type": "Feature", "properties": { "id": 11986111638, "osm_type": "node", "category": "ovoda", "name": "Ovoda", "amenity": "kindergarten", "shop": "", "leisure": "", "railway": "" }, "geometry": { "type": "Point", "coordinates": [ 16.3638933, 48.2317284 ] } },
{ "type": "Feature", "properties": { "id": 11986111639, "osm_type": "node", "category": "orvos_egeszsegugy", "name": "Rehab Friedensbrücke", "amenity": "doctors", "shop": "", "leisure": "", "railway": "" }, "geometry": { "type": "Point", "coordinates": [ 16.3647742, 48.2266565 ] } },
{ "type": "Feature", "properties": { "id": 11986111641, "osm_type": "node", "category": "egyeb", "name": "Flamencozentrum La Guita", "amenity": "dancing_school", "shop": "", "leisure": "", "railway": "" }, "geometry": { "type": "Point", "coordinates": [ 16.362788, 48.2262968 ] } },
{ "type": "Feature", "properties": { "id": 12039957952, "osm_type": "node", "category": "egyeb", "name": "Institut Français", "amenity": "language_school", "shop": "", "leisure": "", "railway": "" }, "geometry": { "type": "Point", "coordinates": [ 16.3852228, 48.2148987 ] } },
{ "type": "Feature", "properties": { "id": 12044638493, "osm_type": "node", "category": "orvos_egeszsegugy", "name": "HERZ1 Dr Derntl", "amenity": "doctors", "shop": "", "leisure": "", "railway": "" }, "geometry": { "type": "Point", "coordinates": [ 16.3622526, 48.2022776 ] } },
{ "type": "Feature", "properties": { "id": 12131076248, "osm_type": "node", "category": "elelmiszer_bolt", "name": "Hannibals", "amenity": "", "shop": "supermarket", "leisure": "", "railway": "" }, "geometry": { "type": "Point", "coordinates": [ 16.390072, 48.2034287 ] } },
{ "type": "Feature", "properties": { "id": 12131297935, "osm_type": "node", "category": "orvos_egeszsegugy", "name": "Orthopädie Donau Zentrum", "amenity": "doctors", "shop": "", "leisure": "", "railway": "" }, "geometry": { "type": "Point", "coordinates": [ 16.4360001, 48.241616 ] } },
{ "type": "Feature", "properties": { "id": 12198992794, "osm_type": "node", "category": "elelmiszer_bolt", "name": "Erwins Corner", "amenity": "", "shop": "supermarket", "leisure": "", "railway": "" }, "geometry": { "type": "Point", "coordinates": [ 16.3793563, 48.2158065 ] } },
{ "type": "Feature", "properties": { "id": 12209038383, "osm_type": "node", "category": "ovoda", "name": "Ovoda", "amenity": "kindergarten", "shop": "", "leisure": "", "railway": "" }, "geometry": { "type": "Point", "coordinates": [ 16.3846002, 48.2171733 ] } },
{ "type": "Feature", "properties": { "id": 12211500901, "osm_type": "node", "category": "elelmiszer_bolt", "name": "BillaToGo", "amenity": "", "shop": "supermarket", "leisure": "", "railway": "" }, "geometry": { "type": "Point", "coordinates": [ 16.3806565, 48.2188354 ] } },
{ "type": "Feature", "properties": { "id": 12249481001, "osm_type": "node", "category": "orvos_egeszsegugy", "name": "Dr. Bernhard Wuschitz", "amenity": "doctors", "shop": "", "leisure": "", "railway": "" }, "geometry": { "type": "Point", "coordinates": [ 16.3717859, 48.2293171 ] } },
{ "type": "Feature", "properties": { "id": 12251023198, "osm_type": "node", "category": "orvos_egeszsegugy", "name": "Dr. Karine Gewondian", "amenity": "doctors", "shop": "", "leisure": "", "railway": "" }, "geometry": { "type": "Point", "coordinates": [ 16.3856746, 48.2410465 ] } },
{ "type": "Feature", "properties": { "id": 12287379102, "osm_type": "node", "category": "orvos_egeszsegugy", "name": "Dr. Sanela Stojkecic", "amenity": "doctors", "shop": "", "leisure": "", "railway": "" }, "geometry": { "type": "Point", "coordinates": [ 16.3874697, 48.2202259 ] } },
{ "type": "Feature", "properties": { "id": 12297005666, "osm_type": "node", "category": "orvos_egeszsegugy", "name": "Ortho20", "amenity": "doctors", "shop": "", "leisure": "", "railway": "" }, "geometry": { "type": "Point", "coordinates": [ 16.3784874, 48.2418063 ] } },
{ "type": "Feature", "properties": { "id": 12297587505, "osm_type": "node", "category": "orvos_egeszsegugy", "name": "Kinder Praxis Serviten4tel", "amenity": "doctors", "shop": "", "leisure": "", "railway": "" }, "geometry": { "type": "Point", "coordinates": [ 16.3650803, 48.2217829 ] } },
{ "type": "Feature", "properties": { "id": 12301957796, "osm_type": "node", "category": "orvos_egeszsegugy", "name": "Dr. Leo Auerbach", "amenity": "doctors", "shop": "", "leisure": "", "railway": "" }, "geometry": { "type": "Point", "coordinates": [ 16.3614269, 48.2014118 ] } },
{ "type": "Feature", "properties": { "id": 12357798139, "osm_type": "node", "category": "orvos_egeszsegugy", "name": "Dr. Salvador", "amenity": "doctors", "shop": "", "leisure": "", "railway": "" }, "geometry": { "type": "Point", "coordinates": [ 16.3936072, 48.2219343 ] } },
{ "type": "Feature", "properties": { "id": 12375997616, "osm_type": "node", "category": "orvos_egeszsegugy", "name": "UROLOGE - Dr. Dietmar Rauchberger", "amenity": "doctors", "shop": "", "leisure": "", "railway": "" }, "geometry": { "type": "Point", "coordinates": [ 16.3893436, 48.2169358 ] } },
{ "type": "Feature", "properties": { "id": 12383312919, "osm_type": "node", "category": "ovoda", "name": "Ovoda", "amenity": "kindergarten", "shop": "", "leisure": "", "railway": "" }, "geometry": { "type": "Point", "coordinates": [ 16.3729872, 48.2347466 ] } },
{ "type": "Feature", "properties": { "id": 12394476661, "osm_type": "node", "category": "orvos_egeszsegugy", "name": "PVZ in Brigittenau Hausärzte Zwanzig", "amenity": "doctors", "shop": "", "leisure": "", "railway": "" }, "geometry": { "type": "Point", "coordinates": [ 16.3699721, 48.2340593 ] } },
{ "type": "Feature", "properties": { "id": 12469077395, "osm_type": "node", "category": "orvos_egeszsegugy", "name": "Dr. Berrin Barlan", "amenity": "doctors", "shop": "", "leisure": "", "railway": "" }, "geometry": { "type": "Point", "coordinates": [ 16.4069103, 48.2204419 ] } },
{ "type": "Feature", "properties": { "id": 12530249793, "osm_type": "node", "category": "gyogyszertar", "name": "Campus Apotheke", "amenity": "pharmacy", "shop": "", "leisure": "", "railway": "" }, "geometry": { "type": "Point", "coordinates": [ 16.3937665, 48.2219438 ] } },
{ "type": "Feature", "properties": { "id": 12557271928, "osm_type": "node", "category": "elelmiszer_bolt", "name": "Billa", "amenity": "", "shop": "supermarket", "leisure": "", "railway": "" }, "geometry": { "type": "Point", "coordinates": [ 16.414729, 48.2305191 ] } },
{ "type": "Feature", "properties": { "id": 12558574715, "osm_type": "node", "category": "orvos_egeszsegugy", "name": "Kinder-PVE Donauinsel", "amenity": "doctors", "shop": "", "leisure": "", "railway": "" }, "geometry": { "type": "Point", "coordinates": [ 16.4154075, 48.2304208 ] } },
{ "type": "Feature", "properties": { "id": 12613624923, "osm_type": "node", "category": "orvos_egeszsegugy", "name": "Health+Life", "amenity": "clinic", "shop": "", "leisure": "", "railway": "" }, "geometry": { "type": "Point", "coordinates": [ 16.3754766, 48.2115443 ] } },
{ "type": "Feature", "properties": { "id": 12618857219, "osm_type": "node", "category": "egyeb", "name": "LernQuadrat 1030", "amenity": "prep_school", "shop": "", "leisure": "", "railway": "" }, "geometry": { "type": "Point", "coordinates": [ 16.3910279, 48.2017339 ] } },
{ "type": "Feature", "properties": { "id": 12630589719, "osm_type": "node", "category": "elelmiszer_bolt", "name": "VEGAN WOLF", "amenity": "", "shop": "supermarket", "leisure": "", "railway": "" }, "geometry": { "type": "Point", "coordinates": [ 16.385705, 48.2263222 ] } },
{ "type": "Feature", "properties": { "id": 12860613736, "osm_type": "node", "category": "orvos_egeszsegugy", "name": "M1 Med Beauty Wien", "amenity": "doctors", "shop": "", "leisure": "", "railway": "" }, "geometry": { "type": "Point", "coordinates": [ 16.3613241, 48.2014548 ] } },
{ "type": "Feature", "properties": { "id": 12860613738, "osm_type": "node", "category": "orvos_egeszsegugy", "name": "Dr. Günter Weiss", "amenity": "doctors", "shop": "", "leisure": "", "railway": "" }, "geometry": { "type": "Point", "coordinates": [ 16.3614374, 48.2017607 ] } },
{ "type": "Feature", "properties": { "id": 12860613741, "osm_type": "node", "category": "orvos_egeszsegugy", "name": "Dr. Mauricio Barrientos", "amenity": "doctors", "shop": "", "leisure": "", "railway": "" }, "geometry": { "type": "Point", "coordinates": [ 16.3614598, 48.2013964 ] } },
{ "type": "Feature", "properties": { "id": 12860613742, "osm_type": "node", "category": "orvos_egeszsegugy", "name": "Dr. Thomas Fasching", "amenity": "doctors", "shop": "", "leisure": "", "railway": "" }, "geometry": { "type": "Point", "coordinates": [ 16.3614947, 48.2013816 ] } },
{ "type": "Feature", "properties": { "id": 12860613743, "osm_type": "node", "category": "orvos_egeszsegugy", "name": "Dr. Ruth Fritsch-Stork", "amenity": "doctors", "shop": "", "leisure": "", "railway": "" }, "geometry": { "type": "Point", "coordinates": [ 16.3615387, 48.2013669 ] } },
{ "type": "Feature", "properties": { "id": 12862773384, "osm_type": "node", "category": "orvos_egeszsegugy", "name": "Dr. Rainer Grass", "amenity": "doctors", "shop": "", "leisure": "", "railway": "" }, "geometry": { "type": "Point", "coordinates": [ 16.361571, 48.2013484 ] } },
{ "type": "Feature", "properties": { "id": 12862773385, "osm_type": "node", "category": "orvos_egeszsegugy", "name": "Dr. Roland Grassl", "amenity": "doctors", "shop": "", "leisure": "", "railway": "" }, "geometry": { "type": "Point", "coordinates": [ 16.3614299, 48.2013697 ] } },
{ "type": "Feature", "properties": { "id": 12862773386, "osm_type": "node", "category": "orvos_egeszsegugy", "name": "Dr. Michael Kisser", "amenity": "doctors", "shop": "", "leisure": "", "railway": "" }, "geometry": { "type": "Point", "coordinates": [ 16.3614718, 48.2013547 ] } },
{ "type": "Feature", "properties": { "id": 12862773387, "osm_type": "node", "category": "orvos_egeszsegugy", "name": "Dr. Florian M. Kovar", "amenity": "doctors", "shop": "", "leisure": "", "railway": "" }, "geometry": { "type": "Point", "coordinates": [ 16.3615095, 48.2013396 ] } },
{ "type": "Feature", "properties": { "id": 12862773388, "osm_type": "node", "category": "orvos_egeszsegugy", "name": "Dr. Zoltan Nemeth", "amenity": "doctors", "shop": "", "leisure": "", "railway": "" }, "geometry": { "type": "Point", "coordinates": [ 16.3615457, 48.2013215 ] } },
{ "type": "Feature", "properties": { "id": 12862773389, "osm_type": "node", "category": "orvos_egeszsegugy", "name": "Dr. Delio Peter Pramhas", "amenity": "doctors", "shop": "", "leisure": "", "railway": "" }, "geometry": { "type": "Point", "coordinates": [ 16.361606, 48.2013287 ] } },
{ "type": "Feature", "properties": { "id": 12862773390, "osm_type": "node", "category": "orvos_egeszsegugy", "name": "Dr. Carolina Rotter", "amenity": "doctors", "shop": "", "leisure": "", "railway": "" }, "geometry": { "type": "Point", "coordinates": [ 16.3613934, 48.2013864 ] } },
{ "type": "Feature", "properties": { "id": 12862773391, "osm_type": "node", "category": "orvos_egeszsegugy", "name": "Dr. Martin Scharf", "amenity": "doctors", "shop": "", "leisure": "", "railway": "" }, "geometry": { "type": "Point", "coordinates": [ 16.3614339, 48.2013274 ] } },
{ "type": "Feature", "properties": { "id": 12862773392, "osm_type": "node", "category": "orvos_egeszsegugy", "name": "Dr. Niuscha Taheri", "amenity": "doctors", "shop": "", "leisure": "", "railway": "" }, "geometry": { "type": "Point", "coordinates": [ 16.3614752, 48.2013114 ] } },
{ "type": "Feature", "properties": { "id": 12862773393, "osm_type": "node", "category": "orvos_egeszsegugy", "name": "Dr. Eva Maria Uher", "amenity": "doctors", "shop": "", "leisure": "", "railway": "" }, "geometry": { "type": "Point", "coordinates": [ 16.3615138, 48.2012972 ] } },
{ "type": "Feature", "properties": { "id": 12862773394, "osm_type": "node", "category": "orvos_egeszsegugy", "name": "Dr. Heinz Weber", "amenity": "doctors", "shop": "", "leisure": "", "railway": "" }, "geometry": { "type": "Point", "coordinates": [ 16.3613608, 48.2013588 ] } },
{ "type": "Feature", "properties": { "id": 12862773395, "osm_type": "node", "category": "orvos_egeszsegugy", "name": "Dr. Gerald Eliot Wozasek", "amenity": "doctors", "shop": "", "leisure": "", "railway": "" }, "geometry": { "type": "Point", "coordinates": [ 16.3616282, 48.2012846 ] } },
{ "type": "Feature", "properties": { "id": 12862773396, "osm_type": "node", "category": "orvos_egeszsegugy", "name": "Dr. Karin Zarits", "amenity": "doctors", "shop": "", "leisure": "", "railway": "" }, "geometry": { "type": "Point", "coordinates": [ 16.3613933, 48.2013437 ] } },
{ "type": "Feature", "properties": { "id": 12862773397, "osm_type": "node", "category": "orvos_egeszsegugy", "name": "Dr. Michael Zloczower", "amenity": "doctors", "shop": "", "leisure": "", "railway": "" }, "geometry": { "type": "Point", "coordinates": [ 16.361582, 48.2013063 ] } },
{ "type": "Feature", "properties": { "id": 12862773398, "osm_type": "node", "category": "orvos_egeszsegugy", "name": "Direct Hair Implatation (DHI)", "amenity": "doctors", "shop": "", "leisure": "", "railway": "" }, "geometry": { "type": "Point", "coordinates": [ 16.3616668, 48.2012634 ] } },
{ "type": "Feature", "properties": { "id": 12862773399, "osm_type": "node", "category": "orvos_egeszsegugy", "name": "Dr. Sara Abayev", "amenity": "doctors", "shop": "", "leisure": "", "railway": "" }, "geometry": { "type": "Point", "coordinates": [ 16.3616986, 48.2012437 ] } },
{ "type": "Feature", "properties": { "id": 12862773400, "osm_type": "node", "category": "orvos_egeszsegugy", "name": "Dr. Arco", "amenity": "doctors", "shop": "", "leisure": "", "railway": "" }, "geometry": { "type": "Point", "coordinates": [ 16.3616577, 48.2012276 ] } },
{ "type": "Feature", "properties": { "id": 12862844201, "osm_type": "node", "category": "orvos_egeszsegugy", "name": "Dr. Teodor Kapitanov", "amenity": "doctors", "shop": "", "leisure": "", "railway": "" }, "geometry": { "type": "Point", "coordinates": [ 16.3616214, 48.2012094 ] } },
{ "type": "Feature", "properties": { "id": 12862844202, "osm_type": "node", "category": "orvos_egeszsegugy", "name": "Dr. Edvin Turkof", "amenity": "doctors", "shop": "", "leisure": "", "railway": "" }, "geometry": { "type": "Point", "coordinates": [ 16.3617092, 48.2012104 ] } },
{ "type": "Feature", "properties": { "id": 12862844203, "osm_type": "node", "category": "orvos_egeszsegugy", "name": "Centrum Aestheticum", "amenity": "clinic", "shop": "", "leisure": "", "railway": "" }, "geometry": { "type": "Point", "coordinates": [ 16.3616638, 48.2011952 ] } },
{ "type": "Feature", "properties": { "id": 12864320309, "osm_type": "node", "category": "orvos_egeszsegugy", "name": "Dr. Monica Konsel", "amenity": "doctors", "shop": "", "leisure": "", "railway": "" }, "geometry": { "type": "Point", "coordinates": [ 16.3779892, 48.240237 ] } },
{ "type": "Feature", "properties": { "id": 12951571551, "osm_type": "node", "category": "orvos_egeszsegugy", "name": "Dr. Katja Varga", "amenity": "doctors", "shop": "", "leisure": "", "railway": "" }, "geometry": { "type": "Point", "coordinates": [ 16.3631324, 48.2157991 ] } },
{ "type": "Feature", "properties": { "id": 13007184403, "osm_type": "node", "category": "elelmiszer_bolt", "name": "Megamarkt", "amenity": "", "shop": "supermarket", "leisure": "", "railway": "" }, "geometry": { "type": "Point", "coordinates": [ 16.4134001, 48.2191092 ] } },
{ "type": "Feature", "properties": { "id": 13068089501, "osm_type": "node", "category": "orvos_egeszsegugy", "name": "Die Tropenordination", "amenity": "doctors", "shop": "", "leisure": "", "railway": "" }, "geometry": { "type": "Point", "coordinates": [ 16.3819727, 48.2029407 ] } },
{ "type": "Feature", "properties": { "id": 13068153686, "osm_type": "node", "category": "orvos_egeszsegugy", "name": "Dr. Paul Liebmann", "amenity": "doctors", "shop": "", "leisure": "", "railway": "" }, "geometry": { "type": "Point", "coordinates": [ 16.3671674, 48.2213381 ] } },
{ "type": "Feature", "properties": { "id": 13107403840, "osm_type": "node", "category": "egyeb", "name": "Engerthstraße", "amenity": "", "shop": "", "leisure": "", "railway": "train_station_entrance" }, "geometry": { "type": "Point", "coordinates": [ 16.3838603, 48.2413831 ] } },
{ "type": "Feature", "properties": { "id": 13107403841, "osm_type": "node", "category": "egyeb", "name": "Engerthstraße", "amenity": "", "shop": "", "leisure": "", "railway": "train_station_entrance" }, "geometry": { "type": "Point", "coordinates": [ 16.3839139, 48.241344 ] } },
{ "type": "Feature", "properties": { "id": 13107403842, "osm_type": "node", "category": "egyeb", "name": "Engerthstraße", "amenity": "", "shop": "", "leisure": "", "railway": "train_station_entrance" }, "geometry": { "type": "Point", "coordinates": [ 16.384014, 48.2412465 ] } },
{ "type": "Feature", "properties": { "id": 13107403843, "osm_type": "node", "category": "egyeb", "name": "Engerthstraße", "amenity": "", "shop": "", "leisure": "", "railway": "train_station_entrance" }, "geometry": { "type": "Point", "coordinates": [ 16.3840676, 48.2412073 ] } },
{ "type": "Feature", "properties": { "id": 13110605632, "osm_type": "node", "category": "orvos_egeszsegugy", "name": "Reviderm", "amenity": "doctors", "shop": "", "leisure": "", "railway": "" }, "geometry": { "type": "Point", "coordinates": [ 16.371852, 48.2037318 ] } },
{ "type": "Feature", "properties": { "id": 13112697601, "osm_type": "node", "category": "elelmiszer_bolt", "name": "Tabormarkt", "amenity": "", "shop": "convenience", "leisure": "", "railway": "" }, "geometry": { "type": "Point", "coordinates": [ 16.38231, 48.221772 ] } },
{ "type": "Feature", "properties": { "id": 13163168454, "osm_type": "node", "category": "orvos_egeszsegugy", "name": "Ordination Hüttinger", "amenity": "doctors", "shop": "", "leisure": "", "railway": "" }, "geometry": { "type": "Point", "coordinates": [ 16.3633174, 48.2029684 ] } },
{ "type": "Feature", "properties": { "id": 13175364102, "osm_type": "node", "category": "orvos_egeszsegugy", "name": "Urologiezentrum", "amenity": "clinic", "shop": "", "leisure": "", "railway": "" }, "geometry": { "type": "Point", "coordinates": [ 16.3856479, 48.2402836 ] } },
{ "type": "Feature", "properties": { "id": 13192518901, "osm_type": "node", "category": "iskola", "name": "Volksschule Greiseneckergasse", "amenity": "school", "shop": "", "leisure": "", "railway": "" }, "geometry": { "type": "Point", "coordinates": [ 16.3743332, 48.2316542 ] } },
{ "type": "Feature", "properties": { "id": 13202667305, "osm_type": "node", "category": "egyeb", "name": "BigsMile Club", "amenity": "dancing_school", "shop": "", "leisure": "", "railway": "" }, "geometry": { "type": "Point", "coordinates": [ 16.3684352, 48.2155403 ] } },
{ "type": "Feature", "properties": { "id": 13205581501, "osm_type": "node", "category": "orvos_egeszsegugy", "name": "Dr. Dominique Huyer", "amenity": "doctors", "shop": "", "leisure": "", "railway": "" }, "geometry": { "type": "Point", "coordinates": [ 16.3614462, 48.2240022 ] } },
{ "type": "Feature", "properties": { "id": 13206605629, "osm_type": "node", "category": "park_zoldterulet", "name": "Park_zoldterulet", "amenity": "", "shop": "", "leisure": "park", "railway": "" }, "geometry": { "type": "Point", "coordinates": [ 16.396271, 48.2002659 ] } },
{ "type": "Feature", "properties": { "id": 13236369858, "osm_type": "node", "category": "gyogyszertar", "name": "Apotheke Donau City", "amenity": "pharmacy", "shop": "", "leisure": "", "railway": "" }, "geometry": { "type": "Point", "coordinates": [ 16.4150612, 48.2326701 ] } },
{ "type": "Feature", "properties": { "id": 13275907032, "osm_type": "node", "category": "orvos_egeszsegugy", "name": "Diagnosehaus 3", "amenity": "doctors", "shop": "", "leisure": "", "railway": "" }, "geometry": { "type": "Point", "coordinates": [ 16.3934987, 48.2011815 ] } },
{ "type": "Feature", "properties": { "id": 13275971980, "osm_type": "node", "category": "orvos_egeszsegugy", "name": "Rokus am Park Kinderärztezentrum", "amenity": "doctors", "shop": "", "leisure": "", "railway": "" }, "geometry": { "type": "Point", "coordinates": [ 16.3937175, 48.201445 ] } },
{ "type": "Feature", "properties": { "id": 13285147649, "osm_type": "node", "category": "elelmiszer_bolt", "name": "Spar", "amenity": "", "shop": "supermarket", "leisure": "", "railway": "" }, "geometry": { "type": "Point", "coordinates": [ 16.3697802, 48.2224924 ] } },
{ "type": "Feature", "properties": { "id": 13356027809, "osm_type": "node", "category": "egyeb", "name": "Lillis Ballroom", "amenity": "dancing_school", "shop": "", "leisure": "", "railway": "" }, "geometry": { "type": "Point", "coordinates": [ 16.3608865, 48.2331823 ] } },
{ "type": "Feature", "properties": { "id": 13386857061, "osm_type": "node", "category": "elelmiszer_bolt", "name": "Billa Corso", "amenity": "", "shop": "supermarket", "leisure": "", "railway": "" }, "geometry": { "type": "Point", "coordinates": [ 16.368711, 48.2022297 ] } },
{ "type": "Feature", "properties": { "id": 13411078070, "osm_type": "node", "category": "elelmiszer_bolt", "name": "lieber bio", "amenity": "", "shop": "supermarket", "leisure": "", "railway": "" }, "geometry": { "type": "Point", "coordinates": [ 16.3609174, 48.2222602 ] } },
{ "type": "Feature", "properties": { "id": 13434508001, "osm_type": "node", "category": "orvos_egeszsegugy", "name": "Kinder- und Jugendärzte Brigittenau", "amenity": "doctors", "shop": "", "leisure": "", "railway": "" }, "geometry": { "type": "Point", "coordinates": [ 16.3850005, 48.2397655 ] } },
{ "type": "Feature", "properties": { "id": 13510630802, "osm_type": "node", "category": "orvos_egeszsegugy", "name": "Dr. Neda Khalifeh", "amenity": "doctors", "shop": "", "leisure": "", "railway": "" }, "geometry": { "type": "Point", "coordinates": [ 16.3694679, 48.2179369 ] } },
{ "type": "Feature", "properties": { "id": 13542910804, "osm_type": "node", "category": "orvos_egeszsegugy", "name": "Dr. Britta Rüscher - Zahnärztin", "amenity": "doctors", "shop": "", "leisure": "", "railway": "" }, "geometry": { "type": "Point", "coordinates": [ 16.3782777, 48.2111775 ] } },
{ "type": "Feature", "properties": { "id": 13588053655, "osm_type": "node", "category": "ovoda", "name": "Ovoda", "amenity": "kindergarten", "shop": "", "leisure": "", "railway": "" }, "geometry": { "type": "Point", "coordinates": [ 16.3794592, 48.219691 ] } },
{ "type": "Feature", "properties": { "id": 13593125407, "osm_type": "node", "category": "orvos_egeszsegugy", "name": "Dr. Michael Amon", "amenity": "doctors", "shop": "", "leisure": "", "railway": "" }, "geometry": { "type": "Point", "coordinates": [ 16.3815108, 48.2130345 ] } },
{ "type": "Feature", "properties": { "id": 13617693001, "osm_type": "node", "category": "orvos_egeszsegugy", "name": "Augenzentrum am Stadtpark - Dr. Michael Nicolae", "amenity": "doctors", "shop": "", "leisure": "", "railway": "" }, "geometry": { "type": "Point", "coordinates": [ 16.3802371, 48.2082781 ] } },
{ "type": "Feature", "properties": { "id": 13670968101, "osm_type": "node", "category": "orvos_egeszsegugy", "name": "Dr. Christian Jahn", "amenity": "doctors", "shop": "", "leisure": "", "railway": "" }, "geometry": { "type": "Point", "coordinates": [ 16.3706928, 48.2360905 ] } },
{ "type": "Feature", "properties": { "id": 13718194632, "osm_type": "node", "category": "orvos_egeszsegugy", "name": "Dr. Rossella Angotti-Arthofer", "amenity": "doctors", "shop": "", "leisure": "", "railway": "" }, "geometry": { "type": "Point", "coordinates": [ 16.4034389, 48.2223583 ] } },
{ "type": "Feature", "properties": { "id": 13731811976, "osm_type": "node", "category": "orvos_egeszsegugy", "name": "Dr. Monika Saringer", "amenity": "doctors", "shop": "", "leisure": "", "railway": "" }, "geometry": { "type": "Point", "coordinates": [ 16.409758, 48.2212532 ] } },
{ "type": "Feature", "properties": { "id": 13754785518, "osm_type": "node", "category": "elelmiszer_bolt", "name": "Spar Gourmet", "amenity": "", "shop": "supermarket", "leisure": "", "railway": "" }, "geometry": { "type": "Point", "coordinates": [ 16.3810498, 48.2007573 ] } },
{ "type": "Feature", "properties": { "id": 13825702801, "osm_type": "node", "category": "elelmiszer_bolt", "name": "Asian Supermarkt", "amenity": "", "shop": "supermarket", "leisure": "", "railway": "" }, "geometry": { "type": "Point", "coordinates": [ 16.3677661, 48.2320626 ] } },
{ "type": "Feature", "properties": { "id": 13840968140, "osm_type": "node", "category": "orvos_egeszsegugy", "name": "Zentrum Im Werd", "amenity": "clinic", "shop": "", "leisure": "", "railway": "" }, "geometry": { "type": "Point", "coordinates": [ 16.3766931, 48.2183831 ] } },
{ "type": "Feature", "properties": { "id": 13917170755, "osm_type": "node", "category": "orvos_egeszsegugy", "name": "Orvos_egeszsegugy", "amenity": "clinic", "shop": "", "leisure": "", "railway": "" }, "geometry": { "type": "Point", "coordinates": [ 16.3631371, 48.2113622 ] } },
{ "type": "Feature", "properties": { "id": 13948148802, "osm_type": "node", "category": "elelmiszer_bolt", "name": "VIENNA 24/7 SHOP", "amenity": "", "shop": "convenience", "leisure": "", "railway": "" }, "geometry": { "type": "Point", "coordinates": [ 16.370046, 48.2008627 ] } },
{ "type": "Feature", "properties": { "id": 13957514720, "osm_type": "node", "category": "iskola", "name": "Hochhaus", "amenity": "school", "shop": "", "leisure": "", "railway": "" }, "geometry": { "type": "Point", "coordinates": [ 16.3695552, 48.2365698 ] } },
{ "type": "Feature", "properties": { "id": 14013327302, "osm_type": "node", "category": "orvos_egeszsegugy", "name": "Ordination Dr. Nedjeljka Baldass", "amenity": "doctors", "shop": "", "leisure": "", "railway": "" }, "geometry": { "type": "Point", "coordinates": [ 16.3705139, 48.2112549 ] } },
{ "type": "Feature", "properties": { "id": 14022977231, "osm_type": "node", "category": "ovoda", "name": "Kindergarten Lucia", "amenity": "kindergarten", "shop": "", "leisure": "", "railway": "" }, "geometry": { "type": "Point", "coordinates": [ 16.3925164, 48.227303 ] } },
{ "type": "Feature", "properties": { "id": 14027506420, "osm_type": "node", "category": "orvos_egeszsegugy", "name": "Gruppenpraxis DR. LAUER & DR. SAFAR", "amenity": "doctors", "shop": "", "leisure": "", "railway": "" }, "geometry": { "type": "Point", "coordinates": [ 16.4359408, 48.2413582 ] } },
{ "type": "Feature", "properties": { "id": 14032182134, "osm_type": "node", "category": "elelmiszer_bolt", "name": "Al-Ali Markt", "amenity": "", "shop": "convenience", "leisure": "", "railway": "" }, "geometry": { "type": "Point", "coordinates": [ 16.3869069, 48.223243 ] } },
{ "type": "Feature", "properties": { "id": 14032182140, "osm_type": "node", "category": "egyeb", "name": "elebe Spanischinstitut", "amenity": "language_school", "shop": "", "leisure": "", "railway": "" }, "geometry": { "type": "Point", "coordinates": [ 16.3854661, 48.2230175 ] } },
{ "type": "Feature", "properties": { "id": 14065000314, "osm_type": "node", "category": "orvos_egeszsegugy", "name": "Dr. Mo Pachala", "amenity": "doctors", "shop": "", "leisure": "", "railway": "" }, "geometry": { "type": "Point", "coordinates": [ 16.4360998, 48.2413312 ] } },
{ "type": "Feature", "properties": { "id": 14074289801, "osm_type": "node", "category": "orvos_egeszsegugy", "name": "Dr. Huner Othman", "amenity": "doctors", "shop": "", "leisure": "", "railway": "" }, "geometry": { "type": "Point", "coordinates": [ 16.4166206, 48.2291393 ] } },
{ "type": "Feature", "properties": { "id": 14080533260, "osm_type": "node", "category": "orvos_egeszsegugy", "name": "DDr. Christian P. Kozich", "amenity": "doctors", "shop": "", "leisure": "", "railway": "" }, "geometry": { "type": "Point", "coordinates": [ 16.3733999, 48.2098122 ] } },
{ "type": "Feature", "properties": { "id": 14119612635, "osm_type": "node", "category": "orvos_egeszsegugy", "name": "Dr. Thomas Bachrich", "amenity": "doctors", "shop": "", "leisure": "", "railway": "" }, "geometry": { "type": "Point", "coordinates": [ 16.3753375, 48.2171124 ] } },
{ "type": "Feature", "properties": { "id": 14177825861, "osm_type": "node", "category": "elelmiszer_bolt", "name": "Asia Supermarkt", "amenity": "", "shop": "supermarket", "leisure": "", "railway": "" }, "geometry": { "type": "Point", "coordinates": [ 16.4244241, 48.2359983 ] } },
{ "type": "Feature", "properties": { "id": 14181092443, "osm_type": "node", "category": "elelmiszer_bolt", "name": "Billa Plus", "amenity": "", "shop": "supermarket", "leisure": "", "railway": "" }, "geometry": { "type": "Point", "coordinates": [ 16.3941936, 48.2207377 ] } },
{ "type": "Feature", "properties": { "id": 14191482701, "osm_type": "node", "category": "orvos_egeszsegugy", "name": "Augenordination Dr. Helga Klippl", "amenity": "doctors", "shop": "", "leisure": "", "railway": "" }, "geometry": { "type": "Point", "coordinates": [ 16.375398, 48.2158801 ] } },
{ "type": "Feature", "properties": { "id": 8044066, "osm_type": "way", "category": "park_zoldterulet", "name": "Augarten", "amenity": "", "shop": "", "leisure": "park", "railway": "" }, "geometry": { "type": "Point", "coordinates": [ 16.3766029, 48.2245021 ] } },
{ "type": "Feature", "properties": { "id": 8063758, "osm_type": "way", "category": "park_zoldterulet", "name": "Sigmund-Freud-Park", "amenity": "", "shop": "", "leisure": "park", "railway": "" }, "geometry": { "type": "Point", "coordinates": [ 16.3604726, 48.2148918 ] } },
{ "type": "Feature", "properties": { "id": 8063768, "osm_type": "way", "category": "park_zoldterulet", "name": "Volksgarten", "amenity": "", "shop": "", "leisure": "park", "railway": "" }, "geometry": { "type": "Point", "coordinates": [ 16.3617276, 48.2080504 ] } },
{ "type": "Feature", "properties": { "id": 8063831, "osm_type": "way", "category": "park_zoldterulet", "name": "Burggarten", "amenity": "", "shop": "", "leisure": "park", "railway": "" }, "geometry": { "type": "Point", "coordinates": [ 16.3657948, 48.204389 ] } },
{ "type": "Feature", "properties": { "id": 8092399, "osm_type": "way", "category": "park_zoldterulet", "name": "Allerheiligenpark", "amenity": "", "shop": "", "leisure": "park", "railway": "" }, "geometry": { "type": "Point", "coordinates": [ 16.3849767, 48.238293 ] } },
{ "type": "Feature", "properties": { "id": 8900038, "osm_type": "way", "category": "park_zoldterulet", "name": "Börsepark", "amenity": "", "shop": "", "leisure": "park", "railway": "" }, "geometry": { "type": "Point", "coordinates": [ 16.3674564, 48.214439 ] } },
{ "type": "Feature", "properties": { "id": 12619013, "osm_type": "way", "category": "park_zoldterulet", "name": "Haubenstock-Ramati-Park", "amenity": "", "shop": "", "leisure": "park", "railway": "" }, "geometry": { "type": "Point", "coordinates": [ 16.3897039, 48.199615 ] } },
{ "type": "Feature", "properties": { "id": 12619053, "osm_type": "way", "category": "park_zoldterulet", "name": "Park_zoldterulet", "amenity": "", "shop": "", "leisure": "park", "railway": "" }, "geometry": { "type": "Point", "coordinates": [ 16.3916703, 48.1997301 ] } },
{ "type": "Feature", "properties": { "id": 12986957, "osm_type": "way", "category": "park_zoldterulet", "name": "Modenapark", "amenity": "", "shop": "", "leisure": "park", "railway": "" }, "geometry": { "type": "Point", "coordinates": [ 16.3824086, 48.1998507 ] } },
{ "type": "Feature", "properties": { "id": 23312404, "osm_type": "way", "category": "park_zoldterulet", "name": "Rosa-Jochmann-Park", "amenity": "", "shop": "", "leisure": "park", "railway": "" }, "geometry": { "type": "Point", "coordinates": [ 16.3860587, 48.2170554 ] } },
{ "type": "Feature", "properties": { "id": 24341840, "osm_type": "way", "category": "park_zoldterulet", "name": "Park_zoldterulet", "amenity": "", "shop": "", "leisure": "park", "railway": "" }, "geometry": { "type": "Point", "coordinates": [ 16.3729574, 48.2153381 ] } },
{ "type": "Feature", "properties": { "id": 25371146, "osm_type": "way", "category": "park_zoldterulet", "name": "Schillerpark", "amenity": "", "shop": "", "leisure": "park", "railway": "" }, "geometry": { "type": "Point", "coordinates": [ 16.3654876, 48.2021016 ] } },
{ "type": "Feature", "properties": { "id": 25526810, "osm_type": "way", "category": "park_zoldterulet", "name": "Rudolfspark", "amenity": "", "shop": "", "leisure": "park", "railway": "" }, "geometry": { "type": "Point", "coordinates": [ 16.3717217, 48.2141773 ] } },
{ "type": "Feature", "properties": { "id": 26410340, "osm_type": "way", "category": "park_zoldterulet", "name": "Mortarapark", "amenity": "", "shop": "", "leisure": "park", "railway": "" }, "geometry": { "type": "Point", "coordinates": [ 16.3865353, 48.2342322 ] } },
{ "type": "Feature", "properties": { "id": 26640483, "osm_type": "way", "category": "park_zoldterulet", "name": "Donaupark", "amenity": "", "shop": "", "leisure": "park", "railway": "" }, "geometry": { "type": "Point", "coordinates": [ 16.4124398, 48.2391793 ] } },
{ "type": "Feature", "properties": { "id": 26644772, "osm_type": "way", "category": "park_zoldterulet", "name": "Votivpark", "amenity": "", "shop": "", "leisure": "park", "railway": "" }, "geometry": { "type": "Point", "coordinates": [ 16.3591079, 48.2153124 ] } },
{ "type": "Feature", "properties": { "id": 26974886, "osm_type": "way", "category": "park_zoldterulet", "name": "Rosenpark", "amenity": "", "shop": "", "leisure": "park", "railway": "" }, "geometry": { "type": "Point", "coordinates": [ 16.4028564, 48.2259034 ] } },
{ "type": "Feature", "properties": { "id": 28094400, "osm_type": "way", "category": "park_zoldterulet", "name": "Park_zoldterulet", "amenity": "", "shop": "", "leisure": "park", "railway": "" }, "geometry": { "type": "Point", "coordinates": [ 16.378043, 48.2168867 ] } },
{ "type": "Feature", "properties": { "id": 28151223, "osm_type": "way", "category": "park_zoldterulet", "name": "Resselpark", "amenity": "", "shop": "", "leisure": "park", "railway": "" }, "geometry": { "type": "Point", "coordinates": [ 16.3709645, 48.1993774 ] } },
{ "type": "Feature", "properties": { "id": 29300648, "osm_type": "way", "category": "park_zoldterulet", "name": "Lagerwiese Rehlacke", "amenity": "public_bath", "shop": "", "leisure": "park", "railway": "" }, "geometry": { "type": "Point", "coordinates": [ 16.4354464, 48.2306617 ] } },
{ "type": "Feature", "properties": { "id": 29696087, "osm_type": "way", "category": "park_zoldterulet", "name": "Veza-Canetti-Park", "amenity": "", "shop": "", "leisure": "park", "railway": "" }, "geometry": { "type": "Point", "coordinates": [ 16.3848845, 48.2132101 ] } },
{ "type": "Feature", "properties": { "id": 30062145, "osm_type": "way", "category": "park_zoldterulet", "name": "Manès-Sperber-Park", "amenity": "", "shop": "", "leisure": "park", "railway": "" }, "geometry": { "type": "Point", "coordinates": [ 16.378104, 48.2142551 ] } },
{ "type": "Feature", "properties": { "id": 30085951, "osm_type": "way", "category": "park_zoldterulet", "name": "Therese-Krones-Park", "amenity": "", "shop": "", "leisure": "park", "railway": "" }, "geometry": { "type": "Point", "coordinates": [ 16.3841727, 48.2152442 ] } },
{ "type": "Feature", "properties": { "id": 30256061, "osm_type": "way", "category": "park_zoldterulet", "name": "Park_zoldterulet", "amenity": "", "shop": "", "leisure": "park", "railway": "" }, "geometry": { "type": "Point", "coordinates": [ 16.381143, 48.2387674 ] } },
{ "type": "Feature", "properties": { "id": 30292461, "osm_type": "way", "category": "park_zoldterulet", "name": "Grete-Jost-Park", "amenity": "", "shop": "", "leisure": "park", "railway": "" }, "geometry": { "type": "Point", "coordinates": [ 16.3923508, 48.2031998 ] } },
{ "type": "Feature", "properties": { "id": 30292503, "osm_type": "way", "category": "park_zoldterulet", "name": "Czapkapark", "amenity": "", "shop": "", "leisure": "park", "railway": "" }, "geometry": { "type": "Point", "coordinates": [ 16.3911435, 48.2048372 ] } },
{ "type": "Feature", "properties": { "id": 31291878, "osm_type": "way", "category": "park_zoldterulet", "name": "Mexikopark", "amenity": "", "shop": "", "leisure": "park", "railway": "" }, "geometry": { "type": "Point", "coordinates": [ 16.4045542, 48.2242944 ] } },
{ "type": "Feature", "properties": { "id": 31358770, "osm_type": "way", "category": "park_zoldterulet", "name": "Park_zoldterulet", "amenity": "", "shop": "", "leisure": "park", "railway": "" }, "geometry": { "type": "Point", "coordinates": [ 16.4149239, 48.2191234 ] } },
{ "type": "Feature", "properties": { "id": 31484134, "osm_type": "way", "category": "park_zoldterulet", "name": "Dora-Schimanko-Park", "amenity": "", "shop": "", "leisure": "park", "railway": "" }, "geometry": { "type": "Point", "coordinates": [ 16.3734478, 48.2218727 ] } },
{ "type": "Feature", "properties": { "id": 31772895, "osm_type": "way", "category": "park_zoldterulet", "name": "Park_zoldterulet", "amenity": "", "shop": "", "leisure": "park", "railway": "" }, "geometry": { "type": "Point", "coordinates": [ 16.4064874, 48.2253549 ] } },
{ "type": "Feature", "properties": { "id": 31824412, "osm_type": "way", "category": "park_zoldterulet", "name": "Park_zoldterulet", "amenity": "", "shop": "", "leisure": "park", "railway": "" }, "geometry": { "type": "Point", "coordinates": [ 16.3960584, 48.2342329 ] } },
{ "type": "Feature", "properties": { "id": 31976185, "osm_type": "way", "category": "park_zoldterulet", "name": "Erwin Ringel-Park", "amenity": "", "shop": "", "leisure": "park", "railway": "" }, "geometry": { "type": "Point", "coordinates": [ 16.3650296, 48.2171507 ] } },
{ "type": "Feature", "properties": { "id": 32062541, "osm_type": "way", "category": "park_zoldterulet", "name": "Rudolf-Bednar-Park", "amenity": "", "shop": "", "leisure": "park", "railway": "" }, "geometry": { "type": "Point", "coordinates": [ 16.3971189, 48.2261546 ] } },
{ "type": "Feature", "properties": { "id": 32629666, "osm_type": "way", "category": "park_zoldterulet", "name": "Elisabeth-Ben David-Hindler-Park", "amenity": "", "shop": "", "leisure": "park", "railway": "" }, "geometry": { "type": "Point", "coordinates": [ 16.4110219, 48.2176405 ] } },
{ "type": "Feature", "properties": { "id": 32673434, "osm_type": "way", "category": "park_zoldterulet", "name": "Park_zoldterulet", "amenity": "", "shop": "", "leisure": "park", "railway": "" }, "geometry": { "type": "Point", "coordinates": [ 16.45801, 48.1892203 ] } },
{ "type": "Feature", "properties": { "id": 35774297, "osm_type": "way", "category": "park_zoldterulet", "name": "Park_zoldterulet", "amenity": "", "shop": "", "leisure": "park", "railway": "" }, "geometry": { "type": "Point", "coordinates": [ 16.4243608, 48.2262018 ] } },
{ "type": "Feature", "properties": { "id": 36946904, "osm_type": "way", "category": "park_zoldterulet", "name": "Park_zoldterulet", "amenity": "", "shop": "", "leisure": "park", "railway": "" }, "geometry": { "type": "Point", "coordinates": [ 16.3783929, 48.2399267 ] } },
{ "type": "Feature", "properties": { "id": 43327454, "osm_type": "way", "category": "park_zoldterulet", "name": "Park_zoldterulet", "amenity": "", "shop": "", "leisure": "park", "railway": "" }, "geometry": { "type": "Point", "coordinates": [ 16.3773455, 48.201513 ] } },
{ "type": "Feature", "properties": { "id": 43328265, "osm_type": "way", "category": "park_zoldterulet", "name": "Beethovenpark", "amenity": "", "shop": "", "leisure": "park", "railway": "" }, "geometry": { "type": "Point", "coordinates": [ 16.3770013, 48.201916 ] } },
{ "type": "Feature", "properties": { "id": 47738069, "osm_type": "way", "category": "park_zoldterulet", "name": "Esperantopark", "amenity": "", "shop": "", "leisure": "park", "railway": "" }, "geometry": { "type": "Point", "coordinates": [ 16.3672721, 48.2005921 ] } },
{ "type": "Feature", "properties": { "id": 47738078, "osm_type": "way", "category": "park_zoldterulet", "name": "Girardipark", "amenity": "", "shop": "", "leisure": "park", "railway": "" }, "geometry": { "type": "Point", "coordinates": [ 16.368106, 48.2008923 ] } },
{ "type": "Feature", "properties": { "id": 59837931, "osm_type": "way", "category": "park_zoldterulet", "name": "Jakob-Winter-Park", "amenity": "", "shop": "", "leisure": "park", "railway": "" }, "geometry": { "type": "Point", "coordinates": [ 16.3737892, 48.2343015 ] } },
{ "type": "Feature", "properties": { "id": 97286488, "osm_type": "way", "category": "park_zoldterulet", "name": "Park_zoldterulet", "amenity": "", "shop": "", "leisure": "park", "railway": "" }, "geometry": { "type": "Point", "coordinates": [ 16.3854102, 48.2190387 ] } },
{ "type": "Feature", "properties": { "id": 98281097, "osm_type": "way", "category": "park_zoldterulet", "name": "Park_zoldterulet", "amenity": "", "shop": "", "leisure": "park", "railway": "" }, "geometry": { "type": "Point", "coordinates": [ 16.3882946, 48.2136811 ] } },
{ "type": "Feature", "properties": { "id": 104383746, "osm_type": "way", "category": "park_zoldterulet", "name": "Park_zoldterulet", "amenity": "", "shop": "", "leisure": "park", "railway": "" }, "geometry": { "type": "Point", "coordinates": [ 16.3952245, 48.2014617 ] } },
{ "type": "Feature", "properties": { "id": 107047796, "osm_type": "way", "category": "park_zoldterulet", "name": "Park_zoldterulet", "amenity": "", "shop": "", "leisure": "park", "railway": "" }, "geometry": { "type": "Point", "coordinates": [ 16.3805547, 48.2401103 ] } },
{ "type": "Feature", "properties": { "id": 107806017, "osm_type": "way", "category": "park_zoldterulet", "name": "Park_zoldterulet", "amenity": "", "shop": "", "leisure": "park", "railway": "" }, "geometry": { "type": "Point", "coordinates": [ 16.3749436, 48.2124452 ] } },
{ "type": "Feature", "properties": { "id": 109003878, "osm_type": "way", "category": "park_zoldterulet", "name": "Park_zoldterulet", "amenity": "", "shop": "", "leisure": "park", "railway": "" }, "geometry": { "type": "Point", "coordinates": [ 16.392455, 48.2348127 ] } },
{ "type": "Feature", "properties": { "id": 112382949, "osm_type": "way", "category": "park_zoldterulet", "name": "Park_zoldterulet", "amenity": "", "shop": "", "leisure": "park", "railway": "" }, "geometry": { "type": "Point", "coordinates": [ 16.3806289, 48.2413994 ] } },
{ "type": "Feature", "properties": { "id": 112382951, "osm_type": "way", "category": "park_zoldterulet", "name": "Park_zoldterulet", "amenity": "", "shop": "", "leisure": "park", "railway": "" }, "geometry": { "type": "Point", "coordinates": [ 16.3801198, 48.2422101 ] } },
{ "type": "Feature", "properties": { "id": 112382967, "osm_type": "way", "category": "park_zoldterulet", "name": "Park_zoldterulet", "amenity": "", "shop": "", "leisure": "park", "railway": "" }, "geometry": { "type": "Point", "coordinates": [ 16.3802499, 48.2417601 ] } },
{ "type": "Feature", "properties": { "id": 120011727, "osm_type": "way", "category": "park_zoldterulet", "name": "Park_zoldterulet", "amenity": "", "shop": "", "leisure": "park", "railway": "" }, "geometry": { "type": "Point", "coordinates": [ 16.3786736, 48.2203039 ] } },
{ "type": "Feature", "properties": { "id": 120011733, "osm_type": "way", "category": "park_zoldterulet", "name": "Park_zoldterulet", "amenity": "", "shop": "", "leisure": "park", "railway": "" }, "geometry": { "type": "Point", "coordinates": [ 16.3750123, 48.219937 ] } },
{ "type": "Feature", "properties": { "id": 120011734, "osm_type": "way", "category": "park_zoldterulet", "name": "Park_zoldterulet", "amenity": "", "shop": "", "leisure": "park", "railway": "" }, "geometry": { "type": "Point", "coordinates": [ 16.375419, 48.219612 ] } },
{ "type": "Feature", "properties": { "id": 120398648, "osm_type": "way", "category": "park_zoldterulet", "name": "Vilma-Neuwirth-Park", "amenity": "", "shop": "", "leisure": "park", "railway": "" }, "geometry": { "type": "Point", "coordinates": [ 16.3878662, 48.2248469 ] } },
{ "type": "Feature", "properties": { "id": 120631206, "osm_type": "way", "category": "park_zoldterulet", "name": "Else-Feldmann-Park", "amenity": "", "shop": "", "leisure": "park", "railway": "" }, "geometry": { "type": "Point", "coordinates": [ 16.3860039, 48.2253153 ] } },
{ "type": "Feature", "properties": { "id": 122160412, "osm_type": "way", "category": "park_zoldterulet", "name": "Park_zoldterulet", "amenity": "", "shop": "", "leisure": "park", "railway": "" }, "geometry": { "type": "Point", "coordinates": [ 16.3737279, 48.222355 ] } },
{ "type": "Feature", "properties": { "id": 122161144, "osm_type": "way", "category": "park_zoldterulet", "name": "Park_zoldterulet", "amenity": "", "shop": "", "leisure": "park", "railway": "" }, "geometry": { "type": "Point", "coordinates": [ 16.3743145, 48.2227266 ] } },
{ "type": "Feature", "properties": { "id": 122258624, "osm_type": "way", "category": "park_zoldterulet", "name": "Park_zoldterulet", "amenity": "", "shop": "", "leisure": "park", "railway": "" }, "geometry": { "type": "Point", "coordinates": [ 16.3757024, 48.2211521 ] } },
{ "type": "Feature", "properties": { "id": 122258626, "osm_type": "way", "category": "park_zoldterulet", "name": "Park_zoldterulet", "amenity": "", "shop": "", "leisure": "park", "railway": "" }, "geometry": { "type": "Point", "coordinates": [ 16.3760804, 48.2215274 ] } },
{ "type": "Feature", "properties": { "id": 122258630, "osm_type": "way", "category": "park_zoldterulet", "name": "Park_zoldterulet", "amenity": "", "shop": "", "leisure": "park", "railway": "" }, "geometry": { "type": "Point", "coordinates": [ 16.3751336, 48.2222515 ] } },
{ "type": "Feature", "properties": { "id": 132922700, "osm_type": "way", "category": "park_zoldterulet", "name": "Park_zoldterulet", "amenity": "", "shop": "", "leisure": "park", "railway": "" }, "geometry": { "type": "Point", "coordinates": [ 16.3937018, 48.2067943 ] } },
{ "type": "Feature", "properties": { "id": 146984834, "osm_type": "way", "category": "park_zoldterulet", "name": "Lancplatz", "amenity": "", "shop": "", "leisure": "park", "railway": "" }, "geometry": { "type": "Point", "coordinates": [ 16.3810345, 48.2169337 ] } },
{ "type": "Feature", "properties": { "id": 156836189, "osm_type": "way", "category": "park_zoldterulet", "name": "Brigittapark", "amenity": "", "shop": "", "leisure": "park", "railway": "" }, "geometry": { "type": "Point", "coordinates": [ 16.3712221, 48.2322543 ] } },
{ "type": "Feature", "properties": { "id": 156836200, "osm_type": "way", "category": "park_zoldterulet", "name": "Hugo-Gottschlich-Park", "amenity": "", "shop": "", "leisure": "park", "railway": "" }, "geometry": { "type": "Point", "coordinates": [ 16.3721913, 48.2355561 ] } },
{ "type": "Feature", "properties": { "id": 157588720, "osm_type": "way", "category": "park_zoldterulet", "name": "Park_zoldterulet", "amenity": "", "shop": "", "leisure": "park", "railway": "" }, "geometry": { "type": "Point", "coordinates": [ 16.3778954, 48.2377123 ] } },
{ "type": "Feature", "properties": { "id": 158329814, "osm_type": "way", "category": "park_zoldterulet", "name": "Liechtensteinpark", "amenity": "", "shop": "", "leisure": "park", "railway": "" }, "geometry": { "type": "Point", "coordinates": [ 16.358943, 48.2234794 ] } },
{ "type": "Feature", "properties": { "id": 158383645, "osm_type": "way", "category": "park_zoldterulet", "name": "Lili-Grün-Platz", "amenity": "", "shop": "", "leisure": "park", "railway": "" }, "geometry": { "type": "Point", "coordinates": [ 16.3811042, 48.2228387 ] } },
{ "type": "Feature", "properties": { "id": 160577097, "osm_type": "way", "category": "park_zoldterulet", "name": "Max-Winter-Park", "amenity": "", "shop": "", "leisure": "park", "railway": "" }, "geometry": { "type": "Point", "coordinates": [ 16.400159, 48.2202934 ] } },
{ "type": "Feature", "properties": { "id": 167926058, "osm_type": "way", "category": "park_zoldterulet", "name": "Josef-Pfeifer-Park", "amenity": "", "shop": "", "leisure": "park", "railway": "" }, "geometry": { "type": "Point", "coordinates": [ 16.3873901, 48.2058713 ] } },
{ "type": "Feature", "properties": { "id": 172070834, "osm_type": "way", "category": "park_zoldterulet", "name": "Sachsenpark", "amenity": "", "shop": "", "leisure": "park", "railway": "" }, "geometry": { "type": "Point", "coordinates": [ 16.37639, 48.2320315 ] } },
{ "type": "Feature", "properties": { "id": 175276329, "osm_type": "way", "category": "park_zoldterulet", "name": "Friedrich-Gulda-Park", "amenity": "", "shop": "", "leisure": "park", "railway": "" }, "geometry": { "type": "Point", "coordinates": [ 16.3889079, 48.2024328 ] } },
{ "type": "Feature", "properties": { "id": 178648707, "osm_type": "way", "category": "park_zoldterulet", "name": "Rockpark", "amenity": "", "shop": "", "leisure": "park", "railway": "" }, "geometry": { "type": "Point", "coordinates": [ 16.3627121, 48.2119882 ] } },
{ "type": "Feature", "properties": { "id": 183963191, "osm_type": "way", "category": "park_zoldterulet", "name": "Donauinsel", "amenity": "", "shop": "", "leisure": "park", "railway": "" }, "geometry": { "type": "Point", "coordinates": [ 16.4374087, 48.2266188 ] } },
{ "type": "Feature", "properties": { "id": 184019768, "osm_type": "way", "category": "park_zoldterulet", "name": "Park_zoldterulet", "amenity": "", "shop": "", "leisure": "park", "railway": "" }, "geometry": { "type": "Point", "coordinates": [ 16.3749016, 48.2151303 ] } },
{ "type": "Feature", "properties": { "id": 188664277, "osm_type": "way", "category": "park_zoldterulet", "name": "Großstadt-Dschungel", "amenity": "", "shop": "", "leisure": "park", "railway": "" }, "geometry": { "type": "Point", "coordinates": [ 16.3944162, 48.232502 ] } },
{ "type": "Feature", "properties": { "id": 194774141, "osm_type": "way", "category": "park_zoldterulet", "name": "Park_zoldterulet", "amenity": "", "shop": "", "leisure": "park", "railway": "" }, "geometry": { "type": "Point", "coordinates": [ 16.4299238, 48.2381438 ] } },
{ "type": "Feature", "properties": { "id": 207499620, "osm_type": "way", "category": "park_zoldterulet", "name": "Rabbiner-Schneerson-Platz", "amenity": "", "shop": "", "leisure": "park", "railway": "" }, "geometry": { "type": "Point", "coordinates": [ 16.3801583, 48.2282341 ] } },
{ "type": "Feature", "properties": { "id": 207955315, "osm_type": "way", "category": "park_zoldterulet", "name": "Cholewkapark", "amenity": "", "shop": "", "leisure": "park", "railway": "" }, "geometry": { "type": "Point", "coordinates": [ 16.4249911, 48.2271446 ] } },
{ "type": "Feature", "properties": { "id": 227039946, "osm_type": "way", "category": "park_zoldterulet", "name": "PaN-Garten", "amenity": "", "shop": "", "leisure": "park", "railway": "" }, "geometry": { "type": "Point", "coordinates": [ 16.3647793, 48.211514 ] } },
{ "type": "Feature", "properties": { "id": 237051499, "osm_type": "way", "category": "park_zoldterulet", "name": "Park_zoldterulet", "amenity": "", "shop": "", "leisure": "park", "railway": "" }, "geometry": { "type": "Point", "coordinates": [ 16.4455213, 48.2335706 ] } },
{ "type": "Feature", "properties": { "id": 275491385, "osm_type": "way", "category": "park_zoldterulet", "name": "Park_zoldterulet", "amenity": "", "shop": "", "leisure": "park", "railway": "" }, "geometry": { "type": "Point", "coordinates": [ 16.4440786, 48.233862 ] } },
{ "type": "Feature", "properties": { "id": 288998219, "osm_type": "way", "category": "park_zoldterulet", "name": "Park_zoldterulet", "amenity": "", "shop": "", "leisure": "park", "railway": "" }, "geometry": { "type": "Point", "coordinates": [ 16.424729, 48.2312673 ] } },
{ "type": "Feature", "properties": { "id": 288998220, "osm_type": "way", "category": "park_zoldterulet", "name": "Kleiner Säulenhaufen", "amenity": "", "shop": "", "leisure": "park", "railway": "" }, "geometry": { "type": "Point", "coordinates": [ 16.4228131, 48.2306429 ] } },
{ "type": "Feature", "properties": { "id": 328234408, "osm_type": "way", "category": "park_zoldterulet", "name": "Hugo-Gottschlich-Park", "amenity": "", "shop": "", "leisure": "park", "railway": "" }, "geometry": { "type": "Point", "coordinates": [ 16.3686387, 48.235222 ] } },
{ "type": "Feature", "properties": { "id": 347060527, "osm_type": "way", "category": "park_zoldterulet", "name": "Park_zoldterulet", "amenity": "", "shop": "", "leisure": "park", "railway": "" }, "geometry": { "type": "Point", "coordinates": [ 16.3815995, 48.2099757 ] } },
{ "type": "Feature", "properties": { "id": 349693925, "osm_type": "way", "category": "park_zoldterulet", "name": "Park_zoldterulet", "amenity": "", "shop": "", "leisure": "park", "railway": "" }, "geometry": { "type": "Point", "coordinates": [ 16.3689853, 48.2049278 ] } },
{ "type": "Feature", "properties": { "id": 352164101, "osm_type": "way", "category": "park_zoldterulet", "name": "Park_zoldterulet", "amenity": "", "shop": "", "leisure": "park", "railway": "" }, "geometry": { "type": "Point", "coordinates": [ 16.3789836, 48.2112999 ] } },
{ "type": "Feature", "properties": { "id": 356996769, "osm_type": "way", "category": "park_zoldterulet", "name": "Anton-Kummerer-Park", "amenity": "", "shop": "", "leisure": "park", "railway": "" }, "geometry": { "type": "Point", "coordinates": [ 16.3640159, 48.2348682 ] } },
{ "type": "Feature", "properties": { "id": 385723197, "osm_type": "way", "category": "park_zoldterulet", "name": "Geniehof", "amenity": "", "shop": "", "leisure": "park", "railway": "" }, "geometry": { "type": "Point", "coordinates": [ 16.3633637, 48.2011076 ] } },
{ "type": "Feature", "properties": { "id": 389762941, "osm_type": "way", "category": "park_zoldterulet", "name": "Herrmannpark", "amenity": "", "shop": "", "leisure": "park", "railway": "" }, "geometry": { "type": "Point", "coordinates": [ 16.3879737, 48.2122662 ] } },
{ "type": "Feature", "properties": { "id": 413496152, "osm_type": "way", "category": "park_zoldterulet", "name": "Strombucht", "amenity": "public_bath", "shop": "", "leisure": "park", "railway": "" }, "geometry": { "type": "Point", "coordinates": [ 16.4307976, 48.2203998 ] } },
{ "type": "Feature", "properties": { "id": 465438012, "osm_type": "way", "category": "park_zoldterulet", "name": "Franziska-Löw-Park", "amenity": "", "shop": "", "leisure": "park", "railway": "" }, "geometry": { "type": "Point", "coordinates": [ 16.390799, 48.2230478 ] } },
{ "type": "Feature", "properties": { "id": 544242803, "osm_type": "way", "category": "park_zoldterulet", "name": "Odeonpark", "amenity": "", "shop": "", "leisure": "park", "railway": "" }, "geometry": { "type": "Point", "coordinates": [ 16.3847818, 48.2178049 ] } },
{ "type": "Feature", "properties": { "id": 551031460, "osm_type": "way", "category": "park_zoldterulet", "name": "Stadtpark-Kinderpark", "amenity": "", "shop": "", "leisure": "park", "railway": "" }, "geometry": { "type": "Point", "coordinates": [ 16.3808684, 48.2040005 ] } },
{ "type": "Feature", "properties": { "id": 551031461, "osm_type": "way", "category": "park_zoldterulet", "name": "Stadtpark", "amenity": "", "shop": "", "leisure": "park", "railway": "" }, "geometry": { "type": "Point", "coordinates": [ 16.379574, 48.2047644 ] } },
{ "type": "Feature", "properties": { "id": 627737296, "osm_type": "way", "category": "park_zoldterulet", "name": "Park_zoldterulet", "amenity": "", "shop": "", "leisure": "park", "railway": "" }, "geometry": { "type": "Point", "coordinates": [ 16.4037569, 48.2255997 ] } },
{ "type": "Feature", "properties": { "id": 627737314, "osm_type": "way", "category": "park_zoldterulet", "name": "Park_zoldterulet", "amenity": "", "shop": "", "leisure": "park", "railway": "" }, "geometry": { "type": "Point", "coordinates": [ 16.4045419, 48.2250754 ] } },
{ "type": "Feature", "properties": { "id": 731207205, "osm_type": "way", "category": "park_zoldterulet", "name": "Park_zoldterulet", "amenity": "", "shop": "", "leisure": "park", "railway": "" }, "geometry": { "type": "Point", "coordinates": [ 16.4200407, 48.2133735 ] } },
{ "type": "Feature", "properties": { "id": 740484644, "osm_type": "way", "category": "park_zoldterulet", "name": "Park_zoldterulet", "amenity": "", "shop": "", "leisure": "park", "railway": "" }, "geometry": { "type": "Point", "coordinates": [ 16.370893, 48.2345266 ] } },
{ "type": "Feature", "properties": { "id": 803284622, "osm_type": "way", "category": "park_zoldterulet", "name": "Leonie-Rysanek-Park", "amenity": "", "shop": "", "leisure": "park", "railway": "" }, "geometry": { "type": "Point", "coordinates": [ 16.4060555, 48.1993977 ] } },
{ "type": "Feature", "properties": { "id": 833581238, "osm_type": "way", "category": "park_zoldterulet", "name": "Park_zoldterulet", "amenity": "", "shop": "", "leisure": "park", "railway": "" }, "geometry": { "type": "Point", "coordinates": [ 16.4144964, 48.2155453 ] } },
{ "type": "Feature", "properties": { "id": 880824291, "osm_type": "way", "category": "park_zoldterulet", "name": "Lagerwiese Rehlacke", "amenity": "", "shop": "", "leisure": "park", "railway": "" }, "geometry": { "type": "Point", "coordinates": [ 16.437328, 48.2314888 ] } },
{ "type": "Feature", "properties": { "id": 983699518, "osm_type": "way", "category": "park_zoldterulet", "name": "Ruth-Maier-Park", "amenity": "", "shop": "", "leisure": "park", "railway": "" }, "geometry": { "type": "Point", "coordinates": [ 16.3701647, 48.219545 ] } },
{ "type": "Feature", "properties": { "id": 1013077310, "osm_type": "way", "category": "park_zoldterulet", "name": "Fritzi-Massary-Park", "amenity": "", "shop": "", "leisure": "park", "railway": "" }, "geometry": { "type": "Point", "coordinates": [ 16.4166103, 48.2159127 ] } },
{ "type": "Feature", "properties": { "id": 1042207345, "osm_type": "way", "category": "park_zoldterulet", "name": "Park_zoldterulet", "amenity": "", "shop": "", "leisure": "park", "railway": "" }, "geometry": { "type": "Point", "coordinates": [ 16.3936721, 48.2337453 ] } },
{ "type": "Feature", "properties": { "id": 1061286060, "osm_type": "way", "category": "park_zoldterulet", "name": "Park_zoldterulet", "amenity": "", "shop": "", "leisure": "park", "railway": "" }, "geometry": { "type": "Point", "coordinates": [ 16.4279929, 48.2378061 ] } },
{ "type": "Feature", "properties": { "id": 1077764991, "osm_type": "way", "category": "park_zoldterulet", "name": "Wettsteinpark", "amenity": "", "shop": "", "leisure": "park", "railway": "" }, "geometry": { "type": "Point", "coordinates": [ 16.369152, 48.2221902 ] } },
{ "type": "Feature", "properties": { "id": 1092235203, "osm_type": "way", "category": "park_zoldterulet", "name": "Therese-Ammon-Park", "amenity": "", "shop": "", "leisure": "park", "railway": "" }, "geometry": { "type": "Point", "coordinates": [ 16.3923285, 48.2328293 ] } },
{ "type": "Feature", "properties": { "id": 1107363699, "osm_type": "way", "category": "park_zoldterulet", "name": "Freie Mitte Parkband 1", "amenity": "", "shop": "", "leisure": "park", "railway": "" }, "geometry": { "type": "Point", "coordinates": [ 16.3910803, 48.2260455 ] } },
{ "type": "Feature", "properties": { "id": 1122306246, "osm_type": "way", "category": "park_zoldterulet", "name": "Parkanlage Nordbahnhof - Freie Mitte", "amenity": "", "shop": "", "leisure": "park", "railway": "" }, "geometry": { "type": "Point", "coordinates": [ 16.3905442, 48.2297379 ] } },
{ "type": "Feature", "properties": { "id": 1172718429, "osm_type": "way", "category": "park_zoldterulet", "name": "Erika-Morini-Park", "amenity": "", "shop": "", "leisure": "park", "railway": "" }, "geometry": { "type": "Point", "coordinates": [ 16.4152318, 48.2147458 ] } },
{ "type": "Feature", "properties": { "id": 1186902903, "osm_type": "way", "category": "park_zoldterulet", "name": "Jonny-Moser-Park", "amenity": "", "shop": "", "leisure": "park", "railway": "" }, "geometry": { "type": "Point", "coordinates": [ 16.3720361, 48.2163711 ] } },
{ "type": "Feature", "properties": { "id": 1190452268, "osm_type": "way", "category": "park_zoldterulet", "name": "Lateinamerika-Karibik-Park", "amenity": "", "shop": "", "leisure": "park", "railway": "" }, "geometry": { "type": "Point", "coordinates": [ 16.4113338, 48.2413997 ] } },
{ "type": "Feature", "properties": { "id": 1205025751, "osm_type": "way", "category": "park_zoldterulet", "name": "Park_zoldterulet", "amenity": "", "shop": "", "leisure": "park", "railway": "" }, "geometry": { "type": "Point", "coordinates": [ 16.3692173, 48.2190838 ] } },
{ "type": "Feature", "properties": { "id": 1205025752, "osm_type": "way", "category": "park_zoldterulet", "name": "Park_zoldterulet", "amenity": "", "shop": "", "leisure": "park", "railway": "" }, "geometry": { "type": "Point", "coordinates": [ 16.3671101, 48.2232167 ] } },
{ "type": "Feature", "properties": { "id": 1205025753, "osm_type": "way", "category": "park_zoldterulet", "name": "Park_zoldterulet", "amenity": "", "shop": "", "leisure": "park", "railway": "" }, "geometry": { "type": "Point", "coordinates": [ 16.3633502, 48.229443 ] } },
{ "type": "Feature", "properties": { "id": 1205025754, "osm_type": "way", "category": "park_zoldterulet", "name": "Park_zoldterulet", "amenity": "", "shop": "", "leisure": "park", "railway": "" }, "geometry": { "type": "Point", "coordinates": [ 16.3652529, 48.2398021 ] } },
{ "type": "Feature", "properties": { "id": 1205289901, "osm_type": "way", "category": "park_zoldterulet", "name": "Park_zoldterulet", "amenity": "", "shop": "", "leisure": "park", "railway": "" }, "geometry": { "type": "Point", "coordinates": [ 16.3678148, 48.2236447 ] } },
{ "type": "Feature", "properties": { "id": 1205289902, "osm_type": "way", "category": "park_zoldterulet", "name": "Park_zoldterulet", "amenity": "", "shop": "", "leisure": "park", "railway": "" }, "geometry": { "type": "Point", "coordinates": [ 16.3638804, 48.2319001 ] } },
{ "type": "Feature", "properties": { "id": 1205289903, "osm_type": "way", "category": "park_zoldterulet", "name": "Park_zoldterulet", "amenity": "", "shop": "", "leisure": "park", "railway": "" }, "geometry": { "type": "Point", "coordinates": [ 16.3651171, 48.2404479 ] } },
{ "type": "Feature", "properties": { "id": 1205289906, "osm_type": "way", "category": "park_zoldterulet", "name": "Park_zoldterulet", "amenity": "", "shop": "", "leisure": "park", "railway": "" }, "geometry": { "type": "Point", "coordinates": [ 16.4061984, 48.1993931 ] } },
{ "type": "Feature", "properties": { "id": 1205296610, "osm_type": "way", "category": "park_zoldterulet", "name": "Park_zoldterulet", "amenity": "", "shop": "", "leisure": "park", "railway": "" }, "geometry": { "type": "Point", "coordinates": [ 16.3810032, 48.2400856 ] } },
{ "type": "Feature", "properties": { "id": 1219565098, "osm_type": "way", "category": "park_zoldterulet", "name": "Park_zoldterulet", "amenity": "", "shop": "", "leisure": "park", "railway": "" }, "geometry": { "type": "Point", "coordinates": [ 16.4331149, 48.205877 ] } },
{ "type": "Feature", "properties": { "id": 1219565099, "osm_type": "way", "category": "park_zoldterulet", "name": "Park_zoldterulet", "amenity": "", "shop": "", "leisure": "park", "railway": "" }, "geometry": { "type": "Point", "coordinates": [ 16.4269867, 48.2101055 ] } },
{ "type": "Feature", "properties": { "id": 1221356285, "osm_type": "way", "category": "park_zoldterulet", "name": "Park_zoldterulet", "amenity": "", "shop": "", "leisure": "park", "railway": "" }, "geometry": { "type": "Point", "coordinates": [ 16.4438212, 48.2388548 ] } },
{ "type": "Feature", "properties": { "id": 1222020494, "osm_type": "way", "category": "park_zoldterulet", "name": "Ballspielplatz Donaustadt", "amenity": "", "shop": "", "leisure": "park", "railway": "" }, "geometry": { "type": "Point", "coordinates": [ 16.4388819, 48.2385929 ] } },
{ "type": "Feature", "properties": { "id": 1222345422, "osm_type": "way", "category": "park_zoldterulet", "name": "Park_zoldterulet", "amenity": "", "shop": "", "leisure": "park", "railway": "" }, "geometry": { "type": "Point", "coordinates": [ 16.4795764, 48.1858185 ] } },
{ "type": "Feature", "properties": { "id": 1222799643, "osm_type": "way", "category": "park_zoldterulet", "name": "Park_zoldterulet", "amenity": "", "shop": "", "leisure": "park", "railway": "" }, "geometry": { "type": "Point", "coordinates": [ 16.4370538, 48.221143 ] } },
{ "type": "Feature", "properties": { "id": 1222799644, "osm_type": "way", "category": "park_zoldterulet", "name": "Park_zoldterulet", "amenity": "", "shop": "", "leisure": "park", "railway": "" }, "geometry": { "type": "Point", "coordinates": [ 16.433173, 48.2329666 ] } },
{ "type": "Feature", "properties": { "id": 1223952292, "osm_type": "way", "category": "park_zoldterulet", "name": "Park_zoldterulet", "amenity": "", "shop": "", "leisure": "park", "railway": "" }, "geometry": { "type": "Point", "coordinates": [ 16.3753041, 48.2417084 ] } },
{ "type": "Feature", "properties": { "id": 1224536130, "osm_type": "way", "category": "park_zoldterulet", "name": "Park_zoldterulet", "amenity": "", "shop": "", "leisure": "park", "railway": "" }, "geometry": { "type": "Point", "coordinates": [ 16.3694923, 48.2390543 ] } },
{ "type": "Feature", "properties": { "id": 1224536131, "osm_type": "way", "category": "park_zoldterulet", "name": "Park_zoldterulet", "amenity": "", "shop": "", "leisure": "park", "railway": "" }, "geometry": { "type": "Point", "coordinates": [ 16.369136, 48.2407238 ] } },
{ "type": "Feature", "properties": { "id": 1224536132, "osm_type": "way", "category": "park_zoldterulet", "name": "Park_zoldterulet", "amenity": "", "shop": "", "leisure": "park", "railway": "" }, "geometry": { "type": "Point", "coordinates": [ 16.3686472, 48.2426478 ] } },
{ "type": "Feature", "properties": { "id": 1353318123, "osm_type": "way", "category": "park_zoldterulet", "name": "Park_zoldterulet", "amenity": "", "shop": "", "leisure": "park", "railway": "" }, "geometry": { "type": "Point", "coordinates": [ 16.390266, 48.2259478 ] } },
{ "type": "Feature", "properties": { "id": 1382103365, "osm_type": "way", "category": "park_zoldterulet", "name": "Rabbiner-Schneerson-Platz", "amenity": "", "shop": "", "leisure": "park", "railway": "" }, "geometry": { "type": "Point", "coordinates": [ 16.3807623, 48.2282094 ] } },
{ "type": "Feature", "properties": { "id": 1396806859, "osm_type": "way", "category": "park_zoldterulet", "name": "Park_zoldterulet", "amenity": "", "shop": "", "leisure": "park", "railway": "" }, "geometry": { "type": "Point", "coordinates": [ 16.3872999, 48.2144882 ] } },
{ "type": "Feature", "properties": { "id": 1470065217, "osm_type": "way", "category": "park_zoldterulet", "name": "Hans-Hass-Park", "amenity": "", "shop": "", "leisure": "park", "railway": "" }, "geometry": { "type": "Point", "coordinates": [ 16.4194262, 48.2276475 ] } },
{ "type": "Feature", "properties": { "id": 1470131484, "osm_type": "way", "category": "park_zoldterulet", "name": "Park_zoldterulet", "amenity": "", "shop": "", "leisure": "park", "railway": "" }, "geometry": { "type": "Point", "coordinates": [ 16.4053748, 48.2383116 ] } }
]
}
