{"type": "FeatureCollection", "features": [{"type": "Feature", "geometry": {"type": "Point", "coordinates": [16.4012182, 48.2134324]}, "properties": {"category": "vasutallomas", "name": "Schweizerhaus-Luftburg"}}, {"type": "Feature", "geometry": {"type": "Point", "coordinates": [16.3746041, 48.2069576]}, "properties": {"category": "gyogyszertar", "name": "Apotheke \"Zum goldenen Reichsapfel\""}}, {"type": "Feature", "geometry": {"type": "Point", "coordinates": [16.3840794, 48.2380608]}, "properties": {"category": "gyogyszertar", "name": "Allerheiligen Apotheke"}}, {"type": "Feature", "geometry": {"type": "Point", "coordinates": [16.3735891, 48.2211771]}, "properties": {"category": "elelmiszer_bolt", "name": "Billa"}}, {"type": "Feature", "geometry": {"type": "Point", "coordinates": [16.3722157, 48.2205017]}, "properties": {"category": "iskola", "name": "HAK/HAS Augarten"}}, {"type": "Feature", "geometry": {"type": "Point", "coordinates": [16.3856625, 48.2167993]}, "properties": {"category": "elelmiszer_bolt", "name": "Nakwon"}}, {"type": "Feature", "geometry": {"type": "Point", "coordinates": [16.3725817, 48.2076051]}, "properties": {"category": "elelmiszer_bolt", "name": "Billa"}}, {"type": "Feature", "geometry": {"type": "Point", "coordinates": [16.3922629, 48.2020946]}, "properties": {"category": "vasutallomas", "name": "Rochusgasse"}}, {"type": "Feature", "geometry": {"type": "Point", "coordinates": [16.3928589, 48.2087419]}, "properties": {"category": "elelmiszer_bolt", "name": "Billa"}}, {"type": "Feature", "geometry": {"type": "Point", "coordinates": [16.3930632, 48.2084851]}, "properties": {"category": "gyogyszertar", "name": "Apotheke \"Zum heiligen Othmar\""}}, {"type": "Feature", "geometry": {"type": "Point", "coordinates": [16.3901051, 48.2111464]}, "properties": {"category": "gyogyszertar", "name": "Apotheke \"Zum Feldmarschall Radetzky\""}}, {"type": "Feature", "geometry": {"type": "Point", "coordinates": [16.3992724, 48.2063691]}, "properties": {"category": "iskola", "name": "Museum des Blindenwesens"}}, {"type": "Feature", "geometry": {"type": "Point", "coordinates": [16.3971332, 48.2006095]}, "properties": {"category": "elelmiszer_bolt", "name": "Eurospar"}}, {"type": "Feature", "geometry": {"type": "Point", "coordinates": [16.3929078, 48.2025494]}, "properties": {"category": "gyogyszertar", "name": "Petrus-Apotheke"}}, {"type": "Feature", "geometry": {"type": "Point", "coordinates": [16.3642077, 48.2265118]}, "properties": {"category": "gyogyszertar", "name": "Apotheke U4 Friedensbrücke"}}, {"type": "Feature", "geometry": {"type": "Point", "coordinates": [16.3856676, 48.2057626]}, "properties": {"category": "vasutallomas", "name": "Landstraße"}}, {"type": "Feature", "geometry": {"type": "Point", "coordinates": [16.3703825, 48.2264879]}, "properties": {"category": "elelmiszer_bolt", "name": "Bäckerei Prindl"}}, {"type": "Feature", "geometry": {"type": "Point", "coordinates": [16.3918468, 48.2136723]}, "properties": {"category": "elelmiszer_bolt", "name": "Penny"}}, {"type": "Feature", "geometry": {"type": "Point", "coordinates": [16.3697071, 48.2354195]}, "properties": {"category": "elelmiszer_bolt", "name": "Billa Plus"}}, {"type": "Feature", "geometry": {"type": "Point", "coordinates": [16.4148749, 48.2056302]}, "properties": {"category": "vasutallomas", "name": "Stadion"}}, {"type": "Feature", "geometry": {"type": "Point", "coordinates": [16.3631355, 48.2190371]}, "properties": {"category": "gyogyszertar", "name": "Apotheke \"Zum Biber\""}}, {"type": "Feature", "geometry": {"type": "Point", "coordinates": [16.3981303, 48.206722]}, "properties": {"category": "elelmiszer_bolt", "name": "Kurti Markt"}}, {"type": "Feature", "geometry": {"type": "Point", "coordinates": [16.3987017, 48.2059419]}, "properties": {"category": "gyogyszertar", "name": "Lotos Apotheke"}}, {"type": "Feature", "geometry": {"type": "Point", "coordinates": [16.3894806, 48.2067482]}, "properties": {"category": "gyogyszertar", "name": "Sophien-Apotheke"}}, {"type": "Feature", "geometry": {"type": "Point", "coordinates": [16.3872888, 48.207468]}, "properties": {"category": "elelmiszer_bolt", "name": "Billa"}}, {"type": "Feature", "geometry": {"type": "Point", "coordinates": [16.3966662, 48.2154036]}, "properties": {"category": "vasutallomas", "name": "Prater Hauptbahnhof"}}, {"type": "Feature", "geometry": {"type": "Point", "coordinates": [16.3814258, 48.2187932]}, "properties": {"category": "elelmiszer_bolt", "name": "SPAR Gourmet"}}, {"type": "Feature", "geometry": {"type": "Point", "coordinates": [16.3776998, 48.2061491]}, "properties": {"category": "park_zoldterulet", "name": ""}}, {"type": "Feature", "geometry": {"type": "Point", "coordinates": [16.3804142, 48.2194868]}, "properties": {"category": "elelmiszer_bolt", "name": "Hofer"}}, {"type": "Feature", "geometry": {"type": "Point", "coordinates": [16.3811536, 48.2171718]}, "properties": {"category": "gyogyszertar", "name": "Bären Apotheke"}}, {"type": "Feature", "geometry": {"type": "Point", "coordinates": [16.3725964, 48.2125282]}, "properties": {"category": "elelmiszer_bolt", "name": "Spar Gourmet"}}, {"type": "Feature", "geometry": {"type": "Point", "coordinates": [16.375824, 48.2148879]}, "properties": {"category": "elelmiszer_bolt", "name": "Grimm"}}, {"type": "Feature", "geometry": {"type": "Point", "coordinates": [16.3656869, 48.2119098]}, "properties": {"category": "gyogyszertar", "name": "Apotheke zu unserer lieben Frau bei den Schotten"}}, {"type": "Feature", "geometry": {"type": "Point", "coordinates": [16.3749473, 48.2212781]}, "properties": {"category": "iskola", "name": "Leopoldschule"}}, {"type": "Feature", "geometry": {"type": "Point", "coordinates": [16.3647877, 48.1988224]}, "properties": {"category": "elelmiszer_bolt", "name": "Billa"}}, {"type": "Feature", "geometry": {"type": "Point", "coordinates": [16.3629913, 48.1987562]}, "properties": {"category": "elelmiszer_bolt", "name": "Billa"}}, {"type": "Feature", "geometry": {"type": "Point", "coordinates": [16.3902564, 48.2101554]}, "properties": {"category": "iskola", "name": "Kolonitzschule"}}, {"type": "Feature", "geometry": {"type": "Point", "coordinates": [16.3774902, 48.215473]}, "properties": {"category": "iskola", "name": "VS Kleine Sperlgasse"}}, {"type": "Feature", "geometry": {"type": "Point", "coordinates": [16.3862644, 48.2054113]}, "properties": {"category": "gyogyszertar", "name": "Apotheke \"Zur heiligen Elisabeth\""}}, {"type": "Feature", "geometry": {"type": "Point", "coordinates": [16.3901965, 48.2025388]}, "properties": {"category": "gyogyszertar", "name": "St. Rochus-Apotheke"}}, {"type": "Feature", "geometry": {"type": "Point", "coordinates": [16.39097, 48.2019798]}, "properties": {"category": "gyogyszertar", "name": "Zum schwarzen Adler"}}, {"type": "Feature", "geometry": {"type": "Point", "coordinates": [16.3875505, 48.1989197]}, "properties": {"category": "gyogyszertar", "name": "Neuling-Apotheke"}}, {"type": "Feature", "geometry": {"type": "Point", "coordinates": [16.3800582, 48.2154449]}, "properties": {"category": "iskola", "name": "Musikschule Leopoldstadt"}}, {"type": "Feature", "geometry": {"type": "Point", "coordinates": [16.3724142, 48.2090586]}, "properties": {"category": "gyogyszertar", "name": "Alte Feldapotheke"}}, {"type": "Feature", "geometry": {"type": "Point", "coordinates": [16.3695546, 48.2066729]}, "properties": {"category": "gyogyszertar", "name": "Alte Leopoldsapotheke"}}, {"type": "Feature", "geometry": {"type": "Point", "coordinates": [16.3674367, 48.2085306]}, "properties": {"category": "gyogyszertar", "name": "Zum goldenen Hirschen"}}, {"type": "Feature", "geometry": {"type": "Point", "coordinates": [16.3710789, 48.2079404]}, "properties": {"category": "gyogyszertar", "name": "Graben-Apotheke \"Zum schwarzen Bären\""}}, {"type": "Feature", "geometry": {"type": "Point", "coordinates": [16.3847848, 48.2362354]}, "properties": {"category": "elelmiszer_bolt", "name": "Billa Plus"}}, {"type": "Feature", "geometry": {"type": "Point", "coordinates": [16.3846232, 48.2366275]}, "properties": {"category": "elelmiszer_bolt", "name": "Anker"}}, {"type": "Feature", "geometry": {"type": "Point", "coordinates": [16.3669813, 48.2281602]}, "properties": {"category": "elelmiszer_bolt", "name": "Bäckerei Arena"}}, {"type": "Feature", "geometry": {"type": "Point", "coordinates": [16.3790647, 48.2365662]}, "properties": {"category": "elelmiszer_bolt", "name": "Hedef"}}, {"type": "Feature", "geometry": {"type": "Point", "coordinates": [16.3779575, 48.2154295]}, "properties": {"category": "iskola", "name": "Neue Mittelschule Kleine Sperlgasse"}}, {"type": "Feature", "geometry": {"type": "Point", "coordinates": [16.3746512, 48.2215128]}, "properties": {"category": "iskola", "name": "Private Volksschule und Kindergarten St. Elisabeth"}}, {"type": "Feature", "geometry": {"type": "Point", "coordinates": [16.3774219, 48.2167844]}, "properties": {"category": "gyogyszertar", "name": "Schlangenapotheke"}}, {"type": "Feature", "geometry": {"type": "Point", "coordinates": [16.3804141, 48.2151646]}, "properties": {"category": "gyogyszertar", "name": "Apotheke der Barmherzigen Brüder"}}, {"type": "Feature", "geometry": {"type": "Point", "coordinates": [16.372638, 48.2208248]}, "properties": {"category": "gyogyszertar", "name": "Augarten-Apotheke Zum Heiligen Leopold"}}, {"type": "Feature", "geometry": {"type": "Point", "coordinates": [16.3821086, 48.2221699]}, "properties": {"category": "gyogyszertar", "name": "Apotheke Zum heiligen Josef"}}, {"type": "Feature", "geometry": {"type": "Point", "coordinates": [16.4031021, 48.2228208]}, "properties": {"category": "gyogyszertar", "name": "Erzherzog Karl-Apotheke"}}, {"type": "Feature", "geometry": {"type": "Point", "coordinates": [16.3993397, 48.218207]}, "properties": {"category": "gyogyszertar", "name": "Prater-Apotheke"}}, {"type": "Feature", "geometry": {"type": "Point", "coordinates": [16.4060411, 48.2181745]}, "properties": {"category": "gyogyszertar", "name": "Rotunden-Apotheke"}}, {"type": "Feature", "geometry": {"type": "Point", "coordinates": [16.4000116, 48.2253337]}, "properties": {"category": "gyogyszertar", "name": "Christinen-Apotheke"}}, {"type": "Feature", "geometry": {"type": "Point", "coordinates": [16.3856637, 48.2234812]}, "properties": {"category": "gyogyszertar", "name": "Magnolien Apotheke"}}, {"type": "Feature", "geometry": {"type": "Point", "coordinates": [16.3883947, 48.2193815]}, "properties": {"category": "gyogyszertar", "name": "Apotheke Zur Hoffnung"}}, {"type": "Feature", "geometry": {"type": "Point", "coordinates": [16.3844109, 48.2185277]}, "properties": {"category": "gyogyszertar", "name": "Apotheke Zum Patriarchen"}}, {"type": "Feature", "geometry": {"type": "Point", "coordinates": [16.3884857, 48.2165605]}, "properties": {"category": "gyogyszertar", "name": "Apotheke Zur alten Jägerzeile"}}, {"type": "Feature", "geometry": {"type": "Point", "coordinates": [16.3916767, 48.21439]}, "properties": {"category": "gyogyszertar", "name": "Franzensbrücken-Apotheke"}}, {"type": "Feature", "geometry": {"type": "Point", "coordinates": [16.3757854, 48.2220559]}, "properties": {"category": "iskola", "name": "KMS Augartenschule"}}, {"type": "Feature", "geometry": {"type": "Point", "coordinates": [16.3768387, 48.2203818]}, "properties": {"category": "iskola", "name": "Beth Jakov Jüdische Mädchenschule für wirtschaftliche Berufe"}}, {"type": "Feature", "geometry": {"type": "Point", "coordinates": [16.399753, 48.2063714]}, "properties": {"category": "iskola", "name": "Bundes-Blindenerziehungsinstitut"}}, {"type": "Feature", "geometry": {"type": "Point", "coordinates": [16.399842, 48.1989732]}, "properties": {"category": "elelmiszer_bolt", "name": "Bäckerei Erdberg"}}, {"type": "Feature", "geometry": {"type": "Point", "coordinates": [16.3732344, 48.2104885]}, "properties": {"category": "gyogyszertar", "name": "Zum Rothen Krebs"}}, {"type": "Feature", "geometry": {"type": "Point", "coordinates": [16.3649727, 48.2234262]}, "properties": {"category": "gyogyszertar", "name": "Löwen-Apotheke"}}, {"type": "Feature", "geometry": {"type": "Point", "coordinates": [16.3701106, 48.2139359]}, "properties": {"category": "elelmiszer_bolt", "name": "Hofer"}}, {"type": "Feature", "geometry": {"type": "Point", "coordinates": [16.3863783, 48.2066652]}, "properties": {"category": "ovoda", "name": "kindercompany"}}, {"type": "Feature", "geometry": {"type": "Point", "coordinates": [16.3874344, 48.2052305]}, "properties": {"category": "elelmiszer_bolt", "name": "Konbini Shop & Eat"}}, {"type": "Feature", "geometry": {"type": "Point", "coordinates": [16.389882, 48.2034995]}, "properties": {"category": "elelmiszer_bolt", "name": "Denns BioMarkt"}}, {"type": "Feature", "geometry": {"type": "Point", "coordinates": [16.3906395, 48.2076809]}, "properties": {"category": "ovoda", "name": "Knusperhäuschen"}}, {"type": "Feature", "geometry": {"type": "Point", "coordinates": [16.4023138, 48.2239846]}, "properties": {"category": "elelmiszer_bolt", "name": "Vorgarten Bäckerei"}}, {"type": "Feature", "geometry": {"type": "Point", "coordinates": [16.406077, 48.2239654]}, "properties": {"category": "elelmiszer_bolt", "name": "PENNY"}}, {"type": "Feature", "geometry": {"type": "Point", "coordinates": [16.4077821, 48.2213833]}, "properties": {"category": "elelmiszer_bolt", "name": "Bäckerei Blini"}}, {"type": "Feature", "geometry": {"type": "Point", "coordinates": [16.4072174, 48.221789]}, "properties": {"category": "elelmiszer_bolt", "name": "Spar"}}, {"type": "Feature", "geometry": {"type": "Point", "coordinates": [16.4060984, 48.2225981]}, "properties": {"category": "elelmiszer_bolt", "name": "ETSAN"}}, {"type": "Feature", "geometry": {"type": "Point", "coordinates": [16.4055398, 48.2238239]}, "properties": {"category": "elelmiszer_bolt", "name": "Mevla"}}, {"type": "Feature", "geometry": {"type": "Point", "coordinates": [16.4037715, 48.2228881]}, "properties": {"category": "elelmiszer_bolt", "name": "Aycan"}}, {"type": "Feature", "geometry": {"type": "Point", "coordinates": [16.4003054, 48.2250658]}, "properties": {"category": "elelmiszer_bolt", "name": "Eurospar"}}, {"type": "Feature", "geometry": {"type": "Point", "coordinates": [16.3996556, 48.2261868]}, "properties": {"category": "elelmiszer_bolt", "name": "Penny"}}, {"type": "Feature", "geometry": {"type": "Point", "coordinates": [16.3857045, 48.2142727]}, "properties": {"category": "elelmiszer_bolt", "name": "Billa"}}, {"type": "Feature", "geometry": {"type": "Point", "coordinates": [16.3726079, 48.2057607]}, "properties": {"category": "gyogyszertar", "name": "Zur goldenen Krone"}}, {"type": "Feature", "geometry": {"type": "Point", "coordinates": [16.3882588, 48.204319]}, "properties": {"category": "elelmiszer_bolt", "name": "Felber"}}, {"type": "Feature", "geometry": {"type": "Point", "coordinates": [16.3886444, 48.203951]}, "properties": {"category": "elelmiszer_bolt", "name": "Hofer"}}, {"type": "Feature", "geometry": {"type": "Point", "coordinates": [16.3890167, 48.2036684]}, "properties": {"category": "elelmiszer_bolt", "name": "Penny"}}, {"type": "Feature", "geometry": {"type": "Point", "coordinates": [16.3871754, 48.1987445]}, "properties": {"category": "elelmiszer_bolt", "name": "Billa"}}, {"type": "Feature", "geometry": {"type": "Point", "coordinates": [16.3799061, 48.2161708]}, "properties": {"category": "ovoda", "name": "Kindergarten der Pfarre St. Josef"}}, {"type": "Feature", "geometry": {"type": "Point", "coordinates": [16.369965, 48.2102176]}, "properties": {"category": "gyogyszertar", "name": "Apotheke zum weissen Storch"}}, {"type": "Feature", "geometry": {"type": "Point", "coordinates": [16.3799137, 48.2136165]}, "properties": {"category": "elelmiszer_bolt", "name": "Billa"}}, {"type": "Feature", "geometry": {"type": "Point", "coordinates": [16.3801175, 48.2141188]}, "properties": {"category": "elelmiszer_bolt", "name": "Denns BioMarkt"}}, {"type": "Feature", "geometry": {"type": "Point", "coordinates": [16.3709513, 48.2144688]}, "properties": {"category": "elelmiszer_bolt", "name": "Billa"}}, {"type": "Feature", "geometry": {"type": "Point", "coordinates": [16.3855983, 48.2162724]}, "properties": {"category": "iskola", "name": "Evangelische Volksschule Leopoldstadt"}}, {"type": "Feature", "geometry": {"type": "Point", "coordinates": [16.3875998, 48.214857]}, "properties": {"category": "iskola", "name": "Volksschule Czerninplatz"}}, {"type": "Feature", "geometry": {"type": "Point", "coordinates": [16.3686581, 48.1993616]}, "properties": {"category": "iskola", "name": "pVS evangelische Kirche Karlsplatz 14"}}, {"type": "Feature", "geometry": {"type": "Point", "coordinates": [16.3684863, 48.1989061]}, "properties": {"category": "orvos_egeszsegugy", "name": "Friedrich Kummer"}}, {"type": "Feature", "geometry": {"type": "Point", "coordinates": [16.364205, 48.2028289]}, "properties": {"category": "orvos_egeszsegugy", "name": "Primarius Dr. Johann Raimund Umschaden"}}, {"type": "Feature", "geometry": {"type": "Point", "coordinates": [16.3638477, 48.2014455]}, "properties": {"category": "orvos_egeszsegugy", "name": "Univ.Prof. Dr. Gerald Seinost"}}, {"type": "Feature", "geometry": {"type": "Point", "coordinates": [16.3644725, 48.2031332]}, "properties": {"category": "orvos_egeszsegugy", "name": "Dr. Wolfgang Metka"}}, {"type": "Feature", "geometry": {"type": "Point", "coordinates": [16.3671461, 48.2031987]}, "properties": {"category": "orvos_egeszsegugy", "name": "Dr. Eva Grossmann"}}, {"type": "Feature", "geometry": {"type": "Point", "coordinates": [16.3679122, 48.2030304]}, "properties": {"category": "orvos_egeszsegugy", "name": "Univ.Prof. Dr. Ferdinand Reinhardt"}}, {"type": "Feature", "geometry": {"type": "Point", "coordinates": [16.3679702, 48.2030497]}, "properties": {"category": "orvos_egeszsegugy", "name": "Dr. Reinhard Kürsten"}}, {"type": "Feature", "geometry": {"type": "Point", "coordinates": [16.3690139, 48.2021605]}, "properties": {"category": "orvos_egeszsegugy", "name": "Prim.Univ.Dozent Dr. Annemarie Schratter-Sehn"}}, {"type": "Feature", "geometry": {"type": "Point", "coordinates": [16.373175, 48.2140083]}, "properties": {"category": "ovoda", "name": "Kindercompany Gölsdorfgasse"}}, {"type": "Feature", "geometry": {"type": "Point", "coordinates": [16.3957326, 48.2326875]}, "properties": {"category": "elelmiszer_bolt", "name": "Billa"}}, {"type": "Feature", "geometry": {"type": "Point", "coordinates": [16.3737358, 48.2011322]}, "properties": {"category": "elelmiszer_bolt", "name": "Spar Gourmet"}}, {"type": "Feature", "geometry": {"type": "Point", "coordinates": [16.3752569, 48.211144]}, "properties": {"category": "gyogyszertar", "name": "Brady-Apotheke"}}, {"type": "Feature", "geometry": {"type": "Point", "coordinates": [16.3735393, 48.2017569]}, "properties": {"category": "gyogyszertar", "name": "Internationale Apotheke"}}, {"type": "Feature", "geometry": {"type": "Point", "coordinates": [16.4085354, 48.2363624]}, "properties": {"category": "vasutallomas", "name": "Donau City"}}, {"type": "Feature", "geometry": {"type": "Point", "coordinates": [16.3907278, 48.2336381]}, "properties": {"category": "elelmiszer_bolt", "name": "Billa"}}, {"type": "Feature", "geometry": {"type": "Point", "coordinates": [16.37608, 48.2090579]}, "properties": {"category": "elelmiszer_bolt", "name": "Parémi"}}, {"type": "Feature", "geometry": {"type": "Point", "coordinates": [16.378104, 48.2068608]}, "properties": {"category": "iskola", "name": "GRG1 Stubenbastei"}}, {"type": "Feature", "geometry": {"type": "Point", "coordinates": [16.3827594, 48.2203329]}, "properties": {"category": "elelmiszer_bolt", "name": "Penny"}}, {"type": "Feature", "geometry": {"type": "Point", "coordinates": [16.3758797, 48.2097454]}, "properties": {"category": "orvos_egeszsegugy", "name": "Univ.Doz. DDr. Raphael Bonelli"}}, {"type": "Feature", "geometry": {"type": "Point", "coordinates": [16.3687967, 48.2136167]}, "properties": {"category": "iskola", "name": "Volksschule Börsegasse"}}, {"type": "Feature", "geometry": {"type": "Point", "coordinates": [16.3646655, 48.2141596]}, "properties": {"category": "iskola", "name": "Lise Meitner Realgymnasium"}}, {"type": "Feature", "geometry": {"type": "Point", "coordinates": [16.368569, 48.2136159]}, "properties": {"category": "iskola", "name": "NMS Renngasse"}}, {"type": "Feature", "geometry": {"type": "Point", "coordinates": [16.3643485, 48.2121474]}, "properties": {"category": "iskola", "name": "Öffentliches Schottengymnasium der Benediktiner in Wien"}}, {"type": "Feature", "geometry": {"type": "Point", "coordinates": [16.3696874, 48.2111421]}, "properties": {"category": "iskola", "name": "Gastgewerbefachschule der Wiener Gastwirte"}}, {"type": "Feature", "geometry": {"type": "Point", "coordinates": [16.3728781, 48.2078766]}, "properties": {"category": "iskola", "name": "Religionspädagogische Akademie"}}, {"type": "Feature", "geometry": {"type": "Point", "coordinates": [16.3751369, 48.20345]}, "properties": {"category": "iskola", "name": "BORG für Musik und Kunst"}}, {"type": "Feature", "geometry": {"type": "Point", "coordinates": [16.3766125, 48.2015474]}, "properties": {"category": "iskola", "name": "Akademisches Gymnasium"}}, {"type": "Feature", "geometry": {"type": "Point", "coordinates": [16.363923, 48.2120362]}, "properties": {"category": "elelmiszer_bolt", "name": "BILLA"}}, {"type": "Feature", "geometry": {"type": "Point", "coordinates": [16.3697563, 48.2019214]}, "properties": {"category": "elelmiszer_bolt", "name": "Spar Gourmet"}}, {"type": "Feature", "geometry": {"type": "Point", "coordinates": [16.3720508, 48.2023009]}, "properties": {"category": "elelmiszer_bolt", "name": "Billa"}}, {"type": "Feature", "geometry": {"type": "Point", "coordinates": [16.3755927, 48.2018861]}, "properties": {"category": "elelmiszer_bolt", "name": "Anker"}}, {"type": "Feature", "geometry": {"type": "Point", "coordinates": [16.3725314, 48.2225649]}, "properties": {"category": "elelmiszer_bolt", "name": "Penny"}}, {"type": "Feature", "geometry": {"type": "Point", "coordinates": [16.3840116, 48.2174355]}, "properties": {"category": "elelmiszer_bolt", "name": "Billa"}}, {"type": "Feature", "geometry": {"type": "Point", "coordinates": [16.3685078, 48.2098939]}, "properties": {"category": "elelmiszer_bolt", "name": "Der Mann"}}, {"type": "Feature", "geometry": {"type": "Point", "coordinates": [16.367878, 48.2102433]}, "properties": {"category": "gyogyszertar", "name": "Zum weißen Engel"}}, {"type": "Feature", "geometry": {"type": "Point", "coordinates": [16.3643948, 48.229875]}, "properties": {"category": "elelmiszer_bolt", "name": "Hofer"}}, {"type": "Feature", "geometry": {"type": "Point", "coordinates": [16.3664181, 48.2110719]}, "properties": {"category": "elelmiszer_bolt", "name": "Anker"}}, {"type": "Feature", "geometry": {"type": "Point", "coordinates": [16.3639728, 48.2130493]}, "properties": {"category": "elelmiszer_bolt", "name": "Bäckerei Felzl"}}, {"type": "Feature", "geometry": {"type": "Point", "coordinates": [16.3736173, 48.2125255]}, "properties": {"category": "elelmiszer_bolt", "name": "BerioskA"}}, {"type": "Feature", "geometry": {"type": "Point", "coordinates": [16.3810537, 48.2007535]}, "properties": {"category": "elelmiszer_bolt", "name": "SPAR Gourmet"}}, {"type": "Feature", "geometry": {"type": "Point", "coordinates": [16.3810023, 48.2107886]}, "properties": {"category": "elelmiszer_bolt", "name": "Billa"}}, {"type": "Feature", "geometry": {"type": "Point", "coordinates": [16.3761158, 48.2108628]}, "properties": {"category": "elelmiszer_bolt", "name": "Spar Gourmet"}}, {"type": "Feature", "geometry": {"type": "Point", "coordinates": [16.3749992, 48.2121197]}, "properties": {"category": "elelmiszer_bolt", "name": "Billa"}}, {"type": "Feature", "geometry": {"type": "Point", "coordinates": [16.382254, 48.2108403]}, "properties": {"category": "gyogyszertar", "name": "Urania Apotheke"}}, {"type": "Feature", "geometry": {"type": "Point", "coordinates": [16.3782987, 48.2112346]}, "properties": {"category": "gyogyszertar", "name": "Schweden Apotheke"}}, {"type": "Feature", "geometry": {"type": "Point", "coordinates": [16.421732, 48.2104313]}, "properties": {"category": "gyogyszertar", "name": "Apotheke im Stadion Center"}}, {"type": "Feature", "geometry": {"type": "Point", "coordinates": [16.3781476, 48.2112545]}, "properties": {"category": "elelmiszer_bolt", "name": "Anker"}}, {"type": "Feature", "geometry": {"type": "Point", "coordinates": [16.3788175, 48.2077821]}, "properties": {"category": "elelmiszer_bolt", "name": "Spar"}}, {"type": "Feature", "geometry": {"type": "Point", "coordinates": [16.3842243, 48.2160202]}, "properties": {"category": "elelmiszer_bolt", "name": "Hofer"}}, {"type": "Feature", "geometry": {"type": "Point", "coordinates": [16.3659996, 48.2340885]}, "properties": {"category": "elelmiszer_bolt", "name": "PENNY"}}, {"type": "Feature", "geometry": {"type": "Point", "coordinates": [16.370486, 48.2348275]}, "properties": {"category": "elelmiszer_bolt", "name": "Spar"}}, {"type": "Feature", "geometry": {"type": "Point", "coordinates": [16.3668118, 48.2334757]}, "properties": {"category": "ovoda", "name": ""}}, {"type": "Feature", "geometry": {"type": "Point", "coordinates": [16.3754799, 48.2312183]}, "properties": {"category": "elelmiszer_bolt", "name": "Lidl"}}, {"type": "Feature", "geometry": {"type": "Point", "coordinates": [16.3949091, 48.2058213]}, "properties": {"category": "elelmiszer_bolt", "name": "Güvenli"}}, {"type": "Feature", "geometry": {"type": "Point", "coordinates": [16.3644797, 48.2188159]}, "properties": {"category": "elelmiszer_bolt", "name": "Billa"}}, {"type": "Feature", "geometry": {"type": "Point", "coordinates": [16.3959244, 48.2251064]}, "properties": {"category": "ovoda", "name": "BC Gertrude-Fröhlich-Sandner"}}, {"type": "Feature", "geometry": {"type": "Point", "coordinates": [16.3756681, 48.2086799]}, "properties": {"category": "gyogyszertar", "name": "Zum Römischen Kaiser"}}, {"type": "Feature", "geometry": {"type": "Point", "coordinates": [16.3700674, 48.2026436]}, "properties": {"category": "gyogyszertar", "name": "Opern Apotheke"}}, {"type": "Feature", "geometry": {"type": "Point", "coordinates": [16.3671018, 48.2014722]}, "properties": {"category": "gyogyszertar", "name": "Zum Heiligen Geist"}}, {"type": "Feature", "geometry": {"type": "Point", "coordinates": [16.370555, 48.2168698]}, "properties": {"category": "elelmiszer_bolt", "name": "Ströck"}}, {"type": "Feature", "geometry": {"type": "Point", "coordinates": [16.3756322, 48.2036023]}, "properties": {"category": "elelmiszer_bolt", "name": "Paul - Hotschiwu"}}, {"type": "Feature", "geometry": {"type": "Point", "coordinates": [16.386296, 48.2212961]}, "properties": {"category": "elelmiszer_bolt", "name": "Billa"}}, {"type": "Feature", "geometry": {"type": "Point", "coordinates": [16.4219216, 48.2274862]}, "properties": {"category": "elelmiszer_bolt", "name": "Mega Supermarkt"}}, {"type": "Feature", "geometry": {"type": "Point", "coordinates": [16.3875862, 48.2198089]}, "properties": {"category": "elelmiszer_bolt", "name": "Penny"}}, {"type": "Feature", "geometry": {"type": "Point", "coordinates": [16.3641187, 48.2195424]}, "properties": {"category": "elelmiszer_bolt", "name": "SPAR Gourmet"}}, {"type": "Feature", "geometry": {"type": "Point", "coordinates": [16.3692715, 48.2123426]}, "properties": {"category": "elelmiszer_bolt", "name": "Anker"}}, {"type": "Feature", "geometry": {"type": "Point", "coordinates": [16.3828015, 48.1990199]}, "properties": {"category": "elelmiszer_bolt", "name": "Anker"}}, {"type": "Feature", "geometry": {"type": "Point", "coordinates": [16.3838252, 48.2026816]}, "properties": {"category": "orvos_egeszsegugy", "name": "stadtpark-med"}}, {"type": "Feature", "geometry": {"type": "Point", "coordinates": [16.3750576, 48.2089745]}, "properties": {"category": "elelmiszer_bolt", "name": "L. Heiner Hofzuckerbäcker"}}, {"type": "Feature", "geometry": {"type": "Point", "coordinates": [16.3770341, 48.2082497]}, "properties": {"category": "elelmiszer_bolt", "name": "Reformhaus Staudigl"}}, {"type": "Feature", "geometry": {"type": "Point", "coordinates": [16.3778475, 48.2078123]}, "properties": {"category": "elelmiszer_bolt", "name": "Anker"}}, {"type": "Feature", "geometry": {"type": "Point", "coordinates": [16.4206415, 48.2129808]}, "properties": {"category": "elelmiszer_bolt", "name": "Penny"}}, {"type": "Feature", "geometry": {"type": "Point", "coordinates": [16.3905756, 48.2111068]}, "properties": {"category": "elelmiszer_bolt", "name": "Spar"}}, {"type": "Feature", "geometry": {"type": "Point", "coordinates": [16.4011401, 48.2227405]}, "properties": {"category": "elelmiszer_bolt", "name": "Xalo's Supermarkt"}}, {"type": "Feature", "geometry": {"type": "Point", "coordinates": [16.3936305, 48.20765]}, "properties": {"category": "elelmiszer_bolt", "name": "Ströck"}}, {"type": "Feature", "geometry": {"type": "Point", "coordinates": [16.386598, 48.237653]}, "properties": {"category": "elelmiszer_bolt", "name": "Ücler"}}, {"type": "Feature", "geometry": {"type": "Point", "coordinates": [16.3847283, 48.2346763]}, "properties": {"category": "ovoda", "name": "Märchengarten"}}, {"type": "Feature", "geometry": {"type": "Point", "coordinates": [16.3801697, 48.2374768]}, "properties": {"category": "orvos_egeszsegugy", "name": "Dr. Ulrike Mayr-Sponer"}}, {"type": "Feature", "geometry": {"type": "Point", "coordinates": [16.4107421, 48.235015]}, "properties": {"category": "elelmiszer_bolt", "name": "Billa"}}, {"type": "Feature", "geometry": {"type": "Point", "coordinates": [16.4127419, 48.2327963]}, "properties": {"category": "elelmiszer_bolt", "name": "Ströck"}}, {"type": "Feature", "geometry": {"type": "Point", "coordinates": [16.3653737, 48.2371156]}, "properties": {"category": "elelmiszer_bolt", "name": "Wurstico Abholmarkt"}}, {"type": "Feature", "geometry": {"type": "Point", "coordinates": [16.3661139, 48.2380739]}, "properties": {"category": "elelmiszer_bolt", "name": "Spar"}}, {"type": "Feature", "geometry": {"type": "Point", "coordinates": [16.4122062, 48.2328026]}, "properties": {"category": "elelmiszer_bolt", "name": "Hofer"}}, {"type": "Feature", "geometry": {"type": "Point", "coordinates": [16.3674732, 48.2102487]}, "properties": {"category": "elelmiszer_bolt", "name": "Der Mann"}}, {"type": "Feature", "geometry": {"type": "Point", "coordinates": [16.3948991, 48.2040974]}, "properties": {"category": "iskola", "name": "Friedrich-Zawrel-Schule"}}, {"type": "Feature", "geometry": {"type": "Point", "coordinates": [16.3762272, 48.2099522]}, "properties": {"category": "iskola", "name": "Montessori-Schule im Heiligenkreuzerhof"}}, {"type": "Feature", "geometry": {"type": "Point", "coordinates": [16.3875193, 48.2077424]}, "properties": {"category": "iskola", "name": "Ausbildungszentrum"}}, {"type": "Feature", "geometry": {"type": "Point", "coordinates": [16.3882664, 48.2064205]}, "properties": {"category": "iskola", "name": "Meridian Sprachenzentrum"}}, {"type": "Feature", "geometry": {"type": "Point", "coordinates": [16.3886697, 48.2071214]}, "properties": {"category": "elelmiszer_bolt", "name": "Kefir Mini Markt"}}, {"type": "Feature", "geometry": {"type": "Point", "coordinates": [16.3945673, 48.2057724]}, "properties": {"category": "orvos_egeszsegugy", "name": "Endomed Wien Mitte"}}, {"type": "Feature", "geometry": {"type": "Point", "coordinates": [16.3944485, 48.2078395]}, "properties": {"category": "elelmiszer_bolt", "name": "PAUL"}}, {"type": "Feature", "geometry": {"type": "Point", "coordinates": [16.3943815, 48.2054287]}, "properties": {"category": "ovoda", "name": "kindercompany"}}, {"type": "Feature", "geometry": {"type": "Point", "coordinates": [16.3918624, 48.20792]}, "properties": {"category": "ovoda", "name": "Kinder in Wien"}}, {"type": "Feature", "geometry": {"type": "Point", "coordinates": [16.3929347, 48.2082621]}, "properties": {"category": "elelmiszer_bolt", "name": "Renates's Altwaren"}}, {"type": "Feature", "geometry": {"type": "Point", "coordinates": [16.3911389, 48.2058115]}, "properties": {"category": "ovoda", "name": "Casa Latina"}}, {"type": "Feature", "geometry": {"type": "Point", "coordinates": [16.370163, 48.2272425]}, "properties": {"category": "ovoda", "name": "Springmäuse Kindergruppe"}}, {"type": "Feature", "geometry": {"type": "Point", "coordinates": [16.3693095, 48.2275925]}, "properties": {"category": "ovoda", "name": "Pfarre Mutter Gottes Kindergarten, Hort"}}, {"type": "Feature", "geometry": {"type": "Point", "coordinates": [16.3688106, 48.226213]}, "properties": {"category": "orvos_egeszsegugy", "name": "Dr. Hannes Mayer"}}, {"type": "Feature", "geometry": {"type": "Point", "coordinates": [16.3690628, 48.2268349]}, "properties": {"category": "orvos_egeszsegugy", "name": "Dr. Iantscheva"}}, {"type": "Feature", "geometry": {"type": "Point", "coordinates": [16.3688651, 48.2282253]}, "properties": {"category": "elelmiszer_bolt", "name": "Singh"}}, {"type": "Feature", "geometry": {"type": "Point", "coordinates": [16.371687, 48.2300111]}, "properties": {"category": "ovoda", "name": "Kindergruppe Abendstern"}}, {"type": "Feature", "geometry": {"type": "Point", "coordinates": [16.3705715, 48.2295443]}, "properties": {"category": "elelmiszer_bolt", "name": "Der Mann"}}, {"type": "Feature", "geometry": {"type": "Point", "coordinates": [16.3762991, 48.2301238]}, "properties": {"category": "elelmiszer_bolt", "name": "Etsan"}}, {"type": "Feature", "geometry": {"type": "Point", "coordinates": [16.3673926, 48.2278688]}, "properties": {"category": "orvos_egeszsegugy", "name": "Dr. Thomas Vilim"}}, {"type": "Feature", "geometry": {"type": "Point", "coordinates": [16.3751401, 48.2307027]}, "properties": {"category": "orvos_egeszsegugy", "name": "Dr. Peter Schönberg"}}, {"type": "Feature", "geometry": {"type": "Point", "coordinates": [16.374915, 48.2307431]}, "properties": {"category": "orvos_egeszsegugy", "name": "Dr. Max Huber"}}, {"type": "Feature", "geometry": {"type": "Point", "coordinates": [16.3715661, 48.2276062]}, "properties": {"category": "orvos_egeszsegugy", "name": "OA Dr. Harald Petje"}}, {"type": "Feature", "geometry": {"type": "Point", "coordinates": [16.3720295, 48.2282337]}, "properties": {"category": "orvos_egeszsegugy", "name": "Dr. Walter Pescosta"}}, {"type": "Feature", "geometry": {"type": "Point", "coordinates": [16.3770026, 48.2310871]}, "properties": {"category": "orvos_egeszsegugy", "name": "Dr. Erich Ernsbrunner"}}, {"type": "Feature", "geometry": {"type": "Point", "coordinates": [16.3690917, 48.2285943]}, "properties": {"category": "orvos_egeszsegugy", "name": "Dr. Friedrich Krebs"}}, {"type": "Feature", "geometry": {"type": "Point", "coordinates": [16.3745121, 48.2306986]}, "properties": {"category": "elelmiszer_bolt", "name": "Zohor Al-Sham"}}, {"type": "Feature", "geometry": {"type": "Point", "coordinates": [16.3718926, 48.2300618]}, "properties": {"category": "ovoda", "name": "Kindergruppe Abendstern"}}, {"type": "Feature", "geometry": {"type": "Point", "coordinates": [16.3839142, 48.2116213]}, "properties": {"category": "iskola", "name": "Urania Volkshochschule"}}, {"type": "Feature", "geometry": {"type": "Point", "coordinates": [16.4077665, 48.2191547]}, "properties": {"category": "elelmiszer_bolt", "name": "Kuba Market"}}, {"type": "Feature", "geometry": {"type": "Point", "coordinates": [16.3707856, 48.2069347]}, "properties": {"category": "elelmiszer_bolt", "name": "Billa"}}, {"type": "Feature", "geometry": {"type": "Point", "coordinates": [16.3862756, 48.2165606]}, "properties": {"category": "ovoda", "name": "Pfarrkindergarten St. Johann Nepomuk"}}, {"type": "Feature", "geometry": {"type": "Point", "coordinates": [16.4219724, 48.225813]}, "properties": {"category": "elelmiszer_bolt", "name": "Ströck"}}, {"type": "Feature", "geometry": {"type": "Point", "coordinates": [16.4094606, 48.219687]}, "properties": {"category": "elelmiszer_bolt", "name": "Eurospar"}}, {"type": "Feature", "geometry": {"type": "Point", "coordinates": [16.3714587, 48.2195147]}, "properties": {"category": "elelmiszer_bolt", "name": "Tullnerfelder"}}, {"type": "Feature", "geometry": {"type": "Point", "coordinates": [16.3920447, 48.2015825]}, "properties": {"category": "elelmiszer_bolt", "name": "Gradwohl"}}, {"type": "Feature", "geometry": {"type": "Point", "coordinates": [16.3698678, 48.2110157]}, "properties": {"category": "elelmiszer_bolt", "name": "Arthur Grimm"}}, {"type": "Feature", "geometry": {"type": "Point", "coordinates": [16.3841915, 48.2340509]}, "properties": {"category": "elelmiszer_bolt", "name": "Anker"}}, {"type": "Feature", "geometry": {"type": "Point", "coordinates": [16.3838828, 48.2252949]}, "properties": {"category": "elelmiszer_bolt", "name": "Der Mann"}}, {"type": "Feature", "geometry": {"type": "Point", "coordinates": [16.3644971, 48.2209159]}, "properties": {"category": "elelmiszer_bolt", "name": "Anker"}}, {"type": "Feature", "geometry": {"type": "Point", "coordinates": [16.3973085, 48.2189329]}, "properties": {"category": "elelmiszer_bolt", "name": "Billa"}}, {"type": "Feature", "geometry": {"type": "Point", "coordinates": [16.3973401, 48.2182031]}, "properties": {"category": "elelmiszer_bolt", "name": "Penny"}}, {"type": "Feature", "geometry": {"type": "Point", "coordinates": [16.4019627, 48.2189386]}, "properties": {"category": "elelmiszer_bolt", "name": "Billa"}}, {"type": "Feature", "geometry": {"type": "Point", "coordinates": [16.3780482, 48.2158561]}, "properties": {"category": "iskola", "name": "Sperlgymnasium"}}, {"type": "Feature", "geometry": {"type": "Point", "coordinates": [16.4210179, 48.2258145]}, "properties": {"category": "ovoda", "name": ""}}, {"type": "Feature", "geometry": {"type": "Point", "coordinates": [16.4054331, 48.2237468]}, "properties": {"category": "ovoda", "name": "Kindergarten Kindergruppe Dorainsel"}}, {"type": "Feature", "geometry": {"type": "Point", "coordinates": [16.4202058, 48.2275183]}, "properties": {"category": "elelmiszer_bolt", "name": "Billa"}}, {"type": "Feature", "geometry": {"type": "Point", "coordinates": [16.3868161, 48.2302394]}, "properties": {"category": "gyogyszertar", "name": "Zwischenbrücken-Apotheke"}}, {"type": "Feature", "geometry": {"type": "Point", "coordinates": [16.3650633, 48.2228383]}, "properties": {"category": "iskola", "name": "Schulkompetenzzentrum für Prävention, Inklusion und Rehabilitation - Volksschule im Alsergrund"}}, {"type": "Feature", "geometry": {"type": "Point", "coordinates": [16.3647239, 48.2228731]}, "properties": {"category": "iskola", "name": "Musikschule Alsergrund"}}, {"type": "Feature", "geometry": {"type": "Point", "coordinates": [16.3628623, 48.2242399]}, "properties": {"category": "ovoda", "name": ""}}, {"type": "Feature", "geometry": {"type": "Point", "coordinates": [16.3651642, 48.2147907]}, "properties": {"category": "gyogyszertar", "name": "Zum Schwan"}}, {"type": "Feature", "geometry": {"type": "Point", "coordinates": [16.3889359, 48.2336693]}, "properties": {"category": "ovoda", "name": "Kindergarten Schmetterlingshaus"}}, {"type": "Feature", "geometry": {"type": "Point", "coordinates": [16.4091253, 48.2199653]}, "properties": {"category": "ovoda", "name": "Kindergarten Heidi"}}, {"type": "Feature", "geometry": {"type": "Point", "coordinates": [16.4079961, 48.2221187]}, "properties": {"category": "ovoda", "name": ""}}, {"type": "Feature", "geometry": {"type": "Point", "coordinates": [16.409482, 48.2210519]}, "properties": {"category": "ovoda", "name": ""}}, {"type": "Feature", "geometry": {"type": "Point", "coordinates": [16.4081997, 48.2194057]}, "properties": {"category": "orvos_egeszsegugy", "name": "Rahman Rassoulian"}}, {"type": "Feature", "geometry": {"type": "Point", "coordinates": [16.4150526, 48.2121511]}, "properties": {"category": "ovoda", "name": ""}}, {"type": "Feature", "geometry": {"type": "Point", "coordinates": [16.4164853, 48.2122732]}, "properties": {"category": "ovoda", "name": ""}}, {"type": "Feature", "geometry": {"type": "Point", "coordinates": [16.3964868, 48.2296716]}, "properties": {"category": "ovoda", "name": "Städtischer Kindergarten"}}, {"type": "Feature", "geometry": {"type": "Point", "coordinates": [16.3942177, 48.228889]}, "properties": {"category": "ovoda", "name": "Kinder in Wien"}}, {"type": "Feature", "geometry": {"type": "Point", "coordinates": [16.3687268, 48.1992969]}, "properties": {"category": "ovoda", "name": "Schulhaus der evangelischen Gemeinden"}}, {"type": "Feature", "geometry": {"type": "Point", "coordinates": [16.3692494, 48.2115155]}, "properties": {"category": "iskola", "name": "pVS Judenplatz"}}, {"type": "Feature", "geometry": {"type": "Point", "coordinates": [16.3804912, 48.2189418]}, "properties": {"category": "elelmiszer_bolt", "name": "mel&koffie Taborstraße"}}, {"type": "Feature", "geometry": {"type": "Point", "coordinates": [16.3855142, 48.2260379]}, "properties": {"category": "ovoda", "name": ""}}, {"type": "Feature", "geometry": {"type": "Point", "coordinates": [16.386971, 48.2158627]}, "properties": {"category": "elelmiszer_bolt", "name": "Der Mann"}}, {"type": "Feature", "geometry": {"type": "Point", "coordinates": [16.3903157, 48.2098923]}, "properties": {"category": "park_zoldterulet", "name": ""}}, {"type": "Feature", "geometry": {"type": "Point", "coordinates": [16.388173, 48.204762]}, "properties": {"category": "elelmiszer_bolt", "name": "Öfferl"}}, {"type": "Feature", "geometry": {"type": "Point", "coordinates": [16.3924949, 48.2103377]}, "properties": {"category": "elelmiszer_bolt", "name": "Tuna-Moschee"}}, {"type": "Feature", "geometry": {"type": "Point", "coordinates": [16.3910337, 48.2047745]}, "properties": {"category": "park_zoldterulet", "name": ""}}, {"type": "Feature", "geometry": {"type": "Point", "coordinates": [16.3835471, 48.2065599]}, "properties": {"category": "elelmiszer_bolt", "name": "Ströck"}}, {"type": "Feature", "geometry": {"type": "Point", "coordinates": [16.3872976, 48.2138943]}, "properties": {"category": "ovoda", "name": ""}}, {"type": "Feature", "geometry": {"type": "Point", "coordinates": [16.3893089, 48.2179125]}, "properties": {"category": "elelmiszer_bolt", "name": "Harman"}}, {"type": "Feature", "geometry": {"type": "Point", "coordinates": [16.4219482, 48.2271116]}, "properties": {"category": "gyogyszertar", "name": "St. Hubertus Apotheke"}}, {"type": "Feature", "geometry": {"type": "Point", "coordinates": [16.3755104, 48.219854]}, "properties": {"category": "elelmiszer_bolt", "name": "Billa"}}, {"type": "Feature", "geometry": {"type": "Point", "coordinates": [16.3774194, 48.2169905]}, "properties": {"category": "elelmiszer_bolt", "name": "Labschütz"}}, {"type": "Feature", "geometry": {"type": "Point", "coordinates": [16.377238, 48.2176142]}, "properties": {"category": "elelmiszer_bolt", "name": "Obst und Gemüsehandel Cvetic Dejan"}}, {"type": "Feature", "geometry": {"type": "Point", "coordinates": [16.4188125, 48.2018258]}, "properties": {"category": "park_zoldterulet", "name": ""}}, {"type": "Feature", "geometry": {"type": "Point", "coordinates": [16.3808143, 48.2288068]}, "properties": {"category": "elelmiszer_bolt", "name": "Hofer"}}, {"type": "Feature", "geometry": {"type": "Point", "coordinates": [16.4004895, 48.2264431]}, "properties": {"category": "elelmiszer_bolt", "name": "Billa"}}, {"type": "Feature", "geometry": {"type": "Point", "coordinates": [16.391034, 48.2026114]}, "properties": {"category": "elelmiszer_bolt", "name": "Ströck"}}, {"type": "Feature", "geometry": {"type": "Point", "coordinates": [16.3908748, 48.2024766]}, "properties": {"category": "elelmiszer_bolt", "name": "Anker"}}, {"type": "Feature", "geometry": {"type": "Point", "coordinates": [16.3779018, 48.1990666]}, "properties": {"category": "orvos_egeszsegugy", "name": "Trinicum"}}, {"type": "Feature", "geometry": {"type": "Point", "coordinates": [16.3944255, 48.1985959]}, "properties": {"category": "elelmiszer_bolt", "name": "Hofer"}}, {"type": "Feature", "geometry": {"type": "Point", "coordinates": [16.3858983, 48.2109137]}, "properties": {"category": "elelmiszer_bolt", "name": "Anker"}}, {"type": "Feature", "geometry": {"type": "Point", "coordinates": [16.3822315, 48.2105666]}, "properties": {"category": "elelmiszer_bolt", "name": "Anker"}}, {"type": "Feature", "geometry": {"type": "Point", "coordinates": [16.3735963, 48.2105787]}, "properties": {"category": "elelmiszer_bolt", "name": "Billa"}}, {"type": "Feature", "geometry": {"type": "Point", "coordinates": [16.3645368, 48.2181099]}, "properties": {"category": "iskola", "name": "Österreichisches Lateinamerika-Institut"}}, {"type": "Feature", "geometry": {"type": "Point", "coordinates": [16.3666376, 48.2231877]}, "properties": {"category": "iskola", "name": "Caritas Ausbildungszentrum für Sozialberufe"}}, {"type": "Feature", "geometry": {"type": "Point", "coordinates": [16.3878428, 48.2065858]}, "properties": {"category": "ovoda", "name": "Kindergarten Marxergasse"}}, {"type": "Feature", "geometry": {"type": "Point", "coordinates": [16.389926, 48.2085745]}, "properties": {"category": "ovoda", "name": "Kinderwelt"}}, {"type": "Feature", "geometry": {"type": "Point", "coordinates": [16.3945558, 48.2087737]}, "properties": {"category": "ovoda", "name": "Montessori Kinderhaus Hetzgasse"}}, {"type": "Feature", "geometry": {"type": "Point", "coordinates": [16.3717369, 48.2223618]}, "properties": {"category": "ovoda", "name": "Happy Kids Kindergarten"}}, {"type": "Feature", "geometry": {"type": "Point", "coordinates": [16.3630473, 48.2263877]}, "properties": {"category": "elelmiszer_bolt", "name": "Al Sharq"}}, {"type": "Feature", "geometry": {"type": "Point", "coordinates": [16.3711862, 48.230137]}, "properties": {"category": "gyogyszertar", "name": "Zur heiligen Brigitta"}}, {"type": "Feature", "geometry": {"type": "Point", "coordinates": [16.3653395, 48.1986749]}, "properties": {"category": "elelmiszer_bolt", "name": "Nippon-Ya 日本屋"}}, {"type": "Feature", "geometry": {"type": "Point", "coordinates": [16.3697361, 48.2296454]}, "properties": {"category": "elelmiszer_bolt", "name": "Bulgarische Lebensmittel BUL-MAG"}}, {"type": "Feature", "geometry": {"type": "Point", "coordinates": [16.387958, 48.216316]}, "properties": {"category": "elelmiszer_bolt", "name": "Spar Gourmet"}}, {"type": "Feature", "geometry": {"type": "Point", "coordinates": [16.3695581, 48.2255819]}, "properties": {"category": "gyogyszertar", "name": "Mathilden Apotheke"}}, {"type": "Feature", "geometry": {"type": "Point", "coordinates": [16.370892, 48.2135193]}, "properties": {"category": "ovoda", "name": "Wiener Städtische Versicherung"}}, {"type": "Feature", "geometry": {"type": "Point", "coordinates": [16.3780041, 48.2170041]}, "properties": {"category": "park_zoldterulet", "name": ""}}, {"type": "Feature", "geometry": {"type": "Point", "coordinates": [16.3657341, 48.2334011]}, "properties": {"category": "gyogyszertar", "name": "Zur Hl. Elisabeth"}}, {"type": "Feature", "geometry": {"type": "Point", "coordinates": [16.3677562, 48.2291823]}, "properties": {"category": "elelmiszer_bolt", "name": "PENNY"}}, {"type": "Feature", "geometry": {"type": "Point", "coordinates": [16.4204799, 48.233621]}, "properties": {"category": "elelmiszer_bolt", "name": "Billa Unterwegs"}}, {"type": "Feature", "geometry": {"type": "Point", "coordinates": [16.3970727, 48.2244841]}, "properties": {"category": "ovoda", "name": "Kindergruppe Horizont"}}, {"type": "Feature", "geometry": {"type": "Point", "coordinates": [16.3975232, 48.2240038]}, "properties": {"category": "elelmiszer_bolt", "name": "Billa"}}, {"type": "Feature", "geometry": {"type": "Point", "coordinates": [16.3666968, 48.2307987]}, "properties": {"category": "elelmiszer_bolt", "name": "Etsan"}}, {"type": "Feature", "geometry": {"type": "Point", "coordinates": [16.3673912, 48.2297178]}, "properties": {"category": "elelmiszer_bolt", "name": "Billa"}}, {"type": "Feature", "geometry": {"type": "Point", "coordinates": [16.3672115, 48.2300287]}, "properties": {"category": "elelmiszer_bolt", "name": "Ströck"}}, {"type": "Feature", "geometry": {"type": "Point", "coordinates": [16.3737089, 48.2307643]}, "properties": {"category": "elelmiszer_bolt", "name": "Billa"}}, {"type": "Feature", "geometry": {"type": "Point", "coordinates": [16.3879481, 48.2195893]}, "properties": {"category": "elelmiszer_bolt", "name": "Lunzers Maßgreißlerei"}}, {"type": "Feature", "geometry": {"type": "Point", "coordinates": [16.379099, 48.2371015]}, "properties": {"category": "elelmiszer_bolt", "name": "Polli Bangla Supermarkt"}}, {"type": "Feature", "geometry": {"type": "Point", "coordinates": [16.3809229, 48.2359653]}, "properties": {"category": "elelmiszer_bolt", "name": "Hür-Paş"}}, {"type": "Feature", "geometry": {"type": "Point", "coordinates": [16.3783327, 48.2362152]}, "properties": {"category": "elelmiszer_bolt", "name": "Brigittenau Backshop"}}, {"type": "Feature", "geometry": {"type": "Point", "coordinates": [16.3941957, 48.1995216]}, "properties": {"category": "elelmiszer_bolt", "name": "Broth3rs"}}, {"type": "Feature", "geometry": {"type": "Point", "coordinates": [16.3842222, 48.2255169]}, "properties": {"category": "elelmiszer_bolt", "name": "Venus"}}, {"type": "Feature", "geometry": {"type": "Point", "coordinates": [16.4218444, 48.210237]}, "properties": {"category": "elelmiszer_bolt", "name": "Tauber"}}, {"type": "Feature", "geometry": {"type": "Point", "coordinates": [16.3959718, 48.2245196]}, "properties": {"category": "elelmiszer_bolt", "name": "Spar"}}, {"type": "Feature", "geometry": {"type": "Point", "coordinates": [16.3780117, 48.2182977]}, "properties": {"category": "elelmiszer_bolt", "name": "Machma Naturseife"}}, {"type": "Feature", "geometry": {"type": "Point", "coordinates": [16.3749096, 48.2226147]}, "properties": {"category": "elelmiszer_bolt", "name": "Grimm"}}, {"type": "Feature", "geometry": {"type": "Point", "coordinates": [16.4101213, 48.2120438]}, "properties": {"category": "elelmiszer_bolt", "name": "Spar"}}, {"type": "Feature", "geometry": {"type": "Point", "coordinates": [16.4068474, 48.2142306]}, "properties": {"category": "elelmiszer_bolt", "name": "Anker"}}, {"type": "Feature", "geometry": {"type": "Point", "coordinates": [16.3925184, 48.2011304]}, "properties": {"category": "elelmiszer_bolt", "name": "Mann"}}, {"type": "Feature", "geometry": {"type": "Point", "coordinates": [16.3740559, 48.2099069]}, "properties": {"category": "elelmiszer_bolt", "name": "Ströck"}}, {"type": "Feature", "geometry": {"type": "Point", "coordinates": [16.3723405, 48.2109204]}, "properties": {"category": "elelmiszer_bolt", "name": "Anker"}}, {"type": "Feature", "geometry": {"type": "Point", "coordinates": [16.3780734, 48.2112636]}, "properties": {"category": "elelmiszer_bolt", "name": "Ströck"}}, {"type": "Feature", "geometry": {"type": "Point", "coordinates": [16.3728833, 48.2117926]}, "properties": {"category": "elelmiszer_bolt", "name": "Waldherr"}}, {"type": "Feature", "geometry": {"type": "Point", "coordinates": [16.3850917, 48.215319]}, "properties": {"category": "elelmiszer_bolt", "name": "Asiana"}}, {"type": "Feature", "geometry": {"type": "Point", "coordinates": [16.3675385, 48.2102115]}, "properties": {"category": "elelmiszer_bolt", "name": "Joseph Brot"}}, {"type": "Feature", "geometry": {"type": "Point", "coordinates": [16.4150842, 48.2140233]}, "properties": {"category": "elelmiszer_bolt", "name": "Felber"}}, {"type": "Feature", "geometry": {"type": "Point", "coordinates": [16.3801045, 48.2367015]}, "properties": {"category": "orvos_egeszsegugy", "name": "Dr. Evica Ostojic"}}, {"type": "Feature", "geometry": {"type": "Point", "coordinates": [16.3790255, 48.2376977]}, "properties": {"category": "elelmiszer_bolt", "name": "Billa"}}, {"type": "Feature", "geometry": {"type": "Point", "coordinates": [16.3804382, 48.2372349]}, "properties": {"category": "orvos_egeszsegugy", "name": "HNO Dr. Patrick LAJHTA"}}, {"type": "Feature", "geometry": {"type": "Point", "coordinates": [16.371531, 48.2157734]}, "properties": {"category": "gyogyszertar", "name": "Apotheke am Werdertor"}}, {"type": "Feature", "geometry": {"type": "Point", "coordinates": [16.3654586, 48.2285977]}, "properties": {"category": "gyogyszertar", "name": "Herminen Apotheke"}}, {"type": "Feature", "geometry": {"type": "Point", "coordinates": [16.3986825, 48.1995943]}, "properties": {"category": "iskola", "name": "Schulzentrum St. Franziskus"}}, {"type": "Feature", "geometry": {"type": "Point", "coordinates": [16.3709125, 48.2237224]}, "properties": {"category": "park_zoldterulet", "name": ""}}, {"type": "Feature", "geometry": {"type": "Point", "coordinates": [16.3842468, 48.2056315]}, "properties": {"category": "vasutallomas", "name": "Wien Mitte"}}, {"type": "Feature", "geometry": {"type": "Point", "coordinates": [16.3921436, 48.2190097]}, "properties": {"category": "vasutallomas", "name": "Wien Praterstern"}}, {"type": "Feature", "geometry": {"type": "Point", "coordinates": [16.3830762, 48.2350828]}, "properties": {"category": "vasutallomas", "name": "Wien Traisengasse"}}, {"type": "Feature", "geometry": {"type": "Point", "coordinates": [16.3759275, 48.2112762]}, "properties": {"category": "elelmiszer_bolt", "name": "Der Mann"}}, {"type": "Feature", "geometry": {"type": "Point", "coordinates": [16.4212028, 48.2304412]}, "properties": {"category": "ovoda", "name": "Städtischer Kindergarten"}}, {"type": "Feature", "geometry": {"type": "Point", "coordinates": [16.3703191, 48.2164961]}, "properties": {"category": "elelmiszer_bolt", "name": "Anker"}}, {"type": "Feature", "geometry": {"type": "Point", "coordinates": [16.3776651, 48.2175239]}, "properties": {"category": "elelmiszer_bolt", "name": "Felzl"}}, {"type": "Feature", "geometry": {"type": "Point", "coordinates": [16.3701047, 48.2360609]}, "properties": {"category": "gyogyszertar", "name": "Arkaden Apotheke"}}, {"type": "Feature", "geometry": {"type": "Point", "coordinates": [16.3715166, 48.2080838]}, "properties": {"category": "vasutallomas", "name": "Stephansplatz"}}, {"type": "Feature", "geometry": {"type": "Point", "coordinates": [16.3695975, 48.2003906]}, "properties": {"category": "vasutallomas", "name": "Karlsplatz"}}, {"type": "Feature", "geometry": {"type": "Point", "coordinates": [16.3784403, 48.2310596]}, "properties": {"category": "orvos_egeszsegugy", "name": "Dr. Sylvia Perl-Convalexius"}}, {"type": "Feature", "geometry": {"type": "Point", "coordinates": [16.3730406, 48.2332071]}, "properties": {"category": "gyogyszertar", "name": "Meine Marienapotheke"}}, {"type": "Feature", "geometry": {"type": "Point", "coordinates": [16.3769173, 48.2161272]}, "properties": {"category": "elelmiszer_bolt", "name": "Spar"}}, {"type": "Feature", "geometry": {"type": "Point", "coordinates": [16.3861144, 48.2166033]}, "properties": {"category": "elelmiszer_bolt", "name": "Tullnerfelder"}}, {"type": "Feature", "geometry": {"type": "Point", "coordinates": [16.3825898, 48.2219293]}, "properties": {"category": "elelmiszer_bolt", "name": "Billa"}}, {"type": "Feature", "geometry": {"type": "Point", "coordinates": [16.3765274, 48.2139187]}, "properties": {"category": "ovoda", "name": "Kinder in Wien"}}, {"type": "Feature", "geometry": {"type": "Point", "coordinates": [16.407693, 48.2094843]}, "properties": {"category": "vasutallomas", "name": "Rotunde"}}, {"type": "Feature", "geometry": {"type": "Point", "coordinates": [16.3974783, 48.215725]}, "properties": {"category": "vasutallomas", "name": ""}}, {"type": "Feature", "geometry": {"type": "Point", "coordinates": [16.3884136, 48.204182]}, "properties": {"category": "elelmiszer_bolt", "name": "Sonnentor"}}, {"type": "Feature", "geometry": {"type": "Point", "coordinates": [16.395602, 48.199369]}, "properties": {"category": "elelmiszer_bolt", "name": "SPAR Gourmet"}}, {"type": "Feature", "geometry": {"type": "Point", "coordinates": [16.376163, 48.2190034]}, "properties": {"category": "orvos_egeszsegugy", "name": "Dr. Ulrike Schulz"}}, {"type": "Feature", "geometry": {"type": "Point", "coordinates": [16.3808204, 48.2374045]}, "properties": {"category": "elelmiszer_bolt", "name": "Mutlu Markt & Imbiss"}}, {"type": "Feature", "geometry": {"type": "Point", "coordinates": [16.3685115, 48.2314299]}, "properties": {"category": "elelmiszer_bolt", "name": "ETSAN"}}, {"type": "Feature", "geometry": {"type": "Point", "coordinates": [16.369545, 48.2311173]}, "properties": {"category": "elelmiszer_bolt", "name": "Gül"}}, {"type": "Feature", "geometry": {"type": "Point", "coordinates": [16.3826245, 48.2224032]}, "properties": {"category": "elelmiszer_bolt", "name": "УголОК"}}, {"type": "Feature", "geometry": {"type": "Point", "coordinates": [16.3815926, 48.2201746]}, "properties": {"category": "elelmiszer_bolt", "name": "Bäckerei Üçler"}}, {"type": "Feature", "geometry": {"type": "Point", "coordinates": [16.380663, 48.2184323]}, "properties": {"category": "elelmiszer_bolt", "name": "Geier"}}, {"type": "Feature", "geometry": {"type": "Point", "coordinates": [16.3788632, 48.2240191]}, "properties": {"category": "ovoda", "name": "Kindergarten im Augarten"}}, {"type": "Feature", "geometry": {"type": "Point", "coordinates": [16.4002876, 48.2234531]}, "properties": {"category": "elelmiszer_bolt", "name": "Nah & Frisch Punkt"}}, {"type": "Feature", "geometry": {"type": "Point", "coordinates": [16.3754756, 48.2152751]}, "properties": {"category": "ovoda", "name": "Privatkindergarten Donauhof"}}, {"type": "Feature", "geometry": {"type": "Point", "coordinates": [16.4049308, 48.2177786]}, "properties": {"category": "vasutallomas", "name": "Messe-Prater"}}, {"type": "Feature", "geometry": {"type": "Point", "coordinates": [16.3930785, 48.2197676]}, "properties": {"category": "vasutallomas", "name": "Praterstern"}}, {"type": "Feature", "geometry": {"type": "Point", "coordinates": [16.3938648, 48.2185293]}, "properties": {"category": "vasutallomas", "name": "Praterstern"}}, {"type": "Feature", "geometry": {"type": "Point", "coordinates": [16.3872857, 48.2008496]}, "properties": {"category": "elelmiszer_bolt", "name": "Bioschwestern"}}, {"type": "Feature", "geometry": {"type": "Point", "coordinates": [16.3838558, 48.2359188]}, "properties": {"category": "orvos_egeszsegugy", "name": "Diagnosezentrum Brigittenau"}}, {"type": "Feature", "geometry": {"type": "Point", "coordinates": [16.3797236, 48.2028863]}, "properties": {"category": "vasutallomas", "name": "Stadtpark"}}, {"type": "Feature", "geometry": {"type": "Point", "coordinates": [16.3639754, 48.2278374]}, "properties": {"category": "vasutallomas", "name": "Friedensbrücke"}}, {"type": "Feature", "geometry": {"type": "Point", "coordinates": [16.3675722, 48.2223375]}, "properties": {"category": "vasutallomas", "name": "Roßauer Lände"}}, {"type": "Feature", "geometry": {"type": "Point", "coordinates": [16.3848479, 48.206917]}, "properties": {"category": "vasutallomas", "name": "Landstraße"}}, {"type": "Feature", "geometry": {"type": "Point", "coordinates": [16.3724555, 48.2174157]}, "properties": {"category": "vasutallomas", "name": "Schottenring"}}, {"type": "Feature", "geometry": {"type": "Point", "coordinates": [16.3786747, 48.2117112]}, "properties": {"category": "vasutallomas", "name": "Schwedenplatz"}}, {"type": "Feature", "geometry": {"type": "Point", "coordinates": [16.3765674, 48.2193096]}, "properties": {"category": "elelmiszer_bolt", "name": "Supermari'"}}, {"type": "Feature", "geometry": {"type": "Point", "coordinates": [16.3824479, 48.2228947]}, "properties": {"category": "elelmiszer_bolt", "name": "Yenbo"}}, {"type": "Feature", "geometry": {"type": "Point", "coordinates": [16.4204937, 48.2104985]}, "properties": {"category": "vasutallomas", "name": "Stadion"}}, {"type": "Feature", "geometry": {"type": "Point", "coordinates": [16.4137446, 48.2146912]}, "properties": {"category": "vasutallomas", "name": "Krieau"}}, {"type": "Feature", "geometry": {"type": "Point", "coordinates": [16.3813216, 48.2192181]}, "properties": {"category": "vasutallomas", "name": "Taborstraße"}}, {"type": "Feature", "geometry": {"type": "Point", "coordinates": [16.3928251, 48.2004152]}, "properties": {"category": "elelmiszer_bolt", "name": "Ströck"}}, {"type": "Feature", "geometry": {"type": "Point", "coordinates": [16.4029441, 48.2203048]}, "properties": {"category": "ovoda", "name": "Juwa Bildungs & Beratungszentrum Kindergarten"}}, {"type": "Feature", "geometry": {"type": "Point", "coordinates": [16.4021195, 48.2216069]}, "properties": {"category": "elelmiszer_bolt", "name": "Feinkost Julia"}}, {"type": "Feature", "geometry": {"type": "Point", "coordinates": [16.4022227, 48.2218531]}, "properties": {"category": "elelmiszer_bolt", "name": "Geier"}}, {"type": "Feature", "geometry": {"type": "Point", "coordinates": [16.3892972, 48.1998192]}, "properties": {"category": "ovoda", "name": "Tschechischer Kindergarten"}}, {"type": "Feature", "geometry": {"type": "Point", "coordinates": [16.365, 48.1989551]}, "properties": {"category": "elelmiszer_bolt", "name": "Asia Shop"}}, {"type": "Feature", "geometry": {"type": "Point", "coordinates": [16.3996753, 48.2226496]}, "properties": {"category": "elelmiszer_bolt", "name": "Abu Mahmoud Market"}}, {"type": "Feature", "geometry": {"type": "Point", "coordinates": [16.39959, 48.2225975]}, "properties": {"category": "elelmiszer_bolt", "name": "Sportnahrung4Friends"}}, {"type": "Feature", "geometry": {"type": "Point", "coordinates": [16.398949, 48.2181933]}, "properties": {"category": "orvos_egeszsegugy", "name": "Orthopädie Fachärzte Praterstern"}}, {"type": "Feature", "geometry": {"type": "Point", "coordinates": [16.3972666, 48.2213307]}, "properties": {"category": "orvos_egeszsegugy", "name": "HNO-Ordination Dr. Brand"}}, {"type": "Feature", "geometry": {"type": "Point", "coordinates": [16.3963534, 48.2208526]}, "properties": {"category": "elelmiszer_bolt", "name": "Orientalische ATCO Spezialitäten"}}, {"type": "Feature", "geometry": {"type": "Point", "coordinates": [16.4090498, 48.2182924]}, "properties": {"category": "ovoda", "name": "Kindergruppe Mini Art 3"}}, {"type": "Feature", "geometry": {"type": "Point", "coordinates": [16.3650617, 48.2364058]}, "properties": {"category": "orvos_egeszsegugy", "name": "med-20"}}, {"type": "Feature", "geometry": {"type": "Point", "coordinates": [16.3722178, 48.2104081]}, "properties": {"category": "elelmiszer_bolt", "name": "Pnyka"}}, {"type": "Feature", "geometry": {"type": "Point", "coordinates": [16.4164679, 48.2328534]}, "properties": {"category": "vasutallomas", "name": "Kaisermühlen-VIC"}}, {"type": "Feature", "geometry": {"type": "Point", "coordinates": [16.4113907, 48.2292153]}, "properties": {"category": "vasutallomas", "name": "Donauinsel"}}, {"type": "Feature", "geometry": {"type": "Point", "coordinates": [16.4010515, 48.2236245]}, "properties": {"category": "vasutallomas", "name": "Vorgartenstraße"}}, {"type": "Feature", "geometry": {"type": "Point", "coordinates": [16.3854553, 48.2152547]}, "properties": {"category": "vasutallomas", "name": "Nestroyplatz"}}, {"type": "Feature", "geometry": {"type": "Point", "coordinates": [16.399193, 48.225428]}, "properties": {"category": "orvos_egeszsegugy", "name": "Medicum"}}, {"type": "Feature", "geometry": {"type": "Point", "coordinates": [16.381039, 48.2165997]}, "properties": {"category": "elelmiszer_bolt", "name": "Der Mann"}}, {"type": "Feature", "geometry": {"type": "Point", "coordinates": [16.3840183, 48.2225316]}, "properties": {"category": "orvos_egeszsegugy", "name": "Ordi ums Eck"}}, {"type": "Feature", "geometry": {"type": "Point", "coordinates": [16.3686815, 48.2352243]}, "properties": {"category": "vasutallomas", "name": "Jägerstraße"}}, {"type": "Feature", "geometry": {"type": "Point", "coordinates": [16.3801081, 48.2372439]}, "properties": {"category": "vasutallomas", "name": "Dresdner Straße"}}, {"type": "Feature", "geometry": {"type": "Point", "coordinates": [16.3934106, 48.1992642]}, "properties": {"category": "iskola", "name": "Städtischer Kindergarten"}}, {"type": "Feature", "geometry": {"type": "Point", "coordinates": [16.3674206, 48.2022755]}, "properties": {"category": "orvos_egeszsegugy", "name": "EyeLaser Augenlaser"}}, {"type": "Feature", "geometry": {"type": "Point", "coordinates": [16.363034, 48.2151127]}, "properties": {"category": "vasutallomas", "name": "Schottentor"}}, {"type": "Feature", "geometry": {"type": "Point", "coordinates": [16.3651022, 48.2093213]}, "properties": {"category": "vasutallomas", "name": "Herrengasse"}}, {"type": "Feature", "geometry": {"type": "Point", "coordinates": [16.3792758, 48.2069483]}, "properties": {"category": "vasutallomas", "name": "Stubentor"}}, {"type": "Feature", "geometry": {"type": "Point", "coordinates": [16.3935756, 48.2058779]}, "properties": {"category": "elelmiszer_bolt", "name": "Hofer"}}, {"type": "Feature", "geometry": {"type": "Point", "coordinates": [16.3962824, 48.2215281]}, "properties": {"category": "orvos_egeszsegugy", "name": "Imaging Praterstern"}}, {"type": "Feature", "geometry": {"type": "Point", "coordinates": [16.4001916, 48.198733]}, "properties": {"category": "elelmiszer_bolt", "name": "Billa"}}, {"type": "Feature", "geometry": {"type": "Point", "coordinates": [16.37056, 48.2310328]}, "properties": {"category": "elelmiszer_bolt", "name": "Se&Paş"}}, {"type": "Feature", "geometry": {"type": "Point", "coordinates": [16.3691111, 48.2015527]}, "properties": {"category": "vasutallomas", "name": "Karlsplatz"}}, {"type": "Feature", "geometry": {"type": "Point", "coordinates": [16.3691424, 48.2009961]}, "properties": {"category": "vasutallomas", "name": "Karlsplatz"}}, {"type": "Feature", "geometry": {"type": "Point", "coordinates": [16.3719453, 48.2165609]}, "properties": {"category": "vasutallomas", "name": "Schottenring"}}, {"type": "Feature", "geometry": {"type": "Point", "coordinates": [16.377606, 48.2117924]}, "properties": {"category": "vasutallomas", "name": "Schwedenplatz"}}, {"type": "Feature", "geometry": {"type": "Point", "coordinates": [16.3720438, 48.2084639]}, "properties": {"category": "vasutallomas", "name": "Stephansplatz"}}, {"type": "Feature", "geometry": {"type": "Point", "coordinates": [16.3667911, 48.2305682]}, "properties": {"category": "elelmiszer_bolt", "name": "Ola Bäckerei Konditorei"}}, {"type": "Feature", "geometry": {"type": "Point", "coordinates": [16.3713387, 48.2198054]}, "properties": {"category": "orvos_egeszsegugy", "name": "Primärversorgungszentrum Medizin Augarten"}}, {"type": "Feature", "geometry": {"type": "Point", "coordinates": [16.4122252, 48.2326926]}, "properties": {"category": "ovoda", "name": "Kinder in Wien"}}, {"type": "Feature", "geometry": {"type": "Point", "coordinates": [16.3946143, 48.2337606]}, "properties": {"category": "gyogyszertar", "name": "Apotheke am Handelskai"}}, {"type": "Feature", "geometry": {"type": "Point", "coordinates": [16.3832316, 48.2248707]}, "properties": {"category": "elelmiszer_bolt", "name": "Spar"}}, {"type": "Feature", "geometry": {"type": "Point", "coordinates": [16.3786443, 48.2154081]}, "properties": {"category": "elelmiszer_bolt", "name": "Ohel Moshe"}}, {"type": "Feature", "geometry": {"type": "Point", "coordinates": [16.3743003, 48.2071021]}, "properties": {"category": "elelmiszer_bolt", "name": "Buongustaio"}}, {"type": "Feature", "geometry": {"type": "Point", "coordinates": [16.3863504, 48.2199465]}, "properties": {"category": "elelmiszer_bolt", "name": "Shefa Markt"}}, {"type": "Feature", "geometry": {"type": "Point", "coordinates": [16.3674919, 48.2128412]}, "properties": {"category": "elelmiszer_bolt", "name": "Anker"}}, {"type": "Feature", "geometry": {"type": "Point", "coordinates": [16.3688079, 48.2297444]}, "properties": {"category": "ovoda", "name": "Österreichisch-ägyptische Kinderkrippe"}}, {"type": "Feature", "geometry": {"type": "Point", "coordinates": [16.3799658, 48.2071736]}, "properties": {"category": "elelmiszer_bolt", "name": "Spar"}}, {"type": "Feature", "geometry": {"type": "Point", "coordinates": [16.3851143, 48.2215211]}, "properties": {"category": "orvos_egeszsegugy", "name": "Kiz Augarten"}}, {"type": "Feature", "geometry": {"type": "Point", "coordinates": [16.363739, 48.2124862]}, "properties": {"category": "elelmiszer_bolt", "name": "Öfferl"}}, {"type": "Feature", "geometry": {"type": "Point", "coordinates": [16.3917495, 48.2029482]}, "properties": {"category": "elelmiszer_bolt", "name": "Billa Plus"}}, {"type": "Feature", "geometry": {"type": "Point", "coordinates": [16.3960225, 48.201782]}, "properties": {"category": "elelmiszer_bolt", "name": "Zoba Eck"}}, {"type": "Feature", "geometry": {"type": "Point", "coordinates": [16.3831806, 48.214185]}, "properties": {"category": "elelmiszer_bolt", "name": "Spar"}}, {"type": "Feature", "geometry": {"type": "Point", "coordinates": [16.3906559, 48.2002264]}, "properties": {"category": "orvos_egeszsegugy", "name": "Prof. Priv.-Doz. Dr. M. Hoke FA für Innere Medizin und Angiologie"}}, {"type": "Feature", "geometry": {"type": "Point", "coordinates": [16.4215645, 48.2350974]}, "properties": {"category": "gyogyszertar", "name": "IZD Tower Apotheke"}}, {"type": "Feature", "geometry": {"type": "Point", "coordinates": [16.3770398, 48.2107203]}, "properties": {"category": "elelmiszer_bolt", "name": "Ellada - Greek Market"}}, {"type": "Feature", "geometry": {"type": "Point", "coordinates": [16.3754385, 48.2153367]}, "properties": {"category": "orvos_egeszsegugy", "name": "Dr. Brigitte Wiesinger-Dimter"}}, {"type": "Feature", "geometry": {"type": "Point", "coordinates": [16.3866097, 48.2039962]}, "properties": {"category": "orvos_egeszsegugy", "name": "Dr Nikolaus Schaumann"}}, {"type": "Feature", "geometry": {"type": "Point", "coordinates": [16.4119927, 48.2122027]}, "properties": {"category": "elelmiszer_bolt", "name": "Billa"}}, {"type": "Feature", "geometry": {"type": "Point", "coordinates": [16.3931116, 48.2239311]}, "properties": {"category": "elelmiszer_bolt", "name": "Hofer"}}, {"type": "Feature", "geometry": {"type": "Point", "coordinates": [16.3811597, 48.2200416]}, "properties": {"category": "elelmiszer_bolt", "name": "Prego"}}, {"type": "Feature", "geometry": {"type": "Point", "coordinates": [16.3824821, 48.2195556]}, "properties": {"category": "elelmiszer_bolt", "name": "Alles Torte"}}, {"type": "Feature", "geometry": {"type": "Point", "coordinates": [16.3828718, 48.2194515]}, "properties": {"category": "orvos_egeszsegugy", "name": "HNO Augarten"}}, {"type": "Feature", "geometry": {"type": "Point", "coordinates": [16.3811168, 48.2126822]}, "properties": {"category": "elelmiszer_bolt", "name": "Das Tho – Brot & Laden"}}, {"type": "Feature", "geometry": {"type": "Point", "coordinates": [16.3769085, 48.2155353]}, "properties": {"category": "elelmiszer_bolt", "name": "Koscher Minimarkt"}}, {"type": "Feature", "geometry": {"type": "Point", "coordinates": [16.3814624, 48.213017]}, "properties": {"category": "orvos_egeszsegugy", "name": "Dr. Helmut Leonhartsberger"}}, {"type": "Feature", "geometry": {"type": "Point", "coordinates": [16.3645703, 48.226667]}, "properties": {"category": "elelmiszer_bolt", "name": "Spar"}}, {"type": "Feature", "geometry": {"type": "Point", "coordinates": [16.4014626, 48.2013739]}, "properties": {"category": "elelmiszer_bolt", "name": "Billa"}}, {"type": "Feature", "geometry": {"type": "Point", "coordinates": [16.3703453, 48.2121814]}, "properties": {"category": "orvos_egeszsegugy", "name": "Schmerzteam"}}, {"type": "Feature", "geometry": {"type": "Point", "coordinates": [16.3849621, 48.2040427]}, "properties": {"category": "orvos_egeszsegugy", "name": "Dr. Bianca Bauer"}}, {"type": "Feature", "geometry": {"type": "Point", "coordinates": [16.3718847, 48.2298758]}, "properties": {"category": "orvos_egeszsegugy", "name": "Dr. Karin Wurzer"}}, {"type": "Feature", "geometry": {"type": "Point", "coordinates": [16.3717825, 48.2298491]}, "properties": {"category": "orvos_egeszsegugy", "name": "Zahnarzt Dr. Hannah Grafl, M.Sc."}}, {"type": "Feature", "geometry": {"type": "Point", "coordinates": [16.3750317, 48.2307354]}, "properties": {"category": "orvos_egeszsegugy", "name": "Dr. Susi Pachala"}}, {"type": "Feature", "geometry": {"type": "Point", "coordinates": [16.3743004, 48.23092]}, "properties": {"category": "elelmiszer_bolt", "name": "Hazar Café Konditorei & Bäckerei"}}, {"type": "Feature", "geometry": {"type": "Point", "coordinates": [16.3727938, 48.2302838]}, "properties": {"category": "orvos_egeszsegugy", "name": "Urologie Wallensteinstraße"}}, {"type": "Feature", "geometry": {"type": "Point", "coordinates": [16.3751711, 48.2007399]}, "properties": {"category": "elelmiszer_bolt", "name": "Schwarz"}}, {"type": "Feature", "geometry": {"type": "Point", "coordinates": [16.4105876, 48.2117328]}, "properties": {"category": "ovoda", "name": "Betriebskindergarten WU Wien"}}, {"type": "Feature", "geometry": {"type": "Point", "coordinates": [16.3690871, 48.2215731]}, "properties": {"category": "park_zoldterulet", "name": ""}}, {"type": "Feature", "geometry": {"type": "Point", "coordinates": [16.3691971, 48.2068075]}, "properties": {"category": "elelmiszer_bolt", "name": "Oliver's Teigwerkstatt"}}, {"type": "Feature", "geometry": {"type": "Point", "coordinates": [16.3783365, 48.216993]}, "properties": {"category": "orvos_egeszsegugy", "name": "Dr. Günther Rainer"}}, {"type": "Feature", "geometry": {"type": "Point", "coordinates": [16.3661767, 48.2092579]}, "properties": {"category": "elelmiszer_bolt", "name": "Wiener Seife"}}, {"type": "Feature", "geometry": {"type": "Point", "coordinates": [16.3711403, 48.203863]}, "properties": {"category": "orvos_egeszsegugy", "name": "Augenärztliches Zentrum Innere Stadt"}}, {"type": "Feature", "geometry": {"type": "Point", "coordinates": [16.4096895, 48.2176888]}, "properties": {"category": "elelmiszer_bolt", "name": "Hofer"}}, {"type": "Feature", "geometry": {"type": "Point", "coordinates": [16.4090855, 48.218796]}, "properties": {"category": "elelmiszer_bolt", "name": "Lidl"}}, {"type": "Feature", "geometry": {"type": "Point", "coordinates": [16.3672809, 48.2283253]}, "properties": {"category": "elelmiszer_bolt", "name": "Bäckerei-Konditorei Boro"}}, {"type": "Feature", "geometry": {"type": "Point", "coordinates": [16.4025792, 48.2241261]}, "properties": {"category": "elelmiszer_bolt", "name": "Ströck"}}, {"type": "Feature", "geometry": {"type": "Point", "coordinates": [16.3634479, 48.2226659]}, "properties": {"category": "orvos_egeszsegugy", "name": "Dr. Eva Zunder"}}, {"type": "Feature", "geometry": {"type": "Point", "coordinates": [16.3877886, 48.2162273]}, "properties": {"category": "elelmiszer_bolt", "name": "Natur und Reform"}}, {"type": "Feature", "geometry": {"type": "Point", "coordinates": [16.3856559, 48.2150284]}, "properties": {"category": "orvos_egeszsegugy", "name": "Dr. Vavra"}}, {"type": "Feature", "geometry": {"type": "Point", "coordinates": [16.384444, 48.1992786]}, "properties": {"category": "orvos_egeszsegugy", "name": "Dr. Susanne Ullmann"}}, {"type": "Feature", "geometry": {"type": "Point", "coordinates": [16.3834188, 48.2010056]}, "properties": {"category": "orvos_egeszsegugy", "name": "Prof. Dr. Guido Budik"}}, {"type": "Feature", "geometry": {"type": "Point", "coordinates": [16.3890717, 48.199221]}, "properties": {"category": "orvos_egeszsegugy", "name": "Univ.Prof. Dr. Georg Pakesch"}}, {"type": "Feature", "geometry": {"type": "Point", "coordinates": [16.3840559, 48.1994872]}, "properties": {"category": "orvos_egeszsegugy", "name": "Univ. Prof. Dr. Gerhard Kaik"}}, {"type": "Feature", "geometry": {"type": "Point", "coordinates": [16.3879413, 48.198922]}, "properties": {"category": "orvos_egeszsegugy", "name": "Dr. Leonhard Bauer"}}, {"type": "Feature", "geometry": {"type": "Point", "coordinates": [16.3874945, 48.1986061]}, "properties": {"category": "orvos_egeszsegugy", "name": "Prim.Dr. Barbara Arbes Sertl"}}, {"type": "Feature", "geometry": {"type": "Point", "coordinates": [16.384066, 48.1994331]}, "properties": {"category": "orvos_egeszsegugy", "name": "Dr. Brigitte Kaik"}}, {"type": "Feature", "geometry": {"type": "Point", "coordinates": [16.3875414, 48.2020887]}, "properties": {"category": "orvos_egeszsegugy", "name": "Dr. Herbert Schuster"}}, {"type": "Feature", "geometry": {"type": "Point", "coordinates": [16.3844466, 48.1992321]}, "properties": {"category": "orvos_egeszsegugy", "name": "Dr. Elmar Beckmann"}}, {"type": "Feature", "geometry": {"type": "Point", "coordinates": [16.3876018, 48.1995679]}, "properties": {"category": "orvos_egeszsegugy", "name": "Dr. Franz Widhalm"}}, {"type": "Feature", "geometry": {"type": "Point", "coordinates": [16.3900382, 48.1996993]}, "properties": {"category": "orvos_egeszsegugy", "name": "Dr. Hellmuth Schwanzer-Taborsky"}}, {"type": "Feature", "geometry": {"type": "Point", "coordinates": [16.3888188, 48.1989407]}, "properties": {"category": "orvos_egeszsegugy", "name": "Dr. Michael Pani"}}, {"type": "Feature", "geometry": {"type": "Point", "coordinates": [16.3835844, 48.2005059]}, "properties": {"category": "orvos_egeszsegugy", "name": "Dr. Kerstin Fink"}}, {"type": "Feature", "geometry": {"type": "Point", "coordinates": [16.3836059, 48.2004559]}, "properties": {"category": "orvos_egeszsegugy", "name": "Dr. Roland Hofer"}}, {"type": "Feature", "geometry": {"type": "Point", "coordinates": [16.3840028, 48.1998015]}, "properties": {"category": "ovoda", "name": "KIWI Kindergarten"}}, {"type": "Feature", "geometry": {"type": "Point", "coordinates": [16.3971927, 48.1988673]}, "properties": {"category": "orvos_egeszsegugy", "name": "Orthopädie im Dritten"}}, {"type": "Feature", "geometry": {"type": "Point", "coordinates": [16.3875776, 48.200803]}, "properties": {"category": "orvos_egeszsegugy", "name": "Auge im Dritten"}}, {"type": "Feature", "geometry": {"type": "Point", "coordinates": [16.3861978, 48.1991663]}, "properties": {"category": "orvos_egeszsegugy", "name": "Dr. Babyak Oleh"}}, {"type": "Feature", "geometry": {"type": "Point", "coordinates": [16.3835151, 48.2008406]}, "properties": {"category": "orvos_egeszsegugy", "name": "Dr. Shahia Ghobadi"}}, {"type": "Feature", "geometry": {"type": "Point", "coordinates": [16.3837608, 48.1993411]}, "properties": {"category": "orvos_egeszsegugy", "name": "Praxis beim Modenapark"}}, {"type": "Feature", "geometry": {"type": "Point", "coordinates": [16.3866505, 48.2079958]}, "properties": {"category": "vasutallomas", "name": "Wien Mitte CAT"}}, {"type": "Feature", "geometry": {"type": "Point", "coordinates": [16.3988523, 48.2268777]}, "properties": {"category": "orvos_egeszsegugy", "name": "Kardiovital Ordination für Integrative Medizin"}}, {"type": "Feature", "geometry": {"type": "Point", "coordinates": [16.3778928, 48.2080122]}, "properties": {"category": "elelmiszer_bolt", "name": "Öfferl"}}, {"type": "Feature", "geometry": {"type": "Point", "coordinates": [16.3665066, 48.2350511]}, "properties": {"category": "elelmiszer_bolt", "name": "Sofa Tandoori"}}, {"type": "Feature", "geometry": {"type": "Point", "coordinates": [16.393684, 48.2000074]}, "properties": {"category": "elelmiszer_bolt", "name": "Daria's Nüsse & Co"}}, {"type": "Feature", "geometry": {"type": "Point", "coordinates": [16.3788165, 48.2164343]}, "properties": {"category": "orvos_egeszsegugy", "name": "PVE Allgemeinmedizin"}}, {"type": "Feature", "geometry": {"type": "Point", "coordinates": [16.3709074, 48.2344893]}, "properties": {"category": "park_zoldterulet", "name": ""}}, {"type": "Feature", "geometry": {"type": "Point", "coordinates": [16.3813303, 48.2090446]}, "properties": {"category": "orvos_egeszsegugy", "name": "Praxis am Stubenring"}}, {"type": "Feature", "geometry": {"type": "Point", "coordinates": [16.3922581, 48.2280647]}, "properties": {"category": "elelmiszer_bolt", "name": "Billa"}}, {"type": "Feature", "geometry": {"type": "Point", "coordinates": [16.3927928, 48.2264823]}, "properties": {"category": "elelmiszer_bolt", "name": "Geier"}}, {"type": "Feature", "geometry": {"type": "Point", "coordinates": [16.3949693, 48.2251977]}, "properties": {"category": "orvos_egeszsegugy", "name": "Dr. Harald Manfreda"}}, {"type": "Feature", "geometry": {"type": "Point", "coordinates": [16.377072, 48.2177246]}, "properties": {"category": "elelmiszer_bolt", "name": "Wiener Tofu"}}, {"type": "Feature", "geometry": {"type": "Point", "coordinates": [16.3785463, 48.210833]}, "properties": {"category": "orvos_egeszsegugy", "name": "Imaging Urania"}}, {"type": "Feature", "geometry": {"type": "Point", "coordinates": [16.3659599, 48.2083296]}, "properties": {"category": "elelmiszer_bolt", "name": "Billa"}}, {"type": "Feature", "geometry": {"type": "Point", "coordinates": [16.4051841, 48.2232319]}, "properties": {"category": "elelmiszer_bolt", "name": "Hofer"}}, {"type": "Feature", "geometry": {"type": "Point", "coordinates": [16.3700347, 48.2122072]}, "properties": {"category": "gyogyszertar", "name": "Mohren Apotheke"}}, {"type": "Feature", "geometry": {"type": "Point", "coordinates": [16.4197553, 48.2287113]}, "properties": {"category": "orvos_egeszsegugy", "name": "Dr. Albert Syen"}}, {"type": "Feature", "geometry": {"type": "Point", "coordinates": [16.4142543, 48.2163316]}, "properties": {"category": "gyogyszertar", "name": "Apotheke für dich"}}, {"type": "Feature", "geometry": {"type": "Point", "coordinates": [16.3656602, 48.2337699]}, "properties": {"category": "elelmiszer_bolt", "name": "Lidl"}}, {"type": "Feature", "geometry": {"type": "Point", "coordinates": [16.3891911, 48.2000863]}, "properties": {"category": "ovoda", "name": "evang. Kindergarten"}}, {"type": "Feature", "geometry": {"type": "Point", "coordinates": [16.3809583, 48.2177025]}, "properties": {"category": "elelmiszer_bolt", "name": "Ungersbäck"}}, {"type": "Feature", "geometry": {"type": "Point", "coordinates": [16.3857785, 48.2256269]}, "properties": {"category": "park_zoldterulet", "name": "Garten SAMBA"}}, {"type": "Feature", "geometry": {"type": "Point", "coordinates": [16.3867188, 48.215681]}, "properties": {"category": "elelmiszer_bolt", "name": "Joudi"}}, {"type": "Feature", "geometry": {"type": "Point", "coordinates": [16.3835038, 48.213978]}, "properties": {"category": "elelmiszer_bolt", "name": "Öfferl"}}, {"type": "Feature", "geometry": {"type": "Point", "coordinates": [16.3878577, 48.2228788]}, "properties": {"category": "elelmiszer_bolt", "name": "Nur"}}, {"type": "Feature", "geometry": {"type": "Point", "coordinates": [16.3814752, 48.2199124]}, "properties": {"category": "elelmiszer_bolt", "name": "La Mehadrin"}}, {"type": "Feature", "geometry": {"type": "Point", "coordinates": [16.3887859, 48.234774]}, "properties": {"category": "orvos_egeszsegugy", "name": "Susanne Pöll"}}, {"type": "Feature", "geometry": {"type": "Point", "coordinates": [16.3962998, 48.2322083]}, "properties": {"category": "ovoda", "name": "KIWI-Kindergarten Handelskai"}}, {"type": "Feature", "geometry": {"type": "Point", "coordinates": [16.3630848, 48.2129364]}, "properties": {"category": "orvos_egeszsegugy", "name": "Moser Milani"}}, {"type": "Feature", "geometry": {"type": "Point", "coordinates": [16.3792198, 48.2369738]}, "properties": {"category": "elelmiszer_bolt", "name": "Yildirim"}}, {"type": "Feature", "geometry": {"type": "Point", "coordinates": [16.39777, 48.1998997]}, "properties": {"category": "iskola", "name": "Volksschule - St. Franziskus"}}, {"type": "Feature", "geometry": {"type": "Point", "coordinates": [16.3865154, 48.2183327]}, "properties": {"category": "orvos_egeszsegugy", "name": "Dr. Emanuel Sporn"}}, {"type": "Feature", "geometry": {"type": "Point", "coordinates": [16.3865248, 48.2183443]}, "properties": {"category": "orvos_egeszsegugy", "name": "Dr. Oliver Kandel"}}, {"type": "Feature", "geometry": {"type": "Point", "coordinates": [16.375511, 48.219741]}, "properties": {"category": "orvos_egeszsegugy", "name": ""}}, {"type": "Feature", "geometry": {"type": "Point", "coordinates": [16.3649223, 48.2134797]}, "properties": {"category": "orvos_egeszsegugy", "name": "Assoc.-Prof. Priv-Doz. Dr. Katharina Kriechbaum"}}, {"type": "Feature", "geometry": {"type": "Point", "coordinates": [16.3650258, 48.213547]}, "properties": {"category": "orvos_egeszsegugy", "name": "Univ.-Prof. Dr. Birgit Lackner"}}, {"type": "Feature", "geometry": {"type": "Point", "coordinates": [16.3650763, 48.2134433]}, "properties": {"category": "orvos_egeszsegugy", "name": "Assoc.-Prof. Priv.-Doz. Dr. Marion Funk"}}, {"type": "Feature", "geometry": {"type": "Point", "coordinates": [16.3878604, 48.2239821]}, "properties": {"category": "ovoda", "name": "Kindergarten Bunte Welt"}}, {"type": "Feature", "geometry": {"type": "Point", "coordinates": [16.3661721, 48.208618]}, "properties": {"category": "orvos_egeszsegugy", "name": "Dr. med. univ. Peter Lahninger"}}, {"type": "Feature", "geometry": {"type": "Point", "coordinates": [16.3642536, 48.2117263]}, "properties": {"category": "orvos_egeszsegugy", "name": "Dr. Kaan Karmankaya"}}, {"type": "Feature", "geometry": {"type": "Point", "coordinates": [16.4024069, 48.2240356]}, "properties": {"category": "elelmiszer_bolt", "name": "Daily Fresh"}}, {"type": "Feature", "geometry": {"type": "Point", "coordinates": [16.3999864, 48.2181864]}, "properties": {"category": "orvos_egeszsegugy", "name": "Dr. med. Giham Ibrahim"}}, {"type": "Feature", "geometry": {"type": "Point", "coordinates": [16.3976696, 48.2182059]}, "properties": {"category": "orvos_egeszsegugy", "name": "Dr. Günther Michael Wimberger"}}, {"type": "Feature", "geometry": {"type": "Point", "coordinates": [16.3976289, 48.2182075]}, "properties": {"category": "orvos_egeszsegugy", "name": "Dr.med. Renate Wimberger"}}, {"type": "Feature", "geometry": {"type": "Point", "coordinates": [16.392903, 48.208637]}, "properties": {"category": "elelmiszer_bolt", "name": "Meet & Weed"}}, {"type": "Feature", "geometry": {"type": "Point", "coordinates": [16.3888426, 48.2098355]}, "properties": {"category": "orvos_egeszsegugy", "name": "Dr. Sonja Kaiser"}}, {"type": "Feature", "geometry": {"type": "Point", "coordinates": [16.3885623, 48.2079709]}, "properties": {"category": "orvos_egeszsegugy", "name": "Dr. Sanja Annemarie Sharaf"}}, {"type": "Feature", "geometry": {"type": "Point", "coordinates": [16.3981511, 48.1984862]}, "properties": {"category": "elelmiszer_bolt", "name": "Basak"}}, {"type": "Feature", "geometry": {"type": "Point", "coordinates": [16.3932801, 48.2004983]}, "properties": {"category": "orvos_egeszsegugy", "name": "Dr. Maria Heger"}}, {"type": "Feature", "geometry": {"type": "Point", "coordinates": [16.3946568, 48.2009227]}, "properties": {"category": "orvos_egeszsegugy", "name": "Dr. Wolfgang Trubel"}}, {"type": "Feature", "geometry": {"type": "Point", "coordinates": [16.3709312, 48.203551]}, "properties": {"category": "orvos_egeszsegugy", "name": "Allergie Ambulatorium Innere Stadt"}}, {"type": "Feature", "geometry": {"type": "Point", "coordinates": [16.3998623, 48.2216905]}, "properties": {"category": "orvos_egeszsegugy", "name": "Dr. Claudia Radbauer"}}, {"type": "Feature", "geometry": {"type": "Point", "coordinates": [16.4004636, 48.2186886]}, "properties": {"category": "orvos_egeszsegugy", "name": "Dr. Gottfried Hönlinger"}}, {"type": "Feature", "geometry": {"type": "Point", "coordinates": [16.4018052, 48.2189289]}, "properties": {"category": "elelmiszer_bolt", "name": "Toko Sederhana"}}, {"type": "Feature", "geometry": {"type": "Point", "coordinates": [16.3856264, 48.2371814]}, "properties": {"category": "elelmiszer_bolt", "name": "Mr Zeng Asian Shop"}}, {"type": "Feature", "geometry": {"type": "Point", "coordinates": [16.3670117, 48.2329159]}, "properties": {"category": "orvos_egeszsegugy", "name": "Augenzentrum Brigittenau"}}, {"type": "Feature", "geometry": {"type": "Point", "coordinates": [16.3817548, 48.2241161]}, "properties": {"category": "orvos_egeszsegugy", "name": "Dr. Omar Sarsam"}}, {"type": "Feature", "geometry": {"type": "Point", "coordinates": [16.3872125, 48.2355724]}, "properties": {"category": "elelmiszer_bolt", "name": "Bis-Markt"}}, {"type": "Feature", "geometry": {"type": "Point", "coordinates": [16.4173856, 48.2360148]}, "properties": {"category": "elelmiszer_bolt", "name": ""}}, {"type": "Feature", "geometry": {"type": "Point", "coordinates": [16.382564, 48.2148736]}, "properties": {"category": "iskola", "name": ""}}, {"type": "Feature", "geometry": {"type": "Point", "coordinates": [16.3918162, 48.2333094]}, "properties": {"category": "ovoda", "name": "Die Stadtmäuse"}}, {"type": "Feature", "geometry": {"type": "Point", "coordinates": [16.404797, 48.1994767]}, "properties": {"category": "park_zoldterulet", "name": ""}}, {"type": "Feature", "geometry": {"type": "Point", "coordinates": [16.4050038, 48.1995914]}, "properties": {"category": "park_zoldterulet", "name": ""}}, {"type": "Feature", "geometry": {"type": "Point", "coordinates": [16.3631566, 48.2136624]}, "properties": {"category": "elelmiszer_bolt", "name": "Interspar"}}, {"type": "Feature", "geometry": {"type": "Point", "coordinates": [16.3646084, 48.2272063]}, "properties": {"category": "elelmiszer_bolt", "name": "Ströck"}}, {"type": "Feature", "geometry": {"type": "Point", "coordinates": [16.3743839, 48.2132563]}, "properties": {"category": "orvos_egeszsegugy", "name": "Dr. Powoniak"}}, {"type": "Feature", "geometry": {"type": "Point", "coordinates": [16.3742572, 48.2131928]}, "properties": {"category": "orvos_egeszsegugy", "name": "Dermacare"}}, {"type": "Feature", "geometry": {"type": "Point", "coordinates": [16.3806398, 48.2106963]}, "properties": {"category": "orvos_egeszsegugy", "name": "Dr. Michael Rauchenwald"}}, {"type": "Feature", "geometry": {"type": "Point", "coordinates": [16.3806772, 48.2106464]}, "properties": {"category": "orvos_egeszsegugy", "name": "Dr. Corinna Geiger"}}, {"type": "Feature", "geometry": {"type": "Point", "coordinates": [16.3930275, 48.2118492]}, "properties": {"category": "orvos_egeszsegugy", "name": "Dr. Gerhand Brunner"}}, {"type": "Feature", "geometry": {"type": "Point", "coordinates": [16.4103891, 48.234377]}, "properties": {"category": "park_zoldterulet", "name": ""}}, {"type": "Feature", "geometry": {"type": "Point", "coordinates": [16.3637225, 48.2267687]}, "properties": {"category": "orvos_egeszsegugy", "name": "Augenzentrum Wien"}}, {"type": "Feature", "geometry": {"type": "Point", "coordinates": [16.3702678, 48.2062274]}, "properties": {"category": "elelmiszer_bolt", "name": "Martin Auer"}}, {"type": "Feature", "geometry": {"type": "Point", "coordinates": [16.3718762, 48.2198496]}, "properties": {"category": "orvos_egeszsegugy", "name": "Kardiologische Gruppenpraxis Dr. Andreas Wagner"}}, {"type": "Feature", "geometry": {"type": "Point", "coordinates": [16.4154572, 48.2289397]}, "properties": {"category": "park_zoldterulet", "name": ""}}, {"type": "Feature", "geometry": {"type": "Point", "coordinates": [16.4221258, 48.2362306]}, "properties": {"category": "orvos_egeszsegugy", "name": "Dr. Michael Moser"}}, {"type": "Feature", "geometry": {"type": "Point", "coordinates": [16.3737055, 48.2185521]}, "properties": {"category": "orvos_egeszsegugy", "name": "Dr. Birgit Pruckner"}}, {"type": "Feature", "geometry": {"type": "Point", "coordinates": [16.3737535, 48.2185282]}, "properties": {"category": "orvos_egeszsegugy", "name": "Dr. Klaudia Mitterwachauer"}}, {"type": "Feature", "geometry": {"type": "Point", "coordinates": [16.4055328, 48.2181855]}, "properties": {"category": "orvos_egeszsegugy", "name": "Dr. Mobarhan Narges"}}, {"type": "Feature", "geometry": {"type": "Point", "coordinates": [16.3944075, 48.2314743]}, "properties": {"category": "elelmiszer_bolt", "name": "ETSAN"}}, {"type": "Feature", "geometry": {"type": "Point", "coordinates": [16.3697183, 48.2049407]}, "properties": {"category": "elelmiszer_bolt", "name": "Joseph Brot"}}, {"type": "Feature", "geometry": {"type": "Point", "coordinates": [16.3836154, 48.2145192]}, "properties": {"category": "orvos_egeszsegugy", "name": "Ordinationen für HNO Heilkunde"}}, {"type": "Feature", "geometry": {"type": "Point", "coordinates": [16.4066275, 48.2221953]}, "properties": {"category": "orvos_egeszsegugy", "name": "Dr. Azem und Partner"}}, {"type": "Feature", "geometry": {"type": "Point", "coordinates": [16.406461, 48.2002602]}, "properties": {"category": "elelmiszer_bolt", "name": "Hofer"}}, {"type": "Feature", "geometry": {"type": "Point", "coordinates": [16.3645416, 48.2121407]}, "properties": {"category": "elelmiszer_bolt", "name": "Klosterladen im Schottenstift"}}, {"type": "Feature", "geometry": {"type": "Point", "coordinates": [16.3673117, 48.2101659]}, "properties": {"category": "orvos_egeszsegugy", "name": "Praxisklinik Fachärztezentrum"}}, {"type": "Feature", "geometry": {"type": "Point", "coordinates": [16.3710638, 48.2315019]}, "properties": {"category": "orvos_egeszsegugy", "name": "Clinic Vienna"}}, {"type": "Feature", "geometry": {"type": "Point", "coordinates": [16.3817775, 48.2159285]}, "properties": {"category": "orvos_egeszsegugy", "name": "Dr. Peter Weimann"}}, {"type": "Feature", "geometry": {"type": "Point", "coordinates": [16.3822694, 48.200847]}, "properties": {"category": "orvos_egeszsegugy", "name": "Dr. Regina Shokry"}}, {"type": "Feature", "geometry": {"type": "Point", "coordinates": [16.4003614, 48.2001259]}, "properties": {"category": "orvos_egeszsegugy", "name": "Dr. Wolfgang Frebort"}}, {"type": "Feature", "geometry": {"type": "Point", "coordinates": [16.3711032, 48.2131722]}, "properties": {"category": "orvos_egeszsegugy", "name": "Dr. Maryan Cyarnecki"}}, {"type": "Feature", "geometry": {"type": "Point", "coordinates": [16.3987592, 48.2009707]}, "properties": {"category": "orvos_egeszsegugy", "name": "Dr. Gerhard Mooseder"}}, {"type": "Feature", "geometry": {"type": "Point", "coordinates": [16.3879816, 48.2180929]}, "properties": {"category": "orvos_egeszsegugy", "name": "Dr. Jana Wassermann"}}, {"type": "Feature", "geometry": {"type": "Point", "coordinates": [16.3635515, 48.2124563]}, "properties": {"category": "orvos_egeszsegugy", "name": "Augenzentrum Freyung - Dr. Simader"}}, {"type": "Feature", "geometry": {"type": "Point", "coordinates": [16.3633467, 48.2124913]}, "properties": {"category": "orvos_egeszsegugy", "name": "City Medical"}}, {"type": "Feature", "geometry": {"type": "Point", "coordinates": [16.4203473, 48.2293711]}, "properties": {"category": "park_zoldterulet", "name": ""}}, {"type": "Feature", "geometry": {"type": "Point", "coordinates": [16.4183188, 48.2297349]}, "properties": {"category": "elelmiszer_bolt", "name": "Wurst & mehr"}}, {"type": "Feature", "geometry": {"type": "Point", "coordinates": [16.3877214, 48.2373792]}, "properties": {"category": "ovoda", "name": "Kindergruppe Bambino"}}, {"type": "Feature", "geometry": {"type": "Point", "coordinates": [16.3871659, 48.2019792]}, "properties": {"category": "orvos_egeszsegugy", "name": "Dr. Claudia Heller-Vitouch"}}, {"type": "Feature", "geometry": {"type": "Point", "coordinates": [16.3871666, 48.2020391]}, "properties": {"category": "orvos_egeszsegugy", "name": "Dr. Thomas Heller"}}, {"type": "Feature", "geometry": {"type": "Point", "coordinates": [16.3804392, 48.2153813]}, "properties": {"category": "iskola", "name": "Barmherzige Bruder Pflegeakademie Wien"}}, {"type": "Feature", "geometry": {"type": "Point", "coordinates": [16.3657968, 48.2310083]}, "properties": {"category": "elelmiszer_bolt", "name": "Verein SozialShop - Der Sozialmarkt in Brigittenau"}}, {"type": "Feature", "geometry": {"type": "Point", "coordinates": [16.3747066, 48.2344707]}, "properties": {"category": "elelmiszer_bolt", "name": "Nanum Supermarkt"}}, {"type": "Feature", "geometry": {"type": "Point", "coordinates": [16.3806765, 48.2158834]}, "properties": {"category": "elelmiszer_bolt", "name": "Billa"}}, {"type": "Feature", "geometry": {"type": "Point", "coordinates": [16.380241, 48.2366029]}, "properties": {"category": "ovoda", "name": "juwa"}}, {"type": "Feature", "geometry": {"type": "Point", "coordinates": [16.3920163, 48.2139545]}, "properties": {"category": "elelmiszer_bolt", "name": ""}}, {"type": "Feature", "geometry": {"type": "Point", "coordinates": [16.3657041, 48.235517]}, "properties": {"category": "elelmiszer_bolt", "name": "Mollah Markt"}}, {"type": "Feature", "geometry": {"type": "Point", "coordinates": [16.3904827, 48.2172471]}, "properties": {"category": "elelmiszer_bolt", "name": "Aleppo Sweets"}}, {"type": "Feature", "geometry": {"type": "Point", "coordinates": [16.3642603, 48.2130676]}, "properties": {"category": "orvos_egeszsegugy", "name": "Health Consult"}}, {"type": "Feature", "geometry": {"type": "Point", "coordinates": [16.3811307, 48.2358058]}, "properties": {"category": "ovoda", "name": "juwa"}}, {"type": "Feature", "geometry": {"type": "Point", "coordinates": [16.3808684, 48.1993668]}, "properties": {"category": "orvos_egeszsegugy", "name": "Dr. Susanna Rath"}}, {"type": "Feature", "geometry": {"type": "Point", "coordinates": [16.3654353, 48.2368312]}, "properties": {"category": "elelmiszer_bolt", "name": "Al Saadi"}}, {"type": "Feature", "geometry": {"type": "Point", "coordinates": [16.4174458, 48.2304152]}, "properties": {"category": "elelmiszer_bolt", "name": "KY Podologische Fußpflege"}}, {"type": "Feature", "geometry": {"type": "Point", "coordinates": [16.4157259, 48.2131257]}, "properties": {"category": "orvos_egeszsegugy", "name": "haelsi"}}, {"type": "Feature", "geometry": {"type": "Point", "coordinates": [16.389507, 48.2109161]}, "properties": {"category": "elelmiszer_bolt", "name": "Anker"}}, {"type": "Feature", "geometry": {"type": "Point", "coordinates": [16.3702764, 48.2164869]}, "properties": {"category": "orvos_egeszsegugy", "name": "Dr. Vladi Liptak"}}, {"type": "Feature", "geometry": {"type": "Point", "coordinates": [16.3710447, 48.214523]}, "properties": {"category": "orvos_egeszsegugy", "name": "Dr. Ronay"}}, {"type": "Feature", "geometry": {"type": "Point", "coordinates": [16.3749956, 48.2209465]}, "properties": {"category": "orvos_egeszsegugy", "name": "Dr. Andrea Foit"}}, {"type": "Feature", "geometry": {"type": "Point", "coordinates": [16.4030654, 48.2186615]}, "properties": {"category": "orvos_egeszsegugy", "name": "Dr. Johanna Gruther"}}, {"type": "Feature", "geometry": {"type": "Point", "coordinates": [16.3844464, 48.2371953]}, "properties": {"category": "elelmiszer_bolt", "name": "Korn"}}, {"type": "Feature", "geometry": {"type": "Point", "coordinates": [16.3712094, 48.2289402]}, "properties": {"category": "elelmiszer_bolt", "name": "Warung Salam"}}, {"type": "Feature", "geometry": {"type": "Point", "coordinates": [16.382876, 48.2021879]}, "properties": {"category": "orvos_egeszsegugy", "name": "Tierarztpraxis am Stadtpark GmbH"}}, {"type": "Feature", "geometry": {"type": "Point", "coordinates": [16.3978581, 48.1986439]}, "properties": {"category": "orvos_egeszsegugy", "name": "Dr. Anelia Hochwarter"}}, {"type": "Feature", "geometry": {"type": "Point", "coordinates": [16.3786141, 48.220176]}, "properties": {"category": "orvos_egeszsegugy", "name": "Innere Medizin Augarten"}}, {"type": "Feature", "geometry": {"type": "Point", "coordinates": [16.3706376, 48.2033846]}, "properties": {"category": "elelmiszer_bolt", "name": "Anker"}}, {"type": "Feature", "geometry": {"type": "Point", "coordinates": [16.3909686, 48.209316]}, "properties": {"category": "park_zoldterulet", "name": ""}}, {"type": "Feature", "geometry": {"type": "Point", "coordinates": [16.3901035, 48.2336354]}, "properties": {"category": "orvos_egeszsegugy", "name": "Dr. Hamid Kazemi Moomavandi"}}, {"type": "Feature", "geometry": {"type": "Point", "coordinates": [16.3656952, 48.2219206]}, "properties": {"category": "orvos_egeszsegugy", "name": "Dr. Sylvia Geiger"}}, {"type": "Feature", "geometry": {"type": "Point", "coordinates": [16.3746315, 48.2095278]}, "properties": {"category": "orvos_egeszsegugy", "name": "Dr. Matthias Paireder"}}, {"type": "Feature", "geometry": {"type": "Point", "coordinates": [16.365206, 48.2134952]}, "properties": {"category": "orvos_egeszsegugy", "name": "Priv. Doz. DDr. Reinhard Told"}}, {"type": "Feature", "geometry": {"type": "Point", "coordinates": [16.3659298, 48.2344898]}, "properties": {"category": "ovoda", "name": "Nur"}}, {"type": "Feature", "geometry": {"type": "Point", "coordinates": [16.3849381, 48.214728]}, "properties": {"category": "elelmiszer_bolt", "name": "Felber"}}, {"type": "Feature", "geometry": {"type": "Point", "coordinates": [16.3761333, 48.211665]}, "properties": {"category": "elelmiszer_bolt", "name": "Canna Pharm"}}, {"type": "Feature", "geometry": {"type": "Point", "coordinates": [16.3650496, 48.2244939]}, "properties": {"category": "orvos_egeszsegugy", "name": "Dr. Elisabeth Leko Mohr"}}, {"type": "Feature", "geometry": {"type": "Point", "coordinates": [16.3866833, 48.2039816]}, "properties": {"category": "orvos_egeszsegugy", "name": "Dr. Barbara Schaumann"}}, {"type": "Feature", "geometry": {"type": "Point", "coordinates": [16.387979, 48.2054969]}, "properties": {"category": "orvos_egeszsegugy", "name": "Dr. Alexander Roth"}}, {"type": "Feature", "geometry": {"type": "Point", "coordinates": [16.3893942, 48.2018902]}, "properties": {"category": "orvos_egeszsegugy", "name": "Dr. Maximilian Walther"}}, {"type": "Feature", "geometry": {"type": "Point", "coordinates": [16.3816789, 48.2241471]}, "properties": {"category": "orvos_egeszsegugy", "name": "Dr. Douschan"}}, {"type": "Feature", "geometry": {"type": "Point", "coordinates": [16.3693991, 48.2303333]}, "properties": {"category": "elelmiszer_bolt", "name": "Adran Markt"}}, {"type": "Feature", "geometry": {"type": "Point", "coordinates": [16.3830995, 48.2334878]}, "properties": {"category": "elelmiszer_bolt", "name": "Spar"}}, {"type": "Feature", "geometry": {"type": "Point", "coordinates": [16.3648412, 48.2161121]}, "properties": {"category": "elelmiszer_bolt", "name": "Billa"}}, {"type": "Feature", "geometry": {"type": "Point", "coordinates": [16.394941, 48.2176783]}, "properties": {"category": "elelmiszer_bolt", "name": "Select"}}, {"type": "Feature", "geometry": {"type": "Point", "coordinates": [16.368938, 48.2313728]}, "properties": {"category": "elelmiszer_bolt", "name": "Irak Haus Markt"}}, {"type": "Feature", "geometry": {"type": "Point", "coordinates": [16.3689959, 48.2315587]}, "properties": {"category": "elelmiszer_bolt", "name": "Alraafidayn Markt"}}, {"type": "Feature", "geometry": {"type": "Point", "coordinates": [16.3690087, 48.2314914]}, "properties": {"category": "elelmiszer_bolt", "name": "Russische Lebensmittel"}}, {"type": "Feature", "geometry": {"type": "Point", "coordinates": [16.3799951, 48.2137615]}, "properties": {"category": "elelmiszer_bolt", "name": "Olivenhain"}}, {"type": "Feature", "geometry": {"type": "Point", "coordinates": [16.383796, 48.2199048]}, "properties": {"category": "orvos_egeszsegugy", "name": "Dr. Benedikt Dolna"}}, {"type": "Feature", "geometry": {"type": "Point", "coordinates": [16.3825512, 48.219099]}, "properties": {"category": "orvos_egeszsegugy", "name": "Dr. Elisabeth Feuersänger"}}, {"type": "Feature", "geometry": {"type": "Point", "coordinates": [16.3802868, 48.2145909]}, "properties": {"category": "elelmiszer_bolt", "name": "Brüderladen"}}, {"type": "Feature", "geometry": {"type": "Point", "coordinates": [16.3687194, 48.2319651]}, "properties": {"category": "elelmiszer_bolt", "name": "Arwin Markt"}}, {"type": "Feature", "geometry": {"type": "Point", "coordinates": [16.3691385, 48.2308961]}, "properties": {"category": "elelmiszer_bolt", "name": "Family Market"}}, {"type": "Feature", "geometry": {"type": "Point", "coordinates": [16.3909474, 48.203061]}, "properties": {"category": "orvos_egeszsegugy", "name": "Dr. Hanna Röhsler"}}, {"type": "Feature", "geometry": {"type": "Point", "coordinates": [16.3954458, 48.2313067]}, "properties": {"category": "ovoda", "name": "Zwergenschule"}}, {"type": "Feature", "geometry": {"type": "Point", "coordinates": [16.3934553, 48.2011937]}, "properties": {"category": "orvos_egeszsegugy", "name": "Dr. Marcel Rowhani"}}, {"type": "Feature", "geometry": {"type": "Point", "coordinates": [16.3857158, 48.2347423]}, "properties": {"category": "orvos_egeszsegugy", "name": "Dr. Brigitte Hamberger"}}, {"type": "Feature", "geometry": {"type": "Point", "coordinates": [16.3683861, 48.2307826]}, "properties": {"category": "elelmiszer_bolt", "name": "Fadak"}}, {"type": "Feature", "geometry": {"type": "Point", "coordinates": [16.3688883, 48.2316229]}, "properties": {"category": "elelmiszer_bolt", "name": "Bagheri Markt"}}, {"type": "Feature", "geometry": {"type": "Point", "coordinates": [16.3897824, 48.2190525]}, "properties": {"category": "iskola", "name": "VHS Veranstaltungszentrum Praterstern"}}, {"type": "Feature", "geometry": {"type": "Point", "coordinates": [16.3689052, 48.2319634]}, "properties": {"category": "elelmiszer_bolt", "name": "Elsherbeny Lebensmittel"}}, {"type": "Feature", "geometry": {"type": "Point", "coordinates": [16.3710745, 48.2210211]}, "properties": {"category": "orvos_egeszsegugy", "name": ""}}, {"type": "Feature", "geometry": {"type": "Point", "coordinates": [16.3705245, 48.2198982]}, "properties": {"category": "orvos_egeszsegugy", "name": "Dr. Martin Kraft"}}, {"type": "Feature", "geometry": {"type": "Point", "coordinates": [16.3690369, 48.2339535]}, "properties": {"category": "ovoda", "name": "Flower"}}, {"type": "Feature", "geometry": {"type": "Point", "coordinates": [16.3637438, 48.2230794]}, "properties": {"category": "orvos_egeszsegugy", "name": "Dr. Astrid Zeitelberger-Renz"}}, {"type": "Feature", "geometry": {"type": "Point", "coordinates": [16.3637433, 48.2230591]}, "properties": {"category": "orvos_egeszsegugy", "name": "Dr. Andrea Kottmel"}}, {"type": "Feature", "geometry": {"type": "Point", "coordinates": [16.364729, 48.2234304]}, "properties": {"category": "orvos_egeszsegugy", "name": "Dr. Muhsen Shoumariyeh"}}, {"type": "Feature", "geometry": {"type": "Point", "coordinates": [16.36983, 48.2071631]}, "properties": {"category": "orvos_egeszsegugy", "name": "Beauty Embassy"}}, {"type": "Feature", "geometry": {"type": "Point", "coordinates": [16.390955, 48.2234336]}, "properties": {"category": "park_zoldterulet", "name": ""}}, {"type": "Feature", "geometry": {"type": "Point", "coordinates": [16.3942557, 48.199443]}, "properties": {"category": "elelmiszer_bolt", "name": "Shanghai Shop"}}, {"type": "Feature", "geometry": {"type": "Point", "coordinates": [16.3905766, 48.2199444]}, "properties": {"category": "ovoda", "name": "Timi's Mini Mints"}}, {"type": "Feature", "geometry": {"type": "Point", "coordinates": [16.3787549, 48.210231]}, "properties": {"category": "orvos_egeszsegugy", "name": "Imaging Petscan"}}, {"type": "Feature", "geometry": {"type": "Point", "coordinates": [16.4110253, 48.2113937]}, "properties": {"category": "ovoda", "name": "Kindergarten Am Grünen Prater"}}, {"type": "Feature", "geometry": {"type": "Point", "coordinates": [16.4180236, 48.2147802]}, "properties": {"category": "park_zoldterulet", "name": ""}}, {"type": "Feature", "geometry": {"type": "Point", "coordinates": [16.3848923, 48.2155719]}, "properties": {"category": "orvos_egeszsegugy", "name": "Dr. Liora Bunzl"}}, {"type": "Feature", "geometry": {"type": "Point", "coordinates": [16.3683273, 48.2318483]}, "properties": {"category": "elelmiszer_bolt", "name": "Khatab"}}, {"type": "Feature", "geometry": {"type": "Point", "coordinates": [16.3680736, 48.2324174]}, "properties": {"category": "elelmiszer_bolt", "name": "Lam-Berg"}}, {"type": "Feature", "geometry": {"type": "Point", "coordinates": [16.3686143, 48.2312726]}, "properties": {"category": "elelmiszer_bolt", "name": "Yusuf Markt"}}, {"type": "Feature", "geometry": {"type": "Point", "coordinates": [16.3684275, 48.2316138]}, "properties": {"category": "elelmiszer_bolt", "name": "Irak Haus Markt"}}, {"type": "Feature", "geometry": {"type": "Point", "coordinates": [16.3923811, 48.2306964]}, "properties": {"category": "park_zoldterulet", "name": ""}}, {"type": "Feature", "geometry": {"type": "Point", "coordinates": [16.3916938, 48.2279869]}, "properties": {"category": "gyogyszertar", "name": "Apotheke Nordbahnviertel"}}, {"type": "Feature", "geometry": {"type": "Point", "coordinates": [16.4028859, 48.2134413]}, "properties": {"category": "elelmiszer_bolt", "name": "Krimskrams & Kramuri Shop"}}, {"type": "Feature", "geometry": {"type": "Point", "coordinates": [16.3801068, 48.2186518]}, "properties": {"category": "orvos_egeszsegugy", "name": "Evidence"}}, {"type": "Feature", "geometry": {"type": "Point", "coordinates": [16.375444, 48.2222798]}, "properties": {"category": "iskola", "name": "Private Mittelschule St. Elisabeth"}}, {"type": "Feature", "geometry": {"type": "Point", "coordinates": [16.4210937, 48.2277676]}, "properties": {"category": "elelmiszer_bolt", "name": "Markt 44a"}}, {"type": "Feature", "geometry": {"type": "Point", "coordinates": [16.3643943, 48.2195062]}, "properties": {"category": "elelmiszer_bolt", "name": "Joseph Brot"}}, {"type": "Feature", "geometry": {"type": "Point", "coordinates": [16.3638657, 48.19864]}, "properties": {"category": "elelmiszer_bolt", "name": "Orient Shop"}}, {"type": "Feature", "geometry": {"type": "Point", "coordinates": [16.3651109, 48.1992974]}, "properties": {"category": "elelmiszer_bolt", "name": "Ströck"}}, {"type": "Feature", "geometry": {"type": "Point", "coordinates": [16.3644083, 48.1990544]}, "properties": {"category": "elelmiszer_bolt", "name": "Alles Für Korean BBQ"}}, {"type": "Feature", "geometry": {"type": "Point", "coordinates": [16.3720351, 48.2082867]}, "properties": {"category": "elelmiszer_bolt", "name": "City Shop"}}, {"type": "Feature", "geometry": {"type": "Point", "coordinates": [16.3970442, 48.2027843]}, "properties": {"category": "ovoda", "name": "Kindergruppe Hopphopphopp"}}, {"type": "Feature", "geometry": {"type": "Point", "coordinates": [16.4161022, 48.2278988]}, "properties": {"category": "ovoda", "name": "Evangelischer Kindergarten Am Hubertusdamm"}}, {"type": "Feature", "geometry": {"type": "Point", "coordinates": [16.3975383, 48.2007373]}, "properties": {"category": "orvos_egeszsegugy", "name": "Ärzte im Dritten"}}, {"type": "Feature", "geometry": {"type": "Point", "coordinates": [16.3899416, 48.2035104]}, "properties": {"category": "orvos_egeszsegugy", "name": "Dr. Helga Benko"}}, {"type": "Feature", "geometry": {"type": "Point", "coordinates": [16.3868751, 48.2055553]}, "properties": {"category": "orvos_egeszsegugy", "name": "Dr. Theresa Widrich"}}, {"type": "Feature", "geometry": {"type": "Point", "coordinates": [16.3896752, 48.2238673]}, "properties": {"category": "elelmiszer_bolt", "name": "Spar"}}, {"type": "Feature", "geometry": {"type": "Point", "coordinates": [16.3883217, 48.2179676]}, "properties": {"category": "ovoda", "name": "Multi Kinderwelt"}}, {"type": "Feature", "geometry": {"type": "Point", "coordinates": [16.3859616, 48.2190481]}, "properties": {"category": "park_zoldterulet", "name": ""}}, {"type": "Feature", "geometry": {"type": "Point", "coordinates": [16.3638933, 48.2317284]}, "properties": {"category": "ovoda", "name": ""}}, {"type": "Feature", "geometry": {"type": "Point", "coordinates": [16.3647742, 48.2266565]}, "properties": {"category": "orvos_egeszsegugy", "name": "Rehab Friedensbrücke"}}, {"type": "Feature", "geometry": {"type": "Point", "coordinates": [16.390072, 48.2034287]}, "properties": {"category": "elelmiszer_bolt", "name": "Hannibals"}}, {"type": "Feature", "geometry": {"type": "Point", "coordinates": [16.4179556, 48.2030616]}, "properties": {"category": "park_zoldterulet", "name": ""}}, {"type": "Feature", "geometry": {"type": "Point", "coordinates": [16.3793563, 48.2158065]}, "properties": {"category": "elelmiszer_bolt", "name": "Erwins Corner"}}, {"type": "Feature", "geometry": {"type": "Point", "coordinates": [16.3705326, 48.2103614]}, "properties": {"category": "elelmiszer_bolt", "name": "Felber"}}, {"type": "Feature", "geometry": {"type": "Point", "coordinates": [16.3846002, 48.2171733]}, "properties": {"category": "ovoda", "name": ""}}, {"type": "Feature", "geometry": {"type": "Point", "coordinates": [16.3806565, 48.2188354]}, "properties": {"category": "elelmiszer_bolt", "name": "BillaToGo"}}, {"type": "Feature", "geometry": {"type": "Point", "coordinates": [16.3887833, 48.2276959]}, "properties": {"category": "elelmiszer_bolt", "name": "Anker"}}, {"type": "Feature", "geometry": {"type": "Point", "coordinates": [16.3717859, 48.2293171]}, "properties": {"category": "orvos_egeszsegugy", "name": "Dr. Bernhard Wuschitz"}}, {"type": "Feature", "geometry": {"type": "Point", "coordinates": [16.3948453, 48.1986429]}, "properties": {"category": "elelmiszer_bolt", "name": "Felber"}}, {"type": "Feature", "geometry": {"type": "Point", "coordinates": [16.3874697, 48.2202259]}, "properties": {"category": "orvos_egeszsegugy", "name": "Dr. Sanela Stojkecic"}}, {"type": "Feature", "geometry": {"type": "Point", "coordinates": [16.3650803, 48.2217829]}, "properties": {"category": "orvos_egeszsegugy", "name": "Kinder Praxis Serviten4tel"}}, {"type": "Feature", "geometry": {"type": "Point", "coordinates": [16.4064838, 48.1985406]}, "properties": {"category": "ovoda", "name": "Wiener Kindergärten"}}, {"type": "Feature", "geometry": {"type": "Point", "coordinates": [16.3936072, 48.2219343]}, "properties": {"category": "orvos_egeszsegugy", "name": "Dr. Salvador"}}, {"type": "Feature", "geometry": {"type": "Point", "coordinates": [16.3893436, 48.2169358]}, "properties": {"category": "orvos_egeszsegugy", "name": "UROLOGE - Dr. Dietmar Rauchberger"}}, {"type": "Feature", "geometry": {"type": "Point", "coordinates": [16.3729872, 48.2347466]}, "properties": {"category": "ovoda", "name": ""}}, {"type": "Feature", "geometry": {"type": "Point", "coordinates": [16.3699721, 48.2340593]}, "properties": {"category": "orvos_egeszsegugy", "name": "PVZ in Brigittenau Hausärzte Zwanzig"}}, {"type": "Feature", "geometry": {"type": "Point", "coordinates": [16.4069103, 48.2204419]}, "properties": {"category": "orvos_egeszsegugy", "name": "Dr. Berrin Barlan"}}, {"type": "Feature", "geometry": {"type": "Point", "coordinates": [16.4035079, 48.2132994]}, "properties": {"category": "park_zoldterulet", "name": ""}}, {"type": "Feature", "geometry": {"type": "Point", "coordinates": [16.3937665, 48.2219438]}, "properties": {"category": "gyogyszertar", "name": "Campus Apotheke"}}, {"type": "Feature", "geometry": {"type": "Point", "coordinates": [16.414729, 48.2305191]}, "properties": {"category": "elelmiszer_bolt", "name": "Billa"}}, {"type": "Feature", "geometry": {"type": "Point", "coordinates": [16.4154075, 48.2304208]}, "properties": {"category": "orvos_egeszsegugy", "name": "Kinder-PVE Donauinsel"}}, {"type": "Feature", "geometry": {"type": "Point", "coordinates": [16.3754766, 48.2115443]}, "properties": {"category": "orvos_egeszsegugy", "name": "Health+Life"}}, {"type": "Feature", "geometry": {"type": "Point", "coordinates": [16.385705, 48.2263222]}, "properties": {"category": "elelmiszer_bolt", "name": "VEGAN WOLF"}}, {"type": "Feature", "geometry": {"type": "Point", "coordinates": [16.3631324, 48.2157991]}, "properties": {"category": "orvos_egeszsegugy", "name": "Dr. Katja Varga"}}, {"type": "Feature", "geometry": {"type": "Point", "coordinates": [16.3891952, 48.227323]}, "properties": {"category": "park_zoldterulet", "name": ""}}, {"type": "Feature", "geometry": {"type": "Point", "coordinates": [16.3892872, 48.2269868]}, "properties": {"category": "park_zoldterulet", "name": ""}}, {"type": "Feature", "geometry": {"type": "Point", "coordinates": [16.4134001, 48.2191092]}, "properties": {"category": "elelmiszer_bolt", "name": "Megamarkt"}}, {"type": "Feature", "geometry": {"type": "Point", "coordinates": [16.3819727, 48.2029407]}, "properties": {"category": "orvos_egeszsegugy", "name": "Die Tropenordination"}}, {"type": "Feature", "geometry": {"type": "Point", "coordinates": [16.3671674, 48.2213381]}, "properties": {"category": "orvos_egeszsegugy", "name": "Dr. Paul Liebmann"}}, {"type": "Feature", "geometry": {"type": "Point", "coordinates": [16.371852, 48.2037318]}, "properties": {"category": "orvos_egeszsegugy", "name": "Reviderm"}}, {"type": "Feature", "geometry": {"type": "Point", "coordinates": [16.38231, 48.221772]}, "properties": {"category": "elelmiszer_bolt", "name": "Tabormarkt"}}, {"type": "Feature", "geometry": {"type": "Point", "coordinates": [16.3633174, 48.2029684]}, "properties": {"category": "orvos_egeszsegugy", "name": "Ordination Hüttinger"}}, {"type": "Feature", "geometry": {"type": "Point", "coordinates": [16.3743332, 48.2316542]}, "properties": {"category": "iskola", "name": "Volksschule Greiseneckergasse"}}, {"type": "Feature", "geometry": {"type": "Point", "coordinates": [16.396271, 48.2002659]}, "properties": {"category": "park_zoldterulet", "name": ""}}, {"type": "Feature", "geometry": {"type": "Point", "coordinates": [16.3643917, 48.2211729]}, "properties": {"category": "elelmiszer_bolt", "name": "Chez Fritz"}}, {"type": "Feature", "geometry": {"type": "Point", "coordinates": [16.4150612, 48.2326701]}, "properties": {"category": "gyogyszertar", "name": "Apotheke Donau City"}}, {"type": "Feature", "geometry": {"type": "Point", "coordinates": [16.3934987, 48.2011815]}, "properties": {"category": "orvos_egeszsegugy", "name": "Diagnosehaus 3"}}, {"type": "Feature", "geometry": {"type": "Point", "coordinates": [16.3937175, 48.201445]}, "properties": {"category": "orvos_egeszsegugy", "name": "Rokus am Park Kinderärztezentrum"}}, {"type": "Feature", "geometry": {"type": "Point", "coordinates": [16.3697802, 48.2224924]}, "properties": {"category": "elelmiszer_bolt", "name": "Spar"}}, {"type": "Feature", "geometry": {"type": "Point", "coordinates": [16.368711, 48.2022297]}, "properties": {"category": "elelmiszer_bolt", "name": "Billa Corso"}}, {"type": "Feature", "geometry": {"type": "Point", "coordinates": [16.3756662, 48.2322956]}, "properties": {"category": "elelmiszer_bolt", "name": "Gios Bäckerei"}}, {"type": "Feature", "geometry": {"type": "Point", "coordinates": [16.3694679, 48.2179369]}, "properties": {"category": "orvos_egeszsegugy", "name": "Dr. Neda Khalifeh"}}, {"type": "Feature", "geometry": {"type": "Point", "coordinates": [16.3782777, 48.2111775]}, "properties": {"category": "orvos_egeszsegugy", "name": "Dr. Britta Rüscher - Zahnärztin"}}, {"type": "Feature", "geometry": {"type": "Point", "coordinates": [16.3794592, 48.219691]}, "properties": {"category": "ovoda", "name": ""}}, {"type": "Feature", "geometry": {"type": "Point", "coordinates": [16.386456, 48.2155642]}, "properties": {"category": "elelmiszer_bolt", "name": "Premium"}}, {"type": "Feature", "geometry": {"type": "Point", "coordinates": [16.3815108, 48.2130345]}, "properties": {"category": "orvos_egeszsegugy", "name": "Dr. Michael Amon"}}, {"type": "Feature", "geometry": {"type": "Point", "coordinates": [16.4122516, 48.2337921]}, "properties": {"category": "park_zoldterulet", "name": ""}}, {"type": "Feature", "geometry": {"type": "Point", "coordinates": [16.3802371, 48.2082781]}, "properties": {"category": "orvos_egeszsegugy", "name": "Augenzentrum am Stadtpark - Dr. Michael Nicolae"}}, {"type": "Feature", "geometry": {"type": "Point", "coordinates": [16.3706928, 48.2360905]}, "properties": {"category": "orvos_egeszsegugy", "name": "Dr. Christian Jahn"}}, {"type": "Feature", "geometry": {"type": "Point", "coordinates": [16.4034389, 48.2223583]}, "properties": {"category": "orvos_egeszsegugy", "name": "Dr. Rossella Angotti-Arthofer"}}, {"type": "Feature", "geometry": {"type": "Point", "coordinates": [16.409758, 48.2212532]}, "properties": {"category": "orvos_egeszsegugy", "name": "Dr. Monika Saringer"}}, {"type": "Feature", "geometry": {"type": "Point", "coordinates": [16.3810498, 48.2007573]}, "properties": {"category": "elelmiszer_bolt", "name": "Spar Gourmet"}}, {"type": "Feature", "geometry": {"type": "Point", "coordinates": [16.3677661, 48.2320626]}, "properties": {"category": "elelmiszer_bolt", "name": "Asian Supermarkt"}}, {"type": "Feature", "geometry": {"type": "Point", "coordinates": [16.3766931, 48.2183831]}, "properties": {"category": "orvos_egeszsegugy", "name": "Zentrum Im Werd"}}, {"type": "Feature", "geometry": {"type": "Point", "coordinates": [16.3631371, 48.2113622]}, "properties": {"category": "orvos_egeszsegugy", "name": ""}}, {"type": "Feature", "geometry": {"type": "Point", "coordinates": [16.3655663, 48.2083877]}, "properties": {"category": "elelmiszer_bolt", "name": "Café Royal"}}, {"type": "Feature", "geometry": {"type": "Point", "coordinates": [16.370046, 48.2008627]}, "properties": {"category": "elelmiszer_bolt", "name": "VIENNA 24/7 SHOP"}}, {"type": "Feature", "geometry": {"type": "Point", "coordinates": [16.3695552, 48.2365698]}, "properties": {"category": "iskola", "name": "Hochhaus"}}, {"type": "Feature", "geometry": {"type": "Point", "coordinates": [16.3705139, 48.2112549]}, "properties": {"category": "orvos_egeszsegugy", "name": "Ordination Dr. Nedjeljka Baldass"}}, {"type": "Feature", "geometry": {"type": "Point", "coordinates": [16.3925164, 48.227303]}, "properties": {"category": "ovoda", "name": "Kindergarten Lucia"}}, {"type": "Feature", "geometry": {"type": "Point", "coordinates": [16.3869069, 48.223243]}, "properties": {"category": "elelmiszer_bolt", "name": "Al-Ali Markt"}}, {"type": "Feature", "geometry": {"type": "Point", "coordinates": [16.4166206, 48.2291393]}, "properties": {"category": "orvos_egeszsegugy", "name": "Dr. Huner Othman"}}, {"type": "Feature", "geometry": {"type": "Point", "coordinates": [16.371627, 48.2113362]}, "properties": {"category": "elelmiszer_bolt", "name": "imBrot"}}, {"type": "Feature", "geometry": {"type": "Point", "coordinates": [16.3733999, 48.2098122]}, "properties": {"category": "orvos_egeszsegugy", "name": "DDr. Christian P. Kozich"}}, {"type": "Feature", "geometry": {"type": "Point", "coordinates": [16.3753375, 48.2171124]}, "properties": {"category": "orvos_egeszsegugy", "name": "Dr. Thomas Bachrich"}}, {"type": "Feature", "geometry": {"type": "Point", "coordinates": [16.3941936, 48.2207377]}, "properties": {"category": "elelmiszer_bolt", "name": "Billa Plus"}}, {"type": "Feature", "geometry": {"type": "Point", "coordinates": [16.375398, 48.2158801]}, "properties": {"category": "orvos_egeszsegugy", "name": "Augenordination Dr. Helga Klippl"}}, {"type": "Feature", "geometry": {"type": "Point", "coordinates": [16.3915838, 48.2283825]}, "properties": {"category": "orvos_egeszsegugy", "name": "leo"}}, {"type": "Feature", "geometry": {"type": "Point", "coordinates": [16.3766029, 48.2245021]}, "properties": {"category": "park_zoldterulet", "name": "Augarten"}}, {"type": "Feature", "geometry": {"type": "Point", "coordinates": [16.3617276, 48.2080504]}, "properties": {"category": "park_zoldterulet", "name": "Volksgarten"}}, {"type": "Feature", "geometry": {"type": "Point", "coordinates": [16.3657948, 48.204389]}, "properties": {"category": "park_zoldterulet", "name": "Burggarten"}}, {"type": "Feature", "geometry": {"type": "Point", "coordinates": [16.3849767, 48.238293]}, "properties": {"category": "park_zoldterulet", "name": "Allerheiligenpark"}}, {"type": "Feature", "geometry": {"type": "Point", "coordinates": [16.3674564, 48.214439]}, "properties": {"category": "park_zoldterulet", "name": "Börsepark"}}, {"type": "Feature", "geometry": {"type": "Point", "coordinates": [16.3916196, 48.1983901]}, "properties": {"category": "park_zoldterulet", "name": "Arenbergpark"}}, {"type": "Feature", "geometry": {"type": "Point", "coordinates": [16.3897039, 48.199615]}, "properties": {"category": "park_zoldterulet", "name": "Haubenstock-Ramati-Park"}}, {"type": "Feature", "geometry": {"type": "Point", "coordinates": [16.3916703, 48.1997301]}, "properties": {"category": "park_zoldterulet", "name": ""}}, {"type": "Feature", "geometry": {"type": "Point", "coordinates": [16.3824086, 48.1998507]}, "properties": {"category": "park_zoldterulet", "name": "Modenapark"}}, {"type": "Feature", "geometry": {"type": "Point", "coordinates": [16.3860587, 48.2170554]}, "properties": {"category": "park_zoldterulet", "name": "Rosa-Jochmann-Park"}}, {"type": "Feature", "geometry": {"type": "Point", "coordinates": [16.3729574, 48.2153381]}, "properties": {"category": "park_zoldterulet", "name": ""}}, {"type": "Feature", "geometry": {"type": "Point", "coordinates": [16.3654876, 48.2021016]}, "properties": {"category": "park_zoldterulet", "name": "Schillerpark"}}, {"type": "Feature", "geometry": {"type": "Point", "coordinates": [16.3717217, 48.2141773]}, "properties": {"category": "park_zoldterulet", "name": "Rudolfspark"}}, {"type": "Feature", "geometry": {"type": "Point", "coordinates": [16.3865353, 48.2342322]}, "properties": {"category": "park_zoldterulet", "name": "Mortarapark"}}, {"type": "Feature", "geometry": {"type": "Point", "coordinates": [16.3691489, 48.2220864]}, "properties": {"category": "park_zoldterulet", "name": "Rosarium Wettsteinpark"}}, {"type": "Feature", "geometry": {"type": "Point", "coordinates": [16.4124398, 48.2391793]}, "properties": {"category": "park_zoldterulet", "name": "Donaupark"}}, {"type": "Feature", "geometry": {"type": "Point", "coordinates": [16.4028564, 48.2259034]}, "properties": {"category": "park_zoldterulet", "name": "Rosenpark"}}, {"type": "Feature", "geometry": {"type": "Point", "coordinates": [16.378043, 48.2168867]}, "properties": {"category": "park_zoldterulet", "name": ""}}, {"type": "Feature", "geometry": {"type": "Point", "coordinates": [16.3709645, 48.1993774]}, "properties": {"category": "park_zoldterulet", "name": "Resselpark"}}, {"type": "Feature", "geometry": {"type": "Point", "coordinates": [16.4176803, 48.2089287]}, "properties": {"category": "park_zoldterulet", "name": "Bildhauergebäude des Bundes"}}, {"type": "Feature", "geometry": {"type": "Point", "coordinates": [16.3848845, 48.2132101]}, "properties": {"category": "park_zoldterulet", "name": "Veza-Canetti-Park"}}, {"type": "Feature", "geometry": {"type": "Point", "coordinates": [16.378104, 48.2142551]}, "properties": {"category": "park_zoldterulet", "name": "Manès-Sperber-Park"}}, {"type": "Feature", "geometry": {"type": "Point", "coordinates": [16.3841727, 48.2152442]}, "properties": {"category": "park_zoldterulet", "name": "Therese-Krones-Park"}}, {"type": "Feature", "geometry": {"type": "Point", "coordinates": [16.3923508, 48.2031998]}, "properties": {"category": "park_zoldterulet", "name": "Grete-Jost-Park"}}, {"type": "Feature", "geometry": {"type": "Point", "coordinates": [16.3911435, 48.2048372]}, "properties": {"category": "park_zoldterulet", "name": "Czapkapark"}}, {"type": "Feature", "geometry": {"type": "Point", "coordinates": [16.4045542, 48.2242944]}, "properties": {"category": "park_zoldterulet", "name": "Mexikopark"}}, {"type": "Feature", "geometry": {"type": "Point", "coordinates": [16.4149239, 48.2191234]}, "properties": {"category": "park_zoldterulet", "name": ""}}, {"type": "Feature", "geometry": {"type": "Point", "coordinates": [16.3734478, 48.2218727]}, "properties": {"category": "park_zoldterulet", "name": "Dora-Schimanko-Park"}}, {"type": "Feature", "geometry": {"type": "Point", "coordinates": [16.4064874, 48.2253549]}, "properties": {"category": "park_zoldterulet", "name": ""}}, {"type": "Feature", "geometry": {"type": "Point", "coordinates": [16.3960584, 48.2342329]}, "properties": {"category": "park_zoldterulet", "name": ""}}, {"type": "Feature", "geometry": {"type": "Point", "coordinates": [16.3650296, 48.2171507]}, "properties": {"category": "park_zoldterulet", "name": "Erwin Ringel-Park"}}, {"type": "Feature", "geometry": {"type": "Point", "coordinates": [16.3971189, 48.2261546]}, "properties": {"category": "park_zoldterulet", "name": "Rudolf-Bednar-Park"}}, {"type": "Feature", "geometry": {"type": "Point", "coordinates": [16.4110219, 48.2176405]}, "properties": {"category": "park_zoldterulet", "name": "Elisabeth-Ben David-Hindler-Park"}}, {"type": "Feature", "geometry": {"type": "Point", "coordinates": [16.3773455, 48.201513]}, "properties": {"category": "park_zoldterulet", "name": ""}}, {"type": "Feature", "geometry": {"type": "Point", "coordinates": [16.3770013, 48.201916]}, "properties": {"category": "park_zoldterulet", "name": "Beethovenpark"}}, {"type": "Feature", "geometry": {"type": "Point", "coordinates": [16.3672721, 48.2005921]}, "properties": {"category": "park_zoldterulet", "name": "Esperantopark"}}, {"type": "Feature", "geometry": {"type": "Point", "coordinates": [16.368106, 48.2008923]}, "properties": {"category": "park_zoldterulet", "name": "Girardipark"}}, {"type": "Feature", "geometry": {"type": "Point", "coordinates": [16.3737892, 48.2343015]}, "properties": {"category": "park_zoldterulet", "name": "Jakob-Winter-Park"}}, {"type": "Feature", "geometry": {"type": "Point", "coordinates": [16.3854102, 48.2190387]}, "properties": {"category": "park_zoldterulet", "name": ""}}, {"type": "Feature", "geometry": {"type": "Point", "coordinates": [16.3882946, 48.2136811]}, "properties": {"category": "park_zoldterulet", "name": ""}}, {"type": "Feature", "geometry": {"type": "Point", "coordinates": [16.3926844, 48.2325913]}, "properties": {"category": "park_zoldterulet", "name": "Nordfarmhof"}}, {"type": "Feature", "geometry": {"type": "Point", "coordinates": [16.3952245, 48.2014617]}, "properties": {"category": "park_zoldterulet", "name": ""}}, {"type": "Feature", "geometry": {"type": "Point", "coordinates": [16.3827784, 48.2377786]}, "properties": {"category": "park_zoldterulet", "name": ""}}, {"type": "Feature", "geometry": {"type": "Point", "coordinates": [16.3824374, 48.2380319]}, "properties": {"category": "park_zoldterulet", "name": ""}}, {"type": "Feature", "geometry": {"type": "Point", "coordinates": [16.3826019, 48.2377489]}, "properties": {"category": "park_zoldterulet", "name": ""}}, {"type": "Feature", "geometry": {"type": "Point", "coordinates": [16.3829342, 48.2380104]}, "properties": {"category": "park_zoldterulet", "name": ""}}, {"type": "Feature", "geometry": {"type": "Point", "coordinates": [16.3826963, 48.2374952]}, "properties": {"category": "park_zoldterulet", "name": ""}}, {"type": "Feature", "geometry": {"type": "Point", "coordinates": [16.3828721, 48.2375828]}, "properties": {"category": "park_zoldterulet", "name": ""}}, {"type": "Feature", "geometry": {"type": "Point", "coordinates": [16.3831184, 48.2377022]}, "properties": {"category": "park_zoldterulet", "name": ""}}, {"type": "Feature", "geometry": {"type": "Point", "coordinates": [16.3824944, 48.2375298]}, "properties": {"category": "park_zoldterulet", "name": ""}}, {"type": "Feature", "geometry": {"type": "Point", "coordinates": [16.3825341, 48.2374132]}, "properties": {"category": "park_zoldterulet", "name": ""}}, {"type": "Feature", "geometry": {"type": "Point", "coordinates": [16.382488, 48.2379631]}, "properties": {"category": "park_zoldterulet", "name": ""}}, {"type": "Feature", "geometry": {"type": "Point", "coordinates": [16.3821522, 48.2377372]}, "properties": {"category": "park_zoldterulet", "name": ""}}, {"type": "Feature", "geometry": {"type": "Point", "coordinates": [16.3824761, 48.2378294]}, "properties": {"category": "park_zoldterulet", "name": ""}}, {"type": "Feature", "geometry": {"type": "Point", "coordinates": [16.3824743, 48.2376803]}, "properties": {"category": "park_zoldterulet", "name": ""}}, {"type": "Feature", "geometry": {"type": "Point", "coordinates": [16.3835379, 48.2349758]}, "properties": {"category": "park_zoldterulet", "name": ""}}, {"type": "Feature", "geometry": {"type": "Point", "coordinates": [16.3845168, 48.2345893]}, "properties": {"category": "park_zoldterulet", "name": ""}}, {"type": "Feature", "geometry": {"type": "Point", "coordinates": [16.3842208, 48.2349759]}, "properties": {"category": "park_zoldterulet", "name": ""}}, {"type": "Feature", "geometry": {"type": "Point", "coordinates": [16.3840091, 48.234997]}, "properties": {"category": "park_zoldterulet", "name": ""}}, {"type": "Feature", "geometry": {"type": "Point", "coordinates": [16.3843576, 48.2347458]}, "properties": {"category": "park_zoldterulet", "name": ""}}, {"type": "Feature", "geometry": {"type": "Point", "coordinates": [16.3840426, 48.2347917]}, "properties": {"category": "park_zoldterulet", "name": ""}}, {"type": "Feature", "geometry": {"type": "Point", "coordinates": [16.3810507, 48.2368594]}, "properties": {"category": "park_zoldterulet", "name": ""}}, {"type": "Feature", "geometry": {"type": "Point", "coordinates": [16.3789672, 48.2361906]}, "properties": {"category": "park_zoldterulet", "name": ""}}, {"type": "Feature", "geometry": {"type": "Point", "coordinates": [16.379519, 48.2363438]}, "properties": {"category": "park_zoldterulet", "name": ""}}, {"type": "Feature", "geometry": {"type": "Point", "coordinates": [16.3799124, 48.2361444]}, "properties": {"category": "park_zoldterulet", "name": ""}}, {"type": "Feature", "geometry": {"type": "Point", "coordinates": [16.3794755, 48.2359481]}, "properties": {"category": "park_zoldterulet", "name": ""}}, {"type": "Feature", "geometry": {"type": "Point", "coordinates": [16.3882924, 48.2362219]}, "properties": {"category": "park_zoldterulet", "name": ""}}, {"type": "Feature", "geometry": {"type": "Point", "coordinates": [16.3880659, 48.2365434]}, "properties": {"category": "park_zoldterulet", "name": ""}}, {"type": "Feature", "geometry": {"type": "Point", "coordinates": [16.3869592, 48.2373925]}, "properties": {"category": "park_zoldterulet", "name": ""}}, {"type": "Feature", "geometry": {"type": "Point", "coordinates": [16.3881758, 48.2361649]}, "properties": {"category": "park_zoldterulet", "name": ""}}, {"type": "Feature", "geometry": {"type": "Point", "coordinates": [16.3870746, 48.2374505]}, "properties": {"category": "park_zoldterulet", "name": ""}}, {"type": "Feature", "geometry": {"type": "Point", "coordinates": [16.3889011, 48.2351716]}, "properties": {"category": "park_zoldterulet", "name": ""}}, {"type": "Feature", "geometry": {"type": "Point", "coordinates": [16.3893149, 48.2348128]}, "properties": {"category": "park_zoldterulet", "name": ""}}, {"type": "Feature", "geometry": {"type": "Point", "coordinates": [16.389947, 48.2342767]}, "properties": {"category": "park_zoldterulet", "name": ""}}, {"type": "Feature", "geometry": {"type": "Point", "coordinates": [16.3883705, 48.2356101]}, "properties": {"category": "park_zoldterulet", "name": ""}}, {"type": "Feature", "geometry": {"type": "Point", "coordinates": [16.3895681, 48.2351654]}, "properties": {"category": "park_zoldterulet", "name": ""}}, {"type": "Feature", "geometry": {"type": "Point", "coordinates": [16.3898119, 48.2350575]}, "properties": {"category": "park_zoldterulet", "name": ""}}, {"type": "Feature", "geometry": {"type": "Point", "coordinates": [16.3890422, 48.2350512]}, "properties": {"category": "park_zoldterulet", "name": ""}}, {"type": "Feature", "geometry": {"type": "Point", "coordinates": [16.3907835, 48.2344739]}, "properties": {"category": "park_zoldterulet", "name": ""}}, {"type": "Feature", "geometry": {"type": "Point", "coordinates": [16.3901096, 48.234133]}, "properties": {"category": "park_zoldterulet", "name": ""}}, {"type": "Feature", "geometry": {"type": "Point", "coordinates": [16.3904343, 48.2344164]}, "properties": {"category": "park_zoldterulet", "name": ""}}, {"type": "Feature", "geometry": {"type": "Point", "coordinates": [16.3893175, 48.2352741]}, "properties": {"category": "park_zoldterulet", "name": ""}}, {"type": "Feature", "geometry": {"type": "Point", "coordinates": [16.390714, 48.2342827]}, "properties": {"category": "park_zoldterulet", "name": ""}}, {"type": "Feature", "geometry": {"type": "Point", "coordinates": [16.3886273, 48.235405]}, "properties": {"category": "park_zoldterulet", "name": ""}}, {"type": "Feature", "geometry": {"type": "Point", "coordinates": [16.3891816, 48.2354462]}, "properties": {"category": "park_zoldterulet", "name": ""}}, {"type": "Feature", "geometry": {"type": "Point", "coordinates": [16.3893315, 48.235791]}, "properties": {"category": "park_zoldterulet", "name": ""}}, {"type": "Feature", "geometry": {"type": "Point", "coordinates": [16.3906117, 48.2341186]}, "properties": {"category": "park_zoldterulet", "name": ""}}, {"type": "Feature", "geometry": {"type": "Point", "coordinates": [16.3888217, 48.235646]}, "properties": {"category": "park_zoldterulet", "name": ""}}, {"type": "Feature", "geometry": {"type": "Point", "coordinates": [16.3891613, 48.2349498]}, "properties": {"category": "park_zoldterulet", "name": ""}}, {"type": "Feature", "geometry": {"type": "Point", "coordinates": [16.3891252, 48.2359378]}, "properties": {"category": "park_zoldterulet", "name": ""}}, {"type": "Feature", "geometry": {"type": "Point", "coordinates": [16.388273, 48.2356968]}, "properties": {"category": "park_zoldterulet", "name": ""}}, {"type": "Feature", "geometry": {"type": "Point", "coordinates": [16.3903989, 48.233885]}, "properties": {"category": "park_zoldterulet", "name": ""}}, {"type": "Feature", "geometry": {"type": "Point", "coordinates": [16.3914501, 48.2335583]}, "properties": {"category": "park_zoldterulet", "name": ""}}, {"type": "Feature", "geometry": {"type": "Point", "coordinates": [16.3749436, 48.2124452]}, "properties": {"category": "park_zoldterulet", "name": ""}}, {"type": "Feature", "geometry": {"type": "Point", "coordinates": [16.3875685, 48.2336672]}, "properties": {"category": "park_zoldterulet", "name": ""}}, {"type": "Feature", "geometry": {"type": "Point", "coordinates": [16.3880452, 48.2350191]}, "properties": {"category": "park_zoldterulet", "name": ""}}, {"type": "Feature", "geometry": {"type": "Point", "coordinates": [16.3892251, 48.2345199]}, "properties": {"category": "park_zoldterulet", "name": ""}}, {"type": "Feature", "geometry": {"type": "Point", "coordinates": [16.3890279, 48.2346767]}, "properties": {"category": "park_zoldterulet", "name": ""}}, {"type": "Feature", "geometry": {"type": "Point", "coordinates": [16.3884956, 48.2348112]}, "properties": {"category": "park_zoldterulet", "name": ""}}, {"type": "Feature", "geometry": {"type": "Point", "coordinates": [16.388863, 48.234307]}, "properties": {"category": "park_zoldterulet", "name": ""}}, {"type": "Feature", "geometry": {"type": "Point", "coordinates": [16.3897143, 48.233556]}, "properties": {"category": "park_zoldterulet", "name": ""}}, {"type": "Feature", "geometry": {"type": "Point", "coordinates": [16.388345, 48.2352703]}, "properties": {"category": "park_zoldterulet", "name": ""}}, {"type": "Feature", "geometry": {"type": "Point", "coordinates": [16.3895128, 48.2337317]}, "properties": {"category": "park_zoldterulet", "name": ""}}, {"type": "Feature", "geometry": {"type": "Point", "coordinates": [16.3889588, 48.2342096]}, "properties": {"category": "park_zoldterulet", "name": ""}}, {"type": "Feature", "geometry": {"type": "Point", "coordinates": [16.3897763, 48.2340429]}, "properties": {"category": "park_zoldterulet", "name": ""}}, {"type": "Feature", "geometry": {"type": "Point", "coordinates": [16.3882517, 48.2353513]}, "properties": {"category": "park_zoldterulet", "name": ""}}, {"type": "Feature", "geometry": {"type": "Point", "coordinates": [16.3878025, 48.2352448]}, "properties": {"category": "park_zoldterulet", "name": ""}}, {"type": "Feature", "geometry": {"type": "Point", "coordinates": [16.3885124, 48.2346236]}, "properties": {"category": "park_zoldterulet", "name": ""}}, {"type": "Feature", "geometry": {"type": "Point", "coordinates": [16.3877812, 48.2344523]}, "properties": {"category": "park_zoldterulet", "name": ""}}, {"type": "Feature", "geometry": {"type": "Point", "coordinates": [16.3885217, 48.2351101]}, "properties": {"category": "park_zoldterulet", "name": ""}}, {"type": "Feature", "geometry": {"type": "Point", "coordinates": [16.3894571, 48.2343202]}, "properties": {"category": "park_zoldterulet", "name": ""}}, {"type": "Feature", "geometry": {"type": "Point", "coordinates": [16.3901325, 48.2337385]}, "properties": {"category": "park_zoldterulet", "name": ""}}, {"type": "Feature", "geometry": {"type": "Point", "coordinates": [16.390352, 48.2335459]}, "properties": {"category": "park_zoldterulet", "name": ""}}, {"type": "Feature", "geometry": {"type": "Point", "coordinates": [16.3883295, 48.2340341]}, "properties": {"category": "park_zoldterulet", "name": ""}}, {"type": "Feature", "geometry": {"type": "Point", "coordinates": [16.3887268, 48.234933]}, "properties": {"category": "park_zoldterulet", "name": ""}}, {"type": "Feature", "geometry": {"type": "Point", "coordinates": [16.3893147, 48.2344374]}, "properties": {"category": "park_zoldterulet", "name": ""}}, {"type": "Feature", "geometry": {"type": "Point", "coordinates": [16.3886649, 48.2344856]}, "properties": {"category": "park_zoldterulet", "name": ""}}, {"type": "Feature", "geometry": {"type": "Point", "coordinates": [16.3876764, 48.2335698]}, "properties": {"category": "park_zoldterulet", "name": ""}}, {"type": "Feature", "geometry": {"type": "Point", "coordinates": [16.3886732, 48.2346869]}, "properties": {"category": "park_zoldterulet", "name": ""}}, {"type": "Feature", "geometry": {"type": "Point", "coordinates": [16.3887925, 48.2345582]}, "properties": {"category": "park_zoldterulet", "name": ""}}, {"type": "Feature", "geometry": {"type": "Point", "coordinates": [16.3899743, 48.233873]}, "properties": {"category": "park_zoldterulet", "name": ""}}, {"type": "Feature", "geometry": {"type": "Point", "coordinates": [16.3902243, 48.2336599]}, "properties": {"category": "park_zoldterulet", "name": ""}}, {"type": "Feature", "geometry": {"type": "Point", "coordinates": [16.3904745, 48.2334363]}, "properties": {"category": "park_zoldterulet", "name": ""}}, {"type": "Feature", "geometry": {"type": "Point", "coordinates": [16.3908042, 48.2331593]}, "properties": {"category": "park_zoldterulet", "name": ""}}, {"type": "Feature", "geometry": {"type": "Point", "coordinates": [16.3901666, 48.2330882]}, "properties": {"category": "park_zoldterulet", "name": ""}}, {"type": "Feature", "geometry": {"type": "Point", "coordinates": [16.3902671, 48.2332948]}, "properties": {"category": "park_zoldterulet", "name": ""}}, {"type": "Feature", "geometry": {"type": "Point", "coordinates": [16.3905887, 48.2333444]}, "properties": {"category": "park_zoldterulet", "name": ""}}, {"type": "Feature", "geometry": {"type": "Point", "coordinates": [16.3905366, 48.2329828]}, "properties": {"category": "park_zoldterulet", "name": ""}}, {"type": "Feature", "geometry": {"type": "Point", "coordinates": [16.3909502, 48.2330355]}, "properties": {"category": "park_zoldterulet", "name": ""}}, {"type": "Feature", "geometry": {"type": "Point", "coordinates": [16.3900983, 48.2334917]}, "properties": {"category": "park_zoldterulet", "name": ""}}, {"type": "Feature", "geometry": {"type": "Point", "coordinates": [16.3898643, 48.2335782]}, "properties": {"category": "park_zoldterulet", "name": ""}}, {"type": "Feature", "geometry": {"type": "Point", "coordinates": [16.3904546, 48.2331298]}, "properties": {"category": "park_zoldterulet", "name": ""}}, {"type": "Feature", "geometry": {"type": "Point", "coordinates": [16.3898995, 48.2334003]}, "properties": {"category": "park_zoldterulet", "name": ""}}, {"type": "Feature", "geometry": {"type": "Point", "coordinates": [16.3893962, 48.2330511]}, "properties": {"category": "park_zoldterulet", "name": ""}}, {"type": "Feature", "geometry": {"type": "Point", "coordinates": [16.3895733, 48.2328625]}, "properties": {"category": "park_zoldterulet", "name": ""}}, {"type": "Feature", "geometry": {"type": "Point", "coordinates": [16.3888713, 48.2334595]}, "properties": {"category": "park_zoldterulet", "name": ""}}, {"type": "Feature", "geometry": {"type": "Point", "coordinates": [16.3889506, 48.2325831]}, "properties": {"category": "park_zoldterulet", "name": ""}}, {"type": "Feature", "geometry": {"type": "Point", "coordinates": [16.3885915, 48.2327502]}, "properties": {"category": "park_zoldterulet", "name": ""}}, {"type": "Feature", "geometry": {"type": "Point", "coordinates": [16.3881196, 48.232355]}, "properties": {"category": "park_zoldterulet", "name": ""}}, {"type": "Feature", "geometry": {"type": "Point", "coordinates": [16.3879741, 48.2325659]}, "properties": {"category": "park_zoldterulet", "name": ""}}, {"type": "Feature", "geometry": {"type": "Point", "coordinates": [16.38867, 48.2319467]}, "properties": {"category": "park_zoldterulet", "name": ""}}, {"type": "Feature", "geometry": {"type": "Point", "coordinates": [16.3875649, 48.2328167]}, "properties": {"category": "park_zoldterulet", "name": ""}}, {"type": "Feature", "geometry": {"type": "Point", "coordinates": [16.3883453, 48.2321654]}, "properties": {"category": "park_zoldterulet", "name": ""}}, {"type": "Feature", "geometry": {"type": "Point", "coordinates": [16.3868644, 48.2334075]}, "properties": {"category": "park_zoldterulet", "name": ""}}, {"type": "Feature", "geometry": {"type": "Point", "coordinates": [16.392455, 48.2348127]}, "properties": {"category": "park_zoldterulet", "name": ""}}, {"type": "Feature", "geometry": {"type": "Point", "coordinates": [16.392537, 48.2343171]}, "properties": {"category": "park_zoldterulet", "name": ""}}, {"type": "Feature", "geometry": {"type": "Point", "coordinates": [16.3917545, 48.2348341]}, "properties": {"category": "park_zoldterulet", "name": ""}}, {"type": "Feature", "geometry": {"type": "Point", "coordinates": [16.3929101, 48.2339034]}, "properties": {"category": "park_zoldterulet", "name": ""}}, {"type": "Feature", "geometry": {"type": "Point", "coordinates": [16.3791468, 48.2084842]}, "properties": {"category": "park_zoldterulet", "name": ""}}, {"type": "Feature", "geometry": {"type": "Point", "coordinates": [16.3786736, 48.2203039]}, "properties": {"category": "park_zoldterulet", "name": ""}}, {"type": "Feature", "geometry": {"type": "Point", "coordinates": [16.3750123, 48.219937]}, "properties": {"category": "park_zoldterulet", "name": ""}}, {"type": "Feature", "geometry": {"type": "Point", "coordinates": [16.375419, 48.219612]}, "properties": {"category": "park_zoldterulet", "name": ""}}, {"type": "Feature", "geometry": {"type": "Point", "coordinates": [16.3773998, 48.221681]}, "properties": {"category": "park_zoldterulet", "name": "Bürgergarten Augarten"}}, {"type": "Feature", "geometry": {"type": "Point", "coordinates": [16.3878662, 48.2248469]}, "properties": {"category": "park_zoldterulet", "name": "Vilma-Neuwirth-Park"}}, {"type": "Feature", "geometry": {"type": "Point", "coordinates": [16.3860039, 48.2253153]}, "properties": {"category": "park_zoldterulet", "name": "Else-Feldmann-Park"}}, {"type": "Feature", "geometry": {"type": "Point", "coordinates": [16.3737279, 48.222355]}, "properties": {"category": "park_zoldterulet", "name": ""}}, {"type": "Feature", "geometry": {"type": "Point", "coordinates": [16.3743145, 48.2227266]}, "properties": {"category": "park_zoldterulet", "name": ""}}, {"type": "Feature", "geometry": {"type": "Point", "coordinates": [16.3757024, 48.2211521]}, "properties": {"category": "park_zoldterulet", "name": ""}}, {"type": "Feature", "geometry": {"type": "Point", "coordinates": [16.3760804, 48.2215274]}, "properties": {"category": "park_zoldterulet", "name": ""}}, {"type": "Feature", "geometry": {"type": "Point", "coordinates": [16.3751336, 48.2222515]}, "properties": {"category": "park_zoldterulet", "name": ""}}, {"type": "Feature", "geometry": {"type": "Point", "coordinates": [16.3937018, 48.2067943]}, "properties": {"category": "park_zoldterulet", "name": ""}}, {"type": "Feature", "geometry": {"type": "Point", "coordinates": [16.3810345, 48.2169337]}, "properties": {"category": "park_zoldterulet", "name": "Lancplatz"}}, {"type": "Feature", "geometry": {"type": "Point", "coordinates": [16.3712221, 48.2322543]}, "properties": {"category": "park_zoldterulet", "name": "Brigittapark"}}, {"type": "Feature", "geometry": {"type": "Point", "coordinates": [16.3721913, 48.2355561]}, "properties": {"category": "park_zoldterulet", "name": "Hugo-Gottschlich-Park"}}, {"type": "Feature", "geometry": {"type": "Point", "coordinates": [16.3778954, 48.2377123]}, "properties": {"category": "park_zoldterulet", "name": ""}}, {"type": "Feature", "geometry": {"type": "Point", "coordinates": [16.3811042, 48.2228387]}, "properties": {"category": "park_zoldterulet", "name": "Lili-Grün-Platz"}}, {"type": "Feature", "geometry": {"type": "Point", "coordinates": [16.400159, 48.2202934]}, "properties": {"category": "park_zoldterulet", "name": "Max-Winter-Park"}}, {"type": "Feature", "geometry": {"type": "Point", "coordinates": [16.3873901, 48.2058713]}, "properties": {"category": "park_zoldterulet", "name": "Josef-Pfeifer-Park"}}, {"type": "Feature", "geometry": {"type": "Point", "coordinates": [16.37639, 48.2320315]}, "properties": {"category": "park_zoldterulet", "name": "Sachsenpark"}}, {"type": "Feature", "geometry": {"type": "Point", "coordinates": [16.3680944, 48.2063112]}, "properties": {"category": "park_zoldterulet", "name": ""}}, {"type": "Feature", "geometry": {"type": "Point", "coordinates": [16.363956, 48.2311852]}, "properties": {"category": "park_zoldterulet", "name": ""}}, {"type": "Feature", "geometry": {"type": "Point", "coordinates": [16.3650468, 48.2297772]}, "properties": {"category": "park_zoldterulet", "name": ""}}, {"type": "Feature", "geometry": {"type": "Point", "coordinates": [16.3650822, 48.229539]}, "properties": {"category": "park_zoldterulet", "name": ""}}, {"type": "Feature", "geometry": {"type": "Point", "coordinates": [16.3647777, 48.229701]}, "properties": {"category": "park_zoldterulet", "name": ""}}, {"type": "Feature", "geometry": {"type": "Point", "coordinates": [16.3635168, 48.2321817]}, "properties": {"category": "park_zoldterulet", "name": ""}}, {"type": "Feature", "geometry": {"type": "Point", "coordinates": [16.3634652, 48.2323636]}, "properties": {"category": "park_zoldterulet", "name": ""}}, {"type": "Feature", "geometry": {"type": "Point", "coordinates": [16.3632362, 48.2322759]}, "properties": {"category": "park_zoldterulet", "name": ""}}, {"type": "Feature", "geometry": {"type": "Point", "coordinates": [16.3889079, 48.2024328]}, "properties": {"category": "park_zoldterulet", "name": "Friedrich-Gulda-Park"}}, {"type": "Feature", "geometry": {"type": "Point", "coordinates": [16.3747275, 48.1986784]}, "properties": {"category": "park_zoldterulet", "name": ""}}, {"type": "Feature", "geometry": {"type": "Point", "coordinates": [16.3627121, 48.2119882]}, "properties": {"category": "park_zoldterulet", "name": "Rockpark"}}, {"type": "Feature", "geometry": {"type": "Point", "coordinates": [16.4374087, 48.2266188]}, "properties": {"category": "park_zoldterulet", "name": "Donauinsel"}}, {"type": "Feature", "geometry": {"type": "Point", "coordinates": [16.3749016, 48.2151303]}, "properties": {"category": "park_zoldterulet", "name": ""}}, {"type": "Feature", "geometry": {"type": "Point", "coordinates": [16.3944162, 48.232502]}, "properties": {"category": "park_zoldterulet", "name": "Großstadt-Dschungel"}}, {"type": "Feature", "geometry": {"type": "Point", "coordinates": [16.3801583, 48.2282341]}, "properties": {"category": "park_zoldterulet", "name": "Rabbiner-Schneerson-Platz"}}, {"type": "Feature", "geometry": {"type": "Point", "coordinates": [16.3647793, 48.211514]}, "properties": {"category": "park_zoldterulet", "name": "PaN-Garten"}}, {"type": "Feature", "geometry": {"type": "Point", "coordinates": [16.3630784, 48.2335747]}, "properties": {"category": "park_zoldterulet", "name": ""}}, {"type": "Feature", "geometry": {"type": "Point", "coordinates": [16.4228131, 48.2306429]}, "properties": {"category": "park_zoldterulet", "name": "Kleiner Säulenhaufen"}}, {"type": "Feature", "geometry": {"type": "Point", "coordinates": [16.4108395, 48.2339175]}, "properties": {"category": "park_zoldterulet", "name": ""}}, {"type": "Feature", "geometry": {"type": "Point", "coordinates": [16.4118986, 48.2344944]}, "properties": {"category": "park_zoldterulet", "name": ""}}, {"type": "Feature", "geometry": {"type": "Point", "coordinates": [16.3686387, 48.235222]}, "properties": {"category": "park_zoldterulet", "name": "Hugo-Gottschlich-Park"}}, {"type": "Feature", "geometry": {"type": "Point", "coordinates": [16.393772, 48.2156237]}, "properties": {"category": "park_zoldterulet", "name": "MA 42 Gartenbezirk 2"}}, {"type": "Feature", "geometry": {"type": "Point", "coordinates": [16.3815995, 48.2099757]}, "properties": {"category": "park_zoldterulet", "name": ""}}, {"type": "Feature", "geometry": {"type": "Point", "coordinates": [16.3689853, 48.2049278]}, "properties": {"category": "park_zoldterulet", "name": ""}}, {"type": "Feature", "geometry": {"type": "Point", "coordinates": [16.3789836, 48.2112999]}, "properties": {"category": "park_zoldterulet", "name": ""}}, {"type": "Feature", "geometry": {"type": "Point", "coordinates": [16.3640159, 48.2348682]}, "properties": {"category": "park_zoldterulet", "name": "Anton-Kummerer-Park"}}, {"type": "Feature", "geometry": {"type": "Point", "coordinates": [16.4114101, 48.2379054]}, "properties": {"category": "park_zoldterulet", "name": "Heidegarten"}}, {"type": "Feature", "geometry": {"type": "Point", "coordinates": [16.3740537, 48.2163674]}, "properties": {"category": "park_zoldterulet", "name": "Gemeinschaftsgarten Donaukanal"}}, {"type": "Feature", "geometry": {"type": "Point", "coordinates": [16.4026374, 48.2173498]}, "properties": {"category": "park_zoldterulet", "name": ""}}, {"type": "Feature", "geometry": {"type": "Point", "coordinates": [16.3633637, 48.2011076]}, "properties": {"category": "park_zoldterulet", "name": "Geniehof"}}, {"type": "Feature", "geometry": {"type": "Point", "coordinates": [16.3879737, 48.2122662]}, "properties": {"category": "park_zoldterulet", "name": "Herrmannpark"}}, {"type": "Feature", "geometry": {"type": "Point", "coordinates": [16.390799, 48.2230478]}, "properties": {"category": "park_zoldterulet", "name": "Franziska-Löw-Park"}}, {"type": "Feature", "geometry": {"type": "Point", "coordinates": [16.4100358, 48.2282133]}, "properties": {"category": "park_zoldterulet", "name": ""}}, {"type": "Feature", "geometry": {"type": "Point", "coordinates": [16.3777019, 48.2155253]}, "properties": {"category": "park_zoldterulet", "name": ""}}, {"type": "Feature", "geometry": {"type": "Point", "coordinates": [16.4177918, 48.2275051]}, "properties": {"category": "park_zoldterulet", "name": ""}}, {"type": "Feature", "geometry": {"type": "Point", "coordinates": [16.4167789, 48.2275144]}, "properties": {"category": "park_zoldterulet", "name": ""}}, {"type": "Feature", "geometry": {"type": "Point", "coordinates": [16.4169223, 48.2270223]}, "properties": {"category": "park_zoldterulet", "name": ""}}, {"type": "Feature", "geometry": {"type": "Point", "coordinates": [16.4166385, 48.2281187]}, "properties": {"category": "park_zoldterulet", "name": ""}}, {"type": "Feature", "geometry": {"type": "Point", "coordinates": [16.4159967, 48.2277161]}, "properties": {"category": "park_zoldterulet", "name": ""}}, {"type": "Feature", "geometry": {"type": "Point", "coordinates": [16.4163388, 48.2275031]}, "properties": {"category": "park_zoldterulet", "name": ""}}, {"type": "Feature", "geometry": {"type": "Point", "coordinates": [16.4158434, 48.2282644]}, "properties": {"category": "park_zoldterulet", "name": ""}}, {"type": "Feature", "geometry": {"type": "Point", "coordinates": [16.4153547, 48.2283988]}, "properties": {"category": "park_zoldterulet", "name": ""}}, {"type": "Feature", "geometry": {"type": "Point", "coordinates": [16.4150655, 48.2283738]}, "properties": {"category": "park_zoldterulet", "name": ""}}, {"type": "Feature", "geometry": {"type": "Point", "coordinates": [16.4152456, 48.2286633]}, "properties": {"category": "park_zoldterulet", "name": ""}}, {"type": "Feature", "geometry": {"type": "Point", "coordinates": [16.4154604, 48.2288081]}, "properties": {"category": "park_zoldterulet", "name": ""}}, {"type": "Feature", "geometry": {"type": "Point", "coordinates": [16.4157589, 48.2289969]}, "properties": {"category": "park_zoldterulet", "name": ""}}, {"type": "Feature", "geometry": {"type": "Point", "coordinates": [16.4147655, 48.2295808]}, "properties": {"category": "park_zoldterulet", "name": ""}}, {"type": "Feature", "geometry": {"type": "Point", "coordinates": [16.4147676, 48.2296946]}, "properties": {"category": "park_zoldterulet", "name": ""}}, {"type": "Feature", "geometry": {"type": "Point", "coordinates": [16.4145811, 48.2294794]}, "properties": {"category": "park_zoldterulet", "name": ""}}, {"type": "Feature", "geometry": {"type": "Point", "coordinates": [16.414739, 48.2292746]}, "properties": {"category": "park_zoldterulet", "name": ""}}, {"type": "Feature", "geometry": {"type": "Point", "coordinates": [16.4207688, 48.227494]}, "properties": {"category": "park_zoldterulet", "name": ""}}, {"type": "Feature", "geometry": {"type": "Point", "coordinates": [16.4211889, 48.2272064]}, "properties": {"category": "park_zoldterulet", "name": ""}}, {"type": "Feature", "geometry": {"type": "Point", "coordinates": [16.4213887, 48.2314357]}, "properties": {"category": "park_zoldterulet", "name": ""}}, {"type": "Feature", "geometry": {"type": "Point", "coordinates": [16.4220084, 48.2277917]}, "properties": {"category": "park_zoldterulet", "name": ""}}, {"type": "Feature", "geometry": {"type": "Point", "coordinates": [16.4221923, 48.2280979]}, "properties": {"category": "park_zoldterulet", "name": ""}}, {"type": "Feature", "geometry": {"type": "Point", "coordinates": [16.4221856, 48.2252697]}, "properties": {"category": "park_zoldterulet", "name": ""}}, {"type": "Feature", "geometry": {"type": "Point", "coordinates": [16.4222317, 48.2254095]}, "properties": {"category": "park_zoldterulet", "name": ""}}, {"type": "Feature", "geometry": {"type": "Point", "coordinates": [16.3847818, 48.2178049]}, "properties": {"category": "park_zoldterulet", "name": "Odeonpark"}}, {"type": "Feature", "geometry": {"type": "Point", "coordinates": [16.3808684, 48.2040005]}, "properties": {"category": "park_zoldterulet", "name": "Stadtpark-Kinderpark"}}, {"type": "Feature", "geometry": {"type": "Point", "coordinates": [16.379574, 48.2047644]}, "properties": {"category": "park_zoldterulet", "name": "Stadtpark"}}, {"type": "Feature", "geometry": {"type": "Point", "coordinates": [16.3887526, 48.2137314]}, "properties": {"category": "park_zoldterulet", "name": "Central Garden"}}, {"type": "Feature", "geometry": {"type": "Point", "coordinates": [16.4221935, 48.2357412]}, "properties": {"category": "park_zoldterulet", "name": ""}}, {"type": "Feature", "geometry": {"type": "Point", "coordinates": [16.4222151, 48.2338504]}, "properties": {"category": "park_zoldterulet", "name": ""}}, {"type": "Feature", "geometry": {"type": "Point", "coordinates": [16.4217197, 48.2339132]}, "properties": {"category": "park_zoldterulet", "name": ""}}, {"type": "Feature", "geometry": {"type": "Point", "coordinates": [16.4216299, 48.2340057]}, "properties": {"category": "park_zoldterulet", "name": ""}}, {"type": "Feature", "geometry": {"type": "Point", "coordinates": [16.4214859, 48.2342081]}, "properties": {"category": "park_zoldterulet", "name": ""}}, {"type": "Feature", "geometry": {"type": "Point", "coordinates": [16.4220485, 48.2343003]}, "properties": {"category": "park_zoldterulet", "name": ""}}, {"type": "Feature", "geometry": {"type": "Point", "coordinates": [16.422263, 48.2343598]}, "properties": {"category": "park_zoldterulet", "name": ""}}, {"type": "Feature", "geometry": {"type": "Point", "coordinates": [16.4218082, 48.2343375]}, "properties": {"category": "park_zoldterulet", "name": ""}}, {"type": "Feature", "geometry": {"type": "Point", "coordinates": [16.4215352, 48.2344535]}, "properties": {"category": "park_zoldterulet", "name": ""}}, {"type": "Feature", "geometry": {"type": "Point", "coordinates": [16.4037569, 48.2255997]}, "properties": {"category": "park_zoldterulet", "name": ""}}, {"type": "Feature", "geometry": {"type": "Point", "coordinates": [16.4045419, 48.2250754]}, "properties": {"category": "park_zoldterulet", "name": ""}}, {"type": "Feature", "geometry": {"type": "Point", "coordinates": [16.4001561, 48.2000233]}, "properties": {"category": "park_zoldterulet", "name": ""}}, {"type": "Feature", "geometry": {"type": "Point", "coordinates": [16.4000806, 48.2000761]}, "properties": {"category": "park_zoldterulet", "name": ""}}, {"type": "Feature", "geometry": {"type": "Point", "coordinates": [16.4067158, 48.2134936]}, "properties": {"category": "park_zoldterulet", "name": ""}}, {"type": "Feature", "geometry": {"type": "Point", "coordinates": [16.4055946, 48.2141004]}, "properties": {"category": "park_zoldterulet", "name": ""}}, {"type": "Feature", "geometry": {"type": "Point", "coordinates": [16.4058072, 48.2144782]}, "properties": {"category": "park_zoldterulet", "name": ""}}, {"type": "Feature", "geometry": {"type": "Point", "coordinates": [16.4058573, 48.2145737]}, "properties": {"category": "park_zoldterulet", "name": ""}}, {"type": "Feature", "geometry": {"type": "Point", "coordinates": [16.4057093, 48.2145792]}, "properties": {"category": "park_zoldterulet", "name": ""}}, {"type": "Feature", "geometry": {"type": "Point", "coordinates": [16.405547, 48.214451]}, "properties": {"category": "park_zoldterulet", "name": ""}}, {"type": "Feature", "geometry": {"type": "Point", "coordinates": [16.4053694, 48.2144763]}, "properties": {"category": "park_zoldterulet", "name": ""}}, {"type": "Feature", "geometry": {"type": "Point", "coordinates": [16.4055779, 48.2146515]}, "properties": {"category": "park_zoldterulet", "name": ""}}, {"type": "Feature", "geometry": {"type": "Point", "coordinates": [16.405767, 48.2148392]}, "properties": {"category": "park_zoldterulet", "name": ""}}, {"type": "Feature", "geometry": {"type": "Point", "coordinates": [16.4057864, 48.2149446]}, "properties": {"category": "park_zoldterulet", "name": ""}}, {"type": "Feature", "geometry": {"type": "Point", "coordinates": [16.4109006, 48.2116511]}, "properties": {"category": "park_zoldterulet", "name": ""}}, {"type": "Feature", "geometry": {"type": "Point", "coordinates": [16.4110637, 48.2119491]}, "properties": {"category": "park_zoldterulet", "name": ""}}, {"type": "Feature", "geometry": {"type": "Point", "coordinates": [16.4110538, 48.2123863]}, "properties": {"category": "park_zoldterulet", "name": ""}}, {"type": "Feature", "geometry": {"type": "Point", "coordinates": [16.4107166, 48.2131032]}, "properties": {"category": "park_zoldterulet", "name": ""}}, {"type": "Feature", "geometry": {"type": "Point", "coordinates": [16.4100714, 48.2139274]}, "properties": {"category": "park_zoldterulet", "name": "WU Urban Garden"}}, {"type": "Feature", "geometry": {"type": "Point", "coordinates": [16.4094974, 48.2142982]}, "properties": {"category": "park_zoldterulet", "name": ""}}, {"type": "Feature", "geometry": {"type": "Point", "coordinates": [16.4081857, 48.214621]}, "properties": {"category": "park_zoldterulet", "name": ""}}, {"type": "Feature", "geometry": {"type": "Point", "coordinates": [16.4080033, 48.2143057]}, "properties": {"category": "park_zoldterulet", "name": ""}}, {"type": "Feature", "geometry": {"type": "Point", "coordinates": [16.4081474, 48.2143562]}, "properties": {"category": "park_zoldterulet", "name": ""}}, {"type": "Feature", "geometry": {"type": "Point", "coordinates": [16.4078893, 48.2145608]}, "properties": {"category": "park_zoldterulet", "name": ""}}, {"type": "Feature", "geometry": {"type": "Point", "coordinates": [16.4076157, 48.214727]}, "properties": {"category": "park_zoldterulet", "name": ""}}, {"type": "Feature", "geometry": {"type": "Point", "coordinates": [16.4074097, 48.2148038]}, "properties": {"category": "park_zoldterulet", "name": ""}}, {"type": "Feature", "geometry": {"type": "Point", "coordinates": [16.4070807, 48.2149026]}, "properties": {"category": "park_zoldterulet", "name": ""}}, {"type": "Feature", "geometry": {"type": "Point", "coordinates": [16.4065005, 48.215253]}, "properties": {"category": "park_zoldterulet", "name": ""}}, {"type": "Feature", "geometry": {"type": "Point", "coordinates": [16.4062833, 48.2152788]}, "properties": {"category": "park_zoldterulet", "name": ""}}, {"type": "Feature", "geometry": {"type": "Point", "coordinates": [16.4067259, 48.2148624]}, "properties": {"category": "park_zoldterulet", "name": ""}}, {"type": "Feature", "geometry": {"type": "Point", "coordinates": [16.4200407, 48.2133735]}, "properties": {"category": "park_zoldterulet", "name": ""}}, {"type": "Feature", "geometry": {"type": "Point", "coordinates": [16.370893, 48.2345266]}, "properties": {"category": "park_zoldterulet", "name": ""}}, {"type": "Feature", "geometry": {"type": "Point", "coordinates": [16.4060555, 48.1993977]}, "properties": {"category": "park_zoldterulet", "name": "Leonie-Rysanek-Park"}}, {"type": "Feature", "geometry": {"type": "Point", "coordinates": [16.3926981, 48.1993563]}, "properties": {"category": "park_zoldterulet", "name": ""}}, {"type": "Feature", "geometry": {"type": "Point", "coordinates": [16.3929578, 48.1994009]}, "properties": {"category": "park_zoldterulet", "name": ""}}, {"type": "Feature", "geometry": {"type": "Point", "coordinates": [16.4144964, 48.2155453]}, "properties": {"category": "park_zoldterulet", "name": ""}}, {"type": "Feature", "geometry": {"type": "Point", "coordinates": [16.3650353, 48.2132429]}, "properties": {"category": "park_zoldterulet", "name": ""}}, {"type": "Feature", "geometry": {"type": "Point", "coordinates": [16.3983045, 48.2098214]}, "properties": {"category": "park_zoldterulet", "name": ""}}, {"type": "Feature", "geometry": {"type": "Point", "coordinates": [16.3982067, 48.210286]}, "properties": {"category": "park_zoldterulet", "name": ""}}, {"type": "Feature", "geometry": {"type": "Point", "coordinates": [16.3984582, 48.2092651]}, "properties": {"category": "park_zoldterulet", "name": ""}}, {"type": "Feature", "geometry": {"type": "Point", "coordinates": [16.3988073, 48.208309]}, "properties": {"category": "park_zoldterulet", "name": ""}}, {"type": "Feature", "geometry": {"type": "Point", "coordinates": [16.3701647, 48.219545]}, "properties": {"category": "park_zoldterulet", "name": "Ruth-Maier-Park"}}, {"type": "Feature", "geometry": {"type": "Point", "coordinates": [16.3656937, 48.2125457]}, "properties": {"category": "park_zoldterulet", "name": ""}}, {"type": "Feature", "geometry": {"type": "Point", "coordinates": [16.4166103, 48.2159127]}, "properties": {"category": "park_zoldterulet", "name": "Fritzi-Massary-Park"}}, {"type": "Feature", "geometry": {"type": "Point", "coordinates": [16.3808445, 48.2127617]}, "properties": {"category": "park_zoldterulet", "name": ""}}, {"type": "Feature", "geometry": {"type": "Point", "coordinates": [16.3867721, 48.2234091]}, "properties": {"category": "park_zoldterulet", "name": ""}}, {"type": "Feature", "geometry": {"type": "Point", "coordinates": [16.3929179, 48.2013123]}, "properties": {"category": "park_zoldterulet", "name": ""}}, {"type": "Feature", "geometry": {"type": "Point", "coordinates": [16.3936721, 48.2337453]}, "properties": {"category": "park_zoldterulet", "name": ""}}, {"type": "Feature", "geometry": {"type": "Point", "coordinates": [16.3790509, 48.2190753]}, "properties": {"category": "park_zoldterulet", "name": ""}}, {"type": "Feature", "geometry": {"type": "Point", "coordinates": [16.3790891, 48.2192777]}, "properties": {"category": "park_zoldterulet", "name": ""}}, {"type": "Feature", "geometry": {"type": "Point", "coordinates": [16.369152, 48.2221902]}, "properties": {"category": "park_zoldterulet", "name": "Wettsteinpark"}}, {"type": "Feature", "geometry": {"type": "Point", "coordinates": [16.376601, 48.2061664]}, "properties": {"category": "park_zoldterulet", "name": ""}}, {"type": "Feature", "geometry": {"type": "Point", "coordinates": [16.3764695, 48.2061833]}, "properties": {"category": "park_zoldterulet", "name": ""}}, {"type": "Feature", "geometry": {"type": "Point", "coordinates": [16.3765209, 48.2061154]}, "properties": {"category": "park_zoldterulet", "name": ""}}, {"type": "Feature", "geometry": {"type": "Point", "coordinates": [16.3923285, 48.2328293]}, "properties": {"category": "park_zoldterulet", "name": "Therese-Ammon-Park"}}, {"type": "Feature", "geometry": {"type": "Point", "coordinates": [16.408708, 48.218621]}, "properties": {"category": "park_zoldterulet", "name": ""}}, {"type": "Feature", "geometry": {"type": "Point", "coordinates": [16.408569, 48.2187277]}, "properties": {"category": "park_zoldterulet", "name": ""}}, {"type": "Feature", "geometry": {"type": "Point", "coordinates": [16.4084525, 48.218818]}, "properties": {"category": "park_zoldterulet", "name": ""}}, {"type": "Feature", "geometry": {"type": "Point", "coordinates": [16.4083649, 48.2188848]}, "properties": {"category": "park_zoldterulet", "name": ""}}, {"type": "Feature", "geometry": {"type": "Point", "coordinates": [16.3968074, 48.2049462]}, "properties": {"category": "park_zoldterulet", "name": "Sophiengarten"}}, {"type": "Feature", "geometry": {"type": "Point", "coordinates": [16.3910803, 48.2260455]}, "properties": {"category": "park_zoldterulet", "name": "Freie Mitte Parkband 1"}}, {"type": "Feature", "geometry": {"type": "Point", "coordinates": [16.4048915, 48.2219166]}, "properties": {"category": "park_zoldterulet", "name": ""}}, {"type": "Feature", "geometry": {"type": "Point", "coordinates": [16.4046911, 48.2220719]}, "properties": {"category": "park_zoldterulet", "name": ""}}, {"type": "Feature", "geometry": {"type": "Point", "coordinates": [16.404499, 48.2222182]}, "properties": {"category": "park_zoldterulet", "name": ""}}, {"type": "Feature", "geometry": {"type": "Point", "coordinates": [16.4040691, 48.2225497]}, "properties": {"category": "park_zoldterulet", "name": ""}}, {"type": "Feature", "geometry": {"type": "Point", "coordinates": [16.4039474, 48.2226433]}, "properties": {"category": "park_zoldterulet", "name": ""}}, {"type": "Feature", "geometry": {"type": "Point", "coordinates": [16.4058751, 48.2140354]}, "properties": {"category": "park_zoldterulet", "name": ""}}, {"type": "Feature", "geometry": {"type": "Point", "coordinates": [16.406103, 48.2138984]}, "properties": {"category": "park_zoldterulet", "name": ""}}, {"type": "Feature", "geometry": {"type": "Point", "coordinates": [16.4065122, 48.2137249]}, "properties": {"category": "park_zoldterulet", "name": ""}}, {"type": "Feature", "geometry": {"type": "Point", "coordinates": [16.4068095, 48.2135802]}, "properties": {"category": "park_zoldterulet", "name": ""}}, {"type": "Feature", "geometry": {"type": "Point", "coordinates": [16.409917, 48.2115083]}, "properties": {"category": "park_zoldterulet", "name": ""}}, {"type": "Feature", "geometry": {"type": "Point", "coordinates": [16.4090441, 48.2120121]}, "properties": {"category": "park_zoldterulet", "name": ""}}, {"type": "Feature", "geometry": {"type": "Point", "coordinates": [16.4089126, 48.2122152]}, "properties": {"category": "park_zoldterulet", "name": ""}}, {"type": "Feature", "geometry": {"type": "Point", "coordinates": [16.4087051, 48.2124984]}, "properties": {"category": "park_zoldterulet", "name": ""}}, {"type": "Feature", "geometry": {"type": "Point", "coordinates": [16.4089525, 48.2123117]}, "properties": {"category": "park_zoldterulet", "name": ""}}, {"type": "Feature", "geometry": {"type": "Point", "coordinates": [16.4093633, 48.2120058]}, "properties": {"category": "park_zoldterulet", "name": ""}}, {"type": "Feature", "geometry": {"type": "Point", "coordinates": [16.4101407, 48.2115718]}, "properties": {"category": "park_zoldterulet", "name": ""}}, {"type": "Feature", "geometry": {"type": "Point", "coordinates": [16.4106543, 48.2116231]}, "properties": {"category": "park_zoldterulet", "name": ""}}, {"type": "Feature", "geometry": {"type": "Point", "coordinates": [16.4113751, 48.2120912]}, "properties": {"category": "park_zoldterulet", "name": ""}}, {"type": "Feature", "geometry": {"type": "Point", "coordinates": [16.4097028, 48.213869]}, "properties": {"category": "park_zoldterulet", "name": ""}}, {"type": "Feature", "geometry": {"type": "Point", "coordinates": [16.4097674, 48.21405]}, "properties": {"category": "park_zoldterulet", "name": ""}}, {"type": "Feature", "geometry": {"type": "Point", "coordinates": [16.4057369, 48.2155267]}, "properties": {"category": "park_zoldterulet", "name": ""}}, {"type": "Feature", "geometry": {"type": "Point", "coordinates": [16.4058742, 48.2154969]}, "properties": {"category": "park_zoldterulet", "name": ""}}, {"type": "Feature", "geometry": {"type": "Point", "coordinates": [16.4061181, 48.2159161]}, "properties": {"category": "park_zoldterulet", "name": ""}}, {"type": "Feature", "geometry": {"type": "Point", "coordinates": [16.4053678, 48.2215495]}, "properties": {"category": "park_zoldterulet", "name": ""}}, {"type": "Feature", "geometry": {"type": "Point", "coordinates": [16.405556, 48.2214013]}, "properties": {"category": "park_zoldterulet", "name": ""}}, {"type": "Feature", "geometry": {"type": "Point", "coordinates": [16.4057736, 48.2212334]}, "properties": {"category": "park_zoldterulet", "name": ""}}, {"type": "Feature", "geometry": {"type": "Point", "coordinates": [16.405962, 48.2210925]}, "properties": {"category": "park_zoldterulet", "name": ""}}, {"type": "Feature", "geometry": {"type": "Point", "coordinates": [16.4075957, 48.2198324]}, "properties": {"category": "park_zoldterulet", "name": ""}}, {"type": "Feature", "geometry": {"type": "Point", "coordinates": [16.4086099, 48.2190557]}, "properties": {"category": "park_zoldterulet", "name": ""}}, {"type": "Feature", "geometry": {"type": "Point", "coordinates": [16.4081948, 48.2190273]}, "properties": {"category": "park_zoldterulet", "name": ""}}, {"type": "Feature", "geometry": {"type": "Point", "coordinates": [16.4087993, 48.218551]}, "properties": {"category": "park_zoldterulet", "name": ""}}, {"type": "Feature", "geometry": {"type": "Point", "coordinates": [16.4088802, 48.2184866]}, "properties": {"category": "park_zoldterulet", "name": ""}}, {"type": "Feature", "geometry": {"type": "Point", "coordinates": [16.4090324, 48.2183713]}, "properties": {"category": "park_zoldterulet", "name": ""}}, {"type": "Feature", "geometry": {"type": "Point", "coordinates": [16.4090935, 48.2183254]}, "properties": {"category": "park_zoldterulet", "name": ""}}, {"type": "Feature", "geometry": {"type": "Point", "coordinates": [16.4091763, 48.2182714]}, "properties": {"category": "park_zoldterulet", "name": ""}}, {"type": "Feature", "geometry": {"type": "Point", "coordinates": [16.4065444, 48.2230584]}, "properties": {"category": "park_zoldterulet", "name": ""}}, {"type": "Feature", "geometry": {"type": "Point", "coordinates": [16.3905442, 48.2297379]}, "properties": {"category": "park_zoldterulet", "name": "Parkanlage Nordbahnhof - Freie Mitte"}}, {"type": "Feature", "geometry": {"type": "Point", "coordinates": [16.4072624, 48.2197348]}, "properties": {"category": "park_zoldterulet", "name": ""}}, {"type": "Feature", "geometry": {"type": "Point", "coordinates": [16.4073376, 48.2196759]}, "properties": {"category": "park_zoldterulet", "name": ""}}, {"type": "Feature", "geometry": {"type": "Point", "coordinates": [16.4074222, 48.2196144]}, "properties": {"category": "park_zoldterulet", "name": ""}}, {"type": "Feature", "geometry": {"type": "Point", "coordinates": [16.4074616, 48.2195711]}, "properties": {"category": "park_zoldterulet", "name": ""}}, {"type": "Feature", "geometry": {"type": "Point", "coordinates": [16.4075428, 48.2195275]}, "properties": {"category": "park_zoldterulet", "name": ""}}, {"type": "Feature", "geometry": {"type": "Point", "coordinates": [16.4067951, 48.2200915]}, "properties": {"category": "park_zoldterulet", "name": ""}}, {"type": "Feature", "geometry": {"type": "Point", "coordinates": [16.4066746, 48.2201841]}, "properties": {"category": "park_zoldterulet", "name": ""}}, {"type": "Feature", "geometry": {"type": "Point", "coordinates": [16.4152318, 48.2147458]}, "properties": {"category": "park_zoldterulet", "name": "Erika-Morini-Park"}}, {"type": "Feature", "geometry": {"type": "Point", "coordinates": [16.4071029, 48.2181147]}, "properties": {"category": "park_zoldterulet", "name": ""}}, {"type": "Feature", "geometry": {"type": "Point", "coordinates": [16.4073854, 48.2181124]}, "properties": {"category": "park_zoldterulet", "name": ""}}, {"type": "Feature", "geometry": {"type": "Point", "coordinates": [16.4077904, 48.2193275]}, "properties": {"category": "park_zoldterulet", "name": ""}}, {"type": "Feature", "geometry": {"type": "Point", "coordinates": [16.4069055, 48.2199981]}, "properties": {"category": "park_zoldterulet", "name": ""}}, {"type": "Feature", "geometry": {"type": "Point", "coordinates": [16.4070253, 48.219908]}, "properties": {"category": "park_zoldterulet", "name": ""}}, {"type": "Feature", "geometry": {"type": "Point", "coordinates": [16.4071666, 48.2198063]}, "properties": {"category": "park_zoldterulet", "name": ""}}, {"type": "Feature", "geometry": {"type": "Point", "coordinates": [16.3720361, 48.2163711]}, "properties": {"category": "park_zoldterulet", "name": "Jonny-Moser-Park"}}, {"type": "Feature", "geometry": {"type": "Point", "coordinates": [16.3771033, 48.2372019]}, "properties": {"category": "park_zoldterulet", "name": ""}}, {"type": "Feature", "geometry": {"type": "Point", "coordinates": [16.3722096, 48.2353694]}, "properties": {"category": "park_zoldterulet", "name": ""}}, {"type": "Feature", "geometry": {"type": "Point", "coordinates": [16.3728575, 48.2353806]}, "properties": {"category": "park_zoldterulet", "name": ""}}, {"type": "Feature", "geometry": {"type": "Point", "coordinates": [16.3631607, 48.2310321]}, "properties": {"category": "park_zoldterulet", "name": ""}}, {"type": "Feature", "geometry": {"type": "Point", "coordinates": [16.3692173, 48.2190838]}, "properties": {"category": "park_zoldterulet", "name": ""}}, {"type": "Feature", "geometry": {"type": "Point", "coordinates": [16.3671101, 48.2232167]}, "properties": {"category": "park_zoldterulet", "name": ""}}, {"type": "Feature", "geometry": {"type": "Point", "coordinates": [16.3633502, 48.229443]}, "properties": {"category": "park_zoldterulet", "name": ""}}, {"type": "Feature", "geometry": {"type": "Point", "coordinates": [16.3678148, 48.2236447]}, "properties": {"category": "park_zoldterulet", "name": ""}}, {"type": "Feature", "geometry": {"type": "Point", "coordinates": [16.3638804, 48.2319001]}, "properties": {"category": "park_zoldterulet", "name": ""}}, {"type": "Feature", "geometry": {"type": "Point", "coordinates": [16.3651171, 48.2404479]}, "properties": {"category": "park_zoldterulet", "name": ""}}, {"type": "Feature", "geometry": {"type": "Point", "coordinates": [16.4061984, 48.1993931]}, "properties": {"category": "park_zoldterulet", "name": ""}}, {"type": "Feature", "geometry": {"type": "Point", "coordinates": [16.3903829, 48.2310886]}, "properties": {"category": "park_zoldterulet", "name": "Gemeinschaftsgarten Wechselkröte"}}, {"type": "Feature", "geometry": {"type": "Point", "coordinates": [16.3694923, 48.2390543]}, "properties": {"category": "park_zoldterulet", "name": ""}}, {"type": "Feature", "geometry": {"type": "Point", "coordinates": [16.3987312, 48.2166312]}, "properties": {"category": "park_zoldterulet", "name": ""}}, {"type": "Feature", "geometry": {"type": "Point", "coordinates": [16.3775952, 48.2326995]}, "properties": {"category": "park_zoldterulet", "name": "Gemeinschaftsgarten Stadtraum Nordwestbahnhof"}}, {"type": "Feature", "geometry": {"type": "Point", "coordinates": [16.3953784, 48.2254141]}, "properties": {"category": "park_zoldterulet", "name": "Erna-Popper-Garten"}}, {"type": "Feature", "geometry": {"type": "Point", "coordinates": [16.3949162, 48.2258107]}, "properties": {"category": "park_zoldterulet", "name": "Mintzgarten"}}, {"type": "Feature", "geometry": {"type": "Point", "coordinates": [16.3971031, 48.224736]}, "properties": {"category": "park_zoldterulet", "name": "Gemeinschaftsgarten PAN"}}, {"type": "Feature", "geometry": {"type": "Point", "coordinates": [16.390266, 48.2259478]}, "properties": {"category": "park_zoldterulet", "name": ""}}, {"type": "Feature", "geometry": {"type": "Point", "coordinates": [16.3807623, 48.2282094]}, "properties": {"category": "park_zoldterulet", "name": "Rabbiner-Schneerson-Platz"}}, {"type": "Feature", "geometry": {"type": "Point", "coordinates": [16.3823408, 48.2075814]}, "properties": {"category": "park_zoldterulet", "name": "MAK Museumsgarten"}}, {"type": "Feature", "geometry": {"type": "Point", "coordinates": [16.3872999, 48.2144882]}, "properties": {"category": "park_zoldterulet", "name": ""}}, {"type": "Feature", "geometry": {"type": "Point", "coordinates": [16.3793433, 48.2207327]}, "properties": {"category": "park_zoldterulet", "name": "Kinogarten"}}, {"type": "Feature", "geometry": {"type": "Point", "coordinates": [16.3909792, 48.2277581]}, "properties": {"category": "park_zoldterulet", "name": ""}}, {"type": "Feature", "geometry": {"type": "Point", "coordinates": [16.390904, 48.2278446]}, "properties": {"category": "park_zoldterulet", "name": ""}}, {"type": "Feature", "geometry": {"type": "Point", "coordinates": [16.3911628, 48.2276125]}, "properties": {"category": "park_zoldterulet", "name": ""}}, {"type": "Feature", "geometry": {"type": "Point", "coordinates": [16.3910453, 48.2275493]}, "properties": {"category": "park_zoldterulet", "name": ""}}, {"type": "Feature", "geometry": {"type": "Point", "coordinates": [16.3911069, 48.2274129]}, "properties": {"category": "park_zoldterulet", "name": ""}}, {"type": "Feature", "geometry": {"type": "Point", "coordinates": [16.3912407, 48.2273938]}, "properties": {"category": "park_zoldterulet", "name": ""}}, {"type": "Feature", "geometry": {"type": "Point", "coordinates": [16.3911846, 48.2271453]}, "properties": {"category": "park_zoldterulet", "name": ""}}, {"type": "Feature", "geometry": {"type": "Point", "coordinates": [16.3911842, 48.2270348]}, "properties": {"category": "park_zoldterulet", "name": ""}}, {"type": "Feature", "geometry": {"type": "Point", "coordinates": [16.3912986, 48.2269433]}, "properties": {"category": "park_zoldterulet", "name": ""}}, {"type": "Feature", "geometry": {"type": "Point", "coordinates": [16.3914813, 48.2269513]}, "properties": {"category": "park_zoldterulet", "name": ""}}, {"type": "Feature", "geometry": {"type": "Point", "coordinates": [16.3913863, 48.2267607]}, "properties": {"category": "park_zoldterulet", "name": ""}}, {"type": "Feature", "geometry": {"type": "Point", "coordinates": [16.3912996, 48.2266536]}, "properties": {"category": "park_zoldterulet", "name": ""}}, {"type": "Feature", "geometry": {"type": "Point", "coordinates": [16.3916058, 48.2265714]}, "properties": {"category": "park_zoldterulet", "name": ""}}, {"type": "Feature", "geometry": {"type": "Point", "coordinates": [16.3914303, 48.2265748]}, "properties": {"category": "park_zoldterulet", "name": ""}}, {"type": "Feature", "geometry": {"type": "Point", "coordinates": [16.3914919, 48.2263461]}, "properties": {"category": "park_zoldterulet", "name": ""}}, {"type": "Feature", "geometry": {"type": "Point", "coordinates": [16.391462, 48.2262415]}, "properties": {"category": "park_zoldterulet", "name": ""}}, {"type": "Feature", "geometry": {"type": "Point", "coordinates": [16.3916405, 48.2261585]}, "properties": {"category": "park_zoldterulet", "name": ""}}, {"type": "Feature", "geometry": {"type": "Point", "coordinates": [16.3914319, 48.2274252]}, "properties": {"category": "park_zoldterulet", "name": ""}}, {"type": "Feature", "geometry": {"type": "Point", "coordinates": [16.3914687, 48.227481]}, "properties": {"category": "park_zoldterulet", "name": ""}}, {"type": "Feature", "geometry": {"type": "Point", "coordinates": [16.3914504, 48.2275328]}, "properties": {"category": "park_zoldterulet", "name": ""}}, {"type": "Feature", "geometry": {"type": "Point", "coordinates": [16.3914318, 48.2275858]}, "properties": {"category": "park_zoldterulet", "name": ""}}, {"type": "Feature", "geometry": {"type": "Point", "coordinates": [16.3913335, 48.2276388]}, "properties": {"category": "park_zoldterulet", "name": ""}}, {"type": "Feature", "geometry": {"type": "Point", "coordinates": [16.3918507, 48.2257592]}, "properties": {"category": "park_zoldterulet", "name": ""}}, {"type": "Feature", "geometry": {"type": "Point", "coordinates": [16.3916968, 48.2257652]}, "properties": {"category": "park_zoldterulet", "name": ""}}, {"type": "Feature", "geometry": {"type": "Point", "coordinates": [16.3916241, 48.2259133]}, "properties": {"category": "park_zoldterulet", "name": ""}}, {"type": "Feature", "geometry": {"type": "Point", "coordinates": [16.3917628, 48.2260061]}, "properties": {"category": "park_zoldterulet", "name": ""}}, {"type": "Feature", "geometry": {"type": "Point", "coordinates": [16.3919123, 48.2256021]}, "properties": {"category": "park_zoldterulet", "name": ""}}, {"type": "Feature", "geometry": {"type": "Point", "coordinates": [16.3917703, 48.2255521]}, "properties": {"category": "park_zoldterulet", "name": ""}}, {"type": "Feature", "geometry": {"type": "Point", "coordinates": [16.3917375, 48.225449]}, "properties": {"category": "park_zoldterulet", "name": ""}}, {"type": "Feature", "geometry": {"type": "Point", "coordinates": [16.3918431, 48.2253585]}, "properties": {"category": "park_zoldterulet", "name": ""}}, {"type": "Feature", "geometry": {"type": "Point", "coordinates": [16.3919962, 48.2253625]}, "properties": {"category": "park_zoldterulet", "name": ""}}, {"type": "Feature", "geometry": {"type": "Point", "coordinates": [16.3920987, 48.225379]}, "properties": {"category": "park_zoldterulet", "name": ""}}, {"type": "Feature", "geometry": {"type": "Point", "coordinates": [16.392061, 48.2252064]}, "properties": {"category": "park_zoldterulet", "name": ""}}, {"type": "Feature", "geometry": {"type": "Point", "coordinates": [16.391903, 48.2251191]}, "properties": {"category": "park_zoldterulet", "name": ""}}, {"type": "Feature", "geometry": {"type": "Point", "coordinates": [16.3919324, 48.2249955]}, "properties": {"category": "park_zoldterulet", "name": ""}}, {"type": "Feature", "geometry": {"type": "Point", "coordinates": [16.3920369, 48.2248945]}, "properties": {"category": "park_zoldterulet", "name": ""}}, {"type": "Feature", "geometry": {"type": "Point", "coordinates": [16.3924683, 48.2307319]}, "properties": {"category": "park_zoldterulet", "name": ""}}, {"type": "Feature", "geometry": {"type": "Point", "coordinates": [16.3926162, 48.2306483]}, "properties": {"category": "park_zoldterulet", "name": ""}}, {"type": "Feature", "geometry": {"type": "Point", "coordinates": [16.3927756, 48.2307035]}, "properties": {"category": "park_zoldterulet", "name": ""}}, {"type": "Feature", "geometry": {"type": "Point", "coordinates": [16.4099674, 48.2280909]}, "properties": {"category": "park_zoldterulet", "name": ""}}, {"type": "Feature", "geometry": {"type": "Point", "coordinates": [16.4194262, 48.2276475]}, "properties": {"category": "park_zoldterulet", "name": "Hans-Hass-Park"}}, {"type": "Feature", "geometry": {"type": "Point", "coordinates": [16.4053748, 48.2383116]}, "properties": {"category": "park_zoldterulet", "name": ""}}, {"type": "Feature", "geometry": {"type": "Point", "coordinates": [16.4042679, 48.2223949]}, "properties": {"category": "park_zoldterulet", "name": ""}}, {"type": "Feature", "geometry": {"type": "Point", "coordinates": [16.4031884, 48.2228864]}, "properties": {"category": "park_zoldterulet", "name": ""}}, {"type": "Feature", "geometry": {"type": "Point", "coordinates": [16.4030743, 48.2229624]}, "properties": {"category": "park_zoldterulet", "name": ""}}, {"type": "Feature", "geometry": {"type": "Point", "coordinates": [16.4029823, 48.2230154]}, "properties": {"category": "park_zoldterulet", "name": ""}}, {"type": "Feature", "geometry": {"type": "Point", "coordinates": [16.4028816, 48.2230977]}, "properties": {"category": "park_zoldterulet", "name": ""}}, {"type": "Feature", "geometry": {"type": "Point", "coordinates": [16.4027189, 48.2232329]}, "properties": {"category": "park_zoldterulet", "name": ""}}, {"type": "Feature", "geometry": {"type": "Point", "coordinates": [16.4024016, 48.2234721]}, "properties": {"category": "park_zoldterulet", "name": ""}}, {"type": "Feature", "geometry": {"type": "Point", "coordinates": [16.4021719, 48.2236277]}, "properties": {"category": "park_zoldterulet", "name": ""}}, {"type": "Feature", "geometry": {"type": "Point", "coordinates": [16.4019774, 48.223759]}, "properties": {"category": "park_zoldterulet", "name": ""}}, {"type": "Feature", "geometry": {"type": "Point", "coordinates": [16.4025332, 48.2237281]}, "properties": {"category": "park_zoldterulet", "name": ""}}, {"type": "Feature", "geometry": {"type": "Point", "coordinates": [16.4031427, 48.2232587]}, "properties": {"category": "park_zoldterulet", "name": ""}}, {"type": "Feature", "geometry": {"type": "Point", "coordinates": [16.4211403, 48.2329312]}, "properties": {"category": "park_zoldterulet", "name": ""}}, {"type": "Feature", "geometry": {"type": "Point", "coordinates": [16.3937259, 48.2355261]}, "properties": {"category": "park_zoldterulet", "name": "Mediterraner Garten"}}, {"type": "Feature", "geometry": {"type": "Point", "coordinates": [16.4113804, 48.2123299]}, "properties": {"category": "park_zoldterulet", "name": ""}}, {"type": "Feature", "geometry": {"type": "Point", "coordinates": [16.4097952, 48.2124825]}, "properties": {"category": "park_zoldterulet", "name": ""}}, {"type": "Feature", "geometry": {"type": "Point", "coordinates": [16.408738, 48.2128442]}, "properties": {"category": "park_zoldterulet", "name": ""}}, {"type": "Feature", "geometry": {"type": "Point", "coordinates": [16.4083724, 48.2128314]}, "properties": {"category": "park_zoldterulet", "name": ""}}, {"type": "Feature", "geometry": {"type": "Point", "coordinates": [16.4097043, 48.2135418]}, "properties": {"category": "park_zoldterulet", "name": ""}}, {"type": "Feature", "geometry": {"type": "Point", "coordinates": [16.409819, 48.2133373]}, "properties": {"category": "park_zoldterulet", "name": ""}}]}