{
"type": "FeatureCollection",
"name": "poi_kobanya_buffered",
"crs": { "type": "name", "properties": { "name": "urn:ogc:def:crs:OGC:1.3:CRS84" } },
"features": [
{ "type": "Feature", "properties": { "id": 282108249.0, "osm_type": "node", "category": "elelmiszer_bolt", "name": "Penny", "amenity": "", "shop": "supermarket", "leisure": "", "railway": "", "amenity_type": null }, "geometry": { "type": "Point", "coordinates": [ 19.1571835, 47.4531818 ] } },
{ "type": "Feature", "properties": { "id": 288257428.0, "osm_type": "node", "category": "egyeb", "name": "Egyeb", "amenity": "", "shop": "", "leisure": "", "railway": "train_station_entrance", "amenity_type": null }, "geometry": { "type": "Point", "coordinates": [ 19.1327502, 47.4920346 ] } },
{ "type": "Feature", "properties": { "id": 288257429.0, "osm_type": "node", "category": "egyeb", "name": "Egyeb", "amenity": "", "shop": "", "leisure": "", "railway": "train_station_entrance", "amenity_type": null }, "geometry": { "type": "Point", "coordinates": [ 19.1330917, 47.4911026 ] } },
{ "type": "Feature", "properties": { "id": 318619240.0, "osm_type": "node", "category": "elelmiszer_bolt", "name": "Max Family", "amenity": "", "shop": "supermarket", "leisure": "", "railway": "", "amenity_type": null }, "geometry": { "type": "Point", "coordinates": [ 19.1428196, 47.4591875 ] } },
{ "type": "Feature", "properties": { "id": 323254103.0, "osm_type": "node", "category": "gyogyszertar", "name": "Apolló gyógyszertár", "amenity": "pharmacy", "shop": "", "leisure": "", "railway": "", "amenity_type": null }, "geometry": { "type": "Point", "coordinates": [ 19.1425084, 47.4581415 ] } },
{ "type": "Feature", "properties": { "id": 386006640.0, "osm_type": "node", "category": "gyogyszertar", "name": "Benu", "amenity": "pharmacy", "shop": "", "leisure": "", "railway": "", "amenity_type": null }, "geometry": { "type": "Point", "coordinates": [ 19.10859, 47.5004526 ] } },
{ "type": "Feature", "properties": { "id": 482746084.0, "osm_type": "node", "category": "elelmiszer_bolt", "name": "Interspar", "amenity": "", "shop": "supermarket", "leisure": "", "railway": "", "amenity_type": null }, "geometry": { "type": "Point", "coordinates": [ 19.1412397, 47.5026981 ] } },
{ "type": "Feature", "properties": { "id": 489323103.0, "osm_type": "node", "category": "orvos_egeszsegugy", "name": "Háziorvosi rendelő", "amenity": "doctors", "shop": "", "leisure": "", "railway": "", "amenity_type": null }, "geometry": { "type": "Point", "coordinates": [ 19.1302283, 47.5033571 ] } },
{ "type": "Feature", "properties": { "id": 514129693.0, "osm_type": "node", "category": "gyogyszertar", "name": "Kőhíd Patika", "amenity": "pharmacy", "shop": "", "leisure": "", "railway": "", "amenity_type": null }, "geometry": { "type": "Point", "coordinates": [ 19.1855543, 47.455819 ] } },
{ "type": "Feature", "properties": { "id": 678832683.0, "osm_type": "node", "category": "gyogyszertar", "name": "Óhegyi Gyógyszertár", "amenity": "pharmacy", "shop": "", "leisure": "", "railway": "", "amenity_type": null }, "geometry": { "type": "Point", "coordinates": [ 19.1531334, 47.4793308 ] } },
{ "type": "Feature", "properties": { "id": 678832790.0, "osm_type": "node", "category": "elelmiszer_bolt", "name": "Príma", "amenity": "", "shop": "convenience", "leisure": "", "railway": "", "amenity_type": null }, "geometry": { "type": "Point", "coordinates": [ 19.1533661, 47.4794583 ] } },
{ "type": "Feature", "properties": { "id": 702901953.0, "osm_type": "node", "category": "gyogyszertar", "name": "Harmat Patika", "amenity": "pharmacy", "shop": "", "leisure": "", "railway": "", "amenity_type": null }, "geometry": { "type": "Point", "coordinates": [ 19.1367363, 47.4893872 ] } },
{ "type": "Feature", "properties": { "id": 702905911.0, "osm_type": "node", "category": "elelmiszer_bolt", "name": "Spar", "amenity": "", "shop": "supermarket", "leisure": "", "railway": "", "amenity_type": null }, "geometry": { "type": "Point", "coordinates": [ 19.1376456, 47.5042923 ] } },
{ "type": "Feature", "properties": { "id": 705563488.0, "osm_type": "node", "category": "gyogyszertar", "name": "Szent Katalin Gyógyszertár", "amenity": "pharmacy", "shop": "", "leisure": "", "railway": "", "amenity_type": null }, "geometry": { "type": "Point", "coordinates": [ 19.139209, 47.477079 ] } },
{ "type": "Feature", "properties": { "id": 715863385.0, "osm_type": "node", "category": "elelmiszer_bolt", "name": "Príma", "amenity": "", "shop": "supermarket", "leisure": "", "railway": "", "amenity_type": null }, "geometry": { "type": "Point", "coordinates": [ 19.1727116, 47.4506391 ] } },
{ "type": "Feature", "properties": { "id": 715863386.0, "osm_type": "node", "category": "gyogyszertar", "name": "Sárga Borostyán Gyógyszertár", "amenity": "pharmacy", "shop": "", "leisure": "", "railway": "", "amenity_type": null }, "geometry": { "type": "Point", "coordinates": [ 19.1734187, 47.4504197 ] } },
{ "type": "Feature", "properties": { "id": 868544489.0, "osm_type": "node", "category": "gyogyszertar", "name": "Benu", "amenity": "pharmacy", "shop": "", "leisure": "", "railway": "", "amenity_type": null }, "geometry": { "type": "Point", "coordinates": [ 19.1390687, 47.5047978 ] } },
{ "type": "Feature", "properties": { "id": 987943711.0, "osm_type": "node", "category": "elelmiszer_bolt", "name": "Spar", "amenity": "", "shop": "convenience", "leisure": "", "railway": "", "amenity_type": null }, "geometry": { "type": "Point", "coordinates": [ 19.1801897, 47.5089035 ] } },
{ "type": "Feature", "properties": { "id": 1013273851.0, "osm_type": "node", "category": "gyogyszertar", "name": "Paracelsus Gyógyszertár", "amenity": "pharmacy", "shop": "", "leisure": "", "railway": "", "amenity_type": null }, "geometry": { "type": "Point", "coordinates": [ 19.1515538, 47.5035815 ] } },
{ "type": "Feature", "properties": { "id": 1013274374.0, "osm_type": "node", "category": "elelmiszer_bolt", "name": "Spar", "amenity": "", "shop": "supermarket", "leisure": "", "railway": "", "amenity_type": null }, "geometry": { "type": "Point", "coordinates": [ 19.151948, 47.5036903 ] } },
{ "type": "Feature", "properties": { "id": 1013274566.0, "osm_type": "node", "category": "elelmiszer_bolt", "name": "Aldi", "amenity": "", "shop": "supermarket", "leisure": "", "railway": "", "amenity_type": null }, "geometry": { "type": "Point", "coordinates": [ 19.150983, 47.5035457 ] } },
{ "type": "Feature", "properties": { "id": 1025017256.0, "osm_type": "node", "category": "elelmiszer_bolt", "name": "Tesco Extra", "amenity": "", "shop": "supermarket", "leisure": "", "railway": "", "amenity_type": null }, "geometry": { "type": "Point", "coordinates": [ 19.0935207, 47.4985715 ] } },
{ "type": "Feature", "properties": { "id": 1084204668.0, "osm_type": "node", "category": "gyogyszertar", "name": "Árkád patika", "amenity": "pharmacy", "shop": "", "leisure": "", "railway": "", "amenity_type": null }, "geometry": { "type": "Point", "coordinates": [ 19.1373144, 47.5030151 ] } },
{ "type": "Feature", "properties": { "id": 1084263760.0, "osm_type": "node", "category": "gyogyszertar", "name": "Európa", "amenity": "pharmacy", "shop": "", "leisure": "", "railway": "", "amenity_type": null }, "geometry": { "type": "Point", "coordinates": [ 19.1390685, 47.501772 ] } },
{ "type": "Feature", "properties": { "id": 1167986293.0, "osm_type": "node", "category": "elelmiszer_bolt", "name": "Interspar", "amenity": "", "shop": "supermarket", "leisure": "", "railway": "", "amenity_type": null }, "geometry": { "type": "Point", "coordinates": [ 19.1555738, 47.4706961 ] } },
{ "type": "Feature", "properties": { "id": 1272249513.0, "osm_type": "node", "category": "elelmiszer_bolt", "name": "Reál", "amenity": "", "shop": "supermarket", "leisure": "", "railway": "", "amenity_type": null }, "geometry": { "type": "Point", "coordinates": [ 19.1094494, 47.4909325 ] } },
{ "type": "Feature", "properties": { "id": 1319245429.0, "osm_type": "node", "category": "gyogyszertar", "name": "Wekerlei Gyógyszertár", "amenity": "pharmacy", "shop": "", "leisure": "", "railway": "", "amenity_type": null }, "geometry": { "type": "Point", "coordinates": [ 19.1273042, 47.4558309 ] } },
{ "type": "Feature", "properties": { "id": 1352285346.0, "osm_type": "node", "category": "elelmiszer_bolt", "name": "Prémium Élelmuszer", "amenity": "", "shop": "convenience", "leisure": "", "railway": "", "amenity_type": null }, "geometry": { "type": "Point", "coordinates": [ 19.1110886, 47.5026848 ] } },
{ "type": "Feature", "properties": { "id": 1364606837.0, "osm_type": "node", "category": "gyogyszertar", "name": "Somfa patika", "amenity": "pharmacy", "shop": "", "leisure": "", "railway": "", "amenity_type": null }, "geometry": { "type": "Point", "coordinates": [ 19.1183828, 47.4728561 ] } },
{ "type": "Feature", "properties": { "id": 1372331624.0, "osm_type": "node", "category": "elelmiszer_bolt", "name": "Krajcáros Kisbolt", "amenity": "", "shop": "convenience", "leisure": "", "railway": "", "amenity_type": null }, "geometry": { "type": "Point", "coordinates": [ 19.1645153, 47.4725138 ] } },
{ "type": "Feature", "properties": { "id": 1372331648.0, "osm_type": "node", "category": "elelmiszer_bolt", "name": "Spar", "amenity": "", "shop": "supermarket", "leisure": "", "railway": "", "amenity_type": null }, "geometry": { "type": "Point", "coordinates": [ 19.1643088, 47.4714586 ] } },
{ "type": "Feature", "properties": { "id": 1382878674.0, "osm_type": "node", "category": "gyogyszertar", "name": "Egressy Patika", "amenity": "pharmacy", "shop": "", "leisure": "", "railway": "", "amenity_type": null }, "geometry": { "type": "Point", "coordinates": [ 19.1040298, 47.506588 ] } },
{ "type": "Feature", "properties": { "id": 1383427137.0, "osm_type": "node", "category": "elelmiszer_bolt", "name": "CBA", "amenity": "", "shop": "convenience", "leisure": "", "railway": "", "amenity_type": null }, "geometry": { "type": "Point", "coordinates": [ 19.1093101, 47.508498 ] } },
{ "type": "Feature", "properties": { "id": 1484093565.0, "osm_type": "node", "category": "elelmiszer_bolt", "name": "Eva & Ingi coop ABC - Non-Stop", "amenity": "", "shop": "convenience", "leisure": "", "railway": "", "amenity_type": null }, "geometry": { "type": "Point", "coordinates": [ 19.1012981, 47.5098459 ] } },
{ "type": "Feature", "properties": { "id": 1654327537.0, "osm_type": "node", "category": "elelmiszer_bolt", "name": "Színes ABC", "amenity": "", "shop": "convenience", "leisure": "", "railway": "", "amenity_type": null }, "geometry": { "type": "Point", "coordinates": [ 19.1482683, 47.4567135 ] } },
{ "type": "Feature", "properties": { "id": 1680770340.0, "osm_type": "node", "category": "elelmiszer_bolt", "name": "Csatári élelmiszerbolt", "amenity": "", "shop": "supermarket", "leisure": "", "railway": "", "amenity_type": null }, "geometry": { "type": "Point", "coordinates": [ 19.1769278, 47.4581402 ] } },
{ "type": "Feature", "properties": { "id": 1719106629.0, "osm_type": "node", "category": "iskola", "name": "Európa 2000 Gimnázium", "amenity": "school", "shop": "", "leisure": "", "railway": "", "amenity_type": null }, "geometry": { "type": "Point", "coordinates": [ 19.0980962, 47.5094473 ] } },
{ "type": "Feature", "properties": { "id": 1720319141.0, "osm_type": "node", "category": "iskola", "name": "Szász Ferenc Kereskedelmi Szakközépiskola és Szakiskola", "amenity": "school", "shop": "", "leisure": "", "railway": "", "amenity_type": null }, "geometry": { "type": "Point", "coordinates": [ 19.1069115, 47.4989825 ] } },
{ "type": "Feature", "properties": { "id": 1764284556.0, "osm_type": "node", "category": "gyogyszertar", "name": "Cédrus Gyógyszertár", "amenity": "pharmacy", "shop": "", "leisure": "", "railway": "", "amenity_type": null }, "geometry": { "type": "Point", "coordinates": [ 19.1195346, 47.441611 ] } },
{ "type": "Feature", "properties": { "id": 1835803896.0, "osm_type": "node", "category": "elelmiszer_bolt", "name": "Elelmiszer_bolt", "amenity": "", "shop": "convenience", "leisure": "", "railway": "", "amenity_type": null }, "geometry": { "type": "Point", "coordinates": [ 19.1437116, 47.4865759 ] } },
{ "type": "Feature", "properties": { "id": 1943846853.0, "osm_type": "node", "category": "elelmiszer_bolt", "name": "Napimart", "amenity": "", "shop": "supermarket", "leisure": "", "railway": "", "amenity_type": null }, "geometry": { "type": "Point", "coordinates": [ 19.1470656, 47.4555859 ] } },
{ "type": "Feature", "properties": { "id": 1944279226.0, "osm_type": "node", "category": "elelmiszer_bolt", "name": "Elelmiszer_bolt", "amenity": "", "shop": "convenience", "leisure": "", "railway": "", "amenity_type": null }, "geometry": { "type": "Point", "coordinates": [ 19.1686186, 47.4438585 ] } },
{ "type": "Feature", "properties": { "id": 2103793662.0, "osm_type": "node", "category": "elelmiszer_bolt", "name": "Diszkont", "amenity": "", "shop": "convenience", "leisure": "", "railway": "", "amenity_type": null }, "geometry": { "type": "Point", "coordinates": [ 19.1487622, 47.462509 ] } },
{ "type": "Feature", "properties": { "id": 2103808916.0, "osm_type": "node", "category": "elelmiszer_bolt", "name": "Delikátesz-csemege", "amenity": "", "shop": "convenience", "leisure": "", "railway": "", "amenity_type": null }, "geometry": { "type": "Point", "coordinates": [ 19.1486979, 47.4626323 ] } },
{ "type": "Feature", "properties": { "id": 2120975003.0, "osm_type": "node", "category": "elelmiszer_bolt", "name": "Príma", "amenity": "", "shop": "supermarket", "leisure": "", "railway": "", "amenity_type": null }, "geometry": { "type": "Point", "coordinates": [ 19.0923865, 47.5052001 ] } },
{ "type": "Feature", "properties": { "id": 2120980883.0, "osm_type": "node", "category": "gyogyszertar", "name": "Récsei-Korona Gyógyszertár", "amenity": "pharmacy", "shop": "pet", "leisure": "", "railway": "", "amenity_type": null }, "geometry": { "type": "Point", "coordinates": [ 19.0926522, 47.5048682 ] } },
{ "type": "Feature", "properties": { "id": 2467562910.0, "osm_type": "node", "category": "orvos_egeszsegugy", "name": "Orvosi ügyelet felnőtteknek", "amenity": "doctors", "shop": "", "leisure": "", "railway": "", "amenity_type": null }, "geometry": { "type": "Point", "coordinates": [ 19.1444253, 47.452494 ] } },
{ "type": "Feature", "properties": { "id": 2529909184.0, "osm_type": "node", "category": "elelmiszer_bolt", "name": "Orlen", "amenity": "fuel", "shop": "convenience", "leisure": "", "railway": "", "amenity_type": null }, "geometry": { "type": "Point", "coordinates": [ 19.1457244, 47.4694156 ] } },
{ "type": "Feature", "properties": { "id": 2579720793.0, "osm_type": "node", "category": "gyogyszertar", "name": "Príma Gyógyszertár", "amenity": "pharmacy", "shop": "", "leisure": "", "railway": "", "amenity_type": null }, "geometry": { "type": "Point", "coordinates": [ 19.1578787, 47.4663709 ] } },
{ "type": "Feature", "properties": { "id": 2597300863.0, "osm_type": "node", "category": "elelmiszer_bolt", "name": "Wekerle Market", "amenity": "", "shop": "convenience", "leisure": "", "railway": "", "amenity_type": null }, "geometry": { "type": "Point", "coordinates": [ 19.1272953, 47.4562451 ] } },
{ "type": "Feature", "properties": { "id": 2926275665.0, "osm_type": "node", "category": "elelmiszer_bolt", "name": "Diszkont Vegyeskereskedés", "amenity": "", "shop": "convenience", "leisure": "", "railway": "", "amenity_type": null }, "geometry": { "type": "Point", "coordinates": [ 19.1359575, 47.4605959 ] } },
{ "type": "Feature", "properties": { "id": 2937016480.0, "osm_type": "node", "category": "elelmiszer_bolt", "name": "Kispesti állateledel bolt", "amenity": "", "shop": "convenience", "leisure": "", "railway": "", "amenity_type": null }, "geometry": { "type": "Point", "coordinates": [ 19.1506086, 47.4599687 ] } },
{ "type": "Feature", "properties": { "id": 2941822410.0, "osm_type": "node", "category": "elelmiszer_bolt", "name": "Boldog Föld", "amenity": "", "shop": "convenience", "leisure": "", "railway": "", "amenity_type": null }, "geometry": { "type": "Point", "coordinates": [ 19.126011, 47.4537392 ] } },
{ "type": "Feature", "properties": { "id": 2998901620.0, "osm_type": "node", "category": "orvos_egeszsegugy", "name": "Orvosi rendelő", "amenity": "doctors", "shop": "", "leisure": "", "railway": "", "amenity_type": null }, "geometry": { "type": "Point", "coordinates": [ 19.173559, 47.4505636 ] } },
{ "type": "Feature", "properties": { "id": 2998901621.0, "osm_type": "node", "category": "gyogyszertar", "name": "Lakatos Gyógyszertár", "amenity": "pharmacy", "shop": "", "leisure": "", "railway": "", "amenity_type": null }, "geometry": { "type": "Point", "coordinates": [ 19.1732902, 47.4506893 ] } },
{ "type": "Feature", "properties": { "id": 3016090342.0, "osm_type": "node", "category": "elelmiszer_bolt", "name": "Pitypang ABC", "amenity": "", "shop": "convenience", "leisure": "", "railway": "", "amenity_type": null }, "geometry": { "type": "Point", "coordinates": [ 19.0961687, 47.4800274 ] } },
{ "type": "Feature", "properties": { "id": 3026655133.0, "osm_type": "node", "category": "gyogyszertar", "name": "Ciprus Hungária Patika", "amenity": "pharmacy", "shop": "", "leisure": "", "railway": "", "amenity_type": null }, "geometry": { "type": "Point", "coordinates": [ 19.1085779, 47.4929928 ] } },
{ "type": "Feature", "properties": { "id": 3038589634.0, "osm_type": "node", "category": "gyogyszertar", "name": "Hétkorona Ügyeletes Gyógyszertár", "amenity": "pharmacy", "shop": "", "leisure": "", "railway": "", "amenity_type": null }, "geometry": { "type": "Point", "coordinates": [ 19.1437495, 47.4521103 ] } },
{ "type": "Feature", "properties": { "id": 3045916722.0, "osm_type": "node", "category": "egyeb", "name": "Hungária állatpatika", "amenity": "veterinary_pharmacy", "shop": "", "leisure": "", "railway": "", "amenity_type": null }, "geometry": { "type": "Point", "coordinates": [ 19.109105, 47.4859095 ] } },
{ "type": "Feature", "properties": { "id": 3058771548.0, "osm_type": "node", "category": "gyogyszertar", "name": "Amfóra Gyógyszertár", "amenity": "pharmacy", "shop": "", "leisure": "", "railway": "", "amenity_type": null }, "geometry": { "type": "Point", "coordinates": [ 19.1173514, 47.5029449 ] } },
{ "type": "Feature", "properties": { "id": 3058827133.0, "osm_type": "node", "category": "elelmiszer_bolt", "name": "Reál", "amenity": "", "shop": "supermarket", "leisure": "", "railway": "", "amenity_type": null }, "geometry": { "type": "Point", "coordinates": [ 19.1090835, 47.500483 ] } },
{ "type": "Feature", "properties": { "id": 3073583034.0, "osm_type": "node", "category": "elelmiszer_bolt", "name": "J&G ABC", "amenity": "", "shop": "convenience", "leisure": "", "railway": "", "amenity_type": null }, "geometry": { "type": "Point", "coordinates": [ 19.0948852, 47.4849304 ] } },
{ "type": "Feature", "properties": { "id": 3077954933.0, "osm_type": "node", "category": "elelmiszer_bolt", "name": "Penny", "amenity": "", "shop": "supermarket", "leisure": "", "railway": "", "amenity_type": null }, "geometry": { "type": "Point", "coordinates": [ 19.128984, 47.4826562 ] } },
{ "type": "Feature", "properties": { "id": 3095363229.0, "osm_type": "node", "category": "egyeb", "name": "Katedra Nyelviskola", "amenity": "language_school", "shop": "", "leisure": "", "railway": "", "amenity_type": null }, "geometry": { "type": "Point", "coordinates": [ 19.1338465, 47.5063905 ] } },
{ "type": "Feature", "properties": { "id": 3095366229.0, "osm_type": "node", "category": "ovoda", "name": "Napsugár óvoda", "amenity": "kindergarten", "shop": "", "leisure": "", "railway": "", "amenity_type": null }, "geometry": { "type": "Point", "coordinates": [ 19.1389212, 47.5072131 ] } },
{ "type": "Feature", "properties": { "id": 3101626033.0, "osm_type": "node", "category": "elelmiszer_bolt", "name": "Reál", "amenity": "", "shop": "convenience", "leisure": "", "railway": "", "amenity_type": null }, "geometry": { "type": "Point", "coordinates": [ 19.0990072, 47.4432475 ] } },
{ "type": "Feature", "properties": { "id": 3101631252.0, "osm_type": "node", "category": "iskola", "name": "Kosztolányi Dezső Általános Iskola", "amenity": "school", "shop": "", "leisure": "", "railway": "", "amenity_type": null }, "geometry": { "type": "Point", "coordinates": [ 19.1091077, 47.4672128 ] } },
{ "type": "Feature", "properties": { "id": 3101631536.0, "osm_type": "node", "category": "elelmiszer_bolt", "name": "Élelmiszerbolt", "amenity": "", "shop": "convenience", "leisure": "", "railway": "", "amenity_type": null }, "geometry": { "type": "Point", "coordinates": [ 19.1240148, 47.479222 ] } },
{ "type": "Feature", "properties": { "id": 3103631738.0, "osm_type": "node", "category": "gyogyszertar", "name": "Kolónia Gyógyszertár", "amenity": "pharmacy", "shop": "", "leisure": "", "railway": "", "amenity_type": null }, "geometry": { "type": "Point", "coordinates": [ 19.0930892, 47.4855375 ] } },
{ "type": "Feature", "properties": { "id": 3103763729.0, "osm_type": "node", "category": "ovoda", "name": "The English Garden - angol óvoda", "amenity": "kindergarten", "shop": "", "leisure": "", "railway": "", "amenity_type": null }, "geometry": { "type": "Point", "coordinates": [ 19.1009401, 47.4807594 ] } },
{ "type": "Feature", "properties": { "id": 3129391999.0, "osm_type": "node", "category": "orvos_egeszsegugy", "name": "Live Medic szakorvosi magáncentrum", "amenity": "doctors", "shop": "", "leisure": "", "railway": "", "amenity_type": null }, "geometry": { "type": "Point", "coordinates": [ 19.172768, 47.4400471 ] } },
{ "type": "Feature", "properties": { "id": 3139561130.0, "osm_type": "node", "category": "ovoda", "name": "SOTE Napköziotthonos Óvodája", "amenity": "kindergarten", "shop": "", "leisure": "", "railway": "", "amenity_type": null }, "geometry": { "type": "Point", "coordinates": [ 19.0939798, 47.4808352 ] } },
{ "type": "Feature", "properties": { "id": 3141455129.0, "osm_type": "node", "category": "elelmiszer_bolt", "name": "CBA", "amenity": "", "shop": "convenience", "leisure": "", "railway": "", "amenity_type": null }, "geometry": { "type": "Point", "coordinates": [ 19.1495992, 47.4417602 ] } },
{ "type": "Feature", "properties": { "id": 3156381461.0, "osm_type": "node", "category": "elelmiszer_bolt", "name": "Antónia Csemege", "amenity": "", "shop": "convenience", "leisure": "", "railway": "", "amenity_type": null }, "geometry": { "type": "Point", "coordinates": [ 19.0929696, 47.482929 ] } },
{ "type": "Feature", "properties": { "id": 3177761821.0, "osm_type": "node", "category": "elelmiszer_bolt", "name": "Elelmiszer_bolt", "amenity": "", "shop": "convenience", "leisure": "", "railway": "", "amenity_type": null }, "geometry": { "type": "Point", "coordinates": [ 19.1775127, 47.4618626 ] } },
{ "type": "Feature", "properties": { "id": 3205859752.0, "osm_type": "node", "category": "orvos_egeszsegugy", "name": "MEDICOR Egészségközpont", "amenity": "doctors", "shop": "", "leisure": "", "railway": "", "amenity_type": null }, "geometry": { "type": "Point", "coordinates": [ 19.0992752, 47.4528323 ] } },
{ "type": "Feature", "properties": { "id": 3205984973.0, "osm_type": "node", "category": "elelmiszer_bolt", "name": "Édességbolt", "amenity": "", "shop": "convenience", "leisure": "", "railway": "", "amenity_type": null }, "geometry": { "type": "Point", "coordinates": [ 19.1608087, 47.4693918 ] } },
{ "type": "Feature", "properties": { "id": 3206040271.0, "osm_type": "node", "category": "elelmiszer_bolt", "name": "Vegyesbolt", "amenity": "", "shop": "convenience", "leisure": "", "railway": "", "amenity_type": null }, "geometry": { "type": "Point", "coordinates": [ 19.1615246, 47.4697852 ] } },
{ "type": "Feature", "properties": { "id": 3206069897.0, "osm_type": "node", "category": "elelmiszer_bolt", "name": "One Euro Market", "amenity": "", "shop": "convenience", "leisure": "", "railway": "", "amenity_type": null }, "geometry": { "type": "Point", "coordinates": [ 19.1621415, 47.4701605 ] } },
{ "type": "Feature", "properties": { "id": 3206074923.0, "osm_type": "node", "category": "elelmiszer_bolt", "name": "Plus market", "amenity": "", "shop": "supermarket", "leisure": "", "railway": "", "amenity_type": null }, "geometry": { "type": "Point", "coordinates": [ 19.163485, 47.4708928 ] } },
{ "type": "Feature", "properties": { "id": 3208488267.0, "osm_type": "node", "category": "gyogyszertar", "name": "Remiz gyógyszertár", "amenity": "pharmacy", "shop": "", "leisure": "", "railway": "", "amenity_type": null }, "geometry": { "type": "Point", "coordinates": [ 19.1570519, 47.4528805 ] } },
{ "type": "Feature", "properties": { "id": 3210877439.0, "osm_type": "node", "category": "gyogyszertar", "name": "Salvus patika", "amenity": "pharmacy", "shop": "", "leisure": "", "railway": "", "amenity_type": null }, "geometry": { "type": "Point", "coordinates": [ 19.1628041, 47.4702106 ] } },
{ "type": "Feature", "properties": { "id": 3278538261.0, "osm_type": "node", "category": "elelmiszer_bolt", "name": "Penny", "amenity": "", "shop": "supermarket", "leisure": "", "railway": "", "amenity_type": null }, "geometry": { "type": "Point", "coordinates": [ 19.1028412, 47.4820248 ] } },
{ "type": "Feature", "properties": { "id": 3296548453.0, "osm_type": "node", "category": "elelmiszer_bolt", "name": "Reál Élelmiszer", "amenity": "", "shop": "convenience", "leisure": "", "railway": "", "amenity_type": null }, "geometry": { "type": "Point", "coordinates": [ 19.1673882, 47.4476197 ] } },
{ "type": "Feature", "properties": { "id": 3419755693.0, "osm_type": "node", "category": "elelmiszer_bolt", "name": "Kínai bolt", "amenity": "", "shop": "convenience", "leisure": "", "railway": "", "amenity_type": null }, "geometry": { "type": "Point", "coordinates": [ 19.0958768, 47.4885269 ] } },
{ "type": "Feature", "properties": { "id": 3458875204.0, "osm_type": "node", "category": "elelmiszer_bolt", "name": "Delicatesse", "amenity": "", "shop": "convenience", "leisure": "", "railway": "", "amenity_type": null }, "geometry": { "type": "Point", "coordinates": [ 19.1047794, 47.504729 ] } },
{ "type": "Feature", "properties": { "id": 3458895996.0, "osm_type": "node", "category": "iskola", "name": "Oktáv Továbbképző Központ", "amenity": "school", "shop": "", "leisure": "", "railway": "", "amenity_type": null }, "geometry": { "type": "Point", "coordinates": [ 19.0982068, 47.5093556 ] } },
{ "type": "Feature", "properties": { "id": 3458963293.0, "osm_type": "node", "category": "elelmiszer_bolt", "name": "Spar", "amenity": "", "shop": "convenience", "leisure": "", "railway": "", "amenity_type": null }, "geometry": { "type": "Point", "coordinates": [ 19.1034433, 47.5058658 ] } },
{ "type": "Feature", "properties": { "id": 3458966293.0, "osm_type": "node", "category": "elelmiszer_bolt", "name": "Édenkert ABC", "amenity": "", "shop": "convenience", "leisure": "", "railway": "", "amenity_type": null }, "geometry": { "type": "Point", "coordinates": [ 19.1038916, 47.5054066 ] } },
{ "type": "Feature", "properties": { "id": 3461490527.0, "osm_type": "node", "category": "iskola", "name": "Vajda Péter Ének-zenei Általános és Sport Iskola", "amenity": "school", "shop": "", "leisure": "", "railway": "", "amenity_type": null }, "geometry": { "type": "Point", "coordinates": [ 19.0978676, 47.4835109 ] } },
{ "type": "Feature", "properties": { "id": 3475517697.0, "osm_type": "node", "category": "elelmiszer_bolt", "name": "Somfa Büfé", "amenity": "", "shop": "convenience", "leisure": "", "railway": "", "amenity_type": null }, "geometry": { "type": "Point", "coordinates": [ 19.1168564, 47.4712675 ] } },
{ "type": "Feature", "properties": { "id": 3478486175.0, "osm_type": "node", "category": "gyogyszertar", "name": "Börzsöny Gyógyszertár", "amenity": "pharmacy", "shop": "", "leisure": "", "railway": "", "amenity_type": null }, "geometry": { "type": "Point", "coordinates": [ 19.1123027, 47.4616928 ] } },
{ "type": "Feature", "properties": { "id": 3478506033.0, "osm_type": "node", "category": "gyogyszertar", "name": "Pirula Gyógyszertár", "amenity": "pharmacy", "shop": "", "leisure": "", "railway": "", "amenity_type": null }, "geometry": { "type": "Point", "coordinates": [ 19.1141642, 47.4658561 ] } },
{ "type": "Feature", "properties": { "id": 3478523290.0, "osm_type": "node", "category": "elelmiszer_bolt", "name": "Slin Market", "amenity": "", "shop": "convenience", "leisure": "", "railway": "", "amenity_type": null }, "geometry": { "type": "Point", "coordinates": [ 19.1180158, 47.4659486 ] } },
{ "type": "Feature", "properties": { "id": 3478524065.0, "osm_type": "node", "category": "elelmiszer_bolt", "name": "Diabetikus élelmiszerek boltja", "amenity": "", "shop": "convenience", "leisure": "", "railway": "", "amenity_type": null }, "geometry": { "type": "Point", "coordinates": [ 19.1119621, 47.4702186 ] } },
{ "type": "Feature", "properties": { "id": 3478525182.0, "osm_type": "node", "category": "orvos_egeszsegugy", "name": "Rendelőintézet", "amenity": "doctors", "shop": "", "leisure": "", "railway": "", "amenity_type": null }, "geometry": { "type": "Point", "coordinates": [ 19.1167766, 47.46611 ] } },
{ "type": "Feature", "properties": { "id": 3478525952.0, "osm_type": "node", "category": "ovoda", "name": "Pöttyös bölcsőde", "amenity": "kindergarten", "shop": "", "leisure": "", "railway": "", "amenity_type": null }, "geometry": { "type": "Point", "coordinates": [ 19.1165138, 47.4657528 ] } },
{ "type": "Feature", "properties": { "id": 3480635398.0, "osm_type": "node", "category": "ovoda", "name": "Fecsegő-tipegő bölcsőde", "amenity": "kindergarten", "shop": "", "leisure": "", "railway": "", "amenity_type": null }, "geometry": { "type": "Point", "coordinates": [ 19.1061044, 47.4994669 ] } },
{ "type": "Feature", "properties": { "id": 3500495655.0, "osm_type": "node", "category": "elelmiszer_bolt", "name": "H+H élelmiszer háztartási diszkont", "amenity": "", "shop": "convenience", "leisure": "", "railway": "", "amenity_type": null }, "geometry": { "type": "Point", "coordinates": [ 19.1357946, 47.4524411 ] } },
{ "type": "Feature", "properties": { "id": 3500664413.0, "osm_type": "node", "category": "orvos_egeszsegugy", "name": "Háziorvosi rendelő", "amenity": "doctors", "shop": "", "leisure": "", "railway": "", "amenity_type": null }, "geometry": { "type": "Point", "coordinates": [ 19.1140739, 47.5059201 ] } },
{ "type": "Feature", "properties": { "id": 3507503169.0, "osm_type": "node", "category": "ovoda", "name": "Zöld Lurkók Óvoda", "amenity": "kindergarten", "shop": "", "leisure": "", "railway": "", "amenity_type": null }, "geometry": { "type": "Point", "coordinates": [ 19.1463559, 47.5086482 ] } },
{ "type": "Feature", "properties": { "id": 3647454793.0, "osm_type": "node", "category": "ovoda", "name": "Gyöngyike Bölcsőde, Óvoda", "amenity": "kindergarten", "shop": "", "leisure": "", "railway": "", "amenity_type": null }, "geometry": { "type": "Point", "coordinates": [ 19.1173391, 47.4898098 ] } },
{ "type": "Feature", "properties": { "id": 3792315301.0, "osm_type": "node", "category": "gyogyszertar", "name": "Benu", "amenity": "pharmacy", "shop": "", "leisure": "", "railway": "", "amenity_type": null }, "geometry": { "type": "Point", "coordinates": [ 19.1378925, 47.5044216 ] } },
{ "type": "Feature", "properties": { "id": 3805872529.0, "osm_type": "node", "category": "gyogyszertar", "name": "Vízöntő Patika", "amenity": "pharmacy", "shop": "", "leisure": "", "railway": "", "amenity_type": null }, "geometry": { "type": "Point", "coordinates": [ 19.1458374, 47.506972 ] } },
{ "type": "Feature", "properties": { "id": 3822711776.0, "osm_type": "node", "category": "elelmiszer_bolt", "name": "Spar", "amenity": "", "shop": "supermarket", "leisure": "", "railway": "", "amenity_type": null }, "geometry": { "type": "Point", "coordinates": [ 19.1279505, 47.4840814 ] } },
{ "type": "Feature", "properties": { "id": 3864875632.0, "osm_type": "node", "category": "elelmiszer_bolt", "name": "Dodó ABC", "amenity": "", "shop": "convenience", "leisure": "", "railway": "", "amenity_type": null }, "geometry": { "type": "Point", "coordinates": [ 19.1314843, 47.4816806 ] } },
{ "type": "Feature", "properties": { "id": 3864923590.0, "osm_type": "node", "category": "gyogyszertar", "name": "Liget Gyógyszertár", "amenity": "pharmacy", "shop": "", "leisure": "", "railway": "", "amenity_type": null }, "geometry": { "type": "Point", "coordinates": [ 19.1296071, 47.4831384 ] } },
{ "type": "Feature", "properties": { "id": 4349494007.0, "osm_type": "node", "category": "iskola", "name": "Kispesti Bolyai János Általános Iskola", "amenity": "school", "shop": "", "leisure": "", "railway": "", "amenity_type": null }, "geometry": { "type": "Point", "coordinates": [ 19.1487387, 47.4526199 ] } },
{ "type": "Feature", "properties": { "id": 4541392371.0, "osm_type": "node", "category": "elelmiszer_bolt", "name": "Reál", "amenity": "", "shop": "convenience", "leisure": "", "railway": "", "amenity_type": null }, "geometry": { "type": "Point", "coordinates": [ 19.151248, 47.4543658 ] } },
{ "type": "Feature", "properties": { "id": 4553695594.0, "osm_type": "node", "category": "elelmiszer_bolt", "name": "Lakóház", "amenity": "", "shop": "convenience", "leisure": "", "railway": "", "amenity_type": null }, "geometry": { "type": "Point", "coordinates": [ 19.1390231, 47.477266 ] } },
{ "type": "Feature", "properties": { "id": 4553960443.0, "osm_type": "node", "category": "elelmiszer_bolt", "name": "Orczy Kisbolt", "amenity": "", "shop": "convenience", "leisure": "", "railway": "", "amenity_type": null }, "geometry": { "type": "Point", "coordinates": [ 19.0904032, 47.4898677 ] } },
{ "type": "Feature", "properties": { "id": 4736685621.0, "osm_type": "node", "category": "gyogyszertar", "name": "Gyogyszertar", "amenity": "pharmacy", "shop": "", "leisure": "", "railway": "", "amenity_type": null }, "geometry": { "type": "Point", "coordinates": [ 19.1074536, 47.5036008 ] } },
{ "type": "Feature", "properties": { "id": 4759193387.0, "osm_type": "node", "category": "elelmiszer_bolt", "name": "Pi-víz és gyógynövény biobolt", "amenity": "", "shop": "supermarket", "leisure": "", "railway": "", "amenity_type": null }, "geometry": { "type": "Point", "coordinates": [ 19.1289715, 47.4874661 ] } },
{ "type": "Feature", "properties": { "id": 4846529433.0, "osm_type": "node", "category": "elelmiszer_bolt", "name": "Elelmiszer_bolt", "amenity": "", "shop": "convenience", "leisure": "", "railway": "", "amenity_type": null }, "geometry": { "type": "Point", "coordinates": [ 19.1217219, 47.5039833 ] } },
{ "type": "Feature", "properties": { "id": 4857694121.0, "osm_type": "node", "category": "elelmiszer_bolt", "name": "Idevár ABC", "amenity": "", "shop": "convenience", "leisure": "", "railway": "", "amenity_type": null }, "geometry": { "type": "Point", "coordinates": [ 19.1528851, 47.4808676 ] } },
{ "type": "Feature", "properties": { "id": 4857694323.0, "osm_type": "node", "category": "elelmiszer_bolt", "name": "Zöldség-Gyümölcs Vegyesbolt", "amenity": "", "shop": "convenience", "leisure": "", "railway": "", "amenity_type": null }, "geometry": { "type": "Point", "coordinates": [ 19.1649232, 47.4767398 ] } },
{ "type": "Feature", "properties": { "id": 4887748621.0, "osm_type": "node", "category": "ovoda", "name": "Cseperedő Óvoda", "amenity": "kindergarten", "shop": "", "leisure": "", "railway": "", "amenity_type": null }, "geometry": { "type": "Point", "coordinates": [ 19.1737112, 47.4478749 ] } },
{ "type": "Feature", "properties": { "id": 4892914726.0, "osm_type": "node", "category": "elelmiszer_bolt", "name": "Dunapanda", "amenity": "", "shop": "supermarket", "leisure": "", "railway": "", "amenity_type": null }, "geometry": { "type": "Point", "coordinates": [ 19.1253578, 47.4803761 ] } },
{ "type": "Feature", "properties": { "id": 4933471257.0, "osm_type": "node", "category": "elelmiszer_bolt", "name": "CBA", "amenity": "", "shop": "convenience", "leisure": "", "railway": "", "amenity_type": null }, "geometry": { "type": "Point", "coordinates": [ 19.1135994, 47.4490957 ] } },
{ "type": "Feature", "properties": { "id": 4933473897.0, "osm_type": "node", "category": "elelmiszer_bolt", "name": "Ciprus ABC", "amenity": "", "shop": "convenience", "leisure": "", "railway": "", "amenity_type": null }, "geometry": { "type": "Point", "coordinates": [ 19.1055143, 47.4932913 ] } },
{ "type": "Feature", "properties": { "id": 4933474515.0, "osm_type": "node", "category": "elelmiszer_bolt", "name": "2 Filléres Bolt", "amenity": "", "shop": "convenience", "leisure": "", "railway": "", "amenity_type": null }, "geometry": { "type": "Point", "coordinates": [ 19.147235, 47.449648 ] } },
{ "type": "Feature", "properties": { "id": 4933474626.0, "osm_type": "node", "category": "elelmiszer_bolt", "name": "Tinódi Csemege", "amenity": "", "shop": "convenience", "leisure": "", "railway": "", "amenity_type": null }, "geometry": { "type": "Point", "coordinates": [ 19.1684565, 47.4516426 ] } },
{ "type": "Feature", "properties": { "id": 4933474682.0, "osm_type": "node", "category": "elelmiszer_bolt", "name": "Lizamba Abc", "amenity": "", "shop": "convenience", "leisure": "", "railway": "", "amenity_type": null }, "geometry": { "type": "Point", "coordinates": [ 19.1431473, 47.5019256 ] } },
{ "type": "Feature", "properties": { "id": 4933474683.0, "osm_type": "node", "category": "elelmiszer_bolt", "name": "Kicsi-Rácz Bt.", "amenity": "", "shop": "convenience", "leisure": "", "railway": "", "amenity_type": null }, "geometry": { "type": "Point", "coordinates": [ 19.1464797, 47.5022728 ] } },
{ "type": "Feature", "properties": { "id": 4939170522.0, "osm_type": "node", "category": "elelmiszer_bolt", "name": "Hangya ABC", "amenity": "", "shop": "convenience", "leisure": "", "railway": "", "amenity_type": null }, "geometry": { "type": "Point", "coordinates": [ 19.1613803, 47.4707411 ] } },
{ "type": "Feature", "properties": { "id": 4939176191.0, "osm_type": "node", "category": "elelmiszer_bolt", "name": "Ady Csemege", "amenity": "", "shop": "convenience", "leisure": "", "railway": "", "amenity_type": null }, "geometry": { "type": "Point", "coordinates": [ 19.1418666, 47.4533898 ] } },
{ "type": "Feature", "properties": { "id": 4939178306.0, "osm_type": "node", "category": "elelmiszer_bolt", "name": "Elelmiszer_bolt", "amenity": "", "shop": "convenience", "leisure": "", "railway": "", "amenity_type": null }, "geometry": { "type": "Point", "coordinates": [ 19.1845247, 47.4427127 ] } },
{ "type": "Feature", "properties": { "id": 5022045169.0, "osm_type": "node", "category": "elelmiszer_bolt", "name": "Reál Élelmiszer", "amenity": "", "shop": "convenience", "leisure": "", "railway": "", "amenity_type": null }, "geometry": { "type": "Point", "coordinates": [ 19.0983259, 47.5082111 ] } },
{ "type": "Feature", "properties": { "id": 5036559239.0, "osm_type": "node", "category": "gyogyszertar", "name": "Pillangó Patika", "amenity": "pharmacy", "shop": "", "leisure": "", "railway": "", "amenity_type": null }, "geometry": { "type": "Point", "coordinates": [ 19.117127, 47.5045945 ] } },
{ "type": "Feature", "properties": { "id": 5043250122.0, "osm_type": "node", "category": "elelmiszer_bolt", "name": "Gergely ABC", "amenity": "", "shop": "convenience", "leisure": "", "railway": "", "amenity_type": null }, "geometry": { "type": "Point", "coordinates": [ 19.1389642, 47.477342 ] } },
{ "type": "Feature", "properties": { "id": 5048402367.0, "osm_type": "node", "category": "elelmiszer_bolt", "name": "Príma", "amenity": "", "shop": "convenience", "leisure": "", "railway": "", "amenity_type": null }, "geometry": { "type": "Point", "coordinates": [ 19.1258535, 47.5072638 ] } },
{ "type": "Feature", "properties": { "id": 5217774766.0, "osm_type": "node", "category": "metroallomas", "name": "Kőbánya-Kispest", "amenity": "", "shop": "", "leisure": "", "railway": "station", "amenity_type": null }, "geometry": { "type": "Point", "coordinates": [ 19.1480153, 47.4637172 ] } },
{ "type": "Feature", "properties": { "id": 5217774767.0, "osm_type": "node", "category": "metroallomas", "name": "Határ út", "amenity": "", "shop": "", "leisure": "", "railway": "station", "amenity_type": null }, "geometry": { "type": "Point", "coordinates": [ 19.1259189, 47.4658802 ] } },
{ "type": "Feature", "properties": { "id": 5217774768.0, "osm_type": "node", "category": "metroallomas", "name": "Pöttyös utca", "amenity": "", "shop": "", "leisure": "", "railway": "station", "amenity_type": null }, "geometry": { "type": "Point", "coordinates": [ 19.1180315, 47.4681934 ] } },
{ "type": "Feature", "properties": { "id": 5217774769.0, "osm_type": "node", "category": "metroallomas", "name": "Ecseri út", "amenity": "", "shop": "", "leisure": "", "railway": "station", "amenity_type": null }, "geometry": { "type": "Point", "coordinates": [ 19.1107643, 47.4708589 ] } },
{ "type": "Feature", "properties": { "id": 5217774770.0, "osm_type": "node", "category": "metroallomas", "name": "Népliget", "amenity": "", "shop": "", "leisure": "", "railway": "station", "amenity_type": null }, "geometry": { "type": "Point", "coordinates": [ 19.0999512, 47.4752959 ] } },
{ "type": "Feature", "properties": { "id": 5217774771.0, "osm_type": "node", "category": "metroallomas", "name": "Nagyvárad tér", "amenity": "", "shop": "", "leisure": "", "railway": "station", "amenity_type": null }, "geometry": { "type": "Point", "coordinates": [ 19.0903997, 47.4787383 ] } },
{ "type": "Feature", "properties": { "id": 5217774790.0, "osm_type": "node", "category": "metroallomas", "name": "Örs vezér tere", "amenity": "", "shop": "", "leisure": "", "railway": "station", "amenity_type": null }, "geometry": { "type": "Point", "coordinates": [ 19.1350725, 47.502803 ] } },
{ "type": "Feature", "properties": { "id": 5217774791.0, "osm_type": "node", "category": "metroallomas", "name": "Pillangó utca", "amenity": "", "shop": "", "leisure": "", "railway": "station", "amenity_type": null }, "geometry": { "type": "Point", "coordinates": [ 19.1198882, 47.5011832 ] } },
{ "type": "Feature", "properties": { "id": 5217774792.0, "osm_type": "node", "category": "metroallomas", "name": "Puskás Ferenc Stadion", "amenity": "", "shop": "", "leisure": "", "railway": "station", "amenity_type": null }, "geometry": { "type": "Point", "coordinates": [ 19.1059888, 47.5002664 ] } },
{ "type": "Feature", "properties": { "id": 5219868426.0, "osm_type": "node", "category": "elelmiszer_bolt", "name": "Nádor ABC", "amenity": "", "shop": "convenience", "leisure": "", "railway": "", "amenity_type": null }, "geometry": { "type": "Point", "coordinates": [ 19.1103074, 47.4510291 ] } },
{ "type": "Feature", "properties": { "id": 5346798550.0, "osm_type": "node", "category": "elelmiszer_bolt", "name": "R+E Csemege", "amenity": "", "shop": "convenience", "leisure": "", "railway": "", "amenity_type": null }, "geometry": { "type": "Point", "coordinates": [ 19.1226573, 47.4834732 ] } },
{ "type": "Feature", "properties": { "id": 5354527482.0, "osm_type": "node", "category": "elelmiszer_bolt", "name": "Óhegy Diszkont", "amenity": "", "shop": "convenience", "leisure": "", "railway": "", "amenity_type": null }, "geometry": { "type": "Point", "coordinates": [ 19.1456522, 47.4768435 ] } },
{ "type": "Feature", "properties": { "id": 5383448093.0, "osm_type": "node", "category": "elelmiszer_bolt", "name": "Eurocent", "amenity": "", "shop": "convenience", "leisure": "", "railway": "", "amenity_type": null }, "geometry": { "type": "Point", "coordinates": [ 19.1480135, 47.462605 ] } },
{ "type": "Feature", "properties": { "id": 5383448101.0, "osm_type": "node", "category": "gyogyszertar", "name": "KÖKI Gyógyszertár", "amenity": "pharmacy", "shop": "", "leisure": "", "railway": "", "amenity_type": null }, "geometry": { "type": "Point", "coordinates": [ 19.1492121, 47.4634353 ] } },
{ "type": "Feature", "properties": { "id": 5383448108.0, "osm_type": "node", "category": "gyogyszertar", "name": "Benu", "amenity": "pharmacy", "shop": "", "leisure": "", "railway": "", "amenity_type": null }, "geometry": { "type": "Point", "coordinates": [ 19.1478129, 47.4623266 ] } },
{ "type": "Feature", "properties": { "id": 5383449038.0, "osm_type": "node", "category": "elelmiszer_bolt", "name": "Delikátesz Csemege", "amenity": "", "shop": "convenience", "leisure": "", "railway": "", "amenity_type": null }, "geometry": { "type": "Point", "coordinates": [ 19.149102, 47.4631756 ] } },
{ "type": "Feature", "properties": { "id": 5440081550.0, "osm_type": "node", "category": "elelmiszer_bolt", "name": "Spar Express", "amenity": "", "shop": "convenience", "leisure": "", "railway": "", "amenity_type": null }, "geometry": { "type": "Point", "coordinates": [ 19.1092758, 47.4723918 ] } },
{ "type": "Feature", "properties": { "id": 5471257932.0, "osm_type": "node", "category": "iskola", "name": "Szervátiusz Jenő Általános Iskola", "amenity": "school", "shop": "", "leisure": "", "railway": "", "amenity_type": null }, "geometry": { "type": "Point", "coordinates": [ 19.1216768, 47.4839799 ] } },
{ "type": "Feature", "properties": { "id": 5518413913.0, "osm_type": "node", "category": "elelmiszer_bolt", "name": "Bulkshop", "amenity": "", "shop": "convenience", "leisure": "", "railway": "", "amenity_type": null }, "geometry": { "type": "Point", "coordinates": [ 19.1532722, 47.4546346 ] } },
{ "type": "Feature", "properties": { "id": 5649961175.0, "osm_type": "node", "category": "orvos_egeszsegugy", "name": "Szülészeti-nőgyógyászati osztály", "amenity": "clinic", "shop": "", "leisure": "", "railway": "", "amenity_type": null }, "geometry": { "type": "Point", "coordinates": [ 19.1610991, 47.478563 ] } },
{ "type": "Feature", "properties": { "id": 5650165057.0, "osm_type": "node", "category": "elelmiszer_bolt", "name": "Vegyesbolt", "amenity": "", "shop": "convenience", "leisure": "", "railway": "", "amenity_type": null }, "geometry": { "type": "Point", "coordinates": [ 19.1603137, 47.4690769 ] } },
{ "type": "Feature", "properties": { "id": 6007218828.0, "osm_type": "node", "category": "iskola", "name": "Keresztury Dezső Általános Iskola", "amenity": "school", "shop": "", "leisure": "", "railway": "", "amenity_type": null }, "geometry": { "type": "Point", "coordinates": [ 19.1525615, 47.5020647 ] } },
{ "type": "Feature", "properties": { "id": 6288740428.0, "osm_type": "node", "category": "gyogyszertar", "name": "Paracelsus Gyógyszertár", "amenity": "pharmacy", "shop": "", "leisure": "", "railway": "", "amenity_type": null }, "geometry": { "type": "Point", "coordinates": [ 19.0922816, 47.4755663 ] } },
{ "type": "Feature", "properties": { "id": 6341966543.0, "osm_type": "node", "category": "gyogyszertar", "name": "Nagyicce Patika", "amenity": "pharmacy", "shop": "", "leisure": "", "railway": "", "amenity_type": null }, "geometry": { "type": "Point", "coordinates": [ 19.1704414, 47.5072276 ] } },
{ "type": "Feature", "properties": { "id": 6341966550.0, "osm_type": "node", "category": "elelmiszer_bolt", "name": "Coop", "amenity": "", "shop": "convenience", "leisure": "", "railway": "", "amenity_type": null }, "geometry": { "type": "Point", "coordinates": [ 19.161946, 47.5044305 ] } },
{ "type": "Feature", "properties": { "id": 6347682952.0, "osm_type": "node", "category": "gyogyszertar", "name": "Elefánt Patika", "amenity": "pharmacy", "shop": "", "leisure": "", "railway": "", "amenity_type": null }, "geometry": { "type": "Point", "coordinates": [ 19.1251186, 47.4840084 ] } },
{ "type": "Feature", "properties": { "id": 6354235829.0, "osm_type": "node", "category": "elelmiszer_bolt", "name": "Elelmiszer_bolt", "amenity": "", "shop": "convenience", "leisure": "", "railway": "", "amenity_type": null }, "geometry": { "type": "Point", "coordinates": [ 19.1476826, 47.4508886 ] } },
{ "type": "Feature", "properties": { "id": 6354421717.0, "osm_type": "node", "category": "gyogyszertar", "name": "Benu", "amenity": "pharmacy", "shop": "", "leisure": "", "railway": "", "amenity_type": null }, "geometry": { "type": "Point", "coordinates": [ 19.130326, 47.4846988 ] } },
{ "type": "Feature", "properties": { "id": 6407374805.0, "osm_type": "node", "category": "vasutallomas", "name": "Örs vezér tere", "amenity": "", "shop": "", "leisure": "", "railway": "station", "amenity_type": null }, "geometry": { "type": "Point", "coordinates": [ 19.1378431, 47.5036889 ] } },
{ "type": "Feature", "properties": { "id": 6607085789.0, "osm_type": "node", "category": "vasutallomas", "name": "Nagyicce", "amenity": "", "shop": "", "leisure": "", "railway": "station", "amenity_type": null }, "geometry": { "type": "Point", "coordinates": [ 19.1673747, 47.5069494 ] } },
{ "type": "Feature", "properties": { "id": 6607085794.0, "osm_type": "node", "category": "vasutallomas", "name": "Sashalom", "amenity": "", "shop": "", "leisure": "", "railway": "halt", "amenity_type": null }, "geometry": { "type": "Point", "coordinates": [ 19.1785978, 47.5089361 ] } },
{ "type": "Feature", "properties": { "id": 6607085796.0, "osm_type": "node", "category": "vasutallomas", "name": "Rákosfalva", "amenity": "", "shop": "", "leisure": "", "railway": "halt", "amenity_type": null }, "geometry": { "type": "Point", "coordinates": [ 19.1511947, 47.5050407 ] } },
{ "type": "Feature", "properties": { "id": 6681547536.0, "osm_type": "node", "category": "elelmiszer_bolt", "name": "Panka ABC", "amenity": "", "shop": "convenience", "leisure": "", "railway": "", "amenity_type": null }, "geometry": { "type": "Point", "coordinates": [ 19.1298602, 47.4853887 ] } },
{ "type": "Feature", "properties": { "id": 6681547537.0, "osm_type": "node", "category": "elelmiszer_bolt", "name": "Csücsök Kenyér-pékáru Vegyeskereskedés", "amenity": "", "shop": "convenience", "leisure": "", "railway": "", "amenity_type": null }, "geometry": { "type": "Point", "coordinates": [ 19.1297412, 47.4850469 ] } },
{ "type": "Feature", "properties": { "id": 6681547539.0, "osm_type": "node", "category": "elelmiszer_bolt", "name": "ABC Élelmiszerüzlet", "amenity": "", "shop": "convenience", "leisure": "", "railway": "", "amenity_type": null }, "geometry": { "type": "Point", "coordinates": [ 19.1309306, 47.4850799 ] } },
{ "type": "Feature", "properties": { "id": 6694680311.0, "osm_type": "node", "category": "vasutallomas", "name": "Kőbánya felső", "amenity": "", "shop": "", "leisure": "", "railway": "station", "amenity_type": null }, "geometry": { "type": "Point", "coordinates": [ 19.1338628, 47.4918176 ] } },
{ "type": "Feature", "properties": { "id": 6712170720.0, "osm_type": "node", "category": "vasutallomas", "name": "Rákos", "amenity": "", "shop": "", "leisure": "", "railway": "station", "amenity_type": null }, "geometry": { "type": "Point", "coordinates": [ 19.1735409, 47.4888164 ] } },
{ "type": "Feature", "properties": { "id": 6837290546.0, "osm_type": "node", "category": "elelmiszer_bolt", "name": "Gusti", "amenity": "", "shop": "convenience", "leisure": "", "railway": "", "amenity_type": null }, "geometry": { "type": "Point", "coordinates": [ 19.10569, 47.4628454 ] } },
{ "type": "Feature", "properties": { "id": 6899011061.0, "osm_type": "node", "category": "ovoda", "name": "Napsugár Óvoda", "amenity": "kindergarten", "shop": "", "leisure": "", "railway": "", "amenity_type": null }, "geometry": { "type": "Point", "coordinates": [ 19.1480662, 47.505842 ] } },
{ "type": "Feature", "properties": { "id": 6911277909.0, "osm_type": "node", "category": "elelmiszer_bolt", "name": "Stop Élelmiszer", "amenity": "", "shop": "convenience", "leisure": "", "railway": "", "amenity_type": null }, "geometry": { "type": "Point", "coordinates": [ 19.1279821, 47.4848103 ] } },
{ "type": "Feature", "properties": { "id": 6920427177.0, "osm_type": "node", "category": "elelmiszer_bolt", "name": "ZoLina kisközért", "amenity": "", "shop": "convenience", "leisure": "", "railway": "", "amenity_type": null }, "geometry": { "type": "Point", "coordinates": [ 19.1192442, 47.4545096 ] } },
{ "type": "Feature", "properties": { "id": 7203134288.0, "osm_type": "node", "category": "gyogyszertar", "name": "Sashalom Patika", "amenity": "pharmacy", "shop": "", "leisure": "", "railway": "", "amenity_type": null }, "geometry": { "type": "Point", "coordinates": [ 19.1787976, 47.5092205 ] } },
{ "type": "Feature", "properties": { "id": 7340670204.0, "osm_type": "node", "category": "elelmiszer_bolt", "name": "Farm Tojás Mintabolt", "amenity": "", "shop": "convenience", "leisure": "", "railway": "", "amenity_type": null }, "geometry": { "type": "Point", "coordinates": [ 19.1420291, 47.5041573 ] } },
{ "type": "Feature", "properties": { "id": 7341036213.0, "osm_type": "node", "category": "egyeb", "name": "Vegyes Élelmiszer", "amenity": "", "shop": "convenience;lottery", "leisure": "", "railway": "", "amenity_type": null }, "geometry": { "type": "Point", "coordinates": [ 19.129547, 47.5041484 ] } },
{ "type": "Feature", "properties": { "id": 7341519797.0, "osm_type": "node", "category": "egyeb", "name": "Autós-motoros iskola", "amenity": "driving_school", "shop": "", "leisure": "", "railway": "", "amenity_type": null }, "geometry": { "type": "Point", "coordinates": [ 19.1150277, 47.5011661 ] } },
{ "type": "Feature", "properties": { "id": 7342662401.0, "osm_type": "node", "category": "gyogyszertar", "name": "Adria Patika Gyógyszertár", "amenity": "pharmacy", "shop": "", "leisure": "", "railway": "", "amenity_type": null }, "geometry": { "type": "Point", "coordinates": [ 19.1262118, 47.5069253 ] } },
{ "type": "Feature", "properties": { "id": 7354146750.0, "osm_type": "node", "category": "gyogyszertar", "name": "Albatros Patika", "amenity": "pharmacy", "shop": "", "leisure": "", "railway": "", "amenity_type": null }, "geometry": { "type": "Point", "coordinates": [ 19.1075948, 47.4404092 ] } },
{ "type": "Feature", "properties": { "id": 7354184858.0, "osm_type": "node", "category": "gyogyszertar", "name": "Benu", "amenity": "pharmacy", "shop": "", "leisure": "", "railway": "", "amenity_type": null }, "geometry": { "type": "Point", "coordinates": [ 19.1102906, 47.4417728 ] } },
{ "type": "Feature", "properties": { "id": 7439684599.0, "osm_type": "node", "category": "egyeb", "name": "Gitársuli Zuglóban", "amenity": "music_school", "shop": "", "leisure": "", "railway": "", "amenity_type": null }, "geometry": { "type": "Point", "coordinates": [ 19.1479315, 47.5071059 ] } },
{ "type": "Feature", "properties": { "id": 7542475404.0, "osm_type": "node", "category": "elelmiszer_bolt", "name": "Delikátesz", "amenity": "", "shop": "convenience", "leisure": "", "railway": "", "amenity_type": null }, "geometry": { "type": "Point", "coordinates": [ 19.1004349, 47.4682435 ] } },
{ "type": "Feature", "properties": { "id": 7803498819.0, "osm_type": "node", "category": "elelmiszer_bolt", "name": "Maxi kuckó", "amenity": "", "shop": "convenience", "leisure": "", "railway": "", "amenity_type": null }, "geometry": { "type": "Point", "coordinates": [ 19.1260261, 47.4525493 ] } },
{ "type": "Feature", "properties": { "id": 8104941296.0, "osm_type": "node", "category": "ovoda", "name": "Apró csodák Bölcsőde", "amenity": "kindergarten", "shop": "", "leisure": "", "railway": "", "amenity_type": null }, "geometry": { "type": "Point", "coordinates": [ 19.1365952, 47.4878681 ] } },
{ "type": "Feature", "properties": { "id": 8113052741.0, "osm_type": "node", "category": "elelmiszer_bolt", "name": "Élelmiszer bolt", "amenity": "", "shop": "convenience", "leisure": "", "railway": "", "amenity_type": null }, "geometry": { "type": "Point", "coordinates": [ 19.1521815, 47.4777714 ] } },
{ "type": "Feature", "properties": { "id": 8205507168.0, "osm_type": "node", "category": "elelmiszer_bolt", "name": "Despar", "amenity": "", "shop": "convenience", "leisure": "", "railway": "", "amenity_type": null }, "geometry": { "type": "Point", "coordinates": [ 19.1122744, 47.5055954 ] } },
{ "type": "Feature", "properties": { "id": 8233943448.0, "osm_type": "node", "category": "elelmiszer_bolt", "name": "Kitkat ABC", "amenity": "", "shop": "convenience", "leisure": "", "railway": "", "amenity_type": null }, "geometry": { "type": "Point", "coordinates": [ 19.1320615, 47.479817 ] } },
{ "type": "Feature", "properties": { "id": 8286745537.0, "osm_type": "node", "category": "elelmiszer_bolt", "name": "Elelmiszer_bolt", "amenity": "", "shop": "convenience", "leisure": "", "railway": "", "amenity_type": null }, "geometry": { "type": "Point", "coordinates": [ 19.1287867, 47.5093447 ] } },
{ "type": "Feature", "properties": { "id": 8374707197.0, "osm_type": "node", "category": "iskola", "name": "Gyermekház Iskola", "amenity": "school", "shop": "", "leisure": "", "railway": "", "amenity_type": null }, "geometry": { "type": "Point", "coordinates": [ 19.0903608, 47.5061736 ] } },
{ "type": "Feature", "properties": { "id": 8388835004.0, "osm_type": "node", "category": "vasutallomas", "name": "Kőbánya alsó", "amenity": "", "shop": "", "leisure": "", "railway": "halt", "amenity_type": null }, "geometry": { "type": "Point", "coordinates": [ 19.1271483, 47.4831425 ] } },
{ "type": "Feature", "properties": { "id": 8388835005.0, "osm_type": "node", "category": "vasutallomas", "name": "Kispest", "amenity": "", "shop": "", "leisure": "", "railway": "station", "amenity_type": null }, "geometry": { "type": "Point", "coordinates": [ 19.1569765, 47.4475166 ] } },
{ "type": "Feature", "properties": { "id": 8406757171.0, "osm_type": "node", "category": "vasutallomas", "name": "Pestszentlőrinc", "amenity": "", "shop": "", "leisure": "", "railway": "station", "amenity_type": null }, "geometry": { "type": "Point", "coordinates": [ 19.1827618, 47.4548436 ] } },
{ "type": "Feature", "properties": { "id": 8639677124.0, "osm_type": "node", "category": "elelmiszer_bolt", "name": "Aldi", "amenity": "", "shop": "supermarket", "leisure": "", "railway": "", "amenity_type": null }, "geometry": { "type": "Point", "coordinates": [ 19.0930662, 47.486962 ] } },
{ "type": "Feature", "properties": { "id": 8904508339.0, "osm_type": "node", "category": "orvos_egeszsegugy", "name": "Orvosi Rendelő", "amenity": "doctors", "shop": "", "leisure": "", "railway": "", "amenity_type": null }, "geometry": { "type": "Point", "coordinates": [ 19.1123093, 47.4619083 ] } },
{ "type": "Feature", "properties": { "id": 8914326251.0, "osm_type": "node", "category": "egyeb", "name": "Helen Doron Gyereknyelviskola", "amenity": "language_school", "shop": "", "leisure": "", "railway": "", "amenity_type": null }, "geometry": { "type": "Point", "coordinates": [ 19.1825314, 47.4424483 ] } },
{ "type": "Feature", "properties": { "id": 9160822640.0, "osm_type": "node", "category": "orvos_egeszsegugy", "name": "Munkaorvos Kft.", "amenity": "doctors", "shop": "", "leisure": "", "railway": "", "amenity_type": null }, "geometry": { "type": "Point", "coordinates": [ 19.116117, 47.5018726 ] } },
{ "type": "Feature", "properties": { "id": 9160822661.0, "osm_type": "node", "category": "egyeb", "name": "Don't Panic English", "amenity": "language_school", "shop": "", "leisure": "", "railway": "", "amenity_type": null }, "geometry": { "type": "Point", "coordinates": [ 19.1149512, 47.5016278 ] } },
{ "type": "Feature", "properties": { "id": 9267143497.0, "osm_type": "node", "category": "elelmiszer_bolt", "name": "Egressy Mini ABC", "amenity": "", "shop": "convenience", "leisure": "", "railway": "", "amenity_type": null }, "geometry": { "type": "Point", "coordinates": [ 19.1020716, 47.5056749 ] } },
{ "type": "Feature", "properties": { "id": 9483069313.0, "osm_type": "node", "category": "vasutallomas", "name": "Kőbánya-Kispest", "amenity": "", "shop": "", "leisure": "", "railway": "station", "amenity_type": null }, "geometry": { "type": "Point", "coordinates": [ 19.149674, 47.4636485 ] } },
{ "type": "Feature", "properties": { "id": 9515705166.0, "osm_type": "node", "category": "elelmiszer_bolt", "name": "Spar", "amenity": "", "shop": "supermarket", "leisure": "", "railway": "", "amenity_type": null }, "geometry": { "type": "Point", "coordinates": [ 19.1084787, 47.5008608 ] } },
{ "type": "Feature", "properties": { "id": 9549048879.0, "osm_type": "node", "category": "orvos_egeszsegugy", "name": "ZERO Medical", "amenity": "clinic", "shop": "", "leisure": "", "railway": "", "amenity_type": null }, "geometry": { "type": "Point", "coordinates": [ 19.1398097, 47.4608687 ] } },
{ "type": "Feature", "properties": { "id": 9666880629.0, "osm_type": "node", "category": "gyogyszertar", "name": "Borostyán Gyógyszertár", "amenity": "pharmacy", "shop": "", "leisure": "", "railway": "", "amenity_type": null }, "geometry": { "type": "Point", "coordinates": [ 19.1624737, 47.4785675 ] } },
{ "type": "Feature", "properties": { "id": 9729363879.0, "osm_type": "node", "category": "elelmiszer_bolt", "name": "Orion Vegyes Diszkont", "amenity": "", "shop": "convenience", "leisure": "", "railway": "", "amenity_type": null }, "geometry": { "type": "Point", "coordinates": [ 19.1207509, 47.4904261 ] } },
{ "type": "Feature", "properties": { "id": 9739588295.0, "osm_type": "node", "category": "elelmiszer_bolt", "name": "MS Vegyesbolt", "amenity": "", "shop": "convenience", "leisure": "", "railway": "", "amenity_type": null }, "geometry": { "type": "Point", "coordinates": [ 19.1256223, 47.4540618 ] } },
{ "type": "Feature", "properties": { "id": 10001438876.0, "osm_type": "node", "category": "elelmiszer_bolt", "name": "Elelmiszer_bolt", "amenity": "", "shop": "convenience", "leisure": "", "railway": "", "amenity_type": null }, "geometry": { "type": "Point", "coordinates": [ 19.1236612, 47.5057706 ] } },
{ "type": "Feature", "properties": { "id": 10087584882.0, "osm_type": "node", "category": "elelmiszer_bolt", "name": "Utópia Delikát", "amenity": "", "shop": "convenience", "leisure": "", "railway": "", "amenity_type": null }, "geometry": { "type": "Point", "coordinates": [ 19.1272826, 47.4550067 ] } },
{ "type": "Feature", "properties": { "id": 10250593463.0, "osm_type": "node", "category": "elelmiszer_bolt", "name": "Spar Express", "amenity": "", "shop": "convenience", "leisure": "", "railway": "", "amenity_type": null }, "geometry": { "type": "Point", "coordinates": [ 19.0941774, 47.4423827 ] } },
{ "type": "Feature", "properties": { "id": 10687064610.0, "osm_type": "node", "category": "elelmiszer_bolt", "name": "Spar Express", "amenity": "", "shop": "convenience", "leisure": "", "railway": "", "amenity_type": null }, "geometry": { "type": "Point", "coordinates": [ 19.1507759, 47.504319 ] } },
{ "type": "Feature", "properties": { "id": 10810705806.0, "osm_type": "node", "category": "elelmiszer_bolt", "name": "Magor biobolt", "amenity": "", "shop": "supermarket", "leisure": "", "railway": "", "amenity_type": null }, "geometry": { "type": "Point", "coordinates": [ 19.1123672, 47.4420681 ] } },
{ "type": "Feature", "properties": { "id": 10852779466.0, "osm_type": "node", "category": "egyeb", "name": "Pati Autósiskola", "amenity": "driving_school", "shop": "", "leisure": "", "railway": "", "amenity_type": null }, "geometry": { "type": "Point", "coordinates": [ 19.1143937, 47.506792 ] } },
{ "type": "Feature", "properties": { "id": 10929232425.0, "osm_type": "node", "category": "iskola", "name": "Janikovszky Éva Általános Iskola", "amenity": "school", "shop": "", "leisure": "", "railway": "", "amenity_type": null }, "geometry": { "type": "Point", "coordinates": [ 19.1390487, 47.4816966 ] } },
{ "type": "Feature", "properties": { "id": 10979475676.0, "osm_type": "node", "category": "orvos_egeszsegugy", "name": "Bihari Brigi Lábmentő", "amenity": "doctors", "shop": "", "leisure": "", "railway": "", "amenity_type": null }, "geometry": { "type": "Point", "coordinates": [ 19.1790818, 47.4902559 ] } },
{ "type": "Feature", "properties": { "id": 11042621960.0, "osm_type": "node", "category": "elelmiszer_bolt", "name": "95 élelmiszer", "amenity": "", "shop": "convenience", "leisure": "", "railway": "", "amenity_type": null }, "geometry": { "type": "Point", "coordinates": [ 19.1133348, 47.4544841 ] } },
{ "type": "Feature", "properties": { "id": 11135113473.0, "osm_type": "node", "category": "elelmiszer_bolt", "name": "Szuper Diszkont", "amenity": "", "shop": "convenience", "leisure": "", "railway": "", "amenity_type": null }, "geometry": { "type": "Point", "coordinates": [ 19.122435, 47.4870227 ] } },
{ "type": "Feature", "properties": { "id": 11142036005.0, "osm_type": "node", "category": "ovoda", "name": "Budapesti Montessori Óvoda", "amenity": "kindergarten", "shop": "", "leisure": "", "railway": "", "amenity_type": null }, "geometry": { "type": "Point", "coordinates": [ 19.1279672, 47.5046659 ] } },
{ "type": "Feature", "properties": { "id": 11177635118.0, "osm_type": "node", "category": "iskola", "name": "Jerikó Keresztény Humán Gimnázium", "amenity": "school", "shop": "", "leisure": "", "railway": "", "amenity_type": null }, "geometry": { "type": "Point", "coordinates": [ 19.0928647, 47.4825015 ] } },
{ "type": "Feature", "properties": { "id": 11178187564.0, "osm_type": "node", "category": "ovoda", "name": "Mesevilág Magánóvoda", "amenity": "kindergarten", "shop": "", "leisure": "", "railway": "", "amenity_type": null }, "geometry": { "type": "Point", "coordinates": [ 19.1680429, 47.5020483 ] } },
{ "type": "Feature", "properties": { "id": 11256622790.0, "osm_type": "node", "category": "elelmiszer_bolt", "name": "Spar Express", "amenity": "", "shop": "convenience", "leisure": "", "railway": "", "amenity_type": null }, "geometry": { "type": "Point", "coordinates": [ 19.1203694, 47.5049354 ] } },
{ "type": "Feature", "properties": { "id": 11309908885.0, "osm_type": "node", "category": "gyogyszertar", "name": "Fidencia Gyógyszertár", "amenity": "pharmacy", "shop": "", "leisure": "", "railway": "", "amenity_type": null }, "geometry": { "type": "Point", "coordinates": [ 19.1326406, 47.460183 ] } },
{ "type": "Feature", "properties": { "id": 11350896085.0, "osm_type": "node", "category": "elelmiszer_bolt", "name": "Park ABC", "amenity": "", "shop": "convenience", "leisure": "", "railway": "", "amenity_type": null }, "geometry": { "type": "Point", "coordinates": [ 19.1005049, 47.4643502 ] } },
{ "type": "Feature", "properties": { "id": 11409081745.0, "osm_type": "node", "category": "elelmiszer_bolt", "name": "Spar Express", "amenity": "", "shop": "convenience", "leisure": "", "railway": "", "amenity_type": null }, "geometry": { "type": "Point", "coordinates": [ 19.1078667, 47.4716338 ] } },
{ "type": "Feature", "properties": { "id": 11462180869.0, "osm_type": "node", "category": "gyogyszertar", "name": "Szent László Patika", "amenity": "pharmacy", "shop": "", "leisure": "", "railway": "", "amenity_type": null }, "geometry": { "type": "Point", "coordinates": [ 19.1133465, 47.4846754 ] } },
{ "type": "Feature", "properties": { "id": 11553439943.0, "osm_type": "node", "category": "elelmiszer_bolt", "name": "SYZÉ Kft. Élelmiszerbolt, Fornetti", "amenity": "", "shop": "convenience", "leisure": "", "railway": "", "amenity_type": null }, "geometry": { "type": "Point", "coordinates": [ 19.1135663, 47.4846444 ] } },
{ "type": "Feature", "properties": { "id": 11629799251.0, "osm_type": "node", "category": "orvos_egeszsegugy", "name": "Affidea", "amenity": "clinic", "shop": "", "leisure": "", "railway": "", "amenity_type": null }, "geometry": { "type": "Point", "coordinates": [ 19.141284, 47.502359 ] } },
{ "type": "Feature", "properties": { "id": 11676070546.0, "osm_type": "node", "category": "orvos_egeszsegugy", "name": "Synlab", "amenity": "doctors", "shop": "", "leisure": "", "railway": "", "amenity_type": null }, "geometry": { "type": "Point", "coordinates": [ 19.1387522, 47.5041057 ] } },
{ "type": "Feature", "properties": { "id": 11676070549.0, "osm_type": "node", "category": "orvos_egeszsegugy", "name": "Synlab", "amenity": "doctors", "shop": "", "leisure": "", "railway": "", "amenity_type": null }, "geometry": { "type": "Point", "coordinates": [ 19.1370383, 47.5029261 ] } },
{ "type": "Feature", "properties": { "id": 11892428710.0, "osm_type": "node", "category": "elelmiszer_bolt", "name": "Élelmiszer vegyesdiszkont", "amenity": "", "shop": "convenience", "leisure": "", "railway": "", "amenity_type": null }, "geometry": { "type": "Point", "coordinates": [ 19.1315957, 47.4831645 ] } },
{ "type": "Feature", "properties": { "id": 11971376063.0, "osm_type": "node", "category": "gyogyszertar", "name": "Campus Gyógyszertár", "amenity": "pharmacy", "shop": "", "leisure": "", "railway": "", "amenity_type": null }, "geometry": { "type": "Point", "coordinates": [ 19.1079098, 47.4967979 ] } },
{ "type": "Feature", "properties": { "id": 11994850366.0, "osm_type": "node", "category": "elelmiszer_bolt", "name": "Elelmiszer_bolt", "amenity": "", "shop": "convenience", "leisure": "", "railway": "", "amenity_type": null }, "geometry": { "type": "Point", "coordinates": [ 19.1087995, 47.5004607 ] } },
{ "type": "Feature", "properties": { "id": 12132322373.0, "osm_type": "node", "category": "ovoda", "name": "Kőbányai Gézengúz Óvoda", "amenity": "kindergarten", "shop": "", "leisure": "", "railway": "", "amenity_type": null }, "geometry": { "type": "Point", "coordinates": [ 19.1201819, 47.4689373 ] } },
{ "type": "Feature", "properties": { "id": 12146798159.0, "osm_type": "node", "category": "elelmiszer_bolt", "name": "Füredi ABC", "amenity": "", "shop": "convenience", "leisure": "", "railway": "", "amenity_type": null }, "geometry": { "type": "Point", "coordinates": [ 19.1414031, 47.5066325 ] } },
{ "type": "Feature", "properties": { "id": 12188204210.0, "osm_type": "node", "category": "egyeb", "name": "Taylor Diamond Dance Studio", "amenity": "dancing_school", "shop": "", "leisure": "", "railway": "", "amenity_type": null }, "geometry": { "type": "Point", "coordinates": [ 19.1683985, 47.5065265 ] } },
{ "type": "Feature", "properties": { "id": 12227938703.0, "osm_type": "node", "category": "elelmiszer_bolt", "name": "168 Supermarket", "amenity": "", "shop": "supermarket", "leisure": "", "railway": "", "amenity_type": null }, "geometry": { "type": "Point", "coordinates": [ 19.0994222, 47.485619 ] } },
{ "type": "Feature", "properties": { "id": 12409001405.0, "osm_type": "node", "category": "gyogyszertar", "name": "Benu", "amenity": "pharmacy", "shop": "", "leisure": "", "railway": "", "amenity_type": null }, "geometry": { "type": "Point", "coordinates": [ 19.0930765, 47.4986892 ] } },
{ "type": "Feature", "properties": { "id": 12495919629.0, "osm_type": "node", "category": "elelmiszer_bolt", "name": "Mini élelmiszer", "amenity": "", "shop": "convenience", "leisure": "", "railway": "", "amenity_type": null }, "geometry": { "type": "Point", "coordinates": [ 19.1711228, 47.5073484 ] } },
{ "type": "Feature", "properties": { "id": 12536202332.0, "osm_type": "node", "category": "gyogyszertar", "name": "Gyogyszertar", "amenity": "pharmacy", "shop": "", "leisure": "", "railway": "", "amenity_type": null }, "geometry": { "type": "Point", "coordinates": [ 19.1849575, 47.4418486 ] } },
{ "type": "Feature", "properties": { "id": 12536244285.0, "osm_type": "node", "category": "gyogyszertar", "name": "Benu", "amenity": "pharmacy", "shop": "", "leisure": "", "railway": "", "amenity_type": null }, "geometry": { "type": "Point", "coordinates": [ 19.1810814, 47.4430262 ] } },
{ "type": "Feature", "properties": { "id": 12579524502.0, "osm_type": "node", "category": "orvos_egeszsegugy", "name": "Orvosi ügyelet", "amenity": "doctors", "shop": "", "leisure": "", "railway": "", "amenity_type": null }, "geometry": { "type": "Point", "coordinates": [ 19.1630409, 47.4791559 ] } },
{ "type": "Feature", "properties": { "id": 12615346905.0, "osm_type": "node", "category": "elelmiszer_bolt", "name": "Spar", "amenity": "", "shop": "supermarket", "leisure": "", "railway": "", "amenity_type": null }, "geometry": { "type": "Point", "coordinates": [ 19.137231, 47.5028988 ] } },
{ "type": "Feature", "properties": { "id": 12770572550.0, "osm_type": "node", "category": "elelmiszer_bolt", "name": "Uni Market", "amenity": "", "shop": "convenience", "leisure": "", "railway": "", "amenity_type": null }, "geometry": { "type": "Point", "coordinates": [ 19.1648807, 47.4778565 ] } },
{ "type": "Feature", "properties": { "id": 12862026601.0, "osm_type": "node", "category": "orvos_egeszsegugy", "name": "Krama Egészségközpont", "amenity": "doctors", "shop": "", "leisure": "", "railway": "", "amenity_type": null }, "geometry": { "type": "Point", "coordinates": [ 19.0942411, 47.5076445 ] } },
{ "type": "Feature", "properties": { "id": 12880908058.0, "osm_type": "node", "category": "orvos_egeszsegugy", "name": "Felnőtt háziorvosi rendelő", "amenity": "doctors", "shop": "", "leisure": "", "railway": "", "amenity_type": null }, "geometry": { "type": "Point", "coordinates": [ 19.1460819, 47.5038989 ] } },
{ "type": "Feature", "properties": { "id": 12880908059.0, "osm_type": "node", "category": "orvos_egeszsegugy", "name": "Gyermek háziorvosi rendelő", "amenity": "doctors", "shop": "", "leisure": "", "railway": "", "amenity_type": null }, "geometry": { "type": "Point", "coordinates": [ 19.1463751, 47.5039284 ] } },
{ "type": "Feature", "properties": { "id": 12884174108.0, "osm_type": "node", "category": "egyeb", "name": "HoliVet Állatpatika és Petshop", "amenity": "veterinary_pharmacy", "shop": "", "leisure": "", "railway": "", "amenity_type": null }, "geometry": { "type": "Point", "coordinates": [ 19.1045193, 47.5033917 ] } },
{ "type": "Feature", "properties": { "id": 12960093172.0, "osm_type": "node", "category": "elelmiszer_bolt", "name": "Big Supermarket", "amenity": "", "shop": "convenience", "leisure": "", "railway": "", "amenity_type": null }, "geometry": { "type": "Point", "coordinates": [ 19.1359056, 47.4811937 ] } },
{ "type": "Feature", "properties": { "id": 12963989451.0, "osm_type": "node", "category": "elelmiszer_bolt", "name": "Elelmiszer_bolt", "amenity": "", "shop": "convenience", "leisure": "", "railway": "", "amenity_type": null }, "geometry": { "type": "Point", "coordinates": [ 19.1283513, 47.5095987 ] } },
{ "type": "Feature", "properties": { "id": 12980862284.0, "osm_type": "node", "category": "egyeb", "name": "Dance City Center", "amenity": "dancing_school", "shop": "", "leisure": "", "railway": "", "amenity_type": null }, "geometry": { "type": "Point", "coordinates": [ 19.1739944, 47.4454996 ] } },
{ "type": "Feature", "properties": { "id": 13181283434.0, "osm_type": "node", "category": "gyogyszertar", "name": "Aranykehely Patika", "amenity": "pharmacy", "shop": "", "leisure": "", "railway": "", "amenity_type": null }, "geometry": { "type": "Point", "coordinates": [ 19.1025674, 47.4409453 ] } },
{ "type": "Feature", "properties": { "id": 13277347936.0, "osm_type": "node", "category": "elelmiszer_bolt", "name": "IKEA Swedish Food Market", "amenity": "", "shop": "convenience", "leisure": "", "railway": "", "amenity_type": null }, "geometry": { "type": "Point", "coordinates": [ 19.1391416, 47.5054015 ] } },
{ "type": "Feature", "properties": { "id": 13340471174.0, "osm_type": "node", "category": "gyogyszertar", "name": "Pingvin Patika", "amenity": "pharmacy", "shop": "", "leisure": "", "railway": "", "amenity_type": null }, "geometry": { "type": "Point", "coordinates": [ 19.1409452, 47.5031606 ] } },
{ "type": "Feature", "properties": { "id": 13391608755.0, "osm_type": "node", "category": "orvos_egeszsegugy", "name": "Medicare", "amenity": "clinic", "shop": "", "leisure": "", "railway": "", "amenity_type": null }, "geometry": { "type": "Point", "coordinates": [ 19.1067807, 47.4997826 ] } },
{ "type": "Feature", "properties": { "id": 13408572760.0, "osm_type": "node", "category": "egyeb", "name": "Shetland UK Nyelviskola", "amenity": "language_school", "shop": "", "leisure": "", "railway": "", "amenity_type": null }, "geometry": { "type": "Point", "coordinates": [ 19.1305092, 47.4593617 ] } },
{ "type": "Feature", "properties": { "id": 13415570152.0, "osm_type": "node", "category": "orvos_egeszsegugy", "name": "Felnőtt háziorvosi rendelők", "amenity": "doctors", "shop": "", "leisure": "", "railway": "", "amenity_type": null }, "geometry": { "type": "Point", "coordinates": [ 19.1239239, 47.4598125 ] } },
{ "type": "Feature", "properties": { "id": 13514344373.0, "osm_type": "node", "category": "elelmiszer_bolt", "name": "Mini Market", "amenity": "", "shop": "convenience", "leisure": "", "railway": "", "amenity_type": null }, "geometry": { "type": "Point", "coordinates": [ 19.0985486, 47.4745472 ] } },
{ "type": "Feature", "properties": { "id": 13514357804.0, "osm_type": "node", "category": "elelmiszer_bolt", "name": "1minute", "amenity": "", "shop": "convenience", "leisure": "", "railway": "", "amenity_type": null }, "geometry": { "type": "Point", "coordinates": [ 19.0987684, 47.4748502 ] } },
{ "type": "Feature", "properties": { "id": 13514357815.0, "osm_type": "node", "category": "elelmiszer_bolt", "name": "Elelmiszer_bolt", "amenity": "", "shop": "convenience", "leisure": "", "railway": "", "amenity_type": null }, "geometry": { "type": "Point", "coordinates": [ 19.0987472, 47.4747104 ] } },
{ "type": "Feature", "properties": { "id": 13541583545.0, "osm_type": "node", "category": "elelmiszer_bolt", "name": "May May", "amenity": "", "shop": "convenience", "leisure": "", "railway": "", "amenity_type": null }, "geometry": { "type": "Point", "coordinates": [ 19.1360363, 47.5025021 ] } },
{ "type": "Feature", "properties": { "id": 13541583546.0, "osm_type": "node", "category": "elelmiszer_bolt", "name": "Bian Market", "amenity": "", "shop": "convenience", "leisure": "", "railway": "", "amenity_type": null }, "geometry": { "type": "Point", "coordinates": [ 19.1360907, 47.5023816 ] } },
{ "type": "Feature", "properties": { "id": 13612192187.0, "osm_type": "node", "category": "gyogyszertar", "name": "Liliom gyógyszertár", "amenity": "pharmacy", "shop": "", "leisure": "", "railway": "", "amenity_type": null }, "geometry": { "type": "Point", "coordinates": [ 19.1427424, 47.4596035 ] } },
{ "type": "Feature", "properties": { "id": 13634798681.0, "osm_type": "node", "category": "elelmiszer_bolt", "name": "Viola ABC", "amenity": "", "shop": "convenience", "leisure": "", "railway": "", "amenity_type": null }, "geometry": { "type": "Point", "coordinates": [ 19.1505959, 47.4472963 ] } },
{ "type": "Feature", "properties": { "id": 13683327642.0, "osm_type": "node", "category": "elelmiszer_bolt", "name": "Market Point", "amenity": "", "shop": "convenience", "leisure": "", "railway": "", "amenity_type": null }, "geometry": { "type": "Point", "coordinates": [ 19.107455, 47.5007269 ] } },
{ "type": "Feature", "properties": { "id": 13728636536.0, "osm_type": "node", "category": "ovoda", "name": "Ferencvárosi Epres Óvoda", "amenity": "kindergarten", "shop": "", "leisure": "", "railway": "", "amenity_type": null }, "geometry": { "type": "Point", "coordinates": [ 19.1102052, 47.4665021 ] } },
{ "type": "Feature", "properties": { "id": 13742541628.0, "osm_type": "node", "category": "elelmiszer_bolt", "name": "Barni ABC", "amenity": "", "shop": "convenience", "leisure": "", "railway": "", "amenity_type": null }, "geometry": { "type": "Point", "coordinates": [ 19.1307019, 47.4487738 ] } },
{ "type": "Feature", "properties": { "id": 13798504042.0, "osm_type": "node", "category": "elelmiszer_bolt", "name": "Despar", "amenity": "", "shop": "convenience", "leisure": "", "railway": "", "amenity_type": null }, "geometry": { "type": "Point", "coordinates": [ 19.1456416, 47.469296 ] } },
{ "type": "Feature", "properties": { "id": 13805348467.0, "osm_type": "node", "category": "orvos_egeszsegugy", "name": "Mediq", "amenity": "doctors", "shop": "", "leisure": "", "railway": "", "amenity_type": null }, "geometry": { "type": "Point", "coordinates": [ 19.1326499, 47.4605596 ] } },
{ "type": "Feature", "properties": { "id": 13887366536.0, "osm_type": "node", "category": "egyeb", "name": "Egyeb", "amenity": "", "shop": "", "leisure": "", "railway": "train_station_entrance", "amenity_type": null }, "geometry": { "type": "Point", "coordinates": [ 19.1269247, 47.4830331 ] } },
{ "type": "Feature", "properties": { "id": 13887366546.0, "osm_type": "node", "category": "egyeb", "name": "Egyeb", "amenity": "", "shop": "", "leisure": "", "railway": "train_station_entrance", "amenity_type": null }, "geometry": { "type": "Point", "coordinates": [ 19.1273071, 47.4831578 ] } },
{ "type": "Feature", "properties": { "id": 13935237545.0, "osm_type": "node", "category": "elelmiszer_bolt", "name": "Prémium élelmiszer", "amenity": "", "shop": "convenience", "leisure": "", "railway": "", "amenity_type": null }, "geometry": { "type": "Point", "coordinates": [ 19.1416908, 47.4561948 ] } },
{ "type": "Feature", "properties": { "id": 14006190565.0, "osm_type": "node", "category": "elelmiszer_bolt", "name": "Reál Pont", "amenity": "", "shop": "convenience", "leisure": "", "railway": "", "amenity_type": null }, "geometry": { "type": "Point", "coordinates": [ 19.1467571, 47.4558417 ] } },
{ "type": "Feature", "properties": { "id": 14128842004.0, "osm_type": "node", "category": "elelmiszer_bolt", "name": "Közért", "amenity": "", "shop": "convenience", "leisure": "", "railway": "", "amenity_type": null }, "geometry": { "type": "Point", "coordinates": [ 19.115466, 47.4696246 ] } },
{ "type": "Feature", "properties": { "id": 14162843318.0, "osm_type": "node", "category": "orvos_egeszsegugy", "name": "Formatio", "amenity": "doctors", "shop": "", "leisure": "", "railway": "", "amenity_type": null }, "geometry": { "type": "Point", "coordinates": [ 19.1819165, 47.5011692 ] } },
{ "type": "Feature", "properties": { "id": 14209164271.0, "osm_type": "node", "category": "orvos_egeszsegugy", "name": "Gyermek Mentálhigiéne Szakrendelő", "amenity": "doctors", "shop": "", "leisure": "", "railway": "", "amenity_type": null }, "geometry": { "type": "Point", "coordinates": [ 19.1381896, 47.4573178 ] } },
{ "type": "Feature", "properties": { "id": 14209164272.0, "osm_type": "node", "category": "orvos_egeszsegugy", "name": "Pszichiátriai és Addiktológiai Szakrendelő és Gondozó", "amenity": "doctors", "shop": "", "leisure": "", "railway": "", "amenity_type": null }, "geometry": { "type": "Point", "coordinates": [ 19.1383168, 47.4574048 ] } },
{ "type": "Feature", "properties": { "id": null, "osm_type": null, "category": "park_zoldterulet", "name": "Játszótér", "amenity": null, "shop": null, "leisure": null, "railway": null, "amenity_type": "leisure:park" }, "geometry": { "type": "Point", "coordinates": [ 19.1155483, 47.4852832 ] } },
{ "type": "Feature", "properties": { "id": null, "osm_type": null, "category": "park_zoldterulet", "name": "Tátra tér", "amenity": null, "shop": null, "leisure": null, "railway": null, "amenity_type": "leisure:park" }, "geometry": { "type": "Point", "coordinates": [ 19.1140627, 47.4405584 ] } },
{ "type": "Feature", "properties": { "id": null, "osm_type": null, "category": "park_zoldterulet", "name": "Szent Erzsébet tér", "amenity": null, "shop": null, "leisure": null, "railway": null, "amenity_type": "leisure:park" }, "geometry": { "type": "Point", "coordinates": [ 19.1066402, 47.439844 ] } },
{ "type": "Feature", "properties": { "id": null, "osm_type": null, "category": "park_zoldterulet", "name": "Csajkovszkij park", "amenity": null, "shop": null, "leisure": null, "railway": null, "amenity_type": "leisure:park" }, "geometry": { "type": "Point", "coordinates": [ 19.1359538, 47.4823108 ] } },
{ "type": "Feature", "properties": { "id": null, "osm_type": null, "category": "park_zoldterulet", "name": "Névtelen zöldfelület / park", "amenity": null, "shop": null, "leisure": null, "railway": null, "amenity_type": "leisure:park" }, "geometry": { "type": "Point", "coordinates": [ 19.1246308, 47.4669725 ] } },
{ "type": "Feature", "properties": { "id": null, "osm_type": null, "category": "park_zoldterulet", "name": "Kossuth tér", "amenity": null, "shop": null, "leisure": null, "railway": null, "amenity_type": "leisure:park" }, "geometry": { "type": "Point", "coordinates": [ 19.1447196, 47.4579339 ] } },
{ "type": "Feature", "properties": { "id": null, "osm_type": null, "category": "park_zoldterulet", "name": "Magyarok Nagyasszonya tér", "amenity": null, "shop": null, "leisure": null, "railway": null, "amenity_type": "leisure:park" }, "geometry": { "type": "Point", "coordinates": [ 19.0959503, 47.479113 ] } },
{ "type": "Feature", "properties": { "id": null, "osm_type": null, "category": "park_zoldterulet", "name": "Óhegy park", "amenity": null, "shop": null, "leisure": null, "railway": null, "amenity_type": "leisure:park" }, "geometry": { "type": "Point", "coordinates": [ 19.144948, 47.4804405 ] } },
{ "type": "Feature", "properties": { "id": null, "osm_type": null, "category": "park_zoldterulet", "name": "Dausz Gyula park", "amenity": null, "shop": null, "leisure": null, "railway": null, "amenity_type": "leisure:park" }, "geometry": { "type": "Point", "coordinates": [ 19.1416468, 47.4810773 ] } },
{ "type": "Feature", "properties": { "id": null, "osm_type": null, "category": "park_zoldterulet", "name": "Dromosz", "amenity": null, "shop": null, "leisure": null, "railway": null, "amenity_type": "leisure:park" }, "geometry": { "type": "Point", "coordinates": [ 19.1019164, 47.5028372 ] } },
{ "type": "Feature", "properties": { "id": null, "osm_type": null, "category": "park_zoldterulet", "name": "Budapest-Pestszentlőrinc-Erzsébettelep (Szent Erzsébet) Római Katolikus Plébánia", "amenity": null, "shop": null, "leisure": null, "railway": null, "amenity_type": "leisure:park" }, "geometry": { "type": "Point", "coordinates": [ 19.1840937, 47.4614404 ] } },
{ "type": "Feature", "properties": { "id": null, "osm_type": null, "category": "park_zoldterulet", "name": "Névtelen zöldfelület / park", "amenity": null, "shop": null, "leisure": null, "railway": null, "amenity_type": "leisure:park" }, "geometry": { "type": "Point", "coordinates": [ 19.0907878, 47.4889567 ] } },
{ "type": "Feature", "properties": { "id": null, "osm_type": null, "category": "park_zoldterulet", "name": "Kossuth Lajos tér", "amenity": null, "shop": null, "leisure": null, "railway": null, "amenity_type": "leisure:park" }, "geometry": { "type": "Point", "coordinates": [ 19.1794192, 47.4438756 ] } },
{ "type": "Feature", "properties": { "id": null, "osm_type": null, "category": "park_zoldterulet", "name": "Névtelen zöldfelület / park", "amenity": null, "shop": null, "leisure": null, "railway": null, "amenity_type": "leisure:park" }, "geometry": { "type": "Point", "coordinates": [ 19.1321691, 47.4867857 ] } },
{ "type": "Feature", "properties": { "id": null, "osm_type": null, "category": "park_zoldterulet", "name": "Névtelen zöldfelület / park", "amenity": null, "shop": null, "leisure": null, "railway": null, "amenity_type": "leisure:park" }, "geometry": { "type": "Point", "coordinates": [ 19.1861521, 47.456304 ] } },
{ "type": "Feature", "properties": { "id": null, "osm_type": null, "category": "park_zoldterulet", "name": "Névtelen zöldfelület / park", "amenity": null, "shop": null, "leisure": null, "railway": null, "amenity_type": "leisure:park" }, "geometry": { "type": "Point", "coordinates": [ 19.1814075, 47.4595631 ] } },
{ "type": "Feature", "properties": { "id": null, "osm_type": null, "category": "park_zoldterulet", "name": "Erdélyi emlékkert", "amenity": null, "shop": null, "leisure": null, "railway": null, "amenity_type": "leisure:park" }, "geometry": { "type": "Point", "coordinates": [ 19.1495653, 47.4977487 ] } },
{ "type": "Feature", "properties": { "id": null, "osm_type": null, "category": "park_zoldterulet", "name": "Névtelen zöldfelület / park", "amenity": null, "shop": null, "leisure": null, "railway": null, "amenity_type": "leisure:park" }, "geometry": { "type": "Point", "coordinates": [ 19.09006, 47.499133 ] } },
{ "type": "Feature", "properties": { "id": null, "osm_type": null, "category": "park_zoldterulet", "name": "Névtelen zöldfelület / park", "amenity": null, "shop": null, "leisure": null, "railway": null, "amenity_type": "leisure:park" }, "geometry": { "type": "Point", "coordinates": [ 19.0939013, 47.4991272 ] } },
{ "type": "Feature", "properties": { "id": null, "osm_type": null, "category": "park_zoldterulet", "name": "Névtelen zöldfelület / park", "amenity": null, "shop": null, "leisure": null, "railway": null, "amenity_type": "leisure:park" }, "geometry": { "type": "Point", "coordinates": [ 19.0992509, 47.5100791 ] } },
{ "type": "Feature", "properties": { "id": null, "osm_type": null, "category": "park_zoldterulet", "name": "Névtelen zöldfelület / park", "amenity": null, "shop": null, "leisure": null, "railway": null, "amenity_type": "leisure:park" }, "geometry": { "type": "Point", "coordinates": [ 19.1416361, 47.5006939 ] } },
{ "type": "Feature", "properties": { "id": null, "osm_type": null, "category": "park_zoldterulet", "name": "Névtelen zöldfelület / park", "amenity": null, "shop": null, "leisure": null, "railway": null, "amenity_type": "leisure:park" }, "geometry": { "type": "Point", "coordinates": [ 19.1434032, 47.5002869 ] } },
{ "type": "Feature", "properties": { "id": null, "osm_type": null, "category": "park_zoldterulet", "name": "Névtelen zöldfelület / park", "amenity": null, "shop": null, "leisure": null, "railway": null, "amenity_type": "leisure:park" }, "geometry": { "type": "Point", "coordinates": [ 19.1421316, 47.500131 ] } },
{ "type": "Feature", "properties": { "id": null, "osm_type": null, "category": "park_zoldterulet", "name": "Névtelen zöldfelület / park", "amenity": null, "shop": null, "leisure": null, "railway": null, "amenity_type": "leisure:park" }, "geometry": { "type": "Point", "coordinates": [ 19.1382979, 47.5003718 ] } },
{ "type": "Feature", "properties": { "id": null, "osm_type": null, "category": "park_zoldterulet", "name": "Almavirág tér", "amenity": null, "shop": null, "leisure": null, "railway": null, "amenity_type": "leisure:park" }, "geometry": { "type": "Point", "coordinates": [ 19.1295537, 47.4530956 ] } },
{ "type": "Feature", "properties": { "id": null, "osm_type": null, "category": "park_zoldterulet", "name": "Szondi tér", "amenity": null, "shop": null, "leisure": null, "railway": null, "amenity_type": "leisure:park" }, "geometry": { "type": "Point", "coordinates": [ 19.1225126, 47.458116 ] } },
{ "type": "Feature", "properties": { "id": null, "osm_type": null, "category": "park_zoldterulet", "name": "Bárczy István tér", "amenity": null, "shop": null, "leisure": null, "railway": null, "amenity_type": "leisure:park" }, "geometry": { "type": "Point", "coordinates": [ 19.1307001, 47.4553389 ] } },
{ "type": "Feature", "properties": { "id": null, "osm_type": null, "category": "park_zoldterulet", "name": "Győri Ottmár tér", "amenity": null, "shop": null, "leisure": null, "railway": null, "amenity_type": "leisure:park" }, "geometry": { "type": "Point", "coordinates": [ 19.1257416, 47.4588238 ] } },
{ "type": "Feature", "properties": { "id": null, "osm_type": null, "category": "park_zoldterulet", "name": "Névtelen zöldfelület / park", "amenity": null, "shop": null, "leisure": null, "railway": null, "amenity_type": "leisure:park" }, "geometry": { "type": "Point", "coordinates": [ 19.1284227, 47.4538859 ] } },
{ "type": "Feature", "properties": { "id": null, "osm_type": null, "category": "park_zoldterulet", "name": "Névtelen zöldfelület / park", "amenity": null, "shop": null, "leisure": null, "railway": null, "amenity_type": "leisure:park" }, "geometry": { "type": "Point", "coordinates": [ 19.1237804, 47.4488404 ] } },
{ "type": "Feature", "properties": { "id": null, "osm_type": null, "category": "park_zoldterulet", "name": "Névtelen zöldfelület / park", "amenity": null, "shop": null, "leisure": null, "railway": null, "amenity_type": "leisure:park" }, "geometry": { "type": "Point", "coordinates": [ 19.12451, 47.4510626 ] } },
{ "type": "Feature", "properties": { "id": null, "osm_type": null, "category": "park_zoldterulet", "name": "Névtelen zöldfelület / park", "amenity": null, "shop": null, "leisure": null, "railway": null, "amenity_type": "leisure:park" }, "geometry": { "type": "Point", "coordinates": [ 19.1367034, 47.4586513 ] } },
{ "type": "Feature", "properties": { "id": null, "osm_type": null, "category": "park_zoldterulet", "name": "Névtelen zöldfelület / park", "amenity": null, "shop": null, "leisure": null, "railway": null, "amenity_type": "leisure:park" }, "geometry": { "type": "Point", "coordinates": [ 19.134236, 47.460503 ] } },
{ "type": "Feature", "properties": { "id": null, "osm_type": null, "category": "park_zoldterulet", "name": "Golgota tér", "amenity": null, "shop": null, "leisure": null, "railway": null, "amenity_type": "leisure:park" }, "geometry": { "type": "Point", "coordinates": [ 19.09518, 47.4854013 ] } },
{ "type": "Feature", "properties": { "id": null, "osm_type": null, "category": "park_zoldterulet", "name": "Névtelen zöldfelület / park", "amenity": null, "shop": null, "leisure": null, "railway": null, "amenity_type": "leisure:park" }, "geometry": { "type": "Point", "coordinates": [ 19.1522186, 47.4690006 ] } },
{ "type": "Feature", "properties": { "id": null, "osm_type": null, "category": "park_zoldterulet", "name": "Rusz-Bazsant park", "amenity": null, "shop": null, "leisure": null, "railway": null, "amenity_type": "leisure:park" }, "geometry": { "type": "Point", "coordinates": [ 19.1410482, 47.454128 ] } },
{ "type": "Feature", "properties": { "id": null, "osm_type": null, "category": "park_zoldterulet", "name": "Névtelen zöldfelület / park", "amenity": null, "shop": null, "leisure": null, "railway": null, "amenity_type": "leisure:park" }, "geometry": { "type": "Point", "coordinates": [ 19.1401376, 47.4728221 ] } },
{ "type": "Feature", "properties": { "id": null, "osm_type": null, "category": "park_zoldterulet", "name": "Névtelen zöldfelület / park", "amenity": null, "shop": null, "leisure": null, "railway": null, "amenity_type": "leisure:park" }, "geometry": { "type": "Point", "coordinates": [ 19.1403941, 47.4705912 ] } },
{ "type": "Feature", "properties": { "id": null, "osm_type": null, "category": "park_zoldterulet", "name": "Névtelen zöldfelület / park", "amenity": null, "shop": null, "leisure": null, "railway": null, "amenity_type": "leisure:park" }, "geometry": { "type": "Point", "coordinates": [ 19.1155922, 47.4701575 ] } },
{ "type": "Feature", "properties": { "id": null, "osm_type": null, "category": "park_zoldterulet", "name": "Névtelen zöldfelület / park", "amenity": null, "shop": null, "leisure": null, "railway": null, "amenity_type": "leisure:park" }, "geometry": { "type": "Point", "coordinates": [ 19.1178009, 47.469549 ] } },
{ "type": "Feature", "properties": { "id": null, "osm_type": null, "category": "park_zoldterulet", "name": "Névtelen zöldfelület / park", "amenity": null, "shop": null, "leisure": null, "railway": null, "amenity_type": "leisure:park" }, "geometry": { "type": "Point", "coordinates": [ 19.1217081, 47.4681075 ] } },
{ "type": "Feature", "properties": { "id": null, "osm_type": null, "category": "park_zoldterulet", "name": "Névtelen zöldfelület / park", "amenity": null, "shop": null, "leisure": null, "railway": null, "amenity_type": "leisure:park" }, "geometry": { "type": "Point", "coordinates": [ 19.1193015, 47.4683016 ] } },
{ "type": "Feature", "properties": { "id": null, "osm_type": null, "category": "park_zoldterulet", "name": "Névtelen zöldfelület / park", "amenity": null, "shop": null, "leisure": null, "railway": null, "amenity_type": "leisure:park" }, "geometry": { "type": "Point", "coordinates": [ 19.0906958, 47.4780204 ] } },
{ "type": "Feature", "properties": { "id": null, "osm_type": null, "category": "park_zoldterulet", "name": "Kékvirág park", "amenity": null, "shop": null, "leisure": null, "railway": null, "amenity_type": "leisure:park" }, "geometry": { "type": "Point", "coordinates": [ 19.1158201, 47.4723021 ] } },
{ "type": "Feature", "properties": { "id": null, "osm_type": null, "category": "park_zoldterulet", "name": "Névtelen zöldfelület / park", "amenity": null, "shop": null, "leisure": null, "railway": null, "amenity_type": "leisure:park" }, "geometry": { "type": "Point", "coordinates": [ 19.11368, 47.472194 ] } },
{ "type": "Feature", "properties": { "id": null, "osm_type": null, "category": "park_zoldterulet", "name": "Névtelen zöldfelület / park", "amenity": null, "shop": null, "leisure": null, "railway": null, "amenity_type": "leisure:park" }, "geometry": { "type": "Point", "coordinates": [ 19.1323003, 47.4697276 ] } },
{ "type": "Feature", "properties": { "id": null, "osm_type": null, "category": "park_zoldterulet", "name": "Névtelen zöldfelület / park", "amenity": null, "shop": null, "leisure": null, "railway": null, "amenity_type": "leisure:park" }, "geometry": { "type": "Point", "coordinates": [ 19.1213332, 47.4695231 ] } },
{ "type": "Feature", "properties": { "id": null, "osm_type": null, "category": "park_zoldterulet", "name": "Névtelen zöldfelület / park", "amenity": null, "shop": null, "leisure": null, "railway": null, "amenity_type": "leisure:park" }, "geometry": { "type": "Point", "coordinates": [ 19.1181287, 47.4680931 ] } },
{ "type": "Feature", "properties": { "id": null, "osm_type": null, "category": "park_zoldterulet", "name": "Névtelen zöldfelület / park", "amenity": null, "shop": null, "leisure": null, "railway": null, "amenity_type": "leisure:park" }, "geometry": { "type": "Point", "coordinates": [ 19.138089, 47.4701674 ] } },
{ "type": "Feature", "properties": { "id": null, "osm_type": null, "category": "park_zoldterulet", "name": "Névtelen zöldfelület / park", "amenity": null, "shop": null, "leisure": null, "railway": null, "amenity_type": "leisure:park" }, "geometry": { "type": "Point", "coordinates": [ 19.137903, 47.4732271 ] } },
{ "type": "Feature", "properties": { "id": null, "osm_type": null, "category": "park_zoldterulet", "name": "Névtelen zöldfelület / park", "amenity": null, "shop": null, "leisure": null, "railway": null, "amenity_type": "leisure:park" }, "geometry": { "type": "Point", "coordinates": [ 19.1386814, 47.4739704 ] } },
{ "type": "Feature", "properties": { "id": null, "osm_type": null, "category": "park_zoldterulet", "name": "Sajó Sándor tér", "amenity": null, "shop": null, "leisure": null, "railway": null, "amenity_type": "leisure:park" }, "geometry": { "type": "Point", "coordinates": [ 19.1340463, 47.490872 ] } },
{ "type": "Feature", "properties": { "id": null, "osm_type": null, "category": "park_zoldterulet", "name": "Névtelen zöldfelület / park", "amenity": null, "shop": null, "leisure": null, "railway": null, "amenity_type": "leisure:park" }, "geometry": { "type": "Point", "coordinates": [ 19.1358701, 47.4909114 ] } },
{ "type": "Feature", "properties": { "id": null, "osm_type": null, "category": "park_zoldterulet", "name": "Névtelen zöldfelület / park", "amenity": null, "shop": null, "leisure": null, "railway": null, "amenity_type": "leisure:park" }, "geometry": { "type": "Point", "coordinates": [ 19.1396531, 47.4752167 ] } },
{ "type": "Feature", "properties": { "id": null, "osm_type": null, "category": "park_zoldterulet", "name": "Gutor tér", "amenity": null, "shop": null, "leisure": null, "railway": null, "amenity_type": "leisure:park" }, "geometry": { "type": "Point", "coordinates": [ 19.1392453, 47.4752513 ] } },
{ "type": "Feature", "properties": { "id": null, "osm_type": null, "category": "park_zoldterulet", "name": "Madaras József tér", "amenity": null, "shop": null, "leisure": null, "railway": null, "amenity_type": "leisure:park" }, "geometry": { "type": "Point", "coordinates": [ 19.1010254, 47.4650106 ] } },
{ "type": "Feature", "properties": { "id": null, "osm_type": null, "category": "park_zoldterulet", "name": "Vajda László tér", "amenity": null, "shop": null, "leisure": null, "railway": null, "amenity_type": "leisure:park" }, "geometry": { "type": "Point", "coordinates": [ 19.098562, 47.4695212 ] } },
{ "type": "Feature", "properties": { "id": null, "osm_type": null, "category": "park_zoldterulet", "name": "Névtelen zöldfelület / park", "amenity": null, "shop": null, "leisure": null, "railway": null, "amenity_type": "leisure:park" }, "geometry": { "type": "Point", "coordinates": [ 19.1802935, 47.4484683 ] } },
{ "type": "Feature", "properties": { "id": null, "osm_type": null, "category": "park_zoldterulet", "name": "Szenes Iván tér", "amenity": null, "shop": null, "leisure": null, "railway": null, "amenity_type": "leisure:park" }, "geometry": { "type": "Point", "coordinates": [ 19.094926, 47.4794876 ] } },
{ "type": "Feature", "properties": { "id": null, "osm_type": null, "category": "park_zoldterulet", "name": "Pongrátz Gergely tér", "amenity": null, "shop": null, "leisure": null, "railway": null, "amenity_type": "leisure:park" }, "geometry": { "type": "Point", "coordinates": [ 19.1288529, 47.5101347 ] } },
{ "type": "Feature", "properties": { "id": null, "osm_type": null, "category": "park_zoldterulet", "name": "Hargitai sétányi park", "amenity": null, "shop": null, "leisure": null, "railway": null, "amenity_type": "leisure:park" }, "geometry": { "type": "Point", "coordinates": [ 19.1236637, 47.4841757 ] } },
{ "type": "Feature", "properties": { "id": null, "osm_type": null, "category": "park_zoldterulet", "name": "Szabadidőpark", "amenity": null, "shop": null, "leisure": null, "railway": null, "amenity_type": "leisure:park" }, "geometry": { "type": "Point", "coordinates": [ 19.1499903, 47.4784374 ] } },
{ "type": "Feature", "properties": { "id": null, "osm_type": null, "category": "park_zoldterulet", "name": "Névtelen zöldfelület / park", "amenity": null, "shop": null, "leisure": null, "railway": null, "amenity_type": "leisure:park" }, "geometry": { "type": "Point", "coordinates": [ 19.1387492, 47.4808516 ] } },
{ "type": "Feature", "properties": { "id": null, "osm_type": null, "category": "park_zoldterulet", "name": "Névtelen zöldfelület / park", "amenity": null, "shop": null, "leisure": null, "railway": null, "amenity_type": "leisure:park" }, "geometry": { "type": "Point", "coordinates": [ 19.0999408, 47.4425926 ] } },
{ "type": "Feature", "properties": { "id": null, "osm_type": null, "category": "park_zoldterulet", "name": "Névtelen zöldfelület / park", "amenity": null, "shop": null, "leisure": null, "railway": null, "amenity_type": "leisure:park" }, "geometry": { "type": "Point", "coordinates": [ 19.1616102, 47.4424418 ] } },
{ "type": "Feature", "properties": { "id": null, "osm_type": null, "category": "park_zoldterulet", "name": "Tbiliszi tér", "amenity": null, "shop": null, "leisure": null, "railway": null, "amenity_type": "leisure:park" }, "geometry": { "type": "Point", "coordinates": [ 19.1081059, 47.4893169 ] } },
{ "type": "Feature", "properties": { "id": null, "osm_type": null, "category": "park_zoldterulet", "name": "Szarvas csárda tér", "amenity": null, "shop": null, "leisure": null, "railway": null, "amenity_type": "leisure:park" }, "geometry": { "type": "Point", "coordinates": [ 19.1844534, 47.4410151 ] } },
{ "type": "Feature", "properties": { "id": null, "osm_type": null, "category": "park_zoldterulet", "name": "Névtelen zöldfelület / park", "amenity": null, "shop": null, "leisure": null, "railway": null, "amenity_type": "leisure:park" }, "geometry": { "type": "Point", "coordinates": [ 19.1331228, 47.4859013 ] } },
{ "type": "Feature", "properties": { "id": null, "osm_type": null, "category": "park_zoldterulet", "name": "Névtelen zöldfelület / park", "amenity": null, "shop": null, "leisure": null, "railway": null, "amenity_type": "leisure:park" }, "geometry": { "type": "Point", "coordinates": [ 19.1606444, 47.5069907 ] } },
{ "type": "Feature", "properties": { "id": null, "osm_type": null, "category": "park_zoldterulet", "name": "Névtelen zöldfelület / park", "amenity": null, "shop": null, "leisure": null, "railway": null, "amenity_type": "leisure:park" }, "geometry": { "type": "Point", "coordinates": [ 19.1590881, 47.5079115 ] } },
{ "type": "Feature", "properties": { "id": null, "osm_type": null, "category": "park_zoldterulet", "name": "Névtelen zöldfelület / park", "amenity": null, "shop": null, "leisure": null, "railway": null, "amenity_type": "leisure:park" }, "geometry": { "type": "Point", "coordinates": [ 19.146955, 47.5040213 ] } },
{ "type": "Feature", "properties": { "id": null, "osm_type": null, "category": "park_zoldterulet", "name": "Névtelen zöldfelület / park", "amenity": null, "shop": null, "leisure": null, "railway": null, "amenity_type": "leisure:park" }, "geometry": { "type": "Point", "coordinates": [ 19.1851265, 47.4570195 ] } },
{ "type": "Feature", "properties": { "id": null, "osm_type": null, "category": "park_zoldterulet", "name": "Névtelen zöldfelület / park", "amenity": null, "shop": null, "leisure": null, "railway": null, "amenity_type": "leisure:park" }, "geometry": { "type": "Point", "coordinates": [ 19.125834, 47.4433424 ] } },
{ "type": "Feature", "properties": { "id": null, "osm_type": null, "category": "park_zoldterulet", "name": "Rottenbiller park", "amenity": null, "shop": null, "leisure": null, "railway": null, "amenity_type": "leisure:park" }, "geometry": { "type": "Point", "coordinates": [ 19.1348769, 47.4869908 ] } },
{ "type": "Feature", "properties": { "id": null, "osm_type": null, "category": "park_zoldterulet", "name": "Névtelen zöldfelület / park", "amenity": null, "shop": null, "leisure": null, "railway": null, "amenity_type": "leisure:park" }, "geometry": { "type": "Point", "coordinates": [ 19.1276177, 47.5034936 ] } },
{ "type": "Feature", "properties": { "id": null, "osm_type": null, "category": "park_zoldterulet", "name": "Névtelen zöldfelület / park", "amenity": null, "shop": null, "leisure": null, "railway": null, "amenity_type": "leisure:park" }, "geometry": { "type": "Point", "coordinates": [ 19.1355902, 47.5041118 ] } },
{ "type": "Feature", "properties": { "id": null, "osm_type": null, "category": "park_zoldterulet", "name": "Pillangó park", "amenity": null, "shop": null, "leisure": null, "railway": null, "amenity_type": "leisure:park" }, "geometry": { "type": "Point", "coordinates": [ 19.1215899, 47.503591 ] } },
{ "type": "Feature", "properties": { "id": null, "osm_type": null, "category": "park_zoldterulet", "name": "Névtelen zöldfelület / park", "amenity": null, "shop": null, "leisure": null, "railway": null, "amenity_type": "leisure:park" }, "geometry": { "type": "Point", "coordinates": [ 19.1306404, 47.5038254 ] } },
{ "type": "Feature", "properties": { "id": null, "osm_type": null, "category": "park_zoldterulet", "name": "Névtelen zöldfelület / park", "amenity": null, "shop": null, "leisure": null, "railway": null, "amenity_type": "leisure:park" }, "geometry": { "type": "Point", "coordinates": [ 19.1343376, 47.5042219 ] } },
{ "type": "Feature", "properties": { "id": null, "osm_type": null, "category": "park_zoldterulet", "name": "Névtelen zöldfelület / park", "amenity": null, "shop": null, "leisure": null, "railway": null, "amenity_type": "leisure:park" }, "geometry": { "type": "Point", "coordinates": [ 19.1250915, 47.5042064 ] } },
{ "type": "Feature", "properties": { "id": null, "osm_type": null, "category": "park_zoldterulet", "name": "Névtelen zöldfelület / park", "amenity": null, "shop": null, "leisure": null, "railway": null, "amenity_type": "leisure:park" }, "geometry": { "type": "Point", "coordinates": [ 19.1265002, 47.5043656 ] } },
{ "type": "Feature", "properties": { "id": null, "osm_type": null, "category": "park_zoldterulet", "name": "Névtelen zöldfelület / park", "amenity": null, "shop": null, "leisure": null, "railway": null, "amenity_type": "leisure:park" }, "geometry": { "type": "Point", "coordinates": [ 19.1259225, 47.5034814 ] } },
{ "type": "Feature", "properties": { "id": null, "osm_type": null, "category": "park_zoldterulet", "name": "Névtelen zöldfelület / park", "amenity": null, "shop": null, "leisure": null, "railway": null, "amenity_type": "leisure:park" }, "geometry": { "type": "Point", "coordinates": [ 19.1353296, 47.5052897 ] } },
{ "type": "Feature", "properties": { "id": null, "osm_type": null, "category": "park_zoldterulet", "name": "Névtelen zöldfelület / park", "amenity": null, "shop": null, "leisure": null, "railway": null, "amenity_type": "leisure:park" }, "geometry": { "type": "Point", "coordinates": [ 19.1342284, 47.5051685 ] } },
{ "type": "Feature", "properties": { "id": null, "osm_type": null, "category": "park_zoldterulet", "name": "Névtelen zöldfelület / park", "amenity": null, "shop": null, "leisure": null, "railway": null, "amenity_type": "leisure:park" }, "geometry": { "type": "Point", "coordinates": [ 19.1301601, 47.5029833 ] } },
{ "type": "Feature", "properties": { "id": null, "osm_type": null, "category": "park_zoldterulet", "name": "Névtelen zöldfelület / park", "amenity": null, "shop": null, "leisure": null, "railway": null, "amenity_type": "leisure:park" }, "geometry": { "type": "Point", "coordinates": [ 19.1249291, 47.5105776 ] } },
{ "type": "Feature", "properties": { "id": null, "osm_type": null, "category": "park_zoldterulet", "name": "Wass Albert tér", "amenity": null, "shop": null, "leisure": null, "railway": null, "amenity_type": "leisure:park" }, "geometry": { "type": "Point", "coordinates": [ 19.1238162, 47.5106697 ] } },
{ "type": "Feature", "properties": { "id": null, "osm_type": null, "category": "park_zoldterulet", "name": "Sajó Sándor tér", "amenity": null, "shop": null, "leisure": null, "railway": null, "amenity_type": "leisure:park" }, "geometry": { "type": "Point", "coordinates": [ 19.1326415, 47.4906164 ] } },
{ "type": "Feature", "properties": { "id": null, "osm_type": null, "category": "park_zoldterulet", "name": "Névtelen zöldfelület / park", "amenity": null, "shop": null, "leisure": null, "railway": null, "amenity_type": "leisure:park" }, "geometry": { "type": "Point", "coordinates": [ 19.1356643, 47.4797076 ] } },
{ "type": "Feature", "properties": { "id": null, "osm_type": null, "category": "park_zoldterulet", "name": "Névtelen zöldfelület / park", "amenity": null, "shop": null, "leisure": null, "railway": null, "amenity_type": "leisure:park" }, "geometry": { "type": "Point", "coordinates": [ 19.1408254, 47.4564638 ] } },
{ "type": "Feature", "properties": { "id": null, "osm_type": null, "category": "park_zoldterulet", "name": "Eperfa tér", "amenity": null, "shop": null, "leisure": null, "railway": null, "amenity_type": "leisure:park" }, "geometry": { "type": "Point", "coordinates": [ 19.121487, 47.4525521 ] } },
{ "type": "Feature", "properties": { "id": null, "osm_type": null, "category": "park_zoldterulet", "name": "Gőzmozdony park", "amenity": null, "shop": null, "leisure": null, "railway": null, "amenity_type": "leisure:park" }, "geometry": { "type": "Point", "coordinates": [ 19.1573149, 47.4683584 ] } },
{ "type": "Feature", "properties": { "id": null, "osm_type": null, "category": "park_zoldterulet", "name": "Névtelen zöldfelület / park", "amenity": null, "shop": null, "leisure": null, "railway": null, "amenity_type": "leisure:park" }, "geometry": { "type": "Point", "coordinates": [ 19.161557, 47.4782475 ] } },
{ "type": "Feature", "properties": { "id": null, "osm_type": null, "category": "park_zoldterulet", "name": "Névtelen zöldfelület / park", "amenity": null, "shop": null, "leisure": null, "railway": null, "amenity_type": "leisure:park" }, "geometry": { "type": "Point", "coordinates": [ 19.1570919, 47.4862383 ] } },
{ "type": "Feature", "properties": { "id": null, "osm_type": null, "category": "park_zoldterulet", "name": "Névtelen zöldfelület / park", "amenity": null, "shop": null, "leisure": null, "railway": null, "amenity_type": "leisure:park" }, "geometry": { "type": "Point", "coordinates": [ 19.1575881, 47.4864418 ] } },
{ "type": "Feature", "properties": { "id": null, "osm_type": null, "category": "park_zoldterulet", "name": "1848-49-es honvédsírok", "amenity": null, "shop": null, "leisure": null, "railway": null, "amenity_type": "leisure:park" }, "geometry": { "type": "Point", "coordinates": [ 19.1800542, 47.4755926 ] } },
{ "type": "Feature", "properties": { "id": null, "osm_type": null, "category": "park_zoldterulet", "name": "Liget Grund", "amenity": null, "shop": null, "leisure": null, "railway": null, "amenity_type": "leisure:park" }, "geometry": { "type": "Point", "coordinates": [ 19.1295317, 47.4874208 ] } },
{ "type": "Feature", "properties": { "id": null, "osm_type": null, "category": "park_zoldterulet", "name": "Névtelen zöldfelület / park", "amenity": null, "shop": null, "leisure": null, "railway": null, "amenity_type": "leisure:park" }, "geometry": { "type": "Point", "coordinates": [ 19.1470918, 47.461435 ] } },
{ "type": "Feature", "properties": { "id": null, "osm_type": null, "category": "park_zoldterulet", "name": "Névtelen zöldfelület / park", "amenity": null, "shop": null, "leisure": null, "railway": null, "amenity_type": "leisure:park" }, "geometry": { "type": "Point", "coordinates": [ 19.1450568, 47.4613001 ] } },
{ "type": "Feature", "properties": { "id": null, "osm_type": null, "category": "park_zoldterulet", "name": "Névtelen zöldfelület / park", "amenity": null, "shop": null, "leisure": null, "railway": null, "amenity_type": "leisure:park" }, "geometry": { "type": "Point", "coordinates": [ 19.1444768, 47.460832 ] } },
{ "type": "Feature", "properties": { "id": null, "osm_type": null, "category": "park_zoldterulet", "name": "Névtelen zöldfelület / park", "amenity": null, "shop": null, "leisure": null, "railway": null, "amenity_type": "leisure:park" }, "geometry": { "type": "Point", "coordinates": [ 19.1436568, 47.4594632 ] } },
{ "type": "Feature", "properties": { "id": null, "osm_type": null, "category": "park_zoldterulet", "name": "Névtelen zöldfelület / park", "amenity": null, "shop": null, "leisure": null, "railway": null, "amenity_type": "leisure:park" }, "geometry": { "type": "Point", "coordinates": [ 19.1441946, 47.4599348 ] } },
{ "type": "Feature", "properties": { "id": null, "osm_type": null, "category": "park_zoldterulet", "name": "Névtelen zöldfelület / park", "amenity": null, "shop": null, "leisure": null, "railway": null, "amenity_type": "leisure:park" }, "geometry": { "type": "Point", "coordinates": [ 19.1348913, 47.4399354 ] } },
{ "type": "Feature", "properties": { "id": null, "osm_type": null, "category": "park_zoldterulet", "name": "Névtelen zöldfelület / park", "amenity": null, "shop": null, "leisure": null, "railway": null, "amenity_type": "leisure:park" }, "geometry": { "type": "Point", "coordinates": [ 19.1346928, 47.4406325 ] } },
{ "type": "Feature", "properties": { "id": null, "osm_type": null, "category": "park_zoldterulet", "name": "Névtelen zöldfelület / park", "amenity": null, "shop": null, "leisure": null, "railway": null, "amenity_type": "leisure:park" }, "geometry": { "type": "Point", "coordinates": [ 19.1495145, 47.4612677 ] } },
{ "type": "Feature", "properties": { "id": null, "osm_type": null, "category": "park_zoldterulet", "name": "Névtelen zöldfelület / park", "amenity": null, "shop": null, "leisure": null, "railway": null, "amenity_type": "leisure:park" }, "geometry": { "type": "Point", "coordinates": [ 19.1320326, 47.4822221 ] } },
{ "type": "Feature", "properties": { "id": null, "osm_type": null, "category": "park_zoldterulet", "name": "Névtelen zöldfelület / park", "amenity": null, "shop": null, "leisure": null, "railway": null, "amenity_type": "leisure:park" }, "geometry": { "type": "Point", "coordinates": [ 19.1461836, 47.4610293 ] } },
{ "type": "Feature", "properties": { "id": null, "osm_type": null, "category": "park_zoldterulet", "name": "Névtelen zöldfelület / park", "amenity": null, "shop": null, "leisure": null, "railway": null, "amenity_type": "leisure:park" }, "geometry": { "type": "Point", "coordinates": [ 19.1428099, 47.4607089 ] } },
{ "type": "Feature", "properties": { "id": null, "osm_type": null, "category": "park_zoldterulet", "name": "Jichák Rabin park", "amenity": null, "shop": null, "leisure": null, "railway": null, "amenity_type": "leisure:park" }, "geometry": { "type": "Point", "coordinates": [ 19.1264835, 47.5025446 ] } },
{ "type": "Feature", "properties": { "id": null, "osm_type": null, "category": "park_zoldterulet", "name": "Névtelen zöldfelület / park", "amenity": null, "shop": null, "leisure": null, "railway": null, "amenity_type": "leisure:park" }, "geometry": { "type": "Point", "coordinates": [ 19.1728443, 47.4508055 ] } },
{ "type": "Feature", "properties": { "id": null, "osm_type": null, "category": "park_zoldterulet", "name": "Névtelen zöldfelület / park", "amenity": null, "shop": null, "leisure": null, "railway": null, "amenity_type": "leisure:park" }, "geometry": { "type": "Point", "coordinates": [ 19.1852296, 47.4411976 ] } },
{ "type": "Feature", "properties": { "id": null, "osm_type": null, "category": "park_zoldterulet", "name": "Névtelen zöldfelület / park", "amenity": null, "shop": null, "leisure": null, "railway": null, "amenity_type": "leisure:park" }, "geometry": { "type": "Point", "coordinates": [ 19.1831384, 47.4429273 ] } },
{ "type": "Feature", "properties": { "id": null, "osm_type": null, "category": "park_zoldterulet", "name": "Liget téri park", "amenity": null, "shop": null, "leisure": null, "railway": null, "amenity_type": "leisure:park" }, "geometry": { "type": "Point", "coordinates": [ 19.1310384, 47.4824587 ] } },
{ "type": "Feature", "properties": { "id": null, "osm_type": null, "category": "park_zoldterulet", "name": "Névtelen zöldfelület / park", "amenity": null, "shop": null, "leisure": null, "railway": null, "amenity_type": "leisure:park" }, "geometry": { "type": "Point", "coordinates": [ 19.1540658, 47.4643006 ] } },
{ "type": "Feature", "properties": { "id": null, "osm_type": null, "category": "park_zoldterulet", "name": "Névtelen zöldfelület / park", "amenity": null, "shop": null, "leisure": null, "railway": null, "amenity_type": "leisure:park" }, "geometry": { "type": "Point", "coordinates": [ 19.1393343, 47.5089189 ] } },
{ "type": "Feature", "properties": { "id": null, "osm_type": null, "category": "park_zoldterulet", "name": "Névtelen zöldfelület / park", "amenity": null, "shop": null, "leisure": null, "railway": null, "amenity_type": "leisure:park" }, "geometry": { "type": "Point", "coordinates": [ 19.1457478, 47.4574605 ] } },
{ "type": "Feature", "properties": { "id": null, "osm_type": null, "category": "park_zoldterulet", "name": "Névtelen zöldfelület / park", "amenity": null, "shop": null, "leisure": null, "railway": null, "amenity_type": "leisure:park" }, "geometry": { "type": "Point", "coordinates": [ 19.1185654, 47.5099953 ] } },
{ "type": "Feature", "properties": { "id": null, "osm_type": null, "category": "park_zoldterulet", "name": "Zsivora park", "amenity": null, "shop": null, "leisure": null, "railway": null, "amenity_type": "leisure:park" }, "geometry": { "type": "Point", "coordinates": [ 19.1478384, 47.5081088 ] } },
{ "type": "Feature", "properties": { "id": null, "osm_type": null, "category": "park_zoldterulet", "name": "Csingiz Ajtmatov park", "amenity": null, "shop": null, "leisure": null, "railway": null, "amenity_type": "leisure:park" }, "geometry": { "type": "Point", "coordinates": [ 19.1257659, 47.5042612 ] } },
{ "type": "Feature", "properties": { "id": null, "osm_type": null, "category": "park_zoldterulet", "name": "Névtelen zöldfelület / park", "amenity": null, "shop": null, "leisure": null, "railway": null, "amenity_type": "leisure:park" }, "geometry": { "type": "Point", "coordinates": [ 19.1501356, 47.5086491 ] } },
{ "type": "Feature", "properties": { "id": null, "osm_type": null, "category": "park_zoldterulet", "name": "Brenner János park", "amenity": null, "shop": null, "leisure": null, "railway": null, "amenity_type": "leisure:park" }, "geometry": { "type": "Point", "coordinates": [ 19.1708294, 47.4548825 ] } },
{ "type": "Feature", "properties": { "id": null, "osm_type": null, "category": "park_zoldterulet", "name": "Kodály Zoltán park", "amenity": null, "shop": null, "leisure": null, "railway": null, "amenity_type": "leisure:park" }, "geometry": { "type": "Point", "coordinates": [ 19.113337, 47.4859532 ] } },
{ "type": "Feature", "properties": { "id": null, "osm_type": null, "category": "park_zoldterulet", "name": "Névtelen zöldfelület / park", "amenity": null, "shop": null, "leisure": null, "railway": null, "amenity_type": "leisure:park" }, "geometry": { "type": "Point", "coordinates": [ 19.1473598, 47.449055 ] } },
{ "type": "Feature", "properties": { "id": null, "osm_type": null, "category": "park_zoldterulet", "name": "Pege Aladár park", "amenity": null, "shop": null, "leisure": null, "railway": null, "amenity_type": "leisure:park" }, "geometry": { "type": "Point", "coordinates": [ 19.1519829, 47.4521822 ] } },
{ "type": "Feature", "properties": { "id": null, "osm_type": null, "category": "park_zoldterulet", "name": "Névtelen zöldfelület / park", "amenity": null, "shop": null, "leisure": null, "railway": null, "amenity_type": "leisure:park" }, "geometry": { "type": "Point", "coordinates": [ 19.1113963, 47.4644166 ] } },
{ "type": "Feature", "properties": { "id": null, "osm_type": null, "category": "park_zoldterulet", "name": "Névtelen zöldfelület / park", "amenity": null, "shop": null, "leisure": null, "railway": null, "amenity_type": "leisure:park" }, "geometry": { "type": "Point", "coordinates": [ 19.1333784, 47.507893 ] } },
{ "type": "Feature", "properties": { "id": null, "osm_type": null, "category": "park_zoldterulet", "name": "Névtelen zöldfelület / park", "amenity": null, "shop": null, "leisure": null, "railway": null, "amenity_type": "leisure:park" }, "geometry": { "type": "Point", "coordinates": [ 19.1438216, 47.5043621 ] } },
{ "type": "Feature", "properties": { "id": null, "osm_type": null, "category": "park_zoldterulet", "name": "Benyovszky Móric tér", "amenity": null, "shop": null, "leisure": null, "railway": null, "amenity_type": "leisure:park" }, "geometry": { "type": "Point", "coordinates": [ 19.0930756, 47.4815519 ] } },
{ "type": "Feature", "properties": { "id": null, "osm_type": null, "category": "park_zoldterulet", "name": "Szécsi Margit tér", "amenity": null, "shop": null, "leisure": null, "railway": null, "amenity_type": "leisure:park" }, "geometry": { "type": "Point", "coordinates": [ 19.1238861, 47.5097479 ] } },
{ "type": "Feature", "properties": { "id": null, "osm_type": null, "category": "park_zoldterulet", "name": "Névtelen zöldfelület / park", "amenity": null, "shop": null, "leisure": null, "railway": null, "amenity_type": "leisure:park" }, "geometry": { "type": "Point", "coordinates": [ 19.1148047, 47.4412086 ] } },
{ "type": "Feature", "properties": { "id": null, "osm_type": null, "category": "park_zoldterulet", "name": "Névtelen zöldfelület / park", "amenity": null, "shop": null, "leisure": null, "railway": null, "amenity_type": "leisure:park" }, "geometry": { "type": "Point", "coordinates": [ 19.1480102, 47.4420501 ] } },
{ "type": "Feature", "properties": { "id": null, "osm_type": null, "category": "park_zoldterulet", "name": "Névtelen zöldfelület / park", "amenity": null, "shop": null, "leisure": null, "railway": null, "amenity_type": "leisure:park" }, "geometry": { "type": "Point", "coordinates": [ 19.1209376, 47.4903353 ] } },
{ "type": "Feature", "properties": { "id": null, "osm_type": null, "category": "park_zoldterulet", "name": "Ehmann Viktor tér", "amenity": null, "shop": null, "leisure": null, "railway": null, "amenity_type": "leisure:park" }, "geometry": { "type": "Point", "coordinates": [ 19.172066, 47.5055382 ] } },
{ "type": "Feature", "properties": { "id": null, "osm_type": null, "category": "park_zoldterulet", "name": "Névtelen zöldfelület / park", "amenity": null, "shop": null, "leisure": null, "railway": null, "amenity_type": "leisure:park" }, "geometry": { "type": "Point", "coordinates": [ 19.1003031, 47.4685205 ] } },
{ "type": "Feature", "properties": { "id": null, "osm_type": null, "category": "park_zoldterulet", "name": "Névtelen zöldfelület / park", "amenity": null, "shop": null, "leisure": null, "railway": null, "amenity_type": "leisure:park" }, "geometry": { "type": "Point", "coordinates": [ 19.0994593, 47.469286 ] } },
{ "type": "Feature", "properties": { "id": null, "osm_type": null, "category": "park_zoldterulet", "name": "Névtelen zöldfelület / park", "amenity": null, "shop": null, "leisure": null, "railway": null, "amenity_type": "leisure:park" }, "geometry": { "type": "Point", "coordinates": [ 19.092059, 47.499123 ] } },
{ "type": "Feature", "properties": { "id": null, "osm_type": null, "category": "park_zoldterulet", "name": "Névtelen zöldfelület / park", "amenity": null, "shop": null, "leisure": null, "railway": null, "amenity_type": "leisure:park" }, "geometry": { "type": "Point", "coordinates": [ 19.1220167, 47.4527503 ] } },
{ "type": "Feature", "properties": { "id": null, "osm_type": null, "category": "park_zoldterulet", "name": "Névtelen zöldfelület / park", "amenity": null, "shop": null, "leisure": null, "railway": null, "amenity_type": "leisure:park" }, "geometry": { "type": "Point", "coordinates": [ 19.1217818, 47.452916 ] } },
{ "type": "Feature", "properties": { "id": null, "osm_type": null, "category": "park_zoldterulet", "name": "Névtelen zöldfelület / park", "amenity": null, "shop": null, "leisure": null, "railway": null, "amenity_type": "leisure:park" }, "geometry": { "type": "Point", "coordinates": [ 19.1147251, 47.4657095 ] } },
{ "type": "Feature", "properties": { "id": null, "osm_type": null, "category": "park_zoldterulet", "name": "Vásár tér", "amenity": null, "shop": null, "leisure": null, "railway": null, "amenity_type": "leisure:park" }, "geometry": { "type": "Point", "coordinates": [ 19.1441129, 47.4422223 ] } },
{ "type": "Feature", "properties": { "id": null, "osm_type": null, "category": "park_zoldterulet", "name": "Gyenes Gitta park", "amenity": null, "shop": null, "leisure": null, "railway": null, "amenity_type": "leisure:park" }, "geometry": { "type": "Point", "coordinates": [ 19.1382991, 47.5067609 ] } },
{ "type": "Feature", "properties": { "id": null, "osm_type": null, "category": "park_zoldterulet", "name": "Ungár Margit park", "amenity": null, "shop": null, "leisure": null, "railway": null, "amenity_type": "leisure:park" }, "geometry": { "type": "Point", "coordinates": [ 19.1403226, 47.5044759 ] } },
{ "type": "Feature", "properties": { "id": null, "osm_type": null, "category": "park_zoldterulet", "name": "Hajnal Anna park", "amenity": null, "shop": null, "leisure": null, "railway": null, "amenity_type": "leisure:park" }, "geometry": { "type": "Point", "coordinates": [ 19.1444519, 47.5057348 ] } },
{ "type": "Feature", "properties": { "id": null, "osm_type": null, "category": "park_zoldterulet", "name": "Radák Olga park", "amenity": null, "shop": null, "leisure": null, "railway": null, "amenity_type": "leisure:park" }, "geometry": { "type": "Point", "coordinates": [ 19.140816, 47.5059174 ] } },
{ "type": "Feature", "properties": { "id": null, "osm_type": null, "category": "park_zoldterulet", "name": "Újhegy park", "amenity": null, "shop": null, "leisure": null, "railway": null, "amenity_type": "leisure:park" }, "geometry": { "type": "Point", "coordinates": [ 19.1646711, 47.467321 ] } },
{ "type": "Feature", "properties": { "id": null, "osm_type": null, "category": "park_zoldterulet", "name": "Névtelen zöldfelület / park", "amenity": null, "shop": null, "leisure": null, "railway": null, "amenity_type": "leisure:park" }, "geometry": { "type": "Point", "coordinates": [ 19.1435911, 47.50623 ] } },
{ "type": "Feature", "properties": { "id": null, "osm_type": null, "category": "park_zoldterulet", "name": "Névtelen zöldfelület / park", "amenity": null, "shop": null, "leisure": null, "railway": null, "amenity_type": "leisure:park" }, "geometry": { "type": "Point", "coordinates": [ 19.1416959, 47.5060127 ] } },
{ "type": "Feature", "properties": { "id": null, "osm_type": null, "category": "park_zoldterulet", "name": "Névtelen zöldfelület / park", "amenity": null, "shop": null, "leisure": null, "railway": null, "amenity_type": "leisure:park" }, "geometry": { "type": "Point", "coordinates": [ 19.1426406, 47.5061087 ] } },
{ "type": "Feature", "properties": { "id": null, "osm_type": null, "category": "park_zoldterulet", "name": "Névtelen zöldfelület / park", "amenity": null, "shop": null, "leisure": null, "railway": null, "amenity_type": "leisure:park" }, "geometry": { "type": "Point", "coordinates": [ 19.1169534, 47.4692342 ] } },
{ "type": "Feature", "properties": { "id": null, "osm_type": null, "category": "park_zoldterulet", "name": "Névtelen zöldfelület / park", "amenity": null, "shop": null, "leisure": null, "railway": null, "amenity_type": "leisure:park" }, "geometry": { "type": "Point", "coordinates": [ 19.1178774, 47.4688907 ] } },
{ "type": "Feature", "properties": { "id": null, "osm_type": null, "category": "park_zoldterulet", "name": "Névtelen zöldfelület / park", "amenity": null, "shop": null, "leisure": null, "railway": null, "amenity_type": "leisure:park" }, "geometry": { "type": "Point", "coordinates": [ 19.1187052, 47.4685735 ] } },
{ "type": "Feature", "properties": { "id": null, "osm_type": null, "category": "park_zoldterulet", "name": "Névtelen zöldfelület / park", "amenity": null, "shop": null, "leisure": null, "railway": null, "amenity_type": "leisure:park" }, "geometry": { "type": "Point", "coordinates": [ 19.1384273, 47.440201 ] } },
{ "type": "Feature", "properties": { "id": null, "osm_type": null, "category": "park_zoldterulet", "name": "Névtelen zöldfelület / park", "amenity": null, "shop": null, "leisure": null, "railway": null, "amenity_type": "leisure:park" }, "geometry": { "type": "Point", "coordinates": [ 19.0963331, 47.4417985 ] } },
{ "type": "Feature", "properties": { "id": null, "osm_type": null, "category": "park_zoldterulet", "name": "Névtelen zöldfelület / park", "amenity": null, "shop": null, "leisure": null, "railway": null, "amenity_type": "leisure:park" }, "geometry": { "type": "Point", "coordinates": [ 19.0983842, 47.4412922 ] } },
{ "type": "Feature", "properties": { "id": null, "osm_type": null, "category": "park_zoldterulet", "name": "Névtelen zöldfelület / park", "amenity": null, "shop": null, "leisure": null, "railway": null, "amenity_type": "leisure:park" }, "geometry": { "type": "Point", "coordinates": [ 19.0966711, 47.4397198 ] } },
{ "type": "Feature", "properties": { "id": null, "osm_type": null, "category": "park_zoldterulet", "name": "Névtelen zöldfelület / park", "amenity": null, "shop": null, "leisure": null, "railway": null, "amenity_type": "leisure:park" }, "geometry": { "type": "Point", "coordinates": [ 19.0952753, 47.4423584 ] } },
{ "type": "Feature", "properties": { "id": null, "osm_type": null, "category": "park_zoldterulet", "name": "Névtelen zöldfelület / park", "amenity": null, "shop": null, "leisure": null, "railway": null, "amenity_type": "leisure:park" }, "geometry": { "type": "Point", "coordinates": [ 19.0947579, 47.4418276 ] } },
{ "type": "Feature", "properties": { "id": null, "osm_type": null, "category": "park_zoldterulet", "name": "Névtelen zöldfelület / park", "amenity": null, "shop": null, "leisure": null, "railway": null, "amenity_type": "leisure:park" }, "geometry": { "type": "Point", "coordinates": [ 19.0950122, 47.4411234 ] } },
{ "type": "Feature", "properties": { "id": null, "osm_type": null, "category": "park_zoldterulet", "name": "Névtelen zöldfelület / park", "amenity": null, "shop": null, "leisure": null, "railway": null, "amenity_type": "leisure:park" }, "geometry": { "type": "Point", "coordinates": [ 19.096783, 47.4433465 ] } },
{ "type": "Feature", "properties": { "id": null, "osm_type": null, "category": "park_zoldterulet", "name": "Névtelen zöldfelület / park", "amenity": null, "shop": null, "leisure": null, "railway": null, "amenity_type": "leisure:park" }, "geometry": { "type": "Point", "coordinates": [ 19.1765733, 47.4463181 ] } },
{ "type": "Feature", "properties": { "id": null, "osm_type": null, "category": "park_zoldterulet", "name": "Sportliget", "amenity": null, "shop": null, "leisure": null, "railway": null, "amenity_type": "leisure:park" }, "geometry": { "type": "Point", "coordinates": [ 19.1689736, 47.4652952 ] } },
{ "type": "Feature", "properties": { "id": null, "osm_type": null, "category": "park_zoldterulet", "name": "Névtelen zöldfelület / park", "amenity": null, "shop": null, "leisure": null, "railway": null, "amenity_type": "leisure:park" }, "geometry": { "type": "Point", "coordinates": [ 19.0969669, 47.4979978 ] } },
{ "type": "Feature", "properties": { "id": null, "osm_type": null, "category": "park_zoldterulet", "name": "Névtelen zöldfelület / park", "amenity": null, "shop": null, "leisure": null, "railway": null, "amenity_type": "leisure:park" }, "geometry": { "type": "Point", "coordinates": [ 19.1420511, 47.4698304 ] } },
{ "type": "Feature", "properties": { "id": null, "osm_type": null, "category": "park_zoldterulet", "name": "Névtelen zöldfelület / park", "amenity": null, "shop": null, "leisure": null, "railway": null, "amenity_type": "leisure:park" }, "geometry": { "type": "Point", "coordinates": [ 19.1500367, 47.5060156 ] } },
{ "type": "Feature", "properties": { "id": null, "osm_type": null, "category": "park_zoldterulet", "name": "Névtelen zöldfelület / park", "amenity": null, "shop": null, "leisure": null, "railway": null, "amenity_type": "leisure:park" }, "geometry": { "type": "Point", "coordinates": [ 19.1470921, 47.5050501 ] } },
{ "type": "Feature", "properties": { "id": null, "osm_type": null, "category": "park_zoldterulet", "name": "Névtelen zöldfelület / park", "amenity": null, "shop": null, "leisure": null, "railway": null, "amenity_type": "leisure:park" }, "geometry": { "type": "Point", "coordinates": [ 19.1497694, 47.5053451 ] } },
{ "type": "Feature", "properties": { "id": null, "osm_type": null, "category": "park_zoldterulet", "name": "Névtelen zöldfelület / park", "amenity": null, "shop": null, "leisure": null, "railway": null, "amenity_type": "leisure:park" }, "geometry": { "type": "Point", "coordinates": [ 19.1488286, 47.5052363 ] } },
{ "type": "Feature", "properties": { "id": null, "osm_type": null, "category": "park_zoldterulet", "name": "Névtelen zöldfelület / park", "amenity": null, "shop": null, "leisure": null, "railway": null, "amenity_type": "leisure:park" }, "geometry": { "type": "Point", "coordinates": [ 19.1478853, 47.5051332 ] } },
{ "type": "Feature", "properties": { "id": null, "osm_type": null, "category": "park_zoldterulet", "name": "Névtelen zöldfelület / park", "amenity": null, "shop": null, "leisure": null, "railway": null, "amenity_type": "leisure:park" }, "geometry": { "type": "Point", "coordinates": [ 19.1516653, 47.5057831 ] } },
{ "type": "Feature", "properties": { "id": null, "osm_type": null, "category": "park_zoldterulet", "name": "Névtelen zöldfelület / park", "amenity": null, "shop": null, "leisure": null, "railway": null, "amenity_type": "leisure:park" }, "geometry": { "type": "Point", "coordinates": [ 19.1447934, 47.5024274 ] } },
{ "type": "Feature", "properties": { "id": null, "osm_type": null, "category": "park_zoldterulet", "name": "Kiserdő", "amenity": null, "shop": null, "leisure": null, "railway": null, "amenity_type": "leisure:park" }, "geometry": { "type": "Point", "coordinates": [ 19.1478991, 47.5025987 ] } },
{ "type": "Feature", "properties": { "id": null, "osm_type": null, "category": "park_zoldterulet", "name": "Zoltán utcai sportpark", "amenity": null, "shop": null, "leisure": null, "railway": null, "amenity_type": "leisure:park" }, "geometry": { "type": "Point", "coordinates": [ 19.1290012, 47.4521201 ] } },
{ "type": "Feature", "properties": { "id": null, "osm_type": null, "category": "park_zoldterulet", "name": "Hunyadi tér", "amenity": null, "shop": null, "leisure": null, "railway": null, "amenity_type": "leisure:park" }, "geometry": { "type": "Point", "coordinates": [ 19.1310992, 47.4488528 ] } },
{ "type": "Feature", "properties": { "id": null, "osm_type": null, "category": "park_zoldterulet", "name": "Templom tér", "amenity": null, "shop": null, "leisure": null, "railway": null, "amenity_type": "leisure:park" }, "geometry": { "type": "Point", "coordinates": [ 19.1418943, 47.452614 ] } },
{ "type": "Feature", "properties": { "id": null, "osm_type": null, "category": "park_zoldterulet", "name": "Névtelen zöldfelület / park", "amenity": null, "shop": null, "leisure": null, "railway": null, "amenity_type": "leisure:park" }, "geometry": { "type": "Point", "coordinates": [ 19.1314588, 47.4490584 ] } },
{ "type": "Feature", "properties": { "id": null, "osm_type": null, "category": "park_zoldterulet", "name": "Névtelen zöldfelület / park", "amenity": null, "shop": null, "leisure": null, "railway": null, "amenity_type": "leisure:park" }, "geometry": { "type": "Point", "coordinates": [ 19.1388923, 47.5020412 ] } },
{ "type": "Feature", "properties": { "id": null, "osm_type": null, "category": "park_zoldterulet", "name": "Névtelen zöldfelület / park", "amenity": null, "shop": null, "leisure": null, "railway": null, "amenity_type": "leisure:park" }, "geometry": { "type": "Point", "coordinates": [ 19.1404761, 47.5021821 ] } },
{ "type": "Feature", "properties": { "id": null, "osm_type": null, "category": "park_zoldterulet", "name": "Névtelen zöldfelület / park", "amenity": null, "shop": null, "leisure": null, "railway": null, "amenity_type": "leisure:park" }, "geometry": { "type": "Point", "coordinates": [ 19.0897425, 47.5091274 ] } },
{ "type": "Feature", "properties": { "id": null, "osm_type": null, "category": "park_zoldterulet", "name": "Névtelen zöldfelület / park", "amenity": null, "shop": null, "leisure": null, "railway": null, "amenity_type": "leisure:park" }, "geometry": { "type": "Point", "coordinates": [ 19.1305765, 47.4491754 ] } }
]
}
