id,title,district,category,url,local_file,download_timestamp
841326645,"Schön Wohnen mit Stephansdomblick, Terrasse, Klimaanlage, zentrale Lage",1020 (2. Leopoldstadt),kiado,https://www.willhaben.at/iad/immobilien/d/mietwohnungen/wien/wien-1020-leopoldstadt/schoen-wohnen-mit-stephansdomblick-terrasse-klimaanlage-zentrale-lage-841326645,841326645.html,2026-10-08 14:49:31
1729104182,"UNO-City, Webster Uni, WU-Wien, SFU 4 Zimmer Altbauetage ERSTBEZUG nach Sanierung",1020 (2. Leopoldstadt),kiado,https://www.willhaben.at/iad/immobilien/d/mietwohnungen/wien/wien-1020-leopoldstadt/uno-city-webster-uni-wu-wien-sfu-4-zimmer-altbauetage-erstbezug-nach-sanierung-1729104182,1729104182.html,2026-10-08 14:49:34
1239789622,"GRÜNBLICK: 2 Zimmer im 15. Stock mit 16 m² Südost-Terrasse / One-bedroom apartment, 15th floor, 16 m² terrace facing southeast",1020 (2. Leopoldstadt),kiado,https://www.willhaben.at/iad/immobilien/d/mietwohnungen/wien/wien-1020-leopoldstadt/gruenblick-2-zimmer-im-15-stock-mit-16-m-suedost-terrasse-one-bedroom-apartment-15th-floor-16-m-terrace-facing-southeast-1239789622,1239789622.html,2026-10-08 14:49:37
2091733396,"Großzügige Altbauwohnung mit Terrasse in der begehrten Pratercottage | ZELLMANN IMMOBILIEN1020 Wien, 02. Bezirk, Leopoldstadt95m²3ZimmerTerrasseZELLMANN IMMOBILIEN€ 19,89/m²€ 1.890",1020 (2. Leopoldstadt),kiado,https://www.willhaben.at/iad/immobilien/d/mietwohnungen/wien/wien-1020-leopoldstadt/grosszuegige-altbauwohnung-mit-terrasse-in-der-begehrten-pratercottage-zellmann-immobilien-2091733396,2091733396.html,2026-10-08 14:49:49
1060765334,"Moderne Bürofläche im trendigen Stuwerviertel mit 219,73 m² zu mieten - OHNE PROVISION und OHNE BEFRISTUNG1020 Wien, 02. Bezirk, Leopoldstadt, Schönngasse 15-17219m²Büro/OrdinationGewerblicher Anbieter€ 16,51/m²€ 3.616,09",1020 (2. Leopoldstadt),kiado,https://www.willhaben.at/iad/immobilien/d/gewerbeimmobilien-mieten/wien/wien-1020-leopoldstadt/moderne-bueroflaeche-im-trendigen-stuwerviertel-mit-219-73-m-zu-mieten-ohne-provision-und-ohne-befristung-1060765334,1060765334.html,2026-10-08 14:50:01
1719207248,"Preisreduktion! 2 getrennt begehbare Geschäftslokale *** geeignet zur Kurzzeitvermietung im 2. Bezirk + attraktive Lage & ideale U1-Anbindung!1020 Wien, 02. Bezirk, Leopoldstadt, Czerninplatz60m²Büro/OrdinationSchantl ITH Immobilientreuhand GmbH€ 5.333,33/m²€ 320.000",1020 (2. Leopoldstadt),kiado,https://www.willhaben.at/iad/immobilien/d/gewerbeimmobilien-kaufen/wien/wien-1020-leopoldstadt/preisreduktion-2-getrennt-begehbare-geschaeftslokale-geeignet-zur-kurzzeitvermietung-im-2-bezirk-attraktive-lage-ideale-u1-anbindung-1719207248,1719207248.html,2026-10-08 14:50:16
1145511635,"Exklusive Wohnung im Projekt Grünblick: 2 Zimmer mit Loggia (Deckenkühlung, Concierge, Fitnessraum, Infinity-Outdoor-Pool, Sauna, Dining Raum, Urban Gardening), direkt beim U2-Stadion, provisionsfrei1020 Wien, 02. Bezirk, Leopoldstadt, Meiereistraße 1456m²2ZimmerLoggiaPrivat€ 33,91/m²€ 1.899",1020 (2. Leopoldstadt),kiado,https://www.willhaben.at/iad/immobilien/d/mietwohnungen/wien/wien-1020-leopoldstadt/exklusive-wohnung-im-projekt-gruenblick-2-zimmer-mit-loggia-deckenkuehlung-concierge-fitnessraum-infinity-outdoor-pool-sauna-dining-raum-urban-gardening-direkt-beim-u2-stadion-provisionsfrei-1145511635,1145511635.html,2026-10-08 14:50:20
1576443782,"Erstbezug: Neu errichtete 3 Zimmer Dachgeschosswohnung mit 1 Loggia1020 Wien, 02. Bezirk, Leopoldstadt92m²3ZimmerLoggiaREV Realitäten Erhaltungs- und Verwaltungsgesellschaft m.b.H.€ 24,95/m²€ 2.295",1020 (2. Leopoldstadt),kiado,https://www.willhaben.at/iad/immobilien/d/mietwohnungen/wien/wien-1020-leopoldstadt/erstbezug-neu-errichtete-3-zimmer-dachgeschosswohnung-mit-1-loggia-1576443782,1576443782.html,2026-10-08 14:50:37
1035929043,"1020 - WG-GEEIGNET: Ideal aufgeteilte 3-Zimmer Wohnung mit 2 Balkonen ab Jänner 2027!1020 Wien, 02. Bezirk, Leopoldstadt65m²3ZimmerBalkonHERZEL Immobilien e.U.€ 22,57/m²€ 1.467,09",1020 (2. Leopoldstadt),kiado,https://www.willhaben.at/iad/immobilien/d/mietwohnungen/wien/wien-1020-leopoldstadt/1020-wg-geeignet-ideal-aufgeteilte-3-zimmer-wohnung-mit-2-balkonen-ab-jaenner-2027-1035929043,1035929043.html,2026-10-08 14:50:40
1133409449,"I CARRÉ LASSALLE | ca. 500 m² | PRATER NÄHE1020 Wien, 02. Bezirk, Leopoldstadt515m²Büro/OrdinationDECUS Immobilien GmbH€ 12,50/m²€ 12,50",1020 (2. Leopoldstadt),kiado,https://www.willhaben.at/iad/immobilien/d/gewerbeimmobilien-mieten/wien/wien-1020-leopoldstadt/i-carre-lassalle-ca-500-m-prater-naehe-1133409449,1133409449.html,2026-10-08 14:51:40
1219085469,"(reserviert) Taborama - Aufatmen mit Weitblick, Park & Pool / Möblierung auf Anfrage",1020 (2. Leopoldstadt),kiado,https://www.willhaben.at/iad/immobilien/d/mietwohnungen/wien/wien-1020-leopoldstadt/taborama-aufatmen-mit-weitblick-park-pool-moeblierung-auf-anfrage-1219085469,1219085469.html,2026-10-08 15:02:18
1285753887,Geschäftslokal bei U1 Vorgartenstraße - ca. 250 m² - unbefristeter Mietvertrag,1020 (2. Leopoldstadt),kiado,https://www.willhaben.at/iad/immobilien/d/gewerbeimmobilien-mieten/wien/wien-1020-leopoldstadt/geschaeftslokal-bei-u1-vorgartenstrasse-ca-250-m-unbefristeter-mietvertrag-1285753887,1285753887.html,2026-10-08 15:02:21
1236714270,"An der schönen blauen Donau! Moderne 3-Zimmer-Wohnung mit westseitigem Balkon in unmittelbarer Nähe zum Donauufer1020 Wien, 02. Bezirk, Leopoldstadt66m²3ZimmerBalkonKT FINE LIVING GmbH€ 21,06/m²€ 1.390",1020 (2. Leopoldstadt),kiado,https://www.willhaben.at/iad/immobilien/d/mietwohnungen/wien/wien-1020-leopoldstadt/an-der-schoenen-blauen-donau-moderne-3-zimmer-wohnung-mit-westseitigem-balkon-in-unmittelbarer-naehe-zum-donauufer-1236714270,1236714270.html,2026-10-08 15:02:37
2051101817,"Sechs vermietete Wohnungspositionen als Paket | 1020 Wien1020 Wien, 02. Bezirk, Leopoldstadt394m²ZinshausHösch Immobilien GmbH€ 2.154,82/m²€ 849.000",1020 (2. Leopoldstadt),kiado,https://www.willhaben.at/iad/immobilien/d/gewerbeimmobilien-kaufen/wien/wien-1020-leopoldstadt/sechs-vermietete-wohnungspositionen-als-paket-1020-wien-2051101817,2051101817.html,2026-10-08 15:02:56
1342933774,"OFFICES WALCHERSTRASSE | 2nd Central1020 Wien, 02. Bezirk, Leopoldstadt968m²Büro/OrdinationCBRE GmbH€ 15,50/m²€ 15,50",1020 (2. Leopoldstadt),kiado,https://www.willhaben.at/iad/immobilien/d/gewerbeimmobilien-mieten/wien/wien-1020-leopoldstadt/offices-walcherstrasse-2nd-central-1342933774,1342933774.html,2026-10-08 15:02:59
1027276544,"Managed Office Space im Zentrum Wiens (nähe Schwedenplatz)1020 Wien, 02. Bezirk, Leopoldstadt, Praterstraße 1284m²Büro/OrdinationGewerblicher Anbieter€ 23/m²€ 23",1020 (2. Leopoldstadt),kiado,https://www.willhaben.at/iad/immobilien/d/gewerbeimmobilien-mieten/wien/wien-1020-leopoldstadt/managed-office-space-im-zentrum-wiens-naehe-schwedenplatz-1027276544,1027276544.html,2026-10-08 15:03:02
1657275786,"1020, Lassallestraße Büroflächen und Co-working - Lassallestraße 7B, 1020 Wien!1020 Wien, 02. Bezirk, Leopoldstadt450m²Büro/OrdinationCBRE GmbHKeine Angabe",1020 (2. Leopoldstadt),kiado,https://www.willhaben.at/iad/immobilien/d/gewerbeimmobilien-mieten/wien/wien-1020-leopoldstadt/1020-lassallestrasse-bueroflaechen-und-co-working-lassallestrasse-7b-1020-wien-1657275786,1657275786.html,2026-10-08 15:03:06
1456137359,"1020, Am Tabor AUSTRIA CAMPUS BT 3 - bezugsfertige Büroflächen1020 Wien, 02. Bezirk, Leopoldstadt530m²Büro/OrdinationCBRE GmbH€ 19,45/m²€ 19,45",1020 (2. Leopoldstadt),kiado,https://www.willhaben.at/iad/immobilien/d/gewerbeimmobilien-mieten/wien/wien-1020-leopoldstadt/1020-am-tabor-austria-campus-bt-3-bezugsfertige-bueroflaechen-1456137359,1456137359.html,2026-10-08 15:03:09
1186935211,"Ärztezentrum am AUSTRIA CAMPUS 6 Walcherstraße 1 Wien1020 Wien, 02. Bezirk, Leopoldstadt, Walcherstraße 1235m²Büro/OrdinationCBRE GmbH€ 20/m²€ 20",1020 (2. Leopoldstadt),kiado,https://www.willhaben.at/iad/immobilien/d/gewerbeimmobilien-mieten/wien/wien-1020-leopoldstadt/aerztezentrum-am-austria-campus-6-walcherstrasse-1-wien-1186935211,1186935211.html,2026-10-08 15:03:11
1648586007,"RUND VIER - Bauteil D1020 Wien, 02. Bezirk, Leopoldstadt, Stella-Klein-Löw Weg 113.330m²Büro/OrdinationOPTIN Immobilien GmbH€ 25/m²€ 25",1020 (2. Leopoldstadt),kiado,https://www.willhaben.at/iad/immobilien/d/gewerbeimmobilien-mieten/wien/wien-1020-leopoldstadt/rund-vier-bauteil-d-1648586007,1648586007.html,2026-10-08 15:03:15
1667141477,"Dachgeschosswohnung mit Balkon im Herzen des 2. Bezirks - ideal auch für 2er-WG!1020 Wien, 02. Bezirk, Leopoldstadt, Nähe Kleine Mohrengasse83m²3ZimmerBalkonGewerblicher Anbieter€ 22,88/m²€ 1.899",1020 (2. Leopoldstadt),kiado,https://www.willhaben.at/iad/immobilien/d/mietwohnungen/wien/wien-1020-leopoldstadt/dachgeschosswohnung-mit-balkon-im-herzen-des-2-bezirks-ideal-auch-fuer-2er-wg-1667141477,1667141477.html,2026-10-08 15:03:17
1617044355,"DAMEN-WG - Nähe WU Wien | Voll möbliertes Zimmer | All Inclusive1020 Wien, 02. Bezirk, Leopoldstadt, Ferdinandstraße100m²6ZimmerGewerblicher Anbieter€ 6,99/m²€ 699",1020 (2. Leopoldstadt),kiado,https://www.willhaben.at/iad/immobilien/d/mietwohnungen/wien/wien-1020-leopoldstadt/damen-wg-naehe-wu-wien-voll-moebliertes-zimmer-all-inclusive-1617044355,1617044355.html,2026-10-08 15:03:20
2017678760,"RUND VIER - Bauteil D1020 Wien, 02. Bezirk, Leopoldstadt, Stella-Klein-Löw Weg 11973m²Büro/OrdinationOPTIN Immobilien GmbH€ 25/m²€ 25",1020 (2. Leopoldstadt),kiado,https://www.willhaben.at/iad/immobilien/d/gewerbeimmobilien-mieten/wien/wien-1020-leopoldstadt/rund-vier-bauteil-d-2017678760,2017678760.html,2026-10-08 15:03:23
1124345758,"RUND 4 im VIERTEL ZWEI - Bauteil C1020 Wien, 02. Bezirk, Leopoldstadt, Stella-Klein-Löw Weg 13414m²Büro/OrdinationOPTIN Immobilien GmbH€ 23/m²€ 23",1020 (2. Leopoldstadt),kiado,https://www.willhaben.at/iad/immobilien/d/gewerbeimmobilien-mieten/wien/wien-1020-leopoldstadt/rund-4-im-viertel-zwei-bauteil-c-1124345758,1124345758.html,2026-10-08 15:03:29
1361369988,"Attraktives, modernes Büro mit Terrasse und Klimaanlage beim Karmelitermarkt1020 Wien, 02. Bezirk, Leopoldstadt147m²Büro/OrdinationWeinblatt Oppel Immobilien€ 14,67/m²€ 2.156,41",1020 (2. Leopoldstadt),kiado,https://www.willhaben.at/iad/immobilien/d/gewerbeimmobilien-mieten/wien/wien-1020-leopoldstadt/attraktives-modernes-buero-mit-terrasse-und-klimaanlage-beim-karmelitermarkt-1361369988,1361369988.html,2026-10-08 15:03:36
1333518097,"Serviced Apartment Messe Prater 3 Zimmer Wohnung mit Terrasse1020 Wien, 02. Bezirk, Leopoldstadt, Hillerstrasse 881m²3ZimmerTerrassePrivat€ 33,09/m²€ 2.680",1020 (2. Leopoldstadt),kiado,https://www.willhaben.at/iad/immobilien/d/mietwohnungen/wien/wien-1020-leopoldstadt/serviced-apartment-messe-prater-3-zimmer-wohnung-mit-terrasse-1333518097,1333518097.html,2026-10-08 15:03:39
2015684123,"OBERE DONAUSTRASSE | AB SEPTEMBER 2026 | 3-Zimmer-DG-Wohnung Nähe Schottenring1020 Wien, 02. Bezirk, Leopoldstadt116m²3ZimmerMMI Mario Molnar Immobilienberatung€ 18,00/m²€ 2.088,13",1020 (2. Leopoldstadt),kiado,https://www.willhaben.at/iad/immobilien/d/mietwohnungen/wien/wien-1020-leopoldstadt/obere-donaustrasse-ab-september-2026-3-zimmer-dg-wohnung-naehe-schottenring-2015684123,2015684123.html,2026-10-08 15:03:49
1040503544,"ERSTBEZUG nach Generalsanierung mit Fernblick (Donaukanal, Stephansdom, ...): 3 Zimmer + Küche!1020 Wien, 02. Bezirk, Leopoldstadt116m²3ZimmerMittelsmann Philipp Sulek GmbH€ 18,00/m²€ 2.088,13",1020 (2. Leopoldstadt),kiado,https://www.willhaben.at/iad/immobilien/d/mietwohnungen/wien/wien-1020-leopoldstadt/erstbezug-nach-generalsanierung-mit-fernblick-donaukanal-stephansdom-3-zimmer-kueche-1040503544,1040503544.html,2026-10-08 15:03:54
816596703,"Garagenplatz zu vermieten1020 Wien, 02. Bezirk, Leopoldstadt, Engerthstraße 137ÖSW Konzern€ 87",1020 (2. Leopoldstadt),kiado,https://www.willhaben.at/iad/immobilien/d/sonstige/sonstige/garagenplatz-zu-vermieten-816596703,816596703.html,2026-10-08 15:04:01
1368234567,"Garagenplatz zu vermieten1020 Wien, 02. Bezirk, Leopoldstadt, Engerthstraße 137ÖSW Konzern€ 87",1020 (2. Leopoldstadt),kiado,https://www.willhaben.at/iad/immobilien/d/sonstige/sonstige/garagenplatz-zu-vermieten-1368234567,1368234567.html,2026-10-08 15:04:05
1904256907,"BALKONTRAUM | EXKLUSIVE, HELLE 3 ZIMMER IN TOPLAGE | HOCHWERTIGE AUSSTATTUNG1020 Wien, 02. Bezirk, Leopoldstadt65m²3ZimmerBalkonImmosan Immobilienvermittlung- u. Verwertungs GmbH€ 22,57/m²€ 1.467",1020 (2. Leopoldstadt),kiado,https://www.willhaben.at/iad/immobilien/d/mietwohnungen/wien/wien-1020-leopoldstadt/balkontraum-exklusive-helle-3-zimmer-in-toplage-hochwertige-ausstattung-1904256907,1904256907.html,2026-10-08 15:04:07
1324881397,"Trend-Projekt in Top-Lage ""Kurzzeitmiete mit Betreibermodell""1020 Wien, 02. Bezirk, Leopoldstadt, Stuwerstraße 6030m²1ZimmerAccenta Immobilien e.U.€ 8.133,33/m²€ 244.000",1020 (2. Leopoldstadt),kiado,https://www.willhaben.at/iad/immobilien/d/eigentumswohnung/wien/wien-1020-leopoldstadt/trend-projekt-in-top-lage-kurzzeitmiete-mit-betreibermodell-1324881397,1324881397.html,2026-10-08 15:04:11
1636192925,"Rentable Anlegerwohnungen | ""Kurzzeitmiete & Mietenpoolkonzept""1020 Wien, 02. Bezirk, Leopoldstadt, Stuwerstraße 6027m²1ZimmerAccenta Immobilien e.U.€ 3.851,85/m²€ 104.000",1020 (2. Leopoldstadt),kiado,https://www.willhaben.at/iad/immobilien/d/eigentumswohnung/wien/wien-1020-leopoldstadt/rentable-anlegerwohnungen-kurzzeitmiete-mietenpoolkonzept-1636192925,1636192925.html,2026-10-08 15:04:13
1350237739,"Rentable Anlegerwohnungen | ""Kurzzeitmiete & Mietenpoolkonzept""1020 Wien, 02. Bezirk, Leopoldstadt, Stuwerstraße 6027m²1ZimmerAccenta Immobilien e.U.€ 3.962,96/m²€ 107.000",1020 (2. Leopoldstadt),kiado,https://www.willhaben.at/iad/immobilien/d/eigentumswohnung/wien/wien-1020-leopoldstadt/rentable-anlegerwohnungen-kurzzeitmiete-mietenpoolkonzept-1350237739,1350237739.html,2026-10-08 15:04:16
1739027146,"Rentable Anlegerwohnungen | ""Kurzzeitmiete & Mietenpoolkonzept""1020 Wien, 02. Bezirk, Leopoldstadt, Stuwerstraße 6017m²1ZimmerAccenta Immobilien e.U.€ 3.529,41/m²€ 60.000",1020 (2. Leopoldstadt),kiado,https://www.willhaben.at/iad/immobilien/d/eigentumswohnung/wien/wien-1020-leopoldstadt/rentable-anlegerwohnungen-kurzzeitmiete-mietenpoolkonzept-1739027146,1739027146.html,2026-10-08 15:04:20
1534897979,"Top-Rendite: Mieten-Pool-Konzept in Trend-Projekt | Wohnung unbefristet vermietet1020 Wien, 02. Bezirk, Leopoldstadt, Stuwerstraße 6060m²2ZimmerAccenta Immobilien e.U.€ 4.744,10/m²€ 284.646",1020 (2. Leopoldstadt),kiado,https://www.willhaben.at/iad/immobilien/d/eigentumswohnung/wien/wien-1020-leopoldstadt/top-rendite-mieten-pool-konzept-in-trend-projekt-wohnung-unbefristet-vermietet-1534897979,1534897979.html,2026-10-08 15:04:24
1425839806,Seltene Gelegenheit! Erfolgreicher Gastro-Standort - schlüsselfertig & sofort startklar,1020 (2. Leopoldstadt),kiado,https://www.willhaben.at/iad/immobilien/d/gewerbeimmobilien-mieten/wien/wien-1020-leopoldstadt/seltene-gelegenheit-erfolgreicher-gastro-standort-schluesselfertig-sofort-startklar-1425839806,1425839806.html,2026-10-08 15:07:14
1095335407,"Exklusive 2-Zimmer-Wohnung in hochwertigem Neubauprojekt | Ca. 49 m² mit Loggia/ Balkon, Klimaanlage und außergewöhnlicher Lage zwischen der Wiener Innenstadt und dem Karmelitermarkt",1020 (2. Leopoldstadt),kiado,https://www.willhaben.at/iad/immobilien/d/mietwohnungen/wien/wien-1020-leopoldstadt/exklusive-2-zimmer-wohnung-in-hochwertigem-neubauprojekt-ca-49-m-mit-loggia-balkon-klimaanlage-und-aussergewoehnlicher-lage-zwischen-der-wiener-innenstadt-und-dem-karmelitermarkt-1095335407,1095335407.html,2026-10-08 15:07:17
1594134000,"Trend-Projekt in Top-Lage ""Kurzzeitmiete mit Betreibermodell""1020 Wien, 02. Bezirk, Leopoldstadt, Stuwerstraße 6043m²2ZimmerAccenta Immobilien e.U.€ 7.906,98/m²€ 340.000",1020 (2. Leopoldstadt),kiado,https://www.willhaben.at/iad/immobilien/d/eigentumswohnung/wien/wien-1020-leopoldstadt/trend-projekt-in-top-lage-kurzzeitmiete-mit-betreibermodell-1594134000,1594134000.html,2026-10-08 15:07:20
1958928651,"Trend-Projekt in Top-Lage ""Kurzzeitmiete mit Betreibermodell""1020 Wien, 02. Bezirk, Leopoldstadt, Stuwerstraße 6043m²2ZimmerAccenta Immobilien e.U.€ 8.116,28/m²€ 349.000",1020 (2. Leopoldstadt),kiado,https://www.willhaben.at/iad/immobilien/d/eigentumswohnung/wien/wien-1020-leopoldstadt/trend-projekt-in-top-lage-kurzzeitmiete-mit-betreibermodell-1958928651,1958928651.html,2026-10-08 15:07:24
1465279888,"Koffer packen & einziehen: Stilvoll möblierte Altbauwohnung mit neuer Einbauküche1020 Wien, 02. Bezirk, Leopoldstadt54m²2ZimmerRESIDA Asset GmbH€ 25/m²€ 1.350",1020 (2. Leopoldstadt),kiado,https://www.willhaben.at/iad/immobilien/d/mietwohnungen/wien/wien-1020-leopoldstadt/koffer-packen-einziehen-stilvoll-moeblierte-altbauwohnung-mit-neuer-einbaukueche-1465279888,1465279888.html,2026-10-08 15:07:48
1493395938,"GRÜNBLICK - Lokal mit großem Portal zur Meiereistraße1020 Wien, 02. Bezirk, Leopoldstadt, Meiereistraße 14815m²Geschäfts-/LadenlokalOPTIN Immobilien GmbH€ 20/m²€ 20",1020 (2. Leopoldstadt),kiado,https://www.willhaben.at/iad/immobilien/d/gewerbeimmobilien-mieten/wien/wien-1020-leopoldstadt/gruenblick-lokal-mit-grossem-portal-zur-meiereistrasse-1493395938,1493395938.html,2026-10-08 15:07:50
1039816286,"Attraktives Büro mit eigener Garage und zusätzlicher Lagerfläche1020 Wien, 02. Bezirk, Leopoldstadt160m²Büro/OrdinationDr. Funk Immobilien GmbH & Co KG€ 14,63/m²€ 2.341,55",1020 (2. Leopoldstadt),kiado,https://www.willhaben.at/iad/immobilien/d/gewerbeimmobilien-mieten/wien/wien-1020-leopoldstadt/attraktives-buero-mit-eigener-garage-und-zusaetzlicher-lagerflaeche-1039816286,1039816286.html,2026-10-08 15:07:56
816114533,"Lichtdurchflutete Gewerbefläche mit großzügiger Schaufensterfront1020 Wien, 02. Bezirk, Leopoldstadt, Engerthstraße 169350m²Büro/OrdinationEHL Immobilien GmbH€ 17,78/m²€ 6.222,05",1020 (2. Leopoldstadt),kiado,https://www.willhaben.at/iad/immobilien/d/gewerbeimmobilien-mieten/wien/wien-1020-leopoldstadt/lichtdurchflutete-gewerbeflaeche-mit-grosszuegiger-schaufensterfront-816114533,816114533.html,2026-10-08 15:07:59
1422904469,"Büroflächen direkt am Praterstern in 1020 Wien zu mieten1020 Wien, 02. Bezirk, Leopoldstadt590m²Büro/OrdinationÖRAG Immobilien Vermittlung GmbH€ 51,52/m²€ 30.394,45",1020 (2. Leopoldstadt),kiado,https://www.willhaben.at/iad/immobilien/d/gewerbeimmobilien-mieten/wien/wien-1020-leopoldstadt/bueroflaechen-direkt-am-praterstern-in-1020-wien-zu-mieten-1422904469,1422904469.html,2026-10-08 15:08:09
1617071666,"Büroflächen direkt am Praterstern in 1020 Wien zu mieten1020 Wien, 02. Bezirk, Leopoldstadt1.887m²Büro/OrdinationÖRAG Immobilien Vermittlung GmbH€ 16,11/m²€ 30.394,45",1020 (2. Leopoldstadt),kiado,https://www.willhaben.at/iad/immobilien/d/gewerbeimmobilien-mieten/wien/wien-1020-leopoldstadt/bueroflaechen-direkt-am-praterstern-in-1020-wien-zu-mieten-1617071666,1617071666.html,2026-10-08 15:08:12
1469680847,"++NEU++ TOP Gelegenheit: Hochwertiger Gelato & Café Betrieb TABORSTRAßE nur wenige Schritte zur U-Bahn! TOP-Konditionen!1020 Wien, 02. Bezirk, Leopoldstadt91m²Gastronomiegb-direkt Finanzberatung & Immobilienhandel GmbH€ 28,13/m²€ 2.560",1020 (2. Leopoldstadt),kiado,https://www.willhaben.at/iad/immobilien/d/gewerbeimmobilien-mieten/wien/wien-1020-leopoldstadt/-neu-top-gelegenheit-hochwertiger-gelato-cafe-betrieb-taborstrasse-nur-wenige-schritte-zur-u-bahn-top-konditionen-1469680847,1469680847.html,2026-10-08 15:08:15
792409709,"Büroflächen direkt am Praterstern in 1020 Wien zu mieten1020 Wien, 02. Bezirk, Leopoldstadt1.270m²Büro/OrdinationÖRAG Immobilien Vermittlung GmbH€ 23,93/m²€ 30.394,45",1020 (2. Leopoldstadt),kiado,https://www.willhaben.at/iad/immobilien/d/gewerbeimmobilien-mieten/wien/wien-1020-leopoldstadt/bueroflaechen-direkt-am-praterstern-in-1020-wien-zu-mieten-792409709,792409709.html,2026-10-08 15:08:18
924051510,"Unbefristet wunderschöne Stilaltbauwohnung - nahe Augarten - perfekt für eine 3er-WG1020 Wien, 02. Bezirk, Leopoldstadt132m²4ZimmerTrimond Immobilienmakler GesmbH€ 15,15/m²€ 1.999,26",1020 (2. Leopoldstadt),kiado,https://www.willhaben.at/iad/immobilien/d/mietwohnungen/wien/wien-1020-leopoldstadt/unbefristet-wunderschoene-stilaltbauwohnung-nahe-augarten-perfekt-fuer-eine-3er-wg-924051510,924051510.html,2026-10-08 15:08:52
1088533232,"Moderne Büroflächen in 1020 Wien1020 Wien, 02. Bezirk, Leopoldstadt803m²Büro/OrdinationÖRAG Immobilien Vermittlung GmbH€ 20,05/m²€ 16.100,15",1020 (2. Leopoldstadt),kiado,https://www.willhaben.at/iad/immobilien/d/gewerbeimmobilien-mieten/wien/wien-1020-leopoldstadt/moderne-bueroflaechen-in-1020-wien-1088533232,1088533232.html,2026-10-08 15:08:59
789315029,"Tolle 2-Zimmer-Wohnung, grüner Prater und U 2 vor der Türe1020 Wien, 02. Bezirk, Leopoldstadt52m²2ZimmerTerrasseImmobilien & Co€ 29,81/m²€ 1.550",1020 (2. Leopoldstadt),kiado,https://www.willhaben.at/iad/immobilien/d/mietwohnungen/wien/wien-1020-leopoldstadt/tolle-2-zimmer-wohnung-gruener-prater-und-u-2-vor-der-tuere-789315029,789315029.html,2026-10-08 15:09:13
835176135,"Moderne Co-Working Spaces und Private Offices - Flexible Arbeitsflächen1020 Wien, 02. Bezirk, Leopoldstadt, NordbahnstraßeBüro/OrdinationAccenta Immobilien e.U.€ 410",1020 (2. Leopoldstadt),kiado,https://www.willhaben.at/iad/immobilien/d/gewerbeimmobilien-mieten/wien/wien-1020-leopoldstadt/moderne-co-working-spaces-und-private-offices-flexible-arbeitsflaechen-835176135,835176135.html,2026-10-08 15:12:12
1775113350,"Großzügiger Wohntraum (135 m² | 4 Zimmer) mit Balkon nahe Prater & WU!1020 Wien, 02. Bezirk, Leopoldstadt, Hofenedergasse 3/10135m²4ZimmerBITU GmbH€ 14,07/m²€ 1.899",1020 (2. Leopoldstadt),kiado,https://www.willhaben.at/iad/immobilien/d/mietwohnungen/wien/wien-1020-leopoldstadt/grosszuegiger-wohntraum-135-m-4-zimmer-mit-balkon-nahe-prater-wu-1775113350,1775113350.html,2026-10-08 15:12:16
1985720728,"Blueground ID516, Leopoldstadt1020 Wien, 02. Bezirk, Leopoldstadt, Praterstraße 52107m²4ZimmerBalkonBlueground Austria GmbH€ 32,01/m²€ 3.425",1020 (2. Leopoldstadt),kiado,https://www.willhaben.at/iad/immobilien/d/mietwohnungen/wien/wien-1020-leopoldstadt/blueground-id516-leopoldstadt-1985720728,1985720728.html,2026-10-08 15:12:25
950693281,"Moderne Bürofläche mit hervorragender Anbindung1020 Wien, 02. Bezirk, Leopoldstadt338m²Büro/OrdinationColliers International Immobilienmakler GmbH€ 17,56/m²€ 5.933,60",1020 (2. Leopoldstadt),kiado,https://www.willhaben.at/iad/immobilien/d/gewerbeimmobilien-mieten/wien/wien-1020-leopoldstadt/moderne-bueroflaeche-mit-hervorragender-anbindung-950693281,950693281.html,2026-10-08 15:12:28
947856615,"LeopoldQuartier Office | Modernes Büro in Holzhybridbauweise | Nahe Donaukanal1020 Wien, 02. Bezirk, Leopoldstadt855m²Büro/OrdinationOTTO Immobilien GmbH€ 29,63/m²€ 25.336,75",1020 (2. Leopoldstadt),kiado,https://www.willhaben.at/iad/immobilien/d/gewerbeimmobilien-mieten/wien/wien-1020-leopoldstadt/leopoldquartier-office-modernes-buero-in-holzhybridbauweise-nahe-donaukanal-947856615,947856615.html,2026-10-08 15:12:32
1414050323,"LeopoldQuartier Office | Modernes Büro in Holzhybridbauweise | Nahe Donaukanal1020 Wien, 02. Bezirk, Leopoldstadt3.506m²Büro/OrdinationOTTO Immobilien GmbH€ 24,60/m²€ 24,60",1020 (2. Leopoldstadt),kiado,https://www.willhaben.at/iad/immobilien/d/gewerbeimmobilien-mieten/wien/wien-1020-leopoldstadt/leopoldquartier-office-modernes-buero-in-holzhybridbauweise-nahe-donaukanal-1414050323,1414050323.html,2026-10-08 15:12:35
1259401107,"Prater/ WU Nähe WG tauglich1020 Wien, 02. Bezirk, Leopoldstadt, Wittelsbachstrasse 1/2755m²2ZimmerPrivat€ 19,09/m²€ 1.050",1020 (2. Leopoldstadt),kiado,https://www.willhaben.at/iad/immobilien/d/mietwohnungen/wien/wien-1020-leopoldstadt/prater-wu-naehe-wg-tauglich-1259401107,1259401107.html,2026-10-08 15:12:39
1992261704,"NETTE 2-ZIMMER-NEUBAUWOHNUNG BEI DER U21020 Wien, 02. Bezirk, Leopoldstadt, Ausstellungsstraße 5044m²2ZimmerLoggias REAL - Wien€ 24,89/m²€ 1.095,27",1020 (2. Leopoldstadt),kiado,https://www.willhaben.at/iad/immobilien/d/mietwohnungen/wien/wien-1020-leopoldstadt/nette-2-zimmer-neubauwohnung-bei-der-u2-1992261704,1992261704.html,2026-10-08 15:12:42
1172439713,"Über die Dächer von Wien - 4-Zimmer Dachgeschosswohnung1020 Wien, 02. Bezirk, Leopoldstadt114m²Terrasse, Dachterrasses REAL - Wien€ 26,06/m²€ 2.970,48",1020 (2. Leopoldstadt),kiado,https://www.willhaben.at/iad/immobilien/d/mietwohnungen/wien/wien-1020-leopoldstadt/ueber-die-daecher-von-wien-4-zimmer-dachgeschosswohnung-1172439713,1172439713.html,2026-10-08 15:12:59
1228803043,"## Ihr GESCHÄFTSLOKAL im Herzen des NORDBAHNVIERTELS ##1020 Wien, 02. Bezirk, Leopoldstadt, Leystrasse 154102m²Geschäfts-/LadenlokalKIBB Immobilien GmbH€ 17,07/m²€ 1.740,93",1020 (2. Leopoldstadt),kiado,https://www.willhaben.at/iad/immobilien/d/gewerbeimmobilien-mieten/wien/wien-1020-leopoldstadt/-ihr-geschaeftslokal-im-herzen-des-nordbahnviertels-1228803043,1228803043.html,2026-10-08 15:13:09
1890335138,"Business trifft Lifestyle - Inspirierende Arbeitswelt für Ihr Konzept mit großzügigem Outdoor-Bereich1020 Wien, 02. Bezirk, Leopoldstadt142m²Büro/OrdinationLIFESTYLE PROPERTIES€ 14,97/m²€ 2.126,30",1020 (2. Leopoldstadt),kiado,https://www.willhaben.at/iad/immobilien/d/gewerbeimmobilien-mieten/wien/wien-1020-leopoldstadt/business-trifft-lifestyle-inspirierende-arbeitswelt-fuer-ihr-konzept-mit-grosszuegigem-outdoor-bereich-1890335138,1890335138.html,2026-10-08 15:13:25
917425905,"Grüne Oase 500m vom Zentrum - Innenhof mit großem Balkon, Fitness und Co-Working - Erstbezug & Warmmiete1020 Wien, 02. Bezirk, Leopoldstadt, Obere Donaustraße 2352m²2ZimmerBalkonPrivat€ 34,62/m²€ 1.800",1020 (2. Leopoldstadt),kiado,https://www.willhaben.at/iad/immobilien/d/mietwohnungen/wien/wien-1020-leopoldstadt/gruene-oase-500m-vom-zentrum-innenhof-mit-grossem-balkon-fitness-und-co-working-erstbezug-warmmiete-917425905,917425905.html,2026-10-08 15:13:42
1874191569,"Attraktive Wohnung mit Anlageoption: Garantiert vermietet | 4 % Rendite in gefragter Lage des 2. Bezirks1020 Wien, 02. Bezirk, Leopoldstadt108m²4ZimmerBalkonBoom Living GmbH & Co KG€ 7.925,93/m²€ 856.000",1020 (2. Leopoldstadt),kiado,https://www.willhaben.at/iad/immobilien/d/eigentumswohnung/wien/wien-1020-leopoldstadt/attraktive-wohnung-mit-anlageoption-garantiert-vermietet-4-rendite-in-gefragter-lage-des-2-bezirks-1874191569,1874191569.html,2026-10-08 15:13:51
1401348646,"Attraktive Wohnung mit Anlageoption: Garantiert vermietet | 4 % Rendite in gefragter Lage des 2. Bezirks1020 Wien, 02. Bezirk, Leopoldstadt165m²5ZimmerBalkon, GartenBoom Living GmbH & Co KG€ 7.496,97/m²€ 1.237.000",1020 (2. Leopoldstadt),kiado,https://www.willhaben.at/iad/immobilien/d/eigentumswohnung/wien/wien-1020-leopoldstadt/attraktive-wohnung-mit-anlageoption-garantiert-vermietet-4-rendite-in-gefragter-lage-des-2-bezirks-1401348646,1401348646.html,2026-10-08 15:13:58
1816058312,"!! ICH BIN SOOO FREI - modernes Büro mit Balkon mitten im Nordbahnviertel - AB SOFORT MIETEN !!1020 Wien, 02. Bezirk, Leopoldstadt99m²Büro/OrdinationKIBB Immobilien GmbH€ 21,86/m²€ 2.163,75",1020 (2. Leopoldstadt),kiado,https://www.willhaben.at/iad/immobilien/d/gewerbeimmobilien-mieten/wien/wien-1020-leopoldstadt/-ich-bin-sooo-frei-modernes-buero-mit-balkon-mitten-im-nordbahnviertel-ab-sofort-mieten-1816058312,1816058312.html,2026-10-08 15:14:07
858739196,"TRAUMWOHNUNG im Nordbahnviertel!1020 Wien, 02. Bezirk, Leopoldstadt56m²2ZimmerBalkonKIBB Immobilien GmbH€ 22,77/m²€ 1.275",1020 (2. Leopoldstadt),kiado,https://www.willhaben.at/iad/immobilien/d/mietwohnungen/wien/wien-1020-leopoldstadt/traumwohnung-im-nordbahnviertel-858739196,858739196.html,2026-10-08 15:16:53
1119915072,"## ICH BIN SO FREI! Helles & modernes Büro mitten im Nordbahnviertel! ##1020 Wien, 02. Bezirk, Leopoldstadt99m²Büro/OrdinationKIBB Immobilien GmbH€ 15,87/m²€ 15,87",1020 (2. Leopoldstadt),kiado,https://www.willhaben.at/iad/immobilien/d/gewerbeimmobilien-mieten/wien/wien-1020-leopoldstadt/-ich-bin-so-frei-helles-modernes-buero-mitten-im-nordbahnviertel-1119915072,1119915072.html,2026-10-08 15:16:56
947489398,"reserviert(reserviert) 56 m² | 2-Zimmer-Wohnung | Unbefristet | € 7501020 Wien, 02. Bezirk, Leopoldstadt, Vorgartenstraße56m²2ZimmerPrivatReserviert",1020 (2. Leopoldstadt),kiado,https://www.willhaben.at/iad/immobilien/d/mietwohnungen/wien/wien-1020-leopoldstadt/56-m-2-zimmer-wohnung-unbefristet-750-947489398,947489398.html,2026-10-08 15:17:25
919721763,"Blueground ID120, Leopoldstadt1020 Wien, 02. Bezirk, Leopoldstadt, Wehlistraße 29153m²2ZimmerBalkonBlueground Austria GmbH€ 38,77/m²€ 2.055",1020 (2. Leopoldstadt),kiado,https://www.willhaben.at/iad/immobilien/d/mietwohnungen/wien/wien-1020-leopoldstadt/blueground-id120-leopoldstadt-919721763,919721763.html,2026-10-08 15:17:29
1930222191,"Neu adaptiertes Cafe Konditorei Restaurant auf frequentiertem zentralen Hauptplatz im 2. Bezirk1020 Wien, 02. Bezirk, LeopoldstadtGastronomieWertimmobilien Consulting KG€ 1.830",1020 (2. Leopoldstadt),kiado,https://www.willhaben.at/iad/immobilien/d/gewerbeimmobilien-mieten/wien/wien-1020-leopoldstadt/neu-adaptiertes-cafe-konditorei-restaurant-auf-frequentiertem-zentralen-hauptplatz-im-2-bezirk-1930222191,1930222191.html,2026-10-08 15:17:42
1496898117,"LUXUS-DG-MAISONETTE - 5 ZIMMER | DACHTERRASSE & KLIMA | 2. BEZIRK1020 Wien, 02. Bezirk, Leopoldstadt, Raimundgasse170m²5ZimmerTerrasse, DachterrassePrivat€ 22,88/m²€ 3.890",1020 (2. Leopoldstadt),kiado,https://www.willhaben.at/iad/immobilien/d/mietwohnungen/wien/wien-1020-leopoldstadt/luxus-dg-maisonette-5-zimmer-dachterrasse-klima-2-bezirk-1496898117,1496898117.html,2026-10-08 15:18:16
1197834938,"Short Term Rental: Furnished Serviced 2-Room-Apartment close to City Center1020 Wien, 02. Bezirk, Leopoldstadt, Novaragasse 12A55m²2ZimmerTerrasse, GartenGewerblicher Anbieter€ 30,73/m²€ 1.690",1020 (2. Leopoldstadt),kiado,https://www.willhaben.at/iad/immobilien/d/mietwohnungen/wien/wien-1020-leopoldstadt/short-term-rental-furnished-serviced-2-room-apartment-close-to-city-center-1197834938,1197834938.html,2026-10-08 15:18:42
1235900980,"Modernes Arbeiten im VIENNA WORKS am Austria Campus - Büroflächen zu mieten in 1020 Wien1020 Wien, 02. Bezirk, Leopoldstadt647m²Büro/OrdinationÖRAG Immobilien Vermittlung GmbH€ 23,55/m²€ 15.236,85",1020 (2. Leopoldstadt),kiado,https://www.willhaben.at/iad/immobilien/d/gewerbeimmobilien-mieten/wien/wien-1020-leopoldstadt/modernes-arbeiten-im-vienna-works-am-austria-campus-bueroflaechen-zu-mieten-in-1020-wien-1235900980,1235900980.html,2026-10-08 15:18:45
1926147405,"4,8 % Rendite | Gewerbepaket nahe U2 Praterstern - vermietet1020 Wien, 02. Bezirk, Leopoldstadt, Wolfgang-Schmälzl-Gasse203m²Geschäfts-/LadenlokalEDEX Immobilien GmbH€ 2.906,40/m²€ 590.000",1020 (2. Leopoldstadt),kiado,https://www.willhaben.at/iad/immobilien/d/gewerbeimmobilien-kaufen/wien/wien-1020-leopoldstadt/4-8-rendite-gewerbepaket-nahe-u2-praterstern-vermietet-1926147405,1926147405.html,2026-10-08 15:18:48
2037205424,"Moderne Büroflächen im VIENNA WORKS am Austria Campus1020 Wien, 02. Bezirk, Leopoldstadt, Rothschildplatz 15.665m²Büro/OrdinationCBRE GmbHKeine Angabe",1020 (2. Leopoldstadt),kiado,https://www.willhaben.at/iad/immobilien/d/gewerbeimmobilien-mieten/wien/wien-1020-leopoldstadt/moderne-bueroflaechen-im-vienna-works-am-austria-campus-2037205424,2037205424.html,2026-10-08 15:21:48
1831762219,"Hochwertig ausgebaute Ordination in Top-Adresse1020 Wien, 02. Bezirk, Leopoldstadt250m²Büro/OrdinationOTTO Immobilien GmbH€ 20,50/m²€ 20,50",1020 (2. Leopoldstadt),kiado,https://www.willhaben.at/iad/immobilien/d/gewerbeimmobilien-mieten/wien/wien-1020-leopoldstadt/hochwertig-ausgebaute-ordination-in-top-adresse-1831762219,1831762219.html,2026-10-08 15:22:03
1937261980,"LeopoldQuartier. CO2 neutrales Vorzeigeprojekt der UBM1020 Wien, 02. Bezirk, Leopoldstadt525m²Büro/OrdinationEHL Immobilien GmbH€ 24,10/m²€ 24,10",1020 (2. Leopoldstadt),kiado,https://www.willhaben.at/iad/immobilien/d/gewerbeimmobilien-mieten/wien/wien-1020-leopoldstadt/leopoldquartier-co2-neutrales-vorzeigeprojekt-der-ubm-1937261980,1937261980.html,2026-10-08 15:22:07
895957006,"LeopoldQuartier. CO2 neutrales Vorzeigeprojekt der UBM1020 Wien, 02. Bezirk, Leopoldstadt369m²Büro/OrdinationEHL Immobilien GmbH€ 24,60/m²€ 24,60",1020 (2. Leopoldstadt),kiado,https://www.willhaben.at/iad/immobilien/d/gewerbeimmobilien-mieten/wien/wien-1020-leopoldstadt/leopoldquartier-co2-neutrales-vorzeigeprojekt-der-ubm-895957006,895957006.html,2026-10-08 15:22:10
2112586812,"LeopoldQuartier. CO2 neutrales Vorzeigeprojekt der UBM1020 Wien, 02. Bezirk, Leopoldstadt419m²Büro/OrdinationEHL Immobilien GmbH€ 24,60/m²€ 24,60",1020 (2. Leopoldstadt),kiado,https://www.willhaben.at/iad/immobilien/d/gewerbeimmobilien-mieten/wien/wien-1020-leopoldstadt/leopoldquartier-co2-neutrales-vorzeigeprojekt-der-ubm-2112586812,2112586812.html,2026-10-08 15:22:18
1714178765,"Lagerfläche im HSW-Ofﬁcepark Nähe Praterstern, 1020 Wien1020 Wien, 02. Bezirk, Leopoldstadt504m²LagerhalleÖRAG Immobilien Vermittlung GmbH€ 8,60/m²€ 4.333,40",1020 (2. Leopoldstadt),kiado,https://www.willhaben.at/iad/immobilien/d/gewerbeimmobilien-mieten/wien/wien-1020-leopoldstadt/lagerflaeche-im-hsw-of-cepark-naehe-praterstern-1020-wien-1714178765,1714178765.html,2026-10-08 15:22:20
1785100106,"LeopoldQuartier. CO2 neutrales Vorzeigeprojekt der UBM1020 Wien, 02. Bezirk, Leopoldstadt401m²Büro/OrdinationEHL Immobilien GmbH€ 24,60/m²€ 24,60",1020 (2. Leopoldstadt),kiado,https://www.willhaben.at/iad/immobilien/d/gewerbeimmobilien-mieten/wien/wien-1020-leopoldstadt/leopoldquartier-co2-neutrales-vorzeigeprojekt-der-ubm-1785100106,1785100106.html,2026-10-08 15:22:23
2110103471,"Großzügig, Zentral, Perfekte Grundriss, 5 Zimmer, Nähe Schottenring U2/U4, Donaukanal1020 Wien, 02. Bezirk, Leopoldstadt111m²5ZimmerDual Immobilien GmbH€ 21,53/m²€ 2.390",1010 (1. Innere Stadt),kiado,https://www.willhaben.at/iad/immobilien/d/mietwohnungen/wien/wien-1020-leopoldstadt/grosszuegig-zentral-perfekte-grundriss-5-zimmer-naehe-schottenring-u2-u4-donaukanal-2110103471,2110103471.html,2026-10-08 15:22:26
891792495,"Attraktive Büroflächen im 2nd CENTRAL1020 Wien, 02. Bezirk, LeopoldstadtBüro/OrdinationWohn3 Team GmbH€ 9.002,40",1020 (2. Leopoldstadt),kiado,https://www.willhaben.at/iad/immobilien/d/gewerbeimmobilien-mieten/wien/wien-1020-leopoldstadt/attraktive-bueroflaechen-im-2nd-central-891792495,891792495.html,2026-10-08 15:22:35
2066500155,"Flexible Büroflächen im 2nd CENTRAL1020 Wien, 02. Bezirk, LeopoldstadtBüro/OrdinationWohn3 Team GmbH€ 19,36/m²€ 18.740,48",1020 (2. Leopoldstadt),kiado,https://www.willhaben.at/iad/immobilien/d/gewerbeimmobilien-mieten/wien/wien-1020-leopoldstadt/flexible-bueroflaechen-im-2nd-central-2066500155,2066500155.html,2026-10-08 15:22:38
900358037,"LeopoldQuartier. CO2 neutrales Vorzeigeprojekt der UBM1020 Wien, 02. Bezirk, Leopoldstadt594m²Büro/OrdinationEHL Immobilien GmbH€ 26,10/m²€ 26,10",1020 (2. Leopoldstadt),kiado,https://www.willhaben.at/iad/immobilien/d/gewerbeimmobilien-mieten/wien/wien-1020-leopoldstadt/leopoldquartier-co2-neutrales-vorzeigeprojekt-der-ubm-900358037,900358037.html,2026-10-08 15:22:41
1150958574,"AUSTRIA CAMPUS BT 3 - bezugsfertige Büroflächen1020 Wien, 02. Bezirk, Leopoldstadt716m²Büro/OrdinationCBRE GmbHKeine Angabe",1020 (2. Leopoldstadt),kiado,https://www.willhaben.at/iad/immobilien/d/gewerbeimmobilien-mieten/wien/wien-1020-leopoldstadt/austria-campus-bt-3-bezugsfertige-bueroflaechen-1150958574,1150958574.html,2026-10-08 15:22:44
1541587838,Helle 2-Zimmer-Wohnung mit Donaukanal-Blick direkt am 1. Bezirk,1020 (2. Leopoldstadt),kiado,https://www.willhaben.at/iad/immobilien/d/mietwohnungen/wien/wien-1020-leopoldstadt/helle-2-zimmer-wohnung-mit-donaukanal-blick-direkt-am-1-bezirk-1541587838,1541587838.html,2026-10-08 15:26:27
1609885058,"Flexibel beplanbare Bürofläche nähe Praterstern zu mieten | klimatisiert1020 Wien, 02. Bezirk, Leopoldstadt265m²Büro/OrdinationColliers International Immobilienmakler GmbH€ 16,22/m²€ 4.299,44",1020 (2. Leopoldstadt),kiado,https://www.willhaben.at/iad/immobilien/d/gewerbeimmobilien-mieten/wien/wien-1020-leopoldstadt/flexibel-beplanbare-bueroflaeche-naehe-praterstern-zu-mieten-klimatisiert-1609885058,1609885058.html,2026-10-08 15:26:30
1215545791,"QUARTIER LASSALLE 1 - Büros am Puls der Stadt1020 Wien, 02. Bezirk, Leopoldstadt, Lassallestraße 11.558m²Büro/OrdinationOPTIN Immobilien GmbH€ 15,50/m²€ 15,50",1020 (2. Leopoldstadt),kiado,https://www.willhaben.at/iad/immobilien/d/gewerbeimmobilien-mieten/wien/wien-1020-leopoldstadt/quartier-lassalle-1-bueros-am-puls-der-stadt-1215545791,1215545791.html,2026-10-08 15:26:33
1771938146,"Bürofläche im Pharoshaus in 1020 Wien zu mieten, Nähe Austria Campus1020 Wien, 02. Bezirk, Leopoldstadt387m²Büro/OrdinationÖRAG Immobilien Vermittlung GmbH€ 16,09/m²€ 6.225,52",1020 (2. Leopoldstadt),kiado,https://www.willhaben.at/iad/immobilien/d/gewerbeimmobilien-mieten/wien/wien-1020-leopoldstadt/bueroflaeche-im-pharoshaus-in-1020-wien-zu-mieten-naehe-austria-campus-1771938146,1771938146.html,2026-10-08 15:27:17
924652625,"Moderne 2-Zimmer-Wohnung mit Loggia in Augartennähe1020 Wien, 02. Bezirk, Leopoldstadt60m²2ZimmerLoggiaEDEX Immobilien GmbH€ 24,98/m²€ 1.499",1020 (2. Leopoldstadt),kiado,https://www.willhaben.at/iad/immobilien/d/mietwohnungen/wien/wien-1020-leopoldstadt/moderne-2-zimmer-wohnung-mit-loggia-in-augartennaehe-924652625,924652625.html,2026-10-08 15:27:20
1225096529,"++ AM TABOR ++ Vielseitig nutzbares Magazin mit eigenem Badezimmer1020 Wien, 02. Bezirk, Leopoldstadt, Am Tabor14m²LagerhalleSchantl ITH Immobilientreuhand GmbH€ 17,86/m²€ 250",1020 (2. Leopoldstadt),kiado,https://www.willhaben.at/iad/immobilien/d/gewerbeimmobilien-mieten/wien/wien-1020-leopoldstadt/-am-tabor-vielseitig-nutzbares-magazin-mit-eigenem-badezimmer-1225096529,1225096529.html,2026-10-08 15:27:29
2045805564,"Moderne 2 Zimmerwohnung mit Loggia/Balkon in U-Bahn-Nähe!1020 Wien, 02. Bezirk, Leopoldstadt, Ausstellungsstraße56m²2ZimmerBalkon, LoggiaEHL Immobilien GmbH€ 22,31/m²€ 1.249,59",1020 (2. Leopoldstadt),kiado,https://www.willhaben.at/iad/immobilien/d/mietwohnungen/wien/wien-1020-leopoldstadt/moderne-2-zimmerwohnung-mit-loggia-balkon-in-u-bahn-naehe-2045805564,2045805564.html,2026-10-08 15:27:31
1831900655,"LEOPOLD QUARTIER OFFICE Das Beste aus Natur und Stadt1020 Wien, 02. Bezirk, Leopoldstadt1.295m²Büro/OrdinationCushman & Wakefield CBS International GmbH€ 25,60/m²€ 25,60",1020 (2. Leopoldstadt),kiado,https://www.willhaben.at/iad/immobilien/d/gewerbeimmobilien-mieten/wien/wien-1020-leopoldstadt/leopold-quartier-office-das-beste-aus-natur-und-stadt-1831900655,1831900655.html,2026-10-08 15:27:44
1323807820,"LEOPOLD QUARTIER OFFICE Das Beste aus Natur und Stadt1020 Wien, 02. Bezirk, Leopoldstadt3.541m²Büro/OrdinationCushman & Wakefield CBS International GmbH€ 25,10/m²€ 25,10",1020 (2. Leopoldstadt),kiado,https://www.willhaben.at/iad/immobilien/d/gewerbeimmobilien-mieten/wien/wien-1020-leopoldstadt/leopold-quartier-office-das-beste-aus-natur-und-stadt-1323807820,1323807820.html,2026-10-08 15:27:47
1886794994,"3-Zimmer Erstbezug!1020 Wien, 02. Bezirk, Leopoldstadt65m²3ZimmerPawlowski Immobilien e.U.€ 25,38/m²€ 1.650",1020 (2. Leopoldstadt),kiado,https://www.willhaben.at/iad/immobilien/d/mietwohnungen/wien/wien-1020-leopoldstadt/3-zimmer-erstbezug-1886794994,1886794994.html,2026-10-08 15:27:55
1689628427,"TOP Büroflächen in der eZone1020 Wien, 02. Bezirk, Leopoldstadt439m²Büro/OrdinationCBRE GmbH€ 16/m²€ 16",1020 (2. Leopoldstadt),kiado,https://www.willhaben.at/iad/immobilien/d/gewerbeimmobilien-mieten/wien/wien-1020-leopoldstadt/top-bueroflaechen-in-der-ezone-1689628427,1689628427.html,2026-10-08 15:28:05
852073051,"TOP Büroflächen in der eZone1020 Wien, 02. Bezirk, Leopoldstadt937m²Büro/OrdinationCBRE GmbH€ 15,50/m²€ 15,50",1020 (2. Leopoldstadt),kiado,https://www.willhaben.at/iad/immobilien/d/gewerbeimmobilien-mieten/wien/wien-1020-leopoldstadt/top-bueroflaechen-in-der-ezone-852073051,852073051.html,2026-10-08 15:28:08
1501454872,"Furnished Studio with Balcony in prime location | LeopoldQuartier1020 Wien, 02. Bezirk, Leopoldstadt35m²1ZimmerBalkonPrivat€ 35,71/m²€ 1.250",1020 (2. Leopoldstadt),kiado,https://www.willhaben.at/iad/immobilien/d/mietwohnungen/wien/wien-1020-leopoldstadt/furnished-studio-with-balcony-in-prime-location-leopoldquartier-1501454872,1501454872.html,2026-10-08 15:28:23
1498057567,Zentrale Wohnung mit Autostellplatz,1020 (2. Leopoldstadt),kiado,https://www.willhaben.at/iad/immobilien/d/mietwohnungen/wien/wien-1020-leopoldstadt/zentrale-wohnung-mit-autostellplatz-1498057567,1498057567.html,2026-10-08 15:31:16
1275599630,"All-Inclusive-Miete in Top-Lage - Kurzzeitvermietung *verfügbar ab 03.03.2027*1020 Wien, 02. Bezirk, Leopoldstadt, Stuwerstraße 4733m²1ZimmerPrivat€ 41,82/m²€ 1.380",1020 (2. Leopoldstadt),kiado,https://www.willhaben.at/iad/immobilien/d/mietwohnungen/wien/wien-1020-leopoldstadt/all-inclusive-miete-in-top-lage-kurzzeitvermietung-verfuegbar-ab-03-03-2027-1275599630,1275599630.html,2026-10-08 15:31:25
1939395384,"All-Inclusive-Miete in Top-Lage - Kurzzeitvermietung *verfügbar ab 09.11.2026*1020 Wien, 02. Bezirk, Leopoldstadt, Stuwerstraße 4733m²1ZimmerPrivat€ 41,82/m²€ 1.380",1020 (2. Leopoldstadt),kiado,https://www.willhaben.at/iad/immobilien/d/mietwohnungen/wien/wien-1020-leopoldstadt/all-inclusive-miete-in-top-lage-kurzzeitvermietung-verfuegbar-ab-09-11-2026-1939395384,1939395384.html,2026-10-08 15:31:28
1423440847,"Maisonette-Wohnung mit 3 Schlafzimmern frisch renoviert, voll möbliert, direkt am Rudolf-Bednar-Park1020 Wien, 02. Bezirk, Leopoldstadt, Fanny Mintz Gasse 1115m²4ZimmerBalkonPrivat€ 26,09/m²€ 3.000",1020 (2. Leopoldstadt),kiado,https://www.willhaben.at/iad/immobilien/d/mietwohnungen/wien/wien-1020-leopoldstadt/maisonette-wohnung-mit-3-schlafzimmern-frisch-renoviert-voll-moebliert-direkt-am-rudolf-bednar-park-1423440847,1423440847.html,2026-10-08 15:31:32
934749515,"Stilvolle 3-Zimmer-Maisonette in begehrter Lage des 2. Bezirks1020 Wien, 02. Bezirk, Leopoldstadt86m²3ZimmerMIDSTONE Immobilien GmbH€ 20,01/m²€ 1.720,67",1020 (2. Leopoldstadt),kiado,https://www.willhaben.at/iad/immobilien/d/mietwohnungen/wien/wien-1020-leopoldstadt/stilvolle-3-zimmer-maisonette-in-begehrter-lage-des-2-bezirks-934749515,934749515.html,2026-10-08 15:31:38
1812187947,"## 130 m² TERRASSE - Ihr Geschäftslokal im Herzen des Nordbahnviertels - BELAGSFERTIG ##1020 Wien, 02. Bezirk, Leopoldstadt, Leystrasse 155174m²Geschäfts-/LadenlokalKIBB Immobilien GmbH€ 22,18/m²€ 3.859,32",1020 (2. Leopoldstadt),kiado,https://www.willhaben.at/iad/immobilien/d/gewerbeimmobilien-mieten/wien/wien-1020-leopoldstadt/-130-m-terrasse-ihr-geschaeftslokal-im-herzen-des-nordbahnviertels-belagsfertig-1812187947,1812187947.html,2026-10-08 15:31:40
1750492385,"## BELAGSFERTIG - Ihr Geschäftslokal im Herzen des NORDBAHNVIERTELS ##1020 Wien, 02. Bezirk, Leopoldstadt, Leystrasse 155143m²Geschäfts-/LadenlokalKIBB Immobilien GmbH€ 22,28/m²€ 3.186,05",1020 (2. Leopoldstadt),kiado,https://www.willhaben.at/iad/immobilien/d/gewerbeimmobilien-mieten/wien/wien-1020-leopoldstadt/-belagsfertig-ihr-geschaeftslokal-im-herzen-des-nordbahnviertels-1750492385,1750492385.html,2026-10-08 15:31:43
1462668262,"## Ihr BÜRO im Herzen des NORDBAHNVIERTELS ##1020 Wien, 02. Bezirk, Leopoldstadt, Leystrasse 154137m²Büro/OrdinationKIBB Immobilien GmbH€ 16,07/m²€ 2.201,30",1020 (2. Leopoldstadt),kiado,https://www.willhaben.at/iad/immobilien/d/gewerbeimmobilien-mieten/wien/wien-1020-leopoldstadt/-ihr-buero-im-herzen-des-nordbahnviertels-1462668262,1462668262.html,2026-10-08 15:31:46
801613076,"## Ihre PRAXIS im Herzen des NORDBAHNVIERTELS ##1020 Wien, 02. Bezirk, Leopoldstadt, Leystrasse 154245m²Büro/OrdinationKIBB Immobilien GmbH€ 17,07/m²€ 4.181,63",1020 (2. Leopoldstadt),kiado,https://www.willhaben.at/iad/immobilien/d/gewerbeimmobilien-mieten/wien/wien-1020-leopoldstadt/-ihre-praxis-im-herzen-des-nordbahnviertels-801613076,801613076.html,2026-10-08 15:31:50
1931159696,"Exklusive: vollmöblierte 70-m²-Wohnung mit Terrasse & Garage - wenige Minuten vom Schwedenplatz1020 Wien, 02. Bezirk, Leopoldstadt, Lilienbrunngasse70m²2ZimmerTerrassePrivat€ 28,57/m²€ 2.000",1020 (2. Leopoldstadt),kiado,https://www.willhaben.at/iad/immobilien/d/mietwohnungen/wien/wien-1020-leopoldstadt/exklusive-vollmoeblierte-70-m-wohnung-mit-terrasse-garage-wenige-minuten-vom-schwedenplatz-1931159696,1931159696.html,2026-10-08 15:31:53
1919894836,"Moderne Praxisräume · U1 & U2 in Gehweite · All-in Miete · Ideal für Therapeuten & Gesundheitsdienstleister1020 Wien, 02. Bezirk, Leopoldstadt10m²Büro/Ordination4 Immobilien GmbH€ 65/m²€ 650",1020 (2. Leopoldstadt),kiado,https://www.willhaben.at/iad/immobilien/d/gewerbeimmobilien-mieten/wien/wien-1020-leopoldstadt/moderne-praxisraeume-u1-u2-in-gehweite-all-in-miete-ideal-fuer-therapeuten-gesundheitsdienstleister-1919894836,1919894836.html,2026-10-08 15:32:05
2008567043,"Lichtdurchflutete Erstbezug-Wohnung im 'Grünblick' - Viertel Zwei1020 Wien, 02. Bezirk, Leopoldstadt82m²3ZimmerTerrasse, BalkonReinberg & Partner GmbH€ 33,34/m²€ 2.733,74",1020 (2. Leopoldstadt),kiado,https://www.willhaben.at/iad/immobilien/d/mietwohnungen/wien/wien-1020-leopoldstadt/lichtdurchflutete-erstbezug-wohnung-im-gruenblick-viertel-zwei-2008567043,2008567043.html,2026-10-08 15:32:17
809508167,"Top-Lage als Garant für nachhaltige Vermietung1020 Wien, 02. Bezirk, Leopoldstadt, Obere DonaustraßeEHL Immobilien GmbH€ 10.913,04/m²€ 502.000",1020 (2. Leopoldstadt),kiado,https://www.willhaben.at/iad/immobilien/d/sonstige/sonstige/top-lage-als-garant-fuer-nachhaltige-vermietung-809508167,809508167.html,2026-10-08 15:32:41
1256177504,"Top-Lage als Garant für nachhaltige Vermietung1020 Wien, 02. Bezirk, Leopoldstadt, Obere DonaustraßeEHL Immobilien GmbH€ 9.735,85/m²€ 516.000",1020 (2. Leopoldstadt),kiado,https://www.willhaben.at/iad/immobilien/d/sonstige/sonstige/top-lage-als-garant-fuer-nachhaltige-vermietung-1256177504,1256177504.html,2026-10-08 15:36:08
1376304345,"Top-Lage als Garant für nachhaltige Vermietung1020 Wien, 02. Bezirk, Leopoldstadt, Obere DonaustraßeEHL Immobilien GmbH€ 10.169,81/m²€ 539.000",1020 (2. Leopoldstadt),kiado,https://www.willhaben.at/iad/immobilien/d/sonstige/sonstige/top-lage-als-garant-fuer-nachhaltige-vermietung-1376304345,1376304345.html,2026-10-08 15:36:15
2053576126,"Top-Lage als Garant für nachhaltige Vermietung1020 Wien, 02. Bezirk, Leopoldstadt, Obere DonaustraßeEHL Immobilien GmbH€ 9.978,26/m²€ 459.000",1020 (2. Leopoldstadt),kiado,https://www.willhaben.at/iad/immobilien/d/sonstige/sonstige/top-lage-als-garant-fuer-nachhaltige-vermietung-2053576126,2053576126.html,2026-10-08 15:36:19
2086552511,"Top-Lage als Garant für nachhaltige Vermietung1020 Wien, 02. Bezirk, Leopoldstadt, Obere DonaustraßeEHL Immobilien GmbH€ 11.255,32/m²€ 529.000",1020 (2. Leopoldstadt),kiado,https://www.willhaben.at/iad/immobilien/d/sonstige/sonstige/top-lage-als-garant-fuer-nachhaltige-vermietung-2086552511,2086552511.html,2026-10-08 15:36:28
2109794971,"Top-Lage als Garant für nachhaltige Vermietung1020 Wien, 02. Bezirk, Leopoldstadt, Obere DonaustraßeEHL Immobilien GmbH€ 10.434,78/m²€ 480.000",1020 (2. Leopoldstadt),kiado,https://www.willhaben.at/iad/immobilien/d/sonstige/sonstige/top-lage-als-garant-fuer-nachhaltige-vermietung-2109794971,2109794971.html,2026-10-08 15:36:36
1675513248,"Top-Lage als Garant für nachhaltige Vermietung1020 Wien, 02. Bezirk, Leopoldstadt, Obere DonaustraßeEHL Immobilien GmbH€ 10.142,86/m²€ 355.000",1020 (2. Leopoldstadt),kiado,https://www.willhaben.at/iad/immobilien/d/sonstige/sonstige/top-lage-als-garant-fuer-nachhaltige-vermietung-1675513248,1675513248.html,2026-10-08 15:36:55
1767988459,"Top-Lage als Garant für nachhaltige Vermietung1020 Wien, 02. Bezirk, Leopoldstadt, Obere DonaustraßeEHL Immobilien GmbH€ 10.111,11/m²€ 546.000",1020 (2. Leopoldstadt),kiado,https://www.willhaben.at/iad/immobilien/d/sonstige/sonstige/top-lage-als-garant-fuer-nachhaltige-vermietung-1767988459,1767988459.html,2026-10-08 15:37:04
912932750,"Liebevoll renovierte Dachgeschosswohnung1020 Wien, 02. Bezirk, Leopoldstadt, Lassallestraße 42/1984m²3ZimmerTerrasseSO&CO GmbH€ 33,73/m²€ 2.833",1020 (2. Leopoldstadt),kiado,https://www.willhaben.at/iad/immobilien/d/mietwohnungen/wien/wien-1020-leopoldstadt/liebevoll-renovierte-dachgeschosswohnung-912932750,912932750.html,2026-10-08 15:37:24
1284377767,"Repräsentative Bürofläche im Herzen des 2. Bezirks: Arbeiten im PHAROS HAUS1020 Wien, 02. Bezirk, Leopoldstadt, Nordbahnstraße 36265m²Büro/OrdinationJP Immobilien€ 16,22/m²€ 4.299,44",1020 (2. Leopoldstadt),kiado,https://www.willhaben.at/iad/immobilien/d/gewerbeimmobilien-mieten/wien/wien-1020-leopoldstadt/repraesentative-bueroflaeche-im-herzen-des-2-bezirks-arbeiten-im-pharos-haus-1284377767,1284377767.html,2026-10-08 15:37:31
1932891033,"Erstbezug: helle 4-Zimmer-Altbau-Wohnung im 1. OG (ohne Lift)1020 Wien, 02. Bezirk, Leopoldstadt176m²4ZimmerMittelsmann Philipp Sulek GmbH€ 19,89/m²€ 3.500",1020 (2. Leopoldstadt),kiado,https://www.willhaben.at/iad/immobilien/d/mietwohnungen/wien/wien-1020-leopoldstadt/erstbezug-helle-4-zimmer-altbau-wohnung-im-1-og-ohne-lift-1932891033,1932891033.html,2026-10-08 15:37:33
918514780,"Zentrale Geschäftsfläche mit Schaufensterfront1020 Wien, 02. Bezirk, Leopoldstadt161m²Geschäfts-/LadenlokalOTTO Immobilien GmbH€ 36,65/m²€ 5.900",1020 (2. Leopoldstadt),kiado,https://www.willhaben.at/iad/immobilien/d/gewerbeimmobilien-mieten/wien/wien-1020-leopoldstadt/zentrale-geschaeftsflaeche-mit-schaufensterfront-918514780,918514780.html,2026-10-08 15:37:36
934041890,"Altbau Büroräume nähe Nestroyplatz1020 Wien, 02. Bezirk, Leopoldstadt157m²Büro/OrdinationPrivat€ 13,50/m²€ 13,50",1020 (2. Leopoldstadt),kiado,https://www.willhaben.at/iad/immobilien/d/gewerbeimmobilien-mieten/wien/wien-1020-leopoldstadt/altbau-bueroraeume-naehe-nestroyplatz-934041890,934041890.html,2026-10-08 15:37:45
1748601469,"Bürofläche im Pharoshaus in 1020 Wien zu mieten, Nähe Austria Campus1020 Wien, 02. Bezirk, Leopoldstadt329m²Büro/OrdinationÖRAG Immobilien Vermittlung GmbH€ 16,06/m²€ 5.284,78",1020 (2. Leopoldstadt),kiado,https://www.willhaben.at/iad/immobilien/d/gewerbeimmobilien-mieten/wien/wien-1020-leopoldstadt/bueroflaeche-im-pharoshaus-in-1020-wien-zu-mieten-naehe-austria-campus-1748601469,1748601469.html,2026-10-08 15:37:51
1969462990,"Modernes Arbeiten im VIENNA WORKS am Austria Campus1020 Wien, 02. Bezirk, Leopoldstadt599m²Büro/OrdinationEHL Immobilien GmbH€ 17,70/m²€ 17,70",1020 (2. Leopoldstadt),kiado,https://www.willhaben.at/iad/immobilien/d/gewerbeimmobilien-mieten/wien/wien-1020-leopoldstadt/modernes-arbeiten-im-vienna-works-am-austria-campus-1969462990,1969462990.html,2026-10-08 15:37:55
1887367599,"Modernes Arbeiten im VIENNA WORKS am Austria Campus1020 Wien, 02. Bezirk, Leopoldstadt1.958m²Büro/OrdinationEHL Immobilien GmbH€ 17,70/m²€ 17,70",1020 (2. Leopoldstadt),kiado,https://www.willhaben.at/iad/immobilien/d/gewerbeimmobilien-mieten/wien/wien-1020-leopoldstadt/modernes-arbeiten-im-vienna-works-am-austria-campus-1887367599,1887367599.html,2026-10-08 15:37:57
1601026490,"REPRÄSENTATIVES GESCHÄFTSLOKAL MIT GLASFRONT + LAGERHALLE NÄHE TABORSTRASSE ZU VERMIETEN1020 Wien, 02. Bezirk, Leopoldstadt222m²LagerhalleWISION HOME GmbH€ 12,67/m²€ 2.812,98",1020 (2. Leopoldstadt),kiado,https://www.willhaben.at/iad/immobilien/d/gewerbeimmobilien-mieten/wien/wien-1020-leopoldstadt/repraesentatives-geschaeftslokal-mit-glasfront-lagerhalle-naehe-taborstrasse-zu-vermieten-1601026490,1601026490.html,2026-10-08 15:40:52
848304023,"Moderne Büroflächen im VIENNA WORKS am Austria Campus - BT 41020 Wien, 02. Bezirk, Leopoldstadt5.553m²Büro/OrdinationCBRE GmbH€ 17,60/m²€ 17,60",1020 (2. Leopoldstadt),kiado,https://www.willhaben.at/iad/immobilien/d/gewerbeimmobilien-mieten/wien/wien-1020-leopoldstadt/moderne-bueroflaechen-im-vienna-works-am-austria-campus-bt-4-848304023,848304023.html,2026-10-08 15:40:58
1277961756,"Juwel am Karmelitermarkt: ANLAGEPAKET. 3 gewerbliche Einheiten für Kurzzeitvermietung1020 Wien, 02. Bezirk, Leopoldstadt156m²TerrasseTom Krauss Immo GmbH€ 8.333,33/m²€ 1.300.000",1020 (2. Leopoldstadt),kiado,https://www.willhaben.at/iad/immobilien/d/eigentumswohnung/wien/wien-1020-leopoldstadt/juwel-am-karmelitermarkt-anlagepaket-3-gewerbliche-einheiten-fuer-kurzzeitvermietung-1277961756,1277961756.html,2026-10-08 15:41:04
862078539,"Lagerfläche m HSW-Ofﬁcepark Nähe Praterstern, 1020 Wien1020 Wien, 02. Bezirk, Leopoldstadt161m²LagerhalleÖRAG Immobilien Vermittlung GmbH€ 8,60/m²€ 1.384,60",1020 (2. Leopoldstadt),kiado,https://www.willhaben.at/iad/immobilien/d/gewerbeimmobilien-mieten/wien/wien-1020-leopoldstadt/lagerflaeche-m-hsw-of-cepark-naehe-praterstern-1020-wien-862078539,862078539.html,2026-10-08 15:41:08
1008425538,"Erstbezug nach Renovierung: Ruhige 4-Zimmer-Wohnung direkt beim Praterstern (U1/ U2)1020 Wien, 02. Bezirk, Leopoldstadt, Ybbsstrasse79m²4ZimmerGewerblicher Anbieter€ 17,47/m²€ 1.380,13",1020 (2. Leopoldstadt),kiado,https://www.willhaben.at/iad/immobilien/d/mietwohnungen/wien/wien-1020-leopoldstadt/erstbezug-nach-renovierung-ruhige-4-zimmer-wohnung-direkt-beim-praterstern-u1-u2-1008425538,1008425538.html,2026-10-08 15:41:18
1556529853,"Paket!! Unbefristete vermietete Wohnungen im 2. Bezirk1020 Wien, 02. Bezirk, LeopoldstadtZinshausCity D - Real Estate GmbH€ 2.369,01/m²€ 935.759",1020 (2. Leopoldstadt),kiado,https://www.willhaben.at/iad/immobilien/d/gewerbeimmobilien-kaufen/wien/wien-1020-leopoldstadt/paket-unbefristete-vermietete-wohnungen-im-2-bezirk-1556529853,1556529853.html,2026-10-08 15:41:23
1396165942,"Modernes, unbefristetes Büro mit Terrasse! und Klimaanlage beim Karmelitermarkt1020 Wien, 02. Bezirk, Leopoldstadt147m²Büro/OrdinationWeinblatt Oppel Immobilien€ 14,67/m²€ 2.156,41",1020 (2. Leopoldstadt),kiado,https://www.willhaben.at/iad/immobilien/d/gewerbeimmobilien-mieten/wien/wien-1020-leopoldstadt/modernes-unbefristetes-buero-mit-terrasse-und-klimaanlage-beim-karmelitermarkt-1396165942,1396165942.html,2026-10-08 15:41:34
777402927,"Top-saniertes Gastronomielokal (unbefristet) mit Schanigarten nahe Praterstern1020 Wien, 02. Bezirk, Leopoldstadt71m²GastronomieReal Immo Wien€ 17,45/m²€ 1.239,17",1020 (2. Leopoldstadt),kiado,https://www.willhaben.at/iad/immobilien/d/gewerbeimmobilien-mieten/wien/wien-1020-leopoldstadt/top-saniertes-gastronomielokal-unbefristet-mit-schanigarten-nahe-praterstern-777402927,777402927.html,2026-10-08 15:41:37
1353730480,"Anlageobjekt - schmucke Kleinwohnung beim Max-Winter-Park - Erstbezugszustand - für 3 Jahre vermietet1020 Wien, 02. Bezirk, Leopoldstadt55m²3ZimmerGalerie Immobilien GmbH€ 6.272,73/m²€ 345.000",1020 (2. Leopoldstadt),kiado,https://www.willhaben.at/iad/immobilien/d/eigentumswohnung/wien/wien-1020-leopoldstadt/anlageobjekt-schmucke-kleinwohnung-beim-max-winter-park-erstbezugszustand-fuer-3-jahre-vermietet-1353730480,1353730480.html,2026-10-08 15:41:43
1382658747,"Zweitbezug nach Generalsanierung in der Taborstraße 63 - perfekt angebunden: 3 Zimmer inkl. Wohnküche + Balkon; ab 01.02.27 verfügbar!1020 Wien, 02. Bezirk, Leopoldstadt, Taborstraße74m²3ZimmerBalkon, LoggiaMittelsmann Philipp Sulek GmbH€ 24,78/m²€ 1.833,54",1020 (2. Leopoldstadt),kiado,https://www.willhaben.at/iad/immobilien/d/mietwohnungen/wien/wien-1020-leopoldstadt/zweitbezug-nach-generalsanierung-in-der-taborstrasse-63-perfekt-angebunden-3-zimmer-inkl-wohnkueche-balkon-ab-01-02-27-verfuegbar-1382658747,1382658747.html,2026-10-08 15:41:50
1676438871,"Betongold: Unbefristet vermietete Altbauwohnung zur Kapitalanlage mit 3% Rendite - in Top-Lage des 2. Bezirks1020 Wien, 02. Bezirk, Leopoldstadt, Max-Winter-Platz 1849m²3SI Makler GmbH€ 3.387,76/m²€ 166.000",1020 (2. Leopoldstadt),kiado,https://www.willhaben.at/iad/immobilien/d/eigentumswohnung/wien/wien-1020-leopoldstadt/betongold-unbefristet-vermietete-altbauwohnung-zur-kapitalanlage-mit-3-rendite-in-top-lage-des-2-bezirks-1676438871,1676438871.html,2026-10-08 15:41:53
1511435659,"Unbefristet vermietet - Geschäftslokal als Investitionsobjekt in 1020 Wien1020 Wien, 02. Bezirk, Leopoldstadt203m²Geschäfts-/LadenlokalThurner Realitäten GmbH€ 2.536,95/m²€ 515.000",1020 (2. Leopoldstadt),kiado,https://www.willhaben.at/iad/immobilien/d/gewerbeimmobilien-kaufen/wien/wien-1020-leopoldstadt/unbefristet-vermietet-geschaeftslokal-als-investitionsobjekt-in-1020-wien-1511435659,1511435659.html,2026-10-08 15:41:55
1500510760,"Besser arbeiten im CO2 neutralem LeopoldQuartier1020 Wien, 02. Bezirk, Leopoldstadt857m²Büro/OrdinationModesta Real Estate GmbH€ 24,60/m²€ 24,60",1020 (2. Leopoldstadt),kiado,https://www.willhaben.at/iad/immobilien/d/gewerbeimmobilien-mieten/wien/wien-1020-leopoldstadt/besser-arbeiten-im-co2-neutralem-leopoldquartier-1500510760,1500510760.html,2026-10-08 15:41:58
885732365,"Top Büroflächen im Pharos haus zu mieten1020 Wien, 02. Bezirk, Leopoldstadt587m²Büro/OrdinationModesta Real Estate GmbH€ 13,50/m²€ 13,50",1020 (2. Leopoldstadt),kiado,https://www.willhaben.at/iad/immobilien/d/gewerbeimmobilien-mieten/wien/wien-1020-leopoldstadt/top-bueroflaechen-im-pharos-haus-zu-mieten-885732365,885732365.html,2026-10-08 15:42:01
1806896510,"LEOPOLD QUARTIER Office1020 Wien, 02. Bezirk, Leopoldstadt3.311m²Büro/OrdinationSpiegelfeld Immobilien GmbH€ 30,07/m²€ 99.561,77",1020 (2. Leopoldstadt),kiado,https://www.willhaben.at/iad/immobilien/d/gewerbeimmobilien-mieten/wien/wien-1020-leopoldstadt/leopold-quartier-office-1806896510,1806896510.html,2026-10-08 15:42:03
1850799737,"LEOPOLD QUARTIER Office1020 Wien, 02. Bezirk, Leopoldstadt2.194m²Büro/OrdinationSpiegelfeld Immobilien GmbH€ 28,57/m²€ 62.682,58",1020 (2. Leopoldstadt),kiado,https://www.willhaben.at/iad/immobilien/d/gewerbeimmobilien-mieten/wien/wien-1020-leopoldstadt/leopold-quartier-office-1850799737,1850799737.html,2026-10-08 15:42:06
884704156,"LEOPOLD QUARTIER Office1020 Wien, 02. Bezirk, Leopoldstadt365m²Büro/OrdinationSpiegelfeld Immobilien GmbH€ 28,57/m²€ 10.428,05",1020 (2. Leopoldstadt),kiado,https://www.willhaben.at/iad/immobilien/d/gewerbeimmobilien-mieten/wien/wien-1020-leopoldstadt/leopold-quartier-office-884704156,884704156.html,2026-10-08 15:42:16
959192624,"LEOPOLD QUARTIER Office1020 Wien, 02. Bezirk, Leopoldstadt491m²Büro/OrdinationSpiegelfeld Immobilien GmbH€ 31,07/m²€ 15.255,37",1020 (2. Leopoldstadt),kiado,https://www.willhaben.at/iad/immobilien/d/gewerbeimmobilien-mieten/wien/wien-1020-leopoldstadt/leopold-quartier-office-959192624,959192624.html,2026-10-08 15:42:20
1705278153,"LEOPOLD QUARTIER Office1020 Wien, 02. Bezirk, Leopoldstadt412m²Büro/OrdinationSpiegelfeld Immobilien GmbH€ 28,57/m²€ 11.770,84",1020 (2. Leopoldstadt),kiado,https://www.willhaben.at/iad/immobilien/d/gewerbeimmobilien-mieten/wien/wien-1020-leopoldstadt/leopold-quartier-office-1705278153,1705278153.html,2026-10-08 15:42:23
1996657862,"LEOPOLD QUARTIER Office1020 Wien, 02. Bezirk, Leopoldstadt440m²Büro/OrdinationSpiegelfeld Immobilien GmbH€ 28,57/m²€ 12.570,80",1020 (2. Leopoldstadt),kiado,https://www.willhaben.at/iad/immobilien/d/gewerbeimmobilien-mieten/wien/wien-1020-leopoldstadt/leopold-quartier-office-1996657862,1996657862.html,2026-10-08 15:42:26
1288580058,"LEOPOLD QUARTIER Office1020 Wien, 02. Bezirk, Leopoldstadt608m²Büro/OrdinationSpiegelfeld Immobilien GmbH€ 31,07/m²€ 18.890,56",1020 (2. Leopoldstadt),kiado,https://www.willhaben.at/iad/immobilien/d/gewerbeimmobilien-mieten/wien/wien-1020-leopoldstadt/leopold-quartier-office-1288580058,1288580058.html,2026-10-08 15:42:32
2059921960,"WG-Einzelzimmer1020 Wien, 02. Bezirk, Leopoldstadt, Nordwestbahnstraße14m²1ZimmerPrivat€ 23,57/m²€ 330",1020 (2. Leopoldstadt),kiado,https://www.willhaben.at/iad/immobilien/d/mietwohnungen/wien/wien-1020-leopoldstadt/wg-einzelzimmer-2059921960,2059921960.html,2026-10-08 15:42:38
1784375863,"Möblierte 3-Zimmer Altbauwohnung mit Balkon1020 Wien, 02. Bezirk, Leopoldstadt, Fugbachgasse60m²3ZimmerBalkonVienna Housing Service€ 29,83/m²€ 1.790",1020 (2. Leopoldstadt),kiado,https://www.willhaben.at/iad/immobilien/d/mietwohnungen/wien/wien-1020-leopoldstadt/moeblierte-3-zimmer-altbauwohnung-mit-balkon-1784375863,1784375863.html,2026-10-08 15:45:45
1417991991,"Direktvergabe Wiener Wohnen1020 Wien, 02. Bezirk, Leopoldstadt52m²2ZimmerPrivat€ 10/m²€ 520",1020 (2. Leopoldstadt),kiado,https://www.willhaben.at/iad/immobilien/d/mietwohnungen/wien/wien-1020-leopoldstadt/direktvergabe-wiener-wohnen-1417991991,1417991991.html,2026-10-08 15:45:48
1555370567,"Studenten, Expats... : cosy charming vintage home -1900 high ceilings, quiet Backyard, large green area1020 Wien, 02. Bezirk, Leopoldstadt35m²Privat€ 30,77/m²€ 1.077",1020 (2. Leopoldstadt),kiado,https://www.willhaben.at/iad/immobilien/d/mietwohnungen/wien/wien-1020-leopoldstadt/studenten-expats-cosy-charming-vintage-home-1900-high-ceilings-quiet-backyard-large-green-area-1555370567,1555370567.html,2026-10-08 15:46:25
866892823,"Wohnung in Top Lage zu vermieten1020 Wien, 02. Bezirk, Leopoldstadt, Taborstraße90m²2ZimmerPrivat€ 11/m²€ 990",1020 (2. Leopoldstadt),kiado,https://www.willhaben.at/iad/immobilien/d/mietwohnungen/wien/wien-1020-leopoldstadt/wohnung-in-top-lage-zu-vermieten-866892823,866892823.html,2026-10-08 15:46:28
1603475318,"Neubau-Apartments zur Kurzzeitmiete1020 Wien, 02. Bezirk, Leopoldstadt31m²2ZimmerBalkonm² Steiner Immobilien€ 7.582,58/m²€ 235.060",1020 (2. Leopoldstadt),kiado,https://www.willhaben.at/iad/immobilien/d/eigentumswohnung/wien/wien-1020-leopoldstadt/neubau-apartments-zur-kurzzeitmiete-1603475318,1603475318.html,2026-10-08 15:46:42
1066303054,"Hochwertige 3-Zimmer-Neubauwohnung mit A/ C und 30 m² Innenhofterrasse, 2 Bädern und Top-Anbindung im 2. Bezirk1020 Wien, 02. Bezirk, Leopoldstadt, Engerthstraße76m²3ZimmerTerrassePrivat€ 28,36/m²€ 2.155,67",1020 (2. Leopoldstadt),kiado,https://www.willhaben.at/iad/immobilien/d/mietwohnungen/wien/wien-1020-leopoldstadt/hochwertige-3-zimmer-neubauwohnung-mit-a-c-und-30-m-innenhofterrasse-2-baedern-und-top-anbindung-im-2-bezirk-1066303054,1066303054.html,2026-10-08 15:47:09
762932570,"CARREE LASSALLE - Büro am Praterstern1020 Wien, 02. Bezirk, Leopoldstadt, Leopold-Moses-Gasse 4495m²Büro/OrdinationOPTIN Immobilien GmbH€ 12,50/m²€ 12,50",1020 (2. Leopoldstadt),kiado,https://www.willhaben.at/iad/immobilien/d/gewerbeimmobilien-mieten/wien/wien-1020-leopoldstadt/carree-lassalle-buero-am-praterstern-762932570,762932570.html,2026-10-08 15:47:14
762932575,"CARREE LASSALLE - Büro am Praterstern1020 Wien, 02. Bezirk, Leopoldstadt, Leopold-Moses-Gasse 41.991m²Büro/OrdinationOPTIN Immobilien GmbH€ 12,50/m²€ 12,50",1020 (2. Leopoldstadt),kiado,https://www.willhaben.at/iad/immobilien/d/gewerbeimmobilien-mieten/wien/wien-1020-leopoldstadt/carree-lassalle-buero-am-praterstern-762932575,762932575.html,2026-10-08 15:47:18
926065907,"Koffer packen & einziehen: Stilvoll möblierte Altbauwohnung mit neuer Einbauküche1020 Wien, 02. Bezirk, Leopoldstadt, Mumbgasse 1-354m²2ZimmerRESIDA Asset GmbH€ 25/m²€ 1.350",1020 (2. Leopoldstadt),kiado,https://www.willhaben.at/iad/immobilien/d/mietwohnungen/wien/wien-1020-leopoldstadt/koffer-packen-einziehen-stilvoll-moeblierte-altbauwohnung-mit-neuer-einbaukueche-926065907,926065907.html,2026-10-08 15:47:24
810084462,"LeopoldQuartier Office1020 Wien, 02. Bezirk, Leopoldstadt, Obere Donaustraße 23-2715.069m²Büro/OrdinationOPTIN Immobilien GmbH€ 25,60/m²€ 25,60",1020 (2. Leopoldstadt),kiado,https://www.willhaben.at/iad/immobilien/d/gewerbeimmobilien-mieten/wien/wien-1020-leopoldstadt/leopoldquartier-office-810084462,810084462.html,2026-10-08 15:47:27
1129050770,"LeopoldQuartier Office1020 Wien, 02. Bezirk, Leopoldstadt, Obere Donaustraße 23-272.466m²Büro/OrdinationOPTIN Immobilien GmbH€ 23,60/m²€ 23,60",1020 (2. Leopoldstadt),kiado,https://www.willhaben.at/iad/immobilien/d/gewerbeimmobilien-mieten/wien/wien-1020-leopoldstadt/leopoldquartier-office-1129050770,1129050770.html,2026-10-08 15:50:12
1699912279,"LeopoldQuartier Office1020 Wien, 02. Bezirk, Leopoldstadt, Obere Donaustraße 23-277.000m²Büro/OrdinationOPTIN Immobilien GmbH€ 23,60/m²€ 23,60",1020 (2. Leopoldstadt),kiado,https://www.willhaben.at/iad/immobilien/d/gewerbeimmobilien-mieten/wien/wien-1020-leopoldstadt/leopoldquartier-office-1699912279,1699912279.html,2026-10-08 15:50:16
1960838761,"LeopoldQuartier Office1020 Wien, 02. Bezirk, Leopoldstadt, Obere Donaustraße 23-271.500m²Büro/OrdinationOPTIN Immobilien GmbH€ 23,60/m²€ 23,60",1020 (2. Leopoldstadt),kiado,https://www.willhaben.at/iad/immobilien/d/gewerbeimmobilien-mieten/wien/wien-1020-leopoldstadt/leopoldquartier-office-1960838761,1960838761.html,2026-10-08 15:50:19
1367938644,"LeopoldQuartier Office1020 Wien, 02. Bezirk, Leopoldstadt, Obere Donaustraße 23-273.500m²Büro/OrdinationOPTIN Immobilien GmbH€ 23,60/m²€ 23,60",1020 (2. Leopoldstadt),kiado,https://www.willhaben.at/iad/immobilien/d/gewerbeimmobilien-mieten/wien/wien-1020-leopoldstadt/leopoldquartier-office-1367938644,1367938644.html,2026-10-08 15:50:22
1934636618,"LeopoldQuartier Office1020 Wien, 02. Bezirk, Leopoldstadt, Obere Donaustraße 23-2710.000m²Büro/OrdinationOPTIN Immobilien GmbH€ 23,60/m²€ 23,60",1020 (2. Leopoldstadt),kiado,https://www.willhaben.at/iad/immobilien/d/gewerbeimmobilien-mieten/wien/wien-1020-leopoldstadt/leopoldquartier-office-1934636618,1934636618.html,2026-10-08 15:50:25
396988001,"Regus Business Office im MESSECARREE1020 Wien, 02. Bezirk, Leopoldstadt, Ausstellungsstraße 50300m²Büro/OrdinationCBRE GmbHKeine Angabe",1020 (2. Leopoldstadt),kiado,https://www.willhaben.at/iad/immobilien/d/gewerbeimmobilien-mieten/wien/wien-1020-leopoldstadt/regus-business-office-im-messecarree-396988001,396988001.html,2026-10-08 15:50:28
1370032751,"Büroflächen direkt am Praterstern in 1020 Wien zu mieten1020 Wien, 02. Bezirk, LeopoldstadtBüro/OrdinationÖRAG Immobilien Vermittlung GmbH€ 15,50/m²€ 15,50",1020 (2. Leopoldstadt),kiado,https://www.willhaben.at/iad/immobilien/d/gewerbeimmobilien-mieten/wien/wien-1020-leopoldstadt/bueroflaechen-direkt-am-praterstern-in-1020-wien-zu-mieten-1370032751,1370032751.html,2026-10-08 15:50:35
1790618659,"Elegante Altbauetage mit Klopfbalkon1020 Wien, 02. Bezirk, Leopoldstadt, Böcklinstraße168m²5ZimmerBalkonNormreal Immobilien GmbH€ 17,85/m²€ 2.998,92",1020 (2. Leopoldstadt),kiado,https://www.willhaben.at/iad/immobilien/d/mietwohnungen/wien/wien-1020-leopoldstadt/elegante-altbauetage-mit-klopfbalkon-1790618659,1790618659.html,2026-10-08 15:50:39
1235120495,"WE-Paket aus vermieteten Geschäftslokalen in 1020-1170 Wien, über 6,07% Rendite!1020 Wien, 02. Bezirk, Leopoldstadt513m²Zinshaus360lage eins GmbH€ 2.709,55/m²€ 1.390.000",1020 (2. Leopoldstadt),kiado,https://www.willhaben.at/iad/immobilien/d/gewerbeimmobilien-kaufen/wien/wien-1020-leopoldstadt/we-paket-aus-vermieteten-geschaeftslokalen-in-1020-1170-wien-ueber-6-07-rendite-1235120495,1235120495.html,2026-10-08 15:50:45
1051931118,"WE-Paket aus vermieteten Geschäftslokalen in 1020-1170 Wien, über 6,07% Rendite!1020 Wien, 02. Bezirk, Leopoldstadt513m²Zinshaus360lage eins GmbH€ 2.709,55/m²€ 1.390.000",1020 (2. Leopoldstadt),kiado,https://www.willhaben.at/iad/immobilien/d/gewerbeimmobilien-kaufen/wien/wien-1020-leopoldstadt/we-paket-aus-vermieteten-geschaeftslokalen-in-1020-1170-wien-ueber-6-07-rendite-1051931118,1051931118.html,2026-10-08 15:50:48
956152928,"AUSTRIA CAMPUS 3 - bezugsfertige Bürofläche1020 Wien, 02. Bezirk, Leopoldstadt, Jakov-Lind-Straße 5716m²Büro/OrdinationOPTIN Immobilien GmbH€ 19,25/m²€ 19,25",1020 (2. Leopoldstadt),kiado,https://www.willhaben.at/iad/immobilien/d/gewerbeimmobilien-mieten/wien/wien-1020-leopoldstadt/austria-campus-3-bezugsfertige-bueroflaeche-956152928,956152928.html,2026-10-08 15:50:59
1688212286,"AUSTRIA CAMPUS 3 - bezugsfertige Bürofläche1020 Wien, 02. Bezirk, Leopoldstadt, Jakov-Lind-Straße 5530m²Büro/OrdinationOPTIN Immobilien GmbH€ 19,25/m²€ 19,25",1020 (2. Leopoldstadt),kiado,https://www.willhaben.at/iad/immobilien/d/gewerbeimmobilien-mieten/wien/wien-1020-leopoldstadt/austria-campus-3-bezugsfertige-bueroflaeche-1688212286,1688212286.html,2026-10-08 15:51:02
1948934454,"#SQ - STYLE DG-WOHNUNG GRENZE 2. BEZIRK BEIM AUGARTEN (GAUßPLATZ) & NÄHE DONAUKANAL (U4) mit FERNBLICK [NEUWERTIG]1020 Wien, 02. Bezirk, Leopoldstadt79m²3ZimmerSTADTQUARTIER Home€ 24,05/m²€ 1.899,99",1020 (2. Leopoldstadt),kiado,https://www.willhaben.at/iad/immobilien/d/mietwohnungen/wien/wien-1020-leopoldstadt/-sq-style-dg-wohnung-grenze-2-bezirk-beim-augarten-gaussplatz-naehe-donaukanal-u4-mit-fernblick-neuwertig-1948934454,1948934454.html,2026-10-08 15:51:08
1354902724,"Büros nähe Prater zu mieten - 1020 Wien1020 Wien, 02. Bezirk, Leopoldstadt796m²Büro/OrdinationÖRAG Immobilien Vermittlung GmbH€ 18,65/m²€ 14.845,40",1020 (2. Leopoldstadt),kiado,https://www.willhaben.at/iad/immobilien/d/gewerbeimmobilien-mieten/wien/wien-1020-leopoldstadt/bueros-naehe-prater-zu-mieten-1020-wien-1354902724,1354902724.html,2026-10-08 15:51:11
1804356705,"Büroflächen und Co-working in 1020 - zu mieten1020 Wien, 02. Bezirk, Leopoldstadt450m²Büro/OrdinationÖRAG Immobilien Vermittlung GmbHKeine Angabe",1020 (2. Leopoldstadt),kiado,https://www.willhaben.at/iad/immobilien/d/gewerbeimmobilien-mieten/wien/wien-1020-leopoldstadt/bueroflaechen-und-co-working-in-1020-zu-mieten-1804356705,1804356705.html,2026-10-08 15:51:14
2127782389,"Büros nähe Prater zu mieten - 1020 Wien1020 Wien, 02. Bezirk, Leopoldstadt334m²Büro/OrdinationÖRAG Immobilien Vermittlung GmbH€ 18,65/m²€ 6.229,10",1020 (2. Leopoldstadt),kiado,https://www.willhaben.at/iad/immobilien/d/gewerbeimmobilien-mieten/wien/wien-1020-leopoldstadt/bueros-naehe-prater-zu-mieten-1020-wien-2127782389,2127782389.html,2026-10-08 15:51:18
1286396527,"Büros nähe Prater zu mieten - 1020 Wien1020 Wien, 02. Bezirk, Leopoldstadt1.130m²Büro/OrdinationÖRAG Immobilien Vermittlung GmbH€ 18,65/m²€ 21.074,50",1020 (2. Leopoldstadt),kiado,https://www.willhaben.at/iad/immobilien/d/gewerbeimmobilien-mieten/wien/wien-1020-leopoldstadt/bueros-naehe-prater-zu-mieten-1020-wien-1286396527,1286396527.html,2026-10-08 15:51:21
943634523,"Modernes Arbeiten im VIENNA WORKS am Austria Campus - Büroflächen zu mieten in 1020 Wien1020 Wien, 02. Bezirk, Leopoldstadt456m²Büro/OrdinationÖRAG Immobilien Vermittlung GmbH€ 23,54/m²€ 10.732,44",1020 (2. Leopoldstadt),kiado,https://www.willhaben.at/iad/immobilien/d/gewerbeimmobilien-mieten/wien/wien-1020-leopoldstadt/modernes-arbeiten-im-vienna-works-am-austria-campus-bueroflaechen-zu-mieten-in-1020-wien-943634523,943634523.html,2026-10-08 15:51:24
631603255,"Modernes Arbeiten im VIENNA WORKS am Austria Campus1020 Wien, 02. Bezirk, Leopoldstadt596m²Büro/OrdinationEHL Immobilien GmbH€ 17,80/m²€ 17,80",1020 (2. Leopoldstadt),kiado,https://www.willhaben.at/iad/immobilien/d/gewerbeimmobilien-mieten/wien/wien-1020-leopoldstadt/modernes-arbeiten-im-vienna-works-am-austria-campus-631603255,631603255.html,2026-10-08 15:51:27
1209693778,"281 m² Büro im Dachgeschoss mit 50 m² Terrasse1020 Wien, 02. Bezirk, Leopoldstadt, Lassallestraße 7281m²Büro/OrdinationOPTIN Immobilien GmbH€ 16,50/m²€ 16,50",1020 (2. Leopoldstadt),kiado,https://www.willhaben.at/iad/immobilien/d/gewerbeimmobilien-mieten/wien/wien-1020-leopoldstadt/281-m-buero-im-dachgeschoss-mit-50-m-terrasse-1209693778,1209693778.html,2026-10-08 15:51:34
1741058986,"Moderne Büros im 2nd CENTRAL1020 Wien, 02. Bezirk, Leopoldstadt465m²Büro/OrdinationCushman & Wakefield CBS International GmbH€ 15,50/m²€ 15,50",1020 (2. Leopoldstadt),kiado,https://www.willhaben.at/iad/immobilien/d/gewerbeimmobilien-mieten/wien/wien-1020-leopoldstadt/moderne-bueros-im-2nd-central-1741058986,1741058986.html,2026-10-08 15:51:37
1008353023,"AUSTRIA CAMPUS BT 3 - bezugsfertige Büroflächen1020 Wien, 02. Bezirk, Leopoldstadt, Am Tabor 42530m²Büro/OrdinationCBRE GmbH€ 19,45/m²€ 19,45",1020 (2. Leopoldstadt),kiado,https://www.willhaben.at/iad/immobilien/d/gewerbeimmobilien-mieten/wien/wien-1020-leopoldstadt/austria-campus-bt-3-bezugsfertige-bueroflaechen-1008353023,1008353023.html,2026-10-08 15:51:40
1839689391,"Modernes Arbeiten im VIENNA WORKS am Austria Campus - Büroflächen zu mieten in 1020 Wien1020 Wien, 02. Bezirk, Leopoldstadt507m²Büro/OrdinationÖRAG Immobilien Vermittlung GmbH€ 23,55/m²€ 11.941,74",1020 (2. Leopoldstadt),kiado,https://www.willhaben.at/iad/immobilien/d/gewerbeimmobilien-mieten/wien/wien-1020-leopoldstadt/modernes-arbeiten-im-vienna-works-am-austria-campus-bueroflaechen-zu-mieten-in-1020-wien-1839689391,1839689391.html,2026-10-08 15:51:43
1016577807,"Erstbezugs-Büros Nähe Praterstern1020 Wien, 02. Bezirk, Leopoldstadt, Lassallestraße 7/1334m²Büro/OrdinationOPTIN Immobilien GmbH€ 16,75/m²€ 16,75",1020 (2. Leopoldstadt),kiado,https://www.willhaben.at/iad/immobilien/d/gewerbeimmobilien-mieten/wien/wien-1020-leopoldstadt/erstbezugs-bueros-naehe-praterstern-1016577807,1016577807.html,2026-10-08 15:51:55
568741874,"Regus Business Office im Messecarree1020 Wien, 02. Bezirk, Leopoldstadt300m²Büro/OrdinationEHL Immobilien GmbHKeine Angabe",1020 (2. Leopoldstadt),kiado,https://www.willhaben.at/iad/immobilien/d/gewerbeimmobilien-mieten/wien/wien-1020-leopoldstadt/regus-business-office-im-messecarree-568741874,568741874.html,2026-10-08 15:51:59
2144625533,"Moderne Büros im AUSTRIA CAMPUS 21020 Wien, 02. Bezirk, Leopoldstadt591m²Büro/OrdinationCushman & Wakefield CBS International GmbH€ 19,10/m²€ 19,10",1020 (2. Leopoldstadt),kiado,https://www.willhaben.at/iad/immobilien/d/gewerbeimmobilien-mieten/wien/wien-1020-leopoldstadt/moderne-bueros-im-austria-campus-2-2144625533,2144625533.html,2026-10-08 15:52:06
993577715,"Wohnen in historischer Industriearchitektur - Loftwohnung1020 Wien, 02. Bezirk, Leopoldstadt132m²2ZimmerBirnleitner Immobilien GmbH€ 20,86/m²€ 2.753,76",1020 (2. Leopoldstadt),kiado,https://www.willhaben.at/iad/immobilien/d/mietwohnungen/wien/wien-1020-leopoldstadt/wohnen-in-historischer-industriearchitektur-loftwohnung-993577715,993577715.html,2026-10-08 15:52:15
1413519725,"GRÜNBLICK - Gastronomie mit Außenbereich1020 Wien, 02. Bezirk, Leopoldstadt, Meiereistraße 14539m²Geschäfts-/LadenlokalOPTIN Immobilien GmbH€ 20/m²€ 20",1020 (2. Leopoldstadt),kiado,https://www.willhaben.at/iad/immobilien/d/gewerbeimmobilien-mieten/wien/wien-1020-leopoldstadt/gruenblick-gastronomie-mit-aussenbereich-1413519725,1413519725.html,2026-10-08 15:55:01
1811416149,"Modernes Bürogebäude in Wien1020 Wien, 02. Bezirk, Leopoldstadt1.279m²Büro/OrdinationEHL Immobilien GmbH€ 15,50/m²€ 15,50",1020 (2. Leopoldstadt),kiado,https://www.willhaben.at/iad/immobilien/d/gewerbeimmobilien-mieten/wien/wien-1020-leopoldstadt/modernes-buerogebaeude-in-wien-1811416149,1811416149.html,2026-10-08 15:55:04
1126767311,"Moderne Büroflächen im VIENNA WORKS am Austria Campus1020 Wien, 02. Bezirk, Leopoldstadt1.235m²Büro/OrdinationÖRAG Immobilien Vermittlung GmbH€ 22,75/m²€ 28.096,25",1020 (2. Leopoldstadt),kiado,https://www.willhaben.at/iad/immobilien/d/gewerbeimmobilien-mieten/wien/wien-1020-leopoldstadt/moderne-bueroflaechen-im-vienna-works-am-austria-campus-1126767311,1126767311.html,2026-10-08 15:55:08
1989487245,"LeopoldQuartier. CO2 neutrales Vorzeigeprojekt der UBM1020 Wien, 02. Bezirk, Leopoldstadt555m²Büro/OrdinationEHL Immobilien GmbH€ 23,60/m²€ 23,60",1020 (2. Leopoldstadt),kiado,https://www.willhaben.at/iad/immobilien/d/gewerbeimmobilien-mieten/wien/wien-1020-leopoldstadt/leopoldquartier-co2-neutrales-vorzeigeprojekt-der-ubm-1989487245,1989487245.html,2026-10-08 15:55:11
1024791514,"Modernes Bürogebäude in Wien1020 Wien, 02. Bezirk, Leopoldstadt503m²Büro/OrdinationEHL Immobilien GmbH€ 15,50/m²€ 15,50",1020 (2. Leopoldstadt),kiado,https://www.willhaben.at/iad/immobilien/d/gewerbeimmobilien-mieten/wien/wien-1020-leopoldstadt/modernes-buerogebaeude-in-wien-1024791514,1024791514.html,2026-10-08 15:55:17
697597419,"Modernes Arbeiten im VIENNA WORKS am Austria Campus1020 Wien, 02. Bezirk, Leopoldstadt925m²Büro/OrdinationEHL Immobilien GmbH€ 17,50/m²€ 17,50",1020 (2. Leopoldstadt),kiado,https://www.willhaben.at/iad/immobilien/d/gewerbeimmobilien-mieten/wien/wien-1020-leopoldstadt/modernes-arbeiten-im-vienna-works-am-austria-campus-697597419,697597419.html,2026-10-08 15:55:19
826100072,"Blueground ID246, Leopoldstadt1020 Wien, 02. Bezirk, Leopoldstadt, Wehlistraße 29182m²3ZimmerBalkonBlueground Austria GmbH€ 30,55/m²€ 2.505",1020 (2. Leopoldstadt),kiado,https://www.willhaben.at/iad/immobilien/d/mietwohnungen/wien/wien-1020-leopoldstadt/blueground-id246-leopoldstadt-826100072,826100072.html,2026-10-08 15:55:25
746056775,"Büroflächen direkt am Praterstern in 1020 Wien zu mieten1020 Wien, 02. Bezirk, Leopoldstadt1.782m²Büro/OrdinationÖRAG Immobilien Vermittlung GmbH€ 18,33/m²€ 32.664,06",1020 (2. Leopoldstadt),kiado,https://www.willhaben.at/iad/immobilien/d/gewerbeimmobilien-mieten/wien/wien-1020-leopoldstadt/bueroflaechen-direkt-am-praterstern-in-1020-wien-zu-mieten-746056775,746056775.html,2026-10-08 15:55:28
746056954,"Flexible Büros in Wien, Messecarree1020 Wien, 02. Bezirk, Leopoldstadt200m²Büro/OrdinationÖRAG Immobilien Vermittlung GmbH€ 97,16/m²€ 19.432",1020 (2. Leopoldstadt),kiado,https://www.willhaben.at/iad/immobilien/d/gewerbeimmobilien-mieten/wien/wien-1020-leopoldstadt/flexible-bueros-in-wien-messecarree-746056954,746056954.html,2026-10-08 15:55:31
1872767735,"Moderne Büroflächen im VIENNA WORKS am Austria Campus1020 Wien, 02. Bezirk, LeopoldstadtBüro/OrdinationÖRAG Immobilien Vermittlung GmbH€ 17,60/m²€ 17,60",1020 (2. Leopoldstadt),kiado,https://www.willhaben.at/iad/immobilien/d/gewerbeimmobilien-mieten/wien/wien-1020-leopoldstadt/moderne-bueroflaechen-im-vienna-works-am-austria-campus-1872767735,1872767735.html,2026-10-08 15:55:38
1509007046,"Dachgeschoss-Traum im trendigen Stuwerviertel: 3 Zimmer, 94 m², eigene Terrasse1020 Wien, 02. Bezirk, Leopoldstadt94m²3ZimmerDachterrassePrivat€ 18,62/m²€ 1.750",1020 (2. Leopoldstadt),kiado,https://www.willhaben.at/iad/immobilien/d/mietwohnungen/wien/wien-1020-leopoldstadt/dachgeschoss-traum-im-trendigen-stuwerviertel-3-zimmer-94-m-eigene-terrasse-1509007046,1509007046.html,2026-10-08 15:55:44
1904415449,"EZONE - attraktive & bezugsfertige Büros1020 Wien, 02. Bezirk, Leopoldstadt, Ernst-Melchior-Gasse 20-221.438m²Büro/OrdinationOPTIN Immobilien GmbH€ 15,50/m²€ 15,50",1020 (2. Leopoldstadt),kiado,https://www.willhaben.at/iad/immobilien/d/gewerbeimmobilien-mieten/wien/wien-1020-leopoldstadt/ezone-attraktive-bezugsfertige-bueros-1904415449,1904415449.html,2026-10-08 15:55:47
1235015068,"Co-Working in zentraler Lage ideal für Start-ups1020 Wien, 02. Bezirk, Leopoldstadt25m²Büro/OrdinationPrivat€ 19,12/m²€ 478",1020 (2. Leopoldstadt),kiado,https://www.willhaben.at/iad/immobilien/d/gewerbeimmobilien-mieten/wien/wien-1020-leopoldstadt/co-working-in-zentraler-lage-ideal-fuer-start-ups-1235015068,1235015068.html,2026-10-08 15:55:56
1674347331,"LeopoldQuartier Office | Modernes Büro in Holzhybridbauweise | Nahe Donaukanal1020 Wien, 02. Bezirk, Leopoldstadt524m²Büro/OrdinationOTTO Immobilien GmbH€ 23,77/m²€ 12.454,75",1020 (2. Leopoldstadt),kiado,https://www.willhaben.at/iad/immobilien/d/gewerbeimmobilien-mieten/wien/wien-1020-leopoldstadt/leopoldquartier-office-modernes-buero-in-holzhybridbauweise-nahe-donaukanal-1674347331,1674347331.html,2026-10-08 15:56:07
1928865476,"LeopoldQuartier Office | Modernes Büro in Holzhybridbauweise | Nahe Donaukanal1020 Wien, 02. Bezirk, Leopoldstadt592m²Büro/OrdinationOTTO Immobilien GmbH€ 40,07/m²€ 23.721,67",1020 (2. Leopoldstadt),kiado,https://www.willhaben.at/iad/immobilien/d/gewerbeimmobilien-mieten/wien/wien-1020-leopoldstadt/leopoldquartier-office-modernes-buero-in-holzhybridbauweise-nahe-donaukanal-1928865476,1928865476.html,2026-10-08 15:56:10
756112200,"Top-Moderne Büroflächen im Quartier Lassalle !!1020 Wien, 02. Bezirk, Leopoldstadt755m²Büro/OrdinationEHL Immobilien GmbH€ 15,50/m²€ 15,50",1020 (2. Leopoldstadt),kiado,https://www.willhaben.at/iad/immobilien/d/gewerbeimmobilien-mieten/wien/wien-1020-leopoldstadt/top-moderne-bueroflaechen-im-quartier-lassalle-756112200,756112200.html,2026-10-08 15:56:22
756111713,"Top-Moderne Büroflächen im Quartier Lassalle !!1020 Wien, 02. Bezirk, Leopoldstadt1.558m²Büro/OrdinationEHL Immobilien GmbH€ 15,50/m²€ 15,50",1020 (2. Leopoldstadt),kiado,https://www.willhaben.at/iad/immobilien/d/gewerbeimmobilien-mieten/wien/wien-1020-leopoldstadt/top-moderne-bueroflaechen-im-quartier-lassalle-756111713,756111713.html,2026-10-08 15:56:29
727780378,"Moderne Büroflächen nahe Praterstern!1020 Wien, 02. Bezirk, Leopoldstadt1.001m²Büro/OrdinationEHL Immobilien GmbH€ 12,50/m²€ 12,50",1020 (2. Leopoldstadt),kiado,https://www.willhaben.at/iad/immobilien/d/gewerbeimmobilien-mieten/wien/wien-1020-leopoldstadt/moderne-bueroflaechen-nahe-praterstern-727780378,727780378.html,2026-10-08 15:56:32
959173857,"ZENTRALGELEGENE Bürofläche mit großer Terrasse nahe KARMELITERMARKT | unbefristete MIETE oder KAUF1020 Wien, 02. Bezirk, Leopoldstadt79m²Büro/OrdinationWohnbauvereinigung GFW Gemeinnützige GmbH€ 18,09/m²€ 1.428,80",1020 (2. Leopoldstadt),kiado,https://www.willhaben.at/iad/immobilien/d/gewerbeimmobilien-mieten/wien/wien-1020-leopoldstadt/zentralgelegene-bueroflaeche-mit-grosser-terrasse-nahe-karmelitermarkt-unbefristete-miete-oder-kauf-959173857,959173857.html,2026-10-08 15:56:35
2109759244,"Blueground ID125, Leopoldstadt1020 Wien, 02. Bezirk, Leopoldstadt, Wehlistraße 29153m²2ZimmerBalkonBlueground Austria GmbH€ 39,53/m²€ 2.095",1020 (2. Leopoldstadt),kiado,https://www.willhaben.at/iad/immobilien/d/mietwohnungen/wien/wien-1020-leopoldstadt/blueground-id125-leopoldstadt-2109759244,2109759244.html,2026-10-08 15:56:38
1690677572,"STUDIO ZWEI - Exklusives Apartment im Viertel Zwei - Vermietet bis 05/20291020 Wien, 02. Bezirk, Leopoldstadt, Am Grünen Prater32m²1ZimmerBalkon, DachterrasseOPTIN Immobilien GmbH€ 9.937,50/m²€ 318.000",1020 (2. Leopoldstadt),kiado,https://www.willhaben.at/iad/immobilien/d/eigentumswohnung/wien/wien-1020-leopoldstadt/studio-zwei-exklusives-apartment-im-viertel-zwei-vermietet-bis-05-2029-1690677572,1690677572.html,2026-10-08 15:56:41
1855294379,"Moderne Büroflächen Nähe Praterstern zu mieten - 1020 Wien1020 Wien, 02. Bezirk, Leopoldstadt937m²Büro/OrdinationÖRAG Immobilien Vermittlung GmbH€ 19,09/m²€ 17.887,33",1020 (2. Leopoldstadt),kiado,https://www.willhaben.at/iad/immobilien/d/gewerbeimmobilien-mieten/wien/wien-1020-leopoldstadt/moderne-bueroflaechen-naehe-praterstern-zu-mieten-1020-wien-1855294379,1855294379.html,2026-10-08 15:56:45
923746513,"Panoramabüros - innovativ & kreativ1020 Wien, 02. Bezirk, Leopoldstadt516m²Büro/OrdinationOTTO Immobilien GmbH€ 27/m²€ 13.932",1020 (2. Leopoldstadt),kiado,https://www.willhaben.at/iad/immobilien/d/gewerbeimmobilien-mieten/wien/wien-1020-leopoldstadt/panoramabueros-innovativ-kreativ-923746513,923746513.html,2026-10-08 15:56:47
1046591798,"Moderne Bürofläche Nähe Austria Campus1020 Wien, 02. Bezirk, Leopoldstadt470m²Büro/OrdinationOTTO Immobilien GmbH€ 21,01/m²€ 9.875,46",1020 (2. Leopoldstadt),kiado,https://www.willhaben.at/iad/immobilien/d/gewerbeimmobilien-mieten/wien/wien-1020-leopoldstadt/moderne-bueroflaeche-naehe-austria-campus-1046591798,1046591798.html,2026-10-08 15:59:35
1216689369,"Attraktive Büroflächen direkt am Praterstern1020 Wien, 02. Bezirk, Leopoldstadt1.254m²Büro/OrdinationOTTO Immobilien GmbH€ 20,13/m²€ 25.248,86",1020 (2. Leopoldstadt),kiado,https://www.willhaben.at/iad/immobilien/d/gewerbeimmobilien-mieten/wien/wien-1020-leopoldstadt/attraktive-bueroflaechen-direkt-am-praterstern-1216689369,1216689369.html,2026-10-08 15:59:39
1736021562,"Pharos Haus1020 Wien, 02. Bezirk, Leopoldstadt265m²Büro/OrdinationOTTO Immobilien GmbH€ 16,22/m²€ 4.299,44",1020 (2. Leopoldstadt),kiado,https://www.willhaben.at/iad/immobilien/d/gewerbeimmobilien-mieten/wien/wien-1020-leopoldstadt/pharos-haus-1736021562,1736021562.html,2026-10-08 15:59:42
1788253082,"Moderne Bürofläche Nähe Austria Campus1020 Wien, 02. Bezirk, Leopoldstadt719m²Büro/OrdinationOTTO Immobilien GmbH€ 20,51/m²€ 14.748,11",1020 (2. Leopoldstadt),kiado,https://www.willhaben.at/iad/immobilien/d/gewerbeimmobilien-mieten/wien/wien-1020-leopoldstadt/moderne-bueroflaeche-naehe-austria-campus-1788253082,1788253082.html,2026-10-08 15:59:44
1959938621,"Panoramabüros - innovativ & kreativ1020 Wien, 02. Bezirk, Leopoldstadt413m²Büro/OrdinationOTTO Immobilien GmbH€ 27,03/m²€ 11.161,53",1020 (2. Leopoldstadt),kiado,https://www.willhaben.at/iad/immobilien/d/gewerbeimmobilien-mieten/wien/wien-1020-leopoldstadt/panoramabueros-innovativ-kreativ-1959938621,1959938621.html,2026-10-08 15:59:47
1971688618,"Attraktive Bürofläche mit privatem Innenhof Nähe Praterstern und Messe Wien1020 Wien, 02. Bezirk, Leopoldstadt142m²Büro/OrdinationEngel & Völkers Wien Commercial€ 12,68/m²€ 1.800",1020 (2. Leopoldstadt),kiado,https://www.willhaben.at/iad/immobilien/d/gewerbeimmobilien-mieten/wien/wien-1020-leopoldstadt/attraktive-bueroflaeche-mit-privatem-innenhof-naehe-praterstern-und-messe-wien-1971688618,1971688618.html,2026-10-08 15:59:52
1314079892,"TRIBÜNEN im VIERTEL ZWEI1020 Wien, 02. Bezirk, Leopoldstadt, Am Grünen Prater 2594m²Büro/OrdinationOPTIN Immobilien GmbH€ 25/m²€ 25",1020 (2. Leopoldstadt),kiado,https://www.willhaben.at/iad/immobilien/d/gewerbeimmobilien-mieten/wien/wien-1020-leopoldstadt/tribuenen-im-viertel-zwei-1314079892,1314079892.html,2026-10-08 16:00:24
811248513,"Wohnen mit Lebensqualität beim Augarten, ca 65 m21020 Wien, 02. Bezirk, Leopoldstadt65m²2ZimmerPrivat€ 19,69/m²€ 1.280",1020 (2. Leopoldstadt),kiado,https://www.willhaben.at/iad/immobilien/d/mietwohnungen/wien/wien-1020-leopoldstadt/wohnen-mit-lebensqualitaet-beim-augarten-ca-65-m2-811248513,811248513.html,2026-10-08 16:00:30
945390675,"State-of-the-Art Büros im LEOPOLDQUARTIER | 1020 Wien1020 Wien, 02. Bezirk, Leopoldstadt2.726m²Büro/OrdinationColliers International Immobilienmakler GmbH€ 28,80/m²€ 78.503,04",1020 (2. Leopoldstadt),kiado,https://www.willhaben.at/iad/immobilien/d/gewerbeimmobilien-mieten/wien/wien-1020-leopoldstadt/state-of-the-art-bueros-im-leopoldquartier-1020-wien-945390675,945390675.html,2026-10-08 16:00:43
857223042,"State-of-the-Art Büros im LEOPOLDQUARTIER | 1020 Wien1020 Wien, 02. Bezirk, Leopoldstadt933m²Büro/OrdinationColliers International Immobilienmakler GmbH€ 31,92/m²€ 29.785,69",1020 (2. Leopoldstadt),kiado,https://www.willhaben.at/iad/immobilien/d/gewerbeimmobilien-mieten/wien/wien-1020-leopoldstadt/state-of-the-art-bueros-im-leopoldquartier-1020-wien-857223042,857223042.html,2026-10-08 16:00:46
1803782845,"Neubau-Bürofläche mit Terrasse/Balkon zu mieten !!1020 Wien, 02. Bezirk, Leopoldstadt334m²Büro/OrdinationEHL Immobilien GmbH€ 16,75/m²€ 16,75",1020 (2. Leopoldstadt),kiado,https://www.willhaben.at/iad/immobilien/d/gewerbeimmobilien-mieten/wien/wien-1020-leopoldstadt/neubau-bueroflaeche-mit-terrasse-balkon-zu-mieten-1803782845,1803782845.html,2026-10-08 16:00:53
1791479544,"Neubau-Bürofläche mit Terrasse/Balkon zu mieten !!1020 Wien, 02. Bezirk, Leopoldstadt796m²Büro/OrdinationEHL Immobilien GmbH€ 16,75/m²€ 16,75",1020 (2. Leopoldstadt),kiado,https://www.willhaben.at/iad/immobilien/d/gewerbeimmobilien-mieten/wien/wien-1020-leopoldstadt/neubau-bueroflaeche-mit-terrasse-balkon-zu-mieten-1791479544,1791479544.html,2026-10-08 16:00:55
1881791302,"Zentrale Büros im Pharos Haus1020 Wien, 02. Bezirk, Leopoldstadt, Nordbahnstraße 36265m²Büro/OrdinationCBRE GmbH€ 0,05/m²€ 13",1020 (2. Leopoldstadt),kiado,https://www.willhaben.at/iad/immobilien/d/gewerbeimmobilien-mieten/wien/wien-1020-leopoldstadt/zentrale-bueros-im-pharos-haus-1881791302,1881791302.html,2026-10-08 16:01:17
1046670041,"Moderne Bürofläche im Viertel Zwei in 1020 Wien zu mieten1020 Wien, 02. Bezirk, Leopoldstadt516m²Büro/OrdinationÖRAG Immobilien Vermittlung GmbH€ 27/m²€ 13.932",1020 (2. Leopoldstadt),kiado,https://www.willhaben.at/iad/immobilien/d/gewerbeimmobilien-mieten/wien/wien-1020-leopoldstadt/moderne-bueroflaeche-im-viertel-zwei-in-1020-wien-zu-mieten-1046670041,1046670041.html,2026-10-08 16:04:44
889948708,"GREEN WORX - Unit 3 kompaktes Büro1020 Wien, 02. Bezirk, Leopoldstadt, Lassallestraße 7372m²Büro/OrdinationOPTIN Immobilien GmbH€ 14,50/m²€ 14,50",1020 (2. Leopoldstadt),kiado,https://www.willhaben.at/iad/immobilien/d/gewerbeimmobilien-mieten/wien/wien-1020-leopoldstadt/green-worx-unit-3-kompaktes-buero-889948708,889948708.html,2026-10-08 16:04:47
1858576275,"Top saniertes Büro - Erstbezug!1020 Wien, 02. Bezirk, Leopoldstadt, Stuwerstraße 1577m²2ZimmerPrivat€ 16,75/m²€ 1.290",1020 (2. Leopoldstadt),kiado,https://www.willhaben.at/iad/immobilien/d/mietwohnungen/wien/wien-1020-leopoldstadt/top-saniertes-buero-erstbezug-1858576275,1858576275.html,2026-10-08 16:04:50
2025062333,"GREEN WORX - gesamtes Geschoß zur Walcherstraße1020 Wien, 02. Bezirk, Leopoldstadt, Lassallestraße 7486m²Büro/OrdinationOPTIN Immobilien GmbH€ 14,50/m²€ 14,50",1020 (2. Leopoldstadt),kiado,https://www.willhaben.at/iad/immobilien/d/gewerbeimmobilien-mieten/wien/wien-1020-leopoldstadt/green-worx-gesamtes-geschoss-zur-walcherstrasse-2025062333,2025062333.html,2026-10-08 16:04:54
1010283999,"Erstbezug: Neu errichtete 2 Zimmer Dachgeschosswohnung mit Balkon1020 Wien, 02. Bezirk, Leopoldstadt47m²2ZimmerBalkonREV Realitäten Erhaltungs- und Verwaltungsgesellschaft m.b.H.€ 30/m²€ 1.410",1010 (1. Innere Stadt),kiado,https://www.willhaben.at/iad/immobilien/d/mietwohnungen/wien/wien-1020-leopoldstadt/erstbezug-neu-errichtete-2-zimmer-dachgeschosswohnung-mit-balkon-1010283999,1010283999.html,2026-10-08 16:04:57
1011099916,"Top-Lage als Garant für nachhaltige Vermietung1020 Wien, 02. Bezirk, Leopoldstadt, Obere DonaustraßeEHL Immobilien GmbH€ 9.833,33/m²€ 531.000",1020 (2. Leopoldstadt),kiado,https://www.willhaben.at/iad/immobilien/d/sonstige/sonstige/top-lage-als-garant-fuer-nachhaltige-vermietung-1011099916,1011099916.html,2026-10-08 16:06:02
977341493,"LeopoldQuartier Office1020 Wien, 02. Bezirk, Leopoldstadt, Obere Donaustraße 23-271.279m²Büro/OrdinationOPTIN Immobilien GmbH€ 23,60/m²€ 23,60",1020 (2. Leopoldstadt),kiado,https://www.willhaben.at/iad/immobilien/d/gewerbeimmobilien-mieten/wien/wien-1020-leopoldstadt/leopoldquartier-office-977341493,977341493.html,2026-10-08 16:06:05
1554116391,"AUGARTEN LIVING - bis Dezember 2026 vermietet - 2,5 Zimmer - nähe Donaukanal!1020 Wien, 02. Bezirk, Leopoldstadt78m²2ZimmerRIMMO Prime Vermittlungs GmbH€ 4.871,80/m²€ 380.000",1020 (2. Leopoldstadt),kiado,https://www.willhaben.at/iad/immobilien/d/eigentumswohnung/wien/wien-1020-leopoldstadt/augarten-living-bis-dezember-2026-vermietet-2-5-zimmer-naehe-donaukanal-1554116391,1554116391.html,2026-10-08 16:06:08
849762541,"| LeopoldQuartier OFFICE | Holz-Hybrid-Bauweise1020 Wien, 02. Bezirk, Leopoldstadt592m²Büro/OrdinationDECUS Immobilien GmbH€ 23,60/m²€ 23,60",1020 (2. Leopoldstadt),kiado,https://www.willhaben.at/iad/immobilien/d/gewerbeimmobilien-mieten/wien/wien-1020-leopoldstadt/-leopoldquartier-office-holz-hybrid-bauweise-849762541,849762541.html,2026-10-08 16:09:04
871445003,"| LeopoldQuartier OFFICE | Holz-Hybrid-Bauweise1020 Wien, 02. Bezirk, Leopoldstadt1.631m²Büro/OrdinationDECUS Immobilien GmbH€ 24,10/m²€ 24,10",1020 (2. Leopoldstadt),kiado,https://www.willhaben.at/iad/immobilien/d/gewerbeimmobilien-mieten/wien/wien-1020-leopoldstadt/-leopoldquartier-office-holz-hybrid-bauweise-871445003,871445003.html,2026-10-08 16:09:07
997083326,"| LeopoldQuartier OFFICE | Holz-Hybrid-Bauweise1020 Wien, 02. Bezirk, Leopoldstadt1.278m²Büro/OrdinationDECUS Immobilien GmbH€ 23,60/m²€ 23,60",1020 (2. Leopoldstadt),kiado,https://www.willhaben.at/iad/immobilien/d/gewerbeimmobilien-mieten/wien/wien-1020-leopoldstadt/-leopoldquartier-office-holz-hybrid-bauweise-997083326,997083326.html,2026-10-08 16:09:10
1252839633,"| LeopoldQuartier OFFICE | Holz-Hybrid-Bauweise1020 Wien, 02. Bezirk, Leopoldstadt497m²Büro/OrdinationDECUS Immobilien GmbH€ 24,10/m²€ 24,10",1020 (2. Leopoldstadt),kiado,https://www.willhaben.at/iad/immobilien/d/gewerbeimmobilien-mieten/wien/wien-1020-leopoldstadt/-leopoldquartier-office-holz-hybrid-bauweise-1252839633,1252839633.html,2026-10-08 16:09:14
1245719910,"Vielseitige Gewerbefläche in eigenständigem Baukörper - DIE HALLE1020 Wien, 02. Bezirk, Leopoldstadt, Taborstraße 119287m²Büro/OrdinationÖSW Konzern€ 24,26/m²€ 6.962,10",1020 (2. Leopoldstadt),kiado,https://www.willhaben.at/iad/immobilien/d/gewerbeimmobilien-mieten/wien/wien-1020-leopoldstadt/vielseitige-gewerbeflaeche-in-eigenstaendigem-baukoerper-die-halle-1245719910,1245719910.html,2026-10-08 16:09:17
1893401265,"| LeopoldQuartier OFFICE | Holz-Hybrid-Bauweise1020 Wien, 02. Bezirk, Leopoldstadt586m²Büro/OrdinationDECUS Immobilien GmbH€ 24,10/m²€ 24,10",1020 (2. Leopoldstadt),kiado,https://www.willhaben.at/iad/immobilien/d/gewerbeimmobilien-mieten/wien/wien-1020-leopoldstadt/-leopoldquartier-office-holz-hybrid-bauweise-1893401265,1893401265.html,2026-10-08 16:09:23
932758465,"| LeopoldQuartier OFFICE | Holz-Hybrid-Bauweise1020 Wien, 02. Bezirk, Leopoldstadt449m²Büro/OrdinationDECUS Immobilien GmbH€ 23,60/m²€ 23,60",1020 (2. Leopoldstadt),kiado,https://www.willhaben.at/iad/immobilien/d/gewerbeimmobilien-mieten/wien/wien-1020-leopoldstadt/-leopoldquartier-office-holz-hybrid-bauweise-932758465,932758465.html,2026-10-08 16:09:27
1371468652,"Pizza Take Away - mit Betriebsanlagengenehmigung1020 Wien, 02. Bezirk, Leopoldstadt, Schwedenplatz Nähe34m²GastronomiePrivat€ 84,68/m²€ 2.879",1020 (2. Leopoldstadt),kiado,https://www.willhaben.at/iad/immobilien/d/gewerbeimmobilien-mieten/wien/wien-1020-leopoldstadt/pizza-take-away-mit-betriebsanlagengenehmigung-1371468652,1371468652.html,2026-10-08 16:09:29
1655187607,"2 Zimmer mit Balkon und Tiefgaragenplatz1020 Wien, 02. Bezirk, Leopoldstadt, Haussteinstrasse 248m²2ZimmerBalkonPrivat€ 22,92/m²€ 1.100",1020 (2. Leopoldstadt),kiado,https://www.willhaben.at/iad/immobilien/d/mietwohnungen/wien/wien-1020-leopoldstadt/2-zimmer-mit-balkon-und-tiefgaragenplatz-1655187607,1655187607.html,2026-10-08 16:09:32
1847627741,"LEOPOLD QUARTIER Office1020 Wien, 02. Bezirk, Leopoldstadt2.328m²Büro/OrdinationSpiegelfeld Immobilien GmbH€ 31,07/m²€ 72.330,96",1020 (2. Leopoldstadt),kiado,https://www.willhaben.at/iad/immobilien/d/gewerbeimmobilien-mieten/wien/wien-1020-leopoldstadt/leopold-quartier-office-1847627741,1847627741.html,2026-10-08 16:09:46
901401827,"Leopold Quartier OFFICE - Büroflächen in neuem Projekt am Donaukanal1020 Wien, 02. Bezirk, Leopoldstadt555m²Büro/OrdinationÖRAG Immobilien Vermittlung GmbH€ 28,56/m²€ 15.850,93",1020 (2. Leopoldstadt),kiado,https://www.willhaben.at/iad/immobilien/d/gewerbeimmobilien-mieten/wien/wien-1020-leopoldstadt/leopold-quartier-office-bueroflaechen-in-neuem-projekt-am-donaukanal-901401827,901401827.html,2026-10-08 16:09:48
1467575844,"Leopold Quartier OFFICE - Büroflächen in neuem Projekt am Donaukanal1020 Wien, 02. Bezirk, Leopoldstadt1.415m²Büro/OrdinationÖRAG Immobilien Vermittlung GmbH€ 28,56/m²€ 40.412,55",1020 (2. Leopoldstadt),kiado,https://www.willhaben.at/iad/immobilien/d/gewerbeimmobilien-mieten/wien/wien-1020-leopoldstadt/leopold-quartier-office-bueroflaechen-in-neuem-projekt-am-donaukanal-1467575844,1467575844.html,2026-10-08 16:09:51
1526028363,"Leopold Quartier OFFICE - Büroflächen in neuem Projekt am Donaukanal1020 Wien, 02. Bezirk, Leopoldstadt465m²Büro/OrdinationÖRAG Immobilien Vermittlung GmbH€ 29,08/m²€ 13.523,07",1020 (2. Leopoldstadt),kiado,https://www.willhaben.at/iad/immobilien/d/gewerbeimmobilien-mieten/wien/wien-1020-leopoldstadt/leopold-quartier-office-bueroflaechen-in-neuem-projekt-am-donaukanal-1526028363,1526028363.html,2026-10-08 16:09:55
1956276866,"Büroﬂächen im HSW-Ofﬁcepark Nähe Praterstern, 1020 Wien1020 Wien, 02. Bezirk, LeopoldstadtBüro/OrdinationÖRAG Immobilien Vermittlung GmbH€ 10,50/m²€ 10,50",1020 (2. Leopoldstadt),kiado,https://www.willhaben.at/iad/immobilien/d/gewerbeimmobilien-mieten/wien/wien-1020-leopoldstadt/buero-aechen-im-hsw-of-cepark-naehe-praterstern-1020-wien-1956276866,1956276866.html,2026-10-08 16:09:58
1960298793,"Leopold Quartier OFFICE - Büroflächen in neuem Projekt am Donaukanal1020 Wien, 02. Bezirk, Leopoldstadt420m²Büro/OrdinationÖRAG Immobilien Vermittlung GmbH€ 28,60/m²€ 12.009,97",1020 (2. Leopoldstadt),kiado,https://www.willhaben.at/iad/immobilien/d/gewerbeimmobilien-mieten/wien/wien-1020-leopoldstadt/leopold-quartier-office-bueroflaechen-in-neuem-projekt-am-donaukanal-1960298793,1960298793.html,2026-10-08 16:10:02
2077142225,"Leopold Quartier OFFICE - Büroflächen in neuem Projekt am Donaukanal1020 Wien, 02. Bezirk, Leopoldstadt439m²Büro/OrdinationÖRAG Immobilien Vermittlung GmbH€ 28,59/m²€ 12.551,66",1020 (2. Leopoldstadt),kiado,https://www.willhaben.at/iad/immobilien/d/gewerbeimmobilien-mieten/wien/wien-1020-leopoldstadt/leopold-quartier-office-bueroflaechen-in-neuem-projekt-am-donaukanal-2077142225,2077142225.html,2026-10-08 16:10:05
2088140123,"Leopold Quartier OFFICE - Büroflächen in neuem Projekt am Donaukanal1020 Wien, 02. Bezirk, Leopoldstadt490m²Büro/OrdinationÖRAG Immobilien Vermittlung GmbH€ 29,10/m²€ 14.257,09",1020 (2. Leopoldstadt),kiado,https://www.willhaben.at/iad/immobilien/d/gewerbeimmobilien-mieten/wien/wien-1020-leopoldstadt/leopold-quartier-office-bueroflaechen-in-neuem-projekt-am-donaukanal-2088140123,2088140123.html,2026-10-08 16:10:09
955735099,"Büroflächen im Carré Lassalle in 1020 Wien zu mieten1020 Wien, 02. Bezirk, Leopoldstadt516m²Büro/OrdinationÖRAG Immobilien Vermittlung GmbH€ 14,93/m²€ 7.703,66",1020 (2. Leopoldstadt),kiado,https://www.willhaben.at/iad/immobilien/d/gewerbeimmobilien-mieten/wien/wien-1020-leopoldstadt/bueroflaechen-im-carre-lassalle-in-1020-wien-zu-mieten-955735099,955735099.html,2026-10-08 16:10:15
1825645479,"PROVISIONSFREI -= Marina Tower =- ab 01.12.2026. Wunderschöne Wohnung mit GROßER Terrasse (65 qm)1020 Wien, 02. Bezirk, Leopoldstadt, Wehlistraße 29175m²3ZimmerTerrasse, LoggiaAVIAS GmbH€ 32/m²€ 2.400",1020 (2. Leopoldstadt),kiado,https://www.willhaben.at/iad/immobilien/d/mietwohnungen/wien/wien-1020-leopoldstadt/provisionsfrei-marina-tower-ab-01-12-2026-wunderschoene-wohnung-mit-grosser-terrasse-65-qm-1825645479,1825645479.html,2026-10-08 16:10:25
1331355168,"Blick über den Prater und Wien 10 OG LAS 3 - Bürogebäude am Praterstern1020 Wien, 02. Bezirk, Leopoldstadt, Lassallestraße 31.254m²Büro/OrdinationOPTIN Immobilien GmbH€ 16/m²€ 16",1020 (2. Leopoldstadt),kiado,https://www.willhaben.at/iad/immobilien/d/gewerbeimmobilien-mieten/wien/wien-1020-leopoldstadt/blick-ueber-den-prater-und-wien-10-og-las-3-buerogebaeude-am-praterstern-1331355168,1331355168.html,2026-10-08 16:10:40
1941008894,"Sanierte 3-Zimmer Wohnung im Altbau-Stil mit Terrasse im Pratercottage1020 Wien, 02. Bezirk, Leopoldstadt, Böcklinstraße 3598m²3ZimmerTerrasse, GartenPecosa Property GmbH€ 19,88/m²€ 1.948,38",1020 (2. Leopoldstadt),kiado,https://www.willhaben.at/iad/immobilien/d/mietwohnungen/wien/wien-1020-leopoldstadt/sanierte-3-zimmer-wohnung-im-altbau-stil-mit-terrasse-im-pratercottage-1941008894,1941008894.html,2026-10-08 16:10:46
1209912402,"| Büroflächen und Co-working in Business-Center | LASSALLESTRASSE1020 Wien, 02. Bezirk, Leopoldstadt450m²Büro/OrdinationDECUS Immobilien GmbHKeine Angabe",1020 (2. Leopoldstadt),kiado,https://www.willhaben.at/iad/immobilien/d/gewerbeimmobilien-mieten/wien/wien-1020-leopoldstadt/-bueroflaechen-und-co-working-in-business-center-lassallestrasse-1209912402,1209912402.html,2026-10-08 16:10:53
1897130863,"Büroﬂächen im HSW-Ofﬁcepark Nähe Praterstern, 1020 Wien1020 Wien, 02. Bezirk, Leopoldstadt2.000m²Büro/OrdinationÖRAG Immobilien Vermittlung GmbH€ 15,10/m²€ 30.200",1020 (2. Leopoldstadt),kiado,https://www.willhaben.at/iad/immobilien/d/gewerbeimmobilien-mieten/wien/wien-1020-leopoldstadt/buero-aechen-im-hsw-of-cepark-naehe-praterstern-1020-wien-1897130863,1897130863.html,2026-10-08 16:10:56
1229219000,"TOP FÜR ANLEGER | TERRASSSENWOHNUNG | 3 ZIMMER | VERMIETET |1020 Wien, 02. Bezirk, Leopoldstadt, Wehlistraße76m²3ZimmerBalkonDECUS Immobilien GmbH€ 8.467,27/m²€ 643.512,33",1020 (2. Leopoldstadt),kiado,https://www.willhaben.at/iad/immobilien/d/eigentumswohnung/wien/wien-1020-leopoldstadt/top-fuer-anleger-terrasssenwohnung-3-zimmer-vermietet-1229219000,1229219000.html,2026-10-08 16:13:50
1162505514,"Praterstraße / Nestroyplatz - Ruhige Altbauwohnung1020 Wien, 02. Bezirk, Leopoldstadt118m²3ZimmerColourfish Real Estate Immobilienmakler GmbH€ 17,63/m²€ 2.080,67",1020 (2. Leopoldstadt),kiado,https://www.willhaben.at/iad/immobilien/d/mietwohnungen/wien/wien-1020-leopoldstadt/praterstrasse-nestroyplatz-ruhige-altbauwohnung-1162505514,1162505514.html,2026-10-08 16:14:12
846911780,"Dein Traumstandort wartet auf dich am ehemaligen Nordbahnhof.1020 Wien, 02. Bezirk, Leopoldstadt, Schweidlgasse 2497m²Geschäfts-/LadenlokalÖsterreichisches Volkswohnungswerk Gem. Gesellschaft m.b.H.€ 23,67/m²€ 2.296,24",1020 (2. Leopoldstadt),kiado,https://www.willhaben.at/iad/immobilien/d/gewerbeimmobilien-mieten/wien/wien-1020-leopoldstadt/dein-traumstandort-wartet-auf-dich-am-ehemaligen-nordbahnhof-846911780,846911780.html,2026-10-08 16:14:27
1610280862,"Dein Traum-Gastrolokal am ehemaligen Nordbahnhof.1020 Wien, 02. Bezirk, Leopoldstadt, Nordbahnstraße 41276m²Geschäfts-/LadenlokalÖsterreichisches Volkswohnungswerk Gem. Gesellschaft m.b.H.€ 29,08/m²€ 8.026,61",1020 (2. Leopoldstadt),kiado,https://www.willhaben.at/iad/immobilien/d/gewerbeimmobilien-mieten/wien/wien-1020-leopoldstadt/dein-traum-gastrolokal-am-ehemaligen-nordbahnhof-1610280862,1610280862.html,2026-10-08 16:14:30
2055537092,"Büroflächen und Co-working im 2. Bezirk1020 Wien, 02. Bezirk, Leopoldstadt15m²Büro/OrdinationColourfish Real Estate Immobilienmakler GmbH€ 25,93/m²€ 389",1020 (2. Leopoldstadt),kiado,https://www.willhaben.at/iad/immobilien/d/gewerbeimmobilien-mieten/wien/wien-1020-leopoldstadt/bueroflaechen-und-co-working-im-2-bezirk-2055537092,2055537092.html,2026-10-08 16:14:36
2012832554,"Großzügige Private-Offices und Co-Working im 2. Bezirk1020 Wien, 02. Bezirk, Leopoldstadt15m²Büro/OrdinationColourfish Real Estate Immobilienmakler GmbH€ 25,93/m²€ 389",1020 (2. Leopoldstadt),kiado,https://www.willhaben.at/iad/immobilien/d/gewerbeimmobilien-mieten/wien/wien-1020-leopoldstadt/grosszuegige-private-offices-und-co-working-im-2-bezirk-2012832554,2012832554.html,2026-10-08 16:14:38
1384619345,"Top Gastronomielokal in 1020 Wien Unbefristet Weitergaberecht Schanigarten1020 Wien, 02. Bezirk, Leopoldstadt, Untere Augartenstr 225m²GastronomiePrivat€ 33,51/m²€ 837,63",1020 (2. Leopoldstadt),kiado,https://www.willhaben.at/iad/immobilien/d/gewerbeimmobilien-mieten/wien/wien-1020-leopoldstadt/top-gastronomielokal-in-1020-wien-unbefristet-weitergaberecht-schanigarten-1384619345,1384619345.html,2026-10-08 16:14:41
907061491,"Tiefgaragenstellplatz in der Engerthstraße 169 anzumieten!1020 Wien, 02. Bezirk, LeopoldstadtEKAZENT Management GmbH€ 100",1020 (2. Leopoldstadt),kiado,https://www.willhaben.at/iad/immobilien/d/sonstige/sonstige/tiefgaragenstellplatz-in-der-engerthstrasse-169-anzumieten-907061491,907061491.html,2026-10-08 16:14:52
1910434180,"LeopoldQuartier Office bei U4 Rossauer Lände1020 Wien, 02. Bezirk, Leopoldstadt449m²Büro/OrdinationColourfish Real Estate Immobilienmakler GmbH€ 24,58/m²€ 11.034,51",1020 (2. Leopoldstadt),kiado,https://www.willhaben.at/iad/immobilien/d/gewerbeimmobilien-mieten/wien/wien-1020-leopoldstadt/leopoldquartier-office-bei-u4-rossauer-laende-1910434180,1910434180.html,2026-10-08 16:14:55
1281814084,"einmalige Möglichkeit zur Mitgestaltung ihres neuen Büro oder Praxis direkt am Praterstern!1020 Wien, 02. Bezirk, Leopoldstadt126m²Büro/OrdinationTrimond Immobilienmakler GesmbH€ 16,17/m²€ 2.037,06",1020 (2. Leopoldstadt),kiado,https://www.willhaben.at/iad/immobilien/d/gewerbeimmobilien-mieten/wien/wien-1020-leopoldstadt/einmalige-moeglichkeit-zur-mitgestaltung-ihres-neuen-buero-oder-praxis-direkt-am-praterstern-1281814084,1281814084.html,2026-10-08 16:14:58
2104582038,"Praterhaputalle Wohnung , Prater Cottage1020 Wien, 02. Bezirk, Leopoldstadt, Kurzbauergasse46m²2ZimmerPrivat€ 17/m²€ 782",1020 (2. Leopoldstadt),kiado,https://www.willhaben.at/iad/immobilien/d/mietwohnungen/wien/wien-1020-leopoldstadt/praterhaputalle-wohnung-prater-cottage-2104582038,2104582038.html,2026-10-08 16:15:01
1524912298,"ERSTBEZUG - PRATER - 5 ZIMMER ALTBAUWOHNUNG - kl. KLOPFBALKON1020 Wien, 02. Bezirk, Leopoldstadt, Böcklinstrasse 26168m²5ZimmerBalkonGewerblicher Anbieter€ 17,85/m²€ 2.998,92",1020 (2. Leopoldstadt),kiado,https://www.willhaben.at/iad/immobilien/d/mietwohnungen/wien/wien-1020-leopoldstadt/erstbezug-prater-5-zimmer-altbauwohnung-kl-klopfbalkon-1524912298,1524912298.html,2026-10-08 16:15:04
1665029738,"Schöner, sanierter Keller beim Karmelitermarkt, bei Vermietung 4% Redite1020 Wien, 02. Bezirk, LeopoldstadtWeinblatt Oppel Immobilien€ 1.222,22/m²€ 110.000",1020 (2. Leopoldstadt),kiado,https://www.willhaben.at/iad/immobilien/d/sonstige/sonstige/schoener-sanierter-keller-beim-karmelitermarkt-bei-vermietung-4-redite-1665029738,1665029738.html,2026-10-08 16:15:07
1962399575,"NEUBAUBÜRO nahe PRATERSTERN1020 Wien, 02. Bezirk, Leopoldstadt265m²Büro/OrdinationKALANDRA Immobilien€ 16,22/m²€ 4.299,44",1020 (2. Leopoldstadt),kiado,https://www.willhaben.at/iad/immobilien/d/gewerbeimmobilien-mieten/wien/wien-1020-leopoldstadt/neubaubuero-nahe-praterstern-1962399575,1962399575.html,2026-10-08 16:15:32
796254069,"1020! Rendite ca. 5,88%! Wohneigentumspaket: Geschäftslokal und Magazin! Unbefristet vermietet!1020 Wien, 02. Bezirk, Leopoldstadt203m²Geschäfts-/LadenlokalHERZEL Immobilien e.U.€ 2.536,95/m²€ 515.000",1020 (2. Leopoldstadt),kiado,https://www.willhaben.at/iad/immobilien/d/gewerbeimmobilien-kaufen/wien/wien-1020-leopoldstadt/1020-rendite-ca-5-88-wohneigentumspaket-geschaeftslokal-und-magazin-unbefristet-vermietet-796254069,796254069.html,2026-10-08 16:15:35
1495300764,"DPC | LeopoldQuartier Office1020 Wien, 02. Bezirk, Leopoldstadt670m²Büro/OrdinationDanube Property Consulting Immobilien GmbH€ 31,07/m²€ 20.817,83",1020 (2. Leopoldstadt),kiado,https://www.willhaben.at/iad/immobilien/d/gewerbeimmobilien-mieten/wien/wien-1020-leopoldstadt/dpc-leopoldquartier-office-1495300764,1495300764.html,2026-10-08 16:15:37
1622249607,"Modern penthouse apartment with big terrace1020 Wien, 02. Bezirk, Leopoldstadt, Darwingasse137m²4ZimmerDachterrassePrivat€ 20,07/m²€ 2.750",1020 (2. Leopoldstadt),kiado,https://www.willhaben.at/iad/immobilien/d/mietwohnungen/wien/wien-1020-leopoldstadt/modern-penthouse-apartment-with-big-terrace-1622249607,1622249607.html,2026-10-08 16:15:40
2078323458,"State-of-the-Art Büros im LEOPOLDQUARTIER | 1020 Wien1020 Wien, 02. Bezirk, Leopoldstadt399m²Büro/OrdinationColliers International Immobilienmakler GmbH€ 28,27/m²€ 11.280,38",1020 (2. Leopoldstadt),kiado,https://www.willhaben.at/iad/immobilien/d/gewerbeimmobilien-mieten/wien/wien-1020-leopoldstadt/state-of-the-art-bueros-im-leopoldquartier-1020-wien-2078323458,2078323458.html,2026-10-08 16:15:43
1359248766,"Dachgeschoss-Erstbezug im Leopoldquartier - Top-modernes City-Living mit Balkon, Gym, Sauna, Co-Working-Space uvm.1020 Wien, 02. Bezirk, Leopoldstadt56m²2ZimmerBalkonZödi Immobilien GmbH€ 30,18/m²€ 1.690",1020 (2. Leopoldstadt),kiado,https://www.willhaben.at/iad/immobilien/d/mietwohnungen/wien/wien-1020-leopoldstadt/dachgeschoss-erstbezug-im-leopoldquartier-top-modernes-city-living-mit-balkon-gym-sauna-co-working-space-uvm-1359248766,1359248766.html,2026-10-08 16:18:32
899129425,"Kompakte Vorsorge-Gewerbefläche im 2. Bezirk (ca. 36 m²) - Befristet vermietet bis 20281020 Wien, 02. Bezirk, Leopoldstadt36m²ZinshausSMP Immobilientreuhand€ 4.258,83/m²€ 153.318",1020 (2. Leopoldstadt),kiado,https://www.willhaben.at/iad/immobilien/d/gewerbeimmobilien-kaufen/wien/wien-1020-leopoldstadt/kompakte-vorsorge-gewerbeflaeche-im-2-bezirk-ca-36-m-befristet-vermietet-bis-2028-899129425,899129425.html,2026-10-08 16:18:35
1804772146,"Im Korso großzügige 4-Zimmer-Wohnung mit Balkon, Tiefgaragenplatz (optional) & unverbautem Grünblick nahe Prater1020 Wien, 02. Bezirk, Leopoldstadt, Vorgartenstrasse 210100m²4ZimmerBalkonPrivat€ 25,74/m²€ 2.574",1010 (1. Innere Stadt),kiado,https://www.willhaben.at/iad/immobilien/d/mietwohnungen/wien/wien-1020-leopoldstadt/im-korso-grosszuegige-4-zimmer-wohnung-mit-balkon-tiefgaragenplatz-optional-unverbautem-gruenblick-nahe-prater-1804772146,1804772146.html,2026-10-08 16:18:41
901531414,"Voll möblierte & klimatisierte 3-Zimmer-Wohnung am Karmelitermarkt1020 Wien, 02. Bezirk, Leopoldstadt, Flossgasse79m²3ZimmerGewerblicher Anbieter€ 22,41/m²€ 1.770",1020 (2. Leopoldstadt),kiado,https://www.willhaben.at/iad/immobilien/d/mietwohnungen/wien/wien-1020-leopoldstadt/voll-moeblierte-klimatisierte-3-zimmer-wohnung-am-karmelitermarkt-901531414,901531414.html,2026-10-08 16:18:47
1193259698,"Nutzen Sie diese Gelegenheit!! CHARMANTES GEWERBELOKAL MIT GALERIE | 77 + 21 m² | 3 EINGÄNGE | U41020 Wien, 02. Bezirk, Leopoldstadt98m²Büro/OrdinationImmo-Company Haas & Urban Immobilien GmbH€ 9,86/m²€ 966,06",1020 (2. Leopoldstadt),kiado,https://www.willhaben.at/iad/immobilien/d/gewerbeimmobilien-mieten/wien/wien-1020-leopoldstadt/nutzen-sie-diese-gelegenheit-charmantes-gewerbelokal-mit-galerie-77-21-m-3-eingaenge-u4-1193259698,1193259698.html,2026-10-08 16:18:50
1978700578,"MODERN & ZENTRAL: 2 ZIMMER GESCHÄFTSLOKAL NÄHE TABORSTRASSE1020 Wien, 02. Bezirk, Leopoldstadt46m²Geschäfts-/LadenlokalWISION HOME GmbH€ 19,62/m²€ 902,63",1020 (2. Leopoldstadt),kiado,https://www.willhaben.at/iad/immobilien/d/gewerbeimmobilien-mieten/wien/wien-1020-leopoldstadt/modern-zentral-2-zimmer-geschaeftslokal-naehe-taborstrasse-1978700578,1978700578.html,2026-10-08 16:18:54
974774188,"reserviert(reserviert) Keine Anfragen mehr! Gemeindebau Direktvergabe1020 Wien, 02. Bezirk, Leopoldstadt, Engerthstraße39m²2ZimmerPrivatReserviert",1020 (2. Leopoldstadt),kiado,https://www.willhaben.at/iad/immobilien/d/mietwohnungen/wien/wien-1020-leopoldstadt/keine-anfragen-mehr-gemeindebau-direktvergabe-974774188,974774188.html,2026-10-08 16:18:57
1879772231,"Helle, ruhige 39 m² Wohnung in Praternähe - 5. Stock, voll möbliert & renoviert1020 Wien, 02. Bezirk, Leopoldstadt39m²1ZimmerPrivat€ 30,77/m²€ 1.200",1020 (2. Leopoldstadt),kiado,https://www.willhaben.at/iad/immobilien/d/mietwohnungen/wien/wien-1020-leopoldstadt/helle-ruhige-39-m-wohnung-in-praternaehe-5-stock-voll-moebliert-renoviert-1879772231,1879772231.html,2026-10-08 16:19:06
1009456213,"Ideales Gastrolokal, Take away.. Nähe Donaukanal, Prater1020 Wien, 02. Bezirk, Leopoldstadt, Franzensbrückenstraße95m²GastronomieIC Realexspert Wien GmbH€ 13,63/m²€ 1.294,71",1020 (2. Leopoldstadt),kiado,https://www.willhaben.at/iad/immobilien/d/gewerbeimmobilien-mieten/wien/wien-1020-leopoldstadt/ideales-gastrolokal-take-away-naehe-donaukanal-prater-1009456213,1009456213.html,2026-10-08 16:19:24
1221266135,"Ab 1 - 5 Zimmer Altbau Büro, Ordination, Praxis, Atelier, Wohn-Büro1020 Wien, 02. Bezirk, Leopoldstadt, Haidgasse70m²Büro/OrdinationGewerblicher Anbieter€ 25/m²€ 1.750",1020 (2. Leopoldstadt),kiado,https://www.willhaben.at/iad/immobilien/d/gewerbeimmobilien-mieten/wien/wien-1020-leopoldstadt/ab-1-5-zimmer-altbau-buero-ordination-praxis-atelier-wohn-buero-1221266135,1221266135.html,2026-10-08 16:19:31
1469193567,"Komfortable Wohnung in perfekter Lage -Provisionsfrei!1020 Wien, 02. Bezirk, Leopoldstadt, Walcherstraße 1783m²4ZimmerPrivat€ 18,07/m²€ 1.500",1020 (2. Leopoldstadt),kiado,https://www.willhaben.at/iad/immobilien/d/mietwohnungen/wien/wien-1020-leopoldstadt/komfortable-wohnung-in-perfekter-lage-provisionsfrei-1469193567,1469193567.html,2026-10-08 16:19:34
2060758498,"Arbeitsplätze, Services und Support unterstützen Sie bei der Arbeit in Regus Messecarree1020 Wien, 02. Bezirk, Leopoldstadt1.678m²Büro/OrdinationIWG  Management (Austria) GmbHPreis auf Anfrage",1020 (2. Leopoldstadt),kiado,https://www.willhaben.at/iad/immobilien/d/gewerbeimmobilien-mieten/wien/wien-1020-leopoldstadt/arbeitsplaetze-services-und-support-unterstuetzen-sie-bei-der-arbeit-in-regus-messecarree-2060758498,2060758498.html,2026-10-08 16:19:50
2034327911,"Attraktives WE-Paket: Drei vermietete Geschäftslokale in Wien (1020-1160) - Rendite über 5,85%!1020 Wien, 02. Bezirk, Leopoldstadt282m²ZinshauswebStar GmbH€ 3.085,11/m²€ 870.000",1020 (2. Leopoldstadt),kiado,https://www.willhaben.at/iad/immobilien/d/gewerbeimmobilien-kaufen/wien/wien-1020-leopoldstadt/attraktives-we-paket-drei-vermietete-geschaeftslokale-in-wien-1020-1160-rendite-ueber-5-85-2034327911,2034327911.html,2026-10-08 16:20:03
1637008919,"Augarten ""ums Eck"" 3,5 Zimmer, 3er WG geeignet und unbefristet1020 Wien, 02. Bezirk, Leopoldstadt132m²4ZimmerBrezina Immobilien€ 15,15/m²€ 1.999,26",1020 (2. Leopoldstadt),kiado,https://www.willhaben.at/iad/immobilien/d/mietwohnungen/wien/wien-1020-leopoldstadt/augarten-ums-eck-3-5-zimmer-3er-wg-geeignet-und-unbefristet-1637008919,1637008919.html,2026-10-08 16:20:06
976438089,"NEUBAU: Unbefristet vermietetes Geschäftslokal mit toller Rendite! 6,26%!!! Sorgenfreies Investment!1020 Wien, 02. Bezirk, Leopoldstadt104m²Geschäfts-/LadenlokalKuhn Immobilien GmbH€ 2.394,23/m²€ 249.000",1020 (2. Leopoldstadt),kiado,https://www.willhaben.at/iad/immobilien/d/gewerbeimmobilien-kaufen/wien/wien-1020-leopoldstadt/neubau-unbefristet-vermietetes-geschaeftslokal-mit-toller-rendite-6-26-sorgenfreies-investment-976438089,976438089.html,2026-10-08 16:20:20
1254858751,"Top - Lokal in direkter Nähe zum Schwedenplatz!1020 Wien, 02. Bezirk, Leopoldstadt429m²Geschäfts-/LadenlokalTrimond Immobilienmakler GesmbH€ 22,59/m²€ 9.691,11",1020 (2. Leopoldstadt),kiado,https://www.willhaben.at/iad/immobilien/d/gewerbeimmobilien-mieten/wien/wien-1020-leopoldstadt/top-lokal-in-direkter-naehe-zum-schwedenplatz-1254858751,1254858751.html,2026-10-08 16:23:04
2086162291,"Geschäftslokal zum weitergeben1020 Wien, 02. Bezirk, Leopoldstadt, Lasallestrase 4672m²GastronomiePrivat€ 19,72/m²€ 1.420",1020 (2. Leopoldstadt),kiado,https://www.willhaben.at/iad/immobilien/d/gewerbeimmobilien-mieten/wien/wien-1020-leopoldstadt/geschaeftslokal-zum-weitergeben-2086162291,2086162291.html,2026-10-08 16:23:07
824643489,"Blueground ID314, Leopoldstadt1020 Wien, 02. Bezirk, Leopoldstadt, Wehlistraße 29153m²2ZimmerBalkonBlueground Austria GmbH€ 35,57/m²€ 1.885",1020 (2. Leopoldstadt),kiado,https://www.willhaben.at/iad/immobilien/d/mietwohnungen/wien/wien-1020-leopoldstadt/blueground-id314-leopoldstadt-824643489,824643489.html,2026-10-08 16:23:17
1653397496,"Beste Lage Praterstraße1020 Wien, 02. Bezirk, Leopoldstadt, Praterstraße 1377m²Büro/OrdinationPrivat€ 22/m²€ 22",1020 (2. Leopoldstadt),kiado,https://www.willhaben.at/iad/immobilien/d/gewerbeimmobilien-mieten/wien/wien-1020-leopoldstadt/beste-lage-praterstrasse-1653397496,1653397496.html,2026-10-08 16:23:20
1932423655,"Flexible Bürofläche Nähe Praterstern1020 Wien, 02. Bezirk, Leopoldstadt265m²Büro/OrdinationColourfish Real Estate Immobilienmakler GmbH€ 16,22/m²€ 4.298,56",1020 (2. Leopoldstadt),kiado,https://www.willhaben.at/iad/immobilien/d/gewerbeimmobilien-mieten/wien/wien-1020-leopoldstadt/flexible-bueroflaeche-naehe-praterstern-1932423655,1932423655.html,2026-10-08 16:23:55
1876910372,"Dachterrassen Mietwohnung in Top Lage zur Innenstadt1020 Wien, 02. Bezirk, Leopoldstadt147m²5ZimmerTerrasseullrich-immo GmbH€ 16,88/m²€ 2.482",1020 (2. Leopoldstadt),kiado,https://www.willhaben.at/iad/immobilien/d/mietwohnungen/wien/wien-1020-leopoldstadt/dachterrassen-mietwohnung-in-top-lage-zur-innenstadt-1876910372,1876910372.html,2026-10-08 16:23:58
1549026765,"Geschäftsfläche1020 Wien, 02. Bezirk, Leopoldstadt, Lasellestrasse 22/255m²Geschäfts-/LadenlokalPrivat€ 18,18/m²€ 1.000",1020 (2. Leopoldstadt),kiado,https://www.willhaben.at/iad/immobilien/d/gewerbeimmobilien-mieten/wien/wien-1020-leopoldstadt/geschaeftsflaeche-1549026765,1549026765.html,2026-10-08 16:24:01
942210190,"55m² ruhige generalsanierte Bürofläche im 1. Stock in Taborstrasse1020 Wien, 02. Bezirk, Leopoldstadt, Taborstrasse 5155m²Büro/OrdinationGewerblicher Anbieter€ 21,64/m²€ 1.190",1020 (2. Leopoldstadt),kiado,https://www.willhaben.at/iad/immobilien/d/gewerbeimmobilien-mieten/wien/wien-1020-leopoldstadt/55m-ruhige-generalsanierte-bueroflaeche-im-1-stock-in-taborstrasse-942210190,942210190.html,2026-10-08 16:24:04
1772557368,"Zuhause im Grünen - Einfamilienhaus mit Garten in der Siedlung Sonnenschein, 1020 Wien1020 Wien, 02. Bezirk, Leopoldstadt, Otto Futterknecht Weg50m²3ZimmerEinfamilienhausPrivat€ 31,80/m²€ 1.590",1020 (2. Leopoldstadt),kiado,https://www.willhaben.at/iad/immobilien/d/haus-mieten/wien/wien-1020-leopoldstadt/zuhause-im-gruenen-einfamilienhaus-mit-garten-in-der-siedlung-sonnenschein-1020-wien-1772557368,1772557368.html,2026-10-08 16:24:08
974481482,"Zwischenmiete: Cozy 54m² Apartment near Donau & U1 Vorgartenstrasse (3 min) with Loggia, Gym und Sauna - Available from Nov 11to Jan 311020 Wien, 02. Bezirk, Leopoldstadt, Walcherstrasse54m²2ZimmerLoggiaPrivat€ 22,22/m²€ 1.200",1020 (2. Leopoldstadt),kiado,https://www.willhaben.at/iad/immobilien/d/mietwohnungen/wien/wien-1020-leopoldstadt/zwischenmiete-cozy-54m-apartment-near-donau-u1-vorgartenstrasse-3-min-with-loggia-gym-und-sauna-available-from-nov-11to-jan-31-974481482,974481482.html,2026-10-08 16:24:11
2120371223,"Sehr schönes Büro im Herzen von Wien 1020 Wien - 250 m²1020 Wien, 02. Bezirk, Leopoldstadt250m²Büro/OrdinationImmoexpress KG€ 13,20/m²€ 3.300",1020 (2. Leopoldstadt),kiado,https://www.willhaben.at/iad/immobilien/d/gewerbeimmobilien-mieten/wien/wien-1020-leopoldstadt/sehr-schoenes-buero-im-herzen-von-wien-1020-wien-250-m-2120371223,2120371223.html,2026-10-08 16:24:18
1692895158,"Ca. 67 m² nahe Schwedenplatz - 2 getrennte Zimmer im 5. Liftstock1020 Wien, 02. Bezirk, Leopoldstadt, Lilienbrunngasse67m²2ZimmerPrivat€ 23,13/m²€ 1.550",1020 (2. Leopoldstadt),kiado,https://www.willhaben.at/iad/immobilien/d/mietwohnungen/wien/wien-1020-leopoldstadt/ca-67-m-nahe-schwedenplatz-2-getrennte-zimmer-im-5-liftstock-1692895158,1692895158.html,2026-10-08 16:24:21
1192180702,"reserviert(reserviert) 5 room apartment with courtyard terrace (newly renovated)1020 Wien, 02. Bezirk, Leopoldstadt, Darwingasse103m²5ZimmerGartenPrivatReserviert",1020 (2. Leopoldstadt),kiado,https://www.willhaben.at/iad/immobilien/d/mietwohnungen/wien/wien-1020-leopoldstadt/5-room-apartment-with-courtyard-terrace-newly-renovated-1192180702,1192180702.html,2026-10-08 16:24:24
1928447095,"Helle Bürofläche im Donau Business Center1020 Wien, 02. Bezirk, Leopoldstadt1.075m²Büro/OrdinationColliers International Immobilienmakler GmbH€ 14,97/m²€ 16.096,16",1020 (2. Leopoldstadt),kiado,https://www.willhaben.at/iad/immobilien/d/gewerbeimmobilien-mieten/wien/wien-1020-leopoldstadt/helle-bueroflaeche-im-donau-business-center-1928447095,1928447095.html,2026-10-08 16:24:27
1338787509,"Großzügige Bürofläche, Toplage nahe Wiener Prater und Messe Wien1020 Wien, 02. Bezirk, Leopoldstadt220m²Büro/OrdinationDr. Funk Immobilien GmbH & Co KG€ 12,96/m²€ 2.850,18",1020 (2. Leopoldstadt),kiado,https://www.willhaben.at/iad/immobilien/d/gewerbeimmobilien-mieten/wien/wien-1020-leopoldstadt/grosszuegige-bueroflaeche-toplage-nahe-wiener-prater-und-messe-wien-1338787509,1338787509.html,2026-10-08 16:24:30
1738010933,"Möblierte helle 3-Zimmerwohnung zur Untermiete1020 Wien, 02. Bezirk, Leopoldstadt, Vorgartenstraße73m²2ZimmerLoggiaPrivat€ 11,92/m²€ 870",1020 (2. Leopoldstadt),kiado,https://www.willhaben.at/iad/immobilien/d/mietwohnungen/wien/wien-1020-leopoldstadt/moeblierte-helle-3-zimmerwohnung-zur-untermiete-1738010933,1738010933.html,2026-10-08 16:24:32
1866161173,"reserviert(reserviert) Gemeindewohnung Wohnticket mit mindestens 15 Bonuspunkten1020 Wien, 02. Bezirk, Leopoldstadt, Schüttelstraße 1967m²3ZimmerBalkonPrivatReserviert",1020 (2. Leopoldstadt),kiado,https://www.willhaben.at/iad/immobilien/d/mietwohnungen/wien/wien-1020-leopoldstadt/gemeindewohnung-wohnticket-mit-mindestens-15-bonuspunkten-1866161173,1866161173.html,2026-10-08 16:24:35
1897396634,"Erstbezug nach General Sanierung1020 Wien, 02. Bezirk, Leopoldstadt, Untere Donaustrasse53m²2ZimmerPrivat€ 22,64/m²€ 1.200",1020 (2. Leopoldstadt),kiado,https://www.willhaben.at/iad/immobilien/d/mietwohnungen/wien/wien-1020-leopoldstadt/erstbezug-nach-general-sanierung-1897396634,1897396634.html,2026-10-08 16:24:40
1618487222,"Großzügiges Geschäftslokal in der TABORSTRASSE1020 Wien, 02. Bezirk, Leopoldstadt85m²Geschäfts-/LadenlokalWillmann Immobilien GmbH€ 57,56/m²€ 4.892,84",1020 (2. Leopoldstadt),kiado,https://www.willhaben.at/iad/immobilien/d/gewerbeimmobilien-mieten/wien/wien-1020-leopoldstadt/grosszuegiges-geschaeftslokal-in-der-taborstrasse-1618487222,1618487222.html,2026-10-08 16:24:44
1235781039,"3-Zimmer Wohnung im 2. Bezirk mit Freifläche1020 Wien, 02. Bezirk, Leopoldstadt, Obere Donaustraße80m²3ZimmerLoggiaPrivat€ 30/m²€ 2.400",1020 (2. Leopoldstadt),kiado,https://www.willhaben.at/iad/immobilien/d/mietwohnungen/wien/wien-1020-leopoldstadt/3-zimmer-wohnung-im-2-bezirk-mit-freiflaeche-1235781039,1235781039.html,2026-10-08 16:24:50
834436437,"Kleine Pfarrgasse 15 - Stapelparkplätze ab sofort zu vermieten!1020 Wien, 02. Bezirk, Leopoldstadt, Kleine Pfarrgasse 15Leitner Real Immobilientreuhand Ges.m.b.H.€ 160",1020 (2. Leopoldstadt),kiado,https://www.willhaben.at/iad/immobilien/d/sonstige/sonstige/kleine-pfarrgasse-15-stapelparkplaetze-ab-sofort-zu-vermieten-834436437,834436437.html,2026-10-08 16:24:59
1590854011,"""Sofort nutzbar für Kosmetik/ Nails - Geschäftslokal Nähe U-Bahn U1, Prarer1020 Wien (keine Gastronomie)""1020 Wien, 02. Bezirk, Leopoldstadt40m²Büro/OrdinationPrivat€ 23,75/m²€ 950",1020 (2. Leopoldstadt),kiado,https://www.willhaben.at/iad/immobilien/d/gewerbeimmobilien-mieten/wien/wien-1020-leopoldstadt/-sofort-nutzbar-fuer-kosmetik-nails-geschaeftslokal-naehe-u-bahn-u1-prarer1020-wien-keine-gastronomie-1590854011,1590854011.html,2026-10-08 16:27:37
1804067687,"WERDE GEWEBEPIONIER IM NEUEN STADTQUATIER1020 Wien, 02. Bezirk, Leopoldstadt, Nordbahnstr. 15/EG/A300m²Geschäfts-/LadenlokalSozialbau AG€ 20,77/m²€ 6.231,10",1020 (2. Leopoldstadt),kiado,https://www.willhaben.at/iad/immobilien/d/gewerbeimmobilien-mieten/wien/wien-1020-leopoldstadt/werde-gewebepionier-im-neuen-stadtquatier-1804067687,1804067687.html,2026-10-08 16:27:43
1889437477,"*frei ab 03.02.2027* All-inclusive-Miete Moderne Wohnung in Top-Lage - Nähe WU & Prater1020 Wien, 02. Bezirk, Leopoldstadt, Stuwerstraße 4735m²1ZimmerGewerblicher Anbieter€ 39,43/m²€ 1.380",1020 (2. Leopoldstadt),kiado,https://www.willhaben.at/iad/immobilien/d/mietwohnungen/wien/wien-1020-leopoldstadt/-frei-ab-03-02-2027-all-inclusive-miete-moderne-wohnung-in-top-lage-naehe-wu-prater-1889437477,1889437477.html,2026-10-08 16:27:45
1861441376,"State-of-the-Art Büros im LEOPOLDQUARTIER | 1020 Wien1020 Wien, 02. Bezirk, Leopoldstadt3.584m²Büro/OrdinationColliers International Immobilienmakler GmbH€ 28,80/m²€ 103.212,58",1020 (2. Leopoldstadt),kiado,https://www.willhaben.at/iad/immobilien/d/gewerbeimmobilien-mieten/wien/wien-1020-leopoldstadt/state-of-the-art-bueros-im-leopoldquartier-1020-wien-1861441376,1861441376.html,2026-10-08 16:27:51
2055371505,"WOHNEN WIE IM HOTEL: 3 ZIMMER MIT viel FREIFLÄCHE & DONAUBLICK1020 Wien, 02. Bezirk, Leopoldstadt76m²3ZimmerBalkon, LoggiaPR-Immobilien€ 31,70/m²€ 2.409,07",1020 (2. Leopoldstadt),kiado,https://www.willhaben.at/iad/immobilien/d/mietwohnungen/wien/wien-1020-leopoldstadt/wohnen-wie-im-hotel-3-zimmer-mit-viel-freiflaeche-donaublick-2055371505,2055371505.html,2026-10-08 16:27:55
1916304683,"Wunderschönes Feinkostgeschäft in belebter Umgebung1020 Wien, 02. Bezirk, Leopoldstadt, Stuwerviertel30m²Geschäfts-/LadenlokalPrivat€ 16,67/m²€ 500",1020 (2. Leopoldstadt),kiado,https://www.willhaben.at/iad/immobilien/d/gewerbeimmobilien-mieten/wien/wien-1020-leopoldstadt/wunderschoenes-feinkostgeschaeft-in-belebter-umgebung-1916304683,1916304683.html,2026-10-08 16:27:58
870747112,"Wohnung1020 Wien, 02. Bezirk, Leopoldstadt, Ausstellungsstrasse 7199m²3ZimmerPrivat€ 14,14/m²€ 1.400",1020 (2. Leopoldstadt),kiado,https://www.willhaben.at/iad/immobilien/d/mietwohnungen/wien/wien-1020-leopoldstadt/wohnung-870747112,870747112.html,2026-10-08 16:28:01
1153264411,"Geschäftslokal in guter Lage1020 Wien, 02. Bezirk, Leopoldstadt, Glockengasse 393m²Geschäfts-/LadenlokalPrivat€ 22,08/m²€ 2.053,01",1020 (2. Leopoldstadt),kiado,https://www.willhaben.at/iad/immobilien/d/gewerbeimmobilien-mieten/wien/wien-1020-leopoldstadt/geschaeftslokal-in-guter-lage-1153264411,1153264411.html,2026-10-08 16:28:04
1779681296,"Aktives Nageldesign-Business mit Stammkunden abzugeben. Top-Lage beim Schwedenplatz (1020 Wien, Lilienbrunngasse). Modernes Studio, sofortige Ubernahme möglich.1020 Wien, 02. Bezirk, Leopoldstadt, Lilienbrunngasse11m²Büro/OrdinationPrivat€ 72,73/m²€ 800",1020 (2. Leopoldstadt),kiado,https://www.willhaben.at/iad/immobilien/d/gewerbeimmobilien-mieten/wien/wien-1020-leopoldstadt/aktives-nageldesign-business-mit-stammkunden-abzugeben-top-lage-beim-schwedenplatz-1020-wien-lilienbrunngasse-modernes-studio-sofortige-ubernahme-moeglich-1779681296,1779681296.html,2026-10-08 16:28:14
932593722,"Gut gelegene Kebap-Pizzeria mit viel Potential1020 Wien, 02. Bezirk, Leopoldstadt97m²GastronomiePrivat€ 29,69/m²€ 2.880",1020 (2. Leopoldstadt),kiado,https://www.willhaben.at/iad/immobilien/d/gewerbeimmobilien-mieten/wien/wien-1020-leopoldstadt/gut-gelegene-kebap-pizzeria-mit-viel-potential-932593722,932593722.html,2026-10-08 16:28:17
2096515844,"Büro.Atelier.Ordination1020 Wien, 02. Bezirk, Leopoldstadt135m²2Zimmermartina.wasserbauer.immobilien€ 16,91/m²€ 2.283,47",1020 (2. Leopoldstadt),kiado,https://www.willhaben.at/iad/immobilien/d/mietwohnungen/wien/wien-1020-leopoldstadt/buero-atelier-ordination-2096515844,2096515844.html,2026-10-08 16:28:24
1042516726,"Gut eingeführtes Gastro-Lokal im Nordbahnviertel zu übernehmen1020 Wien, 02. Bezirk, Leopoldstadt, Ernst-Melchior-Gasse 3200m²GastronomiePrivat€ 9,80/m²€ 1.960",1020 (2. Leopoldstadt),kiado,https://www.willhaben.at/iad/immobilien/d/gewerbeimmobilien-mieten/wien/wien-1020-leopoldstadt/gut-eingefuehrtes-gastro-lokal-im-nordbahnviertel-zu-uebernehmen-1042516726,1042516726.html,2026-10-08 16:28:30
1008354658,"Miete1020 Wien, 02. Bezirk, Leopoldstadt, An der Donau82m²3ZimmerPrivat€ 21,95/m²€ 1.800",1020 (2. Leopoldstadt),kiado,https://www.willhaben.at/iad/immobilien/d/ferienimmobilien-mieten/wien/wien-1020-leopoldstadt/miete-1008354658,1008354658.html,2026-10-08 16:28:34
1886930274,"reserviert(reserviert) Garden apartment with 4 rooms and open kitchen1020 Wien, 02. Bezirk, Leopoldstadt72m²4ZimmerGartenPrivatReserviert",1020 (2. Leopoldstadt),kiado,https://www.willhaben.at/iad/immobilien/d/mietwohnungen/wien/wien-1020-leopoldstadt/garden-apartment-with-4-rooms-and-open-kitchen-1886930274,1886930274.html,2026-10-08 16:28:37
1952524016,"Gekühlte Bürofläche nähe Messe-Prater1020 Wien, 02. Bezirk, Leopoldstadt220m²Büro/OrdinationColliers International Immobilienmakler GmbH€ 12,96/m²€ 2.850,18",1020 (2. Leopoldstadt),kiado,https://www.willhaben.at/iad/immobilien/d/gewerbeimmobilien-mieten/wien/wien-1020-leopoldstadt/gekuehlte-bueroflaeche-naehe-messe-prater-1952524016,1952524016.html,2026-10-08 16:28:49
1563113684,"Helle Bürofläche im Donau Business Center1020 Wien, 02. Bezirk, Leopoldstadt403m²Büro/OrdinationColliers International Immobilienmakler GmbH€ 14,99/m²€ 6.039,94",1020 (2. Leopoldstadt),kiado,https://www.willhaben.at/iad/immobilien/d/gewerbeimmobilien-mieten/wien/wien-1020-leopoldstadt/helle-bueroflaeche-im-donau-business-center-1563113684,1563113684.html,2026-10-08 16:28:52
829003057,"TOP Lage: Büroräumlichkeiten in attraktiver Zentrumsnähe!1020 Wien, 02. Bezirk, Leopoldstadt, Gredlerstraße67m²Büro/OrdinationWonisch Immobilien e.U.€ 16,17/m²€ 1.083,33",1020 (2. Leopoldstadt),kiado,https://www.willhaben.at/iad/immobilien/d/gewerbeimmobilien-mieten/wien/wien-1020-leopoldstadt/top-lage-bueroraeumlichkeiten-in-attraktiver-zentrumsnaehe-829003057,829003057.html,2026-10-08 16:28:56
1074959693,"State-of-the-Art Büros im LEOPOLDQUARTIER | 1020 Wien1020 Wien, 02. Bezirk, Leopoldstadt1.637m²Büro/OrdinationColliers International Immobilienmakler GmbH€ 28,80/m²€ 47.151,07",1020 (2. Leopoldstadt),kiado,https://www.willhaben.at/iad/immobilien/d/gewerbeimmobilien-mieten/wien/wien-1020-leopoldstadt/state-of-the-art-bueros-im-leopoldquartier-1020-wien-1074959693,1074959693.html,2026-10-08 16:28:59
1017375809,"Anlegerwohnung unbefristet vermietet €385Nettomiete 100m2 und 40m2 hof mit viel Potential1020 Wien, 02. Bezirk, Leopoldstadt, Handelskai 20898m²5ZimmerGartenPrivat€ 3.214,29/m²€ 315.000",1020 (2. Leopoldstadt),kiado,https://www.willhaben.at/iad/immobilien/d/eigentumswohnung/wien/wien-1020-leopoldstadt/anlegerwohnung-unbefristet-vermietet-385nettomiete-100m2-und-40m2-hof-mit-viel-potential-1017375809,1017375809.html,2026-10-08 16:29:06
1680017357,"Tolle Wohnung beim Rudolf-Bednar-Park in Donau Nähe | Wohnküche + 3 Schlafzimmer im 7. OG | Neubau (2008)1020 Wien, 02. Bezirk, Leopoldstadt, Vorgartenstraße 132102m²4ZimmerLoggiaGewerblicher Anbieter€ 22,06/m²€ 2.250",1020 (2. Leopoldstadt),kiado,https://www.willhaben.at/iad/immobilien/d/mietwohnungen/wien/wien-1020-leopoldstadt/tolle-wohnung-beim-rudolf-bednar-park-in-donau-naehe-wohnkueche-3-schlafzimmer-im-7-og-neubau-2008-1680017357,1680017357.html,2026-10-08 16:29:08
764581368,"DIE ZIMMEREI | Dein Winter in Wien: möbliertes Apartment nahe der Universität SFU & WU |Bigger Bude1020 Wien, 02. Bezirk, Leopoldstadt, Vorgartenstraße 20422m²1ZimmerDachterrasseDie Zimmerei€ 26,88/m²€ 591,45",1020 (2. Leopoldstadt),kiado,https://www.willhaben.at/iad/immobilien/d/mietwohnungen/wien/wien-1020-leopoldstadt/die-zimmerei-dein-winter-in-wien-moebliertes-apartment-nahe-der-universitaet-sfu-wu-bigger-bude-764581368,764581368.html,2026-10-08 16:29:11
1865286375,"Exklusives Dachgeschoss-Loft mit Terrasse, Wintergarten und Garage im Herzen des 2. Bezirks1020 Wien, 02. Bezirk, Leopoldstadt150m²3ZimmerTerrasse, WintergartenRealitäten Verkehrs-Gesellschaft m.b.H€ 19,47/m²€ 2.921,07",1020 (2. Leopoldstadt),kiado,https://www.willhaben.at/iad/immobilien/d/mietwohnungen/wien/wien-1020-leopoldstadt/exklusives-dachgeschoss-loft-mit-terrasse-wintergarten-und-garage-im-herzen-des-2-bezirks-1865286375,1865286375.html,2026-10-08 16:29:14
967263163,"Modernes Büro: coworking Space (1 bis 8 Plätze) zu vermieten1020 Wien, 02. Bezirk, Leopoldstadt83m²Büro/OrdinationPrivat€ 7,83/m²€ 650",1020 (2. Leopoldstadt),kiado,https://www.willhaben.at/iad/immobilien/d/gewerbeimmobilien-mieten/wien/wien-1020-leopoldstadt/modernes-buero-coworking-space-1-bis-8-plaetze-zu-vermieten-967263163,967263163.html,2026-10-08 16:29:17
1459815341,"Nachmieter gesucht - 49 m² beim Augarten, 1020 Wien, provisionsfrei, ab sofort1020 Wien, 02. Bezirk, Leopoldstadt, Krafftgasse49m²Privat€ 22,18/m²€ 1.087",1020 (2. Leopoldstadt),kiado,https://www.willhaben.at/iad/immobilien/d/mietwohnungen/wien/wien-1020-leopoldstadt/nachmieter-gesucht-49-m-beim-augarten-1020-wien-provisionsfrei-ab-sofort-1459815341,1459815341.html,2026-10-08 16:29:22
1430985943,"Wohlfühl-Apartment mit eigenem Balkon, Sauna & Fitness im Haus1020 Wien, 02. Bezirk, Leopoldstadt, Walchertsraße 555m²2ZimmerBalkonPrivat€ 26,21/m²€ 1.441,70",1020 (2. Leopoldstadt),kiado,https://www.willhaben.at/iad/immobilien/d/mietwohnungen/wien/wien-1020-leopoldstadt/wohlfuehl-apartment-mit-eigenem-balkon-sauna-fitness-im-haus-1430985943,1430985943.html,2026-10-08 16:29:25
1665997773,"2-Zimmer-Wohnung mit Einbauküche, Lift & separatem WC1020 Wien, 02. Bezirk, Leopoldstadt, Nordwestbahnstraße 2946m²2ZimmerGewerblicher Anbieter€ 14,82/m²€ 681,82",1020 (2. Leopoldstadt),kiado,https://www.willhaben.at/iad/immobilien/d/mietwohnungen/wien/wien-1020-leopoldstadt/2-zimmer-wohnung-mit-einbaukueche-lift-separatem-wc-1665997773,1665997773.html,2026-10-08 16:29:28
1471649427,Willhaben Ad 1471649427,1020 (2. Leopoldstadt),kiado,https://www.willhaben.at/iad/immobilien/d/gewerbeimmobilien-mieten/wien/wien-1020-leopoldstadt/bueroplatz-zu-vermieten-1471649427,1471649427.html,2026-10-08 23:00:38
1457623368,Willhaben Ad 1457623368,1020 (2. Leopoldstadt),kiado,https://www.willhaben.at/iad/immobilien/d/gewerbeimmobilien-mieten/wien/wien-1020-leopoldstadt/vielseitige-gewerbeflaeche-1457623368,1457623368.html,2026-10-08 23:00:40
999165886,Willhaben Ad 999165886,1020 (2. Leopoldstadt),kiado,https://www.willhaben.at/iad/immobilien/d/gewerbeimmobilien-mieten/wien/wien-1020-leopoldstadt/leopold-quartier-office-bueroflaechen-in-neuem-projekt-am-donaukanal-999165886,999165886.html,2026-10-08 23:00:44
1524831304,Willhaben Ad 1524831304,1020 (2. Leopoldstadt),kiado,https://www.willhaben.at/iad/immobilien/d/gewerbeimmobilien-mieten/wien/wien-1020-leopoldstadt/leopold-quartier-office-bueroflaechen-in-neuem-projekt-am-donaukanal-1524831304,1524831304.html,2026-10-08 23:00:47
1790578301,Willhaben Ad 1790578301,1020 (2. Leopoldstadt),kiado,https://www.willhaben.at/iad/immobilien/d/gewerbeimmobilien-mieten/wien/wien-1020-leopoldstadt/buero-aechen-im-hsw-of-cepark-naehe-praterstern-1020-wien-1790578301,1790578301.html,2026-10-08 23:00:49
1996119906,Willhaben Ad 1996119906,1020 (2. Leopoldstadt),kiado,https://www.willhaben.at/iad/immobilien/d/gewerbeimmobilien-mieten/wien/wien-1020-leopoldstadt/buero-aechen-im-hsw-of-cepark-naehe-praterstern-1020-wien-1996119906,1996119906.html,2026-10-08 23:00:52
1187285071,Willhaben Ad 1187285071,1020 (2. Leopoldstadt),kiado,https://www.willhaben.at/iad/immobilien/d/gewerbeimmobilien-mieten/wien/wien-1020-leopoldstadt/leopold-quartier-office-bueroflaechen-in-neuem-projekt-am-donaukanal-1187285071,1187285071.html,2026-10-08 23:00:55
1253425479,Willhaben Ad 1253425479,1020 (2. Leopoldstadt),kiado,https://www.willhaben.at/iad/immobilien/d/gewerbeimmobilien-mieten/wien/wien-1020-leopoldstadt/leopold-quartier-office-bueroflaechen-in-neuem-projekt-am-donaukanal-1253425479,1253425479.html,2026-10-08 23:00:59
1703877795,Willhaben Ad 1703877795,1020 (2. Leopoldstadt),kiado,https://www.willhaben.at/iad/immobilien/d/gewerbeimmobilien-mieten/wien/wien-1020-leopoldstadt/leopold-quartier-office-bueroflaechen-in-neuem-projekt-am-donaukanal-1703877795,1703877795.html,2026-10-08 23:01:01
1986439609,Willhaben Ad 1986439609,1020 (2. Leopoldstadt),kiado,https://www.willhaben.at/iad/immobilien/d/gewerbeimmobilien-mieten/wien/wien-1020-leopoldstadt/leopold-quartier-office-bueroflaechen-in-neuem-projekt-am-donaukanal-1986439609,1986439609.html,2026-10-08 23:01:04
1959324028,Willhaben Ad 1959324028,1020 (2. Leopoldstadt),kiado,https://www.willhaben.at/iad/immobilien/d/gewerbeimmobilien-mieten/wien/wien-1020-leopoldstadt/leopold-quartier-office-bueroflaechen-in-neuem-projekt-am-donaukanal-1959324028,1959324028.html,2026-10-08 23:01:07
856063357,Willhaben Ad 856063357,1020 (2. Leopoldstadt),kiado,https://www.willhaben.at/iad/immobilien/d/mietwohnungen/wien/wien-1020-leopoldstadt/blueground-id492-leopoldstadt-856063357,856063357.html,2026-10-08 23:01:16
1951437334,Willhaben Ad 1951437334,1020 (2. Leopoldstadt),kiado,https://www.willhaben.at/iad/immobilien/d/gewerbeimmobilien-mieten/wien/wien-1020-leopoldstadt/the-frame-city-office-in-zentraler-lage-mit-blick-zum-stephansdom-1951437334,1951437334.html,2026-10-08 23:01:26
1157189568,Willhaben Ad 1157189568,1020 (2. Leopoldstadt),kiado,https://www.willhaben.at/iad/immobilien/d/gewerbeimmobilien-mieten/wien/wien-1020-leopoldstadt/-bueroflaechen-und-co-working-in-business-center-donaukanal-1157189568,1157189568.html,2026-10-08 23:01:30
1622199513,Willhaben Ad 1622199513,1020 (2. Leopoldstadt),kiado,https://www.willhaben.at/iad/immobilien/d/mietwohnungen/wien/wien-1020-leopoldstadt/urbanes-wohnen-zwischen-donaukanal-augarten-1622199513,1622199513.html,2026-10-08 23:01:39
1601549826,Willhaben Ad 1601549826,1020 (2. Leopoldstadt),kiado,https://www.willhaben.at/iad/immobilien/d/gewerbeimmobilien-mieten/wien/wien-1020-leopoldstadt/ezone-attraktive-bezugsfertige-bueros-1601549826,1601549826.html,2026-10-08 23:02:12
1958801197,Willhaben Ad 1958801197,Wien,kiado,https://www.willhaben.at/iad/immobilien/d/sonstige/sonstige/tiefgaragenstellplatz-im-nordbahnviertel-zu-vermieten-1958801197,1958801197.html,2026-10-08 23:02:47
880097037,Willhaben Ad 880097037,1020 (2. Leopoldstadt),kiado,https://www.willhaben.at/iad/immobilien/d/gewerbeimmobilien-mieten/wien/wien-1020-leopoldstadt/denk-drei-1-000-m-mit-fernblick-880097037,880097037.html,2026-10-08 23:02:50
1506099341,Willhaben Ad 1506099341,1020 (2. Leopoldstadt),kiado,https://www.willhaben.at/iad/immobilien/d/eigentumswohnung/wien/wien-1020-leopoldstadt/investment-am-donaukanal-studio-im-historischen-luxusgebaeude-vermietet-bis-2031-1506099341,1506099341.html,2026-10-08 23:02:59
943854688,Willhaben Ad 943854688,1020 (2. Leopoldstadt),kiado,https://www.willhaben.at/iad/immobilien/d/mietwohnungen/wien/wien-1020-leopoldstadt/moderne-2zimmer-wohnung-bednar-park-943854688,943854688.html,2026-10-08 23:03:05
1671401322,Willhaben Ad 1671401322,1020 (2. Leopoldstadt),kiado,https://www.willhaben.at/iad/immobilien/d/gewerbeimmobilien-mieten/wien/wien-1020-leopoldstadt/-pharos-haus-verkehrsknotenpunkt-prater-gekuehlte-bueroflaeche-1671401322,1671401322.html,2026-10-08 23:03:08
1261512628,Willhaben Ad 1261512628,1020 (2. Leopoldstadt),kiado,https://www.willhaben.at/iad/immobilien/d/gewerbeimmobilien-kaufen/wien/wien-1020-leopoldstadt/top-anlageobjekt-beim-praterstern-6-26-rendite-unbefristet-vermietet-seit-2010-1261512628,1261512628.html,2026-10-08 23:03:11
1405899204,Willhaben Ad 1405899204,1020 (2. Leopoldstadt),kiado,https://www.willhaben.at/iad/immobilien/d/mietwohnungen/wien/wien-1020-leopoldstadt/helle-neubau-wohnung-mit-terrasse-naehe-augarten-donaukanal-karmelitermarkt-u4-u2-1405899204,1405899204.html,2026-10-08 23:03:13
246021412,Willhaben Ad 246021412,1020 (2. Leopoldstadt),kiado,https://www.willhaben.at/iad/immobilien/d/gewerbeimmobilien-mieten/wien/wien-1020-leopoldstadt/-sq-flexible-bueros-im-2-bezirk-von-5-300m-246021412,246021412.html,2026-10-08 23:03:19
953843064,Willhaben Ad 953843064,1020 (2. Leopoldstadt),kiado,https://www.willhaben.at/iad/immobilien/d/gewerbeimmobilien-mieten/wien/wien-1020-leopoldstadt/gewerbeflaeche-naehe-prater-953843064,953843064.html,2026-10-08 23:03:22
1120047892,Willhaben Ad 1120047892,1020 (2. Leopoldstadt),kiado,https://www.willhaben.at/iad/immobilien/d/mietwohnungen/wien/wien-1020-leopoldstadt/blueground-id78-leopoldstadt-1120047892,1120047892.html,2026-10-08 23:03:34
1586594623,Willhaben Ad 1586594623,1020 (2. Leopoldstadt),kiado,https://www.willhaben.at/iad/immobilien/d/mietwohnungen/wien/wien-1020-leopoldstadt/helle-3-zimmer-wohnung-mit-klimaanlage-fernwaerme-1586594623,1586594623.html,2026-10-08 23:03:37
1859804003,Willhaben Ad 1859804003,1020 (2. Leopoldstadt),kiado,https://www.willhaben.at/iad/immobilien/d/mietwohnungen/wien/wien-1020-leopoldstadt/2-zimmer-wohnung-mit-garten-und-einbaukueche-in-1020-wien-1859804003,1859804003.html,2026-10-08 23:03:53
1490230955,Willhaben Ad 1490230955,1020 (2. Leopoldstadt),kiado,https://www.willhaben.at/iad/immobilien/d/eigentumswohnung/wien/wien-1020-leopoldstadt/wien-1020-schoenes-apartment-mit-balkon-38-m-mit-2-zimmern-befristet-vermietet-1490230955,1490230955.html,2026-10-08 23:03:58
927573659,Willhaben Ad 927573659,1020 (2. Leopoldstadt),kiado,https://www.willhaben.at/iad/immobilien/d/mietwohnungen/wien/wien-1020-leopoldstadt/loggiawohnung-u2-u4-schottenring-927573659,927573659.html,2026-10-08 23:04:01
1993892941,Willhaben Ad 1993892941,1020 (2. Leopoldstadt),kiado,https://www.willhaben.at/iad/immobilien/d/mietwohnungen/wien/wien-1020-leopoldstadt/exklusive-dg-wohnung-mit-terrasse-fussbodenheizung-und-kuehlung-klimaanlage-panoramablick-eigene-photovoltaikanlage-1993892941,1993892941.html,2026-10-08 23:04:26
1129449744,Willhaben Ad 1129449744,1020 (2. Leopoldstadt),kiado,https://www.willhaben.at/iad/immobilien/d/mietwohnungen/wien/wien-1020-leopoldstadt/moeblierte-2-zimmerwohnung-nahe-prater-uno-city-i-1020-wien-i-77m-i-expat-flat-fully-furnished-2-rooms-i-leopoldstadt-1129449744,1129449744.html,2026-10-08 23:04:45
780366779,Willhaben Ad 780366779,Wien,kiado,https://www.willhaben.at/iad/immobilien/d/sonstige/sonstige/top-lage-als-garant-fuer-nachhaltige-vermietung-780366779,780366779.html,2026-10-08 23:04:51
1995573114,Willhaben Ad 1995573114,1020 (2. Leopoldstadt),kiado,https://www.willhaben.at/iad/immobilien/d/gewerbeimmobilien-mieten/wien/wien-1020-leopoldstadt/bueroflaeche-am-austria-campus-6-walcherstrasse-1-wien-1995573114,1995573114.html,2026-10-08 23:05:30
1981377207,Willhaben Ad 1981377207,1020 (2. Leopoldstadt),kiado,https://www.willhaben.at/iad/immobilien/d/gewerbeimmobilien-mieten/wien/wien-1020-leopoldstadt/buero-und-praxisflaeche-am-austria-campus-6-walcherstrasse-1-wien-1981377207,1981377207.html,2026-10-08 23:05:37
1841318330,Willhaben Ad 1841318330,1020 (2. Leopoldstadt),kiado,https://www.willhaben.at/iad/immobilien/d/mietwohnungen/wien/wien-1020-leopoldstadt/blueground-id36-leopoldstadt-1841318330,1841318330.html,2026-10-08 23:05:40
1076106522,Willhaben Ad 1076106522,1020 (2. Leopoldstadt),kiado,https://www.willhaben.at/iad/immobilien/d/mietwohnungen/wien/wien-1020-leopoldstadt/moderne-4-zimmer-loggiawohnung-bei-der-u-2-messe-1076106522,1076106522.html,2026-10-08 23:05:43
1680503410,Willhaben Ad 1680503410,1020 (2. Leopoldstadt),kiado,https://www.willhaben.at/iad/immobilien/d/mietwohnungen/wien/wien-1020-leopoldstadt/zentral-wohnen-in-der-leopoldstadt-gepflegte-2-zimmer-wohnung-in-bester-lage-1680503410,1680503410.html,2026-10-08 23:05:56
792152868,Willhaben Ad 792152868,1020 (2. Leopoldstadt),kiado,https://www.willhaben.at/iad/immobilien/d/gewerbeimmobilien-mieten/wien/wien-1020-leopoldstadt/modernisiertes-buero-studio-in-altbauhaus-gute-lage-naehe-u4-rossauerlaende-und-augarten-unbefristet-792152868,792152868.html,2026-10-08 23:06:01
1625885043,Willhaben Ad 1625885043,1020 (2. Leopoldstadt),kiado,https://www.willhaben.at/iad/immobilien/d/mietwohnungen/wien/wien-1020-leopoldstadt/hofruhelage-u4-naehe-augarten-tiefgarage-eichenparkett-loggia-1625885043,1625885043.html,2026-10-08 23:06:07
1423974008,Willhaben Ad 1423974008,1020 (2. Leopoldstadt),kiado,https://www.willhaben.at/iad/immobilien/d/gewerbeimmobilien-mieten/wien/wien-1020-leopoldstadt/rund-vier-bauteil-d-1423974008,1423974008.html,2026-10-08 23:06:13
1606327344,Willhaben Ad 1606327344,1020 (2. Leopoldstadt),kiado,https://www.willhaben.at/iad/immobilien/d/gewerbeimmobilien-mieten/wien/wien-1020-leopoldstadt/rund-vier-bauteil-d-1606327344,1606327344.html,2026-10-08 23:06:16
1235062519,Willhaben Ad 1235062519,1020 (2. Leopoldstadt),kiado,https://www.willhaben.at/iad/immobilien/d/gewerbeimmobilien-mieten/wien/wien-1020-leopoldstadt/moderne-bueroflaechen-im-vienna-works-am-austria-campus-1235062519,1235062519.html,2026-10-08 23:06:26
990874795,Willhaben Ad 990874795,1020 (2. Leopoldstadt),kiado,https://www.willhaben.at/iad/immobilien/d/gewerbeimmobilien-mieten/wien/wien-1020-leopoldstadt/1020-ausstellungsstrasse-regus-business-office-im-messecarree-990874795,990874795.html,2026-10-08 23:06:28
1400197085,Willhaben Ad 1400197085,1020 (2. Leopoldstadt),kiado,https://www.willhaben.at/iad/immobilien/d/gewerbeimmobilien-mieten/wien/wien-1020-leopoldstadt/1020-nordbahnstrasse-zentrale-bueros-im-pharos-haus-1400197085,1400197085.html,2026-10-08 23:06:35
1208378987,Willhaben Ad 1208378987,1020 (2. Leopoldstadt),kiado,https://www.willhaben.at/iad/immobilien/d/gewerbeimmobilien-mieten/wien/wien-1020-leopoldstadt/1020-vorgartenstrasse-moderne-bueroflaeche-im-biz2-1208378987,1208378987.html,2026-10-08 23:06:39
2093713712,Willhaben Ad 2093713712,1020 (2. Leopoldstadt),kiado,https://www.willhaben.at/iad/immobilien/d/gewerbeimmobilien-mieten/wien/wien-1020-leopoldstadt/austria-campus-3-modernes-buero-nahe-praterstern-2093713712,2093713712.html,2026-10-08 23:06:42
782215636,Willhaben Ad 782215636,1020 (2. Leopoldstadt),kiado,https://www.willhaben.at/iad/immobilien/d/gewerbeimmobilien-mieten/wien/wien-1020-leopoldstadt/austria-campus-3-modern-arbeiten-in-1020-wien-782215636,782215636.html,2026-10-08 23:06:48
1381368666,Willhaben Ad 1381368666,1020 (2. Leopoldstadt),kiado,https://www.willhaben.at/iad/immobilien/d/gewerbeimmobilien-mieten/wien/wien-1020-leopoldstadt/modernes-arbeiten-im-vienna-works-am-austria-campus-1381368666,1381368666.html,2026-10-08 23:07:13
2076712758,Willhaben Ad 2076712758,1020 (2. Leopoldstadt),kiado,https://www.willhaben.at/iad/immobilien/d/gewerbeimmobilien-mieten/wien/wien-1020-leopoldstadt/nordbahnviertel-buero-und-lager-hohe-raeume-direkt-bei-freier-mitte-2076712758,2076712758.html,2026-10-08 23:07:28
1839399403,Willhaben Ad 1839399403,1020 (2. Leopoldstadt),kiado,https://www.willhaben.at/iad/immobilien/d/gewerbeimmobilien-mieten/wien/wien-1020-leopoldstadt/greenworx-1839399403,1839399403.html,2026-10-08 23:07:32
795127320,Willhaben Ad 795127320,1020 (2. Leopoldstadt),kiado,https://www.willhaben.at/iad/immobilien/d/gewerbeimmobilien-mieten/wien/wien-1020-leopoldstadt/greenworx-795127320,795127320.html,2026-10-08 23:07:34
988614116,Willhaben Ad 988614116,1020 (2. Leopoldstadt),kiado,https://www.willhaben.at/iad/immobilien/d/gewerbeimmobilien-mieten/wien/wien-1020-leopoldstadt/greenworx-988614116,988614116.html,2026-10-08 23:07:49
1305383428,Willhaben Ad 1305383428,1020 (2. Leopoldstadt),kiado,https://www.willhaben.at/iad/immobilien/d/eigentumswohnung/wien/wien-1020-leopoldstadt/trend-projekt-in-top-lage-kurzzeitmiete-mit-betreibermodell-1305383428,1305383428.html,2026-10-08 23:07:55
1658824458,Willhaben Ad 1658824458,1020 (2. Leopoldstadt),kiado,https://www.willhaben.at/iad/immobilien/d/eigentumswohnung/wien/wien-1020-leopoldstadt/trend-projekt-in-top-lage-kurzzeitmiete-mit-betreibermodell-1658824458,1658824458.html,2026-10-08 23:07:58
1008920346,Willhaben Ad 1008920346,1020 (2. Leopoldstadt),kiado,https://www.willhaben.at/iad/immobilien/d/eigentumswohnung/wien/wien-1020-leopoldstadt/top-rendite-mieten-pool-konzept-in-trend-projekt-wohnung-unbefristet-vermietet-1008920346,1008920346.html,2026-10-08 23:08:01
993918802,Willhaben Ad 993918802,1020 (2. Leopoldstadt),kiado,https://www.willhaben.at/iad/immobilien/d/eigentumswohnung/wien/wien-1020-leopoldstadt/trend-projekt-in-top-lage-kurzzeitmiete-mit-betreibermodell-993918802,993918802.html,2026-10-08 23:08:04
1224241459,Willhaben Ad 1224241459,1020 (2. Leopoldstadt),kiado,https://www.willhaben.at/iad/immobilien/d/eigentumswohnung/wien/wien-1020-leopoldstadt/trend-projekt-in-top-lage-kurzzeitmiete-mit-betreibermodell-1224241459,1224241459.html,2026-10-08 23:08:11
1650960398,Willhaben Ad 1650960398,1020 (2. Leopoldstadt),kiado,https://www.willhaben.at/iad/immobilien/d/eigentumswohnung/wien/wien-1020-leopoldstadt/top-rendite-mieten-pool-konzept-in-trend-projekt-wohnung-unbefristet-vermietet-1650960398,1650960398.html,2026-10-08 23:08:13
1833855078,Willhaben Ad 1833855078,1020 (2. Leopoldstadt),kiado,https://www.willhaben.at/iad/immobilien/d/eigentumswohnung/wien/wien-1020-leopoldstadt/top-rendite-mieten-pool-konzept-in-trend-projekt-wohnung-unbefristet-vermietet-1833855078,1833855078.html,2026-10-08 23:08:21
922090879,Willhaben Ad 922090879,1020 (2. Leopoldstadt),kiado,https://www.willhaben.at/iad/immobilien/d/eigentumswohnung/wien/wien-1020-leopoldstadt/trend-projekt-in-top-lage-kurzzeitmiete-mit-betreibermodell-922090879,922090879.html,2026-10-08 23:08:24
954605675,Willhaben Ad 954605675,1020 (2. Leopoldstadt),kiado,https://www.willhaben.at/iad/immobilien/d/eigentumswohnung/wien/wien-1020-leopoldstadt/rentable-anlegerwohnungen-kurzzeitmiete-mietenpoolkonzept-954605675,954605675.html,2026-10-08 23:08:27
1825342300,Willhaben Ad 1825342300,1020 (2. Leopoldstadt),kiado,https://www.willhaben.at/iad/immobilien/d/eigentumswohnung/wien/wien-1020-leopoldstadt/trend-projekt-in-top-lage-kurzzeitmiete-mit-betreibermodell-1825342300,1825342300.html,2026-10-08 23:08:30
1031256263,Willhaben Ad 1031256263,1020 (2. Leopoldstadt),kiado,https://www.willhaben.at/iad/immobilien/d/eigentumswohnung/wien/wien-1020-leopoldstadt/rentable-anlegerwohnungen-kurzzeitmiete-mietenpoolkonzept-1031256263,1031256263.html,2026-10-08 23:08:33
1150142533,Willhaben Ad 1150142533,1020 (2. Leopoldstadt),kiado,https://www.willhaben.at/iad/immobilien/d/eigentumswohnung/wien/wien-1020-leopoldstadt/altbau-in-der-leopoldstadt-vermietete-2-zimmer-wohnung-als-anlage-1150142533,1150142533.html,2026-10-08 23:08:39
1200080974,Willhaben Ad 1200080974,1020 (2. Leopoldstadt),kiado,https://www.willhaben.at/iad/immobilien/d/gewerbeimmobilien-mieten/wien/wien-1020-leopoldstadt/leopoldquartier-office-1200080974,1200080974.html,2026-10-08 23:08:42
783968963,Willhaben Ad 783968963,1020 (2. Leopoldstadt),kiado,https://www.willhaben.at/iad/immobilien/d/gewerbeimmobilien-mieten/wien/wien-1020-leopoldstadt/leopoldquartier-office-modernes-buero-in-holzhybridbauweise-nahe-donaukanal-783968963,783968963.html,2026-10-08 23:08:45
1025346825,Willhaben Ad 1025346825,1020 (2. Leopoldstadt),kiado,https://www.willhaben.at/iad/immobilien/d/gewerbeimmobilien-mieten/wien/wien-1020-leopoldstadt/48-m-lager-top-3-1-1025346825,1025346825.html,2026-10-08 23:08:48
1962850374,Willhaben Ad 1962850374,1020 (2. Leopoldstadt),kiado,https://www.willhaben.at/iad/immobilien/d/gewerbeimmobilien-mieten/wien/wien-1020-leopoldstadt/71-m-lager-top-3-2-1962850374,1962850374.html,2026-10-08 23:08:51
2078552599,Willhaben Ad 2078552599,1020 (2. Leopoldstadt),kiado,https://www.willhaben.at/iad/immobilien/d/gewerbeimmobilien-mieten/wien/wien-1020-leopoldstadt/modernes-buero-an-der-lassallestrasse-2078552599,2078552599.html,2026-10-08 23:09:04
1718120802,Willhaben Ad 1718120802,1020 (2. Leopoldstadt),kiado,https://www.willhaben.at/iad/immobilien/d/gewerbeimmobilien-mieten/wien/wien-1020-leopoldstadt/modernes-buero-an-der-lassallestrasse-1718120802,1718120802.html,2026-10-08 23:09:08
2048367998,Willhaben Ad 2048367998,1020 (2. Leopoldstadt),kiado,https://www.willhaben.at/iad/immobilien/d/mietwohnungen/wien/wien-1020-leopoldstadt/erstbezug-neu-errichtete-2-zimmer-dachgeschosswohnung-mit-balkon-2048367998,2048367998.html,2026-10-08 23:09:10
1901214078,Willhaben Ad 1901214078,1020 (2. Leopoldstadt),kiado,https://www.willhaben.at/iad/immobilien/d/gewerbeimmobilien-mieten/wien/wien-1020-leopoldstadt/vollsanierte-geschaeftsflaeche-in-1020-wien-ideal-fuer-beauty-kosmetik-massage-oder-praxis-1901214078,1901214078.html,2026-10-08 23:09:14
1904114174,Willhaben Ad 1904114174,1020 (2. Leopoldstadt),kiado,https://www.willhaben.at/iad/immobilien/d/gewerbeimmobilien-mieten/wien/wien-1020-leopoldstadt/green-worx-6-og-erstbezug-sofort-verfuegbar-1904114174,1904114174.html,2026-10-08 23:09:21
1104711807,Willhaben Ad 1104711807,1020 (2. Leopoldstadt),kiado,https://www.willhaben.at/iad/immobilien/d/gewerbeimmobilien-mieten/wien/wien-1020-leopoldstadt/erstbezugs-bueros-naehe-praterstern-1104711807,1104711807.html,2026-10-08 23:09:30
1306311920,Willhaben Ad 1306311920,1020 (2. Leopoldstadt),kiado,https://www.willhaben.at/iad/immobilien/d/gewerbeimmobilien-mieten/wien/wien-1020-leopoldstadt/green-worx-1306311920,1306311920.html,2026-10-08 23:09:33
982251536,Willhaben Ad 982251536,1020 (2. Leopoldstadt),kiado,https://www.willhaben.at/iad/immobilien/d/gewerbeimmobilien-mieten/wien/wien-1020-leopoldstadt/erstbezugs-bueros-naehe-praterstern-982251536,982251536.html,2026-10-08 23:09:37
1636045744,Willhaben Ad 1636045744,1020 (2. Leopoldstadt),kiado,https://www.willhaben.at/iad/immobilien/d/eigentumswohnung/wien/wien-1020-leopoldstadt/moderne-dachgeschosswohnung-2-5-zimmer-ca-66-m-wfl-saniert-2022-freier-mietzins-1636045744,1636045744.html,2026-10-08 23:09:54
1987932864,Willhaben Ad 1987932864,1020 (2. Leopoldstadt),kiado,https://www.willhaben.at/iad/immobilien/d/gewerbeimmobilien-mieten/wien/wien-1020-leopoldstadt/ueber-den-daechern-wiens-mit-perfekter-anbindung-las-3-buerogebaeude-am-praterstern-1987932864,1987932864.html,2026-10-08 23:10:01
1982432456,Willhaben Ad 1982432456,1020 (2. Leopoldstadt),kiado,https://www.willhaben.at/iad/immobilien/d/gewerbeimmobilien-mieten/wien/wien-1020-leopoldstadt/1020-aspernbrueckengasse-bueroflaechen-und-co-working-aspernbrueckengasse-2-1020-wien-1982432456,1982432456.html,2026-10-08 23:10:03
875527202,Willhaben Ad 875527202,1020 (2. Leopoldstadt),kiado,https://www.willhaben.at/iad/immobilien/d/gewerbeimmobilien-mieten/wien/wien-1020-leopoldstadt/1020-obere-donaustrasse-leopold-quartier-europas-erstes-stadtquartier-in-holzbauweise-875527202,875527202.html,2026-10-08 23:10:07
1527496769,Willhaben Ad 1527496769,1020 (2. Leopoldstadt),kiado,https://www.willhaben.at/iad/immobilien/d/gewerbeimmobilien-mieten/wien/wien-1020-leopoldstadt/geschaeftslokal-direkt-am-karmelitermarkt-ca-29-m-im-historischen-wiener-stilaltbau-1527496769,1527496769.html,2026-10-08 23:10:09
891581023,Willhaben Ad 891581023,1020 (2. Leopoldstadt),kiado,https://www.willhaben.at/iad/immobilien/d/gewerbeimmobilien-mieten/wien/wien-1020-leopoldstadt/moderne-bueroflaechen-in-1020-wien-891581023,891581023.html,2026-10-08 23:10:29
967188970,Willhaben Ad 967188970,1020 (2. Leopoldstadt),kiado,https://www.willhaben.at/iad/immobilien/d/gewerbeimmobilien-mieten/wien/wien-1020-leopoldstadt/moderne-bueroflaechen-in-1020-wien-967188970,967188970.html,2026-10-08 23:10:38
1370132468,Willhaben Ad 1370132468,1020 (2. Leopoldstadt),kiado,https://www.willhaben.at/iad/immobilien/d/gewerbeimmobilien-mieten/wien/wien-1020-leopoldstadt/bueroflaechen-im-hsw-officepark-naehe-praterstern-1370132468,1370132468.html,2026-10-08 23:10:41
1922001545,Willhaben Ad 1922001545,1020 (2. Leopoldstadt),kiado,https://www.willhaben.at/iad/immobilien/d/gewerbeimmobilien-mieten/wien/wien-1020-leopoldstadt/moderne-bueroflaeche-im-biz2-1922001545,1922001545.html,2026-10-08 23:10:47
1628499853,Willhaben Ad 1628499853,1020 (2. Leopoldstadt),kiado,https://www.willhaben.at/iad/immobilien/d/mietwohnungen/wien/wien-1020-leopoldstadt/blueground-id251-leopoldstadt-1628499853,1628499853.html,2026-10-08 23:10:54
1307072027,Willhaben Ad 1307072027,1020 (2. Leopoldstadt),kiado,https://www.willhaben.at/iad/immobilien/d/gewerbeimmobilien-mieten/wien/wien-1020-leopoldstadt/leopoldquartier-office-modernes-buero-in-holzhybridbauweise-nahe-donaukanal-1307072027,1307072027.html,2026-10-08 23:10:58
976052200,Willhaben Ad 976052200,1020 (2. Leopoldstadt),kiado,https://www.willhaben.at/iad/immobilien/d/eigentumswohnung/wien/wien-1020-leopoldstadt/residieren-der-extraklasse-befristet-vermietete-spektakulaere-3-zimmer-terrassenwohnung-mit-unverbaubarem-traumblick-976052200,976052200.html,2026-10-08 23:11:01
1056344840,Willhaben Ad 1056344840,Wien,kiado,https://www.willhaben.at/iad/immobilien/d/sonstige/sonstige/residieren-der-extraklasse-befristet-vermietete-spektakulaere-3-zimmer-terrassenwohnung-mit-unverbaubarem-traumblick-1056344840,1056344840.html,2026-10-08 23:11:05
1293218921,Willhaben Ad 1293218921,1020 (2. Leopoldstadt),kiado,https://www.willhaben.at/iad/immobilien/d/eigentumswohnung/wien/wien-1020-leopoldstadt/residieren-der-extraklasse-befristet-vermietete-spektakulaere-3-zimmer-terrassenwohnung-mit-unverbaubarem-traumblick-1293218921,1293218921.html,2026-10-08 23:11:08
1928095339,Willhaben Ad 1928095339,1020 (2. Leopoldstadt),kiado,https://www.willhaben.at/iad/immobilien/d/mietwohnungen/wien/wien-1020-leopoldstadt/blueground-id244-leopoldstadt-1928095339,1928095339.html,2026-10-08 23:11:11
1250653071,Willhaben Ad 1250653071,1020 (2. Leopoldstadt),kiado,https://www.willhaben.at/iad/immobilien/d/mietwohnungen/wien/wien-1020-leopoldstadt/blueground-id243-leopoldstadt-1250653071,1250653071.html,2026-10-08 23:11:14
1429529966,Willhaben Ad 1429529966,1020 (2. Leopoldstadt),kiado,https://www.willhaben.at/iad/immobilien/d/gewerbeimmobilien-mieten/wien/wien-1020-leopoldstadt/leopoldquartier-office-modernes-buero-in-holzhybridbauweise-nahe-donaukanal-1429529966,1429529966.html,2026-10-08 23:11:17
2050228151,Willhaben Ad 2050228151,1020 (2. Leopoldstadt),kiado,https://www.willhaben.at/iad/immobilien/d/gewerbeimmobilien-mieten/wien/wien-1020-leopoldstadt/leopoldquartier-office-modernes-buero-in-holzhybridbauweise-nahe-donaukanal-2050228151,2050228151.html,2026-10-08 23:11:25
1926449913,Willhaben Ad 1926449913,1020 (2. Leopoldstadt),kiado,https://www.willhaben.at/iad/immobilien/d/gewerbeimmobilien-mieten/wien/wien-1020-leopoldstadt/leopoldquartier-office-modernes-buero-in-holzhybridbauweise-nahe-donaukanal-1926449913,1926449913.html,2026-10-08 23:11:29
931832210,Willhaben Ad 931832210,1020 (2. Leopoldstadt),kiado,https://www.willhaben.at/iad/immobilien/d/gewerbeimmobilien-mieten/wien/wien-1020-leopoldstadt/hochwertig-ausgestattetes-buero-im-greenworx-zu-mieten-931832210,931832210.html,2026-10-08 23:11:38
1786150428,Willhaben Ad 1786150428,1020 (2. Leopoldstadt),kiado,https://www.willhaben.at/iad/immobilien/d/mietwohnungen/wien/wien-1020-leopoldstadt/urbanes-wohnen-am-prater-1786150428,1786150428.html,2026-10-08 23:11:41
1579105257,Willhaben Ad 1579105257,Wien,kiado,https://www.willhaben.at/iad/immobilien/d/sonstige/sonstige/stellplatz-zu-vermieten-naehe-praterstern-reichsbruecke-1579105257,1579105257.html,2026-10-08 23:11:57
1094723340,Willhaben Ad 1094723340,1020 (2. Leopoldstadt),kiado,https://www.willhaben.at/iad/immobilien/d/eigentumswohnung/wien/wien-1020-leopoldstadt/helle-neubauwohnung-mit-parkblick-in-u-bahnnaehe-bei-donauinsel-vermietet-bis-2031-freier-mietzins-modernes-gebaeude-inkl-tiefgarage-1094723340,1094723340.html,2026-10-08 23:12:01
1792835044,Willhaben Ad 1792835044,1020 (2. Leopoldstadt),kiado,https://www.willhaben.at/iad/immobilien/d/gewerbeimmobilien-mieten/wien/wien-1020-leopoldstadt/grosszuegiges-lager-mit-vielfaeltigen-nutzungsmoeglichkeiten-in-top-lage-des-2-bezirks-naehe-vorgartenmarkt-1792835044,1792835044.html,2026-10-08 23:12:10
1067779928,Willhaben Ad 1067779928,1020 (2. Leopoldstadt),kiado,https://www.willhaben.at/iad/immobilien/d/gewerbeimmobilien-mieten/wien/wien-1020-leopoldstadt/altbaujuwel-mit-domblick-1067779928,1067779928.html,2026-10-08 23:12:39
2060771528,Willhaben Ad 2060771528,1020 (2. Leopoldstadt),kiado,https://www.willhaben.at/iad/immobilien/d/mietwohnungen/wien/wien-1020-leopoldstadt/u2-messe-moderne-3-zimmer-bei-der-u2-2060771528,2060771528.html,2026-10-08 23:12:50
1341172110,Willhaben Ad 1341172110,1020 (2. Leopoldstadt),kiado,https://www.willhaben.at/iad/immobilien/d/mietwohnungen/wien/wien-1020-leopoldstadt/dachterrassenmaisonette-mit-spektakulaerem-wienblick-ihr-platz-an-der-sonne-1341172110,1341172110.html,2026-10-08 23:12:53
1038206243,Willhaben Ad 1038206243,1020 (2. Leopoldstadt),kiado,https://www.willhaben.at/iad/immobilien/d/eigentumswohnung/wien/wien-1020-leopoldstadt/attraktive-wohnung-mit-anlageoption-garantiert-vermietet-4-rendite-in-gefragter-lage-des-2-bezirks-1038206243,1038206243.html,2026-10-08 23:13:08
1255217405,Willhaben Ad 1255217405,1020 (2. Leopoldstadt),kiado,https://www.willhaben.at/iad/immobilien/d/gewerbeimmobilien-kaufen/wien/wien-1020-leopoldstadt/buero-ordination-praxis-zu-kaufen-zu-mieten-1255217405,1255217405.html,2026-10-08 23:13:37
1559297199,Willhaben Ad 1559297199,1020 (2. Leopoldstadt),kiado,https://www.willhaben.at/iad/immobilien/d/gewerbeimmobilien-kaufen/wien/wien-1020-leopoldstadt/investmentpaket-vermietetes-geschaeftslokal-inkl-magazin-197-77-m-gesamtnutzflaeche-in-revitalisiertem-altbau-1559297199,1559297199.html,2026-10-08 23:14:05
984896185,Willhaben Ad 984896185,1020 (2. Leopoldstadt),kiado,https://www.willhaben.at/iad/immobilien/d/gewerbeimmobilien-mieten/wien/wien-1020-leopoldstadt/bueroflaechen-direkt-am-praterstern-in-1020-wien-zu-mieten-984896185,984896185.html,2026-10-08 23:14:19
1225267798,Willhaben Ad 1225267798,1020 (2. Leopoldstadt),kiado,https://www.willhaben.at/iad/immobilien/d/gewerbeimmobilien-mieten/wien/wien-1020-leopoldstadt/geschaeftsflaeche-im-2-bezirk-verfuegbar-1225267798,1225267798.html,2026-10-08 23:14:58
1502720282,Willhaben Ad 1502720282,1020 (2. Leopoldstadt),kiado,https://www.willhaben.at/iad/immobilien/d/eigentumswohnung/wien/wien-1020-leopoldstadt/charmante-4-zimmer-altbauwohnung-in-begehrter-lage-am-donaukanal-unbefristet-vermietet-1502720282,1502720282.html,2026-10-08 23:15:04
2088647980,Willhaben Ad 2088647980,1020 (2. Leopoldstadt),kiado,https://www.willhaben.at/iad/immobilien/d/gewerbeimmobilien-mieten/wien/wien-1020-leopoldstadt/leopoldquartier-office-wo-vision-auf-verantwortung-trifft-2088647980,2088647980.html,2026-10-08 23:15:41
1457753847,Willhaben Ad 1457753847,1020 (2. Leopoldstadt),kiado,https://www.willhaben.at/iad/immobilien/d/mietwohnungen/wien/wien-1020-leopoldstadt/ab-1-10-verfuegbar-parkblick-helle-wohnung-nahe-u2-u4-schottenring-und-u2-taborstrasse-1457753847,1457753847.html,2026-10-08 23:16:25
963273254,Willhaben Ad 963273254,1020 (2. Leopoldstadt),kiado,https://www.willhaben.at/iad/immobilien/d/gewerbeimmobilien-mieten/wien/wien-1020-leopoldstadt/leopoldquartier-co2-neutrales-vorzeigeprojekt-der-ubm-963273254,963273254.html,2026-10-08 23:16:38
1035096846,Willhaben Ad 1035096846,1020 (2. Leopoldstadt),kiado,https://www.willhaben.at/iad/immobilien/d/mietwohnungen/wien/wien-1020-leopoldstadt/kleine-helle-mietwohnung-beim-prater-und-dem-donaukanal-1035096846,1035096846.html,2026-10-08 23:16:40
1232895405,Willhaben Ad 1232895405,1020 (2. Leopoldstadt),kiado,https://www.willhaben.at/iad/immobilien/d/gewerbeimmobilien-mieten/wien/wien-1020-leopoldstadt/zur-vermietung-attraktives-geschaeftslokal-buero-in-top-lage-springergasse-23-1020-wien-1232895405,1232895405.html,2026-10-08 23:16:43
1560941942,Willhaben Ad 1560941942,1020 (2. Leopoldstadt),kiado,https://www.willhaben.at/iad/immobilien/d/gewerbeimmobilien-mieten/wien/wien-1020-leopoldstadt/repraesentative-bueros-im-2nd-central-1560941942,1560941942.html,2026-10-08 23:16:49
1838617684,Willhaben Ad 1838617684,1020 (2. Leopoldstadt),kiado,https://www.willhaben.at/iad/immobilien/d/mietwohnungen/wien/wien-1020-leopoldstadt/blueground-id144-leopoldstadt-1838617684,1838617684.html,2026-10-08 23:17:53
1040216895,Willhaben Ad 1040216895,1020 (2. Leopoldstadt),kiado,https://www.willhaben.at/iad/immobilien/d/gewerbeimmobilien-mieten/wien/wien-1020-leopoldstadt/modernes-arbeiten-im-vienna-works-am-austria-campus-bueroflaechen-zu-mieten-in-1020-wien-1040216895,1040216895.html,2026-10-08 23:18:39
1740649485,Willhaben Ad 1740649485,1020 (2. Leopoldstadt),kiado,https://www.willhaben.at/iad/immobilien/d/gewerbeimmobilien-mieten/wien/wien-1020-leopoldstadt/modernes-arbeiten-im-vienna-works-am-austria-campus-bueroflaechen-zu-mieten-in-1020-wien-1740649485,1740649485.html,2026-10-08 23:18:42
989992254,Willhaben Ad 989992254,1020 (2. Leopoldstadt),kiado,https://www.willhaben.at/iad/immobilien/d/gewerbeimmobilien-mieten/wien/wien-1020-leopoldstadt/modernes-arbeiten-im-vienna-works-am-austria-campus-bueroflaechen-zu-mieten-in-1020-wien-989992254,989992254.html,2026-10-08 23:18:46
1402642217,Willhaben Ad 1402642217,1020 (2. Leopoldstadt),kiado,https://www.willhaben.at/iad/immobilien/d/mietwohnungen/wien/wien-1020-leopoldstadt/neubaumiete-mit-loggia-naehe-lasallestr-ab-dez-2026-1402642217,1402642217.html,2026-10-08 23:18:49
1558819724,Willhaben Ad 1558819724,1020 (2. Leopoldstadt),kiado,https://www.willhaben.at/iad/immobilien/d/gewerbeimmobilien-mieten/wien/wien-1020-leopoldstadt/geschaeftslokal-buero-oder-lager-77-m2-altbau-im-edelrohbau-3-zimmer-nebenraeume-grosse-mohrengasse-1558819724,1558819724.html,2026-10-08 23:18:52
1136403358,Willhaben Ad 1136403358,1020 (2. Leopoldstadt),kiado,https://www.willhaben.at/iad/immobilien/d/mietwohnungen/wien/wien-1020-leopoldstadt/blueground-id455-leopoldstadt-1136403358,1136403358.html,2026-10-08 23:19:11
1416648364,Willhaben Ad 1416648364,1020 (2. Leopoldstadt),kiado,https://www.willhaben.at/iad/immobilien/d/mietwohnungen/wien/wien-1020-leopoldstadt/wohnen-wie-im-hotel-ruhige-2-zimmer-wohnung-mit-balkon-fitness-wellness-1416648364,1416648364.html,2026-10-08 23:19:50
1608703779,Willhaben Ad 1608703779,1020 (2. Leopoldstadt),kiado,https://www.willhaben.at/iad/immobilien/d/gewerbeimmobilien-mieten/wien/wien-1020-leopoldstadt/bueroflaeche-zwischen-nestroyplatz-und-prater-1608703779,1608703779.html,2026-10-08 23:19:59
1529831156,Willhaben Ad 1529831156,1020 (2. Leopoldstadt),kiado,https://www.willhaben.at/iad/immobilien/d/mietwohnungen/wien/wien-1020-leopoldstadt/zwischen-donaukanal-augarten-sanierte-2-zimmerwohnung-mit-balkon-obere-donaustrasse-1529831156,1529831156.html,2026-10-08 23:20:01
1322699951,Willhaben Ad 1322699951,1020 (2. Leopoldstadt),kiado,https://www.willhaben.at/iad/immobilien/d/gewerbeimmobilien-mieten/wien/wien-1020-leopoldstadt/leopoldquartier-co2-neutrales-vorzeigeprojekt-der-ubm-1322699951,1322699951.html,2026-10-08 23:20:10
1821670174,Willhaben Ad 1821670174,1020 (2. Leopoldstadt),kiado,https://www.willhaben.at/iad/immobilien/d/gewerbeimmobilien-mieten/wien/wien-1020-leopoldstadt/leopold-quartier-office-das-beste-aus-natur-und-stadt-1821670174,1821670174.html,2026-10-08 23:20:13
1800170199,Willhaben Ad 1800170199,1020 (2. Leopoldstadt),kiado,https://www.willhaben.at/iad/immobilien/d/gewerbeimmobilien-mieten/wien/wien-1020-leopoldstadt/leopoldquartier-co2-neutrales-vorzeigeprojekt-der-ubm-1800170199,1800170199.html,2026-10-08 23:20:16
1183275250,Willhaben Ad 1183275250,1020 (2. Leopoldstadt),kiado,https://www.willhaben.at/iad/immobilien/d/gewerbeimmobilien-mieten/wien/wien-1020-leopoldstadt/leopold-quartier-office-das-beste-aus-natur-und-stadt-1183275250,1183275250.html,2026-10-08 23:20:19
905214218,Willhaben Ad 905214218,1020 (2. Leopoldstadt),kiado,https://www.willhaben.at/iad/immobilien/d/gewerbeimmobilien-mieten/wien/wien-1020-leopoldstadt/leopold-quartier-office-das-beste-aus-natur-und-stadt-905214218,905214218.html,2026-10-08 23:20:22
2119048893,Willhaben Ad 2119048893,1020 (2. Leopoldstadt),kiado,https://www.willhaben.at/iad/immobilien/d/gewerbeimmobilien-mieten/wien/wien-1020-leopoldstadt/leopold-quartier-office-das-beste-aus-natur-und-stadt-2119048893,2119048893.html,2026-10-08 23:20:25
1292506335,Willhaben Ad 1292506335,1020 (2. Leopoldstadt),kiado,https://www.willhaben.at/iad/immobilien/d/gewerbeimmobilien-mieten/wien/wien-1020-leopoldstadt/leopoldquartier-co2-neutrales-vorzeigeprojekt-der-ubm-1292506335,1292506335.html,2026-10-08 23:20:28
1787016419,Willhaben Ad 1787016419,1020 (2. Leopoldstadt),kiado,https://www.willhaben.at/iad/immobilien/d/gewerbeimmobilien-mieten/wien/wien-1020-leopoldstadt/moderne-bueroflaechen-im-2nd-central-office-1787016419,1787016419.html,2026-10-08 23:20:41
1757839569,Willhaben Ad 1757839569,1020 (2. Leopoldstadt),kiado,https://www.willhaben.at/iad/immobilien/d/gewerbeimmobilien-mieten/wien/wien-1020-leopoldstadt/moderne-bueroflaechen-im-2nd-central-office-1757839569,1757839569.html,2026-10-08 23:20:44
1654392367,Willhaben Ad 1654392367,1020 (2. Leopoldstadt),kiado,https://www.willhaben.at/iad/immobilien/d/mietwohnungen/wien/wien-1020-leopoldstadt/exklusive-dachgeschosswohnung-mit-balkon-klimaanlage-hochwertiges-wohnen-im-2-bezirk-1654392367,1654392367.html,2026-10-08 23:21:13
1564931325,Willhaben Ad 1564931325,1020 (2. Leopoldstadt),kiado,https://www.willhaben.at/iad/immobilien/d/gewerbeimmobilien-kaufen/wien/wien-1020-leopoldstadt/attraktives-anlegerpaket-3x-vermietet-fuer-6-53-rendite-1564931325,1564931325.html,2026-10-08 23:21:23
1734399848,Willhaben Ad 1734399848,1020 (2. Leopoldstadt),kiado,https://www.willhaben.at/iad/immobilien/d/gewerbeimmobilien-mieten/wien/wien-1020-leopoldstadt/grosses-ecklokal-teilbar-in-drei-einheiten-1734399848,1734399848.html,2026-10-08 23:21:26
1102808181,Willhaben Ad 1102808181,1020 (2. Leopoldstadt),kiado,https://www.willhaben.at/iad/immobilien/d/gewerbeimmobilien-mieten/wien/wien-1020-leopoldstadt/flexibel-teilbare-bueroflaechen-im-2-bezirk-1102808181,1102808181.html,2026-10-08 23:21:30
1496151671,Willhaben Ad 1496151671,1020 (2. Leopoldstadt),kiado,https://www.willhaben.at/iad/immobilien/d/eigentumswohnung/wien/wien-1020-leopoldstadt/beherbergungswidmung-vorhanden-anleger-apartment-mit-kurzzeitvermietungspotenzial-1496151671,1496151671.html,2026-10-08 23:21:33
2022899967,Willhaben Ad 2022899967,1020 (2. Leopoldstadt),kiado,https://www.willhaben.at/iad/immobilien/d/mietwohnungen/wien/wien-1020-leopoldstadt/-new-ferdinand-2-5-zimmer-stilaltbauwohnung-nahe-1-bezirk-top-location-mit-u-bahn-anbindung-2022899967,2022899967.html,2026-10-08 23:21:37
1832644837,Willhaben Ad 1832644837,1020 (2. Leopoldstadt),kiado,https://www.willhaben.at/iad/immobilien/d/gewerbeimmobilien-mieten/wien/wien-1020-leopoldstadt/haubenlokal-mit-option-auf-geschaeftsteilhabe-oder-uebernahme-1832644837,1832644837.html,2026-10-08 23:21:40
1895608815,Willhaben Ad 1895608815,1020 (2. Leopoldstadt),kiado,https://www.willhaben.at/iad/immobilien/d/mietwohnungen/wien/wien-1020-leopoldstadt/donaumarina-moderne-2-zimmer-wohnung-mit-loggia-samt-gym-sauna-zu-mieten-in-1020-wien-1895608815,1895608815.html,2026-10-08 23:21:44
1377722684,Willhaben Ad 1377722684,1020 (2. Leopoldstadt),kiado,https://www.willhaben.at/iad/immobilien/d/mietwohnungen/wien/wien-1020-leopoldstadt/2-zimmer-appartement-suedterrasse-7-65m-toplage-bezug-01-11-2026-ruhelage-1377722684,1377722684.html,2026-10-08 23:21:47
912845314,Willhaben Ad 912845314,1020 (2. Leopoldstadt),kiado,https://www.willhaben.at/iad/immobilien/d/gewerbeimmobilien-kaufen/wien/wien-1020-leopoldstadt/paket-unbefristete-vermietete-wohnungen-im-2-bezirk-912845314,912845314.html,2026-10-08 23:21:51
783218147,Willhaben Ad 783218147,1020 (2. Leopoldstadt),kiado,https://www.willhaben.at/iad/immobilien/d/mietwohnungen/wien/wien-1020-leopoldstadt/over-the-roofs-of-vienna-783218147,783218147.html,2026-10-08 23:22:15
1790674331,Willhaben Ad 1790674331,1020 (2. Leopoldstadt),kiado,https://www.willhaben.at/iad/immobilien/d/gewerbeimmobilien-mieten/wien/wien-1020-leopoldstadt/magazin-gegenueber-vom-schwedenplatz-1790674331,1790674331.html,2026-10-08 23:22:24
949952280,Willhaben Ad 949952280,1020 (2. Leopoldstadt),kiado,https://www.willhaben.at/iad/immobilien/d/mietwohnungen/wien/wien-1020-leopoldstadt/studentenwohnung-bei-wu-wien-prater-top-lage-949952280,949952280.html,2026-10-08 23:22:28
1767062001,Willhaben Ad 1767062001,1020 (2. Leopoldstadt),kiado,https://www.willhaben.at/iad/immobilien/d/gewerbeimmobilien-mieten/wien/wien-1020-leopoldstadt/dpc-leopoldquartier-office-1767062001,1767062001.html,2026-10-08 23:22:35
1807621618,Willhaben Ad 1807621618,1020 (2. Leopoldstadt),kiado,https://www.willhaben.at/iad/immobilien/d/eigentumswohnung/wien/wien-1020-leopoldstadt/sofort-rentabel-vermietete-anlegerwohnung-freier-mietzins-tiefgaragenplatz-donaukanalnaehe-1807621618,1807621618.html,2026-10-08 23:22:41
1239286984,Willhaben Ad 1239286984,1020 (2. Leopoldstadt),kiado,https://www.willhaben.at/iad/immobilien/d/gewerbeimmobilien-mieten/wien/wien-1020-leopoldstadt/flaeche-mit-vielseitiger-nutzung-buero-yoga-studio-boutique-und-mehr-sanierung-in-abstimmung-mit-der-dem-neuen-mieter-in-1239286984,1239286984.html,2026-10-08 23:22:55
965518778,Willhaben Ad 965518778,1020 (2. Leopoldstadt),kiado,https://www.willhaben.at/iad/immobilien/d/mietwohnungen/wien/wien-1020-leopoldstadt/blueground-id72-leopoldstadt-965518778,965518778.html,2026-10-08 23:22:58
1911554848,Willhaben Ad 1911554848,1020 (2. Leopoldstadt),kiado,https://www.willhaben.at/iad/immobilien/d/gewerbeimmobilien-mieten/wien/wien-1020-leopoldstadt/vienna-works-am-austria-campus-bueroflaechen-mit-top-infrastruktur-1911554848,1911554848.html,2026-10-08 23:23:02
1060101623,Willhaben Ad 1060101623,1060 (6. Mariahilf),kiado,https://www.willhaben.at/iad/immobilien/d/sonstige/sonstige/top-lage-als-garant-fuer-nachhaltige-vermietung-1060101623,1060101623.html,2026-10-08 23:23:12
800913441,Willhaben Ad 800913441,Wien,kiado,https://www.willhaben.at/iad/immobilien/d/sonstige/sonstige/top-lage-als-garant-fuer-nachhaltige-vermietung-800913441,800913441.html,2026-10-08 23:23:15
2076089120,Willhaben Ad 2076089120,Wien,kiado,https://www.willhaben.at/iad/immobilien/d/sonstige/sonstige/top-lage-als-garant-fuer-nachhaltige-vermietung-2076089120,2076089120.html,2026-10-08 23:23:30
1797622185,Willhaben Ad 1797622185,Wien,kiado,https://www.willhaben.at/iad/immobilien/d/sonstige/sonstige/top-lage-als-garant-fuer-nachhaltige-vermietung-1797622185,1797622185.html,2026-10-08 23:23:56
1908372851,Willhaben Ad 1908372851,Wien,kiado,https://www.willhaben.at/iad/immobilien/d/sonstige/sonstige/top-lage-als-garant-fuer-nachhaltige-vermietung-1908372851,1908372851.html,2026-10-08 23:24:02
1955643740,Willhaben Ad 1955643740,Wien,kiado,https://www.willhaben.at/iad/immobilien/d/sonstige/sonstige/obere-donaustrasse-63-garagenplaetze-zu-vermieten-1955643740,1955643740.html,2026-10-08 23:24:05
1960953813,Willhaben Ad 1960953813,Wien,kiado,https://www.willhaben.at/iad/immobilien/d/sonstige/sonstige/top-lage-als-garant-fuer-nachhaltige-vermietung-1960953813,1960953813.html,2026-10-08 23:24:08
1281341185,Willhaben Ad 1281341185,Wien,kiado,https://www.willhaben.at/iad/immobilien/d/sonstige/sonstige/top-lage-als-garant-fuer-nachhaltige-vermietung-1281341185,1281341185.html,2026-10-08 23:24:26
1417227144,Willhaben Ad 1417227144,Wien,kiado,https://www.willhaben.at/iad/immobilien/d/sonstige/sonstige/ausstellungsstrasse-50-garagenplaetze-zu-vermieten-1417227144,1417227144.html,2026-10-08 23:24:33
1609727439,Willhaben Ad 1609727439,Wien,kiado,https://www.willhaben.at/iad/immobilien/d/sonstige/sonstige/top-lage-als-garant-fuer-nachhaltige-vermietung-1609727439,1609727439.html,2026-10-08 23:24:51
1615844103,Willhaben Ad 1615844103,Wien,kiado,https://www.willhaben.at/iad/immobilien/d/sonstige/sonstige/top-lage-als-garant-fuer-nachhaltige-vermietung-1615844103,1615844103.html,2026-10-08 23:24:54
1906091195,Willhaben Ad 1906091195,Wien,kiado,https://www.willhaben.at/iad/immobilien/d/sonstige/sonstige/top-lage-als-garant-fuer-nachhaltige-vermietung-1906091195,1906091195.html,2026-10-08 23:25:04
1729042096,Willhaben Ad 1729042096,1020 (2. Leopoldstadt),kiado,https://www.willhaben.at/iad/immobilien/d/mietwohnungen/wien/wien-1020-leopoldstadt/blueground-id247-leopoldstadt-1729042096,1729042096.html,2026-10-08 23:25:27
1111006694,Willhaben Ad 1111006694,1020 (2. Leopoldstadt),kiado,https://www.willhaben.at/iad/immobilien/d/mietwohnungen/wien/wien-1020-leopoldstadt/room4rent-serviced-apartments-messecarree-nord-large-1111006694,1111006694.html,2026-10-08 23:25:30
1185563502,Willhaben Ad 1185563502,1020 (2. Leopoldstadt),kiado,https://www.willhaben.at/iad/immobilien/d/gewerbeimmobilien-mieten/wien/wien-1020-leopoldstadt/1020-lassallestrasse-buerohaus-am-praterstern-1185563502,1185563502.html,2026-10-08 23:25:33
1793968897,Willhaben Ad 1793968897,1020 (2. Leopoldstadt),kiado,https://www.willhaben.at/iad/immobilien/d/mietwohnungen/wien/wien-1020-leopoldstadt/blueground-id134-leopoldstadt-1793968897,1793968897.html,2026-10-08 23:25:40
1316844770,Willhaben Ad 1316844770,1020 (2. Leopoldstadt),kiado,https://www.willhaben.at/iad/immobilien/d/gewerbeimmobilien-mieten/wien/wien-1020-leopoldstadt/1020-rothschildplatz-austria-campus-bt-3-bezugsfertige-bueroflaechen-1316844770,1316844770.html,2026-10-08 23:25:43
1572250051,Willhaben Ad 1572250051,1020 (2. Leopoldstadt),kiado,https://www.willhaben.at/iad/immobilien/d/gewerbeimmobilien-mieten/wien/wien-1020-leopoldstadt/austria-campus-3-bezugsfertige-bueroflaeche-1572250051,1572250051.html,2026-10-08 23:25:47
1623712648,Willhaben Ad 1623712648,1020 (2. Leopoldstadt),kiado,https://www.willhaben.at/iad/immobilien/d/mietwohnungen/wien/wien-1020-leopoldstadt/2-zimmer-dachgeschosswohnung-im-exklusiven-das-artmann-wohnen-zwischen-donaukanal-und-wiener-innenstadt-1623712648,1623712648.html,2026-10-08 23:25:51
1966088745,Willhaben Ad 1966088745,1020 (2. Leopoldstadt),kiado,https://www.willhaben.at/iad/immobilien/d/gewerbeimmobilien-mieten/wien/wien-1020-leopoldstadt/grosszuegiges-buero-raum-fuer-gute-ideen-schuettelstrasse-zwischen-prater-und-donaukanal-1966088745,1966088745.html,2026-10-08 23:25:54
2022622048,Willhaben Ad 2022622048,Wien,kiado,https://www.willhaben.at/iad/immobilien/d/sonstige/sonstige/atelierplatz-zu-vermieten-2022622048,2022622048.html,2026-10-08 23:26:04
1848547884,Willhaben Ad 1848547884,1020 (2. Leopoldstadt),kiado,https://www.willhaben.at/iad/immobilien/d/mietwohnungen/wien/wien-1020-leopoldstadt/helle-5-zimmer-altbauwohnung-in-der-heinestrasse-1848547884,1848547884.html,2026-10-08 23:26:06
844550972,Willhaben Ad 844550972,1020 (2. Leopoldstadt),kiado,https://www.willhaben.at/iad/immobilien/d/mietwohnungen/wien/wien-1020-leopoldstadt/u2-messe-hofseitige-2-zimmer-im-6-stock-844550972,844550972.html,2026-10-08 23:26:09
1649236031,Willhaben Ad 1649236031,1020 (2. Leopoldstadt),kiado,https://www.willhaben.at/iad/immobilien/d/gewerbeimmobilien-mieten/wien/wien-1020-leopoldstadt/moderne-bueroflaechen-im-vienna-works-am-austria-campus-1649236031,1649236031.html,2026-10-08 23:26:15
971063963,Willhaben Ad 971063963,1020 (2. Leopoldstadt),kiado,https://www.willhaben.at/iad/immobilien/d/gewerbeimmobilien-mieten/wien/wien-1020-leopoldstadt/vielseitig-nutzbares-halbkellerlokal-in-zentraler-lage-des-2-bezirks-versatile-semi-basement-commercial-unit-in-a-central-2nd-district-location-971063963,971063963.html,2026-10-08 23:26:26
1947311891,Willhaben Ad 1947311891,1020 (2. Leopoldstadt),kiado,https://www.willhaben.at/iad/immobilien/d/gewerbeimmobilien-mieten/wien/wien-1020-leopoldstadt/helles-5-zimmer-altbau-buero-im-2-og-ohne-lift-1947311891,1947311891.html,2026-10-08 23:26:37
848029715,Willhaben Ad 848029715,1020 (2. Leopoldstadt),kiado,https://www.willhaben.at/iad/immobilien/d/gewerbeimmobilien-mieten/wien/wien-1020-leopoldstadt/leopoldquartier-co2-neutrales-vorzeigeprojekt-der-ubm-848029715,848029715.html,2026-10-08 23:27:15
1243683497,Willhaben Ad 1243683497,1020 (2. Leopoldstadt),kiado,https://www.willhaben.at/iad/immobilien/d/gewerbeimmobilien-mieten/wien/wien-1020-leopoldstadt/top-bueroflaechen-im-pharos-haus-zu-mieten-1243683497,1243683497.html,2026-10-08 23:27:31
777401574,Willhaben Ad 777401574,1020 (2. Leopoldstadt),kiado,https://www.willhaben.at/iad/immobilien/d/gewerbeimmobilien-mieten/wien/wien-1020-leopoldstadt/top-bueroflaechen-im-pharos-haus-zu-mieten-777401574,777401574.html,2026-10-08 23:27:34
1466796563,Willhaben Ad 1466796563,1020 (2. Leopoldstadt),kiado,https://www.willhaben.at/iad/immobilien/d/gewerbeimmobilien-mieten/wien/wien-1020-leopoldstadt/besser-arbeiten-im-co2-neutralem-leopoldquartier-1466796563,1466796563.html,2026-10-08 23:27:37
1823628019,Willhaben Ad 1823628019,1020 (2. Leopoldstadt),kiado,https://www.willhaben.at/iad/immobilien/d/gewerbeimmobilien-mieten/wien/wien-1020-leopoldstadt/besser-arbeiten-im-co2-neutralem-leopoldquartier-1823628019,1823628019.html,2026-10-08 23:27:40
1358554794,Willhaben Ad 1358554794,1020 (2. Leopoldstadt),kiado,https://www.willhaben.at/iad/immobilien/d/gewerbeimmobilien-mieten/wien/wien-1020-leopoldstadt/voll-ausgestattete-bueroflaechen-im-wexelerate-1358554794,1358554794.html,2026-10-08 23:27:43
1522442460,Willhaben Ad 1522442460,1020 (2. Leopoldstadt),kiado,https://www.willhaben.at/iad/immobilien/d/gewerbeimmobilien-mieten/wien/wien-1020-leopoldstadt/leopold-quartier-office-1522442460,1522442460.html,2026-10-08 23:28:00
1050800994,Willhaben Ad 1050800994,1020 (2. Leopoldstadt),kiado,https://www.willhaben.at/iad/immobilien/d/gewerbeimmobilien-mieten/wien/wien-1020-leopoldstadt/leopold-quartier-office-1050800994,1050800994.html,2026-10-08 23:28:03
1595869055,Willhaben Ad 1595869055,1020 (2. Leopoldstadt),kiado,https://www.willhaben.at/iad/immobilien/d/gewerbeimmobilien-mieten/wien/wien-1020-leopoldstadt/leopold-quartier-office-1595869055,1595869055.html,2026-10-08 23:28:09
1482761097,Willhaben Ad 1482761097,1020 (2. Leopoldstadt),kiado,https://www.willhaben.at/iad/immobilien/d/gewerbeimmobilien-mieten/wien/wien-1020-leopoldstadt/leopold-quartier-office-1482761097,1482761097.html,2026-10-08 23:28:13
1458426250,Willhaben Ad 1458426250,1020 (2. Leopoldstadt),kiado,https://www.willhaben.at/iad/immobilien/d/mietwohnungen/wien/wien-1020-leopoldstadt/bestlage-im-2-bezirk-moderne-2-zimmer-maisonette-mit-dachterrasse-1458426250,1458426250.html,2026-10-08 23:28:25
872040690,Willhaben Ad 872040690,1020 (2. Leopoldstadt),kiado,https://www.willhaben.at/iad/immobilien/d/gewerbeimmobilien-mieten/wien/wien-1020-leopoldstadt/lager-in-u2-naehe-872040690,872040690.html,2026-10-08 23:28:28
889298116,Willhaben Ad 889298116,1020 (2. Leopoldstadt),kiado,https://www.willhaben.at/iad/immobilien/d/gewerbeimmobilien-mieten/wien/wien-1020-leopoldstadt/moderne-bueroflaeche-mit-hervorragender-anbindung-889298116,889298116.html,2026-10-08 23:28:32
1995962326,Willhaben Ad 1995962326,1020 (2. Leopoldstadt),kiado,https://www.willhaben.at/iad/immobilien/d/eigentumswohnung/wien/wien-1020-leopoldstadt/-neu-tolle-1-zimmer-wohnung-direkt-bei-u-bahn-station-taborstrasse-top-lage-freier-mietzins-1995962326,1995962326.html,2026-10-08 23:28:35
866200163,Willhaben Ad 866200163,1020 (2. Leopoldstadt),kiado,https://www.willhaben.at/iad/immobilien/d/mietwohnungen/wien/wien-1020-leopoldstadt/helle-altbauwohnung-in-der-negerlegasse-866200163,866200163.html,2026-10-08 23:28:37
1644774256,Willhaben Ad 1644774256,1020 (2. Leopoldstadt),kiado,https://www.willhaben.at/iad/immobilien/d/gewerbeimmobilien-mieten/wien/wien-1020-leopoldstadt/green-worx-gesamtes-geschoss-grundriss-nach-wunsch-des-mieters-1644774256,1644774256.html,2026-10-08 23:29:36
857980253,Willhaben Ad 857980253,1020 (2. Leopoldstadt),kiado,https://www.willhaben.at/iad/immobilien/d/mietwohnungen/wien/wien-1020-leopoldstadt/luxusapartment-mit-rooftop-pool-und-panoramablick-vollmoebliert-und-bezugsfertig-857980253,857980253.html,2026-10-08 23:29:51
860961916,Willhaben Ad 860961916,1020 (2. Leopoldstadt),kiado,https://www.willhaben.at/iad/immobilien/d/gewerbeimmobilien-mieten/wien/wien-1020-leopoldstadt/top-lage-direkt-beim-schwedenplatz-am-anfang-der-taborstrasse-coffee-sandwich-shop-nachmieter-gesucht-860961916,860961916.html,2026-10-08 23:30:00
1989803228,Willhaben Ad 1989803228,1020 (2. Leopoldstadt),kiado,https://www.willhaben.at/iad/immobilien/d/gewerbeimmobilien-mieten/wien/wien-1020-leopoldstadt/moderne-bueroflaeche-mit-hervorragender-anbindung-1989803228,1989803228.html,2026-10-08 23:30:06
1837189567,Willhaben Ad 1837189567,1020 (2. Leopoldstadt),kiado,https://www.willhaben.at/iad/immobilien/d/mietwohnungen/wien/wien-1020-leopoldstadt/schoene-wohnung-im-2-bezirk-in-unmittelbarer-naehe-zur-donau-mit-balkon-1837189567,1837189567.html,2026-10-08 23:30:08
1114096492,Willhaben Ad 1114096492,1020 (2. Leopoldstadt),kiado,https://www.willhaben.at/iad/immobilien/d/eigentumswohnung/wien/wien-1020-leopoldstadt/vermietete-eigentumswohnung-im-2-bezirk-1114096492,1114096492.html,2026-10-08 23:30:34
569054785,Willhaben Ad 569054785,1020 (2. Leopoldstadt),kiado,https://www.willhaben.at/iad/immobilien/d/gewerbeimmobilien-mieten/wien/wien-1020-leopoldstadt/regus-business-office-im-messecarree-569054785,569054785.html,2026-10-08 23:31:02
650249818,Willhaben Ad 650249818,1020 (2. Leopoldstadt),kiado,https://www.willhaben.at/iad/immobilien/d/gewerbeimmobilien-mieten/wien/wien-1020-leopoldstadt/ezone-attraktive-bezugsfertige-bueros-650249818,650249818.html,2026-10-08 23:31:09
911789615,Willhaben Ad 911789615,1020 (2. Leopoldstadt),kiado,https://www.willhaben.at/iad/immobilien/d/gewerbeimmobilien-mieten/wien/wien-1020-leopoldstadt/moderne-bueroflaechen-im-aufstrebenden-bueroquartier-lassalle-911789615,911789615.html,2026-10-08 23:31:13
1325550673,Willhaben Ad 1325550673,1020 (2. Leopoldstadt),kiado,https://www.willhaben.at/iad/immobilien/d/gewerbeimmobilien-mieten/wien/wien-1020-leopoldstadt/moderne-bueroflaechen-im-etablierten-bueroquartier-lassalle-1325550673,1325550673.html,2026-10-08 23:31:16
1991764921,Willhaben Ad 1991764921,1020 (2. Leopoldstadt),kiado,https://www.willhaben.at/iad/immobilien/d/gewerbeimmobilien-mieten/wien/wien-1020-leopoldstadt/moderne-bueroflaechen-im-etablierten-bueroquartier-lassalle-1991764921,1991764921.html,2026-10-08 23:31:20
1426782122,Willhaben Ad 1426782122,1020 (2. Leopoldstadt),kiado,https://www.willhaben.at/iad/immobilien/d/gewerbeimmobilien-mieten/wien/wien-1020-leopoldstadt/moderne-bueroflaechen-im-etablierten-bueroquartier-lassalle-1426782122,1426782122.html,2026-10-08 23:31:23
2108297117,Willhaben Ad 2108297117,1020 (2. Leopoldstadt),kiado,https://www.willhaben.at/iad/immobilien/d/gewerbeimmobilien-mieten/wien/wien-1020-leopoldstadt/moderne-bueroflaechen-im-etablierten-bueroquartier-lassalle-2108297117,2108297117.html,2026-10-08 23:31:26
1598716788,Willhaben Ad 1598716788,1020 (2. Leopoldstadt),kiado,https://www.willhaben.at/iad/immobilien/d/mietwohnungen/wien/wien-1020-leopoldstadt/2-zimmer-wohnung-mit-balkon-im-nordbanhviertel-ab-01-01-1598716788,1598716788.html,2026-10-08 23:31:33
718304224,Willhaben Ad 718304224,1020 (2. Leopoldstadt),kiado,https://www.willhaben.at/iad/immobilien/d/eigentumswohnung/wien/wien-1020-leopoldstadt/sonnige-2-zimmer-mit-separater-kueche-ii-naehe-vorgartenmarkt-ii-befristet-vermietet-bis-03-2027-ii-freier-mietzins-718304224,718304224.html,2026-10-08 23:31:36
940705523,Willhaben Ad 940705523,1020 (2. Leopoldstadt),kiado,https://www.willhaben.at/iad/immobilien/d/mietwohnungen/wien/wien-1020-leopoldstadt/marina-tower-2-zimmer-wohnung-mit-traumhaftem-donaublick-940705523,940705523.html,2026-10-08 23:31:42
870724566,Willhaben Ad 870724566,1020 (2. Leopoldstadt),kiado,https://www.willhaben.at/iad/immobilien/d/gewerbeimmobilien-mieten/wien/wien-1020-leopoldstadt/pharos-haus-870724566,870724566.html,2026-10-08 23:31:45
852760814,Willhaben Ad 852760814,1020 (2. Leopoldstadt),kiado,https://www.willhaben.at/iad/immobilien/d/gewerbeimmobilien-mieten/wien/wien-1020-leopoldstadt/rund-vier-852760814,852760814.html,2026-10-08 23:31:55
1588684805,Willhaben Ad 1588684805,1020 (2. Leopoldstadt),kiado,https://www.willhaben.at/iad/immobilien/d/gewerbeimmobilien-mieten/wien/wien-1020-leopoldstadt/rund-vier-1588684805,1588684805.html,2026-10-08 23:31:58
1773345968,Willhaben Ad 1773345968,1020 (2. Leopoldstadt),kiado,https://www.willhaben.at/iad/immobilien/d/gewerbeimmobilien-mieten/wien/wien-1020-leopoldstadt/bueroflaeche-im-pharoshaus-in-1020-wien-zu-mieten-naehe-austria-campus-1773345968,1773345968.html,2026-10-08 23:32:02
1021781293,Willhaben Ad 1021781293,1020 (2. Leopoldstadt),kiado,https://www.willhaben.at/iad/immobilien/d/gewerbeimmobilien-mieten/wien/wien-1020-leopoldstadt/denk-drei-buero-mit-blick-auf-die-trabrennbahn-1021781293,1021781293.html,2026-10-08 23:32:05
1313584797,Willhaben Ad 1313584797,1020 (2. Leopoldstadt),kiado,https://www.willhaben.at/iad/immobilien/d/gewerbeimmobilien-mieten/wien/wien-1020-leopoldstadt/loft-buero-in-alter-dampfmaschinenfabrik-1313584797,1313584797.html,2026-10-08 23:32:11
1654104489,Willhaben Ad 1654104489,1020 (2. Leopoldstadt),kiado,https://www.willhaben.at/iad/immobilien/d/gewerbeimmobilien-mieten/wien/wien-1020-leopoldstadt/bueroflaechen-und-co-working-in-1020-wien-zu-mieten-1654104489,1654104489.html,2026-10-08 23:32:15
679170371,Willhaben Ad 679170371,1020 (2. Leopoldstadt),kiado,https://www.willhaben.at/iad/immobilien/d/gewerbeimmobilien-mieten/wien/wien-1020-leopoldstadt/offices-walcherstrasse-11-2nd-central-679170371,679170371.html,2026-10-08 23:32:43
1430745652,Willhaben Ad 1430745652,1020 (2. Leopoldstadt),kiado,https://www.willhaben.at/iad/immobilien/d/gewerbeimmobilien-mieten/wien/wien-1020-leopoldstadt/barrierefreies-und-modern-ausgestattetes-buero-im-greenworx-zu-mieten-1430745652,1430745652.html,2026-10-08 23:32:46
1963891593,Willhaben Ad 1963891593,1020 (2. Leopoldstadt),kiado,https://www.willhaben.at/iad/immobilien/d/gewerbeimmobilien-mieten/wien/wien-1020-leopoldstadt/moderne-bueros-mit-idealer-infrastruktur-1020-wien-zu-mieten-1963891593,1963891593.html,2026-10-08 23:32:58
2020751757,Willhaben Ad 2020751757,1020 (2. Leopoldstadt),kiado,https://www.willhaben.at/iad/immobilien/d/gewerbeimmobilien-mieten/wien/wien-1020-leopoldstadt/moderne-bueros-mit-idealer-infrastruktur-1020-wien-zu-mieten-2020751757,2020751757.html,2026-10-08 23:33:01
635379806,Willhaben Ad 635379806,1020 (2. Leopoldstadt),kiado,https://www.willhaben.at/iad/immobilien/d/gewerbeimmobilien-mieten/wien/wien-1020-leopoldstadt/bueroflaechen-im-hsw-officepark-naehe-praterstern-635379806,635379806.html,2026-10-08 23:33:10
1597824099,Willhaben Ad 1597824099,1020 (2. Leopoldstadt),kiado,https://www.willhaben.at/iad/immobilien/d/gewerbeimmobilien-mieten/wien/wien-1020-leopoldstadt/buerogebaeude-2nd-central-1597824099,1597824099.html,2026-10-08 23:33:14
886385687,Willhaben Ad 886385687,1020 (2. Leopoldstadt),kiado,https://www.willhaben.at/iad/immobilien/d/gewerbeimmobilien-mieten/wien/wien-1020-leopoldstadt/buerogebaeude-2nd-central-886385687,886385687.html,2026-10-08 23:33:17
1205908001,Willhaben Ad 1205908001,1020 (2. Leopoldstadt),kiado,https://www.willhaben.at/iad/immobilien/d/gewerbeimmobilien-mieten/wien/wien-1020-leopoldstadt/moderne-bueros-im-2nd-central-1205908001,1205908001.html,2026-10-08 23:33:20
568742121,Willhaben Ad 568742121,1020 (2. Leopoldstadt),kiado,https://www.willhaben.at/iad/immobilien/d/gewerbeimmobilien-mieten/wien/wien-1020-leopoldstadt/regus-business-office-im-messecarree-568742121,568742121.html,2026-10-08 23:33:24
2073829256,Willhaben Ad 2073829256,1020 (2. Leopoldstadt),kiado,https://www.willhaben.at/iad/immobilien/d/gewerbeimmobilien-mieten/wien/wien-1020-leopoldstadt/moderne-bueroflaechen-naehe-praterstern-zu-mieten-1020-wien-2073829256,2073829256.html,2026-10-08 23:33:27
1099225534,Willhaben Ad 1099225534,1020 (2. Leopoldstadt),kiado,https://www.willhaben.at/iad/immobilien/d/gewerbeimmobilien-mieten/wien/wien-1020-leopoldstadt/nachhaltige-moderne-bueroflaechen-im-leopoldquartier-1099225534,1099225534.html,2026-10-08 23:33:34
1529590353,Willhaben Ad 1529590353,1020 (2. Leopoldstadt),kiado,https://www.willhaben.at/iad/immobilien/d/gewerbeimmobilien-mieten/wien/wien-1020-leopoldstadt/bueros-naehe-prater-zu-mieten-1020-wien-1529590353,1529590353.html,2026-10-08 23:33:39
2083611017,Willhaben Ad 2083611017,1020 (2. Leopoldstadt),kiado,https://www.willhaben.at/iad/immobilien/d/gewerbeimmobilien-mieten/wien/wien-1020-leopoldstadt/moderne-bueroflaechen-naehe-praterstern-zu-mieten-1020-wien-2083611017,2083611017.html,2026-10-08 23:33:49
1882095792,Willhaben Ad 1882095792,1020 (2. Leopoldstadt),kiado,https://www.willhaben.at/iad/immobilien/d/gewerbeimmobilien-mieten/wien/wien-1020-leopoldstadt/leopoldquartier-co2-neutrales-vorzeigeprojekt-der-ubm-1882095792,1882095792.html,2026-10-08 23:33:53
1832079930,Willhaben Ad 1832079930,1020 (2. Leopoldstadt),kiado,https://www.willhaben.at/iad/immobilien/d/eigentumswohnung/wien/wien-1020-leopoldstadt/top-investment-prater-gegenueber-unbefristet-vermietete-altbauwohnung-1832079930,1832079930.html,2026-10-08 23:33:55
929398253,Willhaben Ad 929398253,1020 (2. Leopoldstadt),kiado,https://www.willhaben.at/iad/immobilien/d/gewerbeimmobilien-mieten/wien/wien-1020-leopoldstadt/modernes-buerogebaeude-in-wien-929398253,929398253.html,2026-10-08 23:34:09
869567484,Willhaben Ad 869567484,1020 (2. Leopoldstadt),kiado,https://www.willhaben.at/iad/immobilien/d/gewerbeimmobilien-mieten/wien/wien-1020-leopoldstadt/modernes-buerogebaeude-in-wien-869567484,869567484.html,2026-10-08 23:34:13
817535406,Willhaben Ad 817535406,1020 (2. Leopoldstadt),kiado,https://www.willhaben.at/iad/immobilien/d/gewerbeimmobilien-mieten/wien/wien-1020-leopoldstadt/moderne-bueroflaechen-im-vienna-works-am-austria-campus-817535406,817535406.html,2026-10-08 23:34:16
945992699,Willhaben Ad 945992699,1020 (2. Leopoldstadt),kiado,https://www.willhaben.at/iad/immobilien/d/gewerbeimmobilien-mieten/wien/wien-1020-leopoldstadt/leopoldquartier-co2-neutrales-vorzeigeprojekt-der-ubm-945992699,945992699.html,2026-10-08 23:34:20
697598891,Willhaben Ad 697598891,1020 (2. Leopoldstadt),kiado,https://www.willhaben.at/iad/immobilien/d/gewerbeimmobilien-mieten/wien/wien-1020-leopoldstadt/modernes-arbeiten-im-vienna-works-am-austria-campus-697598891,697598891.html,2026-10-08 23:34:23
697598557,Willhaben Ad 697598557,1020 (2. Leopoldstadt),kiado,https://www.willhaben.at/iad/immobilien/d/gewerbeimmobilien-mieten/wien/wien-1020-leopoldstadt/modernes-arbeiten-im-vienna-works-am-austria-campus-697598557,697598557.html,2026-10-08 23:34:26
971556109,Willhaben Ad 971556109,1020 (2. Leopoldstadt),kiado,https://www.willhaben.at/iad/immobilien/d/gewerbeimmobilien-mieten/wien/wien-1020-leopoldstadt/modernes-buerogebaeude-in-wien-971556109,971556109.html,2026-10-08 23:34:28
1712132181,Willhaben Ad 1712132181,1020 (2. Leopoldstadt),kiado,https://www.willhaben.at/iad/immobilien/d/gewerbeimmobilien-mieten/wien/wien-1020-leopoldstadt/moderne-bueroflaechen-im-vienna-works-am-austria-campus-1712132181,1712132181.html,2026-10-08 23:34:31
746056522,Willhaben Ad 746056522,1020 (2. Leopoldstadt),kiado,https://www.willhaben.at/iad/immobilien/d/gewerbeimmobilien-mieten/wien/wien-1020-leopoldstadt/moderne-bueros-mit-idealer-infrastruktur-1020-wien-zu-mieten-746056522,746056522.html,2026-10-08 23:34:34
746056464,Willhaben Ad 746056464,1020 (2. Leopoldstadt),kiado,https://www.willhaben.at/iad/immobilien/d/gewerbeimmobilien-mieten/wien/wien-1020-leopoldstadt/bueroflaeche-im-pharoshaus-in-1020-wien-zu-mieten-naehe-austria-campus-746056464,746056464.html,2026-10-08 23:34:37
746056507,Willhaben Ad 746056507,1020 (2. Leopoldstadt),kiado,https://www.willhaben.at/iad/immobilien/d/gewerbeimmobilien-mieten/wien/wien-1020-leopoldstadt/moderne-bueros-mit-idealer-infrastruktur-1020-wien-zu-mieten-746056507,746056507.html,2026-10-08 23:34:39
746056751,Willhaben Ad 746056751,1020 (2. Leopoldstadt),kiado,https://www.willhaben.at/iad/immobilien/d/gewerbeimmobilien-mieten/wien/wien-1020-leopoldstadt/bueroflaechen-direkt-am-praterstern-in-1020-wien-zu-mieten-746056751,746056751.html,2026-10-08 23:34:42
746056770,Willhaben Ad 746056770,1020 (2. Leopoldstadt),kiado,https://www.willhaben.at/iad/immobilien/d/gewerbeimmobilien-mieten/wien/wien-1020-leopoldstadt/bueroflaechen-direkt-am-praterstern-in-1020-wien-zu-mieten-746056770,746056770.html,2026-10-08 23:34:45
746056773,Willhaben Ad 746056773,1020 (2. Leopoldstadt),kiado,https://www.willhaben.at/iad/immobilien/d/gewerbeimmobilien-mieten/wien/wien-1020-leopoldstadt/bueroflaechen-direkt-am-praterstern-in-1020-wien-zu-mieten-746056773,746056773.html,2026-10-08 23:34:48
746056935,Willhaben Ad 746056935,1020 (2. Leopoldstadt),kiado,https://www.willhaben.at/iad/immobilien/d/gewerbeimmobilien-mieten/wien/wien-1020-leopoldstadt/moderne-bueroflaechen-naehe-praterstern-zu-mieten-1020-wien-746056935,746056935.html,2026-10-08 23:34:50
746056930,Willhaben Ad 746056930,1020 (2. Leopoldstadt),kiado,https://www.willhaben.at/iad/immobilien/d/gewerbeimmobilien-mieten/wien/wien-1020-leopoldstadt/moderne-bueroflaechen-naehe-praterstern-zu-mieten-1020-wien-746056930,746056930.html,2026-10-08 23:34:53
746056938,Willhaben Ad 746056938,1020 (2. Leopoldstadt),kiado,https://www.willhaben.at/iad/immobilien/d/gewerbeimmobilien-mieten/wien/wien-1020-leopoldstadt/modernes-arbeiten-im-vienna-works-am-austria-campus-bueroflaechen-zu-mieten-in-1020-wien-746056938,746056938.html,2026-10-08 23:34:55
1656068787,Willhaben Ad 1656068787,1020 (2. Leopoldstadt),kiado,https://www.willhaben.at/iad/immobilien/d/gewerbeimmobilien-mieten/wien/wien-1020-leopoldstadt/moderne-bueroflaechen-im-vienna-works-am-austria-campus-1656068787,1656068787.html,2026-10-08 23:35:04
1786141886,Willhaben Ad 1786141886,1020 (2. Leopoldstadt),kiado,https://www.willhaben.at/iad/immobilien/d/gewerbeimmobilien-mieten/wien/wien-1020-leopoldstadt/moderne-bueroflaechen-im-vienna-works-am-austria-campus-1786141886,1786141886.html,2026-10-08 23:35:06
1652158676,Willhaben Ad 1652158676,1020 (2. Leopoldstadt),kiado,https://www.willhaben.at/iad/immobilien/d/gewerbeimmobilien-mieten/wien/wien-1020-leopoldstadt/modernes-buerogebaeude-in-1020-wien-zu-mieten-1652158676,1652158676.html,2026-10-08 23:35:09
1561870478,Willhaben Ad 1561870478,1020 (2. Leopoldstadt),kiado,https://www.willhaben.at/iad/immobilien/d/gewerbeimmobilien-mieten/wien/wien-1020-leopoldstadt/moderne-bueroflaechen-im-2nd-central-office-am-park-1561870478,1561870478.html,2026-10-08 23:35:13
1801179504,Willhaben Ad 1801179504,1020 (2. Leopoldstadt),kiado,https://www.willhaben.at/iad/immobilien/d/gewerbeimmobilien-mieten/wien/wien-1020-leopoldstadt/moderne-bueroflaechen-im-2nd-central-office-am-park-1801179504,1801179504.html,2026-10-08 23:35:15
1690514595,Willhaben Ad 1690514595,1020 (2. Leopoldstadt),kiado,https://www.willhaben.at/iad/immobilien/d/gewerbeimmobilien-mieten/wien/wien-1020-leopoldstadt/modernes-arbeiten-im-vienna-works-am-austria-campus-bueroflaechen-zu-mieten-in-1020-wien-1690514595,1690514595.html,2026-10-08 23:35:18
1967574783,Willhaben Ad 1967574783,1020 (2. Leopoldstadt),kiado,https://www.willhaben.at/iad/immobilien/d/gewerbeimmobilien-mieten/wien/wien-1020-leopoldstadt/modernes-arbeiten-im-vienna-works-am-austria-campus-1967574783,1967574783.html,2026-10-08 23:35:23
1717636093,Willhaben Ad 1717636093,1020 (2. Leopoldstadt),kiado,https://www.willhaben.at/iad/immobilien/d/gewerbeimmobilien-mieten/wien/wien-1020-leopoldstadt/leopold-quartier-office-bueroflaechen-in-neuem-projekt-am-donaukanal-1717636093,1717636093.html,2026-10-08 23:35:25
1811655788,Willhaben Ad 1811655788,1020 (2. Leopoldstadt),kiado,https://www.willhaben.at/iad/immobilien/d/gewerbeimmobilien-mieten/wien/wien-1020-leopoldstadt/modernes-arbeiten-im-vienna-works-am-austria-campus-1811655788,1811655788.html,2026-10-08 23:35:28
774922045,Willhaben Ad 774922045,1020 (2. Leopoldstadt),kiado,https://www.willhaben.at/iad/immobilien/d/gewerbeimmobilien-mieten/wien/wien-1020-leopoldstadt/modernes-arbeiten-im-vienna-works-am-austria-campus-bueroflaechen-zu-mieten-in-1020-wien-774922045,774922045.html,2026-10-08 23:35:35
1562350825,Willhaben Ad 1562350825,1020 (2. Leopoldstadt),kiado,https://www.willhaben.at/iad/immobilien/d/gewerbeimmobilien-mieten/wien/wien-1020-leopoldstadt/moderne-bueroflaechen-naehe-praterstern-zu-mieten-1020-wien-1562350825,1562350825.html,2026-10-08 23:35:39
1144863663,Willhaben Ad 1144863663,1020 (2. Leopoldstadt),kiado,https://www.willhaben.at/iad/immobilien/d/gewerbeimmobilien-mieten/wien/wien-1020-leopoldstadt/leopold-quartier-office-bueroflaechen-in-neuem-projekt-am-donaukanal-1144863663,1144863663.html,2026-10-08 23:35:41
1316864718,Willhaben Ad 1316864718,1020 (2. Leopoldstadt),kiado,https://www.willhaben.at/iad/immobilien/d/gewerbeimmobilien-mieten/wien/wien-1020-leopoldstadt/modernes-arbeiten-im-vienna-works-am-austria-campus-bueroflaechen-zu-mieten-in-1020-wien-1316864718,1316864718.html,2026-10-08 23:35:44
1826674682,Willhaben Ad 1826674682,1020 (2. Leopoldstadt),kiado,https://www.willhaben.at/iad/immobilien/d/gewerbeimmobilien-mieten/wien/wien-1020-leopoldstadt/modernes-arbeiten-im-vienna-works-am-austria-campus-1826674682,1826674682.html,2026-10-08 23:35:46
2067396986,Willhaben Ad 2067396986,1020 (2. Leopoldstadt),kiado,https://www.willhaben.at/iad/immobilien/d/gewerbeimmobilien-mieten/wien/wien-1020-leopoldstadt/modernes-arbeiten-im-vienna-works-am-austria-campus-2067396986,2067396986.html,2026-10-08 23:35:49
756111215,Willhaben Ad 756111215,1020 (2. Leopoldstadt),kiado,https://www.willhaben.at/iad/immobilien/d/gewerbeimmobilien-mieten/wien/wien-1020-leopoldstadt/top-moderne-bueroflaechen-im-quartier-lassalle-756111215,756111215.html,2026-10-08 23:35:51
727780099,Willhaben Ad 727780099,1020 (2. Leopoldstadt),kiado,https://www.willhaben.at/iad/immobilien/d/gewerbeimmobilien-mieten/wien/wien-1020-leopoldstadt/moderne-bueroflaechen-nahe-praterstern-727780099,727780099.html,2026-10-08 23:35:54
727779755,Willhaben Ad 727779755,1020 (2. Leopoldstadt),kiado,https://www.willhaben.at/iad/immobilien/d/gewerbeimmobilien-mieten/wien/wien-1020-leopoldstadt/moderne-bueroflaechen-nahe-praterstern-727779755,727779755.html,2026-10-08 23:35:57
1209992897,Willhaben Ad 1209992897,1020 (2. Leopoldstadt),kiado,https://www.willhaben.at/iad/immobilien/d/mietwohnungen/wien/wien-1020-leopoldstadt/blueground-id77-leopoldstadt-1209992897,1209992897.html,2026-10-08 23:36:02
888688042,Willhaben Ad 888688042,1020 (2. Leopoldstadt),kiado,https://www.willhaben.at/iad/immobilien/d/mietwohnungen/wien/wien-1020-leopoldstadt/exklusives-penthouse-mit-terrasse-und-panoramablick-fussbodenheizung-und-kuehlung-klimaanlage-und-eigene-photovoltaikanlage-888688042,888688042.html,2026-10-08 23:36:17
1656847508,Willhaben Ad 1656847508,1020 (2. Leopoldstadt),kiado,https://www.willhaben.at/iad/immobilien/d/gewerbeimmobilien-mieten/wien/wien-1020-leopoldstadt/ezone-attraktive-bezugsfertige-bueros-1656847508,1656847508.html,2026-10-08 23:36:19
1638649747,Willhaben Ad 1638649747,1020 (2. Leopoldstadt),kiado,https://www.willhaben.at/iad/immobilien/d/mietwohnungen/wien/wien-1020-leopoldstadt/grosszuegiges-wohnen-in-ruhelage-5-zimmer-ca-169-m-balkon-1020-wien-1638649747,1638649747.html,2026-10-08 23:36:35
1079618047,Willhaben Ad 1079618047,1020 (2. Leopoldstadt),kiado,https://www.willhaben.at/iad/immobilien/d/gewerbeimmobilien-mieten/wien/wien-1020-leopoldstadt/bueroflaeche-im-pharoshaus-in-1020-wien-zu-mieten-naehe-austria-campus-1079618047,1079618047.html,2026-10-08 23:36:37
1470940161,Willhaben Ad 1470940161,1020 (2. Leopoldstadt),kiado,https://www.willhaben.at/iad/immobilien/d/gewerbeimmobilien-mieten/wien/wien-1020-leopoldstadt/bueroflaeche-im-pharoshaus-in-1020-wien-zu-mieten-naehe-austria-campus-1470940161,1470940161.html,2026-10-08 23:36:40
1636934145,Willhaben Ad 1636934145,1020 (2. Leopoldstadt),kiado,https://www.willhaben.at/iad/immobilien/d/gewerbeimmobilien-mieten/wien/wien-1020-leopoldstadt/moderne-bueroflaechen-im-vienna-works-am-austria-campus-bt-4-1636934145,1636934145.html,2026-10-08 23:36:43
1910482231,Willhaben Ad 1910482231,1020 (2. Leopoldstadt),kiado,https://www.willhaben.at/iad/immobilien/d/gewerbeimmobilien-mieten/wien/wien-1020-leopoldstadt/bueroflaeche-im-pharoshaus-in-1020-wien-zu-mieten-naehe-austria-campus-1910482231,1910482231.html,2026-10-08 23:36:47
1747932783,Willhaben Ad 1747932783,1020 (2. Leopoldstadt),kiado,https://www.willhaben.at/iad/immobilien/d/gewerbeimmobilien-mieten/wien/wien-1020-leopoldstadt/leopold-quartier-europas-erstes-stadtquartier-in-holzbauweise-1747932783,1747932783.html,2026-10-08 23:36:53
1324977943,Willhaben Ad 1324977943,1020 (2. Leopoldstadt),kiado,https://www.willhaben.at/iad/immobilien/d/mietwohnungen/wien/wien-1020-leopoldstadt/erstbezug-neu-errichtete-1-zimmer-wohnung-mit-einer-kochnische-1324977943,1324977943.html,2026-10-08 23:37:36
1173226261,Willhaben Ad 1173226261,1020 (2. Leopoldstadt),kiado,https://www.willhaben.at/iad/immobilien/d/gewerbeimmobilien-mieten/wien/wien-1020-leopoldstadt/greenworx-1173226261,1173226261.html,2026-10-08 23:37:39
1007258179,Willhaben Ad 1007258179,1020 (2. Leopoldstadt),kiado,https://www.willhaben.at/iad/immobilien/d/gewerbeimmobilien-mieten/wien/wien-1020-leopoldstadt/greenworx-1007258179,1007258179.html,2026-10-08 23:37:41
1465359017,Willhaben Ad 1465359017,1020 (2. Leopoldstadt),kiado,https://www.willhaben.at/iad/immobilien/d/gewerbeimmobilien-mieten/wien/wien-1020-leopoldstadt/greenworx-1465359017,1465359017.html,2026-10-08 23:37:45
1118582845,Willhaben Ad 1118582845,1020 (2. Leopoldstadt),kiado,https://www.willhaben.at/iad/immobilien/d/mietwohnungen/wien/wien-1020-leopoldstadt/absolute-ruhelage-sanierte-4-zimmer-wohnung-in-praternaehe-1118582845,1118582845.html,2026-10-08 23:37:48
2092755231,Willhaben Ad 2092755231,1020 (2. Leopoldstadt),kiado,https://www.willhaben.at/iad/immobilien/d/gewerbeimmobilien-mieten/wien/wien-1020-leopoldstadt/greenworx-2092755231,2092755231.html,2026-10-08 23:37:53
853145650,Willhaben Ad 853145650,1020 (2. Leopoldstadt),kiado,https://www.willhaben.at/iad/immobilien/d/gewerbeimmobilien-mieten/wien/wien-1020-leopoldstadt/smart-office-living-im-leopoldquartier-853145650,853145650.html,2026-10-08 23:37:56
1823160283,Willhaben Ad 1823160283,1020 (2. Leopoldstadt),kiado,https://www.willhaben.at/iad/immobilien/d/gewerbeimmobilien-mieten/wien/wien-1020-leopoldstadt/hoch-innovative-offices-in-toplage-ab-einem-arbeitsplatz-1823160283,1823160283.html,2026-10-08 23:38:10
2085286554,Willhaben Ad 2085286554,1020 (2. Leopoldstadt),kiado,https://www.willhaben.at/iad/immobilien/d/gewerbeimmobilien-mieten/wien/wien-1020-leopoldstadt/ab-einem-arbeitsplatz-flexible-bueroloesungen-2085286554,2085286554.html,2026-10-08 23:38:12
1529863827,Willhaben Ad 1529863827,1020 (2. Leopoldstadt),kiado,https://www.willhaben.at/iad/immobilien/d/mietwohnungen/wien/wien-1020-leopoldstadt/2-5-zimmer-wohnen-am-donaukanal-nahe-prater-unbefristet-und-saniert-1529863827,1529863827.html,2026-10-08 23:38:15
901996913,Willhaben Ad 901996913,1020 (2. Leopoldstadt),kiado,https://www.willhaben.at/iad/immobilien/d/gewerbeimmobilien-mieten/wien/wien-1020-leopoldstadt/neubau-bueroflaeche-mit-terrasse-balkon-zu-mieten-901996913,901996913.html,2026-10-08 23:38:18
938858229,Willhaben Ad 938858229,1020 (2. Leopoldstadt),kiado,https://www.willhaben.at/iad/immobilien/d/mietwohnungen/wien/wien-1020-leopoldstadt/erstbezug-neu-errichtete-3-zimmer-dachgeschosswohnung-mit-2-terrassen-938858229,938858229.html,2026-10-08 23:39:27
1821540556,Willhaben Ad 1821540556,1020 (2. Leopoldstadt),kiado,https://www.willhaben.at/iad/immobilien/d/gewerbeimmobilien-mieten/wien/wien-1020-leopoldstadt/bueroflaechen-im-hsw-officepark-naehe-praterstern-1821540556,1821540556.html,2026-10-08 23:39:34
1396501999,Willhaben Ad 1396501999,1020 (2. Leopoldstadt),kiado,https://www.willhaben.at/iad/immobilien/d/gewerbeimmobilien-mieten/wien/wien-1020-leopoldstadt/leopoldquartier-office-1396501999,1396501999.html,2026-10-08 23:40:51
2003889505,Willhaben Ad 2003889505,1020 (2. Leopoldstadt),kiado,https://www.willhaben.at/iad/immobilien/d/gewerbeimmobilien-mieten/wien/wien-1020-leopoldstadt/leopoldquartier-office-2003889505,2003889505.html,2026-10-08 23:40:54
1007481629,Willhaben Ad 1007481629,1020 (2. Leopoldstadt),kiado,https://www.willhaben.at/iad/immobilien/d/gewerbeimmobilien-mieten/wien/wien-1020-leopoldstadt/cafeteria-in-moderner-wohnhausanlage-1007481629,1007481629.html,2026-10-08 23:41:07
1260367367,Willhaben Ad 1260367367,1020 (2. Leopoldstadt),kiado,https://www.willhaben.at/iad/immobilien/d/gewerbeimmobilien-mieten/wien/wien-1020-leopoldstadt/-leopoldquartier-office-holz-hybrid-bauweise-1260367367,1260367367.html,2026-10-08 23:41:15
1995224280,Willhaben Ad 1995224280,1020 (2. Leopoldstadt),kiado,https://www.willhaben.at/iad/immobilien/d/gewerbeimmobilien-mieten/wien/wien-1020-leopoldstadt/-leopoldquartier-office-holz-hybrid-bauweise-1995224280,1995224280.html,2026-10-08 23:41:18
2030469693,Willhaben Ad 2030469693,1020 (2. Leopoldstadt),kiado,https://www.willhaben.at/iad/immobilien/d/gewerbeimmobilien-mieten/wien/wien-1020-leopoldstadt/-leopoldquartier-office-holz-hybrid-bauweise-2030469693,2030469693.html,2026-10-08 23:41:21
2071473566,Willhaben Ad 2071473566,1020 (2. Leopoldstadt),kiado,https://www.willhaben.at/iad/immobilien/d/gewerbeimmobilien-mieten/wien/wien-1020-leopoldstadt/-leopoldquartier-office-holz-hybrid-bauweise-2071473566,2071473566.html,2026-10-08 23:41:24
1482030405,Willhaben Ad 1482030405,1020 (2. Leopoldstadt),kiado,https://www.willhaben.at/iad/immobilien/d/gewerbeimmobilien-mieten/wien/wien-1020-leopoldstadt/bueroflaeche-archivflaeche-in-1020-wien-1482030405,1482030405.html,2026-10-08 23:41:49
1001691575,Willhaben Ad 1001691575,1020 (2. Leopoldstadt),kiado,https://www.willhaben.at/iad/immobilien/d/gewerbeimmobilien-mieten/wien/wien-1020-leopoldstadt/exklusive-bueroflaeche-in-bester-lage-1001691575,1001691575.html,2026-10-08 23:41:53
1155498477,Willhaben Ad 1155498477,1020 (2. Leopoldstadt),kiado,https://www.willhaben.at/iad/immobilien/d/gewerbeimmobilien-mieten/wien/wien-1020-leopoldstadt/geraeumige-gewerbeflaeche-in-wien-taborstrasse-119-1155498477,1155498477.html,2026-10-08 23:41:56
1604363203,Willhaben Ad 1604363203,1020 (2. Leopoldstadt),kiado,https://www.willhaben.at/iad/immobilien/d/mietwohnungen/wien/wien-1020-leopoldstadt/-das-artmann-1020-urban-am-fluss-beim-park-1604363203,1604363203.html,2026-10-08 23:41:59
1830983732,Willhaben Ad 1830983732,1020 (2. Leopoldstadt),kiado,https://www.willhaben.at/iad/immobilien/d/gewerbeimmobilien-mieten/wien/wien-1020-leopoldstadt/dein-traumstandort-wartet-auf-dich-am-ehemaligen-nordbahnhof-1830983732,1830983732.html,2026-10-08 23:42:25
2072159161,Willhaben Ad 2072159161,1020 (2. Leopoldstadt),kiado,https://www.willhaben.at/iad/immobilien/d/gewerbeimmobilien-mieten/wien/wien-1020-leopoldstadt/dein-traum-gastrolokal-am-ehemaligen-nordbahnhof-2072159161,2072159161.html,2026-10-08 23:42:29
1922388477,Willhaben Ad 1922388477,1020 (2. Leopoldstadt),kiado,https://www.willhaben.at/iad/immobilien/d/mietwohnungen/wien/wien-1020-leopoldstadt/2-raum-wohnung-mit-grossem-balkon-fernblick-pool-sauna-fitness-im-haus-unmoebeliert-u2-stadion-ab-01-11-1922388477,1922388477.html,2026-10-08 23:42:32
1530405124,Willhaben Ad 1530405124,1020 (2. Leopoldstadt),kiado,https://www.willhaben.at/iad/immobilien/d/gewerbeimmobilien-mieten/wien/wien-1020-leopoldstadt/dpc-bueroflaechen-naehe-praterstern-1530405124,1530405124.html,2026-10-08 23:42:35
1134851644,Willhaben Ad 1134851644,1020 (2. Leopoldstadt),kiado,https://www.willhaben.at/iad/immobilien/d/mietwohnungen/wien/wien-1020-leopoldstadt/teilmoeblierte-2-zimmer-wohnung-mit-loggia-und-extras-im-haus-1134851644,1134851644.html,2026-10-08 23:42:44
1252840617,Willhaben Ad 1252840617,1020 (2. Leopoldstadt),kiado,https://www.willhaben.at/iad/immobilien/d/gewerbeimmobilien-mieten/wien/wien-1020-leopoldstadt/attraktives-geschaeftslokal-mit-grosser-terrasse-nahe-u2-1252840617,1252840617.html,2026-10-08 23:42:47
960701688,Willhaben Ad 960701688,1020 (2. Leopoldstadt),kiado,https://www.willhaben.at/iad/immobilien/d/gewerbeimmobilien-mieten/wien/wien-1020-leopoldstadt/attraktive-bueroflaeche-beim-praterstern-960701688,960701688.html,2026-10-08 23:42:51
2142305428,Willhaben Ad 2142305428,1020 (2. Leopoldstadt),kiado,https://www.willhaben.at/iad/immobilien/d/gewerbeimmobilien-mieten/wien/wien-1020-leopoldstadt/leopold-quartier-office-das-beste-aus-natur-und-stadt-2142305428,2142305428.html,2026-10-08 23:42:57
1918201470,Willhaben Ad 1918201470,1020 (2. Leopoldstadt),kiado,https://www.willhaben.at/iad/immobilien/d/gewerbeimmobilien-mieten/wien/wien-1020-leopoldstadt/attraktive-bueroflaeche-in-zentraler-lage-nahe-praterstern-und-austria-campus-1918201470,1918201470.html,2026-10-08 23:43:06
1707087500,Willhaben Ad 1707087500,1020 (2. Leopoldstadt),kiado,https://www.willhaben.at/iad/immobilien/d/gewerbeimmobilien-mieten/wien/wien-1020-leopoldstadt/flexible-bueroflaeche-beim-praterstern-1707087500,1707087500.html,2026-10-08 23:43:08
1694418981,Willhaben Ad 1694418981,1020 (2. Leopoldstadt),kiado,https://www.willhaben.at/iad/immobilien/d/mietwohnungen/wien/wien-1020-leopoldstadt/sehr-helle-42-m2-wohnung-1694418981,1694418981.html,2026-10-08 23:43:11
1603793593,Willhaben Ad 1603793593,1020 (2. Leopoldstadt),kiado,https://www.willhaben.at/iad/immobilien/d/mietwohnungen/wien/wien-1020-leopoldstadt/3-zimmer-wohnung-mit-zwei-balkonen-im-6-liftstock-taborstrasse-1020-wien-1603793593,1603793593.html,2026-10-08 23:43:27
1843478076,Willhaben Ad 1843478076,1020 (2. Leopoldstadt),kiado,https://www.willhaben.at/iad/immobilien/d/gewerbeimmobilien-mieten/wien/wien-1020-leopoldstadt/die-zukunft-des-arbeitens-in-wien-im-2-bezirk-1843478076,1843478076.html,2026-10-08 23:43:29
1385269868,Willhaben Ad 1385269868,1020 (2. Leopoldstadt),kiado,https://www.willhaben.at/iad/immobilien/d/gewerbeimmobilien-mieten/wien/wien-1020-leopoldstadt/souterrain-grosszuegiges-lager-1385269868,1385269868.html,2026-10-08 23:43:32
1892199538,Willhaben Ad 1892199538,1020 (2. Leopoldstadt),kiado,https://www.willhaben.at/iad/immobilien/d/gewerbeimmobilien-mieten/wien/wien-1020-leopoldstadt/1-1892199538,1892199538.html,2026-10-08 23:43:58
895181575,Willhaben Ad 895181575,1020 (2. Leopoldstadt),kiado,https://www.willhaben.at/iad/immobilien/d/eigentumswohnung/wien/wien-1020-leopoldstadt/befristet-vermietete-2-zimmer-wohnung-unweit-zum-augarten-4-3-bruttoanfangsrendite-895181575,895181575.html,2026-10-08 23:44:09
902227414,Willhaben Ad 902227414,1020 (2. Leopoldstadt),kiado,https://www.willhaben.at/iad/immobilien/d/gewerbeimmobilien-mieten/wien/wien-1020-leopoldstadt/saniertes-buero-in-innenhoflage-studio-oder-atelier-902227414,902227414.html,2026-10-08 23:44:12
652831770,Willhaben Ad 652831770,1020 (2. Leopoldstadt),kiado,https://www.willhaben.at/iad/immobilien/d/gewerbeimmobilien-mieten/wien/wien-1020-leopoldstadt/bueroraeume-provisionsfrei-in-1020-wien-652831770,652831770.html,2026-10-08 23:44:34
1116122443,Willhaben Ad 1116122443,1020 (2. Leopoldstadt),kiado,https://www.willhaben.at/iad/immobilien/d/mietwohnungen/wien/wien-1020-leopoldstadt/bestlage-prater-fuer-expats-exklusiv-moebliertes-4-zimmer-penthouse-mit-panorama-dachterrasse-1116122443,1116122443.html,2026-10-08 23:44:38
1958534353,Willhaben Ad 1958534353,1020 (2. Leopoldstadt),kiado,https://www.willhaben.at/iad/immobilien/d/mietwohnungen/wien/wien-1020-leopoldstadt/helle-60m2-wohung-mit-20m2-dachterasse-naehe-wu-1958534353,1958534353.html,2026-10-08 23:44:44
1819074985,Willhaben Ad 1819074985,1020 (2. Leopoldstadt),kiado,https://www.willhaben.at/iad/immobilien/d/mietwohnungen/wien/wien-1020-leopoldstadt/luxus-2-schlafzimmer-wohnung-im-2-bezirk-provisionsfrei-1819074985,1819074985.html,2026-10-08 23:44:47
1083179951,Willhaben Ad 1083179951,1020 (2. Leopoldstadt),kiado,https://www.willhaben.at/iad/immobilien/d/gewerbeimmobilien-kaufen/wien/wien-1020-leopoldstadt/solide-gewerbe-ertragsimmobilie-im-2-bezirk-ca-86-m-unbefristet-vermietet-1083179951,1083179951.html,2026-10-08 23:44:50
1287450455,Willhaben Ad 1287450455,1020 (2. Leopoldstadt),kiado,https://www.willhaben.at/iad/immobilien/d/gewerbeimmobilien-mieten/wien/wien-1020-leopoldstadt/frisoerladen-zum-verkaufen-1287450455,1287450455.html,2026-10-08 23:44:52
1498511409,Willhaben Ad 1498511409,1020 (2. Leopoldstadt),kiado,https://www.willhaben.at/iad/immobilien/d/gewerbeimmobilien-mieten/wien/wien-1020-leopoldstadt/modernes-buero-unweit-vom-praterstern-1498511409,1498511409.html,2026-10-08 23:45:00
1235259269,Willhaben Ad 1235259269,1020 (2. Leopoldstadt),kiado,https://www.willhaben.at/iad/immobilien/d/gewerbeimmobilien-mieten/wien/wien-1020-leopoldstadt/etabliertes-asian-fusion-restaurant-in-toplage-1020-wien-naehe-schwedenplatz-1235259269,1235259269.html,2026-10-08 23:45:06
1174446667,Willhaben Ad 1174446667,1020 (2. Leopoldstadt),kiado,https://www.willhaben.at/iad/immobilien/d/gewerbeimmobilien-mieten/wien/wien-1020-leopoldstadt/12-freie-wohn-buero-loft-raeume-altbau-nahe-augarten-park-u2-1174446667,1174446667.html,2026-10-08 23:45:09
1034635868,Willhaben Ad 1034635868,1020 (2. Leopoldstadt),kiado,https://www.willhaben.at/iad/immobilien/d/gewerbeimmobilien-kaufen/wien/wien-1020-leopoldstadt/anleger-aufgepasst-geschaeftslokal-mit-ca-6-26-rendite-in-1020-unbefristet-vermietet-1034635868,1034635868.html,2026-10-08 23:45:15
1518269863,Willhaben Ad 1518269863,1020 (2. Leopoldstadt),kiado,https://www.willhaben.at/iad/immobilien/d/gewerbeimmobilien-mieten/wien/wien-1020-leopoldstadt/rohbau-77m-buero-oder-geschaeftslokal-naehe-taborstrasse-1020-wien-1518269863,1518269863.html,2026-10-08 23:45:25
1337868654,Willhaben Ad 1337868654,1020 (2. Leopoldstadt),kiado,https://www.willhaben.at/iad/immobilien/d/mietwohnungen/wien/wien-1020-leopoldstadt/urbanes-wohnen-im-herzen-des-2-bezirks-1337868654,1337868654.html,2026-10-08 23:45:37
989395958,Willhaben Ad 989395958,1020 (2. Leopoldstadt),kiado,https://www.willhaben.at/iad/immobilien/d/mietwohnungen/wien/wien-1020-leopoldstadt/sehr-schicke-dg-wohnung-citylage-989395958,989395958.html,2026-10-08 23:45:40
971363672,Willhaben Ad 971363672,1020 (2. Leopoldstadt),kiado,https://www.willhaben.at/iad/immobilien/d/gewerbeimmobilien-mieten/wien/wien-1020-leopoldstadt/nordbahnviertel-loftfluegel-gt-erstbezug-buero-aerzte-971363672,971363672.html,2026-10-08 23:45:47
1498542894,Willhaben Ad 1498542894,1020 (2. Leopoldstadt),kiado,https://www.willhaben.at/iad/immobilien/d/mietwohnungen/wien/wien-1020-leopoldstadt/helle-zentrumsnahe-2-zimmer-wohnung-ideal-fuer-tu-studenten-1498542894,1498542894.html,2026-10-08 23:45:53
2014727978,Willhaben Ad 2014727978,1020 (2. Leopoldstadt),kiado,https://www.willhaben.at/iad/immobilien/d/mietwohnungen/wien/wien-1020-leopoldstadt/stilaltbau-mit-stuckaturen-und-fluegeltueren-in-citylage-naechst-urania-2014727978,2014727978.html,2026-10-08 23:45:56
2028267205,Willhaben Ad 2028267205,1020 (2. Leopoldstadt),kiado,https://www.willhaben.at/iad/immobilien/d/mietwohnungen/wien/wien-1020-leopoldstadt/vermiete-2-zimmerwohnung-mit-loggia-im-stuwerviertel-1020-wien-2028267205,2028267205.html,2026-10-08 23:45:59
1080216614,Willhaben Ad 1080216614,1020 (2. Leopoldstadt),kiado,https://www.willhaben.at/iad/immobilien/d/gewerbeimmobilien-mieten/wien/wien-1020-leopoldstadt/nordbahnviertel-gastro-erstbezug-hohe-raeume-direkt-bei-freier-mitte-1080216614,1080216614.html,2026-10-08 23:46:06
863482776,Willhaben Ad 863482776,1020 (2. Leopoldstadt),kiado,https://www.willhaben.at/iad/immobilien/d/gewerbeimmobilien-mieten/wien/wien-1020-leopoldstadt/nachhaltige-moderne-bueroflaechen-im-leopoldquartier-863482776,863482776.html,2026-10-08 23:46:14
2031868845,Willhaben Ad 2031868845,1020 (2. Leopoldstadt),kiado,https://www.willhaben.at/iad/immobilien/d/gewerbeimmobilien-mieten/wien/wien-1020-leopoldstadt/127-m-bueroflaeche-mit-terrasse-im-pharos-haus-naehe-praterstern-2031868845,2031868845.html,2026-10-08 23:46:24
657428550,Willhaben Ad 657428550,1020 (2. Leopoldstadt),kiado,https://www.willhaben.at/iad/immobilien/d/gewerbeimmobilien-kaufen/wien/wien-1020-leopoldstadt/langfristig-vermietetes-luxurioeses-studio-mit-wellness-fitnessflaechen-in-toplage-hervorragende-rendite-657428550,657428550.html,2026-10-08 23:46:36
1286792568,Willhaben Ad 1286792568,1020 (2. Leopoldstadt),kiado,https://www.willhaben.at/iad/immobilien/d/mietwohnungen/wien/wien-1020-leopoldstadt/moderne-4-zimmer-wohnung-im-2-bezirk-wien-108-m-1286792568,1286792568.html,2026-10-08 23:47:00
860820767,Willhaben Ad 860820767,1020 (2. Leopoldstadt),kiado,https://www.willhaben.at/iad/immobilien/d/gewerbeimmobilien-mieten/wien/wien-1020-leopoldstadt/wunderschoene-bar-im-zweiten-bezirk-860820767,860820767.html,2026-10-08 23:47:04
1776489126,Willhaben Ad 1776489126,1020 (2. Leopoldstadt),kiado,https://www.willhaben.at/iad/immobilien/d/gewerbeimmobilien-mieten/wien/wien-1020-leopoldstadt/nachhaltige-moderne-bueroflaechen-im-leopoldquartier-1776489126,1776489126.html,2026-10-08 23:47:09
1255107654,Willhaben Ad 1255107654,1020 (2. Leopoldstadt),kiado,https://www.willhaben.at/iad/immobilien/d/gewerbeimmobilien-mieten/wien/wien-1020-leopoldstadt/helles-buero-mit-optimaler-verkehrsanbindung-am-augarten-1255107654,1255107654.html,2026-10-08 23:47:14
1940593888,Willhaben Ad 1940593888,1020 (2. Leopoldstadt),kiado,https://www.willhaben.at/iad/immobilien/d/mietwohnungen/wien/wien-1020-leopoldstadt/dachgeschosswohnung-mit-terrasse-und-klimaanlage-zentrumsnah-voll-moebliert-apartment-fully-furnished-and-equipped-7-min-to-the-city-center-1940593888,1940593888.html,2026-10-08 23:47:24
1908465879,Willhaben Ad 1908465879,1020 (2. Leopoldstadt),kiado,https://www.willhaben.at/iad/immobilien/d/mietwohnungen/wien/wien-1020-leopoldstadt/-helle-4-zimmer-wohnung-zwischen-augarten-nordbahnviertel-prater-erstbezug-nach-generalsanierung-1908465879,1908465879.html,2026-10-08 23:47:27
958835571,Willhaben Ad 958835571,1020 (2. Leopoldstadt),kiado,https://www.willhaben.at/iad/immobilien/d/mietwohnungen/wien/wien-1020-leopoldstadt/frisch-renoviert-ruhig-66-m-2-zimmer-am-tabor-provisionsfrei-958835571,958835571.html,2026-10-08 23:47:42
1606747239,Willhaben Ad 1606747239,1020 (2. Leopoldstadt),kiado,https://www.willhaben.at/iad/immobilien/d/mietwohnungen/wien/wien-1020-leopoldstadt/3-zi-loggia-mit-blick-donaukanal-urania-badeschiff-prime-1606747239,1606747239.html,2026-10-08 23:47:45
945753722,Willhaben Ad 945753722,1020 (2. Leopoldstadt),kiado,https://www.willhaben.at/iad/immobilien/d/gewerbeimmobilien-mieten/wien/wien-1020-leopoldstadt/immobilienmakler-gesucht-arbeitsplatz-in-kleinem-maklerbuero-mit-moeglicher-kooperation-945753722,945753722.html,2026-10-08 23:47:48
1928898973,Willhaben Ad 1928898973,1020 (2. Leopoldstadt),kiado,https://www.willhaben.at/iad/immobilien/d/mietwohnungen/wien/wien-1020-leopoldstadt/repraesentative-5-zimmer-wohnung-mit-sonnigem-balkon-direkt-gegenueber-dem-schwedenplatz-1928898973,1928898973.html,2026-10-08 23:47:50
1615509795,Willhaben Ad 1615509795,1020 (2. Leopoldstadt),kiado,https://www.willhaben.at/iad/immobilien/d/mietwohnungen/wien/wien-1020-leopoldstadt/stunning-5-room-residence-with-sunlit-balcony-1615509795,1615509795.html,2026-10-08 23:47:53
2008631088,Willhaben Ad 2008631088,1020 (2. Leopoldstadt),kiado,https://www.willhaben.at/iad/immobilien/d/mietwohnungen/wien/wien-1020-leopoldstadt/nachmieterin-gesucht-fuer-eine-schoene-2-zimmer-wohnung-im-2-bezirk-2008631088,2008631088.html,2026-10-08 23:47:57
1320802143,Willhaben Ad 1320802143,1020 (2. Leopoldstadt),kiado,https://www.willhaben.at/iad/immobilien/d/mietwohnungen/wien/wien-1020-leopoldstadt/furnished-apartment-5min-to-u1-close-to-wu-and-uno-city-1320802143,1320802143.html,2026-10-08 23:48:01
808118316,Willhaben Ad 808118316,1020 (2. Leopoldstadt),kiado,https://www.willhaben.at/iad/immobilien/d/mietwohnungen/wien/wien-1020-leopoldstadt/-marina-tower-14-stock-808118316,808118316.html,2026-10-08 23:48:16
1142179264,Willhaben Ad 1142179264,1020 (2. Leopoldstadt),kiado,https://www.willhaben.at/iad/immobilien/d/mietwohnungen/wien/wien-1020-leopoldstadt/gruenblick-2-zimmer-wohnung-klimatisierte-voll-moeblierte-1142179264,1142179264.html,2026-10-08 23:48:18
2012111796,Willhaben Ad 2012111796,1020 (2. Leopoldstadt),kiado,https://www.willhaben.at/iad/immobilien/d/gewerbeimmobilien-mieten/wien/wien-1020-leopoldstadt/moderner-friseursalon-mit-grossem-einzugsgebiet-sucht-nachfolger-2012111796,2012111796.html,2026-10-08 23:48:21
1276519706,Willhaben Ad 1276519706,1020 (2. Leopoldstadt),kiado,https://www.willhaben.at/iad/immobilien/d/mietwohnungen/wien/wien-1020-leopoldstadt/dachgeschosswohnung-2-5-zimmer-mit-terrasse-naehe-augarten-1276519706,1276519706.html,2026-10-08 23:48:24
1319352003,Willhaben Ad 1319352003,1020 (2. Leopoldstadt),kiado,https://www.willhaben.at/iad/immobilien/d/gewerbeimmobilien-mieten/wien/wien-1020-leopoldstadt/top-etabliertes-gastronomielokal-in-bestlage-voll-ausgestattet-sofort-startklar-1319352003,1319352003.html,2026-10-08 23:48:27
1496503893,Willhaben Ad 1496503893,1020 (2. Leopoldstadt),kiado,https://www.willhaben.at/iad/immobilien/d/mietwohnungen/wien/wien-1020-leopoldstadt/vollstaendig-moeblierte-designwohnung-im-klimapioniergebiet-alliiertenviertel-1496503893,1496503893.html,2026-10-08 23:48:32
1930848854,Willhaben Ad 1930848854,1020 (2. Leopoldstadt),kiado,https://www.willhaben.at/iad/immobilien/d/mietwohnungen/wien/wien-1020-leopoldstadt/helle-und-vollmoeblierte-2-zimmer-wohnung-mit-loggia-donaublick-1930848854,1930848854.html,2026-10-08 23:48:39
815713961,Willhaben Ad 815713961,1020 (2. Leopoldstadt),kiado,https://www.willhaben.at/iad/immobilien/d/gewerbeimmobilien-mieten/wien/wien-1020-leopoldstadt/sanierte-grosszuegige-lagerflaeche-kellerraeumlichkeiten-naehe-praterstern-815713961,815713961.html,2026-10-08 23:48:42
1336411386,Willhaben Ad 1336411386,1020 (2. Leopoldstadt),kiado,https://www.willhaben.at/iad/immobilien/d/gewerbeimmobilien-mieten/wien/wien-1020-leopoldstadt/state-of-the-art-bueros-im-leopoldquartier-1020-wien-1336411386,1336411386.html,2026-10-08 23:48:45
2032680380,Willhaben Ad 2032680380,1020 (2. Leopoldstadt),kiado,https://www.willhaben.at/iad/immobilien/d/gewerbeimmobilien-mieten/wien/wien-1020-leopoldstadt/state-of-the-art-bueros-im-leopoldquartier-1020-wien-2032680380,2032680380.html,2026-10-08 23:48:48
1672135811,Willhaben Ad 1672135811,1020 (2. Leopoldstadt),kiado,https://www.willhaben.at/iad/immobilien/d/gewerbeimmobilien-mieten/wien/wien-1020-leopoldstadt/state-of-the-art-bueros-im-leopoldquartier-1020-wien-1672135811,1672135811.html,2026-10-08 23:48:50
1130645058,Willhaben Ad 1130645058,1020 (2. Leopoldstadt),kiado,https://www.willhaben.at/iad/immobilien/d/mietwohnungen/wien/wien-1020-leopoldstadt/neubau-2-zimmer-wohnung-2-bezirk-1130645058,1130645058.html,2026-10-08 23:48:56
1080536968,Willhaben Ad 1080536968,1020 (2. Leopoldstadt),kiado,https://www.willhaben.at/iad/immobilien/d/gewerbeimmobilien-mieten/wien/wien-1020-leopoldstadt/helle-bueroflaeche-im-donau-business-center-1080536968,1080536968.html,2026-10-08 23:48:58
847290836,Willhaben Ad 847290836,1020 (2. Leopoldstadt),kiado,https://www.willhaben.at/iad/immobilien/d/gewerbeimmobilien-mieten/wien/wien-1020-leopoldstadt/ihr-neues-atelier-im-2-bezirk-modern-zentral-und-inspirierend-847290836,847290836.html,2026-10-08 23:49:02
