listing_id,listing_type,url,title,postal_code,street_address,city,lat_jsonld,lon_jsonld,rooms_json,area_m2_json,year_built_json,price_currency,price_huf,allapot,epites_eve_raw,komfort,emelet_raw,epulet_szintjei_raw,lift,belmagassag_raw,klima,akadalymentesitett,furdo_wc,tajolas,kilatas,erkely_raw,kertkapcsolatos,parkolas,parkolohely_ara,rezsikoltseg_raw,kozos_koltseg_raw,futes,szigeteles,energetikai_tanusitvany,tetoter,panelprogram,butorozott,gepesitett,kisallat,dohanyzas,min_berleti_ido,koltozheto,kaucio_raw,alapterulet_nm,ar_ezer_ft_ho,nm_ar_huf,emelet,emelet_szam,epulet_szintjei_szam,erkely_nm,kozos_koltseg_huf,rezsikoltseg_huf,epites_eve,epites_eve_kategoria,leiras_hossz,utca,hazszam_eredeti,hazszam_nlp,hazszam_vegleges,cim_teljes,szobaszam_egesz,szobaszam_fel,szobaszam_osszes,varosresz,ingatlan_altipus,hirdeto_neve,iroda_neve,hirdeto_tipus,fenykepek_szama,epites_eve_becsult
20402022,kiado,https://ingatlan.com/20402022,"Kiadó tégla lakás - Budapest X. kerület, Kőrösi Csoma sétány #20402022",1102,"Budapest X. kerület, Kőrösi Csoma sétány",Budapest,,,1.0,38.0,,HUF,210000,jó állapotú,nincs megadva,összkomfortos,3,4,nincs megadva,nincs megadva,nincs megadva,nincs megadva,nincs megadva,nincs megadva,nincs megadva,3 m2,nincs megadva,"utca, közterület",,nincs megadva,nincs megadva,távfűtés,nincs megadva,nincs megadva,nincs megadva,,nincs megadva,nincs megadva,nincs megadva,nincs megadva,nincs megadva,azonnal,,38.0,210.0,5526,3,3.0,4.0,3.0,,,,Nem ismert,1323,Kőrösi Csoma sétány,,,,"Budapest X. kerület, Kőrösi Csoma sétány",1,0,1.0,Kőbánya-Városközpont,Tégla lakás,Lépj kapcsolatba a hirdetővel,,Ingatlaniroda,2,
26173335,kiado,https://ingatlan.com/26173335,"Kiadó tégla lakás - Budapest X. kerület, Kelemen utca #26173335",1103,"Budapest X. kerület, Kelemen utca",Budapest,,,3.0,64.0,2001.0,HUF,290000,felújított,2001 és 2010 között,duplakomfortos,3,4,nincs,3 m-nél alacsonyabb,van,nem,külön helyiségben,délnyugat,panorámás,4 m2,nem,udvari beálló,,25 000 Ft/hó,nincs megadva,házközponti egyedi méréssel,nincs megadva,nincs megadva,nem tetőtéri,,igen,igen,nem hozható,nem megengedett,12 hónap,azonnal,,64.0,290.0,4531,3,3.0,4.0,4.0,,25000.0,,2000-2019 (újszerű),1676,Kelemen utca,,,,"Budapest X. kerület, Kelemen utca",3,0,3.0,Óhegy,Tégla lakás,Lépj kapcsolatba a hirdetővel,,Ingatlaniroda,4,2005.0
26294350,kiado,https://ingatlan.com/26294350,"Kiadó tégla lakás - Budapest X. kerület, Maláta köz #26294350",1105,"Budapest X. kerület, Maláta köz",Budapest,,,3.0,67.0,2001.0,HUF,310000,jó állapotú,2001 és 2010 között,összkomfortos,4,5,van,3 m-nél alacsonyabb,van,nem,külön helyiségben,északnyugat,udvari,9 m2,nem,udvari beálló - benne van az árban,,10 000 Ft/hó,40 973 Ft/hó,házközponti egyedi méréssel,van - 10 cm,nincs megadva,nem tetőtéri,,igen,igen,nem hozható,nem megengedett,12 hónap,2026. november,,67.0,310.0,4627,4,4.0,5.0,9.0,40973.0,10000.0,,2000-2019 (újszerű),5069,Maláta köz,,,,"Budapest X. kerület, Maláta köz",3,0,3.0,Óhegy,Tégla lakás,Lépj kapcsolatba a hirdetővel,,Ingatlaniroda,4,2005.0
31708398,kiado,https://ingatlan.com/31708398,"Kiadó tégla lakás - Budapest X. kerület, Kőbányai út 45/A. #31708398",1101,"Budapest X. kerület, Kőbányai út 45/A.",Budapest,47.483681,19.114939,2.0,56.0,2001.0,HUF,250000,jó állapotú,2001 és 2010 között,összkomfortos,földszint,4,van,3 m-nél alacsonyabb,van,nem,egy helyiségben,nincs megadva,udvari,8 m2,nem,teremgarázs hely - bérelhető,25 000 Ft/hó,nincs megadva,27 Ft/hó,házközponti egyedi méréssel,nincs megadva,nincs megadva,nem tetőtéri,,részben,igen,hozható,nem megengedett,12 hónap,azonnal,,56.0,250.0,4464,földszint,0.0,4.0,8.0,27.0,,,2000-2019 (újszerű),829,Kőbányai út,45/A,,45/A,"Budapest X. kerület, Kőbányai út 45/A.",2,0,2.0,Gyárdűlő,Tégla lakás,Lépj kapcsolatba a hirdetővel,,Ingatlaniroda,2,2005.0
32116968,kiado,https://ingatlan.com/32116968,"Kiadó tégla lakás - Budapest X. kerület, Üllői út #32116968",1101,"Budapest X. kerület, Üllői út",Budapest,,,1.0,27.0,1950.0,HUF,170000,jó állapotú,1950 és 1980 között,összkomfortos,5,6,van,3 m-nél alacsonyabb,van,nem,egy helyiségben,dél,utcai,nincs megadva,nem,"utca, közterület - fizetős övezet",,8 000 Ft/hó,12 000 Ft/hó,távfűtés,nincs megadva,B,nem tetőtéri,,igen,igen,nem hozható,nem megengedett,12 hónap,azonnal,,27.0,170.0,6296,5,5.0,6.0,,12000.0,8000.0,,1950-1979 (szocialista modern),1086,Üllői út,,,,"Budapest X. kerület, Üllői út",1,0,1.0,Gyárdűlő,Tégla lakás,Lépj kapcsolatba a hirdetővel,,Ingatlaniroda,2,1968.0
32378333,kiado,https://ingatlan.com/32378333,"Kiadó tégla lakás - Budapest X. kerület, Kismartoni út #32378333",1101,"Budapest X. kerület, Kismartoni út",Budapest,,,3.0,66.0,2011.0,HUF,320000,újszerű,2011,összkomfortos,3,nincs megadva,van,3 m-nél alacsonyabb,van,nem,külön helyiségben,északkelet,kertre néz,21 m2,nincs megadva,teremgarázs hely - bérelhető,20 000 Ft/hó,nincs megadva,nincs megadva,házközponti egyedi méréssel,nincs megadva,nincs megadva,nem tetőtéri,,részben,igen,nem hozható,nem megengedett,12 hónap,azonnal,,66.0,320.0,4848,3,3.0,,21.0,,,2011.0,2000-2019 (újszerű),686,Kismartoni út,,,,"Budapest X. kerület, Kismartoni út",3,0,3.0,Óhegy,Tégla lakás,Lépj kapcsolatba a hirdetővel,,Ingatlaniroda,4,2011.0
32424376,kiado,https://ingatlan.com/32424376,"Kiadó tégla lakás - Budapest X. kerület, Liget utca #32424376",1102,"Budapest X. kerület, Liget utca",Budapest,,,2.0,42.0,2013.0,HUF,250000,újszerű,2013,összkomfortos,földszint,3,van,3 m-nél alacsonyabb,nincs,igen,egy helyiségben,nincs megadva,kertre néz,9 m2,igen,teremgarázs hely - benne van az árban,,20 000 Ft/hó,15 000 Ft/hó,"házközponti egyedi méréssel, házközponti",nincs megadva,nincs megadva,nem tetőtéri,,részben,igen,nem hozható,nem megengedett,12 hónap,azonnal,,42.0,250.0,5952,földszint,0.0,3.0,9.0,15000.0,20000.0,2013.0,2000-2019 (újszerű),476,Liget utca,,,,"Budapest X. kerület, Liget utca",2,0,2.0,Ligettelek,Tégla lakás,Lépj kapcsolatba a hirdetővel,,Ingatlaniroda,2,2013.0
32987997,kiado,https://ingatlan.com/32987997,"Kiadó tégla lakás - Budapest X. kerület, Sörgyár utca #32987997",1104,"Budapest X. kerület, Sörgyár utca",Budapest,,,3.0,62.0,1950.0,HUF,260000,felújított,1950 és 1980 között,összkomfortos,6,8,van,3 m-nél alacsonyabb,van,nem,külön helyiségben,délnyugat,panorámás,3 m2,nem,"utca, közterület - ingyenes",,15 000 Ft/hó,11 600 Ft/hó,gáz (konvektor),nincs megadva,nincs megadva,nem tetőtéri,,részben,igen,nem hozható,nem megengedett,12 hónap,azonnal,,62.0,260.0,4194,6,6.0,8.0,3.0,11600.0,15000.0,,1950-1979 (szocialista modern),470,Sörgyár utca,,62,62,"Budapest X. kerület, Sörgyár utca 62.",3,0,3.0,Óhegy,Tégla lakás,Lépj kapcsolatba a hirdetővel,,Ingatlaniroda,4,1968.0
33215232,kiado,https://ingatlan.com/33215232,"Kiadó tégla lakás - Budapest X. kerület, Üllői köz 120-122. #33215232",1101,"Budapest X. kerület, Üllői köz 120-122.",Budapest,47.470125,19.114193,2.0,40.0,1981.0,HUF,190000,jó állapotú,1981 és 2000 között,összkomfortos,3,3,nincs,3 m-nél alacsonyabb,van,nem,külön helyiségben,kelet,udvari,nincs megadva,nem,"utca, közterület - ingyenes",,14 000 Ft/hó,12 510 Ft/hó,"gázkazán, hűtő-fűtő klíma",nincs,nincs megadva,nem tetőtéri,,igen,igen,nem hozható,nem megengedett,12 hónap,azonnal,,40.0,190.0,4750,3,3.0,3.0,,12510.0,14000.0,,1980-1999 (késő panel/tégla),1689,Üllői köz,120-122,,120-122,"Budapest X. kerület, Üllői köz 120-122.",2,0,2.0,Gyárdűlő,Tégla lakás,Lépj kapcsolatba a hirdetővel,,Ingatlaniroda,4,1988.0
33328482,kiado,https://ingatlan.com/33328482,"Kiadó tégla lakás - Budapest X. kerület, Kőbányai út #33328482",1101,"Budapest X. kerület, Kőbányai út",Budapest,,,3.0,80.0,2001.0,HUF,400000,újszerű,2001 és 2010 között,összkomfortos,5,5,van,nincs megadva,van,nincs megadva,nincs megadva,nincs megadva,panorámás,80 m2,nincs megadva,teremgarázs hely - benne van az árban,,20 000 Ft/hó,23 000 Ft/hó,házközponti egyedi méréssel,nincs megadva,A+,nincs megadva,,nem,igen,nincs megadva,nincs megadva,12 hónap,azonnal,,80.0,400.0,5000,5,5.0,5.0,80.0,23000.0,20000.0,,2000-2019 (újszerű),1791,Kőbányai út,,,,"Budapest X. kerület, Kőbányai út",3,0,3.0,Gyárdűlő,Tégla lakás,Lépj kapcsolatba a hirdetővel,,Ingatlaniroda,4,2005.0
33612266,kiado,https://ingatlan.com/33612266,"Kiadó tégla lakás - Budapest X. kerület, Hungária körút #33612266",1101,"Budapest X. kerület, Hungária körút",Budapest,,,3.0,60.0,1950.0,HUF,280000,felújított,1950 és 1980 között,összkomfortos,3,3,nincs,3 m-nél alacsonyabb,van,nem,külön helyiségben,délkelet,utcai,2 m2,nem,udvari beálló - benne van az árban,,15 000 Ft/hó,22 000 Ft/hó,"gáz (konvektor), hűtő-fűtő klíma",nincs megadva,E,"legfelső emelet, nem tetőtéri",,nem,igen,nem hozható,nem megengedett,12 hónap,azonnal,,60.0,280.0,4667,3,3.0,3.0,2.0,22000.0,15000.0,,1950-1979 (szocialista modern),1130,Hungária körút,,,,"Budapest X. kerület, Hungária körút",3,0,3.0,Laposdűlő,Tégla lakás,Lépj kapcsolatba a hirdetővel,,Ingatlaniroda,4,1968.0
33639033,kiado,https://ingatlan.com/33639033,"Kiadó tégla lakás - Budapest X. kerület, Kőrösi Csoma sétány #33639033",1102,"Budapest X. kerület, Kőrösi Csoma sétány",Budapest,,,1.0,38.0,,HUF,180000,jó állapotú,nincs megadva,összkomfortos,3,4,nincs,3 m-nél alacsonyabb,nincs megadva,nincs megadva,egy helyiségben,nincs megadva,utcai,3 m2,nincs megadva,"utca, közterület",,nincs megadva,5 Ft/hó,távfűtés,nincs megadva,nincs megadva,nincs megadva,,nincs megadva,igen,nem hozható,nincs megadva,12 hónap,azonnal,,38.0,180.0,4737,3,3.0,4.0,3.0,5.0,,,Nem ismert,1168,Kőrösi Csoma sétány,,,,"Budapest X. kerület, Kőrösi Csoma sétány",1,0,1.0,Kőbánya-Városközpont,Tégla lakás,Lépj kapcsolatba a hirdetővel,,Ingatlaniroda,4,
33658076,kiado,https://ingatlan.com/33658076,"Kiadó panel lakás - Budapest X. kerület, Hatház utca 10. #33658076",1106,"Budapest X. kerület, Hatház utca 10.",Budapest,47.503329,19.150507,4.0,70.0,1981.0,HUF,298000,újszerű,1981 és 2000 között,összkomfortos,4,4,nincs,nincs megadva,van,nincs megadva,külön helyiségben,nincs megadva,kertre néz,nincs megadva,nincs megadva,"utca, közterület",,70 000 Ft/hó,nincs megadva,távfűtés,nincs,nincs megadva,nincs megadva,nincs megadva,részben,igen,nincs megadva,nincs megadva,12 hónap,azonnal,,70.0,298.0,4257,4,4.0,4.0,,,70000.0,,1980-1999 (késő panel/tégla),596,Hatház utca,10,,10,"Budapest X. kerület, Hatház utca 10.",4,0,4.0,Felsőrákos,Panel lakás,Lépj kapcsolatba a hirdetővel,,Ingatlaniroda,2,1988.0
33755796,kiado,https://ingatlan.com/33755796,"Kiadó tégla lakás - Budapest X. kerület, Tárna utca 4. #33755796",1106,"Budapest X. kerület, Tárna utca 4.",Budapest,47.487806,19.164057,1.0,29.0,,HUF,80000,nincs megadva,nincs megadva,nincs megadva,nincs megadva,nincs megadva,nincs megadva,nincs megadva,nincs megadva,nincs megadva,nincs megadva,nincs megadva,nincs megadva,nincs megadva,nincs megadva,nincs megadva,,nincs megadva,nincs megadva,nincs megadva,nincs megadva,nincs megadva,nincs megadva,,nincs megadva,nincs megadva,nincs megadva,nincs megadva,nincs megadva,nincs megadva,,29.0,80.0,2759,nincs megadva,,,,,,,Nem ismert,1353,Tárna utca,4,4,4,"Budapest X. kerület, Tárna utca 4.",1,0,1.0,Gyárdűlő,Tégla lakás,Lépj kapcsolatba a hirdetővel,,Ingatlaniroda,2,
33976406,kiado,https://ingatlan.com/33976406,"Kiadó tégla lakás - Budapest X. kerület, Kőrösi Csoma Sándor út #33976406",1102,"Budapest X. kerület, Kőrösi Csoma Sándor út",Budapest,,,2.0,53.0,1981.0,HUF,220000,jó állapotú,1981 és 2000 között,összkomfortos,5,9,van,3 m-nél alacsonyabb,nincs megadva,nincs megadva,külön helyiségben,nincs megadva,utcai,7 m2,nincs megadva,nincs megadva,,30 000 Ft/hó,9 000 Ft/hó,távfűtés,nincs megadva,nincs megadva,nincs megadva,,részben,igen,nem hozható,nem megengedett,12 hónap,azonnal,,53.0,220.0,4151,5,5.0,9.0,7.0,9000.0,30000.0,,1980-1999 (késő panel/tégla),1438,Kőrösi Csoma Sándor út,,,,"Budapest X. kerület, Kőrösi Csoma Sándor út",2,0,2.0,Kőbánya-Városközpont,Tégla lakás,Lépj kapcsolatba a hirdetővel,,Ingatlaniroda,4,1988.0
34220549,kiado,https://ingatlan.com/34220549,"Kiadó tégla lakás - Budapest X. kerület, Somfa utca 5/A #34220549",1107,"Budapest X. kerület, Somfa utca 5/A",Budapest,47.474205,19.120818,2.0,47.0,2024.0,HUF,260000,új építésű,2024,összkomfortos,1,5,van,3 m-nél alacsonyabb,van,nincs megadva,külön helyiségben,nincs megadva,utcai,5 m2,igen,"utca, közterület - ingyenes",,nincs megadva,22 000 Ft/hó,házközponti egyedi méréssel,van - 16 cm,nincs megadva,nem tetőtéri,,nem,nincs megadva,nem hozható,nem megengedett,12 hónap,azonnal,,47.0,260.0,5532,1,1.0,5.0,5.0,22000.0,,2024.0,2020 után (új építésű),1321,Somfa utca,5/A,,5/A,"Budapest X. kerület, Somfa utca 5/A.",2,0,2.0,Gyárdűlő,Tégla lakás,Lépj kapcsolatba a hirdetővel,,Magánszemély,2,2024.0
34220562,kiado,https://ingatlan.com/34220562,"Kiadó tégla lakás - Budapest X. kerület, Üllői út 130. #34220562",1101,"Budapest X. kerület, Üllői út 130.",Budapest,47.468585,19.118237,2.0,42.0,1950.0,HUF,215000,jó állapotú,1950 és 1980 között,összkomfortos,5,5,van,3 m-nél alacsonyabb,van,nem,egy helyiségben,északnyugat,utcai,nincs megadva,nem,"utca, közterület - fizetős övezet",,7 000 Ft/hó,21 187 Ft/hó,távfűtés,van - 5 cm,nincs megadva,nem tetőtéri,,igen,igen,nem hozható,nem megengedett,12 hónap,azonnal,,42.0,215.0,5119,5,5.0,5.0,,21187.0,7000.0,,1950-1979 (szocialista modern),1370,Üllői út,130,5,130,"Budapest X. kerület, Üllői út 130.",2,0,2.0,Gyárdűlő,Tégla lakás,Lépj kapcsolatba a hirdetővel,,Ingatlaniroda,4,1968.0
34245668,kiado,https://ingatlan.com/34245668,"Kiadó tégla lakás - Budapest X. kerület, Kismartoni út #34245668",1101,"Budapest X. kerület, Kismartoni út",Budapest,,,3.0,66.0,,HUF,380000,újszerű,nincs megadva,nincs megadva,2,nincs megadva,van,nincs megadva,van,nincs megadva,külön helyiségben,nincs megadva,kertre néz,21 m2,nincs megadva,teremgarázs hely - bérelhető,25 000 000 Ft/hó,nincs megadva,nincs megadva,nincs megadva,nincs megadva,nincs megadva,nem tetőtéri,,igen,igen,nem hozható,nem megengedett,12 hónap,nincs megadva,,66.0,380.0,5758,2,2.0,,21.0,,,,Nem ismert,691,Kismartoni út,,,,"Budapest X. kerület, Kismartoni út",3,0,3.0,Óhegy,Tégla lakás,Lépj kapcsolatba a hirdetővel,,Ingatlaniroda,2,
34251774,kiado,https://ingatlan.com/34251774,"Kiadó tégla lakás - Budapest X. kerület, Endre utca #34251774",1102,"Budapest X. kerület, Endre utca",Budapest,,,1.0,25.0,,HUF,160000,újszerű,nincs megadva,összkomfortos,földszint,2,nincs megadva,3 m-nél alacsonyabb,nincs megadva,nincs megadva,egy helyiségben,nincs megadva,udvari,6 m2,igen,nincs megadva,,16 000 Ft/hó,10 Ft/hó,házközponti egyedi méréssel,van,nincs megadva,nincs megadva,,nem,nincs megadva,nem hozható,nem megengedett,12 hónap,azonnal,,25.0,160.0,6400,földszint,0.0,2.0,6.0,10.0,16000.0,,Nem ismert,612,Endre utca,,,,"Budapest X. kerület, Endre utca",1,0,1.0,Ligettelek,Tégla lakás,Lépj kapcsolatba a hirdetővel,,Ingatlaniroda,4,
34358156,kiado,https://ingatlan.com/34358156,"Kiadó panel lakás - Budapest X. kerület, Gergely utca 118. #34358156",1108,"Budapest X. kerület, Gergely utca 118.",Budapest,47.467579,19.157291,1.0,29.0,,HUF,165000,jó állapotú,nincs megadva,nincs megadva,3,4,nincs,nincs megadva,van,nincs megadva,egy helyiségben,nincs megadva,udvari,nincs megadva,nincs megadva,"utca, közterület",,nincs megadva,nincs megadva,távfűtés,nincs megadva,nincs megadva,nincs megadva,nincs megadva,igen,nincs megadva,nincs megadva,nem megengedett,12 hónap,nincs megadva,,29.0,165.0,5690,3,3.0,4.0,,,,,Nem ismert,794,Gergely utca,118,118-ban,118,"Budapest X. kerület, Gergely utca 118.",1,0,1.0,Újhegy,Panel lakás,Lépj kapcsolatba a hirdetővel,,Ingatlaniroda,2,
34453676,kiado,https://ingatlan.com/34453676,"Kiadó tégla lakás - Budapest XIX. kerület, Pannónia út #34453676",1192,"Budapest XIX. kerület, Pannónia út",Budapest,,,2.0,47.0,1940.0,HUF,250000,felújított,1950 előtt,összkomfortos,földszint,2,nincs,3 m-nél alacsonyabb,van,nem,egy helyiségben,délnyugat,udvari,nincs megadva,igen,"utca, közterület - ingyenes",,35 000 Ft/hó,23 000 Ft/hó,"gáz (konvektor), hűtő-fűtő klíma",nincs,nincs megadva,nem tetőtéri,,igen,igen,hozható,nem megengedett,12 hónap,azonnal,,47.0,250.0,5319,földszint,0.0,2.0,,23000.0,35000.0,,1950 előtt (klasszikus polgári/tégla),1395,"Budapest XIX. kerület, Pannónia út",,,,"Budapest X. kerület, Budapest XIX. kerület, Pannónia út",2,0,2.0,Kőbánya egyéb,Tégla lakás,Lépj kapcsolatba a hirdetővel,,Ingatlaniroda,4,1930.0
34549565,kiado,https://ingatlan.com/34549565,"Kiadó tégla lakás - Budapest X. kerület, Ónodi utca #34549565",1102,"Budapest X. kerület, Ónodi utca",Budapest,,,1.0,38.0,,HUF,190000,felújított,nincs megadva,összkomfortos,földszint,földszintes,nincs megadva,3 m-nél magasabb,nincs,nincs megadva,egy helyiségben,dél,nincs megadva,nincs megadva,igen,udvari beálló - benne van az árban,,nincs megadva,16 000 Ft/hó,"gáz (konvektor), infrafűtés",nincs megadva,nincs megadva,nincs megadva,,igen,igen,nincs megadva,nincs megadva,12 hónap,azonnal,,38.0,190.0,5000,földszint,0.0,0.0,,16000.0,,,Nem ismert,853,Ónodi utca,,,,"Budapest X. kerület, Ónodi utca",1,0,1.0,Kőbánya-Városközpont,Tégla lakás,Lépj kapcsolatba a hirdetővel,,Ingatlaniroda,2,
34610719,kiado,https://ingatlan.com/34610719,"Kiadó tégla lakás - Budapest XIX. kerület, Vak Bottyán utca #34610719",1191,"Budapest XIX. kerület, Vak Bottyán utca",Budapest,,,1.0,33.0,2024.0,HUF,225000,új építésű,2024,nincs megadva,6,8,van,nincs megadva,van,nincs megadva,egy helyiségben,nincs megadva,panorámás,5 m2,nincs megadva,teremgarázs hely - kötelező kibérelni,25 000 Ft/hó,nincs megadva,14 520 Ft/hó,hőszivattyú,nincs megadva,nincs megadva,nincs megadva,,igen,igen,nem hozható,nem megengedett,12 hónap,azonnal,,33.0,225.0,6818,6,6.0,8.0,5.0,14520.0,,2024.0,2020 után (új építésű),2009,"Budapest XIX. kerület, Vak Bottyán utca",,,,"Budapest X. kerület, Budapest XIX. kerület, Vak Bottyán utca",1,0,1.0,Kőbánya egyéb,Tégla lakás,Lépj kapcsolatba a hirdetővel,,Ingatlaniroda,4,2024.0
34673080,kiado,https://ingatlan.com/34673080,"Kiadó panel lakás - Budapest X. kerület, Gyakorló utca #34673080",1106,"Budapest X. kerület, Gyakorló utca",Budapest,,,2.0,35.0,1981.0,HUF,180000,jó állapotú,1981 és 2000 között,összkomfortos,3,10,van,3 m-nél alacsonyabb,van,nem,egy helyiségben,kelet,utcai,nincs megadva,nem,"utca, közterület - fizetős övezet",,35 000 Ft/hó,nincs megadva,távfűtés,nincs megadva,C,nem tetőtéri,nem vett részt,részben,igen,nem hozható,nem megengedett,12 hónap,2026. november,,35.0,180.0,5143,3,3.0,10.0,,,35000.0,,1980-1999 (késő panel/tégla),385,Gyakorló utca,,,,"Budapest X. kerület, Gyakorló utca",2,0,2.0,Felsőrákos,Panel lakás,Lépj kapcsolatba a hirdetővel,,Ingatlaniroda,4,1988.0
34812133,kiado,https://ingatlan.com/34812133,"Kiadó tégla lakás - Budapest X. kerület, Monori utca #34812133",1101,"Budapest X. kerület, Monori utca",Budapest,,,2.0,49.0,,HUF,250000,felújított,nincs megadva,összkomfortos,földszint,földszintes,nincs,nincs megadva,nincs megadva,nincs megadva,egy helyiségben,nincs megadva,utcai,nincs megadva,nincs megadva,"utca, közterület - ingyenes",,30 000 Ft/hó,nincs megadva,házközponti egyedi méréssel,nincs megadva,nincs megadva,nincs megadva,,részben,igen,nincs megadva,nincs megadva,12 hónap,nincs megadva,,49.0,250.0,5102,földszint,0.0,0.0,,,30000.0,,Nem ismert,860,Monori utca,,,,"Budapest X. kerület, Monori utca",2,0,2.0,Gyárdűlő,Tégla lakás,Lépj kapcsolatba a hirdetővel,,Ingatlaniroda,4,
34860837,kiado,https://ingatlan.com/34860837,"Kiadó tégla lakás - Budapest X. kerület, Jászberényi út #34860837",1106,"Budapest X. kerület, Jászberényi út",Budapest,,,1.0,15.0,1981.0,HUF,130000,jó állapotú,1981 és 2000 között,összkomfortos,2,2,nincs,3 m-nél alacsonyabb,van,nem,egy helyiségben,kelet,udvari,nincs megadva,nem,"utca, közterület - ingyenes",,30 000 Ft/hó,5 000 Ft/hó,"padlófűtés, hűtő-fűtő klíma",van - 10 cm,nincs megadva,nem tetőtéri,,igen,igen,nem hozható,nem megengedett,3 hónap,azonnal,,15.0,130.0,8667,2,2.0,2.0,,5000.0,30000.0,,1980-1999 (késő panel/tégla),935,Jászberényi út,,,,"Budapest X. kerület, Jászberényi út",1,0,1.0,Kőbánya-Kertváros,Tégla lakás,Lépj kapcsolatba a hirdetővel,,Ingatlaniroda,2,1988.0
34910713,kiado,https://ingatlan.com/34910713,"Kiadó szoba - Budapest X. kerület, Kőrösi Csoma Sándor út 9. #34910713",1102,"Budapest X. kerület, Kőrösi Csoma Sándor út 9.",Budapest,47.483214,19.131628,4.0,12.0,1950.0,HUF,89000,jó állapotú,1950 és 1980 között,összkomfortos,,,van,nincs megadva,nincs megadva,nincs megadva,külön helyiségben,nincs megadva,nincs megadva,nincs megadva,nincs megadva,nincs megadva,,12 000 Ft/hó,6 000 Ft/hó,gázkazán,nincs megadva,D,nincs megadva,,igen,igen,nem hozható,nincs megadva,10 hónap,azonnal,,12.0,89.0,7417,,,,,6000.0,12000.0,,1950-1979 (szocialista modern),4846,Kőrösi Csoma Sándor út,9,9,9,"Budapest X. kerület, Kőrösi Csoma Sándor út 9.",4,0,4.0,Kőbánya-Városközpont,Tégla lakás,Lépj kapcsolatba a hirdetővel,,Ingatlaniroda,4,1968.0
34939961,kiado,https://ingatlan.com/34939961,"Kiadó tégla lakás - Budapest X. kerület, Tárna utca #34939961",1106,"Budapest X. kerület, Tárna utca",Budapest,,,1.0,30.0,,HUF,199000,nincs megadva,nincs megadva,nincs megadva,nincs megadva,nincs megadva,nincs megadva,nincs megadva,nincs megadva,nincs megadva,nincs megadva,nincs megadva,nincs megadva,nincs megadva,nincs megadva,nincs megadva,,nincs megadva,nincs megadva,nincs megadva,nincs megadva,nincs megadva,nincs megadva,,nincs megadva,nincs megadva,nincs megadva,nincs megadva,nincs megadva,nincs megadva,,30.0,199.0,6633,nincs megadva,,,,,,,Nem ismert,5610,Tárna utca,,,,"Budapest X. kerület, Tárna utca",1,0,1.0,Gyárdűlő,Tégla lakás,Lépj kapcsolatba a hirdetővel,,Ingatlaniroda,2,
34955999,kiado,https://ingatlan.com/34955999,"Kiadó panel lakás - Budapest X. kerület, Ihász köz #34955999",1105,"Budapest X. kerület, Ihász köz",Budapest,,,3.0,67.0,,HUF,300000,felújított,nincs megadva,összkomfortos,3,10,nincs megadva,3 m-nél alacsonyabb,van,nincs megadva,külön helyiségben,nyugat,panorámás,6 m2,nincs megadva,"utca, közterület - ingyenes",,nincs megadva,19 500 Ft/hó,távfűtés egyedi méréssel,nincs,nincs megadva,nem tetőtéri,nincs megadva,igen,igen,nincs megadva,nem megengedett,12 hónap,azonnal,,67.0,300.0,4478,3,3.0,10.0,6.0,19500.0,,,Nem ismert,1131,Ihász köz,,,,"Budapest X. kerület, Ihász köz",3,0,3.0,Óhegy,Panel lakás,Lépj kapcsolatba a hirdetővel,,Ingatlaniroda,4,
34982570,kiado,https://ingatlan.com/34982570,"Kiadó tégla lakás - Budapest X. kerület, Mongol utca #34982570",1105,"Budapest X. kerület, Mongol utca",Budapest,,,2.0,53.0,1950.0,HUF,230000,felújított,1950 és 1980 között,összkomfortos,2,2,nincs,3 m-nél alacsonyabb,van,nem,külön helyiségben,nyugat,panorámás,4 m2,nem,udvari beálló - benne van az árban,,15 000 Ft/hó,15 000 Ft/hó,"gázkazán, hűtő-fűtő klíma",nincs,nincs megadva,zárószint,,igen,igen,nem hozható,nem megengedett,12 hónap,azonnal,,53.0,230.0,4340,2,2.0,2.0,4.0,15000.0,15000.0,,1950-1979 (szocialista modern),611,Mongol utca,,,,"Budapest X. kerület, Mongol utca",2,0,2.0,Óhegy,Tégla lakás,Lépj kapcsolatba a hirdetővel,,Ingatlaniroda,4,1968.0
34996960,kiado,https://ingatlan.com/34996960,"Kiadó tégla lakás - Budapest X. kerület, Makk utca 1. #34996960",1107,"Budapest X. kerület, Makk utca 1.",Budapest,47.473262,19.117354,2.0,49.0,2001.0,HUF,245000,felújított,2001 és 2010 között,összkomfortos,1,4,van,3 m-nél alacsonyabb,van,igen,külön helyiségben,északkelet,udvari,6 m2,nem,teremgarázs hely - bérelhető,nincs megadva,10 000 Ft/hó,27 300 Ft/hó,házközponti egyedi méréssel,van - 10 cm,A++,nem tetőtéri,,megegyezés szerint,igen,nem hozható,nem megengedett,12 hónap,2026. október,,49.0,245.0,5000,1,1.0,4.0,6.0,27300.0,10000.0,,2000-2019 (újszerű),1650,Makk utca,1,,1,"Budapest X. kerület, Makk utca 1.",2,0,2.0,Gyárdűlő,Tégla lakás,Lépj kapcsolatba a hirdetővel,,Ingatlaniroda,2,2005.0
35055026,kiado,https://ingatlan.com/35055026,"Kiadó tégla lakás - Budapest X. kerület, Gergely utca #35055026",1103,"Budapest X. kerület, Gergely utca",Budapest,,,1.0,28.0,,HUF,185000,nincs megadva,nincs megadva,nincs megadva,nincs megadva,nincs megadva,nincs megadva,nincs megadva,nincs megadva,nincs megadva,nincs megadva,nincs megadva,nincs megadva,nincs megadva,nincs megadva,nincs megadva,,nincs megadva,nincs megadva,nincs megadva,nincs megadva,nincs megadva,nincs megadva,,nincs megadva,nincs megadva,nincs megadva,nincs megadva,nincs megadva,nincs megadva,,28.0,185.0,6607,nincs megadva,,,,,,,Nem ismert,1459,Gergely utca,,,,"Budapest X. kerület, Gergely utca",1,0,1.0,Óhegy,Tégla lakás,Lépj kapcsolatba a hirdetővel,,Ingatlaniroda,2,
35113160,kiado,https://ingatlan.com/35113160,"Kiadó csúsztatott zsalus - Budapest X. kerület, Gyógyszergyári utca 5. #35113160",1106,"Budapest X. kerület, Gyógyszergyári utca 5.",Budapest,47.497327,19.139864,2.0,45.0,2026.0,HUF,270000,új építésű,2026,összkomfortos,2,8,van,3 m-nél alacsonyabb,van,igen,egy helyiségben,nyugat,kertre néz,11 m2,nem,teremgarázs hely - bérelhető,25 000 Ft/hó,20 000 Ft/hó,23 000 Ft/hó,"távfűtés, hűtő-fűtő klíma",van - 20 cm,A+,,,igen,igen,nem hozható,nem megengedett,12 hónap,azonnal,,45.0,270.0,6000,2,2.0,8.0,11.0,23000.0,20000.0,2026.0,2020 után (új építésű),1421,Gyógyszergyári utca,5,,5,"Budapest X. kerület, Gyógyszergyári utca 5.",2,0,2.0,Felsőrákos,Csúsztatott zsalus lakás,Lépj kapcsolatba a hirdetővel,,Ingatlaniroda,3,2026.0
35169465,kiado,https://ingatlan.com/35169465,"Kiadó tégla lakás - Budapest X. kerület, Szárnyas utca #35169465",1107,"Budapest X. kerület, Szárnyas utca",Budapest,,,1.0,30.0,,HUF,195000,felújított,nincs megadva,nincs megadva,3,3,nincs,nincs megadva,van,nincs megadva,külön helyiségben,nincs megadva,utcai,nincs megadva,nincs megadva,"utca, közterület - fizetős övezet",,nincs megadva,10 000 Ft/hó,gáz (konvektor),nincs megadva,nincs megadva,nincs megadva,,nem,nem,nem hozható,nincs megadva,12 hónap,azonnal,,30.0,195.0,6500,3,3.0,3.0,,10000.0,,,Nem ismert,856,Szárnyas utca,,,,"Budapest X. kerület, Szárnyas utca",1,0,1.0,Gyárdűlő,Tégla lakás,Lépj kapcsolatba a hirdetővel,,Ingatlaniroda,4,
35173777,kiado,https://ingatlan.com/35173777,"Kiadó tégla lakás - Budapest X. kerület, Keresztúri út 26. #35173777",1106,"Budapest X. kerület, Keresztúri út 26.",Budapest,47.500714,19.153745,1.0,37.0,1950.0,HUF,200000,felújított,1950 és 1980 között,összkomfortos,félemelet,2,nincs,3 m-nél alacsonyabb,nincs,nem,egy helyiségben,délnyugat,kertre néz,12 m2,igen,udvari beálló - benne van az árban,,20 000 Ft/hó,11 100 Ft/hó,gázkazán,nincs megadva,nincs megadva,nem tetőtéri,,részben,nem,hozható,nem megengedett,12 hónap,azonnal,,37.0,200.0,5405,félemelet,0.5,2.0,12.0,11100.0,20000.0,,1950-1979 (szocialista modern),1598,Keresztúri út,26,,26,"Budapest X. kerület, Keresztúri út 26.",1,0,1.0,Felsőrákos,Tégla lakás,Lépj kapcsolatba a hirdetővel,,Ingatlaniroda,2,1968.0
35174514,kiado,https://ingatlan.com/35174514,"Kiadó tégla lakás - Budapest X. kerület, Petrőczy utca 14/B #35174514",1103,"Budapest X. kerület, Petrőczy utca 14/B",Budapest,47.478931,19.140554,2.0,56.0,1950.0,HUF,205000,jó állapotú,1950 és 1980 között,összkomfortos,földszint,2,nincs,nincs megadva,nincs,nem,egy helyiségben,dél,kertre néz,nincs megadva,igen,"utca, közterület",,19 000 Ft/hó,22 000 Ft/hó,gáz (konvektor),van - 15 cm,nincs megadva,nem tetőtéri,,részben,igen,nem hozható,nem megengedett,12 hónap,azonnal,,56.0,205.0,3661,földszint,0.0,2.0,,22000.0,19000.0,,1950-1979 (szocialista modern),1344,Petrőczy utca,14/B,,14/B,"Budapest X. kerület, Petrőczy utca 14/B.",2,0,2.0,Óhegy,Tégla lakás,Lépj kapcsolatba a hirdetővel,,Ingatlaniroda,4,1968.0
35346473,kiado,https://ingatlan.com/35346473,"Kiadó tégla lakás - Budapest X. kerület, Gyógyszergyári utca #35346473",1106,"Budapest X. kerület, Gyógyszergyári utca",Budapest,,,3.0,62.0,2026.0,HUF,300000,új építésű,2026,összkomfortos,5,5,van,3 m-nél alacsonyabb,van,igen,külön helyiségben,nincs megadva,utcai,16 m2,nem,teremgarázs hely - bérelhető,20 000 Ft/hó,nincs megadva,nincs megadva,távfűtés,van,nincs megadva,nem tetőtéri,,megegyezés szerint,igen,nem hozható,nem megengedett,12 hónap,azonnal,,62.0,300.0,4839,5,5.0,5.0,16.0,,,2026.0,2020 után (új építésű),1514,Gyógyszergyári utca,,,,"Budapest X. kerület, Gyógyszergyári utca",3,0,3.0,Felsőrákos,Tégla lakás,Lépj kapcsolatba a hirdetővel,,Ingatlaniroda,2,2026.0
35392258,kiado,https://ingatlan.com/35392258,"Kiadó csúsztatott zsalus - Budapest X. kerület, Gyógyszergyári utca #35392258",1106,"Budapest X. kerület, Gyógyszergyári utca",Budapest,,,4.0,90.0,2026.0,HUF,420000,új építésű,2026,duplakomfortos,5,5,van,3 m-nél alacsonyabb,van,igen,külön és egyben is,délkelet,panorámás,22 m2,nem,teremgarázs hely - bérelhető,30 000 Ft/hó,nincs megadva,85 000 Ft/hó,"távfűtés egyedi méréssel, hűtő-fűtő klíma, elektromos fűtőpanel",van - 14 cm,A++,,,részben,igen,hozható,nem megengedett,6 hónap,azonnal,,90.0,420.0,4667,5,5.0,5.0,22.0,85000.0,,2026.0,2020 után (új építésű),1301,Gyógyszergyári utca,,,,"Budapest X. kerület, Gyógyszergyári utca",4,0,4.0,Felsőrákos,Csúsztatott zsalus lakás,Lépj kapcsolatba a hirdetővel,,Ingatlaniroda,2,2026.0
35400187,kiado,https://ingatlan.com/35400187,"Kiadó panel lakás - Budapest X. kerület, Gyakorló köz #35400187",1106,"Budapest X. kerület, Gyakorló köz",Budapest,,,2.0,35.0,,HUF,220000,nincs megadva,nincs megadva,nincs megadva,nincs megadva,nincs megadva,nincs megadva,nincs megadva,nincs megadva,nincs megadva,nincs megadva,nincs megadva,nincs megadva,nincs megadva,nincs megadva,nincs megadva,,nincs megadva,nincs megadva,nincs megadva,nincs megadva,nincs megadva,nincs megadva,nincs megadva,nincs megadva,nincs megadva,nincs megadva,nincs megadva,nincs megadva,nincs megadva,,35.0,220.0,6286,nincs megadva,,,,,,,Nem ismert,758,Gyakorló köz,,,,"Budapest X. kerület, Gyakorló köz",2,0,2.0,Felsőrákos,Panel lakás,Lépj kapcsolatba a hirdetővel,,Ingatlaniroda,2,
35411241,kiado,https://ingatlan.com/35411241,"Kiadó panel lakás - Budapest X. kerület, Mélytó utca 4. #35411241",1108,"Budapest X. kerület, Mélytó utca 4.",Budapest,47.468935,19.163326,2.0,52.0,,HUF,500000,nincs megadva,nincs megadva,nincs megadva,nincs megadva,nincs megadva,nincs megadva,nincs megadva,nincs megadva,nincs megadva,nincs megadva,nincs megadva,nincs megadva,4 m2,nincs megadva,nincs megadva,,nincs megadva,nincs megadva,nincs megadva,nincs megadva,nincs megadva,nincs megadva,nincs megadva,nincs megadva,nincs megadva,nincs megadva,nincs megadva,nincs megadva,nincs megadva,,52.0,500.0,9615,nincs megadva,,,4.0,,,,Nem ismert,57,Mélytó utca,4,,4,"Budapest X. kerület, Mélytó utca 4.",2,0,2.0,Újhegy,Panel lakás,Lépj kapcsolatba a hirdetővel,,Ingatlaniroda,2,
35424213,kiado,https://ingatlan.com/35424213,"Kiadó szoba - Budapest X. kerület, Vaspálya utca #35424213",1103,"Budapest X. kerület, Vaspálya utca",Budapest,,,4.0,12.0,,HUF,100000,nincs megadva,nincs megadva,nincs megadva,,,nincs megadva,nincs megadva,nincs megadva,nincs megadva,nincs megadva,nincs megadva,nincs megadva,nincs megadva,nincs megadva,nincs megadva,,nincs megadva,nincs megadva,nincs megadva,nincs megadva,nincs megadva,nincs megadva,,nincs megadva,nincs megadva,nincs megadva,nincs megadva,nincs megadva,nincs megadva,,12.0,100.0,8333,,,,,,,,Nem ismert,495,Vaspálya utca,,,,"Budapest X. kerület, Vaspálya utca",4,0,4.0,Óhegy,Tégla lakás,Lépj kapcsolatba a hirdetővel,,Ingatlaniroda,2,
35435897,kiado,https://ingatlan.com/35435897,"Kiadó tégla lakás - Budapest X. kerület, Mádi utca #35435897",1105,"Budapest X. kerület, Mádi utca",Budapest,,,2.0,54.0,1981.0,HUF,285000,jó állapotú,1981 és 2000 között,összkomfortos,2,4,nincs,3 m-nél alacsonyabb,nincs,nem,külön helyiségben,kelet,udvari,5 m2,nem,udvari beálló - benne van az árban,,15 000 Ft/hó,17 000 Ft/hó,gázkazán,van,C,nem tetőtéri,,megegyezés szerint,igen,nincs megadva,nem megengedett,12 hónap,azonnal,,54.0,285.0,5278,2,2.0,4.0,5.0,17000.0,15000.0,,1980-1999 (késő panel/tégla),1771,Mádi utca,,,,"Budapest X. kerület, Mádi utca",2,0,2.0,Óhegy,Tégla lakás,Lépj kapcsolatba a hirdetővel,,Ingatlaniroda,2,1988.0
35444106,kiado,https://ingatlan.com/35444106,"Kiadó tégla lakás - Budapest X. kerület, Mádi utca #35444106",1105,"Budapest X. kerület, Mádi utca",Budapest,,,2.0,54.0,,HUF,270000,felújított,nincs megadva,nincs megadva,2,nincs megadva,nincs,nincs megadva,nincs,nincs megadva,külön helyiségben,nincs megadva,udvari,5 m2,nincs megadva,udvari beálló - benne van az árban,,25 000 Ft/hó,30 000 Ft/hó,gázkazán,nincs megadva,nincs megadva,nem tetőtéri,,megegyezés szerint,igen,nem hozható,nincs megadva,12 hónap,azonnal,,54.0,270.0,5000,2,2.0,,5.0,30000.0,25000.0,,Nem ismert,1865,Mádi utca,,,,"Budapest X. kerület, Mádi utca",2,0,2.0,Óhegy,Tégla lakás,Lépj kapcsolatba a hirdetővel,,Ingatlaniroda,4,
35444239,kiado,https://ingatlan.com/35444239,"Kiadó tégla lakás - Budapest X. kerület, Juhász utca #35444239",1106,"Budapest X. kerület, Juhász utca",Budapest,,,5.0,165.0,1981.0,HUF,600000,felújított,1981 és 2000 között,duplakomfortos,2,3,nincs,3 m-nél alacsonyabb,van,nem,külön helyiségben,dél,utcai,16 m2,igen,udvari beálló - benne van az árban,,600 000 Ft/hó,nincs megadva,gázkazán,nincs megadva,nincs megadva,nincs megadva,,igen,nem,nem hozható,nem megengedett,12 hónap,azonnal,,165.0,600.0,3636,2,2.0,3.0,16.0,,600000.0,,1980-1999 (késő panel/tégla),687,Juhász utca,,,,"Budapest X. kerület, Juhász utca",5,0,5.0,Felsőrákos,Tégla lakás,Lépj kapcsolatba a hirdetővel,,Ingatlaniroda,2,1988.0
35445253,kiado,https://ingatlan.com/35445253,"Kiadó panel lakás - Budapest X. kerület, Mádi utca #35445253",1105,"Budapest X. kerület, Mádi utca",Budapest,,,2.0,54.0,,HUF,270000,újszerű,nincs megadva,összkomfortos,2,nincs megadva,nincs,3 m-nél alacsonyabb,nincs,nincs megadva,külön helyiségben,nincs megadva,nincs megadva,nincs megadva,nem,udvari beálló,,30 000 Ft/hó,11 000 Ft/hó,gázkazán,van,nincs megadva,nem tetőtéri,nincs megadva,megegyezés szerint,igen,nincs megadva,nem megengedett,12 hónap,azonnal,,54.0,270.0,5000,2,2.0,,,11000.0,30000.0,,Nem ismert,864,Mádi utca,,54,54,"Budapest X. kerület, Mádi utca 54.",2,0,2.0,Óhegy,Panel lakás,Lépj kapcsolatba a hirdetővel,,Ingatlaniroda,4,
35447947,kiado,https://ingatlan.com/35447947,"Kiadó tégla lakás - Budapest X. kerület, Tavas utca 7. #35447947",1108,"Budapest X. kerület, Tavas utca 7.",Budapest,47.468845,19.165367,1.0,33.0,2023.0,HUF,250000,új építésű,2023,nincs megadva,2,nincs megadva,van,nincs megadva,van,nincs megadva,egy helyiségben,nincs megadva,nincs megadva,nincs megadva,nincs megadva,teremgarázs hely - benne van az árban,,nincs megadva,nincs megadva,"hőszivattyú, padlófűtés",nincs megadva,nincs megadva,nincs megadva,,igen,igen,nem hozható,nem megengedett,nincs megadva,nincs megadva,,33.0,250.0,7576,2,2.0,,,,,2023.0,2020 után (új építésű),750,Tavas utca,7,,7,"Budapest X. kerület, Tavas utca 7.",1,0,1.0,Újhegy,Tégla lakás,Lépj kapcsolatba a hirdetővel,,Ingatlaniroda,2,2023.0
35451170,kiado,https://ingatlan.com/35451170,"Kiadó tégla lakás - Budapest X. kerület, Noszlopy utca #35451170",1103,"Budapest X. kerület, Noszlopy utca",Budapest,,,1.0,450.0,,HUF,900000,nincs megadva,nincs megadva,nincs megadva,nincs megadva,nincs megadva,nincs megadva,nincs megadva,van,nincs megadva,külön helyiségben,nincs megadva,nincs megadva,nincs megadva,nincs megadva,nincs megadva,,nincs megadva,nincs megadva,nincs megadva,nincs megadva,nincs megadva,nincs megadva,,nincs megadva,nincs megadva,nincs megadva,nincs megadva,12 hónap,azonnal,,450.0,900.0,2000,nincs megadva,,,,,,,Nem ismert,1490,Noszlopy utca,,,,"Budapest X. kerület, Noszlopy utca",1,0,1.0,Óhegy,Tégla lakás,Lépj kapcsolatba a hirdetővel,,Ingatlaniroda,4,
35451950,kiado,https://ingatlan.com/35451950,"Kiadó panel lakás - Budapest X. kerület, Kőbánya - Óhegy #35451950",1103,"Budapest X. kerület, Kőbánya - Óhegy",Budapest,,,2.0,54.0,,HUF,270000,felújított,nincs megadva,összkomfortos,2,4,nincs,nincs megadva,nincs,nincs megadva,külön helyiségben,nincs megadva,utcai,5 m2,nem,"utca, közterület - ingyenes",,30 000 Ft/hó,22 000 Ft/hó,gázkazán,van,nincs megadva,nem tetőtéri,nincs megadva,megegyezés szerint,igen,nincs megadva,nem megengedett,12 hónap,azonnal,,54.0,270.0,5000,2,2.0,4.0,5.0,22000.0,30000.0,,Nem ismert,567,Kőbánya - Óhegy,,,,"Budapest X. kerület, Kőbánya - Óhegy",2,0,2.0,Óhegy,Panel lakás,Lépj kapcsolatba a hirdetővel,,Ingatlaniroda,4,
35453043,kiado,https://ingatlan.com/35453043,"Kiadó panel lakás - Budapest X. kerület, Oltó utca #35453043",1108,"Budapest X. kerület, Oltó utca",Budapest,,,3.0,68.0,,HUF,270000,felújított,nincs megadva,összkomfortos,1,10,van,3 m-nél alacsonyabb,nincs,nem,külön helyiségben,nincs megadva,utcai,nincs megadva,nem,"utca, közterület - ingyenes",,nincs megadva,nincs megadva,távfűtés,nincs,nincs megadva,nem tetőtéri,nem vett részt,nem,nem,nem hozható,nem megengedett,12 hónap,azonnal,,68.0,270.0,3971,1,1.0,10.0,,,,,Nem ismert,514,Oltó utca,,,,"Budapest X. kerület, Oltó utca",3,0,3.0,Újhegy,Panel lakás,Lépj kapcsolatba a hirdetővel,,Ingatlaniroda,2,
35453823,kiado,https://ingatlan.com/35453823,"Kiadó panel lakás - Budapest X. kerület, Mádi utca #35453823",1104,"Budapest X. kerület, Mádi utca",Budapest,,,2.0,54.0,1950.0,HUF,270000,nincs megadva,1950 és 1980 között,összkomfortos,2,4,nincs,3 m-nél alacsonyabb,nincs,nincs megadva,külön helyiségben,nincs megadva,udvari,6 m2,nem,udvari beálló - benne van az árban,,30 000 Ft/hó,11 000 Ft/hó,gázkazán,nincs megadva,nincs megadva,nem tetőtéri,nincs megadva,megegyezés szerint,igen,nem hozható,nem megengedett,12 hónap,azonnal,,54.0,270.0,5000,2,2.0,4.0,6.0,11000.0,30000.0,,1950-1979 (szocialista modern),684,Mádi utca,,54,54,"Budapest X. kerület, Mádi utca 54.",2,0,2.0,Óhegy,Panel lakás,Lépj kapcsolatba a hirdetővel,,Ingatlaniroda,4,1968.0
35459153,kiado,https://ingatlan.com/35459153,"Kiadó csúsztatott zsalus - Budapest X. kerület, Gyógyszergyári utca #35459153",1106,"Budapest X. kerület, Gyógyszergyári utca",Budapest,,,1.0,36.0,2026.0,HUF,250000,új építésű,2026,összkomfortos,6,7,van,3 m-nél alacsonyabb,van,nincs megadva,nincs megadva,nincs megadva,udvari,11 m2,nincs megadva,nincs megadva,,nincs megadva,nincs megadva,házközponti egyedi méréssel,van,nincs megadva,,,részben,igen,nem hozható,nem megengedett,nincs megadva,azonnal,,36.0,250.0,6944,6,6.0,7.0,11.0,,,2026.0,2020 után (új építésű),1185,Gyógyszergyári utca,,,,"Budapest X. kerület, Gyógyszergyári utca",1,0,1.0,Felsőrákos,Csúsztatott zsalus lakás,Lépj kapcsolatba a hirdetővel,,Ingatlaniroda,4,2026.0
35461494,kiado,https://ingatlan.com/35461494,"Kiadó tégla lakás - Budapest X. kerület, Monori utca #35461494",1101,"Budapest X. kerület, Monori utca",Budapest,,,4.0,67.0,1981.0,HUF,260000,jó állapotú,1981 és 2000 között,összkomfortos,1,4,nincs,3 m-nél alacsonyabb,van,nincs megadva,külön helyiségben,kelet,kertre néz,3 m2,igen,"utca, közterület - ingyenes",,46 900 Ft/hó,nincs megadva,távfűtés,nincs megadva,nincs megadva,nem tetőtéri,,igen,nincs megadva,nem hozható,nem megengedett,12 hónap,azonnal,,67.0,260.0,3881,1,1.0,4.0,3.0,,46900.0,,1980-1999 (késő panel/tégla),242,Monori utca,,,,"Budapest X. kerület, Monori utca",4,0,4.0,Laposdűlő,Tégla lakás,Lépj kapcsolatba a hirdetővel,,Ingatlaniroda,2,1988.0
35465102,kiado,https://ingatlan.com/35465102,"Kiadó csúsztatott zsalus - Budapest X. kerület, Halom utca #35465102",1105,"Budapest X. kerület, Halom utca",Budapest,,,2.0,54.0,,HUF,270000,nincs megadva,nincs megadva,nincs megadva,nincs megadva,nincs megadva,nincs megadva,nincs megadva,nincs megadva,nincs megadva,nincs megadva,nincs megadva,nincs megadva,3 m2,nincs megadva,nincs megadva,,nincs megadva,nincs megadva,nincs megadva,nincs megadva,nincs megadva,,,nincs megadva,nincs megadva,nincs megadva,nincs megadva,nincs megadva,nincs megadva,,54.0,270.0,5000,nincs megadva,,,3.0,,,,Nem ismert,1466,Halom utca,,,,"Budapest X. kerület, Halom utca",2,0,2.0,Óhegy,Csúsztatott zsalus lakás,Lépj kapcsolatba a hirdetővel,,Ingatlaniroda,2,
35466768,kiado,https://ingatlan.com/35466768,"Kiadó tégla lakás - Budapest X. kerület, Váltó utca #35466768",1106,"Budapest X. kerület, Váltó utca",Budapest,,,2.0,55.0,,HUF,190000,jó állapotú,nincs megadva,összkomfortos,szuterén,2,nincs megadva,3 m-nél alacsonyabb,nincs,nincs megadva,egy helyiségben,nincs megadva,utcai,3 m2,nem,"utca, közterület",,nincs megadva,nincs megadva,gázkazán,nincs,nincs megadva,nincs megadva,,részben,igen,nem hozható,nem megengedett,12 hónap,azonnal,,55.0,190.0,3455,szuterén,-1.0,2.0,3.0,,,,Nem ismert,342,Váltó utca,,,,"Budapest X. kerület, Váltó utca",2,0,2.0,Felsőrákos,Tégla lakás,Lépj kapcsolatba a hirdetővel,,Ingatlaniroda,4,
35470729,kiado,https://ingatlan.com/35470729,"Kiadó csúsztatott zsalus - Budapest X. kerület, Gyógyszergyári utca 6. #35470729",1106,"Budapest X. kerület, Gyógyszergyári utca 6.",Budapest,47.497833,19.141041,2.0,43.0,2026.0,HUF,280000,új építésű,2026,összkomfortos,4,8,van,3 m-nél alacsonyabb,van,igen,egy helyiségben,kelet,udvari,11 m2,nem,teremgarázs hely - bérelhető,30 000 Ft/hó,nincs megadva,nincs megadva,"távfűtés, hűtő-fűtő klíma",van,A+,,,igen,igen,hozható,nem megengedett,12 hónap,azonnal,,43.0,280.0,6512,4,4.0,8.0,11.0,,,2026.0,2020 után (új építésű),1722,Gyógyszergyári utca,6,,6,"Budapest X. kerület, Gyógyszergyári utca 6.",2,0,2.0,Felsőrákos,Csúsztatott zsalus lakás,Lépj kapcsolatba a hirdetővel,,Ingatlaniroda,2,2026.0
35472664,kiado,https://ingatlan.com/35472664,"Kiadó tégla lakás - Budapest X. kerület, Tavas utca #35472664",1108,"Budapest X. kerület, Tavas utca",Budapest,,,1.0,30.0,2023.0,HUF,200000,új építésű,2023,komfortos,2,4,van,3 m-nél alacsonyabb,van,nincs megadva,egy helyiségben,északnyugat,utcai,6 m2,nincs megadva,udvari beálló - benne van az árban,,10 000 Ft/hó,15 000 Ft/hó,"fan-coil, hőszivattyú",van,A++,nem tetőtéri,,igen,igen,nem hozható,nem megengedett,12 hónap,azonnal,,30.0,200.0,6667,2,2.0,4.0,6.0,15000.0,10000.0,2023.0,2020 után (új építésű),2123,Tavas utca,,,,"Budapest X. kerület, Tavas utca",1,0,1.0,Újhegy,Tégla lakás,Lépj kapcsolatba a hirdetővel,,Ingatlaniroda,4,2023.0
35476226,kiado,https://ingatlan.com/35476226,"Kiadó tégla lakás - Budapest X. kerület, Szárnyas utca #35476226",1107,"Budapest X. kerület, Szárnyas utca",Budapest,,,1.0,28.0,,HUF,160000,jó állapotú,nincs megadva,összkomfortos,földszint,3,nincs,nincs megadva,nincs,nincs megadva,külön helyiségben,délnyugat,utcai,nincs megadva,nem,"utca, közterület",,nincs megadva,8 000 Ft/hó,gáz (konvektor),nincs megadva,nincs megadva,nem tetőtéri,,igen,nincs megadva,nincs megadva,nem megengedett,12 hónap,azonnal,,28.0,160.0,5714,földszint,0.0,3.0,,8000.0,,,Nem ismert,1939,Szárnyas utca,,,,"Budapest X. kerület, Szárnyas utca",1,0,1.0,Gyárdűlő,Tégla lakás,Lépj kapcsolatba a hirdetővel,,Ingatlaniroda,4,
35483655,kiado,https://ingatlan.com/35483655,"Kiadó panel lakás - Budapest X. kerület, Bihari utca #35483655",1107,"Budapest X. kerület, Bihari utca",Budapest,,,3.0,62.0,,HUF,245000,felújított,nincs megadva,összkomfortos,10,10,van,nincs megadva,van,nincs megadva,külön helyiségben,nincs megadva,panorámás,3 m2,nincs megadva,"utca, közterület - fizetős övezet",,nincs megadva,20 000 Ft/hó,távfűtés egyedi méréssel,nincs megadva,nincs megadva,nem tetőtéri,nincs megadva,igen,igen,nem hozható,nem megengedett,12 hónap,azonnal,,62.0,245.0,3952,10,10.0,10.0,3.0,20000.0,,,Nem ismert,248,Bihari utca,,,,"Budapest X. kerület, Bihari utca",3,0,3.0,Gyárdűlő,Panel lakás,Lépj kapcsolatba a hirdetővel,,Ingatlaniroda,4,
35483737,kiado,https://ingatlan.com/35483737,"Kiadó panel lakás - Budapest X. kerület, Bihari utca #35483737",1107,"Budapest X. kerület, Bihari utca",Budapest,,,3.0,62.0,1981.0,HUF,245000,felújított,1981 és 2000 között,összkomfortos,10,10,van,3 m-nél alacsonyabb,van,igen,külön helyiségben,nincs megadva,panorámás,3 m2,nem,"utca, közterület - ingyenes",,11 000 Ft/hó,20 000 Ft/hó,távfűtés egyedi méréssel,van,nincs megadva,nem tetőtéri,részt vett,részben,igen,nem hozható,nem megengedett,12 hónap,azonnal,,62.0,245.0,3952,10,10.0,10.0,3.0,20000.0,11000.0,,1980-1999 (késő panel/tégla),793,Bihari utca,,,,"Budapest X. kerület, Bihari utca",3,0,3.0,Gyárdűlő,Panel lakás,Lépj kapcsolatba a hirdetővel,,Ingatlaniroda,4,1988.0
35484217,kiado,https://ingatlan.com/35484217,"Kiadó panel lakás - Budapest X. kerület, Gyakorló utca 4. #35484217",1106,"Budapest X. kerület, Gyakorló utca 4.",Budapest,47.501438,19.138044,3.0,68.0,,HUF,290000,felújított,nincs megadva,összkomfortos,4,10,van,nincs megadva,van,nincs megadva,külön helyiségben,nincs megadva,nincs megadva,3 m2,nem,"utca, közterület",,nincs megadva,22 400 Ft/hó,"távfűtés, hűtő-fűtő klíma",nincs megadva,nincs megadva,nem tetőtéri,nincs megadva,igen,igen,nem hozható,nem megengedett,12 hónap,azonnal,,68.0,290.0,4265,4,4.0,10.0,3.0,22400.0,,,Nem ismert,906,Gyakorló utca,4,,4,"Budapest X. kerület, Gyakorló utca 4.",3,0,3.0,Felsőrákos,Panel lakás,Lépj kapcsolatba a hirdetővel,,Ingatlaniroda,2,
35484319,kiado,https://ingatlan.com/35484319,"Kiadó panel lakás - Budapest X. kerület, Bihari utca #35484319",1107,"Budapest X. kerület, Bihari utca",Budapest,,,3.0,62.0,1950.0,HUF,245000,felújított,1950 és 1980 között,összkomfortos,10,10,van,3 m-nél alacsonyabb,van,nem,nincs megadva,nincs megadva,panorámás,3 m2,nem,"utca, közterület - ingyenes",,nincs megadva,11 000 Ft/hó,távfűtés egyedi méréssel,nincs,nincs megadva,nem tetőtéri,nincs megadva,részben,igen,nem hozható,nem megengedett,12 hónap,azonnal,,62.0,245.0,3952,10,10.0,10.0,3.0,11000.0,,,1950-1979 (szocialista modern),784,Bihari utca,,2,2,"Budapest X. kerület, Bihari utca 2.",3,0,3.0,Gyárdűlő,Panel lakás,Lépj kapcsolatba a hirdetővel,,Ingatlaniroda,4,1968.0
35486417,kiado,https://ingatlan.com/35486417,"Kiadó tégla lakás - Budapest X. kerület, Üllői köz #35486417",1101,"Budapest X. kerület, Üllői köz",Budapest,,,1.0,37.0,,HUF,170000,nincs megadva,nincs megadva,nincs megadva,nincs megadva,nincs megadva,nincs megadva,nincs megadva,nincs megadva,nincs megadva,nincs megadva,nincs megadva,nincs megadva,nincs megadva,nincs megadva,nincs megadva,,nincs megadva,nincs megadva,nincs megadva,nincs megadva,nincs megadva,nincs megadva,,nincs megadva,nincs megadva,nincs megadva,nincs megadva,nincs megadva,nincs megadva,,37.0,170.0,4595,nincs megadva,,,,,,,Nem ismert,361,Üllői köz,,,,"Budapest X. kerület, Üllői köz",1,0,1.0,Gyárdűlő,Tégla lakás,Lépj kapcsolatba a hirdetővel,,Ingatlaniroda,2,
35486489,kiado,https://ingatlan.com/35486489,"Kiadó panel lakás - Budapest X. kerület, Bihari utca #35486489",1107,"Budapest X. kerület, Bihari utca",Budapest,,,3.0,65.0,,HUF,245000,felújított,nincs megadva,összkomfortos,10,10,van,3 m-nél alacsonyabb,nincs megadva,nincs megadva,külön helyiségben,nincs megadva,panorámás,3 m2,nincs megadva,"utca, közterület",,11 000 Ft/hó,20 000 Ft/hó,távfűtés egyedi méréssel,nincs megadva,nincs megadva,"legfelső emelet, nem tetőtéri",részt vett,részben,igen,nem hozható,nem megengedett,12 hónap,azonnal,,65.0,245.0,3769,10,10.0,10.0,3.0,20000.0,11000.0,,Nem ismert,387,Bihari utca,,10,10,"Budapest X. kerület, Bihari utca 10.",3,0,3.0,Gyárdűlő,Panel lakás,Lépj kapcsolatba a hirdetővel,,Ingatlaniroda,4,
35486558,kiado,https://ingatlan.com/35486558,"Kiadó tégla lakás - Budapest X. kerület, Gyógyszergyári utca #35486558",1106,"Budapest X. kerület, Gyógyszergyári utca",Budapest,,,2.0,56.0,,HUF,300000,nincs megadva,nincs megadva,nincs megadva,nincs megadva,nincs megadva,nincs megadva,nincs megadva,nincs megadva,nincs megadva,nincs megadva,nincs megadva,nincs megadva,10 m2,nincs megadva,nincs megadva,,nincs megadva,nincs megadva,nincs megadva,nincs megadva,nincs megadva,nincs megadva,,nincs megadva,nincs megadva,nincs megadva,nincs megadva,nincs megadva,nincs megadva,,56.0,300.0,5357,nincs megadva,,,10.0,,,,Nem ismert,228,Gyógyszergyári utca,,,,"Budapest X. kerület, Gyógyszergyári utca",2,0,2.0,Felsőrákos,Tégla lakás,Lépj kapcsolatba a hirdetővel,,Ingatlaniroda,2,
35490999,kiado,https://ingatlan.com/35490999,"Kiadó csúsztatott zsalus - Budapest X. kerület, Gyógyszergyári utca #35490999",1106,"Budapest X. kerület, Gyógyszergyári utca",Budapest,,,1.0,35.0,,HUF,285000,nincs megadva,nincs megadva,nincs megadva,nincs megadva,nincs megadva,nincs megadva,nincs megadva,nincs megadva,nincs megadva,nincs megadva,nincs megadva,nincs megadva,6 m2,nincs megadva,nincs megadva,,nincs megadva,nincs megadva,nincs megadva,nincs megadva,nincs megadva,,,nincs megadva,nincs megadva,nincs megadva,nincs megadva,nincs megadva,nincs megadva,,35.0,285.0,8143,nincs megadva,,,6.0,,,,Nem ismert,365,Gyógyszergyári utca,,,,"Budapest X. kerület, Gyógyszergyári utca",1,0,1.0,Felsőrákos,Csúsztatott zsalus lakás,Lépj kapcsolatba a hirdetővel,,Ingatlaniroda,2,
35491005,kiado,https://ingatlan.com/35491005,"Kiadó csúsztatott zsalus - Budapest X. kerület, Gyógyszergyári utca #35491005",1106,"Budapest X. kerület, Gyógyszergyári utca",Budapest,,,2.0,45.0,,HUF,330000,nincs megadva,nincs megadva,nincs megadva,nincs megadva,nincs megadva,nincs megadva,nincs megadva,nincs megadva,nincs megadva,nincs megadva,nincs megadva,nincs megadva,5 m2,nincs megadva,nincs megadva,,nincs megadva,nincs megadva,nincs megadva,nincs megadva,nincs megadva,,,nincs megadva,nincs megadva,nincs megadva,nincs megadva,nincs megadva,nincs megadva,,45.0,330.0,7333,nincs megadva,,,5.0,,,,Nem ismert,358,Gyógyszergyári utca,,,,"Budapest X. kerület, Gyógyszergyári utca",2,0,2.0,Felsőrákos,Csúsztatott zsalus lakás,Lépj kapcsolatba a hirdetővel,,Ingatlaniroda,2,
35491242,kiado,https://ingatlan.com/35491242,"Kiadó csúsztatott zsalus - Budapest X. kerület, Gyógyszergyári utca 12. #35491242",1106,"Budapest X. kerület, Gyógyszergyári utca 12.",Budapest,47.497773,19.144117,1.0,35.0,2026.0,HUF,235000,új építésű,2026,nincs megadva,6,8,van,3 m-nél alacsonyabb,van,igen,egy helyiségben,kelet,panorámás,11 m2,nem,teremgarázs hely - bérelhető,35 000 Ft/hó,5 000 Ft/hó,35 000 Ft/hó,távfűtés,van,A+,,,igen,igen,nem hozható,nem megengedett,12 hónap,2026. október,,35.0,235.0,6714,6,6.0,8.0,11.0,35000.0,5000.0,2026.0,2020 után (új építésű),3039,Gyógyszergyári utca,12,,12,"Budapest X. kerület, Gyógyszergyári utca 12.",1,0,1.0,Felsőrákos,Csúsztatott zsalus lakás,Lépj kapcsolatba a hirdetővel,,Ingatlaniroda,2,2026.0
35493182,kiado,https://ingatlan.com/35493182,"Kiadó csúsztatott zsalus - Budapest X. kerület, Gyógyszergyári utca 8. #35493182",1106,"Budapest X. kerület, Gyógyszergyári utca 8.",Budapest,47.49801,19.142693,2.0,45.0,2026.0,HUF,265000,újszerű,2026,összkomfortos,5,8,van,3 m-nél alacsonyabb,van,igen,egy helyiségben,kelet,kertre néz,11 m2,nincs megadva,teremgarázs hely - bérelhető,30 000 Ft/hó,nincs megadva,25 000 Ft/hó,távfűtés,van,A+,,,megegyezés szerint,igen,nem hozható,nem megengedett,12 hónap,azonnal,,45.0,265.0,5889,5,5.0,8.0,11.0,25000.0,,2026.0,2020 után (új építésű),1773,Gyógyszergyári utca,8,,8,"Budapest X. kerület, Gyógyszergyári utca 8.",2,0,2.0,Felsőrákos,Csúsztatott zsalus lakás,Lépj kapcsolatba a hirdetővel,,Ingatlaniroda,4,2026.0
35493734,kiado,https://ingatlan.com/35493734,"Kiadó tégla lakás - Budapest X. kerület, Szárnyas utca #35493734",1107,"Budapest X. kerület, Szárnyas utca",Budapest,,,1.0,29.0,,HUF,150000,közepes állapotú,nincs megadva,komfortos,3,4,nincs,nincs megadva,nincs,nem,külön helyiségben,nincs megadva,utcai,nincs megadva,nincs megadva,"utca, közterület - fizetős övezet",,nincs megadva,12 000 Ft/hó,gáz (konvektor),nincs megadva,nincs megadva,"legfelső emelet, nem tetőtéri",,nincs megadva,nincs megadva,nem hozható,nem megengedett,12 hónap,2026. november,,29.0,150.0,5172,3,3.0,4.0,,12000.0,,,Nem ismert,480,Szárnyas utca,,,,"Budapest X. kerület, Szárnyas utca",1,0,1.0,Gyárdűlő,Tégla lakás,Lépj kapcsolatba a hirdetővel,,Ingatlaniroda,2,
35496353,kiado,https://ingatlan.com/35496353,"Kiadó panel lakás - Budapest X. kerület, Lenfonó utca #35496353",1108,"Budapest X. kerület, Lenfonó utca",Budapest,,,2.0,50.0,,HUF,240000,nincs megadva,nincs megadva,nincs megadva,nincs megadva,nincs megadva,nincs megadva,nincs megadva,nincs megadva,nincs megadva,nincs megadva,nincs megadva,nincs megadva,4 m2,nincs megadva,nincs megadva,,nincs megadva,nincs megadva,nincs megadva,nincs megadva,nincs megadva,nincs megadva,nincs megadva,nincs megadva,nincs megadva,nincs megadva,nincs megadva,nincs megadva,nincs megadva,,50.0,240.0,4800,nincs megadva,,,4.0,,,,Nem ismert,1426,Lenfonó utca,,,,"Budapest X. kerület, Lenfonó utca",2,0,2.0,Újhegy,Panel lakás,Lépj kapcsolatba a hirdetővel,,Ingatlaniroda,2,
35496799,kiado,https://ingatlan.com/35496799,"Kiadó tégla lakás - Budapest X. kerület, Tavas utca #35496799",1108,"Budapest X. kerület, Tavas utca",Budapest,,,1.0,33.0,,HUF,220000,új építésű,nincs megadva,összkomfortos,2,6,van,nincs megadva,van,nincs megadva,egy helyiségben,nincs megadva,udvari,nincs megadva,nincs megadva,teremgarázs hely - bérelhető,25 000 Ft/hó,15 000 Ft/hó,14 000 Ft/hó,hőszivattyú,nincs megadva,nincs megadva,nincs megadva,,igen,igen,nem hozható,nincs megadva,12 hónap,azonnal,,33.0,220.0,6667,2,2.0,6.0,,14000.0,15000.0,,2020 után (új építésű),1092,Tavas utca,,,,"Budapest X. kerület, Tavas utca",1,0,1.0,Újhegy,Tégla lakás,Lépj kapcsolatba a hirdetővel,,Ingatlaniroda,4,2024.0
35500271,kiado,https://ingatlan.com/35500271,"Kiadó panel lakás - Budapest X. kerület, Bihari utca #35500271",1107,"Budapest X. kerület, Bihari utca",Budapest,,,3.0,62.0,1981.0,HUF,245000,jó állapotú,1981 és 2000 között,összkomfortos,10,10,van,3 m-nél alacsonyabb,van,igen,külön helyiségben,nincs megadva,panorámás,3 m2,nincs megadva,"utca, közterület",,11 000 Ft/hó,23 000 Ft/hó,távfűtés egyedi méréssel,van,B,nem tetőtéri,részt vett,részben,nincs megadva,nem hozható,nem megengedett,12 hónap,azonnal,,62.0,245.0,3952,10,10.0,10.0,3.0,23000.0,11000.0,,1980-1999 (késő panel/tégla),683,Bihari utca,,,,"Budapest X. kerület, Bihari utca",3,0,3.0,Gyárdűlő,Panel lakás,Lépj kapcsolatba a hirdetővel,,Ingatlaniroda,2,1988.0
35500957,kiado,https://ingatlan.com/35500957,"Kiadó csúsztatott zsalus - Budapest X. kerület, Gyógyszergyári utca #35500957",1106,"Budapest X. kerület, Gyógyszergyári utca",Budapest,,,2.0,52.0,2026.0,HUF,290000,új építésű,2026,komfortos,2,6,van,3 m-nél alacsonyabb,van,igen,külön helyiségben,nyugat,udvari,13 m2,nem,nincs megadva,,nincs megadva,nincs megadva,"távfűtés, padlófűtés, hűtő-fűtő klíma",nincs megadva,nincs megadva,,,részben,igen,nincs megadva,nem megengedett,12 hónap,nincs megadva,,52.0,290.0,5577,2,2.0,6.0,13.0,,,2026.0,2020 után (új építésű),1219,Gyógyszergyári utca,,,,"Budapest X. kerület, Gyógyszergyári utca",2,0,2.0,Felsőrákos,Csúsztatott zsalus lakás,Lépj kapcsolatba a hirdetővel,,Ingatlaniroda,2,2026.0
35503977,kiado,https://ingatlan.com/35503977,"Kiadó tégla lakás - Budapest X. kerület, Gyógyszergyári utca #35503977",1106,"Budapest X. kerület, Gyógyszergyári utca",Budapest,,,3.0,65.0,,HUF,350000,nincs megadva,nincs megadva,nincs megadva,nincs megadva,nincs megadva,nincs megadva,nincs megadva,nincs megadva,nincs megadva,nincs megadva,nincs megadva,nincs megadva,16 m2,nincs megadva,nincs megadva,,nincs megadva,nincs megadva,nincs megadva,nincs megadva,nincs megadva,nincs megadva,,nincs megadva,nincs megadva,nincs megadva,nincs megadva,nincs megadva,nincs megadva,,65.0,350.0,5385,nincs megadva,,,16.0,,,,Nem ismert,952,Gyógyszergyári utca,,,,"Budapest X. kerület, Gyógyszergyári utca",3,0,3.0,Felsőrákos,Tégla lakás,Lépj kapcsolatba a hirdetővel,,Ingatlaniroda,2,
35505628,kiado,https://ingatlan.com/35505628,"Kiadó panel lakás - Budapest X. kerület, Bihari utca #35505628",1107,"Budapest X. kerület, Bihari utca",Budapest,,,3.0,62.0,1981.0,HUF,245000,jó állapotú,1981 és 2000 között,összkomfortos,10,10,van,3 m-nél alacsonyabb,van,nem,külön helyiségben,nincs megadva,utcai,3 m2,nem,"utca, közterület",,nincs megadva,20 500 Ft/hó,távfűtés egyedi méréssel,van,nincs megadva,"legfelső emelet, nem tetőtéri",részt vett,részben,nem,nem hozható,nem megengedett,12 hónap,azonnal,,62.0,245.0,3952,10,10.0,10.0,3.0,20500.0,,,1980-1999 (késő panel/tégla),503,Bihari utca,,62,62,"Budapest X. kerület, Bihari utca 62.",3,0,3.0,Gyárdűlő,Panel lakás,Lépj kapcsolatba a hirdetővel,,Ingatlaniroda,4,1988.0
35505839,kiado,https://ingatlan.com/35505839,"Kiadó tégla lakás - Budapest X. kerület, Gyógyszergyári utca 10. #35505839",1106,"Budapest X. kerület, Gyógyszergyári utca 10.",Budapest,47.497327,19.139864,3.0,62.0,2026.0,HUF,340000,új építésű,2026,összkomfortos,6,8,van,3 m-nél alacsonyabb,van,igen,külön helyiségben,nincs megadva,udvari,16 m2,nem,teremgarázs hely - bérelhető,30 000 Ft/hó,nincs megadva,nincs megadva,távfűtés,van,nincs megadva,nem tetőtéri,,megegyezés szerint,igen,nem hozható,nem megengedett,nincs megadva,azonnal,,62.0,340.0,5484,6,6.0,8.0,16.0,,,2026.0,2020 után (új építésű),1765,Gyógyszergyári utca,10,,10,"Budapest X. kerület, Gyógyszergyári utca 10.",3,0,3.0,Felsőrákos,Tégla lakás,Lépj kapcsolatba a hirdetővel,,Ingatlaniroda,2,2026.0
35506370,kiado,https://ingatlan.com/35506370,"Kiadó tégla lakás - Budapest X. kerület, Nyitra utca 3. #35506370",1105,"Budapest X. kerület, Nyitra utca 3.",Budapest,47.488088,19.139641,1.0,35.0,,HUF,185000,nincs megadva,nincs megadva,nincs megadva,nincs megadva,nincs megadva,nincs megadva,nincs megadva,nincs megadva,nincs megadva,nincs megadva,nincs megadva,nincs megadva,nincs megadva,nincs megadva,nincs megadva,,nincs megadva,nincs megadva,nincs megadva,nincs megadva,nincs megadva,nincs megadva,,nincs megadva,nincs megadva,nincs megadva,nincs megadva,nincs megadva,nincs megadva,,35.0,185.0,5286,nincs megadva,,,,,,,Nem ismert,282,Nyitra utca,3,,3,"Budapest X. kerület, Nyitra utca 3.",1,0,1.0,Óhegy,Tégla lakás,Lépj kapcsolatba a hirdetővel,,Ingatlaniroda,2,
35507913,kiado,https://ingatlan.com/35507913,"Kiadó panel lakás - Budapest X. kerület, Lavotta utca 13. #35507913",1104,"Budapest X. kerület, Lavotta utca 13.",Budapest,47.476608,19.158719,2.0,53.0,1950.0,HUF,250000,felújított,1950 és 1980 között,összkomfortos,10,10,van,3 m-nél alacsonyabb,van,nincs megadva,külön helyiségben,északkelet,panorámás,4 m2,nincs megadva,"utca, közterület - ingyenes",,nincs megadva,23 300 Ft/hó,távfűtés egyedi méréssel,nincs megadva,nincs megadva,"legfelső emelet, nem tetőtéri",nem vett részt,nem,nincs megadva,nincs megadva,nincs megadva,18 hónap,azonnal,,53.0,250.0,4717,10,10.0,10.0,4.0,23300.0,,,1950-1979 (szocialista modern),1344,Lavotta utca,13,,13,"Budapest X. kerület, Lavotta utca 13.",2,0,2.0,Óhegy,Panel lakás,Lépj kapcsolatba a hirdetővel,,Ingatlaniroda,2,1968.0
35509044,kiado,https://ingatlan.com/35509044,"Kiadó tégla lakás - Budapest X. kerület, Kőér utca #35509044",1103,"Budapest X. kerület, Kőér utca",Budapest,,,1.0,32.0,,HUF,190000,nincs megadva,nincs megadva,nincs megadva,nincs megadva,nincs megadva,nincs megadva,nincs megadva,nincs megadva,nincs megadva,nincs megadva,nincs megadva,nincs megadva,nincs megadva,nincs megadva,nincs megadva,,nincs megadva,nincs megadva,nincs megadva,nincs megadva,nincs megadva,nincs megadva,,nincs megadva,nincs megadva,nincs megadva,nincs megadva,nincs megadva,nincs megadva,,32.0,190.0,5938,nincs megadva,,,,,,,Nem ismert,623,Kőér utca,,,,"Budapest X. kerület, Kőér utca",1,0,1.0,Óhegy,Tégla lakás,Lépj kapcsolatba a hirdetővel,,Ingatlaniroda,2,
35510019,kiado,https://ingatlan.com/35510019,"Kiadó tégla lakás - Budapest X. kerület, Gyógyszergyári utca #35510019",1106,"Budapest X. kerület, Gyógyszergyári utca",Budapest,,,1.0,29.0,2026.0,HUF,190000,új építésű,2026,összkomfortos,3,7,van,3 m-nél alacsonyabb,van,nem,egy helyiségben,nyugat,udvari,7 m2,nem,teremgarázs hely - kötelező kibérelni,20 000 Ft/hó,20 000 Ft/hó,20 000 Ft/hó,házközponti,van - 15 cm,nincs megadva,nem tetőtéri,,részben,igen,nem hozható,nem megengedett,24 hónap,azonnal,,29.0,190.0,6552,3,3.0,7.0,7.0,20000.0,20000.0,2026.0,2020 után (új építésű),1722,Gyógyszergyári utca,,,,"Budapest X. kerület, Gyógyszergyári utca",1,0,1.0,Felsőrákos,Tégla lakás,Lépj kapcsolatba a hirdetővel,,Ingatlaniroda,4,2026.0
35511177,kiado,https://ingatlan.com/35511177,"Kiadó tégla lakás - Budapest X. kerület, Mongol utca #35511177",1105,"Budapest X. kerület, Mongol utca",Budapest,,,1.0,23.0,1981.0,HUF,165000,jó állapotú,1981 és 2000 között,nincs megadva,3,3,nincs,nincs megadva,van,nem,egy helyiségben,északkelet,nincs megadva,nincs megadva,igen,"utca, közterület - ingyenes",,nincs megadva,15 000 Ft/hó,hűtő-fűtő klíma,van,nincs megadva,tetőtéri,,igen,nincs megadva,nem hozható,nem megengedett,nincs megadva,azonnal,,23.0,165.0,7174,3,3.0,3.0,,15000.0,,,1980-1999 (késő panel/tégla),986,Mongol utca,,,,"Budapest X. kerület, Mongol utca",1,0,1.0,Óhegy,Tégla lakás,Lépj kapcsolatba a hirdetővel,,Ingatlaniroda,2,1988.0
35515917,kiado,https://ingatlan.com/35515917,"Kiadó panel lakás - Budapest X. kerület, Noszlopy utca #35515917",1103,"Budapest X. kerület, Noszlopy utca",Budapest,,,3.0,59.0,1981.0,HUF,240000,jó állapotú,1981 és 2000 között,összkomfortos,1,4,nincs megadva,3 m-nél alacsonyabb,nincs megadva,nincs megadva,külön helyiségben,nincs megadva,nincs megadva,nincs megadva,nincs megadva,"utca, közterület - ingyenes",,nincs megadva,nincs megadva,távfűtés egyedi méréssel,nincs megadva,nincs megadva,nem tetőtéri,nincs megadva,részben,igen,nem hozható,nem megengedett,12 hónap,nincs megadva,,59.0,240.0,4068,1,1.0,4.0,,,,,1980-1999 (késő panel/tégla),1905,Noszlopy utca,,59,59,"Budapest X. kerület, Noszlopy utca 59.",3,0,3.0,Óhegy,Panel lakás,Lépj kapcsolatba a hirdetővel,,Ingatlaniroda,2,1988.0
35520137,kiado,https://ingatlan.com/35520137,"Kiadó tégla lakás - Budapest X. kerület, Kőbányai út 43/B #35520137",1101,"Budapest X. kerület, Kőbányai út 43/B",Budapest,47.484724,19.113348,3.0,80.0,2001.0,HUF,400000,újszerű,2001 és 2010 között,nincs megadva,5,5,van,nincs megadva,nincs megadva,nincs megadva,egy helyiségben,nincs megadva,panorámás,80 m2,nincs megadva,teremgarázs hely,,20 000 Ft/hó,37 000 Ft/hó,házközponti egyedi méréssel,van - 5 cm,nincs megadva,"legfelső emelet, nem tetőtéri",,részben,nincs megadva,nincs megadva,nem megengedett,12 hónap,azonnal,,80.0,400.0,5000,5,5.0,5.0,80.0,37000.0,20000.0,,2000-2019 (újszerű),525,Kőbányai út,43/B,,43/B,"Budapest X. kerület, Kőbányai út 43/B.",3,0,3.0,Gyárdűlő,Tégla lakás,Lépj kapcsolatba a hirdetővel,,Ingatlaniroda,2,2005.0
35522250,kiado,https://ingatlan.com/35522250,"Kiadó panel lakás - Budapest X. kerület, Tóvirág utca #35522250",1108,"Budapest X. kerület, Tóvirág utca",Budapest,,,2.0,50.0,,HUF,220000,nincs megadva,nincs megadva,nincs megadva,nincs megadva,nincs megadva,nincs megadva,nincs megadva,nincs megadva,nincs megadva,nincs megadva,nincs megadva,nincs megadva,nincs megadva,nincs megadva,nincs megadva,,nincs megadva,nincs megadva,nincs megadva,nincs megadva,nincs megadva,nincs megadva,nincs megadva,nincs megadva,nincs megadva,nincs megadva,nincs megadva,nincs megadva,nincs megadva,,50.0,220.0,4400,nincs megadva,,,,,,,Nem ismert,683,Tóvirág utca,,,,"Budapest X. kerület, Tóvirág utca",2,0,2.0,Újhegy,Panel lakás,Lépj kapcsolatba a hirdetővel,,Ingatlaniroda,2,
35522867,kiado,https://ingatlan.com/35522867,"Kiadó csúsztatott zsalus - Budapest X. kerület, Szentimrey utca #35522867",1104,"Budapest X. kerület, Szentimrey utca",Budapest,,,2.0,54.0,,HUF,285000,felújított,nincs megadva,nincs megadva,3,3,nincs,nincs megadva,van,nem,külön helyiségben,nincs megadva,nincs megadva,nincs megadva,nincs megadva,"utca, közterület - ingyenes",,nincs megadva,nincs megadva,nincs megadva,nincs megadva,nincs megadva,,,igen,igen,hozható,nincs megadva,6 hónap,azonnal,,54.0,285.0,5278,3,3.0,3.0,,,,,Nem ismert,1301,Szentimrey utca,,,,"Budapest X. kerület, Szentimrey utca",2,0,2.0,Óhegy,Csúsztatott zsalus lakás,Lépj kapcsolatba a hirdetővel,,Ingatlaniroda,2,
35530582,kiado,https://ingatlan.com/35530582,"Kiadó tégla lakás - Budapest X. kerület, Gyógyszergyári utca #35530582",1106,"Budapest X. kerület, Gyógyszergyári utca",Budapest,,,2.0,45.0,,HUF,280000,nincs megadva,nincs megadva,nincs megadva,nincs megadva,nincs megadva,nincs megadva,nincs megadva,nincs megadva,nincs megadva,nincs megadva,nincs megadva,nincs megadva,10 m2,nincs megadva,nincs megadva,,nincs megadva,nincs megadva,nincs megadva,nincs megadva,nincs megadva,nincs megadva,,nincs megadva,nincs megadva,nincs megadva,nincs megadva,nincs megadva,nincs megadva,,45.0,280.0,6222,nincs megadva,,,10.0,,,,Nem ismert,728,Gyógyszergyári utca,,,,"Budapest X. kerület, Gyógyszergyári utca",2,0,2.0,Felsőrákos,Tégla lakás,Lépj kapcsolatba a hirdetővel,,Ingatlaniroda,2,
35531848,kiado,https://ingatlan.com/35531848,"Kiadó tégla lakás - Budapest X. kerület, Kőbánya - Óhegy #35531848",1103,"Budapest X. kerület, Kőbánya - Óhegy",Budapest,,,2.0,52.0,,HUF,200000,jó állapotú,nincs megadva,összkomfortos,félemelet,4,nincs,nincs megadva,nincs,nincs megadva,egy helyiségben,nincs megadva,nincs megadva,4 m2,igen,udvari beálló - benne van az árban,,nincs megadva,6 000 Ft/hó,gázkazán,nincs megadva,nincs megadva,nem tetőtéri,,részben,igen,nem hozható,nem megengedett,12 hónap,azonnal,,52.0,200.0,3846,félemelet,0.5,4.0,4.0,6000.0,,,Nem ismert,542,Kőbánya - Óhegy,,,,"Budapest X. kerület, Kőbánya - Óhegy",2,0,2.0,Óhegy,Tégla lakás,Lépj kapcsolatba a hirdetővel,,Ingatlaniroda,4,
35534558,kiado,https://ingatlan.com/35534558,"Kiadó tégla lakás - Budapest X. kerület, Népliget #35534558",1101,"Budapest X. kerület, Népliget",Budapest,,,3.0,72.0,2011.0,HUF,300000,jó állapotú,2011,nincs megadva,3,nincs megadva,van,nincs megadva,van,igen,külön helyiségben,nincs megadva,nincs megadva,16 m2,nincs megadva,udvari beálló - bérelhető,20 000 Ft/hó,nincs megadva,nincs megadva,házközponti egyedi méréssel,nincs megadva,nincs megadva,nincs megadva,,nincs megadva,nincs megadva,nincs megadva,nincs megadva,14 hónap,azonnal,,72.0,300.0,4167,3,3.0,,16.0,,,2011.0,2000-2019 (újszerű),773,Népliget,,,,"Budapest X. kerület, Népliget",3,0,3.0,Kőbánya egyéb,Tégla lakás,Lépj kapcsolatba a hirdetővel,,Ingatlaniroda,4,2011.0
35534971,kiado,https://ingatlan.com/35534971,"Kiadó panel lakás - Budapest X. kerület, Gyakorló utca 18. #35534971",1106,"Budapest X. kerület, Gyakorló utca 18.",Budapest,47.502165,19.144154,2.0,35.0,1950.0,HUF,220000,felújított,1950 és 1980 között,összkomfortos,5,10,van,3 m-nél alacsonyabb,nincs,nem,egy helyiségben,délnyugat,utcai,4 m2,nem,"utca, közterület - fizetős övezet",,nincs megadva,12 950 Ft/hó,távfűtés,van - 15 cm,D,nem tetőtéri,részt vett,részben,igen,nem hozható,nem megengedett,12 hónap,azonnal,,35.0,220.0,6286,5,5.0,10.0,4.0,12950.0,,,1950-1979 (szocialista modern),1691,Gyakorló utca,18,,18,"Budapest X. kerület, Gyakorló utca 18.",2,0,2.0,Felsőrákos,Panel lakás,Lépj kapcsolatba a hirdetővel,,Ingatlaniroda,2,1968.0
35534992,kiado,https://ingatlan.com/35534992,"Kiadó tégla lakás - Budapest X. kerület, Szárnyas utca #35534992",1107,"Budapest X. kerület, Szárnyas utca",Budapest,,,1.0,30.0,,HUF,280000,felújított,nincs megadva,nincs megadva,2,nincs megadva,nincs,nincs megadva,van,nincs megadva,nincs megadva,nincs megadva,nincs megadva,2 m2,nincs megadva,"utca, közterület",,nincs megadva,10 200 Ft/hó,hűtő-fűtő klíma,nincs megadva,nincs megadva,nincs megadva,,igen,igen,nem hozható,nem megengedett,12 hónap,azonnal,,30.0,280.0,9333,2,2.0,,2.0,10200.0,,,Nem ismert,1234,Szárnyas utca,,,,"Budapest X. kerület, Szárnyas utca",1,0,1.0,Gyárdűlő,Tégla lakás,Lépj kapcsolatba a hirdetővel,,Ingatlaniroda,2,
35535378,kiado,https://ingatlan.com/35535378,"Kiadó tégla lakás - Budapest X. kerület, Gyógyszergyári utca #35535378",1106,"Budapest X. kerület, Gyógyszergyári utca",Budapest,,,2.0,43.0,2026.0,HUF,260000,új építésű,2026,összkomfortos,6,8,van,nincs megadva,van,nincs megadva,egy helyiségben,kelet,udvari,11 m2,nem,teremgarázs hely - kötelező kibérelni,30 000 Ft/hó,20 000 Ft/hó,20 000 Ft/hó,távfűtés,van,nincs megadva,nem tetőtéri,,nem,igen,nem hozható,nem megengedett,12 hónap,azonnal,,43.0,260.0,6047,6,6.0,8.0,11.0,20000.0,20000.0,2026.0,2020 után (új építésű),1451,Gyógyszergyári utca,,,,"Budapest X. kerület, Gyógyszergyári utca",2,0,2.0,Felsőrákos,Tégla lakás,Lépj kapcsolatba a hirdetővel,,Ingatlaniroda,2,2026.0
35536077,kiado,https://ingatlan.com/35536077,"Kiadó tégla lakás - Budapest X. kerület, Üllői út #35536077",1101,"Budapest X. kerület, Üllői út",Budapest,,,3.0,73.0,1950.0,HUF,278000,felújított,1950 és 1980 között,összkomfortos,földszint,5,nincs megadva,3 m-nél alacsonyabb,nincs,nem,külön helyiségben,nincs megadva,nincs megadva,nincs megadva,nem,"utca, közterület - fizetős övezet",,nincs megadva,23 000 Ft/hó,távfűtés,nincs megadva,nincs megadva,nincs megadva,,megegyezés szerint,igen,nem hozható,nem megengedett,12 hónap,azonnal,,73.0,278.0,3808,földszint,0.0,5.0,,23000.0,,,1950-1979 (szocialista modern),2030,Üllői út,,,,"Budapest X. kerület, Üllői út",3,0,3.0,Gyárdűlő,Tégla lakás,Lépj kapcsolatba a hirdetővel,,Ingatlaniroda,2,1968.0
35536112,kiado,https://ingatlan.com/35536112,"Kiadó tégla lakás - Budapest X. kerület, Üllői út #35536112",1101,"Budapest X. kerület, Üllői út",Budapest,,,3.0,73.0,1950.0,HUF,278000,felújított,1950 és 1980 között,összkomfortos,földszint,nincs megadva,nincs megadva,nincs megadva,nincs,nem,külön helyiségben,nincs megadva,nincs megadva,nincs megadva,nincs megadva,"utca, közterület",,nincs megadva,23 000 Ft/hó,távfűtés,van,nincs megadva,nincs megadva,,nincs megadva,igen,nem hozható,nem megengedett,12 hónap,azonnal,,73.0,278.0,3808,földszint,0.0,,,23000.0,,,1950-1979 (szocialista modern),2179,Üllői út,,,,"Budapest X. kerület, Üllői út",3,0,3.0,Gyárdűlő,Tégla lakás,Lépj kapcsolatba a hirdetővel,,Ingatlaniroda,2,1968.0
35537776,kiado,https://ingatlan.com/35537776,"Kiadó tégla lakás - Budapest X. kerület, Gyógyszergyári utca #35537776",1106,"Budapest X. kerület, Gyógyszergyári utca",Budapest,,,1.0,30.0,,HUF,190000,nincs megadva,nincs megadva,nincs megadva,nincs megadva,nincs megadva,nincs megadva,nincs megadva,nincs megadva,nincs megadva,nincs megadva,nincs megadva,nincs megadva,6 m2,nincs megadva,nincs megadva,,nincs megadva,nincs megadva,nincs megadva,nincs megadva,nincs megadva,nincs megadva,,nincs megadva,nincs megadva,nincs megadva,nincs megadva,nincs megadva,nincs megadva,,30.0,190.0,6333,nincs megadva,,,6.0,,,,Nem ismert,525,Gyógyszergyári utca,,,,"Budapest X. kerület, Gyógyszergyári utca",1,0,1.0,Felsőrákos,Tégla lakás,Lépj kapcsolatba a hirdetővel,,Ingatlaniroda,2,
35538249,kiado,https://ingatlan.com/35538249,"Kiadó tégla lakás - Budapest X. kerület, Gyógyszergyári utca 6. #35538249",1106,"Budapest X. kerület, Gyógyszergyári utca 6.",Budapest,47.497833,19.141041,2.0,43.0,2026.0,HUF,260000,új építésű,2026,nincs megadva,6,8,van,3 m-nél alacsonyabb,van,nincs megadva,nincs megadva,nyugat,nincs megadva,11 m2,nincs megadva,teremgarázs hely - bérelhető,30 000 Ft/hó,nincs megadva,nincs megadva,távfűtés,nincs megadva,nincs megadva,nem tetőtéri,,részben,nincs megadva,nem hozható,nem megengedett,12 hónap,azonnal,,43.0,260.0,6047,6,6.0,8.0,11.0,,,2026.0,2020 után (új építésű),1128,Gyógyszergyári utca,6,,6,"Budapest X. kerület, Gyógyszergyári utca 6.",2,0,2.0,Felsőrákos,Tégla lakás,Lépj kapcsolatba a hirdetővel,,Ingatlaniroda,2,2026.0
35539920,kiado,https://ingatlan.com/35539920,"Kiadó tégla lakás - Budapest X. kerület, Somfa utca 4-6. #35539920",1107,"Budapest X. kerület, Somfa utca 4-6.",Budapest,47.473288,19.119065,3.0,73.0,2001.0,HUF,390000,újszerű,2001 és 2010 között,összkomfortos,4,5,van,3 m-nél alacsonyabb,van,igen,külön helyiségben,nincs megadva,udvari,9 m2,nincs megadva,teremgarázs hely - bérelhető,30 000 Ft/hó,nincs megadva,31 480 Ft/hó,házközponti egyedi méréssel,van,nincs megadva,nincs megadva,,igen,igen,nem hozható,nem megengedett,12 hónap,azonnal,,73.0,390.0,5342,4,4.0,5.0,9.0,31480.0,,,2000-2019 (újszerű),686,Somfa utca,4-6,4-6,4-6,"Budapest X. kerület, Somfa utca 4-6.",3,0,3.0,Gyárdűlő,Tégla lakás,Lépj kapcsolatba a hirdetővel,,Ingatlaniroda,4,2005.0
35540548,kiado,https://ingatlan.com/35540548,"Kiadó tégla lakás - Budapest X. kerület, Csilla utca #35540548",1101,"Budapest X. kerület, Csilla utca",Budapest,,,1.0,38.0,,HUF,250000,felújított,nincs megadva,duplakomfortos,2,4,nincs megadva,3 m-nél alacsonyabb,nincs megadva,nem,külön helyiségben,nincs megadva,kertre néz,nincs megadva,nem,nincs megadva,,nincs megadva,nincs megadva,gáz (konvektor),nincs megadva,nincs megadva,nem tetőtéri,,megegyezés szerint,igen,hozható,nem megengedett,12 hónap,2026. november,,38.0,250.0,6579,2,2.0,4.0,,,,,Nem ismert,1428,Csilla utca,,,,"Budapest X. kerület, Csilla utca",1,0,1.0,Laposdűlő,Tégla lakás,Lépj kapcsolatba a hirdetővel,,Ingatlaniroda,2,
35541519,kiado,https://ingatlan.com/35541519,"Kiadó tégla lakás - Budapest X. kerület, Nyitra utca #35541519",1105,"Budapest X. kerület, Nyitra utca",Budapest,,,2.0,40.0,,HUF,220000,felújított,nincs megadva,összkomfortos,1,2,nincs,nincs megadva,nincs,nincs megadva,egy helyiségben,nincs megadva,udvari,nincs megadva,igen,"utca, közterület - ingyenes",,nincs megadva,nincs megadva,gáz (konvektor),nincs megadva,nincs megadva,nincs megadva,,igen,igen,nem hozható,nem megengedett,12 hónap,azonnal,,40.0,220.0,5500,1,1.0,2.0,,,,,Nem ismert,1443,Nyitra utca,,,,"Budapest X. kerület, Nyitra utca",2,0,2.0,Óhegy,Tégla lakás,Lépj kapcsolatba a hirdetővel,,Ingatlaniroda,4,
35543085,kiado,https://ingatlan.com/35543085,"Kiadó panel lakás - Budapest X. kerület, Gyakorló utca #35543085",1106,"Budapest X. kerület, Gyakorló utca",Budapest,,,2.0,35.0,,HUF,200000,felújított,nincs megadva,nincs megadva,9,10,van,3 m-nél alacsonyabb,nincs,nincs megadva,egy helyiségben,dél,panorámás,4 m2,nem,"utca, közterület",,nincs megadva,12 950 Ft/hó,távfűtés,van - 10 cm,nincs megadva,nem tetőtéri,részt vett,részben,igen,nem hozható,nem megengedett,nincs megadva,azonnal,,35.0,200.0,5714,9,9.0,10.0,4.0,12950.0,,,Nem ismert,1479,Gyakorló utca,,,,"Budapest X. kerület, Gyakorló utca",2,0,2.0,Felsőrákos,Panel lakás,Lépj kapcsolatba a hirdetővel,,Ingatlaniroda,3,
35543267,kiado,https://ingatlan.com/35543267,"Kiadó tégla lakás - Budapest X. kerület, Gyógyszergyári utca 8. #35543267",1106,"Budapest X. kerület, Gyógyszergyári utca 8.",Budapest,47.49801,19.142693,2.0,43.0,,HUF,230000,új építésű,nincs megadva,nincs megadva,5,7,van,nincs megadva,van,nincs megadva,egy helyiségben,nincs megadva,udvari,11 m2,nem,teremgarázs hely,,nincs megadva,nincs megadva,távfűtés egyedi méréssel,nincs megadva,A+,nem tetőtéri,,megegyezés szerint,igen,hozható,nem megengedett,12 hónap,azonnal,,43.0,230.0,5349,5,5.0,7.0,11.0,,,,2020 után (új építésű),2498,Gyógyszergyári utca,8,,8,"Budapest X. kerület, Gyógyszergyári utca 8.",2,0,2.0,Felsőrákos,Tégla lakás,Lépj kapcsolatba a hirdetővel,,Ingatlaniroda,2,2024.0
35543977,kiado,https://ingatlan.com/35543977,"Kiadó panel lakás - Budapest X. kerület, Kőbányai út 54. #35543977",1101,"Budapest X. kerület, Kőbányai út 54.",Budapest,47.48338,19.124302,2.0,50.0,1981.0,HUF,250000,felújított,1981 és 2000 között,összkomfortos,3,4,nincs,nincs megadva,van,nincs megadva,külön helyiségben,dél,panorámás,4 m2,nincs megadva,"utca, közterület - ingyenes",,nincs megadva,nincs megadva,házközponti,nincs megadva,nincs megadva,nem tetőtéri,nincs megadva,nem,nincs megadva,nem hozható,nem megengedett,12 hónap,azonnal,,50.0,250.0,5000,3,3.0,4.0,4.0,,,,1980-1999 (késő panel/tégla),1063,Kőbányai út,54,,54,"Budapest X. kerület, Kőbányai út 54.",2,0,2.0,Laposdűlő,Panel lakás,Lépj kapcsolatba a hirdetővel,,Ingatlaniroda,2,1988.0
35544934,kiado,https://ingatlan.com/35544934,"Kiadó tégla lakás - Budapest X. kerület, Liget utca #35544934",1102,"Budapest X. kerület, Liget utca",Budapest,,,1.0,35.0,,HUF,190000,nincs megadva,nincs megadva,nincs megadva,nincs megadva,nincs megadva,nincs megadva,nincs megadva,nincs megadva,nincs megadva,nincs megadva,nincs megadva,nincs megadva,nincs megadva,nincs megadva,nincs megadva,,nincs megadva,nincs megadva,nincs megadva,nincs megadva,nincs megadva,nincs megadva,,nincs megadva,nincs megadva,nincs megadva,nincs megadva,nincs megadva,nincs megadva,,35.0,190.0,5429,nincs megadva,,,,,,,Nem ismert,1307,Liget utca,,,,"Budapest X. kerület, Liget utca",1,0,1.0,Ligettelek,Tégla lakás,Lépj kapcsolatba a hirdetővel,,Ingatlaniroda,2,
35547637,kiado,https://ingatlan.com/35547637,"Kiadó tégla lakás - Budapest X. kerület, Gyógyszergyári utca 10. #35547637",1106,"Budapest X. kerület, Gyógyszergyári utca 10.",Budapest,47.497327,19.139864,1.0,27.0,2026.0,HUF,230000,új építésű,2026,nincs megadva,7,8,van,nincs megadva,van,nem,egy helyiségben,nincs megadva,udvari,6 m2,nem,nincs megadva,,nincs megadva,nincs megadva,távfűtés egyedi méréssel,nincs megadva,nincs megadva,nem tetőtéri,,nem,nincs megadva,nem hozható,nem megengedett,12 hónap,azonnal,,27.0,230.0,8519,7,7.0,8.0,6.0,,,2026.0,2020 után (új építésű),403,Gyógyszergyári utca,10,,10,"Budapest X. kerület, Gyógyszergyári utca 10.",1,0,1.0,Felsőrákos,Tégla lakás,Lépj kapcsolatba a hirdetővel,,Ingatlaniroda,2,2026.0
35548944,kiado,https://ingatlan.com/35548944,"Kiadó tégla lakás - Budapest X. kerület, Gyógyszergyári utca 6. #35548944",1106,"Budapest X. kerület, Gyógyszergyári utca 6.",Budapest,47.497833,19.141041,2.0,43.0,2026.0,HUF,280000,új építésű,2026,komfortos,3,8,van,3 m-nél alacsonyabb,van,igen,egy helyiségben,nincs megadva,utcai,10 m2,nem,teremgarázs hely - benne van az árban,,4 000 Ft/hó,59 000 Ft/hó,"házközponti egyedi méréssel, hűtő-fűtő klíma",van - 15 cm,A+,nem tetőtéri,,igen,igen,nem hozható,nem megengedett,12 hónap,azonnal,,43.0,280.0,6512,3,3.0,8.0,10.0,59000.0,4000.0,2026.0,2020 után (új építésű),910,Gyógyszergyári utca,6,,6,"Budapest X. kerület, Gyógyszergyári utca 6.",2,0,2.0,Felsőrákos,Tégla lakás,Lépj kapcsolatba a hirdetővel,,Ingatlaniroda,4,2026.0
35549280,kiado,https://ingatlan.com/35549280,"Kiadó tégla lakás - Budapest X. kerület, Üllői út 138. #35549280",1101,"Budapest X. kerület, Üllői út 138.",Budapest,47.467062,19.122559,2.0,56.0,1950.0,HUF,220000,jó állapotú,1950 és 1980 között,összkomfortos,4,5,van,nincs megadva,van,nem,külön helyiségben,nincs megadva,utcai,3 m2,nem,"utca, közterület - fizetős övezet",,35 000 Ft/hó,18 000 Ft/hó,távfűtés,nincs megadva,nincs megadva,nem tetőtéri,,igen,igen,nincs megadva,nem megengedett,nincs megadva,nincs megadva,,56.0,220.0,3929,4,4.0,5.0,3.0,18000.0,35000.0,,1950-1979 (szocialista modern),1545,Üllői út,138,,138,"Budapest X. kerület, Üllői út 138.",2,0,2.0,Gyárdűlő,Tégla lakás,Lépj kapcsolatba a hirdetővel,,Ingatlaniroda,2,1968.0
35552038,kiado,https://ingatlan.com/35552038,"Kiadó tégla lakás - Budapest X. kerület, Somfa utca #35552038",1107,"Budapest X. kerület, Somfa utca",Budapest,,,2.0,45.0,2001.0,HUF,240000,újszerű,2001 és 2010 között,összkomfortos,5,5,van,3 m-nél alacsonyabb,van,nincs megadva,külön helyiségben,nincs megadva,utcai,6 m2,nincs megadva,"utca, közterület - ingyenes",,nincs megadva,nincs megadva,házközponti egyedi méréssel,nincs megadva,nincs megadva,nincs megadva,,igen,igen,nem hozható,nem megengedett,12 hónap,azonnal,,45.0,240.0,5333,5,5.0,5.0,6.0,,,,2000-2019 (újszerű),569,Somfa utca,,45,45,"Budapest X. kerület, Somfa utca 45.",2,0,2.0,Gyárdűlő,Tégla lakás,Lépj kapcsolatba a hirdetővel,,Ingatlaniroda,4,2005.0
35552096,kiado,https://ingatlan.com/35552096,"Kiadó tégla lakás - Budapest X. kerület, Gyógyszergyári utca #35552096",1106,"Budapest X. kerület, Gyógyszergyári utca",Budapest,,,3.0,62.0,2026.0,HUF,340000,új építésű,2026,összkomfortos,1,7,van,3 m-nél alacsonyabb,van,igen,külön helyiségben,dél,kertre néz,16 m2,nem,"utca, közterület - ingyenes",,60 000 Ft/hó,nincs megadva,"távfűtés egyedi méréssel, padlófűtés",van - 20 cm,nincs megadva,nem tetőtéri,,igen,igen,nem hozható,nem megengedett,12 hónap,nincs megadva,,62.0,340.0,5484,1,1.0,7.0,16.0,,60000.0,2026.0,2020 után (új építésű),1278,Gyógyszergyári utca,,62,62,"Budapest X. kerület, Gyógyszergyári utca 62.",3,0,3.0,Felsőrákos,Tégla lakás,Lépj kapcsolatba a hirdetővel,,Ingatlaniroda,4,2026.0
35552271,kiado,https://ingatlan.com/35552271,"Kiadó tégla lakás - Budapest X. kerület, Kőbányai út #35552271",1101,"Budapest X. kerület, Kőbányai út",Budapest,,,3.0,80.0,2001.0,HUF,400000,újszerű,2001 és 2010 között,luxus,5,6,van,nincs megadva,van,nem,egy helyiségben,nincs megadva,panorámás,80 m2,nincs megadva,teremgarázs hely,,20 000 Ft/hó,37 Ft/hó,házközponti egyedi méréssel,nincs megadva,nincs megadva,penthouse,,nincs megadva,igen,nincs megadva,nem megengedett,12 hónap,azonnal,,80.0,400.0,5000,5,5.0,6.0,80.0,37.0,20000.0,,2000-2019 (újszerű),474,Kőbányai út,,,,"Budapest X. kerület, Kőbányai út",3,0,3.0,Gyárdűlő,Tégla lakás,Lépj kapcsolatba a hirdetővel,,Ingatlaniroda,4,2005.0
35555285,kiado,https://ingatlan.com/35555285,"Kiadó panel lakás - Budapest X. kerület, Gyógyszergyári utca 8. #35555285",1106,"Budapest X. kerület, Gyógyszergyári utca 8.",Budapest,47.49801,19.142693,2.0,43.0,2026.0,HUF,260000,új építésű,2026,nincs megadva,nincs megadva,nincs megadva,van,nincs megadva,nincs megadva,nincs megadva,egy helyiségben,nincs megadva,panorámás,11 m2,nincs megadva,teremgarázs hely,,nincs megadva,nincs megadva,"házközponti egyedi méréssel, padlófűtés",van,nincs megadva,nincs megadva,nincs megadva,részben,nincs megadva,nem hozható,nincs megadva,nincs megadva,nincs megadva,,43.0,260.0,6047,nincs megadva,,,11.0,,,2026.0,2020 után (új építésű),369,Gyógyszergyári utca,8,,8,"Budapest X. kerület, Gyógyszergyári utca 8.",2,0,2.0,Felsőrákos,Panel lakás,Lépj kapcsolatba a hirdetővel,,Ingatlaniroda,4,2026.0
35555608,kiado,https://ingatlan.com/35555608,"Kiadó tégla lakás - Budapest X. kerület, Kada utca #35555608",1106,"Budapest X. kerület, Kada utca",Budapest,,,2.0,50.0,,HUF,225000,nincs megadva,nincs megadva,nincs megadva,nincs megadva,nincs megadva,nincs megadva,nincs megadva,nincs megadva,nincs megadva,nincs megadva,nincs megadva,nincs megadva,nincs megadva,nincs megadva,nincs megadva,,nincs megadva,nincs megadva,nincs megadva,nincs megadva,nincs megadva,nincs megadva,,nincs megadva,nincs megadva,nincs megadva,nincs megadva,nincs megadva,nincs megadva,,50.0,225.0,4500,nincs megadva,,,,,,,Nem ismert,990,Kada utca,,,,"Budapest X. kerület, Kada utca",2,0,2.0,Óhegy,Tégla lakás,Lépj kapcsolatba a hirdetővel,,Ingatlaniroda,2,
35556202,kiado,https://ingatlan.com/35556202,"Kiadó panel lakás - Budapest X. kerület, Mélytó utca #35556202",1108,"Budapest X. kerület, Mélytó utca",Budapest,,,3.0,68.0,,HUF,340000,nincs megadva,nincs megadva,nincs megadva,nincs megadva,nincs megadva,nincs megadva,nincs megadva,nincs megadva,nincs megadva,nincs megadva,nincs megadva,nincs megadva,4 m2,nincs megadva,nincs megadva,,nincs megadva,nincs megadva,nincs megadva,nincs megadva,nincs megadva,nincs megadva,nincs megadva,nincs megadva,nincs megadva,nincs megadva,nincs megadva,nincs megadva,nincs megadva,,68.0,340.0,5000,nincs megadva,,,4.0,,,,Nem ismert,1315,Mélytó utca,,,,"Budapest X. kerület, Mélytó utca",3,0,3.0,Újhegy,Panel lakás,Lépj kapcsolatba a hirdetővel,,Ingatlaniroda,4,
35556406,kiado,https://ingatlan.com/35556406,"Kiadó tégla lakás - Budapest X. kerület, Újhegyi út #35556406",1108,"Budapest X. kerület, Újhegyi út",Budapest,,,2.0,45.0,2001.0,HUF,245000,újszerű,2001 és 2010 között,összkomfortos,3,5,van,nincs megadva,van,igen,egy helyiségben,nincs megadva,udvari,nincs megadva,nem,udvari beálló - benne van az árban,,nincs megadva,nincs megadva,házközponti egyedi méréssel,van - 5 cm,nincs megadva,nem tetőtéri,,igen,igen,nem hozható,nem megengedett,12 hónap,azonnal,,45.0,245.0,5444,3,3.0,5.0,,,,,2000-2019 (újszerű),2140,Újhegyi út,,,,"Budapest X. kerület, Újhegyi út",2,0,2.0,Újhegy,Tégla lakás,Lépj kapcsolatba a hirdetővel,,Ingatlaniroda,2,2005.0
35558197,kiado,https://ingatlan.com/35558197,"Kiadó csúsztatott zsalus - Budapest X. kerület, Kőrösi Csoma Sándor út #35558197",1102,"Budapest X. kerület, Kőrösi Csoma Sándor út",Budapest,,,3.0,52.0,,HUF,250000,jó állapotú,nincs megadva,összkomfortos,4,10,van,nincs megadva,van,nincs megadva,külön helyiségben,nincs megadva,kertre néz,6 m2,nincs megadva,"utca, közterület - ingyenes",,15 000 Ft/hó,9 000 Ft/hó,távfűtés egyedi méréssel,nincs megadva,nincs megadva,,,igen,igen,nem hozható,megengedett,12 hónap,azonnal,,52.0,250.0,4808,4,4.0,10.0,6.0,9000.0,15000.0,,Nem ismert,2689,Kőrösi Csoma Sándor út,,,,"Budapest X. kerület, Kőrösi Csoma Sándor út",3,0,3.0,Kőbánya-Városközpont,Csúsztatott zsalus lakás,Lépj kapcsolatba a hirdetővel,,Ingatlaniroda,2,
35558628,kiado,https://ingatlan.com/35558628,"Kiadó tégla lakás - Budapest X. kerület, Gém utca #35558628",1107,"Budapest X. kerület, Gém utca",Budapest,,,2.0,41.0,2020.0,HUF,269000,újszerű,2020,nincs megadva,4,nincs megadva,van,nincs megadva,nincs megadva,igen,külön helyiségben,nincs megadva,nincs megadva,7 m2,nincs megadva,"utca, közterület - ingyenes",,13 000 Ft/hó,22 494 Ft/hó,házközponti,van,nincs megadva,nem tetőtéri,,igen,igen,nem hozható,nem megengedett,12 hónap,azonnal,,41.0,269.0,6561,4,4.0,,7.0,22494.0,13000.0,2020.0,2020 után (új építésű),1885,Gém utca,,,,"Budapest X. kerület, Gém utca",2,0,2.0,Gyárdűlő,Tégla lakás,Lépj kapcsolatba a hirdetővel,,Ingatlaniroda,2,2020.0
35558980,kiado,https://ingatlan.com/35558980,"Kiadó tégla lakás - Budapest X. kerület, Gyógyszergyári utca #35558980",1106,"Budapest X. kerület, Gyógyszergyári utca",Budapest,,,2.0,54.0,2026.0,HUF,270000,új építésű,2026,összkomfortos,3,7,van,3 m-nél alacsonyabb,van,nincs megadva,külön helyiségben,kelet,udvari,13 m2,nem,teremgarázs hely - bérelhető,30 000 Ft/hó,nincs megadva,nincs megadva,"távfűtés, hűtő-fűtő klíma",van,A+,nem tetőtéri,,megegyezés szerint,igen,nem hozható,nem megengedett,12 hónap,2026. október,,54.0,270.0,5000,3,3.0,7.0,13.0,,,2026.0,2020 után (új építésű),937,Gyógyszergyári utca,,,,"Budapest X. kerület, Gyógyszergyári utca",2,0,2.0,Felsőrákos,Tégla lakás,Lépj kapcsolatba a hirdetővel,,Ingatlaniroda,4,2026.0
35559253,kiado,https://ingatlan.com/35559253,"Kiadó tégla lakás - Budapest X. kerület, Cserkesz utca #35559253",1105,"Budapest X. kerület, Cserkesz utca",Budapest,,,1.0,35.0,2022.0,HUF,200000,újszerű,2022,összkomfortos,3,4,van,3 m-nél alacsonyabb,van,nem,külön helyiségben,nincs megadva,utcai,6 m2,nem,udvari beálló - benne van az árban,,nincs megadva,10 720 Ft/hó,"távfűtés egyedi méréssel, padlófűtés",van,nincs megadva,nem tetőtéri,,igen,igen,nem hozható,nem megengedett,nincs megadva,nincs megadva,,35.0,200.0,5714,3,3.0,4.0,6.0,10720.0,,2022.0,2020 után (új építésű),132,Cserkesz utca,,,,"Budapest X. kerület, Cserkesz utca",1,0,1.0,Kőbánya-Városközpont,Tégla lakás,Lépj kapcsolatba a hirdetővel,,Ingatlaniroda,4,2022.0
35559275,kiado,https://ingatlan.com/35559275,"Kiadó tégla lakás - Budapest X. kerület, Kőrösi Csoma sétány #35559275",1102,"Budapest X. kerület, Kőrösi Csoma sétány",Budapest,,,1.0,38.0,,HUF,180000,jó állapotú,nincs megadva,összkomfortos,3,4,van,3 m-nél alacsonyabb,nincs,nincs megadva,egy helyiségben,nincs megadva,udvari,3 m2,nem,"utca, közterület",,nincs megadva,5 000 Ft/hó,távfűtés,nincs megadva,nincs megadva,nem tetőtéri,,igen,igen,hozható,nem megengedett,12 hónap,azonnal,,38.0,180.0,4737,3,3.0,4.0,3.0,5000.0,,,Nem ismert,440,Kőrösi Csoma sétány,,38,38,"Budapest X. kerület, Kőrösi Csoma sétány 38.",1,0,1.0,Kőbánya-Városközpont,Tégla lakás,Lépj kapcsolatba a hirdetővel,,Ingatlaniroda,4,
35561253,kiado,https://ingatlan.com/35561253,"Kiadó panel lakás - Budapest XIX. kerület, Lehel utca #35561253",1191,"Budapest XIX. kerület, Lehel utca",Budapest,,,3.0,59.0,,HUF,250000,jó állapotú,nincs megadva,összkomfortos,6,több mint 10,van,3 m-nél alacsonyabb,nincs megadva,nincs megadva,külön helyiségben,nincs megadva,kertre néz,nincs megadva,nem,udvari beálló - benne van az árban,,nincs megadva,nincs megadva,házközponti,nincs megadva,nincs megadva,nem tetőtéri,nincs megadva,nem,igen,nem hozható,nem megengedett,nincs megadva,azonnal,,59.0,250.0,4237,6,6.0,10.0,,,,,Nem ismert,1708,"Budapest XIX. kerület, Lehel utca",,,,"Budapest X. kerület, Budapest XIX. kerület, Lehel utca",3,0,3.0,Kőbánya egyéb,Panel lakás,Lépj kapcsolatba a hirdetővel,,Ingatlaniroda,4,
35561748,kiado,https://ingatlan.com/35561748,"Kiadó tégla lakás - Budapest X. kerület, Gyógyszergyári utca #35561748",1106,"Budapest X. kerület, Gyógyszergyári utca",Budapest,,,3.0,65.0,2026.0,HUF,350000,új építésű,2026,összkomfortos,6,7,van,3 m-nél alacsonyabb,van,igen,külön helyiségben,nincs megadva,utcai,16 m2,nem,teremgarázs hely - bérelhető,30 000 Ft/hó,10 000 Ft/hó,31 000 Ft/hó,"házközponti egyedi méréssel, padlófűtés",van,nincs megadva,nem tetőtéri,,nem,igen,nem hozható,nincs megadva,12 hónap,azonnal,,65.0,350.0,5385,6,6.0,7.0,16.0,31000.0,10000.0,2026.0,2020 után (új építésű),1014,Gyógyszergyári utca,,3,3,"Budapest X. kerület, Gyógyszergyári utca 3.",3,0,3.0,Felsőrákos,Tégla lakás,Lépj kapcsolatba a hirdetővel,,Ingatlaniroda,4,2026.0
35561976,kiado,https://ingatlan.com/35561976,"Kiadó panel lakás - Budapest X. kerület, Gyakorló utca #35561976",1106,"Budapest X. kerület, Gyakorló utca",Budapest,,,1.0,27.0,,HUF,240000,felújított,nincs megadva,összkomfortos,2,10,van,nincs megadva,van,nincs megadva,egy helyiségben,kelet,nincs megadva,3 m2,nincs megadva,"utca, közterület",,25 000 Ft/hó,nincs megadva,távfűtés,nincs megadva,nincs megadva,nincs megadva,nincs megadva,igen,nincs megadva,nem hozható,nem megengedett,12 hónap,azonnal,,27.0,240.0,8889,2,2.0,10.0,3.0,,25000.0,,Nem ismert,728,Gyakorló utca,,,,"Budapest X. kerület, Gyakorló utca",1,0,1.0,Felsőrákos,Panel lakás,Lépj kapcsolatba a hirdetővel,,Ingatlaniroda,2,
35562340,kiado,https://ingatlan.com/35562340,"Kiadó panel lakás - Budapest X. kerület, Harmat utca #35562340",1108,"Budapest X. kerület, Harmat utca",Budapest,,,2.0,50.0,,HUF,220000,felújított,nincs megadva,összkomfortos,1,nincs megadva,van,3 m-nél alacsonyabb,nincs,igen,külön helyiségben,délkelet,utcai,4 m2,nem,"utca, közterület - ingyenes",,nincs megadva,12 000 Ft/hó,távfűtés,nincs,D,nem tetőtéri,nem vett részt,nincs megadva,igen,nem hozható,nem megengedett,12 hónap,nincs megadva,,50.0,220.0,4400,1,1.0,,4.0,12000.0,,,Nem ismert,162,Harmat utca,,,,"Budapest X. kerület, Harmat utca",2,0,2.0,Újhegy,Panel lakás,Lépj kapcsolatba a hirdetővel,,Ingatlaniroda,2,
35562646,kiado,https://ingatlan.com/35562646,"Kiadó panel lakás - Budapest X. kerület, Gyakorló utca #35562646",1106,"Budapest X. kerület, Gyakorló utca",Budapest,,,2.0,35.0,,HUF,180000,újszerű,nincs megadva,nincs megadva,3,10,van,3 m-nél alacsonyabb,nincs,nincs megadva,egy helyiségben,nincs megadva,nincs megadva,nincs megadva,nem,"utca, közterület - ingyenes",,25 000 Ft/hó,12 000 Ft/hó,távfűtés,nincs megadva,nincs megadva,nem tetőtéri,részt vett,részben,nincs megadva,nem hozható,nem megengedett,nincs megadva,azonnal,,35.0,180.0,5143,3,3.0,10.0,,12000.0,25000.0,,Nem ismert,1313,Gyakorló utca,,,,"Budapest X. kerület, Gyakorló utca",2,0,2.0,Felsőrákos,Panel lakás,Lépj kapcsolatba a hirdetővel,,Ingatlaniroda,2,
35565867,kiado,https://ingatlan.com/35565867,"Kiadó tégla lakás - Budapest X. kerület, Gyógyszergyári utca #35565867",1106,"Budapest X. kerület, Gyógyszergyári utca",Budapest,,,2.0,53.0,2026.0,HUF,290000,új építésű,2026,nincs megadva,5,5,van,nincs megadva,van,igen,külön helyiségben,nincs megadva,nincs megadva,14 m2,nincs megadva,teremgarázs hely - bérelhető,40 000 Ft/hó,nincs megadva,nincs megadva,hőszivattyú,van,A+++,nincs megadva,,igen,nincs megadva,nincs megadva,nem megengedett,12 hónap,azonnal,,53.0,290.0,5472,5,5.0,5.0,14.0,,,2026.0,2020 után (új építésű),884,Gyógyszergyári utca,,,,"Budapest X. kerület, Gyógyszergyári utca",2,0,2.0,Felsőrákos,Tégla lakás,Lépj kapcsolatba a hirdetővel,,Ingatlaniroda,2,2026.0
35566125,kiado,https://ingatlan.com/35566125,"Kiadó tégla lakás - Budapest X. kerület, Gyógyszergyári utca 12. #35566125",1106,"Budapest X. kerület, Gyógyszergyári utca 12.",Budapest,47.497773,19.144117,3.0,62.0,2026.0,HUF,340000,új építésű,2026,összkomfortos,2,5,van,3 m-nél alacsonyabb,van,igen,külön helyiségben,dél,utcai,16 m2,nem,"utca, közterület - ingyenes",,nincs megadva,40 000 Ft/hó,"távfűtés egyedi méréssel, hűtő-fűtő klíma, padlófűtés",van - 15 cm,A+,nem tetőtéri,,igen,igen,nem hozható,megengedett,12 hónap,2026. október,,62.0,340.0,5484,2,2.0,5.0,16.0,40000.0,,2026.0,2020 után (új építésű),2257,Gyógyszergyári utca,12,,12,"Budapest X. kerület, Gyógyszergyári utca 12.",3,0,3.0,Felsőrákos,Tégla lakás,Lépj kapcsolatba a hirdetővel,,Ingatlaniroda,2,2026.0
35566892,kiado,https://ingatlan.com/35566892,"Kiadó tégla lakás - Budapest X. kerület, Üllői út 126. #35566892",1101,"Budapest X. kerület, Üllői út 126.",Budapest,47.474448,19.102576,2.0,59.0,,HUF,250000,nincs megadva,nincs megadva,nincs megadva,nincs megadva,nincs megadva,nincs megadva,nincs megadva,nincs megadva,nincs megadva,nincs megadva,nincs megadva,nincs megadva,5 m2,nincs megadva,nincs megadva,,nincs megadva,nincs megadva,nincs megadva,nincs megadva,nincs megadva,nincs megadva,,nincs megadva,nincs megadva,nincs megadva,nincs megadva,nincs megadva,nincs megadva,,59.0,250.0,4237,nincs megadva,,,5.0,,,,Nem ismert,1818,Üllői út,126,,126,"Budapest X. kerület, Üllői út 126.",2,0,2.0,Kőbánya egyéb,Tégla lakás,Lépj kapcsolatba a hirdetővel,,Ingatlaniroda,2,
35568086,kiado,https://ingatlan.com/35568086,"Kiadó panel lakás - Budapest X. kerület, Gyakorló utca #35568086",1106,"Budapest X. kerület, Gyakorló utca",Budapest,,,3.0,58.0,,HUF,280000,felújított,nincs megadva,nincs megadva,földszint,10,van,nincs megadva,van,nincs megadva,külön helyiségben,kelet,kertre néz,nincs megadva,nincs megadva,nincs megadva,,nincs megadva,24 360 Ft/hó,távfűtés,van,nincs megadva,nincs megadva,részt vett,megegyezés szerint,igen,nem hozható,nem megengedett,12 hónap,azonnal,,58.0,280.0,4828,földszint,0.0,10.0,,24360.0,,,Nem ismert,1994,Gyakorló utca,,,,"Budapest X. kerület, Gyakorló utca",3,0,3.0,Felsőrákos,Panel lakás,Lépj kapcsolatba a hirdetővel,,Ingatlaniroda,4,
35573553,kiado,https://ingatlan.com/35573553,"Kiadó tégla lakás - Budapest X. kerület, Gém utca 4. #35573553",1107,"Budapest X. kerület, Gém utca 4.",Budapest,47.470795,19.121189,2.0,44.0,2019.0,HUF,280000,újszerű,2019,duplakomfortos,2,7,van,3 m-nél alacsonyabb,van,igen,külön helyiségben,kelet,utcai,5 m2,nem,teremgarázs hely - bérelhető,30 000 000 Ft/hó,nincs megadva,257 000 Ft/hó,házközponti egyedi méréssel,van - 15 cm,nincs megadva,nem tetőtéri,,igen,igen,nem hozható,nem megengedett,12 hónap,azonnal,,44.0,280.0,6364,2,2.0,7.0,5.0,257000.0,,2019.0,2000-2019 (újszerű),1534,Gém utca,4,,4,"Budapest X. kerület, Gém utca 4.",2,0,2.0,Gyárdűlő,Tégla lakás,Lépj kapcsolatba a hirdetővel,,Magánszemély,2,2019.0
35575433,kiado,https://ingatlan.com/35575433,"Kiadó panel lakás - Budapest X. kerület, Zsombék utca #35575433",1108,"Budapest X. kerület, Zsombék utca",Budapest,,,3.0,57.0,1981.0,HUF,290000,jó állapotú,1981 és 2000 között,összkomfortos,9,10,van,3 m-nél alacsonyabb,van,nem,külön helyiségben,délnyugat,utcai,3 m2,nem,"utca, közterület - ingyenes",,15 000 Ft/hó,20 000 Ft/hó,távfűtés egyedi méréssel,van - 15 cm,nincs megadva,nem tetőtéri,részt vett,nem,igen,nem hozható,nem megengedett,12 hónap,azonnal,,57.0,290.0,5088,9,9.0,10.0,3.0,20000.0,15000.0,,1980-1999 (késő panel/tégla),778,Zsombék utca,,57,57,"Budapest X. kerület, Zsombék utca 57.",3,0,3.0,Újhegy,Panel lakás,Lépj kapcsolatba a hirdetővel,,Ingatlaniroda,2,1988.0
35575455,kiado,https://ingatlan.com/35575455,"Kiadó tégla lakás - Budapest X. kerület, Maglódi út 75. #35575455",1106,"Budapest X. kerület, Maglódi út 75.",Budapest,47.48039,19.161282,2.0,59.0,,HUF,250000,felújított,nincs megadva,nincs megadva,3,nincs megadva,nincs megadva,nincs megadva,van,nincs megadva,nincs megadva,nincs megadva,nincs megadva,2 m2,nincs megadva,önálló garázs - benne van az árban,,nincs megadva,nincs megadva,nincs megadva,nincs megadva,nincs megadva,nincs megadva,,nincs megadva,nincs megadva,nincs megadva,nincs megadva,12 hónap,nincs megadva,,59.0,250.0,4237,3,3.0,,2.0,,,,Nem ismert,933,Maglódi út,75,,75,"Budapest X. kerület, Maglódi út 75.",2,0,2.0,Óhegy,Tégla lakás,Lépj kapcsolatba a hirdetővel,,Ingatlaniroda,2,
35575489,kiado,https://ingatlan.com/35575489,"Kiadó tégla lakás - Budapest X. kerület, Gyógyszergyári utca #35575489",1106,"Budapest X. kerület, Gyógyszergyári utca",Budapest,,,3.0,65.0,2026.0,HUF,300000,új építésű,2026,összkomfortos,4,7,van,nincs megadva,van,igen,külön helyiségben,dél,panorámás,16 m2,nincs megadva,teremgarázs hely - bérelhető,30 000 Ft/hó,nincs megadva,nincs megadva,"távfűtés egyedi méréssel, hűtő-fűtő klíma",nincs megadva,nincs megadva,nem tetőtéri,,nem,igen,nem hozható,nincs megadva,12 hónap,2026. október,,65.0,300.0,4615,4,4.0,7.0,16.0,,,2026.0,2020 után (új építésű),2223,Gyógyszergyári utca,,7,7,"Budapest X. kerület, Gyógyszergyári utca 7.",3,0,3.0,Felsőrákos,Tégla lakás,Lépj kapcsolatba a hirdetővel,,Ingatlaniroda,4,2026.0
35575634,kiado,https://ingatlan.com/35575634,"Kiadó tégla lakás - Budapest X. kerület, Kőbányai út #35575634",1101,"Budapest X. kerület, Kőbányai út",Budapest,,,3.0,80.0,2001.0,HUF,400000,újszerű,2001 és 2010 között,összkomfortos,5,5,van,nincs megadva,van,nincs megadva,egy helyiségben,nincs megadva,panorámás,80 m2,nincs megadva,teremgarázs hely,,nincs megadva,nincs megadva,házközponti egyedi méréssel,nincs megadva,D,nincs megadva,,nem,nincs megadva,nem hozható,nem megengedett,12 hónap,azonnal,,80.0,400.0,5000,5,5.0,5.0,80.0,,,,2000-2019 (újszerű),1157,Kőbányai út,,,,"Budapest X. kerület, Kőbányai út",3,0,3.0,Gyárdűlő,Tégla lakás,Lépj kapcsolatba a hirdetővel,,Ingatlaniroda,4,2005.0
35575651,kiado,https://ingatlan.com/35575651,"Kiadó panel lakás - Budapest X. kerület, Gyakorló köz 5. #35575651",1106,"Budapest X. kerület, Gyakorló köz 5.",Budapest,47.50283,19.142164,2.0,53.0,,HUF,240000,nincs megadva,nincs megadva,nincs megadva,nincs megadva,nincs megadva,nincs megadva,nincs megadva,nincs megadva,nincs megadva,nincs megadva,nincs megadva,nincs megadva,3 m2,nincs megadva,nincs megadva,,nincs megadva,nincs megadva,nincs megadva,nincs megadva,nincs megadva,nincs megadva,nincs megadva,nincs megadva,nincs megadva,nincs megadva,nincs megadva,nincs megadva,nincs megadva,,53.0,240.0,4528,nincs megadva,,,3.0,,,,Nem ismert,1295,Gyakorló köz,5,,5,"Budapest X. kerület, Gyakorló köz 5.",2,0,2.0,Felsőrákos,Panel lakás,Lépj kapcsolatba a hirdetővel,,Ingatlaniroda,2,
35576386,kiado,https://ingatlan.com/35576386,"Kiadó panel lakás - Budapest X. kerület, Lavotta utca #35576386",1104,"Budapest X. kerület, Lavotta utca",Budapest,,,2.0,53.0,1950.0,HUF,250000,felújított,1950 és 1980 között,összkomfortos,10,10,van,3 m-nél alacsonyabb,van,nem,külön helyiségben,északkelet,panorámás,4 m2,nem,"utca, közterület - ingyenes",,15 000 Ft/hó,23 300 Ft/hó,távfűtés egyedi méréssel,nincs megadva,nincs megadva,"legfelső emelet, nem tetőtéri",nincs megadva,nem,nem,hozható,nem megengedett,12 hónap,azonnal,,53.0,250.0,4717,10,10.0,10.0,4.0,23300.0,15000.0,,1950-1979 (szocialista modern),1084,Lavotta utca,,,,"Budapest X. kerület, Lavotta utca",2,0,2.0,Óhegy,Panel lakás,Lépj kapcsolatba a hirdetővel,,Ingatlaniroda,4,1968.0
35577629,kiado,https://ingatlan.com/35577629,"Kiadó tégla lakás - Budapest X. kerület, Üllői köz #35577629",1101,"Budapest X. kerület, Üllői köz",Budapest,,,1.0,35.0,1940.0,HUF,190000,felújított,1950 előtt,összkomfortos,3,3,nincs,3 m-nél alacsonyabb,van,nem,egy helyiségben,délnyugat,udvari,nincs megadva,nem,nincs megadva,,12 000 Ft/hó,12 850 Ft/hó,gázkazán,van - 8 cm,nincs megadva,"legfelső emelet, nem tetőtéri",,igen,igen,nem hozható,nem megengedett,12 hónap,2026. október,,35.0,190.0,5429,3,3.0,3.0,,12850.0,12000.0,,1950 előtt (klasszikus polgári/tégla),1151,Üllői köz,,,,"Budapest X. kerület, Üllői köz",1,0,1.0,Gyárdűlő,Tégla lakás,Lépj kapcsolatba a hirdetővel,,Ingatlaniroda,2,1930.0
35578446,kiado,https://ingatlan.com/35578446,"Kiadó tégla lakás - Budapest X. kerület, Gyógyszergyári utca 10. #35578446",1106,"Budapest X. kerület, Gyógyszergyári utca 10.",Budapest,47.497327,19.139864,1.0,36.0,2026.0,HUF,250000,új építésű,2026,nincs megadva,1,8,van,nincs megadva,van,nincs megadva,nincs megadva,nincs megadva,nincs megadva,11 m2,nincs megadva,teremgarázs hely - kötelező megvenni,nincs megadva,5 000 Ft/hó,40 000 Ft/hó,távfűtés,van - 15 cm,nincs megadva,nincs megadva,,igen,igen,nem hozható,nem megengedett,12 hónap,azonnal,,36.0,250.0,6944,1,1.0,8.0,11.0,40000.0,5000.0,2026.0,2020 után (új építésű),1969,Gyógyszergyári utca,10,,10,"Budapest X. kerület, Gyógyszergyári utca 10.",1,0,1.0,Felsőrákos,Tégla lakás,Lépj kapcsolatba a hirdetővel,,Ingatlaniroda,4,2026.0
35578521,kiado,https://ingatlan.com/35578521,"Kiadó tégla lakás - Budapest X. kerület, Szárnyas utca #35578521",1107,"Budapest X. kerület, Szárnyas utca",Budapest,,,1.0,29.0,1950.0,HUF,165000,felújított,1950 és 1980 között,összkomfortos,3,3,nincs,3 m-nél alacsonyabb,van,nem,külön helyiségben,délnyugat,panorámás,2 m2,nem,"utca, közterület - fizetős övezet",,10 000 Ft/hó,10 000 Ft/hó,"gáz (konvektor), hűtő-fűtő klíma",nincs,nincs megadva,nem tetőtéri,,nem,igen,nem hozható,nem megengedett,12 hónap,azonnal,,29.0,165.0,5690,3,3.0,3.0,2.0,10000.0,10000.0,,1950-1979 (szocialista modern),506,Szárnyas utca,,,,"Budapest X. kerület, Szárnyas utca",1,0,1.0,Gyárdűlő,Tégla lakás,Lépj kapcsolatba a hirdetővel,,Ingatlaniroda,2,1968.0
35578555,kiado,https://ingatlan.com/35578555,"Kiadó tégla lakás - Budapest X. kerület, Kada köz #35578555",1104,"Budapest X. kerület, Kada köz",Budapest,,,1.0,37.0,,HUF,160000,jó állapotú,nincs megadva,összkomfortos,3,5,nincs,3 m-nél alacsonyabb,van,nem,egy helyiségben,délnyugat,kertre néz,nincs megadva,nincs megadva,"utca, közterület",,nincs megadva,14 500 Ft/hó,gáz (konvektor),van,nincs megadva,nincs megadva,,igen,igen,nincs megadva,nem megengedett,nincs megadva,2026. október,,37.0,160.0,4324,3,3.0,5.0,,14500.0,,,Nem ismert,522,Kada köz,,,,"Budapest X. kerület, Kada köz",1,0,1.0,Óhegy,Tégla lakás,Lépj kapcsolatba a hirdetővel,,Ingatlaniroda,4,
35578804,kiado,https://ingatlan.com/35578804,"Kiadó csúsztatott zsalus - Budapest X. kerület, Gyógyszergyári utca #35578804",1106,"Budapest X. kerület, Gyógyszergyári utca",Budapest,,,2.0,43.0,2026.0,HUF,250000,új építésű,2026,nincs megadva,nincs megadva,nincs megadva,van,nincs megadva,van,nincs megadva,nincs megadva,nincs megadva,nincs megadva,10 m2,nincs megadva,teremgarázs hely - bérelhető,30 000 000 Ft/hó,20 000 Ft/hó,nincs megadva,távfűtés,van,nincs megadva,,,részben,igen,nincs megadva,nincs megadva,12 hónap,2026. október,,43.0,250.0,5814,nincs megadva,,,10.0,,20000.0,2026.0,2020 után (új építésű),2955,Gyógyszergyári utca,,,,"Budapest X. kerület, Gyógyszergyári utca",2,0,2.0,Felsőrákos,Csúsztatott zsalus lakás,Lépj kapcsolatba a hirdetővel,,Ingatlaniroda,3,2026.0
35578873,kiado,https://ingatlan.com/35578873,"Kiadó tégla lakás - Budapest X. kerület, Gyógyszergyári utca #35578873",1106,"Budapest X. kerület, Gyógyszergyári utca",Budapest,,,2.0,54.0,2026.0,HUF,273315,nincs megadva,2026,összkomfortos,3,8,van,3 m-nél alacsonyabb,van,nincs megadva,külön helyiségben,kelet,utcai,13 m2,nem,teremgarázs hely - bérelhető,50 €/hó,nincs megadva,nincs megadva,nincs megadva,van,nincs megadva,nem tetőtéri,,igen,igen,nincs megadva,nem megengedett,12 hónap,2026. október,,54.0,273.3,5061,3,3.0,8.0,13.0,,,2026.0,2020 után (új építésű),735,Gyógyszergyári utca,,,,"Budapest X. kerület, Gyógyszergyári utca",2,0,2.0,Felsőrákos,Tégla lakás,Lépj kapcsolatba a hirdetővel,,Ingatlaniroda,4,2026.0
35580165,kiado,https://ingatlan.com/35580165,"Kiadó tégla lakás - Budapest X. kerület, Gyógyszergyári utca #35580165",1106,"Budapest X. kerület, Gyógyszergyári utca",Budapest,,,3.0,65.0,,HUF,350000,új építésű,nincs megadva,nincs megadva,8,8,van,3 m-nél alacsonyabb,van,nincs megadva,külön helyiségben,nincs megadva,kertre néz,16 m2,nem,teremgarázs hely - bérelhető,30 000 Ft/hó,30 000 Ft/hó,35 000 Ft/hó,távfűtés egyedi méréssel,van,A,nincs megadva,,nem,igen,nem hozható,nincs megadva,12 hónap,nincs megadva,,65.0,350.0,5385,8,8.0,8.0,16.0,35000.0,30000.0,,2020 után (új építésű),630,Gyógyszergyári utca,,,,"Budapest X. kerület, Gyógyszergyári utca",3,0,3.0,Felsőrákos,Tégla lakás,Lépj kapcsolatba a hirdetővel,,Ingatlaniroda,4,2024.0
35580349,kiado,https://ingatlan.com/35580349,"Kiadó tégla lakás - Budapest X. kerület, Gyógyszergyári utca #35580349",1106,"Budapest X. kerület, Gyógyszergyári utca",Budapest,,,5.0,102.0,2026.0,HUF,650000,új építésű,2026,összkomfortos,6,6,van,3 m-nél magasabb,van,nincs megadva,külön helyiségben,nincs megadva,panorámás,90 m2,nincs megadva,teremgarázs hely - bérelhető,30 000 Ft/hó,nincs megadva,nincs megadva,nincs megadva,nincs megadva,A++,tetőtéri,,nem,nincs megadva,hozható,nem megengedett,nincs megadva,azonnal,,102.0,650.0,6373,6,6.0,6.0,90.0,,,2026.0,2020 után (új építésű),1546,Gyógyszergyári utca,,6,6,"Budapest X. kerület, Gyógyszergyári utca 6.",5,0,5.0,Felsőrákos,Tégla lakás,Lépj kapcsolatba a hirdetővel,,Ingatlaniroda,2,2026.0
35580692,kiado,https://ingatlan.com/35580692,"Kiadó tégla lakás - Budapest X. kerület, Gém utca #35580692",1107,"Budapest X. kerület, Gém utca",Budapest,,,1.0,31.0,2020.0,HUF,230000,újszerű,2020,összkomfortos,5,7,van,nincs megadva,van,nincs megadva,egy helyiségben,nincs megadva,udvari,5 m2,nem,teremgarázs hely - bérelhető,15 000 Ft/hó,15 000 Ft/hó,16 Ft/hó,házközponti egyedi méréssel,nincs megadva,nincs megadva,nem tetőtéri,,igen,igen,nem hozható,nem megengedett,12 hónap,2026. október,,31.0,230.0,7419,5,5.0,7.0,5.0,16.0,15000.0,2020.0,2020 után (új építésű),1652,Gém utca,,,,"Budapest X. kerület, Gém utca",1,0,1.0,Gyárdűlő,Tégla lakás,Lépj kapcsolatba a hirdetővel,,Ingatlaniroda,4,2020.0
35581803,kiado,https://ingatlan.com/35581803,"Kiadó panel lakás - Budapest X. kerület, Hang utca #35581803",1108,"Budapest X. kerület, Hang utca",Budapest,,,2.0,52.0,1950.0,HUF,220000,felújított,1950 és 1980 között,összkomfortos,5,9,van,nincs megadva,van,nincs megadva,nincs megadva,nincs megadva,utcai,4 m2,nem,"utca, közterület - ingyenes",,20 000 Ft/hó,16 Ft/hó,távfűtés,nincs megadva,nincs megadva,nincs megadva,nincs megadva,igen,igen,nincs megadva,nincs megadva,12 hónap,azonnal,,52.0,220.0,4231,5,5.0,9.0,4.0,16.0,20000.0,,1950-1979 (szocialista modern),368,Hang utca,,52,52,"Budapest X. kerület, Hang utca 52.",2,0,2.0,Újhegy,Panel lakás,Lépj kapcsolatba a hirdetővel,,Ingatlaniroda,4,1968.0
35582261,kiado,https://ingatlan.com/35582261,"Kiadó tégla lakás - Budapest X. kerület, Kőbányai út #35582261",1101,"Budapest X. kerület, Kőbányai út",Budapest,,,3.0,80.0,2001.0,HUF,400000,újszerű,2001 és 2010 között,összkomfortos,5,5,van,3 m-nél alacsonyabb,van,nem,egy helyiségben,nincs megadva,panorámás,80 m2,nem,teremgarázs hely - benne van az árban,,nincs megadva,37 000 Ft/hó,"házközponti egyedi méréssel, hűtő-fűtő klíma",nincs megadva,nincs megadva,"legfelső emelet, nem tetőtéri",,nem,igen,nem hozható,nem megengedett,12 hónap,azonnal,,80.0,400.0,5000,5,5.0,5.0,80.0,37000.0,,,2000-2019 (újszerű),653,Kőbányai út,,80,80,"Budapest X. kerület, Kőbányai út 80.",3,0,3.0,Gyárdűlő,Tégla lakás,Lépj kapcsolatba a hirdetővel,,Ingatlaniroda,4,2005.0
35582296,kiado,https://ingatlan.com/35582296,"Kiadó panel lakás - Budapest X. kerület, Somfa köz #35582296",1107,"Budapest X. kerület, Somfa köz",Budapest,,,3.0,62.0,1950.0,HUF,230000,nincs megadva,1950 és 1980 között,összkomfortos,félemelet,10,van,3 m-nél alacsonyabb,nincs,nincs megadva,külön helyiségben,nincs megadva,nincs megadva,nincs megadva,nem,"utca, közterület - fizetős övezet",,18 000 Ft/hó,18 200 Ft/hó,távfűtés egyedi méréssel,van - 10 cm,C,nem tetőtéri,részt vett,részben,nincs megadva,nem hozható,nem megengedett,12 hónap,azonnal,,62.0,230.0,3710,félemelet,0.5,10.0,,18200.0,18000.0,,1950-1979 (szocialista modern),746,Somfa köz,,,,"Budapest X. kerület, Somfa köz",3,0,3.0,Gyárdűlő,Panel lakás,Lépj kapcsolatba a hirdetővel,,Ingatlaniroda,4,1968.0
35583352,kiado,https://ingatlan.com/35583352,"Kiadó tégla lakás - Budapest X. kerület, Újhegyi út #35583352",1108,"Budapest X. kerület, Újhegyi út",Budapest,,,1.0,42.0,,HUF,250000,új építésű,nincs megadva,nincs megadva,1,nincs megadva,van,nincs megadva,van,nincs megadva,egy helyiségben,nincs megadva,nincs megadva,4 m2,nincs megadva,nincs megadva,,nincs megadva,nincs megadva,nincs megadva,nincs megadva,nincs megadva,nincs megadva,,nem,nincs megadva,nem hozható,nem megengedett,12 hónap,2026. október,,42.0,250.0,5952,1,1.0,,4.0,,,,2020 után (új építésű),903,Újhegyi út,,42,42,"Budapest X. kerület, Újhegyi út 42.",1,0,1.0,Újhegy,Tégla lakás,Lépj kapcsolatba a hirdetővel,,Ingatlaniroda,4,2024.0
35584689,kiado,https://ingatlan.com/35584689,"Kiadó panel lakás - Budapest X. kerület, Gergely utca #35584689",1108,"Budapest X. kerület, Gergely utca",Budapest,,,1.0,29.0,,HUF,180000,felújított,nincs megadva,összkomfortos,3,4,nincs,nincs megadva,van,nincs megadva,egy helyiségben,nincs megadva,kertre néz,nincs megadva,nincs megadva,"utca, közterület - ingyenes",,15 000 Ft/hó,10 500 Ft/hó,távfűtés egyedi méréssel,van,nincs megadva,nincs megadva,részt vett,igen,igen,nincs megadva,nincs megadva,12 hónap,azonnal,,29.0,180.0,6207,3,3.0,4.0,,10500.0,15000.0,,Nem ismert,668,Gergely utca,,,,"Budapest X. kerület, Gergely utca",1,0,1.0,Újhegy,Panel lakás,Lépj kapcsolatba a hirdetővel,,Ingatlaniroda,4,
35584741,kiado,https://ingatlan.com/35584741,"Kiadó tégla lakás - Budapest X. kerület, Gém utca #35584741",1107,"Budapest X. kerület, Gém utca",Budapest,,,2.0,54.0,2001.0,HUF,280000,újszerű,2001 és 2010 között,komfortos,3,nincs megadva,van,3 m-nél alacsonyabb,van,igen,külön helyiségben,nincs megadva,nincs megadva,17 m2,nem,"utca, közterület",,13 000 Ft/hó,26 000 Ft/hó,nincs megadva,van,nincs megadva,nem tetőtéri,,megegyezés szerint,igen,nincs megadva,nem megengedett,12 hónap,2026. október,,54.0,280.0,5185,3,3.0,,17.0,26000.0,13000.0,,2000-2019 (újszerű),1010,Gém utca,,,,"Budapest X. kerület, Gém utca",2,0,2.0,Gyárdűlő,Tégla lakás,Lépj kapcsolatba a hirdetővel,,Magánszemély,2,2005.0
35586055,kiado,https://ingatlan.com/35586055,"Kiadó tégla lakás - Budapest X. kerület, Gyárdűlői lakótelep #35586055",1107,"Budapest X. kerület, Gyárdűlői lakótelep",Budapest,,,2.0,40.0,1981.0,HUF,199000,felújított,1981 és 2000 között,összkomfortos,1,4,nincs megadva,nincs megadva,nincs megadva,nincs megadva,nincs megadva,nincs megadva,nincs megadva,nincs megadva,nincs megadva,nincs megadva,,nincs megadva,15 000 Ft/hó,gáz (konvektor),nincs megadva,nincs megadva,nem tetőtéri,,igen,igen,nem hozható,nem megengedett,12 hónap,nincs megadva,,40.0,199.0,4975,1,1.0,4.0,,15000.0,,,1980-1999 (késő panel/tégla),123,Gyárdűlői lakótelep,,,,"Budapest X. kerület, Gyárdűlői lakótelep",2,0,2.0,Gyárdűlő,Tégla lakás,Lépj kapcsolatba a hirdetővel,,Ingatlaniroda,2,1988.0
35586438,kiado,https://ingatlan.com/35586438,"Kiadó tégla lakás - Budapest X. kerület, Liget utca #35586438",1102,"Budapest X. kerület, Liget utca",Budapest,,,2.0,45.0,2013.0,HUF,250000,nincs megadva,2013,összkomfortos,földszint,3,van,3 m-nél alacsonyabb,nincs,igen,egy helyiségben,délnyugat,kertre néz,10 m2,nincs megadva,teremgarázs hely - benne van az árban,,20 000 Ft/hó,15 000 Ft/hó,házközponti egyedi méréssel,van,nincs megadva,nem tetőtéri,,részben,igen,nem hozható,nem megengedett,12 hónap,2026. október,,45.0,250.0,5556,földszint,0.0,3.0,10.0,15000.0,20000.0,2013.0,2000-2019 (újszerű),569,Liget utca,,,,"Budapest X. kerület, Liget utca",2,0,2.0,Ligettelek,Tégla lakás,Lépj kapcsolatba a hirdetővel,,Ingatlaniroda,4,2013.0
35588898,kiado,https://ingatlan.com/35588898,"Kiadó tégla lakás - Budapest X. kerület, Gyógyszergyári utca #35588898",1106,"Budapest X. kerület, Gyógyszergyári utca",Budapest,,,2.0,43.0,2026.0,HUF,260000,új építésű,2026,összkomfortos,6,8,van,3 m-nél alacsonyabb,van,nem,egy helyiségben,kelet,udvari,11 m2,nem,teremgarázs hely - kötelező kibérelni,30 000 Ft/hó,15 000 Ft/hó,20 000 Ft/hó,"házközponti egyedi méréssel, hűtő-fűtő klíma",van,nincs megadva,nem tetőtéri,,nem,igen,nem hozható,nem megengedett,24 hónap,azonnal,,43.0,260.0,6047,6,6.0,8.0,11.0,20000.0,15000.0,2026.0,2020 után (új építésű),700,Gyógyszergyári utca,,2,2,"Budapest X. kerület, Gyógyszergyári utca 2.",2,0,2.0,Felsőrákos,Tégla lakás,Lépj kapcsolatba a hirdetővel,,Ingatlaniroda,4,2026.0
35589507,kiado,https://ingatlan.com/35589507,"Kiadó tégla lakás - Budapest X. kerület, Felsőrákos #35589507",1106,"Budapest X. kerület, Felsőrákos",Budapest,,,3.0,56.0,2001.0,HUF,390000,újszerű,2001 és 2010 között,összkomfortos,2,2,nincs megadva,3 m-nél alacsonyabb,van,nincs megadva,külön helyiségben,délnyugat,kertre néz,6 m2,nincs megadva,udvari beálló - benne van az árban,,30 000 Ft/hó,nincs megadva,"távfűtés egyedi méréssel, hűtő-fűtő klíma",van - 10 cm,nincs megadva,nem tetőtéri,,igen,igen,nem hozható,nem megengedett,nincs megadva,azonnal,,56.0,390.0,6964,2,2.0,2.0,6.0,,30000.0,,2000-2019 (újszerű),2285,Felsőrákos,,,,"Budapest X. kerület, Felsőrákos",3,0,3.0,Felsőrákos,Tégla lakás,Lépj kapcsolatba a hirdetővel,,Ingatlaniroda,4,2005.0
35590108,kiado,https://ingatlan.com/35590108,"Kiadó panel lakás - Budapest X. kerület, Hungária körút #35590108",1101,"Budapest X. kerület, Hungária körút",Budapest,,,3.0,72.0,,HUF,290000,jó állapotú,nincs megadva,komfortos,5,10,van,3 m-nél alacsonyabb,nincs megadva,nincs megadva,külön helyiségben,nincs megadva,nincs megadva,nincs megadva,nincs megadva,nincs megadva,,nincs megadva,nincs megadva,nincs megadva,nincs megadva,nincs megadva,nincs megadva,nincs megadva,igen,igen,nincs megadva,nincs megadva,12 hónap,nincs megadva,,72.0,290.0,4028,5,5.0,10.0,,,,,Nem ismert,610,Hungária körút,,,,"Budapest X. kerület, Hungária körút",3,0,3.0,Laposdűlő,Panel lakás,Lépj kapcsolatba a hirdetővel,,Ingatlaniroda,4,
35590368,kiado,https://ingatlan.com/35590368,"Kiadó panel lakás - Budapest X. kerület, Gyakorló utca #35590368",1106,"Budapest X. kerület, Gyakorló utca",Budapest,,,2.0,36.0,,HUF,190000,nincs megadva,nincs megadva,nincs megadva,nincs megadva,nincs megadva,nincs megadva,nincs megadva,nincs megadva,nincs megadva,nincs megadva,nincs megadva,nincs megadva,3 m2,nincs megadva,nincs megadva,,nincs megadva,nincs megadva,nincs megadva,nincs megadva,nincs megadva,nincs megadva,nincs megadva,nincs megadva,nincs megadva,nincs megadva,nincs megadva,nincs megadva,nincs megadva,,36.0,190.0,5278,nincs megadva,,,3.0,,,,Nem ismert,183,Gyakorló utca,,,,"Budapest X. kerület, Gyakorló utca",2,0,2.0,Felsőrákos,Panel lakás,Lépj kapcsolatba a hirdetővel,,Ingatlaniroda,2,
35590549,kiado,https://ingatlan.com/35590549,"Kiadó tégla lakás - Budapest X. kerület, Gyógyszergyári utca #35590549",1106,"Budapest X. kerület, Gyógyszergyári utca",Budapest,,,3.0,65.0,2026.0,HUF,360000,új építésű,2026,összkomfortos,1,6,van,3 m-nél alacsonyabb,van,igen,külön helyiségben,délkelet,utcai,16 m2,nincs megadva,teremgarázs hely - bérelhető,25 000 Ft/hó,15 000 Ft/hó,33 000 Ft/hó,távfűtés egyedi méréssel,van,A+,nincs megadva,,megegyezés szerint,igen,nem hozható,nem megengedett,12 hónap,azonnal,,65.0,360.0,5538,1,1.0,6.0,16.0,33000.0,15000.0,2026.0,2020 után (új építésű),1816,Gyógyszergyári utca,,,,"Budapest X. kerület, Gyógyszergyári utca",3,0,3.0,Felsőrákos,Tégla lakás,Lépj kapcsolatba a hirdetővel,,Ingatlaniroda,4,2026.0
35590825,kiado,https://ingatlan.com/35590825,"Kiadó tégla lakás - Budapest X. kerület, Gém utca #35590825",1107,"Budapest X. kerület, Gém utca",Budapest,,,2.0,54.0,,HUF,280000,újszerű,nincs megadva,nincs megadva,3,nincs megadva,van,nincs megadva,van,nincs megadva,nincs megadva,nincs megadva,panorámás,17 m2,nincs megadva,"utca, közterület - fizetős övezet",,13 000 Ft/hó,26 000 Ft/hó,házközponti egyedi méréssel,nincs megadva,nincs megadva,nem tetőtéri,,igen,igen,hozható,nincs megadva,12 hónap,nincs megadva,,54.0,280.0,5185,3,3.0,,17.0,26000.0,13000.0,,Nem ismert,420,Gém utca,,,,"Budapest X. kerület, Gém utca",2,0,2.0,Gyárdűlő,Tégla lakás,Lépj kapcsolatba a hirdetővel,,Ingatlaniroda,4,
35590837,kiado,https://ingatlan.com/35590837,"Kiadó tégla lakás - Budapest X. kerület, Gyógyszergyári utca #35590837",1106,"Budapest X. kerület, Gyógyszergyári utca",Budapest,,,1.0,30.0,2026.0,HUF,240000,új építésű,2026,összkomfortos,1,7,van,nincs megadva,van,nincs megadva,egy helyiségben,délkelet,udvari,4 m2,nincs megadva,teremgarázs hely - kötelező kibérelni,20 000 Ft/hó,15 000 Ft/hó,20 000 Ft/hó,házközponti egyedi méréssel,van,nincs megadva,nincs megadva,,megegyezés szerint,igen,nem hozható,nem megengedett,12 hónap,2026. október,,30.0,240.0,8000,1,1.0,7.0,4.0,20000.0,15000.0,2026.0,2020 után (új építésű),2109,Gyógyszergyári utca,,,,"Budapest X. kerület, Gyógyszergyári utca",1,0,1.0,Felsőrákos,Tégla lakás,Lépj kapcsolatba a hirdetővel,,Ingatlaniroda,4,2026.0
35591870,kiado,https://ingatlan.com/35591870,"Kiadó csúsztatott zsalus - Budapest X. kerület, Gyógyszergyári utca 6. #35591870",1106,"Budapest X. kerület, Gyógyszergyári utca 6.",Budapest,47.497833,19.141041,2.0,44.0,2026.0,HUF,280000,új építésű,2026,összkomfortos,5,7,van,3 m-nél alacsonyabb,van,igen,egy helyiségben,kelet,udvari,11 m2,nem,teremgarázs hely - bérelhető,nincs megadva,nincs megadva,nincs megadva,távfűtés egyedi méréssel,nincs megadva,A+,,,igen,igen,nem hozható,nem megengedett,nincs megadva,nincs megadva,,44.0,280.0,6364,5,5.0,7.0,11.0,,,2026.0,2020 után (új építésű),484,Gyógyszergyári utca,6,,6,"Budapest X. kerület, Gyógyszergyári utca 6.",2,0,2.0,Felsőrákos,Csúsztatott zsalus lakás,Lépj kapcsolatba a hirdetővel,,Ingatlaniroda,2,2026.0
35592074,kiado,https://ingatlan.com/35592074,"Kiadó tégla lakás - Budapest X. kerület, Gyógyszergyári utca 8. #35592074",1106,"Budapest X. kerület, Gyógyszergyári utca 8.",Budapest,47.49801,19.142693,2.0,54.0,2026.0,HUF,295000,nincs megadva,2026,nincs megadva,4,6,van,nincs megadva,van,nincs megadva,külön helyiségben,nincs megadva,udvari,10 m2,nincs megadva,teremgarázs hely,,nincs megadva,nincs megadva,távfűtés egyedi méréssel,nincs megadva,A+,nem tetőtéri,,nem,nem,nincs megadva,nem megengedett,nincs megadva,nincs megadva,,54.0,295.0,5463,4,4.0,6.0,10.0,,,2026.0,2020 után (új építésű),643,Gyógyszergyári utca,8,,8,"Budapest X. kerület, Gyógyszergyári utca 8.",2,0,2.0,Felsőrákos,Tégla lakás,Lépj kapcsolatba a hirdetővel,,Ingatlaniroda,2,2026.0
35592796,kiado,https://ingatlan.com/35592796,"Kiadó tégla lakás - Budapest X. kerület, Kőbányai út #35592796",1101,"Budapest X. kerület, Kőbányai út",Budapest,,,3.0,80.0,,HUF,370000,újszerű,nincs megadva,nincs megadva,5,5,van,nincs megadva,van,nincs megadva,egy helyiségben,nincs megadva,panorámás,80 m2,nincs megadva,teremgarázs hely - kötelező kibérelni,30 000 Ft/hó,20 000 Ft/hó,35 000 Ft/hó,gázkazán,nincs megadva,nincs megadva,"legfelső emelet, nem tetőtéri",,részben,igen,nincs megadva,nem megengedett,12 hónap,azonnal,,80.0,370.0,4625,5,5.0,5.0,80.0,35000.0,20000.0,,Nem ismert,353,Kőbányai út,,5,5,"Budapest X. kerület, Kőbányai út 5.",3,0,3.0,Laposdűlő,Tégla lakás,Lépj kapcsolatba a hirdetővel,,Ingatlaniroda,4,
35593842,kiado,https://ingatlan.com/35593842,"Kiadó tégla lakás - Budapest X. kerület, Gém utca #35593842",1107,"Budapest X. kerület, Gém utca",Budapest,,,2.0,54.0,,HUF,280000,újszerű,nincs megadva,összkomfortos,3,7,van,3 m-nél alacsonyabb,van,nincs megadva,külön helyiségben,nincs megadva,utcai,17 m2,nincs megadva,"utca, közterület - fizetős övezet",,13 000 Ft/hó,26 000 Ft/hó,házközponti egyedi méréssel,nincs megadva,F,nincs megadva,,megegyezés szerint,igen,nincs megadva,nincs megadva,12 hónap,nincs megadva,,54.0,280.0,5185,3,3.0,7.0,17.0,26000.0,13000.0,,Nem ismert,808,Gém utca,,,,"Budapest X. kerület, Gém utca",2,0,2.0,Gyárdűlő,Tégla lakás,Lépj kapcsolatba a hirdetővel,,Ingatlaniroda,4,
35593869,kiado,https://ingatlan.com/35593869,"Kiadó tégla lakás - Budapest X. kerület, Alkér utca #35593869",1104,"Budapest X. kerület, Alkér utca",Budapest,,,2.0,80.0,,HUF,260000,felújított,nincs megadva,nincs megadva,nincs megadva,nincs megadva,nincs megadva,nincs megadva,nincs megadva,nincs megadva,nincs megadva,nincs megadva,nincs megadva,4 m2,nincs megadva,"utca, közterület - ingyenes",,18 000 Ft/hó,12 000 Ft/hó,gázkazán,nincs megadva,nincs megadva,nincs megadva,,megegyezés szerint,nincs megadva,nem hozható,nem megengedett,nincs megadva,azonnal,,80.0,260.0,3250,nincs megadva,,,4.0,12000.0,18000.0,,Nem ismert,1807,Alkér utca,,,,"Budapest X. kerület, Alkér utca",2,0,2.0,Óhegy,Tégla lakás,Lépj kapcsolatba a hirdetővel,,Ingatlaniroda,2,
35594157,kiado,https://ingatlan.com/35594157,"Kiadó panel lakás - Budapest X. kerület, Agyagfejtő utca #35594157",1108,"Budapest X. kerület, Agyagfejtő utca",Budapest,,,2.0,50.0,1981.0,HUF,195000,felújított,1981 és 2000 között,összkomfortos,9,több mint 10,van,3 m-nél alacsonyabb,van,nem,külön helyiségben,délnyugat,panorámás,4 m2,nincs megadva,"utca, közterület",,20 000 Ft/hó,15 000 Ft/hó,távfűtés egyedi méréssel,nincs megadva,nincs megadva,nincs megadva,nincs megadva,részben,igen,nem hozható,nem megengedett,12 hónap,2026. október,,50.0,195.0,3900,9,9.0,10.0,4.0,15000.0,20000.0,,1980-1999 (késő panel/tégla),1386,Agyagfejtő utca,,,,"Budapest X. kerület, Agyagfejtő utca",2,0,2.0,Újhegy,Panel lakás,Lépj kapcsolatba a hirdetővel,,Ingatlaniroda,4,1988.0
35594880,kiado,https://ingatlan.com/35594880,"Kiadó panel lakás - Budapest X. kerület, Bányató utca #35594880",1108,"Budapest X. kerület, Bányató utca",Budapest,,,2.0,50.0,,HUF,240000,jó állapotú,nincs megadva,összkomfortos,4,10,van,nincs megadva,van,nincs megadva,külön helyiségben,nincs megadva,utcai,4 m2,nincs megadva,"utca, közterület - ingyenes",,25 000 Ft/hó,14 000 Ft/hó,"távfűtés, hűtő-fűtő klíma",van,nincs megadva,nincs megadva,részt vett,megegyezés szerint,igen,hozható,nem megengedett,12 hónap,2026. október,,50.0,240.0,4800,4,4.0,10.0,4.0,14000.0,25000.0,,Nem ismert,1361,Bányató utca,,,,"Budapest X. kerület, Bányató utca",2,0,2.0,Újhegy,Panel lakás,Lépj kapcsolatba a hirdetővel,,Ingatlaniroda,4,
35594983,kiado,https://ingatlan.com/35594983,"Kiadó panel lakás - Budapest X. kerület, Hungária körút #35594983",1101,"Budapest X. kerület, Hungária körút",Budapest,,,3.0,72.0,,HUF,280000,felújított,nincs megadva,összkomfortos,8,10,van,3 m-nél alacsonyabb,nincs megadva,nincs megadva,külön helyiségben,nyugat,nincs megadva,nincs megadva,nincs megadva,udvari beálló,,nincs megadva,nincs megadva,nincs megadva,nincs megadva,nincs megadva,nincs megadva,nincs megadva,igen,igen,nincs megadva,nincs megadva,12 hónap,nincs megadva,,72.0,280.0,3889,8,8.0,10.0,,,,,Nem ismert,706,Hungária körút,,,,"Budapest X. kerület, Hungária körút",3,0,3.0,Laposdűlő,Panel lakás,Lépj kapcsolatba a hirdetővel,,Ingatlaniroda,4,
35595997,kiado,https://ingatlan.com/35595997,"Kiadó tégla lakás - Budapest X. kerület, Vaskő utca #35595997",1101,"Budapest X. kerület, Vaskő utca",Budapest,,,1.0,34.0,1950.0,HUF,160000,jó állapotú,1950 és 1980 között,komfortos,3,4,nincs,3 m-nél alacsonyabb,nincs,nem,egy helyiségben,nyugat,utcai,nincs megadva,nem,"utca, közterület - ingyenes",,15 000 Ft/hó,15 000 Ft/hó,gáz (konvektor),van - 10 cm,nincs megadva,nem tetőtéri,,igen,igen,nem hozható,nem megengedett,12 hónap,azonnal,,34.0,160.0,4706,3,3.0,4.0,,15000.0,15000.0,,1950-1979 (szocialista modern),468,Vaskő utca,,,,"Budapest X. kerület, Vaskő utca",1,0,1.0,Laposdűlő,Tégla lakás,Lépj kapcsolatba a hirdetővel,,Ingatlaniroda,4,1968.0
35596595,kiado,https://ingatlan.com/35596595,"Kiadó csúsztatott zsalus - Budapest X. kerület, Harmat utca 160. #35596595",1104,"Budapest X. kerület, Harmat utca 160.",Budapest,47.474578,19.159915,2.0,65.0,1981.0,HUF,249000,újszerű,1981 és 2000 között,összkomfortos,5,10,van,3 m-nél alacsonyabb,van,igen,külön helyiségben,délkelet,panorámás,10 m2,nincs megadva,"utca, közterület - ingyenes",,25 000 Ft/hó,18 000 Ft/hó,távfűtés,van,nincs megadva,,,részben,igen,nem hozható,nem megengedett,12 hónap,azonnal,,65.0,249.0,3831,5,5.0,10.0,10.0,18000.0,25000.0,,1980-1999 (késő panel/tégla),2654,Harmat utca,160,160,160,"Budapest X. kerület, Harmat utca 160.",2,0,2.0,Óhegy,Csúsztatott zsalus lakás,Lépj kapcsolatba a hirdetővel,,Ingatlaniroda,2,1988.0
35597092,kiado,https://ingatlan.com/35597092,"Kiadó panel lakás - Budapest X. kerület, Kőrösi Csoma Sándor út #35597092",1102,"Budapest X. kerület, Kőrösi Csoma Sándor út",Budapest,,,4.0,76.0,1950.0,HUF,250000,jó állapotú,1950 és 1980 között,összkomfortos,1,10,van,3 m-nél alacsonyabb,van,nem,külön helyiségben,nincs megadva,utcai,nincs megadva,nem,"utca, közterület - ingyenes",,nincs megadva,23 107 Ft/hó,házközponti,nincs megadva,nincs megadva,nem tetőtéri,részt vett,részben,igen,hozható,nem megengedett,12 hónap,azonnal,,76.0,250.0,3289,1,1.0,10.0,,23107.0,,,1950-1979 (szocialista modern),1176,Kőrösi Csoma Sándor út,,,,"Budapest X. kerület, Kőrösi Csoma Sándor út",4,0,4.0,Kőbánya-Városközpont,Panel lakás,Lépj kapcsolatba a hirdetővel,,Ingatlaniroda,2,1968.0
35597252,kiado,https://ingatlan.com/35597252,"Kiadó tégla lakás - Budapest X. kerület, Újhegyi út #35597252",1108,"Budapest X. kerület, Újhegyi út",Budapest,,,1.0,27.0,,HUF,160000,nincs megadva,nincs megadva,nincs megadva,nincs megadva,nincs megadva,nincs megadva,nincs megadva,nincs megadva,nincs megadva,nincs megadva,nincs megadva,nincs megadva,nincs megadva,nincs megadva,nincs megadva,,nincs megadva,nincs megadva,nincs megadva,nincs megadva,nincs megadva,nincs megadva,,nincs megadva,nincs megadva,nincs megadva,nincs megadva,nincs megadva,nincs megadva,,27.0,160.0,5926,nincs megadva,,,,,,,Nem ismert,1207,Újhegyi út,,,,"Budapest X. kerület, Újhegyi út",1,0,1.0,Újhegy,Tégla lakás,Lépj kapcsolatba a hirdetővel,,Ingatlaniroda,2,
35597425,kiado,https://ingatlan.com/35597425,"Kiadó panel lakás - Budapest X. kerület, Kápolna utca #35597425",1102,"Budapest X. kerület, Kápolna utca",Budapest,,,3.0,65.0,1950.0,HUF,250000,jó állapotú,1950 és 1980 között,összkomfortos,3,10,van,3 m-nél alacsonyabb,nincs,nincs megadva,külön helyiségben,nincs megadva,utcai,2 m2,nincs megadva,nincs megadva,,nincs megadva,18 000 Ft/hó,távfűtés,nincs megadva,nincs megadva,nem tetőtéri,nincs megadva,igen,igen,nincs megadva,nincs megadva,12 hónap,azonnal,,65.0,250.0,3846,3,3.0,10.0,2.0,18000.0,,,1950-1979 (szocialista modern),1519,Kápolna utca,,,,"Budapest X. kerület, Kápolna utca",3,0,3.0,Kőbánya-Városközpont,Panel lakás,Lépj kapcsolatba a hirdetővel,,Ingatlaniroda,4,1968.0
35598079,kiado,https://ingatlan.com/35598079,"Kiadó tégla lakás - Budapest X. kerület, Makk utca #35598079",1107,"Budapest X. kerület, Makk utca",Budapest,,,2.0,53.0,,HUF,280000,nincs megadva,nincs megadva,nincs megadva,nincs megadva,nincs megadva,nincs megadva,nincs megadva,nincs megadva,nincs megadva,nincs megadva,nincs megadva,nincs megadva,15 m2,nincs megadva,nincs megadva,,nincs megadva,nincs megadva,nincs megadva,nincs megadva,nincs megadva,nincs megadva,,nincs megadva,nincs megadva,nincs megadva,nincs megadva,nincs megadva,nincs megadva,,53.0,280.0,5283,nincs megadva,,,15.0,,,,Nem ismert,876,Makk utca,,,,"Budapest X. kerület, Makk utca",2,0,2.0,Gyárdűlő,Tégla lakás,Lépj kapcsolatba a hirdetővel,,Ingatlaniroda,2,
35598424,kiado,https://ingatlan.com/35598424,"Kiadó tégla lakás - Budapest X. kerület, Gyógyszergyári utca #35598424",1106,"Budapest X. kerület, Gyógyszergyári utca",Budapest,,,2.0,44.0,2026.0,HUF,280000,új építésű,2026,összkomfortos,5,7,van,3 m-nél alacsonyabb,van,igen,egy helyiségben,kelet,kertre néz,11 m2,nem,teremgarázs hely - bérelhető,25 000 Ft/hó,nincs megadva,nincs megadva,házközponti egyedi méréssel,van,nincs megadva,nem tetőtéri,,igen,igen,nem hozható,nem megengedett,12 hónap,2026. október,,44.0,280.0,6364,5,5.0,7.0,11.0,,,2026.0,2020 után (új építésű),529,Gyógyszergyári utca,,,,"Budapest X. kerület, Gyógyszergyári utca",2,0,2.0,Felsőrákos,Tégla lakás,Lépj kapcsolatba a hirdetővel,,Ingatlaniroda,4,2026.0
35598441,kiado,https://ingatlan.com/35598441,"Kiadó tégla lakás - Budapest X. kerület, Gyógyszergyári utca #35598441",1106,"Budapest X. kerület, Gyógyszergyári utca",Budapest,,,2.0,44.0,2025.0,HUF,280000,újszerű,2025,nincs megadva,5,7,van,nincs megadva,van,nincs megadva,egy helyiségben,nincs megadva,udvari,11 m2,nincs megadva,teremgarázs hely - bérelhető,25 000 Ft/hó,nincs megadva,20 000 Ft/hó,távfűtés egyedi méréssel,nincs megadva,nincs megadva,nem tetőtéri,,igen,igen,nem hozható,nem megengedett,12 hónap,azonnal,,44.0,280.0,6364,5,5.0,7.0,11.0,20000.0,,2025.0,2020 után (új építésű),353,Gyógyszergyári utca,,,,"Budapest X. kerület, Gyógyszergyári utca",2,0,2.0,Felsőrákos,Tégla lakás,Lépj kapcsolatba a hirdetővel,,Ingatlaniroda,4,2025.0
35599213,kiado,https://ingatlan.com/35599213,"Kiadó tégla lakás - Budapest X. kerület, Gyógyszergyári utca #35599213",1106,"Budapest X. kerület, Gyógyszergyári utca",Budapest,,,2.0,44.0,2026.0,HUF,279900,új építésű,2026,összkomfortos,5,7,van,3 m-nél alacsonyabb,van,igen,egy helyiségben,kelet,udvari,11 m2,nem,teremgarázs hely - bérelhető,30 000 Ft/hó,15 000 Ft/hó,nincs megadva,távfűtés egyedi méréssel,nincs megadva,A+,nem tetőtéri,,igen,igen,nem hozható,nem megengedett,12 hónap,azonnal,,44.0,279.9,6361,5,5.0,7.0,11.0,,15000.0,2026.0,2020 után (új építésű),767,Gyógyszergyári utca,,,,"Budapest X. kerület, Gyógyszergyári utca",2,0,2.0,Felsőrákos,Tégla lakás,Lépj kapcsolatba a hirdetővel,,Ingatlaniroda,4,2026.0
35599337,kiado,https://ingatlan.com/35599337,"Kiadó tégla lakás - Budapest X. kerület, Gém utca #35599337",1107,"Budapest X. kerület, Gém utca",Budapest,,,2.0,45.0,,HUF,280000,új építésű,nincs megadva,duplakomfortos,2,7,van,3 m-nél alacsonyabb,van,nem,külön helyiségben,délnyugat,utcai,5 m2,nem,teremgarázs hely - bérelhető,30 000 Ft/hó,12 000 Ft/hó,25 700 Ft/hó,"házközponti egyedi méréssel, hűtő-fűtő klíma",van,nincs megadva,nem tetőtéri,,igen,nem,nem hozható,nem megengedett,12 hónap,azonnal,,45.0,280.0,6222,2,2.0,7.0,5.0,25700.0,12000.0,,2020 után (új építésű),824,Gém utca,,7,7,"Budapest X. kerület, Gém utca 7.",2,0,2.0,Gyárdűlő,Tégla lakás,Lépj kapcsolatba a hirdetővel,,Ingatlaniroda,4,2024.0
35599991,kiado,https://ingatlan.com/35599991,"Kiadó tégla lakás - Budapest X. kerület, Gyógyszergyári utca 14. #35599991",1106,"Budapest X. kerület, Gyógyszergyári utca 14.",Budapest,47.497773,19.144117,2.0,45.0,2026.0,HUF,250000,új építésű,2026,luxus,1,nincs megadva,van,nincs megadva,van,igen,egy helyiségben,nyugat,nincs megadva,11 m2,nincs megadva,teremgarázs hely - bérelhető,nincs megadva,nincs megadva,25 000 Ft/hó,házközponti egyedi méréssel,van - 10 cm,nincs megadva,nincs megadva,,nem,igen,hozható,megengedett,12 hónap,azonnal,,45.0,250.0,5556,1,1.0,,11.0,25000.0,,2026.0,2020 után (új építésű),1455,Gyógyszergyári utca,14,,14,"Budapest X. kerület, Gyógyszergyári utca 14.",2,0,2.0,Felsőrákos,Tégla lakás,Lépj kapcsolatba a hirdetővel,,Ingatlaniroda,4,2026.0
35600402,kiado,https://ingatlan.com/35600402,"Kiadó panel lakás - Budapest X. kerület, Lavotta utca #35600402",1104,"Budapest X. kerület, Lavotta utca",Budapest,,,2.0,53.0,1950.0,HUF,250000,felújított,1950 és 1980 között,összkomfortos,10,10,van,3 m-nél alacsonyabb,van,nincs megadva,külön helyiségben,északkelet,panorámás,4 m2,nem,"utca, közterület - ingyenes",,nincs megadva,23 000 Ft/hó,távfűtés egyedi méréssel,nincs megadva,nincs megadva,"legfelső emelet, nem tetőtéri",nem vett részt,nem,nem,hozható,nem megengedett,12 hónap,azonnal,,53.0,250.0,4717,10,10.0,10.0,4.0,23000.0,,,1950-1979 (szocialista modern),446,Lavotta utca,,53,53,"Budapest X. kerület, Lavotta utca 53.",2,0,2.0,Óhegy,Panel lakás,Lépj kapcsolatba a hirdetővel,,Ingatlaniroda,4,1968.0
35601950,kiado,https://ingatlan.com/35601950,"Kiadó csúsztatott zsalus - Budapest X. kerület, Gyógyszergyári utca #35601950",1106,"Budapest X. kerület, Gyógyszergyári utca",Budapest,,,2.0,43.0,,HUF,270000,nincs megadva,nincs megadva,nincs megadva,nincs megadva,nincs megadva,nincs megadva,nincs megadva,nincs megadva,nincs megadva,nincs megadva,nincs megadva,nincs megadva,11 m2,nincs megadva,nincs megadva,,nincs megadva,nincs megadva,nincs megadva,nincs megadva,nincs megadva,,,nincs megadva,nincs megadva,nincs megadva,nincs megadva,nincs megadva,nincs megadva,,43.0,270.0,6279,nincs megadva,,,11.0,,,,Nem ismert,503,Gyógyszergyári utca,,,,"Budapest X. kerület, Gyógyszergyári utca",2,0,2.0,Felsőrákos,Csúsztatott zsalus lakás,Lépj kapcsolatba a hirdetővel,,Ingatlaniroda,2,
35601962,kiado,https://ingatlan.com/35601962,"Kiadó tégla lakás - Budapest X. kerület, Alkér utca #35601962",1104,"Budapest X. kerület, Alkér utca",Budapest,,,2.0,80.0,,HUF,260000,nincs megadva,nincs megadva,nincs megadva,nincs megadva,nincs megadva,nincs megadva,nincs megadva,nincs megadva,nincs megadva,nincs megadva,nincs megadva,nincs megadva,4 m2,nincs megadva,nincs megadva,,nincs megadva,nincs megadva,nincs megadva,nincs megadva,nincs megadva,nincs megadva,,nincs megadva,nincs megadva,nincs megadva,nincs megadva,nincs megadva,nincs megadva,,80.0,260.0,3250,nincs megadva,,,4.0,,,,Nem ismert,1807,Alkér utca,,,,"Budapest X. kerület, Alkér utca",2,0,2.0,Óhegy,Tégla lakás,Lépj kapcsolatba a hirdetővel,,Ingatlaniroda,2,
35601995,kiado,https://ingatlan.com/35601995,"Kiadó tégla lakás - Budapest X. kerület, Gyógyszergyári utca #35601995",1106,"Budapest X. kerület, Gyógyszergyári utca",Budapest,,,2.0,44.0,,HUF,280000,új építésű,nincs megadva,összkomfortos,5,7,van,nincs megadva,van,igen,egy helyiségben,kelet,udvari,11 m2,nem,teremgarázs hely - bérelhető,25 000 Ft/hó,25 000 Ft/hó,25 000 Ft/hó,távfűtés egyedi méréssel,nincs megadva,A+,nincs megadva,,igen,igen,nem hozható,nincs megadva,12 hónap,nincs megadva,,44.0,280.0,6364,5,5.0,7.0,11.0,25000.0,25000.0,,2020 után (új építésű),696,Gyógyszergyári utca,,,,"Budapest X. kerület, Gyógyszergyári utca",2,0,2.0,Felsőrákos,Tégla lakás,Lépj kapcsolatba a hirdetővel,,Ingatlaniroda,4,2024.0
