listing_id,listing_type,url,title,postal_code,street_address,city,lat_jsonld,lon_jsonld,rooms_json,area_m2_json,year_built_json,price_currency,price_huf,allapot,epites_eve_raw,komfort,emelet_raw,epulet_szintjei_raw,lift,belmagassag_raw,klima,akadalymentesitett,furdo_wc,tajolas,kilatas,erkely_raw,kertkapcsolatos,parkolas,parkolohely_ara,rezsikoltseg_raw,kozos_koltseg_raw,futes,szigeteles,energetikai_tanusitvany,tetoter,panelprogram,butorozott,gepesitett,kisallat,dohanyzas,min_berleti_ido,koltozheto,kaucio_raw,alapterulet_nm,ar_millio_ft,nm_ar_huf,emelet,emelet_szam,epulet_szintjei_szam,erkely_nm,kozos_koltseg_huf,rezsikoltseg_huf,epites_eve,epites_eve_kategoria,leiras_hossz,utca,hazszam_eredeti,hazszam_nlp,hazszam_vegleges,cim_teljes,szobaszam_egesz,szobaszam_fel,szobaszam_osszes,varosresz,ingatlan_altipus,hirdeto_neve,iroda_neve,hirdeto_tipus,fenykepek_szama,epites_eve_becsult
32387225,elado,https://ingatlan.com/32387225,"Eladó panel lakás - Budapest X. kerület, Szövőszék utca #32387225",1108,"Budapest X. kerület, Szövőszék utca",Budapest,,,2.0,50.0,,HUF,54900000,felújítandó,nincs megadva,összkomfortos,9,10,van,3 m-nél alacsonyabb,nincs megadva,nincs megadva,külön helyiségben,nincs megadva,utcai,2 m2,nincs megadva,"utca, közterület - ingyenes",,nincs megadva,nincs megadva,távfűtés,van,nincs megadva,nem tetőtéri,nincs megadva,,,,,,,,50.0,54.9,1098000,9,9.0,10.0,2.0,,,,Nem ismert,300,Szövőszék utca,,,,"Budapest X. kerület, Szövőszék utca",2,0,2.0,Újhegy,Panel lakás,Lépj kapcsolatba a hirdetővel,,Ingatlaniroda,4,
33203915,elado,https://ingatlan.com/33203915,"Eladó tégla lakás - Budapest X. kerület, Nyerő utca 7. #33203915",1101,"Budapest X. kerület, Nyerő utca 7.",Budapest,47.486499,19.12325,3.0,64.0,1940.0,HUF,67900000,jó állapotú,1950 előtt,összkomfortos,2,2,nincs,3 m-nél alacsonyabb,nincs,nem,külön helyiségben,dél,kertre néz,nincs megadva,nem,"utca, közterület - ingyenes",,17 000 Ft/hó,20 000 Ft/hó,gázkazán,nincs,nincs megadva,nem tetőtéri,,,,,,,,,64.0,67.9,1060938,2,2.0,2.0,,20000.0,17000.0,,1950 előtt (klasszikus polgári/tégla),907,Nyerő utca,7,,7,"Budapest X. kerület, Nyerő utca 7.",3,0,3.0,Laposdűlő,Tégla lakás,Lépj kapcsolatba a hirdetővel,,Ingatlaniroda,2,1930.0
33365461,elado,https://ingatlan.com/33365461,"Eladó tégla lakás - Budapest X. kerület, Maláta köz #33365461",1105,"Budapest X. kerület, Maláta köz",Budapest,,,4.0,95.0,2001.0,HUF,119000000,újszerű,2001 és 2010 között,összkomfortos,5,5,van,3 m-nél alacsonyabb,van,nincs megadva,külön és egyben is,nincs megadva,utcai,86 m2,igen,teremgarázs hely - megvásárolható,6 MFt,nincs megadva,40 000 Ft/hó,házközponti egyedi méréssel,van,nincs megadva,penthouse,,,,,,,,,95.0,119.0,1252632,5,5.0,5.0,86.0,40000.0,,,2000-2019 (újszerű),1380,Maláta köz,,,,"Budapest X. kerület, Maláta köz",4,0,4.0,Óhegy,Tégla lakás,Lépj kapcsolatba a hirdetővel,,Ingatlaniroda,4,2005.0
33434706,elado,https://ingatlan.com/33434706,"Eladó tégla lakás - Budapest X. kerület, Hungária körút #33434706",1101,"Budapest X. kerület, Hungária körút",Budapest,,,3.0,58.0,1950.0,HUF,89000000,felújított,1950 és 1980 között,összkomfortos,3,3,nincs,3 m-nél alacsonyabb,van,nem,külön helyiségben,délkelet,utcai,2 m2,nincs megadva,udvari beálló - benne van az árban,,15 000 Ft/hó,23 000 Ft/hó,"gáz (konvektor), hűtő-fűtő klíma",nincs megadva,F,nem tetőtéri,,,,,,,,,58.0,89.0,1534483,3,3.0,3.0,2.0,23000.0,15000.0,,1950-1979 (szocialista modern),1177,Hungária körút,,,,"Budapest X. kerület, Hungária körút",3,0,3.0,Laposdűlő,Tégla lakás,Lépj kapcsolatba a hirdetővel,,Ingatlaniroda,4,1968.0
33805283,elado,https://ingatlan.com/33805283,"Eladó tégla lakás - Budapest X. kerület, Tárna utca #33805283",1106,"Budapest X. kerület, Tárna utca",Budapest,,,1.0,28.0,1940.0,HUF,23790000,felújított,1950 előtt,összkomfortos,1,4,van,3 m-nél alacsonyabb,nincs,nem,egy helyiségben,délnyugat,utcai,nincs megadva,nem,"utca, közterület - ingyenes",,nincs megadva,14 000 Ft/hó,elektromos fűtőpanel,nincs,nincs megadva,nincs megadva,,,,,,,,,28.0,23.79,849643,1,1.0,4.0,,14000.0,,,1950 előtt (klasszikus polgári/tégla),1255,Tárna utca,,,,"Budapest X. kerület, Tárna utca",1,0,1.0,Gyárdűlő,Tégla lakás,Lépj kapcsolatba a hirdetővel,,Ingatlaniroda,4,1930.0
33939524,elado,https://ingatlan.com/33939524,"Eladó tégla lakás - Budapest X. kerület, Hős utca 15/A #33939524",1101,"Budapest X. kerület, Hős utca 15/A",Budapest,47.496903,19.114106,1.0,25.0,,HUF,35900000,felújítandó,nincs megadva,félkomfortos,nincs megadva,nincs megadva,nincs,nincs megadva,nincs megadva,nincs megadva,nincs megadva,nincs megadva,nincs megadva,nincs megadva,nincs megadva,nincs megadva,,nincs megadva,nincs megadva,nincs megadva,nincs megadva,nincs megadva,nem tetőtéri,,,,,,,,,25.0,35.9,1436000,nincs megadva,,,,,,,Nem ismert,1205,Hős utca,15/A,,15/A,"Budapest X. kerület, Hős utca 15/A.",1,0,1.0,Laposdűlő,Tégla lakás,Lépj kapcsolatba a hirdetővel,,Ingatlaniroda,2,
34084830,elado,https://ingatlan.com/34084830,"Eladó tégla lakás - Budapest X. kerület, Tavas utca 7. #34084830",1108,"Budapest X. kerület, Tavas utca 7.",Budapest,47.4688,19.1654,3.0,62.0,2025.0,HUF,102200000,új építésű,2025,összkomfortos,földszint,5,van,nincs megadva,van,nem,külön helyiségben,kelet,udvari,24.56 m2,igen,teremgarázs hely - megvásárolható,"5,50 MFt",nincs megadva,nincs megadva,hőszivattyú,van - 15 cm,nincs megadva,nem tetőtéri,,,,,,,,,62.0,102.2,1648387,földszint,0.0,5.0,24.56,,,2025.0,2020 után (új építésű),925,Tavas utca,7,,7,"Budapest X. kerület, Tavas utca 7.",3,0,3.0,Újhegy,Tégla lakás,Lépj kapcsolatba a hirdetővel,,Ingatlaniroda,4,2025.0
34085875,elado,https://ingatlan.com/34085875,"Eladó tégla lakás - Budapest X. kerület, Tavas utca 7. #34085875",1108,"Budapest X. kerület, Tavas utca 7.",Budapest,47.4688,19.1654,3.0,75.0,2025.0,HUF,119900000,új építésű,2025,összkomfortos,4,5,van,nincs megadva,van,nem,külön helyiségben,kelet,udvari,47.82 m2,nem,teremgarázs hely - megvásárolható,"5,50 MFt",nincs megadva,nincs megadva,hőszivattyú,van - 15 cm,nincs megadva,nem tetőtéri,,,,,,,,,75.0,119.9,1598667,4,4.0,5.0,47.82,,,2025.0,2020 után (új építésű),960,Tavas utca,7,,7,"Budapest X. kerület, Tavas utca 7.",3,0,3.0,Újhegy,Tégla lakás,Lépj kapcsolatba a hirdetővel,,Ingatlaniroda,4,2025.0
34103639,elado,https://ingatlan.com/34103639,"Eladó tégla lakás - Budapest X. kerület, Kőbánya - Óhegy #34103639",1103,"Budapest X. kerület, Kőbánya - Óhegy",Budapest,,,4.0,99.0,2024.0,HUF,118380000,nincs megadva,2024,duplakomfortos,2,3,nincs megadva,3 m-nél alacsonyabb,nincs megadva,nincs megadva,nincs megadva,nincs megadva,kertre néz,6 m2,nincs megadva,önálló garázs,,nincs megadva,nincs megadva,nincs megadva,van,A+,nincs megadva,,,,,,,,,99.0,118.38,1195758,2,2.0,3.0,6.0,,,2024.0,2020 után (új építésű),1353,Kőbánya - Óhegy,,,,"Budapest X. kerület, Kőbánya - Óhegy",4,0,4.0,Óhegy,Tégla lakás,Lépj kapcsolatba a hirdetővel,,Ingatlaniroda,4,2024.0
34159451,elado,https://ingatlan.com/34159451,"Eladó tégla lakás - Budapest X. kerület, Dömsödi utca #34159451",1106,"Budapest X. kerület, Dömsödi utca",Budapest,,,1.0,51.0,,HUF,62000000,jó állapotú,nincs megadva,összkomfortos,1,földszintes,van,nincs megadva,nincs megadva,nem,külön helyiségben,nincs megadva,kertre néz,nincs megadva,nincs megadva,nincs megadva,,nincs megadva,nincs megadva,gázkazán,nincs megadva,G,tetőtéri,,,,,,,,,51.0,62.0,1215686,1,1.0,0.0,,,,,Nem ismert,249,Dömsödi utca,,,,"Budapest X. kerület, Dömsödi utca",1,0,1.0,Felsőrákos,Tégla lakás,Lépj kapcsolatba a hirdetővel,,Ingatlaniroda,4,
34255348,elado,https://ingatlan.com/34255348,"Eladó tégla lakás - Budapest X. kerület, Cserkesz utca #34255348",1105,"Budapest X. kerület, Cserkesz utca",Budapest,,,7.0,363.0,1981.0,HUF,149900000,jó állapotú,1981 és 2000 között,összkomfortos,nincs megadva,2,nincs megadva,3 m-nél magasabb,nincs megadva,nincs megadva,külön és egyben is,nincs megadva,utcai,nincs megadva,nincs megadva,"utca, közterület",,nincs megadva,nincs megadva,gázkazán,nincs megadva,nincs megadva,nincs megadva,,,,,,,,,363.0,149.9,412948,nincs megadva,,2.0,,,,,1980-1999 (késő panel/tégla),2560,Cserkesz utca,,,,"Budapest X. kerület, Cserkesz utca",7,0,7.0,Kőbánya-Városközpont,Tégla lakás,Lépj kapcsolatba a hirdetővel,,Ingatlaniroda,4,1988.0
34272895,elado,https://ingatlan.com/34272895,"Eladó tégla lakás - Budapest X. kerület, Szállás utca 16. #34272895",1107,"Budapest X. kerület, Szállás utca 16.",Budapest,47.474732,19.131536,2.0,79.0,1950.0,HUF,70000000,közepes állapotú,1950 és 1980 között,összkomfortos,félemelet,2,nincs,3 m-nél magasabb,van,nem,külön helyiségben,kelet,utcai,1 m2,nem,"utca, közterület - ingyenes",,nincs megadva,23 000 Ft/hó,"gáz (konvektor), hűtő-fűtő klíma",nincs megadva,G,nem tetőtéri,,,,,,,,,79.0,70.0,886076,félemelet,0.5,2.0,1.0,23000.0,,,1950-1979 (szocialista modern),646,Szállás utca,16,,16,"Budapest X. kerület, Szállás utca 16.",2,0,2.0,Gyárdűlő,Tégla lakás,Lépj kapcsolatba a hirdetővel,,Ingatlaniroda,2,1968.0
34283817,elado,https://ingatlan.com/34283817,"Eladó tégla lakás - Budapest X. kerület, Gyógyszergyári utca #34283817",1106,"Budapest X. kerület, Gyógyszergyári utca",Budapest,,,2.0,48.0,2027.0,HUF,75900000,új építésű,2027,összkomfortos,6,9,van,nincs megadva,van,igen,nincs megadva,nincs megadva,nincs megadva,12.49 m2,nem,udvari beálló - megvásárolható,"3,75 MFt",nincs megadva,nincs megadva,távfűtés,nincs megadva,A+,nem tetőtéri,,,,,,,,,48.0,75.9,1581250,6,6.0,9.0,12.49,,,2027.0,2020 után (új építésű),2700,Gyógyszergyári utca,,,,"Budapest X. kerület, Gyógyszergyári utca",2,0,2.0,Felsőrákos,Tégla lakás,Lépj kapcsolatba a hirdetővel,,Ingatlaniroda,4,2027.0
34283864,elado,https://ingatlan.com/34283864,"Eladó tégla lakás - Budapest X. kerület, Gyógyszergyári utca #34283864",1106,"Budapest X. kerület, Gyógyszergyári utca",Budapest,,,2.0,45.0,2027.0,HUF,69880000,új építésű,2027,összkomfortos,5,9,van,nincs megadva,van,igen,nincs megadva,nincs megadva,nincs megadva,10.75 m2,nem,udvari beálló - megvásárolható,"3,75 MFt",nincs megadva,nincs megadva,távfűtés,nincs megadva,A+,nem tetőtéri,,,,,,,,,45.0,69.88,1552889,5,5.0,9.0,10.75,,,2027.0,2020 után (új építésű),2700,Gyógyszergyári utca,,,,"Budapest X. kerület, Gyógyszergyári utca",2,0,2.0,Felsőrákos,Tégla lakás,Lépj kapcsolatba a hirdetővel,,Ingatlaniroda,4,2027.0
34283870,elado,https://ingatlan.com/34283870,"Eladó tégla lakás - Budapest X. kerület, Gyógyszergyári utca #34283870",1106,"Budapest X. kerület, Gyógyszergyári utca",Budapest,,,2.0,45.0,2027.0,HUF,65590000,új építésű,2027,összkomfortos,1,9,van,nincs megadva,van,igen,nincs megadva,nincs megadva,nincs megadva,10.75 m2,nem,udvari beálló - megvásárolható,"3,75 MFt",nincs megadva,nincs megadva,távfűtés,nincs megadva,A+,nem tetőtéri,,,,,,,,,45.0,65.59,1457556,1,1.0,9.0,10.75,,,2027.0,2020 után (új építésű),2700,Gyógyszergyári utca,,,,"Budapest X. kerület, Gyógyszergyári utca",2,0,2.0,Felsőrákos,Tégla lakás,Lépj kapcsolatba a hirdetővel,,Ingatlaniroda,4,2027.0
34283877,elado,https://ingatlan.com/34283877,"Eladó tégla lakás - Budapest X. kerület, Gyógyszergyári utca #34283877",1106,"Budapest X. kerület, Gyógyszergyári utca",Budapest,,,2.0,45.0,2027.0,HUF,70380000,új építésű,2027,összkomfortos,6,9,van,nincs megadva,van,igen,nincs megadva,nincs megadva,nincs megadva,10.75 m2,nem,udvari beálló - megvásárolható,"3,75 MFt",nincs megadva,nincs megadva,távfűtés,nincs megadva,A+,nem tetőtéri,,,,,,,,,45.0,70.38,1564000,6,6.0,9.0,10.75,,,2027.0,2020 után (új építésű),2700,Gyógyszergyári utca,,,,"Budapest X. kerület, Gyógyszergyári utca",2,0,2.0,Felsőrákos,Tégla lakás,Lépj kapcsolatba a hirdetővel,,Ingatlaniroda,4,2027.0
34283891,elado,https://ingatlan.com/34283891,"Eladó tégla lakás - Budapest X. kerület, Gyógyszergyári utca #34283891",1106,"Budapest X. kerület, Gyógyszergyári utca",Budapest,,,2.0,45.0,2027.0,HUF,65590000,új építésű,2027,összkomfortos,1,9,van,nincs megadva,van,igen,nincs megadva,nincs megadva,nincs megadva,10.75 m2,nem,udvari beálló - megvásárolható,"3,75 MFt",nincs megadva,nincs megadva,távfűtés,nincs megadva,A+,nem tetőtéri,,,,,,,,,45.0,65.59,1457556,1,1.0,9.0,10.75,,,2027.0,2020 után (új építésű),2700,Gyógyszergyári utca,,,,"Budapest X. kerület, Gyógyszergyári utca",2,0,2.0,Felsőrákos,Tégla lakás,Lépj kapcsolatba a hirdetővel,,Ingatlaniroda,4,2027.0
34283898,elado,https://ingatlan.com/34283898,"Eladó tégla lakás - Budapest X. kerület, Gyógyszergyári utca #34283898",1106,"Budapest X. kerület, Gyógyszergyári utca",Budapest,,,2.0,51.0,2027.0,HUF,70900000,új építésű,2027,összkomfortos,4,9,van,nincs megadva,van,igen,nincs megadva,nincs megadva,nincs megadva,12.48 m2,nem,udvari beálló - megvásárolható,"3,75 MFt",nincs megadva,nincs megadva,távfűtés,nincs megadva,A+,nem tetőtéri,,,,,,,,,51.0,70.9,1390196,4,4.0,9.0,12.48,,,2027.0,2020 után (új építésű),2700,Gyógyszergyári utca,,,,"Budapest X. kerület, Gyógyszergyári utca",2,0,2.0,Felsőrákos,Tégla lakás,Lépj kapcsolatba a hirdetővel,,Ingatlaniroda,4,2027.0
34284794,elado,https://ingatlan.com/34284794,"Eladó tégla lakás - Budapest X. kerület, Gyógyszergyári utca #34284794",1106,"Budapest X. kerület, Gyógyszergyári utca",Budapest,,,3.0,66.0,2027.0,HUF,76900000,új építésű,2027,összkomfortos,1,7,van,nincs megadva,van,igen,nincs megadva,nincs megadva,nincs megadva,16.18 m2,nem,udvari beálló - megvásárolható,"3,25 MFt",nincs megadva,nincs megadva,távfűtés,nincs megadva,A+,nem tetőtéri,,,,,,,,,66.0,76.9,1165152,1,1.0,7.0,16.18,,,2027.0,2020 után (új építésű),3375,Gyógyszergyári utca,,,,"Budapest X. kerület, Gyógyszergyári utca",3,0,3.0,Felsőrákos,Tégla lakás,Lépj kapcsolatba a hirdetővel,,Ingatlaniroda,4,2027.0
34284795,elado,https://ingatlan.com/34284795,"Eladó tégla lakás - Budapest X. kerület, Gyógyszergyári utca #34284795",1106,"Budapest X. kerület, Gyógyszergyári utca",Budapest,,,2.0,48.0,2027.0,HUF,72900000,új építésű,2027,összkomfortos,1,7,van,nincs megadva,van,igen,nincs megadva,nincs megadva,nincs megadva,12.11 m2,nem,udvari beálló - megvásárolható,"3,25 MFt",nincs megadva,nincs megadva,távfűtés,nincs megadva,A+,nem tetőtéri,,,,,,,,,48.0,72.9,1518750,1,1.0,7.0,12.11,,,2027.0,2020 után (új építésű),3375,Gyógyszergyári utca,,,,"Budapest X. kerület, Gyógyszergyári utca",2,0,2.0,Felsőrákos,Tégla lakás,Lépj kapcsolatba a hirdetővel,,Ingatlaniroda,4,2027.0
34284799,elado,https://ingatlan.com/34284799,"Eladó tégla lakás - Budapest X. kerület, Gyógyszergyári utca #34284799",1106,"Budapest X. kerület, Gyógyszergyári utca",Budapest,,,2.0,51.0,2027.0,HUF,67900000,új építésű,2027,összkomfortos,1,7,van,nincs megadva,van,igen,nincs megadva,nincs megadva,nincs megadva,12.48 m2,nem,udvari beálló - megvásárolható,"3,25 MFt",nincs megadva,nincs megadva,távfűtés,nincs megadva,A+,nem tetőtéri,,,,,,,,,51.0,67.9,1331373,1,1.0,7.0,12.48,,,2027.0,2020 után (új építésű),3375,Gyógyszergyári utca,,,,"Budapest X. kerület, Gyógyszergyári utca",2,0,2.0,Felsőrákos,Tégla lakás,Lépj kapcsolatba a hirdetővel,,Ingatlaniroda,4,2027.0
34284807,elado,https://ingatlan.com/34284807,"Eladó tégla lakás - Budapest X. kerület, Gyógyszergyári utca #34284807",1106,"Budapest X. kerület, Gyógyszergyári utca",Budapest,,,2.0,45.0,2027.0,HUF,74900000,új építésű,2027,összkomfortos,3,7,van,nincs megadva,van,igen,nincs megadva,nincs megadva,nincs megadva,10.63 m2,nem,udvari beálló - megvásárolható,"3,25 MFt",nincs megadva,nincs megadva,távfűtés,nincs megadva,A+,nem tetőtéri,,,,,,,,,45.0,74.9,1664444,3,3.0,7.0,10.63,,,2027.0,2020 után (új építésű),3375,Gyógyszergyári utca,,,,"Budapest X. kerület, Gyógyszergyári utca",2,0,2.0,Felsőrákos,Tégla lakás,Lépj kapcsolatba a hirdetővel,,Ingatlaniroda,4,2027.0
34500511,elado,https://ingatlan.com/34500511,"Eladó tégla lakás - Budapest X. kerület, Cserkesz utca 25b #34500511",1105,"Budapest X. kerület, Cserkesz utca 25b",Budapest,47.481559,19.130438,2.0,67.0,1950.0,HUF,50000000,közepes állapotú,1950 és 1980 között,összkomfortos,1,2,nincs,3 m-nél alacsonyabb,nincs,nem,külön helyiségben,északkelet,utcai,nincs megadva,nem,"utca, közterület - ingyenes",,17 000 Ft/hó,19 310 Ft/hó,gázkazán,nincs,E,"legfelső emelet, nem tetőtéri",,,,,,,,,67.0,50.0,746269,1,1.0,2.0,,19310.0,17000.0,,1950-1979 (szocialista modern),1654,Cserkesz utca,25b,,25b,"Budapest X. kerület, Cserkesz utca 25b.",2,0,2.0,Kőbánya-Városközpont,Tégla lakás,Lépj kapcsolatba a hirdetővel,,Ingatlaniroda,4,1968.0
34581941,elado,https://ingatlan.com/34581941,"Eladó tégla lakás - Budapest X. kerület, Kőrösi Csoma sétány #34581941",1102,"Budapest X. kerület, Kőrösi Csoma sétány",Budapest,,,3.0,71.0,1981.0,HUF,68000000,közepes állapotú,1981 és 2000 között,összkomfortos,2,4,nincs,3 m-nél alacsonyabb,van,nincs megadva,külön helyiségben,nincs megadva,nincs megadva,4 m2,nincs megadva,nincs megadva,,nincs megadva,nincs megadva,házközponti egyedi méréssel,nincs megadva,nincs megadva,nem tetőtéri,,,,,,,,,71.0,68.0,957746,2,2.0,4.0,4.0,,,,1980-1999 (késő panel/tégla),992,Kőrösi Csoma sétány,,,,"Budapest X. kerület, Kőrösi Csoma sétány",3,0,3.0,Kőbánya-Városközpont,Tégla lakás,Lépj kapcsolatba a hirdetővel,,Ingatlaniroda,4,1988.0
34641465,elado,https://ingatlan.com/34641465,"Eladó tégla lakás - Budapest X. kerület, Ónodi utca #34641465",1102,"Budapest X. kerület, Ónodi utca",Budapest,,,3.0,93.0,,HUF,89500000,nincs megadva,nincs megadva,nincs megadva,nincs megadva,nincs megadva,nincs megadva,nincs megadva,nincs megadva,nincs megadva,nincs megadva,nincs megadva,nincs megadva,3 m2,nincs megadva,nincs megadva,,nincs megadva,nincs megadva,nincs megadva,nincs megadva,nincs megadva,nincs megadva,,,,,,,,,93.0,89.5,962366,nincs megadva,,,3.0,,,,Nem ismert,915,Ónodi utca,,,,"Budapest X. kerület, Ónodi utca",3,0,3.0,Ligettelek,Tégla lakás,Lépj kapcsolatba a hirdetővel,,Ingatlaniroda,2,
34681707,elado,https://ingatlan.com/34681707,"Eladó tégla lakás - Budapest X. kerület, Ónodi utca #34681707",1102,"Budapest X. kerület, Ónodi utca",Budapest,,,3.0,93.0,1950.0,HUF,89500000,jó állapotú,1950 és 1980 között,komfortos,1,2,nincs,3 m-nél alacsonyabb,van,nem,külön és egyben is,kelet,utcai,3 m2,nincs megadva,"utca, közterület - ingyenes",,nincs megadva,24 000 Ft/hó,"cserépkályha, gáz (konvektor)",nincs megadva,nincs megadva,nem tetőtéri,,,,,,,,,93.0,89.5,962366,1,1.0,2.0,3.0,24000.0,,,1950-1979 (szocialista modern),1555,Ónodi utca,,,,"Budapest X. kerület, Ónodi utca",3,0,3.0,Kőbánya-Városközpont,Tégla lakás,Lépj kapcsolatba a hirdetővel,,Ingatlaniroda,4,1968.0
34689555,elado,https://ingatlan.com/34689555,"Eladó tégla lakás - Budapest X. kerület, Ónodi utca #34689555",1102,"Budapest X. kerület, Ónodi utca",Budapest,,,3.0,92.0,1950.0,HUF,89500000,közepes állapotú,1950 és 1980 között,összkomfortos,1,2,nincs,3 m-nél alacsonyabb,nincs megadva,nem,nincs megadva,északkelet,utcai,2 m2,nem,"utca, közterület",,nincs megadva,nincs megadva,nincs megadva,nincs megadva,nincs megadva,nem tetőtéri,,,,,,,,,92.0,89.5,972826,1,1.0,2.0,2.0,,,,1950-1979 (szocialista modern),1365,Ónodi utca,,,,"Budapest X. kerület, Ónodi utca",3,0,3.0,Kőbánya-Városközpont,Tégla lakás,Lépj kapcsolatba a hirdetővel,,Ingatlaniroda,4,1968.0
34694265,elado,https://ingatlan.com/34694265,"Eladó tégla lakás - Budapest X. kerület, Állomás utca #34694265",1102,"Budapest X. kerület, Állomás utca",Budapest,,,3.0,89.0,1950.0,HUF,92900000,felújított,1950 és 1980 között,összkomfortos,3,3,nincs,3 m-nél magasabb,nincs megadva,nincs megadva,nincs megadva,nincs megadva,panorámás,3 m2,nincs megadva,nincs megadva,,nincs megadva,25 000 Ft/hó,gázkazán,nincs megadva,nincs megadva,nincs megadva,,,,,,,,,89.0,92.9,1043820,3,3.0,3.0,3.0,25000.0,,,1950-1979 (szocialista modern),1235,Állomás utca,,,,"Budapest X. kerület, Állomás utca",3,0,3.0,Ligettelek,Tégla lakás,Lépj kapcsolatba a hirdetővel,,Ingatlaniroda,4,1968.0
34706185,elado,https://ingatlan.com/34706185,"Eladó panel lakás - Budapest X. kerület, Hang utca 6. #34706185",1108,"Budapest X. kerület, Hang utca 6.",Budapest,47.471423,19.166025,3.0,68.0,,HUF,61900000,jó állapotú,nincs megadva,nincs megadva,3,10,van,3 m-nél alacsonyabb,nincs megadva,nincs megadva,egy helyiségben,dél,utcai,2 m2,nincs megadva,"utca, közterület - ingyenes",,nincs megadva,nincs megadva,nincs megadva,nincs megadva,nincs megadva,nincs megadva,nincs megadva,,,,,,,,68.0,61.9,910294,3,3.0,10.0,2.0,,,,Nem ismert,898,Hang utca,6,6,6,"Budapest X. kerület, Hang utca 6.",3,0,3.0,Újhegy,Panel lakás,Lépj kapcsolatba a hirdetővel,,Ingatlaniroda,2,
34711189,elado,https://ingatlan.com/34711189,"Eladó tégla lakás - Budapest X. kerület, Szárnyas utca #34711189",1107,"Budapest X. kerület, Szárnyas utca",Budapest,,,2.0,29.0,,HUF,55000000,felújított,nincs megadva,nincs megadva,2,nincs megadva,nincs megadva,nincs megadva,van,nincs megadva,külön helyiségben,nincs megadva,utcai,nincs megadva,nincs megadva,"utca, közterület",,nincs megadva,12 Ft/hó,gáz (konvektor),nincs megadva,nincs megadva,nincs megadva,,,,,,,,,29.0,55.0,1896552,2,2.0,,,12.0,,,Nem ismert,296,Szárnyas utca,,,,"Budapest X. kerület, Szárnyas utca",2,0,2.0,Gyárdűlő,Tégla lakás,Lépj kapcsolatba a hirdetővel,,Ingatlaniroda,2,
34725015,elado,https://ingatlan.com/34725015,"Eladó tégla lakás - Budapest X. kerület, Szent László tér #34725015",1102,"Budapest X. kerület, Szent László tér",Budapest,,,2.0,48.0,1950.0,HUF,48000000,felújított,1950 és 1980 között,összkomfortos,szuterén,3,nincs,3 m-nél alacsonyabb,nincs,nem,egy helyiségben,dél,utcai,nincs megadva,nem,"utca, közterület - fizetős övezet",,15 000 Ft/hó,12 000 Ft/hó,elektromos fűtőpanel,nincs,D,nem tetőtéri,,,,,,,,,48.0,48.0,1000000,szuterén,-1.0,3.0,,12000.0,15000.0,,1950-1979 (szocialista modern),2141,Szent László tér,,,,"Budapest X. kerület, Szent László tér",2,0,2.0,Ligettelek,Tégla lakás,Lépj kapcsolatba a hirdetővel,,Ingatlaniroda,4,1968.0
34730728,elado,https://ingatlan.com/34730728,"Tégla lakás bérleti joga átadó - Budapest X. kerület, Hungária körút 1-3. #34730728",1101,"Budapest X. kerület, Hungária körút 1-3.",Budapest,47.489503,19.109289,4.0,53.0,,HUF,16500000,nincs megadva,nincs megadva,nincs megadva,nincs megadva,nincs megadva,nincs megadva,nincs megadva,nincs megadva,nincs megadva,nincs megadva,nincs megadva,nincs megadva,nincs megadva,nincs megadva,nincs megadva,,nincs megadva,nincs megadva,nincs megadva,nincs megadva,nincs megadva,nincs megadva,,,,,,,,,53.0,16.5,311321,nincs megadva,,,,,,,Nem ismert,149,Hungária körút,1-3,,1-3,"Budapest X. kerület, Hungária körút 1-3.",4,0,4.0,Laposdűlő,Tégla lakás,Lépj kapcsolatba a hirdetővel,,Ingatlaniroda,4,
34734042,elado,https://ingatlan.com/34734042,"Eladó tégla lakás - Budapest X. kerület, Gyógyszergyári utca #34734042",1106,"Budapest X. kerület, Gyógyszergyári utca",Budapest,,,3.0,66.0,2027.0,HUF,83900000,új építésű,2027,összkomfortos,8,8,van,nincs megadva,van,igen,nincs megadva,nincs megadva,nincs megadva,16.18 m2,nincs megadva,udvari beálló - megvásárolható,"3,25 MFt",nincs megadva,nincs megadva,távfűtés,nincs megadva,A+,nem tetőtéri,,,,,,,,,66.0,83.9,1271212,8,8.0,8.0,16.18,,,2027.0,2020 után (új építésű),3375,Gyógyszergyári utca,,,,"Budapest X. kerület, Gyógyszergyári utca",3,0,3.0,Felsőrákos,Tégla lakás,Lépj kapcsolatba a hirdetővel,,Ingatlaniroda,4,2027.0
34737611,elado,https://ingatlan.com/34737611,"Eladó tégla lakás - Budapest X. kerület, Kőbánya - Óhegy #34737611",1103,"Budapest X. kerület, Kőbánya - Óhegy",Budapest,,,4.0,66.0,2025.0,HUF,106048078,új építésű,2025,duplakomfortos,1,8,van,3 m-nél alacsonyabb,nincs megadva,nincs megadva,egy helyiségben,dél,nincs megadva,26.56 m2,igen,teremgarázs hely,,nincs megadva,nincs megadva,"hőszivattyú, padlófűtés, mennyezeti hűtés-fűtés",van,nincs megadva,nincs megadva,,,,,,,,,66.0,106.05,1606789,1,1.0,8.0,26.56,,,2025.0,2020 után (új építésű),1022,Kőbánya - Óhegy,,,,"Budapest X. kerület, Kőbánya - Óhegy",4,0,4.0,Óhegy,Tégla lakás,Lépj kapcsolatba a hirdetővel,,Ingatlaniroda,3,2025.0
34737664,elado,https://ingatlan.com/34737664,"Eladó tégla lakás - Budapest X. kerület, Kőbánya - Óhegy #34737664",1103,"Budapest X. kerület, Kőbánya - Óhegy",Budapest,,,3.0,60.0,2025.0,HUF,90748850,új építésű,2025,duplakomfortos,1,8,van,3 m-nél alacsonyabb,nincs megadva,nincs megadva,egy helyiségben,délkelet,nincs megadva,15.35 m2,nincs megadva,teremgarázs hely,,nincs megadva,nincs megadva,"hőszivattyú, padlófűtés, mennyezeti hűtés-fűtés",van,nincs megadva,nincs megadva,,,,,,,,,60.0,90.75,1512481,1,1.0,8.0,15.35,,,2025.0,2020 után (új építésű),1022,Kőbánya - Óhegy,,,,"Budapest X. kerület, Kőbánya - Óhegy",3,0,3.0,Óhegy,Tégla lakás,Lépj kapcsolatba a hirdetővel,,Ingatlaniroda,3,2025.0
34737782,elado,https://ingatlan.com/34737782,"Eladó tégla lakás - Budapest X. kerület, Kőbánya - Óhegy #34737782",1103,"Budapest X. kerület, Kőbánya - Óhegy",Budapest,,,1.0,35.0,2025.0,HUF,56851985,új építésű,2025,összkomfortos,2,8,van,3 m-nél alacsonyabb,nincs megadva,nincs megadva,egy helyiségben,nincs megadva,nincs megadva,10.95 m2,nincs megadva,teremgarázs hely,,nincs megadva,nincs megadva,"hőszivattyú, padlófűtés, mennyezeti hűtés-fűtés",van,nincs megadva,nincs megadva,,,,,,,,,35.0,56.85,1624342,2,2.0,8.0,10.95,,,2025.0,2020 után (új építésű),1022,Kőbánya - Óhegy,,,,"Budapest X. kerület, Kőbánya - Óhegy",1,0,1.0,Óhegy,Tégla lakás,Lépj kapcsolatba a hirdetővel,,Ingatlaniroda,3,2025.0
34737897,elado,https://ingatlan.com/34737897,"Eladó tégla lakás - Budapest X. kerület, Kőbánya - Óhegy #34737897",1103,"Budapest X. kerület, Kőbánya - Óhegy",Budapest,,,2.0,40.0,2025.0,HUF,68134339,új építésű,2025,összkomfortos,3,8,van,3 m-nél alacsonyabb,nincs megadva,nincs megadva,egy helyiségben,északnyugat,nincs megadva,18.07 m2,nincs megadva,teremgarázs hely,,nincs megadva,nincs megadva,"hőszivattyú, padlófűtés, mennyezeti hűtés-fűtés",van,nincs megadva,nincs megadva,,,,,,,,,40.0,68.13,1703358,3,3.0,8.0,18.07,,,2025.0,2020 után (új építésű),1022,Kőbánya - Óhegy,,,,"Budapest X. kerület, Kőbánya - Óhegy",2,0,2.0,Óhegy,Tégla lakás,Lépj kapcsolatba a hirdetővel,,Ingatlaniroda,3,2025.0
34757421,elado,https://ingatlan.com/34757421,"Eladó tégla lakás - Budapest X. kerület, Állomás utca #34757421",1102,"Budapest X. kerület, Állomás utca",Budapest,,,4.0,115.0,1940.0,HUF,99900000,jó állapotú,1950 előtt,duplakomfortos,2,3,nincs,3 m-nél magasabb,van,nem,külön és egyben is,nincs megadva,utcai,nincs megadva,nincs megadva,"utca, közterület - fizetős övezet",,nincs megadva,nincs megadva,gáz (konvektor),nincs megadva,nincs megadva,nem tetőtéri,,,,,,,,,115.0,99.9,868696,2,2.0,3.0,,,,,1950 előtt (klasszikus polgári/tégla),1225,Állomás utca,,,,"Budapest X. kerület, Állomás utca",4,0,4.0,Ligettelek,Tégla lakás,Lépj kapcsolatba a hirdetővel,,Ingatlaniroda,4,1930.0
34764399,elado,https://ingatlan.com/34764399,"Eladó tégla lakás - Budapest X. kerület, Ligettelek #34764399",1101,"Budapest X. kerület, Ligettelek",Budapest,,,1.0,32.0,1950.0,HUF,21600000,felújított,1950 és 1980 között,összkomfortos,szuterén,2,nincs,3 m-nél alacsonyabb,nincs,nem,egy helyiségben,délnyugat,utcai,nincs megadva,nem,"utca, közterület - ingyenes",,10 000 Ft/hó,18 000 Ft/hó,elektromos fűtőpanel,nincs,nincs megadva,nincs megadva,,,,,,,,,32.0,21.6,675000,szuterén,-1.0,2.0,,18000.0,10000.0,,1950-1979 (szocialista modern),1014,Ligettelek,,,,"Budapest X. kerület, Ligettelek",1,0,1.0,Ligettelek,Tégla lakás,Lépj kapcsolatba a hirdetővel,,Ingatlaniroda,4,1968.0
34803922,elado,https://ingatlan.com/34803922,"Eladó tégla lakás - Budapest X. kerület, Gyógyszergyári utca #34803922",1106,"Budapest X. kerület, Gyógyszergyári utca",Budapest,,,2.0,45.0,2027.0,HUF,71900000,új építésű,2027,összkomfortos,7,9,van,nincs megadva,van,igen,nincs megadva,nincs megadva,nincs megadva,10.99 m2,nincs megadva,udvari beálló - megvásárolható,"3,75 MFt",nincs megadva,nincs megadva,távfűtés,nincs megadva,A+,nincs megadva,,,,,,,,,45.0,71.9,1597778,7,7.0,9.0,10.99,,,2027.0,2020 után (új építésű),2720,Gyógyszergyári utca,,,,"Budapest X. kerület, Gyógyszergyári utca",2,0,2.0,Felsőrákos,Tégla lakás,Lépj kapcsolatba a hirdetővel,,Ingatlaniroda,4,2027.0
34803994,elado,https://ingatlan.com/34803994,"Eladó tégla lakás - Budapest X. kerület, Gyógyszergyári utca #34803994",1106,"Budapest X. kerület, Gyógyszergyári utca",Budapest,,,2.0,51.0,2027.0,HUF,68900000,új építésű,2027,összkomfortos,2,9,van,nincs megadva,van,igen,nincs megadva,nincs megadva,nincs megadva,12.48 m2,nincs megadva,udvari beálló - megvásárolható,"3,75 MFt",nincs megadva,nincs megadva,távfűtés,nincs megadva,A+,nincs megadva,,,,,,,,,51.0,68.9,1350980,2,2.0,9.0,12.48,,,2027.0,2020 után (új építésű),2700,Gyógyszergyári utca,,,,"Budapest X. kerület, Gyógyszergyári utca",2,0,2.0,Felsőrákos,Tégla lakás,Lépj kapcsolatba a hirdetővel,,Ingatlaniroda,4,2027.0
34816029,elado,https://ingatlan.com/34816029,"Eladó tégla lakás - Budapest X. kerület, Gyógyszergyári utca #34816029",1106,"Budapest X. kerület, Gyógyszergyári utca",Budapest,,,2.0,56.0,2027.0,HUF,78790000,új építésű,2027,összkomfortos,1,9,van,nincs megadva,van,igen,nincs megadva,nincs megadva,nincs megadva,13.39 m2,nincs megadva,udvari beálló - megvásárolható,"3,75 MFt",nincs megadva,nincs megadva,távfűtés,nincs megadva,A+,nincs megadva,,,,,,,,,56.0,78.79,1406964,1,1.0,9.0,13.39,,,2027.0,2020 után (új építésű),2700,Gyógyszergyári utca,,,,"Budapest X. kerület, Gyógyszergyári utca",2,0,2.0,Felsőrákos,Tégla lakás,Lépj kapcsolatba a hirdetővel,,Ingatlaniroda,4,2027.0
34836306,elado,https://ingatlan.com/34836306,"Eladó tégla lakás - Budapest X. kerület, Gyógyszergyári utca #34836306",1106,"Budapest X. kerület, Gyógyszergyári utca",Budapest,,,2.0,54.0,2027.0,HUF,77900000,új építésű,2027,összkomfortos,2,7,van,nincs megadva,van,igen,nincs megadva,nincs megadva,nincs megadva,13.91 m2,nincs megadva,udvari beálló - megvásárolható,"3,25 MFt",nincs megadva,nincs megadva,távfűtés,nincs megadva,A+,nincs megadva,,,,,,,,,54.0,77.9,1442593,2,2.0,7.0,13.91,,,2027.0,2020 után (új építésű),3375,Gyógyszergyári utca,,,,"Budapest X. kerület, Gyógyszergyári utca",2,0,2.0,Felsőrákos,Tégla lakás,Lépj kapcsolatba a hirdetővel,,Ingatlaniroda,4,2027.0
34837342,elado,https://ingatlan.com/34837342,"Eladó panel lakás - Budapest X. kerület, Ligettelek #34837342",1101,"Budapest X. kerület, Ligettelek",Budapest,,,3.0,68.0,1950.0,HUF,71900000,közepes állapotú,1950 és 1980 között,összkomfortos,1,10,van,3 m-nél alacsonyabb,nincs megadva,igen,nincs megadva,nincs megadva,utcai,4 m2,nem,"utca, közterület",,nincs megadva,nincs megadva,távfűtés,nincs megadva,nincs megadva,nem tetőtéri,nincs megadva,,,,,,,,68.0,71.9,1057353,1,1.0,10.0,4.0,,,,1950-1979 (szocialista modern),567,Ligettelek,,,,"Budapest X. kerület, Ligettelek",3,0,3.0,Ligettelek,Panel lakás,Lépj kapcsolatba a hirdetővel,,Ingatlaniroda,4,1968.0
34838697,elado,https://ingatlan.com/34838697,"Eladó tégla lakás - Budapest X. kerület, Martinovics tér 9. #34838697",1105,"Budapest X. kerület, Martinovics tér 9.",Budapest,47.481085,19.134945,3.0,64.0,2013.0,HUF,81000000,jó állapotú,2013,összkomfortos,földszint,5,nincs megadva,3 m-nél alacsonyabb,nincs megadva,nincs megadva,egy helyiségben,délkelet,udvari,44 m2,nincs megadva,teremgarázs hely - megvásárolható,"6,50 MFt",nincs megadva,nincs megadva,gázkazán,van,A,nincs megadva,,,,,,,,,64.0,81.0,1265625,földszint,0.0,5.0,44.0,,,2013.0,2000-2019 (újszerű),750,Martinovics tér,9,,9,"Budapest X. kerület, Martinovics tér 9.",3,0,3.0,Óhegy,Tégla lakás,Lépj kapcsolatba a hirdetővel,,Ingatlaniroda,4,2013.0
34839670,elado,https://ingatlan.com/34839670,"Eladó tégla lakás - Budapest X. kerület, Gyógyszergyári utca #34839670",1106,"Budapest X. kerület, Gyógyszergyári utca",Budapest,,,1.0,32.0,2027.0,HUF,49900000,új építésű,2027,összkomfortos,4,9,van,nincs megadva,van,igen,nincs megadva,nincs megadva,nincs megadva,7.58 m2,nincs megadva,udvari beálló - megvásárolható,"3,75 MFt",nincs megadva,nincs megadva,távfűtés,nincs megadva,A+,nincs megadva,,,,,,,,,32.0,49.9,1559375,4,4.0,9.0,7.58,,,2027.0,2020 után (új építésű),2700,Gyógyszergyári utca,,,,"Budapest X. kerület, Gyógyszergyári utca",1,0,1.0,Felsőrákos,Tégla lakás,Lépj kapcsolatba a hirdetővel,,Ingatlaniroda,4,2027.0
34852211,elado,https://ingatlan.com/34852211,"Eladó tégla lakás - Budapest X. kerület, Gergely utca 94. #34852211",1103,"Budapest X. kerület, Gergely utca 94.",Budapest,47.466464,19.158341,3.0,132.0,2025.0,HUF,128490000,nincs megadva,2025,luxus,földszint,2,nincs megadva,nincs megadva,van,nincs megadva,külön és egyben is,nincs megadva,kertre néz,25 m2,nincs megadva,önálló garázs - benne van az árban,,40 000 Ft/hó,nincs megadva,"hőszivattyú, mennyezeti hűtés-fűtés, padlófűtés",van,A++,nincs megadva,,,,,,,,,132.0,128.49,973409,földszint,0.0,2.0,25.0,,40000.0,2025.0,2020 után (új építésű),3129,Gergely utca,94,,94,"Budapest X. kerület, Gergely utca 94.",3,0,3.0,Újhegy,Tégla lakás,Lépj kapcsolatba a hirdetővel,,Ingatlaniroda,4,2025.0
34861613,elado,https://ingatlan.com/34861613,"Eladó tégla lakás - Budapest X. kerület, Ligettelek #34861613",1101,"Budapest X. kerület, Ligettelek",Budapest,,,2.0,55.0,1940.0,HUF,67900000,felújított,1950 előtt,összkomfortos,félemelet,3,nincs,3 m-nél magasabb,nincs megadva,nem,egy helyiségben,kelet,utcai,5 m2,nincs megadva,"utca, közterület - ingyenes",,15 000 Ft/hó,25 000 Ft/hó,"gázkazán, padlófűtés",nincs megadva,A+,nincs megadva,,,,,,,,,55.0,67.9,1234545,félemelet,0.5,3.0,5.0,25000.0,15000.0,,1950 előtt (klasszikus polgári/tégla),2371,Ligettelek,,,,"Budapest X. kerület, Ligettelek",2,0,2.0,Ligettelek,Tégla lakás,Lépj kapcsolatba a hirdetővel,,Ingatlaniroda,4,1930.0
34866716,elado,https://ingatlan.com/34866716,"Eladó tégla lakás - Budapest X. kerület, Füzér utca #34866716",1102,"Budapest X. kerület, Füzér utca",Budapest,,,2.0,54.0,,HUF,68900000,felújított,nincs megadva,összkomfortos,földszint,3,nincs,3 m-nél magasabb,nincs megadva,nincs megadva,egy helyiségben,délkelet,utcai,nincs megadva,nincs megadva,"utca, közterület - ingyenes",,15 000 Ft/hó,25 000 Ft/hó,"gázkazán, padlófűtés",nincs megadva,nincs megadva,nincs megadva,,,,,,,,,54.0,68.9,1275926,földszint,0.0,3.0,,25000.0,15000.0,,Nem ismert,773,Füzér utca,,,,"Budapest X. kerület, Füzér utca",2,0,2.0,Ligettelek,Tégla lakás,Lépj kapcsolatba a hirdetővel,,Ingatlaniroda,4,
34868725,elado,https://ingatlan.com/34868725,"Eladó tégla lakás - Budapest X. kerület, Gyógyszergyári utca #34868725",1106,"Budapest X. kerület, Gyógyszergyári utca",Budapest,,,2.0,54.0,2027.0,HUF,83900000,új építésű,2027,összkomfortos,6,7,van,nincs megadva,van,igen,nincs megadva,nincs megadva,nincs megadva,13.5 m2,nincs megadva,udvari beálló - megvásárolható,"3,25 MFt",nincs megadva,nincs megadva,távfűtés,nincs megadva,A+,nincs megadva,,,,,,,,,54.0,83.9,1553704,6,6.0,7.0,13.5,,,2027.0,2020 után (új építésű),3375,Gyógyszergyári utca,,,,"Budapest X. kerület, Gyógyszergyári utca",2,0,2.0,Felsőrákos,Tégla lakás,Lépj kapcsolatba a hirdetővel,,Ingatlaniroda,4,2027.0
34877843,elado,https://ingatlan.com/34877843,"Eladó tégla lakás - Budapest X. kerület, Bánya utca #34877843",1102,"Budapest X. kerület, Bánya utca",Budapest,,,4.0,111.0,1940.0,HUF,109000000,felújított,1950 előtt,összkomfortos,1,nincs megadva,nincs,3 m-nél magasabb,van,nem,külön és egyben is,délnyugat,kertre néz,16 m2,nem,udvari beálló - benne van az árban,,nincs megadva,nincs megadva,gázkazán,nincs megadva,nincs megadva,nem tetőtéri,,,,,,,,,111.0,109.0,981982,1,1.0,,16.0,,,,1950 előtt (klasszikus polgári/tégla),2143,Bánya utca,,,,"Budapest X. kerület, Bánya utca",4,0,4.0,Ligettelek,Tégla lakás,Lépj kapcsolatba a hirdetővel,,Ingatlaniroda,4,1930.0
34879477,elado,https://ingatlan.com/34879477,"Eladó tégla lakás - Budapest X. kerület, Gyógyszergyári utca #34879477",1106,"Budapest X. kerület, Gyógyszergyári utca",Budapest,,,2.0,48.0,2027.0,HUF,75900000,új építésű,2027,összkomfortos,6,7,van,nincs megadva,van,igen,nincs megadva,nincs megadva,nincs megadva,12.49 m2,nincs megadva,udvari beálló - megvásárolható,"3,25 MFt",nincs megadva,nincs megadva,távfűtés,nincs megadva,A+,nincs megadva,,,,,,,,,48.0,75.9,1581250,6,6.0,7.0,12.49,,,2027.0,2020 után (új építésű),3375,Gyógyszergyári utca,,,,"Budapest X. kerület, Gyógyszergyári utca",2,0,2.0,Felsőrákos,Tégla lakás,Lépj kapcsolatba a hirdetővel,,Ingatlaniroda,4,2027.0
34883044,elado,https://ingatlan.com/34883044,"Eladó tégla lakás - Budapest X. kerület, Kápolna utca #34883044",1103,"Budapest X. kerület, Kápolna utca",Budapest,,,3.0,70.0,1950.0,HUF,60000000,felújított,1950 és 1980 között,összkomfortos,földszint,4,nincs,3 m-nél alacsonyabb,nincs,igen,külön és egyben is,kelet,udvari,nincs megadva,igen,"utca, közterület - fizetős övezet",,nincs megadva,nincs megadva,"elektromos fűtőpanel, hűtő-fűtő klíma",van - 10 cm,nincs megadva,nem tetőtéri,,,,,,,,,70.0,60.0,857143,földszint,0.0,4.0,,,,,1950-1979 (szocialista modern),2372,Kápolna utca,,25,25,"Budapest X. kerület, Kápolna utca 25.",3,0,3.0,Óhegy,Tégla lakás,Lépj kapcsolatba a hirdetővel,,Ingatlaniroda,4,1968.0
34901695,elado,https://ingatlan.com/34901695,"Eladó tégla lakás - Budapest X. kerület, Gyömrői út 39. #34901695",1103,"Budapest X. kerület, Gyömrői út 39.",Budapest,47.471005,19.142609,2.0,42.0,1950.0,HUF,57900000,felújított,1950 és 1980 között,összkomfortos,nincs megadva,földszintes,nincs megadva,nincs megadva,van,nincs megadva,egy helyiségben,nincs megadva,kertre néz,4 m2,igen,udvari beálló - benne van az árban,,25 000 Ft/hó,10 000 Ft/hó,"hűtő-fűtő klíma, elektromos fűtőpanel",nincs megadva,nincs megadva,nincs megadva,,,,,,,,,42.0,57.9,1378571,nincs megadva,,0.0,4.0,10000.0,25000.0,,1950-1979 (szocialista modern),1521,Gyömrői út,39,,39,"Budapest X. kerület, Gyömrői út 39.",2,0,2.0,Újhegy,Tégla lakás,Lépj kapcsolatba a hirdetővel,,Ingatlaniroda,4,1968.0
34902531,elado,https://ingatlan.com/34902531,"Eladó tégla lakás - Budapest X. kerület, Hortobágyi utca #34902531",1106,"Budapest X. kerület, Hortobágyi utca",Budapest,,,1.0,23.0,1950.0,HUF,23900000,felújított,1950 és 1980 között,komfortos,földszint,2,nincs,3 m-nél alacsonyabb,nincs,nincs megadva,egy helyiségben,nincs megadva,udvari,nincs megadva,nem,udvari beálló - megvásárolható,"1,60 MFt",nincs megadva,nincs megadva,"hőszivattyú, padlófűtés",van,C,nem tetőtéri,,,,,,,,,23.0,23.9,1039130,földszint,0.0,2.0,,,,,1950-1979 (szocialista modern),1536,Hortobágyi utca,,,,"Budapest X. kerület, Hortobágyi utca",1,0,1.0,Felsőrákos,Tégla lakás,Lépj kapcsolatba a hirdetővel,,Ingatlaniroda,4,1968.0
34904184,elado,https://ingatlan.com/34904184,"Eladó tégla lakás - Budapest X. kerület, Martinovics tér #34904184",1105,"Budapest X. kerület, Martinovics tér",Budapest,,,4.0,120.0,,HUF,68000000,közepes állapotú,nincs megadva,duplakomfortos,földszint,4,nincs megadva,3 m-nél alacsonyabb,nincs megadva,igen,külön és egyben is,nincs megadva,udvari,nincs megadva,igen,"utca, közterület",,nincs megadva,nincs megadva,padlófűtés,nincs megadva,nincs megadva,nincs megadva,,,,,,,,,120.0,68.0,566667,földszint,0.0,4.0,,,,,Nem ismert,1090,Martinovics tér,,120,120,"Budapest X. kerület, Martinovics tér 120.",4,0,4.0,Óhegy,Tégla lakás,Lépj kapcsolatba a hirdetővel,,Ingatlaniroda,4,
34909050,elado,https://ingatlan.com/34909050,"Eladó csúsztatott zsalus - Budapest X. kerület, Harmat utca #34909050",1104,"Budapest X. kerület, Harmat utca",Budapest,,,3.0,64.0,1981.0,HUF,71500000,közepes állapotú,1981 és 2000 között,összkomfortos,6,10,van,3 m-nél alacsonyabb,nincs,nem,külön helyiségben,nyugat,panorámás,6 m2,nem,"utca, közterület - ingyenes",,nincs megadva,17 300 Ft/hó,távfűtés egyedi méréssel,van,nincs megadva,,,,,,,,,,64.0,71.5,1117188,6,6.0,10.0,6.0,17300.0,,,1980-1999 (késő panel/tégla),1791,Harmat utca,,,,"Budapest X. kerület, Harmat utca",3,0,3.0,Óhegy,Csúsztatott zsalus lakás,Lépj kapcsolatba a hirdetővel,,Ingatlaniroda,2,1988.0
34917635,elado,https://ingatlan.com/34917635,"Eladó panel lakás - Budapest X. kerület, Tavas utca 4. #34917635",1108,"Budapest X. kerület, Tavas utca 4.",Budapest,47.467441,19.161165,3.0,68.0,1950.0,HUF,62900000,közepes állapotú,1950 és 1980 között,összkomfortos,nincs megadva,10,van,3 m-nél alacsonyabb,nincs megadva,igen,külön helyiségben,délnyugat,kertre néz,3 m2,nincs megadva,"utca, közterület",,nincs megadva,20 750 Ft/hó,távfűtés,van,nincs megadva,nincs megadva,részt vett,,,,,,,,68.0,62.9,925000,nincs megadva,,10.0,3.0,20750.0,,,1950-1979 (szocialista modern),2756,Tavas utca,4,10,4,"Budapest X. kerület, Tavas utca 4.",3,0,3.0,Újhegy,Panel lakás,Lépj kapcsolatba a hirdetővel,,Ingatlaniroda,3,1968.0
34940520,elado,https://ingatlan.com/34940520,"Eladó tégla lakás - Budapest X. kerület, Kismartoni út #34940520",1101,"Budapest X. kerület, Kismartoni út",Budapest,,,2.0,73.0,,HUF,107900000,nincs megadva,nincs megadva,nincs megadva,nincs megadva,nincs megadva,nincs megadva,nincs megadva,nincs megadva,nincs megadva,nincs megadva,nincs megadva,nincs megadva,20 m2,nincs megadva,nincs megadva,,nincs megadva,nincs megadva,nincs megadva,nincs megadva,nincs megadva,nincs megadva,,,,,,,,,73.0,107.9,1478082,nincs megadva,,,20.0,,,,Nem ismert,364,Kismartoni út,,,,"Budapest X. kerület, Kismartoni út",2,0,2.0,Óhegy,Tégla lakás,Lépj kapcsolatba a hirdetővel,,Ingatlaniroda,2,
34946499,elado,https://ingatlan.com/34946499,"Eladó tégla lakás - Budapest X. kerület, Maglódi út #34946499",1106,"Budapest X. kerület, Maglódi út",Budapest,,,1.0,35.0,,HUF,41900000,közepes állapotú,nincs megadva,nincs megadva,1,3,nincs megadva,3 m-nél alacsonyabb,nincs megadva,nincs megadva,külön helyiségben,nincs megadva,udvari,nincs megadva,nincs megadva,nincs megadva,,16 000 Ft/hó,14 000 Ft/hó,egyéb kazán,nincs megadva,nincs megadva,nincs megadva,,,,,,,,,35.0,41.9,1197143,1,1.0,3.0,,14000.0,16000.0,,Nem ismert,523,Maglódi út,,,,"Budapest X. kerület, Maglódi út",1,0,1.0,Gyárdűlő,Tégla lakás,Lépj kapcsolatba a hirdetővel,,Ingatlaniroda,4,
34952643,elado,https://ingatlan.com/34952643,"Eladó tégla lakás - Budapest X. kerület, Gyógyszergyári utca #34952643",1106,"Budapest X. kerület, Gyógyszergyári utca",Budapest,,,2.0,48.0,2027.0,HUF,75900000,új építésű,2027,összkomfortos,6,7,van,nincs megadva,van,igen,nincs megadva,nincs megadva,nincs megadva,12.11 m2,nincs megadva,udvari beálló - megvásárolható,"3,25 MFt",nincs megadva,nincs megadva,távfűtés,nincs megadva,A+,nincs megadva,,,,,,,,,48.0,75.9,1581250,6,6.0,7.0,12.11,,,2027.0,2020 után (új építésű),3395,Gyógyszergyári utca,,,,"Budapest X. kerület, Gyógyszergyári utca",2,0,2.0,Felsőrákos,Tégla lakás,Lépj kapcsolatba a hirdetővel,,Ingatlaniroda,4,2027.0
34952778,elado,https://ingatlan.com/34952778,"Eladó tégla lakás - Budapest X. kerület, Gyógyszergyári utca #34952778",1106,"Budapest X. kerület, Gyógyszergyári utca",Budapest,,,2.0,48.0,2027.0,HUF,75900000,új építésű,2027,összkomfortos,5,9,van,nincs megadva,van,igen,nincs megadva,nincs megadva,nincs megadva,12.11 m2,nincs megadva,udvari beálló - megvásárolható,"3,75 MFt",nincs megadva,nincs megadva,távfűtés,nincs megadva,A+,nincs megadva,,,,,,,,,48.0,75.9,1581250,5,5.0,9.0,12.11,,,2027.0,2020 után (új építésű),2700,Gyógyszergyári utca,,,,"Budapest X. kerület, Gyógyszergyári utca",2,0,2.0,Felsőrákos,Tégla lakás,Lépj kapcsolatba a hirdetővel,,Ingatlaniroda,4,2027.0
34955182,elado,https://ingatlan.com/34955182,"Eladó tégla lakás - Budapest X. kerület, Gyógyszergyári utca #34955182",1106,"Budapest X. kerület, Gyógyszergyári utca",Budapest,,,2.0,48.0,2027.0,HUF,76900000,új építésű,2027,összkomfortos,7,9,van,nincs megadva,van,igen,nincs megadva,nincs megadva,nincs megadva,12.11 m2,nincs megadva,udvari beálló - megvásárolható,"3,75 MFt",nincs megadva,nincs megadva,távfűtés,nincs megadva,A+,nincs megadva,,,,,,,,,48.0,76.9,1602083,7,7.0,9.0,12.11,,,2027.0,2020 után (új építésű),2721,Gyógyszergyári utca,,,,"Budapest X. kerület, Gyógyszergyári utca",2,0,2.0,Felsőrákos,Tégla lakás,Lépj kapcsolatba a hirdetővel,,Ingatlaniroda,4,2027.0
34955206,elado,https://ingatlan.com/34955206,"Eladó tégla lakás - Budapest X. kerület, Gyógyszergyári utca #34955206",1106,"Budapest X. kerület, Gyógyszergyári utca",Budapest,,,2.0,51.0,2027.0,HUF,74900000,új építésű,2027,összkomfortos,1,9,van,nincs megadva,van,igen,nincs megadva,nincs megadva,nincs megadva,12.51 m2,nincs megadva,udvari beálló - megvásárolható,"3,75 MFt",nincs megadva,nincs megadva,távfűtés,nincs megadva,A+,nincs megadva,,,,,,,,,51.0,74.9,1468627,1,1.0,9.0,12.51,,,2027.0,2020 után (új építésű),2700,Gyógyszergyári utca,,,,"Budapest X. kerület, Gyógyszergyári utca",2,0,2.0,Felsőrákos,Tégla lakás,Lépj kapcsolatba a hirdetővel,,Ingatlaniroda,4,2027.0
34963213,elado,https://ingatlan.com/34963213,"Eladó tégla lakás - Budapest X. kerület, Füzér utca #34963213",1102,"Budapest X. kerület, Füzér utca",Budapest,,,1.0,17.0,,HUF,17000000,felújított,nincs megadva,összkomfortos,nincs megadva,nincs megadva,nincs megadva,3 m-nél alacsonyabb,nincs megadva,nem,nincs megadva,délkelet,utcai,nincs megadva,nem,"utca, közterület - fizetős övezet",,nincs megadva,nincs megadva,nincs megadva,nincs megadva,nincs megadva,nincs megadva,,,,,,,,,17.0,17.0,1000000,nincs megadva,,,,,,,Nem ismert,1422,Füzér utca,,17,17,"Budapest X. kerület, Füzér utca 17.",1,0,1.0,Ligettelek,Tégla lakás,Lépj kapcsolatba a hirdetővel,,Ingatlaniroda,4,
34971479,elado,https://ingatlan.com/34971479,"Eladó panel lakás - Budapest X. kerület, Lenfonó utca #34971479",1108,"Budapest X. kerület, Lenfonó utca",Budapest,,,3.0,68.0,,HUF,70000000,jó állapotú,nincs megadva,összkomfortos,10,10,van,nincs megadva,van,nincs megadva,külön helyiségben,dél,panorámás,4 m2,nincs megadva,"utca, közterület - ingyenes",,40 000 Ft/hó,15 000 Ft/hó,távfűtés,van,C,nincs megadva,részt vett,,,,,,,,68.0,70.0,1029412,10,10.0,10.0,4.0,15000.0,40000.0,,Nem ismert,1260,Lenfonó utca,,2,2,"Budapest X. kerület, Lenfonó utca 2.",3,0,3.0,Újhegy,Panel lakás,Lépj kapcsolatba a hirdetővel,,Ingatlaniroda,4,
34980261,elado,https://ingatlan.com/34980261,"Eladó tégla lakás - Budapest X. kerület, Népliget #34980261",1101,"Budapest X. kerület, Népliget",Budapest,,,2.0,120.0,2001.0,HUF,163000000,felújított,2001 és 2010 között,összkomfortos,5,nincs megadva,van,3 m-nél alacsonyabb,nincs megadva,nincs megadva,nincs megadva,dél,kertre néz,nincs megadva,nincs megadva,nincs megadva,,nincs megadva,25 000 Ft/hó,házközponti egyedi méréssel,nincs megadva,nincs megadva,nem tetőtéri,,,,,,,,,120.0,163.0,1358333,5,5.0,,,25000.0,,,2000-2019 (újszerű),1218,Népliget,,,,"Budapest X. kerület, Népliget",2,0,2.0,Kőbánya egyéb,Tégla lakás,Lépj kapcsolatba a hirdetővel,,Ingatlaniroda,4,2005.0
34985186,elado,https://ingatlan.com/34985186,"Eladó tégla lakás - Budapest X. kerület, Kápolna utca #34985186",1102,"Budapest X. kerület, Kápolna utca",Budapest,,,3.0,70.0,1950.0,HUF,70000000,felújított,1950 és 1980 között,összkomfortos,földszint,földszintes,nincs megadva,nincs megadva,nincs megadva,igen,egy helyiségben,nincs megadva,udvari,nincs megadva,igen,"utca, közterület - fizetős övezet",,nincs megadva,nincs megadva,nincs megadva,van - 10 cm,nincs megadva,nincs megadva,,,,,,,,,70.0,70.0,1000000,földszint,0.0,0.0,,,,,1950-1979 (szocialista modern),19,Kápolna utca,,,,"Budapest X. kerület, Kápolna utca",3,0,3.0,Kőbánya-Városközpont,Tégla lakás,Lépj kapcsolatba a hirdetővel,,Ingatlaniroda,4,1968.0
34988259,elado,https://ingatlan.com/34988259,"Eladó tégla lakás - Budapest X. kerület, Vasláb utca 3/19 #34988259",1101,"Budapest X. kerület, Vasláb utca 3/19",Budapest,47.485608,19.124045,2.0,52.0,1940.0,HUF,59000000,felújítandó,1950 előtt,összkomfortos,nincs megadva,földszintes,nincs,nincs megadva,nincs,nincs megadva,egy helyiségben,dél,kertre néz,nincs megadva,igen,"utca, közterület - ingyenes",,nincs megadva,nincs megadva,"gáz (konvektor), egyéb",nincs,nincs megadva,nincs megadva,,,,,,,,,52.0,59.0,1134615,nincs megadva,,0.0,,,,,1950 előtt (klasszikus polgári/tégla),428,Vasláb utca,3/19,,3/19,"Budapest X. kerület, Vasláb utca 3/19.",2,0,2.0,Laposdűlő,Tégla lakás,Lépj kapcsolatba a hirdetővel,,Ingatlaniroda,2,1930.0
35009760,elado,https://ingatlan.com/35009760,"Eladó tégla lakás - Budapest X. kerület, Márga utca #35009760",1103,"Budapest X. kerület, Márga utca",Budapest,,,1.0,40.0,1950.0,HUF,38000000,felújítandó,1950 és 1980 között,összkomfortos,földszint,földszintes,nincs,3 m-nél alacsonyabb,nincs,igen,egy helyiségben,északkelet,utcai,nincs megadva,igen,"utca, közterület - ingyenes",,20 000 Ft/hó,nincs megadva,gáz (konvektor),nincs megadva,nincs megadva,nem tetőtéri,,,,,,,,,40.0,38.0,950000,földszint,0.0,0.0,,,20000.0,,1950-1979 (szocialista modern),950,Márga utca,,,,"Budapest X. kerület, Márga utca",1,0,1.0,Óhegy,Tégla lakás,Lépj kapcsolatba a hirdetővel,,Ingatlaniroda,4,1968.0
35010892,elado,https://ingatlan.com/35010892,"Eladó tégla lakás - Budapest X. kerület, Ligettelek #35010892",1101,"Budapest X. kerület, Ligettelek",Budapest,,,6.0,139.0,,HUF,137900000,felújított,nincs megadva,nincs megadva,nincs megadva,nincs megadva,nincs megadva,nincs megadva,van,nincs megadva,külön helyiségben,nincs megadva,nincs megadva,nincs megadva,igen,nincs megadva,,nincs megadva,nincs megadva,gázkazán,nincs megadva,nincs megadva,nincs megadva,,,,,,,,,139.0,137.9,992086,nincs megadva,,,,,,,Nem ismert,1848,Ligettelek,,,,"Budapest X. kerület, Ligettelek",6,0,6.0,Ligettelek,Tégla lakás,Lépj kapcsolatba a hirdetővel,,Ingatlaniroda,4,
35011615,elado,https://ingatlan.com/35011615,"Eladó tégla lakás - Budapest X. kerület, Szlávy utca #35011615",1103,"Budapest X. kerület, Szlávy utca",Budapest,,,2.0,44.0,1940.0,HUF,35800000,közepes állapotú,1950 előtt,nincs megadva,szuterén,2,nincs megadva,3 m-nél alacsonyabb,nincs,nincs megadva,egy helyiségben,dél,utcai,nincs megadva,nincs megadva,"utca, közterület",,22 000 Ft/hó,11 600 Ft/hó,elektromos fűtőpanel,nincs megadva,G,nincs megadva,,,,,,,,,44.0,35.8,813636,szuterén,-1.0,2.0,,11600.0,22000.0,,1950 előtt (klasszikus polgári/tégla),1254,Szlávy utca,,44,44,"Budapest X. kerület, Szlávy utca 44.",2,0,2.0,Óhegy,Tégla lakás,Lépj kapcsolatba a hirdetővel,,Ingatlaniroda,4,1930.0
35012388,elado,https://ingatlan.com/35012388,"Eladó panel lakás - Budapest X. kerület, Szárnyas utca #35012388",1107,"Budapest X. kerület, Szárnyas utca",Budapest,,,1.0,37.0,,HUF,53000000,felújított,nincs megadva,összkomfortos,földszint,nincs megadva,nincs megadva,nincs megadva,nincs megadva,nincs megadva,nincs megadva,nincs megadva,nincs megadva,nincs megadva,nincs megadva,nincs megadva,,nincs megadva,nincs megadva,gáz (konvektor),van,nincs megadva,nincs megadva,nincs megadva,,,,,,,,37.0,53.0,1432432,földszint,0.0,,,,,,Nem ismert,211,Szárnyas utca,,,,"Budapest X. kerület, Szárnyas utca",1,0,1.0,Gyárdűlő,Panel lakás,Lépj kapcsolatba a hirdetővel,,Ingatlaniroda,2,
35014903,elado,https://ingatlan.com/35014903,"Eladó tégla lakás - Budapest X. kerület, Kőbánya - Óhegy #35014903",1103,"Budapest X. kerület, Kőbánya - Óhegy",Budapest,,,3.0,115.0,2024.0,HUF,124000000,újszerű,2024,duplakomfortos,földszint,2,nincs,3 m-nél alacsonyabb,nincs megadva,nincs megadva,külön és egyben is,nincs megadva,kertre néz,220 m2,igen,udvari beálló - benne van az árban,,nincs megadva,nincs megadva,"hőszivattyú, padlófűtés",van - 15 cm,nincs megadva,nincs megadva,,,,,,,,,115.0,124.0,1078261,földszint,0.0,2.0,220.0,,,2024.0,2020 után (új építésű),590,Kőbánya - Óhegy,,,,"Budapest X. kerület, Kőbánya - Óhegy",3,0,3.0,Óhegy,Tégla lakás,Lépj kapcsolatba a hirdetővel,,Ingatlaniroda,4,2024.0
35015025,elado,https://ingatlan.com/35015025,"Eladó tégla lakás - Budapest X. kerület, Kőbánya - Óhegy #35015025",1103,"Budapest X. kerület, Kőbánya - Óhegy",Budapest,,,3.0,130.0,2024.0,HUF,124000000,újszerű,2024,duplakomfortos,földszint,2,nincs,3 m-nél alacsonyabb,nincs megadva,nincs megadva,külön és egyben is,nincs megadva,kertre néz,220 m2,igen,udvari beálló - benne van az árban,,nincs megadva,nincs megadva,"hőszivattyú, padlófűtés, mennyezeti hűtés-fűtés",van - 15 cm,A,tetőtéri,,,,,,,,,130.0,124.0,953846,földszint,0.0,2.0,220.0,,,2024.0,2020 után (új építésű),607,Kőbánya - Óhegy,,,,"Budapest X. kerület, Kőbánya - Óhegy",3,0,3.0,Óhegy,Tégla lakás,Lépj kapcsolatba a hirdetővel,,Ingatlaniroda,4,2024.0
35018466,elado,https://ingatlan.com/35018466,"Eladó tégla lakás - Budapest X. kerület, Gyógyszergyári utca #35018466",1106,"Budapest X. kerület, Gyógyszergyári utca",Budapest,,,2.0,49.0,2027.0,HUF,75900000,új építésű,2027,összkomfortos,6,7,van,nincs megadva,van,igen,nincs megadva,nincs megadva,nincs megadva,12.11 m2,nincs megadva,udvari beálló - megvásárolható,"3,25 MFt",nincs megadva,nincs megadva,távfűtés,nincs megadva,A+,nincs megadva,,,,,,,,,49.0,75.9,1548980,6,6.0,7.0,12.11,,,2027.0,2020 után (új építésű),3375,Gyógyszergyári utca,,,,"Budapest X. kerület, Gyógyszergyári utca",2,0,2.0,Felsőrákos,Tégla lakás,Lépj kapcsolatba a hirdetővel,,Ingatlaniroda,4,2027.0
35021141,elado,https://ingatlan.com/35021141,"Eladó csúsztatott zsalus - Budapest X. kerület, Ónodi utca #35021141",1102,"Budapest X. kerület, Ónodi utca",Budapest,,,2.0,56.0,,HUF,63000000,jó állapotú,nincs megadva,nincs megadva,1,10,van,nincs megadva,nincs megadva,nincs megadva,egy helyiségben,kelet,nincs megadva,4 m2,nincs megadva,nincs megadva,,nincs megadva,15 800 Ft/hó,távfűtés,nincs megadva,nincs megadva,,,,,,,,,,56.0,63.0,1125000,1,1.0,10.0,4.0,15800.0,,,Nem ismert,1032,Ónodi utca,,,,"Budapest X. kerület, Ónodi utca",2,0,2.0,Ligettelek,Csúsztatott zsalus lakás,Lépj kapcsolatba a hirdetővel,,Ingatlaniroda,4,
35021166,elado,https://ingatlan.com/35021166,"Eladó tégla lakás - Budapest X. kerület, Népliget #35021166",1101,"Budapest X. kerület, Népliget",Budapest,,,2.0,80.0,2001.0,HUF,163000000,jó állapotú,2001 és 2010 között,nincs megadva,5,5,van,nincs megadva,van,nincs megadva,egy helyiségben,dél,panorámás,80 m2,nincs megadva,teremgarázs hely,,nincs megadva,25 000 Ft/hó,házközponti egyedi méréssel,nincs megadva,nincs megadva,penthouse,,,,,,,,,80.0,163.0,2037500,5,5.0,5.0,80.0,25000.0,,,2000-2019 (újszerű),1301,Népliget,,,,"Budapest X. kerület, Népliget",2,0,2.0,Kőbánya egyéb,Tégla lakás,Lépj kapcsolatba a hirdetővel,,Ingatlaniroda,4,2005.0
35022325,elado,https://ingatlan.com/35022325,"Eladó panel lakás - Budapest X. kerület, Kővágó utca #35022325",1108,"Budapest X. kerület, Kővágó utca",Budapest,,,3.0,68.0,,HUF,73000000,jó állapotú,nincs megadva,nincs megadva,1,10,van,nincs megadva,nincs megadva,nincs megadva,nincs megadva,nincs megadva,nincs megadva,3 m2,nincs megadva,nincs megadva,,nincs megadva,nincs megadva,távfűtés,nincs megadva,nincs megadva,nincs megadva,nincs megadva,,,,,,,,68.0,73.0,1073529,1,1.0,10.0,3.0,,,,Nem ismert,89,Kővágó utca,,,,"Budapest X. kerület, Kővágó utca",3,0,3.0,Újhegy,Panel lakás,Lépj kapcsolatba a hirdetővel,,Ingatlaniroda,2,
35029132,elado,https://ingatlan.com/35029132,"Eladó panel lakás - Budapest X. kerület, Hungária körút #35029132",1101,"Budapest X. kerület, Hungária körút",Budapest,,,3.0,72.0,1981.0,HUF,82900000,újszerű,1981 és 2000 között,nincs megadva,8,több mint 10,van,3 m-nél alacsonyabb,van,nincs megadva,külön helyiségben,nincs megadva,utcai,3.6 m2,nem,"utca, közterület",,nincs megadva,35 000 Ft/hó,házközponti,van,nincs megadva,nem tetőtéri,részt vett,,,,,,,,72.0,82.9,1151389,8,8.0,10.0,3.6,35000.0,,,1980-1999 (késő panel/tégla),461,Hungária körút,,,,"Budapest X. kerület, Hungária körút",3,0,3.0,Laposdűlő,Panel lakás,Lépj kapcsolatba a hirdetővel,,Ingatlaniroda,4,1988.0
35033656,elado,https://ingatlan.com/35033656,"Eladó panel lakás - Budapest X. kerület, Szövőszék utca 2. #35033656",1108,"Budapest X. kerület, Szövőszék utca 2.",Budapest,47.47196,19.160361,2.0,50.0,,HUF,59900000,nincs megadva,nincs megadva,nincs megadva,nincs megadva,nincs megadva,nincs megadva,nincs megadva,nincs megadva,nincs megadva,nincs megadva,nincs megadva,nincs megadva,6 m2,nincs megadva,nincs megadva,,nincs megadva,nincs megadva,nincs megadva,nincs megadva,nincs megadva,nincs megadva,nincs megadva,,,,,,,,50.0,59.9,1198000,nincs megadva,,,6.0,,,,Nem ismert,809,Szövőszék utca,2,,2,"Budapest X. kerület, Szövőszék utca 2.",2,0,2.0,Újhegy,Panel lakás,Lépj kapcsolatba a hirdetővel,,Ingatlaniroda,2,
35035943,elado,https://ingatlan.com/35035943,"Eladó tégla lakás - Budapest X. kerület, Martinovics tér 9. #35035943",1105,"Budapest X. kerület, Martinovics tér 9.",Budapest,47.481085,19.134945,5.0,107.0,2013.0,HUF,120000000,újszerű,2013,duplakomfortos,4,5,nincs megadva,3 m-nél alacsonyabb,van,nincs megadva,egy helyiségben,nincs megadva,panorámás,35 m2,nincs megadva,udvari beálló - benne van az árban,,nincs megadva,45 000 Ft/hó,gázkazán,nincs megadva,nincs megadva,nincs megadva,,,,,,,,,107.0,120.0,1121495,4,4.0,5.0,35.0,45000.0,,2013.0,2000-2019 (újszerű),602,Martinovics tér,9,,9,"Budapest X. kerület, Martinovics tér 9.",5,0,5.0,Óhegy,Tégla lakás,Lépj kapcsolatba a hirdetővel,,Ingatlaniroda,4,2013.0
35035988,elado,https://ingatlan.com/35035988,"Eladó tégla lakás - Budapest X. kerület, Martinovics tér 9. #35035988",1105,"Budapest X. kerület, Martinovics tér 9.",Budapest,47.481085,19.134945,3.0,84.0,2013.0,HUF,94900000,jó állapotú,2013,duplakomfortos,4,5,nincs megadva,3 m-nél alacsonyabb,nincs megadva,nincs megadva,külön és egyben is,nincs megadva,panorámás,22 m2,nincs megadva,udvari beálló - benne van az árban,,nincs megadva,38 000 Ft/hó,gázkazán,nincs megadva,nincs megadva,nincs megadva,,,,,,,,,84.0,94.9,1129762,4,4.0,5.0,22.0,38000.0,,2013.0,2000-2019 (újszerű),467,Martinovics tér,9,,9,"Budapest X. kerület, Martinovics tér 9.",3,0,3.0,Óhegy,Tégla lakás,Lépj kapcsolatba a hirdetővel,,Ingatlaniroda,4,2013.0
35037614,elado,https://ingatlan.com/35037614,"Eladó csúsztatott zsalus - Budapest X. kerület, Kőrösi Csoma sétány #35037614",1102,"Budapest X. kerület, Kőrösi Csoma sétány",Budapest,,,5.0,105.0,1981.0,HUF,95500000,közepes állapotú,1981 és 2000 között,duplakomfortos,4,4,nincs,3 m-nél alacsonyabb,nincs megadva,nincs megadva,egy helyiségben,délkelet,panorámás,5 m2,nincs megadva,"utca, közterület",,nincs megadva,23 000 Ft/hó,távfűtés,nincs megadva,nincs megadva,,,,,,,,,,105.0,95.5,909524,4,4.0,4.0,5.0,23000.0,,,1980-1999 (késő panel/tégla),1302,Kőrösi Csoma sétány,,,,"Budapest X. kerület, Kőrösi Csoma sétány",5,0,5.0,Kőbánya-Városközpont,Csúsztatott zsalus lakás,Lépj kapcsolatba a hirdetővel,,Ingatlaniroda,4,1988.0
35040008,elado,https://ingatlan.com/35040008,"Eladó tégla lakás - Budapest X. kerület, Martinovics tér #35040008",1105,"Budapest X. kerület, Martinovics tér",Budapest,,,3.0,122.0,1940.0,HUF,83900000,közepes állapotú,1950 előtt,nincs megadva,3,6,van,3 m-nél magasabb,nincs,nincs megadva,külön helyiségben,északnyugat,nincs megadva,nincs megadva,nem,"utca, közterület - fizetős övezet",,nincs megadva,31 000 Ft/hó,gázkazán,nincs,nincs megadva,nem tetőtéri,,,,,,,,,122.0,83.9,687705,3,3.0,6.0,,31000.0,,,1950 előtt (klasszikus polgári/tégla),1321,Martinovics tér,,,,"Budapest X. kerület, Martinovics tér",3,0,3.0,Óhegy,Tégla lakás,Lépj kapcsolatba a hirdetővel,,Ingatlaniroda,4,1930.0
35044014,elado,https://ingatlan.com/35044014,"Eladó tégla lakás - Budapest X. kerület, Kápolna utca #35044014",1102,"Budapest X. kerület, Kápolna utca",Budapest,,,1.0,40.0,1981.0,HUF,44900000,jó állapotú,1981 és 2000 között,összkomfortos,2,3,nincs,3 m-nél alacsonyabb,van,nem,külön helyiségben,nincs megadva,utcai,nincs megadva,nem,"utca, közterület - ingyenes",,nincs megadva,nincs megadva,gázkazán,nincs megadva,nincs megadva,nem tetőtéri,,,,,,,,,40.0,44.9,1122500,2,2.0,3.0,,,,,1980-1999 (késő panel/tégla),1443,Kápolna utca,,25-ben,25-ben,"Budapest X. kerület, Kápolna utca 25-ben.",1,0,1.0,Kőbánya-Városközpont,Tégla lakás,Lépj kapcsolatba a hirdetővel,,Ingatlaniroda,2,1988.0
35044912,elado,https://ingatlan.com/35044912,"Eladó panel lakás - Budapest X. kerület, Kőbánya-Városközpont #35044912",1105,"Budapest X. kerület, Kőbánya-Városközpont",Budapest,,,3.0,70.0,,HUF,72000000,jó állapotú,nincs megadva,nincs megadva,1,nincs megadva,nincs megadva,nincs megadva,nincs megadva,nincs megadva,nincs megadva,nincs megadva,nincs megadva,nincs megadva,nincs megadva,nincs megadva,,nincs megadva,nincs megadva,nincs megadva,nincs megadva,nincs megadva,nincs megadva,nincs megadva,,,,,,,,70.0,72.0,1028571,1,1.0,,,,,,Nem ismert,722,Kőbánya-Városközpont,,,,"Budapest X. kerület, Kőbánya-Városközpont",3,0,3.0,Kőbánya-Városközpont,Panel lakás,Lépj kapcsolatba a hirdetővel,,Ingatlaniroda,4,
35054100,elado,https://ingatlan.com/35054100,"Eladó panel lakás - Budapest X. kerület, Mélytó utca #35054100",1108,"Budapest X. kerület, Mélytó utca",Budapest,,,2.0,49.0,1981.0,HUF,65000000,felújított,1981 és 2000 között,összkomfortos,10,10,van,3 m-nél alacsonyabb,nincs,nem,külön helyiségben,délkelet,panorámás,3 m2,nem,"utca, közterület - ingyenes",,30 000 Ft/hó,14 000 Ft/hó,távfűtés,van,D,nem tetőtéri,részt vett,,,,,,,,49.0,65.0,1326531,10,10.0,10.0,3.0,14000.0,30000.0,,1980-1999 (késő panel/tégla),190,Mélytó utca,,2,2,"Budapest X. kerület, Mélytó utca 2.",2,0,2.0,Újhegy,Panel lakás,Lépj kapcsolatba a hirdetővel,,Ingatlaniroda,2,1988.0
35054443,elado,https://ingatlan.com/35054443,"Eladó tégla lakás - Budapest X. kerület, Gergely utca #35054443",1103,"Budapest X. kerület, Gergely utca",Budapest,,,2.0,56.0,1950.0,HUF,54900000,közepes állapotú,1950 és 1980 között,összkomfortos,2,2,nincs,nincs megadva,nincs,nem,külön helyiségben,nincs megadva,utcai,nincs megadva,nem,nincs megadva,,nincs megadva,nincs megadva,gáz (konvektor),nincs megadva,nincs megadva,nincs megadva,,,,,,,,,56.0,54.9,980357,2,2.0,2.0,,,,,1950-1979 (szocialista modern),646,Gergely utca,,,,"Budapest X. kerület, Gergely utca",2,0,2.0,Óhegy,Tégla lakás,Lépj kapcsolatba a hirdetővel,,Ingatlaniroda,2,1968.0
35057314,elado,https://ingatlan.com/35057314,"Eladó csúsztatott zsalus - Budapest X. kerület, Harmat utca #35057314",1104,"Budapest X. kerület, Harmat utca",Budapest,,,2.0,53.0,,HUF,64500000,jó állapotú,nincs megadva,összkomfortos,3,8,van,3 m-nél alacsonyabb,van,nincs megadva,nincs megadva,délnyugat,kertre néz,5 m2,nincs megadva,"utca, közterület - ingyenes",,16 000 Ft/hó,10 600 Ft/hó,távfűtés,nincs megadva,C,,,,,,,,,,53.0,64.5,1216981,3,3.0,8.0,5.0,10600.0,16000.0,,Nem ismert,1652,Harmat utca,,,,"Budapest X. kerület, Harmat utca",2,0,2.0,Óhegy,Csúsztatott zsalus lakás,Lépj kapcsolatba a hirdetővel,,Ingatlaniroda,2,
35067507,elado,https://ingatlan.com/35067507,"Eladó tégla lakás - Budapest X. kerület, Kőbánya - Óhegy #35067507",1103,"Budapest X. kerület, Kőbánya - Óhegy",Budapest,,,3.0,158.0,2025.0,HUF,119990000,nincs megadva,2025,luxus,földszint,földszintes,nincs megadva,nincs megadva,nincs megadva,nincs megadva,nincs megadva,nincs megadva,nincs megadva,16.8 m2,igen,nincs megadva,,nincs megadva,nincs megadva,"hőszivattyú, mennyezeti hűtés-fűtés, padlófűtés",nincs megadva,nincs megadva,nincs megadva,,,,,,,,,158.0,119.99,759430,földszint,0.0,0.0,16.8,,,2025.0,2020 után (új építésű),1915,Kőbánya - Óhegy,,,,"Budapest X. kerület, Kőbánya - Óhegy",3,0,3.0,Óhegy,Tégla lakás,Lépj kapcsolatba a hirdetővel,,Ingatlaniroda,4,2025.0
35068026,elado,https://ingatlan.com/35068026,"Eladó tégla lakás - Budapest X. kerület, Kolozsvári utca #35068026",1102,"Budapest X. kerület, Kolozsvári utca",Budapest,,,4.0,80.0,2001.0,HUF,45000000,közepes állapotú,2001 és 2010 között,összkomfortos,1,2,nincs,3 m-nél alacsonyabb,van,nem,külön és egyben is,délkelet,kertre néz,5 m2,nem,"utca, közterület - ingyenes",,30 000 Ft/hó,nincs megadva,"gázkazán, hűtő-fűtő klíma",van - 15 cm,E,tetőtéri,,,,,,,,,80.0,45.0,562500,1,1.0,2.0,5.0,,30000.0,,2000-2019 (újszerű),1076,Kolozsvári utca,,,,"Budapest X. kerület, Kolozsvári utca",4,0,4.0,Ligettelek,Tégla lakás,Lépj kapcsolatba a hirdetővel,,Ingatlaniroda,4,2005.0
35077112,elado,https://ingatlan.com/35077112,"Eladó panel lakás - Budapest X. kerület, Kővágó utca #35077112",1108,"Budapest X. kerület, Kővágó utca",Budapest,,,3.0,66.0,,HUF,62900000,jó állapotú,nincs megadva,összkomfortos,6,nincs megadva,van,nincs megadva,nincs megadva,nincs megadva,nincs megadva,nincs megadva,nincs megadva,3 m2,nincs megadva,nincs megadva,,25 000 Ft/hó,nincs megadva,távfűtés egyedi méréssel,nincs megadva,nincs megadva,nincs megadva,nincs megadva,,,,,,,,66.0,62.9,953030,6,6.0,,3.0,,25000.0,,Nem ismert,286,Kővágó utca,,,,"Budapest X. kerület, Kővágó utca",3,0,3.0,Újhegy,Panel lakás,Lépj kapcsolatba a hirdetővel,,Ingatlaniroda,4,
35078338,elado,https://ingatlan.com/35078338,"Eladó panel lakás - Budapest X. kerület, Kápolna utca 1. #35078338",1102,"Budapest X. kerület, Kápolna utca 1.",Budapest,47.481887,19.129128,4.0,63.0,1950.0,HUF,79990000,felújított,1950 és 1980 között,összkomfortos,4,10,van,3 m-nél alacsonyabb,van,igen,külön helyiségben,nincs megadva,nincs megadva,nincs megadva,nem,"utca, közterület - ingyenes",,21 000 Ft/hó,13 Ft/hó,"távfűtés, hűtő-fűtő klíma",van,C,nem tetőtéri,nincs megadva,,,,,,,,63.0,79.99,1269683,4,4.0,10.0,,13.0,21000.0,,1950-1979 (szocialista modern),1482,Kápolna utca,1,,1,"Budapest X. kerület, Kápolna utca 1.",4,0,4.0,Kőbánya-Városközpont,Panel lakás,Lépj kapcsolatba a hirdetővel,,Ingatlaniroda,4,1968.0
35079748,elado,https://ingatlan.com/35079748,"Eladó tégla lakás - Budapest X. kerület, Kőbánya - Óhegy #35079748",1103,"Budapest X. kerület, Kőbánya - Óhegy",Budapest,,,3.0,70.0,1950.0,HUF,99900000,közepes állapotú,1950 és 1980 között,összkomfortos,2,3,nincs,nincs megadva,nincs megadva,nem,egy helyiségben,nincs megadva,nincs megadva,nincs megadva,nincs megadva,önálló garázs - benne van az árban,,nincs megadva,nincs megadva,egyéb,nincs megadva,nincs megadva,nincs megadva,,,,,,,,,70.0,99.9,1427143,2,2.0,3.0,,,,,1950-1979 (szocialista modern),1387,Kőbánya - Óhegy,,,,"Budapest X. kerület, Kőbánya - Óhegy",3,0,3.0,Óhegy,Tégla lakás,Lépj kapcsolatba a hirdetővel,,Ingatlaniroda,4,1968.0
35080516,elado,https://ingatlan.com/35080516,"Eladó tégla lakás - Budapest X. kerület, Újhegyi út 18/b #35080516",1108,"Budapest X. kerület, Újhegyi út 18/b",Budapest,47.468138,19.16875,3.0,63.0,2026.0,HUF,87000000,új építésű,2026,összkomfortos,1,4,van,nincs megadva,van,nem,külön és egyben is,észak,kertre néz,25 m2,nincs megadva,teremgarázs hely - megvásárolható,7 MFt,nincs megadva,nincs megadva,"hőszivattyú, hűtő-fűtő klíma",van,nincs megadva,nem tetőtéri,,,,,,,,,63.0,87.0,1380952,1,1.0,4.0,25.0,,,2026.0,2020 után (új építésű),2535,Újhegyi út,18/b,18,18/b,"Budapest X. kerület, Újhegyi út 18/b.",3,0,3.0,Újhegy,Tégla lakás,Lépj kapcsolatba a hirdetővel,,Ingatlaniroda,4,2026.0
35080604,elado,https://ingatlan.com/35080604,"Eladó tégla lakás - Budapest X. kerület, Újhegyi út 18/a #35080604",1108,"Budapest X. kerület, Újhegyi út 18/a",Budapest,47.468138,19.16875,3.0,61.0,2026.0,HUF,87000000,nincs megadva,2026,duplakomfortos,földszint,4,van,nincs megadva,van,nem,külön és egyben is,nincs megadva,kertre néz,18.89 m2,igen,teremgarázs hely - megvásárolható,7 MFt,nincs megadva,nincs megadva,hőszivattyú,van,nincs megadva,nem tetőtéri,,,,,,,,,61.0,87.0,1426230,földszint,0.0,4.0,18.89,,,2026.0,2020 után (új építésű),2231,Újhegyi út,18/a,18,18/a,"Budapest X. kerület, Újhegyi út 18/a.",3,0,3.0,Újhegy,Tégla lakás,Lépj kapcsolatba a hirdetővel,,Ingatlaniroda,4,2026.0
35081028,elado,https://ingatlan.com/35081028,"Eladó panel lakás - Budapest X. kerület, Kőbánya-Városközpont #35081028",1105,"Budapest X. kerület, Kőbánya-Városközpont",Budapest,,,2.0,41.0,1981.0,HUF,57900000,jó állapotú,1981 és 2000 között,összkomfortos,2,10,van,3 m-nél alacsonyabb,van,nincs megadva,egy helyiségben,délkelet,utcai,nincs megadva,nem,"utca, közterület - ingyenes",,20 000 Ft/hó,14 000 Ft/hó,távfűtés,nincs megadva,nincs megadva,nem tetőtéri,nincs megadva,,,,,,,,41.0,57.9,1412195,2,2.0,10.0,,14000.0,20000.0,,1980-1999 (késő panel/tégla),1129,Kőbánya-Városközpont,,,,"Budapest X. kerület, Kőbánya-Városközpont",2,0,2.0,Kőbánya-Városközpont,Panel lakás,Lépj kapcsolatba a hirdetővel,,Ingatlaniroda,4,1988.0
35082248,elado,https://ingatlan.com/35082248,"Eladó tégla lakás - Budapest X. kerület, Gergely utca 18. #35082248",1103,"Budapest X. kerület, Gergely utca 18.",Budapest,47.478997,19.136188,2.0,40.0,,HUF,29000000,nincs megadva,nincs megadva,nincs megadva,nincs megadva,nincs megadva,nincs megadva,nincs megadva,nincs megadva,nincs megadva,nincs megadva,nincs megadva,nincs megadva,nincs megadva,nincs megadva,nincs megadva,,nincs megadva,nincs megadva,nincs megadva,nincs megadva,nincs megadva,nincs megadva,,,,,,,,,40.0,29.0,725000,nincs megadva,,,,,,,Nem ismert,1075,Gergely utca,18,,18,"Budapest X. kerület, Gergely utca 18.",2,0,2.0,Óhegy,Tégla lakás,Lépj kapcsolatba a hirdetővel,,Ingatlaniroda,2,
35082442,elado,https://ingatlan.com/35082442,"Eladó tégla lakás - Budapest X. kerület, Harmat köz 3. #35082442",1105,"Budapest X. kerület, Harmat köz 3.",Budapest,47.488836,19.13858,2.0,47.0,1950.0,HUF,59800000,felújított,1950 és 1980 között,összkomfortos,3,3,nincs,3 m-nél alacsonyabb,van,nem,egy helyiségben,délnyugat,kertre néz,2 m2,nem,"utca, közterület - ingyenes",,30 000 Ft/hó,16 500 Ft/hó,"hűtő-fűtő klíma, elektromos fűtőpanel, infrafűtés",van - 15 cm,nincs megadva,"legfelső emelet, nem tetőtéri",,,,,,,,,47.0,59.8,1272340,3,3.0,3.0,2.0,16500.0,30000.0,,1950-1979 (szocialista modern),1697,Harmat köz,3,47,3,"Budapest X. kerület, Harmat köz 3.",2,0,2.0,Óhegy,Tégla lakás,Lépj kapcsolatba a hirdetővel,,Ingatlaniroda,2,1968.0
35087320,elado,https://ingatlan.com/35087320,"Eladó tégla lakás - Budapest X. kerület, Liget utca #35087320",1102,"Budapest X. kerület, Liget utca",Budapest,,,2.0,52.0,2001.0,HUF,57900000,újszerű,2001 és 2010 között,összkomfortos,3,nincs megadva,van,3 m-nél alacsonyabb,van,nincs megadva,egy helyiségben,dél,nincs megadva,nincs megadva,nincs megadva,nincs megadva,,45 000 Ft/hó,nincs megadva,házközponti,nincs megadva,nincs megadva,nincs megadva,,,,,,,,,52.0,57.9,1113462,3,3.0,,,,45000.0,,2000-2019 (újszerű),599,Liget utca,,,,"Budapest X. kerület, Liget utca",2,0,2.0,Kőbánya-Városközpont,Tégla lakás,Lépj kapcsolatba a hirdetővel,,Ingatlaniroda,4,2005.0
35088325,elado,https://ingatlan.com/35088325,"Eladó tégla lakás - Budapest X. kerület, Martinovics tér 9. #35088325",1105,"Budapest X. kerület, Martinovics tér 9.",Budapest,47.481085,19.134945,3.0,72.0,2001.0,HUF,81900000,jó állapotú,2001 és 2010 között,duplakomfortos,1,4,nincs megadva,3 m-nél alacsonyabb,nincs megadva,nincs megadva,külön és egyben is,északkelet,nincs megadva,13 m2,nincs megadva,teremgarázs hely - megvásárolható,6 MFt,nincs megadva,nincs megadva,gázkazán,van,nincs megadva,nem tetőtéri,,,,,,,,,72.0,81.9,1137500,1,1.0,4.0,13.0,,,,2000-2019 (újszerű),753,Martinovics tér,9,,9,"Budapest X. kerület, Martinovics tér 9.",3,0,3.0,Óhegy,Tégla lakás,Lépj kapcsolatba a hirdetővel,,Ingatlaniroda,4,2005.0
35089150,elado,https://ingatlan.com/35089150,"Eladó tégla lakás - Budapest X. kerület, Újhegyi út 18/b #35089150",1108,"Budapest X. kerület, Újhegyi út 18/b",Budapest,47.468381,19.169095,3.0,61.0,2026.0,HUF,89000000,nincs megadva,2026,duplakomfortos,földszint,4,van,3 m-nél alacsonyabb,van,nem,külön és egyben is,nincs megadva,kertre néz,26.7 m2,nem,teremgarázs hely - megvásárolható,7 MFt,nincs megadva,nincs megadva,hőszivattyú,van,nincs megadva,nem tetőtéri,,,,,,,,,61.0,89.0,1459016,földszint,0.0,4.0,26.7,,,2026.0,2020 után (új építésű),2225,Újhegyi út,18/b,18,18/b,"Budapest X. kerület, Újhegyi út 18/b.",3,0,3.0,Újhegy,Tégla lakás,Lépj kapcsolatba a hirdetővel,,Ingatlaniroda,4,2026.0
35093122,elado,https://ingatlan.com/35093122,"Eladó tégla lakás - Budapest X. kerület, Román utca #35093122",1105,"Budapest X. kerület, Román utca",Budapest,,,2.0,108.0,1940.0,HUF,88000000,közepes állapotú,1950 előtt,összkomfortos,nincs megadva,földszintes,nincs megadva,3 m-nél magasabb,nincs megadva,nem,egy helyiségben,nincs megadva,nincs megadva,nincs megadva,igen,udvari beálló - benne van az árban,,nincs megadva,21 000 Ft/hó,gázkazán,nincs megadva,nincs megadva,nincs megadva,,,,,,,,,108.0,88.0,814815,nincs megadva,,0.0,,21000.0,,,1950 előtt (klasszikus polgári/tégla),1709,Román utca,,108,108,"Budapest X. kerület, Román utca 108.",2,0,2.0,Óhegy,Tégla lakás,Lépj kapcsolatba a hirdetővel,,Ingatlaniroda,2,1930.0
35107288,elado,https://ingatlan.com/35107288,"Eladó panel lakás - Budapest X. kerület, Szövőszék utca #35107288",1108,"Budapest X. kerület, Szövőszék utca",Budapest,,,3.0,68.0,,HUF,69900000,felújított,nincs megadva,nincs megadva,10,nincs megadva,nincs megadva,nincs megadva,van,nincs megadva,nincs megadva,nincs megadva,nincs megadva,3 m2,nincs megadva,nincs megadva,,nincs megadva,nincs megadva,nincs megadva,nincs megadva,nincs megadva,nincs megadva,nincs megadva,,,,,,,,68.0,69.9,1027941,10,10.0,,3.0,,,,Nem ismert,503,Szövőszék utca,,,,"Budapest X. kerület, Szövőszék utca",3,0,3.0,Újhegy,Panel lakás,Lépj kapcsolatba a hirdetővel,,Ingatlaniroda,2,
35108524,elado,https://ingatlan.com/35108524,"Eladó tégla lakás - Budapest X. kerület, Gyógyszergyári utca #35108524",1106,"Budapest X. kerület, Gyógyszergyári utca",Budapest,,,1.0,48.0,2027.0,HUF,74900000,új építésű,2027,összkomfortos,4,9,van,nincs megadva,van,igen,nincs megadva,nincs megadva,nincs megadva,12.11 m2,nincs megadva,udvari beálló - megvásárolható,"3,75 MFt",nincs megadva,nincs megadva,távfűtés,nincs megadva,nincs megadva,nincs megadva,,,,,,,,,48.0,74.9,1560417,4,4.0,9.0,12.11,,,2027.0,2020 után (új építésű),2700,Gyógyszergyári utca,,,,"Budapest X. kerület, Gyógyszergyári utca",1,0,1.0,Felsőrákos,Tégla lakás,Lépj kapcsolatba a hirdetővel,,Ingatlaniroda,4,2027.0
35112466,elado,https://ingatlan.com/35112466,"Eladó tégla lakás - Budapest X. kerület, Martinovics tér 9. #35112466",1105,"Budapest X. kerület, Martinovics tér 9.",Budapest,47.481085,19.134945,3.0,66.0,2012.0,HUF,75900000,jó állapotú,2012,duplakomfortos,1,5,nincs megadva,3 m-nél alacsonyabb,nincs megadva,nincs megadva,külön és egyben is,északnyugat,utcai,nincs megadva,nincs megadva,udvari beálló - benne van az árban,,nincs megadva,nincs megadva,gázkazán,van,A,nincs megadva,,,,,,,,,66.0,75.9,1150000,1,1.0,5.0,,,,2012.0,2000-2019 (újszerű),706,Martinovics tér,9,,9,"Budapest X. kerület, Martinovics tér 9.",3,0,3.0,Óhegy,Tégla lakás,Lépj kapcsolatba a hirdetővel,,Ingatlaniroda,4,2012.0
35121865,elado,https://ingatlan.com/35121865,"Eladó tégla lakás - Budapest X. kerület, Szállás utca #35121865",1107,"Budapest X. kerület, Szállás utca",Budapest,,,2.0,45.0,1981.0,HUF,35000000,felújított,1981 és 2000 között,összkomfortos,szuterén,3,nincs,3 m-nél alacsonyabb,nincs,nem,egy helyiségben,északkelet,utcai,nincs megadva,nem,"utca, közterület - ingyenes",,nincs megadva,nincs megadva,elektromos fűtőpanel,nincs megadva,nincs megadva,nem tetőtéri,,,,,,,,,45.0,35.0,777778,szuterén,-1.0,3.0,,,,,1980-1999 (késő panel/tégla),1822,Szállás utca,,,,"Budapest X. kerület, Szállás utca",2,0,2.0,Gyárdűlő,Tégla lakás,Lépj kapcsolatba a hirdetővel,,Ingatlaniroda,4,1988.0
35124751,elado,https://ingatlan.com/35124751,"Eladó tégla lakás - Budapest X. kerület, Kőrösi Csoma sétány 14. #35124751",1102,"Budapest X. kerület, Kőrösi Csoma sétány 14.",Budapest,47.484893,19.130678,3.0,71.0,1950.0,HUF,64900000,jó állapotú,1950 és 1980 között,összkomfortos,2,4,nincs,3 m-nél alacsonyabb,van,nincs megadva,külön helyiségben,nincs megadva,utcai,4 m2,nincs megadva,nincs megadva,,nincs megadva,nincs megadva,távfűtés,nincs megadva,nincs megadva,nincs megadva,,,,,,,,,71.0,64.9,914085,2,2.0,4.0,4.0,,,,1950-1979 (szocialista modern),300,Kőrösi Csoma sétány,14,,14,"Budapest X. kerület, Kőrösi Csoma sétány 14.",3,0,3.0,Kőbánya-Városközpont,Tégla lakás,Lépj kapcsolatba a hirdetővel,,Ingatlaniroda,4,1968.0
35126731,elado,https://ingatlan.com/35126731,"Eladó tégla lakás - Budapest X. kerület, Újhegyi út 18/b #35126731",1108,"Budapest X. kerület, Újhegyi út 18/b",Budapest,47.468381,19.169095,4.0,82.0,2025.0,HUF,135000000,nincs megadva,2025,duplakomfortos,4,4,van,3 m-nél alacsonyabb,van,nem,külön helyiségben,nincs megadva,panorámás,96 m2,nem,teremgarázs hely - megvásárolható,8 MFt,nincs megadva,nincs megadva,"hűtő-fűtő klíma, hőszivattyú",van,nincs megadva,tetőtéri,,,,,,,,,82.0,135.0,1646341,4,4.0,4.0,96.0,,,2025.0,2020 után (új építésű),2020,Újhegyi út,18/b,18,18/b,"Budapest X. kerület, Újhegyi út 18/b.",4,0,4.0,Újhegy,Tégla lakás,Lépj kapcsolatba a hirdetővel,,Ingatlaniroda,4,2025.0
35127722,elado,https://ingatlan.com/35127722,"Eladó panel lakás - Budapest X. kerület, Kőbányai út #35127722",1101,"Budapest X. kerület, Kőbányai út",Budapest,,,3.0,73.0,1981.0,HUF,74900000,felújított,1981 és 2000 között,összkomfortos,4,5,nincs,3 m-nél alacsonyabb,nincs megadva,nem,külön helyiségben,nincs megadva,utcai,5 m2,nem,"utca, közterület - ingyenes",,nincs megadva,59 Ft/hó,házközponti,van,D,nem tetőtéri,részt vett,,,,,,,,73.0,74.9,1026027,4,4.0,5.0,5.0,59.0,,,1980-1999 (késő panel/tégla),2069,Kőbányai út,,,,"Budapest X. kerület, Kőbányai út",3,0,3.0,Laposdűlő,Panel lakás,Lépj kapcsolatba a hirdetővel,,Ingatlaniroda,4,1988.0
35133471,elado,https://ingatlan.com/35133471,"Eladó tégla lakás - Budapest X. kerület, Füzér utca #35133471",1102,"Budapest X. kerület, Füzér utca",Budapest,,,4.0,97.0,,HUF,72900000,felújított,nincs megadva,nincs megadva,2,nincs megadva,nincs,3 m-nél magasabb,nincs megadva,nincs megadva,egy helyiségben,délkelet,utcai,nincs megadva,nincs megadva,nincs megadva,,nincs megadva,nincs megadva,gázkazán,nincs megadva,nincs megadva,nincs megadva,,,,,,,,,97.0,72.9,751546,2,2.0,,,,,,Nem ismert,1891,Füzér utca,,,,"Budapest X. kerület, Füzér utca",4,0,4.0,Ligettelek,Tégla lakás,Lépj kapcsolatba a hirdetővel,,Ingatlaniroda,4,
35133550,elado,https://ingatlan.com/35133550,"Eladó tégla lakás - Budapest X. kerület, Makk utca #35133550",1107,"Budapest X. kerület, Makk utca",Budapest,,,3.0,60.0,2019.0,HUF,125000000,újszerű,2019,összkomfortos,5,5,van,3 m-nél alacsonyabb,van,igen,egy helyiségben,délnyugat,panorámás,43 m2,nem,teremgarázs hely - megvásárolható,6 MFt,nincs megadva,nincs megadva,"házközponti egyedi méréssel, hűtő-fűtő klíma",van - 15 cm,nincs megadva,penthouse,,,,,,,,,60.0,125.0,2083333,5,5.0,5.0,43.0,,,2019.0,2000-2019 (újszerű),1322,Makk utca,,,,"Budapest X. kerület, Makk utca",3,0,3.0,Gyárdűlő,Tégla lakás,Lépj kapcsolatba a hirdetővel,,Ingatlaniroda,2,2019.0
35143535,elado,https://ingatlan.com/35143535,"Eladó tégla lakás - Budapest X. kerület, Gyógyszergyári utca #35143535",1106,"Budapest X. kerület, Gyógyszergyári utca",Budapest,,,2.0,48.0,2027.0,HUF,75900000,új építésű,2027,összkomfortos,6,9,van,nincs megadva,van,igen,nincs megadva,nincs megadva,nincs megadva,12.49 m2,nincs megadva,udvari beálló - megvásárolható,"3,75 MFt",nincs megadva,nincs megadva,távfűtés,nincs megadva,nincs megadva,nincs megadva,,,,,,,,,48.0,75.9,1581250,6,6.0,9.0,12.49,,,2027.0,2020 után (új építésű),2700,Gyógyszergyári utca,,,,"Budapest X. kerület, Gyógyszergyári utca",2,0,2.0,Felsőrákos,Tégla lakás,Lépj kapcsolatba a hirdetővel,,Ingatlaniroda,4,2027.0
35146153,elado,https://ingatlan.com/35146153,"Eladó tégla lakás - Budapest X. kerület, Bolgár utca 18. #35146153",1105,"Budapest X. kerület, Bolgár utca 18.",Budapest,47.479487,19.131413,3.0,68.0,1950.0,HUF,80000000,jó állapotú,1950 és 1980 között,összkomfortos,3,4,nincs,3 m-nél alacsonyabb,nincs,nem,külön helyiségben,nincs megadva,utcai,nincs megadva,nem,"utca, közterület - ingyenes",,40 000 Ft/hó,22 000 Ft/hó,gázkazán,nincs,D,nem tetőtéri,,,,,,,,,68.0,80.0,1176471,3,3.0,4.0,,22000.0,40000.0,,1950-1979 (szocialista modern),1682,Bolgár utca,18,,18,"Budapest X. kerület, Bolgár utca 18.",3,0,3.0,Óhegy,Tégla lakás,Lépj kapcsolatba a hirdetővel,,Ingatlaniroda,4,1968.0
35147986,elado,https://ingatlan.com/35147986,"Eladó tégla lakás - Budapest X. kerület, Liget utca #35147986",1102,"Budapest X. kerület, Liget utca",Budapest,,,1.0,32.0,,HUF,22500000,jó állapotú,nincs megadva,komfortos,szuterén,nincs megadva,nincs megadva,nincs megadva,nincs megadva,nincs megadva,egy helyiségben,nincs megadva,utcai,nincs megadva,nincs megadva,"utca, közterület - ingyenes",,nincs megadva,nincs megadva,elektromos konvektor,nincs megadva,nincs megadva,nincs megadva,,,,,,,,,32.0,22.5,703125,szuterén,-1.0,,,,,,Nem ismert,580,Liget utca,,,,"Budapest X. kerület, Liget utca",1,0,1.0,Ligettelek,Tégla lakás,Lépj kapcsolatba a hirdetővel,,Ingatlaniroda,4,
35148474,elado,https://ingatlan.com/35148474,"Eladó tégla lakás - Budapest X. kerület, Sörgyár utca #35148474",1104,"Budapest X. kerület, Sörgyár utca",Budapest,,,2.0,56.0,2001.0,HUF,59900000,jó állapotú,2001 és 2010 között,összkomfortos,3,nincs megadva,nincs,3 m-nél alacsonyabb,nincs,nem,külön helyiségben,nyugat,udvari,nincs megadva,nem,udvari beálló - kötelező megvenni,3 MFt,nincs megadva,nincs megadva,gázkazán,van - 10 cm,D,zárószint,,,,,,,,,56.0,59.9,1069643,3,3.0,,,,,,2000-2019 (újszerű),2123,Sörgyár utca,,,,"Budapest X. kerület, Sörgyár utca",2,0,2.0,Óhegy,Tégla lakás,Lépj kapcsolatba a hirdetővel,,Ingatlaniroda,4,2005.0
35150452,elado,https://ingatlan.com/35150452,"Eladó tégla lakás - Budapest X. kerület, Mongol utca #35150452",1105,"Budapest X. kerület, Mongol utca",Budapest,,,1.0,37.0,2001.0,HUF,39900000,újszerű,2001 és 2010 között,összkomfortos,földszint,6,van,nincs megadva,nincs megadva,igen,egy helyiségben,nincs megadva,utcai,nincs megadva,nem,teremgarázs hely - megvásárolható,6 MFt,nincs megadva,nincs megadva,gázkazán,van,nincs megadva,nincs megadva,,,,,,,,,37.0,39.9,1078378,földszint,0.0,6.0,,,,,2000-2019 (újszerű),864,Mongol utca,,,,"Budapest X. kerület, Mongol utca",1,0,1.0,Óhegy,Tégla lakás,Lépj kapcsolatba a hirdetővel,,Ingatlaniroda,4,2005.0
35152949,elado,https://ingatlan.com/35152949,"Eladó csúsztatott zsalus - Budapest X. kerület, Ligettelek #35152949",1101,"Budapest X. kerület, Ligettelek",Budapest,,,2.0,56.0,1950.0,HUF,63000000,jó állapotú,1950 és 1980 között,összkomfortos,1,10,van,3 m-nél alacsonyabb,nincs megadva,nincs megadva,egy helyiségben,kelet,nincs megadva,4 m2,nincs megadva,"utca, közterület - ingyenes",,nincs megadva,15 820 Ft/hó,távfűtés,van - 10 cm,nincs megadva,,,,,,,,,,56.0,63.0,1125000,1,1.0,10.0,4.0,15820.0,,,1950-1979 (szocialista modern),1151,Ligettelek,,,,"Budapest X. kerület, Ligettelek",2,0,2.0,Ligettelek,Csúsztatott zsalus lakás,Lépj kapcsolatba a hirdetővel,,Ingatlaniroda,4,1968.0
35156232,elado,https://ingatlan.com/35156232,"Eladó panel lakás - Budapest X. kerület, Bányató utca #35156232",1108,"Budapest X. kerület, Bányató utca",Budapest,,,3.0,68.0,,HUF,68000000,nincs megadva,nincs megadva,összkomfortos,2,10,van,nincs megadva,nincs megadva,nincs megadva,külön helyiségben,nincs megadva,nincs megadva,nincs megadva,nincs megadva,"utca, közterület - ingyenes",,nincs megadva,nincs megadva,távfűtés,nincs megadva,nincs megadva,nincs megadva,részt vett,,,,,,,,68.0,68.0,1000000,2,2.0,10.0,,,,,Nem ismert,955,Bányató utca,,,,"Budapest X. kerület, Bányató utca",3,0,3.0,Újhegy,Panel lakás,Lépj kapcsolatba a hirdetővel,,Magánszemély,2,
35161373,elado,https://ingatlan.com/35161373,"Eladó csúsztatott zsalus - Budapest X. kerület, Kőbánya-Városközpont #35161373",1105,"Budapest X. kerület, Kőbánya-Városközpont",Budapest,,,2.0,44.0,1950.0,HUF,54000000,jó állapotú,1950 és 1980 között,összkomfortos,félemelet,10,van,3 m-nél alacsonyabb,nincs megadva,nincs megadva,egy helyiségben,nyugat,utcai,nincs megadva,nincs megadva,"utca, közterület - ingyenes",,nincs megadva,14 432 Ft/hó,távfűtés,nincs megadva,E,,,,,,,,,,44.0,54.0,1227273,félemelet,0.5,10.0,,14432.0,,,1950-1979 (szocialista modern),1577,Kőbánya-Városközpont,,,,"Budapest X. kerület, Kőbánya-Városközpont",2,0,2.0,Kőbánya-Városközpont,Csúsztatott zsalus lakás,Lépj kapcsolatba a hirdetővel,,Ingatlaniroda,4,1968.0
35163966,elado,https://ingatlan.com/35163966,"Eladó tégla lakás - Budapest X. kerület, Harmat köz #35163966",1105,"Budapest X. kerület, Harmat köz",Budapest,,,2.0,26.0,1950.0,HUF,46000000,felújított,1950 és 1980 között,összkomfortos,földszint,2,nincs megadva,3 m-nél alacsonyabb,nincs megadva,nincs megadva,egy helyiségben,nincs megadva,udvari,nincs megadva,igen,nincs megadva,,nincs megadva,nincs megadva,gázkazán,van,nincs megadva,nincs megadva,,,,,,,,,26.0,46.0,1769231,földszint,0.0,2.0,,,,,1950-1979 (szocialista modern),89,Harmat köz,,,,"Budapest X. kerület, Harmat köz",2,0,2.0,Óhegy,Tégla lakás,Lépj kapcsolatba a hirdetővel,,Ingatlaniroda,2,1968.0
35164000,elado,https://ingatlan.com/35164000,"Eladó tégla lakás - Budapest X. kerület, Harmat köz #35164000",1105,"Budapest X. kerület, Harmat köz",Budapest,,,2.0,40.0,1950.0,HUF,60000000,felújított,1950 és 1980 között,összkomfortos,földszint,2,nincs megadva,3 m-nél alacsonyabb,nincs megadva,nincs megadva,egy helyiségben,nincs megadva,udvari,nincs megadva,igen,nincs megadva,,20 000 Ft/hó,10 000 Ft/hó,gázkazán,van,nincs megadva,nincs megadva,,,,,,,,,40.0,60.0,1500000,földszint,0.0,2.0,,10000.0,20000.0,,1950-1979 (szocialista modern),218,Harmat köz,,,,"Budapest X. kerület, Harmat köz",2,0,2.0,Óhegy,Tégla lakás,Lépj kapcsolatba a hirdetővel,,Ingatlaniroda,2,1968.0
35164762,elado,https://ingatlan.com/35164762,"Eladó panel lakás - Budapest X. kerület, Kápolna utca #35164762",1102,"Budapest X. kerület, Kápolna utca",Budapest,,,3.0,63.0,,HUF,58000000,felújítandó,nincs megadva,nincs megadva,nincs megadva,nincs megadva,nincs megadva,nincs megadva,nincs megadva,nincs megadva,nincs megadva,nincs megadva,nincs megadva,nincs megadva,nincs megadva,nincs megadva,,nincs megadva,nincs megadva,távfűtés,nincs megadva,nincs megadva,nincs megadva,nincs megadva,,,,,,,,63.0,58.0,920635,nincs megadva,,,,,,,Nem ismert,200,Kápolna utca,,,,"Budapest X. kerület, Kápolna utca",3,0,3.0,Kőbánya-Városközpont,Panel lakás,Lépj kapcsolatba a hirdetővel,,Ingatlaniroda,2,
35167587,elado,https://ingatlan.com/35167587,"Eladó tégla lakás - Budapest X. kerület, Kőbánya - Óhegy #35167587",1103,"Budapest X. kerület, Kőbánya - Óhegy",Budapest,,,2.0,56.0,1950.0,HUF,69900000,felújított,1950 és 1980 között,nincs megadva,1,2,nincs megadva,nincs megadva,van,nincs megadva,külön helyiségben,délnyugat,nincs megadva,6 m2,nincs megadva,"utca, közterület - ingyenes",,15 000 Ft/hó,12 000 Ft/hó,"elektromos fűtőpanel, hűtő-fűtő klíma",nincs megadva,nincs megadva,nincs megadva,,,,,,,,,56.0,69.9,1248214,1,1.0,2.0,6.0,12000.0,15000.0,,1950-1979 (szocialista modern),2635,Kőbánya - Óhegy,,,,"Budapest X. kerület, Kőbánya - Óhegy",2,0,2.0,Óhegy,Tégla lakás,Lépj kapcsolatba a hirdetővel,,Ingatlaniroda,4,1968.0
35167594,elado,https://ingatlan.com/35167594,"Eladó csúsztatott zsalus - Budapest X. kerület, Ligettelek #35167594",1101,"Budapest X. kerület, Ligettelek",Budapest,,,2.0,56.0,1950.0,HUF,63000000,felújított,1950 és 1980 között,nincs megadva,1,nincs megadva,van,3 m-nél alacsonyabb,nincs megadva,nincs megadva,nincs megadva,kelet,udvari,4 m2,nincs megadva,nincs megadva,,nincs megadva,nincs megadva,távfűtés,nincs megadva,D,,,,,,,,,,56.0,63.0,1125000,1,1.0,,4.0,,,,1950-1979 (szocialista modern),990,Ligettelek,,,,"Budapest X. kerület, Ligettelek",2,0,2.0,Ligettelek,Csúsztatott zsalus lakás,Lépj kapcsolatba a hirdetővel,,Ingatlaniroda,4,1968.0
35168903,elado,https://ingatlan.com/35168903,"Eladó tégla lakás - Budapest X. kerület, Újhegyi út 18/b #35168903",1108,"Budapest X. kerület, Újhegyi út 18/b",Budapest,47.468381,19.169095,3.0,63.0,2025.0,HUF,87000000,nincs megadva,2025,duplakomfortos,1,4,van,nincs megadva,van,nem,külön és egyben is,nincs megadva,nincs megadva,23.67 m2,nem,teremgarázs hely - megvásárolható,8 MFt,nincs megadva,nincs megadva,hőszivattyú,van,nincs megadva,nem tetőtéri,,,,,,,,,63.0,87.0,1380952,1,1.0,4.0,23.67,,,2025.0,2020 után (új építésű),2298,Újhegyi út,18/b,18,18/b,"Budapest X. kerület, Újhegyi út 18/b.",3,0,3.0,Újhegy,Tégla lakás,Lépj kapcsolatba a hirdetővel,,Ingatlaniroda,4,2025.0
35170975,elado,https://ingatlan.com/35170975,"Eladó tégla lakás - Budapest X. kerület, Szőlőhegy utca #35170975",1104,"Budapest X. kerület, Szőlőhegy utca",Budapest,,,1.0,27.0,,HUF,40500000,nincs megadva,nincs megadva,nincs megadva,nincs megadva,nincs megadva,nincs megadva,nincs megadva,nincs megadva,nincs megadva,nincs megadva,nincs megadva,nincs megadva,nincs megadva,nincs megadva,nincs megadva,,nincs megadva,nincs megadva,nincs megadva,nincs megadva,nincs megadva,nincs megadva,,,,,,,,,27.0,40.5,1500000,nincs megadva,,,,,,,Nem ismert,1282,Szőlőhegy utca,,,,"Budapest X. kerület, Szőlőhegy utca",1,0,1.0,Óhegy,Tégla lakás,Lépj kapcsolatba a hirdetővel,,Ingatlaniroda,4,
35171896,elado,https://ingatlan.com/35171896,"Eladó tégla lakás - Budapest X. kerület, Szállás utca #35171896",1107,"Budapest X. kerület, Szállás utca",Budapest,,,1.0,20.0,1981.0,HUF,20000000,felújított,1981 és 2000 között,összkomfortos,szuterén,földszintes,nincs megadva,3 m-nél alacsonyabb,nincs,nem,egy helyiségben,dél,udvari,nincs megadva,nem,"utca, közterület - ingyenes",,nincs megadva,6 000 Ft/hó,elektromos fűtőpanel,nincs megadva,nincs megadva,nem tetőtéri,,,,,,,,,20.0,20.0,1000000,szuterén,-1.0,0.0,,6000.0,,,1980-1999 (késő panel/tégla),2508,Szállás utca,,,,"Budapest X. kerület, Szállás utca",1,0,1.0,Gyárdűlő,Tégla lakás,Lépj kapcsolatba a hirdetővel,,Ingatlaniroda,4,1988.0
35172185,elado,https://ingatlan.com/35172185,"Eladó tégla lakás - Budapest X. kerület, Kada utca #35172185",1106,"Budapest X. kerület, Kada utca",Budapest,,,1.0,20.0,1981.0,HUF,20000000,felújított,1981 és 2000 között,összkomfortos,szuterén,földszintes,nincs,3 m-nél alacsonyabb,nincs megadva,nem,egy helyiségben,dél,utcai,nincs megadva,nem,"utca, közterület - ingyenes",,nincs megadva,nincs megadva,elektromos fűtőpanel,nincs megadva,nincs megadva,nem tetőtéri,,,,,,,,,20.0,20.0,1000000,szuterén,-1.0,0.0,,,,,1980-1999 (késő panel/tégla),2457,Kada utca,,,,"Budapest X. kerület, Kada utca",1,0,1.0,Óhegy,Tégla lakás,Lépj kapcsolatba a hirdetővel,,Ingatlaniroda,4,1988.0
35173278,elado,https://ingatlan.com/35173278,"Eladó tégla lakás - Budapest X. kerület, Kőbánya - Óhegy #35173278",1103,"Budapest X. kerület, Kőbánya - Óhegy",Budapest,,,2.0,56.0,2001.0,HUF,59900000,jó állapotú,2001 és 2010 között,összkomfortos,3,nincs megadva,nincs,3 m-nél alacsonyabb,nincs megadva,nincs megadva,nincs megadva,nyugat,kertre néz,nincs megadva,nincs megadva,udvari beálló,,nincs megadva,nincs megadva,gázkazán,nincs megadva,nincs megadva,zárószint,,,,,,,,,56.0,59.9,1069643,3,3.0,,,,,,2000-2019 (újszerű),2257,Kőbánya - Óhegy,,,,"Budapest X. kerület, Kőbánya - Óhegy",2,0,2.0,Óhegy,Tégla lakás,Lépj kapcsolatba a hirdetővel,,Ingatlaniroda,4,2005.0
35175100,elado,https://ingatlan.com/35175100,"Eladó tégla lakás - Budapest X. kerület, Szállás utca #35175100",1107,"Budapest X. kerület, Szállás utca",Budapest,,,3.0,60.0,1950.0,HUF,40000000,felújított,1950 és 1980 között,összkomfortos,szuterén,3,nincs,3 m-nél alacsonyabb,nincs,nem,egy helyiségben,délkelet,utcai,nincs megadva,nem,"utca, közterület - ingyenes",,20 000 Ft/hó,18 000 Ft/hó,elektromos fűtőpanel,nincs,C,nem tetőtéri,,,,,,,,,60.0,40.0,666667,szuterén,-1.0,3.0,,18000.0,20000.0,,1950-1979 (szocialista modern),789,Szállás utca,,,,"Budapest X. kerület, Szállás utca",3,0,3.0,Gyárdűlő,Tégla lakás,Lépj kapcsolatba a hirdetővel,,Ingatlaniroda,4,1968.0
35177057,elado,https://ingatlan.com/35177057,Egy pillanat...,1105,"Budapest X. kerület, Martinovics tér 9.",Budapest,,,2.0,46.0,,HUF,65900000,,,,,,,,,,,,,,,,,,,,,,,,,,,,,,,46.0,65.9,1432609,,,,,,,,Nem ismert,0,Martinovics tér,9,,9,"Budapest X. kerület, Martinovics tér 9.",2,0,2.0,Ligettelek,Tégla lakás,,,Ingatlaniroda,0,
35178102,elado,https://ingatlan.com/35178102,"Eladó tégla lakás - Budapest X. kerület, Bolgár utca #35178102",1105,"Budapest X. kerület, Bolgár utca",Budapest,,,1.0,15.0,1940.0,HUF,22900000,felújított,1950 előtt,összkomfortos,földszint,nincs megadva,nincs,3 m-nél magasabb,nincs megadva,nincs megadva,egy helyiségben,délnyugat,kertre néz,nincs megadva,nincs megadva,"utca, közterület - ingyenes",,nincs megadva,nincs megadva,egyéb,nincs megadva,nincs megadva,zárószint,,,,,,,,,15.0,22.9,1526667,földszint,0.0,,,,,,1950 előtt (klasszikus polgári/tégla),2152,Bolgár utca,,,,"Budapest X. kerület, Bolgár utca",1,0,1.0,Óhegy,Tégla lakás,Lépj kapcsolatba a hirdetővel,,Ingatlaniroda,4,1930.0
35178220,elado,https://ingatlan.com/35178220,"Eladó tégla lakás - Budapest X. kerület, Szállás utca #35178220",1107,"Budapest X. kerület, Szállás utca",Budapest,,,1.0,20.0,1950.0,HUF,20000000,felújított,1950 és 1980 között,összkomfortos,szuterén,3,nincs,3 m-nél alacsonyabb,nincs,nem,egy helyiségben,nincs megadva,nincs megadva,nincs megadva,nem,"utca, közterület - ingyenes",,20 000 Ft/hó,9 000 Ft/hó,nincs megadva,van - 10 cm,D,nem tetőtéri,,,,,,,,,20.0,20.0,1000000,szuterén,-1.0,3.0,,9000.0,20000.0,,1950-1979 (szocialista modern),876,Szállás utca,,,,"Budapest X. kerület, Szállás utca",1,0,1.0,Gyárdűlő,Tégla lakás,Lépj kapcsolatba a hirdetővel,,Ingatlaniroda,4,1968.0
35179193,elado,https://ingatlan.com/35179193,"Eladó tégla lakás - Budapest X. kerület, Bodza utca #35179193",1104,"Budapest X. kerület, Bodza utca",Budapest,,,3.0,70.0,,HUF,83600000,felújított,nincs megadva,összkomfortos,2,2,nincs,nincs megadva,van,nincs megadva,egy helyiségben,kelet,kertre néz,nincs megadva,nincs megadva,udvari beálló - benne van az árban,,nincs megadva,nincs megadva,gázkazán,nincs megadva,nincs megadva,nincs megadva,,,,,,,,,70.0,83.6,1194286,2,2.0,2.0,,,,,Nem ismert,2127,Bodza utca,,,,"Budapest X. kerület, Bodza utca",3,0,3.0,Óhegy,Tégla lakás,Lépj kapcsolatba a hirdetővel,,Ingatlaniroda,2,
35179665,elado,https://ingatlan.com/35179665,"Eladó tégla lakás - Budapest X. kerület, Népliget #35179665",1101,"Budapest X. kerület, Népliget",Budapest,,,4.0,109.0,2012.0,HUF,165000000,újszerű,2012,összkomfortos,4,4,van,3 m-nél alacsonyabb,nincs megadva,nem,nincs megadva,dél,panorámás,169 m2,igen,teremgarázs hely - benne van az árban,,nincs megadva,nincs megadva,távfűtés egyedi méréssel,nincs megadva,A+,tetőtéri,,,,,,,,,109.0,165.0,1513761,4,4.0,4.0,169.0,,,2012.0,2000-2019 (újszerű),1584,Népliget,,,,"Budapest X. kerület, Népliget",4,0,4.0,Kőbánya egyéb,Tégla lakás,Lépj kapcsolatba a hirdetővel,,Ingatlaniroda,4,2012.0
35183731,elado,https://ingatlan.com/35183731,"Eladó tégla lakás - Budapest X. kerület, Kada utca 19. #35183731",1106,"Budapest X. kerület, Kada utca 19.",Budapest,47.471617,19.142146,1.0,20.0,1950.0,HUF,20000000,felújított,1950 és 1980 között,összkomfortos,szuterén,4,nincs,3 m-nél alacsonyabb,nincs,nem,egy helyiségben,nincs megadva,nincs megadva,nincs megadva,nem,"utca, közterület - ingyenes",,15 000 Ft/hó,8 Ft/hó,nincs megadva,van - 10 cm,D,nem tetőtéri,,,,,,,,,20.0,20.0,1000000,szuterén,-1.0,4.0,,8.0,15000.0,,1950-1979 (szocialista modern),1022,Kada utca,19,,19,"Budapest X. kerület, Kada utca 19.",1,0,1.0,Óhegy,Tégla lakás,Lépj kapcsolatba a hirdetővel,,Ingatlaniroda,4,1968.0
35186737,elado,https://ingatlan.com/35186737,"Eladó tégla lakás - Budapest X. kerület, Szent László tér #35186737",1105,"Budapest X. kerület, Szent László tér",Budapest,,,1.0,32.0,2001.0,HUF,55000000,újszerű,2001 és 2010 között,összkomfortos,1,5,van,3 m-nél alacsonyabb,van,nem,külön helyiségben,északkelet,kertre néz,nincs megadva,nem,"utca, közterület - ingyenes",,35 000 Ft/hó,30 Ft/hó,házközponti egyedi méréssel,van - 6 cm,nincs megadva,nem tetőtéri,,,,,,,,,32.0,55.0,1718750,1,1.0,5.0,,30.0,35000.0,,2000-2019 (újszerű),367,Szent László tér,,,,"Budapest X. kerület, Szent László tér",1,0,1.0,Kőbánya-Városközpont,Tégla lakás,Lépj kapcsolatba a hirdetővel,,Ingatlaniroda,4,2005.0
35188492,elado,https://ingatlan.com/35188492,"Eladó tégla lakás - Budapest X. kerület, Ónodi utca #35188492",1102,"Budapest X. kerület, Ónodi utca",Budapest,,,3.0,97.0,1940.0,HUF,94000000,jó állapotú,1950 előtt,összkomfortos,1,2,nincs,3 m-nél magasabb,van,nem,külön helyiségben,kelet,utcai,2 m2,nem,udvari beálló - benne van az árban,,nincs megadva,35 000 Ft/hó,"gáz (konvektor), infrafűtés, hűtő-fűtő klíma",nincs,I,"legfelső emelet, nem tetőtéri",,,,,,,,,97.0,94.0,969072,1,1.0,2.0,2.0,35000.0,,,1950 előtt (klasszikus polgári/tégla),1349,Ónodi utca,,,,"Budapest X. kerület, Ónodi utca",3,0,3.0,Ligettelek,Tégla lakás,Lépj kapcsolatba a hirdetővel,,Ingatlaniroda,4,1930.0
35188977,elado,https://ingatlan.com/35188977,"Eladó tégla lakás - Budapest X. kerület, Újhegyi út 18.B. #35188977",1108,"Budapest X. kerület, Újhegyi út 18.B.",Budapest,47.468138,19.16875,3.0,78.0,2026.0,HUF,98860000,nincs megadva,2026,duplakomfortos,3,4,van,nincs megadva,van,nincs megadva,külön helyiségben,nincs megadva,nincs megadva,8 m2,nincs megadva,teremgarázs hely - megvásárolható,8 MFt,nincs megadva,nincs megadva,hőszivattyú,van,nincs megadva,nem tetőtéri,,,,,,,,,78.0,98.86,1267436,3,3.0,4.0,8.0,,,2026.0,2020 után (új építésű),2297,Újhegyi út,18.B,18,18.B,"Budapest X. kerület, Újhegyi út 18.B.",3,0,3.0,Újhegy,Tégla lakás,Lépj kapcsolatba a hirdetővel,,Ingatlaniroda,4,2026.0
35189076,elado,https://ingatlan.com/35189076,"Eladó tégla lakás - Budapest X. kerület, Újhegyi út 18.B. #35189076",1108,"Budapest X. kerület, Újhegyi út 18.B.",Budapest,47.46319,19.159763,3.0,72.0,2026.0,HUF,96000000,nincs megadva,2026,duplakomfortos,1,4,van,nincs megadva,van,nincs megadva,külön és egyben is,délkelet,nincs megadva,22.64 m2,nem,teremgarázs hely - megvásárolható,7 MFt,nincs megadva,nincs megadva,hőszivattyú,van,nincs megadva,nincs megadva,,,,,,,,,72.0,96.0,1333333,1,1.0,4.0,22.64,,,2026.0,2020 után (új építésű),2297,Újhegyi út,18.B,18,18.B,"Budapest X. kerület, Újhegyi út 18.B.",3,0,3.0,Újhegy,Tégla lakás,Lépj kapcsolatba a hirdetővel,,Ingatlaniroda,4,2026.0
35189252,elado,https://ingatlan.com/35189252,"Eladó tégla lakás - Budapest X. kerület, Újhegyi út 18.B. #35189252",1108,"Budapest X. kerület, Újhegyi út 18.B.",Budapest,47.46319,19.159763,3.0,63.0,2026.0,HUF,89000000,nincs megadva,2026,duplakomfortos,2,4,van,nincs megadva,van,nincs megadva,külön és egyben is,nincs megadva,kertre néz,24.6 m2,nincs megadva,teremgarázs hely - megvásárolható,8 MFt,nincs megadva,nincs megadva,hőszivattyú,van,nincs megadva,nem tetőtéri,,,,,,,,,63.0,89.0,1412698,2,2.0,4.0,24.6,,,2026.0,2020 után (új építésű),2229,Újhegyi út,18.B,18,18.B,"Budapest X. kerület, Újhegyi út 18.B.",3,0,3.0,Újhegy,Tégla lakás,Lépj kapcsolatba a hirdetővel,,Ingatlaniroda,4,2026.0
35192811,elado,https://ingatlan.com/35192811,"Eladó panel lakás - Budapest X. kerület, Harmat utca 180. #35192811",1108,"Budapest X. kerület, Harmat utca 180.",Budapest,47.472444,19.162763,3.0,68.0,,HUF,77000000,nincs megadva,nincs megadva,nincs megadva,nincs megadva,nincs megadva,nincs megadva,nincs megadva,nincs megadva,nincs megadva,nincs megadva,nincs megadva,nincs megadva,3 m2,nincs megadva,nincs megadva,,nincs megadva,nincs megadva,nincs megadva,nincs megadva,nincs megadva,nincs megadva,nincs megadva,,,,,,,,68.0,77.0,1132353,nincs megadva,,,3.0,,,,Nem ismert,409,Harmat utca,180,10,180,"Budapest X. kerület, Harmat utca 180.",3,0,3.0,Újhegy,Panel lakás,Lépj kapcsolatba a hirdetővel,,Ingatlaniroda,2,
35193897,elado,https://ingatlan.com/35193897,"Eladó tégla lakás - Budapest X. kerület, Népliget #35193897",1101,"Budapest X. kerület, Népliget",Budapest,,,4.0,109.0,2012.0,HUF,165000000,újszerű,2012,összkomfortos,4,4,van,3 m-nél alacsonyabb,nincs megadva,nem,nincs megadva,dél,panorámás,169 m2,igen,teremgarázs hely - benne van az árban,,nincs megadva,nincs megadva,távfűtés egyedi méréssel,nincs megadva,A+,tetőtéri,,,,,,,,,109.0,165.0,1513761,4,4.0,4.0,169.0,,,2012.0,2000-2019 (újszerű),3100,Népliget,,,,"Budapest X. kerület, Népliget",4,0,4.0,Kőbánya egyéb,Tégla lakás,Lépj kapcsolatba a hirdetővel,,Ingatlaniroda,4,2012.0
35194314,elado,https://ingatlan.com/35194314,"Eladó tégla lakás - Budapest X. kerület, Kőbányai út 45. #35194314",1101,"Budapest X. kerület, Kőbányai út 45.",Budapest,47.483681,19.114939,4.0,109.0,2012.0,HUF,165000000,újszerű,2012,duplakomfortos,4,4,van,3 m-nél alacsonyabb,van,igen,külön és egyben is,dél,panorámás,170 m2,nincs megadva,teremgarázs hely - megvásárolható,7 MFt,20 000 Ft/hó,65 000 Ft/hó,"gázkazán, házközponti, házközponti egyedi méréssel",van - 10 cm,A,penthouse,,,,,,,,,109.0,165.0,1513761,4,4.0,4.0,170.0,65000.0,20000.0,2012.0,2000-2019 (újszerű),2492,Kőbányai út,45,,45,"Budapest X. kerület, Kőbányai út 45.",4,0,4.0,Gyárdűlő,Tégla lakás,Lépj kapcsolatba a hirdetővel,,Ingatlaniroda,4,2012.0
35194423,elado,https://ingatlan.com/35194423,"Eladó tégla lakás - Budapest X. kerület, Kőbányai út 45. #35194423",1101,"Budapest X. kerület, Kőbányai út 45.",Budapest,47.483681,19.114939,4.0,110.0,2012.0,HUF,165000000,jó állapotú,2012,duplakomfortos,4,4,van,3 m-nél alacsonyabb,van,igen,külön és egyben is,délkelet,panorámás,170 m2,nincs megadva,teremgarázs hely - megvásárolható,7 MFt,20 000 Ft/hó,65 000 Ft/hó,"gázkazán, házközponti egyedi méréssel",van - 10 cm,A,penthouse,,,,,,,,,110.0,165.0,1500000,4,4.0,4.0,170.0,65000.0,20000.0,2012.0,2000-2019 (újszerű),1499,Kőbányai út,45,,45,"Budapest X. kerület, Kőbányai út 45.",4,0,4.0,Gyárdűlő,Tégla lakás,Lépj kapcsolatba a hirdetővel,,Ingatlaniroda,4,2012.0
35196997,elado,https://ingatlan.com/35196997,"Eladó tégla lakás - Budapest X. kerület, Népliget #35196997",1101,"Budapest X. kerület, Népliget",Budapest,,,4.0,110.0,2012.0,HUF,165000000,újszerű,2012,összkomfortos,4,4,van,3 m-nél alacsonyabb,nincs megadva,nem,nincs megadva,dél,panorámás,169 m2,igen,teremgarázs hely - benne van az árban,,nincs megadva,nincs megadva,távfűtés egyedi méréssel,nincs megadva,A+,tetőtéri,,,,,,,,,110.0,165.0,1500000,4,4.0,4.0,169.0,,,2012.0,2000-2019 (újszerű),767,Népliget,,,,"Budapest X. kerület, Népliget",4,0,4.0,Kőbánya egyéb,Tégla lakás,Lépj kapcsolatba a hirdetővel,,Ingatlaniroda,4,2012.0
35196998,elado,https://ingatlan.com/35196998,"Eladó tégla lakás - Budapest X. kerület, Népliget #35196998",1101,"Budapest X. kerület, Népliget",Budapest,,,4.0,111.0,2012.0,HUF,165000000,jó állapotú,2012,összkomfortos,4,4,van,3 m-nél alacsonyabb,nincs megadva,nem,nincs megadva,dél,panorámás,169 m2,igen,teremgarázs hely - benne van az árban,,nincs megadva,nincs megadva,távfűtés egyedi méréssel,nincs megadva,A+,tetőtéri,,,,,,,,,111.0,165.0,1486486,4,4.0,4.0,169.0,,,2012.0,2000-2019 (újszerű),1920,Népliget,,,,"Budapest X. kerület, Népliget",4,0,4.0,Kőbánya egyéb,Tégla lakás,Lépj kapcsolatba a hirdetővel,,Ingatlaniroda,4,2012.0
35199047,elado,https://ingatlan.com/35199047,"Eladó tégla lakás - Budapest X. kerület, Népliget #35199047",1101,"Budapest X. kerület, Népliget",Budapest,,,4.0,109.0,2012.0,HUF,165000000,jó állapotú,2012,nincs megadva,4,4,van,nincs megadva,van,nincs megadva,külön és egyben is,nincs megadva,panorámás,169 m2,nincs megadva,teremgarázs hely - megvásárolható,8 MFt,nincs megadva,65 000 Ft/hó,"házközponti egyedi méréssel, hűtő-fűtő klíma",nincs megadva,nincs megadva,nincs megadva,,,,,,,,,109.0,165.0,1513761,4,4.0,4.0,169.0,65000.0,,2012.0,2000-2019 (újszerű),3241,Népliget,,,,"Budapest X. kerület, Népliget",4,0,4.0,Kőbánya egyéb,Tégla lakás,Lépj kapcsolatba a hirdetővel,,Ingatlaniroda,4,2012.0
35200725,elado,https://ingatlan.com/35200725,"Eladó csúsztatott zsalus - Budapest X. kerület, Ihász köz #35200725",1105,"Budapest X. kerület, Ihász köz",Budapest,,,3.0,63.0,,HUF,80000000,nincs megadva,nincs megadva,nincs megadva,nincs megadva,nincs megadva,nincs megadva,nincs megadva,nincs megadva,nincs megadva,nincs megadva,nincs megadva,nincs megadva,6 m2,nincs megadva,nincs megadva,,nincs megadva,nincs megadva,nincs megadva,nincs megadva,nincs megadva,,,,,,,,,,63.0,80.0,1269841,nincs megadva,,,6.0,,,,Nem ismert,499,Ihász köz,,,,"Budapest X. kerület, Ihász köz",3,0,3.0,Óhegy,Csúsztatott zsalus lakás,Lépj kapcsolatba a hirdetővel,,Ingatlaniroda,2,
35201061,elado,https://ingatlan.com/35201061,"Eladó tégla lakás - Budapest X. kerület, Bolgár utca #35201061",1105,"Budapest X. kerület, Bolgár utca",Budapest,,,1.0,32.0,1950.0,HUF,47900000,jó állapotú,1950 és 1980 között,nincs megadva,földszint,nincs megadva,nincs,3 m-nél magasabb,nincs megadva,nincs megadva,nincs megadva,délnyugat,kertre néz,nincs megadva,nincs megadva,"utca, közterület",,nincs megadva,nincs megadva,egyéb,van,nincs megadva,nem tetőtéri,,,,,,,,,32.0,47.9,1496875,földszint,0.0,,,,,,1950-1979 (szocialista modern),1288,Bolgár utca,,,,"Budapest X. kerület, Bolgár utca",1,0,1.0,Óhegy,Tégla lakás,Lépj kapcsolatba a hirdetővel,,Ingatlaniroda,4,1968.0
35203765,elado,https://ingatlan.com/35203765,"Eladó tégla lakás - Budapest X. kerület, Kőbányai út #35203765",1101,"Budapest X. kerület, Kőbányai út",Budapest,,,3.0,109.0,2012.0,HUF,164900000,jó állapotú,2012,összkomfortos,4,4,van,3 m-nél alacsonyabb,nincs,nem,külön helyiségben,délnyugat,kertre néz,170 m2,nem,teremgarázs hely - megvásárolható,8 MFt,15 000 000 Ft/hó,65 000 Ft/hó,házközponti egyedi méréssel,van - 20 cm,nincs megadva,"legfelső emelet, nem tetőtéri",,,,,,,,,109.0,164.9,1512844,4,4.0,4.0,170.0,65000.0,15000000.0,2012.0,2000-2019 (újszerű),3889,Kőbányai út,,,,"Budapest X. kerület, Kőbányai út",3,0,3.0,Gyárdűlő,Tégla lakás,Lépj kapcsolatba a hirdetővel,,Ingatlaniroda,4,2012.0
35203875,elado,https://ingatlan.com/35203875,"Eladó panel lakás - Budapest X. kerület, Újhegyi sétány #35203875",1108,"Budapest X. kerület, Újhegyi sétány",Budapest,,,2.0,50.0,,HUF,67500000,felújított,nincs megadva,nincs megadva,5,10,van,3 m-nél magasabb,van,nem,külön helyiségben,nincs megadva,utcai,nincs megadva,nem,"utca, közterület",,45 000 Ft/hó,17 000 Ft/hó,távfűtés,van,nincs megadva,nem tetőtéri,nincs megadva,,,,,,,,50.0,67.5,1350000,5,5.0,10.0,,17000.0,45000.0,,Nem ismert,919,Újhegyi sétány,,50,50,"Budapest X. kerület, Újhegyi sétány 50.",2,0,2.0,Újhegy,Panel lakás,Lépj kapcsolatba a hirdetővel,,Ingatlaniroda,2,
35209421,elado,https://ingatlan.com/35209421,"Eladó csúsztatott zsalus - Budapest X. kerület, Vörösdinka utca #35209421",1104,"Budapest X. kerület, Vörösdinka utca",Budapest,,,3.0,56.0,1950.0,HUF,72500000,felújított,1950 és 1980 között,összkomfortos,2,4,nincs,3 m-nél alacsonyabb,nincs,nem,egy helyiségben,délnyugat,utcai,nincs megadva,nincs megadva,"utca, közterület - ingyenes",,nincs megadva,16 800 Ft/hó,távfűtés,van - 10 cm,C,,,,,,,,,,56.0,72.5,1294643,2,2.0,4.0,,16800.0,,,1950-1979 (szocialista modern),951,Vörösdinka utca,,,,"Budapest X. kerület, Vörösdinka utca",3,0,3.0,Óhegy,Csúsztatott zsalus lakás,Lépj kapcsolatba a hirdetővel,,Ingatlaniroda,2,1968.0
35209528,elado,https://ingatlan.com/35209528,"Eladó tégla lakás - Budapest X. kerület, Gyárdűlő #35209528",1107,"Budapest X. kerület, Gyárdűlő",Budapest,,,3.0,53.0,2024.0,HUF,102000000,újszerű,2024,nincs megadva,2,6,van,nincs megadva,van,nincs megadva,külön helyiségben,délnyugat,udvari,10 m2,nincs megadva,nincs megadva,,nincs megadva,nincs megadva,házközponti egyedi méréssel,van - 15 cm,nincs megadva,nincs megadva,,,,,,,,,53.0,102.0,1924528,2,2.0,6.0,10.0,,,2024.0,2020 után (új építésű),2240,Gyárdűlő,,,,"Budapest X. kerület, Gyárdűlő",3,0,3.0,Gyárdűlő,Tégla lakás,Lépj kapcsolatba a hirdetővel,,Ingatlaniroda,4,2024.0
35214396,elado,https://ingatlan.com/35214396,"Eladó tégla lakás - Budapest X. kerület, Tavas utca #35214396",1108,"Budapest X. kerület, Tavas utca",Budapest,,,1.0,44.0,2026.0,HUF,69900000,nincs megadva,2026,összkomfortos,földszint,4,van,3 m-nél alacsonyabb,van,nincs megadva,külön helyiségben,délnyugat,kertre néz,5 m2,nincs megadva,udvari beálló - kötelező megvenni,3 MFt,nincs megadva,nincs megadva,"hőszivattyú, fan-coil",van - 15 cm,A+,nincs megadva,,,,,,,,,44.0,69.9,1588636,földszint,0.0,4.0,5.0,,,2026.0,2020 után (új építésű),1895,Tavas utca,,,,"Budapest X. kerület, Tavas utca",1,0,1.0,Újhegy,Tégla lakás,Lépj kapcsolatba a hirdetővel,,Ingatlaniroda,4,2026.0
35214435,elado,https://ingatlan.com/35214435,"Eladó tégla lakás - Budapest X. kerület, Tavas utca #35214435",1108,"Budapest X. kerület, Tavas utca",Budapest,,,1.0,44.0,2026.0,HUF,62900000,új építésű,2026,összkomfortos,1,4,van,3 m-nél alacsonyabb,van,nincs megadva,külön és egyben is,délnyugat,nincs megadva,5 m2,nincs megadva,udvari beálló - kötelező megvenni,3 MFt,nincs megadva,nincs megadva,"hőszivattyú, fan-coil",van - 15 cm,A+,nincs megadva,,,,,,,,,44.0,62.9,1429545,1,1.0,4.0,5.0,,,2026.0,2020 után (új építésű),1879,Tavas utca,,,,"Budapest X. kerület, Tavas utca",1,0,1.0,Újhegy,Tégla lakás,Lépj kapcsolatba a hirdetővel,,Ingatlaniroda,4,2026.0
35214477,elado,https://ingatlan.com/35214477,"Eladó tégla lakás - Budapest X. kerület, Tavas utca #35214477",1108,"Budapest X. kerület, Tavas utca",Budapest,,,3.0,70.0,2026.0,HUF,99900000,új építésű,2026,összkomfortos,földszint,4,van,3 m-nél alacsonyabb,van,nincs megadva,külön és egyben is,délnyugat,kertre néz,9 m2,igen,udvari beálló - kötelező megvenni,3 MFt,nincs megadva,nincs megadva,"hőszivattyú, fan-coil",van - 15 cm,A+,nincs megadva,,,,,,,,,70.0,99.9,1427143,földszint,0.0,4.0,9.0,,,2026.0,2020 után (új építésű),1905,Tavas utca,,,,"Budapest X. kerület, Tavas utca",3,0,3.0,Újhegy,Tégla lakás,Lépj kapcsolatba a hirdetővel,,Ingatlaniroda,4,2026.0
35214947,elado,https://ingatlan.com/35214947,"Eladó tégla lakás - Budapest X. kerület, Endre utca #35214947",1102,"Budapest X. kerület, Endre utca",Budapest,,,3.0,70.0,1950.0,HUF,68500000,jó állapotú,1950 és 1980 között,összkomfortos,3,3,nincs,3 m-nél magasabb,nincs megadva,nincs megadva,külön helyiségben,dél,nincs megadva,nincs megadva,nincs megadva,"utca, közterület - ingyenes",,nincs megadva,21 117 Ft/hó,gáz (konvektor),nincs megadva,nincs megadva,nincs megadva,,,,,,,,,70.0,68.5,978571,3,3.0,3.0,,21117.0,,,1950-1979 (szocialista modern),1386,Endre utca,,,,"Budapest X. kerület, Endre utca",3,0,3.0,Ligettelek,Tégla lakás,Lépj kapcsolatba a hirdetővel,,Ingatlaniroda,2,1968.0
35216766,elado,https://ingatlan.com/35216766,"Eladó tégla lakás - Budapest X. kerület, Hatház utca 5. #35216766",1106,"Budapest X. kerület, Hatház utca 5.",Budapest,47.502772,19.149202,4.0,56.0,1940.0,HUF,72900000,felújított,1950 előtt,duplakomfortos,4,4,nincs,3 m-nél alacsonyabb,van,nem,külön és egyben is,kelet,udvari,nincs megadva,nem,"utca, közterület - fizetős övezet",,17 000 Ft/hó,24 500 Ft/hó,"gázkazán, hűtő-fűtő klíma",nincs,D,nem tetőtéri,,,,,,,,,56.0,72.9,1301786,4,4.0,4.0,,24500.0,17000.0,,1950 előtt (klasszikus polgári/tégla),702,Hatház utca,5,,5,"Budapest X. kerület, Hatház utca 5.",4,0,4.0,Felsőrákos,Tégla lakás,Lépj kapcsolatba a hirdetővel,,Magánszemély,4,1930.0
35218789,elado,https://ingatlan.com/35218789,"Eladó tégla lakás - Budapest X. kerület, Téglagyárdűlő #35218789",1106,"Budapest X. kerület, Téglagyárdűlő",Budapest,,,2.0,49.0,1950.0,HUF,39900000,jó állapotú,1950 és 1980 között,összkomfortos,4,4,nincs,3 m-nél alacsonyabb,van,nem,egy helyiségben,délnyugat,kertre néz,nincs megadva,nincs megadva,"utca, közterület - ingyenes",,nincs megadva,nincs megadva,elektromos fűtőpanel,nincs,nincs megadva,"legfelső emelet, nem tetőtéri",,,,,,,,,49.0,39.9,814286,4,4.0,4.0,,,,,1950-1979 (szocialista modern),1051,Téglagyárdűlő,,,,"Budapest X. kerület, Téglagyárdűlő",2,0,2.0,Gyárdűlő,Tégla lakás,Lépj kapcsolatba a hirdetővel,,Ingatlaniroda,4,1968.0
35221075,elado,https://ingatlan.com/35221075,"Eladó panel lakás - Budapest X. kerület, Kőrösi Csoma sétány #35221075",1102,"Budapest X. kerület, Kőrösi Csoma sétány",Budapest,,,3.0,71.0,1981.0,HUF,64900000,felújított,1981 és 2000 között,összkomfortos,2,4,nincs,3 m-nél alacsonyabb,van,nem,külön helyiségben,délnyugat,utcai,7 m2,nem,"utca, közterület - ingyenes",,40 000 Ft/hó,27 000 Ft/hó,házközponti,nincs,nincs megadva,nem tetőtéri,nem vett részt,,,,,,,,71.0,64.9,914085,2,2.0,4.0,7.0,27000.0,40000.0,,1980-1999 (késő panel/tégla),628,Kőrösi Csoma sétány,,,,"Budapest X. kerület, Kőrösi Csoma sétány",3,0,3.0,Kőbánya-Városközpont,Panel lakás,Lépj kapcsolatba a hirdetővel,,Ingatlaniroda,4,1988.0
35221098,elado,https://ingatlan.com/35221098,"Eladó tégla lakás - Budapest X. kerület, Makk utca 7./35. #35221098",1107,"Budapest X. kerület, Makk utca 7./35.",Budapest,47.474314,19.118907,4.0,86.0,2019.0,HUF,134990000,újszerű,2019,nincs megadva,4,5,van,3 m-nél alacsonyabb,van,igen,külön és egyben is,nincs megadva,udvari,9 m2,nincs megadva,nincs megadva,,nincs megadva,30 000 Ft/hó,"házközponti egyedi méréssel, gázkazán",van,nincs megadva,nem tetőtéri,,,,,,,,,86.0,134.99,1569651,4,4.0,5.0,9.0,30000.0,,2019.0,2000-2019 (újszerű),1346,Makk utca,7./35,7,7./35,"Budapest X. kerület, Makk utca 7./35.",4,0,4.0,Gyárdűlő,Tégla lakás,Lépj kapcsolatba a hirdetővel,,Ingatlaniroda,2,2019.0
35222361,elado,https://ingatlan.com/35222361,"Eladó tégla lakás - Budapest X. kerület, Laposdűlő - Pongrácz úti lakótelep #35222361",1101,"Budapest X. kerület, Laposdűlő - Pongrácz úti lakótelep",Budapest,,,2.0,36.0,,HUF,46900000,felújítandó,nincs megadva,nincs megadva,nincs megadva,4,nincs,nincs megadva,nincs megadva,nincs megadva,külön helyiségben,nincs megadva,utcai,nincs megadva,nincs megadva,nincs megadva,,nincs megadva,nincs megadva,gáz (konvektor),nincs megadva,nincs megadva,nincs megadva,,,,,,,,,36.0,46.9,1302778,nincs megadva,,4.0,,,,,Nem ismert,1306,Laposdűlő - Pongrácz úti lakótelep,,,,"Budapest X. kerület, Laposdűlő - Pongrácz úti lakótelep",2,0,2.0,Laposdűlő,Tégla lakás,Lépj kapcsolatba a hirdetővel,,Ingatlaniroda,4,
35222373,elado,https://ingatlan.com/35222373,"Eladó tégla lakás - Budapest X. kerület, Laposdűlő - Pongrácz úti lakótelep #35222373",1101,"Budapest X. kerület, Laposdűlő - Pongrácz úti lakótelep",Budapest,,,2.0,36.0,,HUF,33900000,nincs megadva,nincs megadva,nincs megadva,nincs megadva,nincs megadva,nincs megadva,nincs megadva,nincs megadva,nincs megadva,nincs megadva,nincs megadva,nincs megadva,nincs megadva,nincs megadva,nincs megadva,,nincs megadva,nincs megadva,gáz (konvektor),nincs megadva,nincs megadva,nincs megadva,,,,,,,,,36.0,33.9,941667,nincs megadva,,,,,,,Nem ismert,648,Laposdűlő - Pongrácz úti lakótelep,,,,"Budapest X. kerület, Laposdűlő - Pongrácz úti lakótelep",2,0,2.0,Laposdűlő,Tégla lakás,Lépj kapcsolatba a hirdetővel,,Ingatlaniroda,2,
35222533,elado,https://ingatlan.com/35222533,"Eladó csúsztatott zsalus - Budapest X. kerület, Kőbánya-Városközpont #35222533",1105,"Budapest X. kerület, Kőbánya-Városközpont",Budapest,,,3.0,71.0,1950.0,HUF,66000000,közepes állapotú,1950 és 1980 között,összkomfortos,2,4,nincs,3 m-nél alacsonyabb,nincs megadva,nincs megadva,nincs megadva,nincs megadva,utcai,7 m2,nincs megadva,"utca, közterület",,nincs megadva,27 000 Ft/hó,távfűtés egyedi méréssel,nincs megadva,nincs megadva,,,,,,,,,,71.0,66.0,929577,2,2.0,4.0,7.0,27000.0,,,1950-1979 (szocialista modern),943,Kőbánya-Városközpont,,,,"Budapest X. kerület, Kőbánya-Városközpont",3,0,3.0,Kőbánya-Városközpont,Csúsztatott zsalus lakás,Lépj kapcsolatba a hirdetővel,,Ingatlaniroda,4,1968.0
35223222,elado,https://ingatlan.com/35223222,"Eladó panel lakás - Budapest X. kerület, Kővágó utca #35223222",1108,"Budapest X. kerület, Kővágó utca",Budapest,,,3.0,68.0,,HUF,68000000,közepes állapotú,nincs megadva,nincs megadva,6,10,van,3 m-nél alacsonyabb,van,nincs megadva,külön helyiségben,nincs megadva,utcai,2 m2,nem,"utca, közterület",,nincs megadva,nincs megadva,távfűtés,nincs megadva,nincs megadva,nem tetőtéri,részt vett,,,,,,,,68.0,68.0,1000000,6,6.0,10.0,2.0,,,,Nem ismert,927,Kővágó utca,,,,"Budapest X. kerület, Kővágó utca",3,0,3.0,Újhegy,Panel lakás,Lépj kapcsolatba a hirdetővel,,Ingatlaniroda,2,
35223334,elado,https://ingatlan.com/35223334,"Eladó tégla lakás - Budapest X. kerület, Gyárdűlő #35223334",1107,"Budapest X. kerület, Gyárdűlő",Budapest,,,3.0,53.0,2024.0,HUF,102000000,újszerű,2024,nincs megadva,2,6,van,3 m-nél alacsonyabb,nincs megadva,nincs megadva,nincs megadva,délnyugat,udvari,10 m2,nincs megadva,nincs megadva,,nincs megadva,nincs megadva,házközponti egyedi méréssel,nincs megadva,nincs megadva,nincs megadva,,,,,,,,,53.0,102.0,1924528,2,2.0,6.0,10.0,,,2024.0,2020 után (új építésű),2271,Gyárdűlő,,,,"Budapest X. kerület, Gyárdűlő",3,0,3.0,Gyárdűlő,Tégla lakás,Lépj kapcsolatba a hirdetővel,,Ingatlaniroda,4,2024.0
35224306,elado,https://ingatlan.com/35224306,"Eladó tégla lakás - Budapest X. kerület, Kőbánya - Óhegy #35224306",1103,"Budapest X. kerület, Kőbánya - Óhegy",Budapest,,,3.0,79.0,1940.0,HUF,169000000,felújított,1950 előtt,nincs megadva,5,5,van,3 m-nél magasabb,van,nincs megadva,egy helyiségben,kelet,panorámás,100 m2,nem,"utca, közterület - ingyenes",,nincs megadva,28 600 Ft/hó,gázkazán,nincs megadva,nincs megadva,nincs megadva,,,,,,,,,79.0,169.0,2139241,5,5.0,5.0,100.0,28600.0,,,1950 előtt (klasszikus polgári/tégla),4018,Kőbánya - Óhegy,,,,"Budapest X. kerület, Kőbánya - Óhegy",3,0,3.0,Óhegy,Tégla lakás,Lépj kapcsolatba a hirdetővel,,Ingatlaniroda,4,1930.0
35225224,elado,https://ingatlan.com/35225224,"Eladó panel lakás - Budapest X. kerület, Gyakorló utca #35225224",1106,"Budapest X. kerület, Gyakorló utca",Budapest,,,2.0,53.0,1950.0,HUF,62900000,közepes állapotú,1950 és 1980 között,összkomfortos,földszint,10,van,3 m-nél alacsonyabb,nincs megadva,nem,külön helyiségben,délkelet,utcai,nincs megadva,nincs megadva,"utca, közterület - fizetős övezet",,nincs megadva,nincs megadva,távfűtés,van - 15 cm,nincs megadva,nincs megadva,részt vett,,,,,,,,53.0,62.9,1186792,földszint,0.0,10.0,,,,,1950-1979 (szocialista modern),1851,Gyakorló utca,,,,"Budapest X. kerület, Gyakorló utca",2,0,2.0,Felsőrákos,Panel lakás,Lépj kapcsolatba a hirdetővel,,Ingatlaniroda,4,1968.0
35226091,elado,https://ingatlan.com/35226091,"Eladó tégla lakás - Budapest X. kerület, Tavas utca #35226091",1108,"Budapest X. kerület, Tavas utca",Budapest,,,4.0,102.0,2026.0,HUF,129900000,új építésű,2026,duplakomfortos,1,4,van,3 m-nél alacsonyabb,van,nincs megadva,külön és egyben is,délnyugat,kertre néz,9 m2,nem,udvari beálló - kötelező megvenni,3 MFt,nincs megadva,nincs megadva,"hőszivattyú, fan-coil",van - 15 cm,A+,nincs megadva,,,,,,,,,102.0,129.9,1273529,1,1.0,4.0,9.0,,,2026.0,2020 után (új építésű),1643,Tavas utca,,,,"Budapest X. kerület, Tavas utca",4,0,4.0,Újhegy,Tégla lakás,Lépj kapcsolatba a hirdetővel,,Ingatlaniroda,4,2026.0
35226487,elado,https://ingatlan.com/35226487,"Eladó tégla lakás - Budapest X. kerület, Gyógyszergyári utca #35226487",1106,"Budapest X. kerület, Gyógyszergyári utca",Budapest,,,3.0,54.0,2027.0,HUF,83900000,új építésű,2027,összkomfortos,6,7,van,nincs megadva,nincs,igen,nincs megadva,nincs megadva,nincs megadva,13.96 m2,nincs megadva,udvari beálló - megvásárolható,"3,25 MFt",nincs megadva,nincs megadva,távfűtés,nincs megadva,A+,nincs megadva,,,,,,,,,54.0,83.9,1553704,6,6.0,7.0,13.96,,,2027.0,2020 után (új építésű),3375,Gyógyszergyári utca,,,,"Budapest X. kerület, Gyógyszergyári utca",3,0,3.0,Felsőrákos,Tégla lakás,Lépj kapcsolatba a hirdetővel,,Ingatlaniroda,4,2027.0
35227234,elado,https://ingatlan.com/35227234,"Eladó panel lakás - Budapest X. kerület, Bihari utca 3. #35227234",1107,"Budapest X. kerület, Bihari utca 3.",Budapest,47.472832,19.114859,3.0,62.0,1950.0,HUF,72450000,felújított,1950 és 1980 között,összkomfortos,félemelet,10,van,3 m-nél alacsonyabb,nincs megadva,igen,külön helyiségben,nincs megadva,udvari,nincs megadva,igen,"utca, közterület - fizetős övezet",,22 450 Ft/hó,14 500 Ft/hó,házközponti,van,C,nem tetőtéri,részt vett,,,,,,,,62.0,72.45,1168548,félemelet,0.5,10.0,,14500.0,22450.0,,1950-1979 (szocialista modern),1974,Bihari utca,3,,3,"Budapest X. kerület, Bihari utca 3.",3,0,3.0,Gyárdűlő,Panel lakás,Lépj kapcsolatba a hirdetővel,,Ingatlaniroda,2,1968.0
35228838,elado,https://ingatlan.com/35228838,"Eladó tégla lakás - Budapest X. kerület, Csilla utca #35228838",1101,"Budapest X. kerület, Csilla utca",Budapest,,,1.0,25.0,,HUF,40990000,nincs megadva,nincs megadva,nincs megadva,nincs megadva,nincs megadva,nincs megadva,nincs megadva,nincs megadva,nincs megadva,nincs megadva,nincs megadva,nincs megadva,nincs megadva,nincs megadva,nincs megadva,,nincs megadva,nincs megadva,nincs megadva,nincs megadva,nincs megadva,nincs megadva,,,,,,,,,25.0,40.99,1639600,nincs megadva,,,,,,,Nem ismert,1076,Csilla utca,,,,"Budapest X. kerület, Csilla utca",1,0,1.0,Laposdűlő,Tégla lakás,Lépj kapcsolatba a hirdetővel,,Ingatlaniroda,2,
35231121,elado,https://ingatlan.com/35231121,"Eladó panel lakás - Budapest X. kerület, Kőbánya - Újhegyi lakótelep #35231121",1108,"Budapest X. kerület, Kőbánya - Újhegyi lakótelep",Budapest,,,2.0,49.0,,HUF,17300000,nincs megadva,nincs megadva,nincs megadva,nincs megadva,nincs megadva,nincs megadva,nincs megadva,nincs megadva,nincs megadva,nincs megadva,nincs megadva,nincs megadva,nincs megadva,nincs megadva,nincs megadva,,nincs megadva,nincs megadva,nincs megadva,nincs megadva,I,nincs megadva,nincs megadva,,,,,,,,49.0,17.3,353061,nincs megadva,,,,,,,Nem ismert,1007,Kőbánya - Újhegyi lakótelep,,,,"Budapest X. kerület, Kőbánya - Újhegyi lakótelep",2,0,2.0,Újhegy,Panel lakás,Lépj kapcsolatba a hirdetővel,,Ingatlaniroda,3,
35231168,elado,https://ingatlan.com/35231168,"Eladó tégla lakás - Budapest X. kerület, Szállás utca #35231168",1107,"Budapest X. kerület, Szállás utca",Budapest,,,1.0,60.0,1950.0,HUF,40000000,felújított,1950 és 1980 között,összkomfortos,szuterén,3,nincs,3 m-nél alacsonyabb,nincs,nem,egy helyiségben,dél,udvari,nincs megadva,nem,"utca, közterület - ingyenes",,nincs megadva,nincs megadva,elektromos fűtőpanel,nincs megadva,nincs megadva,nem tetőtéri,,,,,,,,,60.0,40.0,666667,szuterén,-1.0,3.0,,,,,1950-1979 (szocialista modern),1237,Szállás utca,,60,60,"Budapest X. kerület, Szállás utca 60.",1,0,1.0,Gyárdűlő,Tégla lakás,Lépj kapcsolatba a hirdetővel,,Ingatlaniroda,4,1968.0
35233389,elado,https://ingatlan.com/35233389,"Eladó tégla lakás - Budapest X. kerület, Szent László tér 22. #35233389",1102,"Budapest X. kerület, Szent László tér 22.",Budapest,47.487887,19.131851,1.0,48.0,1950.0,HUF,48000000,felújított,1950 és 1980 között,összkomfortos,szuterén,4,nincs,3 m-nél alacsonyabb,nincs,nem,egy helyiségben,dél,utcai,nincs megadva,nem,"utca, közterület - ingyenes",,12 000 Ft/hó,8 000 Ft/hó,elektromos fűtőpanel,nincs megadva,nincs megadva,nem tetőtéri,,,,,,,,,48.0,48.0,1000000,szuterén,-1.0,4.0,,8000.0,12000.0,,1950-1979 (szocialista modern),1545,Szent László tér,22,,22,"Budapest X. kerület, Szent László tér 22.",1,0,1.0,Ligettelek,Tégla lakás,Lépj kapcsolatba a hirdetővel,,Ingatlaniroda,4,1968.0
35233571,elado,https://ingatlan.com/35233571,"Eladó tégla lakás - Budapest X. kerület, Kápolna utca #35233571",1102,"Budapest X. kerület, Kápolna utca",Budapest,,,2.0,70.0,1950.0,HUF,60000000,felújított,1950 és 1980 között,összkomfortos,földszint,2,van,3 m-nél alacsonyabb,van,nem,egy helyiségben,dél,udvari,nincs megadva,igen,"utca, közterület - ingyenes",,nincs megadva,nincs megadva,"padlófűtés, hűtő-fűtő klíma",van - 10 cm,nincs megadva,nincs megadva,,,,,,,,,70.0,60.0,857143,földszint,0.0,2.0,,,,,1950-1979 (szocialista modern),1541,Kápolna utca,,,,"Budapest X. kerület, Kápolna utca",2,0,2.0,Kőbánya-Városközpont,Tégla lakás,Lépj kapcsolatba a hirdetővel,,Ingatlaniroda,4,1968.0
35235787,elado,https://ingatlan.com/35235787,"Eladó tégla lakás - Budapest X. kerület, Gyógyszergyári utca #35235787",1106,"Budapest X. kerület, Gyógyszergyári utca",Budapest,,,2.0,48.0,2027.0,HUF,76900000,új építésű,2027,összkomfortos,8,8,van,nincs megadva,van,igen,nincs megadva,nincs megadva,nincs megadva,12.11 m2,nincs megadva,udvari beálló - megvásárolható,"3,25 MFt",nincs megadva,nincs megadva,távfűtés,nincs megadva,nincs megadva,nincs megadva,,,,,,,,,48.0,76.9,1602083,8,8.0,8.0,12.11,,,2027.0,2020 után (új építésű),3375,Gyógyszergyári utca,,,,"Budapest X. kerület, Gyógyszergyári utca",2,0,2.0,Felsőrákos,Tégla lakás,Lépj kapcsolatba a hirdetővel,,Ingatlaniroda,4,2027.0
35235794,elado,https://ingatlan.com/35235794,"Eladó tégla lakás - Budapest X. kerület, Gyógyszergyári utca #35235794",1106,"Budapest X. kerület, Gyógyszergyári utca",Budapest,,,2.0,48.0,2027.0,HUF,76900000,új építésű,2027,összkomfortos,nincs megadva,7,van,nincs megadva,van,igen,nincs megadva,nincs megadva,nincs megadva,12.11 m2,nincs megadva,udvari beálló - megvásárolható,"3,25 MFt",nincs megadva,nincs megadva,távfűtés,nincs megadva,nincs megadva,nincs megadva,,,,,,,,,48.0,76.9,1602083,nincs megadva,,7.0,12.11,,,2027.0,2020 után (új építésű),3375,Gyógyszergyári utca,,,,"Budapest X. kerület, Gyógyszergyári utca",2,0,2.0,Felsőrákos,Tégla lakás,Lépj kapcsolatba a hirdetővel,,Ingatlaniroda,4,2027.0
35235805,elado,https://ingatlan.com/35235805,"Eladó tégla lakás - Budapest X. kerület, Gyógyszergyári utca #35235805",1106,"Budapest X. kerület, Gyógyszergyári utca",Budapest,,,2.0,48.0,2027.0,HUF,77900000,új építésű,2027,összkomfortos,6,7,van,nincs megadva,van,igen,nincs megadva,nincs megadva,nincs megadva,12.1 m2,nincs megadva,udvari beálló - megvásárolható,"3,25 MFt",nincs megadva,nincs megadva,távfűtés,nincs megadva,nincs megadva,nincs megadva,,,,,,,,,48.0,77.9,1622917,6,6.0,7.0,12.1,,,2027.0,2020 után (új építésű),3375,Gyógyszergyári utca,,,,"Budapest X. kerület, Gyógyszergyári utca",2,0,2.0,Felsőrákos,Tégla lakás,Lépj kapcsolatba a hirdetővel,,Ingatlaniroda,4,2027.0
35236250,elado,https://ingatlan.com/35236250,"Eladó tégla lakás - Budapest X. kerület, Doba utca #35236250",1101,"Budapest X. kerület, Doba utca",Budapest,,,1.0,36.0,1940.0,HUF,41900000,közepes állapotú,1950 előtt,összkomfortos,1,4,nincs,3 m-nél alacsonyabb,van,nincs megadva,nincs megadva,kelet,kertre néz,3 m2,nincs megadva,nincs megadva,,nincs megadva,nincs megadva,gáz (konvektor),nincs megadva,nincs megadva,nincs megadva,,,,,,,,,36.0,41.9,1163889,1,1.0,4.0,3.0,,,,1950 előtt (klasszikus polgári/tégla),1342,Doba utca,,,,"Budapest X. kerület, Doba utca",1,0,1.0,Laposdűlő,Tégla lakás,Lépj kapcsolatba a hirdetővel,,Ingatlaniroda,4,1930.0
35236353,elado,https://ingatlan.com/35236353,"Eladó tégla lakás - Budapest X. kerület, Kozma utca #35236353",1108,"Budapest X. kerület, Kozma utca",Budapest,,,2.0,47.0,1950.0,HUF,59900000,felújított,1950 és 1980 között,összkomfortos,2,3,nincs,3 m-nél alacsonyabb,van,nem,külön helyiségben,délkelet,utcai,4 m2,nem,udvari beálló - benne van az árban,,30 000 Ft/hó,17 270 Ft/hó,"gáz (konvektor), hűtő-fűtő klíma",van - 10 cm,nincs megadva,"legfelső emelet, nem tetőtéri",,,,,,,,,47.0,59.9,1274468,2,2.0,3.0,4.0,17270.0,30000.0,,1950-1979 (szocialista modern),1277,Kozma utca,,,,"Budapest X. kerület, Kozma utca",2,0,2.0,Keresztúridűlő,Tégla lakás,Lépj kapcsolatba a hirdetővel,,Ingatlaniroda,2,1968.0
35242237,elado,https://ingatlan.com/35242237,"Eladó tégla lakás - Budapest X. kerület, Tavas utca 11. #35242237",1108,"Budapest X. kerület, Tavas utca 11.",Budapest,47.469764,19.166789,3.0,82.0,2026.0,HUF,109900000,új építésű,2026,összkomfortos,2,5,van,3 m-nél alacsonyabb,van,nincs megadva,külön és egyben is,délnyugat,kertre néz,10 m2,nem,udvari beálló - megvásárolható,3 MFt,nincs megadva,nincs megadva,"hőszivattyú, padlófűtés, fan-coil",van - 18 cm,A+,nem tetőtéri,,,,,,,,,82.0,109.9,1340244,2,2.0,5.0,10.0,,,2026.0,2020 után (új építésű),2487,Tavas utca,11,21,11,"Budapest X. kerület, Tavas utca 11.",3,0,3.0,Újhegy,Tégla lakás,Lépj kapcsolatba a hirdetővel,,Ingatlaniroda,4,2026.0
35242248,elado,https://ingatlan.com/35242248,"Eladó tégla lakás - Budapest X. kerület, Tavas utca 11. #35242248",1108,"Budapest X. kerület, Tavas utca 11.",Budapest,47.469764,19.166789,2.0,52.0,2026.0,HUF,79900000,új építésű,2026,összkomfortos,földszint,5,van,3 m-nél alacsonyabb,van,nincs megadva,külön helyiségben,kelet,kertre néz,10 m2,igen,udvari beálló - megvásárolható,3 MFt,nincs megadva,nincs megadva,"hőszivattyú, padlófűtés, fan-coil",van - 18 cm,A+,nem tetőtéri,,,,,,,,,52.0,79.9,1536538,földszint,0.0,5.0,10.0,,,2026.0,2020 után (új építésű),2494,Tavas utca,11,21,11,"Budapest X. kerület, Tavas utca 11.",2,0,2.0,Újhegy,Tégla lakás,Lépj kapcsolatba a hirdetővel,,Ingatlaniroda,4,2026.0
35243189,elado,https://ingatlan.com/35243189,"Eladó tégla lakás - Budapest XIX. kerület, Teleki utca 53. #35243189",1191,"Budapest XIX. kerület, Teleki utca 53.",Budapest,47.459343,19.14849,2.0,44.0,2027.0,HUF,67400000,új építésű,2027,összkomfortos,1,4,van,nincs megadva,van,nincs megadva,egy helyiségben,nincs megadva,nincs megadva,5 m2,nincs megadva,teremgarázs hely,,nincs megadva,nincs megadva,hőszivattyú,van - 10 cm,A+,nincs megadva,,,,,,,,,44.0,67.4,1531818,1,1.0,4.0,5.0,,,2027.0,2020 után (új építésű),1280,"Budapest XIX. kerület, Teleki utca",53,,53,"Budapest X. kerület, Budapest XIX. kerület, Teleki utca 53.",2,0,2.0,Kőbánya egyéb,Tégla lakás,Lépj kapcsolatba a hirdetővel,,Ingatlaniroda,4,2027.0
35250603,elado,https://ingatlan.com/35250603,"Eladó csúsztatott zsalus - Budapest X. kerület, Állomás utca #35250603",1102,"Budapest X. kerület, Állomás utca",Budapest,,,5.0,103.0,1981.0,HUF,105000000,felújított,1981 és 2000 között,duplakomfortos,4,4,nincs,3 m-nél alacsonyabb,van,nem,külön helyiségben,nincs megadva,utcai,7.5 m2,nem,nincs megadva,,nincs megadva,38 000 Ft/hó,távfűtés egyedi méréssel,nincs,nincs megadva,,,,,,,,,,103.0,105.0,1019417,4,4.0,4.0,7.5,38000.0,,,1980-1999 (késő panel/tégla),1396,Állomás utca,,,,"Budapest X. kerület, Állomás utca",5,0,5.0,Ligettelek,Csúsztatott zsalus lakás,Lépj kapcsolatba a hirdetővel,,Ingatlaniroda,4,1988.0
35251451,elado,https://ingatlan.com/35251451,"Eladó tégla lakás - Budapest X. kerület, Cserkesz utca #35251451",1105,"Budapest X. kerület, Cserkesz utca",Budapest,,,3.0,53.0,,HUF,47900000,újszerű,nincs megadva,komfortos,nincs megadva,3,nincs,3 m-nél alacsonyabb,van,nem,egy helyiségben,nincs megadva,utcai,nincs megadva,nem,"utca, közterület - ingyenes",,nincs megadva,15 000 Ft/hó,hűtő-fűtő klíma,nincs megadva,nincs megadva,nem tetőtéri,,,,,,,,,53.0,47.9,903774,nincs megadva,,3.0,,15000.0,,,Nem ismert,1254,Cserkesz utca,,,,"Budapest X. kerület, Cserkesz utca",3,0,3.0,Óhegy,Tégla lakás,Lépj kapcsolatba a hirdetővel,,Ingatlaniroda,2,
35251920,elado,https://ingatlan.com/35251920,"Eladó tégla lakás - Budapest X. kerület, Újhegyi út #35251920",1108,"Budapest X. kerület, Újhegyi út",Budapest,,,3.0,63.0,2026.0,HUF,87000000,új építésű,2026,összkomfortos,1,5,van,3 m-nél alacsonyabb,van,igen,külön helyiségben,nyugat,udvari,24 m2,nincs megadva,teremgarázs hely - megvásárolható,4 MFt,nincs megadva,nincs megadva,"hőszivattyú, mennyezeti hűtés-fűtés",van,nincs megadva,nem tetőtéri,,,,,,,,,63.0,87.0,1380952,1,1.0,5.0,24.0,,,2026.0,2020 után (új építésű),1847,Újhegyi út,,,,"Budapest X. kerület, Újhegyi út",3,0,3.0,Újhegy,Tégla lakás,Lépj kapcsolatba a hirdetővel,,Ingatlaniroda,4,2026.0
35252413,elado,https://ingatlan.com/35252413,"Eladó tégla lakás - Budapest X. kerület, Népliget #35252413",1101,"Budapest X. kerület, Népliget",Budapest,,,4.0,109.0,2012.0,HUF,165000000,újszerű,2012,nincs megadva,4,4,nincs megadva,3 m-nél alacsonyabb,nincs megadva,nincs megadva,külön helyiségben,nincs megadva,panorámás,170 m2,nincs megadva,teremgarázs hely - benne van az árban,,nincs megadva,nincs megadva,házközponti egyedi méréssel,nincs megadva,nincs megadva,nem tetőtéri,,,,,,,,,109.0,165.0,1513761,4,4.0,4.0,170.0,,,2012.0,2000-2019 (újszerű),1295,Népliget,,,,"Budapest X. kerület, Népliget",4,0,4.0,Kőbánya-Kertváros,Tégla lakás,Lépj kapcsolatba a hirdetővel,,Ingatlaniroda,4,2012.0
35253467,elado,https://ingatlan.com/35253467,"Eladó panel lakás - Budapest X. kerület, Gőzmozdony utca #35253467",1108,"Budapest X. kerület, Gőzmozdony utca",Budapest,,,3.0,68.0,1950.0,HUF,75490000,jó állapotú,1950 és 1980 között,összkomfortos,5,több mint 10,van,3 m-nél alacsonyabb,van,nem,külön helyiségben,délnyugat,utcai,3 m2,nincs megadva,"utca, közterület - ingyenes",,nincs megadva,22 500 Ft/hó,távfűtés,van,nincs megadva,nincs megadva,részt vett,,,,,,,,68.0,75.49,1110147,5,5.0,10.0,3.0,22500.0,,,1950-1979 (szocialista modern),1397,Gőzmozdony utca,,,,"Budapest X. kerület, Gőzmozdony utca",3,0,3.0,Újhegy,Panel lakás,Lépj kapcsolatba a hirdetővel,,Ingatlaniroda,4,1968.0
35253728,elado,https://ingatlan.com/35253728,"Eladó tégla lakás - Budapest X. kerület, Újhegyi út 4/B/A #35253728",1108,"Budapest X. kerület, Újhegyi út 4/B/A",Budapest,47.46517,19.162065,2.0,43.0,2001.0,HUF,68900000,újszerű,2001 és 2010 között,nincs megadva,földszint,4,van,3 m-nél alacsonyabb,van,igen,egy helyiségben,nyugat,kertre néz,nincs megadva,nem,udvari beálló - benne van az árban,,40 000 Ft/hó,13 000 Ft/hó,"házközponti egyedi méréssel, hűtő-fűtő klíma",van,nincs megadva,nem tetőtéri,,,,,,,,,43.0,68.9,1602326,földszint,0.0,4.0,,13000.0,40000.0,,2000-2019 (újszerű),2614,Újhegyi út,4/B/A,,4/B/A,"Budapest X. kerület, Újhegyi út 4/B/A.",2,0,2.0,Újhegy,Tégla lakás,Lépj kapcsolatba a hirdetővel,,Ingatlaniroda,2,2005.0
35254656,elado,https://ingatlan.com/35254656,"Eladó panel lakás - Budapest X. kerület, Monori utca #35254656",1101,"Budapest X. kerület, Monori utca",Budapest,,,4.0,88.0,1981.0,HUF,85000000,felújítandó,1981 és 2000 között,összkomfortos,földszint,4,nincs,3 m-nél alacsonyabb,nincs,nem,külön és egyben is,nyugat,kertre néz,nincs megadva,nem,"utca, közterület - ingyenes",,nincs megadva,nincs megadva,házközponti,nincs megadva,nincs megadva,nem tetőtéri,nem vett részt,,,,,,,,88.0,85.0,965909,földszint,0.0,4.0,,,,,1980-1999 (késő panel/tégla),1413,Monori utca,,,,"Budapest X. kerület, Monori utca",4,0,4.0,Laposdűlő,Panel lakás,Lépj kapcsolatba a hirdetővel,,Magánszemély,4,1988.0
35254841,elado,https://ingatlan.com/35254841,"Eladó panel lakás - Budapest X. kerület, Gyakorló köz #35254841",1106,"Budapest X. kerület, Gyakorló köz",Budapest,,,3.0,71.0,1981.0,HUF,72900000,felújított,1981 és 2000 között,összkomfortos,2,10,van,3 m-nél alacsonyabb,van,nincs megadva,külön helyiségben,kelet,utcai,4 m2,nem,"utca, közterület - fizetős övezet",,30 000 Ft/hó,16 000 Ft/hó,"távfűtés egyedi méréssel, hűtő-fűtő klíma",van,nincs megadva,nem tetőtéri,részt vett,,,,,,,,71.0,72.9,1026761,2,2.0,10.0,4.0,16000.0,30000.0,,1980-1999 (késő panel/tégla),1007,Gyakorló köz,,,,"Budapest X. kerület, Gyakorló köz",3,0,3.0,Felsőrákos,Panel lakás,Lépj kapcsolatba a hirdetővel,,Ingatlaniroda,4,1988.0
35257704,elado,https://ingatlan.com/35257704,"Eladó tégla lakás - Budapest X. kerület, Gém utca 2/B #35257704",1107,"Budapest X. kerület, Gém utca 2/B",Budapest,47.47209,19.122273,4.0,81.0,2019.0,HUF,139900000,újszerű,2019,duplakomfortos,földszint,7,van,3 m-nél alacsonyabb,van,nem,külön és egyben is,dél,kertre néz,9 m2,igen,teremgarázs hely - megvásárolható,7 MFt,nincs megadva,41 000 Ft/hó,"házközponti egyedi méréssel, hűtő-fűtő klíma",van - 8 cm,A,nem tetőtéri,,,,,,,,,81.0,139.9,1727160,földszint,0.0,7.0,9.0,41000.0,,2019.0,2000-2019 (újszerű),2667,Gém utca,2/B,,2/B,"Budapest X. kerület, Gém utca 2/B.",4,0,4.0,Gyárdűlő,Tégla lakás,Lépj kapcsolatba a hirdetővel,,Ingatlaniroda,4,2019.0
35258428,elado,https://ingatlan.com/35258428,"Eladó tégla lakás - Budapest X. kerület, Tavas utca 11. #35258428",1108,"Budapest X. kerület, Tavas utca 11.",Budapest,47.469764,19.166789,3.0,62.0,2026.0,HUF,104900000,új építésű,2026,összkomfortos,4,5,van,3 m-nél alacsonyabb,van,nincs megadva,külön helyiségben,nincs megadva,nincs megadva,75 m2,nem,udvari beálló - kötelező megvenni,3 MFt,nincs megadva,nincs megadva,"hőszivattyú, padlófűtés, fan-coil",van - 18 cm,A+,zárószint,,,,,,,,,62.0,104.9,1691935,4,4.0,5.0,75.0,,,2026.0,2020 után (új építésű),2449,Tavas utca,11,21,11,"Budapest X. kerület, Tavas utca 11.",3,0,3.0,Újhegy,Tégla lakás,Lépj kapcsolatba a hirdetővel,,Ingatlaniroda,4,2026.0
35259299,elado,https://ingatlan.com/35259299,"Eladó panel lakás - Budapest X. kerület, Kápolna utca 21. #35259299",1102,"Budapest X. kerület, Kápolna utca 21.",Budapest,47.481444,19.13165,3.0,68.0,1981.0,HUF,62000000,közepes állapotú,1981 és 2000 között,összkomfortos,6,10,van,nincs megadva,nincs megadva,nincs megadva,külön helyiségben,nincs megadva,utcai,nincs megadva,nincs megadva,"utca, közterület - ingyenes",,nincs megadva,18 000 Ft/hó,távfűtés,nincs megadva,nincs megadva,nincs megadva,nincs megadva,,,,,,,,68.0,62.0,911765,6,6.0,10.0,,18000.0,,,1980-1999 (késő panel/tégla),486,Kápolna utca,21,,21,"Budapest X. kerület, Kápolna utca 21.",3,0,3.0,Kőbánya-Városközpont,Panel lakás,Lépj kapcsolatba a hirdetővel,,Ingatlaniroda,4,1988.0
35262701,elado,https://ingatlan.com/35262701,"Eladó csúsztatott zsalus - Budapest X. kerület, Harmat utca #35262701",1102,"Budapest X. kerület, Harmat utca",Budapest,,,2.0,55.0,1950.0,HUF,75900000,jó állapotú,1950 és 1980 között,nincs megadva,4,4,nincs,nincs megadva,van,nem,külön helyiségben,délnyugat,nincs megadva,4 m2,igen,"utca, közterület - ingyenes",,20 000 Ft/hó,15 000 Ft/hó,távfűtés,nincs megadva,nincs megadva,,,,,,,,,,55.0,75.9,1380000,4,4.0,4.0,4.0,15000.0,20000.0,,1950-1979 (szocialista modern),1268,Harmat utca,,,,"Budapest X. kerület, Harmat utca",2,0,2.0,Kőbánya-Városközpont,Csúsztatott zsalus lakás,Lépj kapcsolatba a hirdetővel,,Ingatlaniroda,2,1968.0
35262704,elado,https://ingatlan.com/35262704,"Eladó tégla lakás - Budapest X. kerület, Kőbánya-Kertváros #35262704",1106,"Budapest X. kerület, Kőbánya-Kertváros",Budapest,,,1.0,35.0,1950.0,HUF,42900000,felújítandó,1950 és 1980 között,összkomfortos,1,2,nincs,3 m-nél alacsonyabb,nincs,nincs megadva,külön helyiségben,délnyugat,kertre néz,3 m2,nincs megadva,"utca, közterület - ingyenes",,nincs megadva,12 800 Ft/hó,gáz (konvektor),van - 10 cm,nincs megadva,nem tetőtéri,,,,,,,,,35.0,42.9,1225714,1,1.0,2.0,3.0,12800.0,,,1950-1979 (szocialista modern),1643,Kőbánya-Kertváros,,,,"Budapest X. kerület, Kőbánya-Kertváros",1,0,1.0,Kőbánya-Kertváros,Tégla lakás,Lépj kapcsolatba a hirdetővel,,Ingatlaniroda,4,1968.0
35264019,elado,https://ingatlan.com/35264019,"Eladó tégla lakás - Budapest X. kerület, Cserkesz utca #35264019",1105,"Budapest X. kerület, Cserkesz utca",Budapest,,,3.0,64.0,2001.0,HUF,89900000,újszerű,2001 és 2010 között,összkomfortos,4,4,nincs,3 m-nél alacsonyabb,van,nincs megadva,külön helyiségben,délkelet,utcai,6 m2,nincs megadva,udvari beálló - benne van az árban,,nincs megadva,17 815 Ft/hó,házközponti,van,nincs megadva,tetőtéri,,,,,,,,,64.0,89.9,1404688,4,4.0,4.0,6.0,17815.0,,,2000-2019 (újszerű),1572,Cserkesz utca,,,,"Budapest X. kerület, Cserkesz utca",3,0,3.0,Óhegy,Tégla lakás,Lépj kapcsolatba a hirdetővel,,Ingatlaniroda,4,2005.0
35265789,elado,https://ingatlan.com/35265789,"Eladó tégla lakás - Budapest X. kerület, Kőbánya - Óhegy #35265789",1103,"Budapest X. kerület, Kőbánya - Óhegy",Budapest,,,1.0,35.0,1981.0,HUF,39990000,jó állapotú,1981 és 2000 között,összkomfortos,1,nincs megadva,nincs,nincs megadva,nincs,nincs megadva,egy helyiségben,délnyugat,udvari,nincs megadva,igen,udvari beálló,,nincs megadva,nincs megadva,gáz (konvektor),nincs megadva,nincs megadva,nincs megadva,,,,,,,,,35.0,39.99,1142571,1,1.0,,,,,,1980-1999 (késő panel/tégla),987,Kőbánya - Óhegy,,,,"Budapest X. kerület, Kőbánya - Óhegy",1,0,1.0,Óhegy,Tégla lakás,Lépj kapcsolatba a hirdetővel,,Ingatlaniroda,4,1988.0
35266428,elado,https://ingatlan.com/35266428,"Eladó panel lakás - Budapest X. kerület, Pára utca #35266428",1108,"Budapest X. kerület, Pára utca",Budapest,,,3.0,49.0,1981.0,HUF,64900000,felújított,1981 és 2000 között,összkomfortos,7,10,van,3 m-nél alacsonyabb,van,nincs megadva,külön helyiségben,délnyugat,panorámás,3 m2,nem,"utca, közterület - ingyenes",,12 000 Ft/hó,15 Ft/hó,távfűtés,nincs megadva,nincs megadva,nem tetőtéri,nincs megadva,,,,,,,,49.0,64.9,1324490,7,7.0,10.0,3.0,15.0,12000.0,,1980-1999 (késő panel/tégla),2505,Pára utca,,,,"Budapest X. kerület, Pára utca",3,0,3.0,Újhegy,Panel lakás,Lépj kapcsolatba a hirdetővel,,Ingatlaniroda,4,1988.0
35266770,elado,https://ingatlan.com/35266770,"Eladó panel lakás - Budapest X. kerület, Hungária körút 5-7. #35266770",1101,"Budapest X. kerület, Hungária körút 5-7.",Budapest,47.491796,19.109243,3.0,72.0,1981.0,HUF,73000000,jó állapotú,1981 és 2000 között,összkomfortos,7,10,van,3 m-nél alacsonyabb,van,igen,külön helyiségben,nincs megadva,udvari,4 m2,nincs megadva,udvari beálló - benne van az árban,,nincs megadva,20 000 Ft/hó,távfűtés,van,nincs megadva,nincs megadva,részt vett,,,,,,,,72.0,73.0,1013889,7,7.0,10.0,4.0,20000.0,,,1980-1999 (késő panel/tégla),656,Hungária körút,5-7,,5-7,"Budapest X. kerület, Hungária körút 5-7.",3,0,3.0,Laposdűlő,Panel lakás,Lépj kapcsolatba a hirdetővel,,Ingatlaniroda,4,1988.0
35267117,elado,https://ingatlan.com/35267117,"Eladó panel lakás - Budapest X. kerület, Kőrösi Csoma Sándor út #35267117",1102,"Budapest X. kerület, Kőrösi Csoma Sándor út",Budapest,,,3.0,68.0,,HUF,59900000,felújított,nincs megadva,nincs megadva,3,nincs megadva,van,nincs megadva,nincs megadva,nincs megadva,külön helyiségben,nincs megadva,utcai,nincs megadva,nincs megadva,"utca, közterület - ingyenes",,nincs megadva,nincs megadva,távfűtés,van,nincs megadva,nincs megadva,nincs megadva,,,,,,,,68.0,59.9,880882,3,3.0,,,,,,Nem ismert,525,Kőrösi Csoma Sándor út,,3,3,"Budapest X. kerület, Kőrösi Csoma Sándor út 3.",3,0,3.0,Kőbánya-Városközpont,Panel lakás,Lépj kapcsolatba a hirdetővel,,Ingatlaniroda,4,
35268473,elado,https://ingatlan.com/35268473,"Eladó tégla lakás - Budapest X. kerület, Gergely utca #35268473",1103,"Budapest X. kerület, Gergely utca",Budapest,,,3.0,69.0,1981.0,HUF,84900000,jó állapotú,1981 és 2000 között,összkomfortos,1,4,van,3 m-nél alacsonyabb,van,igen,külön helyiségben,délkelet,nincs megadva,4 m2,nem,nincs megadva,,nincs megadva,15 000 Ft/hó,"gázkazán, hűtő-fűtő klíma",van - 5 cm,D,nem tetőtéri,,,,,,,,,69.0,84.9,1230435,1,1.0,4.0,4.0,15000.0,,,1980-1999 (késő panel/tégla),921,Gergely utca,,,,"Budapest X. kerület, Gergely utca",3,0,3.0,Óhegy,Tégla lakás,Lépj kapcsolatba a hirdetővel,,Ingatlaniroda,4,1988.0
35268616,elado,https://ingatlan.com/35268616,"Eladó tégla lakás - Budapest X. kerület, Kőbánya - Óhegy #35268616",1103,"Budapest X. kerület, Kőbánya - Óhegy",Budapest,,,3.0,72.0,1981.0,HUF,84990000,felújított,1981 és 2000 között,összkomfortos,2,3,nincs megadva,3 m-nél alacsonyabb,nincs megadva,nincs megadva,külön és egyben is,délnyugat,utcai,12 m2,nincs megadva,teremgarázs hely - megvásárolható,"6,99 MFt",40 000 Ft/hó,18 732 Ft/hó,gázkazán,van,nincs megadva,nincs megadva,,,,,,,,,72.0,84.99,1180417,2,2.0,3.0,12.0,18732.0,40000.0,,1980-1999 (késő panel/tégla),2647,Kőbánya - Óhegy,,,,"Budapest X. kerület, Kőbánya - Óhegy",3,0,3.0,Óhegy,Tégla lakás,Lépj kapcsolatba a hirdetővel,,Ingatlaniroda,4,1988.0
35270375,elado,https://ingatlan.com/35270375,"Eladó panel lakás - Budapest X. kerület, Hatház utca #35270375",1106,"Budapest X. kerület, Hatház utca",Budapest,,,3.0,72.0,1950.0,HUF,81900000,jó állapotú,1950 és 1980 között,összkomfortos,1,4,nincs,3 m-nél alacsonyabb,van,nem,külön helyiségben,délnyugat,utcai,4 m2,nem,"utca, közterület",,nincs megadva,18 000 Ft/hó,házközponti,nincs megadva,nincs megadva,nem tetőtéri,nem vett részt,,,,,,,,72.0,81.9,1137500,1,1.0,4.0,4.0,18000.0,,,1950-1979 (szocialista modern),1385,Hatház utca,,,,"Budapest X. kerület, Hatház utca",3,0,3.0,Felsőrákos,Panel lakás,Lépj kapcsolatba a hirdetővel,,Ingatlaniroda,4,1968.0
35273157,elado,https://ingatlan.com/35273157,"Eladó tégla lakás - Budapest X. kerület, Cserkesz utca #35273157",1105,"Budapest X. kerület, Cserkesz utca",Budapest,,,3.0,66.0,1981.0,HUF,84990000,felújított,1981 és 2000 között,duplakomfortos,2,3,nincs,3 m-nél alacsonyabb,nincs megadva,nem,külön és egyben is,délnyugat,utcai,12 m2,nem,teremgarázs hely - megvásárolható,"6,99 MFt",26 579 Ft/hó,18 733 Ft/hó,gázkazán,nincs megadva,nincs megadva,nem tetőtéri,,,,,,,,,66.0,84.99,1287727,2,2.0,3.0,12.0,18733.0,26579.0,,1980-1999 (késő panel/tégla),2418,Cserkesz utca,,,,"Budapest X. kerület, Cserkesz utca",3,0,3.0,Óhegy,Tégla lakás,Lépj kapcsolatba a hirdetővel,,Ingatlaniroda,2,1988.0
35273643,elado,https://ingatlan.com/35273643,"Eladó csúsztatott zsalus - Budapest X. kerület, Előd utca 4. #35273643",1105,"Budapest X. kerület, Előd utca 4.",Budapest,47.487561,19.135446,2.0,56.0,,HUF,76000000,felújított,nincs megadva,nincs megadva,4,nincs megadva,van,nincs megadva,van,nincs megadva,egy helyiségben,nincs megadva,nincs megadva,4 m2,nincs megadva,"utca, közterület - ingyenes",,nincs megadva,nincs megadva,távfűtés,nincs megadva,nincs megadva,,,,,,,,,,56.0,76.0,1357143,4,4.0,,4.0,,,,Nem ismert,1456,Előd utca,4,,4,"Budapest X. kerület, Előd utca 4.",2,0,2.0,Kőbánya-Városközpont,Csúsztatott zsalus lakás,Lépj kapcsolatba a hirdetővel,,Ingatlaniroda,4,
35274150,elado,https://ingatlan.com/35274150,"Eladó panel lakás - Budapest X. kerület, Felsőrákos #35274150",1106,"Budapest X. kerület, Felsőrákos",Budapest,,,2.0,53.0,1950.0,HUF,62900000,felújítandó,1950 és 1980 között,nincs megadva,földszint,nincs megadva,van,3 m-nél alacsonyabb,nincs megadva,nincs megadva,nincs megadva,kelet,utcai,nincs megadva,nincs megadva,nincs megadva,,nincs megadva,nincs megadva,távfűtés,nincs megadva,C,nem tetőtéri,nincs megadva,,,,,,,,53.0,62.9,1186792,földszint,0.0,,,,,,1950-1979 (szocialista modern),1890,Felsőrákos,,,,"Budapest X. kerület, Felsőrákos",2,0,2.0,Felsőrákos,Panel lakás,Lépj kapcsolatba a hirdetővel,,Ingatlaniroda,4,1968.0
35278332,elado,https://ingatlan.com/35278332,"Eladó csúsztatott zsalus - Budapest X. kerület, Kőrösi Csoma sétány #35278332",1102,"Budapest X. kerület, Kőrösi Csoma sétány",Budapest,,,3.0,64.0,1950.0,HUF,69900000,közepes állapotú,1950 és 1980 között,összkomfortos,1,10,nincs megadva,3 m-nél alacsonyabb,van,nincs megadva,külön helyiségben,délkelet,utcai,nincs megadva,nem,"utca, közterület - ingyenes",,30 000 Ft/hó,11 000 Ft/hó,távfűtés,nincs megadva,nincs megadva,,,,,,,,,,64.0,69.9,1092188,1,1.0,10.0,,11000.0,30000.0,,1950-1979 (szocialista modern),1316,Kőrösi Csoma sétány,,,,"Budapest X. kerület, Kőrösi Csoma sétány",3,0,3.0,Kőbánya-Városközpont,Csúsztatott zsalus lakás,Lépj kapcsolatba a hirdetővel,,Ingatlaniroda,4,1968.0
35278813,elado,https://ingatlan.com/35278813,"Eladó tégla lakás - Budapest X. kerület, Üllői út #35278813",1101,"Budapest X. kerület, Üllői út",Budapest,,,1.0,28.0,1950.0,HUF,39000000,jó állapotú,1950 és 1980 között,komfortos,4,5,van,3 m-nél alacsonyabb,nincs,nincs megadva,egy helyiségben,dél,utcai,nincs megadva,nem,"utca, közterület",,6 000 Ft/hó,12 000 Ft/hó,távfűtés,nincs,B,nincs megadva,,,,,,,,,28.0,39.0,1392857,4,4.0,5.0,,12000.0,6000.0,,1950-1979 (szocialista modern),792,Üllői út,,130,130,"Budapest X. kerület, Üllői út 130.",1,0,1.0,Gyárdűlő,Tégla lakás,Lépj kapcsolatba a hirdetővel,,Ingatlaniroda,3,1968.0
35279092,elado,https://ingatlan.com/35279092,"Eladó panel lakás - Budapest X. kerület, Bányató utca 26. #35279092",1108,"Budapest X. kerület, Bányató utca 26.",Budapest,47.467978,19.162495,2.0,50.0,,HUF,53900000,közepes állapotú,nincs megadva,nincs megadva,1,nincs megadva,van,nincs megadva,nincs megadva,nincs megadva,külön helyiségben,nincs megadva,utcai,4 m2,nincs megadva,"utca, közterület",,nincs megadva,nincs megadva,távfűtés,nincs megadva,nincs megadva,nem tetőtéri,nincs megadva,,,,,,,,50.0,53.9,1078000,1,1.0,,4.0,,,,Nem ismert,617,Bányató utca,26,1,26,"Budapest X. kerület, Bányató utca 26.",2,0,2.0,Újhegy,Panel lakás,Lépj kapcsolatba a hirdetővel,,Ingatlaniroda,2,
35281917,elado,https://ingatlan.com/35281917,"Eladó tégla lakás - Budapest X. kerület, Kőér utca #35281917",1103,"Budapest X. kerület, Kőér utca",Budapest,,,2.0,52.0,,HUF,49900000,felújítandó,nincs megadva,összkomfortos,földszint,földszintes,nincs,3 m-nél alacsonyabb,nincs megadva,nincs megadva,egy helyiségben,nincs megadva,kertre néz,nincs megadva,nincs megadva,"utca, közterület - ingyenes",,nincs megadva,nincs megadva,gáz (konvektor),nincs megadva,nincs megadva,nincs megadva,,,,,,,,,52.0,49.9,959615,földszint,0.0,0.0,,,,,Nem ismert,132,Kőér utca,,,,"Budapest X. kerület, Kőér utca",2,0,2.0,Óhegy,Tégla lakás,Lépj kapcsolatba a hirdetővel,,Ingatlaniroda,2,
35283513,elado,https://ingatlan.com/35283513,"Eladó panel lakás - Budapest X. kerület, Kőrösi Csoma Sándor út 1. #35283513",1102,"Budapest X. kerület, Kőrösi Csoma Sándor út 1.",Budapest,47.482322,19.131666,3.0,64.0,,HUF,67900000,közepes állapotú,nincs megadva,összkomfortos,2,10,van,3 m-nél alacsonyabb,nincs megadva,nincs megadva,külön helyiségben,nincs megadva,utcai,nincs megadva,nincs megadva,nincs megadva,,nincs megadva,nincs megadva,távfűtés,nincs megadva,C,nem tetőtéri,nincs megadva,,,,,,,,64.0,67.9,1060938,2,2.0,10.0,,,,,Nem ismert,651,Kőrösi Csoma Sándor út,1,,1,"Budapest X. kerület, Kőrösi Csoma Sándor út 1.",3,0,3.0,Kőbánya-Városközpont,Panel lakás,Lépj kapcsolatba a hirdetővel,,Ingatlaniroda,4,
35284187,elado,https://ingatlan.com/35284187,"Eladó panel lakás - Budapest X. kerület, Bányató utca #35284187",1108,"Budapest X. kerület, Bányató utca",Budapest,,,2.0,50.0,1981.0,HUF,55900000,közepes állapotú,1981 és 2000 között,összkomfortos,1,10,van,3 m-nél alacsonyabb,nincs megadva,nincs megadva,külön helyiségben,nincs megadva,kertre néz,3 m2,nincs megadva,"utca, közterület",,nincs megadva,14 000 Ft/hó,távfűtés,nincs megadva,nincs megadva,nincs megadva,nincs megadva,,,,,,,,50.0,55.9,1118000,1,1.0,10.0,3.0,14000.0,,,1980-1999 (késő panel/tégla),1747,Bányató utca,,,,"Budapest X. kerület, Bányató utca",2,0,2.0,Újhegy,Panel lakás,Lépj kapcsolatba a hirdetővel,,Ingatlaniroda,4,1988.0
35285747,elado,https://ingatlan.com/35285747,"Eladó panel lakás - Budapest X. kerület, Hungária körút #35285747",1101,"Budapest X. kerület, Hungária körút",Budapest,,,3.0,72.0,,HUF,71000000,felújított,nincs megadva,összkomfortos,földszint,10,van,3 m-nél alacsonyabb,nincs megadva,nincs megadva,külön helyiségben,dél,udvari,nincs megadva,nem,"utca, közterület",,nincs megadva,nincs megadva,házközponti,nincs megadva,nincs megadva,nincs megadva,nincs megadva,,,,,,,,72.0,71.0,986111,földszint,0.0,10.0,,,,,Nem ismert,808,Hungária körút,,,,"Budapest X. kerület, Hungária körút",3,0,3.0,Laposdűlő,Panel lakás,Lépj kapcsolatba a hirdetővel,,Ingatlaniroda,4,
35286080,elado,https://ingatlan.com/35286080,"Eladó tégla lakás - Budapest X. kerület, Kismartoni út 4. #35286080",1101,"Budapest X. kerület, Kismartoni út 4.",Budapest,47.482537,19.115588,2.0,51.0,2013.0,HUF,78600000,jó állapotú,2013,nincs megadva,földszint,4,van,nincs megadva,van,nincs megadva,egy helyiségben,délnyugat,kertre néz,17 m2,nem,teremgarázs hely - megvásárolható,5 MFt,nincs megadva,nincs megadva,házközponti egyedi méréssel,nincs megadva,A,nem tetőtéri,,,,,,,,,51.0,78.6,1541176,földszint,0.0,4.0,17.0,,,2013.0,2000-2019 (újszerű),574,Kismartoni út,4,,4,"Budapest X. kerület, Kismartoni út 4.",2,0,2.0,Óhegy,Tégla lakás,Lépj kapcsolatba a hirdetővel,,Ingatlaniroda,2,2013.0
35286526,elado,https://ingatlan.com/35286526,"Eladó panel lakás - Budapest X. kerület, Kőbánya - Újhegyi lakótelep #35286526",1108,"Budapest X. kerület, Kőbánya - Újhegyi lakótelep",Budapest,,,3.0,68.0,1981.0,HUF,67600000,jó állapotú,1981 és 2000 között,összkomfortos,9,10,van,nincs megadva,nincs megadva,nincs megadva,külön helyiségben,nincs megadva,utcai,3 m2,nem,"utca, közterület - ingyenes",,nincs megadva,18 000 Ft/hó,távfűtés,van - 10 cm,nincs megadva,nincs megadva,részt vett,,,,,,,,68.0,67.6,994118,9,9.0,10.0,3.0,18000.0,,,1980-1999 (késő panel/tégla),3566,Kőbánya - Újhegyi lakótelep,,,,"Budapest X. kerület, Kőbánya - Újhegyi lakótelep",3,0,3.0,Újhegy,Panel lakás,Lépj kapcsolatba a hirdetővel,,Ingatlaniroda,4,1988.0
35287169,elado,https://ingatlan.com/35287169,"Eladó csúsztatott zsalus - Budapest X. kerület, Ónodi utca #35287169",1102,"Budapest X. kerület, Ónodi utca",Budapest,,,2.0,56.0,1950.0,HUF,63000000,jó állapotú,1950 és 1980 között,nincs megadva,1,nincs megadva,van,3 m-nél alacsonyabb,nincs megadva,nincs megadva,nincs megadva,kelet,udvari,4 m2,nincs megadva,nincs megadva,,nincs megadva,15 820 Ft/hó,távfűtés,nincs megadva,nincs megadva,,,,,,,,,,56.0,63.0,1125000,1,1.0,,4.0,15820.0,,,1950-1979 (szocialista modern),990,Ónodi utca,,,,"Budapest X. kerület, Ónodi utca",2,0,2.0,Ligettelek,Csúsztatott zsalus lakás,Lépj kapcsolatba a hirdetővel,,Ingatlaniroda,4,1968.0
35287553,elado,https://ingatlan.com/35287553,"Eladó tégla lakás - Budapest X. kerület, Cserkesz utca #35287553",1105,"Budapest X. kerület, Cserkesz utca",Budapest,,,3.0,62.0,1950.0,HUF,68000000,közepes állapotú,1950 és 1980 között,összkomfortos,félemelet,földszintes,nincs,3 m-nél magasabb,nincs,nem,külön helyiségben,északnyugat,nincs megadva,nincs megadva,nem,"utca, közterület - ingyenes",,20 000 Ft/hó,31 000 Ft/hó,gázkazán,nincs,H,nem tetőtéri,,,,,,,,,62.0,68.0,1096774,félemelet,0.5,0.0,,31000.0,20000.0,,1950-1979 (szocialista modern),1328,Cserkesz utca,,,,"Budapest X. kerület, Cserkesz utca",3,0,3.0,Kőbánya-Városközpont,Tégla lakás,Lépj kapcsolatba a hirdetővel,,Ingatlaniroda,2,1968.0
35287574,elado,https://ingatlan.com/35287574,"Eladó tégla lakás - Budapest X. kerület, Csilla utca #35287574",1101,"Budapest X. kerület, Csilla utca",Budapest,,,2.0,40.0,,HUF,43000000,közepes állapotú,nincs megadva,összkomfortos,4,5,nincs,nincs megadva,van,nincs megadva,külön helyiségben,nincs megadva,nincs megadva,nincs megadva,nincs megadva,"utca, közterület - ingyenes",,nincs megadva,12 800 Ft/hó,"gáz (konvektor), hűtő-fűtő klíma",nincs megadva,nincs megadva,"legfelső emelet, nem tetőtéri",,,,,,,,,40.0,43.0,1075000,4,4.0,5.0,,12800.0,,,Nem ismert,401,Csilla utca,,,,"Budapest X. kerület, Csilla utca",2,0,2.0,Laposdűlő,Tégla lakás,Lépj kapcsolatba a hirdetővel,,Ingatlaniroda,2,
35288697,elado,https://ingatlan.com/35288697,"Eladó tégla lakás - Budapest X. kerület, Újhegyi út 18/B #35288697",1108,"Budapest X. kerület, Újhegyi út 18/B",Budapest,47.468138,19.16875,3.0,78.0,2026.0,HUF,97000000,nincs megadva,2026,duplakomfortos,2,4,van,3 m-nél alacsonyabb,van,nem,külön és egyben is,kelet,utcai,8 m2,nem,teremgarázs hely - megvásárolható,7 MFt,nincs megadva,nincs megadva,hőszivattyú,van,nincs megadva,nem tetőtéri,,,,,,,,,78.0,97.0,1243590,2,2.0,4.0,8.0,,,2026.0,2020 után (új építésű),2286,Újhegyi út,18/B,18,18/B,"Budapest X. kerület, Újhegyi út 18/B.",3,0,3.0,Újhegy,Tégla lakás,Lépj kapcsolatba a hirdetővel,,Ingatlaniroda,4,2026.0
35288876,elado,https://ingatlan.com/35288876,"Eladó csúsztatott zsalus - Budapest X. kerület, Kőbánya - Óhegy #35288876",1103,"Budapest X. kerület, Kőbánya - Óhegy",Budapest,,,2.0,49.0,1950.0,HUF,58990000,felújított,1950 és 1980 között,összkomfortos,4,nincs megadva,nincs,3 m-nél alacsonyabb,nincs megadva,nincs megadva,nincs megadva,dél,kertre néz,nincs megadva,nincs megadva,"utca, közterület",,nincs megadva,12 000 Ft/hó,távfűtés,nincs megadva,F,,,,,,,,,,49.0,58.99,1203878,4,4.0,,,12000.0,,,1950-1979 (szocialista modern),1545,Kőbánya - Óhegy,,,,"Budapest X. kerület, Kőbánya - Óhegy",2,0,2.0,Óhegy,Csúsztatott zsalus lakás,Lépj kapcsolatba a hirdetővel,,Ingatlaniroda,4,1968.0
35291579,elado,https://ingatlan.com/35291579,"Eladó tégla lakás - Budapest X. kerület, Állomás utca 6. #35291579",1102,"Budapest X. kerület, Állomás utca 6.",Budapest,47.484886,19.127626,4.0,137.0,,HUF,132900000,felújított,nincs megadva,komfortos,1,nincs megadva,nincs,3 m-nél magasabb,van,nincs megadva,egy helyiségben,nincs megadva,nincs megadva,nincs megadva,nincs megadva,nincs megadva,,nincs megadva,38 865 Ft/hó,nincs megadva,nincs megadva,nincs megadva,nincs megadva,,,,,,,,,137.0,132.9,970073,1,1.0,,,38865.0,,,Nem ismert,1405,Állomás utca,6,,6,"Budapest X. kerület, Állomás utca 6.",4,0,4.0,Ligettelek,Tégla lakás,Lépj kapcsolatba a hirdetővel,,Ingatlaniroda,4,
35292388,elado,https://ingatlan.com/35292388,"Eladó tégla lakás - Budapest X. kerület, Kada utca #35292388",1106,"Budapest X. kerület, Kada utca",Budapest,,,1.0,20.0,1950.0,HUF,20000000,felújított,1950 és 1980 között,összkomfortos,szuterén,földszintes,nincs,3 m-nél alacsonyabb,nincs,nem,egy helyiségben,dél,utcai,nincs megadva,nem,"utca, közterület - ingyenes",,nincs megadva,11 000 Ft/hó,elektromos fűtőpanel,nincs,C,nem tetőtéri,,,,,,,,,20.0,20.0,1000000,szuterén,-1.0,0.0,,11000.0,,,1950-1979 (szocialista modern),1585,Kada utca,,,,"Budapest X. kerület, Kada utca",1,0,1.0,Óhegy,Tégla lakás,Lépj kapcsolatba a hirdetővel,,Ingatlaniroda,4,1968.0
35292404,elado,https://ingatlan.com/35292404,"Eladó tégla lakás - Budapest X. kerület, Újhegyi út #35292404",1108,"Budapest X. kerület, Újhegyi út",Budapest,,,2.0,57.0,2001.0,HUF,76000000,újszerű,2001 és 2010 között,összkomfortos,1,nincs megadva,van,3 m-nél alacsonyabb,nincs,nem,egy helyiségben,délnyugat,udvari,1 m2,nem,udvari beálló - kötelező megvenni,"2,50 MFt",nincs megadva,nincs megadva,házközponti egyedi méréssel,van,nincs megadva,nem tetőtéri,,,,,,,,,57.0,76.0,1333333,1,1.0,,1.0,,,,2000-2019 (újszerű),1536,Újhegyi út,,,,"Budapest X. kerület, Újhegyi út",2,0,2.0,Újhegy,Tégla lakás,Lépj kapcsolatba a hirdetővel,,Ingatlaniroda,2,2005.0
35293832,elado,https://ingatlan.com/35293832,"Eladó tégla lakás - Budapest X. kerület, Harmat utca #35293832",1104,"Budapest X. kerület, Harmat utca",Budapest,,,2.0,53.0,1950.0,HUF,67000000,jó állapotú,1950 és 1980 között,komfortos,3,3,nincs,3 m-nél alacsonyabb,van,nincs megadva,külön helyiségben,délnyugat,utcai,nincs megadva,nem,"utca, közterület - ingyenes",,25 000 Ft/hó,12 000 Ft/hó,távfűtés,nincs megadva,nincs megadva,nem tetőtéri,,,,,,,,,53.0,67.0,1264151,3,3.0,3.0,,12000.0,25000.0,,1950-1979 (szocialista modern),884,Harmat utca,,53,53,"Budapest X. kerület, Harmat utca 53.",2,0,2.0,Óhegy,Tégla lakás,Lépj kapcsolatba a hirdetővel,,Ingatlaniroda,4,1968.0
35294199,elado,https://ingatlan.com/35294199,"Eladó tégla lakás - Budapest X. kerület, Kőrösi Csoma sétány 14. #35294199",1102,"Budapest X. kerület, Kőrösi Csoma sétány 14.",Budapest,47.484893,19.130678,2.0,54.0,1981.0,HUF,56900000,jó állapotú,1981 és 2000 között,összkomfortos,3,4,nincs,3 m-nél magasabb,nincs,nem,nincs megadva,nincs megadva,utcai,4 m2,nincs megadva,"utca, közterület - ingyenes",,20 000 Ft/hó,19 180 Ft/hó,távfűtés egyedi méréssel,van,B,nem tetőtéri,,,,,,,,,54.0,56.9,1053704,3,3.0,4.0,4.0,19180.0,20000.0,,1980-1999 (késő panel/tégla),774,Kőrösi Csoma sétány,14,14,14,"Budapest X. kerület, Kőrösi Csoma sétány 14.",2,0,2.0,Kőbánya-Városközpont,Tégla lakás,Lépj kapcsolatba a hirdetővel,,Ingatlaniroda,2,1988.0
35294342,elado,https://ingatlan.com/35294342,"Eladó tégla lakás - Budapest X. kerület, Vaskő utca #35294342",1101,"Budapest X. kerület, Vaskő utca",Budapest,,,3.0,53.0,1940.0,HUF,68000000,újszerű,1950 előtt,összkomfortos,2,3,nincs,nincs megadva,van,nem,egy helyiségben,dél,nincs megadva,nincs megadva,nem,"utca, közterület - ingyenes",,nincs megadva,14 560 Ft/hó,"gázkazán, hűtő-fűtő klíma",nincs megadva,nincs megadva,nem tetőtéri,,,,,,,,,53.0,68.0,1283019,2,2.0,3.0,,14560.0,,,1950 előtt (klasszikus polgári/tégla),3995,Vaskő utca,,53,53,"Budapest X. kerület, Vaskő utca 53.",3,0,3.0,Laposdűlő,Tégla lakás,Lépj kapcsolatba a hirdetővel,,Ingatlaniroda,2,1930.0
35298664,elado,https://ingatlan.com/35298664,"Eladó csúsztatott zsalus - Budapest X. kerület, Kőrösi Csoma sétány #35298664",1102,"Budapest X. kerület, Kőrösi Csoma sétány",Budapest,,,5.0,103.0,1950.0,HUF,114000000,jó állapotú,1950 és 1980 között,összkomfortos,4,4,nincs,3 m-nél alacsonyabb,nincs megadva,nem,nincs megadva,nincs megadva,utcai,nincs megadva,nem,"utca, közterület",,nincs megadva,nincs megadva,távfűtés,nincs megadva,nincs megadva,,,,,,,,,,103.0,114.0,1106796,4,4.0,4.0,,,,,1950-1979 (szocialista modern),446,Kőrösi Csoma sétány,,,,"Budapest X. kerület, Kőrösi Csoma sétány",5,0,5.0,Kőbánya-Városközpont,Csúsztatott zsalus lakás,Lépj kapcsolatba a hirdetővel,,Ingatlaniroda,4,1968.0
35299166,elado,https://ingatlan.com/35299166,"Eladó tégla lakás - Budapest X. kerület, Kőrösi Csoma sétány 16. #35299166",1102,"Budapest X. kerület, Kőrösi Csoma sétány 16.",Budapest,47.485091,19.130878,3.0,71.0,,HUF,68000000,nincs megadva,nincs megadva,nincs megadva,2,nincs megadva,nincs megadva,nincs megadva,nincs megadva,nincs megadva,nincs megadva,nincs megadva,nincs megadva,nincs megadva,nincs megadva,nincs megadva,,nincs megadva,nincs megadva,nincs megadva,nincs megadva,nincs megadva,nincs megadva,,,,,,,,,71.0,68.0,957746,2,2.0,,,,,,Nem ismert,1509,Kőrösi Csoma sétány,16,16,16,"Budapest X. kerület, Kőrösi Csoma sétány 16.",3,0,3.0,Kőbánya-Városközpont,Tégla lakás,Lépj kapcsolatba a hirdetővel,,Ingatlaniroda,4,
35299589,elado,https://ingatlan.com/35299589,"Eladó tégla lakás - Budapest X. kerület, Gyógyszergyári utca #35299589",1106,"Budapest X. kerület, Gyógyszergyári utca",Budapest,,,2.0,49.0,2027.0,HUF,75900000,új építésű,2027,összkomfortos,6,9,van,nincs megadva,van,igen,nincs megadva,nincs megadva,nincs megadva,12.11 m2,nincs megadva,udvari beálló - megvásárolható,"3,75 MFt",nincs megadva,nincs megadva,távfűtés,nincs megadva,nincs megadva,nincs megadva,,,,,,,,,49.0,75.9,1548980,6,6.0,9.0,12.11,,,2027.0,2020 után (új építésű),2700,Gyógyszergyári utca,,,,"Budapest X. kerület, Gyógyszergyári utca",2,0,2.0,Felsőrákos,Tégla lakás,Lépj kapcsolatba a hirdetővel,,Ingatlaniroda,4,2027.0
35299601,elado,https://ingatlan.com/35299601,"Eladó tégla lakás - Budapest X. kerület, Gyógyszergyári utca #35299601",1106,"Budapest X. kerület, Gyógyszergyári utca",Budapest,,,2.0,49.0,2027.0,HUF,76900000,új építésű,2027,összkomfortos,7,7,van,nincs megadva,van,igen,nincs megadva,nincs megadva,nincs megadva,12.49 m2,nincs megadva,udvari beálló - megvásárolható,"3,25 MFt",nincs megadva,nincs megadva,távfűtés,nincs megadva,nincs megadva,nincs megadva,,,,,,,,,49.0,76.9,1569388,7,7.0,7.0,12.49,,,2027.0,2020 után (új építésű),3375,Gyógyszergyári utca,,,,"Budapest X. kerület, Gyógyszergyári utca",2,0,2.0,Felsőrákos,Tégla lakás,Lépj kapcsolatba a hirdetővel,,Ingatlaniroda,4,2027.0
35300552,elado,https://ingatlan.com/35300552,"Eladó panel lakás - Budapest X. kerület, Harmat utca #35300552",1104,"Budapest X. kerület, Harmat utca",Budapest,,,3.0,56.0,1981.0,HUF,72900000,felújított,1981 és 2000 között,összkomfortos,földszint,több mint 10,van,nincs megadva,van,nincs megadva,egy helyiségben,kelet,kertre néz,nincs megadva,nincs megadva,"utca, közterület - ingyenes",,nincs megadva,nincs megadva,"távfűtés egyedi méréssel, hűtő-fűtő klíma",nincs megadva,nincs megadva,nem tetőtéri,nincs megadva,,,,,,,,56.0,72.9,1301786,földszint,0.0,10.0,,,,,1980-1999 (késő panel/tégla),3564,Harmat utca,,,,"Budapest X. kerület, Harmat utca",3,0,3.0,Óhegy,Panel lakás,Lépj kapcsolatba a hirdetővel,,Ingatlaniroda,4,1988.0
35301116,elado,https://ingatlan.com/35301116,"Eladó panel lakás - Budapest X. kerület, Bányató utca #35301116",1108,"Budapest X. kerület, Bányató utca",Budapest,,,2.0,49.0,,HUF,51000000,felújítandó,nincs megadva,nincs megadva,8,10,van,nincs megadva,nincs,nem,külön helyiségben,nincs megadva,nincs megadva,3 m2,nincs megadva,"utca, közterület - ingyenes",,nincs megadva,15 500 Ft/hó,távfűtés,van,nincs megadva,nincs megadva,nincs megadva,,,,,,,,49.0,51.0,1040816,8,8.0,10.0,3.0,15500.0,,,Nem ismert,423,Bányató utca,,,,"Budapest X. kerület, Bányató utca",2,0,2.0,Újhegy,Panel lakás,Lépj kapcsolatba a hirdetővel,,Ingatlaniroda,2,
35302457,elado,https://ingatlan.com/35302457,"Eladó panel lakás - Budapest X. kerület, Kővágó utca #35302457",1108,"Budapest X. kerület, Kővágó utca",Budapest,,,3.0,68.0,1950.0,HUF,65000000,felújítandó,1950 és 1980 között,összkomfortos,6,10,van,3 m-nél alacsonyabb,van,nem,külön helyiségben,délnyugat,utcai,2 m2,nem,"utca, közterület - ingyenes",,nincs megadva,21 460 Ft/hó,"távfűtés, hűtő-fűtő klíma",nincs megadva,nincs megadva,nem tetőtéri,részt vett,,,,,,,,68.0,65.0,955882,6,6.0,10.0,2.0,21460.0,,,1950-1979 (szocialista modern),942,Kővágó utca,,,,"Budapest X. kerület, Kővágó utca",3,0,3.0,Újhegy,Panel lakás,Lépj kapcsolatba a hirdetővel,,Ingatlaniroda,4,1968.0
35304468,elado,https://ingatlan.com/35304468,"Eladó tégla lakás - Budapest X. kerület, Hungária körút 5-7. #35304468",1101,"Budapest X. kerület, Hungária körút 5-7.",Budapest,47.491796,19.109243,3.0,72.0,,HUF,79000000,nincs megadva,nincs megadva,nincs megadva,nincs megadva,nincs megadva,nincs megadva,nincs megadva,nincs megadva,nincs megadva,nincs megadva,nincs megadva,nincs megadva,5 m2,nincs megadva,nincs megadva,,nincs megadva,nincs megadva,nincs megadva,nincs megadva,nincs megadva,nincs megadva,,,,,,,,,72.0,79.0,1097222,nincs megadva,,,5.0,,,,Nem ismert,1521,Hungária körút,5-7,,5-7,"Budapest X. kerület, Hungária körút 5-7.",3,0,3.0,Laposdűlő,Tégla lakás,Lépj kapcsolatba a hirdetővel,,Ingatlaniroda,2,
35306089,elado,https://ingatlan.com/35306089,"Eladó panel lakás - Budapest X. kerület, Szőlővirág utca #35306089",1108,"Budapest X. kerület, Szőlővirág utca",Budapest,,,3.0,68.0,1950.0,HUF,64000000,jó állapotú,1950 és 1980 között,összkomfortos,9,10,van,3 m-nél alacsonyabb,nincs,nincs megadva,külön helyiségben,nincs megadva,utcai,2 m2,nem,"utca, közterület",,nincs megadva,nincs megadva,házközponti,nincs megadva,nincs megadva,nem tetőtéri,nincs megadva,,,,,,,,68.0,64.0,941176,9,9.0,10.0,2.0,,,,1950-1979 (szocialista modern),637,Szőlővirág utca,,,,"Budapest X. kerület, Szőlővirág utca",3,0,3.0,Újhegy,Panel lakás,Lépj kapcsolatba a hirdetővel,,Ingatlaniroda,4,1968.0
35306165,elado,https://ingatlan.com/35306165,"Eladó tégla lakás - Budapest X. kerület, Mádi utca #35306165",1105,"Budapest X. kerület, Mádi utca",Budapest,,,1.0,27.0,1950.0,HUF,42900000,felújított,1950 és 1980 között,összkomfortos,földszint,földszintes,nincs,3 m-nél magasabb,van,nincs megadva,egy helyiségben,kelet,kertre néz,6 m2,igen,"utca, közterület",,nincs megadva,10 000 Ft/hó,hűtő-fűtő klíma,nincs megadva,nincs megadva,nem tetőtéri,,,,,,,,,27.0,42.9,1588889,földszint,0.0,0.0,6.0,10000.0,,,1950-1979 (szocialista modern),650,Mádi utca,,,,"Budapest X. kerület, Mádi utca",1,0,1.0,Óhegy,Tégla lakás,Lépj kapcsolatba a hirdetővel,,Ingatlaniroda,4,1968.0
35306893,elado,https://ingatlan.com/35306893,"Eladó panel lakás - Budapest X. kerület, Hungária körút #35306893",1101,"Budapest X. kerület, Hungária körút",Budapest,,,3.0,72.0,1981.0,HUF,71000000,jó állapotú,1981 és 2000 között,összkomfortos,6,10,van,3 m-nél alacsonyabb,nincs megadva,nincs megadva,külön helyiségben,nyugat,utcai,nincs megadva,nem,"utca, közterület - ingyenes",,nincs megadva,nincs megadva,házközponti,van,nincs megadva,nem tetőtéri,nincs megadva,,,,,,,,72.0,71.0,986111,6,6.0,10.0,,,,,1980-1999 (késő panel/tégla),706,Hungária körút,,,,"Budapest X. kerület, Hungária körút",3,0,3.0,Laposdűlő,Panel lakás,Lépj kapcsolatba a hirdetővel,,Ingatlaniroda,4,1988.0
35307559,elado,https://ingatlan.com/35307559,"Eladó tégla lakás - Budapest X. kerület, Kerámia utca #35307559",1103,"Budapest X. kerület, Kerámia utca",Budapest,,,4.0,102.0,1950.0,HUF,115000000,jó állapotú,1950 és 1980 között,duplakomfortos,1,2,nincs,nincs megadva,van,nem,külön és egyben is,északnyugat,kertre néz,nincs megadva,igen,"utca, közterület - ingyenes",,nincs megadva,10 500 Ft/hó,"gázkazán, gáz (konvektor)",nincs,nincs megadva,"legfelső emelet, nem tetőtéri",,,,,,,,,102.0,115.0,1127451,1,1.0,2.0,,10500.0,,,1950-1979 (szocialista modern),1468,Kerámia utca,,,,"Budapest X. kerület, Kerámia utca",4,0,4.0,Óhegy,Tégla lakás,Lépj kapcsolatba a hirdetővel,,Magánszemély,4,1968.0
35308037,elado,https://ingatlan.com/35308037,"Eladó panel lakás - Budapest X. kerület, Állomás utca #35308037",1102,"Budapest X. kerület, Állomás utca",Budapest,,,2.0,41.0,1950.0,HUF,45900000,jó állapotú,1950 és 1980 között,összkomfortos,10,10,van,nincs megadva,van,nincs megadva,egy helyiségben,nincs megadva,panorámás,nincs megadva,nincs megadva,"utca, közterület - ingyenes",,nincs megadva,nincs megadva,távfűtés,nincs megadva,nincs megadva,nincs megadva,nincs megadva,,,,,,,,41.0,45.9,1119512,10,10.0,10.0,,,,,1950-1979 (szocialista modern),1044,Állomás utca,,,,"Budapest X. kerület, Állomás utca",2,0,2.0,Kőbánya-Városközpont,Panel lakás,Lépj kapcsolatba a hirdetővel,,Ingatlaniroda,4,1968.0
35308160,elado,https://ingatlan.com/35308160,"Eladó panel lakás - Budapest X. kerület, Gyakorló utca #35308160",1106,"Budapest X. kerület, Gyakorló utca",Budapest,,,3.0,53.0,,HUF,69990000,nincs megadva,nincs megadva,nincs megadva,nincs megadva,nincs megadva,nincs megadva,nincs megadva,nincs megadva,nincs megadva,nincs megadva,nincs megadva,nincs megadva,nincs megadva,nincs megadva,nincs megadva,,nincs megadva,nincs megadva,nincs megadva,nincs megadva,nincs megadva,nincs megadva,nincs megadva,,,,,,,,53.0,69.99,1320566,nincs megadva,,,,,,,Nem ismert,597,Gyakorló utca,,9,9,"Budapest X. kerület, Gyakorló utca 9.",3,0,3.0,Felsőrákos,Panel lakás,Lépj kapcsolatba a hirdetővel,,Ingatlaniroda,2,
35309369,elado,https://ingatlan.com/35309369,"Eladó tégla lakás - Budapest X. kerület, Újhegy - Rózsaliget-lakópark #35309369",1108,"Budapest X. kerület, Újhegy - Rózsaliget-lakópark",Budapest,,,2.0,57.0,2001.0,HUF,76000000,jó állapotú,2001 és 2010 között,összkomfortos,1,3,van,3 m-nél alacsonyabb,nincs megadva,nincs megadva,egy helyiségben,délnyugat,kertre néz,1 m2,nem,udvari beálló - kötelező megvenni,2 MFt,25 000 Ft/hó,18 000 Ft/hó,házközponti egyedi méréssel,van - 10 cm,nincs megadva,nem tetőtéri,,,,,,,,,57.0,76.0,1333333,1,1.0,3.0,1.0,18000.0,25000.0,,2000-2019 (újszerű),1430,Újhegy - Rózsaliget-lakópark,,,,"Budapest X. kerület, Újhegy - Rózsaliget-lakópark",2,0,2.0,Újhegy,Tégla lakás,Lépj kapcsolatba a hirdetővel,,Ingatlaniroda,4,2005.0
35309847,elado,https://ingatlan.com/35309847,"Eladó tégla lakás - Budapest X. kerület, Vörösdinka utca #35309847",1104,"Budapest X. kerület, Vörösdinka utca",Budapest,,,2.0,54.0,1950.0,HUF,61800000,felújított,1950 és 1980 között,összkomfortos,1,4,nincs,3 m-nél alacsonyabb,van,nem,egy helyiségben,nyugat,kertre néz,4 m2,nincs megadva,udvari beálló - bérelhető,11 000 Ft/hó,nincs megadva,17 400 Ft/hó,"távfűtés egyedi méréssel, hűtő-fűtő klíma",nincs,C,nem tetőtéri,,,,,,,,,54.0,61.8,1144444,1,1.0,4.0,4.0,17400.0,,,1950-1979 (szocialista modern),2228,Vörösdinka utca,,,,"Budapest X. kerület, Vörösdinka utca",2,0,2.0,Óhegy,Tégla lakás,Lépj kapcsolatba a hirdetővel,,Ingatlaniroda,4,1968.0
35312769,elado,https://ingatlan.com/35312769,"Eladó panel lakás - Budapest X. kerület, Balkán utca 12. #35312769",1107,"Budapest X. kerület, Balkán utca 12.",Budapest,47.473004,19.116533,4.0,74.0,,HUF,72900000,közepes állapotú,nincs megadva,összkomfortos,8,10,van,nincs megadva,nincs megadva,igen,külön helyiségben,nincs megadva,nincs megadva,nincs megadva,nincs megadva,"utca, közterület",,nincs megadva,nincs megadva,távfűtés egyedi méréssel,van,nincs megadva,nincs megadva,részt vett,,,,,,,,74.0,72.9,985135,8,8.0,10.0,,,,,Nem ismert,1063,Balkán utca,12,,12,"Budapest X. kerület, Balkán utca 12.",4,0,4.0,Gyárdűlő,Panel lakás,Lépj kapcsolatba a hirdetővel,,Ingatlaniroda,2,
35314337,elado,https://ingatlan.com/35314337,"Eladó tégla lakás - Budapest X. kerület, Gergely utca #35314337",1103,"Budapest X. kerület, Gergely utca",Budapest,,,2.0,42.0,1981.0,HUF,62990000,felújított,1981 és 2000 között,összkomfortos,2,2,nincs,3 m-nél alacsonyabb,van,nem,egy helyiségben,dél,udvari,nincs megadva,igen,"utca, közterület - ingyenes",,nincs megadva,12 000 Ft/hó,hűtő-fűtő klíma,nincs megadva,nincs megadva,nincs megadva,,,,,,,,,42.0,62.99,1499762,2,2.0,2.0,,12000.0,,,1980-1999 (késő panel/tégla),1605,Gergely utca,,42,42,"Budapest X. kerület, Gergely utca 42.",2,0,2.0,Újhegy,Tégla lakás,Lépj kapcsolatba a hirdetővel,,Ingatlaniroda,4,1988.0
35314526,elado,https://ingatlan.com/35314526,"Eladó tégla lakás - Budapest X. kerület, Bánya utca #35314526",1102,"Budapest X. kerület, Bánya utca",Budapest,,,4.0,89.0,2018.0,HUF,130000000,újszerű,2018,duplakomfortos,földszint,nincs megadva,nincs megadva,3 m-nél alacsonyabb,nincs megadva,nincs megadva,külön helyiségben,nincs megadva,kertre néz,nincs megadva,igen,teremgarázs hely - kötelező megvenni,5 MFt,nincs megadva,33 600 Ft/hó,nincs megadva,nincs megadva,nincs megadva,nem tetőtéri,,,,,,,,,89.0,130.0,1460674,földszint,0.0,,,33600.0,,2018.0,2000-2019 (újszerű),1078,Bánya utca,,,,"Budapest X. kerület, Bánya utca",4,0,4.0,Ligettelek,Tégla lakás,Lépj kapcsolatba a hirdetővel,,Ingatlaniroda,4,2018.0
35315594,elado,https://ingatlan.com/35315594,"Eladó tégla lakás - Budapest X. kerület, Gyárdűlői lakótelep #35315594",1107,"Budapest X. kerület, Gyárdűlői lakótelep",Budapest,,,1.0,33.0,1950.0,HUF,45500000,felújítandó,1950 és 1980 között,összkomfortos,1,nincs megadva,nincs,nincs megadva,nincs megadva,nincs megadva,nincs megadva,nincs megadva,udvari,nincs megadva,nincs megadva,udvari beálló,,nincs megadva,12 135 Ft/hó,gáz (konvektor),nincs megadva,nincs megadva,nem tetőtéri,,,,,,,,,33.0,45.5,1378788,1,1.0,,,12135.0,,,1950-1979 (szocialista modern),1288,Gyárdűlői lakótelep,,,,"Budapest X. kerület, Gyárdűlői lakótelep",1,0,1.0,Gyárdűlő,Tégla lakás,Lépj kapcsolatba a hirdetővel,,Ingatlaniroda,4,1968.0
35316224,elado,https://ingatlan.com/35316224,"Eladó tégla lakás - Budapest X. kerület, Martinovics tér 4a #35316224",1105,"Budapest X. kerület, Martinovics tér 4a",Budapest,47.480762,19.133538,3.0,122.0,1940.0,HUF,88700000,felújítandó,1950 előtt,komfortos,3,6,van,3 m-nél magasabb,nincs,nem,külön és egyben is,északnyugat,utcai,8 m2,nem,"utca, közterület",,nincs megadva,20 000 Ft/hó,gázkazán,nincs,nincs megadva,nem tetőtéri,,,,,,,,,122.0,88.7,727049,3,3.0,6.0,8.0,20000.0,,,1950 előtt (klasszikus polgári/tégla),1088,Martinovics tér,4a,,4a,"Budapest X. kerület, Martinovics tér 4a.",3,0,3.0,Óhegy,Tégla lakás,Lépj kapcsolatba a hirdetővel,,Ingatlaniroda,4,1930.0
35317267,elado,https://ingatlan.com/35317267,"Eladó tégla lakás - Budapest X. kerület, Ihász utca #35317267",1103,"Budapest X. kerület, Ihász utca",Budapest,,,3.0,75.0,1940.0,HUF,89900000,újszerű,1950 előtt,összkomfortos,földszint,földszintes,nincs,3 m-nél alacsonyabb,van,igen,egy helyiségben,nincs megadva,utcai,nincs megadva,igen,"utca, közterület - ingyenes",,nincs megadva,25 000 Ft/hó,"gázkazán, egyéb",nincs,E,nem tetőtéri,,,,,,,,,75.0,89.9,1198667,földszint,0.0,0.0,,25000.0,,,1950 előtt (klasszikus polgári/tégla),1796,Ihász utca,,,,"Budapest X. kerület, Ihász utca",3,0,3.0,Óhegy,Tégla lakás,Lépj kapcsolatba a hirdetővel,,Ingatlaniroda,4,1930.0
35318417,elado,https://ingatlan.com/35318417,"Eladó tégla lakás - Budapest X. kerület, Maláta utca #35318417",1105,"Budapest X. kerület, Maláta utca",Budapest,,,2.0,47.0,,HUF,49900000,közepes állapotú,nincs megadva,nincs megadva,nincs megadva,földszintes,nincs,nincs megadva,van,nincs megadva,egy helyiségben,nincs megadva,utcai,nincs megadva,igen,"utca, közterület - ingyenes",,nincs megadva,17 000 Ft/hó,gáz (konvektor),nincs,nincs megadva,nincs megadva,,,,,,,,,47.0,49.9,1061702,nincs megadva,,0.0,,17000.0,,,Nem ismert,343,Maláta utca,,47,47,"Budapest X. kerület, Maláta utca 47.",2,0,2.0,Óhegy,Tégla lakás,Lépj kapcsolatba a hirdetővel,,Ingatlaniroda,2,
35318573,elado,https://ingatlan.com/35318573,"Eladó tégla lakás - Budapest X. kerület, Cserkesz utca #35318573",1105,"Budapest X. kerület, Cserkesz utca",Budapest,,,1.0,19.0,1981.0,HUF,37000000,felújított,1981 és 2000 között,összkomfortos,földszint,3,nincs,3 m-nél magasabb,nincs,nem,egy helyiségben,nyugat,udvari,nincs megadva,igen,"utca, közterület",,50 000 Ft/hó,10 000 Ft/hó,elektromos fűtőpanel,nincs megadva,A+,nem tetőtéri,,,,,,,,,19.0,37.0,1947368,földszint,0.0,3.0,,10000.0,50000.0,,1980-1999 (késő panel/tégla),261,Cserkesz utca,,,,"Budapest X. kerület, Cserkesz utca",1,0,1.0,Óhegy,Tégla lakás,Lépj kapcsolatba a hirdetővel,,Ingatlaniroda,2,1988.0
35320433,elado,https://ingatlan.com/35320433,"Eladó tégla lakás - Budapest X. kerület, Újhegyi út 18/B #35320433",1108,"Budapest X. kerület, Újhegyi út 18/B",Budapest,47.468138,19.16875,1.0,27.0,2026.0,HUF,48000000,új építésű,2026,összkomfortos,földszint,4,van,3 m-nél alacsonyabb,van,nem,egy helyiségben,nincs megadva,kertre néz,9.17 m2,nincs megadva,teremgarázs hely - megvásárolható,7 MFt,nincs megadva,nincs megadva,hőszivattyú,van,nincs megadva,nem tetőtéri,,,,,,,,,27.0,48.0,1777778,földszint,0.0,4.0,9.17,,,2026.0,2020 után (új építésű),2210,Újhegyi út,18/B,18,18/B,"Budapest X. kerület, Újhegyi út 18/B.",1,0,1.0,Újhegy,Tégla lakás,Lépj kapcsolatba a hirdetővel,,Ingatlaniroda,4,2026.0
35320992,elado,https://ingatlan.com/35320992,"Eladó tégla lakás - Budapest X. kerület, Martinovics tér #35320992",1105,"Budapest X. kerület, Martinovics tér",Budapest,,,4.0,122.0,1940.0,HUF,83900000,felújítandó,1950 előtt,nincs megadva,3,4,nincs,3 m-nél magasabb,nincs,nem,külön helyiségben,északnyugat,utcai,9 m2,nem,"utca, közterület",,nincs megadva,nincs megadva,házközponti egyedi méréssel,nincs,nincs megadva,nem tetőtéri,,,,,,,,,122.0,83.9,687705,3,3.0,4.0,9.0,,,,1950 előtt (klasszikus polgári/tégla),713,Martinovics tér,,,,"Budapest X. kerület, Martinovics tér",4,0,4.0,Óhegy,Tégla lakás,Lépj kapcsolatba a hirdetővel,,Ingatlaniroda,4,1930.0
35323211,elado,https://ingatlan.com/35323211,"Eladó panel lakás - Budapest X. kerület, Mádi utca #35323211",1104,"Budapest X. kerület, Mádi utca",Budapest,,,2.0,53.0,,HUF,56800000,jó állapotú,nincs megadva,összkomfortos,5,10,van,3 m-nél alacsonyabb,van,nincs megadva,külön helyiségben,délkelet,panorámás,4 m2,nincs megadva,nincs megadva,,nincs megadva,17 000 Ft/hó,távfűtés,nincs megadva,nincs megadva,nincs megadva,nincs megadva,,,,,,,,53.0,56.8,1071698,5,5.0,10.0,4.0,17000.0,,,Nem ismert,1099,Mádi utca,,,,"Budapest X. kerület, Mádi utca",2,0,2.0,Óhegy,Panel lakás,Lépj kapcsolatba a hirdetővel,,Ingatlaniroda,4,
35325361,elado,https://ingatlan.com/35325361,"Eladó tégla lakás - Budapest X. kerület, Kőbánya - Óhegy #35325361",1103,"Budapest X. kerület, Kőbánya - Óhegy",Budapest,,,5.0,114.0,2001.0,HUF,189900000,újszerű,2001 és 2010 között,összkomfortos,2,2,nincs,nincs megadva,van,nincs megadva,külön és egyben is,nincs megadva,panorámás,52 m2,nincs megadva,udvari beálló - megvásárolható,5 MFt,nincs megadva,nincs megadva,"házközponti, hűtő-fűtő klíma",nincs megadva,nincs megadva,nincs megadva,,,,,,,,,114.0,189.9,1665789,2,2.0,2.0,52.0,,,,2000-2019 (újszerű),1742,Kőbánya - Óhegy,,,,"Budapest X. kerület, Kőbánya - Óhegy",5,0,5.0,Óhegy,Tégla lakás,Lépj kapcsolatba a hirdetővel,,Ingatlaniroda,4,2005.0
35325577,elado,https://ingatlan.com/35325577,"Eladó tégla lakás - Budapest X. kerület, Maláta utca #35325577",1105,"Budapest X. kerület, Maláta utca",Budapest,,,1.0,47.0,1950.0,HUF,41900000,felújítandó,1950 és 1980 között,nincs megadva,nincs megadva,nincs megadva,nincs megadva,3 m-nél alacsonyabb,nincs megadva,nincs megadva,nincs megadva,észak,nincs megadva,nincs megadva,nincs megadva,nincs megadva,,nincs megadva,16 999 Ft/hó,gáz (konvektor),nincs megadva,nincs megadva,nincs megadva,,,,,,,,,47.0,41.9,891489,nincs megadva,,,,16999.0,,,1950-1979 (szocialista modern),371,Maláta utca,,,,"Budapest X. kerület, Maláta utca",1,0,1.0,Óhegy,Tégla lakás,Lépj kapcsolatba a hirdetővel,,Ingatlaniroda,4,1968.0
35325742,elado,https://ingatlan.com/35325742,"Eladó tégla lakás - Budapest X. kerület, Kőbánya - Óhegy #35325742",1103,"Budapest X. kerület, Kőbánya - Óhegy",Budapest,,,2.0,55.0,1950.0,HUF,55000000,felújítandó,1950 és 1980 között,összkomfortos,félemelet,nincs megadva,nincs megadva,3 m-nél alacsonyabb,nincs megadva,nincs megadva,nincs megadva,délnyugat,nincs megadva,4 m2,nincs megadva,nincs megadva,,nincs megadva,16 998 Ft/hó,távfűtés,van,nincs megadva,nincs megadva,,,,,,,,,55.0,55.0,1000000,félemelet,0.5,,4.0,16998.0,,,1950-1979 (szocialista modern),658,Kőbánya - Óhegy,,,,"Budapest X. kerület, Kőbánya - Óhegy",2,0,2.0,Óhegy,Tégla lakás,Lépj kapcsolatba a hirdetővel,,Ingatlaniroda,4,1968.0
35327642,elado,https://ingatlan.com/35327642,"Eladó tégla lakás - Budapest X. kerület, Kőbánya - Óhegy #35327642",1103,"Budapest X. kerület, Kőbánya - Óhegy",Budapest,,,4.0,120.0,1950.0,HUF,83900000,közepes állapotú,1950 és 1980 között,összkomfortos,3,nincs megadva,van,nincs megadva,nincs megadva,nincs megadva,nincs megadva,nincs megadva,utcai,nincs megadva,nincs megadva,nincs megadva,,nincs megadva,31 000 Ft/hó,gázkazán,nincs megadva,nincs megadva,nem tetőtéri,,,,,,,,,120.0,83.9,699167,3,3.0,,,31000.0,,,1950-1979 (szocialista modern),2287,Kőbánya - Óhegy,,,,"Budapest X. kerület, Kőbánya - Óhegy",4,0,4.0,Óhegy,Tégla lakás,Lépj kapcsolatba a hirdetővel,,Ingatlaniroda,4,1968.0
35327726,elado,https://ingatlan.com/35327726,"Eladó panel lakás - Budapest X. kerület, Mádi utca #35327726",1105,"Budapest X. kerület, Mádi utca",Budapest,,,2.0,35.0,1950.0,HUF,44900000,felújítandó,1950 és 1980 között,összkomfortos,4,10,van,3 m-nél alacsonyabb,nincs megadva,nincs megadva,egy helyiségben,nincs megadva,kertre néz,3 m2,nincs megadva,"utca, közterület - ingyenes",,nincs megadva,nincs megadva,távfűtés egyedi méréssel,nincs,nincs megadva,nincs megadva,nem vett részt,,,,,,,,35.0,44.9,1282857,4,4.0,10.0,3.0,,,,1950-1979 (szocialista modern),825,Mádi utca,,,,"Budapest X. kerület, Mádi utca",2,0,2.0,Óhegy,Panel lakás,Lépj kapcsolatba a hirdetővel,,Ingatlaniroda,2,1968.0
35328006,elado,https://ingatlan.com/35328006,"Eladó tégla lakás - Budapest X. kerület, Üllői út #35328006",1101,"Budapest X. kerület, Üllői út",Budapest,,,1.0,33.0,1950.0,HUF,45500000,felújítandó,1950 és 1980 között,összkomfortos,1,nincs megadva,nincs,nincs megadva,nincs megadva,nincs megadva,nincs megadva,dél,udvari,nincs megadva,nincs megadva,udvari beálló,,nincs megadva,12 135 Ft/hó,gáz (konvektor),nincs megadva,nincs megadva,nem tetőtéri,,,,,,,,,33.0,45.5,1378788,1,1.0,,,12135.0,,,1950-1979 (szocialista modern),1263,Üllői út,,,,"Budapest X. kerület, Üllői út",1,0,1.0,Gyárdűlő,Tégla lakás,Lépj kapcsolatba a hirdetővel,,Ingatlaniroda,4,1968.0
35328650,elado,https://ingatlan.com/35328650,"Eladó panel lakás - Budapest X. kerület, Kővágó utca #35328650",1108,"Budapest X. kerület, Kővágó utca",Budapest,,,3.0,68.0,,HUF,68000000,jó állapotú,nincs megadva,komfortos,5,10,van,nincs megadva,van,nincs megadva,külön helyiségben,kelet,panorámás,3 m2,nem,"utca, közterület",,nincs megadva,20 780 Ft/hó,"távfűtés, hűtő-fűtő klíma",van,nincs megadva,nincs megadva,részt vett,,,,,,,,68.0,68.0,1000000,5,5.0,10.0,3.0,20780.0,,,Nem ismert,1428,Kővágó utca,,,,"Budapest X. kerület, Kővágó utca",3,0,3.0,Újhegy,Panel lakás,Lépj kapcsolatba a hirdetővel,,Ingatlaniroda,4,
35329343,elado,https://ingatlan.com/35329343,"Eladó panel lakás - Budapest X. kerület, Szőlővirág utca #35329343",1108,"Budapest X. kerület, Szőlővirág utca",Budapest,,,3.0,68.0,1950.0,HUF,64000000,jó állapotú,1950 és 1980 között,összkomfortos,9,10,van,3 m-nél alacsonyabb,nincs megadva,nincs megadva,külön helyiségben,nincs megadva,utcai,2 m2,nincs megadva,nincs megadva,,nincs megadva,nincs megadva,távfűtés,nincs megadva,nincs megadva,nem tetőtéri,nincs megadva,,,,,,,,68.0,64.0,941176,9,9.0,10.0,2.0,,,,1950-1979 (szocialista modern),1656,Szőlővirág utca,,,,"Budapest X. kerület, Szőlővirág utca",3,0,3.0,Újhegy,Panel lakás,Lépj kapcsolatba a hirdetővel,,Ingatlaniroda,4,1968.0
35330949,elado,https://ingatlan.com/35330949,"Eladó csúsztatott zsalus - Budapest X. kerület, Kőrösi Csoma sétány #35330949",1102,"Budapest X. kerület, Kőrösi Csoma sétány",Budapest,,,5.0,103.0,1950.0,HUF,114000000,jó állapotú,1950 és 1980 között,összkomfortos,4,4,nincs,3 m-nél alacsonyabb,nincs megadva,nem,nincs megadva,nincs megadva,utcai,nincs megadva,nem,"utca, közterület",,nincs megadva,nincs megadva,távfűtés,nincs megadva,nincs megadva,,,,,,,,,,103.0,114.0,1106796,4,4.0,4.0,,,,,1950-1979 (szocialista modern),446,Kőrösi Csoma sétány,,,,"Budapest X. kerület, Kőrösi Csoma sétány",5,0,5.0,Kőbánya-Városközpont,Csúsztatott zsalus lakás,Lépj kapcsolatba a hirdetővel,,Ingatlaniroda,4,1968.0
35331010,elado,https://ingatlan.com/35331010,"Eladó panel lakás - Budapest X. kerület, Ligettelek #35331010",1101,"Budapest X. kerület, Ligettelek",Budapest,,,3.0,68.0,1950.0,HUF,71900000,közepes állapotú,1950 és 1980 között,összkomfortos,1,10,van,3 m-nél alacsonyabb,nincs megadva,igen,nincs megadva,nincs megadva,utcai,4 m2,nem,"utca, közterület",,nincs megadva,nincs megadva,távfűtés,nincs megadva,nincs megadva,nem tetőtéri,nincs megadva,,,,,,,,68.0,71.9,1057353,1,1.0,10.0,4.0,,,,1950-1979 (szocialista modern),567,Ligettelek,,,,"Budapest X. kerület, Ligettelek",3,0,3.0,Ligettelek,Panel lakás,Lépj kapcsolatba a hirdetővel,,Ingatlaniroda,4,1968.0
35334244,elado,https://ingatlan.com/35334244,"Eladó tégla lakás - Budapest X. kerület, Bánya utca #35334244",1105,"Budapest X. kerület, Bánya utca",Budapest,,,4.0,34.0,1940.0,HUF,49000000,közepes állapotú,1950 előtt,összkomfortos,földszint,nincs megadva,nincs megadva,3 m-nél alacsonyabb,nincs megadva,nincs megadva,nincs megadva,délnyugat,nincs megadva,nincs megadva,igen,nincs megadva,,nincs megadva,13 500 Ft/hó,gáz (konvektor),nincs megadva,nincs megadva,nincs megadva,,,,,,,,,34.0,49.0,1441176,földszint,0.0,,,13500.0,,,1950 előtt (klasszikus polgári/tégla),868,Bánya utca,,,,"Budapest X. kerület, Bánya utca",4,0,4.0,Óhegy,Tégla lakás,Lépj kapcsolatba a hirdetővel,,Ingatlaniroda,4,1930.0
35334300,elado,https://ingatlan.com/35334300,"Eladó tégla lakás - Budapest X. kerület, Tavas utca #35334300",1108,"Budapest X. kerület, Tavas utca",Budapest,,,2.0,49.0,2011.0,HUF,88888888,újszerű,2011,összkomfortos,1,4,van,3 m-nél alacsonyabb,nincs,igen,külön helyiségben,kelet,kertre néz,27 m2,igen,udvari beálló - megvásárolható,nincs megadva,15 000 Ft/hó,13 500 Ft/hó,házközponti egyedi méréssel,van - 10 cm,nincs megadva,nem tetőtéri,,,,,,,,,49.0,88.89,1814059,1,1.0,4.0,27.0,13500.0,15000.0,2011.0,2000-2019 (újszerű),706,Tavas utca,,,,"Budapest X. kerület, Tavas utca",2,0,2.0,Újhegy,Tégla lakás,Lépj kapcsolatba a hirdetővel,,Ingatlaniroda,2,2011.0
35337511,elado,https://ingatlan.com/35337511,"Eladó tégla lakás - Budapest X. kerület, Ihász utca #35337511",1103,"Budapest X. kerület, Ihász utca",Budapest,,,2.0,33.0,1981.0,HUF,27000000,felújított,1981 és 2000 között,összkomfortos,szuterén,földszintes,nincs,3 m-nél alacsonyabb,nincs,nem,egy helyiségben,délkelet,utcai,nincs megadva,nem,"utca, közterület - ingyenes",,20 000 Ft/hó,12 000 Ft/hó,elektromos fűtőpanel,nincs,D,nem tetőtéri,,,,,,,,,33.0,27.0,818182,szuterén,-1.0,0.0,,12000.0,20000.0,,1980-1999 (késő panel/tégla),1181,Ihász utca,,,,"Budapest X. kerület, Ihász utca",2,0,2.0,Óhegy,Tégla lakás,Lépj kapcsolatba a hirdetővel,,Ingatlaniroda,2,1988.0
35338128,elado,https://ingatlan.com/35338128,"Eladó panel lakás - Budapest X. kerület, Kővágó utca #35338128",1108,"Budapest X. kerület, Kővágó utca",Budapest,,,3.0,68.0,,HUF,75990000,nincs megadva,nincs megadva,nincs megadva,nincs megadva,nincs megadva,van,nincs megadva,van,nincs megadva,külön helyiségben,nincs megadva,utcai,4 m2,nem,önálló garázs,,nincs megadva,nincs megadva,nincs megadva,van,nincs megadva,nincs megadva,nincs megadva,,,,,,,,68.0,75.99,1117500,nincs megadva,,,4.0,,,,Nem ismert,1597,Kővágó utca,,,,"Budapest X. kerület, Kővágó utca",3,0,3.0,Újhegy,Panel lakás,Lépj kapcsolatba a hirdetővel,,Ingatlaniroda,4,
35338226,elado,https://ingatlan.com/35338226,"Eladó tégla lakás - Budapest X. kerület, Szegély utca #35338226",1108,"Budapest X. kerület, Szegély utca",Budapest,,,3.0,72.0,1950.0,HUF,83900000,felújított,1950 és 1980 között,nincs megadva,földszint,nincs megadva,nincs megadva,3 m-nél alacsonyabb,nincs megadva,nincs megadva,külön helyiségben,délkelet,udvari,nincs megadva,igen,"utca, közterület - ingyenes",,nincs megadva,15 000 Ft/hó,gáz (konvektor),nincs megadva,nincs megadva,nincs megadva,,,,,,,,,72.0,83.9,1165278,földszint,0.0,,,15000.0,,,1950-1979 (szocialista modern),1533,Szegély utca,,,,"Budapest X. kerület, Szegély utca",3,0,3.0,Újhegy,Tégla lakás,Lépj kapcsolatba a hirdetővel,,Ingatlaniroda,4,1968.0
35338701,elado,https://ingatlan.com/35338701,"Eladó panel lakás - Budapest X. kerület, Gyakorló utca #35338701",1106,"Budapest X. kerület, Gyakorló utca",Budapest,,,2.0,53.0,,HUF,69500000,jó állapotú,nincs megadva,összkomfortos,földszint,10,van,nincs megadva,nincs megadva,nincs megadva,nincs megadva,nyugat,utcai,nincs megadva,nincs megadva,"utca, közterület",,nincs megadva,nincs megadva,távfűtés egyedi méréssel,nincs megadva,nincs megadva,nincs megadva,nincs megadva,,,,,,,,53.0,69.5,1311321,földszint,0.0,10.0,,,,,Nem ismert,1046,Gyakorló utca,,,,"Budapest X. kerület, Gyakorló utca",2,0,2.0,Felsőrákos,Panel lakás,Lépj kapcsolatba a hirdetővel,,Ingatlaniroda,4,
35338895,elado,https://ingatlan.com/35338895,"Eladó tégla lakás - Budapest X. kerület, Halom utca #35338895",1102,"Budapest X. kerület, Halom utca",Budapest,,,2.0,42.0,1981.0,HUF,48000000,felújítandó,1981 és 2000 között,összkomfortos,1,5,nincs,3 m-nél alacsonyabb,nincs megadva,nem,nincs megadva,délkelet,utcai,nincs megadva,nincs megadva,"utca, közterület - ingyenes",,nincs megadva,nincs megadva,távfűtés,van,nincs megadva,nincs megadva,,,,,,,,,42.0,48.0,1142857,1,1.0,5.0,,,,,1980-1999 (késő panel/tégla),851,Halom utca,,,,"Budapest X. kerület, Halom utca",2,0,2.0,Ligettelek,Tégla lakás,Lépj kapcsolatba a hirdetővel,,Ingatlaniroda,2,1988.0
35339850,elado,https://ingatlan.com/35339850,"Eladó tégla lakás - Budapest X. kerület, Gém utca #35339850",1107,"Budapest X. kerület, Gém utca",Budapest,,,5.0,93.0,2018.0,HUF,159990000,újszerű,2018,luxus,2,7,van,3 m-nél alacsonyabb,van,nincs megadva,külön és egyben is,nincs megadva,udvari,10 m2,nem,teremgarázs hely - megvásárolható,"5,90 MFt",30 000 Ft/hó,45 000 Ft/hó,házközponti egyedi méréssel,van,nincs megadva,nincs megadva,,,,,,,,,93.0,159.99,1720323,2,2.0,7.0,10.0,45000.0,30000.0,2018.0,2000-2019 (újszerű),3460,Gém utca,,,,"Budapest X. kerület, Gém utca",5,0,5.0,Gyárdűlő,Tégla lakás,Lépj kapcsolatba a hirdetővel,,Ingatlaniroda,4,2018.0
35340006,elado,https://ingatlan.com/35340006,"Eladó panel lakás - Budapest X. kerület, Kápolna utca #35340006",1102,"Budapest X. kerület, Kápolna utca",Budapest,,,2.0,50.0,1981.0,HUF,58000000,felújított,1981 és 2000 között,nincs megadva,3,10,van,3 m-nél alacsonyabb,nincs megadva,nincs megadva,külön helyiségben,dél,utcai,nincs megadva,nem,"utca, közterület - ingyenes",,nincs megadva,17 950 Ft/hó,távfűtés,nincs megadva,nincs megadva,nem tetőtéri,nincs megadva,,,,,,,,50.0,58.0,1160000,3,3.0,10.0,,17950.0,,,1980-1999 (késő panel/tégla),720,Kápolna utca,,50,50,"Budapest X. kerület, Kápolna utca 50.",2,0,2.0,Kőbánya-Városközpont,Panel lakás,Lépj kapcsolatba a hirdetővel,,Ingatlaniroda,4,1988.0
35341343,elado,https://ingatlan.com/35341343,"Eladó tégla lakás - Budapest X. kerület, Ihász utca #35341343",1103,"Budapest X. kerület, Ihász utca",Budapest,,,1.0,33.0,1981.0,HUF,27000000,felújított,1981 és 2000 között,összkomfortos,szuterén,földszintes,nincs,3 m-nél alacsonyabb,nincs,nem,egy helyiségben,dél,udvari,nincs megadva,igen,"utca, közterület - ingyenes",,10 000 Ft/hó,nincs megadva,elektromos fűtőpanel,nincs megadva,nincs megadva,nincs megadva,,,,,,,,,33.0,27.0,818182,szuterén,-1.0,0.0,,,10000.0,,1980-1999 (késő panel/tégla),1526,Ihász utca,,,,"Budapest X. kerület, Ihász utca",1,0,1.0,Óhegy,Tégla lakás,Lépj kapcsolatba a hirdetővel,,Ingatlaniroda,4,1988.0
35342225,elado,https://ingatlan.com/35342225,"Eladó tégla lakás - Budapest X. kerület, Tavas utca 11. #35342225",1108,"Budapest X. kerület, Tavas utca 11.",Budapest,47.469764,19.166789,3.0,70.0,2025.0,HUF,104900000,új építésű,2025,összkomfortos,földszint,5,van,3 m-nél alacsonyabb,van,nincs megadva,külön helyiségben,délnyugat,kertre néz,13.5 m2,igen,udvari beálló - megvásárolható,3 MFt,nincs megadva,nincs megadva,"hőszivattyú, padlófűtés, fan-coil",van - 18 cm,A+,nem tetőtéri,,,,,,,,,70.0,104.9,1498571,földszint,0.0,5.0,13.5,,,2025.0,2020 után (új építésű),2523,Tavas utca,11,21,11,"Budapest X. kerület, Tavas utca 11.",3,0,3.0,Újhegy,Tégla lakás,Lépj kapcsolatba a hirdetővel,,Ingatlaniroda,4,2025.0
35342285,elado,https://ingatlan.com/35342285,"Eladó tégla lakás - Budapest X. kerület, Tavas utca 11. #35342285",1108,"Budapest X. kerület, Tavas utca 11.",Budapest,47.469764,19.166789,3.0,66.0,2025.0,HUF,96900000,új építésű,2025,összkomfortos,2,5,van,3 m-nél alacsonyabb,van,nincs megadva,külön helyiségben,délkelet,udvari,4.5 m2,nem,udvari beálló - megvásárolható,3 MFt,nincs megadva,nincs megadva,"hőszivattyú, padlófűtés, fan-coil",van - 18 cm,A+,nem tetőtéri,,,,,,,,,66.0,96.9,1468182,2,2.0,5.0,4.5,,,2025.0,2020 után (új építésű),2469,Tavas utca,11,21,11,"Budapest X. kerület, Tavas utca 11.",3,0,3.0,Újhegy,Tégla lakás,Lépj kapcsolatba a hirdetővel,,Ingatlaniroda,4,2025.0
35344167,elado,https://ingatlan.com/35344167,"Eladó panel lakás - Budapest X. kerület, Gyakorló utca #35344167",1106,"Budapest X. kerület, Gyakorló utca",Budapest,,,3.0,53.0,,HUF,69900000,közepes állapotú,nincs megadva,összkomfortos,földszint,10,van,3 m-nél alacsonyabb,nincs megadva,nincs megadva,nincs megadva,nincs megadva,nincs megadva,nincs megadva,nincs megadva,nincs megadva,,nincs megadva,nincs megadva,távfűtés,van,nincs megadva,nincs megadva,nincs megadva,,,,,,,,53.0,69.9,1318868,földszint,0.0,10.0,,,,,Nem ismert,712,Gyakorló utca,,,,"Budapest X. kerület, Gyakorló utca",3,0,3.0,Felsőrákos,Panel lakás,Lépj kapcsolatba a hirdetővel,,Ingatlaniroda,4,
35344676,elado,https://ingatlan.com/35344676,"Eladó panel lakás - Budapest X. kerület, Gyakorló köz #35344676",1106,"Budapest X. kerület, Gyakorló köz",Budapest,,,3.0,71.0,1981.0,HUF,82900000,jó állapotú,1981 és 2000 között,összkomfortos,6,nincs megadva,van,3 m-nél alacsonyabb,nincs megadva,nincs megadva,nincs megadva,kelet,kertre néz,4 m2,nincs megadva,"utca, közterület",,nincs megadva,nincs megadva,távfűtés egyedi méréssel,nincs megadva,nincs megadva,nem tetőtéri,nincs megadva,,,,,,,,71.0,82.9,1167606,6,6.0,,4.0,,,,1980-1999 (késő panel/tégla),870,Gyakorló köz,,,,"Budapest X. kerület, Gyakorló köz",3,0,3.0,Felsőrákos,Panel lakás,Lépj kapcsolatba a hirdetővel,,Ingatlaniroda,4,1988.0
35344793,elado,https://ingatlan.com/35344793,"Eladó panel lakás - Budapest X. kerület, Csombor utca #35344793",1103,"Budapest X. kerület, Csombor utca",Budapest,,,3.0,62.0,1981.0,HUF,65500000,közepes állapotú,1981 és 2000 között,összkomfortos,2,4,nincs,3 m-nél alacsonyabb,van,nem,külön helyiségben,délkelet,utcai,0.5 m2,nem,"utca, közterület - ingyenes",,20 000 Ft/hó,16 000 Ft/hó,távfűtés egyedi méréssel,nincs megadva,nincs megadva,nem tetőtéri,nincs megadva,,,,,,,,62.0,65.5,1056452,2,2.0,4.0,0.5,16000.0,20000.0,,1980-1999 (késő panel/tégla),2993,Csombor utca,,,,"Budapest X. kerület, Csombor utca",3,0,3.0,Óhegy,Panel lakás,Lépj kapcsolatba a hirdetővel,,Ingatlaniroda,4,1988.0
35345028,elado,https://ingatlan.com/35345028,"Eladó panel lakás - Budapest X. kerület, Pára utca 4. #35345028",1108,"Budapest X. kerület, Pára utca 4.",Budapest,47.468513,19.162901,3.0,68.0,1950.0,HUF,59000000,felújítandó,1950 és 1980 között,nincs megadva,2,10,van,nincs megadva,nincs megadva,nincs megadva,nincs megadva,nincs megadva,nincs megadva,3 m2,nincs megadva,"utca, közterület - ingyenes",,nincs megadva,nincs megadva,távfűtés,van - 10 cm,nincs megadva,nincs megadva,nincs megadva,,,,,,,,68.0,59.0,867647,2,2.0,10.0,3.0,,,,1950-1979 (szocialista modern),590,Pára utca,4,,4,"Budapest X. kerület, Pára utca 4.",3,0,3.0,Újhegy,Panel lakás,Lépj kapcsolatba a hirdetővel,,Magánszemély,2,1968.0
35347125,elado,https://ingatlan.com/35347125,"Eladó tégla lakás - Budapest X. kerület, Kőbánya-Városközpont #35347125",1105,"Budapest X. kerület, Kőbánya-Városközpont",Budapest,,,4.0,145.0,1940.0,HUF,125000000,felújított,1950 előtt,összkomfortos,1,nincs megadva,nincs megadva,nincs megadva,van,nincs megadva,nincs megadva,nincs megadva,nincs megadva,nincs megadva,nincs megadva,nincs megadva,,nincs megadva,38 865 Ft/hó,nincs megadva,nincs megadva,nincs megadva,nincs megadva,,,,,,,,,145.0,125.0,862069,1,1.0,,,38865.0,,,1950 előtt (klasszikus polgári/tégla),3044,Kőbánya-Városközpont,,,,"Budapest X. kerület, Kőbánya-Városközpont",4,0,4.0,Kőbánya-Városközpont,Tégla lakás,Lépj kapcsolatba a hirdetővel,,Ingatlaniroda,4,1930.0
35348328,elado,https://ingatlan.com/35348328,"Eladó tégla lakás - Budapest X. kerület, Kőbánya - Óhegy #35348328",1103,"Budapest X. kerület, Kőbánya - Óhegy",Budapest,,,4.0,120.0,1950.0,HUF,83900000,közepes állapotú,1950 és 1980 között,összkomfortos,3,nincs megadva,van,nincs megadva,nincs megadva,nincs megadva,nincs megadva,nincs megadva,utcai,nincs megadva,nincs megadva,nincs megadva,,nincs megadva,31 000 Ft/hó,gázkazán,nincs megadva,D,nem tetőtéri,,,,,,,,,120.0,83.9,699167,3,3.0,,,31000.0,,,1950-1979 (szocialista modern),2168,Kőbánya - Óhegy,,,,"Budapest X. kerület, Kőbánya - Óhegy",4,0,4.0,Óhegy,Tégla lakás,Lépj kapcsolatba a hirdetővel,,Ingatlaniroda,4,1968.0
35349639,elado,https://ingatlan.com/35349639,"Eladó tégla lakás - Budapest X. kerület, Állomás utca 6. #35349639",1102,"Budapest X. kerület, Állomás utca 6.",Budapest,47.484886,19.127626,3.0,89.0,,HUF,95900000,felújított,nincs megadva,összkomfortos,3,3,nincs,3 m-nél magasabb,van,nem,külön helyiségben,nincs megadva,panorámás,5 m2,nincs megadva,"utca, közterület - ingyenes",,nincs megadva,nincs megadva,gázkazán,nincs megadva,nincs megadva,nincs megadva,,,,,,,,,89.0,95.9,1077528,3,3.0,3.0,5.0,,,,Nem ismert,1081,Állomás utca,6,,6,"Budapest X. kerület, Állomás utca 6.",3,0,3.0,Ligettelek,Tégla lakás,Lépj kapcsolatba a hirdetővel,,Ingatlaniroda,2,
35350274,elado,https://ingatlan.com/35350274,"Eladó tégla lakás - Budapest X. kerület, Népliget #35350274",1101,"Budapest X. kerület, Népliget",Budapest,,,3.0,70.0,2001.0,HUF,128900000,felújított,2001 és 2010 között,összkomfortos,4,nincs megadva,van,3 m-nél alacsonyabb,van,nincs megadva,nincs megadva,délnyugat,kertre néz,25 m2,nincs megadva,nincs megadva,,nincs megadva,nincs megadva,gázkazán,nincs megadva,nincs megadva,nem tetőtéri,,,,,,,,,70.0,128.9,1841429,4,4.0,,25.0,,,,2000-2019 (újszerű),1208,Népliget,,,,"Budapest X. kerület, Népliget",3,0,3.0,Kőbánya egyéb,Tégla lakás,Lépj kapcsolatba a hirdetővel,,Ingatlaniroda,4,2005.0
35350721,elado,https://ingatlan.com/35350721,"Eladó panel lakás - Budapest X. kerület, Kápolna utca #35350721",1102,"Budapest X. kerület, Kápolna utca",Budapest,,,2.0,50.0,1981.0,HUF,58000000,jó állapotú,1981 és 2000 között,összkomfortos,3,10,van,3 m-nél alacsonyabb,van,nincs megadva,külön helyiségben,nincs megadva,utcai,nincs megadva,nem,nincs megadva,,nincs megadva,nincs megadva,távfűtés,nincs,nincs megadva,nem tetőtéri,nincs megadva,,,,,,,,50.0,58.0,1160000,3,3.0,10.0,,,,,1980-1999 (késő panel/tégla),1464,Kápolna utca,,,,"Budapest X. kerület, Kápolna utca",2,0,2.0,Kőbánya-Városközpont,Panel lakás,Lépj kapcsolatba a hirdetővel,,Ingatlaniroda,4,1988.0
35350775,elado,https://ingatlan.com/35350775,"Eladó tégla lakás - Budapest X. kerület, Lámpagyár utca #35350775",1105,"Budapest X. kerület, Lámpagyár utca",Budapest,,,2.0,56.0,1950.0,HUF,64900000,felújított,1950 és 1980 között,összkomfortos,2,3,nincs,3 m-nél alacsonyabb,van,nem,külön helyiségben,délkelet,utcai,3.6 m2,nincs megadva,"utca, közterület - ingyenes",,nincs megadva,18 500 Ft/hó,gázkazán,nincs,D,nincs megadva,,,,,,,,,56.0,64.9,1158929,2,2.0,3.0,3.6,18500.0,,,1950-1979 (szocialista modern),1031,Lámpagyár utca,,,,"Budapest X. kerület, Lámpagyár utca",2,0,2.0,Óhegy,Tégla lakás,Lépj kapcsolatba a hirdetővel,,Ingatlaniroda,4,1968.0
35352511,elado,https://ingatlan.com/35352511,"Eladó tégla lakás - Budapest X. kerület, Makk utca 1. #35352511",1107,"Budapest X. kerület, Makk utca 1.",Budapest,47.473262,19.117354,1.0,32.0,2001.0,HUF,56900000,jó állapotú,2001 és 2010 között,összkomfortos,3,6,van,nincs megadva,van,nincs megadva,egy helyiségben,délnyugat,utcai,4 m2,nincs megadva,teremgarázs hely - megvásárolható,nincs megadva,nincs megadva,nincs megadva,házközponti egyedi méréssel,van,nincs megadva,nincs megadva,,,,,,,,,32.0,56.9,1778125,3,3.0,6.0,4.0,,,,2000-2019 (újszerű),1420,Makk utca,1,,1,"Budapest X. kerület, Makk utca 1.",1,0,1.0,Gyárdűlő,Tégla lakás,Lépj kapcsolatba a hirdetővel,,Ingatlaniroda,3,2005.0
35354273,elado,https://ingatlan.com/35354273,"Eladó panel lakás - Budapest X. kerület, Somfa köz #35354273",1107,"Budapest X. kerület, Somfa köz",Budapest,,,3.0,59.0,1950.0,HUF,67900000,közepes állapotú,1950 és 1980 között,összkomfortos,10,több mint 10,van,3 m-nél alacsonyabb,van,nincs megadva,külön helyiségben,nincs megadva,utcai,4 m2,nincs megadva,nincs megadva,,nincs megadva,nincs megadva,távfűtés,van,nincs megadva,"legfelső emelet, nem tetőtéri",nincs megadva,,,,,,,,59.0,67.9,1150847,10,10.0,10.0,4.0,,,,1950-1979 (szocialista modern),2737,Somfa köz,,59,59,"Budapest X. kerület, Somfa köz 59.",3,0,3.0,Gyárdűlő,Panel lakás,Lépj kapcsolatba a hirdetővel,,Ingatlaniroda,4,1968.0
35354675,elado,https://ingatlan.com/35354675,"Eladó tégla lakás - Budapest X. kerület, Keresztúridűlő #35354675",1108,"Budapest X. kerület, Keresztúridűlő",Budapest,,,2.0,47.0,1940.0,HUF,59900000,felújított,1950 előtt,komfortos,2,nincs megadva,nincs megadva,3 m-nél alacsonyabb,van,nincs megadva,nincs megadva,délnyugat,utcai,4 m2,nincs megadva,nincs megadva,,nincs megadva,nincs megadva,gáz (konvektor),nincs megadva,B,nem tetőtéri,,,,,,,,,47.0,59.9,1274468,2,2.0,,4.0,,,,1950 előtt (klasszikus polgári/tégla),1177,Keresztúridűlő,,,,"Budapest X. kerület, Keresztúridűlő",2,0,2.0,Keresztúridűlő,Tégla lakás,Lépj kapcsolatba a hirdetővel,,Ingatlaniroda,4,1930.0
35355282,elado,https://ingatlan.com/35355282,"Eladó panel lakás - Budapest X. kerület, Laposdűlő - Honvédségi lakótelep #35355282",1101,"Budapest X. kerület, Laposdűlő - Honvédségi lakótelep",Budapest,,,3.0,72.0,,HUF,94000000,nincs megadva,nincs megadva,nincs megadva,nincs megadva,5,van,3 m-nél alacsonyabb,nincs megadva,nincs megadva,külön helyiségben,délkelet,nincs megadva,4 m2,nincs megadva,udvari beálló,,nincs megadva,nincs megadva,házközponti,nincs megadva,nincs megadva,nincs megadva,részt vett,,,,,,,,72.0,94.0,1305556,nincs megadva,,5.0,4.0,,,,Nem ismert,1431,Laposdűlő - Honvédségi lakótelep,,,,"Budapest X. kerület, Laposdűlő - Honvédségi lakótelep",3,0,3.0,Laposdűlő,Panel lakás,Lépj kapcsolatba a hirdetővel,,Ingatlaniroda,4,
35355423,elado,https://ingatlan.com/35355423,"Eladó tégla lakás - Budapest X. kerület, Szárnyas utca #35355423",1107,"Budapest X. kerület, Szárnyas utca",Budapest,,,1.0,38.0,1950.0,HUF,52000000,felújított,1950 és 1980 között,nincs megadva,2,3,nincs megadva,nincs megadva,nincs megadva,nincs megadva,nincs megadva,délnyugat,udvari,2 m2,nincs megadva,nincs megadva,,nincs megadva,nincs megadva,gáz (konvektor),nincs megadva,nincs megadva,nincs megadva,,,,,,,,,38.0,52.0,1368421,2,2.0,3.0,2.0,,,,1950-1979 (szocialista modern),963,Szárnyas utca,,,,"Budapest X. kerület, Szárnyas utca",1,0,1.0,Gyárdűlő,Tégla lakás,Lépj kapcsolatba a hirdetővel,,Ingatlaniroda,4,1968.0
35355635,elado,https://ingatlan.com/35355635,"Eladó tégla lakás - Budapest X. kerület, Harmat utca 10-12. #35355635",1102,"Budapest X. kerület, Harmat utca 10-12.",Budapest,47.489815,19.136316,3.0,66.0,1940.0,HUF,84900000,felújított,1950 előtt,duplakomfortos,1,5,nincs,3 m-nél magasabb,van,nem,külön helyiségben,délnyugat,udvari,nincs megadva,nem,"utca, közterület - ingyenes",,nincs megadva,16 400 Ft/hó,gázkazán,nincs,nincs megadva,nem tetőtéri,,,,,,,,,66.0,84.9,1286364,1,1.0,5.0,,16400.0,,,1950 előtt (klasszikus polgári/tégla),672,Harmat utca,10-12,,10-12,"Budapest X. kerület, Harmat utca 10-12.",3,0,3.0,Ligettelek,Tégla lakás,Lépj kapcsolatba a hirdetővel,,Ingatlaniroda,2,1930.0
35355985,elado,https://ingatlan.com/35355985,"Eladó panel lakás - Budapest X. kerület, Dombtető utca #35355985",1108,"Budapest X. kerület, Dombtető utca",Budapest,,,2.0,50.0,,HUF,68000000,újszerű,nincs megadva,összkomfortos,3,10,van,3 m-nél alacsonyabb,nincs megadva,nincs megadva,külön helyiségben,nincs megadva,utcai,nincs megadva,nem,"utca, közterület - ingyenes",,nincs megadva,nincs megadva,távfűtés,van,nincs megadva,nem tetőtéri,részt vett,,,,,,,,50.0,68.0,1360000,3,3.0,10.0,,,,,Nem ismert,1972,Dombtető utca,,,,"Budapest X. kerület, Dombtető utca",2,0,2.0,Újhegy,Panel lakás,Lépj kapcsolatba a hirdetővel,,Ingatlaniroda,2,
35359856,elado,https://ingatlan.com/35359856,"Eladó csúsztatott zsalus - Budapest X. kerület, Vörösdinka utca #35359856",1104,"Budapest X. kerület, Vörösdinka utca",Budapest,,,2.0,54.0,,HUF,70000000,nincs megadva,nincs megadva,nincs megadva,nincs megadva,nincs megadva,nincs megadva,nincs megadva,nincs megadva,nincs megadva,nincs megadva,nincs megadva,nincs megadva,6 m2,nincs megadva,nincs megadva,,nincs megadva,nincs megadva,nincs megadva,nincs megadva,nincs megadva,,,,,,,,,,54.0,70.0,1296296,nincs megadva,,,6.0,,,,Nem ismert,740,Vörösdinka utca,,,,"Budapest X. kerület, Vörösdinka utca",2,0,2.0,Óhegy,Csúsztatott zsalus lakás,Lépj kapcsolatba a hirdetővel,,Ingatlaniroda,2,
35360486,elado,https://ingatlan.com/35360486,"Eladó panel lakás - Budapest X. kerület, Állomás utca #35360486",1102,"Budapest X. kerület, Állomás utca",Budapest,,,2.0,50.0,1950.0,HUF,55900000,felújított,1950 és 1980 között,összkomfortos,2,nincs megadva,van,3 m-nél alacsonyabb,nincs megadva,nincs megadva,külön helyiségben,nincs megadva,utcai,nincs megadva,nincs megadva,"utca, közterület - ingyenes",,nincs megadva,nincs megadva,távfűtés,nincs megadva,nincs megadva,nem tetőtéri,nem vett részt,,,,,,,,50.0,55.9,1118000,2,2.0,,,,,,1950-1979 (szocialista modern),929,Állomás utca,,,,"Budapest X. kerület, Állomás utca",2,0,2.0,Kőbánya-Városközpont,Panel lakás,Lépj kapcsolatba a hirdetővel,,Ingatlaniroda,4,1968.0
35360873,elado,https://ingatlan.com/35360873,"Eladó panel lakás - Budapest X. kerület, Kőbánya - Óhegyi lakótelep #35360873",1103,"Budapest X. kerület, Kőbánya - Óhegyi lakótelep",Budapest,,,2.0,53.0,1950.0,HUF,56750000,jó állapotú,1950 és 1980 között,összkomfortos,földszint,10,van,3 m-nél alacsonyabb,van,nincs megadva,külön helyiségben,kelet,kertre néz,nincs megadva,nem,"utca, közterület - ingyenes",,nincs megadva,17 340 Ft/hó,távfűtés,nincs megadva,E,nem tetőtéri,nem vett részt,,,,,,,,53.0,56.75,1070755,földszint,0.0,10.0,,17340.0,,,1950-1979 (szocialista modern),1431,Kőbánya - Óhegyi lakótelep,,,,"Budapest X. kerület, Kőbánya - Óhegyi lakótelep",2,0,2.0,Óhegy,Panel lakás,Lépj kapcsolatba a hirdetővel,,Ingatlaniroda,4,1968.0
35361462,elado,https://ingatlan.com/35361462,"Eladó tégla lakás - Budapest X. kerület, Ihász utca 3. #35361462",1103,"Budapest X. kerület, Ihász utca 3.",Budapest,47.478073,19.132804,3.0,75.0,2001.0,HUF,85000000,jó állapotú,2001 és 2010 között,nincs megadva,3,4,nincs,nincs megadva,nincs megadva,nincs megadva,külön helyiségben,nincs megadva,udvari,5 m2,nincs megadva,"utca, közterület - ingyenes",,nincs megadva,nincs megadva,nincs megadva,nincs megadva,nincs megadva,nincs megadva,,,,,,,,,75.0,85.0,1133333,3,3.0,4.0,5.0,,,,2000-2019 (újszerű),738,Ihász utca,3,,3,"Budapest X. kerület, Ihász utca 3.",3,0,3.0,Óhegy,Tégla lakás,Lépj kapcsolatba a hirdetővel,,Ingatlaniroda,2,2005.0
35362092,elado,https://ingatlan.com/35362092,"Eladó csúsztatott zsalus - Budapest X. kerület, Kápolna utca 21. #35362092",1102,"Budapest X. kerület, Kápolna utca 21.",Budapest,47.481444,19.13165,3.0,63.0,,HUF,82500000,felújított,nincs megadva,nincs megadva,2,7,van,nincs megadva,nincs megadva,nincs megadva,külön helyiségben,nincs megadva,nincs megadva,nincs megadva,nincs megadva,"utca, közterület - ingyenes",,nincs megadva,nincs megadva,távfűtés,nincs megadva,nincs megadva,,,,,,,,,,63.0,82.5,1309524,2,2.0,7.0,,,,,Nem ismert,1156,Kápolna utca,21,,21,"Budapest X. kerület, Kápolna utca 21.",3,0,3.0,Kőbánya-Városközpont,Csúsztatott zsalus lakás,Lépj kapcsolatba a hirdetővel,,Ingatlaniroda,2,
35362975,elado,https://ingatlan.com/35362975,"Eladó csúsztatott zsalus - Budapest X. kerület, Kőrösi Csoma Sándor út 41. #35362975",1102,"Budapest X. kerület, Kőrösi Csoma Sándor út 41.",Budapest,47.489046,19.136408,2.0,55.0,1950.0,HUF,59900000,jó állapotú,1950 és 1980 között,összkomfortos,7,9,van,3 m-nél alacsonyabb,nincs,nem,egy helyiségben,nincs megadva,utcai,4 m2,nem,"utca, közterület - ingyenes",,8 000 Ft/hó,12 000 Ft/hó,házközponti,nincs,E,,,,,,,,,,55.0,59.9,1089091,7,7.0,9.0,4.0,12000.0,8000.0,,1950-1979 (szocialista modern),925,Kőrösi Csoma Sándor út,41,,41,"Budapest X. kerület, Kőrösi Csoma Sándor út 41.",2,0,2.0,Kőbánya-Városközpont,Csúsztatott zsalus lakás,Lépj kapcsolatba a hirdetővel,,Ingatlaniroda,2,1968.0
35364744,elado,https://ingatlan.com/35364744,"Eladó tégla lakás - Budapest X. kerület, Népliget #35364744",1101,"Budapest X. kerület, Népliget",Budapest,,,3.0,95.0,2001.0,HUF,128900000,felújított,2001 és 2010 között,nincs megadva,4,nincs megadva,van,3 m-nél alacsonyabb,nincs megadva,nincs megadva,nincs megadva,délnyugat,kertre néz,27 m2,nincs megadva,nincs megadva,,nincs megadva,nincs megadva,gázkazán,nincs megadva,C,nem tetőtéri,,,,,,,,,95.0,128.9,1356842,4,4.0,,27.0,,,,2000-2019 (újszerű),1280,Népliget,,,,"Budapest X. kerület, Népliget",3,0,3.0,Kőbánya egyéb,Tégla lakás,Lépj kapcsolatba a hirdetővel,,Ingatlaniroda,4,2005.0
35365071,elado,https://ingatlan.com/35365071,"Eladó panel lakás - Budapest X. kerület, Hungária körút #35365071",1101,"Budapest X. kerület, Hungária körút",Budapest,,,3.0,72.0,,HUF,75000000,felújítandó,nincs megadva,nincs megadva,félemelet,nincs megadva,van,nincs megadva,nincs megadva,nincs megadva,nincs megadva,nincs megadva,utcai,3 m2,nincs megadva,nincs megadva,,nincs megadva,nincs megadva,távfűtés,nincs megadva,nincs megadva,nincs megadva,nem vett részt,,,,,,,,72.0,75.0,1041667,félemelet,0.5,,3.0,,,,Nem ismert,1367,Hungária körút,,,,"Budapest X. kerület, Hungária körút",3,0,3.0,Laposdűlő,Panel lakás,Lépj kapcsolatba a hirdetővel,,Ingatlaniroda,4,
35365821,elado,https://ingatlan.com/35365821,"Eladó panel lakás - Budapest X. kerület, Hang utca #35365821",1108,"Budapest X. kerület, Hang utca",Budapest,,,1.0,38.0,,HUF,45990000,nincs megadva,nincs megadva,nincs megadva,nincs megadva,nincs megadva,nincs megadva,nincs megadva,nincs megadva,nincs megadva,nincs megadva,nincs megadva,nincs megadva,nincs megadva,nincs megadva,nincs megadva,,nincs megadva,nincs megadva,nincs megadva,nincs megadva,nincs megadva,nincs megadva,nincs megadva,,,,,,,,38.0,45.99,1210263,nincs megadva,,,,,,,Nem ismert,214,Hang utca,,38,38,"Budapest X. kerület, Hang utca 38.",1,0,1.0,Újhegy,Panel lakás,Lépj kapcsolatba a hirdetővel,,Ingatlaniroda,2,
35367619,elado,https://ingatlan.com/35367619,"Eladó panel lakás - Budapest X. kerület, Hungária körút 5-7. #35367619",1101,"Budapest X. kerület, Hungária körút 5-7.",Budapest,47.491796,19.109243,3.0,72.0,1981.0,HUF,82990000,jó állapotú,1981 és 2000 között,összkomfortos,8,10,van,3 m-nél alacsonyabb,van,nem,külön helyiségben,nincs megadva,utcai,nincs megadva,nem,udvari beálló,,nincs megadva,35 000 Ft/hó,házközponti egyedi méréssel,van - 10 cm,nincs megadva,nem tetőtéri,részt vett,,,,,,,,72.0,82.99,1152639,8,8.0,10.0,,35000.0,,,1980-1999 (késő panel/tégla),533,Hungária körút,5-7,,5-7,"Budapest X. kerület, Hungária körút 5-7.",3,0,3.0,Laposdűlő,Panel lakás,Lépj kapcsolatba a hirdetővel,,Ingatlaniroda,4,1988.0
35367984,elado,https://ingatlan.com/35367984,"Eladó panel lakás - Budapest X. kerület, Kőrösi Csoma Sándor út #35367984",1102,"Budapest X. kerület, Kőrösi Csoma Sándor út",Budapest,,,3.0,64.0,,HUF,68900000,jó állapotú,nincs megadva,összkomfortos,10,10,van,3 m-nél alacsonyabb,nincs megadva,nincs megadva,nincs megadva,északnyugat,panorámás,nincs megadva,nincs megadva,nincs megadva,,nincs megadva,12 000 Ft/hó,távfűtés,van,nincs megadva,nincs megadva,nincs megadva,,,,,,,,64.0,68.9,1076562,10,10.0,10.0,,12000.0,,,Nem ismert,795,Kőrösi Csoma Sándor út,,,,"Budapest X. kerület, Kőrösi Csoma Sándor út",3,0,3.0,Kőbánya-Városközpont,Panel lakás,Lépj kapcsolatba a hirdetővel,,Ingatlaniroda,4,
35368055,elado,https://ingatlan.com/35368055,"Eladó tégla lakás - Budapest X. kerület, Kőbánya - Óhegy #35368055",1103,"Budapest X. kerület, Kőbánya - Óhegy",Budapest,,,2.0,47.0,1950.0,HUF,66900000,felújított,1950 és 1980 között,összkomfortos,4,4,nincs,3 m-nél alacsonyabb,nincs megadva,nincs megadva,egy helyiségben,délnyugat,kertre néz,2 m2,nincs megadva,"utca, közterület",,nincs megadva,nincs megadva,elektromos fűtőpanel,nincs megadva,nincs megadva,nincs megadva,,,,,,,,,47.0,66.9,1423404,4,4.0,4.0,2.0,,,,1950-1979 (szocialista modern),561,Kőbánya - Óhegy,,,,"Budapest X. kerület, Kőbánya - Óhegy",2,0,2.0,Óhegy,Tégla lakás,Lépj kapcsolatba a hirdetővel,,Ingatlaniroda,4,1968.0
35368887,elado,https://ingatlan.com/35368887,"Eladó tégla lakás - Budapest X. kerület, Laposdűlő - Pongrácz úti lakótelep #35368887",1101,"Budapest X. kerület, Laposdűlő - Pongrácz úti lakótelep",Budapest,,,2.0,36.0,1940.0,HUF,30900000,felújítandó,1950 előtt,összkomfortos,4,nincs megadva,nincs,3 m-nél alacsonyabb,nincs megadva,nincs megadva,nincs megadva,északkelet,utcai,nincs megadva,nincs megadva,"utca, közterület",,nincs megadva,nincs megadva,egyéb,nincs megadva,nincs megadva,nem tetőtéri,,,,,,,,,36.0,30.9,858333,4,4.0,,,,,,1950 előtt (klasszikus polgári/tégla),1350,Laposdűlő - Pongrácz úti lakótelep,,,,"Budapest X. kerület, Laposdűlő - Pongrácz úti lakótelep",2,0,2.0,Laposdűlő,Tégla lakás,Lépj kapcsolatba a hirdetővel,,Ingatlaniroda,4,1930.0
35369143,elado,https://ingatlan.com/35369143,"Eladó panel lakás - Budapest X. kerület, Bányató utca #35369143",1108,"Budapest X. kerület, Bányató utca",Budapest,,,3.0,68.0,,HUF,72900000,felújított,nincs megadva,összkomfortos,földszint,10,van,nincs megadva,van,nincs megadva,nincs megadva,délnyugat,utcai,3 m2,nincs megadva,"utca, közterület",,nincs megadva,25 000 Ft/hó,távfűtés,van,nincs megadva,nincs megadva,részt vett,,,,,,,,68.0,72.9,1072059,földszint,0.0,10.0,3.0,25000.0,,,Nem ismert,963,Bányató utca,,,,"Budapest X. kerület, Bányató utca",3,0,3.0,Újhegy,Panel lakás,Lépj kapcsolatba a hirdetővel,,Ingatlaniroda,4,
35371603,elado,https://ingatlan.com/35371603,"Eladó csúsztatott zsalus - Budapest X. kerület, Kőbánya - Újhegy #35371603",1108,"Budapest X. kerület, Kőbánya - Újhegy",Budapest,,,4.0,70.0,2021.0,HUF,107000000,felújított,2021,összkomfortos,1,5,van,3 m-nél alacsonyabb,van,nem,külön helyiségben,délkelet,udvari,14 m2,nincs megadva,udvari beálló,,23 000 Ft/hó,23 000 Ft/hó,házközponti egyedi méréssel,van,nincs megadva,,,,,,,,,,70.0,107.0,1528571,1,1.0,5.0,14.0,23000.0,23000.0,2021.0,2020 után (új építésű),2298,Kőbánya - Újhegy,,,,"Budapest X. kerület, Kőbánya - Újhegy",4,0,4.0,Újhegy,Csúsztatott zsalus lakás,Lépj kapcsolatba a hirdetővel,,Ingatlaniroda,4,2021.0
35372117,elado,https://ingatlan.com/35372117,"Eladó tégla lakás - Budapest X. kerület, Újhegyi út #35372117",1108,"Budapest X. kerület, Újhegyi út",Budapest,,,2.0,50.0,1950.0,HUF,69000000,felújított,1950 és 1980 között,összkomfortos,2,4,nincs,3 m-nél alacsonyabb,van,nincs megadva,egy helyiségben,délnyugat,udvari,2 m2,nincs megadva,udvari beálló - benne van az árban,,nincs megadva,nincs megadva,gázkazán,nincs megadva,E,nincs megadva,,,,,,,,,50.0,69.0,1380000,2,2.0,4.0,2.0,,,,1950-1979 (szocialista modern),2392,Újhegyi út,,,,"Budapest X. kerület, Újhegyi út",2,0,2.0,Újhegy,Tégla lakás,Lépj kapcsolatba a hirdetővel,,Ingatlaniroda,4,1968.0
35372871,elado,https://ingatlan.com/35372871,"Eladó tégla lakás - Budapest X. kerület, Szállás utca #35372871",1107,"Budapest X. kerület, Szállás utca",Budapest,,,3.0,45.0,1950.0,HUF,35000000,felújított,1950 és 1980 között,összkomfortos,szuterén,4,nincs,3 m-nél alacsonyabb,nincs,nem,egy helyiségben,dél,utcai,nincs megadva,nem,"utca, közterület - ingyenes",,20 000 Ft/hó,12 000 Ft/hó,elektromos fűtőpanel,nincs,C,nem tetőtéri,,,,,,,,,45.0,35.0,777778,szuterén,-1.0,4.0,,12000.0,20000.0,,1950-1979 (szocialista modern),1480,Szállás utca,,,,"Budapest X. kerület, Szállás utca",3,0,3.0,Gyárdűlő,Tégla lakás,Lépj kapcsolatba a hirdetővel,,Ingatlaniroda,4,1968.0
35372892,elado,https://ingatlan.com/35372892,"Eladó tégla lakás - Budapest X. kerület, Szállás utca #35372892",1107,"Budapest X. kerület, Szállás utca",Budapest,,,1.0,20.0,1950.0,HUF,20000000,felújított,1950 és 1980 között,összkomfortos,szuterén,4,nincs,3 m-nél alacsonyabb,nincs,nem,egy helyiségben,délnyugat,udvari,nincs megadva,nem,"utca, közterület - ingyenes",,10 000 Ft/hó,11 000 Ft/hó,elektromos fűtőpanel,nincs,C,nem tetőtéri,,,,,,,,,20.0,20.0,1000000,szuterén,-1.0,4.0,,11000.0,10000.0,,1950-1979 (szocialista modern),1479,Szállás utca,,,,"Budapest X. kerület, Szállás utca",1,0,1.0,Gyárdűlő,Tégla lakás,Lépj kapcsolatba a hirdetővel,,Ingatlaniroda,4,1968.0
35372930,elado,https://ingatlan.com/35372930,"Eladó tégla lakás - Budapest X. kerület, Martinovics tér 4. #35372930",1105,"Budapest X. kerület, Martinovics tér 4.",Budapest,47.480762,19.133538,3.0,122.0,1940.0,HUF,83900000,felújítandó,1950 előtt,összkomfortos,3,5,van,3 m-nél magasabb,nincs megadva,nincs megadva,külön és egyben is,északnyugat,panorámás,8 m2,nincs megadva,nincs megadva,,nincs megadva,nincs megadva,gázkazán,nincs megadva,I,nincs megadva,,,,,,,,,122.0,83.9,687705,3,3.0,5.0,8.0,,,,1950 előtt (klasszikus polgári/tégla),1045,Martinovics tér,4,,4,"Budapest X. kerület, Martinovics tér 4.",3,0,3.0,Óhegy,Tégla lakás,Lépj kapcsolatba a hirdetővel,,Ingatlaniroda,4,1930.0
35373169,elado,https://ingatlan.com/35373169,"Eladó tégla lakás - Budapest X. kerület, Kőbányai út #35373169",1101,"Budapest X. kerület, Kőbányai út",Budapest,,,4.0,109.0,2012.0,HUF,165000000,jó állapotú,2012,nincs megadva,4,4,van,nincs megadva,nincs megadva,nincs megadva,nincs megadva,nincs megadva,nincs megadva,nincs megadva,nincs megadva,nincs megadva,,nincs megadva,65 000 Ft/hó,házközponti egyedi méréssel,nincs megadva,nincs megadva,nincs megadva,,,,,,,,,109.0,165.0,1513761,4,4.0,4.0,,65000.0,,2012.0,2000-2019 (újszerű),4560,Kőbányai út,,,,"Budapest X. kerület, Kőbányai út",4,0,4.0,Kőbánya-Kertváros,Tégla lakás,Lépj kapcsolatba a hirdetővel,,Ingatlaniroda,4,2012.0
35374023,elado,https://ingatlan.com/35374023,"Eladó tégla lakás - Budapest X. kerület, Veszprémi utca #35374023",1105,"Budapest X. kerület, Veszprémi utca",Budapest,,,2.0,40.0,,HUF,53500000,jó állapotú,nincs megadva,komfortos,1,2,nincs,3 m-nél alacsonyabb,van,nem,egy helyiségben,délkelet,nincs megadva,2 m2,nem,"utca, közterület - ingyenes",,16 000 Ft/hó,14 000 Ft/hó,"gáz (konvektor), hűtő-fűtő klíma",nincs,B,nem tetőtéri,,,,,,,,,40.0,53.5,1337500,1,1.0,2.0,2.0,14000.0,16000.0,,Nem ismert,612,Veszprémi utca,,,,"Budapest X. kerület, Veszprémi utca",2,0,2.0,Óhegy,Tégla lakás,Lépj kapcsolatba a hirdetővel,,Ingatlaniroda,2,
35374077,elado,https://ingatlan.com/35374077,"Eladó tégla lakás - Budapest X. kerület, Gyárdűlő #35374077",1107,"Budapest X. kerület, Gyárdűlő",Budapest,,,1.0,36.0,1950.0,HUF,29990000,felújítandó,1950 és 1980 között,összkomfortos,földszint,2,nincs,3 m-nél alacsonyabb,nincs,nincs megadva,egy helyiségben,délnyugat,udvari,20 m2,igen,"utca, közterület - ingyenes",,nincs megadva,nincs megadva,"elektromos fűtőpanel, gáz (konvektor)",nincs,nincs megadva,nem tetőtéri,,,,,,,,,36.0,29.99,833056,földszint,0.0,2.0,20.0,,,,1950-1979 (szocialista modern),940,Gyárdűlő,,,,"Budapest X. kerület, Gyárdűlő",1,0,1.0,Gyárdűlő,Tégla lakás,Lépj kapcsolatba a hirdetővel,,Ingatlaniroda,4,1968.0
35374278,elado,https://ingatlan.com/35374278,"Eladó tégla lakás - Budapest X. kerület, Zágrábi utca #35374278",1107,"Budapest X. kerület, Zágrábi utca",Budapest,,,2.0,39.0,1950.0,HUF,44000000,felújítandó,1950 és 1980 között,összkomfortos,földszint,nincs megadva,nincs,3 m-nél alacsonyabb,nincs megadva,nincs megadva,külön helyiségben,nincs megadva,utcai,nincs megadva,nincs megadva,"utca, közterület - fizetős övezet",,nincs megadva,nincs megadva,gáz (konvektor),nincs megadva,nincs megadva,nincs megadva,,,,,,,,,39.0,44.0,1128205,földszint,0.0,,,,,,1950-1979 (szocialista modern),1020,Zágrábi utca,,,,"Budapest X. kerület, Zágrábi utca",2,0,2.0,Gyárdűlő,Tégla lakás,Lépj kapcsolatba a hirdetővel,,Ingatlaniroda,4,1968.0
35375210,elado,https://ingatlan.com/35375210,"Eladó panel lakás - Budapest X. kerület, Gyakorló köz #35375210",1106,"Budapest X. kerület, Gyakorló köz",Budapest,,,3.0,71.0,1981.0,HUF,82900000,jó állapotú,1981 és 2000 között,összkomfortos,6,nincs megadva,van,3 m-nél alacsonyabb,nincs megadva,nincs megadva,nincs megadva,kelet,nincs megadva,4 m2,nincs megadva,nincs megadva,,nincs megadva,nincs megadva,távfűtés egyedi méréssel,nincs megadva,C,nem tetőtéri,nincs megadva,,,,,,,,71.0,82.9,1167606,6,6.0,,4.0,,,,1980-1999 (késő panel/tégla),922,Gyakorló köz,,,,"Budapest X. kerület, Gyakorló köz",3,0,3.0,Felsőrákos,Panel lakás,Lépj kapcsolatba a hirdetővel,,Ingatlaniroda,4,1988.0
35375264,elado,https://ingatlan.com/35375264,"Eladó panel lakás - Budapest X. kerület, Kőbánya - Újhegyi lakótelep #35375264",1108,"Budapest X. kerület, Kőbánya - Újhegyi lakótelep",Budapest,,,1.0,38.0,,HUF,45900000,jó állapotú,nincs megadva,összkomfortos,10,10,van,nincs megadva,nincs megadva,nincs megadva,külön helyiségben,nincs megadva,panorámás,nincs megadva,nincs megadva,"utca, közterület - ingyenes",,nincs megadva,12 000 Ft/hó,távfűtés,nincs megadva,nincs megadva,nincs megadva,nem vett részt,,,,,,,,38.0,45.9,1207895,10,10.0,10.0,,12000.0,,,Nem ismert,1149,Kőbánya - Újhegyi lakótelep,,,,"Budapest X. kerület, Kőbánya - Újhegyi lakótelep",1,0,1.0,Újhegy,Panel lakás,Lépj kapcsolatba a hirdetővel,,Ingatlaniroda,4,
35375292,elado,https://ingatlan.com/35375292,"Eladó tégla lakás - Budapest X. kerület, Kozma utca #35375292",1108,"Budapest X. kerület, Kozma utca",Budapest,,,2.0,47.0,1940.0,HUF,59900000,felújított,1950 előtt,összkomfortos,2,nincs megadva,nincs megadva,3 m-nél alacsonyabb,nincs megadva,nincs megadva,nincs megadva,délnyugat,kertre néz,4 m2,nincs megadva,udvari beálló,,nincs megadva,nincs megadva,gáz (konvektor),nincs megadva,nincs megadva,nem tetőtéri,,,,,,,,,47.0,59.9,1274468,2,2.0,,4.0,,,,1950 előtt (klasszikus polgári/tégla),1753,Kozma utca,,,,"Budapest X. kerület, Kozma utca",2,0,2.0,Kőbánya-Kertváros,Tégla lakás,Lépj kapcsolatba a hirdetővel,,Ingatlaniroda,4,1930.0
35376864,elado,https://ingatlan.com/35376864,"Eladó tégla lakás - Budapest X. kerület, Kőrösi Csoma sétány #35376864",1102,"Budapest X. kerület, Kőrösi Csoma sétány",Budapest,,,3.0,85.0,,HUF,86995000,felújított,nincs megadva,nincs megadva,2,4,nincs,nincs megadva,nincs,nincs megadva,külön helyiségben,nincs megadva,udvari,nincs megadva,nem,udvari beálló - benne van az árban,,nincs megadva,nincs megadva,távfűtés,nincs megadva,nincs megadva,nem tetőtéri,,,,,,,,,85.0,87.0,1023471,2,2.0,4.0,,,,,Nem ismert,513,Kőrösi Csoma sétány,,,,"Budapest X. kerület, Kőrösi Csoma sétány",3,0,3.0,Kőbánya-Városközpont,Tégla lakás,Lépj kapcsolatba a hirdetővel,,Ingatlaniroda,2,
35377251,elado,https://ingatlan.com/35377251,"Eladó tégla lakás - Budapest X. kerület, Cserkesz utca 31. #35377251",1105,"Budapest X. kerület, Cserkesz utca 31.",Budapest,47.478118,19.133892,2.0,40.0,2001.0,HUF,59900000,jó állapotú,2001 és 2010 között,összkomfortos,2,4,nincs,3 m-nél alacsonyabb,nincs,nem,egy helyiségben,délnyugat,kertre néz,2 m2,nincs megadva,"utca, közterület - ingyenes",,nincs megadva,8 449 Ft/hó,házközponti egyedi méréssel,van,B,nem tetőtéri,,,,,,,,,40.0,59.9,1497500,2,2.0,4.0,2.0,8449.0,,,2000-2019 (újszerű),2045,Cserkesz utca,31,,31,"Budapest X. kerület, Cserkesz utca 31.",2,0,2.0,Óhegy,Tégla lakás,Lépj kapcsolatba a hirdetővel,,Ingatlaniroda,4,2005.0
35377466,elado,https://ingatlan.com/35377466,"Eladó tégla lakás - Budapest X. kerület, Üllői út #35377466",1101,"Budapest X. kerület, Üllői út",Budapest,,,3.0,82.0,,HUF,81990000,jó állapotú,nincs megadva,összkomfortos,1,3,nincs,3 m-nél magasabb,nincs megadva,nincs megadva,külön helyiségben,nincs megadva,utcai,nincs megadva,nincs megadva,udvari beálló,,nincs megadva,23 000 Ft/hó,gáz (konvektor),nincs megadva,nincs megadva,nincs megadva,,,,,,,,,82.0,81.99,999878,1,1.0,3.0,,23000.0,,,Nem ismert,1759,Üllői út,,,,"Budapest X. kerület, Üllői út",3,0,3.0,Gyárdűlő,Tégla lakás,Lépj kapcsolatba a hirdetővel,,Ingatlaniroda,4,
35378785,elado,https://ingatlan.com/35378785,"Eladó tégla lakás - Budapest X. kerület, Kőrösi Csoma Sándor út 6. #35378785",1102,"Budapest X. kerület, Kőrösi Csoma Sándor út 6.",Budapest,47.482987,19.129957,2.0,53.0,2001.0,HUF,76900000,jó állapotú,2001 és 2010 között,összkomfortos,8,9,van,3 m-nél alacsonyabb,van,igen,külön helyiségben,délkelet,panorámás,2 m2,nem,teremgarázs hely - megvásárolható,"5,90 MFt",nincs megadva,18 000 Ft/hó,"gázkazán, hűtő-fűtő klíma",nincs megadva,B,nem tetőtéri,,,,,,,,,53.0,76.9,1450943,8,8.0,9.0,2.0,18000.0,,,2000-2019 (újszerű),1095,Kőrösi Csoma Sándor út,6,,6,"Budapest X. kerület, Kőrösi Csoma Sándor út 6.",2,0,2.0,Kőbánya-Városközpont,Tégla lakás,Lépj kapcsolatba a hirdetővel,,Ingatlaniroda,4,2005.0
35379452,elado,https://ingatlan.com/35379452,"Eladó tégla lakás - Budapest X. kerület, Liget utca #35379452",1102,"Budapest X. kerület, Liget utca",Budapest,,,2.0,59.0,1950.0,HUF,68400000,jó állapotú,1950 és 1980 között,összkomfortos,földszint,nincs megadva,nincs megadva,3 m-nél alacsonyabb,nincs megadva,nincs megadva,nincs megadva,északnyugat,utcai,nincs megadva,nincs megadva,nincs megadva,,nincs megadva,21 000 Ft/hó,gázkazán,nincs megadva,E,nincs megadva,,,,,,,,,59.0,68.4,1159322,földszint,0.0,,,21000.0,,,1950-1979 (szocialista modern),840,Liget utca,,,,"Budapest X. kerület, Liget utca",2,0,2.0,Ligettelek,Tégla lakás,Lépj kapcsolatba a hirdetővel,,Ingatlaniroda,4,1968.0
35381597,elado,https://ingatlan.com/35381597,"Eladó tégla lakás - Budapest X. kerület, Bánya utca #35381597",1102,"Budapest X. kerület, Bánya utca",Budapest,,,5.0,117.0,2018.0,HUF,129900000,újszerű,2018,duplakomfortos,földszint,6,van,3 m-nél alacsonyabb,van,igen,külön és egyben is,nincs megadva,kertre néz,35 m2,igen,udvari beálló - megvásárolható,5 MFt,nincs megadva,nincs megadva,házközponti,van,nincs megadva,nem tetőtéri,,,,,,,,,117.0,129.9,1110256,földszint,0.0,6.0,35.0,,,2018.0,2000-2019 (újszerű),2363,Bánya utca,,,,"Budapest X. kerület, Bánya utca",5,0,5.0,Kőbánya-Városközpont,Tégla lakás,Lépj kapcsolatba a hirdetővel,,Ingatlaniroda,4,2018.0
35382764,elado,https://ingatlan.com/35382764,"Eladó tégla lakás - Budapest X. kerület, Gyárdűlő #35382764",1107,"Budapest X. kerület, Gyárdűlő",Budapest,,,2.0,29.0,1950.0,HUF,53900000,jó állapotú,1950 és 1980 között,összkomfortos,2,nincs megadva,nincs,3 m-nél alacsonyabb,van,nincs megadva,nincs megadva,délnyugat,udvari,nincs megadva,nincs megadva,"utca, közterület",,nincs megadva,nincs megadva,gáz (konvektor),nincs megadva,nincs megadva,nem tetőtéri,,,,,,,,,29.0,53.9,1858621,2,2.0,,,,,,1950-1979 (szocialista modern),1322,Gyárdűlő,,,,"Budapest X. kerület, Gyárdűlő",2,0,2.0,Gyárdűlő,Tégla lakás,Lépj kapcsolatba a hirdetővel,,Ingatlaniroda,4,1968.0
35383788,elado,https://ingatlan.com/35383788,"Eladó csúsztatott zsalus - Budapest X. kerület, Cserkesz utca #35383788",1105,"Budapest X. kerület, Cserkesz utca",Budapest,,,3.0,63.0,,HUF,65990000,felújított,nincs megadva,összkomfortos,félemelet,8,van,nincs megadva,van,nem,külön helyiségben,nincs megadva,utcai,8 m2,nincs megadva,"utca, közterület - ingyenes",,nincs megadva,22 600 Ft/hó,távfűtés,nincs megadva,nincs megadva,,,,,,,,,,63.0,65.99,1047460,félemelet,0.5,8.0,8.0,22600.0,,,Nem ismert,1696,Cserkesz utca,,,,"Budapest X. kerület, Cserkesz utca",3,0,3.0,Óhegy,Csúsztatott zsalus lakás,Lépj kapcsolatba a hirdetővel,,Ingatlaniroda,4,
35384023,elado,https://ingatlan.com/35384023,"Eladó panel lakás - Budapest X. kerület, Kőbánya - Újhegyi lakótelep #35384023",1108,"Budapest X. kerület, Kőbánya - Újhegyi lakótelep",Budapest,,,2.0,50.0,1981.0,HUF,55900000,közepes állapotú,1981 és 2000 között,összkomfortos,1,több mint 10,van,3 m-nél alacsonyabb,nincs,nem,külön helyiségben,délnyugat,utcai,3 m2,nincs megadva,"utca, közterület - ingyenes",,nincs megadva,14 000 Ft/hó,távfűtés,nincs,nincs megadva,nem tetőtéri,nem vett részt,,,,,,,,50.0,55.9,1118000,1,1.0,10.0,3.0,14000.0,,,1980-1999 (késő panel/tégla),1951,Kőbánya - Újhegyi lakótelep,,,,"Budapest X. kerület, Kőbánya - Újhegyi lakótelep",2,0,2.0,Újhegy,Panel lakás,Lépj kapcsolatba a hirdetővel,,Ingatlaniroda,4,1988.0
35384085,elado,https://ingatlan.com/35384085,"Eladó panel lakás - Budapest X. kerület, Balkán utca 14. #35384085",1107,"Budapest X. kerület, Balkán utca 14.",Budapest,47.472851,19.116779,3.0,62.0,1981.0,HUF,59900000,felújítandó,1981 és 2000 között,összkomfortos,földszint,10,van,3 m-nél alacsonyabb,van,nem,külön helyiségben,nincs megadva,utcai,nincs megadva,nincs megadva,"utca, közterület - fizetős övezet",,25 000 Ft/hó,16 135 Ft/hó,távfűtés egyedi méréssel,van,D,nincs megadva,részt vett,,,,,,,,62.0,59.9,966129,földszint,0.0,10.0,,16135.0,25000.0,,1980-1999 (késő panel/tégla),1633,Balkán utca,14,14,14,"Budapest X. kerület, Balkán utca 14.",3,0,3.0,Gyárdűlő,Panel lakás,Lépj kapcsolatba a hirdetővel,,Ingatlaniroda,4,1988.0
35384893,elado,https://ingatlan.com/35384893,"Eladó tégla lakás - Budapest X. kerület, Gyárdűlő #35384893",1107,"Budapest X. kerület, Gyárdűlő",Budapest,,,4.0,86.0,2019.0,HUF,134990000,újszerű,2019,duplakomfortos,4,nincs megadva,van,3 m-nél alacsonyabb,van,nincs megadva,nincs megadva,délkelet,kertre néz,9 m2,nincs megadva,teremgarázs hely,,nincs megadva,33 000 Ft/hó,házközponti egyedi méréssel,nincs megadva,A,nem tetőtéri,,,,,,,,,86.0,134.99,1569651,4,4.0,,9.0,33000.0,,2019.0,2000-2019 (újszerű),2727,Gyárdűlő,,,,"Budapest X. kerület, Gyárdűlő",4,0,4.0,Gyárdűlő,Tégla lakás,Lépj kapcsolatba a hirdetővel,,Ingatlaniroda,4,2019.0
35384910,elado,https://ingatlan.com/35384910,"Eladó tégla lakás - Budapest X. kerület, Csilla utca #35384910",1101,"Budapest X. kerület, Csilla utca",Budapest,,,1.0,36.0,,HUF,53500000,felújított,nincs megadva,összkomfortos,4,4,nincs,3 m-nél alacsonyabb,nincs megadva,nem,külön helyiségben,nyugat,panorámás,nincs megadva,nem,"utca, közterület - ingyenes",,nincs megadva,nincs megadva,gáz (konvektor),van,nincs megadva,nem tetőtéri,,,,,,,,,36.0,53.5,1486111,4,4.0,4.0,,,,,Nem ismert,1219,Csilla utca,,,,"Budapest X. kerület, Csilla utca",1,0,1.0,Laposdűlő,Tégla lakás,Lépj kapcsolatba a hirdetővel,,Magánszemély,4,
35385744,elado,https://ingatlan.com/35385744,"Eladó tégla lakás - Budapest X. kerület, Maláta köz #35385744",1105,"Budapest X. kerület, Maláta köz",Budapest,,,4.0,83.0,2001.0,HUF,125000000,jó állapotú,2001 és 2010 között,összkomfortos,5,6,van,3 m-nél alacsonyabb,van,nincs megadva,külön helyiségben,kelet,panorámás,72 m2,nincs megadva,teremgarázs hely - megvásárolható,5 MFt,nincs megadva,nincs megadva,"házközponti egyedi méréssel, hűtő-fűtő klíma",nincs megadva,C,nem tetőtéri,,,,,,,,,83.0,125.0,1506024,5,5.0,6.0,72.0,,,,2000-2019 (újszerű),1849,Maláta köz,,,,"Budapest X. kerület, Maláta köz",4,0,4.0,Óhegy,Tégla lakás,Lépj kapcsolatba a hirdetővel,,Ingatlaniroda,4,2005.0
35386321,elado,https://ingatlan.com/35386321,"Eladó tégla lakás - Budapest X. kerület, Gergely utca #35386321",1103,"Budapest X. kerület, Gergely utca",Budapest,,,3.0,72.0,1950.0,HUF,63000000,jó állapotú,1950 és 1980 között,összkomfortos,3,4,nincs,3 m-nél alacsonyabb,nincs megadva,nem,külön helyiségben,délnyugat,panorámás,nincs megadva,igen,"utca, közterület - ingyenes",,25 000 Ft/hó,18 600 Ft/hó,"kályha, elektromos fűtőpanel",nincs megadva,nincs megadva,nem tetőtéri,,,,,,,,,72.0,63.0,875000,3,3.0,4.0,,18600.0,25000.0,,1950-1979 (szocialista modern),877,Gergely utca,,72,72,"Budapest X. kerület, Gergely utca 72.",3,0,3.0,Óhegy,Tégla lakás,Lépj kapcsolatba a hirdetővel,,Ingatlaniroda,4,1968.0
35386592,elado,https://ingatlan.com/35386592,"Eladó tégla lakás - Budapest X. kerület, Kőbánya-Városközpont #35386592",1105,"Budapest X. kerület, Kőbánya-Városközpont",Budapest,,,2.0,63.0,2001.0,HUF,74000000,jó állapotú,2001 és 2010 között,nincs megadva,3,7,van,3 m-nél alacsonyabb,van,nincs megadva,külön helyiségben,északnyugat,udvari,5 m2,nincs megadva,"utca, közterület",,nincs megadva,nincs megadva,"gázkazán, hűtő-fűtő klíma",van,nincs megadva,nincs megadva,,,,,,,,,63.0,74.0,1174603,3,3.0,7.0,5.0,,,,2000-2019 (újszerű),1172,Kőbánya-Városközpont,,,,"Budapest X. kerület, Kőbánya-Városközpont",2,0,2.0,Kőbánya-Városközpont,Tégla lakás,Lépj kapcsolatba a hirdetővel,,Ingatlaniroda,4,2005.0
35386611,elado,https://ingatlan.com/35386611,"Eladó tégla lakás - Budapest X. kerület, Állomás utca #35386611",1102,"Budapest X. kerület, Állomás utca",Budapest,,,3.0,89.0,1940.0,HUF,92900000,újszerű,1950 előtt,összkomfortos,3,3,nincs,3 m-nél magasabb,van,nem,külön helyiségben,kelet,panorámás,5 m2,nem,"utca, közterület - ingyenes",,nincs megadva,nincs megadva,"gázkazán, hűtő-fűtő klíma",nincs megadva,nincs megadva,"legfelső emelet, nem tetőtéri",,,,,,,,,89.0,92.9,1043820,3,3.0,3.0,5.0,,,,1950 előtt (klasszikus polgári/tégla),2251,Állomás utca,,,,"Budapest X. kerület, Állomás utca",3,0,3.0,Kőbánya-Városközpont,Tégla lakás,Lépj kapcsolatba a hirdetővel,,Ingatlaniroda,4,1930.0
35386899,elado,https://ingatlan.com/35386899,"Eladó panel lakás - Budapest X. kerület, Kőbánya - Újhegyi lakótelep #35386899",1108,"Budapest X. kerület, Kőbánya - Újhegyi lakótelep",Budapest,,,3.0,68.0,1950.0,HUF,75900000,felújított,1950 és 1980 között,összkomfortos,földszint,10,van,3 m-nél alacsonyabb,van,nem,külön helyiségben,délnyugat,utcai,3 m2,nem,"utca, közterület - ingyenes",,60 000 Ft/hó,18 000 Ft/hó,távfűtés,van,E,nem tetőtéri,nincs megadva,,,,,,,,68.0,75.9,1116176,földszint,0.0,10.0,3.0,18000.0,60000.0,,1950-1979 (szocialista modern),1976,Kőbánya - Újhegyi lakótelep,,,,"Budapest X. kerület, Kőbánya - Újhegyi lakótelep",3,0,3.0,Újhegy,Panel lakás,Lépj kapcsolatba a hirdetővel,,Ingatlaniroda,4,1968.0
35387061,elado,https://ingatlan.com/35387061,"Eladó panel lakás - Budapest X. kerület, Gőzmozdony utca #35387061",1108,"Budapest X. kerület, Gőzmozdony utca",Budapest,,,3.0,68.0,1981.0,HUF,67900000,jó állapotú,1981 és 2000 között,összkomfortos,10,10,van,3 m-nél alacsonyabb,van,nem,külön helyiségben,dél,panorámás,nincs megadva,nem,"utca, közterület - ingyenes",,30 000 Ft/hó,23 Ft/hó,távfűtés,van,E,nincs megadva,részt vett,,,,,,,,68.0,67.9,998529,10,10.0,10.0,,23.0,30000.0,,1980-1999 (késő panel/tégla),886,Gőzmozdony utca,,10,10,"Budapest X. kerület, Gőzmozdony utca 10.",3,0,3.0,Újhegy,Panel lakás,Lépj kapcsolatba a hirdetővel,,Ingatlaniroda,4,1988.0
35387846,elado,https://ingatlan.com/35387846,"Eladó csúsztatott zsalus - Budapest X. kerület, Harmat utca 73. #35387846",1104,"Budapest X. kerület, Harmat utca 73.",Budapest,47.479751,19.149869,2.0,57.0,1950.0,HUF,65000000,közepes állapotú,1950 és 1980 között,komfortos,1,4,nincs,3 m-nél alacsonyabb,van,nem,külön helyiségben,nincs megadva,utcai,4 m2,nem,"utca, közterület - ingyenes",,nincs megadva,17 Ft/hó,"egyéb, gáz (konvektor), elektromos fűtőpanel",nincs,nincs megadva,,,,,,,,,,57.0,65.0,1140351,1,1.0,4.0,4.0,17.0,,,1950-1979 (szocialista modern),465,Harmat utca,73,,73,"Budapest X. kerület, Harmat utca 73.",2,0,2.0,Óhegy,Csúsztatott zsalus lakás,Lépj kapcsolatba a hirdetővel,,Ingatlaniroda,2,1968.0
35388156,elado,https://ingatlan.com/35388156,"Eladó panel lakás - Budapest X. kerület, Székfűvirág utca #35388156",1103,"Budapest X. kerület, Székfűvirág utca",Budapest,,,3.0,63.0,,HUF,76000000,nincs megadva,nincs megadva,nincs megadva,nincs megadva,nincs megadva,nincs megadva,nincs megadva,nincs megadva,nincs megadva,nincs megadva,nincs megadva,nincs megadva,nincs megadva,nincs megadva,nincs megadva,,nincs megadva,nincs megadva,nincs megadva,nincs megadva,nincs megadva,nincs megadva,nincs megadva,,,,,,,,63.0,76.0,1206349,nincs megadva,,,,,,,Nem ismert,880,Székfűvirág utca,,,,"Budapest X. kerület, Székfűvirág utca",3,0,3.0,Óhegy,Panel lakás,Lépj kapcsolatba a hirdetővel,,Ingatlaniroda,2,
35388964,elado,https://ingatlan.com/35388964,"Eladó tégla lakás - Budapest X. kerület, Kada utca #35388964",1106,"Budapest X. kerület, Kada utca",Budapest,,,3.0,56.0,1981.0,HUF,64900000,jó állapotú,1981 és 2000 között,duplakomfortos,2,2,nincs,3 m-nél alacsonyabb,van,nem,külön és egyben is,délkelet,kertre néz,8 m2,nem,önálló garázs - kötelező megvenni,"8,50 MFt",18 000 Ft/hó,31 000 Ft/hó,"gázkazán, hűtő-fűtő klíma",nincs,E,tetőtéri,,,,,,,,,56.0,64.9,1158929,2,2.0,2.0,8.0,31000.0,18000.0,,1980-1999 (késő panel/tégla),2397,Kada utca,,,,"Budapest X. kerület, Kada utca",3,0,3.0,Óhegy,Tégla lakás,Lépj kapcsolatba a hirdetővel,,Ingatlaniroda,4,1988.0
35392199,elado,https://ingatlan.com/35392199,"Eladó csúsztatott zsalus - Budapest X. kerület, Gyógyszergyári utca #35392199",1106,"Budapest X. kerület, Gyógyszergyári utca",Budapest,,,4.0,84.0,2026.0,HUF,135000000,nincs megadva,2026,duplakomfortos,5,5,van,3 m-nél magasabb,van,igen,külön és egyben is,délkelet,panorámás,22 m2,nem,"utca, közterület - ingyenes",,nincs megadva,nincs megadva,"hűtő-fűtő klíma, távfűtés egyedi méréssel",van,A++,,,,,,,,,,84.0,135.0,1607143,5,5.0,5.0,22.0,,,2026.0,2020 után (új építésű),958,Gyógyszergyári utca,,,,"Budapest X. kerület, Gyógyszergyári utca",4,0,4.0,Felsőrákos,Csúsztatott zsalus lakás,Lépj kapcsolatba a hirdetővel,,Ingatlaniroda,4,2026.0
35392531,elado,https://ingatlan.com/35392531,Egy pillanat...,1104,"Budapest X. kerület, Dombtető utca",Budapest,,,3.0,68.0,,HUF,63900000,,,,,,,,,,,,,,,,,,,,,,,,,,,,,,,68.0,63.9,939706,,,,,,,,Nem ismert,0,Dombtető utca,,,,"Budapest X. kerület, Dombtető utca",3,0,3.0,Óhegy,Tégla lakás,,,Ingatlaniroda,0,
35393410,elado,https://ingatlan.com/35393410,"Eladó panel lakás - Budapest X. kerület, Oltó utca #35393410",1108,"Budapest X. kerület, Oltó utca",Budapest,,,2.0,50.0,,HUF,56900000,felújítandó,nincs megadva,összkomfortos,10,10,van,3 m-nél alacsonyabb,van,nincs megadva,külön helyiségben,nyugat,panorámás,4 m2,nincs megadva,"utca, közterület - ingyenes",,30 000 Ft/hó,17 000 Ft/hó,távfűtés,nincs,F,nem tetőtéri,nem vett részt,,,,,,,,50.0,56.9,1138000,10,10.0,10.0,4.0,17000.0,30000.0,,Nem ismert,405,Oltó utca,,,,"Budapest X. kerület, Oltó utca",2,0,2.0,Újhegy,Panel lakás,Lépj kapcsolatba a hirdetővel,,Ingatlaniroda,2,
35393664,elado,https://ingatlan.com/35393664,"Eladó tégla lakás - Budapest X. kerület, Cserkesz utca 19. #35393664",1105,"Budapest X. kerület, Cserkesz utca 19.",Budapest,47.481559,19.130438,4.0,99.0,2025.0,HUF,118000000,új építésű,2025,luxus,2,3,nincs,nincs megadva,van,nem,külön és egyben is,nincs megadva,nincs megadva,6 m2,igen,nincs megadva,,40 000 Ft/hó,nincs megadva,"hőszivattyú, mennyezeti hűtés-fűtés",van - 20 cm,A+,nem tetőtéri,,,,,,,,,99.0,118.0,1191919,2,2.0,3.0,6.0,,40000.0,2025.0,2020 után (új építésű),1382,Cserkesz utca,19,,19,"Budapest X. kerület, Cserkesz utca 19.",4,0,4.0,Kőbánya-Városközpont,Tégla lakás,Lépj kapcsolatba a hirdetővel,,Ingatlaniroda,4,2025.0
35393891,elado,https://ingatlan.com/35393891,"Eladó panel lakás - Budapest X. kerület, Kápolna utca 3. #35393891",1102,"Budapest X. kerület, Kápolna utca 3.",Budapest,47.481995,19.129461,3.0,63.0,1981.0,HUF,59000000,jó állapotú,1981 és 2000 között,összkomfortos,5,9,van,3 m-nél alacsonyabb,van,nincs megadva,külön helyiségben,nincs megadva,utcai,nincs megadva,nincs megadva,nincs megadva,,nincs megadva,nincs megadva,távfűtés,nincs megadva,nincs megadva,nincs megadva,nincs megadva,,,,,,,,63.0,59.0,936508,5,5.0,9.0,,,,,1980-1999 (késő panel/tégla),95,Kápolna utca,3,,3,"Budapest X. kerület, Kápolna utca 3.",3,0,3.0,Kőbánya-Városközpont,Panel lakás,Lépj kapcsolatba a hirdetővel,,Ingatlaniroda,4,1988.0
35394021,elado,https://ingatlan.com/35394021,"Eladó tégla lakás - Budapest X. kerület, Hölgy utca #35394021",1102,"Budapest X. kerület, Hölgy utca",Budapest,,,3.0,89.0,1950.0,HUF,95900000,jó állapotú,1950 és 1980 között,összkomfortos,3,nincs megadva,nincs,3 m-nél magasabb,van,nincs megadva,nincs megadva,északkelet,utcai,4 m2,nincs megadva,"utca, közterület",,nincs megadva,nincs megadva,gázkazán,nincs megadva,nincs megadva,zárószint,,,,,,,,,89.0,95.9,1077528,3,3.0,,4.0,,,,1950-1979 (szocialista modern),1215,Hölgy utca,,,,"Budapest X. kerület, Hölgy utca",3,0,3.0,Ligettelek,Tégla lakás,Lépj kapcsolatba a hirdetővel,,Ingatlaniroda,4,1968.0
35394550,elado,https://ingatlan.com/35394550,"Eladó panel lakás - Budapest X. kerület, Állomás utca 25. #35394550",1102,"Budapest X. kerület, Állomás utca 25.",Budapest,47.48541,19.13018,2.0,41.0,1981.0,HUF,50000000,jó állapotú,1981 és 2000 között,összkomfortos,6,10,van,3 m-nél alacsonyabb,van,igen,egy helyiségben,nyugat,nincs megadva,2 m2,nincs megadva,"utca, közterület",,21 000 Ft/hó,16 000 Ft/hó,"távfűtés, hűtő-fűtő klíma",nincs megadva,nincs megadva,nincs megadva,nincs megadva,,,,,,,,41.0,50.0,1219512,6,6.0,10.0,2.0,16000.0,21000.0,,1980-1999 (késő panel/tégla),907,Állomás utca,25,,25,"Budapest X. kerület, Állomás utca 25.",2,0,2.0,Kőbánya-Városközpont,Panel lakás,Lépj kapcsolatba a hirdetővel,,Ingatlaniroda,2,1988.0
35396328,elado,https://ingatlan.com/35396328,"Eladó panel lakás - Budapest X. kerület, Kőrösi Csoma Sándor út #35396328",1102,"Budapest X. kerület, Kőrösi Csoma Sándor út",Budapest,,,3.0,64.0,1950.0,HUF,69900000,közepes állapotú,1950 és 1980 között,összkomfortos,4,nincs megadva,van,3 m-nél alacsonyabb,van,nem,külön helyiségben,délkelet,panorámás,nincs megadva,nem,"utca, közterület - ingyenes",,nincs megadva,nincs megadva,távfűtés,nincs megadva,nincs megadva,nem tetőtéri,nem vett részt,,,,,,,,64.0,69.9,1092188,4,4.0,,,,,,1950-1979 (szocialista modern),1305,Kőrösi Csoma Sándor út,,,,"Budapest X. kerület, Kőrösi Csoma Sándor út",3,0,3.0,Kőbánya-Városközpont,Panel lakás,Lépj kapcsolatba a hirdetővel,,Ingatlaniroda,4,1968.0
35397323,elado,https://ingatlan.com/35397323,"Eladó tégla lakás - Budapest X. kerület, Jegenye utca #35397323",1107,"Budapest X. kerület, Jegenye utca",Budapest,,,2.0,52.0,1981.0,HUF,55900000,közepes állapotú,1981 és 2000 között,összkomfortos,földszint,földszintes,nincs megadva,3 m-nél magasabb,nincs megadva,nincs megadva,egy helyiségben,délkelet,utcai,nincs megadva,igen,"utca, közterület - ingyenes",,30 000 Ft/hó,nincs megadva,"gáz (konvektor), cserépkályha",nincs megadva,nincs megadva,nincs megadva,,,,,,,,,52.0,55.9,1075000,földszint,0.0,0.0,,,30000.0,,1980-1999 (késő panel/tégla),1169,Jegenye utca,,50,50,"Budapest X. kerület, Jegenye utca 50.",2,0,2.0,Gyárdűlő,Tégla lakás,Lépj kapcsolatba a hirdetővel,,Ingatlaniroda,2,1988.0
35397882,elado,https://ingatlan.com/35397882,"Eladó panel lakás - Budapest X. kerület, Kőbánya - Újhegyi lakótelep #35397882",1108,"Budapest X. kerület, Kőbánya - Újhegyi lakótelep",Budapest,,,1.0,38.0,1981.0,HUF,45890000,közepes állapotú,1981 és 2000 között,összkomfortos,10,10,van,3 m-nél alacsonyabb,nincs,nem,külön helyiségben,délnyugat,panorámás,nincs megadva,nem,"utca, közterület",,25 000 Ft/hó,12 Ft/hó,távfűtés,nincs,nincs megadva,nem tetőtéri,nincs megadva,,,,,,,,38.0,45.89,1207632,10,10.0,10.0,,12.0,25000.0,,1980-1999 (késő panel/tégla),1223,Kőbánya - Újhegyi lakótelep,,,,"Budapest X. kerület, Kőbánya - Újhegyi lakótelep",1,0,1.0,Újhegy,Panel lakás,Lépj kapcsolatba a hirdetővel,,Ingatlaniroda,4,1988.0
35398262,elado,https://ingatlan.com/35398262,"Eladó panel lakás - Budapest X. kerület, Gergely utca #35398262",1108,"Budapest X. kerület, Gergely utca",Budapest,,,1.0,29.0,,HUF,49000000,nincs megadva,nincs megadva,nincs megadva,nincs megadva,nincs megadva,nincs megadva,nincs megadva,nincs megadva,nincs megadva,nincs megadva,nincs megadva,nincs megadva,nincs megadva,nincs megadva,nincs megadva,,nincs megadva,nincs megadva,nincs megadva,nincs megadva,nincs megadva,nincs megadva,nincs megadva,,,,,,,,29.0,49.0,1689655,nincs megadva,,,,,,,Nem ismert,292,Gergely utca,,,,"Budapest X. kerület, Gergely utca",1,0,1.0,Újhegy,Panel lakás,Lépj kapcsolatba a hirdetővel,,Ingatlaniroda,2,
35398749,elado,https://ingatlan.com/35398749,"Eladó panel lakás - Budapest X. kerület, Kőbánya-Városközpont #35398749",1105,"Budapest X. kerület, Kőbánya-Városközpont",Budapest,,,2.0,50.0,,HUF,58000000,felújított,nincs megadva,nincs megadva,3,nincs megadva,nincs megadva,nincs megadva,nincs megadva,nincs megadva,nincs megadva,nincs megadva,nincs megadva,nincs megadva,nincs megadva,nincs megadva,,nincs megadva,nincs megadva,házközponti,nincs megadva,nincs megadva,nincs megadva,nincs megadva,,,,,,,,50.0,58.0,1160000,3,3.0,,,,,,Nem ismert,1764,Kőbánya-Városközpont,,,,"Budapest X. kerület, Kőbánya-Városközpont",2,0,2.0,Kőbánya-Városközpont,Panel lakás,Lépj kapcsolatba a hirdetővel,,Ingatlaniroda,4,
35399453,elado,https://ingatlan.com/35399453,"Eladó tégla lakás - Budapest X. kerület, Liget utca #35399453",1102,"Budapest X. kerület, Liget utca",Budapest,,,2.0,42.0,2001.0,HUF,63000000,újszerű,2001 és 2010 között,összkomfortos,2,4,van,3 m-nél alacsonyabb,nincs megadva,nincs megadva,egy helyiségben,délkelet,utcai,nincs megadva,nem,teremgarázs hely - kötelező megvenni,8 MFt,nincs megadva,13 000 Ft/hó,házközponti egyedi méréssel,nincs megadva,nincs megadva,nem tetőtéri,,,,,,,,,42.0,63.0,1500000,2,2.0,4.0,,13000.0,,,2000-2019 (újszerű),814,Liget utca,,,,"Budapest X. kerület, Liget utca",2,0,2.0,Kőbánya-Városközpont,Tégla lakás,Lépj kapcsolatba a hirdetővel,,Ingatlaniroda,4,2005.0
35399556,elado,https://ingatlan.com/35399556,Egy pillanat...,1108,"Budapest X. kerület, Újhegyi út 18/B",Budapest,,,3.0,78.0,,HUF,95000000,,,,,,,,,,,,,,,,,,,,,,,,,,,,,,,78.0,95.0,1217949,,,,,,,,Nem ismert,0,Újhegyi út,18/B,,18/B,"Budapest X. kerület, Újhegyi út 18/B.",3,0,3.0,Újhegy,Tégla lakás,,,Ingatlaniroda,0,
35400062,elado,https://ingatlan.com/35400062,"Eladó tégla lakás - Budapest X. kerület, Gergely utca #35400062",1103,"Budapest X. kerület, Gergely utca",Budapest,,,3.0,60.0,2019.0,HUF,105000000,újszerű,2019,összkomfortos,földszint,2,van,3 m-nél alacsonyabb,nincs megadva,nincs megadva,egy helyiségben,délnyugat,udvari,6 m2,igen,udvari beálló - kötelező megvenni,4 MFt,40 000 Ft/hó,nincs megadva,mennyezeti hűtés-fűtés,van - 15 cm,A+,nincs megadva,,,,,,,,,60.0,105.0,1750000,földszint,0.0,2.0,6.0,,40000.0,2019.0,2000-2019 (újszerű),2444,Gergely utca,,,,"Budapest X. kerület, Gergely utca",3,0,3.0,Újhegy,Tégla lakás,Lépj kapcsolatba a hirdetővel,,Ingatlaniroda,4,2019.0
35402723,elado,https://ingatlan.com/35402723,"Eladó tégla lakás - Budapest X. kerület, Kápolna tér #35402723",1103,"Budapest X. kerület, Kápolna tér",Budapest,,,3.0,64.0,1950.0,HUF,78500000,jó állapotú,1950 és 1980 között,összkomfortos,1,nincs megadva,nincs megadva,3 m-nél magasabb,van,nem,egy helyiségben,dél,utcai,15 m2,igen,"utca, közterület - ingyenes",,22 000 Ft/hó,20 000 Ft/hó,"gáz (konvektor), hűtő-fűtő klíma",nincs,D,nem tetőtéri,,,,,,,,,64.0,78.5,1226562,1,1.0,,15.0,20000.0,22000.0,,1950-1979 (szocialista modern),1256,Kápolna tér,,64,64,"Budapest X. kerület, Kápolna tér 64.",3,0,3.0,Óhegy,Tégla lakás,Lépj kapcsolatba a hirdetővel,,Ingatlaniroda,2,1968.0
35403223,elado,https://ingatlan.com/35403223,"Eladó tégla lakás - Budapest X. kerület, Maláta utca #35403223",1105,"Budapest X. kerület, Maláta utca",Budapest,,,3.0,50.0,1940.0,HUF,59900000,közepes állapotú,1950 előtt,nincs megadva,földszint,földszintes,nincs megadva,nincs megadva,van,nincs megadva,nincs megadva,nincs megadva,nincs megadva,40 m2,igen,"utca, közterület - ingyenes",,nincs megadva,nincs megadva,"gázkazán, hűtő-fűtő klíma",nincs,nincs megadva,nem tetőtéri,,,,,,,,,50.0,59.9,1198000,földszint,0.0,0.0,40.0,,,,1950 előtt (klasszikus polgári/tégla),2707,Maláta utca,,,,"Budapest X. kerület, Maláta utca",3,0,3.0,Óhegy,Tégla lakás,Lépj kapcsolatba a hirdetővel,,Ingatlaniroda,2,1930.0
35404367,elado,https://ingatlan.com/35404367,"Eladó csúsztatott zsalus - Budapest X. kerület, Kőbánya-Városközpont #35404367",1105,"Budapest X. kerület, Kőbánya-Városközpont",Budapest,,,3.0,74.0,1981.0,HUF,67900000,felújítandó,1981 és 2000 között,összkomfortos,1,6,van,3 m-nél alacsonyabb,nincs megadva,nincs megadva,külön helyiségben,nincs megadva,utcai,nincs megadva,nincs megadva,nincs megadva,,nincs megadva,23 247 Ft/hó,távfűtés egyedi méréssel,nincs megadva,nincs megadva,,,,,,,,,,74.0,67.9,917568,1,1.0,6.0,,23247.0,,,1980-1999 (késő panel/tégla),680,Kőbánya-Városközpont,,,,"Budapest X. kerület, Kőbánya-Városközpont",3,0,3.0,Kőbánya-Városközpont,Csúsztatott zsalus lakás,Lépj kapcsolatba a hirdetővel,,Ingatlaniroda,4,1988.0
35406037,elado,https://ingatlan.com/35406037,"Eladó panel lakás - Budapest X. kerület, Lenfonó utca #35406037",1108,"Budapest X. kerület, Lenfonó utca",Budapest,,,2.0,49.0,1950.0,HUF,54900000,közepes állapotú,1950 és 1980 között,összkomfortos,7,10,van,3 m-nél alacsonyabb,van,nem,külön helyiségben,délnyugat,panorámás,3 m2,nem,"utca, közterület - ingyenes",,nincs megadva,13 360 Ft/hó,távfűtés,van,B,nem tetőtéri,részt vett,,,,,,,,49.0,54.9,1120408,7,7.0,10.0,3.0,13360.0,,,1950-1979 (szocialista modern),970,Lenfonó utca,,2,2,"Budapest X. kerület, Lenfonó utca 2.",2,0,2.0,Újhegy,Panel lakás,Lépj kapcsolatba a hirdetővel,,Ingatlaniroda,3,1968.0
35406803,elado,https://ingatlan.com/35406803,"Eladó tégla lakás - Budapest X. kerület, Gyógyszergyári utca #35406803",1106,"Budapest X. kerület, Gyógyszergyári utca",Budapest,,,2.0,54.0,2026.0,HUF,80000000,újszerű,2026,összkomfortos,2,7,van,3 m-nél alacsonyabb,van,nincs megadva,külön helyiségben,kelet,udvari,13 m2,nem,teremgarázs hely - kötelező megvenni,"5,99 MFt",nincs megadva,nincs megadva,"távfűtés egyedi méréssel, padlófűtés, hűtő-fűtő klíma",van - 10 cm,nincs megadva,nem tetőtéri,,,,,,,,,54.0,80.0,1481481,2,2.0,7.0,13.0,,,2026.0,2020 után (új építésű),1355,Gyógyszergyári utca,,,,"Budapest X. kerület, Gyógyszergyári utca",2,0,2.0,Felsőrákos,Tégla lakás,Lépj kapcsolatba a hirdetővel,,Ingatlaniroda,4,2026.0
35406829,elado,https://ingatlan.com/35406829,"Eladó tégla lakás - Budapest X. kerület, Ligettelek #35406829",1101,"Budapest X. kerület, Ligettelek",Budapest,,,3.0,89.0,1940.0,HUF,95900000,felújított,1950 előtt,összkomfortos,3,3,nincs,3 m-nél magasabb,van,nincs megadva,külön helyiségben,nincs megadva,utcai,4 m2,nincs megadva,"utca, közterület - ingyenes",,nincs megadva,25 000 Ft/hó,gázkazán,nincs megadva,nincs megadva,nincs megadva,,,,,,,,,89.0,95.9,1077528,3,3.0,3.0,4.0,25000.0,,,1950 előtt (klasszikus polgári/tégla),1967,Ligettelek,,,,"Budapest X. kerület, Ligettelek",3,0,3.0,Ligettelek,Tégla lakás,Lépj kapcsolatba a hirdetővel,,Ingatlaniroda,4,1930.0
35406868,elado,https://ingatlan.com/35406868,"Eladó tégla lakás - Budapest X. kerület, Ligettelek #35406868",1101,"Budapest X. kerület, Ligettelek",Budapest,,,3.0,89.0,1950.0,HUF,95900000,felújított,1950 és 1980 között,összkomfortos,3,3,nincs,3 m-nél magasabb,nincs megadva,nincs megadva,külön és egyben is,délnyugat,utcai,nincs megadva,nincs megadva,nincs megadva,,nincs megadva,nincs megadva,gázkazán,nincs megadva,nincs megadva,nincs megadva,,,,,,,,,89.0,95.9,1077528,3,3.0,3.0,,,,,1950-1979 (szocialista modern),2311,Ligettelek,,,,"Budapest X. kerület, Ligettelek",3,0,3.0,Ligettelek,Tégla lakás,Lépj kapcsolatba a hirdetővel,,Ingatlaniroda,4,1968.0
35407012,elado,https://ingatlan.com/35407012,"Eladó tégla lakás - Budapest X. kerület, Hatház utca #35407012",1106,"Budapest X. kerület, Hatház utca",Budapest,,,1.0,33.0,,HUF,51500000,felújított,nincs megadva,összkomfortos,3,4,nincs,nincs megadva,van,nem,külön helyiségben,délkelet,utcai,nincs megadva,nem,"utca, közterület",,nincs megadva,12 500 Ft/hó,gáz (konvektor),nincs,nincs megadva,nem tetőtéri,,,,,,,,,33.0,51.5,1560606,3,3.0,4.0,,12500.0,,,Nem ismert,1649,Hatház utca,,33,33,"Budapest X. kerület, Hatház utca 33.",1,0,1.0,Felsőrákos,Tégla lakás,Lépj kapcsolatba a hirdetővel,,Ingatlaniroda,2,
35407293,elado,https://ingatlan.com/35407293,"Eladó tégla lakás - Budapest X. kerület, Salgótarjáni utca #35407293",1101,"Budapest X. kerület, Salgótarjáni utca",Budapest,,,2.0,49.0,,HUF,66000000,felújított,nincs megadva,nincs megadva,földszint,5,nincs megadva,nincs megadva,van,nincs megadva,külön helyiségben,nincs megadva,kertre néz,3 m2,nincs megadva,"utca, közterület - ingyenes",,nincs megadva,20 136 Ft/hó,"gáz (konvektor), hűtő-fűtő klíma",nincs megadva,nincs megadva,nem tetőtéri,,,,,,,,,49.0,66.0,1346939,földszint,0.0,5.0,3.0,20136.0,,,Nem ismert,2949,Salgótarjáni utca,,,,"Budapest X. kerület, Salgótarjáni utca",2,0,2.0,Laposdűlő,Tégla lakás,Lépj kapcsolatba a hirdetővel,,Ingatlaniroda,2,
35407413,elado,https://ingatlan.com/35407413,"Eladó tégla lakás - Budapest X. kerület, Kőrösi Csoma Sándor út #35407413",1105,"Budapest X. kerület, Kőrösi Csoma Sándor út",Budapest,,,2.0,57.0,1950.0,HUF,65000000,jó állapotú,1950 és 1980 között,összkomfortos,5,5,van,3 m-nél alacsonyabb,van,nem,külön helyiségben,nincs megadva,kertre néz,2 m2,nem,"utca, közterület - ingyenes",,25 000 Ft/hó,21 000 Ft/hó,távfűtés,nincs megadva,G,nem tetőtéri,,,,,,,,,57.0,65.0,1140351,5,5.0,5.0,2.0,21000.0,25000.0,,1950-1979 (szocialista modern),756,Kőrösi Csoma Sándor út,,57,57,"Budapest X. kerület, Kőrösi Csoma Sándor út 57.",2,0,2.0,Óhegy,Tégla lakás,Lépj kapcsolatba a hirdetővel,,Ingatlaniroda,2,1968.0
35407756,elado,https://ingatlan.com/35407756,"Eladó panel lakás - Budapest X. kerület, Állomás utca 11. #35407756",1102,"Budapest X. kerület, Állomás utca 11.",Budapest,47.484823,19.128699,2.0,50.0,,HUF,55000000,nincs megadva,nincs megadva,nincs megadva,nincs megadva,nincs megadva,nincs megadva,nincs megadva,nincs megadva,nincs megadva,nincs megadva,nincs megadva,nincs megadva,nincs megadva,nincs megadva,nincs megadva,,nincs megadva,nincs megadva,nincs megadva,nincs megadva,nincs megadva,nincs megadva,nincs megadva,,,,,,,,50.0,55.0,1100000,nincs megadva,,,,,,,Nem ismert,64,Állomás utca,11,,11,"Budapest X. kerület, Állomás utca 11.",2,0,2.0,Kőbánya-Városközpont,Panel lakás,Lépj kapcsolatba a hirdetővel,,Ingatlaniroda,2,
35408685,elado,https://ingatlan.com/35408685,"Eladó tégla lakás - Budapest X. kerület, Doba utca #35408685",1101,"Budapest X. kerület, Doba utca",Budapest,,,2.0,49.0,1940.0,HUF,51500000,közepes állapotú,1950 előtt,összkomfortos,3,3,nincs,3 m-nél alacsonyabb,nincs megadva,nem,nincs megadva,dél,utcai,nincs megadva,nem,"utca, közterület",,nincs megadva,nincs megadva,gáz (konvektor),nincs megadva,nincs megadva,nem tetőtéri,,,,,,,,,49.0,51.5,1051020,3,3.0,3.0,,,,,1950 előtt (klasszikus polgári/tégla),504,Doba utca,,,,"Budapest X. kerület, Doba utca",2,0,2.0,Laposdűlő,Tégla lakás,Lépj kapcsolatba a hirdetővel,,Ingatlaniroda,4,1930.0
35408689,elado,https://ingatlan.com/35408689,"Eladó tégla lakás - Budapest X. kerület, Doba utca #35408689",1101,"Budapest X. kerület, Doba utca",Budapest,,,2.0,49.0,1940.0,HUF,51500000,közepes állapotú,1950 előtt,összkomfortos,3,3,nincs,3 m-nél alacsonyabb,nincs megadva,nem,nincs megadva,dél,utcai,nincs megadva,nem,"utca, közterület",,nincs megadva,nincs megadva,gáz (konvektor),nincs megadva,nincs megadva,nem tetőtéri,,,,,,,,,49.0,51.5,1051020,3,3.0,3.0,,,,,1950 előtt (klasszikus polgári/tégla),504,Doba utca,,,,"Budapest X. kerület, Doba utca",2,0,2.0,Laposdűlő,Tégla lakás,Lépj kapcsolatba a hirdetővel,,Ingatlaniroda,4,1930.0
35409477,elado,https://ingatlan.com/35409477,"Eladó tégla lakás - Budapest X. kerület, Gergely utca #35409477",1103,"Budapest X. kerület, Gergely utca",Budapest,,,4.0,99.0,1950.0,HUF,99000000,jó állapotú,1950 és 1980 között,duplakomfortos,1,3,nincs,3 m-nél alacsonyabb,van,nem,külön és egyben is,nyugat,udvari,40 m2,igen,"utca, közterület - ingyenes",,nincs megadva,nincs megadva,hűtő-fűtő klíma,van - 10 cm,nincs megadva,"legfelső emelet, nem tetőtéri",,,,,,,,,99.0,99.0,1000000,1,1.0,3.0,40.0,,,,1950-1979 (szocialista modern),1509,Gergely utca,,,,"Budapest X. kerület, Gergely utca",4,0,4.0,Óhegy,Tégla lakás,Lépj kapcsolatba a hirdetővel,,Ingatlaniroda,4,1968.0
35410373,elado,https://ingatlan.com/35410373,"Eladó csúsztatott zsalus - Budapest X. kerület, Kőrösi Csoma Sándor út #35410373",1102,"Budapest X. kerület, Kőrösi Csoma Sándor út",Budapest,,,3.0,74.0,1981.0,HUF,67900000,felújítandó,1981 és 2000 között,összkomfortos,1,6,van,3 m-nél alacsonyabb,nincs megadva,nincs megadva,külön helyiségben,délkelet,utcai,nincs megadva,nincs megadva,"utca, közterület - ingyenes",,nincs megadva,23 247 Ft/hó,távfűtés,nincs megadva,nincs megadva,,,,,,,,,,74.0,67.9,917568,1,1.0,6.0,,23247.0,,,1980-1999 (késő panel/tégla),2719,Kőrösi Csoma Sándor út,,,,"Budapest X. kerület, Kőrösi Csoma Sándor út",3,0,3.0,Kőbánya-Városközpont,Csúsztatott zsalus lakás,Lépj kapcsolatba a hirdetővel,,Ingatlaniroda,4,1988.0
35412249,elado,https://ingatlan.com/35412249,"Eladó tégla lakás - Budapest X. kerület, Harmat utca #35412249",1104,"Budapest X. kerület, Harmat utca",Budapest,,,3.0,66.0,,HUF,84900000,felújított,nincs megadva,duplakomfortos,1,4,nincs,nincs megadva,van,nincs megadva,külön és egyben is,nincs megadva,kertre néz,nincs megadva,nincs megadva,"utca, közterület - ingyenes",,nincs megadva,nincs megadva,gázkazán,nincs megadva,nincs megadva,nincs megadva,,,,,,,,,66.0,84.9,1286364,1,1.0,4.0,,,,,Nem ismert,957,Harmat utca,,,,"Budapest X. kerület, Harmat utca",3,0,3.0,Óhegy,Tégla lakás,Lépj kapcsolatba a hirdetővel,,Ingatlaniroda,4,
35413651,elado,https://ingatlan.com/35413651,"Eladó tégla lakás - Budapest X. kerület, Laposdűlő - Pongrácz úti lakótelep #35413651",1101,"Budapest X. kerület, Laposdűlő - Pongrácz úti lakótelep",Budapest,,,2.0,55.0,,HUF,61900000,jó állapotú,nincs megadva,összkomfortos,2,4,nincs,3 m-nél alacsonyabb,van,nem,külön helyiségben,nincs megadva,udvari,nincs megadva,nem,önálló garázs - megvásárolható,4 MFt,30 000 000 Ft/hó,12 500 Ft/hó,"gáz (konvektor), infrafűtés",nincs megadva,D,nem tetőtéri,,,,,,,,,55.0,61.9,1125455,2,2.0,4.0,,12500.0,30000000.0,,Nem ismert,1759,Laposdűlő - Pongrácz úti lakótelep,,,,"Budapest X. kerület, Laposdűlő - Pongrácz úti lakótelep",2,0,2.0,Laposdűlő,Tégla lakás,Lépj kapcsolatba a hirdetővel,,Ingatlaniroda,4,
35414017,elado,https://ingatlan.com/35414017,"Eladó panel lakás - Budapest X. kerület, Szőlővirág utca #35414017",1108,"Budapest X. kerület, Szőlővirág utca",Budapest,,,3.0,67.0,,HUF,69900000,jó állapotú,nincs megadva,összkomfortos,4,10,van,3 m-nél alacsonyabb,van,igen,külön helyiségben,nincs megadva,utcai,3 m2,nincs megadva,"utca, közterület - ingyenes",,19 000 Ft/hó,24 000 Ft/hó,házközponti,van,nincs megadva,nem tetőtéri,részt vett,,,,,,,,67.0,69.9,1043284,4,4.0,10.0,3.0,24000.0,19000.0,,Nem ismert,1278,Szőlővirág utca,,,,"Budapest X. kerület, Szőlővirág utca",3,0,3.0,Újhegy,Panel lakás,Lépj kapcsolatba a hirdetővel,,Ingatlaniroda,4,
35414253,elado,https://ingatlan.com/35414253,"Eladó tégla lakás - Budapest X. kerület, Ligettelek #35414253",1101,"Budapest X. kerület, Ligettelek",Budapest,,,3.0,89.0,1950.0,HUF,95900000,jó állapotú,1950 és 1980 között,összkomfortos,3,3,nincs,3 m-nél magasabb,nincs,nem,külön helyiségben,délnyugat,utcai,nincs megadva,nem,"utca, közterület - fizetős övezet",,nincs megadva,25 000 Ft/hó,gázkazán,nincs megadva,nincs megadva,nem tetőtéri,,,,,,,,,89.0,95.9,1077528,3,3.0,3.0,,25000.0,,,1950-1979 (szocialista modern),2101,Ligettelek,,,,"Budapest X. kerület, Ligettelek",3,0,3.0,Ligettelek,Tégla lakás,Lépj kapcsolatba a hirdetővel,,Ingatlaniroda,4,1968.0
35414320,elado,https://ingatlan.com/35414320,"Eladó tégla lakás - Budapest X. kerület, Doba utca #35414320",1101,"Budapest X. kerület, Doba utca",Budapest,,,2.0,49.0,1950.0,HUF,51500000,jó állapotú,1950 és 1980 között,összkomfortos,3,nincs megadva,nincs,3 m-nél alacsonyabb,nincs megadva,nincs megadva,nincs megadva,nincs megadva,nincs megadva,nincs megadva,nincs megadva,nincs megadva,,nincs megadva,17 000 Ft/hó,gáz (konvektor),nincs megadva,nincs megadva,nincs megadva,,,,,,,,,49.0,51.5,1051020,3,3.0,,,17000.0,,,1950-1979 (szocialista modern),1059,Doba utca,,,,"Budapest X. kerület, Doba utca",2,0,2.0,Laposdűlő,Tégla lakás,Lépj kapcsolatba a hirdetővel,,Ingatlaniroda,4,1968.0
35415439,elado,https://ingatlan.com/35415439,"Eladó tégla lakás - Budapest X. kerület, Kőbánya-Városközpont #35415439",1105,"Budapest X. kerület, Kőbánya-Városközpont",Budapest,,,1.0,32.0,1950.0,HUF,21600000,közepes állapotú,1950 és 1980 között,összkomfortos,szuterén,nincs megadva,nincs,3 m-nél alacsonyabb,nincs,nem,egy helyiségben,nincs megadva,utcai,nincs megadva,nem,"utca, közterület - ingyenes",,nincs megadva,19 081 Ft/hó,elektromos fűtőpanel,nincs,G,nem tetőtéri,,,,,,,,,32.0,21.6,675000,szuterén,-1.0,,,19081.0,,,1950-1979 (szocialista modern),1015,Kőbánya-Városközpont,,,,"Budapest X. kerület, Kőbánya-Városközpont",1,0,1.0,Kőbánya-Városközpont,Tégla lakás,Lépj kapcsolatba a hirdetővel,,Ingatlaniroda,4,1968.0
35415462,elado,https://ingatlan.com/35415462,"Eladó tégla lakás - Budapest X. kerület, Kőbánya-Városközpont #35415462",1105,"Budapest X. kerület, Kőbánya-Városközpont",Budapest,,,3.0,66.0,1940.0,HUF,84900000,felújított,1950 előtt,duplakomfortos,1,5,nincs,3 m-nél magasabb,van,nincs megadva,külön és egyben is,nincs megadva,kertre néz,nincs megadva,nincs megadva,"utca, közterület - ingyenes",,nincs megadva,nincs megadva,"gázkazán, hűtő-fűtő klíma",nincs megadva,nincs megadva,nincs megadva,,,,,,,,,66.0,84.9,1286364,1,1.0,5.0,,,,,1950 előtt (klasszikus polgári/tégla),1141,Kőbánya-Városközpont,,,,"Budapest X. kerület, Kőbánya-Városközpont",3,0,3.0,Kőbánya-Városközpont,Tégla lakás,Lépj kapcsolatba a hirdetővel,,Ingatlaniroda,4,1930.0
35416041,elado,https://ingatlan.com/35416041,"Eladó csúsztatott zsalus - Budapest X. kerület, Kőbánya - Újhegy #35416041",1108,"Budapest X. kerület, Kőbánya - Újhegy",Budapest,,,4.0,70.0,2021.0,HUF,108800000,újszerű,2021,összkomfortos,1,nincs megadva,van,3 m-nél alacsonyabb,nincs megadva,nincs megadva,nincs megadva,dél,udvari,14 m2,nincs megadva,nincs megadva,,nincs megadva,nincs megadva,házközponti egyedi méréssel,nincs megadva,nincs megadva,,,,,,,,,,70.0,108.8,1554286,1,1.0,,14.0,,,2021.0,2020 után (új építésű),1290,Kőbánya - Újhegy,,,,"Budapest X. kerület, Kőbánya - Újhegy",4,0,4.0,Újhegy,Csúsztatott zsalus lakás,Lépj kapcsolatba a hirdetővel,,Ingatlaniroda,4,2021.0
35416047,elado,https://ingatlan.com/35416047,"Eladó tégla lakás - Budapest X. kerület, Ligettelek #35416047",1101,"Budapest X. kerület, Ligettelek",Budapest,,,3.0,89.0,1950.0,HUF,95900000,jó állapotú,1950 és 1980 között,összkomfortos,3,nincs megadva,nincs megadva,3 m-nél magasabb,nincs megadva,nincs megadva,nincs megadva,délnyugat,utcai,nincs megadva,nincs megadva,nincs megadva,,nincs megadva,nincs megadva,gázkazán,nincs megadva,nincs megadva,nem tetőtéri,,,,,,,,,89.0,95.9,1077528,3,3.0,,,,,,1950-1979 (szocialista modern),1880,Ligettelek,,,,"Budapest X. kerület, Ligettelek",3,0,3.0,Ligettelek,Tégla lakás,Lépj kapcsolatba a hirdetővel,,Ingatlaniroda,4,1968.0
35416494,elado,https://ingatlan.com/35416494,"Eladó tégla lakás - Budapest X. kerület, Kőbánya - Óhegy #35416494",1103,"Budapest X. kerület, Kőbánya - Óhegy",Budapest,,,2.0,47.0,1950.0,HUF,69900000,jó állapotú,1950 és 1980 között,összkomfortos,4,4,nincs,3 m-nél alacsonyabb,van,nincs megadva,egy helyiségben,délnyugat,kertre néz,2 m2,nincs megadva,"utca, közterület",,nincs megadva,nincs megadva,infrafűtés,nincs megadva,nincs megadva,nincs megadva,,,,,,,,,47.0,69.9,1487234,4,4.0,4.0,2.0,,,,1950-1979 (szocialista modern),561,Kőbánya - Óhegy,,,,"Budapest X. kerület, Kőbánya - Óhegy",2,0,2.0,Óhegy,Tégla lakás,Lépj kapcsolatba a hirdetővel,,Ingatlaniroda,4,1968.0
35416585,elado,https://ingatlan.com/35416585,"Eladó tégla lakás - Budapest X. kerület, Gyárdűlő #35416585",1107,"Budapest X. kerület, Gyárdűlő",Budapest,,,2.0,54.0,1950.0,HUF,49900000,közepes állapotú,1950 és 1980 között,nincs megadva,2,nincs megadva,nincs megadva,3 m-nél alacsonyabb,nincs megadva,nincs megadva,nincs megadva,dél,utcai,nincs megadva,nincs megadva,nincs megadva,,nincs megadva,nincs megadva,gáz (konvektor),nincs megadva,nincs megadva,nem tetőtéri,,,,,,,,,54.0,49.9,924074,2,2.0,,,,,,1950-1979 (szocialista modern),1333,Gyárdűlő,,,,"Budapest X. kerület, Gyárdűlő",2,0,2.0,Gyárdűlő,Tégla lakás,Lépj kapcsolatba a hirdetővel,,Ingatlaniroda,4,1968.0
35417785,elado,https://ingatlan.com/35417785,"Eladó csúsztatott zsalus - Budapest X. kerület, Sörgyár utca 84. #35417785",1104,"Budapest X. kerület, Sörgyár utca 84.",Budapest,47.476437,19.163647,3.0,51.0,1950.0,HUF,59900000,jó állapotú,1950 és 1980 között,nincs megadva,3,3,nincs,3 m-nél alacsonyabb,van,nincs megadva,egy helyiségben,délkelet,utcai,nincs megadva,nem,"utca, közterület - ingyenes",,nincs megadva,nincs megadva,gáz (konvektor),nincs megadva,nincs megadva,,,,,,,,,,51.0,59.9,1174510,3,3.0,3.0,,,,,1950-1979 (szocialista modern),1306,Sörgyár utca,84,51,84,"Budapest X. kerület, Sörgyár utca 84.",3,0,3.0,Óhegy,Csúsztatott zsalus lakás,Lépj kapcsolatba a hirdetővel,,Ingatlaniroda,2,1968.0
35420783,elado,https://ingatlan.com/35420783,"Eladó tégla lakás - Budapest X. kerület, Kőrösi Csoma Sándor út #35420783",1105,"Budapest X. kerület, Kőrösi Csoma Sándor út",Budapest,,,2.0,57.0,1950.0,HUF,61900000,jó állapotú,1950 és 1980 között,összkomfortos,5,6,van,3 m-nél alacsonyabb,van,nincs megadva,külön helyiségben,nincs megadva,kertre néz,2 m2,nem,"utca, közterület - ingyenes",,40 000 Ft/hó,21 000 Ft/hó,távfűtés,nincs,nincs megadva,"legfelső emelet, nem tetőtéri",,,,,,,,,57.0,61.9,1085965,5,5.0,6.0,2.0,21000.0,40000.0,,1950-1979 (szocialista modern),2355,Kőrösi Csoma Sándor út,,57,57,"Budapest X. kerület, Kőrösi Csoma Sándor út 57.",2,0,2.0,Óhegy,Tégla lakás,Lépj kapcsolatba a hirdetővel,,Ingatlaniroda,4,1968.0
35421304,elado,https://ingatlan.com/35421304,"Eladó csúsztatott zsalus - Budapest X. kerület, Kőbánya-Városközpont #35421304",1105,"Budapest X. kerület, Kőbánya-Városközpont",Budapest,,,5.0,103.0,1981.0,HUF,99900000,közepes állapotú,1981 és 2000 között,duplakomfortos,földszint,nincs megadva,nincs,nincs megadva,nincs megadva,nincs megadva,nincs megadva,nincs megadva,utcai,nincs megadva,nincs megadva,nincs megadva,,nincs megadva,16 000 Ft/hó,távfűtés egyedi méréssel,nincs megadva,nincs megadva,,,,,,,,,,103.0,99.9,969903,földszint,0.0,,,16000.0,,,1980-1999 (késő panel/tégla),2039,Kőbánya-Városközpont,,,,"Budapest X. kerület, Kőbánya-Városközpont",5,0,5.0,Kőbánya-Városközpont,Csúsztatott zsalus lakás,Lépj kapcsolatba a hirdetővel,,Ingatlaniroda,4,1988.0
35421707,elado,https://ingatlan.com/35421707,"Eladó tégla lakás - Budapest X. kerület, Zágrábi utca 8. #35421707",1107,"Budapest X. kerület, Zágrábi utca 8.",Budapest,47.470303,19.117403,2.0,44.0,2023.0,HUF,82000000,újszerű,2023,összkomfortos,2,7,van,nincs megadva,van,nincs megadva,egy helyiségben,délnyugat,udvari,5 m2,nem,teremgarázs hely - megvásárolható,nincs megadva,4 000 Ft/hó,18 000 Ft/hó,távfűtés egyedi méréssel,van,nincs megadva,nem tetőtéri,,,,,,,,,44.0,82.0,1863636,2,2.0,7.0,5.0,18000.0,4000.0,2023.0,2020 után (új építésű),321,Zágrábi utca,8,,8,"Budapest X. kerület, Zágrábi utca 8.",2,0,2.0,Gyárdűlő,Tégla lakás,Lépj kapcsolatba a hirdetővel,,Ingatlaniroda,4,2023.0
35422199,elado,https://ingatlan.com/35422199,"Eladó tégla lakás - Budapest X. kerület, Állomás utca #35422199",1102,"Budapest X. kerület, Állomás utca",Budapest,,,3.0,89.0,1950.0,HUF,95900000,jó állapotú,1950 és 1980 között,nincs megadva,3,3,nincs,3 m-nél magasabb,nincs megadva,nincs megadva,külön helyiségben,délnyugat,utcai,4 m2,nincs megadva,nincs megadva,,nincs megadva,25 000 Ft/hó,gázkazán,nincs megadva,nincs megadva,"legfelső emelet, nem tetőtéri",,,,,,,,,89.0,95.9,1077528,3,3.0,3.0,4.0,25000.0,,,1950-1979 (szocialista modern),1957,Állomás utca,,,,"Budapest X. kerület, Állomás utca",3,0,3.0,Ligettelek,Tégla lakás,Lépj kapcsolatba a hirdetővel,,Ingatlaniroda,4,1968.0
35422673,elado,https://ingatlan.com/35422673,"Eladó tégla lakás - Budapest X. kerület, Gergely utca #35422673",1103,"Budapest X. kerület, Gergely utca",Budapest,,,1.0,33.0,,HUF,35000000,nincs megadva,nincs megadva,nincs megadva,nincs megadva,nincs megadva,nincs megadva,nincs megadva,nincs megadva,nincs megadva,nincs megadva,nincs megadva,nincs megadva,nincs megadva,nincs megadva,nincs megadva,,nincs megadva,nincs megadva,gáz (konvektor),nincs megadva,nincs megadva,nincs megadva,,,,,,,,,33.0,35.0,1060606,nincs megadva,,,,,,,Nem ismert,921,Gergely utca,,,,"Budapest X. kerület, Gergely utca",1,0,1.0,Óhegy,Tégla lakás,Lépj kapcsolatba a hirdetővel,,Ingatlaniroda,2,
35422976,elado,https://ingatlan.com/35422976,"Eladó panel lakás - Budapest X. kerület, Kővágó utca 18. #35422976",1108,"Budapest X. kerület, Kővágó utca 18.",Budapest,47.472039,19.164662,2.0,49.0,,HUF,57000000,jó állapotú,nincs megadva,nincs megadva,3,10,van,3 m-nél alacsonyabb,van,nincs megadva,külön helyiségben,nincs megadva,nincs megadva,2 m2,nincs megadva,"utca, közterület - ingyenes",,30 000 Ft/hó,15 460 Ft/hó,távfűtés,nincs megadva,nincs megadva,nincs megadva,nincs megadva,,,,,,,,49.0,57.0,1163265,3,3.0,10.0,2.0,15460.0,30000.0,,Nem ismert,1219,Kővágó utca,18,49,18,"Budapest X. kerület, Kővágó utca 18.",2,0,2.0,Újhegy,Panel lakás,Lépj kapcsolatba a hirdetővel,,Ingatlaniroda,2,
35423010,elado,https://ingatlan.com/35423010,"Eladó tégla lakás - Budapest X. kerület, Ligettelek #35423010",1101,"Budapest X. kerület, Ligettelek",Budapest,,,3.0,89.0,1950.0,HUF,95900000,jó állapotú,1950 és 1980 között,összkomfortos,3,3,nincs,3 m-nél magasabb,van,nincs megadva,külön helyiségben,délnyugat,utcai,4 m2,nincs megadva,"utca, közterület - ingyenes",,nincs megadva,25 000 Ft/hó,gázkazán,nincs megadva,nincs megadva,nincs megadva,,,,,,,,,89.0,95.9,1077528,3,3.0,3.0,4.0,25000.0,,,1950-1979 (szocialista modern),1581,Ligettelek,,,,"Budapest X. kerület, Ligettelek",3,0,3.0,Ligettelek,Tégla lakás,Lépj kapcsolatba a hirdetővel,,Ingatlaniroda,4,1968.0
35423313,elado,https://ingatlan.com/35423313,"Eladó panel lakás - Budapest X. kerület, Kőrösi Csoma Sándor út 27. #35423313",1102,"Budapest X. kerület, Kőrösi Csoma Sándor út 27.",Budapest,47.484739,19.131978,2.0,64.0,,HUF,68000000,jó állapotú,nincs megadva,komfortos,10,nincs megadva,van,nincs megadva,van,nincs megadva,egy helyiségben,nincs megadva,nincs megadva,10 m2,nincs megadva,nincs megadva,,nincs megadva,nincs megadva,nincs megadva,nincs megadva,nincs megadva,nincs megadva,nincs megadva,,,,,,,,64.0,68.0,1062500,10,10.0,,10.0,,,,Nem ismert,829,Kőrösi Csoma Sándor út,27,27,27,"Budapest X. kerület, Kőrösi Csoma Sándor út 27.",2,0,2.0,Kőbánya-Városközpont,Panel lakás,Lépj kapcsolatba a hirdetővel,,Ingatlaniroda,4,
35423844,elado,https://ingatlan.com/35423844,"Eladó tégla lakás - Budapest X. kerület, Gergely utca #35423844",1103,"Budapest X. kerület, Gergely utca",Budapest,,,3.0,57.0,2001.0,HUF,73900000,jó állapotú,2001 és 2010 között,összkomfortos,1,2,nincs,3 m-nél alacsonyabb,van,nem,egy helyiségben,nincs megadva,kertre néz,nincs megadva,nem,udvari beálló - benne van az árban,,nincs megadva,nincs megadva,"hűtő-fűtő klíma, házközponti egyedi méréssel",van,D,"legfelső emelet, nem tetőtéri",,,,,,,,,57.0,73.9,1296491,1,1.0,2.0,,,,,2000-2019 (újszerű),1189,Gergely utca,,,,"Budapest X. kerület, Gergely utca",3,0,3.0,Újhegy,Tégla lakás,Lépj kapcsolatba a hirdetővel,,Ingatlaniroda,2,2005.0
35424269,elado,https://ingatlan.com/35424269,"Eladó panel lakás - Budapest X. kerület, Noszlopy utca #35424269",1103,"Budapest X. kerület, Noszlopy utca",Budapest,,,3.0,59.0,,HUF,69900000,nincs megadva,nincs megadva,nincs megadva,nincs megadva,nincs megadva,nincs megadva,nincs megadva,nincs megadva,nincs megadva,nincs megadva,nincs megadva,nincs megadva,nincs megadva,nincs megadva,nincs megadva,,nincs megadva,nincs megadva,nincs megadva,nincs megadva,nincs megadva,nincs megadva,nincs megadva,,,,,,,,59.0,69.9,1184746,nincs megadva,,,,,,,Nem ismert,964,Noszlopy utca,,59,59,"Budapest X. kerület, Noszlopy utca 59.",3,0,3.0,Óhegy,Panel lakás,Lépj kapcsolatba a hirdetővel,,Ingatlaniroda,2,
35424607,elado,https://ingatlan.com/35424607,"Eladó panel lakás - Budapest X. kerület, Kápolna utca #35424607",1102,"Budapest X. kerület, Kápolna utca",Budapest,,,3.0,63.0,1981.0,HUF,64500000,jó állapotú,1981 és 2000 között,összkomfortos,4,7,van,3 m-nél alacsonyabb,van,igen,külön helyiségben,délnyugat,panorámás,nincs megadva,nem,"utca, közterület - ingyenes",,37 500 Ft/hó,22 617 Ft/hó,távfűtés,van - 10 cm,A+,nem tetőtéri,nincs megadva,,,,,,,,63.0,64.5,1023810,4,4.0,7.0,,22617.0,37500.0,,1980-1999 (késő panel/tégla),1541,Kápolna utca,,,,"Budapest X. kerület, Kápolna utca",3,0,3.0,Kőbánya-Városközpont,Panel lakás,Lépj kapcsolatba a hirdetővel,,Ingatlaniroda,4,1988.0
35424615,elado,https://ingatlan.com/35424615,"Eladó tégla lakás - Budapest X. kerület, Szárnyas utca #35424615",1107,"Budapest X. kerület, Szárnyas utca",Budapest,,,2.0,37.0,,HUF,67800000,felújított,nincs megadva,összkomfortos,1,3,nincs,3 m-nél alacsonyabb,van,nem,egy helyiségben,kelet,kertre néz,2 m2,nem,"utca, közterület - fizetős övezet",,nincs megadva,nincs megadva,gáz (konvektor),nincs megadva,E,nem tetőtéri,,,,,,,,,37.0,67.8,1832432,1,1.0,3.0,2.0,,,,Nem ismert,1849,Szárnyas utca,,,,"Budapest X. kerület, Szárnyas utca",2,0,2.0,Gyárdűlő,Tégla lakás,Lépj kapcsolatba a hirdetővel,,Ingatlaniroda,2,
35424750,elado,https://ingatlan.com/35424750,"Eladó csúsztatott zsalus - Budapest X. kerület, Kőrösi Csoma Sándor út #35424750",1102,"Budapest X. kerület, Kőrösi Csoma Sándor út",Budapest,,,4.0,76.0,1981.0,HUF,79500000,közepes állapotú,1981 és 2000 között,összkomfortos,5,10,van,3 m-nél alacsonyabb,nincs,igen,külön helyiségben,délnyugat,panorámás,nincs megadva,nem,"utca, közterület - ingyenes",,50 000 Ft/hó,18 000 Ft/hó,távfűtés,van - 5 cm,nincs megadva,,,,,,,,,,76.0,79.5,1046053,5,5.0,10.0,,18000.0,50000.0,,1980-1999 (késő panel/tégla),1555,Kőrösi Csoma Sándor út,,,,"Budapest X. kerület, Kőrösi Csoma Sándor út",4,0,4.0,Kőbánya-Városközpont,Csúsztatott zsalus lakás,Lépj kapcsolatba a hirdetővel,,Ingatlaniroda,3,1988.0
35425382,elado,https://ingatlan.com/35425382,"Eladó tégla lakás - Budapest X. kerület, Kőrösi Csoma Sándor út #35425382",1102,"Budapest X. kerület, Kőrösi Csoma Sándor út",Budapest,,,2.0,57.0,1950.0,HUF,59900000,jó állapotú,1950 és 1980 között,összkomfortos,5,5,van,3 m-nél alacsonyabb,van,nem,külön helyiségben,délkelet,kertre néz,3 m2,nem,"utca, közterület - ingyenes",,30 000 Ft/hó,21 700 Ft/hó,távfűtés,nincs,nincs megadva,nem tetőtéri,,,,,,,,,57.0,59.9,1050877,5,5.0,5.0,3.0,21700.0,30000.0,,1950-1979 (szocialista modern),1589,Kőrösi Csoma Sándor út,,,,"Budapest X. kerület, Kőrösi Csoma Sándor út",2,0,2.0,Kőbánya-Városközpont,Tégla lakás,Lépj kapcsolatba a hirdetővel,,Ingatlaniroda,4,1968.0
35425699,elado,https://ingatlan.com/35425699,"Eladó tégla lakás - Budapest X. kerület, Kőbányai út 43.B. #35425699",1101,"Budapest X. kerület, Kőbányai út 43.B.",Budapest,47.484724,19.113348,1.0,32.0,,HUF,75000000,jó állapotú,nincs megadva,összkomfortos,4,5,van,nincs megadva,nincs megadva,nincs megadva,egy helyiségben,nincs megadva,panorámás,31 m2,nincs megadva,nincs megadva,,nincs megadva,nincs megadva,házközponti egyedi méréssel,van,nincs megadva,nem tetőtéri,,,,,,,,,32.0,75.0,2343750,4,4.0,5.0,31.0,,,,Nem ismert,261,Kőbányai út,43.B,,43.B,"Budapest X. kerület, Kőbányai út 43.B.",1,0,1.0,Gyárdűlő,Tégla lakás,Lépj kapcsolatba a hirdetővel,,Ingatlaniroda,2,
35426131,elado,https://ingatlan.com/35426131,"Eladó panel lakás - Budapest X. kerület, Hang utca #35426131",1108,"Budapest X. kerület, Hang utca",Budapest,,,1.0,38.0,1950.0,HUF,44900000,közepes állapotú,1950 és 1980 között,összkomfortos,10,10,van,3 m-nél alacsonyabb,nincs,nem,külön helyiségben,délnyugat,utcai,nincs megadva,nem,"utca, közterület - ingyenes",,nincs megadva,12 000 Ft/hó,távfűtés,nincs,nincs megadva,nincs megadva,nem vett részt,,,,,,,,38.0,44.9,1181579,10,10.0,10.0,,12000.0,,,1950-1979 (szocialista modern),1150,Hang utca,,38,38,"Budapest X. kerület, Hang utca 38.",1,0,1.0,Újhegy,Panel lakás,Lépj kapcsolatba a hirdetővel,,Ingatlaniroda,4,1968.0
35426805,elado,https://ingatlan.com/35426805,"Eladó panel lakás - Budapest X. kerület, Bányató utca 4. #35426805",1108,"Budapest X. kerület, Bányató utca 4.",Budapest,47.470574,19.159191,2.0,50.0,,HUF,65000000,nincs megadva,nincs megadva,nincs megadva,nincs megadva,nincs megadva,nincs megadva,nincs megadva,nincs megadva,nincs megadva,nincs megadva,nincs megadva,nincs megadva,nincs megadva,nincs megadva,nincs megadva,,nincs megadva,nincs megadva,nincs megadva,nincs megadva,nincs megadva,nincs megadva,nincs megadva,,,,,,,,50.0,65.0,1300000,nincs megadva,,,,,,,Nem ismert,1656,Bányató utca,4,,4,"Budapest X. kerület, Bányató utca 4.",2,0,2.0,Újhegy,Panel lakás,Lépj kapcsolatba a hirdetővel,,Ingatlaniroda,2,
35426893,elado,https://ingatlan.com/35426893,"Eladó tégla lakás - Budapest X. kerület, Gyárdűlői lakótelep #35426893",1107,"Budapest X. kerület, Gyárdűlői lakótelep",Budapest,,,1.0,30.0,1950.0,HUF,44750000,jó állapotú,1950 és 1980 között,összkomfortos,1,3,nincs megadva,3 m-nél alacsonyabb,nincs,nem,egy helyiségben,délkelet,nincs megadva,2 m2,nem,"utca, közterület - ingyenes",,11 000 Ft/hó,18 400 Ft/hó,gázkazán,nincs megadva,C,nincs megadva,,,,,,,,,30.0,44.75,1491667,1,1.0,3.0,2.0,18400.0,11000.0,,1950-1979 (szocialista modern),1059,Gyárdűlői lakótelep,,,,"Budapest X. kerület, Gyárdűlői lakótelep",1,0,1.0,Gyárdűlő,Tégla lakás,Lépj kapcsolatba a hirdetővel,,Ingatlaniroda,4,1968.0
35427278,elado,https://ingatlan.com/35427278,"Eladó tégla lakás - Budapest X. kerület, Kőbánya - Óhegyi lakótelep #35427278",1103,"Budapest X. kerület, Kőbánya - Óhegyi lakótelep",Budapest,,,1.0,25.0,1940.0,HUF,42900000,felújított,1950 előtt,összkomfortos,földszint,nincs megadva,nincs,3 m-nél magasabb,nincs megadva,nincs megadva,nincs megadva,délkelet,udvari,nincs megadva,nincs megadva,"utca, közterület",,nincs megadva,nincs megadva,hőszivattyú,nincs megadva,nincs megadva,nem tetőtéri,,,,,,,,,25.0,42.9,1716000,földszint,0.0,,,,,,1950 előtt (klasszikus polgári/tégla),2717,Kőbánya - Óhegyi lakótelep,,,,"Budapest X. kerület, Kőbánya - Óhegyi lakótelep",1,0,1.0,Óhegy,Tégla lakás,Lépj kapcsolatba a hirdetővel,,Ingatlaniroda,4,1930.0
35427680,elado,https://ingatlan.com/35427680,"Eladó tégla lakás - Budapest X. kerület, Kőbánya - Óhegy #35427680",1103,"Budapest X. kerület, Kőbánya - Óhegy",Budapest,,,2.0,46.0,1950.0,HUF,45900000,közepes állapotú,1950 és 1980 között,összkomfortos,földszint,földszintes,nincs,3 m-nél magasabb,nincs,nem,egy helyiségben,délnyugat,utcai,nincs megadva,nem,"utca, közterület - ingyenes",,5 Ft/hó,10 Ft/hó,gáz (konvektor),nincs,F,nem tetőtéri,,,,,,,,,46.0,45.9,997826,földszint,0.0,0.0,,10.0,5.0,,1950-1979 (szocialista modern),2044,Kőbánya - Óhegy,,,,"Budapest X. kerület, Kőbánya - Óhegy",2,0,2.0,Óhegy,Tégla lakás,Lépj kapcsolatba a hirdetővel,,Ingatlaniroda,4,1968.0
35427748,elado,https://ingatlan.com/35427748,"Eladó tégla lakás - Budapest X. kerület, Mádi utca #35427748",1104,"Budapest X. kerület, Mádi utca",Budapest,,,1.0,25.0,1940.0,HUF,43400000,felújított,1950 előtt,nincs megadva,földszint,földszintes,nincs,3 m-nél magasabb,van,nincs megadva,nincs megadva,nincs megadva,nincs megadva,nincs megadva,igen,nincs megadva,,nincs megadva,nincs megadva,hőszivattyú,nincs megadva,nincs megadva,nincs megadva,,,,,,,,,25.0,43.4,1736000,földszint,0.0,0.0,,,,,1950 előtt (klasszikus polgári/tégla),2747,Mádi utca,,,,"Budapest X. kerület, Mádi utca",1,0,1.0,Óhegy,Tégla lakás,Lépj kapcsolatba a hirdetővel,,Ingatlaniroda,4,1930.0
35428030,elado,https://ingatlan.com/35428030,"Eladó tégla lakás - Budapest X. kerület, Gergely utca #35428030",1103,"Budapest X. kerület, Gergely utca",Budapest,,,2.0,53.0,2001.0,HUF,69900000,újszerű,2001 és 2010 között,összkomfortos,félemelet,4,nincs,nincs megadva,van,nem,egy helyiségben,délnyugat,kertre néz,6.3 m2,nem,udvari beálló - kötelező megvenni,4 MFt,nincs megadva,25 650 Ft/hó,házközponti egyedi méréssel,nincs megadva,nincs megadva,nem tetőtéri,,,,,,,,,53.0,69.9,1318868,félemelet,0.5,4.0,6.3,25650.0,,,2000-2019 (újszerű),1662,Gergely utca,,,,"Budapest X. kerület, Gergely utca",2,0,2.0,Újhegy,Tégla lakás,Lépj kapcsolatba a hirdetővel,,Ingatlaniroda,4,2005.0
35428234,elado,https://ingatlan.com/35428234,"Eladó tégla lakás - Budapest X. kerület, Kőbánya - Óhegyi lakótelep #35428234",1103,"Budapest X. kerület, Kőbánya - Óhegyi lakótelep",Budapest,,,1.0,25.0,1940.0,HUF,42900000,felújított,1950 előtt,nincs megadva,földszint,nincs megadva,nincs megadva,3 m-nél magasabb,nincs megadva,nincs megadva,nincs megadva,délkelet,udvari,nincs megadva,nincs megadva,nincs megadva,,nincs megadva,nincs megadva,hőszivattyú,nincs megadva,nincs megadva,nem tetőtéri,,,,,,,,,25.0,42.9,1716000,földszint,0.0,,,,,,1950 előtt (klasszikus polgári/tégla),2692,Kőbánya - Óhegyi lakótelep,,,,"Budapest X. kerület, Kőbánya - Óhegyi lakótelep",1,0,1.0,Óhegy,Tégla lakás,Lépj kapcsolatba a hirdetővel,,Ingatlaniroda,4,1930.0
35428856,elado,https://ingatlan.com/35428856,"Eladó tégla lakás - Budapest X. kerület, Gergely utca #35428856",1103,"Budapest X. kerület, Gergely utca",Budapest,,,1.0,30.0,1950.0,HUF,37000000,jó állapotú,1950 és 1980 között,összkomfortos,földszint,nincs megadva,nincs,3 m-nél magasabb,nincs megadva,nincs megadva,nincs megadva,délkelet,udvari,nincs megadva,nincs megadva,"utca, közterület",,nincs megadva,12 000 Ft/hó,gáz (konvektor),nincs megadva,nincs megadva,nem tetőtéri,,,,,,,,,30.0,37.0,1233333,földszint,0.0,,,12000.0,,,1950-1979 (szocialista modern),788,Gergely utca,,,,"Budapest X. kerület, Gergely utca",1,0,1.0,Óhegy,Tégla lakás,Lépj kapcsolatba a hirdetővel,,Ingatlaniroda,4,1968.0
35428908,elado,https://ingatlan.com/35428908,"Eladó tégla lakás - Budapest X. kerület, Mádi utca #35428908",1104,"Budapest X. kerület, Mádi utca",Budapest,,,1.0,25.0,1940.0,HUF,42900000,felújított,1950 előtt,összkomfortos,földszint,nincs megadva,nincs,3 m-nél magasabb,nincs megadva,nincs megadva,nincs megadva,délkelet,udvari,nincs megadva,nincs megadva,"utca, közterület",,nincs megadva,nincs megadva,hőszivattyú,nincs megadva,nincs megadva,nem tetőtéri,,,,,,,,,25.0,42.9,1716000,földszint,0.0,,,,,,1950 előtt (klasszikus polgári/tégla),2692,Mádi utca,,,,"Budapest X. kerület, Mádi utca",1,0,1.0,Óhegy,Tégla lakás,Lépj kapcsolatba a hirdetővel,,Ingatlaniroda,4,1930.0
35429608,elado,https://ingatlan.com/35429608,"Eladó tégla lakás - Budapest X. kerület, Gergely utca #35429608",1103,"Budapest X. kerület, Gergely utca",Budapest,,,1.0,30.0,1950.0,HUF,37000000,jó állapotú,1950 és 1980 között,nincs megadva,földszint,nincs megadva,nincs,3 m-nél magasabb,nincs megadva,nincs megadva,nincs megadva,délkelet,udvari,nincs megadva,nincs megadva,nincs megadva,,nincs megadva,12 000 Ft/hó,gáz (konvektor),nincs megadva,nincs megadva,nem tetőtéri,,,,,,,,,30.0,37.0,1233333,földszint,0.0,,,12000.0,,,1950-1979 (szocialista modern),669,Gergely utca,,,,"Budapest X. kerület, Gergely utca",1,0,1.0,Óhegy,Tégla lakás,Lépj kapcsolatba a hirdetővel,,Ingatlaniroda,4,1968.0
35429610,elado,https://ingatlan.com/35429610,"Eladó tégla lakás - Budapest X. kerület, Mádi utca #35429610",1104,"Budapest X. kerület, Mádi utca",Budapest,,,1.0,25.0,1940.0,HUF,42900000,felújított,1950 előtt,nincs megadva,földszint,nincs megadva,nincs megadva,3 m-nél magasabb,van,nincs megadva,nincs megadva,délkelet,udvari,nincs megadva,nincs megadva,"utca, közterület",,nincs megadva,nincs megadva,hőszivattyú,nincs megadva,nincs megadva,nem tetőtéri,,,,,,,,,25.0,42.9,1716000,földszint,0.0,,,,,,1950 előtt (klasszikus polgári/tégla),2573,Mádi utca,,,,"Budapest X. kerület, Mádi utca",1,0,1.0,Óhegy,Tégla lakás,Lépj kapcsolatba a hirdetővel,,Ingatlaniroda,4,1930.0
35429714,elado,https://ingatlan.com/35429714,"Eladó tégla lakás - Budapest X. kerület, Gyárdűlő #35429714",1107,"Budapest X. kerület, Gyárdűlő",Budapest,,,3.0,71.0,2023.0,HUF,141900000,nincs megadva,2023,nincs megadva,7,nincs megadva,van,nincs megadva,van,nincs megadva,nincs megadva,nincs megadva,kertre néz,11.19 m2,nincs megadva,teremgarázs hely,,nincs megadva,nincs megadva,házközponti egyedi méréssel,nincs megadva,nincs megadva,nincs megadva,,,,,,,,,71.0,141.9,1998592,7,7.0,,11.19,,,2023.0,2020 után (új építésű),1113,Gyárdűlő,,,,"Budapest X. kerület, Gyárdűlő",3,0,3.0,Gyárdűlő,Tégla lakás,Lépj kapcsolatba a hirdetővel,,Ingatlaniroda,4,2023.0
35430437,elado,https://ingatlan.com/35430437,"Eladó panel lakás - Budapest X. kerület, Kőbánya - Újhegyi lakótelep #35430437",1108,"Budapest X. kerület, Kőbánya - Újhegyi lakótelep",Budapest,,,2.0,54.0,1950.0,HUF,59900000,felújított,1950 és 1980 között,összkomfortos,2,10,van,3 m-nél alacsonyabb,van,nincs megadva,külön helyiségben,nincs megadva,nincs megadva,3 m2,nincs megadva,nincs megadva,,nincs megadva,nincs megadva,távfűtés,nincs megadva,nincs megadva,nincs megadva,nincs megadva,,,,,,,,54.0,59.9,1109259,2,2.0,10.0,3.0,,,,1950-1979 (szocialista modern),1631,Kőbánya - Újhegyi lakótelep,,,,"Budapest X. kerület, Kőbánya - Újhegyi lakótelep",2,0,2.0,Újhegy,Panel lakás,Lépj kapcsolatba a hirdetővel,,Ingatlaniroda,4,1968.0
35430619,elado,https://ingatlan.com/35430619,"Eladó tégla lakás - Budapest X. kerület, Szárnyas utca #35430619",1107,"Budapest X. kerület, Szárnyas utca",Budapest,,,2.0,60.0,1981.0,HUF,35000000,felújított,1981 és 2000 között,összkomfortos,szuterén,nincs megadva,nincs,3 m-nél alacsonyabb,van,nem,egy helyiségben,dél,utcai,nincs megadva,nem,nincs megadva,,25 000 Ft/hó,12 000 Ft/hó,"elektromos fűtőpanel, hűtő-fűtő klíma",nincs megadva,nincs megadva,nem tetőtéri,,,,,,,,,60.0,35.0,583333,szuterén,-1.0,,,12000.0,25000.0,,1980-1999 (késő panel/tégla),1850,Szárnyas utca,,,,"Budapest X. kerület, Szárnyas utca",2,0,2.0,Gyárdűlő,Tégla lakás,Lépj kapcsolatba a hirdetővel,,Ingatlaniroda,4,1988.0
35431286,elado,https://ingatlan.com/35431286,"Eladó csúsztatott zsalus - Budapest X. kerület, Harmat utca 24. #35431286",1102,"Budapest X. kerület, Harmat utca 24.",Budapest,47.490407,19.135653,3.0,60.0,,HUF,60000000,nincs megadva,nincs megadva,nincs megadva,10,nincs megadva,nincs megadva,nincs megadva,nincs megadva,nincs megadva,nincs megadva,nincs megadva,nincs megadva,nincs megadva,nincs megadva,nincs megadva,,nincs megadva,nincs megadva,nincs megadva,nincs megadva,nincs megadva,,,,,,,,,,60.0,60.0,1000000,10,10.0,,,,,,Nem ismert,6,Harmat utca,24,,24,"Budapest X. kerület, Harmat utca 24.",3,0,3.0,Ligettelek,Csúsztatott zsalus lakás,Lépj kapcsolatba a hirdetővel,,Ingatlaniroda,2,
35431815,elado,https://ingatlan.com/35431815,"Eladó tégla lakás - Budapest XIX. kerület, Iparos utca 2. #35431815",1194,"Budapest XIX. kerület, Iparos utca 2.",Budapest,47.4427,19.1518,3.0,53.0,2028.0,HUF,63980000,új építésű,2028,összkomfortos,1,7,van,nincs megadva,van,nem,egy helyiségben,délkelet,kertre néz,22.38 m2,nem,teremgarázs hely - kötelező megvenni,4 MFt,nincs megadva,nincs megadva,"padlófűtés, hőszivattyú",van - 15 cm,A,nem tetőtéri,,,,,,,,,53.0,63.98,1207170,1,1.0,7.0,22.38,,,2028.0,2020 után (új építésű),2653,"Budapest XIX. kerület, Iparos utca",2,2,2,"Budapest X. kerület, Budapest XIX. kerület, Iparos utca 2.",3,0,3.0,Kőbánya egyéb,Tégla lakás,Lépj kapcsolatba a hirdetővel,,Ingatlaniroda,4,2028.0
35432393,elado,https://ingatlan.com/35432393,"Eladó tégla lakás - Budapest X. kerület, Állomás utca #35432393",1102,"Budapest X. kerület, Állomás utca",Budapest,,,4.0,147.0,1950.0,HUF,110900000,felújított,1950 és 1980 között,duplakomfortos,1,nincs megadva,nincs,3 m-nél magasabb,van,nincs megadva,külön és egyben is,nincs megadva,utcai,nincs megadva,nincs megadva,"utca, közterület - ingyenes",,nincs megadva,38 865 Ft/hó,gázkazán,nincs megadva,nincs megadva,nincs megadva,,,,,,,,,147.0,110.9,754422,1,1.0,,,38865.0,,,1950-1979 (szocialista modern),1122,Állomás utca,,,,"Budapest X. kerület, Állomás utca",4,0,4.0,Kőbánya-Városközpont,Tégla lakás,Lépj kapcsolatba a hirdetővel,,Ingatlaniroda,4,1968.0
35432720,elado,https://ingatlan.com/35432720,"Eladó panel lakás - Budapest X. kerület, Székfűvirág utca #35432720",1103,"Budapest X. kerület, Székfűvirág utca",Budapest,,,3.0,59.0,1950.0,HUF,61000000,felújított,1950 és 1980 között,összkomfortos,4,4,nincs,3 m-nél alacsonyabb,van,nem,külön helyiségben,délnyugat,utcai,nincs megadva,nem,"utca, közterület - ingyenes",,26 000 Ft/hó,17 000 Ft/hó,távfűtés,nincs megadva,nincs megadva,"legfelső emelet, nem tetőtéri",nem vett részt,,,,,,,,59.0,61.0,1033898,4,4.0,4.0,,17000.0,26000.0,,1950-1979 (szocialista modern),1088,Székfűvirág utca,,59,59,"Budapest X. kerület, Székfűvirág utca 59.",3,0,3.0,Óhegy,Panel lakás,Lépj kapcsolatba a hirdetővel,,Ingatlaniroda,4,1968.0
35432805,elado,https://ingatlan.com/35432805,"Eladó tégla lakás - Budapest X. kerület, Állomás utca #35432805",1102,"Budapest X. kerület, Állomás utca",Budapest,,,1.0,28.0,2025.0,HUF,23900000,újszerű,2025,összkomfortos,szuterén,2,nincs,3 m-nél magasabb,nincs megadva,nem,egy helyiségben,nincs megadva,utcai,nincs megadva,nincs megadva,"utca, közterület - ingyenes",,nincs megadva,nincs megadva,elektromos fűtőpanel,nincs,nincs megadva,nincs megadva,,,,,,,,,28.0,23.9,853571,szuterén,-1.0,2.0,,,,2025.0,2020 után (új építésű),921,Állomás utca,,,,"Budapest X. kerület, Állomás utca",1,0,1.0,Ligettelek,Tégla lakás,Lépj kapcsolatba a hirdetővel,,Ingatlaniroda,4,2025.0
35433568,elado,https://ingatlan.com/35433568,"Eladó panel lakás - Budapest XIX. kerület, Kazinczy utca 3. #35433568",1191,"Budapest XIX. kerület, Kazinczy utca 3.",Budapest,47.459301,19.138194,3.0,62.0,1981.0,HUF,63990000,jó állapotú,1981 és 2000 között,összkomfortos,1,10,van,3 m-nél alacsonyabb,nincs,igen,külön helyiségben,délnyugat,utcai,5 m2,nem,"utca, közterület - ingyenes",,7 000 Ft/hó,45 000 Ft/hó,házközponti,nincs,E,nem tetőtéri,nem vett részt,,,,,,,,62.0,63.99,1032097,1,1.0,10.0,5.0,45000.0,7000.0,,1980-1999 (késő panel/tégla),354,"Budapest XIX. kerület, Kazinczy utca",3,,3,"Budapest X. kerület, Budapest XIX. kerület, Kazinczy utca 3.",3,0,3.0,Kőbánya egyéb,Panel lakás,Lépj kapcsolatba a hirdetővel,,Ingatlaniroda,4,1988.0
35434617,elado,https://ingatlan.com/35434617,"Eladó csúsztatott zsalus - Budapest X. kerület, Újhegyi út #35434617",1108,"Budapest X. kerület, Újhegyi út",Budapest,,,4.0,70.0,2021.0,HUF,108800000,újszerű,2021,nincs megadva,1,5,van,3 m-nél alacsonyabb,van,nincs megadva,egy helyiségben,dél,udvari,14 m2,nincs megadva,nincs megadva,,nincs megadva,nincs megadva,házközponti egyedi méréssel,nincs megadva,nincs megadva,,,,,,,,,,70.0,108.8,1554286,1,1.0,5.0,14.0,,,2021.0,2020 után (új építésű),699,Újhegyi út,,,,"Budapest X. kerület, Újhegyi út",4,0,4.0,Újhegy,Csúsztatott zsalus lakás,Lépj kapcsolatba a hirdetővel,,Ingatlaniroda,4,2021.0
35434777,elado,https://ingatlan.com/35434777,"Eladó tégla lakás - Budapest X. kerület, Gergely utca #35434777",1103,"Budapest X. kerület, Gergely utca",Budapest,,,1.0,30.0,1950.0,HUF,37000000,jó állapotú,1950 és 1980 között,nincs megadva,földszint,nincs megadva,nincs megadva,3 m-nél magasabb,nincs megadva,nincs megadva,nincs megadva,délkelet,udvari,nincs megadva,nincs megadva,nincs megadva,,nincs megadva,nincs megadva,gáz (konvektor),nincs megadva,nincs megadva,nem tetőtéri,,,,,,,,,30.0,37.0,1233333,földszint,0.0,,,,,,1950-1979 (szocialista modern),825,Gergely utca,,,,"Budapest X. kerület, Gergely utca",1,0,1.0,Óhegy,Tégla lakás,Lépj kapcsolatba a hirdetővel,,Ingatlaniroda,4,1968.0
35435398,elado,https://ingatlan.com/35435398,"Eladó tégla lakás - Budapest X. kerület, Sörgyár utca #35435398",1104,"Budapest X. kerület, Sörgyár utca",Budapest,,,2.0,56.0,2001.0,HUF,59900000,jó állapotú,2001 és 2010 között,nincs megadva,3,nincs megadva,nincs,3 m-nél alacsonyabb,nincs megadva,nincs megadva,nincs megadva,nyugat,udvari,nincs megadva,nincs megadva,udvari beálló,,nincs megadva,nincs megadva,gázkazán,nincs megadva,nincs megadva,zárószint,,,,,,,,,56.0,59.9,1069643,3,3.0,,,,,,2000-2019 (újszerű),2257,Sörgyár utca,,,,"Budapest X. kerület, Sörgyár utca",2,0,2.0,Óhegy,Tégla lakás,Lépj kapcsolatba a hirdetővel,,Ingatlaniroda,4,2005.0
35436126,elado,https://ingatlan.com/35436126,"Eladó tégla lakás - Budapest X. kerület, Alkér utca #35436126",1104,"Budapest X. kerület, Alkér utca",Budapest,,,1.0,32.0,1950.0,HUF,29800000,felújítandó,1950 és 1980 között,összkomfortos,földszint,földszintes,nincs,3 m-nél magasabb,nincs,nem,külön helyiségben,délnyugat,udvari,nincs megadva,igen,"utca, közterület",,nincs megadva,nincs megadva,gáz (konvektor),nincs,nincs megadva,nem tetőtéri,,,,,,,,,32.0,29.8,931250,földszint,0.0,0.0,,,,,1950-1979 (szocialista modern),1774,Alkér utca,,,,"Budapest X. kerület, Alkér utca",1,0,1.0,Óhegy,Tégla lakás,Lépj kapcsolatba a hirdetővel,,Ingatlaniroda,4,1968.0
35436571,elado,https://ingatlan.com/35436571,"Eladó tégla lakás - Budapest X. kerület, Állomás utca #35436571",1102,"Budapest X. kerület, Állomás utca",Budapest,,,1.0,28.0,1940.0,HUF,21500000,felújított,1950 előtt,összkomfortos,szuterén,2,nincs,3 m-nél alacsonyabb,nincs,nem,egy helyiségben,délkelet,utcai,nincs megadva,igen,"utca, közterület - ingyenes",,10 000 Ft/hó,7 500 Ft/hó,elektromos fűtőpanel,nincs,nincs megadva,nincs megadva,,,,,,,,,28.0,21.5,767857,szuterén,-1.0,2.0,,7500.0,10000.0,,1950 előtt (klasszikus polgári/tégla),319,Állomás utca,,,,"Budapest X. kerület, Állomás utca",1,0,1.0,Ligettelek,Tégla lakás,Lépj kapcsolatba a hirdetővel,,Ingatlaniroda,4,1930.0
35436979,elado,https://ingatlan.com/35436979,"Eladó panel lakás - Budapest X. kerület, Csombor utca #35436979",1103,"Budapest X. kerület, Csombor utca",Budapest,,,3.0,74.0,1981.0,HUF,79000000,jó állapotú,1981 és 2000 között,összkomfortos,félemelet,4,nincs,3 m-nél alacsonyabb,van,nem,külön helyiségben,délnyugat,kertre néz,1 m2,igen,"utca, közterület - ingyenes",,nincs megadva,20 700 Ft/hó,"távfűtés, hűtő-fűtő klíma",van - 10 cm,nincs megadva,nem tetőtéri,részt vett,,,,,,,,74.0,79.0,1067568,félemelet,0.5,4.0,1.0,20700.0,,,1980-1999 (késő panel/tégla),1343,Csombor utca,,,,"Budapest X. kerület, Csombor utca",3,0,3.0,Óhegy,Panel lakás,Lépj kapcsolatba a hirdetővel,,Ingatlaniroda,2,1988.0
35437869,elado,https://ingatlan.com/35437869,"Eladó panel lakás - Budapest X. kerület, Gőzmozdony utca #35437869",1108,"Budapest X. kerület, Gőzmozdony utca",Budapest,,,3.0,68.0,,HUF,70500000,jó állapotú,nincs megadva,összkomfortos,9,10,van,3 m-nél alacsonyabb,van,nincs megadva,külön helyiségben,délnyugat,panorámás,2 m2,nincs megadva,"utca, közterület",,18 000 Ft/hó,19 000 Ft/hó,távfűtés,van,nincs megadva,nem tetőtéri,részt vett,,,,,,,,68.0,70.5,1036765,9,9.0,10.0,2.0,19000.0,18000.0,,Nem ismert,849,Gőzmozdony utca,,,,"Budapest X. kerület, Gőzmozdony utca",3,0,3.0,Újhegy,Panel lakás,Lépj kapcsolatba a hirdetővel,,Ingatlaniroda,2,
35438238,elado,https://ingatlan.com/35438238,"Eladó panel lakás - Budapest X. kerület, Oltó utca #35438238",1108,"Budapest X. kerület, Oltó utca",Budapest,,,2.0,50.0,1981.0,HUF,59500000,felújított,1981 és 2000 között,összkomfortos,9,10,van,3 m-nél alacsonyabb,van,igen,külön helyiségben,délnyugat,udvari,4 m2,nem,"utca, közterület - ingyenes",,nincs megadva,15 000 Ft/hó,"távfűtés, hűtő-fűtő klíma",nincs megadva,nincs megadva,nem tetőtéri,nincs megadva,,,,,,,,50.0,59.5,1190000,9,9.0,10.0,4.0,15000.0,,,1980-1999 (késő panel/tégla),691,Oltó utca,,,,"Budapest X. kerület, Oltó utca",2,0,2.0,Újhegy,Panel lakás,Lépj kapcsolatba a hirdetővel,,Ingatlaniroda,4,1988.0
35438312,elado,https://ingatlan.com/35438312,"Eladó csúsztatott zsalus - Budapest X. kerület, Kőbánya - Óhegy #35438312",1103,"Budapest X. kerület, Kőbánya - Óhegy",Budapest,,,3.0,74.0,1981.0,HUF,67900000,felújítandó,1981 és 2000 között,összkomfortos,1,6,van,3 m-nél alacsonyabb,nincs megadva,nincs megadva,külön helyiségben,délkelet,utcai,nincs megadva,nincs megadva,"utca, közterület - ingyenes",,nincs megadva,23 247 Ft/hó,távfűtés egyedi méréssel,nincs megadva,nincs megadva,,,,,,,,,,74.0,67.9,917568,1,1.0,6.0,,23247.0,,,1980-1999 (késő panel/tégla),584,Kőbánya - Óhegy,,,,"Budapest X. kerület, Kőbánya - Óhegy",3,0,3.0,Óhegy,Csúsztatott zsalus lakás,Lépj kapcsolatba a hirdetővel,,Ingatlaniroda,4,1988.0
35439448,elado,https://ingatlan.com/35439448,"Eladó tégla lakás - Budapest X. kerület, Kőbánya - Óhegy #35439448",1103,"Budapest X. kerület, Kőbánya - Óhegy",Budapest,,,2.0,56.0,1981.0,HUF,58800000,közepes állapotú,1981 és 2000 között,összkomfortos,földszint,4,nincs,3 m-nél alacsonyabb,van,igen,külön helyiségben,délnyugat,kertre néz,nincs megadva,igen,udvari beálló - benne van az árban,,20 000 Ft/hó,14 725 Ft/hó,gáz (konvektor),van - 10 cm,H,nem tetőtéri,,,,,,,,,56.0,58.8,1050000,földszint,0.0,4.0,,14725.0,20000.0,,1980-1999 (késő panel/tégla),2997,Kőbánya - Óhegy,,,,"Budapest X. kerület, Kőbánya - Óhegy",2,0,2.0,Óhegy,Tégla lakás,Lépj kapcsolatba a hirdetővel,,Ingatlaniroda,4,1988.0
35441762,elado,https://ingatlan.com/35441762,"Eladó tégla lakás - Budapest X. kerület, Kőbánya-Városközpont #35441762",1105,"Budapest X. kerület, Kőbánya-Városközpont",Budapest,,,1.0,25.0,,HUF,22700000,felújított,nincs megadva,komfortos,szuterén,nincs megadva,nincs megadva,nincs megadva,nincs megadva,nincs megadva,egy helyiségben,nincs megadva,utcai,nincs megadva,nincs megadva,"utca, közterület - ingyenes",,nincs megadva,nincs megadva,elektromos fűtőpanel,nincs megadva,nincs megadva,nincs megadva,,,,,,,,,25.0,22.7,908000,szuterén,-1.0,,,,,,Nem ismert,1931,Kőbánya-Városközpont,,,,"Budapest X. kerület, Kőbánya-Városközpont",1,0,1.0,Kőbánya-Városközpont,Tégla lakás,Lépj kapcsolatba a hirdetővel,,Ingatlaniroda,4,
35442232,elado,https://ingatlan.com/35442232,"Eladó tégla lakás - Budapest X. kerület, Cserkesz utca #35442232",1105,"Budapest X. kerület, Cserkesz utca",Budapest,,,1.0,36.0,,HUF,47000000,nincs megadva,nincs megadva,nincs megadva,nincs megadva,nincs megadva,nincs megadva,nincs megadva,nincs megadva,nincs megadva,nincs megadva,nincs megadva,nincs megadva,nincs megadva,nincs megadva,nincs megadva,,nincs megadva,nincs megadva,nincs megadva,nincs megadva,nincs megadva,nincs megadva,,,,,,,,,36.0,47.0,1305556,nincs megadva,,,,,,,Nem ismert,1074,Cserkesz utca,,,,"Budapest X. kerület, Cserkesz utca",1,0,1.0,Óhegy,Tégla lakás,Lépj kapcsolatba a hirdetővel,,Ingatlaniroda,4,
35443735,elado,https://ingatlan.com/35443735,"Eladó panel lakás - Budapest X. kerület, Kőrösi Csoma Sándor út #35443735",1102,"Budapest X. kerület, Kőrösi Csoma Sándor út",Budapest,,,3.0,64.0,,HUF,69990000,jó állapotú,nincs megadva,összkomfortos,10,10,van,nincs megadva,van,nincs megadva,külön helyiségben,nincs megadva,nincs megadva,nincs megadva,nincs megadva,nincs megadva,,nincs megadva,nincs megadva,nincs megadva,nincs megadva,nincs megadva,nincs megadva,nincs megadva,,,,,,,,64.0,69.99,1093594,10,10.0,10.0,,,,,Nem ismert,632,Kőrösi Csoma Sándor út,,,,"Budapest X. kerület, Kőrösi Csoma Sándor út",3,0,3.0,Kőbánya-Városközpont,Panel lakás,Lépj kapcsolatba a hirdetővel,,Ingatlaniroda,4,
35443744,elado,https://ingatlan.com/35443744,"Eladó panel lakás - Budapest X. kerület, Kőbánya - Óhegy #35443744",1103,"Budapest X. kerület, Kőbánya - Óhegy",Budapest,,,3.0,74.0,1950.0,HUF,77700000,jó állapotú,1950 és 1980 között,összkomfortos,félemelet,4,nincs,3 m-nél alacsonyabb,van,nincs megadva,külön helyiségben,nincs megadva,utcai,1 m2,nem,nincs megadva,,nincs megadva,20 000 Ft/hó,távfűtés,van - 20 cm,nincs megadva,nem tetőtéri,nincs megadva,,,,,,,,74.0,77.7,1050000,félemelet,0.5,4.0,1.0,20000.0,,,1950-1979 (szocialista modern),1837,Kőbánya - Óhegy,,,,"Budapest X. kerület, Kőbánya - Óhegy",3,0,3.0,Óhegy,Panel lakás,Lépj kapcsolatba a hirdetővel,,Ingatlaniroda,4,1968.0
35443797,elado,https://ingatlan.com/35443797,"Eladó panel lakás - Budapest X. kerület, Bányató utca #35443797",1108,"Budapest X. kerület, Bányató utca",Budapest,,,2.0,49.0,,HUF,59900000,nincs megadva,nincs megadva,nincs megadva,nincs megadva,nincs megadva,nincs megadva,nincs megadva,nincs megadva,nincs megadva,nincs megadva,nincs megadva,nincs megadva,3 m2,nincs megadva,nincs megadva,,nincs megadva,nincs megadva,nincs megadva,nincs megadva,nincs megadva,nincs megadva,nincs megadva,,,,,,,,49.0,59.9,1222449,nincs megadva,,,3.0,,,,Nem ismert,1253,Bányató utca,,,,"Budapest X. kerület, Bányató utca",2,0,2.0,Újhegy,Panel lakás,Lépj kapcsolatba a hirdetővel,,Ingatlaniroda,2,
35443897,elado,https://ingatlan.com/35443897,"Eladó csúsztatott zsalus - Budapest X. kerület, Kőbánya - Óhegy #35443897",1103,"Budapest X. kerület, Kőbánya - Óhegy",Budapest,,,3.0,75.0,1950.0,HUF,77770000,jó állapotú,1950 és 1980 között,összkomfortos,földszint,4,nincs,3 m-nél alacsonyabb,nincs megadva,nem,nincs megadva,délkelet,utcai,1 m2,nem,"utca, közterület",,nincs megadva,nincs megadva,távfűtés,nincs megadva,nincs megadva,,,,,,,,,,75.0,77.77,1036933,földszint,0.0,4.0,1.0,,,,1950-1979 (szocialista modern),1631,Kőbánya - Óhegy,,,,"Budapest X. kerület, Kőbánya - Óhegy",3,0,3.0,Óhegy,Panel lakás,Lépj kapcsolatba a hirdetővel,,Ingatlaniroda,4,1968.0
35444444,elado,https://ingatlan.com/35444444,"Eladó panel lakás - Budapest X. kerület, Gyárdűlő #35444444",1107,"Budapest X. kerület, Gyárdűlő",Budapest,,,2.0,60.0,1950.0,HUF,76990000,jó állapotú,1950 és 1980 között,összkomfortos,9,10,van,3 m-nél alacsonyabb,van,igen,külön helyiségben,nyugat,panorámás,3.99 m2,nem,"utca, közterület - ingyenes",,nincs megadva,nincs megadva,távfűtés egyedi méréssel,van - 20 cm,nincs megadva,nincs megadva,részt vett,,,,,,,,60.0,76.99,1283167,9,9.0,10.0,3.99,,,,1950-1979 (szocialista modern),2477,Gyárdűlő,,,,"Budapest X. kerület, Gyárdűlő",2,0,2.0,Gyárdűlő,Panel lakás,Lépj kapcsolatba a hirdetővel,,Ingatlaniroda,4,1968.0
35444474,elado,https://ingatlan.com/35444474,"Eladó panel lakás - Budapest X. kerület, Kőbánya - Újhegyi lakótelep #35444474",1108,"Budapest X. kerület, Kőbánya - Újhegyi lakótelep",Budapest,,,3.0,69.0,1950.0,HUF,73990000,közepes állapotú,1950 és 1980 között,összkomfortos,4,10,van,3 m-nél alacsonyabb,nincs,igen,külön helyiségben,dél,kertre néz,3.99 m2,nem,"utca, közterület - ingyenes",,nincs megadva,nincs megadva,nincs megadva,nincs megadva,nincs megadva,nem tetőtéri,nincs megadva,,,,,,,,69.0,73.99,1072319,4,4.0,10.0,3.99,,,,1950-1979 (szocialista modern),1757,Kőbánya - Újhegyi lakótelep,,,,"Budapest X. kerület, Kőbánya - Újhegyi lakótelep",3,0,3.0,Újhegy,Panel lakás,Lépj kapcsolatba a hirdetővel,,Ingatlaniroda,4,1968.0
35445212,elado,https://ingatlan.com/35445212,"Eladó panel lakás - Budapest X. kerület, Kőbánya - Óhegy #35445212",1103,"Budapest X. kerület, Kőbánya - Óhegy",Budapest,,,3.0,74.0,1950.0,HUF,77700000,jó állapotú,1950 és 1980 között,összkomfortos,félemelet,5,nincs,nincs megadva,van,nem,külön helyiségben,délkelet,kertre néz,nincs megadva,nem,"utca, közterület - ingyenes",,nincs megadva,nincs megadva,"távfűtés, hűtő-fűtő klíma",van - 10 cm,nincs megadva,nem tetőtéri,részt vett,,,,,,,,74.0,77.7,1050000,félemelet,0.5,5.0,,,,,1950-1979 (szocialista modern),1452,Kőbánya - Óhegy,,,,"Budapest X. kerület, Kőbánya - Óhegy",3,0,3.0,Óhegy,Panel lakás,Lépj kapcsolatba a hirdetővel,,Ingatlaniroda,4,1968.0
35445666,elado,https://ingatlan.com/35445666,"Eladó tégla lakás - Budapest X. kerület, Gyógyszergyári utca #35445666",1106,"Budapest X. kerület, Gyógyszergyári utca",Budapest,,,4.0,88.0,2026.0,HUF,109900000,nincs megadva,2026,összkomfortos,6,7,van,nincs megadva,van,igen,külön és egyben is,nyugat,panorámás,20 m2,nincs megadva,teremgarázs hely - megvásárolható,"8,90 MFt",nincs megadva,nincs megadva,házközponti egyedi méréssel,van,nincs megadva,nincs megadva,,,,,,,,,88.0,109.9,1248864,6,6.0,7.0,20.0,,,2026.0,2020 után (új építésű),1852,Gyógyszergyári utca,,,,"Budapest X. kerület, Gyógyszergyári utca",4,0,4.0,Felsőrákos,Tégla lakás,Lépj kapcsolatba a hirdetővel,,Ingatlaniroda,4,2026.0
35445965,elado,https://ingatlan.com/35445965,"Eladó panel lakás - Budapest X. kerület, Kápolna utca #35445965",1102,"Budapest X. kerület, Kápolna utca",Budapest,,,3.0,63.0,,HUF,66000000,közepes állapotú,nincs megadva,nincs megadva,4,7,van,3 m-nél alacsonyabb,nincs megadva,nincs megadva,külön helyiségben,nincs megadva,nincs megadva,nincs megadva,nincs megadva,"utca, közterület",,nincs megadva,nincs megadva,nincs megadva,nincs megadva,nincs megadva,nincs megadva,nincs megadva,,,,,,,,63.0,66.0,1047619,4,4.0,7.0,,,,,Nem ismert,642,Kápolna utca,,,,"Budapest X. kerület, Kápolna utca",3,0,3.0,Kőbánya-Városközpont,Panel lakás,Lépj kapcsolatba a hirdetővel,,Ingatlaniroda,2,
35446406,elado,https://ingatlan.com/35446406,"Eladó tégla lakás - Budapest X. kerület, Szent László tér #35446406",1102,"Budapest X. kerület, Szent László tér",Budapest,,,4.0,90.0,1940.0,HUF,83700000,jó állapotú,1950 előtt,nincs megadva,nincs megadva,földszintes,nincs megadva,3 m-nél magasabb,nincs,nincs megadva,külön helyiségben,nincs megadva,nincs megadva,nincs megadva,igen,nincs megadva,,35 000 Ft/hó,nincs megadva,gáz (konvektor),nincs megadva,I,nem tetőtéri,,,,,,,,,90.0,83.7,930000,nincs megadva,,0.0,,,35000.0,,1950 előtt (klasszikus polgári/tégla),2278,Szent László tér,,,,"Budapest X. kerület, Szent László tér",4,0,4.0,Ligettelek,Tégla lakás,Lépj kapcsolatba a hirdetővel,,Ingatlaniroda,4,1930.0
35446632,elado,https://ingatlan.com/35446632,"Eladó panel lakás - Budapest X. kerület, Laposdűlő #35446632",1101,"Budapest X. kerület, Laposdűlő",Budapest,,,3.0,73.0,1981.0,HUF,74900000,jó állapotú,1981 és 2000 között,összkomfortos,4,4,nincs,3 m-nél alacsonyabb,van,nincs megadva,külön helyiségben,nincs megadva,nincs megadva,4.5 m2,igen,"utca, közterület - ingyenes",,nincs megadva,nincs megadva,házközponti,nincs megadva,nincs megadva,nem tetőtéri,nincs megadva,,,,,,,,73.0,74.9,1026027,4,4.0,4.0,4.5,,,,1980-1999 (késő panel/tégla),1892,Laposdűlő,,,,"Budapest X. kerület, Laposdűlő",3,0,3.0,Laposdűlő,Panel lakás,Lépj kapcsolatba a hirdetővel,,Ingatlaniroda,4,1988.0
35447348,elado,https://ingatlan.com/35447348,"Eladó tégla lakás - Budapest X. kerület, Cserkesz utca #35447348",1105,"Budapest X. kerület, Cserkesz utca",Budapest,,,2.0,83.0,1940.0,HUF,78900000,jó állapotú,1950 előtt,összkomfortos,2,4,nincs,3 m-nél magasabb,nincs megadva,nincs megadva,külön helyiségben,délnyugat,utcai,nincs megadva,nem,"utca, közterület",,nincs megadva,23 000 Ft/hó,"gázkazán, cserépkályha",nincs megadva,nincs megadva,nem tetőtéri,,,,,,,,,83.0,78.9,950602,2,2.0,4.0,,23000.0,,,1950 előtt (klasszikus polgári/tégla),1213,Cserkesz utca,,,,"Budapest X. kerület, Cserkesz utca",2,0,2.0,Óhegy,Tégla lakás,Lépj kapcsolatba a hirdetővel,,Ingatlaniroda,4,1930.0
35448080,elado,https://ingatlan.com/35448080,"Eladó tégla lakás - Budapest X. kerület, Zöldpálya utca #35448080",1106,"Budapest X. kerület, Zöldpálya utca",Budapest,,,5.0,99.0,,HUF,108000000,nincs megadva,nincs megadva,nincs megadva,nincs megadva,nincs megadva,nincs megadva,nincs megadva,nincs megadva,nincs megadva,nincs megadva,nincs megadva,nincs megadva,22 m2,nincs megadva,nincs megadva,,nincs megadva,nincs megadva,nincs megadva,nincs megadva,nincs megadva,nincs megadva,,,,,,,,,99.0,108.0,1090909,nincs megadva,,,22.0,,,,Nem ismert,501,Zöldpálya utca,,,,"Budapest X. kerület, Zöldpálya utca",5,0,5.0,Kőbánya-Kertváros,Tégla lakás,Lépj kapcsolatba a hirdetővel,,Ingatlaniroda,2,
35448921,elado,https://ingatlan.com/35448921,"Eladó tégla lakás - Budapest X. kerület, Kada utca #35448921",1106,"Budapest X. kerület, Kada utca",Budapest,,,1.0,36.0,1950.0,HUF,47500000,felújított,1950 és 1980 között,összkomfortos,földszint,4,nincs,3 m-nél alacsonyabb,nincs megadva,nincs megadva,egy helyiségben,nincs megadva,utcai,nincs megadva,nincs megadva,"utca, közterület - ingyenes",,nincs megadva,nincs megadva,gáz (konvektor),nincs megadva,nincs megadva,nincs megadva,,,,,,,,,36.0,47.5,1319444,földszint,0.0,4.0,,,,,1950-1979 (szocialista modern),1354,Kada utca,,,,"Budapest X. kerület, Kada utca",1,0,1.0,Óhegy,Tégla lakás,Lépj kapcsolatba a hirdetővel,,Ingatlaniroda,4,1968.0
35448929,elado,https://ingatlan.com/35448929,"Eladó tégla lakás - Budapest X. kerület, Salgótarjáni utca #35448929",1101,"Budapest X. kerület, Salgótarjáni utca",Budapest,,,2.0,38.0,1940.0,HUF,51000000,felújított,1950 előtt,összkomfortos,3,4,nincs,3 m-nél alacsonyabb,nincs,nem,külön helyiségben,nincs megadva,udvari,nincs megadva,nem,"utca, közterület",,nincs megadva,14 100 Ft/hó,"gáz (konvektor), elektromos fűtőpanel",nincs,nincs megadva,nem tetőtéri,,,,,,,,,38.0,51.0,1342105,3,3.0,4.0,,14100.0,,,1950 előtt (klasszikus polgári/tégla),537,Salgótarjáni utca,,38,38,"Budapest X. kerület, Salgótarjáni utca 38.",2,0,2.0,Laposdűlő,Tégla lakás,Lépj kapcsolatba a hirdetővel,,Ingatlaniroda,2,1930.0
35449823,elado,https://ingatlan.com/35449823,"Eladó tégla lakás - Budapest X. kerület, Gyöngyike utca #35449823",1101,"Budapest X. kerület, Gyöngyike utca",Budapest,,,2.0,37.0,1940.0,HUF,43800000,jó állapotú,1950 előtt,összkomfortos,földszint,4,nincs,3 m-nél alacsonyabb,van,nem,egy helyiségben,nyugat,utcai,nincs megadva,nem,"utca, közterület - fizetős övezet",,28 000 Ft/hó,12 900 Ft/hó,"hűtő-fűtő klíma, gáz (konvektor)",nincs,G,nem tetőtéri,,,,,,,,,37.0,43.8,1183784,földszint,0.0,4.0,,12900.0,28000.0,,1950 előtt (klasszikus polgári/tégla),1711,Gyöngyike utca,,,,"Budapest X. kerület, Gyöngyike utca",2,0,2.0,Laposdűlő,Tégla lakás,Lépj kapcsolatba a hirdetővel,,Ingatlaniroda,4,1930.0
35450191,elado,https://ingatlan.com/35450191,"Eladó csúsztatott zsalus - Budapest X. kerület, Ligettelek #35450191",1101,"Budapest X. kerület, Ligettelek",Budapest,,,2.0,56.0,1950.0,HUF,63000000,jó állapotú,1950 és 1980 között,összkomfortos,1,9,van,3 m-nél alacsonyabb,nincs,nem,egy helyiségben,kelet,utcai,4 m2,nem,"utca, közterület - ingyenes",,nincs megadva,15 820 Ft/hó,távfűtés,van - 10 cm,nincs megadva,,,,,,,,,,56.0,63.0,1125000,1,1.0,9.0,4.0,15820.0,,,1950-1979 (szocialista modern),1032,Ligettelek,,,,"Budapest X. kerület, Ligettelek",2,0,2.0,Ligettelek,Csúsztatott zsalus lakás,Lépj kapcsolatba a hirdetővel,,Ingatlaniroda,4,1968.0
35450500,elado,https://ingatlan.com/35450500,"Eladó panel lakás - Budapest X. kerület, Kőbánya - Óhegyi lakótelep #35450500",1103,"Budapest X. kerület, Kőbánya - Óhegyi lakótelep",Budapest,,,3.0,74.0,1950.0,HUF,77770000,jó állapotú,1950 és 1980 között,összkomfortos,földszint,4,nincs,3 m-nél alacsonyabb,van,nincs megadva,külön helyiségben,délnyugat,kertre néz,nincs megadva,nincs megadva,"utca, közterület - ingyenes",,nincs megadva,21 000 Ft/hó,házközponti,van,nincs megadva,nincs megadva,részt vett,,,,,,,,74.0,77.77,1050946,földszint,0.0,4.0,,21000.0,,,1950-1979 (szocialista modern),1630,Kőbánya - Óhegyi lakótelep,,,,"Budapest X. kerület, Kőbánya - Óhegyi lakótelep",3,0,3.0,Óhegy,Panel lakás,Lépj kapcsolatba a hirdetővel,,Ingatlaniroda,4,1968.0
35452425,elado,https://ingatlan.com/35452425,"Eladó csúsztatott zsalus - Budapest X. kerület, Kőrösi Csoma Sándor út #35452425",1102,"Budapest X. kerület, Kőrösi Csoma Sándor út",Budapest,,,2.0,42.0,,HUF,68000000,jó állapotú,nincs megadva,összkomfortos,7,7,van,3 m-nél alacsonyabb,van,igen,külön helyiségben,nincs megadva,panorámás,nincs megadva,nincs megadva,"utca, közterület",,10 000 Ft/hó,15 000 Ft/hó,távfűtés,van - 15 cm,F,,,,,,,,,,42.0,68.0,1619048,7,7.0,7.0,,15000.0,10000.0,,Nem ismert,1730,Kőrösi Csoma Sándor út,,,,"Budapest X. kerület, Kőrösi Csoma Sándor út",2,0,2.0,Kőbánya-Városközpont,Csúsztatott zsalus lakás,Lépj kapcsolatba a hirdetővel,,Ingatlaniroda,2,
35452491,elado,https://ingatlan.com/35452491,"Eladó tégla lakás - Budapest X. kerület, Kistorony park #35452491",1101,"Budapest X. kerület, Kistorony park",Budapest,,,4.0,90.0,1950.0,HUF,95000000,újszerű,1950 és 1980 között,duplakomfortos,1,2,nincs,3 m-nél alacsonyabb,van,nem,külön és egyben is,nincs megadva,udvari,nincs megadva,nem,udvari beálló - benne van az árban,,nincs megadva,nincs megadva,gázkazán,nincs megadva,nincs megadva,tetőtéri,,,,,,,,,90.0,95.0,1055556,1,1.0,2.0,,,,,1950-1979 (szocialista modern),1657,Kistorony park,,,,"Budapest X. kerület, Kistorony park",4,0,4.0,Laposdűlő,Tégla lakás,Lépj kapcsolatba a hirdetővel,,Ingatlaniroda,4,1968.0
35452531,elado,https://ingatlan.com/35452531,"Eladó panel lakás - Budapest X. kerület, Agyagfejtő utca 2. #35452531",1108,"Budapest X. kerület, Agyagfejtő utca 2.",Budapest,47.472616,19.160972,2.0,49.0,1950.0,HUF,51000000,közepes állapotú,1950 és 1980 között,összkomfortos,földszint,10,van,3 m-nél alacsonyabb,van,nincs megadva,külön helyiségben,nincs megadva,nincs megadva,3 m2,nincs megadva,"utca, közterület",,nincs megadva,15 300 Ft/hó,távfűtés,nincs megadva,nincs megadva,nem tetőtéri,nem vett részt,,,,,,,,49.0,51.0,1040816,földszint,0.0,10.0,3.0,15300.0,,,1950-1979 (szocialista modern),1780,Agyagfejtő utca,2,49,2,"Budapest X. kerület, Agyagfejtő utca 2.",2,0,2.0,Újhegy,Panel lakás,Lépj kapcsolatba a hirdetővel,,Ingatlaniroda,4,1968.0
35453879,elado,https://ingatlan.com/35453879,"Eladó tégla lakás - Budapest X. kerület, Liget utca #35453879",1102,"Budapest X. kerület, Liget utca",Budapest,,,2.0,71.0,1940.0,HUF,67000000,jó állapotú,1950 előtt,összkomfortos,1,nincs megadva,nincs megadva,3 m-nél magasabb,nincs megadva,nincs megadva,nincs megadva,délkelet,nincs megadva,nincs megadva,nincs megadva,nincs megadva,,nincs megadva,20 000 Ft/hó,gázkazán,nincs megadva,nincs megadva,nincs megadva,,,,,,,,,71.0,67.0,943662,1,1.0,,,20000.0,,,1950 előtt (klasszikus polgári/tégla),656,Liget utca,,,,"Budapest X. kerület, Liget utca",2,0,2.0,Ligettelek,Tégla lakás,Lépj kapcsolatba a hirdetővel,,Ingatlaniroda,4,1930.0
35454228,elado,https://ingatlan.com/35454228,"Eladó panel lakás - Budapest X. kerület, Kőbánya - Óhegy #35454228",1103,"Budapest X. kerület, Kőbánya - Óhegy",Budapest,,,3.0,57.0,,HUF,57200000,közepes állapotú,nincs megadva,összkomfortos,félemelet,4,nincs,3 m-nél alacsonyabb,nincs megadva,nincs megadva,nincs megadva,délkelet,nincs megadva,nincs megadva,nincs megadva,nincs megadva,,nincs megadva,14 999 Ft/hó,távfűtés egyedi méréssel,van,B,nincs megadva,nincs megadva,,,,,,,,57.0,57.2,1003509,félemelet,0.5,4.0,,14999.0,,,Nem ismert,2101,Kőbánya - Óhegy,,,,"Budapest X. kerület, Kőbánya - Óhegy",3,0,3.0,Óhegy,Panel lakás,Lépj kapcsolatba a hirdetővel,,Ingatlaniroda,4,
35454532,elado,https://ingatlan.com/35454532,"Eladó tégla lakás - Budapest X. kerület, Kőbánya - Óhegyi lakótelep #35454532",1103,"Budapest X. kerület, Kőbánya - Óhegyi lakótelep",Budapest,,,1.0,36.0,1950.0,HUF,47500000,felújított,1950 és 1980 között,komfortos,földszint,nincs megadva,nincs megadva,3 m-nél alacsonyabb,nincs megadva,nincs megadva,nincs megadva,délnyugat,utcai,nincs megadva,nincs megadva,nincs megadva,,nincs megadva,nincs megadva,gáz (konvektor),nincs megadva,nincs megadva,nem tetőtéri,,,,,,,,,36.0,47.5,1319444,földszint,0.0,,,,,,1950-1979 (szocialista modern),1633,Kőbánya - Óhegyi lakótelep,,,,"Budapest X. kerület, Kőbánya - Óhegyi lakótelep",1,0,1.0,Óhegy,Tégla lakás,Lépj kapcsolatba a hirdetővel,,Ingatlaniroda,4,1968.0
35454994,elado,https://ingatlan.com/35454994,"Eladó panel lakás - Budapest X. kerület, Hungária körút 5-7. #35454994",1101,"Budapest X. kerület, Hungária körút 5-7.",Budapest,47.491796,19.109243,2.0,35.0,1981.0,HUF,49900000,felújított,1981 és 2000 között,összkomfortos,6,10,van,nincs megadva,nincs,igen,egy helyiségben,kelet,kertre néz,nincs megadva,nem,"utca, közterület - ingyenes",,25 000 Ft/hó,17 150 Ft/hó,távfűtés,van - 10 cm,nincs megadva,nem tetőtéri,részt vett,,,,,,,,35.0,49.9,1425714,6,6.0,10.0,,17150.0,25000.0,,1980-1999 (késő panel/tégla),1025,Hungária körút,5-7,,5-7,"Budapest X. kerület, Hungária körút 5-7.",2,0,2.0,Laposdűlő,Panel lakás,Lépj kapcsolatba a hirdetővel,,Ingatlaniroda,2,1988.0
35455148,elado,https://ingatlan.com/35455148,"Eladó panel lakás - Budapest X. kerület, Csombor utca #35455148",1103,"Budapest X. kerület, Csombor utca",Budapest,,,3.0,74.0,1950.0,HUF,77777700,jó állapotú,1950 és 1980 között,összkomfortos,félemelet,4,nincs,3 m-nél alacsonyabb,van,nincs megadva,külön helyiségben,délnyugat,kertre néz,nincs megadva,nincs megadva,"utca, közterület - ingyenes",,nincs megadva,21 000 Ft/hó,házközponti,van - 14 cm,nincs megadva,nincs megadva,részt vett,,,,,,,,74.0,77.78,1051050,félemelet,0.5,4.0,,21000.0,,,1950-1979 (szocialista modern),2712,Csombor utca,,,,"Budapest X. kerület, Csombor utca",3,0,3.0,Óhegy,Panel lakás,Lépj kapcsolatba a hirdetővel,,Ingatlaniroda,4,1968.0
35455965,elado,https://ingatlan.com/35455965,"Eladó panel lakás - Budapest X. kerület, Kőbánya - Újhegyi lakótelep #35455965",1108,"Budapest X. kerület, Kőbánya - Újhegyi lakótelep",Budapest,,,1.0,29.0,,HUF,44500000,felújított,nincs megadva,összkomfortos,1,4,nincs,nincs megadva,van,nincs megadva,egy helyiségben,nincs megadva,nincs megadva,nincs megadva,nincs megadva,nincs megadva,,nincs megadva,11 000 Ft/hó,távfűtés egyedi méréssel,nincs megadva,nincs megadva,nincs megadva,részt vett,,,,,,,,29.0,44.5,1534483,1,1.0,4.0,,11000.0,,,Nem ismert,1242,Kőbánya - Újhegyi lakótelep,,,,"Budapest X. kerület, Kőbánya - Újhegyi lakótelep",1,0,1.0,Újhegy,Panel lakás,Lépj kapcsolatba a hirdetővel,,Ingatlaniroda,4,
35456739,elado,https://ingatlan.com/35456739,"Eladó panel lakás - Budapest X. kerület, Bányató utca #35456739",1108,"Budapest X. kerület, Bányató utca",Budapest,,,2.0,50.0,,HUF,59990000,jó állapotú,nincs megadva,összkomfortos,földszint,10,van,nincs megadva,van,nincs megadva,külön helyiségben,nincs megadva,nincs megadva,4 m2,nincs megadva,"utca, közterület - ingyenes",,nincs megadva,13 500 Ft/hó,távfűtés egyedi méréssel,nincs megadva,C,nincs megadva,nincs megadva,,,,,,,,50.0,59.99,1199800,földszint,0.0,10.0,4.0,13500.0,,,Nem ismert,673,Bányató utca,,,,"Budapest X. kerület, Bányató utca",2,0,2.0,Újhegy,Panel lakás,Lépj kapcsolatba a hirdetővel,,Ingatlaniroda,4,
35457292,elado,https://ingatlan.com/35457292,"Eladó csúsztatott zsalus - Budapest X. kerület, Kőrösi Csoma Sándor út 9. #35457292",1102,"Budapest X. kerület, Kőrösi Csoma Sándor út 9.",Budapest,47.483214,19.131628,3.0,70.0,1981.0,HUF,88500000,felújított,1981 és 2000 között,nincs megadva,8,10,van,3 m-nél alacsonyabb,van,igen,külön helyiségben,északkelet,utcai,nincs megadva,nincs megadva,önálló garázs - bérelhető,25 000 000 Ft/hó,20 000 Ft/hó,12 000 Ft/hó,"távfűtés, hűtő-fűtő klíma",nincs megadva,nincs megadva,,,,,,,,,,70.0,88.5,1264286,8,8.0,10.0,,12000.0,20000.0,,1980-1999 (késő panel/tégla),4564,Kőrösi Csoma Sándor út,9,,9,"Budapest X. kerület, Kőrösi Csoma Sándor út 9.",3,0,3.0,Kőbánya-Városközpont,Csúsztatott zsalus lakás,Lépj kapcsolatba a hirdetővel,,Ingatlaniroda,2,1988.0
35457329,elado,https://ingatlan.com/35457329,"Eladó tégla lakás - Budapest X. kerület, Gyógyszergyári utca 10. #35457329",1106,"Budapest X. kerület, Gyógyszergyári utca 10.",Budapest,47.497327,19.139864,2.0,42.0,2026.0,HUF,73500000,nincs megadva,2026,összkomfortos,6,nincs megadva,van,nincs megadva,van,nincs megadva,egy helyiségben,nincs megadva,kertre néz,10 m2,nincs megadva,teremgarázs hely - megvásárolható,"5,40 MFt",nincs megadva,nincs megadva,nincs megadva,van,A+,nincs megadva,,,,,,,,,42.0,73.5,1750000,6,6.0,,10.0,,,2026.0,2020 után (új építésű),1447,Gyógyszergyári utca,10,,10,"Budapest X. kerület, Gyógyszergyári utca 10.",2,0,2.0,Felsőrákos,Tégla lakás,Lépj kapcsolatba a hirdetővel,,Ingatlaniroda,2,2026.0
35457380,elado,https://ingatlan.com/35457380,"Eladó tégla lakás - Budapest X. kerület, Ligettelek #35457380",1101,"Budapest X. kerület, Ligettelek",Budapest,,,2.0,30.0,1950.0,HUF,21900000,jó állapotú,1950 és 1980 között,összkomfortos,szuterén,nincs megadva,nincs megadva,3 m-nél alacsonyabb,nincs megadva,nincs megadva,nincs megadva,nincs megadva,nincs megadva,nincs megadva,nincs megadva,nincs megadva,,nincs megadva,nincs megadva,nincs megadva,nincs megadva,nincs megadva,nincs megadva,,,,,,,,,30.0,21.9,730000,szuterén,-1.0,,,,,,1950-1979 (szocialista modern),2008,Ligettelek,,,,"Budapest X. kerület, Ligettelek",2,0,2.0,Ligettelek,Tégla lakás,Lépj kapcsolatba a hirdetővel,,Ingatlaniroda,4,1968.0
35457769,elado,https://ingatlan.com/35457769,"Eladó csúsztatott zsalus - Budapest X. kerület, Sörgyár utca #35457769",1104,"Budapest X. kerület, Sörgyár utca",Budapest,,,2.0,42.0,1981.0,HUF,42900000,felújítandó,1981 és 2000 között,összkomfortos,2,3,nincs,3 m-nél alacsonyabb,van,nem,egy helyiségben,nincs megadva,utcai,1 m2,nem,udvari beálló - benne van az árban,,25 000 Ft/hó,11 600 Ft/hó,cserépkályha,nincs,nincs megadva,,,,,,,,,,42.0,42.9,1021429,2,2.0,3.0,1.0,11600.0,25000.0,,1980-1999 (késő panel/tégla),1109,Sörgyár utca,,,,"Budapest X. kerület, Sörgyár utca",2,0,2.0,Óhegy,Csúsztatott zsalus lakás,Lépj kapcsolatba a hirdetővel,,Ingatlaniroda,4,1988.0
35457908,elado,https://ingatlan.com/35457908,"Eladó tégla lakás - Budapest X. kerület, Kőbánya - Óhegyi lakótelep #35457908",1103,"Budapest X. kerület, Kőbánya - Óhegyi lakótelep",Budapest,,,1.0,36.0,1950.0,HUF,47500000,felújított,1950 és 1980 között,összkomfortos,földszint,nincs megadva,nincs,3 m-nél alacsonyabb,nincs megadva,nincs megadva,nincs megadva,délnyugat,utcai,nincs megadva,nincs megadva,"utca, közterület",,nincs megadva,nincs megadva,gáz (konvektor),nincs megadva,nincs megadva,nem tetőtéri,,,,,,,,,36.0,47.5,1319444,földszint,0.0,,,,,,1950-1979 (szocialista modern),1628,Kőbánya - Óhegyi lakótelep,,,,"Budapest X. kerület, Kőbánya - Óhegyi lakótelep",1,0,1.0,Óhegy,Tégla lakás,Lépj kapcsolatba a hirdetővel,,Ingatlaniroda,4,1968.0
35458106,elado,https://ingatlan.com/35458106,"Eladó tégla lakás - Budapest X. kerület, Tárna utca #35458106",1106,"Budapest X. kerület, Tárna utca",Budapest,,,2.0,50.0,,HUF,38900000,jó állapotú,nincs megadva,összkomfortos,4,4,van,3 m-nél alacsonyabb,nincs,nem,külön helyiségben,északnyugat,utcai,nincs megadva,igen,"utca, közterület - ingyenes",,nincs megadva,nincs megadva,házközponti egyedi méréssel,nincs megadva,nincs megadva,nem tetőtéri,,,,,,,,,50.0,38.9,778000,4,4.0,4.0,,,,,Nem ismert,881,Tárna utca,,,,"Budapest X. kerület, Tárna utca",2,0,2.0,Gyárdűlő,Tégla lakás,Lépj kapcsolatba a hirdetővel,,Ingatlaniroda,4,
35458388,elado,https://ingatlan.com/35458388,"Eladó csúsztatott zsalus - Budapest X. kerület, Kőrösi Csoma Sándor út 27. #35458388",1102,"Budapest X. kerület, Kőrösi Csoma Sándor út 27.",Budapest,47.484739,19.131978,3.0,64.0,1950.0,HUF,66990000,felújított,1950 és 1980 között,összkomfortos,1,10,van,3 m-nél alacsonyabb,van,nem,külön helyiségben,délnyugat,utcai,nincs megadva,nem,"utca, közterület - ingyenes",,18 000 Ft/hó,15 680 Ft/hó,távfűtés,van,C,,,,,,,,,,64.0,66.99,1046719,1,1.0,10.0,,15680.0,18000.0,,1950-1979 (szocialista modern),2379,Kőrösi Csoma Sándor út,27,27,27,"Budapest X. kerület, Kőrösi Csoma Sándor út 27.",3,0,3.0,Kőbánya-Városközpont,Csúsztatott zsalus lakás,Lépj kapcsolatba a hirdetővel,,Ingatlaniroda,2,1968.0
35458722,elado,https://ingatlan.com/35458722,"Eladó tégla lakás - Budapest X. kerület, Gyárdűlő #35458722",1107,"Budapest X. kerület, Gyárdűlő",Budapest,,,5.0,93.0,2019.0,HUF,159990000,újszerű,2019,duplakomfortos,2,nincs megadva,van,3 m-nél alacsonyabb,van,nincs megadva,nincs megadva,nyugat,kertre néz,10 m2,nincs megadva,teremgarázs hely,,nincs megadva,nincs megadva,házközponti egyedi méréssel,van,A+,nem tetőtéri,,,,,,,,,93.0,159.99,1720323,2,2.0,,10.0,,,2019.0,2000-2019 (újszerű),3180,Gyárdűlő,,,,"Budapest X. kerület, Gyárdűlő",5,0,5.0,Gyárdűlő,Tégla lakás,Lépj kapcsolatba a hirdetővel,,Ingatlaniroda,4,2019.0
35458844,elado,https://ingatlan.com/35458844,"Eladó tégla lakás - Budapest X. kerület, Kőrösi Csoma Sándor út 35-37. #35458844",1102,"Budapest X. kerület, Kőrösi Csoma Sándor út 35-37.",Budapest,47.488395,19.135402,2.0,53.0,1950.0,HUF,67900000,felújított,1950 és 1980 között,összkomfortos,7,10,van,3 m-nél alacsonyabb,van,nincs megadva,nincs megadva,nincs megadva,panorámás,7 m2,nincs megadva,"utca, közterület - ingyenes",,nincs megadva,9 000 Ft/hó,"házközponti egyedi méréssel, hűtő-fűtő klíma",nincs megadva,nincs megadva,nem tetőtéri,,,,,,,,,53.0,67.9,1281132,7,7.0,10.0,7.0,9000.0,,,1950-1979 (szocialista modern),2779,Kőrösi Csoma Sándor út,35-37,,35-37,"Budapest X. kerület, Kőrösi Csoma Sándor út 35-37.",2,0,2.0,Kőbánya-Városközpont,Tégla lakás,Lépj kapcsolatba a hirdetővel,,Ingatlaniroda,2,1968.0
35459277,elado,https://ingatlan.com/35459277,"Eladó panel lakás - Budapest X. kerület, Gőzmozdony utca 18. #35459277",1108,"Budapest X. kerület, Gőzmozdony utca 18.",Budapest,47.467576,19.158214,2.0,52.0,1950.0,HUF,59900000,jó állapotú,1950 és 1980 között,összkomfortos,5,10,van,3 m-nél alacsonyabb,van,igen,külön helyiségben,délkelet,panorámás,4 m2,nem,"utca, közterület",,nincs megadva,18 250 Ft/hó,távfűtés,nincs megadva,C,nincs megadva,nincs megadva,,,,,,,,52.0,59.9,1151923,5,5.0,10.0,4.0,18250.0,,,1950-1979 (szocialista modern),2725,Gőzmozdony utca,18,,18,"Budapest X. kerület, Gőzmozdony utca 18.",2,0,2.0,Újhegy,Panel lakás,Lépj kapcsolatba a hirdetővel,,Ingatlaniroda,4,1968.0
35459616,elado,https://ingatlan.com/35459616,"Eladó panel lakás - Budapest X. kerület, Harmat utca #35459616",1104,"Budapest X. kerület, Harmat utca",Budapest,,,2.0,53.0,,HUF,66900000,felújított,nincs megadva,összkomfortos,10,10,van,nincs megadva,van,nincs megadva,külön helyiségben,nincs megadva,panorámás,4 m2,nincs megadva,"utca, közterület - ingyenes",,nincs megadva,nincs megadva,nincs megadva,van,nincs megadva,nincs megadva,nincs megadva,,,,,,,,53.0,66.9,1262264,10,10.0,10.0,4.0,,,,Nem ismert,1226,Harmat utca,,53,53,"Budapest X. kerület, Harmat utca 53.",2,0,2.0,Óhegy,Panel lakás,Lépj kapcsolatba a hirdetővel,,Ingatlaniroda,4,
35459679,elado,https://ingatlan.com/35459679,"Eladó panel lakás - Budapest X. kerület, Szövőszék utca #35459679",1108,"Budapest X. kerület, Szövőszék utca",Budapest,,,3.0,70.0,1950.0,HUF,85000000,felújított,1950 és 1980 között,összkomfortos,4,10,van,nincs megadva,nincs,igen,külön helyiségben,kelet,panorámás,3 m2,nem,önálló garázs,,35 000 Ft/hó,35 000 Ft/hó,távfűtés,van - 15 cm,A+++,nem tetőtéri,nem vett részt,,,,,,,,70.0,85.0,1214286,4,4.0,10.0,3.0,35000.0,35000.0,,1950-1979 (szocialista modern),1076,Szövőszék utca,,,,"Budapest X. kerület, Szövőszék utca",3,0,3.0,Újhegy,Panel lakás,Lépj kapcsolatba a hirdetővel,,Ingatlaniroda,2,1968.0
35460292,elado,https://ingatlan.com/35460292,"Eladó panel lakás - Budapest X. kerület, Cserkesz utca #35460292",1105,"Budapest X. kerület, Cserkesz utca",Budapest,,,3.0,64.0,1950.0,HUF,67490000,közepes állapotú,1950 és 1980 között,összkomfortos,3,nincs megadva,van,3 m-nél alacsonyabb,nincs megadva,igen,nincs megadva,északkelet,utcai,nincs megadva,nincs megadva,"utca, közterület",,nincs megadva,15 000 Ft/hó,házközponti,nincs megadva,nincs megadva,nem tetőtéri,nincs megadva,,,,,,,,64.0,67.49,1054531,3,3.0,,,15000.0,,,1950-1979 (szocialista modern),1207,Cserkesz utca,,,,"Budapest X. kerület, Cserkesz utca",3,0,3.0,Kőbánya-Városközpont,Panel lakás,Lépj kapcsolatba a hirdetővel,,Ingatlaniroda,4,1968.0
35460591,elado,https://ingatlan.com/35460591,"Eladó tégla lakás - Budapest X. kerület, Harmat utca 22. #35460591",1104,"Budapest X. kerület, Harmat utca 22.",Budapest,47.4872,19.1401,2.0,49.0,2028.0,HUF,77940000,új építésű,2028,összkomfortos,földszint,5,van,nincs megadva,van,igen,nincs megadva,délnyugat,udvari,6 m2,igen,teremgarázs hely - megvásárolható,"4,90 MFt",nincs megadva,nincs megadva,"mennyezeti hűtés-fűtés, hőszivattyú",van - 15 cm,A,nem tetőtéri,,,,,,,,,49.0,77.94,1590612,földszint,0.0,5.0,6.0,,,2028.0,2020 után (új építésű),701,Harmat utca,22,,22,"Budapest X. kerület, Harmat utca 22.",2,0,2.0,Óhegy,Tégla lakás,Lépj kapcsolatba a hirdetővel,,Ingatlaniroda,4,2028.0
35460594,elado,https://ingatlan.com/35460594,"Eladó tégla lakás - Budapest X. kerület, Harmat utca 22. #35460594",1104,"Budapest X. kerület, Harmat utca 22.",Budapest,47.4872,19.1401,1.0,34.0,2028.0,HUF,51280000,új építésű,2028,duplakomfortos,2,5,van,nincs megadva,van,igen,nincs megadva,északkelet,utcai,5.4 m2,nem,teremgarázs hely - megvásárolható,"4,90 MFt",nincs megadva,nincs megadva,"mennyezeti hűtés-fűtés, hőszivattyú",van - 15 cm,A,nem tetőtéri,,,,,,,,,34.0,51.28,1508235,2,2.0,5.0,5.4,,,2028.0,2020 után (új építésű),701,Harmat utca,22,,22,"Budapest X. kerület, Harmat utca 22.",1,0,1.0,Óhegy,Tégla lakás,Lépj kapcsolatba a hirdetővel,,Ingatlaniroda,4,2028.0
35460596,elado,https://ingatlan.com/35460596,"Eladó tégla lakás - Budapest X. kerület, Harmat utca 22. #35460596",1104,"Budapest X. kerület, Harmat utca 22.",Budapest,47.4872,19.1401,4.0,76.0,2028.0,HUF,108590000,új építésű,2028,duplakomfortos,2,5,van,nincs megadva,van,igen,nincs megadva,délnyugat,udvari,22.86 m2,nem,teremgarázs hely - megvásárolható,"4,90 MFt",nincs megadva,nincs megadva,"mennyezeti hűtés-fűtés, hőszivattyú",van - 15 cm,A,nem tetőtéri,,,,,,,,,76.0,108.59,1428816,2,2.0,5.0,22.86,,,2028.0,2020 után (új építésű),701,Harmat utca,22,,22,"Budapest X. kerület, Harmat utca 22.",4,0,4.0,Óhegy,Tégla lakás,Lépj kapcsolatba a hirdetővel,,Ingatlaniroda,4,2028.0
35460601,elado,https://ingatlan.com/35460601,"Eladó tégla lakás - Budapest X. kerület, Harmat utca 22. #35460601",1104,"Budapest X. kerület, Harmat utca 22.",Budapest,47.4872,19.1401,3.0,57.0,2028.0,HUF,98180000,új építésű,2028,duplakomfortos,3,5,van,nincs megadva,van,igen,nincs megadva,északnyugat,udvari,40.52 m2,nem,teremgarázs hely - megvásárolható,"4,90 MFt",nincs megadva,nincs megadva,"mennyezeti hűtés-fűtés, hőszivattyú",van - 15 cm,A,nem tetőtéri,,,,,,,,,57.0,98.18,1722456,3,3.0,5.0,40.52,,,2028.0,2020 után (új építésű),701,Harmat utca,22,,22,"Budapest X. kerület, Harmat utca 22.",3,0,3.0,Óhegy,Tégla lakás,Lépj kapcsolatba a hirdetővel,,Ingatlaniroda,4,2028.0
35460605,elado,https://ingatlan.com/35460605,"Eladó tégla lakás - Budapest X. kerület, Harmat utca 22. #35460605",1104,"Budapest X. kerület, Harmat utca 22.",Budapest,47.4872,19.1401,2.0,42.0,2028.0,HUF,61260000,új építésű,2028,duplakomfortos,4,5,van,nincs megadva,van,igen,nincs megadva,délkelet,utcai,11.95 m2,nem,teremgarázs hely - megvásárolható,"4,90 MFt",nincs megadva,nincs megadva,"mennyezeti hűtés-fűtés, hőszivattyú",van - 15 cm,A,nem tetőtéri,,,,,,,,,42.0,61.26,1458571,4,4.0,5.0,11.95,,,2028.0,2020 után (új építésű),701,Harmat utca,22,,22,"Budapest X. kerület, Harmat utca 22.",2,0,2.0,Óhegy,Tégla lakás,Lépj kapcsolatba a hirdetővel,,Ingatlaniroda,4,2028.0
35460613,elado,https://ingatlan.com/35460613,"Eladó tégla lakás - Budapest X. kerület, Harmat utca 22. #35460613",1104,"Budapest X. kerület, Harmat utca 22.",Budapest,47.4872,19.1401,2.0,49.0,2028.0,HUF,72140000,új építésű,2028,összkomfortos,2,5,van,nincs megadva,van,igen,nincs megadva,délnyugat,udvari,15.81 m2,nem,teremgarázs hely - megvásárolható,"4,90 MFt",nincs megadva,nincs megadva,"mennyezeti hűtés-fűtés, hőszivattyú",van - 15 cm,A,nem tetőtéri,,,,,,,,,49.0,72.14,1472245,2,2.0,5.0,15.81,,,2028.0,2020 után (új építésű),701,Harmat utca,22,,22,"Budapest X. kerület, Harmat utca 22.",2,0,2.0,Óhegy,Tégla lakás,Lépj kapcsolatba a hirdetővel,,Ingatlaniroda,4,2028.0
35460616,elado,https://ingatlan.com/35460616,"Eladó tégla lakás - Budapest X. kerület, Harmat utca 22. #35460616",1104,"Budapest X. kerület, Harmat utca 22.",Budapest,47.4872,19.1401,1.0,34.0,2028.0,HUF,49260000,új építésű,2028,összkomfortos,1,5,van,nincs megadva,van,igen,nincs megadva,északkelet,utcai,3.51 m2,nem,teremgarázs hely - megvásárolható,"4,90 MFt",nincs megadva,nincs megadva,"mennyezeti hűtés-fűtés, hőszivattyú",van - 15 cm,A,nem tetőtéri,,,,,,,,,34.0,49.26,1448824,1,1.0,5.0,3.51,,,2028.0,2020 után (új építésű),701,Harmat utca,22,,22,"Budapest X. kerület, Harmat utca 22.",1,0,1.0,Óhegy,Tégla lakás,Lépj kapcsolatba a hirdetővel,,Ingatlaniroda,4,2028.0
35460620,elado,https://ingatlan.com/35460620,"Eladó tégla lakás - Budapest X. kerület, Harmat utca 22. #35460620",1104,"Budapest X. kerület, Harmat utca 22.",Budapest,47.4872,19.1401,2.0,53.0,2028.0,HUF,72860000,új építésű,2028,összkomfortos,földszint,5,van,nincs megadva,van,igen,nincs megadva,északnyugat,udvari,nincs megadva,igen,teremgarázs hely - megvásárolható,"4,90 MFt",nincs megadva,nincs megadva,"mennyezeti hűtés-fűtés, hőszivattyú",van - 15 cm,A,nem tetőtéri,,,,,,,,,53.0,72.86,1374717,földszint,0.0,5.0,,,,2028.0,2020 után (új építésű),701,Harmat utca,22,,22,"Budapest X. kerület, Harmat utca 22.",2,0,2.0,Óhegy,Tégla lakás,Lépj kapcsolatba a hirdetővel,,Ingatlaniroda,4,2028.0
35460623,elado,https://ingatlan.com/35460623,"Eladó tégla lakás - Budapest X. kerület, Harmat utca 22. #35460623",1104,"Budapest X. kerület, Harmat utca 22.",Budapest,47.4872,19.1401,2.0,49.0,2028.0,HUF,70990000,új építésű,2028,összkomfortos,1,5,van,nincs megadva,van,igen,nincs megadva,délnyugat,udvari,15.81 m2,nem,teremgarázs hely - megvásárolható,"4,90 MFt",nincs megadva,nincs megadva,"mennyezeti hűtés-fűtés, hőszivattyú",van - 15 cm,A,nem tetőtéri,,,,,,,,,49.0,70.99,1448776,1,1.0,5.0,15.81,,,2028.0,2020 után (új építésű),701,Harmat utca,22,,22,"Budapest X. kerület, Harmat utca 22.",2,0,2.0,Óhegy,Tégla lakás,Lépj kapcsolatba a hirdetővel,,Ingatlaniroda,4,2028.0
35460644,elado,https://ingatlan.com/35460644,"Eladó tégla lakás - Budapest X. kerület, Harmat utca 22. #35460644",1104,"Budapest X. kerület, Harmat utca 22.",Budapest,47.4872,19.1401,4.0,96.0,2028.0,HUF,137420000,új építésű,2028,duplakomfortos,3,5,van,nincs megadva,van,igen,nincs megadva,délkelet,udvari,31.07 m2,nem,teremgarázs hely - megvásárolható,"4,90 MFt",nincs megadva,nincs megadva,"mennyezeti hűtés-fűtés, hőszivattyú",van - 15 cm,A,nem tetőtéri,,,,,,,,,96.0,137.42,1431458,3,3.0,5.0,31.07,,,2028.0,2020 után (új építésű),701,Harmat utca,22,,22,"Budapest X. kerület, Harmat utca 22.",4,0,4.0,Óhegy,Tégla lakás,Lépj kapcsolatba a hirdetővel,,Ingatlaniroda,4,2028.0
35460651,elado,https://ingatlan.com/35460651,"Eladó tégla lakás - Budapest X. kerület, Harmat utca 22. #35460651",1104,"Budapest X. kerület, Harmat utca 22.",Budapest,47.4872,19.1401,2.0,53.0,2028.0,HUF,72330000,új építésű,2028,összkomfortos,2,5,van,nincs megadva,van,igen,nincs megadva,északnyugat,udvari,5.77 m2,nem,teremgarázs hely - megvásárolható,"4,90 MFt",nincs megadva,nincs megadva,"mennyezeti hűtés-fűtés, hőszivattyú",van - 15 cm,A,nem tetőtéri,,,,,,,,,53.0,72.33,1364717,2,2.0,5.0,5.77,,,2028.0,2020 után (új építésű),701,Harmat utca,22,,22,"Budapest X. kerület, Harmat utca 22.",2,0,2.0,Óhegy,Tégla lakás,Lépj kapcsolatba a hirdetővel,,Ingatlaniroda,4,2028.0
35460653,elado,https://ingatlan.com/35460653,"Eladó tégla lakás - Budapest X. kerület, Harmat utca 22. #35460653",1104,"Budapest X. kerület, Harmat utca 22.",Budapest,47.4872,19.1401,4.0,93.0,2028.0,HUF,127430000,új építésű,2028,duplakomfortos,2,5,van,nincs megadva,van,igen,nincs megadva,északnyugat,utcai,26.97 m2,nem,teremgarázs hely - megvásárolható,"4,90 MFt",nincs megadva,nincs megadva,"mennyezeti hűtés-fűtés, hőszivattyú",van - 15 cm,A,nem tetőtéri,,,,,,,,,93.0,127.43,1370215,2,2.0,5.0,26.97,,,2028.0,2020 után (új építésű),701,Harmat utca,22,,22,"Budapest X. kerület, Harmat utca 22.",4,0,4.0,Óhegy,Tégla lakás,Lépj kapcsolatba a hirdetővel,,Ingatlaniroda,4,2028.0
35460656,elado,https://ingatlan.com/35460656,"Eladó tégla lakás - Budapest X. kerület, Harmat utca 22. #35460656",1104,"Budapest X. kerület, Harmat utca 22.",Budapest,47.4872,19.1401,3.0,57.0,2028.0,HUF,84580000,új építésű,2028,összkomfortos,2,5,van,nincs megadva,van,igen,nincs megadva,délkelet,udvari,17.18 m2,nem,teremgarázs hely - megvásárolható,"4,90 MFt",nincs megadva,nincs megadva,"mennyezeti hűtés-fűtés, hőszivattyú",van - 15 cm,A,nem tetőtéri,,,,,,,,,57.0,84.58,1483860,2,2.0,5.0,17.18,,,2028.0,2020 után (új építésű),701,Harmat utca,22,,22,"Budapest X. kerület, Harmat utca 22.",3,0,3.0,Óhegy,Tégla lakás,Lépj kapcsolatba a hirdetővel,,Ingatlaniroda,4,2028.0
35460657,elado,https://ingatlan.com/35460657,"Eladó tégla lakás - Budapest X. kerület, Harmat utca 22. #35460657",1104,"Budapest X. kerület, Harmat utca 22.",Budapest,47.4872,19.1401,3.0,64.0,2028.0,HUF,87090000,új építésű,2028,összkomfortos,1,5,van,nincs megadva,van,igen,nincs megadva,északkelet,utcai,12.21 m2,nem,teremgarázs hely - megvásárolható,"4,90 MFt",nincs megadva,nincs megadva,"mennyezeti hűtés-fűtés, hőszivattyú",van - 15 cm,A,nem tetőtéri,,,,,,,,,64.0,87.09,1360781,1,1.0,5.0,12.21,,,2028.0,2020 után (új építésű),701,Harmat utca,22,,22,"Budapest X. kerület, Harmat utca 22.",3,0,3.0,Óhegy,Tégla lakás,Lépj kapcsolatba a hirdetővel,,Ingatlaniroda,4,2028.0
35460660,elado,https://ingatlan.com/35460660,"Eladó tégla lakás - Budapest X. kerület, Harmat utca 22. #35460660",1104,"Budapest X. kerület, Harmat utca 22.",Budapest,47.4872,19.1401,4.0,93.0,2028.0,HUF,125290000,új építésű,2028,duplakomfortos,1,5,van,nincs megadva,van,igen,nincs megadva,délkelet,utcai,26.95 m2,nem,teremgarázs hely - megvásárolható,"4,90 MFt",nincs megadva,nincs megadva,"mennyezeti hűtés-fűtés, hőszivattyú",van - 15 cm,A,nem tetőtéri,,,,,,,,,93.0,125.29,1347204,1,1.0,5.0,26.95,,,2028.0,2020 után (új építésű),701,Harmat utca,22,,22,"Budapest X. kerület, Harmat utca 22.",4,0,4.0,Óhegy,Tégla lakás,Lépj kapcsolatba a hirdetővel,,Ingatlaniroda,4,2028.0
35460664,elado,https://ingatlan.com/35460664,"Eladó tégla lakás - Budapest X. kerület, Harmat utca 22. #35460664",1104,"Budapest X. kerület, Harmat utca 22.",Budapest,47.4872,19.1401,2.0,44.0,2028.0,HUF,63810000,új építésű,2028,összkomfortos,2,5,van,nincs megadva,van,igen,nincs megadva,északnyugat,udvari,10.25 m2,nem,teremgarázs hely - megvásárolható,"4,90 MFt",nincs megadva,nincs megadva,"mennyezeti hűtés-fűtés, hőszivattyú",van - 15 cm,A,nem tetőtéri,,,,,,,,,44.0,63.81,1450227,2,2.0,5.0,10.25,,,2028.0,2020 után (új építésű),701,Harmat utca,22,,22,"Budapest X. kerület, Harmat utca 22.",2,0,2.0,Óhegy,Tégla lakás,Lépj kapcsolatba a hirdetővel,,Ingatlaniroda,4,2028.0
35460668,elado,https://ingatlan.com/35460668,"Eladó tégla lakás - Budapest X. kerület, Harmat utca 22. #35460668",1104,"Budapest X. kerület, Harmat utca 22.",Budapest,47.4872,19.1401,3.0,62.0,2028.0,HUF,83380000,új építésű,2028,összkomfortos,4,5,van,nincs megadva,van,igen,nincs megadva,dél,udvari,10.9 m2,nem,teremgarázs hely - megvásárolható,"4,90 MFt",nincs megadva,nincs megadva,"mennyezeti hűtés-fűtés, hőszivattyú",van - 15 cm,A,nem tetőtéri,,,,,,,,,62.0,83.38,1344839,4,4.0,5.0,10.9,,,2028.0,2020 után (új építésű),701,Harmat utca,22,,22,"Budapest X. kerület, Harmat utca 22.",3,0,3.0,Óhegy,Tégla lakás,Lépj kapcsolatba a hirdetővel,,Ingatlaniroda,4,2028.0
35460673,elado,https://ingatlan.com/35460673,"Eladó tégla lakás - Budapest X. kerület, Harmat utca 22. #35460673",1104,"Budapest X. kerület, Harmat utca 22.",Budapest,47.4872,19.1401,2.0,54.0,2028.0,HUF,73810000,új építésű,2028,összkomfortos,4,5,van,nincs megadva,van,igen,nincs megadva,északnyugat,udvari,11.68 m2,nem,teremgarázs hely - megvásárolható,"4,90 MFt",nincs megadva,nincs megadva,"mennyezeti hűtés-fűtés, hőszivattyú",van - 15 cm,A,nem tetőtéri,,,,,,,,,54.0,73.81,1366852,4,4.0,5.0,11.68,,,2028.0,2020 után (új építésű),701,Harmat utca,22,,22,"Budapest X. kerület, Harmat utca 22.",2,0,2.0,Óhegy,Tégla lakás,Lépj kapcsolatba a hirdetővel,,Ingatlaniroda,4,2028.0
35460678,elado,https://ingatlan.com/35460678,"Eladó tégla lakás - Budapest X. kerület, Harmat utca 22. #35460678",1104,"Budapest X. kerület, Harmat utca 22.",Budapest,47.4872,19.1401,2.0,53.0,2028.0,HUF,71210000,új építésű,2028,összkomfortos,1,5,van,nincs megadva,van,igen,nincs megadva,északnyugat,udvari,5.77 m2,nem,teremgarázs hely - megvásárolható,"4,90 MFt",nincs megadva,nincs megadva,"mennyezeti hűtés-fűtés, hőszivattyú",van - 15 cm,A,nem tetőtéri,,,,,,,,,53.0,71.21,1343585,1,1.0,5.0,5.77,,,2028.0,2020 után (új építésű),701,Harmat utca,22,,22,"Budapest X. kerület, Harmat utca 22.",2,0,2.0,Óhegy,Tégla lakás,Lépj kapcsolatba a hirdetővel,,Ingatlaniroda,4,2028.0
35460682,elado,https://ingatlan.com/35460682,"Eladó tégla lakás - Budapest X. kerület, Harmat utca 22. #35460682",1104,"Budapest X. kerület, Harmat utca 22.",Budapest,47.4872,19.1401,4.0,75.0,2028.0,HUF,102580000,új építésű,2028,duplakomfortos,1,5,van,nincs megadva,van,igen,nincs megadva,délnyugat,udvari,16.08 m2,nem,teremgarázs hely - megvásárolható,"4,90 MFt",nincs megadva,nincs megadva,"mennyezeti hűtés-fűtés, hőszivattyú",van - 15 cm,A,nem tetőtéri,,,,,,,,,75.0,102.58,1367733,1,1.0,5.0,16.08,,,2028.0,2020 után (új építésű),701,Harmat utca,22,,22,"Budapest X. kerület, Harmat utca 22.",4,0,4.0,Óhegy,Tégla lakás,Lépj kapcsolatba a hirdetővel,,Ingatlaniroda,4,2028.0
35461173,elado,https://ingatlan.com/35461173,"Eladó tégla lakás - Budapest X. kerület, Füzér utca 38/A #35461173",1102,"Budapest X. kerület, Füzér utca 38/A",Budapest,47.487148,19.128056,1.0,28.0,,HUF,21900000,felújított,nincs megadva,összkomfortos,szuterén,3,nincs megadva,3 m-nél alacsonyabb,nincs megadva,nincs megadva,egy helyiségben,nincs megadva,nincs megadva,nincs megadva,nincs megadva,"utca, közterület - ingyenes",,nincs megadva,12 000 Ft/hó,elektromos fűtőpanel,nincs megadva,nincs megadva,nincs megadva,,,,,,,,,28.0,21.9,782143,szuterén,-1.0,3.0,,12000.0,,,Nem ismert,949,Füzér utca,38/A,38/A,38/A,"Budapest X. kerület, Füzér utca 38/A.",1,0,1.0,Ligettelek,Tégla lakás,Lépj kapcsolatba a hirdetővel,,Ingatlaniroda,4,
35461271,elado,https://ingatlan.com/35461271,"Eladó csúsztatott zsalus - Budapest X. kerület, Mádi utca #35461271",1104,"Budapest X. kerület, Mádi utca",Budapest,,,2.0,48.0,1950.0,HUF,56900000,jó állapotú,1950 és 1980 között,összkomfortos,3,4,nincs,nincs megadva,nincs megadva,nincs megadva,külön helyiségben,délkelet,kertre néz,nincs megadva,nincs megadva,"utca, közterület - ingyenes",,13 000 Ft/hó,15 Ft/hó,gáz (konvektor),nincs,nincs megadva,,,,,,,,,,48.0,56.9,1185417,3,3.0,4.0,,15.0,13000.0,,1950-1979 (szocialista modern),2291,Mádi utca,,,,"Budapest X. kerület, Mádi utca",2,0,2.0,Óhegy,Csúsztatott zsalus lakás,Lépj kapcsolatba a hirdetővel,,Ingatlaniroda,4,1968.0
35462587,elado,https://ingatlan.com/35462587,"Eladó tégla lakás - Budapest X. kerület, Harmat utca 22. #35462587",1104,"Budapest X. kerület, Harmat utca 22.",Budapest,47.4872,19.1401,2.0,44.0,2028.0,HUF,63780000,új építésű,2028,összkomfortos,1,5,van,nincs megadva,van,igen,nincs megadva,délkelet,udvari,10.22 m2,nem,teremgarázs hely - megvásárolható,"4,90 MFt",nincs megadva,nincs megadva,"mennyezeti hűtés-fűtés, hőszivattyú",van - 15 cm,A,nem tetőtéri,,,,,,,,,44.0,63.78,1449545,1,1.0,5.0,10.22,,,2028.0,2020 után (új építésű),701,Harmat utca,22,,22,"Budapest X. kerület, Harmat utca 22.",2,0,2.0,Óhegy,Tégla lakás,Lépj kapcsolatba a hirdetővel,,Ingatlaniroda,4,2028.0
35462592,elado,https://ingatlan.com/35462592,"Eladó tégla lakás - Budapest X. kerület, Harmat utca 22. #35462592",1104,"Budapest X. kerület, Harmat utca 22.",Budapest,47.4872,19.1401,2.0,49.0,2028.0,HUF,74580000,új építésű,2028,összkomfortos,földszint,5,van,nincs megadva,van,igen,nincs megadva,északnyugat,udvari,5.97 m2,igen,teremgarázs hely - megvásárolható,"4,90 MFt",nincs megadva,nincs megadva,"mennyezeti hűtés-fűtés, hőszivattyú",van - 15 cm,A,nem tetőtéri,,,,,,,,,49.0,74.58,1522041,földszint,0.0,5.0,5.97,,,2028.0,2020 után (új építésű),701,Harmat utca,22,,22,"Budapest X. kerület, Harmat utca 22.",2,0,2.0,Óhegy,Tégla lakás,Lépj kapcsolatba a hirdetővel,,Ingatlaniroda,4,2028.0
35462594,elado,https://ingatlan.com/35462594,"Eladó tégla lakás - Budapest X. kerület, Harmat utca 22. #35462594",1104,"Budapest X. kerület, Harmat utca 22.",Budapest,47.4872,19.1401,2.0,53.0,2028.0,HUF,72330000,új építésű,2028,összkomfortos,1,5,van,nincs megadva,van,igen,nincs megadva,délkelet,udvari,5.77 m2,nem,teremgarázs hely - megvásárolható,"4,90 MFt",nincs megadva,nincs megadva,"mennyezeti hűtés-fűtés, hőszivattyú",van - 15 cm,A,nem tetőtéri,,,,,,,,,53.0,72.33,1364717,1,1.0,5.0,5.77,,,2028.0,2020 után (új építésű),701,Harmat utca,22,,22,"Budapest X. kerület, Harmat utca 22.",2,0,2.0,Óhegy,Tégla lakás,Lépj kapcsolatba a hirdetővel,,Ingatlaniroda,4,2028.0
35462595,elado,https://ingatlan.com/35462595,"Eladó tégla lakás - Budapest X. kerület, Harmat utca 22. #35462595",1104,"Budapest X. kerület, Harmat utca 22.",Budapest,47.4872,19.1401,4.0,93.0,2028.0,HUF,127430000,új építésű,2028,duplakomfortos,1,5,van,nincs megadva,van,igen,nincs megadva,délkelet,udvari,26.95 m2,nem,teremgarázs hely - megvásárolható,"4,90 MFt",nincs megadva,nincs megadva,"mennyezeti hűtés-fűtés, hőszivattyú",van - 15 cm,A,nem tetőtéri,,,,,,,,,93.0,127.43,1370215,1,1.0,5.0,26.95,,,2028.0,2020 után (új építésű),701,Harmat utca,22,,22,"Budapest X. kerület, Harmat utca 22.",4,0,4.0,Óhegy,Tégla lakás,Lépj kapcsolatba a hirdetővel,,Ingatlaniroda,4,2028.0
35462599,elado,https://ingatlan.com/35462599,"Eladó tégla lakás - Budapest X. kerület, Harmat utca 22. #35462599",1104,"Budapest X. kerület, Harmat utca 22.",Budapest,47.4872,19.1401,2.0,54.0,2028.0,HUF,75000000,új építésű,2028,összkomfortos,4,5,van,nincs megadva,van,igen,nincs megadva,délkelet,udvari,11.68 m2,nem,teremgarázs hely - megvásárolható,"4,90 MFt",nincs megadva,nincs megadva,"mennyezeti hűtés-fűtés, hőszivattyú",van - 15 cm,A,nem tetőtéri,,,,,,,,,54.0,75.0,1388889,4,4.0,5.0,11.68,,,2028.0,2020 után (új építésű),701,Harmat utca,22,,22,"Budapest X. kerület, Harmat utca 22.",2,0,2.0,Óhegy,Tégla lakás,Lépj kapcsolatba a hirdetővel,,Ingatlaniroda,4,2028.0
35462605,elado,https://ingatlan.com/35462605,"Eladó tégla lakás - Budapest X. kerület, Harmat utca 22. #35462605",1104,"Budapest X. kerület, Harmat utca 22.",Budapest,47.4872,19.1401,3.0,62.0,2028.0,HUF,84720000,új építésű,2028,összkomfortos,4,5,van,nincs megadva,van,igen,nincs megadva,északnyugat,udvari,10.9 m2,nem,teremgarázs hely - megvásárolható,"4,90 MFt",nincs megadva,nincs megadva,"mennyezeti hűtés-fűtés, hőszivattyú",van - 15 cm,A,nem tetőtéri,,,,,,,,,62.0,84.72,1366452,4,4.0,5.0,10.9,,,2028.0,2020 után (új építésű),701,Harmat utca,22,,22,"Budapest X. kerület, Harmat utca 22.",3,0,3.0,Óhegy,Tégla lakás,Lépj kapcsolatba a hirdetővel,,Ingatlaniroda,4,2028.0
35462612,elado,https://ingatlan.com/35462612,"Eladó tégla lakás - Budapest X. kerület, Harmat utca 22. #35462612",1104,"Budapest X. kerület, Harmat utca 22.",Budapest,47.4872,19.1401,2.0,53.0,2028.0,HUF,71220000,új építésű,2028,összkomfortos,földszint,5,van,nincs megadva,van,igen,nincs megadva,délkelet,udvari,nincs megadva,igen,teremgarázs hely - megvásárolható,"4,90 MFt",nincs megadva,nincs megadva,"mennyezeti hűtés-fűtés, hőszivattyú",van - 15 cm,A,nem tetőtéri,,,,,,,,,53.0,71.22,1343774,földszint,0.0,5.0,,,,2028.0,2020 után (új építésű),701,Harmat utca,22,,22,"Budapest X. kerület, Harmat utca 22.",2,0,2.0,Óhegy,Tégla lakás,Lépj kapcsolatba a hirdetővel,,Ingatlaniroda,4,2028.0
35462616,elado,https://ingatlan.com/35462616,"Eladó tégla lakás - Budapest X. kerület, Harmat utca 22. #35462616",1104,"Budapest X. kerület, Harmat utca 22.",Budapest,47.4872,19.1401,4.0,97.0,2028.0,HUF,132030000,új építésű,2028,összkomfortos,földszint,5,van,nincs megadva,van,igen,nincs megadva,délkelet,udvari,6.6 m2,igen,teremgarázs hely - megvásárolható,"4,90 MFt",nincs megadva,nincs megadva,"mennyezeti hűtés-fűtés, hőszivattyú",van - 15 cm,A,nem tetőtéri,,,,,,,,,97.0,132.03,1361134,földszint,0.0,5.0,6.6,,,2028.0,2020 után (új építésű),701,Harmat utca,22,,22,"Budapest X. kerület, Harmat utca 22.",4,0,4.0,Óhegy,Tégla lakás,Lépj kapcsolatba a hirdetővel,,Ingatlaniroda,4,2028.0
35462620,elado,https://ingatlan.com/35462620,"Eladó tégla lakás - Budapest X. kerület, Harmat utca 22. #35462620",1104,"Budapest X. kerület, Harmat utca 22.",Budapest,47.4872,19.1401,3.0,57.0,2028.0,HUF,99720000,új építésű,2028,összkomfortos,3,5,van,nincs megadva,van,igen,nincs megadva,délkelet,udvari,40.52 m2,nem,teremgarázs hely - megvásárolható,"4,90 MFt",nincs megadva,nincs megadva,"mennyezeti hűtés-fűtés, hőszivattyú",van - 15 cm,A,nem tetőtéri,,,,,,,,,57.0,99.72,1749474,3,3.0,5.0,40.52,,,2028.0,2020 után (új építésű),701,Harmat utca,22,,22,"Budapest X. kerület, Harmat utca 22.",3,0,3.0,Óhegy,Tégla lakás,Lépj kapcsolatba a hirdetővel,,Ingatlaniroda,4,2028.0
35462625,elado,https://ingatlan.com/35462625,"Eladó tégla lakás - Budapest X. kerület, Harmat utca 22. #35462625",1104,"Budapest X. kerület, Harmat utca 22.",Budapest,47.4872,19.1401,4.0,96.0,2028.0,HUF,139650000,új építésű,2028,duplakomfortos,3,5,van,nincs megadva,van,igen,nincs megadva,északnyugat,udvari,31.07 m2,nem,teremgarázs hely - megvásárolható,"4,90 MFt",nincs megadva,nincs megadva,"mennyezeti hűtés-fűtés, hőszivattyú",van - 15 cm,A,nem tetőtéri,,,,,,,,,96.0,139.65,1454688,3,3.0,5.0,31.07,,,2028.0,2020 után (új építésű),701,Harmat utca,22,,22,"Budapest X. kerület, Harmat utca 22.",4,0,4.0,Óhegy,Tégla lakás,Lépj kapcsolatba a hirdetővel,,Ingatlaniroda,4,2028.0
35462628,elado,https://ingatlan.com/35462628,"Eladó tégla lakás - Budapest X. kerület, Harmat utca 22. #35462628",1104,"Budapest X. kerület, Harmat utca 22.",Budapest,47.4872,19.1401,4.0,76.0,2028.0,HUF,112030000,új építésű,2028,összkomfortos,földszint,5,van,nincs megadva,van,igen,nincs megadva,délnyugat,udvari,7.11 m2,igen,teremgarázs hely - megvásárolható,"4,90 MFt",nincs megadva,nincs megadva,"mennyezeti hűtés-fűtés, hőszivattyú",van - 15 cm,A,nem tetőtéri,,,,,,,,,76.0,112.03,1474079,földszint,0.0,5.0,7.11,,,2028.0,2020 után (új építésű),701,Harmat utca,22,,22,"Budapest X. kerület, Harmat utca 22.",4,0,4.0,Óhegy,Tégla lakás,Lépj kapcsolatba a hirdetővel,,Ingatlaniroda,4,2028.0
35462630,elado,https://ingatlan.com/35462630,"Eladó tégla lakás - Budapest X. kerület, Harmat utca 22. #35462630",1104,"Budapest X. kerület, Harmat utca 22.",Budapest,47.4872,19.1401,4.0,76.0,2028.0,HUF,110330000,új építésű,2028,duplakomfortos,2,5,van,nincs megadva,van,igen,nincs megadva,délnyugat,udvari,22.86 m2,nem,teremgarázs hely - megvásárolható,"4,90 MFt",nincs megadva,nincs megadva,"mennyezeti hűtés-fűtés, hőszivattyú",van - 15 cm,A,nem tetőtéri,,,,,,,,,76.0,110.33,1451711,2,2.0,5.0,22.86,,,2028.0,2020 után (új építésű),701,Harmat utca,22,,22,"Budapest X. kerület, Harmat utca 22.",4,0,4.0,Óhegy,Tégla lakás,Lépj kapcsolatba a hirdetővel,,Ingatlaniroda,4,2028.0
35462633,elado,https://ingatlan.com/35462633,"Eladó tégla lakás - Budapest X. kerület, Harmat utca 22. #35462633",1104,"Budapest X. kerület, Harmat utca 22.",Budapest,47.4872,19.1401,3.0,64.0,2028.0,HUF,89920000,új építésű,2028,összkomfortos,2,5,van,nincs megadva,van,igen,nincs megadva,északkelet,utcai,12.21 m2,nem,teremgarázs hely - megvásárolható,"4,90 MFt",nincs megadva,nincs megadva,"mennyezeti hűtés-fűtés, hőszivattyú",van - 15 cm,A,nem tetőtéri,,,,,,,,,64.0,89.92,1405000,2,2.0,5.0,12.21,,,2028.0,2020 után (új építésű),701,Harmat utca,22,,22,"Budapest X. kerület, Harmat utca 22.",3,0,3.0,Óhegy,Tégla lakás,Lépj kapcsolatba a hirdetővel,,Ingatlaniroda,4,2028.0
35462635,elado,https://ingatlan.com/35462635,"Eladó tégla lakás - Budapest X. kerület, Harmat utca 22. #35462635",1104,"Budapest X. kerület, Harmat utca 22.",Budapest,47.4872,19.1401,2.0,49.0,2028.0,HUF,72140000,új építésű,2028,összkomfortos,1,5,van,nincs megadva,van,igen,nincs megadva,délnyugat,udvari,15.81 m2,nem,teremgarázs hely - megvásárolható,"4,90 MFt",nincs megadva,nincs megadva,"mennyezeti hűtés-fűtés, hőszivattyú",van - 15 cm,A,nem tetőtéri,,,,,,,,,49.0,72.14,1472245,1,1.0,5.0,15.81,,,2028.0,2020 után (új építésű),701,Harmat utca,22,,22,"Budapest X. kerület, Harmat utca 22.",2,0,2.0,Óhegy,Tégla lakás,Lépj kapcsolatba a hirdetővel,,Ingatlaniroda,4,2028.0
35462637,elado,https://ingatlan.com/35462637,"Eladó tégla lakás - Budapest X. kerület, Harmat utca 22. #35462637",1104,"Budapest X. kerület, Harmat utca 22.",Budapest,47.4872,19.1401,4.0,93.0,2028.0,HUF,129560000,új építésű,2028,duplakomfortos,2,5,van,nincs megadva,van,igen,nincs megadva,délkelet,udvari,26.97 m2,nem,teremgarázs hely - megvásárolható,"4,90 MFt",nincs megadva,nincs megadva,"mennyezeti hűtés-fűtés, hőszivattyú",van - 15 cm,A,nem tetőtéri,,,,,,,,,93.0,129.56,1393118,2,2.0,5.0,26.97,,,2028.0,2020 után (új építésű),701,Harmat utca,22,,22,"Budapest X. kerület, Harmat utca 22.",4,0,4.0,Óhegy,Tégla lakás,Lépj kapcsolatba a hirdetővel,,Ingatlaniroda,4,2028.0
35462642,elado,https://ingatlan.com/35462642,"Eladó tégla lakás - Budapest X. kerület, Harmat utca 22. #35462642",1104,"Budapest X. kerület, Harmat utca 22.",Budapest,47.4872,19.1401,2.0,53.0,2028.0,HUF,73440000,új építésű,2028,összkomfortos,2,5,van,nincs megadva,van,igen,nincs megadva,délkelet,udvari,5.77 m2,nem,teremgarázs hely - megvásárolható,"4,90 MFt",nincs megadva,nincs megadva,"mennyezeti hűtés-fűtés, hőszivattyú",van - 15 cm,A,nem tetőtéri,,,,,,,,,53.0,73.44,1385660,2,2.0,5.0,5.77,,,2028.0,2020 után (új építésű),701,Harmat utca,22,,22,"Budapest X. kerület, Harmat utca 22.",2,0,2.0,Óhegy,Tégla lakás,Lépj kapcsolatba a hirdetővel,,Ingatlaniroda,4,2028.0
35462646,elado,https://ingatlan.com/35462646,"Eladó tégla lakás - Budapest X. kerület, Harmat utca 22. #35462646",1104,"Budapest X. kerület, Harmat utca 22.",Budapest,47.4872,19.1401,2.0,44.0,2028.0,HUF,64790000,új építésű,2028,összkomfortos,2,5,van,nincs megadva,van,igen,nincs megadva,délkelet,udvari,10.25 m2,nem,teremgarázs hely - megvásárolható,"4,90 MFt",nincs megadva,nincs megadva,"mennyezeti hűtés-fűtés, hőszivattyú",van - 15 cm,A,nem tetőtéri,,,,,,,,,44.0,64.79,1472500,2,2.0,5.0,10.25,,,2028.0,2020 után (új építésű),701,Harmat utca,22,,22,"Budapest X. kerület, Harmat utca 22.",2,0,2.0,Óhegy,Tégla lakás,Lépj kapcsolatba a hirdetővel,,Ingatlaniroda,4,2028.0
35462651,elado,https://ingatlan.com/35462651,"Eladó tégla lakás - Budapest X. kerület, Harmat utca 22. #35462651",1104,"Budapest X. kerület, Harmat utca 22.",Budapest,47.4872,19.1401,2.0,49.0,2028.0,HUF,73290000,új építésű,2028,összkomfortos,2,5,van,nincs megadva,van,igen,nincs megadva,délnyugat,udvari,15.81 m2,nem,teremgarázs hely - megvásárolható,"4,90 MFt",nincs megadva,nincs megadva,"mennyezeti hűtés-fűtés, hőszivattyú",van - 15 cm,A,nem tetőtéri,,,,,,,,,49.0,73.29,1495714,2,2.0,5.0,15.81,,,2028.0,2020 után (új építésű),701,Harmat utca,22,,22,"Budapest X. kerület, Harmat utca 22.",2,0,2.0,Óhegy,Tégla lakás,Lépj kapcsolatba a hirdetővel,,Ingatlaniroda,4,2028.0
35462653,elado,https://ingatlan.com/35462653,"Eladó tégla lakás - Budapest X. kerület, Harmat utca 22. #35462653",1104,"Budapest X. kerület, Harmat utca 22.",Budapest,47.4872,19.1401,1.0,34.0,2028.0,HUF,49610000,új építésű,2028,összkomfortos,1,5,van,nincs megadva,van,igen,nincs megadva,északkelet,utcai,3.51 m2,nem,teremgarázs hely - megvásárolható,"4,90 MFt",nincs megadva,nincs megadva,"mennyezeti hűtés-fűtés, hőszivattyú",van - 15 cm,A,nem tetőtéri,,,,,,,,,34.0,49.61,1459118,1,1.0,5.0,3.51,,,2028.0,2020 után (új építésű),701,Harmat utca,22,,22,"Budapest X. kerület, Harmat utca 22.",1,0,1.0,Óhegy,Tégla lakás,Lépj kapcsolatba a hirdetővel,,Ingatlaniroda,4,2028.0
35462656,elado,https://ingatlan.com/35462656,"Eladó tégla lakás - Budapest X. kerület, Harmat utca 22. #35462656",1104,"Budapest X. kerület, Harmat utca 22.",Budapest,47.4872,19.1401,1.0,34.0,2028.0,HUF,51650000,új építésű,2028,összkomfortos,2,5,van,nincs megadva,van,igen,nincs megadva,északkelet,utcai,5.4 m2,nem,teremgarázs hely - megvásárolható,"4,90 MFt",nincs megadva,nincs megadva,"mennyezeti hűtés-fűtés, hőszivattyú",van - 15 cm,A,nem tetőtéri,,,,,,,,,34.0,51.65,1519118,2,2.0,5.0,5.4,,,2028.0,2020 után (új építésű),701,Harmat utca,22,,22,"Budapest X. kerület, Harmat utca 22.",1,0,1.0,Óhegy,Tégla lakás,Lépj kapcsolatba a hirdetővel,,Ingatlaniroda,4,2028.0
35462658,elado,https://ingatlan.com/35462658,"Eladó tégla lakás - Budapest X. kerület, Harmat utca 22. #35462658",1104,"Budapest X. kerület, Harmat utca 22.",Budapest,47.4872,19.1401,3.0,64.0,2028.0,HUF,88480000,új építésű,2028,összkomfortos,1,5,van,nincs megadva,van,igen,nincs megadva,északkelet,utcai,12.21 m2,nem,teremgarázs hely - megvásárolható,"4,90 MFt",nincs megadva,nincs megadva,"mennyezeti hűtés-fűtés, hőszivattyú",van - 15 cm,A,nem tetőtéri,,,,,,,,,64.0,88.48,1382500,1,1.0,5.0,12.21,,,2028.0,2020 után (új építésű),701,Harmat utca,22,,22,"Budapest X. kerület, Harmat utca 22.",3,0,3.0,Óhegy,Tégla lakás,Lépj kapcsolatba a hirdetővel,,Ingatlaniroda,4,2028.0
35462667,elado,https://ingatlan.com/35462667,"Eladó tégla lakás - Budapest X. kerület, Harmat utca 22. #35462667",1104,"Budapest X. kerület, Harmat utca 22.",Budapest,47.4872,19.1401,4.0,74.0,2028.0,HUF,104250000,új építésű,2028,duplakomfortos,1,5,van,nincs megadva,van,igen,nincs megadva,délnyugat,udvari,16.08 m2,nem,teremgarázs hely - megvásárolható,"4,90 MFt",nincs megadva,nincs megadva,"mennyezeti hűtés-fűtés, hőszivattyú",van - 15 cm,A,nem tetőtéri,,,,,,,,,74.0,104.25,1408784,1,1.0,5.0,16.08,,,2028.0,2020 után (új építésű),701,Harmat utca,22,,22,"Budapest X. kerület, Harmat utca 22.",4,0,4.0,Óhegy,Tégla lakás,Lépj kapcsolatba a hirdetővel,,Ingatlaniroda,4,2028.0
35462670,elado,https://ingatlan.com/35462670,"Eladó tégla lakás - Budapest X. kerület, Harmat utca 22. #35462670",1104,"Budapest X. kerület, Harmat utca 22.",Budapest,47.4872,19.1401,2.0,44.0,2028.0,HUF,63450000,új építésű,2028,összkomfortos,4,5,van,nincs megadva,van,igen,nincs megadva,délkelet,udvari,11.98 m2,nem,teremgarázs hely - megvásárolható,"4,90 MFt",nincs megadva,nincs megadva,"mennyezeti hűtés-fűtés, hőszivattyú",van - 15 cm,A,nem tetőtéri,,,,,,,,,44.0,63.45,1442045,4,4.0,5.0,11.98,,,2028.0,2020 után (új építésű),701,Harmat utca,22,,22,"Budapest X. kerület, Harmat utca 22.",2,0,2.0,Óhegy,Tégla lakás,Lépj kapcsolatba a hirdetővel,,Ingatlaniroda,4,2028.0
35462677,elado,https://ingatlan.com/35462677,"Eladó tégla lakás - Budapest X. kerület, Harmat utca 22. #35462677",1104,"Budapest X. kerület, Harmat utca 22.",Budapest,47.4872,19.1401,2.0,42.0,2028.0,HUF,62240000,új építésű,2028,összkomfortos,4,5,van,nincs megadva,van,igen,nincs megadva,északnyugat,udvari,11.95 m2,nem,teremgarázs hely - megvásárolható,"4,90 MFt",nincs megadva,nincs megadva,"mennyezeti hűtés-fűtés, hőszivattyú",van - 15 cm,A,nem tetőtéri,,,,,,,,,42.0,62.24,1481905,4,4.0,5.0,11.95,,,2028.0,2020 után (új építésű),701,Harmat utca,22,,22,"Budapest X. kerület, Harmat utca 22.",2,0,2.0,Óhegy,Tégla lakás,Lépj kapcsolatba a hirdetővel,,Ingatlaniroda,4,2028.0
35462880,elado,https://ingatlan.com/35462880,"Eladó tégla lakás - Budapest X. kerület, Harmat utca 22. #35462880",1104,"Budapest X. kerület, Harmat utca 22.",Budapest,47.4872,19.1401,2.0,54.0,2028.0,HUF,76190000,új építésű,2028,összkomfortos,4,5,van,nincs megadva,van,igen,nincs megadva,északnyugat,udvari,11.68 m2,nem,teremgarázs hely - megvásárolható,"4,90 MFt",nincs megadva,nincs megadva,"mennyezeti hűtés-fűtés, hőszivattyú",van - 15 cm,A,nem tetőtéri,,,,,,,,,54.0,76.19,1410926,4,4.0,5.0,11.68,,,2028.0,2020 után (új építésű),701,Harmat utca,22,,22,"Budapest X. kerület, Harmat utca 22.",2,0,2.0,Óhegy,Tégla lakás,Lépj kapcsolatba a hirdetővel,,Ingatlaniroda,4,2028.0
35462887,elado,https://ingatlan.com/35462887,"Eladó tégla lakás - Budapest X. kerület, Harmat utca 22. #35462887",1104,"Budapest X. kerület, Harmat utca 22.",Budapest,47.4872,19.1401,3.0,57.0,2028.0,HUF,101260000,új építésű,2028,összkomfortos,3,5,van,nincs megadva,van,igen,nincs megadva,északnyugat,udvari,40.52 m2,nem,teremgarázs hely - megvásárolható,"4,90 MFt",nincs megadva,nincs megadva,"mennyezeti hűtés-fűtés, hőszivattyú",van - 15 cm,A,nem tetőtéri,,,,,,,,,57.0,101.26,1776491,3,3.0,5.0,40.52,,,2028.0,2020 után (új építésű),701,Harmat utca,22,,22,"Budapest X. kerület, Harmat utca 22.",3,0,3.0,Óhegy,Tégla lakás,Lépj kapcsolatba a hirdetővel,,Ingatlaniroda,4,2028.0
35462891,elado,https://ingatlan.com/35462891,"Eladó tégla lakás - Budapest X. kerület, Harmat utca 22. #35462891",1104,"Budapest X. kerület, Harmat utca 22.",Budapest,47.4872,19.1401,4.0,96.0,2028.0,HUF,141890000,új építésű,2028,duplakomfortos,3,5,van,nincs megadva,van,igen,nincs megadva,délkelet,udvari,31.07 m2,nem,teremgarázs hely - megvásárolható,"4,90 MFt",nincs megadva,nincs megadva,"mennyezeti hűtés-fűtés, hőszivattyú",van - 15 cm,A,nem tetőtéri,,,,,,,,,96.0,141.89,1478021,3,3.0,5.0,31.07,,,2028.0,2020 után (új építésű),701,Harmat utca,22,,22,"Budapest X. kerület, Harmat utca 22.",4,0,4.0,Óhegy,Tégla lakás,Lépj kapcsolatba a hirdetővel,,Ingatlaniroda,4,2028.0
35462901,elado,https://ingatlan.com/35462901,"Eladó tégla lakás - Budapest X. kerület, Harmat utca 22. #35462901",1104,"Budapest X. kerület, Harmat utca 22.",Budapest,47.4872,19.1401,4.0,93.0,2028.0,HUF,131690000,új építésű,2028,duplakomfortos,2,5,van,nincs megadva,van,igen,nincs megadva,északnyugat,udvari,26.97 m2,nem,teremgarázs hely - megvásárolható,"4,90 MFt",nincs megadva,nincs megadva,"mennyezeti hűtés-fűtés, hőszivattyú",van - 15 cm,A,nem tetőtéri,,,,,,,,,93.0,131.69,1416022,2,2.0,5.0,26.97,,,2028.0,2020 után (új építésű),701,Harmat utca,22,,22,"Budapest X. kerület, Harmat utca 22.",4,0,4.0,Óhegy,Tégla lakás,Lépj kapcsolatba a hirdetővel,,Ingatlaniroda,4,2028.0
35462903,elado,https://ingatlan.com/35462903,"Eladó tégla lakás - Budapest X. kerület, Harmat utca 22. #35462903",1104,"Budapest X. kerület, Harmat utca 22.",Budapest,47.4872,19.1401,2.0,53.0,2028.0,HUF,73440000,új építésű,2028,összkomfortos,1,5,van,nincs megadva,van,igen,nincs megadva,északnyugat,udvari,5.77 m2,nem,teremgarázs hely - megvásárolható,"4,90 MFt",nincs megadva,nincs megadva,"mennyezeti hűtés-fűtés, hőszivattyú",van - 15 cm,A,nem tetőtéri,,,,,,,,,53.0,73.44,1385660,1,1.0,5.0,5.77,,,2028.0,2020 után (új építésű),701,Harmat utca,22,,22,"Budapest X. kerület, Harmat utca 22.",2,0,2.0,Óhegy,Tégla lakás,Lépj kapcsolatba a hirdetővel,,Ingatlaniroda,4,2028.0
35462905,elado,https://ingatlan.com/35462905,"Eladó tégla lakás - Budapest X. kerület, Harmat utca 22. #35462905",1104,"Budapest X. kerület, Harmat utca 22.",Budapest,47.4872,19.1401,2.0,49.0,2028.0,HUF,73290000,új építésű,2028,összkomfortos,1,5,van,nincs megadva,van,igen,nincs megadva,északkelet,udvari,15.81 m2,nem,teremgarázs hely - megvásárolható,"4,90 MFt",nincs megadva,nincs megadva,"mennyezeti hűtés-fűtés, hőszivattyú",van - 15 cm,A,nem tetőtéri,,,,,,,,,49.0,73.29,1495714,1,1.0,5.0,15.81,,,2028.0,2020 után (új építésű),701,Harmat utca,22,,22,"Budapest X. kerület, Harmat utca 22.",2,0,2.0,Óhegy,Tégla lakás,Lépj kapcsolatba a hirdetővel,,Ingatlaniroda,4,2028.0
35462908,elado,https://ingatlan.com/35462908,"Eladó tégla lakás - Budapest X. kerület, Harmat utca 22. #35462908",1104,"Budapest X. kerület, Harmat utca 22.",Budapest,47.4872,19.1401,2.0,53.0,2028.0,HUF,74560000,új építésű,2028,összkomfortos,2,5,van,nincs megadva,van,igen,nincs megadva,északnyugat,udvari,5.77 m2,nem,teremgarázs hely - megvásárolható,"4,90 MFt",nincs megadva,nincs megadva,"mennyezeti hűtés-fűtés, hőszivattyú",van - 15 cm,A,nem tetőtéri,,,,,,,,,53.0,74.56,1406792,2,2.0,5.0,5.77,,,2028.0,2020 után (új építésű),701,Harmat utca,22,,22,"Budapest X. kerület, Harmat utca 22.",2,0,2.0,Óhegy,Tégla lakás,Lépj kapcsolatba a hirdetővel,,Ingatlaniroda,4,2028.0
35462915,elado,https://ingatlan.com/35462915,"Eladó tégla lakás - Budapest X. kerület, Harmat utca 22. #35462915",1104,"Budapest X. kerület, Harmat utca 22.",Budapest,47.4872,19.1401,2.0,44.0,2028.0,HUF,65760000,új építésű,2028,összkomfortos,2,5,van,nincs megadva,van,igen,nincs megadva,északnyugat,udvari,10.25 m2,nem,teremgarázs hely - megvásárolható,"4,90 MFt",nincs megadva,nincs megadva,"mennyezeti hűtés-fűtés, hőszivattyú",van - 15 cm,A,nem tetőtéri,,,,,,,,,44.0,65.76,1494545,2,2.0,5.0,10.25,,,2028.0,2020 után (új építésű),701,Harmat utca,22,,22,"Budapest X. kerület, Harmat utca 22.",2,0,2.0,Óhegy,Tégla lakás,Lépj kapcsolatba a hirdetővel,,Ingatlaniroda,4,2028.0
35462916,elado,https://ingatlan.com/35462916,"Eladó tégla lakás - Budapest X. kerület, Harmat utca 22. #35462916",1104,"Budapest X. kerület, Harmat utca 22.",Budapest,47.4872,19.1401,2.0,49.0,2028.0,HUF,74440000,új építésű,2028,összkomfortos,2,5,van,nincs megadva,van,igen,nincs megadva,északkelet,udvari,15.81 m2,nem,teremgarázs hely - megvásárolható,"4,90 MFt",nincs megadva,nincs megadva,"mennyezeti hűtés-fűtés, hőszivattyú",van - 15 cm,A,nem tetőtéri,,,,,,,,,49.0,74.44,1519184,2,2.0,5.0,15.81,,,2028.0,2020 után (új építésű),701,Harmat utca,22,,22,"Budapest X. kerület, Harmat utca 22.",2,0,2.0,Óhegy,Tégla lakás,Lépj kapcsolatba a hirdetővel,,Ingatlaniroda,4,2028.0
35462921,elado,https://ingatlan.com/35462921,"Eladó tégla lakás - Budapest X. kerület, Harmat utca 22. #35462921",1104,"Budapest X. kerület, Harmat utca 22.",Budapest,47.4872,19.1401,2.0,44.0,2028.0,HUF,71040000,új építésű,2028,összkomfortos,földszint,5,van,nincs megadva,van,igen,nincs megadva,északnyugat,udvari,7.3 m2,igen,teremgarázs hely - megvásárolható,"4,90 MFt",nincs megadva,nincs megadva,"mennyezeti hűtés-fűtés, hőszivattyú",van - 15 cm,A,nem tetőtéri,,,,,,,,,44.0,71.04,1614545,földszint,0.0,5.0,7.3,,,2028.0,2020 után (új építésű),701,Harmat utca,22,,22,"Budapest X. kerület, Harmat utca 22.",2,0,2.0,Óhegy,Tégla lakás,Lépj kapcsolatba a hirdetővel,,Ingatlaniroda,4,2028.0
35462926,elado,https://ingatlan.com/35462926,"Eladó tégla lakás - Budapest X. kerület, Harmat utca 22. #35462926",1104,"Budapest X. kerület, Harmat utca 22.",Budapest,47.4872,19.1401,2.0,49.0,2028.0,HUF,78620000,új építésű,2028,összkomfortos,földszint,5,van,nincs megadva,van,igen,nincs megadva,északkelet,udvari,6 m2,igen,teremgarázs hely - megvásárolható,"4,90 MFt",nincs megadva,nincs megadva,"mennyezeti hűtés-fűtés, hőszivattyú",van - 15 cm,A,nem tetőtéri,,,,,,,,,49.0,78.62,1604490,földszint,0.0,5.0,6.0,,,2028.0,2020 után (új építésű),701,Harmat utca,22,,22,"Budapest X. kerület, Harmat utca 22.",2,0,2.0,Óhegy,Tégla lakás,Lépj kapcsolatba a hirdetővel,,Ingatlaniroda,4,2028.0
35462941,elado,https://ingatlan.com/35462941,"Eladó tégla lakás - Budapest X. kerület, Harmat utca 22. #35462941",1104,"Budapest X. kerület, Harmat utca 22.",Budapest,47.4872,19.1401,4.0,76.0,2028.0,HUF,116090000,új építésű,2028,duplakomfortos,földszint,5,van,nincs megadva,van,igen,nincs megadva,északkelet,udvari,7.1 m2,igen,teremgarázs hely - megvásárolható,"4,90 MFt",nincs megadva,nincs megadva,"mennyezeti hűtés-fűtés, hőszivattyú",van - 15 cm,A,nem tetőtéri,,,,,,,,,76.0,116.09,1527500,földszint,0.0,5.0,7.1,,,2028.0,2020 után (új építésű),701,Harmat utca,22,,22,"Budapest X. kerület, Harmat utca 22.",4,0,4.0,Óhegy,Tégla lakás,Lépj kapcsolatba a hirdetővel,,Ingatlaniroda,4,2028.0
35462944,elado,https://ingatlan.com/35462944,"Eladó tégla lakás - Budapest X. kerület, Harmat utca 22. #35462944",1104,"Budapest X. kerület, Harmat utca 22.",Budapest,47.4872,19.1401,4.0,74.0,2028.0,HUF,105930000,új építésű,2028,duplakomfortos,1,5,van,nincs megadva,van,igen,nincs megadva,északkelet,udvari,16.08 m2,nem,teremgarázs hely - megvásárolható,"4,90 MFt",nincs megadva,nincs megadva,"mennyezeti hűtés-fűtés, hőszivattyú",van - 15 cm,A,nem tetőtéri,,,,,,,,,74.0,105.93,1431486,1,1.0,5.0,16.08,,,2028.0,2020 után (új építésű),701,Harmat utca,22,,22,"Budapest X. kerület, Harmat utca 22.",4,0,4.0,Óhegy,Tégla lakás,Lépj kapcsolatba a hirdetővel,,Ingatlaniroda,4,2028.0
35462955,elado,https://ingatlan.com/35462955,"Eladó tégla lakás - Budapest X. kerület, Harmat utca 22. #35462955",1104,"Budapest X. kerület, Harmat utca 22.",Budapest,47.4872,19.1401,2.0,44.0,2028.0,HUF,64460000,új építésű,2028,összkomfortos,4,5,van,nincs megadva,van,igen,nincs megadva,északnyugat,udvari,11.98 m2,nem,teremgarázs hely - megvásárolható,"4,90 MFt",nincs megadva,nincs megadva,"mennyezeti hűtés-fűtés, hőszivattyú",van - 15 cm,A,nem tetőtéri,,,,,,,,,44.0,64.46,1465000,4,4.0,5.0,11.98,,,2028.0,2020 után (új építésű),701,Harmat utca,22,,22,"Budapest X. kerület, Harmat utca 22.",2,0,2.0,Óhegy,Tégla lakás,Lépj kapcsolatba a hirdetővel,,Ingatlaniroda,4,2028.0
35462968,elado,https://ingatlan.com/35462968,"Eladó tégla lakás - Budapest X. kerület, Harmat utca 22. #35462968",1104,"Budapest X. kerület, Harmat utca 22.",Budapest,47.4872,19.1401,2.0,44.0,2028.0,HUF,64760000,új építésű,2028,összkomfortos,1,5,van,nincs megadva,van,igen,nincs megadva,északnyugat,udvari,10.22 m2,nem,teremgarázs hely - megvásárolható,"4,90 MFt",nincs megadva,nincs megadva,"mennyezeti hűtés-fűtés, hőszivattyú",van - 15 cm,A,nem tetőtéri,,,,,,,,,44.0,64.76,1471818,1,1.0,5.0,10.22,,,2028.0,2020 után (új építésű),701,Harmat utca,22,,22,"Budapest X. kerület, Harmat utca 22.",2,0,2.0,Óhegy,Tégla lakás,Lépj kapcsolatba a hirdetővel,,Ingatlaniroda,4,2028.0
35462970,elado,https://ingatlan.com/35462970,"Eladó tégla lakás - Budapest X. kerület, Harmat utca 22. #35462970",1104,"Budapest X. kerület, Harmat utca 22.",Budapest,47.4872,19.1401,4.0,93.0,2028.0,HUF,129560000,új építésű,2028,duplakomfortos,1,5,van,nincs megadva,van,igen,nincs megadva,északnyugat,udvari,26.95 m2,nem,teremgarázs hely - megvásárolható,"4,90 MFt",nincs megadva,nincs megadva,"mennyezeti hűtés-fűtés, hőszivattyú",van - 15 cm,A,nem tetőtéri,,,,,,,,,93.0,129.56,1393118,1,1.0,5.0,26.95,,,2028.0,2020 után (új építésű),701,Harmat utca,22,,22,"Budapest X. kerület, Harmat utca 22.",4,0,4.0,Óhegy,Tégla lakás,Lépj kapcsolatba a hirdetővel,,Ingatlaniroda,4,2028.0
35462971,elado,https://ingatlan.com/35462971,"Eladó tégla lakás - Budapest X. kerület, Harmat utca 22. #35462971",1104,"Budapest X. kerület, Harmat utca 22.",Budapest,47.4872,19.1401,1.0,34.0,2028.0,HUF,50330000,új építésű,2028,összkomfortos,1,5,van,nincs megadva,van,igen,nincs megadva,délnyugat,udvari,3.51 m2,nem,teremgarázs hely - megvásárolható,"4,90 MFt",nincs megadva,nincs megadva,"mennyezeti hűtés-fűtés, hőszivattyú",van - 15 cm,A,nem tetőtéri,,,,,,,,,34.0,50.33,1480294,1,1.0,5.0,3.51,,,2028.0,2020 után (új építésű),701,Harmat utca,22,,22,"Budapest X. kerület, Harmat utca 22.",1,0,1.0,Óhegy,Tégla lakás,Lépj kapcsolatba a hirdetővel,,Ingatlaniroda,4,2028.0
35462976,elado,https://ingatlan.com/35462976,"Eladó tégla lakás - Budapest X. kerület, Harmat utca 22. #35462976",1104,"Budapest X. kerület, Harmat utca 22.",Budapest,47.4872,19.1401,3.0,57.0,2028.0,HUF,87200000,új építésű,2028,összkomfortos,2,5,van,nincs megadva,van,igen,nincs megadva,délkelet,udvari,17.18 m2,nem,teremgarázs hely - megvásárolható,"4,90 MFt",nincs megadva,nincs megadva,"mennyezeti hűtés-fűtés, hőszivattyú",van - 15 cm,A,nem tetőtéri,,,,,,,,,57.0,87.2,1529825,2,2.0,5.0,17.18,,,2028.0,2020 után (új építésű),701,Harmat utca,22,,22,"Budapest X. kerület, Harmat utca 22.",3,0,3.0,Óhegy,Tégla lakás,Lépj kapcsolatba a hirdetővel,,Ingatlaniroda,4,2028.0
35462978,elado,https://ingatlan.com/35462978,"Eladó tégla lakás - Budapest X. kerület, Harmat utca 22. #35462978",1104,"Budapest X. kerület, Harmat utca 22.",Budapest,47.4872,19.1401,2.0,42.0,2028.0,HUF,63210000,új építésű,2028,összkomfortos,4,5,van,nincs megadva,van,igen,nincs megadva,délkelet,udvari,11.95 m2,nem,teremgarázs hely - megvásárolható,"4,90 MFt",nincs megadva,nincs megadva,"mennyezeti hűtés-fűtés, hőszivattyú",van - 15 cm,A,nem tetőtéri,,,,,,,,,42.0,63.21,1505000,4,4.0,5.0,11.95,,,2028.0,2020 után (új építésű),701,Harmat utca,22,,22,"Budapest X. kerület, Harmat utca 22.",2,0,2.0,Óhegy,Tégla lakás,Lépj kapcsolatba a hirdetővel,,Ingatlaniroda,4,2028.0
35462996,elado,https://ingatlan.com/35462996,"Eladó panel lakás - Budapest X. kerület, Gyakorló utca #35462996",1106,"Budapest X. kerület, Gyakorló utca",Budapest,,,2.0,53.0,,HUF,65900000,közepes állapotú,nincs megadva,összkomfortos,9,10,van,3 m-nél alacsonyabb,nincs megadva,nincs megadva,külön helyiségben,nincs megadva,kertre néz,nincs megadva,nincs megadva,"utca, közterület",,nincs megadva,nincs megadva,nincs megadva,van,nincs megadva,nem tetőtéri,részt vett,,,,,,,,53.0,65.9,1243396,9,9.0,10.0,,,,,Nem ismert,1198,Gyakorló utca,,,,"Budapest X. kerület, Gyakorló utca",2,0,2.0,Felsőrákos,Panel lakás,Lépj kapcsolatba a hirdetővel,,Ingatlaniroda,4,
35463626,elado,https://ingatlan.com/35463626,"Eladó tégla lakás - Budapest X. kerület, Kőbánya-Kertváros #35463626",1106,"Budapest X. kerület, Kőbánya-Kertváros",Budapest,,,2.0,47.0,1940.0,HUF,59900000,felújított,1950 előtt,összkomfortos,2,nincs megadva,nincs megadva,3 m-nél alacsonyabb,nincs megadva,nincs megadva,nincs megadva,délnyugat,utcai,4 m2,nincs megadva,nincs megadva,,nincs megadva,nincs megadva,gáz (konvektor),nincs megadva,B,nem tetőtéri,,,,,,,,,47.0,59.9,1274468,2,2.0,,4.0,,,,1950 előtt (klasszikus polgári/tégla),1156,Kőbánya-Kertváros,,,,"Budapest X. kerület, Kőbánya-Kertváros",2,0,2.0,Kőbánya-Kertváros,Tégla lakás,Lépj kapcsolatba a hirdetővel,,Ingatlaniroda,4,1930.0
35464276,elado,https://ingatlan.com/35464276,"Eladó tégla lakás - Budapest X. kerület, Harmat utca 22. #35464276",1104,"Budapest X. kerület, Harmat utca 22.",Budapest,47.4872,19.1401,2.0,49.0,2028.0,HUF,76590000,új építésű,2028,összkomfortos,földszint,5,van,nincs megadva,van,igen,nincs megadva,északkelet,udvari,6 m2,igen,teremgarázs hely - megvásárolható,"4,90 MFt",nincs megadva,nincs megadva,"mennyezeti hűtés-fűtés, hőszivattyú",van - 15 cm,A,nem tetőtéri,,,,,,,,,49.0,76.59,1563061,földszint,0.0,5.0,6.0,,,2028.0,2020 után (új építésű),701,Harmat utca,22,,22,"Budapest X. kerület, Harmat utca 22.",2,0,2.0,Óhegy,Tégla lakás,Lépj kapcsolatba a hirdetővel,,Ingatlaniroda,4,2028.0
35464280,elado,https://ingatlan.com/35464280,"Eladó tégla lakás - Budapest X. kerület, Harmat utca 22. #35464280",1104,"Budapest X. kerület, Harmat utca 22.",Budapest,47.4872,19.1401,2.0,53.0,2028.0,HUF,73170000,új építésű,2028,összkomfortos,földszint,5,van,nincs megadva,van,igen,nincs megadva,délkelet,udvari,nincs megadva,igen,teremgarázs hely - megvásárolható,"4,90 MFt",nincs megadva,nincs megadva,"mennyezeti hűtés-fűtés, hőszivattyú",van - 15 cm,A,nem tetőtéri,,,,,,,,,53.0,73.17,1380566,földszint,0.0,5.0,,,,2028.0,2020 után (új építésű),701,Harmat utca,22,,22,"Budapest X. kerület, Harmat utca 22.",2,0,2.0,Óhegy,Tégla lakás,Lépj kapcsolatba a hirdetővel,,Ingatlaniroda,4,2028.0
35464288,elado,https://ingatlan.com/35464288,"Eladó tégla lakás - Budapest X. kerület, Harmat utca 22. #35464288",1104,"Budapest X. kerület, Harmat utca 22.",Budapest,47.4872,19.1401,4.0,76.0,2028.0,HUF,117560000,új építésű,2028,duplakomfortos,földszint,5,van,nincs megadva,van,igen,nincs megadva,északkelet,udvari,7.1 m2,igen,teremgarázs hely - megvásárolható,"4,90 MFt",nincs megadva,nincs megadva,"mennyezeti hűtés-fűtés, hőszivattyú",van - 15 cm,A,nem tetőtéri,,,,,,,,,76.0,117.56,1546842,földszint,0.0,5.0,7.1,,,2028.0,2020 után (új építésű),701,Harmat utca,22,,22,"Budapest X. kerület, Harmat utca 22.",4,0,4.0,Óhegy,Tégla lakás,Lépj kapcsolatba a hirdetővel,,Ingatlaniroda,4,2028.0
35464291,elado,https://ingatlan.com/35464291,"Eladó tégla lakás - Budapest X. kerület, Harmat utca 22. #35464291",1104,"Budapest X. kerület, Harmat utca 22.",Budapest,47.4872,19.1401,2.0,49.0,2028.0,HUF,74440000,új építésű,2028,összkomfortos,1,5,van,nincs megadva,van,igen,nincs megadva,északkelet,udvari,15.81 m2,nem,teremgarázs hely - megvásárolható,"4,90 MFt",nincs megadva,nincs megadva,"mennyezeti hűtés-fűtés, hőszivattyú",van - 15 cm,A,nem tetőtéri,,,,,,,,,49.0,74.44,1519184,1,1.0,5.0,15.81,,,2028.0,2020 után (új építésű),701,Harmat utca,22,,22,"Budapest X. kerület, Harmat utca 22.",2,0,2.0,Óhegy,Tégla lakás,Lépj kapcsolatba a hirdetővel,,Ingatlaniroda,4,2028.0
35464298,elado,https://ingatlan.com/35464298,"Eladó tégla lakás - Budapest X. kerület, Harmat utca 22. #35464298",1104,"Budapest X. kerület, Harmat utca 22.",Budapest,47.4872,19.1401,2.0,53.0,2028.0,HUF,74560000,új építésű,2028,összkomfortos,1,5,van,nincs megadva,van,igen,nincs megadva,délkelet,udvari,5.77 m2,nem,teremgarázs hely - megvásárolható,"4,90 MFt",nincs megadva,nincs megadva,"mennyezeti hűtés-fűtés, hőszivattyú",van - 15 cm,A,nem tetőtéri,,,,,,,,,53.0,74.56,1406792,1,1.0,5.0,5.77,,,2028.0,2020 után (új építésű),701,Harmat utca,22,,22,"Budapest X. kerület, Harmat utca 22.",2,0,2.0,Óhegy,Tégla lakás,Lépj kapcsolatba a hirdetővel,,Ingatlaniroda,4,2028.0
35464301,elado,https://ingatlan.com/35464301,"Eladó tégla lakás - Budapest X. kerület, Harmat utca 22. #35464301",1104,"Budapest X. kerület, Harmat utca 22.",Budapest,47.4872,19.1401,4.0,93.0,2028.0,HUF,131690000,új építésű,2028,duplakomfortos,1,5,van,nincs megadva,van,igen,nincs megadva,délkelet,udvari,26.95 m2,nem,teremgarázs hely - megvásárolható,"4,90 MFt",nincs megadva,nincs megadva,"mennyezeti hűtés-fűtés, hőszivattyú",van - 15 cm,A,nem tetőtéri,,,,,,,,,93.0,131.69,1416022,1,1.0,5.0,26.95,,,2028.0,2020 után (új építésű),701,Harmat utca,22,,22,"Budapest X. kerület, Harmat utca 22.",4,0,4.0,Óhegy,Tégla lakás,Lépj kapcsolatba a hirdetővel,,Ingatlaniroda,4,2028.0
35464304,elado,https://ingatlan.com/35464304,"Eladó tégla lakás - Budapest X. kerület, Harmat utca 22. #35464304",1104,"Budapest X. kerület, Harmat utca 22.",Budapest,47.4872,19.1401,1.0,34.0,2028.0,HUF,51050000,új építésű,2028,összkomfortos,1,5,van,nincs megadva,van,igen,nincs megadva,délnyugat,udvari,3.51 m2,nem,teremgarázs hely - megvásárolható,"4,90 MFt",nincs megadva,nincs megadva,"mennyezeti hűtés-fűtés, hőszivattyú",van - 15 cm,A,nem tetőtéri,,,,,,,,,34.0,51.05,1501471,1,1.0,5.0,3.51,,,2028.0,2020 után (új építésű),701,Harmat utca,22,,22,"Budapest X. kerület, Harmat utca 22.",1,0,1.0,Óhegy,Tégla lakás,Lépj kapcsolatba a hirdetővel,,Ingatlaniroda,4,2028.0
35464312,elado,https://ingatlan.com/35464312,"Eladó tégla lakás - Budapest X. kerület, Harmat utca 22. #35464312",1104,"Budapest X. kerület, Harmat utca 22.",Budapest,47.4872,19.1401,3.0,57.0,2028.0,HUF,88520000,új építésű,2028,összkomfortos,2,5,van,nincs megadva,van,igen,nincs megadva,északnyugat,udvari,17.18 m2,nem,teremgarázs hely - megvásárolható,"4,90 MFt",nincs megadva,nincs megadva,"mennyezeti hűtés-fűtés, hőszivattyú",van - 15 cm,A,nem tetőtéri,,,,,,,,,57.0,88.52,1552982,2,2.0,5.0,17.18,,,2028.0,2020 után (új építésű),701,Harmat utca,22,,22,"Budapest X. kerület, Harmat utca 22.",3,0,3.0,Óhegy,Tégla lakás,Lépj kapcsolatba a hirdetővel,,Ingatlaniroda,4,2028.0
35464316,elado,https://ingatlan.com/35464316,"Eladó tégla lakás - Budapest X. kerület, Harmat utca 22. #35464316",1104,"Budapest X. kerület, Harmat utca 22.",Budapest,47.4872,19.1401,2.0,49.0,2028.0,HUF,75580000,új építésű,2028,összkomfortos,2,5,van,nincs megadva,van,igen,nincs megadva,északkelet,udvari,15.81 m2,nem,teremgarázs hely - megvásárolható,"4,90 MFt",nincs megadva,nincs megadva,"mennyezeti hűtés-fűtés, hőszivattyú",van - 15 cm,A,nem tetőtéri,,,,,,,,,49.0,75.58,1542449,2,2.0,5.0,15.81,,,2028.0,2020 után (új építésű),701,Harmat utca,22,,22,"Budapest X. kerület, Harmat utca 22.",2,0,2.0,Óhegy,Tégla lakás,Lépj kapcsolatba a hirdetővel,,Ingatlaniroda,4,2028.0
35464317,elado,https://ingatlan.com/35464317,"Eladó tégla lakás - Budapest X. kerület, Újhegyi út 18/B #35464317",1108,"Budapest X. kerület, Újhegyi út 18/B",Budapest,47.468138,19.16875,3.0,78.0,2026.0,HUF,95000000,nincs megadva,2026,duplakomfortos,1,4,van,nincs megadva,van,nem,külön helyiségben,nincs megadva,nincs megadva,8 m2,nincs megadva,teremgarázs hely - megvásárolható,7 MFt,nincs megadva,nincs megadva,hőszivattyú,nincs megadva,nincs megadva,nem tetőtéri,,,,,,,,,78.0,95.0,1217949,1,1.0,4.0,8.0,,,2026.0,2020 után (új építésű),2297,Újhegyi út,18/B,18,18/B,"Budapest X. kerület, Újhegyi út 18/B.",3,0,3.0,Újhegy,Tégla lakás,Lépj kapcsolatba a hirdetővel,,Ingatlaniroda,4,2026.0
35464323,elado,https://ingatlan.com/35464323,"Eladó tégla lakás - Budapest X. kerület, Harmat utca 22. #35464323",1104,"Budapest X. kerület, Harmat utca 22.",Budapest,47.4872,19.1401,2.0,53.0,2028.0,HUF,75680000,új építésű,2028,összkomfortos,2,5,van,nincs megadva,van,igen,nincs megadva,délkelet,udvari,5.77 m2,nem,teremgarázs hely - megvásárolható,"4,90 MFt",nincs megadva,nincs megadva,"mennyezeti hűtés-fűtés, hőszivattyú",van - 15 cm,A,nem tetőtéri,,,,,,,,,53.0,75.68,1427925,2,2.0,5.0,5.77,,,2028.0,2020 után (új építésű),701,Harmat utca,22,,22,"Budapest X. kerület, Harmat utca 22.",2,0,2.0,Óhegy,Tégla lakás,Lépj kapcsolatba a hirdetővel,,Ingatlaniroda,4,2028.0
35464328,elado,https://ingatlan.com/35464328,"Eladó tégla lakás - Budapest X. kerület, Harmat utca 22. #35464328",1104,"Budapest X. kerület, Harmat utca 22.",Budapest,47.4872,19.1401,4.0,93.0,2028.0,HUF,133820000,új építésű,2028,duplakomfortos,2,5,van,nincs megadva,van,igen,nincs megadva,délkelet,udvari,26.97 m2,nem,teremgarázs hely - megvásárolható,"4,90 MFt",nincs megadva,nincs megadva,"mennyezeti hűtés-fűtés, hőszivattyú",van - 15 cm,A,nem tetőtéri,,,,,,,,,93.0,133.82,1438925,2,2.0,5.0,26.97,,,2028.0,2020 után (új építésű),701,Harmat utca,22,,22,"Budapest X. kerület, Harmat utca 22.",4,0,4.0,Óhegy,Tégla lakás,Lépj kapcsolatba a hirdetővel,,Ingatlaniroda,4,2028.0
35464332,elado,https://ingatlan.com/35464332,"Eladó tégla lakás - Budapest X. kerület, Harmat utca 22. #35464332",1104,"Budapest X. kerület, Harmat utca 22.",Budapest,47.4872,19.1401,1.0,34.0,2028.0,HUF,53120000,új építésű,2028,összkomfortos,2,5,van,nincs megadva,van,igen,nincs megadva,délnyugat,udvari,5.4 m2,nem,teremgarázs hely - megvásárolható,"4,90 MFt",nincs megadva,nincs megadva,"mennyezeti hűtés-fűtés, hőszivattyú",van - 15 cm,A,nem tetőtéri,,,,,,,,,34.0,53.12,1562353,2,2.0,5.0,5.4,,,2028.0,2020 után (új építésű),701,Harmat utca,22,,22,"Budapest X. kerület, Harmat utca 22.",1,0,1.0,Óhegy,Tégla lakás,Lépj kapcsolatba a hirdetővel,,Ingatlaniroda,4,2028.0
35464339,elado,https://ingatlan.com/35464339,"Eladó tégla lakás - Budapest X. kerület, Harmat utca 22. #35464339",1104,"Budapest X. kerület, Harmat utca 22.",Budapest,47.4872,19.1401,4.0,76.0,2028.0,HUF,113810000,új építésű,2028,duplakomfortos,2,5,van,nincs megadva,van,igen,nincs megadva,északkelet,udvari,22.86 m2,nem,teremgarázs hely - megvásárolható,"4,90 MFt",nincs megadva,nincs megadva,"mennyezeti hűtés-fűtés, hőszivattyú",van - 15 cm,A,nem tetőtéri,,,,,,,,,76.0,113.81,1497500,2,2.0,5.0,22.86,,,2028.0,2020 után (új építésű),701,Harmat utca,22,,22,"Budapest X. kerület, Harmat utca 22.",4,0,4.0,Óhegy,Tégla lakás,Lépj kapcsolatba a hirdetővel,,Ingatlaniroda,4,2028.0
35464342,elado,https://ingatlan.com/35464342,"Eladó tégla lakás - Budapest X. kerület, Harmat utca 22. #35464342",1104,"Budapest X. kerület, Harmat utca 22.",Budapest,47.4872,19.1401,4.0,96.0,2028.0,HUF,144120000,új építésű,2028,duplakomfortos,3,5,van,nincs megadva,van,igen,nincs megadva,északnyugat,udvari,31.07 m2,nem,teremgarázs hely - megvásárolható,"4,90 MFt",nincs megadva,nincs megadva,"mennyezeti hűtés-fűtés, hőszivattyú",van - 15 cm,A,nem tetőtéri,,,,,,,,,96.0,144.12,1501250,3,3.0,5.0,31.07,,,2028.0,2020 után (új építésű),701,Harmat utca,22,,22,"Budapest X. kerület, Harmat utca 22.",4,0,4.0,Óhegy,Tégla lakás,Lépj kapcsolatba a hirdetővel,,Ingatlaniroda,4,2028.0
35464349,elado,https://ingatlan.com/35464349,"Eladó panel lakás - Budapest X. kerület, Kőbánya - Újhegyi lakótelep #35464349",1108,"Budapest X. kerület, Kőbánya - Újhegyi lakótelep",Budapest,,,3.0,68.0,1950.0,HUF,65000000,közepes állapotú,1950 és 1980 között,összkomfortos,6,10,van,3 m-nél alacsonyabb,van,nem,külön helyiségben,délnyugat,utcai,3 m2,nem,"utca, közterület - ingyenes",,nincs megadva,20 780 Ft/hó,távfűtés,nincs megadva,C,nem tetőtéri,nincs megadva,,,,,,,,68.0,65.0,955882,6,6.0,10.0,3.0,20780.0,,,1950-1979 (szocialista modern),1358,Kőbánya - Újhegyi lakótelep,,,,"Budapest X. kerület, Kőbánya - Újhegyi lakótelep",3,0,3.0,Újhegy,Panel lakás,Lépj kapcsolatba a hirdetővel,,Ingatlaniroda,4,1968.0
35464356,elado,https://ingatlan.com/35464356,"Eladó tégla lakás - Budapest X. kerület, Harmat utca 22. #35464356",1104,"Budapest X. kerület, Harmat utca 22.",Budapest,47.4872,19.1401,2.0,44.0,2028.0,HUF,65460000,új építésű,2028,összkomfortos,4,5,van,nincs megadva,van,igen,nincs megadva,délkelet,udvari,11.98 m2,nem,teremgarázs hely - megvásárolható,"4,90 MFt",nincs megadva,nincs megadva,"mennyezeti hűtés-fűtés, hőszivattyú",van - 15 cm,A,nem tetőtéri,,,,,,,,,44.0,65.46,1487727,4,4.0,5.0,11.98,,,2028.0,2020 után (új építésű),701,Harmat utca,22,,22,"Budapest X. kerület, Harmat utca 22.",2,0,2.0,Óhegy,Tégla lakás,Lépj kapcsolatba a hirdetővel,,Ingatlaniroda,4,2028.0
35464364,elado,https://ingatlan.com/35464364,"Eladó tégla lakás - Budapest X. kerület, Harmat utca 22. #35464364",1104,"Budapest X. kerület, Harmat utca 22.",Budapest,47.4872,19.1401,2.0,54.0,2028.0,HUF,77380000,új építésű,2028,összkomfortos,4,5,van,nincs megadva,van,igen,nincs megadva,délkelet,udvari,11.68 m2,nem,teremgarázs hely - megvásárolható,"4,90 MFt",nincs megadva,nincs megadva,"mennyezeti hűtés-fűtés, hőszivattyú",van - 15 cm,A,nem tetőtéri,,,,,,,,,54.0,77.38,1432963,4,4.0,5.0,11.68,,,2028.0,2020 után (új építésű),701,Harmat utca,22,,22,"Budapest X. kerület, Harmat utca 22.",2,0,2.0,Óhegy,Tégla lakás,Lépj kapcsolatba a hirdetővel,,Ingatlaniroda,4,2028.0
35464367,elado,https://ingatlan.com/35464367,"Eladó tégla lakás - Budapest X. kerület, Harmat utca 22. #35464367",1104,"Budapest X. kerület, Harmat utca 22.",Budapest,47.4872,19.1401,2.0,42.0,2028.0,HUF,64190000,új építésű,2028,összkomfortos,4,5,van,nincs megadva,van,igen,nincs megadva,északnyugat,udvari,11.95 m2,nem,teremgarázs hely - megvásárolható,"4,90 MFt",nincs megadva,nincs megadva,"mennyezeti hűtés-fűtés, hőszivattyú",van - 15 cm,A,nem tetőtéri,,,,,,,,,42.0,64.19,1528333,4,4.0,5.0,11.95,,,2028.0,2020 után (új építésű),701,Harmat utca,22,,22,"Budapest X. kerület, Harmat utca 22.",2,0,2.0,Óhegy,Tégla lakás,Lépj kapcsolatba a hirdetővel,,Ingatlaniroda,4,2028.0
35464748,elado,https://ingatlan.com/35464748,"Eladó tégla lakás - Budapest X. kerület, Téglavető utca 26. #35464748",1105,"Budapest X. kerület, Téglavető utca 26.",Budapest,47.483628,19.14981,2.0,54.0,1981.0,HUF,71900000,felújított,1981 és 2000 között,nincs megadva,1,4,nincs,3 m-nél alacsonyabb,van,igen,külön helyiségben,nincs megadva,nincs megadva,nincs megadva,nincs megadva,udvari beálló - benne van az árban,,nincs megadva,13 000 Ft/hó,gáz (konvektor),van,nincs megadva,nem tetőtéri,,,,,,,,,54.0,71.9,1331481,1,1.0,4.0,,13000.0,,,1980-1999 (késő panel/tégla),1883,Téglavető utca,26,,26,"Budapest X. kerület, Téglavető utca 26.",2,0,2.0,Óhegy,Tégla lakás,Lépj kapcsolatba a hirdetővel,,Ingatlaniroda,2,1988.0
35465103,elado,https://ingatlan.com/35465103,"Eladó tégla lakás - Budapest X. kerület, Kőbánya - Óhegy #35465103",1103,"Budapest X. kerület, Kőbánya - Óhegy",Budapest,,,2.0,58.0,,HUF,59600000,jó állapotú,nincs megadva,összkomfortos,1,nincs megadva,nincs megadva,nincs megadva,van,nincs megadva,külön helyiségben,nincs megadva,nincs megadva,5 m2,igen,nincs megadva,,nincs megadva,12 000 Ft/hó,gáz (konvektor),nincs megadva,nincs megadva,nincs megadva,,,,,,,,,58.0,59.6,1027586,1,1.0,,5.0,12000.0,,,Nem ismert,2052,Kőbánya - Óhegy,,,,"Budapest X. kerület, Kőbánya - Óhegy",2,0,2.0,Óhegy,Tégla lakás,Lépj kapcsolatba a hirdetővel,,Ingatlaniroda,4,
35465917,elado,https://ingatlan.com/35465917,"Eladó tégla lakás - Budapest X. kerület, Újhegyi út 18/B #35465917",1108,"Budapest X. kerület, Újhegyi út 18/B",Budapest,47.468138,19.16875,3.0,63.0,2026.0,HUF,116000000,új építésű,2026,duplakomfortos,4,4,van,nincs megadva,van,nem,külön és egyben is,nincs megadva,panorámás,81 m2,nem,teremgarázs hely - megvásárolható,8 MFt,nincs megadva,nincs megadva,hőszivattyú,nincs megadva,nincs megadva,tetőtéri,,,,,,,,,63.0,116.0,1841270,4,4.0,4.0,81.0,,,2026.0,2020 után (új építésű),2015,Újhegyi út,18/B,18,18/B,"Budapest X. kerület, Újhegyi út 18/B.",3,0,3.0,Újhegy,Tégla lakás,Lépj kapcsolatba a hirdetővel,,Ingatlaniroda,4,2026.0
35466270,elado,https://ingatlan.com/35466270,"Eladó tégla lakás - Budapest X. kerület, Újhegyi út #35466270",1108,"Budapest X. kerület, Újhegyi út",Budapest,,,3.0,63.0,2026.0,HUF,91870000,nincs megadva,2026,duplakomfortos,3,4,van,nincs megadva,van,nem,nincs megadva,nincs megadva,nincs megadva,23.67 m2,nem,teremgarázs hely - megvásárolható,8 MFt,nincs megadva,nincs megadva,hőszivattyú,nincs megadva,nincs megadva,nem tetőtéri,,,,,,,,,63.0,91.87,1458254,3,3.0,4.0,23.67,,,2026.0,2020 után (új építésű),2297,Újhegyi út,,18,18,"Budapest X. kerület, Újhegyi út 18.",3,0,3.0,Újhegy,Tégla lakás,Lépj kapcsolatba a hirdetővel,,Ingatlaniroda,4,2026.0
35466870,elado,https://ingatlan.com/35466870,"Eladó tégla lakás - Budapest X. kerület, Felsőrákos #35466870",1106,"Budapest X. kerület, Felsőrákos",Budapest,,,1.0,16.0,1950.0,HUF,20900000,felújított,1950 és 1980 között,komfortos,1,2,nincs,3 m-nél alacsonyabb,nincs,nem,egy helyiségben,nincs megadva,utcai,nincs megadva,nem,udvari beálló - megvásárolható,"1,60 MFt",nincs megadva,nincs megadva,hőszivattyú,van,nincs megadva,nincs megadva,,,,,,,,,16.0,20.9,1306250,1,1.0,2.0,,,,,1950-1979 (szocialista modern),1502,Felsőrákos,,,,"Budapest X. kerület, Felsőrákos",1,0,1.0,Felsőrákos,Tégla lakás,Lépj kapcsolatba a hirdetővel,,Ingatlaniroda,4,1968.0
35467095,elado,https://ingatlan.com/35467095,"Eladó panel lakás - Budapest X. kerület, Kőbánya - Újhegyi lakótelep #35467095",1108,"Budapest X. kerület, Kőbánya - Újhegyi lakótelep",Budapest,,,3.0,68.0,1950.0,HUF,65000000,közepes állapotú,1950 és 1980 között,nincs megadva,6,nincs megadva,van,3 m-nél alacsonyabb,nincs megadva,nincs megadva,nincs megadva,délnyugat,utcai,3 m2,nincs megadva,nincs megadva,,nincs megadva,nincs megadva,távfűtés,nincs megadva,nincs megadva,nem tetőtéri,nincs megadva,,,,,,,,68.0,65.0,955882,6,6.0,,3.0,,,,1950-1979 (szocialista modern),1358,Kőbánya - Újhegyi lakótelep,,,,"Budapest X. kerület, Kőbánya - Újhegyi lakótelep",3,0,3.0,Újhegy,Panel lakás,Lépj kapcsolatba a hirdetővel,,Ingatlaniroda,4,1968.0
35467912,elado,https://ingatlan.com/35467912,"Eladó tégla lakás - Budapest X. kerület, Gyárdűlői lakótelep #35467912",1107,"Budapest X. kerület, Gyárdűlői lakótelep",Budapest,,,2.0,54.0,1950.0,HUF,49900000,közepes állapotú,1950 és 1980 között,komfortos,2,nincs megadva,nincs,3 m-nél alacsonyabb,nincs megadva,nincs megadva,nincs megadva,dél,utcai,nincs megadva,nincs megadva,nincs megadva,,nincs megadva,18 880 Ft/hó,gáz (konvektor),nincs megadva,nincs megadva,nem tetőtéri,,,,,,,,,54.0,49.9,924074,2,2.0,,,18880.0,,,1950-1979 (szocialista modern),2056,Gyárdűlői lakótelep,,,,"Budapest X. kerület, Gyárdűlői lakótelep",2,0,2.0,Gyárdűlő,Tégla lakás,Lépj kapcsolatba a hirdetővel,,Ingatlaniroda,4,1968.0
35468216,elado,https://ingatlan.com/35468216,"Eladó tégla lakás - Budapest X. kerület, Füzér utca #35468216",1102,"Budapest X. kerület, Füzér utca",Budapest,,,2.0,26.0,,HUF,22800000,felújított,nincs megadva,nincs megadva,szuterén,3,nincs megadva,3 m-nél magasabb,nincs,nincs megadva,egy helyiségben,nincs megadva,nincs megadva,nincs megadva,nincs megadva,nincs megadva,,nincs megadva,nincs megadva,elektromos fűtőpanel,nincs megadva,nincs megadva,nincs megadva,,,,,,,,,26.0,22.8,876923,szuterén,-1.0,3.0,,,,,Nem ismert,1016,Füzér utca,,,,"Budapest X. kerület, Füzér utca",2,0,2.0,Ligettelek,Tégla lakás,Lépj kapcsolatba a hirdetővel,,Ingatlaniroda,4,
35468567,elado,https://ingatlan.com/35468567,"Eladó csúsztatott zsalus - Budapest X. kerület, Kőbánya - Újhegy #35468567",1108,"Budapest X. kerület, Kőbánya - Újhegy",Budapest,,,4.0,70.0,2021.0,HUF,115500000,újszerű,2021,nincs megadva,1,nincs megadva,nincs megadva,nincs megadva,nincs megadva,nincs megadva,nincs megadva,dél,nincs megadva,14 m2,nincs megadva,udvari beálló - benne van az árban,,nincs megadva,nincs megadva,házközponti egyedi méréssel,nincs megadva,nincs megadva,,,,,,,,,,70.0,115.5,1650000,1,1.0,,14.0,,,2021.0,2020 után (új építésű),1741,Kőbánya - Újhegy,,,,"Budapest X. kerület, Kőbánya - Újhegy",4,0,4.0,Újhegy,Csúsztatott zsalus lakás,Lépj kapcsolatba a hirdetővel,,Ingatlaniroda,4,2021.0
35468815,elado,https://ingatlan.com/35468815,"Eladó panel lakás - Budapest X. kerület, Agyagfejtő utca #35468815",1108,"Budapest X. kerület, Agyagfejtő utca",Budapest,,,3.0,68.0,1950.0,HUF,72900000,jó állapotú,1950 és 1980 között,összkomfortos,6,10,van,3 m-nél alacsonyabb,nincs megadva,nincs megadva,külön helyiségben,nyugat,utcai,4 m2,nincs megadva,nincs megadva,,30 000 Ft/hó,20 000 Ft/hó,távfűtés,nincs,D,nincs megadva,nincs megadva,,,,,,,,68.0,72.9,1072059,6,6.0,10.0,4.0,20000.0,30000.0,,1950-1979 (szocialista modern),1250,Agyagfejtő utca,,,,"Budapest X. kerület, Agyagfejtő utca",3,0,3.0,Újhegy,Panel lakás,Lépj kapcsolatba a hirdetővel,,Ingatlaniroda,4,1968.0
35468896,elado,https://ingatlan.com/35468896,"Eladó panel lakás - Budapest X. kerület, Kőbánya - Újhegyi lakótelep #35468896",1108,"Budapest X. kerület, Kőbánya - Újhegyi lakótelep",Budapest,,,3.0,68.0,1950.0,HUF,65000000,közepes állapotú,1950 és 1980 között,összkomfortos,6,nincs megadva,van,3 m-nél alacsonyabb,nincs megadva,nincs megadva,nincs megadva,délnyugat,utcai,3 m2,nincs megadva,"utca, közterület",,nincs megadva,20 780 Ft/hó,távfűtés,nincs megadva,C,nem tetőtéri,nincs megadva,,,,,,,,68.0,65.0,955882,6,6.0,,3.0,20780.0,,,1950-1979 (szocialista modern),935,Kőbánya - Újhegyi lakótelep,,,,"Budapest X. kerület, Kőbánya - Újhegyi lakótelep",3,0,3.0,Újhegy,Panel lakás,Lépj kapcsolatba a hirdetővel,,Ingatlaniroda,4,1968.0
35468910,elado,https://ingatlan.com/35468910,"Eladó tégla lakás - Budapest X. kerület, Gergely utca #35468910",1103,"Budapest X. kerület, Gergely utca",Budapest,,,3.0,74.0,2001.0,HUF,74990000,jó állapotú,2001 és 2010 között,összkomfortos,3,3,nincs,nincs megadva,van,nincs megadva,külön helyiségben,nincs megadva,udvari,nincs megadva,nem,udvari beálló - benne van az árban,,nincs megadva,nincs megadva,gázkazán,nincs megadva,nincs megadva,zárószint,,,,,,,,,74.0,74.99,1013378,3,3.0,3.0,,,,,2000-2019 (újszerű),1876,Gergely utca,,,,"Budapest X. kerület, Gergely utca",3,0,3.0,Óhegy,Tégla lakás,Lépj kapcsolatba a hirdetővel,,Ingatlaniroda,4,2005.0
35469396,elado,https://ingatlan.com/35469396,"Eladó panel lakás - Budapest X. kerület, Kőbánya - Újhegyi lakótelep #35469396",1108,"Budapest X. kerület, Kőbánya - Újhegyi lakótelep",Budapest,,,3.0,68.0,1950.0,HUF,65000000,jó állapotú,1950 és 1980 között,összkomfortos,6,10,nincs megadva,3 m-nél alacsonyabb,nincs megadva,nincs megadva,külön helyiségben,délnyugat,utcai,3 m2,nem,"utca, közterület - ingyenes",,nincs megadva,20 780 Ft/hó,távfűtés,nincs megadva,C,nem tetőtéri,nincs megadva,,,,,,,,68.0,65.0,955882,6,6.0,10.0,3.0,20780.0,,,1950-1979 (szocialista modern),1074,Kőbánya - Újhegyi lakótelep,,,,"Budapest X. kerület, Kőbánya - Újhegyi lakótelep",3,0,3.0,Újhegy,Panel lakás,Lépj kapcsolatba a hirdetővel,,Ingatlaniroda,4,1968.0
35469786,elado,https://ingatlan.com/35469786,"Eladó panel lakás - Budapest X. kerület, Kőrösi Csoma sétány #35469786",1102,"Budapest X. kerület, Kőrösi Csoma sétány",Budapest,,,2.0,54.0,1940.0,HUF,56900000,jó állapotú,1950 előtt,összkomfortos,3,nincs megadva,nincs,nincs megadva,nincs,nincs megadva,külön helyiségben,kelet,utcai,4 m2,nem,"utca, közterület",,nincs megadva,20 000 Ft/hó,nincs megadva,nincs megadva,nincs megadva,nem tetőtéri,nincs megadva,,,,,,,,54.0,56.9,1053704,3,3.0,,4.0,20000.0,,,1950 előtt (klasszikus polgári/tégla),830,Kőrösi Csoma sétány,,,,"Budapest X. kerület, Kőrösi Csoma sétány",2,0,2.0,Kőbánya-Városközpont,Panel lakás,Lépj kapcsolatba a hirdetővel,,Ingatlaniroda,4,1930.0
35470152,elado,https://ingatlan.com/35470152,"Eladó csúsztatott zsalus - Budapest X. kerület, Liget tér #35470152",1102,"Budapest X. kerület, Liget tér",Budapest,,,4.0,61.0,1950.0,HUF,65000000,jó állapotú,1950 és 1980 között,komfortos,6,6,van,nincs megadva,van,nincs megadva,külön helyiségben,nincs megadva,nincs megadva,nincs megadva,nem,"utca, közterület - ingyenes",,nincs megadva,nincs megadva,távfűtés,nincs megadva,E,,,,,,,,,,61.0,65.0,1065574,6,6.0,6.0,,,,,1950-1979 (szocialista modern),2698,Liget tér,,,,"Budapest X. kerület, Liget tér",4,0,4.0,Kőbánya-Városközpont,Csúsztatott zsalus lakás,Lépj kapcsolatba a hirdetővel,,Ingatlaniroda,4,1968.0
35470287,elado,https://ingatlan.com/35470287,"Eladó tégla lakás - Budapest X. kerület, Sibrik Miklós út #35470287",1103,"Budapest X. kerület, Sibrik Miklós út",Budapest,,,2.0,49.0,1950.0,HUF,59900000,jó állapotú,1950 és 1980 között,összkomfortos,3,nincs megadva,nincs,3 m-nél alacsonyabb,van,nincs megadva,nincs megadva,délkelet,panorámás,nincs megadva,nincs megadva,udvari beálló,,nincs megadva,20 000 Ft/hó,gáz (konvektor),nincs megadva,nincs megadva,nem tetőtéri,,,,,,,,,49.0,59.9,1222449,3,3.0,,,20000.0,,,1950-1979 (szocialista modern),1094,Sibrik Miklós út,,,,"Budapest X. kerület, Sibrik Miklós út",2,0,2.0,Óhegy,Tégla lakás,Lépj kapcsolatba a hirdetővel,,Ingatlaniroda,4,1968.0
35470420,elado,https://ingatlan.com/35470420,"Eladó csúsztatott zsalus - Budapest X. kerület, Sörgyár utca #35470420",1104,"Budapest X. kerület, Sörgyár utca",Budapest,,,2.0,43.0,,HUF,50000000,jó állapotú,nincs megadva,nincs megadva,3,4,nincs,3 m-nél alacsonyabb,van,nem,egy helyiségben,nincs megadva,nincs megadva,nincs megadva,nincs megadva,nincs megadva,,22 000 Ft/hó,13 800 Ft/hó,gáz (konvektor),nincs megadva,nincs megadva,,,,,,,,,,43.0,50.0,1162791,3,3.0,4.0,,13800.0,22000.0,,Nem ismert,1452,Sörgyár utca,,,,"Budapest X. kerület, Sörgyár utca",2,0,2.0,Óhegy,Csúsztatott zsalus lakás,Lépj kapcsolatba a hirdetővel,,Ingatlaniroda,4,
35470457,elado,https://ingatlan.com/35470457,"Eladó tégla lakás - Budapest X. kerület, Sörgyár utca #35470457",1104,"Budapest X. kerület, Sörgyár utca",Budapest,,,1.0,46.0,,HUF,60000000,nincs megadva,nincs megadva,nincs megadva,nincs megadva,nincs megadva,nincs megadva,nincs megadva,nincs megadva,nincs megadva,nincs megadva,nincs megadva,nincs megadva,15 m2,nincs megadva,nincs megadva,,nincs megadva,nincs megadva,nincs megadva,nincs megadva,nincs megadva,nincs megadva,,,,,,,,,46.0,60.0,1304348,nincs megadva,,,15.0,,,,Nem ismert,881,Sörgyár utca,,,,"Budapest X. kerület, Sörgyár utca",1,0,1.0,Óhegy,Tégla lakás,Lépj kapcsolatba a hirdetővel,,Ingatlaniroda,2,
35470459,elado,https://ingatlan.com/35470459,"Eladó panel lakás - Budapest X. kerület, Szövőszék utca #35470459",1108,"Budapest X. kerület, Szövőszék utca",Budapest,,,2.0,55.0,,HUF,69900000,jó állapotú,nincs megadva,összkomfortos,3,10,van,3 m-nél alacsonyabb,van,nincs megadva,külön helyiségben,dél,nincs megadva,3 m2,nem,"utca, közterület - ingyenes",,nincs megadva,21 000 Ft/hó,"távfűtés, hűtő-fűtő klíma",van,nincs megadva,nem tetőtéri,részt vett,,,,,,,,55.0,69.9,1270909,3,3.0,10.0,3.0,21000.0,,,Nem ismert,1216,Szövőszék utca,,,,"Budapest X. kerület, Szövőszék utca",2,0,2.0,Újhegy,Panel lakás,Lépj kapcsolatba a hirdetővel,,Ingatlaniroda,2,
35470471,elado,https://ingatlan.com/35470471,"Eladó panel lakás - Budapest X. kerület, Gyakorló utca 4/i #35470471",1106,"Budapest X. kerület, Gyakorló utca 4/i",Budapest,47.501438,19.138044,2.0,49.0,1950.0,HUF,65000000,jó állapotú,1950 és 1980 között,összkomfortos,6,10,van,3 m-nél alacsonyabb,van,nincs megadva,külön helyiségben,nincs megadva,utcai,nincs megadva,nincs megadva,"utca, közterület - fizetős övezet",,nincs megadva,14 700 Ft/hó,távfűtés,nincs,D,nem tetőtéri,nincs megadva,,,,,,,,49.0,65.0,1326531,6,6.0,10.0,,14700.0,,,1950-1979 (szocialista modern),511,Gyakorló utca,4/i,,4/i,"Budapest X. kerület, Gyakorló utca 4/i.",2,0,2.0,Felsőrákos,Panel lakás,Lépj kapcsolatba a hirdetővel,,Ingatlaniroda,2,1968.0
35470840,elado,https://ingatlan.com/35470840,"Eladó tégla lakás - Budapest X. kerület, Füzér utca #35470840",1102,"Budapest X. kerület, Füzér utca",Budapest,,,3.0,65.0,2001.0,HUF,82000000,jó állapotú,2001 és 2010 között,duplakomfortos,2,3,van,3 m-nél alacsonyabb,van,nincs megadva,külön és egyben is,nincs megadva,kertre néz,14 m2,igen,"utca, közterület - ingyenes",,nincs megadva,nincs megadva,házközponti egyedi méréssel,van,nincs megadva,nincs megadva,,,,,,,,,65.0,82.0,1261538,2,2.0,3.0,14.0,,,,2000-2019 (újszerű),773,Füzér utca,,,,"Budapest X. kerület, Füzér utca",3,0,3.0,Ligettelek,Tégla lakás,Lépj kapcsolatba a hirdetővel,,Ingatlaniroda,4,2005.0
35471003,elado,https://ingatlan.com/35471003,"Eladó panel lakás - Budapest X. kerület, Szövőszék utca #35471003",1108,"Budapest X. kerület, Szövőszék utca",Budapest,,,3.0,68.0,1950.0,HUF,72800000,jó állapotú,1950 és 1980 között,összkomfortos,10,10,van,3 m-nél alacsonyabb,nincs megadva,nem,nincs megadva,nincs megadva,panorámás,2 m2,nem,"utca, közterület",,nincs megadva,nincs megadva,távfűtés,nincs megadva,nincs megadva,nem tetőtéri,nincs megadva,,,,,,,,68.0,72.8,1070588,10,10.0,10.0,2.0,,,,1950-1979 (szocialista modern),1363,Szövőszék utca,,,,"Budapest X. kerület, Szövőszék utca",3,0,3.0,Újhegy,Panel lakás,Lépj kapcsolatba a hirdetővel,,Ingatlaniroda,4,1968.0
35471024,elado,https://ingatlan.com/35471024,"Eladó panel lakás - Budapest X. kerület, Kőbánya - Újhegyi lakótelep #35471024",1108,"Budapest X. kerület, Kőbánya - Újhegyi lakótelep",Budapest,,,3.0,68.0,1950.0,HUF,65000000,közepes állapotú,1950 és 1980 között,összkomfortos,6,10,van,nincs megadva,nincs megadva,nincs megadva,külön helyiségben,nincs megadva,utcai,3 m2,nincs megadva,"utca, közterület - ingyenes",,nincs megadva,20 780 Ft/hó,távfűtés,nincs megadva,nincs megadva,nincs megadva,nincs megadva,,,,,,,,68.0,65.0,955882,6,6.0,10.0,3.0,20780.0,,,1950-1979 (szocialista modern),1940,Kőbánya - Újhegyi lakótelep,,,,"Budapest X. kerület, Kőbánya - Újhegyi lakótelep",3,0,3.0,Újhegy,Panel lakás,Lépj kapcsolatba a hirdetővel,,Ingatlaniroda,4,1968.0
35471485,elado,https://ingatlan.com/35471485,"Eladó csúsztatott zsalus - Budapest X. kerület, Kőrösi Csoma sétány #35471485",1102,"Budapest X. kerület, Kőrösi Csoma sétány",Budapest,,,2.0,54.0,1950.0,HUF,59900000,jó állapotú,1950 és 1980 között,összkomfortos,3,4,nincs,3 m-nél alacsonyabb,nincs,nem,egy helyiségben,nincs megadva,utcai,6 m2,nem,nincs megadva,,nincs megadva,19 180 Ft/hó,távfűtés egyedi méréssel,nincs megadva,nincs megadva,,,,,,,,,,54.0,59.9,1109259,3,3.0,4.0,6.0,19180.0,,,1950-1979 (szocialista modern),1638,Kőrösi Csoma sétány,,,,"Budapest X. kerület, Kőrösi Csoma sétány",2,0,2.0,Kőbánya-Városközpont,Csúsztatott zsalus lakás,Lépj kapcsolatba a hirdetővel,,Ingatlaniroda,4,1968.0
35471719,elado,https://ingatlan.com/35471719,"Eladó tégla lakás - Budapest X. kerület, Gyárdűlő #35471719",1107,"Budapest X. kerület, Gyárdűlő",Budapest,,,2.0,29.0,1950.0,HUF,53900000,felújított,1950 és 1980 között,összkomfortos,2,4,nincs megadva,3 m-nél alacsonyabb,van,nincs megadva,külön helyiségben,délkelet,utcai,nincs megadva,nincs megadva,"utca, közterület - fizetős övezet",,nincs megadva,12 000 Ft/hó,"gázkazán, hűtő-fűtő klíma",nincs megadva,nincs megadva,nincs megadva,,,,,,,,,29.0,53.9,1858621,2,2.0,4.0,,12000.0,,,1950-1979 (szocialista modern),1453,Gyárdűlő,,,,"Budapest X. kerület, Gyárdűlő",2,0,2.0,Gyárdűlő,Tégla lakás,Lépj kapcsolatba a hirdetővel,,Ingatlaniroda,4,1968.0
35471874,elado,https://ingatlan.com/35471874,"Eladó panel lakás - Budapest X. kerület, Kőbánya - Újhegyi lakótelep #35471874",1108,"Budapest X. kerület, Kőbánya - Újhegyi lakótelep",Budapest,,,2.0,50.0,1950.0,HUF,60400000,jó állapotú,1950 és 1980 között,összkomfortos,4,10,van,3 m-nél alacsonyabb,van,nem,külön helyiségben,délnyugat,utcai,3 m2,nincs megadva,"utca, közterület",,10 000 Ft/hó,11 000 Ft/hó,nincs megadva,van,D,nem tetőtéri,részt vett,,,,,,,,50.0,60.4,1208000,4,4.0,10.0,3.0,11000.0,10000.0,,1950-1979 (szocialista modern),1697,Kőbánya - Újhegyi lakótelep,,,,"Budapest X. kerület, Kőbánya - Újhegyi lakótelep",2,0,2.0,Újhegy,Panel lakás,Lépj kapcsolatba a hirdetővel,,Ingatlaniroda,4,1968.0
35471940,elado,https://ingatlan.com/35471940,"Eladó panel lakás - Budapest X. kerület, Kőbánya - Újhegyi lakótelep #35471940",1108,"Budapest X. kerület, Kőbánya - Újhegyi lakótelep",Budapest,,,3.0,68.0,1950.0,HUF,67500000,jó állapotú,1950 és 1980 között,összkomfortos,6,10,van,3 m-nél alacsonyabb,nincs megadva,nincs megadva,külön helyiségben,délnyugat,utcai,3 m2,nincs megadva,nincs megadva,,nincs megadva,20 780 Ft/hó,távfűtés,nincs megadva,C,nincs megadva,részt vett,,,,,,,,68.0,67.5,992647,6,6.0,10.0,3.0,20780.0,,,1950-1979 (szocialista modern),1198,Kőbánya - Újhegyi lakótelep,,,,"Budapest X. kerület, Kőbánya - Újhegyi lakótelep",3,0,3.0,Újhegy,Panel lakás,Lépj kapcsolatba a hirdetővel,,Ingatlaniroda,4,1968.0
35472533,elado,https://ingatlan.com/35472533,"Eladó tégla lakás - Budapest X. kerület, Endre utca #35472533",1102,"Budapest X. kerület, Endre utca",Budapest,,,3.0,63.0,1940.0,HUF,65000000,jó állapotú,1950 előtt,összkomfortos,1,3,nincs megadva,3 m-nél magasabb,van,nem,külön helyiségben,dél,kertre néz,nincs megadva,nem,"utca, közterület - ingyenes",,nincs megadva,19 750 Ft/hó,gáz (konvektor),nincs megadva,nincs megadva,nincs megadva,,,,,,,,,63.0,65.0,1031746,1,1.0,3.0,,19750.0,,,1950 előtt (klasszikus polgári/tégla),2073,Endre utca,,,,"Budapest X. kerület, Endre utca",3,0,3.0,Ligettelek,Tégla lakás,Lépj kapcsolatba a hirdetővel,,Ingatlaniroda,2,1930.0
35473673,elado,https://ingatlan.com/35473673,"Eladó tégla lakás - Budapest X. kerület, Kőbánya - Óhegy #35473673",1103,"Budapest X. kerület, Kőbánya - Óhegy",Budapest,,,1.0,30.0,1950.0,HUF,41900000,jó állapotú,1950 és 1980 között,összkomfortos,földszint,nincs megadva,nincs,3 m-nél magasabb,nincs,nem,egy helyiségben,délkelet,kertre néz,nincs megadva,igen,"utca, közterület - ingyenes",,nincs megadva,15 000 Ft/hó,gáz (konvektor),nincs,nincs megadva,nem tetőtéri,,,,,,,,,30.0,41.9,1396667,földszint,0.0,,,15000.0,,,1950-1979 (szocialista modern),1870,Kőbánya - Óhegy,,,,"Budapest X. kerület, Kőbánya - Óhegy",1,0,1.0,Óhegy,Tégla lakás,Lépj kapcsolatba a hirdetővel,,Ingatlaniroda,4,1968.0
35473677,elado,https://ingatlan.com/35473677,"Eladó tégla lakás - Budapest X. kerület, Kőbánya - Óhegy #35473677",1103,"Budapest X. kerület, Kőbánya - Óhegy",Budapest,,,2.0,39.0,1950.0,HUF,49900000,felújított,1950 és 1980 között,összkomfortos,földszint,nincs megadva,nincs,3 m-nél alacsonyabb,nincs,igen,külön helyiségben,délkelet,kertre néz,21 m2,igen,"utca, közterület - ingyenes",,nincs megadva,21 000 Ft/hó,elektromos fűtőpanel,van - 10 cm,nincs megadva,nem tetőtéri,,,,,,,,,39.0,49.9,1279487,földszint,0.0,,21.0,21000.0,,,1950-1979 (szocialista modern),1728,Kőbánya - Óhegy,,,,"Budapest X. kerület, Kőbánya - Óhegy",2,0,2.0,Óhegy,Tégla lakás,Lépj kapcsolatba a hirdetővel,,Ingatlaniroda,4,1968.0
35474404,elado,https://ingatlan.com/35474404,"Eladó panel lakás - Budapest X. kerület, Szövőszék utca 12. #35474404",1108,"Budapest X. kerület, Szövőszék utca 12.",Budapest,47.471329,19.161726,3.0,68.0,,HUF,72500000,jó állapotú,nincs megadva,nincs megadva,9,10,van,3 m-nél alacsonyabb,van,nincs megadva,külön helyiségben,nincs megadva,panorámás,3 m2,nincs megadva,"utca, közterület - ingyenes",,nincs megadva,26 600 Ft/hó,távfűtés,van,nincs megadva,nincs megadva,részt vett,,,,,,,,68.0,72.5,1066176,9,9.0,10.0,3.0,26600.0,,,Nem ismert,1474,Szövőszék utca,12,,12,"Budapest X. kerület, Szövőszék utca 12.",3,0,3.0,Újhegy,Panel lakás,Lépj kapcsolatba a hirdetővel,,Ingatlaniroda,4,
35475074,elado,https://ingatlan.com/35475074,"Eladó tégla lakás - Budapest X. kerület, Gyógyszergyári utca #35475074",1106,"Budapest X. kerület, Gyógyszergyári utca",Budapest,,,4.0,79.0,2026.0,HUF,120000000,nincs megadva,2026,duplakomfortos,6,8,van,3 m-nél alacsonyabb,van,nincs megadva,külön és egyben is,nincs megadva,panorámás,33 m2,nem,teremgarázs hely,,nincs megadva,nincs megadva,nincs megadva,van,nincs megadva,nem tetőtéri,,,,,,,,,79.0,120.0,1518987,6,6.0,8.0,33.0,,,2026.0,2020 után (új építésű),1926,Gyógyszergyári utca,,,,"Budapest X. kerület, Gyógyszergyári utca",4,0,4.0,Felsőrákos,Tégla lakás,Lépj kapcsolatba a hirdetővel,,Ingatlaniroda,4,2026.0
35475416,elado,https://ingatlan.com/35475416,"Eladó panel lakás - Budapest X. kerület, Csombor utca #35475416",1103,"Budapest X. kerület, Csombor utca",Budapest,,,3.0,74.0,,HUF,77700000,jó állapotú,nincs megadva,összkomfortos,félemelet,4,nincs,3 m-nél alacsonyabb,nincs megadva,nincs megadva,nincs megadva,délnyugat,utcai,1 m2,nincs megadva,nincs megadva,,nincs megadva,20 700 Ft/hó,házközponti,van,B,nincs megadva,nincs megadva,,,,,,,,74.0,77.7,1050000,félemelet,0.5,4.0,1.0,20700.0,,,Nem ismert,1674,Csombor utca,,,,"Budapest X. kerület, Csombor utca",3,0,3.0,Óhegy,Panel lakás,Lépj kapcsolatba a hirdetővel,,Ingatlaniroda,4,
35475707,elado,https://ingatlan.com/35475707,"Eladó tégla lakás - Budapest X. kerület, Sibrik Miklós út #35475707",1103,"Budapest X. kerület, Sibrik Miklós út",Budapest,,,2.0,57.0,1950.0,HUF,71800000,jó állapotú,1950 és 1980 között,összkomfortos,földszint,nincs megadva,nincs,3 m-nél alacsonyabb,nincs,nincs megadva,külön helyiségben,délnyugat,utcai,5 m2,nincs megadva,udvari beálló,,18 000 Ft/hó,nincs megadva,gáz (konvektor),nincs megadva,nincs megadva,nem tetőtéri,,,,,,,,,57.0,71.8,1259649,földszint,0.0,,5.0,,18000.0,,1950-1979 (szocialista modern),3684,Sibrik Miklós út,,,,"Budapest X. kerület, Sibrik Miklós út",2,0,2.0,Óhegy,Tégla lakás,Lépj kapcsolatba a hirdetővel,,Ingatlaniroda,4,1968.0
35476213,elado,https://ingatlan.com/35476213,"Eladó tégla lakás - Budapest X. kerület, Mádi utca #35476213",1105,"Budapest X. kerület, Mádi utca",Budapest,,,1.0,24.0,1950.0,HUF,25990000,felújítandó,1950 és 1980 között,összkomfortos,földszint,2,nincs megadva,3 m-nél magasabb,nincs megadva,nincs megadva,egy helyiségben,nincs megadva,kertre néz,nincs megadva,igen,"utca, közterület - ingyenes",,nincs megadva,nincs megadva,gáz (konvektor),nincs megadva,nincs megadva,nincs megadva,,,,,,,,,24.0,25.99,1082917,földszint,0.0,2.0,,,,,1950-1979 (szocialista modern),81,Mádi utca,,,,"Budapest X. kerület, Mádi utca",1,0,1.0,Óhegy,Tégla lakás,Lépj kapcsolatba a hirdetővel,,Ingatlaniroda,4,1968.0
35476511,elado,https://ingatlan.com/35476511,"Eladó csúsztatott zsalus - Budapest X. kerület, Kőbánya - Óhegy #35476511",1103,"Budapest X. kerület, Kőbánya - Óhegy",Budapest,,,2.0,48.0,1950.0,HUF,48900000,jó állapotú,1950 és 1980 között,összkomfortos,3,nincs megadva,nincs megadva,3 m-nél alacsonyabb,nincs megadva,nincs megadva,nincs megadva,délkelet,utcai,nincs megadva,nincs megadva,"utca, közterület",,nincs megadva,nincs megadva,gáz (konvektor),nincs megadva,nincs megadva,,,,,,,,,,48.0,48.9,1018750,3,3.0,,,,,,1950-1979 (szocialista modern),556,Kőbánya - Óhegy,,,,"Budapest X. kerület, Kőbánya - Óhegy",2,0,2.0,Óhegy,Csúsztatott zsalus lakás,Lépj kapcsolatba a hirdetővel,,Ingatlaniroda,4,1968.0
35477183,elado,https://ingatlan.com/35477183,"Eladó tégla lakás - Budapest X. kerület, Száva utca #35477183",1107,"Budapest X. kerület, Száva utca",Budapest,,,2.0,29.0,,HUF,53900000,jó állapotú,nincs megadva,összkomfortos,2,4,nincs,nincs megadva,nincs megadva,nincs megadva,nincs megadva,nincs megadva,utcai,nincs megadva,nincs megadva,"utca, közterület - fizetős övezet",,nincs megadva,nincs megadva,gázkazán,nincs megadva,nincs megadva,nincs megadva,,,,,,,,,29.0,53.9,1858621,2,2.0,4.0,,,,,Nem ismert,1453,Száva utca,,,,"Budapest X. kerület, Száva utca",2,0,2.0,Gyárdűlő,Tégla lakás,Lépj kapcsolatba a hirdetővel,,Ingatlaniroda,4,
35478003,elado,https://ingatlan.com/35478003,"Eladó panel lakás - Budapest X. kerület, Állomás utca #35478003",1102,"Budapest X. kerület, Állomás utca",Budapest,,,3.0,68.0,1981.0,HUF,66500000,közepes állapotú,1981 és 2000 között,összkomfortos,9,10,van,nincs megadva,van,nincs megadva,külön helyiségben,nincs megadva,panorámás,2 m2,nincs megadva,"utca, közterület",,nincs megadva,24 000 Ft/hó,távfűtés,nincs megadva,C,nem tetőtéri,nincs megadva,,,,,,,,68.0,66.5,977941,9,9.0,10.0,2.0,24000.0,,,1980-1999 (késő panel/tégla),1538,Állomás utca,,,,"Budapest X. kerület, Állomás utca",3,0,3.0,Kőbánya-Városközpont,Panel lakás,Lépj kapcsolatba a hirdetővel,,Ingatlaniroda,4,1988.0
35479065,elado,https://ingatlan.com/35479065,"Eladó panel lakás - Budapest X. kerület, Kőbánya - Újhegyi lakótelep #35479065",1108,"Budapest X. kerület, Kőbánya - Újhegyi lakótelep",Budapest,,,3.0,68.0,1950.0,HUF,65000000,közepes állapotú,1950 és 1980 között,nincs megadva,6,nincs megadva,van,3 m-nél alacsonyabb,nincs megadva,nincs megadva,nincs megadva,délnyugat,utcai,3 m2,nincs megadva,nincs megadva,,nincs megadva,nincs megadva,távfűtés,nincs megadva,C,nem tetőtéri,nincs megadva,,,,,,,,68.0,65.0,955882,6,6.0,,3.0,,,,1950-1979 (szocialista modern),1358,Kőbánya - Újhegyi lakótelep,,,,"Budapest X. kerület, Kőbánya - Újhegyi lakótelep",3,0,3.0,Újhegy,Panel lakás,Lépj kapcsolatba a hirdetővel,,Ingatlaniroda,4,1968.0
35480273,elado,https://ingatlan.com/35480273,"Eladó csúsztatott zsalus - Budapest X. kerület, Kápolna utca #35480273",1102,"Budapest X. kerület, Kápolna utca",Budapest,,,3.0,63.0,1981.0,HUF,59500000,közepes állapotú,1981 és 2000 között,összkomfortos,1,7,van,3 m-nél alacsonyabb,nincs megadva,nincs megadva,külön helyiségben,nincs megadva,nincs megadva,nincs megadva,nem,"utca, közterület - ingyenes",,nincs megadva,nincs megadva,távfűtés,van - 10 cm,nincs megadva,,,,,,,,,,63.0,59.5,944444,1,1.0,7.0,,,,,1980-1999 (késő panel/tégla),1021,Kápolna utca,,63,63,"Budapest X. kerület, Kápolna utca 63.",3,0,3.0,Kőbánya-Városközpont,Csúsztatott zsalus lakás,Lépj kapcsolatba a hirdetővel,,Ingatlaniroda,2,1988.0
35480329,elado,https://ingatlan.com/35480329,"Eladó panel lakás - Budapest X. kerület, Bányató utca #35480329",1108,"Budapest X. kerület, Bányató utca",Budapest,,,3.0,68.0,1950.0,HUF,74950000,közepes állapotú,1950 és 1980 között,összkomfortos,földszint,több mint 10,van,3 m-nél alacsonyabb,van,nem,külön helyiségben,északnyugat,utcai,3 m2,nem,"utca, közterület - ingyenes",,nincs megadva,nincs megadva,távfűtés,van - 10 cm,B,nem tetőtéri,részt vett,,,,,,,,68.0,74.95,1102206,földszint,0.0,10.0,3.0,,,,1950-1979 (szocialista modern),1724,Bányató utca,,,,"Budapest X. kerület, Bányató utca",3,0,3.0,Újhegy,Panel lakás,Lépj kapcsolatba a hirdetővel,,Ingatlaniroda,4,1968.0
35480553,elado,https://ingatlan.com/35480553,"Eladó panel lakás - Budapest X. kerület, Kápolna utca #35480553",1102,"Budapest X. kerület, Kápolna utca",Budapest,,,3.0,64.0,1950.0,HUF,51900000,felújítandó,1950 és 1980 között,összkomfortos,7,7,van,3 m-nél alacsonyabb,van,nem,külön helyiségben,délkelet,utcai,nincs megadva,nem,"utca, közterület - ingyenes",,24 000 Ft/hó,12 000 Ft/hó,távfűtés,nincs,nincs megadva,nem tetőtéri,nem vett részt,,,,,,,,64.0,51.9,810938,7,7.0,7.0,,12000.0,24000.0,,1950-1979 (szocialista modern),430,Kápolna utca,,,,"Budapest X. kerület, Kápolna utca",3,0,3.0,Kőbánya-Városközpont,Panel lakás,Lépj kapcsolatba a hirdetővel,,Ingatlaniroda,4,1968.0
35482071,elado,https://ingatlan.com/35482071,"Eladó tégla lakás - Budapest X. kerület, Kőbánya - Óhegy #35482071",1103,"Budapest X. kerület, Kőbánya - Óhegy",Budapest,,,1.0,34.0,2026.0,HUF,49260000,nincs megadva,2026,összkomfortos,1,4,van,3 m-nél alacsonyabb,van,igen,egy helyiségben,északkelet,utcai,3.51 m2,igen,teremgarázs hely,,nincs megadva,nincs megadva,"hőszivattyú, mennyezeti hűtés-fűtés, padlófűtés",van - 15 cm,A,nincs megadva,,,,,,,,,34.0,49.26,1448824,1,1.0,4.0,3.51,,,2026.0,2020 után (új építésű),2300,Kőbánya - Óhegy,,,,"Budapest X. kerület, Kőbánya - Óhegy",1,0,1.0,Óhegy,Tégla lakás,Lépj kapcsolatba a hirdetővel,,Ingatlaniroda,4,2026.0
35482592,elado,https://ingatlan.com/35482592,"Eladó tégla lakás - Budapest X. kerület, Sörgyár utca #35482592",1104,"Budapest X. kerület, Sörgyár utca",Budapest,,,1.0,35.0,1950.0,HUF,42000000,felújítandó,1950 és 1980 között,összkomfortos,félemelet,2,nincs megadva,3 m-nél alacsonyabb,nincs megadva,nincs megadva,nincs megadva,délnyugat,udvari,2 m2,nincs megadva,udvari beálló,,nincs megadva,13 430 Ft/hó,gáz (konvektor),nincs megadva,nincs megadva,nincs megadva,,,,,,,,,35.0,42.0,1200000,félemelet,0.5,2.0,2.0,13430.0,,,1950-1979 (szocialista modern),946,Sörgyár utca,,,,"Budapest X. kerület, Sörgyár utca",1,0,1.0,Óhegy,Csúsztatott zsalus lakás,Lépj kapcsolatba a hirdetővel,,Ingatlaniroda,4,1968.0
35483630,elado,https://ingatlan.com/35483630,"Eladó tégla lakás - Budapest X. kerület, Újhegyi út #35483630",1108,"Budapest X. kerület, Újhegyi út",Budapest,,,3.0,72.0,2026.0,HUF,96000000,új építésű,2026,összkomfortos,1,5,van,3 m-nél alacsonyabb,van,nem,külön helyiségben,délkelet,utcai,23 m2,nem,teremgarázs hely - megvásárolható,7 MFt,nincs megadva,nincs megadva,"hőszivattyú, mennyezeti hűtés-fűtés",van - 20 cm,nincs megadva,nem tetőtéri,,,,,,,,,72.0,96.0,1333333,1,1.0,5.0,23.0,,,2026.0,2020 után (új építésű),2517,Újhegyi út,,,,"Budapest X. kerület, Újhegyi út",3,0,3.0,Újhegy,Tégla lakás,Lépj kapcsolatba a hirdetővel,,Ingatlaniroda,4,2026.0
35483694,elado,https://ingatlan.com/35483694,"Eladó panel lakás - Budapest X. kerület, Laposdűlő - Pongrácz úti lakótelep #35483694",1101,"Budapest X. kerület, Laposdűlő - Pongrácz úti lakótelep",Budapest,,,2.0,55.0,,HUF,62900000,jó állapotú,nincs megadva,összkomfortos,2,4,nincs,3 m-nél alacsonyabb,van,nincs megadva,külön helyiségben,dél,nincs megadva,nincs megadva,nincs megadva,"utca, közterület - ingyenes",,nincs megadva,nincs megadva,"gáz (konvektor), elektromos fűtőpanel, hűtő-fűtő klíma",nincs,nincs megadva,nem tetőtéri,nincs megadva,,,,,,,,55.0,62.9,1143636,2,2.0,4.0,,,,,Nem ismert,768,Laposdűlő - Pongrácz úti lakótelep,,,,"Budapest X. kerület, Laposdűlő - Pongrácz úti lakótelep",2,0,2.0,Laposdűlő,Panel lakás,Lépj kapcsolatba a hirdetővel,,Ingatlaniroda,4,
35483757,elado,https://ingatlan.com/35483757,"Eladó panel lakás - Budapest X. kerület, Szőlővirág utca #35483757",1108,"Budapest X. kerület, Szőlővirág utca",Budapest,,,3.0,68.0,1950.0,HUF,69900000,jó állapotú,1950 és 1980 között,összkomfortos,3,10,van,3 m-nél alacsonyabb,nincs megadva,nincs megadva,külön helyiségben,délnyugat,nincs megadva,3 m2,nincs megadva,"utca, közterület - ingyenes",,nincs megadva,25 000 Ft/hó,távfűtés,van,nincs megadva,nincs megadva,részt vett,,,,,,,,68.0,69.9,1027941,3,3.0,10.0,3.0,25000.0,,,1950-1979 (szocialista modern),687,Szőlővirág utca,,,,"Budapest X. kerület, Szőlővirág utca",3,0,3.0,Újhegy,Panel lakás,Lépj kapcsolatba a hirdetővel,,Ingatlaniroda,4,1968.0
35483920,elado,https://ingatlan.com/35483920,"Eladó panel lakás - Budapest X. kerület, Felsőrákos #35483920",1106,"Budapest X. kerület, Felsőrákos",Budapest,,,2.0,53.0,1950.0,HUF,64900000,jó állapotú,1950 és 1980 között,összkomfortos,9,nincs megadva,van,3 m-nél alacsonyabb,nincs megadva,nincs megadva,nincs megadva,délkelet,utcai,4 m2,nincs megadva,"utca, közterület",,nincs megadva,nincs megadva,távfűtés,nincs megadva,nincs megadva,nem tetőtéri,nincs megadva,,,,,,,,53.0,64.9,1224528,9,9.0,,4.0,,,,1950-1979 (szocialista modern),2252,Felsőrákos,,,,"Budapest X. kerület, Felsőrákos",2,0,2.0,Felsőrákos,Panel lakás,Lépj kapcsolatba a hirdetővel,,Ingatlaniroda,4,1968.0
35484279,elado,https://ingatlan.com/35484279,"Eladó tégla lakás - Budapest X. kerület, Bolgár utca #35484279",1105,"Budapest X. kerület, Bolgár utca",Budapest,,,6.0,140.0,1950.0,HUF,139900000,felújított,1950 és 1980 között,duplakomfortos,földszint,nincs megadva,nincs megadva,3 m-nél alacsonyabb,nincs megadva,nincs megadva,nincs megadva,északnyugat,nincs megadva,nincs megadva,nincs megadva,nincs megadva,,nincs megadva,55 000 Ft/hó,gázkazán,nincs megadva,nincs megadva,nincs megadva,,,,,,,,,140.0,139.9,999286,földszint,0.0,,,55000.0,,,1950-1979 (szocialista modern),1262,Bolgár utca,,,,"Budapest X. kerület, Bolgár utca",6,0,6.0,Óhegy,Tégla lakás,Lépj kapcsolatba a hirdetővel,,Ingatlaniroda,4,1968.0
35484332,elado,https://ingatlan.com/35484332,"Eladó tégla lakás - Budapest X. kerület, Hatház utca #35484332",1106,"Budapest X. kerület, Hatház utca",Budapest,,,1.0,32.0,1940.0,HUF,45900000,felújított,1950 előtt,összkomfortos,3,4,nincs,3 m-nél alacsonyabb,nincs megadva,nincs megadva,nincs megadva,északkelet,nincs megadva,nincs megadva,nincs megadva,nincs megadva,,nincs megadva,13 000 Ft/hó,gázkazán,nincs megadva,nincs megadva,nincs megadva,,,,,,,,,32.0,45.9,1434375,3,3.0,4.0,,13000.0,,,1950 előtt (klasszikus polgári/tégla),1444,Hatház utca,,,,"Budapest X. kerület, Hatház utca",1,0,1.0,Felsőrákos,Tégla lakás,Lépj kapcsolatba a hirdetővel,,Ingatlaniroda,4,1930.0
35484419,elado,https://ingatlan.com/35484419,"Eladó panel lakás - Budapest X. kerület, Mádi utca 200. #35484419",1108,"Budapest X. kerület, Mádi utca 200.",Budapest,47.472184,19.166627,2.0,58.0,1981.0,HUF,67900000,felújított,1981 és 2000 között,összkomfortos,8,10,van,3 m-nél alacsonyabb,nincs megadva,nincs megadva,külön helyiségben,nincs megadva,panorámás,4 m2,nincs megadva,"utca, közterület",,nincs megadva,22 000 Ft/hó,távfűtés,nincs megadva,F,nincs megadva,nincs megadva,,,,,,,,58.0,67.9,1170690,8,8.0,10.0,4.0,22000.0,,,1980-1999 (késő panel/tégla),944,Mádi utca,200,,200,"Budapest X. kerület, Mádi utca 200.",2,0,2.0,Újhegy,Panel lakás,Lépj kapcsolatba a hirdetővel,,Ingatlaniroda,4,1988.0
35484528,elado,https://ingatlan.com/35484528,Egy pillanat...,1108,"Budapest X. kerület, Újhegyi út",Budapest,,,3.0,61.0,,HUF,89000000,,,,,,,,,,,,,,,,,,,,,,,,,,,,,,,61.0,89.0,1459016,,,,,,,,Nem ismert,0,Újhegyi út,,,,"Budapest X. kerület, Újhegyi út",3,0,3.0,Újhegy,Tégla lakás,,,Ingatlaniroda,0,
35484531,elado,https://ingatlan.com/35484531,"Eladó panel lakás - Budapest X. kerület, Tóvirág utca #35484531",1108,"Budapest X. kerület, Tóvirág utca",Budapest,,,2.0,50.0,1950.0,HUF,49000000,felújítandó,1950 és 1980 között,összkomfortos,2,10,van,3 m-nél alacsonyabb,nincs,nem,külön helyiségben,nincs megadva,utcai,3 m2,nem,"utca, közterület - ingyenes",,18 000 Ft/hó,nincs megadva,távfűtés,van,C,nem tetőtéri,részt vett,,,,,,,,50.0,49.0,980000,2,2.0,10.0,3.0,,18000.0,,1950-1979 (szocialista modern),1379,Tóvirág utca,,,,"Budapest X. kerület, Tóvirág utca",2,0,2.0,Újhegy,Panel lakás,Lépj kapcsolatba a hirdetővel,,Ingatlaniroda,2,1968.0
35484623,elado,https://ingatlan.com/35484623,"Eladó panel lakás - Budapest X. kerület, Kőbánya - Újhegyi lakótelep #35484623",1108,"Budapest X. kerület, Kőbánya - Újhegyi lakótelep",Budapest,,,2.0,50.0,1950.0,HUF,47900000,felújítandó,1950 és 1980 között,összkomfortos,3,10,van,3 m-nél alacsonyabb,nincs megadva,nem,külön helyiségben,nincs megadva,utcai,3 m2,nincs megadva,"utca, közterület",,nincs megadva,13 000 Ft/hó,távfűtés egyedi méréssel,nincs megadva,nincs megadva,nincs megadva,nincs megadva,,,,,,,,50.0,47.9,958000,3,3.0,10.0,3.0,13000.0,,,1950-1979 (szocialista modern),1660,Kőbánya - Újhegyi lakótelep,,,,"Budapest X. kerület, Kőbánya - Újhegyi lakótelep",2,0,2.0,Újhegy,Panel lakás,Lépj kapcsolatba a hirdetővel,,Ingatlaniroda,4,1968.0
35484657,elado,https://ingatlan.com/35484657,"Eladó csúsztatott zsalus - Budapest X. kerület, Sörgyár utca #35484657",1104,"Budapest X. kerület, Sörgyár utca",Budapest,,,3.0,51.0,1950.0,HUF,59900000,jó állapotú,1950 és 1980 között,összkomfortos,3,3,nincs,3 m-nél alacsonyabb,nincs megadva,nem,nincs megadva,délkelet,utcai,1 m2,nem,"utca, közterület",,25 000 Ft/hó,nincs megadva,gáz (konvektor),nincs megadva,nincs megadva,,,,,,,,,,51.0,59.9,1174510,3,3.0,3.0,1.0,,25000.0,,1950-1979 (szocialista modern),1686,Sörgyár utca,,,,"Budapest X. kerület, Sörgyár utca",3,0,3.0,Óhegy,Csúsztatott zsalus lakás,Lépj kapcsolatba a hirdetővel,,Ingatlaniroda,4,1968.0
35485905,elado,https://ingatlan.com/35485905,"Eladó panel lakás - Budapest X. kerület, Gyakorló utca #35485905",1106,"Budapest X. kerület, Gyakorló utca",Budapest,,,2.0,53.0,1950.0,HUF,65900000,közepes állapotú,1950 és 1980 között,összkomfortos,10,nincs megadva,van,3 m-nél alacsonyabb,nincs,nem,nincs megadva,délkelet,nincs megadva,4 m2,nincs megadva,"utca, közterület - fizetős övezet",,nincs megadva,19 500 Ft/hó,távfűtés egyedi méréssel,van,nincs megadva,nem tetőtéri,részt vett,,,,,,,,53.0,65.9,1243396,10,10.0,,4.0,19500.0,,,1950-1979 (szocialista modern),901,Gyakorló utca,,,,"Budapest X. kerület, Gyakorló utca",2,0,2.0,Felsőrákos,Panel lakás,Lépj kapcsolatba a hirdetővel,,Ingatlaniroda,4,1968.0
35486517,elado,https://ingatlan.com/35486517,"Eladó csúsztatott zsalus - Budapest X. kerület, Kőbánya-Városközpont #35486517",1105,"Budapest X. kerület, Kőbánya-Városközpont",Budapest,,,2.0,44.0,1950.0,HUF,52900000,jó állapotú,1950 és 1980 között,összkomfortos,7,nincs megadva,van,3 m-nél alacsonyabb,nincs megadva,nincs megadva,nincs megadva,kelet,panorámás,nincs megadva,nincs megadva,nincs megadva,,nincs megadva,15 700 Ft/hó,távfűtés,van,nincs megadva,,,,,,,,,,44.0,52.9,1202273,7,7.0,,,15700.0,,,1950-1979 (szocialista modern),1642,Kőbánya-Városközpont,,,,"Budapest X. kerület, Kőbánya-Városközpont",2,0,2.0,Kőbánya-Városközpont,Csúsztatott zsalus lakás,Lépj kapcsolatba a hirdetővel,,Ingatlaniroda,4,1968.0
35486693,elado,https://ingatlan.com/35486693,"Eladó panel lakás - Budapest X. kerület, Gyakorló utca #35486693",1106,"Budapest X. kerület, Gyakorló utca",Budapest,,,2.0,53.0,1950.0,HUF,64900000,jó állapotú,1950 és 1980 között,összkomfortos,9,10,van,3 m-nél alacsonyabb,van,nincs megadva,külön helyiségben,délkelet,utcai,4 m2,nem,"utca, közterület",,nincs megadva,19 500 Ft/hó,távfűtés egyedi méréssel,nincs,nincs megadva,nem tetőtéri,nem vett részt,,,,,,,,53.0,64.9,1224528,9,9.0,10.0,4.0,19500.0,,,1950-1979 (szocialista modern),2106,Gyakorló utca,,,,"Budapest X. kerület, Gyakorló utca",2,0,2.0,Felsőrákos,Panel lakás,Lépj kapcsolatba a hirdetővel,,Ingatlaniroda,4,1968.0
35486728,elado,https://ingatlan.com/35486728,"Eladó csúsztatott zsalus - Budapest X. kerület, Harmat utca 69. #35486728",1104,"Budapest X. kerület, Harmat utca 69.",Budapest,47.480514,19.148442,2.0,49.0,,HUF,74900000,felújított,nincs megadva,összkomfortos,4,4,nincs megadva,3 m-nél alacsonyabb,van,nincs megadva,külön helyiségben,nincs megadva,kertre néz,nincs megadva,igen,"utca, közterület - ingyenes",,20 000 Ft/hó,14 000 Ft/hó,"hűtő-fűtő klíma, gáz (konvektor)",van,nincs megadva,,,,,,,,,,49.0,74.9,1528571,4,4.0,4.0,,14000.0,20000.0,,Nem ismert,4272,Harmat utca,69,,69,"Budapest X. kerület, Harmat utca 69.",2,0,2.0,Óhegy,Csúsztatott zsalus lakás,Lépj kapcsolatba a hirdetővel,,Ingatlaniroda,4,
35486816,elado,https://ingatlan.com/35486816,"Eladó panel lakás - Budapest X. kerület, Lenfonó utca #35486816",1108,"Budapest X. kerület, Lenfonó utca",Budapest,,,2.0,50.0,,HUF,57900000,jó állapotú,nincs megadva,összkomfortos,4,10,van,nincs megadva,van,nincs megadva,külön helyiségben,nincs megadva,panorámás,4 m2,nincs megadva,"utca, közterület",,18 000 Ft/hó,18 Ft/hó,távfűtés,van,B,nincs megadva,nincs megadva,,,,,,,,50.0,57.9,1158000,4,4.0,10.0,4.0,18.0,18000.0,,Nem ismert,1886,Lenfonó utca,,,,"Budapest X. kerület, Lenfonó utca",2,0,2.0,Újhegy,Panel lakás,Lépj kapcsolatba a hirdetővel,,Ingatlaniroda,2,
35489060,elado,https://ingatlan.com/35489060,"Eladó tégla lakás - Budapest X. kerület, Endre utca #35489060",1102,"Budapest X. kerület, Endre utca",Budapest,,,1.0,31.0,1950.0,HUF,44900000,újszerű,1950 és 1980 között,összkomfortos,földszint,földszintes,nincs megadva,3 m-nél alacsonyabb,nincs megadva,nincs megadva,egy helyiségben,nincs megadva,kertre néz,40 m2,igen,"utca, közterület - ingyenes",,10 000 Ft/hó,18 000 Ft/hó,házközponti egyedi méréssel,van,nincs megadva,nincs megadva,,,,,,,,,31.0,44.9,1448387,földszint,0.0,0.0,40.0,18000.0,10000.0,,1950-1979 (szocialista modern),772,Endre utca,,,,"Budapest X. kerület, Endre utca",1,0,1.0,Ligettelek,Tégla lakás,Lépj kapcsolatba a hirdetővel,,Ingatlaniroda,4,1968.0
35489122,elado,https://ingatlan.com/35489122,"Eladó csúsztatott zsalus - Budapest X. kerület, Harmat köz #35489122",1105,"Budapest X. kerület, Harmat köz",Budapest,,,2.0,53.0,,HUF,59800000,felújított,nincs megadva,nincs megadva,nincs megadva,nincs megadva,nincs megadva,nincs megadva,van,nincs megadva,külön helyiségben,nincs megadva,nincs megadva,nincs megadva,nincs megadva,nincs megadva,,nincs megadva,nincs megadva,távfűtés,nincs megadva,nincs megadva,,,,,,,,,,53.0,59.8,1128302,nincs megadva,,,,,,,Nem ismert,1262,Harmat köz,,,,"Budapest X. kerület, Harmat köz",2,0,2.0,Óhegy,Csúsztatott zsalus lakás,Lépj kapcsolatba a hirdetővel,,Ingatlaniroda,4,
35489511,elado,https://ingatlan.com/35489511,"Eladó tégla lakás - Budapest X. kerület, Gergely utca #35489511",1103,"Budapest X. kerület, Gergely utca",Budapest,,,2.0,41.0,2001.0,HUF,59900000,jó állapotú,2001 és 2010 között,összkomfortos,földszint,nincs megadva,nincs,3 m-nél alacsonyabb,van,nincs megadva,egy helyiségben,északnyugat,udvari,nincs megadva,nem,udvari beálló,,nincs megadva,nincs megadva,házközponti egyedi méréssel,nincs megadva,C,nincs megadva,,,,,,,,,41.0,59.9,1460976,földszint,0.0,,,,,,2000-2019 (újszerű),3079,Gergely utca,,,,"Budapest X. kerület, Gergely utca",2,0,2.0,Újhegy,Tégla lakás,Lépj kapcsolatba a hirdetővel,,Ingatlaniroda,4,2005.0
35490240,elado,https://ingatlan.com/35490240,"Eladó tégla lakás - Budapest X. kerület, Kőbánya - Óhegy #35490240",1103,"Budapest X. kerület, Kőbánya - Óhegy",Budapest,,,1.0,26.0,1940.0,HUF,23900000,közepes állapotú,1950 előtt,nincs megadva,földszint,nincs megadva,nincs megadva,3 m-nél magasabb,nincs megadva,nincs megadva,nincs megadva,délnyugat,nincs megadva,nincs megadva,nincs megadva,nincs megadva,,nincs megadva,nincs megadva,gáz (konvektor),nincs megadva,nincs megadva,nem tetőtéri,,,,,,,,,26.0,23.9,919231,földszint,0.0,,,,,,1950 előtt (klasszikus polgári/tégla),1500,Kőbánya - Óhegy,,,,"Budapest X. kerület, Kőbánya - Óhegy",1,0,1.0,Óhegy,Tégla lakás,Lépj kapcsolatba a hirdetővel,,Ingatlaniroda,4,1930.0
35490243,elado,https://ingatlan.com/35490243,"Eladó tégla lakás - Budapest X. kerület, Kőbánya-Városközpont #35490243",1105,"Budapest X. kerület, Kőbánya-Városközpont",Budapest,,,4.0,147.0,1940.0,HUF,110900000,felújított,1950 előtt,duplakomfortos,1,nincs megadva,nincs,3 m-nél magasabb,nincs megadva,nincs megadva,nincs megadva,délkelet,utcai,nincs megadva,nincs megadva,nincs megadva,,nincs megadva,nincs megadva,gázkazán,nincs megadva,nincs megadva,nem tetőtéri,,,,,,,,,147.0,110.9,754422,1,1.0,,,,,,1950 előtt (klasszikus polgári/tégla),2192,Kőbánya-Városközpont,,,,"Budapest X. kerület, Kőbánya-Városközpont",4,0,4.0,Kőbánya-Városközpont,Tégla lakás,Lépj kapcsolatba a hirdetővel,,Ingatlaniroda,4,1930.0
35490386,elado,https://ingatlan.com/35490386,"Eladó tégla lakás - Budapest X. kerület, Mongol utca #35490386",1105,"Budapest X. kerület, Mongol utca",Budapest,,,2.0,45.0,1981.0,HUF,56900000,felújított,1981 és 2000 között,nincs megadva,félemelet,nincs megadva,nincs megadva,nincs megadva,nincs,nincs megadva,egy helyiségben,nincs megadva,nincs megadva,nincs megadva,nincs megadva,"utca, közterület - ingyenes",,nincs megadva,3 000 Ft/hó,nincs megadva,nincs megadva,nincs megadva,nem tetőtéri,,,,,,,,,45.0,56.9,1264444,félemelet,0.5,,,3000.0,,,1980-1999 (késő panel/tégla),1839,Mongol utca,,,,"Budapest X. kerület, Mongol utca",2,0,2.0,Óhegy,Tégla lakás,Lépj kapcsolatba a hirdetővel,,Ingatlaniroda,4,1988.0
35490392,elado,https://ingatlan.com/35490392,"Eladó tégla lakás - Budapest X. kerület, Bihari utca #35490392",1107,"Budapest X. kerület, Bihari utca",Budapest,,,1.0,35.0,1940.0,HUF,53900000,felújított,1950 előtt,összkomfortos,3,4,nincs,3 m-nél magasabb,van,nincs megadva,egy helyiségben,délnyugat,panorámás,nincs megadva,nem,udvari beálló - benne van az árban,,3 500 Ft/hó,13 900 Ft/hó,"gázkazán, hűtő-fűtő klíma",nincs,nincs megadva,nem tetőtéri,,,,,,,,,35.0,53.9,1540000,3,3.0,4.0,,13900.0,3500.0,,1950 előtt (klasszikus polgári/tégla),963,Bihari utca,,17,17,"Budapest X. kerület, Bihari utca 17.",1,0,1.0,Gyárdűlő,Tégla lakás,Lépj kapcsolatba a hirdetővel,,Ingatlaniroda,2,1930.0
35490873,elado,https://ingatlan.com/35490873,"Eladó panel lakás - Budapest X. kerület, Oltó utca #35490873",1108,"Budapest X. kerület, Oltó utca",Budapest,,,3.0,69.0,,HUF,66000000,jó állapotú,nincs megadva,összkomfortos,8,10,van,nincs megadva,van,nincs megadva,külön helyiségben,délnyugat,panorámás,3 m2,nincs megadva,"utca, közterület - ingyenes",,nincs megadva,21 000 Ft/hó,távfűtés,nincs megadva,nincs megadva,nincs megadva,nincs megadva,,,,,,,,69.0,66.0,956522,8,8.0,10.0,3.0,21000.0,,,Nem ismert,494,Oltó utca,,69,69,"Budapest X. kerület, Oltó utca 69.",3,0,3.0,Újhegy,Panel lakás,Lépj kapcsolatba a hirdetővel,,Ingatlaniroda,4,
35491561,elado,https://ingatlan.com/35491561,"Eladó tégla lakás - Budapest X. kerület, Harmat utca #35491561",1102,"Budapest X. kerület, Harmat utca",Budapest,,,3.0,75.0,1981.0,HUF,79900000,felújított,1981 és 2000 között,nincs megadva,1,3,nincs megadva,3 m-nél alacsonyabb,van,nincs megadva,nincs megadva,nincs megadva,nincs megadva,nincs megadva,nincs megadva,nincs megadva,,12 500 Ft/hó,19 000 Ft/hó,gázkazán,nincs megadva,nincs megadva,nem tetőtéri,,,,,,,,,75.0,79.9,1065333,1,1.0,3.0,,19000.0,12500.0,,1980-1999 (késő panel/tégla),640,Harmat utca,,,,"Budapest X. kerület, Harmat utca",3,0,3.0,Ligettelek,Tégla lakás,Lépj kapcsolatba a hirdetővel,,Ingatlaniroda,4,1988.0
35491829,elado,https://ingatlan.com/35491829,"Eladó tégla lakás - Budapest X. kerület, Újhegyi út #35491829",1108,"Budapest X. kerület, Újhegyi út",Budapest,,,2.0,51.0,2001.0,HUF,67900000,jó állapotú,2001 és 2010 között,összkomfortos,2,5,van,nincs megadva,van,nincs megadva,külön helyiségben,délnyugat,nincs megadva,5 m2,nincs megadva,nincs megadva,,nincs megadva,18 000 Ft/hó,házközponti egyedi méréssel,van,nincs megadva,nincs megadva,,,,,,,,,51.0,67.9,1331373,2,2.0,5.0,5.0,18000.0,,,2000-2019 (újszerű),1173,Újhegyi út,,,,"Budapest X. kerület, Újhegyi út",2,0,2.0,Újhegy,Tégla lakás,Lépj kapcsolatba a hirdetővel,,Ingatlaniroda,4,2005.0
35492079,elado,https://ingatlan.com/35492079,"Eladó panel lakás - Budapest X. kerület, Szövőszék utca #35492079",1108,"Budapest X. kerület, Szövőszék utca",Budapest,,,2.0,50.0,,HUF,58000000,jó állapotú,nincs megadva,nincs megadva,8,10,van,nincs megadva,van,nincs megadva,külön helyiségben,nincs megadva,nincs megadva,3 m2,nincs megadva,"utca, közterület - ingyenes",,nincs megadva,nincs megadva,nincs megadva,van,nincs megadva,nem tetőtéri,részt vett,,,,,,,,50.0,58.0,1160000,8,8.0,10.0,3.0,,,,Nem ismert,1530,Szövőszék utca,,,,"Budapest X. kerület, Szövőszék utca",2,0,2.0,Újhegy,Panel lakás,Lépj kapcsolatba a hirdetővel,,Ingatlaniroda,2,
35492412,elado,https://ingatlan.com/35492412,"Eladó tégla lakás - Budapest X. kerület, Kőrösi Csoma Sándor út #35492412",1102,"Budapest X. kerület, Kőrösi Csoma Sándor út",Budapest,,,2.0,54.0,,HUF,56900000,jó állapotú,nincs megadva,összkomfortos,3,4,nincs,nincs megadva,nincs megadva,nincs megadva,egy helyiségben,nincs megadva,utcai,4 m2,nincs megadva,nincs megadva,,nincs megadva,nincs megadva,nincs megadva,nincs megadva,B,nincs megadva,,,,,,,,,54.0,56.9,1053704,3,3.0,4.0,4.0,,,,Nem ismert,748,Kőrösi Csoma Sándor út,,,,"Budapest X. kerület, Kőrösi Csoma Sándor út",2,0,2.0,Kőbánya-Városközpont,Tégla lakás,Lépj kapcsolatba a hirdetővel,,Ingatlaniroda,4,
35492786,elado,https://ingatlan.com/35492786,"Eladó csúsztatott zsalus - Budapest X. kerület, Kőrösi Csoma Sándor út #35492786",1102,"Budapest X. kerület, Kőrösi Csoma Sándor út",Budapest,,,2.0,53.0,1950.0,HUF,53900000,jó állapotú,1950 és 1980 között,összkomfortos,1,9,van,3 m-nél alacsonyabb,van,nem,egy helyiségben,délkelet,nincs megadva,4 m2,nem,"utca, közterület - ingyenes",,nincs megadva,15 250 Ft/hó,távfűtés,nincs megadva,F,,,,,,,,,,53.0,53.9,1016981,1,1.0,9.0,4.0,15250.0,,,1950-1979 (szocialista modern),1489,Kőrösi Csoma Sándor út,,,,"Budapest X. kerület, Kőrösi Csoma Sándor út",2,0,2.0,Kőbánya-Városközpont,Csúsztatott zsalus lakás,Lépj kapcsolatba a hirdetővel,,Ingatlaniroda,4,1968.0
35493099,elado,https://ingatlan.com/35493099,"Eladó panel lakás - Budapest X. kerület, Szőlővirág utca 8. #35493099",1108,"Budapest X. kerület, Szőlővirág utca 8.",Budapest,47.469968,19.164482,3.0,70.0,,HUF,63990000,jó állapotú,nincs megadva,nincs megadva,9,10,van,nincs megadva,nincs megadva,nincs megadva,külön helyiségben,nincs megadva,utcai,4 m2,nincs megadva,nincs megadva,,nincs megadva,nincs megadva,távfűtés egyedi méréssel,van,nincs megadva,nem tetőtéri,részt vett,,,,,,,,70.0,63.99,914143,9,9.0,10.0,4.0,,,,Nem ismert,2006,Szőlővirág utca,8,,8,"Budapest X. kerület, Szőlővirág utca 8.",3,0,3.0,Újhegy,Panel lakás,Lépj kapcsolatba a hirdetővel,,Ingatlaniroda,4,
35493201,elado,https://ingatlan.com/35493201,"Eladó panel lakás - Budapest X. kerület, Szőlővirág utca #35493201",1108,"Budapest X. kerület, Szőlővirág utca",Budapest,,,3.0,68.0,,HUF,64000000,jó állapotú,nincs megadva,nincs megadva,9,10,van,nincs megadva,nincs megadva,nincs megadva,külön helyiségben,nincs megadva,utcai,nincs megadva,nincs megadva,nincs megadva,,nincs megadva,nincs megadva,távfűtés,nincs megadva,nincs megadva,nem tetőtéri,nincs megadva,,,,,,,,68.0,64.0,941176,9,9.0,10.0,,,,,Nem ismert,1878,Szőlővirág utca,,,,"Budapest X. kerület, Szőlővirág utca",3,0,3.0,Újhegy,Panel lakás,Lépj kapcsolatba a hirdetővel,,Ingatlaniroda,4,
35493951,elado,https://ingatlan.com/35493951,"Eladó csúsztatott zsalus - Budapest X. kerület, Harmat utca #35493951",1102,"Budapest X. kerület, Harmat utca",Budapest,,,2.0,49.0,1950.0,HUF,59990000,jó állapotú,1950 és 1980 között,összkomfortos,4,nincs megadva,nincs,3 m-nél alacsonyabb,nincs megadva,nincs megadva,nincs megadva,kelet,kertre néz,nincs megadva,nincs megadva,"utca, közterület",,nincs megadva,nincs megadva,gáz (konvektor),nincs megadva,nincs megadva,,,,,,,,,,49.0,59.99,1224286,4,4.0,,,,,,1950-1979 (szocialista modern),2349,Harmat utca,,,,"Budapest X. kerület, Harmat utca",2,0,2.0,Ligettelek,Csúsztatott zsalus lakás,Lépj kapcsolatba a hirdetővel,,Ingatlaniroda,4,1968.0
35493996,elado,https://ingatlan.com/35493996,"Eladó tégla lakás - Budapest X. kerület, Szárnyas utca #35493996",1107,"Budapest X. kerület, Szárnyas utca",Budapest,,,1.0,29.0,1950.0,HUF,44600000,közepes állapotú,1950 és 1980 között,komfortos,3,3,nincs,3 m-nél alacsonyabb,nincs,nem,külön helyiségben,nincs megadva,utcai,2 m2,nem,"utca, közterület",,nincs megadva,12 000 Ft/hó,gáz (konvektor),nincs,I,"legfelső emelet, nem tetőtéri",,,,,,,,,29.0,44.6,1537931,3,3.0,3.0,2.0,12000.0,,,1950-1979 (szocialista modern),1507,Szárnyas utca,,,,"Budapest X. kerület, Szárnyas utca",1,0,1.0,Gyárdűlő,Tégla lakás,Lépj kapcsolatba a hirdetővel,,Ingatlaniroda,4,1968.0
35494000,elado,https://ingatlan.com/35494000,"Eladó tégla lakás - Budapest X. kerület, Gergely utca #35494000",1103,"Budapest X. kerület, Gergely utca",Budapest,,,3.0,57.0,2001.0,HUF,69900000,jó állapotú,2001 és 2010 között,összkomfortos,1,3,nincs,3 m-nél alacsonyabb,van,nem,egy helyiségben,kelet,kertre néz,nincs megadva,nem,udvari beálló - kötelező megvenni,4 MFt,nincs megadva,26 500 Ft/hó,"házközponti egyedi méréssel, hűtő-fűtő klíma",nincs megadva,D,nem tetőtéri,,,,,,,,,57.0,69.9,1226316,1,1.0,3.0,,26500.0,,,2000-2019 (újszerű),2305,Gergely utca,,,,"Budapest X. kerület, Gergely utca",3,0,3.0,Újhegy,Tégla lakás,Lépj kapcsolatba a hirdetővel,,Ingatlaniroda,4,2005.0
35494911,elado,https://ingatlan.com/35494911,"Eladó panel lakás - Budapest X. kerület, Kőbánya - Újhegyi lakótelep #35494911",1108,"Budapest X. kerület, Kőbánya - Újhegyi lakótelep",Budapest,,,2.0,49.0,1950.0,HUF,54500000,jó állapotú,1950 és 1980 között,összkomfortos,7,10,van,3 m-nél alacsonyabb,van,nem,külön helyiségben,délnyugat,kertre néz,3 m2,nem,"utca, közterület - ingyenes",,nincs megadva,15 460 Ft/hó,távfűtés egyedi méréssel,nincs megadva,nincs megadva,nem tetőtéri,részt vett,,,,,,,,49.0,54.5,1112245,7,7.0,10.0,3.0,15460.0,,,1950-1979 (szocialista modern),2644,Kőbánya - Újhegyi lakótelep,,,,"Budapest X. kerület, Kőbánya - Újhegyi lakótelep",2,0,2.0,Újhegy,Panel lakás,Lépj kapcsolatba a hirdetővel,,Ingatlaniroda,4,1968.0
35495031,elado,https://ingatlan.com/35495031,"Eladó csúsztatott zsalus - Budapest X. kerület, Kőrösi Csoma Sándor út #35495031",1102,"Budapest X. kerület, Kőrösi Csoma Sándor út",Budapest,,,2.0,55.0,1950.0,HUF,54900000,közepes állapotú,1950 és 1980 között,összkomfortos,7,9,van,3 m-nél alacsonyabb,nincs,nincs megadva,egy helyiségben,délkelet,panorámás,4 m2,nincs megadva,"utca, közterület - ingyenes",,nincs megadva,16 000 Ft/hó,távfűtés,nincs megadva,E,,,,,,,,,,55.0,54.9,998182,7,7.0,9.0,4.0,16000.0,,,1950-1979 (szocialista modern),1143,Kőrösi Csoma Sándor út,,55,55,"Budapest X. kerület, Kőrösi Csoma Sándor út 55.",2,0,2.0,Kőbánya-Városközpont,Csúsztatott zsalus lakás,Lépj kapcsolatba a hirdetővel,,Ingatlaniroda,4,1968.0
35495329,elado,https://ingatlan.com/35495329,"Eladó csúsztatott zsalus - Budapest X. kerület, Gyógyszergyári utca 8. #35495329",1106,"Budapest X. kerület, Gyógyszergyári utca 8.",Budapest,47.49801,19.142693,2.0,51.0,2026.0,HUF,77900000,nincs megadva,2026,összkomfortos,1,5,van,nincs megadva,van,igen,külön helyiségben,kelet,kertre néz,13 m2,nem,"utca, közterület - ingyenes",,nincs megadva,nincs megadva,távfűtés egyedi méréssel,van,A+,,,,,,,,,,51.0,77.9,1527451,1,1.0,5.0,13.0,,,2026.0,2020 után (új építésű),1255,Gyógyszergyári utca,8,,8,"Budapest X. kerület, Gyógyszergyári utca 8.",2,0,2.0,Felsőrákos,Csúsztatott zsalus lakás,Lépj kapcsolatba a hirdetővel,,Ingatlaniroda,4,2026.0
35495373,elado,https://ingatlan.com/35495373,"Eladó panel lakás - Budapest X. kerület, Hungária körút 5-7. #35495373",1101,"Budapest X. kerület, Hungária körút 5-7.",Budapest,47.491796,19.109243,3.0,72.0,1981.0,HUF,68900000,jó állapotú,1981 és 2000 között,nincs megadva,8,10,van,3 m-nél alacsonyabb,nincs,nincs megadva,külön helyiségben,kelet,utcai,nincs megadva,nem,"utca, közterület - ingyenes",,nincs megadva,nincs megadva,házközponti,van,nincs megadva,nem tetőtéri,nincs megadva,,,,,,,,72.0,68.9,956944,8,8.0,10.0,,,,,1980-1999 (késő panel/tégla),429,Hungária körút,5-7,,5-7,"Budapest X. kerület, Hungária körút 5-7.",3,0,3.0,Laposdűlő,Panel lakás,Lépj kapcsolatba a hirdetővel,,Ingatlaniroda,4,1988.0
35495505,elado,https://ingatlan.com/35495505,"Eladó tégla lakás - Budapest X. kerület, Kőbánya - Óhegy #35495505",1103,"Budapest X. kerület, Kőbánya - Óhegy",Budapest,,,2.0,48.0,2026.0,HUF,61258000,nincs megadva,2026,összkomfortos,4,4,van,3 m-nél alacsonyabb,van,igen,egy helyiségben,délkelet,kertre néz,12 m2,igen,teremgarázs hely,,nincs megadva,nincs megadva,"hőszivattyú, mennyezeti hűtés-fűtés, padlófűtés",van - 15 cm,A,nincs megadva,,,,,,,,,48.0,61.26,1276208,4,4.0,4.0,12.0,,,2026.0,2020 után (új építésű),2539,Kőbánya - Óhegy,,,,"Budapest X. kerület, Kőbánya - Óhegy",2,0,2.0,Óhegy,Tégla lakás,Lépj kapcsolatba a hirdetővel,,Ingatlaniroda,4,2026.0
35496582,elado,https://ingatlan.com/35496582,"Eladó panel lakás - Budapest X. kerület, Kőbányai út #35496582",1101,"Budapest X. kerület, Kőbányai út",Budapest,,,3.0,67.0,,HUF,75000000,közepes állapotú,nincs megadva,nincs megadva,3,3,nincs,3 m-nél alacsonyabb,van,nincs megadva,külön helyiségben,nincs megadva,utcai,5 m2,nem,"utca, közterület - ingyenes",,nincs megadva,nincs megadva,"házközponti, hűtő-fűtő klíma",nincs megadva,nincs megadva,nem tetőtéri,nincs megadva,,,,,,,,67.0,75.0,1119403,3,3.0,3.0,5.0,,,,Nem ismert,593,Kőbányai út,,,,"Budapest X. kerület, Kőbányai út",3,0,3.0,Laposdűlő,Panel lakás,Lépj kapcsolatba a hirdetővel,,Ingatlaniroda,2,
35497350,elado,https://ingatlan.com/35497350,"Eladó tégla lakás - Budapest X. kerület, Kőbánya - Óhegy #35497350",1103,"Budapest X. kerület, Kőbánya - Óhegy",Budapest,,,1.0,25.0,1950.0,HUF,42900000,felújított,1950 és 1980 között,összkomfortos,földszint,földszintes,nincs megadva,3 m-nél magasabb,van,nincs megadva,egy helyiségben,délnyugat,udvari,11 m2,igen,"utca, közterület",,nincs megadva,nincs megadva,hűtő-fűtő klíma,van,nincs megadva,nincs megadva,,,,,,,,,25.0,42.9,1716000,földszint,0.0,0.0,11.0,,,,1950-1979 (szocialista modern),2564,Kőbánya - Óhegy,,,,"Budapest X. kerület, Kőbánya - Óhegy",1,0,1.0,Óhegy,Tégla lakás,Lépj kapcsolatba a hirdetővel,,Ingatlaniroda,4,1968.0
35497406,elado,https://ingatlan.com/35497406,"Eladó csúsztatott zsalus - Budapest X. kerület, Ihász köz #35497406",1105,"Budapest X. kerület, Ihász köz",Budapest,,,3.0,67.0,,HUF,80000000,jó állapotú,nincs megadva,összkomfortos,2,nincs megadva,van,nincs megadva,nincs megadva,nincs megadva,külön helyiségben,nincs megadva,kertre néz,6 m2,nincs megadva,"utca, közterület - ingyenes",,nincs megadva,nincs megadva,nincs megadva,nincs megadva,nincs megadva,,,,,,,,,,67.0,80.0,1194030,2,2.0,,6.0,,,,Nem ismert,905,Ihász köz,,,,"Budapest X. kerület, Ihász köz",3,0,3.0,Óhegy,Csúsztatott zsalus lakás,Lépj kapcsolatba a hirdetővel,,Ingatlaniroda,2,
35497839,elado,https://ingatlan.com/35497839,"Eladó tégla lakás - Budapest X. kerület, Liget utca #35497839",1102,"Budapest X. kerület, Liget utca",Budapest,,,2.0,72.0,1940.0,HUF,68000000,jó állapotú,1950 előtt,összkomfortos,1,4,nincs,3 m-nél magasabb,nincs,nincs megadva,külön helyiségben,délkelet,nincs megadva,nincs megadva,nem,"utca, közterület - ingyenes",,nincs megadva,nincs megadva,gáz (konvektor),nincs megadva,nincs megadva,nem tetőtéri,,,,,,,,,72.0,68.0,944444,1,1.0,4.0,,,,,1950 előtt (klasszikus polgári/tégla),656,Liget utca,,2,2,"Budapest X. kerület, Liget utca 2.",2,0,2.0,Ligettelek,Tégla lakás,Lépj kapcsolatba a hirdetővel,,Magánszemély,2,1930.0
35498344,elado,https://ingatlan.com/35498344,"Eladó panel lakás - Budapest X. kerület, Felsőrákos #35498344",1106,"Budapest X. kerület, Felsőrákos",Budapest,,,2.0,53.0,1950.0,HUF,64900000,közepes állapotú,1950 és 1980 között,összkomfortos,9,nincs megadva,van,3 m-nél alacsonyabb,nincs megadva,nincs megadva,nincs megadva,délkelet,utcai,4 m2,nincs megadva,nincs megadva,,nincs megadva,nincs megadva,távfűtés,nincs megadva,nincs megadva,nem tetőtéri,nincs megadva,,,,,,,,53.0,64.9,1224528,9,9.0,,4.0,,,,1950-1979 (szocialista modern),2383,Felsőrákos,,,,"Budapest X. kerület, Felsőrákos",2,0,2.0,Felsőrákos,Panel lakás,Lépj kapcsolatba a hirdetővel,,Ingatlaniroda,4,1968.0
35498347,elado,https://ingatlan.com/35498347,"Eladó panel lakás - Budapest X. kerület, Kőbánya - Újhegyi lakótelep #35498347",1108,"Budapest X. kerület, Kőbánya - Újhegyi lakótelep",Budapest,,,3.0,68.0,1950.0,HUF,65000000,közepes állapotú,1950 és 1980 között,összkomfortos,6,nincs megadva,van,3 m-nél alacsonyabb,nincs megadva,nincs megadva,nincs megadva,délnyugat,utcai,3 m2,nincs megadva,nincs megadva,,nincs megadva,nincs megadva,távfűtés,nincs megadva,nincs megadva,nem tetőtéri,nincs megadva,,,,,,,,68.0,65.0,955882,6,6.0,,3.0,,,,1950-1979 (szocialista modern),1514,Kőbánya - Újhegyi lakótelep,,,,"Budapest X. kerület, Kőbánya - Újhegyi lakótelep",3,0,3.0,Újhegy,Panel lakás,Lépj kapcsolatba a hirdetővel,,Ingatlaniroda,4,1968.0
35498698,elado,https://ingatlan.com/35498698,"Eladó panel lakás - Budapest X. kerület, Állomás utca #35498698",1102,"Budapest X. kerület, Állomás utca",Budapest,,,2.0,41.0,1950.0,HUF,53900000,felújított,1950 és 1980 között,összkomfortos,5,10,van,3 m-nél alacsonyabb,van,nincs megadva,egy helyiségben,nincs megadva,utcai,nincs megadva,nem,"utca, közterület - ingyenes",,30 000 Ft/hó,15 000 Ft/hó,távfűtés,nincs,A+,nem tetőtéri,nincs megadva,,,,,,,,41.0,53.9,1314634,5,5.0,10.0,,15000.0,30000.0,,1950-1979 (szocialista modern),2306,Állomás utca,,,,"Budapest X. kerület, Állomás utca",2,0,2.0,Kőbánya-Városközpont,Panel lakás,Lépj kapcsolatba a hirdetővel,,Ingatlaniroda,2,1968.0
35499244,elado,https://ingatlan.com/35499244,"Eladó panel lakás - Budapest X. kerület, Gyakorló utca #35499244",1106,"Budapest X. kerület, Gyakorló utca",Budapest,,,2.0,53.0,1950.0,HUF,64900000,felújított,1950 és 1980 között,összkomfortos,9,10,van,3 m-nél alacsonyabb,nincs,nincs megadva,külön helyiségben,délkelet,utcai,4 m2,nem,nincs megadva,,nincs megadva,19 500 Ft/hó,távfűtés,nincs megadva,nincs megadva,nem tetőtéri,részt vett,,,,,,,,53.0,64.9,1224528,9,9.0,10.0,4.0,19500.0,,,1950-1979 (szocialista modern),2225,Gyakorló utca,,,,"Budapest X. kerület, Gyakorló utca",2,0,2.0,Felsőrákos,Panel lakás,Lépj kapcsolatba a hirdetővel,,Ingatlaniroda,4,1968.0
35499640,elado,https://ingatlan.com/35499640,"Eladó panel lakás - Budapest X. kerület, Hatház utca #35499640",1106,"Budapest X. kerület, Hatház utca",Budapest,,,4.0,68.0,1950.0,HUF,80000000,közepes állapotú,1950 és 1980 között,összkomfortos,2,4,nincs,3 m-nél alacsonyabb,nincs megadva,nem,nincs megadva,északnyugat,kertre néz,nincs megadva,nem,"utca, közterület",,nincs megadva,nincs megadva,távfűtés egyedi méréssel,nincs megadva,C,nem tetőtéri,nincs megadva,,,,,,,,68.0,80.0,1176471,2,2.0,4.0,,,,,1950-1979 (szocialista modern),1078,Hatház utca,,68,68,"Budapest X. kerület, Hatház utca 68.",4,0,4.0,Felsőrákos,Panel lakás,Lépj kapcsolatba a hirdetővel,,Ingatlaniroda,4,1968.0
35500506,elado,https://ingatlan.com/35500506,"Eladó tégla lakás - Budapest X. kerület, Hatház utca 1. #35500506",1106,"Budapest X. kerület, Hatház utca 1.",Budapest,47.502747,19.148526,1.0,34.0,,HUF,50500000,jó állapotú,nincs megadva,összkomfortos,2,4,nincs,3 m-nél alacsonyabb,van,nem,külön helyiségben,kelet,utcai,nincs megadva,nem,"utca, közterület - fizetős övezet",,7 500 Ft/hó,13 000 Ft/hó,"gáz (konvektor), hűtő-fűtő klíma",nincs,nincs megadva,nem tetőtéri,,,,,,,,,34.0,50.5,1485294,2,2.0,4.0,,13000.0,7500.0,,Nem ismert,1660,Hatház utca,1,,1,"Budapest X. kerület, Hatház utca 1.",1,0,1.0,Felsőrákos,Tégla lakás,Lépj kapcsolatba a hirdetővel,,Ingatlaniroda,4,
35500932,elado,https://ingatlan.com/35500932,"Eladó panel lakás - Budapest X. kerület, Hungária körút 5-7. #35500932",1101,"Budapest X. kerület, Hungária körút 5-7.",Budapest,47.491796,19.109243,3.0,72.0,,HUF,75000000,nincs megadva,nincs megadva,összkomfortos,8,10,van,3 m-nél alacsonyabb,nincs megadva,nincs megadva,külön helyiségben,nincs megadva,utcai,nincs megadva,nincs megadva,nincs megadva,,nincs megadva,nincs megadva,távfűtés,nincs megadva,nincs megadva,nem tetőtéri,nincs megadva,,,,,,,,72.0,75.0,1041667,8,8.0,10.0,,,,,Nem ismert,5,Hungária körút,5-7,,5-7,"Budapest X. kerület, Hungária körút 5-7.",3,0,3.0,Laposdűlő,Panel lakás,Lépj kapcsolatba a hirdetővel,,Ingatlaniroda,4,
35500984,elado,https://ingatlan.com/35500984,"Eladó csúsztatott zsalus - Budapest X. kerület, Liget tér 3. #35500984",1102,"Budapest X. kerület, Liget tér 3.",Budapest,47.483121,19.129584,2.0,42.0,1981.0,HUF,46000000,közepes állapotú,1981 és 2000 között,összkomfortos,4,5,van,3 m-nél alacsonyabb,nincs,nem,egy helyiségben,dél,panorámás,nincs megadva,nem,"utca, közterület - ingyenes",,30 000 Ft/hó,15 600 Ft/hó,távfűtés egyedi méréssel,nincs megadva,nincs megadva,,,,,,,,,,42.0,46.0,1095238,4,4.0,5.0,,15600.0,30000.0,,1980-1999 (késő panel/tégla),1334,Liget tér,3,3,3,"Budapest X. kerület, Liget tér 3.",2,0,2.0,Kőbánya-Városközpont,Csúsztatott zsalus lakás,Lépj kapcsolatba a hirdetővel,,Ingatlaniroda,4,1988.0
35501325,elado,https://ingatlan.com/35501325,"Eladó csúsztatott zsalus - Budapest X. kerület, Kőbánya - Óhegy #35501325",1103,"Budapest X. kerület, Kőbánya - Óhegy",Budapest,,,2.0,48.0,1950.0,HUF,56900000,közepes állapotú,1950 és 1980 között,összkomfortos,3,4,nincs,3 m-nél alacsonyabb,nincs megadva,nincs megadva,külön helyiségben,délkelet,kertre néz,nincs megadva,nincs megadva,"utca, közterület - ingyenes",,nincs megadva,15 000 Ft/hó,gáz (konvektor),nincs megadva,nincs megadva,,,,,,,,,,48.0,56.9,1185417,3,3.0,4.0,,15000.0,,,1950-1979 (szocialista modern),2265,Kőbánya - Óhegy,,,,"Budapest X. kerület, Kőbánya - Óhegy",2,0,2.0,Óhegy,Csúsztatott zsalus lakás,Lépj kapcsolatba a hirdetővel,,Ingatlaniroda,4,1968.0
35501549,elado,https://ingatlan.com/35501549,"Eladó panel lakás - Budapest X. kerület, Kővágó utca 12. #35501549",1108,"Budapest X. kerület, Kővágó utca 12.",Budapest,47.47259,19.163965,2.0,49.0,1950.0,HUF,60900000,felújított,1950 és 1980 között,összkomfortos,4,10,van,3 m-nél alacsonyabb,van,nincs megadva,külön helyiségben,délnyugat,nincs megadva,3 m2,nincs megadva,"utca, közterület",,15 000 Ft/hó,15 000 Ft/hó,távfűtés,nincs megadva,B,nem tetőtéri,nincs megadva,,,,,,,,49.0,60.9,1242857,4,4.0,10.0,3.0,15000.0,15000.0,,1950-1979 (szocialista modern),2403,Kővágó utca,12,,12,"Budapest X. kerület, Kővágó utca 12.",2,0,2.0,Újhegy,Panel lakás,Lépj kapcsolatba a hirdetővel,,Ingatlaniroda,4,1968.0
35501760,elado,https://ingatlan.com/35501760,"Eladó panel lakás - Budapest X. kerület, Oltó utca #35501760",1108,"Budapest X. kerület, Oltó utca",Budapest,,,2.0,50.0,1981.0,HUF,53000000,jó állapotú,1981 és 2000 között,összkomfortos,3,10,van,3 m-nél alacsonyabb,van,igen,külön helyiségben,nincs megadva,nincs megadva,2 m2,nem,"utca, közterület - ingyenes",,nincs megadva,nincs megadva,távfűtés,van,D,nem tetőtéri,nem vett részt,,,,,,,,50.0,53.0,1060000,3,3.0,10.0,2.0,,,,1980-1999 (késő panel/tégla),196,Oltó utca,,,,"Budapest X. kerület, Oltó utca",2,0,2.0,Újhegy,Panel lakás,Lépj kapcsolatba a hirdetővel,,Ingatlaniroda,4,1988.0
35502051,elado,https://ingatlan.com/35502051,"Eladó panel lakás - Budapest X. kerület, Harmat utca #35502051",1108,"Budapest X. kerület, Harmat utca",Budapest,,,2.0,54.0,1950.0,HUF,56900000,felújítandó,1950 és 1980 között,összkomfortos,5,10,van,3 m-nél alacsonyabb,nincs megadva,nincs megadva,külön helyiségben,délkelet,panorámás,3 m2,nincs megadva,"utca, közterület",,30 000 Ft/hó,18 000 Ft/hó,távfűtés,nincs megadva,nincs megadva,nincs megadva,nincs megadva,,,,,,,,54.0,56.9,1053704,5,5.0,10.0,3.0,18000.0,30000.0,,1950-1979 (szocialista modern),1479,Harmat utca,,,,"Budapest X. kerület, Harmat utca",2,0,2.0,Újhegy,Panel lakás,Lépj kapcsolatba a hirdetővel,,Ingatlaniroda,4,1968.0
35502108,elado,https://ingatlan.com/35502108,"Eladó tégla lakás - Budapest X. kerület, Gyógyszergyári utca 6. #35502108",1106,"Budapest X. kerület, Gyógyszergyári utca 6.",Budapest,47.497833,19.141041,3.0,66.0,2026.0,HUF,105000000,újszerű,2026,nincs megadva,6,8,van,nincs megadva,van,igen,külön helyiségben,dél,kertre néz,17 m2,nincs megadva,nincs megadva,,nincs megadva,nincs megadva,távfűtés,nincs megadva,A+,nincs megadva,,,,,,,,,66.0,105.0,1590909,6,6.0,8.0,17.0,,,2026.0,2020 után (új építésű),1335,Gyógyszergyári utca,6,,6,"Budapest X. kerület, Gyógyszergyári utca 6.",3,0,3.0,Felsőrákos,Tégla lakás,Lépj kapcsolatba a hirdetővel,,Ingatlaniroda,4,2026.0
35502271,elado,https://ingatlan.com/35502271,"Eladó tégla lakás - Budapest X. kerület, Harmat köz #35502271",1105,"Budapest X. kerület, Harmat köz",Budapest,,,2.0,47.0,1950.0,HUF,63900000,felújított,1950 és 1980 között,összkomfortos,4,4,nincs,3 m-nél alacsonyabb,van,nem,egy helyiségben,délnyugat,utcai,2 m2,nincs megadva,"utca, közterület - ingyenes",,nincs megadva,16 500 Ft/hó,"elektromos fűtőpanel, hőszivattyú, hűtő-fűtő klíma",van,nincs megadva,nem tetőtéri,,,,,,,,,47.0,63.9,1359574,4,4.0,4.0,2.0,16500.0,,,1950-1979 (szocialista modern),575,Harmat köz,,,,"Budapest X. kerület, Harmat köz",2,0,2.0,Óhegy,Tégla lakás,Lépj kapcsolatba a hirdetővel,,Ingatlaniroda,4,1968.0
35502846,elado,https://ingatlan.com/35502846,"Eladó tégla lakás - Budapest X. kerület, Kolozsvári utca 39-43. #35502846",1102,"Budapest X. kerület, Kolozsvári utca 39-43.",Budapest,47.490862,19.135027,1.0,36.0,1950.0,HUF,39900000,jó állapotú,1950 és 1980 között,nincs megadva,földszint,4,nincs megadva,nincs megadva,van,nincs megadva,külön helyiségben,nincs megadva,nincs megadva,nincs megadva,igen,"utca, közterület",,nincs megadva,nincs megadva,"hűtő-fűtő klíma, gáz (konvektor)",nincs megadva,H,nincs megadva,,,,,,,,,36.0,39.9,1108333,földszint,0.0,4.0,,,,,1950-1979 (szocialista modern),1506,Kolozsvári utca,39-43,,39-43,"Budapest X. kerület, Kolozsvári utca 39-43.",1,0,1.0,Ligettelek,Tégla lakás,Lépj kapcsolatba a hirdetővel,,Ingatlaniroda,4,1968.0
35502951,elado,https://ingatlan.com/35502951,"Eladó panel lakás - Budapest X. kerület, Kőbánya - Újhegyi lakótelep #35502951",1108,"Budapest X. kerület, Kőbánya - Újhegyi lakótelep",Budapest,,,2.0,49.0,1950.0,HUF,55900000,közepes állapotú,1950 és 1980 között,összkomfortos,1,10,van,nincs megadva,nincs megadva,nincs megadva,nincs megadva,nincs megadva,nincs megadva,4 m2,nincs megadva,nincs megadva,,nincs megadva,nincs megadva,távfűtés,nincs megadva,nincs megadva,nem tetőtéri,nincs megadva,,,,,,,,49.0,55.9,1140816,1,1.0,10.0,4.0,,,,1950-1979 (szocialista modern),1280,Kőbánya - Újhegyi lakótelep,,,,"Budapest X. kerület, Kőbánya - Újhegyi lakótelep",2,0,2.0,Újhegy,Panel lakás,Lépj kapcsolatba a hirdetővel,,Ingatlaniroda,4,1968.0
35503243,elado,https://ingatlan.com/35503243,"Eladó tégla lakás - Budapest X. kerület, Martinovics tér #35503243",1105,"Budapest X. kerület, Martinovics tér",Budapest,,,4.0,120.0,1950.0,HUF,83900000,közepes állapotú,1950 és 1980 között,összkomfortos,3,nincs megadva,van,nincs megadva,nincs megadva,nincs megadva,nincs megadva,kelet,utcai,8 m2,nincs megadva,nincs megadva,,nincs megadva,31 000 Ft/hó,gázkazán,nincs megadva,nincs megadva,nem tetőtéri,,,,,,,,,120.0,83.9,699167,3,3.0,,8.0,31000.0,,,1950-1979 (szocialista modern),2262,Martinovics tér,,,,"Budapest X. kerület, Martinovics tér",4,0,4.0,Óhegy,Tégla lakás,Lépj kapcsolatba a hirdetővel,,Ingatlaniroda,4,1968.0
35503295,elado,https://ingatlan.com/35503295,"Eladó tégla lakás - Budapest X. kerület, Salgótarjáni utca #35503295",1101,"Budapest X. kerület, Salgótarjáni utca",Budapest,,,3.0,38.0,,HUF,49000000,felújított,nincs megadva,nincs megadva,földszint,4,nincs megadva,3 m-nél alacsonyabb,van,nincs megadva,külön helyiségben,nincs megadva,nincs megadva,nincs megadva,nincs megadva,"utca, közterület - ingyenes",,nincs megadva,nincs megadva,"gáz (konvektor), hűtő-fűtő klíma",nincs,nincs megadva,nem tetőtéri,,,,,,,,,38.0,49.0,1289474,földszint,0.0,4.0,,,,,Nem ismert,1522,Salgótarjáni utca,,,,"Budapest X. kerület, Salgótarjáni utca",3,0,3.0,Laposdűlő,Tégla lakás,Lépj kapcsolatba a hirdetővel,,Ingatlaniroda,4,
35503324,elado,https://ingatlan.com/35503324,"Eladó tégla lakás - Budapest X. kerület, Kada utca #35503324",1106,"Budapest X. kerület, Kada utca",Budapest,,,3.0,56.0,1981.0,HUF,64900000,közepes állapotú,1981 és 2000 között,összkomfortos,2,2,nincs,3 m-nél alacsonyabb,van,nem,külön és egyben is,délkelet,kertre néz,8 m2,nem,önálló garázs - kötelező megvenni,"8,90 MFt",18 000 000 Ft/hó,31 000 Ft/hó,gázkazán,van - 5 cm,E,tetőtéri,,,,,,,,,56.0,64.9,1158929,2,2.0,2.0,8.0,31000.0,18000000.0,,1980-1999 (késő panel/tégla),1214,Kada utca,,,,"Budapest X. kerület, Kada utca",3,0,3.0,Óhegy,Tégla lakás,Lépj kapcsolatba a hirdetővel,,Ingatlaniroda,4,1988.0
35504455,elado,https://ingatlan.com/35504455,"Eladó panel lakás - Budapest X. kerület, Felsőrákos #35504455",1106,"Budapest X. kerület, Felsőrákos",Budapest,,,2.0,53.0,1950.0,HUF,64900000,jó állapotú,1950 és 1980 között,összkomfortos,9,nincs megadva,van,3 m-nél alacsonyabb,nincs megadva,nincs megadva,külön helyiségben,délkelet,utcai,4 m2,nem,"utca, közterület - fizetős övezet",,nincs megadva,19 500 Ft/hó,távfűtés,van,nincs megadva,nem tetőtéri,nincs megadva,,,,,,,,53.0,64.9,1224528,9,9.0,,4.0,19500.0,,,1950-1979 (szocialista modern),2371,Felsőrákos,,,,"Budapest X. kerület, Felsőrákos",2,0,2.0,Felsőrákos,Panel lakás,Lépj kapcsolatba a hirdetővel,,Ingatlaniroda,4,1968.0
35504783,elado,https://ingatlan.com/35504783,"Eladó csúsztatott zsalus - Budapest X. kerület, Mádi utca #35504783",1105,"Budapest X. kerület, Mádi utca",Budapest,,,2.0,48.0,1950.0,HUF,56900000,jó állapotú,1950 és 1980 között,komfortos,3,4,nincs,3 m-nél alacsonyabb,nincs megadva,nincs megadva,külön helyiségben,nincs megadva,utcai,nincs megadva,nincs megadva,"utca, közterület - ingyenes",,nincs megadva,15 000 Ft/hó,gáz (konvektor),nincs megadva,nincs megadva,,,,,,,,,,48.0,56.9,1185417,3,3.0,4.0,,15000.0,,,1950-1979 (szocialista modern),2414,Mádi utca,,,,"Budapest X. kerület, Mádi utca",2,0,2.0,Óhegy,Csúsztatott zsalus lakás,Lépj kapcsolatba a hirdetővel,,Ingatlaniroda,4,1968.0
35504844,elado,https://ingatlan.com/35504844,"Eladó csúsztatott zsalus - Budapest X. kerület, Kőbánya-Városközpont #35504844",1105,"Budapest X. kerület, Kőbánya-Városközpont",Budapest,,,2.0,54.0,,HUF,62900000,felújított,nincs megadva,összkomfortos,2,nincs megadva,van,3 m-nél alacsonyabb,nincs megadva,nincs megadva,nincs megadva,észak,nincs megadva,4 m2,nincs megadva,nincs megadva,,nincs megadva,14 800 Ft/hó,távfűtés,nincs megadva,nincs megadva,,,,,,,,,,54.0,62.9,1164815,2,2.0,,4.0,14800.0,,,Nem ismert,1886,Kőbánya-Városközpont,,,,"Budapest X. kerület, Kőbánya-Városközpont",2,0,2.0,Kőbánya-Városközpont,Csúsztatott zsalus lakás,Lépj kapcsolatba a hirdetővel,,Ingatlaniroda,4,
35504946,elado,https://ingatlan.com/35504946,"Eladó panel lakás - Budapest X. kerület, Gyakorló utca #35504946",1106,"Budapest X. kerület, Gyakorló utca",Budapest,,,2.0,53.0,1981.0,HUF,64900000,jó állapotú,1981 és 2000 között,összkomfortos,9,10,van,3 m-nél alacsonyabb,nincs megadva,nincs megadva,külön helyiségben,dél,utcai,4 m2,nincs megadva,"utca, közterület",,nincs megadva,19 590 Ft/hó,távfűtés,nincs megadva,nincs megadva,nincs megadva,részt vett,,,,,,,,53.0,64.9,1224528,9,9.0,10.0,4.0,19590.0,,,1980-1999 (késő panel/tégla),2156,Gyakorló utca,,,,"Budapest X. kerület, Gyakorló utca",2,0,2.0,Felsőrákos,Panel lakás,Lépj kapcsolatba a hirdetővel,,Ingatlaniroda,4,1988.0
35504983,elado,https://ingatlan.com/35504983,"Eladó panel lakás - Budapest X. kerület, Kőbánya - Újhegyi lakótelep #35504983",1108,"Budapest X. kerület, Kőbánya - Újhegyi lakótelep",Budapest,,,3.0,68.0,1981.0,HUF,69900000,jó állapotú,1981 és 2000 között,összkomfortos,3,10,van,3 m-nél alacsonyabb,nincs,igen,külön helyiségben,dél,utcai,3 m2,nem,"utca, közterület - ingyenes",,18 000 Ft/hó,25 000 Ft/hó,távfűtés,van - 15 cm,nincs megadva,nem tetőtéri,részt vett,,,,,,,,68.0,69.9,1027941,3,3.0,10.0,3.0,25000.0,18000.0,,1980-1999 (késő panel/tégla),2293,Kőbánya - Újhegyi lakótelep,,,,"Budapest X. kerület, Kőbánya - Újhegyi lakótelep",3,0,3.0,Újhegy,Panel lakás,Lépj kapcsolatba a hirdetővel,,Ingatlaniroda,4,1988.0
35505667,elado,https://ingatlan.com/35505667,"Eladó tégla lakás - Budapest X. kerület, Üllői út #35505667",1101,"Budapest X. kerület, Üllői út",Budapest,,,3.0,81.0,1950.0,HUF,74999000,közepes állapotú,1950 és 1980 között,duplakomfortos,1,3,nincs,3 m-nél magasabb,nincs,nem,külön helyiségben,dél,udvari,nincs megadva,nincs megadva,nincs megadva,,25 000 Ft/hó,27 500 Ft/hó,gáz (konvektor),nincs megadva,D,nem tetőtéri,,,,,,,,,81.0,75.0,925914,1,1.0,3.0,,27500.0,25000.0,,1950-1979 (szocialista modern),913,Üllői út,,,,"Budapest X. kerület, Üllői út",3,0,3.0,Gyárdűlő,Tégla lakás,Lépj kapcsolatba a hirdetővel,,Ingatlaniroda,4,1968.0
35506808,elado,https://ingatlan.com/35506808,"Eladó panel lakás - Budapest X. kerület, Kőbánya - Újhegyi lakótelep #35506808",1108,"Budapest X. kerület, Kőbánya - Újhegyi lakótelep",Budapest,,,3.0,68.0,1981.0,HUF,75500000,jó állapotú,1981 és 2000 között,nincs megadva,3,nincs megadva,van,3 m-nél alacsonyabb,nincs megadva,nincs megadva,nincs megadva,délnyugat,kertre néz,3 m2,nincs megadva,nincs megadva,,nincs megadva,nincs megadva,távfűtés,nincs megadva,D,nem tetőtéri,nincs megadva,,,,,,,,68.0,75.5,1110294,3,3.0,,3.0,,,,1980-1999 (késő panel/tégla),1477,Kőbánya - Újhegyi lakótelep,,,,"Budapest X. kerület, Kőbánya - Újhegyi lakótelep",3,0,3.0,Újhegy,Panel lakás,Lépj kapcsolatba a hirdetővel,,Ingatlaniroda,4,1988.0
35506813,elado,https://ingatlan.com/35506813,"Eladó panel lakás - Budapest X. kerület, Felsőrákos #35506813",1106,"Budapest X. kerület, Felsőrákos",Budapest,,,2.0,53.0,1950.0,HUF,64900000,közepes állapotú,1950 és 1980 között,nincs megadva,9,nincs megadva,van,3 m-nél alacsonyabb,nincs megadva,nincs megadva,nincs megadva,délkelet,utcai,4 m2,nincs megadva,nincs megadva,,nincs megadva,nincs megadva,távfűtés,nincs megadva,D,nem tetőtéri,nincs megadva,,,,,,,,53.0,64.9,1224528,9,9.0,,4.0,,,,1950-1979 (szocialista modern),2227,Felsőrákos,,,,"Budapest X. kerület, Felsőrákos",2,0,2.0,Felsőrákos,Panel lakás,Lépj kapcsolatba a hirdetővel,,Ingatlaniroda,4,1968.0
35506816,elado,https://ingatlan.com/35506816,"Eladó panel lakás - Budapest X. kerület, Kőbánya - Újhegy #35506816",1108,"Budapest X. kerület, Kőbánya - Újhegy",Budapest,,,3.0,68.0,1950.0,HUF,65000000,közepes állapotú,1950 és 1980 között,nincs megadva,6,nincs megadva,van,3 m-nél alacsonyabb,nincs megadva,nincs megadva,nincs megadva,délnyugat,utcai,3 m2,nincs megadva,nincs megadva,,nincs megadva,nincs megadva,távfűtés,nincs megadva,D,nem tetőtéri,nincs megadva,,,,,,,,68.0,65.0,955882,6,6.0,,3.0,,,,1950-1979 (szocialista modern),1358,Kőbánya - Újhegy,,,,"Budapest X. kerület, Kőbánya - Újhegy",3,0,3.0,Újhegy,Panel lakás,Lépj kapcsolatba a hirdetővel,,Ingatlaniroda,4,1968.0
35507134,elado,https://ingatlan.com/35507134,"Eladó panel lakás - Budapest X. kerület, Hang utca #35507134",1108,"Budapest X. kerület, Hang utca",Budapest,,,2.0,56.0,1950.0,HUF,64500000,felújított,1950 és 1980 között,összkomfortos,1,10,van,3 m-nél alacsonyabb,van,nincs megadva,külön helyiségben,nyugat,utcai,2.5 m2,nincs megadva,"utca, közterület - ingyenes",,nincs megadva,17 000 Ft/hó,"távfűtés, hűtő-fűtő klíma",nincs,nincs megadva,nem tetőtéri,nem vett részt,,,,,,,,56.0,64.5,1151786,1,1.0,10.0,2.5,17000.0,,,1950-1979 (szocialista modern),1458,Hang utca,,,,"Budapest X. kerület, Hang utca",2,0,2.0,Újhegy,Panel lakás,Lépj kapcsolatba a hirdetővel,,Ingatlaniroda,4,1968.0
35508635,elado,https://ingatlan.com/35508635,"Eladó csúsztatott zsalus - Budapest X. kerület, Harmat utca #35508635",1104,"Budapest X. kerület, Harmat utca",Budapest,,,2.0,49.0,1981.0,HUF,59990000,felújított,1981 és 2000 között,összkomfortos,4,4,nincs,3 m-nél alacsonyabb,nincs,nem,külön helyiségben,kelet,panorámás,nincs megadva,nem,"utca, közterület - ingyenes",,nincs megadva,14 100 Ft/hó,gáz (konvektor),van - 10 cm,nincs megadva,,,,,,,,,,49.0,59.99,1224286,4,4.0,4.0,,14100.0,,,1980-1999 (késő panel/tégla),1501,Harmat utca,,,,"Budapest X. kerület, Harmat utca",2,0,2.0,Óhegy,Csúsztatott zsalus lakás,Lépj kapcsolatba a hirdetővel,,Ingatlaniroda,4,1988.0
35508926,elado,https://ingatlan.com/35508926,"Eladó panel lakás - Budapest X. kerület, Kőbánya - Újhegyi lakótelep #35508926",1108,"Budapest X. kerület, Kőbánya - Újhegyi lakótelep",Budapest,,,3.0,68.0,1950.0,HUF,69900000,jó állapotú,1950 és 1980 között,összkomfortos,3,nincs megadva,van,nincs megadva,nincs megadva,nincs megadva,nincs megadva,nincs megadva,utcai,3 m2,nincs megadva,nincs megadva,,nincs megadva,25 000 Ft/hó,távfűtés,nincs megadva,D,nem tetőtéri,nincs megadva,,,,,,,,68.0,69.9,1027941,3,3.0,,3.0,25000.0,,,1950-1979 (szocialista modern),2338,Kőbánya - Újhegyi lakótelep,,,,"Budapest X. kerület, Kőbánya - Újhegyi lakótelep",3,0,3.0,Újhegy,Panel lakás,Lépj kapcsolatba a hirdetővel,,Ingatlaniroda,4,1968.0
35509095,elado,https://ingatlan.com/35509095,"Eladó tégla lakás - Budapest X. kerület, Salgótarjáni utca #35509095",1101,"Budapest X. kerület, Salgótarjáni utca",Budapest,,,2.0,38.0,,HUF,49900000,nincs megadva,nincs megadva,nincs megadva,nincs megadva,nincs megadva,nincs megadva,nincs megadva,nincs megadva,nincs megadva,nincs megadva,nincs megadva,nincs megadva,nincs megadva,nincs megadva,nincs megadva,,nincs megadva,nincs megadva,nincs megadva,nincs megadva,nincs megadva,nincs megadva,,,,,,,,,38.0,49.9,1313158,nincs megadva,,,,,,,Nem ismert,366,Salgótarjáni utca,,,,"Budapest X. kerület, Salgótarjáni utca",2,0,2.0,Laposdűlő,Tégla lakás,Lépj kapcsolatba a hirdetővel,,Ingatlaniroda,2,
35509150,elado,https://ingatlan.com/35509150,"Eladó panel lakás - Budapest X. kerület, Kőbánya - Újhegyi lakótelep #35509150",1108,"Budapest X. kerület, Kőbánya - Újhegyi lakótelep",Budapest,,,3.0,68.0,1950.0,HUF,69900000,jó állapotú,1950 és 1980 között,összkomfortos,3,10,nincs megadva,3 m-nél alacsonyabb,nincs megadva,nincs megadva,külön helyiségben,dél,utcai,3 m2,nincs megadva,"utca, közterület - ingyenes",,nincs megadva,25 000 Ft/hó,távfűtés,van - 15 cm,nincs megadva,nincs megadva,részt vett,,,,,,,,68.0,69.9,1027941,3,3.0,10.0,3.0,25000.0,,,1950-1979 (szocialista modern),1958,Kőbánya - Újhegyi lakótelep,,,,"Budapest X. kerület, Kőbánya - Újhegyi lakótelep",3,0,3.0,Újhegy,Panel lakás,Lépj kapcsolatba a hirdetővel,,Ingatlaniroda,4,1968.0
35509556,elado,https://ingatlan.com/35509556,"Eladó tégla lakás - Budapest X. kerület, Kőbánya - Óhegy #35509556",1103,"Budapest X. kerület, Kőbánya - Óhegy",Budapest,,,3.0,56.0,1981.0,HUF,64900000,jó állapotú,1981 és 2000 között,összkomfortos,2,2,nincs,3 m-nél alacsonyabb,van,nincs megadva,külön helyiségben,délkelet,kertre néz,8.2 m2,igen,önálló garázs - kötelező megvenni,8 MFt,nincs megadva,31 000 Ft/hó,"gázkazán, hűtő-fűtő klíma",nincs megadva,E,nincs megadva,,,,,,,,,56.0,64.9,1158929,2,2.0,2.0,8.2,31000.0,,,1980-1999 (késő panel/tégla),2322,Kőbánya - Óhegy,,,,"Budapest X. kerület, Kőbánya - Óhegy",3,0,3.0,Óhegy,Tégla lakás,Lépj kapcsolatba a hirdetővel,,Ingatlaniroda,4,1988.0
35509925,elado,https://ingatlan.com/35509925,"Eladó panel lakás - Budapest X. kerület, Szőlővirág utca #35509925",1108,"Budapest X. kerület, Szőlővirág utca",Budapest,,,3.0,68.0,,HUF,69900000,felújított,nincs megadva,összkomfortos,3,10,van,nincs megadva,nincs megadva,nincs megadva,nincs megadva,nincs megadva,utcai,nincs megadva,nincs megadva,"utca, közterület - ingyenes",,nincs megadva,nincs megadva,távfűtés,nincs megadva,nincs megadva,nincs megadva,nincs megadva,,,,,,,,68.0,69.9,1027941,3,3.0,10.0,,,,,Nem ismert,2301,Szőlővirág utca,,,,"Budapest X. kerület, Szőlővirág utca",3,0,3.0,Újhegy,Panel lakás,Lépj kapcsolatba a hirdetővel,,Ingatlaniroda,4,
35510012,elado,https://ingatlan.com/35510012,"Eladó tégla lakás - Budapest X. kerület, Vaspálya utca #35510012",1103,"Budapest X. kerület, Vaspálya utca",Budapest,,,2.0,51.0,1950.0,HUF,54900000,jó állapotú,1950 és 1980 között,összkomfortos,3,4,nincs,3 m-nél alacsonyabb,van,nincs megadva,külön helyiségben,nyugat,udvari,5 m2,nincs megadva,"utca, közterület - ingyenes",,nincs megadva,22 000 Ft/hó,"gázkazán, hűtő-fűtő klíma",nincs megadva,nincs megadva,nem tetőtéri,,,,,,,,,51.0,54.9,1076471,3,3.0,4.0,5.0,22000.0,,,1950-1979 (szocialista modern),3418,Vaspálya utca,,,,"Budapest X. kerület, Vaspálya utca",2,0,2.0,Óhegy,Tégla lakás,Lépj kapcsolatba a hirdetővel,,Ingatlaniroda,4,1968.0
35510170,elado,https://ingatlan.com/35510170,"Eladó panel lakás - Budapest X. kerület, Kőrösi Csoma Sándor út #35510170",1102,"Budapest X. kerület, Kőrösi Csoma Sándor út",Budapest,,,3.0,64.0,,HUF,73900000,jó állapotú,nincs megadva,összkomfortos,2,nincs megadva,van,3 m-nél alacsonyabb,nincs megadva,nincs megadva,nincs megadva,kelet,nincs megadva,nincs megadva,nincs megadva,nincs megadva,,nincs megadva,15 801 Ft/hó,távfűtés,van,nincs megadva,nincs megadva,nincs megadva,,,,,,,,64.0,73.9,1154688,2,2.0,,,15801.0,,,Nem ismert,776,Kőrösi Csoma Sándor út,,,,"Budapest X. kerület, Kőrösi Csoma Sándor út",3,0,3.0,Kőbánya-Városközpont,Panel lakás,Lépj kapcsolatba a hirdetővel,,Ingatlaniroda,4,
35510503,elado,https://ingatlan.com/35510503,"Eladó panel lakás - Budapest X. kerület, Tóvirág utca #35510503",1108,"Budapest X. kerület, Tóvirág utca",Budapest,,,3.0,68.0,1950.0,HUF,62900000,felújítandó,1950 és 1980 között,nincs megadva,földszint,10,van,nincs megadva,nincs,nincs megadva,külön helyiségben,északnyugat,kertre néz,4 m2,nincs megadva,"utca, közterület",,nincs megadva,nincs megadva,távfűtés egyedi méréssel,van,C,nem tetőtéri,nincs megadva,,,,,,,,68.0,62.9,925000,földszint,0.0,10.0,4.0,,,,1950-1979 (szocialista modern),769,Tóvirág utca,,,,"Budapest X. kerület, Tóvirág utca",3,0,3.0,Újhegy,Panel lakás,Lépj kapcsolatba a hirdetővel,,Ingatlaniroda,4,1968.0
35510576,elado,https://ingatlan.com/35510576,"Eladó panel lakás - Budapest X. kerület, Szőlővirág utca #35510576",1108,"Budapest X. kerület, Szőlővirág utca",Budapest,,,3.0,68.0,1981.0,HUF,75500000,jó állapotú,1981 és 2000 között,nincs megadva,3,nincs megadva,van,3 m-nél alacsonyabb,nincs megadva,nincs megadva,nincs megadva,délnyugat,kertre néz,3 m2,nincs megadva,nincs megadva,,nincs megadva,nincs megadva,távfűtés,nincs megadva,nincs megadva,nem tetőtéri,nincs megadva,,,,,,,,68.0,75.5,1110294,3,3.0,,3.0,,,,1980-1999 (késő panel/tégla),1633,Szőlővirág utca,,,,"Budapest X. kerület, Szőlővirág utca",3,0,3.0,Újhegy,Panel lakás,Lépj kapcsolatba a hirdetővel,,Ingatlaniroda,4,1988.0
35510717,elado,https://ingatlan.com/35510717,"Eladó csúsztatott zsalus - Budapest X. kerület, Harmat utca #35510717",1104,"Budapest X. kerület, Harmat utca",Budapest,,,2.0,49.0,,HUF,74900000,felújított,nincs megadva,összkomfortos,4,4,nincs,3 m-nél alacsonyabb,nincs megadva,nincs megadva,nincs megadva,délkelet,panorámás,nincs megadva,nincs megadva,nincs megadva,,nincs megadva,14 000 Ft/hó,gáz (konvektor),nincs megadva,nincs megadva,,,,,,,,,,49.0,74.9,1528571,4,4.0,4.0,,14000.0,,,Nem ismert,2493,Harmat utca,,,,"Budapest X. kerület, Harmat utca",2,0,2.0,Óhegy,Csúsztatott zsalus lakás,Lépj kapcsolatba a hirdetővel,,Ingatlaniroda,4,
35511064,elado,https://ingatlan.com/35511064,"Eladó panel lakás - Budapest X. kerület, Kőbánya - Újhegyi lakótelep #35511064",1108,"Budapest X. kerület, Kőbánya - Újhegyi lakótelep",Budapest,,,3.0,68.0,1950.0,HUF,69900000,jó állapotú,1950 és 1980 között,összkomfortos,3,nincs megadva,van,3 m-nél alacsonyabb,nincs megadva,nincs megadva,külön helyiségben,nincs megadva,utcai,3 m2,nincs megadva,"utca, közterület - ingyenes",,nincs megadva,25 000 Ft/hó,távfűtés,van - 15 cm,nincs megadva,nem tetőtéri,részt vett,,,,,,,,68.0,69.9,1027941,3,3.0,,3.0,25000.0,,,1950-1979 (szocialista modern),2445,Kőbánya - Újhegyi lakótelep,,,,"Budapest X. kerület, Kőbánya - Újhegyi lakótelep",3,0,3.0,Újhegy,Panel lakás,Lépj kapcsolatba a hirdetővel,,Ingatlaniroda,4,1968.0
35511200,elado,https://ingatlan.com/35511200,"Eladó tégla lakás - Budapest X. kerület, Kőbánya - Óhegy #35511200",1103,"Budapest X. kerület, Kőbánya - Óhegy",Budapest,,,2.0,49.0,1950.0,HUF,56900000,felújított,1950 és 1980 között,összkomfortos,földszint,3,nincs,3 m-nél magasabb,nincs,nem,egy helyiségben,délkelet,udvari,5 m2,nem,"utca, közterület - ingyenes",,nincs megadva,nincs megadva,gáz (konvektor),nincs,nincs megadva,nem tetőtéri,,,,,,,,,49.0,56.9,1161224,földszint,0.0,3.0,5.0,,,,1950-1979 (szocialista modern),3340,Kőbánya - Óhegy,,,,"Budapest X. kerület, Kőbánya - Óhegy",2,0,2.0,Óhegy,Tégla lakás,Lépj kapcsolatba a hirdetővel,,Ingatlaniroda,4,1968.0
35511249,elado,https://ingatlan.com/35511249,"Eladó panel lakás - Budapest X. kerület, Kőbánya - Újhegyi lakótelep #35511249",1108,"Budapest X. kerület, Kőbánya - Újhegyi lakótelep",Budapest,,,3.0,68.0,1981.0,HUF,69900000,jó állapotú,1981 és 2000 között,összkomfortos,3,10,van,3 m-nél alacsonyabb,van,nincs megadva,külön helyiségben,dél,utcai,3 m2,nincs megadva,"utca, közterület - ingyenes",,nincs megadva,25 Ft/hó,távfűtés,van - 10 cm,nincs megadva,nincs megadva,nincs megadva,,,,,,,,68.0,69.9,1027941,3,3.0,10.0,3.0,25.0,,,1980-1999 (késő panel/tégla),2301,Kőbánya - Újhegyi lakótelep,,,,"Budapest X. kerület, Kőbánya - Újhegyi lakótelep",3,0,3.0,Újhegy,Panel lakás,Lépj kapcsolatba a hirdetővel,,Ingatlaniroda,4,1988.0
35511383,elado,https://ingatlan.com/35511383,"Eladó csúsztatott zsalus - Budapest X. kerület, Óhegy park #35511383",1105,"Budapest X. kerület, Óhegy park",Budapest,,,2.0,49.0,1950.0,HUF,59900000,közepes állapotú,1950 és 1980 között,összkomfortos,nincs megadva,4,nincs,3 m-nél alacsonyabb,nincs,nem,külön helyiségben,délkelet,utcai,nincs megadva,nem,"utca, közterület - ingyenes",,nincs megadva,14 100 Ft/hó,gáz (konvektor),nincs,G,,,,,,,,,,49.0,59.9,1222449,nincs megadva,,4.0,,14100.0,,,1950-1979 (szocialista modern),1440,Óhegy park,,,,"Budapest X. kerület, Óhegy park",2,0,2.0,Óhegy,Csúsztatott zsalus lakás,Lépj kapcsolatba a hirdetővel,,Ingatlaniroda,4,1968.0
35511814,elado,https://ingatlan.com/35511814,"Eladó tégla lakás - Budapest X. kerület, Salgótarjáni utca #35511814",1101,"Budapest X. kerület, Salgótarjáni utca",Budapest,,,2.0,38.0,,HUF,52900000,felújított,nincs megadva,összkomfortos,4,4,nincs,3 m-nél alacsonyabb,van,nem,külön helyiségben,délnyugat,utcai,nincs megadva,nincs megadva,"utca, közterület - ingyenes",,nincs megadva,14 Ft/hó,elektromos fűtőpanel,nincs megadva,nincs megadva,"legfelső emelet, nem tetőtéri",,,,,,,,,38.0,52.9,1392105,4,4.0,4.0,,14.0,,,Nem ismert,1693,Salgótarjáni utca,,,,"Budapest X. kerület, Salgótarjáni utca",2,0,2.0,Laposdűlő,Tégla lakás,Lépj kapcsolatba a hirdetővel,,Ingatlaniroda,4,
35511835,elado,https://ingatlan.com/35511835,"Eladó panel lakás - Budapest X. kerület, Gergely utca #35511835",1103,"Budapest X. kerület, Gergely utca",Budapest,,,1.0,29.0,,HUF,44500000,felújított,nincs megadva,összkomfortos,1,4,nincs,3 m-nél alacsonyabb,nincs megadva,nincs megadva,nincs megadva,délnyugat,nincs megadva,nincs megadva,nincs megadva,nincs megadva,,nincs megadva,10 996 Ft/hó,távfűtés egyedi méréssel,van,nincs megadva,nincs megadva,nincs megadva,,,,,,,,29.0,44.5,1534483,1,1.0,4.0,,10996.0,,,Nem ismert,1895,Gergely utca,,,,"Budapest X. kerület, Gergely utca",1,0,1.0,Óhegy,Panel lakás,Lépj kapcsolatba a hirdetővel,,Ingatlaniroda,4,
35512364,elado,https://ingatlan.com/35512364,"Eladó panel lakás - Budapest X. kerület, Kőrösi Csoma Sándor út #35512364",1102,"Budapest X. kerület, Kőrösi Csoma Sándor út",Budapest,,,1.0,28.0,,HUF,32890000,nincs megadva,nincs megadva,nincs megadva,nincs megadva,nincs megadva,nincs megadva,nincs megadva,nincs megadva,nincs megadva,nincs megadva,nincs megadva,nincs megadva,nincs megadva,nincs megadva,nincs megadva,,nincs megadva,nincs megadva,nincs megadva,nincs megadva,nincs megadva,nincs megadva,nincs megadva,,,,,,,,28.0,32.89,1174643,nincs megadva,,,,,,,Nem ismert,147,Kőrösi Csoma Sándor út,,28,28,"Budapest X. kerület, Kőrösi Csoma Sándor út 28.",1,0,1.0,Kőbánya-Városközpont,Panel lakás,Lépj kapcsolatba a hirdetővel,,Ingatlaniroda,2,
35512428,elado,https://ingatlan.com/35512428,"Eladó tégla lakás - Budapest X. kerület, Szőlőhegy utca 12. #35512428",1104,"Budapest X. kerület, Szőlőhegy utca 12.",Budapest,47.481045,19.150641,1.0,27.0,1981.0,HUF,34900000,közepes állapotú,1981 és 2000 között,összkomfortos,1,4,nincs,3 m-nél alacsonyabb,nincs,nincs megadva,külön helyiségben,nincs megadva,utcai,nincs megadva,nem,"utca, közterület - ingyenes",,15 000 Ft/hó,10 Ft/hó,házközponti,nincs megadva,nincs megadva,nem tetőtéri,,,,,,,,,27.0,34.9,1292593,1,1.0,4.0,,10.0,15000.0,,1980-1999 (késő panel/tégla),218,Szőlőhegy utca,12,,12,"Budapest X. kerület, Szőlőhegy utca 12.",1,0,1.0,Óhegy,Tégla lakás,Lépj kapcsolatba a hirdetővel,,Ingatlaniroda,4,1988.0
35512541,elado,https://ingatlan.com/35512541,"Eladó tégla lakás - Budapest X. kerület, Kelemen utca #35512541",1103,"Budapest X. kerület, Kelemen utca",Budapest,,,3.0,90.0,1981.0,HUF,75800000,felújítandó,1981 és 2000 között,összkomfortos,3,3,nincs,3 m-nél alacsonyabb,nincs,nincs megadva,külön helyiségben,nincs megadva,nincs megadva,8 m2,nincs megadva,"utca, közterület",,50 000 Ft/hó,13 580 Ft/hó,gázkazán,nincs megadva,nincs megadva,nincs megadva,,,,,,,,,90.0,75.8,842222,3,3.0,3.0,8.0,13580.0,50000.0,,1980-1999 (késő panel/tégla),2131,Kelemen utca,,,,"Budapest X. kerület, Kelemen utca",3,0,3.0,Óhegy,Tégla lakás,Lépj kapcsolatba a hirdetővel,,Ingatlaniroda,4,1988.0
35512653,elado,https://ingatlan.com/35512653,"Eladó tégla lakás - Budapest X. kerület, Gyógyszergyári utca #35512653",1106,"Budapest X. kerület, Gyógyszergyári utca",Budapest,,,2.0,45.0,2026.0,HUF,77000000,újszerű,2026,nincs megadva,nincs megadva,nincs megadva,van,nincs megadva,van,nincs megadva,egy helyiségben,nyugat,udvari,11 m2,nem,teremgarázs hely - kötelező megvenni,8 MFt,nincs megadva,nincs megadva,távfűtés egyedi méréssel,van,nincs megadva,nem tetőtéri,,,,,,,,,45.0,77.0,1711111,nincs megadva,,,11.0,,,2026.0,2020 után (új építésű),1221,Gyógyszergyári utca,,,,"Budapest X. kerület, Gyógyszergyári utca",2,0,2.0,Felsőrákos,Tégla lakás,Lépj kapcsolatba a hirdetővel,,Ingatlaniroda,4,2026.0
35513329,elado,https://ingatlan.com/35513329,"Eladó tégla lakás - Budapest X. kerület, Kada utca 24. #35513329",1106,"Budapest X. kerület, Kada utca 24.",Budapest,47.472003,19.142399,2.0,39.0,1940.0,HUF,33500000,felújítandó,1950 előtt,komfortos,földszint,földszintes,nincs,3 m-nél magasabb,nincs,nem,egy helyiségben,nincs megadva,udvari,nincs megadva,igen,"utca, közterület - ingyenes",,nincs megadva,14 Ft/hó,gáz (konvektor),nincs,I,nem tetőtéri,,,,,,,,,39.0,33.5,858974,földszint,0.0,0.0,,14.0,,,1950 előtt (klasszikus polgári/tégla),853,Kada utca,24,,24,"Budapest X. kerület, Kada utca 24.",2,0,2.0,Óhegy,Tégla lakás,Lépj kapcsolatba a hirdetővel,,Ingatlaniroda,2,1930.0
35513612,elado,https://ingatlan.com/35513612,"Eladó csúsztatott zsalus - Budapest X. kerület, Kőbánya - Óhegy #35513612",1103,"Budapest X. kerület, Kőbánya - Óhegy",Budapest,,,3.0,74.0,1981.0,HUF,78900000,jó állapotú,1981 és 2000 között,nincs megadva,földszint,4,nincs megadva,nincs megadva,van,nincs megadva,külön helyiségben,dél,kertre néz,1 m2,nem,"utca, közterület - ingyenes",,15 000 Ft/hó,20 700 Ft/hó,"távfűtés, hűtő-fűtő klíma",van - 10 cm,B,,,,,,,,,,74.0,78.9,1066216,földszint,0.0,4.0,1.0,20700.0,15000.0,,1980-1999 (késő panel/tégla),1899,Kőbánya - Óhegy,,,,"Budapest X. kerület, Kőbánya - Óhegy",3,0,3.0,Óhegy,Panel lakás,Lépj kapcsolatba a hirdetővel,,Ingatlaniroda,4,1988.0
35513622,elado,https://ingatlan.com/35513622,"Eladó tégla lakás - Budapest X. kerület, Gyógyszergyári utca 8. #35513622",1106,"Budapest X. kerület, Gyógyszergyári utca 8.",Budapest,47.49801,19.142693,3.0,66.0,2026.0,HUF,89900000,nincs megadva,2026,összkomfortos,1,5,van,3 m-nél alacsonyabb,van,igen,külön helyiségben,dél,utcai,16 m2,nem,teremgarázs hely - kötelező megvenni,7 MFt,3 000 Ft/hó,70 000 Ft/hó,"távfűtés egyedi méréssel, padlófűtés",nincs megadva,A+,nem tetőtéri,,,,,,,,,66.0,89.9,1362121,1,1.0,5.0,16.0,70000.0,3000.0,2026.0,2020 után (új építésű),2662,Gyógyszergyári utca,8,,8,"Budapest X. kerület, Gyógyszergyári utca 8.",3,0,3.0,Felsőrákos,Tégla lakás,Lépj kapcsolatba a hirdetővel,,Ingatlaniroda,4,2026.0
35513762,elado,https://ingatlan.com/35513762,"Eladó panel lakás - Budapest X. kerület, Harmat utca #35513762",1104,"Budapest X. kerület, Harmat utca",Budapest,,,3.0,68.0,,HUF,74000000,nincs megadva,nincs megadva,nincs megadva,nincs megadva,nincs megadva,nincs megadva,nincs megadva,nincs megadva,nincs megadva,nincs megadva,nincs megadva,nincs megadva,3 m2,nincs megadva,nincs megadva,,nincs megadva,nincs megadva,nincs megadva,nincs megadva,nincs megadva,nincs megadva,nincs megadva,,,,,,,,68.0,74.0,1088235,nincs megadva,,,3.0,,,,Nem ismert,1301,Harmat utca,,,,"Budapest X. kerület, Harmat utca",3,0,3.0,Óhegy,Panel lakás,Lépj kapcsolatba a hirdetővel,,Ingatlaniroda,2,
35514148,elado,https://ingatlan.com/35514148,"Eladó tégla lakás - Budapest X. kerület, Kőbánya-Kertváros #35514148",1106,"Budapest X. kerület, Kőbánya-Kertváros",Budapest,,,2.0,48.0,1950.0,HUF,42900000,felújítandó,1950 és 1980 között,összkomfortos,2,3,nincs,3 m-nél alacsonyabb,nincs,nem,külön helyiségben,északkelet,udvari,3 m2,nem,"utca, közterület",,nincs megadva,nincs megadva,"elektromos fűtőpanel, gáz (konvektor)",van,nincs megadva,nincs megadva,,,,,,,,,48.0,42.9,893750,2,2.0,3.0,3.0,,,,1950-1979 (szocialista modern),828,Kőbánya-Kertváros,,,,"Budapest X. kerület, Kőbánya-Kertváros",2,0,2.0,Kőbánya-Kertváros,Tégla lakás,Lépj kapcsolatba a hirdetővel,,Ingatlaniroda,4,1968.0
35514171,elado,https://ingatlan.com/35514171,"Eladó tégla lakás - Budapest X. kerület, Felsőrákos #35514171",1106,"Budapest X. kerület, Felsőrákos",Budapest,,,4.0,103.0,2020.0,HUF,124900000,újszerű,2020,nincs megadva,1,nincs megadva,nincs megadva,3 m-nél alacsonyabb,van,nem,nincs megadva,délkelet,nincs megadva,nincs megadva,igen,udvari beálló - benne van az árban,,nincs megadva,nincs megadva,gázkazán,nincs megadva,C,tetőtéri,,,,,,,,,103.0,124.9,1212621,1,1.0,,,,,2020.0,2020 után (új építésű),2024,Felsőrákos,,,,"Budapest X. kerület, Felsőrákos",4,0,4.0,Felsőrákos,Tégla lakás,Lépj kapcsolatba a hirdetővel,,Ingatlaniroda,4,2020.0
35514380,elado,https://ingatlan.com/35514380,"Eladó tégla lakás - Budapest X. kerület, Alkér utca #35514380",1104,"Budapest X. kerület, Alkér utca",Budapest,,,1.0,32.0,,HUF,28900000,felújítandó,nincs megadva,összkomfortos,földszint,földszintes,nincs megadva,3 m-nél magasabb,nincs megadva,nincs megadva,nincs megadva,nincs megadva,udvari,nincs megadva,igen,"utca, közterület",,nincs megadva,17 000 Ft/hó,nincs megadva,nincs megadva,nincs megadva,nem tetőtéri,,,,,,,,,32.0,28.9,903125,földszint,0.0,0.0,,17000.0,,,Nem ismert,778,Alkér utca,,,,"Budapest X. kerület, Alkér utca",1,0,1.0,Óhegy,Tégla lakás,Lépj kapcsolatba a hirdetővel,,Ingatlaniroda,4,
35514420,elado,https://ingatlan.com/35514420,"Eladó panel lakás - Budapest X. kerület, Gőzmozdony utca 12. #35514420",1108,"Budapest X. kerület, Gőzmozdony utca 12.",Budapest,47.468282,19.158879,2.0,55.0,1950.0,HUF,65000000,közepes állapotú,1950 és 1980 között,összkomfortos,5,10,van,nincs megadva,nincs,nem,külön helyiségben,nincs megadva,panorámás,nincs megadva,nem,"utca, közterület",,nincs megadva,18 700 Ft/hó,távfűtés egyedi méréssel,van,E,nem tetőtéri,nincs megadva,,,,,,,,55.0,65.0,1181818,5,5.0,10.0,,18700.0,,,1950-1979 (szocialista modern),562,Gőzmozdony utca,12,,12,"Budapest X. kerület, Gőzmozdony utca 12.",2,0,2.0,Újhegy,Panel lakás,Lépj kapcsolatba a hirdetővel,,Ingatlaniroda,2,1968.0
35515659,elado,https://ingatlan.com/35515659,"Eladó tégla lakás - Budapest X. kerület, Kőbánya - Óhegy #35515659",1103,"Budapest X. kerület, Kőbánya - Óhegy",Budapest,,,4.0,149.0,1940.0,HUF,159000000,felújított,1950 előtt,nincs megadva,földszint,nincs megadva,nincs megadva,3 m-nél magasabb,nincs megadva,nincs megadva,nincs megadva,délnyugat,utcai,nincs megadva,nincs megadva,nincs megadva,,nincs megadva,nincs megadva,gázkazán,nincs megadva,nincs megadva,nem tetőtéri,,,,,,,,,149.0,159.0,1067114,földszint,0.0,,,,,,1950 előtt (klasszikus polgári/tégla),2231,Kőbánya - Óhegy,,,,"Budapest X. kerület, Kőbánya - Óhegy",4,0,4.0,Óhegy,Tégla lakás,Lépj kapcsolatba a hirdetővel,,Ingatlaniroda,4,1930.0
35515814,elado,https://ingatlan.com/35515814,"Eladó tégla lakás - Budapest X. kerület, Kőbánya - Óhegyi lakótelep #35515814",1103,"Budapest X. kerület, Kőbánya - Óhegyi lakótelep",Budapest,,,3.0,56.0,1981.0,HUF,64900000,jó állapotú,1981 és 2000 között,duplakomfortos,2,nincs megadva,nincs,nincs megadva,van,nincs megadva,nincs megadva,nincs megadva,kertre néz,8 m2,nincs megadva,teremgarázs hely,,nincs megadva,31 000 Ft/hó,gázkazán,nincs megadva,D,nem tetőtéri,,,,,,,,,56.0,64.9,1158929,2,2.0,,8.0,31000.0,,,1980-1999 (késő panel/tégla),2363,Kőbánya - Óhegyi lakótelep,,,,"Budapest X. kerület, Kőbánya - Óhegyi lakótelep",3,0,3.0,Óhegy,Tégla lakás,Lépj kapcsolatba a hirdetővel,,Ingatlaniroda,4,1988.0
35515915,elado,https://ingatlan.com/35515915,"Eladó tégla lakás - Budapest X. kerület, Salgótarjáni utca #35515915",1101,"Budapest X. kerület, Salgótarjáni utca",Budapest,,,2.0,38.0,1940.0,HUF,52900000,jó állapotú,1950 előtt,összkomfortos,4,nincs megadva,nincs megadva,3 m-nél alacsonyabb,nincs megadva,nincs megadva,nincs megadva,délnyugat,nincs megadva,nincs megadva,nincs megadva,nincs megadva,,nincs megadva,14 000 Ft/hó,nincs megadva,nincs megadva,nincs megadva,nincs megadva,,,,,,,,,38.0,52.9,1392105,4,4.0,,,14000.0,,,1950 előtt (klasszikus polgári/tégla),952,Salgótarjáni utca,,,,"Budapest X. kerület, Salgótarjáni utca",2,0,2.0,Laposdűlő,Tégla lakás,Lépj kapcsolatba a hirdetővel,,Ingatlaniroda,4,1930.0
35515946,elado,https://ingatlan.com/35515946,"Eladó tégla lakás - Budapest X. kerület, Bihari utca 16. #35515946",1107,"Budapest X. kerület, Bihari utca 16.",Budapest,47.4794,19.12421,1.0,41.0,,HUF,35000000,felújított,nincs megadva,nincs megadva,földszint,2,nincs megadva,nincs megadva,nincs megadva,nincs megadva,nincs megadva,nincs megadva,nincs megadva,nincs megadva,nincs megadva,nincs megadva,,nincs megadva,nincs megadva,nincs megadva,nincs megadva,nincs megadva,nincs megadva,,,,,,,,,41.0,35.0,853659,földszint,0.0,2.0,,,,,Nem ismert,805,Bihari utca,16,,16,"Budapest X. kerület, Bihari utca 16.",1,0,1.0,Gyárdűlő,Tégla lakás,Lépj kapcsolatba a hirdetővel,,Ingatlaniroda,2,
35515957,elado,https://ingatlan.com/35515957,"Eladó tégla lakás - Budapest X. kerület, Salgótarjáni utca #35515957",1101,"Budapest X. kerület, Salgótarjáni utca",Budapest,,,2.0,38.0,1950.0,HUF,52900000,felújított,1950 és 1980 között,nincs megadva,4,nincs megadva,nincs megadva,3 m-nél alacsonyabb,nincs megadva,nincs megadva,nincs megadva,délnyugat,kertre néz,nincs megadva,nincs megadva,nincs megadva,,nincs megadva,nincs megadva,egyéb,nincs megadva,nincs megadva,nem tetőtéri,,,,,,,,,38.0,52.9,1392105,4,4.0,,,,,,1950-1979 (szocialista modern),1970,Salgótarjáni utca,,,,"Budapest X. kerület, Salgótarjáni utca",2,0,2.0,Laposdűlő,Tégla lakás,Lépj kapcsolatba a hirdetővel,,Ingatlaniroda,4,1968.0
35516208,elado,https://ingatlan.com/35516208,"Eladó tégla lakás - Budapest X. kerület, Kőbánya - Óhegy #35516208",1103,"Budapest X. kerület, Kőbánya - Óhegy",Budapest,,,3.0,66.0,,HUF,84900000,felújított,nincs megadva,duplakomfortos,1,4,nincs,nincs megadva,nincs megadva,nincs megadva,külön és egyben is,nincs megadva,kertre néz,nincs megadva,nincs megadva,"utca, közterület - ingyenes",,nincs megadva,nincs megadva,gázkazán,nincs megadva,nincs megadva,nincs megadva,,,,,,,,,66.0,84.9,1286364,1,1.0,4.0,,,,,Nem ismert,956,Kőbánya - Óhegy,,,,"Budapest X. kerület, Kőbánya - Óhegy",3,0,3.0,Óhegy,Tégla lakás,Lépj kapcsolatba a hirdetővel,,Ingatlaniroda,4,
35516234,elado,https://ingatlan.com/35516234,"Eladó tégla lakás - Budapest X. kerület, Fokos utca #35516234",1107,"Budapest X. kerület, Fokos utca",Budapest,,,1.0,36.0,,HUF,31000000,nincs megadva,nincs megadva,nincs megadva,nincs megadva,nincs megadva,nincs megadva,nincs megadva,nincs megadva,nincs megadva,nincs megadva,nincs megadva,nincs megadva,nincs megadva,nincs megadva,nincs megadva,,nincs megadva,nincs megadva,nincs megadva,nincs megadva,nincs megadva,nincs megadva,,,,,,,,,36.0,31.0,861111,nincs megadva,,,,,,,Nem ismert,681,Fokos utca,,,,"Budapest X. kerület, Fokos utca",1,0,1.0,Gyárdűlő,Tégla lakás,Lépj kapcsolatba a hirdetővel,,Ingatlaniroda,2,
35516258,elado,https://ingatlan.com/35516258,"Eladó panel lakás - Budapest X. kerület, Bihari utca 5. #35516258",1107,"Budapest X. kerület, Bihari utca 5.",Budapest,47.473273,19.11555,2.0,35.0,1950.0,HUF,51900000,felújított,1950 és 1980 között,összkomfortos,3,10,van,3 m-nél alacsonyabb,van,nem,egy helyiségben,délkelet,kertre néz,nincs megadva,nem,"utca, közterület - fizetős övezet",,nincs megadva,7 000 Ft/hó,távfűtés egyedi méréssel,van - 10 cm,A,nem tetőtéri,részt vett,,,,,,,,35.0,51.9,1482857,3,3.0,10.0,,7000.0,,,1950-1979 (szocialista modern),1676,Bihari utca,5,35,5,"Budapest X. kerület, Bihari utca 5.",2,0,2.0,Gyárdűlő,Panel lakás,Lépj kapcsolatba a hirdetővel,,Ingatlaniroda,4,1968.0
35516282,elado,https://ingatlan.com/35516282,"Eladó tégla lakás - Budapest X. kerület, Kéknyelű utca #35516282",1104,"Budapest X. kerület, Kéknyelű utca",Budapest,,,1.0,27.0,,HUF,38000000,jó állapotú,nincs megadva,összkomfortos,3,4,nincs,3 m-nél alacsonyabb,nincs megadva,nem,nincs megadva,délnyugat,kertre néz,nincs megadva,nincs megadva,"utca, közterület - ingyenes",,nincs megadva,6 500 Ft/hó,távfűtés,van - 15 cm,nincs megadva,nem tetőtéri,,,,,,,,,27.0,38.0,1407407,3,3.0,4.0,,6500.0,,,Nem ismert,1783,Kéknyelű utca,,,,"Budapest X. kerület, Kéknyelű utca",1,0,1.0,Óhegy,Tégla lakás,Lépj kapcsolatba a hirdetővel,,Ingatlaniroda,2,
35516329,elado,https://ingatlan.com/35516329,"Eladó tégla lakás - Budapest X. kerület, Kisbacon utca 3. #35516329",1101,"Budapest X. kerület, Kisbacon utca 3.",Budapest,47.486193,19.123621,2.0,54.0,1981.0,HUF,60900000,jó állapotú,1981 és 2000 között,összkomfortos,földszint,2,nincs,3 m-nél alacsonyabb,nincs,nem,egy helyiségben,nyugat,kertre néz,2 m2,igen,"utca, közterület - ingyenes",,20 000 Ft/hó,23 000 Ft/hó,"gáz (konvektor), elektromos fűtőpanel",van - 10 cm,B,nem tetőtéri,,,,,,,,,54.0,60.9,1127778,földszint,0.0,2.0,2.0,23000.0,20000.0,,1980-1999 (késő panel/tégla),1435,Kisbacon utca,3,,3,"Budapest X. kerület, Kisbacon utca 3.",2,0,2.0,Laposdűlő,Tégla lakás,Lépj kapcsolatba a hirdetővel,,Ingatlaniroda,4,1988.0
35516491,elado,https://ingatlan.com/35516491,"Tégla lakás bérleti joga átadó - Budapest X. kerület, Doba utca #35516491",1101,"Budapest X. kerület, Doba utca",Budapest,,,2.0,34.0,1950.0,HUF,42500000,közepes állapotú,1950 és 1980 között,összkomfortos,földszint,2,nincs,3 m-nél alacsonyabb,nincs,nem,külön helyiségben,dél,kertre néz,nincs megadva,igen,udvari beálló - benne van az árban,,nincs megadva,nincs megadva,gáz (konvektor),nincs,nincs megadva,nem tetőtéri,,,,,,,,,34.0,42.5,1250000,földszint,0.0,2.0,,,,,1950-1979 (szocialista modern),572,Doba utca,,,,"Budapest X. kerület, Doba utca",2,0,2.0,Laposdűlő,Tégla lakás,Lépj kapcsolatba a hirdetővel,,Ingatlaniroda,2,1968.0
35516821,elado,https://ingatlan.com/35516821,"Eladó tégla lakás - Budapest X. kerület, Szárnyas utca #35516821",1107,"Budapest X. kerület, Szárnyas utca",Budapest,,,1.0,29.0,1940.0,HUF,41600000,jó állapotú,1950 előtt,összkomfortos,2,nincs megadva,nincs,3 m-nél alacsonyabb,nincs megadva,nem,külön helyiségben,nincs megadva,utcai,3 m2,nem,"utca, közterület - fizetős övezet",,nincs megadva,nincs megadva,gáz (konvektor),nincs megadva,nincs megadva,nem tetőtéri,,,,,,,,,29.0,41.6,1434483,2,2.0,,3.0,,,,1950 előtt (klasszikus polgári/tégla),2823,Szárnyas utca,,,,"Budapest X. kerület, Szárnyas utca",1,0,1.0,Gyárdűlő,Tégla lakás,Lépj kapcsolatba a hirdetővel,,Ingatlaniroda,4,1930.0
35517000,elado,https://ingatlan.com/35517000,"Eladó tégla lakás - Budapest X. kerület, Kőbánya - Újhegy #35517000",1108,"Budapest X. kerület, Kőbánya - Újhegy",Budapest,,,3.0,84.0,,HUF,119000000,felújított,nincs megadva,duplakomfortos,7,8,van,3 m-nél alacsonyabb,nincs megadva,nincs megadva,külön és egyben is,nincs megadva,panorámás,40.5 m2,nem,udvari beálló - benne van az árban,,nincs megadva,nincs megadva,házközponti,van,nincs megadva,tetőtéri,,,,,,,,,84.0,119.0,1416667,7,7.0,8.0,40.5,,,,Nem ismert,1738,Kőbánya - Újhegy,,,,"Budapest X. kerület, Kőbánya - Újhegy",3,0,3.0,Újhegy,Tégla lakás,Lépj kapcsolatba a hirdetővel,,Ingatlaniroda,4,
35517095,elado,https://ingatlan.com/35517095,"Eladó tégla lakás - Budapest X. kerület, Maglódi út #35517095",1106,"Budapest X. kerület, Maglódi út",Budapest,,,1.0,36.0,1950.0,HUF,56900000,felújított,1950 és 1980 között,összkomfortos,1,3,nincs megadva,3 m-nél alacsonyabb,van,nincs megadva,külön helyiségben,délnyugat,kertre néz,nincs megadva,nincs megadva,"utca, közterület",,nincs megadva,13 000 Ft/hó,hűtő-fűtő klíma,nincs megadva,nincs megadva,nincs megadva,,,,,,,,,36.0,56.9,1580556,1,1.0,3.0,,13000.0,,,1950-1979 (szocialista modern),1115,Maglódi út,,,,"Budapest X. kerület, Maglódi út",1,0,1.0,Gyárdűlő,Tégla lakás,Lépj kapcsolatba a hirdetővel,,Ingatlaniroda,4,1968.0
35518406,elado,https://ingatlan.com/35518406,"Eladó tégla lakás - Budapest X. kerület, Gém utca #35518406",1107,"Budapest X. kerület, Gém utca",Budapest,,,4.0,83.0,2019.0,HUF,140000000,újszerű,2019,duplakomfortos,2,7,van,3 m-nél alacsonyabb,van,igen,külön és egyben is,délnyugat,udvari,10 m2,nem,teremgarázs hely,,nincs megadva,nincs megadva,"házközponti egyedi méréssel, hűtő-fűtő klíma",van,nincs megadva,nem tetőtéri,,,,,,,,,83.0,140.0,1686747,2,2.0,7.0,10.0,,,2019.0,2000-2019 (újszerű),2213,Gém utca,,,,"Budapest X. kerület, Gém utca",4,0,4.0,Gyárdűlő,Tégla lakás,Lépj kapcsolatba a hirdetővel,,Ingatlaniroda,2,2019.0
35518869,elado,https://ingatlan.com/35518869,"Eladó tégla lakás - Budapest X. kerület, Salgótarjáni utca #35518869",1101,"Budapest X. kerület, Salgótarjáni utca",Budapest,,,2.0,38.0,1950.0,HUF,52900000,felújított,1950 és 1980 között,komfortos,4,4,nincs,3 m-nél alacsonyabb,van,nem,külön helyiségben,kelet,panorámás,nincs megadva,nincs megadva,nincs megadva,,nincs megadva,nincs megadva,egyéb,nincs,nincs megadva,zárószint,,,,,,,,,38.0,52.9,1392105,4,4.0,4.0,,,,,1950-1979 (szocialista modern),719,Salgótarjáni utca,,,,"Budapest X. kerület, Salgótarjáni utca",2,0,2.0,Laposdűlő,Tégla lakás,Lépj kapcsolatba a hirdetővel,,Ingatlaniroda,4,1968.0
35518916,elado,https://ingatlan.com/35518916,"Eladó tégla lakás - Budapest X. kerület, Kada utca #35518916",1106,"Budapest X. kerület, Kada utca",Budapest,,,2.0,39.0,1940.0,HUF,33500000,közepes állapotú,1950 előtt,összkomfortos,földszint,földszintes,nincs,3 m-nél magasabb,nincs,nem,egy helyiségben,nincs megadva,udvari,nincs megadva,igen,"utca, közterület - ingyenes",,nincs megadva,13 700 Ft/hó,gáz (konvektor),nincs,nincs megadva,nincs megadva,,,,,,,,,39.0,33.5,858974,földszint,0.0,0.0,,13700.0,,,1950 előtt (klasszikus polgári/tégla),1772,Kada utca,,,,"Budapest X. kerület, Kada utca",2,0,2.0,Óhegy,Tégla lakás,Lépj kapcsolatba a hirdetővel,,Ingatlaniroda,4,1930.0
35519685,elado,https://ingatlan.com/35519685,"Eladó panel lakás - Budapest X. kerület, Agyagfejtő utca #35519685",1108,"Budapest X. kerület, Agyagfejtő utca",Budapest,,,2.0,49.0,1950.0,HUF,54800000,jó állapotú,1950 és 1980 között,összkomfortos,4,10,van,3 m-nél alacsonyabb,van,nincs megadva,külön helyiségben,délnyugat,nincs megadva,3 m2,nincs megadva,"utca, közterület",,nincs megadva,14 000 Ft/hó,távfűtés,nincs megadva,F,nincs megadva,nincs megadva,,,,,,,,49.0,54.8,1118367,4,4.0,10.0,3.0,14000.0,,,1950-1979 (szocialista modern),1087,Agyagfejtő utca,,,,"Budapest X. kerület, Agyagfejtő utca",2,0,2.0,Újhegy,Panel lakás,Lépj kapcsolatba a hirdetővel,,Ingatlaniroda,4,1968.0
35519817,elado,https://ingatlan.com/35519817,"Eladó tégla lakás - Budapest X. kerület, Salgótarjáni utca #35519817",1101,"Budapest X. kerület, Salgótarjáni utca",Budapest,,,2.0,38.0,1950.0,HUF,52900000,felújított,1950 és 1980 között,nincs megadva,4,nincs megadva,nincs megadva,3 m-nél alacsonyabb,nincs megadva,nincs megadva,nincs megadva,kelet,nincs megadva,nincs megadva,nincs megadva,nincs megadva,,nincs megadva,nincs megadva,egyéb,nincs megadva,nincs megadva,zárószint,,,,,,,,,38.0,52.9,1392105,4,4.0,,,,,,1950-1979 (szocialista modern),689,Salgótarjáni utca,,,,"Budapest X. kerület, Salgótarjáni utca",2,0,2.0,Laposdűlő,Tégla lakás,Lépj kapcsolatba a hirdetővel,,Ingatlaniroda,4,1968.0
35520278,elado,https://ingatlan.com/35520278,"Eladó tégla lakás - Budapest X. kerület, Sörgyár utca 22. #35520278",1104,"Budapest X. kerület, Sörgyár utca 22.",Budapest,47.484355,19.151046,3.0,52.0,2001.0,HUF,66000000,közepes állapotú,2001 és 2010 között,nincs megadva,2,3,nincs,nincs megadva,van,nincs megadva,külön helyiségben,nincs megadva,nincs megadva,4 m2,nincs megadva,teremgarázs hely,,nincs megadva,nincs megadva,gázkazán,van,nincs megadva,nem tetőtéri,,,,,,,,,52.0,66.0,1269231,2,2.0,3.0,4.0,,,,2000-2019 (újszerű),2427,Sörgyár utca,22,,22,"Budapest X. kerület, Sörgyár utca 22.",3,0,3.0,Óhegy,Tégla lakás,Lépj kapcsolatba a hirdetővel,,Ingatlaniroda,4,2005.0
35520458,elado,https://ingatlan.com/35520458,"Eladó tégla lakás - Budapest X. kerület, Liget tér #35520458",1102,"Budapest X. kerület, Liget tér",Budapest,,,1.0,43.0,,HUF,37900000,jó állapotú,nincs megadva,összkomfortos,földszint,nincs megadva,nincs megadva,3 m-nél magasabb,nincs megadva,nincs megadva,egy helyiségben,nincs megadva,udvari,nincs megadva,nincs megadva,"utca, közterület - ingyenes",,nincs megadva,17 000 Ft/hó,gáz (konvektor),nincs megadva,nincs megadva,nem tetőtéri,,,,,,,,,43.0,37.9,881395,földszint,0.0,,,17000.0,,,Nem ismert,1992,Liget tér,,43,43,"Budapest X. kerület, Liget tér 43.",1,0,1.0,Kőbánya-Városközpont,Tégla lakás,Lépj kapcsolatba a hirdetővel,,Ingatlaniroda,2,
35521625,elado,https://ingatlan.com/35521625,"Eladó tégla lakás - Budapest X. kerület, Sörgyár utca #35521625",1104,"Budapest X. kerület, Sörgyár utca",Budapest,,,1.0,34.0,1950.0,HUF,47900000,jó állapotú,1950 és 1980 között,összkomfortos,1,2,nincs megadva,3 m-nél alacsonyabb,nincs megadva,nincs megadva,nincs megadva,délnyugat,kertre néz,3 m2,igen,udvari beálló,,nincs megadva,11 000 Ft/hó,gázkazán,nincs megadva,nincs megadva,nincs megadva,,,,,,,,,34.0,47.9,1408824,1,1.0,2.0,3.0,11000.0,,,1950-1979 (szocialista modern),1007,Sörgyár utca,,,,"Budapest X. kerület, Sörgyár utca",1,0,1.0,Óhegy,Tégla lakás,Lépj kapcsolatba a hirdetővel,,Ingatlaniroda,4,1968.0
35522487,elado,https://ingatlan.com/35522487,"Eladó csúsztatott zsalus - Budapest X. kerület, Kőbánya - Óhegyi lakótelep #35522487",1103,"Budapest X. kerület, Kőbánya - Óhegyi lakótelep",Budapest,,,1.0,27.0,1950.0,HUF,37500000,közepes állapotú,1950 és 1980 között,összkomfortos,3,4,nincs megadva,3 m-nél alacsonyabb,nincs megadva,nincs megadva,nincs megadva,délkelet,nincs megadva,nincs megadva,nincs megadva,nincs megadva,,nincs megadva,11 500 Ft/hó,távfűtés,nincs megadva,nincs megadva,,,,,,,,,,27.0,37.5,1388889,3,3.0,4.0,,11500.0,,,1950-1979 (szocialista modern),815,Kőbánya - Óhegyi lakótelep,,,,"Budapest X. kerület, Kőbánya - Óhegyi lakótelep",1,0,1.0,Óhegy,Csúsztatott zsalus lakás,Lépj kapcsolatba a hirdetővel,,Ingatlaniroda,4,1968.0
35522571,elado,https://ingatlan.com/35522571,"Eladó tégla lakás - Budapest X. kerület, Kada utca #35522571",1106,"Budapest X. kerület, Kada utca",Budapest,,,1.0,39.0,1950.0,HUF,33500000,felújítandó,1950 és 1980 között,összkomfortos,földszint,nincs megadva,nincs megadva,3 m-nél alacsonyabb,nincs megadva,nincs megadva,nincs megadva,kelet,nincs megadva,nincs megadva,nincs megadva,nincs megadva,,nincs megadva,13 700 Ft/hó,gáz (konvektor),nincs megadva,nincs megadva,nincs megadva,,,,,,,,,39.0,33.5,858974,földszint,0.0,,,13700.0,,,1950-1979 (szocialista modern),432,Kada utca,,,,"Budapest X. kerület, Kada utca",1,0,1.0,Óhegy,Tégla lakás,Lépj kapcsolatba a hirdetővel,,Ingatlaniroda,4,1968.0
35522815,elado,https://ingatlan.com/35522815,"Eladó csúsztatott zsalus - Budapest X. kerület, Szőlőhegy utca #35522815",1104,"Budapest X. kerület, Szőlőhegy utca",Budapest,,,1.0,27.0,,HUF,39000000,jó állapotú,nincs megadva,összkomfortos,3,5,nincs,nincs megadva,nincs,nem,külön helyiségben,nincs megadva,utcai,nincs megadva,nem,"utca, közterület - ingyenes",,9 000 Ft/hó,nincs megadva,távfűtés,nincs megadva,nincs megadva,,,,,,,,,,27.0,39.0,1444444,3,3.0,5.0,,,9000.0,,Nem ismert,1205,Szőlőhegy utca,,,,"Budapest X. kerület, Szőlőhegy utca",1,0,1.0,Óhegy,Csúsztatott zsalus lakás,Lépj kapcsolatba a hirdetővel,,Ingatlaniroda,2,
35522852,elado,https://ingatlan.com/35522852,"Eladó panel lakás - Budapest X. kerület, Kőbánya - Óhegy #35522852",1103,"Budapest X. kerület, Kőbánya - Óhegy",Budapest,,,3.0,56.0,1950.0,HUF,70500000,felújított,1950 és 1980 között,nincs megadva,2,4,nincs,3 m-nél alacsonyabb,nincs megadva,nincs megadva,nincs megadva,délnyugat,nincs megadva,nincs megadva,nincs megadva,"utca, közterület",,nincs megadva,nincs megadva,távfűtés,van,nincs megadva,nincs megadva,nincs megadva,,,,,,,,56.0,70.5,1258929,2,2.0,4.0,,,,,1950-1979 (szocialista modern),1423,Kőbánya - Óhegy,,,,"Budapest X. kerület, Kőbánya - Óhegy",3,0,3.0,Óhegy,Panel lakás,Lépj kapcsolatba a hirdetővel,,Ingatlaniroda,4,1968.0
35523012,elado,https://ingatlan.com/35523012,"Eladó panel lakás - Budapest X. kerület, Kőbánya - Óhegy #35523012",1103,"Budapest X. kerület, Kőbánya - Óhegy",Budapest,,,2.0,49.0,1950.0,HUF,58900000,jó állapotú,1950 és 1980 között,összkomfortos,4,4,nincs,3 m-nél alacsonyabb,nincs megadva,nincs megadva,nincs megadva,délnyugat,nincs megadva,nincs megadva,nincs megadva,"utca, közterület",,nincs megadva,nincs megadva,távfűtés,van,nincs megadva,nincs megadva,részt vett,,,,,,,,49.0,58.9,1202041,4,4.0,4.0,,,,,1950-1979 (szocialista modern),1082,Kőbánya - Óhegy,,,,"Budapest X. kerület, Kőbánya - Óhegy",2,0,2.0,Óhegy,Panel lakás,Lépj kapcsolatba a hirdetővel,,Ingatlaniroda,4,1968.0
35523134,elado,https://ingatlan.com/35523134,"Eladó tégla lakás - Budapest X. kerület, Kőbánya - Óhegyi lakótelep #35523134",1103,"Budapest X. kerület, Kőbánya - Óhegyi lakótelep",Budapest,,,3.0,56.0,1981.0,HUF,64900000,jó állapotú,1981 és 2000 között,összkomfortos,2,2,nincs,3 m-nél alacsonyabb,van,nem,külön helyiségben,délkelet,udvari,8 m2,igen,teremgarázs hely - megvásárolható,10 MFt,19 000 Ft/hó,31 000 Ft/hó,gázkazán,nincs,E,tetőtéri,,,,,,,,,56.0,64.9,1158929,2,2.0,2.0,8.0,31000.0,19000.0,,1980-1999 (késő panel/tégla),3102,Kőbánya - Óhegyi lakótelep,,,,"Budapest X. kerület, Kőbánya - Óhegyi lakótelep",3,0,3.0,Óhegy,Tégla lakás,Lépj kapcsolatba a hirdetővel,,Ingatlaniroda,4,1988.0
35523159,elado,https://ingatlan.com/35523159,"Eladó tégla lakás - Budapest X. kerület, Bihari utca #35523159",1107,"Budapest X. kerület, Bihari utca",Budapest,,,2.0,48.0,1950.0,HUF,59900000,jó állapotú,1950 és 1980 között,összkomfortos,1,2,nincs,3 m-nél alacsonyabb,nincs megadva,nem,egy helyiségben,nincs megadva,utcai,nincs megadva,nem,nincs megadva,,nincs megadva,nincs megadva,gázkazán,nincs megadva,nincs megadva,nem tetőtéri,,,,,,,,,48.0,59.9,1247917,1,1.0,2.0,,,,,1950-1979 (szocialista modern),1026,Bihari utca,,,,"Budapest X. kerület, Bihari utca",2,0,2.0,Gyárdűlő,Tégla lakás,Lépj kapcsolatba a hirdetővel,,Ingatlaniroda,4,1968.0
35523188,elado,https://ingatlan.com/35523188,"Eladó tégla lakás - Budapest X. kerület, Kada utca #35523188",1106,"Budapest X. kerület, Kada utca",Budapest,,,1.0,39.0,1950.0,HUF,33500000,felújítandó,1950 és 1980 között,komfortos,földszint,földszintes,nincs,3 m-nél magasabb,nincs,nem,egy helyiségben,délkelet,udvari,nincs megadva,nem,"utca, közterület",,15 000 Ft/hó,13 700 Ft/hó,gáz (konvektor),nincs,I,nem tetőtéri,,,,,,,,,39.0,33.5,858974,földszint,0.0,0.0,,13700.0,15000.0,,1950-1979 (szocialista modern),1158,Kada utca,,,,"Budapest X. kerület, Kada utca",1,0,1.0,Óhegy,Tégla lakás,Lépj kapcsolatba a hirdetővel,,Ingatlaniroda,4,1968.0
35523212,elado,https://ingatlan.com/35523212,"Eladó panel lakás - Budapest X. kerület, Kőbánya - Újhegyi lakótelep #35523212",1108,"Budapest X. kerület, Kőbánya - Újhegyi lakótelep",Budapest,,,3.0,68.0,1950.0,HUF,69900000,jó állapotú,1950 és 1980 között,összkomfortos,3,nincs megadva,van,nincs megadva,nincs megadva,nincs megadva,nincs megadva,nincs megadva,utcai,3 m2,nincs megadva,nincs megadva,,nincs megadva,25 000 Ft/hó,távfűtés,nincs megadva,nincs megadva,nem tetőtéri,nincs megadva,,,,,,,,68.0,69.9,1027941,3,3.0,,3.0,25000.0,,,1950-1979 (szocialista modern),2445,Kőbánya - Újhegyi lakótelep,,,,"Budapest X. kerület, Kőbánya - Újhegyi lakótelep",3,0,3.0,Újhegy,Panel lakás,Lépj kapcsolatba a hirdetővel,,Ingatlaniroda,4,1968.0
35523258,elado,https://ingatlan.com/35523258,"Eladó panel lakás - Budapest X. kerület, Kápolna utca #35523258",1102,"Budapest X. kerület, Kápolna utca",Budapest,,,2.0,50.0,1950.0,HUF,50000000,jó állapotú,1950 és 1980 között,összkomfortos,7,8,van,3 m-nél alacsonyabb,van,nem,külön helyiségben,délnyugat,panorámás,nincs megadva,nem,"utca, közterület - ingyenes",,35 000 Ft/hó,17 500 Ft/hó,távfűtés,van,C,nem tetőtéri,nincs megadva,,,,,,,,50.0,50.0,1000000,7,7.0,8.0,,17500.0,35000.0,,1950-1979 (szocialista modern),2018,Kápolna utca,,50,50,"Budapest X. kerület, Kápolna utca 50.",2,0,2.0,Kőbánya-Városközpont,Panel lakás,Lépj kapcsolatba a hirdetővel,,Ingatlaniroda,2,1968.0
35523631,elado,https://ingatlan.com/35523631,"Eladó tégla lakás - Budapest X. kerület, Hatház utca #35523631",1106,"Budapest X. kerület, Hatház utca",Budapest,,,1.0,32.0,1940.0,HUF,45500000,közepes állapotú,1950 előtt,összkomfortos,4,5,nincs,3 m-nél alacsonyabb,nincs,nincs megadva,egy helyiségben,nincs megadva,nincs megadva,nincs megadva,nincs megadva,nincs megadva,,nincs megadva,12 000 Ft/hó,gáz (konvektor),nincs megadva,nincs megadva,nincs megadva,,,,,,,,,32.0,45.5,1421875,4,4.0,5.0,,12000.0,,,1950 előtt (klasszikus polgári/tégla),779,Hatház utca,,,,"Budapest X. kerület, Hatház utca",1,0,1.0,Felsőrákos,Tégla lakás,Lépj kapcsolatba a hirdetővel,,Ingatlaniroda,4,1930.0
35523741,elado,https://ingatlan.com/35523741,"Eladó panel lakás - Budapest X. kerület, Hang utca #35523741",1108,"Budapest X. kerület, Hang utca",Budapest,,,2.0,50.0,1981.0,HUF,56500000,jó állapotú,1981 és 2000 között,összkomfortos,10,10,van,3 m-nél alacsonyabb,van,nem,külön helyiségben,délnyugat,panorámás,nincs megadva,nem,"utca, közterület - ingyenes",,nincs megadva,15 000 Ft/hó,távfűtés,nincs,nincs megadva,nincs megadva,nem vett részt,,,,,,,,50.0,56.5,1130000,10,10.0,10.0,,15000.0,,,1980-1999 (késő panel/tégla),1458,Hang utca,,,,"Budapest X. kerület, Hang utca",2,0,2.0,Újhegy,Panel lakás,Lépj kapcsolatba a hirdetővel,,Ingatlaniroda,4,1988.0
35524057,elado,https://ingatlan.com/35524057,"Eladó tégla lakás - Budapest X. kerület, Füzér utca #35524057",1102,"Budapest X. kerület, Füzér utca",Budapest,,,1.0,30.0,1940.0,HUF,41900000,közepes állapotú,1950 előtt,összkomfortos,1,4,nincs,3 m-nél magasabb,nincs,nem,egy helyiségben,északnyugat,utcai,nincs megadva,nincs megadva,"utca, közterület - ingyenes",,nincs megadva,11 000 Ft/hó,gáz (konvektor),nincs,F,nem tetőtéri,,,,,,,,,30.0,41.9,1396667,1,1.0,4.0,,11000.0,,,1950 előtt (klasszikus polgári/tégla),4223,Füzér utca,,,,"Budapest X. kerület, Füzér utca",1,0,1.0,Ligettelek,Tégla lakás,Lépj kapcsolatba a hirdetővel,,Ingatlaniroda,4,1930.0
35526201,elado,https://ingatlan.com/35526201,"Eladó tégla lakás - Budapest X. kerület, Hatház utca #35526201",1106,"Budapest X. kerület, Hatház utca",Budapest,,,1.0,32.0,1940.0,HUF,39900000,közepes állapotú,1950 előtt,összkomfortos,félemelet,5,nincs megadva,3 m-nél alacsonyabb,nincs megadva,nincs megadva,nincs megadva,kelet,nincs megadva,nincs megadva,nincs megadva,nincs megadva,,nincs megadva,14 498 Ft/hó,gáz (konvektor),nincs megadva,nincs megadva,nincs megadva,,,,,,,,,32.0,39.9,1246875,félemelet,0.5,5.0,,14498.0,,,1950 előtt (klasszikus polgári/tégla),1532,Hatház utca,,,,"Budapest X. kerület, Hatház utca",1,0,1.0,Felsőrákos,Tégla lakás,Lépj kapcsolatba a hirdetővel,,Ingatlaniroda,4,1930.0
35526270,elado,https://ingatlan.com/35526270,"Eladó tégla lakás - Budapest X. kerület, Bánya utca #35526270",1105,"Budapest X. kerület, Bánya utca",Budapest,,,4.0,110.0,2019.0,HUF,129900000,újszerű,2019,nincs megadva,földszint,nincs megadva,van,nincs megadva,nincs megadva,nincs megadva,nincs megadva,nincs megadva,kertre néz,5 m2,igen,önálló garázs,,nincs megadva,nincs megadva,házközponti egyedi méréssel,van,nincs megadva,nincs megadva,,,,,,,,,110.0,129.9,1180909,földszint,0.0,,5.0,,,2019.0,2000-2019 (újszerű),7084,Bánya utca,,,,"Budapest X. kerület, Bánya utca",4,0,4.0,Óhegy,Tégla lakás,Lépj kapcsolatba a hirdetővel,,Ingatlaniroda,4,2019.0
35526330,elado,https://ingatlan.com/35526330,"Eladó tégla lakás - Budapest X. kerület, Laposdűlő #35526330",1101,"Budapest X. kerület, Laposdűlő",Budapest,,,2.0,34.0,1940.0,HUF,42500000,közepes állapotú,1950 előtt,összkomfortos,földszint,2,nincs,3 m-nél alacsonyabb,nincs megadva,nincs megadva,külön helyiségben,dél,kertre néz,30 m2,igen,"utca, közterület - ingyenes",,nincs megadva,13 000 Ft/hó,gáz (konvektor),nincs,H,nincs megadva,,,,,,,,,34.0,42.5,1250000,földszint,0.0,2.0,30.0,13000.0,,,1950 előtt (klasszikus polgári/tégla),1372,Laposdűlő,,,,"Budapest X. kerület, Laposdűlő",2,0,2.0,Laposdűlő,Tégla lakás,Lépj kapcsolatba a hirdetővel,,Ingatlaniroda,4,1930.0
35526412,elado,https://ingatlan.com/35526412,"Eladó tégla lakás - Budapest X. kerület, Bánya utca #35526412",1102,"Budapest X. kerület, Bánya utca",Budapest,,,4.0,113.0,2018.0,HUF,130000000,újszerű,2018,nincs megadva,földszint,nincs megadva,nincs megadva,nincs megadva,nincs megadva,nincs megadva,nincs megadva,nincs megadva,nincs megadva,nincs megadva,nincs megadva,nincs megadva,,nincs megadva,nincs megadva,nincs megadva,nincs megadva,nincs megadva,nincs megadva,,,,,,,,,113.0,130.0,1150442,földszint,0.0,,,,,2018.0,2000-2019 (újszerű),3589,Bánya utca,,,,"Budapest X. kerület, Bánya utca",4,0,4.0,Kőbánya-Városközpont,Tégla lakás,Lépj kapcsolatba a hirdetővel,,Ingatlaniroda,4,2018.0
35527025,elado,https://ingatlan.com/35527025,"Eladó tégla lakás - Budapest X. kerület, Gém utca #35527025",1107,"Budapest X. kerület, Gém utca",Budapest,,,3.0,67.0,,HUF,112000000,jó állapotú,nincs megadva,duplakomfortos,6,8,van,3 m-nél alacsonyabb,van,igen,egy helyiségben,nincs megadva,kertre néz,8 m2,nem,teremgarázs hely - megvásárolható,"7,50 MFt",nincs megadva,nincs megadva,"házközponti egyedi méréssel, gázkazán",van,nincs megadva,nem tetőtéri,,,,,,,,,67.0,112.0,1671642,6,6.0,8.0,8.0,,,,Nem ismert,750,Gém utca,,,,"Budapest X. kerület, Gém utca",3,0,3.0,Gyárdűlő,Tégla lakás,Lépj kapcsolatba a hirdetővel,,Ingatlaniroda,4,
35527132,elado,https://ingatlan.com/35527132,"Eladó tégla lakás - Budapest X. kerület, Mongol utca #35527132",1105,"Budapest X. kerület, Mongol utca",Budapest,,,2.0,55.0,1981.0,HUF,60000000,közepes állapotú,1981 és 2000 között,összkomfortos,1,4,nincs,nincs megadva,van,nem,külön helyiségben,északnyugat,kertre néz,10 m2,nem,"utca, közterület - ingyenes",,nincs megadva,24 000 Ft/hó,gázkazán,nincs megadva,nincs megadva,nem tetőtéri,,,,,,,,,55.0,60.0,1090909,1,1.0,4.0,10.0,24000.0,,,1980-1999 (késő panel/tégla),1622,Mongol utca,,,,"Budapest X. kerület, Mongol utca",2,0,2.0,Óhegy,Tégla lakás,Lépj kapcsolatba a hirdetővel,,Ingatlaniroda,2,1988.0
35527137,elado,https://ingatlan.com/35527137,"Eladó panel lakás - Budapest X. kerület, Gyárdűlői lakótelep #35527137",1107,"Budapest X. kerület, Gyárdűlői lakótelep",Budapest,,,4.0,74.0,1950.0,HUF,83900000,jó állapotú,1950 és 1980 között,összkomfortos,6,10,van,3 m-nél alacsonyabb,van,nincs megadva,külön helyiségben,délkelet,nincs megadva,4 m2,nem,"utca, közterület",,nincs megadva,nincs megadva,"házközponti egyedi méréssel, hűtő-fűtő klíma",van - 10 cm,nincs megadva,nem tetőtéri,részt vett,,,,,,,,74.0,83.9,1133784,6,6.0,10.0,4.0,,,,1950-1979 (szocialista modern),724,Gyárdűlői lakótelep,,,,"Budapest X. kerület, Gyárdűlői lakótelep",4,0,4.0,Gyárdűlő,Panel lakás,Lépj kapcsolatba a hirdetővel,,Ingatlaniroda,4,1968.0
35527346,elado,https://ingatlan.com/35527346,"Eladó tégla lakás - Budapest X. kerület, Szárnyas utca #35527346",1107,"Budapest X. kerület, Szárnyas utca",Budapest,,,1.0,37.0,1981.0,HUF,65000000,felújított,1981 és 2000 között,összkomfortos,3,4,nincs megadva,nincs megadva,van,nincs megadva,nincs megadva,nincs megadva,nincs megadva,2 m2,nincs megadva,"utca, közterület",,nincs megadva,nincs megadva,hűtő-fűtő klíma,nincs megadva,nincs megadva,nem tetőtéri,,,,,,,,,37.0,65.0,1756757,3,3.0,4.0,2.0,,,,1980-1999 (késő panel/tégla),1064,Szárnyas utca,,,,"Budapest X. kerület, Szárnyas utca",1,0,1.0,Gyárdűlő,Tégla lakás,Lépj kapcsolatba a hirdetővel,,Ingatlaniroda,2,1988.0
35527650,elado,https://ingatlan.com/35527650,"Eladó panel lakás - Budapest X. kerület, Kőbánya-Városközpont #35527650",1105,"Budapest X. kerület, Kőbánya-Városközpont",Budapest,,,2.0,49.0,1981.0,HUF,52900000,közepes állapotú,1981 és 2000 között,összkomfortos,3,10,van,3 m-nél alacsonyabb,nincs,igen,külön helyiségben,délnyugat,utcai,3 m2,nem,"utca, közterület - ingyenes",,nincs megadva,17 000 Ft/hó,távfűtés,nincs,nincs megadva,nem tetőtéri,nincs megadva,,,,,,,,49.0,52.9,1079592,3,3.0,10.0,3.0,17000.0,,,1980-1999 (késő panel/tégla),812,Kőbánya-Városközpont,,,,"Budapest X. kerület, Kőbánya-Városközpont",2,0,2.0,Kőbánya-Városközpont,Panel lakás,Lépj kapcsolatba a hirdetővel,,Ingatlaniroda,4,1988.0
35528092,elado,https://ingatlan.com/35528092,"Eladó tégla lakás - Budapest X. kerület, Ligettelek #35528092",1101,"Budapest X. kerület, Ligettelek",Budapest,,,3.0,62.0,1950.0,HUF,67900000,közepes állapotú,1950 és 1980 között,nincs megadva,2,nincs megadva,nincs,3 m-nél alacsonyabb,nincs megadva,nincs megadva,nincs megadva,kelet,kertre néz,nincs megadva,nincs megadva,nincs megadva,,nincs megadva,nincs megadva,gázkazán,nincs megadva,D,nem tetőtéri,,,,,,,,,62.0,67.9,1095161,2,2.0,,,,,,1950-1979 (szocialista modern),1159,Ligettelek,,,,"Budapest X. kerület, Ligettelek",3,0,3.0,Ligettelek,Tégla lakás,Lépj kapcsolatba a hirdetővel,,Ingatlaniroda,4,1968.0
35528422,elado,https://ingatlan.com/35528422,"Eladó tégla lakás - Budapest X. kerület, Kőbánya - Óhegy #35528422",1103,"Budapest X. kerület, Kőbánya - Óhegy",Budapest,,,4.0,149.0,1940.0,HUF,159000000,felújított,1950 előtt,összkomfortos,félemelet,földszintes,nincs,3 m-nél magasabb,van,nincs megadva,egy helyiségben,délnyugat,utcai,nincs megadva,igen,udvari beálló - benne van az árban,,nincs megadva,nincs megadva,"gázkazán, hűtő-fűtő klíma, cserépkályha",nincs megadva,nincs megadva,nem tetőtéri,,,,,,,,,149.0,159.0,1067114,félemelet,0.5,0.0,,,,,1950 előtt (klasszikus polgári/tégla),2601,Kőbánya - Óhegy,,,,"Budapest X. kerület, Kőbánya - Óhegy",4,0,4.0,Óhegy,Tégla lakás,Lépj kapcsolatba a hirdetővel,,Ingatlaniroda,4,1930.0
35528502,elado,https://ingatlan.com/35528502,"Eladó tégla lakás - Budapest X. kerület, Kőbánya - Óhegy #35528502",1103,"Budapest X. kerület, Kőbánya - Óhegy",Budapest,,,1.0,23.0,1950.0,HUF,29900000,jó állapotú,1950 és 1980 között,összkomfortos,2,2,nincs,3 m-nél alacsonyabb,nincs megadva,nincs megadva,nincs megadva,délnyugat,kertre néz,nincs megadva,igen,udvari beálló,,nincs megadva,10 170 Ft/hó,gáz (konvektor),nincs megadva,nincs megadva,nincs megadva,,,,,,,,,23.0,29.9,1300000,2,2.0,2.0,,10170.0,,,1950-1979 (szocialista modern),1043,Kőbánya - Óhegy,,,,"Budapest X. kerület, Kőbánya - Óhegy",1,0,1.0,Óhegy,Tégla lakás,Lépj kapcsolatba a hirdetővel,,Ingatlaniroda,4,1968.0
35528586,elado,https://ingatlan.com/35528586,"Eladó panel lakás - Budapest X. kerület, Kőbánya - Újhegyi lakótelep #35528586",1108,"Budapest X. kerület, Kőbánya - Újhegyi lakótelep",Budapest,,,2.0,49.0,1950.0,HUF,54500000,jó állapotú,1950 és 1980 között,összkomfortos,3,10,van,3 m-nél alacsonyabb,van,nem,külön helyiségben,délnyugat,utcai,2.53 m2,nem,"utca, közterület - ingyenes",,15 000 Ft/hó,15 000 Ft/hó,"távfűtés, hűtő-fűtő klíma",nincs,nincs megadva,nem tetőtéri,nem vett részt,,,,,,,,49.0,54.5,1112245,3,3.0,10.0,2.53,15000.0,15000.0,,1950-1979 (szocialista modern),1927,Kőbánya - Újhegyi lakótelep,,,,"Budapest X. kerület, Kőbánya - Újhegyi lakótelep",2,0,2.0,Újhegy,Panel lakás,Lépj kapcsolatba a hirdetővel,,Ingatlaniroda,4,1968.0
35529108,elado,https://ingatlan.com/35529108,"Eladó tégla lakás - Budapest X. kerület, Mádi utca #35529108",1105,"Budapest X. kerület, Mádi utca",Budapest,,,2.0,54.0,,HUF,58000000,felújítandó,nincs megadva,összkomfortos,3,4,nincs,3 m-nél alacsonyabb,nincs megadva,nem,külön helyiségben,nincs megadva,udvari,4 m2,nincs megadva,nincs megadva,,nincs megadva,42 128 Ft/hó,gáz (konvektor),van,nincs megadva,nem tetőtéri,,,,,,,,,54.0,58.0,1074074,3,3.0,4.0,4.0,42128.0,,,Nem ismert,1481,Mádi utca,,54,54,"Budapest X. kerület, Mádi utca 54.",2,0,2.0,Óhegy,Tégla lakás,Lépj kapcsolatba a hirdetővel,,Ingatlaniroda,2,
35529530,elado,https://ingatlan.com/35529530,"Eladó panel lakás - Budapest X. kerület, Gyakorló utcai lakótelep #35529530",1106,"Budapest X. kerület, Gyakorló utcai lakótelep",Budapest,,,2.0,53.0,1950.0,HUF,71900000,felújított,1950 és 1980 között,összkomfortos,1,10,van,3 m-nél alacsonyabb,van,nem,külön helyiségben,dél,utcai,4 m2,nem,"utca, közterület - fizetős övezet",,17 000 Ft/hó,20 000 Ft/hó,"távfűtés, hűtő-fűtő klíma",van,nincs megadva,nem tetőtéri,nincs megadva,,,,,,,,53.0,71.9,1356604,1,1.0,10.0,4.0,20000.0,17000.0,,1950-1979 (szocialista modern),1229,Gyakorló utcai lakótelep,,,,"Budapest X. kerület, Gyakorló utcai lakótelep",2,0,2.0,Felsőrákos,Panel lakás,Lépj kapcsolatba a hirdetővel,,Ingatlaniroda,4,1968.0
35530257,elado,https://ingatlan.com/35530257,"Eladó tégla lakás - Budapest X. kerület, Ligettelek #35530257",1101,"Budapest X. kerület, Ligettelek",Budapest,,,3.0,63.0,1940.0,HUF,64900000,jó állapotú,1950 előtt,összkomfortos,1,3,nincs,3 m-nél magasabb,van,nem,külön helyiségben,délkelet,utcai,nincs megadva,nem,"utca, közterület - ingyenes",,20 000 Ft/hó,19 750 Ft/hó,gáz (konvektor),nincs,D,nem tetőtéri,,,,,,,,,63.0,64.9,1030159,1,1.0,3.0,,19750.0,20000.0,,1950 előtt (klasszikus polgári/tégla),589,Ligettelek,,,,"Budapest X. kerület, Ligettelek",3,0,3.0,Ligettelek,Tégla lakás,Lépj kapcsolatba a hirdetővel,,Ingatlaniroda,4,1930.0
35530304,elado,https://ingatlan.com/35530304,"Eladó panel lakás - Budapest X. kerület, Kőbánya - Újhegyi lakótelep #35530304",1108,"Budapest X. kerület, Kőbánya - Újhegyi lakótelep",Budapest,,,2.0,50.0,1981.0,HUF,51900000,közepes állapotú,1981 és 2000 között,összkomfortos,3,több mint 10,van,3 m-nél alacsonyabb,nincs,nem,külön helyiségben,délnyugat,utcai,3 m2,nincs megadva,"utca, közterület - ingyenes",,nincs megadva,16 000 Ft/hó,távfűtés,nincs megadva,nincs megadva,nem tetőtéri,nincs megadva,,,,,,,,50.0,51.9,1038000,3,3.0,10.0,3.0,16000.0,,,1980-1999 (késő panel/tégla),1535,Kőbánya - Újhegyi lakótelep,,,,"Budapest X. kerület, Kőbánya - Újhegyi lakótelep",2,0,2.0,Újhegy,Panel lakás,Lépj kapcsolatba a hirdetővel,,Ingatlaniroda,4,1988.0
35530321,elado,https://ingatlan.com/35530321,"Eladó panel lakás - Budapest X. kerület, Gépmadár utca 5. #35530321",1106,"Budapest X. kerület, Gépmadár utca 5.",Budapest,47.502895,19.143097,3.0,54.0,1950.0,HUF,71900000,felújított,1950 és 1980 között,összkomfortos,3,10,van,3 m-nél alacsonyabb,nincs,nincs megadva,külön helyiségben,nincs megadva,utcai,3 m2,nem,"utca, közterület - fizetős övezet",,nincs megadva,nincs megadva,távfűtés,van,nincs megadva,nem tetőtéri,részt vett,,,,,,,,54.0,71.9,1331481,3,3.0,10.0,3.0,,,,1950-1979 (szocialista modern),2312,Gépmadár utca,5,54,5,"Budapest X. kerület, Gépmadár utca 5.",3,0,3.0,Felsőrákos,Panel lakás,Lépj kapcsolatba a hirdetővel,,Ingatlaniroda,2,1968.0
35531924,elado,https://ingatlan.com/35531924,"Eladó csúsztatott zsalus - Budapest X. kerület, Újhegyi út #35531924",1108,"Budapest X. kerület, Újhegyi út",Budapest,,,3.0,70.0,2021.0,HUF,115500000,újszerű,2021,összkomfortos,1,5,van,3 m-nél alacsonyabb,nincs megadva,nincs megadva,külön helyiségben,dél,udvari,14 m2,nem,"utca, közterület - fizetős övezet",,nincs megadva,nincs megadva,házközponti egyedi méréssel,nincs megadva,nincs megadva,,,,,,,,,,70.0,115.5,1650000,1,1.0,5.0,14.0,,,2021.0,2020 után (új építésű),403,Újhegyi út,,,,"Budapest X. kerület, Újhegyi út",3,0,3.0,Újhegy,Csúsztatott zsalus lakás,Lépj kapcsolatba a hirdetővel,,Ingatlaniroda,4,2021.0
35532043,elado,https://ingatlan.com/35532043,"Eladó panel lakás - Budapest X. kerület, Mélytó utca 6. #35532043",1108,"Budapest X. kerület, Mélytó utca 6.",Budapest,47.468863,19.163883,2.0,53.0,,HUF,68500000,nincs megadva,nincs megadva,nincs megadva,nincs megadva,nincs megadva,nincs megadva,nincs megadva,nincs megadva,nincs megadva,nincs megadva,nincs megadva,nincs megadva,2 m2,nincs megadva,nincs megadva,,nincs megadva,nincs megadva,nincs megadva,nincs megadva,nincs megadva,nincs megadva,nincs megadva,,,,,,,,53.0,68.5,1292453,nincs megadva,,,2.0,,,,Nem ismert,1494,Mélytó utca,6,,6,"Budapest X. kerület, Mélytó utca 6.",2,0,2.0,Újhegy,Panel lakás,Lépj kapcsolatba a hirdetővel,,Ingatlaniroda,2,
35532080,elado,https://ingatlan.com/35532080,"Eladó tégla lakás - Budapest X. kerület, Vaskő utca 5. #35532080",1101,"Budapest X. kerület, Vaskő utca 5.",Budapest,47.485106,19.121735,2.0,38.0,,HUF,51000000,nincs megadva,nincs megadva,nincs megadva,nincs megadva,nincs megadva,nincs megadva,nincs megadva,nincs megadva,nincs megadva,nincs megadva,nincs megadva,nincs megadva,nincs megadva,nincs megadva,nincs megadva,,nincs megadva,nincs megadva,nincs megadva,nincs megadva,nincs megadva,nincs megadva,,,,,,,,,38.0,51.0,1342105,nincs megadva,,,,,,,Nem ismert,270,Vaskő utca,5,,5,"Budapest X. kerület, Vaskő utca 5.",2,0,2.0,Laposdűlő,Tégla lakás,Lépj kapcsolatba a hirdetővel,,Ingatlaniroda,2,
35532185,elado,https://ingatlan.com/35532185,"Eladó tégla lakás - Budapest X. kerület, Salgótarjáni utca #35532185",1101,"Budapest X. kerület, Salgótarjáni utca",Budapest,,,2.0,38.0,1950.0,HUF,41900000,jó állapotú,1950 és 1980 között,összkomfortos,4,4,nincs,3 m-nél alacsonyabb,nincs megadva,nincs megadva,nincs megadva,kelet,nincs megadva,nincs megadva,nincs megadva,nincs megadva,,nincs megadva,11 790 Ft/hó,nincs megadva,nincs megadva,F,nincs megadva,,,,,,,,,38.0,41.9,1102632,4,4.0,4.0,,11790.0,,,1950-1979 (szocialista modern),1080,Salgótarjáni utca,,,,"Budapest X. kerület, Salgótarjáni utca",2,0,2.0,Laposdűlő,Tégla lakás,Lépj kapcsolatba a hirdetővel,,Ingatlaniroda,4,1968.0
35532370,elado,https://ingatlan.com/35532370,"Eladó tégla lakás - Budapest X. kerület, Tavas utca #35532370",1108,"Budapest X. kerület, Tavas utca",Budapest,,,2.0,49.0,,HUF,88888888,nincs megadva,nincs megadva,nincs megadva,nincs megadva,nincs megadva,nincs megadva,nincs megadva,nincs megadva,nincs megadva,nincs megadva,nincs megadva,nincs megadva,27 m2,nincs megadva,nincs megadva,,nincs megadva,nincs megadva,nincs megadva,nincs megadva,nincs megadva,nincs megadva,,,,,,,,,49.0,88.89,1814059,nincs megadva,,,27.0,,,,Nem ismert,736,Tavas utca,,,,"Budapest X. kerület, Tavas utca",2,0,2.0,Újhegy,Tégla lakás,Lépj kapcsolatba a hirdetővel,,Ingatlaniroda,2,
35532675,elado,https://ingatlan.com/35532675,"Eladó tégla lakás - Budapest X. kerület, Gyárdűlő #35532675",1107,"Budapest X. kerület, Gyárdűlő",Budapest,,,2.0,44.0,2023.0,HUF,82000000,újszerű,2023,összkomfortos,2,8,van,3 m-nél alacsonyabb,van,nincs megadva,egy helyiségben,délnyugat,kertre néz,5.15 m2,nincs megadva,teremgarázs hely,,nincs megadva,18 000 Ft/hó,"távfűtés egyedi méréssel, hűtő-fűtő klíma",nincs megadva,B,nincs megadva,,,,,,,,,44.0,82.0,1863636,2,2.0,8.0,5.15,18000.0,,2023.0,2020 után (új építésű),1828,Gyárdűlő,,,,"Budapest X. kerület, Gyárdűlő",2,0,2.0,Gyárdűlő,Tégla lakás,Lépj kapcsolatba a hirdetővel,,Ingatlaniroda,4,2023.0
35533186,elado,https://ingatlan.com/35533186,"Eladó tégla lakás - Budapest X. kerület, Laposdűlő #35533186",1101,"Budapest X. kerület, Laposdűlő",Budapest,,,2.0,50.0,1950.0,HUF,44900000,közepes állapotú,1950 és 1980 között,összkomfortos,földszint,3,nincs,3 m-nél alacsonyabb,nincs,nincs megadva,egy helyiségben,nincs megadva,utcai,nincs megadva,nem,"utca, közterület",,nincs megadva,13 000 Ft/hó,gáz (konvektor),nincs,nincs megadva,nem tetőtéri,,,,,,,,,50.0,44.9,898000,földszint,0.0,3.0,,13000.0,,,1950-1979 (szocialista modern),2008,Laposdűlő,,,,"Budapest X. kerület, Laposdűlő",2,0,2.0,Laposdűlő,Tégla lakás,Lépj kapcsolatba a hirdetővel,,Ingatlaniroda,4,1968.0
35533502,elado,https://ingatlan.com/35533502,"Eladó panel lakás - Budapest X. kerület, Lenfonó utca #35533502",1108,"Budapest X. kerület, Lenfonó utca",Budapest,,,2.0,50.0,,HUF,49900000,jó állapotú,nincs megadva,összkomfortos,6,10,van,nincs megadva,van,nincs megadva,külön helyiségben,nincs megadva,panorámás,3 m2,nem,"utca, közterület - ingyenes",,30 000 Ft/hó,17 000 Ft/hó,távfűtés,van,nincs megadva,nem tetőtéri,részt vett,,,,,,,,50.0,49.9,998000,6,6.0,10.0,3.0,17000.0,30000.0,,Nem ismert,579,Lenfonó utca,,,,"Budapest X. kerület, Lenfonó utca",2,0,2.0,Újhegy,Panel lakás,Lépj kapcsolatba a hirdetővel,,Ingatlaniroda,4,
35533593,elado,https://ingatlan.com/35533593,"Eladó tégla lakás - Budapest X. kerület, Liget tér #35533593",1102,"Budapest X. kerület, Liget tér",Budapest,,,1.0,43.0,1950.0,HUF,39999999,jó állapotú,1950 és 1980 között,összkomfortos,földszint,4,nincs megadva,3 m-nél alacsonyabb,nincs megadva,nincs megadva,nincs megadva,nyugat,kertre néz,nincs megadva,nincs megadva,nincs megadva,,nincs megadva,17 000 Ft/hó,gáz (konvektor),nincs megadva,nincs megadva,nincs megadva,,,,,,,,,43.0,40.0,930233,földszint,0.0,4.0,,17000.0,,,1950-1979 (szocialista modern),1204,Liget tér,,,,"Budapest X. kerület, Liget tér",1,0,1.0,Kőbánya-Városközpont,Tégla lakás,Lépj kapcsolatba a hirdetővel,,Ingatlaniroda,4,1968.0
35533817,elado,https://ingatlan.com/35533817,"Eladó tégla lakás - Budapest X. kerület, Gyárdűlő #35533817",1107,"Budapest X. kerület, Gyárdűlő",Budapest,,,2.0,44.0,2023.0,HUF,82000000,újszerű,2023,összkomfortos,2,7,van,3 m-nél alacsonyabb,van,nincs megadva,egy helyiségben,délnyugat,kertre néz,5 m2,nem,teremgarázs hely,,nincs megadva,18 084 Ft/hó,házközponti egyedi méréssel,van,B,nem tetőtéri,,,,,,,,,44.0,82.0,1863636,2,2.0,7.0,5.0,18084.0,,2023.0,2020 után (új építésű),2891,Gyárdűlő,,,,"Budapest X. kerület, Gyárdűlő",2,0,2.0,Gyárdűlő,Tégla lakás,Lépj kapcsolatba a hirdetővel,,Ingatlaniroda,4,2023.0
35534075,elado,https://ingatlan.com/35534075,"Eladó tégla lakás - Budapest X. kerület, Füzér utca #35534075",1102,"Budapest X. kerület, Füzér utca",Budapest,,,3.0,84.0,1940.0,HUF,109900000,felújított,1950 előtt,összkomfortos,1,3,nincs,3 m-nél magasabb,nincs megadva,nem,külön helyiségben,délnyugat,utcai,nincs megadva,nem,"utca, közterület - ingyenes",,20 000 Ft/hó,23 777 Ft/hó,gázkazán,nincs megadva,nincs megadva,nincs megadva,,,,,,,,,84.0,109.9,1308333,1,1.0,3.0,,23777.0,20000.0,,1950 előtt (klasszikus polgári/tégla),2311,Füzér utca,,,,"Budapest X. kerület, Füzér utca",3,0,3.0,Ligettelek,Tégla lakás,Lépj kapcsolatba a hirdetővel,,Ingatlaniroda,4,1930.0
35535237,elado,https://ingatlan.com/35535237,"Eladó tégla lakás - Budapest X. kerület, Kőbánya - Óhegyi lakótelep #35535237",1103,"Budapest X. kerület, Kőbánya - Óhegyi lakótelep",Budapest,,,2.0,41.0,1950.0,HUF,49900000,jó állapotú,1950 és 1980 között,nincs megadva,földszint,nincs megadva,nincs megadva,3 m-nél alacsonyabb,nincs megadva,nincs megadva,nincs megadva,délkelet,nincs megadva,nincs megadva,nincs megadva,nincs megadva,,nincs megadva,nincs megadva,gáz (konvektor),nincs megadva,nincs megadva,nem tetőtéri,,,,,,,,,41.0,49.9,1217073,földszint,0.0,,,,,,1950-1979 (szocialista modern),2633,Kőbánya - Óhegyi lakótelep,,,,"Budapest X. kerület, Kőbánya - Óhegyi lakótelep",2,0,2.0,Óhegy,Tégla lakás,Lépj kapcsolatba a hirdetővel,,Ingatlaniroda,4,1968.0
35535733,elado,https://ingatlan.com/35535733,"Eladó tégla lakás - Budapest X. kerület, Üllői út #35535733",1101,"Budapest X. kerület, Üllői út",Budapest,,,1.0,33.0,1950.0,HUF,45500000,felújítandó,1950 és 1980 között,összkomfortos,1,nincs megadva,nincs,3 m-nél alacsonyabb,nincs megadva,nincs megadva,nincs megadva,nincs megadva,udvari,nincs megadva,nincs megadva,udvari beálló,,nincs megadva,12 135 Ft/hó,gáz (konvektor),nincs megadva,nincs megadva,nem tetőtéri,,,,,,,,,33.0,45.5,1378788,1,1.0,,,12135.0,,,1950-1979 (szocialista modern),1107,Üllői út,,,,"Budapest X. kerület, Üllői út",1,0,1.0,Gyárdűlő,Tégla lakás,Lépj kapcsolatba a hirdetővel,,Ingatlaniroda,4,1968.0
35536430,elado,https://ingatlan.com/35536430,"Eladó panel lakás - Budapest X. kerület, Dombtető utca #35536430",1108,"Budapest X. kerület, Dombtető utca",Budapest,,,3.0,68.0,1981.0,HUF,64900000,felújítandó,1981 és 2000 között,összkomfortos,9,10,van,3 m-nél alacsonyabb,nincs,nem,külön helyiségben,délkelet,kertre néz,3 m2,nem,"utca, közterület - ingyenes",,nincs megadva,nincs megadva,távfűtés,van - 10 cm,C,nem tetőtéri,részt vett,,,,,,,,68.0,64.9,954412,9,9.0,10.0,3.0,,,,1980-1999 (késő panel/tégla),1651,Dombtető utca,,,,"Budapest X. kerület, Dombtető utca",3,0,3.0,Újhegy,Panel lakás,Lépj kapcsolatba a hirdetővel,,Ingatlaniroda,2,1988.0
35536755,elado,https://ingatlan.com/35536755,"Eladó tégla lakás - Budapest X. kerület, Salgótarjáni utca #35536755",1101,"Budapest X. kerület, Salgótarjáni utca",Budapest,,,2.0,49.0,1940.0,HUF,45900000,felújítandó,1950 előtt,összkomfortos,2,5,nincs,3 m-nél magasabb,nincs,nem,külön helyiségben,kelet,kertre néz,5 m2,nem,"utca, közterület - ingyenes",,25 000 Ft/hó,28 000 Ft/hó,gáz (konvektor),nincs,nincs megadva,nem tetőtéri,,,,,,,,,49.0,45.9,936735,2,2.0,5.0,5.0,28000.0,25000.0,,1950 előtt (klasszikus polgári/tégla),1540,Salgótarjáni utca,,,,"Budapest X. kerület, Salgótarjáni utca",2,0,2.0,Laposdűlő,Tégla lakás,Lépj kapcsolatba a hirdetővel,,Ingatlaniroda,4,1930.0
35537521,elado,https://ingatlan.com/35537521,"Eladó panel lakás - Budapest X. kerület, Harmat utca #35537521",1108,"Budapest X. kerület, Harmat utca",Budapest,,,2.0,49.0,1950.0,HUF,56900000,jó állapotú,1950 és 1980 között,összkomfortos,7,10,van,nincs megadva,nincs megadva,nincs megadva,külön helyiségben,délnyugat,utcai,3 m2,nincs megadva,nincs megadva,,17 000 Ft/hó,16 800 Ft/hó,távfűtés,nincs,nincs megadva,nincs megadva,nem vett részt,,,,,,,,49.0,56.9,1161224,7,7.0,10.0,3.0,16800.0,17000.0,,1950-1979 (szocialista modern),1194,Harmat utca,,,,"Budapest X. kerület, Harmat utca",2,0,2.0,Újhegy,Panel lakás,Lépj kapcsolatba a hirdetővel,,Magánszemély,4,1968.0
35537643,elado,https://ingatlan.com/35537643,"Eladó panel lakás - Budapest X. kerület, Dombtető utca #35537643",1108,"Budapest X. kerület, Dombtető utca",Budapest,,,3.0,68.0,1981.0,HUF,64900000,felújítandó,1981 és 2000 között,összkomfortos,9,10,van,3 m-nél alacsonyabb,nincs,nem,külön helyiségben,nincs megadva,panorámás,6 m2,nem,"utca, közterület - ingyenes",,nincs megadva,nincs megadva,távfűtés,van,nincs megadva,nem tetőtéri,részt vett,,,,,,,,68.0,64.9,954412,9,9.0,10.0,6.0,,,,1980-1999 (késő panel/tégla),269,Dombtető utca,,,,"Budapest X. kerület, Dombtető utca",3,0,3.0,Újhegy,Panel lakás,Lépj kapcsolatba a hirdetővel,,Ingatlaniroda,2,1988.0
35538467,elado,https://ingatlan.com/35538467,"Eladó panel lakás - Budapest X. kerület, Gőzmozdony utca #35538467",1108,"Budapest X. kerület, Gőzmozdony utca",Budapest,,,2.0,50.0,1950.0,HUF,52450000,felújítandó,1950 és 1980 között,összkomfortos,9,10,van,3 m-nél alacsonyabb,van,nincs megadva,külön helyiségben,nincs megadva,panorámás,2 m2,nincs megadva,"utca, közterület",,nincs megadva,nincs megadva,távfűtés,van - 15 cm,nincs megadva,nincs megadva,részt vett,,,,,,,,50.0,52.45,1049000,9,9.0,10.0,2.0,,,,1950-1979 (szocialista modern),823,Gőzmozdony utca,,,,"Budapest X. kerület, Gőzmozdony utca",2,0,2.0,Újhegy,Panel lakás,Lépj kapcsolatba a hirdetővel,,Ingatlaniroda,4,1968.0
35539014,elado,https://ingatlan.com/35539014,"Eladó tégla lakás - Budapest X. kerület, Kőrösi Csoma Sándor út #35539014",1102,"Budapest X. kerület, Kőrösi Csoma Sándor út",Budapest,,,2.0,86.0,2001.0,HUF,86900000,jó állapotú,2001 és 2010 között,összkomfortos,7,8,van,nincs megadva,van,nincs megadva,külön helyiségben,nincs megadva,utcai,nincs megadva,nem,teremgarázs hely - kötelező megvenni,6 MFt,nincs megadva,nincs megadva,nincs megadva,nincs megadva,nincs megadva,nincs megadva,,,,,,,,,86.0,86.9,1010465,7,7.0,8.0,,,,,2000-2019 (újszerű),859,Kőrösi Csoma Sándor út,,,,"Budapest X. kerület, Kőrösi Csoma Sándor út",2,0,2.0,Kőbánya-Városközpont,Tégla lakás,Lépj kapcsolatba a hirdetővel,,Ingatlaniroda,4,2005.0
35539524,elado,https://ingatlan.com/35539524,"Eladó tégla lakás - Budapest X. kerület, Gyárdűlő #35539524",1107,"Budapest X. kerület, Gyárdűlő",Budapest,,,1.0,39.0,1940.0,HUF,39900000,közepes állapotú,1950 előtt,összkomfortos,2,4,nincs,3 m-nél alacsonyabb,nincs megadva,nincs megadva,nincs megadva,délkelet,udvari,nincs megadva,nincs megadva,önálló garázs,,nincs megadva,13 260 Ft/hó,gázkazán,nincs megadva,D,nincs megadva,,,,,,,,,39.0,39.9,1023077,2,2.0,4.0,,13260.0,,,1950 előtt (klasszikus polgári/tégla),2132,Gyárdűlő,,,,"Budapest X. kerület, Gyárdűlő",1,0,1.0,Gyárdűlő,Tégla lakás,Lépj kapcsolatba a hirdetővel,,Ingatlaniroda,4,1930.0
35539775,elado,https://ingatlan.com/35539775,"Eladó tégla lakás - Budapest X. kerület, Maláta utca #35539775",1105,"Budapest X. kerület, Maláta utca",Budapest,,,1.0,25.0,,HUF,29900000,felújítandó,nincs megadva,nincs megadva,földszint,földszintes,nincs,nincs megadva,van,nincs megadva,egy helyiségben,nincs megadva,udvari,15 m2,nincs megadva,"utca, közterület",,25 000 Ft/hó,nincs megadva,"gáz (konvektor), hűtő-fűtő klíma",nincs,nincs megadva,nincs megadva,,,,,,,,,25.0,29.9,1196000,földszint,0.0,0.0,15.0,,25000.0,,Nem ismert,1003,Maláta utca,,25,25,"Budapest X. kerület, Maláta utca 25.",1,0,1.0,Óhegy,Tégla lakás,Lépj kapcsolatba a hirdetővel,,Ingatlaniroda,4,
35539825,elado,https://ingatlan.com/35539825,"Eladó tégla lakás - Budapest X. kerület, Tavas utca #35539825",1108,"Budapest X. kerület, Tavas utca",Budapest,,,3.0,66.0,2001.0,HUF,92000000,jó állapotú,2001 és 2010 között,összkomfortos,2,8,van,3 m-nél alacsonyabb,van,nem,egy helyiségben,kelet,kertre néz,7.5 m2,nem,"utca, közterület - ingyenes",,23 000 Ft/hó,18 500 Ft/hó,házközponti egyedi méréssel,van - 10 cm,B,nem tetőtéri,,,,,,,,,66.0,92.0,1393939,2,2.0,8.0,7.5,18500.0,23000.0,,2000-2019 (újszerű),4233,Tavas utca,,,,"Budapest X. kerület, Tavas utca",3,0,3.0,Újhegy,Tégla lakás,Lépj kapcsolatba a hirdetővel,,Ingatlaniroda,4,2005.0
35540220,elado,https://ingatlan.com/35540220,"Eladó tégla lakás - Budapest X. kerület, Harmat utca #35540220",1104,"Budapest X. kerület, Harmat utca",Budapest,,,1.0,40.0,,HUF,39900000,felújítandó,nincs megadva,komfortos,földszint,nincs megadva,nincs megadva,nincs megadva,nincs megadva,nincs megadva,egy helyiségben,nincs megadva,nincs megadva,nincs megadva,igen,nincs megadva,,nincs megadva,nincs megadva,gáz (konvektor),nincs megadva,G,nincs megadva,,,,,,,,,40.0,39.9,997500,földszint,0.0,,,,,,Nem ismert,1476,Harmat utca,,,,"Budapest X. kerület, Harmat utca",1,0,1.0,Óhegy,Tégla lakás,Lépj kapcsolatba a hirdetővel,,Ingatlaniroda,2,
35541332,elado,https://ingatlan.com/35541332,"Eladó panel lakás - Budapest X. kerület, Kápolna köz #35541332",1105,"Budapest X. kerület, Kápolna köz",Budapest,,,3.0,63.0,1950.0,HUF,75900000,jó állapotú,1950 és 1980 között,összkomfortos,2,7,van,3 m-nél alacsonyabb,nincs megadva,nincs megadva,külön helyiségben,délnyugat,utcai,nincs megadva,nincs megadva,"utca, közterület - ingyenes",,nincs megadva,16 000 Ft/hó,távfűtés,nincs megadva,nincs megadva,nincs megadva,nincs megadva,,,,,,,,63.0,75.9,1204762,2,2.0,7.0,,16000.0,,,1950-1979 (szocialista modern),2575,Kápolna köz,,,,"Budapest X. kerület, Kápolna köz",3,0,3.0,Kőbánya-Városközpont,Panel lakás,Lépj kapcsolatba a hirdetővel,,Ingatlaniroda,4,1968.0
35541351,elado,https://ingatlan.com/35541351,"Eladó panel lakás - Budapest X. kerület, Laposdűlő #35541351",1101,"Budapest X. kerület, Laposdűlő",Budapest,,,2.0,35.0,1950.0,HUF,46000000,felújított,1950 és 1980 között,összkomfortos,10,10,van,3 m-nél alacsonyabb,nincs megadva,nem,nincs megadva,nincs megadva,udvari,nincs megadva,nem,"utca, közterület",,nincs megadva,nincs megadva,házközponti,nincs megadva,nincs megadva,nem tetőtéri,nincs megadva,,,,,,,,35.0,46.0,1314286,10,10.0,10.0,,,,,1950-1979 (szocialista modern),2242,Laposdűlő,,,,"Budapest X. kerület, Laposdűlő",2,0,2.0,Laposdűlő,Panel lakás,Lépj kapcsolatba a hirdetővel,,Ingatlaniroda,4,1968.0
35541370,elado,https://ingatlan.com/35541370,"Eladó tégla lakás - Budapest X. kerület, Liget utca #35541370",1102,"Budapest X. kerület, Liget utca",Budapest,,,2.0,47.0,2001.0,HUF,69000000,újszerű,2001 és 2010 között,összkomfortos,1,nincs megadva,van,nincs megadva,van,nincs megadva,külön helyiségben,nincs megadva,utcai,5 m2,nincs megadva,teremgarázs hely - kötelező megvenni,4 MFt,nincs megadva,21 000 Ft/hó,házközponti egyedi méréssel,nincs megadva,C,nem tetőtéri,,,,,,,,,47.0,69.0,1468085,1,1.0,,5.0,21000.0,,,2000-2019 (újszerű),521,Liget utca,,,,"Budapest X. kerület, Liget utca",2,0,2.0,Kőbánya-Városközpont,Tégla lakás,Lépj kapcsolatba a hirdetővel,,Ingatlaniroda,2,2005.0
35542200,elado,https://ingatlan.com/35542200,"Eladó panel lakás - Budapest X. kerület, Kőbánya - Újhegyi lakótelep #35542200",1108,"Budapest X. kerület, Kőbánya - Újhegyi lakótelep",Budapest,,,2.0,49.0,1950.0,HUF,53000000,jó állapotú,1950 és 1980 között,összkomfortos,földszint,10,van,3 m-nél alacsonyabb,van,nincs megadva,külön helyiségben,délnyugat,kertre néz,3 m2,nincs megadva,"utca, közterület - ingyenes",,nincs megadva,15 000 Ft/hó,távfűtés,nincs megadva,nincs megadva,nincs megadva,nincs megadva,,,,,,,,49.0,53.0,1081633,földszint,0.0,10.0,3.0,15000.0,,,1950-1979 (szocialista modern),1949,Kőbánya - Újhegyi lakótelep,,,,"Budapest X. kerület, Kőbánya - Újhegyi lakótelep",2,0,2.0,Újhegy,Panel lakás,Lépj kapcsolatba a hirdetővel,,Ingatlaniroda,4,1968.0
35542312,elado,https://ingatlan.com/35542312,"Eladó tégla lakás - Budapest X. kerület, Szárnyas utca 12. #35542312",1107,"Budapest X. kerület, Szárnyas utca 12.",Budapest,47.468863,19.119046,2.0,29.0,,HUF,44200000,nincs megadva,nincs megadva,nincs megadva,nincs megadva,nincs megadva,nincs megadva,nincs megadva,nincs megadva,nincs megadva,nincs megadva,nincs megadva,nincs megadva,nincs megadva,nincs megadva,nincs megadva,,nincs megadva,nincs megadva,nincs megadva,nincs megadva,nincs megadva,nincs megadva,,,,,,,,,29.0,44.2,1524138,nincs megadva,,,,,,,Nem ismert,556,Szárnyas utca,12,,12,"Budapest X. kerület, Szárnyas utca 12.",2,0,2.0,Gyárdűlő,Tégla lakás,Lépj kapcsolatba a hirdetővel,,Ingatlaniroda,2,
35542316,elado,https://ingatlan.com/35542316,"Eladó tégla lakás - Budapest X. kerület, Szárnyas utca 12. #35542316",1107,"Budapest X. kerület, Szárnyas utca 12.",Budapest,47.468863,19.119046,2.0,29.0,,HUF,44200000,jó állapotú,nincs megadva,nincs megadva,3,3,nincs,3 m-nél alacsonyabb,nincs megadva,nincs megadva,egy helyiségben,nincs megadva,utcai,nincs megadva,nincs megadva,"utca, közterület",,nincs megadva,nincs megadva,gázkazán,nincs megadva,nincs megadva,nincs megadva,,,,,,,,,29.0,44.2,1524138,3,3.0,3.0,,,,,Nem ismert,581,Szárnyas utca,12,,12,"Budapest X. kerület, Szárnyas utca 12.",2,0,2.0,Gyárdűlő,Tégla lakás,Lépj kapcsolatba a hirdetővel,,Ingatlaniroda,2,
35542493,elado,https://ingatlan.com/35542493,"Eladó tégla lakás - Budapest X. kerület, Hatház utca #35542493",1106,"Budapest X. kerület, Hatház utca",Budapest,,,1.0,32.0,1940.0,HUF,43900000,felújítandó,1950 előtt,komfortos,1,5,nincs,3 m-nél alacsonyabb,nincs,nem,külön helyiségben,kelet,nincs megadva,nincs megadva,nem,"utca, közterület - fizetős övezet",,nincs megadva,nincs megadva,gáz (konvektor),nincs,nincs megadva,nem tetőtéri,,,,,,,,,32.0,43.9,1371875,1,1.0,5.0,,,,,1950 előtt (klasszikus polgári/tégla),2341,Hatház utca,,,,"Budapest X. kerület, Hatház utca",1,0,1.0,Felsőrákos,Tégla lakás,Lépj kapcsolatba a hirdetővel,,Ingatlaniroda,2,1930.0
35543325,elado,https://ingatlan.com/35543325,"Eladó tégla lakás - Budapest X. kerület, Bánya utca #35543325",1102,"Budapest X. kerület, Bánya utca",Budapest,,,2.0,34.0,,HUF,52000000,nincs megadva,nincs megadva,nincs megadva,nincs megadva,földszintes,nincs,3 m-nél magasabb,van,nincs megadva,nincs megadva,nincs megadva,udvari,nincs megadva,nincs megadva,udvari beálló,,nincs megadva,14 000 Ft/hó,gáz (konvektor),nincs megadva,nincs megadva,nincs megadva,,,,,,,,,34.0,52.0,1529412,nincs megadva,,0.0,,14000.0,,,Nem ismert,194,Bánya utca,,,,"Budapest X. kerület, Bánya utca",2,0,2.0,Ligettelek,Tégla lakás,Lépj kapcsolatba a hirdetővel,,Ingatlaniroda,2,
35543339,elado,https://ingatlan.com/35543339,"Eladó tégla lakás - Budapest X. kerület, Kőrösi Csoma sétány #35543339",1102,"Budapest X. kerület, Kőrösi Csoma sétány",Budapest,,,2.0,54.0,1950.0,HUF,56900000,felújítandó,1950 és 1980 között,összkomfortos,3,3,nincs,3 m-nél alacsonyabb,nincs megadva,nincs megadva,egy helyiségben,dél,utcai,5 m2,nincs megadva,"utca, közterület - ingyenes",,nincs megadva,19 180 Ft/hó,távfűtés,nincs megadva,B,nem tetőtéri,,,,,,,,,54.0,56.9,1053704,3,3.0,3.0,5.0,19180.0,,,1950-1979 (szocialista modern),2775,Kőrösi Csoma sétány,,,,"Budapest X. kerület, Kőrösi Csoma sétány",2,0,2.0,Kőbánya-Városközpont,Tégla lakás,Lépj kapcsolatba a hirdetővel,,Ingatlaniroda,4,1968.0
35543501,elado,https://ingatlan.com/35543501,"Eladó tégla lakás - Budapest X. kerület, Petrőczy utca #35543501",1103,"Budapest X. kerület, Petrőczy utca",Budapest,,,4.0,77.0,1950.0,HUF,89900000,jó állapotú,1950 és 1980 között,összkomfortos,földszint,2,nincs megadva,3 m-nél alacsonyabb,van,igen,külön és egyben is,délnyugat,kertre néz,8 m2,igen,önálló garázs - benne van az árban,,45 000 Ft/hó,nincs megadva,"gázkazán, padlófűtés, hűtő-fűtő klíma",van - 10 cm,nincs megadva,nem tetőtéri,,,,,,,,,77.0,89.9,1167532,földszint,0.0,2.0,8.0,,45000.0,,1950-1979 (szocialista modern),2898,Petrőczy utca,,,,"Budapest X. kerület, Petrőczy utca",4,0,4.0,Óhegy,Tégla lakás,Lépj kapcsolatba a hirdetővel,,Ingatlaniroda,4,1968.0
35543739,elado,https://ingatlan.com/35543739,"Eladó tégla lakás - Budapest X. kerület, Ihász utca #35543739",1103,"Budapest X. kerület, Ihász utca",Budapest,,,1.0,52.0,,HUF,68500000,jó állapotú,nincs megadva,nincs megadva,1,3,nincs,nincs megadva,van,nincs megadva,egy helyiségben,nincs megadva,nincs megadva,4 m2,nincs megadva,nincs megadva,,35 000 Ft/hó,nincs megadva,nincs megadva,nincs megadva,nincs megadva,nincs megadva,,,,,,,,,52.0,68.5,1317308,1,1.0,3.0,4.0,,35000.0,,Nem ismert,1344,Ihász utca,,,,"Budapest X. kerület, Ihász utca",1,0,1.0,Óhegy,Tégla lakás,Lépj kapcsolatba a hirdetővel,,Ingatlaniroda,4,
35543823,elado,https://ingatlan.com/35543823,"Eladó tégla lakás - Budapest X. kerület, Kőbánya - Óhegy #35543823",1103,"Budapest X. kerület, Kőbánya - Óhegy",Budapest,,,2.0,56.0,2001.0,HUF,59900000,jó állapotú,2001 és 2010 között,összkomfortos,3,nincs megadva,nincs,3 m-nél alacsonyabb,nincs,nem,külön helyiségben,nyugat,kertre néz,nincs megadva,nem,udvari beálló - kötelező megvenni,5 MFt,nincs megadva,16 000 Ft/hó,gázkazán,van - 10 cm,C,zárószint,,,,,,,,,56.0,59.9,1069643,3,3.0,,,16000.0,,,2000-2019 (újszerű),3122,Kőbánya - Óhegy,,,,"Budapest X. kerület, Kőbánya - Óhegy",2,0,2.0,Óhegy,Tégla lakás,Lépj kapcsolatba a hirdetővel,,Ingatlaniroda,4,2005.0
35544047,elado,https://ingatlan.com/35544047,"Eladó panel lakás - Budapest X. kerület, Kőbánya - Újhegyi lakótelep #35544047",1108,"Budapest X. kerület, Kőbánya - Újhegyi lakótelep",Budapest,,,2.0,49.0,1950.0,HUF,53000000,közepes állapotú,1950 és 1980 között,összkomfortos,földszint,10,van,3 m-nél alacsonyabb,nincs,igen,külön helyiségben,délnyugat,utcai,3 m2,nem,"utca, közterület - ingyenes",,14 000 Ft/hó,15 300 Ft/hó,távfűtés,nincs,nincs megadva,tetőtéri,nem vett részt,,,,,,,,49.0,53.0,1081633,földszint,0.0,10.0,3.0,15300.0,14000.0,,1950-1979 (szocialista modern),2517,Kőbánya - Újhegyi lakótelep,,,,"Budapest X. kerület, Kőbánya - Újhegyi lakótelep",2,0,2.0,Újhegy,Panel lakás,Lépj kapcsolatba a hirdetővel,,Ingatlaniroda,4,1968.0
35544439,elado,https://ingatlan.com/35544439,"Eladó panel lakás - Budapest X. kerület, Lenfonó utca #35544439",1108,"Budapest X. kerület, Lenfonó utca",Budapest,,,2.0,50.0,1950.0,HUF,49900000,közepes állapotú,1950 és 1980 között,összkomfortos,6,10,van,3 m-nél alacsonyabb,van,nincs megadva,külön helyiségben,délnyugat,kertre néz,3 m2,nem,"utca, közterület - ingyenes",,nincs megadva,13 500 Ft/hó,távfűtés,van - 5 cm,nincs megadva,nem tetőtéri,részt vett,,,,,,,,50.0,49.9,998000,6,6.0,10.0,3.0,13500.0,,,1950-1979 (szocialista modern),1470,Lenfonó utca,,,,"Budapest X. kerület, Lenfonó utca",2,0,2.0,Újhegy,Panel lakás,Lépj kapcsolatba a hirdetővel,,Ingatlaniroda,4,1968.0
35544676,elado,https://ingatlan.com/35544676,"Eladó panel lakás - Budapest X. kerület, Noszlopy utca #35544676",1103,"Budapest X. kerület, Noszlopy utca",Budapest,,,4.0,59.0,1981.0,HUF,69900000,jó állapotú,1981 és 2000 között,összkomfortos,4,4,nincs,3 m-nél alacsonyabb,van,nem,külön helyiségben,kelet,panorámás,nincs megadva,nem,"utca, közterület - ingyenes",,nincs megadva,17 110 Ft/hó,"távfűtés egyedi méréssel, hűtő-fűtő klíma",nincs,nincs megadva,"legfelső emelet, nem tetőtéri",nem vett részt,,,,,,,,59.0,69.9,1184746,4,4.0,4.0,,17110.0,,,1980-1999 (késő panel/tégla),2010,Noszlopy utca,,4,4,"Budapest X. kerület, Noszlopy utca 4.",4,0,4.0,Óhegy,Panel lakás,Lépj kapcsolatba a hirdetővel,,Ingatlaniroda,4,1988.0
35545314,elado,https://ingatlan.com/35545314,"Eladó tégla lakás - Budapest X. kerület, Maglódi út #35545314",1106,"Budapest X. kerület, Maglódi út",Budapest,,,2.0,52.0,,HUF,59900000,nincs megadva,nincs megadva,összkomfortos,földszint,földszintes,nincs megadva,nincs megadva,nincs,nincs megadva,egy helyiségben,nincs megadva,kertre néz,nincs megadva,igen,udvari beálló,,nincs megadva,nincs megadva,gázkazán,nincs megadva,nincs megadva,nincs megadva,,,,,,,,,52.0,59.9,1151923,földszint,0.0,0.0,,,,,Nem ismert,895,Maglódi út,,,,"Budapest X. kerület, Maglódi út",2,0,2.0,Óhegy,Tégla lakás,Lépj kapcsolatba a hirdetővel,,Ingatlaniroda,2,
35545689,elado,https://ingatlan.com/35545689,"Eladó tégla lakás - Budapest X. kerület, Kőbánya-Városközpont #35545689",1105,"Budapest X. kerület, Kőbánya-Városközpont",Budapest,,,4.0,76.0,1940.0,HUF,99990000,felújított,1950 előtt,duplakomfortos,3,4,nincs,3 m-nél magasabb,van,nem,külön és egyben is,dél,kertre néz,3 m2,nem,"utca, közterület - ingyenes",,nincs megadva,21 000 Ft/hó,"hűtő-fűtő klíma, padlófűtés, elektromos kazán",nincs megadva,nincs megadva,"legfelső emelet, nem tetőtéri",,,,,,,,,76.0,99.99,1315658,3,3.0,4.0,3.0,21000.0,,,1950 előtt (klasszikus polgári/tégla),2757,Kőbánya-Városközpont,,,,"Budapest X. kerület, Kőbánya-Városközpont",4,0,4.0,Kőbánya-Városközpont,Tégla lakás,Lépj kapcsolatba a hirdetővel,,Ingatlaniroda,4,1930.0
35545756,elado,https://ingatlan.com/35545756,"Eladó tégla lakás - Budapest X. kerület, Kőbánya - Óhegy #35545756",1103,"Budapest X. kerület, Kőbánya - Óhegy",Budapest,,,2.0,49.0,1940.0,HUF,62900000,felújított,1950 előtt,összkomfortos,félemelet,3,nincs,3 m-nél alacsonyabb,van,nem,egy helyiségben,északnyugat,udvari,nincs megadva,nem,udvari beálló - benne van az árban,,nincs megadva,15 000 Ft/hó,gázkazán,nincs megadva,F,nem tetőtéri,,,,,,,,,49.0,62.9,1283673,félemelet,0.5,3.0,,15000.0,,,1950 előtt (klasszikus polgári/tégla),2785,Kőbánya - Óhegy,,,,"Budapest X. kerület, Kőbánya - Óhegy",2,0,2.0,Óhegy,Tégla lakás,Lépj kapcsolatba a hirdetővel,,Ingatlaniroda,4,1930.0
35545800,elado,https://ingatlan.com/35545800,"Eladó tégla lakás - Budapest X. kerület, Kelemen utca 26. #35545800",1103,"Budapest X. kerület, Kelemen utca 26.",Budapest,47.479572,19.137317,1.0,38.0,1950.0,HUF,45900000,jó állapotú,1950 és 1980 között,összkomfortos,földszint,földszintes,nincs,3 m-nél magasabb,van,igen,külön helyiségben,nincs megadva,kertre néz,8.5 m2,igen,"utca, közterület - ingyenes",,25 000 Ft/hó,nincs megadva,"gáz (konvektor), hűtő-fűtő klíma",nincs,E,nincs megadva,,,,,,,,,38.0,45.9,1207895,földszint,0.0,0.0,8.5,,25000.0,,1950-1979 (szocialista modern),1685,Kelemen utca,26,,26,"Budapest X. kerület, Kelemen utca 26.",1,0,1.0,Óhegy,Tégla lakás,Lépj kapcsolatba a hirdetővel,,Ingatlaniroda,4,1968.0
35545908,elado,https://ingatlan.com/35545908,"Eladó panel lakás - Budapest X. kerület, Kőbánya - Újhegyi lakótelep #35545908",1108,"Budapest X. kerület, Kőbánya - Újhegyi lakótelep",Budapest,,,2.0,49.0,1950.0,HUF,53000000,jó állapotú,1950 és 1980 között,összkomfortos,földszint,nincs megadva,van,nincs megadva,nincs megadva,nincs megadva,nincs megadva,nincs megadva,kertre néz,nincs megadva,nincs megadva,nincs megadva,,nincs megadva,15 000 Ft/hó,távfűtés,nincs megadva,nincs megadva,nem tetőtéri,nincs megadva,,,,,,,,49.0,53.0,1081633,földszint,0.0,,,15000.0,,,1950-1979 (szocialista modern),2093,Kőbánya - Újhegyi lakótelep,,,,"Budapest X. kerület, Kőbánya - Újhegyi lakótelep",2,0,2.0,Újhegy,Panel lakás,Lépj kapcsolatba a hirdetővel,,Ingatlaniroda,4,1968.0
35545922,elado,https://ingatlan.com/35545922,"Eladó panel lakás - Budapest X. kerület, Gyakorló köz #35545922",1106,"Budapest X. kerület, Gyakorló köz",Budapest,,,3.0,60.0,,HUF,72000000,nincs megadva,nincs megadva,nincs megadva,nincs megadva,nincs megadva,nincs megadva,nincs megadva,nincs megadva,nincs megadva,nincs megadva,nincs megadva,nincs megadva,4 m2,nincs megadva,nincs megadva,,nincs megadva,nincs megadva,nincs megadva,nincs megadva,nincs megadva,nincs megadva,nincs megadva,,,,,,,,60.0,72.0,1200000,nincs megadva,,,4.0,,,,Nem ismert,248,Gyakorló köz,,,,"Budapest X. kerület, Gyakorló köz",3,0,3.0,Felsőrákos,Panel lakás,Lépj kapcsolatba a hirdetővel,,Ingatlaniroda,2,
35545976,elado,https://ingatlan.com/35545976,"Eladó panel lakás - Budapest X. kerület, Mádi utca #35545976",1105,"Budapest X. kerület, Mádi utca",Budapest,,,2.0,53.0,1950.0,HUF,56798000,jó állapotú,1950 és 1980 között,összkomfortos,5,10,van,3 m-nél alacsonyabb,van,igen,külön helyiségben,délkelet,utcai,3 m2,nem,"utca, közterület - ingyenes",,18 000 Ft/hó,17 500 Ft/hó,távfűtés,nincs,nincs megadva,nem tetőtéri,nem vett részt,,,,,,,,53.0,56.8,1071660,5,5.0,10.0,3.0,17500.0,18000.0,,1950-1979 (szocialista modern),1153,Mádi utca,,10,10,"Budapest X. kerület, Mádi utca 10.",2,0,2.0,Óhegy,Panel lakás,Lépj kapcsolatba a hirdetővel,,Ingatlaniroda,4,1968.0
35546104,elado,https://ingatlan.com/35546104,"Eladó panel lakás - Budapest X. kerület, Ónodi utca 13. #35546104",1102,"Budapest X. kerület, Ónodi utca 13.",Budapest,47.48883,19.134493,2.0,56.0,,HUF,66990000,jó állapotú,nincs megadva,nincs megadva,7,9,van,nincs megadva,van,nincs megadva,egy helyiségben,délnyugat,panorámás,4 m2,nincs megadva,"utca, közterület - ingyenes",,nincs megadva,nincs megadva,nincs megadva,nincs megadva,nincs megadva,nincs megadva,nincs megadva,,,,,,,,56.0,66.99,1196250,7,7.0,9.0,4.0,,,,Nem ismert,4358,Ónodi utca,13,,13,"Budapest X. kerület, Ónodi utca 13.",2,0,2.0,Kőbánya-Városközpont,Panel lakás,Lépj kapcsolatba a hirdetővel,,Ingatlaniroda,4,
35546177,elado,https://ingatlan.com/35546177,"Eladó tégla lakás - Budapest X. kerület, Kőbánya - Óhegy #35546177",1103,"Budapest X. kerület, Kőbánya - Óhegy",Budapest,,,1.0,32.0,1950.0,HUF,47900000,jó állapotú,1950 és 1980 között,nincs megadva,földszint,nincs megadva,nincs megadva,3 m-nél magasabb,nincs megadva,nincs megadva,nincs megadva,délnyugat,kertre néz,nincs megadva,nincs megadva,nincs megadva,,nincs megadva,nincs megadva,egyéb,nincs megadva,nincs megadva,nem tetőtéri,,,,,,,,,32.0,47.9,1496875,földszint,0.0,,,,,,1950-1979 (szocialista modern),807,Kőbánya - Óhegy,,,,"Budapest X. kerület, Kőbánya - Óhegy",1,0,1.0,Óhegy,Tégla lakás,Lépj kapcsolatba a hirdetővel,,Ingatlaniroda,4,1968.0
35546378,elado,https://ingatlan.com/35546378,"Eladó csúsztatott zsalus - Budapest X. kerület, Kápolna utca 9. #35546378",1102,"Budapest X. kerület, Kápolna utca 9.",Budapest,47.481698,19.130126,1.0,38.0,1950.0,HUF,46500000,jó állapotú,1950 és 1980 között,összkomfortos,7,7,van,3 m-nél alacsonyabb,van,igen,egy helyiségben,délkelet,utcai,nincs megadva,nem,"utca, közterület - ingyenes",,25 000 Ft/hó,13 642 Ft/hó,távfűtés,nincs megadva,E,,,,,,,,,,38.0,46.5,1223684,7,7.0,7.0,,13642.0,25000.0,,1950-1979 (szocialista modern),1643,Kápolna utca,9,9,9,"Budapest X. kerület, Kápolna utca 9.",1,0,1.0,Kőbánya-Városközpont,Csúsztatott zsalus lakás,Lépj kapcsolatba a hirdetővel,,Ingatlaniroda,2,1968.0
35546440,elado,https://ingatlan.com/35546440,"Eladó panel lakás - Budapest X. kerület, Dombtető utca #35546440",1108,"Budapest X. kerület, Dombtető utca",Budapest,,,3.0,65.0,,HUF,68000000,közepes állapotú,nincs megadva,nincs megadva,10,10,van,nincs megadva,nincs megadva,nincs megadva,nincs megadva,nincs megadva,utcai,4 m2,nincs megadva,nincs megadva,,nincs megadva,nincs megadva,távfűtés,nincs megadva,nincs megadva,nincs megadva,nincs megadva,,,,,,,,65.0,68.0,1046154,10,10.0,10.0,4.0,,,,Nem ismert,2279,Dombtető utca,,,,"Budapest X. kerület, Dombtető utca",3,0,3.0,Újhegy,Panel lakás,Lépj kapcsolatba a hirdetővel,,Ingatlaniroda,4,
35547066,elado,https://ingatlan.com/35547066,"Eladó tégla lakás - Budapest X. kerület, Gyömrői út #35547066",1103,"Budapest X. kerület, Gyömrői út",Budapest,,,2.0,42.0,1950.0,HUF,55000000,felújított,1950 és 1980 között,komfortos,földszint,földszintes,nincs,3 m-nél alacsonyabb,van,igen,egy helyiségben,nincs megadva,udvari,4 m2,nem,udvari beálló - benne van az árban,,nincs megadva,8 000 Ft/hó,hűtő-fűtő klíma,nincs megadva,nincs megadva,nem tetőtéri,,,,,,,,,42.0,55.0,1309524,földszint,0.0,0.0,4.0,8000.0,,,1950-1979 (szocialista modern),991,Gyömrői út,,42,42,"Budapest X. kerület, Gyömrői út 42.",2,0,2.0,Óhegy,Tégla lakás,Lépj kapcsolatba a hirdetővel,,Ingatlaniroda,2,1968.0
35547086,elado,https://ingatlan.com/35547086,"Eladó tégla lakás - Budapest X. kerület, Kőbánya - Óhegy #35547086",1103,"Budapest X. kerület, Kőbánya - Óhegy",Budapest,,,2.0,49.0,1950.0,HUF,59900000,jó állapotú,1950 és 1980 között,összkomfortos,3,3,nincs,3 m-nél alacsonyabb,van,nincs megadva,külön helyiségben,délkelet,panorámás,nincs megadva,nincs megadva,udvari beálló,,nincs megadva,20 000 Ft/hó,gáz (konvektor),nincs megadva,nincs megadva,nincs megadva,,,,,,,,,49.0,59.9,1222449,3,3.0,3.0,,20000.0,,,1950-1979 (szocialista modern),1009,Kőbánya - Óhegy,,,,"Budapest X. kerület, Kőbánya - Óhegy",2,0,2.0,Óhegy,Tégla lakás,Lépj kapcsolatba a hirdetővel,,Ingatlaniroda,4,1968.0
35547469,elado,https://ingatlan.com/35547469,"Eladó tégla lakás - Budapest X. kerület, Kőbánya - Óhegy #35547469",1103,"Budapest X. kerület, Kőbánya - Óhegy",Budapest,,,2.0,47.0,,HUF,59990000,jó állapotú,nincs megadva,nincs megadva,3,nincs megadva,nincs,nincs megadva,van,nincs megadva,egy helyiségben,délnyugat,nincs megadva,1.7 m2,nincs megadva,"utca, közterület - ingyenes",,nincs megadva,nincs megadva,gázkazán,nincs,nincs megadva,nem tetőtéri,,,,,,,,,47.0,59.99,1276383,3,3.0,,1.7,,,,Nem ismert,3120,Kőbánya - Óhegy,,,,"Budapest X. kerület, Kőbánya - Óhegy",2,0,2.0,Óhegy,Tégla lakás,Lépj kapcsolatba a hirdetővel,,Ingatlaniroda,4,
35547717,elado,https://ingatlan.com/35547717,"Eladó panel lakás - Budapest X. kerület, Gőzmozdony utca #35547717",1108,"Budapest X. kerület, Gőzmozdony utca",Budapest,,,2.0,51.0,,HUF,69900000,felújított,nincs megadva,összkomfortos,7,10,van,nincs megadva,van,nincs megadva,külön helyiségben,északnyugat,panorámás,2 m2,nincs megadva,"utca, közterület - ingyenes",,15 000 Ft/hó,19 000 Ft/hó,távfűtés,van,nincs megadva,nincs megadva,részt vett,,,,,,,,51.0,69.9,1370588,7,7.0,10.0,2.0,19000.0,15000.0,,Nem ismert,1530,Gőzmozdony utca,,,,"Budapest X. kerület, Gőzmozdony utca",2,0,2.0,Újhegy,Panel lakás,Lépj kapcsolatba a hirdetővel,,Ingatlaniroda,4,
35547815,elado,https://ingatlan.com/35547815,"Eladó panel lakás - Budapest X. kerület, Kőbánya - Újhegyi lakótelep #35547815",1108,"Budapest X. kerület, Kőbánya - Újhegyi lakótelep",Budapest,,,3.0,68.0,1950.0,HUF,65000000,közepes állapotú,1950 és 1980 között,nincs megadva,6,nincs megadva,nincs megadva,nincs megadva,nincs megadva,nincs megadva,külön helyiségben,nincs megadva,nincs megadva,3 m2,nincs megadva,nincs megadva,,nincs megadva,nincs megadva,távfűtés,nincs megadva,nincs megadva,nincs megadva,nincs megadva,,,,,,,,68.0,65.0,955882,6,6.0,,3.0,,,,1950-1979 (szocialista modern),1669,Kőbánya - Újhegyi lakótelep,,,,"Budapest X. kerület, Kőbánya - Újhegyi lakótelep",3,0,3.0,Újhegy,Panel lakás,Lépj kapcsolatba a hirdetővel,,Ingatlaniroda,4,1968.0
35547833,elado,https://ingatlan.com/35547833,"Eladó tégla lakás - Budapest X. kerület, Gyárdűlő #35547833",1107,"Budapest X. kerület, Gyárdűlő",Budapest,,,3.0,71.0,2023.0,HUF,141900000,újszerű,2023,nincs megadva,7,nincs megadva,nincs megadva,nincs megadva,nincs megadva,nincs megadva,külön helyiségben,nincs megadva,nincs megadva,11.19 m2,nincs megadva,teremgarázs hely - megvásárolható,8 MFt,nincs megadva,nincs megadva,házközponti egyedi méréssel,nincs megadva,nincs megadva,nincs megadva,,,,,,,,,71.0,141.9,1998592,7,7.0,,11.19,,,2023.0,2020 után (új építésű),1934,Gyárdűlő,,,,"Budapest X. kerület, Gyárdűlő",3,0,3.0,Gyárdűlő,Tégla lakás,Lépj kapcsolatba a hirdetővel,,Ingatlaniroda,4,2023.0
35548375,elado,https://ingatlan.com/35548375,"Eladó tégla lakás - Budapest X. kerület, Ceglédi út 11. #35548375",1107,"Budapest X. kerület, Ceglédi út 11.",Budapest,47.4728,19.1211,3.0,61.0,2028.0,HUF,95010000,új építésű,2028,összkomfortos,földszint,7,van,nincs megadva,nincs megadva,nem,külön és egyben is,nyugat,udvari,12.36 m2,nem,teremgarázs hely - megvásárolható,"5,20 MFt",nincs megadva,nincs megadva,hőszivattyú,van - 10 cm,A+,nem tetőtéri,,,,,,,,,61.0,95.01,1557541,földszint,0.0,7.0,12.36,,,2028.0,2020 után (új építésű),716,Ceglédi út,11,11,11,"Budapest X. kerület, Ceglédi út 11.",3,0,3.0,Gyárdűlő,Tégla lakás,Lépj kapcsolatba a hirdetővel,,Ingatlaniroda,4,2028.0
35548388,elado,https://ingatlan.com/35548388,"Eladó tégla lakás - Budapest X. kerület, Ceglédi út 11. #35548388",1107,"Budapest X. kerület, Ceglédi út 11.",Budapest,47.4728,19.1211,3.0,65.0,2028.0,HUF,97630000,új építésű,2028,összkomfortos,2,7,van,nincs megadva,nincs megadva,nem,külön helyiségben,kelet,udvari,9.02 m2,nem,teremgarázs hely - megvásárolható,"5,20 MFt",nincs megadva,nincs megadva,hőszivattyú,van - 10 cm,A+,nincs megadva,,,,,,,,,65.0,97.63,1502000,2,2.0,7.0,9.02,,,2028.0,2020 után (új építésű),716,Ceglédi út,11,11,11,"Budapest X. kerület, Ceglédi út 11.",3,0,3.0,Gyárdűlő,Tégla lakás,Lépj kapcsolatba a hirdetővel,,Ingatlaniroda,4,2028.0
35548389,elado,https://ingatlan.com/35548389,"Eladó tégla lakás - Budapest X. kerület, Ceglédi út 11. #35548389",1107,"Budapest X. kerület, Ceglédi út 11.",Budapest,47.4728,19.1211,3.0,65.0,2028.0,HUF,97630000,új építésű,2028,duplakomfortos,3,7,van,nincs megadva,nincs megadva,nem,külön helyiségben,kelet,udvari,9.02 m2,nem,teremgarázs hely - megvásárolható,"5,20 MFt",nincs megadva,nincs megadva,hőszivattyú,van - 10 cm,A+,nincs megadva,,,,,,,,,65.0,97.63,1502000,3,3.0,7.0,9.02,,,2028.0,2020 után (új építésű),716,Ceglédi út,11,11,11,"Budapest X. kerület, Ceglédi út 11.",3,0,3.0,Gyárdűlő,Tégla lakás,Lépj kapcsolatba a hirdetővel,,Ingatlaniroda,4,2028.0
35548391,elado,https://ingatlan.com/35548391,"Eladó tégla lakás - Budapest X. kerület, Ceglédi út 11. #35548391",1107,"Budapest X. kerület, Ceglédi út 11.",Budapest,47.4728,19.1211,3.0,65.0,2028.0,HUF,97630000,új építésű,2028,duplakomfortos,4,7,van,nincs megadva,nincs megadva,nem,külön helyiségben,kelet,udvari,9.02 m2,nem,teremgarázs hely - megvásárolható,"5,20 MFt",nincs megadva,nincs megadva,hőszivattyú,van - 10 cm,A+,nincs megadva,,,,,,,,,65.0,97.63,1502000,4,4.0,7.0,9.02,,,2028.0,2020 után (új építésű),716,Ceglédi út,11,11,11,"Budapest X. kerület, Ceglédi út 11.",3,0,3.0,Gyárdűlő,Tégla lakás,Lépj kapcsolatba a hirdetővel,,Ingatlaniroda,4,2028.0
35548392,elado,https://ingatlan.com/35548392,"Eladó tégla lakás - Budapest X. kerület, Ceglédi út 11. #35548392",1107,"Budapest X. kerület, Ceglédi út 11.",Budapest,47.4728,19.1211,3.0,65.0,2028.0,HUF,97630000,új építésű,2028,összkomfortos,5,7,van,nincs megadva,nincs megadva,nem,külön helyiségben,kelet,udvari,9.02 m2,nem,teremgarázs hely - megvásárolható,"5,20 MFt",nincs megadva,nincs megadva,hőszivattyú,van - 10 cm,A+,nincs megadva,,,,,,,,,65.0,97.63,1502000,5,5.0,7.0,9.02,,,2028.0,2020 után (új építésű),716,Ceglédi út,11,11,11,"Budapest X. kerület, Ceglédi út 11.",3,0,3.0,Gyárdűlő,Tégla lakás,Lépj kapcsolatba a hirdetővel,,Ingatlaniroda,4,2028.0
35548394,elado,https://ingatlan.com/35548394,"Eladó tégla lakás - Budapest X. kerület, Ceglédi út 11. #35548394",1107,"Budapest X. kerület, Ceglédi út 11.",Budapest,47.4728,19.1211,3.0,65.0,2028.0,HUF,97630000,új építésű,2028,összkomfortos,6,7,van,nincs megadva,nincs megadva,nem,külön helyiségben,kelet,udvari,9.02 m2,nem,teremgarázs hely - megvásárolható,"5,20 MFt",nincs megadva,nincs megadva,hőszivattyú,van - 10 cm,A+,nincs megadva,,,,,,,,,65.0,97.63,1502000,6,6.0,7.0,9.02,,,2028.0,2020 után (új építésű),716,Ceglédi út,11,11,11,"Budapest X. kerület, Ceglédi út 11.",3,0,3.0,Gyárdűlő,Tégla lakás,Lépj kapcsolatba a hirdetővel,,Ingatlaniroda,4,2028.0
35548605,elado,https://ingatlan.com/35548605,"Eladó panel lakás - Budapest X. kerület, Kőbánya - Újhegyi lakótelep #35548605",1108,"Budapest X. kerület, Kőbánya - Újhegyi lakótelep",Budapest,,,2.0,49.0,1981.0,HUF,56000000,felújítandó,1981 és 2000 között,összkomfortos,9,nincs megadva,van,3 m-nél alacsonyabb,nincs,igen,külön helyiségben,délnyugat,panorámás,3 m2,nincs megadva,"utca, közterület - ingyenes",,nincs megadva,nincs megadva,távfűtés,nincs megadva,nincs megadva,nem tetőtéri,részt vett,,,,,,,,49.0,56.0,1142857,9,9.0,,3.0,,,,1980-1999 (késő panel/tégla),4567,Kőbánya - Újhegyi lakótelep,,,,"Budapest X. kerület, Kőbánya - Újhegyi lakótelep",2,0,2.0,Újhegy,Panel lakás,Lépj kapcsolatba a hirdetővel,,Ingatlaniroda,4,1988.0
35549392,elado,https://ingatlan.com/35549392,"Eladó panel lakás - Budapest X. kerület, Kőbánya-Városközpont #35549392",1105,"Budapest X. kerület, Kőbánya-Városközpont",Budapest,,,1.0,38.0,,HUF,45900000,közepes állapotú,nincs megadva,összkomfortos,4,10,van,3 m-nél alacsonyabb,nincs megadva,nincs megadva,külön helyiségben,nincs megadva,kertre néz,nincs megadva,nincs megadva,"utca, közterület - ingyenes",,nincs megadva,nincs megadva,távfűtés,nincs,nincs megadva,nincs megadva,nem vett részt,,,,,,,,38.0,45.9,1207895,4,4.0,10.0,,,,,Nem ismert,202,Kőbánya-Városközpont,,,,"Budapest X. kerület, Kőbánya-Városközpont",1,0,1.0,Kőbánya-Városközpont,Panel lakás,Lépj kapcsolatba a hirdetővel,,Ingatlaniroda,4,
35549624,elado,https://ingatlan.com/35549624,"Eladó tégla lakás - Budapest X. kerület, Gergely utca 102. #35549624",1103,"Budapest X. kerület, Gergely utca 102.",Budapest,47.466464,19.158341,4.0,74.0,2025.0,HUF,132500000,nincs megadva,2025,nincs megadva,1,nincs megadva,van,nincs megadva,van,nincs megadva,egy helyiségben,nincs megadva,utcai,20 m2,nincs megadva,"utca, közterület - ingyenes",,nincs megadva,nincs megadva,házközponti,nincs megadva,A++,nincs megadva,,,,,,,,,74.0,132.5,1790541,1,1.0,,20.0,,,2025.0,2020 után (új építésű),637,Gergely utca,102,102,102,"Budapest X. kerület, Gergely utca 102.",4,0,4.0,Újhegy,Tégla lakás,Lépj kapcsolatba a hirdetővel,,Ingatlaniroda,4,2025.0
35549705,elado,https://ingatlan.com/35549705,"Eladó tégla lakás - Budapest X. kerület, Halom köz #35549705",1105,"Budapest X. kerület, Halom köz",Budapest,,,2.0,43.0,1950.0,HUF,60000000,jó állapotú,1950 és 1980 között,összkomfortos,2,4,nincs,3 m-nél alacsonyabb,nincs megadva,nem,egy helyiségben,délnyugat,utcai,1 m2,nincs megadva,"utca, közterület - ingyenes",,25 000 Ft/hó,11 000 Ft/hó,házközponti,van,nincs megadva,nem tetőtéri,,,,,,,,,43.0,60.0,1395349,2,2.0,4.0,1.0,11000.0,25000.0,,1950-1979 (szocialista modern),1759,Halom köz,,,,"Budapest X. kerület, Halom köz",2,0,2.0,Kőbánya-Városközpont,Tégla lakás,Lépj kapcsolatba a hirdetővel,,Ingatlaniroda,4,1968.0
35550253,elado,https://ingatlan.com/35550253,"Eladó panel lakás - Budapest X. kerület, Kőrösi Csoma Sándor út #35550253",1105,"Budapest X. kerület, Kőrösi Csoma Sándor út",Budapest,,,3.0,64.0,1950.0,HUF,59990000,felújítandó,1950 és 1980 között,összkomfortos,7,10,van,3 m-nél alacsonyabb,nincs megadva,nincs megadva,külön helyiségben,nincs megadva,utcai,nincs megadva,nem,nincs megadva,,nincs megadva,nincs megadva,távfűtés,van,nincs megadva,nem tetőtéri,részt vett,,,,,,,,64.0,59.99,937344,7,7.0,10.0,,,,,1950-1979 (szocialista modern),1430,Kőrösi Csoma Sándor út,,,,"Budapest X. kerület, Kőrösi Csoma Sándor út",3,0,3.0,Óhegy,Panel lakás,Lépj kapcsolatba a hirdetővel,,Ingatlaniroda,4,1968.0
35550395,elado,https://ingatlan.com/35550395,"Eladó tégla lakás - Budapest X. kerület, Salgótarjáni utca #35550395",1101,"Budapest X. kerület, Salgótarjáni utca",Budapest,,,2.0,38.0,1950.0,HUF,49900000,felújított,1950 és 1980 között,összkomfortos,4,5,nincs,3 m-nél alacsonyabb,van,nem,külön helyiségben,délkelet,utcai,nincs megadva,nem,"utca, közterület",,20 000 Ft/hó,14 000 Ft/hó,elektromos fűtőpanel,nincs,nincs megadva,zárószint,,,,,,,,,38.0,49.9,1313158,4,4.0,5.0,,14000.0,20000.0,,1950-1979 (szocialista modern),1596,Salgótarjáni utca,,,,"Budapest X. kerület, Salgótarjáni utca",2,0,2.0,Laposdűlő,Tégla lakás,Lépj kapcsolatba a hirdetővel,,Ingatlaniroda,4,1968.0
35550764,elado,https://ingatlan.com/35550764,"Eladó tégla lakás - Budapest X. kerület, Kúttó #35550764",1103,"Budapest X. kerület, Kúttó",Budapest,,,1.0,26.0,1950.0,HUF,29900000,jó állapotú,1950 és 1980 között,összkomfortos,2,nincs megadva,nincs megadva,3 m-nél alacsonyabb,nincs megadva,nincs megadva,nincs megadva,délnyugat,utcai,nincs megadva,nincs megadva,udvari beálló,,nincs megadva,13 000 Ft/hó,házközponti,nincs megadva,nincs megadva,nem tetőtéri,,,,,,,,,26.0,29.9,1150000,2,2.0,,,13000.0,,,1950-1979 (szocialista modern),1034,Kúttó,,,,"Budapest X. kerület, Kúttó",1,0,1.0,Kőbánya egyéb,Tégla lakás,Lépj kapcsolatba a hirdetővel,,Ingatlaniroda,4,1968.0
35550867,elado,https://ingatlan.com/35550867,"Eladó tégla lakás - Budapest X. kerület, Halom köz #35550867",1105,"Budapest X. kerület, Halom köz",Budapest,,,2.0,43.0,1950.0,HUF,49900000,közepes állapotú,1950 és 1980 között,összkomfortos,1,4,nincs,3 m-nél alacsonyabb,nincs,nem,egy helyiségben,délkelet,kertre néz,nincs megadva,nem,"utca, közterület - ingyenes",,15 000 Ft/hó,11 000 Ft/hó,gáz (konvektor),van - 10 cm,nincs megadva,nem tetőtéri,,,,,,,,,43.0,49.9,1160465,1,1.0,4.0,,11000.0,15000.0,,1950-1979 (szocialista modern),1643,Halom köz,,,,"Budapest X. kerület, Halom köz",2,0,2.0,Kőbánya-Városközpont,Tégla lakás,Lépj kapcsolatba a hirdetővel,,Ingatlaniroda,4,1968.0
35551161,elado,https://ingatlan.com/35551161,"Eladó csúsztatott zsalus - Budapest X. kerület, Kőbánya-Városközpont #35551161",1105,"Budapest X. kerület, Kőbánya-Városközpont",Budapest,,,2.0,50.0,1950.0,HUF,53900000,nincs megadva,1950 és 1980 között,összkomfortos,6,nincs megadva,van,3 m-nél alacsonyabb,nincs megadva,nincs megadva,nincs megadva,északkelet,utcai,nincs megadva,nincs megadva,nincs megadva,,nincs megadva,18 000 Ft/hó,házközponti,van,nincs megadva,,,,,,,,,,50.0,53.9,1078000,6,6.0,,,18000.0,,,1950-1979 (szocialista modern),1108,Kőbánya-Városközpont,,,,"Budapest X. kerület, Kőbánya-Városközpont",2,0,2.0,Kőbánya-Városközpont,Csúsztatott zsalus lakás,Lépj kapcsolatba a hirdetővel,,Ingatlaniroda,4,1968.0
35551476,elado,https://ingatlan.com/35551476,"Eladó tégla lakás - Budapest X. kerület, Laposdűlő #35551476",1101,"Budapest X. kerület, Laposdűlő",Budapest,,,2.0,35.0,1940.0,HUF,45000000,jó állapotú,1950 előtt,nincs megadva,3,3,nincs,3 m-nél alacsonyabb,nincs megadva,nincs megadva,külön helyiségben,délkelet,utcai,nincs megadva,nincs megadva,nincs megadva,,nincs megadva,nincs megadva,gáz (konvektor),nincs megadva,I,"legfelső emelet, nem tetőtéri",,,,,,,,,35.0,45.0,1285714,3,3.0,3.0,,,,,1950 előtt (klasszikus polgári/tégla),1175,Laposdűlő,,,,"Budapest X. kerület, Laposdűlő",2,0,2.0,Laposdűlő,Tégla lakás,Lépj kapcsolatba a hirdetővel,,Ingatlaniroda,4,1930.0
35551999,elado,https://ingatlan.com/35551999,"Eladó panel lakás - Budapest X. kerület, Kőrösi Csoma sétány #35551999",1102,"Budapest X. kerület, Kőrösi Csoma sétány",Budapest,,,3.0,71.0,,HUF,67000000,jó állapotú,nincs megadva,nincs megadva,2,4,nincs,nincs megadva,nincs megadva,nincs megadva,külön helyiségben,nincs megadva,utcai,nincs megadva,nincs megadva,nincs megadva,,nincs megadva,nincs megadva,távfűtés,nincs megadva,nincs megadva,nem tetőtéri,nincs megadva,,,,,,,,71.0,67.0,943662,2,2.0,4.0,,,,,Nem ismert,926,Kőrösi Csoma sétány,,,,"Budapest X. kerület, Kőrösi Csoma sétány",3,0,3.0,Kőbánya-Városközpont,Panel lakás,Lépj kapcsolatba a hirdetővel,,Ingatlaniroda,4,
35552614,elado,https://ingatlan.com/35552614,"Eladó tégla lakás - Budapest X. kerület, Dömsödi utca #35552614",1106,"Budapest X. kerület, Dömsödi utca",Budapest,,,4.0,103.0,2021.0,HUF,124900000,felújított,2021,összkomfortos,2,2,nincs megadva,nincs megadva,van,nincs megadva,nincs megadva,délkelet,kertre néz,nincs megadva,nincs megadva,udvari beálló - benne van az árban,,nincs megadva,nincs megadva,gázkazán,nincs megadva,C,tetőtéri,,,,,,,,,103.0,124.9,1212621,2,2.0,2.0,,,,2021.0,2020 után (új építésű),1589,Dömsödi utca,,,,"Budapest X. kerület, Dömsödi utca",4,0,4.0,Felsőrákos,Tégla lakás,Lépj kapcsolatba a hirdetővel,,Ingatlaniroda,4,2021.0
35553132,elado,https://ingatlan.com/35553132,"Eladó csúsztatott zsalus - Budapest X. kerület, Vörösdinka utca #35553132",1104,"Budapest X. kerület, Vörösdinka utca",Budapest,,,2.0,54.0,1950.0,HUF,55900000,nincs megadva,1950 és 1980 között,összkomfortos,2,4,nincs,3 m-nél alacsonyabb,van,nincs megadva,egy helyiségben,nincs megadva,kertre néz,4 m2,nincs megadva,"utca, közterület - ingyenes",,25 000 Ft/hó,15 Ft/hó,távfűtés egyedi méréssel,van - 10 cm,nincs megadva,,,,,,,,,,54.0,55.9,1035185,2,2.0,4.0,4.0,15.0,25000.0,,1950-1979 (szocialista modern),1202,Vörösdinka utca,,,,"Budapest X. kerület, Vörösdinka utca",2,0,2.0,Óhegy,Csúsztatott zsalus lakás,Lépj kapcsolatba a hirdetővel,,Ingatlaniroda,4,1968.0
35553326,elado,https://ingatlan.com/35553326,"Eladó tégla lakás - Budapest X. kerület, Laposdűlő #35553326",1101,"Budapest X. kerület, Laposdűlő",Budapest,,,2.0,38.0,1950.0,HUF,52900000,jó állapotú,1950 és 1980 között,nincs megadva,4,4,nincs,nincs megadva,nincs megadva,nincs megadva,külön és egyben is,délnyugat,kertre néz,nincs megadva,nincs megadva,nincs megadva,,nincs megadva,nincs megadva,fan-coil,nincs megadva,nincs megadva,nincs megadva,,,,,,,,,38.0,52.9,1392105,4,4.0,4.0,,,,,1950-1979 (szocialista modern),1814,Laposdűlő,,,,"Budapest X. kerület, Laposdűlő",2,0,2.0,Laposdűlő,Tégla lakás,Lépj kapcsolatba a hirdetővel,,Ingatlaniroda,4,1968.0
35553333,elado,https://ingatlan.com/35553333,"Eladó panel lakás - Budapest X. kerület, Kőbánya - Újhegyi lakótelep #35553333",1108,"Budapest X. kerület, Kőbánya - Újhegyi lakótelep",Budapest,,,3.0,68.0,1981.0,HUF,75500000,jó állapotú,1981 és 2000 között,nincs megadva,3,10,van,3 m-nél alacsonyabb,nincs megadva,nem,külön helyiségben,nincs megadva,nincs megadva,3 m2,nincs megadva,nincs megadva,,nincs megadva,nincs megadva,távfűtés,van - 10 cm,nincs megadva,nincs megadva,nincs megadva,,,,,,,,68.0,75.5,1110294,3,3.0,10.0,3.0,,,,1980-1999 (késő panel/tégla),1537,Kőbánya - Újhegyi lakótelep,,,,"Budapest X. kerület, Kőbánya - Újhegyi lakótelep",3,0,3.0,Újhegy,Panel lakás,Lépj kapcsolatba a hirdetővel,,Ingatlaniroda,4,1988.0
35553338,elado,https://ingatlan.com/35553338,"Eladó panel lakás - Budapest X. kerület, Kőbánya - Óhegy #35553338",1103,"Budapest X. kerület, Kőbánya - Óhegy",Budapest,,,3.0,56.0,1950.0,HUF,70500000,jó állapotú,1950 és 1980 között,nincs megadva,2,4,nincs megadva,nincs megadva,nincs megadva,nincs megadva,külön és egyben is,délnyugat,kertre néz,nincs megadva,nincs megadva,nincs megadva,,nincs megadva,nincs megadva,távfűtés,nincs megadva,nincs megadva,nincs megadva,részt vett,,,,,,,,56.0,70.5,1258929,2,2.0,4.0,,,,,1950-1979 (szocialista modern),1479,Kőbánya - Óhegy,,,,"Budapest X. kerület, Kőbánya - Óhegy",3,0,3.0,Óhegy,Panel lakás,Lépj kapcsolatba a hirdetővel,,Ingatlaniroda,4,1968.0
35553425,elado,https://ingatlan.com/35553425,"Eladó tégla lakás - Budapest X. kerület, Gyógyszergyári utca 10. #35553425",1106,"Budapest X. kerület, Gyógyszergyári utca 10.",Budapest,47.497327,19.139864,1.0,36.0,2026.0,HUF,64900000,újszerű,2026,összkomfortos,5,8,van,3 m-nél alacsonyabb,van,igen,egy helyiségben,délkelet,panorámás,11 m2,nem,teremgarázs hely - megvásárolható,"4,20 MFt",nincs megadva,nincs megadva,"távfűtés egyedi méréssel, padlófűtés, hűtő-fűtő klíma",van,A+,nem tetőtéri,,,,,,,,,36.0,64.9,1802778,5,5.0,8.0,11.0,,,2026.0,2020 után (új építésű),2115,Gyógyszergyári utca,10,,10,"Budapest X. kerület, Gyógyszergyári utca 10.",1,0,1.0,Felsőrákos,Tégla lakás,Lépj kapcsolatba a hirdetővel,,Ingatlaniroda,4,2026.0
35553584,elado,https://ingatlan.com/35553584,"Eladó panel lakás - Budapest X. kerület, Kőbánya - Óhegy #35553584",1103,"Budapest X. kerület, Kőbánya - Óhegy",Budapest,,,1.0,38.0,,HUF,45900000,közepes állapotú,nincs megadva,összkomfortos,4,10,van,3 m-nél alacsonyabb,nincs,nincs megadva,külön helyiségben,nincs megadva,kertre néz,nincs megadva,nincs megadva,"utca, közterület - ingyenes",,nincs megadva,nincs megadva,távfűtés,nincs,nincs megadva,nincs megadva,nem vett részt,,,,,,,,38.0,45.9,1207895,4,4.0,10.0,,,,,Nem ismert,202,Kőbánya - Óhegy,,,,"Budapest X. kerület, Kőbánya - Óhegy",1,0,1.0,Óhegy,Panel lakás,Lépj kapcsolatba a hirdetővel,,Ingatlaniroda,4,
35554008,elado,https://ingatlan.com/35554008,"Eladó panel lakás - Budapest X. kerület, Gyakorló utcai lakótelep #35554008",1106,"Budapest X. kerület, Gyakorló utcai lakótelep",Budapest,,,2.0,53.0,1981.0,HUF,64900000,közepes állapotú,1981 és 2000 között,nincs megadva,9,10,van,3 m-nél alacsonyabb,nincs megadva,nincs megadva,külön helyiségben,nincs megadva,nincs megadva,4 m2,nincs megadva,nincs megadva,,nincs megadva,nincs megadva,távfűtés,van - 10 cm,nincs megadva,nincs megadva,nincs megadva,,,,,,,,53.0,64.9,1224528,9,9.0,10.0,4.0,,,,1980-1999 (késő panel/tégla),2225,Gyakorló utcai lakótelep,,,,"Budapest X. kerület, Gyakorló utcai lakótelep",2,0,2.0,Felsőrákos,Panel lakás,Lépj kapcsolatba a hirdetővel,,Ingatlaniroda,4,1988.0
35554066,elado,https://ingatlan.com/35554066,"Eladó panel lakás - Budapest X. kerület, Kőbánya - Újhegyi lakótelep #35554066",1108,"Budapest X. kerület, Kőbánya - Újhegyi lakótelep",Budapest,,,3.0,68.0,1981.0,HUF,77500000,jó állapotú,1981 és 2000 között,nincs megadva,9,10,van,3 m-nél alacsonyabb,nincs megadva,nincs megadva,külön helyiségben,délnyugat,nincs megadva,2.63 m2,nincs megadva,nincs megadva,,nincs megadva,nincs megadva,távfűtés egyedi méréssel,nincs megadva,nincs megadva,nincs megadva,nincs megadva,,,,,,,,68.0,77.5,1139706,9,9.0,10.0,2.63,,,,1980-1999 (késő panel/tégla),970,Kőbánya - Újhegyi lakótelep,,,,"Budapest X. kerület, Kőbánya - Újhegyi lakótelep",3,0,3.0,Újhegy,Panel lakás,Lépj kapcsolatba a hirdetővel,,Ingatlaniroda,4,1988.0
35554447,elado,https://ingatlan.com/35554447,"Eladó tégla lakás - Budapest X. kerület, Kőbánya - Óhegy #35554447",1103,"Budapest X. kerület, Kőbánya - Óhegy",Budapest,,,2.0,40.0,1940.0,HUF,34900000,felújítandó,1950 előtt,összkomfortos,földszint,2,nincs megadva,3 m-nél magasabb,nincs megadva,nincs megadva,egy helyiségben,nincs megadva,utcai,nincs megadva,igen,udvari beálló - benne van az árban,,nincs megadva,nincs megadva,gáz (konvektor),nincs megadva,nincs megadva,nem tetőtéri,,,,,,,,,40.0,34.9,872500,földszint,0.0,2.0,,,,,1950 előtt (klasszikus polgári/tégla),1176,Kőbánya - Óhegy,,,,"Budapest X. kerület, Kőbánya - Óhegy",2,0,2.0,Óhegy,Tégla lakás,Lépj kapcsolatba a hirdetővel,,Ingatlaniroda,4,1930.0
35554569,elado,https://ingatlan.com/35554569,"Eladó tégla lakás - Budapest X. kerület, Fokos utca #35554569",1107,"Budapest X. kerület, Fokos utca",Budapest,,,1.0,49.0,,HUF,53900000,felújítandó,nincs megadva,komfortos,2,3,nincs,3 m-nél alacsonyabb,nincs,nincs megadva,külön helyiségben,nincs megadva,utcai,nincs megadva,nincs megadva,"utca, közterület - ingyenes",,nincs megadva,16 500 Ft/hó,gáz (konvektor),nincs megadva,nincs megadva,nem tetőtéri,,,,,,,,,49.0,53.9,1100000,2,2.0,3.0,,16500.0,,,Nem ismert,1545,Fokos utca,,,,"Budapest X. kerület, Fokos utca",1,0,1.0,Gyárdűlő,Tégla lakás,Lépj kapcsolatba a hirdetővel,,Ingatlaniroda,4,
35555160,elado,https://ingatlan.com/35555160,"Eladó tégla lakás - Budapest X. kerület, Martinovics tér 9. #35555160",1105,"Budapest X. kerület, Martinovics tér 9.",Budapest,47.481085,19.134945,2.0,44.0,2001.0,HUF,65000000,jó állapotú,2001 és 2010 között,összkomfortos,2,4,nincs,3 m-nél alacsonyabb,nincs,nem,egy helyiségben,nincs megadva,udvari,nincs megadva,nem,"utca, közterület - ingyenes",,nincs megadva,nincs megadva,gázkazán,van,nincs megadva,nem tetőtéri,,,,,,,,,44.0,65.0,1477273,2,2.0,4.0,,,,,2000-2019 (újszerű),541,Martinovics tér,9,44,9,"Budapest X. kerület, Martinovics tér 9.",2,0,2.0,Óhegy,Tégla lakás,Lépj kapcsolatba a hirdetővel,,Ingatlaniroda,2,2005.0
35555176,elado,https://ingatlan.com/35555176,Egy pillanat...,1102,"Budapest X. kerület, Liget utca",Budapest,,,1.0,32.0,,HUF,28000000,,,,,,,,,,,,,,,,,,,,,,,,,,,,,,,32.0,28.0,875000,,,,,,,,Nem ismert,0,Liget utca,,,,"Budapest X. kerület, Liget utca",1,0,1.0,Ligettelek,Tégla lakás,,,Ingatlaniroda,0,
35555232,elado,https://ingatlan.com/35555232,"Eladó panel lakás - Budapest X. kerület, Pára utca #35555232",1108,"Budapest X. kerület, Pára utca",Budapest,,,3.0,68.0,,HUF,74900000,jó állapotú,nincs megadva,nincs megadva,4,10,van,nincs megadva,van,igen,külön helyiségben,nincs megadva,nincs megadva,nincs megadva,nincs megadva,"utca, közterület",,nincs megadva,nincs megadva,távfűtés,nincs megadva,nincs megadva,nincs megadva,nem vett részt,,,,,,,,68.0,74.9,1101471,4,4.0,10.0,,,,,Nem ismert,1364,Pára utca,,,,"Budapest X. kerület, Pára utca",3,0,3.0,Újhegy,Panel lakás,Lépj kapcsolatba a hirdetővel,,Ingatlaniroda,4,
35555475,elado,https://ingatlan.com/35555475,"Eladó panel lakás - Budapest X. kerület, Gyakorló utcai lakótelep #35555475",1106,"Budapest X. kerület, Gyakorló utcai lakótelep",Budapest,,,2.0,53.0,1950.0,HUF,64900000,jó állapotú,1950 és 1980 között,összkomfortos,9,több mint 10,van,3 m-nél alacsonyabb,nincs megadva,nincs megadva,külön helyiségben,délkelet,utcai,4 m2,nincs megadva,"utca, közterület",,nincs megadva,19 500 Ft/hó,távfűtés,nincs megadva,nincs megadva,nem tetőtéri,részt vett,,,,,,,,53.0,64.9,1224528,9,9.0,10.0,4.0,19500.0,,,1950-1979 (szocialista modern),1297,Gyakorló utcai lakótelep,,,,"Budapest X. kerület, Gyakorló utcai lakótelep",2,0,2.0,Felsőrákos,Panel lakás,Lépj kapcsolatba a hirdetővel,,Ingatlaniroda,4,1968.0
35555508,elado,https://ingatlan.com/35555508,"Eladó tégla lakás - Budapest X. kerület, Kozma utca 15. #35555508",1108,"Budapest X. kerület, Kozma utca 15.",Budapest,47.468711,19.178341,1.0,36.0,1950.0,HUF,44900000,jó állapotú,1950 és 1980 között,komfortos,2,2,nincs,3 m-nél alacsonyabb,van,nem,egy helyiségben,északkelet,udvari,3 m2,nem,nincs megadva,,nincs megadva,13 244 Ft/hó,"hűtő-fűtő klíma, elektromos fűtőpanel",van - 10 cm,nincs megadva,nem tetőtéri,,,,,,,,,36.0,44.9,1247222,2,2.0,2.0,3.0,13244.0,,,1950-1979 (szocialista modern),2319,Kozma utca,15,,15,"Budapest X. kerület, Kozma utca 15.",1,0,1.0,Keresztúridűlő,Tégla lakás,Lépj kapcsolatba a hirdetővel,,Ingatlaniroda,4,1968.0
35555844,elado,https://ingatlan.com/35555844,"Eladó panel lakás - Budapest X. kerület, Gyakorló utca #35555844",1106,"Budapest X. kerület, Gyakorló utca",Budapest,,,3.0,60.0,,HUF,69900000,közepes állapotú,nincs megadva,összkomfortos,1,10,van,nincs megadva,nincs megadva,nincs megadva,külön helyiségben,nincs megadva,nincs megadva,4 m2,nincs megadva,"utca, közterület",,nincs megadva,nincs megadva,távfűtés,van,nincs megadva,nincs megadva,nincs megadva,,,,,,,,60.0,69.9,1165000,1,1.0,10.0,4.0,,,,Nem ismert,805,Gyakorló utca,,,,"Budapest X. kerület, Gyakorló utca",3,0,3.0,Felsőrákos,Panel lakás,Lépj kapcsolatba a hirdetővel,,Ingatlaniroda,4,
35556139,elado,https://ingatlan.com/35556139,"Eladó panel lakás - Budapest X. kerület, Kőbánya-Városközpont #35556139",1105,"Budapest X. kerület, Kőbánya-Városközpont",Budapest,,,3.0,63.0,1950.0,HUF,75900000,jó állapotú,1950 és 1980 között,összkomfortos,2,7,van,3 m-nél alacsonyabb,nincs megadva,nincs megadva,külön helyiségben,délnyugat,utcai,nincs megadva,nem,"utca, közterület - ingyenes",,nincs megadva,16 000 Ft/hó,távfűtés,nincs megadva,nincs megadva,nem tetőtéri,nincs megadva,,,,,,,,63.0,75.9,1204762,2,2.0,7.0,,16000.0,,,1950-1979 (szocialista modern),2644,Kőbánya-Városközpont,,,,"Budapest X. kerület, Kőbánya-Városközpont",3,0,3.0,Kőbánya-Városközpont,Panel lakás,Lépj kapcsolatba a hirdetővel,,Ingatlaniroda,4,1968.0
35556435,elado,https://ingatlan.com/35556435,"Eladó panel lakás - Budapest X. kerület, Ligettelek #35556435",1101,"Budapest X. kerület, Ligettelek",Budapest,,,3.0,64.0,1950.0,HUF,63500000,jó állapotú,1950 és 1980 között,összkomfortos,6,10,van,3 m-nél alacsonyabb,van,igen,külön helyiségben,délnyugat,panorámás,nincs megadva,nincs megadva,"utca, közterület - ingyenes",,40 000 Ft/hó,15 000 Ft/hó,távfűtés,van,nincs megadva,nincs megadva,részt vett,,,,,,,,64.0,63.5,992188,6,6.0,10.0,,15000.0,40000.0,,1950-1979 (szocialista modern),1310,Ligettelek,,,,"Budapest X. kerület, Ligettelek",3,0,3.0,Ligettelek,Panel lakás,Lépj kapcsolatba a hirdetővel,,Ingatlaniroda,4,1968.0
35556438,elado,https://ingatlan.com/35556438,"Eladó tégla lakás - Budapest X. kerület, Kőbánya - Újhegyi lakótelep #35556438",1108,"Budapest X. kerület, Kőbánya - Újhegyi lakótelep",Budapest,,,3.0,68.0,1950.0,HUF,66500000,közepes állapotú,1950 és 1980 között,összkomfortos,félemelet,10,van,3 m-nél alacsonyabb,nincs,nem,külön helyiségben,dél,utcai,3 m2,nem,"utca, közterület - ingyenes",,17 000 Ft/hó,21 000 Ft/hó,távfűtés,van - 15 cm,nincs megadva,nem tetőtéri,,,,,,,,,68.0,66.5,977941,félemelet,0.5,10.0,3.0,21000.0,17000.0,,1950-1979 (szocialista modern),2689,Kőbánya - Újhegyi lakótelep,,,,"Budapest X. kerület, Kőbánya - Újhegyi lakótelep",3,0,3.0,Újhegy,Tégla lakás,Lépj kapcsolatba a hirdetővel,,Ingatlaniroda,4,1968.0
35556560,elado,https://ingatlan.com/35556560,"Eladó panel lakás - Budapest X. kerület, Szövőszék utca #35556560",1108,"Budapest X. kerület, Szövőszék utca",Budapest,,,2.0,55.0,1950.0,HUF,57900000,felújítandó,1950 és 1980 között,összkomfortos,2,10,van,nincs megadva,van,nincs megadva,külön helyiségben,nincs megadva,nincs megadva,3 m2,nincs megadva,"utca, közterület",,35 000 Ft/hó,21 700 Ft/hó,távfűtés,van,nincs megadva,nincs megadva,részt vett,,,,,,,,55.0,57.9,1052727,2,2.0,10.0,3.0,21700.0,35000.0,,1950-1979 (szocialista modern),358,Szövőszék utca,,,,"Budapest X. kerület, Szövőszék utca",2,0,2.0,Újhegy,Panel lakás,Lépj kapcsolatba a hirdetővel,,Ingatlaniroda,2,1968.0
35556566,elado,https://ingatlan.com/35556566,"Eladó tégla lakás - Budapest X. kerület, Kőbányai út 45. #35556566",1101,"Budapest X. kerület, Kőbányai út 45.",Budapest,47.483681,19.114939,4.0,109.0,2012.0,HUF,165000000,felújított,2012,duplakomfortos,4,4,van,3 m-nél alacsonyabb,van,igen,külön és egyben is,délnyugat,kertre néz,169 m2,nincs megadva,teremgarázs hely - megvásárolható,"7,50 MFt",nincs megadva,85 000 Ft/hó,távfűtés egyedi méréssel,van,A+,penthouse,,,,,,,,,109.0,165.0,1513761,4,4.0,4.0,169.0,85000.0,,2012.0,2000-2019 (újszerű),8066,Kőbányai út,45,45/A,45,"Budapest X. kerület, Kőbányai út 45.",4,0,4.0,Gyárdűlő,Tégla lakás,Lépj kapcsolatba a hirdetővel,,Ingatlaniroda,4,2012.0
35556605,elado,https://ingatlan.com/35556605,"Eladó panel lakás - Budapest X. kerület, Vörösdinka utca #35556605",1104,"Budapest X. kerület, Vörösdinka utca",Budapest,,,3.0,56.0,1950.0,HUF,70500000,felújított,1950 és 1980 között,összkomfortos,2,nincs megadva,nincs megadva,3 m-nél alacsonyabb,nincs megadva,nincs megadva,nincs megadva,délnyugat,kertre néz,nincs megadva,nincs megadva,nincs megadva,,nincs megadva,nincs megadva,távfűtés,nincs megadva,nincs megadva,nem tetőtéri,nincs megadva,,,,,,,,56.0,70.5,1258929,2,2.0,,,,,,1950-1979 (szocialista modern),1580,Vörösdinka utca,,,,"Budapest X. kerület, Vörösdinka utca",3,0,3.0,Óhegy,Panel lakás,Lépj kapcsolatba a hirdetővel,,Ingatlaniroda,4,1968.0
35556819,elado,https://ingatlan.com/35556819,"Eladó panel lakás - Budapest X. kerület, Kápolna utca #35556819",1102,"Budapest X. kerület, Kápolna utca",Budapest,,,3.0,63.0,1981.0,HUF,64500000,jó állapotú,1981 és 2000 között,összkomfortos,4,7,van,3 m-nél alacsonyabb,van,nincs megadva,külön helyiségben,nincs megadva,nincs megadva,nincs megadva,nincs megadva,nincs megadva,,nincs megadva,nincs megadva,távfűtés,van,nincs megadva,nem tetőtéri,nincs megadva,,,,,,,,63.0,64.5,1023810,4,4.0,7.0,,,,,1980-1999 (késő panel/tégla),1096,Kápolna utca,,,,"Budapest X. kerület, Kápolna utca",3,0,3.0,Kőbánya-Városközpont,Panel lakás,Lépj kapcsolatba a hirdetővel,,Ingatlaniroda,4,1988.0
35557120,elado,https://ingatlan.com/35557120,"Eladó tégla lakás - Budapest X. kerület, Gyárdűlő #35557120",1107,"Budapest X. kerület, Gyárdűlő",Budapest,,,1.0,33.0,1950.0,HUF,45500000,felújítandó,1950 és 1980 között,összkomfortos,1,nincs megadva,nincs,nincs megadva,nincs megadva,nincs megadva,nincs megadva,nincs megadva,udvari,nincs megadva,nincs megadva,udvari beálló,,nincs megadva,12 135 Ft/hó,gáz (konvektor),nincs megadva,nincs megadva,nem tetőtéri,,,,,,,,,33.0,45.5,1378788,1,1.0,,,12135.0,,,1950-1979 (szocialista modern),1169,Gyárdűlő,,,,"Budapest X. kerület, Gyárdűlő",1,0,1.0,Gyárdűlő,Tégla lakás,Lépj kapcsolatba a hirdetővel,,Ingatlaniroda,4,1968.0
35557146,elado,https://ingatlan.com/35557146,"Eladó panel lakás - Budapest X. kerület, Kőbánya - Újhegyi lakótelep #35557146",1108,"Budapest X. kerület, Kőbánya - Újhegyi lakótelep",Budapest,,,3.0,68.0,1950.0,HUF,66500000,jó állapotú,1950 és 1980 között,összkomfortos,földszint,10,van,3 m-nél alacsonyabb,nincs megadva,nincs megadva,külön helyiségben,dél,utcai,3 m2,nincs megadva,"utca, közterület - ingyenes",,nincs megadva,21 000 Ft/hó,távfűtés,van - 15 cm,nincs megadva,nincs megadva,részt vett,,,,,,,,68.0,66.5,977941,földszint,0.0,10.0,3.0,21000.0,,,1950-1979 (szocialista modern),2689,Kőbánya - Újhegyi lakótelep,,,,"Budapest X. kerület, Kőbánya - Újhegyi lakótelep",3,0,3.0,Újhegy,Panel lakás,Lépj kapcsolatba a hirdetővel,,Ingatlaniroda,4,1968.0
35557562,elado,https://ingatlan.com/35557562,"Eladó tégla lakás - Budapest X. kerület, Kőbánya - Óhegy #35557562",1103,"Budapest X. kerület, Kőbánya - Óhegy",Budapest,,,2.0,52.0,1940.0,HUF,59900000,közepes állapotú,1950 előtt,összkomfortos,földszint,nincs megadva,nincs megadva,3 m-nél alacsonyabb,nincs megadva,nincs megadva,nincs megadva,kelet,kertre néz,nincs megadva,igen,udvari beálló,,nincs megadva,-2 Ft/hó,gázkazán,nincs megadva,nincs megadva,nincs megadva,,,,,,,,,52.0,59.9,1151923,földszint,0.0,,,2.0,,,1950 előtt (klasszikus polgári/tégla),701,Kőbánya - Óhegy,,,,"Budapest X. kerület, Kőbánya - Óhegy",2,0,2.0,Óhegy,Tégla lakás,Lépj kapcsolatba a hirdetővel,,Ingatlaniroda,4,1930.0
35558349,elado,https://ingatlan.com/35558349,"Eladó panel lakás - Budapest X. kerület, Kőbánya - Újhegyi lakótelep #35558349",1108,"Budapest X. kerület, Kőbánya - Újhegyi lakótelep",Budapest,,,3.0,68.0,1981.0,HUF,78000000,felújított,1981 és 2000 között,összkomfortos,4,10,van,nincs megadva,van,nincs megadva,külön helyiségben,délnyugat,kertre néz,4 m2,nem,"utca, közterület - ingyenes",,nincs megadva,nincs megadva,távfűtés,nincs megadva,nincs megadva,nem tetőtéri,nincs megadva,,,,,,,,68.0,78.0,1147059,4,4.0,10.0,4.0,,,,1980-1999 (késő panel/tégla),1815,Kőbánya - Újhegyi lakótelep,,,,"Budapest X. kerület, Kőbánya - Újhegyi lakótelep",3,0,3.0,Újhegy,Panel lakás,Lépj kapcsolatba a hirdetővel,,Ingatlaniroda,4,1988.0
35558810,elado,https://ingatlan.com/35558810,"Eladó panel lakás - Budapest X. kerület, Kőbánya - Újhegyi lakótelep #35558810",1108,"Budapest X. kerület, Kőbánya - Újhegyi lakótelep",Budapest,,,3.0,68.0,1981.0,HUF,75500000,jó állapotú,1981 és 2000 között,összkomfortos,3,nincs megadva,van,3 m-nél alacsonyabb,nincs megadva,nincs megadva,nincs megadva,délnyugat,kertre néz,3 m2,nincs megadva,nincs megadva,,nincs megadva,nincs megadva,távfűtés,nincs megadva,nincs megadva,nem tetőtéri,nincs megadva,,,,,,,,68.0,75.5,1110294,3,3.0,,3.0,,,,1980-1999 (késő panel/tégla),1633,Kőbánya - Újhegyi lakótelep,,,,"Budapest X. kerület, Kőbánya - Újhegyi lakótelep",3,0,3.0,Újhegy,Panel lakás,Lépj kapcsolatba a hirdetővel,,Ingatlaniroda,4,1988.0
35559349,elado,https://ingatlan.com/35559349,"Eladó tégla lakás - Budapest X. kerület, Szállás utca #35559349",1107,"Budapest X. kerület, Szállás utca",Budapest,,,1.0,26.0,1950.0,HUF,29900000,jó állapotú,1950 és 1980 között,összkomfortos,2,nincs megadva,nincs megadva,3 m-nél alacsonyabb,nincs megadva,nincs megadva,nincs megadva,délnyugat,utcai,nincs megadva,nincs megadva,nincs megadva,,nincs megadva,nincs megadva,egyéb,nincs megadva,nincs megadva,nem tetőtéri,,,,,,,,,26.0,29.9,1150000,2,2.0,,,,,,1950-1979 (szocialista modern),1372,Szállás utca,,,,"Budapest X. kerület, Szállás utca",1,0,1.0,Gyárdűlő,Tégla lakás,Lépj kapcsolatba a hirdetővel,,Ingatlaniroda,4,1968.0
35559807,elado,https://ingatlan.com/35559807,"Eladó panel lakás - Budapest X. kerület, Mádi utca 198. #35559807",1108,"Budapest X. kerület, Mádi utca 198.",Budapest,47.472445,19.165982,3.0,57.0,1981.0,HUF,68900000,jó állapotú,1981 és 2000 között,nincs megadva,7,10,van,3 m-nél alacsonyabb,nincs,nincs megadva,külön helyiségben,nincs megadva,utcai,3 m2,nem,"utca, közterület - ingyenes",,nincs megadva,16 400 Ft/hó,távfűtés egyedi méréssel,van,nincs megadva,nincs megadva,részt vett,,,,,,,,57.0,68.9,1208772,7,7.0,10.0,3.0,16400.0,,,1980-1999 (késő panel/tégla),2054,Mádi utca,198,,198,"Budapest X. kerület, Mádi utca 198.",3,0,3.0,Újhegy,Panel lakás,Lépj kapcsolatba a hirdetővel,,Ingatlaniroda,4,1988.0
35560389,elado,https://ingatlan.com/35560389,"Eladó tégla lakás - Budapest X. kerület, Harmat utca #35560389",1104,"Budapest X. kerület, Harmat utca",Budapest,,,2.0,52.0,,HUF,62800000,jó állapotú,nincs megadva,összkomfortos,4,4,nincs,3 m-nél alacsonyabb,van,nem,külön helyiségben,nincs megadva,panorámás,4 m2,nem,udvari beálló - benne van az árban,,nincs megadva,16 000 Ft/hó,gázkazán,nincs megadva,nincs megadva,nem tetőtéri,,,,,,,,,52.0,62.8,1207692,4,4.0,4.0,4.0,16000.0,,,Nem ismert,720,Harmat utca,,,,"Budapest X. kerület, Harmat utca",2,0,2.0,Óhegy,Tégla lakás,Lépj kapcsolatba a hirdetővel,,Ingatlaniroda,4,
35560393,elado,https://ingatlan.com/35560393,"Eladó panel lakás - Budapest X. kerület, Kőbánya - Újhegyi lakótelep #35560393",1108,"Budapest X. kerület, Kőbánya - Újhegyi lakótelep",Budapest,,,2.0,50.0,,HUF,54900000,jó állapotú,nincs megadva,nincs megadva,7,10,van,3 m-nél alacsonyabb,van,nincs megadva,külön helyiségben,dél,panorámás,3 m2,nincs megadva,nincs megadva,,nincs megadva,13 300 Ft/hó,távfűtés,van,B,nem tetőtéri,részt vett,,,,,,,,50.0,54.9,1098000,7,7.0,10.0,3.0,13300.0,,,Nem ismert,991,Kőbánya - Újhegyi lakótelep,,,,"Budapest X. kerület, Kőbánya - Újhegyi lakótelep",2,0,2.0,Újhegy,Panel lakás,Lépj kapcsolatba a hirdetővel,,Ingatlaniroda,4,
35560856,elado,https://ingatlan.com/35560856,"Eladó csúsztatott zsalus - Budapest X. kerület, Kőrösi Csoma Sándor út 35. #35560856",1102,"Budapest X. kerület, Kőrösi Csoma Sándor út 35.",Budapest,47.488395,19.135402,2.0,53.0,,HUF,62800000,felújított,nincs megadva,összkomfortos,6,9,van,3 m-nél alacsonyabb,van,nincs megadva,külön helyiségben,nincs megadva,nincs megadva,8 m2,nincs megadva,"utca, közterület - ingyenes",,25 000 Ft/hó,9 000 Ft/hó,távfűtés egyedi méréssel,van,nincs megadva,,,,,,,,,,53.0,62.8,1184906,6,6.0,9.0,8.0,9000.0,25000.0,,Nem ismert,754,Kőrösi Csoma Sándor út,35,,35,"Budapest X. kerület, Kőrösi Csoma Sándor út 35.",2,0,2.0,Kőbánya-Városközpont,Csúsztatott zsalus lakás,Lépj kapcsolatba a hirdetővel,,Ingatlaniroda,4,
35561006,elado,https://ingatlan.com/35561006,"Eladó tégla lakás - Budapest X. kerület, Gyárdűlő #35561006",1107,"Budapest X. kerület, Gyárdűlő",Budapest,,,1.0,36.0,1940.0,HUF,29500000,felújítandó,1950 előtt,nincs megadva,félemelet,2,nincs,3 m-nél magasabb,nincs megadva,nincs megadva,egy helyiségben,nincs megadva,nincs megadva,nincs megadva,nincs megadva,nincs megadva,,nincs megadva,nincs megadva,elektromos fűtőpanel,nincs megadva,nincs megadva,nem tetőtéri,,,,,,,,,36.0,29.5,819444,félemelet,0.5,2.0,,,,,1950 előtt (klasszikus polgári/tégla),893,Gyárdűlő,,,,"Budapest X. kerület, Gyárdűlő",1,0,1.0,Gyárdűlő,Tégla lakás,Lépj kapcsolatba a hirdetővel,,Ingatlaniroda,4,1930.0
35561192,elado,https://ingatlan.com/35561192,"Eladó panel lakás - Budapest X. kerület, Oltó utca #35561192",1108,"Budapest X. kerület, Oltó utca",Budapest,,,2.0,49.0,,HUF,49990000,közepes állapotú,nincs megadva,összkomfortos,10,10,van,nincs megadva,van,nincs megadva,külön helyiségben,nincs megadva,panorámás,4 m2,nincs megadva,"utca, közterület - ingyenes",,25 000 Ft/hó,15 000 Ft/hó,távfűtés,nincs megadva,F,nem tetőtéri,nincs megadva,,,,,,,,49.0,49.99,1020204,10,10.0,10.0,4.0,15000.0,25000.0,,Nem ismert,441,Oltó utca,,,,"Budapest X. kerület, Oltó utca",2,0,2.0,Újhegy,Panel lakás,Lépj kapcsolatba a hirdetővel,,Ingatlaniroda,4,
35561489,elado,https://ingatlan.com/35561489,"Eladó tégla lakás - Budapest X. kerület, Keresztúridűlő #35561489",1108,"Budapest X. kerület, Keresztúridűlő",Budapest,,,1.0,36.0,1950.0,HUF,45000000,jó állapotú,1950 és 1980 között,komfortos,földszint,nincs megadva,nincs megadva,3 m-nél alacsonyabb,nincs megadva,nincs megadva,nincs megadva,nyugat,kertre néz,nincs megadva,nincs megadva,nincs megadva,,nincs megadva,nincs megadva,gáz (konvektor),van,nincs megadva,nem tetőtéri,,,,,,,,,36.0,45.0,1250000,földszint,0.0,,,,,,1950-1979 (szocialista modern),1180,Keresztúridűlő,,,,"Budapest X. kerület, Keresztúridűlő",1,0,1.0,Keresztúridűlő,Tégla lakás,Lépj kapcsolatba a hirdetővel,,Ingatlaniroda,4,1968.0
35561491,elado,https://ingatlan.com/35561491,"Eladó panel lakás - Budapest X. kerület, Somfa köz #35561491",1107,"Budapest X. kerület, Somfa köz",Budapest,,,3.0,58.0,1981.0,HUF,66000000,jó állapotú,1981 és 2000 között,nincs megadva,10,10,van,3 m-nél alacsonyabb,van,nincs megadva,külön helyiségben,nyugat,panorámás,4 m2,nincs megadva,"utca, közterület",,nincs megadva,15 800 Ft/hó,távfűtés,van,nincs megadva,nincs megadva,részt vett,,,,,,,,58.0,66.0,1137931,10,10.0,10.0,4.0,15800.0,,,1980-1999 (késő panel/tégla),2069,Somfa köz,,58,58,"Budapest X. kerület, Somfa köz 58.",3,0,3.0,Gyárdűlő,Panel lakás,Lépj kapcsolatba a hirdetővel,,Ingatlaniroda,4,1988.0
35561533,elado,https://ingatlan.com/35561533,"Eladó panel lakás - Budapest X. kerület, Állomás utca #35561533",1102,"Budapest X. kerület, Állomás utca",Budapest,,,2.0,41.0,,HUF,45900000,közepes állapotú,nincs megadva,összkomfortos,2,10,van,3 m-nél alacsonyabb,nincs megadva,nincs megadva,nincs megadva,délnyugat,nincs megadva,nincs megadva,nincs megadva,nincs megadva,,nincs megadva,16 750 Ft/hó,távfűtés,nincs megadva,nincs megadva,nincs megadva,nincs megadva,,,,,,,,41.0,45.9,1119512,2,2.0,10.0,,16750.0,,,Nem ismert,911,Állomás utca,,,,"Budapest X. kerület, Állomás utca",2,0,2.0,Ligettelek,Panel lakás,Lépj kapcsolatba a hirdetővel,,Ingatlaniroda,4,
35561955,elado,https://ingatlan.com/35561955,"Eladó panel lakás - Budapest X. kerület, Kőrösi Csoma Sándor út #35561955",1102,"Budapest X. kerület, Kőrösi Csoma Sándor út",Budapest,,,1.0,31.0,1950.0,HUF,35990000,felújítandó,1950 és 1980 között,összkomfortos,8,10,van,3 m-nél alacsonyabb,nincs,nem,egy helyiségben,kelet,panorámás,3 m2,nem,"utca, közterület - ingyenes",,nincs megadva,7 595 Ft/hó,távfűtés,nincs,F,nem tetőtéri,nem vett részt,,,,,,,,31.0,35.99,1160968,8,8.0,10.0,3.0,7595.0,,,1950-1979 (szocialista modern),1601,Kőrösi Csoma Sándor út,,,,"Budapest X. kerület, Kőrösi Csoma Sándor út",1,0,1.0,Kőbánya-Városközpont,Panel lakás,Lépj kapcsolatba a hirdetővel,,Ingatlaniroda,4,1968.0
35562156,elado,https://ingatlan.com/35562156,"Eladó panel lakás - Budapest X. kerület, Kozma utca #35562156",1108,"Budapest X. kerület, Kozma utca",Budapest,,,1.0,36.0,,HUF,45000000,jó állapotú,nincs megadva,komfortos,földszint,nincs megadva,nincs megadva,nincs megadva,nincs megadva,nincs megadva,nincs megadva,nyugat,kertre néz,nincs megadva,nincs megadva,nincs megadva,,nincs megadva,nincs megadva,gáz (konvektor),nincs megadva,nincs megadva,nincs megadva,nincs megadva,,,,,,,,36.0,45.0,1250000,földszint,0.0,,,,,,Nem ismert,773,Kozma utca,,,,"Budapest X. kerület, Kozma utca",1,0,1.0,Kőbánya-Kertváros,Panel lakás,Lépj kapcsolatba a hirdetővel,,Ingatlaniroda,4,
35562297,elado,https://ingatlan.com/35562297,"Eladó tégla lakás - Budapest X. kerület, Üllői út #35562297",1101,"Budapest X. kerület, Üllői út",Budapest,,,2.0,54.0,1950.0,HUF,59900000,jó állapotú,1950 és 1980 között,összkomfortos,3,5,van,3 m-nél alacsonyabb,van,nincs megadva,külön helyiségben,nincs megadva,nincs megadva,4 m2,nem,"utca, közterület",,nincs megadva,22 000 Ft/hó,távfűtés,nincs,nincs megadva,nem tetőtéri,,,,,,,,,54.0,59.9,1109259,3,3.0,5.0,4.0,22000.0,,,1950-1979 (szocialista modern),2037,Üllői út,,,,"Budapest X. kerület, Üllői út",2,0,2.0,Gyárdűlő,Tégla lakás,Lépj kapcsolatba a hirdetővel,,Ingatlaniroda,4,1968.0
35562713,elado,https://ingatlan.com/35562713,"Eladó panel lakás - Budapest X. kerület, Harmat utca #35562713",1104,"Budapest X. kerület, Harmat utca",Budapest,,,1.0,36.0,,HUF,43000000,felújított,nincs megadva,nincs megadva,10,10,van,nincs megadva,van,nincs megadva,külön helyiségben,nincs megadva,utcai,nincs megadva,nem,"utca, közterület - ingyenes",,nincs megadva,nincs megadva,távfűtés egyedi méréssel,nincs megadva,nincs megadva,"legfelső emelet, nem tetőtéri",nincs megadva,,,,,,,,36.0,43.0,1194444,10,10.0,10.0,,,,,Nem ismert,1407,Harmat utca,,,,"Budapest X. kerület, Harmat utca",1,0,1.0,Óhegy,Panel lakás,Lépj kapcsolatba a hirdetővel,,Ingatlaniroda,2,
35562739,elado,https://ingatlan.com/35562739,"Eladó panel lakás - Budapest X. kerület, Gőzmozdony utca #35562739",1108,"Budapest X. kerület, Gőzmozdony utca",Budapest,,,2.0,50.0,,HUF,62000000,felújított,nincs megadva,nincs megadva,7,10,van,nincs megadva,van,nincs megadva,külön helyiségben,nincs megadva,panorámás,4 m2,nem,"utca, közterület",,nincs megadva,18 000 Ft/hó,távfűtés,nincs megadva,C,nem tetőtéri,nincs megadva,,,,,,,,50.0,62.0,1240000,7,7.0,10.0,4.0,18000.0,,,Nem ismert,364,Gőzmozdony utca,,,,"Budapest X. kerület, Gőzmozdony utca",2,0,2.0,Újhegy,Panel lakás,Lépj kapcsolatba a hirdetővel,,Ingatlaniroda,4,
35562756,elado,https://ingatlan.com/35562756,"Eladó tégla lakás - Budapest X. kerület, Üllői út #35562756",1101,"Budapest X. kerület, Üllői út",Budapest,,,2.0,47.0,,HUF,59000000,jó állapotú,nincs megadva,nincs megadva,nincs megadva,nincs megadva,nincs,nincs megadva,van,nincs megadva,külön helyiségben,nincs megadva,nincs megadva,nincs megadva,igen,nincs megadva,,nincs megadva,nincs megadva,gáz (konvektor),nincs megadva,nincs megadva,nem tetőtéri,,,,,,,,,47.0,59.0,1255319,nincs megadva,,,,,,,Nem ismert,1976,Üllői út,,,,"Budapest X. kerület, Üllői út",2,0,2.0,Gyárdűlő,Tégla lakás,Lépj kapcsolatba a hirdetővel,,Ingatlaniroda,4,
35563180,elado,https://ingatlan.com/35563180,"Eladó panel lakás - Budapest X. kerület, Tóvirág utca #35563180",1108,"Budapest X. kerület, Tóvirág utca",Budapest,,,3.0,68.0,,HUF,66500000,közepes állapotú,nincs megadva,összkomfortos,földszint,10,van,nincs megadva,nincs megadva,nincs megadva,nincs megadva,nincs megadva,utcai,nincs megadva,nincs megadva,"utca, közterület - ingyenes",,nincs megadva,nincs megadva,távfűtés,nincs megadva,nincs megadva,nincs megadva,nincs megadva,,,,,,,,68.0,66.5,977941,földszint,0.0,10.0,,,,,Nem ismert,2689,Tóvirág utca,,,,"Budapest X. kerület, Tóvirág utca",3,0,3.0,Újhegy,Panel lakás,Lépj kapcsolatba a hirdetővel,,Ingatlaniroda,4,
35563198,elado,https://ingatlan.com/35563198,"Eladó panel lakás - Budapest X. kerület, Kőrösi Csoma Sándor út #35563198",1102,"Budapest X. kerület, Kőrösi Csoma Sándor út",Budapest,,,1.0,38.0,,HUF,44900000,jó állapotú,nincs megadva,összkomfortos,9,nincs megadva,van,nincs megadva,van,nincs megadva,külön helyiségben,délkelet,panorámás,nincs megadva,nincs megadva,"utca, közterület - ingyenes",,15 000 Ft/hó,12 000 Ft/hó,távfűtés,van,nincs megadva,nem tetőtéri,nincs megadva,,,,,,,,38.0,44.9,1181579,9,9.0,,,12000.0,15000.0,,Nem ismert,1448,Kőrösi Csoma Sándor út,,,,"Budapest X. kerület, Kőrösi Csoma Sándor út",1,0,1.0,Kőbánya-Városközpont,Panel lakás,Lépj kapcsolatba a hirdetővel,,Ingatlaniroda,4,
35563203,elado,https://ingatlan.com/35563203,"Eladó panel lakás - Budapest X. kerület, Harmat utca #35563203",1102,"Budapest X. kerület, Harmat utca",Budapest,,,2.0,47.0,1981.0,HUF,60000000,jó állapotú,1981 és 2000 között,összkomfortos,1,4,nincs,3 m-nél alacsonyabb,nincs,nem,egy helyiségben,kelet,kertre néz,nincs megadva,igen,"utca, közterület",,50 000 Ft/hó,15 040 Ft/hó,távfűtés,nincs,A,"legfelső emelet, nem tetőtéri",nem vett részt,,,,,,,,47.0,60.0,1276596,1,1.0,4.0,,15040.0,50000.0,,1980-1999 (késő panel/tégla),603,Harmat utca,,,,"Budapest X. kerület, Harmat utca",2,0,2.0,Kőbánya-Városközpont,Panel lakás,Lépj kapcsolatba a hirdetővel,,Ingatlaniroda,2,1988.0
35563226,elado,https://ingatlan.com/35563226,"Eladó panel lakás - Budapest X. kerület, Kápolna utca #35563226",1102,"Budapest X. kerület, Kápolna utca",Budapest,,,3.0,63.0,,HUF,75900000,jó állapotú,nincs megadva,összkomfortos,2,7,van,nincs megadva,nincs megadva,nincs megadva,nincs megadva,nincs megadva,utcai,nincs megadva,nincs megadva,"utca, közterület - ingyenes",,nincs megadva,nincs megadva,távfűtés,nincs megadva,nincs megadva,nincs megadva,nincs megadva,,,,,,,,63.0,75.9,1204762,2,2.0,7.0,,,,,Nem ismert,1125,Kápolna utca,,,,"Budapest X. kerület, Kápolna utca",3,0,3.0,Kőbánya-Városközpont,Panel lakás,Lépj kapcsolatba a hirdetővel,,Ingatlaniroda,4,
35563283,elado,https://ingatlan.com/35563283,"Eladó tégla lakás - Budapest X. kerület, Mádi utca #35563283",1105,"Budapest X. kerület, Mádi utca",Budapest,,,2.0,54.0,1950.0,HUF,53900000,felújítandó,1950 és 1980 között,összkomfortos,3,4,nincs,3 m-nél alacsonyabb,nincs megadva,nincs megadva,nincs megadva,délkelet,nincs megadva,4 m2,nincs megadva,nincs megadva,,nincs megadva,42 000 Ft/hó,gáz (konvektor),van,nincs megadva,nincs megadva,,,,,,,,,54.0,53.9,998148,3,3.0,4.0,4.0,42000.0,,,1950-1979 (szocialista modern),701,Mádi utca,,,,"Budapest X. kerület, Mádi utca",2,0,2.0,Óhegy,Tégla lakás,Lépj kapcsolatba a hirdetővel,,Ingatlaniroda,4,1968.0
35563312,elado,https://ingatlan.com/35563312,"Eladó tégla lakás - Budapest X. kerület, Halom utca #35563312",1102,"Budapest X. kerület, Halom utca",Budapest,,,4.0,90.0,2014.0,HUF,109890000,újszerű,2014,nincs megadva,4,nincs megadva,van,nincs megadva,nincs megadva,nincs megadva,külön és egyben is,nincs megadva,kertre néz,12 m2,nincs megadva,teremgarázs hely - kötelező megvenni,5 MFt,nincs megadva,nincs megadva,házközponti egyedi méréssel,van,nincs megadva,nincs megadva,,,,,,,,,90.0,109.89,1221000,4,4.0,,12.0,,,2014.0,2000-2019 (újszerű),8899,Halom utca,,,,"Budapest X. kerület, Halom utca",4,0,4.0,Ligettelek,Tégla lakás,Lépj kapcsolatba a hirdetővel,,Ingatlaniroda,4,2014.0
35563379,elado,https://ingatlan.com/35563379,"Eladó panel lakás - Budapest X. kerület, Agyagfejtő utca #35563379",1108,"Budapest X. kerület, Agyagfejtő utca",Budapest,,,2.0,49.0,1950.0,HUF,52900000,közepes állapotú,1950 és 1980 között,összkomfortos,földszint,10,van,3 m-nél alacsonyabb,van,nem,külön helyiségben,nyugat,utcai,3 m2,nem,"utca, közterület - ingyenes",,nincs megadva,15 Ft/hó,távfűtés,nincs,G,nem tetőtéri,nem vett részt,,,,,,,,49.0,52.9,1079592,földszint,0.0,10.0,3.0,15.0,,,1950-1979 (szocialista modern),2341,Agyagfejtő utca,,,,"Budapest X. kerület, Agyagfejtő utca",2,0,2.0,Újhegy,Panel lakás,Lépj kapcsolatba a hirdetővel,,Ingatlaniroda,4,1968.0
35563635,elado,https://ingatlan.com/35563635,"Eladó tégla lakás - Budapest X. kerület, Halom utca #35563635",1102,"Budapest X. kerület, Halom utca",Budapest,,,4.0,90.0,2013.0,HUF,110000000,újszerű,2013,nincs megadva,4,nincs megadva,van,nincs megadva,nincs megadva,nincs megadva,nincs megadva,nincs megadva,utcai,12 m2,nincs megadva,teremgarázs hely - kötelező megvenni,5 MFt,nincs megadva,nincs megadva,nincs megadva,nincs megadva,nincs megadva,nincs megadva,,,,,,,,,90.0,110.0,1222222,4,4.0,,12.0,,,2013.0,2000-2019 (újszerű),4392,Halom utca,,,,"Budapest X. kerület, Halom utca",4,0,4.0,Kőbánya-Városközpont,Tégla lakás,Lépj kapcsolatba a hirdetővel,,Ingatlaniroda,4,2013.0
35563811,elado,https://ingatlan.com/35563811,"Eladó panel lakás - Budapest X. kerület, Felsőrákos #35563811",1106,"Budapest X. kerület, Felsőrákos",Budapest,,,2.0,53.0,1950.0,HUF,64900000,közepes állapotú,1950 és 1980 között,összkomfortos,9,nincs megadva,van,3 m-nél alacsonyabb,nincs megadva,nincs megadva,nincs megadva,délkelet,utcai,4 m2,nincs megadva,udvari beálló,,nincs megadva,nincs megadva,távfűtés,nincs megadva,nincs megadva,nem tetőtéri,nincs megadva,,,,,,,,53.0,64.9,1224528,9,9.0,,4.0,,,,1950-1979 (szocialista modern),2381,Felsőrákos,,,,"Budapest X. kerület, Felsőrákos",2,0,2.0,Felsőrákos,Panel lakás,Lépj kapcsolatba a hirdetővel,,Ingatlaniroda,4,1968.0
35564188,elado,https://ingatlan.com/35564188,"Eladó panel lakás - Budapest X. kerület, Kőbánya - Óhegy #35564188",1103,"Budapest X. kerület, Kőbánya - Óhegy",Budapest,,,2.0,49.0,1950.0,HUF,58900000,jó állapotú,1950 és 1980 között,nincs megadva,4,4,nincs megadva,3 m-nél alacsonyabb,nincs megadva,nincs megadva,egy helyiségben,délnyugat,nincs megadva,nincs megadva,nincs megadva,nincs megadva,,nincs megadva,13 000 Ft/hó,távfűtés,van - 10 cm,nincs megadva,nincs megadva,részt vett,,,,,,,,49.0,58.9,1202041,4,4.0,4.0,,13000.0,,,1950-1979 (szocialista modern),1082,Kőbánya - Óhegy,,,,"Budapest X. kerület, Kőbánya - Óhegy",2,0,2.0,Óhegy,Panel lakás,Lépj kapcsolatba a hirdetővel,,Ingatlaniroda,4,1968.0
35564196,elado,https://ingatlan.com/35564196,"Eladó tégla lakás - Budapest X. kerület, Sörgyár utca #35564196",1104,"Budapest X. kerület, Sörgyár utca",Budapest,,,2.0,43.0,,HUF,52000000,jó állapotú,nincs megadva,komfortos,3,3,nincs,3 m-nél alacsonyabb,nincs megadva,nincs megadva,egy helyiségben,kelet,nincs megadva,nincs megadva,nincs megadva,"utca, közterület",,nincs megadva,12 500 Ft/hó,gáz (konvektor),nincs,nincs megadva,nem tetőtéri,,,,,,,,,43.0,52.0,1209302,3,3.0,3.0,,12500.0,,,Nem ismert,394,Sörgyár utca,,1,1,"Budapest X. kerület, Sörgyár utca 1.",2,0,2.0,Óhegy,Tégla lakás,Lépj kapcsolatba a hirdetővel,,Ingatlaniroda,2,
35564239,elado,https://ingatlan.com/35564239,"Eladó panel lakás - Budapest X. kerület, Kőbánya - Újhegyi lakótelep #35564239",1108,"Budapest X. kerület, Kőbánya - Újhegyi lakótelep",Budapest,,,3.0,68.0,1950.0,HUF,65000000,közepes állapotú,1950 és 1980 között,nincs megadva,6,10,van,3 m-nél alacsonyabb,nincs megadva,nincs megadva,nincs megadva,délnyugat,nincs megadva,3 m2,nincs megadva,nincs megadva,,nincs megadva,20 780 Ft/hó,távfűtés,nincs megadva,nincs megadva,nincs megadva,nincs megadva,,,,,,,,68.0,65.0,955882,6,6.0,10.0,3.0,20780.0,,,1950-1979 (szocialista modern),1358,Kőbánya - Újhegyi lakótelep,,,,"Budapest X. kerület, Kőbánya - Újhegyi lakótelep",3,0,3.0,Újhegy,Panel lakás,Lépj kapcsolatba a hirdetővel,,Ingatlaniroda,4,1968.0
35564284,elado,https://ingatlan.com/35564284,"Eladó tégla lakás - Budapest X. kerület, Gyárdűlő #35564284",1107,"Budapest X. kerület, Gyárdűlő",Budapest,,,3.0,81.0,1950.0,HUF,79990000,felújítandó,1950 és 1980 között,nincs megadva,1,3,nincs megadva,3 m-nél magasabb,nincs megadva,nincs megadva,egy helyiségben,dél,nincs megadva,nincs megadva,nincs megadva,"utca, közterület",,nincs megadva,nincs megadva,nincs megadva,nincs megadva,nincs megadva,nincs megadva,,,,,,,,,81.0,79.99,987531,1,1.0,3.0,,,,,1950-1979 (szocialista modern),802,Gyárdűlő,,,,"Budapest X. kerület, Gyárdűlő",3,0,3.0,Gyárdűlő,Tégla lakás,Lépj kapcsolatba a hirdetővel,,Ingatlaniroda,4,1968.0
35564478,elado,https://ingatlan.com/35564478,"Eladó tégla lakás - Budapest X. kerület, Csilla utca #35564478",1101,"Budapest X. kerület, Csilla utca",Budapest,,,2.0,36.0,1940.0,HUF,48900000,jó állapotú,1950 előtt,összkomfortos,földszint,4,nincs,3 m-nél alacsonyabb,nincs,nem,külön helyiségben,nyugat,nincs megadva,nincs megadva,nem,"utca, közterület - ingyenes",,nincs megadva,12 265 Ft/hó,gáz (konvektor),nincs,G,nem tetőtéri,,,,,,,,,36.0,48.9,1358333,földszint,0.0,4.0,,12265.0,,,1950 előtt (klasszikus polgári/tégla),825,Csilla utca,,36,36,"Budapest X. kerület, Csilla utca 36.",2,0,2.0,Laposdűlő,Tégla lakás,Lépj kapcsolatba a hirdetővel,,Ingatlaniroda,4,1930.0
35564686,elado,https://ingatlan.com/35564686,"Eladó panel lakás - Budapest X. kerület, Kőbánya - Óhegy #35564686",1103,"Budapest X. kerület, Kőbánya - Óhegy",Budapest,,,3.0,56.0,1950.0,HUF,70500000,felújított,1950 és 1980 között,nincs megadva,2,nincs megadva,nincs megadva,3 m-nél alacsonyabb,nincs megadva,nincs megadva,nincs megadva,délnyugat,kertre néz,nincs megadva,nincs megadva,nincs megadva,,nincs megadva,nincs megadva,távfűtés,nincs megadva,nincs megadva,nem tetőtéri,nincs megadva,,,,,,,,56.0,70.5,1258929,2,2.0,,,,,,1950-1979 (szocialista modern),1424,Kőbánya - Óhegy,,,,"Budapest X. kerület, Kőbánya - Óhegy",3,0,3.0,Óhegy,Panel lakás,Lépj kapcsolatba a hirdetővel,,Ingatlaniroda,4,1968.0
35564747,elado,https://ingatlan.com/35564747,"Eladó tégla lakás - Budapest X. kerület, Kőbánya - Óhegy #35564747",1103,"Budapest X. kerület, Kőbánya - Óhegy",Budapest,,,4.0,94.0,1950.0,HUF,94900000,felújított,1950 és 1980 között,nincs megadva,félemelet,nincs megadva,nincs,3 m-nél alacsonyabb,van,nincs megadva,külön helyiségben,nincs megadva,udvari,nincs megadva,nincs megadva,"utca, közterület - ingyenes",,nincs megadva,nincs megadva,"elektromos fűtőpanel, hűtő-fűtő klíma",nincs megadva,nincs megadva,nem tetőtéri,,,,,,,,,94.0,94.9,1009574,félemelet,0.5,,,,,,1950-1979 (szocialista modern),3204,Kőbánya - Óhegy,,,,"Budapest X. kerület, Kőbánya - Óhegy",4,0,4.0,Óhegy,Tégla lakás,Lépj kapcsolatba a hirdetővel,,Ingatlaniroda,4,1968.0
35565161,elado,https://ingatlan.com/35565161,"Eladó panel lakás - Budapest X. kerület, Kőbánya - Újhegyi lakótelep #35565161",1108,"Budapest X. kerület, Kőbánya - Újhegyi lakótelep",Budapest,,,1.0,36.0,1950.0,HUF,44900000,közepes állapotú,1950 és 1980 között,összkomfortos,2,10,van,3 m-nél alacsonyabb,nincs megadva,nincs megadva,külön helyiségben,nincs megadva,nincs megadva,nincs megadva,nincs megadva,"utca, közterület - ingyenes",,nincs megadva,nincs megadva,távfűtés egyedi méréssel,van,E,nincs megadva,nincs megadva,,,,,,,,36.0,44.9,1247222,2,2.0,10.0,,,,,1950-1979 (szocialista modern),1411,Kőbánya - Újhegyi lakótelep,,,,"Budapest X. kerület, Kőbánya - Újhegyi lakótelep",1,0,1.0,Újhegy,Panel lakás,Lépj kapcsolatba a hirdetővel,,Ingatlaniroda,4,1968.0
35565376,elado,https://ingatlan.com/35565376,"Eladó panel lakás - Budapest X. kerület, Kőbánya - Újhegyi lakótelep #35565376",1108,"Budapest X. kerület, Kőbánya - Újhegyi lakótelep",Budapest,,,2.0,49.0,,HUF,55900000,felújítandó,nincs megadva,összkomfortos,7,10,van,3 m-nél alacsonyabb,van,nincs megadva,külön helyiségben,délnyugat,panorámás,nincs megadva,nincs megadva,"utca, közterület - ingyenes",,nincs megadva,13 500 Ft/hó,"távfűtés, hűtő-fűtő klíma",van - 15 cm,nincs megadva,nincs megadva,részt vett,,,,,,,,49.0,55.9,1140816,7,7.0,10.0,,13500.0,,,Nem ismert,1191,Kőbánya - Újhegyi lakótelep,,,,"Budapest X. kerület, Kőbánya - Újhegyi lakótelep",2,0,2.0,Újhegy,Panel lakás,Lépj kapcsolatba a hirdetővel,,Ingatlaniroda,4,
35565455,elado,https://ingatlan.com/35565455,"Eladó panel lakás - Budapest X. kerület, Kápolna utca #35565455",1102,"Budapest X. kerület, Kápolna utca",Budapest,,,3.0,63.0,1950.0,HUF,68000000,felújított,1950 és 1980 között,összkomfortos,3,7,van,3 m-nél alacsonyabb,van,nincs megadva,külön helyiségben,délnyugat,utcai,nincs megadva,nincs megadva,nincs megadva,,nincs megadva,15 000 Ft/hó,távfűtés,nincs megadva,nincs megadva,nincs megadva,nem vett részt,,,,,,,,63.0,68.0,1079365,3,3.0,7.0,,15000.0,,,1950-1979 (szocialista modern),1560,Kápolna utca,,63,63,"Budapest X. kerület, Kápolna utca 63.",3,0,3.0,Kőbánya-Városközpont,Panel lakás,Lépj kapcsolatba a hirdetővel,,Ingatlaniroda,4,1968.0
35565483,elado,https://ingatlan.com/35565483,"Eladó panel lakás - Budapest X. kerület, Csombor utca #35565483",1103,"Budapest X. kerület, Csombor utca",Budapest,,,3.0,63.0,1981.0,HUF,61900000,jó állapotú,1981 és 2000 között,összkomfortos,4,4,nincs,3 m-nél alacsonyabb,van,nem,külön helyiségben,délnyugat,utcai,nincs megadva,nem,"utca, közterület - ingyenes",,nincs megadva,18 500 Ft/hó,távfűtés,nincs,nincs megadva,nincs megadva,nem vett részt,,,,,,,,63.0,61.9,982540,4,4.0,4.0,,18500.0,,,1980-1999 (késő panel/tégla),2020,Csombor utca,,,,"Budapest X. kerület, Csombor utca",3,0,3.0,Óhegy,Panel lakás,Lépj kapcsolatba a hirdetővel,,Ingatlaniroda,4,1988.0
35565580,elado,https://ingatlan.com/35565580,"Eladó tégla lakás - Budapest X. kerület, Kőbánya - Óhegy #35565580",1103,"Budapest X. kerület, Kőbánya - Óhegy",Budapest,,,2.0,39.0,1940.0,HUF,33499000,felújítandó,1950 előtt,nincs megadva,földszint,földszintes,nincs megadva,3 m-nél alacsonyabb,nincs,nem,egy helyiségben,délnyugat,kertre néz,nincs megadva,igen,"utca, közterület",,nincs megadva,13 700 Ft/hó,nincs megadva,nincs megadva,I,nem tetőtéri,,,,,,,,,39.0,33.5,858949,földszint,0.0,0.0,,13700.0,,,1950 előtt (klasszikus polgári/tégla),1368,Kőbánya - Óhegy,,,,"Budapest X. kerület, Kőbánya - Óhegy",2,0,2.0,Óhegy,Tégla lakás,Lépj kapcsolatba a hirdetővel,,Ingatlaniroda,4,1930.0
35565650,elado,https://ingatlan.com/35565650,"Eladó tégla lakás - Budapest X. kerület, Gyógyszergyári utca 6. #35565650",1106,"Budapest X. kerület, Gyógyszergyári utca 6.",Budapest,47.497833,19.141041,3.0,66.0,2026.0,HUF,108500000,nincs megadva,2026,összkomfortos,1,7,van,3 m-nél alacsonyabb,van,igen,külön helyiségben,észak,kertre néz,17 m2,nem,"utca, közterület - ingyenes",,nincs megadva,nincs megadva,házközponti,van - 10 cm,nincs megadva,nem tetőtéri,,,,,,,,,66.0,108.5,1643939,1,1.0,7.0,17.0,,,2026.0,2020 után (új építésű),2917,Gyógyszergyári utca,6,,6,"Budapest X. kerület, Gyógyszergyári utca 6.",3,0,3.0,Felsőrákos,Tégla lakás,Lépj kapcsolatba a hirdetővel,,Ingatlaniroda,2,2026.0
35565715,elado,https://ingatlan.com/35565715,"Eladó tégla lakás - Budapest X. kerület, Harmat utca #35565715",1104,"Budapest X. kerület, Harmat utca",Budapest,,,2.0,55.0,1981.0,HUF,63500000,felújított,1981 és 2000 között,összkomfortos,3,4,nincs,3 m-nél alacsonyabb,van,igen,külön helyiségben,délkelet,nincs megadva,nincs megadva,nincs megadva,"utca, közterület - ingyenes",,33 000 Ft/hó,15 Ft/hó,távfűtés,van - 16 cm,nincs megadva,nincs megadva,,,,,,,,,55.0,63.5,1154545,3,3.0,4.0,,15.0,33000.0,,1980-1999 (késő panel/tégla),941,Harmat utca,,4,4,"Budapest X. kerület, Harmat utca 4.",2,0,2.0,Óhegy,Tégla lakás,Lépj kapcsolatba a hirdetővel,,Ingatlaniroda,4,1988.0
35565817,elado,https://ingatlan.com/35565817,"Eladó tégla lakás - Budapest X. kerület, Kőbánya - Óhegy #35565817",1103,"Budapest X. kerület, Kőbánya - Óhegy",Budapest,,,3.0,56.0,1981.0,HUF,64900000,jó állapotú,1981 és 2000 között,duplakomfortos,2,2,nincs,3 m-nél alacsonyabb,van,nincs megadva,külön és egyben is,délkelet,kertre néz,8.2 m2,nincs megadva,önálló garázs,,nincs megadva,31 000 Ft/hó,gázkazán,nincs megadva,E,nincs megadva,,,,,,,,,56.0,64.9,1158929,2,2.0,2.0,8.2,31000.0,,,1980-1999 (késő panel/tégla),1981,Kőbánya - Óhegy,,,,"Budapest X. kerület, Kőbánya - Óhegy",3,0,3.0,Óhegy,Tégla lakás,Lépj kapcsolatba a hirdetővel,,Ingatlaniroda,4,1988.0
35566450,elado,https://ingatlan.com/35566450,"Eladó panel lakás - Budapest X. kerület, Hungária körút 2. #35566450",1101,"Budapest X. kerület, Hungária körút 2.",Budapest,47.487957,19.10838,3.0,72.0,,HUF,85000000,nincs megadva,nincs megadva,nincs megadva,nincs megadva,nincs megadva,nincs megadva,nincs megadva,nincs megadva,nincs megadva,nincs megadva,nincs megadva,nincs megadva,2 m2,nincs megadva,nincs megadva,,nincs megadva,nincs megadva,nincs megadva,nincs megadva,nincs megadva,nincs megadva,nincs megadva,,,,,,,,72.0,85.0,1180556,nincs megadva,,,2.0,,,,Nem ismert,386,Hungária körút,2,,2,"Budapest X. kerület, Hungária körút 2.",3,0,3.0,Laposdűlő,Panel lakás,Lépj kapcsolatba a hirdetővel,,Ingatlaniroda,4,
35566498,elado,https://ingatlan.com/35566498,"Eladó tégla lakás - Budapest X. kerület, Gyakorló utcai lakótelep #35566498",1106,"Budapest X. kerület, Gyakorló utcai lakótelep",Budapest,,,1.0,34.0,1940.0,HUF,48900000,jó állapotú,1950 előtt,komfortos,2,5,nincs,3 m-nél alacsonyabb,van,nincs megadva,külön helyiségben,dél,kertre néz,nincs megadva,nincs megadva,"utca, közterület",,nincs megadva,13 000 Ft/hó,gáz (konvektor),van,nincs megadva,nincs megadva,,,,,,,,,34.0,48.9,1438235,2,2.0,5.0,,13000.0,,,1950 előtt (klasszikus polgári/tégla),1454,Gyakorló utcai lakótelep,,34,34,"Budapest X. kerület, Gyakorló utcai lakótelep 34.",1,0,1.0,Felsőrákos,Tégla lakás,Lépj kapcsolatba a hirdetővel,,Ingatlaniroda,4,1930.0
35566913,elado,https://ingatlan.com/35566913,"Eladó panel lakás - Budapest X. kerület, Kápolna utca #35566913",1102,"Budapest X. kerület, Kápolna utca",Budapest,,,3.0,63.0,1981.0,HUF,65000000,jó állapotú,1981 és 2000 között,összkomfortos,4,7,van,3 m-nél alacsonyabb,nincs megadva,igen,külön helyiségben,délnyugat,panorámás,nincs megadva,nem,"utca, közterület - ingyenes",,37 000 Ft/hó,22 617 Ft/hó,távfűtés,van - 10 cm,A+,nem tetőtéri,nincs megadva,,,,,,,,63.0,65.0,1031746,4,4.0,7.0,,22617.0,37000.0,,1980-1999 (késő panel/tégla),1326,Kápolna utca,,4,4,"Budapest X. kerület, Kápolna utca 4.",3,0,3.0,Kőbánya-Városközpont,Panel lakás,Lépj kapcsolatba a hirdetővel,,Ingatlaniroda,2,1988.0
35566983,elado,https://ingatlan.com/35566983,"Eladó tégla lakás - Budapest X. kerület, Liget utca #35566983",1102,"Budapest X. kerület, Liget utca",Budapest,,,2.0,51.0,2001.0,HUF,69900000,újszerű,2001 és 2010 között,összkomfortos,3,4,van,3 m-nél alacsonyabb,nincs,nem,külön helyiségben,délnyugat,udvari,nincs megadva,nem,"utca, közterület - ingyenes",,31 000 Ft/hó,23 000 Ft/hó,házközponti egyedi méréssel,van - 8 cm,nincs megadva,nem tetőtéri,,,,,,,,,51.0,69.9,1370588,3,3.0,4.0,,23000.0,31000.0,,2000-2019 (újszerű),1842,Liget utca,,,,"Budapest X. kerület, Liget utca",2,0,2.0,Kőbánya-Városközpont,Tégla lakás,Lépj kapcsolatba a hirdetővel,,Ingatlaniroda,4,2005.0
35567047,elado,https://ingatlan.com/35567047,"Eladó tégla lakás - Budapest X. kerület, Tavas utca #35567047",1108,"Budapest X. kerület, Tavas utca",Budapest,,,3.0,61.0,2001.0,HUF,89900000,újszerű,2001 és 2010 között,összkomfortos,földszint,6,van,3 m-nél magasabb,van,nem,egy helyiségben,délnyugat,udvari,16 m2,igen,"utca, közterület - ingyenes",,20 000 Ft/hó,20 000 Ft/hó,"hűtő-fűtő klíma, házközponti egyedi méréssel",van - 10 cm,D,nem tetőtéri,,,,,,,,,61.0,89.9,1473770,földszint,0.0,6.0,16.0,20000.0,20000.0,,2000-2019 (újszerű),1420,Tavas utca,,,,"Budapest X. kerület, Tavas utca",3,0,3.0,Újhegy,Tégla lakás,Lépj kapcsolatba a hirdetővel,,Ingatlaniroda,2,2005.0
35567317,elado,https://ingatlan.com/35567317,"Eladó tégla lakás - Budapest X. kerület, Kőbánya - Óhegy #35567317",1103,"Budapest X. kerület, Kőbánya - Óhegy",Budapest,,,3.0,121.0,,HUF,83900000,felújítandó,nincs megadva,nincs megadva,3,6,nincs megadva,3 m-nél magasabb,nincs megadva,nincs megadva,nincs megadva,észak,nincs megadva,nincs megadva,nincs megadva,nincs megadva,,nincs megadva,nincs megadva,házközponti egyedi méréssel,nincs megadva,nincs megadva,nincs megadva,,,,,,,,,121.0,83.9,693388,3,3.0,6.0,,,,,Nem ismert,674,Kőbánya - Óhegy,,,,"Budapest X. kerület, Kőbánya - Óhegy",3,0,3.0,Óhegy,Tégla lakás,Lépj kapcsolatba a hirdetővel,,Ingatlaniroda,4,
35567347,elado,https://ingatlan.com/35567347,"Eladó csúsztatott zsalus - Budapest X. kerület, Kőbánya - Óhegy #35567347",1103,"Budapest X. kerület, Kőbánya - Óhegy",Budapest,,,3.0,63.0,1950.0,HUF,67000000,felújított,1950 és 1980 között,nincs megadva,6,nincs megadva,van,3 m-nél alacsonyabb,nincs megadva,nincs megadva,nincs megadva,nyugat,utcai,nincs megadva,nincs megadva,nincs megadva,,nincs megadva,nincs megadva,távfűtés,nincs megadva,nincs megadva,,,,,,,,,,63.0,67.0,1063492,6,6.0,,,,,,1950-1979 (szocialista modern),1093,Kőbánya - Óhegy,,,,"Budapest X. kerület, Kőbánya - Óhegy",3,0,3.0,Óhegy,Csúsztatott zsalus lakás,Lépj kapcsolatba a hirdetővel,,Ingatlaniroda,4,1968.0
35567355,elado,https://ingatlan.com/35567355,"Eladó panel lakás - Budapest X. kerület, Állomás utca #35567355",1102,"Budapest X. kerület, Állomás utca",Budapest,,,2.0,52.0,,HUF,57900000,nincs megadva,nincs megadva,nincs megadva,nincs megadva,nincs megadva,nincs megadva,nincs megadva,nincs megadva,nincs megadva,nincs megadva,nincs megadva,nincs megadva,2 m2,nincs megadva,nincs megadva,,nincs megadva,nincs megadva,nincs megadva,nincs megadva,nincs megadva,nincs megadva,nincs megadva,,,,,,,,52.0,57.9,1113462,nincs megadva,,,2.0,,,,Nem ismert,1240,Állomás utca,,9,9,"Budapest X. kerület, Állomás utca 9.",2,0,2.0,Kőbánya-Városközpont,Panel lakás,Lépj kapcsolatba a hirdetővel,,Ingatlaniroda,3,
35567444,elado,https://ingatlan.com/35567444,"Eladó tégla lakás - Budapest X. kerület, Népliget #35567444",1101,"Budapest X. kerület, Népliget",Budapest,,,3.0,80.0,2001.0,HUF,159000000,újszerű,2001 és 2010 között,összkomfortos,5,5,van,3 m-nél alacsonyabb,van,nincs megadva,egy helyiségben,nincs megadva,panorámás,80 m2,nincs megadva,nincs megadva,,nincs megadva,nincs megadva,házközponti egyedi méréssel,van - 5 cm,D,nincs megadva,,,,,,,,,80.0,159.0,1987500,5,5.0,5.0,80.0,,,,2000-2019 (újszerű),1100,Népliget,,,,"Budapest X. kerület, Népliget",3,0,3.0,Kőbánya egyéb,Tégla lakás,Lépj kapcsolatba a hirdetővel,,Ingatlaniroda,4,2005.0
35567706,elado,https://ingatlan.com/35567706,"Eladó panel lakás - Budapest X. kerület, Kőbánya-Városközpont #35567706",1105,"Budapest X. kerület, Kőbánya-Városközpont",Budapest,,,2.0,53.0,1981.0,HUF,70000000,közepes állapotú,1981 és 2000 között,összkomfortos,3,9,van,3 m-nél alacsonyabb,van,nincs megadva,külön helyiségben,délkelet,panorámás,7 m2,nincs megadva,"utca, közterület - ingyenes",,nincs megadva,nincs megadva,távfűtés egyedi méréssel,nincs megadva,nincs megadva,nincs megadva,nincs megadva,,,,,,,,53.0,70.0,1320755,3,3.0,9.0,7.0,,,,1980-1999 (késő panel/tégla),2368,Kőbánya-Városközpont,,,,"Budapest X. kerület, Kőbánya-Városközpont",2,0,2.0,Kőbánya-Városközpont,Panel lakás,Lépj kapcsolatba a hirdetővel,,Ingatlaniroda,4,1988.0
35568079,elado,https://ingatlan.com/35568079,"Eladó panel lakás - Budapest X. kerület, Agyagfejtő utca #35568079",1108,"Budapest X. kerület, Agyagfejtő utca",Budapest,,,2.0,49.0,1950.0,HUF,53000000,jó állapotú,1950 és 1980 között,összkomfortos,földszint,nincs megadva,van,3 m-nél alacsonyabb,nincs megadva,nincs megadva,nincs megadva,délnyugat,kertre néz,nincs megadva,nincs megadva,nincs megadva,,nincs megadva,15 000 Ft/hó,távfűtés,nincs megadva,nincs megadva,nem tetőtéri,nincs megadva,,,,,,,,49.0,53.0,1081633,földszint,0.0,,,15000.0,,,1950-1979 (szocialista modern),2068,Agyagfejtő utca,,,,"Budapest X. kerület, Agyagfejtő utca",2,0,2.0,Újhegy,Panel lakás,Lépj kapcsolatba a hirdetővel,,Ingatlaniroda,4,1968.0
35568279,elado,https://ingatlan.com/35568279,"Eladó panel lakás - Budapest X. kerület, Kővágó utca #35568279",1108,"Budapest X. kerület, Kővágó utca",Budapest,,,2.0,49.0,,HUF,54900000,felújított,nincs megadva,nincs megadva,nincs megadva,nincs megadva,van,nincs megadva,van,nincs megadva,nincs megadva,nincs megadva,nincs megadva,nincs megadva,nincs megadva,"utca, közterület - ingyenes",,nincs megadva,nincs megadva,"távfűtés, hűtő-fűtő klíma",nincs megadva,nincs megadva,nem tetőtéri,nincs megadva,,,,,,,,49.0,54.9,1120408,nincs megadva,,,,,,,Nem ismert,1879,Kővágó utca,,,,"Budapest X. kerület, Kővágó utca",2,0,2.0,Újhegy,Panel lakás,Lépj kapcsolatba a hirdetővel,,Magánszemély,4,
35568566,elado,https://ingatlan.com/35568566,"Eladó panel lakás - Budapest X. kerület, Tóvirág utca #35568566",1108,"Budapest X. kerület, Tóvirág utca",Budapest,,,3.0,68.0,1950.0,HUF,63900000,felújítandó,1950 és 1980 között,összkomfortos,földszint,10,van,3 m-nél alacsonyabb,nincs megadva,nem,külön helyiségben,nincs megadva,utcai,4 m2,nem,"utca, közterület - ingyenes",,nincs megadva,nincs megadva,távfűtés,nincs megadva,C,nincs megadva,nincs megadva,,,,,,,,68.0,63.9,939706,földszint,0.0,10.0,4.0,,,,1950-1979 (szocialista modern),765,Tóvirág utca,,68,68,"Budapest X. kerület, Tóvirág utca 68.",3,0,3.0,Újhegy,Panel lakás,Lépj kapcsolatba a hirdetővel,,Ingatlaniroda,4,1968.0
35568698,elado,https://ingatlan.com/35568698,"Eladó panel lakás - Budapest X. kerület, Kővágó utca #35568698",1108,"Budapest X. kerület, Kővágó utca",Budapest,,,2.0,49.0,,HUF,55900000,jó állapotú,nincs megadva,nincs megadva,10,nincs megadva,van,nincs megadva,nincs megadva,nincs megadva,külön helyiségben,nincs megadva,nincs megadva,3 m2,nincs megadva,nincs megadva,,nincs megadva,nincs megadva,távfűtés,nincs megadva,nincs megadva,nincs megadva,nincs megadva,,,,,,,,49.0,55.9,1140816,10,10.0,,3.0,,,,Nem ismert,749,Kővágó utca,,,,"Budapest X. kerület, Kővágó utca",2,0,2.0,Újhegy,Panel lakás,Lépj kapcsolatba a hirdetővel,,Ingatlaniroda,2,
35568764,elado,https://ingatlan.com/35568764,"Eladó tégla lakás - Budapest X. kerület, Kőbánya - Óhegyi lakótelep #35568764",1103,"Budapest X. kerület, Kőbánya - Óhegyi lakótelep",Budapest,,,2.0,39.0,1940.0,HUF,33500000,felújítandó,1950 előtt,összkomfortos,földszint,földszintes,nincs,3 m-nél magasabb,nincs,nem,külön helyiségben,délnyugat,udvari,nincs megadva,igen,"utca, közterület - ingyenes",,17 000 Ft/hó,12 000 Ft/hó,gáz (konvektor),nincs,nincs megadva,nem tetőtéri,,,,,,,,,39.0,33.5,858974,földszint,0.0,0.0,,12000.0,17000.0,,1950 előtt (klasszikus polgári/tégla),1956,Kőbánya - Óhegyi lakótelep,,,,"Budapest X. kerület, Kőbánya - Óhegyi lakótelep",2,0,2.0,Óhegy,Tégla lakás,Lépj kapcsolatba a hirdetővel,,Ingatlaniroda,4,1930.0
35568910,elado,https://ingatlan.com/35568910,"Eladó tégla lakás - Budapest X. kerület, Kőbánya - Óhegy #35568910",1103,"Budapest X. kerület, Kőbánya - Óhegy",Budapest,,,2.0,40.0,2001.0,HUF,65000000,felújított,2001 és 2010 között,összkomfortos,nincs megadva,4,nincs,3 m-nél alacsonyabb,nincs,nem,egy helyiségben,délnyugat,kertre néz,2.5 m2,igen,nincs megadva,,17 000 Ft/hó,8 449 Ft/hó,házközponti egyedi méréssel,van - 10 cm,nincs megadva,nem tetőtéri,,,,,,,,,40.0,65.0,1625000,nincs megadva,,4.0,2.5,8449.0,17000.0,,2000-2019 (újszerű),2378,Kőbánya - Óhegy,,,,"Budapest X. kerület, Kőbánya - Óhegy",2,0,2.0,Óhegy,Tégla lakás,Lépj kapcsolatba a hirdetővel,,Ingatlaniroda,4,2005.0
35569106,elado,https://ingatlan.com/35569106,"Eladó tégla lakás - Budapest X. kerület, Cserkesz utca #35569106",1105,"Budapest X. kerület, Cserkesz utca",Budapest,,,2.0,40.0,2001.0,HUF,65000000,jó állapotú,2001 és 2010 között,összkomfortos,2,4,nincs,nincs megadva,nincs,nincs megadva,egy helyiségben,délnyugat,kertre néz,2.4 m2,nem,"utca, közterület",,nincs megadva,8 450 Ft/hó,házközponti egyedi méréssel,nincs megadva,nincs megadva,nem tetőtéri,,,,,,,,,40.0,65.0,1625000,2,2.0,4.0,2.4,8450.0,,,2000-2019 (újszerű),2377,Cserkesz utca,,,,"Budapest X. kerület, Cserkesz utca",2,0,2.0,Kőbánya-Városközpont,Tégla lakás,Lépj kapcsolatba a hirdetővel,,Ingatlaniroda,4,2005.0
35569365,elado,https://ingatlan.com/35569365,"Eladó tégla lakás - Budapest X. kerület, Hatház utca 7. #35569365",1106,"Budapest X. kerület, Hatház utca 7.",Budapest,47.503149,19.149417,1.0,33.0,1940.0,HUF,49990000,közepes állapotú,1950 előtt,komfortos,1,4,nincs,3 m-nél alacsonyabb,van,nem,egy helyiségben,nincs megadva,kertre néz,nincs megadva,nincs megadva,"utca, közterület - fizetős övezet",,nincs megadva,nincs megadva,"gáz (konvektor), hűtő-fűtő klíma",nincs megadva,H,nincs megadva,,,,,,,,,33.0,49.99,1514848,1,1.0,4.0,,,,,1950 előtt (klasszikus polgári/tégla),3349,Hatház utca,7,,7,"Budapest X. kerület, Hatház utca 7.",1,0,1.0,Felsőrákos,Tégla lakás,Lépj kapcsolatba a hirdetővel,,Ingatlaniroda,4,1930.0
35569398,elado,https://ingatlan.com/35569398,"Eladó tégla lakás - Budapest X. kerület, Kőbánya - Óhegy #35569398",1103,"Budapest X. kerület, Kőbánya - Óhegy",Budapest,,,2.0,40.0,2001.0,HUF,65000000,felújított,2001 és 2010 között,összkomfortos,2,4,nincs,3 m-nél alacsonyabb,nincs megadva,nincs megadva,egy helyiségben,délnyugat,kertre néz,2.4 m2,nincs megadva,"utca, közterület - ingyenes",,nincs megadva,8 449 Ft/hó,házközponti egyedi méréssel,nincs megadva,nincs megadva,nincs megadva,,,,,,,,,40.0,65.0,1625000,2,2.0,4.0,2.4,8449.0,,,2000-2019 (újszerű),2377,Kőbánya - Óhegy,,,,"Budapest X. kerület, Kőbánya - Óhegy",2,0,2.0,Óhegy,Tégla lakás,Lépj kapcsolatba a hirdetővel,,Ingatlaniroda,4,2005.0
35569585,elado,https://ingatlan.com/35569585,"Eladó tégla lakás - Budapest X. kerület, Cserkesz utca #35569585",1105,"Budapest X. kerület, Cserkesz utca",Budapest,,,3.0,83.0,1940.0,HUF,78900000,jó állapotú,1950 előtt,összkomfortos,2,nincs megadva,nincs megadva,3 m-nél magasabb,nincs megadva,nincs megadva,nincs megadva,délnyugat,nincs megadva,nincs megadva,nincs megadva,nincs megadva,,nincs megadva,23 000 Ft/hó,gázkazán,nincs megadva,nincs megadva,nincs megadva,,,,,,,,,83.0,78.9,950602,2,2.0,,,23000.0,,,1950 előtt (klasszikus polgári/tégla),1104,Cserkesz utca,,,,"Budapest X. kerület, Cserkesz utca",3,0,3.0,Óhegy,Tégla lakás,Lépj kapcsolatba a hirdetővel,,Ingatlaniroda,4,1930.0
35569641,elado,https://ingatlan.com/35569641,"Eladó tégla lakás - Budapest X. kerület, Szent László tér #35569641",1105,"Budapest X. kerület, Szent László tér",Budapest,,,4.0,124.0,1940.0,HUF,119990000,jó állapotú,1950 előtt,nincs megadva,1,3,nincs,nincs megadva,van,nincs megadva,külön helyiségben,délkelet,kertre néz,8 m2,nincs megadva,önálló garázs - megvásárolható,5 MFt,nincs megadva,nincs megadva,"gázkazán, hűtő-fűtő klíma",nincs megadva,nincs megadva,nincs megadva,,,,,,,,,124.0,119.99,967661,1,1.0,3.0,8.0,,,,1950 előtt (klasszikus polgári/tégla),1932,Szent László tér,,,,"Budapest X. kerület, Szent László tér",4,0,4.0,Kőbánya-Városközpont,Tégla lakás,Lépj kapcsolatba a hirdetővel,,Ingatlaniroda,4,1930.0
35569761,elado,https://ingatlan.com/35569761,"Eladó tégla lakás - Budapest X. kerület, Gergely utca #35569761",1103,"Budapest X. kerület, Gergely utca",Budapest,,,2.0,54.0,1950.0,HUF,51900000,felújítandó,1950 és 1980 között,nincs megadva,1,3,nincs,nincs megadva,nincs megadva,nincs megadva,egy helyiségben,nincs megadva,nincs megadva,1.5 m2,nincs megadva,önálló garázs - megvásárolható,2 MFt,nincs megadva,22 889 Ft/hó,"gáz (konvektor), cserépkályha",nincs megadva,nincs megadva,nincs megadva,,,,,,,,,54.0,51.9,961111,1,1.0,3.0,1.5,22889.0,,,1950-1979 (szocialista modern),956,Gergely utca,,,,"Budapest X. kerület, Gergely utca",2,0,2.0,Óhegy,Tégla lakás,Lépj kapcsolatba a hirdetővel,,Ingatlaniroda,4,1968.0
35569786,elado,https://ingatlan.com/35569786,"Eladó panel lakás - Budapest X. kerület, Szent László tér #35569786",1105,"Budapest X. kerület, Szent László tér",Budapest,,,2.0,53.0,,HUF,62400000,felújított,nincs megadva,összkomfortos,3,10,van,nincs megadva,nincs megadva,igen,külön helyiségben,nincs megadva,kertre néz,2 m2,nem,"utca, közterület - ingyenes",,nincs megadva,nincs megadva,távfűtés,van - 14 cm,nincs megadva,nincs megadva,részt vett,,,,,,,,53.0,62.4,1177358,3,3.0,10.0,2.0,,,,Nem ismert,1423,Szent László tér,,,,"Budapest X. kerület, Szent László tér",2,0,2.0,Kőbánya-Városközpont,Panel lakás,Lépj kapcsolatba a hirdetővel,,Magánszemély,4,
35569841,elado,https://ingatlan.com/35569841,"Eladó tégla lakás - Budapest X. kerület, Salgótarjáni utca #35569841",1101,"Budapest X. kerület, Salgótarjáni utca",Budapest,,,2.0,38.0,1950.0,HUF,46900000,felújított,1950 és 1980 között,komfortos,félemelet,4,nincs megadva,3 m-nél alacsonyabb,van,nincs megadva,külön helyiségben,nincs megadva,utcai,nincs megadva,nem,"utca, közterület - ingyenes",,nincs megadva,19 640 Ft/hó,"gáz (konvektor), hűtő-fűtő klíma",nincs megadva,G,nem tetőtéri,,,,,,,,,38.0,46.9,1234211,félemelet,0.5,4.0,,19640.0,,,1950-1979 (szocialista modern),960,Salgótarjáni utca,,,,"Budapest X. kerület, Salgótarjáni utca",2,0,2.0,Laposdűlő,Tégla lakás,Lépj kapcsolatba a hirdetővel,,Ingatlaniroda,4,1968.0
35569935,elado,https://ingatlan.com/35569935,"Eladó tégla lakás - Budapest X. kerület, Kőbánya - Óhegy #35569935",1103,"Budapest X. kerület, Kőbánya - Óhegy",Budapest,,,2.0,48.0,1981.0,HUF,48900000,jó állapotú,1981 és 2000 között,összkomfortos,nincs megadva,3,nincs,3 m-nél alacsonyabb,van,nincs megadva,egy helyiségben,délkelet,panorámás,nincs megadva,nem,"utca, közterület",,nincs megadva,nincs megadva,"gázkazán, hűtő-fűtő klíma",nincs megadva,nincs megadva,nem tetőtéri,,,,,,,,,48.0,48.9,1018750,nincs megadva,,3.0,,,,,1980-1999 (késő panel/tégla),549,Kőbánya - Óhegy,,,,"Budapest X. kerület, Kőbánya - Óhegy",2,0,2.0,Óhegy,Tégla lakás,Lépj kapcsolatba a hirdetővel,,Ingatlaniroda,4,1988.0
35569938,elado,https://ingatlan.com/35569938,"Eladó panel lakás - Budapest X. kerület, Szövőszék utca #35569938",1108,"Budapest X. kerület, Szövőszék utca",Budapest,,,2.0,50.0,1950.0,HUF,55000000,felújított,1950 és 1980 között,összkomfortos,8,10,van,3 m-nél alacsonyabb,van,nincs megadva,külön helyiségben,délnyugat,udvari,3 m2,nem,"utca, közterület",,nincs megadva,16 545 Ft/hó,távfűtés,van,nincs megadva,nem tetőtéri,részt vett,,,,,,,,50.0,55.0,1100000,8,8.0,10.0,3.0,16545.0,,,1950-1979 (szocialista modern),3241,Szövőszék utca,,50,50,"Budapest X. kerület, Szövőszék utca 50.",2,0,2.0,Újhegy,Panel lakás,Lépj kapcsolatba a hirdetővel,,Ingatlaniroda,4,1968.0
35569944,elado,https://ingatlan.com/35569944,"Eladó tégla lakás - Budapest X. kerület, Szárnyas utca #35569944",1107,"Budapest X. kerület, Szárnyas utca",Budapest,,,1.0,29.0,1950.0,HUF,42500000,jó állapotú,1950 és 1980 között,összkomfortos,3,3,nincs,nincs megadva,van,nincs megadva,nincs megadva,délkelet,utcai,1 m2,nincs megadva,nincs megadva,,nincs megadva,11 646 Ft/hó,gáz (konvektor),nincs megadva,nincs megadva,nincs megadva,,,,,,,,,29.0,42.5,1465517,3,3.0,3.0,1.0,11646.0,,,1950-1979 (szocialista modern),1212,Szárnyas utca,,29,29,"Budapest X. kerület, Szárnyas utca 29.",1,0,1.0,Gyárdűlő,Tégla lakás,Lépj kapcsolatba a hirdetővel,,Ingatlaniroda,4,1968.0
35570386,elado,https://ingatlan.com/35570386,"Eladó tégla lakás - Budapest X. kerület, Hortobágyi utca #35570386",1106,"Budapest X. kerület, Hortobágyi utca",Budapest,,,2.0,30.0,1950.0,HUF,29900000,felújított,1950 és 1980 között,nincs megadva,földszint,2,nincs,3 m-nél alacsonyabb,nincs megadva,nincs megadva,egy helyiségben,nincs megadva,kertre néz,nincs megadva,nincs megadva,udvari beálló - megvásárolható,"1,60 MFt",nincs megadva,nincs megadva,"hőszivattyú, padlófűtés",van,C,nem tetőtéri,,,,,,,,,30.0,29.9,996667,földszint,0.0,2.0,,,,,1950-1979 (szocialista modern),1646,Hortobágyi utca,,,,"Budapest X. kerület, Hortobágyi utca",2,0,2.0,Felsőrákos,Tégla lakás,Lépj kapcsolatba a hirdetővel,,Ingatlaniroda,4,1968.0
35570434,elado,https://ingatlan.com/35570434,"Eladó tégla lakás - Budapest X. kerület, Hortobágyi utca #35570434",1106,"Budapest X. kerület, Hortobágyi utca",Budapest,,,2.0,37.0,1950.0,HUF,35900000,felújított,1950 és 1980 között,nincs megadva,földszint,2,nincs megadva,3 m-nél alacsonyabb,nincs megadva,nincs megadva,egy helyiségben,nincs megadva,kertre néz,nincs megadva,nincs megadva,udvari beálló - megvásárolható,"1,60 MFt",nincs megadva,nincs megadva,"hőszivattyú, padlófűtés",van,nincs megadva,nem tetőtéri,,,,,,,,,37.0,35.9,970270,földszint,0.0,2.0,,,,,1950-1979 (szocialista modern),1646,Hortobágyi utca,,,,"Budapest X. kerület, Hortobágyi utca",2,0,2.0,Felsőrákos,Tégla lakás,Lépj kapcsolatba a hirdetővel,,Ingatlaniroda,4,1968.0
35570520,elado,https://ingatlan.com/35570520,"Eladó csúsztatott zsalus - Budapest X. kerület, Kápolna utca #35570520",1103,"Budapest X. kerület, Kápolna utca",Budapest,,,3.0,63.0,1950.0,HUF,67000000,felújított,1950 és 1980 között,nincs megadva,6,nincs megadva,van,3 m-nél alacsonyabb,nincs megadva,nincs megadva,nincs megadva,nyugat,utcai,nincs megadva,nincs megadva,nincs megadva,,nincs megadva,nincs megadva,távfűtés,nincs megadva,nincs megadva,,,,,,,,,,63.0,67.0,1063492,6,6.0,,,,,,1950-1979 (szocialista modern),1105,Kápolna utca,,,,"Budapest X. kerület, Kápolna utca",3,0,3.0,Óhegy,Csúsztatott zsalus lakás,Lépj kapcsolatba a hirdetővel,,Ingatlaniroda,4,1968.0
35570765,elado,https://ingatlan.com/35570765,"Eladó tégla lakás - Budapest X. kerület, Ligettelek #35570765",1101,"Budapest X. kerület, Ligettelek",Budapest,,,2.0,50.0,1940.0,HUF,58770000,jó állapotú,1950 előtt,összkomfortos,1,nincs megadva,nincs,3 m-nél magasabb,nincs megadva,nincs megadva,nincs megadva,délkelet,utcai,nincs megadva,nincs megadva,"utca, közterület",,nincs megadva,nincs megadva,gáz (konvektor),nincs megadva,nincs megadva,nem tetőtéri,,,,,,,,,50.0,58.77,1175400,1,1.0,,,,,,1950 előtt (klasszikus polgári/tégla),1266,Ligettelek,,,,"Budapest X. kerület, Ligettelek",2,0,2.0,Ligettelek,Tégla lakás,Lépj kapcsolatba a hirdetővel,,Ingatlaniroda,4,1930.0
35570806,elado,https://ingatlan.com/35570806,"Eladó csúsztatott zsalus - Budapest X. kerület, Szőlőhegy utca #35570806",1104,"Budapest X. kerület, Szőlőhegy utca",Budapest,,,1.0,29.0,1950.0,HUF,39900000,közepes állapotú,1950 és 1980 között,összkomfortos,4,4,nincs,3 m-nél alacsonyabb,nincs,nem,külön helyiségben,délnyugat,kertre néz,nincs megadva,nem,"utca, közterület - fizetős övezet",,12 000 Ft/hó,15 000 Ft/hó,házközponti egyedi méréssel,van - 15 cm,C,,,,,,,,,,29.0,39.9,1375862,4,4.0,4.0,,15000.0,12000.0,,1950-1979 (szocialista modern),452,Szőlőhegy utca,,,,"Budapest X. kerület, Szőlőhegy utca",1,0,1.0,Óhegy,Csúsztatott zsalus lakás,Lépj kapcsolatba a hirdetővel,,Ingatlaniroda,4,1968.0
35571058,elado,https://ingatlan.com/35571058,"Eladó tégla lakás - Budapest X. kerület, Kada utca #35571058",1106,"Budapest X. kerület, Kada utca",Budapest,,,2.0,39.0,,HUF,33500000,felújítandó,nincs megadva,nincs megadva,földszint,földszintes,nincs megadva,nincs megadva,nincs megadva,nincs megadva,nincs megadva,nincs megadva,udvari,nincs megadva,nincs megadva,nincs megadva,,nincs megadva,nincs megadva,gáz (konvektor),nincs megadva,nincs megadva,nem tetőtéri,,,,,,,,,39.0,33.5,858974,földszint,0.0,0.0,,,,,Nem ismert,2402,Kada utca,,1,1,"Budapest X. kerület, Kada utca 1.",2,0,2.0,Óhegy,Tégla lakás,Lépj kapcsolatba a hirdetővel,,Ingatlaniroda,4,
35571138,elado,https://ingatlan.com/35571138,"Eladó tégla lakás - Budapest X. kerület, Harmat utca #35571138",1102,"Budapest X. kerület, Harmat utca",Budapest,,,2.0,63.0,1940.0,HUF,66000000,jó állapotú,1950 előtt,összkomfortos,félemelet,3,nincs,3 m-nél magasabb,van,nem,egy helyiségben,nincs megadva,udvari,nincs megadva,nem,nincs megadva,,nincs megadva,16 000 Ft/hó,"gázkazán, hűtő-fűtő klíma",nincs megadva,nincs megadva,nem tetőtéri,,,,,,,,,63.0,66.0,1047619,félemelet,0.5,3.0,,16000.0,,,1950 előtt (klasszikus polgári/tégla),2056,Harmat utca,,,,"Budapest X. kerület, Harmat utca",2,0,2.0,Ligettelek,Tégla lakás,Lépj kapcsolatba a hirdetővel,,Ingatlaniroda,4,1930.0
35571383,elado,https://ingatlan.com/35571383,"Eladó panel lakás - Budapest X. kerület, Állomás utca #35571383",1102,"Budapest X. kerület, Állomás utca",Budapest,,,2.0,41.0,1950.0,HUF,51900000,felújított,1950 és 1980 között,összkomfortos,1,több mint 10,van,3 m-nél alacsonyabb,van,nem,egy helyiségben,északnyugat,utcai,nincs megadva,nem,"utca, közterület - ingyenes",,30 000 Ft/hó,16 750 Ft/hó,távfűtés,nincs,E,nem tetőtéri,nem vett részt,,,,,,,,41.0,51.9,1265854,1,1.0,10.0,,16750.0,30000.0,,1950-1979 (szocialista modern),970,Állomás utca,,,,"Budapest X. kerület, Állomás utca",2,0,2.0,Kőbánya-Városközpont,Panel lakás,Lépj kapcsolatba a hirdetővel,,Ingatlaniroda,4,1968.0
35571494,elado,https://ingatlan.com/35571494,"Eladó tégla lakás - Budapest X. kerület, Kőbánya - Óhegy #35571494",1103,"Budapest X. kerület, Kőbánya - Óhegy",Budapest,,,4.0,120.0,1950.0,HUF,83900000,közepes állapotú,1950 és 1980 között,összkomfortos,3,nincs megadva,van,nincs megadva,nincs megadva,nincs megadva,nincs megadva,nincs megadva,utcai,nincs megadva,nincs megadva,nincs megadva,,nincs megadva,31 000 Ft/hó,gázkazán,nincs megadva,D,nem tetőtéri,,,,,,,,,120.0,83.9,699167,3,3.0,,,31000.0,,,1950-1979 (szocialista modern),2180,Kőbánya - Óhegy,,,,"Budapest X. kerület, Kőbánya - Óhegy",4,0,4.0,Óhegy,Tégla lakás,Lépj kapcsolatba a hirdetővel,,Ingatlaniroda,4,1968.0
35571539,elado,https://ingatlan.com/35571539,"Eladó panel lakás - Budapest X. kerület, Állomás utca 11. #35571539",1102,"Budapest X. kerület, Állomás utca 11.",Budapest,47.484823,19.128699,3.0,68.0,1950.0,HUF,66500000,jó állapotú,1950 és 1980 között,összkomfortos,9,10,van,3 m-nél alacsonyabb,van,nincs megadva,külön helyiségben,nincs megadva,utcai,nincs megadva,nincs megadva,"utca, közterület - ingyenes",,nincs megadva,24 000 Ft/hó,"házközponti, hűtő-fűtő klíma",nincs megadva,C,nincs megadva,nem vett részt,,,,,,,,68.0,66.5,977941,9,9.0,10.0,,24000.0,,,1950-1979 (szocialista modern),2920,Állomás utca,11,,11,"Budapest X. kerület, Állomás utca 11.",3,0,3.0,Kőbánya-Városközpont,Panel lakás,Lépj kapcsolatba a hirdetővel,,Ingatlaniroda,4,1968.0
35571729,elado,https://ingatlan.com/35571729,"Eladó tégla lakás - Budapest X. kerület, Gyömrői út 45. #35571729",1103,"Budapest X. kerület, Gyömrői út 45.",Budapest,47.470861,19.143087,1.0,39.0,,HUF,34900000,jó állapotú,nincs megadva,összkomfortos,földszint,földszintes,nincs megadva,nincs megadva,nincs megadva,nincs megadva,egy helyiségben,nincs megadva,udvari,nincs megadva,nincs megadva,"utca, közterület - ingyenes",,nincs megadva,13 000 Ft/hó,gáz (konvektor),nincs megadva,nincs megadva,nincs megadva,,,,,,,,,39.0,34.9,894872,földszint,0.0,0.0,,13000.0,,,Nem ismert,507,Gyömrői út,45,,45,"Budapest X. kerület, Gyömrői út 45.",1,0,1.0,Óhegy,Tégla lakás,Lépj kapcsolatba a hirdetővel,,Ingatlaniroda,4,
35571746,elado,https://ingatlan.com/35571746,"Eladó panel lakás - Budapest X. kerület, Állomás utca #35571746",1102,"Budapest X. kerület, Állomás utca",Budapest,,,2.0,41.0,1981.0,HUF,51500000,felújított,1981 és 2000 között,összkomfortos,3,10,van,3 m-nél alacsonyabb,van,nem,egy helyiségben,nincs megadva,utcai,nincs megadva,nem,"utca, közterület - ingyenes",,nincs megadva,15 000 Ft/hó,távfűtés,nincs megadva,nincs megadva,nem tetőtéri,részt vett,,,,,,,,41.0,51.5,1256098,3,3.0,10.0,,15000.0,,,1980-1999 (késő panel/tégla),260,Állomás utca,,,,"Budapest X. kerület, Állomás utca",2,0,2.0,Kőbánya-Városközpont,Panel lakás,Lépj kapcsolatba a hirdetővel,,Ingatlaniroda,2,1988.0
35572000,elado,https://ingatlan.com/35572000,"Eladó tégla lakás - Budapest X. kerület, Gyógyszergyári utca #35572000",1106,"Budapest X. kerület, Gyógyszergyári utca",Budapest,,,1.0,30.0,,HUF,54500000,nincs megadva,nincs megadva,nincs megadva,nincs megadva,nincs megadva,nincs megadva,nincs megadva,nincs megadva,nincs megadva,nincs megadva,nincs megadva,nincs megadva,6 m2,nincs megadva,nincs megadva,,nincs megadva,nincs megadva,nincs megadva,nincs megadva,nincs megadva,nincs megadva,,,,,,,,,30.0,54.5,1816667,nincs megadva,,,6.0,,,,Nem ismert,1809,Gyógyszergyári utca,,,,"Budapest X. kerület, Gyógyszergyári utca",1,0,1.0,Felsőrákos,Tégla lakás,Lépj kapcsolatba a hirdetővel,,Ingatlaniroda,2,
35572010,elado,https://ingatlan.com/35572010,"Eladó panel lakás - Budapest X. kerület, Gyakorló köz #35572010",1106,"Budapest X. kerület, Gyakorló köz",Budapest,,,3.0,71.0,1981.0,HUF,82900000,jó állapotú,1981 és 2000 között,összkomfortos,6,10,van,3 m-nél alacsonyabb,van,igen,külön helyiségben,kelet,utcai,3 m2,nincs megadva,"utca, közterület - fizetős övezet",,nincs megadva,nincs megadva,távfűtés egyedi méréssel,van,nincs megadva,nem tetőtéri,részt vett,,,,,,,,71.0,82.9,1167606,6,6.0,10.0,3.0,,,,1980-1999 (késő panel/tégla),1625,Gyakorló köz,,,,"Budapest X. kerület, Gyakorló köz",3,0,3.0,Felsőrákos,Panel lakás,Lépj kapcsolatba a hirdetővel,,Ingatlaniroda,4,1988.0
35572204,elado,https://ingatlan.com/35572204,"Eladó tégla lakás - Budapest X. kerület, Kőbánya - Óhegy #35572204",1103,"Budapest X. kerület, Kőbánya - Óhegy",Budapest,,,2.0,40.0,2001.0,HUF,65000000,felújított,2001 és 2010 között,összkomfortos,2,4,nincs,3 m-nél alacsonyabb,nincs megadva,nincs megadva,egy helyiségben,délnyugat,kertre néz,2 m2,nem,"utca, közterület - ingyenes",,nincs megadva,8 449 Ft/hó,házközponti egyedi méréssel,van,nincs megadva,nem tetőtéri,,,,,,,,,40.0,65.0,1625000,2,2.0,4.0,2.0,8449.0,,,2000-2019 (újszerű),2801,Kőbánya - Óhegy,,,,"Budapest X. kerület, Kőbánya - Óhegy",2,0,2.0,Óhegy,Tégla lakás,Lépj kapcsolatba a hirdetővel,,Ingatlaniroda,4,2005.0
35572696,elado,https://ingatlan.com/35572696,"Eladó tégla lakás - Budapest X. kerület, Gyárdűlő #35572696",1107,"Budapest X. kerület, Gyárdűlő",Budapest,,,1.0,36.0,1950.0,HUF,29500000,felújítandó,1950 és 1980 között,nincs megadva,földszint,2,nincs megadva,nincs megadva,nincs megadva,nincs megadva,nincs megadva,északnyugat,udvari,nincs megadva,nincs megadva,"utca, közterület - ingyenes",,nincs megadva,nincs megadva,elektromos fűtőpanel,nincs megadva,nincs megadva,nincs megadva,,,,,,,,,36.0,29.5,819444,földszint,0.0,2.0,,,,,1950-1979 (szocialista modern),893,Gyárdűlő,,,,"Budapest X. kerület, Gyárdűlő",1,0,1.0,Gyárdűlő,Tégla lakás,Lépj kapcsolatba a hirdetővel,,Ingatlaniroda,4,1968.0
35572977,elado,https://ingatlan.com/35572977,"Eladó csúsztatott zsalus - Budapest X. kerület, Kőbánya-Városközpont #35572977",1105,"Budapest X. kerület, Kőbánya-Városközpont",Budapest,,,3.0,63.0,,HUF,67000000,jó állapotú,nincs megadva,nincs megadva,6,nincs megadva,nincs megadva,nincs megadva,nincs megadva,nincs megadva,külön helyiségben,nincs megadva,nincs megadva,nincs megadva,nincs megadva,nincs megadva,,nincs megadva,nincs megadva,távfűtés,nincs megadva,nincs megadva,,,,,,,,,,63.0,67.0,1063492,6,6.0,,,,,,Nem ismert,1656,Kőbánya-Városközpont,,,,"Budapest X. kerület, Kőbánya-Városközpont",3,0,3.0,Kőbánya-Városközpont,Csúsztatott zsalus lakás,Lépj kapcsolatba a hirdetővel,,Ingatlaniroda,4,
35573047,elado,https://ingatlan.com/35573047,"Eladó tégla lakás - Budapest X. kerület, Fehér út #35573047",1106,"Budapest X. kerület, Fehér út",Budapest,,,2.0,43.0,,HUF,72490000,nincs megadva,nincs megadva,nincs megadva,nincs megadva,nincs megadva,nincs megadva,nincs megadva,nincs megadva,nincs megadva,nincs megadva,nincs megadva,nincs megadva,11 m2,nincs megadva,nincs megadva,,nincs megadva,nincs megadva,nincs megadva,nincs megadva,nincs megadva,nincs megadva,,,,,,,,,43.0,72.49,1685814,nincs megadva,,,11.0,,,,Nem ismert,1257,Fehér út,,,,"Budapest X. kerület, Fehér út",2,0,2.0,Felsőrákos,Tégla lakás,Lépj kapcsolatba a hirdetővel,,Ingatlaniroda,2,
35573124,elado,https://ingatlan.com/35573124,"Eladó panel lakás - Budapest X. kerület, Kőbánya - Újhegyi lakótelep #35573124",1108,"Budapest X. kerület, Kőbánya - Újhegyi lakótelep",Budapest,,,2.0,49.0,1950.0,HUF,52900000,jó állapotú,1950 és 1980 között,nincs megadva,8,10,nincs megadva,nincs megadva,nincs megadva,nincs megadva,külön és egyben is,nincs megadva,panorámás,3 m2,nincs megadva,nincs megadva,,nincs megadva,nincs megadva,távfűtés,van,nincs megadva,nincs megadva,nincs megadva,,,,,,,,49.0,52.9,1079592,8,8.0,10.0,3.0,,,,1950-1979 (szocialista modern),769,Kőbánya - Újhegyi lakótelep,,,,"Budapest X. kerület, Kőbánya - Újhegyi lakótelep",2,0,2.0,Újhegy,Panel lakás,Lépj kapcsolatba a hirdetővel,,Ingatlaniroda,4,1968.0
35573411,elado,https://ingatlan.com/35573411,"Eladó tégla lakás - Budapest X. kerület, Kőbánya-Kertváros #35573411",1106,"Budapest X. kerület, Kőbánya-Kertváros",Budapest,,,2.0,47.0,1950.0,HUF,59900000,jó állapotú,1950 és 1980 között,nincs megadva,2,3,nincs,nincs megadva,nincs megadva,nincs megadva,nincs megadva,nincs megadva,nincs megadva,nincs megadva,nincs megadva,nincs megadva,,nincs megadva,nincs megadva,gáz (konvektor),nincs megadva,nincs megadva,nincs megadva,,,,,,,,,47.0,59.9,1274468,2,2.0,3.0,,,,,1950-1979 (szocialista modern),1648,Kőbánya-Kertváros,,,,"Budapest X. kerület, Kőbánya-Kertváros",2,0,2.0,Kőbánya-Kertváros,Tégla lakás,Lépj kapcsolatba a hirdetővel,,Ingatlaniroda,4,1968.0
35573447,elado,https://ingatlan.com/35573447,"Eladó tégla lakás - Budapest X. kerület, Kozma utca #35573447",1108,"Budapest X. kerület, Kozma utca",Budapest,,,1.0,36.0,1950.0,HUF,45000000,jó állapotú,1950 és 1980 között,összkomfortos,földszint,nincs megadva,nincs megadva,3 m-nél alacsonyabb,nincs megadva,nincs megadva,nincs megadva,nyugat,kertre néz,nincs megadva,nincs megadva,nincs megadva,,nincs megadva,nincs megadva,gáz (konvektor),nincs megadva,nincs megadva,nem tetőtéri,,,,,,,,,36.0,45.0,1250000,földszint,0.0,,,,,,1950-1979 (szocialista modern),1393,Kozma utca,,,,"Budapest X. kerület, Kozma utca",1,0,1.0,Kőbánya-Kertváros,Tégla lakás,Lépj kapcsolatba a hirdetővel,,Ingatlaniroda,4,1968.0
35573621,elado,https://ingatlan.com/35573621,"Eladó panel lakás - Budapest X. kerület, Gépmadár utca #35573621",1106,"Budapest X. kerület, Gépmadár utca",Budapest,,,2.0,53.0,,HUF,62900000,jó állapotú,nincs megadva,összkomfortos,félemelet,10,nincs megadva,nincs megadva,van,nincs megadva,külön helyiségben,nincs megadva,udvari,nincs megadva,nincs megadva,nincs megadva,,nincs megadva,nincs megadva,távfűtés egyedi méréssel,nincs megadva,D,nem tetőtéri,nincs megadva,,,,,,,,53.0,62.9,1186792,félemelet,0.5,10.0,,,,,Nem ismert,1046,Gépmadár utca,,,,"Budapest X. kerület, Gépmadár utca",2,0,2.0,Felsőrákos,Panel lakás,Lépj kapcsolatba a hirdetővel,,Ingatlaniroda,4,
35573895,elado,https://ingatlan.com/35573895,"Eladó tégla lakás - Budapest X. kerület, Füzér utca 34/A #35573895",1102,"Budapest X. kerület, Füzér utca 34/A",Budapest,47.486627,19.128599,2.0,48.0,,HUF,65500000,felújított,nincs megadva,összkomfortos,földszint,2,nincs,3 m-nél magasabb,van,nincs megadva,külön helyiségben,nincs megadva,nincs megadva,nincs megadva,nincs megadva,"utca, közterület",,nincs megadva,nincs megadva,gázkazán,nincs megadva,nincs megadva,nincs megadva,,,,,,,,,48.0,65.5,1364583,földszint,0.0,2.0,,,,,Nem ismert,2023,Füzér utca,34/A,,34/A,"Budapest X. kerület, Füzér utca 34/A.",2,0,2.0,Ligettelek,Tégla lakás,Lépj kapcsolatba a hirdetővel,,Ingatlaniroda,4,
35574035,elado,https://ingatlan.com/35574035,"Eladó tégla lakás - Budapest X. kerület, Kúttó #35574035",1103,"Budapest X. kerület, Kúttó",Budapest,,,1.0,27.0,,HUF,37900000,felújított,nincs megadva,összkomfortos,3,3,nincs,nincs megadva,van,nincs megadva,egy helyiségben,nincs megadva,utcai,nincs megadva,nem,udvari beálló - benne van az árban,,nincs megadva,nincs megadva,hűtő-fűtő klíma,nincs megadva,nincs megadva,nem tetőtéri,,,,,,,,,27.0,37.9,1403704,3,3.0,3.0,,,,,Nem ismert,1183,Kúttó,,,,"Budapest X. kerület, Kúttó",1,0,1.0,Kőbánya egyéb,Tégla lakás,Lépj kapcsolatba a hirdetővel,,Ingatlaniroda,4,
35574106,elado,https://ingatlan.com/35574106,"Eladó tégla lakás - Budapest X. kerület, Szent László tér #35574106",1105,"Budapest X. kerület, Szent László tér",Budapest,,,1.0,31.0,,HUF,47000000,felújított,nincs megadva,nincs megadva,földszint,2,nincs megadva,3 m-nél magasabb,nincs megadva,nincs megadva,külön helyiségben,nincs megadva,kertre néz,nincs megadva,nincs megadva,"utca, közterület - ingyenes",,nincs megadva,7 608 Ft/hó,gázkazán,van,nincs megadva,nem tetőtéri,,,,,,,,,31.0,47.0,1516129,földszint,0.0,2.0,,7608.0,,,Nem ismert,1688,Szent László tér,,,,"Budapest X. kerület, Szent László tér",1,0,1.0,Kőbánya-Városközpont,Tégla lakás,Lépj kapcsolatba a hirdetővel,,Ingatlaniroda,2,
35574601,elado,https://ingatlan.com/35574601,"Eladó tégla lakás - Budapest X. kerület, Gyömrői út #35574601",1103,"Budapest X. kerület, Gyömrői út",Budapest,,,2.0,34.0,1950.0,HUF,53900000,felújított,1950 és 1980 között,összkomfortos,földszint,nincs megadva,nincs,3 m-nél alacsonyabb,nincs megadva,nem,nincs megadva,nincs megadva,udvari,nincs megadva,igen,udvari beálló - benne van az árban,,nincs megadva,nincs megadva,nincs megadva,nincs megadva,nincs megadva,nem tetőtéri,,,,,,,,,34.0,53.9,1585294,földszint,0.0,,,,,,1950-1979 (szocialista modern),548,Gyömrői út,,,,"Budapest X. kerület, Gyömrői út",2,0,2.0,Óhegy,Tégla lakás,Lépj kapcsolatba a hirdetővel,,Ingatlaniroda,4,1968.0
35574602,elado,https://ingatlan.com/35574602,"Eladó tégla lakás - Budapest X. kerület, Gyömrői út #35574602",1103,"Budapest X. kerület, Gyömrői út",Budapest,,,2.0,34.0,1950.0,HUF,53900000,felújított,1950 és 1980 között,összkomfortos,földszint,nincs megadva,nincs,3 m-nél alacsonyabb,nincs megadva,nem,nincs megadva,nincs megadva,udvari,nincs megadva,igen,udvari beálló - benne van az árban,,nincs megadva,nincs megadva,nincs megadva,nincs megadva,nincs megadva,nem tetőtéri,,,,,,,,,34.0,53.9,1585294,földszint,0.0,,,,,,1950-1979 (szocialista modern),548,Gyömrői út,,,,"Budapest X. kerület, Gyömrői út",2,0,2.0,Óhegy,Tégla lakás,Lépj kapcsolatba a hirdetővel,,Ingatlaniroda,4,1968.0
35575042,elado,https://ingatlan.com/35575042,"Eladó panel lakás - Budapest X. kerület, Gépmadár utca 5. #35575042",1106,"Budapest X. kerület, Gépmadár utca 5.",Budapest,47.502895,19.143097,3.0,71.0,1981.0,HUF,69900000,jó állapotú,1981 és 2000 között,nincs megadva,4,10,van,nincs megadva,nincs megadva,nincs megadva,nincs megadva,nincs megadva,nincs megadva,4 m2,nincs megadva,"utca, közterület",,nincs megadva,nincs megadva,távfűtés egyedi méréssel,van,nincs megadva,nincs megadva,részt vett,,,,,,,,71.0,69.9,984507,4,4.0,10.0,4.0,,,,1980-1999 (késő panel/tégla),152,Gépmadár utca,5,4,5,"Budapest X. kerület, Gépmadár utca 5.",3,0,3.0,Felsőrákos,Panel lakás,Lépj kapcsolatba a hirdetővel,,Ingatlaniroda,2,1988.0
35575121,elado,https://ingatlan.com/35575121,"Eladó csúsztatott zsalus - Budapest X. kerület, Kőbánya - Óhegy #35575121",1103,"Budapest X. kerület, Kőbánya - Óhegy",Budapest,,,3.0,63.0,1950.0,HUF,67000000,felújított,1950 és 1980 között,összkomfortos,6,nincs megadva,van,3 m-nél alacsonyabb,nincs megadva,nincs megadva,nincs megadva,nyugat,utcai,nincs megadva,nincs megadva,"utca, közterület",,nincs megadva,nincs megadva,távfűtés,nincs megadva,nincs megadva,,,,,,,,,,63.0,67.0,1063492,6,6.0,,,,,,1950-1979 (szocialista modern),1093,Kőbánya - Óhegy,,,,"Budapest X. kerület, Kőbánya - Óhegy",3,0,3.0,Óhegy,Csúsztatott zsalus lakás,Lépj kapcsolatba a hirdetővel,,Ingatlaniroda,4,1968.0
35575124,elado,https://ingatlan.com/35575124,"Eladó tégla lakás - Budapest X. kerület, Laposdűlő #35575124",1101,"Budapest X. kerület, Laposdűlő",Budapest,,,2.0,46.0,1940.0,HUF,37900000,felújítandó,1950 előtt,összkomfortos,2,nincs megadva,nincs,3 m-nél alacsonyabb,nincs megadva,nincs megadva,nincs megadva,délnyugat,nincs megadva,nincs megadva,nincs megadva,nincs megadva,,nincs megadva,21 000 Ft/hó,gáz (konvektor),nincs megadva,nincs megadva,nincs megadva,,,,,,,,,46.0,37.9,823913,2,2.0,,,21000.0,,,1950 előtt (klasszikus polgári/tégla),964,Laposdűlő,,,,"Budapest X. kerület, Laposdűlő",2,0,2.0,Laposdűlő,Tégla lakás,Lépj kapcsolatba a hirdetővel,,Ingatlaniroda,4,1930.0
35575362,elado,https://ingatlan.com/35575362,"Eladó tégla lakás - Budapest X. kerület, Sörgyár utca #35575362",1104,"Budapest X. kerület, Sörgyár utca",Budapest,,,2.0,56.0,2001.0,HUF,59900000,jó állapotú,2001 és 2010 között,összkomfortos,3,3,nincs,3 m-nél alacsonyabb,nincs,nincs megadva,külön helyiségben,nyugat,udvari,nincs megadva,nincs megadva,udvari beálló - kötelező megvenni,5 MFt,nincs megadva,nincs megadva,gázkazán,nincs megadva,nincs megadva,nincs megadva,,,,,,,,,56.0,59.9,1069643,3,3.0,3.0,,,,,2000-2019 (újszerű),2898,Sörgyár utca,,,,"Budapest X. kerület, Sörgyár utca",2,0,2.0,Óhegy,Tégla lakás,Lépj kapcsolatba a hirdetővel,,Ingatlaniroda,4,2005.0
35575475,elado,https://ingatlan.com/35575475,"Eladó csúsztatott zsalus - Budapest X. kerület, Ónodi utca #35575475",1102,"Budapest X. kerület, Ónodi utca",Budapest,,,2.0,54.0,,HUF,65000000,jó állapotú,nincs megadva,nincs megadva,nincs megadva,nincs megadva,nincs megadva,nincs megadva,nincs megadva,nincs megadva,nincs megadva,nincs megadva,nincs megadva,4 m2,nincs megadva,nincs megadva,,nincs megadva,nincs megadva,nincs megadva,nincs megadva,nincs megadva,,,,,,,,,,54.0,65.0,1203704,nincs megadva,,,4.0,,,,Nem ismert,1705,Ónodi utca,,,,"Budapest X. kerület, Ónodi utca",2,0,2.0,Kőbánya-Városközpont,Csúsztatott zsalus lakás,Lépj kapcsolatba a hirdetővel,,Ingatlaniroda,2,
35575499,elado,https://ingatlan.com/35575499,"Eladó tégla lakás - Budapest X. kerület, Sörgyár utca #35575499",1104,"Budapest X. kerület, Sörgyár utca",Budapest,,,2.0,43.0,1950.0,HUF,54900000,közepes állapotú,1950 és 1980 között,összkomfortos,3,4,nincs,3 m-nél alacsonyabb,nincs megadva,nincs megadva,nincs megadva,északnyugat,nincs megadva,1 m2,nincs megadva,nincs megadva,,nincs megadva,14 298 Ft/hó,gáz (konvektor),nincs megadva,nincs megadva,nincs megadva,,,,,,,,,43.0,54.9,1276744,3,3.0,4.0,1.0,14298.0,,,1950-1979 (szocialista modern),1003,Sörgyár utca,,43,43,"Budapest X. kerület, Sörgyár utca 43.",2,0,2.0,Óhegy,Tégla lakás,Lépj kapcsolatba a hirdetővel,,Ingatlaniroda,4,1968.0
35575542,elado,https://ingatlan.com/35575542,"Eladó tégla lakás - Budapest X. kerület, Kőbánya - Óhegy #35575542",1103,"Budapest X. kerület, Kőbánya - Óhegy",Budapest,,,1.0,24.0,1940.0,HUF,37900000,jó állapotú,1950 előtt,összkomfortos,félemelet,5,van,3 m-nél magasabb,van,nem,egy helyiségben,északnyugat,kertre néz,nincs megadva,nem,"utca, közterület - ingyenes",,nincs megadva,7 000 Ft/hó,gáz (konvektor),nincs,H,nem tetőtéri,,,,,,,,,24.0,37.9,1579167,félemelet,0.5,5.0,,7000.0,,,1950 előtt (klasszikus polgári/tégla),2231,Kőbánya - Óhegy,,,,"Budapest X. kerület, Kőbánya - Óhegy",1,0,1.0,Óhegy,Tégla lakás,Lépj kapcsolatba a hirdetővel,,Ingatlaniroda,4,1930.0
35575626,elado,https://ingatlan.com/35575626,"Eladó tégla lakás - Budapest X. kerület, Kőbánya - Óhegy #35575626",1103,"Budapest X. kerület, Kőbánya - Óhegy",Budapest,,,2.0,62.0,1950.0,HUF,72900000,jó állapotú,1950 és 1980 között,összkomfortos,földszint,nincs megadva,nincs megadva,3 m-nél alacsonyabb,nincs megadva,nincs megadva,nincs megadva,nincs megadva,kertre néz,50 m2,igen,udvari beálló,,nincs megadva,nincs megadva,gázkazán,nincs megadva,nincs megadva,nincs megadva,,,,,,,,,62.0,72.9,1175806,földszint,0.0,,50.0,,,,1950-1979 (szocialista modern),1013,Kőbánya - Óhegy,,,,"Budapest X. kerület, Kőbánya - Óhegy",2,0,2.0,Óhegy,Tégla lakás,Lépj kapcsolatba a hirdetővel,,Ingatlaniroda,4,1968.0
35576069,elado,https://ingatlan.com/35576069,"Eladó tégla lakás - Budapest X. kerület, Kőbánya-Városközpont #35576069",1105,"Budapest X. kerület, Kőbánya-Városközpont",Budapest,,,2.0,54.0,,HUF,56900000,nincs megadva,nincs megadva,nincs megadva,nincs megadva,nincs megadva,nincs megadva,nincs megadva,nincs megadva,nincs megadva,egy helyiségben,dél,nincs megadva,4 m2,nincs megadva,nincs megadva,,nincs megadva,19 000 Ft/hó,távfűtés,nincs megadva,B,nincs megadva,,,,,,,,,54.0,56.9,1053704,nincs megadva,,,4.0,19000.0,,,Nem ismert,844,Kőbánya-Városközpont,,,,"Budapest X. kerület, Kőbánya-Városközpont",2,0,2.0,Kőbánya-Városközpont,Tégla lakás,Lépj kapcsolatba a hirdetővel,,Ingatlaniroda,4,
35576266,elado,https://ingatlan.com/35576266,"Eladó panel lakás - Budapest X. kerület, Állomás utca #35576266",1102,"Budapest X. kerület, Állomás utca",Budapest,,,2.0,41.0,1950.0,HUF,53500000,jó állapotú,1950 és 1980 között,összkomfortos,3,nincs megadva,van,3 m-nél alacsonyabb,nincs megadva,nincs megadva,nincs megadva,északnyugat,utcai,nincs megadva,nincs megadva,nincs megadva,,nincs megadva,nincs megadva,távfűtés,nincs megadva,nincs megadva,nem tetőtéri,nincs megadva,,,,,,,,41.0,53.5,1304878,3,3.0,,,,,,1950-1979 (szocialista modern),1718,Állomás utca,,,,"Budapest X. kerület, Állomás utca",2,0,2.0,Kőbánya-Városközpont,Panel lakás,Lépj kapcsolatba a hirdetővel,,Ingatlaniroda,4,1968.0
35576355,elado,https://ingatlan.com/35576355,"Eladó csúsztatott zsalus - Budapest X. kerület, Kőbánya - Óhegy #35576355",1103,"Budapest X. kerület, Kőbánya - Óhegy",Budapest,,,3.0,63.0,1950.0,HUF,67000000,felújított,1950 és 1980 között,nincs megadva,6,7,nincs megadva,nincs megadva,van,nincs megadva,nincs megadva,nincs megadva,nincs megadva,nincs megadva,nincs megadva,nincs megadva,,nincs megadva,18 000 Ft/hó,távfűtés,nincs megadva,nincs megadva,,,,,,,,,,63.0,67.0,1063492,6,6.0,7.0,,18000.0,,,1950-1979 (szocialista modern),2050,Kőbánya - Óhegy,,,,"Budapest X. kerület, Kőbánya - Óhegy",3,0,3.0,Óhegy,Csúsztatott zsalus lakás,Lépj kapcsolatba a hirdetővel,,Ingatlaniroda,4,1968.0
35576699,elado,https://ingatlan.com/35576699,"Eladó panel lakás - Budapest X. kerület, Állomás utca #35576699",1102,"Budapest X. kerület, Állomás utca",Budapest,,,2.0,41.0,1981.0,HUF,52900000,felújított,1981 és 2000 között,összkomfortos,3,10,van,3 m-nél alacsonyabb,van,nem,egy helyiségben,északnyugat,utcai,nincs megadva,nem,"utca, közterület - ingyenes",,nincs megadva,15 000 Ft/hó,"távfűtés, hűtő-fűtő klíma",van,G,nem tetőtéri,nem vett részt,,,,,,,,41.0,52.9,1290244,3,3.0,10.0,,15000.0,,,1980-1999 (késő panel/tégla),1775,Állomás utca,,,,"Budapest X. kerület, Állomás utca",2,0,2.0,Kőbánya-Városközpont,Panel lakás,Lépj kapcsolatba a hirdetővel,,Ingatlaniroda,4,1988.0
35576810,elado,https://ingatlan.com/35576810,"Eladó panel lakás - Budapest X. kerület, Kőbánya-Városközpont #35576810",1105,"Budapest X. kerület, Kőbánya-Városközpont",Budapest,,,2.0,41.0,,HUF,51990000,felújított,nincs megadva,összkomfortos,3,10,van,nincs megadva,van,nincs megadva,egy helyiségben,nincs megadva,nincs megadva,nincs megadva,nincs megadva,"utca, közterület - ingyenes",,nincs megadva,15 000 Ft/hó,távfűtés,nincs megadva,nincs megadva,nincs megadva,nincs megadva,,,,,,,,41.0,51.99,1268049,3,3.0,10.0,,15000.0,,,Nem ismert,1456,Kőbánya-Városközpont,,,,"Budapest X. kerület, Kőbánya-Városközpont",2,0,2.0,Kőbánya-Városközpont,Panel lakás,Lépj kapcsolatba a hirdetővel,,Ingatlaniroda,4,
35577273,elado,https://ingatlan.com/35577273,"Eladó tégla lakás - Budapest X. kerület, Harmat utca #35577273",1104,"Budapest X. kerület, Harmat utca",Budapest,,,2.0,41.0,,HUF,52900000,nincs megadva,nincs megadva,komfortos,földszint,nincs megadva,nincs megadva,nincs megadva,nincs megadva,nincs megadva,nincs megadva,délkelet,nincs megadva,nincs megadva,nincs megadva,nincs megadva,,nincs megadva,nincs megadva,gáz (konvektor),nincs megadva,nincs megadva,nincs megadva,,,,,,,,,41.0,52.9,1290244,földszint,0.0,,,,,,Nem ismert,737,Harmat utca,,,,"Budapest X. kerület, Harmat utca",2,0,2.0,Óhegy,Tégla lakás,Lépj kapcsolatba a hirdetővel,,Ingatlaniroda,4,
35577371,elado,https://ingatlan.com/35577371,"Eladó csúsztatott zsalus - Budapest X. kerület, Kőbánya - Óhegy #35577371",1103,"Budapest X. kerület, Kőbánya - Óhegy",Budapest,,,3.0,63.0,1950.0,HUF,67000000,felújított,1950 és 1980 között,nincs megadva,6,nincs megadva,van,3 m-nél alacsonyabb,nincs megadva,nincs megadva,nincs megadva,nyugat,utcai,nincs megadva,nincs megadva,nincs megadva,,nincs megadva,nincs megadva,távfűtés,nincs megadva,nincs megadva,,,,,,,,,,63.0,67.0,1063492,6,6.0,,,,,,1950-1979 (szocialista modern),1068,Kőbánya - Óhegy,,,,"Budapest X. kerület, Kőbánya - Óhegy",3,0,3.0,Óhegy,Csúsztatott zsalus lakás,Lépj kapcsolatba a hirdetővel,,Ingatlaniroda,4,1968.0
35577752,elado,https://ingatlan.com/35577752,"Eladó csúsztatott zsalus - Budapest X. kerület, Kápolna utca #35577752",1103,"Budapest X. kerület, Kápolna utca",Budapest,,,3.0,63.0,1950.0,HUF,67000000,felújított,1950 és 1980 között,nincs megadva,6,nincs megadva,van,3 m-nél alacsonyabb,nincs megadva,nincs megadva,nincs megadva,nyugat,utcai,nincs megadva,nincs megadva,nincs megadva,,nincs megadva,nincs megadva,távfűtés,nincs megadva,nincs megadva,,,,,,,,,,63.0,67.0,1063492,6,6.0,,,,,,1950-1979 (szocialista modern),1105,Kápolna utca,,,,"Budapest X. kerület, Kápolna utca",3,0,3.0,Óhegy,Csúsztatott zsalus lakás,Lépj kapcsolatba a hirdetővel,,Ingatlaniroda,4,1968.0
35577784,elado,https://ingatlan.com/35577784,"Eladó tégla lakás - Budapest X. kerület, Makk utca #35577784",1107,"Budapest X. kerület, Makk utca",Budapest,,,1.0,32.0,2001.0,HUF,56900000,újszerű,2001 és 2010 között,összkomfortos,3,6,van,3 m-nél alacsonyabb,van,igen,egy helyiségben,délnyugat,utcai,4 m2,nem,teremgarázs hely - megvásárolható,"7,80 MFt",5 000 Ft/hó,15 000 Ft/hó,házközponti egyedi méréssel,van - 10 cm,nincs megadva,nem tetőtéri,,,,,,,,,32.0,56.9,1778125,3,3.0,6.0,4.0,15000.0,5000.0,,2000-2019 (újszerű),2158,Makk utca,,,,"Budapest X. kerület, Makk utca",1,0,1.0,Gyárdűlő,Tégla lakás,Lépj kapcsolatba a hirdetővel,,Ingatlaniroda,4,2005.0
35577835,elado,https://ingatlan.com/35577835,"Eladó tégla lakás - Budapest X. kerület, Üllői út 120-122. #35577835",1101,"Budapest X. kerület, Üllői út 120-122.",Budapest,47.470034,19.114395,1.0,35.0,,HUF,46900000,jó állapotú,nincs megadva,nincs megadva,nincs megadva,nincs megadva,nincs megadva,nincs megadva,nincs megadva,nincs megadva,nincs megadva,nincs megadva,nincs megadva,nincs megadva,nincs megadva,nincs megadva,,nincs megadva,nincs megadva,nincs megadva,nincs megadva,nincs megadva,nincs megadva,,,,,,,,,35.0,46.9,1340000,nincs megadva,,,,,,,Nem ismert,1672,Üllői út,120-122,120,120-122,"Budapest X. kerület, Üllői út 120-122.",1,0,1.0,Gyárdűlő,Tégla lakás,Lépj kapcsolatba a hirdetővel,,Ingatlaniroda,4,
35578152,elado,https://ingatlan.com/35578152,"Eladó tégla lakás - Budapest X. kerület, Szárnyas utca #35578152",1107,"Budapest X. kerület, Szárnyas utca",Budapest,,,1.0,37.0,,HUF,44000000,közepes állapotú,nincs megadva,nincs megadva,nincs megadva,nincs megadva,nincs megadva,nincs megadva,nincs megadva,nincs megadva,nincs megadva,nincs megadva,nincs megadva,2 m2,nincs megadva,nincs megadva,,nincs megadva,nincs megadva,nincs megadva,nincs megadva,nincs megadva,nincs megadva,,,,,,,,,37.0,44.0,1189189,nincs megadva,,,2.0,,,,Nem ismert,197,Szárnyas utca,,,,"Budapest X. kerület, Szárnyas utca",1,0,1.0,Gyárdűlő,Tégla lakás,Lépj kapcsolatba a hirdetővel,,Ingatlaniroda,2,
35578399,elado,https://ingatlan.com/35578399,"Eladó panel lakás - Budapest X. kerület, Mélytó utca #35578399",1108,"Budapest X. kerület, Mélytó utca",Budapest,,,3.0,68.0,,HUF,62400000,nincs megadva,nincs megadva,nincs megadva,nincs megadva,nincs megadva,nincs megadva,nincs megadva,nincs megadva,nincs megadva,nincs megadva,nincs megadva,nincs megadva,5 m2,nincs megadva,nincs megadva,,nincs megadva,nincs megadva,nincs megadva,nincs megadva,nincs megadva,nincs megadva,nincs megadva,,,,,,,,68.0,62.4,917647,nincs megadva,,,5.0,,,,Nem ismert,908,Mélytó utca,,,,"Budapest X. kerület, Mélytó utca",3,0,3.0,Újhegy,Panel lakás,Lépj kapcsolatba a hirdetővel,,Magánszemély,2,
35578506,elado,https://ingatlan.com/35578506,"Eladó tégla lakás - Budapest X. kerület, Kőrösi Csoma sétány #35578506",1102,"Budapest X. kerület, Kőrösi Csoma sétány",Budapest,,,3.0,73.0,1981.0,HUF,72900000,közepes állapotú,1981 és 2000 között,összkomfortos,1,4,nincs,3 m-nél alacsonyabb,van,nincs megadva,külön helyiségben,kelet,utcai,5 m2,nem,nincs megadva,,15 000 Ft/hó,26 000 Ft/hó,távfűtés egyedi méréssel,nincs megadva,nincs megadva,nem tetőtéri,,,,,,,,,73.0,72.9,998630,1,1.0,4.0,5.0,26000.0,15000.0,,1980-1999 (késő panel/tégla),2372,Kőrösi Csoma sétány,,,,"Budapest X. kerület, Kőrösi Csoma sétány",3,0,3.0,Kőbánya-Városközpont,Tégla lakás,Lépj kapcsolatba a hirdetővel,,Ingatlaniroda,4,1988.0
35578559,elado,https://ingatlan.com/35578559,"Eladó panel lakás - Budapest X. kerület, Noszlopy utca #35578559",1103,"Budapest X. kerület, Noszlopy utca",Budapest,,,3.0,59.0,1950.0,HUF,64900000,közepes állapotú,1950 és 1980 között,összkomfortos,3,4,nincs,3 m-nél alacsonyabb,nincs,nem,külön helyiségben,délkelet,panorámás,nincs megadva,nincs megadva,"utca, közterület - ingyenes",,nincs megadva,18 700 Ft/hó,távfűtés,nincs,nincs megadva,nincs megadva,nem vett részt,,,,,,,,59.0,64.9,1100000,3,3.0,4.0,,18700.0,,,1950-1979 (szocialista modern),2329,Noszlopy utca,,,,"Budapest X. kerület, Noszlopy utca",3,0,3.0,Óhegy,Panel lakás,Lépj kapcsolatba a hirdetővel,,Ingatlaniroda,4,1968.0
35578610,elado,https://ingatlan.com/35578610,"Eladó tégla lakás - Budapest X. kerület, Kőrösi Csoma sétány #35578610",1102,"Budapest X. kerület, Kőrösi Csoma sétány",Budapest,,,2.0,54.0,1981.0,HUF,56900000,nincs megadva,1981 és 2000 között,összkomfortos,3,nincs megadva,nincs,3 m-nél alacsonyabb,nincs,nincs megadva,egy helyiségben,délnyugat,nincs megadva,4 m2,nincs megadva,nincs megadva,,nincs megadva,nincs megadva,távfűtés egyedi méréssel,nincs megadva,nincs megadva,nem tetőtéri,,,,,,,,,54.0,56.9,1053704,3,3.0,,4.0,,,,1980-1999 (késő panel/tégla),678,Kőrösi Csoma sétány,,54,54,"Budapest X. kerület, Kőrösi Csoma sétány 54.",2,0,2.0,Kőbánya-Városközpont,Tégla lakás,Lépj kapcsolatba a hirdetővel,,Ingatlaniroda,4,1988.0
35578798,elado,https://ingatlan.com/35578798,"Eladó panel lakás - Budapest X. kerület, Kőbánya-Városközpont #35578798",1105,"Budapest X. kerület, Kőbánya-Városközpont",Budapest,,,2.0,41.0,1950.0,HUF,53500000,jó állapotú,1950 és 1980 között,összkomfortos,3,nincs megadva,van,3 m-nél alacsonyabb,nincs megadva,nincs megadva,nincs megadva,északnyugat,utcai,nincs megadva,nincs megadva,"utca, közterület",,nincs megadva,nincs megadva,távfűtés,nincs megadva,nincs megadva,nem tetőtéri,nincs megadva,,,,,,,,41.0,53.5,1304878,3,3.0,,,,,,1950-1979 (szocialista modern),1718,Kőbánya-Városközpont,,,,"Budapest X. kerület, Kőbánya-Városközpont",2,0,2.0,Kőbánya-Városközpont,Panel lakás,Lépj kapcsolatba a hirdetővel,,Ingatlaniroda,4,1968.0
35578852,elado,https://ingatlan.com/35578852,"Eladó panel lakás - Budapest X. kerület, Ihász köz #35578852",1105,"Budapest X. kerület, Ihász köz",Budapest,,,2.0,49.0,1981.0,HUF,69000000,felújított,1981 és 2000 között,összkomfortos,3,10,van,3 m-nél alacsonyabb,van,nincs megadva,egy helyiségben,délnyugat,nincs megadva,7 m2,nem,"utca, közterület - ingyenes",,27 000 Ft/hó,11 000 Ft/hó,"távfűtés egyedi méréssel, hűtő-fűtő klíma",nincs megadva,C,nem tetőtéri,nincs megadva,,,,,,,,49.0,69.0,1408163,3,3.0,10.0,7.0,11000.0,27000.0,,1980-1999 (késő panel/tégla),1547,Ihász köz,,,,"Budapest X. kerület, Ihász köz",2,0,2.0,Óhegy,Panel lakás,Lépj kapcsolatba a hirdetővel,,Ingatlaniroda,4,1988.0
35578951,elado,https://ingatlan.com/35578951,"Eladó tégla lakás - Budapest X. kerület, Füzér utca #35578951",1102,"Budapest X. kerület, Füzér utca",Budapest,,,5.0,128.0,1950.0,HUF,99000000,jó állapotú,1950 és 1980 között,duplakomfortos,2,nincs megadva,nincs,3 m-nél magasabb,nincs,nincs megadva,külön és egyben is,nincs megadva,utcai,nincs megadva,nem,"utca, közterület",,70 000 Ft/hó,48 800 Ft/hó,házközponti,nincs megadva,nincs megadva,nem tetőtéri,,,,,,,,,128.0,99.0,773438,2,2.0,,,48800.0,70000.0,,1950-1979 (szocialista modern),342,Füzér utca,,,,"Budapest X. kerület, Füzér utca",5,0,5.0,Ligettelek,Tégla lakás,Lépj kapcsolatba a hirdetővel,,Ingatlaniroda,4,1968.0
35578965,elado,https://ingatlan.com/35578965,"Eladó panel lakás - Budapest X. kerület, Tóvirág utca #35578965",1108,"Budapest X. kerület, Tóvirág utca",Budapest,,,3.0,68.0,1950.0,HUF,66500000,közepes állapotú,1950 és 1980 között,összkomfortos,földszint,nincs megadva,van,3 m-nél alacsonyabb,nincs megadva,nincs megadva,nincs megadva,dél,utcai,nincs megadva,nincs megadva,nincs megadva,,nincs megadva,21 000 Ft/hó,távfűtés,nincs megadva,nincs megadva,nem tetőtéri,nincs megadva,,,,,,,,68.0,66.5,977941,földszint,0.0,,,21000.0,,,1950-1979 (szocialista modern),2808,Tóvirág utca,,,,"Budapest X. kerület, Tóvirág utca",3,0,3.0,Újhegy,Panel lakás,Lépj kapcsolatba a hirdetővel,,Ingatlaniroda,4,1968.0
35579132,elado,https://ingatlan.com/35579132,"Eladó panel lakás - Budapest X. kerület, Kőbánya - Óhegy #35579132",1103,"Budapest X. kerület, Kőbánya - Óhegy",Budapest,,,3.0,56.0,1950.0,HUF,70500000,felújított,1950 és 1980 között,összkomfortos,2,4,nincs,3 m-nél alacsonyabb,nincs megadva,nincs megadva,nincs megadva,délnyugat,nincs megadva,nincs megadva,nem,"utca, közterület",,nincs megadva,nincs megadva,távfűtés,nincs megadva,nincs megadva,nincs megadva,részt vett,,,,,,,,56.0,70.5,1258929,2,2.0,4.0,,,,,1950-1979 (szocialista modern),949,Kőbánya - Óhegy,,,,"Budapest X. kerület, Kőbánya - Óhegy",3,0,3.0,Óhegy,Panel lakás,Lépj kapcsolatba a hirdetővel,,Ingatlaniroda,4,1968.0
35579284,elado,https://ingatlan.com/35579284,"Eladó tégla lakás - Budapest X. kerület, Gyömrői út 130. #35579284",1103,"Budapest X. kerület, Gyömrői út 130.",Budapest,47.464284,19.160154,2.0,50.0,,HUF,49900000,jó állapotú,nincs megadva,összkomfortos,félemelet,3,nincs megadva,3 m-nél magasabb,nincs megadva,nincs megadva,nincs megadva,nincs megadva,nincs megadva,nincs megadva,nincs megadva,nincs megadva,,nincs megadva,nincs megadva,gázkazán,nincs megadva,nincs megadva,nem tetőtéri,,,,,,,,,50.0,49.9,998000,félemelet,0.5,3.0,,,,,Nem ismert,744,Gyömrői út,130,130-ban,130,"Budapest X. kerület, Gyömrői út 130.",2,0,2.0,Újhegy,Tégla lakás,Lépj kapcsolatba a hirdetővel,,Ingatlaniroda,4,
35579338,elado,https://ingatlan.com/35579338,"Eladó panel lakás - Budapest X. kerület, Kőbánya-Városközpont #35579338",1105,"Budapest X. kerület, Kőbánya-Városközpont",Budapest,,,2.0,41.0,1950.0,HUF,53500000,jó állapotú,1950 és 1980 között,nincs megadva,3,nincs megadva,van,3 m-nél alacsonyabb,nincs megadva,nincs megadva,nincs megadva,északnyugat,utcai,nincs megadva,nincs megadva,nincs megadva,,nincs megadva,nincs megadva,távfűtés,nincs megadva,nincs megadva,nem tetőtéri,nincs megadva,,,,,,,,41.0,53.5,1304878,3,3.0,,,,,,1950-1979 (szocialista modern),1706,Kőbánya-Városközpont,,,,"Budapest X. kerület, Kőbánya-Városközpont",2,0,2.0,Kőbánya-Városközpont,Panel lakás,Lépj kapcsolatba a hirdetővel,,Ingatlaniroda,4,1968.0
35579637,elado,https://ingatlan.com/35579637,"Eladó tégla lakás - Budapest X. kerület, Zágrábi utca 8. #35579637",1107,"Budapest X. kerület, Zágrábi utca 8.",Budapest,47.470303,19.117403,2.0,40.0,2024.0,HUF,74900000,újszerű,2024,összkomfortos,6,7,van,3 m-nél alacsonyabb,van,igen,egy helyiségben,dél,utcai,9 m2,nem,nincs megadva,,13 000 Ft/hó,17 600 Ft/hó,házközponti egyedi méréssel,van - 20 cm,nincs megadva,nem tetőtéri,,,,,,,,,40.0,74.9,1872500,6,6.0,7.0,9.0,17600.0,13000.0,2024.0,2020 után (új építésű),1231,Zágrábi utca,8,,8,"Budapest X. kerület, Zágrábi utca 8.",2,0,2.0,Gyárdűlő,Tégla lakás,Lépj kapcsolatba a hirdetővel,,Ingatlaniroda,4,2024.0
35579740,elado,https://ingatlan.com/35579740,"Eladó panel lakás - Budapest X. kerület, Gergely utca 114. #35579740",1108,"Budapest X. kerület, Gergely utca 114.",Budapest,47.468268,19.156605,1.0,29.0,,HUF,44500000,felújított,nincs megadva,nincs megadva,nincs megadva,nincs megadva,nincs megadva,nincs megadva,nincs megadva,nincs megadva,nincs megadva,nincs megadva,nincs megadva,nincs megadva,nincs megadva,nincs megadva,,nincs megadva,nincs megadva,nincs megadva,nincs megadva,nincs megadva,nincs megadva,nincs megadva,,,,,,,,29.0,44.5,1534483,nincs megadva,,,,,,,Nem ismert,467,Gergely utca,114,114,114,"Budapest X. kerület, Gergely utca 114.",1,0,1.0,Újhegy,Panel lakás,Lépj kapcsolatba a hirdetővel,,Ingatlaniroda,2,
35579782,elado,https://ingatlan.com/35579782,"Eladó csúsztatott zsalus - Budapest XIX. kerület, Dobó Katica utca #35579782",1191,"Budapest XIX. kerület, Dobó Katica utca",Budapest,,,2.0,47.0,1950.0,HUF,69900000,felújított,1950 és 1980 között,nincs megadva,4,5,nincs,nincs megadva,van,nincs megadva,egy helyiségben,délkelet,nincs megadva,6 m2,nincs megadva,"utca, közterület - ingyenes",,nincs megadva,nincs megadva,"házközponti egyedi méréssel, hűtő-fűtő klíma",nincs megadva,nincs megadva,,,,,,,,,,47.0,69.9,1487234,4,4.0,5.0,6.0,,,,1950-1979 (szocialista modern),2182,"Budapest XIX. kerület, Dobó Katica utca",,,,"Budapest X. kerület, Budapest XIX. kerület, Dobó Katica utca",2,0,2.0,Kőbánya egyéb,Csúsztatott zsalus lakás,Lépj kapcsolatba a hirdetővel,,Ingatlaniroda,4,1968.0
35579832,elado,https://ingatlan.com/35579832,"Eladó tégla lakás - Budapest X. kerület, Állomás utca 11. #35579832",1102,"Budapest X. kerület, Állomás utca 11.",Budapest,47.484823,19.128699,2.0,50.0,,HUF,49000000,közepes állapotú,nincs megadva,nincs megadva,nincs megadva,nincs megadva,nincs megadva,nincs megadva,nincs megadva,nincs megadva,nincs megadva,nincs megadva,nincs megadva,2 m2,nincs megadva,nincs megadva,,nincs megadva,nincs megadva,nincs megadva,nincs megadva,nincs megadva,nincs megadva,,,,,,,,,50.0,49.0,980000,nincs megadva,,,2.0,,,,Nem ismert,141,Állomás utca,11,,11,"Budapest X. kerület, Állomás utca 11.",2,0,2.0,Kőbánya-Városközpont,Tégla lakás,Lépj kapcsolatba a hirdetővel,,Ingatlaniroda,2,
35579875,elado,https://ingatlan.com/35579875,"Eladó csúsztatott zsalus - Budapest X. kerület, Kápolna utca #35579875",1103,"Budapest X. kerület, Kápolna utca",Budapest,,,3.0,63.0,1950.0,HUF,67000000,felújított,1950 és 1980 között,nincs megadva,6,nincs megadva,van,3 m-nél alacsonyabb,van,nincs megadva,nincs megadva,nyugat,utcai,nincs megadva,nincs megadva,"utca, közterület",,nincs megadva,18 000 Ft/hó,távfűtés,nincs megadva,nincs megadva,,,,,,,,,,63.0,67.0,1063492,6,6.0,,,18000.0,,,1950-1979 (szocialista modern),949,Kápolna utca,,,,"Budapest X. kerület, Kápolna utca",3,0,3.0,Óhegy,Csúsztatott zsalus lakás,Lépj kapcsolatba a hirdetővel,,Ingatlaniroda,4,1968.0
35579994,elado,https://ingatlan.com/35579994,"Eladó panel lakás - Budapest X. kerület, Harmat utca #35579994",1104,"Budapest X. kerület, Harmat utca",Budapest,,,2.0,49.0,1950.0,HUF,58900000,jó állapotú,1950 és 1980 között,összkomfortos,4,nincs megadva,nincs,3 m-nél alacsonyabb,nincs megadva,nincs megadva,nincs megadva,délnyugat,kertre néz,nincs megadva,nincs megadva,nincs megadva,,nincs megadva,13 000 Ft/hó,távfűtés,van,nincs megadva,nem tetőtéri,nincs megadva,,,,,,,,49.0,58.9,1202041,4,4.0,,,13000.0,,,1950-1979 (szocialista modern),1022,Harmat utca,,,,"Budapest X. kerület, Harmat utca",2,0,2.0,Óhegy,Panel lakás,Lépj kapcsolatba a hirdetővel,,Ingatlaniroda,4,1968.0
35579997,elado,https://ingatlan.com/35579997,"Eladó panel lakás - Budapest X. kerület, Kővágó utca #35579997",1108,"Budapest X. kerület, Kővágó utca",Budapest,,,3.0,68.0,1950.0,HUF,65000000,közepes állapotú,1950 és 1980 között,nincs megadva,6,nincs megadva,van,3 m-nél alacsonyabb,van,nincs megadva,nincs megadva,délnyugat,utcai,3 m2,nincs megadva,"utca, közterület",,nincs megadva,20 780 Ft/hó,távfűtés,van,C,nem tetőtéri,nincs megadva,,,,,,,,68.0,65.0,955882,6,6.0,,3.0,20780.0,,,1950-1979 (szocialista modern),1237,Kővágó utca,,,,"Budapest X. kerület, Kővágó utca",3,0,3.0,Újhegy,Panel lakás,Lépj kapcsolatba a hirdetővel,,Ingatlaniroda,4,1968.0
35580077,elado,https://ingatlan.com/35580077,"Eladó panel lakás - Budapest X. kerület, Lavotta utca #35580077",1104,"Budapest X. kerület, Lavotta utca",Budapest,,,2.0,35.0,,HUF,54900000,felújított,nincs megadva,összkomfortos,4,10,van,3 m-nél alacsonyabb,nincs megadva,nincs megadva,egy helyiségben,nincs megadva,kertre néz,4 m2,nincs megadva,"utca, közterület - ingyenes",,nincs megadva,nincs megadva,távfűtés egyedi méréssel,nincs megadva,nincs megadva,nincs megadva,nincs megadva,,,,,,,,35.0,54.9,1568571,4,4.0,10.0,4.0,,,,Nem ismert,1345,Lavotta utca,,,,"Budapest X. kerület, Lavotta utca",2,0,2.0,Óhegy,Panel lakás,Lépj kapcsolatba a hirdetővel,,Ingatlaniroda,4,
35580576,elado,https://ingatlan.com/35580576,"Eladó tégla lakás - Budapest X. kerület, Maláta köz #35580576",1105,"Budapest X. kerület, Maláta köz",Budapest,,,3.0,62.0,2001.0,HUF,81000000,jó állapotú,2001 és 2010 között,összkomfortos,4,7,van,3 m-nél alacsonyabb,van,nem,külön helyiségben,délkelet,panorámás,9 m2,nem,teremgarázs hely - kötelező megvenni,7 MFt,15 000 Ft/hó,30 000 Ft/hó,"házközponti egyedi méréssel, hűtő-fűtő klíma",van - 10 cm,nincs megadva,nem tetőtéri,,,,,,,,,62.0,81.0,1306452,4,4.0,7.0,9.0,30000.0,15000.0,,2000-2019 (újszerű),4465,Maláta köz,,,,"Budapest X. kerület, Maláta köz",3,0,3.0,Óhegy,Tégla lakás,Lépj kapcsolatba a hirdetővel,,Ingatlaniroda,4,2005.0
35581444,elado,https://ingatlan.com/35581444,"Eladó panel lakás - Budapest X. kerület, Harmat utca #35581444",1108,"Budapest X. kerület, Harmat utca",Budapest,,,3.0,67.0,1950.0,HUF,69900000,felújítandó,1950 és 1980 között,nincs megadva,5,nincs megadva,van,3 m-nél alacsonyabb,nincs megadva,nincs megadva,nincs megadva,délnyugat,kertre néz,2 m2,nincs megadva,nincs megadva,,nincs megadva,nincs megadva,házközponti,nincs megadva,C,nem tetőtéri,nincs megadva,,,,,,,,67.0,69.9,1043284,5,5.0,,2.0,,,,1950-1979 (szocialista modern),1558,Harmat utca,,,,"Budapest X. kerület, Harmat utca",3,0,3.0,Újhegy,Panel lakás,Lépj kapcsolatba a hirdetővel,,Ingatlaniroda,4,1968.0
35581687,elado,https://ingatlan.com/35581687,"Eladó panel lakás - Budapest X. kerület, Gyakorló utca #35581687",1106,"Budapest X. kerület, Gyakorló utca",Budapest,,,2.0,49.0,1981.0,HUF,65000000,jó állapotú,1981 és 2000 között,komfortos,1,10,van,3 m-nél alacsonyabb,van,nem,külön helyiségben,dél,utcai,4 m2,nem,"utca, közterület - fizetős övezet",,30 000 Ft/hó,nincs megadva,távfűtés,nincs,nincs megadva,nem tetőtéri,nem vett részt,,,,,,,,49.0,65.0,1326531,1,1.0,10.0,4.0,,30000.0,,1980-1999 (késő panel/tégla),2711,Gyakorló utca,,,,"Budapest X. kerület, Gyakorló utca",2,0,2.0,Felsőrákos,Panel lakás,Lépj kapcsolatba a hirdetővel,,Ingatlaniroda,4,1988.0
35582234,elado,https://ingatlan.com/35582234,"Eladó tégla lakás - Budapest X. kerület, Felsőrákos #35582234",1106,"Budapest X. kerület, Felsőrákos",Budapest,,,1.0,30.0,2026.0,HUF,53500000,új építésű,2026,összkomfortos,6,8,van,3 m-nél alacsonyabb,nincs megadva,igen,nincs megadva,dél,udvari,6 m2,nem,nincs megadva,,nincs megadva,nincs megadva,házközponti egyedi méréssel,nincs megadva,A+,nem tetőtéri,,,,,,,,,30.0,53.5,1783333,6,6.0,8.0,6.0,,,2026.0,2020 után (új építésű),1746,Felsőrákos,,,,"Budapest X. kerület, Felsőrákos",1,0,1.0,Felsőrákos,Tégla lakás,Lépj kapcsolatba a hirdetővel,,Ingatlaniroda,4,2026.0
35582405,elado,https://ingatlan.com/35582405,"Eladó tégla lakás - Budapest X. kerület, Ligettelek #35582405",1101,"Budapest X. kerület, Ligettelek",Budapest,,,2.0,41.0,1950.0,HUF,49900000,jó állapotú,1950 és 1980 között,nincs megadva,földszint,nincs megadva,nincs,3 m-nél alacsonyabb,nincs megadva,nincs megadva,nincs megadva,délkelet,utcai,nincs megadva,nincs megadva,nincs megadva,,nincs megadva,nincs megadva,gáz (konvektor),nincs megadva,nincs megadva,nem tetőtéri,,,,,,,,,41.0,49.9,1217073,földszint,0.0,,,,,,1950-1979 (szocialista modern),2581,Ligettelek,,,,"Budapest X. kerület, Ligettelek",2,0,2.0,Ligettelek,Tégla lakás,Lépj kapcsolatba a hirdetővel,,Ingatlaniroda,4,1968.0
35582453,elado,https://ingatlan.com/35582453,"Eladó tégla lakás - Budapest X. kerület, Kőrösi Csoma sétány #35582453",1102,"Budapest X. kerület, Kőrösi Csoma sétány",Budapest,,,2.0,54.0,,HUF,56900000,közepes állapotú,nincs megadva,nincs megadva,3,nincs megadva,nincs,nincs megadva,nincs megadva,nincs megadva,nincs megadva,nincs megadva,nincs megadva,4 m2,nincs megadva,nincs megadva,,nincs megadva,nincs megadva,nincs megadva,nincs megadva,nincs megadva,nincs megadva,,,,,,,,,54.0,56.9,1053704,3,3.0,,4.0,,,,Nem ismert,2105,Kőrösi Csoma sétány,,,,"Budapest X. kerület, Kőrösi Csoma sétány",2,0,2.0,Kőbánya-Városközpont,Tégla lakás,Lépj kapcsolatba a hirdetővel,,Ingatlaniroda,4,
35582653,elado,https://ingatlan.com/35582653,"Eladó panel lakás - Budapest X. kerület, Kőbányai út #35582653",1101,"Budapest X. kerület, Kőbányai út",Budapest,,,3.0,67.0,1981.0,HUF,68500000,jó állapotú,1981 és 2000 között,összkomfortos,3,3,nincs,3 m-nél alacsonyabb,nincs megadva,nincs megadva,külön helyiségben,dél,utcai,4 m2,nincs megadva,"utca, közterület - ingyenes",,nincs megadva,nincs megadva,házközponti,nincs megadva,nincs megadva,nincs megadva,nincs megadva,,,,,,,,67.0,68.5,1022388,3,3.0,3.0,4.0,,,,1980-1999 (késő panel/tégla),926,Kőbányai út,,,,"Budapest X. kerület, Kőbányai út",3,0,3.0,Laposdűlő,Panel lakás,Lépj kapcsolatba a hirdetővel,,Ingatlaniroda,4,1988.0
35582779,elado,https://ingatlan.com/35582779,"Eladó csúsztatott zsalus - Budapest X. kerület, Kőbánya-Városközpont #35582779",1105,"Budapest X. kerület, Kőbánya-Városközpont",Budapest,,,1.0,38.0,1950.0,HUF,43000000,jó állapotú,1950 és 1980 között,összkomfortos,2,7,van,3 m-nél alacsonyabb,nincs megadva,nincs megadva,nincs megadva,délnyugat,kertre néz,nincs megadva,nincs megadva,"utca, közterület",,nincs megadva,13 600 Ft/hó,távfűtés,van,C,,,,,,,,,,38.0,43.0,1131579,2,2.0,7.0,,13600.0,,,1950-1979 (szocialista modern),856,Kőbánya-Városközpont,,,,"Budapest X. kerület, Kőbánya-Városközpont",1,0,1.0,Kőbánya-Városközpont,Csúsztatott zsalus lakás,Lépj kapcsolatba a hirdetővel,,Ingatlaniroda,4,1968.0
35583492,elado,https://ingatlan.com/35583492,"Eladó tégla lakás - Budapest X. kerület, Ónodi köz #35583492",1105,"Budapest X. kerület, Ónodi köz",Budapest,,,3.0,57.0,1950.0,HUF,53000000,felújítandó,1950 és 1980 között,összkomfortos,1,4,nincs megadva,nincs megadva,nincs megadva,nincs megadva,külön helyiségben,nincs megadva,utcai,nincs megadva,nincs megadva,"utca, közterület - ingyenes",,nincs megadva,nincs megadva,távfűtés,nincs megadva,F,nincs megadva,,,,,,,,,57.0,53.0,929825,1,1.0,4.0,,,,,1950-1979 (szocialista modern),4067,Ónodi köz,,57,57,"Budapest X. kerület, Ónodi köz 57.",3,0,3.0,Kőbánya-Városközpont,Tégla lakás,Lépj kapcsolatba a hirdetővel,,Ingatlaniroda,4,1968.0
35583640,elado,https://ingatlan.com/35583640,"Eladó tégla lakás - Budapest X. kerület, Harmat utca #35583640",1104,"Budapest X. kerület, Harmat utca",Budapest,,,2.0,53.0,,HUF,75000000,felújított,nincs megadva,összkomfortos,2,4,nincs,nincs megadva,van,nincs megadva,nincs megadva,nincs megadva,nincs megadva,4 m2,nincs megadva,nincs megadva,,nincs megadva,nincs megadva,távfűtés,nincs megadva,nincs megadva,nincs megadva,,,,,,,,,53.0,75.0,1415094,2,2.0,4.0,4.0,,,,Nem ismert,1114,Harmat utca,,,,"Budapest X. kerület, Harmat utca",2,0,2.0,Óhegy,Tégla lakás,Lépj kapcsolatba a hirdetővel,,Ingatlaniroda,4,
35583766,elado,https://ingatlan.com/35583766,"Eladó panel lakás - Budapest X. kerület, Oltó utca 10. #35583766",1108,"Budapest X. kerület, Oltó utca 10.",Budapest,47.469465,19.159126,3.0,68.0,1950.0,HUF,64900000,jó állapotú,1950 és 1980 között,összkomfortos,6,10,van,3 m-nél alacsonyabb,van,nem,külön helyiségben,nincs megadva,utcai,3 m2,nem,"utca, közterület - ingyenes",,nincs megadva,21 000 Ft/hó,távfűtés,van,D,nem tetőtéri,nem vett részt,,,,,,,,68.0,64.9,954412,6,6.0,10.0,3.0,21000.0,,,1950-1979 (szocialista modern),3126,Oltó utca,10,,10,"Budapest X. kerület, Oltó utca 10.",3,0,3.0,Újhegy,Panel lakás,Lépj kapcsolatba a hirdetővel,,Ingatlaniroda,4,1968.0
35583875,elado,https://ingatlan.com/35583875,"Eladó tégla lakás - Budapest X. kerület, Füzér utca #35583875",1102,"Budapest X. kerület, Füzér utca",Budapest,,,1.0,17.0,1950.0,HUF,17000000,újszerű,1950 és 1980 között,összkomfortos,szuterén,4,nincs,3 m-nél alacsonyabb,nincs megadva,nem,egy helyiségben,nincs megadva,nincs megadva,nincs megadva,nincs megadva,"utca, közterület - ingyenes",,10 000 Ft/hó,5 000 Ft/hó,elektromos fűtőpanel,van - 10 cm,B,nem tetőtéri,,,,,,,,,17.0,17.0,1000000,szuterén,-1.0,4.0,,5000.0,10000.0,,1950-1979 (szocialista modern),914,Füzér utca,,17,17,"Budapest X. kerület, Füzér utca 17.",1,0,1.0,Ligettelek,Tégla lakás,Lépj kapcsolatba a hirdetővel,,Ingatlaniroda,4,1968.0
35584000,elado,https://ingatlan.com/35584000,"Eladó csúsztatott zsalus - Budapest X. kerület, Kőbánya-Városközpont #35584000",1105,"Budapest X. kerület, Kőbánya-Városközpont",Budapest,,,3.0,64.0,1950.0,HUF,64900000,közepes állapotú,1950 és 1980 között,összkomfortos,3,nincs megadva,van,3 m-nél alacsonyabb,van,nincs megadva,külön helyiségben,délnyugat,utcai,nincs megadva,nincs megadva,nincs megadva,,nincs megadva,15 680 Ft/hó,távfűtés,van,nincs megadva,,,,,,,,,,64.0,64.9,1014062,3,3.0,,,15680.0,,,1950-1979 (szocialista modern),883,Kőbánya-Városközpont,,,,"Budapest X. kerület, Kőbánya-Városközpont",3,0,3.0,Kőbánya-Városközpont,Csúsztatott zsalus lakás,Lépj kapcsolatba a hirdetővel,,Ingatlaniroda,4,1968.0
35584302,elado,https://ingatlan.com/35584302,"Eladó tégla lakás - Budapest X. kerület, Gém utca 4. #35584302",1107,"Budapest X. kerület, Gém utca 4.",Budapest,47.470795,19.121189,4.0,77.0,2019.0,HUF,133000000,újszerű,2019,duplakomfortos,6,7,van,3 m-nél alacsonyabb,van,nincs megadva,külön és egyben is,délnyugat,kertre néz,7 m2,nem,teremgarázs hely - megvásárolható,6 MFt,30 000 Ft/hó,50 000 Ft/hó,házközponti egyedi méréssel,van,C,nem tetőtéri,,,,,,,,,77.0,133.0,1727273,6,6.0,7.0,7.0,50000.0,30000.0,2019.0,2000-2019 (újszerű),2859,Gém utca,4,,4,"Budapest X. kerület, Gém utca 4.",4,0,4.0,Gyárdűlő,Tégla lakás,Lépj kapcsolatba a hirdetővel,,Ingatlaniroda,4,2019.0
35584610,elado,https://ingatlan.com/35584610,"Eladó tégla lakás - Budapest X. kerület, Gergely utca #35584610",1103,"Budapest X. kerület, Gergely utca",Budapest,,,1.0,43.0,1940.0,HUF,55000000,felújított,1950 előtt,összkomfortos,2,3,nincs,3 m-nél alacsonyabb,van,nem,külön helyiségben,délnyugat,utcai,1 m2,nem,"utca, közterület - ingyenes",,31 000 Ft/hó,nincs megadva,"hűtő-fűtő klíma, egyéb",nincs,nincs megadva,nem tetőtéri,,,,,,,,,43.0,55.0,1279070,2,2.0,3.0,1.0,,31000.0,,1950 előtt (klasszikus polgári/tégla),1673,Gergely utca,,,,"Budapest X. kerület, Gergely utca",1,0,1.0,Újhegy,Tégla lakás,Lépj kapcsolatba a hirdetővel,,Ingatlaniroda,4,1930.0
35584673,elado,https://ingatlan.com/35584673,"Eladó csúsztatott zsalus - Budapest X. kerület, Kőrösi Csoma Sándor út #35584673",1102,"Budapest X. kerület, Kőrösi Csoma Sándor út",Budapest,,,3.0,64.0,1950.0,HUF,64900000,közepes állapotú,1950 és 1980 között,összkomfortos,3,nincs megadva,van,3 m-nél alacsonyabb,van,nem,külön helyiségben,dél,utcai,nincs megadva,nem,"utca, közterület - ingyenes",,nincs megadva,15 680 Ft/hó,távfűtés,van,nincs megadva,,,,,,,,,,64.0,64.9,1014062,3,3.0,,,15680.0,,,1950-1979 (szocialista modern),1543,Kőrösi Csoma Sándor út,,,,"Budapest X. kerület, Kőrösi Csoma Sándor út",3,0,3.0,Kőbánya-Városközpont,Csúsztatott zsalus lakás,Lépj kapcsolatba a hirdetővel,,Ingatlaniroda,4,1968.0
35584770,elado,https://ingatlan.com/35584770,"Eladó tégla lakás - Budapest X. kerület, Laposdűlő #35584770",1101,"Budapest X. kerület, Laposdűlő",Budapest,,,2.0,38.0,,HUF,51600000,felújított,nincs megadva,nincs megadva,nincs megadva,nincs megadva,nincs megadva,nincs megadva,nincs megadva,nincs megadva,nincs megadva,nincs megadva,nincs megadva,nincs megadva,nincs megadva,nincs megadva,,nincs megadva,14 400 Ft/hó,nincs megadva,nincs megadva,nincs megadva,nincs megadva,,,,,,,,,38.0,51.6,1357895,nincs megadva,,,,14400.0,,,Nem ismert,746,Laposdűlő,,,,"Budapest X. kerület, Laposdűlő",2,0,2.0,Laposdűlő,Tégla lakás,Lépj kapcsolatba a hirdetővel,,Ingatlaniroda,4,
35584783,elado,https://ingatlan.com/35584783,"Eladó tégla lakás - Budapest X. kerület, Csilla utca 3/A #35584783",1101,"Budapest X. kerület, Csilla utca 3/A",Budapest,47.489048,19.117972,3.0,37.0,,HUF,55400000,felújított,nincs megadva,nincs megadva,nincs megadva,nincs megadva,nincs megadva,nincs megadva,nincs megadva,nincs megadva,nincs megadva,nincs megadva,nincs megadva,nincs megadva,nincs megadva,nincs megadva,,nincs megadva,nincs megadva,nincs megadva,nincs megadva,nincs megadva,nincs megadva,,,,,,,,,37.0,55.4,1497297,nincs megadva,,,,,,,Nem ismert,1672,Csilla utca,3/A,,3/A,"Budapest X. kerület, Csilla utca 3/A.",3,0,3.0,Laposdűlő,Tégla lakás,Lépj kapcsolatba a hirdetővel,,Ingatlaniroda,2,
35584924,elado,https://ingatlan.com/35584924,"Eladó panel lakás - Budapest X. kerület, Harmat utca #35584924",1104,"Budapest X. kerület, Harmat utca",Budapest,,,3.0,60.0,1981.0,HUF,78900000,felújított,1981 és 2000 között,összkomfortos,4,10,van,3 m-nél alacsonyabb,van,nem,külön helyiségben,nincs megadva,nincs megadva,4 m2,nem,"utca, közterület - ingyenes",,nincs megadva,26 000 Ft/hó,távfűtés egyedi méréssel,nincs megadva,nincs megadva,nem tetőtéri,részt vett,,,,,,,,60.0,78.9,1315000,4,4.0,10.0,4.0,26000.0,,,1980-1999 (késő panel/tégla),1927,Harmat utca,,60,60,"Budapest X. kerület, Harmat utca 60.",3,0,3.0,Óhegy,Panel lakás,Lépj kapcsolatba a hirdetővel,,Ingatlaniroda,2,1988.0
35585119,elado,https://ingatlan.com/35585119,"Eladó tégla lakás - Budapest X. kerület, Kőbánya - Óhegy #35585119",1103,"Budapest X. kerület, Kőbánya - Óhegy",Budapest,,,2.0,56.0,2001.0,HUF,59900000,újszerű,2001 és 2010 között,összkomfortos,3,3,nincs,3 m-nél alacsonyabb,nincs megadva,nincs megadva,nincs megadva,nyugat,kertre néz,nincs megadva,nincs megadva,udvari beálló,,nincs megadva,nincs megadva,gázkazán,van - 5 cm,B,zárószint,,,,,,,,,56.0,59.9,1069643,3,3.0,3.0,,,,,2000-2019 (újszerű),2150,Kőbánya - Óhegy,,,,"Budapest X. kerület, Kőbánya - Óhegy",2,0,2.0,Óhegy,Tégla lakás,Lépj kapcsolatba a hirdetővel,,Ingatlaniroda,4,2005.0
35585223,elado,https://ingatlan.com/35585223,"Eladó csúsztatott zsalus - Budapest X. kerület, Kőbánya - Óhegy #35585223",1103,"Budapest X. kerület, Kőbánya - Óhegy",Budapest,,,3.0,63.0,1950.0,HUF,67000000,felújított,1950 és 1980 között,összkomfortos,6,nincs megadva,van,3 m-nél alacsonyabb,van,nincs megadva,külön helyiségben,nyugat,utcai,nincs megadva,nem,"utca, közterület - ingyenes",,nincs megadva,nincs megadva,távfűtés,nincs megadva,nincs megadva,,,,,,,,,,63.0,67.0,1063492,6,6.0,,,,,,1950-1979 (szocialista modern),2362,Kőbánya - Óhegy,,,,"Budapest X. kerület, Kőbánya - Óhegy",3,0,3.0,Óhegy,Csúsztatott zsalus lakás,Lépj kapcsolatba a hirdetővel,,Ingatlaniroda,4,1968.0
35585304,elado,https://ingatlan.com/35585304,"Eladó panel lakás - Budapest X. kerület, Hungária körút #35585304",1101,"Budapest X. kerület, Hungária körút",Budapest,,,3.0,72.0,1981.0,HUF,74900000,felújított,1981 és 2000 között,összkomfortos,8,10,van,3 m-nél alacsonyabb,nincs megadva,nincs megadva,külön helyiségben,nyugat,udvari,nincs megadva,nem,"utca, közterület",,nincs megadva,nincs megadva,házközponti,van,nincs megadva,nem tetőtéri,nincs megadva,,,,,,,,72.0,74.9,1040278,8,8.0,10.0,,,,,1980-1999 (késő panel/tégla),833,Hungária körút,,,,"Budapest X. kerület, Hungária körút",3,0,3.0,Laposdűlő,Panel lakás,Lépj kapcsolatba a hirdetővel,,Ingatlaniroda,4,1988.0
35585337,elado,https://ingatlan.com/35585337,"Eladó tégla lakás - Budapest X. kerület, Liget utca 40. #35585337",1102,"Budapest X. kerület, Liget utca 40.",Budapest,47.489487,19.133937,2.0,38.0,,HUF,45000000,felújított,nincs megadva,nincs megadva,4,4,nincs,nincs megadva,nincs,nincs megadva,egy helyiségben,nincs megadva,udvari,nincs megadva,nincs megadva,"utca, közterület",,nincs megadva,nincs megadva,nincs megadva,nincs megadva,nincs megadva,"legfelső emelet, nem tetőtéri",,,,,,,,,38.0,45.0,1184211,4,4.0,4.0,,,,,Nem ismert,849,Liget utca,40,40,40,"Budapest X. kerület, Liget utca 40.",2,0,2.0,Ligettelek,Tégla lakás,Lépj kapcsolatba a hirdetővel,,Ingatlaniroda,2,
35585478,elado,https://ingatlan.com/35585478,"Eladó tégla lakás - Budapest X. kerület, Újhegy - Rózsaliget-lakópark #35585478",1108,"Budapest X. kerület, Újhegy - Rózsaliget-lakópark",Budapest,,,3.0,61.0,2001.0,HUF,89900000,felújított,2001 és 2010 között,összkomfortos,földszint,6,van,3 m-nél alacsonyabb,van,nem,külön és egyben is,délnyugat,kertre néz,16 m2,igen,"utca, közterület - ingyenes",,nincs megadva,30 000 Ft/hó,"házközponti egyedi méréssel, hűtő-fűtő klíma",van - 10 cm,D,nem tetőtéri,,,,,,,,,61.0,89.9,1473770,földszint,0.0,6.0,16.0,30000.0,,,2000-2019 (újszerű),1984,Újhegy - Rózsaliget-lakópark,,,,"Budapest X. kerület, Újhegy - Rózsaliget-lakópark",3,0,3.0,Újhegy,Tégla lakás,Lépj kapcsolatba a hirdetővel,,Ingatlaniroda,4,2005.0
35585662,elado,https://ingatlan.com/35585662,"Eladó tégla lakás - Budapest X. kerület, Gergely utca 102. #35585662",1103,"Budapest X. kerület, Gergely utca 102.",Budapest,47.471899,19.148581,2.0,44.0,2019.0,HUF,85000000,újszerű,2019,összkomfortos,1,3,van,3 m-nél alacsonyabb,van,nem,egy helyiségben,délnyugat,udvari,10 m2,nem,udvari beálló - benne van az árban,,nincs megadva,nincs megadva,"mennyezeti hűtés-fűtés, hőszivattyú",van - 15 cm,A+,nem tetőtéri,,,,,,,,,44.0,85.0,1931818,1,1.0,3.0,10.0,,,2019.0,2000-2019 (újszerű),1678,Gergely utca,102,,102,"Budapest X. kerület, Gergely utca 102.",2,0,2.0,Óhegy,Tégla lakás,Lépj kapcsolatba a hirdetővel,,Ingatlaniroda,2,2019.0
35585953,elado,https://ingatlan.com/35585953,"Eladó panel lakás - Budapest X. kerület, Harmat utca #35585953",1104,"Budapest X. kerület, Harmat utca",Budapest,,,2.0,53.0,1950.0,HUF,53900000,felújítandó,1950 és 1980 között,összkomfortos,földszint,10,van,3 m-nél alacsonyabb,nincs,nincs megadva,külön helyiségben,délkelet,utcai,nincs megadva,nincs megadva,"utca, közterület - ingyenes",,15 000 Ft/hó,24 309 Ft/hó,távfűtés,nincs,G,nem tetőtéri,nem vett részt,,,,,,,,53.0,53.9,1016981,földszint,0.0,10.0,,24309.0,15000.0,,1950-1979 (szocialista modern),2016,Harmat utca,,,,"Budapest X. kerület, Harmat utca",2,0,2.0,Óhegy,Panel lakás,Lépj kapcsolatba a hirdetővel,,Ingatlaniroda,4,1968.0
35586450,elado,https://ingatlan.com/35586450,"Eladó panel lakás - Budapest X. kerület, Tóvirág utca #35586450",1108,"Budapest X. kerület, Tóvirág utca",Budapest,,,3.0,68.0,1981.0,HUF,77500000,jó állapotú,1981 és 2000 között,összkomfortos,9,10,van,3 m-nél alacsonyabb,van,nem,külön helyiségben,délnyugat,kertre néz,3 m2,nem,"utca, közterület - fizetős övezet",,nincs megadva,nincs megadva,távfűtés,nincs megadva,nincs megadva,nem tetőtéri,részt vett,,,,,,,,68.0,77.5,1139706,9,9.0,10.0,3.0,,,,1980-1999 (késő panel/tégla),1050,Tóvirág utca,,,,"Budapest X. kerület, Tóvirág utca",3,0,3.0,Újhegy,Panel lakás,Lépj kapcsolatba a hirdetővel,,Ingatlaniroda,4,1988.0
35586644,elado,https://ingatlan.com/35586644,"Eladó tégla lakás - Budapest X. kerület, Kada utca #35586644",1106,"Budapest X. kerület, Kada utca",Budapest,,,2.0,39.0,,HUF,34900000,felújítandó,nincs megadva,összkomfortos,földszint,földszintes,nincs megadva,nincs megadva,nincs megadva,nincs megadva,nincs megadva,nincs megadva,udvari,nincs megadva,nincs megadva,"utca, közterület - ingyenes",,nincs megadva,nincs megadva,gáz (konvektor),nincs megadva,nincs megadva,nincs megadva,,,,,,,,,39.0,34.9,894872,földszint,0.0,0.0,,,,,Nem ismert,1955,Kada utca,,,,"Budapest X. kerület, Kada utca",2,0,2.0,Óhegy,Tégla lakás,Lépj kapcsolatba a hirdetővel,,Ingatlaniroda,4,
35586929,elado,https://ingatlan.com/35586929,"Eladó tégla lakás - Budapest X. kerület, Hatház utca #35586929",1106,"Budapest X. kerület, Hatház utca",Budapest,,,1.0,33.0,,HUF,53000000,felújított,nincs megadva,összkomfortos,2,4,nincs,nincs megadva,van,nincs megadva,egy helyiségben,délkelet,udvari,nincs megadva,nem,"utca, közterület",,nincs megadva,nincs megadva,gáz (konvektor),nincs megadva,nincs megadva,nincs megadva,,,,,,,,,33.0,53.0,1606061,2,2.0,4.0,,,,,Nem ismert,1195,Hatház utca,,,,"Budapest X. kerület, Hatház utca",1,0,1.0,Felsőrákos,Tégla lakás,Lépj kapcsolatba a hirdetővel,,Ingatlaniroda,4,
35586964,elado,https://ingatlan.com/35586964,"Eladó csúsztatott zsalus - Budapest X. kerület, Kőbánya-Városközpont #35586964",1105,"Budapest X. kerület, Kőbánya-Városközpont",Budapest,,,3.0,64.0,1950.0,HUF,64900000,közepes állapotú,1950 és 1980 között,összkomfortos,3,nincs megadva,van,nincs megadva,van,nincs megadva,nincs megadva,nincs megadva,utcai,nincs megadva,nincs megadva,nincs megadva,,nincs megadva,15 680 Ft/hó,távfűtés,nincs megadva,nincs megadva,,,,,,,,,,64.0,64.9,1014062,3,3.0,,,15680.0,,,1950-1979 (szocialista modern),883,Kőbánya-Városközpont,,,,"Budapest X. kerület, Kőbánya-Városközpont",3,0,3.0,Kőbánya-Városközpont,Csúsztatott zsalus lakás,Lépj kapcsolatba a hirdetővel,,Ingatlaniroda,4,1968.0
35587128,elado,https://ingatlan.com/35587128,"Eladó tégla lakás - Budapest X. kerület, Gergely utca #35587128",1103,"Budapest X. kerület, Gergely utca",Budapest,,,1.0,30.0,1950.0,HUF,37000000,jó állapotú,1950 és 1980 között,nincs megadva,földszint,nincs megadva,nincs megadva,3 m-nél magasabb,nincs megadva,nincs megadva,nincs megadva,délkelet,udvari,nincs megadva,nincs megadva,nincs megadva,,nincs megadva,nincs megadva,gáz (konvektor),nincs megadva,nincs megadva,nem tetőtéri,,,,,,,,,30.0,37.0,1233333,földszint,0.0,,,,,,1950-1979 (szocialista modern),727,Gergely utca,,,,"Budapest X. kerület, Gergely utca",1,0,1.0,Óhegy,Tégla lakás,Lépj kapcsolatba a hirdetővel,,Ingatlaniroda,4,1968.0
35587131,elado,https://ingatlan.com/35587131,"Eladó tégla lakás - Budapest X. kerület, Mádi utca #35587131",1104,"Budapest X. kerület, Mádi utca",Budapest,,,1.0,25.0,1940.0,HUF,42900000,felújított,1950 előtt,nincs megadva,földszint,nincs megadva,nincs megadva,3 m-nél magasabb,nincs megadva,nincs megadva,nincs megadva,délkelet,udvari,nincs megadva,nincs megadva,nincs megadva,,nincs megadva,nincs megadva,hőszivattyú,nincs megadva,nincs megadva,nem tetőtéri,,,,,,,,,25.0,42.9,1716000,földszint,0.0,,,,,,1950 előtt (klasszikus polgári/tégla),1135,Mádi utca,,,,"Budapest X. kerület, Mádi utca",1,0,1.0,Óhegy,Tégla lakás,Lépj kapcsolatba a hirdetővel,,Ingatlaniroda,4,1930.0
35587152,elado,https://ingatlan.com/35587152,"Eladó panel lakás - Budapest X. kerület, Takarék utca #35587152",1108,"Budapest X. kerület, Takarék utca",Budapest,,,3.0,68.0,1950.0,HUF,65000000,közepes állapotú,1950 és 1980 között,nincs megadva,6,nincs megadva,van,3 m-nél alacsonyabb,nincs megadva,nincs megadva,nincs megadva,délnyugat,utcai,3 m2,nincs megadva,nincs megadva,,nincs megadva,nincs megadva,távfűtés,nincs megadva,C,nem tetőtéri,nincs megadva,,,,,,,,68.0,65.0,955882,6,6.0,,3.0,,,,1950-1979 (szocialista modern),559,Takarék utca,,,,"Budapest X. kerület, Takarék utca",3,0,3.0,Újhegy,Panel lakás,Lépj kapcsolatba a hirdetővel,,Ingatlaniroda,4,1968.0
35587156,elado,https://ingatlan.com/35587156,"Eladó csúsztatott zsalus - Budapest X. kerület, Kőbánya - Óhegy #35587156",1103,"Budapest X. kerület, Kőbánya - Óhegy",Budapest,,,3.0,63.0,1950.0,HUF,67000000,felújított,1950 és 1980 között,nincs megadva,6,nincs megadva,van,3 m-nél alacsonyabb,nincs megadva,nincs megadva,nincs megadva,nyugat,utcai,nincs megadva,nincs megadva,nincs megadva,,nincs megadva,nincs megadva,távfűtés,nincs megadva,nincs megadva,,,,,,,,,,63.0,67.0,1063492,6,6.0,,,,,,1950-1979 (szocialista modern),949,Kőbánya - Óhegy,,,,"Budapest X. kerület, Kőbánya - Óhegy",3,0,3.0,Óhegy,Csúsztatott zsalus lakás,Lépj kapcsolatba a hirdetővel,,Ingatlaniroda,4,1968.0
35587178,elado,https://ingatlan.com/35587178,"Eladó tégla lakás - Budapest X. kerület, Kőrösi Csoma Sándor út #35587178",1102,"Budapest X. kerület, Kőrösi Csoma Sándor út",Budapest,,,3.0,89.0,1950.0,HUF,95900000,jó állapotú,1950 és 1980 között,nincs megadva,3,nincs megadva,nincs megadva,3 m-nél magasabb,nincs megadva,nincs megadva,nincs megadva,délnyugat,utcai,nincs megadva,nincs megadva,nincs megadva,,nincs megadva,nincs megadva,gázkazán,nincs megadva,nincs megadva,nem tetőtéri,,,,,,,,,89.0,95.9,1077528,3,3.0,,,,,,1950-1979 (szocialista modern),1352,Kőrösi Csoma Sándor út,,,,"Budapest X. kerület, Kőrösi Csoma Sándor út",3,0,3.0,Ligettelek,Tégla lakás,Lépj kapcsolatba a hirdetővel,,Ingatlaniroda,4,1968.0
35587180,elado,https://ingatlan.com/35587180,"Eladó csúsztatott zsalus - Budapest X. kerület, Kőrösi Csoma Sándor út #35587180",1102,"Budapest X. kerület, Kőrösi Csoma Sándor út",Budapest,,,5.0,103.0,1981.0,HUF,99900000,felújítandó,1981 és 2000 között,nincs megadva,4,nincs megadva,nincs megadva,3 m-nél alacsonyabb,nincs megadva,nincs megadva,nincs megadva,északnyugat,utcai,4 m2,nincs megadva,nincs megadva,,nincs megadva,nincs megadva,távfűtés egyedi méréssel,nincs megadva,nincs megadva,,,,,,,,,,103.0,99.9,969903,4,4.0,,4.0,,,,1980-1999 (késő panel/tégla),846,Kőrösi Csoma Sándor út,,,,"Budapest X. kerület, Kőrösi Csoma Sándor út",5,0,5.0,Kőbánya-Városközpont,Csúsztatott zsalus lakás,Lépj kapcsolatba a hirdetővel,,Ingatlaniroda,4,1988.0
35587237,elado,https://ingatlan.com/35587237,"Eladó panel lakás - Budapest X. kerület, Gőzmozdony utca #35587237",1108,"Budapest X. kerület, Gőzmozdony utca",Budapest,,,2.0,55.0,,HUF,55000000,felújítandó,nincs megadva,összkomfortos,6,10,van,nincs megadva,nincs,nincs megadva,külön helyiségben,nincs megadva,nincs megadva,2 m2,nincs megadva,"utca, közterület",,nincs megadva,nincs megadva,távfűtés,nincs megadva,nincs megadva,nincs megadva,nincs megadva,,,,,,,,55.0,55.0,1000000,6,6.0,10.0,2.0,,,,Nem ismert,594,Gőzmozdony utca,,,,"Budapest X. kerület, Gőzmozdony utca",2,0,2.0,Újhegy,Panel lakás,Lépj kapcsolatba a hirdetővel,,Ingatlaniroda,2,
35587357,elado,https://ingatlan.com/35587357,"Eladó panel lakás - Budapest X. kerület, Kőbánya - Újhegyi lakótelep #35587357",1108,"Budapest X. kerület, Kőbánya - Újhegyi lakótelep",Budapest,,,3.0,68.0,1981.0,HUF,75500000,felújított,1981 és 2000 között,összkomfortos,3,10,van,3 m-nél alacsonyabb,nincs megadva,nincs megadva,külön helyiségben,délnyugat,utcai,3 m2,nincs megadva,"utca, közterület - ingyenes",,nincs megadva,25 000 Ft/hó,távfűtés egyedi méréssel,van - 10 cm,nincs megadva,nem tetőtéri,részt vett,,,,,,,,68.0,75.5,1110294,3,3.0,10.0,3.0,25000.0,,,1980-1999 (késő panel/tégla),511,Kőbánya - Újhegyi lakótelep,,,,"Budapest X. kerület, Kőbánya - Újhegyi lakótelep",3,0,3.0,Újhegy,Panel lakás,Lépj kapcsolatba a hirdetővel,,Ingatlaniroda,4,1988.0
35587793,elado,https://ingatlan.com/35587793,"Eladó csúsztatott zsalus - Budapest X. kerület, Kőbánya-Városközpont #35587793",1105,"Budapest X. kerület, Kőbánya-Városközpont",Budapest,,,3.0,67.0,1981.0,HUF,67000000,felújított,1981 és 2000 között,összkomfortos,6,7,van,3 m-nél alacsonyabb,van,nem,külön helyiségben,nyugat,panorámás,nincs megadva,nincs megadva,"utca, közterület",,30 000 Ft/hó,18 000 Ft/hó,távfűtés,van,nincs megadva,,,,,,,,,,67.0,67.0,1000000,6,6.0,7.0,,18000.0,30000.0,,1980-1999 (késő panel/tégla),871,Kőbánya-Városközpont,,,,"Budapest X. kerület, Kőbánya-Városközpont",3,0,3.0,Kőbánya-Városközpont,Csúsztatott zsalus lakás,Lépj kapcsolatba a hirdetővel,,Ingatlaniroda,4,1988.0
35587795,elado,https://ingatlan.com/35587795,"Eladó tégla lakás - Budapest X. kerület, Maláta köz #35587795",1105,"Budapest X. kerület, Maláta köz",Budapest,,,3.0,62.0,2001.0,HUF,103900000,jó állapotú,2001 és 2010 között,összkomfortos,4,5,van,3 m-nél alacsonyabb,van,nem,külön helyiségben,északnyugat,udvari,9 m2,nem,"utca, közterület - ingyenes",,nincs megadva,40 500 Ft/hó,házközponti egyedi méréssel,van - 10 cm,nincs megadva,nem tetőtéri,,,,,,,,,62.0,103.9,1675806,4,4.0,5.0,9.0,40500.0,,,2000-2019 (újszerű),3615,Maláta köz,,,,"Budapest X. kerület, Maláta köz",3,0,3.0,Óhegy,Tégla lakás,Lépj kapcsolatba a hirdetővel,,Ingatlaniroda,4,2005.0
35588074,elado,https://ingatlan.com/35588074,"Eladó panel lakás - Budapest X. kerület, Állomás utca #35588074",1102,"Budapest X. kerület, Állomás utca",Budapest,,,2.0,50.0,1950.0,HUF,52000000,felújítandó,1950 és 1980 között,összkomfortos,5,5,van,3 m-nél alacsonyabb,nincs,nem,külön helyiségben,kelet,utcai,3 m2,nincs megadva,"utca, közterület",,nincs megadva,12 000 Ft/hó,nincs megadva,nincs megadva,nincs megadva,nem tetőtéri,nem vett részt,,,,,,,,50.0,52.0,1040000,5,5.0,5.0,3.0,12000.0,,,1950-1979 (szocialista modern),1390,Állomás utca,,,,"Budapest X. kerület, Állomás utca",2,0,2.0,Kőbánya-Városközpont,Panel lakás,Lépj kapcsolatba a hirdetővel,,Ingatlaniroda,4,1968.0
35588078,elado,https://ingatlan.com/35588078,"Eladó tégla lakás - Budapest X. kerület, Laposdűlő #35588078",1101,"Budapest X. kerület, Laposdűlő",Budapest,,,2.0,38.0,1950.0,HUF,51900000,jó állapotú,1950 és 1980 között,nincs megadva,4,4,nincs megadva,3 m-nél alacsonyabb,van,nem,külön helyiségben,délnyugat,utcai,nincs megadva,nincs megadva,"utca, közterület",,nincs megadva,14 000 Ft/hó,nincs megadva,nincs megadva,nincs megadva,nincs megadva,,,,,,,,,38.0,51.9,1365789,4,4.0,4.0,,14000.0,,,1950-1979 (szocialista modern),822,Laposdűlő,,,,"Budapest X. kerület, Laposdűlő",2,0,2.0,Laposdűlő,Tégla lakás,Lépj kapcsolatba a hirdetővel,,Ingatlaniroda,4,1968.0
35588380,elado,https://ingatlan.com/35588380,"Eladó tégla lakás - Budapest X. kerület, Liget utca #35588380",1102,"Budapest X. kerület, Liget utca",Budapest,,,1.0,28.0,1950.0,HUF,23000000,jó állapotú,1950 és 1980 között,nincs megadva,szuterén,nincs megadva,nincs megadva,3 m-nél alacsonyabb,nincs megadva,nincs megadva,nincs megadva,kelet,nincs megadva,nincs megadva,nincs megadva,nincs megadva,,nincs megadva,nincs megadva,egyéb,nincs megadva,nincs megadva,nem tetőtéri,,,,,,,,,28.0,23.0,821429,szuterén,-1.0,,,,,,1950-1979 (szocialista modern),2305,Liget utca,,,,"Budapest X. kerület, Liget utca",1,0,1.0,Ligettelek,Tégla lakás,Lépj kapcsolatba a hirdetővel,,Ingatlaniroda,4,1968.0
35588430,elado,https://ingatlan.com/35588430,"Eladó tégla lakás - Budapest X. kerület, Maglódi út #35588430",1106,"Budapest X. kerület, Maglódi út",Budapest,,,2.0,52.0,1940.0,HUF,59900000,felújítandó,1950 előtt,összkomfortos,földszint,földszintes,nincs,3 m-nél magasabb,nincs megadva,nincs megadva,egy helyiségben,nyugat,udvari,3 m2,igen,udvari beálló - benne van az árban,,nincs megadva,nincs megadva,gázkazán,nincs megadva,nincs megadva,nem tetőtéri,,,,,,,,,52.0,59.9,1151923,földszint,0.0,0.0,3.0,,,,1950 előtt (klasszikus polgári/tégla),1449,Maglódi út,,,,"Budapest X. kerület, Maglódi út",2,0,2.0,Óhegy,Tégla lakás,Lépj kapcsolatba a hirdetővel,,Ingatlaniroda,4,1930.0
35588740,elado,https://ingatlan.com/35588740,"Eladó panel lakás - Budapest X. kerület, Noszlopy utca #35588740",1103,"Budapest X. kerület, Noszlopy utca",Budapest,,,3.0,59.0,1981.0,HUF,62000000,jó állapotú,1981 és 2000 között,összkomfortos,3,4,nincs megadva,nincs megadva,van,nincs megadva,külön helyiségben,nincs megadva,nincs megadva,nincs megadva,nincs megadva,"utca, közterület - ingyenes",,nincs megadva,nincs megadva,"távfűtés egyedi méréssel, hűtő-fűtő klíma",nincs megadva,nincs megadva,nem tetőtéri,nincs megadva,,,,,,,,59.0,62.0,1050847,3,3.0,4.0,,,,,1980-1999 (késő panel/tégla),3699,Noszlopy utca,,,,"Budapest X. kerület, Noszlopy utca",3,0,3.0,Óhegy,Panel lakás,Lépj kapcsolatba a hirdetővel,,Ingatlaniroda,2,1988.0
35588982,elado,https://ingatlan.com/35588982,"Eladó panel lakás - Budapest X. kerület, Gyakorló utca #35588982",1106,"Budapest X. kerület, Gyakorló utca",Budapest,,,2.0,53.0,1981.0,HUF,57000000,felújítandó,1981 és 2000 között,összkomfortos,6,10,van,3 m-nél alacsonyabb,nincs,nincs megadva,külön helyiségben,délkelet,utcai,4 m2,nincs megadva,"utca, közterület - fizetős övezet",,nincs megadva,nincs megadva,távfűtés egyedi méréssel,van - 10 cm,D,nincs megadva,részt vett,,,,,,,,53.0,57.0,1075472,6,6.0,10.0,4.0,,,,1980-1999 (késő panel/tégla),254,Gyakorló utca,,,,"Budapest X. kerület, Gyakorló utca",2,0,2.0,Felsőrákos,Panel lakás,Lépj kapcsolatba a hirdetővel,,Ingatlaniroda,4,1988.0
35588988,elado,https://ingatlan.com/35588988,"Eladó tégla lakás - Budapest X. kerület, Korponai utca 4. #35588988",1101,"Budapest X. kerület, Korponai utca 4.",Budapest,47.487839,19.124194,1.0,34.0,2024.0,HUF,48900000,újszerű,2024,összkomfortos,1,2,nincs,nincs megadva,van,nem,egy helyiségben,nincs megadva,udvari,nincs megadva,nincs megadva,nincs megadva,,13 000 Ft/hó,13 000 Ft/hó,"házközponti, hűtő-fűtő klíma",van,D,tetőtéri,,,,,,,,,34.0,48.9,1438235,1,1.0,2.0,,13000.0,13000.0,2024.0,2020 után (új építésű),1194,Korponai utca,4,34,4,"Budapest X. kerület, Korponai utca 4.",1,0,1.0,Ligettelek,Tégla lakás,Lépj kapcsolatba a hirdetővel,,Ingatlaniroda,2,2024.0
35589092,elado,https://ingatlan.com/35589092,"Eladó panel lakás - Budapest X. kerület, Mélytó utca #35589092",1108,"Budapest X. kerület, Mélytó utca",Budapest,,,3.0,68.0,1950.0,HUF,76900000,közepes állapotú,1950 és 1980 között,összkomfortos,9,több mint 10,van,3 m-nél alacsonyabb,nincs megadva,nem,külön helyiségben,délnyugat,utcai,2 m2,nincs megadva,"utca, közterület - ingyenes",,nincs megadva,21 460 Ft/hó,távfűtés,van - 10 cm,nincs megadva,nem tetőtéri,részt vett,,,,,,,,68.0,76.9,1130882,9,9.0,10.0,2.0,21460.0,,,1950-1979 (szocialista modern),2541,Mélytó utca,,,,"Budapest X. kerület, Mélytó utca",3,0,3.0,Újhegy,Panel lakás,Lépj kapcsolatba a hirdetővel,,Ingatlaniroda,2,1968.0
35589141,elado,https://ingatlan.com/35589141,"Eladó csúsztatott zsalus - Budapest X. kerület, Harmat utca #35589141",1102,"Budapest X. kerület, Harmat utca",Budapest,,,4.0,70.0,2021.0,HUF,108800000,újszerű,2021,nincs megadva,1,nincs megadva,van,3 m-nél alacsonyabb,nincs megadva,nincs megadva,nincs megadva,dél,udvari,14 m2,nincs megadva,nincs megadva,,nincs megadva,nincs megadva,házközponti egyedi méréssel,nincs megadva,nincs megadva,,,,,,,,,,70.0,108.8,1554286,1,1.0,,14.0,,,2021.0,2020 után (új építésű),517,Harmat utca,,,,"Budapest X. kerület, Harmat utca",4,0,4.0,Ligettelek,Csúsztatott zsalus lakás,Lépj kapcsolatba a hirdetővel,,Ingatlaniroda,4,2021.0
35589144,elado,https://ingatlan.com/35589144,"Eladó tégla lakás - Budapest X. kerület, Gergely utca #35589144",1103,"Budapest X. kerület, Gergely utca",Budapest,,,4.0,149.0,1940.0,HUF,159000000,felújított,1950 előtt,nincs megadva,földszint,nincs megadva,nincs megadva,3 m-nél magasabb,nincs megadva,nincs megadva,nincs megadva,délnyugat,utcai,nincs megadva,nincs megadva,nincs megadva,,nincs megadva,nincs megadva,gázkazán,nincs megadva,nincs megadva,nem tetőtéri,,,,,,,,,149.0,159.0,1067114,földszint,0.0,,,,,,1950 előtt (klasszikus polgári/tégla),2052,Gergely utca,,,,"Budapest X. kerület, Gergely utca",4,0,4.0,Óhegy,Tégla lakás,Lépj kapcsolatba a hirdetővel,,Ingatlaniroda,4,1930.0
35589153,elado,https://ingatlan.com/35589153,"Eladó tégla lakás - Budapest X. kerület, Tárna utca 4. #35589153",1106,"Budapest X. kerület, Tárna utca 4.",Budapest,47.487806,19.164057,2.0,49.0,,HUF,39900000,jó állapotú,nincs megadva,komfortos,4,nincs megadva,van,nincs megadva,nincs megadva,nincs megadva,egy helyiségben,délnyugat,nincs megadva,nincs megadva,nincs megadva,nincs megadva,,nincs megadva,nincs megadva,elektromos konvektor,nincs megadva,nincs megadva,nincs megadva,,,,,,,,,49.0,39.9,814286,4,4.0,,,,,,Nem ismert,497,Tárna utca,4,,4,"Budapest X. kerület, Tárna utca 4.",2,0,2.0,Gyárdűlő,Tégla lakás,Lépj kapcsolatba a hirdetővel,,Ingatlaniroda,4,
35589213,elado,https://ingatlan.com/35589213,"Eladó tégla lakás - Budapest X. kerület, Kelemen utca #35589213",1103,"Budapest X. kerület, Kelemen utca",Budapest,,,1.0,29.0,,HUF,36900000,felújítandó,nincs megadva,összkomfortos,1,nincs megadva,nincs,nincs megadva,nincs megadva,nincs megadva,nincs megadva,délkelet,utcai,nincs megadva,nincs megadva,nincs megadva,,nincs megadva,10 100 Ft/hó,gázkazán,nincs megadva,I,nincs megadva,,,,,,,,,29.0,36.9,1272414,1,1.0,,,10100.0,,,Nem ismert,1395,Kelemen utca,,,,"Budapest X. kerület, Kelemen utca",1,0,1.0,Óhegy,Tégla lakás,Lépj kapcsolatba a hirdetővel,,Ingatlaniroda,4,
35589328,elado,https://ingatlan.com/35589328,"Eladó panel lakás - Budapest X. kerület, Hungária körút 5. #35589328",1101,"Budapest X. kerület, Hungária körút 5.",Budapest,47.490717,19.109228,3.0,72.0,1981.0,HUF,74900000,felújított,1981 és 2000 között,komfortos,8,10,van,3 m-nél alacsonyabb,van,nincs megadva,külön és egyben is,nincs megadva,nincs megadva,4 m2,nincs megadva,"utca, közterület",,nincs megadva,nincs megadva,távfűtés,nincs megadva,nincs megadva,nem tetőtéri,nincs megadva,,,,,,,,72.0,74.9,1040278,8,8.0,10.0,4.0,,,,1980-1999 (késő panel/tégla),525,Hungária körút,5,5,5,"Budapest X. kerület, Hungária körút 5.",3,0,3.0,Laposdűlő,Panel lakás,Lépj kapcsolatba a hirdetővel,,Ingatlaniroda,4,1988.0
35589342,elado,https://ingatlan.com/35589342,"Eladó csúsztatott zsalus - Budapest X. kerület, Liget utca 35/B #35589342",1102,"Budapest X. kerület, Liget utca 35/B",Budapest,47.489056,19.133352,2.0,56.0,1950.0,HUF,49900000,felújítandó,1950 és 1980 között,összkomfortos,8,9,van,3 m-nél alacsonyabb,nincs megadva,nincs megadva,nincs megadva,délkelet,panorámás,4.8 m2,nincs megadva,"utca, közterület - ingyenes",,11 800 Ft/hó,14 110 Ft/hó,távfűtés,nincs megadva,D,,,,,,,,,,56.0,49.9,891071,8,8.0,9.0,4.8,14110.0,11800.0,,1950-1979 (szocialista modern),3438,Liget utca,35/B,,35/B,"Budapest X. kerület, Liget utca 35/B.",2,0,2.0,Kőbánya-Városközpont,Csúsztatott zsalus lakás,Lépj kapcsolatba a hirdetővel,,Ingatlaniroda,4,1968.0
35590002,elado,https://ingatlan.com/35590002,"Eladó tégla lakás - Budapest X. kerület, Bihari utca #35590002",1107,"Budapest X. kerület, Bihari utca",Budapest,,,1.0,36.0,,HUF,50990000,felújított,nincs megadva,nincs megadva,nincs megadva,nincs megadva,nincs megadva,nincs megadva,nincs megadva,nincs megadva,nincs megadva,nincs megadva,nincs megadva,nincs megadva,nincs megadva,nincs megadva,,nincs megadva,nincs megadva,nincs megadva,nincs megadva,nincs megadva,nincs megadva,,,,,,,,,36.0,50.99,1416389,nincs megadva,,,,,,,Nem ismert,1018,Bihari utca,,,,"Budapest X. kerület, Bihari utca",1,0,1.0,Gyárdűlő,Tégla lakás,Lépj kapcsolatba a hirdetővel,,Ingatlaniroda,4,
35590193,elado,https://ingatlan.com/35590193,"Eladó panel lakás - Budapest X. kerület, Harmat utca #35590193",1108,"Budapest X. kerület, Harmat utca",Budapest,,,3.0,68.0,,HUF,67500000,jó állapotú,nincs megadva,nincs megadva,10,10,van,nincs megadva,van,nincs megadva,külön helyiségben,nincs megadva,panorámás,3 m2,nincs megadva,"utca, közterület - ingyenes",,nincs megadva,nincs megadva,házközponti,nincs,nincs megadva,nincs megadva,nincs megadva,,,,,,,,68.0,67.5,992647,10,10.0,10.0,3.0,,,,Nem ismert,2132,Harmat utca,,10,10,"Budapest X. kerület, Harmat utca 10.",3,0,3.0,Újhegy,Panel lakás,Lépj kapcsolatba a hirdetővel,,Ingatlaniroda,4,
35590255,elado,https://ingatlan.com/35590255,"Eladó panel lakás - Budapest X. kerület, Kőbánya - Újhegyi lakótelep #35590255",1108,"Budapest X. kerület, Kőbánya - Újhegyi lakótelep",Budapest,,,3.0,68.0,1950.0,HUF,77500000,újszerű,1950 és 1980 között,összkomfortos,10,10,van,3 m-nél alacsonyabb,nincs megadva,igen,nincs megadva,délnyugat,panorámás,3 m2,nem,"utca, közterület",,nincs megadva,nincs megadva,távfűtés egyedi méréssel,nincs megadva,A,nem tetőtéri,nincs megadva,,,,,,,,68.0,77.5,1139706,10,10.0,10.0,3.0,,,,1950-1979 (szocialista modern),2569,Kőbánya - Újhegyi lakótelep,,,,"Budapest X. kerület, Kőbánya - Újhegyi lakótelep",3,0,3.0,Újhegy,Panel lakás,Lépj kapcsolatba a hirdetővel,,Ingatlaniroda,4,1968.0
35590594,elado,https://ingatlan.com/35590594,"Eladó tégla lakás - Budapest X. kerület, Kőbánya - Óhegyi lakótelep #35590594",1103,"Budapest X. kerület, Kőbánya - Óhegyi lakótelep",Budapest,,,5.0,130.0,1950.0,HUF,69900000,felújított,1950 és 1980 között,luxus,földszint,2,nincs,3 m-nél alacsonyabb,van,nem,egy helyiségben,délnyugat,kertre néz,20 m2,igen,"utca, közterület - ingyenes",,nincs megadva,25 000 Ft/hó,"gázkazán, hűtő-fűtő klíma",van - 10 cm,nincs megadva,nem tetőtéri,,,,,,,,,130.0,69.9,537692,földszint,0.0,2.0,20.0,25000.0,,,1950-1979 (szocialista modern),3324,Kőbánya - Óhegyi lakótelep,,,,"Budapest X. kerület, Kőbánya - Óhegyi lakótelep",5,0,5.0,Óhegy,Tégla lakás,Lépj kapcsolatba a hirdetővel,,Ingatlaniroda,4,1968.0
35590621,elado,https://ingatlan.com/35590621,"Eladó tégla lakás - Budapest X. kerület, Gém utca #35590621",1107,"Budapest X. kerület, Gém utca",Budapest,,,3.0,67.0,2001.0,HUF,112000000,nincs megadva,2001 és 2010 között,nincs megadva,6,8,van,3 m-nél alacsonyabb,van,nincs megadva,nincs megadva,nincs megadva,nincs megadva,8 m2,nincs megadva,teremgarázs hely - megvásárolható,"7,50 MFt",nincs megadva,nincs megadva,"házközponti egyedi méréssel, gázkazán",van,C,nem tetőtéri,,,,,,,,,67.0,112.0,1671642,6,6.0,8.0,8.0,,,,2000-2019 (újszerű),2077,Gém utca,,,,"Budapest X. kerület, Gém utca",3,0,3.0,Gyárdűlő,Tégla lakás,Lépj kapcsolatba a hirdetővel,,Ingatlaniroda,4,2005.0
35590695,elado,https://ingatlan.com/35590695,"Eladó csúsztatott zsalus - Budapest X. kerület, Kőbánya-Városközpont #35590695",1105,"Budapest X. kerület, Kőbánya-Városközpont",Budapest,,,3.0,64.0,1950.0,HUF,64900000,közepes állapotú,1950 és 1980 között,összkomfortos,3,nincs megadva,van,3 m-nél alacsonyabb,van,nincs megadva,külön helyiségben,dél,utcai,nincs megadva,nem,"utca, közterület - ingyenes",,nincs megadva,15 680 Ft/hó,távfűtés,van - 5 cm,nincs megadva,,,,,,,,,,64.0,64.9,1014062,3,3.0,,,15680.0,,,1950-1979 (szocialista modern),2140,Kőbánya-Városközpont,,,,"Budapest X. kerület, Kőbánya-Városközpont",3,0,3.0,Kőbánya-Városközpont,Csúsztatott zsalus lakás,Lépj kapcsolatba a hirdetővel,,Ingatlaniroda,4,1968.0
35590853,elado,https://ingatlan.com/35590853,"Eladó csúsztatott zsalus - Budapest X. kerület, Harmat utca #35590853",1102,"Budapest X. kerület, Harmat utca",Budapest,,,3.0,55.0,,HUF,49900000,felújítandó,nincs megadva,összkomfortos,földszint,4,nincs megadva,3 m-nél alacsonyabb,nincs megadva,nincs megadva,nincs megadva,nincs megadva,kertre néz,nincs megadva,nincs megadva,"utca, közterület - ingyenes",,20 000 Ft/hó,15 000 Ft/hó,távfűtés,nincs megadva,nincs megadva,,,,,,,,,,55.0,49.9,907273,földszint,0.0,4.0,,15000.0,20000.0,,Nem ismert,226,Harmat utca,,55,55,"Budapest X. kerület, Harmat utca 55.",3,0,3.0,Ligettelek,Csúsztatott zsalus lakás,Lépj kapcsolatba a hirdetővel,,Ingatlaniroda,4,
35591341,elado,https://ingatlan.com/35591341,"Eladó panel lakás - Budapest X. kerület, Gyárdűlői lakótelep #35591341",1107,"Budapest X. kerület, Gyárdűlői lakótelep",Budapest,,,3.0,59.0,1981.0,HUF,64900000,jó állapotú,1981 és 2000 között,összkomfortos,1,10,van,3 m-nél alacsonyabb,nincs,nem,külön helyiségben,délkelet,kertre néz,4 m2,nem,"utca, közterület - ingyenes",,nincs megadva,nincs megadva,távfűtés,nincs megadva,nincs megadva,nem tetőtéri,nincs megadva,,,,,,,,59.0,64.9,1100000,1,1.0,10.0,4.0,,,,1980-1999 (késő panel/tégla),1610,Gyárdűlői lakótelep,,,,"Budapest X. kerület, Gyárdűlői lakótelep",3,0,3.0,Gyárdűlő,Panel lakás,Lépj kapcsolatba a hirdetővel,,Ingatlaniroda,4,1988.0
35591837,elado,https://ingatlan.com/35591837,"Eladó tégla lakás - Budapest X. kerület, Alkér utca #35591837",1104,"Budapest X. kerület, Alkér utca",Budapest,,,1.0,24.0,1940.0,HUF,34900000,felújított,1950 előtt,összkomfortos,földszint,földszintes,nincs,3 m-nél magasabb,van,igen,egy helyiségben,dél,kertre néz,nincs megadva,igen,"utca, közterület - ingyenes",,nincs megadva,8 662 Ft/hó,gáz (konvektor),nincs,nincs megadva,nem tetőtéri,,,,,,,,,24.0,34.9,1454167,földszint,0.0,0.0,,8662.0,,,1950 előtt (klasszikus polgári/tégla),628,Alkér utca,,,,"Budapest X. kerület, Alkér utca",1,0,1.0,Óhegy,Tégla lakás,Lépj kapcsolatba a hirdetővel,,Ingatlaniroda,4,1930.0
35591913,elado,https://ingatlan.com/35591913,"Eladó tégla lakás - Budapest X. kerület, Váltó utca 10/A #35591913",1106,"Budapest X. kerület, Váltó utca 10/A",Budapest,47.496997,19.163803,3.0,79.0,2001.0,HUF,117000000,újszerű,2001 és 2010 között,összkomfortos,1,2,nincs,3 m-nél alacsonyabb,nincs,nem,egy helyiségben,délnyugat,kertre néz,8 m2,nem,teremgarázs hely - benne van az árban,,nincs megadva,25 000 Ft/hó,gázkazán,van - 10 cm,nincs megadva,nem tetőtéri,,,,,,,,,79.0,117.0,1481013,1,1.0,2.0,8.0,25000.0,,,2000-2019 (újszerű),8580,Váltó utca,10/A,,10/A,"Budapest X. kerület, Váltó utca 10/A.",3,0,3.0,Felsőrákos,Tégla lakás,Lépj kapcsolatba a hirdetővel,,Ingatlaniroda,4,2005.0
35591966,elado,https://ingatlan.com/35591966,"Eladó tégla lakás - Budapest X. kerület, Kőbánya - Óhegy #35591966",1103,"Budapest X. kerület, Kőbánya - Óhegy",Budapest,,,1.0,24.0,1940.0,HUF,34900000,felújított,1950 előtt,összkomfortos,földszint,nincs megadva,nincs,3 m-nél magasabb,van,igen,nincs megadva,dél,kertre néz,nincs megadva,nincs megadva,"utca, közterület",,nincs megadva,8 662 Ft/hó,gáz (konvektor),nincs megadva,nincs megadva,nem tetőtéri,,,,,,,,,24.0,34.9,1454167,földszint,0.0,,,8662.0,,,1950 előtt (klasszikus polgári/tégla),1045,Kőbánya - Óhegy,,,,"Budapest X. kerület, Kőbánya - Óhegy",1,0,1.0,Óhegy,Tégla lakás,Lépj kapcsolatba a hirdetővel,,Ingatlaniroda,4,1930.0
35592007,elado,https://ingatlan.com/35592007,"Eladó panel lakás - Budapest X. kerület, Kőbánya - Újhegyi lakótelep #35592007",1108,"Budapest X. kerület, Kőbánya - Újhegyi lakótelep",Budapest,,,2.0,50.0,1950.0,HUF,54900000,közepes állapotú,1950 és 1980 között,összkomfortos,7,10,van,3 m-nél alacsonyabb,nincs megadva,nem,nincs megadva,nincs megadva,panorámás,4 m2,nem,"utca, közterület",,nincs megadva,nincs megadva,távfűtés,nincs megadva,nincs megadva,nem tetőtéri,nincs megadva,,,,,,,,50.0,54.9,1098000,7,7.0,10.0,4.0,,,,1950-1979 (szocialista modern),471,Kőbánya - Újhegyi lakótelep,,,,"Budapest X. kerület, Kőbánya - Újhegyi lakótelep",2,0,2.0,Újhegy,Panel lakás,Lépj kapcsolatba a hirdetővel,,Ingatlaniroda,4,1968.0
35592010,elado,https://ingatlan.com/35592010,"Eladó panel lakás - Budapest X. kerület, Kőbánya - Újhegyi lakótelep #35592010",1108,"Budapest X. kerület, Kőbánya - Újhegyi lakótelep",Budapest,,,2.0,50.0,1950.0,HUF,54900000,közepes állapotú,1950 és 1980 között,összkomfortos,7,10,van,3 m-nél alacsonyabb,nincs megadva,nem,nincs megadva,nincs megadva,panorámás,4 m2,nem,"utca, közterület",,nincs megadva,nincs megadva,távfűtés,nincs megadva,nincs megadva,nem tetőtéri,nincs megadva,,,,,,,,50.0,54.9,1098000,7,7.0,10.0,4.0,,,,1950-1979 (szocialista modern),471,Kőbánya - Újhegyi lakótelep,,,,"Budapest X. kerület, Kőbánya - Újhegyi lakótelep",2,0,2.0,Újhegy,Panel lakás,Lépj kapcsolatba a hirdetővel,,Ingatlaniroda,4,1968.0
35592226,elado,https://ingatlan.com/35592226,"Eladó tégla lakás - Budapest X. kerület, Kőbánya - Óhegyi lakótelep #35592226",1103,"Budapest X. kerület, Kőbánya - Óhegyi lakótelep",Budapest,,,1.0,24.0,1940.0,HUF,34900000,felújított,1950 előtt,összkomfortos,földszint,nincs megadva,nincs,3 m-nél magasabb,van,nincs megadva,egy helyiségben,dél,kertre néz,nincs megadva,nincs megadva,nincs megadva,,nincs megadva,8 662 Ft/hó,gáz (konvektor),nincs megadva,nincs megadva,nem tetőtéri,,,,,,,,,24.0,34.9,1454167,földszint,0.0,,,8662.0,,,1950 előtt (klasszikus polgári/tégla),604,Kőbánya - Óhegyi lakótelep,,,,"Budapest X. kerület, Kőbánya - Óhegyi lakótelep",1,0,1.0,Óhegy,Tégla lakás,Lépj kapcsolatba a hirdetővel,,Ingatlaniroda,4,1930.0
35592784,elado,https://ingatlan.com/35592784,"Eladó csúsztatott zsalus - Budapest X. kerület, Újhegyi út #35592784",1108,"Budapest X. kerület, Újhegyi út",Budapest,,,4.0,70.0,2021.0,HUF,108800000,újszerű,2021,nincs megadva,1,5,van,nincs megadva,nincs megadva,nincs megadva,egy helyiségben,nincs megadva,nincs megadva,14 m2,nincs megadva,nincs megadva,,nincs megadva,nincs megadva,házközponti egyedi méréssel,nincs megadva,nincs megadva,,,,,,,,,,70.0,108.8,1554286,1,1.0,5.0,14.0,,,2021.0,2020 után (új építésű),736,Újhegyi út,,,,"Budapest X. kerület, Újhegyi út",4,0,4.0,Újhegy,Csúsztatott zsalus lakás,Lépj kapcsolatba a hirdetővel,,Ingatlaniroda,4,2021.0
35592917,elado,https://ingatlan.com/35592917,"Eladó panel lakás - Budapest X. kerület, Hungária körút 5-7. #35592917",1101,"Budapest X. kerület, Hungária körút 5-7.",Budapest,47.491796,19.109243,3.0,72.0,1981.0,HUF,74500000,jó állapotú,1981 és 2000 között,összkomfortos,4,9,van,3 m-nél alacsonyabb,nincs megadva,nincs megadva,külön helyiségben,nincs megadva,utcai,4 m2,nincs megadva,nincs megadva,,nincs megadva,nincs megadva,házközponti,nincs megadva,nincs megadva,nincs megadva,nincs megadva,,,,,,,,72.0,74.5,1034722,4,4.0,9.0,4.0,,,,1980-1999 (késő panel/tégla),399,Hungária körút,5-7,5,5-7,"Budapest X. kerület, Hungária körút 5-7.",3,0,3.0,Laposdűlő,Panel lakás,Lépj kapcsolatba a hirdetővel,,Ingatlaniroda,4,1988.0
35593147,elado,https://ingatlan.com/35593147,"Eladó panel lakás - Budapest X. kerület, Kőbánya - Újhegyi lakótelep #35593147",1108,"Budapest X. kerület, Kőbánya - Újhegyi lakótelep",Budapest,,,3.0,68.0,,HUF,69900000,jó állapotú,nincs megadva,összkomfortos,3,nincs megadva,van,3 m-nél alacsonyabb,nincs,nem,külön helyiségben,nincs megadva,nincs megadva,3 m2,nem,"utca, közterület - ingyenes",,nincs megadva,nincs megadva,távfűtés,van - 10 cm,nincs megadva,nem tetőtéri,részt vett,,,,,,,,68.0,69.9,1027941,3,3.0,,3.0,,,,Nem ismert,1922,Kőbánya - Újhegyi lakótelep,,,,"Budapest X. kerület, Kőbánya - Újhegyi lakótelep",3,0,3.0,Újhegy,Panel lakás,Lépj kapcsolatba a hirdetővel,,Ingatlaniroda,4,
35593351,elado,https://ingatlan.com/35593351,"Eladó csúsztatott zsalus - Budapest X. kerület, Harmat utca #35593351",1104,"Budapest X. kerület, Harmat utca",Budapest,,,2.0,54.0,1950.0,HUF,56500000,jó állapotú,1950 és 1980 között,összkomfortos,4,4,nincs,3 m-nél alacsonyabb,van,nem,egy helyiségben,dél,utcai,4 m2,nem,"utca, közterület - ingyenes",,21 000 Ft/hó,16 000 Ft/hó,távfűtés,nincs,nincs megadva,,,,,,,,,,54.0,56.5,1046296,4,4.0,4.0,4.0,16000.0,21000.0,,1950-1979 (szocialista modern),2507,Harmat utca,,54,54,"Budapest X. kerület, Harmat utca 54.",2,0,2.0,Óhegy,Csúsztatott zsalus lakás,Lépj kapcsolatba a hirdetővel,,Ingatlaniroda,4,1968.0
35593639,elado,https://ingatlan.com/35593639,"Eladó tégla lakás - Budapest X. kerület, Liget tér #35593639",1102,"Budapest X. kerület, Liget tér",Budapest,,,1.0,43.0,1940.0,HUF,39900000,jó állapotú,1950 előtt,összkomfortos,földszint,4,nincs megadva,3 m-nél magasabb,nincs,nem,egy helyiségben,északkelet,udvari,nincs megadva,nincs megadva,"utca, közterület",,nincs megadva,17 000 Ft/hó,nincs megadva,nincs megadva,nincs megadva,nem tetőtéri,,,,,,,,,43.0,39.9,927907,földszint,0.0,4.0,,17000.0,,,1950 előtt (klasszikus polgári/tégla),1765,Liget tér,,,,"Budapest X. kerület, Liget tér",1,0,1.0,Kőbánya-Városközpont,Tégla lakás,Lépj kapcsolatba a hirdetővel,,Ingatlaniroda,4,1930.0
35593721,elado,https://ingatlan.com/35593721,"Eladó csúsztatott zsalus - Budapest X. kerület, Szentimrey utca #35593721",1104,"Budapest X. kerület, Szentimrey utca",Budapest,,,2.0,48.0,,HUF,47900000,közepes állapotú,nincs megadva,nincs megadva,3,4,nincs,nincs megadva,van,nincs megadva,egy helyiségben,délkelet,kertre néz,nincs megadva,nincs megadva,"utca, közterület - ingyenes",,nincs megadva,12 500 Ft/hó,gázkazán,nincs,nincs megadva,,,,,,,,,,48.0,47.9,997917,3,3.0,4.0,,12500.0,,,Nem ismert,880,Szentimrey utca,,,,"Budapest X. kerület, Szentimrey utca",2,0,2.0,Óhegy,Csúsztatott zsalus lakás,Lépj kapcsolatba a hirdetővel,,Ingatlaniroda,4,
35593849,elado,https://ingatlan.com/35593849,"Eladó tégla lakás - Budapest X. kerület, Csilla utca #35593849",1101,"Budapest X. kerület, Csilla utca",Budapest,,,2.0,37.0,1940.0,HUF,42000000,közepes állapotú,1950 előtt,nincs megadva,földszint,4,nincs,3 m-nél alacsonyabb,nincs megadva,nincs megadva,külön helyiségben,délnyugat,utcai,nincs megadva,nem,"utca, közterület - ingyenes",,nincs megadva,nincs megadva,gáz (konvektor),nincs megadva,nincs megadva,nem tetőtéri,,,,,,,,,37.0,42.0,1135135,földszint,0.0,4.0,,,,,1950 előtt (klasszikus polgári/tégla),2732,Csilla utca,,,,"Budapest X. kerület, Csilla utca",2,0,2.0,Laposdűlő,Tégla lakás,Lépj kapcsolatba a hirdetővel,,Ingatlaniroda,4,1930.0
35594056,elado,https://ingatlan.com/35594056,"Eladó panel lakás - Budapest X. kerület, Hang utca #35594056",1108,"Budapest X. kerület, Hang utca",Budapest,,,1.0,36.0,1950.0,HUF,46900000,jó állapotú,1950 és 1980 között,összkomfortos,8,10,van,3 m-nél alacsonyabb,nincs,nincs megadva,külön helyiségben,délnyugat,panorámás,nincs megadva,nem,"utca, közterület - ingyenes",,nincs megadva,11 300 Ft/hó,távfűtés,nincs,nincs megadva,nincs megadva,nem vett részt,,,,,,,,36.0,46.9,1302778,8,8.0,10.0,,11300.0,,,1950-1979 (szocialista modern),1462,Hang utca,,,,"Budapest X. kerület, Hang utca",1,0,1.0,Újhegy,Panel lakás,Lépj kapcsolatba a hirdetővel,,Ingatlaniroda,4,1968.0
35594065,elado,https://ingatlan.com/35594065,"Eladó csúsztatott zsalus - Budapest X. kerület, Mádi utca #35594065",1104,"Budapest X. kerület, Mádi utca",Budapest,,,2.0,49.0,,HUF,55000000,jó állapotú,nincs megadva,összkomfortos,földszint,4,nincs megadva,3 m-nél alacsonyabb,nincs,igen,külön helyiségben,kelet,kertre néz,nincs megadva,nincs megadva,"utca, közterület - ingyenes",,nincs megadva,12 000 Ft/hó,gáz (konvektor),van,nincs megadva,,,,,,,,,,49.0,55.0,1122449,földszint,0.0,4.0,,12000.0,,,Nem ismert,748,Mádi utca,,,,"Budapest X. kerület, Mádi utca",2,0,2.0,Óhegy,Csúsztatott zsalus lakás,Lépj kapcsolatba a hirdetővel,,Ingatlaniroda,2,
35594273,elado,https://ingatlan.com/35594273,"Eladó panel lakás - Budapest X. kerület, Salgótarjáni utca #35594273",1101,"Budapest X. kerület, Salgótarjáni utca",Budapest,,,3.0,72.0,1981.0,HUF,68000000,jó állapotú,1981 és 2000 között,összkomfortos,4,10,nincs megadva,3 m-nél alacsonyabb,van,igen,külön helyiségben,nincs megadva,panorámás,4 m2,nincs megadva,"utca, közterület - ingyenes",,55 000 Ft/hó,35 Ft/hó,távfűtés,van - 10 cm,nincs megadva,nincs megadva,részt vett,,,,,,,,72.0,68.0,944444,4,4.0,10.0,4.0,35.0,55000.0,,1980-1999 (késő panel/tégla),1795,Salgótarjáni utca,,,,"Budapest X. kerület, Salgótarjáni utca",3,0,3.0,Laposdűlő,Panel lakás,Lépj kapcsolatba a hirdetővel,,Ingatlaniroda,4,1988.0
35594468,elado,https://ingatlan.com/35594468,"Eladó panel lakás - Budapest X. kerület, Kőbánya - Újhegyi lakótelep #35594468",1108,"Budapest X. kerület, Kőbánya - Újhegyi lakótelep",Budapest,,,3.0,68.0,1950.0,HUF,77500000,újszerű,1950 és 1980 között,összkomfortos,10,10,van,3 m-nél alacsonyabb,nincs megadva,igen,nincs megadva,délnyugat,panorámás,3 m2,nem,"utca, közterület",,nincs megadva,nincs megadva,távfűtés egyedi méréssel,nincs megadva,A,nem tetőtéri,nincs megadva,,,,,,,,68.0,77.5,1139706,10,10.0,10.0,3.0,,,,1950-1979 (szocialista modern),2569,Kőbánya - Újhegyi lakótelep,,,,"Budapest X. kerület, Kőbánya - Újhegyi lakótelep",3,0,3.0,Újhegy,Panel lakás,Lépj kapcsolatba a hirdetővel,,Ingatlaniroda,4,1968.0
35594779,elado,https://ingatlan.com/35594779,"Eladó tégla lakás - Budapest X. kerület, Maglódi út 10. #35594779",1106,"Budapest X. kerület, Maglódi út 10.",Budapest,47.485033,19.15662,1.0,37.0,,HUF,40000000,felújítandó,nincs megadva,nincs megadva,nincs megadva,nincs megadva,nincs megadva,nincs megadva,nincs megadva,nincs megadva,nincs megadva,nincs megadva,nincs megadva,nincs megadva,nincs megadva,nincs megadva,,nincs megadva,nincs megadva,nincs megadva,nincs megadva,nincs megadva,nincs megadva,,,,,,,,,37.0,40.0,1081081,nincs megadva,,,,,,,Nem ismert,323,Maglódi út,10,10,10,"Budapest X. kerület, Maglódi út 10.",1,0,1.0,Gyárdűlő,Tégla lakás,Lépj kapcsolatba a hirdetővel,,Ingatlaniroda,2,
35595033,elado,https://ingatlan.com/35595033,"Eladó panel lakás - Budapest X. kerület, Balkán utca #35595033",1107,"Budapest X. kerület, Balkán utca",Budapest,,,3.0,62.0,,HUF,72000000,jó állapotú,nincs megadva,nincs megadva,nincs megadva,nincs megadva,nincs megadva,nincs megadva,nincs megadva,nincs megadva,nincs megadva,nincs megadva,nincs megadva,nincs megadva,nincs megadva,nincs megadva,,nincs megadva,nincs megadva,nincs megadva,nincs megadva,nincs megadva,nincs megadva,nincs megadva,,,,,,,,62.0,72.0,1161290,nincs megadva,,,,,,,Nem ismert,870,Balkán utca,,,,"Budapest X. kerület, Balkán utca",3,0,3.0,Gyárdűlő,Panel lakás,Lépj kapcsolatba a hirdetővel,,Ingatlaniroda,2,
35595359,elado,https://ingatlan.com/35595359,"Eladó csúsztatott zsalus - Budapest X. kerület, Mádi utca #35595359",1104,"Budapest X. kerület, Mádi utca",Budapest,,,2.0,49.0,1950.0,HUF,55000000,közepes állapotú,1950 és 1980 között,összkomfortos,földszint,nincs megadva,nincs,3 m-nél alacsonyabb,nincs megadva,nincs megadva,nincs megadva,északkelet,kertre néz,nincs megadva,nincs megadva,nincs megadva,,nincs megadva,12 000 Ft/hó,gáz (konvektor),nincs megadva,nincs megadva,,,,,,,,,,49.0,55.0,1122449,földszint,0.0,,,12000.0,,,1950-1979 (szocialista modern),867,Mádi utca,,,,"Budapest X. kerület, Mádi utca",2,0,2.0,Óhegy,Csúsztatott zsalus lakás,Lépj kapcsolatba a hirdetővel,,Ingatlaniroda,4,1968.0
35595537,elado,https://ingatlan.com/35595537,"Eladó tégla lakás - Budapest X. kerület, Kőbánya - Óhegy #35595537",1103,"Budapest X. kerület, Kőbánya - Óhegy",Budapest,,,1.0,35.0,1940.0,HUF,42500000,felújított,1950 előtt,összkomfortos,1,4,nincs,3 m-nél alacsonyabb,nincs megadva,nincs megadva,nincs megadva,északkelet,nincs megadva,nincs megadva,nincs megadva,nincs megadva,,nincs megadva,11 000 Ft/hó,gáz (konvektor),van,nincs megadva,nincs megadva,,,,,,,,,35.0,42.5,1214286,1,1.0,4.0,,11000.0,,,1950 előtt (klasszikus polgári/tégla),1524,Kőbánya - Óhegy,,,,"Budapest X. kerület, Kőbánya - Óhegy",1,0,1.0,Óhegy,Tégla lakás,Lépj kapcsolatba a hirdetővel,,Ingatlaniroda,4,1930.0
35595598,elado,https://ingatlan.com/35595598,"Eladó csúsztatott zsalus - Budapest X. kerület, Kőbánya - Óhegyi lakótelep #35595598",1103,"Budapest X. kerület, Kőbánya - Óhegyi lakótelep",Budapest,,,2.0,49.0,1950.0,HUF,55000000,közepes állapotú,1950 és 1980 között,összkomfortos,földszint,nincs megadva,nincs,3 m-nél alacsonyabb,nincs megadva,nincs megadva,nincs megadva,északkelet,kertre néz,nincs megadva,nincs megadva,"utca, közterület",,nincs megadva,12 000 Ft/hó,gáz (konvektor),van,nincs megadva,,,,,,,,,,49.0,55.0,1122449,földszint,0.0,,,12000.0,,,1950-1979 (szocialista modern),892,Kőbánya - Óhegyi lakótelep,,,,"Budapest X. kerület, Kőbánya - Óhegyi lakótelep",2,0,2.0,Óhegy,Csúsztatott zsalus lakás,Lépj kapcsolatba a hirdetővel,,Ingatlaniroda,4,1968.0
35595793,elado,https://ingatlan.com/35595793,"Eladó panel lakás - Budapest X. kerület, Gyakorló utca #35595793",1106,"Budapest X. kerület, Gyakorló utca",Budapest,,,1.0,30.0,1950.0,HUF,49900000,közepes állapotú,1950 és 1980 között,összkomfortos,6,10,van,3 m-nél magasabb,nincs megadva,nincs megadva,egy helyiségben,délkelet,panorámás,2 m2,nincs megadva,nincs megadva,,nincs megadva,9 000 Ft/hó,távfűtés,nincs megadva,nincs megadva,nincs megadva,nem vett részt,,,,,,,,30.0,49.9,1663333,6,6.0,10.0,2.0,9000.0,,,1950-1979 (szocialista modern),1786,Gyakorló utca,,,,"Budapest X. kerület, Gyakorló utca",1,0,1.0,Felsőrákos,Panel lakás,Lépj kapcsolatba a hirdetővel,,Ingatlaniroda,4,1968.0
35595952,elado,https://ingatlan.com/35595952,"Eladó csúsztatott zsalus - Budapest X. kerület, Kőbánya - Óhegyi lakótelep #35595952",1103,"Budapest X. kerület, Kőbánya - Óhegyi lakótelep",Budapest,,,2.0,49.0,1950.0,HUF,55000000,közepes állapotú,1950 és 1980 között,összkomfortos,földszint,4,nincs,3 m-nél alacsonyabb,nincs,nincs megadva,külön helyiségben,északkelet,kertre néz,nincs megadva,nem,"utca, közterület - ingyenes",,nincs megadva,12 000 Ft/hó,gáz (konvektor),van,E,,,,,,,,,,49.0,55.0,1122449,földszint,0.0,4.0,,12000.0,,,1950-1979 (szocialista modern),2208,Kőbánya - Óhegyi lakótelep,,,,"Budapest X. kerület, Kőbánya - Óhegyi lakótelep",2,0,2.0,Óhegy,Csúsztatott zsalus lakás,Lépj kapcsolatba a hirdetővel,,Ingatlaniroda,4,1968.0
35596126,elado,https://ingatlan.com/35596126,"Eladó panel lakás - Budapest X. kerület, Dombtető utca #35596126",1108,"Budapest X. kerület, Dombtető utca",Budapest,,,2.0,50.0,1950.0,HUF,61000000,jó állapotú,1950 és 1980 között,összkomfortos,földszint,10,van,3 m-nél alacsonyabb,van,nem,külön helyiségben,délnyugat,utcai,3 m2,nem,"utca, közterület - ingyenes",,20 000 Ft/hó,20 000 Ft/hó,"távfűtés, hűtő-fűtő klíma",van,nincs megadva,nem tetőtéri,részt vett,,,,,,,,50.0,61.0,1220000,földszint,0.0,10.0,3.0,20000.0,20000.0,,1950-1979 (szocialista modern),1407,Dombtető utca,,,,"Budapest X. kerület, Dombtető utca",2,0,2.0,Újhegy,Panel lakás,Lépj kapcsolatba a hirdetővel,,Ingatlaniroda,2,1968.0
35596192,elado,https://ingatlan.com/35596192,"Eladó tégla lakás - Budapest X. kerület, Hölgy utca #35596192",1102,"Budapest X. kerület, Hölgy utca",Budapest,,,2.0,73.0,1950.0,HUF,69900000,felújított,1950 és 1980 között,összkomfortos,földszint,földszintes,nincs,3 m-nél magasabb,nincs megadva,igen,külön és egyben is,nincs megadva,udvari,nincs megadva,igen,"utca, közterület - ingyenes",,30 000 Ft/hó,nincs megadva,gáz (konvektor),nincs,nincs megadva,nem tetőtéri,,,,,,,,,73.0,69.9,957534,földszint,0.0,0.0,,,30000.0,,1950-1979 (szocialista modern),826,Hölgy utca,,,,"Budapest X. kerület, Hölgy utca",2,0,2.0,Ligettelek,Tégla lakás,Lépj kapcsolatba a hirdetővel,,Ingatlaniroda,4,1968.0
35596261,elado,https://ingatlan.com/35596261,"Eladó panel lakás - Budapest X. kerület, Bányató utca #35596261",1108,"Budapest X. kerület, Bányató utca",Budapest,,,2.0,50.0,1981.0,HUF,62500000,felújított,1981 és 2000 között,összkomfortos,1,10,van,nincs megadva,van,nincs megadva,külön helyiségben,nincs megadva,nincs megadva,2 m2,nincs megadva,"utca, közterület - ingyenes",,nincs megadva,nincs megadva,nincs megadva,van,nincs megadva,nem tetőtéri,részt vett,,,,,,,,50.0,62.5,1250000,1,1.0,10.0,2.0,,,,1980-1999 (késő panel/tégla),1990,Bányató utca,,,,"Budapest X. kerület, Bányató utca",2,0,2.0,Újhegy,Panel lakás,Lépj kapcsolatba a hirdetővel,,Ingatlaniroda,4,1988.0
35596322,elado,https://ingatlan.com/35596322,"Eladó tégla lakás - Budapest X. kerület, Kőbánya-Városközpont #35596322",1105,"Budapest X. kerület, Kőbánya-Városközpont",Budapest,,,1.0,43.0,1950.0,HUF,45900000,közepes állapotú,1950 és 1980 között,komfortos,1,2,nincs,3 m-nél alacsonyabb,nincs,nem,egy helyiségben,nyugat,udvari,nincs megadva,nem,"utca, közterület - ingyenes",,nincs megadva,10 990 Ft/hó,cserépkályha,nincs,nincs megadva,"legfelső emelet, nem tetőtéri",,,,,,,,,43.0,45.9,1067442,1,1.0,2.0,,10990.0,,,1950-1979 (szocialista modern),2279,Kőbánya-Városközpont,,,,"Budapest X. kerület, Kőbánya-Városközpont",1,0,1.0,Kőbánya-Városközpont,Tégla lakás,Lépj kapcsolatba a hirdetővel,,Ingatlaniroda,4,1968.0
35596353,elado,https://ingatlan.com/35596353,"Eladó panel lakás - Budapest X. kerület, Gépmadár utca 11. #35596353",1106,"Budapest X. kerület, Gépmadár utca 11.",Budapest,47.502982,19.144042,2.0,53.0,1950.0,HUF,59900000,jó állapotú,1950 és 1980 között,összkomfortos,5,10,van,3 m-nél alacsonyabb,nincs,nem,egy helyiségben,nyugat,kertre néz,4 m2,nem,"utca, közterület - ingyenes",,15 000 Ft/hó,12 000 Ft/hó,távfűtés egyedi méréssel,van - 10 cm,C,nem tetőtéri,részt vett,,,,,,,,53.0,59.9,1130189,5,5.0,10.0,4.0,12000.0,15000.0,,1950-1979 (szocialista modern),1486,Gépmadár utca,11,11,11,"Budapest X. kerület, Gépmadár utca 11.",2,0,2.0,Felsőrákos,Panel lakás,Lépj kapcsolatba a hirdetővel,,Ingatlaniroda,4,1968.0
35596419,elado,https://ingatlan.com/35596419,"Eladó tégla lakás - Budapest X. kerület, Liget utca #35596419",1102,"Budapest X. kerület, Liget utca",Budapest,,,1.0,33.0,1940.0,HUF,32900000,jó állapotú,1950 előtt,összkomfortos,földszint,földszintes,nincs,3 m-nél magasabb,nincs,nem,külön helyiségben,nincs megadva,udvari,nincs megadva,igen,"utca, közterület - fizetős övezet",,nincs megadva,nincs megadva,gáz (konvektor),nincs,nincs megadva,nem tetőtéri,,,,,,,,,33.0,32.9,996970,földszint,0.0,0.0,,,,,1950 előtt (klasszikus polgári/tégla),1829,Liget utca,,,,"Budapest X. kerület, Liget utca",1,0,1.0,Kőbánya-Városközpont,Tégla lakás,Lépj kapcsolatba a hirdetővel,,Ingatlaniroda,4,1930.0
35596587,elado,https://ingatlan.com/35596587,"Eladó tégla lakás - Budapest X. kerület, Hölgy utca #35596587",1102,"Budapest X. kerület, Hölgy utca",Budapest,,,2.0,39.0,1950.0,HUF,58500000,felújított,1950 és 1980 között,összkomfortos,földszint,földszintes,nincs,3 m-nél magasabb,nincs,nincs megadva,egy helyiségben,délkelet,udvari,6 m2,igen,"utca, közterület - ingyenes",,30 000 Ft/hó,13 500 Ft/hó,padlófűtés,nincs,nincs megadva,nem tetőtéri,,,,,,,,,39.0,58.5,1500000,földszint,0.0,0.0,6.0,13500.0,30000.0,,1950-1979 (szocialista modern),1523,Hölgy utca,,,,"Budapest X. kerület, Hölgy utca",2,0,2.0,Ligettelek,Tégla lakás,Lépj kapcsolatba a hirdetővel,,Ingatlaniroda,4,1968.0
35596769,elado,https://ingatlan.com/35596769,"Eladó tégla lakás - Budapest X. kerület, Gyógyszergyári utca #35596769",1106,"Budapest X. kerület, Gyógyszergyári utca",Budapest,,,2.0,43.0,2026.0,HUF,78900000,újszerű,2026,összkomfortos,5,7,van,3 m-nél alacsonyabb,van,nincs megadva,egy helyiségben,nyugat,panorámás,11 m2,nincs megadva,"utca, közterület - ingyenes",,nincs megadva,nincs megadva,távfűtés,nincs megadva,nincs megadva,nem tetőtéri,,,,,,,,,43.0,78.9,1834884,5,5.0,7.0,11.0,,,2026.0,2020 után (új építésű),1426,Gyógyszergyári utca,,,,"Budapest X. kerület, Gyógyszergyári utca",2,0,2.0,Felsőrákos,Tégla lakás,Lépj kapcsolatba a hirdetővel,,Ingatlaniroda,3,2026.0
35596796,elado,https://ingatlan.com/35596796,"Eladó tégla lakás - Budapest X. kerület, Harmat utca #35596796",1102,"Budapest X. kerület, Harmat utca",Budapest,,,2.0,57.0,1950.0,HUF,56900000,közepes állapotú,1950 és 1980 között,összkomfortos,1,3,nincs,3 m-nél alacsonyabb,van,nem,külön helyiségben,kelet,utcai,4 m2,nem,"utca, közterület - ingyenes",,15 000 Ft/hó,17 400 Ft/hó,"gáz (konvektor), hűtő-fűtő klíma",nincs,nincs megadva,nem tetőtéri,,,,,,,,,57.0,56.9,998246,1,1.0,3.0,4.0,17400.0,15000.0,,1950-1979 (szocialista modern),1699,Harmat utca,,,,"Budapest X. kerület, Harmat utca",2,0,2.0,Ligettelek,Tégla lakás,Lépj kapcsolatba a hirdetővel,,Ingatlaniroda,4,1968.0
35596801,elado,https://ingatlan.com/35596801,"Eladó tégla lakás - Budapest X. kerület, Kápolna utca #35596801",1103,"Budapest X. kerület, Kápolna utca",Budapest,,,2.0,46.0,2001.0,HUF,76900000,felújított,2001 és 2010 között,összkomfortos,földszint,3,nincs megadva,3 m-nél alacsonyabb,van,nincs megadva,egy helyiségben,dél,udvari,14 m2,nincs megadva,"utca, közterület - ingyenes",,nincs megadva,nincs megadva,házközponti egyedi méréssel,van,C,nincs megadva,,,,,,,,,46.0,76.9,1671739,földszint,0.0,3.0,14.0,,,,2000-2019 (újszerű),2927,Kápolna utca,,,,"Budapest X. kerület, Kápolna utca",2,0,2.0,Óhegy,Tégla lakás,Lépj kapcsolatba a hirdetővel,,Ingatlaniroda,4,2005.0
35596919,elado,https://ingatlan.com/35596919,"Eladó panel lakás - Budapest X. kerület, Kőbánya - Újhegyi lakótelep #35596919",1108,"Budapest X. kerület, Kőbánya - Újhegyi lakótelep",Budapest,,,2.0,50.0,1950.0,HUF,54900000,közepes állapotú,1950 és 1980 között,összkomfortos,7,10,van,3 m-nél alacsonyabb,van,nem,külön helyiségben,délnyugat,utcai,4 m2,nem,"utca, közterület - ingyenes",,20 000 Ft/hó,14 000 Ft/hó,távfűtés,van - 15 cm,B,nem tetőtéri,részt vett,,,,,,,,50.0,54.9,1098000,7,7.0,10.0,4.0,14000.0,20000.0,,1950-1979 (szocialista modern),1019,Kőbánya - Újhegyi lakótelep,,,,"Budapest X. kerület, Kőbánya - Újhegyi lakótelep",2,0,2.0,Újhegy,Panel lakás,Lépj kapcsolatba a hirdetővel,,Ingatlaniroda,4,1968.0
35597103,elado,https://ingatlan.com/35597103,"Eladó panel lakás - Budapest X. kerület, Hungária körút #35597103",1101,"Budapest X. kerület, Hungária körút",Budapest,,,3.0,72.0,1950.0,HUF,72000000,közepes állapotú,1950 és 1980 között,összkomfortos,4,10,van,3 m-nél alacsonyabb,van,nincs megadva,külön helyiségben,nincs megadva,utcai,3 m2,nincs megadva,nincs megadva,,nincs megadva,nincs megadva,házközponti,nincs megadva,nincs megadva,nincs megadva,nincs megadva,,,,,,,,72.0,72.0,1000000,4,4.0,10.0,3.0,,,,1950-1979 (szocialista modern),1834,Hungária körút,,,,"Budapest X. kerület, Hungária körút",3,0,3.0,Laposdűlő,Panel lakás,Lépj kapcsolatba a hirdetővel,,Ingatlaniroda,4,1968.0
35597144,elado,https://ingatlan.com/35597144,"Eladó panel lakás - Budapest X. kerület, Gőzmozdony utca #35597144",1108,"Budapest X. kerület, Gőzmozdony utca",Budapest,,,3.0,68.0,,HUF,65000000,nincs megadva,nincs megadva,nincs megadva,6,10,van,3 m-nél alacsonyabb,nincs megadva,nincs megadva,külön helyiségben,nincs megadva,panorámás,3 m2,nincs megadva,nincs megadva,,nincs megadva,nincs megadva,házközponti,nincs megadva,nincs megadva,nincs megadva,nincs megadva,,,,,,,,68.0,65.0,955882,6,6.0,10.0,3.0,,,,Nem ismert,1137,Gőzmozdony utca,,68,68,"Budapest X. kerület, Gőzmozdony utca 68.",3,0,3.0,Újhegy,Panel lakás,Lépj kapcsolatba a hirdetővel,,Ingatlaniroda,4,
35597162,elado,https://ingatlan.com/35597162,"Eladó panel lakás - Budapest X. kerület, Állomás utca #35597162",1102,"Budapest X. kerület, Állomás utca",Budapest,,,3.0,68.0,1950.0,HUF,68900000,jó állapotú,1950 és 1980 között,összkomfortos,10,10,van,3 m-nél alacsonyabb,van,igen,külön helyiségben,dél,panorámás,3 m2,nincs megadva,"utca, közterület - ingyenes",,nincs megadva,17 600 Ft/hó,"távfűtés, hűtő-fűtő klíma",nincs,C,nincs megadva,nem vett részt,,,,,,,,68.0,68.9,1013235,10,10.0,10.0,3.0,17600.0,,,1950-1979 (szocialista modern),1553,Állomás utca,,,,"Budapest X. kerület, Állomás utca",3,0,3.0,Kőbánya-Városközpont,Panel lakás,Lépj kapcsolatba a hirdetővel,,Ingatlaniroda,4,1968.0
35597194,elado,https://ingatlan.com/35597194,"Eladó panel lakás - Budapest X. kerület, Állomás utca #35597194",1102,"Budapest X. kerület, Állomás utca",Budapest,,,2.0,50.0,,HUF,53900000,közepes állapotú,nincs megadva,nincs megadva,4,10,van,nincs megadva,nincs megadva,igen,külön helyiségben,nincs megadva,nincs megadva,2 m2,nincs megadva,"utca, közterület - ingyenes",,25 000 Ft/hó,nincs megadva,távfűtés,van,nincs megadva,nem tetőtéri,nincs megadva,,,,,,,,50.0,53.9,1078000,4,4.0,10.0,2.0,,25000.0,,Nem ismert,463,Állomás utca,,,,"Budapest X. kerület, Állomás utca",2,0,2.0,Kőbánya-Városközpont,Panel lakás,Lépj kapcsolatba a hirdetővel,,Ingatlaniroda,2,
35597292,elado,https://ingatlan.com/35597292,"Eladó panel lakás - Budapest X. kerület, Agyagfejtő utca 18. #35597292",1108,"Budapest X. kerület, Agyagfejtő utca 18.",Budapest,47.470712,19.162066,3.0,68.0,,HUF,72900000,jó állapotú,nincs megadva,nincs megadva,2,10,van,nincs megadva,nincs megadva,nincs megadva,nincs megadva,nincs megadva,nincs megadva,nincs megadva,nincs megadva,nincs megadva,,nincs megadva,nincs megadva,nincs megadva,nincs megadva,A+,nem tetőtéri,nincs megadva,,,,,,,,68.0,72.9,1072059,2,2.0,10.0,,,,,Nem ismert,2635,Agyagfejtő utca,18,68,18,"Budapest X. kerület, Agyagfejtő utca 18.",3,0,3.0,Újhegy,Panel lakás,Lépj kapcsolatba a hirdetővel,,Ingatlaniroda,4,
35597444,elado,https://ingatlan.com/35597444,"Eladó panel lakás - Budapest X. kerület, Liget tér #35597444",1102,"Budapest X. kerület, Liget tér",Budapest,,,2.0,57.0,,HUF,63000000,jó állapotú,nincs megadva,komfortos,5,5,van,nincs megadva,nincs,nem,külön helyiségben,nincs megadva,utcai,nincs megadva,nincs megadva,"utca, közterület",,nincs megadva,nincs megadva,gáz (konvektor),van,nincs megadva,nincs megadva,nincs megadva,,,,,,,,57.0,63.0,1105263,5,5.0,5.0,,,,,Nem ismert,529,Liget tér,,,,"Budapest X. kerület, Liget tér",2,0,2.0,Kőbánya-Városközpont,Panel lakás,Lépj kapcsolatba a hirdetővel,,Ingatlaniroda,2,
35597497,elado,https://ingatlan.com/35597497,"Eladó panel lakás - Budapest X. kerület, Szövőszék utca 10. #35597497",1108,"Budapest X. kerület, Szövőszék utca 10.",Budapest,47.471483,19.161514,2.0,50.0,1950.0,HUF,54900000,közepes állapotú,1950 és 1980 között,összkomfortos,9,10,van,nincs megadva,nincs megadva,nincs megadva,külön helyiségben,nincs megadva,utcai,4 m2,nincs megadva,"utca, közterület - ingyenes",,nincs megadva,nincs megadva,távfűtés egyedi méréssel,van,H,nincs megadva,részt vett,,,,,,,,50.0,54.9,1098000,9,9.0,10.0,4.0,,,,1950-1979 (szocialista modern),825,Szövőszék utca,10,10,10,"Budapest X. kerület, Szövőszék utca 10.",2,0,2.0,Újhegy,Panel lakás,Lépj kapcsolatba a hirdetővel,,Ingatlaniroda,4,1968.0
35597541,elado,https://ingatlan.com/35597541,"Eladó csúsztatott zsalus - Budapest X. kerület, Kőbánya - Óhegyi lakótelep #35597541",1103,"Budapest X. kerület, Kőbánya - Óhegyi lakótelep",Budapest,,,2.0,49.0,1950.0,HUF,55000000,közepes állapotú,1950 és 1980 között,összkomfortos,földszint,10,van,3 m-nél alacsonyabb,nincs,igen,külön helyiségben,északkelet,utcai,nincs megadva,nem,"utca, közterület - ingyenes",,18 000 Ft/hó,12 000 Ft/hó,gáz (konvektor),van - 10 cm,E,,,,,,,,,,49.0,55.0,1122449,földszint,0.0,10.0,,12000.0,18000.0,,1950-1979 (szocialista modern),1674,Kőbánya - Óhegyi lakótelep,,,,"Budapest X. kerület, Kőbánya - Óhegyi lakótelep",2,0,2.0,Óhegy,Csúsztatott zsalus lakás,Lépj kapcsolatba a hirdetővel,,Ingatlaniroda,4,1968.0
35597566,elado,https://ingatlan.com/35597566,"Eladó panel lakás - Budapest X. kerület, Lenfonó utca #35597566",1108,"Budapest X. kerület, Lenfonó utca",Budapest,,,2.0,50.0,1950.0,HUF,54900000,felújítandó,1950 és 1980 között,összkomfortos,7,10,van,3 m-nél alacsonyabb,van,igen,külön helyiségben,délnyugat,panorámás,3 m2,nem,"utca, közterület - ingyenes",,nincs megadva,16 360 Ft/hó,távfűtés,van - 10 cm,B,nem tetőtéri,részt vett,,,,,,,,50.0,54.9,1098000,7,7.0,10.0,3.0,16360.0,,,1950-1979 (szocialista modern),1573,Lenfonó utca,,,,"Budapest X. kerület, Lenfonó utca",2,0,2.0,Újhegy,Panel lakás,Lépj kapcsolatba a hirdetővel,,Ingatlaniroda,4,1968.0
35597622,elado,https://ingatlan.com/35597622,"Eladó panel lakás - Budapest X. kerület, Szövőszék utca 10. #35597622",1108,"Budapest X. kerület, Szövőszék utca 10.",Budapest,47.471483,19.161514,2.0,50.0,1950.0,HUF,54900000,felújítandó,1950 és 1980 között,összkomfortos,9,10,van,3 m-nél alacsonyabb,nincs,nincs megadva,külön helyiségben,nincs megadva,panorámás,3 m2,nem,nincs megadva,,nincs megadva,nincs megadva,távfűtés,van - 10 cm,D,nem tetőtéri,részt vett,,,,,,,,50.0,54.9,1098000,9,9.0,10.0,3.0,,,,1950-1979 (szocialista modern),414,Szövőszék utca,10,10,10,"Budapest X. kerület, Szövőszék utca 10.",2,0,2.0,Újhegy,Panel lakás,Lépj kapcsolatba a hirdetővel,,Ingatlaniroda,4,1968.0
35597650,elado,https://ingatlan.com/35597650,"Eladó tégla lakás - Budapest X. kerület, Gyömrői út #35597650",1103,"Budapest X. kerület, Gyömrői út",Budapest,,,1.0,39.0,,HUF,34900000,nincs megadva,nincs megadva,nincs megadva,földszint,földszintes,nincs megadva,nincs megadva,nincs megadva,nincs megadva,egy helyiségben,nincs megadva,udvari,nincs megadva,igen,nincs megadva,,nincs megadva,nincs megadva,gáz (konvektor),nincs megadva,nincs megadva,nincs megadva,,,,,,,,,39.0,34.9,894872,földszint,0.0,0.0,,,,,Nem ismert,749,Gyömrői út,,,,"Budapest X. kerület, Gyömrői út",1,0,1.0,Óhegy,Tégla lakás,Lépj kapcsolatba a hirdetővel,,Ingatlaniroda,4,
35597696,elado,https://ingatlan.com/35597696,"Eladó tégla lakás - Budapest X. kerület, Kőbánya - Óhegy #35597696",1103,"Budapest X. kerület, Kőbánya - Óhegy",Budapest,,,2.0,53.0,1950.0,HUF,57900000,közepes állapotú,1950 és 1980 között,összkomfortos,2,4,nincs,3 m-nél alacsonyabb,nincs megadva,nincs megadva,nincs megadva,dél,nincs megadva,3 m2,nincs megadva,nincs megadva,,nincs megadva,24 997 Ft/hó,gáz (konvektor),nincs megadva,nincs megadva,nincs megadva,,,,,,,,,53.0,57.9,1092453,2,2.0,4.0,3.0,24997.0,,,1950-1979 (szocialista modern),935,Kőbánya - Óhegy,,,,"Budapest X. kerület, Kőbánya - Óhegy",2,0,2.0,Óhegy,Tégla lakás,Lépj kapcsolatba a hirdetővel,,Ingatlaniroda,4,1968.0
35597978,elado,https://ingatlan.com/35597978,"Eladó panel lakás - Budapest X. kerület, Szövőszék utca 10. #35597978",1108,"Budapest X. kerület, Szövőszék utca 10.",Budapest,47.471483,19.161514,2.0,50.0,1950.0,HUF,54900000,felújítandó,1950 és 1980 között,összkomfortos,9,10,van,3 m-nél alacsonyabb,nincs,nem,külön helyiségben,nincs megadva,utcai,4 m2,nem,"utca, közterület - ingyenes",,nincs megadva,nincs megadva,távfűtés,van - 10 cm,C,nem tetőtéri,részt vett,,,,,,,,50.0,54.9,1098000,9,9.0,10.0,4.0,,,,1950-1979 (szocialista modern),709,Szövőszék utca,10,10,10,"Budapest X. kerület, Szövőszék utca 10.",2,0,2.0,Újhegy,Panel lakás,Lépj kapcsolatba a hirdetővel,,Ingatlaniroda,4,1968.0
35598197,elado,https://ingatlan.com/35598197,"Eladó panel lakás - Budapest X. kerület, Kőbánya - Újhegyi lakótelep #35598197",1108,"Budapest X. kerület, Kőbánya - Újhegyi lakótelep",Budapest,,,3.0,68.0,1981.0,HUF,75500000,jó állapotú,1981 és 2000 között,nincs megadva,3,nincs megadva,van,3 m-nél alacsonyabb,nincs megadva,nincs megadva,nincs megadva,délnyugat,kertre néz,3 m2,nincs megadva,nincs megadva,,nincs megadva,nincs megadva,távfűtés,nincs megadva,nincs megadva,nem tetőtéri,nincs megadva,,,,,,,,68.0,75.5,1110294,3,3.0,,3.0,,,,1980-1999 (késő panel/tégla),1477,Kőbánya - Újhegyi lakótelep,,,,"Budapest X. kerület, Kőbánya - Újhegyi lakótelep",3,0,3.0,Újhegy,Panel lakás,Lépj kapcsolatba a hirdetővel,,Ingatlaniroda,4,1988.0
35598207,elado,https://ingatlan.com/35598207,"Eladó panel lakás - Budapest X. kerület, Kőbánya - Újhegyi lakótelep #35598207",1108,"Budapest X. kerület, Kőbánya - Újhegyi lakótelep",Budapest,,,2.0,50.0,1950.0,HUF,54900000,felújítandó,1950 és 1980 között,összkomfortos,7,10,van,3 m-nél alacsonyabb,van,nincs megadva,külön helyiségben,délnyugat,utcai,3 m2,nem,"utca, közterület - ingyenes",,nincs megadva,nincs megadva,távfűtés egyedi méréssel,van,nincs megadva,nem tetőtéri,nincs megadva,,,,,,,,50.0,54.9,1098000,7,7.0,10.0,3.0,,,,1950-1979 (szocialista modern),1713,Kőbánya - Újhegyi lakótelep,,,,"Budapest X. kerület, Kőbánya - Újhegyi lakótelep",2,0,2.0,Újhegy,Panel lakás,Lépj kapcsolatba a hirdetővel,,Ingatlaniroda,4,1968.0
35598232,elado,https://ingatlan.com/35598232,"Eladó tégla lakás - Budapest X. kerület, Kőér utca #35598232",1103,"Budapest X. kerület, Kőér utca",Budapest,,,1.0,25.0,,HUF,10000000,közepes állapotú,nincs megadva,nincs megadva,nincs megadva,nincs megadva,nincs megadva,nincs megadva,nincs megadva,nincs megadva,nincs megadva,nincs megadva,nincs megadva,nincs megadva,nincs megadva,nincs megadva,,nincs megadva,nincs megadva,nincs megadva,nincs megadva,nincs megadva,nincs megadva,,,,,,,,,25.0,10.0,400000,nincs megadva,,,,,,,Nem ismert,164,Kőér utca,,1,1,"Budapest X. kerület, Kőér utca 1.",1,0,1.0,Óhegy,Tégla lakás,Lépj kapcsolatba a hirdetővel,,Ingatlaniroda,2,
35598301,elado,https://ingatlan.com/35598301,"Eladó panel lakás - Budapest X. kerület, Kőbánya - Óhegy #35598301",1103,"Budapest X. kerület, Kőbánya - Óhegy",Budapest,,,3.0,56.0,1950.0,HUF,70500000,felújított,1950 és 1980 között,összkomfortos,2,5,nincs,3 m-nél alacsonyabb,nincs megadva,nincs megadva,egy helyiségben,délnyugat,kertre néz,nincs megadva,nem,"utca, közterület - ingyenes",,nincs megadva,nincs megadva,távfűtés,van,nincs megadva,nem tetőtéri,részt vett,,,,,,,,56.0,70.5,1258929,2,2.0,5.0,,,,,1950-1979 (szocialista modern),2271,Kőbánya - Óhegy,,,,"Budapest X. kerület, Kőbánya - Óhegy",3,0,3.0,Óhegy,Panel lakás,Lépj kapcsolatba a hirdetővel,,Ingatlaniroda,4,1968.0
35598319,elado,https://ingatlan.com/35598319,"Eladó panel lakás - Budapest X. kerület, Felsőrákos #35598319",1106,"Budapest X. kerület, Felsőrákos",Budapest,,,2.0,53.0,1950.0,HUF,64900000,közepes állapotú,1950 és 1980 között,összkomfortos,9,nincs megadva,van,3 m-nél alacsonyabb,nincs megadva,nincs megadva,nincs megadva,délkelet,utcai,4 m2,nincs megadva,"utca, közterület",,nincs megadva,nincs megadva,távfűtés,nincs megadva,nincs megadva,nem tetőtéri,nincs megadva,,,,,,,,53.0,64.9,1224528,9,9.0,,4.0,,,,1950-1979 (szocialista modern),2723,Felsőrákos,,,,"Budapest X. kerület, Felsőrákos",2,0,2.0,Felsőrákos,Panel lakás,Lépj kapcsolatba a hirdetővel,,Ingatlaniroda,4,1968.0
35598467,elado,https://ingatlan.com/35598467,"Eladó panel lakás - Budapest X. kerület, Kőbánya - Újhegyi lakótelep #35598467",1108,"Budapest X. kerület, Kőbánya - Újhegyi lakótelep",Budapest,,,2.0,50.0,1950.0,HUF,54900000,felújítandó,1950 és 1980 között,összkomfortos,7,nincs megadva,van,3 m-nél alacsonyabb,nincs megadva,nincs megadva,nincs megadva,délnyugat,utcai,3 m2,nincs megadva,"utca, közterület",,nincs megadva,nincs megadva,távfűtés egyedi méréssel,nincs megadva,B,nem tetőtéri,nincs megadva,,,,,,,,50.0,54.9,1098000,7,7.0,,3.0,,,,1950-1979 (szocialista modern),1588,Kőbánya - Újhegyi lakótelep,,,,"Budapest X. kerület, Kőbánya - Újhegyi lakótelep",2,0,2.0,Újhegy,Panel lakás,Lépj kapcsolatba a hirdetővel,,Ingatlaniroda,4,1968.0
35598823,elado,https://ingatlan.com/35598823,"Eladó tégla lakás - Budapest X. kerület, Noszlopy utca #35598823",1103,"Budapest X. kerület, Noszlopy utca",Budapest,,,1.0,25.0,,HUF,39900000,felújított,nincs megadva,nincs megadva,nincs megadva,földszintes,nincs megadva,nincs megadva,van,nincs megadva,egy helyiségben,délnyugat,kertre néz,25 m2,igen,udvari beálló,,nincs megadva,7 538 Ft/hó,gáz (konvektor),van - 5 cm,nincs megadva,nincs megadva,,,,,,,,,25.0,39.9,1596000,nincs megadva,,0.0,25.0,7538.0,,,Nem ismert,2247,Noszlopy utca,,,,"Budapest X. kerület, Noszlopy utca",1,0,1.0,Óhegy,Tégla lakás,Lépj kapcsolatba a hirdetővel,,Ingatlaniroda,4,
35599034,elado,https://ingatlan.com/35599034,"Eladó panel lakás - Budapest X. kerület, Kőbánya - Újhegyi lakótelep #35599034",1108,"Budapest X. kerület, Kőbánya - Újhegyi lakótelep",Budapest,,,2.0,50.0,1950.0,HUF,54900000,felújítandó,1950 és 1980 között,nincs megadva,7,nincs megadva,van,3 m-nél alacsonyabb,nincs megadva,nincs megadva,nincs megadva,délnyugat,utcai,3 m2,nincs megadva,nincs megadva,,nincs megadva,nincs megadva,távfűtés egyedi méréssel,nincs megadva,B,nem tetőtéri,nincs megadva,,,,,,,,50.0,54.9,1098000,7,7.0,,3.0,,,,1950-1979 (szocialista modern),1551,Kőbánya - Újhegyi lakótelep,,,,"Budapest X. kerület, Kőbánya - Újhegyi lakótelep",2,0,2.0,Újhegy,Panel lakás,Lépj kapcsolatba a hirdetővel,,Ingatlaniroda,4,1968.0
35599106,elado,https://ingatlan.com/35599106,"Eladó tégla lakás - Budapest X. kerület, Kőbánya-Városközpont #35599106",1105,"Budapest X. kerület, Kőbánya-Városközpont",Budapest,,,2.0,57.0,1950.0,HUF,62900000,jó állapotú,1950 és 1980 között,összkomfortos,5,6,van,3 m-nél alacsonyabb,nincs megadva,nincs megadva,nincs megadva,délkelet,kertre néz,3 m2,nincs megadva,nincs megadva,,nincs megadva,21 700 Ft/hó,házközponti egyedi méréssel,nincs megadva,nincs megadva,nincs megadva,,,,,,,,,57.0,62.9,1103509,5,5.0,6.0,3.0,21700.0,,,1950-1979 (szocialista modern),1002,Kőbánya-Városközpont,,,,"Budapest X. kerület, Kőbánya-Városközpont",2,0,2.0,Kőbánya-Városközpont,Tégla lakás,Lépj kapcsolatba a hirdetővel,,Ingatlaniroda,4,1968.0
35599178,elado,https://ingatlan.com/35599178,"Eladó panel lakás - Budapest X. kerület, Kőbánya - Újhegyi lakótelep #35599178",1108,"Budapest X. kerület, Kőbánya - Újhegyi lakótelep",Budapest,,,2.0,50.0,1950.0,HUF,54900000,közepes állapotú,1950 és 1980 között,összkomfortos,7,10,van,nincs megadva,nincs megadva,nincs megadva,külön helyiségben,nincs megadva,utcai,3 m2,nincs megadva,"utca, közterület - ingyenes",,nincs megadva,16 360 Ft/hó,távfűtés egyedi méréssel,van,nincs megadva,nincs megadva,részt vett,,,,,,,,50.0,54.9,1098000,7,7.0,10.0,3.0,16360.0,,,1950-1979 (szocialista modern),1416,Kőbánya - Újhegyi lakótelep,,,,"Budapest X. kerület, Kőbánya - Újhegyi lakótelep",2,0,2.0,Újhegy,Panel lakás,Lépj kapcsolatba a hirdetővel,,Ingatlaniroda,4,1968.0
35599200,elado,https://ingatlan.com/35599200,"Eladó tégla lakás - Budapest X. kerület, Ligettelek #35599200",1101,"Budapest X. kerület, Ligettelek",Budapest,,,1.0,45.0,2021.0,HUF,64900000,újszerű,2021,összkomfortos,1,nincs megadva,nincs,nincs megadva,van,nincs megadva,nincs megadva,nincs megadva,udvari,nincs megadva,nincs megadva,udvari beálló,,nincs megadva,8 970 Ft/hó,hőszivattyú,nincs megadva,nincs megadva,nem tetőtéri,,,,,,,,,45.0,64.9,1442222,1,1.0,,,8970.0,,2021.0,2020 után (új építésű),1058,Ligettelek,,,,"Budapest X. kerület, Ligettelek",1,0,1.0,Ligettelek,Tégla lakás,Lépj kapcsolatba a hirdetővel,,Ingatlaniroda,4,2021.0
35599332,elado,https://ingatlan.com/35599332,"Eladó panel lakás - Budapest X. kerület, Kőbánya - Újhegyi lakótelep #35599332",1108,"Budapest X. kerület, Kőbánya - Újhegyi lakótelep",Budapest,,,2.0,50.0,1950.0,HUF,54900000,közepes állapotú,1950 és 1980 között,nincs megadva,7,10,van,3 m-nél alacsonyabb,van,nincs megadva,külön helyiségben,nincs megadva,nincs megadva,3 m2,nincs megadva,nincs megadva,,nincs megadva,16 360 Ft/hó,nincs megadva,van,B,nincs megadva,részt vett,,,,,,,,50.0,54.9,1098000,7,7.0,10.0,3.0,16360.0,,,1950-1979 (szocialista modern),2487,Kőbánya - Újhegyi lakótelep,,,,"Budapest X. kerület, Kőbánya - Újhegyi lakótelep",2,0,2.0,Újhegy,Panel lakás,Lépj kapcsolatba a hirdetővel,,Ingatlaniroda,4,1968.0
35599510,elado,https://ingatlan.com/35599510,"Eladó tégla lakás - Budapest X. kerület, Kőbánya - Óhegy #35599510",1103,"Budapest X. kerület, Kőbánya - Óhegy",Budapest,,,2.0,37.0,1950.0,HUF,48800000,felújított,1950 és 1980 között,komfortos,földszint,2,nincs,3 m-nél alacsonyabb,nincs megadva,nem,egy helyiségben,északnyugat,udvari,2 m2,nem,udvari beálló - benne van az árban,,15 000 Ft/hó,20 110 Ft/hó,"gáz (konvektor), elektromos fűtőpanel",nincs,F,nem tetőtéri,,,,,,,,,37.0,48.8,1318919,földszint,0.0,2.0,2.0,20110.0,15000.0,,1950-1979 (szocialista modern),1375,Kőbánya - Óhegy,,,,"Budapest X. kerület, Kőbánya - Óhegy",2,0,2.0,Óhegy,Tégla lakás,Lépj kapcsolatba a hirdetővel,,Ingatlaniroda,4,1968.0
35599546,elado,https://ingatlan.com/35599546,"Eladó panel lakás - Budapest X. kerület, Harmat utca #35599546",1108,"Budapest X. kerület, Harmat utca",Budapest,,,2.0,54.0,1981.0,HUF,68900000,felújított,1981 és 2000 között,összkomfortos,7,10,van,3 m-nél alacsonyabb,van,nem,külön helyiségben,délnyugat,panorámás,4 m2,nem,"utca, közterület - ingyenes",,20 000 Ft/hó,13 300 Ft/hó,"távfűtés, hűtő-fűtő klíma",nincs,nincs megadva,nem tetőtéri,nem vett részt,,,,,,,,54.0,68.9,1275926,7,7.0,10.0,4.0,13300.0,20000.0,,1980-1999 (késő panel/tégla),1666,Harmat utca,,,,"Budapest X. kerület, Harmat utca",2,0,2.0,Újhegy,Panel lakás,Lépj kapcsolatba a hirdetővel,,Ingatlaniroda,4,1988.0
35599659,elado,https://ingatlan.com/35599659,"Eladó panel lakás - Budapest X. kerület, Kőbánya - Óhegy #35599659",1103,"Budapest X. kerület, Kőbánya - Óhegy",Budapest,,,3.0,62.0,1981.0,HUF,62500000,közepes állapotú,1981 és 2000 között,összkomfortos,3,4,nincs,3 m-nél alacsonyabb,nincs megadva,nem,nincs megadva,délnyugat,kertre néz,1 m2,nem,"utca, közterület",,20 000 Ft/hó,nincs megadva,távfűtés egyedi méréssel,nincs megadva,E,nem tetőtéri,nincs megadva,,,,,,,,62.0,62.5,1008065,3,3.0,4.0,1.0,,20000.0,,1980-1999 (késő panel/tégla),3647,Kőbánya - Óhegy,,,,"Budapest X. kerület, Kőbánya - Óhegy",3,0,3.0,Óhegy,Panel lakás,Lépj kapcsolatba a hirdetővel,,Ingatlaniroda,4,1988.0
35599662,elado,https://ingatlan.com/35599662,"Eladó panel lakás - Budapest X. kerület, Kőbánya - Óhegy #35599662",1103,"Budapest X. kerület, Kőbánya - Óhegy",Budapest,,,3.0,62.0,1981.0,HUF,62500000,közepes állapotú,1981 és 2000 között,összkomfortos,3,4,nincs,3 m-nél alacsonyabb,nincs megadva,nem,nincs megadva,délnyugat,kertre néz,1 m2,nem,"utca, közterület",,20 000 Ft/hó,nincs megadva,távfűtés egyedi méréssel,nincs megadva,E,nem tetőtéri,nincs megadva,,,,,,,,62.0,62.5,1008065,3,3.0,4.0,1.0,,20000.0,,1980-1999 (késő panel/tégla),3647,Kőbánya - Óhegy,,,,"Budapest X. kerület, Kőbánya - Óhegy",3,0,3.0,Óhegy,Panel lakás,Lépj kapcsolatba a hirdetővel,,Ingatlaniroda,4,1988.0
35599802,elado,https://ingatlan.com/35599802,"Eladó panel lakás - Budapest X. kerület, Kőbánya - Újhegyi lakótelep #35599802",1108,"Budapest X. kerület, Kőbánya - Újhegyi lakótelep",Budapest,,,3.0,68.0,1950.0,HUF,74390000,jó állapotú,1950 és 1980 között,összkomfortos,2,10,nincs megadva,3 m-nél alacsonyabb,nincs megadva,nincs megadva,külön helyiségben,nincs megadva,utcai,3 m2,nem,"utca, közterület",,nincs megadva,nincs megadva,távfűtés,van,A+,nem tetőtéri,részt vett,,,,,,,,68.0,74.39,1093971,2,2.0,10.0,3.0,,,,1950-1979 (szocialista modern),1830,Kőbánya - Újhegyi lakótelep,,,,"Budapest X. kerület, Kőbánya - Újhegyi lakótelep",3,0,3.0,Újhegy,Panel lakás,Lépj kapcsolatba a hirdetővel,,Ingatlaniroda,4,1968.0
35599855,elado,https://ingatlan.com/35599855,"Eladó tégla lakás - Budapest X. kerület, Mádi utca #35599855",1105,"Budapest X. kerület, Mádi utca",Budapest,,,2.0,45.0,2001.0,HUF,61900000,jó állapotú,2001 és 2010 között,összkomfortos,4,5,van,nincs megadva,nincs,igen,külön helyiségben,kelet,nincs megadva,3 m2,nincs megadva,teremgarázs hely - kötelező megvenni,6 MFt,nincs megadva,32 000 Ft/hó,házközponti,van,nincs megadva,nincs megadva,,,,,,,,,45.0,61.9,1375556,4,4.0,5.0,3.0,32000.0,,,2000-2019 (újszerű),2079,Mádi utca,,,,"Budapest X. kerület, Mádi utca",2,0,2.0,Óhegy,Tégla lakás,Lépj kapcsolatba a hirdetővel,,Ingatlaniroda,4,2005.0
35599868,elado,https://ingatlan.com/35599868,"Eladó tégla lakás - Budapest X. kerület, Gyárdűlő #35599868",1107,"Budapest X. kerület, Gyárdűlő",Budapest,,,3.0,71.0,2023.0,HUF,141900000,újszerű,2023,duplakomfortos,7,7,van,3 m-nél alacsonyabb,van,nincs megadva,külön és egyben is,északkelet,kertre néz,11.19 m2,nincs megadva,teremgarázs hely - megvásárolható,8 MFt,nincs megadva,nincs megadva,házközponti egyedi méréssel,nincs megadva,nincs megadva,nincs megadva,,,,,,,,,71.0,141.9,1998592,7,7.0,7.0,11.19,,,2023.0,2020 után (új építésű),1092,Gyárdűlő,,,,"Budapest X. kerület, Gyárdűlő",3,0,3.0,Gyárdűlő,Tégla lakás,Lépj kapcsolatba a hirdetővel,,Ingatlaniroda,4,2023.0
35599899,elado,https://ingatlan.com/35599899,"Eladó tégla lakás - Budapest X. kerület, Sörgyár utca #35599899",1104,"Budapest X. kerület, Sörgyár utca",Budapest,,,1.0,33.0,,HUF,48900000,jó állapotú,nincs megadva,összkomfortos,földszint,3,nincs megadva,3 m-nél alacsonyabb,van,nem,egy helyiségben,nyugat,kertre néz,2 m2,nincs megadva,udvari beálló,,nincs megadva,11 800 Ft/hó,gázkazán,nincs megadva,nincs megadva,nincs megadva,,,,,,,,,33.0,48.9,1481818,földszint,0.0,3.0,2.0,11800.0,,,Nem ismert,1771,Sörgyár utca,,,,"Budapest X. kerület, Sörgyár utca",1,0,1.0,Óhegy,Tégla lakás,Lépj kapcsolatba a hirdetővel,,Ingatlaniroda,4,
35600225,elado,https://ingatlan.com/35600225,"Eladó tégla lakás - Budapest X. kerület, Rottenbiller park #35600225",1105,"Budapest X. kerület, Rottenbiller park",Budapest,,,3.0,57.0,1981.0,HUF,69900000,felújított,1981 és 2000 között,összkomfortos,7,8,van,3 m-nél alacsonyabb,van,nincs megadva,nincs megadva,délkelet,panorámás,4 m2,nincs megadva,"utca, közterület - ingyenes",,nincs megadva,15 000 Ft/hó,távfűtés egyedi méréssel,nincs megadva,E,nincs megadva,,,,,,,,,57.0,69.9,1226316,7,7.0,8.0,4.0,15000.0,,,1980-1999 (késő panel/tégla),2499,Rottenbiller park,,,,"Budapest X. kerület, Rottenbiller park",3,0,3.0,Kőbánya-Városközpont,Tégla lakás,Lépj kapcsolatba a hirdetővel,,Ingatlaniroda,4,1988.0
35600325,elado,https://ingatlan.com/35600325,"Eladó panel lakás - Budapest X. kerület, Dombtető utca #35600325",1108,"Budapest X. kerület, Dombtető utca",Budapest,,,3.0,68.0,1950.0,HUF,62900000,felújítandó,1950 és 1980 között,összkomfortos,9,10,van,3 m-nél alacsonyabb,van,nem,külön helyiségben,délkelet,panorámás,4 m2,nem,"utca, közterület - ingyenes",,nincs megadva,18 700 Ft/hó,"távfűtés, hűtő-fűtő klíma",van,B,nem tetőtéri,nem vett részt,,,,,,,,68.0,62.9,925000,9,9.0,10.0,4.0,18700.0,,,1950-1979 (szocialista modern),3610,Dombtető utca,,9,9,"Budapest X. kerület, Dombtető utca 9.",3,0,3.0,Újhegy,Panel lakás,Lépj kapcsolatba a hirdetővel,,Ingatlaniroda,4,1968.0
35600549,elado,https://ingatlan.com/35600549,"Eladó panel lakás - Budapest X. kerület, Ihász köz #35600549",1105,"Budapest X. kerület, Ihász köz",Budapest,,,2.0,49.0,1981.0,HUF,69200000,felújított,1981 és 2000 között,összkomfortos,3,10,van,3 m-nél alacsonyabb,nincs megadva,nem,nincs megadva,délnyugat,panorámás,nincs megadva,nem,"utca, közterület",,nincs megadva,nincs megadva,távfűtés egyedi méréssel,nincs megadva,C,nem tetőtéri,nincs megadva,,,,,,,,49.0,69.2,1412245,3,3.0,10.0,,,,,1980-1999 (késő panel/tégla),1841,Ihász köz,,,,"Budapest X. kerület, Ihász köz",2,0,2.0,Óhegy,Panel lakás,Lépj kapcsolatba a hirdetővel,,Ingatlaniroda,4,1988.0
35600692,elado,https://ingatlan.com/35600692,"Eladó tégla lakás - Budapest X. kerület, Endre utca #35600692",1102,"Budapest X. kerület, Endre utca",Budapest,,,3.0,63.0,1940.0,HUF,65000000,jó állapotú,1950 előtt,összkomfortos,1,4,nincs,3 m-nél magasabb,van,nincs megadva,külön helyiségben,dél,kertre néz,nincs megadva,nincs megadva,"utca, közterület - ingyenes",,nincs megadva,19 790 Ft/hó,nincs megadva,nincs megadva,nincs megadva,nincs megadva,,,,,,,,,63.0,65.0,1031746,1,1.0,4.0,,19790.0,,,1950 előtt (klasszikus polgári/tégla),1943,Endre utca,,,,"Budapest X. kerület, Endre utca",3,0,3.0,Ligettelek,Tégla lakás,Lépj kapcsolatba a hirdetővel,,Ingatlaniroda,4,1930.0
35600789,elado,https://ingatlan.com/35600789,"Eladó panel lakás - Budapest X. kerület, Kőbánya - Újhegyi lakótelep #35600789",1108,"Budapest X. kerület, Kőbánya - Újhegyi lakótelep",Budapest,,,2.0,50.0,1950.0,HUF,54900000,felújítandó,1950 és 1980 között,összkomfortos,7,10,van,3 m-nél alacsonyabb,nincs megadva,nincs megadva,nincs megadva,délnyugat,panorámás,3 m2,nincs megadva,nincs megadva,,nincs megadva,nincs megadva,távfűtés egyedi méréssel,van,nincs megadva,nincs megadva,részt vett,,,,,,,,50.0,54.9,1098000,7,7.0,10.0,3.0,,,,1950-1979 (szocialista modern),1573,Kőbánya - Újhegyi lakótelep,,,,"Budapest X. kerület, Kőbánya - Újhegyi lakótelep",2,0,2.0,Újhegy,Panel lakás,Lépj kapcsolatba a hirdetővel,,Ingatlaniroda,4,1968.0
35600810,elado,https://ingatlan.com/35600810,"Eladó panel lakás - Budapest X. kerület, Ihász köz #35600810",1105,"Budapest X. kerület, Ihász köz",Budapest,,,2.0,49.0,1981.0,HUF,69200000,felújított,1981 és 2000 között,összkomfortos,2,10,van,3 m-nél alacsonyabb,van,nincs megadva,egy helyiségben,délnyugat,nincs megadva,6 m2,nem,"utca, közterület - ingyenes",,27 000 Ft/hó,11 000 Ft/hó,"távfűtés egyedi méréssel, hűtő-fűtő klíma",van,C,nincs megadva,nincs megadva,,,,,,,,49.0,69.2,1412245,2,2.0,10.0,6.0,11000.0,27000.0,,1980-1999 (késő panel/tégla),1550,Ihász köz,,,,"Budapest X. kerület, Ihász köz",2,0,2.0,Óhegy,Panel lakás,Lépj kapcsolatba a hirdetővel,,Ingatlaniroda,4,1988.0
35600905,elado,https://ingatlan.com/35600905,"Eladó tégla lakás - Budapest X. kerület, Kőbánya-Városközpont #35600905",1105,"Budapest X. kerület, Kőbánya-Városközpont",Budapest,,,3.0,91.0,1950.0,HUF,99900000,felújított,1950 és 1980 között,komfortos,4,4,nincs,3 m-nél magasabb,van,nincs megadva,külön és egyben is,kelet,nincs megadva,26 m2,nincs megadva,"utca, közterület",,32 000 Ft/hó,nincs megadva,gázkazán,nincs megadva,nincs megadva,nincs megadva,,,,,,,,,91.0,99.9,1097802,4,4.0,4.0,26.0,,32000.0,,1950-1979 (szocialista modern),1187,Kőbánya-Városközpont,,,,"Budapest X. kerület, Kőbánya-Városközpont",3,0,3.0,Kőbánya-Városközpont,Tégla lakás,Lépj kapcsolatba a hirdetővel,,Ingatlaniroda,4,1968.0
35601091,elado,https://ingatlan.com/35601091,"Eladó panel lakás - Budapest X. kerület, Kőbánya - Újhegyi lakótelep #35601091",1108,"Budapest X. kerület, Kőbánya - Újhegyi lakótelep",Budapest,,,2.0,50.0,1950.0,HUF,54900000,felújítandó,1950 és 1980 között,nincs megadva,7,nincs megadva,van,3 m-nél alacsonyabb,nincs megadva,nincs megadva,nincs megadva,délnyugat,utcai,3 m2,nincs megadva,nincs megadva,,nincs megadva,nincs megadva,távfűtés egyedi méréssel,nincs megadva,nincs megadva,nem tetőtéri,nincs megadva,,,,,,,,50.0,54.9,1098000,7,7.0,,3.0,,,,1950-1979 (szocialista modern),1670,Kőbánya - Újhegyi lakótelep,,,,"Budapest X. kerület, Kőbánya - Újhegyi lakótelep",2,0,2.0,Újhegy,Panel lakás,Lépj kapcsolatba a hirdetővel,,Ingatlaniroda,4,1968.0
35601160,elado,https://ingatlan.com/35601160,"Eladó tégla lakás - Budapest X. kerület, Laposdűlő #35601160",1101,"Budapest X. kerület, Laposdűlő",Budapest,,,2.0,49.0,1950.0,HUF,64900000,felújítandó,1950 és 1980 között,nincs megadva,félemelet,4,nincs megadva,3 m-nél alacsonyabb,nincs megadva,nincs megadva,egy helyiségben,kelet,utcai,nincs megadva,igen,önálló garázs - benne van az árban,,nincs megadva,nincs megadva,cserépkályha,nincs megadva,nincs megadva,nincs megadva,,,,,,,,,49.0,64.9,1324490,félemelet,0.5,4.0,,,,,1950-1979 (szocialista modern),1303,Laposdűlő,,,,"Budapest X. kerület, Laposdűlő",2,0,2.0,Laposdűlő,Tégla lakás,Lépj kapcsolatba a hirdetővel,,Ingatlaniroda,4,1968.0
35601223,elado,https://ingatlan.com/35601223,"Eladó panel lakás - Budapest X. kerület, Gépmadár utca #35601223",1106,"Budapest X. kerület, Gépmadár utca",Budapest,,,2.0,53.0,1981.0,HUF,65900000,jó állapotú,1981 és 2000 között,összkomfortos,földszint,nincs megadva,van,3 m-nél alacsonyabb,van,igen,nincs megadva,kelet,udvari,nincs megadva,nincs megadva,"utca, közterület",,nincs megadva,15 000 Ft/hó,házközponti egyedi méréssel,van,nincs megadva,nem tetőtéri,nincs megadva,,,,,,,,53.0,65.9,1243396,földszint,0.0,,,15000.0,,,1980-1999 (késő panel/tégla),2083,Gépmadár utca,,,,"Budapest X. kerület, Gépmadár utca",2,0,2.0,Felsőrákos,Panel lakás,Lépj kapcsolatba a hirdetővel,,Ingatlaniroda,4,1988.0
35601496,elado,https://ingatlan.com/35601496,"Eladó tégla lakás - Budapest X. kerület, Szállás utca #35601496",1107,"Budapest X. kerület, Szállás utca",Budapest,,,2.0,45.0,,HUF,48490000,közepes állapotú,nincs megadva,komfortos,2,3,nincs,nincs megadva,nincs megadva,nincs megadva,egy helyiségben,nincs megadva,kertre néz,nincs megadva,nincs megadva,nincs megadva,,nincs megadva,nincs megadva,gáz (konvektor),nincs megadva,nincs megadva,"legfelső emelet, nem tetőtéri",,,,,,,,,45.0,48.49,1077556,2,2.0,3.0,,,,,Nem ismert,580,Szállás utca,,48,48,"Budapest X. kerület, Szállás utca 48.",2,0,2.0,Gyárdűlő,Tégla lakás,Lépj kapcsolatba a hirdetővel,,Ingatlaniroda,4,
35601601,elado,https://ingatlan.com/35601601,"Eladó tégla lakás - Budapest X. kerület, Ligettelek #35601601",1101,"Budapest X. kerület, Ligettelek",Budapest,,,1.0,45.0,2021.0,HUF,64900000,újszerű,2021,összkomfortos,1,nincs megadva,nincs,3 m-nél alacsonyabb,van,nincs megadva,külön helyiségben,nincs megadva,udvari,nincs megadva,nincs megadva,udvari beálló - benne van az árban,,nincs megadva,8 970 Ft/hó,hőszivattyú,van,nincs megadva,nem tetőtéri,,,,,,,,,45.0,64.9,1442222,1,1.0,,,8970.0,,2021.0,2020 után (új építésű),1161,Ligettelek,,,,"Budapest X. kerület, Ligettelek",1,0,1.0,Ligettelek,Tégla lakás,Lépj kapcsolatba a hirdetővel,,Ingatlaniroda,4,2021.0
35601635,elado,https://ingatlan.com/35601635,"Eladó tégla lakás - Budapest X. kerület, Ligettelek #35601635",1101,"Budapest X. kerület, Ligettelek",Budapest,,,2.0,54.0,1950.0,HUF,56900000,közepes állapotú,1950 és 1980 között,összkomfortos,3,nincs megadva,nincs,nincs megadva,nincs megadva,nincs megadva,nincs megadva,nincs megadva,utcai,nincs megadva,nincs megadva,nincs megadva,,nincs megadva,19 180 Ft/hó,távfűtés,nincs megadva,nincs megadva,nem tetőtéri,,,,,,,,,54.0,56.9,1053704,3,3.0,,,19180.0,,,1950-1979 (szocialista modern),2931,Ligettelek,,,,"Budapest X. kerület, Ligettelek",2,0,2.0,Ligettelek,Tégla lakás,Lépj kapcsolatba a hirdetővel,,Ingatlaniroda,4,1968.0
35601642,elado,https://ingatlan.com/35601642,"Eladó tégla lakás - Budapest X. kerület, Tavas utca 11. #35601642",1108,"Budapest X. kerület, Tavas utca 11.",Budapest,47.469764,19.166789,2.0,44.0,2026.0,HUF,69900000,nincs megadva,2026,összkomfortos,földszint,5,van,3 m-nél alacsonyabb,van,nincs megadva,külön helyiségben,délnyugat,kertre néz,15 m2,igen,udvari beálló - megvásárolható,3 MFt,nincs megadva,nincs megadva,"hőszivattyú, padlófűtés, fan-coil",van - 18 cm,A+,nem tetőtéri,,,,,,,,,44.0,69.9,1588636,földszint,0.0,5.0,15.0,,,2026.0,2020 után (új építésű),2489,Tavas utca,11,21,11,"Budapest X. kerület, Tavas utca 11.",2,0,2.0,Újhegy,Tégla lakás,Lépj kapcsolatba a hirdetővel,,Ingatlaniroda,4,2026.0
35601832,elado,https://ingatlan.com/35601832,"Eladó tégla lakás - Budapest X. kerület, Harmat utca #35601832",1104,"Budapest X. kerület, Harmat utca",Budapest,,,1.0,41.0,1950.0,HUF,49000000,felújított,1950 és 1980 között,összkomfortos,földszint,4,nincs,3 m-nél alacsonyabb,nincs,igen,külön helyiségben,nincs megadva,utcai,nincs megadva,nincs megadva,"utca, közterület - ingyenes",,nincs megadva,12 500 Ft/hó,gáz (konvektor),nincs,nincs megadva,nem tetőtéri,,,,,,,,,41.0,49.0,1195122,földszint,0.0,4.0,,12500.0,,,1950-1979 (szocialista modern),124,Harmat utca,,,,"Budapest X. kerület, Harmat utca",1,0,1.0,Óhegy,Tégla lakás,Lépj kapcsolatba a hirdetővel,,Ingatlaniroda,2,1968.0
35601902,elado,https://ingatlan.com/35601902,"Eladó panel lakás - Budapest X. kerület, Gőzmozdony utca #35601902",1108,"Budapest X. kerület, Gőzmozdony utca",Budapest,,,2.0,55.0,,HUF,55490000,felújítandó,nincs megadva,összkomfortos,6,10,van,3 m-nél alacsonyabb,nincs megadva,nincs megadva,külön helyiségben,nyugat,panorámás,3 m2,nincs megadva,"utca, közterület",,nincs megadva,nincs megadva,távfűtés,nincs megadva,nincs megadva,nincs megadva,nincs megadva,,,,,,,,55.0,55.49,1008909,6,6.0,10.0,3.0,,,,Nem ismert,989,Gőzmozdony utca,,,,"Budapest X. kerület, Gőzmozdony utca",2,0,2.0,Újhegy,Panel lakás,Lépj kapcsolatba a hirdetővel,,Ingatlaniroda,4,
35601992,elado,https://ingatlan.com/35601992,"Eladó panel lakás - Budapest X. kerület, Lenfonó utca #35601992",1108,"Budapest X. kerület, Lenfonó utca",Budapest,,,2.0,50.0,1950.0,HUF,54900000,közepes állapotú,1950 és 1980 között,összkomfortos,7,több mint 10,van,3 m-nél alacsonyabb,van,igen,külön helyiségben,délnyugat,utcai,3 m2,nem,"utca, közterület",,30 000 Ft/hó,16 660 Ft/hó,távfűtés,van - 10 cm,B,nem tetőtéri,részt vett,,,,,,,,50.0,54.9,1098000,7,7.0,10.0,3.0,16660.0,30000.0,,1950-1979 (szocialista modern),1393,Lenfonó utca,,,,"Budapest X. kerület, Lenfonó utca",2,0,2.0,Újhegy,Panel lakás,Lépj kapcsolatba a hirdetővel,,Ingatlaniroda,4,1968.0
35602142,elado,https://ingatlan.com/35602142,"Eladó panel lakás - Budapest X. kerület, Harmat utca 176. #35602142",1108,"Budapest X. kerület, Harmat utca 176.",Budapest,47.472795,19.1623,2.0,54.0,1981.0,HUF,68900000,felújított,1981 és 2000 között,összkomfortos,7,10,van,3 m-nél alacsonyabb,van,nem,külön helyiségben,délnyugat,panorámás,4 m2,nem,"utca, közterület - ingyenes",,20 000 Ft/hó,13 300 Ft/hó,"távfűtés, hűtő-fűtő klíma",nincs megadva,nincs megadva,nem tetőtéri,nem vett részt,,,,,,,,54.0,68.9,1275926,7,7.0,10.0,4.0,13300.0,20000.0,,1980-1999 (késő panel/tégla),1254,Harmat utca,176,,176,"Budapest X. kerület, Harmat utca 176.",2,0,2.0,Újhegy,Panel lakás,Lépj kapcsolatba a hirdetővel,,Ingatlaniroda,4,1988.0
